
Sat Apr  4 11:27:29 CEST 2026
cd /out/sourcedata/freesurfer/sub-v1s12x0050109_ses-1
setenv SUBJECTS_DIR /out/sourcedata/freesurfer
/opt/freesurfer/bin/recon-all -autorecon1 -i /work/fmriprep_25_2_wf/sub_v1s12x0050109_ses_1_wf/anat_fit_wf/anat_validate/sub-v1s12x0050109_ses-1_T1w_noise_corrected_ras_valid.nii.gz -noskullstrip -noT2pial -noFLAIRpial -openmp 16 -subjid sub-v1s12x0050109_ses-1 -sd /out/sourcedata/freesurfer

subjid sub-v1s12x0050109_ses-1
setenv SUBJECTS_DIR /out/sourcedata/freesurfer
FREESURFER_HOME /opt/freesurfer
Actual FREESURFER_HOME /opt/freesurfer
build-stamp.txt: freesurfer-linux-ubuntu22_x86_64-7.3.2-20220804-6354275
Linux dna070 5.14.0-427.37.1.el9_4.x86_64 #1 SMP PREEMPT_DYNAMIC Fri Sep 13 12:41:50 EDT 2024 x86_64 x86_64 x86_64 GNU/Linux
cputime      unlimited
filesize     unlimited
datasize     unlimited
stacksize    8192 kbytes
coredumpsize 0 kbytes
memoryuse    67108864 kbytes
vmemoryuse   unlimited
descriptors  1024 
memorylocked unlimited
maxproc      2061970 
maxlocks     unlimited
maxsignal    2062029 
maxmessage   819200 
maxnice      0 
maxrtprio    0 
maxrttime    unlimited

               total        used        free      shared  buff/cache   available
Mem:           503Gi        43Gi       292Gi        16Gi       167Gi       440Gi
Swap:             0B          0B          0B

########################################
program versions used
7.3.2 (freesurfer-linux-ubuntu22_x86_64-7.3.2-20220804-6354275)
7.3.2

ProgramName: lta_convert  ProgramArguments: lta_convert -all-info  ProgramVersion: 7.3.2  TimeStamp: 2026/04/04-09:27:29-GMT  BuildTime: Aug  4 2022 06:17:15  BuildStamp: freesurfer-linux-ubuntu22_x86_64-7.3.2-20220804-6354275  User: oesteban  Machine: dna070  Platform: Linux  PlatformVersion: 5.14.0-427.37.1.el9_4.x86_64  CompilerName: GCC  CompilerVersion: 8.4.0
ProgramName: mri_and  ProgramArguments: mri_and -all-info  ProgramVersion: 7.3.2  TimeStamp: 2026/04/04-09:27:29-GMT  BuildTime: Aug  4 2022 06:17:15  BuildStamp: freesurfer-linux-ubuntu22_x86_64-7.3.2-20220804-6354275  User: oesteban  Machine: dna070  Platform: Linux  PlatformVersion: 5.14.0-427.37.1.el9_4.x86_64  CompilerName: GCC  CompilerVersion: 8.4.0
ProgramName: mri_annotation2label  ProgramArguments: mri_annotation2label -all-info  ProgramVersion: 7.3.2  TimeStamp: 2026/04/04-09:27:29-GMT  BuildTime: Aug  4 2022 06:17:15  BuildStamp: freesurfer-linux-ubuntu22_x86_64-7.3.2-20220804-6354275  User: oesteban  Machine: dna070  Platform: Linux  PlatformVersion: 5.14.0-427.37.1.el9_4.x86_64  CompilerName: GCC  CompilerVersion: 8.4.0
ProgramName: mri_aparc2aseg  ProgramArguments: mri_aparc2aseg -all-info  ProgramVersion: 7.3.2  TimeStamp: 2026/04/04-09:27:29-GMT  BuildTime: Aug  4 2022 06:17:15  BuildStamp: freesurfer-linux-ubuntu22_x86_64-7.3.2-20220804-6354275  User: oesteban  Machine: dna070  Platform: Linux  PlatformVersion: 5.14.0-427.37.1.el9_4.x86_64  CompilerName: GCC  CompilerVersion: 8.4.0
ProgramName: mri_surf2volseg  ProgramArguments: mri_surf2volseg -all-info  ProgramVersion: 7.3.2  TimeStamp: 2026/04/04-09:27:29-GMT  BuildTime: Aug  4 2022 06:17:15  BuildStamp: freesurfer-linux-ubuntu22_x86_64-7.3.2-20220804-6354275  User: oesteban  Machine: dna070  Platform: Linux  PlatformVersion: 5.14.0-427.37.1.el9_4.x86_64  CompilerName: GCC  CompilerVersion: 8.4.0
ProgramName: mri_binarize  ProgramArguments: mri_binarize -all-info  ProgramVersion: 7.3.2  TimeStamp: 2026/04/04-09:27:29-GMT  BuildTime: Aug  4 2022 06:17:15  BuildStamp: freesurfer-linux-ubuntu22_x86_64-7.3.2-20220804-6354275  User: oesteban  Machine: dna070  Platform: Linux  PlatformVersion: 5.14.0-427.37.1.el9_4.x86_64  CompilerName: GCC  CompilerVersion: 8.4.0
ProgramName: mri_ca_label  ProgramArguments: mri_ca_label -all-info  ProgramVersion: 7.3.2  TimeStamp: 2026/04/04-09:27:29-GMT  BuildTime: Aug  4 2022 06:17:15  BuildStamp: freesurfer-linux-ubuntu22_x86_64-7.3.2-20220804-6354275  User: oesteban  Machine: dna070  Platform: Linux  PlatformVersion: 5.14.0-427.37.1.el9_4.x86_64  CompilerName: GCC  CompilerVersion: 8.4.0
ProgramName: mri_ca_normalize  ProgramArguments: mri_ca_normalize -all-info  ProgramVersion: 7.3.2  TimeStamp: 2026/04/04-09:27:29-GMT  BuildTime: Aug  4 2022 06:17:15  BuildStamp: freesurfer-linux-ubuntu22_x86_64-7.3.2-20220804-6354275  User: oesteban  Machine: dna070  Platform: Linux  PlatformVersion: 5.14.0-427.37.1.el9_4.x86_64  CompilerName: GCC  CompilerVersion: 8.4.0
ProgramName: mri_ca_register  ProgramArguments: mri_ca_register -all-info  ProgramVersion: 7.3.2  TimeStamp: 2026/04/04-09:27:29-GMT  BuildTime: Aug  4 2022 06:17:15  BuildStamp: freesurfer-linux-ubuntu22_x86_64-7.3.2-20220804-6354275  User: oesteban  Machine: dna070  Platform: Linux  PlatformVersion: 5.14.0-427.37.1.el9_4.x86_64  CompilerName: GCC  CompilerVersion: 8.4.0
ProgramName: mri_cc  ProgramArguments: mri_cc -all-info  ProgramVersion: 7.3.2  TimeStamp: 2026/04/04-09:27:29-GMT  BuildTime: Aug  4 2022 06:17:15  BuildStamp: freesurfer-linux-ubuntu22_x86_64-7.3.2-20220804-6354275  User: oesteban  Machine: dna070  Platform: Linux  PlatformVersion: 5.14.0-427.37.1.el9_4.x86_64  CompilerName: GCC  CompilerVersion: 8.4.0
ProgramName: mri_compute_overlap  ProgramArguments: mri_compute_overlap -all-info  ProgramVersion: 7.3.2  TimeStamp: 2026/04/04-09:27:29-GMT  BuildTime: Aug  4 2022 06:17:15  BuildStamp: freesurfer-linux-ubuntu22_x86_64-7.3.2-20220804-6354275  User: oesteban  Machine: dna070  Platform: Linux  PlatformVersion: 5.14.0-427.37.1.el9_4.x86_64  CompilerName: GCC  CompilerVersion: 8.4.0
ProgramName: mri_compute_seg_overlap  ProgramArguments: mri_compute_seg_overlap -all-info  ProgramVersion: 7.3.2  TimeStamp: 2026/04/04-09:27:29-GMT  BuildTime: Aug  4 2022 06:17:15  BuildStamp: freesurfer-linux-ubuntu22_x86_64-7.3.2-20220804-6354275  User: oesteban  Machine: dna070  Platform: Linux  PlatformVersion: 5.14.0-427.37.1.el9_4.x86_64  CompilerName: GCC  CompilerVersion: 8.4.0
ProgramName: mri_concat  ProgramArguments: mri_concat -all-info  ProgramVersion: 7.3.2  TimeStamp: 2026/04/04-09:27:29-GMT  BuildTime: Aug  4 2022 06:17:15  BuildStamp: freesurfer-linux-ubuntu22_x86_64-7.3.2-20220804-6354275  User: oesteban  Machine: dna070  Platform: Linux  PlatformVersion: 5.14.0-427.37.1.el9_4.x86_64  CompilerName: GCC  CompilerVersion: 8.4.0
ProgramName: mri_concatenate_lta  ProgramArguments: mri_concatenate_lta -all-info  ProgramVersion: 7.3.2  TimeStamp: 2026/04/04-09:27:29-GMT  BuildTime: Aug  4 2022 06:17:15  BuildStamp: freesurfer-linux-ubuntu22_x86_64-7.3.2-20220804-6354275  User: oesteban  Machine: dna070  Platform: Linux  PlatformVersion: 5.14.0-427.37.1.el9_4.x86_64  CompilerName: GCC  CompilerVersion: 8.4.0
mri_convert -all-info 
ProgramName: mri_convert  ProgramArguments: mri_convert -all-info  ProgramVersion: 7.3.2  TimeStamp: 2026/04/04-09:27:29-GMT  BuildTime: Aug  4 2022 06:17:15  BuildStamp: freesurfer-linux-ubuntu22_x86_64-7.3.2-20220804-6354275  User: oesteban  Machine: dna070  Platform: Linux  PlatformVersion: 5.14.0-427.37.1.el9_4.x86_64  CompilerName: GCC  CompilerVersion: 8.4.0
ProgramName: mri_diff  ProgramArguments: mri_diff -all-info  ProgramVersion: 7.3.2  TimeStamp: 2026/04/04-09:27:29-GMT  BuildTime: Aug  4 2022 06:17:15  BuildStamp: freesurfer-linux-ubuntu22_x86_64-7.3.2-20220804-6354275  User: oesteban  Machine: dna070  Platform: Linux  PlatformVersion: 5.14.0-427.37.1.el9_4.x86_64  CompilerName: GCC  CompilerVersion: 8.4.0
ProgramName: mri_edit_wm_with_aseg  ProgramArguments: mri_edit_wm_with_aseg -all-info  ProgramVersion: 7.3.2  TimeStamp: 2026/04/04-09:27:29-GMT  BuildTime: Aug  4 2022 06:17:15  BuildStamp: freesurfer-linux-ubuntu22_x86_64-7.3.2-20220804-6354275  User: oesteban  Machine: dna070  Platform: Linux  PlatformVersion: 5.14.0-427.37.1.el9_4.x86_64  CompilerName: GCC  CompilerVersion: 8.4.0
ProgramName: mri_em_register  ProgramArguments: mri_em_register -all-info  ProgramVersion: 7.3.2  TimeStamp: 2026/04/04-09:27:29-GMT  BuildTime: Aug  4 2022 06:17:15  BuildStamp: freesurfer-linux-ubuntu22_x86_64-7.3.2-20220804-6354275  User: oesteban  Machine: dna070  Platform: Linux  PlatformVersion: 5.14.0-427.37.1.el9_4.x86_64  CompilerName: GCC  CompilerVersion: 8.4.0
ProgramName: mri_fill  ProgramArguments: mri_fill -all-info  ProgramVersion: 7.3.2  TimeStamp: 2026/04/04-09:27:29-GMT  BuildTime: Aug  4 2022 06:17:15  BuildStamp: freesurfer-linux-ubuntu22_x86_64-7.3.2-20220804-6354275  User: oesteban  Machine: dna070  Platform: Linux  PlatformVersion: 5.14.0-427.37.1.el9_4.x86_64  CompilerName: GCC  CompilerVersion: 8.4.0
ProgramName: mri_fuse_segmentations  ProgramArguments: mri_fuse_segmentations -all-info  ProgramVersion: 7.3.2  TimeStamp: 2026/04/04-09:27:29-GMT  BuildTime: Aug  4 2022 06:17:15  BuildStamp: freesurfer-linux-ubuntu22_x86_64-7.3.2-20220804-6354275  User: oesteban  Machine: dna070  Platform: Linux  PlatformVersion: 5.14.0-427.37.1.el9_4.x86_64  CompilerName: GCC  CompilerVersion: 8.4.0
ProgramName: mri_fwhm  ProgramArguments: mri_fwhm -all-info  ProgramVersion: 7.3.2  TimeStamp: 2026/04/04-09:27:29-GMT  BuildTime: Aug  4 2022 06:17:15  BuildStamp: freesurfer-linux-ubuntu22_x86_64-7.3.2-20220804-6354275  User: oesteban  Machine: dna070  Platform: Linux  PlatformVersion: 5.14.0-427.37.1.el9_4.x86_64  CompilerName: GCC  CompilerVersion: 8.4.0
ProgramName: mri_gcut  ProgramArguments: mri_gcut -all-info  ProgramVersion: 7.3.2  TimeStamp: 2026/04/04-09:27:29-GMT  BuildTime: Aug  4 2022 06:17:15  BuildStamp: freesurfer-linux-ubuntu22_x86_64-7.3.2-20220804-6354275  User: oesteban  Machine: dna070  Platform: Linux  PlatformVersion: 5.14.0-427.37.1.el9_4.x86_64  CompilerName: GCC  CompilerVersion: 8.4.0
ProgramName: mri_info  ProgramArguments: mri_info -all-info  ProgramVersion: 7.3.2  TimeStamp: 2026/04/04-09:27:29-GMT  BuildTime: Aug  4 2022 06:17:15  BuildStamp: freesurfer-linux-ubuntu22_x86_64-7.3.2-20220804-6354275  User: oesteban  Machine: dna070  Platform: Linux  PlatformVersion: 5.14.0-427.37.1.el9_4.x86_64  CompilerName: GCC  CompilerVersion: 8.4.0
ProgramName: mri_label2label  ProgramArguments: mri_label2label -all-info  ProgramVersion: 7.3.2  TimeStamp: 2026/04/04-09:27:29-GMT  BuildTime: Aug  4 2022 06:17:15  BuildStamp: freesurfer-linux-ubuntu22_x86_64-7.3.2-20220804-6354275  User: oesteban  Machine: dna070  Platform: Linux  PlatformVersion: 5.14.0-427.37.1.el9_4.x86_64  CompilerName: GCC  CompilerVersion: 8.4.0
ProgramName: mri_label2vol  ProgramArguments: mri_label2vol -all-info  ProgramVersion: 7.3.2  TimeStamp: 2026/04/04-09:27:29-GMT  BuildTime: Aug  4 2022 06:17:15  BuildStamp: freesurfer-linux-ubuntu22_x86_64-7.3.2-20220804-6354275  User: oesteban  Machine: dna070  Platform: Linux  PlatformVersion: 5.14.0-427.37.1.el9_4.x86_64  CompilerName: GCC  CompilerVersion: 8.4.0
ProgramName: mri_log_likelihood  ProgramArguments: mri_log_likelihood -all-info  ProgramVersion: 7.3.2  TimeStamp: 2026/04/04-09:27:29-GMT  BuildTime: Aug  4 2022 06:17:15  BuildStamp: freesurfer-linux-ubuntu22_x86_64-7.3.2-20220804-6354275  User: oesteban  Machine: dna070  Platform: Linux  PlatformVersion: 5.14.0-427.37.1.el9_4.x86_64  CompilerName: GCC  CompilerVersion: 8.4.0
ProgramName: mri_mask  ProgramArguments: mri_mask -all-info  ProgramVersion: 7.3.2  TimeStamp: 2026/04/04-09:27:29-GMT  BuildTime: Aug  4 2022 06:17:15  BuildStamp: freesurfer-linux-ubuntu22_x86_64-7.3.2-20220804-6354275  User: oesteban  Machine: dna070  Platform: Linux  PlatformVersion: 5.14.0-427.37.1.el9_4.x86_64  CompilerName: GCC  CompilerVersion: 8.4.0
ProgramName: mri_matrix_multiply  ProgramArguments: mri_matrix_multiply -all-info  ProgramVersion: 7.3.2  TimeStamp: 2026/04/04-09:27:29-GMT  BuildTime: Aug  4 2022 06:17:15  BuildStamp: freesurfer-linux-ubuntu22_x86_64-7.3.2-20220804-6354275  User: oesteban  Machine: dna070  Platform: Linux  PlatformVersion: 5.14.0-427.37.1.el9_4.x86_64  CompilerName: GCC  CompilerVersion: 8.4.0
ProgramName: mri_normalize  ProgramArguments: mri_normalize -all-info  ProgramVersion: 7.3.2  TimeStamp: 2026/04/04-09:27:29-GMT  BuildTime: Aug  4 2022 06:17:15  BuildStamp: freesurfer-linux-ubuntu22_x86_64-7.3.2-20220804-6354275  User: oesteban  Machine: dna070  Platform: Linux  PlatformVersion: 5.14.0-427.37.1.el9_4.x86_64  CompilerName: GCC  CompilerVersion: 8.4.0
ProgramName: mri_normalize_tp2  ProgramArguments: mri_normalize_tp2 -all-info  ProgramVersion: 7.3.2  TimeStamp: 2026/04/04-09:27:29-GMT  BuildTime: Aug  4 2022 06:17:15  BuildStamp: freesurfer-linux-ubuntu22_x86_64-7.3.2-20220804-6354275  User: oesteban  Machine: dna070  Platform: Linux  PlatformVersion: 5.14.0-427.37.1.el9_4.x86_64  CompilerName: GCC  CompilerVersion: 8.4.0
ProgramName: mri_or  ProgramArguments: mri_or -all-info  ProgramVersion: 7.3.2  TimeStamp: 2026/04/04-09:27:29-GMT  BuildTime: Aug  4 2022 06:17:15  BuildStamp: freesurfer-linux-ubuntu22_x86_64-7.3.2-20220804-6354275  User: oesteban  Machine: dna070  Platform: Linux  PlatformVersion: 5.14.0-427.37.1.el9_4.x86_64  CompilerName: GCC  CompilerVersion: 8.4.0
ProgramName: mri_relabel_hypointensities  ProgramArguments: mri_relabel_hypointensities -all-info  ProgramVersion: 7.3.2  TimeStamp: 2026/04/04-09:27:29-GMT  BuildTime: Aug  4 2022 06:17:15  BuildStamp: freesurfer-linux-ubuntu22_x86_64-7.3.2-20220804-6354275  User: oesteban  Machine: dna070  Platform: Linux  PlatformVersion: 5.14.0-427.37.1.el9_4.x86_64  CompilerName: GCC  CompilerVersion: 8.4.0
ProgramName: mri_relabel_nonwm_hypos  ProgramArguments: mri_relabel_nonwm_hypos -all-info  ProgramVersion: 7.3.2  TimeStamp: 2026/04/04-09:27:29-GMT  BuildTime: Aug  4 2022 06:17:15  BuildStamp: freesurfer-linux-ubuntu22_x86_64-7.3.2-20220804-6354275  User: oesteban  Machine: dna070  Platform: Linux  PlatformVersion: 5.14.0-427.37.1.el9_4.x86_64  CompilerName: GCC  CompilerVersion: 8.4.0
ProgramName: mri_remove_neck  ProgramArguments: mri_remove_neck -all-info  ProgramVersion: 7.3.2  TimeStamp: 2026/04/04-09:27:29-GMT  BuildTime: Aug  4 2022 06:17:15  BuildStamp: freesurfer-linux-ubuntu22_x86_64-7.3.2-20220804-6354275  User: oesteban  Machine: dna070  Platform: Linux  PlatformVersion: 5.14.0-427.37.1.el9_4.x86_64  CompilerName: GCC  CompilerVersion: 8.4.0
7.3.2

ProgramName: mri_robust_register  ProgramArguments: mri_robust_register -all-info  ProgramVersion: 7.3.2  TimeStamp: 2026/04/04-09:27:29-GMT  BuildTime: Aug  4 2022 06:17:15  BuildStamp: freesurfer-linux-ubuntu22_x86_64-7.3.2-20220804-6354275  User: oesteban  Machine: dna070  Platform: Linux  PlatformVersion: 5.14.0-427.37.1.el9_4.x86_64  CompilerName: GCC  CompilerVersion: 8.4.0
7.3.2

ProgramName: mri_robust_template  ProgramArguments: mri_robust_template -all-info  ProgramVersion: 7.3.2  TimeStamp: 2026/04/04-09:27:29-GMT  BuildTime: Aug  4 2022 06:17:15  BuildStamp: freesurfer-linux-ubuntu22_x86_64-7.3.2-20220804-6354275  User: oesteban  Machine: dna070  Platform: Linux  PlatformVersion: 5.14.0-427.37.1.el9_4.x86_64  CompilerName: GCC  CompilerVersion: 8.4.0
ProgramName: mris_anatomical_stats  ProgramArguments: mris_anatomical_stats -all-info  ProgramVersion: 7.3.2  TimeStamp: 2026/04/04-09:27:29-GMT  BuildTime: Aug  4 2022 06:17:15  BuildStamp: freesurfer-linux-ubuntu22_x86_64-7.3.2-20220804-6354275  User: oesteban  Machine: dna070  Platform: Linux  PlatformVersion: 5.14.0-427.37.1.el9_4.x86_64  CompilerName: GCC  CompilerVersion: 8.4.0
ProgramName: mris_ca_label  ProgramArguments: mris_ca_label -all-info  ProgramVersion: 7.3.2  TimeStamp: 2026/04/04-09:27:29-GMT  BuildTime: Aug  4 2022 06:17:15  BuildStamp: freesurfer-linux-ubuntu22_x86_64-7.3.2-20220804-6354275  User: oesteban  Machine: dna070  Platform: Linux  PlatformVersion: 5.14.0-427.37.1.el9_4.x86_64  CompilerName: GCC  CompilerVersion: 8.4.0
ProgramName: mris_calc  ProgramArguments: mris_calc -all-info  ProgramVersion: 7.3.2  TimeStamp: 2026/04/04-09:27:29-GMT  BuildTime: Aug  4 2022 06:17:15  BuildStamp: freesurfer-linux-ubuntu22_x86_64-7.3.2-20220804-6354275  User: oesteban  Machine: dna070  Platform: Linux  PlatformVersion: 5.14.0-427.37.1.el9_4.x86_64  CompilerName: GCC  CompilerVersion: 8.4.0
ProgramName: mris_convert  ProgramArguments: mris_convert -all-info  ProgramVersion: 7.3.2  TimeStamp: 2026/04/04-09:27:29-GMT  BuildTime: Aug  4 2022 06:17:15  BuildStamp: freesurfer-linux-ubuntu22_x86_64-7.3.2-20220804-6354275  User: oesteban  Machine: dna070  Platform: Linux  PlatformVersion: 5.14.0-427.37.1.el9_4.x86_64  CompilerName: GCC  CompilerVersion: 8.4.0
ProgramName: mris_curvature  ProgramArguments: mris_curvature -all-info  ProgramVersion: 7.3.2  TimeStamp: 2026/04/04-09:27:29-GMT  BuildTime: Aug  4 2022 06:17:15  BuildStamp: freesurfer-linux-ubuntu22_x86_64-7.3.2-20220804-6354275  User: oesteban  Machine: dna070  Platform: Linux  PlatformVersion: 5.14.0-427.37.1.el9_4.x86_64  CompilerName: GCC  CompilerVersion: 8.4.0
ProgramName: mris_curvature_stats  ProgramArguments: mris_curvature_stats -all-info  ProgramVersion: 7.3.2  TimeStamp: 2026/04/04-09:27:29-GMT  BuildTime: Aug  4 2022 06:17:15  BuildStamp: freesurfer-linux-ubuntu22_x86_64-7.3.2-20220804-6354275  User: oesteban  Machine: dna070  Platform: Linux  PlatformVersion: 5.14.0-427.37.1.el9_4.x86_64  CompilerName: GCC  CompilerVersion: 8.4.0
ProgramName: mris_diff  ProgramArguments: mris_diff -all-info  ProgramVersion: 7.3.2  TimeStamp: 2026/04/04-09:27:29-GMT  BuildTime: Aug  4 2022 06:17:15  BuildStamp: freesurfer-linux-ubuntu22_x86_64-7.3.2-20220804-6354275  User: oesteban  Machine: dna070  Platform: Linux  PlatformVersion: 5.14.0-427.37.1.el9_4.x86_64  CompilerName: GCC  CompilerVersion: 8.4.0
ProgramName: mris_divide_parcellation  ProgramArguments: mris_divide_parcellation -all-info  ProgramVersion: 7.3.2  TimeStamp: 2026/04/04-09:27:29-GMT  BuildTime: Aug  4 2022 06:17:15  BuildStamp: freesurfer-linux-ubuntu22_x86_64-7.3.2-20220804-6354275  User: oesteban  Machine: dna070  Platform: Linux  PlatformVersion: 5.14.0-427.37.1.el9_4.x86_64  CompilerName: GCC  CompilerVersion: 8.4.0
ProgramName: mri_segment  ProgramArguments: mri_segment -all-info  ProgramVersion: 7.3.2  TimeStamp: 2026/04/04-09:27:29-GMT  BuildTime: Aug  4 2022 06:17:15  BuildStamp: freesurfer-linux-ubuntu22_x86_64-7.3.2-20220804-6354275  User: oesteban  Machine: dna070  Platform: Linux  PlatformVersion: 5.14.0-427.37.1.el9_4.x86_64  CompilerName: GCC  CompilerVersion: 8.4.0
ProgramName: mri_segstats  ProgramArguments: mri_segstats -all-info  ProgramVersion: 7.3.2  TimeStamp: 2026/04/04-09:27:29-GMT  BuildTime: Aug  4 2022 06:17:15  BuildStamp: freesurfer-linux-ubuntu22_x86_64-7.3.2-20220804-6354275  User: oesteban  Machine: dna070  Platform: Linux  PlatformVersion: 5.14.0-427.37.1.el9_4.x86_64  CompilerName: GCC  CompilerVersion: 8.4.0
ProgramName: mris_euler_number  ProgramArguments: mris_euler_number -all-info  ProgramVersion: 7.3.2  TimeStamp: 2026/04/04-09:27:29-GMT  BuildTime: Aug  4 2022 06:17:15  BuildStamp: freesurfer-linux-ubuntu22_x86_64-7.3.2-20220804-6354275  User: oesteban  Machine: dna070  Platform: Linux  PlatformVersion: 5.14.0-427.37.1.el9_4.x86_64  CompilerName: GCC  CompilerVersion: 8.4.0
ProgramName: mris_fix_topology  ProgramArguments: mris_fix_topology -all-info  ProgramVersion: 7.3.2  TimeStamp: 2026/04/04-09:27:29-GMT  BuildTime: Aug  4 2022 06:17:15  BuildStamp: freesurfer-linux-ubuntu22_x86_64-7.3.2-20220804-6354275  User: oesteban  Machine: dna070  Platform: Linux  PlatformVersion: 5.14.0-427.37.1.el9_4.x86_64  CompilerName: GCC  CompilerVersion: 8.4.0
ProgramName: mris_topo_fixer  ProgramArguments: mris_topo_fixer -all-info  ProgramVersion: 7.3.2  TimeStamp: 2026/04/04-09:27:29-GMT  BuildTime: Aug  4 2022 06:17:15  BuildStamp: freesurfer-linux-ubuntu22_x86_64-7.3.2-20220804-6354275  User: oesteban  Machine: dna070  Platform: Linux  PlatformVersion: 5.14.0-427.37.1.el9_4.x86_64  CompilerName: GCC  CompilerVersion: 8.4.0
ProgramName: mris_jacobian  ProgramArguments: mris_jacobian -all-info  ProgramVersion: 7.3.2  TimeStamp: 2026/04/04-09:27:30-GMT  BuildTime: Aug  4 2022 06:17:15  BuildStamp: freesurfer-linux-ubuntu22_x86_64-7.3.2-20220804-6354275  User: oesteban  Machine: dna070  Platform: Linux  PlatformVersion: 5.14.0-427.37.1.el9_4.x86_64  CompilerName: GCC  CompilerVersion: 8.4.0
ProgramName: mris_label2annot  ProgramArguments: mris_label2annot -all-info  ProgramVersion: 7.3.2  TimeStamp: 2026/04/04-09:27:30-GMT  BuildTime: Aug  4 2022 06:17:15  BuildStamp: freesurfer-linux-ubuntu22_x86_64-7.3.2-20220804-6354275  User: oesteban  Machine: dna070  Platform: Linux  PlatformVersion: 5.14.0-427.37.1.el9_4.x86_64  CompilerName: GCC  CompilerVersion: 8.4.0
ProgramName: mris_left_right_register  ProgramArguments: mris_left_right_register -all-info  ProgramVersion: 7.3.2  TimeStamp: 2026/04/04-09:27:30-GMT  BuildTime: Aug  4 2022 06:17:15  BuildStamp: freesurfer-linux-ubuntu22_x86_64-7.3.2-20220804-6354275  User: oesteban  Machine: dna070  Platform: Linux  PlatformVersion: 5.14.0-427.37.1.el9_4.x86_64  CompilerName: GCC  CompilerVersion: 8.4.0
ProgramName: mris_place_surface  ProgramArguments: mris_place_surface -all-info  ProgramVersion: 7.3.2  TimeStamp: 2026/04/04-09:27:30-GMT  BuildTime: Aug  4 2022 06:17:15  BuildStamp: freesurfer-linux-ubuntu22_x86_64-7.3.2-20220804-6354275  User: oesteban  Machine: dna070  Platform: Linux  PlatformVersion: 5.14.0-427.37.1.el9_4.x86_64  CompilerName: GCC  CompilerVersion: 8.4.0
ProgramName: mrisp_paint  ProgramArguments: mrisp_paint -all-info  ProgramVersion: 7.3.2  TimeStamp: 2026/04/04-09:27:30-GMT  BuildTime: Aug  4 2022 06:17:15  BuildStamp: freesurfer-linux-ubuntu22_x86_64-7.3.2-20220804-6354275  User: oesteban  Machine: dna070  Platform: Linux  PlatformVersion: 5.14.0-427.37.1.el9_4.x86_64  CompilerName: GCC  CompilerVersion: 8.4.0
ProgramName: mris_register  ProgramArguments: mris_register -all-info  ProgramVersion: 7.3.2  TimeStamp: 2026/04/04-09:27:30-GMT  BuildTime: Aug  4 2022 06:17:15  BuildStamp: freesurfer-linux-ubuntu22_x86_64-7.3.2-20220804-6354275  User: oesteban  Machine: dna070  Platform: Linux  PlatformVersion: 5.14.0-427.37.1.el9_4.x86_64  CompilerName: GCC  CompilerVersion: 8.4.0
ProgramName: mris_smooth  ProgramArguments: mris_smooth -all-info  ProgramVersion: 7.3.2  TimeStamp: 2026/04/04-09:27:30-GMT  BuildTime: Aug  4 2022 06:17:15  BuildStamp: freesurfer-linux-ubuntu22_x86_64-7.3.2-20220804-6354275  User: oesteban  Machine: dna070  Platform: Linux  PlatformVersion: 5.14.0-427.37.1.el9_4.x86_64  CompilerName: GCC  CompilerVersion: 8.4.0
ProgramName: mris_sphere  ProgramArguments: mris_sphere -all-info  ProgramVersion: 7.3.2  TimeStamp: 2026/04/04-09:27:30-GMT  BuildTime: Aug  4 2022 06:17:15  BuildStamp: freesurfer-linux-ubuntu22_x86_64-7.3.2-20220804-6354275  User: oesteban  Machine: dna070  Platform: Linux  PlatformVersion: 5.14.0-427.37.1.el9_4.x86_64  CompilerName: GCC  CompilerVersion: 8.4.0
ProgramName: mris_surface_stats  ProgramArguments: mris_surface_stats -all-info  ProgramVersion: 7.3.2  TimeStamp: 2026/04/04-09:27:30-GMT  BuildTime: Aug  4 2022 06:17:15  BuildStamp: freesurfer-linux-ubuntu22_x86_64-7.3.2-20220804-6354275  User: oesteban  Machine: dna070  Platform: Linux  PlatformVersion: 5.14.0-427.37.1.el9_4.x86_64  CompilerName: GCC  CompilerVersion: 8.4.0
ProgramName: mri_stats2seg  ProgramArguments: mri_stats2seg -all-info  ProgramVersion: 7.3.2  TimeStamp: 2026/04/04-09:27:30-GMT  BuildTime: Aug  4 2022 06:17:15  BuildStamp: freesurfer-linux-ubuntu22_x86_64-7.3.2-20220804-6354275  User: oesteban  Machine: dna070  Platform: Linux  PlatformVersion: 5.14.0-427.37.1.el9_4.x86_64  CompilerName: GCC  CompilerVersion: 8.4.0
ProgramName: mris_thickness  ProgramArguments: mris_thickness -all-info  ProgramVersion: 7.3.2  TimeStamp: 2026/04/04-09:27:30-GMT  BuildTime: Aug  4 2022 06:17:15  BuildStamp: freesurfer-linux-ubuntu22_x86_64-7.3.2-20220804-6354275  User: oesteban  Machine: dna070  Platform: Linux  PlatformVersion: 5.14.0-427.37.1.el9_4.x86_64  CompilerName: GCC  CompilerVersion: 8.4.0
ProgramName: mris_thickness_diff  ProgramArguments: mris_thickness_diff -all-info  ProgramVersion: 7.3.2  TimeStamp: 2026/04/04-09:27:30-GMT  BuildTime: Aug  4 2022 06:17:15  BuildStamp: freesurfer-linux-ubuntu22_x86_64-7.3.2-20220804-6354275  User: oesteban  Machine: dna070  Platform: Linux  PlatformVersion: 5.14.0-427.37.1.el9_4.x86_64  CompilerName: GCC  CompilerVersion: 8.4.0
ProgramName: mris_topo_fixer  ProgramArguments: mris_topo_fixer -all-info  ProgramVersion: 7.3.2  TimeStamp: 2026/04/04-09:27:30-GMT  BuildTime: Aug  4 2022 06:17:15  BuildStamp: freesurfer-linux-ubuntu22_x86_64-7.3.2-20220804-6354275  User: oesteban  Machine: dna070  Platform: Linux  PlatformVersion: 5.14.0-427.37.1.el9_4.x86_64  CompilerName: GCC  CompilerVersion: 8.4.0
ProgramName: mri_surf2surf  ProgramArguments: mri_surf2surf -all-info  ProgramVersion: 7.3.2  TimeStamp: 2026/04/04-09:27:30-GMT  BuildTime: Aug  4 2022 06:17:15  BuildStamp: freesurfer-linux-ubuntu22_x86_64-7.3.2-20220804-6354275  User: oesteban  Machine: dna070  Platform: Linux  PlatformVersion: 5.14.0-427.37.1.el9_4.x86_64  CompilerName: GCC  CompilerVersion: 8.4.0
ProgramName: mri_surf2vol  ProgramArguments: mri_surf2vol -all-info  ProgramVersion: 7.3.2  TimeStamp: 2026/04/04-09:27:30-GMT  BuildTime: Aug  4 2022 06:17:15  BuildStamp: freesurfer-linux-ubuntu22_x86_64-7.3.2-20220804-6354275  User: oesteban  Machine: dna070  Platform: Linux  PlatformVersion: 5.14.0-427.37.1.el9_4.x86_64  CompilerName: GCC  CompilerVersion: 8.4.0
ProgramName: mri_surfcluster  ProgramArguments: mri_surfcluster -all-info  ProgramVersion: 7.3.2  TimeStamp: 2026/04/04-09:27:30-GMT  BuildTime: Aug  4 2022 06:17:15  BuildStamp: freesurfer-linux-ubuntu22_x86_64-7.3.2-20220804-6354275  User: oesteban  Machine: dna070  Platform: Linux  PlatformVersion: 5.14.0-427.37.1.el9_4.x86_64  CompilerName: GCC  CompilerVersion: 8.4.0
ProgramName: mris_volmask  ProgramArguments: mris_volmask -all-info  ProgramVersion: 7.3.2  TimeStamp: 2026/04/04-09:27:30-GMT  BuildTime: Aug  4 2022 06:17:15  BuildStamp: freesurfer-linux-ubuntu22_x86_64-7.3.2-20220804-6354275  User: oesteban  Machine: dna070  Platform: Linux  PlatformVersion: 5.14.0-427.37.1.el9_4.x86_64  CompilerName: GCC  CompilerVersion: 8.4.0
ProgramName: mri_tessellate  ProgramArguments: mri_tessellate -all-info  ProgramVersion: 7.3.2  TimeStamp: 2026/04/04-09:27:30-GMT  BuildTime: Aug  4 2022 06:17:15  BuildStamp: freesurfer-linux-ubuntu22_x86_64-7.3.2-20220804-6354275  User: oesteban  Machine: dna070  Platform: Linux  PlatformVersion: 5.14.0-427.37.1.el9_4.x86_64  CompilerName: GCC  CompilerVersion: 8.4.0
ProgramName: mri_vol2surf  ProgramArguments: mri_vol2surf -all-info  ProgramVersion: 7.3.2  TimeStamp: 2026/04/04-09:27:30-GMT  BuildTime: Aug  4 2022 06:17:15  BuildStamp: freesurfer-linux-ubuntu22_x86_64-7.3.2-20220804-6354275  User: oesteban  Machine: dna070  Platform: Linux  PlatformVersion: 5.14.0-427.37.1.el9_4.x86_64  CompilerName: GCC  CompilerVersion: 8.4.0
ProgramName: mri_vol2vol  ProgramArguments: mri_vol2vol -all-info  ProgramVersion: 7.3.2  TimeStamp: 2026/04/04-09:27:30-GMT  BuildTime: Aug  4 2022 06:17:15  BuildStamp: freesurfer-linux-ubuntu22_x86_64-7.3.2-20220804-6354275  User: oesteban  Machine: dna070  Platform: Linux  PlatformVersion: 5.14.0-427.37.1.el9_4.x86_64  CompilerName: GCC  CompilerVersion: 8.4.0
ProgramName: mri_voldiff  ProgramArguments: mri_voldiff -all-info  ProgramVersion: 7.3.2  TimeStamp: 2026/04/04-09:27:30-GMT  BuildTime: Aug  4 2022 06:17:15  BuildStamp: freesurfer-linux-ubuntu22_x86_64-7.3.2-20220804-6354275  User: oesteban  Machine: dna070  Platform: Linux  PlatformVersion: 5.14.0-427.37.1.el9_4.x86_64  CompilerName: GCC  CompilerVersion: 8.4.0
ProgramName: mri_watershed  ProgramArguments: mri_watershed -all-info  ProgramVersion: 7.3.2  TimeStamp: 2026/04/04-09:27:30-GMT  BuildTime: Aug  4 2022 06:17:15  BuildStamp: freesurfer-linux-ubuntu22_x86_64-7.3.2-20220804-6354275  User: oesteban  Machine: dna070  Platform: Linux  PlatformVersion: 5.14.0-427.37.1.el9_4.x86_64  CompilerName: GCC  CompilerVersion: 8.4.0
ProgramName: tkregister2  ProgramArguments: tkregister2_cmdl -all-info  ProgramVersion: 7.3.2  TimeStamp: 2026/04/04-09:27:30-GMT  BuildTime: Aug  4 2022 06:17:15  BuildStamp: freesurfer-linux-ubuntu22_x86_64-7.3.2-20220804-6354275  User: oesteban  Machine: dna070  Platform: Linux  PlatformVersion: 5.14.0-427.37.1.el9_4.x86_64  CompilerName: GCC  CompilerVersion: 8.4.0
mri_motion_correct.fsl 7.3.2
mri_convert -all-info 
ProgramName: mri_convert  ProgramArguments: mri_convert -all-info  ProgramVersion: 7.3.2  TimeStamp: 2026/04/04-09:27:30-GMT  BuildTime: Aug  4 2022 06:17:15  BuildStamp: freesurfer-linux-ubuntu22_x86_64-7.3.2-20220804-6354275  User: oesteban  Machine: dna070  Platform: Linux  PlatformVersion: 5.14.0-427.37.1.el9_4.x86_64  CompilerName: GCC  CompilerVersion: 8.4.0
Program nu_correct, built from:
Package MNI N3, version 1.12.0, compiled by nicks@terrier (x86_64-unknown-linux-gnu) on 2015-06-19 at 01:25:34
#######################################
GCADIR /opt/freesurfer/average
GCA RB_all_2020-01-02.gca
GCASkull RB_all_withskull_2020_01_02.gca
AvgCurvTif folding.atlas.acfb40.noaparc.i12.2016-08-02.tif
GCSDIR /opt/freesurfer/average
GCS DKaparc.atlas.acfb40.noaparc.i12.2016-08-02.gcs
#######################################
/out/sourcedata/freesurfer/sub-v1s12x0050109_ses-1

 mri_convert /work/fmriprep_25_2_wf/sub_v1s12x0050109_ses_1_wf/anat_fit_wf/anat_validate/sub-v1s12x0050109_ses-1_T1w_noise_corrected_ras_valid.nii.gz /out/sourcedata/freesurfer/sub-v1s12x0050109_ses-1/mri/orig/001.mgz 

mri_convert /work/fmriprep_25_2_wf/sub_v1s12x0050109_ses_1_wf/anat_fit_wf/anat_validate/sub-v1s12x0050109_ses-1_T1w_noise_corrected_ras_valid.nii.gz /out/sourcedata/freesurfer/sub-v1s12x0050109_ses-1/mri/orig/001.mgz 
reading from /work/fmriprep_25_2_wf/sub_v1s12x0050109_ses_1_wf/anat_fit_wf/anat_validate/sub-v1s12x0050109_ses-1_T1w_noise_corrected_ras_valid.nii.gz...
TR=0.00, TE=0.00, TI=0.00, flip angle=0.00
i_ras = (0.999994, 0, 0.00349065)
j_ras = (0, 1, 0)
k_ras = (-0.00349065, 0, 0.999994)
writing to /out/sourcedata/freesurfer/sub-v1s12x0050109_ses-1/mri/orig/001.mgz...
#--------------------------------------------
#@# MotionCor Sat Apr  4 11:27:31 CEST 2026
Found 1 runs
/out/sourcedata/freesurfer/sub-v1s12x0050109_ses-1/mri/orig/001.mgz
Checking for (invalid) multi-frame inputs...
Only one run found so motion
correction will not be performed. I'll
copy the run to rawavg and continue.

 cp /out/sourcedata/freesurfer/sub-v1s12x0050109_ses-1/mri/orig/001.mgz /out/sourcedata/freesurfer/sub-v1s12x0050109_ses-1/mri/rawavg.mgz 


 mri_info /out/sourcedata/freesurfer/sub-v1s12x0050109_ses-1/mri/rawavg.mgz 

rawavg.mgz ========================================
Volume information for /out/sourcedata/freesurfer/sub-v1s12x0050109_ses-1/mri/rawavg.mgz
          type: MGH
    dimensions: 208 x 256 x 176
   voxel sizes: 1.000000, 1.000000, 1.000000
          type: FLOAT (3)
           fov: 256.000
           dof: 1
        xstart: -104.0, xend: 104.0
        ystart: -128.0, yend: 128.0
        zstart: -88.0, zend: 88.0
            TR: 0.00 msec, TE: 0.00 msec, TI: 0.00 msec, flip angle: 0.00 degrees
       nframes: 1
       PhEncDir: UNKNOWN
       FieldStrength: 0.000000
ras xform present
    xform info: x_r =   1.0000, y_r =   0.0000, z_r =  -0.0035, c_r =     1.7246
              : x_a =   0.0000, y_a =   1.0000, z_a =   0.0000, c_a =    -4.8111
              : x_s =   0.0035, y_s =   0.0000, z_s =   1.0000, c_s =   -18.3827

talairach xfm : 
Orientation   : RAS
Primary Slice Direction: axial

voxel to ras transform:
                1.0000   0.0000  -0.0035  -101.9676
                0.0000   1.0000   0.0000  -132.8111
                0.0035   0.0000   1.0000  -106.7452
                0.0000   0.0000   0.0000     1.0000

voxel-to-ras determinant 1

ras to voxel transform:
                1.0000   0.0000   0.0035   102.3395
                0.0000   1.0000   0.0000   132.8111
               -0.0035   0.0000   1.0000   106.3886
                0.0000   0.0000   0.0000     1.0000
/out/sourcedata/freesurfer/sub-v1s12x0050109_ses-1

 mri_convert /out/sourcedata/freesurfer/sub-v1s12x0050109_ses-1/mri/rawavg.mgz /out/sourcedata/freesurfer/sub-v1s12x0050109_ses-1/mri/orig.mgz --conform 

mri_convert /out/sourcedata/freesurfer/sub-v1s12x0050109_ses-1/mri/rawavg.mgz /out/sourcedata/freesurfer/sub-v1s12x0050109_ses-1/mri/orig.mgz --conform 
reading from /out/sourcedata/freesurfer/sub-v1s12x0050109_ses-1/mri/rawavg.mgz...
TR=0.00, TE=0.00, TI=0.00, flip angle=0.00
i_ras = (0.999994, 0, 0.00349065)
j_ras = (0, 1, 0)
k_ras = (-0.00349065, 0, 0.999994)
changing data type from float to uchar (noscale = 0)...
MRIchangeType: Building histogram -0.000343323 1074.64 1000, flo=0, fhi=0.999, dest_type=0
Reslicing using trilinear interpolation 
writing to /out/sourcedata/freesurfer/sub-v1s12x0050109_ses-1/mri/orig.mgz...

 mri_add_xform_to_header -c /out/sourcedata/freesurfer/sub-v1s12x0050109_ses-1/mri/transforms/talairach.xfm /out/sourcedata/freesurfer/sub-v1s12x0050109_ses-1/mri/orig.mgz /out/sourcedata/freesurfer/sub-v1s12x0050109_ses-1/mri/orig.mgz 

INFO: extension is mgz

 mri_info /out/sourcedata/freesurfer/sub-v1s12x0050109_ses-1/mri/orig.mgz 

orig.mgz ========================================
Volume information for /out/sourcedata/freesurfer/sub-v1s12x0050109_ses-1/mri/orig.mgz
          type: MGH
    dimensions: 256 x 256 x 256
   voxel sizes: 1.000000, 1.000000, 1.000000
          type: UCHAR (0)
           fov: 256.000
           dof: 1
        xstart: -128.0, xend: 128.0
        ystart: -128.0, yend: 128.0
        zstart: -128.0, zend: 128.0
            TR: 0.00 msec, TE: 0.00 msec, TI: 0.00 msec, flip angle: 0.00 degrees
       nframes: 1
       PhEncDir: UNKNOWN
       FieldStrength: 0.000000
ras xform present
    xform info: x_r =  -1.0000, y_r =   0.0000, z_r =   0.0000, c_r =     1.7246
              : x_a =   0.0000, y_a =   0.0000, z_a =   1.0000, c_a =    -4.8111
              : x_s =   0.0000, y_s =  -1.0000, z_s =   0.0000, c_s =   -18.3827

talairach xfm : /out/sourcedata/freesurfer/sub-v1s12x0050109_ses-1/mri/transforms/talairach.xfm
Orientation   : LIA
Primary Slice Direction: coronal

voxel to ras transform:
               -1.0000   0.0000   0.0000   129.7246
                0.0000   0.0000   1.0000  -132.8111
                0.0000  -1.0000   0.0000   109.6173
                0.0000   0.0000   0.0000     1.0000

voxel-to-ras determinant -1

ras to voxel transform:
               -1.0000  -0.0000  -0.0000   129.7246
               -0.0000  -0.0000  -1.0000   109.6173
               -0.0000   1.0000  -0.0000   132.8111
               -0.0000  -0.0000  -0.0000     1.0000
#--------------------------------------------
#@# Talairach Sat Apr  4 11:27:36 CEST 2026
/out/sourcedata/freesurfer/sub-v1s12x0050109_ses-1/mri

 mri_nu_correct.mni --no-rescale --i orig.mgz --o orig_nu.mgz --ants-n4 --n 1 --proto-iters 1000 --distance 50 

/usr/bin/bc
/out/sourcedata/freesurfer/sub-v1s12x0050109_ses-1/mri
/opt/freesurfer/bin/mri_nu_correct.mni
--no-rescale --i orig.mgz --o orig_nu.mgz --ants-n4 --n 1 --proto-iters 1000 --distance 50
nIters 1
mri_nu_correct.mni 7.3.2
Linux dna070 5.14.0-427.37.1.el9_4.x86_64 #1 SMP PREEMPT_DYNAMIC Fri Sep 13 12:41:50 EDT 2024 x86_64 x86_64 x86_64 GNU/Linux
Sat Apr  4 11:27:36 CEST 2026
tmpdir is ./tmp.mri_nu_correct.mni.2248123
cd /out/sourcedata/freesurfer/sub-v1s12x0050109_ses-1/mri
AntsN4BiasFieldCorrectionFs -i orig.mgz -o ./tmp.mri_nu_correct.mni.2248123/nu0.mgz --dtype uchar
AntsN4BiasFieldCorrectionFs done
mri_convert ./tmp.mri_nu_correct.mni.2248123/nu0.mgz orig_nu.mgz --like orig.mgz --conform
mri_convert ./tmp.mri_nu_correct.mni.2248123/nu0.mgz orig_nu.mgz --like orig.mgz --conform 
reading from ./tmp.mri_nu_correct.mni.2248123/nu0.mgz...
TR=0.00, TE=0.00, TI=0.00, flip angle=0.00
i_ras = (-1, 0, 0)
j_ras = (0, 0, -1)
k_ras = (0, 1, 0)
INFO: transform src into the like-volume: orig.mgz
writing to orig_nu.mgz...
 
 
Sat Apr  4 11:30:09 CEST 2026
mri_nu_correct.mni done

 talairach_avi --i orig_nu.mgz --xfm transforms/talairach.auto.xfm 

talairach_avi log file is transforms/talairach_avi.log...
mv -f /out/sourcedata/freesurfer/sub-v1s12x0050109_ses-1/mri/talsrcimg_to_711-2C_as_mni_average_305_t4_vox2vox.txt /out/sourcedata/freesurfer/sub-v1s12x0050109_ses-1/mri/transforms/talsrcimg_to_711-2C_as_mni_average_305_t4_vox2vox.txt
Started at Sat Apr 4 11:30:09 CEST 2026
Ended   at Sat Apr  4 11:30:24 CEST 2026
talairach_avi done

 cp transforms/talairach.auto.xfm transforms/talairach.xfm 

lta_convert --src orig.mgz --trg /opt/freesurfer/average/mni305.cor.mgz --inxfm transforms/talairach.xfm --outlta transforms/talairach.xfm.lta --subject fsaverage --ltavox2vox
7.3.2

--src: orig.mgz src image (geometry).
--trg: /opt/freesurfer/average/mni305.cor.mgz trg image (geometry).
--inmni: transforms/talairach.xfm input MNI/XFM transform.
--outlta: transforms/talairach.xfm.lta output LTA.
--s: fsaverage subject name
--ltavox2vox: output LTA as VOX_TO_VOX transform.
 LTA read, type : 1
 1.06562  -0.07326  -0.03182   0.69655;
 0.08218   1.04709   0.41444   0.81932;
 0.01007  -0.39842   1.07898   18.58034;
 0.00000   0.00000   0.00000   1.00000;
setting subject to fsaverage
Writing  LTA to file transforms/talairach.xfm.lta...
lta_convert successful.
#--------------------------------------------
#@# Talairach Failure Detection Sat Apr  4 11:30:26 CEST 2026
/out/sourcedata/freesurfer/sub-v1s12x0050109_ses-1/mri

 talairach_afd -T 0.005 -xfm transforms/talairach.xfm 

talairach_afd: Talairach Transform: transforms/talairach.xfm OK (p=0.6245, pval=0.2817 >= threshold=0.0050)

 awk -f /opt/freesurfer/bin/extract_talairach_avi_QA.awk /out/sourcedata/freesurfer/sub-v1s12x0050109_ses-1/mri/transforms/talairach_avi.log 


 tal_QC_AZS /out/sourcedata/freesurfer/sub-v1s12x0050109_ses-1/mri/transforms/talairach_avi.log 

TalAviQA: 0.98068
z-score: 0
#--------------------------------------------
#@# Nu Intensity Correction Sat Apr  4 11:30:26 CEST 2026

 mri_nu_correct.mni --i orig.mgz --o nu.mgz --uchar transforms/talairach.xfm --n 2 --ants-n4 

/usr/bin/bc
/out/sourcedata/freesurfer/sub-v1s12x0050109_ses-1/mri
/opt/freesurfer/bin/mri_nu_correct.mni
--i orig.mgz --o nu.mgz --uchar transforms/talairach.xfm --n 2 --ants-n4
nIters 2
mri_nu_correct.mni 7.3.2
Linux dna070 5.14.0-427.37.1.el9_4.x86_64 #1 SMP PREEMPT_DYNAMIC Fri Sep 13 12:41:50 EDT 2024 x86_64 x86_64 x86_64 GNU/Linux
Sat Apr  4 11:30:26 CEST 2026
tmpdir is ./tmp.mri_nu_correct.mni.2248796
cd /out/sourcedata/freesurfer/sub-v1s12x0050109_ses-1/mri
AntsN4BiasFieldCorrectionFs -i orig.mgz -o ./tmp.mri_nu_correct.mni.2248796/nu0.mgz --dtype uchar
AntsN4BiasFieldCorrectionFs done
mri_binarize --i ./tmp.mri_nu_correct.mni.2248796/nu0.mgz --min -1 --o ./tmp.mri_nu_correct.mni.2248796/ones.mgz

7.3.2
cwd /out/sourcedata/freesurfer/sub-v1s12x0050109_ses-1/mri
cmdline mri_binarize --i ./tmp.mri_nu_correct.mni.2248796/nu0.mgz --min -1 --o ./tmp.mri_nu_correct.mni.2248796/ones.mgz 
sysname  Linux
hostname dna070
machine  x86_64
user     oesteban

input      ./tmp.mri_nu_correct.mni.2248796/nu0.mgz
frame      0
nErode3d   0
nErode2d   0
output     ./tmp.mri_nu_correct.mni.2248796/ones.mgz
Binarizing based on threshold
min        -1
max        +infinity
binval        1
binvalnot     0
fstart = 0, fend = 0, nframes = 1
Starting parallel 1
Found 16777216 values in range
Counting number of voxels in first frame
Found 16777215 voxels in final mask
Writing output to ./tmp.mri_nu_correct.mni.2248796/ones.mgz
Count: 16777215 16777215.000000 16777216 99.999994
mri_binarize done
mri_segstats --id 1 --seg ./tmp.mri_nu_correct.mni.2248796/ones.mgz --i orig.mgz --sum ./tmp.mri_nu_correct.mni.2248796/sum.junk --avgwf ./tmp.mri_nu_correct.mni.2248796/input.mean.dat

7.3.2
cwd 
cmdline mri_segstats --id 1 --seg ./tmp.mri_nu_correct.mni.2248796/ones.mgz --i orig.mgz --sum ./tmp.mri_nu_correct.mni.2248796/sum.junk --avgwf ./tmp.mri_nu_correct.mni.2248796/input.mean.dat 
sysname  Linux
hostname dna070
machine  x86_64
user     oesteban
whitesurfname  white
UseRobust  0
Loading ./tmp.mri_nu_correct.mni.2248796/ones.mgz
Loading orig.mgz
Voxel Volume is 1 mm^3
Generating list of segmentation ids
Found   1 segmentations
Computing statistics for each segmentation

Reporting on   1 segmentations
Using PrintSegStat
Computing spatial average of each frame

Writing to ./tmp.mri_nu_correct.mni.2248796/input.mean.dat
mri_segstats done
mri_segstats --id 1 --seg ./tmp.mri_nu_correct.mni.2248796/ones.mgz --i ./tmp.mri_nu_correct.mni.2248796/nu0.mgz --sum ./tmp.mri_nu_correct.mni.2248796/sum.junk --avgwf ./tmp.mri_nu_correct.mni.2248796/output.mean.dat

7.3.2
cwd 
cmdline mri_segstats --id 1 --seg ./tmp.mri_nu_correct.mni.2248796/ones.mgz --i ./tmp.mri_nu_correct.mni.2248796/nu0.mgz --sum ./tmp.mri_nu_correct.mni.2248796/sum.junk --avgwf ./tmp.mri_nu_correct.mni.2248796/output.mean.dat 
sysname  Linux
hostname dna070
machine  x86_64
user     oesteban
whitesurfname  white
UseRobust  0
Loading ./tmp.mri_nu_correct.mni.2248796/ones.mgz
Loading ./tmp.mri_nu_correct.mni.2248796/nu0.mgz
Voxel Volume is 1 mm^3
Generating list of segmentation ids
Found   1 segmentations
Computing statistics for each segmentation

Reporting on   1 segmentations
Using PrintSegStat
Computing spatial average of each frame

Writing to ./tmp.mri_nu_correct.mni.2248796/output.mean.dat
mri_segstats done
mris_calc -o ./tmp.mri_nu_correct.mni.2248796/nu0.mgz ./tmp.mri_nu_correct.mni.2248796/nu0.mgz mul 1.22472986909468999162
Saving result to './tmp.mri_nu_correct.mni.2248796/nu0.mgz' (type = MGH )                       [ ok ]
mri_convert ./tmp.mri_nu_correct.mni.2248796/nu0.mgz nu.mgz --like orig.mgz
mri_convert ./tmp.mri_nu_correct.mni.2248796/nu0.mgz nu.mgz --like orig.mgz 
reading from ./tmp.mri_nu_correct.mni.2248796/nu0.mgz...
TR=0.00, TE=0.00, TI=0.00, flip angle=0.00
i_ras = (-1, 0, 0)
j_ras = (0, 0, -1)
k_ras = (0, 1, 0)
INFO: transform src into the like-volume: orig.mgz
writing to nu.mgz...
mri_make_uchar nu.mgz transforms/talairach.xfm nu.mgz
type change took 0 minutes and 3 seconds.
FIRST_PERCENTILE 0.010000
WM_PERCENTILE    0.900000
MAX_R 50.000000
i1 = 3, i2 = 48
#mri_make_uchar# mapping  8 124 to  3 110  :  b -4.61333 m 0.92702 : thresh 4.97652 maxsat 280.052 : nzero 13188583 nsat 0
 
 
Sat Apr  4 11:33:10 CEST 2026
mri_nu_correct.mni done

 mri_add_xform_to_header -c /out/sourcedata/freesurfer/sub-v1s12x0050109_ses-1/mri/transforms/talairach.xfm nu.mgz nu.mgz 

INFO: extension is mgz
#--------------------------------------------
#@# Intensity Normalization Sat Apr  4 11:33:10 CEST 2026
/out/sourcedata/freesurfer/sub-v1s12x0050109_ses-1/mri

 mri_normalize -g 1 -seed 1234 -mprage nu.mgz T1.mgz 

using max gradient = 1.000
setting seed for random number genererator to 1234
assuming input volume is MGH (Van der Kouwe) MP-RAGE
reading mri_src from nu.mgz...
normalizing image...
NOT doing gentle normalization with control points/label
talairach transform
 1.06562  -0.07326  -0.03182   0.69655;
 0.08218   1.04709   0.41444   0.81932;
 0.01007  -0.39842   1.07898   18.58034;
 0.00000   0.00000   0.00000   1.00000;
processing without aseg, no1d=0
MRInormInit(): 
INFO: Modifying talairach volume c_(r,a,s) based on average_305
MRInormalize(): 
MRIsplineNormalize(): npeaks = 20
Starting OpenSpline(): npoints = 20
building Voronoi diagram...
performing soap bubble smoothing, sigma = 8...

Iterating 2 times
---------------------------------
3d normalization pass 1 of 2
white matter peak found at 110
white matter peak found at 110
gm peak at 68 (68), valley at 53 (53)
csf peak at 35, setting threshold to 57
building Voronoi diagram...
performing soap bubble smoothing, sigma = 8...
---------------------------------
3d normalization pass 2 of 2
white matter peak found at 110
white matter peak found at 110
gm peak at 70 (70), valley at 46 (46)
csf peak at 35, setting threshold to 58
building Voronoi diagram...
performing soap bubble smoothing, sigma = 8...
Done iterating ---------------------------------
writing output to T1.mgz
3D bias adjustment took 1 minutes and 4 seconds.

Started at Sat Apr 4 11:27:29 CEST 2026 
Ended   at Sat Apr 4 11:34:15 CEST 2026
#@#%# recon-all-run-time-hours 0.113
recon-all -s sub-v1s12x0050109_ses-1 finished without error at Sat Apr  4 11:34:15 CEST 2026



#New# invocation of recon-all 




Sat Apr  4 11:39:15 CEST 2026
cd /out/sourcedata/freesurfer/sub-v1s12x0050109_ses-1
setenv SUBJECTS_DIR /out/sourcedata/freesurfer
/opt/freesurfer/bin/recon-all -openmp 16 -subjid sub-v1s12x0050109_ses-1 -sd /out/sourcedata/freesurfer -gcareg

subjid sub-v1s12x0050109_ses-1
setenv SUBJECTS_DIR /out/sourcedata/freesurfer
FREESURFER_HOME /opt/freesurfer
Actual FREESURFER_HOME /opt/freesurfer
build-stamp.txt: freesurfer-linux-ubuntu22_x86_64-7.3.2-20220804-6354275
Linux dna070 5.14.0-427.37.1.el9_4.x86_64 #1 SMP PREEMPT_DYNAMIC Fri Sep 13 12:41:50 EDT 2024 x86_64 x86_64 x86_64 GNU/Linux
cputime      unlimited
filesize     unlimited
datasize     unlimited
stacksize    8192 kbytes
coredumpsize 0 kbytes
memoryuse    67108864 kbytes
vmemoryuse   unlimited
descriptors  1024 
memorylocked unlimited
maxproc      2061970 
maxlocks     unlimited
maxsignal    2062029 
maxmessage   819200 
maxnice      0 
maxrtprio    0 
maxrttime    unlimited

               total        used        free      shared  buff/cache   available
Mem:           503Gi        47Gi       285Gi        16Gi       170Gi       436Gi
Swap:             0B          0B          0B

########################################
program versions used
7.3.2 (freesurfer-linux-ubuntu22_x86_64-7.3.2-20220804-6354275)
7.3.2

ProgramName: lta_convert  ProgramArguments: lta_convert -all-info  ProgramVersion: 7.3.2  TimeStamp: 2026/04/04-09:39:15-GMT  BuildTime: Aug  4 2022 06:17:15  BuildStamp: freesurfer-linux-ubuntu22_x86_64-7.3.2-20220804-6354275  User: oesteban  Machine: dna070  Platform: Linux  PlatformVersion: 5.14.0-427.37.1.el9_4.x86_64  CompilerName: GCC  CompilerVersion: 8.4.0
ProgramName: mri_and  ProgramArguments: mri_and -all-info  ProgramVersion: 7.3.2  TimeStamp: 2026/04/04-09:39:15-GMT  BuildTime: Aug  4 2022 06:17:15  BuildStamp: freesurfer-linux-ubuntu22_x86_64-7.3.2-20220804-6354275  User: oesteban  Machine: dna070  Platform: Linux  PlatformVersion: 5.14.0-427.37.1.el9_4.x86_64  CompilerName: GCC  CompilerVersion: 8.4.0
ProgramName: mri_annotation2label  ProgramArguments: mri_annotation2label -all-info  ProgramVersion: 7.3.2  TimeStamp: 2026/04/04-09:39:15-GMT  BuildTime: Aug  4 2022 06:17:15  BuildStamp: freesurfer-linux-ubuntu22_x86_64-7.3.2-20220804-6354275  User: oesteban  Machine: dna070  Platform: Linux  PlatformVersion: 5.14.0-427.37.1.el9_4.x86_64  CompilerName: GCC  CompilerVersion: 8.4.0
ProgramName: mri_aparc2aseg  ProgramArguments: mri_aparc2aseg -all-info  ProgramVersion: 7.3.2  TimeStamp: 2026/04/04-09:39:15-GMT  BuildTime: Aug  4 2022 06:17:15  BuildStamp: freesurfer-linux-ubuntu22_x86_64-7.3.2-20220804-6354275  User: oesteban  Machine: dna070  Platform: Linux  PlatformVersion: 5.14.0-427.37.1.el9_4.x86_64  CompilerName: GCC  CompilerVersion: 8.4.0
ProgramName: mri_surf2volseg  ProgramArguments: mri_surf2volseg -all-info  ProgramVersion: 7.3.2  TimeStamp: 2026/04/04-09:39:15-GMT  BuildTime: Aug  4 2022 06:17:15  BuildStamp: freesurfer-linux-ubuntu22_x86_64-7.3.2-20220804-6354275  User: oesteban  Machine: dna070  Platform: Linux  PlatformVersion: 5.14.0-427.37.1.el9_4.x86_64  CompilerName: GCC  CompilerVersion: 8.4.0
ProgramName: mri_binarize  ProgramArguments: mri_binarize -all-info  ProgramVersion: 7.3.2  TimeStamp: 2026/04/04-09:39:15-GMT  BuildTime: Aug  4 2022 06:17:15  BuildStamp: freesurfer-linux-ubuntu22_x86_64-7.3.2-20220804-6354275  User: oesteban  Machine: dna070  Platform: Linux  PlatformVersion: 5.14.0-427.37.1.el9_4.x86_64  CompilerName: GCC  CompilerVersion: 8.4.0
ProgramName: mri_ca_label  ProgramArguments: mri_ca_label -all-info  ProgramVersion: 7.3.2  TimeStamp: 2026/04/04-09:39:15-GMT  BuildTime: Aug  4 2022 06:17:15  BuildStamp: freesurfer-linux-ubuntu22_x86_64-7.3.2-20220804-6354275  User: oesteban  Machine: dna070  Platform: Linux  PlatformVersion: 5.14.0-427.37.1.el9_4.x86_64  CompilerName: GCC  CompilerVersion: 8.4.0
ProgramName: mri_ca_normalize  ProgramArguments: mri_ca_normalize -all-info  ProgramVersion: 7.3.2  TimeStamp: 2026/04/04-09:39:15-GMT  BuildTime: Aug  4 2022 06:17:15  BuildStamp: freesurfer-linux-ubuntu22_x86_64-7.3.2-20220804-6354275  User: oesteban  Machine: dna070  Platform: Linux  PlatformVersion: 5.14.0-427.37.1.el9_4.x86_64  CompilerName: GCC  CompilerVersion: 8.4.0
ProgramName: mri_ca_register  ProgramArguments: mri_ca_register -all-info  ProgramVersion: 7.3.2  TimeStamp: 2026/04/04-09:39:15-GMT  BuildTime: Aug  4 2022 06:17:15  BuildStamp: freesurfer-linux-ubuntu22_x86_64-7.3.2-20220804-6354275  User: oesteban  Machine: dna070  Platform: Linux  PlatformVersion: 5.14.0-427.37.1.el9_4.x86_64  CompilerName: GCC  CompilerVersion: 8.4.0
ProgramName: mri_cc  ProgramArguments: mri_cc -all-info  ProgramVersion: 7.3.2  TimeStamp: 2026/04/04-09:39:15-GMT  BuildTime: Aug  4 2022 06:17:15  BuildStamp: freesurfer-linux-ubuntu22_x86_64-7.3.2-20220804-6354275  User: oesteban  Machine: dna070  Platform: Linux  PlatformVersion: 5.14.0-427.37.1.el9_4.x86_64  CompilerName: GCC  CompilerVersion: 8.4.0
ProgramName: mri_compute_overlap  ProgramArguments: mri_compute_overlap -all-info  ProgramVersion: 7.3.2  TimeStamp: 2026/04/04-09:39:15-GMT  BuildTime: Aug  4 2022 06:17:15  BuildStamp: freesurfer-linux-ubuntu22_x86_64-7.3.2-20220804-6354275  User: oesteban  Machine: dna070  Platform: Linux  PlatformVersion: 5.14.0-427.37.1.el9_4.x86_64  CompilerName: GCC  CompilerVersion: 8.4.0
ProgramName: mri_compute_seg_overlap  ProgramArguments: mri_compute_seg_overlap -all-info  ProgramVersion: 7.3.2  TimeStamp: 2026/04/04-09:39:15-GMT  BuildTime: Aug  4 2022 06:17:15  BuildStamp: freesurfer-linux-ubuntu22_x86_64-7.3.2-20220804-6354275  User: oesteban  Machine: dna070  Platform: Linux  PlatformVersion: 5.14.0-427.37.1.el9_4.x86_64  CompilerName: GCC  CompilerVersion: 8.4.0
ProgramName: mri_concat  ProgramArguments: mri_concat -all-info  ProgramVersion: 7.3.2  TimeStamp: 2026/04/04-09:39:15-GMT  BuildTime: Aug  4 2022 06:17:15  BuildStamp: freesurfer-linux-ubuntu22_x86_64-7.3.2-20220804-6354275  User: oesteban  Machine: dna070  Platform: Linux  PlatformVersion: 5.14.0-427.37.1.el9_4.x86_64  CompilerName: GCC  CompilerVersion: 8.4.0
ProgramName: mri_concatenate_lta  ProgramArguments: mri_concatenate_lta -all-info  ProgramVersion: 7.3.2  TimeStamp: 2026/04/04-09:39:15-GMT  BuildTime: Aug  4 2022 06:17:15  BuildStamp: freesurfer-linux-ubuntu22_x86_64-7.3.2-20220804-6354275  User: oesteban  Machine: dna070  Platform: Linux  PlatformVersion: 5.14.0-427.37.1.el9_4.x86_64  CompilerName: GCC  CompilerVersion: 8.4.0
mri_convert -all-info 
ProgramName: mri_convert  ProgramArguments: mri_convert -all-info  ProgramVersion: 7.3.2  TimeStamp: 2026/04/04-09:39:15-GMT  BuildTime: Aug  4 2022 06:17:15  BuildStamp: freesurfer-linux-ubuntu22_x86_64-7.3.2-20220804-6354275  User: oesteban  Machine: dna070  Platform: Linux  PlatformVersion: 5.14.0-427.37.1.el9_4.x86_64  CompilerName: GCC  CompilerVersion: 8.4.0
ProgramName: mri_diff  ProgramArguments: mri_diff -all-info  ProgramVersion: 7.3.2  TimeStamp: 2026/04/04-09:39:15-GMT  BuildTime: Aug  4 2022 06:17:15  BuildStamp: freesurfer-linux-ubuntu22_x86_64-7.3.2-20220804-6354275  User: oesteban  Machine: dna070  Platform: Linux  PlatformVersion: 5.14.0-427.37.1.el9_4.x86_64  CompilerName: GCC  CompilerVersion: 8.4.0
ProgramName: mri_edit_wm_with_aseg  ProgramArguments: mri_edit_wm_with_aseg -all-info  ProgramVersion: 7.3.2  TimeStamp: 2026/04/04-09:39:15-GMT  BuildTime: Aug  4 2022 06:17:15  BuildStamp: freesurfer-linux-ubuntu22_x86_64-7.3.2-20220804-6354275  User: oesteban  Machine: dna070  Platform: Linux  PlatformVersion: 5.14.0-427.37.1.el9_4.x86_64  CompilerName: GCC  CompilerVersion: 8.4.0
ProgramName: mri_em_register  ProgramArguments: mri_em_register -all-info  ProgramVersion: 7.3.2  TimeStamp: 2026/04/04-09:39:15-GMT  BuildTime: Aug  4 2022 06:17:15  BuildStamp: freesurfer-linux-ubuntu22_x86_64-7.3.2-20220804-6354275  User: oesteban  Machine: dna070  Platform: Linux  PlatformVersion: 5.14.0-427.37.1.el9_4.x86_64  CompilerName: GCC  CompilerVersion: 8.4.0
ProgramName: mri_fill  ProgramArguments: mri_fill -all-info  ProgramVersion: 7.3.2  TimeStamp: 2026/04/04-09:39:15-GMT  BuildTime: Aug  4 2022 06:17:15  BuildStamp: freesurfer-linux-ubuntu22_x86_64-7.3.2-20220804-6354275  User: oesteban  Machine: dna070  Platform: Linux  PlatformVersion: 5.14.0-427.37.1.el9_4.x86_64  CompilerName: GCC  CompilerVersion: 8.4.0
ProgramName: mri_fuse_segmentations  ProgramArguments: mri_fuse_segmentations -all-info  ProgramVersion: 7.3.2  TimeStamp: 2026/04/04-09:39:15-GMT  BuildTime: Aug  4 2022 06:17:15  BuildStamp: freesurfer-linux-ubuntu22_x86_64-7.3.2-20220804-6354275  User: oesteban  Machine: dna070  Platform: Linux  PlatformVersion: 5.14.0-427.37.1.el9_4.x86_64  CompilerName: GCC  CompilerVersion: 8.4.0
ProgramName: mri_fwhm  ProgramArguments: mri_fwhm -all-info  ProgramVersion: 7.3.2  TimeStamp: 2026/04/04-09:39:15-GMT  BuildTime: Aug  4 2022 06:17:15  BuildStamp: freesurfer-linux-ubuntu22_x86_64-7.3.2-20220804-6354275  User: oesteban  Machine: dna070  Platform: Linux  PlatformVersion: 5.14.0-427.37.1.el9_4.x86_64  CompilerName: GCC  CompilerVersion: 8.4.0
ProgramName: mri_gcut  ProgramArguments: mri_gcut -all-info  ProgramVersion: 7.3.2  TimeStamp: 2026/04/04-09:39:15-GMT  BuildTime: Aug  4 2022 06:17:15  BuildStamp: freesurfer-linux-ubuntu22_x86_64-7.3.2-20220804-6354275  User: oesteban  Machine: dna070  Platform: Linux  PlatformVersion: 5.14.0-427.37.1.el9_4.x86_64  CompilerName: GCC  CompilerVersion: 8.4.0
ProgramName: mri_info  ProgramArguments: mri_info -all-info  ProgramVersion: 7.3.2  TimeStamp: 2026/04/04-09:39:15-GMT  BuildTime: Aug  4 2022 06:17:15  BuildStamp: freesurfer-linux-ubuntu22_x86_64-7.3.2-20220804-6354275  User: oesteban  Machine: dna070  Platform: Linux  PlatformVersion: 5.14.0-427.37.1.el9_4.x86_64  CompilerName: GCC  CompilerVersion: 8.4.0
ProgramName: mri_label2label  ProgramArguments: mri_label2label -all-info  ProgramVersion: 7.3.2  TimeStamp: 2026/04/04-09:39:15-GMT  BuildTime: Aug  4 2022 06:17:15  BuildStamp: freesurfer-linux-ubuntu22_x86_64-7.3.2-20220804-6354275  User: oesteban  Machine: dna070  Platform: Linux  PlatformVersion: 5.14.0-427.37.1.el9_4.x86_64  CompilerName: GCC  CompilerVersion: 8.4.0
ProgramName: mri_label2vol  ProgramArguments: mri_label2vol -all-info  ProgramVersion: 7.3.2  TimeStamp: 2026/04/04-09:39:15-GMT  BuildTime: Aug  4 2022 06:17:15  BuildStamp: freesurfer-linux-ubuntu22_x86_64-7.3.2-20220804-6354275  User: oesteban  Machine: dna070  Platform: Linux  PlatformVersion: 5.14.0-427.37.1.el9_4.x86_64  CompilerName: GCC  CompilerVersion: 8.4.0
ProgramName: mri_log_likelihood  ProgramArguments: mri_log_likelihood -all-info  ProgramVersion: 7.3.2  TimeStamp: 2026/04/04-09:39:15-GMT  BuildTime: Aug  4 2022 06:17:15  BuildStamp: freesurfer-linux-ubuntu22_x86_64-7.3.2-20220804-6354275  User: oesteban  Machine: dna070  Platform: Linux  PlatformVersion: 5.14.0-427.37.1.el9_4.x86_64  CompilerName: GCC  CompilerVersion: 8.4.0
ProgramName: mri_mask  ProgramArguments: mri_mask -all-info  ProgramVersion: 7.3.2  TimeStamp: 2026/04/04-09:39:15-GMT  BuildTime: Aug  4 2022 06:17:15  BuildStamp: freesurfer-linux-ubuntu22_x86_64-7.3.2-20220804-6354275  User: oesteban  Machine: dna070  Platform: Linux  PlatformVersion: 5.14.0-427.37.1.el9_4.x86_64  CompilerName: GCC  CompilerVersion: 8.4.0
ProgramName: mri_matrix_multiply  ProgramArguments: mri_matrix_multiply -all-info  ProgramVersion: 7.3.2  TimeStamp: 2026/04/04-09:39:15-GMT  BuildTime: Aug  4 2022 06:17:15  BuildStamp: freesurfer-linux-ubuntu22_x86_64-7.3.2-20220804-6354275  User: oesteban  Machine: dna070  Platform: Linux  PlatformVersion: 5.14.0-427.37.1.el9_4.x86_64  CompilerName: GCC  CompilerVersion: 8.4.0
ProgramName: mri_normalize  ProgramArguments: mri_normalize -all-info  ProgramVersion: 7.3.2  TimeStamp: 2026/04/04-09:39:15-GMT  BuildTime: Aug  4 2022 06:17:15  BuildStamp: freesurfer-linux-ubuntu22_x86_64-7.3.2-20220804-6354275  User: oesteban  Machine: dna070  Platform: Linux  PlatformVersion: 5.14.0-427.37.1.el9_4.x86_64  CompilerName: GCC  CompilerVersion: 8.4.0
ProgramName: mri_normalize_tp2  ProgramArguments: mri_normalize_tp2 -all-info  ProgramVersion: 7.3.2  TimeStamp: 2026/04/04-09:39:15-GMT  BuildTime: Aug  4 2022 06:17:15  BuildStamp: freesurfer-linux-ubuntu22_x86_64-7.3.2-20220804-6354275  User: oesteban  Machine: dna070  Platform: Linux  PlatformVersion: 5.14.0-427.37.1.el9_4.x86_64  CompilerName: GCC  CompilerVersion: 8.4.0
ProgramName: mri_or  ProgramArguments: mri_or -all-info  ProgramVersion: 7.3.2  TimeStamp: 2026/04/04-09:39:15-GMT  BuildTime: Aug  4 2022 06:17:15  BuildStamp: freesurfer-linux-ubuntu22_x86_64-7.3.2-20220804-6354275  User: oesteban  Machine: dna070  Platform: Linux  PlatformVersion: 5.14.0-427.37.1.el9_4.x86_64  CompilerName: GCC  CompilerVersion: 8.4.0
ProgramName: mri_relabel_hypointensities  ProgramArguments: mri_relabel_hypointensities -all-info  ProgramVersion: 7.3.2  TimeStamp: 2026/04/04-09:39:15-GMT  BuildTime: Aug  4 2022 06:17:15  BuildStamp: freesurfer-linux-ubuntu22_x86_64-7.3.2-20220804-6354275  User: oesteban  Machine: dna070  Platform: Linux  PlatformVersion: 5.14.0-427.37.1.el9_4.x86_64  CompilerName: GCC  CompilerVersion: 8.4.0
ProgramName: mri_relabel_nonwm_hypos  ProgramArguments: mri_relabel_nonwm_hypos -all-info  ProgramVersion: 7.3.2  TimeStamp: 2026/04/04-09:39:15-GMT  BuildTime: Aug  4 2022 06:17:15  BuildStamp: freesurfer-linux-ubuntu22_x86_64-7.3.2-20220804-6354275  User: oesteban  Machine: dna070  Platform: Linux  PlatformVersion: 5.14.0-427.37.1.el9_4.x86_64  CompilerName: GCC  CompilerVersion: 8.4.0
ProgramName: mri_remove_neck  ProgramArguments: mri_remove_neck -all-info  ProgramVersion: 7.3.2  TimeStamp: 2026/04/04-09:39:15-GMT  BuildTime: Aug  4 2022 06:17:15  BuildStamp: freesurfer-linux-ubuntu22_x86_64-7.3.2-20220804-6354275  User: oesteban  Machine: dna070  Platform: Linux  PlatformVersion: 5.14.0-427.37.1.el9_4.x86_64  CompilerName: GCC  CompilerVersion: 8.4.0
7.3.2

ProgramName: mri_robust_register  ProgramArguments: mri_robust_register -all-info  ProgramVersion: 7.3.2  TimeStamp: 2026/04/04-09:39:15-GMT  BuildTime: Aug  4 2022 06:17:15  BuildStamp: freesurfer-linux-ubuntu22_x86_64-7.3.2-20220804-6354275  User: oesteban  Machine: dna070  Platform: Linux  PlatformVersion: 5.14.0-427.37.1.el9_4.x86_64  CompilerName: GCC  CompilerVersion: 8.4.0
7.3.2

ProgramName: mri_robust_template  ProgramArguments: mri_robust_template -all-info  ProgramVersion: 7.3.2  TimeStamp: 2026/04/04-09:39:15-GMT  BuildTime: Aug  4 2022 06:17:15  BuildStamp: freesurfer-linux-ubuntu22_x86_64-7.3.2-20220804-6354275  User: oesteban  Machine: dna070  Platform: Linux  PlatformVersion: 5.14.0-427.37.1.el9_4.x86_64  CompilerName: GCC  CompilerVersion: 8.4.0
ProgramName: mris_anatomical_stats  ProgramArguments: mris_anatomical_stats -all-info  ProgramVersion: 7.3.2  TimeStamp: 2026/04/04-09:39:15-GMT  BuildTime: Aug  4 2022 06:17:15  BuildStamp: freesurfer-linux-ubuntu22_x86_64-7.3.2-20220804-6354275  User: oesteban  Machine: dna070  Platform: Linux  PlatformVersion: 5.14.0-427.37.1.el9_4.x86_64  CompilerName: GCC  CompilerVersion: 8.4.0
ProgramName: mris_ca_label  ProgramArguments: mris_ca_label -all-info  ProgramVersion: 7.3.2  TimeStamp: 2026/04/04-09:39:15-GMT  BuildTime: Aug  4 2022 06:17:15  BuildStamp: freesurfer-linux-ubuntu22_x86_64-7.3.2-20220804-6354275  User: oesteban  Machine: dna070  Platform: Linux  PlatformVersion: 5.14.0-427.37.1.el9_4.x86_64  CompilerName: GCC  CompilerVersion: 8.4.0
ProgramName: mris_calc  ProgramArguments: mris_calc -all-info  ProgramVersion: 7.3.2  TimeStamp: 2026/04/04-09:39:15-GMT  BuildTime: Aug  4 2022 06:17:15  BuildStamp: freesurfer-linux-ubuntu22_x86_64-7.3.2-20220804-6354275  User: oesteban  Machine: dna070  Platform: Linux  PlatformVersion: 5.14.0-427.37.1.el9_4.x86_64  CompilerName: GCC  CompilerVersion: 8.4.0
ProgramName: mris_convert  ProgramArguments: mris_convert -all-info  ProgramVersion: 7.3.2  TimeStamp: 2026/04/04-09:39:15-GMT  BuildTime: Aug  4 2022 06:17:15  BuildStamp: freesurfer-linux-ubuntu22_x86_64-7.3.2-20220804-6354275  User: oesteban  Machine: dna070  Platform: Linux  PlatformVersion: 5.14.0-427.37.1.el9_4.x86_64  CompilerName: GCC  CompilerVersion: 8.4.0
ProgramName: mris_curvature  ProgramArguments: mris_curvature -all-info  ProgramVersion: 7.3.2  TimeStamp: 2026/04/04-09:39:15-GMT  BuildTime: Aug  4 2022 06:17:15  BuildStamp: freesurfer-linux-ubuntu22_x86_64-7.3.2-20220804-6354275  User: oesteban  Machine: dna070  Platform: Linux  PlatformVersion: 5.14.0-427.37.1.el9_4.x86_64  CompilerName: GCC  CompilerVersion: 8.4.0
ProgramName: mris_curvature_stats  ProgramArguments: mris_curvature_stats -all-info  ProgramVersion: 7.3.2  TimeStamp: 2026/04/04-09:39:15-GMT  BuildTime: Aug  4 2022 06:17:15  BuildStamp: freesurfer-linux-ubuntu22_x86_64-7.3.2-20220804-6354275  User: oesteban  Machine: dna070  Platform: Linux  PlatformVersion: 5.14.0-427.37.1.el9_4.x86_64  CompilerName: GCC  CompilerVersion: 8.4.0
ProgramName: mris_diff  ProgramArguments: mris_diff -all-info  ProgramVersion: 7.3.2  TimeStamp: 2026/04/04-09:39:15-GMT  BuildTime: Aug  4 2022 06:17:15  BuildStamp: freesurfer-linux-ubuntu22_x86_64-7.3.2-20220804-6354275  User: oesteban  Machine: dna070  Platform: Linux  PlatformVersion: 5.14.0-427.37.1.el9_4.x86_64  CompilerName: GCC  CompilerVersion: 8.4.0
ProgramName: mris_divide_parcellation  ProgramArguments: mris_divide_parcellation -all-info  ProgramVersion: 7.3.2  TimeStamp: 2026/04/04-09:39:15-GMT  BuildTime: Aug  4 2022 06:17:15  BuildStamp: freesurfer-linux-ubuntu22_x86_64-7.3.2-20220804-6354275  User: oesteban  Machine: dna070  Platform: Linux  PlatformVersion: 5.14.0-427.37.1.el9_4.x86_64  CompilerName: GCC  CompilerVersion: 8.4.0
ProgramName: mri_segment  ProgramArguments: mri_segment -all-info  ProgramVersion: 7.3.2  TimeStamp: 2026/04/04-09:39:15-GMT  BuildTime: Aug  4 2022 06:17:15  BuildStamp: freesurfer-linux-ubuntu22_x86_64-7.3.2-20220804-6354275  User: oesteban  Machine: dna070  Platform: Linux  PlatformVersion: 5.14.0-427.37.1.el9_4.x86_64  CompilerName: GCC  CompilerVersion: 8.4.0
ProgramName: mri_segstats  ProgramArguments: mri_segstats -all-info  ProgramVersion: 7.3.2  TimeStamp: 2026/04/04-09:39:15-GMT  BuildTime: Aug  4 2022 06:17:15  BuildStamp: freesurfer-linux-ubuntu22_x86_64-7.3.2-20220804-6354275  User: oesteban  Machine: dna070  Platform: Linux  PlatformVersion: 5.14.0-427.37.1.el9_4.x86_64  CompilerName: GCC  CompilerVersion: 8.4.0
ProgramName: mris_euler_number  ProgramArguments: mris_euler_number -all-info  ProgramVersion: 7.3.2  TimeStamp: 2026/04/04-09:39:15-GMT  BuildTime: Aug  4 2022 06:17:15  BuildStamp: freesurfer-linux-ubuntu22_x86_64-7.3.2-20220804-6354275  User: oesteban  Machine: dna070  Platform: Linux  PlatformVersion: 5.14.0-427.37.1.el9_4.x86_64  CompilerName: GCC  CompilerVersion: 8.4.0
ProgramName: mris_fix_topology  ProgramArguments: mris_fix_topology -all-info  ProgramVersion: 7.3.2  TimeStamp: 2026/04/04-09:39:15-GMT  BuildTime: Aug  4 2022 06:17:15  BuildStamp: freesurfer-linux-ubuntu22_x86_64-7.3.2-20220804-6354275  User: oesteban  Machine: dna070  Platform: Linux  PlatformVersion: 5.14.0-427.37.1.el9_4.x86_64  CompilerName: GCC  CompilerVersion: 8.4.0
ProgramName: mris_topo_fixer  ProgramArguments: mris_topo_fixer -all-info  ProgramVersion: 7.3.2  TimeStamp: 2026/04/04-09:39:15-GMT  BuildTime: Aug  4 2022 06:17:15  BuildStamp: freesurfer-linux-ubuntu22_x86_64-7.3.2-20220804-6354275  User: oesteban  Machine: dna070  Platform: Linux  PlatformVersion: 5.14.0-427.37.1.el9_4.x86_64  CompilerName: GCC  CompilerVersion: 8.4.0
ProgramName: mris_jacobian  ProgramArguments: mris_jacobian -all-info  ProgramVersion: 7.3.2  TimeStamp: 2026/04/04-09:39:15-GMT  BuildTime: Aug  4 2022 06:17:15  BuildStamp: freesurfer-linux-ubuntu22_x86_64-7.3.2-20220804-6354275  User: oesteban  Machine: dna070  Platform: Linux  PlatformVersion: 5.14.0-427.37.1.el9_4.x86_64  CompilerName: GCC  CompilerVersion: 8.4.0
ProgramName: mris_label2annot  ProgramArguments: mris_label2annot -all-info  ProgramVersion: 7.3.2  TimeStamp: 2026/04/04-09:39:15-GMT  BuildTime: Aug  4 2022 06:17:15  BuildStamp: freesurfer-linux-ubuntu22_x86_64-7.3.2-20220804-6354275  User: oesteban  Machine: dna070  Platform: Linux  PlatformVersion: 5.14.0-427.37.1.el9_4.x86_64  CompilerName: GCC  CompilerVersion: 8.4.0
ProgramName: mris_left_right_register  ProgramArguments: mris_left_right_register -all-info  ProgramVersion: 7.3.2  TimeStamp: 2026/04/04-09:39:15-GMT  BuildTime: Aug  4 2022 06:17:15  BuildStamp: freesurfer-linux-ubuntu22_x86_64-7.3.2-20220804-6354275  User: oesteban  Machine: dna070  Platform: Linux  PlatformVersion: 5.14.0-427.37.1.el9_4.x86_64  CompilerName: GCC  CompilerVersion: 8.4.0
ProgramName: mris_place_surface  ProgramArguments: mris_place_surface -all-info  ProgramVersion: 7.3.2  TimeStamp: 2026/04/04-09:39:15-GMT  BuildTime: Aug  4 2022 06:17:15  BuildStamp: freesurfer-linux-ubuntu22_x86_64-7.3.2-20220804-6354275  User: oesteban  Machine: dna070  Platform: Linux  PlatformVersion: 5.14.0-427.37.1.el9_4.x86_64  CompilerName: GCC  CompilerVersion: 8.4.0
ProgramName: mrisp_paint  ProgramArguments: mrisp_paint -all-info  ProgramVersion: 7.3.2  TimeStamp: 2026/04/04-09:39:15-GMT  BuildTime: Aug  4 2022 06:17:15  BuildStamp: freesurfer-linux-ubuntu22_x86_64-7.3.2-20220804-6354275  User: oesteban  Machine: dna070  Platform: Linux  PlatformVersion: 5.14.0-427.37.1.el9_4.x86_64  CompilerName: GCC  CompilerVersion: 8.4.0
ProgramName: mris_register  ProgramArguments: mris_register -all-info  ProgramVersion: 7.3.2  TimeStamp: 2026/04/04-09:39:15-GMT  BuildTime: Aug  4 2022 06:17:15  BuildStamp: freesurfer-linux-ubuntu22_x86_64-7.3.2-20220804-6354275  User: oesteban  Machine: dna070  Platform: Linux  PlatformVersion: 5.14.0-427.37.1.el9_4.x86_64  CompilerName: GCC  CompilerVersion: 8.4.0
ProgramName: mris_smooth  ProgramArguments: mris_smooth -all-info  ProgramVersion: 7.3.2  TimeStamp: 2026/04/04-09:39:15-GMT  BuildTime: Aug  4 2022 06:17:15  BuildStamp: freesurfer-linux-ubuntu22_x86_64-7.3.2-20220804-6354275  User: oesteban  Machine: dna070  Platform: Linux  PlatformVersion: 5.14.0-427.37.1.el9_4.x86_64  CompilerName: GCC  CompilerVersion: 8.4.0
ProgramName: mris_sphere  ProgramArguments: mris_sphere -all-info  ProgramVersion: 7.3.2  TimeStamp: 2026/04/04-09:39:15-GMT  BuildTime: Aug  4 2022 06:17:15  BuildStamp: freesurfer-linux-ubuntu22_x86_64-7.3.2-20220804-6354275  User: oesteban  Machine: dna070  Platform: Linux  PlatformVersion: 5.14.0-427.37.1.el9_4.x86_64  CompilerName: GCC  CompilerVersion: 8.4.0
ProgramName: mris_surface_stats  ProgramArguments: mris_surface_stats -all-info  ProgramVersion: 7.3.2  TimeStamp: 2026/04/04-09:39:15-GMT  BuildTime: Aug  4 2022 06:17:15  BuildStamp: freesurfer-linux-ubuntu22_x86_64-7.3.2-20220804-6354275  User: oesteban  Machine: dna070  Platform: Linux  PlatformVersion: 5.14.0-427.37.1.el9_4.x86_64  CompilerName: GCC  CompilerVersion: 8.4.0
ProgramName: mri_stats2seg  ProgramArguments: mri_stats2seg -all-info  ProgramVersion: 7.3.2  TimeStamp: 2026/04/04-09:39:15-GMT  BuildTime: Aug  4 2022 06:17:15  BuildStamp: freesurfer-linux-ubuntu22_x86_64-7.3.2-20220804-6354275  User: oesteban  Machine: dna070  Platform: Linux  PlatformVersion: 5.14.0-427.37.1.el9_4.x86_64  CompilerName: GCC  CompilerVersion: 8.4.0
ProgramName: mris_thickness  ProgramArguments: mris_thickness -all-info  ProgramVersion: 7.3.2  TimeStamp: 2026/04/04-09:39:15-GMT  BuildTime: Aug  4 2022 06:17:15  BuildStamp: freesurfer-linux-ubuntu22_x86_64-7.3.2-20220804-6354275  User: oesteban  Machine: dna070  Platform: Linux  PlatformVersion: 5.14.0-427.37.1.el9_4.x86_64  CompilerName: GCC  CompilerVersion: 8.4.0
ProgramName: mris_thickness_diff  ProgramArguments: mris_thickness_diff -all-info  ProgramVersion: 7.3.2  TimeStamp: 2026/04/04-09:39:15-GMT  BuildTime: Aug  4 2022 06:17:15  BuildStamp: freesurfer-linux-ubuntu22_x86_64-7.3.2-20220804-6354275  User: oesteban  Machine: dna070  Platform: Linux  PlatformVersion: 5.14.0-427.37.1.el9_4.x86_64  CompilerName: GCC  CompilerVersion: 8.4.0
ProgramName: mris_topo_fixer  ProgramArguments: mris_topo_fixer -all-info  ProgramVersion: 7.3.2  TimeStamp: 2026/04/04-09:39:15-GMT  BuildTime: Aug  4 2022 06:17:15  BuildStamp: freesurfer-linux-ubuntu22_x86_64-7.3.2-20220804-6354275  User: oesteban  Machine: dna070  Platform: Linux  PlatformVersion: 5.14.0-427.37.1.el9_4.x86_64  CompilerName: GCC  CompilerVersion: 8.4.0
ProgramName: mri_surf2surf  ProgramArguments: mri_surf2surf -all-info  ProgramVersion: 7.3.2  TimeStamp: 2026/04/04-09:39:15-GMT  BuildTime: Aug  4 2022 06:17:15  BuildStamp: freesurfer-linux-ubuntu22_x86_64-7.3.2-20220804-6354275  User: oesteban  Machine: dna070  Platform: Linux  PlatformVersion: 5.14.0-427.37.1.el9_4.x86_64  CompilerName: GCC  CompilerVersion: 8.4.0
ProgramName: mri_surf2vol  ProgramArguments: mri_surf2vol -all-info  ProgramVersion: 7.3.2  TimeStamp: 2026/04/04-09:39:15-GMT  BuildTime: Aug  4 2022 06:17:15  BuildStamp: freesurfer-linux-ubuntu22_x86_64-7.3.2-20220804-6354275  User: oesteban  Machine: dna070  Platform: Linux  PlatformVersion: 5.14.0-427.37.1.el9_4.x86_64  CompilerName: GCC  CompilerVersion: 8.4.0
ProgramName: mri_surfcluster  ProgramArguments: mri_surfcluster -all-info  ProgramVersion: 7.3.2  TimeStamp: 2026/04/04-09:39:15-GMT  BuildTime: Aug  4 2022 06:17:15  BuildStamp: freesurfer-linux-ubuntu22_x86_64-7.3.2-20220804-6354275  User: oesteban  Machine: dna070  Platform: Linux  PlatformVersion: 5.14.0-427.37.1.el9_4.x86_64  CompilerName: GCC  CompilerVersion: 8.4.0
ProgramName: mris_volmask  ProgramArguments: mris_volmask -all-info  ProgramVersion: 7.3.2  TimeStamp: 2026/04/04-09:39:15-GMT  BuildTime: Aug  4 2022 06:17:15  BuildStamp: freesurfer-linux-ubuntu22_x86_64-7.3.2-20220804-6354275  User: oesteban  Machine: dna070  Platform: Linux  PlatformVersion: 5.14.0-427.37.1.el9_4.x86_64  CompilerName: GCC  CompilerVersion: 8.4.0
ProgramName: mri_tessellate  ProgramArguments: mri_tessellate -all-info  ProgramVersion: 7.3.2  TimeStamp: 2026/04/04-09:39:15-GMT  BuildTime: Aug  4 2022 06:17:15  BuildStamp: freesurfer-linux-ubuntu22_x86_64-7.3.2-20220804-6354275  User: oesteban  Machine: dna070  Platform: Linux  PlatformVersion: 5.14.0-427.37.1.el9_4.x86_64  CompilerName: GCC  CompilerVersion: 8.4.0
ProgramName: mri_vol2surf  ProgramArguments: mri_vol2surf -all-info  ProgramVersion: 7.3.2  TimeStamp: 2026/04/04-09:39:15-GMT  BuildTime: Aug  4 2022 06:17:15  BuildStamp: freesurfer-linux-ubuntu22_x86_64-7.3.2-20220804-6354275  User: oesteban  Machine: dna070  Platform: Linux  PlatformVersion: 5.14.0-427.37.1.el9_4.x86_64  CompilerName: GCC  CompilerVersion: 8.4.0
ProgramName: mri_vol2vol  ProgramArguments: mri_vol2vol -all-info  ProgramVersion: 7.3.2  TimeStamp: 2026/04/04-09:39:15-GMT  BuildTime: Aug  4 2022 06:17:15  BuildStamp: freesurfer-linux-ubuntu22_x86_64-7.3.2-20220804-6354275  User: oesteban  Machine: dna070  Platform: Linux  PlatformVersion: 5.14.0-427.37.1.el9_4.x86_64  CompilerName: GCC  CompilerVersion: 8.4.0
ProgramName: mri_voldiff  ProgramArguments: mri_voldiff -all-info  ProgramVersion: 7.3.2  TimeStamp: 2026/04/04-09:39:15-GMT  BuildTime: Aug  4 2022 06:17:15  BuildStamp: freesurfer-linux-ubuntu22_x86_64-7.3.2-20220804-6354275  User: oesteban  Machine: dna070  Platform: Linux  PlatformVersion: 5.14.0-427.37.1.el9_4.x86_64  CompilerName: GCC  CompilerVersion: 8.4.0
ProgramName: mri_watershed  ProgramArguments: mri_watershed -all-info  ProgramVersion: 7.3.2  TimeStamp: 2026/04/04-09:39:15-GMT  BuildTime: Aug  4 2022 06:17:15  BuildStamp: freesurfer-linux-ubuntu22_x86_64-7.3.2-20220804-6354275  User: oesteban  Machine: dna070  Platform: Linux  PlatformVersion: 5.14.0-427.37.1.el9_4.x86_64  CompilerName: GCC  CompilerVersion: 8.4.0
ProgramName: tkregister2  ProgramArguments: tkregister2_cmdl -all-info  ProgramVersion: 7.3.2  TimeStamp: 2026/04/04-09:39:15-GMT  BuildTime: Aug  4 2022 06:17:15  BuildStamp: freesurfer-linux-ubuntu22_x86_64-7.3.2-20220804-6354275  User: oesteban  Machine: dna070  Platform: Linux  PlatformVersion: 5.14.0-427.37.1.el9_4.x86_64  CompilerName: GCC  CompilerVersion: 8.4.0
mri_motion_correct.fsl 7.3.2
mri_convert -all-info 
ProgramName: mri_convert  ProgramArguments: mri_convert -all-info  ProgramVersion: 7.3.2  TimeStamp: 2026/04/04-09:39:15-GMT  BuildTime: Aug  4 2022 06:17:15  BuildStamp: freesurfer-linux-ubuntu22_x86_64-7.3.2-20220804-6354275  User: oesteban  Machine: dna070  Platform: Linux  PlatformVersion: 5.14.0-427.37.1.el9_4.x86_64  CompilerName: GCC  CompilerVersion: 8.4.0
Program nu_correct, built from:
Package MNI N3, version 1.12.0, compiled by nicks@terrier (x86_64-unknown-linux-gnu) on 2015-06-19 at 01:25:34
#######################################
GCADIR /opt/freesurfer/average
GCA RB_all_2020-01-02.gca
GCASkull RB_all_withskull_2020_01_02.gca
AvgCurvTif folding.atlas.acfb40.noaparc.i12.2016-08-02.tif
GCSDIR /opt/freesurfer/average
GCS DKaparc.atlas.acfb40.noaparc.i12.2016-08-02.gcs
#######################################
#-------------------------------------
#@# EM Registration Sat Apr  4 11:39:15 CEST 2026
/out/sourcedata/freesurfer/sub-v1s12x0050109_ses-1/mri

 mri_em_register -uns 3 -mask brainmask.mgz nu.mgz /opt/freesurfer/average/RB_all_2020-01-02.gca transforms/talairach.lta 

setting unknown_nbr_spacing = 3
using MR volume brainmask.mgz to mask input volume...

== Number of threads available to mri_em_register for OpenMP = 16 == 
reading 1 input volumes...
logging results to talairach.log
reading '/opt/freesurfer/average/RB_all_2020-01-02.gca'...
GCAread took 0 minutes and 1 seconds.
average std = 7.2   using min determinant for regularization = 5.2
0 singular and 884 ill-conditioned covariance matrices regularized
reading 'nu.mgz'...
MRImask(): AllowDiffGeom = 1
MRImask(): AllowDiffGeom = 1
MRImask(): AllowDiffGeom = 1
MRImask(): AllowDiffGeom = 1
MRImask(): AllowDiffGeom = 1
freeing gibbs priors...done.
accounting for voxel sizes in initial transform
bounding unknown intensity as < 5.9 or > 519.0 
total sample mean = 79.1 (1017 zeros)
************************************************
spacing=8, using 2841 sample points, tol=1.00e-05...
************************************************
register_mri: find_optimal_transform
find_optimal_transform: nsamples 2841, passno 0, spacing 8
resetting wm mean[0]: 98 --> 107
resetting gm mean[0]: 61 --> 61
input volume #1 is the most T1-like
using real data threshold=28.9
skull bounding box = (66, 62, 48) --> (199, 197, 196)
finding center of left hemi white matter
using (110, 107, 122) as brain centroid of Right_Cerebral_White_Matter...
MRImask(): AllowDiffGeom = 1
mean wm in atlas = 107, using box (94,90,104) --> (126, 123,140) to find MRI wm
before smoothing, mri peak at 108
robust fit to distribution - 108 +- 3.6
after smoothing, mri peak at 109, scaling input intensities by 0.982
scaling channel 0 by 0.981651
initial log_p = -4.189
************************************************
First Search limited to translation only.
************************************************
max log p =    -3.929515 @ (-10.526, -10.526, -10.526)
max log p =    -3.777765 @ (5.263, 5.263, -5.263)
max log p =    -3.777765 @ (0.000, 0.000, 0.000)
max log p =    -3.757242 @ (-1.316, -1.316, -1.316)
max log p =    -3.717786 @ (-0.658, 1.974, -0.658)
max log p =    -3.717786 @ (0.000, 0.000, 0.000)
max log p =    -3.717786 @ (0.000, 0.000, 0.000)
max log p =    -3.717786 @ (0.000, 0.000, 0.000)
Found translation: (-7.2, -4.6, -17.8): log p = -3.718
****************************************
Nine parameter search.  iteration 0 nscales = 0 ...
****************************************
Result so far: scale 1.000: max_log_p=-3.404, old_max_log_p =-3.718 (thresh=-3.7)
 1.06580  -0.03632   0.13553  -28.25331;
 0.00000   1.11081   0.29764  -54.99944;
-0.14032  -0.27585   1.02949   39.08889;
 0.00000   0.00000   0.00000   1.00000;
iteration took 0 minutes and 7 seconds.
****************************************
Nine parameter search.  iteration 1 nscales = 0 ...
****************************************
Result so far: scale 1.000: max_log_p=-3.404, old_max_log_p =-3.404 (thresh=-3.4)
 1.06580  -0.03632   0.13553  -28.25331;
 0.00000   1.11081   0.29764  -54.99944;
-0.14032  -0.27585   1.02949   39.08889;
 0.00000   0.00000   0.00000   1.00000;
reducing scale to 0.2500
iteration took 0 minutes and 7 seconds.
****************************************
Nine parameter search.  iteration 2 nscales = 1 ...
****************************************
Result so far: scale 0.250: max_log_p=-3.262, old_max_log_p =-3.404 (thresh=-3.4)
 1.04875  -0.06198   0.08805  -15.31864;
 0.02223   1.07696   0.40038  -65.71358;
-0.10341  -0.38440   0.99934   53.13952;
 0.00000   0.00000   0.00000   1.00000;
iteration took 0 minutes and 8 seconds.
****************************************
Nine parameter search.  iteration 3 nscales = 1 ...
****************************************
Result so far: scale 0.250: max_log_p=-3.262, old_max_log_p =-3.262 (thresh=-3.3)
 1.04875  -0.06198   0.08805  -15.31864;
 0.02223   1.07696   0.40038  -65.71358;
-0.10341  -0.38440   0.99934   53.13952;
 0.00000   0.00000   0.00000   1.00000;
reducing scale to 0.0625
iteration took 0 minutes and 7 seconds.
****************************************
Nine parameter search.  iteration 4 nscales = 2 ...
****************************************
Result so far: scale 0.062: max_log_p=-3.240, old_max_log_p =-3.262 (thresh=-3.3)
 1.05215  -0.05007   0.08354  -16.29092;
 0.01192   1.06972   0.41552  -65.15951;
-0.09527  -0.40294   0.99451   54.48190;
 0.00000   0.00000   0.00000   1.00000;
iteration took 0 minutes and 7 seconds.
****************************************
Nine parameter search.  iteration 5 nscales = 2 ...
****************************************
Result so far: scale 0.062: max_log_p=-3.238, old_max_log_p =-3.240 (thresh=-3.2)
 1.05215  -0.05007   0.08354  -16.29092;
 0.01192   1.06972   0.41552  -65.15951;
-0.09538  -0.40341   0.99567   54.42220;
 0.00000   0.00000   0.00000   1.00000;
min search scale 0.025000 reached
***********************************************
Computing MAP estimate using 2841 samples...
***********************************************
dt = 5.00e-06, momentum=0.80, tol=1.00e-05
l_intensity = 1.0000
Aligning input volume to GCA...
Transform matrix
 1.05215  -0.05007   0.08354  -16.29092;
 0.01192   1.06972   0.41552  -65.15951;
-0.09538  -0.40341   0.99567   54.42220;
 0.00000   0.00000   0.00000   1.00000;
nsamples 2841
Quasinewton: input matrix
 1.05215  -0.05007   0.08354  -16.29092;
 0.01192   1.06972   0.41552  -65.15951;
-0.09538  -0.40341   0.99567   54.42220;
 0.00000   0.00000   0.00000   1.00000;
 IFLAG= -1  LINE SEARCH FAILED. SEE DOCUMENTATION OF ROUTINE MCSRCH ERROR RETURN OF LINE SEARCH: INFO= 3 POSSIBLE CAUSES: FUNCTION OR GRADIENT ARE INCORRECT OR INCORRECT TOLERANCESoutof QuasiNewtonEMA: 008: -log(p) =   -0.0  tol 0.000010
Resulting transform:
 1.05215  -0.05007   0.08354  -16.29092;
 0.01192   1.06972   0.41552  -65.15951;
-0.09538  -0.40341   0.99567   54.42220;
 0.00000   0.00000   0.00000   1.00000;

pass 1, spacing 8: log(p) = -3.238 (old=-4.189)
transform before final EM align:
 1.05215  -0.05007   0.08354  -16.29092;
 0.01192   1.06972   0.41552  -65.15951;
-0.09538  -0.40341   0.99567   54.42220;
 0.00000   0.00000   0.00000   1.00000;

**************************************************
 EM alignment process ...
 Computing final MAP estimate using 315638 samples. 
**************************************************
dt = 5.00e-06, momentum=0.80, tol=1.00e-07
l_intensity = 1.0000
Aligning input volume to GCA...
Transform matrix
 1.05215  -0.05007   0.08354  -16.29092;
 0.01192   1.06972   0.41552  -65.15951;
-0.09538  -0.40341   0.99567   54.42220;
 0.00000   0.00000   0.00000   1.00000;
nsamples 315638
Quasinewton: input matrix
 1.05215  -0.05007   0.08354  -16.29092;
 0.01192   1.06972   0.41552  -65.15951;
-0.09538  -0.40341   0.99567   54.42220;
 0.00000   0.00000   0.00000   1.00000;
dfp_em_step_func: 009: -log(p) = 3.8
after pass:transform: ( 1.05, -0.05, 0.08, -16.29)
                      ( 0.01, 1.07, 0.42, -65.16)
                      ( -0.10, -0.40, 1.00, 54.42)
dfp_em_step_func: 010: -log(p) = 3.8
after pass:transform: ( 1.05, -0.05, 0.08, -16.29)
                      ( 0.01, 1.07, 0.42, -65.16)
                      ( -0.10, -0.40, 1.00, 54.42)
dfp_em_step_func: 011: -log(p) = 3.8
after pass:transform: ( 1.05, -0.05, 0.08, -16.29)
                      ( 0.01, 1.07, 0.42, -65.16)
                      ( -0.10, -0.40, 1.00, 54.42)
 IFLAG= -1  LINE SEARCH FAILED. SEE DOCUMENTATION OF ROUTINE MCSRCH ERROR RETURN OF LINE SEARCH: INFO= 3 POSSIBLE CAUSES: FUNCTION OR GRADIENT ARE INCORRECT OR INCORRECT TOLERANCESpass 2 through quasi-newton minimization...
 IFLAG= -1  LINE SEARCH FAILED. SEE DOCUMENTATION OF ROUTINE MCSRCH ERROR RETURN OF LINE SEARCH: INFO= 3 POSSIBLE CAUSES: FUNCTION OR GRADIENT ARE INCORRECT OR INCORRECT TOLERANCESoutof QuasiNewtonEMA: 013: -log(p) =    3.8  tol 0.000000
final transform:
 1.05222  -0.05000   0.08360  -16.29092;
 0.01196   1.06975   0.41557  -65.15951;
-0.09533  -0.40335   0.99571   54.42220;
 0.00000   0.00000   0.00000   1.00000;

writing output transformation to transforms/talairach.lta...
#VMPC# mri_em_register VmPeak  891284
FSRUNTIME@ mri_em_register  0.0247 hours 16 threads
registration took 1 minutes and 29 seconds.

Started at Sat Apr 4 11:39:15 CEST 2026 
Ended   at Sat Apr 4 11:40:44 CEST 2026
#@#%# recon-all-run-time-hours 0.025
recon-all -s sub-v1s12x0050109_ses-1 finished without error at Sat Apr  4 11:40:44 CEST 2026



#New# invocation of recon-all 




Sat Apr  4 11:40:48 CEST 2026
cd /out/sourcedata/freesurfer/sub-v1s12x0050109_ses-1
setenv SUBJECTS_DIR /out/sourcedata/freesurfer
/opt/freesurfer/bin/recon-all -autorecon2-volonly -openmp 16 -subjid sub-v1s12x0050109_ses-1 -sd /out/sourcedata/freesurfer -nogcareg

subjid sub-v1s12x0050109_ses-1
setenv SUBJECTS_DIR /out/sourcedata/freesurfer
FREESURFER_HOME /opt/freesurfer
Actual FREESURFER_HOME /opt/freesurfer
build-stamp.txt: freesurfer-linux-ubuntu22_x86_64-7.3.2-20220804-6354275
Linux dna070 5.14.0-427.37.1.el9_4.x86_64 #1 SMP PREEMPT_DYNAMIC Fri Sep 13 12:41:50 EDT 2024 x86_64 x86_64 x86_64 GNU/Linux
cputime      unlimited
filesize     unlimited
datasize     unlimited
stacksize    8192 kbytes
coredumpsize 0 kbytes
memoryuse    67108864 kbytes
vmemoryuse   unlimited
descriptors  1024 
memorylocked unlimited
maxproc      2061970 
maxlocks     unlimited
maxsignal    2062029 
maxmessage   819200 
maxnice      0 
maxrtprio    0 
maxrttime    unlimited

               total        used        free      shared  buff/cache   available
Mem:           503Gi        47Gi       284Gi        16Gi       170Gi       435Gi
Swap:             0B          0B          0B

########################################
program versions used
7.3.2 (freesurfer-linux-ubuntu22_x86_64-7.3.2-20220804-6354275)
7.3.2

ProgramName: lta_convert  ProgramArguments: lta_convert -all-info  ProgramVersion: 7.3.2  TimeStamp: 2026/04/04-09:40:48-GMT  BuildTime: Aug  4 2022 06:17:15  BuildStamp: freesurfer-linux-ubuntu22_x86_64-7.3.2-20220804-6354275  User: oesteban  Machine: dna070  Platform: Linux  PlatformVersion: 5.14.0-427.37.1.el9_4.x86_64  CompilerName: GCC  CompilerVersion: 8.4.0
ProgramName: mri_and  ProgramArguments: mri_and -all-info  ProgramVersion: 7.3.2  TimeStamp: 2026/04/04-09:40:48-GMT  BuildTime: Aug  4 2022 06:17:15  BuildStamp: freesurfer-linux-ubuntu22_x86_64-7.3.2-20220804-6354275  User: oesteban  Machine: dna070  Platform: Linux  PlatformVersion: 5.14.0-427.37.1.el9_4.x86_64  CompilerName: GCC  CompilerVersion: 8.4.0
ProgramName: mri_annotation2label  ProgramArguments: mri_annotation2label -all-info  ProgramVersion: 7.3.2  TimeStamp: 2026/04/04-09:40:48-GMT  BuildTime: Aug  4 2022 06:17:15  BuildStamp: freesurfer-linux-ubuntu22_x86_64-7.3.2-20220804-6354275  User: oesteban  Machine: dna070  Platform: Linux  PlatformVersion: 5.14.0-427.37.1.el9_4.x86_64  CompilerName: GCC  CompilerVersion: 8.4.0
ProgramName: mri_aparc2aseg  ProgramArguments: mri_aparc2aseg -all-info  ProgramVersion: 7.3.2  TimeStamp: 2026/04/04-09:40:48-GMT  BuildTime: Aug  4 2022 06:17:15  BuildStamp: freesurfer-linux-ubuntu22_x86_64-7.3.2-20220804-6354275  User: oesteban  Machine: dna070  Platform: Linux  PlatformVersion: 5.14.0-427.37.1.el9_4.x86_64  CompilerName: GCC  CompilerVersion: 8.4.0
ProgramName: mri_surf2volseg  ProgramArguments: mri_surf2volseg -all-info  ProgramVersion: 7.3.2  TimeStamp: 2026/04/04-09:40:48-GMT  BuildTime: Aug  4 2022 06:17:15  BuildStamp: freesurfer-linux-ubuntu22_x86_64-7.3.2-20220804-6354275  User: oesteban  Machine: dna070  Platform: Linux  PlatformVersion: 5.14.0-427.37.1.el9_4.x86_64  CompilerName: GCC  CompilerVersion: 8.4.0
ProgramName: mri_binarize  ProgramArguments: mri_binarize -all-info  ProgramVersion: 7.3.2  TimeStamp: 2026/04/04-09:40:48-GMT  BuildTime: Aug  4 2022 06:17:15  BuildStamp: freesurfer-linux-ubuntu22_x86_64-7.3.2-20220804-6354275  User: oesteban  Machine: dna070  Platform: Linux  PlatformVersion: 5.14.0-427.37.1.el9_4.x86_64  CompilerName: GCC  CompilerVersion: 8.4.0
ProgramName: mri_ca_label  ProgramArguments: mri_ca_label -all-info  ProgramVersion: 7.3.2  TimeStamp: 2026/04/04-09:40:48-GMT  BuildTime: Aug  4 2022 06:17:15  BuildStamp: freesurfer-linux-ubuntu22_x86_64-7.3.2-20220804-6354275  User: oesteban  Machine: dna070  Platform: Linux  PlatformVersion: 5.14.0-427.37.1.el9_4.x86_64  CompilerName: GCC  CompilerVersion: 8.4.0
ProgramName: mri_ca_normalize  ProgramArguments: mri_ca_normalize -all-info  ProgramVersion: 7.3.2  TimeStamp: 2026/04/04-09:40:48-GMT  BuildTime: Aug  4 2022 06:17:15  BuildStamp: freesurfer-linux-ubuntu22_x86_64-7.3.2-20220804-6354275  User: oesteban  Machine: dna070  Platform: Linux  PlatformVersion: 5.14.0-427.37.1.el9_4.x86_64  CompilerName: GCC  CompilerVersion: 8.4.0
ProgramName: mri_ca_register  ProgramArguments: mri_ca_register -all-info  ProgramVersion: 7.3.2  TimeStamp: 2026/04/04-09:40:48-GMT  BuildTime: Aug  4 2022 06:17:15  BuildStamp: freesurfer-linux-ubuntu22_x86_64-7.3.2-20220804-6354275  User: oesteban  Machine: dna070  Platform: Linux  PlatformVersion: 5.14.0-427.37.1.el9_4.x86_64  CompilerName: GCC  CompilerVersion: 8.4.0
ProgramName: mri_cc  ProgramArguments: mri_cc -all-info  ProgramVersion: 7.3.2  TimeStamp: 2026/04/04-09:40:48-GMT  BuildTime: Aug  4 2022 06:17:15  BuildStamp: freesurfer-linux-ubuntu22_x86_64-7.3.2-20220804-6354275  User: oesteban  Machine: dna070  Platform: Linux  PlatformVersion: 5.14.0-427.37.1.el9_4.x86_64  CompilerName: GCC  CompilerVersion: 8.4.0
ProgramName: mri_compute_overlap  ProgramArguments: mri_compute_overlap -all-info  ProgramVersion: 7.3.2  TimeStamp: 2026/04/04-09:40:48-GMT  BuildTime: Aug  4 2022 06:17:15  BuildStamp: freesurfer-linux-ubuntu22_x86_64-7.3.2-20220804-6354275  User: oesteban  Machine: dna070  Platform: Linux  PlatformVersion: 5.14.0-427.37.1.el9_4.x86_64  CompilerName: GCC  CompilerVersion: 8.4.0
ProgramName: mri_compute_seg_overlap  ProgramArguments: mri_compute_seg_overlap -all-info  ProgramVersion: 7.3.2  TimeStamp: 2026/04/04-09:40:48-GMT  BuildTime: Aug  4 2022 06:17:15  BuildStamp: freesurfer-linux-ubuntu22_x86_64-7.3.2-20220804-6354275  User: oesteban  Machine: dna070  Platform: Linux  PlatformVersion: 5.14.0-427.37.1.el9_4.x86_64  CompilerName: GCC  CompilerVersion: 8.4.0
ProgramName: mri_concat  ProgramArguments: mri_concat -all-info  ProgramVersion: 7.3.2  TimeStamp: 2026/04/04-09:40:48-GMT  BuildTime: Aug  4 2022 06:17:15  BuildStamp: freesurfer-linux-ubuntu22_x86_64-7.3.2-20220804-6354275  User: oesteban  Machine: dna070  Platform: Linux  PlatformVersion: 5.14.0-427.37.1.el9_4.x86_64  CompilerName: GCC  CompilerVersion: 8.4.0
ProgramName: mri_concatenate_lta  ProgramArguments: mri_concatenate_lta -all-info  ProgramVersion: 7.3.2  TimeStamp: 2026/04/04-09:40:48-GMT  BuildTime: Aug  4 2022 06:17:15  BuildStamp: freesurfer-linux-ubuntu22_x86_64-7.3.2-20220804-6354275  User: oesteban  Machine: dna070  Platform: Linux  PlatformVersion: 5.14.0-427.37.1.el9_4.x86_64  CompilerName: GCC  CompilerVersion: 8.4.0
mri_convert -all-info 
ProgramName: mri_convert  ProgramArguments: mri_convert -all-info  ProgramVersion: 7.3.2  TimeStamp: 2026/04/04-09:40:48-GMT  BuildTime: Aug  4 2022 06:17:15  BuildStamp: freesurfer-linux-ubuntu22_x86_64-7.3.2-20220804-6354275  User: oesteban  Machine: dna070  Platform: Linux  PlatformVersion: 5.14.0-427.37.1.el9_4.x86_64  CompilerName: GCC  CompilerVersion: 8.4.0
ProgramName: mri_diff  ProgramArguments: mri_diff -all-info  ProgramVersion: 7.3.2  TimeStamp: 2026/04/04-09:40:48-GMT  BuildTime: Aug  4 2022 06:17:15  BuildStamp: freesurfer-linux-ubuntu22_x86_64-7.3.2-20220804-6354275  User: oesteban  Machine: dna070  Platform: Linux  PlatformVersion: 5.14.0-427.37.1.el9_4.x86_64  CompilerName: GCC  CompilerVersion: 8.4.0
ProgramName: mri_edit_wm_with_aseg  ProgramArguments: mri_edit_wm_with_aseg -all-info  ProgramVersion: 7.3.2  TimeStamp: 2026/04/04-09:40:48-GMT  BuildTime: Aug  4 2022 06:17:15  BuildStamp: freesurfer-linux-ubuntu22_x86_64-7.3.2-20220804-6354275  User: oesteban  Machine: dna070  Platform: Linux  PlatformVersion: 5.14.0-427.37.1.el9_4.x86_64  CompilerName: GCC  CompilerVersion: 8.4.0
ProgramName: mri_em_register  ProgramArguments: mri_em_register -all-info  ProgramVersion: 7.3.2  TimeStamp: 2026/04/04-09:40:48-GMT  BuildTime: Aug  4 2022 06:17:15  BuildStamp: freesurfer-linux-ubuntu22_x86_64-7.3.2-20220804-6354275  User: oesteban  Machine: dna070  Platform: Linux  PlatformVersion: 5.14.0-427.37.1.el9_4.x86_64  CompilerName: GCC  CompilerVersion: 8.4.0
ProgramName: mri_fill  ProgramArguments: mri_fill -all-info  ProgramVersion: 7.3.2  TimeStamp: 2026/04/04-09:40:48-GMT  BuildTime: Aug  4 2022 06:17:15  BuildStamp: freesurfer-linux-ubuntu22_x86_64-7.3.2-20220804-6354275  User: oesteban  Machine: dna070  Platform: Linux  PlatformVersion: 5.14.0-427.37.1.el9_4.x86_64  CompilerName: GCC  CompilerVersion: 8.4.0
ProgramName: mri_fuse_segmentations  ProgramArguments: mri_fuse_segmentations -all-info  ProgramVersion: 7.3.2  TimeStamp: 2026/04/04-09:40:48-GMT  BuildTime: Aug  4 2022 06:17:15  BuildStamp: freesurfer-linux-ubuntu22_x86_64-7.3.2-20220804-6354275  User: oesteban  Machine: dna070  Platform: Linux  PlatformVersion: 5.14.0-427.37.1.el9_4.x86_64  CompilerName: GCC  CompilerVersion: 8.4.0
ProgramName: mri_fwhm  ProgramArguments: mri_fwhm -all-info  ProgramVersion: 7.3.2  TimeStamp: 2026/04/04-09:40:48-GMT  BuildTime: Aug  4 2022 06:17:15  BuildStamp: freesurfer-linux-ubuntu22_x86_64-7.3.2-20220804-6354275  User: oesteban  Machine: dna070  Platform: Linux  PlatformVersion: 5.14.0-427.37.1.el9_4.x86_64  CompilerName: GCC  CompilerVersion: 8.4.0
ProgramName: mri_gcut  ProgramArguments: mri_gcut -all-info  ProgramVersion: 7.3.2  TimeStamp: 2026/04/04-09:40:48-GMT  BuildTime: Aug  4 2022 06:17:15  BuildStamp: freesurfer-linux-ubuntu22_x86_64-7.3.2-20220804-6354275  User: oesteban  Machine: dna070  Platform: Linux  PlatformVersion: 5.14.0-427.37.1.el9_4.x86_64  CompilerName: GCC  CompilerVersion: 8.4.0
ProgramName: mri_info  ProgramArguments: mri_info -all-info  ProgramVersion: 7.3.2  TimeStamp: 2026/04/04-09:40:48-GMT  BuildTime: Aug  4 2022 06:17:15  BuildStamp: freesurfer-linux-ubuntu22_x86_64-7.3.2-20220804-6354275  User: oesteban  Machine: dna070  Platform: Linux  PlatformVersion: 5.14.0-427.37.1.el9_4.x86_64  CompilerName: GCC  CompilerVersion: 8.4.0
ProgramName: mri_label2label  ProgramArguments: mri_label2label -all-info  ProgramVersion: 7.3.2  TimeStamp: 2026/04/04-09:40:48-GMT  BuildTime: Aug  4 2022 06:17:15  BuildStamp: freesurfer-linux-ubuntu22_x86_64-7.3.2-20220804-6354275  User: oesteban  Machine: dna070  Platform: Linux  PlatformVersion: 5.14.0-427.37.1.el9_4.x86_64  CompilerName: GCC  CompilerVersion: 8.4.0
ProgramName: mri_label2vol  ProgramArguments: mri_label2vol -all-info  ProgramVersion: 7.3.2  TimeStamp: 2026/04/04-09:40:48-GMT  BuildTime: Aug  4 2022 06:17:15  BuildStamp: freesurfer-linux-ubuntu22_x86_64-7.3.2-20220804-6354275  User: oesteban  Machine: dna070  Platform: Linux  PlatformVersion: 5.14.0-427.37.1.el9_4.x86_64  CompilerName: GCC  CompilerVersion: 8.4.0
ProgramName: mri_log_likelihood  ProgramArguments: mri_log_likelihood -all-info  ProgramVersion: 7.3.2  TimeStamp: 2026/04/04-09:40:48-GMT  BuildTime: Aug  4 2022 06:17:15  BuildStamp: freesurfer-linux-ubuntu22_x86_64-7.3.2-20220804-6354275  User: oesteban  Machine: dna070  Platform: Linux  PlatformVersion: 5.14.0-427.37.1.el9_4.x86_64  CompilerName: GCC  CompilerVersion: 8.4.0
ProgramName: mri_mask  ProgramArguments: mri_mask -all-info  ProgramVersion: 7.3.2  TimeStamp: 2026/04/04-09:40:48-GMT  BuildTime: Aug  4 2022 06:17:15  BuildStamp: freesurfer-linux-ubuntu22_x86_64-7.3.2-20220804-6354275  User: oesteban  Machine: dna070  Platform: Linux  PlatformVersion: 5.14.0-427.37.1.el9_4.x86_64  CompilerName: GCC  CompilerVersion: 8.4.0
ProgramName: mri_matrix_multiply  ProgramArguments: mri_matrix_multiply -all-info  ProgramVersion: 7.3.2  TimeStamp: 2026/04/04-09:40:48-GMT  BuildTime: Aug  4 2022 06:17:15  BuildStamp: freesurfer-linux-ubuntu22_x86_64-7.3.2-20220804-6354275  User: oesteban  Machine: dna070  Platform: Linux  PlatformVersion: 5.14.0-427.37.1.el9_4.x86_64  CompilerName: GCC  CompilerVersion: 8.4.0
ProgramName: mri_normalize  ProgramArguments: mri_normalize -all-info  ProgramVersion: 7.3.2  TimeStamp: 2026/04/04-09:40:48-GMT  BuildTime: Aug  4 2022 06:17:15  BuildStamp: freesurfer-linux-ubuntu22_x86_64-7.3.2-20220804-6354275  User: oesteban  Machine: dna070  Platform: Linux  PlatformVersion: 5.14.0-427.37.1.el9_4.x86_64  CompilerName: GCC  CompilerVersion: 8.4.0
ProgramName: mri_normalize_tp2  ProgramArguments: mri_normalize_tp2 -all-info  ProgramVersion: 7.3.2  TimeStamp: 2026/04/04-09:40:48-GMT  BuildTime: Aug  4 2022 06:17:15  BuildStamp: freesurfer-linux-ubuntu22_x86_64-7.3.2-20220804-6354275  User: oesteban  Machine: dna070  Platform: Linux  PlatformVersion: 5.14.0-427.37.1.el9_4.x86_64  CompilerName: GCC  CompilerVersion: 8.4.0
ProgramName: mri_or  ProgramArguments: mri_or -all-info  ProgramVersion: 7.3.2  TimeStamp: 2026/04/04-09:40:48-GMT  BuildTime: Aug  4 2022 06:17:15  BuildStamp: freesurfer-linux-ubuntu22_x86_64-7.3.2-20220804-6354275  User: oesteban  Machine: dna070  Platform: Linux  PlatformVersion: 5.14.0-427.37.1.el9_4.x86_64  CompilerName: GCC  CompilerVersion: 8.4.0
ProgramName: mri_relabel_hypointensities  ProgramArguments: mri_relabel_hypointensities -all-info  ProgramVersion: 7.3.2  TimeStamp: 2026/04/04-09:40:48-GMT  BuildTime: Aug  4 2022 06:17:15  BuildStamp: freesurfer-linux-ubuntu22_x86_64-7.3.2-20220804-6354275  User: oesteban  Machine: dna070  Platform: Linux  PlatformVersion: 5.14.0-427.37.1.el9_4.x86_64  CompilerName: GCC  CompilerVersion: 8.4.0
ProgramName: mri_relabel_nonwm_hypos  ProgramArguments: mri_relabel_nonwm_hypos -all-info  ProgramVersion: 7.3.2  TimeStamp: 2026/04/04-09:40:48-GMT  BuildTime: Aug  4 2022 06:17:15  BuildStamp: freesurfer-linux-ubuntu22_x86_64-7.3.2-20220804-6354275  User: oesteban  Machine: dna070  Platform: Linux  PlatformVersion: 5.14.0-427.37.1.el9_4.x86_64  CompilerName: GCC  CompilerVersion: 8.4.0
ProgramName: mri_remove_neck  ProgramArguments: mri_remove_neck -all-info  ProgramVersion: 7.3.2  TimeStamp: 2026/04/04-09:40:48-GMT  BuildTime: Aug  4 2022 06:17:15  BuildStamp: freesurfer-linux-ubuntu22_x86_64-7.3.2-20220804-6354275  User: oesteban  Machine: dna070  Platform: Linux  PlatformVersion: 5.14.0-427.37.1.el9_4.x86_64  CompilerName: GCC  CompilerVersion: 8.4.0
7.3.2

ProgramName: mri_robust_register  ProgramArguments: mri_robust_register -all-info  ProgramVersion: 7.3.2  TimeStamp: 2026/04/04-09:40:48-GMT  BuildTime: Aug  4 2022 06:17:15  BuildStamp: freesurfer-linux-ubuntu22_x86_64-7.3.2-20220804-6354275  User: oesteban  Machine: dna070  Platform: Linux  PlatformVersion: 5.14.0-427.37.1.el9_4.x86_64  CompilerName: GCC  CompilerVersion: 8.4.0
7.3.2

ProgramName: mri_robust_template  ProgramArguments: mri_robust_template -all-info  ProgramVersion: 7.3.2  TimeStamp: 2026/04/04-09:40:48-GMT  BuildTime: Aug  4 2022 06:17:15  BuildStamp: freesurfer-linux-ubuntu22_x86_64-7.3.2-20220804-6354275  User: oesteban  Machine: dna070  Platform: Linux  PlatformVersion: 5.14.0-427.37.1.el9_4.x86_64  CompilerName: GCC  CompilerVersion: 8.4.0
ProgramName: mris_anatomical_stats  ProgramArguments: mris_anatomical_stats -all-info  ProgramVersion: 7.3.2  TimeStamp: 2026/04/04-09:40:48-GMT  BuildTime: Aug  4 2022 06:17:15  BuildStamp: freesurfer-linux-ubuntu22_x86_64-7.3.2-20220804-6354275  User: oesteban  Machine: dna070  Platform: Linux  PlatformVersion: 5.14.0-427.37.1.el9_4.x86_64  CompilerName: GCC  CompilerVersion: 8.4.0
ProgramName: mris_ca_label  ProgramArguments: mris_ca_label -all-info  ProgramVersion: 7.3.2  TimeStamp: 2026/04/04-09:40:48-GMT  BuildTime: Aug  4 2022 06:17:15  BuildStamp: freesurfer-linux-ubuntu22_x86_64-7.3.2-20220804-6354275  User: oesteban  Machine: dna070  Platform: Linux  PlatformVersion: 5.14.0-427.37.1.el9_4.x86_64  CompilerName: GCC  CompilerVersion: 8.4.0
ProgramName: mris_calc  ProgramArguments: mris_calc -all-info  ProgramVersion: 7.3.2  TimeStamp: 2026/04/04-09:40:48-GMT  BuildTime: Aug  4 2022 06:17:15  BuildStamp: freesurfer-linux-ubuntu22_x86_64-7.3.2-20220804-6354275  User: oesteban  Machine: dna070  Platform: Linux  PlatformVersion: 5.14.0-427.37.1.el9_4.x86_64  CompilerName: GCC  CompilerVersion: 8.4.0
ProgramName: mris_convert  ProgramArguments: mris_convert -all-info  ProgramVersion: 7.3.2  TimeStamp: 2026/04/04-09:40:48-GMT  BuildTime: Aug  4 2022 06:17:15  BuildStamp: freesurfer-linux-ubuntu22_x86_64-7.3.2-20220804-6354275  User: oesteban  Machine: dna070  Platform: Linux  PlatformVersion: 5.14.0-427.37.1.el9_4.x86_64  CompilerName: GCC  CompilerVersion: 8.4.0
ProgramName: mris_curvature  ProgramArguments: mris_curvature -all-info  ProgramVersion: 7.3.2  TimeStamp: 2026/04/04-09:40:48-GMT  BuildTime: Aug  4 2022 06:17:15  BuildStamp: freesurfer-linux-ubuntu22_x86_64-7.3.2-20220804-6354275  User: oesteban  Machine: dna070  Platform: Linux  PlatformVersion: 5.14.0-427.37.1.el9_4.x86_64  CompilerName: GCC  CompilerVersion: 8.4.0
ProgramName: mris_curvature_stats  ProgramArguments: mris_curvature_stats -all-info  ProgramVersion: 7.3.2  TimeStamp: 2026/04/04-09:40:48-GMT  BuildTime: Aug  4 2022 06:17:15  BuildStamp: freesurfer-linux-ubuntu22_x86_64-7.3.2-20220804-6354275  User: oesteban  Machine: dna070  Platform: Linux  PlatformVersion: 5.14.0-427.37.1.el9_4.x86_64  CompilerName: GCC  CompilerVersion: 8.4.0
ProgramName: mris_diff  ProgramArguments: mris_diff -all-info  ProgramVersion: 7.3.2  TimeStamp: 2026/04/04-09:40:48-GMT  BuildTime: Aug  4 2022 06:17:15  BuildStamp: freesurfer-linux-ubuntu22_x86_64-7.3.2-20220804-6354275  User: oesteban  Machine: dna070  Platform: Linux  PlatformVersion: 5.14.0-427.37.1.el9_4.x86_64  CompilerName: GCC  CompilerVersion: 8.4.0
ProgramName: mris_divide_parcellation  ProgramArguments: mris_divide_parcellation -all-info  ProgramVersion: 7.3.2  TimeStamp: 2026/04/04-09:40:48-GMT  BuildTime: Aug  4 2022 06:17:15  BuildStamp: freesurfer-linux-ubuntu22_x86_64-7.3.2-20220804-6354275  User: oesteban  Machine: dna070  Platform: Linux  PlatformVersion: 5.14.0-427.37.1.el9_4.x86_64  CompilerName: GCC  CompilerVersion: 8.4.0
ProgramName: mri_segment  ProgramArguments: mri_segment -all-info  ProgramVersion: 7.3.2  TimeStamp: 2026/04/04-09:40:48-GMT  BuildTime: Aug  4 2022 06:17:15  BuildStamp: freesurfer-linux-ubuntu22_x86_64-7.3.2-20220804-6354275  User: oesteban  Machine: dna070  Platform: Linux  PlatformVersion: 5.14.0-427.37.1.el9_4.x86_64  CompilerName: GCC  CompilerVersion: 8.4.0
ProgramName: mri_segstats  ProgramArguments: mri_segstats -all-info  ProgramVersion: 7.3.2  TimeStamp: 2026/04/04-09:40:48-GMT  BuildTime: Aug  4 2022 06:17:15  BuildStamp: freesurfer-linux-ubuntu22_x86_64-7.3.2-20220804-6354275  User: oesteban  Machine: dna070  Platform: Linux  PlatformVersion: 5.14.0-427.37.1.el9_4.x86_64  CompilerName: GCC  CompilerVersion: 8.4.0
ProgramName: mris_euler_number  ProgramArguments: mris_euler_number -all-info  ProgramVersion: 7.3.2  TimeStamp: 2026/04/04-09:40:48-GMT  BuildTime: Aug  4 2022 06:17:15  BuildStamp: freesurfer-linux-ubuntu22_x86_64-7.3.2-20220804-6354275  User: oesteban  Machine: dna070  Platform: Linux  PlatformVersion: 5.14.0-427.37.1.el9_4.x86_64  CompilerName: GCC  CompilerVersion: 8.4.0
ProgramName: mris_fix_topology  ProgramArguments: mris_fix_topology -all-info  ProgramVersion: 7.3.2  TimeStamp: 2026/04/04-09:40:48-GMT  BuildTime: Aug  4 2022 06:17:15  BuildStamp: freesurfer-linux-ubuntu22_x86_64-7.3.2-20220804-6354275  User: oesteban  Machine: dna070  Platform: Linux  PlatformVersion: 5.14.0-427.37.1.el9_4.x86_64  CompilerName: GCC  CompilerVersion: 8.4.0
ProgramName: mris_topo_fixer  ProgramArguments: mris_topo_fixer -all-info  ProgramVersion: 7.3.2  TimeStamp: 2026/04/04-09:40:48-GMT  BuildTime: Aug  4 2022 06:17:15  BuildStamp: freesurfer-linux-ubuntu22_x86_64-7.3.2-20220804-6354275  User: oesteban  Machine: dna070  Platform: Linux  PlatformVersion: 5.14.0-427.37.1.el9_4.x86_64  CompilerName: GCC  CompilerVersion: 8.4.0
ProgramName: mris_jacobian  ProgramArguments: mris_jacobian -all-info  ProgramVersion: 7.3.2  TimeStamp: 2026/04/04-09:40:48-GMT  BuildTime: Aug  4 2022 06:17:15  BuildStamp: freesurfer-linux-ubuntu22_x86_64-7.3.2-20220804-6354275  User: oesteban  Machine: dna070  Platform: Linux  PlatformVersion: 5.14.0-427.37.1.el9_4.x86_64  CompilerName: GCC  CompilerVersion: 8.4.0
ProgramName: mris_label2annot  ProgramArguments: mris_label2annot -all-info  ProgramVersion: 7.3.2  TimeStamp: 2026/04/04-09:40:48-GMT  BuildTime: Aug  4 2022 06:17:15  BuildStamp: freesurfer-linux-ubuntu22_x86_64-7.3.2-20220804-6354275  User: oesteban  Machine: dna070  Platform: Linux  PlatformVersion: 5.14.0-427.37.1.el9_4.x86_64  CompilerName: GCC  CompilerVersion: 8.4.0
ProgramName: mris_left_right_register  ProgramArguments: mris_left_right_register -all-info  ProgramVersion: 7.3.2  TimeStamp: 2026/04/04-09:40:48-GMT  BuildTime: Aug  4 2022 06:17:15  BuildStamp: freesurfer-linux-ubuntu22_x86_64-7.3.2-20220804-6354275  User: oesteban  Machine: dna070  Platform: Linux  PlatformVersion: 5.14.0-427.37.1.el9_4.x86_64  CompilerName: GCC  CompilerVersion: 8.4.0
ProgramName: mris_place_surface  ProgramArguments: mris_place_surface -all-info  ProgramVersion: 7.3.2  TimeStamp: 2026/04/04-09:40:48-GMT  BuildTime: Aug  4 2022 06:17:15  BuildStamp: freesurfer-linux-ubuntu22_x86_64-7.3.2-20220804-6354275  User: oesteban  Machine: dna070  Platform: Linux  PlatformVersion: 5.14.0-427.37.1.el9_4.x86_64  CompilerName: GCC  CompilerVersion: 8.4.0
ProgramName: mrisp_paint  ProgramArguments: mrisp_paint -all-info  ProgramVersion: 7.3.2  TimeStamp: 2026/04/04-09:40:48-GMT  BuildTime: Aug  4 2022 06:17:15  BuildStamp: freesurfer-linux-ubuntu22_x86_64-7.3.2-20220804-6354275  User: oesteban  Machine: dna070  Platform: Linux  PlatformVersion: 5.14.0-427.37.1.el9_4.x86_64  CompilerName: GCC  CompilerVersion: 8.4.0
ProgramName: mris_register  ProgramArguments: mris_register -all-info  ProgramVersion: 7.3.2  TimeStamp: 2026/04/04-09:40:48-GMT  BuildTime: Aug  4 2022 06:17:15  BuildStamp: freesurfer-linux-ubuntu22_x86_64-7.3.2-20220804-6354275  User: oesteban  Machine: dna070  Platform: Linux  PlatformVersion: 5.14.0-427.37.1.el9_4.x86_64  CompilerName: GCC  CompilerVersion: 8.4.0
ProgramName: mris_smooth  ProgramArguments: mris_smooth -all-info  ProgramVersion: 7.3.2  TimeStamp: 2026/04/04-09:40:48-GMT  BuildTime: Aug  4 2022 06:17:15  BuildStamp: freesurfer-linux-ubuntu22_x86_64-7.3.2-20220804-6354275  User: oesteban  Machine: dna070  Platform: Linux  PlatformVersion: 5.14.0-427.37.1.el9_4.x86_64  CompilerName: GCC  CompilerVersion: 8.4.0
ProgramName: mris_sphere  ProgramArguments: mris_sphere -all-info  ProgramVersion: 7.3.2  TimeStamp: 2026/04/04-09:40:48-GMT  BuildTime: Aug  4 2022 06:17:15  BuildStamp: freesurfer-linux-ubuntu22_x86_64-7.3.2-20220804-6354275  User: oesteban  Machine: dna070  Platform: Linux  PlatformVersion: 5.14.0-427.37.1.el9_4.x86_64  CompilerName: GCC  CompilerVersion: 8.4.0
ProgramName: mris_surface_stats  ProgramArguments: mris_surface_stats -all-info  ProgramVersion: 7.3.2  TimeStamp: 2026/04/04-09:40:48-GMT  BuildTime: Aug  4 2022 06:17:15  BuildStamp: freesurfer-linux-ubuntu22_x86_64-7.3.2-20220804-6354275  User: oesteban  Machine: dna070  Platform: Linux  PlatformVersion: 5.14.0-427.37.1.el9_4.x86_64  CompilerName: GCC  CompilerVersion: 8.4.0
ProgramName: mri_stats2seg  ProgramArguments: mri_stats2seg -all-info  ProgramVersion: 7.3.2  TimeStamp: 2026/04/04-09:40:48-GMT  BuildTime: Aug  4 2022 06:17:15  BuildStamp: freesurfer-linux-ubuntu22_x86_64-7.3.2-20220804-6354275  User: oesteban  Machine: dna070  Platform: Linux  PlatformVersion: 5.14.0-427.37.1.el9_4.x86_64  CompilerName: GCC  CompilerVersion: 8.4.0
ProgramName: mris_thickness  ProgramArguments: mris_thickness -all-info  ProgramVersion: 7.3.2  TimeStamp: 2026/04/04-09:40:48-GMT  BuildTime: Aug  4 2022 06:17:15  BuildStamp: freesurfer-linux-ubuntu22_x86_64-7.3.2-20220804-6354275  User: oesteban  Machine: dna070  Platform: Linux  PlatformVersion: 5.14.0-427.37.1.el9_4.x86_64  CompilerName: GCC  CompilerVersion: 8.4.0
ProgramName: mris_thickness_diff  ProgramArguments: mris_thickness_diff -all-info  ProgramVersion: 7.3.2  TimeStamp: 2026/04/04-09:40:48-GMT  BuildTime: Aug  4 2022 06:17:15  BuildStamp: freesurfer-linux-ubuntu22_x86_64-7.3.2-20220804-6354275  User: oesteban  Machine: dna070  Platform: Linux  PlatformVersion: 5.14.0-427.37.1.el9_4.x86_64  CompilerName: GCC  CompilerVersion: 8.4.0
ProgramName: mris_topo_fixer  ProgramArguments: mris_topo_fixer -all-info  ProgramVersion: 7.3.2  TimeStamp: 2026/04/04-09:40:48-GMT  BuildTime: Aug  4 2022 06:17:15  BuildStamp: freesurfer-linux-ubuntu22_x86_64-7.3.2-20220804-6354275  User: oesteban  Machine: dna070  Platform: Linux  PlatformVersion: 5.14.0-427.37.1.el9_4.x86_64  CompilerName: GCC  CompilerVersion: 8.4.0
ProgramName: mri_surf2surf  ProgramArguments: mri_surf2surf -all-info  ProgramVersion: 7.3.2  TimeStamp: 2026/04/04-09:40:48-GMT  BuildTime: Aug  4 2022 06:17:15  BuildStamp: freesurfer-linux-ubuntu22_x86_64-7.3.2-20220804-6354275  User: oesteban  Machine: dna070  Platform: Linux  PlatformVersion: 5.14.0-427.37.1.el9_4.x86_64  CompilerName: GCC  CompilerVersion: 8.4.0
ProgramName: mri_surf2vol  ProgramArguments: mri_surf2vol -all-info  ProgramVersion: 7.3.2  TimeStamp: 2026/04/04-09:40:48-GMT  BuildTime: Aug  4 2022 06:17:15  BuildStamp: freesurfer-linux-ubuntu22_x86_64-7.3.2-20220804-6354275  User: oesteban  Machine: dna070  Platform: Linux  PlatformVersion: 5.14.0-427.37.1.el9_4.x86_64  CompilerName: GCC  CompilerVersion: 8.4.0
ProgramName: mri_surfcluster  ProgramArguments: mri_surfcluster -all-info  ProgramVersion: 7.3.2  TimeStamp: 2026/04/04-09:40:48-GMT  BuildTime: Aug  4 2022 06:17:15  BuildStamp: freesurfer-linux-ubuntu22_x86_64-7.3.2-20220804-6354275  User: oesteban  Machine: dna070  Platform: Linux  PlatformVersion: 5.14.0-427.37.1.el9_4.x86_64  CompilerName: GCC  CompilerVersion: 8.4.0
ProgramName: mris_volmask  ProgramArguments: mris_volmask -all-info  ProgramVersion: 7.3.2  TimeStamp: 2026/04/04-09:40:48-GMT  BuildTime: Aug  4 2022 06:17:15  BuildStamp: freesurfer-linux-ubuntu22_x86_64-7.3.2-20220804-6354275  User: oesteban  Machine: dna070  Platform: Linux  PlatformVersion: 5.14.0-427.37.1.el9_4.x86_64  CompilerName: GCC  CompilerVersion: 8.4.0
ProgramName: mri_tessellate  ProgramArguments: mri_tessellate -all-info  ProgramVersion: 7.3.2  TimeStamp: 2026/04/04-09:40:48-GMT  BuildTime: Aug  4 2022 06:17:15  BuildStamp: freesurfer-linux-ubuntu22_x86_64-7.3.2-20220804-6354275  User: oesteban  Machine: dna070  Platform: Linux  PlatformVersion: 5.14.0-427.37.1.el9_4.x86_64  CompilerName: GCC  CompilerVersion: 8.4.0
ProgramName: mri_vol2surf  ProgramArguments: mri_vol2surf -all-info  ProgramVersion: 7.3.2  TimeStamp: 2026/04/04-09:40:48-GMT  BuildTime: Aug  4 2022 06:17:15  BuildStamp: freesurfer-linux-ubuntu22_x86_64-7.3.2-20220804-6354275  User: oesteban  Machine: dna070  Platform: Linux  PlatformVersion: 5.14.0-427.37.1.el9_4.x86_64  CompilerName: GCC  CompilerVersion: 8.4.0
ProgramName: mri_vol2vol  ProgramArguments: mri_vol2vol -all-info  ProgramVersion: 7.3.2  TimeStamp: 2026/04/04-09:40:48-GMT  BuildTime: Aug  4 2022 06:17:15  BuildStamp: freesurfer-linux-ubuntu22_x86_64-7.3.2-20220804-6354275  User: oesteban  Machine: dna070  Platform: Linux  PlatformVersion: 5.14.0-427.37.1.el9_4.x86_64  CompilerName: GCC  CompilerVersion: 8.4.0
ProgramName: mri_voldiff  ProgramArguments: mri_voldiff -all-info  ProgramVersion: 7.3.2  TimeStamp: 2026/04/04-09:40:48-GMT  BuildTime: Aug  4 2022 06:17:15  BuildStamp: freesurfer-linux-ubuntu22_x86_64-7.3.2-20220804-6354275  User: oesteban  Machine: dna070  Platform: Linux  PlatformVersion: 5.14.0-427.37.1.el9_4.x86_64  CompilerName: GCC  CompilerVersion: 8.4.0
ProgramName: mri_watershed  ProgramArguments: mri_watershed -all-info  ProgramVersion: 7.3.2  TimeStamp: 2026/04/04-09:40:48-GMT  BuildTime: Aug  4 2022 06:17:15  BuildStamp: freesurfer-linux-ubuntu22_x86_64-7.3.2-20220804-6354275  User: oesteban  Machine: dna070  Platform: Linux  PlatformVersion: 5.14.0-427.37.1.el9_4.x86_64  CompilerName: GCC  CompilerVersion: 8.4.0
ProgramName: tkregister2  ProgramArguments: tkregister2_cmdl -all-info  ProgramVersion: 7.3.2  TimeStamp: 2026/04/04-09:40:48-GMT  BuildTime: Aug  4 2022 06:17:15  BuildStamp: freesurfer-linux-ubuntu22_x86_64-7.3.2-20220804-6354275  User: oesteban  Machine: dna070  Platform: Linux  PlatformVersion: 5.14.0-427.37.1.el9_4.x86_64  CompilerName: GCC  CompilerVersion: 8.4.0
mri_motion_correct.fsl 7.3.2
mri_convert -all-info 
ProgramName: mri_convert  ProgramArguments: mri_convert -all-info  ProgramVersion: 7.3.2  TimeStamp: 2026/04/04-09:40:48-GMT  BuildTime: Aug  4 2022 06:17:15  BuildStamp: freesurfer-linux-ubuntu22_x86_64-7.3.2-20220804-6354275  User: oesteban  Machine: dna070  Platform: Linux  PlatformVersion: 5.14.0-427.37.1.el9_4.x86_64  CompilerName: GCC  CompilerVersion: 8.4.0
Program nu_correct, built from:
Package MNI N3, version 1.12.0, compiled by nicks@terrier (x86_64-unknown-linux-gnu) on 2015-06-19 at 01:25:34
#######################################
GCADIR /opt/freesurfer/average
GCA RB_all_2020-01-02.gca
GCASkull RB_all_withskull_2020_01_02.gca
AvgCurvTif folding.atlas.acfb40.noaparc.i12.2016-08-02.tif
GCSDIR /opt/freesurfer/average
GCS DKaparc.atlas.acfb40.noaparc.i12.2016-08-02.gcs
#######################################
#--------------------------------------
#@# CA Normalize Sat Apr  4 11:40:48 CEST 2026
/out/sourcedata/freesurfer/sub-v1s12x0050109_ses-1/mri

 mri_ca_normalize -c ctrl_pts.mgz -mask brainmask.mgz nu.mgz /opt/freesurfer/average/RB_all_2020-01-02.gca transforms/talairach.lta norm.mgz 

writing control point volume to ctrl_pts.mgz
using MR volume brainmask.mgz to mask input volume...
reading 1 input volume
reading atlas from '/opt/freesurfer/average/RB_all_2020-01-02.gca'...
reading transform from 'transforms/talairach.lta'...
reading input volume from nu.mgz...
resetting wm mean[0]: 98 --> 107
resetting gm mean[0]: 61 --> 61
input volume #1 is the most T1-like
using real data threshold=28.9
skull bounding box = (66, 62, 48) --> (199, 197, 196)
finding center of left hemi white matter
using (110, 107, 122) as brain centroid of Right_Cerebral_White_Matter...
mean wm in atlas = 107, using box (94,90,104) --> (126, 123,140) to find MRI wm
before smoothing, mri peak at 108
robust fit to distribution - 108 +- 3.6
after smoothing, mri peak at 109, scaling input intensities by 0.982
scaling channel 0 by 0.981651
using 246437 sample points...
INFO: compute sample coordinates transform
 1.05222  -0.05000   0.08360  -16.29092;
 0.01196   1.06975   0.41557  -65.15951;
-0.09533  -0.40335   0.99571   54.42220;
 0.00000   0.00000   0.00000   1.00000;
INFO: transform used
finding control points in Left_Cerebral_White_Matter....
found 40230 control points for structure...
bounding box (129, 67, 48) --> (196, 176, 198)
Left_Cerebral_White_Matter: limiting intensities to 96.0 --> 132.0
10 of 8040 (0.1%) samples deleted
finding control points in Right_Cerebral_White_Matter....
found 39478 control points for structure...
bounding box (71, 68, 46) --> (135, 170, 197)
Right_Cerebral_White_Matter: limiting intensities to 96.0 --> 132.0
5 of 7808 (0.1%) samples deleted
finding control points in Left_Cerebellum_White_Matter....
found 3105 control points for structure...
bounding box (136, 148, 81) --> (183, 188, 129)
Left_Cerebellum_White_Matter: limiting intensities to 93.0 --> 132.0
0 of 361 (0.0%) samples deleted
finding control points in Right_Cerebellum_White_Matter....
found 2710 control points for structure...
bounding box (94, 148, 75) --> (136, 189, 127)
Right_Cerebellum_White_Matter: limiting intensities to 88.0 --> 132.0
0 of 222 (0.0%) samples deleted
finding control points in Brain_Stem....
found 3475 control points for structure...
bounding box (117, 136, 108) --> (150, 196, 137)
Brain_Stem: limiting intensities to 90.0 --> 132.0
0 of 623 (0.0%) samples deleted
using 17054 total control points for intensity normalization...
bias field = 0.977 +- 0.058
83 of 17039 control points discarded
finding control points in Left_Cerebral_White_Matter....
found 40230 control points for structure...
bounding box (129, 67, 48) --> (196, 176, 198)
Left_Cerebral_White_Matter: limiting intensities to 91.0 --> 132.0
13 of 8267 (0.2%) samples deleted
finding control points in Right_Cerebral_White_Matter....
found 39478 control points for structure...
bounding box (71, 68, 46) --> (135, 170, 197)
Right_Cerebral_White_Matter: limiting intensities to 91.0 --> 132.0
13 of 8000 (0.2%) samples deleted
finding control points in Left_Cerebellum_White_Matter....
found 3105 control points for structure...
bounding box (136, 148, 81) --> (183, 188, 129)
Left_Cerebellum_White_Matter: limiting intensities to 88.0 --> 132.0
12 of 400 (3.0%) samples deleted
finding control points in Right_Cerebellum_White_Matter....
found 2710 control points for structure...
bounding box (94, 148, 75) --> (136, 189, 127)
Right_Cerebellum_White_Matter: limiting intensities to 88.0 --> 132.0
17 of 266 (6.4%) samples deleted
finding control points in Brain_Stem....
found 3475 control points for structure...
bounding box (117, 136, 108) --> (150, 196, 137)
Brain_Stem: limiting intensities to 88.0 --> 132.0
46 of 704 (6.5%) samples deleted
using 17637 total control points for intensity normalization...
bias field = 1.029 +- 0.049
73 of 17422 control points discarded
finding control points in Left_Cerebral_White_Matter....
found 40230 control points for structure...
bounding box (129, 67, 48) --> (196, 176, 198)
Left_Cerebral_White_Matter: limiting intensities to 91.0 --> 132.0
15 of 8246 (0.2%) samples deleted
finding control points in Right_Cerebral_White_Matter....
found 39478 control points for structure...
bounding box (71, 68, 46) --> (135, 170, 197)
Right_Cerebral_White_Matter: limiting intensities to 91.0 --> 132.0
9 of 8027 (0.1%) samples deleted
finding control points in Left_Cerebellum_White_Matter....
found 3105 control points for structure...
bounding box (136, 148, 81) --> (183, 188, 129)
Left_Cerebellum_White_Matter: limiting intensities to 88.0 --> 132.0
36 of 396 (9.1%) samples deleted
finding control points in Right_Cerebellum_White_Matter....
found 2710 control points for structure...
bounding box (94, 148, 75) --> (136, 189, 127)
Right_Cerebellum_White_Matter: limiting intensities to 88.0 --> 132.0
50 of 298 (16.8%) samples deleted
finding control points in Brain_Stem....
found 3475 control points for structure...
bounding box (117, 136, 108) --> (150, 196, 137)
Brain_Stem: limiting intensities to 88.0 --> 132.0
73 of 731 (10.0%) samples deleted
using 17698 total control points for intensity normalization...
bias field = 1.023 +- 0.043
71 of 17354 control points discarded
writing normalized volume to norm.mgz...
writing control points to ctrl_pts.mgz
freeing GCA...done.
normalization took 0 minutes and 52 seconds.
#--------------------------------------
#@# CA Reg Sat Apr  4 11:41:40 CEST 2026
/out/sourcedata/freesurfer/sub-v1s12x0050109_ses-1/mri

 mri_ca_register -nobigventricles -T transforms/talairach.lta -align-after -mask brainmask.mgz norm.mgz /opt/freesurfer/average/RB_all_2020-01-02.gca transforms/talairach.m3z 

not handling expanded ventricles...
using previously computed transform transforms/talairach.lta
renormalizing sequences with structure alignment, equivalent to:
	-renormalize
	-regularize_mean 0.500
	-regularize 0.500
using MR volume brainmask.mgz to mask input volume...

== Number of threads available to mri_ca_register for OpenMP = 16 == 
reading 1 input volumes...
logging results to talairach.log
reading input volume 'norm.mgz'...
reading GCA '/opt/freesurfer/average/RB_all_2020-01-02.gca'...
label assignment complete, 0 changed (0.00%)
freeing gibbs priors...done.
average std[0] = 5.0
Starting GCAMregister()
label assignment complete, 0 changed (0.00%)
npasses = 1, nlevels = 6
#pass# 1 of 1 ************************
enabling zero nodes
setting smoothness cost coefficient to 0.156

#GCAMreg# pass 0 level1 5 level2 0 tsec 0 sigma 2
l_jacobian=1.00 l_label=1.00 l_log_likelihood=0.20 l_smoothness=0.16 
tol=2.50e-01, dt=5.00e-02, exp_k=20.0, momentum=0.90, levels=6, niter=500, lbl_dist=10.00, avgs=256, sigma=2.0,type=2, relabel=0, neg=no

blurring input image with Gaussian with sigma=2.000...
GCAMRegisterLevel(): init RMS 0.792484
#FOTS# QuadFit found better minimum quadopt=(dt=235.352,rms=0.725893) vs oldopt=(dt=92.48,rms=0.748805)
#GCMRL#    0 dt 235.351825 rms  0.726  8.403% neg 0  invalid 762 tFOTS 2.7450 tGradient 2.1430 tsec 5.1080
#FOTS# QuadFit found better minimum quadopt=(dt=136.046,rms=0.70777) vs oldopt=(dt=92.48,rms=0.709852)
#GCMRL#    1 dt 136.046422 rms  0.708  2.497% neg 0  invalid 762 tFOTS 2.8970 tGradient 2.2660 tsec 5.3800
#GCMRL#    2 dt 369.920000 rms  0.693  2.054% neg 0  invalid 762 tFOTS 2.8970 tGradient 2.1830 tsec 5.3020
#FOTS# QuadFit found better minimum quadopt=(dt=110.976,rms=0.687965) vs oldopt=(dt=92.48,rms=0.688113)
#GCMRL#    3 dt 110.976000 rms  0.688  0.760% neg 0  invalid 762 tFOTS 2.9760 tGradient 2.2520 tsec 5.4520
#FOTS# QuadFit found better minimum quadopt=(dt=517.888,rms=0.680475) vs oldopt=(dt=369.92,rms=0.682075)
#GCMRL#    4 dt 517.888000 rms  0.680  1.089% neg 0  invalid 762 tFOTS 3.0680 tGradient 2.3150 tsec 5.6020
#FOTS# QuadFit found better minimum quadopt=(dt=110.976,rms=0.679203) vs oldopt=(dt=92.48,rms=0.679254)
#GCMRL#    5 dt 110.976000 rms  0.679  0.000% neg 0  invalid 762 tFOTS 2.9820 tGradient 2.3050 tsec 5.5250
#GCMRL#    6 dt 110.976000 rms  0.678  0.120% neg 0  invalid 762 tFOTS 0.0000 tGradient 2.2020 tsec 2.3980
#GCMRL#    7 dt 110.976000 rms  0.677  0.215% neg 0  invalid 762 tFOTS 0.0000 tGradient 2.1500 tsec 2.3490
#GCMRL#    8 dt 110.976000 rms  0.675  0.264% neg 0  invalid 762 tFOTS 0.0000 tGradient 2.1590 tsec 2.3510
#GCMRL#    9 dt 110.976000 rms  0.673  0.282% neg 0  invalid 762 tFOTS 0.0000 tGradient 2.1820 tsec 2.3780
#GCMRL#   10 dt 110.976000 rms  0.671  0.288% neg 0  invalid 762 tFOTS 0.0000 tGradient 2.1430 tsec 2.3350
#GCMRL#   11 dt 110.976000 rms  0.669  0.295% neg 0  invalid 762 tFOTS 0.0000 tGradient 2.2040 tsec 2.4010
#GCMRL#   12 dt 110.976000 rms  0.668  0.251% neg 0  invalid 762 tFOTS 0.0000 tGradient 2.0860 tsec 2.2850
#GCMRL#   13 dt 110.976000 rms  0.666  0.205% neg 0  invalid 762 tFOTS 0.0000 tGradient 2.1780 tsec 2.3790
#GCMRL#   14 dt 110.976000 rms  0.665  0.199% neg 0  invalid 762 tFOTS 0.0000 tGradient 2.1820 tsec 2.3780
#GCMRL#   15 dt 110.976000 rms  0.664  0.183% neg 0  invalid 762 tFOTS 0.0000 tGradient 2.1800 tsec 2.3760
#GCMRL#   16 dt 110.976000 rms  0.663  0.168% neg 0  invalid 762 tFOTS 0.0000 tGradient 2.1510 tsec 2.3480
#GCMRL#   17 dt 110.976000 rms  0.662  0.156% neg 0  invalid 762 tFOTS 0.0000 tGradient 2.1480 tsec 2.3380
#GCMRL#   18 dt 110.976000 rms  0.661  0.133% neg 0  invalid 762 tFOTS 0.0000 tGradient 2.2480 tsec 2.4450
#GCMRL#   19 dt 110.976000 rms  0.660  0.109% neg 0  invalid 762 tFOTS 0.0000 tGradient 2.1800 tsec 2.3750
#GCMRL#   20 dt 110.976000 rms  0.659  0.088% neg 0  invalid 762 tFOTS 0.0000 tGradient 2.2250 tsec 2.4380
#FOTS# QuadFit found better minimum quadopt=(dt=517.888,rms=0.658908) vs oldopt=(dt=369.92,rms=0.659003)
#GCMRL#   21 dt 517.888000 rms  0.659  0.000% neg 0  invalid 762 tFOTS 3.0810 tGradient 2.2050 tsec 5.5210

#GCAMreg# pass 0 level1 5 level2 1 tsec 84.617 sigma 0.5
l_jacobian=1.00 l_label=1.00 l_log_likelihood=0.20 l_smoothness=0.16 
tol=2.50e-01, dt=5.00e-02, exp_k=20.0, momentum=0.90, levels=6, niter=500, lbl_dist=10.00, avgs=256, sigma=0.5,type=2, relabel=0, neg=no

blurring input image with Gaussian with sigma=0.500...
GCAMRegisterLevel(): init RMS 0.659534
#FOTS# QuadFit found better minimum quadopt=(dt=129.472,rms=0.657841) vs oldopt=(dt=92.48,rms=0.658052)
#GCMRL#   23 dt 129.472000 rms  0.658  0.257% neg 0  invalid 762 tFOTS 2.9050 tGradient 2.1720 tsec 5.2940
#FOTS# QuadFit found better minimum quadopt=(dt=517.888,rms=0.65665) vs oldopt=(dt=369.92,rms=0.656824)
#GCMRL#   24 dt 517.888000 rms  0.657  0.000% neg 0  invalid 762 tFOTS 2.9400 tGradient 2.2380 tsec 5.4070
setting smoothness cost coefficient to 0.615

#GCAMreg# pass 0 level1 4 level2 0 tsec 0 sigma 2
l_jacobian=1.00 l_label=1.00 l_log_likelihood=0.20 l_smoothness=0.62 
tol=2.50e-01, dt=5.00e-02, exp_k=20.0, momentum=0.90, levels=6, niter=500, lbl_dist=10.00, avgs=64, sigma=2.0,type=2, relabel=0, neg=no

blurring input image with Gaussian with sigma=2.000...
GCAMRegisterLevel(): init RMS 0.669657
#FOTS# QuadFit found better minimum quadopt=(dt=64,rms=0.667114) vs oldopt=(dt=25.92,rms=0.667431)
#GCMRL#   26 dt  64.000000 rms  0.667  0.380% neg 0  invalid 762 tFOTS 2.9210 tGradient 1.7880 tsec 4.9370
#FOTS# QuadFit found better minimum quadopt=(dt=145.152,rms=0.661843) vs oldopt=(dt=103.68,rms=0.662847)
#GCMRL#   27 dt 145.152000 rms  0.662  0.790% neg 0  invalid 762 tFOTS 2.7530 tGradient 1.6950 tsec 4.6750
#FOTS# QuadFit found better minimum quadopt=(dt=331.776,rms=0.655006) vs oldopt=(dt=414.72,rms=0.655413)
#GCMRL#   28 dt 331.776000 rms  0.655  1.033% neg 0  invalid 762 tFOTS 2.9270 tGradient 1.7130 tsec 4.8510
#FOTS# QuadFit found better minimum quadopt=(dt=51.1169,rms=0.65239) vs oldopt=(dt=25.92,rms=0.652889)
#GCMRL#   29 dt  51.116883 rms  0.652  0.399% neg 0  invalid 762 tFOTS 2.9190 tGradient 1.7630 tsec 4.8980
#GCMRL#   30 dt 103.680000 rms  0.652  0.000% neg 0  invalid 762 tFOTS 2.8180 tGradient 1.6450 tsec 4.7200
#GCMRL#   31 dt 103.680000 rms  0.652  0.017% neg 0  invalid 762 tFOTS 0.0000 tGradient 1.8630 tsec 2.0580
#GCMRL#   32 dt 103.680000 rms  0.650  0.303% neg 0  invalid 762 tFOTS 0.0000 tGradient 1.8540 tsec 2.0490
#GCMRL#   33 dt 103.680000 rms  0.648  0.316% neg 0  invalid 762 tFOTS 0.0000 tGradient 1.6710 tsec 1.8680
#GCMRL#   34 dt 103.680000 rms  0.646  0.208% neg 0  invalid 762 tFOTS 0.0000 tGradient 1.7510 tsec 1.9440
#GCMRL#   35 dt 103.680000 rms  0.644  0.284% neg 0  invalid 762 tFOTS 0.0000 tGradient 1.7100 tsec 1.9070
#GCMRL#   36 dt 103.680000 rms  0.642  0.372% neg 0  invalid 762 tFOTS 0.0000 tGradient 1.7070 tsec 1.9030
#GCMRL#   37 dt 103.680000 rms  0.641  0.236% neg 0  invalid 762 tFOTS 0.0000 tGradient 1.6530 tsec 1.8540
#GCMRL#   38 dt 103.680000 rms  0.640  0.150% neg 0  invalid 762 tFOTS 0.0000 tGradient 1.6110 tsec 1.8130
#GCMRL#   39 dt 103.680000 rms  0.638  0.182% neg 0  invalid 762 tFOTS 0.0000 tGradient 1.6130 tsec 1.8070
#GCMRL#   40 dt 103.680000 rms  0.638  0.094% neg 0  invalid 762 tFOTS 0.0000 tGradient 1.7180 tsec 1.9180
#GCMRL#   41 dt 103.680000 rms  0.637  0.057% neg 0  invalid 762 tFOTS 0.0000 tGradient 1.7050 tsec 1.9160
#FOTS# QuadFit found better minimum quadopt=(dt=62.208,rms=0.637033) vs oldopt=(dt=103.68,rms=0.637111)
#GCMRL#   42 dt  62.208000 rms  0.637  0.062% neg 0  invalid 762 tFOTS 2.6430 tGradient 1.7080 tsec 4.5640

#GCAMreg# pass 0 level1 4 level2 1 tsec 63.167 sigma 0.5
l_jacobian=1.00 l_label=1.00 l_log_likelihood=0.20 l_smoothness=0.62 
tol=2.50e-01, dt=5.00e-02, exp_k=20.0, momentum=0.90, levels=6, niter=500, lbl_dist=10.00, avgs=64, sigma=0.5,type=2, relabel=0, neg=no

blurring input image with Gaussian with sigma=0.500...
GCAMRegisterLevel(): init RMS 0.637676
#FOTS# QuadFit found better minimum quadopt=(dt=36.288,rms=0.636371) vs oldopt=(dt=25.92,rms=0.636505)
#GCMRL#   44 dt  36.288000 rms  0.636  0.205% neg 0  invalid 762 tFOTS 2.8120 tGradient 1.7220 tsec 4.7500
#FOTS# QuadFit found better minimum quadopt=(dt=36.288,rms=0.636269) vs oldopt=(dt=25.92,rms=0.636281)
#GCMRL#   45 dt  36.288000 rms  0.636  0.000% neg 0  invalid 762 tFOTS 3.0880 tGradient 1.7770 tsec 5.1070
setting smoothness cost coefficient to 2.353

#GCAMreg# pass 0 level1 3 level2 0 tsec 0 sigma 2
l_jacobian=1.00 l_label=1.00 l_log_likelihood=0.20 l_smoothness=2.35 
tol=2.50e-01, dt=5.00e-02, exp_k=20.0, momentum=0.90, levels=6, niter=500, lbl_dist=10.00, avgs=16, sigma=2.0,type=2, relabel=0, neg=no

blurring input image with Gaussian with sigma=2.000...
GCAMRegisterLevel(): init RMS 0.669297
#FOTS# QuadFit found better minimum quadopt=(dt=1.6,rms=0.668509) vs oldopt=(dt=2,rms=0.668527)
#GCMRL#   47 dt   1.600000 rms  0.669  0.118% neg 0  invalid 762 tFOTS 2.6910 tGradient 1.4980 tsec 4.4020
#FOTS# QuadFit found better minimum quadopt=(dt=0.0375,rms=0.66851) vs oldopt=(dt=0.03125,rms=0.66851)

#GCAMreg# pass 0 level1 3 level2 1 tsec 17.446 sigma 0.5
l_jacobian=1.00 l_label=1.00 l_log_likelihood=0.20 l_smoothness=2.35 
tol=2.50e-01, dt=5.00e-02, exp_k=20.0, momentum=0.90, levels=6, niter=500, lbl_dist=10.00, avgs=16, sigma=0.5,type=2, relabel=0, neg=no

blurring input image with Gaussian with sigma=0.500...
GCAMRegisterLevel(): init RMS 0.669125
#FOTS# QuadFit found better minimum quadopt=(dt=0.7,rms=0.668475) vs oldopt=(dt=0.5,rms=0.668477)
#GCMRL#   49 dt   0.700000 rms  0.668  0.097% neg 0  invalid 762 tFOTS 2.6320 tGradient 1.4910 tsec 4.3450
#FOTS# QuadFit found better minimum quadopt=(dt=0.0109375,rms=0.668478) vs oldopt=(dt=0.0078125,rms=0.668478)
setting smoothness cost coefficient to 8.000

#GCAMreg# pass 0 level1 2 level2 0 tsec 0 sigma 2
l_jacobian=1.00 l_label=1.00 l_log_likelihood=0.20 l_smoothness=8.00 
tol=2.50e-01, dt=5.00e-02, exp_k=20.0, momentum=0.90, levels=6, niter=500, lbl_dist=10.00, avgs=4, sigma=2.0,type=2, relabel=0, neg=no

blurring input image with Gaussian with sigma=2.000...
GCAMRegisterLevel(): init RMS 0.754222
#FOTS# QuadFit found better minimum quadopt=(dt=2.55382,rms=0.725606) vs oldopt=(dt=2.88,rms=0.726074)
#GCMRL#   51 dt   2.553819 rms  0.726  3.794% neg 0  invalid 762 tFOTS 2.6440 tGradient 1.2930 tsec 4.1520
#FOTS# QuadFit found better minimum quadopt=(dt=2.29586,rms=0.720369) vs oldopt=(dt=2.88,rms=0.720706)
#GCMRL#   52 dt   2.295858 rms  0.720  0.722% neg 0  invalid 762 tFOTS 2.5270 tGradient 1.3340 tsec 4.0690
#FOTS# QuadFit found better minimum quadopt=(dt=2.20408,rms=0.718606) vs oldopt=(dt=2.88,rms=0.71877)
#GCMRL#   53 dt   2.204082 rms  0.719  0.000% neg 0  invalid 762 tFOTS 2.5540 tGradient 1.3270 tsec 4.1020
#GCMRL#   54 dt   2.204082 rms  0.718  0.018% neg 0  invalid 762 tFOTS 0.0000 tGradient 1.2740 tsec 1.4700

#GCAMreg# pass 0 level1 2 level2 1 tsec 23.966 sigma 0.5
l_jacobian=1.00 l_label=1.00 l_log_likelihood=0.20 l_smoothness=8.00 
tol=2.50e-01, dt=5.00e-02, exp_k=20.0, momentum=0.90, levels=6, niter=500, lbl_dist=10.00, avgs=4, sigma=0.5,type=2, relabel=0, neg=no

blurring input image with Gaussian with sigma=0.500...
GCAMRegisterLevel(): init RMS 0.719002
#GCMRL#   56 dt   0.000000 rms  0.718  0.073% neg 0  invalid 762 tFOTS 2.5850 tGradient 1.4960 tsec 4.2910
setting smoothness cost coefficient to 20.000

#GCAMreg# pass 0 level1 1 level2 0 tsec 0 sigma 2
l_jacobian=1.00 l_label=1.00 l_log_likelihood=0.20 l_smoothness=20.00 
tol=2.50e-01, dt=5.00e-02, exp_k=20.0, momentum=0.90, levels=6, niter=500, lbl_dist=10.00, avgs=1, sigma=2.0,type=2, relabel=0, neg=no

blurring input image with Gaussian with sigma=2.000...
GCAMRegisterLevel(): init RMS 0.761537
#FOTS# QuadFit found better minimum quadopt=(dt=0.112,rms=0.760777) vs oldopt=(dt=0.08,rms=0.760827)
#GCMRL#   58 dt   0.112000 rms  0.761  0.100% neg 0  invalid 762 tFOTS 2.6400 tGradient 1.3420 tsec 4.2030
#GCMRL#   59 dt   0.320000 rms  0.760  0.000% neg 0  invalid 762 tFOTS 2.6530 tGradient 1.3350 tsec 4.2220
#GCMRL#   60 dt   0.320000 rms  0.758  0.247% neg 0  invalid 762 tFOTS 0.0000 tGradient 1.2940 tsec 1.4970
#GCMRL#   61 dt   0.320000 rms  0.756  0.294% neg 0  invalid 762 tFOTS 0.0000 tGradient 1.0830 tsec 1.2800
#GCMRL#   62 dt   0.320000 rms  0.754  0.247% neg 0  invalid 762 tFOTS 0.0000 tGradient 1.0840 tsec 1.2840
#GCMRL#   63 dt   0.320000 rms  0.752  0.233% neg 0  invalid 762 tFOTS 0.0000 tGradient 1.1560 tsec 1.3520
#GCMRL#   64 dt   0.320000 rms  0.751  0.208% neg 0  invalid 762 tFOTS 0.0000 tGradient 1.1310 tsec 1.3470
#GCMRL#   65 dt   0.320000 rms  0.750  0.074% neg 0  invalid 762 tFOTS 0.0000 tGradient 1.1030 tsec 1.3030
#GCMRL#   66 dt   0.320000 rms  0.750 -0.071% neg 0  invalid 762 tFOTS 0.0000 tGradient 1.2000 tsec 1.5410
#FOTS# QuadFit found better minimum quadopt=(dt=0.448,rms=0.749869) vs oldopt=(dt=0.32,rms=0.749969)
#GCMRL#   67 dt   0.448000 rms  0.750  0.065% neg 0  invalid 762 tFOTS 2.6080 tGradient 1.1830 tsec 4.0080
#FOTS# QuadFit found better minimum quadopt=(dt=1.536,rms=0.746997) vs oldopt=(dt=1.28,rms=0.747038)
#GCMRL#   68 dt   1.536000 rms  0.747  0.383% neg 0  invalid 762 tFOTS 2.6730 tGradient 1.0930 tsec 3.9700
#FOTS# QuadFit found better minimum quadopt=(dt=0.112,rms=0.746509) vs oldopt=(dt=0.08,rms=0.74657)
#GCMRL#   69 dt   0.112000 rms  0.747  0.000% neg 0  invalid 762 tFOTS 2.6490 tGradient 1.1670 tsec 4.0460

#GCAMreg# pass 0 level1 1 level2 1 tsec 40.36 sigma 0.5
l_jacobian=1.00 l_label=1.00 l_log_likelihood=0.20 l_smoothness=20.00 
tol=2.50e-01, dt=5.00e-02, exp_k=20.0, momentum=0.90, levels=6, niter=500, lbl_dist=10.00, avgs=1, sigma=0.5,type=2, relabel=0, neg=no

blurring input image with Gaussian with sigma=0.500...
GCAMRegisterLevel(): init RMS 0.74706
#GCMRL#   71 dt   0.080000 rms  0.746  0.085% neg 0  invalid 762 tFOTS 2.6390 tGradient 1.1350 tsec 3.9880
#FOTS# QuadFit found better minimum quadopt=(dt=0.016,rms=0.746421) vs oldopt=(dt=0.02,rms=0.746421)
#GCMRL#   72 dt   0.016000 rms  0.746  0.000% neg 0  invalid 762 tFOTS 2.6670 tGradient 1.1390 tsec 4.0330
resetting metric properties...
setting smoothness cost coefficient to 40.000

#GCAMreg# pass 0 level1 0 level2 0 tsec 0 sigma 2
l_jacobian=1.00 l_label=1.00 l_log_likelihood=0.20 l_smoothness=40.00 
tol=2.50e-01, dt=5.00e-02, exp_k=20.0, momentum=0.90, levels=6, niter=500, lbl_dist=10.00, avgs=0, sigma=2.0,type=2, relabel=0, neg=no

blurring input image with Gaussian with sigma=2.000...
GCAMRegisterLevel(): init RMS 0.725371
#FOTS# QuadFit found better minimum quadopt=(dt=0.193627,rms=0.721257) vs oldopt=(dt=0.32,rms=0.722429)
#GCMRL#   74 dt   0.193627 rms  0.721  0.567% neg 0  invalid 762 tFOTS 2.6460 tGradient 0.8150 tsec 3.6690
#GCMRL#   75 dt   0.020000 rms  0.721  0.000% neg 0  invalid 762 tFOTS 2.6130 tGradient 0.6770 tsec 3.5210

#GCAMreg# pass 0 level1 0 level2 1 tsec 16.603 sigma 0.5
l_jacobian=1.00 l_label=1.00 l_log_likelihood=0.20 l_smoothness=40.00 
tol=2.50e-01, dt=5.00e-02, exp_k=20.0, momentum=0.90, levels=6, niter=500, lbl_dist=10.00, avgs=0, sigma=0.5,type=2, relabel=0, neg=no

blurring input image with Gaussian with sigma=0.500...
GCAMRegisterLevel(): init RMS 0.721622
#FOTS# QuadFit found better minimum quadopt=(dt=0.007,rms=0.721046) vs oldopt=(dt=0.005,rms=0.721053)
#GCMRL#   77 dt   0.007000 rms  0.721  0.080% neg 0  invalid 762 tFOTS 2.6130 tGradient 0.7180 tsec 3.5400
#FOTS# QuadFit found better minimum quadopt=(dt=0.006,rms=0.721037) vs oldopt=(dt=0.005,rms=0.721037)
#GCMRL#   78 dt   0.006000 rms  0.721  0.000% neg 0  invalid 762 tFOTS 2.7210 tGradient 0.8260 tsec 3.7750
GCAMregister done in 5.21433 min
Starting GCAmapRenormalizeWithAlignment() without scales
renormalizing by structure alignment....
renormalizing input #0
gca peak = 0.10253 (16)
mri peak = 0.10952 (22)
Left_Lateral_Ventricle (4): linear fit = 1.16 x + 0.0 (882 voxels, overlap=0.648)
Left_Lateral_Ventricle (4): linear fit = 1.16 x + 0.0 (882 voxels, peak = 19), gca=18.6
gca peak = 0.17690 (16)
mri peak = 0.10588 (23)
Right_Lateral_Ventricle (43): linear fit = 1.35 x + 0.0 (635 voxels, overlap=0.570)
Right_Lateral_Ventricle (43): linear fit = 1.35 x + 0.0 (635 voxels, peak = 22), gca=21.5
gca peak = 0.28275 (96)
mri peak = 0.11951 (101)
Right_Pallidum (52): linear fit = 1.04 x + 0.0 (821 voxels, overlap=0.999)
Right_Pallidum (52): linear fit = 1.04 x + 0.0 (821 voxels, peak = 100), gca=100.3
gca peak = 0.18948 (93)
mri peak = 0.14805 (101)
Left_Pallidum (13): linear fit = 1.04 x + 0.0 (770 voxels, overlap=0.958)
Left_Pallidum (13): linear fit = 1.04 x + 0.0 (770 voxels, peak = 97), gca=97.2
gca peak = 0.20755 (55)
mri peak = 0.09054 (67)
Right_Hippocampus (53): linear fit = 1.20 x + 0.0 (801 voxels, overlap=0.025)
Right_Hippocampus (53): linear fit = 1.20 x + 0.0 (801 voxels, peak = 66), gca=65.7
gca peak = 0.31831 (58)
mri peak = 0.10986 (68)
Left_Hippocampus (17): linear fit = 1.16 x + 0.0 (806 voxels, overlap=0.013)
Left_Hippocampus (17): linear fit = 1.16 x + 0.0 (806 voxels, peak = 68), gca=67.6
gca peak = 0.11957 (102)
mri peak = 0.19815 (104)
Right_Cerebral_White_Matter (41): linear fit = 1.01 x + 0.0 (56829 voxels, overlap=0.560)
Right_Cerebral_White_Matter (41): linear fit = 1.01 x + 0.0 (56829 voxels, peak = 104), gca=103.5
gca peak = 0.11429 (102)
mri peak = 0.17598 (104)
Left_Cerebral_White_Matter (2): linear fit = 1.01 x + 0.0 (60939 voxels, overlap=0.597)
Left_Cerebral_White_Matter (2): linear fit = 1.01 x + 0.0 (60939 voxels, peak = 104), gca=103.5
gca peak = 0.14521 (59)
mri peak = 0.03681 (64)
Left_Cerebral_Cortex (3): linear fit = 1.14 x + 0.0 (23991 voxels, overlap=0.441)
Left_Cerebral_Cortex (3): linear fit = 1.14 x + 0.0 (23991 voxels, peak = 68), gca=67.6
gca peak = 0.14336 (58)
mri peak = 0.04039 (65)
Right_Cerebral_Cortex (42): linear fit = 1.10 x + 0.0 (23524 voxels, overlap=0.726)
Right_Cerebral_Cortex (42): linear fit = 1.10 x + 0.0 (23524 voxels, peak = 64), gca=63.5
gca peak = 0.13305 (70)
mri peak = 0.08436 (74)
Right_Caudate (50): linear fit = 1.12 x + 0.0 (800 voxels, overlap=0.450)
Right_Caudate (50): linear fit = 1.12 x + 0.0 (800 voxels, peak = 78), gca=78.1
gca peak = 0.15761 (71)
mri peak = 0.08866 (78)
Left_Caudate (11): linear fit = 1.05 x + 0.0 (892 voxels, overlap=0.671)
Left_Caudate (11): linear fit = 1.05 x + 0.0 (892 voxels, peak = 75), gca=74.9
gca peak = 0.13537 (57)
mri peak = 0.03237 (47)
Left_Cerebellum_Cortex (8): linear fit = 0.88 x + 0.0 (26069 voxels, overlap=0.388)
Left_Cerebellum_Cortex (8): linear fit = 0.88 x + 0.0 (26069 voxels, peak = 50), gca=49.9
gca peak = 0.13487 (56)
mri peak = 0.03311 (46)
Right_Cerebellum_Cortex (47): linear fit = 0.86 x + 0.0 (29142 voxels, overlap=0.152)
Right_Cerebellum_Cortex (47): linear fit = 0.86 x + 0.0 (29142 voxels, peak = 48), gca=47.9
gca peak = 0.19040 (84)
mri peak = 0.08073 (93)
Left_Cerebellum_White_Matter (7): linear fit = 1.10 x + 0.0 (8705 voxels, overlap=0.115)
Left_Cerebellum_White_Matter (7): linear fit = 1.10 x + 0.0 (8705 voxels, peak = 92), gca=92.0
gca peak = 0.18871 (83)
mri peak = 0.07011 (92)
Right_Cerebellum_White_Matter (46): linear fit = 1.10 x + 0.0 (7297 voxels, overlap=0.382)
Right_Cerebellum_White_Matter (46): linear fit = 1.10 x + 0.0 (7297 voxels, peak = 91), gca=90.9
gca peak = 0.24248 (57)
mri peak = 0.12844 (72)
Left_Amygdala (18): linear fit = 1.26 x + 0.0 (372 voxels, overlap=0.039)
Left_Amygdala (18): linear fit = 1.26 x + 0.0 (372 voxels, peak = 72), gca=72.1
gca peak = 0.35833 (56)
mri peak = 0.13601 (74)
Right_Amygdala (54): linear fit = 1.27 x + 0.0 (438 voxels, overlap=0.025)
Right_Amygdala (54): linear fit = 1.27 x + 0.0 (438 voxels, peak = 71), gca=71.4
gca peak = 0.12897 (85)
mri peak = 0.07457 (89)
Left_Thalamus (10): linear fit = 1.03 x + 0.0 (5021 voxels, overlap=0.812)
Left_Thalamus (10): linear fit = 1.03 x + 0.0 (5021 voxels, peak = 88), gca=88.0
gca peak = 0.13127 (83)
mri peak = 0.07599 (89)
Right_Thalamus (49): linear fit = 1.12 x + 0.0 (4128 voxels, overlap=0.769)
Right_Thalamus (49): linear fit = 1.12 x + 0.0 (4128 voxels, peak = 93), gca=92.5
gca peak = 0.12974 (78)
mri peak = 0.10132 (87)
Left_Putamen (12): linear fit = 1.13 x + 0.0 (2147 voxels, overlap=0.208)
Left_Putamen (12): linear fit = 1.13 x + 0.0 (2147 voxels, peak = 89), gca=88.5
gca peak = 0.17796 (79)
mri peak = 0.09866 (86)
Right_Putamen (51): linear fit = 1.10 x + 0.0 (2209 voxels, overlap=0.560)
Right_Putamen (51): linear fit = 1.10 x + 0.0 (2209 voxels, peak = 87), gca=86.5
gca peak = 0.10999 (80)
mri peak = 0.10909 (93)
Brain_Stem (16): linear fit = 1.14 x + 0.0 (10401 voxels, overlap=0.209)
Brain_Stem (16): linear fit = 1.14 x + 0.0 (10401 voxels, peak = 92), gca=91.6
gca peak = 0.13215 (88)
mri peak = 0.11226 (97)
Right_VentralDC (60): linear fit = 1.11 x + 0.0 (1033 voxels, overlap=0.050)
Right_VentralDC (60): linear fit = 1.11 x + 0.0 (1033 voxels, peak = 97), gca=97.2
gca peak = 0.11941 (89)
mri peak = 0.15201 (98)
Left_VentralDC (28): linear fit = 1.10 x + 0.0 (1209 voxels, overlap=0.068)
Left_VentralDC (28): linear fit = 1.10 x + 0.0 (1209 voxels, peak = 97), gca=97.5
gca peak = 0.20775 (25)
mri peak = 0.66667 (22)
gca peak = 0.13297 (21)
mri peak = 0.11689 (21)
Fourth_Ventricle (15): linear fit = 0.98 x + 0.0 (242 voxels, overlap=0.752)
Fourth_Ventricle (15): linear fit = 0.98 x + 0.0 (242 voxels, peak = 20), gca=20.5
gca peak Unknown = 0.94777 ( 0)
gca peak Left_Inf_Lat_Vent = 0.19087 (28)
gca peak Third_Ventricle = 0.20775 (25)
gca peak CSF = 0.16821 (33)
gca peak Left_Accumbens_area = 0.32850 (63)
gca peak Left_undetermined = 0.98480 (28)
gca peak Left_vessel = 0.40887 (53)
gca peak Left_choroid_plexus = 0.10898 (46)
gca peak Right_Inf_Lat_Vent = 0.17798 (26)
gca peak Right_Accumbens_area = 0.30137 (64)
gca peak Right_vessel = 0.47828 (52)
gca peak Right_choroid_plexus = 0.11612 (45)
gca peak Fifth_Ventricle = 0.59466 (35)
gca peak WM_hypointensities = 0.10053 (78)
gca peak non_WM_hypointensities = 0.07253 (60)
gca peak Optic_Chiasm = 0.25330 (73)
not using caudate to estimate GM means
estimating mean gm scale to be 1.19 x + 0.0
estimating mean wm scale to be 1.01 x + 0.0
estimating mean csf scale to be 1.16 x + 0.0
saving intensity scales to talairach.label_intensities.txt
GCAmapRenormalizeWithAlignment() took 2.10373 min
noneg pre
Starting GCAMregister()
label assignment complete, 0 changed (0.00%)
npasses = 1, nlevels = 6
#pass# 1 of 1 ************************
enabling zero nodes
setting smoothness cost coefficient to 0.008

#GCAMreg# pass 0 level1 5 level2 0 tsec 0 sigma 2
l_jacobian=1.00 l_label=1.00 l_log_likelihood=0.20 l_smoothness=0.01 
tol=5.00e-02, dt=5.00e-02, exp_k=20.0, momentum=0.90, levels=6, niter=500, lbl_dist=10.00, avgs=256, sigma=2.0,type=2, relabel=0, neg=no

blurring input image with Gaussian with sigma=2.000...
GCAMRegisterLevel(): init RMS 0.708787
#FOTS# QuadFit found better minimum quadopt=(dt=221.952,rms=0.677048) vs oldopt=(dt=369.92,rms=0.685477)
#GCMRL#   80 dt 221.952000 rms  0.677  4.478% neg 0  invalid 762 tFOTS 2.7390 tGradient 1.6590 tsec 4.6040
#FOTS# QuadFit found better minimum quadopt=(dt=246.651,rms=0.666914) vs oldopt=(dt=369.92,rms=0.669456)
#GCMRL#   81 dt 246.650730 rms  0.667  1.497% neg 0  invalid 762 tFOTS 2.7110 tGradient 1.7400 tsec 4.6630
#FOTS# QuadFit found better minimum quadopt=(dt=172.522,rms=0.660848) vs oldopt=(dt=92.48,rms=0.662479)
#GCMRL#   82 dt 172.521739 rms  0.661  0.910% neg 0  invalid 762 tFOTS 2.7260 tGradient 1.7240 tsec 4.6580
#FOTS# QuadFit found better minimum quadopt=(dt=295.936,rms=0.657247) vs oldopt=(dt=369.92,rms=0.657776)
#GCMRL#   83 dt 295.936000 rms  0.657  0.545% neg 0  invalid 762 tFOTS 2.7570 tGradient 1.7680 tsec 4.7340
#FOTS# QuadFit found better minimum quadopt=(dt=129.472,rms=0.653775) vs oldopt=(dt=92.48,rms=0.654157)
#GCMRL#   84 dt 129.472000 rms  0.654  0.528% neg 0  invalid 762 tFOTS 2.9030 tGradient 1.8270 tsec 4.9400
#FOTS# QuadFit found better minimum quadopt=(dt=295.936,rms=0.651879) vs oldopt=(dt=369.92,rms=0.651973)
#GCMRL#   85 dt 295.936000 rms  0.652  0.290% neg 0  invalid 762 tFOTS 2.7480 tGradient 1.7820 tsec 4.7440
#FOTS# QuadFit found better minimum quadopt=(dt=129.472,rms=0.649995) vs oldopt=(dt=92.48,rms=0.65025)
#GCMRL#   86 dt 129.472000 rms  0.650  0.289% neg 0  invalid 762 tFOTS 2.7970 tGradient 1.7700 tsec 4.7790
#FOTS# QuadFit found better minimum quadopt=(dt=295.936,rms=0.648661) vs oldopt=(dt=369.92,rms=0.648664)
#GCMRL#   87 dt 295.936000 rms  0.649  0.205% neg 0  invalid 762 tFOTS 2.7460 tGradient 1.7570 tsec 4.7160
#FOTS# QuadFit found better minimum quadopt=(dt=129.472,rms=0.647368) vs oldopt=(dt=92.48,rms=0.647543)
#GCMRL#   88 dt 129.472000 rms  0.647  0.199% neg 0  invalid 762 tFOTS 2.7160 tGradient 1.7090 tsec 4.6260
#FOTS# QuadFit found better minimum quadopt=(dt=295.936,rms=0.646342) vs oldopt=(dt=369.92,rms=0.646361)
#GCMRL#   89 dt 295.936000 rms  0.646  0.159% neg 0  invalid 762 tFOTS 2.6860 tGradient 1.8160 tsec 4.7030
#FOTS# QuadFit found better minimum quadopt=(dt=129.472,rms=0.645308) vs oldopt=(dt=92.48,rms=0.645446)
#GCMRL#   90 dt 129.472000 rms  0.645  0.160% neg 0  invalid 762 tFOTS 2.6450 tGradient 1.7990 tsec 4.6570
#FOTS# QuadFit found better minimum quadopt=(dt=295.936,rms=0.644589) vs oldopt=(dt=369.92,rms=0.644625)
#GCMRL#   91 dt 295.936000 rms  0.645  0.111% neg 0  invalid 762 tFOTS 2.6800 tGradient 1.7450 tsec 4.6320
#FOTS# QuadFit found better minimum quadopt=(dt=129.472,rms=0.643688) vs oldopt=(dt=92.48,rms=0.643807)
#GCMRL#   92 dt 129.472000 rms  0.644  0.140% neg 0  invalid 762 tFOTS 2.6710 tGradient 1.8350 tsec 4.7080
#FOTS# QuadFit found better minimum quadopt=(dt=295.936,rms=0.643125) vs oldopt=(dt=369.92,rms=0.643175)
#GCMRL#   93 dt 295.936000 rms  0.643  0.088% neg 0  invalid 762 tFOTS 2.8280 tGradient 1.7620 tsec 4.7930
#FOTS# QuadFit found better minimum quadopt=(dt=129.472,rms=0.642291) vs oldopt=(dt=92.48,rms=0.642398)
#GCMRL#   94 dt 129.472000 rms  0.642  0.130% neg 0  invalid 762 tFOTS 2.6600 tGradient 1.7890 tsec 4.6520
#FOTS# QuadFit found better minimum quadopt=(dt=295.936,rms=0.641795) vs oldopt=(dt=369.92,rms=0.641857)
#GCMRL#   95 dt 295.936000 rms  0.642  0.077% neg 0  invalid 762 tFOTS 2.8500 tGradient 1.7700 tsec 4.8270
#FOTS# QuadFit found better minimum quadopt=(dt=129.472,rms=0.641041) vs oldopt=(dt=92.48,rms=0.641139)
#GCMRL#   96 dt 129.472000 rms  0.641  0.118% neg 0  invalid 762 tFOTS 2.6780 tGradient 1.7570 tsec 4.6350
#FOTS# QuadFit found better minimum quadopt=(dt=221.952,rms=0.640656) vs oldopt=(dt=369.92,rms=0.640742)
#GCMRL#   97 dt 221.952000 rms  0.641  0.060% neg 0  invalid 762 tFOTS 2.8150 tGradient 1.7480 tsec 4.7630
#FOTS# QuadFit found better minimum quadopt=(dt=129.472,rms=0.640094) vs oldopt=(dt=92.48,rms=0.640204)
#GCMRL#   98 dt 129.472000 rms  0.640  0.088% neg 0  invalid 762 tFOTS 2.8490 tGradient 1.8550 tsec 4.9090
#FOTS# QuadFit found better minimum quadopt=(dt=443.904,rms=0.639515) vs oldopt=(dt=369.92,rms=0.639543)
#GCMRL#   99 dt 443.904000 rms  0.640  0.090% neg 0  invalid 762 tFOTS 2.8770 tGradient 1.7890 tsec 4.8710
#FOTS# QuadFit found better minimum quadopt=(dt=129.472,rms=0.638712) vs oldopt=(dt=92.48,rms=0.638807)
#GCMRL#  100 dt 129.472000 rms  0.639  0.126% neg 0  invalid 762 tFOTS 2.6730 tGradient 1.8000 tsec 4.6780
#FOTS# QuadFit found better minimum quadopt=(dt=129.472,rms=0.638508) vs oldopt=(dt=92.48,rms=0.638551)
#GCMRL#  101 dt 129.472000 rms  0.639  0.000% neg 0  invalid 762 tFOTS 2.9220 tGradient 1.8000 tsec 4.9480
#GCMRL#  102 dt 129.472000 rms  0.638  0.052% neg 0  invalid 762 tFOTS 0.0000 tGradient 1.7910 tsec 1.9830
#GCMRL#  103 dt 129.472000 rms  0.638  0.082% neg 0  invalid 762 tFOTS 0.0000 tGradient 1.7860 tsec 1.9790
#GCMRL#  104 dt 129.472000 rms  0.637  0.112% neg 0  invalid 762 tFOTS 0.0000 tGradient 1.7890 tsec 1.9860
#GCMRL#  105 dt 129.472000 rms  0.636  0.132% neg 0  invalid 762 tFOTS 0.0000 tGradient 1.7650 tsec 1.9660
#GCMRL#  106 dt 129.472000 rms  0.635  0.153% neg 0  invalid 762 tFOTS 0.0000 tGradient 1.7890 tsec 1.9880
#GCMRL#  107 dt 129.472000 rms  0.634  0.164% neg 0  invalid 762 tFOTS 0.0000 tGradient 1.8100 tsec 2.0030
#GCMRL#  108 dt 129.472000 rms  0.633  0.167% neg 0  invalid 762 tFOTS 0.0000 tGradient 1.8180 tsec 2.0180
#GCMRL#  109 dt 129.472000 rms  0.632  0.158% neg 0  invalid 762 tFOTS 0.0000 tGradient 1.7830 tsec 1.9750
#GCMRL#  110 dt 129.472000 rms  0.631  0.159% neg 0  invalid 762 tFOTS 0.0000 tGradient 1.8220 tsec 2.0140
#GCMRL#  111 dt 129.472000 rms  0.630  0.151% neg 0  invalid 762 tFOTS 0.0000 tGradient 1.8170 tsec 2.0150
#GCMRL#  112 dt 129.472000 rms  0.629  0.132% neg 0  invalid 762 tFOTS 0.0000 tGradient 1.8260 tsec 2.0190
#GCMRL#  113 dt 129.472000 rms  0.629  0.115% neg 0  invalid 762 tFOTS 0.0000 tGradient 1.7500 tsec 1.9510
#GCMRL#  114 dt 129.472000 rms  0.628  0.104% neg 0  invalid 762 tFOTS 0.0000 tGradient 1.7590 tsec 1.9510
#GCMRL#  115 dt 129.472000 rms  0.627  0.099% neg 0  invalid 762 tFOTS 0.0000 tGradient 1.6980 tsec 1.8940
#GCMRL#  116 dt 129.472000 rms  0.627  0.094% neg 0  invalid 762 tFOTS 0.0000 tGradient 1.7440 tsec 1.9400
#GCMRL#  117 dt 129.472000 rms  0.626  0.086% neg 0  invalid 762 tFOTS 0.0000 tGradient 1.7460 tsec 1.9410
#GCMRL#  118 dt 129.472000 rms  0.626  0.078% neg 0  invalid 762 tFOTS 0.0000 tGradient 1.7020 tsec 1.8930
#GCMRL#  119 dt 129.472000 rms  0.625  0.071% neg 0  invalid 762 tFOTS 0.0000 tGradient 1.7990 tsec 1.9970
#GCMRL#  120 dt 129.472000 rms  0.625  0.071% neg 0  invalid 762 tFOTS 0.0000 tGradient 1.7260 tsec 1.9230
#GCMRL#  121 dt 129.472000 rms  0.624  0.067% neg 0  invalid 762 tFOTS 0.0000 tGradient 1.7470 tsec 1.9430
#GCMRL#  122 dt 129.472000 rms  0.624  0.062% neg 0  invalid 762 tFOTS 0.0000 tGradient 1.7640 tsec 1.9580
#GCMRL#  123 dt 129.472000 rms  0.624  0.056% neg 0  invalid 762 tFOTS 0.0000 tGradient 1.7730 tsec 1.9700
#GCMRL#  124 dt 129.472000 rms  0.623  0.061% neg 0  invalid 762 tFOTS 0.0000 tGradient 1.7760 tsec 1.9720
#GCMRL#  125 dt 129.472000 rms  0.623  0.064% neg 0  invalid 762 tFOTS 0.0000 tGradient 1.7680 tsec 1.9610
#GCMRL#  126 dt 129.472000 rms  0.622  0.061% neg 0  invalid 762 tFOTS 0.0000 tGradient 1.7540 tsec 1.9550
#GCMRL#  127 dt 129.472000 rms  0.622  0.057% neg 0  invalid 762 tFOTS 0.0000 tGradient 1.7470 tsec 1.9460
#GCMRL#  128 dt 129.472000 rms  0.622  0.052% neg 0  invalid 762 tFOTS 0.0000 tGradient 1.7450 tsec 1.9460
#GCMRL#  129 dt 129.472000 rms  0.621  0.049% neg 0  invalid 762 tFOTS 0.0000 tGradient 1.7770 tsec 1.9700
#GCMRL#  130 dt 129.472000 rms  0.621  0.053% neg 0  invalid 762 tFOTS 0.0000 tGradient 1.7840 tsec 1.9780
#GCMRL#  131 dt 129.472000 rms  0.621  0.056% neg 0  invalid 762 tFOTS 0.0000 tGradient 1.7850 tsec 1.9770
#GCMRL#  132 dt 129.472000 rms  0.620  0.048% neg 0  invalid 762 tFOTS 0.0000 tGradient 1.7960 tsec 1.9970
#GCMRL#  133 dt 129.472000 rms  0.620  0.045% neg 0  invalid 762 tFOTS 0.0000 tGradient 1.7700 tsec 1.9700
#GCMRL#  134 dt 129.472000 rms  0.620  0.045% neg 0  invalid 762 tFOTS 0.0000 tGradient 1.7120 tsec 1.9050
#GCMRL#  135 dt 129.472000 rms  0.620  0.052% neg 0  invalid 762 tFOTS 0.0000 tGradient 1.7410 tsec 1.9410
#GCMRL#  136 dt 129.472000 rms  0.619  0.053% neg 0  invalid 762 tFOTS 0.0000 tGradient 1.7520 tsec 1.9490
#GCMRL#  137 dt 129.472000 rms  0.619  0.047% neg 0  invalid 762 tFOTS 0.0000 tGradient 1.7650 tsec 1.9620
#GCMRL#  138 dt 129.472000 rms  0.619  0.043% neg 0  invalid 762 tFOTS 0.0000 tGradient 1.7450 tsec 1.9480
#GCMRL#  139 dt 129.472000 rms  0.618  0.043% neg 0  invalid 762 tFOTS 0.0000 tGradient 1.7520 tsec 1.9520
#GCMRL#  140 dt 129.472000 rms  0.618  0.050% neg 0  invalid 762 tFOTS 0.0000 tGradient 1.7610 tsec 1.9570
#GCMRL#  141 dt 129.472000 rms  0.618  0.051% neg 0  invalid 762 tFOTS 0.0000 tGradient 1.7550 tsec 1.9520
#GCMRL#  142 dt 129.472000 rms  0.617  0.045% neg 0  invalid 762 tFOTS 0.0000 tGradient 1.7600 tsec 1.9590
#GCMRL#  143 dt 129.472000 rms  0.617  0.042% neg 0  invalid 762 tFOTS 0.0000 tGradient 1.7660 tsec 1.9620
#GCMRL#  144 dt 129.472000 rms  0.617  0.044% neg 0  invalid 762 tFOTS 0.0000 tGradient 1.8050 tsec 2.0000
#GCMRL#  145 dt 129.472000 rms  0.617  0.046% neg 0  invalid 762 tFOTS 0.0000 tGradient 1.7290 tsec 1.9280
#GCMRL#  146 dt 129.472000 rms  0.616  0.046% neg 0  invalid 762 tFOTS 0.0000 tGradient 1.8370 tsec 2.0310
#GCMRL#  147 dt 129.472000 rms  0.616  0.041% neg 0  invalid 762 tFOTS 0.0000 tGradient 1.7580 tsec 1.9590
#GCMRL#  148 dt 129.472000 rms  0.616  0.038% neg 0  invalid 762 tFOTS 0.0000 tGradient 1.7970 tsec 1.9940
#GCMRL#  149 dt 129.472000 rms  0.616  0.038% neg 0  invalid 762 tFOTS 0.0000 tGradient 1.7640 tsec 1.9590
#GCMRL#  150 dt 129.472000 rms  0.615  0.039% neg 0  invalid 762 tFOTS 0.0000 tGradient 1.7700 tsec 1.9650
#GCMRL#  151 dt 129.472000 rms  0.615  0.041% neg 0  invalid 762 tFOTS 0.0000 tGradient 1.7670 tsec 1.9630
#GCMRL#  152 dt 129.472000 rms  0.615  0.033% neg 0  invalid 762 tFOTS 0.0000 tGradient 1.7320 tsec 1.9270
#GCMRL#  153 dt 129.472000 rms  0.615  0.033% neg 0  invalid 762 tFOTS 0.0000 tGradient 1.7220 tsec 1.9140
#GCMRL#  154 dt 129.472000 rms  0.615  0.036% neg 0  invalid 762 tFOTS 0.0000 tGradient 1.7380 tsec 1.9370
#GCMRL#  155 dt 129.472000 rms  0.614  0.036% neg 0  invalid 762 tFOTS 0.0000 tGradient 1.8330 tsec 2.0280
#GCMRL#  156 dt 129.472000 rms  0.614  0.035% neg 0  invalid 762 tFOTS 0.0000 tGradient 1.7930 tsec 1.9940
#GCMRL#  157 dt 129.472000 rms  0.614  0.031% neg 0  invalid 762 tFOTS 0.0000 tGradient 1.8360 tsec 2.0280
#GCMRL#  158 dt 129.472000 rms  0.614  0.030% neg 0  invalid 762 tFOTS 0.0000 tGradient 1.7730 tsec 1.9710
#GCMRL#  159 dt 129.472000 rms  0.614  0.032% neg 0  invalid 762 tFOTS 0.0000 tGradient 1.7120 tsec 1.9080
#GCMRL#  160 dt 129.472000 rms  0.613  0.025% neg 0  invalid 762 tFOTS 0.0000 tGradient 1.7090 tsec 1.9020
#GCMRL#  161 dt 129.472000 rms  0.613  0.027% neg 0  invalid 762 tFOTS 0.0000 tGradient 1.7870 tsec 1.9830
#GCMRL#  162 dt 129.472000 rms  0.613  0.028% neg 0  invalid 762 tFOTS 0.0000 tGradient 1.7730 tsec 1.9640
#GCMRL#  163 dt 129.472000 rms  0.613  0.025% neg 0  invalid 762 tFOTS 0.0000 tGradient 1.8090 tsec 1.9980
#GCMRL#  164 dt 129.472000 rms  0.613  0.023% neg 0  invalid 762 tFOTS 0.0000 tGradient 1.7550 tsec 1.9520
#GCMRL#  165 dt 129.472000 rms  0.613  0.025% neg 0  invalid 762 tFOTS 0.0000 tGradient 1.7800 tsec 1.9750
#GCMRL#  166 dt 129.472000 rms  0.612  0.019% neg 0  invalid 762 tFOTS 0.0000 tGradient 1.7330 tsec 1.9340
#GCMRL#  167 dt 129.472000 rms  0.612  0.019% neg 0  invalid 762 tFOTS 0.0000 tGradient 1.7870 tsec 1.9810
#GCMRL#  168 dt 129.472000 rms  0.612  0.023% neg 0  invalid 762 tFOTS 0.0000 tGradient 1.8020 tsec 2.0020
#GCMRL#  169 dt 129.472000 rms  0.612  0.024% neg 0  invalid 762 tFOTS 0.0000 tGradient 1.7590 tsec 1.9570
#GCMRL#  170 dt 129.472000 rms  0.612  0.018% neg 0  invalid 762 tFOTS 0.0000 tGradient 1.7970 tsec 2.0060
#FOTS# QuadFit found better minimum quadopt=(dt=517.888,rms=0.611946) vs oldopt=(dt=369.92,rms=0.611951)
#GCMRL#  171 dt 517.888000 rms  0.612  0.000% neg 0  invalid 762 tFOTS 2.9310 tGradient 1.7470 tsec 4.9010
#GCMRL#  172 dt 517.888000 rms  0.612  0.018% neg 0  invalid 762 tFOTS 0.0000 tGradient 1.7600 tsec 1.9610

#GCAMreg# pass 0 level1 5 level2 1 tsec 257.94 sigma 0.5
l_jacobian=1.00 l_label=1.00 l_log_likelihood=0.20 l_smoothness=0.01 
tol=5.00e-02, dt=5.00e-02, exp_k=20.0, momentum=0.90, levels=6, niter=500, lbl_dist=10.00, avgs=256, sigma=0.5,type=2, relabel=0, neg=no

blurring input image with Gaussian with sigma=0.500...
GCAMRegisterLevel(): init RMS 0.612209
#FOTS# QuadFit found better minimum quadopt=(dt=221.952,rms=0.611125) vs oldopt=(dt=369.92,rms=0.611377)
#GCMRL#  174 dt 221.952000 rms  0.611  0.177% neg 0  invalid 762 tFOTS 2.8290 tGradient 1.7830 tsec 4.8310
#FOTS# QuadFit found better minimum quadopt=(dt=221.952,rms=0.610699) vs oldopt=(dt=369.92,rms=0.610812)
#GCMRL#  175 dt 221.952000 rms  0.611  0.070% neg 0  invalid 762 tFOTS 2.8210 tGradient 1.7580 tsec 4.8050
#FOTS# QuadFit found better minimum quadopt=(dt=129.472,rms=0.610485) vs oldopt=(dt=92.48,rms=0.610526)
#GCMRL#  176 dt 129.472000 rms  0.610  0.000% neg 0  invalid 762 tFOTS 3.0270 tGradient 1.7810 tsec 5.0430
#GCMRL#  177 dt 129.472000 rms  0.610  0.025% neg 0  invalid 762 tFOTS 0.0000 tGradient 1.7170 tsec 1.9190
#GCMRL#  178 dt 129.472000 rms  0.610  0.037% neg 0  invalid 762 tFOTS 0.0000 tGradient 1.7500 tsec 1.9440
#GCMRL#  179 dt 129.472000 rms  0.610  0.053% neg 0  invalid 762 tFOTS 0.0000 tGradient 1.8140 tsec 2.0080
#GCMRL#  180 dt 129.472000 rms  0.609  0.056% neg 0  invalid 762 tFOTS 0.0000 tGradient 1.7330 tsec 1.9310
#GCMRL#  181 dt 129.472000 rms  0.609  0.054% neg 0  invalid 762 tFOTS 0.0000 tGradient 1.6990 tsec 1.9060
#GCMRL#  182 dt 129.472000 rms  0.609  0.052% neg 0  invalid 762 tFOTS 0.0000 tGradient 1.7180 tsec 1.9180
#GCMRL#  183 dt 129.472000 rms  0.609  0.048% neg 0  invalid 762 tFOTS 0.0000 tGradient 1.7020 tsec 1.8960
#GCMRL#  184 dt 129.472000 rms  0.608  0.050% neg 0  invalid 762 tFOTS 0.0000 tGradient 1.7210 tsec 1.9200
#GCMRL#  185 dt 129.472000 rms  0.608  0.046% neg 0  invalid 762 tFOTS 0.0000 tGradient 1.7230 tsec 1.9200
#GCMRL#  186 dt 129.472000 rms  0.608  0.042% neg 0  invalid 762 tFOTS 0.0000 tGradient 1.7500 tsec 1.9480
#GCMRL#  187 dt 129.472000 rms  0.607  0.037% neg 0  invalid 762 tFOTS 0.0000 tGradient 1.7530 tsec 1.9480
#GCMRL#  188 dt 129.472000 rms  0.607  0.031% neg 0  invalid 762 tFOTS 0.0000 tGradient 1.7760 tsec 1.9720
#GCMRL#  189 dt 129.472000 rms  0.607  0.031% neg 0  invalid 762 tFOTS 0.0000 tGradient 1.7390 tsec 1.9490
#GCMRL#  190 dt 129.472000 rms  0.607  0.028% neg 0  invalid 762 tFOTS 0.0000 tGradient 1.7480 tsec 1.9530
#GCMRL#  191 dt 129.472000 rms  0.607  0.026% neg 0  invalid 762 tFOTS 0.0000 tGradient 1.7430 tsec 1.9410
#GCMRL#  192 dt 129.472000 rms  0.607  0.027% neg 0  invalid 762 tFOTS 0.0000 tGradient 1.8100 tsec 2.0070
#GCMRL#  193 dt 129.472000 rms  0.606  0.023% neg 0  invalid 762 tFOTS 0.0000 tGradient 1.7540 tsec 1.9500
#GCMRL#  194 dt 129.472000 rms  0.606  0.030% neg 0  invalid 762 tFOTS 0.0000 tGradient 1.7230 tsec 1.9290
#GCMRL#  195 dt 129.472000 rms  0.606  0.026% neg 0  invalid 762 tFOTS 0.0000 tGradient 1.7180 tsec 1.9150
#GCMRL#  196 dt 129.472000 rms  0.606  0.025% neg 0  invalid 762 tFOTS 0.0000 tGradient 1.7160 tsec 1.9130
#GCMRL#  197 dt 129.472000 rms  0.606  0.024% neg 0  invalid 762 tFOTS 0.0000 tGradient 1.8670 tsec 2.0850
#GCMRL#  198 dt 129.472000 rms  0.606  0.023% neg 0  invalid 762 tFOTS 0.0000 tGradient 1.9270 tsec 2.1670
#FOTS# QuadFit found better minimum quadopt=(dt=517.888,rms=0.605601) vs oldopt=(dt=369.92,rms=0.605608)
#GCMRL#  199 dt 517.888000 rms  0.606  0.000% neg 0  invalid 762 tFOTS 3.0480 tGradient 1.7170 tsec 4.9960
setting smoothness cost coefficient to 0.031

#GCAMreg# pass 0 level1 4 level2 0 tsec 0 sigma 2
l_jacobian=1.00 l_label=1.00 l_log_likelihood=0.20 l_smoothness=0.03 
tol=5.00e-02, dt=5.00e-02, exp_k=20.0, momentum=0.90, levels=6, niter=500, lbl_dist=10.00, avgs=64, sigma=2.0,type=2, relabel=0, neg=no

blurring input image with Gaussian with sigma=2.000...
GCAMRegisterLevel(): init RMS 0.608074
#FOTS# QuadFit found better minimum quadopt=(dt=94.8966,rms=0.605996) vs oldopt=(dt=103.68,rms=0.606015)
#GCMRL#  201 dt  94.896552 rms  0.606  0.342% neg 0  invalid 762 tFOTS 2.8050 tGradient 1.3980 tsec 4.4140
#FOTS# QuadFit found better minimum quadopt=(dt=331.776,rms=0.598998) vs oldopt=(dt=414.72,rms=0.599615)
#GCMRL#  202 dt 331.776000 rms  0.599  1.155% neg 0  invalid 762 tFOTS 2.6570 tGradient 1.3650 tsec 4.2360
#FOTS# QuadFit found better minimum quadopt=(dt=55.6883,rms=0.595739) vs oldopt=(dt=25.92,rms=0.596432)
#GCMRL#  203 dt  55.688312 rms  0.596  0.544% neg 0  invalid 762 tFOTS 2.7850 tGradient 1.4750 tsec 4.4730
#FOTS# QuadFit found better minimum quadopt=(dt=580.608,rms=0.588334) vs oldopt=(dt=414.72,rms=0.588744)
#GCMRL#  204 dt 580.608000 rms  0.588  1.243% neg 0  invalid 762 tFOTS 2.6080 tGradient 1.3930 tsec 4.2150
#FOTS# QuadFit found better minimum quadopt=(dt=53.4369,rms=0.584242) vs oldopt=(dt=25.92,rms=0.58521)
#GCMRL#  205 dt  53.436893 rms  0.584  0.696% neg 0  invalid 762 tFOTS 2.7560 tGradient 1.3650 tsec 4.3350
#FOTS# QuadFit found better minimum quadopt=(dt=145.152,rms=0.582175) vs oldopt=(dt=103.68,rms=0.582476)
#GCMRL#  206 dt 145.152000 rms  0.582  0.354% neg 0  invalid 762 tFOTS 2.7530 tGradient 1.3850 tsec 4.3480
#FOTS# QuadFit found better minimum quadopt=(dt=36.288,rms=0.581811) vs oldopt=(dt=25.92,rms=0.581878)
#GCMRL#  207 dt  36.288000 rms  0.582  0.063% neg 0  invalid 762 tFOTS 2.7340 tGradient 1.3920 tsec 4.3360
#GCMRL#  208 dt 414.720000 rms  0.580  0.323% neg 0  invalid 762 tFOTS 2.7980 tGradient 1.3830 tsec 4.3920
#FOTS# QuadFit found better minimum quadopt=(dt=80.637,rms=0.576942) vs oldopt=(dt=103.68,rms=0.577158)
#GCMRL#  209 dt  80.637002 rms  0.577  0.516% neg 0  invalid 762 tFOTS 2.7820 tGradient 1.3540 tsec 4.3480
#FOTS# QuadFit found better minimum quadopt=(dt=36.288,rms=0.576551) vs oldopt=(dt=25.92,rms=0.576602)
#GCMRL#  210 dt  36.288000 rms  0.577  0.068% neg 0  invalid 762 tFOTS 2.5830 tGradient 1.3940 tsec 4.1860
#GCMRL#  211 dt 414.720000 rms  0.575  0.233% neg 0  invalid 762 tFOTS 2.7710 tGradient 1.3540 tsec 4.3340
#FOTS# QuadFit found better minimum quadopt=(dt=62.208,rms=0.572804) vs oldopt=(dt=103.68,rms=0.573609)
#GCMRL#  212 dt  62.208000 rms  0.573  0.417% neg 0  invalid 762 tFOTS 2.7450 tGradient 1.3690 tsec 4.3280
#FOTS# QuadFit found better minimum quadopt=(dt=36.288,rms=0.572503) vs oldopt=(dt=25.92,rms=0.572558)
#GCMRL#  213 dt  36.288000 rms  0.573  0.052% neg 0  invalid 762 tFOTS 2.9120 tGradient 1.3000 tsec 4.4200
#FOTS# QuadFit found better minimum quadopt=(dt=580.608,rms=0.569888) vs oldopt=(dt=414.72,rms=0.570395)
#GCMRL#  214 dt 580.608000 rms  0.570  0.457% neg 0  invalid 762 tFOTS 2.7740 tGradient 1.3410 tsec 4.3770
#FOTS# QuadFit found better minimum quadopt=(dt=36.288,rms=0.568735) vs oldopt=(dt=25.92,rms=0.56897)
#GCMRL#  215 dt  36.288000 rms  0.569  0.202% neg 0  invalid 762 tFOTS 2.7810 tGradient 1.3460 tsec 4.3400
#FOTS# QuadFit found better minimum quadopt=(dt=331.776,rms=0.567327) vs oldopt=(dt=414.72,rms=0.567484)
#GCMRL#  216 dt 331.776000 rms  0.567  0.248% neg 0  invalid 762 tFOTS 2.7760 tGradient 1.3490 tsec 4.3450
#FOTS# QuadFit found better minimum quadopt=(dt=36.288,rms=0.566672) vs oldopt=(dt=25.92,rms=0.566731)
#GCMRL#  217 dt  36.288000 rms  0.567  0.115% neg 0  invalid 762 tFOTS 2.7730 tGradient 1.3620 tsec 4.3460
#FOTS# QuadFit found better minimum quadopt=(dt=82.944,rms=0.56638) vs oldopt=(dt=103.68,rms=0.566394)
#GCMRL#  218 dt  82.944000 rms  0.566  0.052% neg 0  invalid 762 tFOTS 2.7070 tGradient 1.3290 tsec 4.2480
#FOTS# QuadFit found better minimum quadopt=(dt=248.832,rms=0.56497) vs oldopt=(dt=414.72,rms=0.565301)
#GCMRL#  219 dt 248.832000 rms  0.565  0.249% neg 0  invalid 762 tFOTS 2.6980 tGradient 1.3580 tsec 4.2660
#GCMRL#  220 dt  25.920000 rms  0.565  0.000% neg 0  invalid 762 tFOTS 2.5440 tGradient 1.3450 tsec 4.1130
#GCMRL#  221 dt  25.920000 rms  0.565  0.017% neg 0  invalid 762 tFOTS 0.0000 tGradient 1.2920 tsec 1.4830
#GCMRL#  222 dt  25.920000 rms  0.565  0.005% neg 0  invalid 762 tFOTS 0.0000 tGradient 1.3460 tsec 1.5350
#GCMRL#  223 dt  25.920000 rms  0.565  0.020% neg 0  invalid 762 tFOTS 0.0000 tGradient 1.3560 tsec 1.5460
#GCMRL#  224 dt  25.920000 rms  0.564  0.075% neg 0  invalid 762 tFOTS 0.0000 tGradient 1.3880 tsec 1.5820
#GCMRL#  225 dt  25.920000 rms  0.563  0.121% neg 0  invalid 762 tFOTS 0.0000 tGradient 1.3980 tsec 1.5880
#GCMRL#  226 dt  25.920000 rms  0.563  0.127% neg 0  invalid 762 tFOTS 0.0000 tGradient 1.3950 tsec 1.5870
#GCMRL#  227 dt  25.920000 rms  0.562  0.114% neg 0  invalid 762 tFOTS 0.0000 tGradient 1.3980 tsec 1.5880
#GCMRL#  228 dt  25.920000 rms  0.561  0.111% neg 0  invalid 762 tFOTS 0.0000 tGradient 1.3840 tsec 1.5740
#GCMRL#  229 dt  25.920000 rms  0.561  0.102% neg 0  invalid 762 tFOTS 0.0000 tGradient 1.4100 tsec 1.5950
#GCMRL#  230 dt  25.920000 rms  0.560  0.099% neg 0  invalid 762 tFOTS 0.0000 tGradient 1.3900 tsec 1.5820
#GCMRL#  231 dt  25.920000 rms  0.560  0.111% neg 0  invalid 762 tFOTS 0.0000 tGradient 1.3730 tsec 1.5660
#GCMRL#  232 dt  25.920000 rms  0.559  0.136% neg 0  invalid 762 tFOTS 0.0000 tGradient 1.3640 tsec 1.5510
#GCMRL#  233 dt  25.920000 rms  0.558  0.150% neg 0  invalid 762 tFOTS 0.0000 tGradient 1.3550 tsec 1.5460
#GCMRL#  234 dt  25.920000 rms  0.557  0.144% neg 0  invalid 762 tFOTS 0.0000 tGradient 1.3750 tsec 1.5700
#GCMRL#  235 dt  25.920000 rms  0.557  0.128% neg 0  invalid 762 tFOTS 0.0000 tGradient 1.4130 tsec 1.6100
#GCMRL#  236 dt  25.920000 rms  0.556  0.114% neg 0  invalid 762 tFOTS 0.0000 tGradient 1.3580 tsec 1.5490
#GCMRL#  237 dt  25.920000 rms  0.555  0.102% neg 0  invalid 762 tFOTS 0.0000 tGradient 1.4150 tsec 1.6100
#GCMRL#  238 dt  25.920000 rms  0.555  0.105% neg 0  invalid 762 tFOTS 0.0000 tGradient 1.3760 tsec 1.5710
#GCMRL#  239 dt  25.920000 rms  0.554  0.109% neg 0  invalid 762 tFOTS 0.0000 tGradient 1.3710 tsec 1.5580
#GCMRL#  240 dt  25.920000 rms  0.554  0.113% neg 0  invalid 762 tFOTS 0.0000 tGradient 1.3910 tsec 1.5790
#GCMRL#  241 dt  25.920000 rms  0.553  0.111% neg 0  invalid 762 tFOTS 0.0000 tGradient 1.3750 tsec 1.5680
#GCMRL#  242 dt  25.920000 rms  0.552  0.104% neg 0  invalid 762 tFOTS 0.0000 tGradient 1.3880 tsec 1.5820
#GCMRL#  243 dt  25.920000 rms  0.552  0.093% neg 0  invalid 762 tFOTS 0.0000 tGradient 1.3640 tsec 1.5520
#GCMRL#  244 dt  25.920000 rms  0.551  0.084% neg 0  invalid 762 tFOTS 0.0000 tGradient 1.3450 tsec 1.5320
#GCMRL#  245 dt  25.920000 rms  0.551  0.077% neg 0  invalid 762 tFOTS 0.0000 tGradient 1.3910 tsec 1.5810
#GCMRL#  246 dt  25.920000 rms  0.551  0.079% neg 0  invalid 762 tFOTS 0.0000 tGradient 1.3900 tsec 1.5830
#GCMRL#  247 dt  25.920000 rms  0.550  0.080% neg 0  invalid 762 tFOTS 0.0000 tGradient 1.3600 tsec 1.5480
#GCMRL#  248 dt  25.920000 rms  0.550  0.078% neg 0  invalid 762 tFOTS 0.0000 tGradient 1.4020 tsec 1.5900
#GCMRL#  249 dt  25.920000 rms  0.549  0.079% neg 0  invalid 762 tFOTS 0.0000 tGradient 1.4330 tsec 1.6250
#GCMRL#  250 dt  25.920000 rms  0.549  0.074% neg 0  invalid 762 tFOTS 0.0000 tGradient 1.4330 tsec 1.6300
#GCMRL#  251 dt  25.920000 rms  0.548  0.068% neg 0  invalid 762 tFOTS 0.0000 tGradient 1.4040 tsec 1.5990
#GCMRL#  252 dt  25.920000 rms  0.548  0.062% neg 0  invalid 762 tFOTS 0.0000 tGradient 1.4280 tsec 1.6160
#GCMRL#  253 dt  25.920000 rms  0.548  0.059% neg 0  invalid 762 tFOTS 0.0000 tGradient 1.3300 tsec 1.5190
#GCMRL#  254 dt  25.920000 rms  0.547  0.065% neg 0  invalid 762 tFOTS 0.0000 tGradient 1.4190 tsec 1.6090
#GCMRL#  255 dt  25.920000 rms  0.547  0.064% neg 0  invalid 762 tFOTS 0.0000 tGradient 1.3630 tsec 1.5510
#GCMRL#  256 dt  25.920000 rms  0.547  0.058% neg 0  invalid 762 tFOTS 0.0000 tGradient 1.3660 tsec 1.5530
#GCMRL#  257 dt  25.920000 rms  0.546  0.059% neg 0  invalid 762 tFOTS 0.0000 tGradient 1.3560 tsec 1.5470
#GCMRL#  258 dt  25.920000 rms  0.546  0.056% neg 0  invalid 762 tFOTS 0.0000 tGradient 1.3730 tsec 1.5670
#GCMRL#  259 dt  25.920000 rms  0.546  0.050% neg 0  invalid 762 tFOTS 0.0000 tGradient 1.3530 tsec 1.5410
#GCMRL#  260 dt  25.920000 rms  0.546  0.049% neg 0  invalid 762 tFOTS 0.0000 tGradient 1.3450 tsec 1.5370
#GCMRL#  261 dt  25.920000 rms  0.545  0.048% neg 0  invalid 762 tFOTS 0.0000 tGradient 1.3840 tsec 1.5760
#GCMRL#  262 dt  25.920000 rms  0.545  0.050% neg 0  invalid 762 tFOTS 0.0000 tGradient 1.3270 tsec 1.5190
#GCMRL#  263 dt  25.920000 rms  0.545  0.049% neg 0  invalid 762 tFOTS 0.0000 tGradient 1.3460 tsec 1.5410
#GCMRL#  264 dt  25.920000 rms  0.545  0.046% neg 0  invalid 762 tFOTS 0.0000 tGradient 1.3700 tsec 1.5630
#GCMRL#  265 dt  25.920000 rms  0.544  0.042% neg 0  invalid 762 tFOTS 0.0000 tGradient 1.3780 tsec 1.5810
#GCMRL#  266 dt  25.920000 rms  0.544  0.042% neg 0  invalid 762 tFOTS 0.0000 tGradient 1.3490 tsec 1.5360
#GCMRL#  267 dt  25.920000 rms  0.544  0.039% neg 0  invalid 762 tFOTS 0.0000 tGradient 1.3440 tsec 1.5310
#GCMRL#  268 dt  25.920000 rms  0.544  0.040% neg 0  invalid 762 tFOTS 0.0000 tGradient 1.4070 tsec 1.6650
#GCMRL#  269 dt  25.920000 rms  0.543  0.044% neg 0  invalid 762 tFOTS 0.0000 tGradient 1.6900 tsec 1.9140
#GCMRL#  270 dt  25.920000 rms  0.543  0.045% neg 0  invalid 762 tFOTS 0.0000 tGradient 1.3180 tsec 1.5150
#GCMRL#  271 dt  25.920000 rms  0.543  0.041% neg 0  invalid 762 tFOTS 0.0000 tGradient 1.3420 tsec 1.5700
#GCMRL#  272 dt  25.920000 rms  0.543  0.039% neg 0  invalid 762 tFOTS 0.0000 tGradient 1.3380 tsec 1.5290
#GCMRL#  273 dt  25.920000 rms  0.543  0.034% neg 0  invalid 762 tFOTS 0.0000 tGradient 1.3180 tsec 1.5120
#GCMRL#  274 dt  25.920000 rms  0.542  0.033% neg 0  invalid 762 tFOTS 0.0000 tGradient 1.3350 tsec 1.5290
#GCMRL#  275 dt  25.920000 rms  0.542  0.032% neg 0  invalid 762 tFOTS 0.0000 tGradient 1.3130 tsec 1.5120
#GCMRL#  276 dt  25.920000 rms  0.542  0.036% neg 0  invalid 762 tFOTS 0.0000 tGradient 1.3350 tsec 1.5380
#GCMRL#  277 dt  25.920000 rms  0.542  0.033% neg 0  invalid 762 tFOTS 0.0000 tGradient 1.3790 tsec 1.5770
#GCMRL#  278 dt  25.920000 rms  0.542  0.033% neg 0  invalid 762 tFOTS 0.0000 tGradient 1.2930 tsec 1.4900
#GCMRL#  279 dt  25.920000 rms  0.541  0.033% neg 0  invalid 762 tFOTS 0.0000 tGradient 1.3020 tsec 1.4970
#GCMRL#  280 dt  25.920000 rms  0.541  0.031% neg 0  invalid 762 tFOTS 0.0000 tGradient 1.3100 tsec 1.5100
#GCMRL#  281 dt  25.920000 rms  0.541  0.033% neg 0  invalid 762 tFOTS 0.0000 tGradient 1.3300 tsec 1.5250
#GCMRL#  282 dt  25.920000 rms  0.541  0.032% neg 0  invalid 762 tFOTS 0.0000 tGradient 1.3350 tsec 1.5290
#GCMRL#  283 dt  25.920000 rms  0.541  0.028% neg 0  invalid 762 tFOTS 0.0000 tGradient 1.3220 tsec 1.5250
#GCMRL#  284 dt  25.920000 rms  0.541  0.027% neg 0  invalid 762 tFOTS 0.0000 tGradient 1.3470 tsec 1.5530
#GCMRL#  285 dt  25.920000 rms  0.540  0.030% neg 0  invalid 762 tFOTS 0.0000 tGradient 1.3370 tsec 1.5310
#GCMRL#  286 dt  25.920000 rms  0.540  0.028% neg 0  invalid 762 tFOTS 0.0000 tGradient 1.2980 tsec 1.4910
#GCMRL#  287 dt  25.920000 rms  0.540  0.028% neg 0  invalid 762 tFOTS 0.0000 tGradient 1.3200 tsec 1.5180
#GCMRL#  288 dt  25.920000 rms  0.540  0.027% neg 0  invalid 762 tFOTS 0.0000 tGradient 1.3080 tsec 1.5020
#GCMRL#  289 dt  25.920000 rms  0.540  0.028% neg 0  invalid 762 tFOTS 0.0000 tGradient 1.3090 tsec 1.5110
#GCMRL#  290 dt  25.920000 rms  0.540  0.026% neg 0  invalid 762 tFOTS 0.0000 tGradient 1.2880 tsec 1.4810
#GCMRL#  291 dt  25.920000 rms  0.540  0.028% neg 0  invalid 762 tFOTS 0.0000 tGradient 1.3160 tsec 1.5100
#GCMRL#  292 dt  25.920000 rms  0.539  0.026% neg 0  invalid 762 tFOTS 0.0000 tGradient 1.3060 tsec 1.5010
#GCMRL#  293 dt  25.920000 rms  0.539  0.024% neg 0  invalid 762 tFOTS 0.0000 tGradient 1.3180 tsec 1.5140
#GCMRL#  294 dt  25.920000 rms  0.539  0.020% neg 0  invalid 762 tFOTS 0.0000 tGradient 1.3250 tsec 1.5380
#GCMRL#  295 dt 1658.880000 rms  0.539  0.075% neg 0  invalid 762 tFOTS 2.8050 tGradient 1.2840 tsec 4.2990
#FOTS# QuadFit found better minimum quadopt=(dt=36.288,rms=0.53863) vs oldopt=(dt=25.92,rms=0.538657)
#GCMRL#  296 dt  36.288000 rms  0.539  0.000% neg 0  invalid 762 tFOTS 2.9810 tGradient 1.3000 tsec 4.5050
#GCMRL#  297 dt  36.288000 rms  0.539  0.017% neg 0  invalid 762 tFOTS 0.0000 tGradient 1.2600 tsec 1.4510
#GCMRL#  298 dt  36.288000 rms  0.538  0.014% neg 0  invalid 762 tFOTS 0.0000 tGradient 1.3030 tsec 1.5000
#GCMRL#  299 dt  36.288000 rms  0.538  0.014% neg 0  invalid 762 tFOTS 0.0000 tGradient 1.2950 tsec 1.5060
#FOTS# QuadFit found better minimum quadopt=(dt=145.152,rms=0.538231) vs oldopt=(dt=103.68,rms=0.53824)
#GCMRL#  300 dt 145.152000 rms  0.538  0.029% neg 0  invalid 762 tFOTS 2.6490 tGradient 1.2940 tsec 4.1480
#FOTS# QuadFit found better minimum quadopt=(dt=9.072,rms=0.538242) vs oldopt=(dt=6.48,rms=0.538243)

#GCAMreg# pass 0 level1 4 level2 1 tsec 232.056 sigma 0.5
l_jacobian=1.00 l_label=1.00 l_log_likelihood=0.20 l_smoothness=0.03 
tol=5.00e-02, dt=5.00e-02, exp_k=20.0, momentum=0.90, levels=6, niter=500, lbl_dist=10.00, avgs=64, sigma=0.5,type=2, relabel=0, neg=no

blurring input image with Gaussian with sigma=0.500...
GCAMRegisterLevel(): init RMS 0.538724
#FOTS# QuadFit found better minimum quadopt=(dt=124.416,rms=0.536498) vs oldopt=(dt=103.68,rms=0.536518)
#GCMRL#  302 dt 124.416000 rms  0.536  0.413% neg 0  invalid 762 tFOTS 2.8480 tGradient 1.2970 tsec 4.3640
#FOTS# QuadFit found better minimum quadopt=(dt=36.288,rms=0.535905) vs oldopt=(dt=25.92,rms=0.536009)
#GCMRL#  303 dt  36.288000 rms  0.536  0.110% neg 0  invalid 762 tFOTS 2.9030 tGradient 1.5080 tsec 4.6370
#FOTS# QuadFit found better minimum quadopt=(dt=145.152,rms=0.535402) vs oldopt=(dt=103.68,rms=0.535466)
#GCMRL#  304 dt 145.152000 rms  0.535  0.094% neg 0  invalid 762 tFOTS 2.9130 tGradient 1.3170 tsec 4.4540
#GCMRL#  305 dt 103.680000 rms  0.535  0.113% neg 0  invalid 762 tFOTS 2.8880 tGradient 1.2900 tsec 4.3940
#FOTS# QuadFit found better minimum quadopt=(dt=36.288,rms=0.534614) vs oldopt=(dt=25.92,rms=0.534646)
#GCMRL#  306 dt  36.288000 rms  0.535  0.000% neg 0  invalid 762 tFOTS 3.0000 tGradient 1.3110 tsec 4.5360
#GCMRL#  307 dt  36.288000 rms  0.535  0.018% neg 0  invalid 762 tFOTS 0.0000 tGradient 1.3600 tsec 1.5570
#GCMRL#  308 dt  36.288000 rms  0.534  0.030% neg 0  invalid 762 tFOTS 0.0000 tGradient 1.4010 tsec 1.6670
#GCMRL#  309 dt  36.288000 rms  0.534  0.049% neg 0  invalid 762 tFOTS 0.0000 tGradient 1.4090 tsec 1.6060
#GCMRL#  310 dt  36.288000 rms  0.534  0.055% neg 0  invalid 762 tFOTS 0.0000 tGradient 1.3410 tsec 1.5340
#GCMRL#  311 dt  36.288000 rms  0.533  0.058% neg 0  invalid 762 tFOTS 0.0000 tGradient 1.2980 tsec 1.4990
#GCMRL#  312 dt  36.288000 rms  0.533  0.057% neg 0  invalid 762 tFOTS 0.0000 tGradient 1.3330 tsec 1.5370
#GCMRL#  313 dt  36.288000 rms  0.533  0.054% neg 0  invalid 762 tFOTS 0.0000 tGradient 1.2960 tsec 1.4860
#GCMRL#  314 dt  36.288000 rms  0.533  0.049% neg 0  invalid 762 tFOTS 0.0000 tGradient 1.3470 tsec 1.5400
#GCMRL#  315 dt  36.288000 rms  0.532  0.041% neg 0  invalid 762 tFOTS 0.0000 tGradient 1.3280 tsec 1.5250
#GCMRL#  316 dt  36.288000 rms  0.532  0.046% neg 0  invalid 762 tFOTS 0.0000 tGradient 1.3640 tsec 1.5570
#GCMRL#  317 dt  36.288000 rms  0.532  0.046% neg 0  invalid 762 tFOTS 0.0000 tGradient 1.3390 tsec 1.5310
#GCMRL#  318 dt  36.288000 rms  0.532  0.046% neg 0  invalid 762 tFOTS 0.0000 tGradient 1.3930 tsec 1.5890
#GCMRL#  319 dt  36.288000 rms  0.531  0.043% neg 0  invalid 762 tFOTS 0.0000 tGradient 1.3340 tsec 1.5260
#GCMRL#  320 dt  36.288000 rms  0.531  0.048% neg 0  invalid 762 tFOTS 0.0000 tGradient 1.3080 tsec 1.5090
#GCMRL#  321 dt  36.288000 rms  0.531  0.042% neg 0  invalid 762 tFOTS 0.0000 tGradient 1.3200 tsec 1.5140
#GCMRL#  322 dt  36.288000 rms  0.531  0.039% neg 0  invalid 762 tFOTS 0.0000 tGradient 1.3230 tsec 1.5240
#GCMRL#  323 dt  36.288000 rms  0.531  0.045% neg 0  invalid 762 tFOTS 0.0000 tGradient 1.3100 tsec 1.5020
#GCMRL#  324 dt  36.288000 rms  0.530  0.042% neg 0  invalid 762 tFOTS 0.0000 tGradient 1.3420 tsec 1.5500
#GCMRL#  325 dt  36.288000 rms  0.530  0.041% neg 0  invalid 762 tFOTS 0.0000 tGradient 1.3260 tsec 1.5260
#GCMRL#  326 dt  36.288000 rms  0.530  0.041% neg 0  invalid 762 tFOTS 0.0000 tGradient 1.3030 tsec 1.4990
#GCMRL#  327 dt  36.288000 rms  0.530  0.042% neg 0  invalid 762 tFOTS 0.0000 tGradient 1.3340 tsec 1.5260
#GCMRL#  328 dt  36.288000 rms  0.529  0.038% neg 0  invalid 762 tFOTS 0.0000 tGradient 1.3160 tsec 1.5110
#GCMRL#  329 dt  36.288000 rms  0.529  0.041% neg 0  invalid 762 tFOTS 0.0000 tGradient 1.3260 tsec 1.5260
#GCMRL#  330 dt  36.288000 rms  0.529  0.038% neg 0  invalid 762 tFOTS 0.0000 tGradient 1.3350 tsec 1.5290
#GCMRL#  331 dt  36.288000 rms  0.529  0.038% neg 0  invalid 762 tFOTS 0.0000 tGradient 1.3690 tsec 1.5650
#GCMRL#  332 dt  36.288000 rms  0.529  0.034% neg 0  invalid 762 tFOTS 0.0000 tGradient 1.3320 tsec 1.5280
#GCMRL#  333 dt  36.288000 rms  0.528  0.033% neg 0  invalid 762 tFOTS 0.0000 tGradient 1.3340 tsec 1.5320
#GCMRL#  334 dt  36.288000 rms  0.528  0.031% neg 0  invalid 762 tFOTS 0.0000 tGradient 1.3650 tsec 1.5560
#GCMRL#  335 dt  36.288000 rms  0.528  0.036% neg 0  invalid 762 tFOTS 0.0000 tGradient 1.3310 tsec 1.5300
#GCMRL#  336 dt  36.288000 rms  0.528  0.032% neg 0  invalid 762 tFOTS 0.0000 tGradient 1.3390 tsec 1.5400
#GCMRL#  337 dt  36.288000 rms  0.528  0.035% neg 0  invalid 762 tFOTS 0.0000 tGradient 1.3460 tsec 1.5410
#GCMRL#  338 dt  36.288000 rms  0.528  0.031% neg 0  invalid 762 tFOTS 0.0000 tGradient 1.3240 tsec 1.5230
#GCMRL#  339 dt  36.288000 rms  0.527  0.029% neg 0  invalid 762 tFOTS 0.0000 tGradient 1.3500 tsec 1.5440
#GCMRL#  340 dt  36.288000 rms  0.527  0.028% neg 0  invalid 762 tFOTS 0.0000 tGradient 1.3420 tsec 1.5440
#GCMRL#  341 dt  36.288000 rms  0.527  0.027% neg 0  invalid 762 tFOTS 0.0000 tGradient 1.3400 tsec 1.5290
#GCMRL#  342 dt  36.288000 rms  0.527  0.030% neg 0  invalid 762 tFOTS 0.0000 tGradient 1.3470 tsec 1.5400
#GCMRL#  343 dt  36.288000 rms  0.527  0.030% neg 0  invalid 762 tFOTS 0.0000 tGradient 1.3690 tsec 1.5620
#GCMRL#  344 dt  36.288000 rms  0.527  0.030% neg 0  invalid 762 tFOTS 0.0000 tGradient 1.3510 tsec 1.5470
#GCMRL#  345 dt  36.288000 rms  0.527  0.027% neg 0  invalid 762 tFOTS 0.0000 tGradient 1.3260 tsec 1.5230
#GCMRL#  346 dt  36.288000 rms  0.526  0.025% neg 0  invalid 762 tFOTS 0.0000 tGradient 1.3440 tsec 1.5410
#GCMRL#  347 dt  36.288000 rms  0.526  0.027% neg 0  invalid 762 tFOTS 0.0000 tGradient 1.2870 tsec 1.4790
#GCMRL#  348 dt  36.288000 rms  0.526  0.024% neg 0  invalid 762 tFOTS 0.0000 tGradient 1.3480 tsec 1.5550
#GCMRL#  349 dt  36.288000 rms  0.526  0.029% neg 0  invalid 762 tFOTS 0.0000 tGradient 1.3760 tsec 1.5740
#GCMRL#  350 dt  36.288000 rms  0.526  0.026% neg 0  invalid 762 tFOTS 0.0000 tGradient 1.3210 tsec 1.5110
#GCMRL#  351 dt  36.288000 rms  0.526  0.026% neg 0  invalid 762 tFOTS 0.0000 tGradient 1.3520 tsec 1.5570
#GCMRL#  352 dt  36.288000 rms  0.526  0.024% neg 0  invalid 762 tFOTS 0.0000 tGradient 1.2770 tsec 1.4680
#GCMRL#  353 dt  36.288000 rms  0.526  0.021% neg 0  invalid 762 tFOTS 0.0000 tGradient 1.3570 tsec 1.5630
#FOTS# QuadFit found better minimum quadopt=(dt=580.608,rms=0.525338) vs oldopt=(dt=414.72,rms=0.525354)
#GCMRL#  354 dt 580.608000 rms  0.525  0.033% neg 0  invalid 762 tFOTS 2.9820 tGradient 1.3230 tsec 4.5190
#FOTS# QuadFit found better minimum quadopt=(dt=36.288,rms=0.525268) vs oldopt=(dt=25.92,rms=0.525275)
#GCMRL#  355 dt  36.288000 rms  0.525  0.000% neg 0  invalid 762 tFOTS 2.9770 tGradient 1.3600 tsec 4.5660
#GCMRL#  356 dt  36.288000 rms  0.525  0.001% neg 0  invalid 762 tFOTS 0.0000 tGradient 1.3010 tsec 1.5010
#GCMRL#  357 dt  36.288000 rms  0.525  0.001% neg 0  invalid 762 tFOTS 0.0000 tGradient 1.3330 tsec 1.5240
#GCMRL#  358 dt  36.288000 rms  0.525  0.004% neg 0  invalid 762 tFOTS 0.0000 tGradient 1.2940 tsec 1.4960
#GCMRL#  359 dt  36.288000 rms  0.525  0.006% neg 0  invalid 762 tFOTS 0.0000 tGradient 1.3350 tsec 1.5370
#GCMRL#  360 dt  36.288000 rms  0.525  0.011% neg 0  invalid 762 tFOTS 0.0000 tGradient 1.3540 tsec 1.5550
#GCMRL#  361 dt  36.288000 rms  0.525  0.012% neg 0  invalid 762 tFOTS 0.0000 tGradient 1.3370 tsec 1.5290
#GCMRL#  362 dt  36.288000 rms  0.525  0.012% neg 0  invalid 762 tFOTS 0.0000 tGradient 1.3420 tsec 1.5420
#GCMRL#  363 dt  36.288000 rms  0.525  0.013% neg 0  invalid 762 tFOTS 0.0000 tGradient 1.3580 tsec 1.5570
#GCMRL#  364 dt  36.288000 rms  0.525  0.015% neg 0  invalid 762 tFOTS 0.0000 tGradient 1.3110 tsec 1.5140
setting smoothness cost coefficient to 0.118

#GCAMreg# pass 0 level1 3 level2 0 tsec 0 sigma 2
l_jacobian=1.00 l_label=1.00 l_log_likelihood=0.20 l_smoothness=0.12 
tol=5.00e-02, dt=5.00e-02, exp_k=20.0, momentum=0.90, levels=6, niter=500, lbl_dist=10.00, avgs=16, sigma=2.0,type=2, relabel=0, neg=no

blurring input image with Gaussian with sigma=2.000...
GCAMRegisterLevel(): init RMS 0.538413
#FOTS# QuadFit found better minimum quadopt=(dt=11.2,rms=0.537264) vs oldopt=(dt=8,rms=0.53739)
#GCMRL#  366 dt  11.200000 rms  0.537  0.213% neg 0  invalid 762 tFOTS 2.8230 tGradient 1.1760 tsec 4.2110
#FOTS# QuadFit found better minimum quadopt=(dt=25.6,rms=0.536646) vs oldopt=(dt=32,rms=0.536703)
#GCMRL#  367 dt  25.600000 rms  0.537  0.115% neg 0  invalid 762 tFOTS 2.8200 tGradient 1.1420 tsec 4.1750
#FOTS# QuadFit found better minimum quadopt=(dt=84.43,rms=0.534527) vs oldopt=(dt=128,rms=0.535149)
#GCMRL#  368 dt  84.429967 rms  0.535  0.395% neg 0  invalid 762 tFOTS 2.8120 tGradient 1.1440 tsec 4.1790
#FOTS# QuadFit found better minimum quadopt=(dt=44.8,rms=0.531552) vs oldopt=(dt=32,rms=0.532291)
#GCMRL#  369 dt  44.800000 rms  0.532  0.557% neg 0  invalid 762 tFOTS 2.6450 tGradient 1.1450 tsec 4.0050
#FOTS# QuadFit found better minimum quadopt=(dt=44.8,rms=0.52946) vs oldopt=(dt=32,rms=0.529894)
#GCMRL#  370 dt  44.800000 rms  0.529  0.394% neg 0  invalid 762 tFOTS 2.6280 tGradient 1.1630 tsec 4.0020
#FOTS# QuadFit found better minimum quadopt=(dt=38.4,rms=0.528313) vs oldopt=(dt=32,rms=0.528344)
#GCMRL#  371 dt  38.400000 rms  0.528  0.217% neg 0  invalid 762 tFOTS 2.6250 tGradient 1.1920 tsec 4.0910
#FOTS# QuadFit found better minimum quadopt=(dt=11.2,rms=0.527535) vs oldopt=(dt=8,rms=0.527731)
#GCMRL#  372 dt  11.200000 rms  0.528  0.147% neg 0  invalid 762 tFOTS 2.4690 tGradient 1.2360 tsec 3.9180
#FOTS# QuadFit found better minimum quadopt=(dt=11.2,rms=0.527019) vs oldopt=(dt=8,rms=0.527152)
#GCMRL#  373 dt  11.200000 rms  0.527  0.098% neg 0  invalid 762 tFOTS 2.4330 tGradient 1.1300 tsec 3.7730
#FOTS# QuadFit found better minimum quadopt=(dt=2.8,rms=0.52691) vs oldopt=(dt=2,rms=0.526939)
#GCMRL#  374 dt   2.800000 rms  0.527  0.000% neg 0  invalid 762 tFOTS 2.2860 tGradient 1.1180 tsec 3.6230
#GCMRL#  375 dt   2.800000 rms  0.527  0.018% neg 0  invalid 762 tFOTS 0.0000 tGradient 1.1760 tsec 1.3650
#GCMRL#  376 dt   1.400000 rms  0.527  0.010% neg 0  invalid 762 tFOTS 0.0000 tGradient 1.1470 tsec 1.5450
#GCMRL#  377 dt   0.700000 rms  0.527  0.005% neg 0  invalid 762 tFOTS 0.0000 tGradient 1.1370 tsec 1.5610
#FOTS# QuadFit found better minimum quadopt=(dt=0.04375,rms=0.526732) vs oldopt=(dt=0.03125,rms=0.526733)

#GCAMreg# pass 0 level1 3 level2 1 tsec 52.023 sigma 0.5
l_jacobian=1.00 l_label=1.00 l_log_likelihood=0.20 l_smoothness=0.12 
tol=5.00e-02, dt=5.00e-02, exp_k=20.0, momentum=0.90, levels=6, niter=500, lbl_dist=10.00, avgs=16, sigma=0.5,type=2, relabel=0, neg=no

blurring input image with Gaussian with sigma=0.500...
GCAMRegisterLevel(): init RMS 0.527198
#FOTS# QuadFit found better minimum quadopt=(dt=60.8696,rms=0.522267) vs oldopt=(dt=32,rms=0.52303)
#GCMRL#  379 dt  60.869565 rms  0.522  0.935% neg 0  invalid 762 tFOTS 2.7900 tGradient 1.1450 tsec 4.1500
#FOTS# QuadFit found better minimum quadopt=(dt=20.963,rms=0.520404) vs oldopt=(dt=32,rms=0.520879)
#GCMRL#  380 dt  20.962963 rms  0.520  0.357% neg 0  invalid 762 tFOTS 2.6000 tGradient 1.1160 tsec 3.9350
#FOTS# QuadFit found better minimum quadopt=(dt=44.8,rms=0.518805) vs oldopt=(dt=32,rms=0.519108)
#GCMRL#  381 dt  44.800000 rms  0.519  0.307% neg 0  invalid 762 tFOTS 2.7640 tGradient 1.0920 tsec 4.0670
#GCMRL#  382 dt  32.000000 rms  0.518  0.172% neg 0  invalid 762 tFOTS 2.6280 tGradient 1.1250 tsec 3.9630
#GCMRL#  383 dt  32.000000 rms  0.517  0.206% neg 0  invalid 762 tFOTS 2.8000 tGradient 1.1480 tsec 4.1610
#FOTS# QuadFit found better minimum quadopt=(dt=25.6,rms=0.516198) vs oldopt=(dt=32,rms=0.51625)
#GCMRL#  384 dt  25.600000 rms  0.516  0.126% neg 0  invalid 762 tFOTS 2.7370 tGradient 1.1530 tsec 4.1540
#FOTS# QuadFit found better minimum quadopt=(dt=38.4,rms=0.51522) vs oldopt=(dt=32,rms=0.515265)
#GCMRL#  385 dt  38.400000 rms  0.515  0.190% neg 0  invalid 762 tFOTS 2.7510 tGradient 1.1590 tsec 4.1160
#FOTS# QuadFit found better minimum quadopt=(dt=19.2,rms=0.514695) vs oldopt=(dt=32,rms=0.514845)
#GCMRL#  386 dt  19.200000 rms  0.515  0.102% neg 0  invalid 762 tFOTS 2.5570 tGradient 1.1440 tsec 3.9080
#FOTS# QuadFit found better minimum quadopt=(dt=102.4,rms=0.513274) vs oldopt=(dt=128,rms=0.513381)
#GCMRL#  387 dt 102.400000 rms  0.513  0.276% neg 0  invalid 762 tFOTS 2.5650 tGradient 1.1360 tsec 3.9090
#FOTS# QuadFit found better minimum quadopt=(dt=11.2,rms=0.512527) vs oldopt=(dt=8,rms=0.512709)
#GCMRL#  388 dt  11.200000 rms  0.513  0.146% neg 0  invalid 762 tFOTS 2.5270 tGradient 1.1570 tsec 3.8810
#FOTS# QuadFit found better minimum quadopt=(dt=25.6,rms=0.512044) vs oldopt=(dt=32,rms=0.512096)
#GCMRL#  389 dt  25.600000 rms  0.512  0.094% neg 0  invalid 762 tFOTS 2.4720 tGradient 1.0900 tsec 3.7670
#FOTS# QuadFit found better minimum quadopt=(dt=44.8,rms=0.511271) vs oldopt=(dt=32,rms=0.511313)
#GCMRL#  390 dt  44.800000 rms  0.511  0.151% neg 0  invalid 762 tFOTS 2.6120 tGradient 1.1530 tsec 3.9720
#FOTS# QuadFit found better minimum quadopt=(dt=19.2,rms=0.510911) vs oldopt=(dt=32,rms=0.511056)
#GCMRL#  391 dt  19.200000 rms  0.511  0.071% neg 0  invalid 762 tFOTS 2.6210 tGradient 1.1430 tsec 3.9660
#FOTS# QuadFit found better minimum quadopt=(dt=179.2,rms=0.509189) vs oldopt=(dt=128,rms=0.509338)
#GCMRL#  392 dt 179.200000 rms  0.509  0.337% neg 0  invalid 762 tFOTS 2.5790 tGradient 1.1350 tsec 3.9210
#FOTS# QuadFit found better minimum quadopt=(dt=11.2,rms=0.508414) vs oldopt=(dt=8,rms=0.508599)
#GCMRL#  393 dt  11.200000 rms  0.508  0.152% neg 0  invalid 762 tFOTS 2.7170 tGradient 1.1510 tsec 4.0740
#FOTS# QuadFit found better minimum quadopt=(dt=25.6,rms=0.507956) vs oldopt=(dt=32,rms=0.508002)
#GCMRL#  394 dt  25.600000 rms  0.508  0.090% neg 0  invalid 762 tFOTS 2.7910 tGradient 1.1310 tsec 4.1260
#FOTS# QuadFit found better minimum quadopt=(dt=44.8,rms=0.507333) vs oldopt=(dt=32,rms=0.507392)
#GCMRL#  395 dt  44.800000 rms  0.507  0.123% neg 0  invalid 762 tFOTS 2.7050 tGradient 1.1390 tsec 4.0550
#FOTS# QuadFit found better minimum quadopt=(dt=11.2,rms=0.507194) vs oldopt=(dt=8,rms=0.507234)
#GCMRL#  396 dt  11.200000 rms  0.507  0.000% neg 0  invalid 762 tFOTS 2.7440 tGradient 1.1550 tsec 4.1230
#GCMRL#  397 dt  11.200000 rms  0.507  0.037% neg 0  invalid 762 tFOTS 0.0000 tGradient 1.1580 tsec 1.3470
#GCMRL#  398 dt  11.200000 rms  0.507  0.040% neg 0  invalid 762 tFOTS 0.0000 tGradient 1.1830 tsec 1.3750
#GCMRL#  399 dt  11.200000 rms  0.506  0.063% neg 0  invalid 762 tFOTS 0.0000 tGradient 1.1730 tsec 1.3690
#GCMRL#  400 dt  11.200000 rms  0.506  0.075% neg 0  invalid 762 tFOTS 0.0000 tGradient 1.1850 tsec 1.3840
#GCMRL#  401 dt  11.200000 rms  0.506  0.096% neg 0  invalid 762 tFOTS 0.0000 tGradient 1.1870 tsec 1.3770
#GCMRL#  402 dt  11.200000 rms  0.505  0.107% neg 0  invalid 762 tFOTS 0.0000 tGradient 1.1400 tsec 1.3320
#GCMRL#  403 dt  11.200000 rms  0.505  0.108% neg 0  invalid 762 tFOTS 0.0000 tGradient 1.1520 tsec 1.3490
#GCMRL#  404 dt  11.200000 rms  0.504  0.110% neg 0  invalid 762 tFOTS 0.0000 tGradient 1.1220 tsec 1.3160
#GCMRL#  405 dt  11.200000 rms  0.503  0.111% neg 0  invalid 762 tFOTS 0.0000 tGradient 1.1360 tsec 1.3370
#GCMRL#  406 dt  11.200000 rms  0.503  0.118% neg 0  invalid 762 tFOTS 0.0000 tGradient 1.1300 tsec 1.3240
#GCMRL#  407 dt  11.200000 rms  0.502  0.122% neg 0  invalid 762 tFOTS 0.0000 tGradient 1.1140 tsec 1.3100
#GCMRL#  408 dt  11.200000 rms  0.502  0.117% neg 0  invalid 762 tFOTS 0.0000 tGradient 1.1290 tsec 1.3260
#GCMRL#  409 dt  11.200000 rms  0.501  0.119% neg 0  invalid 762 tFOTS 0.0000 tGradient 1.1500 tsec 1.3440
#GCMRL#  410 dt  11.200000 rms  0.500  0.112% neg 0  invalid 762 tFOTS 0.0000 tGradient 1.1180 tsec 1.3140
#GCMRL#  411 dt  11.200000 rms  0.500  0.111% neg 0  invalid 762 tFOTS 0.0000 tGradient 1.1090 tsec 1.3040
#GCMRL#  412 dt  11.200000 rms  0.499  0.104% neg 0  invalid 762 tFOTS 0.0000 tGradient 1.1700 tsec 1.3600
#GCMRL#  413 dt  11.200000 rms  0.499  0.102% neg 0  invalid 762 tFOTS 0.0000 tGradient 1.1360 tsec 1.3310
#GCMRL#  414 dt  11.200000 rms  0.498  0.098% neg 0  invalid 762 tFOTS 0.0000 tGradient 1.1650 tsec 1.3550
#GCMRL#  415 dt  11.200000 rms  0.498  0.085% neg 0  invalid 762 tFOTS 0.0000 tGradient 1.1240 tsec 1.3140
#GCMRL#  416 dt  11.200000 rms  0.498  0.082% neg 0  invalid 762 tFOTS 0.0000 tGradient 1.1480 tsec 1.3350
#GCMRL#  417 dt  11.200000 rms  0.497  0.087% neg 0  invalid 762 tFOTS 0.0000 tGradient 1.1310 tsec 1.3200
#GCMRL#  418 dt  11.200000 rms  0.497  0.083% neg 0  invalid 762 tFOTS 0.0000 tGradient 1.1550 tsec 1.3390
#GCMRL#  419 dt  11.200000 rms  0.496  0.078% neg 0  invalid 762 tFOTS 0.0000 tGradient 1.1310 tsec 1.3170
#GCMRL#  420 dt  11.200000 rms  0.496  0.074% neg 0  invalid 762 tFOTS 0.0000 tGradient 1.1450 tsec 1.3330
#GCMRL#  421 dt  11.200000 rms  0.496  0.068% neg 0  invalid 762 tFOTS 0.0000 tGradient 1.1540 tsec 1.3380
#GCMRL#  422 dt  11.200000 rms  0.495  0.062% neg 0  invalid 762 tFOTS 0.0000 tGradient 1.1550 tsec 1.3390
#GCMRL#  423 dt  11.200000 rms  0.495  0.058% neg 0  invalid 762 tFOTS 0.0000 tGradient 1.0920 tsec 1.2790
#GCMRL#  424 dt  11.200000 rms  0.495  0.053% neg 0  invalid 762 tFOTS 0.0000 tGradient 1.1400 tsec 1.3260
#GCMRL#  425 dt  11.200000 rms  0.494  0.054% neg 0  invalid 762 tFOTS 0.0000 tGradient 1.1090 tsec 1.3000
#GCMRL#  426 dt  11.200000 rms  0.494  0.048% neg 0  invalid 762 tFOTS 0.0000 tGradient 1.1030 tsec 1.2880
#GCMRL#  427 dt  11.200000 rms  0.494  0.044% neg 0  invalid 762 tFOTS 0.0000 tGradient 1.1180 tsec 1.3020
#GCMRL#  428 dt  11.200000 rms  0.494  0.049% neg 0  invalid 762 tFOTS 0.0000 tGradient 1.1010 tsec 1.2870
#GCMRL#  429 dt  11.200000 rms  0.494  0.038% neg 0  invalid 762 tFOTS 0.0000 tGradient 1.0930 tsec 1.2820
#GCMRL#  430 dt  11.200000 rms  0.493  0.039% neg 0  invalid 762 tFOTS 0.0000 tGradient 1.0890 tsec 1.2750
#GCMRL#  431 dt  11.200000 rms  0.493  0.038% neg 0  invalid 762 tFOTS 0.0000 tGradient 1.0930 tsec 1.2790
#GCMRL#  432 dt  11.200000 rms  0.493  0.034% neg 0  invalid 762 tFOTS 0.0000 tGradient 1.1010 tsec 1.2860
#GCMRL#  433 dt  11.200000 rms  0.493  0.036% neg 0  invalid 762 tFOTS 0.0000 tGradient 1.1010 tsec 1.2840
#GCMRL#  434 dt  11.200000 rms  0.493  0.036% neg 0  invalid 762 tFOTS 0.0000 tGradient 1.1000 tsec 1.2830
#GCMRL#  435 dt  11.200000 rms  0.493  0.035% neg 0  invalid 762 tFOTS 0.0000 tGradient 1.0870 tsec 1.3190
#GCMRL#  436 dt  11.200000 rms  0.492  0.033% neg 0  invalid 762 tFOTS 0.0000 tGradient 1.0840 tsec 1.2690
#GCMRL#  437 dt  11.200000 rms  0.492  0.031% neg 0  invalid 762 tFOTS 0.0000 tGradient 1.1490 tsec 1.3310
#GCMRL#  438 dt  11.200000 rms  0.492  0.031% neg 0  invalid 762 tFOTS 0.0000 tGradient 1.0880 tsec 1.2720
#GCMRL#  439 dt  11.200000 rms  0.492  0.028% neg 0  invalid 762 tFOTS 0.0000 tGradient 1.0800 tsec 1.2660
#GCMRL#  440 dt  11.200000 rms  0.492  0.029% neg 0  invalid 762 tFOTS 0.0000 tGradient 1.0980 tsec 1.2930
#GCMRL#  441 dt  11.200000 rms  0.492  0.028% neg 0  invalid 762 tFOTS 0.0000 tGradient 1.0940 tsec 1.2830
#GCMRL#  442 dt  11.200000 rms  0.491  0.031% neg 0  invalid 762 tFOTS 0.0000 tGradient 1.0920 tsec 1.2800
#GCMRL#  443 dt  11.200000 rms  0.491  0.021% neg 0  invalid 762 tFOTS 0.0000 tGradient 1.1090 tsec 1.2940
#GCMRL#  444 dt  11.200000 rms  0.491  0.025% neg 0  invalid 762 tFOTS 0.0000 tGradient 1.0920 tsec 1.2740
#GCMRL#  445 dt  11.200000 rms  0.491  0.018% neg 0  invalid 762 tFOTS 0.0000 tGradient 1.1210 tsec 1.3050
#GCMRL#  446 dt  11.200000 rms  0.491  0.024% neg 0  invalid 762 tFOTS 0.0000 tGradient 1.0930 tsec 1.2780
#GCMRL#  447 dt  11.200000 rms  0.491  0.024% neg 0  invalid 762 tFOTS 0.0000 tGradient 1.1490 tsec 1.3400
#GCMRL#  448 dt  11.200000 rms  0.491  0.027% neg 0  invalid 762 tFOTS 0.0000 tGradient 1.0830 tsec 1.2660
#GCMRL#  449 dt  11.200000 rms  0.491  0.021% neg 0  invalid 762 tFOTS 0.0000 tGradient 1.0790 tsec 1.2620
#GCMRL#  450 dt  11.200000 rms  0.491  0.023% neg 0  invalid 762 tFOTS 0.0000 tGradient 1.0920 tsec 1.2760
#GCMRL#  451 dt  11.200000 rms  0.490  0.022% neg 0  invalid 762 tFOTS 0.0000 tGradient 1.0880 tsec 1.2850
#FOTS# QuadFit found better minimum quadopt=(dt=38.4,rms=0.490435) vs oldopt=(dt=32,rms=0.490436)
#GCMRL#  452 dt  38.400000 rms  0.490  0.000% neg 0  invalid 762 tFOTS 2.6410 tGradient 1.0690 tsec 3.9210
setting smoothness cost coefficient to 0.400

#GCAMreg# pass 0 level1 2 level2 0 tsec 0 sigma 2
l_jacobian=1.00 l_label=1.00 l_log_likelihood=0.20 l_smoothness=0.40 
tol=5.00e-02, dt=5.00e-02, exp_k=20.0, momentum=0.90, levels=6, niter=500, lbl_dist=10.00, avgs=4, sigma=2.0,type=2, relabel=0, neg=no

blurring input image with Gaussian with sigma=2.000...
GCAMRegisterLevel(): init RMS 0.518449
#GCMRL#  454 dt   0.000000 rms  0.518  0.076% neg 0  invalid 762 tFOTS 2.3390 tGradient 1.0030 tsec 3.5450
#GCMRL#  455 dt   0.150000 rms  0.518  0.000% neg 0  invalid 762 tFOTS 2.2970 tGradient 1.0060 tsec 3.6510

#GCAMreg# pass 0 level1 2 level2 1 tsec 17.573 sigma 0.5
l_jacobian=1.00 l_label=1.00 l_log_likelihood=0.20 l_smoothness=0.40 
tol=5.00e-02, dt=5.00e-02, exp_k=20.0, momentum=0.90, levels=6, niter=500, lbl_dist=10.00, avgs=4, sigma=0.5,type=2, relabel=0, neg=no

blurring input image with Gaussian with sigma=0.500...
GCAMRegisterLevel(): init RMS 0.518449
#GCMRL#  457 dt   0.000000 rms  0.518  0.076% neg 0  invalid 762 tFOTS 2.4490 tGradient 1.0270 tsec 3.6790
#GCMRL#  458 dt   0.150000 rms  0.518  0.000% neg 0  invalid 762 tFOTS 2.4840 tGradient 1.0070 tsec 3.8430
setting smoothness cost coefficient to 1.000

#GCAMreg# pass 0 level1 1 level2 0 tsec 0 sigma 2
l_jacobian=1.00 l_label=1.00 l_log_likelihood=0.20 l_smoothness=1.00 
tol=5.00e-02, dt=5.00e-02, exp_k=20.0, momentum=0.90, levels=6, niter=500, lbl_dist=10.00, avgs=1, sigma=2.0,type=2, relabel=0, neg=no

blurring input image with Gaussian with sigma=2.000...
GCAMRegisterLevel(): init RMS 0.572654
#FOTS# QuadFit found better minimum quadopt=(dt=1.792,rms=0.566832) vs oldopt=(dt=1.28,rms=0.56721)
#GCMRL#  460 dt   1.792000 rms  0.567  1.017% neg 0  invalid 762 tFOTS 2.4590 tGradient 0.8890 tsec 3.5560
#GCMRL#  461 dt   0.320000 rms  0.567  0.000% neg 0  invalid 762 tFOTS 2.5230 tGradient 0.8750 tsec 3.6160

#GCAMreg# pass 0 level1 1 level2 1 tsec 17.323 sigma 0.5
l_jacobian=1.00 l_label=1.00 l_log_likelihood=0.20 l_smoothness=1.00 
tol=5.00e-02, dt=5.00e-02, exp_k=20.0, momentum=0.90, levels=6, niter=500, lbl_dist=10.00, avgs=1, sigma=0.5,type=2, relabel=0, neg=no

blurring input image with Gaussian with sigma=0.500...
GCAMRegisterLevel(): init RMS 0.567103
#FOTS# QuadFit found better minimum quadopt=(dt=0.768,rms=0.566195) vs oldopt=(dt=1.28,rms=0.566288)
#GCMRL#  463 dt   0.768000 rms  0.566  0.160% neg 0  invalid 762 tFOTS 2.5590 tGradient 0.8710 tsec 3.6310
#GCMRL#  464 dt   0.320000 rms  0.566  0.000% neg 0  invalid 762 tFOTS 2.7290 tGradient 0.8670 tsec 3.8230
resetting metric properties...
setting smoothness cost coefficient to 2.000

#GCAMreg# pass 0 level1 0 level2 0 tsec 0 sigma 2
l_jacobian=1.00 l_label=1.00 l_log_likelihood=0.20 l_smoothness=2.00 
tol=5.00e-02, dt=5.00e-02, exp_k=20.0, momentum=0.90, levels=6, niter=500, lbl_dist=10.00, avgs=0, sigma=2.0,type=2, relabel=0, neg=no

blurring input image with Gaussian with sigma=2.000...
GCAMRegisterLevel(): init RMS 0.506825
#FOTS# QuadFit found better minimum quadopt=(dt=0.448,rms=0.49547) vs oldopt=(dt=0.32,rms=0.498437)
#GCMRL#  466 dt   0.448000 rms  0.495  2.240% neg 0  invalid 762 tFOTS 2.4840 tGradient 0.5030 tsec 3.2070
#FOTS# QuadFit found better minimum quadopt=(dt=0.448,rms=0.492713) vs oldopt=(dt=0.32,rms=0.493479)
#GCMRL#  467 dt   0.448000 rms  0.493  0.556% neg 0  invalid 762 tFOTS 2.5070 tGradient 0.5070 tsec 3.2290
#FOTS# QuadFit found better minimum quadopt=(dt=0.448,rms=0.491004) vs oldopt=(dt=0.32,rms=0.491481)
#GCMRL#  468 dt   0.448000 rms  0.491  0.347% neg 0  invalid 762 tFOTS 2.4380 tGradient 0.4940 tsec 3.1440
#FOTS# QuadFit found better minimum quadopt=(dt=0.448,rms=0.489911) vs oldopt=(dt=0.32,rms=0.490218)
#GCMRL#  469 dt   0.448000 rms  0.490  0.223% neg 0  invalid 762 tFOTS 2.3880 tGradient 0.5240 tsec 3.1170
#FOTS# QuadFit found better minimum quadopt=(dt=0.576923,rms=0.488863) vs oldopt=(dt=0.32,rms=0.489318)
#GCMRL#  470 dt   0.576923 rms  0.489  0.214% neg 0  invalid 762 tFOTS 2.4610 tGradient 0.5110 tsec 3.1840
#FOTS# QuadFit found better minimum quadopt=(dt=0.448,rms=0.488291) vs oldopt=(dt=0.32,rms=0.488445)
#GCMRL#  471 dt   0.448000 rms  0.488  0.117% neg 0  invalid 762 tFOTS 2.4570 tGradient 0.4960 tsec 3.1600
#FOTS# QuadFit found better minimum quadopt=(dt=0.448,rms=0.487842) vs oldopt=(dt=0.32,rms=0.487969)
#GCMRL#  472 dt   0.448000 rms  0.488  0.092% neg 0  invalid 762 tFOTS 2.3710 tGradient 0.4910 tsec 3.0600
#FOTS# QuadFit found better minimum quadopt=(dt=0.448,rms=0.487469) vs oldopt=(dt=0.32,rms=0.487567)
#GCMRL#  473 dt   0.448000 rms  0.487  0.077% neg 0  invalid 762 tFOTS 2.4180 tGradient 0.5210 tsec 3.1480
#FOTS# QuadFit found better minimum quadopt=(dt=0.448,rms=0.487166) vs oldopt=(dt=0.32,rms=0.48725)
#GCMRL#  474 dt   0.448000 rms  0.487  0.062% neg 0  invalid 762 tFOTS 2.4020 tGradient 0.4940 tsec 3.1030
#FOTS# QuadFit found better minimum quadopt=(dt=0.448,rms=0.486899) vs oldopt=(dt=0.32,rms=0.486965)
#GCMRL#  475 dt   0.448000 rms  0.487  0.055% neg 0  invalid 762 tFOTS 2.4150 tGradient 0.5090 tsec 3.1300
#FOTS# QuadFit found better minimum quadopt=(dt=0.448,rms=0.486668) vs oldopt=(dt=0.32,rms=0.486727)
#GCMRL#  476 dt   0.448000 rms  0.487  0.000% neg 0  invalid 762 tFOTS 2.4430 tGradient 0.5160 tsec 3.1790
#GCMRL#  477 dt   0.448000 rms  0.486  0.038% neg 0  invalid 762 tFOTS 0.0000 tGradient 0.5040 tsec 0.7180
#GCMRL#  478 dt   0.448000 rms  0.486  0.069% neg 0  invalid 762 tFOTS 0.0000 tGradient 0.4920 tsec 0.6990
#GCMRL#  479 dt   0.448000 rms  0.486  0.088% neg 0  invalid 762 tFOTS 0.0000 tGradient 0.5040 tsec 0.7050
#GCMRL#  480 dt   0.448000 rms  0.485  0.094% neg 0  invalid 762 tFOTS 0.0000 tGradient 0.5130 tsec 0.7170
#GCMRL#  481 dt   0.448000 rms  0.485  0.081% neg 0  invalid 762 tFOTS 0.0000 tGradient 0.4960 tsec 0.7040
#GCMRL#  482 dt   0.448000 rms  0.485 -0.002% neg 0  invalid 762 tFOTS 0.0000 tGradient 0.5020 tsec 0.9710
#FOTS# QuadFit found better minimum quadopt=(dt=0.256,rms=0.48487) vs oldopt=(dt=0.32,rms=0.484871)
#GCMRL#  483 dt   0.256000 rms  0.485  0.002% neg 0  invalid 762 tFOTS 2.4000 tGradient 0.5080 tsec 3.1110
#FOTS# QuadFit found better minimum quadopt=(dt=0.384,rms=0.484852) vs oldopt=(dt=0.32,rms=0.484852)
#GCMRL#  484 dt   0.384000 rms  0.485  0.004% neg 0  invalid 762 tFOTS 2.4360 tGradient 0.5130 tsec 3.1540
#FOTS# QuadFit found better minimum quadopt=(dt=0.112,rms=0.484855) vs oldopt=(dt=0.08,rms=0.484856)

#GCAMreg# pass 0 level1 0 level2 1 tsec 57.583 sigma 0.5
l_jacobian=1.00 l_label=1.00 l_log_likelihood=0.20 l_smoothness=2.00 
tol=5.00e-02, dt=5.00e-02, exp_k=20.0, momentum=0.90, levels=6, niter=500, lbl_dist=10.00, avgs=0, sigma=0.5,type=2, relabel=0, neg=no

blurring input image with Gaussian with sigma=0.500...
GCAMRegisterLevel(): init RMS 0.485329
#FOTS# QuadFit found better minimum quadopt=(dt=0.448,rms=0.48166) vs oldopt=(dt=0.32,rms=0.482501)
#GCMRL#  486 dt   0.448000 rms  0.482  0.756% neg 0  invalid 762 tFOTS 2.4520 tGradient 0.4960 tsec 3.1540
#FOTS# QuadFit found better minimum quadopt=(dt=0.448,rms=0.481165) vs oldopt=(dt=0.32,rms=0.481294)
#GCMRL#  487 dt   0.448000 rms  0.481  0.103% neg 0  invalid 762 tFOTS 2.5970 tGradient 0.4910 tsec 3.3200
#FOTS# QuadFit found better minimum quadopt=(dt=0.448,rms=0.480979) vs oldopt=(dt=0.32,rms=0.481027)
#GCMRL#  488 dt   0.448000 rms  0.481  0.000% neg 0  invalid 762 tFOTS 2.4180 tGradient 0.4960 tsec 3.1380
#GCMRL#  489 dt   0.448000 rms  0.481  0.024% neg 0  invalid 762 tFOTS 0.0000 tGradient 0.5020 tsec 0.7050
#GCMRL#  490 dt   0.448000 rms  0.481  0.029% neg 0  invalid 762 tFOTS 0.0000 tGradient 0.5010 tsec 0.7090
#GCMRL#  491 dt   0.448000 rms  0.481  0.025% neg 0  invalid 762 tFOTS 0.0000 tGradient 0.5110 tsec 0.7270
#GCMRL#  492 dt   0.448000 rms  0.481  0.020% neg 0  invalid 762 tFOTS 0.0000 tGradient 0.5180 tsec 0.7360
#FOTS# QuadFit found better minimum quadopt=(dt=0.448,rms=0.480483) vs oldopt=(dt=0.32,rms=0.480486)
#GCMRL#  493 dt   0.448000 rms  0.480  0.000% neg 0  invalid 762 tFOTS 2.4250 tGradient 0.5310 tsec 3.1800
#GCMRL#  494 dt   0.448000 rms  0.480  0.005% neg 0  invalid 762 tFOTS 0.0000 tGradient 0.5030 tsec 0.6990
#GCMRL#  495 dt   0.448000 rms  0.480  0.010% neg 0  invalid 762 tFOTS 0.0000 tGradient 0.5320 tsec 0.7410
#GCMRL#  496 dt   0.448000 rms  0.480  0.020% neg 0  invalid 762 tFOTS 0.0000 tGradient 0.4930 tsec 0.7050
#GCMRL#  497 dt   0.448000 rms  0.480  0.019% neg 0  invalid 762 tFOTS 0.0000 tGradient 0.4970 tsec 0.7060
GCAMregister done in 16.8473 min
********************* ALLOWING NEGATIVE NODES IN DEFORMATION********************************
noneg post
Starting GCAMregister()
label assignment complete, 0 changed (0.00%)
npasses = 1, nlevels = 6
#pass# 1 of 1 ************************
enabling zero nodes
setting smoothness cost coefficient to 0.008

#GCAMreg# pass 0 level1 5 level2 0 tsec 0 sigma 2
l_jacobian=1.00 l_label=1.00 l_log_likelihood=0.20 l_smoothness=0.01 
tol=2.50e-01, dt=5.00e-02, exp_k=20.0, momentum=0.90, levels=6, niter=500, lbl_dist=10.00, avgs=256, sigma=2.0,type=2, relabel=0, neg=yes

blurring input image with Gaussian with sigma=2.000...
GCAMRegisterLevel(): init RMS 0.478335
#FOTS# QuadFit found better minimum quadopt=(dt=4.624,rms=0.477872) vs oldopt=(dt=5.78,rms=0.477872)
#GCMRL#  499 dt   4.624000 rms  0.478  0.097% neg 0  invalid 762 tFOTS 3.0640 tGradient 1.6420 tsec 4.9060
#FOTS# QuadFit found better minimum quadopt=(dt=2.023,rms=0.477866) vs oldopt=(dt=1.445,rms=0.477866)
#GCMRL#  500 dt   2.023000 rms  0.478  0.000% neg 0  invalid 762 tFOTS 3.0110 tGradient 1.6390 tsec 4.8750
#GCMRL#  501 dt   2.023000 rms  0.478  0.000% neg 0  invalid 762 tFOTS 0.0000 tGradient 1.6540 tsec 1.8400
#GCMRL#  502 dt   2.023000 rms  0.478  0.001% neg 0  invalid 762 tFOTS 0.0000 tGradient 1.6590 tsec 1.8490

#GCAMreg# pass 0 level1 5 level2 1 tsec 24.203 sigma 0.5
l_jacobian=1.00 l_label=1.00 l_log_likelihood=0.20 l_smoothness=0.01 
tol=2.50e-01, dt=5.00e-02, exp_k=20.0, momentum=0.90, levels=6, niter=500, lbl_dist=10.00, avgs=256, sigma=0.5,type=2, relabel=0, neg=yes

blurring input image with Gaussian with sigma=0.500...
GCAMRegisterLevel(): init RMS 0.478337
#FOTS# QuadFit found better minimum quadopt=(dt=295.936,rms=0.477252) vs oldopt=(dt=369.92,rms=0.477319)
#GCMRL#  504 dt 295.936000 rms  0.477  0.227% neg 0  invalid 762 tFOTS 2.8350 tGradient 1.6740 tsec 4.7160
#FOTS# QuadFit found better minimum quadopt=(dt=73.984,rms=0.477107) vs oldopt=(dt=92.48,rms=0.477122)
#GCMRL#  505 dt  73.984000 rms  0.477  0.000% neg 0  invalid 762 tFOTS 2.8900 tGradient 1.6400 tsec 4.7510
#GCMRL#  506 dt  73.984000 rms  0.477  0.029% neg 0  invalid 762 tFOTS 0.0000 tGradient 1.6290 tsec 1.8170
#GCMRL#  507 dt  73.984000 rms  0.477  0.032% neg 0  invalid 762 tFOTS 0.0000 tGradient 1.6330 tsec 1.8420
#GCMRL#  508 dt  73.984000 rms  0.477  0.030% neg 0  invalid 762 tFOTS 0.0000 tGradient 1.6380 tsec 1.8300
setting smoothness cost coefficient to 0.031

#GCAMreg# pass 0 level1 4 level2 0 tsec 0 sigma 2
l_jacobian=1.00 l_label=1.00 l_log_likelihood=0.20 l_smoothness=0.03 
tol=2.50e-01, dt=5.00e-02, exp_k=20.0, momentum=0.90, levels=6, niter=500, lbl_dist=10.00, avgs=64, sigma=2.0,type=2, relabel=0, neg=yes

blurring input image with Gaussian with sigma=2.000...
GCAMRegisterLevel(): init RMS 0.477048
#GCMRL#  510 dt  25.920000 rms  0.476  0.131% neg 0  invalid 762 tFOTS 2.8520 tGradient 1.2750 tsec 4.3320
#FOTS# QuadFit found better minimum quadopt=(dt=31.104,rms=0.476325) vs oldopt=(dt=25.92,rms=0.476326)
#GCMRL#  511 dt  31.104000 rms  0.476  0.000% neg 0  invalid 762 tFOTS 2.9270 tGradient 1.2750 tsec 4.4270
#GCMRL#  512 dt  31.104000 rms  0.476  0.022% neg 0  invalid 762 tFOTS 0.0000 tGradient 1.2560 tsec 1.4550
#GCMRL#  513 dt  31.104000 rms  0.476  0.018% neg 0  invalid 762 tFOTS 0.0000 tGradient 1.2670 tsec 1.4610

#GCAMreg# pass 0 level1 4 level2 1 tsec 22.326 sigma 0.5
l_jacobian=1.00 l_label=1.00 l_log_likelihood=0.20 l_smoothness=0.03 
tol=2.50e-01, dt=5.00e-02, exp_k=20.0, momentum=0.90, levels=6, niter=500, lbl_dist=10.00, avgs=64, sigma=0.5,type=2, relabel=0, neg=yes

blurring input image with Gaussian with sigma=0.500...
GCAMRegisterLevel(): init RMS 0.476632
#FOTS# QuadFit found better minimum quadopt=(dt=78.3481,rms=0.474041) vs oldopt=(dt=103.68,rms=0.474258)
#GCMRL#  515 dt  78.348083 rms  0.474  0.544% neg 0  invalid 762 tFOTS 3.1150 tGradient 1.2940 tsec 4.6240
#FOTS# QuadFit found better minimum quadopt=(dt=36.288,rms=0.473531) vs oldopt=(dt=25.92,rms=0.473602)
#GCMRL#  516 dt  36.288000 rms  0.474  0.000% neg 0  invalid 762 tFOTS 3.0040 tGradient 1.2470 tsec 4.4850
#GCMRL#  517 dt  36.288000 rms  0.473  0.079% neg 0  invalid 762 tFOTS 0.0000 tGradient 1.2420 tsec 1.4350
#GCMRL#  518 dt  36.288000 rms  0.473  0.117% neg 0  invalid 762 tFOTS 0.0000 tGradient 1.2480 tsec 1.4490
#GCMRL#  519 dt  36.288000 rms  0.472  0.133% neg 0  invalid 762 tFOTS 0.0000 tGradient 1.2600 tsec 1.4620
#GCMRL#  520 dt  36.288000 rms  0.471  0.141% neg 0  invalid 762 tFOTS 0.0000 tGradient 1.2640 tsec 1.4640
#GCMRL#  521 dt  36.288000 rms  0.471  0.150% neg 0  invalid 762 tFOTS 0.0000 tGradient 1.2870 tsec 1.4830
#GCMRL#  522 dt  36.288000 rms  0.470  0.134% neg 0  invalid 762 tFOTS 0.0000 tGradient 1.2660 tsec 1.4640
#GCMRL#  523 dt  36.288000 rms  0.469  0.122% neg 0  invalid 762 tFOTS 0.0000 tGradient 1.2590 tsec 1.4540
#GCMRL#  524 dt  36.288000 rms  0.469  0.091% neg 0  invalid 762 tFOTS 0.0000 tGradient 1.2450 tsec 1.4820
#GCMRL#  525 dt 103.680000 rms  0.469  0.000% neg 0  invalid 762 tFOTS 2.8600 tGradient 1.2680 tsec 4.3500
setting smoothness cost coefficient to 0.118

#GCAMreg# pass 0 level1 3 level2 0 tsec 0 sigma 2
l_jacobian=1.00 l_label=1.00 l_log_likelihood=0.20 l_smoothness=0.12 
tol=2.50e-01, dt=5.00e-02, exp_k=20.0, momentum=0.90, levels=6, niter=500, lbl_dist=10.00, avgs=16, sigma=2.0,type=2, relabel=0, neg=yes

blurring input image with Gaussian with sigma=2.000...
GCAMRegisterLevel(): init RMS 0.469684
#FOTS# QuadFit found better minimum quadopt=(dt=21.4566,rms=0.467993) vs oldopt=(dt=32,rms=0.468349)
#GCMRL#  527 dt  21.456647 rms  0.468  0.360% neg 0  invalid 762 tFOTS 3.0460 tGradient 1.1140 tsec 4.3720
#FOTS# QuadFit found better minimum quadopt=(dt=44.8,rms=0.466) vs oldopt=(dt=32,rms=0.466157)
iter 0, gcam->neg = 5
after 2 iterations, nbhd size=0, neg = 0
#GCMRL#  528 dt  44.800000 rms  0.466  0.426% neg 0  invalid 762 tFOTS 3.0290 tGradient 1.1040 tsec 5.2730
#FOTS# QuadFit found better minimum quadopt=(dt=21.9289,rms=0.46512) vs oldopt=(dt=32,rms=0.465338)
iter 0, gcam->neg = 7
after 1 iterations, nbhd size=0, neg = 0
#GCMRL#  529 dt  21.928934 rms  0.465  0.000% neg 0  invalid 762 tFOTS 3.0560 tGradient 0.9900 tsec 5.0580
iter 0, gcam->neg = 1
after 0 iterations, nbhd size=0, neg = 0
#GCMRL#  530 dt  21.928934 rms  0.464  0.277% neg 0  invalid 762 tFOTS 0.0000 tGradient 1.0080 tsec 1.6850
iter 0, gcam->neg = 4
after 7 iterations, nbhd size=1, neg = 0
#GCMRL#  531 dt  21.928934 rms  0.463  0.277% neg 0  invalid 762 tFOTS 0.0000 tGradient 1.0310 tsec 3.3290
iter 0, gcam->neg = 6
after 1 iterations, nbhd size=0, neg = 0
#GCMRL#  532 dt  21.928934 rms  0.461  0.238% neg 0  invalid 762 tFOTS 0.0000 tGradient 1.0000 tsec 1.9300
iter 0, gcam->neg = 14
after 12 iterations, nbhd size=1, neg = 0
#GCMRL#  533 dt  21.928934 rms  0.460  0.250% neg 0  invalid 762 tFOTS 0.0000 tGradient 1.0090 tsec 4.5440
iter 0, gcam->neg = 24
after 14 iterations, nbhd size=1, neg = 0
#GCMRL#  534 dt  21.928934 rms  0.459  0.202% neg 0  invalid 762 tFOTS 0.0000 tGradient 1.0670 tsec 5.1180
iter 0, gcam->neg = 26
after 12 iterations, nbhd size=1, neg = 0
#GCMRL#  535 dt  21.928934 rms  0.459  0.127% neg 0  invalid 762 tFOTS 0.0000 tGradient 1.0110 tsec 4.5970
iter 0, gcam->neg = 29
after 14 iterations, nbhd size=1, neg = 0
#GCMRL#  536 dt  21.928934 rms  0.458  0.120% neg 0  invalid 762 tFOTS 0.0000 tGradient 0.9980 tsec 4.9620
iter 0, gcam->neg = 22
after 13 iterations, nbhd size=1, neg = 0
#GCMRL#  537 dt  21.928934 rms  0.457  0.163% neg 0  invalid 762 tFOTS 0.0000 tGradient 0.9970 tsec 4.8880
iter 0, gcam->neg = 28
after 14 iterations, nbhd size=1, neg = 0
#GCMRL#  538 dt  21.928934 rms  0.457  0.184% neg 0  invalid 762 tFOTS 0.0000 tGradient 1.0100 tsec 5.0540
iter 0, gcam->neg = 18
after 10 iterations, nbhd size=1, neg = 0
#GCMRL#  539 dt  21.928934 rms  0.456  0.137% neg 0  invalid 762 tFOTS 0.0000 tGradient 1.0140 tsec 4.0720
iter 0, gcam->neg = 26
after 12 iterations, nbhd size=1, neg = 0
#GCMRL#  540 dt  21.928934 rms  0.456  0.100% neg 0  invalid 762 tFOTS 0.0000 tGradient 1.0120 tsec 4.5390
iter 0, gcam->neg = 27
after 13 iterations, nbhd size=1, neg = 0
#GCMRL#  541 dt  21.928934 rms  0.455  0.106% neg 0  invalid 762 tFOTS 0.0000 tGradient 0.9870 tsec 4.8520
iter 0, gcam->neg = 20
after 4 iterations, nbhd size=0, neg = 0
#GCMRL#  542 dt  21.928934 rms  0.455  0.085% neg 0  invalid 762 tFOTS 0.0000 tGradient 1.0010 tsec 2.6700
#FOTS# QuadFit found better minimum quadopt=(dt=19.2,rms=0.454579) vs oldopt=(dt=32,rms=0.45461)
iter 0, gcam->neg = 3
after 9 iterations, nbhd size=1, neg = 0
#GCMRL#  543 dt  19.200000 rms  0.455  0.000% neg 0  invalid 762 tFOTS 3.1430 tGradient 0.9950 tsec 7.1160
iter 0, gcam->neg = 2
after 0 iterations, nbhd size=0, neg = 0
#GCMRL#  544 dt  19.200000 rms  0.454  0.065% neg 0  invalid 762 tFOTS 0.0000 tGradient 1.0100 tsec 1.7200
iter 0, gcam->neg = 3
after 1 iterations, nbhd size=0, neg = 0
#GCMRL#  545 dt  19.200000 rms  0.454  0.065% neg 0  invalid 762 tFOTS 0.0000 tGradient 1.0150 tsec 1.9760
iter 0, gcam->neg = 9
after 2 iterations, nbhd size=0, neg = 0
#GCMRL#  546 dt  19.200000 rms  0.454  0.043% neg 0  invalid 762 tFOTS 0.0000 tGradient 1.0120 tsec 2.1350
iter 0, gcam->neg = 5
after 8 iterations, nbhd size=1, neg = 0
#GCMRL#  547 dt  19.200000 rms  0.454  0.060% neg 0  invalid 762 tFOTS 0.0000 tGradient 0.9990 tsec 3.6110
iter 0, gcam->neg = 10
after 4 iterations, nbhd size=0, neg = 0

#GCAMreg# pass 0 level1 3 level2 1 tsec 94.566 sigma 0.5
l_jacobian=1.00 l_label=1.00 l_log_likelihood=0.20 l_smoothness=0.12 
tol=2.50e-01, dt=5.00e-02, exp_k=20.0, momentum=0.90, levels=6, niter=500, lbl_dist=10.00, avgs=16, sigma=0.5,type=2, relabel=0, neg=yes

blurring input image with Gaussian with sigma=0.500...
GCAMRegisterLevel(): init RMS 0.453692
#FOTS# QuadFit found better minimum quadopt=(dt=55.6883,rms=0.450021) vs oldopt=(dt=32,rms=0.450452)
iter 0, gcam->neg = 1
after 0 iterations, nbhd size=0, neg = 0
#GCMRL#  549 dt  55.688312 rms  0.450  0.809% neg 0  invalid 762 tFOTS 3.1310 tGradient 0.9900 tsec 4.8350
#FOTS# QuadFit found better minimum quadopt=(dt=22.443,rms=0.448853) vs oldopt=(dt=32,rms=0.449114)
#GCMRL#  550 dt  22.442953 rms  0.449  0.259% neg 0  invalid 762 tFOTS 3.0730 tGradient 1.0210 tsec 4.3070
#FOTS# QuadFit found better minimum quadopt=(dt=38.4,rms=0.448178) vs oldopt=(dt=32,rms=0.448195)
#GCMRL#  551 dt  38.400000 rms  0.448  0.000% neg 0  invalid 762 tFOTS 3.1070 tGradient 0.9870 tsec 4.3200
iter 0, gcam->neg = 1
after 0 iterations, nbhd size=0, neg = 0
#GCMRL#  552 dt  38.400000 rms  0.448  0.059% neg 0  invalid 762 tFOTS 0.0000 tGradient 0.9920 tsec 1.7220
iter 0, gcam->neg = 1
after 0 iterations, nbhd size=0, neg = 0
#GCMRL#  553 dt  38.400000 rms  0.447  0.264% neg 0  invalid 762 tFOTS 0.0000 tGradient 0.9900 tsec 1.6700
iter 0, gcam->neg = 1
after 1 iterations, nbhd size=0, neg = 0
#GCMRL#  554 dt  38.400000 rms  0.446  0.097% neg 0  invalid 762 tFOTS 0.0000 tGradient 0.9920 tsec 1.9990
iter 0, gcam->neg = 1
after 0 iterations, nbhd size=0, neg = 0
#GCMRL#  555 dt  38.400000 rms  0.445  0.216% neg 0  invalid 762 tFOTS 0.0000 tGradient 1.0000 tsec 1.7120
iter 0, gcam->neg = 2
after 2 iterations, nbhd size=0, neg = 0
#GCMRL#  556 dt  38.400000 rms  0.445 -0.004% neg 0  invalid 762 tFOTS 0.0000 tGradient 0.9960 tsec 2.2770
#FOTS# QuadFit found better minimum quadopt=(dt=11.2,rms=0.445102) vs oldopt=(dt=8,rms=0.445145)
#GCMRL#  557 dt  11.200000 rms  0.445  0.046% neg 0  invalid 762 tFOTS 3.1750 tGradient 1.0110 tsec 4.4450
setting smoothness cost coefficient to 0.400

#GCAMreg# pass 0 level1 2 level2 0 tsec 0 sigma 2
l_jacobian=1.00 l_label=1.00 l_log_likelihood=0.20 l_smoothness=0.40 
tol=2.50e-01, dt=5.00e-02, exp_k=20.0, momentum=0.90, levels=6, niter=500, lbl_dist=10.00, avgs=4, sigma=2.0,type=2, relabel=0, neg=yes

blurring input image with Gaussian with sigma=2.000...
GCAMRegisterLevel(): init RMS 0.453124
#GCMRL#  559 dt   0.720000 rms  0.453  0.110% neg 0  invalid 762 tFOTS 3.0880 tGradient 0.9500 tsec 4.2540
#FOTS# QuadFit found better minimum quadopt=(dt=0.216,rms=0.452625) vs oldopt=(dt=0.18,rms=0.452625)
#GCMRL#  560 dt   0.216000 rms  0.453  0.000% neg 0  invalid 762 tFOTS 2.8660 tGradient 0.9260 tsec 4.0120

#GCAMreg# pass 0 level1 2 level2 1 tsec 17.911 sigma 0.5
l_jacobian=1.00 l_label=1.00 l_log_likelihood=0.20 l_smoothness=0.40 
tol=2.50e-01, dt=5.00e-02, exp_k=20.0, momentum=0.90, levels=6, niter=500, lbl_dist=10.00, avgs=4, sigma=0.5,type=2, relabel=0, neg=yes

blurring input image with Gaussian with sigma=0.500...
GCAMRegisterLevel(): init RMS 0.453107
#FOTS# QuadFit found better minimum quadopt=(dt=5.17647,rms=0.452232) vs oldopt=(dt=2.88,rms=0.452296)
#GCMRL#  562 dt   5.176471 rms  0.452  0.193% neg 0  invalid 762 tFOTS 3.1080 tGradient 0.9200 tsec 4.2560
#FOTS# QuadFit found better minimum quadopt=(dt=4.032,rms=0.452047) vs oldopt=(dt=2.88,rms=0.45207)
#GCMRL#  563 dt   4.032000 rms  0.452  0.000% neg 0  invalid 762 tFOTS 3.0600 tGradient 0.9500 tsec 4.2430
#GCMRL#  564 dt   4.032000 rms  0.452  0.020% neg 0  invalid 762 tFOTS 0.0000 tGradient 0.9260 tsec 1.1240
setting smoothness cost coefficient to 1.000

#GCAMreg# pass 0 level1 1 level2 0 tsec 0 sigma 2
l_jacobian=1.00 l_label=1.00 l_log_likelihood=0.20 l_smoothness=1.00 
tol=2.50e-01, dt=5.00e-02, exp_k=20.0, momentum=0.90, levels=6, niter=500, lbl_dist=10.00, avgs=1, sigma=2.0,type=2, relabel=0, neg=yes

blurring input image with Gaussian with sigma=2.000...
GCAMRegisterLevel(): init RMS 0.4623
#GCMRL#  566 dt   0.000000 rms  0.462  0.105% neg 0  invalid 762 tFOTS 2.9610 tGradient 0.8510 tsec 4.0290

#GCAMreg# pass 0 level1 1 level2 1 tsec 16.62 sigma 0.5
l_jacobian=1.00 l_label=1.00 l_log_likelihood=0.20 l_smoothness=1.00 
tol=2.50e-01, dt=5.00e-02, exp_k=20.0, momentum=0.90, levels=6, niter=500, lbl_dist=10.00, avgs=1, sigma=0.5,type=2, relabel=0, neg=yes

blurring input image with Gaussian with sigma=0.500...
GCAMRegisterLevel(): init RMS 0.4623
#GCMRL#  568 dt   1.280000 rms  0.461  0.230% neg 0  invalid 762 tFOTS 3.0940 tGradient 0.8580 tsec 4.1690
#FOTS# QuadFit found better minimum quadopt=(dt=0.448,rms=0.461144) vs oldopt=(dt=0.32,rms=0.461158)
#GCMRL#  569 dt   0.448000 rms  0.461  0.000% neg 0  invalid 762 tFOTS 3.1170 tGradient 0.8810 tsec 4.2230
#GCMRL#  570 dt   0.448000 rms  0.461  0.006% neg 0  invalid 762 tFOTS 0.0000 tGradient 0.8590 tsec 1.0550
resetting metric properties...
setting smoothness cost coefficient to 2.000

#GCAMreg# pass 0 level1 0 level2 0 tsec 0 sigma 2
l_jacobian=1.00 l_label=1.00 l_log_likelihood=0.20 l_smoothness=2.00 
tol=2.50e-01, dt=5.00e-02, exp_k=20.0, momentum=0.90, levels=6, niter=500, lbl_dist=10.00, avgs=0, sigma=2.0,type=2, relabel=0, neg=yes

blurring input image with Gaussian with sigma=2.000...
GCAMRegisterLevel(): init RMS 0.450237
#FOTS# QuadFit found better minimum quadopt=(dt=1.91154,rms=0.428327) vs oldopt=(dt=1.28,rms=0.430875)
iter 0, gcam->neg = 620
after 13 iterations, nbhd size=1, neg = 0
#GCMRL#  572 dt   1.911538 rms  0.428  5.022% neg 0  invalid 762 tFOTS 3.1140 tGradient 0.4930 tsec 7.3790
#FOTS# QuadFit found better minimum quadopt=(dt=0.007,rms=0.427594) vs oldopt=(dt=0.005,rms=0.427595)
#GCMRL#  573 dt   0.007000 rms  0.428  0.000% neg 0  invalid 762 tFOTS 3.0710 tGradient 0.5010 tsec 3.7950

#GCAMreg# pass 0 level1 0 level2 1 tsec 20.384 sigma 0.5
l_jacobian=1.00 l_label=1.00 l_log_likelihood=0.20 l_smoothness=2.00 
tol=2.50e-01, dt=5.00e-02, exp_k=20.0, momentum=0.90, levels=6, niter=500, lbl_dist=10.00, avgs=0, sigma=0.5,type=2, relabel=0, neg=yes

blurring input image with Gaussian with sigma=0.500...
GCAMRegisterLevel(): init RMS 0.428171
#FOTS# QuadFit found better minimum quadopt=(dt=0.064,rms=0.427447) vs oldopt=(dt=0.08,rms=0.42745)
#GCMRL#  575 dt   0.064000 rms  0.427  0.169% neg 0  invalid 762 tFOTS 3.2410 tGradient 0.4980 tsec 3.9560
#FOTS# QuadFit found better minimum quadopt=(dt=0.007,rms=0.427453) vs oldopt=(dt=0.005,rms=0.427453)
label assignment complete, 0 changed (0.00%)
GCAMregister done in 5.10608 min
Starting GCAMcomputeMaxPriorLabels()
Morphing with label term set to 0 *******************************
Starting GCAMregister()
label assignment complete, 0 changed (0.00%)
npasses = 1, nlevels = 6
#pass# 1 of 1 ************************
enabling zero nodes
setting smoothness cost coefficient to 0.008

#GCAMreg# pass 0 level1 5 level2 0 tsec 0 sigma 2
l_jacobian=1.00 l_log_likelihood=0.20 l_smoothness=0.01 
tol=2.50e-01, dt=5.00e-02, exp_k=20.0, momentum=0.90, levels=6, niter=500, lbl_dist=10.00, avgs=256, sigma=2.0,type=2, relabel=0, neg=yes

blurring input image with Gaussian with sigma=2.000...
GCAMRegisterLevel(): init RMS 0.415879

#GCAMreg# pass 0 level1 5 level2 1 tsec 12.058 sigma 0.5
l_jacobian=1.00 l_log_likelihood=0.20 l_smoothness=0.01 
tol=2.50e-01, dt=5.00e-02, exp_k=20.0, momentum=0.90, levels=6, niter=500, lbl_dist=10.00, avgs=256, sigma=0.5,type=2, relabel=0, neg=yes

blurring input image with Gaussian with sigma=0.500...
GCAMRegisterLevel(): init RMS 0.415879
#GCMRL#  578 dt  92.480000 rms  0.416  0.010% neg 0  invalid 762 tFOTS 2.6860 tGradient 0.9900 tsec 3.8690
#FOTS# QuadFit found better minimum quadopt=(dt=129.472,rms=0.415824) vs oldopt=(dt=92.48,rms=0.415826)
#GCMRL#  579 dt 129.472000 rms  0.416  0.000% neg 0  invalid 762 tFOTS 2.5970 tGradient 1.0240 tsec 3.8340
#GCMRL#  580 dt 129.472000 rms  0.416  0.009% neg 0  invalid 762 tFOTS 0.0000 tGradient 1.0070 tsec 1.1850
#GCMRL#  581 dt 129.472000 rms  0.416  0.004% neg 0  invalid 762 tFOTS 0.0000 tGradient 1.0240 tsec 1.2030
setting smoothness cost coefficient to 0.031

#GCAMreg# pass 0 level1 4 level2 0 tsec 0 sigma 2
l_jacobian=1.00 l_log_likelihood=0.20 l_smoothness=0.03 
tol=2.50e-01, dt=5.00e-02, exp_k=20.0, momentum=0.90, levels=6, niter=500, lbl_dist=10.00, avgs=64, sigma=2.0,type=2, relabel=0, neg=yes

blurring input image with Gaussian with sigma=2.000...
GCAMRegisterLevel(): init RMS 0.415913

#GCAMreg# pass 0 level1 4 level2 1 tsec 11.75 sigma 0.5
l_jacobian=1.00 l_log_likelihood=0.20 l_smoothness=0.03 
tol=2.50e-01, dt=5.00e-02, exp_k=20.0, momentum=0.90, levels=6, niter=500, lbl_dist=10.00, avgs=64, sigma=0.5,type=2, relabel=0, neg=yes

blurring input image with Gaussian with sigma=0.500...
GCAMRegisterLevel(): init RMS 0.415913
#FOTS# QuadFit found better minimum quadopt=(dt=145.152,rms=0.41552) vs oldopt=(dt=103.68,rms=0.415572)
#GCMRL#  584 dt 145.152000 rms  0.416  0.095% neg 0  invalid 762 tFOTS 2.6160 tGradient 0.8010 tsec 3.6010
#FOTS# QuadFit found better minimum quadopt=(dt=124.416,rms=0.415361) vs oldopt=(dt=103.68,rms=0.415362)
#GCMRL#  585 dt 124.416000 rms  0.415  0.000% neg 0  invalid 762 tFOTS 2.6270 tGradient 0.8080 tsec 3.6470
#GCMRL#  586 dt 124.416000 rms  0.415  0.005% neg 0  invalid 762 tFOTS 0.0000 tGradient 0.7930 tsec 0.9730
#GCMRL#  587 dt 124.416000 rms  0.415  0.030% neg 0  invalid 762 tFOTS 0.0000 tGradient 0.8080 tsec 0.9870
#GCMRL#  588 dt 124.416000 rms  0.415  0.071% neg 0  invalid 762 tFOTS 0.0000 tGradient 0.7780 tsec 0.9550
#GCMRL#  589 dt 124.416000 rms  0.415  0.039% neg 0  invalid 762 tFOTS 0.0000 tGradient 0.7990 tsec 0.9730
iter 0, gcam->neg = 1
after 0 iterations, nbhd size=0, neg = 0
setting smoothness cost coefficient to 0.118

#GCAMreg# pass 0 level1 3 level2 0 tsec 0 sigma 2
l_jacobian=1.00 l_log_likelihood=0.20 l_smoothness=0.12 
tol=2.50e-01, dt=5.00e-02, exp_k=20.0, momentum=0.90, levels=6, niter=500, lbl_dist=10.00, avgs=16, sigma=2.0,type=2, relabel=0, neg=yes

blurring input image with Gaussian with sigma=2.000...
GCAMRegisterLevel(): init RMS 0.415314
#GCMRL#  591 dt   8.000000 rms  0.415  0.040% neg 0  invalid 762 tFOTS 2.8180 tGradient 0.6890 tsec 3.7010
#FOTS# QuadFit found better minimum quadopt=(dt=2.8,rms=0.415128) vs oldopt=(dt=2,rms=0.415131)
#GCMRL#  592 dt   2.800000 rms  0.415  0.000% neg 0  invalid 762 tFOTS 2.8710 tGradient 0.6710 tsec 3.7610
iter 0, gcam->neg = 1
after 0 iterations, nbhd size=0, neg = 0
#GCMRL#  593 dt   2.800000 rms  0.415  0.002% neg 0  invalid 762 tFOTS 0.0000 tGradient 0.6750 tsec 1.3440

#GCAMreg# pass 0 level1 3 level2 1 tsec 17.932 sigma 0.5
l_jacobian=1.00 l_log_likelihood=0.20 l_smoothness=0.12 
tol=2.50e-01, dt=5.00e-02, exp_k=20.0, momentum=0.90, levels=6, niter=500, lbl_dist=10.00, avgs=16, sigma=0.5,type=2, relabel=0, neg=yes

blurring input image with Gaussian with sigma=0.500...
GCAMRegisterLevel(): init RMS 0.415121
#FOTS# QuadFit found better minimum quadopt=(dt=94.1176,rms=0.412648) vs oldopt=(dt=32,rms=0.413343)
iter 0, gcam->neg = 12
after 9 iterations, nbhd size=1, neg = 0
#GCMRL#  595 dt  94.117647 rms  0.413  0.586% neg 0  invalid 762 tFOTS 2.8180 tGradient 0.6850 tsec 6.3930
#FOTS# QuadFit found better minimum quadopt=(dt=22.1007,rms=0.41117) vs oldopt=(dt=32,rms=0.41153)
iter 0, gcam->neg = 5
after 0 iterations, nbhd size=0, neg = 0
#GCMRL#  596 dt  22.100719 rms  0.411  0.369% neg 0  invalid 762 tFOTS 2.8860 tGradient 0.6840 tsec 4.2740
#FOTS# QuadFit found better minimum quadopt=(dt=44.8,rms=0.410554) vs oldopt=(dt=32,rms=0.410666)
iter 0, gcam->neg = 1
after 0 iterations, nbhd size=0, neg = 0
#GCMRL#  597 dt  44.800000 rms  0.411  0.000% neg 0  invalid 762 tFOTS 2.6950 tGradient 0.6810 tsec 4.0790
iter 0, gcam->neg = 3
after 1 iterations, nbhd size=0, neg = 0
#GCMRL#  598 dt  44.800000 rms  0.410  0.082% neg 0  invalid 762 tFOTS 0.0000 tGradient 0.6600 tsec 1.5790
iter 0, gcam->neg = 10
after 10 iterations, nbhd size=1, neg = 0
#GCMRL#  599 dt  44.800000 rms  0.409  0.241% neg 0  invalid 762 tFOTS 0.0000 tGradient 0.6710 tsec 3.7900
iter 0, gcam->neg = 8
after 1 iterations, nbhd size=0, neg = 0
#GCMRL#  600 dt  44.800000 rms  0.408  0.212% neg 0  invalid 762 tFOTS 0.0000 tGradient 0.6700 tsec 1.5960
iter 0, gcam->neg = 9
after 3 iterations, nbhd size=0, neg = 0
#GCMRL#  601 dt  44.800000 rms  0.408  0.211% neg 0  invalid 762 tFOTS 0.0000 tGradient 0.6660 tsec 2.0640
iter 0, gcam->neg = 7
after 11 iterations, nbhd size=1, neg = 0
#GCMRL#  602 dt  44.800000 rms  0.407  0.203% neg 0  invalid 762 tFOTS 0.0000 tGradient 0.6610 tsec 3.9960
iter 0, gcam->neg = 7
after 2 iterations, nbhd size=0, neg = 0
#GCMRL#  603 dt  44.800000 rms  0.406  0.171% neg 0  invalid 762 tFOTS 0.0000 tGradient 0.6740 tsec 1.8210
iter 0, gcam->neg = 8
after 8 iterations, nbhd size=1, neg = 0
#GCMRL#  604 dt  44.800000 rms  0.405  0.144% neg 0  invalid 762 tFOTS 0.0000 tGradient 0.6810 tsec 3.3340
iter 0, gcam->neg = 8
after 5 iterations, nbhd size=0, neg = 0
#GCMRL#  605 dt  44.800000 rms  0.405  0.106% neg 0  invalid 762 tFOTS 0.0000 tGradient 0.6790 tsec 2.5780
iter 0, gcam->neg = 12
after 1 iterations, nbhd size=0, neg = 0
#GCMRL#  606 dt  44.800000 rms  0.405  0.105% neg 0  invalid 762 tFOTS 0.0000 tGradient 0.6850 tsec 1.6030
#FOTS# QuadFit found better minimum quadopt=(dt=11.2,rms=0.404501) vs oldopt=(dt=8,rms=0.404508)
#GCMRL#  607 dt  11.200000 rms  0.405  0.000% neg 0  invalid 762 tFOTS 2.8640 tGradient 0.6820 tsec 3.7510
#GCMRL#  608 dt  11.200000 rms  0.404  0.004% neg 0  invalid 762 tFOTS 0.0000 tGradient 0.6900 tsec 0.8700
#GCMRL#  609 dt  11.200000 rms  0.404  0.005% neg 0  invalid 762 tFOTS 0.0000 tGradient 0.6800 tsec 0.8670
#GCMRL#  610 dt  11.200000 rms  0.404  0.006% neg 0  invalid 762 tFOTS 0.0000 tGradient 0.6740 tsec 0.8480
iter 0, gcam->neg = 1
after 0 iterations, nbhd size=0, neg = 0
#GCMRL#  611 dt  11.200000 rms  0.404  0.007% neg 0  invalid 762 tFOTS 0.0000 tGradient 0.6790 tsec 1.3820
iter 0, gcam->neg = 1
after 0 iterations, nbhd size=0, neg = 0
#GCMRL#  612 dt  11.200000 rms  0.404  0.008% neg 0  invalid 762 tFOTS 0.0000 tGradient 0.6750 tsec 1.3630
iter 0, gcam->neg = 1
after 0 iterations, nbhd size=0, neg = 0
#GCMRL#  613 dt  11.200000 rms  0.404  0.006% neg 0  invalid 762 tFOTS 0.0000 tGradient 0.6780 tsec 1.3510
setting smoothness cost coefficient to 0.400

#GCAMreg# pass 0 level1 2 level2 0 tsec 0 sigma 2
l_jacobian=1.00 l_log_likelihood=0.20 l_smoothness=0.40 
tol=2.50e-01, dt=5.00e-02, exp_k=20.0, momentum=0.90, levels=6, niter=500, lbl_dist=10.00, avgs=4, sigma=2.0,type=2, relabel=0, neg=yes

blurring input image with Gaussian with sigma=2.000...
GCAMRegisterLevel(): init RMS 0.409089
#FOTS# QuadFit found better minimum quadopt=(dt=0.144,rms=0.409089) vs oldopt=(dt=0.18,rms=0.409089)
#GCMRL#  615 dt   0.144000 rms  0.409  0.000% neg 0  invalid 762 tFOTS 2.8730 tGradient 0.6250 tsec 3.6920
#FOTS# QuadFit found better minimum quadopt=(dt=0.0005625,rms=0.409089) vs oldopt=(dt=0.000703125,rms=0.409089)
#GCMRL#  616 dt   0.000563 rms  0.409  0.000% neg 0  invalid 762 tFOTS 2.7630 tGradient 0.6270 tsec 3.6040

#GCAMreg# pass 0 level1 2 level2 1 tsec 16.855 sigma 0.5
l_jacobian=1.00 l_log_likelihood=0.20 l_smoothness=0.40 
tol=2.50e-01, dt=5.00e-02, exp_k=20.0, momentum=0.90, levels=6, niter=500, lbl_dist=10.00, avgs=4, sigma=0.5,type=2, relabel=0, neg=yes

blurring input image with Gaussian with sigma=0.500...
GCAMRegisterLevel(): init RMS 0.409089
#FOTS# QuadFit found better minimum quadopt=(dt=5.5,rms=0.408893) vs oldopt=(dt=2.88,rms=0.408926)
iter 0, gcam->neg = 2
after 0 iterations, nbhd size=0, neg = 0
#GCMRL#  618 dt   5.500000 rms  0.409  0.048% neg 0  invalid 762 tFOTS 2.8760 tGradient 0.6270 tsec 4.1890
#FOTS# QuadFit found better minimum quadopt=(dt=4.032,rms=0.40882) vs oldopt=(dt=2.88,rms=0.408828)
#GCMRL#  619 dt   4.032000 rms  0.409  0.000% neg 0  invalid 762 tFOTS 2.8820 tGradient 0.6210 tsec 3.7110
iter 0, gcam->neg = 1
after 1 iterations, nbhd size=0, neg = 0
#GCMRL#  620 dt   4.032000 rms  0.409  0.009% neg 0  invalid 762 tFOTS 0.0000 tGradient 0.6280 tsec 1.5670
setting smoothness cost coefficient to 1.000

#GCAMreg# pass 0 level1 1 level2 0 tsec 0 sigma 2
l_jacobian=1.00 l_log_likelihood=0.20 l_smoothness=1.00 
tol=2.50e-01, dt=5.00e-02, exp_k=20.0, momentum=0.90, levels=6, niter=500, lbl_dist=10.00, avgs=1, sigma=2.0,type=2, relabel=0, neg=yes

blurring input image with Gaussian with sigma=2.000...
GCAMRegisterLevel(): init RMS 0.416194
#GCMRL#  622 dt   0.000050 rms  0.416  0.000% neg 0  invalid 762 tFOTS 3.6700 tGradient 0.5490 tsec 4.4110

#GCAMreg# pass 0 level1 1 level2 1 tsec 16.812 sigma 0.5
l_jacobian=1.00 l_log_likelihood=0.20 l_smoothness=1.00 
tol=2.50e-01, dt=5.00e-02, exp_k=20.0, momentum=0.90, levels=6, niter=500, lbl_dist=10.00, avgs=1, sigma=0.5,type=2, relabel=0, neg=yes

blurring input image with Gaussian with sigma=0.500...
GCAMRegisterLevel(): init RMS 0.416194
resetting metric properties...
setting smoothness cost coefficient to 2.000

#GCAMreg# pass 0 level1 0 level2 0 tsec 0 sigma 2
l_jacobian=1.00 l_log_likelihood=0.20 l_smoothness=2.00 
tol=2.50e-01, dt=5.00e-02, exp_k=20.0, momentum=0.90, levels=6, niter=500, lbl_dist=10.00, avgs=0, sigma=2.0,type=2, relabel=0, neg=yes

blurring input image with Gaussian with sigma=2.000...
GCAMRegisterLevel(): init RMS 0.403767
#FOTS# QuadFit found better minimum quadopt=(dt=0.965141,rms=0.397032) vs oldopt=(dt=1.28,rms=0.397822)
iter 0, gcam->neg = 478
after 18 iterations, nbhd size=1, neg = 0
#GCMRL#  625 dt   0.965141 rms  0.398  1.464% neg 0  invalid 762 tFOTS 2.9630 tGradient 0.1840 tsec 8.1850
#FOTS# QuadFit found better minimum quadopt=(dt=4e-05,rms=0.397856) vs oldopt=(dt=5e-05,rms=0.397856)
#GCMRL#  626 dt   0.000040 rms  0.398  0.000% neg 0  invalid 762 tFOTS 3.5970 tGradient 0.1810 tsec 3.9900

#GCAMreg# pass 0 level1 0 level2 1 tsec 21.447 sigma 0.5
l_jacobian=1.00 l_log_likelihood=0.20 l_smoothness=2.00 
tol=2.50e-01, dt=5.00e-02, exp_k=20.0, momentum=0.90, levels=6, niter=500, lbl_dist=10.00, avgs=0, sigma=0.5,type=2, relabel=0, neg=yes

blurring input image with Gaussian with sigma=0.500...
GCAMRegisterLevel(): init RMS 0.397856
#FOTS# QuadFit found better minimum quadopt=(dt=0.192,rms=0.397383) vs oldopt=(dt=0.32,rms=0.397522)
#GCMRL#  628 dt   0.192000 rms  0.397  0.119% neg 0  invalid 762 tFOTS 2.8140 tGradient 0.1800 tsec 3.1880
#GCMRL#  629 dt   0.320000 rms  0.397  0.122% neg 0  invalid 762 tFOTS 2.8960 tGradient 0.1910 tsec 3.2880
#FOTS# QuadFit found better minimum quadopt=(dt=0.448,rms=0.39624) vs oldopt=(dt=0.32,rms=0.396342)
iter 0, gcam->neg = 5
after 1 iterations, nbhd size=0, neg = 0
#GCMRL#  630 dt   0.448000 rms  0.396  0.162% neg 0  invalid 762 tFOTS 2.7790 tGradient 0.2110 tsec 3.8920
#FOTS# QuadFit found better minimum quadopt=(dt=0.256,rms=0.396122) vs oldopt=(dt=0.32,rms=0.396134)
#GCMRL#  631 dt   0.256000 rms  0.396  0.000% neg 0  invalid 762 tFOTS 2.7680 tGradient 0.1830 tsec 3.1620
#GCMRL#  632 dt   0.256000 rms  0.396  0.084% neg 0  invalid 762 tFOTS 0.0000 tGradient 0.1810 tsec 0.3690
#GCMRL#  633 dt   0.256000 rms  0.395  0.084% neg 0  invalid 762 tFOTS 0.0000 tGradient 0.1820 tsec 0.3730
iter 0, gcam->neg = 5
after 1 iterations, nbhd size=0, neg = 0
#GCMRL#  634 dt   0.256000 rms  0.395  0.056% neg 0  invalid 762 tFOTS 0.0000 tGradient 0.1840 tsec 1.0910
iter 0, gcam->neg = 5
after 0 iterations, nbhd size=0, neg = 0
#GCMRL#  635 dt   0.256000 rms  0.395  0.060% neg 0  invalid 762 tFOTS 0.0000 tGradient 0.1850 tsec 0.8710
iter 0, gcam->neg = 10
after 7 iterations, nbhd size=0, neg = 0
GCAMregister done in 3.45738 min
writing output transformation to transforms/talairach.m3z...
GCAMwrite
Calls to gcamLogLikelihoodEnergy 4346 tmin = 1.08527
Calls to gcamLabelEnergy         3766 tmin = 0.699467
Calls to gcamJacobianEnergy      4346 tmin = 0.588333
Calls to gcamSmoothnessEnergy    4346 tmin = 3.17457
Calls to gcamLogLikelihoodTerm 637 tmin = 0.408617
Calls to gcamLabelTerm         577 tmin = 3.85437
Calls to gcamJacobianTerm      637 tmin = 0.622767
Calls to gcamSmoothnessTerm    637 tmin = 0.289367
Calls to gcamComputeGradient    637 tmin = 13.6576
Calls to gcamComputeMetricProperties    6248 tmin = 1.4209
mri_ca_register took 0 hours, 32 minutes and 55 seconds.
#VMPC# mri_ca_register VmPeak  3253748
FSRUNTIME@ mri_ca_register  0.5485 hours 16 threads
#--------------------------------------
#@# SubCort Seg Sat Apr  4 12:14:35 CEST 2026

 mri_ca_label -relabel_unlikely 9 .3 -prior 0.5 -align norm.mgz transforms/talairach.m3z /opt/freesurfer/average/RB_all_2020-01-02.gca aseg.auto_noCCseg.mgz 

sysname  Linux
hostname dna070
machine  x86_64

setenv SUBJECTS_DIR /out/sourcedata/freesurfer
cd /out/sourcedata/freesurfer/sub-v1s12x0050109_ses-1/mri
mri_ca_label -relabel_unlikely 9 .3 -prior 0.5 -align norm.mgz transforms/talairach.m3z /opt/freesurfer/average/RB_all_2020-01-02.gca aseg.auto_noCCseg.mgz 

relabeling unlikely voxels with window_size = 9 and prior threshold 0.30
using Gibbs prior factor = 0.500
renormalizing sequences with structure alignment, equivalent to:
	-renormalize
	-renormalize_mean 0.500
	-regularize 0.500

== Number of threads available to for OpenMP = 16 == 
reading 1 input volumes
reading classifier array from /opt/freesurfer/average/RB_all_2020-01-02.gca
reading input volume from norm.mgz
average std[0] = 7.2
reading transform from transforms/talairach.m3z
setting orig areas to linear transform determinant scaled 6.12
Atlas used for the 3D morph was /opt/freesurfer/average/RB_all_2020-01-02.gca
average std = 7.2   using min determinant for regularization = 5.2
0 singular and 0 ill-conditioned covariance matrices regularized
labeling volume...
renormalizing by structure alignment....
renormalizing input #0
gca peak = 0.15521 (20)
mri peak = 0.12139 (20)
Left_Lateral_Ventricle (4): linear fit = 1.02 x + 0.0 (607 voxels, overlap=0.875)
Left_Lateral_Ventricle (4): linear fit = 1.02 x + 0.0 (607 voxels, peak = 20), gca=20.5
gca peak = 0.20380 (13)
mri peak = 0.11166 (22)
Right_Lateral_Ventricle (43): linear fit = 1.49 x + 0.0 (262 voxels, overlap=0.435)
Right_Lateral_Ventricle (43): linear fit = 1.49 x + 0.0 (262 voxels, peak = 19), gca=19.3
gca peak = 0.26283 (96)
mri peak = 0.18783 (101)
Right_Pallidum (52): linear fit = 1.04 x + 0.0 (750 voxels, overlap=0.674)
Right_Pallidum (52): linear fit = 1.04 x + 0.0 (750 voxels, peak = 100), gca=100.3
gca peak = 0.15814 (97)
mri peak = 0.29044 (101)
Left_Pallidum (13): linear fit = 1.04 x + 0.0 (690 voxels, overlap=0.580)
Left_Pallidum (13): linear fit = 1.04 x + 0.0 (690 voxels, peak = 101), gca=101.4
gca peak = 0.27624 (56)
mri peak = 0.11403 (68)
Right_Hippocampus (53): linear fit = 1.21 x + 0.0 (868 voxels, overlap=0.019)
Right_Hippocampus (53): linear fit = 1.21 x + 0.0 (868 voxels, peak = 67), gca=67.5
gca peak = 0.28723 (59)
mri peak = 0.12054 (69)
Left_Hippocampus (17): linear fit = 1.14 x + 0.0 (850 voxels, overlap=0.018)
Left_Hippocampus (17): linear fit = 1.14 x + 0.0 (850 voxels, peak = 68), gca=67.6
gca peak = 0.07623 (103)
mri peak = 0.20595 (104)
Right_Cerebral_White_Matter (41): linear fit = 1.00 x + 0.0 (45110 voxels, overlap=0.485)
Right_Cerebral_White_Matter (41): linear fit = 1.00 x + 0.0 (45110 voxels, peak = 103), gca=103.0
gca peak = 0.07837 (105)
mri peak = 0.18552 (104)
Left_Cerebral_White_Matter (2): linear fit = 1.00 x + 0.0 (45283 voxels, overlap=0.572)
Left_Cerebral_White_Matter (2): linear fit = 1.00 x + 0.0 (45283 voxels, peak = 105), gca=105.0
gca peak = 0.10165 (58)
mri peak = 0.04546 (65)
Left_Cerebral_Cortex (3): linear fit = 1.11 x + 0.0 (34259 voxels, overlap=0.803)
Left_Cerebral_Cortex (3): linear fit = 1.11 x + 0.0 (34259 voxels, peak = 64), gca=64.1
gca peak = 0.11113 (58)
mri peak = 0.04969 (62)
Right_Cerebral_Cortex (42): linear fit = 1.10 x + 0.0 (30398 voxels, overlap=0.812)
Right_Cerebral_Cortex (42): linear fit = 1.10 x + 0.0 (30398 voxels, peak = 64), gca=63.5
gca peak = 0.27796 (67)
mri peak = 0.11997 (79)
Right_Caudate (50): linear fit = 1.15 x + 0.0 (723 voxels, overlap=0.057)
Right_Caudate (50): linear fit = 1.15 x + 0.0 (723 voxels, peak = 77), gca=77.4
gca peak = 0.14473 (69)
mri peak = 0.17683 (77)
Left_Caudate (11): linear fit = 1.02 x + 0.0 (818 voxels, overlap=0.677)
Left_Caudate (11): linear fit = 1.02 x + 0.0 (818 voxels, peak = 71), gca=70.7
gca peak = 0.14301 (56)
mri peak = 0.04786 (50)
Left_Cerebellum_Cortex (8): linear fit = 0.89 x + 0.0 (24382 voxels, overlap=0.913)
Left_Cerebellum_Cortex (8): linear fit = 0.89 x + 0.0 (24382 voxels, peak = 50), gca=50.1
gca peak = 0.14610 (55)
mri peak = 0.04945 (51)
Right_Cerebellum_Cortex (47): linear fit = 0.86 x + 0.0 (23474 voxels, overlap=0.643)
Right_Cerebellum_Cortex (47): linear fit = 0.86 x + 0.0 (23474 voxels, peak = 47), gca=47.0
gca peak = 0.16309 (85)
mri peak = 0.12437 (93)
Left_Cerebellum_White_Matter (7): linear fit = 1.09 x + 0.0 (7757 voxels, overlap=0.383)
Left_Cerebellum_White_Matter (7): linear fit = 1.09 x + 0.0 (7757 voxels, peak = 92), gca=92.2
gca peak = 0.15172 (84)
mri peak = 0.09364 (93)
Right_Cerebellum_White_Matter (46): linear fit = 1.09 x + 0.0 (7219 voxels, overlap=0.762)
Right_Cerebellum_White_Matter (46): linear fit = 1.09 x + 0.0 (7219 voxels, peak = 91), gca=91.1
gca peak = 0.30461 (58)
mri peak = 0.12597 (72)
Left_Amygdala (18): linear fit = 1.25 x + 0.0 (628 voxels, overlap=0.057)
Left_Amygdala (18): linear fit = 1.25 x + 0.0 (628 voxels, peak = 72), gca=72.2
gca peak = 0.32293 (57)
mri peak = 0.14275 (74)
Right_Amygdala (54): linear fit = 1.26 x + 0.0 (633 voxels, overlap=0.043)
Right_Amygdala (54): linear fit = 1.26 x + 0.0 (633 voxels, peak = 72), gca=72.1
gca peak = 0.11083 (90)
mri peak = 0.09772 (89)
Left_Thalamus (10): linear fit = 1.03 x + 0.0 (4251 voxels, overlap=0.847)
Left_Thalamus (10): linear fit = 1.03 x + 0.0 (4251 voxels, peak = 93), gca=93.1
gca peak = 0.11393 (83)
mri peak = 0.08656 (89)
Right_Thalamus (49): linear fit = 1.10 x + 0.0 (4339 voxels, overlap=0.614)
Right_Thalamus (49): linear fit = 1.10 x + 0.0 (4339 voxels, peak = 91), gca=90.9
gca peak = 0.08575 (81)
mri peak = 0.10654 (88)
Left_Putamen (12): linear fit = 1.12 x + 0.0 (2381 voxels, overlap=0.292)
Left_Putamen (12): linear fit = 1.12 x + 0.0 (2381 voxels, peak = 90), gca=90.3
gca peak = 0.08618 (78)
mri peak = 0.09672 (88)
Right_Putamen (51): linear fit = 1.12 x + 0.0 (2436 voxels, overlap=0.501)
Right_Putamen (51): linear fit = 1.12 x + 0.0 (2436 voxels, peak = 87), gca=87.0
gca peak = 0.08005 (78)
mri peak = 0.10048 (93)
Brain_Stem (16): linear fit = 1.13 x + 0.0 (10393 voxels, overlap=0.366)
Brain_Stem (16): linear fit = 1.13 x + 0.0 (10393 voxels, peak = 89), gca=88.5
gca peak = 0.12854 (88)
mri peak = 0.11857 (98)
Right_VentralDC (60): linear fit = 1.11 x + 0.0 (1431 voxels, overlap=0.019)
Right_VentralDC (60): linear fit = 1.11 x + 0.0 (1431 voxels, peak = 97), gca=97.2
gca peak = 0.15703 (87)
mri peak = 0.14634 (98)
Left_VentralDC (28): linear fit = 1.12 x + 0.0 (1562 voxels, overlap=0.085)
Left_VentralDC (28): linear fit = 1.12 x + 0.0 (1562 voxels, peak = 97), gca=97.0
gca peak = 0.17522 (25)
mri peak = 0.18182 (22)
gca peak = 0.17113 (14)
mri peak = 0.13722 (19)
Fourth_Ventricle (15): linear fit = 1.17 x + 0.0 (132 voxels, overlap=0.778)
Fourth_Ventricle (15): linear fit = 1.17 x + 0.0 (132 voxels, peak = 16), gca=16.4
gca peak Unknown = 0.94777 ( 0)
gca peak Left_Inf_Lat_Vent = 0.16627 (28)
gca peak Third_Ventricle = 0.17522 (25)
gca peak CSF = 0.20346 (36)
gca peak Left_Accumbens_area = 0.70646 (62)
gca peak Left_undetermined = 1.00000 (28)
gca peak Left_vessel = 0.89917 (53)
gca peak Left_choroid_plexus = 0.11689 (35)
gca peak Right_Inf_Lat_Vent = 0.25504 (23)
gca peak Right_Accumbens_area = 0.31650 (65)
gca peak Right_vessel = 0.77268 (52)
gca peak Right_choroid_plexus = 0.13275 (38)
gca peak Fifth_Ventricle = 0.60973 (33)
gca peak WM_hypointensities = 0.11013 (77)
gca peak non_WM_hypointensities = 0.11354 (41)
gca peak Optic_Chiasm = 0.51646 (76)
not using caudate to estimate GM means
estimating mean gm scale to be 1.18 x + 0.0
estimating mean wm scale to be 1.00 x + 0.0
estimating mean csf scale to be 1.23 x + 0.0
Left_Pallidum too bright - rescaling by 0.995 (from 1.045) to 100.9 (was 101.4)
Right_Pallidum too bright - rescaling by 1.006 (from 1.045) to 100.9 (was 100.3)
saving intensity scales to aseg.auto_noCCseg.label_intensities.txt
renormalizing by structure alignment....
renormalizing input #0
gca peak = 0.16759 (19)
mri peak = 0.12139 (20)
Left_Lateral_Ventricle (4): linear fit = 0.98 x + 0.0 (607 voxels, overlap=0.857)
Left_Lateral_Ventricle (4): linear fit = 0.98 x + 0.0 (607 voxels, peak = 19), gca=18.5
gca peak = 0.16054 (19)
mri peak = 0.11166 (22)
Right_Lateral_Ventricle (43): linear fit = 1.02 x + 0.0 (262 voxels, overlap=0.609)
Right_Lateral_Ventricle (43): linear fit = 1.02 x + 0.0 (262 voxels, peak = 19), gca=19.5
gca peak = 0.26982 (100)
mri peak = 0.18783 (101)
Right_Pallidum (52): linear fit = 1.00 x + 0.0 (750 voxels, overlap=0.896)
Right_Pallidum (52): linear fit = 1.00 x + 0.0 (750 voxels, peak = 100), gca=100.0
gca peak = 0.15561 (99)
mri peak = 0.29044 (101)
Left_Pallidum (13): linear fit = 1.00 x + 0.0 (690 voxels, overlap=0.830)
Left_Pallidum (13): linear fit = 1.00 x + 0.0 (690 voxels, peak = 99), gca=98.5
gca peak = 0.27313 (67)
mri peak = 0.11403 (68)
Right_Hippocampus (53): linear fit = 1.00 x + 0.0 (868 voxels, overlap=1.000)
Right_Hippocampus (53): linear fit = 1.00 x + 0.0 (868 voxels, peak = 67), gca=67.0
gca peak = 0.23743 (65)
mri peak = 0.12054 (69)
Left_Hippocampus (17): linear fit = 1.00 x + 0.0 (850 voxels, overlap=1.004)
Left_Hippocampus (17): linear fit = 1.00 x + 0.0 (850 voxels, peak = 65), gca=65.0
gca peak = 0.07628 (103)
mri peak = 0.20595 (104)
Right_Cerebral_White_Matter (41): linear fit = 1.00 x + 0.0 (45110 voxels, overlap=0.485)
Right_Cerebral_White_Matter (41): linear fit = 1.00 x + 0.0 (45110 voxels, peak = 103), gca=103.0
gca peak = 0.07837 (105)
mri peak = 0.18552 (104)
Left_Cerebral_White_Matter (2): linear fit = 1.00 x + 0.0 (45283 voxels, overlap=0.572)
Left_Cerebral_White_Matter (2): linear fit = 1.00 x + 0.0 (45283 voxels, peak = 105), gca=105.0
gca peak = 0.09070 (64)
mri peak = 0.04546 (65)
Left_Cerebral_Cortex (3): linear fit = 1.02 x + 0.0 (34259 voxels, overlap=0.980)
Left_Cerebral_Cortex (3): linear fit = 1.02 x + 0.0 (34259 voxels, peak = 66), gca=65.6
gca peak = 0.10314 (64)
mri peak = 0.04969 (62)
Right_Cerebral_Cortex (42): linear fit = 0.99 x + 0.0 (30398 voxels, overlap=0.964)
Right_Cerebral_Cortex (42): linear fit = 0.99 x + 0.0 (30398 voxels, peak = 63), gca=63.0
gca peak = 0.22722 (77)
mri peak = 0.11997 (79)
Right_Caudate (50): linear fit = 1.00 x + 0.0 (723 voxels, overlap=0.999)
Right_Caudate (50): linear fit = 1.00 x + 0.0 (723 voxels, peak = 77), gca=77.0
gca peak = 0.12891 (70)
mri peak = 0.17683 (77)
Left_Caudate (11): linear fit = 1.00 x + 0.0 (818 voxels, overlap=0.860)
Left_Caudate (11): linear fit = 1.00 x + 0.0 (818 voxels, peak = 70), gca=70.0
gca peak = 0.15815 (50)
mri peak = 0.04786 (50)
Left_Cerebellum_Cortex (8): linear fit = 0.98 x + 0.0 (24382 voxels, overlap=1.000)
Left_Cerebellum_Cortex (8): linear fit = 0.98 x + 0.0 (24382 voxels, peak = 49), gca=48.8
gca peak = 0.16385 (47)
mri peak = 0.04945 (51)
Right_Cerebellum_Cortex (47): linear fit = 1.00 x + 0.0 (23474 voxels, overlap=0.992)
Right_Cerebellum_Cortex (47): linear fit = 1.00 x + 0.0 (23474 voxels, peak = 47), gca=47.0
gca peak = 0.14916 (92)
mri peak = 0.12437 (93)
Left_Cerebellum_White_Matter (7): linear fit = 1.00 x + 0.0 (7757 voxels, overlap=0.913)
Left_Cerebellum_White_Matter (7): linear fit = 1.00 x + 0.0 (7757 voxels, peak = 92), gca=91.5
gca peak = 0.14762 (92)
mri peak = 0.09364 (93)
Right_Cerebellum_White_Matter (46): linear fit = 1.00 x + 0.0 (7219 voxels, overlap=0.987)
Right_Cerebellum_White_Matter (46): linear fit = 1.00 x + 0.0 (7219 voxels, peak = 92), gca=91.5
gca peak = 0.27150 (72)
mri peak = 0.12597 (72)
Left_Amygdala (18): linear fit = 1.00 x + 0.0 (628 voxels, overlap=1.012)
Left_Amygdala (18): linear fit = 1.00 x + 0.0 (628 voxels, peak = 72), gca=72.0
gca peak = 0.27517 (72)
mri peak = 0.14275 (74)
Right_Amygdala (54): linear fit = 1.00 x + 0.0 (633 voxels, overlap=0.999)
Right_Amygdala (54): linear fit = 1.00 x + 0.0 (633 voxels, peak = 72), gca=72.0
gca peak = 0.09884 (93)
mri peak = 0.09772 (89)
Left_Thalamus (10): linear fit = 0.98 x + 0.0 (4251 voxels, overlap=0.954)
Left_Thalamus (10): linear fit = 0.98 x + 0.0 (4251 voxels, peak = 91), gca=90.7
gca peak = 0.10547 (91)
mri peak = 0.08656 (89)
Right_Thalamus (49): linear fit = 1.00 x + 0.0 (4339 voxels, overlap=0.930)
Right_Thalamus (49): linear fit = 1.00 x + 0.0 (4339 voxels, peak = 91), gca=90.5
gca peak = 0.09016 (84)
mri peak = 0.10654 (88)
Left_Putamen (12): linear fit = 1.01 x + 0.0 (2381 voxels, overlap=0.793)
Left_Putamen (12): linear fit = 1.01 x + 0.0 (2381 voxels, peak = 85), gca=85.3
gca peak = 0.07822 (85)
mri peak = 0.09672 (88)
Right_Putamen (51): linear fit = 1.00 x + 0.0 (2436 voxels, overlap=0.947)
Right_Putamen (51): linear fit = 1.00 x + 0.0 (2436 voxels, peak = 85), gca=85.0
gca peak = 0.08057 (89)
mri peak = 0.10048 (93)
Brain_Stem (16): linear fit = 0.99 x + 0.0 (10393 voxels, overlap=0.788)
Brain_Stem (16): linear fit = 0.99 x + 0.0 (10393 voxels, peak = 88), gca=87.7
gca peak = 0.11666 (97)
mri peak = 0.11857 (98)
Right_VentralDC (60): linear fit = 1.01 x + 0.0 (1431 voxels, overlap=0.636)
Right_VentralDC (60): linear fit = 1.01 x + 0.0 (1431 voxels, peak = 98), gca=98.5
gca peak = 0.14752 (95)
mri peak = 0.14634 (98)
Left_VentralDC (28): linear fit = 1.00 x + 0.0 (1562 voxels, overlap=0.855)
Left_VentralDC (28): linear fit = 1.00 x + 0.0 (1562 voxels, peak = 95), gca=95.5
gca peak = 0.14265 (32)
mri peak = 0.18182 (22)
gca peak = 0.17162 (17)
mri peak = 0.13722 (19)
Fourth_Ventricle (15): linear fit = 1.10 x + 0.0 (132 voxels, overlap=0.771)
Fourth_Ventricle (15): linear fit = 1.10 x + 0.0 (132 voxels, peak = 19), gca=18.6
gca peak Unknown = 0.94777 ( 0)
gca peak Left_Inf_Lat_Vent = 0.17659 (32)
gca peak Third_Ventricle = 0.14265 (32)
gca peak CSF = 0.19152 (38)
gca peak Left_Accumbens_area = 0.66362 (64)
gca peak Left_undetermined = 1.00000 (28)
gca peak Left_vessel = 0.89837 (53)
gca peak Left_choroid_plexus = 0.10623 (35)
gca peak Right_Inf_Lat_Vent = 0.26261 (28)
gca peak Right_Accumbens_area = 0.31512 (75)
gca peak Right_vessel = 0.77268 (52)
gca peak Right_choroid_plexus = 0.13305 (38)
gca peak Fifth_Ventricle = 0.59466 (40)
gca peak WM_hypointensities = 0.10360 (77)
gca peak non_WM_hypointensities = 0.11354 (41)
gca peak Optic_Chiasm = 0.52441 (76)
not using caudate to estimate GM means
estimating mean gm scale to be 1.00 x + 0.0
estimating mean wm scale to be 1.00 x + 0.0
estimating mean csf scale to be 1.03 x + 0.0
Right_Pallidum too bright - rescaling by 1.009 (from 1.000) to 100.9 (was 100.0)
saving intensity scales to aseg.auto_noCCseg.label_intensities.txt
saving sequentially combined intensity scales to aseg.auto_noCCseg.label_intensities.txt
44695 voxels changed in iteration 0 of unlikely voxel relabeling
196 voxels changed in iteration 1 of unlikely voxel relabeling
3 voxels changed in iteration 2 of unlikely voxel relabeling
0 voxels changed in iteration 3 of unlikely voxel relabeling
40837 gm and wm labels changed (%30 to gray, %70 to white out of all changed labels)
370 hippocampal voxels changed.
0 amygdala voxels changed.
Reclassifying using Gibbs Priors
pass 1: 59750 changed. image ll: -2.073, PF=0.500
pass 2: 15110 changed. image ll: -2.072, PF=0.500
pass 3: 4710 changed.
29415 voxels changed in iteration 0 of unlikely voxel relabeling
191 voxels changed in iteration 1 of unlikely voxel relabeling
6 voxels changed in iteration 2 of unlikely voxel relabeling
0 voxels changed in iteration 3 of unlikely voxel relabeling
6702 voxels changed in iteration 0 of unlikely voxel relabeling
95 voxels changed in iteration 1 of unlikely voxel relabeling
1 voxels changed in iteration 2 of unlikely voxel relabeling
0 voxels changed in iteration 3 of unlikely voxel relabeling
6008 voxels changed in iteration 0 of unlikely voxel relabeling
63 voxels changed in iteration 1 of unlikely voxel relabeling
5 voxels changed in iteration 2 of unlikely voxel relabeling
0 voxels changed in iteration 3 of unlikely voxel relabeling
5332 voxels changed in iteration 0 of unlikely voxel relabeling
27 voxels changed in iteration 1 of unlikely voxel relabeling
4 voxels changed in iteration 2 of unlikely voxel relabeling
0 voxels changed in iteration 3 of unlikely voxel relabeling
 !!!!!!!!! ventricle segment 0 with volume 3703 above threshold 100 - not erasing !!!!!!!!!!
 !!!!!!!!! ventricle segment 0 with volume 2537 above threshold 100 - not erasing !!!!!!!!!!
 !!!!!!!!! ventricle segment 0 with volume 110 above threshold 100 - not erasing !!!!!!!!!!
 !!!!!!!!! ventricle segment 1 with volume 133 above threshold 100 - not erasing !!!!!!!!!!
writing labeled volume to aseg.auto_noCCseg.mgz
mri_ca_label utimesec    1264.809049
mri_ca_label stimesec    2.839974
mri_ca_label ru_maxrss   2117832
mri_ca_label ru_ixrss    0
mri_ca_label ru_idrss    0
mri_ca_label ru_isrss    0
mri_ca_label ru_minflt   3331335
mri_ca_label ru_majflt   20
mri_ca_label ru_nswap    0
mri_ca_label ru_inblock  1142
mri_ca_label ru_oublock  624
mri_ca_label ru_msgsnd   0
mri_ca_label ru_msgrcv   0
mri_ca_label ru_nsignals 0
mri_ca_label ru_nvcsw    1755
mri_ca_label ru_nivcsw   1497
auto-labeling took 20 minutes and 24 seconds.
#--------------------------------------
#@# CC Seg Sat Apr  4 12:34:58 CEST 2026

 mri_cc -aseg aseg.auto_noCCseg.mgz -o aseg.auto.mgz -lta /out/sourcedata/freesurfer/sub-v1s12x0050109_ses-1/mri/transforms/cc_up.lta sub-v1s12x0050109_ses-1 

will read input aseg from aseg.auto_noCCseg.mgz
writing aseg with cc labels to aseg.auto.mgz
will write lta as /out/sourcedata/freesurfer/sub-v1s12x0050109_ses-1/mri/transforms/cc_up.lta
reading aseg from /out/sourcedata/freesurfer/sub-v1s12x0050109_ses-1/mri/aseg.auto_noCCseg.mgz
reading norm from /out/sourcedata/freesurfer/sub-v1s12x0050109_ses-1/mri/norm.mgz
103313 voxels in left wm, 68688 in right wm, xrange [125, 143]
searching rotation angles z=[-5  9], y=[-3 11]
searching scale 1 Z rot -5.0  searching scale 1 Z rot -4.7  searching scale 1 Z rot -4.5  searching scale 1 Z rot -4.2  searching scale 1 Z rot -4.0  searching scale 1 Z rot -3.7  searching scale 1 Z rot -3.5  searching scale 1 Z rot -3.2  searching scale 1 Z rot -3.0  searching scale 1 Z rot -2.7  searching scale 1 Z rot -2.5  searching scale 1 Z rot -2.2  searching scale 1 Z rot -2.0  searching scale 1 Z rot -1.7  searching scale 1 Z rot -1.5  searching scale 1 Z rot -1.2  searching scale 1 Z rot -1.0  searching scale 1 Z rot -0.7  searching scale 1 Z rot -0.5  searching scale 1 Z rot -0.2  searching scale 1 Z rot 0.0  searching scale 1 Z rot 0.3  searching scale 1 Z rot 0.5  searching scale 1 Z rot 0.8  searching scale 1 Z rot 1.0  searching scale 1 Z rot 1.3  searching scale 1 Z rot 1.5  searching scale 1 Z rot 1.8  searching scale 1 Z rot 2.0  searching scale 1 Z rot 2.3  searching scale 1 Z rot 2.5  searching scale 1 Z rot 2.8  searching scale 1 Z rot 3.0  searching scale 1 Z rot 3.3  searching scale 1 Z rot 3.5  searching scale 1 Z rot 3.8  searching scale 1 Z rot 4.0  searching scale 1 Z rot 4.3  searching scale 1 Z rot 4.5  searching scale 1 Z rot 4.8  searching scale 1 Z rot 5.0  searching scale 1 Z rot 5.3  searching scale 1 Z rot 5.5  searching scale 1 Z rot 5.8  searching scale 1 Z rot 6.0  searching scale 1 Z rot 6.3  searching scale 1 Z rot 6.5  searching scale 1 Z rot 6.8  searching scale 1 Z rot 7.0  searching scale 1 Z rot 7.3  searching scale 1 Z rot 7.5  searching scale 1 Z rot 7.8  searching scale 1 Z rot 8.0  searching scale 1 Z rot 8.3  searching scale 1 Z rot 8.5  searching scale 1 Z rot 8.8  global minimum found at slice 132.0, rotations (4.46, 2.00)
final transformation (x=132.0, yr=4.462, zr=2.005):
 0.99636  -0.03498   0.07774  -8.07553;
 0.03488   0.99939   0.00272   11.16826;
-0.07779  -0.00000   0.99697   29.59881;
 0.00000   0.00000   0.00000   1.00000;
updating x range to be [126, 130] in xformed coordinates
best xformed slice 128
min_x_fornix = 149
min_x_fornix = 154
min_x_fornix = 154
min_x_fornix = 144
min_x_fornix = 142
cc center is found at 128 112 109
eigenvectors:
-0.00038  -0.00209   1.00000;
-0.21291  -0.97707  -0.00213;
 0.97707  -0.21291  -0.00007;
writing aseg with callosum to /out/sourcedata/freesurfer/sub-v1s12x0050109_ses-1/mri/aseg.auto.mgz...
corpus callosum segmentation took 0.6 minutes
#VMPC# mri_cc VmPeak  556680
mri_cc done
#--------------------------------------
#@# Merge ASeg Sat Apr  4 12:35:33 CEST 2026

 cp aseg.auto.mgz aseg.presurf.mgz 

#--------------------------------------------
#@# Intensity Normalization2 Sat Apr  4 12:35:33 CEST 2026
/out/sourcedata/freesurfer/sub-v1s12x0050109_ses-1/mri

 mri_normalize -seed 1234 -mprage -aseg aseg.presurf.mgz -mask brainmask.mgz norm.mgz brain.mgz 

setting seed for random number genererator to 1234
assuming input volume is MGH (Van der Kouwe) MP-RAGE
using segmentation for initial intensity normalization
using MR volume brainmask.mgz to mask input volume...
reading mri_src from norm.mgz...
Reading aseg aseg.presurf.mgz
normalizing image...
NOT doing gentle normalization with control points/label
processing with aseg
removing outliers in the aseg WM...
811 control points removed
Building bias image
building Voronoi diagram...
performing soap bubble smoothing, sigma = 0...
Smoothing with sigma 8
Applying bias correction
building Voronoi diagram...
performing soap bubble smoothing, sigma = 8...

Iterating 2 times
---------------------------------
3d normalization pass 1 of 2
white matter peak found at 110
white matter peak found at 110
gm peak at 69 (69), valley at  0 (-1)
csf peak at 34, setting threshold to 57
building Voronoi diagram...
performing soap bubble smoothing, sigma = 8...
---------------------------------
3d normalization pass 2 of 2
white matter peak found at 110
white matter peak found at 110
gm peak at 70 (70), valley at  0 (-1)
csf peak at 35, setting threshold to 58
building Voronoi diagram...
performing soap bubble smoothing, sigma = 8...
Done iterating ---------------------------------
writing output to brain.mgz
3D bias adjustment took 1 minutes and 22 seconds.
#--------------------------------------------
#@# Mask BFS Sat Apr  4 12:36:55 CEST 2026
/out/sourcedata/freesurfer/sub-v1s12x0050109_ses-1/mri

 mri_mask -T 5 brain.mgz brainmask.mgz brain.finalsurfs.mgz 

threshold mask volume at 5
DoAbs = 0
Found 1413180 voxels in mask (pct=  8.42)
Writing masked volume to brain.finalsurfs.mgz...done.
#--------------------------------------------
#@# WM Segmentation Sat Apr  4 12:36:56 CEST 2026

 AntsDenoiseImageFs -i brain.mgz -o antsdn.brain.mgz 


 mri_segment -wsizemm 13 -mprage antsdn.brain.mgz wm.seg.mgz 

wsizemm = 13, voxres = 1, wsize = 13
Widening wm low from 89 to 79
assuming input volume is MGH (Van der Kouwe) MP-RAGE
wm mean:  110
wsize:    13
wm low:   79
wm hi:    125
gray low: 30
gray hi:  99
Doing initial trinary intensity segmentation 
Using local statistics to label ambiguous voxels
Autodetecting stats
Computing class statistics for intensity windows...
CCS WM (101.0): 100.0 +- 6.9 [79.0 --> 125.0]
CCS GM (75.0) : 74.9 +- 8.4 [30.0 --> 95.0]
 white_mean 99.956
 white_sigma 6.8753
 gray_mean 74.9087
 gray_sigma 8.44631
setting bottom of white matter range wm_low to 83.4
setting top of gray matter range gray_hi to 91.8
 wm_low 83.355
 wm_hi  125
 gray_low 30
 gray_hi  91.8013
Redoing initial intensity segmentation...
Recomputing local statistics to label ambiguous voxels...
 wm_low 83.355
 wm_hi  125
 gray_low 30
 gray_hi  91.8013
using local geometry to label remaining ambiguous voxels...
polvwsize = 5, polvlen = 3, gray_hi = 91.8013, wm_low = 83.355
MRIcpolvMedianCurveSegment(): wsize=5, len=3, gmhi=91.8013, wmlow=83.355
    115587 voxels processed (0.69%)
     49941 voxels white (0.30%)
     65646 voxels non-white (0.39%)

Reclassifying voxels using Gaussian border classifier niter=1
MRIreclassify(): wm_low=78.355, gray_hi=91.8013, wsize=13
    232226 voxels tested (1.38%)
     43088 voxels changed (0.26%)
     59816 multi-scale searches  (0.36%)
Recovering bright white
MRIrecoverBrightWhite()
 wm_low 83.355
 wm_hi 125
 slack 6.8753
 pct_thresh 0.33
 intensity_thresh 131.875
 nvox_thresh 8.58
      134 voxels tested (0.00%)
      102 voxels changed (0.00%)

removing voxels with positive offset direction...
MRIremoveWrongDirection() wsize=3, lowthr=78.355, hithr=91.8013
  smoothing input volume with sigma = 0.250
    69631 voxels tested (0.42%)
    15306 voxels changed (0.09%)
thicken = 1
removing 1-dimensional structures...
MRIremove1dStructures(): max_iter=10000, thresh=2, WM_MIN_VAL=5
 1652 sparsely connected voxels removed in 1 iterations
thickening thin strands....
thickness 4
nsegments 20
wm_hi 125
910 diagonally connected voxels added...
MRIthickenThinWMStrands(): thickness=4, nsegments=20
  20 segments, 3272 filled
MRIfindBrightNonWM(): 549 bright non-wm voxels segmented.
MRIfilterMorphology() WM_MIN_VAL=5, DIAGONAL_FILL=230
white matter segmentation took 0.8 minutes
writing output to wm.seg.mgz...

 mri_edit_wm_with_aseg -keep-in wm.seg.mgz brain.mgz aseg.presurf.mgz wm.asegedit.mgz 

preserving editing changes in input volume...
auto filling took 0.29 minutes
reading wm segmentation from wm.seg.mgz...
0 voxels added to wm to prevent paths from MTL structures to cortex
2513 additional wm voxels added
0 additional wm voxels added
SEG EDIT: 25307 voxels turned on, 31817 voxels turned off.
propagating editing to output volume from wm.seg.mgz
writing edited volume to wm.asegedit.mgz....

 mri_pretess wm.asegedit.mgz wm norm.mgz wm.mgz 


Iteration Number : 1
pass   1 (xy+):   8 found -   8 modified     |    TOTAL:   8
pass   2 (xy+):   0 found -   8 modified     |    TOTAL:   8
pass   1 (xy-):  14 found -  14 modified     |    TOTAL:  22
pass   2 (xy-):   0 found -  14 modified     |    TOTAL:  22
pass   1 (yz+):  29 found -  29 modified     |    TOTAL:  51
pass   2 (yz+):   0 found -  29 modified     |    TOTAL:  51
pass   1 (yz-):  10 found -  10 modified     |    TOTAL:  61
pass   2 (yz-):   0 found -  10 modified     |    TOTAL:  61
pass   1 (xz+):  17 found -  17 modified     |    TOTAL:  78
pass   2 (xz+):   0 found -  17 modified     |    TOTAL:  78
pass   1 (xz-):  23 found -  23 modified     |    TOTAL: 101
pass   2 (xz-):   0 found -  23 modified     |    TOTAL: 101
Iteration Number : 1
pass   1 (+++):  18 found -  18 modified     |    TOTAL:  18
pass   2 (+++):   0 found -  18 modified     |    TOTAL:  18
pass   1 (+++):  12 found -  12 modified     |    TOTAL:  30
pass   2 (+++):   0 found -  12 modified     |    TOTAL:  30
pass   1 (+++):  11 found -  11 modified     |    TOTAL:  41
pass   2 (+++):   0 found -  11 modified     |    TOTAL:  41
pass   1 (+++):   8 found -   8 modified     |    TOTAL:  49
pass   2 (+++):   0 found -   8 modified     |    TOTAL:  49
Iteration Number : 1
pass   1 (++):  31 found -  31 modified     |    TOTAL:  31
pass   2 (++):   0 found -  31 modified     |    TOTAL:  31
pass   1 (+-):  33 found -  33 modified     |    TOTAL:  64
pass   2 (+-):   0 found -  33 modified     |    TOTAL:  64
pass   1 (--):  48 found -  48 modified     |    TOTAL: 112
pass   2 (--):   0 found -  48 modified     |    TOTAL: 112
pass   1 (-+):  19 found -  19 modified     |    TOTAL: 131
pass   2 (-+):   0 found -  19 modified     |    TOTAL: 131
Iteration Number : 2
pass   1 (xy+):   1 found -   1 modified     |    TOTAL:   1
pass   2 (xy+):   0 found -   1 modified     |    TOTAL:   1
pass   1 (xy-):   2 found -   2 modified     |    TOTAL:   3
pass   2 (xy-):   0 found -   2 modified     |    TOTAL:   3
pass   1 (yz+):   3 found -   3 modified     |    TOTAL:   6
pass   2 (yz+):   0 found -   3 modified     |    TOTAL:   6
pass   1 (yz-):   1 found -   1 modified     |    TOTAL:   7
pass   2 (yz-):   0 found -   1 modified     |    TOTAL:   7
pass   1 (xz+):   4 found -   4 modified     |    TOTAL:  11
pass   2 (xz+):   0 found -   4 modified     |    TOTAL:  11
pass   1 (xz-):   3 found -   3 modified     |    TOTAL:  14
pass   2 (xz-):   0 found -   3 modified     |    TOTAL:  14
Iteration Number : 2
pass   1 (+++):   0 found -   0 modified     |    TOTAL:   0
pass   1 (+++):   0 found -   0 modified     |    TOTAL:   0
pass   1 (+++):   0 found -   0 modified     |    TOTAL:   0
pass   1 (+++):   0 found -   0 modified     |    TOTAL:   0
Iteration Number : 2
pass   1 (++):   0 found -   0 modified     |    TOTAL:   0
pass   1 (+-):   3 found -   3 modified     |    TOTAL:   3
pass   2 (+-):   0 found -   3 modified     |    TOTAL:   3
pass   1 (--):   2 found -   2 modified     |    TOTAL:   5
pass   2 (--):   0 found -   2 modified     |    TOTAL:   5
pass   1 (-+):   4 found -   4 modified     |    TOTAL:   9
pass   2 (-+):   0 found -   4 modified     |    TOTAL:   9
Iteration Number : 3
pass   1 (xy+):   0 found -   0 modified     |    TOTAL:   0
pass   1 (xy-):   2 found -   2 modified     |    TOTAL:   2
pass   2 (xy-):   0 found -   2 modified     |    TOTAL:   2
pass   1 (yz+):   0 found -   0 modified     |    TOTAL:   2
pass   1 (yz-):   0 found -   0 modified     |    TOTAL:   2
pass   1 (xz+):   0 found -   0 modified     |    TOTAL:   2
pass   1 (xz-):   0 found -   0 modified     |    TOTAL:   2
Iteration Number : 3
pass   1 (+++):   0 found -   0 modified     |    TOTAL:   0
pass   1 (+++):   0 found -   0 modified     |    TOTAL:   0
pass   1 (+++):   0 found -   0 modified     |    TOTAL:   0
pass   1 (+++):   0 found -   0 modified     |    TOTAL:   0
Iteration Number : 3
pass   1 (++):   0 found -   0 modified     |    TOTAL:   0
pass   1 (+-):   0 found -   0 modified     |    TOTAL:   0
pass   1 (--):   0 found -   0 modified     |    TOTAL:   0
pass   1 (-+):   0 found -   0 modified     |    TOTAL:   0
Iteration Number : 4
pass   1 (xy+):   0 found -   0 modified     |    TOTAL:   0
pass   1 (xy-):   0 found -   0 modified     |    TOTAL:   0
pass   1 (yz+):   0 found -   0 modified     |    TOTAL:   0
pass   1 (yz-):   0 found -   0 modified     |    TOTAL:   0
pass   1 (xz+):   0 found -   0 modified     |    TOTAL:   0
pass   1 (xz-):   0 found -   0 modified     |    TOTAL:   0
Iteration Number : 4
pass   1 (+++):   0 found -   0 modified     |    TOTAL:   0
pass   1 (+++):   0 found -   0 modified     |    TOTAL:   0
pass   1 (+++):   0 found -   0 modified     |    TOTAL:   0
pass   1 (+++):   0 found -   0 modified     |    TOTAL:   0
Iteration Number : 4
pass   1 (++):   0 found -   0 modified     |    TOTAL:   0
pass   1 (+-):   0 found -   0 modified     |    TOTAL:   0
pass   1 (--):   0 found -   0 modified     |    TOTAL:   0
pass   1 (-+):   0 found -   0 modified     |    TOTAL:   0

Total Number of Modified Voxels = 306 (out of 560245: 0.054619)
binarizing input wm segmentation...
Ambiguous edge configurations... 

mri_pretess done

#--------------------------------------------
#@# Fill Sat Apr  4 12:38:30 CEST 2026
/out/sourcedata/freesurfer/sub-v1s12x0050109_ses-1/mri

 mri_fill -a ../scripts/ponscc.cut.log -xform transforms/talairach.lta -segmentation aseg.presurf.mgz -ctab /opt/freesurfer/SubCorticalMassLUT.txt wm.mgz filled.mgz 

logging cutting plane coordinates to ../scripts/ponscc.cut.log...
INFO: Using transforms/talairach.lta and its offset for Talairach volume ...
using segmentation aseg.presurf.mgz...
reading input volume...done.
searching for cutting planes...voxel to talairach voxel transform
 1.05222  -0.05000   0.08360  -16.29092;
 0.01196   1.06975   0.41557  -65.15948;
-0.09533  -0.40335   0.99571   54.42221;
 0.00000   0.00000   0.00000   1.00000;
voxel to talairach voxel transform
 1.05222  -0.05000   0.08360  -16.29092;
 0.01196   1.06975   0.41557  -65.15948;
-0.09533  -0.40335   0.99571   54.42221;
 0.00000   0.00000   0.00000   1.00000;
reading segmented volume aseg.presurf.mgz
removing CC from segmentation
Looking for area (min, max) = (350, 1400)
area[0] = 920 (min = 350, max = 1400), aspect = 0.58 (min = 0.10, max = 0.75)
no need to search
using seed (126, 120, 146), TAL = (2.0, 18.0, 8.0)
talairach voxel to voxel transform
 0.94260   0.01228  -0.08427   20.74220;
-0.03940   0.80718  -0.33358   70.10792;
 0.07429   0.32815   0.86112  -24.27121;
 0.00000   0.00000   0.00000   1.00000;
segmentation indicates cc at (126,  120,  146) --> (2.0, 18.0, 8.0)
done.
filling took 0.6 minutes
talairach cc position changed to (2.00, 18.00, 8.00)
Erasing brainstem...done.
seed_search_size = 9, min_neighbors = 5
search rh wm seed point around talairach space:(20.00, 18.00, 8.00) SRC: (111.71, 114.01, 148.85)
search lh wm seed point around talairach space (-16.00, 18.00, 8.00), SRC: (145.65, 112.59, 151.53)
compute mri_fill using aseg
Erasing Brain Stem and Cerebellum ...
Define left and right masks using aseg:
Building Voronoi diagram ...
Using the Voronoi diagram for separating WM into two hemispheres ...
Find the largest connected component for each hemisphere ...
Embedding colortable
mri_fill done, writing output to filled.mgz...
 cp filled.mgz filled.auto.mgz

Started at Sat Apr 4 11:40:48 CEST 2026 
Ended   at Sat Apr 4 12:39:07 CEST 2026
#@#%# recon-all-run-time-hours 0.972
recon-all -s sub-v1s12x0050109_ses-1 finished without error at Sat Apr  4 12:39:07 CEST 2026



#New# invocation of recon-all 




Sat Apr  4 13:10:27 CEST 2026
cd /out/sourcedata/freesurfer/sub-v1s12x0050109_ses-1
setenv SUBJECTS_DIR /out/sourcedata/freesurfer
/opt/freesurfer/bin/recon-all -parallel -subjid sub-v1s12x0050109_ses-1 -sd /out/sourcedata/freesurfer -cortribbon

subjid sub-v1s12x0050109_ses-1
setenv SUBJECTS_DIR /out/sourcedata/freesurfer
FREESURFER_HOME /opt/freesurfer
Actual FREESURFER_HOME /opt/freesurfer
build-stamp.txt: freesurfer-linux-ubuntu22_x86_64-7.3.2-20220804-6354275
Linux dna070 5.14.0-427.37.1.el9_4.x86_64 #1 SMP PREEMPT_DYNAMIC Fri Sep 13 12:41:50 EDT 2024 x86_64 x86_64 x86_64 GNU/Linux
cputime      unlimited
filesize     unlimited
datasize     unlimited
stacksize    8192 kbytes
coredumpsize 0 kbytes
memoryuse    67108864 kbytes
vmemoryuse   unlimited
descriptors  1024 
memorylocked unlimited
maxproc      2061970 
maxlocks     unlimited
maxsignal    2062029 
maxmessage   819200 
maxnice      0 
maxrtprio    0 
maxrttime    unlimited

               total        used        free      shared  buff/cache   available
Mem:           503Gi        48Gi       283Gi        16Gi       171Gi       435Gi
Swap:             0B          0B          0B

########################################
program versions used
7.3.2 (freesurfer-linux-ubuntu22_x86_64-7.3.2-20220804-6354275)
7.3.2

ProgramName: lta_convert  ProgramArguments: lta_convert -all-info  ProgramVersion: 7.3.2  TimeStamp: 2026/04/04-11:10:27-GMT  BuildTime: Aug  4 2022 06:17:15  BuildStamp: freesurfer-linux-ubuntu22_x86_64-7.3.2-20220804-6354275  User: oesteban  Machine: dna070  Platform: Linux  PlatformVersion: 5.14.0-427.37.1.el9_4.x86_64  CompilerName: GCC  CompilerVersion: 8.4.0
ProgramName: mri_and  ProgramArguments: mri_and -all-info  ProgramVersion: 7.3.2  TimeStamp: 2026/04/04-11:10:27-GMT  BuildTime: Aug  4 2022 06:17:15  BuildStamp: freesurfer-linux-ubuntu22_x86_64-7.3.2-20220804-6354275  User: oesteban  Machine: dna070  Platform: Linux  PlatformVersion: 5.14.0-427.37.1.el9_4.x86_64  CompilerName: GCC  CompilerVersion: 8.4.0
ProgramName: mri_annotation2label  ProgramArguments: mri_annotation2label -all-info  ProgramVersion: 7.3.2  TimeStamp: 2026/04/04-11:10:27-GMT  BuildTime: Aug  4 2022 06:17:15  BuildStamp: freesurfer-linux-ubuntu22_x86_64-7.3.2-20220804-6354275  User: oesteban  Machine: dna070  Platform: Linux  PlatformVersion: 5.14.0-427.37.1.el9_4.x86_64  CompilerName: GCC  CompilerVersion: 8.4.0
ProgramName: mri_aparc2aseg  ProgramArguments: mri_aparc2aseg -all-info  ProgramVersion: 7.3.2  TimeStamp: 2026/04/04-11:10:27-GMT  BuildTime: Aug  4 2022 06:17:15  BuildStamp: freesurfer-linux-ubuntu22_x86_64-7.3.2-20220804-6354275  User: oesteban  Machine: dna070  Platform: Linux  PlatformVersion: 5.14.0-427.37.1.el9_4.x86_64  CompilerName: GCC  CompilerVersion: 8.4.0
ProgramName: mri_surf2volseg  ProgramArguments: mri_surf2volseg -all-info  ProgramVersion: 7.3.2  TimeStamp: 2026/04/04-11:10:27-GMT  BuildTime: Aug  4 2022 06:17:15  BuildStamp: freesurfer-linux-ubuntu22_x86_64-7.3.2-20220804-6354275  User: oesteban  Machine: dna070  Platform: Linux  PlatformVersion: 5.14.0-427.37.1.el9_4.x86_64  CompilerName: GCC  CompilerVersion: 8.4.0
ProgramName: mri_binarize  ProgramArguments: mri_binarize -all-info  ProgramVersion: 7.3.2  TimeStamp: 2026/04/04-11:10:27-GMT  BuildTime: Aug  4 2022 06:17:15  BuildStamp: freesurfer-linux-ubuntu22_x86_64-7.3.2-20220804-6354275  User: oesteban  Machine: dna070  Platform: Linux  PlatformVersion: 5.14.0-427.37.1.el9_4.x86_64  CompilerName: GCC  CompilerVersion: 8.4.0
ProgramName: mri_ca_label  ProgramArguments: mri_ca_label -all-info  ProgramVersion: 7.3.2  TimeStamp: 2026/04/04-11:10:27-GMT  BuildTime: Aug  4 2022 06:17:15  BuildStamp: freesurfer-linux-ubuntu22_x86_64-7.3.2-20220804-6354275  User: oesteban  Machine: dna070  Platform: Linux  PlatformVersion: 5.14.0-427.37.1.el9_4.x86_64  CompilerName: GCC  CompilerVersion: 8.4.0
ProgramName: mri_ca_normalize  ProgramArguments: mri_ca_normalize -all-info  ProgramVersion: 7.3.2  TimeStamp: 2026/04/04-11:10:27-GMT  BuildTime: Aug  4 2022 06:17:15  BuildStamp: freesurfer-linux-ubuntu22_x86_64-7.3.2-20220804-6354275  User: oesteban  Machine: dna070  Platform: Linux  PlatformVersion: 5.14.0-427.37.1.el9_4.x86_64  CompilerName: GCC  CompilerVersion: 8.4.0
ProgramName: mri_ca_register  ProgramArguments: mri_ca_register -all-info  ProgramVersion: 7.3.2  TimeStamp: 2026/04/04-11:10:27-GMT  BuildTime: Aug  4 2022 06:17:15  BuildStamp: freesurfer-linux-ubuntu22_x86_64-7.3.2-20220804-6354275  User: oesteban  Machine: dna070  Platform: Linux  PlatformVersion: 5.14.0-427.37.1.el9_4.x86_64  CompilerName: GCC  CompilerVersion: 8.4.0
ProgramName: mri_cc  ProgramArguments: mri_cc -all-info  ProgramVersion: 7.3.2  TimeStamp: 2026/04/04-11:10:27-GMT  BuildTime: Aug  4 2022 06:17:15  BuildStamp: freesurfer-linux-ubuntu22_x86_64-7.3.2-20220804-6354275  User: oesteban  Machine: dna070  Platform: Linux  PlatformVersion: 5.14.0-427.37.1.el9_4.x86_64  CompilerName: GCC  CompilerVersion: 8.4.0
ProgramName: mri_compute_overlap  ProgramArguments: mri_compute_overlap -all-info  ProgramVersion: 7.3.2  TimeStamp: 2026/04/04-11:10:27-GMT  BuildTime: Aug  4 2022 06:17:15  BuildStamp: freesurfer-linux-ubuntu22_x86_64-7.3.2-20220804-6354275  User: oesteban  Machine: dna070  Platform: Linux  PlatformVersion: 5.14.0-427.37.1.el9_4.x86_64  CompilerName: GCC  CompilerVersion: 8.4.0
ProgramName: mri_compute_seg_overlap  ProgramArguments: mri_compute_seg_overlap -all-info  ProgramVersion: 7.3.2  TimeStamp: 2026/04/04-11:10:27-GMT  BuildTime: Aug  4 2022 06:17:15  BuildStamp: freesurfer-linux-ubuntu22_x86_64-7.3.2-20220804-6354275  User: oesteban  Machine: dna070  Platform: Linux  PlatformVersion: 5.14.0-427.37.1.el9_4.x86_64  CompilerName: GCC  CompilerVersion: 8.4.0
ProgramName: mri_concat  ProgramArguments: mri_concat -all-info  ProgramVersion: 7.3.2  TimeStamp: 2026/04/04-11:10:27-GMT  BuildTime: Aug  4 2022 06:17:15  BuildStamp: freesurfer-linux-ubuntu22_x86_64-7.3.2-20220804-6354275  User: oesteban  Machine: dna070  Platform: Linux  PlatformVersion: 5.14.0-427.37.1.el9_4.x86_64  CompilerName: GCC  CompilerVersion: 8.4.0
ProgramName: mri_concatenate_lta  ProgramArguments: mri_concatenate_lta -all-info  ProgramVersion: 7.3.2  TimeStamp: 2026/04/04-11:10:27-GMT  BuildTime: Aug  4 2022 06:17:15  BuildStamp: freesurfer-linux-ubuntu22_x86_64-7.3.2-20220804-6354275  User: oesteban  Machine: dna070  Platform: Linux  PlatformVersion: 5.14.0-427.37.1.el9_4.x86_64  CompilerName: GCC  CompilerVersion: 8.4.0
mri_convert -all-info 
ProgramName: mri_convert  ProgramArguments: mri_convert -all-info  ProgramVersion: 7.3.2  TimeStamp: 2026/04/04-11:10:27-GMT  BuildTime: Aug  4 2022 06:17:15  BuildStamp: freesurfer-linux-ubuntu22_x86_64-7.3.2-20220804-6354275  User: oesteban  Machine: dna070  Platform: Linux  PlatformVersion: 5.14.0-427.37.1.el9_4.x86_64  CompilerName: GCC  CompilerVersion: 8.4.0
ProgramName: mri_diff  ProgramArguments: mri_diff -all-info  ProgramVersion: 7.3.2  TimeStamp: 2026/04/04-11:10:27-GMT  BuildTime: Aug  4 2022 06:17:15  BuildStamp: freesurfer-linux-ubuntu22_x86_64-7.3.2-20220804-6354275  User: oesteban  Machine: dna070  Platform: Linux  PlatformVersion: 5.14.0-427.37.1.el9_4.x86_64  CompilerName: GCC  CompilerVersion: 8.4.0
ProgramName: mri_edit_wm_with_aseg  ProgramArguments: mri_edit_wm_with_aseg -all-info  ProgramVersion: 7.3.2  TimeStamp: 2026/04/04-11:10:27-GMT  BuildTime: Aug  4 2022 06:17:15  BuildStamp: freesurfer-linux-ubuntu22_x86_64-7.3.2-20220804-6354275  User: oesteban  Machine: dna070  Platform: Linux  PlatformVersion: 5.14.0-427.37.1.el9_4.x86_64  CompilerName: GCC  CompilerVersion: 8.4.0
ProgramName: mri_em_register  ProgramArguments: mri_em_register -all-info  ProgramVersion: 7.3.2  TimeStamp: 2026/04/04-11:10:27-GMT  BuildTime: Aug  4 2022 06:17:15  BuildStamp: freesurfer-linux-ubuntu22_x86_64-7.3.2-20220804-6354275  User: oesteban  Machine: dna070  Platform: Linux  PlatformVersion: 5.14.0-427.37.1.el9_4.x86_64  CompilerName: GCC  CompilerVersion: 8.4.0
ProgramName: mri_fill  ProgramArguments: mri_fill -all-info  ProgramVersion: 7.3.2  TimeStamp: 2026/04/04-11:10:27-GMT  BuildTime: Aug  4 2022 06:17:15  BuildStamp: freesurfer-linux-ubuntu22_x86_64-7.3.2-20220804-6354275  User: oesteban  Machine: dna070  Platform: Linux  PlatformVersion: 5.14.0-427.37.1.el9_4.x86_64  CompilerName: GCC  CompilerVersion: 8.4.0
ProgramName: mri_fuse_segmentations  ProgramArguments: mri_fuse_segmentations -all-info  ProgramVersion: 7.3.2  TimeStamp: 2026/04/04-11:10:27-GMT  BuildTime: Aug  4 2022 06:17:15  BuildStamp: freesurfer-linux-ubuntu22_x86_64-7.3.2-20220804-6354275  User: oesteban  Machine: dna070  Platform: Linux  PlatformVersion: 5.14.0-427.37.1.el9_4.x86_64  CompilerName: GCC  CompilerVersion: 8.4.0
ProgramName: mri_fwhm  ProgramArguments: mri_fwhm -all-info  ProgramVersion: 7.3.2  TimeStamp: 2026/04/04-11:10:27-GMT  BuildTime: Aug  4 2022 06:17:15  BuildStamp: freesurfer-linux-ubuntu22_x86_64-7.3.2-20220804-6354275  User: oesteban  Machine: dna070  Platform: Linux  PlatformVersion: 5.14.0-427.37.1.el9_4.x86_64  CompilerName: GCC  CompilerVersion: 8.4.0
ProgramName: mri_gcut  ProgramArguments: mri_gcut -all-info  ProgramVersion: 7.3.2  TimeStamp: 2026/04/04-11:10:27-GMT  BuildTime: Aug  4 2022 06:17:15  BuildStamp: freesurfer-linux-ubuntu22_x86_64-7.3.2-20220804-6354275  User: oesteban  Machine: dna070  Platform: Linux  PlatformVersion: 5.14.0-427.37.1.el9_4.x86_64  CompilerName: GCC  CompilerVersion: 8.4.0
ProgramName: mri_info  ProgramArguments: mri_info -all-info  ProgramVersion: 7.3.2  TimeStamp: 2026/04/04-11:10:27-GMT  BuildTime: Aug  4 2022 06:17:15  BuildStamp: freesurfer-linux-ubuntu22_x86_64-7.3.2-20220804-6354275  User: oesteban  Machine: dna070  Platform: Linux  PlatformVersion: 5.14.0-427.37.1.el9_4.x86_64  CompilerName: GCC  CompilerVersion: 8.4.0
ProgramName: mri_label2label  ProgramArguments: mri_label2label -all-info  ProgramVersion: 7.3.2  TimeStamp: 2026/04/04-11:10:27-GMT  BuildTime: Aug  4 2022 06:17:15  BuildStamp: freesurfer-linux-ubuntu22_x86_64-7.3.2-20220804-6354275  User: oesteban  Machine: dna070  Platform: Linux  PlatformVersion: 5.14.0-427.37.1.el9_4.x86_64  CompilerName: GCC  CompilerVersion: 8.4.0
ProgramName: mri_label2vol  ProgramArguments: mri_label2vol -all-info  ProgramVersion: 7.3.2  TimeStamp: 2026/04/04-11:10:27-GMT  BuildTime: Aug  4 2022 06:17:15  BuildStamp: freesurfer-linux-ubuntu22_x86_64-7.3.2-20220804-6354275  User: oesteban  Machine: dna070  Platform: Linux  PlatformVersion: 5.14.0-427.37.1.el9_4.x86_64  CompilerName: GCC  CompilerVersion: 8.4.0
ProgramName: mri_log_likelihood  ProgramArguments: mri_log_likelihood -all-info  ProgramVersion: 7.3.2  TimeStamp: 2026/04/04-11:10:27-GMT  BuildTime: Aug  4 2022 06:17:15  BuildStamp: freesurfer-linux-ubuntu22_x86_64-7.3.2-20220804-6354275  User: oesteban  Machine: dna070  Platform: Linux  PlatformVersion: 5.14.0-427.37.1.el9_4.x86_64  CompilerName: GCC  CompilerVersion: 8.4.0
ProgramName: mri_mask  ProgramArguments: mri_mask -all-info  ProgramVersion: 7.3.2  TimeStamp: 2026/04/04-11:10:27-GMT  BuildTime: Aug  4 2022 06:17:15  BuildStamp: freesurfer-linux-ubuntu22_x86_64-7.3.2-20220804-6354275  User: oesteban  Machine: dna070  Platform: Linux  PlatformVersion: 5.14.0-427.37.1.el9_4.x86_64  CompilerName: GCC  CompilerVersion: 8.4.0
ProgramName: mri_matrix_multiply  ProgramArguments: mri_matrix_multiply -all-info  ProgramVersion: 7.3.2  TimeStamp: 2026/04/04-11:10:27-GMT  BuildTime: Aug  4 2022 06:17:15  BuildStamp: freesurfer-linux-ubuntu22_x86_64-7.3.2-20220804-6354275  User: oesteban  Machine: dna070  Platform: Linux  PlatformVersion: 5.14.0-427.37.1.el9_4.x86_64  CompilerName: GCC  CompilerVersion: 8.4.0
ProgramName: mri_normalize  ProgramArguments: mri_normalize -all-info  ProgramVersion: 7.3.2  TimeStamp: 2026/04/04-11:10:27-GMT  BuildTime: Aug  4 2022 06:17:15  BuildStamp: freesurfer-linux-ubuntu22_x86_64-7.3.2-20220804-6354275  User: oesteban  Machine: dna070  Platform: Linux  PlatformVersion: 5.14.0-427.37.1.el9_4.x86_64  CompilerName: GCC  CompilerVersion: 8.4.0
ProgramName: mri_normalize_tp2  ProgramArguments: mri_normalize_tp2 -all-info  ProgramVersion: 7.3.2  TimeStamp: 2026/04/04-11:10:27-GMT  BuildTime: Aug  4 2022 06:17:15  BuildStamp: freesurfer-linux-ubuntu22_x86_64-7.3.2-20220804-6354275  User: oesteban  Machine: dna070  Platform: Linux  PlatformVersion: 5.14.0-427.37.1.el9_4.x86_64  CompilerName: GCC  CompilerVersion: 8.4.0
ProgramName: mri_or  ProgramArguments: mri_or -all-info  ProgramVersion: 7.3.2  TimeStamp: 2026/04/04-11:10:27-GMT  BuildTime: Aug  4 2022 06:17:15  BuildStamp: freesurfer-linux-ubuntu22_x86_64-7.3.2-20220804-6354275  User: oesteban  Machine: dna070  Platform: Linux  PlatformVersion: 5.14.0-427.37.1.el9_4.x86_64  CompilerName: GCC  CompilerVersion: 8.4.0
ProgramName: mri_relabel_hypointensities  ProgramArguments: mri_relabel_hypointensities -all-info  ProgramVersion: 7.3.2  TimeStamp: 2026/04/04-11:10:27-GMT  BuildTime: Aug  4 2022 06:17:15  BuildStamp: freesurfer-linux-ubuntu22_x86_64-7.3.2-20220804-6354275  User: oesteban  Machine: dna070  Platform: Linux  PlatformVersion: 5.14.0-427.37.1.el9_4.x86_64  CompilerName: GCC  CompilerVersion: 8.4.0
ProgramName: mri_relabel_nonwm_hypos  ProgramArguments: mri_relabel_nonwm_hypos -all-info  ProgramVersion: 7.3.2  TimeStamp: 2026/04/04-11:10:27-GMT  BuildTime: Aug  4 2022 06:17:15  BuildStamp: freesurfer-linux-ubuntu22_x86_64-7.3.2-20220804-6354275  User: oesteban  Machine: dna070  Platform: Linux  PlatformVersion: 5.14.0-427.37.1.el9_4.x86_64  CompilerName: GCC  CompilerVersion: 8.4.0
ProgramName: mri_remove_neck  ProgramArguments: mri_remove_neck -all-info  ProgramVersion: 7.3.2  TimeStamp: 2026/04/04-11:10:27-GMT  BuildTime: Aug  4 2022 06:17:15  BuildStamp: freesurfer-linux-ubuntu22_x86_64-7.3.2-20220804-6354275  User: oesteban  Machine: dna070  Platform: Linux  PlatformVersion: 5.14.0-427.37.1.el9_4.x86_64  CompilerName: GCC  CompilerVersion: 8.4.0
7.3.2

ProgramName: mri_robust_register  ProgramArguments: mri_robust_register -all-info  ProgramVersion: 7.3.2  TimeStamp: 2026/04/04-11:10:27-GMT  BuildTime: Aug  4 2022 06:17:15  BuildStamp: freesurfer-linux-ubuntu22_x86_64-7.3.2-20220804-6354275  User: oesteban  Machine: dna070  Platform: Linux  PlatformVersion: 5.14.0-427.37.1.el9_4.x86_64  CompilerName: GCC  CompilerVersion: 8.4.0
7.3.2

ProgramName: mri_robust_template  ProgramArguments: mri_robust_template -all-info  ProgramVersion: 7.3.2  TimeStamp: 2026/04/04-11:10:27-GMT  BuildTime: Aug  4 2022 06:17:15  BuildStamp: freesurfer-linux-ubuntu22_x86_64-7.3.2-20220804-6354275  User: oesteban  Machine: dna070  Platform: Linux  PlatformVersion: 5.14.0-427.37.1.el9_4.x86_64  CompilerName: GCC  CompilerVersion: 8.4.0
ProgramName: mris_anatomical_stats  ProgramArguments: mris_anatomical_stats -all-info  ProgramVersion: 7.3.2  TimeStamp: 2026/04/04-11:10:27-GMT  BuildTime: Aug  4 2022 06:17:15  BuildStamp: freesurfer-linux-ubuntu22_x86_64-7.3.2-20220804-6354275  User: oesteban  Machine: dna070  Platform: Linux  PlatformVersion: 5.14.0-427.37.1.el9_4.x86_64  CompilerName: GCC  CompilerVersion: 8.4.0
ProgramName: mris_ca_label  ProgramArguments: mris_ca_label -all-info  ProgramVersion: 7.3.2  TimeStamp: 2026/04/04-11:10:27-GMT  BuildTime: Aug  4 2022 06:17:15  BuildStamp: freesurfer-linux-ubuntu22_x86_64-7.3.2-20220804-6354275  User: oesteban  Machine: dna070  Platform: Linux  PlatformVersion: 5.14.0-427.37.1.el9_4.x86_64  CompilerName: GCC  CompilerVersion: 8.4.0
ProgramName: mris_calc  ProgramArguments: mris_calc -all-info  ProgramVersion: 7.3.2  TimeStamp: 2026/04/04-11:10:27-GMT  BuildTime: Aug  4 2022 06:17:15  BuildStamp: freesurfer-linux-ubuntu22_x86_64-7.3.2-20220804-6354275  User: oesteban  Machine: dna070  Platform: Linux  PlatformVersion: 5.14.0-427.37.1.el9_4.x86_64  CompilerName: GCC  CompilerVersion: 8.4.0
ProgramName: mris_convert  ProgramArguments: mris_convert -all-info  ProgramVersion: 7.3.2  TimeStamp: 2026/04/04-11:10:27-GMT  BuildTime: Aug  4 2022 06:17:15  BuildStamp: freesurfer-linux-ubuntu22_x86_64-7.3.2-20220804-6354275  User: oesteban  Machine: dna070  Platform: Linux  PlatformVersion: 5.14.0-427.37.1.el9_4.x86_64  CompilerName: GCC  CompilerVersion: 8.4.0
ProgramName: mris_curvature  ProgramArguments: mris_curvature -all-info  ProgramVersion: 7.3.2  TimeStamp: 2026/04/04-11:10:27-GMT  BuildTime: Aug  4 2022 06:17:15  BuildStamp: freesurfer-linux-ubuntu22_x86_64-7.3.2-20220804-6354275  User: oesteban  Machine: dna070  Platform: Linux  PlatformVersion: 5.14.0-427.37.1.el9_4.x86_64  CompilerName: GCC  CompilerVersion: 8.4.0
ProgramName: mris_curvature_stats  ProgramArguments: mris_curvature_stats -all-info  ProgramVersion: 7.3.2  TimeStamp: 2026/04/04-11:10:27-GMT  BuildTime: Aug  4 2022 06:17:15  BuildStamp: freesurfer-linux-ubuntu22_x86_64-7.3.2-20220804-6354275  User: oesteban  Machine: dna070  Platform: Linux  PlatformVersion: 5.14.0-427.37.1.el9_4.x86_64  CompilerName: GCC  CompilerVersion: 8.4.0
ProgramName: mris_diff  ProgramArguments: mris_diff -all-info  ProgramVersion: 7.3.2  TimeStamp: 2026/04/04-11:10:27-GMT  BuildTime: Aug  4 2022 06:17:15  BuildStamp: freesurfer-linux-ubuntu22_x86_64-7.3.2-20220804-6354275  User: oesteban  Machine: dna070  Platform: Linux  PlatformVersion: 5.14.0-427.37.1.el9_4.x86_64  CompilerName: GCC  CompilerVersion: 8.4.0
ProgramName: mris_divide_parcellation  ProgramArguments: mris_divide_parcellation -all-info  ProgramVersion: 7.3.2  TimeStamp: 2026/04/04-11:10:27-GMT  BuildTime: Aug  4 2022 06:17:15  BuildStamp: freesurfer-linux-ubuntu22_x86_64-7.3.2-20220804-6354275  User: oesteban  Machine: dna070  Platform: Linux  PlatformVersion: 5.14.0-427.37.1.el9_4.x86_64  CompilerName: GCC  CompilerVersion: 8.4.0
ProgramName: mri_segment  ProgramArguments: mri_segment -all-info  ProgramVersion: 7.3.2  TimeStamp: 2026/04/04-11:10:27-GMT  BuildTime: Aug  4 2022 06:17:15  BuildStamp: freesurfer-linux-ubuntu22_x86_64-7.3.2-20220804-6354275  User: oesteban  Machine: dna070  Platform: Linux  PlatformVersion: 5.14.0-427.37.1.el9_4.x86_64  CompilerName: GCC  CompilerVersion: 8.4.0
ProgramName: mri_segstats  ProgramArguments: mri_segstats -all-info  ProgramVersion: 7.3.2  TimeStamp: 2026/04/04-11:10:27-GMT  BuildTime: Aug  4 2022 06:17:15  BuildStamp: freesurfer-linux-ubuntu22_x86_64-7.3.2-20220804-6354275  User: oesteban  Machine: dna070  Platform: Linux  PlatformVersion: 5.14.0-427.37.1.el9_4.x86_64  CompilerName: GCC  CompilerVersion: 8.4.0
ProgramName: mris_euler_number  ProgramArguments: mris_euler_number -all-info  ProgramVersion: 7.3.2  TimeStamp: 2026/04/04-11:10:27-GMT  BuildTime: Aug  4 2022 06:17:15  BuildStamp: freesurfer-linux-ubuntu22_x86_64-7.3.2-20220804-6354275  User: oesteban  Machine: dna070  Platform: Linux  PlatformVersion: 5.14.0-427.37.1.el9_4.x86_64  CompilerName: GCC  CompilerVersion: 8.4.0
ProgramName: mris_fix_topology  ProgramArguments: mris_fix_topology -all-info  ProgramVersion: 7.3.2  TimeStamp: 2026/04/04-11:10:27-GMT  BuildTime: Aug  4 2022 06:17:15  BuildStamp: freesurfer-linux-ubuntu22_x86_64-7.3.2-20220804-6354275  User: oesteban  Machine: dna070  Platform: Linux  PlatformVersion: 5.14.0-427.37.1.el9_4.x86_64  CompilerName: GCC  CompilerVersion: 8.4.0
ProgramName: mris_topo_fixer  ProgramArguments: mris_topo_fixer -all-info  ProgramVersion: 7.3.2  TimeStamp: 2026/04/04-11:10:27-GMT  BuildTime: Aug  4 2022 06:17:15  BuildStamp: freesurfer-linux-ubuntu22_x86_64-7.3.2-20220804-6354275  User: oesteban  Machine: dna070  Platform: Linux  PlatformVersion: 5.14.0-427.37.1.el9_4.x86_64  CompilerName: GCC  CompilerVersion: 8.4.0
ProgramName: mris_jacobian  ProgramArguments: mris_jacobian -all-info  ProgramVersion: 7.3.2  TimeStamp: 2026/04/04-11:10:27-GMT  BuildTime: Aug  4 2022 06:17:15  BuildStamp: freesurfer-linux-ubuntu22_x86_64-7.3.2-20220804-6354275  User: oesteban  Machine: dna070  Platform: Linux  PlatformVersion: 5.14.0-427.37.1.el9_4.x86_64  CompilerName: GCC  CompilerVersion: 8.4.0
ProgramName: mris_label2annot  ProgramArguments: mris_label2annot -all-info  ProgramVersion: 7.3.2  TimeStamp: 2026/04/04-11:10:27-GMT  BuildTime: Aug  4 2022 06:17:15  BuildStamp: freesurfer-linux-ubuntu22_x86_64-7.3.2-20220804-6354275  User: oesteban  Machine: dna070  Platform: Linux  PlatformVersion: 5.14.0-427.37.1.el9_4.x86_64  CompilerName: GCC  CompilerVersion: 8.4.0
ProgramName: mris_left_right_register  ProgramArguments: mris_left_right_register -all-info  ProgramVersion: 7.3.2  TimeStamp: 2026/04/04-11:10:27-GMT  BuildTime: Aug  4 2022 06:17:15  BuildStamp: freesurfer-linux-ubuntu22_x86_64-7.3.2-20220804-6354275  User: oesteban  Machine: dna070  Platform: Linux  PlatformVersion: 5.14.0-427.37.1.el9_4.x86_64  CompilerName: GCC  CompilerVersion: 8.4.0
ProgramName: mris_place_surface  ProgramArguments: mris_place_surface -all-info  ProgramVersion: 7.3.2  TimeStamp: 2026/04/04-11:10:27-GMT  BuildTime: Aug  4 2022 06:17:15  BuildStamp: freesurfer-linux-ubuntu22_x86_64-7.3.2-20220804-6354275  User: oesteban  Machine: dna070  Platform: Linux  PlatformVersion: 5.14.0-427.37.1.el9_4.x86_64  CompilerName: GCC  CompilerVersion: 8.4.0
ProgramName: mrisp_paint  ProgramArguments: mrisp_paint -all-info  ProgramVersion: 7.3.2  TimeStamp: 2026/04/04-11:10:27-GMT  BuildTime: Aug  4 2022 06:17:15  BuildStamp: freesurfer-linux-ubuntu22_x86_64-7.3.2-20220804-6354275  User: oesteban  Machine: dna070  Platform: Linux  PlatformVersion: 5.14.0-427.37.1.el9_4.x86_64  CompilerName: GCC  CompilerVersion: 8.4.0
ProgramName: mris_register  ProgramArguments: mris_register -all-info  ProgramVersion: 7.3.2  TimeStamp: 2026/04/04-11:10:27-GMT  BuildTime: Aug  4 2022 06:17:15  BuildStamp: freesurfer-linux-ubuntu22_x86_64-7.3.2-20220804-6354275  User: oesteban  Machine: dna070  Platform: Linux  PlatformVersion: 5.14.0-427.37.1.el9_4.x86_64  CompilerName: GCC  CompilerVersion: 8.4.0
ProgramName: mris_smooth  ProgramArguments: mris_smooth -all-info  ProgramVersion: 7.3.2  TimeStamp: 2026/04/04-11:10:27-GMT  BuildTime: Aug  4 2022 06:17:15  BuildStamp: freesurfer-linux-ubuntu22_x86_64-7.3.2-20220804-6354275  User: oesteban  Machine: dna070  Platform: Linux  PlatformVersion: 5.14.0-427.37.1.el9_4.x86_64  CompilerName: GCC  CompilerVersion: 8.4.0
ProgramName: mris_sphere  ProgramArguments: mris_sphere -all-info  ProgramVersion: 7.3.2  TimeStamp: 2026/04/04-11:10:27-GMT  BuildTime: Aug  4 2022 06:17:15  BuildStamp: freesurfer-linux-ubuntu22_x86_64-7.3.2-20220804-6354275  User: oesteban  Machine: dna070  Platform: Linux  PlatformVersion: 5.14.0-427.37.1.el9_4.x86_64  CompilerName: GCC  CompilerVersion: 8.4.0
ProgramName: mris_surface_stats  ProgramArguments: mris_surface_stats -all-info  ProgramVersion: 7.3.2  TimeStamp: 2026/04/04-11:10:27-GMT  BuildTime: Aug  4 2022 06:17:15  BuildStamp: freesurfer-linux-ubuntu22_x86_64-7.3.2-20220804-6354275  User: oesteban  Machine: dna070  Platform: Linux  PlatformVersion: 5.14.0-427.37.1.el9_4.x86_64  CompilerName: GCC  CompilerVersion: 8.4.0
ProgramName: mri_stats2seg  ProgramArguments: mri_stats2seg -all-info  ProgramVersion: 7.3.2  TimeStamp: 2026/04/04-11:10:27-GMT  BuildTime: Aug  4 2022 06:17:15  BuildStamp: freesurfer-linux-ubuntu22_x86_64-7.3.2-20220804-6354275  User: oesteban  Machine: dna070  Platform: Linux  PlatformVersion: 5.14.0-427.37.1.el9_4.x86_64  CompilerName: GCC  CompilerVersion: 8.4.0
ProgramName: mris_thickness  ProgramArguments: mris_thickness -all-info  ProgramVersion: 7.3.2  TimeStamp: 2026/04/04-11:10:27-GMT  BuildTime: Aug  4 2022 06:17:15  BuildStamp: freesurfer-linux-ubuntu22_x86_64-7.3.2-20220804-6354275  User: oesteban  Machine: dna070  Platform: Linux  PlatformVersion: 5.14.0-427.37.1.el9_4.x86_64  CompilerName: GCC  CompilerVersion: 8.4.0
ProgramName: mris_thickness_diff  ProgramArguments: mris_thickness_diff -all-info  ProgramVersion: 7.3.2  TimeStamp: 2026/04/04-11:10:27-GMT  BuildTime: Aug  4 2022 06:17:15  BuildStamp: freesurfer-linux-ubuntu22_x86_64-7.3.2-20220804-6354275  User: oesteban  Machine: dna070  Platform: Linux  PlatformVersion: 5.14.0-427.37.1.el9_4.x86_64  CompilerName: GCC  CompilerVersion: 8.4.0
ProgramName: mris_topo_fixer  ProgramArguments: mris_topo_fixer -all-info  ProgramVersion: 7.3.2  TimeStamp: 2026/04/04-11:10:27-GMT  BuildTime: Aug  4 2022 06:17:15  BuildStamp: freesurfer-linux-ubuntu22_x86_64-7.3.2-20220804-6354275  User: oesteban  Machine: dna070  Platform: Linux  PlatformVersion: 5.14.0-427.37.1.el9_4.x86_64  CompilerName: GCC  CompilerVersion: 8.4.0
ProgramName: mri_surf2surf  ProgramArguments: mri_surf2surf -all-info  ProgramVersion: 7.3.2  TimeStamp: 2026/04/04-11:10:27-GMT  BuildTime: Aug  4 2022 06:17:15  BuildStamp: freesurfer-linux-ubuntu22_x86_64-7.3.2-20220804-6354275  User: oesteban  Machine: dna070  Platform: Linux  PlatformVersion: 5.14.0-427.37.1.el9_4.x86_64  CompilerName: GCC  CompilerVersion: 8.4.0
ProgramName: mri_surf2vol  ProgramArguments: mri_surf2vol -all-info  ProgramVersion: 7.3.2  TimeStamp: 2026/04/04-11:10:27-GMT  BuildTime: Aug  4 2022 06:17:15  BuildStamp: freesurfer-linux-ubuntu22_x86_64-7.3.2-20220804-6354275  User: oesteban  Machine: dna070  Platform: Linux  PlatformVersion: 5.14.0-427.37.1.el9_4.x86_64  CompilerName: GCC  CompilerVersion: 8.4.0
ProgramName: mri_surfcluster  ProgramArguments: mri_surfcluster -all-info  ProgramVersion: 7.3.2  TimeStamp: 2026/04/04-11:10:27-GMT  BuildTime: Aug  4 2022 06:17:15  BuildStamp: freesurfer-linux-ubuntu22_x86_64-7.3.2-20220804-6354275  User: oesteban  Machine: dna070  Platform: Linux  PlatformVersion: 5.14.0-427.37.1.el9_4.x86_64  CompilerName: GCC  CompilerVersion: 8.4.0
ProgramName: mris_volmask  ProgramArguments: mris_volmask -all-info  ProgramVersion: 7.3.2  TimeStamp: 2026/04/04-11:10:27-GMT  BuildTime: Aug  4 2022 06:17:15  BuildStamp: freesurfer-linux-ubuntu22_x86_64-7.3.2-20220804-6354275  User: oesteban  Machine: dna070  Platform: Linux  PlatformVersion: 5.14.0-427.37.1.el9_4.x86_64  CompilerName: GCC  CompilerVersion: 8.4.0
ProgramName: mri_tessellate  ProgramArguments: mri_tessellate -all-info  ProgramVersion: 7.3.2  TimeStamp: 2026/04/04-11:10:27-GMT  BuildTime: Aug  4 2022 06:17:15  BuildStamp: freesurfer-linux-ubuntu22_x86_64-7.3.2-20220804-6354275  User: oesteban  Machine: dna070  Platform: Linux  PlatformVersion: 5.14.0-427.37.1.el9_4.x86_64  CompilerName: GCC  CompilerVersion: 8.4.0
ProgramName: mri_vol2surf  ProgramArguments: mri_vol2surf -all-info  ProgramVersion: 7.3.2  TimeStamp: 2026/04/04-11:10:27-GMT  BuildTime: Aug  4 2022 06:17:15  BuildStamp: freesurfer-linux-ubuntu22_x86_64-7.3.2-20220804-6354275  User: oesteban  Machine: dna070  Platform: Linux  PlatformVersion: 5.14.0-427.37.1.el9_4.x86_64  CompilerName: GCC  CompilerVersion: 8.4.0
ProgramName: mri_vol2vol  ProgramArguments: mri_vol2vol -all-info  ProgramVersion: 7.3.2  TimeStamp: 2026/04/04-11:10:27-GMT  BuildTime: Aug  4 2022 06:17:15  BuildStamp: freesurfer-linux-ubuntu22_x86_64-7.3.2-20220804-6354275  User: oesteban  Machine: dna070  Platform: Linux  PlatformVersion: 5.14.0-427.37.1.el9_4.x86_64  CompilerName: GCC  CompilerVersion: 8.4.0
ProgramName: mri_voldiff  ProgramArguments: mri_voldiff -all-info  ProgramVersion: 7.3.2  TimeStamp: 2026/04/04-11:10:27-GMT  BuildTime: Aug  4 2022 06:17:15  BuildStamp: freesurfer-linux-ubuntu22_x86_64-7.3.2-20220804-6354275  User: oesteban  Machine: dna070  Platform: Linux  PlatformVersion: 5.14.0-427.37.1.el9_4.x86_64  CompilerName: GCC  CompilerVersion: 8.4.0
ProgramName: mri_watershed  ProgramArguments: mri_watershed -all-info  ProgramVersion: 7.3.2  TimeStamp: 2026/04/04-11:10:27-GMT  BuildTime: Aug  4 2022 06:17:15  BuildStamp: freesurfer-linux-ubuntu22_x86_64-7.3.2-20220804-6354275  User: oesteban  Machine: dna070  Platform: Linux  PlatformVersion: 5.14.0-427.37.1.el9_4.x86_64  CompilerName: GCC  CompilerVersion: 8.4.0
ProgramName: tkregister2  ProgramArguments: tkregister2_cmdl -all-info  ProgramVersion: 7.3.2  TimeStamp: 2026/04/04-11:10:27-GMT  BuildTime: Aug  4 2022 06:17:15  BuildStamp: freesurfer-linux-ubuntu22_x86_64-7.3.2-20220804-6354275  User: oesteban  Machine: dna070  Platform: Linux  PlatformVersion: 5.14.0-427.37.1.el9_4.x86_64  CompilerName: GCC  CompilerVersion: 8.4.0
mri_motion_correct.fsl 7.3.2
mri_convert -all-info 
ProgramName: mri_convert  ProgramArguments: mri_convert -all-info  ProgramVersion: 7.3.2  TimeStamp: 2026/04/04-11:10:27-GMT  BuildTime: Aug  4 2022 06:17:15  BuildStamp: freesurfer-linux-ubuntu22_x86_64-7.3.2-20220804-6354275  User: oesteban  Machine: dna070  Platform: Linux  PlatformVersion: 5.14.0-427.37.1.el9_4.x86_64  CompilerName: GCC  CompilerVersion: 8.4.0
Program nu_correct, built from:
Package MNI N3, version 1.12.0, compiled by nicks@terrier (x86_64-unknown-linux-gnu) on 2015-06-19 at 01:25:34
#######################################
GCADIR /opt/freesurfer/average
GCA RB_all_2020-01-02.gca
GCASkull RB_all_withskull_2020_01_02.gca
AvgCurvTif folding.atlas.acfb40.noaparc.i12.2016-08-02.tif
GCSDIR /opt/freesurfer/average
GCS DKaparc.atlas.acfb40.noaparc.i12.2016-08-02.gcs
#######################################
#@# white curv lh Sat Apr  4 13:10:27 CEST 2026
cd /out/sourcedata/freesurfer/sub-v1s12x0050109_ses-1/mri
mris_place_surface --curv-map ../surf/lh.white 2 10 ../surf/lh.curv
   Update not needed
#@# white area lh Sat Apr  4 13:10:27 CEST 2026
cd /out/sourcedata/freesurfer/sub-v1s12x0050109_ses-1/mri
mris_place_surface --area-map ../surf/lh.white ../surf/lh.area
   Update not needed
#@# pial curv lh Sat Apr  4 13:10:27 CEST 2026
cd /out/sourcedata/freesurfer/sub-v1s12x0050109_ses-1/mri
mris_place_surface --curv-map ../surf/lh.pial 2 10 ../surf/lh.curv.pial
   Update not needed
#@# pial area lh Sat Apr  4 13:10:27 CEST 2026
cd /out/sourcedata/freesurfer/sub-v1s12x0050109_ses-1/mri
mris_place_surface --area-map ../surf/lh.pial ../surf/lh.area.pial
   Update not needed
#@# thickness lh Sat Apr  4 13:10:27 CEST 2026
cd /out/sourcedata/freesurfer/sub-v1s12x0050109_ses-1/mri
mris_place_surface --thickness ../surf/lh.white ../surf/lh.pial 20 5 ../surf/lh.thickness
   Update not needed
#@# area and vertex vol lh Sat Apr  4 13:10:27 CEST 2026
cd /out/sourcedata/freesurfer/sub-v1s12x0050109_ses-1/mri
mris_place_surface --thickness ../surf/lh.white ../surf/lh.pial 20 5 ../surf/lh.thickness
   Update not needed
#@# white curv rh Sat Apr  4 13:10:27 CEST 2026
cd /out/sourcedata/freesurfer/sub-v1s12x0050109_ses-1/mri
mris_place_surface --curv-map ../surf/rh.white 2 10 ../surf/rh.curv
   Update not needed
#@# white area rh Sat Apr  4 13:10:27 CEST 2026
cd /out/sourcedata/freesurfer/sub-v1s12x0050109_ses-1/mri
mris_place_surface --area-map ../surf/rh.white ../surf/rh.area
   Update not needed
#@# pial curv rh Sat Apr  4 13:10:27 CEST 2026
cd /out/sourcedata/freesurfer/sub-v1s12x0050109_ses-1/mri
mris_place_surface --curv-map ../surf/rh.pial 2 10 ../surf/rh.curv.pial
   Update not needed
#@# pial area rh Sat Apr  4 13:10:27 CEST 2026
cd /out/sourcedata/freesurfer/sub-v1s12x0050109_ses-1/mri
mris_place_surface --area-map ../surf/rh.pial ../surf/rh.area.pial
   Update not needed
#@# thickness rh Sat Apr  4 13:10:27 CEST 2026
cd /out/sourcedata/freesurfer/sub-v1s12x0050109_ses-1/mri
mris_place_surface --thickness ../surf/rh.white ../surf/rh.pial 20 5 ../surf/rh.thickness
   Update not needed
#@# area and vertex vol rh Sat Apr  4 13:10:27 CEST 2026
cd /out/sourcedata/freesurfer/sub-v1s12x0050109_ses-1/mri
mris_place_surface --thickness ../surf/rh.white ../surf/rh.pial 20 5 ../surf/rh.thickness
   Update not needed
#--------------------------------------------
#@# Cortical ribbon mask Sat Apr  4 13:10:27 CEST 2026
/out/sourcedata/freesurfer/sub-v1s12x0050109_ses-1/mri

 mris_volmask --aseg_name aseg.presurf --label_left_white 2 --label_left_ribbon 3 --label_right_white 41 --label_right_ribbon 42 --save_ribbon sub-v1s12x0050109_ses-1 

SUBJECTS_DIR is /out/sourcedata/freesurfer
loading input data...
Running hemis serially
Processing left hemi
computing distance to left white surface 
computing distance to left pial surface 
Processing right hemi
computing distance to right white surface 
computing distance to right pial surface 
 hemi masks overlap voxels = 285
writing volume /out/sourcedata/freesurfer/sub-v1s12x0050109_ses-1/mri/ribbon.mgz
mris_volmask took 2.90 minutes
 writing ribbon files

Started at Sat Apr 4 13:10:27 CEST 2026 
Ended   at Sat Apr 4 13:13:21 CEST 2026
#@#%# recon-all-run-time-hours 0.048
recon-all -s sub-v1s12x0050109_ses-1 finished without error at Sat Apr  4 13:13:21 CEST 2026



#New# invocation of recon-all 




Sat Apr  4 13:18:05 CEST 2026
cd /out/sourcedata/freesurfer/sub-v1s12x0050109_ses-1
setenv SUBJECTS_DIR /out/sourcedata/freesurfer
/opt/freesurfer/bin/recon-all -autorecon3 -openmp 16 -subjid sub-v1s12x0050109_ses-1 -sd /out/sourcedata/freesurfer -nosphere -nosurfreg -nojacobian_white -noavgcurv -nocortparc -nopial -noparcstats -nocortparc2 -noparcstats2 -nocortparc3 -noparcstats3 -nopctsurfcon -nocortribbon -nobalabels

subjid sub-v1s12x0050109_ses-1
setenv SUBJECTS_DIR /out/sourcedata/freesurfer
FREESURFER_HOME /opt/freesurfer
Actual FREESURFER_HOME /opt/freesurfer
build-stamp.txt: freesurfer-linux-ubuntu22_x86_64-7.3.2-20220804-6354275
Linux dna070 5.14.0-427.37.1.el9_4.x86_64 #1 SMP PREEMPT_DYNAMIC Fri Sep 13 12:41:50 EDT 2024 x86_64 x86_64 x86_64 GNU/Linux
cputime      unlimited
filesize     unlimited
datasize     unlimited
stacksize    8192 kbytes
coredumpsize 0 kbytes
memoryuse    67108864 kbytes
vmemoryuse   unlimited
descriptors  1024 
memorylocked unlimited
maxproc      2061970 
maxlocks     unlimited
maxsignal    2062029 
maxmessage   819200 
maxnice      0 
maxrtprio    0 
maxrttime    unlimited

               total        used        free      shared  buff/cache   available
Mem:           503Gi        47Gi       283Gi        16Gi       172Gi       435Gi
Swap:             0B          0B          0B

########################################
program versions used
7.3.2 (freesurfer-linux-ubuntu22_x86_64-7.3.2-20220804-6354275)
7.3.2

ProgramName: lta_convert  ProgramArguments: lta_convert -all-info  ProgramVersion: 7.3.2  TimeStamp: 2026/04/04-11:18:05-GMT  BuildTime: Aug  4 2022 06:17:15  BuildStamp: freesurfer-linux-ubuntu22_x86_64-7.3.2-20220804-6354275  User: oesteban  Machine: dna070  Platform: Linux  PlatformVersion: 5.14.0-427.37.1.el9_4.x86_64  CompilerName: GCC  CompilerVersion: 8.4.0
ProgramName: mri_and  ProgramArguments: mri_and -all-info  ProgramVersion: 7.3.2  TimeStamp: 2026/04/04-11:18:05-GMT  BuildTime: Aug  4 2022 06:17:15  BuildStamp: freesurfer-linux-ubuntu22_x86_64-7.3.2-20220804-6354275  User: oesteban  Machine: dna070  Platform: Linux  PlatformVersion: 5.14.0-427.37.1.el9_4.x86_64  CompilerName: GCC  CompilerVersion: 8.4.0
ProgramName: mri_annotation2label  ProgramArguments: mri_annotation2label -all-info  ProgramVersion: 7.3.2  TimeStamp: 2026/04/04-11:18:05-GMT  BuildTime: Aug  4 2022 06:17:15  BuildStamp: freesurfer-linux-ubuntu22_x86_64-7.3.2-20220804-6354275  User: oesteban  Machine: dna070  Platform: Linux  PlatformVersion: 5.14.0-427.37.1.el9_4.x86_64  CompilerName: GCC  CompilerVersion: 8.4.0
ProgramName: mri_aparc2aseg  ProgramArguments: mri_aparc2aseg -all-info  ProgramVersion: 7.3.2  TimeStamp: 2026/04/04-11:18:05-GMT  BuildTime: Aug  4 2022 06:17:15  BuildStamp: freesurfer-linux-ubuntu22_x86_64-7.3.2-20220804-6354275  User: oesteban  Machine: dna070  Platform: Linux  PlatformVersion: 5.14.0-427.37.1.el9_4.x86_64  CompilerName: GCC  CompilerVersion: 8.4.0
ProgramName: mri_surf2volseg  ProgramArguments: mri_surf2volseg -all-info  ProgramVersion: 7.3.2  TimeStamp: 2026/04/04-11:18:05-GMT  BuildTime: Aug  4 2022 06:17:15  BuildStamp: freesurfer-linux-ubuntu22_x86_64-7.3.2-20220804-6354275  User: oesteban  Machine: dna070  Platform: Linux  PlatformVersion: 5.14.0-427.37.1.el9_4.x86_64  CompilerName: GCC  CompilerVersion: 8.4.0
ProgramName: mri_binarize  ProgramArguments: mri_binarize -all-info  ProgramVersion: 7.3.2  TimeStamp: 2026/04/04-11:18:05-GMT  BuildTime: Aug  4 2022 06:17:15  BuildStamp: freesurfer-linux-ubuntu22_x86_64-7.3.2-20220804-6354275  User: oesteban  Machine: dna070  Platform: Linux  PlatformVersion: 5.14.0-427.37.1.el9_4.x86_64  CompilerName: GCC  CompilerVersion: 8.4.0
ProgramName: mri_ca_label  ProgramArguments: mri_ca_label -all-info  ProgramVersion: 7.3.2  TimeStamp: 2026/04/04-11:18:05-GMT  BuildTime: Aug  4 2022 06:17:15  BuildStamp: freesurfer-linux-ubuntu22_x86_64-7.3.2-20220804-6354275  User: oesteban  Machine: dna070  Platform: Linux  PlatformVersion: 5.14.0-427.37.1.el9_4.x86_64  CompilerName: GCC  CompilerVersion: 8.4.0
ProgramName: mri_ca_normalize  ProgramArguments: mri_ca_normalize -all-info  ProgramVersion: 7.3.2  TimeStamp: 2026/04/04-11:18:05-GMT  BuildTime: Aug  4 2022 06:17:15  BuildStamp: freesurfer-linux-ubuntu22_x86_64-7.3.2-20220804-6354275  User: oesteban  Machine: dna070  Platform: Linux  PlatformVersion: 5.14.0-427.37.1.el9_4.x86_64  CompilerName: GCC  CompilerVersion: 8.4.0
ProgramName: mri_ca_register  ProgramArguments: mri_ca_register -all-info  ProgramVersion: 7.3.2  TimeStamp: 2026/04/04-11:18:05-GMT  BuildTime: Aug  4 2022 06:17:15  BuildStamp: freesurfer-linux-ubuntu22_x86_64-7.3.2-20220804-6354275  User: oesteban  Machine: dna070  Platform: Linux  PlatformVersion: 5.14.0-427.37.1.el9_4.x86_64  CompilerName: GCC  CompilerVersion: 8.4.0
ProgramName: mri_cc  ProgramArguments: mri_cc -all-info  ProgramVersion: 7.3.2  TimeStamp: 2026/04/04-11:18:05-GMT  BuildTime: Aug  4 2022 06:17:15  BuildStamp: freesurfer-linux-ubuntu22_x86_64-7.3.2-20220804-6354275  User: oesteban  Machine: dna070  Platform: Linux  PlatformVersion: 5.14.0-427.37.1.el9_4.x86_64  CompilerName: GCC  CompilerVersion: 8.4.0
ProgramName: mri_compute_overlap  ProgramArguments: mri_compute_overlap -all-info  ProgramVersion: 7.3.2  TimeStamp: 2026/04/04-11:18:05-GMT  BuildTime: Aug  4 2022 06:17:15  BuildStamp: freesurfer-linux-ubuntu22_x86_64-7.3.2-20220804-6354275  User: oesteban  Machine: dna070  Platform: Linux  PlatformVersion: 5.14.0-427.37.1.el9_4.x86_64  CompilerName: GCC  CompilerVersion: 8.4.0
ProgramName: mri_compute_seg_overlap  ProgramArguments: mri_compute_seg_overlap -all-info  ProgramVersion: 7.3.2  TimeStamp: 2026/04/04-11:18:05-GMT  BuildTime: Aug  4 2022 06:17:15  BuildStamp: freesurfer-linux-ubuntu22_x86_64-7.3.2-20220804-6354275  User: oesteban  Machine: dna070  Platform: Linux  PlatformVersion: 5.14.0-427.37.1.el9_4.x86_64  CompilerName: GCC  CompilerVersion: 8.4.0
ProgramName: mri_concat  ProgramArguments: mri_concat -all-info  ProgramVersion: 7.3.2  TimeStamp: 2026/04/04-11:18:05-GMT  BuildTime: Aug  4 2022 06:17:15  BuildStamp: freesurfer-linux-ubuntu22_x86_64-7.3.2-20220804-6354275  User: oesteban  Machine: dna070  Platform: Linux  PlatformVersion: 5.14.0-427.37.1.el9_4.x86_64  CompilerName: GCC  CompilerVersion: 8.4.0
ProgramName: mri_concatenate_lta  ProgramArguments: mri_concatenate_lta -all-info  ProgramVersion: 7.3.2  TimeStamp: 2026/04/04-11:18:05-GMT  BuildTime: Aug  4 2022 06:17:15  BuildStamp: freesurfer-linux-ubuntu22_x86_64-7.3.2-20220804-6354275  User: oesteban  Machine: dna070  Platform: Linux  PlatformVersion: 5.14.0-427.37.1.el9_4.x86_64  CompilerName: GCC  CompilerVersion: 8.4.0
mri_convert -all-info 
ProgramName: mri_convert  ProgramArguments: mri_convert -all-info  ProgramVersion: 7.3.2  TimeStamp: 2026/04/04-11:18:05-GMT  BuildTime: Aug  4 2022 06:17:15  BuildStamp: freesurfer-linux-ubuntu22_x86_64-7.3.2-20220804-6354275  User: oesteban  Machine: dna070  Platform: Linux  PlatformVersion: 5.14.0-427.37.1.el9_4.x86_64  CompilerName: GCC  CompilerVersion: 8.4.0
ProgramName: mri_diff  ProgramArguments: mri_diff -all-info  ProgramVersion: 7.3.2  TimeStamp: 2026/04/04-11:18:05-GMT  BuildTime: Aug  4 2022 06:17:15  BuildStamp: freesurfer-linux-ubuntu22_x86_64-7.3.2-20220804-6354275  User: oesteban  Machine: dna070  Platform: Linux  PlatformVersion: 5.14.0-427.37.1.el9_4.x86_64  CompilerName: GCC  CompilerVersion: 8.4.0
ProgramName: mri_edit_wm_with_aseg  ProgramArguments: mri_edit_wm_with_aseg -all-info  ProgramVersion: 7.3.2  TimeStamp: 2026/04/04-11:18:05-GMT  BuildTime: Aug  4 2022 06:17:15  BuildStamp: freesurfer-linux-ubuntu22_x86_64-7.3.2-20220804-6354275  User: oesteban  Machine: dna070  Platform: Linux  PlatformVersion: 5.14.0-427.37.1.el9_4.x86_64  CompilerName: GCC  CompilerVersion: 8.4.0
ProgramName: mri_em_register  ProgramArguments: mri_em_register -all-info  ProgramVersion: 7.3.2  TimeStamp: 2026/04/04-11:18:05-GMT  BuildTime: Aug  4 2022 06:17:15  BuildStamp: freesurfer-linux-ubuntu22_x86_64-7.3.2-20220804-6354275  User: oesteban  Machine: dna070  Platform: Linux  PlatformVersion: 5.14.0-427.37.1.el9_4.x86_64  CompilerName: GCC  CompilerVersion: 8.4.0
ProgramName: mri_fill  ProgramArguments: mri_fill -all-info  ProgramVersion: 7.3.2  TimeStamp: 2026/04/04-11:18:05-GMT  BuildTime: Aug  4 2022 06:17:15  BuildStamp: freesurfer-linux-ubuntu22_x86_64-7.3.2-20220804-6354275  User: oesteban  Machine: dna070  Platform: Linux  PlatformVersion: 5.14.0-427.37.1.el9_4.x86_64  CompilerName: GCC  CompilerVersion: 8.4.0
ProgramName: mri_fuse_segmentations  ProgramArguments: mri_fuse_segmentations -all-info  ProgramVersion: 7.3.2  TimeStamp: 2026/04/04-11:18:05-GMT  BuildTime: Aug  4 2022 06:17:15  BuildStamp: freesurfer-linux-ubuntu22_x86_64-7.3.2-20220804-6354275  User: oesteban  Machine: dna070  Platform: Linux  PlatformVersion: 5.14.0-427.37.1.el9_4.x86_64  CompilerName: GCC  CompilerVersion: 8.4.0
ProgramName: mri_fwhm  ProgramArguments: mri_fwhm -all-info  ProgramVersion: 7.3.2  TimeStamp: 2026/04/04-11:18:05-GMT  BuildTime: Aug  4 2022 06:17:15  BuildStamp: freesurfer-linux-ubuntu22_x86_64-7.3.2-20220804-6354275  User: oesteban  Machine: dna070  Platform: Linux  PlatformVersion: 5.14.0-427.37.1.el9_4.x86_64  CompilerName: GCC  CompilerVersion: 8.4.0
ProgramName: mri_gcut  ProgramArguments: mri_gcut -all-info  ProgramVersion: 7.3.2  TimeStamp: 2026/04/04-11:18:05-GMT  BuildTime: Aug  4 2022 06:17:15  BuildStamp: freesurfer-linux-ubuntu22_x86_64-7.3.2-20220804-6354275  User: oesteban  Machine: dna070  Platform: Linux  PlatformVersion: 5.14.0-427.37.1.el9_4.x86_64  CompilerName: GCC  CompilerVersion: 8.4.0
ProgramName: mri_info  ProgramArguments: mri_info -all-info  ProgramVersion: 7.3.2  TimeStamp: 2026/04/04-11:18:05-GMT  BuildTime: Aug  4 2022 06:17:15  BuildStamp: freesurfer-linux-ubuntu22_x86_64-7.3.2-20220804-6354275  User: oesteban  Machine: dna070  Platform: Linux  PlatformVersion: 5.14.0-427.37.1.el9_4.x86_64  CompilerName: GCC  CompilerVersion: 8.4.0
ProgramName: mri_label2label  ProgramArguments: mri_label2label -all-info  ProgramVersion: 7.3.2  TimeStamp: 2026/04/04-11:18:05-GMT  BuildTime: Aug  4 2022 06:17:15  BuildStamp: freesurfer-linux-ubuntu22_x86_64-7.3.2-20220804-6354275  User: oesteban  Machine: dna070  Platform: Linux  PlatformVersion: 5.14.0-427.37.1.el9_4.x86_64  CompilerName: GCC  CompilerVersion: 8.4.0
ProgramName: mri_label2vol  ProgramArguments: mri_label2vol -all-info  ProgramVersion: 7.3.2  TimeStamp: 2026/04/04-11:18:05-GMT  BuildTime: Aug  4 2022 06:17:15  BuildStamp: freesurfer-linux-ubuntu22_x86_64-7.3.2-20220804-6354275  User: oesteban  Machine: dna070  Platform: Linux  PlatformVersion: 5.14.0-427.37.1.el9_4.x86_64  CompilerName: GCC  CompilerVersion: 8.4.0
ProgramName: mri_log_likelihood  ProgramArguments: mri_log_likelihood -all-info  ProgramVersion: 7.3.2  TimeStamp: 2026/04/04-11:18:05-GMT  BuildTime: Aug  4 2022 06:17:15  BuildStamp: freesurfer-linux-ubuntu22_x86_64-7.3.2-20220804-6354275  User: oesteban  Machine: dna070  Platform: Linux  PlatformVersion: 5.14.0-427.37.1.el9_4.x86_64  CompilerName: GCC  CompilerVersion: 8.4.0
ProgramName: mri_mask  ProgramArguments: mri_mask -all-info  ProgramVersion: 7.3.2  TimeStamp: 2026/04/04-11:18:05-GMT  BuildTime: Aug  4 2022 06:17:15  BuildStamp: freesurfer-linux-ubuntu22_x86_64-7.3.2-20220804-6354275  User: oesteban  Machine: dna070  Platform: Linux  PlatformVersion: 5.14.0-427.37.1.el9_4.x86_64  CompilerName: GCC  CompilerVersion: 8.4.0
ProgramName: mri_matrix_multiply  ProgramArguments: mri_matrix_multiply -all-info  ProgramVersion: 7.3.2  TimeStamp: 2026/04/04-11:18:05-GMT  BuildTime: Aug  4 2022 06:17:15  BuildStamp: freesurfer-linux-ubuntu22_x86_64-7.3.2-20220804-6354275  User: oesteban  Machine: dna070  Platform: Linux  PlatformVersion: 5.14.0-427.37.1.el9_4.x86_64  CompilerName: GCC  CompilerVersion: 8.4.0
ProgramName: mri_normalize  ProgramArguments: mri_normalize -all-info  ProgramVersion: 7.3.2  TimeStamp: 2026/04/04-11:18:05-GMT  BuildTime: Aug  4 2022 06:17:15  BuildStamp: freesurfer-linux-ubuntu22_x86_64-7.3.2-20220804-6354275  User: oesteban  Machine: dna070  Platform: Linux  PlatformVersion: 5.14.0-427.37.1.el9_4.x86_64  CompilerName: GCC  CompilerVersion: 8.4.0
ProgramName: mri_normalize_tp2  ProgramArguments: mri_normalize_tp2 -all-info  ProgramVersion: 7.3.2  TimeStamp: 2026/04/04-11:18:05-GMT  BuildTime: Aug  4 2022 06:17:15  BuildStamp: freesurfer-linux-ubuntu22_x86_64-7.3.2-20220804-6354275  User: oesteban  Machine: dna070  Platform: Linux  PlatformVersion: 5.14.0-427.37.1.el9_4.x86_64  CompilerName: GCC  CompilerVersion: 8.4.0
ProgramName: mri_or  ProgramArguments: mri_or -all-info  ProgramVersion: 7.3.2  TimeStamp: 2026/04/04-11:18:05-GMT  BuildTime: Aug  4 2022 06:17:15  BuildStamp: freesurfer-linux-ubuntu22_x86_64-7.3.2-20220804-6354275  User: oesteban  Machine: dna070  Platform: Linux  PlatformVersion: 5.14.0-427.37.1.el9_4.x86_64  CompilerName: GCC  CompilerVersion: 8.4.0
ProgramName: mri_relabel_hypointensities  ProgramArguments: mri_relabel_hypointensities -all-info  ProgramVersion: 7.3.2  TimeStamp: 2026/04/04-11:18:05-GMT  BuildTime: Aug  4 2022 06:17:15  BuildStamp: freesurfer-linux-ubuntu22_x86_64-7.3.2-20220804-6354275  User: oesteban  Machine: dna070  Platform: Linux  PlatformVersion: 5.14.0-427.37.1.el9_4.x86_64  CompilerName: GCC  CompilerVersion: 8.4.0
ProgramName: mri_relabel_nonwm_hypos  ProgramArguments: mri_relabel_nonwm_hypos -all-info  ProgramVersion: 7.3.2  TimeStamp: 2026/04/04-11:18:05-GMT  BuildTime: Aug  4 2022 06:17:15  BuildStamp: freesurfer-linux-ubuntu22_x86_64-7.3.2-20220804-6354275  User: oesteban  Machine: dna070  Platform: Linux  PlatformVersion: 5.14.0-427.37.1.el9_4.x86_64  CompilerName: GCC  CompilerVersion: 8.4.0
ProgramName: mri_remove_neck  ProgramArguments: mri_remove_neck -all-info  ProgramVersion: 7.3.2  TimeStamp: 2026/04/04-11:18:05-GMT  BuildTime: Aug  4 2022 06:17:15  BuildStamp: freesurfer-linux-ubuntu22_x86_64-7.3.2-20220804-6354275  User: oesteban  Machine: dna070  Platform: Linux  PlatformVersion: 5.14.0-427.37.1.el9_4.x86_64  CompilerName: GCC  CompilerVersion: 8.4.0
7.3.2

ProgramName: mri_robust_register  ProgramArguments: mri_robust_register -all-info  ProgramVersion: 7.3.2  TimeStamp: 2026/04/04-11:18:05-GMT  BuildTime: Aug  4 2022 06:17:15  BuildStamp: freesurfer-linux-ubuntu22_x86_64-7.3.2-20220804-6354275  User: oesteban  Machine: dna070  Platform: Linux  PlatformVersion: 5.14.0-427.37.1.el9_4.x86_64  CompilerName: GCC  CompilerVersion: 8.4.0
7.3.2

ProgramName: mri_robust_template  ProgramArguments: mri_robust_template -all-info  ProgramVersion: 7.3.2  TimeStamp: 2026/04/04-11:18:05-GMT  BuildTime: Aug  4 2022 06:17:15  BuildStamp: freesurfer-linux-ubuntu22_x86_64-7.3.2-20220804-6354275  User: oesteban  Machine: dna070  Platform: Linux  PlatformVersion: 5.14.0-427.37.1.el9_4.x86_64  CompilerName: GCC  CompilerVersion: 8.4.0
ProgramName: mris_anatomical_stats  ProgramArguments: mris_anatomical_stats -all-info  ProgramVersion: 7.3.2  TimeStamp: 2026/04/04-11:18:05-GMT  BuildTime: Aug  4 2022 06:17:15  BuildStamp: freesurfer-linux-ubuntu22_x86_64-7.3.2-20220804-6354275  User: oesteban  Machine: dna070  Platform: Linux  PlatformVersion: 5.14.0-427.37.1.el9_4.x86_64  CompilerName: GCC  CompilerVersion: 8.4.0
ProgramName: mris_ca_label  ProgramArguments: mris_ca_label -all-info  ProgramVersion: 7.3.2  TimeStamp: 2026/04/04-11:18:05-GMT  BuildTime: Aug  4 2022 06:17:15  BuildStamp: freesurfer-linux-ubuntu22_x86_64-7.3.2-20220804-6354275  User: oesteban  Machine: dna070  Platform: Linux  PlatformVersion: 5.14.0-427.37.1.el9_4.x86_64  CompilerName: GCC  CompilerVersion: 8.4.0
ProgramName: mris_calc  ProgramArguments: mris_calc -all-info  ProgramVersion: 7.3.2  TimeStamp: 2026/04/04-11:18:05-GMT  BuildTime: Aug  4 2022 06:17:15  BuildStamp: freesurfer-linux-ubuntu22_x86_64-7.3.2-20220804-6354275  User: oesteban  Machine: dna070  Platform: Linux  PlatformVersion: 5.14.0-427.37.1.el9_4.x86_64  CompilerName: GCC  CompilerVersion: 8.4.0
ProgramName: mris_convert  ProgramArguments: mris_convert -all-info  ProgramVersion: 7.3.2  TimeStamp: 2026/04/04-11:18:05-GMT  BuildTime: Aug  4 2022 06:17:15  BuildStamp: freesurfer-linux-ubuntu22_x86_64-7.3.2-20220804-6354275  User: oesteban  Machine: dna070  Platform: Linux  PlatformVersion: 5.14.0-427.37.1.el9_4.x86_64  CompilerName: GCC  CompilerVersion: 8.4.0
ProgramName: mris_curvature  ProgramArguments: mris_curvature -all-info  ProgramVersion: 7.3.2  TimeStamp: 2026/04/04-11:18:05-GMT  BuildTime: Aug  4 2022 06:17:15  BuildStamp: freesurfer-linux-ubuntu22_x86_64-7.3.2-20220804-6354275  User: oesteban  Machine: dna070  Platform: Linux  PlatformVersion: 5.14.0-427.37.1.el9_4.x86_64  CompilerName: GCC  CompilerVersion: 8.4.0
ProgramName: mris_curvature_stats  ProgramArguments: mris_curvature_stats -all-info  ProgramVersion: 7.3.2  TimeStamp: 2026/04/04-11:18:05-GMT  BuildTime: Aug  4 2022 06:17:15  BuildStamp: freesurfer-linux-ubuntu22_x86_64-7.3.2-20220804-6354275  User: oesteban  Machine: dna070  Platform: Linux  PlatformVersion: 5.14.0-427.37.1.el9_4.x86_64  CompilerName: GCC  CompilerVersion: 8.4.0
ProgramName: mris_diff  ProgramArguments: mris_diff -all-info  ProgramVersion: 7.3.2  TimeStamp: 2026/04/04-11:18:05-GMT  BuildTime: Aug  4 2022 06:17:15  BuildStamp: freesurfer-linux-ubuntu22_x86_64-7.3.2-20220804-6354275  User: oesteban  Machine: dna070  Platform: Linux  PlatformVersion: 5.14.0-427.37.1.el9_4.x86_64  CompilerName: GCC  CompilerVersion: 8.4.0
ProgramName: mris_divide_parcellation  ProgramArguments: mris_divide_parcellation -all-info  ProgramVersion: 7.3.2  TimeStamp: 2026/04/04-11:18:05-GMT  BuildTime: Aug  4 2022 06:17:15  BuildStamp: freesurfer-linux-ubuntu22_x86_64-7.3.2-20220804-6354275  User: oesteban  Machine: dna070  Platform: Linux  PlatformVersion: 5.14.0-427.37.1.el9_4.x86_64  CompilerName: GCC  CompilerVersion: 8.4.0
ProgramName: mri_segment  ProgramArguments: mri_segment -all-info  ProgramVersion: 7.3.2  TimeStamp: 2026/04/04-11:18:05-GMT  BuildTime: Aug  4 2022 06:17:15  BuildStamp: freesurfer-linux-ubuntu22_x86_64-7.3.2-20220804-6354275  User: oesteban  Machine: dna070  Platform: Linux  PlatformVersion: 5.14.0-427.37.1.el9_4.x86_64  CompilerName: GCC  CompilerVersion: 8.4.0
ProgramName: mri_segstats  ProgramArguments: mri_segstats -all-info  ProgramVersion: 7.3.2  TimeStamp: 2026/04/04-11:18:05-GMT  BuildTime: Aug  4 2022 06:17:15  BuildStamp: freesurfer-linux-ubuntu22_x86_64-7.3.2-20220804-6354275  User: oesteban  Machine: dna070  Platform: Linux  PlatformVersion: 5.14.0-427.37.1.el9_4.x86_64  CompilerName: GCC  CompilerVersion: 8.4.0
ProgramName: mris_euler_number  ProgramArguments: mris_euler_number -all-info  ProgramVersion: 7.3.2  TimeStamp: 2026/04/04-11:18:05-GMT  BuildTime: Aug  4 2022 06:17:15  BuildStamp: freesurfer-linux-ubuntu22_x86_64-7.3.2-20220804-6354275  User: oesteban  Machine: dna070  Platform: Linux  PlatformVersion: 5.14.0-427.37.1.el9_4.x86_64  CompilerName: GCC  CompilerVersion: 8.4.0
ProgramName: mris_fix_topology  ProgramArguments: mris_fix_topology -all-info  ProgramVersion: 7.3.2  TimeStamp: 2026/04/04-11:18:05-GMT  BuildTime: Aug  4 2022 06:17:15  BuildStamp: freesurfer-linux-ubuntu22_x86_64-7.3.2-20220804-6354275  User: oesteban  Machine: dna070  Platform: Linux  PlatformVersion: 5.14.0-427.37.1.el9_4.x86_64  CompilerName: GCC  CompilerVersion: 8.4.0
ProgramName: mris_topo_fixer  ProgramArguments: mris_topo_fixer -all-info  ProgramVersion: 7.3.2  TimeStamp: 2026/04/04-11:18:05-GMT  BuildTime: Aug  4 2022 06:17:15  BuildStamp: freesurfer-linux-ubuntu22_x86_64-7.3.2-20220804-6354275  User: oesteban  Machine: dna070  Platform: Linux  PlatformVersion: 5.14.0-427.37.1.el9_4.x86_64  CompilerName: GCC  CompilerVersion: 8.4.0
ProgramName: mris_jacobian  ProgramArguments: mris_jacobian -all-info  ProgramVersion: 7.3.2  TimeStamp: 2026/04/04-11:18:05-GMT  BuildTime: Aug  4 2022 06:17:15  BuildStamp: freesurfer-linux-ubuntu22_x86_64-7.3.2-20220804-6354275  User: oesteban  Machine: dna070  Platform: Linux  PlatformVersion: 5.14.0-427.37.1.el9_4.x86_64  CompilerName: GCC  CompilerVersion: 8.4.0
ProgramName: mris_label2annot  ProgramArguments: mris_label2annot -all-info  ProgramVersion: 7.3.2  TimeStamp: 2026/04/04-11:18:05-GMT  BuildTime: Aug  4 2022 06:17:15  BuildStamp: freesurfer-linux-ubuntu22_x86_64-7.3.2-20220804-6354275  User: oesteban  Machine: dna070  Platform: Linux  PlatformVersion: 5.14.0-427.37.1.el9_4.x86_64  CompilerName: GCC  CompilerVersion: 8.4.0
ProgramName: mris_left_right_register  ProgramArguments: mris_left_right_register -all-info  ProgramVersion: 7.3.2  TimeStamp: 2026/04/04-11:18:05-GMT  BuildTime: Aug  4 2022 06:17:15  BuildStamp: freesurfer-linux-ubuntu22_x86_64-7.3.2-20220804-6354275  User: oesteban  Machine: dna070  Platform: Linux  PlatformVersion: 5.14.0-427.37.1.el9_4.x86_64  CompilerName: GCC  CompilerVersion: 8.4.0
ProgramName: mris_place_surface  ProgramArguments: mris_place_surface -all-info  ProgramVersion: 7.3.2  TimeStamp: 2026/04/04-11:18:05-GMT  BuildTime: Aug  4 2022 06:17:15  BuildStamp: freesurfer-linux-ubuntu22_x86_64-7.3.2-20220804-6354275  User: oesteban  Machine: dna070  Platform: Linux  PlatformVersion: 5.14.0-427.37.1.el9_4.x86_64  CompilerName: GCC  CompilerVersion: 8.4.0
ProgramName: mrisp_paint  ProgramArguments: mrisp_paint -all-info  ProgramVersion: 7.3.2  TimeStamp: 2026/04/04-11:18:05-GMT  BuildTime: Aug  4 2022 06:17:15  BuildStamp: freesurfer-linux-ubuntu22_x86_64-7.3.2-20220804-6354275  User: oesteban  Machine: dna070  Platform: Linux  PlatformVersion: 5.14.0-427.37.1.el9_4.x86_64  CompilerName: GCC  CompilerVersion: 8.4.0
ProgramName: mris_register  ProgramArguments: mris_register -all-info  ProgramVersion: 7.3.2  TimeStamp: 2026/04/04-11:18:05-GMT  BuildTime: Aug  4 2022 06:17:15  BuildStamp: freesurfer-linux-ubuntu22_x86_64-7.3.2-20220804-6354275  User: oesteban  Machine: dna070  Platform: Linux  PlatformVersion: 5.14.0-427.37.1.el9_4.x86_64  CompilerName: GCC  CompilerVersion: 8.4.0
ProgramName: mris_smooth  ProgramArguments: mris_smooth -all-info  ProgramVersion: 7.3.2  TimeStamp: 2026/04/04-11:18:05-GMT  BuildTime: Aug  4 2022 06:17:15  BuildStamp: freesurfer-linux-ubuntu22_x86_64-7.3.2-20220804-6354275  User: oesteban  Machine: dna070  Platform: Linux  PlatformVersion: 5.14.0-427.37.1.el9_4.x86_64  CompilerName: GCC  CompilerVersion: 8.4.0
ProgramName: mris_sphere  ProgramArguments: mris_sphere -all-info  ProgramVersion: 7.3.2  TimeStamp: 2026/04/04-11:18:05-GMT  BuildTime: Aug  4 2022 06:17:15  BuildStamp: freesurfer-linux-ubuntu22_x86_64-7.3.2-20220804-6354275  User: oesteban  Machine: dna070  Platform: Linux  PlatformVersion: 5.14.0-427.37.1.el9_4.x86_64  CompilerName: GCC  CompilerVersion: 8.4.0
ProgramName: mris_surface_stats  ProgramArguments: mris_surface_stats -all-info  ProgramVersion: 7.3.2  TimeStamp: 2026/04/04-11:18:05-GMT  BuildTime: Aug  4 2022 06:17:15  BuildStamp: freesurfer-linux-ubuntu22_x86_64-7.3.2-20220804-6354275  User: oesteban  Machine: dna070  Platform: Linux  PlatformVersion: 5.14.0-427.37.1.el9_4.x86_64  CompilerName: GCC  CompilerVersion: 8.4.0
ProgramName: mri_stats2seg  ProgramArguments: mri_stats2seg -all-info  ProgramVersion: 7.3.2  TimeStamp: 2026/04/04-11:18:05-GMT  BuildTime: Aug  4 2022 06:17:15  BuildStamp: freesurfer-linux-ubuntu22_x86_64-7.3.2-20220804-6354275  User: oesteban  Machine: dna070  Platform: Linux  PlatformVersion: 5.14.0-427.37.1.el9_4.x86_64  CompilerName: GCC  CompilerVersion: 8.4.0
ProgramName: mris_thickness  ProgramArguments: mris_thickness -all-info  ProgramVersion: 7.3.2  TimeStamp: 2026/04/04-11:18:05-GMT  BuildTime: Aug  4 2022 06:17:15  BuildStamp: freesurfer-linux-ubuntu22_x86_64-7.3.2-20220804-6354275  User: oesteban  Machine: dna070  Platform: Linux  PlatformVersion: 5.14.0-427.37.1.el9_4.x86_64  CompilerName: GCC  CompilerVersion: 8.4.0
ProgramName: mris_thickness_diff  ProgramArguments: mris_thickness_diff -all-info  ProgramVersion: 7.3.2  TimeStamp: 2026/04/04-11:18:05-GMT  BuildTime: Aug  4 2022 06:17:15  BuildStamp: freesurfer-linux-ubuntu22_x86_64-7.3.2-20220804-6354275  User: oesteban  Machine: dna070  Platform: Linux  PlatformVersion: 5.14.0-427.37.1.el9_4.x86_64  CompilerName: GCC  CompilerVersion: 8.4.0
ProgramName: mris_topo_fixer  ProgramArguments: mris_topo_fixer -all-info  ProgramVersion: 7.3.2  TimeStamp: 2026/04/04-11:18:05-GMT  BuildTime: Aug  4 2022 06:17:15  BuildStamp: freesurfer-linux-ubuntu22_x86_64-7.3.2-20220804-6354275  User: oesteban  Machine: dna070  Platform: Linux  PlatformVersion: 5.14.0-427.37.1.el9_4.x86_64  CompilerName: GCC  CompilerVersion: 8.4.0
ProgramName: mri_surf2surf  ProgramArguments: mri_surf2surf -all-info  ProgramVersion: 7.3.2  TimeStamp: 2026/04/04-11:18:05-GMT  BuildTime: Aug  4 2022 06:17:15  BuildStamp: freesurfer-linux-ubuntu22_x86_64-7.3.2-20220804-6354275  User: oesteban  Machine: dna070  Platform: Linux  PlatformVersion: 5.14.0-427.37.1.el9_4.x86_64  CompilerName: GCC  CompilerVersion: 8.4.0
ProgramName: mri_surf2vol  ProgramArguments: mri_surf2vol -all-info  ProgramVersion: 7.3.2  TimeStamp: 2026/04/04-11:18:05-GMT  BuildTime: Aug  4 2022 06:17:15  BuildStamp: freesurfer-linux-ubuntu22_x86_64-7.3.2-20220804-6354275  User: oesteban  Machine: dna070  Platform: Linux  PlatformVersion: 5.14.0-427.37.1.el9_4.x86_64  CompilerName: GCC  CompilerVersion: 8.4.0
ProgramName: mri_surfcluster  ProgramArguments: mri_surfcluster -all-info  ProgramVersion: 7.3.2  TimeStamp: 2026/04/04-11:18:05-GMT  BuildTime: Aug  4 2022 06:17:15  BuildStamp: freesurfer-linux-ubuntu22_x86_64-7.3.2-20220804-6354275  User: oesteban  Machine: dna070  Platform: Linux  PlatformVersion: 5.14.0-427.37.1.el9_4.x86_64  CompilerName: GCC  CompilerVersion: 8.4.0
ProgramName: mris_volmask  ProgramArguments: mris_volmask -all-info  ProgramVersion: 7.3.2  TimeStamp: 2026/04/04-11:18:05-GMT  BuildTime: Aug  4 2022 06:17:15  BuildStamp: freesurfer-linux-ubuntu22_x86_64-7.3.2-20220804-6354275  User: oesteban  Machine: dna070  Platform: Linux  PlatformVersion: 5.14.0-427.37.1.el9_4.x86_64  CompilerName: GCC  CompilerVersion: 8.4.0
ProgramName: mri_tessellate  ProgramArguments: mri_tessellate -all-info  ProgramVersion: 7.3.2  TimeStamp: 2026/04/04-11:18:05-GMT  BuildTime: Aug  4 2022 06:17:15  BuildStamp: freesurfer-linux-ubuntu22_x86_64-7.3.2-20220804-6354275  User: oesteban  Machine: dna070  Platform: Linux  PlatformVersion: 5.14.0-427.37.1.el9_4.x86_64  CompilerName: GCC  CompilerVersion: 8.4.0
ProgramName: mri_vol2surf  ProgramArguments: mri_vol2surf -all-info  ProgramVersion: 7.3.2  TimeStamp: 2026/04/04-11:18:05-GMT  BuildTime: Aug  4 2022 06:17:15  BuildStamp: freesurfer-linux-ubuntu22_x86_64-7.3.2-20220804-6354275  User: oesteban  Machine: dna070  Platform: Linux  PlatformVersion: 5.14.0-427.37.1.el9_4.x86_64  CompilerName: GCC  CompilerVersion: 8.4.0
ProgramName: mri_vol2vol  ProgramArguments: mri_vol2vol -all-info  ProgramVersion: 7.3.2  TimeStamp: 2026/04/04-11:18:05-GMT  BuildTime: Aug  4 2022 06:17:15  BuildStamp: freesurfer-linux-ubuntu22_x86_64-7.3.2-20220804-6354275  User: oesteban  Machine: dna070  Platform: Linux  PlatformVersion: 5.14.0-427.37.1.el9_4.x86_64  CompilerName: GCC  CompilerVersion: 8.4.0
ProgramName: mri_voldiff  ProgramArguments: mri_voldiff -all-info  ProgramVersion: 7.3.2  TimeStamp: 2026/04/04-11:18:05-GMT  BuildTime: Aug  4 2022 06:17:15  BuildStamp: freesurfer-linux-ubuntu22_x86_64-7.3.2-20220804-6354275  User: oesteban  Machine: dna070  Platform: Linux  PlatformVersion: 5.14.0-427.37.1.el9_4.x86_64  CompilerName: GCC  CompilerVersion: 8.4.0
ProgramName: mri_watershed  ProgramArguments: mri_watershed -all-info  ProgramVersion: 7.3.2  TimeStamp: 2026/04/04-11:18:05-GMT  BuildTime: Aug  4 2022 06:17:15  BuildStamp: freesurfer-linux-ubuntu22_x86_64-7.3.2-20220804-6354275  User: oesteban  Machine: dna070  Platform: Linux  PlatformVersion: 5.14.0-427.37.1.el9_4.x86_64  CompilerName: GCC  CompilerVersion: 8.4.0
ProgramName: tkregister2  ProgramArguments: tkregister2_cmdl -all-info  ProgramVersion: 7.3.2  TimeStamp: 2026/04/04-11:18:05-GMT  BuildTime: Aug  4 2022 06:17:15  BuildStamp: freesurfer-linux-ubuntu22_x86_64-7.3.2-20220804-6354275  User: oesteban  Machine: dna070  Platform: Linux  PlatformVersion: 5.14.0-427.37.1.el9_4.x86_64  CompilerName: GCC  CompilerVersion: 8.4.0
mri_motion_correct.fsl 7.3.2
mri_convert -all-info 
ProgramName: mri_convert  ProgramArguments: mri_convert -all-info  ProgramVersion: 7.3.2  TimeStamp: 2026/04/04-11:18:05-GMT  BuildTime: Aug  4 2022 06:17:15  BuildStamp: freesurfer-linux-ubuntu22_x86_64-7.3.2-20220804-6354275  User: oesteban  Machine: dna070  Platform: Linux  PlatformVersion: 5.14.0-427.37.1.el9_4.x86_64  CompilerName: GCC  CompilerVersion: 8.4.0
Program nu_correct, built from:
Package MNI N3, version 1.12.0, compiled by nicks@terrier (x86_64-unknown-linux-gnu) on 2015-06-19 at 01:25:34
#######################################
GCADIR /opt/freesurfer/average
GCA RB_all_2020-01-02.gca
GCASkull RB_all_withskull_2020_01_02.gca
AvgCurvTif folding.atlas.acfb40.noaparc.i12.2016-08-02.tif
GCSDIR /opt/freesurfer/average
GCS DKaparc.atlas.acfb40.noaparc.i12.2016-08-02.gcs
#######################################
#--------------------------------------------
#@# WhiteSurfs lh Sat Apr  4 13:18:05 CEST 2026
cd /out/sourcedata/freesurfer/sub-v1s12x0050109_ses-1/mri
mris_place_surface --adgws-in ../surf/autodet.gw.stats.lh.dat --seg aseg.presurf.mgz --threads 16 --wm wm.mgz --invol brain.finalsurfs.mgz --lh --i ../surf/lh.white.preaparc --o ../surf/lh.white --white --nsmooth 0 --rip-label ../label/lh.cortex.label --rip-bg --rip-surf ../surf/lh.white.preaparc --aparc ../label/lh.aparc.annot
   Update not needed
#--------------------------------------------
#@# WhiteSurfs rh Sat Apr  4 13:18:05 CEST 2026
cd /out/sourcedata/freesurfer/sub-v1s12x0050109_ses-1/mri
mris_place_surface --adgws-in ../surf/autodet.gw.stats.rh.dat --seg aseg.presurf.mgz --threads 16 --wm wm.mgz --invol brain.finalsurfs.mgz --rh --i ../surf/rh.white.preaparc --o ../surf/rh.white --white --nsmooth 0 --rip-label ../label/rh.cortex.label --rip-bg --rip-surf ../surf/rh.white.preaparc --aparc ../label/rh.aparc.annot
   Update not needed
#@# white curv lh Sat Apr  4 13:18:05 CEST 2026
cd /out/sourcedata/freesurfer/sub-v1s12x0050109_ses-1/mri
mris_place_surface --curv-map ../surf/lh.white 2 10 ../surf/lh.curv
   Update not needed
#@# white area lh Sat Apr  4 13:18:05 CEST 2026
cd /out/sourcedata/freesurfer/sub-v1s12x0050109_ses-1/mri
mris_place_surface --area-map ../surf/lh.white ../surf/lh.area
   Update not needed
#@# pial curv lh Sat Apr  4 13:18:05 CEST 2026
cd /out/sourcedata/freesurfer/sub-v1s12x0050109_ses-1/mri
mris_place_surface --curv-map ../surf/lh.pial 2 10 ../surf/lh.curv.pial
   Update not needed
#@# pial area lh Sat Apr  4 13:18:05 CEST 2026
cd /out/sourcedata/freesurfer/sub-v1s12x0050109_ses-1/mri
mris_place_surface --area-map ../surf/lh.pial ../surf/lh.area.pial
   Update not needed
#@# thickness lh Sat Apr  4 13:18:05 CEST 2026
cd /out/sourcedata/freesurfer/sub-v1s12x0050109_ses-1/mri
mris_place_surface --thickness ../surf/lh.white ../surf/lh.pial 20 5 ../surf/lh.thickness
   Update not needed
#@# area and vertex vol lh Sat Apr  4 13:18:05 CEST 2026
cd /out/sourcedata/freesurfer/sub-v1s12x0050109_ses-1/mri
mris_place_surface --thickness ../surf/lh.white ../surf/lh.pial 20 5 ../surf/lh.thickness
   Update not needed
#@# white curv rh Sat Apr  4 13:18:05 CEST 2026
cd /out/sourcedata/freesurfer/sub-v1s12x0050109_ses-1/mri
mris_place_surface --curv-map ../surf/rh.white 2 10 ../surf/rh.curv
   Update not needed
#@# white area rh Sat Apr  4 13:18:05 CEST 2026
cd /out/sourcedata/freesurfer/sub-v1s12x0050109_ses-1/mri
mris_place_surface --area-map ../surf/rh.white ../surf/rh.area
   Update not needed
#@# pial curv rh Sat Apr  4 13:18:05 CEST 2026
cd /out/sourcedata/freesurfer/sub-v1s12x0050109_ses-1/mri
mris_place_surface --curv-map ../surf/rh.pial 2 10 ../surf/rh.curv.pial
   Update not needed
#@# pial area rh Sat Apr  4 13:18:05 CEST 2026
cd /out/sourcedata/freesurfer/sub-v1s12x0050109_ses-1/mri
mris_place_surface --area-map ../surf/rh.pial ../surf/rh.area.pial
   Update not needed
#@# thickness rh Sat Apr  4 13:18:05 CEST 2026
cd /out/sourcedata/freesurfer/sub-v1s12x0050109_ses-1/mri
mris_place_surface --thickness ../surf/rh.white ../surf/rh.pial 20 5 ../surf/rh.thickness
   Update not needed
#@# area and vertex vol rh Sat Apr  4 13:18:05 CEST 2026
cd /out/sourcedata/freesurfer/sub-v1s12x0050109_ses-1/mri
mris_place_surface --thickness ../surf/rh.white ../surf/rh.pial 20 5 ../surf/rh.thickness
   Update not needed

#-----------------------------------------
#@# Curvature Stats lh Sat Apr  4 13:18:05 CEST 2026
/out/sourcedata/freesurfer/sub-v1s12x0050109_ses-1/surf

 mris_curvature_stats -m --writeCurvatureFiles -G -o ../stats/lh.curv.stats -F smoothwm sub-v1s12x0050109_ses-1 lh curv sulc 

             Toggling save flag on curvature files                       [ ok ]
                 Outputting results using filestem   [ ../stats/lh.curv.stats ]
             Toggling save flag on curvature files                       [ ok ]
                                   Setting surface [ sub-v1s12x0050109_ses-1/lh.smoothwm ]
                                Reading surface...                       [ ok ]
                                   Setting texture                     [ curv ]
                                Reading texture...                       [ ok ]
                                   Setting texture                     [ sulc ]
                                Reading texture...Gb_filter = 0
                       [ ok ]
      Calculating Discrete Principal Curvatures...
      Determining geometric order for vno faces... [####################] [ ok ]
                      Determining KH curvatures... [####################] [ ok ]
                    Determining k1k2 curvatures... [####################] [ ok ]
                                   deltaViolations                      [ 218 ]
Gb_filter = 0

WARN:    S lookup   min:                          -0.359972
WARN:    S explicit min:                          0.000000	vertex = 620

#-----------------------------------------
#@# Curvature Stats rh Sat Apr  4 13:18:07 CEST 2026
/out/sourcedata/freesurfer/sub-v1s12x0050109_ses-1/surf

 mris_curvature_stats -m --writeCurvatureFiles -G -o ../stats/rh.curv.stats -F smoothwm sub-v1s12x0050109_ses-1 rh curv sulc 

             Toggling save flag on curvature files                       [ ok ]
                 Outputting results using filestem   [ ../stats/rh.curv.stats ]
             Toggling save flag on curvature files                       [ ok ]
                                   Setting surface [ sub-v1s12x0050109_ses-1/rh.smoothwm ]
                                Reading surface...                       [ ok ]
                                   Setting texture                     [ curv ]
                                Reading texture...                       [ ok ]
                                   Setting texture                     [ sulc ]
                                Reading texture...Gb_filter = 0
                       [ ok ]
      Calculating Discrete Principal Curvatures...
      Determining geometric order for vno faces... [####################] [ ok ]
                      Determining KH curvatures... [####################] [ ok ]
                    Determining k1k2 curvatures... [####################] [ ok ]
                                   deltaViolations                      [ 229 ]
Gb_filter = 0

WARN:    S lookup   min:                          -0.151140
WARN:    S explicit min:                          0.000000	vertex = 624
#-----------------------------------------
#@# Relabel Hypointensities Sat Apr  4 13:18:08 CEST 2026
/out/sourcedata/freesurfer/sub-v1s12x0050109_ses-1/mri

 mri_relabel_hypointensities aseg.presurf.mgz ../surf aseg.presurf.hypos.mgz 

reading input surface ../surf/lh.white...
relabeling lh hypointensities...
3870 voxels changed to hypointensity...
reading input surface ../surf/rh.white...
relabeling rh hypointensities...
3884 voxels changed to hypointensity...
7720 hypointense voxels neighboring cortex changed
#-----------------------------------------
#@# APas-to-ASeg Sat Apr  4 13:18:19 CEST 2026
/out/sourcedata/freesurfer/sub-v1s12x0050109_ses-1/mri

 mri_surf2volseg --o aseg.mgz --i aseg.presurf.hypos.mgz --fix-presurf-with-ribbon /out/sourcedata/freesurfer/sub-v1s12x0050109_ses-1/mri/ribbon.mgz --threads 16 --lh-cortex-mask /out/sourcedata/freesurfer/sub-v1s12x0050109_ses-1/label/lh.cortex.label --lh-white /out/sourcedata/freesurfer/sub-v1s12x0050109_ses-1/surf/lh.white --lh-pial /out/sourcedata/freesurfer/sub-v1s12x0050109_ses-1/surf/lh.pial --rh-cortex-mask /out/sourcedata/freesurfer/sub-v1s12x0050109_ses-1/label/rh.cortex.label --rh-white /out/sourcedata/freesurfer/sub-v1s12x0050109_ses-1/surf/rh.white --rh-pial /out/sourcedata/freesurfer/sub-v1s12x0050109_ses-1/surf/rh.pial 

SUBJECTS_DIR /out/sourcedata/freesurfer
outvol aseg.mgz
16 avail.processors, using 16
Loading aseg.presurf.hypos.mgz
Loading /out/sourcedata/freesurfer/sub-v1s12x0050109_ses-1/mri/ribbon.mgz
Loading /out/sourcedata/freesurfer/sub-v1s12x0050109_ses-1/surf/lh.white
Loading /out/sourcedata/freesurfer/sub-v1s12x0050109_ses-1/surf/lh.pial
Loading /out/sourcedata/freesurfer/sub-v1s12x0050109_ses-1/label/lh.cortex.label
Loading /out/sourcedata/freesurfer/sub-v1s12x0050109_ses-1/surf/rh.white
Loading /out/sourcedata/freesurfer/sub-v1s12x0050109_ses-1/surf/rh.pial
Loading /out/sourcedata/freesurfer/sub-v1s12x0050109_ses-1/label/rh.cortex.label
Done loading
  0 240 176 192  64  96  80  32 224 160 128  48  16 144 112 208  17  33 209  49 241 225   1 242 210  18  65  34  50   2 226 243 211  19 
 35 193  51  81  66 177 227 244 212  20  36   3  52  97 113 145 228 245 161 213  21  37   4  53  67 246 194 214 229  22  38   5  54  82 247 215  23  39 
230  68 178 248  55   6 216  24  40 231 249 195  56 217  98  25  41   7 232 162  83 146 250  69  57 218  26  42   8 233 251 219 
 58  27  43 196 179 
234 252  70   9 220  59 
 28  44 253 235  84  10 197 221  29 254  60  45 236 114 222  30  11  71 255  61  46  99 
237 147 180 163 198 223  31  85  12  62  47 238  63  72 239 
 13 199 
 14 200  15 181 201  86 100 202 203 164 148  73 204 205 206  87 182 207 115 129 101  74  88 183 165 149  75 184 102 116  89 185 150  76 166 186 103  77  90 117 187 151 188  78 167  91 189 104 118  79 
190  92 152 191 168 105 130 119 
 93  94 169 106 153 120  95 170 121 107 154 171 122 108 172 155 131 173 123 109 156 174 124 110 157 175 125 111 158 126 159 
132 127 133 134 135 136 137 138 139 
140 141 142 143 
nrelabeled = 160447
ndotcheck = 0
Starting Surf2VolSeg free
free done
#VMPC# mri_surf2volseg VmPeak  1954828
mri_surf2volseg done

 mri_brainvol_stats sub-v1s12x0050109_ses-1 

ComputeBrainVolumeStats2 VoxelVol=1, KeepCSF=1
  #CBVS2 MaskVol              1413782.0
  #CBVS2 BrainSegVol          1162158.0
  #CBVS2 BrainSegVolNotVent   1152198.0
  #CBVS2 SupraTentVol         1032512.0
  #CBVS2 SupraTentVolNotVent  1022552.0
  #CBVS2 lhCtxGM               241255.6
  #CBVS2 rhCtxGM               243965.4
  #CBVS2 lhCerebralWM          240677.5
  #CBVS2 rhCerebralWM          239229.5
  #CBVS2 SubCortGMVol           58974.0
  #CBVS2 CerebellumVol         129646.0
  #CBVS2 CerebellumGMVol        95487.0
  #CBVS2 VentChorVol             7308.0
  #CBVS2 3rd4th5thCSF            2652.0
  #CBVS2 AllCSF                  9960.0
  #CBVS2 CCVol                   3311.0
#-----------------------------------------
#@# AParc-to-ASeg aparc Sat Apr  4 13:18:24 CEST 2026
/out/sourcedata/freesurfer/sub-v1s12x0050109_ses-1/mri

 mri_surf2volseg --o aparc+aseg.mgz --label-cortex --i aseg.mgz --threads 16 --lh-annot /out/sourcedata/freesurfer/sub-v1s12x0050109_ses-1/label/lh.aparc.annot 1000 --lh-cortex-mask /out/sourcedata/freesurfer/sub-v1s12x0050109_ses-1/label/lh.cortex.label --lh-white /out/sourcedata/freesurfer/sub-v1s12x0050109_ses-1/surf/lh.white --lh-pial /out/sourcedata/freesurfer/sub-v1s12x0050109_ses-1/surf/lh.pial --rh-annot /out/sourcedata/freesurfer/sub-v1s12x0050109_ses-1/label/rh.aparc.annot 2000 --rh-cortex-mask /out/sourcedata/freesurfer/sub-v1s12x0050109_ses-1/label/rh.cortex.label --rh-white /out/sourcedata/freesurfer/sub-v1s12x0050109_ses-1/surf/rh.white --rh-pial /out/sourcedata/freesurfer/sub-v1s12x0050109_ses-1/surf/rh.pial 

SUBJECTS_DIR /out/sourcedata/freesurfer
outvol aparc+aseg.mgz
16 avail.processors, using 16
Loading aseg.mgz
Loading /out/sourcedata/freesurfer/sub-v1s12x0050109_ses-1/surf/lh.white
Loading /out/sourcedata/freesurfer/sub-v1s12x0050109_ses-1/surf/lh.pial
Loading /out/sourcedata/freesurfer/sub-v1s12x0050109_ses-1/label/lh.cortex.label
Ripping lh vertices labeled not in lh.cortex.label
  ripped 7857 vertices from lh hemi
Loading /out/sourcedata/freesurfer/sub-v1s12x0050109_ses-1/label/lh.aparc.annot
Loading /out/sourcedata/freesurfer/sub-v1s12x0050109_ses-1/surf/rh.white
Loading /out/sourcedata/freesurfer/sub-v1s12x0050109_ses-1/surf/rh.pial
Loading /out/sourcedata/freesurfer/sub-v1s12x0050109_ses-1/label/rh.cortex.label
Ripping rh vertices labeled not in rh.cortex.label
  ripped 7820 vertices from rh hemi
Loading /out/sourcedata/freesurfer/sub-v1s12x0050109_ses-1/label/rh.aparc.annot
Done loading
  0  48 192 224 176  32 112  64  16  96 144  80 160 208 240 128 241   1  49  33  17 209 225   2 242  18  34  50 210 226   3 243  19 
 35 211  51 227  65   4 244  20  36 212  52   5 245 228  21  53  37 213   6 246  22 229  54  38 214   7 247  55  23  39 
230 215   8 248  56  24 231  40   9 216 249  57  25  41 232  66  10 217  58 250  26  42  11 233  59 
218 251  27  43  12 234  60 219 
252  28  44  13  61 235 220 253  29  45  14  62 236 221 254  30  46  15  63 255 237 222  47  31 238 223  67 239 
 68  69  70  71  72 193  73 145 113 194  81 129 161  74 195 196 177 197 198 199 
200 201 202 203 204 205 206 207  97 146  75  82 114 130 162  76 147  83 115 178  77  98 131 163  84  78 148 116 179 
 79 
 99 
132 164  85 149 117 100 180 165  86 150 133 118 101 151 166  87 181 134 119 
152 102  88 167 182 135 120 153 103  89 168 183 154 104 121 136  90 155 184 169 105 122 185 156  91 106 137 186 170 157 107 123 187 138  92 108 188 158 171 139 
189 109 124  93 159 
190 172 140 191 110 125  94 173 111 141 142 126 174  95 143 127 175 
nrelabeled = 483641
ndotcheck = 36253
Starting Surf2VolSeg free
free done
#VMPC# mri_surf2volseg VmPeak  1939072
mri_surf2volseg done
#-----------------------------------------
#@# AParc-to-ASeg aparc.a2009s Sat Apr  4 13:18:44 CEST 2026
/out/sourcedata/freesurfer/sub-v1s12x0050109_ses-1/mri

 mri_surf2volseg --o aparc.a2009s+aseg.mgz --label-cortex --i aseg.mgz --threads 16 --lh-annot /out/sourcedata/freesurfer/sub-v1s12x0050109_ses-1/label/lh.aparc.a2009s.annot 11100 --lh-cortex-mask /out/sourcedata/freesurfer/sub-v1s12x0050109_ses-1/label/lh.cortex.label --lh-white /out/sourcedata/freesurfer/sub-v1s12x0050109_ses-1/surf/lh.white --lh-pial /out/sourcedata/freesurfer/sub-v1s12x0050109_ses-1/surf/lh.pial --rh-annot /out/sourcedata/freesurfer/sub-v1s12x0050109_ses-1/label/rh.aparc.a2009s.annot 12100 --rh-cortex-mask /out/sourcedata/freesurfer/sub-v1s12x0050109_ses-1/label/rh.cortex.label --rh-white /out/sourcedata/freesurfer/sub-v1s12x0050109_ses-1/surf/rh.white --rh-pial /out/sourcedata/freesurfer/sub-v1s12x0050109_ses-1/surf/rh.pial 

SUBJECTS_DIR /out/sourcedata/freesurfer
outvol aparc.a2009s+aseg.mgz
16 avail.processors, using 16
Loading aseg.mgz
Loading /out/sourcedata/freesurfer/sub-v1s12x0050109_ses-1/surf/lh.white
Loading /out/sourcedata/freesurfer/sub-v1s12x0050109_ses-1/surf/lh.pial
Loading /out/sourcedata/freesurfer/sub-v1s12x0050109_ses-1/label/lh.cortex.label
Ripping lh vertices labeled not in lh.cortex.label
  ripped 7857 vertices from lh hemi
Loading /out/sourcedata/freesurfer/sub-v1s12x0050109_ses-1/label/lh.aparc.a2009s.annot
Loading /out/sourcedata/freesurfer/sub-v1s12x0050109_ses-1/surf/rh.white
Loading /out/sourcedata/freesurfer/sub-v1s12x0050109_ses-1/surf/rh.pial
Loading /out/sourcedata/freesurfer/sub-v1s12x0050109_ses-1/label/rh.cortex.label
Ripping rh vertices labeled not in rh.cortex.label
  ripped 7820 vertices from rh hemi
Loading /out/sourcedata/freesurfer/sub-v1s12x0050109_ses-1/label/rh.aparc.a2009s.annot
Done loading
 96 192  16  64 160   0 128 176  48  32 208 240 241 209  17   1 112 144  80 224  33  49   2 242  50  18 210  34 225   3 243  51  19 
211  65  35   4  52 244 226  20 212   5  53 245  36  21 227   6  54 213 246  37 228  22   7  55 247 214  38   8  56 229  23 248 215  39 
  9  57 230  24 249 216  40  58  10  66 231 250  25  11  59 
217  41 232 251  26  12  60 218  42 233  13  27 252  61 219 
 43  14  62 253  28 234 220  63  44  15 254  29 235 221  45 255  30 236 222  46  31 237 223  67  47 238 239 
 68  69  70  71 193  72 113 194  73 145  81 195 129 196  74 197 161 198 114 199 
200 201 202 203 204 205 206 207  97 146  82 177  75 130 115  76 147  83 116  98 162 131  77 148 178 117  84  99 
 78 149 163 118 132  85  79 
100 150 179 
119 
 86 164 133 101 151 120 180  87 152 102 121 134 165  88 181 153 103 122 135  89 154 166 104 182 123 155 136 105  90 183 156 167 124 106 137  91 184 157 107 185 125 138 168 108  92 158 186 139 
126 187 109 159 
140 169  93 188 127 110 189 141 190 111  94 142 191 170 143  95 171 172 173 174 175 
nrelabeled = 483641
ndotcheck = 36253
Starting Surf2VolSeg free
free done
#VMPC# mri_surf2volseg VmPeak  2284828
mri_surf2volseg done
#-----------------------------------------
#@# AParc-to-ASeg aparc.DKTatlas Sat Apr  4 13:19:06 CEST 2026
/out/sourcedata/freesurfer/sub-v1s12x0050109_ses-1/mri

 mri_surf2volseg --o aparc.DKTatlas+aseg.mgz --label-cortex --i aseg.mgz --threads 16 --lh-annot /out/sourcedata/freesurfer/sub-v1s12x0050109_ses-1/label/lh.aparc.DKTatlas.annot 1000 --lh-cortex-mask /out/sourcedata/freesurfer/sub-v1s12x0050109_ses-1/label/lh.cortex.label --lh-white /out/sourcedata/freesurfer/sub-v1s12x0050109_ses-1/surf/lh.white --lh-pial /out/sourcedata/freesurfer/sub-v1s12x0050109_ses-1/surf/lh.pial --rh-annot /out/sourcedata/freesurfer/sub-v1s12x0050109_ses-1/label/rh.aparc.DKTatlas.annot 2000 --rh-cortex-mask /out/sourcedata/freesurfer/sub-v1s12x0050109_ses-1/label/rh.cortex.label --rh-white /out/sourcedata/freesurfer/sub-v1s12x0050109_ses-1/surf/rh.white --rh-pial /out/sourcedata/freesurfer/sub-v1s12x0050109_ses-1/surf/rh.pial 

SUBJECTS_DIR /out/sourcedata/freesurfer
outvol aparc.DKTatlas+aseg.mgz
16 avail.processors, using 16
Loading aseg.mgz
Loading /out/sourcedata/freesurfer/sub-v1s12x0050109_ses-1/surf/lh.white
Loading /out/sourcedata/freesurfer/sub-v1s12x0050109_ses-1/surf/lh.pial
Loading /out/sourcedata/freesurfer/sub-v1s12x0050109_ses-1/label/lh.cortex.label
Ripping lh vertices labeled not in lh.cortex.label
  ripped 7857 vertices from lh hemi
Loading /out/sourcedata/freesurfer/sub-v1s12x0050109_ses-1/label/lh.aparc.DKTatlas.annot
Loading /out/sourcedata/freesurfer/sub-v1s12x0050109_ses-1/surf/rh.white
Loading /out/sourcedata/freesurfer/sub-v1s12x0050109_ses-1/surf/rh.pial
Loading /out/sourcedata/freesurfer/sub-v1s12x0050109_ses-1/label/rh.cortex.label
Ripping rh vertices labeled not in rh.cortex.label
  ripped 7820 vertices from rh hemi
Loading /out/sourcedata/freesurfer/sub-v1s12x0050109_ses-1/label/rh.aparc.DKTatlas.annot
Done loading
 96  64 192 208 176  48  32 160  16 128   0 224 112 144 240  80 241   1  17 209  49 225  33   2 242  18 210  50  34 226   3 243  19 
211  65  51  35   4 227 244  20 212  52   5  36 228 245  21 213  53   6  37 229  22 246 214  54  38   7 230  23 247 215  55  39 
  8 231  24 248  56 216  40   9  66 232 249  25  57 217  10  41 250 233  26  58 218  11  42 251  27 234  59 
 12 219 
 43 252  28 235  13  60 220 253  44  29 236  14  61 254 221  45  30 237  15  62 255 222  46  31 238  63  47 223  67 239 
 68  69  70  71  72 193 145  73  81 113 129 194 161  74 195  97 146 196  75  82 177 197 198 199 
114 200 201 202 203 204 205 206 207 130 162  76 147  83 115  98  77 163 148 131  84  78 178 116  79 
149  99 
164  85 132 117 150  86 179 
165 100 118 151 133  87 166 101 152 119 
180  88 134 153 167 120 102 154 181  89 121 135 103 168 155  90 182 122 156 104 136 169 157 183 123  91 105 137 170 158 184 106 124  92 159 
138 185 107 171 125 186 139 
 93 108 187 172 126 140 109 188  94 141 127 189 110 173 190 142  95 111 191 174 143 175 
nrelabeled = 483641
ndotcheck = 36253
Starting Surf2VolSeg free
free done
#VMPC# mri_surf2volseg VmPeak  1939088
mri_surf2volseg done
#-----------------------------------------
#@# WMParc Sat Apr  4 13:19:27 CEST 2026
/out/sourcedata/freesurfer/sub-v1s12x0050109_ses-1/mri

 mri_surf2volseg --o wmparc.mgz --label-wm --i aparc+aseg.mgz --threads 16 --lh-annot /out/sourcedata/freesurfer/sub-v1s12x0050109_ses-1/label/lh.aparc.annot 3000 --lh-cortex-mask /out/sourcedata/freesurfer/sub-v1s12x0050109_ses-1/label/lh.cortex.label --lh-white /out/sourcedata/freesurfer/sub-v1s12x0050109_ses-1/surf/lh.white --lh-pial /out/sourcedata/freesurfer/sub-v1s12x0050109_ses-1/surf/lh.pial --rh-annot /out/sourcedata/freesurfer/sub-v1s12x0050109_ses-1/label/rh.aparc.annot 4000 --rh-cortex-mask /out/sourcedata/freesurfer/sub-v1s12x0050109_ses-1/label/rh.cortex.label --rh-white /out/sourcedata/freesurfer/sub-v1s12x0050109_ses-1/surf/rh.white --rh-pial /out/sourcedata/freesurfer/sub-v1s12x0050109_ses-1/surf/rh.pial 

SUBJECTS_DIR /out/sourcedata/freesurfer
outvol wmparc.mgz
16 avail.processors, using 16
Loading aparc+aseg.mgz
Loading /out/sourcedata/freesurfer/sub-v1s12x0050109_ses-1/surf/lh.white
Loading /out/sourcedata/freesurfer/sub-v1s12x0050109_ses-1/surf/lh.pial
Loading /out/sourcedata/freesurfer/sub-v1s12x0050109_ses-1/label/lh.cortex.label
Ripping lh vertices labeled not in lh.cortex.label
  ripped 7857 vertices from lh hemi
Loading /out/sourcedata/freesurfer/sub-v1s12x0050109_ses-1/label/lh.aparc.annot
Loading /out/sourcedata/freesurfer/sub-v1s12x0050109_ses-1/surf/rh.white
Loading /out/sourcedata/freesurfer/sub-v1s12x0050109_ses-1/surf/rh.pial
Loading /out/sourcedata/freesurfer/sub-v1s12x0050109_ses-1/label/rh.cortex.label
Ripping rh vertices labeled not in rh.cortex.label
  ripped 7820 vertices from rh hemi
Loading /out/sourcedata/freesurfer/sub-v1s12x0050109_ses-1/label/rh.aparc.annot
Done loading
  0  80 160 176  96  48 240 208 224 128  16  64 112 192  32 144 241  65  49 225  33  17   1 209  34 226 242  66  50  18 210   2  35 227  67  19 
243  51 211   3  36 228  20 244  52 212  68   4  21  37 229 213  53 245   5  22 230  38  54 214   6 246  23  69 231  39 
215   7  55 247  24 232  40 216   8  56 248  25 233  41 217   9  57 249  26 234  42 218 193  10  58  70  27 250 235  43 219 
 11  59 
 28 251 236  44 220  12  60  29 252  71 221  13  45 237  61  30 253 222  14  46 238  31  62 254 223  15  47 239 
 63 255 194  72 195 196 197 198 199 
200 201  73 202 203 204 205 206 207  74  81  75  76  82 129 177  77 145  97  83 161  78 130  79 
 84 178 113 131  98  85 146 179 
132 162  86 133 180  99 
 87 134 114 147 181 163 135  88 182 100 136  89 148 183 164 115 137 184 101  90 185 138 186 165 149 187  91 188 116 102 139 
189 190 191  92 166 150 140 103 117  93 167 141  94 151 118 104 168 142  95 152 119 
169 143 105 170 120 106 153 121 171 122 172 107 154 123 173 108 124 174 155 125 175 109 156 126 127 110 157 158 111 159 

nrelabeled = 476596
ndotcheck = 4061
Starting Surf2VolSeg free
free done
#VMPC# mri_surf2volseg VmPeak  2173788
mri_surf2volseg done

 mri_segstats --seed 1234 --seg mri/wmparc.mgz --sum stats/wmparc.stats --pv mri/norm.mgz --excludeid 0 --brainmask mri/brainmask.mgz --in mri/norm.mgz --in-intensity-name norm --in-intensity-units MR --subject sub-v1s12x0050109_ses-1 --surf-wm-vol --ctab /opt/freesurfer/WMParcStatsLUT.txt --etiv 

setting seed for random number genererator to 1234

7.3.2
cwd 
cmdline mri_segstats --seed 1234 --seg mri/wmparc.mgz --sum stats/wmparc.stats --pv mri/norm.mgz --excludeid 0 --brainmask mri/brainmask.mgz --in mri/norm.mgz --in-intensity-name norm --in-intensity-units MR --subject sub-v1s12x0050109_ses-1 --surf-wm-vol --ctab /opt/freesurfer/WMParcStatsLUT.txt --etiv 
sysname  Linux
hostname dna070
machine  x86_64
user     oesteban
whitesurfname  white
UseRobust  0
atlas_icv (eTIV) = 1404099 mm^3    (det: 1.387442 )
Loading mri/wmparc.mgz
Getting Brain Volume Statistics
Loading mri/norm.mgz
Loading mri/norm.mgz
Voxel Volume is 1 mm^3
Generating list of segmentation ids
Found 390 segmentations
Computing statistics for each segmentation

Reporting on  70 segmentations
Using PrintSegStat
mri_segstats done
#--------------------------------------------
#@# ASeg Stats Sat Apr  4 13:21:14 CEST 2026
/out/sourcedata/freesurfer/sub-v1s12x0050109_ses-1

 mri_segstats --seed 1234 --seg mri/aseg.mgz --sum stats/aseg.stats --pv mri/norm.mgz --empty --brainmask mri/brainmask.mgz --brain-vol-from-seg --excludeid 0 --excl-ctxgmwm --supratent --subcortgray --in mri/norm.mgz --in-intensity-name norm --in-intensity-units MR --etiv --surf-wm-vol --surf-ctx-vol --totalgray --euler --ctab /opt/freesurfer/ASegStatsLUT.txt --subject sub-v1s12x0050109_ses-1 

setting seed for random number genererator to 1234

7.3.2
cwd 
cmdline mri_segstats --seed 1234 --seg mri/aseg.mgz --sum stats/aseg.stats --pv mri/norm.mgz --empty --brainmask mri/brainmask.mgz --brain-vol-from-seg --excludeid 0 --excl-ctxgmwm --supratent --subcortgray --in mri/norm.mgz --in-intensity-name norm --in-intensity-units MR --etiv --surf-wm-vol --surf-ctx-vol --totalgray --euler --ctab /opt/freesurfer/ASegStatsLUT.txt --subject sub-v1s12x0050109_ses-1 
sysname  Linux
hostname dna070
machine  x86_64
user     oesteban
whitesurfname  white
UseRobust  0
atlas_icv (eTIV) = 1404099 mm^3    (det: 1.387442 )
Computing euler number
orig.nofix lheno =  -38, rheno = -18
orig.nofix lhholes =   20, rhholes = 10
Loading mri/aseg.mgz
Getting Brain Volume Statistics
Loading mri/norm.mgz
Loading mri/norm.mgz
Voxel Volume is 1 mm^3
Generating list of segmentation ids
Found  50 segmentations
Computing statistics for each segmentation

Reporting on  45 segmentations
Using PrintSegStat
mri_segstats done

Started at Sat Apr 4 13:18:05 CEST 2026 
Ended   at Sat Apr 4 13:21:32 CEST 2026
#@#%# recon-all-run-time-hours 0.058
recon-all -s sub-v1s12x0050109_ses-1 finished without error at Sat Apr  4 13:21:32 CEST 2026
