
Sat Apr  4 12:55:41 CEST 2026
cd /out/sourcedata/freesurfer/sub-v1s12x0050109_ses-1
setenv SUBJECTS_DIR /out/sourcedata/freesurfer
/opt/freesurfer/bin/recon-all -autorecon-hemi rh -noparcstats -noparcstats2 -noparcstats3 -nohyporelabel -nobalabels -rh-only -openmp 16 -subjid sub-v1s12x0050109_ses-1 -sd /out/sourcedata/freesurfer

subjid sub-v1s12x0050109_ses-1
setenv SUBJECTS_DIR /out/sourcedata/freesurfer
FREESURFER_HOME /opt/freesurfer
Actual FREESURFER_HOME /opt/freesurfer
build-stamp.txt: freesurfer-linux-ubuntu22_x86_64-7.3.2-20220804-6354275
Linux dna070 5.14.0-427.37.1.el9_4.x86_64 #1 SMP PREEMPT_DYNAMIC Fri Sep 13 12:41:50 EDT 2024 x86_64 x86_64 x86_64 GNU/Linux
cputime      unlimited
filesize     unlimited
datasize     unlimited
stacksize    8192 kbytes
coredumpsize 0 kbytes
memoryuse    67108864 kbytes
vmemoryuse   unlimited
descriptors  1024 
memorylocked unlimited
maxproc      2061970 
maxlocks     unlimited
maxsignal    2062029 
maxmessage   819200 
maxnice      0 
maxrtprio    0 
maxrttime    unlimited

               total        used        free      shared  buff/cache   available
Mem:           503Gi        48Gi       282Gi        16Gi       171Gi       434Gi
Swap:             0B          0B          0B

########################################
program versions used
7.3.2 (freesurfer-linux-ubuntu22_x86_64-7.3.2-20220804-6354275)
7.3.2

ProgramName: lta_convert  ProgramArguments: lta_convert -all-info  ProgramVersion: 7.3.2  TimeStamp: 2026/04/04-10:55:41-GMT  BuildTime: Aug  4 2022 06:17:15  BuildStamp: freesurfer-linux-ubuntu22_x86_64-7.3.2-20220804-6354275  User: oesteban  Machine: dna070  Platform: Linux  PlatformVersion: 5.14.0-427.37.1.el9_4.x86_64  CompilerName: GCC  CompilerVersion: 8.4.0
ProgramName: mri_and  ProgramArguments: mri_and -all-info  ProgramVersion: 7.3.2  TimeStamp: 2026/04/04-10:55:41-GMT  BuildTime: Aug  4 2022 06:17:15  BuildStamp: freesurfer-linux-ubuntu22_x86_64-7.3.2-20220804-6354275  User: oesteban  Machine: dna070  Platform: Linux  PlatformVersion: 5.14.0-427.37.1.el9_4.x86_64  CompilerName: GCC  CompilerVersion: 8.4.0
ProgramName: mri_annotation2label  ProgramArguments: mri_annotation2label -all-info  ProgramVersion: 7.3.2  TimeStamp: 2026/04/04-10:55:41-GMT  BuildTime: Aug  4 2022 06:17:15  BuildStamp: freesurfer-linux-ubuntu22_x86_64-7.3.2-20220804-6354275  User: oesteban  Machine: dna070  Platform: Linux  PlatformVersion: 5.14.0-427.37.1.el9_4.x86_64  CompilerName: GCC  CompilerVersion: 8.4.0
ProgramName: mri_aparc2aseg  ProgramArguments: mri_aparc2aseg -all-info  ProgramVersion: 7.3.2  TimeStamp: 2026/04/04-10:55:41-GMT  BuildTime: Aug  4 2022 06:17:15  BuildStamp: freesurfer-linux-ubuntu22_x86_64-7.3.2-20220804-6354275  User: oesteban  Machine: dna070  Platform: Linux  PlatformVersion: 5.14.0-427.37.1.el9_4.x86_64  CompilerName: GCC  CompilerVersion: 8.4.0
ProgramName: mri_surf2volseg  ProgramArguments: mri_surf2volseg -all-info  ProgramVersion: 7.3.2  TimeStamp: 2026/04/04-10:55:41-GMT  BuildTime: Aug  4 2022 06:17:15  BuildStamp: freesurfer-linux-ubuntu22_x86_64-7.3.2-20220804-6354275  User: oesteban  Machine: dna070  Platform: Linux  PlatformVersion: 5.14.0-427.37.1.el9_4.x86_64  CompilerName: GCC  CompilerVersion: 8.4.0
ProgramName: mri_binarize  ProgramArguments: mri_binarize -all-info  ProgramVersion: 7.3.2  TimeStamp: 2026/04/04-10:55:41-GMT  BuildTime: Aug  4 2022 06:17:15  BuildStamp: freesurfer-linux-ubuntu22_x86_64-7.3.2-20220804-6354275  User: oesteban  Machine: dna070  Platform: Linux  PlatformVersion: 5.14.0-427.37.1.el9_4.x86_64  CompilerName: GCC  CompilerVersion: 8.4.0
ProgramName: mri_ca_label  ProgramArguments: mri_ca_label -all-info  ProgramVersion: 7.3.2  TimeStamp: 2026/04/04-10:55:41-GMT  BuildTime: Aug  4 2022 06:17:15  BuildStamp: freesurfer-linux-ubuntu22_x86_64-7.3.2-20220804-6354275  User: oesteban  Machine: dna070  Platform: Linux  PlatformVersion: 5.14.0-427.37.1.el9_4.x86_64  CompilerName: GCC  CompilerVersion: 8.4.0
ProgramName: mri_ca_normalize  ProgramArguments: mri_ca_normalize -all-info  ProgramVersion: 7.3.2  TimeStamp: 2026/04/04-10:55:41-GMT  BuildTime: Aug  4 2022 06:17:15  BuildStamp: freesurfer-linux-ubuntu22_x86_64-7.3.2-20220804-6354275  User: oesteban  Machine: dna070  Platform: Linux  PlatformVersion: 5.14.0-427.37.1.el9_4.x86_64  CompilerName: GCC  CompilerVersion: 8.4.0
ProgramName: mri_ca_register  ProgramArguments: mri_ca_register -all-info  ProgramVersion: 7.3.2  TimeStamp: 2026/04/04-10:55:41-GMT  BuildTime: Aug  4 2022 06:17:15  BuildStamp: freesurfer-linux-ubuntu22_x86_64-7.3.2-20220804-6354275  User: oesteban  Machine: dna070  Platform: Linux  PlatformVersion: 5.14.0-427.37.1.el9_4.x86_64  CompilerName: GCC  CompilerVersion: 8.4.0
ProgramName: mri_cc  ProgramArguments: mri_cc -all-info  ProgramVersion: 7.3.2  TimeStamp: 2026/04/04-10:55:41-GMT  BuildTime: Aug  4 2022 06:17:15  BuildStamp: freesurfer-linux-ubuntu22_x86_64-7.3.2-20220804-6354275  User: oesteban  Machine: dna070  Platform: Linux  PlatformVersion: 5.14.0-427.37.1.el9_4.x86_64  CompilerName: GCC  CompilerVersion: 8.4.0
ProgramName: mri_compute_overlap  ProgramArguments: mri_compute_overlap -all-info  ProgramVersion: 7.3.2  TimeStamp: 2026/04/04-10:55:41-GMT  BuildTime: Aug  4 2022 06:17:15  BuildStamp: freesurfer-linux-ubuntu22_x86_64-7.3.2-20220804-6354275  User: oesteban  Machine: dna070  Platform: Linux  PlatformVersion: 5.14.0-427.37.1.el9_4.x86_64  CompilerName: GCC  CompilerVersion: 8.4.0
ProgramName: mri_compute_seg_overlap  ProgramArguments: mri_compute_seg_overlap -all-info  ProgramVersion: 7.3.2  TimeStamp: 2026/04/04-10:55:41-GMT  BuildTime: Aug  4 2022 06:17:15  BuildStamp: freesurfer-linux-ubuntu22_x86_64-7.3.2-20220804-6354275  User: oesteban  Machine: dna070  Platform: Linux  PlatformVersion: 5.14.0-427.37.1.el9_4.x86_64  CompilerName: GCC  CompilerVersion: 8.4.0
ProgramName: mri_concat  ProgramArguments: mri_concat -all-info  ProgramVersion: 7.3.2  TimeStamp: 2026/04/04-10:55:41-GMT  BuildTime: Aug  4 2022 06:17:15  BuildStamp: freesurfer-linux-ubuntu22_x86_64-7.3.2-20220804-6354275  User: oesteban  Machine: dna070  Platform: Linux  PlatformVersion: 5.14.0-427.37.1.el9_4.x86_64  CompilerName: GCC  CompilerVersion: 8.4.0
ProgramName: mri_concatenate_lta  ProgramArguments: mri_concatenate_lta -all-info  ProgramVersion: 7.3.2  TimeStamp: 2026/04/04-10:55:41-GMT  BuildTime: Aug  4 2022 06:17:15  BuildStamp: freesurfer-linux-ubuntu22_x86_64-7.3.2-20220804-6354275  User: oesteban  Machine: dna070  Platform: Linux  PlatformVersion: 5.14.0-427.37.1.el9_4.x86_64  CompilerName: GCC  CompilerVersion: 8.4.0
mri_convert -all-info 
ProgramName: mri_convert  ProgramArguments: mri_convert -all-info  ProgramVersion: 7.3.2  TimeStamp: 2026/04/04-10:55:41-GMT  BuildTime: Aug  4 2022 06:17:15  BuildStamp: freesurfer-linux-ubuntu22_x86_64-7.3.2-20220804-6354275  User: oesteban  Machine: dna070  Platform: Linux  PlatformVersion: 5.14.0-427.37.1.el9_4.x86_64  CompilerName: GCC  CompilerVersion: 8.4.0
ProgramName: mri_diff  ProgramArguments: mri_diff -all-info  ProgramVersion: 7.3.2  TimeStamp: 2026/04/04-10:55:41-GMT  BuildTime: Aug  4 2022 06:17:15  BuildStamp: freesurfer-linux-ubuntu22_x86_64-7.3.2-20220804-6354275  User: oesteban  Machine: dna070  Platform: Linux  PlatformVersion: 5.14.0-427.37.1.el9_4.x86_64  CompilerName: GCC  CompilerVersion: 8.4.0
ProgramName: mri_edit_wm_with_aseg  ProgramArguments: mri_edit_wm_with_aseg -all-info  ProgramVersion: 7.3.2  TimeStamp: 2026/04/04-10:55:41-GMT  BuildTime: Aug  4 2022 06:17:15  BuildStamp: freesurfer-linux-ubuntu22_x86_64-7.3.2-20220804-6354275  User: oesteban  Machine: dna070  Platform: Linux  PlatformVersion: 5.14.0-427.37.1.el9_4.x86_64  CompilerName: GCC  CompilerVersion: 8.4.0
ProgramName: mri_em_register  ProgramArguments: mri_em_register -all-info  ProgramVersion: 7.3.2  TimeStamp: 2026/04/04-10:55:41-GMT  BuildTime: Aug  4 2022 06:17:15  BuildStamp: freesurfer-linux-ubuntu22_x86_64-7.3.2-20220804-6354275  User: oesteban  Machine: dna070  Platform: Linux  PlatformVersion: 5.14.0-427.37.1.el9_4.x86_64  CompilerName: GCC  CompilerVersion: 8.4.0
ProgramName: mri_fill  ProgramArguments: mri_fill -all-info  ProgramVersion: 7.3.2  TimeStamp: 2026/04/04-10:55:41-GMT  BuildTime: Aug  4 2022 06:17:15  BuildStamp: freesurfer-linux-ubuntu22_x86_64-7.3.2-20220804-6354275  User: oesteban  Machine: dna070  Platform: Linux  PlatformVersion: 5.14.0-427.37.1.el9_4.x86_64  CompilerName: GCC  CompilerVersion: 8.4.0
ProgramName: mri_fuse_segmentations  ProgramArguments: mri_fuse_segmentations -all-info  ProgramVersion: 7.3.2  TimeStamp: 2026/04/04-10:55:41-GMT  BuildTime: Aug  4 2022 06:17:15  BuildStamp: freesurfer-linux-ubuntu22_x86_64-7.3.2-20220804-6354275  User: oesteban  Machine: dna070  Platform: Linux  PlatformVersion: 5.14.0-427.37.1.el9_4.x86_64  CompilerName: GCC  CompilerVersion: 8.4.0
ProgramName: mri_fwhm  ProgramArguments: mri_fwhm -all-info  ProgramVersion: 7.3.2  TimeStamp: 2026/04/04-10:55:41-GMT  BuildTime: Aug  4 2022 06:17:15  BuildStamp: freesurfer-linux-ubuntu22_x86_64-7.3.2-20220804-6354275  User: oesteban  Machine: dna070  Platform: Linux  PlatformVersion: 5.14.0-427.37.1.el9_4.x86_64  CompilerName: GCC  CompilerVersion: 8.4.0
ProgramName: mri_gcut  ProgramArguments: mri_gcut -all-info  ProgramVersion: 7.3.2  TimeStamp: 2026/04/04-10:55:41-GMT  BuildTime: Aug  4 2022 06:17:15  BuildStamp: freesurfer-linux-ubuntu22_x86_64-7.3.2-20220804-6354275  User: oesteban  Machine: dna070  Platform: Linux  PlatformVersion: 5.14.0-427.37.1.el9_4.x86_64  CompilerName: GCC  CompilerVersion: 8.4.0
ProgramName: mri_info  ProgramArguments: mri_info -all-info  ProgramVersion: 7.3.2  TimeStamp: 2026/04/04-10:55:41-GMT  BuildTime: Aug  4 2022 06:17:15  BuildStamp: freesurfer-linux-ubuntu22_x86_64-7.3.2-20220804-6354275  User: oesteban  Machine: dna070  Platform: Linux  PlatformVersion: 5.14.0-427.37.1.el9_4.x86_64  CompilerName: GCC  CompilerVersion: 8.4.0
ProgramName: mri_label2label  ProgramArguments: mri_label2label -all-info  ProgramVersion: 7.3.2  TimeStamp: 2026/04/04-10:55:41-GMT  BuildTime: Aug  4 2022 06:17:15  BuildStamp: freesurfer-linux-ubuntu22_x86_64-7.3.2-20220804-6354275  User: oesteban  Machine: dna070  Platform: Linux  PlatformVersion: 5.14.0-427.37.1.el9_4.x86_64  CompilerName: GCC  CompilerVersion: 8.4.0
ProgramName: mri_label2vol  ProgramArguments: mri_label2vol -all-info  ProgramVersion: 7.3.2  TimeStamp: 2026/04/04-10:55:41-GMT  BuildTime: Aug  4 2022 06:17:15  BuildStamp: freesurfer-linux-ubuntu22_x86_64-7.3.2-20220804-6354275  User: oesteban  Machine: dna070  Platform: Linux  PlatformVersion: 5.14.0-427.37.1.el9_4.x86_64  CompilerName: GCC  CompilerVersion: 8.4.0
ProgramName: mri_log_likelihood  ProgramArguments: mri_log_likelihood -all-info  ProgramVersion: 7.3.2  TimeStamp: 2026/04/04-10:55:41-GMT  BuildTime: Aug  4 2022 06:17:15  BuildStamp: freesurfer-linux-ubuntu22_x86_64-7.3.2-20220804-6354275  User: oesteban  Machine: dna070  Platform: Linux  PlatformVersion: 5.14.0-427.37.1.el9_4.x86_64  CompilerName: GCC  CompilerVersion: 8.4.0
ProgramName: mri_mask  ProgramArguments: mri_mask -all-info  ProgramVersion: 7.3.2  TimeStamp: 2026/04/04-10:55:41-GMT  BuildTime: Aug  4 2022 06:17:15  BuildStamp: freesurfer-linux-ubuntu22_x86_64-7.3.2-20220804-6354275  User: oesteban  Machine: dna070  Platform: Linux  PlatformVersion: 5.14.0-427.37.1.el9_4.x86_64  CompilerName: GCC  CompilerVersion: 8.4.0
ProgramName: mri_matrix_multiply  ProgramArguments: mri_matrix_multiply -all-info  ProgramVersion: 7.3.2  TimeStamp: 2026/04/04-10:55:41-GMT  BuildTime: Aug  4 2022 06:17:15  BuildStamp: freesurfer-linux-ubuntu22_x86_64-7.3.2-20220804-6354275  User: oesteban  Machine: dna070  Platform: Linux  PlatformVersion: 5.14.0-427.37.1.el9_4.x86_64  CompilerName: GCC  CompilerVersion: 8.4.0
ProgramName: mri_normalize  ProgramArguments: mri_normalize -all-info  ProgramVersion: 7.3.2  TimeStamp: 2026/04/04-10:55:41-GMT  BuildTime: Aug  4 2022 06:17:15  BuildStamp: freesurfer-linux-ubuntu22_x86_64-7.3.2-20220804-6354275  User: oesteban  Machine: dna070  Platform: Linux  PlatformVersion: 5.14.0-427.37.1.el9_4.x86_64  CompilerName: GCC  CompilerVersion: 8.4.0
ProgramName: mri_normalize_tp2  ProgramArguments: mri_normalize_tp2 -all-info  ProgramVersion: 7.3.2  TimeStamp: 2026/04/04-10:55:41-GMT  BuildTime: Aug  4 2022 06:17:15  BuildStamp: freesurfer-linux-ubuntu22_x86_64-7.3.2-20220804-6354275  User: oesteban  Machine: dna070  Platform: Linux  PlatformVersion: 5.14.0-427.37.1.el9_4.x86_64  CompilerName: GCC  CompilerVersion: 8.4.0
ProgramName: mri_or  ProgramArguments: mri_or -all-info  ProgramVersion: 7.3.2  TimeStamp: 2026/04/04-10:55:41-GMT  BuildTime: Aug  4 2022 06:17:15  BuildStamp: freesurfer-linux-ubuntu22_x86_64-7.3.2-20220804-6354275  User: oesteban  Machine: dna070  Platform: Linux  PlatformVersion: 5.14.0-427.37.1.el9_4.x86_64  CompilerName: GCC  CompilerVersion: 8.4.0
ProgramName: mri_relabel_hypointensities  ProgramArguments: mri_relabel_hypointensities -all-info  ProgramVersion: 7.3.2  TimeStamp: 2026/04/04-10:55:41-GMT  BuildTime: Aug  4 2022 06:17:15  BuildStamp: freesurfer-linux-ubuntu22_x86_64-7.3.2-20220804-6354275  User: oesteban  Machine: dna070  Platform: Linux  PlatformVersion: 5.14.0-427.37.1.el9_4.x86_64  CompilerName: GCC  CompilerVersion: 8.4.0
ProgramName: mri_relabel_nonwm_hypos  ProgramArguments: mri_relabel_nonwm_hypos -all-info  ProgramVersion: 7.3.2  TimeStamp: 2026/04/04-10:55:41-GMT  BuildTime: Aug  4 2022 06:17:15  BuildStamp: freesurfer-linux-ubuntu22_x86_64-7.3.2-20220804-6354275  User: oesteban  Machine: dna070  Platform: Linux  PlatformVersion: 5.14.0-427.37.1.el9_4.x86_64  CompilerName: GCC  CompilerVersion: 8.4.0
ProgramName: mri_remove_neck  ProgramArguments: mri_remove_neck -all-info  ProgramVersion: 7.3.2  TimeStamp: 2026/04/04-10:55:41-GMT  BuildTime: Aug  4 2022 06:17:15  BuildStamp: freesurfer-linux-ubuntu22_x86_64-7.3.2-20220804-6354275  User: oesteban  Machine: dna070  Platform: Linux  PlatformVersion: 5.14.0-427.37.1.el9_4.x86_64  CompilerName: GCC  CompilerVersion: 8.4.0
7.3.2

ProgramName: mri_robust_register  ProgramArguments: mri_robust_register -all-info  ProgramVersion: 7.3.2  TimeStamp: 2026/04/04-10:55:41-GMT  BuildTime: Aug  4 2022 06:17:15  BuildStamp: freesurfer-linux-ubuntu22_x86_64-7.3.2-20220804-6354275  User: oesteban  Machine: dna070  Platform: Linux  PlatformVersion: 5.14.0-427.37.1.el9_4.x86_64  CompilerName: GCC  CompilerVersion: 8.4.0
7.3.2

ProgramName: mri_robust_template  ProgramArguments: mri_robust_template -all-info  ProgramVersion: 7.3.2  TimeStamp: 2026/04/04-10:55:41-GMT  BuildTime: Aug  4 2022 06:17:15  BuildStamp: freesurfer-linux-ubuntu22_x86_64-7.3.2-20220804-6354275  User: oesteban  Machine: dna070  Platform: Linux  PlatformVersion: 5.14.0-427.37.1.el9_4.x86_64  CompilerName: GCC  CompilerVersion: 8.4.0
ProgramName: mris_anatomical_stats  ProgramArguments: mris_anatomical_stats -all-info  ProgramVersion: 7.3.2  TimeStamp: 2026/04/04-10:55:41-GMT  BuildTime: Aug  4 2022 06:17:15  BuildStamp: freesurfer-linux-ubuntu22_x86_64-7.3.2-20220804-6354275  User: oesteban  Machine: dna070  Platform: Linux  PlatformVersion: 5.14.0-427.37.1.el9_4.x86_64  CompilerName: GCC  CompilerVersion: 8.4.0
ProgramName: mris_ca_label  ProgramArguments: mris_ca_label -all-info  ProgramVersion: 7.3.2  TimeStamp: 2026/04/04-10:55:41-GMT  BuildTime: Aug  4 2022 06:17:15  BuildStamp: freesurfer-linux-ubuntu22_x86_64-7.3.2-20220804-6354275  User: oesteban  Machine: dna070  Platform: Linux  PlatformVersion: 5.14.0-427.37.1.el9_4.x86_64  CompilerName: GCC  CompilerVersion: 8.4.0
ProgramName: mris_calc  ProgramArguments: mris_calc -all-info  ProgramVersion: 7.3.2  TimeStamp: 2026/04/04-10:55:41-GMT  BuildTime: Aug  4 2022 06:17:15  BuildStamp: freesurfer-linux-ubuntu22_x86_64-7.3.2-20220804-6354275  User: oesteban  Machine: dna070  Platform: Linux  PlatformVersion: 5.14.0-427.37.1.el9_4.x86_64  CompilerName: GCC  CompilerVersion: 8.4.0
ProgramName: mris_convert  ProgramArguments: mris_convert -all-info  ProgramVersion: 7.3.2  TimeStamp: 2026/04/04-10:55:41-GMT  BuildTime: Aug  4 2022 06:17:15  BuildStamp: freesurfer-linux-ubuntu22_x86_64-7.3.2-20220804-6354275  User: oesteban  Machine: dna070  Platform: Linux  PlatformVersion: 5.14.0-427.37.1.el9_4.x86_64  CompilerName: GCC  CompilerVersion: 8.4.0
ProgramName: mris_curvature  ProgramArguments: mris_curvature -all-info  ProgramVersion: 7.3.2  TimeStamp: 2026/04/04-10:55:41-GMT  BuildTime: Aug  4 2022 06:17:15  BuildStamp: freesurfer-linux-ubuntu22_x86_64-7.3.2-20220804-6354275  User: oesteban  Machine: dna070  Platform: Linux  PlatformVersion: 5.14.0-427.37.1.el9_4.x86_64  CompilerName: GCC  CompilerVersion: 8.4.0
ProgramName: mris_curvature_stats  ProgramArguments: mris_curvature_stats -all-info  ProgramVersion: 7.3.2  TimeStamp: 2026/04/04-10:55:41-GMT  BuildTime: Aug  4 2022 06:17:15  BuildStamp: freesurfer-linux-ubuntu22_x86_64-7.3.2-20220804-6354275  User: oesteban  Machine: dna070  Platform: Linux  PlatformVersion: 5.14.0-427.37.1.el9_4.x86_64  CompilerName: GCC  CompilerVersion: 8.4.0
ProgramName: mris_diff  ProgramArguments: mris_diff -all-info  ProgramVersion: 7.3.2  TimeStamp: 2026/04/04-10:55:41-GMT  BuildTime: Aug  4 2022 06:17:15  BuildStamp: freesurfer-linux-ubuntu22_x86_64-7.3.2-20220804-6354275  User: oesteban  Machine: dna070  Platform: Linux  PlatformVersion: 5.14.0-427.37.1.el9_4.x86_64  CompilerName: GCC  CompilerVersion: 8.4.0
ProgramName: mris_divide_parcellation  ProgramArguments: mris_divide_parcellation -all-info  ProgramVersion: 7.3.2  TimeStamp: 2026/04/04-10:55:41-GMT  BuildTime: Aug  4 2022 06:17:15  BuildStamp: freesurfer-linux-ubuntu22_x86_64-7.3.2-20220804-6354275  User: oesteban  Machine: dna070  Platform: Linux  PlatformVersion: 5.14.0-427.37.1.el9_4.x86_64  CompilerName: GCC  CompilerVersion: 8.4.0
ProgramName: mri_segment  ProgramArguments: mri_segment -all-info  ProgramVersion: 7.3.2  TimeStamp: 2026/04/04-10:55:41-GMT  BuildTime: Aug  4 2022 06:17:15  BuildStamp: freesurfer-linux-ubuntu22_x86_64-7.3.2-20220804-6354275  User: oesteban  Machine: dna070  Platform: Linux  PlatformVersion: 5.14.0-427.37.1.el9_4.x86_64  CompilerName: GCC  CompilerVersion: 8.4.0
ProgramName: mri_segstats  ProgramArguments: mri_segstats -all-info  ProgramVersion: 7.3.2  TimeStamp: 2026/04/04-10:55:41-GMT  BuildTime: Aug  4 2022 06:17:15  BuildStamp: freesurfer-linux-ubuntu22_x86_64-7.3.2-20220804-6354275  User: oesteban  Machine: dna070  Platform: Linux  PlatformVersion: 5.14.0-427.37.1.el9_4.x86_64  CompilerName: GCC  CompilerVersion: 8.4.0
ProgramName: mris_euler_number  ProgramArguments: mris_euler_number -all-info  ProgramVersion: 7.3.2  TimeStamp: 2026/04/04-10:55:41-GMT  BuildTime: Aug  4 2022 06:17:15  BuildStamp: freesurfer-linux-ubuntu22_x86_64-7.3.2-20220804-6354275  User: oesteban  Machine: dna070  Platform: Linux  PlatformVersion: 5.14.0-427.37.1.el9_4.x86_64  CompilerName: GCC  CompilerVersion: 8.4.0
ProgramName: mris_fix_topology  ProgramArguments: mris_fix_topology -all-info  ProgramVersion: 7.3.2  TimeStamp: 2026/04/04-10:55:41-GMT  BuildTime: Aug  4 2022 06:17:15  BuildStamp: freesurfer-linux-ubuntu22_x86_64-7.3.2-20220804-6354275  User: oesteban  Machine: dna070  Platform: Linux  PlatformVersion: 5.14.0-427.37.1.el9_4.x86_64  CompilerName: GCC  CompilerVersion: 8.4.0
ProgramName: mris_topo_fixer  ProgramArguments: mris_topo_fixer -all-info  ProgramVersion: 7.3.2  TimeStamp: 2026/04/04-10:55:41-GMT  BuildTime: Aug  4 2022 06:17:15  BuildStamp: freesurfer-linux-ubuntu22_x86_64-7.3.2-20220804-6354275  User: oesteban  Machine: dna070  Platform: Linux  PlatformVersion: 5.14.0-427.37.1.el9_4.x86_64  CompilerName: GCC  CompilerVersion: 8.4.0
ProgramName: mris_jacobian  ProgramArguments: mris_jacobian -all-info  ProgramVersion: 7.3.2  TimeStamp: 2026/04/04-10:55:41-GMT  BuildTime: Aug  4 2022 06:17:15  BuildStamp: freesurfer-linux-ubuntu22_x86_64-7.3.2-20220804-6354275  User: oesteban  Machine: dna070  Platform: Linux  PlatformVersion: 5.14.0-427.37.1.el9_4.x86_64  CompilerName: GCC  CompilerVersion: 8.4.0
ProgramName: mris_label2annot  ProgramArguments: mris_label2annot -all-info  ProgramVersion: 7.3.2  TimeStamp: 2026/04/04-10:55:41-GMT  BuildTime: Aug  4 2022 06:17:15  BuildStamp: freesurfer-linux-ubuntu22_x86_64-7.3.2-20220804-6354275  User: oesteban  Machine: dna070  Platform: Linux  PlatformVersion: 5.14.0-427.37.1.el9_4.x86_64  CompilerName: GCC  CompilerVersion: 8.4.0
ProgramName: mris_left_right_register  ProgramArguments: mris_left_right_register -all-info  ProgramVersion: 7.3.2  TimeStamp: 2026/04/04-10:55:41-GMT  BuildTime: Aug  4 2022 06:17:15  BuildStamp: freesurfer-linux-ubuntu22_x86_64-7.3.2-20220804-6354275  User: oesteban  Machine: dna070  Platform: Linux  PlatformVersion: 5.14.0-427.37.1.el9_4.x86_64  CompilerName: GCC  CompilerVersion: 8.4.0
ProgramName: mris_place_surface  ProgramArguments: mris_place_surface -all-info  ProgramVersion: 7.3.2  TimeStamp: 2026/04/04-10:55:41-GMT  BuildTime: Aug  4 2022 06:17:15  BuildStamp: freesurfer-linux-ubuntu22_x86_64-7.3.2-20220804-6354275  User: oesteban  Machine: dna070  Platform: Linux  PlatformVersion: 5.14.0-427.37.1.el9_4.x86_64  CompilerName: GCC  CompilerVersion: 8.4.0
ProgramName: mrisp_paint  ProgramArguments: mrisp_paint -all-info  ProgramVersion: 7.3.2  TimeStamp: 2026/04/04-10:55:41-GMT  BuildTime: Aug  4 2022 06:17:15  BuildStamp: freesurfer-linux-ubuntu22_x86_64-7.3.2-20220804-6354275  User: oesteban  Machine: dna070  Platform: Linux  PlatformVersion: 5.14.0-427.37.1.el9_4.x86_64  CompilerName: GCC  CompilerVersion: 8.4.0
ProgramName: mris_register  ProgramArguments: mris_register -all-info  ProgramVersion: 7.3.2  TimeStamp: 2026/04/04-10:55:41-GMT  BuildTime: Aug  4 2022 06:17:15  BuildStamp: freesurfer-linux-ubuntu22_x86_64-7.3.2-20220804-6354275  User: oesteban  Machine: dna070  Platform: Linux  PlatformVersion: 5.14.0-427.37.1.el9_4.x86_64  CompilerName: GCC  CompilerVersion: 8.4.0
ProgramName: mris_smooth  ProgramArguments: mris_smooth -all-info  ProgramVersion: 7.3.2  TimeStamp: 2026/04/04-10:55:41-GMT  BuildTime: Aug  4 2022 06:17:15  BuildStamp: freesurfer-linux-ubuntu22_x86_64-7.3.2-20220804-6354275  User: oesteban  Machine: dna070  Platform: Linux  PlatformVersion: 5.14.0-427.37.1.el9_4.x86_64  CompilerName: GCC  CompilerVersion: 8.4.0
ProgramName: mris_sphere  ProgramArguments: mris_sphere -all-info  ProgramVersion: 7.3.2  TimeStamp: 2026/04/04-10:55:41-GMT  BuildTime: Aug  4 2022 06:17:15  BuildStamp: freesurfer-linux-ubuntu22_x86_64-7.3.2-20220804-6354275  User: oesteban  Machine: dna070  Platform: Linux  PlatformVersion: 5.14.0-427.37.1.el9_4.x86_64  CompilerName: GCC  CompilerVersion: 8.4.0
ProgramName: mris_surface_stats  ProgramArguments: mris_surface_stats -all-info  ProgramVersion: 7.3.2  TimeStamp: 2026/04/04-10:55:41-GMT  BuildTime: Aug  4 2022 06:17:15  BuildStamp: freesurfer-linux-ubuntu22_x86_64-7.3.2-20220804-6354275  User: oesteban  Machine: dna070  Platform: Linux  PlatformVersion: 5.14.0-427.37.1.el9_4.x86_64  CompilerName: GCC  CompilerVersion: 8.4.0
ProgramName: mri_stats2seg  ProgramArguments: mri_stats2seg -all-info  ProgramVersion: 7.3.2  TimeStamp: 2026/04/04-10:55:41-GMT  BuildTime: Aug  4 2022 06:17:15  BuildStamp: freesurfer-linux-ubuntu22_x86_64-7.3.2-20220804-6354275  User: oesteban  Machine: dna070  Platform: Linux  PlatformVersion: 5.14.0-427.37.1.el9_4.x86_64  CompilerName: GCC  CompilerVersion: 8.4.0
ProgramName: mris_thickness  ProgramArguments: mris_thickness -all-info  ProgramVersion: 7.3.2  TimeStamp: 2026/04/04-10:55:41-GMT  BuildTime: Aug  4 2022 06:17:15  BuildStamp: freesurfer-linux-ubuntu22_x86_64-7.3.2-20220804-6354275  User: oesteban  Machine: dna070  Platform: Linux  PlatformVersion: 5.14.0-427.37.1.el9_4.x86_64  CompilerName: GCC  CompilerVersion: 8.4.0
ProgramName: mris_thickness_diff  ProgramArguments: mris_thickness_diff -all-info  ProgramVersion: 7.3.2  TimeStamp: 2026/04/04-10:55:41-GMT  BuildTime: Aug  4 2022 06:17:15  BuildStamp: freesurfer-linux-ubuntu22_x86_64-7.3.2-20220804-6354275  User: oesteban  Machine: dna070  Platform: Linux  PlatformVersion: 5.14.0-427.37.1.el9_4.x86_64  CompilerName: GCC  CompilerVersion: 8.4.0
ProgramName: mris_topo_fixer  ProgramArguments: mris_topo_fixer -all-info  ProgramVersion: 7.3.2  TimeStamp: 2026/04/04-10:55:41-GMT  BuildTime: Aug  4 2022 06:17:15  BuildStamp: freesurfer-linux-ubuntu22_x86_64-7.3.2-20220804-6354275  User: oesteban  Machine: dna070  Platform: Linux  PlatformVersion: 5.14.0-427.37.1.el9_4.x86_64  CompilerName: GCC  CompilerVersion: 8.4.0
ProgramName: mri_surf2surf  ProgramArguments: mri_surf2surf -all-info  ProgramVersion: 7.3.2  TimeStamp: 2026/04/04-10:55:41-GMT  BuildTime: Aug  4 2022 06:17:15  BuildStamp: freesurfer-linux-ubuntu22_x86_64-7.3.2-20220804-6354275  User: oesteban  Machine: dna070  Platform: Linux  PlatformVersion: 5.14.0-427.37.1.el9_4.x86_64  CompilerName: GCC  CompilerVersion: 8.4.0
ProgramName: mri_surf2vol  ProgramArguments: mri_surf2vol -all-info  ProgramVersion: 7.3.2  TimeStamp: 2026/04/04-10:55:41-GMT  BuildTime: Aug  4 2022 06:17:15  BuildStamp: freesurfer-linux-ubuntu22_x86_64-7.3.2-20220804-6354275  User: oesteban  Machine: dna070  Platform: Linux  PlatformVersion: 5.14.0-427.37.1.el9_4.x86_64  CompilerName: GCC  CompilerVersion: 8.4.0
ProgramName: mri_surfcluster  ProgramArguments: mri_surfcluster -all-info  ProgramVersion: 7.3.2  TimeStamp: 2026/04/04-10:55:41-GMT  BuildTime: Aug  4 2022 06:17:15  BuildStamp: freesurfer-linux-ubuntu22_x86_64-7.3.2-20220804-6354275  User: oesteban  Machine: dna070  Platform: Linux  PlatformVersion: 5.14.0-427.37.1.el9_4.x86_64  CompilerName: GCC  CompilerVersion: 8.4.0
ProgramName: mris_volmask  ProgramArguments: mris_volmask -all-info  ProgramVersion: 7.3.2  TimeStamp: 2026/04/04-10:55:41-GMT  BuildTime: Aug  4 2022 06:17:15  BuildStamp: freesurfer-linux-ubuntu22_x86_64-7.3.2-20220804-6354275  User: oesteban  Machine: dna070  Platform: Linux  PlatformVersion: 5.14.0-427.37.1.el9_4.x86_64  CompilerName: GCC  CompilerVersion: 8.4.0
ProgramName: mri_tessellate  ProgramArguments: mri_tessellate -all-info  ProgramVersion: 7.3.2  TimeStamp: 2026/04/04-10:55:41-GMT  BuildTime: Aug  4 2022 06:17:15  BuildStamp: freesurfer-linux-ubuntu22_x86_64-7.3.2-20220804-6354275  User: oesteban  Machine: dna070  Platform: Linux  PlatformVersion: 5.14.0-427.37.1.el9_4.x86_64  CompilerName: GCC  CompilerVersion: 8.4.0
ProgramName: mri_vol2surf  ProgramArguments: mri_vol2surf -all-info  ProgramVersion: 7.3.2  TimeStamp: 2026/04/04-10:55:41-GMT  BuildTime: Aug  4 2022 06:17:15  BuildStamp: freesurfer-linux-ubuntu22_x86_64-7.3.2-20220804-6354275  User: oesteban  Machine: dna070  Platform: Linux  PlatformVersion: 5.14.0-427.37.1.el9_4.x86_64  CompilerName: GCC  CompilerVersion: 8.4.0
ProgramName: mri_vol2vol  ProgramArguments: mri_vol2vol -all-info  ProgramVersion: 7.3.2  TimeStamp: 2026/04/04-10:55:41-GMT  BuildTime: Aug  4 2022 06:17:15  BuildStamp: freesurfer-linux-ubuntu22_x86_64-7.3.2-20220804-6354275  User: oesteban  Machine: dna070  Platform: Linux  PlatformVersion: 5.14.0-427.37.1.el9_4.x86_64  CompilerName: GCC  CompilerVersion: 8.4.0
ProgramName: mri_voldiff  ProgramArguments: mri_voldiff -all-info  ProgramVersion: 7.3.2  TimeStamp: 2026/04/04-10:55:41-GMT  BuildTime: Aug  4 2022 06:17:15  BuildStamp: freesurfer-linux-ubuntu22_x86_64-7.3.2-20220804-6354275  User: oesteban  Machine: dna070  Platform: Linux  PlatformVersion: 5.14.0-427.37.1.el9_4.x86_64  CompilerName: GCC  CompilerVersion: 8.4.0
ProgramName: mri_watershed  ProgramArguments: mri_watershed -all-info  ProgramVersion: 7.3.2  TimeStamp: 2026/04/04-10:55:41-GMT  BuildTime: Aug  4 2022 06:17:15  BuildStamp: freesurfer-linux-ubuntu22_x86_64-7.3.2-20220804-6354275  User: oesteban  Machine: dna070  Platform: Linux  PlatformVersion: 5.14.0-427.37.1.el9_4.x86_64  CompilerName: GCC  CompilerVersion: 8.4.0
ProgramName: tkregister2  ProgramArguments: tkregister2_cmdl -all-info  ProgramVersion: 7.3.2  TimeStamp: 2026/04/04-10:55:41-GMT  BuildTime: Aug  4 2022 06:17:15  BuildStamp: freesurfer-linux-ubuntu22_x86_64-7.3.2-20220804-6354275  User: oesteban  Machine: dna070  Platform: Linux  PlatformVersion: 5.14.0-427.37.1.el9_4.x86_64  CompilerName: GCC  CompilerVersion: 8.4.0
mri_motion_correct.fsl 7.3.2
mri_convert -all-info 
ProgramName: mri_convert  ProgramArguments: mri_convert -all-info  ProgramVersion: 7.3.2  TimeStamp: 2026/04/04-10:55:41-GMT  BuildTime: Aug  4 2022 06:17:15  BuildStamp: freesurfer-linux-ubuntu22_x86_64-7.3.2-20220804-6354275  User: oesteban  Machine: dna070  Platform: Linux  PlatformVersion: 5.14.0-427.37.1.el9_4.x86_64  CompilerName: GCC  CompilerVersion: 8.4.0
Program nu_correct, built from:
Package MNI N3, version 1.12.0, compiled by nicks@terrier (x86_64-unknown-linux-gnu) on 2015-06-19 at 01:25:34
#######################################
GCADIR /opt/freesurfer/average
GCA RB_all_2020-01-02.gca
GCASkull RB_all_withskull_2020_01_02.gca
AvgCurvTif folding.atlas.acfb40.noaparc.i12.2016-08-02.tif
GCSDIR /opt/freesurfer/average
GCS DKaparc.atlas.acfb40.noaparc.i12.2016-08-02.gcs
#######################################
#--------------------------------------------
#@# Tessellate rh Sat Apr  4 12:55:41 CEST 2026
/out/sourcedata/freesurfer/sub-v1s12x0050109_ses-1/scripts

 mri_pretess ../mri/filled.mgz 127 ../mri/norm.mgz ../mri/filled-pretess127.mgz 


Iteration Number : 1
pass   1 (xy+):   0 found -   0 modified     |    TOTAL:   0
pass   1 (xy-):   1 found -   1 modified     |    TOTAL:   1
pass   2 (xy-):   0 found -   1 modified     |    TOTAL:   1
pass   1 (yz+):   6 found -   6 modified     |    TOTAL:   7
pass   2 (yz+):   0 found -   6 modified     |    TOTAL:   7
pass   1 (yz-):   5 found -   5 modified     |    TOTAL:  12
pass   2 (yz-):   0 found -   5 modified     |    TOTAL:  12
pass   1 (xz+):   0 found -   0 modified     |    TOTAL:  12
pass   1 (xz-):   0 found -   0 modified     |    TOTAL:  12
Iteration Number : 1
pass   1 (+++):   0 found -   0 modified     |    TOTAL:   0
pass   1 (+++):   0 found -   0 modified     |    TOTAL:   0
pass   1 (+++):   0 found -   0 modified     |    TOTAL:   0
pass   1 (+++):   1 found -   1 modified     |    TOTAL:   1
pass   2 (+++):   0 found -   1 modified     |    TOTAL:   1
Iteration Number : 1
pass   1 (++):   0 found -   0 modified     |    TOTAL:   0
pass   1 (+-):   0 found -   0 modified     |    TOTAL:   0
pass   1 (--):   0 found -   0 modified     |    TOTAL:   0
pass   1 (-+):   0 found -   0 modified     |    TOTAL:   0
Iteration Number : 2
pass   1 (xy+):   0 found -   0 modified     |    TOTAL:   0
pass   1 (xy-):   0 found -   0 modified     |    TOTAL:   0
pass   1 (yz+):   0 found -   0 modified     |    TOTAL:   0
pass   1 (yz-):   0 found -   0 modified     |    TOTAL:   0
pass   1 (xz+):   0 found -   0 modified     |    TOTAL:   0
pass   1 (xz-):   0 found -   0 modified     |    TOTAL:   0
Iteration Number : 2
pass   1 (+++):   0 found -   0 modified     |    TOTAL:   0
pass   1 (+++):   0 found -   0 modified     |    TOTAL:   0
pass   1 (+++):   0 found -   0 modified     |    TOTAL:   0
pass   1 (+++):   0 found -   0 modified     |    TOTAL:   0
Iteration Number : 2
pass   1 (++):   0 found -   0 modified     |    TOTAL:   0
pass   1 (+-):   0 found -   0 modified     |    TOTAL:   0
pass   1 (--):   0 found -   0 modified     |    TOTAL:   0
pass   1 (-+):   0 found -   0 modified     |    TOTAL:   0

Total Number of Modified Voxels = 13 (out of 266946: 0.004870)
Ambiguous edge configurations... 

mri_pretess done


 mri_tessellate ../mri/filled-pretess127.mgz 127 ../surf/rh.orig.nofix 

7.3.2
  7.3.2
slice 50: 1538 vertices, 1684 faces
slice 60: 8799 vertices, 9115 faces
slice 70: 19799 vertices, 20186 faces
slice 80: 32234 vertices, 32671 faces
slice 90: 45387 vertices, 45834 faces
slice 100: 57177 vertices, 57565 faces
slice 110: 68457 vertices, 68861 faces
slice 120: 79612 vertices, 79979 faces
slice 130: 89687 vertices, 90062 faces
slice 140: 100269 vertices, 100634 faces
slice 150: 109497 vertices, 109839 faces
slice 160: 118715 vertices, 119012 faces
slice 170: 125492 vertices, 125713 faces
slice 180: 130571 vertices, 130756 faces
slice 190: 133643 vertices, 133731 faces
slice 200: 134360 vertices, 134378 faces
slice 210: 134360 vertices, 134378 faces
slice 220: 134360 vertices, 134378 faces
slice 230: 134360 vertices, 134378 faces
slice 240: 134360 vertices, 134378 faces
slice 250: 134360 vertices, 134378 faces
using the conformed surface RAS to save vertex points...
writing ../surf/rh.orig.nofix
using vox2ras matrix:
-1.00000   0.00000   0.00000   128.00000;
 0.00000   0.00000   1.00000  -128.00000;
 0.00000  -1.00000   0.00000   128.00000;
 0.00000   0.00000   0.00000   1.00000;

 rm -f ../mri/filled-pretess127.mgz 


 mris_extract_main_component ../surf/rh.orig.nofix ../surf/rh.orig.nofix 


counting number of connected components...
   134360 voxel in cpt #1: X=-18 [v=134360,e=403134,f=268756] located at (22.365019, -17.402582, 6.741232)
For the whole surface: X=-18 [v=134360,e=403134,f=268756]
One single component has been found
nothing to do
done

#--------------------------------------------
#@# Smooth1 rh Sat Apr  4 12:55:43 CEST 2026
/out/sourcedata/freesurfer/sub-v1s12x0050109_ses-1/scripts

 mris_smooth -nw -seed 1234 ../surf/rh.orig.nofix ../surf/rh.smoothwm.nofix 

setting seed for random number generator to 1234
smoothing surface tessellation for 10 iterations...
smoothing complete - recomputing first and second fundamental forms...
#--------------------------------------------
#@# Inflation1 rh Sat Apr  4 12:55:45 CEST 2026
/out/sourcedata/freesurfer/sub-v1s12x0050109_ses-1/scripts

 mris_inflate -no-save-sulc ../surf/rh.smoothwm.nofix ../surf/rh.inflated.nofix 

Not saving sulc
Reading ../surf/rh.smoothwm.nofix
avg radius = 46.1 mm, total surface area = 71523 mm^2
step 000: RMS=0.151 (target=0.015)   step 005: RMS=0.114 (target=0.015)   step 010: RMS=0.083 (target=0.015)   step 015: RMS=0.068 (target=0.015)   step 020: RMS=0.059 (target=0.015)   step 025: RMS=0.051 (target=0.015)   step 030: RMS=0.045 (target=0.015)   step 035: RMS=0.040 (target=0.015)   step 040: RMS=0.037 (target=0.015)   step 045: RMS=0.034 (target=0.015)   step 050: RMS=0.033 (target=0.015)   step 055: RMS=0.032 (target=0.015)   step 060: RMS=0.032 (target=0.015)   writing inflated surface to ../surf/rh.inflated.nofix
inflation took 0.1 minutes

inflation complete.
Not saving sulc
mris_inflate utimesec    35.288195
mris_inflate stimesec    0.397105
mris_inflate ru_maxrss   211720
mris_inflate ru_ixrss    0
mris_inflate ru_idrss    0
mris_inflate ru_isrss    0
mris_inflate ru_minflt   67863
mris_inflate ru_majflt   8
mris_inflate ru_nswap    0
mris_inflate ru_inblock  0
mris_inflate ru_oublock  9456
mris_inflate ru_msgsnd   0
mris_inflate ru_msgrcv   0
mris_inflate ru_nsignals 0
mris_inflate ru_nvcsw    4705
mris_inflate ru_nivcsw   101
#--------------------------------------------
#@# QSphere rh Sat Apr  4 12:55:52 CEST 2026
/out/sourcedata/freesurfer/sub-v1s12x0050109_ses-1/scripts

 mris_sphere -q -p 6 -a 128 -seed 1234 ../surf/rh.inflated.nofix ../surf/rh.qsphere.nofix 

doing quick spherical unfolding.
limitting unfolding to 6 passes
using n_averages = 128
setting seed for random number genererator to 1234
version: 7.3.2
available threads: 16
scaling brain by 0.337...
inflating...
projecting onto sphere...
surface projected - minimizing metric distortion...
vertex spacing 1.01 +- 0.56 (0.00-->7.75) (max @ vno 62437 --> 63573)
face area 0.03 +- 0.04 (-0.19-->0.60)
Entering MRISinflateToSphere()
inflating to sphere (rms error < 2.00)
000: dt: 0.0000, rms radial error=175.048, avgs=0
005/300: dt: 0.9000, rms radial error=174.793, avgs=0
010/300: dt: 0.9000, rms radial error=174.246, avgs=0
015/300: dt: 0.9000, rms radial error=173.526, avgs=0
020/300: dt: 0.9000, rms radial error=172.703, avgs=0
025/300: dt: 0.9000, rms radial error=171.813, avgs=0
030/300: dt: 0.9000, rms radial error=170.891, avgs=0
035/300: dt: 0.9000, rms radial error=169.951, avgs=0
040/300: dt: 0.9000, rms radial error=169.003, avgs=0
045/300: dt: 0.9000, rms radial error=168.052, avgs=0
050/300: dt: 0.9000, rms radial error=167.103, avgs=0
055/300: dt: 0.9000, rms radial error=166.157, avgs=0
060/300: dt: 0.9000, rms radial error=165.213, avgs=0
065/300: dt: 0.9000, rms radial error=164.274, avgs=0
070/300: dt: 0.9000, rms radial error=163.341, avgs=0
075/300: dt: 0.9000, rms radial error=162.413, avgs=0
080/300: dt: 0.9000, rms radial error=161.498, avgs=0
085/300: dt: 0.9000, rms radial error=160.588, avgs=0
090/300: dt: 0.9000, rms radial error=159.682, avgs=0
095/300: dt: 0.9000, rms radial error=158.781, avgs=0
100/300: dt: 0.9000, rms radial error=157.889, avgs=0
105/300: dt: 0.9000, rms radial error=157.001, avgs=0
110/300: dt: 0.9000, rms radial error=156.118, avgs=0
115/300: dt: 0.9000, rms radial error=155.240, avgs=0
120/300: dt: 0.9000, rms radial error=154.367, avgs=0
125/300: dt: 0.9000, rms radial error=153.499, avgs=0
130/300: dt: 0.9000, rms radial error=152.636, avgs=0
135/300: dt: 0.9000, rms radial error=151.778, avgs=0
140/300: dt: 0.9000, rms radial error=150.924, avgs=0
145/300: dt: 0.9000, rms radial error=150.075, avgs=0
150/300: dt: 0.9000, rms radial error=149.231, avgs=0
155/300: dt: 0.9000, rms radial error=148.391, avgs=0
160/300: dt: 0.9000, rms radial error=147.556, avgs=0
165/300: dt: 0.9000, rms radial error=146.725, avgs=0
170/300: dt: 0.9000, rms radial error=145.899, avgs=0
175/300: dt: 0.9000, rms radial error=145.077, avgs=0
180/300: dt: 0.9000, rms radial error=144.262, avgs=0
185/300: dt: 0.9000, rms radial error=143.450, avgs=0
190/300: dt: 0.9000, rms radial error=142.643, avgs=0
195/300: dt: 0.9000, rms radial error=141.841, avgs=0
200/300: dt: 0.9000, rms radial error=141.043, avgs=0
205/300: dt: 0.9000, rms radial error=140.249, avgs=0
210/300: dt: 0.9000, rms radial error=139.460, avgs=0
215/300: dt: 0.9000, rms radial error=138.675, avgs=0
220/300: dt: 0.9000, rms radial error=137.895, avgs=0
225/300: dt: 0.9000, rms radial error=137.118, avgs=0
230/300: dt: 0.9000, rms radial error=136.346, avgs=0
235/300: dt: 0.9000, rms radial error=135.579, avgs=0
240/300: dt: 0.9000, rms radial error=134.815, avgs=0
245/300: dt: 0.9000, rms radial error=134.056, avgs=0
250/300: dt: 0.9000, rms radial error=133.301, avgs=0
255/300: dt: 0.9000, rms radial error=132.550, avgs=0
260/300: dt: 0.9000, rms radial error=131.804, avgs=0
265/300: dt: 0.9000, rms radial error=131.062, avgs=0
270/300: dt: 0.9000, rms radial error=130.323, avgs=0
275/300: dt: 0.9000, rms radial error=129.589, avgs=0
280/300: dt: 0.9000, rms radial error=128.859, avgs=0
285/300: dt: 0.9000, rms radial error=128.133, avgs=0
290/300: dt: 0.9000, rms radial error=127.411, avgs=0
295/300: dt: 0.9000, rms radial error=126.693, avgs=0
300/300: dt: 0.9000, rms radial error=125.979, avgs=0

spherical inflation complete.
epoch 1 (K=10.0), pass 1, starting sse = 15240.80
taking momentum steps...
taking momentum steps...
taking momentum steps...
taking momentum steps...
pass 1 complete, delta sse/iter = 0.01/13 = 0.00044
epoch 2 (K=40.0), pass 1, starting sse = 2320.92
taking momentum steps...
taking momentum steps...
taking momentum steps...
taking momentum steps...
pass 1 complete, delta sse/iter = 0.00/13 = 0.00036
epoch 3 (K=160.0), pass 1, starting sse = 197.68
taking momentum steps...
taking momentum steps...
taking momentum steps...
taking momentum steps...
pass 1 complete, delta sse/iter = 0.13/18 = 0.00698
epoch 4 (K=640.0), pass 1, starting sse = 10.70
taking momentum steps...
taking momentum steps...
taking momentum steps...
taking momentum steps...
pass 1 complete, delta sse/iter = 0.18/24 = 0.00745
final distance error %100000.00
writing spherical brain to ../surf/rh.qsphere.nofix
spherical transformation took 0.0112 hours
FSRUNTIME@ mris_sphere  0.0112 hours 16 threads
#VMPC# mris_sphere VmPeak  2193200
mris_sphere done
#@# Fix Topology rh Sat Apr  4 12:56:32 CEST 2026

 mris_fix_topology -mgz -sphere qsphere.nofix -inflated inflated.nofix -orig orig.nofix -out orig.premesh -ga -seed 1234 sub-v1s12x0050109_ses-1 rh 

reading spherical homeomorphism from 'qsphere.nofix'
reading inflated coordinates from 'inflated.nofix'
reading original coordinates from 'orig.nofix'
using genetic algorithm with optimized parameters
setting seed for random number genererator to 1234

*************************************************************
Topology Correction Parameters
retessellation mode:           genetic search
number of patches/generation : 10
number of generations :        10
surface mri loglikelihood coefficient :         1.0
volume mri loglikelihood coefficient :          10.0
normal dot loglikelihood coefficient :          1.0
quadratic curvature loglikelihood coefficient : 1.0
volume resolution :                             2
eliminate vertices during search :              1
initial patch selection :                       1
select all defect vertices :                    0
ordering dependant retessellation:              0
use precomputed edge table :                    0
smooth retessellated patch :                    2
match retessellated patch :                     1
verbose mode :                                  0

*************************************************************
INFO: assuming .mgz format
writing corrected surface to 'orig.premesh'
7.3.2
  7.3.2
before topology correction, eno=-18 (nv=134360, nf=268756, ne=403134, g=10)
using quasi-homeomorphic spherical map to tessellate cortical surface...

Correction of the Topology
Finding true center and radius of Spherical Surface...done
Surface centered at (0,0,0) with radius 100.0 in 11 iterations
marking ambiguous vertices...
2874 ambiguous faces found in tessellation
segmenting defects...
19 defects found, arbitrating ambiguous regions...
analyzing neighboring defects...
      -merging segment 15 into 10
18 defects to be corrected 
0 vertices coincident
reading input surface /out/sourcedata/freesurfer/sub-v1s12x0050109_ses-1/surf/rh.qsphere.nofix...
reading brain volume from brain...
reading wm segmentation from wm...
Reading original properties of orig.nofix
Reading vertex positions of inflated.nofix
Computing Initial Surface Statistics
      -face       loglikelihood: -9.0717  (-4.5358)
      -vertex     loglikelihood: -5.9977  (-2.9989)
      -normal dot loglikelihood: -3.5885  (-3.5885)
      -quad curv  loglikelihood: -6.2091  (-3.1046)
      Total Loglikelihood : -24.8670
CORRECTING DEFECT 0 (vertices=8, convex hull=29, v0=11652)
After retessellation of defect 0 (v0=11652), euler #=-16 (132656,397456,264784) : difference with theory (-15) = 1 
CORRECTING DEFECT 1 (vertices=11, convex hull=26, v0=16242)
After retessellation of defect 1 (v0=16242), euler #=-15 (132657,397467,264795) : difference with theory (-14) = 1 
CORRECTING DEFECT 2 (vertices=6, convex hull=23, v0=20807)
After retessellation of defect 2 (v0=20807), euler #=-14 (132659,397479,264806) : difference with theory (-13) = 1 
CORRECTING DEFECT 3 (vertices=26, convex hull=52, v0=38311)
After retessellation of defect 3 (v0=38311), euler #=-13 (132666,397517,264838) : difference with theory (-12) = 1 
CORRECTING DEFECT 4 (vertices=9, convex hull=25, v0=48791)
After retessellation of defect 4 (v0=48791), euler #=-12 (132669,397534,264853) : difference with theory (-11) = 1 
CORRECTING DEFECT 5 (vertices=449, convex hull=205, v0=53238)
After retessellation of defect 5 (v0=53238), euler #=-11 (132783,397988,265194) : difference with theory (-10) = 1 
CORRECTING DEFECT 6 (vertices=32, convex hull=27, v0=62352)
After retessellation of defect 6 (v0=62352), euler #=-10 (132786,398003,265207) : difference with theory (-9) = 1 
CORRECTING DEFECT 7 (vertices=20, convex hull=16, v0=79502)
After retessellation of defect 7 (v0=79502), euler #=-9 (132787,398012,265216) : difference with theory (-8) = 1 
CORRECTING DEFECT 8 (vertices=70, convex hull=56, v0=80163)
After retessellation of defect 8 (v0=80163), euler #=-8 (132808,398097,265281) : difference with theory (-7) = 1 
CORRECTING DEFECT 9 (vertices=65, convex hull=45, v0=96954)
After retessellation of defect 9 (v0=96954), euler #=-7 (132824,398165,265334) : difference with theory (-6) = 1 
CORRECTING DEFECT 10 (vertices=435, convex hull=329, v0=100951)
After retessellation of defect 10 (v0=100951), euler #=-5 (132928,398632,265699) : difference with theory (-5) = 0 
CORRECTING DEFECT 11 (vertices=30, convex hull=41, v0=101292)
After retessellation of defect 11 (v0=101292), euler #=-4 (132947,398705,265754) : difference with theory (-4) = 0 
CORRECTING DEFECT 12 (vertices=10, convex hull=16, v0=102833)
After retessellation of defect 12 (v0=102833), euler #=-3 (132947,398709,265759) : difference with theory (-3) = 0 
CORRECTING DEFECT 13 (vertices=326, convex hull=59, v0=105807)
After retessellation of defect 13 (v0=105807), euler #=-2 (132960,398772,265810) : difference with theory (-2) = 0 
CORRECTING DEFECT 14 (vertices=80, convex hull=117, v0=110194)
After retessellation of defect 14 (v0=110194), euler #=-1 (133011,398979,265967) : difference with theory (-1) = 0 
CORRECTING DEFECT 15 (vertices=7, convex hull=25, v0=112130)
After retessellation of defect 15 (v0=112130), euler #=0 (133014,398996,265982) : difference with theory (0) = 0 
CORRECTING DEFECT 16 (vertices=55, convex hull=64, v0=113094)
After retessellation of defect 16 (v0=113094), euler #=1 (133040,399099,266060) : difference with theory (1) = 0 
CORRECTING DEFECT 17 (vertices=65, convex hull=43, v0=129533)
After retessellation of defect 17 (v0=129533), euler #=2 (133048,399138,266092) : difference with theory (2) = 0 
computing original vertex metric properties...
storing new metric properties...
computing tessellation statistics...
vertex spacing 0.88 +- 0.21 (0.08-->6.85) (max @ vno 56715 --> 132913)
face area -nan +- -nan (1000.00-->-1.00)
performing soap bubble on retessellated vertices for 0 iterations...
vertex spacing 0.88 +- 0.21 (0.08-->6.85) (max @ vno 56715 --> 132913)
face area -nan +- -nan (1000.00-->-1.00)
tessellation finished, orienting corrected surface...
60 mutations (37.5%), 100 crossovers (62.5%), 106 vertices were eliminated
building final representation...
1312 vertices and 0 faces have been removed from triangulation
after topology correction, eno=2 (nv=133048, nf=266092, ne=399138, g=0)
writing corrected surface to /out/sourcedata/freesurfer/sub-v1s12x0050109_ses-1/surf/rh.orig.premesh...

0.000 % of the vertices (0 vertices) exhibit an orientation change
removing intersecting faces
000: 111 intersecting
terminating search with 0 intersecting
topology fixing took 0.7 minutes
FSRUNTIME@ mris_fix_topology rh  0.0120 hours 16 threads
#VMPC# mris_fix_topology VmPeak  1850040

 mris_euler_number ../surf/rh.orig.premesh 

euler # = v-e+f = 2g-2: 133048 - 399138 + 266092 = 2 --> 0 holes
      F =2V-4:          266092 = 266096-4 (0)
      2E=3F:            798276 = 798276 (0)

total defect index = 0
Sat Apr  4 12:57:16 CEST 2026

setenv SUBJECTS_DIR /out/sourcedata/freesurfer
cd /out/sourcedata/freesurfer/sub-v1s12x0050109_ses-1/scripts
/opt/freesurfer/bin/defect2seg --s sub-v1s12x0050109_ses-1 --rh-only --cortex

freesurfer-linux-ubuntu22_x86_64-7.3.2-20220804-6354275
defect2seg 7.3.2
Linux dna070 5.14.0-427.37.1.el9_4.x86_64 #1 SMP PREEMPT_DYNAMIC Fri Sep 13 12:41:50 EDT 2024 x86_64 x86_64 x86_64 GNU/Linux
pid 2269255
mri_label2label --label-cortex /out/sourcedata/freesurfer/sub-v1s12x0050109_ses-1/surf/rh.orig.nofix /out/sourcedata/freesurfer/sub-v1s12x0050109_ses-1/mri/aseg.presurf.mgz 0 /out/sourcedata/freesurfer/sub-v1s12x0050109_ses-1/label/rh.nofix.cortex.label

 Generating cortex label... RemoveHipAmgy=0
 NucAccIsMedialWall=0
 mris->useRealRAS=0
13 non-cortical segments detected
only using segment with 6889 vertices
erasing segment 1 (vno[0] = 57926)
erasing segment 2 (vno[0] = 79492)
erasing segment 3 (vno[0] = 79944)
erasing segment 4 (vno[0] = 83317)
erasing segment 5 (vno[0] = 84360)
erasing segment 6 (vno[0] = 85392)
erasing segment 7 (vno[0] = 92771)
erasing segment 8 (vno[0] = 99877)
erasing segment 9 (vno[0] = 101968)
erasing segment 10 (vno[0] = 103790)
erasing segment 11 (vno[0] = 112895)
erasing segment 12 (vno[0] = 114635)
mri_label2vol --defects /out/sourcedata/freesurfer/sub-v1s12x0050109_ses-1/surf/rh.orig.nofix /out/sourcedata/freesurfer/sub-v1s12x0050109_ses-1/surf/rh.defect_labels /out/sourcedata/freesurfer/sub-v1s12x0050109_ses-1/mri/orig.mgz 2000 0 /out/sourcedata/freesurfer/sub-v1s12x0050109_ses-1/mri/rh.surface.defects.mgz /out/sourcedata/freesurfer/sub-v1s12x0050109_ses-1/label/rh.nofix.cortex.label
mri_label2vol supposed to be reproducible but seed not set
Contraining to label /out/sourcedata/freesurfer/sub-v1s12x0050109_ses-1/label/rh.nofix.cortex.label
Changing input type 0 to MRI_INT
Converting defects to volume: offset=2000, merge=0
Writing to /out/sourcedata/freesurfer/sub-v1s12x0050109_ses-1/mri/rh.surface.defects.mgz
mris_defects_pointset -s /out/sourcedata/freesurfer/sub-v1s12x0050109_ses-1/surf/rh.orig.nofix -d /out/sourcedata/freesurfer/sub-v1s12x0050109_ses-1/surf/rh.defect_labels -o /out/sourcedata/freesurfer/sub-v1s12x0050109_ses-1/surf/rh.defects.pointset --label /out/sourcedata/freesurfer/sub-v1s12x0050109_ses-1/label/rh.nofix.cortex.label
Reading in surface /out/sourcedata/freesurfer/sub-v1s12x0050109_ses-1/surf/rh.orig.nofix
Reading in defect segmentation /out/sourcedata/freesurfer/sub-v1s12x0050109_ses-1/surf/rh.defect_labels
Reading in label /out/sourcedata/freesurfer/sub-v1s12x0050109_ses-1/label/rh.nofix.cortex.label
#VMPC# mris_defects_pointset 1430132
mris_defects_pointset done
 
Started at Sat Apr 4 12:57:16 CEST 2026 
Ended   at Sat Apr  4 12:57:26 CEST 2026
Defect2seg-Run-Time-Sec 10
Defect2seg-Run-Time-Min 0.20
Defect2seg-Run-Time-Hours 0.00
 
tkmeditfv sub-v1s12x0050109_ses-1 brain.finalsurfs.mgz -defect
defect2seg Done

 mris_remesh --remesh --iters 3 --input /out/sourcedata/freesurfer/sub-v1s12x0050109_ses-1/surf/rh.orig.premesh --output /out/sourcedata/freesurfer/sub-v1s12x0050109_ses-1/surf/rh.orig 

iters = 3
standard remeshing without target
   adjusted l: 0.707687
remeshing to edge length 0.707687 with 3 iterations

avg qual before   : 0.894415  after: 0.971348

Removing intersections
Remeshed surface quality stats nv0 = 133048  nv = 139230  1.04646
Area    278456  0.30021  0.03333 0.077702   0.4644
Corner  835368 60.00000  8.77674 14.626997 149.3672
Edge    417684  0.84053  0.08177 0.443423   1.2591
Hinge   417684  9.89122 10.11511 0.000007 134.5330
mris_remesh done
/out/sourcedata/freesurfer/sub-v1s12x0050109_ses-1/scripts

 mris_remove_intersection ../surf/rh.orig ../surf/rh.orig 

intersection removal took 0.00 hours
writing corrected surface to ../surf/rh.orig

 rm -f ../surf/rh.inflated 

#--------------------------------------------
#@# AutoDetGWStats rh Sat Apr  4 12:57:50 CEST 2026
cd /out/sourcedata/freesurfer/sub-v1s12x0050109_ses-1/mri
mris_autodet_gwstats --o ../surf/autodet.gw.stats.rh.dat --i brain.finalsurfs.mgz --wm wm.mgz --surf ../surf/rh.orig.premesh
7.3.2

cd /out/sourcedata/freesurfer/sub-v1s12x0050109_ses-1/mri
setenv SUBJECTS_DIR /out/sourcedata/freesurfer
mris_autodet_gwstats --o ../surf/autodet.gw.stats.rh.dat --i brain.finalsurfs.mgz --wm wm.mgz --surf ../surf/rh.orig.premesh 

border white:    254863 voxels (1.52%)
border gray      279713 voxels (1.67%)
Reading in intensity volume brain.finalsurfs.mgz
Reading in wm volume wm.mgz
Reading in surf ../surf/rh.orig.premesh
Auto detecting stats
MRIclipBrightWM(): nthresh=15006, wmmin=5, clip=110 
Binarizing thresholding at 5
computing class statistics... low=30, hi=110.000000
CCS WM (98.0): 98.5 +- 7.3 [70.0 --> 110.0]
CCS GM (77.0) : 76.6 +- 9.1 [30.0 --> 110.0]
white_mean = 98.5324 +/- 7.34755, gray_mean = 76.6168 +/- 9.12161
using class modes intead of means, discounting robust sigmas....
MRIScomputeClassModes(): min=0 max=234 nbins=235
intensity peaks found at WM=102+-5.2,    GM=72+-7.8
white_mode = 102, gray_mode = 72
std_scale = 1
Applying sanity checks, max_scale_down = 0.2
setting MIN_GRAY_AT_WHITE_BORDER to 62.9 (was 70.000000)
setting MAX_BORDER_WHITE to 109.3 (was 105.000000)
setting MIN_BORDER_WHITE to 72.0 (was 85.000000)
setting MAX_CSF to 53.8 (was 40.000000)
setting MAX_GRAY to 94.7 (was 95.000000)
setting MAX_GRAY_AT_CSF_BORDER to 62.9 (was 75.000000)
setting MIN_GRAY_AT_CSF_BORDER to 44.6 (was 40.000000)
When placing the white surface
  white_border_hi   = 109.348;
  white_border_low  = 72;
  white_outside_low = 62.8784;
  white_inside_hi   = 120;
  white_outside_hi  = 109.348;
When placing the pial surface
  pial_border_hi   = 62.8784;
  pial_border_low  = 44.6352;
  pial_outside_low = 10;
  pial_inside_hi   = 94.6525;
  pial_outside_hi  = 58.3176;
#VMPC# mris_autodet_gwstats VmPeak  1334584
mris_autodet_gwstats done
#--------------------------------------------
#@# WhitePreAparc rh Sat Apr  4 12:57:52 CEST 2026
cd /out/sourcedata/freesurfer/sub-v1s12x0050109_ses-1/mri
mris_place_surface --adgws-in ../surf/autodet.gw.stats.rh.dat --wm wm.mgz --threads 16 --invol brain.finalsurfs.mgz --rh --i ../surf/rh.orig --o ../surf/rh.white.preaparc --white --seg aseg.presurf.mgz --nsmooth 5
7.3.2
7.3.2

cd /out/sourcedata/freesurfer/sub-v1s12x0050109_ses-1/mri
setenv SUBJECTS_DIR /out/sourcedata/freesurfer
mris_place_surface --adgws-in ../surf/autodet.gw.stats.rh.dat --wm wm.mgz --threads 16 --invol brain.finalsurfs.mgz --rh --i ../surf/rh.orig --o ../surf/rh.white.preaparc --white --seg aseg.presurf.mgz --nsmooth 5 

Reading in input surface ../surf/rh.orig
Smoothing surface before ripping with 5 iterations
Area    278456  0.26383  0.06194 0.001354   0.5805
Corner  835368 60.00000  9.42578 5.630556 140.7378
Edge    417684  0.78431  0.11325 0.023938   1.3534
Hinge   417684  6.61414  6.46509 0.000003 146.8879
Not reading in aparc
Reading in input volume brain.finalsurfs.mgz
Reading in wm volume wm.mgz
MRIclipBrightWM(): nthresh=15006, wmmin=5, clip=110 
MRIfindBrightNonWM(): 637 bright non-wm voxels segmented.
Masking bright non-wm for white surface
MRImask(): AllowDiffGeom = 1
MRImask(): AllowDiffGeom = 1
Reading in seg volume aseg.presurf.mgz
Ripping frozen voxels
INFO: rip surface needed but not specified, so using input surface
Freezing midline and others
Entering: MRISripMidline(): inhibiting deformation at non-cortical midline structures...
  which=1, fix_mtl=0, using annot = 0
#FML0# MRISripMidline(): nripped=0
removing 3 vertices from ripped group in thread:0
#FML# MRISripMidline(): nmarked=5551, nmarked2=1, nripped=5551
Ripping segs (eg, WMSA, BG, frozen)
Starting MRISripSegs() d = (-2 2 0.5) segnos: 247 
MRISripSegs(): -2 2 0.5 ripped 0
vertex 69615: xyz = (29.7903,-6.92455,-26.9765) oxyz = (29.7903,-6.92455,-26.9765) wxzy = (29.7903,-6.92455,-26.9765) pxyz = (0,0,0) 
CBVO Creating mask 139230
n_averages 4
Iteration 0 =========================================
n_averages=4, current_sigma=2
Freezing midline and others
Ripping frozen voxels
INFO: rip surface needed but not specified, so using input surface
Freezing midline and others
Entering: MRISripMidline(): inhibiting deformation at non-cortical midline structures...
  which=1, fix_mtl=0, using annot = 0
#FML0# MRISripMidline(): nripped=5551
removing 3 vertices from ripped group in thread:0
#FML# MRISripMidline(): nmarked=5551, nmarked2=1, nripped=5551
Ripping segs (eg, WMSA, BG, frozen)
Starting MRISripSegs() d = (-2 2 0.5) segnos: 247 247 
MRISripSegs(): -2 2 0.5 ripped 0
Computing target border values 
Entering MRIScomputeBorderValues_new(): 
  inside_hi   = 120.0000000;
  border_hi   = 109.3475490;
  border_low  =  72.0000000;
  outside_low =  62.8783870;
  outside_hi  = 109.3475490;
  sigma = 2;
  max_thickness = 10;
  step_size=0.5;
  STEP_SIZE=0.1;
  which = 1
  thresh = 0
  flags = 0
  CBVfindFirstPeakD1=0
  CBVfindFirstPeakD2=0
  nvertices=139230
  Gdiag_no=-1
  vno start=0, stop=139230
Replacing 255s with 0s
#SI# sigma=2 had to be increased for 25 vertices, nripped=5551
mean border=84.5, 12 (12) missing vertices, mean dist 0.2 [0.6 (%43.3)->0.8 (%56.7))]
%76 local maxima, %20 large gradients and % 0 min vals, 0 gradients ignored
nFirstPeakD1 0
MRIScomputeBorderValues_new() finished in 0.0101 min


Finding expansion regions
mean absolute distance = 0.72 +- 0.87
4903 vertices more than 2 sigmas from mean.
Averaging target values for 5 iterations...
Positioning Surface: tspring = 0.3, nspring = 0.3, spring = 0, niters = 100 l_repulse = 5, l_surf_repulse = 0, checktol = 0
Positioning pial surface
Entering MRISpositionSurface()
  max_mm = 0.3
  MAX_REDUCTIONS = 2, REDUCTION_PCT = 0.5
  parms->check_tol = 0, niterations = 100
tol=1.0e-04, sigma=2.0, host=dna07, nav=4, nbrs=2, l_repulse=5.000, l_tspring=0.300, l_nspring=0.300, l_intensity=0.200, l_curv=1.000
mom=0.00, dt=0.50
complete_dist_mat 0
rms 0
smooth_averages 0
remove_neg 0
ico_order 0
which_surface 0
target_radius 0.000000
nfields 0
scale 0.000000
desired_rms_height 0.000000
momentum 0.000000
nbhd_size 0
max_nbrs 0
niterations 100
nsurfaces 0
SURFACES 3
flags 0 (0)
use curv 0
no sulc 0
no rigid align 0
mris->nsize 2
mris->hemisphere 1
randomSeed 0

000: dt: 0.0000, sse=2262774.8, rms=8.886
001: dt: 0.5000, sse=1230468.2, rms=6.364 (28.377%)
002: dt: 0.5000, sse=754867.0, rms=4.768 (25.079%)
003: dt: 0.5000, sse=533296.9, rms=3.798 (20.353%)
004: dt: 0.5000, sse=420302.5, rms=3.189 (16.027%)
005: dt: 0.5000, sse=367931.5, rms=2.851 (10.607%)
006: dt: 0.5000, sse=339122.7, rms=2.650 (7.034%)
007: dt: 0.5000, sse=329291.0, rms=2.572 (2.939%)
008: dt: 0.5000, sse=321646.3, rms=2.513 (2.319%)
rms = 2.5031/2.5127, sse=320492.5/321646.3, time step reduction 1 of 3 to 0.250  0 0 1
009: dt: 0.5000, sse=320492.5, rms=2.503 (0.385%)
010: dt: 0.2500, sse=205395.8, rms=1.360 (45.674%)
011: dt: 0.2500, sse=192339.3, rms=1.159 (14.792%)
rms = 1.1139/1.1587, sse=190033.3/192339.3, time step reduction 2 of 3 to 0.125  0 0 1
012: dt: 0.2500, sse=190033.3, rms=1.114 (3.866%)
rms = 1.0849/1.1139, sse=187987.0/190033.3, time step reduction 3 of 3 to 0.062  0 0 1
013: dt: 0.1250, sse=187987.0, rms=1.085 (2.598%)
  maximum number of reductions reached, breaking from loop
positioning took 0.9 minutes
Iteration 1 =========================================
n_averages=2, current_sigma=1
Freezing midline and others
Ripping frozen voxels
INFO: rip surface needed but not specified, so using input surface
Freezing midline and others
Entering: MRISripMidline(): inhibiting deformation at non-cortical midline structures...
  which=1, fix_mtl=0, using annot = 0
#FML0# MRISripMidline(): nripped=5551
removing 3 vertices from ripped group in thread:0
removing 4 vertices from ripped group in thread:0
removing 3 vertices from ripped group in thread:0
removing 2 vertices from ripped group in thread:0
#FML# MRISripMidline(): nmarked=5825, nmarked2=1, nripped=5825
Ripping segs (eg, WMSA, BG, frozen)
Starting MRISripSegs() d = (-2 2 0.5) segnos: 247 247 247 
MRISripSegs(): -2 2 0.5 ripped 0
Computing target border values 
Entering MRIScomputeBorderValues_new(): 
  inside_hi   = 120.0000000;
  border_hi   = 109.3475490;
  border_low  =  72.0000000;
  outside_low =  62.8783870;
  outside_hi  = 109.3475490;
  sigma = 1;
  max_thickness = 10;
  step_size=0.5;
  STEP_SIZE=0.1;
  which = 1
  thresh = 0
  flags = 0
  CBVfindFirstPeakD1=0
  CBVfindFirstPeakD2=0
  nvertices=139230
  Gdiag_no=-1
  vno start=0, stop=139230
Replacing 255s with 0s
#SI# sigma=1 had to be increased for 68 vertices, nripped=5825
mean border=86.2, 16 (0) missing vertices, mean dist -0.2 [0.4 (%65.2)->0.3 (%34.8))]
%80 local maxima, %16 large gradients and % 0 min vals, 0 gradients ignored
nFirstPeakD1 0
MRIScomputeBorderValues_new() finished in 0.0075 min


Finding expansion regions
mean absolute distance = 0.35 +- 0.66
3555 vertices more than 2 sigmas from mean.
Averaging target values for 5 iterations...
Positioning Surface: tspring = 0.3, nspring = 0.3, spring = 0, niters = 100 l_repulse = 5, l_surf_repulse = 0, checktol = 0
Positioning pial surface
Entering MRISpositionSurface()
  max_mm = 0.3
  MAX_REDUCTIONS = 2, REDUCTION_PCT = 0.5
  parms->check_tol = 0, niterations = 100
tol=1.0e-04, sigma=1.0, host=dna07, nav=2, nbrs=2, l_repulse=5.000, l_tspring=0.300, l_nspring=0.300, l_intensity=0.200, l_curv=1.000
mom=0.00, dt=0.50
000: dt: 0.0000, sse=531623.1, rms=3.487
014: dt: 0.5000, sse=337408.3, rms=2.187 (37.282%)
015: dt: 0.5000, sse=312515.4, rms=2.001 (8.485%)
rms = 1.9596/2.0015, sse=309678.6/312515.4, time step reduction 1 of 3 to 0.250  0 0 1
016: dt: 0.5000, sse=309678.6, rms=1.960 (2.093%)
017: dt: 0.2500, sse=243417.8, rms=1.167 (40.424%)
018: dt: 0.2500, sse=235014.4, rms=1.023 (12.398%)
rms = 0.9921/1.0227, sse=233789.9/235014.4, time step reduction 2 of 3 to 0.125  0 0 1
019: dt: 0.2500, sse=233789.9, rms=0.992 (2.994%)
rms = 0.9631/0.9921, sse=232427.8/233789.9, time step reduction 3 of 3 to 0.062  0 0 1
020: dt: 0.1250, sse=232427.8, rms=0.963 (2.918%)
  maximum number of reductions reached, breaking from loop
positioning took 0.5 minutes
Iteration 2 =========================================
n_averages=1, current_sigma=0.5
Freezing midline and others
Ripping frozen voxels
INFO: rip surface needed but not specified, so using input surface
Freezing midline and others
Entering: MRISripMidline(): inhibiting deformation at non-cortical midline structures...
  which=1, fix_mtl=0, using annot = 0
#FML0# MRISripMidline(): nripped=5825
removing 3 vertices from ripped group in thread:0
removing 4 vertices from ripped group in thread:0
removing 2 vertices from ripped group in thread:0
removing 3 vertices from ripped group in thread:0
removing 2 vertices from ripped group in thread:0
removing 3 vertices from ripped group in thread:0
#FML# MRISripMidline(): nmarked=5892, nmarked2=1, nripped=5892
Ripping segs (eg, WMSA, BG, frozen)
Starting MRISripSegs() d = (-2 2 0.5) segnos: 247 247 247 247 
MRISripSegs(): -2 2 0.5 ripped 0
Computing target border values 
Entering MRIScomputeBorderValues_new(): 
  inside_hi   = 120.0000000;
  border_hi   = 109.3475490;
  border_low  =  72.0000000;
  outside_low =  62.8783870;
  outside_hi  = 109.3475490;
  sigma = 0.5;
  max_thickness = 10;
  step_size=0.5;
  STEP_SIZE=0.1;
  which = 1
  thresh = 0
  flags = 0
  CBVfindFirstPeakD1=0
  CBVfindFirstPeakD2=0
  nvertices=139230
  Gdiag_no=-1
  vno start=0, stop=139230
Replacing 255s with 0s
#SI# sigma=0.5 had to be increased for 94 vertices, nripped=5892
mean border=87.6, 29 (0) missing vertices, mean dist -0.1 [0.3 (%64.0)->0.2 (%36.0))]
%85 local maxima, %11 large gradients and % 0 min vals, 0 gradients ignored
nFirstPeakD1 0
MRIScomputeBorderValues_new() finished in 0.0044 min


Finding expansion regions
mean absolute distance = 0.30 +- 0.50
4317 vertices more than 2 sigmas from mean.
Averaging target values for 5 iterations...
Positioning Surface: tspring = 0.3, nspring = 0.3, spring = 0, niters = 100 l_repulse = 5, l_surf_repulse = 0, checktol = 0
Positioning pial surface
Entering MRISpositionSurface()
  max_mm = 0.3
  MAX_REDUCTIONS = 2, REDUCTION_PCT = 0.5
  parms->check_tol = 0, niterations = 100
tol=1.0e-04, sigma=0.5, host=dna07, nav=1, nbrs=2, l_repulse=5.000, l_tspring=0.300, l_nspring=0.300, l_intensity=0.200, l_curv=1.000
mom=0.00, dt=0.50
000: dt: 0.0000, sse=361321.6, rms=2.416
021: dt: 0.5000, sse=286562.4, rms=1.715 (29.033%)
rms = 1.7397/1.7145, sse=288177.0/286562.4, time step reduction 1 of 3 to 0.250  0 1 1
   RMS increased, rejecting step
022: dt: 0.2500, sse=249881.9, rms=1.261 (26.480%)
023: dt: 0.2500, sse=234243.9, rms=0.988 (21.611%)
024: dt: 0.2500, sse=230302.0, rms=0.916 (7.279%)
rms = 0.9025/0.9162, sse=228340.0/230302.0, time step reduction 2 of 3 to 0.125  0 0 1
025: dt: 0.2500, sse=228340.0, rms=0.902 (1.496%)
rms = 0.8840/0.9025, sse=227282.1/228340.0, time step reduction 3 of 3 to 0.062  0 0 1
026: dt: 0.1250, sse=227282.1, rms=0.884 (2.044%)
  maximum number of reductions reached, breaking from loop
positioning took 0.4 minutes
Iteration 3 =========================================
n_averages=0, current_sigma=0.25
Freezing midline and others
Ripping frozen voxels
INFO: rip surface needed but not specified, so using input surface
Freezing midline and others
Entering: MRISripMidline(): inhibiting deformation at non-cortical midline structures...
  which=1, fix_mtl=0, using annot = 0
#FML0# MRISripMidline(): nripped=5892
removing 2 vertices from ripped group in thread:0
removing 3 vertices from ripped group in thread:0
removing 1 vertices from ripped group in thread:0
removing 4 vertices from ripped group in thread:0
removing 3 vertices from ripped group in thread:0
#FML# MRISripMidline(): nmarked=5934, nmarked2=1, nripped=5934
Ripping segs (eg, WMSA, BG, frozen)
Starting MRISripSegs() d = (-2 2 0.5) segnos: 247 247 247 247 247 
MRISripSegs(): -2 2 0.5 ripped 0
Computing target border values 
Entering MRIScomputeBorderValues_new(): 
  inside_hi   = 120.0000000;
  border_hi   = 109.3475490;
  border_low  =  72.0000000;
  outside_low =  62.8783870;
  outside_hi  = 109.3475490;
  sigma = 0.25;
  max_thickness = 10;
  step_size=0.5;
  STEP_SIZE=0.1;
  which = 1
  thresh = 0
  flags = 0
  CBVfindFirstPeakD1=0
  CBVfindFirstPeakD2=0
  nvertices=139230
  Gdiag_no=-1
  vno start=0, stop=139230
Replacing 255s with 0s
#SI# sigma=0.25 had to be increased for 85 vertices, nripped=5934
mean border=88.2, 38 (0) missing vertices, mean dist -0.1 [0.3 (%55.4)->0.2 (%44.6))]
%88 local maxima, % 8 large gradients and % 0 min vals, 0 gradients ignored
nFirstPeakD1 0
MRIScomputeBorderValues_new() finished in 0.0030 min


Finding expansion regions
mean absolute distance = 0.27 +- 0.41
4266 vertices more than 2 sigmas from mean.
Averaging target values for 5 iterations...
Positioning Surface: tspring = 0.3, nspring = 0.3, spring = 0, niters = 100 l_repulse = 5, l_surf_repulse = 0, checktol = 0
Positioning pial surface
Entering MRISpositionSurface()
  max_mm = 0.3
  MAX_REDUCTIONS = 2, REDUCTION_PCT = 0.5
  parms->check_tol = 0, niterations = 100
tol=1.0e-04, sigma=0.2, host=dna07, nav=0, nbrs=2, l_repulse=5.000, l_tspring=0.300, l_nspring=0.300, l_intensity=0.200, l_curv=1.000
mom=0.00, dt=0.50
000: dt: 0.0000, sse=254255.3, rms=1.375
027: dt: 0.5000, sse=235315.4, rms=1.073 (21.932%)
rms = 1.3543/1.0733, sse=251678.4/235315.4, time step reduction 1 of 3 to 0.250  0 1 1
   RMS increased, rejecting step
028: dt: 0.2500, sse=221356.6, rms=0.801 (25.386%)
029: dt: 0.2500, sse=217719.2, rms=0.726 (9.401%)
rms = 0.6999/0.7255, sse=216576.0/217719.2, time step reduction 2 of 3 to 0.125  0 0 1
030: dt: 0.2500, sse=216576.0, rms=0.700 (3.532%)
rms = 0.6930/0.6999, sse=215898.4/216576.0, time step reduction 3 of 3 to 0.062  0 0 1
031: dt: 0.1250, sse=215898.4, rms=0.693 (0.988%)
  maximum number of reductions reached, breaking from loop
positioning took 0.4 minutes


Writing output to ../surf/rh.white.preaparc
#ET# mris_place_surface  2.21 minutes
#VMPC# mris_place_surfaces VmPeak  3071412
mris_place_surface done
#--------------------------------------------
#@# CortexLabel rh Sat Apr  4 13:00:09 CEST 2026
cd /out/sourcedata/freesurfer/sub-v1s12x0050109_ses-1/mri
mri_label2label --label-cortex ../surf/rh.white.preaparc aseg.presurf.mgz 0 ../label/rh.cortex.label

 Generating cortex label... RemoveHipAmgy=0
 NucAccIsMedialWall=0
 mris->useRealRAS=0
5 non-cortical segments detected
only using segment with 7544 vertices
erasing segment 1 (vno[0] = 49510)
erasing segment 2 (vno[0] = 67304)
erasing segment 3 (vno[0] = 85510)
erasing segment 4 (vno[0] = 98283)
#--------------------------------------------
#@# CortexLabel+HipAmyg rh Sat Apr  4 13:00:18 CEST 2026
cd /out/sourcedata/freesurfer/sub-v1s12x0050109_ses-1/mri
mri_label2label --label-cortex ../surf/rh.white.preaparc aseg.presurf.mgz 1 ../label/rh.cortex+hipamyg.label

 Generating cortex label... RemoveHipAmgy=1
 NucAccIsMedialWall=0
 mris->useRealRAS=0
9 non-cortical segments detected
only using segment with 4888 vertices
erasing segment 1 (vno[0] = 56131)
erasing segment 2 (vno[0] = 64825)
erasing segment 3 (vno[0] = 65845)
erasing segment 4 (vno[0] = 67304)
erasing segment 5 (vno[0] = 75613)
erasing segment 6 (vno[0] = 85510)
erasing segment 7 (vno[0] = 98283)
erasing segment 8 (vno[0] = 137789)
#--------------------------------------------
#@# Smooth2 rh Sat Apr  4 13:00:28 CEST 2026
/out/sourcedata/freesurfer/sub-v1s12x0050109_ses-1/scripts

 mris_smooth -n 3 -nw -seed 1234 ../surf/rh.white.preaparc ../surf/rh.smoothwm 

smoothing for 3 iterations
setting seed for random number generator to 1234
smoothing surface tessellation for 3 iterations...
smoothing complete - recomputing first and second fundamental forms...
#--------------------------------------------
#@# Inflation2 rh Sat Apr  4 13:00:30 CEST 2026
/out/sourcedata/freesurfer/sub-v1s12x0050109_ses-1/scripts

 mris_inflate ../surf/rh.smoothwm ../surf/rh.inflated 

Reading ../surf/rh.smoothwm
avg radius = 46.0 mm, total surface area = 85694 mm^2
step 000: RMS=0.174 (target=0.015)   step 005: RMS=0.116 (target=0.015)   step 010: RMS=0.086 (target=0.015)   step 015: RMS=0.071 (target=0.015)   step 020: RMS=0.060 (target=0.015)   step 025: RMS=0.049 (target=0.015)   step 030: RMS=0.040 (target=0.015)   step 035: RMS=0.033 (target=0.015)   step 040: RMS=0.028 (target=0.015)   step 045: RMS=0.024 (target=0.015)   step 050: RMS=0.022 (target=0.015)   step 055: RMS=0.020 (target=0.015)   step 060: RMS=0.018 (target=0.015)   writing inflated surface to ../surf/rh.inflated
writing sulcal depths to ../surf/rh.sulc

inflation complete.
inflation took 0.1 minutes
mris_inflate utimesec    39.919249
mris_inflate stimesec    1.650127
mris_inflate ru_maxrss   215528
mris_inflate ru_ixrss    0
mris_inflate ru_idrss    0
mris_inflate ru_isrss    0
mris_inflate ru_minflt   551224
mris_inflate ru_majflt   3
mris_inflate ru_nswap    0
mris_inflate ru_inblock  0
mris_inflate ru_oublock  10888
mris_inflate ru_msgsnd   0
mris_inflate ru_msgrcv   0
mris_inflate ru_nsignals 0
mris_inflate ru_nvcsw    5331
mris_inflate ru_nivcsw   201
#--------------------------------------------
#@# Curv .H and .K rh Sat Apr  4 13:00:38 CEST 2026
/out/sourcedata/freesurfer/sub-v1s12x0050109_ses-1/surf

 mris_curvature -w -seed 1234 rh.white.preaparc 

setting seed for random number generator to 1234
total integrated curvature = 22.667*4pi (284.842) --> -22 handles
ICI = 171.8, FI = 1498.3, variation=24285.630
writing Gaussian curvature to ./rh.white.preaparc.K...done.
writing mean curvature to ./rh.white.preaparc.H...done.
rm -f rh.white.H
ln -s rh.white.preaparc.H rh.white.H
rm -f rh.white.K
ln -s rh.white.preaparc.K rh.white.K

 mris_curvature -seed 1234 -thresh .999 -n -a 5 -w -distances 10 10 rh.inflated 

setting seed for random number generator to 1234
normalizing curvature values.
averaging curvature patterns 5 times.
sampling 10 neighbors out to a distance of 10 mm
260 vertices thresholded to be in k1 ~ [-0.21 0.35], k2 ~ [-0.10 0.06]
total integrated curvature = 0.605*4pi (7.609) --> 0 handles
ICI = 1.6, FI = 9.6, variation=165.038
139 vertices thresholded to be in [-0.01 0.02]
writing Gaussian curvature to ./rh.inflated.K...thresholding curvature at 99.90% level
curvature mean = 0.000, std = 0.001
169 vertices thresholded to be in [-0.13 0.18]
done.
writing mean curvature to ./rh.inflated.H...curvature mean = -0.015, std = 0.023
done.
#--------------------------------------------
#@# Sphere rh Sat Apr  4 13:01:16 CEST 2026
/out/sourcedata/freesurfer/sub-v1s12x0050109_ses-1/scripts

 mris_sphere -seed 1234 ../surf/rh.inflated ../surf/rh.sphere 

setting seed for random number genererator to 1234
version: 7.3.2
available threads: 16
reading original vertex positions...
projecting onto sphere...
surface projected - minimizing metric distortion...
scaling brain by 0.306...
MRISunfold() max_passes = 1 -------
tol=5.0e-01, sigma=0.0, host=dna07, nav=1024, nbrs=2, l_area=1.000, l_dist=1.000
using quadratic fit line minimization
complete_dist_mat 0
rms 0
smooth_averages 0
remove_neg 0
ico_order 0
which_surface 0
target_radius 0.000000
nfields 0
scale 1.000000
desired_rms_height -1.000000
momentum 0.900000
nbhd_size 7
max_nbrs 8
niterations 25
nsurfaces 0
SURFACES 3
flags 0 (0)
use curv 0
no sulc 0
no rigid align 0
mris->nsize 2
mris->hemisphere 1
randomSeed 1234

singular matrix in quadratic form
--------------------
  mrisRemoveNegativeArea()
pass 1: epoch 1 of 3 starting distance error %19.02
pass 1: epoch 2 of 3 starting distance error %19.01
unfolding complete - removing small folds...
starting distance error %18.97
removing remaining folds...
final distance error %18.97
MRISunfold() return, current seed 1234
-01: dt=0.0000, 151 negative triangles  VmPeak 1607064
097: dt=0.9900, 151 negative triangles
098: dt=0.9900,  77 negative triangles
099: dt=0.9900,  77 negative triangles
100: dt=0.9900,  79 negative triangles
101: dt=0.9900,  68 negative triangles
102: dt=0.9900,  54 negative triangles
103: dt=0.9900,  51 negative triangles
104: dt=0.9900,  50 negative triangles
105: dt=0.9900,  50 negative triangles
106: dt=0.9900,  43 negative triangles
107: dt=0.9900,  43 negative triangles
108: dt=0.9900,  43 negative triangles
109: dt=0.9900,  37 negative triangles
110: dt=0.9900,  35 negative triangles
111: dt=0.9900,  42 negative triangles
112: dt=0.9900,  37 negative triangles
113: dt=0.9900,  32 negative triangles
114: dt=0.9900,  41 negative triangles
115: dt=0.9900,  32 negative triangles
116: dt=0.9900,  26 negative triangles
117: dt=0.9900,  32 negative triangles
118: dt=0.9900,  24 negative triangles
119: dt=0.9900,  26 negative triangles
120: dt=0.9900,  22 negative triangles
121: dt=0.9900,  23 negative triangles
122: dt=0.9900,  25 negative triangles
123: dt=0.9900,  21 negative triangles
124: dt=0.9900,  19 negative triangles
125: dt=0.9900,  16 negative triangles
126: dt=0.9900,  13 negative triangles
127: dt=0.9900,   9 negative triangles
128: dt=0.9900,  13 negative triangles
129: dt=0.9900,  11 negative triangles
130: dt=0.9900,   9 negative triangles
131: dt=0.9900,  10 negative triangles
132: dt=0.9900,   9 negative triangles
133: dt=0.9900,   7 negative triangles
134: dt=0.9900,   7 negative triangles
135: dt=0.9900,   5 negative triangles
136: dt=0.9900,   7 negative triangles
137: dt=0.9900,   5 negative triangles
138: dt=0.9900,   4 negative triangles
139: dt=0.9900,   2 negative triangles
140: dt=0.9900,   2 negative triangles
writing spherical brain to ../surf/rh.sphere
spherical transformation took 0.0230 hours
FSRUNTIME@ mris_sphere  0.0230 hours 16 threads
#VMPC# mris_sphere VmPeak  1607064
mris_sphere done
#--------------------------------------------
#@# Surf Reg rh Sat Apr  4 13:02:39 CEST 2026
/out/sourcedata/freesurfer/sub-v1s12x0050109_ses-1/scripts

 mris_register -curv ../surf/rh.sphere /opt/freesurfer/average/rh.folding.atlas.acfb40.noaparc.i12.2016-08-02.tif ../surf/rh.sphere.reg 

using smoothwm curvature for final alignment

cwd /out/sourcedata/freesurfer/sub-v1s12x0050109_ses-1/scripts
cmdline mris_register -curv ../surf/rh.sphere /opt/freesurfer/average/rh.folding.atlas.acfb40.noaparc.i12.2016-08-02.tif ../surf/rh.sphere.reg 

0 inflated.H
1 sulc
2 smoothwm (computed)
7.3.2
  7.3.2
reading surface from ../surf/rh.sphere...
reading template parameterization from /opt/freesurfer/average/rh.folding.atlas.acfb40.noaparc.i12.2016-08-02.tif...
MRISregister() -------
max_passes = 4 
min_degrees = 0.500000 
max_degrees = 64.000000 
nangles = 8 
tol=5.0e-01, sigma=0.0, host=dna07, nav=1024, nbrs=1, l_extern=10000.000, l_parea=0.200, l_nlarea=1.000, l_corr=1.000, l_dist=5.000
using quadratic fit line minimization
complete_dist_mat 0
rms 0
smooth_averages 0
remove_neg 0
ico_order 0
which_surface 0
target_radius 0.000000
nfields 0
scale 0.000000
desired_rms_height -1.000000
momentum 0.950000
nbhd_size -10
max_nbrs 10
niterations 25
nsurfaces 0
SURFACES 3
flags 16 (10)
use curv 16
no sulc 0
no rigid align 0
mris->nsize 1
mris->hemisphere 1
randomSeed 0

tol=5.0e-01, sigma=0.0, host=dna07, nav=1024, nbrs=1, l_extern=10000.000, l_parea=0.200, l_nlarea=1.000, l_corr=1.000, l_dist=5.000
using quadratic fit line minimization
--------------------
1 Reading rh.sulc
tol=1.0e+00, sigma=0.5, host=dna07, nav=1024, nbrs=1, l_extern=10000.000, l_parea=0.200, l_nlarea=1.000, l_corr=0.050, l_spring=0.500, l_dist=5.000
using quadratic fit line minimization
curvature mean = 0.000, std = 5.602
curvature mean = 0.033, std = 0.823
curvature mean = 0.012, std = 0.863
Starting MRISrigidBodyAlignGlobal()
Starting new MRISrigidBodyAlignGlobal_findMinSSE()
  new MRISrigidBodyAlignGlobal_findMinSSE min @ (3.00, -3.50, -9.50) sse = 244109.1, elapsed since starting=0.0503 min
MRISrigidBodyAlignGlobal() done   0.05 min
curvature mean = 0.010, std = 0.831
curvature mean = 0.005, std = 0.949
curvature mean = 0.004, std = 0.836
curvature mean = 0.002, std = 0.980
curvature mean = 0.004, std = 0.837
curvature mean = 0.001, std = 0.992
2 Reading smoothwm
curvature mean = -0.018, std = 0.258
curvature mean = 0.037, std = 0.243
curvature mean = 0.047, std = 0.391
curvature mean = 0.033, std = 0.300
curvature mean = 0.025, std = 0.608
curvature mean = 0.032, std = 0.327
curvature mean = 0.013, std = 0.755
curvature mean = 0.032, std = 0.340
curvature mean = 0.003, std = 0.855
MRISregister() return, current seed 0
-01: dt=0.0000,   4 negative triangles  VmPeak 1932168
104: dt=0.9900,   4 negative triangles
105: dt=0.9900,   3 negative triangles
106: dt=0.9900,   5 negative triangles
107: dt=0.9900,   3 negative triangles
108: dt=0.9900,   4 negative triangles
109: dt=0.9900,   1 negative triangles
110: dt=0.9900,   2 negative triangles
writing registered surface to ../surf/rh.sphere.reg...
registration took 0.04 hours
#VMPC# mris_register VmPeak  1932168
FSRUNTIME@ mris_register  0.0388 hours 16 threads

 ln -sf rh.sphere.reg rh.fsaverage.sphere.reg 

#--------------------------------------------
#@# Jacobian white rh Sat Apr  4 13:04:59 CEST 2026
/out/sourcedata/freesurfer/sub-v1s12x0050109_ses-1/scripts

 mris_jacobian ../surf/rh.white.preaparc ../surf/rh.sphere.reg ../surf/rh.jacobian_white 

reading surface from ../surf/rh.white.preaparc...
writing curvature file ../surf/rh.jacobian_white
#--------------------------------------------
#@# AvgCurv rh Sat Apr  4 13:04:59 CEST 2026
/out/sourcedata/freesurfer/sub-v1s12x0050109_ses-1/scripts

 mrisp_paint -a 5 /opt/freesurfer/average/rh.folding.atlas.acfb40.noaparc.i12.2016-08-02.tif#6 ../surf/rh.sphere.reg ../surf/rh.avg_curv 

averaging curvature patterns 5 times...
reading surface from ../surf/rh.sphere.reg...
reading template parameterization from /opt/freesurfer/average/rh.folding.atlas.acfb40.noaparc.i12.2016-08-02.tif...
writing curvature file to ../surf/rh.avg_curv...
#-----------------------------------------
#@# Cortical Parc rh Sat Apr  4 13:05:00 CEST 2026
/out/sourcedata/freesurfer/sub-v1s12x0050109_ses-1/scripts

 mris_ca_label -l ../label/rh.cortex.label -aseg ../mri/aseg.presurf.mgz -seed 1234 sub-v1s12x0050109_ses-1 rh ../surf/rh.sphere.reg /opt/freesurfer/average/rh.DKaparc.atlas.acfb40.noaparc.i12.2016-08-02.gcs ../label/rh.aparc.annot 

setting seed for random number generator to 1234
using ../mri/aseg.presurf.mgz aseg volume to correct midline
7.3.2
  7.3.2
reading atlas from /opt/freesurfer/average/rh.DKaparc.atlas.acfb40.noaparc.i12.2016-08-02.gcs...
reading color table from GCSA file....
average std = 0.7   using min determinant for regularization = 0.004
0 singular and 309 ill-conditioned covariance matrices regularized
input 0: MEAN CURVATURE, flags 0, avgs 5, name mean_curvature
labeling surface...
1370 labels changed using aseg
relabeling using gibbs priors...
000:   2884 changed, 139230 examined...
001:    649 changed, 12321 examined...
002:    123 changed, 3682 examined...
003:     38 changed, 743 examined...
004:     14 changed, 228 examined...
005:      5 changed, 90 examined...
006:      0 changed, 34 examined...
143 labels changed using aseg
000: 95 total segments, 57 labels (199 vertices) changed
001: 40 total segments, 2 labels (3 vertices) changed
002: 38 total segments, 0 labels (0 vertices) changed
10 filter iterations complete (10 requested, 6 changed)
rationalizing unknown annotations with cortex label
relabeling unknown label...
relabeling corpuscallosum label...
1634 vertices marked for relabeling...
1634 labels changed in reclassification.
writing output to ../label/rh.aparc.annot...
classification took 0 minutes and 7 seconds.
#--------------------------------------------
#@# WhiteSurfs rh Sat Apr  4 13:05:07 CEST 2026
cd /out/sourcedata/freesurfer/sub-v1s12x0050109_ses-1/mri
mris_place_surface --adgws-in ../surf/autodet.gw.stats.rh.dat --seg aseg.presurf.mgz --threads 16 --wm wm.mgz --invol brain.finalsurfs.mgz --rh --i ../surf/rh.white.preaparc --o ../surf/rh.white --white --nsmooth 0 --rip-label ../label/rh.cortex.label --rip-bg --rip-surf ../surf/rh.white.preaparc --aparc ../label/rh.aparc.annot
7.3.2
7.3.2

cd /out/sourcedata/freesurfer/sub-v1s12x0050109_ses-1/mri
setenv SUBJECTS_DIR /out/sourcedata/freesurfer
mris_place_surface --adgws-in ../surf/autodet.gw.stats.rh.dat --seg aseg.presurf.mgz --threads 16 --wm wm.mgz --invol brain.finalsurfs.mgz --rh --i ../surf/rh.white.preaparc --o ../surf/rh.white --white --nsmooth 0 --rip-label ../label/rh.cortex.label --rip-bg --rip-surf ../surf/rh.white.preaparc --aparc ../label/rh.aparc.annot 

Reading in input surface ../surf/rh.white.preaparc
Not smoothing input surface
Area    278456  0.34024  0.11215 0.001037   2.0302
Corner  835368 60.00000 12.97050 1.382578 176.1533
Edge    417684  0.89621  0.18640 0.011062   3.4418
Hinge   417684 10.28977 10.69373 0.000009 179.7534
Reading in aparc ../label/rh.aparc.annot
Reading in input volume brain.finalsurfs.mgz
Reading in wm volume wm.mgz
MRIclipBrightWM(): nthresh=15006, wmmin=5, clip=110 
MRIfindBrightNonWM(): 637 bright non-wm voxels segmented.
Masking bright non-wm for white surface
MRImask(): AllowDiffGeom = 1
MRImask(): AllowDiffGeom = 1
Reading in seg volume aseg.presurf.mgz
Ripping frozen voxels
Ripping vertices not in label ../label/rh.cortex.label
MRISripNotLabel() ripped 7820/139230 vertices (131410 unripped)
Reading in ripping surface ../surf/rh.white.preaparc
Reading in aparc ../label/rh.aparc.annot for ripsurf
Ripping BG
MRISripBasalGanglia(): 1 -2 2 0.5 ripped 461
Ripping segs (eg, WMSA, BG, frozen)
Starting MRISripSegs() d = (-2 2 0.5) segnos: 247 
MRISripSegs(): -2 2 0.5 ripped 0
vertex 69615: xyz = (30.3756,-7.25271,-27.7236) oxyz = (30.3756,-7.25271,-27.7236) wxzy = (30.3756,-7.25271,-27.7236) pxyz = (0,0,0) 
CBVO Creating mask 139230
n_averages 4
Iteration 0 =========================================
n_averages=4, current_sigma=2
Computing target border values 
Entering MRIScomputeBorderValues_new(): 
  inside_hi   = 120.0000000;
  border_hi   = 109.3475490;
  border_low  =  72.0000000;
  outside_low =  62.8783870;
  outside_hi  = 109.3475490;
  sigma = 2;
  max_thickness = 10;
  step_size=0.5;
  STEP_SIZE=0.1;
  which = 1
  thresh = 0
  flags = 0
  CBVfindFirstPeakD1=0
  CBVfindFirstPeakD2=0
  nvertices=139230
  Gdiag_no=-1
  vno start=0, stop=139230
Replacing 255s with 0s
#SI# sigma=2 had to be increased for 78 vertices, nripped=8281
mean border=84.1, 46 (46) missing vertices, mean dist 0.3 [0.7 (%22.2)->0.5 (%77.8))]
%71 local maxima, %23 large gradients and % 0 min vals, 0 gradients ignored
nFirstPeakD1 0
MRIScomputeBorderValues_new() finished in 0.0097 min


Finding expansion regions
mean absolute distance = 0.55 +- 0.89
3066 vertices more than 2 sigmas from mean.
Averaging target values for 5 iterations...
Positioning Surface: tspring = 0.3, nspring = 0.3, spring = 0, niters = 100 l_repulse = 5, l_surf_repulse = 0, checktol = 0
Positioning pial surface
Entering MRISpositionSurface()
  max_mm = 0.3
  MAX_REDUCTIONS = 2, REDUCTION_PCT = 0.5
  parms->check_tol = 0, niterations = 100
tol=1.0e-04, sigma=2.0, host=dna07, nav=4, nbrs=2, l_repulse=5.000, l_tspring=0.300, l_nspring=0.300, l_intensity=0.200, l_curv=1.000
mom=0.00, dt=0.50
complete_dist_mat 0
rms 0
smooth_averages 0
remove_neg 0
ico_order 0
which_surface 0
target_radius 0.000000
nfields 0
scale 0.000000
desired_rms_height 0.000000
momentum 0.000000
nbhd_size 0
max_nbrs 0
niterations 100
nsurfaces 0
SURFACES 3
flags 0 (0)
use curv 0
no sulc 0
no rigid align 0
mris->nsize 2
mris->hemisphere 1
randomSeed 0

000: dt: 0.0000, sse=1126365.9, rms=5.960
001: dt: 0.5000, sse=540478.2, rms=3.634 (39.021%)
002: dt: 0.5000, sse=378504.2, rms=2.648 (27.146%)
003: dt: 0.5000, sse=338082.9, rms=2.332 (11.937%)
004: dt: 0.5000, sse=318739.1, rms=2.162 (7.279%)
rms = 2.1850/2.1619, sse=322350.4/318739.1, time step reduction 1 of 3 to 0.250  0 1 1
   RMS increased, rejecting step
005: dt: 0.2500, sse=263935.4, rms=1.586 (26.614%)
006: dt: 0.2500, sse=241484.4, rms=1.274 (19.725%)
007: dt: 0.2500, sse=235829.0, rms=1.178 (7.538%)
rms = 1.1389/1.1776, sse=233847.7/235829.0, time step reduction 2 of 3 to 0.125  0 0 1
008: dt: 0.2500, sse=233847.8, rms=1.139 (3.286%)
rms = 1.1111/1.1389, sse=232358.6/233847.7, time step reduction 3 of 3 to 0.062  0 0 1
009: dt: 0.1250, sse=232358.6, rms=1.111 (2.439%)
  maximum number of reductions reached, breaking from loop
positioning took 0.7 minutes
Iteration 1 =========================================
n_averages=2, current_sigma=1
Computing target border values 
Entering MRIScomputeBorderValues_new(): 
  inside_hi   = 120.0000000;
  border_hi   = 109.3475490;
  border_low  =  72.0000000;
  outside_low =  62.8783870;
  outside_hi  = 109.3475490;
  sigma = 1;
  max_thickness = 10;
  step_size=0.5;
  STEP_SIZE=0.1;
  which = 1
  thresh = 0
  flags = 0
  CBVfindFirstPeakD1=0
  CBVfindFirstPeakD2=0
  nvertices=139230
  Gdiag_no=-1
  vno start=0, stop=139230
Replacing 255s with 0s
#SI# sigma=1 had to be increased for 50 vertices, nripped=8281
mean border=86.0, 45 (8) missing vertices, mean dist -0.2 [0.4 (%65.0)->0.3 (%35.0))]
%77 local maxima, %17 large gradients and % 0 min vals, 0 gradients ignored
nFirstPeakD1 0
MRIScomputeBorderValues_new() finished in 0.0077 min


Finding expansion regions
mean absolute distance = 0.36 +- 0.69
3413 vertices more than 2 sigmas from mean.
Averaging target values for 5 iterations...
Positioning Surface: tspring = 0.3, nspring = 0.3, spring = 0, niters = 100 l_repulse = 5, l_surf_repulse = 0, checktol = 0
Positioning pial surface
Entering MRISpositionSurface()
  max_mm = 0.3
  MAX_REDUCTIONS = 2, REDUCTION_PCT = 0.5
  parms->check_tol = 0, niterations = 100
tol=1.0e-04, sigma=1.0, host=dna07, nav=2, nbrs=2, l_repulse=5.000, l_tspring=0.300, l_nspring=0.300, l_intensity=0.200, l_curv=1.000
mom=0.00, dt=0.50
000: dt: 0.0000, sse=506807.3, rms=3.357
010: dt: 0.5000, sse=324408.1, rms=2.080 (38.047%)
011: dt: 0.5000, sse=302353.7, rms=1.876 (9.773%)
rms = 1.8457/1.8763, sse=299565.1/302353.7, time step reduction 1 of 3 to 0.250  0 0 1
012: dt: 0.5000, sse=299565.1, rms=1.846 (1.629%)
013: dt: 0.2500, sse=242619.2, rms=1.089 (40.990%)
014: dt: 0.2500, sse=236318.6, rms=0.964 (11.480%)
rms = 0.9481/0.9641, sse=238199.2/236318.6, time step reduction 2 of 3 to 0.125  0 1 1
015: dt: 0.2500, sse=238199.2, rms=0.948 (1.666%)
rms = 0.9261/0.9481, sse=234504.0/238199.2, time step reduction 3 of 3 to 0.062  0 0 1
016: dt: 0.1250, sse=234504.0, rms=0.926 (2.318%)
  maximum number of reductions reached, breaking from loop
positioning took 0.5 minutes
Iteration 2 =========================================
n_averages=1, current_sigma=0.5
Computing target border values 
Entering MRIScomputeBorderValues_new(): 
  inside_hi   = 120.0000000;
  border_hi   = 109.3475490;
  border_low  =  72.0000000;
  outside_low =  62.8783870;
  outside_hi  = 109.3475490;
  sigma = 0.5;
  max_thickness = 10;
  step_size=0.5;
  STEP_SIZE=0.1;
  which = 1
  thresh = 0
  flags = 0
  CBVfindFirstPeakD1=0
  CBVfindFirstPeakD2=0
  nvertices=139230
  Gdiag_no=-1
  vno start=0, stop=139230
Replacing 255s with 0s
#SI# sigma=0.5 had to be increased for 74 vertices, nripped=8281
mean border=87.5, 65 (5) missing vertices, mean dist -0.1 [0.3 (%64.5)->0.2 (%35.5))]
%83 local maxima, %11 large gradients and % 0 min vals, 0 gradients ignored
nFirstPeakD1 0
MRIScomputeBorderValues_new() finished in 0.0051 min


Finding expansion regions
mean absolute distance = 0.31 +- 0.52
4450 vertices more than 2 sigmas from mean.
Averaging target values for 5 iterations...
Positioning Surface: tspring = 0.3, nspring = 0.3, spring = 0, niters = 100 l_repulse = 5, l_surf_repulse = 0, checktol = 0
Positioning pial surface
Entering MRISpositionSurface()
  max_mm = 0.3
  MAX_REDUCTIONS = 2, REDUCTION_PCT = 0.5
  parms->check_tol = 0, niterations = 100
tol=1.0e-04, sigma=0.5, host=dna07, nav=1, nbrs=2, l_repulse=5.000, l_tspring=0.300, l_nspring=0.300, l_intensity=0.200, l_curv=1.000
mom=0.00, dt=0.50
000: dt: 0.0000, sse=363645.3, rms=2.446
017: dt: 0.5000, sse=286954.7, rms=1.713 (29.960%)
rms = 1.7133/1.7133, sse=285209.3/286954.7, time step reduction 1 of 3 to 0.250  0 0 1
018: dt: 0.5000, sse=285209.3, rms=1.713 (0.002%)
019: dt: 0.2500, sse=237165.5, rms=0.986 (42.478%)
020: dt: 0.2500, sse=234220.7, rms=0.888 (9.888%)
rms = 0.8754/0.8881, sse=237572.9/234220.7, time step reduction 2 of 3 to 0.125  0 1 1
021: dt: 0.2500, sse=237572.9, rms=0.875 (1.424%)
rms = 0.8523/0.8754, sse=227590.9/237572.9, time step reduction 3 of 3 to 0.062  0 0 1
022: dt: 0.1250, sse=227590.9, rms=0.852 (2.637%)
  maximum number of reductions reached, breaking from loop
positioning took 0.4 minutes
Iteration 3 =========================================
n_averages=0, current_sigma=0.25
Computing target border values 
Entering MRIScomputeBorderValues_new(): 
  inside_hi   = 120.0000000;
  border_hi   = 109.3475490;
  border_low  =  72.0000000;
  outside_low =  62.8783870;
  outside_hi  = 109.3475490;
  sigma = 0.25;
  max_thickness = 10;
  step_size=0.5;
  STEP_SIZE=0.1;
  which = 1
  thresh = 0
  flags = 0
  CBVfindFirstPeakD1=0
  CBVfindFirstPeakD2=0
  nvertices=139230
  Gdiag_no=-1
  vno start=0, stop=139230
Replacing 255s with 0s
#SI# sigma=0.25 had to be increased for 87 vertices, nripped=8281
mean border=88.1, 76 (3) missing vertices, mean dist -0.1 [0.3 (%55.6)->0.3 (%44.4))]
%87 local maxima, % 7 large gradients and % 0 min vals, 0 gradients ignored
nFirstPeakD1 0
MRIScomputeBorderValues_new() finished in 0.0030 min


Finding expansion regions
mean absolute distance = 0.28 +- 0.43
4480 vertices more than 2 sigmas from mean.
Averaging target values for 5 iterations...
Positioning Surface: tspring = 0.3, nspring = 0.3, spring = 0, niters = 100 l_repulse = 5, l_surf_repulse = 0, checktol = 0
Positioning pial surface
Entering MRISpositionSurface()
  max_mm = 0.3
  MAX_REDUCTIONS = 2, REDUCTION_PCT = 0.5
  parms->check_tol = 0, niterations = 100
tol=1.0e-04, sigma=0.2, host=dna07, nav=0, nbrs=2, l_repulse=5.000, l_tspring=0.300, l_nspring=0.300, l_intensity=0.200, l_curv=1.000
mom=0.00, dt=0.50
000: dt: 0.0000, sse=253763.4, rms=1.360
023: dt: 0.5000, sse=238965.6, rms=1.063 (21.813%)
rms = 1.3333/1.0632, sse=252894.2/238965.6, time step reduction 1 of 3 to 0.250  0 1 1
   RMS increased, rejecting step
024: dt: 0.2500, sse=224288.6, rms=0.784 (26.300%)
025: dt: 0.2500, sse=220343.2, rms=0.706 (9.882%)
rms = 0.6773/0.7062, sse=218374.4/220343.2, time step reduction 2 of 3 to 0.125  0 0 1
026: dt: 0.2500, sse=218374.4, rms=0.677 (4.092%)
rms = 0.6702/0.6773, sse=218032.1/218374.4, time step reduction 3 of 3 to 0.062  0 0 1
027: dt: 0.1250, sse=218032.1, rms=0.670 (1.051%)
  maximum number of reductions reached, breaking from loop
positioning took 0.4 minutes


Writing output to ../surf/rh.white
#ET# mris_place_surface  1.96 minutes
#VMPC# mris_place_surfaces VmPeak  3030544
mris_place_surface done
#--------------------------------------------
#@# T1PialSurf rh Sat Apr  4 13:07:08 CEST 2026
cd /out/sourcedata/freesurfer/sub-v1s12x0050109_ses-1/mri
mris_place_surface --adgws-in ../surf/autodet.gw.stats.rh.dat --seg aseg.presurf.mgz --threads 16 --wm wm.mgz --invol brain.finalsurfs.mgz --rh --i ../surf/rh.white --o ../surf/rh.pial.T1 --pial --nsmooth 0 --rip-label ../label/rh.cortex+hipamyg.label --pin-medial-wall ../label/rh.cortex.label --aparc ../label/rh.aparc.annot --repulse-surf ../surf/rh.white --white-surf ../surf/rh.white
7.3.2
7.3.2

cd /out/sourcedata/freesurfer/sub-v1s12x0050109_ses-1/mri
setenv SUBJECTS_DIR /out/sourcedata/freesurfer
mris_place_surface --adgws-in ../surf/autodet.gw.stats.rh.dat --seg aseg.presurf.mgz --threads 16 --wm wm.mgz --invol brain.finalsurfs.mgz --rh --i ../surf/rh.white --o ../surf/rh.pial.T1 --pial --nsmooth 0 --rip-label ../label/rh.cortex+hipamyg.label --pin-medial-wall ../label/rh.cortex.label --aparc ../label/rh.aparc.annot --repulse-surf ../surf/rh.white --white-surf ../surf/rh.white 

Reading in input surface ../surf/rh.white
Not smoothing input surface
Area    278456  0.34271  0.12534 0.001180   2.3759
Corner  835368 60.00000 14.26213 0.666688 176.4818
Edge    417684  0.90068  0.20516 0.035022   4.0385
Hinge   417684 10.39632 10.99828 0.000029 179.8358
Reading white surface coordinates from ../surf/rh.white
Reading repulsion surface coordinates from ../surf/rh.white
Reading in aparc ../label/rh.aparc.annot
Reading in input volume brain.finalsurfs.mgz
Reading in wm volume wm.mgz
MRIclipBrightWM(): nthresh=15006, wmmin=5, clip=110 
MRIfindBrightNonWM(): 637 bright non-wm voxels segmented.
Masking bright non-wm for pial surface mid_gray = 69.6438
MRImask(): AllowDiffGeom = 1
MRImask(): AllowDiffGeom = 1
MRImask(): AllowDiffGeom = 1
Reading in seg volume aseg.presurf.mgz
Ripping frozen voxels
Ripping vertices not in label ../label/rh.cortex+hipamyg.label
MRISripNotLabel() ripped 5358/139230 vertices (133872 unripped)
INFO: rip surface needed but not specified, so using input surface
Ripping segs (eg, WMSA, BG, frozen)
Starting MRISripSegs() d = (-2 2 0.5) segnos: 247 
MRISripSegs(): -2 2 0.5 ripped 0
vertex 69615: xyz = (30.3755,-7.25601,-27.7793) oxyz = (30.3755,-7.25601,-27.7793) wxzy = (30.3755,-7.25601,-27.7793) pxyz = (30.3755,-7.25601,-27.7793) 
CBVO Creating mask 139230
n_averages 16
Iteration 0 =========================================
n_averages=16, current_sigma=2
Computing target border values 
Entering MRIScomputeBorderValues_new(): 
  inside_hi   =  94.6524510;
  border_hi   =  62.8783870;
  border_low  =  44.6351590;
  outside_low =  10.0000000;
  outside_hi  =  58.3175810;
  sigma = 2;
  max_thickness = 10;
  step_size=0.5;
  STEP_SIZE=0.1;
  which = 2
  thresh = 0
  flags = 0
  CBVfindFirstPeakD1=0
  CBVfindFirstPeakD2=0
  nvertices=139230
  Gdiag_no=-1
  vno start=0, stop=139230
Replacing 255s with 0s
#SI# sigma=2 had to be increased for 107 vertices, nripped=5358
mean border=62.5, 87 (87) missing vertices, mean dist 1.4 [0.0 (%0.0)->3.0 (%100.0))]
%11 local maxima, %34 large gradients and %52 min vals, 0 gradients ignored
nFirstPeakD1 0
MRIScomputeBorderValues_new() finished in 0.0102 min


Averaging target values for 5 iterations...
Positioning Surface: tspring = 0.3, nspring = 0.3, spring = 0, niters = 100 l_repulse = 0, l_surf_repulse = 5, checktol = 0
Positioning pial surface
Entering MRISpositionSurface()
  max_mm = 0.3
  MAX_REDUCTIONS = 2, REDUCTION_PCT = 0.5
  parms->check_tol = 0, niterations = 100
tol=1.0e-04, sigma=2.0, host=dna07, nav=16, nbrs=2, l_surf_repulse=5.000, l_tspring=0.300, l_nspring=0.300, l_intensity=0.200, l_curv=1.000
mom=0.00, dt=0.50
complete_dist_mat 0
rms 0
smooth_averages 0
remove_neg 0
ico_order 0
which_surface 0
target_radius 0.000000
nfields 0
scale 0.000000
desired_rms_height 0.000000
momentum 0.000000
nbhd_size 0
max_nbrs 0
niterations 100
nsurfaces 0
SURFACES 3
flags 0 (0)
use curv 0
no sulc 0
no rigid align 0
mris->nsize 2
mris->hemisphere 1
randomSeed 0

000: dt: 0.0000, sse=18927070.0, rms=26.454
001: dt: 0.5000, sse=13441598.0, rms=22.244 (15.915%)
002: dt: 0.5000, sse=9427151.0, rms=18.566 (16.534%)
003: dt: 0.5000, sse=6717344.5, rms=15.599 (15.981%)
004: dt: 0.5000, sse=4965761.0, rms=13.332 (14.530%)
005: dt: 0.5000, sse=3791334.2, rms=11.565 (13.258%)
006: dt: 0.5000, sse=2955314.8, rms=10.118 (12.507%)
007: dt: 0.5000, sse=2321855.5, rms=8.865 (12.388%)
008: dt: 0.5000, sse=1830731.4, rms=7.753 (12.542%)
009: dt: 0.5000, sse=1449772.0, rms=6.765 (12.749%)
010: dt: 0.5000, sse=1162454.5, rms=5.909 (12.648%)
011: dt: 0.5000, sse=961035.1, rms=5.225 (11.582%)
012: dt: 0.5000, sse=823069.9, rms=4.697 (10.097%)
013: dt: 0.5000, sse=730973.3, rms=4.307 (8.311%)
014: dt: 0.5000, sse=668594.5, rms=4.020 (6.654%)
015: dt: 0.5000, sse=630317.2, rms=3.831 (4.699%)
016: dt: 0.5000, sse=603351.6, rms=3.691 (3.658%)
017: dt: 0.5000, sse=589207.6, rms=3.613 (2.110%)
018: dt: 0.5000, sse=577537.2, rms=3.547 (1.833%)
rms = 3.5074/3.5469, sse=570987.4/577537.2, time step reduction 1 of 3 to 0.250  0 0 1
019: dt: 0.5000, sse=570987.4, rms=3.507 (1.115%)
020: dt: 0.2500, sse=507030.9, rms=3.127 (10.860%)
021: dt: 0.2500, sse=491536.9, rms=3.029 (3.127%)
rms = 3.0078/3.0287, sse=488571.7/491536.9, time step reduction 2 of 3 to 0.125  0 0 1
022: dt: 0.2500, sse=488571.7, rms=3.008 (0.690%)
rms = 2.9602/3.0078, sse=481533.5/488571.7, time step reduction 3 of 3 to 0.062  0 0 1
023: dt: 0.1250, sse=481533.5, rms=2.960 (1.584%)
  maximum number of reductions reached, breaking from loop
positioning took 1.4 minutes
Iteration 1 =========================================
n_averages=8, current_sigma=1
Computing target border values 
Entering MRIScomputeBorderValues_new(): 
  inside_hi   =  94.6524510;
  border_hi   =  62.8783870;
  border_low  =  44.6351590;
  outside_low =  10.0000000;
  outside_hi  =  58.3175810;
  sigma = 1;
  max_thickness = 10;
  step_size=0.5;
  STEP_SIZE=0.1;
  which = 2
  thresh = 0
  flags = 0
  CBVfindFirstPeakD1=0
  CBVfindFirstPeakD2=0
  nvertices=139230
  Gdiag_no=-1
  vno start=0, stop=139230
Replacing 255s with 0s
#SI# sigma=1 had to be increased for 13838 vertices, nripped=5358
mean border=61.5, 2460 (14) missing vertices, mean dist 0.1 [0.2 (%45.4)->0.6 (%54.6))]
%18 local maxima, %30 large gradients and %46 min vals, 0 gradients ignored
nFirstPeakD1 0
MRIScomputeBorderValues_new() finished in 0.0031 min


Averaging target values for 5 iterations...
Positioning Surface: tspring = 0.3, nspring = 0.3, spring = 0, niters = 100 l_repulse = 0, l_surf_repulse = 5, checktol = 0
Positioning pial surface
Entering MRISpositionSurface()
  max_mm = 0.3
  MAX_REDUCTIONS = 2, REDUCTION_PCT = 0.5
  parms->check_tol = 0, niterations = 100
tol=1.0e-04, sigma=1.0, host=dna07, nav=8, nbrs=2, l_surf_repulse=5.000, l_tspring=0.300, l_nspring=0.300, l_intensity=0.200, l_curv=1.000
mom=0.00, dt=0.50
000: dt: 0.0000, sse=605895.1, rms=3.415
024: dt: 0.5000, sse=576852.6, rms=3.251 (4.812%)
rms = 3.2381/3.2511, sse=572258.3/576852.6, time step reduction 1 of 3 to 0.250  0 0 1
025: dt: 0.5000, sse=572258.3, rms=3.238 (0.400%)
026: dt: 0.2500, sse=521926.5, rms=2.915 (9.992%)
027: dt: 0.2500, sse=511892.6, rms=2.848 (2.289%)
rms = 2.8449/2.8479, sse=511670.4/511892.6, time step reduction 2 of 3 to 0.125  0 0 1
028: dt: 0.2500, sse=511670.4, rms=2.845 (0.105%)
029: dt: 0.1250, sse=502732.7, rms=2.782 (2.214%)
rms = 2.7640/2.7819, sse=500202.7/502732.7, time step reduction 3 of 3 to 0.062  0 0 1
030: dt: 0.1250, sse=500202.8, rms=2.764 (0.645%)
  maximum number of reductions reached, breaking from loop
positioning took 0.4 minutes
Iteration 2 =========================================
n_averages=4, current_sigma=0.5
Computing target border values 
Entering MRIScomputeBorderValues_new(): 
  inside_hi   =  94.6524510;
  border_hi   =  62.8783870;
  border_low  =  44.6351590;
  outside_low =  10.0000000;
  outside_hi  =  58.3175810;
  sigma = 0.5;
  max_thickness = 10;
  step_size=0.5;
  STEP_SIZE=0.1;
  which = 2
  thresh = 0
  flags = 0
  CBVfindFirstPeakD1=0
  CBVfindFirstPeakD2=0
  nvertices=139230
  Gdiag_no=-1
  vno start=0, stop=139230
Replacing 255s with 0s
#SI# sigma=0.5 had to be increased for 16148 vertices, nripped=5358
mean border=61.2, 3114 (12) missing vertices, mean dist 0.1 [0.2 (%47.4)->0.5 (%52.6))]
%25 local maxima, %22 large gradients and %46 min vals, 0 gradients ignored
nFirstPeakD1 0
MRIScomputeBorderValues_new() finished in 0.0019 min


Averaging target values for 5 iterations...
Positioning Surface: tspring = 0.3, nspring = 0.3, spring = 0, niters = 100 l_repulse = 0, l_surf_repulse = 5, checktol = 0
Positioning pial surface
Entering MRISpositionSurface()
  max_mm = 0.3
  MAX_REDUCTIONS = 2, REDUCTION_PCT = 0.5
  parms->check_tol = 0, niterations = 100
tol=1.0e-04, sigma=0.5, host=dna07, nav=4, nbrs=2, l_surf_repulse=5.000, l_tspring=0.300, l_nspring=0.300, l_intensity=0.200, l_curv=1.000
mom=0.00, dt=0.50
000: dt: 0.0000, sse=532618.9, rms=2.952
rms = 3.0858/2.9525, sse=553246.4/532618.9, time step reduction 1 of 3 to 0.250  0 1 1
   RMS increased, rejecting step
031: dt: 0.2500, sse=516532.2, rms=2.847 (3.565%)
rms = 2.8063/2.8472, sse=510241.3/516532.2, time step reduction 2 of 3 to 0.125  0 0 1
032: dt: 0.2500, sse=510241.2, rms=2.806 (1.437%)
rms = 2.7577/2.8063, sse=503316.9/510241.3, time step reduction 3 of 3 to 0.062  0 0 1
033: dt: 0.1250, sse=503316.9, rms=2.758 (1.731%)
  maximum number of reductions reached, breaking from loop
positioning took 0.2 minutes
Iteration 3 =========================================
n_averages=2, current_sigma=0.25
Computing target border values 
Entering MRIScomputeBorderValues_new(): 
  inside_hi   =  94.6524510;
  border_hi   =  62.8783870;
  border_low  =  44.6351590;
  outside_low =  10.0000000;
  outside_hi  =  58.3175810;
  sigma = 0.25;
  max_thickness = 10;
  step_size=0.5;
  STEP_SIZE=0.1;
  which = 2
  thresh = 0
  flags = 0
  CBVfindFirstPeakD1=0
  CBVfindFirstPeakD2=0
  nvertices=139230
  Gdiag_no=-1
  vno start=0, stop=139230
Replacing 255s with 0s
#SI# sigma=0.25 had to be increased for 14182 vertices, nripped=5358
mean border=60.7, 6353 (10) missing vertices, mean dist 0.1 [0.2 (%46.0)->0.4 (%54.0))]
%30 local maxima, %18 large gradients and %44 min vals, 0 gradients ignored
nFirstPeakD1 0
MRIScomputeBorderValues_new() finished in 0.0014 min


Averaging target values for 5 iterations...
Positioning Surface: tspring = 0.3, nspring = 0.3, spring = 0, niters = 100 l_repulse = 0, l_surf_repulse = 5, checktol = 0
Positioning pial surface
Entering MRISpositionSurface()
  max_mm = 0.3
  MAX_REDUCTIONS = 2, REDUCTION_PCT = 0.5
  parms->check_tol = 0, niterations = 100
tol=1.0e-04, sigma=0.2, host=dna07, nav=2, nbrs=2, l_surf_repulse=5.000, l_tspring=0.300, l_nspring=0.300, l_intensity=0.200, l_curv=1.000
mom=0.00, dt=0.50
000: dt: 0.0000, sse=522966.7, rms=2.888
rms = 2.9796/2.8883, sse=535133.3/522966.7, time step reduction 1 of 3 to 0.250  0 1 1
   RMS increased, rejecting step
034: dt: 0.2500, sse=508773.8, rms=2.795 (3.231%)
035: dt: 0.2500, sse=498921.1, rms=2.734 (2.196%)
rms = 2.7164/2.7336, sse=495860.4/498921.1, time step reduction 2 of 3 to 0.125  0 0 1
036: dt: 0.2500, sse=495860.4, rms=2.716 (0.629%)
037: dt: 0.1250, sse=484423.4, rms=2.635 (2.982%)
rms = 2.6035/2.6354, sse=479762.0/484423.4, time step reduction 3 of 3 to 0.062  0 0 1
038: dt: 0.1250, sse=479762.0, rms=2.603 (1.212%)
  maximum number of reductions reached, breaking from loop
positioning took 0.3 minutes
Pinning medial wall to white surface
removing intersecting faces
000: 7 intersecting
terminating search with 0 intersecting


Writing output to ../surf/rh.pial.T1
#ET# mris_place_surface  2.46 minutes
#VMPC# mris_place_surfaces VmPeak  2394308
mris_place_surface done
#@# white curv rh Sat Apr  4 13:09:40 CEST 2026
cd /out/sourcedata/freesurfer/sub-v1s12x0050109_ses-1/mri
mris_place_surface --curv-map ../surf/rh.white 2 10 ../surf/rh.curv
insurf  ../surf/rh.white, nbrs 2, curvature_avgs 10
writing curvature file ../surf/rh.curv
#@# white area rh Sat Apr  4 13:09:41 CEST 2026
cd /out/sourcedata/freesurfer/sub-v1s12x0050109_ses-1/mri
mris_place_surface --area-map ../surf/rh.white ../surf/rh.area
writing curvature file ../surf/rh.area
#@# pial curv rh Sat Apr  4 13:09:42 CEST 2026
cd /out/sourcedata/freesurfer/sub-v1s12x0050109_ses-1/mri
mris_place_surface --curv-map ../surf/rh.pial 2 10 ../surf/rh.curv.pial
insurf  ../surf/rh.pial, nbrs 2, curvature_avgs 10
writing curvature file ../surf/rh.curv.pial
#@# pial area rh Sat Apr  4 13:09:43 CEST 2026
cd /out/sourcedata/freesurfer/sub-v1s12x0050109_ses-1/mri
mris_place_surface --area-map ../surf/rh.pial ../surf/rh.area.pial
writing curvature file ../surf/rh.area.pial
#@# thickness rh Sat Apr  4 13:09:43 CEST 2026
cd /out/sourcedata/freesurfer/sub-v1s12x0050109_ses-1/mri
mris_place_surface --thickness ../surf/rh.white ../surf/rh.pial 20 5 ../surf/rh.thickness
0 of 139230 vertices processed
25000 of 139230 vertices processed
50000 of 139230 vertices processed
75000 of 139230 vertices processed
100000 of 139230 vertices processed
125000 of 139230 vertices processed
0 of 139230 vertices processed
25000 of 139230 vertices processed
50000 of 139230 vertices processed
75000 of 139230 vertices processed
100000 of 139230 vertices processed
125000 of 139230 vertices processed
thickness calculation complete, 141:1191 truncations.
58339 vertices at 0 distance
116050 vertices at 1 distance
65181 vertices at 2 distance
24535 vertices at 3 distance
8864 vertices at 4 distance
3335 vertices at 5 distance
1183 vertices at 6 distance
440 vertices at 7 distance
148 vertices at 8 distance
88 vertices at 9 distance
60 vertices at 10 distance
41 vertices at 11 distance
38 vertices at 12 distance
39 vertices at 13 distance
31 vertices at 14 distance
17 vertices at 15 distance
15 vertices at 16 distance
9 vertices at 17 distance
17 vertices at 18 distance
14 vertices at 19 distance
16 vertices at 20 distance
writing curvature file ../surf/rh.thickness
#@# area and vertex vol rh Sat Apr  4 13:10:02 CEST 2026
cd /out/sourcedata/freesurfer/sub-v1s12x0050109_ses-1/mri
mris_place_surface --thickness ../surf/rh.white ../surf/rh.pial 20 5 ../surf/rh.thickness
/out/sourcedata/freesurfer/sub-v1s12x0050109_ses-1/surf
mris_calc -o rh.area.mid rh.area add rh.area.pial
Saving result to 'rh.area.mid' (type = MRI_CURV_FILE)                       [ ok ]
mris_calc -o rh.area.mid rh.area.mid div 2
Saving result to 'rh.area.mid' (type = MRI_CURV_FILE)                       [ ok ]
mris_convert --volume sub-v1s12x0050109_ses-1 rh /out/sourcedata/freesurfer/sub-v1s12x0050109_ses-1/surf/rh.volume
masking with /out/sourcedata/freesurfer/sub-v1s12x0050109_ses-1/label/rh.cortex.label
Total face volume 244413
Total vertex volume 244195 (mask=0)
#@# sub-v1s12x0050109_ses-1 rh 244195
 
vertexvol Done

#-----------------------------------------
#@# Curvature Stats rh Sat Apr  4 13:10:03 CEST 2026
/out/sourcedata/freesurfer/sub-v1s12x0050109_ses-1/surf

 mris_curvature_stats -m --writeCurvatureFiles -G -o ../stats/rh.curv.stats -F smoothwm sub-v1s12x0050109_ses-1 rh curv sulc 

             Toggling save flag on curvature files                       [ ok ]
                 Outputting results using filestem   [ ../stats/rh.curv.stats ]
             Toggling save flag on curvature files                       [ ok ]
                                   Setting surface [ sub-v1s12x0050109_ses-1/rh.smoothwm ]
                                Reading surface...                       [ ok ]
                                   Setting texture                     [ curv ]
                                Reading texture...                       [ ok ]
                                   Setting texture                     [ sulc ]
                                Reading texture...Gb_filter = 0
                       [ ok ]
      Calculating Discrete Principal Curvatures...
      Determining geometric order for vno faces... [####################] [ ok ]
                      Determining KH curvatures... [####################] [ ok ]
                    Determining k1k2 curvatures... [####################] [ ok ]
                                   deltaViolations                      [ 229 ]
Gb_filter = 0

WARN:    S lookup   min:                          -0.151140
WARN:    S explicit min:                          0.000000	vertex = 624
#-----------------------------------------
#@# Cortical Parc 2 rh Sat Apr  4 13:10:05 CEST 2026
/out/sourcedata/freesurfer/sub-v1s12x0050109_ses-1/scripts

 mris_ca_label -l ../label/rh.cortex.label -aseg ../mri/aseg.presurf.mgz -seed 1234 sub-v1s12x0050109_ses-1 rh ../surf/rh.sphere.reg /opt/freesurfer/average/rh.CDaparc.atlas.acfb40.noaparc.i12.2016-08-02.gcs ../label/rh.aparc.a2009s.annot 

setting seed for random number generator to 1234
using ../mri/aseg.presurf.mgz aseg volume to correct midline
7.3.2
  7.3.2
reading atlas from /opt/freesurfer/average/rh.CDaparc.atlas.acfb40.noaparc.i12.2016-08-02.gcs...
reading color table from GCSA file....
average std = 1.4   using min determinant for regularization = 0.021
0 singular and 0 ill-conditioned covariance matrices regularized
input 0: MEAN CURVATURE, flags 0, avgs 5, name mean_curvature
labeling surface...
0 labels changed using aseg
relabeling using gibbs priors...
000:   9344 changed, 139230 examined...
001:   2058 changed, 36390 examined...
002:    628 changed, 11032 examined...
003:    277 changed, 3680 examined...
004:    148 changed, 1613 examined...
005:     75 changed, 852 examined...
006:     48 changed, 423 examined...
007:     25 changed, 267 examined...
008:     13 changed, 131 examined...
009:      5 changed, 81 examined...
010:      6 changed, 33 examined...
011:      4 changed, 32 examined...
012:      3 changed, 20 examined...
013:      2 changed, 15 examined...
014:      0 changed, 9 examined...
3 labels changed using aseg
000: 235 total segments, 152 labels (2924 vertices) changed
001: 102 total segments, 19 labels (92 vertices) changed
002: 84 total segments, 1 labels (2 vertices) changed
003: 83 total segments, 0 labels (0 vertices) changed
10 filter iterations complete (10 requested, 35 changed)
rationalizing unknown annotations with cortex label
relabeling Medial_wall label...
1186 vertices marked for relabeling...
1186 labels changed in reclassification.
writing output to ../label/rh.aparc.a2009s.annot...
classification took 0 minutes and 10 seconds.
#-----------------------------------------
#@# Cortical Parc 3 rh Sat Apr  4 13:10:15 CEST 2026
/out/sourcedata/freesurfer/sub-v1s12x0050109_ses-1/scripts

 mris_ca_label -l ../label/rh.cortex.label -aseg ../mri/aseg.presurf.mgz -seed 1234 sub-v1s12x0050109_ses-1 rh ../surf/rh.sphere.reg /opt/freesurfer/average/rh.DKTaparc.atlas.acfb40.noaparc.i12.2016-08-02.gcs ../label/rh.aparc.DKTatlas.annot 

setting seed for random number generator to 1234
using ../mri/aseg.presurf.mgz aseg volume to correct midline
7.3.2
  7.3.2
reading atlas from /opt/freesurfer/average/rh.DKTaparc.atlas.acfb40.noaparc.i12.2016-08-02.gcs...
reading color table from GCSA file....
average std = 0.9   using min determinant for regularization = 0.009
0 singular and 325 ill-conditioned covariance matrices regularized
input 0: MEAN CURVATURE, flags 0, avgs 5, name mean_curvature
labeling surface...
1445 labels changed using aseg
relabeling using gibbs priors...
000:   2026 changed, 139230 examined...
001:    459 changed, 9478 examined...
002:    123 changed, 2675 examined...
003:     55 changed, 706 examined...
004:     25 changed, 330 examined...
005:     15 changed, 141 examined...
006:      7 changed, 73 examined...
007:      7 changed, 47 examined...
008:      3 changed, 43 examined...
009:      5 changed, 21 examined...
010:      2 changed, 29 examined...
011:      1 changed, 11 examined...
012:      1 changed, 8 examined...
013:      2 changed, 7 examined...
014:      2 changed, 11 examined...
015:      3 changed, 11 examined...
016:      5 changed, 16 examined...
017:      5 changed, 22 examined...
018:      4 changed, 30 examined...
019:      1 changed, 22 examined...
020:      0 changed, 5 examined...
189 labels changed using aseg
000: 46 total segments, 13 labels (67 vertices) changed
001: 33 total segments, 0 labels (0 vertices) changed
10 filter iterations complete (10 requested, 5 changed)
rationalizing unknown annotations with cortex label
relabeling unknown label...
relabeling corpuscallosum label...
1097 vertices marked for relabeling...
1097 labels changed in reclassification.
writing output to ../label/rh.aparc.DKTatlas.annot...
classification took 0 minutes and 7 seconds.
#-----------------------------------------
#@# WM/GM Contrast rh Sat Apr  4 13:10:22 CEST 2026
/out/sourcedata/freesurfer/sub-v1s12x0050109_ses-1/scripts

 pctsurfcon --s sub-v1s12x0050109_ses-1 --rh-only 

Log file is /out/sourcedata/freesurfer/sub-v1s12x0050109_ses-1/scripts/pctsurfcon.log
Sat Apr  4 13:10:22 CEST 2026
setenv SUBJECTS_DIR /out/sourcedata/freesurfer
cd /out/sourcedata/freesurfer/sub-v1s12x0050109_ses-1/scripts
/opt/freesurfer/bin/pctsurfcon
pctsurfcon 7.3.2
Linux dna070 5.14.0-427.37.1.el9_4.x86_64 #1 SMP PREEMPT_DYNAMIC Fri Sep 13 12:41:50 EDT 2024 x86_64 x86_64 x86_64 GNU/Linux
FREESURFER_HOME /opt/freesurfer
mri_vol2surf --mov /out/sourcedata/freesurfer/sub-v1s12x0050109_ses-1/mri/rawavg.mgz --hemi rh --noreshape --interp trilinear --projdist -1 --o /out/sourcedata/freesurfer/sub-v1s12x0050109_ses-1/surf/tmp.pctsurfcon.2273103/rh.wm.mgh --regheader sub-v1s12x0050109_ses-1 --cortex
srcvol = /out/sourcedata/freesurfer/sub-v1s12x0050109_ses-1/mri/rawavg.mgz
srcreg unspecified
srcregold = 0
srcwarp unspecified
surf = white
hemi = rh
ProjDist = -1
reshape = 0
interp = trilinear
float2int = round
GetProjMax = 0
INFO: float2int code = 0
Done loading volume
Computing registration from header.
  Using /out/sourcedata/freesurfer/sub-v1s12x0050109_ses-1/mri/orig.mgz as target reference.
-------- original matrix -----------
-0.99999   0.00000  -0.00349   0.00002;
-0.00349   0.00000   0.99999   0.00002;
 0.00000  -1.00000   0.00000   0.00000;
 0.00000   0.00000   0.00000   1.00000;
-------- original matrix -----------
Loading label /out/sourcedata/freesurfer/sub-v1s12x0050109_ses-1/label/rh.cortex.label
Reading surface /out/sourcedata/freesurfer/sub-v1s12x0050109_ses-1/surf/rh.white
Done reading source surface
Mapping Source Volume onto Source Subject Surface
Projecting -1 -1 1
 1 -1 -1 -1
using old
Done mapping volume to surface
Number of source voxels hit = 82822
Masking with /out/sourcedata/freesurfer/sub-v1s12x0050109_ses-1/label/rh.cortex.label
Writing to /out/sourcedata/freesurfer/sub-v1s12x0050109_ses-1/surf/tmp.pctsurfcon.2273103/rh.wm.mgh
Dim: 139230 1 1
mri_vol2surf --mov /out/sourcedata/freesurfer/sub-v1s12x0050109_ses-1/mri/rawavg.mgz --hemi rh --noreshape --interp trilinear --o /out/sourcedata/freesurfer/sub-v1s12x0050109_ses-1/surf/tmp.pctsurfcon.2273103/rh.gm.mgh --projfrac 0.3 --regheader sub-v1s12x0050109_ses-1 --cortex
srcvol = /out/sourcedata/freesurfer/sub-v1s12x0050109_ses-1/mri/rawavg.mgz
srcreg unspecified
srcregold = 0
srcwarp unspecified
surf = white
hemi = rh
ProjFrac = 0.3
thickness = thickness
reshape = 0
interp = trilinear
float2int = round
GetProjMax = 0
INFO: float2int code = 0
Done loading volume
Computing registration from header.
  Using /out/sourcedata/freesurfer/sub-v1s12x0050109_ses-1/mri/orig.mgz as target reference.
-------- original matrix -----------
-0.99999   0.00000  -0.00349   0.00002;
-0.00349   0.00000   0.99999   0.00002;
 0.00000  -1.00000   0.00000   0.00000;
 0.00000   0.00000   0.00000   1.00000;
-------- original matrix -----------
Loading label /out/sourcedata/freesurfer/sub-v1s12x0050109_ses-1/label/rh.cortex.label
Reading surface /out/sourcedata/freesurfer/sub-v1s12x0050109_ses-1/surf/rh.white
Done reading source surface
Reading thickness /out/sourcedata/freesurfer/sub-v1s12x0050109_ses-1/surf/rh.thickness
Done
Mapping Source Volume onto Source Subject Surface
Projecting 0.3 0.3 1
 1 0.3 0.3 0.3
using old
Done mapping volume to surface
Number of source voxels hit = 95091
Masking with /out/sourcedata/freesurfer/sub-v1s12x0050109_ses-1/label/rh.cortex.label
Writing to /out/sourcedata/freesurfer/sub-v1s12x0050109_ses-1/surf/tmp.pctsurfcon.2273103/rh.gm.mgh
Dim: 139230 1 1
mri_concat /out/sourcedata/freesurfer/sub-v1s12x0050109_ses-1/surf/tmp.pctsurfcon.2273103/rh.wm.mgh /out/sourcedata/freesurfer/sub-v1s12x0050109_ses-1/surf/tmp.pctsurfcon.2273103/rh.gm.mgh --paired-diff-norm --mul 100 --o /out/sourcedata/freesurfer/sub-v1s12x0050109_ses-1/surf/rh.w-g.pct.mgh
ninputs = 2
Checking inputs
nframestot = 2
Allocing output
Done allocing
Combining pairs
nframes = 1
Multiplying by 100.000000
Writing to /out/sourcedata/freesurfer/sub-v1s12x0050109_ses-1/surf/rh.w-g.pct.mgh
mri_segstats --in /out/sourcedata/freesurfer/sub-v1s12x0050109_ses-1/surf/rh.w-g.pct.mgh --annot sub-v1s12x0050109_ses-1 rh aparc --sum /out/sourcedata/freesurfer/sub-v1s12x0050109_ses-1/stats/rh.w-g.pct.stats --snr

7.3.2
cwd 
cmdline mri_segstats --in /out/sourcedata/freesurfer/sub-v1s12x0050109_ses-1/surf/rh.w-g.pct.mgh --annot sub-v1s12x0050109_ses-1 rh aparc --sum /out/sourcedata/freesurfer/sub-v1s12x0050109_ses-1/stats/rh.w-g.pct.stats --snr 
sysname  Linux
hostname dna070
machine  x86_64
user     oesteban
whitesurfname  white
UseRobust  0
Constructing seg from annotation

Reading annotation /out/sourcedata/freesurfer/sub-v1s12x0050109_ses-1/label/rh.aparc.annot
Seg base 2000
Loading /out/sourcedata/freesurfer/sub-v1s12x0050109_ses-1/surf/rh.w-g.pct.mgh
Vertex Area is 0.685403 mm^3
Generating list of segmentation ids
Found  36 segmentations
Computing statistics for each segmentation

Reporting on  35 segmentations
Using PrintSegStat
mri_segstats done
Cleaning up

Started at Sat Apr 4 12:55:41 CEST 2026 
Ended   at Sat Apr 4 13:10:24 CEST 2026
#@#%# recon-all-run-time-hours 0.245
recon-all -s sub-v1s12x0050109_ses-1 finished without error at Sat Apr  4 13:10:24 CEST 2026



#New# invocation of recon-all 




Sat Apr  4 13:15:46 CEST 2026
cd /out/sourcedata/freesurfer/sub-v1s12x0050109_ses-1
setenv SUBJECTS_DIR /out/sourcedata/freesurfer
/opt/freesurfer/bin/recon-all -autorecon-hemi rh -nohyporelabel -rh-only -openmp 16 -subjid sub-v1s12x0050109_ses-1 -sd /out/sourcedata/freesurfer -notessellate -nosmooth1 -noinflate1 -noqsphere -nofix -nowhite -nosmooth2 -noinflate2 -nocurvHK -nocurvstats -nosphere -nosurfreg -nojacobian_white -noavgcurv -nocortparc -nopial -nocortparc2 -nocortparc3 -nopctsurfcon

subjid sub-v1s12x0050109_ses-1
setenv SUBJECTS_DIR /out/sourcedata/freesurfer
FREESURFER_HOME /opt/freesurfer
Actual FREESURFER_HOME /opt/freesurfer
build-stamp.txt: freesurfer-linux-ubuntu22_x86_64-7.3.2-20220804-6354275
Linux dna070 5.14.0-427.37.1.el9_4.x86_64 #1 SMP PREEMPT_DYNAMIC Fri Sep 13 12:41:50 EDT 2024 x86_64 x86_64 x86_64 GNU/Linux
cputime      unlimited
filesize     unlimited
datasize     unlimited
stacksize    8192 kbytes
coredumpsize 0 kbytes
memoryuse    67108864 kbytes
vmemoryuse   unlimited
descriptors  1024 
memorylocked unlimited
maxproc      2061970 
maxlocks     unlimited
maxsignal    2062029 
maxmessage   819200 
maxnice      0 
maxrtprio    0 
maxrttime    unlimited

               total        used        free      shared  buff/cache   available
Mem:           503Gi        49Gi       282Gi        16Gi       172Gi       434Gi
Swap:             0B          0B          0B

########################################
program versions used
7.3.2 (freesurfer-linux-ubuntu22_x86_64-7.3.2-20220804-6354275)
7.3.2

ProgramName: lta_convert  ProgramArguments: lta_convert -all-info  ProgramVersion: 7.3.2  TimeStamp: 2026/04/04-11:15:46-GMT  BuildTime: Aug  4 2022 06:17:15  BuildStamp: freesurfer-linux-ubuntu22_x86_64-7.3.2-20220804-6354275  User: oesteban  Machine: dna070  Platform: Linux  PlatformVersion: 5.14.0-427.37.1.el9_4.x86_64  CompilerName: GCC  CompilerVersion: 8.4.0
ProgramName: mri_and  ProgramArguments: mri_and -all-info  ProgramVersion: 7.3.2  TimeStamp: 2026/04/04-11:15:46-GMT  BuildTime: Aug  4 2022 06:17:15  BuildStamp: freesurfer-linux-ubuntu22_x86_64-7.3.2-20220804-6354275  User: oesteban  Machine: dna070  Platform: Linux  PlatformVersion: 5.14.0-427.37.1.el9_4.x86_64  CompilerName: GCC  CompilerVersion: 8.4.0
ProgramName: mri_annotation2label  ProgramArguments: mri_annotation2label -all-info  ProgramVersion: 7.3.2  TimeStamp: 2026/04/04-11:15:46-GMT  BuildTime: Aug  4 2022 06:17:15  BuildStamp: freesurfer-linux-ubuntu22_x86_64-7.3.2-20220804-6354275  User: oesteban  Machine: dna070  Platform: Linux  PlatformVersion: 5.14.0-427.37.1.el9_4.x86_64  CompilerName: GCC  CompilerVersion: 8.4.0
ProgramName: mri_aparc2aseg  ProgramArguments: mri_aparc2aseg -all-info  ProgramVersion: 7.3.2  TimeStamp: 2026/04/04-11:15:46-GMT  BuildTime: Aug  4 2022 06:17:15  BuildStamp: freesurfer-linux-ubuntu22_x86_64-7.3.2-20220804-6354275  User: oesteban  Machine: dna070  Platform: Linux  PlatformVersion: 5.14.0-427.37.1.el9_4.x86_64  CompilerName: GCC  CompilerVersion: 8.4.0
ProgramName: mri_surf2volseg  ProgramArguments: mri_surf2volseg -all-info  ProgramVersion: 7.3.2  TimeStamp: 2026/04/04-11:15:46-GMT  BuildTime: Aug  4 2022 06:17:15  BuildStamp: freesurfer-linux-ubuntu22_x86_64-7.3.2-20220804-6354275  User: oesteban  Machine: dna070  Platform: Linux  PlatformVersion: 5.14.0-427.37.1.el9_4.x86_64  CompilerName: GCC  CompilerVersion: 8.4.0
ProgramName: mri_binarize  ProgramArguments: mri_binarize -all-info  ProgramVersion: 7.3.2  TimeStamp: 2026/04/04-11:15:46-GMT  BuildTime: Aug  4 2022 06:17:15  BuildStamp: freesurfer-linux-ubuntu22_x86_64-7.3.2-20220804-6354275  User: oesteban  Machine: dna070  Platform: Linux  PlatformVersion: 5.14.0-427.37.1.el9_4.x86_64  CompilerName: GCC  CompilerVersion: 8.4.0
ProgramName: mri_ca_label  ProgramArguments: mri_ca_label -all-info  ProgramVersion: 7.3.2  TimeStamp: 2026/04/04-11:15:46-GMT  BuildTime: Aug  4 2022 06:17:15  BuildStamp: freesurfer-linux-ubuntu22_x86_64-7.3.2-20220804-6354275  User: oesteban  Machine: dna070  Platform: Linux  PlatformVersion: 5.14.0-427.37.1.el9_4.x86_64  CompilerName: GCC  CompilerVersion: 8.4.0
ProgramName: mri_ca_normalize  ProgramArguments: mri_ca_normalize -all-info  ProgramVersion: 7.3.2  TimeStamp: 2026/04/04-11:15:46-GMT  BuildTime: Aug  4 2022 06:17:15  BuildStamp: freesurfer-linux-ubuntu22_x86_64-7.3.2-20220804-6354275  User: oesteban  Machine: dna070  Platform: Linux  PlatformVersion: 5.14.0-427.37.1.el9_4.x86_64  CompilerName: GCC  CompilerVersion: 8.4.0
ProgramName: mri_ca_register  ProgramArguments: mri_ca_register -all-info  ProgramVersion: 7.3.2  TimeStamp: 2026/04/04-11:15:46-GMT  BuildTime: Aug  4 2022 06:17:15  BuildStamp: freesurfer-linux-ubuntu22_x86_64-7.3.2-20220804-6354275  User: oesteban  Machine: dna070  Platform: Linux  PlatformVersion: 5.14.0-427.37.1.el9_4.x86_64  CompilerName: GCC  CompilerVersion: 8.4.0
ProgramName: mri_cc  ProgramArguments: mri_cc -all-info  ProgramVersion: 7.3.2  TimeStamp: 2026/04/04-11:15:46-GMT  BuildTime: Aug  4 2022 06:17:15  BuildStamp: freesurfer-linux-ubuntu22_x86_64-7.3.2-20220804-6354275  User: oesteban  Machine: dna070  Platform: Linux  PlatformVersion: 5.14.0-427.37.1.el9_4.x86_64  CompilerName: GCC  CompilerVersion: 8.4.0
ProgramName: mri_compute_overlap  ProgramArguments: mri_compute_overlap -all-info  ProgramVersion: 7.3.2  TimeStamp: 2026/04/04-11:15:46-GMT  BuildTime: Aug  4 2022 06:17:15  BuildStamp: freesurfer-linux-ubuntu22_x86_64-7.3.2-20220804-6354275  User: oesteban  Machine: dna070  Platform: Linux  PlatformVersion: 5.14.0-427.37.1.el9_4.x86_64  CompilerName: GCC  CompilerVersion: 8.4.0
ProgramName: mri_compute_seg_overlap  ProgramArguments: mri_compute_seg_overlap -all-info  ProgramVersion: 7.3.2  TimeStamp: 2026/04/04-11:15:46-GMT  BuildTime: Aug  4 2022 06:17:15  BuildStamp: freesurfer-linux-ubuntu22_x86_64-7.3.2-20220804-6354275  User: oesteban  Machine: dna070  Platform: Linux  PlatformVersion: 5.14.0-427.37.1.el9_4.x86_64  CompilerName: GCC  CompilerVersion: 8.4.0
ProgramName: mri_concat  ProgramArguments: mri_concat -all-info  ProgramVersion: 7.3.2  TimeStamp: 2026/04/04-11:15:46-GMT  BuildTime: Aug  4 2022 06:17:15  BuildStamp: freesurfer-linux-ubuntu22_x86_64-7.3.2-20220804-6354275  User: oesteban  Machine: dna070  Platform: Linux  PlatformVersion: 5.14.0-427.37.1.el9_4.x86_64  CompilerName: GCC  CompilerVersion: 8.4.0
ProgramName: mri_concatenate_lta  ProgramArguments: mri_concatenate_lta -all-info  ProgramVersion: 7.3.2  TimeStamp: 2026/04/04-11:15:46-GMT  BuildTime: Aug  4 2022 06:17:15  BuildStamp: freesurfer-linux-ubuntu22_x86_64-7.3.2-20220804-6354275  User: oesteban  Machine: dna070  Platform: Linux  PlatformVersion: 5.14.0-427.37.1.el9_4.x86_64  CompilerName: GCC  CompilerVersion: 8.4.0
mri_convert -all-info 
ProgramName: mri_convert  ProgramArguments: mri_convert -all-info  ProgramVersion: 7.3.2  TimeStamp: 2026/04/04-11:15:46-GMT  BuildTime: Aug  4 2022 06:17:15  BuildStamp: freesurfer-linux-ubuntu22_x86_64-7.3.2-20220804-6354275  User: oesteban  Machine: dna070  Platform: Linux  PlatformVersion: 5.14.0-427.37.1.el9_4.x86_64  CompilerName: GCC  CompilerVersion: 8.4.0
ProgramName: mri_diff  ProgramArguments: mri_diff -all-info  ProgramVersion: 7.3.2  TimeStamp: 2026/04/04-11:15:46-GMT  BuildTime: Aug  4 2022 06:17:15  BuildStamp: freesurfer-linux-ubuntu22_x86_64-7.3.2-20220804-6354275  User: oesteban  Machine: dna070  Platform: Linux  PlatformVersion: 5.14.0-427.37.1.el9_4.x86_64  CompilerName: GCC  CompilerVersion: 8.4.0
ProgramName: mri_edit_wm_with_aseg  ProgramArguments: mri_edit_wm_with_aseg -all-info  ProgramVersion: 7.3.2  TimeStamp: 2026/04/04-11:15:46-GMT  BuildTime: Aug  4 2022 06:17:15  BuildStamp: freesurfer-linux-ubuntu22_x86_64-7.3.2-20220804-6354275  User: oesteban  Machine: dna070  Platform: Linux  PlatformVersion: 5.14.0-427.37.1.el9_4.x86_64  CompilerName: GCC  CompilerVersion: 8.4.0
ProgramName: mri_em_register  ProgramArguments: mri_em_register -all-info  ProgramVersion: 7.3.2  TimeStamp: 2026/04/04-11:15:46-GMT  BuildTime: Aug  4 2022 06:17:15  BuildStamp: freesurfer-linux-ubuntu22_x86_64-7.3.2-20220804-6354275  User: oesteban  Machine: dna070  Platform: Linux  PlatformVersion: 5.14.0-427.37.1.el9_4.x86_64  CompilerName: GCC  CompilerVersion: 8.4.0
ProgramName: mri_fill  ProgramArguments: mri_fill -all-info  ProgramVersion: 7.3.2  TimeStamp: 2026/04/04-11:15:46-GMT  BuildTime: Aug  4 2022 06:17:15  BuildStamp: freesurfer-linux-ubuntu22_x86_64-7.3.2-20220804-6354275  User: oesteban  Machine: dna070  Platform: Linux  PlatformVersion: 5.14.0-427.37.1.el9_4.x86_64  CompilerName: GCC  CompilerVersion: 8.4.0
ProgramName: mri_fuse_segmentations  ProgramArguments: mri_fuse_segmentations -all-info  ProgramVersion: 7.3.2  TimeStamp: 2026/04/04-11:15:46-GMT  BuildTime: Aug  4 2022 06:17:15  BuildStamp: freesurfer-linux-ubuntu22_x86_64-7.3.2-20220804-6354275  User: oesteban  Machine: dna070  Platform: Linux  PlatformVersion: 5.14.0-427.37.1.el9_4.x86_64  CompilerName: GCC  CompilerVersion: 8.4.0
ProgramName: mri_fwhm  ProgramArguments: mri_fwhm -all-info  ProgramVersion: 7.3.2  TimeStamp: 2026/04/04-11:15:46-GMT  BuildTime: Aug  4 2022 06:17:15  BuildStamp: freesurfer-linux-ubuntu22_x86_64-7.3.2-20220804-6354275  User: oesteban  Machine: dna070  Platform: Linux  PlatformVersion: 5.14.0-427.37.1.el9_4.x86_64  CompilerName: GCC  CompilerVersion: 8.4.0
ProgramName: mri_gcut  ProgramArguments: mri_gcut -all-info  ProgramVersion: 7.3.2  TimeStamp: 2026/04/04-11:15:46-GMT  BuildTime: Aug  4 2022 06:17:15  BuildStamp: freesurfer-linux-ubuntu22_x86_64-7.3.2-20220804-6354275  User: oesteban  Machine: dna070  Platform: Linux  PlatformVersion: 5.14.0-427.37.1.el9_4.x86_64  CompilerName: GCC  CompilerVersion: 8.4.0
ProgramName: mri_info  ProgramArguments: mri_info -all-info  ProgramVersion: 7.3.2  TimeStamp: 2026/04/04-11:15:46-GMT  BuildTime: Aug  4 2022 06:17:15  BuildStamp: freesurfer-linux-ubuntu22_x86_64-7.3.2-20220804-6354275  User: oesteban  Machine: dna070  Platform: Linux  PlatformVersion: 5.14.0-427.37.1.el9_4.x86_64  CompilerName: GCC  CompilerVersion: 8.4.0
ProgramName: mri_label2label  ProgramArguments: mri_label2label -all-info  ProgramVersion: 7.3.2  TimeStamp: 2026/04/04-11:15:46-GMT  BuildTime: Aug  4 2022 06:17:15  BuildStamp: freesurfer-linux-ubuntu22_x86_64-7.3.2-20220804-6354275  User: oesteban  Machine: dna070  Platform: Linux  PlatformVersion: 5.14.0-427.37.1.el9_4.x86_64  CompilerName: GCC  CompilerVersion: 8.4.0
ProgramName: mri_label2vol  ProgramArguments: mri_label2vol -all-info  ProgramVersion: 7.3.2  TimeStamp: 2026/04/04-11:15:46-GMT  BuildTime: Aug  4 2022 06:17:15  BuildStamp: freesurfer-linux-ubuntu22_x86_64-7.3.2-20220804-6354275  User: oesteban  Machine: dna070  Platform: Linux  PlatformVersion: 5.14.0-427.37.1.el9_4.x86_64  CompilerName: GCC  CompilerVersion: 8.4.0
ProgramName: mri_log_likelihood  ProgramArguments: mri_log_likelihood -all-info  ProgramVersion: 7.3.2  TimeStamp: 2026/04/04-11:15:46-GMT  BuildTime: Aug  4 2022 06:17:15  BuildStamp: freesurfer-linux-ubuntu22_x86_64-7.3.2-20220804-6354275  User: oesteban  Machine: dna070  Platform: Linux  PlatformVersion: 5.14.0-427.37.1.el9_4.x86_64  CompilerName: GCC  CompilerVersion: 8.4.0
ProgramName: mri_mask  ProgramArguments: mri_mask -all-info  ProgramVersion: 7.3.2  TimeStamp: 2026/04/04-11:15:46-GMT  BuildTime: Aug  4 2022 06:17:15  BuildStamp: freesurfer-linux-ubuntu22_x86_64-7.3.2-20220804-6354275  User: oesteban  Machine: dna070  Platform: Linux  PlatformVersion: 5.14.0-427.37.1.el9_4.x86_64  CompilerName: GCC  CompilerVersion: 8.4.0
ProgramName: mri_matrix_multiply  ProgramArguments: mri_matrix_multiply -all-info  ProgramVersion: 7.3.2  TimeStamp: 2026/04/04-11:15:46-GMT  BuildTime: Aug  4 2022 06:17:15  BuildStamp: freesurfer-linux-ubuntu22_x86_64-7.3.2-20220804-6354275  User: oesteban  Machine: dna070  Platform: Linux  PlatformVersion: 5.14.0-427.37.1.el9_4.x86_64  CompilerName: GCC  CompilerVersion: 8.4.0
ProgramName: mri_normalize  ProgramArguments: mri_normalize -all-info  ProgramVersion: 7.3.2  TimeStamp: 2026/04/04-11:15:46-GMT  BuildTime: Aug  4 2022 06:17:15  BuildStamp: freesurfer-linux-ubuntu22_x86_64-7.3.2-20220804-6354275  User: oesteban  Machine: dna070  Platform: Linux  PlatformVersion: 5.14.0-427.37.1.el9_4.x86_64  CompilerName: GCC  CompilerVersion: 8.4.0
ProgramName: mri_normalize_tp2  ProgramArguments: mri_normalize_tp2 -all-info  ProgramVersion: 7.3.2  TimeStamp: 2026/04/04-11:15:46-GMT  BuildTime: Aug  4 2022 06:17:15  BuildStamp: freesurfer-linux-ubuntu22_x86_64-7.3.2-20220804-6354275  User: oesteban  Machine: dna070  Platform: Linux  PlatformVersion: 5.14.0-427.37.1.el9_4.x86_64  CompilerName: GCC  CompilerVersion: 8.4.0
ProgramName: mri_or  ProgramArguments: mri_or -all-info  ProgramVersion: 7.3.2  TimeStamp: 2026/04/04-11:15:46-GMT  BuildTime: Aug  4 2022 06:17:15  BuildStamp: freesurfer-linux-ubuntu22_x86_64-7.3.2-20220804-6354275  User: oesteban  Machine: dna070  Platform: Linux  PlatformVersion: 5.14.0-427.37.1.el9_4.x86_64  CompilerName: GCC  CompilerVersion: 8.4.0
ProgramName: mri_relabel_hypointensities  ProgramArguments: mri_relabel_hypointensities -all-info  ProgramVersion: 7.3.2  TimeStamp: 2026/04/04-11:15:46-GMT  BuildTime: Aug  4 2022 06:17:15  BuildStamp: freesurfer-linux-ubuntu22_x86_64-7.3.2-20220804-6354275  User: oesteban  Machine: dna070  Platform: Linux  PlatformVersion: 5.14.0-427.37.1.el9_4.x86_64  CompilerName: GCC  CompilerVersion: 8.4.0
ProgramName: mri_relabel_nonwm_hypos  ProgramArguments: mri_relabel_nonwm_hypos -all-info  ProgramVersion: 7.3.2  TimeStamp: 2026/04/04-11:15:46-GMT  BuildTime: Aug  4 2022 06:17:15  BuildStamp: freesurfer-linux-ubuntu22_x86_64-7.3.2-20220804-6354275  User: oesteban  Machine: dna070  Platform: Linux  PlatformVersion: 5.14.0-427.37.1.el9_4.x86_64  CompilerName: GCC  CompilerVersion: 8.4.0
ProgramName: mri_remove_neck  ProgramArguments: mri_remove_neck -all-info  ProgramVersion: 7.3.2  TimeStamp: 2026/04/04-11:15:46-GMT  BuildTime: Aug  4 2022 06:17:15  BuildStamp: freesurfer-linux-ubuntu22_x86_64-7.3.2-20220804-6354275  User: oesteban  Machine: dna070  Platform: Linux  PlatformVersion: 5.14.0-427.37.1.el9_4.x86_64  CompilerName: GCC  CompilerVersion: 8.4.0
7.3.2

ProgramName: mri_robust_register  ProgramArguments: mri_robust_register -all-info  ProgramVersion: 7.3.2  TimeStamp: 2026/04/04-11:15:46-GMT  BuildTime: Aug  4 2022 06:17:15  BuildStamp: freesurfer-linux-ubuntu22_x86_64-7.3.2-20220804-6354275  User: oesteban  Machine: dna070  Platform: Linux  PlatformVersion: 5.14.0-427.37.1.el9_4.x86_64  CompilerName: GCC  CompilerVersion: 8.4.0
7.3.2

ProgramName: mri_robust_template  ProgramArguments: mri_robust_template -all-info  ProgramVersion: 7.3.2  TimeStamp: 2026/04/04-11:15:46-GMT  BuildTime: Aug  4 2022 06:17:15  BuildStamp: freesurfer-linux-ubuntu22_x86_64-7.3.2-20220804-6354275  User: oesteban  Machine: dna070  Platform: Linux  PlatformVersion: 5.14.0-427.37.1.el9_4.x86_64  CompilerName: GCC  CompilerVersion: 8.4.0
ProgramName: mris_anatomical_stats  ProgramArguments: mris_anatomical_stats -all-info  ProgramVersion: 7.3.2  TimeStamp: 2026/04/04-11:15:46-GMT  BuildTime: Aug  4 2022 06:17:15  BuildStamp: freesurfer-linux-ubuntu22_x86_64-7.3.2-20220804-6354275  User: oesteban  Machine: dna070  Platform: Linux  PlatformVersion: 5.14.0-427.37.1.el9_4.x86_64  CompilerName: GCC  CompilerVersion: 8.4.0
ProgramName: mris_ca_label  ProgramArguments: mris_ca_label -all-info  ProgramVersion: 7.3.2  TimeStamp: 2026/04/04-11:15:46-GMT  BuildTime: Aug  4 2022 06:17:15  BuildStamp: freesurfer-linux-ubuntu22_x86_64-7.3.2-20220804-6354275  User: oesteban  Machine: dna070  Platform: Linux  PlatformVersion: 5.14.0-427.37.1.el9_4.x86_64  CompilerName: GCC  CompilerVersion: 8.4.0
ProgramName: mris_calc  ProgramArguments: mris_calc -all-info  ProgramVersion: 7.3.2  TimeStamp: 2026/04/04-11:15:46-GMT  BuildTime: Aug  4 2022 06:17:15  BuildStamp: freesurfer-linux-ubuntu22_x86_64-7.3.2-20220804-6354275  User: oesteban  Machine: dna070  Platform: Linux  PlatformVersion: 5.14.0-427.37.1.el9_4.x86_64  CompilerName: GCC  CompilerVersion: 8.4.0
ProgramName: mris_convert  ProgramArguments: mris_convert -all-info  ProgramVersion: 7.3.2  TimeStamp: 2026/04/04-11:15:46-GMT  BuildTime: Aug  4 2022 06:17:15  BuildStamp: freesurfer-linux-ubuntu22_x86_64-7.3.2-20220804-6354275  User: oesteban  Machine: dna070  Platform: Linux  PlatformVersion: 5.14.0-427.37.1.el9_4.x86_64  CompilerName: GCC  CompilerVersion: 8.4.0
ProgramName: mris_curvature  ProgramArguments: mris_curvature -all-info  ProgramVersion: 7.3.2  TimeStamp: 2026/04/04-11:15:46-GMT  BuildTime: Aug  4 2022 06:17:15  BuildStamp: freesurfer-linux-ubuntu22_x86_64-7.3.2-20220804-6354275  User: oesteban  Machine: dna070  Platform: Linux  PlatformVersion: 5.14.0-427.37.1.el9_4.x86_64  CompilerName: GCC  CompilerVersion: 8.4.0
ProgramName: mris_curvature_stats  ProgramArguments: mris_curvature_stats -all-info  ProgramVersion: 7.3.2  TimeStamp: 2026/04/04-11:15:46-GMT  BuildTime: Aug  4 2022 06:17:15  BuildStamp: freesurfer-linux-ubuntu22_x86_64-7.3.2-20220804-6354275  User: oesteban  Machine: dna070  Platform: Linux  PlatformVersion: 5.14.0-427.37.1.el9_4.x86_64  CompilerName: GCC  CompilerVersion: 8.4.0
ProgramName: mris_diff  ProgramArguments: mris_diff -all-info  ProgramVersion: 7.3.2  TimeStamp: 2026/04/04-11:15:46-GMT  BuildTime: Aug  4 2022 06:17:15  BuildStamp: freesurfer-linux-ubuntu22_x86_64-7.3.2-20220804-6354275  User: oesteban  Machine: dna070  Platform: Linux  PlatformVersion: 5.14.0-427.37.1.el9_4.x86_64  CompilerName: GCC  CompilerVersion: 8.4.0
ProgramName: mris_divide_parcellation  ProgramArguments: mris_divide_parcellation -all-info  ProgramVersion: 7.3.2  TimeStamp: 2026/04/04-11:15:46-GMT  BuildTime: Aug  4 2022 06:17:15  BuildStamp: freesurfer-linux-ubuntu22_x86_64-7.3.2-20220804-6354275  User: oesteban  Machine: dna070  Platform: Linux  PlatformVersion: 5.14.0-427.37.1.el9_4.x86_64  CompilerName: GCC  CompilerVersion: 8.4.0
ProgramName: mri_segment  ProgramArguments: mri_segment -all-info  ProgramVersion: 7.3.2  TimeStamp: 2026/04/04-11:15:46-GMT  BuildTime: Aug  4 2022 06:17:15  BuildStamp: freesurfer-linux-ubuntu22_x86_64-7.3.2-20220804-6354275  User: oesteban  Machine: dna070  Platform: Linux  PlatformVersion: 5.14.0-427.37.1.el9_4.x86_64  CompilerName: GCC  CompilerVersion: 8.4.0
ProgramName: mri_segstats  ProgramArguments: mri_segstats -all-info  ProgramVersion: 7.3.2  TimeStamp: 2026/04/04-11:15:46-GMT  BuildTime: Aug  4 2022 06:17:15  BuildStamp: freesurfer-linux-ubuntu22_x86_64-7.3.2-20220804-6354275  User: oesteban  Machine: dna070  Platform: Linux  PlatformVersion: 5.14.0-427.37.1.el9_4.x86_64  CompilerName: GCC  CompilerVersion: 8.4.0
ProgramName: mris_euler_number  ProgramArguments: mris_euler_number -all-info  ProgramVersion: 7.3.2  TimeStamp: 2026/04/04-11:15:46-GMT  BuildTime: Aug  4 2022 06:17:15  BuildStamp: freesurfer-linux-ubuntu22_x86_64-7.3.2-20220804-6354275  User: oesteban  Machine: dna070  Platform: Linux  PlatformVersion: 5.14.0-427.37.1.el9_4.x86_64  CompilerName: GCC  CompilerVersion: 8.4.0
ProgramName: mris_fix_topology  ProgramArguments: mris_fix_topology -all-info  ProgramVersion: 7.3.2  TimeStamp: 2026/04/04-11:15:46-GMT  BuildTime: Aug  4 2022 06:17:15  BuildStamp: freesurfer-linux-ubuntu22_x86_64-7.3.2-20220804-6354275  User: oesteban  Machine: dna070  Platform: Linux  PlatformVersion: 5.14.0-427.37.1.el9_4.x86_64  CompilerName: GCC  CompilerVersion: 8.4.0
ProgramName: mris_topo_fixer  ProgramArguments: mris_topo_fixer -all-info  ProgramVersion: 7.3.2  TimeStamp: 2026/04/04-11:15:46-GMT  BuildTime: Aug  4 2022 06:17:15  BuildStamp: freesurfer-linux-ubuntu22_x86_64-7.3.2-20220804-6354275  User: oesteban  Machine: dna070  Platform: Linux  PlatformVersion: 5.14.0-427.37.1.el9_4.x86_64  CompilerName: GCC  CompilerVersion: 8.4.0
ProgramName: mris_jacobian  ProgramArguments: mris_jacobian -all-info  ProgramVersion: 7.3.2  TimeStamp: 2026/04/04-11:15:46-GMT  BuildTime: Aug  4 2022 06:17:15  BuildStamp: freesurfer-linux-ubuntu22_x86_64-7.3.2-20220804-6354275  User: oesteban  Machine: dna070  Platform: Linux  PlatformVersion: 5.14.0-427.37.1.el9_4.x86_64  CompilerName: GCC  CompilerVersion: 8.4.0
ProgramName: mris_label2annot  ProgramArguments: mris_label2annot -all-info  ProgramVersion: 7.3.2  TimeStamp: 2026/04/04-11:15:46-GMT  BuildTime: Aug  4 2022 06:17:15  BuildStamp: freesurfer-linux-ubuntu22_x86_64-7.3.2-20220804-6354275  User: oesteban  Machine: dna070  Platform: Linux  PlatformVersion: 5.14.0-427.37.1.el9_4.x86_64  CompilerName: GCC  CompilerVersion: 8.4.0
ProgramName: mris_left_right_register  ProgramArguments: mris_left_right_register -all-info  ProgramVersion: 7.3.2  TimeStamp: 2026/04/04-11:15:46-GMT  BuildTime: Aug  4 2022 06:17:15  BuildStamp: freesurfer-linux-ubuntu22_x86_64-7.3.2-20220804-6354275  User: oesteban  Machine: dna070  Platform: Linux  PlatformVersion: 5.14.0-427.37.1.el9_4.x86_64  CompilerName: GCC  CompilerVersion: 8.4.0
ProgramName: mris_place_surface  ProgramArguments: mris_place_surface -all-info  ProgramVersion: 7.3.2  TimeStamp: 2026/04/04-11:15:46-GMT  BuildTime: Aug  4 2022 06:17:15  BuildStamp: freesurfer-linux-ubuntu22_x86_64-7.3.2-20220804-6354275  User: oesteban  Machine: dna070  Platform: Linux  PlatformVersion: 5.14.0-427.37.1.el9_4.x86_64  CompilerName: GCC  CompilerVersion: 8.4.0
ProgramName: mrisp_paint  ProgramArguments: mrisp_paint -all-info  ProgramVersion: 7.3.2  TimeStamp: 2026/04/04-11:15:46-GMT  BuildTime: Aug  4 2022 06:17:15  BuildStamp: freesurfer-linux-ubuntu22_x86_64-7.3.2-20220804-6354275  User: oesteban  Machine: dna070  Platform: Linux  PlatformVersion: 5.14.0-427.37.1.el9_4.x86_64  CompilerName: GCC  CompilerVersion: 8.4.0
ProgramName: mris_register  ProgramArguments: mris_register -all-info  ProgramVersion: 7.3.2  TimeStamp: 2026/04/04-11:15:46-GMT  BuildTime: Aug  4 2022 06:17:15  BuildStamp: freesurfer-linux-ubuntu22_x86_64-7.3.2-20220804-6354275  User: oesteban  Machine: dna070  Platform: Linux  PlatformVersion: 5.14.0-427.37.1.el9_4.x86_64  CompilerName: GCC  CompilerVersion: 8.4.0
ProgramName: mris_smooth  ProgramArguments: mris_smooth -all-info  ProgramVersion: 7.3.2  TimeStamp: 2026/04/04-11:15:46-GMT  BuildTime: Aug  4 2022 06:17:15  BuildStamp: freesurfer-linux-ubuntu22_x86_64-7.3.2-20220804-6354275  User: oesteban  Machine: dna070  Platform: Linux  PlatformVersion: 5.14.0-427.37.1.el9_4.x86_64  CompilerName: GCC  CompilerVersion: 8.4.0
ProgramName: mris_sphere  ProgramArguments: mris_sphere -all-info  ProgramVersion: 7.3.2  TimeStamp: 2026/04/04-11:15:46-GMT  BuildTime: Aug  4 2022 06:17:15  BuildStamp: freesurfer-linux-ubuntu22_x86_64-7.3.2-20220804-6354275  User: oesteban  Machine: dna070  Platform: Linux  PlatformVersion: 5.14.0-427.37.1.el9_4.x86_64  CompilerName: GCC  CompilerVersion: 8.4.0
ProgramName: mris_surface_stats  ProgramArguments: mris_surface_stats -all-info  ProgramVersion: 7.3.2  TimeStamp: 2026/04/04-11:15:46-GMT  BuildTime: Aug  4 2022 06:17:15  BuildStamp: freesurfer-linux-ubuntu22_x86_64-7.3.2-20220804-6354275  User: oesteban  Machine: dna070  Platform: Linux  PlatformVersion: 5.14.0-427.37.1.el9_4.x86_64  CompilerName: GCC  CompilerVersion: 8.4.0
ProgramName: mri_stats2seg  ProgramArguments: mri_stats2seg -all-info  ProgramVersion: 7.3.2  TimeStamp: 2026/04/04-11:15:46-GMT  BuildTime: Aug  4 2022 06:17:15  BuildStamp: freesurfer-linux-ubuntu22_x86_64-7.3.2-20220804-6354275  User: oesteban  Machine: dna070  Platform: Linux  PlatformVersion: 5.14.0-427.37.1.el9_4.x86_64  CompilerName: GCC  CompilerVersion: 8.4.0
ProgramName: mris_thickness  ProgramArguments: mris_thickness -all-info  ProgramVersion: 7.3.2  TimeStamp: 2026/04/04-11:15:46-GMT  BuildTime: Aug  4 2022 06:17:15  BuildStamp: freesurfer-linux-ubuntu22_x86_64-7.3.2-20220804-6354275  User: oesteban  Machine: dna070  Platform: Linux  PlatformVersion: 5.14.0-427.37.1.el9_4.x86_64  CompilerName: GCC  CompilerVersion: 8.4.0
ProgramName: mris_thickness_diff  ProgramArguments: mris_thickness_diff -all-info  ProgramVersion: 7.3.2  TimeStamp: 2026/04/04-11:15:46-GMT  BuildTime: Aug  4 2022 06:17:15  BuildStamp: freesurfer-linux-ubuntu22_x86_64-7.3.2-20220804-6354275  User: oesteban  Machine: dna070  Platform: Linux  PlatformVersion: 5.14.0-427.37.1.el9_4.x86_64  CompilerName: GCC  CompilerVersion: 8.4.0
ProgramName: mris_topo_fixer  ProgramArguments: mris_topo_fixer -all-info  ProgramVersion: 7.3.2  TimeStamp: 2026/04/04-11:15:46-GMT  BuildTime: Aug  4 2022 06:17:15  BuildStamp: freesurfer-linux-ubuntu22_x86_64-7.3.2-20220804-6354275  User: oesteban  Machine: dna070  Platform: Linux  PlatformVersion: 5.14.0-427.37.1.el9_4.x86_64  CompilerName: GCC  CompilerVersion: 8.4.0
ProgramName: mri_surf2surf  ProgramArguments: mri_surf2surf -all-info  ProgramVersion: 7.3.2  TimeStamp: 2026/04/04-11:15:46-GMT  BuildTime: Aug  4 2022 06:17:15  BuildStamp: freesurfer-linux-ubuntu22_x86_64-7.3.2-20220804-6354275  User: oesteban  Machine: dna070  Platform: Linux  PlatformVersion: 5.14.0-427.37.1.el9_4.x86_64  CompilerName: GCC  CompilerVersion: 8.4.0
ProgramName: mri_surf2vol  ProgramArguments: mri_surf2vol -all-info  ProgramVersion: 7.3.2  TimeStamp: 2026/04/04-11:15:46-GMT  BuildTime: Aug  4 2022 06:17:15  BuildStamp: freesurfer-linux-ubuntu22_x86_64-7.3.2-20220804-6354275  User: oesteban  Machine: dna070  Platform: Linux  PlatformVersion: 5.14.0-427.37.1.el9_4.x86_64  CompilerName: GCC  CompilerVersion: 8.4.0
ProgramName: mri_surfcluster  ProgramArguments: mri_surfcluster -all-info  ProgramVersion: 7.3.2  TimeStamp: 2026/04/04-11:15:46-GMT  BuildTime: Aug  4 2022 06:17:15  BuildStamp: freesurfer-linux-ubuntu22_x86_64-7.3.2-20220804-6354275  User: oesteban  Machine: dna070  Platform: Linux  PlatformVersion: 5.14.0-427.37.1.el9_4.x86_64  CompilerName: GCC  CompilerVersion: 8.4.0
ProgramName: mris_volmask  ProgramArguments: mris_volmask -all-info  ProgramVersion: 7.3.2  TimeStamp: 2026/04/04-11:15:46-GMT  BuildTime: Aug  4 2022 06:17:15  BuildStamp: freesurfer-linux-ubuntu22_x86_64-7.3.2-20220804-6354275  User: oesteban  Machine: dna070  Platform: Linux  PlatformVersion: 5.14.0-427.37.1.el9_4.x86_64  CompilerName: GCC  CompilerVersion: 8.4.0
ProgramName: mri_tessellate  ProgramArguments: mri_tessellate -all-info  ProgramVersion: 7.3.2  TimeStamp: 2026/04/04-11:15:46-GMT  BuildTime: Aug  4 2022 06:17:15  BuildStamp: freesurfer-linux-ubuntu22_x86_64-7.3.2-20220804-6354275  User: oesteban  Machine: dna070  Platform: Linux  PlatformVersion: 5.14.0-427.37.1.el9_4.x86_64  CompilerName: GCC  CompilerVersion: 8.4.0
ProgramName: mri_vol2surf  ProgramArguments: mri_vol2surf -all-info  ProgramVersion: 7.3.2  TimeStamp: 2026/04/04-11:15:46-GMT  BuildTime: Aug  4 2022 06:17:15  BuildStamp: freesurfer-linux-ubuntu22_x86_64-7.3.2-20220804-6354275  User: oesteban  Machine: dna070  Platform: Linux  PlatformVersion: 5.14.0-427.37.1.el9_4.x86_64  CompilerName: GCC  CompilerVersion: 8.4.0
ProgramName: mri_vol2vol  ProgramArguments: mri_vol2vol -all-info  ProgramVersion: 7.3.2  TimeStamp: 2026/04/04-11:15:46-GMT  BuildTime: Aug  4 2022 06:17:15  BuildStamp: freesurfer-linux-ubuntu22_x86_64-7.3.2-20220804-6354275  User: oesteban  Machine: dna070  Platform: Linux  PlatformVersion: 5.14.0-427.37.1.el9_4.x86_64  CompilerName: GCC  CompilerVersion: 8.4.0
ProgramName: mri_voldiff  ProgramArguments: mri_voldiff -all-info  ProgramVersion: 7.3.2  TimeStamp: 2026/04/04-11:15:46-GMT  BuildTime: Aug  4 2022 06:17:15  BuildStamp: freesurfer-linux-ubuntu22_x86_64-7.3.2-20220804-6354275  User: oesteban  Machine: dna070  Platform: Linux  PlatformVersion: 5.14.0-427.37.1.el9_4.x86_64  CompilerName: GCC  CompilerVersion: 8.4.0
ProgramName: mri_watershed  ProgramArguments: mri_watershed -all-info  ProgramVersion: 7.3.2  TimeStamp: 2026/04/04-11:15:46-GMT  BuildTime: Aug  4 2022 06:17:15  BuildStamp: freesurfer-linux-ubuntu22_x86_64-7.3.2-20220804-6354275  User: oesteban  Machine: dna070  Platform: Linux  PlatformVersion: 5.14.0-427.37.1.el9_4.x86_64  CompilerName: GCC  CompilerVersion: 8.4.0
ProgramName: tkregister2  ProgramArguments: tkregister2_cmdl -all-info  ProgramVersion: 7.3.2  TimeStamp: 2026/04/04-11:15:46-GMT  BuildTime: Aug  4 2022 06:17:15  BuildStamp: freesurfer-linux-ubuntu22_x86_64-7.3.2-20220804-6354275  User: oesteban  Machine: dna070  Platform: Linux  PlatformVersion: 5.14.0-427.37.1.el9_4.x86_64  CompilerName: GCC  CompilerVersion: 8.4.0
mri_motion_correct.fsl 7.3.2
mri_convert -all-info 
ProgramName: mri_convert  ProgramArguments: mri_convert -all-info  ProgramVersion: 7.3.2  TimeStamp: 2026/04/04-11:15:46-GMT  BuildTime: Aug  4 2022 06:17:15  BuildStamp: freesurfer-linux-ubuntu22_x86_64-7.3.2-20220804-6354275  User: oesteban  Machine: dna070  Platform: Linux  PlatformVersion: 5.14.0-427.37.1.el9_4.x86_64  CompilerName: GCC  CompilerVersion: 8.4.0
Program nu_correct, built from:
Package MNI N3, version 1.12.0, compiled by nicks@terrier (x86_64-unknown-linux-gnu) on 2015-06-19 at 01:25:34
#######################################
GCADIR /opt/freesurfer/average
GCA RB_all_2020-01-02.gca
GCASkull RB_all_withskull_2020_01_02.gca
AvgCurvTif folding.atlas.acfb40.noaparc.i12.2016-08-02.tif
GCSDIR /opt/freesurfer/average
GCS DKaparc.atlas.acfb40.noaparc.i12.2016-08-02.gcs
#######################################
#--------------------------------------------
#@# AutoDetGWStats rh Sat Apr  4 13:15:46 CEST 2026
cd /out/sourcedata/freesurfer/sub-v1s12x0050109_ses-1/mri
mris_autodet_gwstats --o ../surf/autodet.gw.stats.rh.dat --i brain.finalsurfs.mgz --wm wm.mgz --surf ../surf/rh.orig.premesh
  Update not needed
#--------------------------------------------
#@# WhitePreAparc rh Sat Apr  4 13:15:46 CEST 2026
cd /out/sourcedata/freesurfer/sub-v1s12x0050109_ses-1/mri
mris_place_surface --adgws-in ../surf/autodet.gw.stats.rh.dat --wm wm.mgz --threads 16 --invol brain.finalsurfs.mgz --rh --i ../surf/rh.orig --o ../surf/rh.white.preaparc --white --seg aseg.presurf.mgz --nsmooth 5
   Update not needed
#--------------------------------------------
#@# CortexLabel rh Sat Apr  4 13:15:46 CEST 2026
cd /out/sourcedata/freesurfer/sub-v1s12x0050109_ses-1/mri
mri_label2label --label-cortex ../surf/rh.white.preaparc aseg.presurf.mgz 0 ../label/rh.cortex.label
   Update not needed
#--------------------------------------------
#@# CortexLabel+HipAmyg rh Sat Apr  4 13:15:46 CEST 2026
cd /out/sourcedata/freesurfer/sub-v1s12x0050109_ses-1/mri
mri_label2label --label-cortex ../surf/rh.white.preaparc aseg.presurf.mgz 1 ../label/rh.cortex+hipamyg.label
   Update not needed
#@# white curv rh Sat Apr  4 13:15:46 CEST 2026
cd /out/sourcedata/freesurfer/sub-v1s12x0050109_ses-1/mri
mris_place_surface --curv-map ../surf/rh.white 2 10 ../surf/rh.curv
   Update not needed
#@# white area rh Sat Apr  4 13:15:46 CEST 2026
cd /out/sourcedata/freesurfer/sub-v1s12x0050109_ses-1/mri
mris_place_surface --area-map ../surf/rh.white ../surf/rh.area
   Update not needed
#@# pial curv rh Sat Apr  4 13:15:46 CEST 2026
cd /out/sourcedata/freesurfer/sub-v1s12x0050109_ses-1/mri
mris_place_surface --curv-map ../surf/rh.pial 2 10 ../surf/rh.curv.pial
   Update not needed
#@# pial area rh Sat Apr  4 13:15:46 CEST 2026
cd /out/sourcedata/freesurfer/sub-v1s12x0050109_ses-1/mri
mris_place_surface --area-map ../surf/rh.pial ../surf/rh.area.pial
   Update not needed
#@# thickness rh Sat Apr  4 13:15:47 CEST 2026
cd /out/sourcedata/freesurfer/sub-v1s12x0050109_ses-1/mri
mris_place_surface --thickness ../surf/rh.white ../surf/rh.pial 20 5 ../surf/rh.thickness
   Update not needed
#@# area and vertex vol rh Sat Apr  4 13:15:47 CEST 2026
cd /out/sourcedata/freesurfer/sub-v1s12x0050109_ses-1/mri
mris_place_surface --thickness ../surf/rh.white ../surf/rh.pial 20 5 ../surf/rh.thickness
   Update not needed
#-----------------------------------------
#@# Parcellation Stats rh Sat Apr  4 13:15:47 CEST 2026
/out/sourcedata/freesurfer/sub-v1s12x0050109_ses-1/scripts

 mris_anatomical_stats -th3 -mgz -noglobal -cortex ../label/rh.cortex.label -f ../stats/rh.aparc.stats -b -a ../label/rh.aparc.annot -c ../label/aparc.annot.ctab sub-v1s12x0050109_ses-1 rh white 

computing statistics for each annotation in ../label/rh.aparc.annot.
reading volume /out/sourcedata/freesurfer/sub-v1s12x0050109_ses-1/mri/wm.mgz...
reading input surface /out/sourcedata/freesurfer/sub-v1s12x0050109_ses-1/surf/rh.white...
reading input pial surface /out/sourcedata/freesurfer/sub-v1s12x0050109_ses-1/surf/rh.pial...
reading input white surface /out/sourcedata/freesurfer/sub-v1s12x0050109_ses-1/surf/rh.white...
INFO: using TH3 volume calc
INFO: assuming MGZ format for volumes.
INFO: not computing global stats
INFO: using ../label/rh.cortex.label as mask to calc cortex NumVert, SurfArea and MeanThickness.
Using TH3 vertex volume calc
Total face volume 244413
Total vertex volume 244195 (mask=0)
Saving annotation colortable ../label/aparc.annot.ctab

table columns are:
    number of vertices
    total surface area (mm^2)
    total gray matter volume (mm^3)
    average cortical thickness +- standard deviation (mm)
    integrated rectified mean curvature
    integrated rectified Gaussian curvature
    folding index
    intrinsic curvature index
    structure name

 1378    928   2322  2.719 0.495     0.110     0.019       10     1.0  bankssts
 1049    653   1770  2.450 0.724     0.114     0.016       11     0.7  caudalanteriorcingulate
 3340   2272   6378  2.436 0.608     0.114     0.022       29     3.0  caudalmiddlefrontal
 2324   1609   2761  1.683 0.406     0.139     0.031       28     3.1  cuneus
  602    385   1762  3.107 0.728     0.116     0.037        5     0.9  entorhinal
 5018   3450   9345  2.441 0.675     0.122     0.029       57     5.9  fusiform
 7718   5478  15687  2.423 0.698     0.124     0.026       78     8.7  inferiorparietal
 4587   3443  11282  2.743 0.723     0.135     0.033       60     6.2  inferiortemporal
 1594   1113   2636  2.166 0.775     0.138     0.035       23     2.3  isthmuscingulate
 7258   5333  12828  2.216 0.573     0.145     0.036       99    11.7  lateraloccipital
 3927   2712   8010  2.788 0.632     0.132     0.034       46     5.4  lateralorbitofrontal
 4620   3227   6492  1.871 0.678     0.137     0.035       57     7.2  lingual
 3201   2201   5596  2.374 0.631     0.130     0.032       47     4.1  medialorbitofrontal
 5323   3794  13832  2.802 0.798     0.121     0.028       58     6.2  middletemporal
  956    583   1576  2.304 0.664     0.072     0.013        4     0.4  parahippocampal
 2703   1685   3643  2.173 0.545     0.123     0.031       27     3.6  paracentral
 1874   1266   3510  2.542 0.526     0.111     0.020       17     1.6  parsopercularis
 1200    860   3298  3.118 0.600     0.132     0.031       16     1.4  parsorbitalis
 2314   1569   4296  2.487 0.549     0.115     0.021       23     1.9  parstriangularis
 1897   1269   1656  1.456 0.341     0.116     0.027       18     2.0  pericalcarine
 6240   4082   9148  2.046 0.660     0.115     0.024       52     6.4  postcentral
 2169   1491   3895  2.398 0.756     0.131     0.026       26     2.4  posteriorcingulate
 7403   4793  12045  2.345 0.640     0.118     0.025       64     8.1  precentral
 6261   4382   8596  1.975 0.563     0.132     0.032       66     8.3  precuneus
 1031    742   2345  2.772 0.695     0.145     0.035       20     1.4  rostralanteriorcingulate
 7759   5607  15588  2.488 0.576     0.135     0.029      103     9.2  rostralmiddlefrontal
11389   7721  24060  2.740 0.580     0.120     0.027      111    12.0  superiorfrontal
 8644   5719  13322  2.096 0.595     0.123     0.027       85    10.0  superiorparietal
 6165   4072  12992  2.758 0.721     0.112     0.023       57     5.8  superiortemporal
 5903   4212  11134  2.462 0.633     0.133     0.030       66     7.4  supramarginal
  511    409   1489  2.719 0.610     0.175     0.048       13     0.9  frontalpole
  675    489   2587  3.803 0.643     0.140     0.044       11     1.2  temporalpole
  523    364    731  1.933 0.553     0.127     0.035        6     0.6  transversetemporal
 3854   2671   7583  2.954 0.679     0.128     0.035       38     5.0  insula

 mris_anatomical_stats -th3 -mgz -noglobal -cortex ../label/rh.cortex.label -f ../stats/rh.aparc.pial.stats -b -a ../label/rh.aparc.annot -c ../label/aparc.annot.ctab sub-v1s12x0050109_ses-1 rh pial 

computing statistics for each annotation in ../label/rh.aparc.annot.
reading volume /out/sourcedata/freesurfer/sub-v1s12x0050109_ses-1/mri/wm.mgz...
reading input surface /out/sourcedata/freesurfer/sub-v1s12x0050109_ses-1/surf/rh.pial...
reading input pial surface /out/sourcedata/freesurfer/sub-v1s12x0050109_ses-1/surf/rh.pial...
reading input white surface /out/sourcedata/freesurfer/sub-v1s12x0050109_ses-1/surf/rh.white...
INFO: using TH3 volume calc
INFO: assuming MGZ format for volumes.
INFO: not computing global stats
INFO: using ../label/rh.cortex.label as mask to calc cortex NumVert, SurfArea and MeanThickness.
Using TH3 vertex volume calc
Total face volume 244413
Total vertex volume 244195 (mask=0)
Saving annotation colortable ../label/aparc.annot.ctab

table columns are:
    number of vertices
    total surface area (mm^2)
    total gray matter volume (mm^3)
    average cortical thickness +- standard deviation (mm)
    integrated rectified mean curvature
    integrated rectified Gaussian curvature
    folding index
    intrinsic curvature index
    structure name

 1378    813   2322  2.719 0.495     0.106     0.032       18     1.7  bankssts
 1049    773   1770  2.450 0.724     0.154     0.061       41     3.4  caudalanteriorcingulate
 3340   2794   6378  2.436 0.608     0.127     0.026       68     3.3  caudalmiddlefrontal
 2324   1874   2761  1.683 0.406     0.137     0.034       56     3.3  cuneus
  602    779   1762  3.107 0.728     0.275     0.079       21     2.3  entorhinal
 5018   4271   9345  2.441 0.675     0.148     0.038      136     7.7  fusiform
 7718   7141  15687  2.423 0.698     0.150     0.034      137    11.5  inferiorparietal
 4587   4570  11282  2.743 0.723     0.168     0.041      110     7.9  inferiortemporal
 1594   1384   2636  2.166 0.775     0.163     0.047       33     2.9  isthmuscingulate
 7258   6560  12828  2.216 0.573     0.149     0.036      177    11.0  lateraloccipital
 3927   3111   8010  2.788 0.632     0.152     0.046      301     7.2  lateralorbitofrontal
 4620   3905   6492  1.871 0.678     0.150     0.041      102     8.0  lingual
 3201   2621   5596  2.374 0.631     0.155     0.042       68     5.3  medialorbitofrontal
 5323   5638  13832  2.802 0.798     0.158     0.037       61     8.2  middletemporal
  956    814   1576  2.304 0.664     0.167     0.049       14     2.2  parahippocampal
 2703   1776   3643  2.173 0.545     0.109     0.034       55     2.8  paracentral
 1874   1514   3510  2.542 0.526     0.131     0.032       27     2.4  parsopercularis
 1200   1206   3298  3.118 0.600     0.171     0.039       48     1.9  parsorbitalis
 2314   1918   4296  2.487 0.549     0.137     0.030       46     2.9  parstriangularis
 1897   1132   1656  1.456 0.341     0.108     0.033       45     2.1  pericalcarine
 6240   4922   9148  2.046 0.660     0.124     0.027       63     7.2  postcentral
 2169   1728   3895  2.398 0.756     0.146     0.038       74     3.6  posteriorcingulate
 7403   5235  12045  2.345 0.640     0.106     0.023      161     6.9  precentral
 6261   4561   8596  1.975 0.563     0.134     0.040      268    10.5  precuneus
 1031   1006   2345  2.772 0.695     0.181     0.055       25     2.4  rostralanteriorcingulate
 7759   6658  15588  2.488 0.576     0.153     0.033      154    10.4  rostralmiddlefrontal
11389   9553  24060  2.740 0.580     0.138     0.030      202    14.5  superiorfrontal
 8644   6868  13322  2.096 0.595     0.131     0.031      145    10.9  superiorparietal
 6165   5134  12992  2.758 0.721     0.142     0.037      158     9.0  superiortemporal
 5903   4802  11134  2.462 0.633     0.138     0.037      141     8.0  supramarginal
  511    703   1489  2.719 0.610     0.232     0.036        6     0.9  frontalpole
  675    879   2587  3.803 0.643     0.211     0.058       10     2.0  temporalpole
  523    459    731  1.933 0.553     0.151     0.039        5     0.9  transversetemporal
 3854   2611   7583  2.954 0.679     0.163     0.056      149     9.0  insula
#-----------------------------------------
#@# Parcellation Stats 2 rh Sat Apr  4 13:16:01 CEST 2026
/out/sourcedata/freesurfer/sub-v1s12x0050109_ses-1/scripts

 mris_anatomical_stats -th3 -mgz -noglobal -cortex ../label/rh.cortex.label -f ../stats/rh.aparc.a2009s.stats -b -a ../label/rh.aparc.a2009s.annot -c ../label/aparc.annot.a2009s.ctab sub-v1s12x0050109_ses-1 rh white 

computing statistics for each annotation in ../label/rh.aparc.a2009s.annot.
reading volume /out/sourcedata/freesurfer/sub-v1s12x0050109_ses-1/mri/wm.mgz...
reading input surface /out/sourcedata/freesurfer/sub-v1s12x0050109_ses-1/surf/rh.white...
reading input pial surface /out/sourcedata/freesurfer/sub-v1s12x0050109_ses-1/surf/rh.pial...
reading input white surface /out/sourcedata/freesurfer/sub-v1s12x0050109_ses-1/surf/rh.white...
INFO: using TH3 volume calc
INFO: assuming MGZ format for volumes.
INFO: not computing global stats
INFO: using ../label/rh.cortex.label as mask to calc cortex NumVert, SurfArea and MeanThickness.
Using TH3 vertex volume calc
Total face volume 244413
Total vertex volume 244195 (mask=0)
Saving annotation colortable ../label/aparc.annot.a2009s.ctab

table columns are:
    number of vertices
    total surface area (mm^2)
    total gray matter volume (mm^3)
    average cortical thickness +- standard deviation (mm)
    integrated rectified mean curvature
    integrated rectified Gaussian curvature
    folding index
    intrinsic curvature index
    structure name

 1012    749   2066  2.380 0.636     0.148     0.035       17     1.5  G_and_S_frontomargin
 1527   1188   2886  2.290 0.645     0.160     0.042       26     3.2  G_and_S_occipital_inf
 1638   1016   2469  2.067 0.660     0.129     0.030       18     2.2  G_and_S_paracentral
 1539   1049   3047  2.610 0.608     0.124     0.025       15     1.7  G_and_S_subcentral
 1246    955   3043  2.590 0.631     0.152     0.040       23     1.9  G_and_S_transv_frontopol
 3058   2112   5994  2.708 0.560     0.116     0.024       31     3.0  G_and_S_cingul-Ant
 1664   1080   2934  2.706 0.485     0.111     0.021       14     1.4  G_and_S_cingul-Mid-Ant
 1738   1166   3229  2.639 0.537     0.117     0.025       15     1.8  G_and_S_cingul-Mid-Post
  581    441   1315  2.542 0.682     0.164     0.044        9     1.1  G_cingul-Post-dorsal
  309    223    713  2.310 0.910     0.166     0.050        5     0.7  G_cingul-Post-ventral
 2036   1389   2451  1.650 0.467     0.140     0.032       27     2.8  G_cuneus
 1304    881   2835  2.619 0.558     0.119     0.024       16     1.3  G_front_inf-Opercular
  399    293    932  2.767 0.425     0.138     0.031        7     0.4  G_front_inf-Orbital
  987    665   2267  2.542 0.599     0.129     0.023       13     0.9  G_front_inf-Triangul
 3802   2724   9676  2.664 0.623     0.140     0.029       55     4.6  G_front_middle
 7711   5170  17836  2.779 0.625     0.130     0.031       93     9.5  G_front_sup
  697    483   1342  2.785 0.687     0.129     0.042        9     0.9  G_Ins_lg_and_S_cent_ins
  886    624   2496  2.985 0.673     0.147     0.040       13     1.4  G_insular_short
 2492   1854   5800  2.462 0.635     0.148     0.033       33     3.8  G_occipital_middle
 1461    970   2576  2.080 0.605     0.128     0.032       15     1.9  G_occipital_sup
 2171   1466   4628  2.602 0.697     0.131     0.034       31     2.9  G_oc-temp_lat-fusifor
 2967   2093   4108  1.752 0.675     0.150     0.041       44     5.1  G_oc-temp_med-Lingual
 1020    620   2748  2.938 0.751     0.101     0.031        8     1.2  G_oc-temp_med-Parahip
 2639   1898   7204  2.864 0.752     0.142     0.044       42     4.1  G_orbital
 2814   2052   7480  2.665 0.830     0.141     0.033       37     3.9  G_pariet_inf-Angular
 2790   2081   7015  2.709 0.637     0.147     0.035       39     3.9  G_pariet_inf-Supramar
 2750   1778   5043  2.161 0.704     0.122     0.030       29     3.5  G_parietal_sup
 2264   1409   3827  2.155 0.679     0.122     0.027       22     2.5  G_postcentral
 2745   1704   5900  2.643 0.625     0.120     0.033       26     3.7  G_precentral
 2512   1751   4382  2.035 0.689     0.125     0.032       27     3.5  G_precuneus
  916    637   2141  2.395 0.751     0.165     0.050       23     1.8  G_rectus
  522    357    676  2.017 0.698     0.133     0.050        7     0.9  G_subcallosal
  424    274    701  2.130 0.701     0.132     0.037        6     0.4  G_temp_sup-G_T_transv
 2075   1327   6013  3.217 0.620     0.119     0.030       26     2.4  G_temp_sup-Lateral
  884    575   1832  3.028 1.004     0.092     0.020        4     0.8  G_temp_sup-Plan_polar
  926    634   1645  2.297 0.493     0.109     0.021        8     0.8  G_temp_sup-Plan_tempo
 2693   2131   7973  2.827 0.780     0.154     0.042       47     4.9  G_temporal_inf
 2914   2194   9577  2.979 0.854     0.138     0.034       41     4.0  G_temporal_middle
  591    383    853  2.380 0.499     0.091     0.013        3     0.3  Lat_Fis-ant-Horizont
  276    196    378  2.236 0.555     0.102     0.011        2     0.1  Lat_Fis-ant-Vertical
 1324    926   1792  2.580 0.591     0.135     0.029       12     1.7  Lat_Fis-post
 3058   2334   5625  2.095 0.631     0.155     0.042       47     5.7  Pole_occipital
 1789   1331   6507  3.348 0.787     0.146     0.049       32     3.1  Pole_temporal
 2363   1599   2240  1.612 0.461     0.125     0.030       25     2.9  S_calcarine
 3163   2105   3033  1.693 0.467     0.116     0.021       24     3.1  S_central
 1346    913   1847  2.178 0.500     0.117     0.025       10     1.4  S_cingul-Marginalis
  670    453   1192  3.362 0.541     0.106     0.020        3     0.6  S_circular_insula_ant
 1328    873   2010  2.741 0.730     0.088     0.016        5     0.9  S_circular_insula_inf
 1459    980   2122  2.840 0.447     0.117     0.021        9     1.4  S_circular_insula_sup
 1196    805   2008  2.536 0.526     0.104     0.019        9     0.9  S_collat_transv_ant
  508    351    584  2.307 0.432     0.134     0.025        4     0.6  S_collat_transv_post
 1623   1097   2331  2.406 0.406     0.104     0.019       10     1.3  S_front_inf
 2415   1759   4202  2.332 0.566     0.132     0.028       30     2.8  S_front_middle
 2676   1789   4064  2.427 0.468     0.099     0.019       15     1.9  S_front_sup
  768    502    926  2.143 0.509     0.118     0.021        6     0.8  S_interm_prim-Jensen
 4022   2693   5042  2.055 0.445     0.111     0.020       32     3.4  S_intrapariet_and_P_trans
  712    482    820  2.033 0.459     0.115     0.026        5     0.7  S_oc_middle_and_Lunatus
 1355    878   1547  2.035 0.441     0.104     0.018        9     1.0  S_oc_sup_and_transversal
  803    559    982  2.238 0.375     0.120     0.026        6     0.8  S_occipital_ant
  811    586   1299  2.436 0.486     0.111     0.021        7     0.7  S_oc-temp_lat
 2505   1640   2984  2.063 0.487     0.090     0.014       12     1.5  S_oc-temp_med_and_Lingual
  353    251    538  2.640 0.461     0.115     0.017        2     0.3  S_orbital_lateral
  801    530   1021  2.372 0.548     0.116     0.021        7     0.7  S_orbital_med-olfact
 1525   1058   2933  2.901 0.460     0.125     0.026       14     1.8  S_orbital-H_Shaped
 2950   2044   3159  1.841 0.477     0.141     0.032       31     4.2  S_parieto_occipital
 1707   1117   1564  1.717 0.555     0.120     0.019       22     1.2  S_pericallosal
 2883   1973   3556  2.003 0.463     0.120     0.025       25     3.1  S_postcentral
 1430    986   2104  2.295 0.401     0.109     0.019       11     1.1  S_precentral-inf-part
 1274    852   1456  2.108 0.444     0.106     0.017        8     1.0  S_precentral-sup-part
  442    316    592  2.422 0.536     0.143     0.023        5     0.5  S_suborbital
 1342    934   2119  2.303 0.522     0.133     0.029       15     1.6  S_subparietal
 1240    849   1645  2.317 0.534     0.111     0.021        8     1.2  S_temporal_inf
 6244   4169   9868  2.531 0.488     0.100     0.018       40     4.6  S_temporal_sup
  345    260    453  2.153 0.360     0.149     0.021        4     0.4  S_temporal_transverse
#-----------------------------------------
#@# Parcellation Stats 3 rh Sat Apr  4 13:16:08 CEST 2026
/out/sourcedata/freesurfer/sub-v1s12x0050109_ses-1/scripts

 mris_anatomical_stats -th3 -mgz -noglobal -cortex ../label/rh.cortex.label -f ../stats/rh.aparc.DKTatlas.stats -b -a ../label/rh.aparc.DKTatlas.annot -c ../label/aparc.annot.DKTatlas.ctab sub-v1s12x0050109_ses-1 rh white 

computing statistics for each annotation in ../label/rh.aparc.DKTatlas.annot.
reading volume /out/sourcedata/freesurfer/sub-v1s12x0050109_ses-1/mri/wm.mgz...
reading input surface /out/sourcedata/freesurfer/sub-v1s12x0050109_ses-1/surf/rh.white...
reading input pial surface /out/sourcedata/freesurfer/sub-v1s12x0050109_ses-1/surf/rh.pial...
reading input white surface /out/sourcedata/freesurfer/sub-v1s12x0050109_ses-1/surf/rh.white...
INFO: using TH3 volume calc
INFO: assuming MGZ format for volumes.
INFO: not computing global stats
INFO: using ../label/rh.cortex.label as mask to calc cortex NumVert, SurfArea and MeanThickness.
Using TH3 vertex volume calc
Total face volume 244413
Total vertex volume 244195 (mask=0)
Saving annotation colortable ../label/aparc.annot.DKTatlas.ctab

table columns are:
    number of vertices
    total surface area (mm^2)
    total gray matter volume (mm^3)
    average cortical thickness +- standard deviation (mm)
    integrated rectified mean curvature
    integrated rectified Gaussian curvature
    folding index
    intrinsic curvature index
    structure name

 1353    848   2330  2.490 0.683     0.117     0.019       15     1.0  caudalanteriorcingulate
 3468   2357   6579  2.429 0.621     0.112     0.021       30     3.1  caudalmiddlefrontal
 2921   2007   3513  1.717 0.444     0.140     0.033       35     4.2  cuneus
  574    366   1749  3.154 0.743     0.114     0.037        5     0.9  entorhinal
 4603   3129   8070  2.425 0.636     0.120     0.026       50     5.0  fusiform
 7582   5376  15431  2.433 0.700     0.127     0.026       79     8.8  inferiorparietal
 5003   3787  12794  2.741 0.756     0.137     0.036       70     7.2  inferiortemporal
 1499   1052   2517  2.177 0.772     0.138     0.035       21     2.2  isthmuscingulate
 7217   5287  12672  2.202 0.573     0.144     0.035       97    11.5  lateraloccipital
 4544   3217   9514  2.686 0.653     0.137     0.037       60     6.5  lateralorbitofrontal
 4615   3217   6417  1.863 0.673     0.138     0.035       57     7.2  lingual
 2343   1634   4346  2.368 0.657     0.145     0.040       41     3.8  medialorbitofrontal
 6471   4558  15588  2.745 0.762     0.120     0.027       67     7.2  middletemporal
 1020    626   1666  2.299 0.642     0.076     0.014        6     0.5  parahippocampal
 2840   1760   3999  2.224 0.589     0.122     0.030       28     3.7  paracentral
 2131   1441   3949  2.513 0.545     0.108     0.020       20     1.8  parsopercularis
  990    702   2668  3.157 0.570     0.127     0.033       13     1.2  parsorbitalis
 2263   1531   4161  2.507 0.528     0.117     0.021       21     1.8  parstriangularis
 1885   1268   1652  1.453 0.336     0.116     0.026       18     2.0  pericalcarine
 6759   4425   9917  2.056 0.666     0.117     0.025       58     7.1  postcentral
 2330   1594   4142  2.393 0.740     0.130     0.027       28     2.6  posteriorcingulate
 7132   4622  11758  2.363 0.626     0.118     0.025       62     7.7  precentral
 6567   4597   9135  1.964 0.575     0.132     0.032       70     8.8  precuneus
 1377    972   2756  2.656 0.720     0.137     0.032       22     1.7  rostralanteriorcingulate
 5217   3724  10754  2.598 0.560     0.136     0.029       67     6.1  rostralmiddlefrontal
14303   9899  29606  2.643 0.612     0.123     0.027      153    15.7  superiorfrontal
 7179   4748  11235  2.127 0.576     0.121     0.026       70     8.0  superiorparietal
 7681   5132  16925  2.851 0.752     0.113     0.025       74     7.7  superiortemporal
 5641   4030  10730  2.472 0.638     0.131     0.029       61     7.0  supramarginal
  544    374    777  1.989 0.590     0.126     0.033        7     0.5  transversetemporal
 3358   2307   6841  3.092 0.604     0.122     0.029       30     3.8  insula
/out/sourcedata/freesurfer/sub-v1s12x0050109_ses-1/label
#--------------------------------------------
#@# BA_exvivo Labels rh Sat Apr  4 13:16:15 CEST 2026

 mri_label2label --srcsubject fsaverage --srclabel /out/sourcedata/freesurfer/fsaverage/label/rh.BA1_exvivo.label --trgsubject sub-v1s12x0050109_ses-1 --trglabel ./rh.BA1_exvivo.label --hemi rh --regmethod surface 


srclabel = /out/sourcedata/freesurfer/fsaverage/label/rh.BA1_exvivo.label
srcsubject = fsaverage
trgsubject = sub-v1s12x0050109_ses-1
trglabel = ./rh.BA1_exvivo.label
regmethod = surface

srchemi = rh
trghemi = rh
trgsurface = white
srcsurfreg = sphere.reg
trgsurfreg = sphere.reg
usehash = 1
Use ProjAbs  = 0, 0
Use ProjFrac = 0, 0
DoPaint 0

SUBJECTS_DIR    /out/sourcedata/freesurfer
FREESURFER_HOME /opt/freesurfer
Loading source label.
Found 3962 points in source label.
Starting surface-based mapping
Reading source registration 
 /out/sourcedata/freesurfer/fsaverage/surf/rh.sphere.reg
Rescaling ...  original radius = 100
Reading target surface 
 /out/sourcedata/freesurfer/sub-v1s12x0050109_ses-1/surf/rh.white
Reading target registration 
 /out/sourcedata/freesurfer/sub-v1s12x0050109_ses-1/surf/rh.sphere.reg
Rescaling ...  original radius = 100
Building target registration hash (res=16).
Building source registration hash (res=16).
INFO: found  3962 nlabel points
Performing mapping from target back to the source label 139230
Number of reverse mapping hits = 116
Checking for and removing duplicates
Writing label file ./rh.BA1_exvivo.label 4078
mri_label2label: Done


 mri_label2label --srcsubject fsaverage --srclabel /out/sourcedata/freesurfer/fsaverage/label/rh.BA2_exvivo.label --trgsubject sub-v1s12x0050109_ses-1 --trglabel ./rh.BA2_exvivo.label --hemi rh --regmethod surface 


srclabel = /out/sourcedata/freesurfer/fsaverage/label/rh.BA2_exvivo.label
srcsubject = fsaverage
trgsubject = sub-v1s12x0050109_ses-1
trglabel = ./rh.BA2_exvivo.label
regmethod = surface

srchemi = rh
trghemi = rh
trgsurface = white
srcsurfreg = sphere.reg
trgsurfreg = sphere.reg
usehash = 1
Use ProjAbs  = 0, 0
Use ProjFrac = 0, 0
DoPaint 0

SUBJECTS_DIR    /out/sourcedata/freesurfer
FREESURFER_HOME /opt/freesurfer
Loading source label.
Found 6687 points in source label.
Starting surface-based mapping
Reading source registration 
 /out/sourcedata/freesurfer/fsaverage/surf/rh.sphere.reg
Rescaling ...  original radius = 100
Reading target surface 
 /out/sourcedata/freesurfer/sub-v1s12x0050109_ses-1/surf/rh.white
Reading target registration 
 /out/sourcedata/freesurfer/sub-v1s12x0050109_ses-1/surf/rh.sphere.reg
Rescaling ...  original radius = 100
Building target registration hash (res=16).
Building source registration hash (res=16).
INFO: found  6687 nlabel points
Performing mapping from target back to the source label 139230
Number of reverse mapping hits = 215
Checking for and removing duplicates
Writing label file ./rh.BA2_exvivo.label 6902
mri_label2label: Done


 mri_label2label --srcsubject fsaverage --srclabel /out/sourcedata/freesurfer/fsaverage/label/rh.BA3a_exvivo.label --trgsubject sub-v1s12x0050109_ses-1 --trglabel ./rh.BA3a_exvivo.label --hemi rh --regmethod surface 


srclabel = /out/sourcedata/freesurfer/fsaverage/label/rh.BA3a_exvivo.label
srcsubject = fsaverage
trgsubject = sub-v1s12x0050109_ses-1
trglabel = ./rh.BA3a_exvivo.label
regmethod = surface

srchemi = rh
trghemi = rh
trgsurface = white
srcsurfreg = sphere.reg
trgsurfreg = sphere.reg
usehash = 1
Use ProjAbs  = 0, 0
Use ProjFrac = 0, 0
DoPaint 0

SUBJECTS_DIR    /out/sourcedata/freesurfer
FREESURFER_HOME /opt/freesurfer
Loading source label.
Found 3980 points in source label.
Starting surface-based mapping
Reading source registration 
 /out/sourcedata/freesurfer/fsaverage/surf/rh.sphere.reg
Rescaling ...  original radius = 100
Reading target surface 
 /out/sourcedata/freesurfer/sub-v1s12x0050109_ses-1/surf/rh.white
Reading target registration 
 /out/sourcedata/freesurfer/sub-v1s12x0050109_ses-1/surf/rh.sphere.reg
Rescaling ...  original radius = 100
Building target registration hash (res=16).
Building source registration hash (res=16).
INFO: found  3980 nlabel points
Performing mapping from target back to the source label 139230
Number of reverse mapping hits = 46
Checking for and removing duplicates
Writing label file ./rh.BA3a_exvivo.label 4026
mri_label2label: Done


 mri_label2label --srcsubject fsaverage --srclabel /out/sourcedata/freesurfer/fsaverage/label/rh.BA3b_exvivo.label --trgsubject sub-v1s12x0050109_ses-1 --trglabel ./rh.BA3b_exvivo.label --hemi rh --regmethod surface 


srclabel = /out/sourcedata/freesurfer/fsaverage/label/rh.BA3b_exvivo.label
srcsubject = fsaverage
trgsubject = sub-v1s12x0050109_ses-1
trglabel = ./rh.BA3b_exvivo.label
regmethod = surface

srchemi = rh
trghemi = rh
trgsurface = white
srcsurfreg = sphere.reg
trgsurfreg = sphere.reg
usehash = 1
Use ProjAbs  = 0, 0
Use ProjFrac = 0, 0
DoPaint 0

SUBJECTS_DIR    /out/sourcedata/freesurfer
FREESURFER_HOME /opt/freesurfer
Loading source label.
Found 4522 points in source label.
Starting surface-based mapping
Reading source registration 
 /out/sourcedata/freesurfer/fsaverage/surf/rh.sphere.reg
Rescaling ...  original radius = 100
Reading target surface 
 /out/sourcedata/freesurfer/sub-v1s12x0050109_ses-1/surf/rh.white
Reading target registration 
 /out/sourcedata/freesurfer/sub-v1s12x0050109_ses-1/surf/rh.sphere.reg
Rescaling ...  original radius = 100
Building target registration hash (res=16).
Building source registration hash (res=16).
INFO: found  4522 nlabel points
Performing mapping from target back to the source label 139230
Number of reverse mapping hits = 71
Checking for and removing duplicates
Writing label file ./rh.BA3b_exvivo.label 4593
mri_label2label: Done


 mri_label2label --srcsubject fsaverage --srclabel /out/sourcedata/freesurfer/fsaverage/label/rh.BA4a_exvivo.label --trgsubject sub-v1s12x0050109_ses-1 --trglabel ./rh.BA4a_exvivo.label --hemi rh --regmethod surface 


srclabel = /out/sourcedata/freesurfer/fsaverage/label/rh.BA4a_exvivo.label
srcsubject = fsaverage
trgsubject = sub-v1s12x0050109_ses-1
trglabel = ./rh.BA4a_exvivo.label
regmethod = surface

srchemi = rh
trghemi = rh
trgsurface = white
srcsurfreg = sphere.reg
trgsurfreg = sphere.reg
usehash = 1
Use ProjAbs  = 0, 0
Use ProjFrac = 0, 0
DoPaint 0

SUBJECTS_DIR    /out/sourcedata/freesurfer
FREESURFER_HOME /opt/freesurfer
Loading source label.
Found 5747 points in source label.
Starting surface-based mapping
Reading source registration 
 /out/sourcedata/freesurfer/fsaverage/surf/rh.sphere.reg
Rescaling ...  original radius = 100
Reading target surface 
 /out/sourcedata/freesurfer/sub-v1s12x0050109_ses-1/surf/rh.white
Reading target registration 
 /out/sourcedata/freesurfer/sub-v1s12x0050109_ses-1/surf/rh.sphere.reg
Rescaling ...  original radius = 100
Building target registration hash (res=16).
Building source registration hash (res=16).
INFO: found  5747 nlabel points
Performing mapping from target back to the source label 139230
Number of reverse mapping hits = 276
Checking for and removing duplicates
Writing label file ./rh.BA4a_exvivo.label 6023
mri_label2label: Done


 mri_label2label --srcsubject fsaverage --srclabel /out/sourcedata/freesurfer/fsaverage/label/rh.BA4p_exvivo.label --trgsubject sub-v1s12x0050109_ses-1 --trglabel ./rh.BA4p_exvivo.label --hemi rh --regmethod surface 


srclabel = /out/sourcedata/freesurfer/fsaverage/label/rh.BA4p_exvivo.label
srcsubject = fsaverage
trgsubject = sub-v1s12x0050109_ses-1
trglabel = ./rh.BA4p_exvivo.label
regmethod = surface

srchemi = rh
trghemi = rh
trgsurface = white
srcsurfreg = sphere.reg
trgsurfreg = sphere.reg
usehash = 1
Use ProjAbs  = 0, 0
Use ProjFrac = 0, 0
DoPaint 0

SUBJECTS_DIR    /out/sourcedata/freesurfer
FREESURFER_HOME /opt/freesurfer
Loading source label.
Found 4473 points in source label.
Starting surface-based mapping
Reading source registration 
 /out/sourcedata/freesurfer/fsaverage/surf/rh.sphere.reg
Rescaling ...  original radius = 100
Reading target surface 
 /out/sourcedata/freesurfer/sub-v1s12x0050109_ses-1/surf/rh.white
Reading target registration 
 /out/sourcedata/freesurfer/sub-v1s12x0050109_ses-1/surf/rh.sphere.reg
Rescaling ...  original radius = 100
Building target registration hash (res=16).
Building source registration hash (res=16).
INFO: found  4473 nlabel points
Performing mapping from target back to the source label 139230
Number of reverse mapping hits = 128
Checking for and removing duplicates
Writing label file ./rh.BA4p_exvivo.label 4601
mri_label2label: Done


 mri_label2label --srcsubject fsaverage --srclabel /out/sourcedata/freesurfer/fsaverage/label/rh.BA6_exvivo.label --trgsubject sub-v1s12x0050109_ses-1 --trglabel ./rh.BA6_exvivo.label --hemi rh --regmethod surface 


srclabel = /out/sourcedata/freesurfer/fsaverage/label/rh.BA6_exvivo.label
srcsubject = fsaverage
trgsubject = sub-v1s12x0050109_ses-1
trglabel = ./rh.BA6_exvivo.label
regmethod = surface

srchemi = rh
trghemi = rh
trgsurface = white
srcsurfreg = sphere.reg
trgsurfreg = sphere.reg
usehash = 1
Use ProjAbs  = 0, 0
Use ProjFrac = 0, 0
DoPaint 0

SUBJECTS_DIR    /out/sourcedata/freesurfer
FREESURFER_HOME /opt/freesurfer
Loading source label.
Found 12256 points in source label.
Starting surface-based mapping
Reading source registration 
 /out/sourcedata/freesurfer/fsaverage/surf/rh.sphere.reg
Rescaling ...  original radius = 100
Reading target surface 
 /out/sourcedata/freesurfer/sub-v1s12x0050109_ses-1/surf/rh.white
Reading target registration 
 /out/sourcedata/freesurfer/sub-v1s12x0050109_ses-1/surf/rh.sphere.reg
Rescaling ...  original radius = 100
Building target registration hash (res=16).
Building source registration hash (res=16).
INFO: found  12256 nlabel points
Performing mapping from target back to the source label 139230
Number of reverse mapping hits = 507
Checking for and removing duplicates
Writing label file ./rh.BA6_exvivo.label 12763
mri_label2label: Done


 mri_label2label --srcsubject fsaverage --srclabel /out/sourcedata/freesurfer/fsaverage/label/rh.BA44_exvivo.label --trgsubject sub-v1s12x0050109_ses-1 --trglabel ./rh.BA44_exvivo.label --hemi rh --regmethod surface 


srclabel = /out/sourcedata/freesurfer/fsaverage/label/rh.BA44_exvivo.label
srcsubject = fsaverage
trgsubject = sub-v1s12x0050109_ses-1
trglabel = ./rh.BA44_exvivo.label
regmethod = surface

srchemi = rh
trghemi = rh
trgsurface = white
srcsurfreg = sphere.reg
trgsurfreg = sphere.reg
usehash = 1
Use ProjAbs  = 0, 0
Use ProjFrac = 0, 0
DoPaint 0

SUBJECTS_DIR    /out/sourcedata/freesurfer
FREESURFER_HOME /opt/freesurfer
Loading source label.
Found 6912 points in source label.
Starting surface-based mapping
Reading source registration 
 /out/sourcedata/freesurfer/fsaverage/surf/rh.sphere.reg
Rescaling ...  original radius = 100
Reading target surface 
 /out/sourcedata/freesurfer/sub-v1s12x0050109_ses-1/surf/rh.white
Reading target registration 
 /out/sourcedata/freesurfer/sub-v1s12x0050109_ses-1/surf/rh.sphere.reg
Rescaling ...  original radius = 100
Building target registration hash (res=16).
Building source registration hash (res=16).
INFO: found  6912 nlabel points
Performing mapping from target back to the source label 139230
Number of reverse mapping hits = 311
Checking for and removing duplicates
Writing label file ./rh.BA44_exvivo.label 7223
mri_label2label: Done


 mri_label2label --srcsubject fsaverage --srclabel /out/sourcedata/freesurfer/fsaverage/label/rh.BA45_exvivo.label --trgsubject sub-v1s12x0050109_ses-1 --trglabel ./rh.BA45_exvivo.label --hemi rh --regmethod surface 


srclabel = /out/sourcedata/freesurfer/fsaverage/label/rh.BA45_exvivo.label
srcsubject = fsaverage
trgsubject = sub-v1s12x0050109_ses-1
trglabel = ./rh.BA45_exvivo.label
regmethod = surface

srchemi = rh
trghemi = rh
trgsurface = white
srcsurfreg = sphere.reg
trgsurfreg = sphere.reg
usehash = 1
Use ProjAbs  = 0, 0
Use ProjFrac = 0, 0
DoPaint 0

SUBJECTS_DIR    /out/sourcedata/freesurfer
FREESURFER_HOME /opt/freesurfer
Loading source label.
Found 5355 points in source label.
Starting surface-based mapping
Reading source registration 
 /out/sourcedata/freesurfer/fsaverage/surf/rh.sphere.reg
Rescaling ...  original radius = 100
Reading target surface 
 /out/sourcedata/freesurfer/sub-v1s12x0050109_ses-1/surf/rh.white
Reading target registration 
 /out/sourcedata/freesurfer/sub-v1s12x0050109_ses-1/surf/rh.sphere.reg
Rescaling ...  original radius = 100
Building target registration hash (res=16).
Building source registration hash (res=16).
INFO: found  5355 nlabel points
Performing mapping from target back to the source label 139230
Number of reverse mapping hits = 491
Checking for and removing duplicates
Writing label file ./rh.BA45_exvivo.label 5846
mri_label2label: Done


 mri_label2label --srcsubject fsaverage --srclabel /out/sourcedata/freesurfer/fsaverage/label/rh.V1_exvivo.label --trgsubject sub-v1s12x0050109_ses-1 --trglabel ./rh.V1_exvivo.label --hemi rh --regmethod surface 


srclabel = /out/sourcedata/freesurfer/fsaverage/label/rh.V1_exvivo.label
srcsubject = fsaverage
trgsubject = sub-v1s12x0050109_ses-1
trglabel = ./rh.V1_exvivo.label
regmethod = surface

srchemi = rh
trghemi = rh
trgsurface = white
srcsurfreg = sphere.reg
trgsurfreg = sphere.reg
usehash = 1
Use ProjAbs  = 0, 0
Use ProjFrac = 0, 0
DoPaint 0

SUBJECTS_DIR    /out/sourcedata/freesurfer
FREESURFER_HOME /opt/freesurfer
Loading source label.
Found 4727 points in source label.
Starting surface-based mapping
Reading source registration 
 /out/sourcedata/freesurfer/fsaverage/surf/rh.sphere.reg
Rescaling ...  original radius = 100
Reading target surface 
 /out/sourcedata/freesurfer/sub-v1s12x0050109_ses-1/surf/rh.white
Reading target registration 
 /out/sourcedata/freesurfer/sub-v1s12x0050109_ses-1/surf/rh.sphere.reg
Rescaling ...  original radius = 100
Building target registration hash (res=16).
Building source registration hash (res=16).
INFO: found  4727 nlabel points
Performing mapping from target back to the source label 139230
Number of reverse mapping hits = 870
Checking for and removing duplicates
Writing label file ./rh.V1_exvivo.label 5597
mri_label2label: Done


 mri_label2label --srcsubject fsaverage --srclabel /out/sourcedata/freesurfer/fsaverage/label/rh.V2_exvivo.label --trgsubject sub-v1s12x0050109_ses-1 --trglabel ./rh.V2_exvivo.label --hemi rh --regmethod surface 


srclabel = /out/sourcedata/freesurfer/fsaverage/label/rh.V2_exvivo.label
srcsubject = fsaverage
trgsubject = sub-v1s12x0050109_ses-1
trglabel = ./rh.V2_exvivo.label
regmethod = surface

srchemi = rh
trghemi = rh
trgsurface = white
srcsurfreg = sphere.reg
trgsurfreg = sphere.reg
usehash = 1
Use ProjAbs  = 0, 0
Use ProjFrac = 0, 0
DoPaint 0

SUBJECTS_DIR    /out/sourcedata/freesurfer
FREESURFER_HOME /opt/freesurfer
Loading source label.
Found 8016 points in source label.
Starting surface-based mapping
Reading source registration 
 /out/sourcedata/freesurfer/fsaverage/surf/rh.sphere.reg
Rescaling ...  original radius = 100
Reading target surface 
 /out/sourcedata/freesurfer/sub-v1s12x0050109_ses-1/surf/rh.white
Reading target registration 
 /out/sourcedata/freesurfer/sub-v1s12x0050109_ses-1/surf/rh.sphere.reg
Rescaling ...  original radius = 100
Building target registration hash (res=16).
Building source registration hash (res=16).
INFO: found  8016 nlabel points
Performing mapping from target back to the source label 139230
Number of reverse mapping hits = 1908
Checking for and removing duplicates
Writing label file ./rh.V2_exvivo.label 9924
mri_label2label: Done


 mri_label2label --srcsubject fsaverage --srclabel /out/sourcedata/freesurfer/fsaverage/label/rh.MT_exvivo.label --trgsubject sub-v1s12x0050109_ses-1 --trglabel ./rh.MT_exvivo.label --hemi rh --regmethod surface 


srclabel = /out/sourcedata/freesurfer/fsaverage/label/rh.MT_exvivo.label
srcsubject = fsaverage
trgsubject = sub-v1s12x0050109_ses-1
trglabel = ./rh.MT_exvivo.label
regmethod = surface

srchemi = rh
trghemi = rh
trgsurface = white
srcsurfreg = sphere.reg
trgsurfreg = sphere.reg
usehash = 1
Use ProjAbs  = 0, 0
Use ProjFrac = 0, 0
DoPaint 0

SUBJECTS_DIR    /out/sourcedata/freesurfer
FREESURFER_HOME /opt/freesurfer
Loading source label.
Found 1932 points in source label.
Starting surface-based mapping
Reading source registration 
 /out/sourcedata/freesurfer/fsaverage/surf/rh.sphere.reg
Rescaling ...  original radius = 100
Reading target surface 
 /out/sourcedata/freesurfer/sub-v1s12x0050109_ses-1/surf/rh.white
Reading target registration 
 /out/sourcedata/freesurfer/sub-v1s12x0050109_ses-1/surf/rh.sphere.reg
Rescaling ...  original radius = 100
Building target registration hash (res=16).
Building source registration hash (res=16).
INFO: found  1932 nlabel points
Performing mapping from target back to the source label 139230
Number of reverse mapping hits = 372
Checking for and removing duplicates
Writing label file ./rh.MT_exvivo.label 2304
mri_label2label: Done


 mri_label2label --srcsubject fsaverage --srclabel /out/sourcedata/freesurfer/fsaverage/label/rh.entorhinal_exvivo.label --trgsubject sub-v1s12x0050109_ses-1 --trglabel ./rh.entorhinal_exvivo.label --hemi rh --regmethod surface 


srclabel = /out/sourcedata/freesurfer/fsaverage/label/rh.entorhinal_exvivo.label
srcsubject = fsaverage
trgsubject = sub-v1s12x0050109_ses-1
trglabel = ./rh.entorhinal_exvivo.label
regmethod = surface

srchemi = rh
trghemi = rh
trgsurface = white
srcsurfreg = sphere.reg
trgsurfreg = sphere.reg
usehash = 1
Use ProjAbs  = 0, 0
Use ProjFrac = 0, 0
DoPaint 0

SUBJECTS_DIR    /out/sourcedata/freesurfer
FREESURFER_HOME /opt/freesurfer
Loading source label.
Found 1038 points in source label.
Starting surface-based mapping
Reading source registration 
 /out/sourcedata/freesurfer/fsaverage/surf/rh.sphere.reg
Rescaling ...  original radius = 100
Reading target surface 
 /out/sourcedata/freesurfer/sub-v1s12x0050109_ses-1/surf/rh.white
Reading target registration 
 /out/sourcedata/freesurfer/sub-v1s12x0050109_ses-1/surf/rh.sphere.reg
Rescaling ...  original radius = 100
Building target registration hash (res=16).
Building source registration hash (res=16).
INFO: found  1038 nlabel points
Performing mapping from target back to the source label 139230
Number of reverse mapping hits = 83
Checking for and removing duplicates
Writing label file ./rh.entorhinal_exvivo.label 1121
mri_label2label: Done


 mri_label2label --srcsubject fsaverage --srclabel /out/sourcedata/freesurfer/fsaverage/label/rh.perirhinal_exvivo.label --trgsubject sub-v1s12x0050109_ses-1 --trglabel ./rh.perirhinal_exvivo.label --hemi rh --regmethod surface 


srclabel = /out/sourcedata/freesurfer/fsaverage/label/rh.perirhinal_exvivo.label
srcsubject = fsaverage
trgsubject = sub-v1s12x0050109_ses-1
trglabel = ./rh.perirhinal_exvivo.label
regmethod = surface

srchemi = rh
trghemi = rh
trgsurface = white
srcsurfreg = sphere.reg
trgsurfreg = sphere.reg
usehash = 1
Use ProjAbs  = 0, 0
Use ProjFrac = 0, 0
DoPaint 0

SUBJECTS_DIR    /out/sourcedata/freesurfer
FREESURFER_HOME /opt/freesurfer
Loading source label.
Found 752 points in source label.
Starting surface-based mapping
Reading source registration 
 /out/sourcedata/freesurfer/fsaverage/surf/rh.sphere.reg
Rescaling ...  original radius = 100
Reading target surface 
 /out/sourcedata/freesurfer/sub-v1s12x0050109_ses-1/surf/rh.white
Reading target registration 
 /out/sourcedata/freesurfer/sub-v1s12x0050109_ses-1/surf/rh.sphere.reg
Rescaling ...  original radius = 100
Building target registration hash (res=16).
Building source registration hash (res=16).
INFO: found  752 nlabel points
Performing mapping from target back to the source label 139230
Number of reverse mapping hits = 38
Checking for and removing duplicates
Writing label file ./rh.perirhinal_exvivo.label 790
mri_label2label: Done


 mri_label2label --srcsubject fsaverage --srclabel /out/sourcedata/freesurfer/fsaverage/label/rh.FG1.mpm.vpnl.label --trgsubject sub-v1s12x0050109_ses-1 --trglabel ./rh.FG1.mpm.vpnl.label --hemi rh --regmethod surface 


srclabel = /out/sourcedata/freesurfer/fsaverage/label/rh.FG1.mpm.vpnl.label
srcsubject = fsaverage
trgsubject = sub-v1s12x0050109_ses-1
trglabel = ./rh.FG1.mpm.vpnl.label
regmethod = surface

srchemi = rh
trghemi = rh
trgsurface = white
srcsurfreg = sphere.reg
trgsurfreg = sphere.reg
usehash = 1
Use ProjAbs  = 0, 0
Use ProjFrac = 0, 0
DoPaint 0

SUBJECTS_DIR    /out/sourcedata/freesurfer
FREESURFER_HOME /opt/freesurfer
Loading source label.
Found 541 points in source label.
Starting surface-based mapping
Reading source registration 
 /out/sourcedata/freesurfer/fsaverage/surf/rh.sphere.reg
Rescaling ...  original radius = 100
Reading target surface 
 /out/sourcedata/freesurfer/sub-v1s12x0050109_ses-1/surf/rh.white
Reading target registration 
 /out/sourcedata/freesurfer/sub-v1s12x0050109_ses-1/surf/rh.sphere.reg
Rescaling ...  original radius = 100
Building target registration hash (res=16).
Building source registration hash (res=16).
INFO: found  541 nlabel points
Performing mapping from target back to the source label 139230
Number of reverse mapping hits = 221
Checking for and removing duplicates
Writing label file ./rh.FG1.mpm.vpnl.label 762
mri_label2label: Done


 mri_label2label --srcsubject fsaverage --srclabel /out/sourcedata/freesurfer/fsaverage/label/rh.FG2.mpm.vpnl.label --trgsubject sub-v1s12x0050109_ses-1 --trglabel ./rh.FG2.mpm.vpnl.label --hemi rh --regmethod surface 


srclabel = /out/sourcedata/freesurfer/fsaverage/label/rh.FG2.mpm.vpnl.label
srcsubject = fsaverage
trgsubject = sub-v1s12x0050109_ses-1
trglabel = ./rh.FG2.mpm.vpnl.label
regmethod = surface

srchemi = rh
trghemi = rh
trgsurface = white
srcsurfreg = sphere.reg
trgsurfreg = sphere.reg
usehash = 1
Use ProjAbs  = 0, 0
Use ProjFrac = 0, 0
DoPaint 0

SUBJECTS_DIR    /out/sourcedata/freesurfer
FREESURFER_HOME /opt/freesurfer
Loading source label.
Found 721 points in source label.
Starting surface-based mapping
Reading source registration 
 /out/sourcedata/freesurfer/fsaverage/surf/rh.sphere.reg
Rescaling ...  original radius = 100
Reading target surface 
 /out/sourcedata/freesurfer/sub-v1s12x0050109_ses-1/surf/rh.white
Reading target registration 
 /out/sourcedata/freesurfer/sub-v1s12x0050109_ses-1/surf/rh.sphere.reg
Rescaling ...  original radius = 100
Building target registration hash (res=16).
Building source registration hash (res=16).
INFO: found  721 nlabel points
Performing mapping from target back to the source label 139230
Number of reverse mapping hits = 216
Checking for and removing duplicates
Writing label file ./rh.FG2.mpm.vpnl.label 937
mri_label2label: Done


 mri_label2label --srcsubject fsaverage --srclabel /out/sourcedata/freesurfer/fsaverage/label/rh.FG3.mpm.vpnl.label --trgsubject sub-v1s12x0050109_ses-1 --trglabel ./rh.FG3.mpm.vpnl.label --hemi rh --regmethod surface 


srclabel = /out/sourcedata/freesurfer/fsaverage/label/rh.FG3.mpm.vpnl.label
srcsubject = fsaverage
trgsubject = sub-v1s12x0050109_ses-1
trglabel = ./rh.FG3.mpm.vpnl.label
regmethod = surface

srchemi = rh
trghemi = rh
trgsurface = white
srcsurfreg = sphere.reg
trgsurfreg = sphere.reg
usehash = 1
Use ProjAbs  = 0, 0
Use ProjFrac = 0, 0
DoPaint 0

SUBJECTS_DIR    /out/sourcedata/freesurfer
FREESURFER_HOME /opt/freesurfer
Loading source label.
Found 1523 points in source label.
Starting surface-based mapping
Reading source registration 
 /out/sourcedata/freesurfer/fsaverage/surf/rh.sphere.reg
Rescaling ...  original radius = 100
Reading target surface 
 /out/sourcedata/freesurfer/sub-v1s12x0050109_ses-1/surf/rh.white
Reading target registration 
 /out/sourcedata/freesurfer/sub-v1s12x0050109_ses-1/surf/rh.sphere.reg
Rescaling ...  original radius = 100
Building target registration hash (res=16).
Building source registration hash (res=16).
INFO: found  1523 nlabel points
Performing mapping from target back to the source label 139230
Number of reverse mapping hits = 359
Checking for and removing duplicates
Writing label file ./rh.FG3.mpm.vpnl.label 1882
mri_label2label: Done


 mri_label2label --srcsubject fsaverage --srclabel /out/sourcedata/freesurfer/fsaverage/label/rh.FG4.mpm.vpnl.label --trgsubject sub-v1s12x0050109_ses-1 --trglabel ./rh.FG4.mpm.vpnl.label --hemi rh --regmethod surface 


srclabel = /out/sourcedata/freesurfer/fsaverage/label/rh.FG4.mpm.vpnl.label
srcsubject = fsaverage
trgsubject = sub-v1s12x0050109_ses-1
trglabel = ./rh.FG4.mpm.vpnl.label
regmethod = surface

srchemi = rh
trghemi = rh
trgsurface = white
srcsurfreg = sphere.reg
trgsurfreg = sphere.reg
usehash = 1
Use ProjAbs  = 0, 0
Use ProjFrac = 0, 0
DoPaint 0

SUBJECTS_DIR    /out/sourcedata/freesurfer
FREESURFER_HOME /opt/freesurfer
Loading source label.
Found 1586 points in source label.
Starting surface-based mapping
Reading source registration 
 /out/sourcedata/freesurfer/fsaverage/surf/rh.sphere.reg
Rescaling ...  original radius = 100
Reading target surface 
 /out/sourcedata/freesurfer/sub-v1s12x0050109_ses-1/surf/rh.white
Reading target registration 
 /out/sourcedata/freesurfer/sub-v1s12x0050109_ses-1/surf/rh.sphere.reg
Rescaling ...  original radius = 100
Building target registration hash (res=16).
Building source registration hash (res=16).
INFO: found  1586 nlabel points
Performing mapping from target back to the source label 139230
Number of reverse mapping hits = 311
Checking for and removing duplicates
Writing label file ./rh.FG4.mpm.vpnl.label 1897
mri_label2label: Done


 mri_label2label --srcsubject fsaverage --srclabel /out/sourcedata/freesurfer/fsaverage/label/rh.hOc1.mpm.vpnl.label --trgsubject sub-v1s12x0050109_ses-1 --trglabel ./rh.hOc1.mpm.vpnl.label --hemi rh --regmethod surface 


srclabel = /out/sourcedata/freesurfer/fsaverage/label/rh.hOc1.mpm.vpnl.label
srcsubject = fsaverage
trgsubject = sub-v1s12x0050109_ses-1
trglabel = ./rh.hOc1.mpm.vpnl.label
regmethod = surface

srchemi = rh
trghemi = rh
trgsurface = white
srcsurfreg = sphere.reg
trgsurfreg = sphere.reg
usehash = 1
Use ProjAbs  = 0, 0
Use ProjFrac = 0, 0
DoPaint 0

SUBJECTS_DIR    /out/sourcedata/freesurfer
FREESURFER_HOME /opt/freesurfer
Loading source label.
Found 3667 points in source label.
Starting surface-based mapping
Reading source registration 
 /out/sourcedata/freesurfer/fsaverage/surf/rh.sphere.reg
Rescaling ...  original radius = 100
Reading target surface 
 /out/sourcedata/freesurfer/sub-v1s12x0050109_ses-1/surf/rh.white
Reading target registration 
 /out/sourcedata/freesurfer/sub-v1s12x0050109_ses-1/surf/rh.sphere.reg
Rescaling ...  original radius = 100
Building target registration hash (res=16).
Building source registration hash (res=16).
INFO: found  3667 nlabel points
Performing mapping from target back to the source label 139230
Number of reverse mapping hits = 616
Checking for and removing duplicates
Writing label file ./rh.hOc1.mpm.vpnl.label 4283
mri_label2label: Done


 mri_label2label --srcsubject fsaverage --srclabel /out/sourcedata/freesurfer/fsaverage/label/rh.hOc2.mpm.vpnl.label --trgsubject sub-v1s12x0050109_ses-1 --trglabel ./rh.hOc2.mpm.vpnl.label --hemi rh --regmethod surface 


srclabel = /out/sourcedata/freesurfer/fsaverage/label/rh.hOc2.mpm.vpnl.label
srcsubject = fsaverage
trgsubject = sub-v1s12x0050109_ses-1
trglabel = ./rh.hOc2.mpm.vpnl.label
regmethod = surface

srchemi = rh
trghemi = rh
trgsurface = white
srcsurfreg = sphere.reg
trgsurfreg = sphere.reg
usehash = 1
Use ProjAbs  = 0, 0
Use ProjFrac = 0, 0
DoPaint 0

SUBJECTS_DIR    /out/sourcedata/freesurfer
FREESURFER_HOME /opt/freesurfer
Loading source label.
Found 2719 points in source label.
Starting surface-based mapping
Reading source registration 
 /out/sourcedata/freesurfer/fsaverage/surf/rh.sphere.reg
Rescaling ...  original radius = 100
Reading target surface 
 /out/sourcedata/freesurfer/sub-v1s12x0050109_ses-1/surf/rh.white
Reading target registration 
 /out/sourcedata/freesurfer/sub-v1s12x0050109_ses-1/surf/rh.sphere.reg
Rescaling ...  original radius = 100
Building target registration hash (res=16).
Building source registration hash (res=16).
INFO: found  2719 nlabel points
Performing mapping from target back to the source label 139230
Number of reverse mapping hits = 736
Checking for and removing duplicates
Writing label file ./rh.hOc2.mpm.vpnl.label 3455
mri_label2label: Done


 mri_label2label --srcsubject fsaverage --srclabel /out/sourcedata/freesurfer/fsaverage/label/rh.hOc3v.mpm.vpnl.label --trgsubject sub-v1s12x0050109_ses-1 --trglabel ./rh.hOc3v.mpm.vpnl.label --hemi rh --regmethod surface 


srclabel = /out/sourcedata/freesurfer/fsaverage/label/rh.hOc3v.mpm.vpnl.label
srcsubject = fsaverage
trgsubject = sub-v1s12x0050109_ses-1
trglabel = ./rh.hOc3v.mpm.vpnl.label
regmethod = surface

srchemi = rh
trghemi = rh
trgsurface = white
srcsurfreg = sphere.reg
trgsurfreg = sphere.reg
usehash = 1
Use ProjAbs  = 0, 0
Use ProjFrac = 0, 0
DoPaint 0

SUBJECTS_DIR    /out/sourcedata/freesurfer
FREESURFER_HOME /opt/freesurfer
Loading source label.
Found 1228 points in source label.
Starting surface-based mapping
Reading source registration 
 /out/sourcedata/freesurfer/fsaverage/surf/rh.sphere.reg
Rescaling ...  original radius = 100
Reading target surface 
 /out/sourcedata/freesurfer/sub-v1s12x0050109_ses-1/surf/rh.white
Reading target registration 
 /out/sourcedata/freesurfer/sub-v1s12x0050109_ses-1/surf/rh.sphere.reg
Rescaling ...  original radius = 100
Building target registration hash (res=16).
Building source registration hash (res=16).
INFO: found  1228 nlabel points
Performing mapping from target back to the source label 139230
Number of reverse mapping hits = 400
Checking for and removing duplicates
Writing label file ./rh.hOc3v.mpm.vpnl.label 1628
mri_label2label: Done


 mri_label2label --srcsubject fsaverage --srclabel /out/sourcedata/freesurfer/fsaverage/label/rh.hOc4v.mpm.vpnl.label --trgsubject sub-v1s12x0050109_ses-1 --trglabel ./rh.hOc4v.mpm.vpnl.label --hemi rh --regmethod surface 


srclabel = /out/sourcedata/freesurfer/fsaverage/label/rh.hOc4v.mpm.vpnl.label
srcsubject = fsaverage
trgsubject = sub-v1s12x0050109_ses-1
trglabel = ./rh.hOc4v.mpm.vpnl.label
regmethod = surface

srchemi = rh
trghemi = rh
trgsurface = white
srcsurfreg = sphere.reg
trgsurfreg = sphere.reg
usehash = 1
Use ProjAbs  = 0, 0
Use ProjFrac = 0, 0
DoPaint 0

SUBJECTS_DIR    /out/sourcedata/freesurfer
FREESURFER_HOME /opt/freesurfer
Loading source label.
Found 1025 points in source label.
Starting surface-based mapping
Reading source registration 
 /out/sourcedata/freesurfer/fsaverage/surf/rh.sphere.reg
Rescaling ...  original radius = 100
Reading target surface 
 /out/sourcedata/freesurfer/sub-v1s12x0050109_ses-1/surf/rh.white
Reading target registration 
 /out/sourcedata/freesurfer/sub-v1s12x0050109_ses-1/surf/rh.sphere.reg
Rescaling ...  original radius = 100
Building target registration hash (res=16).
Building source registration hash (res=16).
INFO: found  1025 nlabel points
Performing mapping from target back to the source label 139230
Number of reverse mapping hits = 371
Checking for and removing duplicates
Writing label file ./rh.hOc4v.mpm.vpnl.label 1396
mri_label2label: Done


 mris_label2annot --s sub-v1s12x0050109_ses-1 --ctab /opt/freesurfer/average/colortable_vpnl.txt --hemi rh --a mpm.vpnl --maxstatwinner --noverbose --l rh.FG1.mpm.vpnl.label --l rh.FG2.mpm.vpnl.label --l rh.FG3.mpm.vpnl.label --l rh.FG4.mpm.vpnl.label --l rh.hOc1.mpm.vpnl.label --l rh.hOc2.mpm.vpnl.label --l rh.hOc3v.mpm.vpnl.label --l rh.hOc4v.mpm.vpnl.label 

Reading ctab /opt/freesurfer/average/colortable_vpnl.txt
Number of ctab entries 9

7.3.2
cwd /out/sourcedata/freesurfer/sub-v1s12x0050109_ses-1/label
cmdline mris_label2annot --s sub-v1s12x0050109_ses-1 --ctab /opt/freesurfer/average/colortable_vpnl.txt --hemi rh --a mpm.vpnl --maxstatwinner --noverbose --l rh.FG1.mpm.vpnl.label --l rh.FG2.mpm.vpnl.label --l rh.FG3.mpm.vpnl.label --l rh.FG4.mpm.vpnl.label --l rh.hOc1.mpm.vpnl.label --l rh.hOc2.mpm.vpnl.label --l rh.hOc3v.mpm.vpnl.label --l rh.hOc4v.mpm.vpnl.label 
sysname  Linux
hostname dna070
machine  x86_64
user     oesteban

subject sub-v1s12x0050109_ses-1
hemi    rh
SUBJECTS_DIR /out/sourcedata/freesurfer
ColorTable /opt/freesurfer/average/colortable_vpnl.txt
AnnotName  mpm.vpnl
nlables 8
LabelThresh 0 0.000000
Loading /out/sourcedata/freesurfer/sub-v1s12x0050109_ses-1/surf/rh.orig
 1 1376057 FG1
 2 16711935 FG2
 3 16711680 FG3
 4 1705837 FG4
 5 25600 hOc1
 6 255 hOc2
 7 16776960 hOc3v
 8 65535 hOc4v
Mapping unhit to unknown
Found 124168 unhit vertices
Writing annot to /out/sourcedata/freesurfer/sub-v1s12x0050109_ses-1/label/rh.mpm.vpnl.annot

 mri_label2label --srcsubject fsaverage --srclabel /out/sourcedata/freesurfer/fsaverage/label/rh.BA1_exvivo.thresh.label --trgsubject sub-v1s12x0050109_ses-1 --trglabel ./rh.BA1_exvivo.thresh.label --hemi rh --regmethod surface 


srclabel = /out/sourcedata/freesurfer/fsaverage/label/rh.BA1_exvivo.thresh.label
srcsubject = fsaverage
trgsubject = sub-v1s12x0050109_ses-1
trglabel = ./rh.BA1_exvivo.thresh.label
regmethod = surface

srchemi = rh
trghemi = rh
trgsurface = white
srcsurfreg = sphere.reg
trgsurfreg = sphere.reg
usehash = 1
Use ProjAbs  = 0, 0
Use ProjFrac = 0, 0
DoPaint 0

SUBJECTS_DIR    /out/sourcedata/freesurfer
FREESURFER_HOME /opt/freesurfer
Loading source label.
Found 876 points in source label.
Starting surface-based mapping
Reading source registration 
 /out/sourcedata/freesurfer/fsaverage/surf/rh.sphere.reg
Rescaling ...  original radius = 100
Reading target surface 
 /out/sourcedata/freesurfer/sub-v1s12x0050109_ses-1/surf/rh.white
Reading target registration 
 /out/sourcedata/freesurfer/sub-v1s12x0050109_ses-1/surf/rh.sphere.reg
Rescaling ...  original radius = 100
Building target registration hash (res=16).
Building source registration hash (res=16).
INFO: found  876 nlabel points
Performing mapping from target back to the source label 139230
Number of reverse mapping hits = 35
Checking for and removing duplicates
Writing label file ./rh.BA1_exvivo.thresh.label 911
mri_label2label: Done


 mri_label2label --srcsubject fsaverage --srclabel /out/sourcedata/freesurfer/fsaverage/label/rh.BA2_exvivo.thresh.label --trgsubject sub-v1s12x0050109_ses-1 --trglabel ./rh.BA2_exvivo.thresh.label --hemi rh --regmethod surface 


srclabel = /out/sourcedata/freesurfer/fsaverage/label/rh.BA2_exvivo.thresh.label
srcsubject = fsaverage
trgsubject = sub-v1s12x0050109_ses-1
trglabel = ./rh.BA2_exvivo.thresh.label
regmethod = surface

srchemi = rh
trghemi = rh
trgsurface = white
srcsurfreg = sphere.reg
trgsurfreg = sphere.reg
usehash = 1
Use ProjAbs  = 0, 0
Use ProjFrac = 0, 0
DoPaint 0

SUBJECTS_DIR    /out/sourcedata/freesurfer
FREESURFER_HOME /opt/freesurfer
Loading source label.
Found 2688 points in source label.
Starting surface-based mapping
Reading source registration 
 /out/sourcedata/freesurfer/fsaverage/surf/rh.sphere.reg
Rescaling ...  original radius = 100
Reading target surface 
 /out/sourcedata/freesurfer/sub-v1s12x0050109_ses-1/surf/rh.white
Reading target registration 
 /out/sourcedata/freesurfer/sub-v1s12x0050109_ses-1/surf/rh.sphere.reg
Rescaling ...  original radius = 100
Building target registration hash (res=16).
Building source registration hash (res=16).
INFO: found  2688 nlabel points
Performing mapping from target back to the source label 139230
Number of reverse mapping hits = 82
Checking for and removing duplicates
Writing label file ./rh.BA2_exvivo.thresh.label 2770
mri_label2label: Done


 mri_label2label --srcsubject fsaverage --srclabel /out/sourcedata/freesurfer/fsaverage/label/rh.BA3a_exvivo.thresh.label --trgsubject sub-v1s12x0050109_ses-1 --trglabel ./rh.BA3a_exvivo.thresh.label --hemi rh --regmethod surface 


srclabel = /out/sourcedata/freesurfer/fsaverage/label/rh.BA3a_exvivo.thresh.label
srcsubject = fsaverage
trgsubject = sub-v1s12x0050109_ses-1
trglabel = ./rh.BA3a_exvivo.thresh.label
regmethod = surface

srchemi = rh
trghemi = rh
trgsurface = white
srcsurfreg = sphere.reg
trgsurfreg = sphere.reg
usehash = 1
Use ProjAbs  = 0, 0
Use ProjFrac = 0, 0
DoPaint 0

SUBJECTS_DIR    /out/sourcedata/freesurfer
FREESURFER_HOME /opt/freesurfer
Loading source label.
Found 1698 points in source label.
Starting surface-based mapping
Reading source registration 
 /out/sourcedata/freesurfer/fsaverage/surf/rh.sphere.reg
Rescaling ...  original radius = 100
Reading target surface 
 /out/sourcedata/freesurfer/sub-v1s12x0050109_ses-1/surf/rh.white
Reading target registration 
 /out/sourcedata/freesurfer/sub-v1s12x0050109_ses-1/surf/rh.sphere.reg
Rescaling ...  original radius = 100
Building target registration hash (res=16).
Building source registration hash (res=16).
INFO: found  1698 nlabel points
Performing mapping from target back to the source label 139230
Number of reverse mapping hits = 20
Checking for and removing duplicates
Writing label file ./rh.BA3a_exvivo.thresh.label 1718
mri_label2label: Done


 mri_label2label --srcsubject fsaverage --srclabel /out/sourcedata/freesurfer/fsaverage/label/rh.BA3b_exvivo.thresh.label --trgsubject sub-v1s12x0050109_ses-1 --trglabel ./rh.BA3b_exvivo.thresh.label --hemi rh --regmethod surface 


srclabel = /out/sourcedata/freesurfer/fsaverage/label/rh.BA3b_exvivo.thresh.label
srcsubject = fsaverage
trgsubject = sub-v1s12x0050109_ses-1
trglabel = ./rh.BA3b_exvivo.thresh.label
regmethod = surface

srchemi = rh
trghemi = rh
trgsurface = white
srcsurfreg = sphere.reg
trgsurfreg = sphere.reg
usehash = 1
Use ProjAbs  = 0, 0
Use ProjFrac = 0, 0
DoPaint 0

SUBJECTS_DIR    /out/sourcedata/freesurfer
FREESURFER_HOME /opt/freesurfer
Loading source label.
Found 2183 points in source label.
Starting surface-based mapping
Reading source registration 
 /out/sourcedata/freesurfer/fsaverage/surf/rh.sphere.reg
Rescaling ...  original radius = 100
Reading target surface 
 /out/sourcedata/freesurfer/sub-v1s12x0050109_ses-1/surf/rh.white
Reading target registration 
 /out/sourcedata/freesurfer/sub-v1s12x0050109_ses-1/surf/rh.sphere.reg
Rescaling ...  original radius = 100
Building target registration hash (res=16).
Building source registration hash (res=16).
INFO: found  2183 nlabel points
Performing mapping from target back to the source label 139230
Number of reverse mapping hits = 33
Checking for and removing duplicates
Writing label file ./rh.BA3b_exvivo.thresh.label 2216
mri_label2label: Done


 mri_label2label --srcsubject fsaverage --srclabel /out/sourcedata/freesurfer/fsaverage/label/rh.BA4a_exvivo.thresh.label --trgsubject sub-v1s12x0050109_ses-1 --trglabel ./rh.BA4a_exvivo.thresh.label --hemi rh --regmethod surface 


srclabel = /out/sourcedata/freesurfer/fsaverage/label/rh.BA4a_exvivo.thresh.label
srcsubject = fsaverage
trgsubject = sub-v1s12x0050109_ses-1
trglabel = ./rh.BA4a_exvivo.thresh.label
regmethod = surface

srchemi = rh
trghemi = rh
trgsurface = white
srcsurfreg = sphere.reg
trgsurfreg = sphere.reg
usehash = 1
Use ProjAbs  = 0, 0
Use ProjFrac = 0, 0
DoPaint 0

SUBJECTS_DIR    /out/sourcedata/freesurfer
FREESURFER_HOME /opt/freesurfer
Loading source label.
Found 1388 points in source label.
Starting surface-based mapping
Reading source registration 
 /out/sourcedata/freesurfer/fsaverage/surf/rh.sphere.reg
Rescaling ...  original radius = 100
Reading target surface 
 /out/sourcedata/freesurfer/sub-v1s12x0050109_ses-1/surf/rh.white
Reading target registration 
 /out/sourcedata/freesurfer/sub-v1s12x0050109_ses-1/surf/rh.sphere.reg
Rescaling ...  original radius = 100
Building target registration hash (res=16).
Building source registration hash (res=16).
INFO: found  1388 nlabel points
Performing mapping from target back to the source label 139230
Number of reverse mapping hits = 74
Checking for and removing duplicates
Writing label file ./rh.BA4a_exvivo.thresh.label 1462
mri_label2label: Done


 mri_label2label --srcsubject fsaverage --srclabel /out/sourcedata/freesurfer/fsaverage/label/rh.BA4p_exvivo.thresh.label --trgsubject sub-v1s12x0050109_ses-1 --trglabel ./rh.BA4p_exvivo.thresh.label --hemi rh --regmethod surface 


srclabel = /out/sourcedata/freesurfer/fsaverage/label/rh.BA4p_exvivo.thresh.label
srcsubject = fsaverage
trgsubject = sub-v1s12x0050109_ses-1
trglabel = ./rh.BA4p_exvivo.thresh.label
regmethod = surface

srchemi = rh
trghemi = rh
trgsurface = white
srcsurfreg = sphere.reg
trgsurfreg = sphere.reg
usehash = 1
Use ProjAbs  = 0, 0
Use ProjFrac = 0, 0
DoPaint 0

SUBJECTS_DIR    /out/sourcedata/freesurfer
FREESURFER_HOME /opt/freesurfer
Loading source label.
Found 1489 points in source label.
Starting surface-based mapping
Reading source registration 
 /out/sourcedata/freesurfer/fsaverage/surf/rh.sphere.reg
Rescaling ...  original radius = 100
Reading target surface 
 /out/sourcedata/freesurfer/sub-v1s12x0050109_ses-1/surf/rh.white
Reading target registration 
 /out/sourcedata/freesurfer/sub-v1s12x0050109_ses-1/surf/rh.sphere.reg
Rescaling ...  original radius = 100
Building target registration hash (res=16).
Building source registration hash (res=16).
INFO: found  1489 nlabel points
Performing mapping from target back to the source label 139230
Number of reverse mapping hits = 55
Checking for and removing duplicates
Writing label file ./rh.BA4p_exvivo.thresh.label 1544
mri_label2label: Done


 mri_label2label --srcsubject fsaverage --srclabel /out/sourcedata/freesurfer/fsaverage/label/rh.BA6_exvivo.thresh.label --trgsubject sub-v1s12x0050109_ses-1 --trglabel ./rh.BA6_exvivo.thresh.label --hemi rh --regmethod surface 


srclabel = /out/sourcedata/freesurfer/fsaverage/label/rh.BA6_exvivo.thresh.label
srcsubject = fsaverage
trgsubject = sub-v1s12x0050109_ses-1
trglabel = ./rh.BA6_exvivo.thresh.label
regmethod = surface

srchemi = rh
trghemi = rh
trgsurface = white
srcsurfreg = sphere.reg
trgsurfreg = sphere.reg
usehash = 1
Use ProjAbs  = 0, 0
Use ProjFrac = 0, 0
DoPaint 0

SUBJECTS_DIR    /out/sourcedata/freesurfer
FREESURFER_HOME /opt/freesurfer
Loading source label.
Found 6959 points in source label.
Starting surface-based mapping
Reading source registration 
 /out/sourcedata/freesurfer/fsaverage/surf/rh.sphere.reg
Rescaling ...  original radius = 100
Reading target surface 
 /out/sourcedata/freesurfer/sub-v1s12x0050109_ses-1/surf/rh.white
Reading target registration 
 /out/sourcedata/freesurfer/sub-v1s12x0050109_ses-1/surf/rh.sphere.reg
Rescaling ...  original radius = 100
Building target registration hash (res=16).
Building source registration hash (res=16).
INFO: found  6959 nlabel points
Performing mapping from target back to the source label 139230
Number of reverse mapping hits = 236
Checking for and removing duplicates
Writing label file ./rh.BA6_exvivo.thresh.label 7195
mri_label2label: Done


 mri_label2label --srcsubject fsaverage --srclabel /out/sourcedata/freesurfer/fsaverage/label/rh.BA44_exvivo.thresh.label --trgsubject sub-v1s12x0050109_ses-1 --trglabel ./rh.BA44_exvivo.thresh.label --hemi rh --regmethod surface 


srclabel = /out/sourcedata/freesurfer/fsaverage/label/rh.BA44_exvivo.thresh.label
srcsubject = fsaverage
trgsubject = sub-v1s12x0050109_ses-1
trglabel = ./rh.BA44_exvivo.thresh.label
regmethod = surface

srchemi = rh
trghemi = rh
trgsurface = white
srcsurfreg = sphere.reg
trgsurfreg = sphere.reg
usehash = 1
Use ProjAbs  = 0, 0
Use ProjFrac = 0, 0
DoPaint 0

SUBJECTS_DIR    /out/sourcedata/freesurfer
FREESURFER_HOME /opt/freesurfer
Loading source label.
Found 1012 points in source label.
Starting surface-based mapping
Reading source registration 
 /out/sourcedata/freesurfer/fsaverage/surf/rh.sphere.reg
Rescaling ...  original radius = 100
Reading target surface 
 /out/sourcedata/freesurfer/sub-v1s12x0050109_ses-1/surf/rh.white
Reading target registration 
 /out/sourcedata/freesurfer/sub-v1s12x0050109_ses-1/surf/rh.sphere.reg
Rescaling ...  original radius = 100
Building target registration hash (res=16).
Building source registration hash (res=16).
INFO: found  1012 nlabel points
Performing mapping from target back to the source label 139230
Number of reverse mapping hits = 113
Checking for and removing duplicates
Writing label file ./rh.BA44_exvivo.thresh.label 1125
mri_label2label: Done


 mri_label2label --srcsubject fsaverage --srclabel /out/sourcedata/freesurfer/fsaverage/label/rh.BA45_exvivo.thresh.label --trgsubject sub-v1s12x0050109_ses-1 --trglabel ./rh.BA45_exvivo.thresh.label --hemi rh --regmethod surface 


srclabel = /out/sourcedata/freesurfer/fsaverage/label/rh.BA45_exvivo.thresh.label
srcsubject = fsaverage
trgsubject = sub-v1s12x0050109_ses-1
trglabel = ./rh.BA45_exvivo.thresh.label
regmethod = surface

srchemi = rh
trghemi = rh
trgsurface = white
srcsurfreg = sphere.reg
trgsurfreg = sphere.reg
usehash = 1
Use ProjAbs  = 0, 0
Use ProjFrac = 0, 0
DoPaint 0

SUBJECTS_DIR    /out/sourcedata/freesurfer
FREESURFER_HOME /opt/freesurfer
Loading source label.
Found 1178 points in source label.
Starting surface-based mapping
Reading source registration 
 /out/sourcedata/freesurfer/fsaverage/surf/rh.sphere.reg
Rescaling ...  original radius = 100
Reading target surface 
 /out/sourcedata/freesurfer/sub-v1s12x0050109_ses-1/surf/rh.white
Reading target registration 
 /out/sourcedata/freesurfer/sub-v1s12x0050109_ses-1/surf/rh.sphere.reg
Rescaling ...  original radius = 100
Building target registration hash (res=16).
Building source registration hash (res=16).
INFO: found  1178 nlabel points
Performing mapping from target back to the source label 139230
Number of reverse mapping hits = 94
Checking for and removing duplicates
Writing label file ./rh.BA45_exvivo.thresh.label 1272
mri_label2label: Done


 mri_label2label --srcsubject fsaverage --srclabel /out/sourcedata/freesurfer/fsaverage/label/rh.V1_exvivo.thresh.label --trgsubject sub-v1s12x0050109_ses-1 --trglabel ./rh.V1_exvivo.thresh.label --hemi rh --regmethod surface 


srclabel = /out/sourcedata/freesurfer/fsaverage/label/rh.V1_exvivo.thresh.label
srcsubject = fsaverage
trgsubject = sub-v1s12x0050109_ses-1
trglabel = ./rh.V1_exvivo.thresh.label
regmethod = surface

srchemi = rh
trghemi = rh
trgsurface = white
srcsurfreg = sphere.reg
trgsurfreg = sphere.reg
usehash = 1
Use ProjAbs  = 0, 0
Use ProjFrac = 0, 0
DoPaint 0

SUBJECTS_DIR    /out/sourcedata/freesurfer
FREESURFER_HOME /opt/freesurfer
Loading source label.
Found 3232 points in source label.
Starting surface-based mapping
Reading source registration 
 /out/sourcedata/freesurfer/fsaverage/surf/rh.sphere.reg
Rescaling ...  original radius = 100
Reading target surface 
 /out/sourcedata/freesurfer/sub-v1s12x0050109_ses-1/surf/rh.white
Reading target registration 
 /out/sourcedata/freesurfer/sub-v1s12x0050109_ses-1/surf/rh.sphere.reg
Rescaling ...  original radius = 100
Building target registration hash (res=16).
Building source registration hash (res=16).
INFO: found  3232 nlabel points
Performing mapping from target back to the source label 139230
Number of reverse mapping hits = 519
Checking for and removing duplicates
Writing label file ./rh.V1_exvivo.thresh.label 3751
mri_label2label: Done


 mri_label2label --srcsubject fsaverage --srclabel /out/sourcedata/freesurfer/fsaverage/label/rh.V2_exvivo.thresh.label --trgsubject sub-v1s12x0050109_ses-1 --trglabel ./rh.V2_exvivo.thresh.label --hemi rh --regmethod surface 


srclabel = /out/sourcedata/freesurfer/fsaverage/label/rh.V2_exvivo.thresh.label
srcsubject = fsaverage
trgsubject = sub-v1s12x0050109_ses-1
trglabel = ./rh.V2_exvivo.thresh.label
regmethod = surface

srchemi = rh
trghemi = rh
trgsurface = white
srcsurfreg = sphere.reg
trgsurfreg = sphere.reg
usehash = 1
Use ProjAbs  = 0, 0
Use ProjFrac = 0, 0
DoPaint 0

SUBJECTS_DIR    /out/sourcedata/freesurfer
FREESURFER_HOME /opt/freesurfer
Loading source label.
Found 3437 points in source label.
Starting surface-based mapping
Reading source registration 
 /out/sourcedata/freesurfer/fsaverage/surf/rh.sphere.reg
Rescaling ...  original radius = 100
Reading target surface 
 /out/sourcedata/freesurfer/sub-v1s12x0050109_ses-1/surf/rh.white
Reading target registration 
 /out/sourcedata/freesurfer/sub-v1s12x0050109_ses-1/surf/rh.sphere.reg
Rescaling ...  original radius = 100
Building target registration hash (res=16).
Building source registration hash (res=16).
INFO: found  3437 nlabel points
Performing mapping from target back to the source label 139230
Number of reverse mapping hits = 913
Checking for and removing duplicates
Writing label file ./rh.V2_exvivo.thresh.label 4350
mri_label2label: Done


 mri_label2label --srcsubject fsaverage --srclabel /out/sourcedata/freesurfer/fsaverage/label/rh.MT_exvivo.thresh.label --trgsubject sub-v1s12x0050109_ses-1 --trglabel ./rh.MT_exvivo.thresh.label --hemi rh --regmethod surface 


srclabel = /out/sourcedata/freesurfer/fsaverage/label/rh.MT_exvivo.thresh.label
srcsubject = fsaverage
trgsubject = sub-v1s12x0050109_ses-1
trglabel = ./rh.MT_exvivo.thresh.label
regmethod = surface

srchemi = rh
trghemi = rh
trgsurface = white
srcsurfreg = sphere.reg
trgsurfreg = sphere.reg
usehash = 1
Use ProjAbs  = 0, 0
Use ProjFrac = 0, 0
DoPaint 0

SUBJECTS_DIR    /out/sourcedata/freesurfer
FREESURFER_HOME /opt/freesurfer
Loading source label.
Found 268 points in source label.
Starting surface-based mapping
Reading source registration 
 /out/sourcedata/freesurfer/fsaverage/surf/rh.sphere.reg
Rescaling ...  original radius = 100
Reading target surface 
 /out/sourcedata/freesurfer/sub-v1s12x0050109_ses-1/surf/rh.white
Reading target registration 
 /out/sourcedata/freesurfer/sub-v1s12x0050109_ses-1/surf/rh.sphere.reg
Rescaling ...  original radius = 100
Building target registration hash (res=16).
Building source registration hash (res=16).
INFO: found  268 nlabel points
Performing mapping from target back to the source label 139230
Number of reverse mapping hits = 74
Checking for and removing duplicates
Writing label file ./rh.MT_exvivo.thresh.label 342
mri_label2label: Done


 mri_label2label --srcsubject fsaverage --srclabel /out/sourcedata/freesurfer/fsaverage/label/rh.entorhinal_exvivo.thresh.label --trgsubject sub-v1s12x0050109_ses-1 --trglabel ./rh.entorhinal_exvivo.thresh.label --hemi rh --regmethod surface 


srclabel = /out/sourcedata/freesurfer/fsaverage/label/rh.entorhinal_exvivo.thresh.label
srcsubject = fsaverage
trgsubject = sub-v1s12x0050109_ses-1
trglabel = ./rh.entorhinal_exvivo.thresh.label
regmethod = surface

srchemi = rh
trghemi = rh
trgsurface = white
srcsurfreg = sphere.reg
trgsurfreg = sphere.reg
usehash = 1
Use ProjAbs  = 0, 0
Use ProjFrac = 0, 0
DoPaint 0

SUBJECTS_DIR    /out/sourcedata/freesurfer
FREESURFER_HOME /opt/freesurfer
Loading source label.
Found 694 points in source label.
Starting surface-based mapping
Reading source registration 
 /out/sourcedata/freesurfer/fsaverage/surf/rh.sphere.reg
Rescaling ...  original radius = 100
Reading target surface 
 /out/sourcedata/freesurfer/sub-v1s12x0050109_ses-1/surf/rh.white
Reading target registration 
 /out/sourcedata/freesurfer/sub-v1s12x0050109_ses-1/surf/rh.sphere.reg
Rescaling ...  original radius = 100
Building target registration hash (res=16).
Building source registration hash (res=16).
INFO: found  694 nlabel points
Performing mapping from target back to the source label 139230
Number of reverse mapping hits = 54
Checking for and removing duplicates
Writing label file ./rh.entorhinal_exvivo.thresh.label 748
mri_label2label: Done


 mri_label2label --srcsubject fsaverage --srclabel /out/sourcedata/freesurfer/fsaverage/label/rh.perirhinal_exvivo.thresh.label --trgsubject sub-v1s12x0050109_ses-1 --trglabel ./rh.perirhinal_exvivo.thresh.label --hemi rh --regmethod surface 


srclabel = /out/sourcedata/freesurfer/fsaverage/label/rh.perirhinal_exvivo.thresh.label
srcsubject = fsaverage
trgsubject = sub-v1s12x0050109_ses-1
trglabel = ./rh.perirhinal_exvivo.thresh.label
regmethod = surface

srchemi = rh
trghemi = rh
trgsurface = white
srcsurfreg = sphere.reg
trgsurfreg = sphere.reg
usehash = 1
Use ProjAbs  = 0, 0
Use ProjFrac = 0, 0
DoPaint 0

SUBJECTS_DIR    /out/sourcedata/freesurfer
FREESURFER_HOME /opt/freesurfer
Loading source label.
Found 291 points in source label.
Starting surface-based mapping
Reading source registration 
 /out/sourcedata/freesurfer/fsaverage/surf/rh.sphere.reg
Rescaling ...  original radius = 100
Reading target surface 
 /out/sourcedata/freesurfer/sub-v1s12x0050109_ses-1/surf/rh.white
Reading target registration 
 /out/sourcedata/freesurfer/sub-v1s12x0050109_ses-1/surf/rh.sphere.reg
Rescaling ...  original radius = 100
Building target registration hash (res=16).
Building source registration hash (res=16).
INFO: found  291 nlabel points
Performing mapping from target back to the source label 139230
Number of reverse mapping hits = 7
Checking for and removing duplicates
Writing label file ./rh.perirhinal_exvivo.thresh.label 298
mri_label2label: Done


 mris_label2annot --s sub-v1s12x0050109_ses-1 --hemi rh --ctab /opt/freesurfer/average/colortable_BA.txt --l rh.BA1_exvivo.label --l rh.BA2_exvivo.label --l rh.BA3a_exvivo.label --l rh.BA3b_exvivo.label --l rh.BA4a_exvivo.label --l rh.BA4p_exvivo.label --l rh.BA6_exvivo.label --l rh.BA44_exvivo.label --l rh.BA45_exvivo.label --l rh.V1_exvivo.label --l rh.V2_exvivo.label --l rh.MT_exvivo.label --l rh.perirhinal_exvivo.label --l rh.entorhinal_exvivo.label --a BA_exvivo --maxstatwinner --noverbose 

Reading ctab /opt/freesurfer/average/colortable_BA.txt
Number of ctab entries 15

7.3.2
cwd /out/sourcedata/freesurfer/sub-v1s12x0050109_ses-1/label
cmdline mris_label2annot --s sub-v1s12x0050109_ses-1 --hemi rh --ctab /opt/freesurfer/average/colortable_BA.txt --l rh.BA1_exvivo.label --l rh.BA2_exvivo.label --l rh.BA3a_exvivo.label --l rh.BA3b_exvivo.label --l rh.BA4a_exvivo.label --l rh.BA4p_exvivo.label --l rh.BA6_exvivo.label --l rh.BA44_exvivo.label --l rh.BA45_exvivo.label --l rh.V1_exvivo.label --l rh.V2_exvivo.label --l rh.MT_exvivo.label --l rh.perirhinal_exvivo.label --l rh.entorhinal_exvivo.label --a BA_exvivo --maxstatwinner --noverbose 
sysname  Linux
hostname dna070
machine  x86_64
user     oesteban

subject sub-v1s12x0050109_ses-1
hemi    rh
SUBJECTS_DIR /out/sourcedata/freesurfer
ColorTable /opt/freesurfer/average/colortable_BA.txt
AnnotName  BA_exvivo
nlables 14
LabelThresh 0 0.000000
Loading /out/sourcedata/freesurfer/sub-v1s12x0050109_ses-1/surf/rh.orig
 1 1530880 BA1_exvivo
 2 16749699 BA2_exvivo
 3 16711680 BA3a_exvivo
 4 3368703 BA3b_exvivo
 5 1376196 BA4a_exvivo
 6 13382655 BA4p_exvivo
 7 10036737 BA6_exvivo
 8 2490521 BA44_exvivo
 9 39283 BA45_exvivo
10 3993 V1_exvivo
11 8508928 V2_exvivo
12 10027163 MT_exvivo
13 16422433 perirhinal_exvivo
14 16392598 entorhinal_exvivo
Mapping unhit to unknown
Found 99134 unhit vertices
Writing annot to /out/sourcedata/freesurfer/sub-v1s12x0050109_ses-1/label/rh.BA_exvivo.annot

 mris_label2annot --s sub-v1s12x0050109_ses-1 --hemi rh --ctab /opt/freesurfer/average/colortable_BA.txt --l rh.BA1_exvivo.thresh.label --l rh.BA2_exvivo.thresh.label --l rh.BA3a_exvivo.thresh.label --l rh.BA3b_exvivo.thresh.label --l rh.BA4a_exvivo.thresh.label --l rh.BA4p_exvivo.thresh.label --l rh.BA6_exvivo.thresh.label --l rh.BA44_exvivo.thresh.label --l rh.BA45_exvivo.thresh.label --l rh.V1_exvivo.thresh.label --l rh.V2_exvivo.thresh.label --l rh.MT_exvivo.thresh.label --l rh.perirhinal_exvivo.thresh.label --l rh.entorhinal_exvivo.thresh.label --a BA_exvivo.thresh --maxstatwinner --noverbose 

Reading ctab /opt/freesurfer/average/colortable_BA.txt
Number of ctab entries 15

7.3.2
cwd /out/sourcedata/freesurfer/sub-v1s12x0050109_ses-1/label
cmdline mris_label2annot --s sub-v1s12x0050109_ses-1 --hemi rh --ctab /opt/freesurfer/average/colortable_BA.txt --l rh.BA1_exvivo.thresh.label --l rh.BA2_exvivo.thresh.label --l rh.BA3a_exvivo.thresh.label --l rh.BA3b_exvivo.thresh.label --l rh.BA4a_exvivo.thresh.label --l rh.BA4p_exvivo.thresh.label --l rh.BA6_exvivo.thresh.label --l rh.BA44_exvivo.thresh.label --l rh.BA45_exvivo.thresh.label --l rh.V1_exvivo.thresh.label --l rh.V2_exvivo.thresh.label --l rh.MT_exvivo.thresh.label --l rh.perirhinal_exvivo.thresh.label --l rh.entorhinal_exvivo.thresh.label --a BA_exvivo.thresh --maxstatwinner --noverbose 
sysname  Linux
hostname dna070
machine  x86_64
user     oesteban

subject sub-v1s12x0050109_ses-1
hemi    rh
SUBJECTS_DIR /out/sourcedata/freesurfer
ColorTable /opt/freesurfer/average/colortable_BA.txt
AnnotName  BA_exvivo.thresh
nlables 14
LabelThresh 0 0.000000
Loading /out/sourcedata/freesurfer/sub-v1s12x0050109_ses-1/surf/rh.orig
 1 1530880 BA1_exvivo
 2 16749699 BA2_exvivo
 3 16711680 BA3a_exvivo
 4 3368703 BA3b_exvivo
 5 1376196 BA4a_exvivo
 6 13382655 BA4p_exvivo
 7 10036737 BA6_exvivo
 8 2490521 BA44_exvivo
 9 39283 BA45_exvivo
10 3993 V1_exvivo
11 8508928 V2_exvivo
12 10027163 MT_exvivo
13 16422433 perirhinal_exvivo
14 16392598 entorhinal_exvivo
Mapping unhit to unknown
Found 116602 unhit vertices
Writing annot to /out/sourcedata/freesurfer/sub-v1s12x0050109_ses-1/label/rh.BA_exvivo.thresh.annot

 mris_anatomical_stats -th3 -mgz -noglobal -f ../stats/rh.BA_exvivo.stats -b -a ./rh.BA_exvivo.annot -c ./BA_exvivo.ctab sub-v1s12x0050109_ses-1 rh white 

computing statistics for each annotation in ./rh.BA_exvivo.annot.
reading volume /out/sourcedata/freesurfer/sub-v1s12x0050109_ses-1/mri/wm.mgz...
reading input surface /out/sourcedata/freesurfer/sub-v1s12x0050109_ses-1/surf/rh.white...
reading input pial surface /out/sourcedata/freesurfer/sub-v1s12x0050109_ses-1/surf/rh.pial...
reading input white surface /out/sourcedata/freesurfer/sub-v1s12x0050109_ses-1/surf/rh.white...
INFO: using TH3 volume calc
INFO: assuming MGZ format for volumes.
INFO: not computing global stats
Using TH3 vertex volume calc
Total face volume 244413
Total vertex volume 244195 (mask=0)
Saving annotation colortable ./BA_exvivo.ctab

table columns are:
    number of vertices
    total surface area (mm^2)
    total gray matter volume (mm^3)
    average cortical thickness +- standard deviation (mm)
    integrated rectified mean curvature
    integrated rectified Gaussian curvature
    folding index
    intrinsic curvature index
    structure name

  922    562   1868  2.519 0.710     0.131     0.032       11     1.2  BA1_exvivo
 3508   2286   4575  2.065 0.521     0.121     0.025       30     3.8  BA2_exvivo
 1112    740   1005  1.745 0.435     0.136     0.026       12     1.2  BA3a_exvivo
 1920   1268   2470  1.703 0.656     0.108     0.019       14     1.7  BA3b_exvivo
 1768   1033   2514  2.178 0.641     0.111     0.030       16     2.4  BA4a_exvivo
 1382    888   1747  2.020 0.511     0.108     0.023        9     1.4  BA4p_exvivo
 8064   5250  15862  2.613 0.659     0.115     0.027       69     8.6  BA6_exvivo
 3435   2306   6263  2.562 0.512     0.115     0.022       33     2.9  BA44_exvivo
 3827   2644   7868  2.614 0.630     0.120     0.024       41     3.8  BA45_exvivo
 3463   2445   4185  1.629 0.559     0.132     0.034       41     4.9  V1_exvivo
 7666   5461  11181  1.895 0.592     0.149     0.037      107    12.5  V2_exvivo
 2059   1498   3357  2.311 0.480     0.137     0.031       25     2.8  MT_exvivo
  361    239    682  2.704 0.544     0.073     0.017        1     0.2  perirhinal_exvivo
  609    399   1903  3.084 0.966     0.133     0.044        7     1.1  entorhinal_exvivo

 mris_anatomical_stats -th3 -mgz -f ../stats/rh.BA_exvivo.thresh.stats -noglobal -b -a ./rh.BA_exvivo.thresh.annot -c ./BA_exvivo.thresh.ctab sub-v1s12x0050109_ses-1 rh white 

computing statistics for each annotation in ./rh.BA_exvivo.thresh.annot.
reading volume /out/sourcedata/freesurfer/sub-v1s12x0050109_ses-1/mri/wm.mgz...
reading input surface /out/sourcedata/freesurfer/sub-v1s12x0050109_ses-1/surf/rh.white...
reading input pial surface /out/sourcedata/freesurfer/sub-v1s12x0050109_ses-1/surf/rh.pial...
reading input white surface /out/sourcedata/freesurfer/sub-v1s12x0050109_ses-1/surf/rh.white...
INFO: using TH3 volume calc
INFO: assuming MGZ format for volumes.
INFO: not computing global stats
Using TH3 vertex volume calc
Total face volume 244413
Total vertex volume 244195 (mask=0)
Saving annotation colortable ./BA_exvivo.thresh.ctab

table columns are:
    number of vertices
    total surface area (mm^2)
    total gray matter volume (mm^3)
    average cortical thickness +- standard deviation (mm)
    integrated rectified mean curvature
    integrated rectified Gaussian curvature
    folding index
    intrinsic curvature index
    structure name

  636    395   1222  2.274 0.716     0.141     0.037        8     1.0  BA1_exvivo
 1923   1241   2778  2.173 0.557     0.113     0.024       14     1.9  BA2_exvivo
 1024    678    832  1.697 0.372     0.144     0.028       12     1.2  BA3a_exvivo
 1498    998   1484  1.451 0.355     0.096     0.016        9     1.1  BA3b_exvivo
 1076    628   1552  2.202 0.675     0.127     0.037       13     1.8  BA4a_exvivo
 1135    719   1376  1.994 0.512     0.106     0.022        7     1.2  BA4p_exvivo
 5099   3300  10108  2.614 0.667     0.117     0.027       43     5.7  BA6_exvivo
  911    613   1900  2.591 0.576     0.114     0.023       11     0.8  BA44_exvivo
 1045    723   2070  2.347 0.623     0.121     0.021       12     0.9  BA45_exvivo
 3298   2317   3841  1.604 0.527     0.127     0.032       36     4.4  V1_exvivo
 4039   2962   5953  1.854 0.634     0.158     0.042       66     7.6  V2_exvivo
  331    235    525  2.262 0.422     0.146     0.027        4     0.5  MT_exvivo
   37     22     58  2.759 0.474     0.049     0.007        0     0.0  perirhinal_exvivo
  576    373   1748  3.179 0.680     0.106     0.032        4     0.8  entorhinal_exvivo

Started at Sat Apr 4 13:15:46 CEST 2026 
Ended   at Sat Apr 4 13:18:01 CEST 2026
#@#%# recon-all-run-time-hours 0.038
recon-all -s sub-v1s12x0050109_ses-1 finished without error at Sat Apr  4 13:18:01 CEST 2026
