
Sat Apr  4 12:51:16 CEST 2026
cd /out/sourcedata/freesurfer/sub-v1s12x0050113_ses-1
setenv SUBJECTS_DIR /out/sourcedata/freesurfer
/opt/freesurfer/bin/recon-all -autorecon-hemi lh -noparcstats -noparcstats2 -noparcstats3 -nohyporelabel -nobalabels -lh-only -openmp 16 -subjid sub-v1s12x0050113_ses-1 -sd /out/sourcedata/freesurfer

subjid sub-v1s12x0050113_ses-1
setenv SUBJECTS_DIR /out/sourcedata/freesurfer
FREESURFER_HOME /opt/freesurfer
Actual FREESURFER_HOME /opt/freesurfer
build-stamp.txt: freesurfer-linux-ubuntu22_x86_64-7.3.2-20220804-6354275
Linux dna070 5.14.0-427.37.1.el9_4.x86_64 #1 SMP PREEMPT_DYNAMIC Fri Sep 13 12:41:50 EDT 2024 x86_64 x86_64 x86_64 GNU/Linux
cputime      unlimited
filesize     unlimited
datasize     unlimited
stacksize    8192 kbytes
coredumpsize 0 kbytes
memoryuse    67108864 kbytes
vmemoryuse   unlimited
descriptors  1024 
memorylocked unlimited
maxproc      2061970 
maxlocks     unlimited
maxsignal    2062029 
maxmessage   819200 
maxnice      0 
maxrtprio    0 
maxrttime    unlimited

               total        used        free      shared  buff/cache   available
Mem:           503Gi        48Gi       282Gi        16Gi       171Gi       434Gi
Swap:             0B          0B          0B

########################################
program versions used
7.3.2 (freesurfer-linux-ubuntu22_x86_64-7.3.2-20220804-6354275)
7.3.2

ProgramName: lta_convert  ProgramArguments: lta_convert -all-info  ProgramVersion: 7.3.2  TimeStamp: 2026/04/04-10:51:16-GMT  BuildTime: Aug  4 2022 06:17:15  BuildStamp: freesurfer-linux-ubuntu22_x86_64-7.3.2-20220804-6354275  User: oesteban  Machine: dna070  Platform: Linux  PlatformVersion: 5.14.0-427.37.1.el9_4.x86_64  CompilerName: GCC  CompilerVersion: 8.4.0
ProgramName: mri_and  ProgramArguments: mri_and -all-info  ProgramVersion: 7.3.2  TimeStamp: 2026/04/04-10:51:16-GMT  BuildTime: Aug  4 2022 06:17:15  BuildStamp: freesurfer-linux-ubuntu22_x86_64-7.3.2-20220804-6354275  User: oesteban  Machine: dna070  Platform: Linux  PlatformVersion: 5.14.0-427.37.1.el9_4.x86_64  CompilerName: GCC  CompilerVersion: 8.4.0
ProgramName: mri_annotation2label  ProgramArguments: mri_annotation2label -all-info  ProgramVersion: 7.3.2  TimeStamp: 2026/04/04-10:51:16-GMT  BuildTime: Aug  4 2022 06:17:15  BuildStamp: freesurfer-linux-ubuntu22_x86_64-7.3.2-20220804-6354275  User: oesteban  Machine: dna070  Platform: Linux  PlatformVersion: 5.14.0-427.37.1.el9_4.x86_64  CompilerName: GCC  CompilerVersion: 8.4.0
ProgramName: mri_aparc2aseg  ProgramArguments: mri_aparc2aseg -all-info  ProgramVersion: 7.3.2  TimeStamp: 2026/04/04-10:51:16-GMT  BuildTime: Aug  4 2022 06:17:15  BuildStamp: freesurfer-linux-ubuntu22_x86_64-7.3.2-20220804-6354275  User: oesteban  Machine: dna070  Platform: Linux  PlatformVersion: 5.14.0-427.37.1.el9_4.x86_64  CompilerName: GCC  CompilerVersion: 8.4.0
ProgramName: mri_surf2volseg  ProgramArguments: mri_surf2volseg -all-info  ProgramVersion: 7.3.2  TimeStamp: 2026/04/04-10:51:16-GMT  BuildTime: Aug  4 2022 06:17:15  BuildStamp: freesurfer-linux-ubuntu22_x86_64-7.3.2-20220804-6354275  User: oesteban  Machine: dna070  Platform: Linux  PlatformVersion: 5.14.0-427.37.1.el9_4.x86_64  CompilerName: GCC  CompilerVersion: 8.4.0
ProgramName: mri_binarize  ProgramArguments: mri_binarize -all-info  ProgramVersion: 7.3.2  TimeStamp: 2026/04/04-10:51:16-GMT  BuildTime: Aug  4 2022 06:17:15  BuildStamp: freesurfer-linux-ubuntu22_x86_64-7.3.2-20220804-6354275  User: oesteban  Machine: dna070  Platform: Linux  PlatformVersion: 5.14.0-427.37.1.el9_4.x86_64  CompilerName: GCC  CompilerVersion: 8.4.0
ProgramName: mri_ca_label  ProgramArguments: mri_ca_label -all-info  ProgramVersion: 7.3.2  TimeStamp: 2026/04/04-10:51:16-GMT  BuildTime: Aug  4 2022 06:17:15  BuildStamp: freesurfer-linux-ubuntu22_x86_64-7.3.2-20220804-6354275  User: oesteban  Machine: dna070  Platform: Linux  PlatformVersion: 5.14.0-427.37.1.el9_4.x86_64  CompilerName: GCC  CompilerVersion: 8.4.0
ProgramName: mri_ca_normalize  ProgramArguments: mri_ca_normalize -all-info  ProgramVersion: 7.3.2  TimeStamp: 2026/04/04-10:51:16-GMT  BuildTime: Aug  4 2022 06:17:15  BuildStamp: freesurfer-linux-ubuntu22_x86_64-7.3.2-20220804-6354275  User: oesteban  Machine: dna070  Platform: Linux  PlatformVersion: 5.14.0-427.37.1.el9_4.x86_64  CompilerName: GCC  CompilerVersion: 8.4.0
ProgramName: mri_ca_register  ProgramArguments: mri_ca_register -all-info  ProgramVersion: 7.3.2  TimeStamp: 2026/04/04-10:51:16-GMT  BuildTime: Aug  4 2022 06:17:15  BuildStamp: freesurfer-linux-ubuntu22_x86_64-7.3.2-20220804-6354275  User: oesteban  Machine: dna070  Platform: Linux  PlatformVersion: 5.14.0-427.37.1.el9_4.x86_64  CompilerName: GCC  CompilerVersion: 8.4.0
ProgramName: mri_cc  ProgramArguments: mri_cc -all-info  ProgramVersion: 7.3.2  TimeStamp: 2026/04/04-10:51:16-GMT  BuildTime: Aug  4 2022 06:17:15  BuildStamp: freesurfer-linux-ubuntu22_x86_64-7.3.2-20220804-6354275  User: oesteban  Machine: dna070  Platform: Linux  PlatformVersion: 5.14.0-427.37.1.el9_4.x86_64  CompilerName: GCC  CompilerVersion: 8.4.0
ProgramName: mri_compute_overlap  ProgramArguments: mri_compute_overlap -all-info  ProgramVersion: 7.3.2  TimeStamp: 2026/04/04-10:51:16-GMT  BuildTime: Aug  4 2022 06:17:15  BuildStamp: freesurfer-linux-ubuntu22_x86_64-7.3.2-20220804-6354275  User: oesteban  Machine: dna070  Platform: Linux  PlatformVersion: 5.14.0-427.37.1.el9_4.x86_64  CompilerName: GCC  CompilerVersion: 8.4.0
ProgramName: mri_compute_seg_overlap  ProgramArguments: mri_compute_seg_overlap -all-info  ProgramVersion: 7.3.2  TimeStamp: 2026/04/04-10:51:16-GMT  BuildTime: Aug  4 2022 06:17:15  BuildStamp: freesurfer-linux-ubuntu22_x86_64-7.3.2-20220804-6354275  User: oesteban  Machine: dna070  Platform: Linux  PlatformVersion: 5.14.0-427.37.1.el9_4.x86_64  CompilerName: GCC  CompilerVersion: 8.4.0
ProgramName: mri_concat  ProgramArguments: mri_concat -all-info  ProgramVersion: 7.3.2  TimeStamp: 2026/04/04-10:51:16-GMT  BuildTime: Aug  4 2022 06:17:15  BuildStamp: freesurfer-linux-ubuntu22_x86_64-7.3.2-20220804-6354275  User: oesteban  Machine: dna070  Platform: Linux  PlatformVersion: 5.14.0-427.37.1.el9_4.x86_64  CompilerName: GCC  CompilerVersion: 8.4.0
ProgramName: mri_concatenate_lta  ProgramArguments: mri_concatenate_lta -all-info  ProgramVersion: 7.3.2  TimeStamp: 2026/04/04-10:51:16-GMT  BuildTime: Aug  4 2022 06:17:15  BuildStamp: freesurfer-linux-ubuntu22_x86_64-7.3.2-20220804-6354275  User: oesteban  Machine: dna070  Platform: Linux  PlatformVersion: 5.14.0-427.37.1.el9_4.x86_64  CompilerName: GCC  CompilerVersion: 8.4.0
mri_convert -all-info 
ProgramName: mri_convert  ProgramArguments: mri_convert -all-info  ProgramVersion: 7.3.2  TimeStamp: 2026/04/04-10:51:16-GMT  BuildTime: Aug  4 2022 06:17:15  BuildStamp: freesurfer-linux-ubuntu22_x86_64-7.3.2-20220804-6354275  User: oesteban  Machine: dna070  Platform: Linux  PlatformVersion: 5.14.0-427.37.1.el9_4.x86_64  CompilerName: GCC  CompilerVersion: 8.4.0
ProgramName: mri_diff  ProgramArguments: mri_diff -all-info  ProgramVersion: 7.3.2  TimeStamp: 2026/04/04-10:51:16-GMT  BuildTime: Aug  4 2022 06:17:15  BuildStamp: freesurfer-linux-ubuntu22_x86_64-7.3.2-20220804-6354275  User: oesteban  Machine: dna070  Platform: Linux  PlatformVersion: 5.14.0-427.37.1.el9_4.x86_64  CompilerName: GCC  CompilerVersion: 8.4.0
ProgramName: mri_edit_wm_with_aseg  ProgramArguments: mri_edit_wm_with_aseg -all-info  ProgramVersion: 7.3.2  TimeStamp: 2026/04/04-10:51:16-GMT  BuildTime: Aug  4 2022 06:17:15  BuildStamp: freesurfer-linux-ubuntu22_x86_64-7.3.2-20220804-6354275  User: oesteban  Machine: dna070  Platform: Linux  PlatformVersion: 5.14.0-427.37.1.el9_4.x86_64  CompilerName: GCC  CompilerVersion: 8.4.0
ProgramName: mri_em_register  ProgramArguments: mri_em_register -all-info  ProgramVersion: 7.3.2  TimeStamp: 2026/04/04-10:51:16-GMT  BuildTime: Aug  4 2022 06:17:15  BuildStamp: freesurfer-linux-ubuntu22_x86_64-7.3.2-20220804-6354275  User: oesteban  Machine: dna070  Platform: Linux  PlatformVersion: 5.14.0-427.37.1.el9_4.x86_64  CompilerName: GCC  CompilerVersion: 8.4.0
ProgramName: mri_fill  ProgramArguments: mri_fill -all-info  ProgramVersion: 7.3.2  TimeStamp: 2026/04/04-10:51:16-GMT  BuildTime: Aug  4 2022 06:17:15  BuildStamp: freesurfer-linux-ubuntu22_x86_64-7.3.2-20220804-6354275  User: oesteban  Machine: dna070  Platform: Linux  PlatformVersion: 5.14.0-427.37.1.el9_4.x86_64  CompilerName: GCC  CompilerVersion: 8.4.0
ProgramName: mri_fuse_segmentations  ProgramArguments: mri_fuse_segmentations -all-info  ProgramVersion: 7.3.2  TimeStamp: 2026/04/04-10:51:16-GMT  BuildTime: Aug  4 2022 06:17:15  BuildStamp: freesurfer-linux-ubuntu22_x86_64-7.3.2-20220804-6354275  User: oesteban  Machine: dna070  Platform: Linux  PlatformVersion: 5.14.0-427.37.1.el9_4.x86_64  CompilerName: GCC  CompilerVersion: 8.4.0
ProgramName: mri_fwhm  ProgramArguments: mri_fwhm -all-info  ProgramVersion: 7.3.2  TimeStamp: 2026/04/04-10:51:16-GMT  BuildTime: Aug  4 2022 06:17:15  BuildStamp: freesurfer-linux-ubuntu22_x86_64-7.3.2-20220804-6354275  User: oesteban  Machine: dna070  Platform: Linux  PlatformVersion: 5.14.0-427.37.1.el9_4.x86_64  CompilerName: GCC  CompilerVersion: 8.4.0
ProgramName: mri_gcut  ProgramArguments: mri_gcut -all-info  ProgramVersion: 7.3.2  TimeStamp: 2026/04/04-10:51:16-GMT  BuildTime: Aug  4 2022 06:17:15  BuildStamp: freesurfer-linux-ubuntu22_x86_64-7.3.2-20220804-6354275  User: oesteban  Machine: dna070  Platform: Linux  PlatformVersion: 5.14.0-427.37.1.el9_4.x86_64  CompilerName: GCC  CompilerVersion: 8.4.0
ProgramName: mri_info  ProgramArguments: mri_info -all-info  ProgramVersion: 7.3.2  TimeStamp: 2026/04/04-10:51:16-GMT  BuildTime: Aug  4 2022 06:17:15  BuildStamp: freesurfer-linux-ubuntu22_x86_64-7.3.2-20220804-6354275  User: oesteban  Machine: dna070  Platform: Linux  PlatformVersion: 5.14.0-427.37.1.el9_4.x86_64  CompilerName: GCC  CompilerVersion: 8.4.0
ProgramName: mri_label2label  ProgramArguments: mri_label2label -all-info  ProgramVersion: 7.3.2  TimeStamp: 2026/04/04-10:51:16-GMT  BuildTime: Aug  4 2022 06:17:15  BuildStamp: freesurfer-linux-ubuntu22_x86_64-7.3.2-20220804-6354275  User: oesteban  Machine: dna070  Platform: Linux  PlatformVersion: 5.14.0-427.37.1.el9_4.x86_64  CompilerName: GCC  CompilerVersion: 8.4.0
ProgramName: mri_label2vol  ProgramArguments: mri_label2vol -all-info  ProgramVersion: 7.3.2  TimeStamp: 2026/04/04-10:51:16-GMT  BuildTime: Aug  4 2022 06:17:15  BuildStamp: freesurfer-linux-ubuntu22_x86_64-7.3.2-20220804-6354275  User: oesteban  Machine: dna070  Platform: Linux  PlatformVersion: 5.14.0-427.37.1.el9_4.x86_64  CompilerName: GCC  CompilerVersion: 8.4.0
ProgramName: mri_log_likelihood  ProgramArguments: mri_log_likelihood -all-info  ProgramVersion: 7.3.2  TimeStamp: 2026/04/04-10:51:16-GMT  BuildTime: Aug  4 2022 06:17:15  BuildStamp: freesurfer-linux-ubuntu22_x86_64-7.3.2-20220804-6354275  User: oesteban  Machine: dna070  Platform: Linux  PlatformVersion: 5.14.0-427.37.1.el9_4.x86_64  CompilerName: GCC  CompilerVersion: 8.4.0
ProgramName: mri_mask  ProgramArguments: mri_mask -all-info  ProgramVersion: 7.3.2  TimeStamp: 2026/04/04-10:51:16-GMT  BuildTime: Aug  4 2022 06:17:15  BuildStamp: freesurfer-linux-ubuntu22_x86_64-7.3.2-20220804-6354275  User: oesteban  Machine: dna070  Platform: Linux  PlatformVersion: 5.14.0-427.37.1.el9_4.x86_64  CompilerName: GCC  CompilerVersion: 8.4.0
ProgramName: mri_matrix_multiply  ProgramArguments: mri_matrix_multiply -all-info  ProgramVersion: 7.3.2  TimeStamp: 2026/04/04-10:51:16-GMT  BuildTime: Aug  4 2022 06:17:15  BuildStamp: freesurfer-linux-ubuntu22_x86_64-7.3.2-20220804-6354275  User: oesteban  Machine: dna070  Platform: Linux  PlatformVersion: 5.14.0-427.37.1.el9_4.x86_64  CompilerName: GCC  CompilerVersion: 8.4.0
ProgramName: mri_normalize  ProgramArguments: mri_normalize -all-info  ProgramVersion: 7.3.2  TimeStamp: 2026/04/04-10:51:16-GMT  BuildTime: Aug  4 2022 06:17:15  BuildStamp: freesurfer-linux-ubuntu22_x86_64-7.3.2-20220804-6354275  User: oesteban  Machine: dna070  Platform: Linux  PlatformVersion: 5.14.0-427.37.1.el9_4.x86_64  CompilerName: GCC  CompilerVersion: 8.4.0
ProgramName: mri_normalize_tp2  ProgramArguments: mri_normalize_tp2 -all-info  ProgramVersion: 7.3.2  TimeStamp: 2026/04/04-10:51:16-GMT  BuildTime: Aug  4 2022 06:17:15  BuildStamp: freesurfer-linux-ubuntu22_x86_64-7.3.2-20220804-6354275  User: oesteban  Machine: dna070  Platform: Linux  PlatformVersion: 5.14.0-427.37.1.el9_4.x86_64  CompilerName: GCC  CompilerVersion: 8.4.0
ProgramName: mri_or  ProgramArguments: mri_or -all-info  ProgramVersion: 7.3.2  TimeStamp: 2026/04/04-10:51:16-GMT  BuildTime: Aug  4 2022 06:17:15  BuildStamp: freesurfer-linux-ubuntu22_x86_64-7.3.2-20220804-6354275  User: oesteban  Machine: dna070  Platform: Linux  PlatformVersion: 5.14.0-427.37.1.el9_4.x86_64  CompilerName: GCC  CompilerVersion: 8.4.0
ProgramName: mri_relabel_hypointensities  ProgramArguments: mri_relabel_hypointensities -all-info  ProgramVersion: 7.3.2  TimeStamp: 2026/04/04-10:51:16-GMT  BuildTime: Aug  4 2022 06:17:15  BuildStamp: freesurfer-linux-ubuntu22_x86_64-7.3.2-20220804-6354275  User: oesteban  Machine: dna070  Platform: Linux  PlatformVersion: 5.14.0-427.37.1.el9_4.x86_64  CompilerName: GCC  CompilerVersion: 8.4.0
ProgramName: mri_relabel_nonwm_hypos  ProgramArguments: mri_relabel_nonwm_hypos -all-info  ProgramVersion: 7.3.2  TimeStamp: 2026/04/04-10:51:16-GMT  BuildTime: Aug  4 2022 06:17:15  BuildStamp: freesurfer-linux-ubuntu22_x86_64-7.3.2-20220804-6354275  User: oesteban  Machine: dna070  Platform: Linux  PlatformVersion: 5.14.0-427.37.1.el9_4.x86_64  CompilerName: GCC  CompilerVersion: 8.4.0
ProgramName: mri_remove_neck  ProgramArguments: mri_remove_neck -all-info  ProgramVersion: 7.3.2  TimeStamp: 2026/04/04-10:51:16-GMT  BuildTime: Aug  4 2022 06:17:15  BuildStamp: freesurfer-linux-ubuntu22_x86_64-7.3.2-20220804-6354275  User: oesteban  Machine: dna070  Platform: Linux  PlatformVersion: 5.14.0-427.37.1.el9_4.x86_64  CompilerName: GCC  CompilerVersion: 8.4.0
7.3.2

ProgramName: mri_robust_register  ProgramArguments: mri_robust_register -all-info  ProgramVersion: 7.3.2  TimeStamp: 2026/04/04-10:51:16-GMT  BuildTime: Aug  4 2022 06:17:15  BuildStamp: freesurfer-linux-ubuntu22_x86_64-7.3.2-20220804-6354275  User: oesteban  Machine: dna070  Platform: Linux  PlatformVersion: 5.14.0-427.37.1.el9_4.x86_64  CompilerName: GCC  CompilerVersion: 8.4.0
7.3.2

ProgramName: mri_robust_template  ProgramArguments: mri_robust_template -all-info  ProgramVersion: 7.3.2  TimeStamp: 2026/04/04-10:51:16-GMT  BuildTime: Aug  4 2022 06:17:15  BuildStamp: freesurfer-linux-ubuntu22_x86_64-7.3.2-20220804-6354275  User: oesteban  Machine: dna070  Platform: Linux  PlatformVersion: 5.14.0-427.37.1.el9_4.x86_64  CompilerName: GCC  CompilerVersion: 8.4.0
ProgramName: mris_anatomical_stats  ProgramArguments: mris_anatomical_stats -all-info  ProgramVersion: 7.3.2  TimeStamp: 2026/04/04-10:51:16-GMT  BuildTime: Aug  4 2022 06:17:15  BuildStamp: freesurfer-linux-ubuntu22_x86_64-7.3.2-20220804-6354275  User: oesteban  Machine: dna070  Platform: Linux  PlatformVersion: 5.14.0-427.37.1.el9_4.x86_64  CompilerName: GCC  CompilerVersion: 8.4.0
ProgramName: mris_ca_label  ProgramArguments: mris_ca_label -all-info  ProgramVersion: 7.3.2  TimeStamp: 2026/04/04-10:51:16-GMT  BuildTime: Aug  4 2022 06:17:15  BuildStamp: freesurfer-linux-ubuntu22_x86_64-7.3.2-20220804-6354275  User: oesteban  Machine: dna070  Platform: Linux  PlatformVersion: 5.14.0-427.37.1.el9_4.x86_64  CompilerName: GCC  CompilerVersion: 8.4.0
ProgramName: mris_calc  ProgramArguments: mris_calc -all-info  ProgramVersion: 7.3.2  TimeStamp: 2026/04/04-10:51:16-GMT  BuildTime: Aug  4 2022 06:17:15  BuildStamp: freesurfer-linux-ubuntu22_x86_64-7.3.2-20220804-6354275  User: oesteban  Machine: dna070  Platform: Linux  PlatformVersion: 5.14.0-427.37.1.el9_4.x86_64  CompilerName: GCC  CompilerVersion: 8.4.0
ProgramName: mris_convert  ProgramArguments: mris_convert -all-info  ProgramVersion: 7.3.2  TimeStamp: 2026/04/04-10:51:16-GMT  BuildTime: Aug  4 2022 06:17:15  BuildStamp: freesurfer-linux-ubuntu22_x86_64-7.3.2-20220804-6354275  User: oesteban  Machine: dna070  Platform: Linux  PlatformVersion: 5.14.0-427.37.1.el9_4.x86_64  CompilerName: GCC  CompilerVersion: 8.4.0
ProgramName: mris_curvature  ProgramArguments: mris_curvature -all-info  ProgramVersion: 7.3.2  TimeStamp: 2026/04/04-10:51:16-GMT  BuildTime: Aug  4 2022 06:17:15  BuildStamp: freesurfer-linux-ubuntu22_x86_64-7.3.2-20220804-6354275  User: oesteban  Machine: dna070  Platform: Linux  PlatformVersion: 5.14.0-427.37.1.el9_4.x86_64  CompilerName: GCC  CompilerVersion: 8.4.0
ProgramName: mris_curvature_stats  ProgramArguments: mris_curvature_stats -all-info  ProgramVersion: 7.3.2  TimeStamp: 2026/04/04-10:51:16-GMT  BuildTime: Aug  4 2022 06:17:15  BuildStamp: freesurfer-linux-ubuntu22_x86_64-7.3.2-20220804-6354275  User: oesteban  Machine: dna070  Platform: Linux  PlatformVersion: 5.14.0-427.37.1.el9_4.x86_64  CompilerName: GCC  CompilerVersion: 8.4.0
ProgramName: mris_diff  ProgramArguments: mris_diff -all-info  ProgramVersion: 7.3.2  TimeStamp: 2026/04/04-10:51:16-GMT  BuildTime: Aug  4 2022 06:17:15  BuildStamp: freesurfer-linux-ubuntu22_x86_64-7.3.2-20220804-6354275  User: oesteban  Machine: dna070  Platform: Linux  PlatformVersion: 5.14.0-427.37.1.el9_4.x86_64  CompilerName: GCC  CompilerVersion: 8.4.0
ProgramName: mris_divide_parcellation  ProgramArguments: mris_divide_parcellation -all-info  ProgramVersion: 7.3.2  TimeStamp: 2026/04/04-10:51:16-GMT  BuildTime: Aug  4 2022 06:17:15  BuildStamp: freesurfer-linux-ubuntu22_x86_64-7.3.2-20220804-6354275  User: oesteban  Machine: dna070  Platform: Linux  PlatformVersion: 5.14.0-427.37.1.el9_4.x86_64  CompilerName: GCC  CompilerVersion: 8.4.0
ProgramName: mri_segment  ProgramArguments: mri_segment -all-info  ProgramVersion: 7.3.2  TimeStamp: 2026/04/04-10:51:16-GMT  BuildTime: Aug  4 2022 06:17:15  BuildStamp: freesurfer-linux-ubuntu22_x86_64-7.3.2-20220804-6354275  User: oesteban  Machine: dna070  Platform: Linux  PlatformVersion: 5.14.0-427.37.1.el9_4.x86_64  CompilerName: GCC  CompilerVersion: 8.4.0
ProgramName: mri_segstats  ProgramArguments: mri_segstats -all-info  ProgramVersion: 7.3.2  TimeStamp: 2026/04/04-10:51:16-GMT  BuildTime: Aug  4 2022 06:17:15  BuildStamp: freesurfer-linux-ubuntu22_x86_64-7.3.2-20220804-6354275  User: oesteban  Machine: dna070  Platform: Linux  PlatformVersion: 5.14.0-427.37.1.el9_4.x86_64  CompilerName: GCC  CompilerVersion: 8.4.0
ProgramName: mris_euler_number  ProgramArguments: mris_euler_number -all-info  ProgramVersion: 7.3.2  TimeStamp: 2026/04/04-10:51:16-GMT  BuildTime: Aug  4 2022 06:17:15  BuildStamp: freesurfer-linux-ubuntu22_x86_64-7.3.2-20220804-6354275  User: oesteban  Machine: dna070  Platform: Linux  PlatformVersion: 5.14.0-427.37.1.el9_4.x86_64  CompilerName: GCC  CompilerVersion: 8.4.0
ProgramName: mris_fix_topology  ProgramArguments: mris_fix_topology -all-info  ProgramVersion: 7.3.2  TimeStamp: 2026/04/04-10:51:16-GMT  BuildTime: Aug  4 2022 06:17:15  BuildStamp: freesurfer-linux-ubuntu22_x86_64-7.3.2-20220804-6354275  User: oesteban  Machine: dna070  Platform: Linux  PlatformVersion: 5.14.0-427.37.1.el9_4.x86_64  CompilerName: GCC  CompilerVersion: 8.4.0
ProgramName: mris_topo_fixer  ProgramArguments: mris_topo_fixer -all-info  ProgramVersion: 7.3.2  TimeStamp: 2026/04/04-10:51:16-GMT  BuildTime: Aug  4 2022 06:17:15  BuildStamp: freesurfer-linux-ubuntu22_x86_64-7.3.2-20220804-6354275  User: oesteban  Machine: dna070  Platform: Linux  PlatformVersion: 5.14.0-427.37.1.el9_4.x86_64  CompilerName: GCC  CompilerVersion: 8.4.0
ProgramName: mris_jacobian  ProgramArguments: mris_jacobian -all-info  ProgramVersion: 7.3.2  TimeStamp: 2026/04/04-10:51:16-GMT  BuildTime: Aug  4 2022 06:17:15  BuildStamp: freesurfer-linux-ubuntu22_x86_64-7.3.2-20220804-6354275  User: oesteban  Machine: dna070  Platform: Linux  PlatformVersion: 5.14.0-427.37.1.el9_4.x86_64  CompilerName: GCC  CompilerVersion: 8.4.0
ProgramName: mris_label2annot  ProgramArguments: mris_label2annot -all-info  ProgramVersion: 7.3.2  TimeStamp: 2026/04/04-10:51:16-GMT  BuildTime: Aug  4 2022 06:17:15  BuildStamp: freesurfer-linux-ubuntu22_x86_64-7.3.2-20220804-6354275  User: oesteban  Machine: dna070  Platform: Linux  PlatformVersion: 5.14.0-427.37.1.el9_4.x86_64  CompilerName: GCC  CompilerVersion: 8.4.0
ProgramName: mris_left_right_register  ProgramArguments: mris_left_right_register -all-info  ProgramVersion: 7.3.2  TimeStamp: 2026/04/04-10:51:16-GMT  BuildTime: Aug  4 2022 06:17:15  BuildStamp: freesurfer-linux-ubuntu22_x86_64-7.3.2-20220804-6354275  User: oesteban  Machine: dna070  Platform: Linux  PlatformVersion: 5.14.0-427.37.1.el9_4.x86_64  CompilerName: GCC  CompilerVersion: 8.4.0
ProgramName: mris_place_surface  ProgramArguments: mris_place_surface -all-info  ProgramVersion: 7.3.2  TimeStamp: 2026/04/04-10:51:16-GMT  BuildTime: Aug  4 2022 06:17:15  BuildStamp: freesurfer-linux-ubuntu22_x86_64-7.3.2-20220804-6354275  User: oesteban  Machine: dna070  Platform: Linux  PlatformVersion: 5.14.0-427.37.1.el9_4.x86_64  CompilerName: GCC  CompilerVersion: 8.4.0
ProgramName: mrisp_paint  ProgramArguments: mrisp_paint -all-info  ProgramVersion: 7.3.2  TimeStamp: 2026/04/04-10:51:16-GMT  BuildTime: Aug  4 2022 06:17:15  BuildStamp: freesurfer-linux-ubuntu22_x86_64-7.3.2-20220804-6354275  User: oesteban  Machine: dna070  Platform: Linux  PlatformVersion: 5.14.0-427.37.1.el9_4.x86_64  CompilerName: GCC  CompilerVersion: 8.4.0
ProgramName: mris_register  ProgramArguments: mris_register -all-info  ProgramVersion: 7.3.2  TimeStamp: 2026/04/04-10:51:16-GMT  BuildTime: Aug  4 2022 06:17:15  BuildStamp: freesurfer-linux-ubuntu22_x86_64-7.3.2-20220804-6354275  User: oesteban  Machine: dna070  Platform: Linux  PlatformVersion: 5.14.0-427.37.1.el9_4.x86_64  CompilerName: GCC  CompilerVersion: 8.4.0
ProgramName: mris_smooth  ProgramArguments: mris_smooth -all-info  ProgramVersion: 7.3.2  TimeStamp: 2026/04/04-10:51:16-GMT  BuildTime: Aug  4 2022 06:17:15  BuildStamp: freesurfer-linux-ubuntu22_x86_64-7.3.2-20220804-6354275  User: oesteban  Machine: dna070  Platform: Linux  PlatformVersion: 5.14.0-427.37.1.el9_4.x86_64  CompilerName: GCC  CompilerVersion: 8.4.0
ProgramName: mris_sphere  ProgramArguments: mris_sphere -all-info  ProgramVersion: 7.3.2  TimeStamp: 2026/04/04-10:51:16-GMT  BuildTime: Aug  4 2022 06:17:15  BuildStamp: freesurfer-linux-ubuntu22_x86_64-7.3.2-20220804-6354275  User: oesteban  Machine: dna070  Platform: Linux  PlatformVersion: 5.14.0-427.37.1.el9_4.x86_64  CompilerName: GCC  CompilerVersion: 8.4.0
ProgramName: mris_surface_stats  ProgramArguments: mris_surface_stats -all-info  ProgramVersion: 7.3.2  TimeStamp: 2026/04/04-10:51:16-GMT  BuildTime: Aug  4 2022 06:17:15  BuildStamp: freesurfer-linux-ubuntu22_x86_64-7.3.2-20220804-6354275  User: oesteban  Machine: dna070  Platform: Linux  PlatformVersion: 5.14.0-427.37.1.el9_4.x86_64  CompilerName: GCC  CompilerVersion: 8.4.0
ProgramName: mri_stats2seg  ProgramArguments: mri_stats2seg -all-info  ProgramVersion: 7.3.2  TimeStamp: 2026/04/04-10:51:16-GMT  BuildTime: Aug  4 2022 06:17:15  BuildStamp: freesurfer-linux-ubuntu22_x86_64-7.3.2-20220804-6354275  User: oesteban  Machine: dna070  Platform: Linux  PlatformVersion: 5.14.0-427.37.1.el9_4.x86_64  CompilerName: GCC  CompilerVersion: 8.4.0
ProgramName: mris_thickness  ProgramArguments: mris_thickness -all-info  ProgramVersion: 7.3.2  TimeStamp: 2026/04/04-10:51:16-GMT  BuildTime: Aug  4 2022 06:17:15  BuildStamp: freesurfer-linux-ubuntu22_x86_64-7.3.2-20220804-6354275  User: oesteban  Machine: dna070  Platform: Linux  PlatformVersion: 5.14.0-427.37.1.el9_4.x86_64  CompilerName: GCC  CompilerVersion: 8.4.0
ProgramName: mris_thickness_diff  ProgramArguments: mris_thickness_diff -all-info  ProgramVersion: 7.3.2  TimeStamp: 2026/04/04-10:51:16-GMT  BuildTime: Aug  4 2022 06:17:15  BuildStamp: freesurfer-linux-ubuntu22_x86_64-7.3.2-20220804-6354275  User: oesteban  Machine: dna070  Platform: Linux  PlatformVersion: 5.14.0-427.37.1.el9_4.x86_64  CompilerName: GCC  CompilerVersion: 8.4.0
ProgramName: mris_topo_fixer  ProgramArguments: mris_topo_fixer -all-info  ProgramVersion: 7.3.2  TimeStamp: 2026/04/04-10:51:16-GMT  BuildTime: Aug  4 2022 06:17:15  BuildStamp: freesurfer-linux-ubuntu22_x86_64-7.3.2-20220804-6354275  User: oesteban  Machine: dna070  Platform: Linux  PlatformVersion: 5.14.0-427.37.1.el9_4.x86_64  CompilerName: GCC  CompilerVersion: 8.4.0
ProgramName: mri_surf2surf  ProgramArguments: mri_surf2surf -all-info  ProgramVersion: 7.3.2  TimeStamp: 2026/04/04-10:51:16-GMT  BuildTime: Aug  4 2022 06:17:15  BuildStamp: freesurfer-linux-ubuntu22_x86_64-7.3.2-20220804-6354275  User: oesteban  Machine: dna070  Platform: Linux  PlatformVersion: 5.14.0-427.37.1.el9_4.x86_64  CompilerName: GCC  CompilerVersion: 8.4.0
ProgramName: mri_surf2vol  ProgramArguments: mri_surf2vol -all-info  ProgramVersion: 7.3.2  TimeStamp: 2026/04/04-10:51:17-GMT  BuildTime: Aug  4 2022 06:17:15  BuildStamp: freesurfer-linux-ubuntu22_x86_64-7.3.2-20220804-6354275  User: oesteban  Machine: dna070  Platform: Linux  PlatformVersion: 5.14.0-427.37.1.el9_4.x86_64  CompilerName: GCC  CompilerVersion: 8.4.0
ProgramName: mri_surfcluster  ProgramArguments: mri_surfcluster -all-info  ProgramVersion: 7.3.2  TimeStamp: 2026/04/04-10:51:17-GMT  BuildTime: Aug  4 2022 06:17:15  BuildStamp: freesurfer-linux-ubuntu22_x86_64-7.3.2-20220804-6354275  User: oesteban  Machine: dna070  Platform: Linux  PlatformVersion: 5.14.0-427.37.1.el9_4.x86_64  CompilerName: GCC  CompilerVersion: 8.4.0
ProgramName: mris_volmask  ProgramArguments: mris_volmask -all-info  ProgramVersion: 7.3.2  TimeStamp: 2026/04/04-10:51:17-GMT  BuildTime: Aug  4 2022 06:17:15  BuildStamp: freesurfer-linux-ubuntu22_x86_64-7.3.2-20220804-6354275  User: oesteban  Machine: dna070  Platform: Linux  PlatformVersion: 5.14.0-427.37.1.el9_4.x86_64  CompilerName: GCC  CompilerVersion: 8.4.0
ProgramName: mri_tessellate  ProgramArguments: mri_tessellate -all-info  ProgramVersion: 7.3.2  TimeStamp: 2026/04/04-10:51:17-GMT  BuildTime: Aug  4 2022 06:17:15  BuildStamp: freesurfer-linux-ubuntu22_x86_64-7.3.2-20220804-6354275  User: oesteban  Machine: dna070  Platform: Linux  PlatformVersion: 5.14.0-427.37.1.el9_4.x86_64  CompilerName: GCC  CompilerVersion: 8.4.0
ProgramName: mri_vol2surf  ProgramArguments: mri_vol2surf -all-info  ProgramVersion: 7.3.2  TimeStamp: 2026/04/04-10:51:17-GMT  BuildTime: Aug  4 2022 06:17:15  BuildStamp: freesurfer-linux-ubuntu22_x86_64-7.3.2-20220804-6354275  User: oesteban  Machine: dna070  Platform: Linux  PlatformVersion: 5.14.0-427.37.1.el9_4.x86_64  CompilerName: GCC  CompilerVersion: 8.4.0
ProgramName: mri_vol2vol  ProgramArguments: mri_vol2vol -all-info  ProgramVersion: 7.3.2  TimeStamp: 2026/04/04-10:51:17-GMT  BuildTime: Aug  4 2022 06:17:15  BuildStamp: freesurfer-linux-ubuntu22_x86_64-7.3.2-20220804-6354275  User: oesteban  Machine: dna070  Platform: Linux  PlatformVersion: 5.14.0-427.37.1.el9_4.x86_64  CompilerName: GCC  CompilerVersion: 8.4.0
ProgramName: mri_voldiff  ProgramArguments: mri_voldiff -all-info  ProgramVersion: 7.3.2  TimeStamp: 2026/04/04-10:51:17-GMT  BuildTime: Aug  4 2022 06:17:15  BuildStamp: freesurfer-linux-ubuntu22_x86_64-7.3.2-20220804-6354275  User: oesteban  Machine: dna070  Platform: Linux  PlatformVersion: 5.14.0-427.37.1.el9_4.x86_64  CompilerName: GCC  CompilerVersion: 8.4.0
ProgramName: mri_watershed  ProgramArguments: mri_watershed -all-info  ProgramVersion: 7.3.2  TimeStamp: 2026/04/04-10:51:17-GMT  BuildTime: Aug  4 2022 06:17:15  BuildStamp: freesurfer-linux-ubuntu22_x86_64-7.3.2-20220804-6354275  User: oesteban  Machine: dna070  Platform: Linux  PlatformVersion: 5.14.0-427.37.1.el9_4.x86_64  CompilerName: GCC  CompilerVersion: 8.4.0
ProgramName: tkregister2  ProgramArguments: tkregister2_cmdl -all-info  ProgramVersion: 7.3.2  TimeStamp: 2026/04/04-10:51:17-GMT  BuildTime: Aug  4 2022 06:17:15  BuildStamp: freesurfer-linux-ubuntu22_x86_64-7.3.2-20220804-6354275  User: oesteban  Machine: dna070  Platform: Linux  PlatformVersion: 5.14.0-427.37.1.el9_4.x86_64  CompilerName: GCC  CompilerVersion: 8.4.0
mri_motion_correct.fsl 7.3.2
mri_convert -all-info 
ProgramName: mri_convert  ProgramArguments: mri_convert -all-info  ProgramVersion: 7.3.2  TimeStamp: 2026/04/04-10:51:17-GMT  BuildTime: Aug  4 2022 06:17:15  BuildStamp: freesurfer-linux-ubuntu22_x86_64-7.3.2-20220804-6354275  User: oesteban  Machine: dna070  Platform: Linux  PlatformVersion: 5.14.0-427.37.1.el9_4.x86_64  CompilerName: GCC  CompilerVersion: 8.4.0
Program nu_correct, built from:
Package MNI N3, version 1.12.0, compiled by nicks@terrier (x86_64-unknown-linux-gnu) on 2015-06-19 at 01:25:34
#######################################
GCADIR /opt/freesurfer/average
GCA RB_all_2020-01-02.gca
GCASkull RB_all_withskull_2020_01_02.gca
AvgCurvTif folding.atlas.acfb40.noaparc.i12.2016-08-02.tif
GCSDIR /opt/freesurfer/average
GCS DKaparc.atlas.acfb40.noaparc.i12.2016-08-02.gcs
#######################################
#--------------------------------------------
#@# Tessellate lh Sat Apr  4 12:51:17 CEST 2026
/out/sourcedata/freesurfer/sub-v1s12x0050113_ses-1/scripts

 mri_pretess ../mri/filled.mgz 255 ../mri/norm.mgz ../mri/filled-pretess255.mgz 


Iteration Number : 1
pass   1 (xy+):   1 found -   1 modified     |    TOTAL:   1
pass   2 (xy+):   0 found -   1 modified     |    TOTAL:   1
pass   1 (xy-):   0 found -   0 modified     |    TOTAL:   1
pass   1 (yz+):  11 found -  11 modified     |    TOTAL:  12
pass   2 (yz+):   0 found -  11 modified     |    TOTAL:  12
pass   1 (yz-):   9 found -   9 modified     |    TOTAL:  21
pass   2 (yz-):   0 found -   9 modified     |    TOTAL:  21
pass   1 (xz+):   0 found -   0 modified     |    TOTAL:  21
pass   1 (xz-):   3 found -   3 modified     |    TOTAL:  24
pass   2 (xz-):   0 found -   3 modified     |    TOTAL:  24
Iteration Number : 1
pass   1 (+++):   0 found -   0 modified     |    TOTAL:   0
pass   1 (+++):   0 found -   0 modified     |    TOTAL:   0
pass   1 (+++):   0 found -   0 modified     |    TOTAL:   0
pass   1 (+++):   0 found -   0 modified     |    TOTAL:   0
Iteration Number : 1
pass   1 (++):   0 found -   0 modified     |    TOTAL:   0
pass   1 (+-):   1 found -   1 modified     |    TOTAL:   1
pass   2 (+-):   0 found -   1 modified     |    TOTAL:   1
pass   1 (--):   0 found -   0 modified     |    TOTAL:   1
pass   1 (-+):   0 found -   0 modified     |    TOTAL:   1
Iteration Number : 2
pass   1 (xy+):   0 found -   0 modified     |    TOTAL:   0
pass   1 (xy-):   0 found -   0 modified     |    TOTAL:   0
pass   1 (yz+):   1 found -   1 modified     |    TOTAL:   1
pass   2 (yz+):   0 found -   1 modified     |    TOTAL:   1
pass   1 (yz-):   0 found -   0 modified     |    TOTAL:   1
pass   1 (xz+):   0 found -   0 modified     |    TOTAL:   1
pass   1 (xz-):   1 found -   1 modified     |    TOTAL:   2
pass   2 (xz-):   0 found -   1 modified     |    TOTAL:   2
Iteration Number : 2
pass   1 (+++):   0 found -   0 modified     |    TOTAL:   0
pass   1 (+++):   0 found -   0 modified     |    TOTAL:   0
pass   1 (+++):   0 found -   0 modified     |    TOTAL:   0
pass   1 (+++):   0 found -   0 modified     |    TOTAL:   0
Iteration Number : 2
pass   1 (++):   0 found -   0 modified     |    TOTAL:   0
pass   1 (+-):   0 found -   0 modified     |    TOTAL:   0
pass   1 (--):   0 found -   0 modified     |    TOTAL:   0
pass   1 (-+):   0 found -   0 modified     |    TOTAL:   0
Iteration Number : 3
pass   1 (xy+):   0 found -   0 modified     |    TOTAL:   0
pass   1 (xy-):   0 found -   0 modified     |    TOTAL:   0
pass   1 (yz+):   0 found -   0 modified     |    TOTAL:   0
pass   1 (yz-):   0 found -   0 modified     |    TOTAL:   0
pass   1 (xz+):   0 found -   0 modified     |    TOTAL:   0
pass   1 (xz-):   0 found -   0 modified     |    TOTAL:   0
Iteration Number : 3
pass   1 (+++):   0 found -   0 modified     |    TOTAL:   0
pass   1 (+++):   0 found -   0 modified     |    TOTAL:   0
pass   1 (+++):   0 found -   0 modified     |    TOTAL:   0
pass   1 (+++):   0 found -   0 modified     |    TOTAL:   0
Iteration Number : 3
pass   1 (++):   0 found -   0 modified     |    TOTAL:   0
pass   1 (+-):   0 found -   0 modified     |    TOTAL:   0
pass   1 (--):   0 found -   0 modified     |    TOTAL:   0
pass   1 (-+):   0 found -   0 modified     |    TOTAL:   0

Total Number of Modified Voxels = 27 (out of 249395: 0.010826)
Ambiguous edge configurations... 

mri_pretess done


 mri_tessellate ../mri/filled-pretess255.mgz 255 ../surf/lh.orig.nofix 

7.3.2
  7.3.2
slice 40: 2713 vertices, 2894 faces
slice 50: 9168 vertices, 9413 faces
slice 60: 17823 vertices, 18151 faces
slice 70: 28287 vertices, 28658 faces
slice 80: 38230 vertices, 38553 faces
slice 90: 48226 vertices, 48571 faces
slice 100: 58480 vertices, 58826 faces
slice 110: 68426 vertices, 68781 faces
slice 120: 78112 vertices, 78463 faces
slice 130: 87267 vertices, 87637 faces
slice 140: 96475 vertices, 96826 faces
slice 150: 104222 vertices, 104508 faces
slice 160: 111201 vertices, 111458 faces
slice 170: 116931 vertices, 117144 faces
slice 180: 121631 vertices, 121795 faces
slice 190: 124876 vertices, 125002 faces
slice 200: 125758 vertices, 125784 faces
slice 210: 125758 vertices, 125784 faces
slice 220: 125758 vertices, 125784 faces
slice 230: 125758 vertices, 125784 faces
slice 240: 125758 vertices, 125784 faces
slice 250: 125758 vertices, 125784 faces
using the conformed surface RAS to save vertex points...
writing ../surf/lh.orig.nofix
using vox2ras matrix:
-1.00000   0.00000   0.00000   128.00000;
 0.00000   0.00000   1.00000  -128.00000;
 0.00000  -1.00000   0.00000   128.00000;
 0.00000   0.00000   0.00000   1.00000;

 rm -f ../mri/filled-pretess255.mgz 


 mris_extract_main_component ../surf/lh.orig.nofix ../surf/lh.orig.nofix 


counting number of connected components...
   125758 voxel in cpt #1: X=-26 [v=125758,e=377352,f=251568] located at (-30.357735, -22.428864, 9.942254)
For the whole surface: X=-26 [v=125758,e=377352,f=251568]
One single component has been found
nothing to do
done

#--------------------------------------------
#@# Smooth1 lh Sat Apr  4 12:51:19 CEST 2026
/out/sourcedata/freesurfer/sub-v1s12x0050113_ses-1/scripts

 mris_smooth -nw -seed 1234 ../surf/lh.orig.nofix ../surf/lh.smoothwm.nofix 

setting seed for random number generator to 1234
smoothing surface tessellation for 10 iterations...
smoothing complete - recomputing first and second fundamental forms...
#--------------------------------------------
#@# Inflation1 lh Sat Apr  4 12:51:22 CEST 2026
/out/sourcedata/freesurfer/sub-v1s12x0050113_ses-1/scripts

 mris_inflate -no-save-sulc ../surf/lh.smoothwm.nofix ../surf/lh.inflated.nofix 

Not saving sulc
Reading ../surf/lh.smoothwm.nofix
avg radius = 46.3 mm, total surface area = 67961 mm^2
step 000: RMS=0.148 (target=0.015)   step 005: RMS=0.112 (target=0.015)   step 010: RMS=0.081 (target=0.015)   step 015: RMS=0.067 (target=0.015)   step 020: RMS=0.058 (target=0.015)   step 025: RMS=0.051 (target=0.015)   step 030: RMS=0.045 (target=0.015)   step 035: RMS=0.041 (target=0.015)   step 040: RMS=0.038 (target=0.015)   step 045: RMS=0.037 (target=0.015)   step 050: RMS=0.034 (target=0.015)   step 055: RMS=0.034 (target=0.015)   step 060: RMS=0.034 (target=0.015)   writing inflated surface to ../surf/lh.inflated.nofix
inflation took 0.2 minutes

inflation complete.
Not saving sulc
mris_inflate utimesec    48.798680
mris_inflate stimesec    1.746021
mris_inflate ru_maxrss   198916
mris_inflate ru_ixrss    0
mris_inflate ru_idrss    0
mris_inflate ru_isrss    0
mris_inflate ru_minflt   450524
mris_inflate ru_majflt   48
mris_inflate ru_nswap    0
mris_inflate ru_inblock  1672
mris_inflate ru_oublock  8848
mris_inflate ru_msgsnd   0
mris_inflate ru_msgrcv   0
mris_inflate ru_nsignals 0
mris_inflate ru_nvcsw    5226
mris_inflate ru_nivcsw   209
#--------------------------------------------
#@# QSphere lh Sat Apr  4 12:51:34 CEST 2026
/out/sourcedata/freesurfer/sub-v1s12x0050113_ses-1/scripts

 mris_sphere -q -p 6 -a 128 -seed 1234 ../surf/lh.inflated.nofix ../surf/lh.qsphere.nofix 

doing quick spherical unfolding.
limitting unfolding to 6 passes
using n_averages = 128
setting seed for random number genererator to 1234
version: 7.3.2
available threads: 16
scaling brain by 0.308...
inflating...
projecting onto sphere...
surface projected - minimizing metric distortion...
vertex spacing 1.03 +- 0.60 (0.00-->7.66) (max @ vno 49990 --> 51021)
face area 0.03 +- 0.03 (-0.11-->0.49)
Entering MRISinflateToSphere()
inflating to sphere (rms error < 2.00)
000: dt: 0.0000, rms radial error=177.190, avgs=0
005/300: dt: 0.9000, rms radial error=176.931, avgs=0
010/300: dt: 0.9000, rms radial error=176.376, avgs=0
015/300: dt: 0.9000, rms radial error=175.646, avgs=0
020/300: dt: 0.9000, rms radial error=174.815, avgs=0
025/300: dt: 0.9000, rms radial error=173.929, avgs=0
030/300: dt: 0.9000, rms radial error=173.010, avgs=0
035/300: dt: 0.9000, rms radial error=172.074, avgs=0
040/300: dt: 0.9000, rms radial error=171.130, avgs=0
045/300: dt: 0.9000, rms radial error=170.184, avgs=0
050/300: dt: 0.9000, rms radial error=169.238, avgs=0
055/300: dt: 0.9000, rms radial error=168.296, avgs=0
060/300: dt: 0.9000, rms radial error=167.357, avgs=0
065/300: dt: 0.9000, rms radial error=166.422, avgs=0
070/300: dt: 0.9000, rms radial error=165.491, avgs=0
075/300: dt: 0.9000, rms radial error=164.566, avgs=0
080/300: dt: 0.9000, rms radial error=163.644, avgs=0
085/300: dt: 0.9000, rms radial error=162.728, avgs=0
090/300: dt: 0.9000, rms radial error=161.816, avgs=0
095/300: dt: 0.9000, rms radial error=160.909, avgs=0
100/300: dt: 0.9000, rms radial error=160.007, avgs=0
105/300: dt: 0.9000, rms radial error=159.110, avgs=0
110/300: dt: 0.9000, rms radial error=158.217, avgs=0
115/300: dt: 0.9000, rms radial error=157.330, avgs=0
120/300: dt: 0.9000, rms radial error=156.447, avgs=0
125/300: dt: 0.9000, rms radial error=155.569, avgs=0
130/300: dt: 0.9000, rms radial error=154.695, avgs=0
135/300: dt: 0.9000, rms radial error=153.827, avgs=0
140/300: dt: 0.9000, rms radial error=152.963, avgs=0
145/300: dt: 0.9000, rms radial error=152.104, avgs=0
150/300: dt: 0.9000, rms radial error=151.250, avgs=0
155/300: dt: 0.9000, rms radial error=150.400, avgs=0
160/300: dt: 0.9000, rms radial error=149.555, avgs=0
165/300: dt: 0.9000, rms radial error=148.715, avgs=0
170/300: dt: 0.9000, rms radial error=147.879, avgs=0
175/300: dt: 0.9000, rms radial error=147.048, avgs=0
180/300: dt: 0.9000, rms radial error=146.221, avgs=0
185/300: dt: 0.9000, rms radial error=145.399, avgs=0
190/300: dt: 0.9000, rms radial error=144.581, avgs=0
195/300: dt: 0.9000, rms radial error=143.768, avgs=0
200/300: dt: 0.9000, rms radial error=142.960, avgs=0
205/300: dt: 0.9000, rms radial error=142.155, avgs=0
210/300: dt: 0.9000, rms radial error=141.356, avgs=0
215/300: dt: 0.9000, rms radial error=140.560, avgs=0
220/300: dt: 0.9000, rms radial error=139.769, avgs=0
225/300: dt: 0.9000, rms radial error=138.983, avgs=0
230/300: dt: 0.9000, rms radial error=138.201, avgs=0
235/300: dt: 0.9000, rms radial error=137.423, avgs=0
240/300: dt: 0.9000, rms radial error=136.649, avgs=0
245/300: dt: 0.9000, rms radial error=135.880, avgs=0
250/300: dt: 0.9000, rms radial error=135.115, avgs=0
255/300: dt: 0.9000, rms radial error=134.355, avgs=0
260/300: dt: 0.9000, rms radial error=133.598, avgs=0
265/300: dt: 0.9000, rms radial error=132.846, avgs=0
270/300: dt: 0.9000, rms radial error=132.098, avgs=0
275/300: dt: 0.9000, rms radial error=131.354, avgs=0
280/300: dt: 0.9000, rms radial error=130.615, avgs=0
285/300: dt: 0.9000, rms radial error=129.879, avgs=0
290/300: dt: 0.9000, rms radial error=129.148, avgs=0
295/300: dt: 0.9000, rms radial error=128.420, avgs=0
300/300: dt: 0.9000, rms radial error=127.697, avgs=0

spherical inflation complete.
epoch 1 (K=10.0), pass 1, starting sse = 14692.78
taking momentum steps...
taking momentum steps...
taking momentum steps...
taking momentum steps...
pass 1 complete, delta sse/iter = 0.00/13 = 0.00035
epoch 2 (K=40.0), pass 1, starting sse = 2398.94
taking momentum steps...
taking momentum steps...
taking momentum steps...
taking momentum steps...
pass 1 complete, delta sse/iter = 0.00/13 = 0.00026
epoch 3 (K=160.0), pass 1, starting sse = 232.31
taking momentum steps...
taking momentum steps...
taking momentum steps...
taking momentum steps...
pass 1 complete, delta sse/iter = 0.13/15 = 0.00843
epoch 4 (K=640.0), pass 1, starting sse = 11.40
taking momentum steps...
taking momentum steps...
taking momentum steps...
taking momentum steps...
pass 1 complete, delta sse/iter = 0.14/22 = 0.00652
final distance error %100000.00
writing spherical brain to ../surf/lh.qsphere.nofix
spherical transformation took 0.0154 hours
FSRUNTIME@ mris_sphere  0.0154 hours 16 threads
#VMPC# mris_sphere VmPeak  1540648
mris_sphere done
#@# Fix Topology lh Sat Apr  4 12:52:30 CEST 2026

 mris_fix_topology -mgz -sphere qsphere.nofix -inflated inflated.nofix -orig orig.nofix -out orig.premesh -ga -seed 1234 sub-v1s12x0050113_ses-1 lh 

reading spherical homeomorphism from 'qsphere.nofix'
reading inflated coordinates from 'inflated.nofix'
reading original coordinates from 'orig.nofix'
using genetic algorithm with optimized parameters
setting seed for random number genererator to 1234

*************************************************************
Topology Correction Parameters
retessellation mode:           genetic search
number of patches/generation : 10
number of generations :        10
surface mri loglikelihood coefficient :         1.0
volume mri loglikelihood coefficient :          10.0
normal dot loglikelihood coefficient :          1.0
quadratic curvature loglikelihood coefficient : 1.0
volume resolution :                             2
eliminate vertices during search :              1
initial patch selection :                       1
select all defect vertices :                    0
ordering dependant retessellation:              0
use precomputed edge table :                    0
smooth retessellated patch :                    2
match retessellated patch :                     1
verbose mode :                                  0

*************************************************************
INFO: assuming .mgz format
writing corrected surface to 'orig.premesh'
7.3.2
  7.3.2
before topology correction, eno=-26 (nv=125758, nf=251568, ne=377352, g=14)
using quasi-homeomorphic spherical map to tessellate cortical surface...

Correction of the Topology
Finding true center and radius of Spherical Surface...done
Surface centered at (0,0,0) with radius 100.0 in 10 iterations
marking ambiguous vertices...
3362 ambiguous faces found in tessellation
segmenting defects...
18 defects found, arbitrating ambiguous regions...
analyzing neighboring defects...
      -merging segment 9 into 6
17 defects to be corrected 
0 vertices coincident
reading input surface /out/sourcedata/freesurfer/sub-v1s12x0050113_ses-1/surf/lh.qsphere.nofix...
reading brain volume from brain...
reading wm segmentation from wm...
Reading original properties of orig.nofix
Reading vertex positions of inflated.nofix
Computing Initial Surface Statistics
      -face       loglikelihood: -9.0751  (-4.5375)
      -vertex     loglikelihood: -6.0215  (-3.0107)
      -normal dot loglikelihood: -3.6453  (-3.6453)
      -quad curv  loglikelihood: -6.1593  (-3.0796)
      Total Loglikelihood : -24.9011
CORRECTING DEFECT 0 (vertices=26, convex hull=46, v0=5363)
After retessellation of defect 0 (v0=5363), euler #=-15 (123802,370837,247020) : difference with theory (-14) = 1 
CORRECTING DEFECT 1 (vertices=20, convex hull=48, v0=43406)
After retessellation of defect 1 (v0=43406), euler #=-14 (123815,370897,247068) : difference with theory (-13) = 1 
CORRECTING DEFECT 2 (vertices=625, convex hull=208, v0=48982)
After retessellation of defect 2 (v0=48982), euler #=-13 (123902,371262,247347) : difference with theory (-12) = 1 
CORRECTING DEFECT 3 (vertices=39, convex hull=32, v0=55901)
After retessellation of defect 3 (v0=55901), euler #=-12 (123908,371288,247368) : difference with theory (-11) = 1 
CORRECTING DEFECT 4 (vertices=9, convex hull=25, v0=56197)
After retessellation of defect 4 (v0=56197), euler #=-11 (123910,371300,247379) : difference with theory (-10) = 1 
CORRECTING DEFECT 5 (vertices=169, convex hull=203, v0=68364)
After retessellation of defect 5 (v0=68364), euler #=-10 (124006,371684,247668) : difference with theory (-9) = 1 
CORRECTING DEFECT 6 (vertices=410, convex hull=327, v0=69920)
After retessellation of defect 6 (v0=69920), euler #=-8 (124079,372065,247978) : difference with theory (-8) = 0 
CORRECTING DEFECT 7 (vertices=29, convex hull=57, v0=82271)
After retessellation of defect 7 (v0=82271), euler #=-7 (124090,372117,248020) : difference with theory (-7) = 0 
CORRECTING DEFECT 8 (vertices=97, convex hull=44, v0=85164)
After retessellation of defect 8 (v0=85164), euler #=-6 (124099,372159,248054) : difference with theory (-6) = 0 
CORRECTING DEFECT 9 (vertices=13, convex hull=16, v0=89770)
After retessellation of defect 9 (v0=89770), euler #=-5 (124102,372171,248064) : difference with theory (-5) = 0 
CORRECTING DEFECT 10 (vertices=136, convex hull=66, v0=91498)
After retessellation of defect 10 (v0=91498), euler #=-4 (124128,372277,248145) : difference with theory (-4) = 0 
CORRECTING DEFECT 11 (vertices=157, convex hull=68, v0=91613)
After retessellation of defect 11 (v0=91613), euler #=-3 (124146,372359,248210) : difference with theory (-3) = 0 
CORRECTING DEFECT 12 (vertices=13, convex hull=22, v0=95227)
After retessellation of defect 12 (v0=95227), euler #=-2 (124149,372374,248223) : difference with theory (-2) = 0 
CORRECTING DEFECT 13 (vertices=6, convex hull=14, v0=96246)
After retessellation of defect 13 (v0=96246), euler #=-1 (124151,372382,248230) : difference with theory (-1) = 0 
CORRECTING DEFECT 14 (vertices=18, convex hull=29, v0=98052)
After retessellation of defect 14 (v0=98052), euler #=0 (124154,372399,248245) : difference with theory (0) = 0 
CORRECTING DEFECT 15 (vertices=11, convex hull=25, v0=98862)
After retessellation of defect 15 (v0=98862), euler #=1 (124156,372410,248255) : difference with theory (1) = 0 
CORRECTING DEFECT 16 (vertices=189, convex hull=97, v0=107593)
After retessellation of defect 16 (v0=107593), euler #=2 (124169,372501,248334) : difference with theory (2) = 0 
computing original vertex metric properties...
storing new metric properties...
computing tessellation statistics...
vertex spacing 0.89 +- 0.22 (0.06-->14.24) (max @ vno 53809 --> 55750)
face area -nan +- -nan (1000.00-->-1.00)
performing soap bubble on retessellated vertices for 0 iterations...
vertex spacing 0.89 +- 0.22 (0.06-->14.24) (max @ vno 53809 --> 55750)
face area -nan +- -nan (1000.00-->-1.00)
tessellation finished, orienting corrected surface...
80 mutations (40.2%), 119 crossovers (59.8%), 227 vertices were eliminated
building final representation...
1589 vertices and 0 faces have been removed from triangulation
after topology correction, eno=2 (nv=124169, nf=248334, ne=372501, g=0)
writing corrected surface to /out/sourcedata/freesurfer/sub-v1s12x0050113_ses-1/surf/lh.orig.premesh...

0.000 % of the vertices (0 vertices) exhibit an orientation change
removing intersecting faces
000: 133 intersecting
001: 16 intersecting
terminating search with 0 intersecting
topology fixing took 2.0 minutes
FSRUNTIME@ mris_fix_topology lh  0.0334 hours 16 threads
#VMPC# mris_fix_topology VmPeak  1841156

 mris_euler_number ../surf/lh.orig.premesh 

euler # = v-e+f = 2g-2: 124169 - 372501 + 248334 = 2 --> 0 holes
      F =2V-4:          248334 = 248338-4 (0)
      2E=3F:            745002 = 745002 (0)

total defect index = 0
Sat Apr  4 12:54:30 CEST 2026

setenv SUBJECTS_DIR /out/sourcedata/freesurfer
cd /out/sourcedata/freesurfer/sub-v1s12x0050113_ses-1/scripts
/opt/freesurfer/bin/defect2seg --s sub-v1s12x0050113_ses-1 --lh-only --cortex

freesurfer-linux-ubuntu22_x86_64-7.3.2-20220804-6354275
defect2seg 7.3.2
Linux dna070 5.14.0-427.37.1.el9_4.x86_64 #1 SMP PREEMPT_DYNAMIC Fri Sep 13 12:41:50 EDT 2024 x86_64 x86_64 x86_64 GNU/Linux
pid 2266826
mri_label2label --label-cortex /out/sourcedata/freesurfer/sub-v1s12x0050113_ses-1/surf/lh.orig.nofix /out/sourcedata/freesurfer/sub-v1s12x0050113_ses-1/mri/aseg.presurf.mgz 0 /out/sourcedata/freesurfer/sub-v1s12x0050113_ses-1/label/lh.nofix.cortex.label

 Generating cortex label... RemoveHipAmgy=0
 NucAccIsMedialWall=0
 mris->useRealRAS=0
9 non-cortical segments detected
only using segment with 7135 vertices
erasing segment 0 (vno[0] = 45904)
erasing segment 2 (vno[0] = 71747)
erasing segment 3 (vno[0] = 91561)
erasing segment 4 (vno[0] = 92373)
erasing segment 5 (vno[0] = 94234)
erasing segment 6 (vno[0] = 95264)
erasing segment 7 (vno[0] = 108224)
erasing segment 8 (vno[0] = 112816)
mri_label2vol --defects /out/sourcedata/freesurfer/sub-v1s12x0050113_ses-1/surf/lh.orig.nofix /out/sourcedata/freesurfer/sub-v1s12x0050113_ses-1/surf/lh.defect_labels /out/sourcedata/freesurfer/sub-v1s12x0050113_ses-1/mri/orig.mgz 1000 0 /out/sourcedata/freesurfer/sub-v1s12x0050113_ses-1/mri/lh.surface.defects.mgz /out/sourcedata/freesurfer/sub-v1s12x0050113_ses-1/label/lh.nofix.cortex.label
mri_label2vol supposed to be reproducible but seed not set
Contraining to label /out/sourcedata/freesurfer/sub-v1s12x0050113_ses-1/label/lh.nofix.cortex.label
Changing input type 0 to MRI_INT
Converting defects to volume: offset=1000, merge=0
Writing to /out/sourcedata/freesurfer/sub-v1s12x0050113_ses-1/mri/lh.surface.defects.mgz
mris_defects_pointset -s /out/sourcedata/freesurfer/sub-v1s12x0050113_ses-1/surf/lh.orig.nofix -d /out/sourcedata/freesurfer/sub-v1s12x0050113_ses-1/surf/lh.defect_labels -o /out/sourcedata/freesurfer/sub-v1s12x0050113_ses-1/surf/lh.defects.pointset --label /out/sourcedata/freesurfer/sub-v1s12x0050113_ses-1/label/lh.nofix.cortex.label
Reading in surface /out/sourcedata/freesurfer/sub-v1s12x0050113_ses-1/surf/lh.orig.nofix
Reading in defect segmentation /out/sourcedata/freesurfer/sub-v1s12x0050113_ses-1/surf/lh.defect_labels
Reading in label /out/sourcedata/freesurfer/sub-v1s12x0050113_ses-1/label/lh.nofix.cortex.label
#VMPC# mris_defects_pointset 1357608
mris_defects_pointset done
 
Started at Sat Apr 4 12:54:30 CEST 2026 
Ended   at Sat Apr  4 12:54:40 CEST 2026
Defect2seg-Run-Time-Sec 10
Defect2seg-Run-Time-Min 0.20
Defect2seg-Run-Time-Hours 0.00
 
tkmeditfv sub-v1s12x0050113_ses-1 brain.finalsurfs.mgz -defect
defect2seg Done

 mris_remesh --remesh --iters 3 --input /out/sourcedata/freesurfer/sub-v1s12x0050113_ses-1/surf/lh.orig.premesh --output /out/sourcedata/freesurfer/sub-v1s12x0050113_ses-1/surf/lh.orig 

iters = 3
standard remeshing without target
   adjusted l: 0.711749
remeshing to edge length 0.711749 with 3 iterations

avg qual before   : 0.892091  after: 0.971211

Removing intersections
Remeshed surface quality stats nv0 = 124169  nv = 130024  1.04715
Area    260044  0.30304  0.03361 0.085776   0.4718
Corner  780132 60.00000  8.79200 18.668794 140.0254
Edge    390066  0.84453  0.08237 0.454352   1.2879
Hinge   390066  9.47465  9.84488 0.000000 134.9339
mris_remesh done
/out/sourcedata/freesurfer/sub-v1s12x0050113_ses-1/scripts

 mris_remove_intersection ../surf/lh.orig ../surf/lh.orig 

intersection removal took 0.00 hours
writing corrected surface to ../surf/lh.orig

 rm -f ../surf/lh.inflated 

#--------------------------------------------
#@# AutoDetGWStats lh Sat Apr  4 12:55:04 CEST 2026
cd /out/sourcedata/freesurfer/sub-v1s12x0050113_ses-1/mri
mris_autodet_gwstats --o ../surf/autodet.gw.stats.lh.dat --i brain.finalsurfs.mgz --wm wm.mgz --surf ../surf/lh.orig.premesh
7.3.2

cd /out/sourcedata/freesurfer/sub-v1s12x0050113_ses-1/mri
setenv SUBJECTS_DIR /out/sourcedata/freesurfer
mris_autodet_gwstats --o ../surf/autodet.gw.stats.lh.dat --i brain.finalsurfs.mgz --wm wm.mgz --surf ../surf/lh.orig.premesh 

border white:    232446 voxels (1.39%)
border gray      256457 voxels (1.53%)
Reading in intensity volume brain.finalsurfs.mgz
Reading in wm volume wm.mgz
Reading in surf ../surf/lh.orig.premesh
Auto detecting stats
MRIclipBrightWM(): nthresh=13511, wmmin=5, clip=110 
Binarizing thresholding at 5
computing class statistics... low=30, hi=110.000000
CCS WM (98.0): 98.7 +- 7.8 [70.0 --> 110.0]
CCS GM (76.0) : 75.3 +- 9.0 [30.0 --> 110.0]
white_mean = 98.6883 +/- 7.77018, gray_mean = 75.2771 +/- 9.02551
using class modes intead of means, discounting robust sigmas....
MRIScomputeClassModes(): min=0 max=255 nbins=256
intensity peaks found at WM=103+-6.1,    GM=71+-7.0
white_mode = 103, gray_mode = 71
std_scale = 1
Applying sanity checks, max_scale_down = 0.2
setting MIN_GRAY_AT_WHITE_BORDER to 62.0 (was 70.000000)
setting MAX_BORDER_WHITE to 110.8 (was 105.000000)
setting MIN_BORDER_WHITE to 71.0 (was 85.000000)
setting MAX_CSF to 52.9 (was 40.000000)
setting MAX_GRAY to 95.2 (was 95.000000)
setting MAX_GRAY_AT_CSF_BORDER to 62.0 (was 75.000000)
setting MIN_GRAY_AT_CSF_BORDER to 43.9 (was 40.000000)
When placing the white surface
  white_border_hi   = 110.77;
  white_border_low  = 71;
  white_outside_low = 61.9745;
  white_inside_hi   = 120;
  white_outside_hi  = 110.77;
When placing the pial surface
  pial_border_hi   = 61.9745;
  pial_border_low  = 43.9235;
  pial_outside_low = 10;
  pial_inside_hi   = 95.2298;
  pial_outside_hi  = 57.4617;
#VMPC# mris_autodet_gwstats VmPeak  1324348
mris_autodet_gwstats done
#--------------------------------------------
#@# WhitePreAparc lh Sat Apr  4 12:55:07 CEST 2026
cd /out/sourcedata/freesurfer/sub-v1s12x0050113_ses-1/mri
mris_place_surface --adgws-in ../surf/autodet.gw.stats.lh.dat --wm wm.mgz --threads 16 --invol brain.finalsurfs.mgz --lh --i ../surf/lh.orig --o ../surf/lh.white.preaparc --white --seg aseg.presurf.mgz --nsmooth 5
7.3.2
7.3.2

cd /out/sourcedata/freesurfer/sub-v1s12x0050113_ses-1/mri
setenv SUBJECTS_DIR /out/sourcedata/freesurfer
mris_place_surface --adgws-in ../surf/autodet.gw.stats.lh.dat --wm wm.mgz --threads 16 --invol brain.finalsurfs.mgz --lh --i ../surf/lh.orig --o ../surf/lh.white.preaparc --white --seg aseg.presurf.mgz --nsmooth 5 

Reading in input surface ../surf/lh.orig
Smoothing surface before ripping with 5 iterations
Area    260044  0.26812  0.06221 0.006876   0.5600
Corner  780132 60.00000  9.40174 16.766033 129.9931
Edge    390066  0.79082  0.11279 0.122220   1.3013
Hinge   390066  6.36583  6.31133 0.000012 106.2268
Not reading in aparc
Reading in input volume brain.finalsurfs.mgz
Reading in wm volume wm.mgz
MRIclipBrightWM(): nthresh=13511, wmmin=5, clip=110 
MRIfindBrightNonWM(): 1164 bright non-wm voxels segmented.
Masking bright non-wm for white surface
MRImask(): AllowDiffGeom = 1
MRImask(): AllowDiffGeom = 1
Reading in seg volume aseg.presurf.mgz
Ripping frozen voxels
INFO: rip surface needed but not specified, so using input surface
Freezing midline and others
Entering: MRISripMidline(): inhibiting deformation at non-cortical midline structures...
  which=1, fix_mtl=0, using annot = 0
#FML0# MRISripMidline(): nripped=0
removing 4 vertices from ripped group in thread:0
removing 3 vertices from ripped group in thread:0
#FML# MRISripMidline(): nmarked=6046, nmarked2=103, nripped=6046
Ripping segs (eg, WMSA, BG, frozen)
Starting MRISripSegs() d = (-2 2 0.5) segnos: 247 
MRISripSegs(): -2 2 0.5 ripped 0
vertex 65012: xyz = (-47.5722,-10.9781,8.66679) oxyz = (-47.5722,-10.9781,8.66679) wxzy = (-47.5722,-10.9781,8.66679) pxyz = (0,0,0) 
CBVO Creating mask 130024
n_averages 4
Iteration 0 =========================================
n_averages=4, current_sigma=2
Freezing midline and others
Ripping frozen voxels
INFO: rip surface needed but not specified, so using input surface
Freezing midline and others
Entering: MRISripMidline(): inhibiting deformation at non-cortical midline structures...
  which=1, fix_mtl=0, using annot = 0
#FML0# MRISripMidline(): nripped=6046
removing 4 vertices from ripped group in thread:0
removing 3 vertices from ripped group in thread:0
#FML# MRISripMidline(): nmarked=6046, nmarked2=103, nripped=6046
Ripping segs (eg, WMSA, BG, frozen)
Starting MRISripSegs() d = (-2 2 0.5) segnos: 247 247 
MRISripSegs(): -2 2 0.5 ripped 0
Computing target border values 
Entering MRIScomputeBorderValues_new(): 
  inside_hi   = 120.0000000;
  border_hi   = 110.7701800;
  border_low  =  71.0000000;
  outside_low =  61.9744870;
  outside_hi  = 110.7701800;
  sigma = 2;
  max_thickness = 10;
  step_size=0.5;
  STEP_SIZE=0.1;
  which = 1
  thresh = 0
  flags = 0
  CBVfindFirstPeakD1=0
  CBVfindFirstPeakD2=0
  nvertices=130024
  Gdiag_no=-1
  vno start=0, stop=130024
Replacing 255s with 0s
#SI# sigma=2 had to be increased for 18 vertices, nripped=6046
mean border=83.5, 58 (58) missing vertices, mean dist 0.2 [0.6 (%41.9)->0.8 (%58.1))]
%74 local maxima, %22 large gradients and % 0 min vals, 0 gradients ignored
nFirstPeakD1 0
MRIScomputeBorderValues_new() finished in 0.0168 min


Finding expansion regions
mean absolute distance = 0.72 +- 0.96
4038 vertices more than 2 sigmas from mean.
Averaging target values for 5 iterations...
Positioning Surface: tspring = 0.3, nspring = 0.3, spring = 0, niters = 100 l_repulse = 5, l_surf_repulse = 0, checktol = 0
Positioning pial surface
Entering MRISpositionSurface()
  max_mm = 0.3
  MAX_REDUCTIONS = 2, REDUCTION_PCT = 0.5
  parms->check_tol = 0, niterations = 100
tol=1.0e-04, sigma=2.0, host=dna07, nav=4, nbrs=2, l_repulse=5.000, l_tspring=0.300, l_nspring=0.300, l_intensity=0.200, l_curv=1.000
mom=0.00, dt=0.50
complete_dist_mat 0
rms 0
smooth_averages 0
remove_neg 0
ico_order 0
which_surface 0
target_radius 0.000000
nfields 0
scale 0.000000
desired_rms_height 0.000000
momentum 0.000000
nbhd_size 0
max_nbrs 0
niterations 100
nsurfaces 0
SURFACES 3
flags 0 (0)
use curv 0
no sulc 0
no rigid align 0
mris->nsize 2
mris->hemisphere 0
randomSeed 0

000: dt: 0.0000, sse=2237666.5, rms=9.195
001: dt: 0.5000, sse=1184374.0, rms=6.494 (29.376%)
002: dt: 0.5000, sse=716864.9, rms=4.830 (25.619%)
003: dt: 0.5000, sse=506097.6, rms=3.848 (20.344%)
004: dt: 0.5000, sse=393840.6, rms=3.202 (16.783%)
005: dt: 0.5000, sse=337970.6, rms=2.822 (11.875%)
006: dt: 0.5000, sse=311230.1, rms=2.616 (7.273%)
007: dt: 0.5000, sse=302284.1, rms=2.538 (2.984%)
rms = 2.4916/2.5383, sse=297651.0/302284.1, time step reduction 1 of 3 to 0.250  0 0 1
008: dt: 0.5000, sse=297651.0, rms=2.492 (1.839%)
009: dt: 0.2500, sse=188162.6, rms=1.296 (47.989%)
010: dt: 0.2500, sse=177013.2, rms=1.095 (15.492%)
rms = 1.0480/1.0952, sse=174372.1/177013.2, time step reduction 2 of 3 to 0.125  0 0 1
011: dt: 0.2500, sse=174372.2, rms=1.048 (4.305%)
rms = 1.0164/1.0480, sse=172964.4/174372.1, time step reduction 3 of 3 to 0.062  0 0 1
012: dt: 0.1250, sse=172964.4, rms=1.016 (3.014%)
  maximum number of reductions reached, breaking from loop
positioning took 0.9 minutes
Iteration 1 =========================================
n_averages=2, current_sigma=1
Freezing midline and others
Ripping frozen voxels
INFO: rip surface needed but not specified, so using input surface
Freezing midline and others
Entering: MRISripMidline(): inhibiting deformation at non-cortical midline structures...
  which=1, fix_mtl=0, using annot = 0
#FML0# MRISripMidline(): nripped=6046
removing 3 vertices from ripped group in thread:0
removing 2 vertices from ripped group in thread:0
removing 4 vertices from ripped group in thread:0
removing 2 vertices from ripped group in thread:0
#FML# MRISripMidline(): nmarked=6342, nmarked2=129, nripped=6342
Ripping segs (eg, WMSA, BG, frozen)
Starting MRISripSegs() d = (-2 2 0.5) segnos: 247 247 247 
MRISripSegs(): -2 2 0.5 ripped 0
Computing target border values 
Entering MRIScomputeBorderValues_new(): 
  inside_hi   = 120.0000000;
  border_hi   = 110.7701800;
  border_low  =  71.0000000;
  outside_low =  61.9744870;
  outside_hi  = 110.7701800;
  sigma = 1;
  max_thickness = 10;
  step_size=0.5;
  STEP_SIZE=0.1;
  which = 1
  thresh = 0
  flags = 0
  CBVfindFirstPeakD1=0
  CBVfindFirstPeakD2=0
  nvertices=130024
  Gdiag_no=-1
  vno start=0, stop=130024
Replacing 255s with 0s
#SI# sigma=1 had to be increased for 42 vertices, nripped=6342
mean border=85.8, 53 (20) missing vertices, mean dist -0.2 [0.4 (%72.2)->0.3 (%27.8))]
%80 local maxima, %15 large gradients and % 0 min vals, 0 gradients ignored
nFirstPeakD1 0
MRIScomputeBorderValues_new() finished in 0.0080 min


Finding expansion regions
mean absolute distance = 0.36 +- 0.69
3097 vertices more than 2 sigmas from mean.
Averaging target values for 5 iterations...
Positioning Surface: tspring = 0.3, nspring = 0.3, spring = 0, niters = 100 l_repulse = 5, l_surf_repulse = 0, checktol = 0
Positioning pial surface
Entering MRISpositionSurface()
  max_mm = 0.3
  MAX_REDUCTIONS = 2, REDUCTION_PCT = 0.5
  parms->check_tol = 0, niterations = 100
tol=1.0e-04, sigma=1.0, host=dna07, nav=2, nbrs=2, l_repulse=5.000, l_tspring=0.300, l_nspring=0.300, l_intensity=0.200, l_curv=1.000
mom=0.00, dt=0.50
000: dt: 0.0000, sse=569598.1, rms=3.920
013: dt: 0.5000, sse=318621.1, rms=2.293 (41.515%)
014: dt: 0.5000, sse=290279.6, rms=2.007 (12.469%)
015: dt: 0.5000, sse=281510.7, rms=1.924 (4.158%)
rms = 2.0522/1.9235, sse=292796.2/281510.7, time step reduction 1 of 3 to 0.250  0 1 1
   RMS increased, rejecting step
016: dt: 0.2500, sse=231090.0, rms=1.296 (32.627%)
017: dt: 0.2500, sse=214803.3, rms=0.983 (24.157%)
018: dt: 0.2500, sse=210425.0, rms=0.907 (7.677%)
rms = 0.8877/0.9074, sse=208952.6/210425.1, time step reduction 2 of 3 to 0.125  0 0 1
019: dt: 0.2500, sse=208952.5, rms=0.888 (2.177%)
rms = 0.8654/0.8877, sse=208078.2/208952.6, time step reduction 3 of 3 to 0.062  0 0 1
020: dt: 0.1250, sse=208078.2, rms=0.865 (2.513%)
  maximum number of reductions reached, breaking from loop
positioning took 0.6 minutes
Iteration 2 =========================================
n_averages=1, current_sigma=0.5
Freezing midline and others
Ripping frozen voxels
INFO: rip surface needed but not specified, so using input surface
Freezing midline and others
Entering: MRISripMidline(): inhibiting deformation at non-cortical midline structures...
  which=1, fix_mtl=0, using annot = 0
#FML0# MRISripMidline(): nripped=6342
removing 2 vertices from ripped group in thread:0
removing 4 vertices from ripped group in thread:0
removing 4 vertices from ripped group in thread:0
removing 3 vertices from ripped group in thread:0
removing 3 vertices from ripped group in thread:0
removing 4 vertices from ripped group in thread:0
removing 3 vertices from ripped group in thread:0
#FML# MRISripMidline(): nmarked=6501, nmarked2=131, nripped=6501
Ripping segs (eg, WMSA, BG, frozen)
Starting MRISripSegs() d = (-2 2 0.5) segnos: 247 247 247 247 
MRISripSegs(): -2 2 0.5 ripped 0
Computing target border values 
Entering MRIScomputeBorderValues_new(): 
  inside_hi   = 120.0000000;
  border_hi   = 110.7701800;
  border_low  =  71.0000000;
  outside_low =  61.9744870;
  outside_hi  = 110.7701800;
  sigma = 0.5;
  max_thickness = 10;
  step_size=0.5;
  STEP_SIZE=0.1;
  which = 1
  thresh = 0
  flags = 0
  CBVfindFirstPeakD1=0
  CBVfindFirstPeakD2=0
  nvertices=130024
  Gdiag_no=-1
  vno start=0, stop=130024
Replacing 255s with 0s
#SI# sigma=0.5 had to be increased for 80 vertices, nripped=6501
mean border=87.6, 34 (11) missing vertices, mean dist -0.1 [0.3 (%69.8)->0.2 (%30.2))]
%86 local maxima, % 9 large gradients and % 0 min vals, 0 gradients ignored
nFirstPeakD1 0
MRIScomputeBorderValues_new() finished in 0.0046 min


Finding expansion regions
mean absolute distance = 0.27 +- 0.47
3286 vertices more than 2 sigmas from mean.
Averaging target values for 5 iterations...
Positioning Surface: tspring = 0.3, nspring = 0.3, spring = 0, niters = 100 l_repulse = 5, l_surf_repulse = 0, checktol = 0
Positioning pial surface
Entering MRISpositionSurface()
  max_mm = 0.3
  MAX_REDUCTIONS = 2, REDUCTION_PCT = 0.5
  parms->check_tol = 0, niterations = 100
tol=1.0e-04, sigma=0.5, host=dna07, nav=1, nbrs=2, l_repulse=5.000, l_tspring=0.300, l_nspring=0.300, l_intensity=0.200, l_curv=1.000
mom=0.00, dt=0.50
000: dt: 0.0000, sse=350245.1, rms=2.574
021: dt: 0.5000, sse=268070.8, rms=1.796 (30.212%)
rms = 1.8047/1.7960, sse=267892.5/268070.8, time step reduction 1 of 3 to 0.250  0 0 1
   RMS increased, rejecting step
022: dt: 0.2500, sse=225940.9, rms=1.244 (30.740%)
023: dt: 0.2500, sse=207938.6, rms=0.908 (26.989%)
024: dt: 0.2500, sse=204954.3, rms=0.826 (9.066%)
rms = 0.8170/0.8259, sse=204224.0/204954.3, time step reduction 2 of 3 to 0.125  0 0 1
025: dt: 0.2500, sse=204224.0, rms=0.817 (1.068%)
rms = 0.7961/0.8170, sse=203001.1/204224.0, time step reduction 3 of 3 to 0.062  0 0 1
026: dt: 0.1250, sse=203001.1, rms=0.796 (2.567%)
  maximum number of reductions reached, breaking from loop
positioning took 0.5 minutes
Iteration 3 =========================================
n_averages=0, current_sigma=0.25
Freezing midline and others
Ripping frozen voxels
INFO: rip surface needed but not specified, so using input surface
Freezing midline and others
Entering: MRISripMidline(): inhibiting deformation at non-cortical midline structures...
  which=1, fix_mtl=0, using annot = 0
#FML0# MRISripMidline(): nripped=6501
removing 3 vertices from ripped group in thread:0
removing 4 vertices from ripped group in thread:0
removing 4 vertices from ripped group in thread:0
removing 3 vertices from ripped group in thread:0
removing 4 vertices from ripped group in thread:0
removing 4 vertices from ripped group in thread:0
removing 3 vertices from ripped group in thread:0
#FML# MRISripMidline(): nmarked=6515, nmarked2=131, nripped=6515
Ripping segs (eg, WMSA, BG, frozen)
Starting MRISripSegs() d = (-2 2 0.5) segnos: 247 247 247 247 247 
MRISripSegs(): -2 2 0.5 ripped 0
Computing target border values 
Entering MRIScomputeBorderValues_new(): 
  inside_hi   = 120.0000000;
  border_hi   = 110.7701800;
  border_low  =  71.0000000;
  outside_low =  61.9744870;
  outside_hi  = 110.7701800;
  sigma = 0.25;
  max_thickness = 10;
  step_size=0.5;
  STEP_SIZE=0.1;
  which = 1
  thresh = 0
  flags = 0
  CBVfindFirstPeakD1=0
  CBVfindFirstPeakD2=0
  nvertices=130024
  Gdiag_no=-1
  vno start=0, stop=130024
Replacing 255s with 0s
#SI# sigma=0.25 had to be increased for 72 vertices, nripped=6515
mean border=88.2, 21 (7) missing vertices, mean dist -0.0 [0.2 (%56.6)->0.2 (%43.4))]
%89 local maxima, % 6 large gradients and % 0 min vals, 0 gradients ignored
nFirstPeakD1 0
MRIScomputeBorderValues_new() finished in 0.0044 min


Finding expansion regions
mean absolute distance = 0.23 +- 0.37
3120 vertices more than 2 sigmas from mean.
Averaging target values for 5 iterations...
Positioning Surface: tspring = 0.3, nspring = 0.3, spring = 0, niters = 100 l_repulse = 5, l_surf_repulse = 0, checktol = 0
Positioning pial surface
Entering MRISpositionSurface()
  max_mm = 0.3
  MAX_REDUCTIONS = 2, REDUCTION_PCT = 0.5
  parms->check_tol = 0, niterations = 100
tol=1.0e-04, sigma=0.2, host=dna07, nav=0, nbrs=2, l_repulse=5.000, l_tspring=0.300, l_nspring=0.300, l_intensity=0.200, l_curv=1.000
mom=0.00, dt=0.50
000: dt: 0.0000, sse=226075.0, rms=1.291
027: dt: 0.5000, sse=215909.9, rms=1.101 (14.754%)
rms = 1.3132/1.1008, sse=227062.0/215909.9, time step reduction 1 of 3 to 0.250  0 1 1
   RMS increased, rejecting step
028: dt: 0.2500, sse=200621.9, rms=0.781 (29.093%)
029: dt: 0.2500, sse=196808.4, rms=0.694 (11.094%)
rms = 0.6680/0.6939, sse=195547.5/196808.4, time step reduction 2 of 3 to 0.125  0 0 1
030: dt: 0.2500, sse=195547.5, rms=0.668 (3.732%)
rms = 0.6463/0.6680, sse=194209.3/195547.5, time step reduction 3 of 3 to 0.062  0 0 1
031: dt: 0.1250, sse=194209.3, rms=0.646 (3.248%)
  maximum number of reductions reached, breaking from loop
positioning took 0.4 minutes


Writing output to ../surf/lh.white.preaparc
#ET# mris_place_surface  2.44 minutes
#VMPC# mris_place_surfaces VmPeak  3056428
mris_place_surface done
#--------------------------------------------
#@# CortexLabel lh Sat Apr  4 12:57:38 CEST 2026
cd /out/sourcedata/freesurfer/sub-v1s12x0050113_ses-1/mri
mri_label2label --label-cortex ../surf/lh.white.preaparc aseg.presurf.mgz 0 ../label/lh.cortex.label

 Generating cortex label... RemoveHipAmgy=0
 NucAccIsMedialWall=0
 mris->useRealRAS=0
5 non-cortical segments detected
only using segment with 7698 vertices
erasing segment 0 (vno[0] = 29130)
erasing segment 2 (vno[0] = 62458)
erasing segment 3 (vno[0] = 78316)
erasing segment 4 (vno[0] = 126157)
#--------------------------------------------
#@# CortexLabel+HipAmyg lh Sat Apr  4 12:57:46 CEST 2026
cd /out/sourcedata/freesurfer/sub-v1s12x0050113_ses-1/mri
mri_label2label --label-cortex ../surf/lh.white.preaparc aseg.presurf.mgz 1 ../label/lh.cortex+hipamyg.label

 Generating cortex label... RemoveHipAmgy=1
 NucAccIsMedialWall=0
 mris->useRealRAS=0
9 non-cortical segments detected
only using segment with 5324 vertices
erasing segment 0 (vno[0] = 29130)
erasing segment 2 (vno[0] = 47753)
erasing segment 3 (vno[0] = 55293)
erasing segment 4 (vno[0] = 56159)
erasing segment 5 (vno[0] = 62458)
erasing segment 6 (vno[0] = 78316)
erasing segment 7 (vno[0] = 79049)
erasing segment 8 (vno[0] = 126157)
#--------------------------------------------
#@# Smooth2 lh Sat Apr  4 12:57:55 CEST 2026
/out/sourcedata/freesurfer/sub-v1s12x0050113_ses-1/scripts

 mris_smooth -n 3 -nw -seed 1234 ../surf/lh.white.preaparc ../surf/lh.smoothwm 

smoothing for 3 iterations
setting seed for random number generator to 1234
smoothing surface tessellation for 3 iterations...
smoothing complete - recomputing first and second fundamental forms...
#--------------------------------------------
#@# Inflation2 lh Sat Apr  4 12:57:57 CEST 2026
/out/sourcedata/freesurfer/sub-v1s12x0050113_ses-1/scripts

 mris_inflate ../surf/lh.smoothwm ../surf/lh.inflated 

Reading ../surf/lh.smoothwm
avg radius = 46.3 mm, total surface area = 79566 mm^2
step 000: RMS=0.167 (target=0.015)   step 005: RMS=0.112 (target=0.015)   step 010: RMS=0.082 (target=0.015)   step 015: RMS=0.068 (target=0.015)   step 020: RMS=0.057 (target=0.015)   step 025: RMS=0.047 (target=0.015)   step 030: RMS=0.038 (target=0.015)   step 035: RMS=0.033 (target=0.015)   step 040: RMS=0.028 (target=0.015)   step 045: RMS=0.024 (target=0.015)   step 050: RMS=0.021 (target=0.015)   step 055: RMS=0.020 (target=0.015)   step 060: RMS=0.018 (target=0.015)   writing inflated surface to ../surf/lh.inflated
writing sulcal depths to ../surf/lh.sulc

inflation complete.
inflation took 0.2 minutes
mris_inflate utimesec    58.871474
mris_inflate stimesec    0.414304
mris_inflate ru_maxrss   200408
mris_inflate ru_ixrss    0
mris_inflate ru_idrss    0
mris_inflate ru_isrss    0
mris_inflate ru_minflt   109786
mris_inflate ru_majflt   10
mris_inflate ru_nswap    0
mris_inflate ru_inblock  130
mris_inflate ru_oublock  10168
mris_inflate ru_msgsnd   0
mris_inflate ru_msgrcv   0
mris_inflate ru_nsignals 0
mris_inflate ru_nvcsw    6077
mris_inflate ru_nivcsw   165
#--------------------------------------------
#@# Curv .H and .K lh Sat Apr  4 12:58:11 CEST 2026
/out/sourcedata/freesurfer/sub-v1s12x0050113_ses-1/surf

 mris_curvature -w -seed 1234 lh.white.preaparc 

setting seed for random number generator to 1234
total integrated curvature = 20.346*4pi (255.680) --> -19 handles
ICI = 134.3, FI = 1340.4, variation=21001.970
writing Gaussian curvature to ./lh.white.preaparc.K...done.
writing mean curvature to ./lh.white.preaparc.H...done.
rm -f lh.white.H
ln -s lh.white.preaparc.H lh.white.H
rm -f lh.white.K
ln -s lh.white.preaparc.K lh.white.K

 mris_curvature -seed 1234 -thresh .999 -n -a 5 -w -distances 10 10 lh.inflated 

setting seed for random number generator to 1234
normalizing curvature values.
averaging curvature patterns 5 times.
sampling 10 neighbors out to a distance of 10 mm
195 vertices thresholded to be in k1 ~ [-0.24 0.42], k2 ~ [-0.12 0.07]
total integrated curvature = 0.649*4pi (8.161) --> 0 handles
ICI = 1.6, FI = 9.1, variation=158.125
107 vertices thresholded to be in [-0.01 0.02]
writing Gaussian curvature to ./lh.inflated.K...thresholding curvature at 99.90% level
curvature mean = 0.000, std = 0.001
145 vertices thresholded to be in [-0.15 0.20]
done.
writing mean curvature to ./lh.inflated.H...curvature mean = -0.017, std = 0.022
done.
#--------------------------------------------
#@# Sphere lh Sat Apr  4 12:58:46 CEST 2026
/out/sourcedata/freesurfer/sub-v1s12x0050113_ses-1/scripts

 mris_sphere -seed 1234 ../surf/lh.inflated ../surf/lh.sphere 

setting seed for random number genererator to 1234
version: 7.3.2
available threads: 16
reading original vertex positions...
projecting onto sphere...
surface projected - minimizing metric distortion...
scaling brain by 0.284...
MRISunfold() max_passes = 1 -------
tol=5.0e-01, sigma=0.0, host=dna07, nav=1024, nbrs=2, l_area=1.000, l_dist=1.000
using quadratic fit line minimization
complete_dist_mat 0
rms 0
smooth_averages 0
remove_neg 0
ico_order 0
which_surface 0
target_radius 0.000000
nfields 0
scale 1.000000
desired_rms_height -1.000000
momentum 0.900000
nbhd_size 7
max_nbrs 8
niterations 25
nsurfaces 0
SURFACES 3
flags 0 (0)
use curv 0
no sulc 0
no rigid align 0
mris->nsize 2
mris->hemisphere 0
randomSeed 1234

singular matrix in quadratic form
singular matrix in quadratic form
singular matrix in quadratic form
singular matrix in quadratic form
singular matrix in quadratic form
singular matrix in quadratic form
singular matrix in quadratic form
singular matrix in quadratic form
--------------------
  mrisRemoveNegativeArea()
pass 1: epoch 1 of 3 starting distance error %20.03
pass 1: epoch 2 of 3 starting distance error %20.00
unfolding complete - removing small folds...
starting distance error %19.96
removing remaining folds...
final distance error %19.99
MRISunfold() return, current seed 1234
-01: dt=0.0000,   2 negative triangles  VmPeak 1585712
152: dt=0.9900,   2 negative triangles
writing spherical brain to ../surf/lh.sphere
spherical transformation took 0.0485 hours
FSRUNTIME@ mris_sphere  0.0485 hours 16 threads
#VMPC# mris_sphere VmPeak  1585712
mris_sphere done
#--------------------------------------------
#@# Surf Reg lh Sat Apr  4 13:01:40 CEST 2026
/out/sourcedata/freesurfer/sub-v1s12x0050113_ses-1/scripts

 mris_register -curv ../surf/lh.sphere /opt/freesurfer/average/lh.folding.atlas.acfb40.noaparc.i12.2016-08-02.tif ../surf/lh.sphere.reg 

using smoothwm curvature for final alignment

cwd /out/sourcedata/freesurfer/sub-v1s12x0050113_ses-1/scripts
cmdline mris_register -curv ../surf/lh.sphere /opt/freesurfer/average/lh.folding.atlas.acfb40.noaparc.i12.2016-08-02.tif ../surf/lh.sphere.reg 

0 inflated.H
1 sulc
2 smoothwm (computed)
7.3.2
  7.3.2
reading surface from ../surf/lh.sphere...
reading template parameterization from /opt/freesurfer/average/lh.folding.atlas.acfb40.noaparc.i12.2016-08-02.tif...
MRISregister() -------
max_passes = 4 
min_degrees = 0.500000 
max_degrees = 64.000000 
nangles = 8 
tol=5.0e-01, sigma=0.0, host=dna07, nav=1024, nbrs=1, l_extern=10000.000, l_parea=0.200, l_nlarea=1.000, l_corr=1.000, l_dist=5.000
using quadratic fit line minimization
complete_dist_mat 0
rms 0
smooth_averages 0
remove_neg 0
ico_order 0
which_surface 0
target_radius 0.000000
nfields 0
scale 0.000000
desired_rms_height -1.000000
momentum 0.950000
nbhd_size -10
max_nbrs 10
niterations 25
nsurfaces 0
SURFACES 3
flags 16 (10)
use curv 16
no sulc 0
no rigid align 0
mris->nsize 1
mris->hemisphere 0
randomSeed 0

tol=5.0e-01, sigma=0.0, host=dna07, nav=1024, nbrs=1, l_extern=10000.000, l_parea=0.200, l_nlarea=1.000, l_corr=1.000, l_dist=5.000
using quadratic fit line minimization
--------------------
1 Reading lh.sulc
tol=1.0e+00, sigma=0.5, host=dna07, nav=1024, nbrs=1, l_extern=10000.000, l_parea=0.200, l_nlarea=1.000, l_corr=0.050, l_spring=0.500, l_dist=5.000
using quadratic fit line minimization
curvature mean = -0.000, std = 5.456
curvature mean = 0.025, std = 0.813
curvature mean = 0.011, std = 0.867
Starting MRISrigidBodyAlignGlobal()
Starting new MRISrigidBodyAlignGlobal_findMinSSE()
  new MRISrigidBodyAlignGlobal_findMinSSE min @ (1.50, -10.00, -0.50) sse = 236385.7, elapsed since starting=0.0630 min
MRISrigidBodyAlignGlobal() done   0.06 min
curvature mean = -0.003, std = 0.826
curvature mean = 0.004, std = 0.950
curvature mean = -0.007, std = 0.836
curvature mean = 0.001, std = 0.981
curvature mean = -0.008, std = 0.838
curvature mean = 0.000, std = 0.993
2 Reading smoothwm
curvature mean = -0.019, std = 0.252
curvature mean = 0.039, std = 0.248
curvature mean = 0.046, std = 0.411
curvature mean = 0.038, std = 0.306
curvature mean = 0.021, std = 0.626
curvature mean = 0.038, std = 0.333
curvature mean = 0.011, std = 0.767
curvature mean = 0.037, std = 0.345
curvature mean = 0.003, std = 0.864
MRISregister() return, current seed 0
writing registered surface to ../surf/lh.sphere.reg...
-01: dt=0.0000,   0 negative triangles  VmPeak 1589328
registration took 0.05 hours
#VMPC# mris_register VmPeak  1589328
FSRUNTIME@ mris_register  0.0539 hours 16 threads

 ln -sf lh.sphere.reg lh.fsaverage.sphere.reg 

#--------------------------------------------
#@# Jacobian white lh Sat Apr  4 13:04:54 CEST 2026
/out/sourcedata/freesurfer/sub-v1s12x0050113_ses-1/scripts

 mris_jacobian ../surf/lh.white.preaparc ../surf/lh.sphere.reg ../surf/lh.jacobian_white 

reading surface from ../surf/lh.white.preaparc...
writing curvature file ../surf/lh.jacobian_white
#--------------------------------------------
#@# AvgCurv lh Sat Apr  4 13:04:55 CEST 2026
/out/sourcedata/freesurfer/sub-v1s12x0050113_ses-1/scripts

 mrisp_paint -a 5 /opt/freesurfer/average/lh.folding.atlas.acfb40.noaparc.i12.2016-08-02.tif#6 ../surf/lh.sphere.reg ../surf/lh.avg_curv 

averaging curvature patterns 5 times...
reading surface from ../surf/lh.sphere.reg...
reading template parameterization from /opt/freesurfer/average/lh.folding.atlas.acfb40.noaparc.i12.2016-08-02.tif...
writing curvature file to ../surf/lh.avg_curv...
#-----------------------------------------
#@# Cortical Parc lh Sat Apr  4 13:04:56 CEST 2026
/out/sourcedata/freesurfer/sub-v1s12x0050113_ses-1/scripts

 mris_ca_label -l ../label/lh.cortex.label -aseg ../mri/aseg.presurf.mgz -seed 1234 sub-v1s12x0050113_ses-1 lh ../surf/lh.sphere.reg /opt/freesurfer/average/lh.DKaparc.atlas.acfb40.noaparc.i12.2016-08-02.gcs ../label/lh.aparc.annot 

setting seed for random number generator to 1234
using ../mri/aseg.presurf.mgz aseg volume to correct midline
7.3.2
  7.3.2
reading atlas from /opt/freesurfer/average/lh.DKaparc.atlas.acfb40.noaparc.i12.2016-08-02.gcs...
reading color table from GCSA file....
average std = 0.8   using min determinant for regularization = 0.006
0 singular and 342 ill-conditioned covariance matrices regularized
input 0: MEAN CURVATURE, flags 0, avgs 5, name mean_curvature
labeling surface...
1568 labels changed using aseg
relabeling using gibbs priors...
000:   2888 changed, 130024 examined...
001:    700 changed, 12397 examined...
002:    150 changed, 3866 examined...
003:     54 changed, 931 examined...
004:     23 changed, 337 examined...
005:      8 changed, 129 examined...
006:      5 changed, 50 examined...
007:      2 changed, 32 examined...
008:      0 changed, 14 examined...
216 labels changed using aseg
000: 130 total segments, 87 labels (287 vertices) changed
001: 41 total segments, 1 labels (6 vertices) changed
002: 40 total segments, 0 labels (0 vertices) changed
9 filter iterations complete (10 requested, 0 changed)
rationalizing unknown annotations with cortex label
relabeling unknown label...
relabeling corpuscallosum label...
1631 vertices marked for relabeling...
1631 labels changed in reclassification.
writing output to ../label/lh.aparc.annot...
classification took 0 minutes and 7 seconds.
#--------------------------------------------
#@# WhiteSurfs lh Sat Apr  4 13:05:03 CEST 2026
cd /out/sourcedata/freesurfer/sub-v1s12x0050113_ses-1/mri
mris_place_surface --adgws-in ../surf/autodet.gw.stats.lh.dat --seg aseg.presurf.mgz --threads 16 --wm wm.mgz --invol brain.finalsurfs.mgz --lh --i ../surf/lh.white.preaparc --o ../surf/lh.white --white --nsmooth 0 --rip-label ../label/lh.cortex.label --rip-bg --rip-surf ../surf/lh.white.preaparc --aparc ../label/lh.aparc.annot
7.3.2
7.3.2

cd /out/sourcedata/freesurfer/sub-v1s12x0050113_ses-1/mri
setenv SUBJECTS_DIR /out/sourcedata/freesurfer
mris_place_surface --adgws-in ../surf/autodet.gw.stats.lh.dat --seg aseg.presurf.mgz --threads 16 --wm wm.mgz --invol brain.finalsurfs.mgz --lh --i ../surf/lh.white.preaparc --o ../surf/lh.white --white --nsmooth 0 --rip-label ../label/lh.cortex.label --rip-bg --rip-surf ../surf/lh.white.preaparc --aparc ../label/lh.aparc.annot 

Reading in input surface ../surf/lh.white.preaparc
Not smoothing input surface
Area    260044  0.33456  0.10894 0.004249   3.1001
Corner  780132 60.00000 12.63400 1.559533 176.4854
Edge    390066  0.88772  0.18095 0.038936   3.8138
Hinge   390066  9.28029  9.94635 0.000009 179.5777
Reading in aparc ../label/lh.aparc.annot
Reading in input volume brain.finalsurfs.mgz
Reading in wm volume wm.mgz
MRIclipBrightWM(): nthresh=13511, wmmin=5, clip=110 
MRIfindBrightNonWM(): 1164 bright non-wm voxels segmented.
Masking bright non-wm for white surface
MRImask(): AllowDiffGeom = 1
MRImask(): AllowDiffGeom = 1
Reading in seg volume aseg.presurf.mgz
Ripping frozen voxels
Ripping vertices not in label ../label/lh.cortex.label
MRISripNotLabel() ripped 7941/130024 vertices (122083 unripped)
Reading in ripping surface ../surf/lh.white.preaparc
Reading in aparc ../label/lh.aparc.annot for ripsurf
Ripping BG
MRISripBasalGanglia(): 1 -2 2 0.5 ripped 448
Ripping segs (eg, WMSA, BG, frozen)
Starting MRISripSegs() d = (-2 2 0.5) segnos: 247 
MRISripSegs(): -2 2 0.5 ripped 0
vertex 65012: xyz = (-47.4609,-10.6728,8.60993) oxyz = (-47.4609,-10.6728,8.60993) wxzy = (-47.4609,-10.6728,8.60993) pxyz = (0,0,0) 
CBVO Creating mask 130024
n_averages 4
Iteration 0 =========================================
n_averages=4, current_sigma=2
Computing target border values 
Entering MRIScomputeBorderValues_new(): 
  inside_hi   = 120.0000000;
  border_hi   = 110.7701800;
  border_low  =  71.0000000;
  outside_low =  61.9744870;
  outside_hi  = 110.7701800;
  sigma = 2;
  max_thickness = 10;
  step_size=0.5;
  STEP_SIZE=0.1;
  which = 1
  thresh = 0
  flags = 0
  CBVfindFirstPeakD1=0
  CBVfindFirstPeakD2=0
  nvertices=130024
  Gdiag_no=-1
  vno start=0, stop=130024
Replacing 255s with 0s
#SI# sigma=2 had to be increased for 77 vertices, nripped=8389
mean border=83.1, 81 (81) missing vertices, mean dist 0.3 [0.9 (%16.5)->0.5 (%83.5))]
%69 local maxima, %25 large gradients and % 0 min vals, 0 gradients ignored
nFirstPeakD1 0
MRIScomputeBorderValues_new() finished in 0.0106 min


Finding expansion regions
mean absolute distance = 0.60 +- 0.94
2429 vertices more than 2 sigmas from mean.
Averaging target values for 5 iterations...
Positioning Surface: tspring = 0.3, nspring = 0.3, spring = 0, niters = 100 l_repulse = 5, l_surf_repulse = 0, checktol = 0
Positioning pial surface
Entering MRISpositionSurface()
  max_mm = 0.3
  MAX_REDUCTIONS = 2, REDUCTION_PCT = 0.5
  parms->check_tol = 0, niterations = 100
tol=1.0e-04, sigma=2.0, host=dna07, nav=4, nbrs=2, l_repulse=5.000, l_tspring=0.300, l_nspring=0.300, l_intensity=0.200, l_curv=1.000
mom=0.00, dt=0.50
complete_dist_mat 0
rms 0
smooth_averages 0
remove_neg 0
ico_order 0
which_surface 0
target_radius 0.000000
nfields 0
scale 0.000000
desired_rms_height 0.000000
momentum 0.000000
nbhd_size 0
max_nbrs 0
niterations 100
nsurfaces 0
SURFACES 3
flags 0 (0)
use curv 0
no sulc 0
no rigid align 0
mris->nsize 2
mris->hemisphere 0
randomSeed 0

000: dt: 0.0000, sse=1281051.0, rms=6.731
001: dt: 0.5000, sse=552976.9, rms=3.926 (41.667%)
002: dt: 0.5000, sse=356064.0, rms=2.704 (31.124%)
003: dt: 0.5000, sse=306810.6, rms=2.294 (15.173%)
004: dt: 0.5000, sse=288808.4, rms=2.119 (7.626%)
rms = 2.1576/2.1191, sse=295162.6/288808.4, time step reduction 1 of 3 to 0.250  0 1 1
   RMS increased, rejecting step
005: dt: 0.2500, sse=239605.8, rms=1.551 (26.791%)
006: dt: 0.2500, sse=220485.5, rms=1.260 (18.770%)
007: dt: 0.2500, sse=216138.3, rms=1.183 (6.130%)
rms = 1.1478/1.1829, sse=214539.3/216138.3, time step reduction 2 of 3 to 0.125  0 0 1
008: dt: 0.2500, sse=214539.3, rms=1.148 (2.972%)
rms = 1.1172/1.1478, sse=213057.8/214539.3, time step reduction 3 of 3 to 0.062  0 0 1
009: dt: 0.1250, sse=213057.8, rms=1.117 (2.665%)
  maximum number of reductions reached, breaking from loop
positioning took 0.7 minutes
Iteration 1 =========================================
n_averages=2, current_sigma=1
Computing target border values 
Entering MRIScomputeBorderValues_new(): 
  inside_hi   = 120.0000000;
  border_hi   = 110.7701800;
  border_low  =  71.0000000;
  outside_low =  61.9744870;
  outside_hi  = 110.7701800;
  sigma = 1;
  max_thickness = 10;
  step_size=0.5;
  STEP_SIZE=0.1;
  which = 1
  thresh = 0
  flags = 0
  CBVfindFirstPeakD1=0
  CBVfindFirstPeakD2=0
  nvertices=130024
  Gdiag_no=-1
  vno start=0, stop=130024
Replacing 255s with 0s
#SI# sigma=1 had to be increased for 60 vertices, nripped=8389
mean border=85.6, 90 (32) missing vertices, mean dist -0.2 [0.4 (%72.6)->0.2 (%27.4))]
%77 local maxima, %16 large gradients and % 0 min vals, 0 gradients ignored
nFirstPeakD1 0
MRIScomputeBorderValues_new() finished in 0.0079 min


Finding expansion regions
mean absolute distance = 0.37 +- 0.73
2692 vertices more than 2 sigmas from mean.
Averaging target values for 5 iterations...
Positioning Surface: tspring = 0.3, nspring = 0.3, spring = 0, niters = 100 l_repulse = 5, l_surf_repulse = 0, checktol = 0
Positioning pial surface
Entering MRISpositionSurface()
  max_mm = 0.3
  MAX_REDUCTIONS = 2, REDUCTION_PCT = 0.5
  parms->check_tol = 0, niterations = 100
tol=1.0e-04, sigma=1.0, host=dna07, nav=2, nbrs=2, l_repulse=5.000, l_tspring=0.300, l_nspring=0.300, l_intensity=0.200, l_curv=1.000
mom=0.00, dt=0.50
000: dt: 0.0000, sse=560089.3, rms=3.880
010: dt: 0.5000, sse=320454.9, rms=2.283 (41.153%)
011: dt: 0.5000, sse=286613.6, rms=1.962 (14.079%)
012: dt: 0.5000, sse=278423.8, rms=1.872 (4.593%)
rms = 1.9989/1.8716, sse=290259.9/278423.8, time step reduction 1 of 3 to 0.250  0 1 1
   RMS increased, rejecting step
013: dt: 0.2500, sse=233882.6, rms=1.280 (31.625%)
014: dt: 0.2500, sse=218105.7, rms=0.985 (23.028%)
015: dt: 0.2500, sse=214802.9, rms=0.922 (6.410%)
rms = 0.9132/0.9219, sse=214418.1/214802.9, time step reduction 2 of 3 to 0.125  0 0 1
016: dt: 0.2500, sse=214418.1, rms=0.913 (0.940%)
rms = 0.8993/0.9132, sse=213566.1/214418.1, time step reduction 3 of 3 to 0.062  0 0 1
017: dt: 0.1250, sse=213566.1, rms=0.899 (1.529%)
  maximum number of reductions reached, breaking from loop
positioning took 0.6 minutes
Iteration 2 =========================================
n_averages=1, current_sigma=0.5
Computing target border values 
Entering MRIScomputeBorderValues_new(): 
  inside_hi   = 120.0000000;
  border_hi   = 110.7701800;
  border_low  =  71.0000000;
  outside_low =  61.9744870;
  outside_hi  = 110.7701800;
  sigma = 0.5;
  max_thickness = 10;
  step_size=0.5;
  STEP_SIZE=0.1;
  which = 1
  thresh = 0
  flags = 0
  CBVfindFirstPeakD1=0
  CBVfindFirstPeakD2=0
  nvertices=130024
  Gdiag_no=-1
  vno start=0, stop=130024
Replacing 255s with 0s
#SI# sigma=0.5 had to be increased for 83 vertices, nripped=8389
mean border=87.4, 87 (25) missing vertices, mean dist -0.1 [0.3 (%70.2)->0.2 (%29.8))]
%85 local maxima, % 9 large gradients and % 0 min vals, 0 gradients ignored
nFirstPeakD1 0
MRIScomputeBorderValues_new() finished in 0.0047 min


Finding expansion regions
mean absolute distance = 0.28 +- 0.50
3072 vertices more than 2 sigmas from mean.
Averaging target values for 5 iterations...
Positioning Surface: tspring = 0.3, nspring = 0.3, spring = 0, niters = 100 l_repulse = 5, l_surf_repulse = 0, checktol = 0
Positioning pial surface
Entering MRISpositionSurface()
  max_mm = 0.3
  MAX_REDUCTIONS = 2, REDUCTION_PCT = 0.5
  parms->check_tol = 0, niterations = 100
tol=1.0e-04, sigma=0.5, host=dna07, nav=1, nbrs=2, l_repulse=5.000, l_tspring=0.300, l_nspring=0.300, l_intensity=0.200, l_curv=1.000
mom=0.00, dt=0.50
000: dt: 0.0000, sse=357163.0, rms=2.634
018: dt: 0.5000, sse=271775.6, rms=1.830 (30.512%)
rms = 1.8090/1.8300, sse=268562.1/271775.6, time step reduction 1 of 3 to 0.250  0 0 1
019: dt: 0.5000, sse=268562.1, rms=1.809 (1.149%)
020: dt: 0.2500, sse=211312.7, rms=0.957 (47.087%)
021: dt: 0.2500, sse=206777.7, rms=0.855 (10.697%)
rms = 0.8454/0.8548, sse=206509.2/206777.7, time step reduction 2 of 3 to 0.125  0 0 1
022: dt: 0.2500, sse=206509.2, rms=0.845 (1.102%)
rms = 0.8245/0.8454, sse=205666.1/206509.2, time step reduction 3 of 3 to 0.062  0 0 1
023: dt: 0.1250, sse=205666.1, rms=0.825 (2.465%)
  maximum number of reductions reached, breaking from loop
positioning took 0.4 minutes
Iteration 3 =========================================
n_averages=0, current_sigma=0.25
Computing target border values 
Entering MRIScomputeBorderValues_new(): 
  inside_hi   = 120.0000000;
  border_hi   = 110.7701800;
  border_low  =  71.0000000;
  outside_low =  61.9744870;
  outside_hi  = 110.7701800;
  sigma = 0.25;
  max_thickness = 10;
  step_size=0.5;
  STEP_SIZE=0.1;
  which = 1
  thresh = 0
  flags = 0
  CBVfindFirstPeakD1=0
  CBVfindFirstPeakD2=0
  nvertices=130024
  Gdiag_no=-1
  vno start=0, stop=130024
Replacing 255s with 0s
#SI# sigma=0.25 had to be increased for 75 vertices, nripped=8389
mean border=88.1, 101 (23) missing vertices, mean dist -0.1 [0.3 (%57.0)->0.2 (%43.0))]
%88 local maxima, % 6 large gradients and % 0 min vals, 0 gradients ignored
nFirstPeakD1 0
MRIScomputeBorderValues_new() finished in 0.0030 min


Finding expansion regions
mean absolute distance = 0.24 +- 0.38
3156 vertices more than 2 sigmas from mean.
Averaging target values for 5 iterations...
Positioning Surface: tspring = 0.3, nspring = 0.3, spring = 0, niters = 100 l_repulse = 5, l_surf_repulse = 0, checktol = 0
Positioning pial surface
Entering MRISpositionSurface()
  max_mm = 0.3
  MAX_REDUCTIONS = 2, REDUCTION_PCT = 0.5
  parms->check_tol = 0, niterations = 100
tol=1.0e-04, sigma=0.2, host=dna07, nav=0, nbrs=2, l_repulse=5.000, l_tspring=0.300, l_nspring=0.300, l_intensity=0.200, l_curv=1.000
mom=0.00, dt=0.50
000: dt: 0.0000, sse=227376.3, rms=1.305
024: dt: 0.5000, sse=219062.9, rms=1.113 (14.717%)
rms = 1.3164/1.1132, sse=229165.5/219062.9, time step reduction 1 of 3 to 0.250  0 1 1
   RMS increased, rejecting step
025: dt: 0.2500, sse=203943.0, rms=0.807 (27.545%)
026: dt: 0.2500, sse=201146.7, rms=0.736 (8.797%)
rms = 0.6992/0.7356, sse=199465.0/201146.7, time step reduction 2 of 3 to 0.125  0 0 1
027: dt: 0.2500, sse=199465.0, rms=0.699 (4.959%)
rms = 0.6805/0.6992, sse=199526.7/199465.0, time step reduction 3 of 3 to 0.062  0 1 1
028: dt: 0.1250, sse=199526.7, rms=0.681 (2.670%)
  maximum number of reductions reached, breaking from loop
positioning took 0.4 minutes


Writing output to ../surf/lh.white
#ET# mris_place_surface  2.20 minutes
#VMPC# mris_place_surfaces VmPeak  2980632
mris_place_surface done
#--------------------------------------------
#@# T1PialSurf lh Sat Apr  4 13:07:20 CEST 2026
cd /out/sourcedata/freesurfer/sub-v1s12x0050113_ses-1/mri
mris_place_surface --adgws-in ../surf/autodet.gw.stats.lh.dat --seg aseg.presurf.mgz --threads 16 --wm wm.mgz --invol brain.finalsurfs.mgz --lh --i ../surf/lh.white --o ../surf/lh.pial.T1 --pial --nsmooth 0 --rip-label ../label/lh.cortex+hipamyg.label --pin-medial-wall ../label/lh.cortex.label --aparc ../label/lh.aparc.annot --repulse-surf ../surf/lh.white --white-surf ../surf/lh.white
7.3.2
7.3.2

cd /out/sourcedata/freesurfer/sub-v1s12x0050113_ses-1/mri
setenv SUBJECTS_DIR /out/sourcedata/freesurfer
mris_place_surface --adgws-in ../surf/autodet.gw.stats.lh.dat --seg aseg.presurf.mgz --threads 16 --wm wm.mgz --invol brain.finalsurfs.mgz --lh --i ../surf/lh.white --o ../surf/lh.pial.T1 --pial --nsmooth 0 --rip-label ../label/lh.cortex+hipamyg.label --pin-medial-wall ../label/lh.cortex.label --aparc ../label/lh.aparc.annot --repulse-surf ../surf/lh.white --white-surf ../surf/lh.white 

Reading in input surface ../surf/lh.white
Not smoothing input surface
Area    260044  0.33652  0.12137 0.000953   3.1001
Corner  780132 60.00000 13.94261 0.206757 179.0623
Edge    390066  0.89154  0.19855 0.020512   3.8138
Hinge   390066  9.33316 10.01503 0.000068 179.9801
Reading white surface coordinates from ../surf/lh.white
Reading repulsion surface coordinates from ../surf/lh.white
Reading in aparc ../label/lh.aparc.annot
Reading in input volume brain.finalsurfs.mgz
Reading in wm volume wm.mgz
MRIclipBrightWM(): nthresh=13511, wmmin=5, clip=110 
MRIfindBrightNonWM(): 1164 bright non-wm voxels segmented.
Masking bright non-wm for pial surface mid_gray = 69.5766
MRImask(): AllowDiffGeom = 1
MRImask(): AllowDiffGeom = 1
MRImask(): AllowDiffGeom = 1
Reading in seg volume aseg.presurf.mgz
Ripping frozen voxels
Ripping vertices not in label ../label/lh.cortex+hipamyg.label
MRISripNotLabel() ripped 5739/130024 vertices (124285 unripped)
INFO: rip surface needed but not specified, so using input surface
Ripping segs (eg, WMSA, BG, frozen)
Starting MRISripSegs() d = (-2 2 0.5) segnos: 247 
MRISripSegs(): -2 2 0.5 ripped 0
vertex 65012: xyz = (-47.4076,-10.7328,8.43959) oxyz = (-47.4076,-10.7328,8.43959) wxzy = (-47.4076,-10.7328,8.43959) pxyz = (-47.4076,-10.7328,8.43959) 
CBVO Creating mask 130024
n_averages 16
Iteration 0 =========================================
n_averages=16, current_sigma=2
Computing target border values 
Entering MRIScomputeBorderValues_new(): 
  inside_hi   =  95.2298200;
  border_hi   =  61.9744870;
  border_low  =  43.9234620;
  outside_low =  10.0000000;
  outside_hi  =  57.4617310;
  sigma = 2;
  max_thickness = 10;
  step_size=0.5;
  STEP_SIZE=0.1;
  which = 2
  thresh = 0
  flags = 0
  CBVfindFirstPeakD1=0
  CBVfindFirstPeakD2=0
  nvertices=130024
  Gdiag_no=-1
  vno start=0, stop=130024
Replacing 255s with 0s
#SI# sigma=2 had to be increased for 134 vertices, nripped=5739
mean border=60.9, 119 (119) missing vertices, mean dist 1.3 [1.7 (%0.0)->2.9 (%100.0))]
% 8 local maxima, %35 large gradients and %53 min vals, 0 gradients ignored
nFirstPeakD1 0
MRIScomputeBorderValues_new() finished in 0.0113 min


Averaging target values for 5 iterations...
Positioning Surface: tspring = 0.3, nspring = 0.3, spring = 0, niters = 100 l_repulse = 0, l_surf_repulse = 5, checktol = 0
Positioning pial surface
Entering MRISpositionSurface()
  max_mm = 0.3
  MAX_REDUCTIONS = 2, REDUCTION_PCT = 0.5
  parms->check_tol = 0, niterations = 100
tol=1.0e-04, sigma=2.0, host=dna07, nav=16, nbrs=2, l_surf_repulse=5.000, l_tspring=0.300, l_nspring=0.300, l_intensity=0.200, l_curv=1.000
mom=0.00, dt=0.50
complete_dist_mat 0
rms 0
smooth_averages 0
remove_neg 0
ico_order 0
which_surface 0
target_radius 0.000000
nfields 0
scale 0.000000
desired_rms_height 0.000000
momentum 0.000000
nbhd_size 0
max_nbrs 0
niterations 100
nsurfaces 0
SURFACES 3
flags 0 (0)
use curv 0
no sulc 0
no rigid align 0
mris->nsize 2
mris->hemisphere 0
randomSeed 0

000: dt: 0.0000, sse=19543824.0, rms=27.921
001: dt: 0.5000, sse=13926877.0, rms=23.524 (15.747%)
002: dt: 0.5000, sse=9769999.0, rms=19.646 (16.488%)
003: dt: 0.5000, sse=6900256.5, rms=16.441 (16.311%)
004: dt: 0.5000, sse=5004750.5, rms=13.924 (15.308%)
005: dt: 0.5000, sse=3734714.2, rms=11.943 (14.230%)
006: dt: 0.5000, sse=2815447.8, rms=10.271 (13.998%)
007: dt: 0.5000, sse=2155911.8, rms=8.878 (13.565%)
008: dt: 0.5000, sse=1645221.2, rms=7.624 (14.122%)
009: dt: 0.5000, sse=1304614.6, rms=6.655 (12.705%)
010: dt: 0.5000, sse=1056606.6, rms=5.848 (12.135%)
011: dt: 0.5000, sse=927032.5, rms=5.375 (8.091%)
012: dt: 0.5000, sse=823607.9, rms=4.964 (7.647%)
013: dt: 0.5000, sse=785300.1, rms=4.799 (3.316%)
014: dt: 0.5000, sse=734501.9, rms=4.574 (4.682%)
rms = 4.5535/4.5743, sse=730923.1/734502.0, time step reduction 1 of 3 to 0.250  0 0 1
015: dt: 0.5000, sse=730923.1, rms=4.553 (0.456%)
016: dt: 0.2500, sse=557241.8, rms=3.687 (19.030%)
017: dt: 0.2500, sse=524041.9, rms=3.498 (5.131%)
rms = 3.5420/3.4978, sse=532386.3/524041.9, time step reduction 2 of 3 to 0.125  0 1 1
   RMS increased, rejecting step
018: dt: 0.1250, sse=489093.5, rms=3.288 (5.984%)
019: dt: 0.1250, sse=441032.4, rms=2.975 (9.532%)
020: dt: 0.1250, sse=428494.0, rms=2.887 (2.961%)
rms = 2.8516/2.8869, sse=423653.9/428494.0, time step reduction 3 of 3 to 0.062  0 0 1
021: dt: 0.1250, sse=423653.9, rms=2.852 (1.224%)
  maximum number of reductions reached, breaking from loop
positioning took 1.4 minutes
Iteration 1 =========================================
n_averages=8, current_sigma=1
Computing target border values 
Entering MRIScomputeBorderValues_new(): 
  inside_hi   =  95.2298200;
  border_hi   =  61.9744870;
  border_low  =  43.9234620;
  outside_low =  10.0000000;
  outside_hi  =  57.4617310;
  sigma = 1;
  max_thickness = 10;
  step_size=0.5;
  STEP_SIZE=0.1;
  which = 2
  thresh = 0
  flags = 0
  CBVfindFirstPeakD1=0
  CBVfindFirstPeakD2=0
  nvertices=130024
  Gdiag_no=-1
  vno start=0, stop=130024
Replacing 255s with 0s
#SI# sigma=1 had to be increased for 12524 vertices, nripped=5739
mean border=59.8, 2171 (48) missing vertices, mean dist 0.1 [0.2 (%52.4)->0.6 (%47.6))]
%14 local maxima, %30 large gradients and %50 min vals, 0 gradients ignored
nFirstPeakD1 0
MRIScomputeBorderValues_new() finished in 0.0043 min


Averaging target values for 5 iterations...
Positioning Surface: tspring = 0.3, nspring = 0.3, spring = 0, niters = 100 l_repulse = 0, l_surf_repulse = 5, checktol = 0
Positioning pial surface
Entering MRISpositionSurface()
  max_mm = 0.3
  MAX_REDUCTIONS = 2, REDUCTION_PCT = 0.5
  parms->check_tol = 0, niterations = 100
tol=1.0e-04, sigma=1.0, host=dna07, nav=8, nbrs=2, l_surf_repulse=5.000, l_tspring=0.300, l_nspring=0.300, l_intensity=0.200, l_curv=1.000
mom=0.00, dt=0.50
000: dt: 0.0000, sse=596521.4, rms=3.688
rms = 4.8350/3.6884, sse=840139.3/596521.4, time step reduction 1 of 3 to 0.250  0 1 1
   RMS increased, rejecting step
022: dt: 0.2500, sse=504728.7, rms=3.144 (14.766%)
rms = 3.2470/3.1438, sse=521515.9/504728.6, time step reduction 2 of 3 to 0.125  0 1 1
   RMS increased, rejecting step
023: dt: 0.1250, sse=491688.8, rms=3.058 (2.725%)
024: dt: 0.1250, sse=473073.6, rms=2.930 (4.204%)
025: dt: 0.1250, sse=464237.3, rms=2.866 (2.164%)
rms = 2.8163/2.8662, sse=457383.2/464237.3, time step reduction 3 of 3 to 0.062  0 0 1
026: dt: 0.1250, sse=457383.2, rms=2.816 (1.741%)
  maximum number of reductions reached, breaking from loop
positioning took 0.4 minutes
Iteration 2 =========================================
n_averages=4, current_sigma=0.5
Computing target border values 
Entering MRIScomputeBorderValues_new(): 
  inside_hi   =  95.2298200;
  border_hi   =  61.9744870;
  border_low  =  43.9234620;
  outside_low =  10.0000000;
  outside_hi  =  57.4617310;
  sigma = 0.5;
  max_thickness = 10;
  step_size=0.5;
  STEP_SIZE=0.1;
  which = 2
  thresh = 0
  flags = 0
  CBVfindFirstPeakD1=0
  CBVfindFirstPeakD2=0
  nvertices=130024
  Gdiag_no=-1
  vno start=0, stop=130024
Replacing 255s with 0s
#SI# sigma=0.5 had to be increased for 14153 vertices, nripped=5739
mean border=59.5, 2352 (43) missing vertices, mean dist 0.1 [0.2 (%46.3)->0.5 (%53.7))]
%23 local maxima, %21 large gradients and %50 min vals, 0 gradients ignored
nFirstPeakD1 0
MRIScomputeBorderValues_new() finished in 0.0019 min


Averaging target values for 5 iterations...
Positioning Surface: tspring = 0.3, nspring = 0.3, spring = 0, niters = 100 l_repulse = 0, l_surf_repulse = 5, checktol = 0
Positioning pial surface
Entering MRISpositionSurface()
  max_mm = 0.3
  MAX_REDUCTIONS = 2, REDUCTION_PCT = 0.5
  parms->check_tol = 0, niterations = 100
tol=1.0e-04, sigma=0.5, host=dna07, nav=4, nbrs=2, l_surf_repulse=5.000, l_tspring=0.300, l_nspring=0.300, l_intensity=0.200, l_curv=1.000
mom=0.00, dt=0.50
000: dt: 0.0000, sse=505318.4, rms=3.128
rms = 4.4030/3.1282, sse=742856.4/505318.4, time step reduction 1 of 3 to 0.250  0 1 1
   RMS increased, rejecting step
027: dt: 0.2500, sse=466300.2, rms=2.864 (8.431%)
rms = 3.0743/2.8644, sse=497086.0/466300.2, time step reduction 2 of 3 to 0.125  0 1 1
   RMS increased, rejecting step
028: dt: 0.1250, sse=457941.7, rms=2.804 (2.093%)
029: dt: 0.1250, sse=448929.1, rms=2.738 (2.368%)
rms = 2.7192/2.7381, sse=446456.6/448929.1, time step reduction 3 of 3 to 0.062  0 0 1
030: dt: 0.1250, sse=446456.6, rms=2.719 (0.690%)
  maximum number of reductions reached, breaking from loop
positioning took 0.4 minutes
Iteration 3 =========================================
n_averages=2, current_sigma=0.25
Computing target border values 
Entering MRIScomputeBorderValues_new(): 
  inside_hi   =  95.2298200;
  border_hi   =  61.9744870;
  border_low  =  43.9234620;
  outside_low =  10.0000000;
  outside_hi  =  57.4617310;
  sigma = 0.25;
  max_thickness = 10;
  step_size=0.5;
  STEP_SIZE=0.1;
  which = 2
  thresh = 0
  flags = 0
  CBVfindFirstPeakD1=0
  CBVfindFirstPeakD2=0
  nvertices=130024
  Gdiag_no=-1
  vno start=0, stop=130024
Replacing 255s with 0s
#SI# sigma=0.25 had to be increased for 12194 vertices, nripped=5739
mean border=58.9, 5533 (42) missing vertices, mean dist 0.1 [0.2 (%45.7)->0.4 (%54.3))]
%27 local maxima, %16 large gradients and %48 min vals, 0 gradients ignored
nFirstPeakD1 0
MRIScomputeBorderValues_new() finished in 0.0012 min


Averaging target values for 5 iterations...
Positioning Surface: tspring = 0.3, nspring = 0.3, spring = 0, niters = 100 l_repulse = 0, l_surf_repulse = 5, checktol = 0
Positioning pial surface
Entering MRISpositionSurface()
  max_mm = 0.3
  MAX_REDUCTIONS = 2, REDUCTION_PCT = 0.5
  parms->check_tol = 0, niterations = 100
tol=1.0e-04, sigma=0.2, host=dna07, nav=2, nbrs=2, l_surf_repulse=5.000, l_tspring=0.300, l_nspring=0.300, l_intensity=0.200, l_curv=1.000
mom=0.00, dt=0.50
000: dt: 0.0000, sse=484068.2, rms=2.979
rms = 4.4122/2.9792, sse=745233.1/484068.2, time step reduction 1 of 3 to 0.250  0 1 1
   RMS increased, rejecting step
031: dt: 0.2500, sse=451334.3, rms=2.749 (7.732%)
rms = 2.9251/2.7489, sse=475368.5/451334.3, time step reduction 2 of 3 to 0.125  0 1 1
   RMS increased, rejecting step
032: dt: 0.1250, sse=444549.4, rms=2.699 (1.827%)
033: dt: 0.1250, sse=435590.3, rms=2.632 (2.459%)
rms = 2.6037/2.6323, sse=431707.8/435590.3, time step reduction 3 of 3 to 0.062  0 0 1
034: dt: 0.1250, sse=431707.8, rms=2.604 (1.086%)
  maximum number of reductions reached, breaking from loop
positioning took 0.4 minutes
Pinning medial wall to white surface
removing intersecting faces
000: 2 intersecting
terminating search with 0 intersecting


Writing output to ../surf/lh.pial.T1
#ET# mris_place_surface  2.61 minutes
#VMPC# mris_place_surfaces VmPeak  2347908
mris_place_surface done
#@# white curv lh Sat Apr  4 13:10:01 CEST 2026
cd /out/sourcedata/freesurfer/sub-v1s12x0050113_ses-1/mri
mris_place_surface --curv-map ../surf/lh.white 2 10 ../surf/lh.curv
insurf  ../surf/lh.white, nbrs 2, curvature_avgs 10
writing curvature file ../surf/lh.curv
#@# white area lh Sat Apr  4 13:10:02 CEST 2026
cd /out/sourcedata/freesurfer/sub-v1s12x0050113_ses-1/mri
mris_place_surface --area-map ../surf/lh.white ../surf/lh.area
writing curvature file ../surf/lh.area
#@# pial curv lh Sat Apr  4 13:10:03 CEST 2026
cd /out/sourcedata/freesurfer/sub-v1s12x0050113_ses-1/mri
mris_place_surface --curv-map ../surf/lh.pial 2 10 ../surf/lh.curv.pial
insurf  ../surf/lh.pial, nbrs 2, curvature_avgs 10
writing curvature file ../surf/lh.curv.pial
#@# pial area lh Sat Apr  4 13:10:05 CEST 2026
cd /out/sourcedata/freesurfer/sub-v1s12x0050113_ses-1/mri
mris_place_surface --area-map ../surf/lh.pial ../surf/lh.area.pial
writing curvature file ../surf/lh.area.pial
#@# thickness lh Sat Apr  4 13:10:05 CEST 2026
cd /out/sourcedata/freesurfer/sub-v1s12x0050113_ses-1/mri
mris_place_surface --thickness ../surf/lh.white ../surf/lh.pial 20 5 ../surf/lh.thickness
0 of 130024 vertices processed
25000 of 130024 vertices processed
50000 of 130024 vertices processed
75000 of 130024 vertices processed
100000 of 130024 vertices processed
125000 of 130024 vertices processed
0 of 130024 vertices processed
25000 of 130024 vertices processed
50000 of 130024 vertices processed
75000 of 130024 vertices processed
100000 of 130024 vertices processed
125000 of 130024 vertices processed
thickness calculation complete, 44:525 truncations.
60637 vertices at 0 distance
112791 vertices at 1 distance
57707 vertices at 2 distance
19218 vertices at 3 distance
6405 vertices at 4 distance
2055 vertices at 5 distance
650 vertices at 6 distance
238 vertices at 7 distance
92 vertices at 8 distance
55 vertices at 9 distance
46 vertices at 10 distance
38 vertices at 11 distance
22 vertices at 12 distance
21 vertices at 13 distance
6 vertices at 14 distance
13 vertices at 15 distance
14 vertices at 16 distance
19 vertices at 17 distance
6 vertices at 18 distance
4 vertices at 19 distance
11 vertices at 20 distance
writing curvature file ../surf/lh.thickness
#@# area and vertex vol lh Sat Apr  4 13:10:23 CEST 2026
cd /out/sourcedata/freesurfer/sub-v1s12x0050113_ses-1/mri
mris_place_surface --thickness ../surf/lh.white ../surf/lh.pial 20 5 ../surf/lh.thickness
/out/sourcedata/freesurfer/sub-v1s12x0050113_ses-1/surf
mris_calc -o lh.area.mid lh.area add lh.area.pial
Saving result to 'lh.area.mid' (type = MRI_CURV_FILE)                       [ ok ]
mris_calc -o lh.area.mid lh.area.mid div 2
Saving result to 'lh.area.mid' (type = MRI_CURV_FILE)                       [ ok ]
mris_convert --volume sub-v1s12x0050113_ses-1 lh /out/sourcedata/freesurfer/sub-v1s12x0050113_ses-1/surf/lh.volume
masking with /out/sourcedata/freesurfer/sub-v1s12x0050113_ses-1/label/lh.cortex.label
Total face volume 222908
Total vertex volume 222717 (mask=0)
#@# sub-v1s12x0050113_ses-1 lh 222717
 
vertexvol Done

#-----------------------------------------
#@# Curvature Stats lh Sat Apr  4 13:10:24 CEST 2026
/out/sourcedata/freesurfer/sub-v1s12x0050113_ses-1/surf

 mris_curvature_stats -m --writeCurvatureFiles -G -o ../stats/lh.curv.stats -F smoothwm sub-v1s12x0050113_ses-1 lh curv sulc 

             Toggling save flag on curvature files                       [ ok ]
                 Outputting results using filestem   [ ../stats/lh.curv.stats ]
             Toggling save flag on curvature files                       [ ok ]
                                   Setting surface [ sub-v1s12x0050113_ses-1/lh.smoothwm ]
                                Reading surface...                       [ ok ]
                                   Setting texture                     [ curv ]
                                Reading texture...                       [ ok ]
                                   Setting texture                     [ sulc ]
                                Reading texture...Gb_filter = 0
                       [ ok ]
      Calculating Discrete Principal Curvatures...
      Determining geometric order for vno faces... [####################] [ ok ]
                      Determining KH curvatures... [####################] [ ok ]
                    Determining k1k2 curvatures... [####################] [ ok ]
                                   deltaViolations                      [ 210 ]
Gb_filter = 0

WARN:    S lookup   min:                          -0.120151
WARN:    S explicit min:                          0.000000	vertex = 26
#-----------------------------------------
#@# Cortical Parc 2 lh Sat Apr  4 13:10:26 CEST 2026
/out/sourcedata/freesurfer/sub-v1s12x0050113_ses-1/scripts

 mris_ca_label -l ../label/lh.cortex.label -aseg ../mri/aseg.presurf.mgz -seed 1234 sub-v1s12x0050113_ses-1 lh ../surf/lh.sphere.reg /opt/freesurfer/average/lh.CDaparc.atlas.acfb40.noaparc.i12.2016-08-02.gcs ../label/lh.aparc.a2009s.annot 

setting seed for random number generator to 1234
using ../mri/aseg.presurf.mgz aseg volume to correct midline
7.3.2
  7.3.2
reading atlas from /opt/freesurfer/average/lh.CDaparc.atlas.acfb40.noaparc.i12.2016-08-02.gcs...
reading color table from GCSA file....
average std = 3.0   using min determinant for regularization = 0.088
0 singular and 0 ill-conditioned covariance matrices regularized
input 0: MEAN CURVATURE, flags 0, avgs 5, name mean_curvature
labeling surface...
38 labels changed using aseg
relabeling using gibbs priors...
000:   8747 changed, 130024 examined...
001:   2030 changed, 33818 examined...
002:    584 changed, 10725 examined...
003:    261 changed, 3430 examined...
004:    131 changed, 1479 examined...
005:     71 changed, 736 examined...
006:     37 changed, 402 examined...
007:     22 changed, 213 examined...
008:      9 changed, 131 examined...
009:      5 changed, 57 examined...
010:      4 changed, 29 examined...
011:      3 changed, 25 examined...
012:      3 changed, 18 examined...
013:      1 changed, 13 examined...
014:      0 changed, 6 examined...
18 labels changed using aseg
000: 212 total segments, 129 labels (1654 vertices) changed
001: 92 total segments, 9 labels (14 vertices) changed
002: 84 total segments, 1 labels (1 vertices) changed
003: 83 total segments, 0 labels (0 vertices) changed
10 filter iterations complete (10 requested, 20 changed)
rationalizing unknown annotations with cortex label
relabeling Medial_wall label...
1188 vertices marked for relabeling...
1188 labels changed in reclassification.
writing output to ../label/lh.aparc.a2009s.annot...
classification took 0 minutes and 10 seconds.
#-----------------------------------------
#@# Cortical Parc 3 lh Sat Apr  4 13:10:35 CEST 2026
/out/sourcedata/freesurfer/sub-v1s12x0050113_ses-1/scripts

 mris_ca_label -l ../label/lh.cortex.label -aseg ../mri/aseg.presurf.mgz -seed 1234 sub-v1s12x0050113_ses-1 lh ../surf/lh.sphere.reg /opt/freesurfer/average/lh.DKTaparc.atlas.acfb40.noaparc.i12.2016-08-02.gcs ../label/lh.aparc.DKTatlas.annot 

setting seed for random number generator to 1234
using ../mri/aseg.presurf.mgz aseg volume to correct midline
7.3.2
  7.3.2
reading atlas from /opt/freesurfer/average/lh.DKTaparc.atlas.acfb40.noaparc.i12.2016-08-02.gcs...
reading color table from GCSA file....
average std = 1.4   using min determinant for regularization = 0.020
0 singular and 383 ill-conditioned covariance matrices regularized
input 0: MEAN CURVATURE, flags 0, avgs 5, name mean_curvature
labeling surface...
1753 labels changed using aseg
relabeling using gibbs priors...
000:   1860 changed, 130024 examined...
001:    418 changed, 8717 examined...
002:    110 changed, 2497 examined...
003:     42 changed, 676 examined...
004:     15 changed, 267 examined...
005:     12 changed, 92 examined...
006:      7 changed, 74 examined...
007:      3 changed, 39 examined...
008:      3 changed, 17 examined...
009:      2 changed, 17 examined...
010:      1 changed, 13 examined...
011:      1 changed, 7 examined...
012:      1 changed, 6 examined...
013:      1 changed, 6 examined...
014:      1 changed, 7 examined...
015:      3 changed, 7 examined...
016:      5 changed, 12 examined...
017:      5 changed, 22 examined...
018:      7 changed, 27 examined...
019:      5 changed, 29 examined...
020:      6 changed, 22 examined...
021:      5 changed, 26 examined...
022:      2 changed, 24 examined...
023:      1 changed, 15 examined...
024:      1 changed, 7 examined...
025:      1 changed, 6 examined...
026:      1 changed, 6 examined...
027:      1 changed, 7 examined...
028:      2 changed, 9 examined...
029:      2 changed, 11 examined...
030:      4 changed, 12 examined...
031:      2 changed, 19 examined...
032:      2 changed, 11 examined...
033:      2 changed, 9 examined...
034:      0 changed, 10 examined...
267 labels changed using aseg
000: 45 total segments, 12 labels (89 vertices) changed
001: 33 total segments, 0 labels (0 vertices) changed
10 filter iterations complete (10 requested, 2 changed)
rationalizing unknown annotations with cortex label
relabeling unknown label...
relabeling corpuscallosum label...
896 vertices marked for relabeling...
896 labels changed in reclassification.
writing output to ../label/lh.aparc.DKTatlas.annot...
classification took 0 minutes and 7 seconds.
#-----------------------------------------
#@# WM/GM Contrast lh Sat Apr  4 13:10:42 CEST 2026
/out/sourcedata/freesurfer/sub-v1s12x0050113_ses-1/scripts

 pctsurfcon --s sub-v1s12x0050113_ses-1 --lh-only 

Log file is /out/sourcedata/freesurfer/sub-v1s12x0050113_ses-1/scripts/pctsurfcon.log
Sat Apr  4 13:10:42 CEST 2026
setenv SUBJECTS_DIR /out/sourcedata/freesurfer
cd /out/sourcedata/freesurfer/sub-v1s12x0050113_ses-1/scripts
/opt/freesurfer/bin/pctsurfcon
pctsurfcon 7.3.2
Linux dna070 5.14.0-427.37.1.el9_4.x86_64 #1 SMP PREEMPT_DYNAMIC Fri Sep 13 12:41:50 EDT 2024 x86_64 x86_64 x86_64 GNU/Linux
FREESURFER_HOME /opt/freesurfer
mri_vol2surf --mov /out/sourcedata/freesurfer/sub-v1s12x0050113_ses-1/mri/rawavg.mgz --hemi lh --noreshape --interp trilinear --projdist -1 --o /out/sourcedata/freesurfer/sub-v1s12x0050113_ses-1/surf/tmp.pctsurfcon.2273934/lh.wm.mgh --regheader sub-v1s12x0050113_ses-1 --cortex
srcvol = /out/sourcedata/freesurfer/sub-v1s12x0050113_ses-1/mri/rawavg.mgz
srcreg unspecified
srcregold = 0
srcwarp unspecified
surf = white
hemi = lh
ProjDist = -1
reshape = 0
interp = trilinear
float2int = round
GetProjMax = 0
INFO: float2int code = 0
Done loading volume
Computing registration from header.
  Using /out/sourcedata/freesurfer/sub-v1s12x0050113_ses-1/mri/orig.mgz as target reference.
-------- original matrix -----------
-0.99974   0.00000  -0.02269  -0.00002;
-0.02269   0.00000   0.99974  -0.00001;
 0.00000  -1.00000   0.00000   0.00000;
 0.00000   0.00000   0.00000   1.00000;
-------- original matrix -----------
Loading label /out/sourcedata/freesurfer/sub-v1s12x0050113_ses-1/label/lh.cortex.label
Reading surface /out/sourcedata/freesurfer/sub-v1s12x0050113_ses-1/surf/lh.white
Done reading source surface
Mapping Source Volume onto Source Subject Surface
Projecting -1 -1 1
 1 -1 -1 -1
using old
Done mapping volume to surface
Number of source voxels hit = 75618
Masking with /out/sourcedata/freesurfer/sub-v1s12x0050113_ses-1/label/lh.cortex.label
Writing to /out/sourcedata/freesurfer/sub-v1s12x0050113_ses-1/surf/tmp.pctsurfcon.2273934/lh.wm.mgh
Dim: 130024 1 1
mri_vol2surf --mov /out/sourcedata/freesurfer/sub-v1s12x0050113_ses-1/mri/rawavg.mgz --hemi lh --noreshape --interp trilinear --o /out/sourcedata/freesurfer/sub-v1s12x0050113_ses-1/surf/tmp.pctsurfcon.2273934/lh.gm.mgh --projfrac 0.3 --regheader sub-v1s12x0050113_ses-1 --cortex
srcvol = /out/sourcedata/freesurfer/sub-v1s12x0050113_ses-1/mri/rawavg.mgz
srcreg unspecified
srcregold = 0
srcwarp unspecified
surf = white
hemi = lh
ProjFrac = 0.3
thickness = thickness
reshape = 0
interp = trilinear
float2int = round
GetProjMax = 0
INFO: float2int code = 0
Done loading volume
Computing registration from header.
  Using /out/sourcedata/freesurfer/sub-v1s12x0050113_ses-1/mri/orig.mgz as target reference.
-------- original matrix -----------
-0.99974   0.00000  -0.02269  -0.00002;
-0.02269   0.00000   0.99974  -0.00001;
 0.00000  -1.00000   0.00000   0.00000;
 0.00000   0.00000   0.00000   1.00000;
-------- original matrix -----------
Loading label /out/sourcedata/freesurfer/sub-v1s12x0050113_ses-1/label/lh.cortex.label
Reading surface /out/sourcedata/freesurfer/sub-v1s12x0050113_ses-1/surf/lh.white
Done reading source surface
Reading thickness /out/sourcedata/freesurfer/sub-v1s12x0050113_ses-1/surf/lh.thickness
Done
Mapping Source Volume onto Source Subject Surface
Projecting 0.3 0.3 1
 1 0.3 0.3 0.3
using old
Done mapping volume to surface
Number of source voxels hit = 87466
Masking with /out/sourcedata/freesurfer/sub-v1s12x0050113_ses-1/label/lh.cortex.label
Writing to /out/sourcedata/freesurfer/sub-v1s12x0050113_ses-1/surf/tmp.pctsurfcon.2273934/lh.gm.mgh
Dim: 130024 1 1
mri_concat /out/sourcedata/freesurfer/sub-v1s12x0050113_ses-1/surf/tmp.pctsurfcon.2273934/lh.wm.mgh /out/sourcedata/freesurfer/sub-v1s12x0050113_ses-1/surf/tmp.pctsurfcon.2273934/lh.gm.mgh --paired-diff-norm --mul 100 --o /out/sourcedata/freesurfer/sub-v1s12x0050113_ses-1/surf/lh.w-g.pct.mgh
ninputs = 2
Checking inputs
nframestot = 2
Allocing output
Done allocing
Combining pairs
nframes = 1
Multiplying by 100.000000
Writing to /out/sourcedata/freesurfer/sub-v1s12x0050113_ses-1/surf/lh.w-g.pct.mgh
mri_segstats --in /out/sourcedata/freesurfer/sub-v1s12x0050113_ses-1/surf/lh.w-g.pct.mgh --annot sub-v1s12x0050113_ses-1 lh aparc --sum /out/sourcedata/freesurfer/sub-v1s12x0050113_ses-1/stats/lh.w-g.pct.stats --snr

7.3.2
cwd 
cmdline mri_segstats --in /out/sourcedata/freesurfer/sub-v1s12x0050113_ses-1/surf/lh.w-g.pct.mgh --annot sub-v1s12x0050113_ses-1 lh aparc --sum /out/sourcedata/freesurfer/sub-v1s12x0050113_ses-1/stats/lh.w-g.pct.stats --snr 
sysname  Linux
hostname dna070
machine  x86_64
user     oesteban
whitesurfname  white
UseRobust  0
Constructing seg from annotation

Reading annotation /out/sourcedata/freesurfer/sub-v1s12x0050113_ses-1/label/lh.aparc.annot
Seg base 1000
Loading /out/sourcedata/freesurfer/sub-v1s12x0050113_ses-1/surf/lh.w-g.pct.mgh
Vertex Area is 0.673026 mm^3
Generating list of segmentation ids
Found  36 segmentations
Computing statistics for each segmentation

Reporting on  35 segmentations
Using PrintSegStat
mri_segstats done
Cleaning up

Started at Sat Apr 4 12:51:16 CEST 2026 
Ended   at Sat Apr 4 13:10:45 CEST 2026
#@#%# recon-all-run-time-hours 0.325
recon-all -s sub-v1s12x0050113_ses-1 finished without error at Sat Apr  4 13:10:45 CEST 2026



#New# invocation of recon-all 




Sat Apr  4 13:31:40 CEST 2026
cd /out/sourcedata/freesurfer/sub-v1s12x0050113_ses-1
setenv SUBJECTS_DIR /out/sourcedata/freesurfer
/opt/freesurfer/bin/recon-all -autorecon-hemi lh -nohyporelabel -lh-only -openmp 16 -subjid sub-v1s12x0050113_ses-1 -sd /out/sourcedata/freesurfer -notessellate -nosmooth1 -noinflate1 -noqsphere -nofix -nowhite -nosmooth2 -noinflate2 -nocurvHK -nocurvstats -nosphere -nosurfreg -nojacobian_white -noavgcurv -nocortparc -nopial -nocortparc2 -nocortparc3 -nopctsurfcon

subjid sub-v1s12x0050113_ses-1
setenv SUBJECTS_DIR /out/sourcedata/freesurfer
FREESURFER_HOME /opt/freesurfer
Actual FREESURFER_HOME /opt/freesurfer
build-stamp.txt: freesurfer-linux-ubuntu22_x86_64-7.3.2-20220804-6354275
Linux dna070 5.14.0-427.37.1.el9_4.x86_64 #1 SMP PREEMPT_DYNAMIC Fri Sep 13 12:41:50 EDT 2024 x86_64 x86_64 x86_64 GNU/Linux
cputime      unlimited
filesize     unlimited
datasize     unlimited
stacksize    8192 kbytes
coredumpsize 0 kbytes
memoryuse    67108864 kbytes
vmemoryuse   unlimited
descriptors  1024 
memorylocked unlimited
maxproc      2061970 
maxlocks     unlimited
maxsignal    2062029 
maxmessage   819200 
maxnice      0 
maxrtprio    0 
maxrttime    unlimited

               total        used        free      shared  buff/cache   available
Mem:           503Gi        48Gi       282Gi        16Gi       172Gi       435Gi
Swap:             0B          0B          0B

########################################
program versions used
7.3.2 (freesurfer-linux-ubuntu22_x86_64-7.3.2-20220804-6354275)
7.3.2

ProgramName: lta_convert  ProgramArguments: lta_convert -all-info  ProgramVersion: 7.3.2  TimeStamp: 2026/04/04-11:31:40-GMT  BuildTime: Aug  4 2022 06:17:15  BuildStamp: freesurfer-linux-ubuntu22_x86_64-7.3.2-20220804-6354275  User: oesteban  Machine: dna070  Platform: Linux  PlatformVersion: 5.14.0-427.37.1.el9_4.x86_64  CompilerName: GCC  CompilerVersion: 8.4.0
ProgramName: mri_and  ProgramArguments: mri_and -all-info  ProgramVersion: 7.3.2  TimeStamp: 2026/04/04-11:31:40-GMT  BuildTime: Aug  4 2022 06:17:15  BuildStamp: freesurfer-linux-ubuntu22_x86_64-7.3.2-20220804-6354275  User: oesteban  Machine: dna070  Platform: Linux  PlatformVersion: 5.14.0-427.37.1.el9_4.x86_64  CompilerName: GCC  CompilerVersion: 8.4.0
ProgramName: mri_annotation2label  ProgramArguments: mri_annotation2label -all-info  ProgramVersion: 7.3.2  TimeStamp: 2026/04/04-11:31:40-GMT  BuildTime: Aug  4 2022 06:17:15  BuildStamp: freesurfer-linux-ubuntu22_x86_64-7.3.2-20220804-6354275  User: oesteban  Machine: dna070  Platform: Linux  PlatformVersion: 5.14.0-427.37.1.el9_4.x86_64  CompilerName: GCC  CompilerVersion: 8.4.0
ProgramName: mri_aparc2aseg  ProgramArguments: mri_aparc2aseg -all-info  ProgramVersion: 7.3.2  TimeStamp: 2026/04/04-11:31:40-GMT  BuildTime: Aug  4 2022 06:17:15  BuildStamp: freesurfer-linux-ubuntu22_x86_64-7.3.2-20220804-6354275  User: oesteban  Machine: dna070  Platform: Linux  PlatformVersion: 5.14.0-427.37.1.el9_4.x86_64  CompilerName: GCC  CompilerVersion: 8.4.0
ProgramName: mri_surf2volseg  ProgramArguments: mri_surf2volseg -all-info  ProgramVersion: 7.3.2  TimeStamp: 2026/04/04-11:31:40-GMT  BuildTime: Aug  4 2022 06:17:15  BuildStamp: freesurfer-linux-ubuntu22_x86_64-7.3.2-20220804-6354275  User: oesteban  Machine: dna070  Platform: Linux  PlatformVersion: 5.14.0-427.37.1.el9_4.x86_64  CompilerName: GCC  CompilerVersion: 8.4.0
ProgramName: mri_binarize  ProgramArguments: mri_binarize -all-info  ProgramVersion: 7.3.2  TimeStamp: 2026/04/04-11:31:40-GMT  BuildTime: Aug  4 2022 06:17:15  BuildStamp: freesurfer-linux-ubuntu22_x86_64-7.3.2-20220804-6354275  User: oesteban  Machine: dna070  Platform: Linux  PlatformVersion: 5.14.0-427.37.1.el9_4.x86_64  CompilerName: GCC  CompilerVersion: 8.4.0
ProgramName: mri_ca_label  ProgramArguments: mri_ca_label -all-info  ProgramVersion: 7.3.2  TimeStamp: 2026/04/04-11:31:40-GMT  BuildTime: Aug  4 2022 06:17:15  BuildStamp: freesurfer-linux-ubuntu22_x86_64-7.3.2-20220804-6354275  User: oesteban  Machine: dna070  Platform: Linux  PlatformVersion: 5.14.0-427.37.1.el9_4.x86_64  CompilerName: GCC  CompilerVersion: 8.4.0
ProgramName: mri_ca_normalize  ProgramArguments: mri_ca_normalize -all-info  ProgramVersion: 7.3.2  TimeStamp: 2026/04/04-11:31:40-GMT  BuildTime: Aug  4 2022 06:17:15  BuildStamp: freesurfer-linux-ubuntu22_x86_64-7.3.2-20220804-6354275  User: oesteban  Machine: dna070  Platform: Linux  PlatformVersion: 5.14.0-427.37.1.el9_4.x86_64  CompilerName: GCC  CompilerVersion: 8.4.0
ProgramName: mri_ca_register  ProgramArguments: mri_ca_register -all-info  ProgramVersion: 7.3.2  TimeStamp: 2026/04/04-11:31:40-GMT  BuildTime: Aug  4 2022 06:17:15  BuildStamp: freesurfer-linux-ubuntu22_x86_64-7.3.2-20220804-6354275  User: oesteban  Machine: dna070  Platform: Linux  PlatformVersion: 5.14.0-427.37.1.el9_4.x86_64  CompilerName: GCC  CompilerVersion: 8.4.0
ProgramName: mri_cc  ProgramArguments: mri_cc -all-info  ProgramVersion: 7.3.2  TimeStamp: 2026/04/04-11:31:40-GMT  BuildTime: Aug  4 2022 06:17:15  BuildStamp: freesurfer-linux-ubuntu22_x86_64-7.3.2-20220804-6354275  User: oesteban  Machine: dna070  Platform: Linux  PlatformVersion: 5.14.0-427.37.1.el9_4.x86_64  CompilerName: GCC  CompilerVersion: 8.4.0
ProgramName: mri_compute_overlap  ProgramArguments: mri_compute_overlap -all-info  ProgramVersion: 7.3.2  TimeStamp: 2026/04/04-11:31:40-GMT  BuildTime: Aug  4 2022 06:17:15  BuildStamp: freesurfer-linux-ubuntu22_x86_64-7.3.2-20220804-6354275  User: oesteban  Machine: dna070  Platform: Linux  PlatformVersion: 5.14.0-427.37.1.el9_4.x86_64  CompilerName: GCC  CompilerVersion: 8.4.0
ProgramName: mri_compute_seg_overlap  ProgramArguments: mri_compute_seg_overlap -all-info  ProgramVersion: 7.3.2  TimeStamp: 2026/04/04-11:31:40-GMT  BuildTime: Aug  4 2022 06:17:15  BuildStamp: freesurfer-linux-ubuntu22_x86_64-7.3.2-20220804-6354275  User: oesteban  Machine: dna070  Platform: Linux  PlatformVersion: 5.14.0-427.37.1.el9_4.x86_64  CompilerName: GCC  CompilerVersion: 8.4.0
ProgramName: mri_concat  ProgramArguments: mri_concat -all-info  ProgramVersion: 7.3.2  TimeStamp: 2026/04/04-11:31:40-GMT  BuildTime: Aug  4 2022 06:17:15  BuildStamp: freesurfer-linux-ubuntu22_x86_64-7.3.2-20220804-6354275  User: oesteban  Machine: dna070  Platform: Linux  PlatformVersion: 5.14.0-427.37.1.el9_4.x86_64  CompilerName: GCC  CompilerVersion: 8.4.0
ProgramName: mri_concatenate_lta  ProgramArguments: mri_concatenate_lta -all-info  ProgramVersion: 7.3.2  TimeStamp: 2026/04/04-11:31:40-GMT  BuildTime: Aug  4 2022 06:17:15  BuildStamp: freesurfer-linux-ubuntu22_x86_64-7.3.2-20220804-6354275  User: oesteban  Machine: dna070  Platform: Linux  PlatformVersion: 5.14.0-427.37.1.el9_4.x86_64  CompilerName: GCC  CompilerVersion: 8.4.0
mri_convert -all-info 
ProgramName: mri_convert  ProgramArguments: mri_convert -all-info  ProgramVersion: 7.3.2  TimeStamp: 2026/04/04-11:31:40-GMT  BuildTime: Aug  4 2022 06:17:15  BuildStamp: freesurfer-linux-ubuntu22_x86_64-7.3.2-20220804-6354275  User: oesteban  Machine: dna070  Platform: Linux  PlatformVersion: 5.14.0-427.37.1.el9_4.x86_64  CompilerName: GCC  CompilerVersion: 8.4.0
ProgramName: mri_diff  ProgramArguments: mri_diff -all-info  ProgramVersion: 7.3.2  TimeStamp: 2026/04/04-11:31:40-GMT  BuildTime: Aug  4 2022 06:17:15  BuildStamp: freesurfer-linux-ubuntu22_x86_64-7.3.2-20220804-6354275  User: oesteban  Machine: dna070  Platform: Linux  PlatformVersion: 5.14.0-427.37.1.el9_4.x86_64  CompilerName: GCC  CompilerVersion: 8.4.0
ProgramName: mri_edit_wm_with_aseg  ProgramArguments: mri_edit_wm_with_aseg -all-info  ProgramVersion: 7.3.2  TimeStamp: 2026/04/04-11:31:40-GMT  BuildTime: Aug  4 2022 06:17:15  BuildStamp: freesurfer-linux-ubuntu22_x86_64-7.3.2-20220804-6354275  User: oesteban  Machine: dna070  Platform: Linux  PlatformVersion: 5.14.0-427.37.1.el9_4.x86_64  CompilerName: GCC  CompilerVersion: 8.4.0
ProgramName: mri_em_register  ProgramArguments: mri_em_register -all-info  ProgramVersion: 7.3.2  TimeStamp: 2026/04/04-11:31:40-GMT  BuildTime: Aug  4 2022 06:17:15  BuildStamp: freesurfer-linux-ubuntu22_x86_64-7.3.2-20220804-6354275  User: oesteban  Machine: dna070  Platform: Linux  PlatformVersion: 5.14.0-427.37.1.el9_4.x86_64  CompilerName: GCC  CompilerVersion: 8.4.0
ProgramName: mri_fill  ProgramArguments: mri_fill -all-info  ProgramVersion: 7.3.2  TimeStamp: 2026/04/04-11:31:40-GMT  BuildTime: Aug  4 2022 06:17:15  BuildStamp: freesurfer-linux-ubuntu22_x86_64-7.3.2-20220804-6354275  User: oesteban  Machine: dna070  Platform: Linux  PlatformVersion: 5.14.0-427.37.1.el9_4.x86_64  CompilerName: GCC  CompilerVersion: 8.4.0
ProgramName: mri_fuse_segmentations  ProgramArguments: mri_fuse_segmentations -all-info  ProgramVersion: 7.3.2  TimeStamp: 2026/04/04-11:31:40-GMT  BuildTime: Aug  4 2022 06:17:15  BuildStamp: freesurfer-linux-ubuntu22_x86_64-7.3.2-20220804-6354275  User: oesteban  Machine: dna070  Platform: Linux  PlatformVersion: 5.14.0-427.37.1.el9_4.x86_64  CompilerName: GCC  CompilerVersion: 8.4.0
ProgramName: mri_fwhm  ProgramArguments: mri_fwhm -all-info  ProgramVersion: 7.3.2  TimeStamp: 2026/04/04-11:31:40-GMT  BuildTime: Aug  4 2022 06:17:15  BuildStamp: freesurfer-linux-ubuntu22_x86_64-7.3.2-20220804-6354275  User: oesteban  Machine: dna070  Platform: Linux  PlatformVersion: 5.14.0-427.37.1.el9_4.x86_64  CompilerName: GCC  CompilerVersion: 8.4.0
ProgramName: mri_gcut  ProgramArguments: mri_gcut -all-info  ProgramVersion: 7.3.2  TimeStamp: 2026/04/04-11:31:40-GMT  BuildTime: Aug  4 2022 06:17:15  BuildStamp: freesurfer-linux-ubuntu22_x86_64-7.3.2-20220804-6354275  User: oesteban  Machine: dna070  Platform: Linux  PlatformVersion: 5.14.0-427.37.1.el9_4.x86_64  CompilerName: GCC  CompilerVersion: 8.4.0
ProgramName: mri_info  ProgramArguments: mri_info -all-info  ProgramVersion: 7.3.2  TimeStamp: 2026/04/04-11:31:40-GMT  BuildTime: Aug  4 2022 06:17:15  BuildStamp: freesurfer-linux-ubuntu22_x86_64-7.3.2-20220804-6354275  User: oesteban  Machine: dna070  Platform: Linux  PlatformVersion: 5.14.0-427.37.1.el9_4.x86_64  CompilerName: GCC  CompilerVersion: 8.4.0
ProgramName: mri_label2label  ProgramArguments: mri_label2label -all-info  ProgramVersion: 7.3.2  TimeStamp: 2026/04/04-11:31:40-GMT  BuildTime: Aug  4 2022 06:17:15  BuildStamp: freesurfer-linux-ubuntu22_x86_64-7.3.2-20220804-6354275  User: oesteban  Machine: dna070  Platform: Linux  PlatformVersion: 5.14.0-427.37.1.el9_4.x86_64  CompilerName: GCC  CompilerVersion: 8.4.0
ProgramName: mri_label2vol  ProgramArguments: mri_label2vol -all-info  ProgramVersion: 7.3.2  TimeStamp: 2026/04/04-11:31:40-GMT  BuildTime: Aug  4 2022 06:17:15  BuildStamp: freesurfer-linux-ubuntu22_x86_64-7.3.2-20220804-6354275  User: oesteban  Machine: dna070  Platform: Linux  PlatformVersion: 5.14.0-427.37.1.el9_4.x86_64  CompilerName: GCC  CompilerVersion: 8.4.0
ProgramName: mri_log_likelihood  ProgramArguments: mri_log_likelihood -all-info  ProgramVersion: 7.3.2  TimeStamp: 2026/04/04-11:31:40-GMT  BuildTime: Aug  4 2022 06:17:15  BuildStamp: freesurfer-linux-ubuntu22_x86_64-7.3.2-20220804-6354275  User: oesteban  Machine: dna070  Platform: Linux  PlatformVersion: 5.14.0-427.37.1.el9_4.x86_64  CompilerName: GCC  CompilerVersion: 8.4.0
ProgramName: mri_mask  ProgramArguments: mri_mask -all-info  ProgramVersion: 7.3.2  TimeStamp: 2026/04/04-11:31:40-GMT  BuildTime: Aug  4 2022 06:17:15  BuildStamp: freesurfer-linux-ubuntu22_x86_64-7.3.2-20220804-6354275  User: oesteban  Machine: dna070  Platform: Linux  PlatformVersion: 5.14.0-427.37.1.el9_4.x86_64  CompilerName: GCC  CompilerVersion: 8.4.0
ProgramName: mri_matrix_multiply  ProgramArguments: mri_matrix_multiply -all-info  ProgramVersion: 7.3.2  TimeStamp: 2026/04/04-11:31:40-GMT  BuildTime: Aug  4 2022 06:17:15  BuildStamp: freesurfer-linux-ubuntu22_x86_64-7.3.2-20220804-6354275  User: oesteban  Machine: dna070  Platform: Linux  PlatformVersion: 5.14.0-427.37.1.el9_4.x86_64  CompilerName: GCC  CompilerVersion: 8.4.0
ProgramName: mri_normalize  ProgramArguments: mri_normalize -all-info  ProgramVersion: 7.3.2  TimeStamp: 2026/04/04-11:31:40-GMT  BuildTime: Aug  4 2022 06:17:15  BuildStamp: freesurfer-linux-ubuntu22_x86_64-7.3.2-20220804-6354275  User: oesteban  Machine: dna070  Platform: Linux  PlatformVersion: 5.14.0-427.37.1.el9_4.x86_64  CompilerName: GCC  CompilerVersion: 8.4.0
ProgramName: mri_normalize_tp2  ProgramArguments: mri_normalize_tp2 -all-info  ProgramVersion: 7.3.2  TimeStamp: 2026/04/04-11:31:40-GMT  BuildTime: Aug  4 2022 06:17:15  BuildStamp: freesurfer-linux-ubuntu22_x86_64-7.3.2-20220804-6354275  User: oesteban  Machine: dna070  Platform: Linux  PlatformVersion: 5.14.0-427.37.1.el9_4.x86_64  CompilerName: GCC  CompilerVersion: 8.4.0
ProgramName: mri_or  ProgramArguments: mri_or -all-info  ProgramVersion: 7.3.2  TimeStamp: 2026/04/04-11:31:40-GMT  BuildTime: Aug  4 2022 06:17:15  BuildStamp: freesurfer-linux-ubuntu22_x86_64-7.3.2-20220804-6354275  User: oesteban  Machine: dna070  Platform: Linux  PlatformVersion: 5.14.0-427.37.1.el9_4.x86_64  CompilerName: GCC  CompilerVersion: 8.4.0
ProgramName: mri_relabel_hypointensities  ProgramArguments: mri_relabel_hypointensities -all-info  ProgramVersion: 7.3.2  TimeStamp: 2026/04/04-11:31:40-GMT  BuildTime: Aug  4 2022 06:17:15  BuildStamp: freesurfer-linux-ubuntu22_x86_64-7.3.2-20220804-6354275  User: oesteban  Machine: dna070  Platform: Linux  PlatformVersion: 5.14.0-427.37.1.el9_4.x86_64  CompilerName: GCC  CompilerVersion: 8.4.0
ProgramName: mri_relabel_nonwm_hypos  ProgramArguments: mri_relabel_nonwm_hypos -all-info  ProgramVersion: 7.3.2  TimeStamp: 2026/04/04-11:31:40-GMT  BuildTime: Aug  4 2022 06:17:15  BuildStamp: freesurfer-linux-ubuntu22_x86_64-7.3.2-20220804-6354275  User: oesteban  Machine: dna070  Platform: Linux  PlatformVersion: 5.14.0-427.37.1.el9_4.x86_64  CompilerName: GCC  CompilerVersion: 8.4.0
ProgramName: mri_remove_neck  ProgramArguments: mri_remove_neck -all-info  ProgramVersion: 7.3.2  TimeStamp: 2026/04/04-11:31:40-GMT  BuildTime: Aug  4 2022 06:17:15  BuildStamp: freesurfer-linux-ubuntu22_x86_64-7.3.2-20220804-6354275  User: oesteban  Machine: dna070  Platform: Linux  PlatformVersion: 5.14.0-427.37.1.el9_4.x86_64  CompilerName: GCC  CompilerVersion: 8.4.0
7.3.2

ProgramName: mri_robust_register  ProgramArguments: mri_robust_register -all-info  ProgramVersion: 7.3.2  TimeStamp: 2026/04/04-11:31:40-GMT  BuildTime: Aug  4 2022 06:17:15  BuildStamp: freesurfer-linux-ubuntu22_x86_64-7.3.2-20220804-6354275  User: oesteban  Machine: dna070  Platform: Linux  PlatformVersion: 5.14.0-427.37.1.el9_4.x86_64  CompilerName: GCC  CompilerVersion: 8.4.0
7.3.2

ProgramName: mri_robust_template  ProgramArguments: mri_robust_template -all-info  ProgramVersion: 7.3.2  TimeStamp: 2026/04/04-11:31:40-GMT  BuildTime: Aug  4 2022 06:17:15  BuildStamp: freesurfer-linux-ubuntu22_x86_64-7.3.2-20220804-6354275  User: oesteban  Machine: dna070  Platform: Linux  PlatformVersion: 5.14.0-427.37.1.el9_4.x86_64  CompilerName: GCC  CompilerVersion: 8.4.0
ProgramName: mris_anatomical_stats  ProgramArguments: mris_anatomical_stats -all-info  ProgramVersion: 7.3.2  TimeStamp: 2026/04/04-11:31:40-GMT  BuildTime: Aug  4 2022 06:17:15  BuildStamp: freesurfer-linux-ubuntu22_x86_64-7.3.2-20220804-6354275  User: oesteban  Machine: dna070  Platform: Linux  PlatformVersion: 5.14.0-427.37.1.el9_4.x86_64  CompilerName: GCC  CompilerVersion: 8.4.0
ProgramName: mris_ca_label  ProgramArguments: mris_ca_label -all-info  ProgramVersion: 7.3.2  TimeStamp: 2026/04/04-11:31:40-GMT  BuildTime: Aug  4 2022 06:17:15  BuildStamp: freesurfer-linux-ubuntu22_x86_64-7.3.2-20220804-6354275  User: oesteban  Machine: dna070  Platform: Linux  PlatformVersion: 5.14.0-427.37.1.el9_4.x86_64  CompilerName: GCC  CompilerVersion: 8.4.0
ProgramName: mris_calc  ProgramArguments: mris_calc -all-info  ProgramVersion: 7.3.2  TimeStamp: 2026/04/04-11:31:40-GMT  BuildTime: Aug  4 2022 06:17:15  BuildStamp: freesurfer-linux-ubuntu22_x86_64-7.3.2-20220804-6354275  User: oesteban  Machine: dna070  Platform: Linux  PlatformVersion: 5.14.0-427.37.1.el9_4.x86_64  CompilerName: GCC  CompilerVersion: 8.4.0
ProgramName: mris_convert  ProgramArguments: mris_convert -all-info  ProgramVersion: 7.3.2  TimeStamp: 2026/04/04-11:31:40-GMT  BuildTime: Aug  4 2022 06:17:15  BuildStamp: freesurfer-linux-ubuntu22_x86_64-7.3.2-20220804-6354275  User: oesteban  Machine: dna070  Platform: Linux  PlatformVersion: 5.14.0-427.37.1.el9_4.x86_64  CompilerName: GCC  CompilerVersion: 8.4.0
ProgramName: mris_curvature  ProgramArguments: mris_curvature -all-info  ProgramVersion: 7.3.2  TimeStamp: 2026/04/04-11:31:40-GMT  BuildTime: Aug  4 2022 06:17:15  BuildStamp: freesurfer-linux-ubuntu22_x86_64-7.3.2-20220804-6354275  User: oesteban  Machine: dna070  Platform: Linux  PlatformVersion: 5.14.0-427.37.1.el9_4.x86_64  CompilerName: GCC  CompilerVersion: 8.4.0
ProgramName: mris_curvature_stats  ProgramArguments: mris_curvature_stats -all-info  ProgramVersion: 7.3.2  TimeStamp: 2026/04/04-11:31:40-GMT  BuildTime: Aug  4 2022 06:17:15  BuildStamp: freesurfer-linux-ubuntu22_x86_64-7.3.2-20220804-6354275  User: oesteban  Machine: dna070  Platform: Linux  PlatformVersion: 5.14.0-427.37.1.el9_4.x86_64  CompilerName: GCC  CompilerVersion: 8.4.0
ProgramName: mris_diff  ProgramArguments: mris_diff -all-info  ProgramVersion: 7.3.2  TimeStamp: 2026/04/04-11:31:40-GMT  BuildTime: Aug  4 2022 06:17:15  BuildStamp: freesurfer-linux-ubuntu22_x86_64-7.3.2-20220804-6354275  User: oesteban  Machine: dna070  Platform: Linux  PlatformVersion: 5.14.0-427.37.1.el9_4.x86_64  CompilerName: GCC  CompilerVersion: 8.4.0
ProgramName: mris_divide_parcellation  ProgramArguments: mris_divide_parcellation -all-info  ProgramVersion: 7.3.2  TimeStamp: 2026/04/04-11:31:40-GMT  BuildTime: Aug  4 2022 06:17:15  BuildStamp: freesurfer-linux-ubuntu22_x86_64-7.3.2-20220804-6354275  User: oesteban  Machine: dna070  Platform: Linux  PlatformVersion: 5.14.0-427.37.1.el9_4.x86_64  CompilerName: GCC  CompilerVersion: 8.4.0
ProgramName: mri_segment  ProgramArguments: mri_segment -all-info  ProgramVersion: 7.3.2  TimeStamp: 2026/04/04-11:31:40-GMT  BuildTime: Aug  4 2022 06:17:15  BuildStamp: freesurfer-linux-ubuntu22_x86_64-7.3.2-20220804-6354275  User: oesteban  Machine: dna070  Platform: Linux  PlatformVersion: 5.14.0-427.37.1.el9_4.x86_64  CompilerName: GCC  CompilerVersion: 8.4.0
ProgramName: mri_segstats  ProgramArguments: mri_segstats -all-info  ProgramVersion: 7.3.2  TimeStamp: 2026/04/04-11:31:40-GMT  BuildTime: Aug  4 2022 06:17:15  BuildStamp: freesurfer-linux-ubuntu22_x86_64-7.3.2-20220804-6354275  User: oesteban  Machine: dna070  Platform: Linux  PlatformVersion: 5.14.0-427.37.1.el9_4.x86_64  CompilerName: GCC  CompilerVersion: 8.4.0
ProgramName: mris_euler_number  ProgramArguments: mris_euler_number -all-info  ProgramVersion: 7.3.2  TimeStamp: 2026/04/04-11:31:40-GMT  BuildTime: Aug  4 2022 06:17:15  BuildStamp: freesurfer-linux-ubuntu22_x86_64-7.3.2-20220804-6354275  User: oesteban  Machine: dna070  Platform: Linux  PlatformVersion: 5.14.0-427.37.1.el9_4.x86_64  CompilerName: GCC  CompilerVersion: 8.4.0
ProgramName: mris_fix_topology  ProgramArguments: mris_fix_topology -all-info  ProgramVersion: 7.3.2  TimeStamp: 2026/04/04-11:31:40-GMT  BuildTime: Aug  4 2022 06:17:15  BuildStamp: freesurfer-linux-ubuntu22_x86_64-7.3.2-20220804-6354275  User: oesteban  Machine: dna070  Platform: Linux  PlatformVersion: 5.14.0-427.37.1.el9_4.x86_64  CompilerName: GCC  CompilerVersion: 8.4.0
ProgramName: mris_topo_fixer  ProgramArguments: mris_topo_fixer -all-info  ProgramVersion: 7.3.2  TimeStamp: 2026/04/04-11:31:40-GMT  BuildTime: Aug  4 2022 06:17:15  BuildStamp: freesurfer-linux-ubuntu22_x86_64-7.3.2-20220804-6354275  User: oesteban  Machine: dna070  Platform: Linux  PlatformVersion: 5.14.0-427.37.1.el9_4.x86_64  CompilerName: GCC  CompilerVersion: 8.4.0
ProgramName: mris_jacobian  ProgramArguments: mris_jacobian -all-info  ProgramVersion: 7.3.2  TimeStamp: 2026/04/04-11:31:40-GMT  BuildTime: Aug  4 2022 06:17:15  BuildStamp: freesurfer-linux-ubuntu22_x86_64-7.3.2-20220804-6354275  User: oesteban  Machine: dna070  Platform: Linux  PlatformVersion: 5.14.0-427.37.1.el9_4.x86_64  CompilerName: GCC  CompilerVersion: 8.4.0
ProgramName: mris_label2annot  ProgramArguments: mris_label2annot -all-info  ProgramVersion: 7.3.2  TimeStamp: 2026/04/04-11:31:40-GMT  BuildTime: Aug  4 2022 06:17:15  BuildStamp: freesurfer-linux-ubuntu22_x86_64-7.3.2-20220804-6354275  User: oesteban  Machine: dna070  Platform: Linux  PlatformVersion: 5.14.0-427.37.1.el9_4.x86_64  CompilerName: GCC  CompilerVersion: 8.4.0
ProgramName: mris_left_right_register  ProgramArguments: mris_left_right_register -all-info  ProgramVersion: 7.3.2  TimeStamp: 2026/04/04-11:31:40-GMT  BuildTime: Aug  4 2022 06:17:15  BuildStamp: freesurfer-linux-ubuntu22_x86_64-7.3.2-20220804-6354275  User: oesteban  Machine: dna070  Platform: Linux  PlatformVersion: 5.14.0-427.37.1.el9_4.x86_64  CompilerName: GCC  CompilerVersion: 8.4.0
ProgramName: mris_place_surface  ProgramArguments: mris_place_surface -all-info  ProgramVersion: 7.3.2  TimeStamp: 2026/04/04-11:31:40-GMT  BuildTime: Aug  4 2022 06:17:15  BuildStamp: freesurfer-linux-ubuntu22_x86_64-7.3.2-20220804-6354275  User: oesteban  Machine: dna070  Platform: Linux  PlatformVersion: 5.14.0-427.37.1.el9_4.x86_64  CompilerName: GCC  CompilerVersion: 8.4.0
ProgramName: mrisp_paint  ProgramArguments: mrisp_paint -all-info  ProgramVersion: 7.3.2  TimeStamp: 2026/04/04-11:31:40-GMT  BuildTime: Aug  4 2022 06:17:15  BuildStamp: freesurfer-linux-ubuntu22_x86_64-7.3.2-20220804-6354275  User: oesteban  Machine: dna070  Platform: Linux  PlatformVersion: 5.14.0-427.37.1.el9_4.x86_64  CompilerName: GCC  CompilerVersion: 8.4.0
ProgramName: mris_register  ProgramArguments: mris_register -all-info  ProgramVersion: 7.3.2  TimeStamp: 2026/04/04-11:31:40-GMT  BuildTime: Aug  4 2022 06:17:15  BuildStamp: freesurfer-linux-ubuntu22_x86_64-7.3.2-20220804-6354275  User: oesteban  Machine: dna070  Platform: Linux  PlatformVersion: 5.14.0-427.37.1.el9_4.x86_64  CompilerName: GCC  CompilerVersion: 8.4.0
ProgramName: mris_smooth  ProgramArguments: mris_smooth -all-info  ProgramVersion: 7.3.2  TimeStamp: 2026/04/04-11:31:40-GMT  BuildTime: Aug  4 2022 06:17:15  BuildStamp: freesurfer-linux-ubuntu22_x86_64-7.3.2-20220804-6354275  User: oesteban  Machine: dna070  Platform: Linux  PlatformVersion: 5.14.0-427.37.1.el9_4.x86_64  CompilerName: GCC  CompilerVersion: 8.4.0
ProgramName: mris_sphere  ProgramArguments: mris_sphere -all-info  ProgramVersion: 7.3.2  TimeStamp: 2026/04/04-11:31:40-GMT  BuildTime: Aug  4 2022 06:17:15  BuildStamp: freesurfer-linux-ubuntu22_x86_64-7.3.2-20220804-6354275  User: oesteban  Machine: dna070  Platform: Linux  PlatformVersion: 5.14.0-427.37.1.el9_4.x86_64  CompilerName: GCC  CompilerVersion: 8.4.0
ProgramName: mris_surface_stats  ProgramArguments: mris_surface_stats -all-info  ProgramVersion: 7.3.2  TimeStamp: 2026/04/04-11:31:40-GMT  BuildTime: Aug  4 2022 06:17:15  BuildStamp: freesurfer-linux-ubuntu22_x86_64-7.3.2-20220804-6354275  User: oesteban  Machine: dna070  Platform: Linux  PlatformVersion: 5.14.0-427.37.1.el9_4.x86_64  CompilerName: GCC  CompilerVersion: 8.4.0
ProgramName: mri_stats2seg  ProgramArguments: mri_stats2seg -all-info  ProgramVersion: 7.3.2  TimeStamp: 2026/04/04-11:31:40-GMT  BuildTime: Aug  4 2022 06:17:15  BuildStamp: freesurfer-linux-ubuntu22_x86_64-7.3.2-20220804-6354275  User: oesteban  Machine: dna070  Platform: Linux  PlatformVersion: 5.14.0-427.37.1.el9_4.x86_64  CompilerName: GCC  CompilerVersion: 8.4.0
ProgramName: mris_thickness  ProgramArguments: mris_thickness -all-info  ProgramVersion: 7.3.2  TimeStamp: 2026/04/04-11:31:40-GMT  BuildTime: Aug  4 2022 06:17:15  BuildStamp: freesurfer-linux-ubuntu22_x86_64-7.3.2-20220804-6354275  User: oesteban  Machine: dna070  Platform: Linux  PlatformVersion: 5.14.0-427.37.1.el9_4.x86_64  CompilerName: GCC  CompilerVersion: 8.4.0
ProgramName: mris_thickness_diff  ProgramArguments: mris_thickness_diff -all-info  ProgramVersion: 7.3.2  TimeStamp: 2026/04/04-11:31:40-GMT  BuildTime: Aug  4 2022 06:17:15  BuildStamp: freesurfer-linux-ubuntu22_x86_64-7.3.2-20220804-6354275  User: oesteban  Machine: dna070  Platform: Linux  PlatformVersion: 5.14.0-427.37.1.el9_4.x86_64  CompilerName: GCC  CompilerVersion: 8.4.0
ProgramName: mris_topo_fixer  ProgramArguments: mris_topo_fixer -all-info  ProgramVersion: 7.3.2  TimeStamp: 2026/04/04-11:31:40-GMT  BuildTime: Aug  4 2022 06:17:15  BuildStamp: freesurfer-linux-ubuntu22_x86_64-7.3.2-20220804-6354275  User: oesteban  Machine: dna070  Platform: Linux  PlatformVersion: 5.14.0-427.37.1.el9_4.x86_64  CompilerName: GCC  CompilerVersion: 8.4.0
ProgramName: mri_surf2surf  ProgramArguments: mri_surf2surf -all-info  ProgramVersion: 7.3.2  TimeStamp: 2026/04/04-11:31:40-GMT  BuildTime: Aug  4 2022 06:17:15  BuildStamp: freesurfer-linux-ubuntu22_x86_64-7.3.2-20220804-6354275  User: oesteban  Machine: dna070  Platform: Linux  PlatformVersion: 5.14.0-427.37.1.el9_4.x86_64  CompilerName: GCC  CompilerVersion: 8.4.0
ProgramName: mri_surf2vol  ProgramArguments: mri_surf2vol -all-info  ProgramVersion: 7.3.2  TimeStamp: 2026/04/04-11:31:40-GMT  BuildTime: Aug  4 2022 06:17:15  BuildStamp: freesurfer-linux-ubuntu22_x86_64-7.3.2-20220804-6354275  User: oesteban  Machine: dna070  Platform: Linux  PlatformVersion: 5.14.0-427.37.1.el9_4.x86_64  CompilerName: GCC  CompilerVersion: 8.4.0
ProgramName: mri_surfcluster  ProgramArguments: mri_surfcluster -all-info  ProgramVersion: 7.3.2  TimeStamp: 2026/04/04-11:31:40-GMT  BuildTime: Aug  4 2022 06:17:15  BuildStamp: freesurfer-linux-ubuntu22_x86_64-7.3.2-20220804-6354275  User: oesteban  Machine: dna070  Platform: Linux  PlatformVersion: 5.14.0-427.37.1.el9_4.x86_64  CompilerName: GCC  CompilerVersion: 8.4.0
ProgramName: mris_volmask  ProgramArguments: mris_volmask -all-info  ProgramVersion: 7.3.2  TimeStamp: 2026/04/04-11:31:40-GMT  BuildTime: Aug  4 2022 06:17:15  BuildStamp: freesurfer-linux-ubuntu22_x86_64-7.3.2-20220804-6354275  User: oesteban  Machine: dna070  Platform: Linux  PlatformVersion: 5.14.0-427.37.1.el9_4.x86_64  CompilerName: GCC  CompilerVersion: 8.4.0
ProgramName: mri_tessellate  ProgramArguments: mri_tessellate -all-info  ProgramVersion: 7.3.2  TimeStamp: 2026/04/04-11:31:40-GMT  BuildTime: Aug  4 2022 06:17:15  BuildStamp: freesurfer-linux-ubuntu22_x86_64-7.3.2-20220804-6354275  User: oesteban  Machine: dna070  Platform: Linux  PlatformVersion: 5.14.0-427.37.1.el9_4.x86_64  CompilerName: GCC  CompilerVersion: 8.4.0
ProgramName: mri_vol2surf  ProgramArguments: mri_vol2surf -all-info  ProgramVersion: 7.3.2  TimeStamp: 2026/04/04-11:31:40-GMT  BuildTime: Aug  4 2022 06:17:15  BuildStamp: freesurfer-linux-ubuntu22_x86_64-7.3.2-20220804-6354275  User: oesteban  Machine: dna070  Platform: Linux  PlatformVersion: 5.14.0-427.37.1.el9_4.x86_64  CompilerName: GCC  CompilerVersion: 8.4.0
ProgramName: mri_vol2vol  ProgramArguments: mri_vol2vol -all-info  ProgramVersion: 7.3.2  TimeStamp: 2026/04/04-11:31:40-GMT  BuildTime: Aug  4 2022 06:17:15  BuildStamp: freesurfer-linux-ubuntu22_x86_64-7.3.2-20220804-6354275  User: oesteban  Machine: dna070  Platform: Linux  PlatformVersion: 5.14.0-427.37.1.el9_4.x86_64  CompilerName: GCC  CompilerVersion: 8.4.0
ProgramName: mri_voldiff  ProgramArguments: mri_voldiff -all-info  ProgramVersion: 7.3.2  TimeStamp: 2026/04/04-11:31:40-GMT  BuildTime: Aug  4 2022 06:17:15  BuildStamp: freesurfer-linux-ubuntu22_x86_64-7.3.2-20220804-6354275  User: oesteban  Machine: dna070  Platform: Linux  PlatformVersion: 5.14.0-427.37.1.el9_4.x86_64  CompilerName: GCC  CompilerVersion: 8.4.0
ProgramName: mri_watershed  ProgramArguments: mri_watershed -all-info  ProgramVersion: 7.3.2  TimeStamp: 2026/04/04-11:31:40-GMT  BuildTime: Aug  4 2022 06:17:15  BuildStamp: freesurfer-linux-ubuntu22_x86_64-7.3.2-20220804-6354275  User: oesteban  Machine: dna070  Platform: Linux  PlatformVersion: 5.14.0-427.37.1.el9_4.x86_64  CompilerName: GCC  CompilerVersion: 8.4.0
ProgramName: tkregister2  ProgramArguments: tkregister2_cmdl -all-info  ProgramVersion: 7.3.2  TimeStamp: 2026/04/04-11:31:40-GMT  BuildTime: Aug  4 2022 06:17:15  BuildStamp: freesurfer-linux-ubuntu22_x86_64-7.3.2-20220804-6354275  User: oesteban  Machine: dna070  Platform: Linux  PlatformVersion: 5.14.0-427.37.1.el9_4.x86_64  CompilerName: GCC  CompilerVersion: 8.4.0
mri_motion_correct.fsl 7.3.2
mri_convert -all-info 
ProgramName: mri_convert  ProgramArguments: mri_convert -all-info  ProgramVersion: 7.3.2  TimeStamp: 2026/04/04-11:31:40-GMT  BuildTime: Aug  4 2022 06:17:15  BuildStamp: freesurfer-linux-ubuntu22_x86_64-7.3.2-20220804-6354275  User: oesteban  Machine: dna070  Platform: Linux  PlatformVersion: 5.14.0-427.37.1.el9_4.x86_64  CompilerName: GCC  CompilerVersion: 8.4.0
Program nu_correct, built from:
Package MNI N3, version 1.12.0, compiled by nicks@terrier (x86_64-unknown-linux-gnu) on 2015-06-19 at 01:25:34
#######################################
GCADIR /opt/freesurfer/average
GCA RB_all_2020-01-02.gca
GCASkull RB_all_withskull_2020_01_02.gca
AvgCurvTif folding.atlas.acfb40.noaparc.i12.2016-08-02.tif
GCSDIR /opt/freesurfer/average
GCS DKaparc.atlas.acfb40.noaparc.i12.2016-08-02.gcs
#######################################
#--------------------------------------------
#@# AutoDetGWStats lh Sat Apr  4 13:31:40 CEST 2026
cd /out/sourcedata/freesurfer/sub-v1s12x0050113_ses-1/mri
mris_autodet_gwstats --o ../surf/autodet.gw.stats.lh.dat --i brain.finalsurfs.mgz --wm wm.mgz --surf ../surf/lh.orig.premesh
  Update not needed
#--------------------------------------------
#@# WhitePreAparc lh Sat Apr  4 13:31:40 CEST 2026
cd /out/sourcedata/freesurfer/sub-v1s12x0050113_ses-1/mri
mris_place_surface --adgws-in ../surf/autodet.gw.stats.lh.dat --wm wm.mgz --threads 16 --invol brain.finalsurfs.mgz --lh --i ../surf/lh.orig --o ../surf/lh.white.preaparc --white --seg aseg.presurf.mgz --nsmooth 5
   Update not needed
#--------------------------------------------
#@# CortexLabel lh Sat Apr  4 13:31:40 CEST 2026
cd /out/sourcedata/freesurfer/sub-v1s12x0050113_ses-1/mri
mri_label2label --label-cortex ../surf/lh.white.preaparc aseg.presurf.mgz 0 ../label/lh.cortex.label
   Update not needed
#--------------------------------------------
#@# CortexLabel+HipAmyg lh Sat Apr  4 13:31:40 CEST 2026
cd /out/sourcedata/freesurfer/sub-v1s12x0050113_ses-1/mri
mri_label2label --label-cortex ../surf/lh.white.preaparc aseg.presurf.mgz 1 ../label/lh.cortex+hipamyg.label
   Update not needed
#@# white curv lh Sat Apr  4 13:31:40 CEST 2026
cd /out/sourcedata/freesurfer/sub-v1s12x0050113_ses-1/mri
mris_place_surface --curv-map ../surf/lh.white 2 10 ../surf/lh.curv
   Update not needed
#@# white area lh Sat Apr  4 13:31:40 CEST 2026
cd /out/sourcedata/freesurfer/sub-v1s12x0050113_ses-1/mri
mris_place_surface --area-map ../surf/lh.white ../surf/lh.area
   Update not needed
#@# pial curv lh Sat Apr  4 13:31:40 CEST 2026
cd /out/sourcedata/freesurfer/sub-v1s12x0050113_ses-1/mri
mris_place_surface --curv-map ../surf/lh.pial 2 10 ../surf/lh.curv.pial
   Update not needed
#@# pial area lh Sat Apr  4 13:31:40 CEST 2026
cd /out/sourcedata/freesurfer/sub-v1s12x0050113_ses-1/mri
mris_place_surface --area-map ../surf/lh.pial ../surf/lh.area.pial
   Update not needed
#@# thickness lh Sat Apr  4 13:31:40 CEST 2026
cd /out/sourcedata/freesurfer/sub-v1s12x0050113_ses-1/mri
mris_place_surface --thickness ../surf/lh.white ../surf/lh.pial 20 5 ../surf/lh.thickness
   Update not needed
#@# area and vertex vol lh Sat Apr  4 13:31:40 CEST 2026
cd /out/sourcedata/freesurfer/sub-v1s12x0050113_ses-1/mri
mris_place_surface --thickness ../surf/lh.white ../surf/lh.pial 20 5 ../surf/lh.thickness
   Update not needed
#-----------------------------------------
#@# Parcellation Stats lh Sat Apr  4 13:31:40 CEST 2026
/out/sourcedata/freesurfer/sub-v1s12x0050113_ses-1/scripts

 mris_anatomical_stats -th3 -mgz -noglobal -cortex ../label/lh.cortex.label -f ../stats/lh.aparc.stats -b -a ../label/lh.aparc.annot -c ../label/aparc.annot.ctab sub-v1s12x0050113_ses-1 lh white 

computing statistics for each annotation in ../label/lh.aparc.annot.
reading volume /out/sourcedata/freesurfer/sub-v1s12x0050113_ses-1/mri/wm.mgz...
reading input surface /out/sourcedata/freesurfer/sub-v1s12x0050113_ses-1/surf/lh.white...
reading input pial surface /out/sourcedata/freesurfer/sub-v1s12x0050113_ses-1/surf/lh.pial...
reading input white surface /out/sourcedata/freesurfer/sub-v1s12x0050113_ses-1/surf/lh.white...
INFO: using TH3 volume calc
INFO: assuming MGZ format for volumes.
INFO: not computing global stats
INFO: using ../label/lh.cortex.label as mask to calc cortex NumVert, SurfArea and MeanThickness.
Using TH3 vertex volume calc
Total face volume 222908
Total vertex volume 222717 (mask=0)
Saving annotation colortable ../label/aparc.annot.ctab

table columns are:
    number of vertices
    total surface area (mm^2)
    total gray matter volume (mm^3)
    average cortical thickness +- standard deviation (mm)
    integrated rectified mean curvature
    integrated rectified Gaussian curvature
    folding index
    intrinsic curvature index
    structure name

 1209    807   1741  2.311 0.377     0.097     0.016        7     0.8  bankssts
 1180    830   2479  2.510 0.797     0.127     0.020       18     1.1  caudalanteriorcingulate
 3325   2192   5869  2.455 0.476     0.104     0.019       26     2.8  caudalmiddlefrontal
 2462   1624   3071  1.814 0.480     0.143     0.031       34     3.5  cuneus
  560    359   1463  3.192 0.689     0.086     0.020        3     0.4  entorhinal
 4487   3106   9601  2.767 0.657     0.123     0.024       53     4.0  fusiform
 5816   3985  10137  2.421 0.474     0.122     0.023       64     5.7  inferiorparietal
 4452   3151   8405  2.495 0.650     0.122     0.029       56     5.8  inferiortemporal
 1548   1052   2743  2.342 0.860     0.113     0.022       19     1.5  isthmuscingulate
 8699   5619  12391  2.067 0.521     0.132     0.029      106    10.8  lateraloccipital
 3686   2502   7389  2.742 0.713     0.114     0.024       38     3.6  lateralorbitofrontal
 5097   3461   7326  1.992 0.681     0.128     0.026       59     6.2  lingual
 2671   1827   4775  2.392 0.734     0.118     0.028       31     3.3  medialorbitofrontal
 4110   2897   9796  2.808 0.647     0.118     0.022       42     3.8  middletemporal
  972    588   1794  2.785 0.803     0.074     0.012        5     0.5  parahippocampal
 2182   1346   3756  2.563 0.515     0.109     0.021       18     1.9  paracentral
 2025   1401   4185  2.677 0.515     0.107     0.021       18     1.7  parsopercularis
 1032    762   2667  2.797 0.562     0.140     0.030       14     1.3  parsorbitalis
 2051   1349   4056  2.734 0.434     0.101     0.018       18     1.6  parstriangularis
 2404   1623   2204  1.541 0.484     0.131     0.028       28     2.9  pericalcarine
 6304   3955   8911  2.064 0.649     0.105     0.019       51     5.3  postcentral
 1653   1073   3013  2.498 0.915     0.115     0.018       17     1.4  posteriorcingulate
 6998   4529  11932  2.490 0.590     0.108     0.021       53     5.9  precentral
 5251   3559   9809  2.579 0.576     0.109     0.019       45     4.2  precuneus
 1025    752   2341  2.532 0.841     0.119     0.023       13     1.0  rostralanteriorcingulate
 8249   6156  16295  2.388 0.582     0.135     0.029      104    10.4  rostralmiddlefrontal
 9963   6975  21421  2.807 0.568     0.120     0.024       95    10.0  superiorfrontal
 7951   5194  11234  2.121 0.433     0.116     0.022       80     7.2  superiorparietal
 5600   3679  12846  2.998 0.676     0.103     0.019       46     4.8  superiortemporal
 4469   2988   8647  2.635 0.588     0.114     0.021       38     4.0  supramarginal
  356    286    991  2.766 0.537     0.175     0.041        8     0.7  frontalpole
  673    519   2575  3.471 0.686     0.126     0.028        7     0.9  temporalpole
  629    404   1193  2.826 0.487     0.107     0.028        7     0.7  transversetemporal
 2994   1995   5659  2.910 0.851     0.108     0.028       27     3.0  insula

 mris_anatomical_stats -th3 -mgz -noglobal -cortex ../label/lh.cortex.label -f ../stats/lh.aparc.pial.stats -b -a ../label/lh.aparc.annot -c ../label/aparc.annot.ctab sub-v1s12x0050113_ses-1 lh pial 

computing statistics for each annotation in ../label/lh.aparc.annot.
reading volume /out/sourcedata/freesurfer/sub-v1s12x0050113_ses-1/mri/wm.mgz...
reading input surface /out/sourcedata/freesurfer/sub-v1s12x0050113_ses-1/surf/lh.pial...
reading input pial surface /out/sourcedata/freesurfer/sub-v1s12x0050113_ses-1/surf/lh.pial...
reading input white surface /out/sourcedata/freesurfer/sub-v1s12x0050113_ses-1/surf/lh.white...
INFO: using TH3 volume calc
INFO: assuming MGZ format for volumes.
INFO: not computing global stats
INFO: using ../label/lh.cortex.label as mask to calc cortex NumVert, SurfArea and MeanThickness.
Using TH3 vertex volume calc
Total face volume 222908
Total vertex volume 222717 (mask=0)
Saving annotation colortable ../label/aparc.annot.ctab

table columns are:
    number of vertices
    total surface area (mm^2)
    total gray matter volume (mm^3)
    average cortical thickness +- standard deviation (mm)
    integrated rectified mean curvature
    integrated rectified Gaussian curvature
    folding index
    intrinsic curvature index
    structure name

 1209    694   1741  2.311 0.377     0.093     0.024       16     1.0  bankssts
 1180   1106   2479  2.510 0.797     0.171     0.046       28     2.3  caudalanteriorcingulate
 3325   2596   5869  2.455 0.476     0.120     0.026       46     3.9  caudalmiddlefrontal
 2462   1884   3071  1.814 0.480     0.129     0.030       61     3.1  cuneus
  560    627   1463  3.192 0.689     0.245     0.068       12     2.0  entorhinal
 4487   3807   9601  2.767 0.657     0.137     0.039       84     5.9  fusiform
 5816   4613  10137  2.421 0.474     0.130     0.029       97     7.8  inferiorparietal
 4452   3654   8405  2.495 0.650     0.135     0.031       84     6.1  inferiortemporal
 1548   1305   2743  2.342 0.860     0.153     0.038       34     2.4  isthmuscingulate
 8699   6659  12391  2.067 0.521     0.130     0.033      349    11.8  lateraloccipital
 3686   2963   7389  2.742 0.713     0.142     0.033      110     5.9  lateralorbitofrontal
 5097   4174   7326  1.992 0.681     0.135     0.033       79     7.4  lingual
 2671   2287   4775  2.392 0.734     0.148     0.035       54     4.0  medialorbitofrontal
 4110   3965   9796  2.808 0.647     0.150     0.033       74     6.2  middletemporal
  972    747   1794  2.785 0.803     0.150     0.042       43     2.0  parahippocampal
 2182   1576   3756  2.563 0.515     0.113     0.024       27     2.2  paracentral
 2025   1727   4185  2.677 0.515     0.135     0.028       24     2.7  parsopercularis
 1032   1144   2667  2.797 0.562     0.168     0.035       22     1.5  parsorbitalis
 2051   1672   4056  2.734 0.434     0.135     0.029       25     2.9  parstriangularis
 2404   1405   2204  1.541 0.484     0.120     0.031       62     3.0  pericalcarine
 6304   4848   8911  2.064 0.649     0.117     0.024       52     6.9  postcentral
 1653   1265   3013  2.498 0.915     0.131     0.029       41     2.2  posteriorcingulate
 6998   4997  11932  2.490 0.590     0.111     0.026       98     7.4  precentral
 5251   3997   9809  2.579 0.576     0.120     0.029       88     5.9  precuneus
 1025   1056   2341  2.532 0.841     0.188     0.048       24     2.2  rostralanteriorcingulate
 8249   7423  16295  2.388 0.582     0.155     0.034      118    12.1  rostralmiddlefrontal
 9963   8293  21421  2.807 0.568     0.137     0.033      138    13.3  superiorfrontal
 7951   5605  11234  2.121 0.433     0.118     0.055      148     9.0  superiorparietal
 5600   4787  12846  2.998 0.676     0.139     0.034       83     8.8  superiortemporal
 4469   3561   8647  2.635 0.588     0.129     0.031       87     5.6  supramarginal
  356    439    991  2.766 0.537     0.204     0.041       10     0.6  frontalpole
  673    988   2575  3.471 0.686     0.213     0.037       15     1.3  temporalpole
  629    448   1193  2.826 0.487     0.145     0.040        7     1.2  transversetemporal
 2994   1923   5659  2.910 0.851     0.144     0.045      129     5.6  insula
#-----------------------------------------
#@# Parcellation Stats 2 lh Sat Apr  4 13:31:53 CEST 2026
/out/sourcedata/freesurfer/sub-v1s12x0050113_ses-1/scripts

 mris_anatomical_stats -th3 -mgz -noglobal -cortex ../label/lh.cortex.label -f ../stats/lh.aparc.a2009s.stats -b -a ../label/lh.aparc.a2009s.annot -c ../label/aparc.annot.a2009s.ctab sub-v1s12x0050113_ses-1 lh white 

computing statistics for each annotation in ../label/lh.aparc.a2009s.annot.
reading volume /out/sourcedata/freesurfer/sub-v1s12x0050113_ses-1/mri/wm.mgz...
reading input surface /out/sourcedata/freesurfer/sub-v1s12x0050113_ses-1/surf/lh.white...
reading input pial surface /out/sourcedata/freesurfer/sub-v1s12x0050113_ses-1/surf/lh.pial...
reading input white surface /out/sourcedata/freesurfer/sub-v1s12x0050113_ses-1/surf/lh.white...
INFO: using TH3 volume calc
INFO: assuming MGZ format for volumes.
INFO: not computing global stats
INFO: using ../label/lh.cortex.label as mask to calc cortex NumVert, SurfArea and MeanThickness.
Using TH3 vertex volume calc
Total face volume 222908
Total vertex volume 222717 (mask=0)
Saving annotation colortable ../label/aparc.annot.a2009s.ctab

table columns are:
    number of vertices
    total surface area (mm^2)
    total gray matter volume (mm^3)
    average cortical thickness +- standard deviation (mm)
    integrated rectified mean curvature
    integrated rectified Gaussian curvature
    folding index
    intrinsic curvature index
    structure name

 1114    857   2247  2.347 0.576     0.149     0.033       17     1.7  G_and_S_frontomargin
 1993   1374   3385  2.249 0.500     0.134     0.026       23     2.3  G_and_S_occipital_inf
 1570    937   2533  2.369 0.462     0.113     0.022       14     1.5  G_and_S_paracentral
 1238    809   2604  2.782 0.488     0.121     0.025       13     1.1  G_and_S_subcentral
  730    607   1877  2.557 0.548     0.170     0.038       12     1.3  G_and_S_transv_frontopol
 2025   1467   4335  2.809 0.531     0.110     0.019       19     1.5  G_and_S_cingul-Ant
 1477   1058   3061  2.885 0.535     0.124     0.023       16     1.4  G_and_S_cingul-Mid-Ant
 1307    877   2778  2.939 0.593     0.118     0.020       12     1.2  G_and_S_cingul-Mid-Post
  556    386   1526  3.044 0.853     0.143     0.031        9     0.8  G_cingul-Post-dorsal
  330    218    770  2.842 0.881     0.110     0.029        4     0.4  G_cingul-Post-ventral
 2310   1483   2660  1.671 0.432     0.142     0.033       32     3.5  G_cuneus
 1146    774   3048  2.888 0.497     0.108     0.025       14     1.1  G_front_inf-Opercular
  406    270   1066  3.012 0.522     0.111     0.020        5     0.2  G_front_inf-Orbital
 1181    784   2833  2.762 0.471     0.111     0.022       15     1.1  G_front_inf-Triangul
 4589   3277  10245  2.504 0.582     0.128     0.028       59     5.5  G_front_middle
 6876   4787  16836  2.865 0.588     0.127     0.027       82     7.8  G_front_sup
  612    413   1211  2.874 0.838     0.114     0.040        7     0.8  G_Ins_lg_and_S_cent_ins
  563    358   1727  3.382 0.894     0.113     0.033        7     0.7  G_insular_short
 2543   1626   4501  2.261 0.533     0.128     0.030       37     3.0  G_occipital_middle
 1584    957   1904  1.836 0.409     0.123     0.026       17     1.9  G_occipital_sup
 2021   1369   4896  2.859 0.609     0.134     0.029       30     2.3  G_oc-temp_lat-fusifor
 3443   2306   4906  1.833 0.734     0.142     0.030       50     4.8  G_oc-temp_med-Lingual
 1189    723   2686  2.923 0.784     0.078     0.015        6     0.6  G_oc-temp_med-Parahip
 2474   1764   6259  2.735 0.668     0.132     0.032       37     3.3  G_orbital
 1905   1288   3999  2.522 0.504     0.137     0.026       28     1.9  G_pariet_inf-Angular
 2170   1435   5187  2.800 0.565     0.121     0.023       24     2.1  G_pariet_inf-Supramar
 3113   1972   5028  2.190 0.456     0.116     0.023       37     2.8  G_parietal_sup
 2572   1486   3970  2.203 0.575     0.114     0.024       26     2.6  G_postcentral
 2575   1572   5112  2.623 0.525     0.106     0.020       21     2.1  G_precentral
 2458   1678   5814  2.670 0.695     0.124     0.024       32     2.5  G_precuneus
  967    659   1995  2.316 0.665     0.133     0.039       13     1.5  G_rectus
  576    372    685  1.784 0.863     0.111     0.044        7     1.1  G_subcallosal
  419    259    848  2.805 0.505     0.101     0.034        6     0.5  G_temp_sup-G_T_transv
 2014   1322   6081  3.244 0.644     0.128     0.025       26     2.1  G_temp_sup-Lateral
  591    412   1600  3.407 0.858     0.094     0.018        3     0.4  G_temp_sup-Plan_polar
  868    602   1678  2.649 0.449     0.085     0.013        4     0.5  G_temp_sup-Plan_tempo
 2018   1495   4742  2.586 0.739     0.136     0.038       36     3.2  G_temporal_inf
 2167   1575   6292  2.843 0.710     0.141     0.033       32     2.9  G_temporal_middle
  329    209    513  2.756 0.305     0.084     0.011        1     0.1  Lat_Fis-ant-Horizont
  395    266    538  2.404 0.428     0.085     0.008        1     0.1  Lat_Fis-ant-Vertical
 1070    708   1590  2.771 0.579     0.104     0.018        5     0.9  Lat_Fis-post
 2497   1533   2965  1.758 0.533     0.130     0.033       31     3.5  Pole_occipital
 1469   1163   4968  3.245 0.649     0.150     0.037       24     2.2  Pole_temporal
 3062   2109   3503  1.889 0.616     0.121     0.025       28     3.4  S_calcarine
 3023   2032   2973  1.667 0.528     0.103     0.020       19     2.4  S_central
 1044    690   1478  2.418 0.483     0.083     0.008        4     0.4  S_cingul-Marginalis
  394    273    761  3.558 0.390     0.093     0.014        1     0.2  S_circular_insula_ant
 1397    907   2301  2.922 0.688     0.089     0.018        8     1.2  S_circular_insula_inf
 1462    968   2159  2.885 0.474     0.094     0.015        7     1.0  S_circular_insula_sup
 1069    684   1711  2.827 0.732     0.096     0.013        6     0.6  S_collat_transv_ant
  579    408    660  2.120 0.356     0.138     0.032        6     0.7  S_collat_transv_post
 2359   1698   3763  2.281 0.498     0.120     0.025       22     2.6  S_front_inf
 1639   1164   2377  2.211 0.523     0.122     0.023       16     1.7  S_front_middle
 2570   1802   4152  2.436 0.446     0.113     0.022       20     2.3  S_front_sup
  169    127    296  3.041 0.486     0.131     0.019        1     0.2  S_interm_prim-Jensen
 2637   1822   3428  2.185 0.428     0.117     0.020       22     2.5  S_intrapariet_and_P_trans
 1013    709   1321  2.181 0.334     0.121     0.023       10     0.9  S_oc_middle_and_Lunatus
 1189    812   1509  2.065 0.315     0.110     0.020        9     0.9  S_oc_sup_and_transversal
  742    501   1220  2.482 0.462     0.112     0.020        6     0.7  S_occipital_ant
 1091    738   1477  2.217 0.354     0.104     0.017        8     0.8  S_oc-temp_lat
 2104   1419   3376  2.518 0.603     0.095     0.014       12     1.2  S_oc-temp_med_and_Lingual
  361    249    469  2.226 0.408     0.108     0.019        2     0.3  S_orbital_lateral
  662    437    793  2.239 0.531     0.103     0.014        4     0.4  S_orbital_med-olfact
 1376    941   2411  2.649 0.668     0.108     0.019       10     1.2  S_orbital-H_Shaped
 2200   1498   3375  2.465 0.480     0.111     0.017       18     1.7  S_parieto_occipital
 1475    923   1131  1.486 0.377     0.103     0.014       19     1.0  S_pericallosal
 3102   2099   3995  2.159 0.396     0.114     0.019       23     2.7  S_postcentral
 1571   1099   2641  2.577 0.409     0.100     0.016        9     1.1  S_precentral-inf-part
 1459    980   2256  2.695 0.447     0.105     0.019        8     1.2  S_precentral-sup-part
  619    427    988  2.582 0.837     0.116     0.014        5     0.5  S_suborbital
  967    653   1349  2.427 0.403     0.102     0.018        6     0.7  S_subparietal
 1412    968   2033  2.438 0.584     0.109     0.018       10     1.2  S_temporal_inf
 5706   3793   8951  2.549 0.512     0.098     0.016       34     4.1  S_temporal_sup
  180    130    363  2.730 0.415     0.098     0.008        1     0.1  S_temporal_transverse
#-----------------------------------------
#@# Parcellation Stats 3 lh Sat Apr  4 13:32:00 CEST 2026
/out/sourcedata/freesurfer/sub-v1s12x0050113_ses-1/scripts

 mris_anatomical_stats -th3 -mgz -noglobal -cortex ../label/lh.cortex.label -f ../stats/lh.aparc.DKTatlas.stats -b -a ../label/lh.aparc.DKTatlas.annot -c ../label/aparc.annot.DKTatlas.ctab sub-v1s12x0050113_ses-1 lh white 

computing statistics for each annotation in ../label/lh.aparc.DKTatlas.annot.
reading volume /out/sourcedata/freesurfer/sub-v1s12x0050113_ses-1/mri/wm.mgz...
reading input surface /out/sourcedata/freesurfer/sub-v1s12x0050113_ses-1/surf/lh.white...
reading input pial surface /out/sourcedata/freesurfer/sub-v1s12x0050113_ses-1/surf/lh.pial...
reading input white surface /out/sourcedata/freesurfer/sub-v1s12x0050113_ses-1/surf/lh.white...
INFO: using TH3 volume calc
INFO: assuming MGZ format for volumes.
INFO: not computing global stats
INFO: using ../label/lh.cortex.label as mask to calc cortex NumVert, SurfArea and MeanThickness.
Using TH3 vertex volume calc
Total face volume 222908
Total vertex volume 222717 (mask=0)
Saving annotation colortable ../label/aparc.annot.DKTatlas.ctab

table columns are:
    number of vertices
    total surface area (mm^2)
    total gray matter volume (mm^3)
    average cortical thickness +- standard deviation (mm)
    integrated rectified mean curvature
    integrated rectified Gaussian curvature
    folding index
    intrinsic curvature index
    structure name

 1626   1137   3176  2.529 0.747     0.126     0.020       23     1.5  caudalanteriorcingulate
 3580   2362   6182  2.455 0.466     0.104     0.019       29     3.1  caudalmiddlefrontal
 3286   2138   4048  1.919 0.548     0.133     0.028       40     4.2  cuneus
  493    318   1364  3.261 0.657     0.082     0.018        2     0.3  entorhinal
 4264   2899   8608  2.719 0.631     0.120     0.022       46     3.6  fusiform
 5755   3933  10165  2.436 0.492     0.122     0.024       64     5.7  inferiorparietal
 4314   3121   9018  2.580 0.692     0.126     0.031       59     5.7  inferiortemporal
 1504   1029   2689  2.365 0.848     0.116     0.024       20     1.7  isthmuscingulate
 8753   5630  12424  2.064 0.511     0.132     0.029      106    10.8  lateraloccipital
 3927   2744   7895  2.598 0.717     0.120     0.027       45     4.5  lateralorbitofrontal
 5159   3501   7324  1.973 0.679     0.129     0.027       60     6.3  lingual
 2387   1648   4340  2.316 0.764     0.123     0.031       31     3.1  medialorbitofrontal
 5504   3833  11867  2.706 0.630     0.116     0.022       53     5.1  middletemporal
 1053    641   1941  2.768 0.799     0.073     0.009        5     0.3  parahippocampal
 2521   1583   4416  2.616 0.502     0.109     0.021       20     2.2  paracentral
 1900   1315   3940  2.711 0.501     0.111     0.022       17     1.7  parsopercularis
  996    687   2223  2.854 0.577     0.119     0.022       10     1.0  parsorbitalis
 2522   1669   4688  2.631 0.476     0.106     0.019       23     2.1  parstriangularis
 2351   1595   2133  1.522 0.476     0.131     0.028       27     2.8  pericalcarine
 7151   4525  10138  2.098 0.653     0.106     0.020       58     6.1  postcentral
 1843   1198   3480  2.580 0.921     0.117     0.018       19     1.6  posteriorcingulate
 6874   4445  11814  2.498 0.598     0.108     0.021       52     5.9  precentral
 5109   3464   9839  2.557 0.579     0.109     0.018       47     4.0  precuneus
 1509   1076   3060  2.540 0.830     0.124     0.025       18     1.7  rostralanteriorcingulate
 6179   4610  12958  2.462 0.603     0.135     0.029       79     7.7  rostralmiddlefrontal
10881   7734  23288  2.716 0.600     0.124     0.026      112    11.7  superiorfrontal
 6373   4192   9166  2.137 0.415     0.117     0.021       65     5.8  superiorparietal
 7170   4772  16515  2.953 0.713     0.105     0.020       60     6.4  superiortemporal
 4118   2760   7882  2.628 0.586     0.115     0.022       35     3.7  supramarginal
  581    375   1110  2.823 0.499     0.110     0.029        7     0.7  transversetemporal
 2400   1611   5023  3.145 0.704     0.099     0.021       18     1.8  insula
/out/sourcedata/freesurfer/sub-v1s12x0050113_ses-1/label
#--------------------------------------------
#@# BA_exvivo Labels lh Sat Apr  4 13:32:07 CEST 2026

 mri_label2label --srcsubject fsaverage --srclabel /out/sourcedata/freesurfer/fsaverage/label/lh.BA1_exvivo.label --trgsubject sub-v1s12x0050113_ses-1 --trglabel ./lh.BA1_exvivo.label --hemi lh --regmethod surface 


srclabel = /out/sourcedata/freesurfer/fsaverage/label/lh.BA1_exvivo.label
srcsubject = fsaverage
trgsubject = sub-v1s12x0050113_ses-1
trglabel = ./lh.BA1_exvivo.label
regmethod = surface

srchemi = lh
trghemi = lh
trgsurface = white
srcsurfreg = sphere.reg
trgsurfreg = sphere.reg
usehash = 1
Use ProjAbs  = 0, 0
Use ProjFrac = 0, 0
DoPaint 0

SUBJECTS_DIR    /out/sourcedata/freesurfer
FREESURFER_HOME /opt/freesurfer
Loading source label.
Found 4129 points in source label.
Starting surface-based mapping
Reading source registration 
 /out/sourcedata/freesurfer/fsaverage/surf/lh.sphere.reg
Rescaling ...  original radius = 100
Reading target surface 
 /out/sourcedata/freesurfer/sub-v1s12x0050113_ses-1/surf/lh.white
Reading target registration 
 /out/sourcedata/freesurfer/sub-v1s12x0050113_ses-1/surf/lh.sphere.reg
Rescaling ...  original radius = 100
Building target registration hash (res=16).
Building source registration hash (res=16).
INFO: found  4129 nlabel points
Performing mapping from target back to the source label 130024
Number of reverse mapping hits = 185
Checking for and removing duplicates
Writing label file ./lh.BA1_exvivo.label 4314
mri_label2label: Done


 mri_label2label --srcsubject fsaverage --srclabel /out/sourcedata/freesurfer/fsaverage/label/lh.BA2_exvivo.label --trgsubject sub-v1s12x0050113_ses-1 --trglabel ./lh.BA2_exvivo.label --hemi lh --regmethod surface 


srclabel = /out/sourcedata/freesurfer/fsaverage/label/lh.BA2_exvivo.label
srcsubject = fsaverage
trgsubject = sub-v1s12x0050113_ses-1
trglabel = ./lh.BA2_exvivo.label
regmethod = surface

srchemi = lh
trghemi = lh
trgsurface = white
srcsurfreg = sphere.reg
trgsurfreg = sphere.reg
usehash = 1
Use ProjAbs  = 0, 0
Use ProjFrac = 0, 0
DoPaint 0

SUBJECTS_DIR    /out/sourcedata/freesurfer
FREESURFER_HOME /opt/freesurfer
Loading source label.
Found 7909 points in source label.
Starting surface-based mapping
Reading source registration 
 /out/sourcedata/freesurfer/fsaverage/surf/lh.sphere.reg
Rescaling ...  original radius = 100
Reading target surface 
 /out/sourcedata/freesurfer/sub-v1s12x0050113_ses-1/surf/lh.white
Reading target registration 
 /out/sourcedata/freesurfer/sub-v1s12x0050113_ses-1/surf/lh.sphere.reg
Rescaling ...  original radius = 100
Building target registration hash (res=16).
Building source registration hash (res=16).
INFO: found  7909 nlabel points
Performing mapping from target back to the source label 130024
Number of reverse mapping hits = 340
Checking for and removing duplicates
Writing label file ./lh.BA2_exvivo.label 8249
mri_label2label: Done


 mri_label2label --srcsubject fsaverage --srclabel /out/sourcedata/freesurfer/fsaverage/label/lh.BA3a_exvivo.label --trgsubject sub-v1s12x0050113_ses-1 --trglabel ./lh.BA3a_exvivo.label --hemi lh --regmethod surface 


srclabel = /out/sourcedata/freesurfer/fsaverage/label/lh.BA3a_exvivo.label
srcsubject = fsaverage
trgsubject = sub-v1s12x0050113_ses-1
trglabel = ./lh.BA3a_exvivo.label
regmethod = surface

srchemi = lh
trghemi = lh
trgsurface = white
srcsurfreg = sphere.reg
trgsurfreg = sphere.reg
usehash = 1
Use ProjAbs  = 0, 0
Use ProjFrac = 0, 0
DoPaint 0

SUBJECTS_DIR    /out/sourcedata/freesurfer
FREESURFER_HOME /opt/freesurfer
Loading source label.
Found 4077 points in source label.
Starting surface-based mapping
Reading source registration 
 /out/sourcedata/freesurfer/fsaverage/surf/lh.sphere.reg
Rescaling ...  original radius = 100
Reading target surface 
 /out/sourcedata/freesurfer/sub-v1s12x0050113_ses-1/surf/lh.white
Reading target registration 
 /out/sourcedata/freesurfer/sub-v1s12x0050113_ses-1/surf/lh.sphere.reg
Rescaling ...  original radius = 100
Building target registration hash (res=16).
Building source registration hash (res=16).
INFO: found  4077 nlabel points
Performing mapping from target back to the source label 130024
Number of reverse mapping hits = 28
Checking for and removing duplicates
Writing label file ./lh.BA3a_exvivo.label 4105
mri_label2label: Done


 mri_label2label --srcsubject fsaverage --srclabel /out/sourcedata/freesurfer/fsaverage/label/lh.BA3b_exvivo.label --trgsubject sub-v1s12x0050113_ses-1 --trglabel ./lh.BA3b_exvivo.label --hemi lh --regmethod surface 


srclabel = /out/sourcedata/freesurfer/fsaverage/label/lh.BA3b_exvivo.label
srcsubject = fsaverage
trgsubject = sub-v1s12x0050113_ses-1
trglabel = ./lh.BA3b_exvivo.label
regmethod = surface

srchemi = lh
trghemi = lh
trgsurface = white
srcsurfreg = sphere.reg
trgsurfreg = sphere.reg
usehash = 1
Use ProjAbs  = 0, 0
Use ProjFrac = 0, 0
DoPaint 0

SUBJECTS_DIR    /out/sourcedata/freesurfer
FREESURFER_HOME /opt/freesurfer
Loading source label.
Found 5983 points in source label.
Starting surface-based mapping
Reading source registration 
 /out/sourcedata/freesurfer/fsaverage/surf/lh.sphere.reg
Rescaling ...  original radius = 100
Reading target surface 
 /out/sourcedata/freesurfer/sub-v1s12x0050113_ses-1/surf/lh.white
Reading target registration 
 /out/sourcedata/freesurfer/sub-v1s12x0050113_ses-1/surf/lh.sphere.reg
Rescaling ...  original radius = 100
Building target registration hash (res=16).
Building source registration hash (res=16).
INFO: found  5983 nlabel points
Performing mapping from target back to the source label 130024
Number of reverse mapping hits = 129
Checking for and removing duplicates
Writing label file ./lh.BA3b_exvivo.label 6112
mri_label2label: Done


 mri_label2label --srcsubject fsaverage --srclabel /out/sourcedata/freesurfer/fsaverage/label/lh.BA4a_exvivo.label --trgsubject sub-v1s12x0050113_ses-1 --trglabel ./lh.BA4a_exvivo.label --hemi lh --regmethod surface 


srclabel = /out/sourcedata/freesurfer/fsaverage/label/lh.BA4a_exvivo.label
srcsubject = fsaverage
trgsubject = sub-v1s12x0050113_ses-1
trglabel = ./lh.BA4a_exvivo.label
regmethod = surface

srchemi = lh
trghemi = lh
trgsurface = white
srcsurfreg = sphere.reg
trgsurfreg = sphere.reg
usehash = 1
Use ProjAbs  = 0, 0
Use ProjFrac = 0, 0
DoPaint 0

SUBJECTS_DIR    /out/sourcedata/freesurfer
FREESURFER_HOME /opt/freesurfer
Loading source label.
Found 5784 points in source label.
Starting surface-based mapping
Reading source registration 
 /out/sourcedata/freesurfer/fsaverage/surf/lh.sphere.reg
Rescaling ...  original radius = 100
Reading target surface 
 /out/sourcedata/freesurfer/sub-v1s12x0050113_ses-1/surf/lh.white
Reading target registration 
 /out/sourcedata/freesurfer/sub-v1s12x0050113_ses-1/surf/lh.sphere.reg
Rescaling ...  original radius = 100
Building target registration hash (res=16).
Building source registration hash (res=16).
INFO: found  5784 nlabel points
Performing mapping from target back to the source label 130024
Number of reverse mapping hits = 211
Checking for and removing duplicates
Writing label file ./lh.BA4a_exvivo.label 5995
mri_label2label: Done


 mri_label2label --srcsubject fsaverage --srclabel /out/sourcedata/freesurfer/fsaverage/label/lh.BA4p_exvivo.label --trgsubject sub-v1s12x0050113_ses-1 --trglabel ./lh.BA4p_exvivo.label --hemi lh --regmethod surface 


srclabel = /out/sourcedata/freesurfer/fsaverage/label/lh.BA4p_exvivo.label
srcsubject = fsaverage
trgsubject = sub-v1s12x0050113_ses-1
trglabel = ./lh.BA4p_exvivo.label
regmethod = surface

srchemi = lh
trghemi = lh
trgsurface = white
srcsurfreg = sphere.reg
trgsurfreg = sphere.reg
usehash = 1
Use ProjAbs  = 0, 0
Use ProjFrac = 0, 0
DoPaint 0

SUBJECTS_DIR    /out/sourcedata/freesurfer
FREESURFER_HOME /opt/freesurfer
Loading source label.
Found 4070 points in source label.
Starting surface-based mapping
Reading source registration 
 /out/sourcedata/freesurfer/fsaverage/surf/lh.sphere.reg
Rescaling ...  original radius = 100
Reading target surface 
 /out/sourcedata/freesurfer/sub-v1s12x0050113_ses-1/surf/lh.white
Reading target registration 
 /out/sourcedata/freesurfer/sub-v1s12x0050113_ses-1/surf/lh.sphere.reg
Rescaling ...  original radius = 100
Building target registration hash (res=16).
Building source registration hash (res=16).
INFO: found  4070 nlabel points
Performing mapping from target back to the source label 130024
Number of reverse mapping hits = 67
Checking for and removing duplicates
Writing label file ./lh.BA4p_exvivo.label 4137
mri_label2label: Done


 mri_label2label --srcsubject fsaverage --srclabel /out/sourcedata/freesurfer/fsaverage/label/lh.BA6_exvivo.label --trgsubject sub-v1s12x0050113_ses-1 --trglabel ./lh.BA6_exvivo.label --hemi lh --regmethod surface 


srclabel = /out/sourcedata/freesurfer/fsaverage/label/lh.BA6_exvivo.label
srcsubject = fsaverage
trgsubject = sub-v1s12x0050113_ses-1
trglabel = ./lh.BA6_exvivo.label
regmethod = surface

srchemi = lh
trghemi = lh
trgsurface = white
srcsurfreg = sphere.reg
trgsurfreg = sphere.reg
usehash = 1
Use ProjAbs  = 0, 0
Use ProjFrac = 0, 0
DoPaint 0

SUBJECTS_DIR    /out/sourcedata/freesurfer
FREESURFER_HOME /opt/freesurfer
Loading source label.
Found 13589 points in source label.
Starting surface-based mapping
Reading source registration 
 /out/sourcedata/freesurfer/fsaverage/surf/lh.sphere.reg
Rescaling ...  original radius = 100
Reading target surface 
 /out/sourcedata/freesurfer/sub-v1s12x0050113_ses-1/surf/lh.white
Reading target registration 
 /out/sourcedata/freesurfer/sub-v1s12x0050113_ses-1/surf/lh.sphere.reg
Rescaling ...  original radius = 100
Building target registration hash (res=16).
Building source registration hash (res=16).
INFO: found  13589 nlabel points
Performing mapping from target back to the source label 130024
Number of reverse mapping hits = 577
Checking for and removing duplicates
Writing label file ./lh.BA6_exvivo.label 14166
mri_label2label: Done


 mri_label2label --srcsubject fsaverage --srclabel /out/sourcedata/freesurfer/fsaverage/label/lh.BA44_exvivo.label --trgsubject sub-v1s12x0050113_ses-1 --trglabel ./lh.BA44_exvivo.label --hemi lh --regmethod surface 


srclabel = /out/sourcedata/freesurfer/fsaverage/label/lh.BA44_exvivo.label
srcsubject = fsaverage
trgsubject = sub-v1s12x0050113_ses-1
trglabel = ./lh.BA44_exvivo.label
regmethod = surface

srchemi = lh
trghemi = lh
trgsurface = white
srcsurfreg = sphere.reg
trgsurfreg = sphere.reg
usehash = 1
Use ProjAbs  = 0, 0
Use ProjFrac = 0, 0
DoPaint 0

SUBJECTS_DIR    /out/sourcedata/freesurfer
FREESURFER_HOME /opt/freesurfer
Loading source label.
Found 4181 points in source label.
Starting surface-based mapping
Reading source registration 
 /out/sourcedata/freesurfer/fsaverage/surf/lh.sphere.reg
Rescaling ...  original radius = 100
Reading target surface 
 /out/sourcedata/freesurfer/sub-v1s12x0050113_ses-1/surf/lh.white
Reading target registration 
 /out/sourcedata/freesurfer/sub-v1s12x0050113_ses-1/surf/lh.sphere.reg
Rescaling ...  original radius = 100
Building target registration hash (res=16).
Building source registration hash (res=16).
INFO: found  4181 nlabel points
Performing mapping from target back to the source label 130024
Number of reverse mapping hits = 59
Checking for and removing duplicates
Writing label file ./lh.BA44_exvivo.label 4240
mri_label2label: Done


 mri_label2label --srcsubject fsaverage --srclabel /out/sourcedata/freesurfer/fsaverage/label/lh.BA45_exvivo.label --trgsubject sub-v1s12x0050113_ses-1 --trglabel ./lh.BA45_exvivo.label --hemi lh --regmethod surface 


srclabel = /out/sourcedata/freesurfer/fsaverage/label/lh.BA45_exvivo.label
srcsubject = fsaverage
trgsubject = sub-v1s12x0050113_ses-1
trglabel = ./lh.BA45_exvivo.label
regmethod = surface

srchemi = lh
trghemi = lh
trgsurface = white
srcsurfreg = sphere.reg
trgsurfreg = sphere.reg
usehash = 1
Use ProjAbs  = 0, 0
Use ProjFrac = 0, 0
DoPaint 0

SUBJECTS_DIR    /out/sourcedata/freesurfer
FREESURFER_HOME /opt/freesurfer
Loading source label.
Found 3422 points in source label.
Starting surface-based mapping
Reading source registration 
 /out/sourcedata/freesurfer/fsaverage/surf/lh.sphere.reg
Rescaling ...  original radius = 100
Reading target surface 
 /out/sourcedata/freesurfer/sub-v1s12x0050113_ses-1/surf/lh.white
Reading target registration 
 /out/sourcedata/freesurfer/sub-v1s12x0050113_ses-1/surf/lh.sphere.reg
Rescaling ...  original radius = 100
Building target registration hash (res=16).
Building source registration hash (res=16).
INFO: found  3422 nlabel points
Performing mapping from target back to the source label 130024
Number of reverse mapping hits = 683
Checking for and removing duplicates
Writing label file ./lh.BA45_exvivo.label 4105
mri_label2label: Done


 mri_label2label --srcsubject fsaverage --srclabel /out/sourcedata/freesurfer/fsaverage/label/lh.V1_exvivo.label --trgsubject sub-v1s12x0050113_ses-1 --trglabel ./lh.V1_exvivo.label --hemi lh --regmethod surface 


srclabel = /out/sourcedata/freesurfer/fsaverage/label/lh.V1_exvivo.label
srcsubject = fsaverage
trgsubject = sub-v1s12x0050113_ses-1
trglabel = ./lh.V1_exvivo.label
regmethod = surface

srchemi = lh
trghemi = lh
trgsurface = white
srcsurfreg = sphere.reg
trgsurfreg = sphere.reg
usehash = 1
Use ProjAbs  = 0, 0
Use ProjFrac = 0, 0
DoPaint 0

SUBJECTS_DIR    /out/sourcedata/freesurfer
FREESURFER_HOME /opt/freesurfer
Loading source label.
Found 4641 points in source label.
Starting surface-based mapping
Reading source registration 
 /out/sourcedata/freesurfer/fsaverage/surf/lh.sphere.reg
Rescaling ...  original radius = 100
Reading target surface 
 /out/sourcedata/freesurfer/sub-v1s12x0050113_ses-1/surf/lh.white
Reading target registration 
 /out/sourcedata/freesurfer/sub-v1s12x0050113_ses-1/surf/lh.sphere.reg
Rescaling ...  original radius = 100
Building target registration hash (res=16).
Building source registration hash (res=16).
INFO: found  4641 nlabel points
Performing mapping from target back to the source label 130024
Number of reverse mapping hits = 1703
Checking for and removing duplicates
Writing label file ./lh.V1_exvivo.label 6344
mri_label2label: Done


 mri_label2label --srcsubject fsaverage --srclabel /out/sourcedata/freesurfer/fsaverage/label/lh.V2_exvivo.label --trgsubject sub-v1s12x0050113_ses-1 --trglabel ./lh.V2_exvivo.label --hemi lh --regmethod surface 


srclabel = /out/sourcedata/freesurfer/fsaverage/label/lh.V2_exvivo.label
srcsubject = fsaverage
trgsubject = sub-v1s12x0050113_ses-1
trglabel = ./lh.V2_exvivo.label
regmethod = surface

srchemi = lh
trghemi = lh
trgsurface = white
srcsurfreg = sphere.reg
trgsurfreg = sphere.reg
usehash = 1
Use ProjAbs  = 0, 0
Use ProjFrac = 0, 0
DoPaint 0

SUBJECTS_DIR    /out/sourcedata/freesurfer
FREESURFER_HOME /opt/freesurfer
Loading source label.
Found 8114 points in source label.
Starting surface-based mapping
Reading source registration 
 /out/sourcedata/freesurfer/fsaverage/surf/lh.sphere.reg
Rescaling ...  original radius = 100
Reading target surface 
 /out/sourcedata/freesurfer/sub-v1s12x0050113_ses-1/surf/lh.white
Reading target registration 
 /out/sourcedata/freesurfer/sub-v1s12x0050113_ses-1/surf/lh.sphere.reg
Rescaling ...  original radius = 100
Building target registration hash (res=16).
Building source registration hash (res=16).
INFO: found  8114 nlabel points
Performing mapping from target back to the source label 130024
Number of reverse mapping hits = 3457
Checking for and removing duplicates
Writing label file ./lh.V2_exvivo.label 11571
mri_label2label: Done


 mri_label2label --srcsubject fsaverage --srclabel /out/sourcedata/freesurfer/fsaverage/label/lh.MT_exvivo.label --trgsubject sub-v1s12x0050113_ses-1 --trglabel ./lh.MT_exvivo.label --hemi lh --regmethod surface 


srclabel = /out/sourcedata/freesurfer/fsaverage/label/lh.MT_exvivo.label
srcsubject = fsaverage
trgsubject = sub-v1s12x0050113_ses-1
trglabel = ./lh.MT_exvivo.label
regmethod = surface

srchemi = lh
trghemi = lh
trgsurface = white
srcsurfreg = sphere.reg
trgsurfreg = sphere.reg
usehash = 1
Use ProjAbs  = 0, 0
Use ProjFrac = 0, 0
DoPaint 0

SUBJECTS_DIR    /out/sourcedata/freesurfer
FREESURFER_HOME /opt/freesurfer
Loading source label.
Found 2018 points in source label.
Starting surface-based mapping
Reading source registration 
 /out/sourcedata/freesurfer/fsaverage/surf/lh.sphere.reg
Rescaling ...  original radius = 100
Reading target surface 
 /out/sourcedata/freesurfer/sub-v1s12x0050113_ses-1/surf/lh.white
Reading target registration 
 /out/sourcedata/freesurfer/sub-v1s12x0050113_ses-1/surf/lh.sphere.reg
Rescaling ...  original radius = 100
Building target registration hash (res=16).
Building source registration hash (res=16).
INFO: found  2018 nlabel points
Performing mapping from target back to the source label 130024
Number of reverse mapping hits = 543
Checking for and removing duplicates
Writing label file ./lh.MT_exvivo.label 2561
mri_label2label: Done


 mri_label2label --srcsubject fsaverage --srclabel /out/sourcedata/freesurfer/fsaverage/label/lh.entorhinal_exvivo.label --trgsubject sub-v1s12x0050113_ses-1 --trglabel ./lh.entorhinal_exvivo.label --hemi lh --regmethod surface 


srclabel = /out/sourcedata/freesurfer/fsaverage/label/lh.entorhinal_exvivo.label
srcsubject = fsaverage
trgsubject = sub-v1s12x0050113_ses-1
trglabel = ./lh.entorhinal_exvivo.label
regmethod = surface

srchemi = lh
trghemi = lh
trgsurface = white
srcsurfreg = sphere.reg
trgsurfreg = sphere.reg
usehash = 1
Use ProjAbs  = 0, 0
Use ProjFrac = 0, 0
DoPaint 0

SUBJECTS_DIR    /out/sourcedata/freesurfer
FREESURFER_HOME /opt/freesurfer
Loading source label.
Found 1290 points in source label.
Starting surface-based mapping
Reading source registration 
 /out/sourcedata/freesurfer/fsaverage/surf/lh.sphere.reg
Rescaling ...  original radius = 100
Reading target surface 
 /out/sourcedata/freesurfer/sub-v1s12x0050113_ses-1/surf/lh.white
Reading target registration 
 /out/sourcedata/freesurfer/sub-v1s12x0050113_ses-1/surf/lh.sphere.reg
Rescaling ...  original radius = 100
Building target registration hash (res=16).
Building source registration hash (res=16).
INFO: found  1290 nlabel points
Performing mapping from target back to the source label 130024
Number of reverse mapping hits = 19
Checking for and removing duplicates
Writing label file ./lh.entorhinal_exvivo.label 1309
mri_label2label: Done


 mri_label2label --srcsubject fsaverage --srclabel /out/sourcedata/freesurfer/fsaverage/label/lh.perirhinal_exvivo.label --trgsubject sub-v1s12x0050113_ses-1 --trglabel ./lh.perirhinal_exvivo.label --hemi lh --regmethod surface 


srclabel = /out/sourcedata/freesurfer/fsaverage/label/lh.perirhinal_exvivo.label
srcsubject = fsaverage
trgsubject = sub-v1s12x0050113_ses-1
trglabel = ./lh.perirhinal_exvivo.label
regmethod = surface

srchemi = lh
trghemi = lh
trgsurface = white
srcsurfreg = sphere.reg
trgsurfreg = sphere.reg
usehash = 1
Use ProjAbs  = 0, 0
Use ProjFrac = 0, 0
DoPaint 0

SUBJECTS_DIR    /out/sourcedata/freesurfer
FREESURFER_HOME /opt/freesurfer
Loading source label.
Found 1199 points in source label.
Starting surface-based mapping
Reading source registration 
 /out/sourcedata/freesurfer/fsaverage/surf/lh.sphere.reg
Rescaling ...  original radius = 100
Reading target surface 
 /out/sourcedata/freesurfer/sub-v1s12x0050113_ses-1/surf/lh.white
Reading target registration 
 /out/sourcedata/freesurfer/sub-v1s12x0050113_ses-1/surf/lh.sphere.reg
Rescaling ...  original radius = 100
Building target registration hash (res=16).
Building source registration hash (res=16).
INFO: found  1199 nlabel points
Performing mapping from target back to the source label 130024
Number of reverse mapping hits = 22
Checking for and removing duplicates
Writing label file ./lh.perirhinal_exvivo.label 1221
mri_label2label: Done


 mri_label2label --srcsubject fsaverage --srclabel /out/sourcedata/freesurfer/fsaverage/label/lh.FG1.mpm.vpnl.label --trgsubject sub-v1s12x0050113_ses-1 --trglabel ./lh.FG1.mpm.vpnl.label --hemi lh --regmethod surface 


srclabel = /out/sourcedata/freesurfer/fsaverage/label/lh.FG1.mpm.vpnl.label
srcsubject = fsaverage
trgsubject = sub-v1s12x0050113_ses-1
trglabel = ./lh.FG1.mpm.vpnl.label
regmethod = surface

srchemi = lh
trghemi = lh
trgsurface = white
srcsurfreg = sphere.reg
trgsurfreg = sphere.reg
usehash = 1
Use ProjAbs  = 0, 0
Use ProjFrac = 0, 0
DoPaint 0

SUBJECTS_DIR    /out/sourcedata/freesurfer
FREESURFER_HOME /opt/freesurfer
Loading source label.
Found 414 points in source label.
Starting surface-based mapping
Reading source registration 
 /out/sourcedata/freesurfer/fsaverage/surf/lh.sphere.reg
Rescaling ...  original radius = 100
Reading target surface 
 /out/sourcedata/freesurfer/sub-v1s12x0050113_ses-1/surf/lh.white
Reading target registration 
 /out/sourcedata/freesurfer/sub-v1s12x0050113_ses-1/surf/lh.sphere.reg
Rescaling ...  original radius = 100
Building target registration hash (res=16).
Building source registration hash (res=16).
INFO: found  414 nlabel points
Performing mapping from target back to the source label 130024
Number of reverse mapping hits = 141
Checking for and removing duplicates
Writing label file ./lh.FG1.mpm.vpnl.label 555
mri_label2label: Done


 mri_label2label --srcsubject fsaverage --srclabel /out/sourcedata/freesurfer/fsaverage/label/lh.FG2.mpm.vpnl.label --trgsubject sub-v1s12x0050113_ses-1 --trglabel ./lh.FG2.mpm.vpnl.label --hemi lh --regmethod surface 


srclabel = /out/sourcedata/freesurfer/fsaverage/label/lh.FG2.mpm.vpnl.label
srcsubject = fsaverage
trgsubject = sub-v1s12x0050113_ses-1
trglabel = ./lh.FG2.mpm.vpnl.label
regmethod = surface

srchemi = lh
trghemi = lh
trgsurface = white
srcsurfreg = sphere.reg
trgsurfreg = sphere.reg
usehash = 1
Use ProjAbs  = 0, 0
Use ProjFrac = 0, 0
DoPaint 0

SUBJECTS_DIR    /out/sourcedata/freesurfer
FREESURFER_HOME /opt/freesurfer
Loading source label.
Found 703 points in source label.
Starting surface-based mapping
Reading source registration 
 /out/sourcedata/freesurfer/fsaverage/surf/lh.sphere.reg
Rescaling ...  original radius = 100
Reading target surface 
 /out/sourcedata/freesurfer/sub-v1s12x0050113_ses-1/surf/lh.white
Reading target registration 
 /out/sourcedata/freesurfer/sub-v1s12x0050113_ses-1/surf/lh.sphere.reg
Rescaling ...  original radius = 100
Building target registration hash (res=16).
Building source registration hash (res=16).
INFO: found  703 nlabel points
Performing mapping from target back to the source label 130024
Number of reverse mapping hits = 148
Checking for and removing duplicates
Writing label file ./lh.FG2.mpm.vpnl.label 851
mri_label2label: Done


 mri_label2label --srcsubject fsaverage --srclabel /out/sourcedata/freesurfer/fsaverage/label/lh.FG3.mpm.vpnl.label --trgsubject sub-v1s12x0050113_ses-1 --trglabel ./lh.FG3.mpm.vpnl.label --hemi lh --regmethod surface 


srclabel = /out/sourcedata/freesurfer/fsaverage/label/lh.FG3.mpm.vpnl.label
srcsubject = fsaverage
trgsubject = sub-v1s12x0050113_ses-1
trglabel = ./lh.FG3.mpm.vpnl.label
regmethod = surface

srchemi = lh
trghemi = lh
trgsurface = white
srcsurfreg = sphere.reg
trgsurfreg = sphere.reg
usehash = 1
Use ProjAbs  = 0, 0
Use ProjFrac = 0, 0
DoPaint 0

SUBJECTS_DIR    /out/sourcedata/freesurfer
FREESURFER_HOME /opt/freesurfer
Loading source label.
Found 1873 points in source label.
Starting surface-based mapping
Reading source registration 
 /out/sourcedata/freesurfer/fsaverage/surf/lh.sphere.reg
Rescaling ...  original radius = 100
Reading target surface 
 /out/sourcedata/freesurfer/sub-v1s12x0050113_ses-1/surf/lh.white
Reading target registration 
 /out/sourcedata/freesurfer/sub-v1s12x0050113_ses-1/surf/lh.sphere.reg
Rescaling ...  original radius = 100
Building target registration hash (res=16).
Building source registration hash (res=16).
INFO: found  1873 nlabel points
Performing mapping from target back to the source label 130024
Number of reverse mapping hits = 154
Checking for and removing duplicates
Writing label file ./lh.FG3.mpm.vpnl.label 2027
mri_label2label: Done


 mri_label2label --srcsubject fsaverage --srclabel /out/sourcedata/freesurfer/fsaverage/label/lh.FG4.mpm.vpnl.label --trgsubject sub-v1s12x0050113_ses-1 --trglabel ./lh.FG4.mpm.vpnl.label --hemi lh --regmethod surface 


srclabel = /out/sourcedata/freesurfer/fsaverage/label/lh.FG4.mpm.vpnl.label
srcsubject = fsaverage
trgsubject = sub-v1s12x0050113_ses-1
trglabel = ./lh.FG4.mpm.vpnl.label
regmethod = surface

srchemi = lh
trghemi = lh
trgsurface = white
srcsurfreg = sphere.reg
trgsurfreg = sphere.reg
usehash = 1
Use ProjAbs  = 0, 0
Use ProjFrac = 0, 0
DoPaint 0

SUBJECTS_DIR    /out/sourcedata/freesurfer
FREESURFER_HOME /opt/freesurfer
Loading source label.
Found 2101 points in source label.
Starting surface-based mapping
Reading source registration 
 /out/sourcedata/freesurfer/fsaverage/surf/lh.sphere.reg
Rescaling ...  original radius = 100
Reading target surface 
 /out/sourcedata/freesurfer/sub-v1s12x0050113_ses-1/surf/lh.white
Reading target registration 
 /out/sourcedata/freesurfer/sub-v1s12x0050113_ses-1/surf/lh.sphere.reg
Rescaling ...  original radius = 100
Building target registration hash (res=16).
Building source registration hash (res=16).
INFO: found  2101 nlabel points
Performing mapping from target back to the source label 130024
Number of reverse mapping hits = 299
Checking for and removing duplicates
Writing label file ./lh.FG4.mpm.vpnl.label 2400
mri_label2label: Done


 mri_label2label --srcsubject fsaverage --srclabel /out/sourcedata/freesurfer/fsaverage/label/lh.hOc1.mpm.vpnl.label --trgsubject sub-v1s12x0050113_ses-1 --trglabel ./lh.hOc1.mpm.vpnl.label --hemi lh --regmethod surface 


srclabel = /out/sourcedata/freesurfer/fsaverage/label/lh.hOc1.mpm.vpnl.label
srcsubject = fsaverage
trgsubject = sub-v1s12x0050113_ses-1
trglabel = ./lh.hOc1.mpm.vpnl.label
regmethod = surface

srchemi = lh
trghemi = lh
trgsurface = white
srcsurfreg = sphere.reg
trgsurfreg = sphere.reg
usehash = 1
Use ProjAbs  = 0, 0
Use ProjFrac = 0, 0
DoPaint 0

SUBJECTS_DIR    /out/sourcedata/freesurfer
FREESURFER_HOME /opt/freesurfer
Loading source label.
Found 3877 points in source label.
Starting surface-based mapping
Reading source registration 
 /out/sourcedata/freesurfer/fsaverage/surf/lh.sphere.reg
Rescaling ...  original radius = 100
Reading target surface 
 /out/sourcedata/freesurfer/sub-v1s12x0050113_ses-1/surf/lh.white
Reading target registration 
 /out/sourcedata/freesurfer/sub-v1s12x0050113_ses-1/surf/lh.sphere.reg
Rescaling ...  original radius = 100
Building target registration hash (res=16).
Building source registration hash (res=16).
INFO: found  3877 nlabel points
Performing mapping from target back to the source label 130024
Number of reverse mapping hits = 1378
Checking for and removing duplicates
Writing label file ./lh.hOc1.mpm.vpnl.label 5255
mri_label2label: Done


 mri_label2label --srcsubject fsaverage --srclabel /out/sourcedata/freesurfer/fsaverage/label/lh.hOc2.mpm.vpnl.label --trgsubject sub-v1s12x0050113_ses-1 --trglabel ./lh.hOc2.mpm.vpnl.label --hemi lh --regmethod surface 


srclabel = /out/sourcedata/freesurfer/fsaverage/label/lh.hOc2.mpm.vpnl.label
srcsubject = fsaverage
trgsubject = sub-v1s12x0050113_ses-1
trglabel = ./lh.hOc2.mpm.vpnl.label
regmethod = surface

srchemi = lh
trghemi = lh
trgsurface = white
srcsurfreg = sphere.reg
trgsurfreg = sphere.reg
usehash = 1
Use ProjAbs  = 0, 0
Use ProjFrac = 0, 0
DoPaint 0

SUBJECTS_DIR    /out/sourcedata/freesurfer
FREESURFER_HOME /opt/freesurfer
Loading source label.
Found 2919 points in source label.
Starting surface-based mapping
Reading source registration 
 /out/sourcedata/freesurfer/fsaverage/surf/lh.sphere.reg
Rescaling ...  original radius = 100
Reading target surface 
 /out/sourcedata/freesurfer/sub-v1s12x0050113_ses-1/surf/lh.white
Reading target registration 
 /out/sourcedata/freesurfer/sub-v1s12x0050113_ses-1/surf/lh.sphere.reg
Rescaling ...  original radius = 100
Building target registration hash (res=16).
Building source registration hash (res=16).
INFO: found  2919 nlabel points
Performing mapping from target back to the source label 130024
Number of reverse mapping hits = 1379
Checking for and removing duplicates
Writing label file ./lh.hOc2.mpm.vpnl.label 4298
mri_label2label: Done


 mri_label2label --srcsubject fsaverage --srclabel /out/sourcedata/freesurfer/fsaverage/label/lh.hOc3v.mpm.vpnl.label --trgsubject sub-v1s12x0050113_ses-1 --trglabel ./lh.hOc3v.mpm.vpnl.label --hemi lh --regmethod surface 


srclabel = /out/sourcedata/freesurfer/fsaverage/label/lh.hOc3v.mpm.vpnl.label
srcsubject = fsaverage
trgsubject = sub-v1s12x0050113_ses-1
trglabel = ./lh.hOc3v.mpm.vpnl.label
regmethod = surface

srchemi = lh
trghemi = lh
trgsurface = white
srcsurfreg = sphere.reg
trgsurfreg = sphere.reg
usehash = 1
Use ProjAbs  = 0, 0
Use ProjFrac = 0, 0
DoPaint 0

SUBJECTS_DIR    /out/sourcedata/freesurfer
FREESURFER_HOME /opt/freesurfer
Loading source label.
Found 1286 points in source label.
Starting surface-based mapping
Reading source registration 
 /out/sourcedata/freesurfer/fsaverage/surf/lh.sphere.reg
Rescaling ...  original radius = 100
Reading target surface 
 /out/sourcedata/freesurfer/sub-v1s12x0050113_ses-1/surf/lh.white
Reading target registration 
 /out/sourcedata/freesurfer/sub-v1s12x0050113_ses-1/surf/lh.sphere.reg
Rescaling ...  original radius = 100
Building target registration hash (res=16).
Building source registration hash (res=16).
INFO: found  1286 nlabel points
Performing mapping from target back to the source label 130024
Number of reverse mapping hits = 775
Checking for and removing duplicates
Writing label file ./lh.hOc3v.mpm.vpnl.label 2061
mri_label2label: Done


 mri_label2label --srcsubject fsaverage --srclabel /out/sourcedata/freesurfer/fsaverage/label/lh.hOc4v.mpm.vpnl.label --trgsubject sub-v1s12x0050113_ses-1 --trglabel ./lh.hOc4v.mpm.vpnl.label --hemi lh --regmethod surface 


srclabel = /out/sourcedata/freesurfer/fsaverage/label/lh.hOc4v.mpm.vpnl.label
srcsubject = fsaverage
trgsubject = sub-v1s12x0050113_ses-1
trglabel = ./lh.hOc4v.mpm.vpnl.label
regmethod = surface

srchemi = lh
trghemi = lh
trgsurface = white
srcsurfreg = sphere.reg
trgsurfreg = sphere.reg
usehash = 1
Use ProjAbs  = 0, 0
Use ProjFrac = 0, 0
DoPaint 0

SUBJECTS_DIR    /out/sourcedata/freesurfer
FREESURFER_HOME /opt/freesurfer
Loading source label.
Found 1006 points in source label.
Starting surface-based mapping
Reading source registration 
 /out/sourcedata/freesurfer/fsaverage/surf/lh.sphere.reg
Rescaling ...  original radius = 100
Reading target surface 
 /out/sourcedata/freesurfer/sub-v1s12x0050113_ses-1/surf/lh.white
Reading target registration 
 /out/sourcedata/freesurfer/sub-v1s12x0050113_ses-1/surf/lh.sphere.reg
Rescaling ...  original radius = 100
Building target registration hash (res=16).
Building source registration hash (res=16).
INFO: found  1006 nlabel points
Performing mapping from target back to the source label 130024
Number of reverse mapping hits = 441
Checking for and removing duplicates
Writing label file ./lh.hOc4v.mpm.vpnl.label 1447
mri_label2label: Done


 mris_label2annot --s sub-v1s12x0050113_ses-1 --ctab /opt/freesurfer/average/colortable_vpnl.txt --hemi lh --a mpm.vpnl --maxstatwinner --noverbose --l lh.FG1.mpm.vpnl.label --l lh.FG2.mpm.vpnl.label --l lh.FG3.mpm.vpnl.label --l lh.FG4.mpm.vpnl.label --l lh.hOc1.mpm.vpnl.label --l lh.hOc2.mpm.vpnl.label --l lh.hOc3v.mpm.vpnl.label --l lh.hOc4v.mpm.vpnl.label 

Reading ctab /opt/freesurfer/average/colortable_vpnl.txt
Number of ctab entries 9

7.3.2
cwd /out/sourcedata/freesurfer/sub-v1s12x0050113_ses-1/label
cmdline mris_label2annot --s sub-v1s12x0050113_ses-1 --ctab /opt/freesurfer/average/colortable_vpnl.txt --hemi lh --a mpm.vpnl --maxstatwinner --noverbose --l lh.FG1.mpm.vpnl.label --l lh.FG2.mpm.vpnl.label --l lh.FG3.mpm.vpnl.label --l lh.FG4.mpm.vpnl.label --l lh.hOc1.mpm.vpnl.label --l lh.hOc2.mpm.vpnl.label --l lh.hOc3v.mpm.vpnl.label --l lh.hOc4v.mpm.vpnl.label 
sysname  Linux
hostname dna070
machine  x86_64
user     oesteban

subject sub-v1s12x0050113_ses-1
hemi    lh
SUBJECTS_DIR /out/sourcedata/freesurfer
ColorTable /opt/freesurfer/average/colortable_vpnl.txt
AnnotName  mpm.vpnl
nlables 8
LabelThresh 0 0.000000
Loading /out/sourcedata/freesurfer/sub-v1s12x0050113_ses-1/surf/lh.orig
 1 1376057 FG1
 2 16711935 FG2
 3 16711680 FG3
 4 1705837 FG4
 5 25600 hOc1
 6 255 hOc2
 7 16776960 hOc3v
 8 65535 hOc4v
Mapping unhit to unknown
Found 112341 unhit vertices
Writing annot to /out/sourcedata/freesurfer/sub-v1s12x0050113_ses-1/label/lh.mpm.vpnl.annot

 mri_label2label --srcsubject fsaverage --srclabel /out/sourcedata/freesurfer/fsaverage/label/lh.BA1_exvivo.thresh.label --trgsubject sub-v1s12x0050113_ses-1 --trglabel ./lh.BA1_exvivo.thresh.label --hemi lh --regmethod surface 


srclabel = /out/sourcedata/freesurfer/fsaverage/label/lh.BA1_exvivo.thresh.label
srcsubject = fsaverage
trgsubject = sub-v1s12x0050113_ses-1
trglabel = ./lh.BA1_exvivo.thresh.label
regmethod = surface

srchemi = lh
trghemi = lh
trgsurface = white
srcsurfreg = sphere.reg
trgsurfreg = sphere.reg
usehash = 1
Use ProjAbs  = 0, 0
Use ProjFrac = 0, 0
DoPaint 0

SUBJECTS_DIR    /out/sourcedata/freesurfer
FREESURFER_HOME /opt/freesurfer
Loading source label.
Found 1014 points in source label.
Starting surface-based mapping
Reading source registration 
 /out/sourcedata/freesurfer/fsaverage/surf/lh.sphere.reg
Rescaling ...  original radius = 100
Reading target surface 
 /out/sourcedata/freesurfer/sub-v1s12x0050113_ses-1/surf/lh.white
Reading target registration 
 /out/sourcedata/freesurfer/sub-v1s12x0050113_ses-1/surf/lh.sphere.reg
Rescaling ...  original radius = 100
Building target registration hash (res=16).
Building source registration hash (res=16).
INFO: found  1014 nlabel points
Performing mapping from target back to the source label 130024
Number of reverse mapping hits = 59
Checking for and removing duplicates
Writing label file ./lh.BA1_exvivo.thresh.label 1073
mri_label2label: Done


 mri_label2label --srcsubject fsaverage --srclabel /out/sourcedata/freesurfer/fsaverage/label/lh.BA2_exvivo.thresh.label --trgsubject sub-v1s12x0050113_ses-1 --trglabel ./lh.BA2_exvivo.thresh.label --hemi lh --regmethod surface 


srclabel = /out/sourcedata/freesurfer/fsaverage/label/lh.BA2_exvivo.thresh.label
srcsubject = fsaverage
trgsubject = sub-v1s12x0050113_ses-1
trglabel = ./lh.BA2_exvivo.thresh.label
regmethod = surface

srchemi = lh
trghemi = lh
trgsurface = white
srcsurfreg = sphere.reg
trgsurfreg = sphere.reg
usehash = 1
Use ProjAbs  = 0, 0
Use ProjFrac = 0, 0
DoPaint 0

SUBJECTS_DIR    /out/sourcedata/freesurfer
FREESURFER_HOME /opt/freesurfer
Loading source label.
Found 2092 points in source label.
Starting surface-based mapping
Reading source registration 
 /out/sourcedata/freesurfer/fsaverage/surf/lh.sphere.reg
Rescaling ...  original radius = 100
Reading target surface 
 /out/sourcedata/freesurfer/sub-v1s12x0050113_ses-1/surf/lh.white
Reading target registration 
 /out/sourcedata/freesurfer/sub-v1s12x0050113_ses-1/surf/lh.sphere.reg
Rescaling ...  original radius = 100
Building target registration hash (res=16).
Building source registration hash (res=16).
INFO: found  2092 nlabel points
Performing mapping from target back to the source label 130024
Number of reverse mapping hits = 208
Checking for and removing duplicates
Writing label file ./lh.BA2_exvivo.thresh.label 2300
mri_label2label: Done


 mri_label2label --srcsubject fsaverage --srclabel /out/sourcedata/freesurfer/fsaverage/label/lh.BA3a_exvivo.thresh.label --trgsubject sub-v1s12x0050113_ses-1 --trglabel ./lh.BA3a_exvivo.thresh.label --hemi lh --regmethod surface 


srclabel = /out/sourcedata/freesurfer/fsaverage/label/lh.BA3a_exvivo.thresh.label
srcsubject = fsaverage
trgsubject = sub-v1s12x0050113_ses-1
trglabel = ./lh.BA3a_exvivo.thresh.label
regmethod = surface

srchemi = lh
trghemi = lh
trgsurface = white
srcsurfreg = sphere.reg
trgsurfreg = sphere.reg
usehash = 1
Use ProjAbs  = 0, 0
Use ProjFrac = 0, 0
DoPaint 0

SUBJECTS_DIR    /out/sourcedata/freesurfer
FREESURFER_HOME /opt/freesurfer
Loading source label.
Found 1504 points in source label.
Starting surface-based mapping
Reading source registration 
 /out/sourcedata/freesurfer/fsaverage/surf/lh.sphere.reg
Rescaling ...  original radius = 100
Reading target surface 
 /out/sourcedata/freesurfer/sub-v1s12x0050113_ses-1/surf/lh.white
Reading target registration 
 /out/sourcedata/freesurfer/sub-v1s12x0050113_ses-1/surf/lh.sphere.reg
Rescaling ...  original radius = 100
Building target registration hash (res=16).
Building source registration hash (res=16).
INFO: found  1504 nlabel points
Performing mapping from target back to the source label 130024
Number of reverse mapping hits = 5
Checking for and removing duplicates
Writing label file ./lh.BA3a_exvivo.thresh.label 1509
mri_label2label: Done


 mri_label2label --srcsubject fsaverage --srclabel /out/sourcedata/freesurfer/fsaverage/label/lh.BA3b_exvivo.thresh.label --trgsubject sub-v1s12x0050113_ses-1 --trglabel ./lh.BA3b_exvivo.thresh.label --hemi lh --regmethod surface 


srclabel = /out/sourcedata/freesurfer/fsaverage/label/lh.BA3b_exvivo.thresh.label
srcsubject = fsaverage
trgsubject = sub-v1s12x0050113_ses-1
trglabel = ./lh.BA3b_exvivo.thresh.label
regmethod = surface

srchemi = lh
trghemi = lh
trgsurface = white
srcsurfreg = sphere.reg
trgsurfreg = sphere.reg
usehash = 1
Use ProjAbs  = 0, 0
Use ProjFrac = 0, 0
DoPaint 0

SUBJECTS_DIR    /out/sourcedata/freesurfer
FREESURFER_HOME /opt/freesurfer
Loading source label.
Found 1996 points in source label.
Starting surface-based mapping
Reading source registration 
 /out/sourcedata/freesurfer/fsaverage/surf/lh.sphere.reg
Rescaling ...  original radius = 100
Reading target surface 
 /out/sourcedata/freesurfer/sub-v1s12x0050113_ses-1/surf/lh.white
Reading target registration 
 /out/sourcedata/freesurfer/sub-v1s12x0050113_ses-1/surf/lh.sphere.reg
Rescaling ...  original radius = 100
Building target registration hash (res=16).
Building source registration hash (res=16).
INFO: found  1996 nlabel points
Performing mapping from target back to the source label 130024
Number of reverse mapping hits = 34
Checking for and removing duplicates
Writing label file ./lh.BA3b_exvivo.thresh.label 2030
mri_label2label: Done


 mri_label2label --srcsubject fsaverage --srclabel /out/sourcedata/freesurfer/fsaverage/label/lh.BA4a_exvivo.thresh.label --trgsubject sub-v1s12x0050113_ses-1 --trglabel ./lh.BA4a_exvivo.thresh.label --hemi lh --regmethod surface 


srclabel = /out/sourcedata/freesurfer/fsaverage/label/lh.BA4a_exvivo.thresh.label
srcsubject = fsaverage
trgsubject = sub-v1s12x0050113_ses-1
trglabel = ./lh.BA4a_exvivo.thresh.label
regmethod = surface

srchemi = lh
trghemi = lh
trgsurface = white
srcsurfreg = sphere.reg
trgsurfreg = sphere.reg
usehash = 1
Use ProjAbs  = 0, 0
Use ProjFrac = 0, 0
DoPaint 0

SUBJECTS_DIR    /out/sourcedata/freesurfer
FREESURFER_HOME /opt/freesurfer
Loading source label.
Found 2319 points in source label.
Starting surface-based mapping
Reading source registration 
 /out/sourcedata/freesurfer/fsaverage/surf/lh.sphere.reg
Rescaling ...  original radius = 100
Reading target surface 
 /out/sourcedata/freesurfer/sub-v1s12x0050113_ses-1/surf/lh.white
Reading target registration 
 /out/sourcedata/freesurfer/sub-v1s12x0050113_ses-1/surf/lh.sphere.reg
Rescaling ...  original radius = 100
Building target registration hash (res=16).
Building source registration hash (res=16).
INFO: found  2319 nlabel points
Performing mapping from target back to the source label 130024
Number of reverse mapping hits = 91
Checking for and removing duplicates
Writing label file ./lh.BA4a_exvivo.thresh.label 2410
mri_label2label: Done


 mri_label2label --srcsubject fsaverage --srclabel /out/sourcedata/freesurfer/fsaverage/label/lh.BA4p_exvivo.thresh.label --trgsubject sub-v1s12x0050113_ses-1 --trglabel ./lh.BA4p_exvivo.thresh.label --hemi lh --regmethod surface 


srclabel = /out/sourcedata/freesurfer/fsaverage/label/lh.BA4p_exvivo.thresh.label
srcsubject = fsaverage
trgsubject = sub-v1s12x0050113_ses-1
trglabel = ./lh.BA4p_exvivo.thresh.label
regmethod = surface

srchemi = lh
trghemi = lh
trgsurface = white
srcsurfreg = sphere.reg
trgsurfreg = sphere.reg
usehash = 1
Use ProjAbs  = 0, 0
Use ProjFrac = 0, 0
DoPaint 0

SUBJECTS_DIR    /out/sourcedata/freesurfer
FREESURFER_HOME /opt/freesurfer
Loading source label.
Found 1549 points in source label.
Starting surface-based mapping
Reading source registration 
 /out/sourcedata/freesurfer/fsaverage/surf/lh.sphere.reg
Rescaling ...  original radius = 100
Reading target surface 
 /out/sourcedata/freesurfer/sub-v1s12x0050113_ses-1/surf/lh.white
Reading target registration 
 /out/sourcedata/freesurfer/sub-v1s12x0050113_ses-1/surf/lh.sphere.reg
Rescaling ...  original radius = 100
Building target registration hash (res=16).
Building source registration hash (res=16).
INFO: found  1549 nlabel points
Performing mapping from target back to the source label 130024
Number of reverse mapping hits = 11
Checking for and removing duplicates
Writing label file ./lh.BA4p_exvivo.thresh.label 1560
mri_label2label: Done


 mri_label2label --srcsubject fsaverage --srclabel /out/sourcedata/freesurfer/fsaverage/label/lh.BA6_exvivo.thresh.label --trgsubject sub-v1s12x0050113_ses-1 --trglabel ./lh.BA6_exvivo.thresh.label --hemi lh --regmethod surface 


srclabel = /out/sourcedata/freesurfer/fsaverage/label/lh.BA6_exvivo.thresh.label
srcsubject = fsaverage
trgsubject = sub-v1s12x0050113_ses-1
trglabel = ./lh.BA6_exvivo.thresh.label
regmethod = surface

srchemi = lh
trghemi = lh
trgsurface = white
srcsurfreg = sphere.reg
trgsurfreg = sphere.reg
usehash = 1
Use ProjAbs  = 0, 0
Use ProjFrac = 0, 0
DoPaint 0

SUBJECTS_DIR    /out/sourcedata/freesurfer
FREESURFER_HOME /opt/freesurfer
Loading source label.
Found 7035 points in source label.
Starting surface-based mapping
Reading source registration 
 /out/sourcedata/freesurfer/fsaverage/surf/lh.sphere.reg
Rescaling ...  original radius = 100
Reading target surface 
 /out/sourcedata/freesurfer/sub-v1s12x0050113_ses-1/surf/lh.white
Reading target registration 
 /out/sourcedata/freesurfer/sub-v1s12x0050113_ses-1/surf/lh.sphere.reg
Rescaling ...  original radius = 100
Building target registration hash (res=16).
Building source registration hash (res=16).
INFO: found  7035 nlabel points
Performing mapping from target back to the source label 130024
Number of reverse mapping hits = 261
Checking for and removing duplicates
Writing label file ./lh.BA6_exvivo.thresh.label 7296
mri_label2label: Done


 mri_label2label --srcsubject fsaverage --srclabel /out/sourcedata/freesurfer/fsaverage/label/lh.BA44_exvivo.thresh.label --trgsubject sub-v1s12x0050113_ses-1 --trglabel ./lh.BA44_exvivo.thresh.label --hemi lh --regmethod surface 


srclabel = /out/sourcedata/freesurfer/fsaverage/label/lh.BA44_exvivo.thresh.label
srcsubject = fsaverage
trgsubject = sub-v1s12x0050113_ses-1
trglabel = ./lh.BA44_exvivo.thresh.label
regmethod = surface

srchemi = lh
trghemi = lh
trgsurface = white
srcsurfreg = sphere.reg
trgsurfreg = sphere.reg
usehash = 1
Use ProjAbs  = 0, 0
Use ProjFrac = 0, 0
DoPaint 0

SUBJECTS_DIR    /out/sourcedata/freesurfer
FREESURFER_HOME /opt/freesurfer
Loading source label.
Found 1912 points in source label.
Starting surface-based mapping
Reading source registration 
 /out/sourcedata/freesurfer/fsaverage/surf/lh.sphere.reg
Rescaling ...  original radius = 100
Reading target surface 
 /out/sourcedata/freesurfer/sub-v1s12x0050113_ses-1/surf/lh.white
Reading target registration 
 /out/sourcedata/freesurfer/sub-v1s12x0050113_ses-1/surf/lh.sphere.reg
Rescaling ...  original radius = 100
Building target registration hash (res=16).
Building source registration hash (res=16).
INFO: found  1912 nlabel points
Performing mapping from target back to the source label 130024
Number of reverse mapping hits = 21
Checking for and removing duplicates
Writing label file ./lh.BA44_exvivo.thresh.label 1933
mri_label2label: Done


 mri_label2label --srcsubject fsaverage --srclabel /out/sourcedata/freesurfer/fsaverage/label/lh.BA45_exvivo.thresh.label --trgsubject sub-v1s12x0050113_ses-1 --trglabel ./lh.BA45_exvivo.thresh.label --hemi lh --regmethod surface 


srclabel = /out/sourcedata/freesurfer/fsaverage/label/lh.BA45_exvivo.thresh.label
srcsubject = fsaverage
trgsubject = sub-v1s12x0050113_ses-1
trglabel = ./lh.BA45_exvivo.thresh.label
regmethod = surface

srchemi = lh
trghemi = lh
trgsurface = white
srcsurfreg = sphere.reg
trgsurfreg = sphere.reg
usehash = 1
Use ProjAbs  = 0, 0
Use ProjFrac = 0, 0
DoPaint 0

SUBJECTS_DIR    /out/sourcedata/freesurfer
FREESURFER_HOME /opt/freesurfer
Loading source label.
Found 1151 points in source label.
Starting surface-based mapping
Reading source registration 
 /out/sourcedata/freesurfer/fsaverage/surf/lh.sphere.reg
Rescaling ...  original radius = 100
Reading target surface 
 /out/sourcedata/freesurfer/sub-v1s12x0050113_ses-1/surf/lh.white
Reading target registration 
 /out/sourcedata/freesurfer/sub-v1s12x0050113_ses-1/surf/lh.sphere.reg
Rescaling ...  original radius = 100
Building target registration hash (res=16).
Building source registration hash (res=16).
INFO: found  1151 nlabel points
Performing mapping from target back to the source label 130024
Number of reverse mapping hits = 214
Checking for and removing duplicates
Writing label file ./lh.BA45_exvivo.thresh.label 1365
mri_label2label: Done


 mri_label2label --srcsubject fsaverage --srclabel /out/sourcedata/freesurfer/fsaverage/label/lh.V1_exvivo.thresh.label --trgsubject sub-v1s12x0050113_ses-1 --trglabel ./lh.V1_exvivo.thresh.label --hemi lh --regmethod surface 


srclabel = /out/sourcedata/freesurfer/fsaverage/label/lh.V1_exvivo.thresh.label
srcsubject = fsaverage
trgsubject = sub-v1s12x0050113_ses-1
trglabel = ./lh.V1_exvivo.thresh.label
regmethod = surface

srchemi = lh
trghemi = lh
trgsurface = white
srcsurfreg = sphere.reg
trgsurfreg = sphere.reg
usehash = 1
Use ProjAbs  = 0, 0
Use ProjFrac = 0, 0
DoPaint 0

SUBJECTS_DIR    /out/sourcedata/freesurfer
FREESURFER_HOME /opt/freesurfer
Loading source label.
Found 3405 points in source label.
Starting surface-based mapping
Reading source registration 
 /out/sourcedata/freesurfer/fsaverage/surf/lh.sphere.reg
Rescaling ...  original radius = 100
Reading target surface 
 /out/sourcedata/freesurfer/sub-v1s12x0050113_ses-1/surf/lh.white
Reading target registration 
 /out/sourcedata/freesurfer/sub-v1s12x0050113_ses-1/surf/lh.sphere.reg
Rescaling ...  original radius = 100
Building target registration hash (res=16).
Building source registration hash (res=16).
INFO: found  3405 nlabel points
Performing mapping from target back to the source label 130024
Number of reverse mapping hits = 1242
Checking for and removing duplicates
Writing label file ./lh.V1_exvivo.thresh.label 4647
mri_label2label: Done


 mri_label2label --srcsubject fsaverage --srclabel /out/sourcedata/freesurfer/fsaverage/label/lh.V2_exvivo.thresh.label --trgsubject sub-v1s12x0050113_ses-1 --trglabel ./lh.V2_exvivo.thresh.label --hemi lh --regmethod surface 


srclabel = /out/sourcedata/freesurfer/fsaverage/label/lh.V2_exvivo.thresh.label
srcsubject = fsaverage
trgsubject = sub-v1s12x0050113_ses-1
trglabel = ./lh.V2_exvivo.thresh.label
regmethod = surface

srchemi = lh
trghemi = lh
trgsurface = white
srcsurfreg = sphere.reg
trgsurfreg = sphere.reg
usehash = 1
Use ProjAbs  = 0, 0
Use ProjFrac = 0, 0
DoPaint 0

SUBJECTS_DIR    /out/sourcedata/freesurfer
FREESURFER_HOME /opt/freesurfer
Loading source label.
Found 3334 points in source label.
Starting surface-based mapping
Reading source registration 
 /out/sourcedata/freesurfer/fsaverage/surf/lh.sphere.reg
Rescaling ...  original radius = 100
Reading target surface 
 /out/sourcedata/freesurfer/sub-v1s12x0050113_ses-1/surf/lh.white
Reading target registration 
 /out/sourcedata/freesurfer/sub-v1s12x0050113_ses-1/surf/lh.sphere.reg
Rescaling ...  original radius = 100
Building target registration hash (res=16).
Building source registration hash (res=16).
INFO: found  3334 nlabel points
Performing mapping from target back to the source label 130024
Number of reverse mapping hits = 1584
Checking for and removing duplicates
Writing label file ./lh.V2_exvivo.thresh.label 4918
mri_label2label: Done


 mri_label2label --srcsubject fsaverage --srclabel /out/sourcedata/freesurfer/fsaverage/label/lh.MT_exvivo.thresh.label --trgsubject sub-v1s12x0050113_ses-1 --trglabel ./lh.MT_exvivo.thresh.label --hemi lh --regmethod surface 


srclabel = /out/sourcedata/freesurfer/fsaverage/label/lh.MT_exvivo.thresh.label
srcsubject = fsaverage
trgsubject = sub-v1s12x0050113_ses-1
trglabel = ./lh.MT_exvivo.thresh.label
regmethod = surface

srchemi = lh
trghemi = lh
trgsurface = white
srcsurfreg = sphere.reg
trgsurfreg = sphere.reg
usehash = 1
Use ProjAbs  = 0, 0
Use ProjFrac = 0, 0
DoPaint 0

SUBJECTS_DIR    /out/sourcedata/freesurfer
FREESURFER_HOME /opt/freesurfer
Loading source label.
Found 513 points in source label.
Starting surface-based mapping
Reading source registration 
 /out/sourcedata/freesurfer/fsaverage/surf/lh.sphere.reg
Rescaling ...  original radius = 100
Reading target surface 
 /out/sourcedata/freesurfer/sub-v1s12x0050113_ses-1/surf/lh.white
Reading target registration 
 /out/sourcedata/freesurfer/sub-v1s12x0050113_ses-1/surf/lh.sphere.reg
Rescaling ...  original radius = 100
Building target registration hash (res=16).
Building source registration hash (res=16).
INFO: found  513 nlabel points
Performing mapping from target back to the source label 130024
Number of reverse mapping hits = 154
Checking for and removing duplicates
Writing label file ./lh.MT_exvivo.thresh.label 667
mri_label2label: Done


 mri_label2label --srcsubject fsaverage --srclabel /out/sourcedata/freesurfer/fsaverage/label/lh.entorhinal_exvivo.thresh.label --trgsubject sub-v1s12x0050113_ses-1 --trglabel ./lh.entorhinal_exvivo.thresh.label --hemi lh --regmethod surface 


srclabel = /out/sourcedata/freesurfer/fsaverage/label/lh.entorhinal_exvivo.thresh.label
srcsubject = fsaverage
trgsubject = sub-v1s12x0050113_ses-1
trglabel = ./lh.entorhinal_exvivo.thresh.label
regmethod = surface

srchemi = lh
trghemi = lh
trgsurface = white
srcsurfreg = sphere.reg
trgsurfreg = sphere.reg
usehash = 1
Use ProjAbs  = 0, 0
Use ProjFrac = 0, 0
DoPaint 0

SUBJECTS_DIR    /out/sourcedata/freesurfer
FREESURFER_HOME /opt/freesurfer
Loading source label.
Found 470 points in source label.
Starting surface-based mapping
Reading source registration 
 /out/sourcedata/freesurfer/fsaverage/surf/lh.sphere.reg
Rescaling ...  original radius = 100
Reading target surface 
 /out/sourcedata/freesurfer/sub-v1s12x0050113_ses-1/surf/lh.white
Reading target registration 
 /out/sourcedata/freesurfer/sub-v1s12x0050113_ses-1/surf/lh.sphere.reg
Rescaling ...  original radius = 100
Building target registration hash (res=16).
Building source registration hash (res=16).
INFO: found  470 nlabel points
Performing mapping from target back to the source label 130024
Number of reverse mapping hits = 6
Checking for and removing duplicates
Writing label file ./lh.entorhinal_exvivo.thresh.label 476
mri_label2label: Done


 mri_label2label --srcsubject fsaverage --srclabel /out/sourcedata/freesurfer/fsaverage/label/lh.perirhinal_exvivo.thresh.label --trgsubject sub-v1s12x0050113_ses-1 --trglabel ./lh.perirhinal_exvivo.thresh.label --hemi lh --regmethod surface 


srclabel = /out/sourcedata/freesurfer/fsaverage/label/lh.perirhinal_exvivo.thresh.label
srcsubject = fsaverage
trgsubject = sub-v1s12x0050113_ses-1
trglabel = ./lh.perirhinal_exvivo.thresh.label
regmethod = surface

srchemi = lh
trghemi = lh
trgsurface = white
srcsurfreg = sphere.reg
trgsurfreg = sphere.reg
usehash = 1
Use ProjAbs  = 0, 0
Use ProjFrac = 0, 0
DoPaint 0

SUBJECTS_DIR    /out/sourcedata/freesurfer
FREESURFER_HOME /opt/freesurfer
Loading source label.
Found 450 points in source label.
Starting surface-based mapping
Reading source registration 
 /out/sourcedata/freesurfer/fsaverage/surf/lh.sphere.reg
Rescaling ...  original radius = 100
Reading target surface 
 /out/sourcedata/freesurfer/sub-v1s12x0050113_ses-1/surf/lh.white
Reading target registration 
 /out/sourcedata/freesurfer/sub-v1s12x0050113_ses-1/surf/lh.sphere.reg
Rescaling ...  original radius = 100
Building target registration hash (res=16).
Building source registration hash (res=16).
INFO: found  450 nlabel points
Performing mapping from target back to the source label 130024
Number of reverse mapping hits = 6
Checking for and removing duplicates
Writing label file ./lh.perirhinal_exvivo.thresh.label 456
mri_label2label: Done


 mris_label2annot --s sub-v1s12x0050113_ses-1 --hemi lh --ctab /opt/freesurfer/average/colortable_BA.txt --l lh.BA1_exvivo.label --l lh.BA2_exvivo.label --l lh.BA3a_exvivo.label --l lh.BA3b_exvivo.label --l lh.BA4a_exvivo.label --l lh.BA4p_exvivo.label --l lh.BA6_exvivo.label --l lh.BA44_exvivo.label --l lh.BA45_exvivo.label --l lh.V1_exvivo.label --l lh.V2_exvivo.label --l lh.MT_exvivo.label --l lh.perirhinal_exvivo.label --l lh.entorhinal_exvivo.label --a BA_exvivo --maxstatwinner --noverbose 

Reading ctab /opt/freesurfer/average/colortable_BA.txt
Number of ctab entries 15

7.3.2
cwd /out/sourcedata/freesurfer/sub-v1s12x0050113_ses-1/label
cmdline mris_label2annot --s sub-v1s12x0050113_ses-1 --hemi lh --ctab /opt/freesurfer/average/colortable_BA.txt --l lh.BA1_exvivo.label --l lh.BA2_exvivo.label --l lh.BA3a_exvivo.label --l lh.BA3b_exvivo.label --l lh.BA4a_exvivo.label --l lh.BA4p_exvivo.label --l lh.BA6_exvivo.label --l lh.BA44_exvivo.label --l lh.BA45_exvivo.label --l lh.V1_exvivo.label --l lh.V2_exvivo.label --l lh.MT_exvivo.label --l lh.perirhinal_exvivo.label --l lh.entorhinal_exvivo.label --a BA_exvivo --maxstatwinner --noverbose 
sysname  Linux
hostname dna070
machine  x86_64
user     oesteban

subject sub-v1s12x0050113_ses-1
hemi    lh
SUBJECTS_DIR /out/sourcedata/freesurfer
ColorTable /opt/freesurfer/average/colortable_BA.txt
AnnotName  BA_exvivo
nlables 14
LabelThresh 0 0.000000
Loading /out/sourcedata/freesurfer/sub-v1s12x0050113_ses-1/surf/lh.orig
 1 1530880 BA1_exvivo
 2 16749699 BA2_exvivo
 3 16711680 BA3a_exvivo
 4 3368703 BA3b_exvivo
 5 1376196 BA4a_exvivo
 6 13382655 BA4p_exvivo
 7 10036737 BA6_exvivo
 8 2490521 BA44_exvivo
 9 39283 BA45_exvivo
10 3993 V1_exvivo
11 8508928 V2_exvivo
12 10027163 MT_exvivo
13 16422433 perirhinal_exvivo
14 16392598 entorhinal_exvivo
Mapping unhit to unknown
Found 86880 unhit vertices
Writing annot to /out/sourcedata/freesurfer/sub-v1s12x0050113_ses-1/label/lh.BA_exvivo.annot

 mris_label2annot --s sub-v1s12x0050113_ses-1 --hemi lh --ctab /opt/freesurfer/average/colortable_BA.txt --l lh.BA1_exvivo.thresh.label --l lh.BA2_exvivo.thresh.label --l lh.BA3a_exvivo.thresh.label --l lh.BA3b_exvivo.thresh.label --l lh.BA4a_exvivo.thresh.label --l lh.BA4p_exvivo.thresh.label --l lh.BA6_exvivo.thresh.label --l lh.BA44_exvivo.thresh.label --l lh.BA45_exvivo.thresh.label --l lh.V1_exvivo.thresh.label --l lh.V2_exvivo.thresh.label --l lh.MT_exvivo.thresh.label --l lh.perirhinal_exvivo.thresh.label --l lh.entorhinal_exvivo.thresh.label --a BA_exvivo.thresh --maxstatwinner --noverbose 

Reading ctab /opt/freesurfer/average/colortable_BA.txt
Number of ctab entries 15

7.3.2
cwd /out/sourcedata/freesurfer/sub-v1s12x0050113_ses-1/label
cmdline mris_label2annot --s sub-v1s12x0050113_ses-1 --hemi lh --ctab /opt/freesurfer/average/colortable_BA.txt --l lh.BA1_exvivo.thresh.label --l lh.BA2_exvivo.thresh.label --l lh.BA3a_exvivo.thresh.label --l lh.BA3b_exvivo.thresh.label --l lh.BA4a_exvivo.thresh.label --l lh.BA4p_exvivo.thresh.label --l lh.BA6_exvivo.thresh.label --l lh.BA44_exvivo.thresh.label --l lh.BA45_exvivo.thresh.label --l lh.V1_exvivo.thresh.label --l lh.V2_exvivo.thresh.label --l lh.MT_exvivo.thresh.label --l lh.perirhinal_exvivo.thresh.label --l lh.entorhinal_exvivo.thresh.label --a BA_exvivo.thresh --maxstatwinner --noverbose 
sysname  Linux
hostname dna070
machine  x86_64
user     oesteban

subject sub-v1s12x0050113_ses-1
hemi    lh
SUBJECTS_DIR /out/sourcedata/freesurfer
ColorTable /opt/freesurfer/average/colortable_BA.txt
AnnotName  BA_exvivo.thresh
nlables 14
LabelThresh 0 0.000000
Loading /out/sourcedata/freesurfer/sub-v1s12x0050113_ses-1/surf/lh.orig
 1 1530880 BA1_exvivo
 2 16749699 BA2_exvivo
 3 16711680 BA3a_exvivo
 4 3368703 BA3b_exvivo
 5 1376196 BA4a_exvivo
 6 13382655 BA4p_exvivo
 7 10036737 BA6_exvivo
 8 2490521 BA44_exvivo
 9 39283 BA45_exvivo
10 3993 V1_exvivo
11 8508928 V2_exvivo
12 10027163 MT_exvivo
13 16422433 perirhinal_exvivo
14 16392598 entorhinal_exvivo
Mapping unhit to unknown
Found 104218 unhit vertices
Writing annot to /out/sourcedata/freesurfer/sub-v1s12x0050113_ses-1/label/lh.BA_exvivo.thresh.annot

 mris_anatomical_stats -th3 -mgz -noglobal -f ../stats/lh.BA_exvivo.stats -b -a ./lh.BA_exvivo.annot -c ./BA_exvivo.ctab sub-v1s12x0050113_ses-1 lh white 

computing statistics for each annotation in ./lh.BA_exvivo.annot.
reading volume /out/sourcedata/freesurfer/sub-v1s12x0050113_ses-1/mri/wm.mgz...
reading input surface /out/sourcedata/freesurfer/sub-v1s12x0050113_ses-1/surf/lh.white...
reading input pial surface /out/sourcedata/freesurfer/sub-v1s12x0050113_ses-1/surf/lh.pial...
reading input white surface /out/sourcedata/freesurfer/sub-v1s12x0050113_ses-1/surf/lh.white...
INFO: using TH3 volume calc
INFO: assuming MGZ format for volumes.
INFO: not computing global stats
Using TH3 vertex volume calc
Total face volume 222908
Total vertex volume 222717 (mask=0)
Saving annotation colortable ./BA_exvivo.ctab

table columns are:
    number of vertices
    total surface area (mm^2)
    total gray matter volume (mm^3)
    average cortical thickness +- standard deviation (mm)
    integrated rectified mean curvature
    integrated rectified Gaussian curvature
    folding index
    intrinsic curvature index
    structure name

 1177    667   1820  2.203 0.541     0.114     0.025       12     1.3  BA1_exvivo
 4164   2730   6177  2.255 0.463     0.118     0.022       36     4.0  BA2_exvivo
  981    665    850  1.660 0.381     0.142     0.029       10     1.1  BA3a_exvivo
 2281   1448   2941  1.800 0.654     0.096     0.017       17     1.7  BA3b_exvivo
 1752    998   2960  2.540 0.558     0.100     0.018       12     1.4  BA4a_exvivo
 1198    794   1573  2.157 0.671     0.106     0.024        7     1.2  BA4p_exvivo
 9197   6151  18583  2.720 0.558     0.116     0.023       82     8.9  BA6_exvivo
 2021   1386   4204  2.767 0.465     0.097     0.018       14     1.6  BA44_exvivo
 3222   2216   6370  2.538 0.510     0.116     0.023       35     3.2  BA45_exvivo
 4196   2661   4132  1.578 0.492     0.127     0.031       50     5.5  V1_exvivo
 9424   6303  12491  1.905 0.549     0.142     0.031      123    13.0  V2_exvivo
 2349   1513   3665  2.410 0.487     0.112     0.021       19     2.2  MT_exvivo
  660    439   1659  3.221 0.778     0.097     0.019        5     0.4  perirhinal_exvivo
  522    310   1145  2.634 1.032     0.075     0.015        4     0.2  entorhinal_exvivo

 mris_anatomical_stats -th3 -mgz -f ../stats/lh.BA_exvivo.thresh.stats -noglobal -b -a ./lh.BA_exvivo.thresh.annot -c ./BA_exvivo.thresh.ctab sub-v1s12x0050113_ses-1 lh white 

computing statistics for each annotation in ./lh.BA_exvivo.thresh.annot.
reading volume /out/sourcedata/freesurfer/sub-v1s12x0050113_ses-1/mri/wm.mgz...
reading input surface /out/sourcedata/freesurfer/sub-v1s12x0050113_ses-1/surf/lh.white...
reading input pial surface /out/sourcedata/freesurfer/sub-v1s12x0050113_ses-1/surf/lh.pial...
reading input white surface /out/sourcedata/freesurfer/sub-v1s12x0050113_ses-1/surf/lh.white...
INFO: using TH3 volume calc
INFO: assuming MGZ format for volumes.
INFO: not computing global stats
Using TH3 vertex volume calc
Total face volume 222908
Total vertex volume 222717 (mask=0)
Saving annotation colortable ./BA_exvivo.thresh.ctab

table columns are:
    number of vertices
    total surface area (mm^2)
    total gray matter volume (mm^3)
    average cortical thickness +- standard deviation (mm)
    integrated rectified mean curvature
    integrated rectified Gaussian curvature
    folding index
    intrinsic curvature index
    structure name

  835    449   1195  2.089 0.496     0.127     0.028       10     1.1  BA1_exvivo
 1917   1231   2963  2.287 0.487     0.116     0.022       17     1.9  BA2_exvivo
  838    572    688  1.620 0.322     0.147     0.032        9     1.1  BA3a_exvivo
 1406    911   1347  1.423 0.357     0.079     0.012        7     0.7  BA3b_exvivo
 1721    971   2733  2.522 0.567     0.092     0.017       10     1.3  BA4a_exvivo
  935    636   1146  2.003 0.594     0.115     0.025        7     0.9  BA4p_exvivo
 5241   3503  10517  2.685 0.493     0.116     0.023       46     5.1  BA6_exvivo
 1252    869   2694  2.782 0.440     0.100     0.019       11     1.0  BA44_exvivo
 1213    815   2491  2.543 0.466     0.109     0.024       13     1.1  BA45_exvivo
 4468   2819   4474  1.594 0.512     0.124     0.029       52     5.5  V1_exvivo
 4747   3202   5571  1.745 0.524     0.148     0.033       67     7.3  V2_exvivo
  641    403   1026  2.474 0.471     0.106     0.019        5     0.5  MT_exvivo
  273    177    635  3.120 0.707     0.076     0.014        1     0.2  perirhinal_exvivo
  319    196    791  3.000 0.688     0.057     0.007        1     0.1  entorhinal_exvivo

Started at Sat Apr 4 13:31:40 CEST 2026 
Ended   at Sat Apr 4 13:34:03 CEST 2026
#@#%# recon-all-run-time-hours 0.040
recon-all -s sub-v1s12x0050113_ses-1 finished without error at Sat Apr  4 13:34:03 CEST 2026
