
Sat Apr  4 11:33:48 CEST 2026
cd /out/sourcedata/freesurfer/sub-v1s12x0050113_ses-1
setenv SUBJECTS_DIR /out/sourcedata/freesurfer
/opt/freesurfer/bin/recon-all -autorecon1 -i /work/fmriprep_25_2_wf/sub_v1s12x0050113_ses_1_wf/anat_fit_wf/anat_validate/sub-v1s12x0050113_ses-1_T1w_noise_corrected_ras_valid.nii.gz -noskullstrip -noT2pial -noFLAIRpial -openmp 16 -subjid sub-v1s12x0050113_ses-1 -sd /out/sourcedata/freesurfer

subjid sub-v1s12x0050113_ses-1
setenv SUBJECTS_DIR /out/sourcedata/freesurfer
FREESURFER_HOME /opt/freesurfer
Actual FREESURFER_HOME /opt/freesurfer
build-stamp.txt: freesurfer-linux-ubuntu22_x86_64-7.3.2-20220804-6354275
Linux dna070 5.14.0-427.37.1.el9_4.x86_64 #1 SMP PREEMPT_DYNAMIC Fri Sep 13 12:41:50 EDT 2024 x86_64 x86_64 x86_64 GNU/Linux
cputime      unlimited
filesize     unlimited
datasize     unlimited
stacksize    8192 kbytes
coredumpsize 0 kbytes
memoryuse    67108864 kbytes
vmemoryuse   unlimited
descriptors  1024 
memorylocked unlimited
maxproc      2061970 
maxlocks     unlimited
maxsignal    2062029 
maxmessage   819200 
maxnice      0 
maxrtprio    0 
maxrttime    unlimited

               total        used        free      shared  buff/cache   available
Mem:           503Gi        46Gi       286Gi        16Gi       169Gi       436Gi
Swap:             0B          0B          0B

########################################
program versions used
7.3.2 (freesurfer-linux-ubuntu22_x86_64-7.3.2-20220804-6354275)
7.3.2

ProgramName: lta_convert  ProgramArguments: lta_convert -all-info  ProgramVersion: 7.3.2  TimeStamp: 2026/04/04-09:33:48-GMT  BuildTime: Aug  4 2022 06:17:15  BuildStamp: freesurfer-linux-ubuntu22_x86_64-7.3.2-20220804-6354275  User: oesteban  Machine: dna070  Platform: Linux  PlatformVersion: 5.14.0-427.37.1.el9_4.x86_64  CompilerName: GCC  CompilerVersion: 8.4.0
ProgramName: mri_and  ProgramArguments: mri_and -all-info  ProgramVersion: 7.3.2  TimeStamp: 2026/04/04-09:33:48-GMT  BuildTime: Aug  4 2022 06:17:15  BuildStamp: freesurfer-linux-ubuntu22_x86_64-7.3.2-20220804-6354275  User: oesteban  Machine: dna070  Platform: Linux  PlatformVersion: 5.14.0-427.37.1.el9_4.x86_64  CompilerName: GCC  CompilerVersion: 8.4.0
ProgramName: mri_annotation2label  ProgramArguments: mri_annotation2label -all-info  ProgramVersion: 7.3.2  TimeStamp: 2026/04/04-09:33:48-GMT  BuildTime: Aug  4 2022 06:17:15  BuildStamp: freesurfer-linux-ubuntu22_x86_64-7.3.2-20220804-6354275  User: oesteban  Machine: dna070  Platform: Linux  PlatformVersion: 5.14.0-427.37.1.el9_4.x86_64  CompilerName: GCC  CompilerVersion: 8.4.0
ProgramName: mri_aparc2aseg  ProgramArguments: mri_aparc2aseg -all-info  ProgramVersion: 7.3.2  TimeStamp: 2026/04/04-09:33:48-GMT  BuildTime: Aug  4 2022 06:17:15  BuildStamp: freesurfer-linux-ubuntu22_x86_64-7.3.2-20220804-6354275  User: oesteban  Machine: dna070  Platform: Linux  PlatformVersion: 5.14.0-427.37.1.el9_4.x86_64  CompilerName: GCC  CompilerVersion: 8.4.0
ProgramName: mri_surf2volseg  ProgramArguments: mri_surf2volseg -all-info  ProgramVersion: 7.3.2  TimeStamp: 2026/04/04-09:33:48-GMT  BuildTime: Aug  4 2022 06:17:15  BuildStamp: freesurfer-linux-ubuntu22_x86_64-7.3.2-20220804-6354275  User: oesteban  Machine: dna070  Platform: Linux  PlatformVersion: 5.14.0-427.37.1.el9_4.x86_64  CompilerName: GCC  CompilerVersion: 8.4.0
ProgramName: mri_binarize  ProgramArguments: mri_binarize -all-info  ProgramVersion: 7.3.2  TimeStamp: 2026/04/04-09:33:48-GMT  BuildTime: Aug  4 2022 06:17:15  BuildStamp: freesurfer-linux-ubuntu22_x86_64-7.3.2-20220804-6354275  User: oesteban  Machine: dna070  Platform: Linux  PlatformVersion: 5.14.0-427.37.1.el9_4.x86_64  CompilerName: GCC  CompilerVersion: 8.4.0
ProgramName: mri_ca_label  ProgramArguments: mri_ca_label -all-info  ProgramVersion: 7.3.2  TimeStamp: 2026/04/04-09:33:48-GMT  BuildTime: Aug  4 2022 06:17:15  BuildStamp: freesurfer-linux-ubuntu22_x86_64-7.3.2-20220804-6354275  User: oesteban  Machine: dna070  Platform: Linux  PlatformVersion: 5.14.0-427.37.1.el9_4.x86_64  CompilerName: GCC  CompilerVersion: 8.4.0
ProgramName: mri_ca_normalize  ProgramArguments: mri_ca_normalize -all-info  ProgramVersion: 7.3.2  TimeStamp: 2026/04/04-09:33:48-GMT  BuildTime: Aug  4 2022 06:17:15  BuildStamp: freesurfer-linux-ubuntu22_x86_64-7.3.2-20220804-6354275  User: oesteban  Machine: dna070  Platform: Linux  PlatformVersion: 5.14.0-427.37.1.el9_4.x86_64  CompilerName: GCC  CompilerVersion: 8.4.0
ProgramName: mri_ca_register  ProgramArguments: mri_ca_register -all-info  ProgramVersion: 7.3.2  TimeStamp: 2026/04/04-09:33:48-GMT  BuildTime: Aug  4 2022 06:17:15  BuildStamp: freesurfer-linux-ubuntu22_x86_64-7.3.2-20220804-6354275  User: oesteban  Machine: dna070  Platform: Linux  PlatformVersion: 5.14.0-427.37.1.el9_4.x86_64  CompilerName: GCC  CompilerVersion: 8.4.0
ProgramName: mri_cc  ProgramArguments: mri_cc -all-info  ProgramVersion: 7.3.2  TimeStamp: 2026/04/04-09:33:48-GMT  BuildTime: Aug  4 2022 06:17:15  BuildStamp: freesurfer-linux-ubuntu22_x86_64-7.3.2-20220804-6354275  User: oesteban  Machine: dna070  Platform: Linux  PlatformVersion: 5.14.0-427.37.1.el9_4.x86_64  CompilerName: GCC  CompilerVersion: 8.4.0
ProgramName: mri_compute_overlap  ProgramArguments: mri_compute_overlap -all-info  ProgramVersion: 7.3.2  TimeStamp: 2026/04/04-09:33:48-GMT  BuildTime: Aug  4 2022 06:17:15  BuildStamp: freesurfer-linux-ubuntu22_x86_64-7.3.2-20220804-6354275  User: oesteban  Machine: dna070  Platform: Linux  PlatformVersion: 5.14.0-427.37.1.el9_4.x86_64  CompilerName: GCC  CompilerVersion: 8.4.0
ProgramName: mri_compute_seg_overlap  ProgramArguments: mri_compute_seg_overlap -all-info  ProgramVersion: 7.3.2  TimeStamp: 2026/04/04-09:33:48-GMT  BuildTime: Aug  4 2022 06:17:15  BuildStamp: freesurfer-linux-ubuntu22_x86_64-7.3.2-20220804-6354275  User: oesteban  Machine: dna070  Platform: Linux  PlatformVersion: 5.14.0-427.37.1.el9_4.x86_64  CompilerName: GCC  CompilerVersion: 8.4.0
ProgramName: mri_concat  ProgramArguments: mri_concat -all-info  ProgramVersion: 7.3.2  TimeStamp: 2026/04/04-09:33:48-GMT  BuildTime: Aug  4 2022 06:17:15  BuildStamp: freesurfer-linux-ubuntu22_x86_64-7.3.2-20220804-6354275  User: oesteban  Machine: dna070  Platform: Linux  PlatformVersion: 5.14.0-427.37.1.el9_4.x86_64  CompilerName: GCC  CompilerVersion: 8.4.0
ProgramName: mri_concatenate_lta  ProgramArguments: mri_concatenate_lta -all-info  ProgramVersion: 7.3.2  TimeStamp: 2026/04/04-09:33:48-GMT  BuildTime: Aug  4 2022 06:17:15  BuildStamp: freesurfer-linux-ubuntu22_x86_64-7.3.2-20220804-6354275  User: oesteban  Machine: dna070  Platform: Linux  PlatformVersion: 5.14.0-427.37.1.el9_4.x86_64  CompilerName: GCC  CompilerVersion: 8.4.0
mri_convert -all-info 
ProgramName: mri_convert  ProgramArguments: mri_convert -all-info  ProgramVersion: 7.3.2  TimeStamp: 2026/04/04-09:33:48-GMT  BuildTime: Aug  4 2022 06:17:15  BuildStamp: freesurfer-linux-ubuntu22_x86_64-7.3.2-20220804-6354275  User: oesteban  Machine: dna070  Platform: Linux  PlatformVersion: 5.14.0-427.37.1.el9_4.x86_64  CompilerName: GCC  CompilerVersion: 8.4.0
ProgramName: mri_diff  ProgramArguments: mri_diff -all-info  ProgramVersion: 7.3.2  TimeStamp: 2026/04/04-09:33:48-GMT  BuildTime: Aug  4 2022 06:17:15  BuildStamp: freesurfer-linux-ubuntu22_x86_64-7.3.2-20220804-6354275  User: oesteban  Machine: dna070  Platform: Linux  PlatformVersion: 5.14.0-427.37.1.el9_4.x86_64  CompilerName: GCC  CompilerVersion: 8.4.0
ProgramName: mri_edit_wm_with_aseg  ProgramArguments: mri_edit_wm_with_aseg -all-info  ProgramVersion: 7.3.2  TimeStamp: 2026/04/04-09:33:48-GMT  BuildTime: Aug  4 2022 06:17:15  BuildStamp: freesurfer-linux-ubuntu22_x86_64-7.3.2-20220804-6354275  User: oesteban  Machine: dna070  Platform: Linux  PlatformVersion: 5.14.0-427.37.1.el9_4.x86_64  CompilerName: GCC  CompilerVersion: 8.4.0
ProgramName: mri_em_register  ProgramArguments: mri_em_register -all-info  ProgramVersion: 7.3.2  TimeStamp: 2026/04/04-09:33:48-GMT  BuildTime: Aug  4 2022 06:17:15  BuildStamp: freesurfer-linux-ubuntu22_x86_64-7.3.2-20220804-6354275  User: oesteban  Machine: dna070  Platform: Linux  PlatformVersion: 5.14.0-427.37.1.el9_4.x86_64  CompilerName: GCC  CompilerVersion: 8.4.0
ProgramName: mri_fill  ProgramArguments: mri_fill -all-info  ProgramVersion: 7.3.2  TimeStamp: 2026/04/04-09:33:48-GMT  BuildTime: Aug  4 2022 06:17:15  BuildStamp: freesurfer-linux-ubuntu22_x86_64-7.3.2-20220804-6354275  User: oesteban  Machine: dna070  Platform: Linux  PlatformVersion: 5.14.0-427.37.1.el9_4.x86_64  CompilerName: GCC  CompilerVersion: 8.4.0
ProgramName: mri_fuse_segmentations  ProgramArguments: mri_fuse_segmentations -all-info  ProgramVersion: 7.3.2  TimeStamp: 2026/04/04-09:33:48-GMT  BuildTime: Aug  4 2022 06:17:15  BuildStamp: freesurfer-linux-ubuntu22_x86_64-7.3.2-20220804-6354275  User: oesteban  Machine: dna070  Platform: Linux  PlatformVersion: 5.14.0-427.37.1.el9_4.x86_64  CompilerName: GCC  CompilerVersion: 8.4.0
ProgramName: mri_fwhm  ProgramArguments: mri_fwhm -all-info  ProgramVersion: 7.3.2  TimeStamp: 2026/04/04-09:33:48-GMT  BuildTime: Aug  4 2022 06:17:15  BuildStamp: freesurfer-linux-ubuntu22_x86_64-7.3.2-20220804-6354275  User: oesteban  Machine: dna070  Platform: Linux  PlatformVersion: 5.14.0-427.37.1.el9_4.x86_64  CompilerName: GCC  CompilerVersion: 8.4.0
ProgramName: mri_gcut  ProgramArguments: mri_gcut -all-info  ProgramVersion: 7.3.2  TimeStamp: 2026/04/04-09:33:48-GMT  BuildTime: Aug  4 2022 06:17:15  BuildStamp: freesurfer-linux-ubuntu22_x86_64-7.3.2-20220804-6354275  User: oesteban  Machine: dna070  Platform: Linux  PlatformVersion: 5.14.0-427.37.1.el9_4.x86_64  CompilerName: GCC  CompilerVersion: 8.4.0
ProgramName: mri_info  ProgramArguments: mri_info -all-info  ProgramVersion: 7.3.2  TimeStamp: 2026/04/04-09:33:48-GMT  BuildTime: Aug  4 2022 06:17:15  BuildStamp: freesurfer-linux-ubuntu22_x86_64-7.3.2-20220804-6354275  User: oesteban  Machine: dna070  Platform: Linux  PlatformVersion: 5.14.0-427.37.1.el9_4.x86_64  CompilerName: GCC  CompilerVersion: 8.4.0
ProgramName: mri_label2label  ProgramArguments: mri_label2label -all-info  ProgramVersion: 7.3.2  TimeStamp: 2026/04/04-09:33:48-GMT  BuildTime: Aug  4 2022 06:17:15  BuildStamp: freesurfer-linux-ubuntu22_x86_64-7.3.2-20220804-6354275  User: oesteban  Machine: dna070  Platform: Linux  PlatformVersion: 5.14.0-427.37.1.el9_4.x86_64  CompilerName: GCC  CompilerVersion: 8.4.0
ProgramName: mri_label2vol  ProgramArguments: mri_label2vol -all-info  ProgramVersion: 7.3.2  TimeStamp: 2026/04/04-09:33:48-GMT  BuildTime: Aug  4 2022 06:17:15  BuildStamp: freesurfer-linux-ubuntu22_x86_64-7.3.2-20220804-6354275  User: oesteban  Machine: dna070  Platform: Linux  PlatformVersion: 5.14.0-427.37.1.el9_4.x86_64  CompilerName: GCC  CompilerVersion: 8.4.0
ProgramName: mri_log_likelihood  ProgramArguments: mri_log_likelihood -all-info  ProgramVersion: 7.3.2  TimeStamp: 2026/04/04-09:33:48-GMT  BuildTime: Aug  4 2022 06:17:15  BuildStamp: freesurfer-linux-ubuntu22_x86_64-7.3.2-20220804-6354275  User: oesteban  Machine: dna070  Platform: Linux  PlatformVersion: 5.14.0-427.37.1.el9_4.x86_64  CompilerName: GCC  CompilerVersion: 8.4.0
ProgramName: mri_mask  ProgramArguments: mri_mask -all-info  ProgramVersion: 7.3.2  TimeStamp: 2026/04/04-09:33:48-GMT  BuildTime: Aug  4 2022 06:17:15  BuildStamp: freesurfer-linux-ubuntu22_x86_64-7.3.2-20220804-6354275  User: oesteban  Machine: dna070  Platform: Linux  PlatformVersion: 5.14.0-427.37.1.el9_4.x86_64  CompilerName: GCC  CompilerVersion: 8.4.0
ProgramName: mri_matrix_multiply  ProgramArguments: mri_matrix_multiply -all-info  ProgramVersion: 7.3.2  TimeStamp: 2026/04/04-09:33:48-GMT  BuildTime: Aug  4 2022 06:17:15  BuildStamp: freesurfer-linux-ubuntu22_x86_64-7.3.2-20220804-6354275  User: oesteban  Machine: dna070  Platform: Linux  PlatformVersion: 5.14.0-427.37.1.el9_4.x86_64  CompilerName: GCC  CompilerVersion: 8.4.0
ProgramName: mri_normalize  ProgramArguments: mri_normalize -all-info  ProgramVersion: 7.3.2  TimeStamp: 2026/04/04-09:33:48-GMT  BuildTime: Aug  4 2022 06:17:15  BuildStamp: freesurfer-linux-ubuntu22_x86_64-7.3.2-20220804-6354275  User: oesteban  Machine: dna070  Platform: Linux  PlatformVersion: 5.14.0-427.37.1.el9_4.x86_64  CompilerName: GCC  CompilerVersion: 8.4.0
ProgramName: mri_normalize_tp2  ProgramArguments: mri_normalize_tp2 -all-info  ProgramVersion: 7.3.2  TimeStamp: 2026/04/04-09:33:48-GMT  BuildTime: Aug  4 2022 06:17:15  BuildStamp: freesurfer-linux-ubuntu22_x86_64-7.3.2-20220804-6354275  User: oesteban  Machine: dna070  Platform: Linux  PlatformVersion: 5.14.0-427.37.1.el9_4.x86_64  CompilerName: GCC  CompilerVersion: 8.4.0
ProgramName: mri_or  ProgramArguments: mri_or -all-info  ProgramVersion: 7.3.2  TimeStamp: 2026/04/04-09:33:48-GMT  BuildTime: Aug  4 2022 06:17:15  BuildStamp: freesurfer-linux-ubuntu22_x86_64-7.3.2-20220804-6354275  User: oesteban  Machine: dna070  Platform: Linux  PlatformVersion: 5.14.0-427.37.1.el9_4.x86_64  CompilerName: GCC  CompilerVersion: 8.4.0
ProgramName: mri_relabel_hypointensities  ProgramArguments: mri_relabel_hypointensities -all-info  ProgramVersion: 7.3.2  TimeStamp: 2026/04/04-09:33:48-GMT  BuildTime: Aug  4 2022 06:17:15  BuildStamp: freesurfer-linux-ubuntu22_x86_64-7.3.2-20220804-6354275  User: oesteban  Machine: dna070  Platform: Linux  PlatformVersion: 5.14.0-427.37.1.el9_4.x86_64  CompilerName: GCC  CompilerVersion: 8.4.0
ProgramName: mri_relabel_nonwm_hypos  ProgramArguments: mri_relabel_nonwm_hypos -all-info  ProgramVersion: 7.3.2  TimeStamp: 2026/04/04-09:33:48-GMT  BuildTime: Aug  4 2022 06:17:15  BuildStamp: freesurfer-linux-ubuntu22_x86_64-7.3.2-20220804-6354275  User: oesteban  Machine: dna070  Platform: Linux  PlatformVersion: 5.14.0-427.37.1.el9_4.x86_64  CompilerName: GCC  CompilerVersion: 8.4.0
ProgramName: mri_remove_neck  ProgramArguments: mri_remove_neck -all-info  ProgramVersion: 7.3.2  TimeStamp: 2026/04/04-09:33:48-GMT  BuildTime: Aug  4 2022 06:17:15  BuildStamp: freesurfer-linux-ubuntu22_x86_64-7.3.2-20220804-6354275  User: oesteban  Machine: dna070  Platform: Linux  PlatformVersion: 5.14.0-427.37.1.el9_4.x86_64  CompilerName: GCC  CompilerVersion: 8.4.0
7.3.2

ProgramName: mri_robust_register  ProgramArguments: mri_robust_register -all-info  ProgramVersion: 7.3.2  TimeStamp: 2026/04/04-09:33:48-GMT  BuildTime: Aug  4 2022 06:17:15  BuildStamp: freesurfer-linux-ubuntu22_x86_64-7.3.2-20220804-6354275  User: oesteban  Machine: dna070  Platform: Linux  PlatformVersion: 5.14.0-427.37.1.el9_4.x86_64  CompilerName: GCC  CompilerVersion: 8.4.0
7.3.2

ProgramName: mri_robust_template  ProgramArguments: mri_robust_template -all-info  ProgramVersion: 7.3.2  TimeStamp: 2026/04/04-09:33:48-GMT  BuildTime: Aug  4 2022 06:17:15  BuildStamp: freesurfer-linux-ubuntu22_x86_64-7.3.2-20220804-6354275  User: oesteban  Machine: dna070  Platform: Linux  PlatformVersion: 5.14.0-427.37.1.el9_4.x86_64  CompilerName: GCC  CompilerVersion: 8.4.0
ProgramName: mris_anatomical_stats  ProgramArguments: mris_anatomical_stats -all-info  ProgramVersion: 7.3.2  TimeStamp: 2026/04/04-09:33:48-GMT  BuildTime: Aug  4 2022 06:17:15  BuildStamp: freesurfer-linux-ubuntu22_x86_64-7.3.2-20220804-6354275  User: oesteban  Machine: dna070  Platform: Linux  PlatformVersion: 5.14.0-427.37.1.el9_4.x86_64  CompilerName: GCC  CompilerVersion: 8.4.0
ProgramName: mris_ca_label  ProgramArguments: mris_ca_label -all-info  ProgramVersion: 7.3.2  TimeStamp: 2026/04/04-09:33:48-GMT  BuildTime: Aug  4 2022 06:17:15  BuildStamp: freesurfer-linux-ubuntu22_x86_64-7.3.2-20220804-6354275  User: oesteban  Machine: dna070  Platform: Linux  PlatformVersion: 5.14.0-427.37.1.el9_4.x86_64  CompilerName: GCC  CompilerVersion: 8.4.0
ProgramName: mris_calc  ProgramArguments: mris_calc -all-info  ProgramVersion: 7.3.2  TimeStamp: 2026/04/04-09:33:48-GMT  BuildTime: Aug  4 2022 06:17:15  BuildStamp: freesurfer-linux-ubuntu22_x86_64-7.3.2-20220804-6354275  User: oesteban  Machine: dna070  Platform: Linux  PlatformVersion: 5.14.0-427.37.1.el9_4.x86_64  CompilerName: GCC  CompilerVersion: 8.4.0
ProgramName: mris_convert  ProgramArguments: mris_convert -all-info  ProgramVersion: 7.3.2  TimeStamp: 2026/04/04-09:33:48-GMT  BuildTime: Aug  4 2022 06:17:15  BuildStamp: freesurfer-linux-ubuntu22_x86_64-7.3.2-20220804-6354275  User: oesteban  Machine: dna070  Platform: Linux  PlatformVersion: 5.14.0-427.37.1.el9_4.x86_64  CompilerName: GCC  CompilerVersion: 8.4.0
ProgramName: mris_curvature  ProgramArguments: mris_curvature -all-info  ProgramVersion: 7.3.2  TimeStamp: 2026/04/04-09:33:48-GMT  BuildTime: Aug  4 2022 06:17:15  BuildStamp: freesurfer-linux-ubuntu22_x86_64-7.3.2-20220804-6354275  User: oesteban  Machine: dna070  Platform: Linux  PlatformVersion: 5.14.0-427.37.1.el9_4.x86_64  CompilerName: GCC  CompilerVersion: 8.4.0
ProgramName: mris_curvature_stats  ProgramArguments: mris_curvature_stats -all-info  ProgramVersion: 7.3.2  TimeStamp: 2026/04/04-09:33:48-GMT  BuildTime: Aug  4 2022 06:17:15  BuildStamp: freesurfer-linux-ubuntu22_x86_64-7.3.2-20220804-6354275  User: oesteban  Machine: dna070  Platform: Linux  PlatformVersion: 5.14.0-427.37.1.el9_4.x86_64  CompilerName: GCC  CompilerVersion: 8.4.0
ProgramName: mris_diff  ProgramArguments: mris_diff -all-info  ProgramVersion: 7.3.2  TimeStamp: 2026/04/04-09:33:48-GMT  BuildTime: Aug  4 2022 06:17:15  BuildStamp: freesurfer-linux-ubuntu22_x86_64-7.3.2-20220804-6354275  User: oesteban  Machine: dna070  Platform: Linux  PlatformVersion: 5.14.0-427.37.1.el9_4.x86_64  CompilerName: GCC  CompilerVersion: 8.4.0
ProgramName: mris_divide_parcellation  ProgramArguments: mris_divide_parcellation -all-info  ProgramVersion: 7.3.2  TimeStamp: 2026/04/04-09:33:48-GMT  BuildTime: Aug  4 2022 06:17:15  BuildStamp: freesurfer-linux-ubuntu22_x86_64-7.3.2-20220804-6354275  User: oesteban  Machine: dna070  Platform: Linux  PlatformVersion: 5.14.0-427.37.1.el9_4.x86_64  CompilerName: GCC  CompilerVersion: 8.4.0
ProgramName: mri_segment  ProgramArguments: mri_segment -all-info  ProgramVersion: 7.3.2  TimeStamp: 2026/04/04-09:33:48-GMT  BuildTime: Aug  4 2022 06:17:15  BuildStamp: freesurfer-linux-ubuntu22_x86_64-7.3.2-20220804-6354275  User: oesteban  Machine: dna070  Platform: Linux  PlatformVersion: 5.14.0-427.37.1.el9_4.x86_64  CompilerName: GCC  CompilerVersion: 8.4.0
ProgramName: mri_segstats  ProgramArguments: mri_segstats -all-info  ProgramVersion: 7.3.2  TimeStamp: 2026/04/04-09:33:48-GMT  BuildTime: Aug  4 2022 06:17:15  BuildStamp: freesurfer-linux-ubuntu22_x86_64-7.3.2-20220804-6354275  User: oesteban  Machine: dna070  Platform: Linux  PlatformVersion: 5.14.0-427.37.1.el9_4.x86_64  CompilerName: GCC  CompilerVersion: 8.4.0
ProgramName: mris_euler_number  ProgramArguments: mris_euler_number -all-info  ProgramVersion: 7.3.2  TimeStamp: 2026/04/04-09:33:48-GMT  BuildTime: Aug  4 2022 06:17:15  BuildStamp: freesurfer-linux-ubuntu22_x86_64-7.3.2-20220804-6354275  User: oesteban  Machine: dna070  Platform: Linux  PlatformVersion: 5.14.0-427.37.1.el9_4.x86_64  CompilerName: GCC  CompilerVersion: 8.4.0
ProgramName: mris_fix_topology  ProgramArguments: mris_fix_topology -all-info  ProgramVersion: 7.3.2  TimeStamp: 2026/04/04-09:33:48-GMT  BuildTime: Aug  4 2022 06:17:15  BuildStamp: freesurfer-linux-ubuntu22_x86_64-7.3.2-20220804-6354275  User: oesteban  Machine: dna070  Platform: Linux  PlatformVersion: 5.14.0-427.37.1.el9_4.x86_64  CompilerName: GCC  CompilerVersion: 8.4.0
ProgramName: mris_topo_fixer  ProgramArguments: mris_topo_fixer -all-info  ProgramVersion: 7.3.2  TimeStamp: 2026/04/04-09:33:48-GMT  BuildTime: Aug  4 2022 06:17:15  BuildStamp: freesurfer-linux-ubuntu22_x86_64-7.3.2-20220804-6354275  User: oesteban  Machine: dna070  Platform: Linux  PlatformVersion: 5.14.0-427.37.1.el9_4.x86_64  CompilerName: GCC  CompilerVersion: 8.4.0
ProgramName: mris_jacobian  ProgramArguments: mris_jacobian -all-info  ProgramVersion: 7.3.2  TimeStamp: 2026/04/04-09:33:48-GMT  BuildTime: Aug  4 2022 06:17:15  BuildStamp: freesurfer-linux-ubuntu22_x86_64-7.3.2-20220804-6354275  User: oesteban  Machine: dna070  Platform: Linux  PlatformVersion: 5.14.0-427.37.1.el9_4.x86_64  CompilerName: GCC  CompilerVersion: 8.4.0
ProgramName: mris_label2annot  ProgramArguments: mris_label2annot -all-info  ProgramVersion: 7.3.2  TimeStamp: 2026/04/04-09:33:48-GMT  BuildTime: Aug  4 2022 06:17:15  BuildStamp: freesurfer-linux-ubuntu22_x86_64-7.3.2-20220804-6354275  User: oesteban  Machine: dna070  Platform: Linux  PlatformVersion: 5.14.0-427.37.1.el9_4.x86_64  CompilerName: GCC  CompilerVersion: 8.4.0
ProgramName: mris_left_right_register  ProgramArguments: mris_left_right_register -all-info  ProgramVersion: 7.3.2  TimeStamp: 2026/04/04-09:33:48-GMT  BuildTime: Aug  4 2022 06:17:15  BuildStamp: freesurfer-linux-ubuntu22_x86_64-7.3.2-20220804-6354275  User: oesteban  Machine: dna070  Platform: Linux  PlatformVersion: 5.14.0-427.37.1.el9_4.x86_64  CompilerName: GCC  CompilerVersion: 8.4.0
ProgramName: mris_place_surface  ProgramArguments: mris_place_surface -all-info  ProgramVersion: 7.3.2  TimeStamp: 2026/04/04-09:33:48-GMT  BuildTime: Aug  4 2022 06:17:15  BuildStamp: freesurfer-linux-ubuntu22_x86_64-7.3.2-20220804-6354275  User: oesteban  Machine: dna070  Platform: Linux  PlatformVersion: 5.14.0-427.37.1.el9_4.x86_64  CompilerName: GCC  CompilerVersion: 8.4.0
ProgramName: mrisp_paint  ProgramArguments: mrisp_paint -all-info  ProgramVersion: 7.3.2  TimeStamp: 2026/04/04-09:33:48-GMT  BuildTime: Aug  4 2022 06:17:15  BuildStamp: freesurfer-linux-ubuntu22_x86_64-7.3.2-20220804-6354275  User: oesteban  Machine: dna070  Platform: Linux  PlatformVersion: 5.14.0-427.37.1.el9_4.x86_64  CompilerName: GCC  CompilerVersion: 8.4.0
ProgramName: mris_register  ProgramArguments: mris_register -all-info  ProgramVersion: 7.3.2  TimeStamp: 2026/04/04-09:33:48-GMT  BuildTime: Aug  4 2022 06:17:15  BuildStamp: freesurfer-linux-ubuntu22_x86_64-7.3.2-20220804-6354275  User: oesteban  Machine: dna070  Platform: Linux  PlatformVersion: 5.14.0-427.37.1.el9_4.x86_64  CompilerName: GCC  CompilerVersion: 8.4.0
ProgramName: mris_smooth  ProgramArguments: mris_smooth -all-info  ProgramVersion: 7.3.2  TimeStamp: 2026/04/04-09:33:48-GMT  BuildTime: Aug  4 2022 06:17:15  BuildStamp: freesurfer-linux-ubuntu22_x86_64-7.3.2-20220804-6354275  User: oesteban  Machine: dna070  Platform: Linux  PlatformVersion: 5.14.0-427.37.1.el9_4.x86_64  CompilerName: GCC  CompilerVersion: 8.4.0
ProgramName: mris_sphere  ProgramArguments: mris_sphere -all-info  ProgramVersion: 7.3.2  TimeStamp: 2026/04/04-09:33:48-GMT  BuildTime: Aug  4 2022 06:17:15  BuildStamp: freesurfer-linux-ubuntu22_x86_64-7.3.2-20220804-6354275  User: oesteban  Machine: dna070  Platform: Linux  PlatformVersion: 5.14.0-427.37.1.el9_4.x86_64  CompilerName: GCC  CompilerVersion: 8.4.0
ProgramName: mris_surface_stats  ProgramArguments: mris_surface_stats -all-info  ProgramVersion: 7.3.2  TimeStamp: 2026/04/04-09:33:48-GMT  BuildTime: Aug  4 2022 06:17:15  BuildStamp: freesurfer-linux-ubuntu22_x86_64-7.3.2-20220804-6354275  User: oesteban  Machine: dna070  Platform: Linux  PlatformVersion: 5.14.0-427.37.1.el9_4.x86_64  CompilerName: GCC  CompilerVersion: 8.4.0
ProgramName: mri_stats2seg  ProgramArguments: mri_stats2seg -all-info  ProgramVersion: 7.3.2  TimeStamp: 2026/04/04-09:33:48-GMT  BuildTime: Aug  4 2022 06:17:15  BuildStamp: freesurfer-linux-ubuntu22_x86_64-7.3.2-20220804-6354275  User: oesteban  Machine: dna070  Platform: Linux  PlatformVersion: 5.14.0-427.37.1.el9_4.x86_64  CompilerName: GCC  CompilerVersion: 8.4.0
ProgramName: mris_thickness  ProgramArguments: mris_thickness -all-info  ProgramVersion: 7.3.2  TimeStamp: 2026/04/04-09:33:48-GMT  BuildTime: Aug  4 2022 06:17:15  BuildStamp: freesurfer-linux-ubuntu22_x86_64-7.3.2-20220804-6354275  User: oesteban  Machine: dna070  Platform: Linux  PlatformVersion: 5.14.0-427.37.1.el9_4.x86_64  CompilerName: GCC  CompilerVersion: 8.4.0
ProgramName: mris_thickness_diff  ProgramArguments: mris_thickness_diff -all-info  ProgramVersion: 7.3.2  TimeStamp: 2026/04/04-09:33:48-GMT  BuildTime: Aug  4 2022 06:17:15  BuildStamp: freesurfer-linux-ubuntu22_x86_64-7.3.2-20220804-6354275  User: oesteban  Machine: dna070  Platform: Linux  PlatformVersion: 5.14.0-427.37.1.el9_4.x86_64  CompilerName: GCC  CompilerVersion: 8.4.0
ProgramName: mris_topo_fixer  ProgramArguments: mris_topo_fixer -all-info  ProgramVersion: 7.3.2  TimeStamp: 2026/04/04-09:33:48-GMT  BuildTime: Aug  4 2022 06:17:15  BuildStamp: freesurfer-linux-ubuntu22_x86_64-7.3.2-20220804-6354275  User: oesteban  Machine: dna070  Platform: Linux  PlatformVersion: 5.14.0-427.37.1.el9_4.x86_64  CompilerName: GCC  CompilerVersion: 8.4.0
ProgramName: mri_surf2surf  ProgramArguments: mri_surf2surf -all-info  ProgramVersion: 7.3.2  TimeStamp: 2026/04/04-09:33:48-GMT  BuildTime: Aug  4 2022 06:17:15  BuildStamp: freesurfer-linux-ubuntu22_x86_64-7.3.2-20220804-6354275  User: oesteban  Machine: dna070  Platform: Linux  PlatformVersion: 5.14.0-427.37.1.el9_4.x86_64  CompilerName: GCC  CompilerVersion: 8.4.0
ProgramName: mri_surf2vol  ProgramArguments: mri_surf2vol -all-info  ProgramVersion: 7.3.2  TimeStamp: 2026/04/04-09:33:48-GMT  BuildTime: Aug  4 2022 06:17:15  BuildStamp: freesurfer-linux-ubuntu22_x86_64-7.3.2-20220804-6354275  User: oesteban  Machine: dna070  Platform: Linux  PlatformVersion: 5.14.0-427.37.1.el9_4.x86_64  CompilerName: GCC  CompilerVersion: 8.4.0
ProgramName: mri_surfcluster  ProgramArguments: mri_surfcluster -all-info  ProgramVersion: 7.3.2  TimeStamp: 2026/04/04-09:33:48-GMT  BuildTime: Aug  4 2022 06:17:15  BuildStamp: freesurfer-linux-ubuntu22_x86_64-7.3.2-20220804-6354275  User: oesteban  Machine: dna070  Platform: Linux  PlatformVersion: 5.14.0-427.37.1.el9_4.x86_64  CompilerName: GCC  CompilerVersion: 8.4.0
ProgramName: mris_volmask  ProgramArguments: mris_volmask -all-info  ProgramVersion: 7.3.2  TimeStamp: 2026/04/04-09:33:48-GMT  BuildTime: Aug  4 2022 06:17:15  BuildStamp: freesurfer-linux-ubuntu22_x86_64-7.3.2-20220804-6354275  User: oesteban  Machine: dna070  Platform: Linux  PlatformVersion: 5.14.0-427.37.1.el9_4.x86_64  CompilerName: GCC  CompilerVersion: 8.4.0
ProgramName: mri_tessellate  ProgramArguments: mri_tessellate -all-info  ProgramVersion: 7.3.2  TimeStamp: 2026/04/04-09:33:48-GMT  BuildTime: Aug  4 2022 06:17:15  BuildStamp: freesurfer-linux-ubuntu22_x86_64-7.3.2-20220804-6354275  User: oesteban  Machine: dna070  Platform: Linux  PlatformVersion: 5.14.0-427.37.1.el9_4.x86_64  CompilerName: GCC  CompilerVersion: 8.4.0
ProgramName: mri_vol2surf  ProgramArguments: mri_vol2surf -all-info  ProgramVersion: 7.3.2  TimeStamp: 2026/04/04-09:33:48-GMT  BuildTime: Aug  4 2022 06:17:15  BuildStamp: freesurfer-linux-ubuntu22_x86_64-7.3.2-20220804-6354275  User: oesteban  Machine: dna070  Platform: Linux  PlatformVersion: 5.14.0-427.37.1.el9_4.x86_64  CompilerName: GCC  CompilerVersion: 8.4.0
ProgramName: mri_vol2vol  ProgramArguments: mri_vol2vol -all-info  ProgramVersion: 7.3.2  TimeStamp: 2026/04/04-09:33:48-GMT  BuildTime: Aug  4 2022 06:17:15  BuildStamp: freesurfer-linux-ubuntu22_x86_64-7.3.2-20220804-6354275  User: oesteban  Machine: dna070  Platform: Linux  PlatformVersion: 5.14.0-427.37.1.el9_4.x86_64  CompilerName: GCC  CompilerVersion: 8.4.0
ProgramName: mri_voldiff  ProgramArguments: mri_voldiff -all-info  ProgramVersion: 7.3.2  TimeStamp: 2026/04/04-09:33:48-GMT  BuildTime: Aug  4 2022 06:17:15  BuildStamp: freesurfer-linux-ubuntu22_x86_64-7.3.2-20220804-6354275  User: oesteban  Machine: dna070  Platform: Linux  PlatformVersion: 5.14.0-427.37.1.el9_4.x86_64  CompilerName: GCC  CompilerVersion: 8.4.0
ProgramName: mri_watershed  ProgramArguments: mri_watershed -all-info  ProgramVersion: 7.3.2  TimeStamp: 2026/04/04-09:33:48-GMT  BuildTime: Aug  4 2022 06:17:15  BuildStamp: freesurfer-linux-ubuntu22_x86_64-7.3.2-20220804-6354275  User: oesteban  Machine: dna070  Platform: Linux  PlatformVersion: 5.14.0-427.37.1.el9_4.x86_64  CompilerName: GCC  CompilerVersion: 8.4.0
ProgramName: tkregister2  ProgramArguments: tkregister2_cmdl -all-info  ProgramVersion: 7.3.2  TimeStamp: 2026/04/04-09:33:48-GMT  BuildTime: Aug  4 2022 06:17:15  BuildStamp: freesurfer-linux-ubuntu22_x86_64-7.3.2-20220804-6354275  User: oesteban  Machine: dna070  Platform: Linux  PlatformVersion: 5.14.0-427.37.1.el9_4.x86_64  CompilerName: GCC  CompilerVersion: 8.4.0
mri_motion_correct.fsl 7.3.2
mri_convert -all-info 
ProgramName: mri_convert  ProgramArguments: mri_convert -all-info  ProgramVersion: 7.3.2  TimeStamp: 2026/04/04-09:33:48-GMT  BuildTime: Aug  4 2022 06:17:15  BuildStamp: freesurfer-linux-ubuntu22_x86_64-7.3.2-20220804-6354275  User: oesteban  Machine: dna070  Platform: Linux  PlatformVersion: 5.14.0-427.37.1.el9_4.x86_64  CompilerName: GCC  CompilerVersion: 8.4.0
Program nu_correct, built from:
Package MNI N3, version 1.12.0, compiled by nicks@terrier (x86_64-unknown-linux-gnu) on 2015-06-19 at 01:25:34
#######################################
GCADIR /opt/freesurfer/average
GCA RB_all_2020-01-02.gca
GCASkull RB_all_withskull_2020_01_02.gca
AvgCurvTif folding.atlas.acfb40.noaparc.i12.2016-08-02.tif
GCSDIR /opt/freesurfer/average
GCS DKaparc.atlas.acfb40.noaparc.i12.2016-08-02.gcs
#######################################
/out/sourcedata/freesurfer/sub-v1s12x0050113_ses-1

 mri_convert /work/fmriprep_25_2_wf/sub_v1s12x0050113_ses_1_wf/anat_fit_wf/anat_validate/sub-v1s12x0050113_ses-1_T1w_noise_corrected_ras_valid.nii.gz /out/sourcedata/freesurfer/sub-v1s12x0050113_ses-1/mri/orig/001.mgz 

mri_convert /work/fmriprep_25_2_wf/sub_v1s12x0050113_ses_1_wf/anat_fit_wf/anat_validate/sub-v1s12x0050113_ses-1_T1w_noise_corrected_ras_valid.nii.gz /out/sourcedata/freesurfer/sub-v1s12x0050113_ses-1/mri/orig/001.mgz 
reading from /work/fmriprep_25_2_wf/sub_v1s12x0050113_ses_1_wf/anat_fit_wf/anat_validate/sub-v1s12x0050113_ses-1_T1w_noise_corrected_ras_valid.nii.gz...
TR=0.00, TE=0.00, TI=0.00, flip angle=0.00
i_ras = (0.999743, 0, 0.0226873)
j_ras = (0, 1, 0)
k_ras = (-0.0226873, 0, 0.999743)
writing to /out/sourcedata/freesurfer/sub-v1s12x0050113_ses-1/mri/orig/001.mgz...
#--------------------------------------------
#@# MotionCor Sat Apr  4 11:33:50 CEST 2026
Found 1 runs
/out/sourcedata/freesurfer/sub-v1s12x0050113_ses-1/mri/orig/001.mgz
Checking for (invalid) multi-frame inputs...
Only one run found so motion
correction will not be performed. I'll
copy the run to rawavg and continue.

 cp /out/sourcedata/freesurfer/sub-v1s12x0050113_ses-1/mri/orig/001.mgz /out/sourcedata/freesurfer/sub-v1s12x0050113_ses-1/mri/rawavg.mgz 


 mri_info /out/sourcedata/freesurfer/sub-v1s12x0050113_ses-1/mri/rawavg.mgz 

rawavg.mgz ========================================
Volume information for /out/sourcedata/freesurfer/sub-v1s12x0050113_ses-1/mri/rawavg.mgz
          type: MGH
    dimensions: 208 x 256 x 176
   voxel sizes: 1.000000, 1.000000, 1.000000
          type: FLOAT (3)
           fov: 256.000
           dof: 1
        xstart: -104.0, xend: 104.0
        ystart: -128.0, yend: 128.0
        zstart: -88.0, zend: 88.0
            TR: 0.00 msec, TE: 0.00 msec, TI: 0.00 msec, flip angle: 0.00 degrees
       nframes: 1
       PhEncDir: UNKNOWN
       FieldStrength: 0.000000
ras xform present
    xform info: x_r =   0.9997, y_r =   0.0000, z_r =  -0.0227, c_r =     1.7148
              : x_a =   0.0000, y_a =   1.0000, z_a =   0.0000, c_a =    10.4431
              : x_s =   0.0227, y_s =   0.0000, z_s =   0.9997, c_s =   -19.8164

talairach xfm : 
Orientation   : RAS
Primary Slice Direction: axial

voxel to ras transform:
                0.9997   0.0000  -0.0227  -100.2619
                0.0000   1.0000   0.0000  -117.5569
                0.0227   0.0000   0.9997  -110.1533
                0.0000   0.0000   0.0000     1.0000

voxel-to-ras determinant 1

ras to voxel transform:
                0.9997   0.0000   0.0227   102.7352
                0.0000   1.0000   0.0000   117.5569
               -0.0227   0.0000   0.9997   107.8502
                0.0000   0.0000   0.0000     1.0000
/out/sourcedata/freesurfer/sub-v1s12x0050113_ses-1

 mri_convert /out/sourcedata/freesurfer/sub-v1s12x0050113_ses-1/mri/rawavg.mgz /out/sourcedata/freesurfer/sub-v1s12x0050113_ses-1/mri/orig.mgz --conform 

mri_convert /out/sourcedata/freesurfer/sub-v1s12x0050113_ses-1/mri/rawavg.mgz /out/sourcedata/freesurfer/sub-v1s12x0050113_ses-1/mri/orig.mgz --conform 
reading from /out/sourcedata/freesurfer/sub-v1s12x0050113_ses-1/mri/rawavg.mgz...
TR=0.00, TE=0.00, TI=0.00, flip angle=0.00
i_ras = (0.999743, 0, 0.0226873)
j_ras = (0, 1, 0)
k_ras = (-0.0226873, 0, 0.999743)
changing data type from float to uchar (noscale = 0)...
MRIchangeType: Building histogram -0.000473022 1067.86 1000, flo=0, fhi=0.999, dest_type=0
Reslicing using trilinear interpolation 
writing to /out/sourcedata/freesurfer/sub-v1s12x0050113_ses-1/mri/orig.mgz...

 mri_add_xform_to_header -c /out/sourcedata/freesurfer/sub-v1s12x0050113_ses-1/mri/transforms/talairach.xfm /out/sourcedata/freesurfer/sub-v1s12x0050113_ses-1/mri/orig.mgz /out/sourcedata/freesurfer/sub-v1s12x0050113_ses-1/mri/orig.mgz 

INFO: extension is mgz

 mri_info /out/sourcedata/freesurfer/sub-v1s12x0050113_ses-1/mri/orig.mgz 

orig.mgz ========================================
Volume information for /out/sourcedata/freesurfer/sub-v1s12x0050113_ses-1/mri/orig.mgz
          type: MGH
    dimensions: 256 x 256 x 256
   voxel sizes: 1.000000, 1.000000, 1.000000
          type: UCHAR (0)
           fov: 256.000
           dof: 1
        xstart: -128.0, xend: 128.0
        ystart: -128.0, yend: 128.0
        zstart: -128.0, zend: 128.0
            TR: 0.00 msec, TE: 0.00 msec, TI: 0.00 msec, flip angle: 0.00 degrees
       nframes: 1
       PhEncDir: UNKNOWN
       FieldStrength: 0.000000
ras xform present
    xform info: x_r =  -1.0000, y_r =   0.0000, z_r =   0.0000, c_r =     1.7148
              : x_a =   0.0000, y_a =   0.0000, z_a =   1.0000, c_a =    10.4431
              : x_s =   0.0000, y_s =  -1.0000, z_s =   0.0000, c_s =   -19.8164

talairach xfm : /out/sourcedata/freesurfer/sub-v1s12x0050113_ses-1/mri/transforms/talairach.xfm
Orientation   : LIA
Primary Slice Direction: coronal

voxel to ras transform:
               -1.0000   0.0000   0.0000   129.7148
                0.0000   0.0000   1.0000  -117.5569
                0.0000  -1.0000   0.0000   108.1836
                0.0000   0.0000   0.0000     1.0000

voxel-to-ras determinant -1

ras to voxel transform:
               -1.0000  -0.0000  -0.0000   129.7148
               -0.0000  -0.0000  -1.0000   108.1836
               -0.0000   1.0000  -0.0000   117.5569
               -0.0000  -0.0000  -0.0000     1.0000
#--------------------------------------------
#@# Talairach Sat Apr  4 11:33:55 CEST 2026
/out/sourcedata/freesurfer/sub-v1s12x0050113_ses-1/mri

 mri_nu_correct.mni --no-rescale --i orig.mgz --o orig_nu.mgz --ants-n4 --n 1 --proto-iters 1000 --distance 50 

/usr/bin/bc
/out/sourcedata/freesurfer/sub-v1s12x0050113_ses-1/mri
/opt/freesurfer/bin/mri_nu_correct.mni
--no-rescale --i orig.mgz --o orig_nu.mgz --ants-n4 --n 1 --proto-iters 1000 --distance 50
nIters 1
mri_nu_correct.mni 7.3.2
Linux dna070 5.14.0-427.37.1.el9_4.x86_64 #1 SMP PREEMPT_DYNAMIC Fri Sep 13 12:41:50 EDT 2024 x86_64 x86_64 x86_64 GNU/Linux
Sat Apr  4 11:33:55 CEST 2026
tmpdir is ./tmp.mri_nu_correct.mni.2250113
cd /out/sourcedata/freesurfer/sub-v1s12x0050113_ses-1/mri
AntsN4BiasFieldCorrectionFs -i orig.mgz -o ./tmp.mri_nu_correct.mni.2250113/nu0.mgz --dtype uchar
AntsN4BiasFieldCorrectionFs done
mri_convert ./tmp.mri_nu_correct.mni.2250113/nu0.mgz orig_nu.mgz --like orig.mgz --conform
mri_convert ./tmp.mri_nu_correct.mni.2250113/nu0.mgz orig_nu.mgz --like orig.mgz --conform 
reading from ./tmp.mri_nu_correct.mni.2250113/nu0.mgz...
TR=0.00, TE=0.00, TI=0.00, flip angle=0.00
i_ras = (-1, 0, 0)
j_ras = (0, 0, -1)
k_ras = (0, 1, 0)
INFO: transform src into the like-volume: orig.mgz
writing to orig_nu.mgz...
 
 
Sat Apr  4 11:36:29 CEST 2026
mri_nu_correct.mni done

 talairach_avi --i orig_nu.mgz --xfm transforms/talairach.auto.xfm 

talairach_avi log file is transforms/talairach_avi.log...
mv -f /out/sourcedata/freesurfer/sub-v1s12x0050113_ses-1/mri/talsrcimg_to_711-2C_as_mni_average_305_t4_vox2vox.txt /out/sourcedata/freesurfer/sub-v1s12x0050113_ses-1/mri/transforms/talsrcimg_to_711-2C_as_mni_average_305_t4_vox2vox.txt
Started at Sat Apr 4 11:36:29 CEST 2026
Ended   at Sat Apr  4 11:36:43 CEST 2026
talairach_avi done

 cp transforms/talairach.auto.xfm transforms/talairach.xfm 

lta_convert --src orig.mgz --trg /opt/freesurfer/average/mni305.cor.mgz --inxfm transforms/talairach.xfm --outlta transforms/talairach.xfm.lta --subject fsaverage --ltavox2vox
7.3.2

--src: orig.mgz src image (geometry).
--trg: /opt/freesurfer/average/mni305.cor.mgz trg image (geometry).
--inmni: transforms/talairach.xfm input MNI/XFM transform.
--outlta: transforms/talairach.xfm.lta output LTA.
--s: fsaverage subject name
--ltavox2vox: output LTA as VOX_TO_VOX transform.
 LTA read, type : 1
 1.13006  -0.03769   0.00432   2.21841;
 0.03655   0.97101   0.38721  -8.12811;
-0.04265  -0.22408   1.17900   24.51816;
 0.00000   0.00000   0.00000   1.00000;
setting subject to fsaverage
Writing  LTA to file transforms/talairach.xfm.lta...
lta_convert successful.
#--------------------------------------------
#@# Talairach Failure Detection Sat Apr  4 11:36:45 CEST 2026
/out/sourcedata/freesurfer/sub-v1s12x0050113_ses-1/mri

 talairach_afd -T 0.005 -xfm transforms/talairach.xfm 

talairach_afd: Talairach Transform: transforms/talairach.xfm OK (p=0.7260, pval=0.6675 >= threshold=0.0050)

 awk -f /opt/freesurfer/bin/extract_talairach_avi_QA.awk /out/sourcedata/freesurfer/sub-v1s12x0050113_ses-1/mri/transforms/talairach_avi.log 


 tal_QC_AZS /out/sourcedata/freesurfer/sub-v1s12x0050113_ses-1/mri/transforms/talairach_avi.log 

TalAviQA: 0.98294
z-score: 1
#--------------------------------------------
#@# Nu Intensity Correction Sat Apr  4 11:36:45 CEST 2026

 mri_nu_correct.mni --i orig.mgz --o nu.mgz --uchar transforms/talairach.xfm --n 2 --ants-n4 

/usr/bin/bc
/out/sourcedata/freesurfer/sub-v1s12x0050113_ses-1/mri
/opt/freesurfer/bin/mri_nu_correct.mni
--i orig.mgz --o nu.mgz --uchar transforms/talairach.xfm --n 2 --ants-n4
nIters 2
mri_nu_correct.mni 7.3.2
Linux dna070 5.14.0-427.37.1.el9_4.x86_64 #1 SMP PREEMPT_DYNAMIC Fri Sep 13 12:41:50 EDT 2024 x86_64 x86_64 x86_64 GNU/Linux
Sat Apr  4 11:36:45 CEST 2026
tmpdir is ./tmp.mri_nu_correct.mni.2250829
cd /out/sourcedata/freesurfer/sub-v1s12x0050113_ses-1/mri
AntsN4BiasFieldCorrectionFs -i orig.mgz -o ./tmp.mri_nu_correct.mni.2250829/nu0.mgz --dtype uchar
AntsN4BiasFieldCorrectionFs done
mri_binarize --i ./tmp.mri_nu_correct.mni.2250829/nu0.mgz --min -1 --o ./tmp.mri_nu_correct.mni.2250829/ones.mgz

7.3.2
cwd /out/sourcedata/freesurfer/sub-v1s12x0050113_ses-1/mri
cmdline mri_binarize --i ./tmp.mri_nu_correct.mni.2250829/nu0.mgz --min -1 --o ./tmp.mri_nu_correct.mni.2250829/ones.mgz 
sysname  Linux
hostname dna070
machine  x86_64
user     oesteban

input      ./tmp.mri_nu_correct.mni.2250829/nu0.mgz
frame      0
nErode3d   0
nErode2d   0
output     ./tmp.mri_nu_correct.mni.2250829/ones.mgz
Binarizing based on threshold
min        -1
max        +infinity
binval        1
binvalnot     0
fstart = 0, fend = 0, nframes = 1
Starting parallel 1
Found 16777216 values in range
Counting number of voxels in first frame
Found 16777215 voxels in final mask
Writing output to ./tmp.mri_nu_correct.mni.2250829/ones.mgz
Count: 16777215 16777215.000000 16777216 99.999994
mri_binarize done
mri_segstats --id 1 --seg ./tmp.mri_nu_correct.mni.2250829/ones.mgz --i orig.mgz --sum ./tmp.mri_nu_correct.mni.2250829/sum.junk --avgwf ./tmp.mri_nu_correct.mni.2250829/input.mean.dat

7.3.2
cwd 
cmdline mri_segstats --id 1 --seg ./tmp.mri_nu_correct.mni.2250829/ones.mgz --i orig.mgz --sum ./tmp.mri_nu_correct.mni.2250829/sum.junk --avgwf ./tmp.mri_nu_correct.mni.2250829/input.mean.dat 
sysname  Linux
hostname dna070
machine  x86_64
user     oesteban
whitesurfname  white
UseRobust  0
Loading ./tmp.mri_nu_correct.mni.2250829/ones.mgz
Loading orig.mgz
Voxel Volume is 1 mm^3
Generating list of segmentation ids
Found   1 segmentations
Computing statistics for each segmentation

Reporting on   1 segmentations
Using PrintSegStat
Computing spatial average of each frame

Writing to ./tmp.mri_nu_correct.mni.2250829/input.mean.dat
mri_segstats done
mri_segstats --id 1 --seg ./tmp.mri_nu_correct.mni.2250829/ones.mgz --i ./tmp.mri_nu_correct.mni.2250829/nu0.mgz --sum ./tmp.mri_nu_correct.mni.2250829/sum.junk --avgwf ./tmp.mri_nu_correct.mni.2250829/output.mean.dat

7.3.2
cwd 
cmdline mri_segstats --id 1 --seg ./tmp.mri_nu_correct.mni.2250829/ones.mgz --i ./tmp.mri_nu_correct.mni.2250829/nu0.mgz --sum ./tmp.mri_nu_correct.mni.2250829/sum.junk --avgwf ./tmp.mri_nu_correct.mni.2250829/output.mean.dat 
sysname  Linux
hostname dna070
machine  x86_64
user     oesteban
whitesurfname  white
UseRobust  0
Loading ./tmp.mri_nu_correct.mni.2250829/ones.mgz
Loading ./tmp.mri_nu_correct.mni.2250829/nu0.mgz
Voxel Volume is 1 mm^3
Generating list of segmentation ids
Found   1 segmentations
Computing statistics for each segmentation

Reporting on   1 segmentations
Using PrintSegStat
Computing spatial average of each frame

Writing to ./tmp.mri_nu_correct.mni.2250829/output.mean.dat
mri_segstats done
mris_calc -o ./tmp.mri_nu_correct.mni.2250829/nu0.mgz ./tmp.mri_nu_correct.mni.2250829/nu0.mgz mul 1.15890838961782688517
Saving result to './tmp.mri_nu_correct.mni.2250829/nu0.mgz' (type = MGH )                       [ ok ]
mri_convert ./tmp.mri_nu_correct.mni.2250829/nu0.mgz nu.mgz --like orig.mgz
mri_convert ./tmp.mri_nu_correct.mni.2250829/nu0.mgz nu.mgz --like orig.mgz 
reading from ./tmp.mri_nu_correct.mni.2250829/nu0.mgz...
TR=0.00, TE=0.00, TI=0.00, flip angle=0.00
i_ras = (-1, 0, 0)
j_ras = (0, 0, -1)
k_ras = (0, 1, 0)
INFO: transform src into the like-volume: orig.mgz
writing to nu.mgz...
mri_make_uchar nu.mgz transforms/talairach.xfm nu.mgz
type change took 0 minutes and 3 seconds.
FIRST_PERCENTILE 0.010000
WM_PERCENTILE    0.900000
MAX_R 50.000000
i1 = 6, i2 = 52
#mri_make_uchar# mapping 15 134 to  3 110  :  b -11.4652 m 0.906867 : thresh 12.6427 maxsat 293.831 : nzero 14252316 nsat 0
 
 
Sat Apr  4 11:39:30 CEST 2026
mri_nu_correct.mni done

 mri_add_xform_to_header -c /out/sourcedata/freesurfer/sub-v1s12x0050113_ses-1/mri/transforms/talairach.xfm nu.mgz nu.mgz 

INFO: extension is mgz
#--------------------------------------------
#@# Intensity Normalization Sat Apr  4 11:39:31 CEST 2026
/out/sourcedata/freesurfer/sub-v1s12x0050113_ses-1/mri

 mri_normalize -g 1 -seed 1234 -mprage nu.mgz T1.mgz 

using max gradient = 1.000
setting seed for random number genererator to 1234
assuming input volume is MGH (Van der Kouwe) MP-RAGE
reading mri_src from nu.mgz...
normalizing image...
NOT doing gentle normalization with control points/label
talairach transform
 1.13006  -0.03769   0.00432   2.21841;
 0.03655   0.97101   0.38721  -8.12811;
-0.04265  -0.22408   1.17900   24.51816;
 0.00000   0.00000   0.00000   1.00000;
processing without aseg, no1d=0
MRInormInit(): 
INFO: Modifying talairach volume c_(r,a,s) based on average_305
MRInormalize(): 
MRIsplineNormalize(): npeaks = 20
Starting OpenSpline(): npoints = 20
building Voronoi diagram...
performing soap bubble smoothing, sigma = 8...

Iterating 2 times
---------------------------------
3d normalization pass 1 of 2
white matter peak found at 110
white matter peak found at 110
gm peak at 65 (65), valley at 49 (49)
csf peak at 32, setting threshold to 54
building Voronoi diagram...
performing soap bubble smoothing, sigma = 8...
---------------------------------
3d normalization pass 2 of 2
white matter peak found at 110
white matter peak found at 110
gm peak at 68 (68), valley at 51 (51)
csf peak at 35, setting threshold to 57
building Voronoi diagram...
performing soap bubble smoothing, sigma = 8...
Done iterating ---------------------------------
writing output to T1.mgz
3D bias adjustment took 0 minutes and 55 seconds.

Started at Sat Apr 4 11:33:48 CEST 2026 
Ended   at Sat Apr 4 11:40:26 CEST 2026
#@#%# recon-all-run-time-hours 0.111
recon-all -s sub-v1s12x0050113_ses-1 finished without error at Sat Apr  4 11:40:26 CEST 2026



#New# invocation of recon-all 




Sat Apr  4 11:46:00 CEST 2026
cd /out/sourcedata/freesurfer/sub-v1s12x0050113_ses-1
setenv SUBJECTS_DIR /out/sourcedata/freesurfer
/opt/freesurfer/bin/recon-all -openmp 16 -subjid sub-v1s12x0050113_ses-1 -sd /out/sourcedata/freesurfer -gcareg

subjid sub-v1s12x0050113_ses-1
setenv SUBJECTS_DIR /out/sourcedata/freesurfer
FREESURFER_HOME /opt/freesurfer
Actual FREESURFER_HOME /opt/freesurfer
build-stamp.txt: freesurfer-linux-ubuntu22_x86_64-7.3.2-20220804-6354275
Linux dna070 5.14.0-427.37.1.el9_4.x86_64 #1 SMP PREEMPT_DYNAMIC Fri Sep 13 12:41:50 EDT 2024 x86_64 x86_64 x86_64 GNU/Linux
cputime      unlimited
filesize     unlimited
datasize     unlimited
stacksize    8192 kbytes
coredumpsize 0 kbytes
memoryuse    67108864 kbytes
vmemoryuse   unlimited
descriptors  1024 
memorylocked unlimited
maxproc      2061970 
maxlocks     unlimited
maxsignal    2062029 
maxmessage   819200 
maxnice      0 
maxrtprio    0 
maxrttime    unlimited

               total        used        free      shared  buff/cache   available
Mem:           503Gi        48Gi       283Gi        16Gi       171Gi       435Gi
Swap:             0B          0B          0B

########################################
program versions used
7.3.2 (freesurfer-linux-ubuntu22_x86_64-7.3.2-20220804-6354275)
7.3.2

ProgramName: lta_convert  ProgramArguments: lta_convert -all-info  ProgramVersion: 7.3.2  TimeStamp: 2026/04/04-09:46:00-GMT  BuildTime: Aug  4 2022 06:17:15  BuildStamp: freesurfer-linux-ubuntu22_x86_64-7.3.2-20220804-6354275  User: oesteban  Machine: dna070  Platform: Linux  PlatformVersion: 5.14.0-427.37.1.el9_4.x86_64  CompilerName: GCC  CompilerVersion: 8.4.0
ProgramName: mri_and  ProgramArguments: mri_and -all-info  ProgramVersion: 7.3.2  TimeStamp: 2026/04/04-09:46:00-GMT  BuildTime: Aug  4 2022 06:17:15  BuildStamp: freesurfer-linux-ubuntu22_x86_64-7.3.2-20220804-6354275  User: oesteban  Machine: dna070  Platform: Linux  PlatformVersion: 5.14.0-427.37.1.el9_4.x86_64  CompilerName: GCC  CompilerVersion: 8.4.0
ProgramName: mri_annotation2label  ProgramArguments: mri_annotation2label -all-info  ProgramVersion: 7.3.2  TimeStamp: 2026/04/04-09:46:00-GMT  BuildTime: Aug  4 2022 06:17:15  BuildStamp: freesurfer-linux-ubuntu22_x86_64-7.3.2-20220804-6354275  User: oesteban  Machine: dna070  Platform: Linux  PlatformVersion: 5.14.0-427.37.1.el9_4.x86_64  CompilerName: GCC  CompilerVersion: 8.4.0
ProgramName: mri_aparc2aseg  ProgramArguments: mri_aparc2aseg -all-info  ProgramVersion: 7.3.2  TimeStamp: 2026/04/04-09:46:00-GMT  BuildTime: Aug  4 2022 06:17:15  BuildStamp: freesurfer-linux-ubuntu22_x86_64-7.3.2-20220804-6354275  User: oesteban  Machine: dna070  Platform: Linux  PlatformVersion: 5.14.0-427.37.1.el9_4.x86_64  CompilerName: GCC  CompilerVersion: 8.4.0
ProgramName: mri_surf2volseg  ProgramArguments: mri_surf2volseg -all-info  ProgramVersion: 7.3.2  TimeStamp: 2026/04/04-09:46:00-GMT  BuildTime: Aug  4 2022 06:17:15  BuildStamp: freesurfer-linux-ubuntu22_x86_64-7.3.2-20220804-6354275  User: oesteban  Machine: dna070  Platform: Linux  PlatformVersion: 5.14.0-427.37.1.el9_4.x86_64  CompilerName: GCC  CompilerVersion: 8.4.0
ProgramName: mri_binarize  ProgramArguments: mri_binarize -all-info  ProgramVersion: 7.3.2  TimeStamp: 2026/04/04-09:46:00-GMT  BuildTime: Aug  4 2022 06:17:15  BuildStamp: freesurfer-linux-ubuntu22_x86_64-7.3.2-20220804-6354275  User: oesteban  Machine: dna070  Platform: Linux  PlatformVersion: 5.14.0-427.37.1.el9_4.x86_64  CompilerName: GCC  CompilerVersion: 8.4.0
ProgramName: mri_ca_label  ProgramArguments: mri_ca_label -all-info  ProgramVersion: 7.3.2  TimeStamp: 2026/04/04-09:46:00-GMT  BuildTime: Aug  4 2022 06:17:15  BuildStamp: freesurfer-linux-ubuntu22_x86_64-7.3.2-20220804-6354275  User: oesteban  Machine: dna070  Platform: Linux  PlatformVersion: 5.14.0-427.37.1.el9_4.x86_64  CompilerName: GCC  CompilerVersion: 8.4.0
ProgramName: mri_ca_normalize  ProgramArguments: mri_ca_normalize -all-info  ProgramVersion: 7.3.2  TimeStamp: 2026/04/04-09:46:00-GMT  BuildTime: Aug  4 2022 06:17:15  BuildStamp: freesurfer-linux-ubuntu22_x86_64-7.3.2-20220804-6354275  User: oesteban  Machine: dna070  Platform: Linux  PlatformVersion: 5.14.0-427.37.1.el9_4.x86_64  CompilerName: GCC  CompilerVersion: 8.4.0
ProgramName: mri_ca_register  ProgramArguments: mri_ca_register -all-info  ProgramVersion: 7.3.2  TimeStamp: 2026/04/04-09:46:00-GMT  BuildTime: Aug  4 2022 06:17:15  BuildStamp: freesurfer-linux-ubuntu22_x86_64-7.3.2-20220804-6354275  User: oesteban  Machine: dna070  Platform: Linux  PlatformVersion: 5.14.0-427.37.1.el9_4.x86_64  CompilerName: GCC  CompilerVersion: 8.4.0
ProgramName: mri_cc  ProgramArguments: mri_cc -all-info  ProgramVersion: 7.3.2  TimeStamp: 2026/04/04-09:46:00-GMT  BuildTime: Aug  4 2022 06:17:15  BuildStamp: freesurfer-linux-ubuntu22_x86_64-7.3.2-20220804-6354275  User: oesteban  Machine: dna070  Platform: Linux  PlatformVersion: 5.14.0-427.37.1.el9_4.x86_64  CompilerName: GCC  CompilerVersion: 8.4.0
ProgramName: mri_compute_overlap  ProgramArguments: mri_compute_overlap -all-info  ProgramVersion: 7.3.2  TimeStamp: 2026/04/04-09:46:00-GMT  BuildTime: Aug  4 2022 06:17:15  BuildStamp: freesurfer-linux-ubuntu22_x86_64-7.3.2-20220804-6354275  User: oesteban  Machine: dna070  Platform: Linux  PlatformVersion: 5.14.0-427.37.1.el9_4.x86_64  CompilerName: GCC  CompilerVersion: 8.4.0
ProgramName: mri_compute_seg_overlap  ProgramArguments: mri_compute_seg_overlap -all-info  ProgramVersion: 7.3.2  TimeStamp: 2026/04/04-09:46:00-GMT  BuildTime: Aug  4 2022 06:17:15  BuildStamp: freesurfer-linux-ubuntu22_x86_64-7.3.2-20220804-6354275  User: oesteban  Machine: dna070  Platform: Linux  PlatformVersion: 5.14.0-427.37.1.el9_4.x86_64  CompilerName: GCC  CompilerVersion: 8.4.0
ProgramName: mri_concat  ProgramArguments: mri_concat -all-info  ProgramVersion: 7.3.2  TimeStamp: 2026/04/04-09:46:00-GMT  BuildTime: Aug  4 2022 06:17:15  BuildStamp: freesurfer-linux-ubuntu22_x86_64-7.3.2-20220804-6354275  User: oesteban  Machine: dna070  Platform: Linux  PlatformVersion: 5.14.0-427.37.1.el9_4.x86_64  CompilerName: GCC  CompilerVersion: 8.4.0
ProgramName: mri_concatenate_lta  ProgramArguments: mri_concatenate_lta -all-info  ProgramVersion: 7.3.2  TimeStamp: 2026/04/04-09:46:00-GMT  BuildTime: Aug  4 2022 06:17:15  BuildStamp: freesurfer-linux-ubuntu22_x86_64-7.3.2-20220804-6354275  User: oesteban  Machine: dna070  Platform: Linux  PlatformVersion: 5.14.0-427.37.1.el9_4.x86_64  CompilerName: GCC  CompilerVersion: 8.4.0
mri_convert -all-info 
ProgramName: mri_convert  ProgramArguments: mri_convert -all-info  ProgramVersion: 7.3.2  TimeStamp: 2026/04/04-09:46:00-GMT  BuildTime: Aug  4 2022 06:17:15  BuildStamp: freesurfer-linux-ubuntu22_x86_64-7.3.2-20220804-6354275  User: oesteban  Machine: dna070  Platform: Linux  PlatformVersion: 5.14.0-427.37.1.el9_4.x86_64  CompilerName: GCC  CompilerVersion: 8.4.0
ProgramName: mri_diff  ProgramArguments: mri_diff -all-info  ProgramVersion: 7.3.2  TimeStamp: 2026/04/04-09:46:00-GMT  BuildTime: Aug  4 2022 06:17:15  BuildStamp: freesurfer-linux-ubuntu22_x86_64-7.3.2-20220804-6354275  User: oesteban  Machine: dna070  Platform: Linux  PlatformVersion: 5.14.0-427.37.1.el9_4.x86_64  CompilerName: GCC  CompilerVersion: 8.4.0
ProgramName: mri_edit_wm_with_aseg  ProgramArguments: mri_edit_wm_with_aseg -all-info  ProgramVersion: 7.3.2  TimeStamp: 2026/04/04-09:46:00-GMT  BuildTime: Aug  4 2022 06:17:15  BuildStamp: freesurfer-linux-ubuntu22_x86_64-7.3.2-20220804-6354275  User: oesteban  Machine: dna070  Platform: Linux  PlatformVersion: 5.14.0-427.37.1.el9_4.x86_64  CompilerName: GCC  CompilerVersion: 8.4.0
ProgramName: mri_em_register  ProgramArguments: mri_em_register -all-info  ProgramVersion: 7.3.2  TimeStamp: 2026/04/04-09:46:00-GMT  BuildTime: Aug  4 2022 06:17:15  BuildStamp: freesurfer-linux-ubuntu22_x86_64-7.3.2-20220804-6354275  User: oesteban  Machine: dna070  Platform: Linux  PlatformVersion: 5.14.0-427.37.1.el9_4.x86_64  CompilerName: GCC  CompilerVersion: 8.4.0
ProgramName: mri_fill  ProgramArguments: mri_fill -all-info  ProgramVersion: 7.3.2  TimeStamp: 2026/04/04-09:46:00-GMT  BuildTime: Aug  4 2022 06:17:15  BuildStamp: freesurfer-linux-ubuntu22_x86_64-7.3.2-20220804-6354275  User: oesteban  Machine: dna070  Platform: Linux  PlatformVersion: 5.14.0-427.37.1.el9_4.x86_64  CompilerName: GCC  CompilerVersion: 8.4.0
ProgramName: mri_fuse_segmentations  ProgramArguments: mri_fuse_segmentations -all-info  ProgramVersion: 7.3.2  TimeStamp: 2026/04/04-09:46:00-GMT  BuildTime: Aug  4 2022 06:17:15  BuildStamp: freesurfer-linux-ubuntu22_x86_64-7.3.2-20220804-6354275  User: oesteban  Machine: dna070  Platform: Linux  PlatformVersion: 5.14.0-427.37.1.el9_4.x86_64  CompilerName: GCC  CompilerVersion: 8.4.0
ProgramName: mri_fwhm  ProgramArguments: mri_fwhm -all-info  ProgramVersion: 7.3.2  TimeStamp: 2026/04/04-09:46:00-GMT  BuildTime: Aug  4 2022 06:17:15  BuildStamp: freesurfer-linux-ubuntu22_x86_64-7.3.2-20220804-6354275  User: oesteban  Machine: dna070  Platform: Linux  PlatformVersion: 5.14.0-427.37.1.el9_4.x86_64  CompilerName: GCC  CompilerVersion: 8.4.0
ProgramName: mri_gcut  ProgramArguments: mri_gcut -all-info  ProgramVersion: 7.3.2  TimeStamp: 2026/04/04-09:46:00-GMT  BuildTime: Aug  4 2022 06:17:15  BuildStamp: freesurfer-linux-ubuntu22_x86_64-7.3.2-20220804-6354275  User: oesteban  Machine: dna070  Platform: Linux  PlatformVersion: 5.14.0-427.37.1.el9_4.x86_64  CompilerName: GCC  CompilerVersion: 8.4.0
ProgramName: mri_info  ProgramArguments: mri_info -all-info  ProgramVersion: 7.3.2  TimeStamp: 2026/04/04-09:46:00-GMT  BuildTime: Aug  4 2022 06:17:15  BuildStamp: freesurfer-linux-ubuntu22_x86_64-7.3.2-20220804-6354275  User: oesteban  Machine: dna070  Platform: Linux  PlatformVersion: 5.14.0-427.37.1.el9_4.x86_64  CompilerName: GCC  CompilerVersion: 8.4.0
ProgramName: mri_label2label  ProgramArguments: mri_label2label -all-info  ProgramVersion: 7.3.2  TimeStamp: 2026/04/04-09:46:00-GMT  BuildTime: Aug  4 2022 06:17:15  BuildStamp: freesurfer-linux-ubuntu22_x86_64-7.3.2-20220804-6354275  User: oesteban  Machine: dna070  Platform: Linux  PlatformVersion: 5.14.0-427.37.1.el9_4.x86_64  CompilerName: GCC  CompilerVersion: 8.4.0
ProgramName: mri_label2vol  ProgramArguments: mri_label2vol -all-info  ProgramVersion: 7.3.2  TimeStamp: 2026/04/04-09:46:00-GMT  BuildTime: Aug  4 2022 06:17:15  BuildStamp: freesurfer-linux-ubuntu22_x86_64-7.3.2-20220804-6354275  User: oesteban  Machine: dna070  Platform: Linux  PlatformVersion: 5.14.0-427.37.1.el9_4.x86_64  CompilerName: GCC  CompilerVersion: 8.4.0
ProgramName: mri_log_likelihood  ProgramArguments: mri_log_likelihood -all-info  ProgramVersion: 7.3.2  TimeStamp: 2026/04/04-09:46:00-GMT  BuildTime: Aug  4 2022 06:17:15  BuildStamp: freesurfer-linux-ubuntu22_x86_64-7.3.2-20220804-6354275  User: oesteban  Machine: dna070  Platform: Linux  PlatformVersion: 5.14.0-427.37.1.el9_4.x86_64  CompilerName: GCC  CompilerVersion: 8.4.0
ProgramName: mri_mask  ProgramArguments: mri_mask -all-info  ProgramVersion: 7.3.2  TimeStamp: 2026/04/04-09:46:00-GMT  BuildTime: Aug  4 2022 06:17:15  BuildStamp: freesurfer-linux-ubuntu22_x86_64-7.3.2-20220804-6354275  User: oesteban  Machine: dna070  Platform: Linux  PlatformVersion: 5.14.0-427.37.1.el9_4.x86_64  CompilerName: GCC  CompilerVersion: 8.4.0
ProgramName: mri_matrix_multiply  ProgramArguments: mri_matrix_multiply -all-info  ProgramVersion: 7.3.2  TimeStamp: 2026/04/04-09:46:00-GMT  BuildTime: Aug  4 2022 06:17:15  BuildStamp: freesurfer-linux-ubuntu22_x86_64-7.3.2-20220804-6354275  User: oesteban  Machine: dna070  Platform: Linux  PlatformVersion: 5.14.0-427.37.1.el9_4.x86_64  CompilerName: GCC  CompilerVersion: 8.4.0
ProgramName: mri_normalize  ProgramArguments: mri_normalize -all-info  ProgramVersion: 7.3.2  TimeStamp: 2026/04/04-09:46:00-GMT  BuildTime: Aug  4 2022 06:17:15  BuildStamp: freesurfer-linux-ubuntu22_x86_64-7.3.2-20220804-6354275  User: oesteban  Machine: dna070  Platform: Linux  PlatformVersion: 5.14.0-427.37.1.el9_4.x86_64  CompilerName: GCC  CompilerVersion: 8.4.0
ProgramName: mri_normalize_tp2  ProgramArguments: mri_normalize_tp2 -all-info  ProgramVersion: 7.3.2  TimeStamp: 2026/04/04-09:46:00-GMT  BuildTime: Aug  4 2022 06:17:15  BuildStamp: freesurfer-linux-ubuntu22_x86_64-7.3.2-20220804-6354275  User: oesteban  Machine: dna070  Platform: Linux  PlatformVersion: 5.14.0-427.37.1.el9_4.x86_64  CompilerName: GCC  CompilerVersion: 8.4.0
ProgramName: mri_or  ProgramArguments: mri_or -all-info  ProgramVersion: 7.3.2  TimeStamp: 2026/04/04-09:46:00-GMT  BuildTime: Aug  4 2022 06:17:15  BuildStamp: freesurfer-linux-ubuntu22_x86_64-7.3.2-20220804-6354275  User: oesteban  Machine: dna070  Platform: Linux  PlatformVersion: 5.14.0-427.37.1.el9_4.x86_64  CompilerName: GCC  CompilerVersion: 8.4.0
ProgramName: mri_relabel_hypointensities  ProgramArguments: mri_relabel_hypointensities -all-info  ProgramVersion: 7.3.2  TimeStamp: 2026/04/04-09:46:00-GMT  BuildTime: Aug  4 2022 06:17:15  BuildStamp: freesurfer-linux-ubuntu22_x86_64-7.3.2-20220804-6354275  User: oesteban  Machine: dna070  Platform: Linux  PlatformVersion: 5.14.0-427.37.1.el9_4.x86_64  CompilerName: GCC  CompilerVersion: 8.4.0
ProgramName: mri_relabel_nonwm_hypos  ProgramArguments: mri_relabel_nonwm_hypos -all-info  ProgramVersion: 7.3.2  TimeStamp: 2026/04/04-09:46:00-GMT  BuildTime: Aug  4 2022 06:17:15  BuildStamp: freesurfer-linux-ubuntu22_x86_64-7.3.2-20220804-6354275  User: oesteban  Machine: dna070  Platform: Linux  PlatformVersion: 5.14.0-427.37.1.el9_4.x86_64  CompilerName: GCC  CompilerVersion: 8.4.0
ProgramName: mri_remove_neck  ProgramArguments: mri_remove_neck -all-info  ProgramVersion: 7.3.2  TimeStamp: 2026/04/04-09:46:00-GMT  BuildTime: Aug  4 2022 06:17:15  BuildStamp: freesurfer-linux-ubuntu22_x86_64-7.3.2-20220804-6354275  User: oesteban  Machine: dna070  Platform: Linux  PlatformVersion: 5.14.0-427.37.1.el9_4.x86_64  CompilerName: GCC  CompilerVersion: 8.4.0
7.3.2

ProgramName: mri_robust_register  ProgramArguments: mri_robust_register -all-info  ProgramVersion: 7.3.2  TimeStamp: 2026/04/04-09:46:00-GMT  BuildTime: Aug  4 2022 06:17:15  BuildStamp: freesurfer-linux-ubuntu22_x86_64-7.3.2-20220804-6354275  User: oesteban  Machine: dna070  Platform: Linux  PlatformVersion: 5.14.0-427.37.1.el9_4.x86_64  CompilerName: GCC  CompilerVersion: 8.4.0
7.3.2

ProgramName: mri_robust_template  ProgramArguments: mri_robust_template -all-info  ProgramVersion: 7.3.2  TimeStamp: 2026/04/04-09:46:00-GMT  BuildTime: Aug  4 2022 06:17:15  BuildStamp: freesurfer-linux-ubuntu22_x86_64-7.3.2-20220804-6354275  User: oesteban  Machine: dna070  Platform: Linux  PlatformVersion: 5.14.0-427.37.1.el9_4.x86_64  CompilerName: GCC  CompilerVersion: 8.4.0
ProgramName: mris_anatomical_stats  ProgramArguments: mris_anatomical_stats -all-info  ProgramVersion: 7.3.2  TimeStamp: 2026/04/04-09:46:00-GMT  BuildTime: Aug  4 2022 06:17:15  BuildStamp: freesurfer-linux-ubuntu22_x86_64-7.3.2-20220804-6354275  User: oesteban  Machine: dna070  Platform: Linux  PlatformVersion: 5.14.0-427.37.1.el9_4.x86_64  CompilerName: GCC  CompilerVersion: 8.4.0
ProgramName: mris_ca_label  ProgramArguments: mris_ca_label -all-info  ProgramVersion: 7.3.2  TimeStamp: 2026/04/04-09:46:00-GMT  BuildTime: Aug  4 2022 06:17:15  BuildStamp: freesurfer-linux-ubuntu22_x86_64-7.3.2-20220804-6354275  User: oesteban  Machine: dna070  Platform: Linux  PlatformVersion: 5.14.0-427.37.1.el9_4.x86_64  CompilerName: GCC  CompilerVersion: 8.4.0
ProgramName: mris_calc  ProgramArguments: mris_calc -all-info  ProgramVersion: 7.3.2  TimeStamp: 2026/04/04-09:46:00-GMT  BuildTime: Aug  4 2022 06:17:15  BuildStamp: freesurfer-linux-ubuntu22_x86_64-7.3.2-20220804-6354275  User: oesteban  Machine: dna070  Platform: Linux  PlatformVersion: 5.14.0-427.37.1.el9_4.x86_64  CompilerName: GCC  CompilerVersion: 8.4.0
ProgramName: mris_convert  ProgramArguments: mris_convert -all-info  ProgramVersion: 7.3.2  TimeStamp: 2026/04/04-09:46:00-GMT  BuildTime: Aug  4 2022 06:17:15  BuildStamp: freesurfer-linux-ubuntu22_x86_64-7.3.2-20220804-6354275  User: oesteban  Machine: dna070  Platform: Linux  PlatformVersion: 5.14.0-427.37.1.el9_4.x86_64  CompilerName: GCC  CompilerVersion: 8.4.0
ProgramName: mris_curvature  ProgramArguments: mris_curvature -all-info  ProgramVersion: 7.3.2  TimeStamp: 2026/04/04-09:46:00-GMT  BuildTime: Aug  4 2022 06:17:15  BuildStamp: freesurfer-linux-ubuntu22_x86_64-7.3.2-20220804-6354275  User: oesteban  Machine: dna070  Platform: Linux  PlatformVersion: 5.14.0-427.37.1.el9_4.x86_64  CompilerName: GCC  CompilerVersion: 8.4.0
ProgramName: mris_curvature_stats  ProgramArguments: mris_curvature_stats -all-info  ProgramVersion: 7.3.2  TimeStamp: 2026/04/04-09:46:00-GMT  BuildTime: Aug  4 2022 06:17:15  BuildStamp: freesurfer-linux-ubuntu22_x86_64-7.3.2-20220804-6354275  User: oesteban  Machine: dna070  Platform: Linux  PlatformVersion: 5.14.0-427.37.1.el9_4.x86_64  CompilerName: GCC  CompilerVersion: 8.4.0
ProgramName: mris_diff  ProgramArguments: mris_diff -all-info  ProgramVersion: 7.3.2  TimeStamp: 2026/04/04-09:46:00-GMT  BuildTime: Aug  4 2022 06:17:15  BuildStamp: freesurfer-linux-ubuntu22_x86_64-7.3.2-20220804-6354275  User: oesteban  Machine: dna070  Platform: Linux  PlatformVersion: 5.14.0-427.37.1.el9_4.x86_64  CompilerName: GCC  CompilerVersion: 8.4.0
ProgramName: mris_divide_parcellation  ProgramArguments: mris_divide_parcellation -all-info  ProgramVersion: 7.3.2  TimeStamp: 2026/04/04-09:46:00-GMT  BuildTime: Aug  4 2022 06:17:15  BuildStamp: freesurfer-linux-ubuntu22_x86_64-7.3.2-20220804-6354275  User: oesteban  Machine: dna070  Platform: Linux  PlatformVersion: 5.14.0-427.37.1.el9_4.x86_64  CompilerName: GCC  CompilerVersion: 8.4.0
ProgramName: mri_segment  ProgramArguments: mri_segment -all-info  ProgramVersion: 7.3.2  TimeStamp: 2026/04/04-09:46:00-GMT  BuildTime: Aug  4 2022 06:17:15  BuildStamp: freesurfer-linux-ubuntu22_x86_64-7.3.2-20220804-6354275  User: oesteban  Machine: dna070  Platform: Linux  PlatformVersion: 5.14.0-427.37.1.el9_4.x86_64  CompilerName: GCC  CompilerVersion: 8.4.0
ProgramName: mri_segstats  ProgramArguments: mri_segstats -all-info  ProgramVersion: 7.3.2  TimeStamp: 2026/04/04-09:46:00-GMT  BuildTime: Aug  4 2022 06:17:15  BuildStamp: freesurfer-linux-ubuntu22_x86_64-7.3.2-20220804-6354275  User: oesteban  Machine: dna070  Platform: Linux  PlatformVersion: 5.14.0-427.37.1.el9_4.x86_64  CompilerName: GCC  CompilerVersion: 8.4.0
ProgramName: mris_euler_number  ProgramArguments: mris_euler_number -all-info  ProgramVersion: 7.3.2  TimeStamp: 2026/04/04-09:46:00-GMT  BuildTime: Aug  4 2022 06:17:15  BuildStamp: freesurfer-linux-ubuntu22_x86_64-7.3.2-20220804-6354275  User: oesteban  Machine: dna070  Platform: Linux  PlatformVersion: 5.14.0-427.37.1.el9_4.x86_64  CompilerName: GCC  CompilerVersion: 8.4.0
ProgramName: mris_fix_topology  ProgramArguments: mris_fix_topology -all-info  ProgramVersion: 7.3.2  TimeStamp: 2026/04/04-09:46:00-GMT  BuildTime: Aug  4 2022 06:17:15  BuildStamp: freesurfer-linux-ubuntu22_x86_64-7.3.2-20220804-6354275  User: oesteban  Machine: dna070  Platform: Linux  PlatformVersion: 5.14.0-427.37.1.el9_4.x86_64  CompilerName: GCC  CompilerVersion: 8.4.0
ProgramName: mris_topo_fixer  ProgramArguments: mris_topo_fixer -all-info  ProgramVersion: 7.3.2  TimeStamp: 2026/04/04-09:46:00-GMT  BuildTime: Aug  4 2022 06:17:15  BuildStamp: freesurfer-linux-ubuntu22_x86_64-7.3.2-20220804-6354275  User: oesteban  Machine: dna070  Platform: Linux  PlatformVersion: 5.14.0-427.37.1.el9_4.x86_64  CompilerName: GCC  CompilerVersion: 8.4.0
ProgramName: mris_jacobian  ProgramArguments: mris_jacobian -all-info  ProgramVersion: 7.3.2  TimeStamp: 2026/04/04-09:46:00-GMT  BuildTime: Aug  4 2022 06:17:15  BuildStamp: freesurfer-linux-ubuntu22_x86_64-7.3.2-20220804-6354275  User: oesteban  Machine: dna070  Platform: Linux  PlatformVersion: 5.14.0-427.37.1.el9_4.x86_64  CompilerName: GCC  CompilerVersion: 8.4.0
ProgramName: mris_label2annot  ProgramArguments: mris_label2annot -all-info  ProgramVersion: 7.3.2  TimeStamp: 2026/04/04-09:46:00-GMT  BuildTime: Aug  4 2022 06:17:15  BuildStamp: freesurfer-linux-ubuntu22_x86_64-7.3.2-20220804-6354275  User: oesteban  Machine: dna070  Platform: Linux  PlatformVersion: 5.14.0-427.37.1.el9_4.x86_64  CompilerName: GCC  CompilerVersion: 8.4.0
ProgramName: mris_left_right_register  ProgramArguments: mris_left_right_register -all-info  ProgramVersion: 7.3.2  TimeStamp: 2026/04/04-09:46:00-GMT  BuildTime: Aug  4 2022 06:17:15  BuildStamp: freesurfer-linux-ubuntu22_x86_64-7.3.2-20220804-6354275  User: oesteban  Machine: dna070  Platform: Linux  PlatformVersion: 5.14.0-427.37.1.el9_4.x86_64  CompilerName: GCC  CompilerVersion: 8.4.0
ProgramName: mris_place_surface  ProgramArguments: mris_place_surface -all-info  ProgramVersion: 7.3.2  TimeStamp: 2026/04/04-09:46:00-GMT  BuildTime: Aug  4 2022 06:17:15  BuildStamp: freesurfer-linux-ubuntu22_x86_64-7.3.2-20220804-6354275  User: oesteban  Machine: dna070  Platform: Linux  PlatformVersion: 5.14.0-427.37.1.el9_4.x86_64  CompilerName: GCC  CompilerVersion: 8.4.0
ProgramName: mrisp_paint  ProgramArguments: mrisp_paint -all-info  ProgramVersion: 7.3.2  TimeStamp: 2026/04/04-09:46:00-GMT  BuildTime: Aug  4 2022 06:17:15  BuildStamp: freesurfer-linux-ubuntu22_x86_64-7.3.2-20220804-6354275  User: oesteban  Machine: dna070  Platform: Linux  PlatformVersion: 5.14.0-427.37.1.el9_4.x86_64  CompilerName: GCC  CompilerVersion: 8.4.0
ProgramName: mris_register  ProgramArguments: mris_register -all-info  ProgramVersion: 7.3.2  TimeStamp: 2026/04/04-09:46:00-GMT  BuildTime: Aug  4 2022 06:17:15  BuildStamp: freesurfer-linux-ubuntu22_x86_64-7.3.2-20220804-6354275  User: oesteban  Machine: dna070  Platform: Linux  PlatformVersion: 5.14.0-427.37.1.el9_4.x86_64  CompilerName: GCC  CompilerVersion: 8.4.0
ProgramName: mris_smooth  ProgramArguments: mris_smooth -all-info  ProgramVersion: 7.3.2  TimeStamp: 2026/04/04-09:46:00-GMT  BuildTime: Aug  4 2022 06:17:15  BuildStamp: freesurfer-linux-ubuntu22_x86_64-7.3.2-20220804-6354275  User: oesteban  Machine: dna070  Platform: Linux  PlatformVersion: 5.14.0-427.37.1.el9_4.x86_64  CompilerName: GCC  CompilerVersion: 8.4.0
ProgramName: mris_sphere  ProgramArguments: mris_sphere -all-info  ProgramVersion: 7.3.2  TimeStamp: 2026/04/04-09:46:00-GMT  BuildTime: Aug  4 2022 06:17:15  BuildStamp: freesurfer-linux-ubuntu22_x86_64-7.3.2-20220804-6354275  User: oesteban  Machine: dna070  Platform: Linux  PlatformVersion: 5.14.0-427.37.1.el9_4.x86_64  CompilerName: GCC  CompilerVersion: 8.4.0
ProgramName: mris_surface_stats  ProgramArguments: mris_surface_stats -all-info  ProgramVersion: 7.3.2  TimeStamp: 2026/04/04-09:46:00-GMT  BuildTime: Aug  4 2022 06:17:15  BuildStamp: freesurfer-linux-ubuntu22_x86_64-7.3.2-20220804-6354275  User: oesteban  Machine: dna070  Platform: Linux  PlatformVersion: 5.14.0-427.37.1.el9_4.x86_64  CompilerName: GCC  CompilerVersion: 8.4.0
ProgramName: mri_stats2seg  ProgramArguments: mri_stats2seg -all-info  ProgramVersion: 7.3.2  TimeStamp: 2026/04/04-09:46:00-GMT  BuildTime: Aug  4 2022 06:17:15  BuildStamp: freesurfer-linux-ubuntu22_x86_64-7.3.2-20220804-6354275  User: oesteban  Machine: dna070  Platform: Linux  PlatformVersion: 5.14.0-427.37.1.el9_4.x86_64  CompilerName: GCC  CompilerVersion: 8.4.0
ProgramName: mris_thickness  ProgramArguments: mris_thickness -all-info  ProgramVersion: 7.3.2  TimeStamp: 2026/04/04-09:46:00-GMT  BuildTime: Aug  4 2022 06:17:15  BuildStamp: freesurfer-linux-ubuntu22_x86_64-7.3.2-20220804-6354275  User: oesteban  Machine: dna070  Platform: Linux  PlatformVersion: 5.14.0-427.37.1.el9_4.x86_64  CompilerName: GCC  CompilerVersion: 8.4.0
ProgramName: mris_thickness_diff  ProgramArguments: mris_thickness_diff -all-info  ProgramVersion: 7.3.2  TimeStamp: 2026/04/04-09:46:00-GMT  BuildTime: Aug  4 2022 06:17:15  BuildStamp: freesurfer-linux-ubuntu22_x86_64-7.3.2-20220804-6354275  User: oesteban  Machine: dna070  Platform: Linux  PlatformVersion: 5.14.0-427.37.1.el9_4.x86_64  CompilerName: GCC  CompilerVersion: 8.4.0
ProgramName: mris_topo_fixer  ProgramArguments: mris_topo_fixer -all-info  ProgramVersion: 7.3.2  TimeStamp: 2026/04/04-09:46:00-GMT  BuildTime: Aug  4 2022 06:17:15  BuildStamp: freesurfer-linux-ubuntu22_x86_64-7.3.2-20220804-6354275  User: oesteban  Machine: dna070  Platform: Linux  PlatformVersion: 5.14.0-427.37.1.el9_4.x86_64  CompilerName: GCC  CompilerVersion: 8.4.0
ProgramName: mri_surf2surf  ProgramArguments: mri_surf2surf -all-info  ProgramVersion: 7.3.2  TimeStamp: 2026/04/04-09:46:00-GMT  BuildTime: Aug  4 2022 06:17:15  BuildStamp: freesurfer-linux-ubuntu22_x86_64-7.3.2-20220804-6354275  User: oesteban  Machine: dna070  Platform: Linux  PlatformVersion: 5.14.0-427.37.1.el9_4.x86_64  CompilerName: GCC  CompilerVersion: 8.4.0
ProgramName: mri_surf2vol  ProgramArguments: mri_surf2vol -all-info  ProgramVersion: 7.3.2  TimeStamp: 2026/04/04-09:46:00-GMT  BuildTime: Aug  4 2022 06:17:15  BuildStamp: freesurfer-linux-ubuntu22_x86_64-7.3.2-20220804-6354275  User: oesteban  Machine: dna070  Platform: Linux  PlatformVersion: 5.14.0-427.37.1.el9_4.x86_64  CompilerName: GCC  CompilerVersion: 8.4.0
ProgramName: mri_surfcluster  ProgramArguments: mri_surfcluster -all-info  ProgramVersion: 7.3.2  TimeStamp: 2026/04/04-09:46:00-GMT  BuildTime: Aug  4 2022 06:17:15  BuildStamp: freesurfer-linux-ubuntu22_x86_64-7.3.2-20220804-6354275  User: oesteban  Machine: dna070  Platform: Linux  PlatformVersion: 5.14.0-427.37.1.el9_4.x86_64  CompilerName: GCC  CompilerVersion: 8.4.0
ProgramName: mris_volmask  ProgramArguments: mris_volmask -all-info  ProgramVersion: 7.3.2  TimeStamp: 2026/04/04-09:46:00-GMT  BuildTime: Aug  4 2022 06:17:15  BuildStamp: freesurfer-linux-ubuntu22_x86_64-7.3.2-20220804-6354275  User: oesteban  Machine: dna070  Platform: Linux  PlatformVersion: 5.14.0-427.37.1.el9_4.x86_64  CompilerName: GCC  CompilerVersion: 8.4.0
ProgramName: mri_tessellate  ProgramArguments: mri_tessellate -all-info  ProgramVersion: 7.3.2  TimeStamp: 2026/04/04-09:46:00-GMT  BuildTime: Aug  4 2022 06:17:15  BuildStamp: freesurfer-linux-ubuntu22_x86_64-7.3.2-20220804-6354275  User: oesteban  Machine: dna070  Platform: Linux  PlatformVersion: 5.14.0-427.37.1.el9_4.x86_64  CompilerName: GCC  CompilerVersion: 8.4.0
ProgramName: mri_vol2surf  ProgramArguments: mri_vol2surf -all-info  ProgramVersion: 7.3.2  TimeStamp: 2026/04/04-09:46:00-GMT  BuildTime: Aug  4 2022 06:17:15  BuildStamp: freesurfer-linux-ubuntu22_x86_64-7.3.2-20220804-6354275  User: oesteban  Machine: dna070  Platform: Linux  PlatformVersion: 5.14.0-427.37.1.el9_4.x86_64  CompilerName: GCC  CompilerVersion: 8.4.0
ProgramName: mri_vol2vol  ProgramArguments: mri_vol2vol -all-info  ProgramVersion: 7.3.2  TimeStamp: 2026/04/04-09:46:00-GMT  BuildTime: Aug  4 2022 06:17:15  BuildStamp: freesurfer-linux-ubuntu22_x86_64-7.3.2-20220804-6354275  User: oesteban  Machine: dna070  Platform: Linux  PlatformVersion: 5.14.0-427.37.1.el9_4.x86_64  CompilerName: GCC  CompilerVersion: 8.4.0
ProgramName: mri_voldiff  ProgramArguments: mri_voldiff -all-info  ProgramVersion: 7.3.2  TimeStamp: 2026/04/04-09:46:00-GMT  BuildTime: Aug  4 2022 06:17:15  BuildStamp: freesurfer-linux-ubuntu22_x86_64-7.3.2-20220804-6354275  User: oesteban  Machine: dna070  Platform: Linux  PlatformVersion: 5.14.0-427.37.1.el9_4.x86_64  CompilerName: GCC  CompilerVersion: 8.4.0
ProgramName: mri_watershed  ProgramArguments: mri_watershed -all-info  ProgramVersion: 7.3.2  TimeStamp: 2026/04/04-09:46:00-GMT  BuildTime: Aug  4 2022 06:17:15  BuildStamp: freesurfer-linux-ubuntu22_x86_64-7.3.2-20220804-6354275  User: oesteban  Machine: dna070  Platform: Linux  PlatformVersion: 5.14.0-427.37.1.el9_4.x86_64  CompilerName: GCC  CompilerVersion: 8.4.0
ProgramName: tkregister2  ProgramArguments: tkregister2_cmdl -all-info  ProgramVersion: 7.3.2  TimeStamp: 2026/04/04-09:46:00-GMT  BuildTime: Aug  4 2022 06:17:15  BuildStamp: freesurfer-linux-ubuntu22_x86_64-7.3.2-20220804-6354275  User: oesteban  Machine: dna070  Platform: Linux  PlatformVersion: 5.14.0-427.37.1.el9_4.x86_64  CompilerName: GCC  CompilerVersion: 8.4.0
mri_motion_correct.fsl 7.3.2
mri_convert -all-info 
ProgramName: mri_convert  ProgramArguments: mri_convert -all-info  ProgramVersion: 7.3.2  TimeStamp: 2026/04/04-09:46:00-GMT  BuildTime: Aug  4 2022 06:17:15  BuildStamp: freesurfer-linux-ubuntu22_x86_64-7.3.2-20220804-6354275  User: oesteban  Machine: dna070  Platform: Linux  PlatformVersion: 5.14.0-427.37.1.el9_4.x86_64  CompilerName: GCC  CompilerVersion: 8.4.0
Program nu_correct, built from:
Package MNI N3, version 1.12.0, compiled by nicks@terrier (x86_64-unknown-linux-gnu) on 2015-06-19 at 01:25:34
#######################################
GCADIR /opt/freesurfer/average
GCA RB_all_2020-01-02.gca
GCASkull RB_all_withskull_2020_01_02.gca
AvgCurvTif folding.atlas.acfb40.noaparc.i12.2016-08-02.tif
GCSDIR /opt/freesurfer/average
GCS DKaparc.atlas.acfb40.noaparc.i12.2016-08-02.gcs
#######################################
#-------------------------------------
#@# EM Registration Sat Apr  4 11:46:00 CEST 2026
/out/sourcedata/freesurfer/sub-v1s12x0050113_ses-1/mri

 mri_em_register -uns 3 -mask brainmask.mgz nu.mgz /opt/freesurfer/average/RB_all_2020-01-02.gca transforms/talairach.lta 

setting unknown_nbr_spacing = 3
using MR volume brainmask.mgz to mask input volume...

== Number of threads available to mri_em_register for OpenMP = 16 == 
reading 1 input volumes...
logging results to talairach.log
reading '/opt/freesurfer/average/RB_all_2020-01-02.gca'...
GCAread took 0 minutes and 1 seconds.
average std = 7.2   using min determinant for regularization = 5.2
0 singular and 884 ill-conditioned covariance matrices regularized
reading 'nu.mgz'...
MRImask(): AllowDiffGeom = 1
MRImask(): AllowDiffGeom = 1
MRImask(): AllowDiffGeom = 1
MRImask(): AllowDiffGeom = 1
MRImask(): AllowDiffGeom = 1
freeing gibbs priors...done.
accounting for voxel sizes in initial transform
bounding unknown intensity as < 5.9 or > 519.0 
total sample mean = 79.1 (1017 zeros)
************************************************
spacing=8, using 2841 sample points, tol=1.00e-05...
************************************************
register_mri: find_optimal_transform
find_optimal_transform: nsamples 2841, passno 0, spacing 8
resetting wm mean[0]: 98 --> 107
resetting gm mean[0]: 61 --> 61
input volume #1 is the most T1-like
using real data threshold=30.1
skull bounding box = (69, 70, 38) --> (193, 188, 196)
finding center of left hemi white matter
using (110, 109, 117) as brain centroid of Right_Cerebral_White_Matter...
MRImask(): AllowDiffGeom = 1
mean wm in atlas = 107, using box (95,95,98) --> (125, 123,136) to find MRI wm
before smoothing, mri peak at 107
robust fit to distribution - 107 +- 3.1
after smoothing, mri peak at 107, scaling input intensities by 1.000
scaling channel 0 by 1
initial log_p = -3.974
************************************************
First Search limited to translation only.
************************************************
max log p =    -3.954438 @ (-10.526, -10.526, -10.526)
max log p =    -3.843113 @ (5.263, 5.263, 5.263)
max log p =    -3.803105 @ (-2.632, -2.632, 2.632)
max log p =    -3.790655 @ (1.316, 1.316, -1.316)
max log p =    -3.779953 @ (0.658, -0.658, 0.658)
max log p =    -3.779953 @ (0.000, 0.000, 0.000)
max log p =    -3.779953 @ (0.000, 0.000, 0.000)
max log p =    -3.779953 @ (0.000, 0.000, 0.000)
Found translation: (-5.9, -7.2, -3.3): log p = -3.780
****************************************
Nine parameter search.  iteration 0 nscales = 0 ...
****************************************
Result so far: scale 1.000: max_log_p=-3.366, old_max_log_p =-3.780 (thresh=-3.8)
 1.15000   0.00000   0.00000  -25.82953;
 0.00000   1.19413   0.31997  -66.58255;
 0.00000  -0.25882   0.96593   33.16236;
 0.00000   0.00000   0.00000   1.00000;
iteration took 0 minutes and 9 seconds.
****************************************
Nine parameter search.  iteration 1 nscales = 0 ...
****************************************
Result so far: scale 1.000: max_log_p=-3.366, old_max_log_p =-3.366 (thresh=-3.4)
 1.15000   0.00000   0.00000  -25.82953;
 0.00000   1.19413   0.31997  -66.58255;
 0.00000  -0.25882   0.96593   33.16236;
 0.00000   0.00000   0.00000   1.00000;
reducing scale to 0.2500
iteration took 0 minutes and 9 seconds.
****************************************
Nine parameter search.  iteration 2 nscales = 1 ...
****************************************
Result so far: scale 0.250: max_log_p=-3.203, old_max_log_p =-3.366 (thresh=-3.4)
 1.10606   0.03138   0.03524  -26.04246;
-0.04421   1.24685   0.29530  -60.95819;
-0.03934  -0.22514   1.01246   28.94193;
 0.00000   0.00000   0.00000   1.00000;
iteration took 0 minutes and 10 seconds.
****************************************
Nine parameter search.  iteration 3 nscales = 1 ...
****************************************
Result so far: scale 0.250: max_log_p=-3.203, old_max_log_p =-3.203 (thresh=-3.2)
 1.10606   0.03138   0.03524  -26.04246;
-0.04421   1.24685   0.29530  -60.95819;
-0.03934  -0.22514   1.01246   28.94193;
 0.00000   0.00000   0.00000   1.00000;
reducing scale to 0.0625
iteration took 0 minutes and 9 seconds.
****************************************
Nine parameter search.  iteration 4 nscales = 2 ...
****************************************
Result so far: scale 0.062: max_log_p=-3.179, old_max_log_p =-3.203 (thresh=-3.2)
 1.10744   0.03871   0.05421  -29.65848;
-0.05200   1.25474   0.26189  -58.22705;
-0.05886  -0.18472   1.02087   25.12838;
 0.00000   0.00000   0.00000   1.00000;
iteration took 0 minutes and 9 seconds.
****************************************
Nine parameter search.  iteration 5 nscales = 2 ...
****************************************
Result so far: scale 0.062: max_log_p=-3.179, old_max_log_p =-3.179 (thresh=-3.2)
 1.10893   0.01668   0.05834  -28.03404;
-0.03385   1.25371   0.26257  -60.56290;
-0.06784  -0.18481   1.01919   26.50368;
 0.00000   0.00000   0.00000   1.00000;
min search scale 0.025000 reached
***********************************************
Computing MAP estimate using 2841 samples...
***********************************************
dt = 5.00e-06, momentum=0.80, tol=1.00e-05
l_intensity = 1.0000
Aligning input volume to GCA...
Transform matrix
 1.10893   0.01668   0.05834  -28.03404;
-0.03385   1.25371   0.26257  -60.56290;
-0.06784  -0.18481   1.01919   26.50368;
 0.00000   0.00000   0.00000   1.00000;
nsamples 2841
Quasinewton: input matrix
 1.10893   0.01668   0.05834  -28.03404;
-0.03385   1.25371   0.26257  -60.56290;
-0.06784  -0.18481   1.01919   26.50368;
 0.00000   0.00000   0.00000   1.00000;
 IFLAG= -1  LINE SEARCH FAILED. SEE DOCUMENTATION OF ROUTINE MCSRCH ERROR RETURN OF LINE SEARCH: INFO= 3 POSSIBLE CAUSES: FUNCTION OR GRADIENT ARE INCORRECT OR INCORRECT TOLERANCESoutof QuasiNewtonEMA: 008: -log(p) =   -0.0  tol 0.000010
Resulting transform:
 1.10893   0.01668   0.05834  -28.03404;
-0.03385   1.25371   0.26257  -60.56290;
-0.06784  -0.18481   1.01919   26.50368;
 0.00000   0.00000   0.00000   1.00000;

pass 1, spacing 8: log(p) = -3.179 (old=-3.974)
transform before final EM align:
 1.10893   0.01668   0.05834  -28.03404;
-0.03385   1.25371   0.26257  -60.56290;
-0.06784  -0.18481   1.01919   26.50368;
 0.00000   0.00000   0.00000   1.00000;

**************************************************
 EM alignment process ...
 Computing final MAP estimate using 315638 samples. 
**************************************************
dt = 5.00e-06, momentum=0.80, tol=1.00e-07
l_intensity = 1.0000
Aligning input volume to GCA...
Transform matrix
 1.10893   0.01668   0.05834  -28.03404;
-0.03385   1.25371   0.26257  -60.56290;
-0.06784  -0.18481   1.01919   26.50368;
 0.00000   0.00000   0.00000   1.00000;
nsamples 315638
Quasinewton: input matrix
 1.10893   0.01668   0.05834  -28.03404;
-0.03385   1.25371   0.26257  -60.56290;
-0.06784  -0.18481   1.01919   26.50368;
 0.00000   0.00000   0.00000   1.00000;
 IFLAG= -1  LINE SEARCH FAILED. SEE DOCUMENTATION OF ROUTINE MCSRCH ERROR RETURN OF LINE SEARCH: INFO= 6 POSSIBLE CAUSES: FUNCTION OR GRADIENT ARE INCORRECT OR INCORRECT TOLERANCESoutof QuasiNewtonEMA: 010: -log(p) =    3.8  tol 0.000000
final transform:
 1.10893   0.01668   0.05834  -28.03404;
-0.03385   1.25371   0.26257  -60.56290;
-0.06784  -0.18481   1.01919   26.50368;
 0.00000   0.00000   0.00000   1.00000;

writing output transformation to transforms/talairach.lta...
#VMPC# mri_em_register VmPeak  891280
FSRUNTIME@ mri_em_register  0.0224 hours 16 threads
registration took 1 minutes and 21 seconds.

Started at Sat Apr 4 11:46:00 CEST 2026 
Ended   at Sat Apr 4 11:47:21 CEST 2026
#@#%# recon-all-run-time-hours 0.023
recon-all -s sub-v1s12x0050113_ses-1 finished without error at Sat Apr  4 11:47:21 CEST 2026



#New# invocation of recon-all 




Sat Apr  4 11:47:24 CEST 2026
cd /out/sourcedata/freesurfer/sub-v1s12x0050113_ses-1
setenv SUBJECTS_DIR /out/sourcedata/freesurfer
/opt/freesurfer/bin/recon-all -autorecon2-volonly -openmp 16 -subjid sub-v1s12x0050113_ses-1 -sd /out/sourcedata/freesurfer -nogcareg

subjid sub-v1s12x0050113_ses-1
setenv SUBJECTS_DIR /out/sourcedata/freesurfer
FREESURFER_HOME /opt/freesurfer
Actual FREESURFER_HOME /opt/freesurfer
build-stamp.txt: freesurfer-linux-ubuntu22_x86_64-7.3.2-20220804-6354275
Linux dna070 5.14.0-427.37.1.el9_4.x86_64 #1 SMP PREEMPT_DYNAMIC Fri Sep 13 12:41:50 EDT 2024 x86_64 x86_64 x86_64 GNU/Linux
cputime      unlimited
filesize     unlimited
datasize     unlimited
stacksize    8192 kbytes
coredumpsize 0 kbytes
memoryuse    67108864 kbytes
vmemoryuse   unlimited
descriptors  1024 
memorylocked unlimited
maxproc      2061970 
maxlocks     unlimited
maxsignal    2062029 
maxmessage   819200 
maxnice      0 
maxrtprio    0 
maxrttime    unlimited

               total        used        free      shared  buff/cache   available
Mem:           503Gi        48Gi       283Gi        16Gi       171Gi       435Gi
Swap:             0B          0B          0B

########################################
program versions used
7.3.2 (freesurfer-linux-ubuntu22_x86_64-7.3.2-20220804-6354275)
7.3.2

ProgramName: lta_convert  ProgramArguments: lta_convert -all-info  ProgramVersion: 7.3.2  TimeStamp: 2026/04/04-09:47:24-GMT  BuildTime: Aug  4 2022 06:17:15  BuildStamp: freesurfer-linux-ubuntu22_x86_64-7.3.2-20220804-6354275  User: oesteban  Machine: dna070  Platform: Linux  PlatformVersion: 5.14.0-427.37.1.el9_4.x86_64  CompilerName: GCC  CompilerVersion: 8.4.0
ProgramName: mri_and  ProgramArguments: mri_and -all-info  ProgramVersion: 7.3.2  TimeStamp: 2026/04/04-09:47:24-GMT  BuildTime: Aug  4 2022 06:17:15  BuildStamp: freesurfer-linux-ubuntu22_x86_64-7.3.2-20220804-6354275  User: oesteban  Machine: dna070  Platform: Linux  PlatformVersion: 5.14.0-427.37.1.el9_4.x86_64  CompilerName: GCC  CompilerVersion: 8.4.0
ProgramName: mri_annotation2label  ProgramArguments: mri_annotation2label -all-info  ProgramVersion: 7.3.2  TimeStamp: 2026/04/04-09:47:24-GMT  BuildTime: Aug  4 2022 06:17:15  BuildStamp: freesurfer-linux-ubuntu22_x86_64-7.3.2-20220804-6354275  User: oesteban  Machine: dna070  Platform: Linux  PlatformVersion: 5.14.0-427.37.1.el9_4.x86_64  CompilerName: GCC  CompilerVersion: 8.4.0
ProgramName: mri_aparc2aseg  ProgramArguments: mri_aparc2aseg -all-info  ProgramVersion: 7.3.2  TimeStamp: 2026/04/04-09:47:25-GMT  BuildTime: Aug  4 2022 06:17:15  BuildStamp: freesurfer-linux-ubuntu22_x86_64-7.3.2-20220804-6354275  User: oesteban  Machine: dna070  Platform: Linux  PlatformVersion: 5.14.0-427.37.1.el9_4.x86_64  CompilerName: GCC  CompilerVersion: 8.4.0
ProgramName: mri_surf2volseg  ProgramArguments: mri_surf2volseg -all-info  ProgramVersion: 7.3.2  TimeStamp: 2026/04/04-09:47:25-GMT  BuildTime: Aug  4 2022 06:17:15  BuildStamp: freesurfer-linux-ubuntu22_x86_64-7.3.2-20220804-6354275  User: oesteban  Machine: dna070  Platform: Linux  PlatformVersion: 5.14.0-427.37.1.el9_4.x86_64  CompilerName: GCC  CompilerVersion: 8.4.0
ProgramName: mri_binarize  ProgramArguments: mri_binarize -all-info  ProgramVersion: 7.3.2  TimeStamp: 2026/04/04-09:47:25-GMT  BuildTime: Aug  4 2022 06:17:15  BuildStamp: freesurfer-linux-ubuntu22_x86_64-7.3.2-20220804-6354275  User: oesteban  Machine: dna070  Platform: Linux  PlatformVersion: 5.14.0-427.37.1.el9_4.x86_64  CompilerName: GCC  CompilerVersion: 8.4.0
ProgramName: mri_ca_label  ProgramArguments: mri_ca_label -all-info  ProgramVersion: 7.3.2  TimeStamp: 2026/04/04-09:47:25-GMT  BuildTime: Aug  4 2022 06:17:15  BuildStamp: freesurfer-linux-ubuntu22_x86_64-7.3.2-20220804-6354275  User: oesteban  Machine: dna070  Platform: Linux  PlatformVersion: 5.14.0-427.37.1.el9_4.x86_64  CompilerName: GCC  CompilerVersion: 8.4.0
ProgramName: mri_ca_normalize  ProgramArguments: mri_ca_normalize -all-info  ProgramVersion: 7.3.2  TimeStamp: 2026/04/04-09:47:25-GMT  BuildTime: Aug  4 2022 06:17:15  BuildStamp: freesurfer-linux-ubuntu22_x86_64-7.3.2-20220804-6354275  User: oesteban  Machine: dna070  Platform: Linux  PlatformVersion: 5.14.0-427.37.1.el9_4.x86_64  CompilerName: GCC  CompilerVersion: 8.4.0
ProgramName: mri_ca_register  ProgramArguments: mri_ca_register -all-info  ProgramVersion: 7.3.2  TimeStamp: 2026/04/04-09:47:25-GMT  BuildTime: Aug  4 2022 06:17:15  BuildStamp: freesurfer-linux-ubuntu22_x86_64-7.3.2-20220804-6354275  User: oesteban  Machine: dna070  Platform: Linux  PlatformVersion: 5.14.0-427.37.1.el9_4.x86_64  CompilerName: GCC  CompilerVersion: 8.4.0
ProgramName: mri_cc  ProgramArguments: mri_cc -all-info  ProgramVersion: 7.3.2  TimeStamp: 2026/04/04-09:47:25-GMT  BuildTime: Aug  4 2022 06:17:15  BuildStamp: freesurfer-linux-ubuntu22_x86_64-7.3.2-20220804-6354275  User: oesteban  Machine: dna070  Platform: Linux  PlatformVersion: 5.14.0-427.37.1.el9_4.x86_64  CompilerName: GCC  CompilerVersion: 8.4.0
ProgramName: mri_compute_overlap  ProgramArguments: mri_compute_overlap -all-info  ProgramVersion: 7.3.2  TimeStamp: 2026/04/04-09:47:25-GMT  BuildTime: Aug  4 2022 06:17:15  BuildStamp: freesurfer-linux-ubuntu22_x86_64-7.3.2-20220804-6354275  User: oesteban  Machine: dna070  Platform: Linux  PlatformVersion: 5.14.0-427.37.1.el9_4.x86_64  CompilerName: GCC  CompilerVersion: 8.4.0
ProgramName: mri_compute_seg_overlap  ProgramArguments: mri_compute_seg_overlap -all-info  ProgramVersion: 7.3.2  TimeStamp: 2026/04/04-09:47:25-GMT  BuildTime: Aug  4 2022 06:17:15  BuildStamp: freesurfer-linux-ubuntu22_x86_64-7.3.2-20220804-6354275  User: oesteban  Machine: dna070  Platform: Linux  PlatformVersion: 5.14.0-427.37.1.el9_4.x86_64  CompilerName: GCC  CompilerVersion: 8.4.0
ProgramName: mri_concat  ProgramArguments: mri_concat -all-info  ProgramVersion: 7.3.2  TimeStamp: 2026/04/04-09:47:25-GMT  BuildTime: Aug  4 2022 06:17:15  BuildStamp: freesurfer-linux-ubuntu22_x86_64-7.3.2-20220804-6354275  User: oesteban  Machine: dna070  Platform: Linux  PlatformVersion: 5.14.0-427.37.1.el9_4.x86_64  CompilerName: GCC  CompilerVersion: 8.4.0
ProgramName: mri_concatenate_lta  ProgramArguments: mri_concatenate_lta -all-info  ProgramVersion: 7.3.2  TimeStamp: 2026/04/04-09:47:25-GMT  BuildTime: Aug  4 2022 06:17:15  BuildStamp: freesurfer-linux-ubuntu22_x86_64-7.3.2-20220804-6354275  User: oesteban  Machine: dna070  Platform: Linux  PlatformVersion: 5.14.0-427.37.1.el9_4.x86_64  CompilerName: GCC  CompilerVersion: 8.4.0
mri_convert -all-info 
ProgramName: mri_convert  ProgramArguments: mri_convert -all-info  ProgramVersion: 7.3.2  TimeStamp: 2026/04/04-09:47:25-GMT  BuildTime: Aug  4 2022 06:17:15  BuildStamp: freesurfer-linux-ubuntu22_x86_64-7.3.2-20220804-6354275  User: oesteban  Machine: dna070  Platform: Linux  PlatformVersion: 5.14.0-427.37.1.el9_4.x86_64  CompilerName: GCC  CompilerVersion: 8.4.0
ProgramName: mri_diff  ProgramArguments: mri_diff -all-info  ProgramVersion: 7.3.2  TimeStamp: 2026/04/04-09:47:25-GMT  BuildTime: Aug  4 2022 06:17:15  BuildStamp: freesurfer-linux-ubuntu22_x86_64-7.3.2-20220804-6354275  User: oesteban  Machine: dna070  Platform: Linux  PlatformVersion: 5.14.0-427.37.1.el9_4.x86_64  CompilerName: GCC  CompilerVersion: 8.4.0
ProgramName: mri_edit_wm_with_aseg  ProgramArguments: mri_edit_wm_with_aseg -all-info  ProgramVersion: 7.3.2  TimeStamp: 2026/04/04-09:47:25-GMT  BuildTime: Aug  4 2022 06:17:15  BuildStamp: freesurfer-linux-ubuntu22_x86_64-7.3.2-20220804-6354275  User: oesteban  Machine: dna070  Platform: Linux  PlatformVersion: 5.14.0-427.37.1.el9_4.x86_64  CompilerName: GCC  CompilerVersion: 8.4.0
ProgramName: mri_em_register  ProgramArguments: mri_em_register -all-info  ProgramVersion: 7.3.2  TimeStamp: 2026/04/04-09:47:25-GMT  BuildTime: Aug  4 2022 06:17:15  BuildStamp: freesurfer-linux-ubuntu22_x86_64-7.3.2-20220804-6354275  User: oesteban  Machine: dna070  Platform: Linux  PlatformVersion: 5.14.0-427.37.1.el9_4.x86_64  CompilerName: GCC  CompilerVersion: 8.4.0
ProgramName: mri_fill  ProgramArguments: mri_fill -all-info  ProgramVersion: 7.3.2  TimeStamp: 2026/04/04-09:47:25-GMT  BuildTime: Aug  4 2022 06:17:15  BuildStamp: freesurfer-linux-ubuntu22_x86_64-7.3.2-20220804-6354275  User: oesteban  Machine: dna070  Platform: Linux  PlatformVersion: 5.14.0-427.37.1.el9_4.x86_64  CompilerName: GCC  CompilerVersion: 8.4.0
ProgramName: mri_fuse_segmentations  ProgramArguments: mri_fuse_segmentations -all-info  ProgramVersion: 7.3.2  TimeStamp: 2026/04/04-09:47:25-GMT  BuildTime: Aug  4 2022 06:17:15  BuildStamp: freesurfer-linux-ubuntu22_x86_64-7.3.2-20220804-6354275  User: oesteban  Machine: dna070  Platform: Linux  PlatformVersion: 5.14.0-427.37.1.el9_4.x86_64  CompilerName: GCC  CompilerVersion: 8.4.0
ProgramName: mri_fwhm  ProgramArguments: mri_fwhm -all-info  ProgramVersion: 7.3.2  TimeStamp: 2026/04/04-09:47:25-GMT  BuildTime: Aug  4 2022 06:17:15  BuildStamp: freesurfer-linux-ubuntu22_x86_64-7.3.2-20220804-6354275  User: oesteban  Machine: dna070  Platform: Linux  PlatformVersion: 5.14.0-427.37.1.el9_4.x86_64  CompilerName: GCC  CompilerVersion: 8.4.0
ProgramName: mri_gcut  ProgramArguments: mri_gcut -all-info  ProgramVersion: 7.3.2  TimeStamp: 2026/04/04-09:47:25-GMT  BuildTime: Aug  4 2022 06:17:15  BuildStamp: freesurfer-linux-ubuntu22_x86_64-7.3.2-20220804-6354275  User: oesteban  Machine: dna070  Platform: Linux  PlatformVersion: 5.14.0-427.37.1.el9_4.x86_64  CompilerName: GCC  CompilerVersion: 8.4.0
ProgramName: mri_info  ProgramArguments: mri_info -all-info  ProgramVersion: 7.3.2  TimeStamp: 2026/04/04-09:47:25-GMT  BuildTime: Aug  4 2022 06:17:15  BuildStamp: freesurfer-linux-ubuntu22_x86_64-7.3.2-20220804-6354275  User: oesteban  Machine: dna070  Platform: Linux  PlatformVersion: 5.14.0-427.37.1.el9_4.x86_64  CompilerName: GCC  CompilerVersion: 8.4.0
ProgramName: mri_label2label  ProgramArguments: mri_label2label -all-info  ProgramVersion: 7.3.2  TimeStamp: 2026/04/04-09:47:25-GMT  BuildTime: Aug  4 2022 06:17:15  BuildStamp: freesurfer-linux-ubuntu22_x86_64-7.3.2-20220804-6354275  User: oesteban  Machine: dna070  Platform: Linux  PlatformVersion: 5.14.0-427.37.1.el9_4.x86_64  CompilerName: GCC  CompilerVersion: 8.4.0
ProgramName: mri_label2vol  ProgramArguments: mri_label2vol -all-info  ProgramVersion: 7.3.2  TimeStamp: 2026/04/04-09:47:25-GMT  BuildTime: Aug  4 2022 06:17:15  BuildStamp: freesurfer-linux-ubuntu22_x86_64-7.3.2-20220804-6354275  User: oesteban  Machine: dna070  Platform: Linux  PlatformVersion: 5.14.0-427.37.1.el9_4.x86_64  CompilerName: GCC  CompilerVersion: 8.4.0
ProgramName: mri_log_likelihood  ProgramArguments: mri_log_likelihood -all-info  ProgramVersion: 7.3.2  TimeStamp: 2026/04/04-09:47:25-GMT  BuildTime: Aug  4 2022 06:17:15  BuildStamp: freesurfer-linux-ubuntu22_x86_64-7.3.2-20220804-6354275  User: oesteban  Machine: dna070  Platform: Linux  PlatformVersion: 5.14.0-427.37.1.el9_4.x86_64  CompilerName: GCC  CompilerVersion: 8.4.0
ProgramName: mri_mask  ProgramArguments: mri_mask -all-info  ProgramVersion: 7.3.2  TimeStamp: 2026/04/04-09:47:25-GMT  BuildTime: Aug  4 2022 06:17:15  BuildStamp: freesurfer-linux-ubuntu22_x86_64-7.3.2-20220804-6354275  User: oesteban  Machine: dna070  Platform: Linux  PlatformVersion: 5.14.0-427.37.1.el9_4.x86_64  CompilerName: GCC  CompilerVersion: 8.4.0
ProgramName: mri_matrix_multiply  ProgramArguments: mri_matrix_multiply -all-info  ProgramVersion: 7.3.2  TimeStamp: 2026/04/04-09:47:25-GMT  BuildTime: Aug  4 2022 06:17:15  BuildStamp: freesurfer-linux-ubuntu22_x86_64-7.3.2-20220804-6354275  User: oesteban  Machine: dna070  Platform: Linux  PlatformVersion: 5.14.0-427.37.1.el9_4.x86_64  CompilerName: GCC  CompilerVersion: 8.4.0
ProgramName: mri_normalize  ProgramArguments: mri_normalize -all-info  ProgramVersion: 7.3.2  TimeStamp: 2026/04/04-09:47:25-GMT  BuildTime: Aug  4 2022 06:17:15  BuildStamp: freesurfer-linux-ubuntu22_x86_64-7.3.2-20220804-6354275  User: oesteban  Machine: dna070  Platform: Linux  PlatformVersion: 5.14.0-427.37.1.el9_4.x86_64  CompilerName: GCC  CompilerVersion: 8.4.0
ProgramName: mri_normalize_tp2  ProgramArguments: mri_normalize_tp2 -all-info  ProgramVersion: 7.3.2  TimeStamp: 2026/04/04-09:47:25-GMT  BuildTime: Aug  4 2022 06:17:15  BuildStamp: freesurfer-linux-ubuntu22_x86_64-7.3.2-20220804-6354275  User: oesteban  Machine: dna070  Platform: Linux  PlatformVersion: 5.14.0-427.37.1.el9_4.x86_64  CompilerName: GCC  CompilerVersion: 8.4.0
ProgramName: mri_or  ProgramArguments: mri_or -all-info  ProgramVersion: 7.3.2  TimeStamp: 2026/04/04-09:47:25-GMT  BuildTime: Aug  4 2022 06:17:15  BuildStamp: freesurfer-linux-ubuntu22_x86_64-7.3.2-20220804-6354275  User: oesteban  Machine: dna070  Platform: Linux  PlatformVersion: 5.14.0-427.37.1.el9_4.x86_64  CompilerName: GCC  CompilerVersion: 8.4.0
ProgramName: mri_relabel_hypointensities  ProgramArguments: mri_relabel_hypointensities -all-info  ProgramVersion: 7.3.2  TimeStamp: 2026/04/04-09:47:25-GMT  BuildTime: Aug  4 2022 06:17:15  BuildStamp: freesurfer-linux-ubuntu22_x86_64-7.3.2-20220804-6354275  User: oesteban  Machine: dna070  Platform: Linux  PlatformVersion: 5.14.0-427.37.1.el9_4.x86_64  CompilerName: GCC  CompilerVersion: 8.4.0
ProgramName: mri_relabel_nonwm_hypos  ProgramArguments: mri_relabel_nonwm_hypos -all-info  ProgramVersion: 7.3.2  TimeStamp: 2026/04/04-09:47:25-GMT  BuildTime: Aug  4 2022 06:17:15  BuildStamp: freesurfer-linux-ubuntu22_x86_64-7.3.2-20220804-6354275  User: oesteban  Machine: dna070  Platform: Linux  PlatformVersion: 5.14.0-427.37.1.el9_4.x86_64  CompilerName: GCC  CompilerVersion: 8.4.0
ProgramName: mri_remove_neck  ProgramArguments: mri_remove_neck -all-info  ProgramVersion: 7.3.2  TimeStamp: 2026/04/04-09:47:25-GMT  BuildTime: Aug  4 2022 06:17:15  BuildStamp: freesurfer-linux-ubuntu22_x86_64-7.3.2-20220804-6354275  User: oesteban  Machine: dna070  Platform: Linux  PlatformVersion: 5.14.0-427.37.1.el9_4.x86_64  CompilerName: GCC  CompilerVersion: 8.4.0
7.3.2

ProgramName: mri_robust_register  ProgramArguments: mri_robust_register -all-info  ProgramVersion: 7.3.2  TimeStamp: 2026/04/04-09:47:25-GMT  BuildTime: Aug  4 2022 06:17:15  BuildStamp: freesurfer-linux-ubuntu22_x86_64-7.3.2-20220804-6354275  User: oesteban  Machine: dna070  Platform: Linux  PlatformVersion: 5.14.0-427.37.1.el9_4.x86_64  CompilerName: GCC  CompilerVersion: 8.4.0
7.3.2

ProgramName: mri_robust_template  ProgramArguments: mri_robust_template -all-info  ProgramVersion: 7.3.2  TimeStamp: 2026/04/04-09:47:25-GMT  BuildTime: Aug  4 2022 06:17:15  BuildStamp: freesurfer-linux-ubuntu22_x86_64-7.3.2-20220804-6354275  User: oesteban  Machine: dna070  Platform: Linux  PlatformVersion: 5.14.0-427.37.1.el9_4.x86_64  CompilerName: GCC  CompilerVersion: 8.4.0
ProgramName: mris_anatomical_stats  ProgramArguments: mris_anatomical_stats -all-info  ProgramVersion: 7.3.2  TimeStamp: 2026/04/04-09:47:25-GMT  BuildTime: Aug  4 2022 06:17:15  BuildStamp: freesurfer-linux-ubuntu22_x86_64-7.3.2-20220804-6354275  User: oesteban  Machine: dna070  Platform: Linux  PlatformVersion: 5.14.0-427.37.1.el9_4.x86_64  CompilerName: GCC  CompilerVersion: 8.4.0
ProgramName: mris_ca_label  ProgramArguments: mris_ca_label -all-info  ProgramVersion: 7.3.2  TimeStamp: 2026/04/04-09:47:25-GMT  BuildTime: Aug  4 2022 06:17:15  BuildStamp: freesurfer-linux-ubuntu22_x86_64-7.3.2-20220804-6354275  User: oesteban  Machine: dna070  Platform: Linux  PlatformVersion: 5.14.0-427.37.1.el9_4.x86_64  CompilerName: GCC  CompilerVersion: 8.4.0
ProgramName: mris_calc  ProgramArguments: mris_calc -all-info  ProgramVersion: 7.3.2  TimeStamp: 2026/04/04-09:47:25-GMT  BuildTime: Aug  4 2022 06:17:15  BuildStamp: freesurfer-linux-ubuntu22_x86_64-7.3.2-20220804-6354275  User: oesteban  Machine: dna070  Platform: Linux  PlatformVersion: 5.14.0-427.37.1.el9_4.x86_64  CompilerName: GCC  CompilerVersion: 8.4.0
ProgramName: mris_convert  ProgramArguments: mris_convert -all-info  ProgramVersion: 7.3.2  TimeStamp: 2026/04/04-09:47:25-GMT  BuildTime: Aug  4 2022 06:17:15  BuildStamp: freesurfer-linux-ubuntu22_x86_64-7.3.2-20220804-6354275  User: oesteban  Machine: dna070  Platform: Linux  PlatformVersion: 5.14.0-427.37.1.el9_4.x86_64  CompilerName: GCC  CompilerVersion: 8.4.0
ProgramName: mris_curvature  ProgramArguments: mris_curvature -all-info  ProgramVersion: 7.3.2  TimeStamp: 2026/04/04-09:47:25-GMT  BuildTime: Aug  4 2022 06:17:15  BuildStamp: freesurfer-linux-ubuntu22_x86_64-7.3.2-20220804-6354275  User: oesteban  Machine: dna070  Platform: Linux  PlatformVersion: 5.14.0-427.37.1.el9_4.x86_64  CompilerName: GCC  CompilerVersion: 8.4.0
ProgramName: mris_curvature_stats  ProgramArguments: mris_curvature_stats -all-info  ProgramVersion: 7.3.2  TimeStamp: 2026/04/04-09:47:25-GMT  BuildTime: Aug  4 2022 06:17:15  BuildStamp: freesurfer-linux-ubuntu22_x86_64-7.3.2-20220804-6354275  User: oesteban  Machine: dna070  Platform: Linux  PlatformVersion: 5.14.0-427.37.1.el9_4.x86_64  CompilerName: GCC  CompilerVersion: 8.4.0
ProgramName: mris_diff  ProgramArguments: mris_diff -all-info  ProgramVersion: 7.3.2  TimeStamp: 2026/04/04-09:47:25-GMT  BuildTime: Aug  4 2022 06:17:15  BuildStamp: freesurfer-linux-ubuntu22_x86_64-7.3.2-20220804-6354275  User: oesteban  Machine: dna070  Platform: Linux  PlatformVersion: 5.14.0-427.37.1.el9_4.x86_64  CompilerName: GCC  CompilerVersion: 8.4.0
ProgramName: mris_divide_parcellation  ProgramArguments: mris_divide_parcellation -all-info  ProgramVersion: 7.3.2  TimeStamp: 2026/04/04-09:47:25-GMT  BuildTime: Aug  4 2022 06:17:15  BuildStamp: freesurfer-linux-ubuntu22_x86_64-7.3.2-20220804-6354275  User: oesteban  Machine: dna070  Platform: Linux  PlatformVersion: 5.14.0-427.37.1.el9_4.x86_64  CompilerName: GCC  CompilerVersion: 8.4.0
ProgramName: mri_segment  ProgramArguments: mri_segment -all-info  ProgramVersion: 7.3.2  TimeStamp: 2026/04/04-09:47:25-GMT  BuildTime: Aug  4 2022 06:17:15  BuildStamp: freesurfer-linux-ubuntu22_x86_64-7.3.2-20220804-6354275  User: oesteban  Machine: dna070  Platform: Linux  PlatformVersion: 5.14.0-427.37.1.el9_4.x86_64  CompilerName: GCC  CompilerVersion: 8.4.0
ProgramName: mri_segstats  ProgramArguments: mri_segstats -all-info  ProgramVersion: 7.3.2  TimeStamp: 2026/04/04-09:47:25-GMT  BuildTime: Aug  4 2022 06:17:15  BuildStamp: freesurfer-linux-ubuntu22_x86_64-7.3.2-20220804-6354275  User: oesteban  Machine: dna070  Platform: Linux  PlatformVersion: 5.14.0-427.37.1.el9_4.x86_64  CompilerName: GCC  CompilerVersion: 8.4.0
ProgramName: mris_euler_number  ProgramArguments: mris_euler_number -all-info  ProgramVersion: 7.3.2  TimeStamp: 2026/04/04-09:47:25-GMT  BuildTime: Aug  4 2022 06:17:15  BuildStamp: freesurfer-linux-ubuntu22_x86_64-7.3.2-20220804-6354275  User: oesteban  Machine: dna070  Platform: Linux  PlatformVersion: 5.14.0-427.37.1.el9_4.x86_64  CompilerName: GCC  CompilerVersion: 8.4.0
ProgramName: mris_fix_topology  ProgramArguments: mris_fix_topology -all-info  ProgramVersion: 7.3.2  TimeStamp: 2026/04/04-09:47:25-GMT  BuildTime: Aug  4 2022 06:17:15  BuildStamp: freesurfer-linux-ubuntu22_x86_64-7.3.2-20220804-6354275  User: oesteban  Machine: dna070  Platform: Linux  PlatformVersion: 5.14.0-427.37.1.el9_4.x86_64  CompilerName: GCC  CompilerVersion: 8.4.0
ProgramName: mris_topo_fixer  ProgramArguments: mris_topo_fixer -all-info  ProgramVersion: 7.3.2  TimeStamp: 2026/04/04-09:47:25-GMT  BuildTime: Aug  4 2022 06:17:15  BuildStamp: freesurfer-linux-ubuntu22_x86_64-7.3.2-20220804-6354275  User: oesteban  Machine: dna070  Platform: Linux  PlatformVersion: 5.14.0-427.37.1.el9_4.x86_64  CompilerName: GCC  CompilerVersion: 8.4.0
ProgramName: mris_jacobian  ProgramArguments: mris_jacobian -all-info  ProgramVersion: 7.3.2  TimeStamp: 2026/04/04-09:47:25-GMT  BuildTime: Aug  4 2022 06:17:15  BuildStamp: freesurfer-linux-ubuntu22_x86_64-7.3.2-20220804-6354275  User: oesteban  Machine: dna070  Platform: Linux  PlatformVersion: 5.14.0-427.37.1.el9_4.x86_64  CompilerName: GCC  CompilerVersion: 8.4.0
ProgramName: mris_label2annot  ProgramArguments: mris_label2annot -all-info  ProgramVersion: 7.3.2  TimeStamp: 2026/04/04-09:47:25-GMT  BuildTime: Aug  4 2022 06:17:15  BuildStamp: freesurfer-linux-ubuntu22_x86_64-7.3.2-20220804-6354275  User: oesteban  Machine: dna070  Platform: Linux  PlatformVersion: 5.14.0-427.37.1.el9_4.x86_64  CompilerName: GCC  CompilerVersion: 8.4.0
ProgramName: mris_left_right_register  ProgramArguments: mris_left_right_register -all-info  ProgramVersion: 7.3.2  TimeStamp: 2026/04/04-09:47:25-GMT  BuildTime: Aug  4 2022 06:17:15  BuildStamp: freesurfer-linux-ubuntu22_x86_64-7.3.2-20220804-6354275  User: oesteban  Machine: dna070  Platform: Linux  PlatformVersion: 5.14.0-427.37.1.el9_4.x86_64  CompilerName: GCC  CompilerVersion: 8.4.0
ProgramName: mris_place_surface  ProgramArguments: mris_place_surface -all-info  ProgramVersion: 7.3.2  TimeStamp: 2026/04/04-09:47:25-GMT  BuildTime: Aug  4 2022 06:17:15  BuildStamp: freesurfer-linux-ubuntu22_x86_64-7.3.2-20220804-6354275  User: oesteban  Machine: dna070  Platform: Linux  PlatformVersion: 5.14.0-427.37.1.el9_4.x86_64  CompilerName: GCC  CompilerVersion: 8.4.0
ProgramName: mrisp_paint  ProgramArguments: mrisp_paint -all-info  ProgramVersion: 7.3.2  TimeStamp: 2026/04/04-09:47:25-GMT  BuildTime: Aug  4 2022 06:17:15  BuildStamp: freesurfer-linux-ubuntu22_x86_64-7.3.2-20220804-6354275  User: oesteban  Machine: dna070  Platform: Linux  PlatformVersion: 5.14.0-427.37.1.el9_4.x86_64  CompilerName: GCC  CompilerVersion: 8.4.0
ProgramName: mris_register  ProgramArguments: mris_register -all-info  ProgramVersion: 7.3.2  TimeStamp: 2026/04/04-09:47:25-GMT  BuildTime: Aug  4 2022 06:17:15  BuildStamp: freesurfer-linux-ubuntu22_x86_64-7.3.2-20220804-6354275  User: oesteban  Machine: dna070  Platform: Linux  PlatformVersion: 5.14.0-427.37.1.el9_4.x86_64  CompilerName: GCC  CompilerVersion: 8.4.0
ProgramName: mris_smooth  ProgramArguments: mris_smooth -all-info  ProgramVersion: 7.3.2  TimeStamp: 2026/04/04-09:47:25-GMT  BuildTime: Aug  4 2022 06:17:15  BuildStamp: freesurfer-linux-ubuntu22_x86_64-7.3.2-20220804-6354275  User: oesteban  Machine: dna070  Platform: Linux  PlatformVersion: 5.14.0-427.37.1.el9_4.x86_64  CompilerName: GCC  CompilerVersion: 8.4.0
ProgramName: mris_sphere  ProgramArguments: mris_sphere -all-info  ProgramVersion: 7.3.2  TimeStamp: 2026/04/04-09:47:25-GMT  BuildTime: Aug  4 2022 06:17:15  BuildStamp: freesurfer-linux-ubuntu22_x86_64-7.3.2-20220804-6354275  User: oesteban  Machine: dna070  Platform: Linux  PlatformVersion: 5.14.0-427.37.1.el9_4.x86_64  CompilerName: GCC  CompilerVersion: 8.4.0
ProgramName: mris_surface_stats  ProgramArguments: mris_surface_stats -all-info  ProgramVersion: 7.3.2  TimeStamp: 2026/04/04-09:47:25-GMT  BuildTime: Aug  4 2022 06:17:15  BuildStamp: freesurfer-linux-ubuntu22_x86_64-7.3.2-20220804-6354275  User: oesteban  Machine: dna070  Platform: Linux  PlatformVersion: 5.14.0-427.37.1.el9_4.x86_64  CompilerName: GCC  CompilerVersion: 8.4.0
ProgramName: mri_stats2seg  ProgramArguments: mri_stats2seg -all-info  ProgramVersion: 7.3.2  TimeStamp: 2026/04/04-09:47:25-GMT  BuildTime: Aug  4 2022 06:17:15  BuildStamp: freesurfer-linux-ubuntu22_x86_64-7.3.2-20220804-6354275  User: oesteban  Machine: dna070  Platform: Linux  PlatformVersion: 5.14.0-427.37.1.el9_4.x86_64  CompilerName: GCC  CompilerVersion: 8.4.0
ProgramName: mris_thickness  ProgramArguments: mris_thickness -all-info  ProgramVersion: 7.3.2  TimeStamp: 2026/04/04-09:47:25-GMT  BuildTime: Aug  4 2022 06:17:15  BuildStamp: freesurfer-linux-ubuntu22_x86_64-7.3.2-20220804-6354275  User: oesteban  Machine: dna070  Platform: Linux  PlatformVersion: 5.14.0-427.37.1.el9_4.x86_64  CompilerName: GCC  CompilerVersion: 8.4.0
ProgramName: mris_thickness_diff  ProgramArguments: mris_thickness_diff -all-info  ProgramVersion: 7.3.2  TimeStamp: 2026/04/04-09:47:25-GMT  BuildTime: Aug  4 2022 06:17:15  BuildStamp: freesurfer-linux-ubuntu22_x86_64-7.3.2-20220804-6354275  User: oesteban  Machine: dna070  Platform: Linux  PlatformVersion: 5.14.0-427.37.1.el9_4.x86_64  CompilerName: GCC  CompilerVersion: 8.4.0
ProgramName: mris_topo_fixer  ProgramArguments: mris_topo_fixer -all-info  ProgramVersion: 7.3.2  TimeStamp: 2026/04/04-09:47:25-GMT  BuildTime: Aug  4 2022 06:17:15  BuildStamp: freesurfer-linux-ubuntu22_x86_64-7.3.2-20220804-6354275  User: oesteban  Machine: dna070  Platform: Linux  PlatformVersion: 5.14.0-427.37.1.el9_4.x86_64  CompilerName: GCC  CompilerVersion: 8.4.0
ProgramName: mri_surf2surf  ProgramArguments: mri_surf2surf -all-info  ProgramVersion: 7.3.2  TimeStamp: 2026/04/04-09:47:25-GMT  BuildTime: Aug  4 2022 06:17:15  BuildStamp: freesurfer-linux-ubuntu22_x86_64-7.3.2-20220804-6354275  User: oesteban  Machine: dna070  Platform: Linux  PlatformVersion: 5.14.0-427.37.1.el9_4.x86_64  CompilerName: GCC  CompilerVersion: 8.4.0
ProgramName: mri_surf2vol  ProgramArguments: mri_surf2vol -all-info  ProgramVersion: 7.3.2  TimeStamp: 2026/04/04-09:47:25-GMT  BuildTime: Aug  4 2022 06:17:15  BuildStamp: freesurfer-linux-ubuntu22_x86_64-7.3.2-20220804-6354275  User: oesteban  Machine: dna070  Platform: Linux  PlatformVersion: 5.14.0-427.37.1.el9_4.x86_64  CompilerName: GCC  CompilerVersion: 8.4.0
ProgramName: mri_surfcluster  ProgramArguments: mri_surfcluster -all-info  ProgramVersion: 7.3.2  TimeStamp: 2026/04/04-09:47:25-GMT  BuildTime: Aug  4 2022 06:17:15  BuildStamp: freesurfer-linux-ubuntu22_x86_64-7.3.2-20220804-6354275  User: oesteban  Machine: dna070  Platform: Linux  PlatformVersion: 5.14.0-427.37.1.el9_4.x86_64  CompilerName: GCC  CompilerVersion: 8.4.0
ProgramName: mris_volmask  ProgramArguments: mris_volmask -all-info  ProgramVersion: 7.3.2  TimeStamp: 2026/04/04-09:47:25-GMT  BuildTime: Aug  4 2022 06:17:15  BuildStamp: freesurfer-linux-ubuntu22_x86_64-7.3.2-20220804-6354275  User: oesteban  Machine: dna070  Platform: Linux  PlatformVersion: 5.14.0-427.37.1.el9_4.x86_64  CompilerName: GCC  CompilerVersion: 8.4.0
ProgramName: mri_tessellate  ProgramArguments: mri_tessellate -all-info  ProgramVersion: 7.3.2  TimeStamp: 2026/04/04-09:47:25-GMT  BuildTime: Aug  4 2022 06:17:15  BuildStamp: freesurfer-linux-ubuntu22_x86_64-7.3.2-20220804-6354275  User: oesteban  Machine: dna070  Platform: Linux  PlatformVersion: 5.14.0-427.37.1.el9_4.x86_64  CompilerName: GCC  CompilerVersion: 8.4.0
ProgramName: mri_vol2surf  ProgramArguments: mri_vol2surf -all-info  ProgramVersion: 7.3.2  TimeStamp: 2026/04/04-09:47:25-GMT  BuildTime: Aug  4 2022 06:17:15  BuildStamp: freesurfer-linux-ubuntu22_x86_64-7.3.2-20220804-6354275  User: oesteban  Machine: dna070  Platform: Linux  PlatformVersion: 5.14.0-427.37.1.el9_4.x86_64  CompilerName: GCC  CompilerVersion: 8.4.0
ProgramName: mri_vol2vol  ProgramArguments: mri_vol2vol -all-info  ProgramVersion: 7.3.2  TimeStamp: 2026/04/04-09:47:25-GMT  BuildTime: Aug  4 2022 06:17:15  BuildStamp: freesurfer-linux-ubuntu22_x86_64-7.3.2-20220804-6354275  User: oesteban  Machine: dna070  Platform: Linux  PlatformVersion: 5.14.0-427.37.1.el9_4.x86_64  CompilerName: GCC  CompilerVersion: 8.4.0
ProgramName: mri_voldiff  ProgramArguments: mri_voldiff -all-info  ProgramVersion: 7.3.2  TimeStamp: 2026/04/04-09:47:25-GMT  BuildTime: Aug  4 2022 06:17:15  BuildStamp: freesurfer-linux-ubuntu22_x86_64-7.3.2-20220804-6354275  User: oesteban  Machine: dna070  Platform: Linux  PlatformVersion: 5.14.0-427.37.1.el9_4.x86_64  CompilerName: GCC  CompilerVersion: 8.4.0
ProgramName: mri_watershed  ProgramArguments: mri_watershed -all-info  ProgramVersion: 7.3.2  TimeStamp: 2026/04/04-09:47:25-GMT  BuildTime: Aug  4 2022 06:17:15  BuildStamp: freesurfer-linux-ubuntu22_x86_64-7.3.2-20220804-6354275  User: oesteban  Machine: dna070  Platform: Linux  PlatformVersion: 5.14.0-427.37.1.el9_4.x86_64  CompilerName: GCC  CompilerVersion: 8.4.0
ProgramName: tkregister2  ProgramArguments: tkregister2_cmdl -all-info  ProgramVersion: 7.3.2  TimeStamp: 2026/04/04-09:47:25-GMT  BuildTime: Aug  4 2022 06:17:15  BuildStamp: freesurfer-linux-ubuntu22_x86_64-7.3.2-20220804-6354275  User: oesteban  Machine: dna070  Platform: Linux  PlatformVersion: 5.14.0-427.37.1.el9_4.x86_64  CompilerName: GCC  CompilerVersion: 8.4.0
mri_motion_correct.fsl 7.3.2
mri_convert -all-info 
ProgramName: mri_convert  ProgramArguments: mri_convert -all-info  ProgramVersion: 7.3.2  TimeStamp: 2026/04/04-09:47:25-GMT  BuildTime: Aug  4 2022 06:17:15  BuildStamp: freesurfer-linux-ubuntu22_x86_64-7.3.2-20220804-6354275  User: oesteban  Machine: dna070  Platform: Linux  PlatformVersion: 5.14.0-427.37.1.el9_4.x86_64  CompilerName: GCC  CompilerVersion: 8.4.0
Program nu_correct, built from:
Package MNI N3, version 1.12.0, compiled by nicks@terrier (x86_64-unknown-linux-gnu) on 2015-06-19 at 01:25:34
#######################################
GCADIR /opt/freesurfer/average
GCA RB_all_2020-01-02.gca
GCASkull RB_all_withskull_2020_01_02.gca
AvgCurvTif folding.atlas.acfb40.noaparc.i12.2016-08-02.tif
GCSDIR /opt/freesurfer/average
GCS DKaparc.atlas.acfb40.noaparc.i12.2016-08-02.gcs
#######################################
#--------------------------------------
#@# CA Normalize Sat Apr  4 11:47:25 CEST 2026
/out/sourcedata/freesurfer/sub-v1s12x0050113_ses-1/mri

 mri_ca_normalize -c ctrl_pts.mgz -mask brainmask.mgz nu.mgz /opt/freesurfer/average/RB_all_2020-01-02.gca transforms/talairach.lta norm.mgz 

writing control point volume to ctrl_pts.mgz
using MR volume brainmask.mgz to mask input volume...
reading 1 input volume
reading atlas from '/opt/freesurfer/average/RB_all_2020-01-02.gca'...
reading transform from 'transforms/talairach.lta'...
reading input volume from nu.mgz...
resetting wm mean[0]: 98 --> 107
resetting gm mean[0]: 61 --> 61
input volume #1 is the most T1-like
using real data threshold=30.1
skull bounding box = (69, 70, 38) --> (193, 188, 196)
finding center of left hemi white matter
using (110, 109, 117) as brain centroid of Right_Cerebral_White_Matter...
mean wm in atlas = 107, using box (95,95,98) --> (125, 123,136) to find MRI wm
before smoothing, mri peak at 107
robust fit to distribution - 107 +- 3.1
after smoothing, mri peak at 107, scaling input intensities by 1.000
scaling channel 0 by 1
using 246437 sample points...
INFO: compute sample coordinates transform
 1.10893   0.01668   0.05834  -28.03404;
-0.03385   1.25371   0.26257  -60.56290;
-0.06784  -0.18481   1.01919   26.50368;
 0.00000   0.00000   0.00000   1.00000;
INFO: transform used
finding control points in Left_Cerebral_White_Matter....
found 40230 control points for structure...
bounding box (130, 71, 35) --> (192, 165, 195)
Left_Cerebral_White_Matter: limiting intensities to 96.0 --> 132.0
6 of 9021 (0.1%) samples deleted
finding control points in Right_Cerebral_White_Matter....
found 39478 control points for structure...
bounding box (73, 71, 33) --> (133, 161, 193)
Right_Cerebral_White_Matter: limiting intensities to 96.0 --> 132.0
0 of 8615 (0.0%) samples deleted
finding control points in Left_Cerebellum_White_Matter....
found 3105 control points for structure...
bounding box (134, 141, 62) --> (177, 179, 113)
Left_Cerebellum_White_Matter: limiting intensities to 88.0 --> 132.0
2 of 588 (0.3%) samples deleted
finding control points in Right_Cerebellum_White_Matter....
found 2710 control points for structure...
bounding box (92, 141, 57) --> (133, 177, 112)
Right_Cerebellum_White_Matter: limiting intensities to 88.0 --> 132.0
0 of 454 (0.0%) samples deleted
finding control points in Brain_Stem....
found 3475 control points for structure...
bounding box (116, 133, 94) --> (147, 188, 123)
Brain_Stem: limiting intensities to 91.0 --> 132.0
0 of 704 (0.0%) samples deleted
using 19382 total control points for intensity normalization...
bias field = 0.972 +- 0.057
59 of 19374 control points discarded
finding control points in Left_Cerebral_White_Matter....
found 40230 control points for structure...
bounding box (130, 71, 35) --> (192, 165, 195)
Left_Cerebral_White_Matter: limiting intensities to 92.0 --> 132.0
3 of 9113 (0.0%) samples deleted
finding control points in Right_Cerebral_White_Matter....
found 39478 control points for structure...
bounding box (73, 71, 33) --> (133, 161, 193)
Right_Cerebral_White_Matter: limiting intensities to 92.0 --> 132.0
2 of 8733 (0.0%) samples deleted
finding control points in Left_Cerebellum_White_Matter....
found 3105 control points for structure...
bounding box (134, 141, 62) --> (177, 179, 113)
Left_Cerebellum_White_Matter: limiting intensities to 88.0 --> 132.0
112 of 659 (17.0%) samples deleted
finding control points in Right_Cerebellum_White_Matter....
found 2710 control points for structure...
bounding box (92, 141, 57) --> (133, 177, 112)
Right_Cerebellum_White_Matter: limiting intensities to 88.0 --> 132.0
31 of 459 (6.8%) samples deleted
finding control points in Brain_Stem....
found 3475 control points for structure...
bounding box (116, 133, 94) --> (147, 188, 123)
Brain_Stem: limiting intensities to 88.0 --> 132.0
61 of 779 (7.8%) samples deleted
using 19743 total control points for intensity normalization...
bias field = 1.014 +- 0.047
44 of 19453 control points discarded
finding control points in Left_Cerebral_White_Matter....
found 40230 control points for structure...
bounding box (130, 71, 35) --> (192, 165, 195)
Left_Cerebral_White_Matter: limiting intensities to 92.0 --> 132.0
4 of 9136 (0.0%) samples deleted
finding control points in Right_Cerebral_White_Matter....
found 39478 control points for structure...
bounding box (73, 71, 33) --> (133, 161, 193)
Right_Cerebral_White_Matter: limiting intensities to 92.0 --> 132.0
9 of 8722 (0.1%) samples deleted
finding control points in Left_Cerebellum_White_Matter....
found 3105 control points for structure...
bounding box (134, 141, 62) --> (177, 179, 113)
Left_Cerebellum_White_Matter: limiting intensities to 88.0 --> 132.0
213 of 672 (31.7%) samples deleted
finding control points in Right_Cerebellum_White_Matter....
found 2710 control points for structure...
bounding box (92, 141, 57) --> (133, 177, 112)
Right_Cerebellum_White_Matter: limiting intensities to 88.0 --> 132.0
102 of 474 (21.5%) samples deleted
finding control points in Brain_Stem....
found 3475 control points for structure...
bounding box (116, 133, 94) --> (147, 188, 123)
Brain_Stem: limiting intensities to 88.0 --> 132.0
172 of 841 (20.5%) samples deleted
using 19845 total control points for intensity normalization...
bias field = 1.012 +- 0.040
25 of 19168 control points discarded
writing normalized volume to norm.mgz...
writing control points to ctrl_pts.mgz
freeing GCA...done.
normalization took 0 minutes and 54 seconds.
#--------------------------------------
#@# CA Reg Sat Apr  4 11:48:19 CEST 2026
/out/sourcedata/freesurfer/sub-v1s12x0050113_ses-1/mri

 mri_ca_register -nobigventricles -T transforms/talairach.lta -align-after -mask brainmask.mgz norm.mgz /opt/freesurfer/average/RB_all_2020-01-02.gca transforms/talairach.m3z 

not handling expanded ventricles...
using previously computed transform transforms/talairach.lta
renormalizing sequences with structure alignment, equivalent to:
	-renormalize
	-regularize_mean 0.500
	-regularize 0.500
using MR volume brainmask.mgz to mask input volume...

== Number of threads available to mri_ca_register for OpenMP = 16 == 
reading 1 input volumes...
logging results to talairach.log
reading input volume 'norm.mgz'...
reading GCA '/opt/freesurfer/average/RB_all_2020-01-02.gca'...
label assignment complete, 0 changed (0.00%)
freeing gibbs priors...done.
average std[0] = 5.0
Starting GCAMregister()
label assignment complete, 0 changed (0.00%)
npasses = 1, nlevels = 6
#pass# 1 of 1 ************************
enabling zero nodes
setting smoothness cost coefficient to 0.156

#GCAMreg# pass 0 level1 5 level2 0 tsec 0 sigma 2
l_jacobian=1.00 l_label=1.00 l_log_likelihood=0.20 l_smoothness=0.16 
tol=2.50e-01, dt=5.00e-02, exp_k=20.0, momentum=0.90, levels=6, niter=500, lbl_dist=10.00, avgs=256, sigma=2.0,type=2, relabel=0, neg=no

blurring input image with Gaussian with sigma=2.000...
GCAMRegisterLevel(): init RMS 0.810124
#FOTS# QuadFit found better minimum quadopt=(dt=227.007,rms=0.744601) vs oldopt=(dt=92.48,rms=0.766859)
#GCMRL#    0 dt 227.007013 rms  0.745  8.088% neg 0  invalid 762 tFOTS 4.3260 tGradient 2.5380 tsec 7.1900
#FOTS# QuadFit found better minimum quadopt=(dt=171.55,rms=0.718106) vs oldopt=(dt=92.48,rms=0.723996)
#GCMRL#    1 dt 171.550296 rms  0.718  3.558% neg 0  invalid 762 tFOTS 4.1710 tGradient 2.6280 tsec 7.1060
#FOTS# QuadFit found better minimum quadopt=(dt=168.088,rms=0.707686) vs oldopt=(dt=92.48,rms=0.710119)
#GCMRL#    2 dt 168.087912 rms  0.708  1.451% neg 0  invalid 762 tFOTS 4.2030 tGradient 2.3540 tsec 6.9240
#FOTS# QuadFit found better minimum quadopt=(dt=142.769,rms=0.703294) vs oldopt=(dt=92.48,rms=0.70409)
#GCMRL#    3 dt 142.769231 rms  0.703  0.621% neg 0  invalid 762 tFOTS 4.3250 tGradient 3.0660 tsec 7.7330
#GCMRL#    4 dt 369.920000 rms  0.698  0.761% neg 0  invalid 762 tFOTS 4.2430 tGradient 2.3430 tsec 6.9160
#FOTS# QuadFit found better minimum quadopt=(dt=110.976,rms=0.694367) vs oldopt=(dt=92.48,rms=0.694532)
#GCMRL#    5 dt 110.976000 rms  0.694  0.512% neg 0  invalid 762 tFOTS 4.1320 tGradient 2.4150 tsec 6.8630
#FOTS# QuadFit found better minimum quadopt=(dt=517.888,rms=0.688755) vs oldopt=(dt=369.92,rms=0.689852)
#GCMRL#    6 dt 517.888000 rms  0.689  0.808% neg 0  invalid 762 tFOTS 4.0730 tGradient 2.3080 tsec 6.6970
#FOTS# QuadFit found better minimum quadopt=(dt=110.976,rms=0.686605) vs oldopt=(dt=92.48,rms=0.68667)
#GCMRL#    7 dt 110.976000 rms  0.687  0.312% neg 0  invalid 762 tFOTS 4.3170 tGradient 2.2390 tsec 6.8730
#FOTS# QuadFit found better minimum quadopt=(dt=517.888,rms=0.682919) vs oldopt=(dt=369.92,rms=0.683506)
#GCMRL#    8 dt 517.888000 rms  0.683  0.537% neg 0  invalid 762 tFOTS 4.1610 tGradient 2.3210 tsec 6.8060
#GCMRL#    9 dt  92.480000 rms  0.681  0.000% neg 0  invalid 762 tFOTS 4.4820 tGradient 2.1940 tsec 7.0060
#GCMRL#   10 dt  92.480000 rms  0.681  0.098% neg 0  invalid 762 tFOTS 0.0000 tGradient 2.2830 tsec 2.5450
#GCMRL#   11 dt  92.480000 rms  0.679  0.181% neg 0  invalid 762 tFOTS 0.0000 tGradient 2.2910 tsec 2.5670
#GCMRL#   12 dt  92.480000 rms  0.678  0.241% neg 0  invalid 762 tFOTS 0.0000 tGradient 2.2340 tsec 2.5170
#GCMRL#   13 dt  92.480000 rms  0.676  0.286% neg 0  invalid 762 tFOTS 0.0000 tGradient 2.1400 tsec 2.4120
#GCMRL#   14 dt  92.480000 rms  0.674  0.296% neg 0  invalid 762 tFOTS 0.0000 tGradient 2.2210 tsec 2.4990
#GCMRL#   15 dt  92.480000 rms  0.672  0.268% neg 0  invalid 762 tFOTS 0.0000 tGradient 2.1670 tsec 2.4360
#GCMRL#   16 dt  92.480000 rms  0.670  0.253% neg 0  invalid 762 tFOTS 0.0000 tGradient 2.2930 tsec 2.5630
#GCMRL#   17 dt  92.480000 rms  0.669  0.226% neg 0  invalid 762 tFOTS 0.0000 tGradient 2.2100 tsec 2.4920
#GCMRL#   18 dt  92.480000 rms  0.667  0.194% neg 0  invalid 762 tFOTS 0.0000 tGradient 2.1950 tsec 2.4640
#GCMRL#   19 dt  92.480000 rms  0.666  0.159% neg 0  invalid 762 tFOTS 0.0000 tGradient 2.2270 tsec 2.4940
#GCMRL#   20 dt  92.480000 rms  0.665  0.136% neg 0  invalid 762 tFOTS 0.0000 tGradient 2.2750 tsec 2.5430
#GCMRL#   21 dt  92.480000 rms  0.665  0.115% neg 0  invalid 762 tFOTS 0.0000 tGradient 2.3060 tsec 2.5800
#GCMRL#   22 dt  92.480000 rms  0.664  0.101% neg 0  invalid 762 tFOTS 0.0000 tGradient 2.2230 tsec 2.5220
#FOTS# QuadFit found better minimum quadopt=(dt=517.888,rms=0.663428) vs oldopt=(dt=369.92,rms=0.663546)
#GCMRL#   23 dt 517.888000 rms  0.663  0.000% neg 0  invalid 762 tFOTS 4.0100 tGradient 2.2930 tsec 6.6190

#GCAMreg# pass 0 level1 5 level2 1 tsec 120.282 sigma 0.5
l_jacobian=1.00 l_label=1.00 l_log_likelihood=0.20 l_smoothness=0.16 
tol=2.50e-01, dt=5.00e-02, exp_k=20.0, momentum=0.90, levels=6, niter=500, lbl_dist=10.00, avgs=256, sigma=0.5,type=2, relabel=0, neg=no

blurring input image with Gaussian with sigma=0.500...
GCAMRegisterLevel(): init RMS 0.66372
#FOTS# QuadFit found better minimum quadopt=(dt=129.472,rms=0.662279) vs oldopt=(dt=92.48,rms=0.662493)
#GCMRL#   25 dt 129.472000 rms  0.662  0.217% neg 0  invalid 762 tFOTS 4.1190 tGradient 2.2330 tsec 6.6580
#FOTS# QuadFit found better minimum quadopt=(dt=517.888,rms=0.661146) vs oldopt=(dt=369.92,rms=0.661244)
#GCMRL#   26 dt 517.888000 rms  0.661  0.000% neg 0  invalid 762 tFOTS 4.0590 tGradient 2.2000 tsec 6.5830
setting smoothness cost coefficient to 0.615

#GCAMreg# pass 0 level1 4 level2 0 tsec 0 sigma 2
l_jacobian=1.00 l_label=1.00 l_log_likelihood=0.20 l_smoothness=0.62 
tol=2.50e-01, dt=5.00e-02, exp_k=20.0, momentum=0.90, levels=6, niter=500, lbl_dist=10.00, avgs=64, sigma=2.0,type=2, relabel=0, neg=no

blurring input image with Gaussian with sigma=2.000...
GCAMRegisterLevel(): init RMS 0.672079
#FOTS# QuadFit found better minimum quadopt=(dt=63.0601,rms=0.66822) vs oldopt=(dt=103.68,rms=0.66937)
#GCMRL#   28 dt  63.060080 rms  0.668  0.574% neg 0  invalid 762 tFOTS 4.3910 tGradient 1.7310 tsec 6.4730
#FOTS# QuadFit found better minimum quadopt=(dt=145.152,rms=0.663369) vs oldopt=(dt=103.68,rms=0.664175)
#GCMRL#   29 dt 145.152000 rms  0.663  0.726% neg 0  invalid 762 tFOTS 4.2610 tGradient 2.0930 tsec 6.6540
#FOTS# QuadFit found better minimum quadopt=(dt=145.152,rms=0.660264) vs oldopt=(dt=103.68,rms=0.660694)
#GCMRL#   30 dt 145.152000 rms  0.660  0.468% neg 0  invalid 762 tFOTS 3.9540 tGradient 1.7520 tsec 5.9790
#FOTS# QuadFit found better minimum quadopt=(dt=36.288,rms=0.65845) vs oldopt=(dt=25.92,rms=0.658797)
#GCMRL#   31 dt  36.288000 rms  0.658  0.275% neg 0  invalid 762 tFOTS 3.6170 tGradient 1.8500 tsec 5.7430
#FOTS# QuadFit found better minimum quadopt=(dt=497.664,rms=0.655326) vs oldopt=(dt=414.72,rms=0.655344)
#GCMRL#   32 dt 497.664000 rms  0.655  0.475% neg 0  invalid 762 tFOTS 3.5860 tGradient 1.7360 tsec 5.5900
#FOTS# QuadFit found better minimum quadopt=(dt=64.8421,rms=0.653321) vs oldopt=(dt=25.92,rms=0.653759)
#GCMRL#   33 dt  64.842105 rms  0.653  0.306% neg 0  invalid 762 tFOTS 3.5960 tGradient 1.7750 tsec 5.6480
#FOTS# QuadFit found better minimum quadopt=(dt=63.7229,rms=0.652063) vs oldopt=(dt=103.68,rms=0.652392)
#GCMRL#   34 dt  63.722944 rms  0.652  0.000% neg 0  invalid 762 tFOTS 3.5930 tGradient 1.7380 tsec 5.6200

#GCAMreg# pass 0 level1 4 level2 1 tsec 51.929 sigma 0.5
l_jacobian=1.00 l_label=1.00 l_log_likelihood=0.20 l_smoothness=0.62 
tol=2.50e-01, dt=5.00e-02, exp_k=20.0, momentum=0.90, levels=6, niter=500, lbl_dist=10.00, avgs=64, sigma=0.5,type=2, relabel=0, neg=no

blurring input image with Gaussian with sigma=0.500...
GCAMRegisterLevel(): init RMS 0.652463
#FOTS# QuadFit found better minimum quadopt=(dt=36.288,rms=0.651449) vs oldopt=(dt=25.92,rms=0.651534)
#GCMRL#   36 dt  36.288000 rms  0.651  0.155% neg 0  invalid 762 tFOTS 3.6260 tGradient 1.7800 tsec 5.6920
#FOTS# QuadFit found better minimum quadopt=(dt=36.288,rms=0.651264) vs oldopt=(dt=25.92,rms=0.651288)
#GCMRL#   37 dt  36.288000 rms  0.651  0.000% neg 0  invalid 762 tFOTS 4.0620 tGradient 1.7380 tsec 6.1030
#GCMRL#   38 dt  36.288000 rms  0.651  0.000% neg 0  invalid 762 tFOTS 0.0000 tGradient 1.7970 tsec 2.0430
setting smoothness cost coefficient to 2.353

#GCAMreg# pass 0 level1 3 level2 0 tsec 0 sigma 2
l_jacobian=1.00 l_label=1.00 l_log_likelihood=0.20 l_smoothness=2.35 
tol=2.50e-01, dt=5.00e-02, exp_k=20.0, momentum=0.90, levels=6, niter=500, lbl_dist=10.00, avgs=16, sigma=2.0,type=2, relabel=0, neg=no

blurring input image with Gaussian with sigma=2.000...
GCAMRegisterLevel(): init RMS 0.677049
#GCMRL#   40 dt   0.500000 rms  0.677  0.063% neg 0  invalid 762 tFOTS 3.6470 tGradient 1.5140 tsec 5.4510
#FOTS# QuadFit found better minimum quadopt=(dt=0.04375,rms=0.676625) vs oldopt=(dt=0.03125,rms=0.676625)

#GCAMreg# pass 0 level1 3 level2 1 tsec 18.96 sigma 0.5
l_jacobian=1.00 l_label=1.00 l_log_likelihood=0.20 l_smoothness=2.35 
tol=2.50e-01, dt=5.00e-02, exp_k=20.0, momentum=0.90, levels=6, niter=500, lbl_dist=10.00, avgs=16, sigma=0.5,type=2, relabel=0, neg=no

blurring input image with Gaussian with sigma=0.500...
GCAMRegisterLevel(): init RMS 0.67704
#FOTS# QuadFit found better minimum quadopt=(dt=-0.000549316,rms=0.676625) vs oldopt=(dt=0.0003125,rms=0.676625)
#GCMRL#   42 dt  -0.000549 rms  0.677  0.061% neg 0  invalid 762 tFOTS 4.7230 tGradient 1.5670 tsec 6.6070
setting smoothness cost coefficient to 8.000

#GCAMreg# pass 0 level1 2 level2 0 tsec 0 sigma 2
l_jacobian=1.00 l_label=1.00 l_log_likelihood=0.20 l_smoothness=8.00 
tol=2.50e-01, dt=5.00e-02, exp_k=20.0, momentum=0.90, levels=6, niter=500, lbl_dist=10.00, avgs=4, sigma=2.0,type=2, relabel=0, neg=no

blurring input image with Gaussian with sigma=2.000...
GCAMRegisterLevel(): init RMS 0.752357
#FOTS# QuadFit found better minimum quadopt=(dt=2.69151,rms=0.732994) vs oldopt=(dt=2.88,rms=0.733086)
#GCMRL#   44 dt   2.691505 rms  0.733  2.574% neg 0  invalid 762 tFOTS 3.6300 tGradient 1.5020 tsec 5.4240
#FOTS# QuadFit found better minimum quadopt=(dt=1.81395,rms=0.731089) vs oldopt=(dt=2.88,rms=0.731755)
#GCMRL#   45 dt   1.813953 rms  0.731  0.260% neg 0  invalid 762 tFOTS 3.4360 tGradient 1.4120 tsec 5.1330
#FOTS# QuadFit found better minimum quadopt=(dt=2.41667,rms=0.729734) vs oldopt=(dt=2.88,rms=0.729783)
#GCMRL#   46 dt   2.416667 rms  0.730  0.000% neg 0  invalid 762 tFOTS 3.4620 tGradient 1.4500 tsec 5.2190

#GCAMreg# pass 0 level1 2 level2 1 tsec 25.566 sigma 0.5
l_jacobian=1.00 l_label=1.00 l_log_likelihood=0.20 l_smoothness=8.00 
tol=2.50e-01, dt=5.00e-02, exp_k=20.0, momentum=0.90, levels=6, niter=500, lbl_dist=10.00, avgs=4, sigma=0.5,type=2, relabel=0, neg=no

blurring input image with Gaussian with sigma=0.500...
GCAMRegisterLevel(): init RMS 0.730064
#GCMRL#   48 dt   0.000000 rms  0.730  0.043% neg 0  invalid 762 tFOTS 3.7180 tGradient 1.4520 tsec 5.5020
setting smoothness cost coefficient to 20.000

#GCAMreg# pass 0 level1 1 level2 0 tsec 0 sigma 2
l_jacobian=1.00 l_label=1.00 l_log_likelihood=0.20 l_smoothness=20.00 
tol=2.50e-01, dt=5.00e-02, exp_k=20.0, momentum=0.90, levels=6, niter=500, lbl_dist=10.00, avgs=1, sigma=2.0,type=2, relabel=0, neg=no

blurring input image with Gaussian with sigma=2.000...
GCAMRegisterLevel(): init RMS 0.795311
#FOTS# QuadFit found better minimum quadopt=(dt=0.256,rms=0.794487) vs oldopt=(dt=0.32,rms=0.794569)
#GCMRL#   50 dt   0.256000 rms  0.794  0.104% neg 0  invalid 762 tFOTS 4.1110 tGradient 1.3760 tsec 5.8290
#GCMRL#   51 dt   1.280000 rms  0.790  0.611% neg 0  invalid 762 tFOTS 4.0360 tGradient 1.4070 tsec 5.7750
#GCMRL#   52 dt   0.320000 rms  0.788  0.000% neg 0  invalid 762 tFOTS 4.0320 tGradient 1.3940 tsec 5.7910
#GCMRL#   53 dt   0.320000 rms  0.785  0.360% neg 0  invalid 762 tFOTS 0.0000 tGradient 1.4070 tsec 1.7620
#GCMRL#   54 dt   0.320000 rms  0.782  0.349% neg 0  invalid 762 tFOTS 0.0000 tGradient 1.3990 tsec 1.6830
#GCMRL#   55 dt   0.320000 rms  0.780  0.265% neg 0  invalid 762 tFOTS 0.0000 tGradient 1.3190 tsec 1.6480
#GCMRL#   56 dt   0.320000 rms  0.778  0.289% neg 0  invalid 762 tFOTS 0.0000 tGradient 1.3190 tsec 1.5830
#GCMRL#   57 dt   0.320000 rms  0.775  0.326% neg 0  invalid 762 tFOTS 0.0000 tGradient 1.2570 tsec 1.5230
#GCMRL#   58 dt   0.320000 rms  0.774  0.152% neg 0  invalid 762 tFOTS 0.0000 tGradient 1.2780 tsec 1.5460
#GCMRL#   59 dt   0.320000 rms  0.774  0.012% neg 0  invalid 762 tFOTS 0.0000 tGradient 1.3360 tsec 1.6080
#GCMRL#   60 dt   0.320000 rms  0.774  0.030% neg 0  invalid 762 tFOTS 0.0000 tGradient 1.2500 tsec 1.5000
#GCMRL#   61 dt   0.320000 rms  0.773  0.084% neg 0  invalid 762 tFOTS 0.0000 tGradient 1.2800 tsec 1.5540
#GCMRL#   62 dt   0.320000 rms  0.773  0.000% neg 0  invalid 762 tFOTS 0.0000 tGradient 1.4710 tsec 1.7480
#FOTS# QuadFit found better minimum quadopt=(dt=0.112,rms=0.772985) vs oldopt=(dt=0.08,rms=0.773003)
#GCMRL#   63 dt   0.112000 rms  0.773  0.012% neg 0  invalid 762 tFOTS 3.3000 tGradient 1.4100 tsec 5.0010
#FOTS# QuadFit found better minimum quadopt=(dt=1.024,rms=0.772351) vs oldopt=(dt=1.28,rms=0.772386)
#GCMRL#   64 dt   1.024000 rms  0.772  0.082% neg 0  invalid 762 tFOTS 3.4150 tGradient 1.4210 tsec 5.1410
#FOTS# QuadFit found better minimum quadopt=(dt=0.384,rms=0.770808) vs oldopt=(dt=0.32,rms=0.770866)
#GCMRL#   65 dt   0.384000 rms  0.771  0.200% neg 0  invalid 762 tFOTS 3.4470 tGradient 1.3580 tsec 5.0940
#GCMRL#   66 dt   0.080000 rms  0.771  0.000% neg 0  invalid 762 tFOTS 3.5850 tGradient 1.4320 tsec 5.3180
#GCMRL#   67 dt   0.080000 rms  0.771  0.002% neg 0  invalid 762 tFOTS 0.0000 tGradient 1.3900 tsec 1.6670

#GCAMreg# pass 0 level1 1 level2 1 tsec 65.63 sigma 0.5
l_jacobian=1.00 l_label=1.00 l_log_likelihood=0.20 l_smoothness=20.00 
tol=2.50e-01, dt=5.00e-02, exp_k=20.0, momentum=0.90, levels=6, niter=500, lbl_dist=10.00, avgs=1, sigma=0.5,type=2, relabel=0, neg=no

blurring input image with Gaussian with sigma=0.500...
GCAMRegisterLevel(): init RMS 0.771035
#GCMRL#   69 dt   0.320000 rms  0.770  0.079% neg 0  invalid 762 tFOTS 3.4270 tGradient 1.2750 tsec 4.9800
#GCMRL#   70 dt   0.320000 rms  0.770  0.000% neg 0  invalid 762 tFOTS 3.4280 tGradient 1.3470 tsec 5.0560
#GCMRL#   71 dt   0.320000 rms  0.770  0.014% neg 0  invalid 762 tFOTS 0.0000 tGradient 1.2110 tsec 1.4650
#GCMRL#   72 dt   0.320000 rms  0.770  0.030% neg 0  invalid 762 tFOTS 0.0000 tGradient 1.2970 tsec 1.5490
#GCMRL#   73 dt   0.320000 rms  0.770  0.049% neg 0  invalid 762 tFOTS 0.0000 tGradient 1.2930 tsec 1.5500
#GCMRL#   74 dt   0.320000 rms  0.769  0.045% neg 0  invalid 762 tFOTS 0.0000 tGradient 1.2750 tsec 1.5170
#GCMRL#   75 dt   0.320000 rms  0.769  0.045% neg 0  invalid 762 tFOTS 0.0000 tGradient 1.2030 tsec 1.4550
resetting metric properties...
setting smoothness cost coefficient to 40.000

#GCAMreg# pass 0 level1 0 level2 0 tsec 0 sigma 2
l_jacobian=1.00 l_label=1.00 l_log_likelihood=0.20 l_smoothness=40.00 
tol=2.50e-01, dt=5.00e-02, exp_k=20.0, momentum=0.90, levels=6, niter=500, lbl_dist=10.00, avgs=0, sigma=2.0,type=2, relabel=0, neg=no

blurring input image with Gaussian with sigma=2.000...
GCAMRegisterLevel(): init RMS 0.748017
#FOTS# QuadFit found better minimum quadopt=(dt=0.219317,rms=0.743107) vs oldopt=(dt=0.32,rms=0.743814)
#GCMRL#   77 dt   0.219317 rms  0.743  0.656% neg 0  invalid 762 tFOTS 3.5150 tGradient 0.8290 tsec 4.6110
#GCMRL#   78 dt   0.020000 rms  0.743  0.000% neg 0  invalid 762 tFOTS 3.4590 tGradient 0.8270 tsec 4.5840

#GCAMreg# pass 0 level1 0 level2 1 tsec 18.476 sigma 0.5
l_jacobian=1.00 l_label=1.00 l_log_likelihood=0.20 l_smoothness=40.00 
tol=2.50e-01, dt=5.00e-02, exp_k=20.0, momentum=0.90, levels=6, niter=500, lbl_dist=10.00, avgs=0, sigma=0.5,type=2, relabel=0, neg=no

blurring input image with Gaussian with sigma=0.500...
GCAMRegisterLevel(): init RMS 0.743249
#FOTS# QuadFit found better minimum quadopt=(dt=0.007,rms=0.742845) vs oldopt=(dt=0.005,rms=0.742853)
#GCMRL#   80 dt   0.007000 rms  0.743  0.054% neg 0  invalid 762 tFOTS 3.4270 tGradient 0.8420 tsec 4.5620
#GCMRL#   81 dt   0.005000 rms  0.743  0.000% neg 0  invalid 762 tFOTS 3.4760 tGradient 0.7970 tsec 4.5990
GCAMregister done in 6.54238 min
Starting GCAmapRenormalizeWithAlignment() without scales
renormalizing by structure alignment....
renormalizing input #0
gca peak = 0.10253 (16)
mri peak = 0.09543 (18)
Left_Lateral_Ventricle (4): linear fit = 0.87 x + 0.0 (541 voxels, overlap=0.743)
Left_Lateral_Ventricle (4): linear fit = 0.87 x + 0.0 (541 voxels, peak = 14), gca=13.8
gca peak = 0.17690 (16)
mri peak = 0.14164 (16)
Right_Lateral_Ventricle (43): linear fit = 0.92 x + 0.0 (413 voxels, overlap=0.790)
Right_Lateral_Ventricle (43): linear fit = 0.92 x + 0.0 (413 voxels, peak = 15), gca=14.6
gca peak = 0.28275 (96)
mri peak = 0.12745 (101)
Right_Pallidum (52): linear fit = 1.04 x + 0.0 (781 voxels, overlap=0.820)
Right_Pallidum (52): linear fit = 1.04 x + 0.0 (781 voxels, peak = 100), gca=100.3
gca peak = 0.18948 (93)
mri peak = 0.15216 (99)
Left_Pallidum (13): linear fit = 1.04 x + 0.0 (633 voxels, overlap=0.619)
Left_Pallidum (13): linear fit = 1.04 x + 0.0 (633 voxels, peak = 97), gca=97.2
gca peak = 0.20755 (55)
mri peak = 0.14467 (63)
Right_Hippocampus (53): linear fit = 1.13 x + 0.0 (745 voxels, overlap=0.050)
Right_Hippocampus (53): linear fit = 1.13 x + 0.0 (745 voxels, peak = 62), gca=62.4
gca peak = 0.31831 (58)
mri peak = 0.09906 (68)
Left_Hippocampus (17): linear fit = 1.10 x + 0.0 (817 voxels, overlap=0.189)
Left_Hippocampus (17): linear fit = 1.10 x + 0.0 (817 voxels, peak = 64), gca=63.5
gca peak = 0.11957 (102)
mri peak = 0.13065 (105)
Right_Cerebral_White_Matter (41): linear fit = 1.04 x + 0.0 (48711 voxels, overlap=0.505)
Right_Cerebral_White_Matter (41): linear fit = 1.04 x + 0.0 (48711 voxels, peak = 107), gca=106.6
gca peak = 0.11429 (102)
mri peak = 0.12363 (105)
Left_Cerebral_White_Matter (2): linear fit = 1.05 x + 0.0 (50996 voxels, overlap=0.450)
Left_Cerebral_White_Matter (2): linear fit = 1.05 x + 0.0 (50996 voxels, peak = 108), gca=107.6
gca peak = 0.14521 (59)
mri peak = 0.04294 (62)
Left_Cerebral_Cortex (3): linear fit = 1.08 x + 0.0 (22690 voxels, overlap=0.909)
Left_Cerebral_Cortex (3): linear fit = 1.08 x + 0.0 (22690 voxels, peak = 63), gca=63.4
gca peak = 0.14336 (58)
mri peak = 0.04437 (63)
Right_Cerebral_Cortex (42): linear fit = 1.08 x + 0.0 (20578 voxels, overlap=0.955)
Right_Cerebral_Cortex (42): linear fit = 1.08 x + 0.0 (20578 voxels, peak = 62), gca=62.4
gca peak = 0.13305 (70)
mri peak = 0.13460 (77)
Right_Caudate (50): linear fit = 1.13 x + 0.0 (831 voxels, overlap=0.126)
Right_Caudate (50): linear fit = 1.13 x + 0.0 (831 voxels, peak = 79), gca=79.4
gca peak = 0.15761 (71)
mri peak = 0.10038 (79)
Left_Caudate (11): linear fit = 1.05 x + 0.0 (775 voxels, overlap=0.801)
Left_Caudate (11): linear fit = 1.05 x + 0.0 (775 voxels, peak = 75), gca=74.9
gca peak = 0.13537 (57)
mri peak = 0.03239 (41)
Left_Cerebellum_Cortex (8): linear fit = 0.75 x + 0.0 (25411 voxels, overlap=0.076)
Left_Cerebellum_Cortex (8): linear fit = 0.75 x + 0.0 (25411 voxels, peak = 43), gca=43.0
gca peak = 0.13487 (56)
mri peak = 0.03288 (41)
Right_Cerebellum_Cortex (47): linear fit = 0.73 x + 0.0 (25303 voxels, overlap=0.015)
Right_Cerebellum_Cortex (47): linear fit = 0.73 x + 0.0 (25303 voxels, peak = 41), gca=40.6
gca peak = 0.19040 (84)
mri peak = 0.06280 (93)
Left_Cerebellum_White_Matter (7): linear fit = 1.11 x + 0.0 (8198 voxels, overlap=0.648)
Left_Cerebellum_White_Matter (7): linear fit = 1.11 x + 0.0 (8198 voxels, peak = 93), gca=92.8
gca peak = 0.18871 (83)
mri peak = 0.07106 (93)
Right_Cerebellum_White_Matter (46): linear fit = 1.11 x + 0.0 (6716 voxels, overlap=0.193)
Right_Cerebellum_White_Matter (46): linear fit = 1.11 x + 0.0 (6716 voxels, peak = 92), gca=91.7
gca peak = 0.24248 (57)
mri peak = 0.16876 (69)
Left_Amygdala (18): linear fit = 1.18 x + 0.0 (317 voxels, overlap=0.042)
Left_Amygdala (18): linear fit = 1.18 x + 0.0 (317 voxels, peak = 68), gca=67.5
gca peak = 0.35833 (56)
mri peak = 0.17152 (68)
Right_Amygdala (54): linear fit = 1.21 x + 0.0 (386 voxels, overlap=0.018)
Right_Amygdala (54): linear fit = 1.21 x + 0.0 (386 voxels, peak = 67), gca=67.5
gca peak = 0.12897 (85)
mri peak = 0.05958 (85)
Left_Thalamus (10): linear fit = 1.04 x + 0.0 (4404 voxels, overlap=0.985)
Left_Thalamus (10): linear fit = 1.04 x + 0.0 (4404 voxels, peak = 89), gca=88.8
gca peak = 0.13127 (83)
mri peak = 0.06311 (89)
Right_Thalamus (49): linear fit = 1.07 x + 0.0 (3867 voxels, overlap=0.881)
Right_Thalamus (49): linear fit = 1.07 x + 0.0 (3867 voxels, peak = 88), gca=88.4
gca peak = 0.12974 (78)
mri peak = 0.11850 (89)
Left_Putamen (12): linear fit = 1.12 x + 0.0 (1932 voxels, overlap=0.610)
Left_Putamen (12): linear fit = 1.12 x + 0.0 (1932 voxels, peak = 87), gca=87.0
gca peak = 0.17796 (79)
mri peak = 0.12379 (85)
Right_Putamen (51): linear fit = 1.10 x + 0.0 (1955 voxels, overlap=0.594)
Right_Putamen (51): linear fit = 1.10 x + 0.0 (1955 voxels, peak = 87), gca=86.5
gca peak = 0.10999 (80)
mri peak = 0.08801 (90)
Brain_Stem (16): linear fit = 1.14 x + 0.0 (9171 voxels, overlap=0.276)
Brain_Stem (16): linear fit = 1.14 x + 0.0 (9171 voxels, peak = 92), gca=91.6
gca peak = 0.13215 (88)
mri peak = 0.07910 (96)
Right_VentralDC (60): linear fit = 1.09 x + 0.0 (1242 voxels, overlap=0.421)
Right_VentralDC (60): linear fit = 1.09 x + 0.0 (1242 voxels, peak = 95), gca=95.5
gca peak = 0.11941 (89)
mri peak = 0.08290 (97)
Left_VentralDC (28): linear fit = 1.09 x + 0.0 (1371 voxels, overlap=0.545)
Left_VentralDC (28): linear fit = 1.09 x + 0.0 (1371 voxels, peak = 97), gca=96.6
gca peak = 0.20775 (25)
mri peak = 0.57143 (24)
gca peak = 0.13297 (21)
mri peak = 0.10698 (14)
Fourth_Ventricle (15): linear fit = 0.81 x + 0.0 (405 voxels, overlap=0.360)
Fourth_Ventricle (15): linear fit = 0.81 x + 0.0 (405 voxels, peak = 17), gca=17.1
gca peak Unknown = 0.94777 ( 0)
gca peak Left_Inf_Lat_Vent = 0.19087 (28)
gca peak Third_Ventricle = 0.20775 (25)
gca peak CSF = 0.16821 (33)
gca peak Left_Accumbens_area = 0.32850 (63)
gca peak Left_undetermined = 0.98480 (28)
gca peak Left_vessel = 0.40887 (53)
gca peak Left_choroid_plexus = 0.10898 (46)
gca peak Right_Inf_Lat_Vent = 0.17798 (26)
gca peak Right_Accumbens_area = 0.30137 (64)
gca peak Right_vessel = 0.47828 (52)
gca peak Right_choroid_plexus = 0.11612 (45)
gca peak Fifth_Ventricle = 0.59466 (35)
gca peak WM_hypointensities = 0.10053 (78)
gca peak non_WM_hypointensities = 0.07253 (60)
gca peak Optic_Chiasm = 0.25330 (73)
not using caudate to estimate GM means
estimating mean gm scale to be 1.13 x + 0.0
estimating mean wm scale to be 1.05 x + 0.0
estimating mean csf scale to be 0.87 x + 0.0
saving intensity scales to talairach.label_intensities.txt
GCAmapRenormalizeWithAlignment() took 2.14093 min
noneg pre
Starting GCAMregister()
label assignment complete, 0 changed (0.00%)
npasses = 1, nlevels = 6
#pass# 1 of 1 ************************
enabling zero nodes
setting smoothness cost coefficient to 0.008

#GCAMreg# pass 0 level1 5 level2 0 tsec 0 sigma 2
l_jacobian=1.00 l_label=1.00 l_log_likelihood=0.20 l_smoothness=0.01 
tol=5.00e-02, dt=5.00e-02, exp_k=20.0, momentum=0.90, levels=6, niter=500, lbl_dist=10.00, avgs=256, sigma=2.0,type=2, relabel=0, neg=no

blurring input image with Gaussian with sigma=2.000...
GCAMRegisterLevel(): init RMS 0.761423
#FOTS# QuadFit found better minimum quadopt=(dt=218.483,rms=0.726645) vs oldopt=(dt=92.48,rms=0.73833)
#GCMRL#   83 dt 218.482759 rms  0.727  4.567% neg 0  invalid 762 tFOTS 3.7540 tGradient 2.0070 tsec 6.0470
#FOTS# QuadFit found better minimum quadopt=(dt=176.746,rms=0.715051) vs oldopt=(dt=92.48,rms=0.718114)
#GCMRL#   84 dt 176.746114 rms  0.715  1.596% neg 0  invalid 762 tFOTS 3.6700 tGradient 1.9000 tsec 5.8550
#FOTS# QuadFit found better minimum quadopt=(dt=142.452,rms=0.710791) vs oldopt=(dt=92.48,rms=0.711509)
#GCMRL#   85 dt 142.451613 rms  0.711  0.596% neg 0  invalid 762 tFOTS 3.5950 tGradient 1.8430 tsec 5.7200
#FOTS# QuadFit found better minimum quadopt=(dt=295.936,rms=0.706862) vs oldopt=(dt=369.92,rms=0.707452)
#GCMRL#   86 dt 295.936000 rms  0.707  0.553% neg 0  invalid 762 tFOTS 3.6150 tGradient 1.9110 tsec 5.8090
#FOTS# QuadFit found better minimum quadopt=(dt=110.976,rms=0.703522) vs oldopt=(dt=92.48,rms=0.703604)
#GCMRL#   87 dt 110.976000 rms  0.704  0.473% neg 0  invalid 762 tFOTS 3.6540 tGradient 1.8900 tsec 5.8240
#GCMRL#   88 dt 369.920000 rms  0.700  0.482% neg 0  invalid 762 tFOTS 3.6100 tGradient 1.9560 tsec 5.8440
#FOTS# QuadFit found better minimum quadopt=(dt=110.976,rms=0.697788) vs oldopt=(dt=92.48,rms=0.697851)
#GCMRL#   89 dt 110.976000 rms  0.698  0.334% neg 0  invalid 762 tFOTS 3.9590 tGradient 1.8370 tsec 6.0760
#GCMRL#   90 dt 369.920000 rms  0.695  0.347% neg 0  invalid 762 tFOTS 3.6960 tGradient 1.9120 tsec 5.8800
#FOTS# QuadFit found better minimum quadopt=(dt=110.976,rms=0.693459) vs oldopt=(dt=92.48,rms=0.693522)
#GCMRL#   91 dt 110.976000 rms  0.693  0.274% neg 0  invalid 762 tFOTS 3.9280 tGradient 1.8510 tsec 6.0590
#GCMRL#   92 dt 369.920000 rms  0.692  0.274% neg 0  invalid 762 tFOTS 3.6870 tGradient 1.8660 tsec 5.8320
#FOTS# QuadFit found better minimum quadopt=(dt=110.976,rms=0.689925) vs oldopt=(dt=92.48,rms=0.689994)
#GCMRL#   93 dt 110.976000 rms  0.690  0.236% neg 0  invalid 762 tFOTS 4.0180 tGradient 1.8300 tsec 6.1450
#GCMRL#   94 dt 369.920000 rms  0.688  0.214% neg 0  invalid 762 tFOTS 4.2330 tGradient 1.7610 tsec 6.3140
#FOTS# QuadFit found better minimum quadopt=(dt=129.472,rms=0.687036) vs oldopt=(dt=92.48,rms=0.68712)
#GCMRL#   95 dt 129.472000 rms  0.687  0.206% neg 0  invalid 762 tFOTS 4.3380 tGradient 1.8430 tsec 6.5050
#FOTS# QuadFit found better minimum quadopt=(dt=129.472,rms=0.686369) vs oldopt=(dt=92.48,rms=0.686487)
#GCMRL#   96 dt 129.472000 rms  0.686  0.097% neg 0  invalid 762 tFOTS 4.2860 tGradient 1.8300 tsec 6.4330
#FOTS# QuadFit found better minimum quadopt=(dt=517.888,rms=0.684682) vs oldopt=(dt=369.92,rms=0.684873)
#GCMRL#   97 dt 517.888000 rms  0.685  0.246% neg 0  invalid 762 tFOTS 4.2860 tGradient 1.7940 tsec 6.4060
#GCMRL#   98 dt  92.480000 rms  0.684  0.165% neg 0  invalid 762 tFOTS 4.6280 tGradient 1.9380 tsec 6.8870
#FOTS# QuadFit found better minimum quadopt=(dt=1775.62,rms=0.679532) vs oldopt=(dt=1479.68,rms=0.679699)
#GCMRL#   99 dt 1775.616000 rms  0.680  0.589% neg 0  invalid 762 tFOTS 4.3730 tGradient 1.8260 tsec 6.5140
#GCMRL#  100 dt  92.480000 rms  0.678  0.224% neg 0  invalid 762 tFOTS 4.5810 tGradient 1.8750 tsec 6.7860
#FOTS# QuadFit found better minimum quadopt=(dt=443.904,rms=0.677512) vs oldopt=(dt=369.92,rms=0.677524)
#GCMRL#  101 dt 443.904000 rms  0.678  0.074% neg 0  invalid 762 tFOTS 4.3160 tGradient 1.8420 tsec 6.4840
#FOTS# QuadFit found better minimum quadopt=(dt=110.976,rms=0.67699) vs oldopt=(dt=92.48,rms=0.676999)
#GCMRL#  102 dt 110.976000 rms  0.677  0.077% neg 0  invalid 762 tFOTS 4.3300 tGradient 1.9290 tsec 6.5690
#FOTS# QuadFit found better minimum quadopt=(dt=129.472,rms=0.676811) vs oldopt=(dt=92.48,rms=0.676849)
#GCMRL#  103 dt 129.472000 rms  0.677  0.000% neg 0  invalid 762 tFOTS 4.6600 tGradient 1.8270 tsec 6.8270
#GCMRL#  104 dt 129.472000 rms  0.677  0.038% neg 0  invalid 762 tFOTS 0.0000 tGradient 1.9010 tsec 2.1900
#GCMRL#  105 dt 129.472000 rms  0.676  0.057% neg 0  invalid 762 tFOTS 0.0000 tGradient 1.8490 tsec 2.1310
#GCMRL#  106 dt 129.472000 rms  0.676  0.078% neg 0  invalid 762 tFOTS 0.0000 tGradient 1.8880 tsec 2.1670
#GCMRL#  107 dt 129.472000 rms  0.675  0.090% neg 0  invalid 762 tFOTS 0.0000 tGradient 1.8740 tsec 2.1590
#GCMRL#  108 dt 129.472000 rms  0.674  0.109% neg 0  invalid 762 tFOTS 0.0000 tGradient 1.8460 tsec 2.1300
#GCMRL#  109 dt 129.472000 rms  0.674  0.111% neg 0  invalid 762 tFOTS 0.0000 tGradient 1.8600 tsec 2.1440
#GCMRL#  110 dt 129.472000 rms  0.673  0.107% neg 0  invalid 762 tFOTS 0.0000 tGradient 1.8480 tsec 2.1210
#GCMRL#  111 dt 129.472000 rms  0.672  0.104% neg 0  invalid 762 tFOTS 0.0000 tGradient 1.8480 tsec 2.1230
#GCMRL#  112 dt 129.472000 rms  0.671  0.101% neg 0  invalid 762 tFOTS 0.0000 tGradient 1.9450 tsec 2.2170
#GCMRL#  113 dt 129.472000 rms  0.671  0.096% neg 0  invalid 762 tFOTS 0.0000 tGradient 1.8850 tsec 2.1590
#GCMRL#  114 dt 129.472000 rms  0.670  0.095% neg 0  invalid 762 tFOTS 0.0000 tGradient 1.9430 tsec 2.2220
#GCMRL#  115 dt 129.472000 rms  0.670  0.086% neg 0  invalid 762 tFOTS 0.0000 tGradient 1.8590 tsec 2.1330
#GCMRL#  116 dt 129.472000 rms  0.669  0.074% neg 0  invalid 762 tFOTS 0.0000 tGradient 1.8960 tsec 2.1660
#GCMRL#  117 dt 129.472000 rms  0.669  0.066% neg 0  invalid 762 tFOTS 0.0000 tGradient 2.2240 tsec 2.5180
#GCMRL#  118 dt 129.472000 rms  0.668  0.054% neg 0  invalid 762 tFOTS 0.0000 tGradient 2.4940 tsec 2.8080
#GCMRL#  119 dt 129.472000 rms  0.668  0.046% neg 0  invalid 762 tFOTS 0.0000 tGradient 2.2200 tsec 2.4960
#GCMRL#  120 dt 129.472000 rms  0.668  0.049% neg 0  invalid 762 tFOTS 0.0000 tGradient 1.8650 tsec 2.1400
#GCMRL#  121 dt 129.472000 rms  0.667  0.055% neg 0  invalid 762 tFOTS 0.0000 tGradient 1.8320 tsec 2.1050
#GCMRL#  122 dt 129.472000 rms  0.667  0.054% neg 0  invalid 762 tFOTS 0.0000 tGradient 1.8500 tsec 2.1300
#GCMRL#  123 dt 129.472000 rms  0.667  0.051% neg 0  invalid 762 tFOTS 0.0000 tGradient 2.0720 tsec 2.4020
#GCMRL#  124 dt 129.472000 rms  0.666  0.055% neg 0  invalid 762 tFOTS 0.0000 tGradient 2.0270 tsec 2.2830
#GCMRL#  125 dt 129.472000 rms  0.666  0.059% neg 0  invalid 762 tFOTS 0.0000 tGradient 1.8590 tsec 2.1240
#GCMRL#  126 dt 129.472000 rms  0.665  0.059% neg 0  invalid 762 tFOTS 0.0000 tGradient 1.8410 tsec 2.1530
#GCMRL#  127 dt 129.472000 rms  0.665  0.056% neg 0  invalid 762 tFOTS 0.0000 tGradient 1.8690 tsec 2.1240
#GCMRL#  128 dt 129.472000 rms  0.665  0.052% neg 0  invalid 762 tFOTS 0.0000 tGradient 1.7540 tsec 2.0110
#GCMRL#  129 dt 129.472000 rms  0.664  0.058% neg 0  invalid 762 tFOTS 0.0000 tGradient 1.8430 tsec 2.1050
#GCMRL#  130 dt 129.472000 rms  0.664  0.062% neg 0  invalid 762 tFOTS 0.0000 tGradient 1.8040 tsec 2.0640
#GCMRL#  131 dt 129.472000 rms  0.664  0.059% neg 0  invalid 762 tFOTS 0.0000 tGradient 1.7790 tsec 2.0440
#GCMRL#  132 dt 129.472000 rms  0.663  0.058% neg 0  invalid 762 tFOTS 0.0000 tGradient 1.8490 tsec 2.1120
#GCMRL#  133 dt 129.472000 rms  0.663  0.056% neg 0  invalid 762 tFOTS 0.0000 tGradient 1.8470 tsec 2.1100
#GCMRL#  134 dt 129.472000 rms  0.662  0.059% neg 0  invalid 762 tFOTS 0.0000 tGradient 1.8290 tsec 2.0900
#GCMRL#  135 dt 129.472000 rms  0.662  0.059% neg 0  invalid 762 tFOTS 0.0000 tGradient 1.8270 tsec 2.0880
#GCMRL#  136 dt 129.472000 rms  0.662  0.056% neg 0  invalid 762 tFOTS 0.0000 tGradient 1.8440 tsec 2.0990
#GCMRL#  137 dt 129.472000 rms  0.661  0.056% neg 0  invalid 762 tFOTS 0.0000 tGradient 1.8350 tsec 2.0990
#GCMRL#  138 dt 129.472000 rms  0.661  0.061% neg 0  invalid 762 tFOTS 0.0000 tGradient 1.8050 tsec 2.0640
#GCMRL#  139 dt 129.472000 rms  0.660  0.064% neg 0  invalid 762 tFOTS 0.0000 tGradient 1.7790 tsec 2.0480
#GCMRL#  140 dt 129.472000 rms  0.660  0.060% neg 0  invalid 762 tFOTS 0.0000 tGradient 1.7630 tsec 2.0240
#GCMRL#  141 dt 129.472000 rms  0.660  0.055% neg 0  invalid 762 tFOTS 0.0000 tGradient 1.8170 tsec 2.0810
#GCMRL#  142 dt 129.472000 rms  0.659  0.052% neg 0  invalid 762 tFOTS 0.0000 tGradient 1.7770 tsec 2.0410
#GCMRL#  143 dt 129.472000 rms  0.659  0.053% neg 0  invalid 762 tFOTS 0.0000 tGradient 1.8280 tsec 2.0880
#GCMRL#  144 dt 129.472000 rms  0.659  0.052% neg 0  invalid 762 tFOTS 0.0000 tGradient 2.3420 tsec 2.6630
#GCMRL#  145 dt 129.472000 rms  0.658  0.047% neg 0  invalid 762 tFOTS 0.0000 tGradient 2.2880 tsec 2.5850
#GCMRL#  146 dt 129.472000 rms  0.658  0.044% neg 0  invalid 762 tFOTS 0.0000 tGradient 1.8310 tsec 2.0990
#GCMRL#  147 dt 129.472000 rms  0.658  0.046% neg 0  invalid 762 tFOTS 0.0000 tGradient 1.8250 tsec 2.0820
#GCMRL#  148 dt 129.472000 rms  0.657  0.046% neg 0  invalid 762 tFOTS 0.0000 tGradient 1.8070 tsec 2.0740
#GCMRL#  149 dt 129.472000 rms  0.657  0.044% neg 0  invalid 762 tFOTS 0.0000 tGradient 1.8470 tsec 2.1080
#GCMRL#  150 dt 129.472000 rms  0.657  0.041% neg 0  invalid 762 tFOTS 0.0000 tGradient 1.8460 tsec 2.1040
#GCMRL#  151 dt 129.472000 rms  0.657  0.039% neg 0  invalid 762 tFOTS 0.0000 tGradient 1.8470 tsec 2.1180
#GCMRL#  152 dt 129.472000 rms  0.656  0.039% neg 0  invalid 762 tFOTS 0.0000 tGradient 1.8490 tsec 2.1150
#GCMRL#  153 dt 129.472000 rms  0.656  0.037% neg 0  invalid 762 tFOTS 0.0000 tGradient 1.8180 tsec 2.0810
#GCMRL#  154 dt 129.472000 rms  0.656  0.033% neg 0  invalid 762 tFOTS 0.0000 tGradient 1.8200 tsec 2.0820
#GCMRL#  155 dt 129.472000 rms  0.656  0.032% neg 0  invalid 762 tFOTS 0.0000 tGradient 1.8510 tsec 2.1240
#GCMRL#  156 dt 129.472000 rms  0.655  0.032% neg 0  invalid 762 tFOTS 0.0000 tGradient 1.7960 tsec 2.0510
#GCMRL#  157 dt 129.472000 rms  0.655  0.031% neg 0  invalid 762 tFOTS 0.0000 tGradient 1.8410 tsec 2.1470
#GCMRL#  158 dt 129.472000 rms  0.655  0.028% neg 0  invalid 762 tFOTS 0.0000 tGradient 2.2070 tsec 2.5230
#GCMRL#  159 dt 129.472000 rms  0.655  0.029% neg 0  invalid 762 tFOTS 0.0000 tGradient 1.8520 tsec 2.1270
#GCMRL#  160 dt 129.472000 rms  0.655  0.027% neg 0  invalid 762 tFOTS 0.0000 tGradient 1.8440 tsec 2.1070
#GCMRL#  161 dt 129.472000 rms  0.655  0.026% neg 0  invalid 762 tFOTS 0.0000 tGradient 1.7660 tsec 2.0300
#GCMRL#  162 dt 129.472000 rms  0.654  0.025% neg 0  invalid 762 tFOTS 0.0000 tGradient 1.8830 tsec 2.1910
#GCMRL#  163 dt 129.472000 rms  0.654  0.025% neg 0  invalid 762 tFOTS 0.0000 tGradient 1.8470 tsec 2.1270
#GCMRL#  164 dt 129.472000 rms  0.654  0.023% neg 0  invalid 762 tFOTS 0.0000 tGradient 1.8470 tsec 2.1210
#GCMRL#  165 dt 129.472000 rms  0.654  0.022% neg 0  invalid 762 tFOTS 0.0000 tGradient 1.8820 tsec 2.1710
#FOTS# QuadFit found better minimum quadopt=(dt=2071.55,rms=0.653796) vs oldopt=(dt=1479.68,rms=0.653813)
#GCMRL#  166 dt 2071.552000 rms  0.654  0.000% neg 0  invalid 762 tFOTS 4.4260 tGradient 1.8410 tsec 6.6130

#GCAMreg# pass 0 level1 5 level2 1 tsec 282.26 sigma 0.5
l_jacobian=1.00 l_label=1.00 l_log_likelihood=0.20 l_smoothness=0.01 
tol=5.00e-02, dt=5.00e-02, exp_k=20.0, momentum=0.90, levels=6, niter=500, lbl_dist=10.00, avgs=256, sigma=0.5,type=2, relabel=0, neg=no

blurring input image with Gaussian with sigma=0.500...
GCAMRegisterLevel(): init RMS 0.654184
#FOTS# QuadFit found better minimum quadopt=(dt=129.472,rms=0.653169) vs oldopt=(dt=92.48,rms=0.653256)
#GCMRL#  168 dt 129.472000 rms  0.653  0.155% neg 0  invalid 762 tFOTS 4.2620 tGradient 1.8600 tsec 6.4570
#GCMRL#  169 dt 369.920000 rms  0.653  0.077% neg 0  invalid 762 tFOTS 4.2720 tGradient 1.8370 tsec 6.4490
#GCMRL#  170 dt  92.480000 rms  0.652  0.054% neg 0  invalid 762 tFOTS 4.0180 tGradient 2.1780 tsec 6.4670
#FOTS# QuadFit found better minimum quadopt=(dt=517.888,rms=0.651946) vs oldopt=(dt=369.92,rms=0.652013)
#GCMRL#  171 dt 517.888000 rms  0.652  0.057% neg 0  invalid 762 tFOTS 3.9600 tGradient 1.8320 tsec 6.0690
#GCMRL#  172 dt  92.480000 rms  0.652  0.000% neg 0  invalid 762 tFOTS 4.4090 tGradient 2.0640 tsec 6.7930
#GCMRL#  173 dt  92.480000 rms  0.652  0.005% neg 0  invalid 762 tFOTS 0.0000 tGradient 1.8120 tsec 2.0680
#GCMRL#  174 dt  92.480000 rms  0.652  0.015% neg 0  invalid 762 tFOTS 0.0000 tGradient 1.8220 tsec 2.0730
#GCMRL#  175 dt  92.480000 rms  0.651  0.022% neg 0  invalid 762 tFOTS 0.0000 tGradient 1.8160 tsec 2.0730
#GCMRL#  176 dt  92.480000 rms  0.651  0.025% neg 0  invalid 762 tFOTS 0.0000 tGradient 1.8100 tsec 2.0620
#GCMRL#  177 dt  92.480000 rms  0.651  0.028% neg 0  invalid 762 tFOTS 0.0000 tGradient 1.8350 tsec 2.0960
#GCMRL#  178 dt  92.480000 rms  0.651  0.031% neg 0  invalid 762 tFOTS 0.0000 tGradient 1.8450 tsec 2.1230
#GCMRL#  179 dt  92.480000 rms  0.651  0.032% neg 0  invalid 762 tFOTS 0.0000 tGradient 1.8890 tsec 2.1560
#GCMRL#  180 dt  92.480000 rms  0.651  0.033% neg 0  invalid 762 tFOTS 0.0000 tGradient 1.8040 tsec 2.0760
#GCMRL#  181 dt  92.480000 rms  0.650  0.031% neg 0  invalid 762 tFOTS 0.0000 tGradient 1.8920 tsec 2.1600
#GCMRL#  182 dt  92.480000 rms  0.650  0.030% neg 0  invalid 762 tFOTS 0.0000 tGradient 1.9280 tsec 2.1900
#GCMRL#  183 dt  92.480000 rms  0.650  0.029% neg 0  invalid 762 tFOTS 0.0000 tGradient 1.8850 tsec 2.1530
#GCMRL#  184 dt  92.480000 rms  0.650  0.028% neg 0  invalid 762 tFOTS 0.0000 tGradient 1.8590 tsec 2.1330
#GCMRL#  185 dt  92.480000 rms  0.650  0.029% neg 0  invalid 762 tFOTS 0.0000 tGradient 1.8620 tsec 2.1410
#GCMRL#  186 dt  92.480000 rms  0.649  0.029% neg 0  invalid 762 tFOTS 0.0000 tGradient 1.8510 tsec 2.1140
#GCMRL#  187 dt  92.480000 rms  0.649  0.029% neg 0  invalid 762 tFOTS 0.0000 tGradient 2.2460 tsec 2.5570
#GCMRL#  188 dt  92.480000 rms  0.649  0.028% neg 0  invalid 762 tFOTS 0.0000 tGradient 1.9000 tsec 2.1690
#GCMRL#  189 dt  92.480000 rms  0.649  0.026% neg 0  invalid 762 tFOTS 0.0000 tGradient 1.8570 tsec 2.1260
#GCMRL#  190 dt  92.480000 rms  0.649  0.026% neg 0  invalid 762 tFOTS 0.0000 tGradient 1.9570 tsec 2.2720
#GCMRL#  191 dt  92.480000 rms  0.648  0.025% neg 0  invalid 762 tFOTS 0.0000 tGradient 1.8290 tsec 2.0910
#GCMRL#  192 dt  92.480000 rms  0.648  0.024% neg 0  invalid 762 tFOTS 0.0000 tGradient 1.9750 tsec 2.2720
#GCMRL#  193 dt  92.480000 rms  0.648  0.021% neg 0  invalid 762 tFOTS 0.0000 tGradient 1.8520 tsec 2.1420
#FOTS# QuadFit found better minimum quadopt=(dt=517.888,rms=0.648169) vs oldopt=(dt=369.92,rms=0.648174)
#GCMRL#  194 dt 517.888000 rms  0.648  0.000% neg 0  invalid 762 tFOTS 4.5160 tGradient 1.8890 tsec 6.7600
setting smoothness cost coefficient to 0.031

#GCAMreg# pass 0 level1 4 level2 0 tsec 0 sigma 2
l_jacobian=1.00 l_label=1.00 l_log_likelihood=0.20 l_smoothness=0.03 
tol=5.00e-02, dt=5.00e-02, exp_k=20.0, momentum=0.90, levels=6, niter=500, lbl_dist=10.00, avgs=64, sigma=2.0,type=2, relabel=0, neg=no

blurring input image with Gaussian with sigma=2.000...
GCAMRegisterLevel(): init RMS 0.650759
#FOTS# QuadFit found better minimum quadopt=(dt=113.714,rms=0.647487) vs oldopt=(dt=103.68,rms=0.647499)
#GCMRL#  196 dt 113.714286 rms  0.647  0.503% neg 0  invalid 762 tFOTS 4.3450 tGradient 1.5860 tsec 6.2600
#FOTS# QuadFit found better minimum quadopt=(dt=202.532,rms=0.641581) vs oldopt=(dt=103.68,rms=0.642763)
#GCMRL#  197 dt 202.531646 rms  0.642  0.912% neg 0  invalid 762 tFOTS 4.2290 tGradient 1.5360 tsec 6.0610
#FOTS# QuadFit found better minimum quadopt=(dt=64.4706,rms=0.637888) vs oldopt=(dt=25.92,rms=0.638874)
#GCMRL#  198 dt  64.470588 rms  0.638  0.576% neg 0  invalid 762 tFOTS 4.4690 tGradient 1.5020 tsec 6.2850
#FOTS# QuadFit found better minimum quadopt=(dt=145.152,rms=0.635312) vs oldopt=(dt=103.68,rms=0.635583)
#GCMRL#  199 dt 145.152000 rms  0.635  0.404% neg 0  invalid 762 tFOTS 4.0120 tGradient 1.5110 tsec 5.8420
#FOTS# QuadFit found better minimum quadopt=(dt=62.208,rms=0.632761) vs oldopt=(dt=103.68,rms=0.633667)
#GCMRL#  200 dt  62.208000 rms  0.633  0.402% neg 0  invalid 762 tFOTS 4.2710 tGradient 1.5500 tsec 6.1260
#FOTS# QuadFit found better minimum quadopt=(dt=88.4029,rms=0.631571) vs oldopt=(dt=103.68,rms=0.631603)
#GCMRL#  201 dt  88.402878 rms  0.632  0.188% neg 0  invalid 762 tFOTS 4.2990 tGradient 1.5750 tsec 6.2050
#FOTS# QuadFit found better minimum quadopt=(dt=76.0867,rms=0.629532) vs oldopt=(dt=103.68,rms=0.629769)
#GCMRL#  202 dt  76.086687 rms  0.630  0.323% neg 0  invalid 762 tFOTS 4.3100 tGradient 1.5940 tsec 6.2410
#FOTS# QuadFit found better minimum quadopt=(dt=36.288,rms=0.628831) vs oldopt=(dt=25.92,rms=0.628957)
#GCMRL#  203 dt  36.288000 rms  0.629  0.111% neg 0  invalid 762 tFOTS 4.0610 tGradient 1.5230 tsec 5.9190
#FOTS# QuadFit found better minimum quadopt=(dt=580.608,rms=0.620071) vs oldopt=(dt=414.72,rms=0.62221)
#GCMRL#  204 dt 580.608000 rms  0.620  1.393% neg 0  invalid 762 tFOTS 4.1370 tGradient 1.6650 tsec 6.1370
#FOTS# QuadFit found better minimum quadopt=(dt=64.3122,rms=0.619092) vs oldopt=(dt=103.68,rms=0.619398)
#GCMRL#  205 dt  64.312195 rms  0.619  0.158% neg 0  invalid 762 tFOTS 4.3170 tGradient 1.6060 tsec 6.2620
#FOTS# QuadFit found better minimum quadopt=(dt=82.944,rms=0.618285) vs oldopt=(dt=103.68,rms=0.618316)
#GCMRL#  206 dt  82.944000 rms  0.618  0.130% neg 0  invalid 762 tFOTS 4.0900 tGradient 1.5300 tsec 5.9620
#FOTS# QuadFit found better minimum quadopt=(dt=69.0262,rms=0.617279) vs oldopt=(dt=103.68,rms=0.617487)
#GCMRL#  207 dt  69.026178 rms  0.617  0.163% neg 0  invalid 762 tFOTS 4.3900 tGradient 1.5400 tsec 6.2900
#FOTS# QuadFit found better minimum quadopt=(dt=36.288,rms=0.616783) vs oldopt=(dt=25.92,rms=0.61688)
#GCMRL#  208 dt  36.288000 rms  0.617  0.080% neg 0  invalid 762 tFOTS 4.1970 tGradient 1.5890 tsec 6.1310
#FOTS# QuadFit found better minimum quadopt=(dt=580.608,rms=0.611198) vs oldopt=(dt=414.72,rms=0.612646)
#GCMRL#  209 dt 580.608000 rms  0.611  0.905% neg 0  invalid 762 tFOTS 4.1700 tGradient 1.5580 tsec 6.0770
#FOTS# QuadFit found better minimum quadopt=(dt=82.944,rms=0.610223) vs oldopt=(dt=103.68,rms=0.610241)
#GCMRL#  210 dt  82.944000 rms  0.610  0.160% neg 0  invalid 762 tFOTS 4.1420 tGradient 1.6130 tsec 6.0890
#FOTS# QuadFit found better minimum quadopt=(dt=36.288,rms=0.609982) vs oldopt=(dt=25.92,rms=0.610018)
#GCMRL#  211 dt  36.288000 rms  0.610  0.000% neg 0  invalid 762 tFOTS 4.1230 tGradient 1.5220 tsec 6.0120
#GCMRL#  212 dt  36.288000 rms  0.610  0.057% neg 0  invalid 762 tFOTS 0.0000 tGradient 1.5770 tsec 1.8370
#GCMRL#  213 dt  36.288000 rms  0.609  0.090% neg 0  invalid 762 tFOTS 0.0000 tGradient 1.5770 tsec 1.8370
#GCMRL#  214 dt  36.288000 rms  0.608  0.122% neg 0  invalid 762 tFOTS 0.0000 tGradient 1.5890 tsec 1.8600
#GCMRL#  215 dt  36.288000 rms  0.607  0.148% neg 0  invalid 762 tFOTS 0.0000 tGradient 1.6180 tsec 1.8810
#GCMRL#  216 dt  36.288000 rms  0.606  0.172% neg 0  invalid 762 tFOTS 0.0000 tGradient 1.5770 tsec 1.8540
#GCMRL#  217 dt  36.288000 rms  0.605  0.190% neg 0  invalid 762 tFOTS 0.0000 tGradient 1.5970 tsec 1.8630
#GCMRL#  218 dt  36.288000 rms  0.604  0.209% neg 0  invalid 762 tFOTS 0.0000 tGradient 1.5440 tsec 1.8130
#GCMRL#  219 dt  36.288000 rms  0.603  0.218% neg 0  invalid 762 tFOTS 0.0000 tGradient 1.5290 tsec 1.8010
#GCMRL#  220 dt  36.288000 rms  0.601  0.229% neg 0  invalid 762 tFOTS 0.0000 tGradient 1.5460 tsec 1.8050
#GCMRL#  221 dt  36.288000 rms  0.600  0.223% neg 0  invalid 762 tFOTS 0.0000 tGradient 1.5470 tsec 1.8210
#GCMRL#  222 dt  36.288000 rms  0.599  0.218% neg 0  invalid 762 tFOTS 0.0000 tGradient 1.5230 tsec 1.7830
#GCMRL#  223 dt  36.288000 rms  0.597  0.216% neg 0  invalid 762 tFOTS 0.0000 tGradient 1.5120 tsec 1.7790
#GCMRL#  224 dt  36.288000 rms  0.596  0.215% neg 0  invalid 762 tFOTS 0.0000 tGradient 1.5750 tsec 1.8540
#GCMRL#  225 dt  36.288000 rms  0.595  0.197% neg 0  invalid 762 tFOTS 0.0000 tGradient 1.5320 tsec 1.7950
#GCMRL#  226 dt  36.288000 rms  0.594  0.186% neg 0  invalid 762 tFOTS 0.0000 tGradient 1.5140 tsec 1.7810
#GCMRL#  227 dt  36.288000 rms  0.593  0.170% neg 0  invalid 762 tFOTS 0.0000 tGradient 1.5470 tsec 1.8160
#GCMRL#  228 dt  36.288000 rms  0.592  0.163% neg 0  invalid 762 tFOTS 0.0000 tGradient 1.5580 tsec 1.8410
#GCMRL#  229 dt  36.288000 rms  0.591  0.159% neg 0  invalid 762 tFOTS 0.0000 tGradient 1.5540 tsec 1.8340
#GCMRL#  230 dt  36.288000 rms  0.590  0.157% neg 0  invalid 762 tFOTS 0.0000 tGradient 1.5450 tsec 1.8190
#GCMRL#  231 dt  36.288000 rms  0.589  0.150% neg 0  invalid 762 tFOTS 0.0000 tGradient 1.5550 tsec 1.8310
#GCMRL#  232 dt  36.288000 rms  0.588  0.141% neg 0  invalid 762 tFOTS 0.0000 tGradient 1.5730 tsec 1.8430
#GCMRL#  233 dt  36.288000 rms  0.587  0.134% neg 0  invalid 762 tFOTS 0.0000 tGradient 1.5730 tsec 1.8510
#GCMRL#  234 dt  36.288000 rms  0.587  0.129% neg 0  invalid 762 tFOTS 0.0000 tGradient 1.5420 tsec 1.8060
#GCMRL#  235 dt  36.288000 rms  0.586  0.123% neg 0  invalid 762 tFOTS 0.0000 tGradient 1.5410 tsec 1.8130
#GCMRL#  236 dt  36.288000 rms  0.585  0.121% neg 0  invalid 762 tFOTS 0.0000 tGradient 1.5340 tsec 1.8050
#GCMRL#  237 dt  36.288000 rms  0.585  0.118% neg 0  invalid 762 tFOTS 0.0000 tGradient 1.5610 tsec 1.8310
#GCMRL#  238 dt  36.288000 rms  0.584  0.113% neg 0  invalid 762 tFOTS 0.0000 tGradient 1.5530 tsec 1.8310
#GCMRL#  239 dt  36.288000 rms  0.583  0.113% neg 0  invalid 762 tFOTS 0.0000 tGradient 1.5390 tsec 1.7990
#GCMRL#  240 dt  36.288000 rms  0.583  0.111% neg 0  invalid 762 tFOTS 0.0000 tGradient 1.5650 tsec 1.8240
#GCMRL#  241 dt  36.288000 rms  0.582  0.110% neg 0  invalid 762 tFOTS 0.0000 tGradient 1.5530 tsec 1.8190
#GCMRL#  242 dt  36.288000 rms  0.581  0.106% neg 0  invalid 762 tFOTS 0.0000 tGradient 1.5800 tsec 1.8560
#GCMRL#  243 dt  36.288000 rms  0.581  0.101% neg 0  invalid 762 tFOTS 0.0000 tGradient 1.5640 tsec 1.8370
#GCMRL#  244 dt  36.288000 rms  0.580  0.099% neg 0  invalid 762 tFOTS 0.0000 tGradient 1.5580 tsec 1.8300
#GCMRL#  245 dt  36.288000 rms  0.580  0.095% neg 0  invalid 762 tFOTS 0.0000 tGradient 1.5730 tsec 1.8310
#GCMRL#  246 dt  36.288000 rms  0.579  0.088% neg 0  invalid 762 tFOTS 0.0000 tGradient 1.5250 tsec 1.7930
#GCMRL#  247 dt  36.288000 rms  0.579  0.082% neg 0  invalid 762 tFOTS 0.0000 tGradient 1.5280 tsec 1.7960
#GCMRL#  248 dt  36.288000 rms  0.578  0.076% neg 0  invalid 762 tFOTS 0.0000 tGradient 1.5360 tsec 1.8020
#GCMRL#  249 dt  36.288000 rms  0.578  0.074% neg 0  invalid 762 tFOTS 0.0000 tGradient 1.5430 tsec 1.8060
#GCMRL#  250 dt  36.288000 rms  0.577  0.071% neg 0  invalid 762 tFOTS 0.0000 tGradient 1.5670 tsec 1.8280
#GCMRL#  251 dt  36.288000 rms  0.577  0.067% neg 0  invalid 762 tFOTS 0.0000 tGradient 1.5620 tsec 1.8360
#GCMRL#  252 dt  36.288000 rms  0.577  0.065% neg 0  invalid 762 tFOTS 0.0000 tGradient 1.5660 tsec 1.8280
#GCMRL#  253 dt  36.288000 rms  0.576  0.066% neg 0  invalid 762 tFOTS 0.0000 tGradient 1.6130 tsec 1.8820
#GCMRL#  254 dt  36.288000 rms  0.576  0.065% neg 0  invalid 762 tFOTS 0.0000 tGradient 1.5880 tsec 1.8640
#GCMRL#  255 dt  36.288000 rms  0.575  0.064% neg 0  invalid 762 tFOTS 0.0000 tGradient 1.5690 tsec 1.8660
#GCMRL#  256 dt  36.288000 rms  0.575  0.061% neg 0  invalid 762 tFOTS 0.0000 tGradient 1.5550 tsec 1.8280
#GCMRL#  257 dt  36.288000 rms  0.575  0.060% neg 0  invalid 762 tFOTS 0.0000 tGradient 1.5520 tsec 1.8250
#GCMRL#  258 dt  36.288000 rms  0.574  0.061% neg 0  invalid 762 tFOTS 0.0000 tGradient 1.5260 tsec 1.7990
#GCMRL#  259 dt  36.288000 rms  0.574  0.061% neg 0  invalid 762 tFOTS 0.0000 tGradient 1.5350 tsec 1.7980
#GCMRL#  260 dt  36.288000 rms  0.574  0.057% neg 0  invalid 762 tFOTS 0.0000 tGradient 1.5410 tsec 1.8090
#GCMRL#  261 dt  36.288000 rms  0.573  0.054% neg 0  invalid 762 tFOTS 0.0000 tGradient 1.5710 tsec 1.8300
#GCMRL#  262 dt  36.288000 rms  0.573  0.054% neg 0  invalid 762 tFOTS 0.0000 tGradient 1.5920 tsec 1.8620
#GCMRL#  263 dt  36.288000 rms  0.573  0.050% neg 0  invalid 762 tFOTS 0.0000 tGradient 1.6050 tsec 1.8670
#GCMRL#  264 dt  36.288000 rms  0.573  0.047% neg 0  invalid 762 tFOTS 0.0000 tGradient 1.5510 tsec 1.8180
#GCMRL#  265 dt  36.288000 rms  0.572  0.045% neg 0  invalid 762 tFOTS 0.0000 tGradient 1.5280 tsec 1.7970
#GCMRL#  266 dt  36.288000 rms  0.572  0.044% neg 0  invalid 762 tFOTS 0.0000 tGradient 1.5980 tsec 1.8720
#GCMRL#  267 dt  36.288000 rms  0.572  0.045% neg 0  invalid 762 tFOTS 0.0000 tGradient 1.5490 tsec 1.8180
#GCMRL#  268 dt  36.288000 rms  0.572  0.045% neg 0  invalid 762 tFOTS 0.0000 tGradient 1.6030 tsec 1.8750
#GCMRL#  269 dt  36.288000 rms  0.571  0.042% neg 0  invalid 762 tFOTS 0.0000 tGradient 1.5750 tsec 1.8440
#GCMRL#  270 dt  36.288000 rms  0.571  0.041% neg 0  invalid 762 tFOTS 0.0000 tGradient 1.5340 tsec 1.8010
#GCMRL#  271 dt  36.288000 rms  0.571  0.041% neg 0  invalid 762 tFOTS 0.0000 tGradient 1.5640 tsec 1.8300
#GCMRL#  272 dt  36.288000 rms  0.571  0.040% neg 0  invalid 762 tFOTS 0.0000 tGradient 1.5370 tsec 1.8150
#GCMRL#  273 dt  36.288000 rms  0.570  0.041% neg 0  invalid 762 tFOTS 0.0000 tGradient 1.5180 tsec 1.7860
#GCMRL#  274 dt  36.288000 rms  0.570  0.039% neg 0  invalid 762 tFOTS 0.0000 tGradient 1.5520 tsec 1.8360
#GCMRL#  275 dt  36.288000 rms  0.570  0.036% neg 0  invalid 762 tFOTS 0.0000 tGradient 1.6160 tsec 1.8800
#GCMRL#  276 dt   4.536000 rms  0.570 -0.000% neg 0  invalid 762 tFOTS 0.0000 tGradient 1.5990 tsec 2.7280
#FOTS# QuadFit found better minimum quadopt=(dt=7.776,rms=0.569962) vs oldopt=(dt=6.48,rms=0.569962)
#GCMRL#  277 dt   7.776000 rms  0.570  0.000% neg 0  invalid 762 tFOTS 3.6970 tGradient 1.6090 tsec 5.6670
#FOTS# QuadFit found better minimum quadopt=(dt=0.14175,rms=0.569961) vs oldopt=(dt=0.10125,rms=0.569961)

#GCAMreg# pass 0 level1 4 level2 1 tsec 236.779 sigma 0.5
l_jacobian=1.00 l_label=1.00 l_log_likelihood=0.20 l_smoothness=0.03 
tol=5.00e-02, dt=5.00e-02, exp_k=20.0, momentum=0.90, levels=6, niter=500, lbl_dist=10.00, avgs=64, sigma=0.5,type=2, relabel=0, neg=no

blurring input image with Gaussian with sigma=0.500...
GCAMRegisterLevel(): init RMS 0.570528
#GCMRL#  279 dt   0.006328 rms  0.570  0.099% neg 0  invalid 762 tFOTS 2.4170 tGradient 1.6230 tsec 4.3950
#GCMRL#  280 dt   0.450000 rms  0.570  0.000% neg 0  invalid 762 tFOTS 1.7810 tGradient 1.5930 tsec 3.9630
#GCMRL#  281 dt   0.000879 rms  0.570  0.000% neg 0  invalid 762 tFOTS 0.0000 tGradient 1.5960 tsec 3.5710
#GCMRL#  282 dt   0.000110 rms  0.570  0.000% neg 0  invalid 762 tFOTS 0.0000 tGradient 1.5930 tsec 2.5630
setting smoothness cost coefficient to 0.118

#GCAMreg# pass 0 level1 3 level2 0 tsec 0 sigma 2
l_jacobian=1.00 l_label=1.00 l_log_likelihood=0.20 l_smoothness=0.12 
tol=5.00e-02, dt=5.00e-02, exp_k=20.0, momentum=0.90, levels=6, niter=500, lbl_dist=10.00, avgs=16, sigma=2.0,type=2, relabel=0, neg=no

blurring input image with Gaussian with sigma=2.000...
GCAMRegisterLevel(): init RMS 0.585746
#FOTS# QuadFit found better minimum quadopt=(dt=82.6693,rms=0.576712) vs oldopt=(dt=128,rms=0.578728)
#GCMRL#  284 dt  82.669331 rms  0.577  1.542% neg 0  invalid 762 tFOTS 4.3110 tGradient 1.4410 tsec 6.0910
#FOTS# QuadFit found better minimum quadopt=(dt=44.8,rms=0.569113) vs oldopt=(dt=32,rms=0.570141)
#GCMRL#  285 dt  44.800000 rms  0.569  1.317% neg 0  invalid 762 tFOTS 4.0630 tGradient 1.3900 tsec 5.8070
#FOTS# QuadFit found better minimum quadopt=(dt=29.5929,rms=0.566151) vs oldopt=(dt=32,rms=0.566196)
#GCMRL#  286 dt  29.592920 rms  0.566  0.520% neg 0  invalid 762 tFOTS 4.2250 tGradient 1.4380 tsec 5.9730
#FOTS# QuadFit found better minimum quadopt=(dt=44.8,rms=0.562829) vs oldopt=(dt=32,rms=0.563232)
#GCMRL#  287 dt  44.800000 rms  0.563  0.587% neg 0  invalid 762 tFOTS 4.0820 tGradient 1.3990 tsec 5.8160
#FOTS# QuadFit found better minimum quadopt=(dt=25.6,rms=0.560482) vs oldopt=(dt=32,rms=0.560573)
#GCMRL#  288 dt  25.600000 rms  0.560  0.417% neg 0  invalid 762 tFOTS 4.1270 tGradient 1.4180 tsec 5.8690
#FOTS# QuadFit found better minimum quadopt=(dt=44.8,rms=0.558286) vs oldopt=(dt=32,rms=0.558566)
#GCMRL#  289 dt  44.800000 rms  0.558  0.392% neg 0  invalid 762 tFOTS 4.1320 tGradient 1.4460 tsec 5.8980
#FOTS# QuadFit found better minimum quadopt=(dt=11.2,rms=0.557024) vs oldopt=(dt=8,rms=0.557318)
#GCMRL#  290 dt  11.200000 rms  0.557  0.226% neg 0  invalid 762 tFOTS 3.7610 tGradient 1.4400 tsec 5.5500
#FOTS# QuadFit found better minimum quadopt=(dt=2.8,rms=0.556785) vs oldopt=(dt=2,rms=0.556835)
#GCMRL#  291 dt   2.800000 rms  0.557  0.000% neg 0  invalid 762 tFOTS 3.6580 tGradient 1.4800 tsec 5.5040
#GCMRL#  292 dt   0.700000 rms  0.557  0.008% neg 0  invalid 762 tFOTS 0.0000 tGradient 1.4980 tsec 2.2980
#GCMRL#  293 dt   0.350000 rms  0.557  0.003% neg 0  invalid 762 tFOTS 0.0000 tGradient 1.4550 tsec 2.0880
#GCMRL#  294 dt   0.175000 rms  0.557  0.002% neg 0  invalid 762 tFOTS 0.0000 tGradient 1.4750 tsec 2.1160
#FOTS# QuadFit found better minimum quadopt=(dt=0.0109375,rms=0.556711) vs oldopt=(dt=0.0078125,rms=0.556712)

#GCAMreg# pass 0 level1 3 level2 1 tsec 65.897 sigma 0.5
l_jacobian=1.00 l_label=1.00 l_log_likelihood=0.20 l_smoothness=0.12 
tol=5.00e-02, dt=5.00e-02, exp_k=20.0, momentum=0.90, levels=6, niter=500, lbl_dist=10.00, avgs=16, sigma=0.5,type=2, relabel=0, neg=no

blurring input image with Gaussian with sigma=0.500...
GCAMRegisterLevel(): init RMS 0.557302
#FOTS# QuadFit found better minimum quadopt=(dt=0.04375,rms=0.556703) vs oldopt=(dt=0.03125,rms=0.556706)
#GCMRL#  296 dt   0.043750 rms  0.557  0.107% neg 0  invalid 762 tFOTS 2.9250 tGradient 1.5300 tsec 4.8070
#FOTS# QuadFit found better minimum quadopt=(dt=0.009375,rms=0.556702) vs oldopt=(dt=0.0078125,rms=0.556702)
#GCMRL#  297 dt   0.009375 rms  0.557  0.000% neg 0  invalid 762 tFOTS 2.5760 tGradient 1.4960 tsec 4.4380
#GCMRL#  298 dt   0.000293 rms  0.557  0.000% neg 0  invalid 762 tFOTS 0.0000 tGradient 1.4500 tsec 2.7910
#GCMRL#  299 dt   0.000146 rms  0.557  0.000% neg 0  invalid 762 tFOTS 0.0000 tGradient 1.5010 tsec 2.1050
#GCMRL#  300 dt   0.000037 rms  0.557  0.000% neg 0  invalid 762 tFOTS 0.0000 tGradient 1.4490 tsec 2.2600
setting smoothness cost coefficient to 0.400

#GCAMreg# pass 0 level1 2 level2 0 tsec 0 sigma 2
l_jacobian=1.00 l_label=1.00 l_log_likelihood=0.20 l_smoothness=0.40 
tol=5.00e-02, dt=5.00e-02, exp_k=20.0, momentum=0.90, levels=6, niter=500, lbl_dist=10.00, avgs=4, sigma=2.0,type=2, relabel=0, neg=no

blurring input image with Gaussian with sigma=2.000...
GCAMRegisterLevel(): init RMS 0.592798
#FOTS# QuadFit found better minimum quadopt=(dt=11.8299,rms=0.585932) vs oldopt=(dt=11.52,rms=0.585935)
#GCMRL#  302 dt  11.829904 rms  0.586  1.158% neg 0  invalid 762 tFOTS 4.1100 tGradient 1.3610 tsec 5.8050
#FOTS# QuadFit found better minimum quadopt=(dt=16.128,rms=0.577106) vs oldopt=(dt=11.52,rms=0.579036)
#GCMRL#  303 dt  16.128000 rms  0.577  1.506% neg 0  invalid 762 tFOTS 4.1050 tGradient 1.3430 tsec 5.8010
#FOTS# QuadFit found better minimum quadopt=(dt=14.7153,rms=0.575275) vs oldopt=(dt=11.52,rms=0.575342)
#GCMRL#  304 dt  14.715328 rms  0.575  0.317% neg 0  invalid 762 tFOTS 4.3220 tGradient 1.4540 tsec 6.1300
#FOTS# QuadFit found better minimum quadopt=(dt=20.6708,rms=0.571112) vs oldopt=(dt=11.52,rms=0.572041)
#GCMRL#  305 dt  20.670807 rms  0.571  0.724% neg 0  invalid 762 tFOTS 4.1360 tGradient 1.3780 tsec 5.8350
#FOTS# QuadFit found better minimum quadopt=(dt=7.6,rms=0.570293) vs oldopt=(dt=2.88,rms=0.57061)
#GCMRL#  306 dt   7.600000 rms  0.570  0.143% neg 0  invalid 762 tFOTS 4.0020 tGradient 1.3410 tsec 5.6770
#FOTS# QuadFit found better minimum quadopt=(dt=16.128,rms=0.569018) vs oldopt=(dt=11.52,rms=0.569232)
#GCMRL#  307 dt  16.128000 rms  0.569  0.224% neg 0  invalid 762 tFOTS 4.0560 tGradient 1.3280 tsec 5.7250
#FOTS# QuadFit found better minimum quadopt=(dt=16.128,rms=0.567815) vs oldopt=(dt=11.52,rms=0.568033)
#GCMRL#  308 dt  16.128000 rms  0.568  0.211% neg 0  invalid 762 tFOTS 4.0200 tGradient 1.3430 tsec 5.6760
#FOTS# QuadFit found better minimum quadopt=(dt=10.2326,rms=0.567275) vs oldopt=(dt=11.52,rms=0.567289)
#GCMRL#  309 dt  10.232558 rms  0.567  0.095% neg 0  invalid 762 tFOTS 4.1130 tGradient 1.2710 tsec 5.7280
#FOTS# QuadFit found better minimum quadopt=(dt=16.128,rms=0.566388) vs oldopt=(dt=11.52,rms=0.566551)
#GCMRL#  310 dt  16.128000 rms  0.566  0.156% neg 0  invalid 762 tFOTS 3.9330 tGradient 1.3080 tsec 5.5540
#FOTS# QuadFit found better minimum quadopt=(dt=9.216,rms=0.565995) vs oldopt=(dt=11.52,rms=0.566021)
#GCMRL#  311 dt   9.216000 rms  0.566  0.069% neg 0  invalid 762 tFOTS 3.8500 tGradient 1.3090 tsec 5.4740
#FOTS# QuadFit found better minimum quadopt=(dt=16.128,rms=0.565314) vs oldopt=(dt=11.52,rms=0.565441)
#GCMRL#  312 dt  16.128000 rms  0.565  0.120% neg 0  invalid 762 tFOTS 3.9160 tGradient 1.3660 tsec 5.6090
#FOTS# QuadFit found better minimum quadopt=(dt=9.216,rms=0.564972) vs oldopt=(dt=11.52,rms=0.564992)
#GCMRL#  313 dt   9.216000 rms  0.565  0.060% neg 0  invalid 762 tFOTS 3.9270 tGradient 1.3420 tsec 5.5840
#FOTS# QuadFit found better minimum quadopt=(dt=18.9091,rms=0.56444) vs oldopt=(dt=11.52,rms=0.564529)
#GCMRL#  314 dt  18.909091 rms  0.564  0.094% neg 0  invalid 762 tFOTS 4.3050 tGradient 1.3770 tsec 6.0080
#FOTS# QuadFit found better minimum quadopt=(dt=9.17333,rms=0.564114) vs oldopt=(dt=11.52,rms=0.564149)
#GCMRL#  315 dt   9.173333 rms  0.564  0.058% neg 0  invalid 762 tFOTS 4.0740 tGradient 1.3480 tsec 5.7530
#FOTS# QuadFit found better minimum quadopt=(dt=21.0526,rms=0.563519) vs oldopt=(dt=11.52,rms=0.563632)
#GCMRL#  316 dt  21.052632 rms  0.564  0.105% neg 0  invalid 762 tFOTS 4.0990 tGradient 1.2910 tsec 5.7210
#FOTS# QuadFit found better minimum quadopt=(dt=7.68,rms=0.56327) vs oldopt=(dt=11.52,rms=0.563354)
#GCMRL#  317 dt   7.680000 rms  0.563  0.000% neg 0  invalid 762 tFOTS 4.2710 tGradient 1.3160 tsec 5.9240
#GCMRL#  318 dt   7.680000 rms  0.563  0.048% neg 0  invalid 762 tFOTS 0.0000 tGradient 1.3130 tsec 1.6020
#GCMRL#  319 dt   7.680000 rms  0.563  0.060% neg 0  invalid 762 tFOTS 0.0000 tGradient 1.3040 tsec 1.5990
#GCMRL#  320 dt   7.680000 rms  0.562  0.084% neg 0  invalid 762 tFOTS 0.0000 tGradient 1.2550 tsec 1.5500
#GCMRL#  321 dt   7.680000 rms  0.562  0.101% neg 0  invalid 762 tFOTS 0.0000 tGradient 1.3040 tsec 1.5960
#GCMRL#  322 dt   7.680000 rms  0.561  0.108% neg 0  invalid 762 tFOTS 0.0000 tGradient 1.2770 tsec 1.5460
#GCMRL#  323 dt   7.680000 rms  0.560  0.096% neg 0  invalid 762 tFOTS 0.0000 tGradient 1.2510 tsec 1.5220
#GCMRL#  324 dt   7.680000 rms  0.560  0.082% neg 0  invalid 762 tFOTS 0.0000 tGradient 1.2350 tsec 1.5100
#GCMRL#  325 dt   7.680000 rms  0.560  0.050% neg 0  invalid 762 tFOTS 0.0000 tGradient 1.2500 tsec 1.5180
#GCMRL#  326 dt   7.680000 rms  0.560  0.032% neg 0  invalid 762 tFOTS 0.0000 tGradient 1.2670 tsec 1.5380
#GCMRL#  327 dt   7.680000 rms  0.559  0.035% neg 0  invalid 762 tFOTS 0.0000 tGradient 1.2290 tsec 1.5000
#GCMRL#  328 dt   7.680000 rms  0.559  0.038% neg 0  invalid 762 tFOTS 0.0000 tGradient 1.3930 tsec 1.6820
#GCMRL#  329 dt   7.680000 rms  0.559  0.038% neg 0  invalid 762 tFOTS 0.0000 tGradient 1.2700 tsec 1.5400
#GCMRL#  330 dt   7.680000 rms  0.559  0.030% neg 0  invalid 762 tFOTS 0.0000 tGradient 1.2630 tsec 1.5390
#GCMRL#  331 dt   7.680000 rms  0.559  0.026% neg 0  invalid 762 tFOTS 0.0000 tGradient 1.2440 tsec 1.5280
#GCMRL#  332 dt   7.680000 rms  0.558  0.026% neg 0  invalid 762 tFOTS 0.0000 tGradient 1.2450 tsec 1.5440
#GCMRL#  333 dt   7.680000 rms  0.558  0.024% neg 0  invalid 762 tFOTS 0.0000 tGradient 1.2170 tsec 1.4990
#GCMRL#  334 dt   7.680000 rms  0.558  0.025% neg 0  invalid 762 tFOTS 0.0000 tGradient 1.3710 tsec 1.6770
#GCMRL#  335 dt   7.680000 rms  0.558  0.026% neg 0  invalid 762 tFOTS 0.0000 tGradient 1.2510 tsec 1.5700
#GCMRL#  336 dt   7.680000 rms  0.558  0.024% neg 0  invalid 762 tFOTS 0.0000 tGradient 1.2900 tsec 1.5700
#GCMRL#  337 dt   7.680000 rms  0.558  0.021% neg 0  invalid 762 tFOTS 0.0000 tGradient 1.2620 tsec 1.5630
#FOTS# QuadFit found better minimum quadopt=(dt=12.4444,rms=0.557747) vs oldopt=(dt=11.52,rms=0.557747)
#GCMRL#  338 dt  12.444444 rms  0.558  0.000% neg 0  invalid 762 tFOTS 3.9880 tGradient 1.2710 tsec 5.5970

#GCAMreg# pass 0 level1 2 level2 1 tsec 138.792 sigma 0.5
l_jacobian=1.00 l_label=1.00 l_log_likelihood=0.20 l_smoothness=0.40 
tol=5.00e-02, dt=5.00e-02, exp_k=20.0, momentum=0.90, levels=6, niter=500, lbl_dist=10.00, avgs=4, sigma=0.5,type=2, relabel=0, neg=no

blurring input image with Gaussian with sigma=0.500...
GCAMRegisterLevel(): init RMS 0.558208
#FOTS# QuadFit found better minimum quadopt=(dt=8.38462,rms=0.557008) vs oldopt=(dt=11.52,rms=0.557128)
#GCMRL#  340 dt   8.384615 rms  0.557  0.215% neg 0  invalid 762 tFOTS 4.0250 tGradient 1.4260 tsec 5.7570
#FOTS# QuadFit found better minimum quadopt=(dt=10.963,rms=0.55666) vs oldopt=(dt=11.52,rms=0.556663)
#GCMRL#  341 dt  10.962963 rms  0.557  0.062% neg 0  invalid 762 tFOTS 3.9470 tGradient 1.2470 tsec 5.5100
#FOTS# QuadFit found better minimum quadopt=(dt=9.80645,rms=0.556454) vs oldopt=(dt=11.52,rms=0.556461)
#GCMRL#  342 dt   9.806452 rms  0.556  0.000% neg 0  invalid 762 tFOTS 3.9920 tGradient 1.2530 tsec 5.5800
#GCMRL#  343 dt   9.806452 rms  0.556  0.026% neg 0  invalid 762 tFOTS 0.0000 tGradient 1.2570 tsec 1.5330
#GCMRL#  344 dt   9.806452 rms  0.556  0.070% neg 0  invalid 762 tFOTS 0.0000 tGradient 1.2760 tsec 1.5580
#GCMRL#  345 dt   9.806452 rms  0.556  0.060% neg 0  invalid 762 tFOTS 0.0000 tGradient 1.2390 tsec 1.5100
#GCMRL#  346 dt   9.806452 rms  0.555  0.049% neg 0  invalid 762 tFOTS 0.0000 tGradient 1.2940 tsec 1.5880
#GCMRL#  347 dt   9.806452 rms  0.555  0.051% neg 0  invalid 762 tFOTS 0.0000 tGradient 1.2170 tsec 1.4900
#GCMRL#  348 dt   9.806452 rms  0.554  0.098% neg 0  invalid 762 tFOTS 0.0000 tGradient 1.1930 tsec 1.4720
#GCMRL#  349 dt   9.806452 rms  0.554  0.111% neg 0  invalid 762 tFOTS 0.0000 tGradient 1.2190 tsec 1.4800
#GCMRL#  350 dt   9.806452 rms  0.553  0.113% neg 0  invalid 762 tFOTS 0.0000 tGradient 1.1910 tsec 1.4560
#GCMRL#  351 dt   9.806452 rms  0.553  0.112% neg 0  invalid 762 tFOTS 0.0000 tGradient 1.1830 tsec 1.4540
#GCMRL#  352 dt   9.806452 rms  0.552  0.103% neg 0  invalid 762 tFOTS 0.0000 tGradient 1.2270 tsec 1.5050
#GCMRL#  353 dt   9.806452 rms  0.552  0.085% neg 0  invalid 762 tFOTS 0.0000 tGradient 1.2050 tsec 1.4780
#GCMRL#  354 dt   9.806452 rms  0.551  0.053% neg 0  invalid 762 tFOTS 0.0000 tGradient 1.1840 tsec 1.4500
#GCMRL#  355 dt   9.806452 rms  0.551  0.024% neg 0  invalid 762 tFOTS 0.0000 tGradient 1.2190 tsec 1.4870
#GCMRL#  356 dt   9.806452 rms  0.551  0.021% neg 0  invalid 762 tFOTS 0.0000 tGradient 1.2080 tsec 1.5020
#FOTS# QuadFit found better minimum quadopt=(dt=9.216,rms=0.55091) vs oldopt=(dt=11.52,rms=0.550924)
#GCMRL#  357 dt   9.216000 rms  0.551  0.026% neg 0  invalid 762 tFOTS 3.9300 tGradient 1.2090 tsec 5.4410
#FOTS# QuadFit found better minimum quadopt=(dt=5.33333,rms=0.550882) vs oldopt=(dt=2.88,rms=0.550887)
#GCMRL#  358 dt   5.333333 rms  0.551  0.000% neg 0  invalid 762 tFOTS 3.8730 tGradient 1.2260 tsec 5.4140
#GCMRL#  359 dt   5.333333 rms  0.551  0.007% neg 0  invalid 762 tFOTS 0.0000 tGradient 1.2130 tsec 1.4800
#GCMRL#  360 dt   5.333333 rms  0.551  0.005% neg 0  invalid 762 tFOTS 0.0000 tGradient 1.2100 tsec 1.4890
setting smoothness cost coefficient to 1.000

#GCAMreg# pass 0 level1 1 level2 0 tsec 0 sigma 2
l_jacobian=1.00 l_label=1.00 l_log_likelihood=0.20 l_smoothness=1.00 
tol=5.00e-02, dt=5.00e-02, exp_k=20.0, momentum=0.90, levels=6, niter=500, lbl_dist=10.00, avgs=1, sigma=2.0,type=2, relabel=0, neg=no

blurring input image with Gaussian with sigma=2.000...
GCAMRegisterLevel(): init RMS 0.573968
#GCMRL#  362 dt   0.000000 rms  0.574  0.076% neg 0  invalid 762 tFOTS 3.6240 tGradient 1.0580 tsec 4.9860
#GCMRL#  363 dt   0.100000 rms  0.574  0.000% neg 0  invalid 762 tFOTS 3.6550 tGradient 1.0930 tsec 5.3040

#GCAMreg# pass 0 level1 1 level2 1 tsec 20.018 sigma 0.5
l_jacobian=1.00 l_label=1.00 l_log_likelihood=0.20 l_smoothness=1.00 
tol=5.00e-02, dt=5.00e-02, exp_k=20.0, momentum=0.90, levels=6, niter=500, lbl_dist=10.00, avgs=1, sigma=0.5,type=2, relabel=0, neg=no

blurring input image with Gaussian with sigma=0.500...
GCAMRegisterLevel(): init RMS 0.573968
#GCMRL#  365 dt   0.000000 rms  0.574  0.076% neg 0  invalid 762 tFOTS 3.6920 tGradient 1.0730 tsec 5.0850
#GCMRL#  366 dt   0.100000 rms  0.574  0.000% neg 0  invalid 762 tFOTS 3.6620 tGradient 1.0630 tsec 5.2900
resetting metric properties...
setting smoothness cost coefficient to 2.000

#GCAMreg# pass 0 level1 0 level2 0 tsec 0 sigma 2
l_jacobian=1.00 l_label=1.00 l_log_likelihood=0.20 l_smoothness=2.00 
tol=5.00e-02, dt=5.00e-02, exp_k=20.0, momentum=0.90, levels=6, niter=500, lbl_dist=10.00, avgs=0, sigma=2.0,type=2, relabel=0, neg=no

blurring input image with Gaussian with sigma=2.000...
GCAMRegisterLevel(): init RMS 0.535543
#FOTS# QuadFit found better minimum quadopt=(dt=0.448,rms=0.521433) vs oldopt=(dt=0.32,rms=0.525152)
#GCMRL#  368 dt   0.448000 rms  0.521  2.635% neg 0  invalid 762 tFOTS 3.6720 tGradient 0.6000 tsec 4.5800
#FOTS# QuadFit found better minimum quadopt=(dt=0.448,rms=0.518047) vs oldopt=(dt=0.32,rms=0.518989)
#GCMRL#  369 dt   0.448000 rms  0.518  0.649% neg 0  invalid 762 tFOTS 3.7110 tGradient 0.6210 tsec 4.6520
#FOTS# QuadFit found better minimum quadopt=(dt=0.448,rms=0.51584) vs oldopt=(dt=0.32,rms=0.516453)
#GCMRL#  370 dt   0.448000 rms  0.516  0.426% neg 0  invalid 762 tFOTS 3.6980 tGradient 0.6100 tsec 4.6200
#FOTS# QuadFit found better minimum quadopt=(dt=0.448,rms=0.51453) vs oldopt=(dt=0.32,rms=0.514891)
#GCMRL#  371 dt   0.448000 rms  0.515  0.254% neg 0  invalid 762 tFOTS 3.7080 tGradient 0.6070 tsec 4.6240
#FOTS# QuadFit found better minimum quadopt=(dt=0.384,rms=0.513604) vs oldopt=(dt=0.32,rms=0.51375)
#GCMRL#  372 dt   0.384000 rms  0.514  0.180% neg 0  invalid 762 tFOTS 3.6630 tGradient 0.6010 tsec 4.5670
#FOTS# QuadFit found better minimum quadopt=(dt=0.416667,rms=0.512858) vs oldopt=(dt=0.32,rms=0.513017)
#GCMRL#  373 dt   0.416667 rms  0.513  0.145% neg 0  invalid 762 tFOTS 3.7290 tGradient 0.6030 tsec 4.6480
#FOTS# QuadFit found better minimum quadopt=(dt=0.384,rms=0.512259) vs oldopt=(dt=0.32,rms=0.512351)
#GCMRL#  374 dt   0.384000 rms  0.512  0.117% neg 0  invalid 762 tFOTS 3.6440 tGradient 0.6080 tsec 4.5680
#FOTS# QuadFit found better minimum quadopt=(dt=0.384,rms=0.511827) vs oldopt=(dt=0.32,rms=0.51189)
#GCMRL#  375 dt   0.384000 rms  0.512  0.084% neg 0  invalid 762 tFOTS 3.6600 tGradient 0.6190 tsec 4.5950
#FOTS# QuadFit found better minimum quadopt=(dt=0.384,rms=0.511379) vs oldopt=(dt=0.32,rms=0.511443)
#GCMRL#  376 dt   0.384000 rms  0.511  0.087% neg 0  invalid 762 tFOTS 3.6820 tGradient 0.6020 tsec 4.5990
#FOTS# QuadFit found better minimum quadopt=(dt=0.384,rms=0.511079) vs oldopt=(dt=0.32,rms=0.51112)
#GCMRL#  377 dt   0.384000 rms  0.511  0.059% neg 0  invalid 762 tFOTS 3.6790 tGradient 0.6100 tsec 4.5990
#FOTS# QuadFit found better minimum quadopt=(dt=0.384,rms=0.510744) vs oldopt=(dt=0.32,rms=0.51079)
#GCMRL#  378 dt   0.384000 rms  0.511  0.065% neg 0  invalid 762 tFOTS 3.6130 tGradient 0.5890 tsec 4.5140
#FOTS# QuadFit found better minimum quadopt=(dt=0.384,rms=0.510526) vs oldopt=(dt=0.32,rms=0.510553)
#GCMRL#  379 dt   0.384000 rms  0.511  0.000% neg 0  invalid 762 tFOTS 3.6470 tGradient 0.5860 tsec 4.5590
#GCMRL#  380 dt   0.384000 rms  0.510  0.052% neg 0  invalid 762 tFOTS 0.0000 tGradient 0.6140 tsec 0.9100
#GCMRL#  381 dt   0.384000 rms  0.510  0.078% neg 0  invalid 762 tFOTS 0.0000 tGradient 0.6080 tsec 0.9090
#GCMRL#  382 dt   0.192000 rms  0.510  0.017% neg 0  invalid 762 tFOTS 0.0000 tGradient 0.5960 tsec 1.3780
#GCMRL#  383 dt   0.192000 rms  0.510  0.032% neg 0  invalid 762 tFOTS 0.0000 tGradient 0.6300 tsec 0.9480
#GCMRL#  384 dt   0.192000 rms  0.509  0.046% neg 0  invalid 762 tFOTS 0.0000 tGradient 0.6720 tsec 0.9950
#GCMRL#  385 dt   0.192000 rms  0.509  0.011% neg 0  invalid 762 tFOTS 0.0000 tGradient 0.6480 tsec 1.1390
#GCMRL#  386 dt   0.192000 rms  0.509  0.020% neg 0  invalid 762 tFOTS 0.0000 tGradient 0.6610 tsec 0.9810
#GCMRL#  387 dt   0.192000 rms  0.509  0.028% neg 0  invalid 762 tFOTS 0.0000 tGradient 0.6420 tsec 0.9620
#GCMRL#  388 dt   0.192000 rms  0.509  0.037% neg 0  invalid 762 tFOTS 0.0000 tGradient 0.6610 tsec 0.9840
#GCMRL#  389 dt   0.192000 rms  0.509  0.040% neg 0  invalid 762 tFOTS 0.0000 tGradient 0.6570 tsec 0.9790
#GCMRL#  390 dt   0.192000 rms  0.508  0.038% neg 0  invalid 762 tFOTS 0.0000 tGradient 0.6340 tsec 0.9540
#GCMRL#  391 dt   0.192000 rms  0.508  0.038% neg 0  invalid 762 tFOTS 0.0000 tGradient 0.5820 tsec 0.9010
#GCMRL#  392 dt   0.192000 rms  0.508  0.038% neg 0  invalid 762 tFOTS 0.0000 tGradient 0.6570 tsec 0.9740
#GCMRL#  393 dt   0.192000 rms  0.508  0.032% neg 0  invalid 762 tFOTS 0.0000 tGradient 0.6500 tsec 0.9720
#GCMRL#  394 dt   0.192000 rms  0.508  0.027% neg 0  invalid 762 tFOTS 0.0000 tGradient 0.6850 tsec 1.0230
#GCMRL#  395 dt   0.192000 rms  0.508  0.024% neg 0  invalid 762 tFOTS 0.0000 tGradient 0.5920 tsec 0.8960
#GCMRL#  396 dt   0.192000 rms  0.508  0.019% neg 0  invalid 762 tFOTS 0.0000 tGradient 0.6520 tsec 0.9920
#FOTS# QuadFit found better minimum quadopt=(dt=0.006,rms=0.507585) vs oldopt=(dt=0.005,rms=0.507585)

#GCAMreg# pass 0 level1 0 level2 1 tsec 84.9 sigma 0.5
l_jacobian=1.00 l_label=1.00 l_log_likelihood=0.20 l_smoothness=2.00 
tol=5.00e-02, dt=5.00e-02, exp_k=20.0, momentum=0.90, levels=6, niter=500, lbl_dist=10.00, avgs=0, sigma=0.5,type=2, relabel=0, neg=no

blurring input image with Gaussian with sigma=0.500...
GCAMRegisterLevel(): init RMS 0.508103
#GCMRL#  398 dt   0.320000 rms  0.505  0.629% neg 0  invalid 762 tFOTS 3.7990 tGradient 0.6570 tsec 4.7800
#FOTS# QuadFit found better minimum quadopt=(dt=0.112,rms=0.504566) vs oldopt=(dt=0.08,rms=0.504662)
#GCMRL#  399 dt   0.112000 rms  0.505  0.068% neg 0  invalid 762 tFOTS 3.5720 tGradient 0.6150 tsec 4.5010
#GCMRL#  400 dt   0.320000 rms  0.504  0.150% neg 0  invalid 762 tFOTS 3.8000 tGradient 0.6390 tsec 4.7650
#FOTS# QuadFit found better minimum quadopt=(dt=0.112,rms=0.503709) vs oldopt=(dt=0.08,rms=0.503737)
#GCMRL#  401 dt   0.112000 rms  0.504  0.000% neg 0  invalid 762 tFOTS 3.5730 tGradient 0.6340 tsec 4.5660
#GCMRL#  402 dt   0.112000 rms  0.504  0.016% neg 0  invalid 762 tFOTS 0.0000 tGradient 0.6460 tsec 0.9480
#GCMRL#  403 dt   0.112000 rms  0.503  0.027% neg 0  invalid 762 tFOTS 0.0000 tGradient 0.6470 tsec 0.9640
#GCMRL#  404 dt   0.112000 rms  0.503  0.029% neg 0  invalid 762 tFOTS 0.0000 tGradient 0.6590 tsec 0.9810
#GCMRL#  405 dt   0.112000 rms  0.503  0.024% neg 0  invalid 762 tFOTS 0.0000 tGradient 0.6630 tsec 0.9850
#GCMRL#  406 dt   0.112000 rms  0.503  0.014% neg 0  invalid 762 tFOTS 0.0000 tGradient 0.6690 tsec 1.0080
#FOTS# QuadFit found better minimum quadopt=(dt=0,rms=0.503159) vs oldopt=(dt=0,rms=0.503159)
GCAMregister done in 17.5389 min
********************* ALLOWING NEGATIVE NODES IN DEFORMATION********************************
noneg post
Starting GCAMregister()
label assignment complete, 0 changed (0.00%)
npasses = 1, nlevels = 6
#pass# 1 of 1 ************************
enabling zero nodes
setting smoothness cost coefficient to 0.008

#GCAMreg# pass 0 level1 5 level2 0 tsec 0 sigma 2
l_jacobian=1.00 l_label=1.00 l_log_likelihood=0.20 l_smoothness=0.01 
tol=2.50e-01, dt=5.00e-02, exp_k=20.0, momentum=0.90, levels=6, niter=500, lbl_dist=10.00, avgs=256, sigma=2.0,type=2, relabel=0, neg=yes

blurring input image with Gaussian with sigma=2.000...
GCAMRegisterLevel(): init RMS 0.500747
#FOTS# QuadFit found better minimum quadopt=(dt=27.744,rms=0.500187) vs oldopt=(dt=23.12,rms=0.500189)
#GCMRL#  408 dt  27.744000 rms  0.500  0.112% neg 0  invalid 762 tFOTS 5.0360 tGradient 1.6910 tsec 7.0760
#FOTS# QuadFit found better minimum quadopt=(dt=8.092,rms=0.50019) vs oldopt=(dt=5.78,rms=0.50019)

#GCAMreg# pass 0 level1 5 level2 1 tsec 20.867 sigma 0.5
l_jacobian=1.00 l_label=1.00 l_log_likelihood=0.20 l_smoothness=0.01 
tol=2.50e-01, dt=5.00e-02, exp_k=20.0, momentum=0.90, levels=6, niter=500, lbl_dist=10.00, avgs=256, sigma=0.5,type=2, relabel=0, neg=yes

blurring input image with Gaussian with sigma=0.500...
GCAMRegisterLevel(): init RMS 0.5007
#FOTS# QuadFit found better minimum quadopt=(dt=73.984,rms=0.500003) vs oldopt=(dt=92.48,rms=0.500006)
#GCMRL#  410 dt  73.984000 rms  0.500  0.139% neg 0  invalid 762 tFOTS 4.6090 tGradient 1.7250 tsec 6.6440
#FOTS# QuadFit found better minimum quadopt=(dt=129.472,rms=0.499831) vs oldopt=(dt=92.48,rms=0.499848)
#GCMRL#  411 dt 129.472000 rms  0.500  0.000% neg 0  invalid 762 tFOTS 4.5090 tGradient 1.7630 tsec 6.6250
setting smoothness cost coefficient to 0.031

#GCAMreg# pass 0 level1 4 level2 0 tsec 0 sigma 2
l_jacobian=1.00 l_label=1.00 l_log_likelihood=0.20 l_smoothness=0.03 
tol=2.50e-01, dt=5.00e-02, exp_k=20.0, momentum=0.90, levels=6, niter=500, lbl_dist=10.00, avgs=64, sigma=2.0,type=2, relabel=0, neg=yes

blurring input image with Gaussian with sigma=2.000...
GCAMRegisterLevel(): init RMS 0.500399
#FOTS# QuadFit found better minimum quadopt=(dt=20.736,rms=0.499664) vs oldopt=(dt=25.92,rms=0.499682)
#GCMRL#  413 dt  20.736000 rms  0.500  0.147% neg 0  invalid 762 tFOTS 4.8570 tGradient 1.4060 tsec 6.6010
#GCMRL#  414 dt   6.480000 rms  0.500  0.000% neg 0  invalid 762 tFOTS 4.8300 tGradient 1.4400 tsec 6.6180
#GCMRL#  415 dt   6.480000 rms  0.500  0.001% neg 0  invalid 762 tFOTS 0.0000 tGradient 1.4460 tsec 1.7260

#GCAMreg# pass 0 level1 4 level2 1 tsec 23.225 sigma 0.5
l_jacobian=1.00 l_label=1.00 l_log_likelihood=0.20 l_smoothness=0.03 
tol=2.50e-01, dt=5.00e-02, exp_k=20.0, momentum=0.90, levels=6, niter=500, lbl_dist=10.00, avgs=64, sigma=0.5,type=2, relabel=0, neg=yes

blurring input image with Gaussian with sigma=0.500...
GCAMRegisterLevel(): init RMS 0.500157
#FOTS# QuadFit found better minimum quadopt=(dt=94.8434,rms=0.498091) vs oldopt=(dt=103.68,rms=0.498106)
#GCMRL#  417 dt  94.843373 rms  0.498  0.413% neg 0  invalid 762 tFOTS 4.8790 tGradient 1.4710 tsec 6.6840
#FOTS# QuadFit found better minimum quadopt=(dt=36.288,rms=0.497447) vs oldopt=(dt=25.92,rms=0.497543)
#GCMRL#  418 dt  36.288000 rms  0.497  0.000% neg 0  invalid 762 tFOTS 5.0450 tGradient 1.4630 tsec 6.8830
#GCMRL#  419 dt  36.288000 rms  0.497  0.053% neg 0  invalid 762 tFOTS 0.0000 tGradient 1.8160 tsec 2.1740
#GCMRL#  420 dt  36.288000 rms  0.497  0.086% neg 0  invalid 762 tFOTS 0.0000 tGradient 1.6840 tsec 1.9840
#GCMRL#  421 dt  36.288000 rms  0.496  0.102% neg 0  invalid 762 tFOTS 0.0000 tGradient 1.4100 tsec 1.7080
#GCMRL#  422 dt  36.288000 rms  0.496  0.114% neg 0  invalid 762 tFOTS 0.0000 tGradient 1.4240 tsec 1.7200
#GCMRL#  423 dt  36.288000 rms  0.495  0.105% neg 0  invalid 762 tFOTS 0.0000 tGradient 1.4970 tsec 1.7920
iter 0, gcam->neg = 1
after 1 iterations, nbhd size=0, neg = 0
#GCMRL#  424 dt  36.288000 rms  0.495  0.099% neg 0  invalid 762 tFOTS 0.0000 tGradient 1.4600 tsec 2.6220
#FOTS# QuadFit found better minimum quadopt=(dt=36.288,rms=0.494527) vs oldopt=(dt=25.92,rms=0.494555)
setting smoothness cost coefficient to 0.118

#GCAMreg# pass 0 level1 3 level2 0 tsec 0 sigma 2
l_jacobian=1.00 l_label=1.00 l_log_likelihood=0.20 l_smoothness=0.12 
tol=2.50e-01, dt=5.00e-02, exp_k=20.0, momentum=0.90, levels=6, niter=500, lbl_dist=10.00, avgs=16, sigma=2.0,type=2, relabel=0, neg=yes

blurring input image with Gaussian with sigma=2.000...
GCAMRegisterLevel(): init RMS 0.495446
#FOTS# QuadFit found better minimum quadopt=(dt=31.8302,rms=0.492067) vs oldopt=(dt=32,rms=0.492068)
iter 0, gcam->neg = 9
after 0 iterations, nbhd size=0, neg = 0
#GCMRL#  426 dt  31.830239 rms  0.492  0.683% neg 0  invalid 762 tFOTS 5.2320 tGradient 1.3290 tsec 7.5410
#FOTS# QuadFit found better minimum quadopt=(dt=58.4056,rms=0.488845) vs oldopt=(dt=32,rms=0.489323)
iter 0, gcam->neg = 74
after 3 iterations, nbhd size=0, neg = 0
#GCMRL#  427 dt  58.405594 rms  0.489  0.664% neg 0  invalid 762 tFOTS 5.1910 tGradient 1.3120 tsec 8.3280
#FOTS# QuadFit found better minimum quadopt=(dt=11.2,rms=0.487612) vs oldopt=(dt=8,rms=0.48784)
#GCMRL#  428 dt  11.200000 rms  0.488  0.000% neg 0  invalid 762 tFOTS 5.1680 tGradient 1.3480 tsec 6.8890
iter 0, gcam->neg = 1
after 0 iterations, nbhd size=0, neg = 0
#GCMRL#  429 dt  11.200000 rms  0.487  0.107% neg 0  invalid 762 tFOTS 0.0000 tGradient 1.3030 tsec 2.2170
iter 0, gcam->neg = 3
after 1 iterations, nbhd size=0, neg = 0
#GCMRL#  430 dt  11.200000 rms  0.487  0.109% neg 0  invalid 762 tFOTS 0.0000 tGradient 1.2860 tsec 2.4800
iter 0, gcam->neg = 11
after 8 iterations, nbhd size=1, neg = 0
#GCMRL#  431 dt  11.200000 rms  0.486  0.132% neg 0  invalid 762 tFOTS 0.0000 tGradient 1.3510 tsec 4.7460
iter 0, gcam->neg = 19
after 10 iterations, nbhd size=1, neg = 0
#GCMRL#  432 dt  11.200000 rms  0.485  0.173% neg 0  invalid 762 tFOTS 0.0000 tGradient 1.3730 tsec 5.4560
iter 0, gcam->neg = 37
after 10 iterations, nbhd size=1, neg = 0
#GCMRL#  433 dt  11.200000 rms  0.484  0.180% neg 0  invalid 762 tFOTS 0.0000 tGradient 1.5790 tsec 5.5900
iter 0, gcam->neg = 51
after 11 iterations, nbhd size=1, neg = 0
#GCMRL#  434 dt  11.200000 rms  0.483  0.159% neg 0  invalid 762 tFOTS 0.0000 tGradient 1.3220 tsec 5.6990
iter 0, gcam->neg = 62
after 12 iterations, nbhd size=1, neg = 0
#GCMRL#  435 dt  11.200000 rms  0.483  0.138% neg 0  invalid 762 tFOTS 0.0000 tGradient 1.2880 tsec 5.8560
iter 0, gcam->neg = 72
after 11 iterations, nbhd size=1, neg = 0
#GCMRL#  436 dt  11.200000 rms  0.482  0.076% neg 0  invalid 762 tFOTS 0.0000 tGradient 1.3490 tsec 5.6430
iter 0, gcam->neg = 87
after 15 iterations, nbhd size=1, neg = 0
#GCMRL#  437 dt  11.200000 rms  0.482  0.036% neg 0  invalid 762 tFOTS 0.0000 tGradient 1.3540 tsec 6.8600
iter 0, gcam->neg = 10
after 11 iterations, nbhd size=1, neg = 0
#GCMRL#  438 dt  32.000000 rms  0.482  0.046% neg 0  invalid 762 tFOTS 4.6110 tGradient 1.3510 tsec 10.2590
#FOTS# QuadFit found better minimum quadopt=(dt=38.4,rms=0.481607) vs oldopt=(dt=32,rms=0.481621)
iter 0, gcam->neg = 16
after 12 iterations, nbhd size=1, neg = 0
#GCMRL#  439 dt  38.400000 rms  0.482  0.081% neg 0  invalid 762 tFOTS 4.8610 tGradient 1.3410 tsec 10.8050
#FOTS# QuadFit found better minimum quadopt=(dt=11.2,rms=0.481324) vs oldopt=(dt=8,rms=0.481376)
iter 0, gcam->neg = 1
after 1 iterations, nbhd size=0, neg = 0
#GCMRL#  440 dt  11.200000 rms  0.481  0.000% neg 0  invalid 762 tFOTS 4.7250 tGradient 1.3480 tsec 7.4080
#GCMRL#  441 dt  11.200000 rms  0.481  0.030% neg 0  invalid 762 tFOTS 0.0000 tGradient 1.5280 tsec 1.8070
iter 0, gcam->neg = 3
after 2 iterations, nbhd size=0, neg = 0
#GCMRL#  442 dt  11.200000 rms  0.481  0.041% neg 0  invalid 762 tFOTS 0.0000 tGradient 1.3030 tsec 2.7420
iter 0, gcam->neg = 7
after 9 iterations, nbhd size=1, neg = 0
#GCMRL#  443 dt  11.200000 rms  0.481  0.052% neg 0  invalid 762 tFOTS 0.0000 tGradient 1.2810 tsec 4.7880
iter 0, gcam->neg = 10
after 13 iterations, nbhd size=1, neg = 0
#GCMRL#  444 dt  11.200000 rms  0.480  0.067% neg 0  invalid 762 tFOTS 0.0000 tGradient 1.2800 tsec 6.0410
iter 0, gcam->neg = 17
after 14 iterations, nbhd size=1, neg = 0
#GCMRL#  445 dt  11.200000 rms  0.480  0.065% neg 0  invalid 762 tFOTS 0.0000 tGradient 1.3320 tsec 6.4560
iter 0, gcam->neg = 11
after 8 iterations, nbhd size=1, neg = 0
#GCMRL#  446 dt  11.200000 rms  0.480  0.078% neg 0  invalid 762 tFOTS 0.0000 tGradient 1.2820 tsec 4.4930
iter 0, gcam->neg = 20
after 10 iterations, nbhd size=1, neg = 0
#GCMRL#  447 dt  11.200000 rms  0.479  0.081% neg 0  invalid 762 tFOTS 0.0000 tGradient 1.3100 tsec 5.0600
iter 0, gcam->neg = 22
after 10 iterations, nbhd size=1, neg = 0

#GCAMreg# pass 0 level1 3 level2 1 tsec 138.72 sigma 0.5
l_jacobian=1.00 l_label=1.00 l_log_likelihood=0.20 l_smoothness=0.12 
tol=2.50e-01, dt=5.00e-02, exp_k=20.0, momentum=0.90, levels=6, niter=500, lbl_dist=10.00, avgs=16, sigma=0.5,type=2, relabel=0, neg=yes

blurring input image with Gaussian with sigma=0.500...
GCAMRegisterLevel(): init RMS 0.479511
#FOTS# QuadFit found better minimum quadopt=(dt=50.3358,rms=0.474222) vs oldopt=(dt=32,rms=0.474731)
iter 0, gcam->neg = 4
after 3 iterations, nbhd size=0, neg = 0
#GCMRL#  449 dt  50.335766 rms  0.474  1.103% neg 0  invalid 762 tFOTS 4.6460 tGradient 1.3030 tsec 7.8150
#FOTS# QuadFit found better minimum quadopt=(dt=25.6,rms=0.472643) vs oldopt=(dt=32,rms=0.472733)
iter 0, gcam->neg = 4
after 9 iterations, nbhd size=1, neg = 0
#GCMRL#  450 dt  25.600000 rms  0.473  0.334% neg 0  invalid 762 tFOTS 4.6300 tGradient 1.3630 tsec 9.4660
#FOTS# QuadFit found better minimum quadopt=(dt=44.8,rms=0.471589) vs oldopt=(dt=32,rms=0.471651)
iter 0, gcam->neg = 17
after 9 iterations, nbhd size=1, neg = 0
#GCMRL#  451 dt  44.800000 rms  0.472  0.000% neg 0  invalid 762 tFOTS 4.6610 tGradient 1.3040 tsec 9.6160
iter 0, gcam->neg = 3
after 7 iterations, nbhd size=1, neg = 0
setting smoothness cost coefficient to 0.400

#GCAMreg# pass 0 level1 2 level2 0 tsec 0 sigma 2
l_jacobian=1.00 l_label=1.00 l_log_likelihood=0.20 l_smoothness=0.40 
tol=2.50e-01, dt=5.00e-02, exp_k=20.0, momentum=0.90, levels=6, niter=500, lbl_dist=10.00, avgs=4, sigma=2.0,type=2, relabel=0, neg=yes

blurring input image with Gaussian with sigma=2.000...
GCAMRegisterLevel(): init RMS 0.482421
#FOTS# QuadFit found better minimum quadopt=(dt=4.97561,rms=0.480923) vs oldopt=(dt=2.88,rms=0.481084)
#GCMRL#  453 dt   4.975610 rms  0.481  0.311% neg 0  invalid 762 tFOTS 4.3870 tGradient 1.2390 tsec 5.9400
#FOTS# QuadFit found better minimum quadopt=(dt=4.53333,rms=0.480561) vs oldopt=(dt=2.88,rms=0.48061)
#GCMRL#  454 dt   4.533333 rms  0.481  0.000% neg 0  invalid 762 tFOTS 4.3550 tGradient 1.2190 tsec 5.8800
iter 0, gcam->neg = 1
after 0 iterations, nbhd size=0, neg = 0
#GCMRL#  455 dt   4.533333 rms  0.480  0.039% neg 0  invalid 762 tFOTS 0.0000 tGradient 1.1610 tsec 1.9570
iter 0, gcam->neg = 2
after 8 iterations, nbhd size=1, neg = 0

#GCAMreg# pass 0 level1 2 level2 1 tsec 24.358 sigma 0.5
l_jacobian=1.00 l_label=1.00 l_log_likelihood=0.20 l_smoothness=0.40 
tol=2.50e-01, dt=5.00e-02, exp_k=20.0, momentum=0.90, levels=6, niter=500, lbl_dist=10.00, avgs=4, sigma=0.5,type=2, relabel=0, neg=yes

blurring input image with Gaussian with sigma=0.500...
GCAMRegisterLevel(): init RMS 0.480882
#FOTS# QuadFit found better minimum quadopt=(dt=14.1684,rms=0.477017) vs oldopt=(dt=11.52,rms=0.477137)
iter 0, gcam->neg = 13
after 3 iterations, nbhd size=0, neg = 0
#GCMRL#  457 dt  14.168350 rms  0.477  0.806% neg 0  invalid 762 tFOTS 4.2470 tGradient 1.1610 tsec 7.1130
#FOTS# QuadFit found better minimum quadopt=(dt=17.1901,rms=0.474858) vs oldopt=(dt=11.52,rms=0.475096)
iter 0, gcam->neg = 19
after 10 iterations, nbhd size=1, neg = 0
#GCMRL#  458 dt  17.190083 rms  0.475  0.451% neg 0  invalid 762 tFOTS 4.2840 tGradient 1.2240 tsec 9.1430
#FOTS# QuadFit found better minimum quadopt=(dt=10.1201,rms=0.473516) vs oldopt=(dt=11.52,rms=0.47355)
iter 0, gcam->neg = 17
after 9 iterations, nbhd size=1, neg = 0
#GCMRL#  459 dt  10.120141 rms  0.474  0.283% neg 0  invalid 762 tFOTS 4.2100 tGradient 1.1470 tsec 8.7940
#FOTS# QuadFit found better minimum quadopt=(dt=12.2151,rms=0.472661) vs oldopt=(dt=11.52,rms=0.472664)
iter 0, gcam->neg = 11
after 1 iterations, nbhd size=0, neg = 0
#GCMRL#  460 dt  12.215054 rms  0.473  0.000% neg 0  invalid 762 tFOTS 4.2100 tGradient 1.1990 tsec 6.5630
iter 0, gcam->neg = 15
after 9 iterations, nbhd size=1, neg = 0
#GCMRL#  461 dt  12.215054 rms  0.472  0.164% neg 0  invalid 762 tFOTS 0.0000 tGradient 1.2080 tsec 4.7190
iter 0, gcam->neg = 76
after 14 iterations, nbhd size=1, neg = 0
#GCMRL#  462 dt  12.215054 rms  0.471  0.265% neg 0  invalid 762 tFOTS 0.0000 tGradient 1.1990 tsec 5.7620
iter 0, gcam->neg = 29
after 11 iterations, nbhd size=1, neg = 0
#GCMRL#  463 dt  12.215054 rms  0.469  0.277% neg 0  invalid 762 tFOTS 0.0000 tGradient 1.2080 tsec 4.9860
iter 0, gcam->neg = 29
after 11 iterations, nbhd size=1, neg = 0
#GCMRL#  464 dt  12.215054 rms  0.468  0.257% neg 0  invalid 762 tFOTS 0.0000 tGradient 1.1540 tsec 4.9100
iter 0, gcam->neg = 23
after 11 iterations, nbhd size=1, neg = 0
#GCMRL#  465 dt  12.215054 rms  0.467  0.194% neg 0  invalid 762 tFOTS 0.0000 tGradient 1.1440 tsec 4.8540
iter 0, gcam->neg = 42
after 12 iterations, nbhd size=1, neg = 0
#GCMRL#  466 dt  12.215054 rms  0.466  0.210% neg 0  invalid 762 tFOTS 0.0000 tGradient 1.2260 tsec 5.2420
iter 0, gcam->neg = 66
after 11 iterations, nbhd size=1, neg = 0
#GCMRL#  467 dt  12.215054 rms  0.466  0.156% neg 0  invalid 762 tFOTS 0.0000 tGradient 1.2230 tsec 5.0500
iter 0, gcam->neg = 32
after 12 iterations, nbhd size=1, neg = 0
#GCMRL#  468 dt  12.215054 rms  0.465  0.139% neg 0  invalid 762 tFOTS 0.0000 tGradient 1.2300 tsec 5.3520
iter 0, gcam->neg = 34
after 11 iterations, nbhd size=1, neg = 0
#GCMRL#  469 dt  12.215054 rms  0.464  0.097% neg 0  invalid 762 tFOTS 0.0000 tGradient 1.2220 tsec 4.9900
iter 0, gcam->neg = 35
after 11 iterations, nbhd size=1, neg = 0
#GCMRL#  470 dt  12.215054 rms  0.464  0.088% neg 0  invalid 762 tFOTS 0.0000 tGradient 1.2160 tsec 5.0240
#FOTS# QuadFit found better minimum quadopt=(dt=10,rms=0.463709) vs oldopt=(dt=2.88,rms=0.463767)
iter 0, gcam->neg = 3
after 4 iterations, nbhd size=0, neg = 0
#GCMRL#  471 dt  10.000000 rms  0.464  0.000% neg 0  invalid 762 tFOTS 4.1930 tGradient 1.2140 tsec 7.3440
iter 0, gcam->neg = 2
after 3 iterations, nbhd size=0, neg = 0
#GCMRL#  472 dt  10.000000 rms  0.464  0.020% neg 0  invalid 762 tFOTS 0.0000 tGradient 1.2260 tsec 2.7960
iter 0, gcam->neg = 15
after 2 iterations, nbhd size=0, neg = 0
#GCMRL#  473 dt  10.000000 rms  0.464  0.004% neg 0  invalid 762 tFOTS 0.0000 tGradient 1.2070 tsec 2.5200
iter 0, gcam->neg = 9
after 3 iterations, nbhd size=0, neg = 0
setting smoothness cost coefficient to 1.000

#GCAMreg# pass 0 level1 1 level2 0 tsec 0 sigma 2
l_jacobian=1.00 l_label=1.00 l_log_likelihood=0.20 l_smoothness=1.00 
tol=2.50e-01, dt=5.00e-02, exp_k=20.0, momentum=0.90, levels=6, niter=500, lbl_dist=10.00, avgs=1, sigma=2.0,type=2, relabel=0, neg=yes

blurring input image with Gaussian with sigma=2.000...
GCAMRegisterLevel(): init RMS 0.471523
#GCMRL#  475 dt   0.000000 rms  0.471  0.127% neg 0  invalid 762 tFOTS 3.9580 tGradient 1.0300 tsec 5.2720

#GCAMreg# pass 0 level1 1 level2 1 tsec 16.987 sigma 0.5
l_jacobian=1.00 l_label=1.00 l_log_likelihood=0.20 l_smoothness=1.00 
tol=2.50e-01, dt=5.00e-02, exp_k=20.0, momentum=0.90, levels=6, niter=500, lbl_dist=10.00, avgs=1, sigma=0.5,type=2, relabel=0, neg=yes

blurring input image with Gaussian with sigma=0.500...
GCAMRegisterLevel(): init RMS 0.471523
#FOTS# QuadFit found better minimum quadopt=(dt=4e-05,rms=0.470923) vs oldopt=(dt=5e-05,rms=0.470923)
#GCMRL#  477 dt   0.000040 rms  0.471  0.127% neg 0  invalid 762 tFOTS 5.3020 tGradient 1.1230 tsec 6.7130
resetting metric properties...
setting smoothness cost coefficient to 2.000

#GCAMreg# pass 0 level1 0 level2 0 tsec 0 sigma 2
l_jacobian=1.00 l_label=1.00 l_log_likelihood=0.20 l_smoothness=2.00 
tol=2.50e-01, dt=5.00e-02, exp_k=20.0, momentum=0.90, levels=6, niter=500, lbl_dist=10.00, avgs=0, sigma=2.0,type=2, relabel=0, neg=yes

blurring input image with Gaussian with sigma=2.000...
GCAMRegisterLevel(): init RMS 0.459215
#FOTS# QuadFit found better minimum quadopt=(dt=1.4992,rms=0.438663) vs oldopt=(dt=1.28,rms=0.439213)
iter 0, gcam->neg = 1085
after 13 iterations, nbhd size=1, neg = 0
#GCMRL#  479 dt   1.499204 rms  0.439  4.304% neg 0  invalid 762 tFOTS 4.2130 tGradient 0.6310 tsec 9.3550
#GCMRL#  480 dt   0.000013 rms  0.439  0.000% neg 0  invalid 762 tFOTS 5.2250 tGradient 0.5980 tsec 6.1350

#GCAMreg# pass 0 level1 0 level2 1 tsec 22.873 sigma 0.5
l_jacobian=1.00 l_label=1.00 l_log_likelihood=0.20 l_smoothness=2.00 
tol=2.50e-01, dt=5.00e-02, exp_k=20.0, momentum=0.90, levels=6, niter=500, lbl_dist=10.00, avgs=0, sigma=0.5,type=2, relabel=0, neg=yes

blurring input image with Gaussian with sigma=0.500...
GCAMRegisterLevel(): init RMS 0.44005
#FOTS# QuadFit found better minimum quadopt=(dt=0.016,rms=0.439415) vs oldopt=(dt=0.02,rms=0.439415)
#GCMRL#  482 dt   0.016000 rms  0.439  0.144% neg 0  invalid 762 tFOTS 4.1260 tGradient 0.6090 tsec 5.0210
#FOTS# QuadFit found better minimum quadopt=(dt=0.00175,rms=0.439412) vs oldopt=(dt=0.00125,rms=0.439412)
#GCMRL#  483 dt   0.001750 rms  0.439  0.000% neg 0  invalid 762 tFOTS 4.2170 tGradient 0.5590 tsec 5.0790
label assignment complete, 0 changed (0.00%)
GCAMregister done in 7.5762 min
Starting GCAMcomputeMaxPriorLabels()
Morphing with label term set to 0 *******************************
Starting GCAMregister()
label assignment complete, 0 changed (0.00%)
npasses = 1, nlevels = 6
#pass# 1 of 1 ************************
enabling zero nodes
setting smoothness cost coefficient to 0.008

#GCAMreg# pass 0 level1 5 level2 0 tsec 0 sigma 2
l_jacobian=1.00 l_log_likelihood=0.20 l_smoothness=0.01 
tol=2.50e-01, dt=5.00e-02, exp_k=20.0, momentum=0.90, levels=6, niter=500, lbl_dist=10.00, avgs=256, sigma=2.0,type=2, relabel=0, neg=yes

blurring input image with Gaussian with sigma=2.000...
GCAMRegisterLevel(): init RMS 0.430538
#FOTS# QuadFit found better minimum quadopt=(dt=-0.00488281,rms=0.430538) vs oldopt=(dt=0.000903125,rms=0.430538)
#GCMRL#  485 dt  -0.004883 rms  0.431  0.000% neg 0  invalid 762 tFOTS 4.8400 tGradient 1.3720 tsec 6.4720

#GCAMreg# pass 0 level1 5 level2 1 tsec 18.078 sigma 0.5
l_jacobian=1.00 l_log_likelihood=0.20 l_smoothness=0.01 
tol=2.50e-01, dt=5.00e-02, exp_k=20.0, momentum=0.90, levels=6, niter=500, lbl_dist=10.00, avgs=256, sigma=0.5,type=2, relabel=0, neg=yes

blurring input image with Gaussian with sigma=0.500...
GCAMRegisterLevel(): init RMS 0.430538
#FOTS# QuadFit found better minimum quadopt=(dt=8.092,rms=0.430533) vs oldopt=(dt=5.78,rms=0.430534)
#GCMRL#  487 dt   8.092000 rms  0.431  0.001% neg 0  invalid 762 tFOTS 3.8200 tGradient 1.2880 tsec 5.3690
#GCMRL#  488 dt   5.780000 rms  0.431  0.000% neg 0  invalid 762 tFOTS 3.8380 tGradient 1.3760 tsec 5.4930
setting smoothness cost coefficient to 0.031

#GCAMreg# pass 0 level1 4 level2 0 tsec 0 sigma 2
l_jacobian=1.00 l_log_likelihood=0.20 l_smoothness=0.03 
tol=2.50e-01, dt=5.00e-02, exp_k=20.0, momentum=0.90, levels=6, niter=500, lbl_dist=10.00, avgs=64, sigma=2.0,type=2, relabel=0, neg=yes

blurring input image with Gaussian with sigma=2.000...
GCAMRegisterLevel(): init RMS 0.430643
#FOTS# QuadFit found better minimum quadopt=(dt=0.486,rms=0.430643) vs oldopt=(dt=0.405,rms=0.430643)
#GCMRL#  490 dt   0.486000 rms  0.431  0.000% neg 0  invalid 762 tFOTS 3.9890 tGradient 1.0360 tsec 5.3250

#GCAMreg# pass 0 level1 4 level2 1 tsec 16.973 sigma 0.5
l_jacobian=1.00 l_log_likelihood=0.20 l_smoothness=0.03 
tol=2.50e-01, dt=5.00e-02, exp_k=20.0, momentum=0.90, levels=6, niter=500, lbl_dist=10.00, avgs=64, sigma=0.5,type=2, relabel=0, neg=yes

blurring input image with Gaussian with sigma=0.500...
GCAMRegisterLevel(): init RMS 0.430643
#FOTS# QuadFit found better minimum quadopt=(dt=20.736,rms=0.430562) vs oldopt=(dt=25.92,rms=0.430564)
#GCMRL#  492 dt  20.736000 rms  0.431  0.019% neg 0  invalid 762 tFOTS 3.8290 tGradient 1.0670 tsec 5.1820
#FOTS# QuadFit found better minimum quadopt=(dt=20.736,rms=0.430539) vs oldopt=(dt=25.92,rms=0.430541)
#GCMRL#  493 dt  20.736000 rms  0.431  0.000% neg 0  invalid 762 tFOTS 3.8420 tGradient 1.0540 tsec 5.2010
#GCMRL#  494 dt  20.736000 rms  0.431  0.004% neg 0  invalid 762 tFOTS 0.0000 tGradient 1.0470 tsec 1.2720
iter 0, gcam->neg = 4
after 0 iterations, nbhd size=0, neg = 0
setting smoothness cost coefficient to 0.118

#GCAMreg# pass 0 level1 3 level2 0 tsec 0 sigma 2
l_jacobian=1.00 l_log_likelihood=0.20 l_smoothness=0.12 
tol=2.50e-01, dt=5.00e-02, exp_k=20.0, momentum=0.90, levels=6, niter=500, lbl_dist=10.00, avgs=16, sigma=2.0,type=2, relabel=0, neg=yes

blurring input image with Gaussian with sigma=2.000...
GCAMRegisterLevel(): init RMS 0.430944
#FOTS# QuadFit found better minimum quadopt=(dt=11.2,rms=0.430385) vs oldopt=(dt=8,rms=0.430438)
iter 0, gcam->neg = 26
after 10 iterations, nbhd size=1, neg = 0
#GCMRL#  496 dt  11.200000 rms  0.430  0.114% neg 0  invalid 762 tFOTS 4.0550 tGradient 0.9360 tsec 8.7030
iter 0, gcam->neg = 21
after 9 iterations, nbhd size=1, neg = 0
#GCMRL#  497 dt   8.000000 rms  0.430  0.000% neg 0  invalid 762 tFOTS 4.0560 tGradient 0.9130 tsec 8.4810
iter 0, gcam->neg = 27
after 9 iterations, nbhd size=1, neg = 0

#GCAMreg# pass 0 level1 3 level2 1 tsec 27.845 sigma 0.5
l_jacobian=1.00 l_log_likelihood=0.20 l_smoothness=0.12 
tol=2.50e-01, dt=5.00e-02, exp_k=20.0, momentum=0.90, levels=6, niter=500, lbl_dist=10.00, avgs=16, sigma=0.5,type=2, relabel=0, neg=yes

blurring input image with Gaussian with sigma=0.500...
GCAMRegisterLevel(): init RMS 0.430423
#FOTS# QuadFit found better minimum quadopt=(dt=44.8,rms=0.427472) vs oldopt=(dt=32,rms=0.427683)
iter 0, gcam->neg = 73
after 10 iterations, nbhd size=1, neg = 0
#GCMRL#  499 dt  44.800000 rms  0.428  0.654% neg 0  invalid 762 tFOTS 4.1590 tGradient 0.9190 tsec 8.7150
#FOTS# QuadFit found better minimum quadopt=(dt=25.1324,rms=0.426648) vs oldopt=(dt=32,rms=0.426769)
iter 0, gcam->neg = 12
after 8 iterations, nbhd size=1, neg = 0
#GCMRL#  500 dt  25.132420 rms  0.427  0.000% neg 0  invalid 762 tFOTS 4.1390 tGradient 0.9160 tsec 8.3250
iter 0, gcam->neg = 11
after 1 iterations, nbhd size=0, neg = 0
#GCMRL#  501 dt  25.132420 rms  0.426  0.154% neg 0  invalid 762 tFOTS 0.0000 tGradient 0.9020 tsec 1.9960
iter 0, gcam->neg = 25
after 11 iterations, nbhd size=1, neg = 0
#GCMRL#  502 dt  25.132420 rms  0.425  0.147% neg 0  invalid 762 tFOTS 0.0000 tGradient 0.9380 tsec 4.9470
iter 0, gcam->neg = 21
after 11 iterations, nbhd size=1, neg = 0
#GCMRL#  503 dt  25.132420 rms  0.425  0.146% neg 0  invalid 762 tFOTS 0.0000 tGradient 0.9130 tsec 5.0980
iter 0, gcam->neg = 37
after 12 iterations, nbhd size=1, neg = 0
#GCMRL#  504 dt  25.132420 rms  0.424  0.118% neg 0  invalid 762 tFOTS 0.0000 tGradient 0.9120 tsec 5.3280
iter 0, gcam->neg = 43
after 13 iterations, nbhd size=1, neg = 0
#GCMRL#  505 dt  25.132420 rms  0.424  0.115% neg 0  invalid 762 tFOTS 0.0000 tGradient 0.9220 tsec 5.5780
#FOTS# QuadFit found better minimum quadopt=(dt=44.8,rms=0.423504) vs oldopt=(dt=32,rms=0.423532)
iter 0, gcam->neg = 15
after 11 iterations, nbhd size=1, neg = 0
#GCMRL#  506 dt  44.800000 rms  0.424  0.000% neg 0  invalid 762 tFOTS 3.9010 tGradient 0.9220 tsec 8.9810
iter 0, gcam->neg = 20
after 10 iterations, nbhd size=1, neg = 0
#GCMRL#  507 dt  44.800000 rms  0.424  0.014% neg 0  invalid 762 tFOTS 0.0000 tGradient 0.9380 tsec 4.6410
iter 0, gcam->neg = 15
after 11 iterations, nbhd size=1, neg = 0
#GCMRL#  508 dt  44.800000 rms  0.423  0.093% neg 0  invalid 762 tFOTS 0.0000 tGradient 0.9190 tsec 4.9660
iter 0, gcam->neg = 19
after 11 iterations, nbhd size=1, neg = 0
#GCMRL#  509 dt  44.800000 rms  0.423  0.084% neg 0  invalid 762 tFOTS 0.0000 tGradient 0.9150 tsec 5.0440
iter 0, gcam->neg = 32
after 11 iterations, nbhd size=1, neg = 0
#GCMRL#  510 dt  44.800000 rms  0.422  0.128% neg 0  invalid 762 tFOTS 0.0000 tGradient 0.9750 tsec 5.1260
iter 0, gcam->neg = 49
after 15 iterations, nbhd size=1, neg = 0
#GCMRL#  511 dt  44.800000 rms  0.422  0.107% neg 0  invalid 762 tFOTS 0.0000 tGradient 0.9140 tsec 6.3240
iter 0, gcam->neg = 60
after 12 iterations, nbhd size=1, neg = 0
#GCMRL#  512 dt  44.800000 rms  0.421  0.080% neg 0  invalid 762 tFOTS 0.0000 tGradient 0.9280 tsec 5.3120
#FOTS# QuadFit found better minimum quadopt=(dt=11.2,rms=0.421336) vs oldopt=(dt=8,rms=0.421358)
iter 0, gcam->neg = 1
after 2 iterations, nbhd size=0, neg = 0
#GCMRL#  513 dt  11.200000 rms  0.421  0.000% neg 0  invalid 762 tFOTS 4.0550 tGradient 0.9380 tsec 6.3200
#GCMRL#  514 dt  11.200000 rms  0.421  0.007% neg 0  invalid 762 tFOTS 0.0000 tGradient 0.9380 tsec 1.1630
iter 0, gcam->neg = 3
after 0 iterations, nbhd size=0, neg = 0
#GCMRL#  515 dt  11.200000 rms  0.421  0.007% neg 0  invalid 762 tFOTS 0.0000 tGradient 0.9180 tsec 1.6730
iter 0, gcam->neg = 3
after 8 iterations, nbhd size=1, neg = 0
setting smoothness cost coefficient to 0.400

#GCAMreg# pass 0 level1 2 level2 0 tsec 0 sigma 2
l_jacobian=1.00 l_log_likelihood=0.20 l_smoothness=0.40 
tol=2.50e-01, dt=5.00e-02, exp_k=20.0, momentum=0.90, levels=6, niter=500, lbl_dist=10.00, avgs=4, sigma=2.0,type=2, relabel=0, neg=yes

blurring input image with Gaussian with sigma=2.000...
GCAMRegisterLevel(): init RMS 0.42576
#FOTS# QuadFit found better minimum quadopt=(dt=2.304,rms=0.425681) vs oldopt=(dt=2.88,rms=0.42569)
#GCMRL#  517 dt   2.304000 rms  0.426  0.018% neg 0  invalid 762 tFOTS 3.7360 tGradient 0.8520 tsec 4.8550
#FOTS# QuadFit found better minimum quadopt=(dt=0.864,rms=0.425673) vs oldopt=(dt=0.72,rms=0.425673)
iter 0, gcam->neg = 2
after 6 iterations, nbhd size=1, neg = 0

#GCAMreg# pass 0 level1 2 level2 1 tsec 18.341 sigma 0.5
l_jacobian=1.00 l_log_likelihood=0.20 l_smoothness=0.40 
tol=2.50e-01, dt=5.00e-02, exp_k=20.0, momentum=0.90, levels=6, niter=500, lbl_dist=10.00, avgs=4, sigma=0.5,type=2, relabel=0, neg=yes

blurring input image with Gaussian with sigma=0.500...
GCAMRegisterLevel(): init RMS 0.425681
#FOTS# QuadFit found better minimum quadopt=(dt=9.93333,rms=0.425002) vs oldopt=(dt=11.52,rms=0.425021)
iter 0, gcam->neg = 8
after 8 iterations, nbhd size=1, neg = 0
#GCMRL#  519 dt   9.933333 rms  0.425  0.159% neg 0  invalid 762 tFOTS 3.7060 tGradient 0.8270 tsec 7.5850
#FOTS# QuadFit found better minimum quadopt=(dt=21.8182,rms=0.423798) vs oldopt=(dt=11.52,rms=0.42406)
iter 0, gcam->neg = 77
after 13 iterations, nbhd size=1, neg = 0
#GCMRL#  520 dt  21.818182 rms  0.424  0.288% neg 0  invalid 762 tFOTS 3.7000 tGradient 0.8530 tsec 9.2360
#FOTS# QuadFit found better minimum quadopt=(dt=15.3846,rms=0.423264) vs oldopt=(dt=11.52,rms=0.423289)
iter 0, gcam->neg = 36
after 9 iterations, nbhd size=1, neg = 0
#GCMRL#  521 dt  15.384615 rms  0.423  0.000% neg 0  invalid 762 tFOTS 4.0250 tGradient 0.8840 tsec 8.2810
iter 0, gcam->neg = 153
after 15 iterations, nbhd size=1, neg = 0
#GCMRL#  522 dt  15.384615 rms  0.423  0.145% neg 0  invalid 762 tFOTS 0.0000 tGradient 0.8460 tsec 5.9040
iter 0, gcam->neg = 285
after 15 iterations, nbhd size=1, neg = 0
#GCMRL#  523 dt  15.384615 rms  0.422  0.141% neg 0  invalid 762 tFOTS 0.0000 tGradient 0.8370 tsec 5.8990
iter 0, gcam->neg = 251
after 18 iterations, nbhd size=1, neg = 0
#GCMRL#  524 dt  15.384615 rms  0.422  0.096% neg 0  invalid 762 tFOTS 0.0000 tGradient 0.8460 tsec 6.8100
iter 0, gcam->neg = 216
after 18 iterations, nbhd size=1, neg = 0
#GCMRL#  525 dt  15.384615 rms  0.421  0.158% neg 0  invalid 762 tFOTS 0.0000 tGradient 0.8340 tsec 6.8480
iter 0, gcam->neg = 291
after 21 iterations, nbhd size=1, neg = 0
#GCMRL#  526 dt  15.384615 rms  0.420  0.124% neg 0  invalid 762 tFOTS 0.0000 tGradient 0.8780 tsec 7.7020
iter 0, gcam->neg = 345
after 21 iterations, nbhd size=1, neg = 0
#GCMRL#  527 dt  15.384615 rms  0.420 -0.027% neg 0  invalid 762 tFOTS 0.0000 tGradient 0.8810 tsec 7.9270
#FOTS# QuadFit found better minimum quadopt=(dt=7,rms=0.420308) vs oldopt=(dt=2.88,rms=0.420366)
iter 0, gcam->neg = 12
after 9 iterations, nbhd size=1, neg = 0
#GCMRL#  528 dt   7.000000 rms  0.420  0.037% neg 0  invalid 762 tFOTS 3.9350 tGradient 0.8540 tsec 8.2070
#FOTS# QuadFit found better minimum quadopt=(dt=18.1818,rms=0.420111) vs oldopt=(dt=11.52,rms=0.420143)
iter 0, gcam->neg = 34
after 12 iterations, nbhd size=1, neg = 0
#GCMRL#  529 dt  18.181818 rms  0.420  0.039% neg 0  invalid 762 tFOTS 3.9520 tGradient 0.8710 tsec 9.3390
#FOTS# QuadFit found better minimum quadopt=(dt=4.032,rms=0.420132) vs oldopt=(dt=2.88,rms=0.420136)
iter 0, gcam->neg = 2
after 0 iterations, nbhd size=0, neg = 0
setting smoothness cost coefficient to 1.000

#GCAMreg# pass 0 level1 1 level2 0 tsec 0 sigma 2
l_jacobian=1.00 l_log_likelihood=0.20 l_smoothness=1.00 
tol=2.50e-01, dt=5.00e-02, exp_k=20.0, momentum=0.90, levels=6, niter=500, lbl_dist=10.00, avgs=1, sigma=2.0,type=2, relabel=0, neg=yes

blurring input image with Gaussian with sigma=2.000...
GCAMRegisterLevel(): init RMS 0.425876
#FOTS# QuadFit found better minimum quadopt=(dt=6e-05,rms=0.425876) vs oldopt=(dt=5e-05,rms=0.425876)
#GCMRL#  531 dt   0.000060 rms  0.426  0.000% neg 0  invalid 762 tFOTS 5.0810 tGradient 0.7460 tsec 6.1070

#GCAMreg# pass 0 level1 1 level2 1 tsec 17.365 sigma 0.5
l_jacobian=1.00 l_log_likelihood=0.20 l_smoothness=1.00 
tol=2.50e-01, dt=5.00e-02, exp_k=20.0, momentum=0.90, levels=6, niter=500, lbl_dist=10.00, avgs=1, sigma=0.5,type=2, relabel=0, neg=yes

blurring input image with Gaussian with sigma=0.500...
GCAMRegisterLevel(): init RMS 0.425876
resetting metric properties...
setting smoothness cost coefficient to 2.000

#GCAMreg# pass 0 level1 0 level2 0 tsec 0 sigma 2
l_jacobian=1.00 l_log_likelihood=0.20 l_smoothness=2.00 
tol=2.50e-01, dt=5.00e-02, exp_k=20.0, momentum=0.90, levels=6, niter=500, lbl_dist=10.00, avgs=0, sigma=2.0,type=2, relabel=0, neg=yes

blurring input image with Gaussian with sigma=2.000...
GCAMRegisterLevel(): init RMS 0.416258
#FOTS# QuadFit found better minimum quadopt=(dt=0.828,rms=0.410253) vs oldopt=(dt=0.32,rms=0.412656)
iter 0, gcam->neg = 406
after 12 iterations, nbhd size=1, neg = 0
#GCMRL#  534 dt   0.828000 rms  0.411  1.327% neg 0  invalid 762 tFOTS 3.9780 tGradient 0.2550 tsec 8.7170
#FOTS# QuadFit found better minimum quadopt=(dt=0.112,rms=0.410581) vs oldopt=(dt=0.08,rms=0.410588)
#GCMRL#  535 dt   0.112000 rms  0.411  0.000% neg 0  invalid 762 tFOTS 3.9610 tGradient 0.2540 tsec 4.5100
#GCMRL#  536 dt   0.112000 rms  0.410  0.024% neg 0  invalid 762 tFOTS 0.0000 tGradient 0.2620 tsec 0.5380

#GCAMreg# pass 0 level1 0 level2 1 tsec 20.577 sigma 0.5
l_jacobian=1.00 l_log_likelihood=0.20 l_smoothness=2.00 
tol=2.50e-01, dt=5.00e-02, exp_k=20.0, momentum=0.90, levels=6, niter=500, lbl_dist=10.00, avgs=0, sigma=0.5,type=2, relabel=0, neg=yes

blurring input image with Gaussian with sigma=0.500...
GCAMRegisterLevel(): init RMS 0.410484
#FOTS# QuadFit found better minimum quadopt=(dt=0.508547,rms=0.408104) vs oldopt=(dt=0.32,rms=0.408595)
iter 0, gcam->neg = 8
after 1 iterations, nbhd size=0, neg = 0
#GCMRL#  538 dt   0.508547 rms  0.408  0.572% neg 0  invalid 762 tFOTS 3.9330 tGradient 0.2560 tsec 5.3610
#FOTS# QuadFit found better minimum quadopt=(dt=0.096,rms=0.408067) vs oldopt=(dt=0.08,rms=0.40807)
#GCMRL#  539 dt   0.096000 rms  0.408  0.000% neg 0  invalid 762 tFOTS 3.9790 tGradient 0.2540 tsec 4.5270
#GCMRL#  540 dt   0.096000 rms  0.408  0.030% neg 0  invalid 762 tFOTS 0.0000 tGradient 0.2590 tsec 0.5210
#GCMRL#  541 dt   0.096000 rms  0.408  0.055% neg 0  invalid 762 tFOTS 0.0000 tGradient 0.2510 tsec 0.5150
#GCMRL#  542 dt   0.096000 rms  0.407  0.079% neg 0  invalid 762 tFOTS 0.0000 tGradient 0.2740 tsec 0.5460
#GCMRL#  543 dt   0.096000 rms  0.407  0.096% neg 0  invalid 762 tFOTS 0.0000 tGradient 0.2580 tsec 0.5200
#GCMRL#  544 dt   0.096000 rms  0.407  0.097% neg 0  invalid 762 tFOTS 0.0000 tGradient 0.2610 tsec 0.5270
#GCMRL#  545 dt   0.096000 rms  0.406  0.076% neg 0  invalid 762 tFOTS 0.0000 tGradient 0.2620 tsec 0.5260
#GCMRL#  546 dt   0.096000 rms  0.406  0.042% neg 0  invalid 762 tFOTS 0.0000 tGradient 0.2720 tsec 0.5580
GCAMregister done in 5.9478 min
writing output transformation to transforms/talairach.m3z...
GCAMwrite
Calls to gcamLogLikelihoodEnergy 4298 tmin = 1.29722
Calls to gcamLabelEnergy         3617 tmin = 0.933033
Calls to gcamJacobianEnergy      4298 tmin = 1.02735
Calls to gcamSmoothnessEnergy    4298 tmin = 4.22385
Calls to gcamLogLikelihoodTerm 548 tmin = 0.4873
Calls to gcamLabelTerm         485 tmin = 3.55067
Calls to gcamJacobianTerm      548 tmin = 0.78525
Calls to gcamSmoothnessTerm    548 tmin = 0.359883
Calls to gcamComputeGradient    548 tmin = 12.9388
Calls to gcamComputeMetricProperties    6643 tmin = 2.66848
mri_ca_register took 0 hours, 39 minutes and 55 seconds.
#VMPC# mri_ca_register VmPeak  3384824
FSRUNTIME@ mri_ca_register  0.6654 hours 16 threads
#--------------------------------------
#@# SubCort Seg Sat Apr  4 12:28:14 CEST 2026

 mri_ca_label -relabel_unlikely 9 .3 -prior 0.5 -align norm.mgz transforms/talairach.m3z /opt/freesurfer/average/RB_all_2020-01-02.gca aseg.auto_noCCseg.mgz 

sysname  Linux
hostname dna070
machine  x86_64

setenv SUBJECTS_DIR /out/sourcedata/freesurfer
cd /out/sourcedata/freesurfer/sub-v1s12x0050113_ses-1/mri
mri_ca_label -relabel_unlikely 9 .3 -prior 0.5 -align norm.mgz transforms/talairach.m3z /opt/freesurfer/average/RB_all_2020-01-02.gca aseg.auto_noCCseg.mgz 

relabeling unlikely voxels with window_size = 9 and prior threshold 0.30
using Gibbs prior factor = 0.500
renormalizing sequences with structure alignment, equivalent to:
	-renormalize
	-renormalize_mean 0.500
	-regularize 0.500

== Number of threads available to for OpenMP = 16 == 
reading 1 input volumes
reading classifier array from /opt/freesurfer/average/RB_all_2020-01-02.gca
reading input volume from norm.mgz
average std[0] = 7.2
reading transform from transforms/talairach.m3z
setting orig areas to linear transform determinant scaled 5.42
Atlas used for the 3D morph was /opt/freesurfer/average/RB_all_2020-01-02.gca
average std = 7.2   using min determinant for regularization = 5.2
0 singular and 0 ill-conditioned covariance matrices regularized
labeling volume...
renormalizing by structure alignment....
renormalizing input #0
gca peak = 0.15521 (20)
mri peak = 0.10174 (17)
Left_Lateral_Ventricle (4): linear fit = 0.81 x + 0.0 (613 voxels, overlap=0.720)
Left_Lateral_Ventricle (4): linear fit = 0.81 x + 0.0 (613 voxels, peak = 16), gca=16.3
gca peak = 0.20380 (13)
mri peak = 0.15963 (15)
Right_Lateral_Ventricle (43): linear fit = 1.03 x + 0.0 (506 voxels, overlap=0.776)
Right_Lateral_Ventricle (43): linear fit = 1.03 x + 0.0 (506 voxels, peak = 13), gca=13.5
gca peak = 0.26283 (96)
mri peak = 0.17231 (99)
Right_Pallidum (52): linear fit = 1.04 x + 0.0 (650 voxels, overlap=0.574)
Right_Pallidum (52): linear fit = 1.04 x + 0.0 (650 voxels, peak = 100), gca=100.3
gca peak = 0.15814 (97)
mri peak = 0.22259 (101)
Left_Pallidum (13): linear fit = 1.03 x + 0.0 (608 voxels, overlap=0.485)
Left_Pallidum (13): linear fit = 1.03 x + 0.0 (608 voxels, peak = 100), gca=100.4
gca peak = 0.27624 (56)
mri peak = 0.13529 (63)
Right_Hippocampus (53): linear fit = 1.13 x + 0.0 (886 voxels, overlap=0.070)
Right_Hippocampus (53): linear fit = 1.13 x + 0.0 (886 voxels, peak = 64), gca=63.6
gca peak = 0.28723 (59)
mri peak = 0.13579 (64)
Left_Hippocampus (17): linear fit = 1.11 x + 0.0 (869 voxels, overlap=0.425)
Left_Hippocampus (17): linear fit = 1.11 x + 0.0 (869 voxels, peak = 65), gca=65.2
gca peak = 0.07623 (103)
mri peak = 0.14165 (105)
Right_Cerebral_White_Matter (41): linear fit = 1.01 x + 0.0 (40789 voxels, overlap=0.516)
Right_Cerebral_White_Matter (41): linear fit = 1.01 x + 0.0 (40789 voxels, peak = 105), gca=104.5
gca peak = 0.07837 (105)
mri peak = 0.12971 (105)
Left_Cerebral_White_Matter (2): linear fit = 1.01 x + 0.0 (38717 voxels, overlap=0.474)
Left_Cerebral_White_Matter (2): linear fit = 1.01 x + 0.0 (38717 voxels, peak = 107), gca=106.6
gca peak = 0.10165 (58)
mri peak = 0.04711 (63)
Left_Cerebral_Cortex (3): linear fit = 1.04 x + 0.0 (27537 voxels, overlap=0.865)
Left_Cerebral_Cortex (3): linear fit = 1.04 x + 0.0 (27537 voxels, peak = 61), gca=60.6
gca peak = 0.11113 (58)
mri peak = 0.04817 (63)
Right_Cerebral_Cortex (42): linear fit = 1.04 x + 0.0 (24561 voxels, overlap=0.917)
Right_Cerebral_Cortex (42): linear fit = 1.04 x + 0.0 (24561 voxels, peak = 61), gca=60.6
gca peak = 0.27796 (67)
mri peak = 0.14219 (77)
Right_Caudate (50): linear fit = 1.14 x + 0.0 (851 voxels, overlap=0.017)
Right_Caudate (50): linear fit = 1.14 x + 0.0 (851 voxels, peak = 77), gca=76.7
gca peak = 0.14473 (69)
mri peak = 0.13557 (79)
Left_Caudate (11): linear fit = 1.05 x + 0.0 (863 voxels, overlap=0.623)
Left_Caudate (11): linear fit = 1.05 x + 0.0 (863 voxels, peak = 73), gca=72.8
gca peak = 0.14301 (56)
mri peak = 0.04195 (50)
Left_Cerebellum_Cortex (8): linear fit = 0.89 x + 0.0 (22932 voxels, overlap=0.984)
Left_Cerebellum_Cortex (8): linear fit = 0.89 x + 0.0 (22932 voxels, peak = 50), gca=50.1
gca peak = 0.14610 (55)
mri peak = 0.03876 (44)
Right_Cerebellum_Cortex (47): linear fit = 0.93 x + 0.0 (22675 voxels, overlap=0.746)
Right_Cerebellum_Cortex (47): linear fit = 0.93 x + 0.0 (22675 voxels, peak = 51), gca=50.9
gca peak = 0.16309 (85)
mri peak = 0.07740 (93)
Left_Cerebellum_White_Matter (7): linear fit = 1.07 x + 0.0 (9608 voxels, overlap=0.722)
Left_Cerebellum_White_Matter (7): linear fit = 1.07 x + 0.0 (9608 voxels, peak = 91), gca=90.5
gca peak = 0.15172 (84)
mri peak = 0.07514 (93)
Right_Cerebellum_White_Matter (46): linear fit = 1.10 x + 0.0 (10562 voxels, overlap=0.589)
Right_Cerebellum_White_Matter (46): linear fit = 1.10 x + 0.0 (10562 voxels, peak = 92), gca=92.0
gca peak = 0.30461 (58)
mri peak = 0.18362 (70)
Left_Amygdala (18): linear fit = 1.18 x + 0.0 (403 voxels, overlap=0.032)
Left_Amygdala (18): linear fit = 1.18 x + 0.0 (403 voxels, peak = 69), gca=68.7
gca peak = 0.32293 (57)
mri peak = 0.19333 (68)
Right_Amygdala (54): linear fit = 1.18 x + 0.0 (424 voxels, overlap=0.036)
Right_Amygdala (54): linear fit = 1.18 x + 0.0 (424 voxels, peak = 68), gca=67.5
gca peak = 0.11083 (90)
mri peak = 0.06878 (85)
Left_Thalamus (10): linear fit = 1.01 x + 0.0 (4256 voxels, overlap=0.998)
Left_Thalamus (10): linear fit = 1.01 x + 0.0 (4256 voxels, peak = 91), gca=91.3
gca peak = 0.11393 (83)
mri peak = 0.06865 (89)
Right_Thalamus (49): linear fit = 1.05 x + 0.0 (4097 voxels, overlap=0.923)
Right_Thalamus (49): linear fit = 1.05 x + 0.0 (4097 voxels, peak = 88), gca=87.6
gca peak = 0.08575 (81)
mri peak = 0.13090 (89)
Left_Putamen (12): linear fit = 1.09 x + 0.0 (2078 voxels, overlap=0.580)
Left_Putamen (12): linear fit = 1.09 x + 0.0 (2078 voxels, peak = 88), gca=87.9
gca peak = 0.08618 (78)
mri peak = 0.11415 (85)
Right_Putamen (51): linear fit = 1.08 x + 0.0 (2155 voxels, overlap=0.557)
Right_Putamen (51): linear fit = 1.08 x + 0.0 (2155 voxels, peak = 84), gca=83.9
gca peak = 0.08005 (78)
mri peak = 0.08689 (93)
Brain_Stem (16): linear fit = 1.12 x + 0.0 (10651 voxels, overlap=0.299)
Brain_Stem (16): linear fit = 1.12 x + 0.0 (10651 voxels, peak = 88), gca=87.8
gca peak = 0.12854 (88)
mri peak = 0.10239 (98)
Right_VentralDC (60): linear fit = 1.09 x + 0.0 (1204 voxels, overlap=0.503)
Right_VentralDC (60): linear fit = 1.09 x + 0.0 (1204 voxels, peak = 95), gca=95.5
gca peak = 0.15703 (87)
mri peak = 0.08178 (92)
Left_VentralDC (28): linear fit = 1.08 x + 0.0 (1258 voxels, overlap=0.602)
Left_VentralDC (28): linear fit = 1.08 x + 0.0 (1258 voxels, peak = 94), gca=93.5
gca peak = 0.17522 (25)
mri peak = 0.21674 (24)
gca peak = 0.17113 (14)
mri peak = 0.21733 (15)
Fourth_Ventricle (15): linear fit = 0.86 x + 0.0 (210 voxels, overlap=0.637)
Fourth_Ventricle (15): linear fit = 0.86 x + 0.0 (210 voxels, peak = 12), gca=12.0
gca peak Unknown = 0.94777 ( 0)
gca peak Left_Inf_Lat_Vent = 0.16627 (28)
gca peak Third_Ventricle = 0.17522 (25)
gca peak CSF = 0.20346 (36)
gca peak Left_Accumbens_area = 0.70646 (62)
gca peak Left_undetermined = 1.00000 (28)
gca peak Left_vessel = 0.89917 (53)
gca peak Left_choroid_plexus = 0.11689 (35)
gca peak Right_Inf_Lat_Vent = 0.25504 (23)
gca peak Right_Accumbens_area = 0.31650 (65)
gca peak Right_vessel = 0.77268 (52)
gca peak Right_choroid_plexus = 0.13275 (38)
gca peak Fifth_Ventricle = 0.60973 (33)
gca peak WM_hypointensities = 0.11013 (77)
gca peak non_WM_hypointensities = 0.11354 (41)
gca peak Optic_Chiasm = 0.51646 (76)
not using caudate to estimate GM means
estimating mean gm scale to be 1.12 x + 0.0
estimating mean wm scale to be 1.01 x + 0.0
estimating mean csf scale to be 0.90 x + 0.0
saving intensity scales to aseg.auto_noCCseg.label_intensities.txt
renormalizing by structure alignment....
renormalizing input #0
gca peak = 0.17095 (15)
mri peak = 0.10174 (17)
Left_Lateral_Ventricle (4): linear fit = 1.03 x + 0.0 (613 voxels, overlap=0.940)
Left_Lateral_Ventricle (4): linear fit = 1.03 x + 0.0 (613 voxels, peak = 16), gca=15.5
gca peak = 0.17630 (13)
mri peak = 0.15963 (15)
Right_Lateral_Ventricle (43): linear fit = 1.03 x + 0.0 (506 voxels, overlap=0.756)
Right_Lateral_Ventricle (43): linear fit = 1.03 x + 0.0 (506 voxels, peak = 13), gca=13.5
gca peak = 0.21285 (100)
mri peak = 0.17231 (99)
Right_Pallidum (52): linear fit = 1.00 x + 0.0 (650 voxels, overlap=1.000)
Right_Pallidum (52): linear fit = 1.00 x + 0.0 (650 voxels, peak = 100), gca=100.0
gca peak = 0.16065 (98)
mri peak = 0.22259 (101)
Left_Pallidum (13): linear fit = 1.01 x + 0.0 (608 voxels, overlap=0.856)
Left_Pallidum (13): linear fit = 1.01 x + 0.0 (608 voxels, peak = 99), gca=99.5
gca peak = 0.24487 (63)
mri peak = 0.13529 (63)
Right_Hippocampus (53): linear fit = 0.99 x + 0.0 (886 voxels, overlap=1.000)
Right_Hippocampus (53): linear fit = 0.99 x + 0.0 (886 voxels, peak = 62), gca=62.1
gca peak = 0.25377 (62)
mri peak = 0.13579 (64)
Left_Hippocampus (17): linear fit = 1.00 x + 0.0 (869 voxels, overlap=1.008)
Left_Hippocampus (17): linear fit = 1.00 x + 0.0 (869 voxels, peak = 62), gca=62.0
gca peak = 0.07895 (105)
mri peak = 0.14165 (105)
Right_Cerebral_White_Matter (41): linear fit = 1.00 x + 0.0 (40789 voxels, overlap=0.592)
Right_Cerebral_White_Matter (41): linear fit = 1.00 x + 0.0 (40789 voxels, peak = 106), gca=105.5
gca peak = 0.07852 (106)
mri peak = 0.12971 (105)
Left_Cerebral_White_Matter (2): linear fit = 1.00 x + 0.0 (38717 voxels, overlap=0.538)
Left_Cerebral_White_Matter (2): linear fit = 1.00 x + 0.0 (38717 voxels, peak = 106), gca=106.0
gca peak = 0.09147 (61)
mri peak = 0.04711 (63)
Left_Cerebral_Cortex (3): linear fit = 1.02 x + 0.0 (27537 voxels, overlap=0.951)
Left_Cerebral_Cortex (3): linear fit = 1.02 x + 0.0 (27537 voxels, peak = 63), gca=62.5
gca peak = 0.10912 (61)
mri peak = 0.04817 (63)
Right_Cerebral_Cortex (42): linear fit = 1.02 x + 0.0 (24561 voxels, overlap=0.954)
Right_Cerebral_Cortex (42): linear fit = 1.02 x + 0.0 (24561 voxels, peak = 63), gca=62.5
gca peak = 0.21882 (76)
mri peak = 0.14219 (77)
Right_Caudate (50): linear fit = 1.00 x + 0.0 (851 voxels, overlap=1.000)
Right_Caudate (50): linear fit = 1.00 x + 0.0 (851 voxels, peak = 76), gca=76.0
gca peak = 0.14711 (82)
mri peak = 0.13557 (79)
Left_Caudate (11): linear fit = 1.00 x + 0.0 (863 voxels, overlap=0.989)
Left_Caudate (11): linear fit = 1.00 x + 0.0 (863 voxels, peak = 82), gca=82.0
gca peak = 0.15863 (50)
mri peak = 0.04195 (50)
Left_Cerebellum_Cortex (8): linear fit = 0.98 x + 0.0 (22932 voxels, overlap=1.000)
Left_Cerebellum_Cortex (8): linear fit = 0.98 x + 0.0 (22932 voxels, peak = 49), gca=48.8
gca peak = 0.16543 (51)
mri peak = 0.03876 (44)
Right_Cerebellum_Cortex (47): linear fit = 0.96 x + 0.0 (22675 voxels, overlap=0.994)
Right_Cerebellum_Cortex (47): linear fit = 0.96 x + 0.0 (22675 voxels, peak = 49), gca=49.2
gca peak = 0.15314 (90)
mri peak = 0.07740 (93)
Left_Cerebellum_White_Matter (7): linear fit = 1.02 x + 0.0 (9608 voxels, overlap=0.959)
Left_Cerebellum_White_Matter (7): linear fit = 1.02 x + 0.0 (9608 voxels, peak = 92), gca=92.2
gca peak = 0.13742 (93)
mri peak = 0.07514 (93)
Right_Cerebellum_White_Matter (46): linear fit = 1.00 x + 0.0 (10562 voxels, overlap=0.973)
Right_Cerebellum_White_Matter (46): linear fit = 1.00 x + 0.0 (10562 voxels, peak = 93), gca=92.5
gca peak = 0.27164 (69)
mri peak = 0.18362 (70)
Left_Amygdala (18): linear fit = 1.00 x + 0.0 (403 voxels, overlap=0.944)
Left_Amygdala (18): linear fit = 1.00 x + 0.0 (403 voxels, peak = 69), gca=69.0
gca peak = 0.26155 (68)
mri peak = 0.19333 (68)
Right_Amygdala (54): linear fit = 1.00 x + 0.0 (424 voxels, overlap=0.989)
Right_Amygdala (54): linear fit = 1.00 x + 0.0 (424 voxels, peak = 68), gca=68.0
gca peak = 0.11250 (90)
mri peak = 0.06878 (85)
Left_Thalamus (10): linear fit = 1.00 x + 0.0 (4256 voxels, overlap=0.999)
Left_Thalamus (10): linear fit = 1.00 x + 0.0 (4256 voxels, peak = 90), gca=89.6
gca peak = 0.10036 (91)
mri peak = 0.06865 (89)
Right_Thalamus (49): linear fit = 0.98 x + 0.0 (4097 voxels, overlap=0.992)
Right_Thalamus (49): linear fit = 0.98 x + 0.0 (4097 voxels, peak = 89), gca=88.7
gca peak = 0.07806 (83)
mri peak = 0.13090 (89)
Left_Putamen (12): linear fit = 1.00 x + 0.0 (2078 voxels, overlap=0.854)
Left_Putamen (12): linear fit = 1.00 x + 0.0 (2078 voxels, peak = 83), gca=83.0
gca peak = 0.08572 (83)
mri peak = 0.11415 (85)
Right_Putamen (51): linear fit = 1.01 x + 0.0 (2155 voxels, overlap=0.849)
Right_Putamen (51): linear fit = 1.01 x + 0.0 (2155 voxels, peak = 84), gca=84.2
gca peak = 0.07798 (88)
mri peak = 0.08689 (93)
Brain_Stem (16): linear fit = 1.00 x + 0.0 (10651 voxels, overlap=0.816)
Brain_Stem (16): linear fit = 1.00 x + 0.0 (10651 voxels, peak = 88), gca=87.6
gca peak = 0.11935 (97)
mri peak = 0.10239 (98)
Right_VentralDC (60): linear fit = 1.01 x + 0.0 (1204 voxels, overlap=0.818)
Right_VentralDC (60): linear fit = 1.01 x + 0.0 (1204 voxels, peak = 98), gca=98.5
gca peak = 0.14385 (92)
mri peak = 0.08178 (92)
Left_VentralDC (28): linear fit = 1.01 x + 0.0 (1258 voxels, overlap=0.884)
Left_VentralDC (28): linear fit = 1.01 x + 0.0 (1258 voxels, peak = 93), gca=93.4
gca peak = 0.21067 (23)
mri peak = 0.21674 (24)
gca peak = 0.21595 (12)
mri peak = 0.21733 (15)
Fourth_Ventricle (15): linear fit = 1.03 x + 0.0 (210 voxels, overlap=0.777)
Fourth_Ventricle (15): linear fit = 1.03 x + 0.0 (210 voxels, peak = 12), gca=12.4
gca peak Unknown = 0.94777 ( 0)
gca peak Left_Inf_Lat_Vent = 0.16240 (31)
gca peak Third_Ventricle = 0.21067 (23)
gca peak CSF = 0.19925 (28)
gca peak Left_Accumbens_area = 0.53061 (65)
gca peak Left_undetermined = 1.00000 (28)
gca peak Left_vessel = 0.89917 (53)
gca peak Left_choroid_plexus = 0.11689 (35)
gca peak Right_Inf_Lat_Vent = 0.23431 (26)
gca peak Right_Accumbens_area = 0.30893 (74)
gca peak Right_vessel = 0.77268 (52)
gca peak Right_choroid_plexus = 0.13275 (38)
gca peak Fifth_Ventricle = 0.60973 (30)
gca peak WM_hypointensities = 0.09954 (77)
gca peak non_WM_hypointensities = 0.13982 (41)
gca peak Optic_Chiasm = 0.51654 (76)
not using caudate to estimate GM means
estimating mean gm scale to be 1.01 x + 0.0
estimating mean wm scale to be 1.00 x + 0.0
estimating mean csf scale to be 1.03 x + 0.0
saving intensity scales to aseg.auto_noCCseg.label_intensities.txt
saving sequentially combined intensity scales to aseg.auto_noCCseg.label_intensities.txt
36284 voxels changed in iteration 0 of unlikely voxel relabeling
133 voxels changed in iteration 1 of unlikely voxel relabeling
5 voxels changed in iteration 2 of unlikely voxel relabeling
0 voxels changed in iteration 3 of unlikely voxel relabeling
33876 gm and wm labels changed (%25 to gray, %75 to white out of all changed labels)
347 hippocampal voxels changed.
0 amygdala voxels changed.
Reclassifying using Gibbs Priors
pass 1: 48792 changed. image ll: -2.061, PF=0.500
pass 2: 12329 changed. image ll: -2.060, PF=0.500
pass 3: 4129 changed.
26046 voxels changed in iteration 0 of unlikely voxel relabeling
178 voxels changed in iteration 1 of unlikely voxel relabeling
4 voxels changed in iteration 2 of unlikely voxel relabeling
0 voxels changed in iteration 3 of unlikely voxel relabeling
5906 voxels changed in iteration 0 of unlikely voxel relabeling
37 voxels changed in iteration 1 of unlikely voxel relabeling
0 voxels changed in iteration 2 of unlikely voxel relabeling
5582 voxels changed in iteration 0 of unlikely voxel relabeling
78 voxels changed in iteration 1 of unlikely voxel relabeling
9 voxels changed in iteration 2 of unlikely voxel relabeling
0 voxels changed in iteration 3 of unlikely voxel relabeling
5326 voxels changed in iteration 0 of unlikely voxel relabeling
32 voxels changed in iteration 1 of unlikely voxel relabeling
1 voxels changed in iteration 2 of unlikely voxel relabeling
0 voxels changed in iteration 3 of unlikely voxel relabeling
 !!!!!!!!! ventricle segment 0 with volume 4156 above threshold 100 - not erasing !!!!!!!!!!
 !!!!!!!!! ventricle segment 3 with volume 114 above threshold 100 - not erasing !!!!!!!!!!
 !!!!!!!!! ventricle segment 1 with volume 3948 above threshold 100 - not erasing !!!!!!!!!!
writing labeled volume to aseg.auto_noCCseg.mgz
mri_ca_label utimesec    1201.615325
mri_ca_label stimesec    2.818884
mri_ca_label ru_maxrss   2133448
mri_ca_label ru_ixrss    0
mri_ca_label ru_idrss    0
mri_ca_label ru_isrss    0
mri_ca_label ru_minflt   2997604
mri_ca_label ru_majflt   25
mri_ca_label ru_nswap    0
mri_ca_label ru_inblock  1142
mri_ca_label ru_oublock  608
mri_ca_label ru_msgsnd   0
mri_ca_label ru_msgrcv   0
mri_ca_label ru_nsignals 0
mri_ca_label ru_nvcsw    3180
mri_ca_label ru_nivcsw   1957
auto-labeling took 19 minutes and 6 seconds.
#--------------------------------------
#@# CC Seg Sat Apr  4 12:47:20 CEST 2026

 mri_cc -aseg aseg.auto_noCCseg.mgz -o aseg.auto.mgz -lta /out/sourcedata/freesurfer/sub-v1s12x0050113_ses-1/mri/transforms/cc_up.lta sub-v1s12x0050113_ses-1 

will read input aseg from aseg.auto_noCCseg.mgz
writing aseg with cc labels to aseg.auto.mgz
will write lta as /out/sourcedata/freesurfer/sub-v1s12x0050113_ses-1/mri/transforms/cc_up.lta
reading aseg from /out/sourcedata/freesurfer/sub-v1s12x0050113_ses-1/mri/aseg.auto_noCCseg.mgz
reading norm from /out/sourcedata/freesurfer/sub-v1s12x0050113_ses-1/mri/norm.mgz
24739 voxels in left wm, 35362 in right wm, xrange [128, 135]
searching rotation angles z=[-8  6], y=[-5  9]
searching scale 1 Z rot -8.2  searching scale 1 Z rot -7.9  searching scale 1 Z rot -7.7  searching scale 1 Z rot -7.4  searching scale 1 Z rot -7.2  searching scale 1 Z rot -6.9  searching scale 1 Z rot -6.7  searching scale 1 Z rot -6.4  searching scale 1 Z rot -6.2  searching scale 1 Z rot -5.9  searching scale 1 Z rot -5.7  searching scale 1 Z rot -5.4  searching scale 1 Z rot -5.2  searching scale 1 Z rot -4.9  searching scale 1 Z rot -4.7  searching scale 1 Z rot -4.4  searching scale 1 Z rot -4.2  searching scale 1 Z rot -3.9  searching scale 1 Z rot -3.7  searching scale 1 Z rot -3.4  searching scale 1 Z rot -3.2  searching scale 1 Z rot -2.9  searching scale 1 Z rot -2.7  searching scale 1 Z rot -2.4  searching scale 1 Z rot -2.2  searching scale 1 Z rot -1.9  searching scale 1 Z rot -1.7  searching scale 1 Z rot -1.4  searching scale 1 Z rot -1.2  searching scale 1 Z rot -0.9  searching scale 1 Z rot -0.7  searching scale 1 Z rot -0.4  searching scale 1 Z rot -0.2  searching scale 1 Z rot 0.1  searching scale 1 Z rot 0.3  searching scale 1 Z rot 0.6  searching scale 1 Z rot 0.8  searching scale 1 Z rot 1.1  searching scale 1 Z rot 1.3  searching scale 1 Z rot 1.6  searching scale 1 Z rot 1.8  searching scale 1 Z rot 2.1  searching scale 1 Z rot 2.3  searching scale 1 Z rot 2.6  searching scale 1 Z rot 2.8  searching scale 1 Z rot 3.1  searching scale 1 Z rot 3.3  searching scale 1 Z rot 3.6  searching scale 1 Z rot 3.8  searching scale 1 Z rot 4.1  searching scale 1 Z rot 4.3  searching scale 1 Z rot 4.6  searching scale 1 Z rot 4.8  searching scale 1 Z rot 5.1  searching scale 1 Z rot 5.3  searching scale 1 Z rot 5.6  searching scale 1 Z rot 5.8  global minimum found at slice 132.0, rotations (1.97, -0.94)
final transformation (x=132.0, yr=1.975, zr=-0.941):
 0.99927   0.01641   0.03445  -9.34655;
-0.01641   0.99987  -0.00057   23.24042;
-0.03446   0.00000   0.99941   25.61175;
 0.00000   0.00000   0.00000   1.00000;
updating x range to be [126, 131] in xformed coordinates
best xformed slice 128
min_x_fornix = 132
min_x_fornix = 141
WARNING: min_x_fornix not set
min_x_fornix = 151
min_x_fornix = 142
cc center is found at 128 107 107
eigenvectors:
-0.00017  -0.00076   1.00000;
-0.05513  -0.99848  -0.00076;
 0.99848  -0.05513   0.00013;
writing aseg with callosum to /out/sourcedata/freesurfer/sub-v1s12x0050113_ses-1/mri/aseg.auto.mgz...
corpus callosum segmentation took 0.3 minutes
#VMPC# mri_cc VmPeak  553820
mri_cc done
#--------------------------------------
#@# Merge ASeg Sat Apr  4 12:47:38 CEST 2026

 cp aseg.auto.mgz aseg.presurf.mgz 

#--------------------------------------------
#@# Intensity Normalization2 Sat Apr  4 12:47:38 CEST 2026
/out/sourcedata/freesurfer/sub-v1s12x0050113_ses-1/mri

 mri_normalize -seed 1234 -mprage -aseg aseg.presurf.mgz -mask brainmask.mgz norm.mgz brain.mgz 

setting seed for random number genererator to 1234
assuming input volume is MGH (Van der Kouwe) MP-RAGE
using segmentation for initial intensity normalization
using MR volume brainmask.mgz to mask input volume...
reading mri_src from norm.mgz...
Reading aseg aseg.presurf.mgz
normalizing image...
NOT doing gentle normalization with control points/label
processing with aseg
removing outliers in the aseg WM...
403 control points removed
Building bias image
building Voronoi diagram...
performing soap bubble smoothing, sigma = 0...
Smoothing with sigma 8
Applying bias correction
building Voronoi diagram...
performing soap bubble smoothing, sigma = 8...

Iterating 2 times
---------------------------------
3d normalization pass 1 of 2
white matter peak found at 110
white matter peak found at 110
gm peak at 67 (67), valley at  0 (-1)
csf peak at 33, setting threshold to 55
building Voronoi diagram...
performing soap bubble smoothing, sigma = 8...
---------------------------------
3d normalization pass 2 of 2
white matter peak found at 110
white matter peak found at 110
gm peak at 68 (68), valley at  0 (-1)
csf peak at 34, setting threshold to 56
building Voronoi diagram...
performing soap bubble smoothing, sigma = 8...
Done iterating ---------------------------------
writing output to brain.mgz
3D bias adjustment took 1 minutes and 20 seconds.
#--------------------------------------------
#@# Mask BFS Sat Apr  4 12:48:59 CEST 2026
/out/sourcedata/freesurfer/sub-v1s12x0050113_ses-1/mri

 mri_mask -T 5 brain.mgz brainmask.mgz brain.finalsurfs.mgz 

threshold mask volume at 5
DoAbs = 0
Found 1246779 voxels in mask (pct=  7.43)
Writing masked volume to brain.finalsurfs.mgz...done.
#--------------------------------------------
#@# WM Segmentation Sat Apr  4 12:48:59 CEST 2026

 AntsDenoiseImageFs -i brain.mgz -o antsdn.brain.mgz 


 mri_segment -wsizemm 13 -mprage antsdn.brain.mgz wm.seg.mgz 

wsizemm = 13, voxres = 1, wsize = 13
Widening wm low from 89 to 79
assuming input volume is MGH (Van der Kouwe) MP-RAGE
wm mean:  110
wsize:    13
wm low:   79
wm hi:    125
gray low: 30
gray hi:  99
Doing initial trinary intensity segmentation 
Using local statistics to label ambiguous voxels
Autodetecting stats
Computing class statistics for intensity windows...
CCS WM (102.0): 101.3 +- 6.5 [79.0 --> 125.0]
CCS GM (74.0) : 73.5 +- 8.8 [30.0 --> 95.0]
 white_mean 101.25
 white_sigma 6.47086
 gray_mean 73.5283
 gray_sigma 8.80379
setting bottom of white matter range wm_low to 82.3
setting top of gray matter range gray_hi to 91.1
 wm_low 82.3321
 wm_hi  125
 gray_low 30
 gray_hi  91.1359
Redoing initial intensity segmentation...
Recomputing local statistics to label ambiguous voxels...
 wm_low 82.3321
 wm_hi  125
 gray_low 30
 gray_hi  91.1359
using local geometry to label remaining ambiguous voxels...
polvwsize = 5, polvlen = 3, gray_hi = 91.1359, wm_low = 82.3321
MRIcpolvMedianCurveSegment(): wsize=5, len=3, gmhi=91.1359, wmlow=82.3321
    118520 voxels processed (0.71%)
     56367 voxels white (0.34%)
     62153 voxels non-white (0.37%)

Reclassifying voxels using Gaussian border classifier niter=1
MRIreclassify(): wm_low=77.3321, gray_hi=91.1359, wsize=13
    215784 voxels tested (1.29%)
     42209 voxels changed (0.25%)
     54945 multi-scale searches  (0.33%)
Recovering bright white
MRIrecoverBrightWhite()
 wm_low 82.3321
 wm_hi 125
 slack 6.47086
 pct_thresh 0.33
 intensity_thresh 131.471
 nvox_thresh 8.58
      148 voxels tested (0.00%)
       89 voxels changed (0.00%)

removing voxels with positive offset direction...
MRIremoveWrongDirection() wsize=3, lowthr=77.3321, hithr=91.1359
  smoothing input volume with sigma = 0.250
    73632 voxels tested (0.44%)
    13870 voxels changed (0.08%)
thicken = 1
removing 1-dimensional structures...
MRIremove1dStructures(): max_iter=10000, thresh=2, WM_MIN_VAL=5
 1341 sparsely connected voxels removed in 1 iterations
thickening thin strands....
thickness 4
nsegments 20
wm_hi 125
899 diagonally connected voxels added...
MRIthickenThinWMStrands(): thickness=4, nsegments=20
  20 segments, 3512 filled
MRIfindBrightNonWM(): 998 bright non-wm voxels segmented.
MRIfilterMorphology() WM_MIN_VAL=5, DIAGONAL_FILL=230
white matter segmentation took 0.8 minutes
writing output to wm.seg.mgz...

 mri_edit_wm_with_aseg -keep-in wm.seg.mgz brain.mgz aseg.presurf.mgz wm.asegedit.mgz 

preserving editing changes in input volume...
auto filling took 0.35 minutes
reading wm segmentation from wm.seg.mgz...
0 voxels added to wm to prevent paths from MTL structures to cortex
2370 additional wm voxels added
0 additional wm voxels added
SEG EDIT: 28780 voxels turned on, 40284 voxels turned off.
propagating editing to output volume from wm.seg.mgz
writing edited volume to wm.asegedit.mgz....

 mri_pretess wm.asegedit.mgz wm norm.mgz wm.mgz 


Iteration Number : 1
pass   1 (xy+):   8 found -   8 modified     |    TOTAL:   8
pass   2 (xy+):   0 found -   8 modified     |    TOTAL:   8
pass   1 (xy-):   6 found -   6 modified     |    TOTAL:  14
pass   2 (xy-):   0 found -   6 modified     |    TOTAL:  14
pass   1 (yz+):  14 found -  14 modified     |    TOTAL:  28
pass   2 (yz+):   0 found -  14 modified     |    TOTAL:  28
pass   1 (yz-):  18 found -  18 modified     |    TOTAL:  46
pass   2 (yz-):   0 found -  18 modified     |    TOTAL:  46
pass   1 (xz+):  13 found -  13 modified     |    TOTAL:  59
pass   2 (xz+):   0 found -  13 modified     |    TOTAL:  59
pass   1 (xz-):  10 found -  10 modified     |    TOTAL:  69
pass   2 (xz-):   0 found -  10 modified     |    TOTAL:  69
Iteration Number : 1
pass   1 (+++):  16 found -  16 modified     |    TOTAL:  16
pass   2 (+++):   0 found -  16 modified     |    TOTAL:  16
pass   1 (+++):   7 found -   7 modified     |    TOTAL:  23
pass   2 (+++):   0 found -   7 modified     |    TOTAL:  23
pass   1 (+++):   4 found -   4 modified     |    TOTAL:  27
pass   2 (+++):   0 found -   4 modified     |    TOTAL:  27
pass   1 (+++):  10 found -  10 modified     |    TOTAL:  37
pass   2 (+++):   0 found -  10 modified     |    TOTAL:  37
Iteration Number : 1
pass   1 (++):  30 found -  30 modified     |    TOTAL:  30
pass   2 (++):   0 found -  30 modified     |    TOTAL:  30
pass   1 (+-):  34 found -  34 modified     |    TOTAL:  64
pass   2 (+-):   0 found -  34 modified     |    TOTAL:  64
pass   1 (--):  36 found -  36 modified     |    TOTAL: 100
pass   2 (--):   0 found -  36 modified     |    TOTAL: 100
pass   1 (-+):  24 found -  24 modified     |    TOTAL: 124
pass   2 (-+):   0 found -  24 modified     |    TOTAL: 124
Iteration Number : 2
pass   1 (xy+):   2 found -   2 modified     |    TOTAL:   2
pass   2 (xy+):   0 found -   2 modified     |    TOTAL:   2
pass   1 (xy-):   2 found -   2 modified     |    TOTAL:   4
pass   2 (xy-):   0 found -   2 modified     |    TOTAL:   4
pass   1 (yz+):   1 found -   1 modified     |    TOTAL:   5
pass   2 (yz+):   0 found -   1 modified     |    TOTAL:   5
pass   1 (yz-):   0 found -   0 modified     |    TOTAL:   5
pass   1 (xz+):   0 found -   0 modified     |    TOTAL:   5
pass   1 (xz-):   1 found -   1 modified     |    TOTAL:   6
pass   2 (xz-):   0 found -   1 modified     |    TOTAL:   6
Iteration Number : 2
pass   1 (+++):   0 found -   0 modified     |    TOTAL:   0
pass   1 (+++):   0 found -   0 modified     |    TOTAL:   0
pass   1 (+++):   0 found -   0 modified     |    TOTAL:   0
pass   1 (+++):   0 found -   0 modified     |    TOTAL:   0
Iteration Number : 2
pass   1 (++):   0 found -   0 modified     |    TOTAL:   0
pass   1 (+-):   0 found -   0 modified     |    TOTAL:   0
pass   1 (--):   1 found -   1 modified     |    TOTAL:   1
pass   2 (--):   0 found -   1 modified     |    TOTAL:   1
pass   1 (-+):   1 found -   1 modified     |    TOTAL:   2
pass   2 (-+):   0 found -   1 modified     |    TOTAL:   2
Iteration Number : 3
pass   1 (xy+):   0 found -   0 modified     |    TOTAL:   0
pass   1 (xy-):   0 found -   0 modified     |    TOTAL:   0
pass   1 (yz+):   0 found -   0 modified     |    TOTAL:   0
pass   1 (yz-):   0 found -   0 modified     |    TOTAL:   0
pass   1 (xz+):   0 found -   0 modified     |    TOTAL:   0
pass   1 (xz-):   0 found -   0 modified     |    TOTAL:   0
Iteration Number : 3
pass   1 (+++):   0 found -   0 modified     |    TOTAL:   0
pass   1 (+++):   0 found -   0 modified     |    TOTAL:   0
pass   1 (+++):   0 found -   0 modified     |    TOTAL:   0
pass   1 (+++):   0 found -   0 modified     |    TOTAL:   0
Iteration Number : 3
pass   1 (++):   0 found -   0 modified     |    TOTAL:   0
pass   1 (+-):   0 found -   0 modified     |    TOTAL:   0
pass   1 (--):   0 found -   0 modified     |    TOTAL:   0
pass   1 (-+):   0 found -   0 modified     |    TOTAL:   0

Total Number of Modified Voxels = 238 (out of 511746: 0.046507)
binarizing input wm segmentation...
Ambiguous edge configurations... 

mri_pretess done

#--------------------------------------------
#@# Fill Sat Apr  4 12:50:33 CEST 2026
/out/sourcedata/freesurfer/sub-v1s12x0050113_ses-1/mri

 mri_fill -a ../scripts/ponscc.cut.log -xform transforms/talairach.lta -segmentation aseg.presurf.mgz -ctab /opt/freesurfer/SubCorticalMassLUT.txt wm.mgz filled.mgz 

logging cutting plane coordinates to ../scripts/ponscc.cut.log...
INFO: Using transforms/talairach.lta and its offset for Talairach volume ...
using segmentation aseg.presurf.mgz...
reading input volume...done.
searching for cutting planes...voxel to talairach voxel transform
 1.10893   0.01668   0.05834  -28.03404;
-0.03385   1.25371   0.26257  -60.56291;
-0.06784  -0.18481   1.01919   26.50368;
 0.00000   0.00000   0.00000   1.00000;
voxel to talairach voxel transform
 1.10893   0.01668   0.05834  -28.03404;
-0.03385   1.25371   0.26257  -60.56291;
-0.06784  -0.18481   1.01919   26.50368;
 0.00000   0.00000   0.00000   1.00000;
reading segmented volume aseg.presurf.mgz
removing CC from segmentation
Looking for area (min, max) = (350, 1400)
area[0] = 1482 (min = 350, max = 1400), aspect = 0.47 (min = 0.10, max = 0.75)
need search nearby
using seed (126, 111, 90), TAL = (2.0, -38.0, 17.0)
talairach voxel to voxel transform
 0.89835  -0.01882  -0.04657   25.27898;
 0.01130   0.76821  -0.19856   52.10440;
 0.06184   0.13805   0.94207  -14.87398;
 0.00000   0.00000   0.00000   1.00000;
segmentation indicates cc at (126,  111,  90) --> (2.0, -38.0, 17.0)
done.
filling took 0.6 minutes
talairach cc position changed to (2.00, -38.00, 17.00)
Erasing brainstem...done.
seed_search_size = 9, min_neighbors = 5
search rh wm seed point around talairach space:(20.00, -38.00, 17.00) SRC: (116.02, 120.73, 91.91)
search lh wm seed point around talairach space (-16.00, -38.00, 17.00), SRC: (148.36, 121.13, 94.14)
compute mri_fill using aseg
Erasing Brain Stem and Cerebellum ...
Define left and right masks using aseg:
Building Voronoi diagram ...
Using the Voronoi diagram for separating WM into two hemispheres ...
Find the largest connected component for each hemisphere ...
Embedding colortable
mri_fill done, writing output to filled.mgz...
 cp filled.mgz filled.auto.mgz

Started at Sat Apr 4 11:47:24 CEST 2026 
Ended   at Sat Apr 4 12:51:11 CEST 2026
#@#%# recon-all-run-time-hours 1.063
recon-all -s sub-v1s12x0050113_ses-1 finished without error at Sat Apr  4 12:51:11 CEST 2026



#New# invocation of recon-all 




Sat Apr  4 13:28:32 CEST 2026
cd /out/sourcedata/freesurfer/sub-v1s12x0050113_ses-1
setenv SUBJECTS_DIR /out/sourcedata/freesurfer
/opt/freesurfer/bin/recon-all -parallel -subjid sub-v1s12x0050113_ses-1 -sd /out/sourcedata/freesurfer -cortribbon

subjid sub-v1s12x0050113_ses-1
setenv SUBJECTS_DIR /out/sourcedata/freesurfer
FREESURFER_HOME /opt/freesurfer
Actual FREESURFER_HOME /opt/freesurfer
build-stamp.txt: freesurfer-linux-ubuntu22_x86_64-7.3.2-20220804-6354275
Linux dna070 5.14.0-427.37.1.el9_4.x86_64 #1 SMP PREEMPT_DYNAMIC Fri Sep 13 12:41:50 EDT 2024 x86_64 x86_64 x86_64 GNU/Linux
cputime      unlimited
filesize     unlimited
datasize     unlimited
stacksize    8192 kbytes
coredumpsize 0 kbytes
memoryuse    67108864 kbytes
vmemoryuse   unlimited
descriptors  1024 
memorylocked unlimited
maxproc      2061970 
maxlocks     unlimited
maxsignal    2062029 
maxmessage   819200 
maxnice      0 
maxrtprio    0 
maxrttime    unlimited

               total        used        free      shared  buff/cache   available
Mem:           503Gi        48Gi       282Gi        16Gi       172Gi       434Gi
Swap:             0B          0B          0B

########################################
program versions used
7.3.2 (freesurfer-linux-ubuntu22_x86_64-7.3.2-20220804-6354275)
7.3.2

ProgramName: lta_convert  ProgramArguments: lta_convert -all-info  ProgramVersion: 7.3.2  TimeStamp: 2026/04/04-11:28:32-GMT  BuildTime: Aug  4 2022 06:17:15  BuildStamp: freesurfer-linux-ubuntu22_x86_64-7.3.2-20220804-6354275  User: oesteban  Machine: dna070  Platform: Linux  PlatformVersion: 5.14.0-427.37.1.el9_4.x86_64  CompilerName: GCC  CompilerVersion: 8.4.0
ProgramName: mri_and  ProgramArguments: mri_and -all-info  ProgramVersion: 7.3.2  TimeStamp: 2026/04/04-11:28:32-GMT  BuildTime: Aug  4 2022 06:17:15  BuildStamp: freesurfer-linux-ubuntu22_x86_64-7.3.2-20220804-6354275  User: oesteban  Machine: dna070  Platform: Linux  PlatformVersion: 5.14.0-427.37.1.el9_4.x86_64  CompilerName: GCC  CompilerVersion: 8.4.0
ProgramName: mri_annotation2label  ProgramArguments: mri_annotation2label -all-info  ProgramVersion: 7.3.2  TimeStamp: 2026/04/04-11:28:32-GMT  BuildTime: Aug  4 2022 06:17:15  BuildStamp: freesurfer-linux-ubuntu22_x86_64-7.3.2-20220804-6354275  User: oesteban  Machine: dna070  Platform: Linux  PlatformVersion: 5.14.0-427.37.1.el9_4.x86_64  CompilerName: GCC  CompilerVersion: 8.4.0
ProgramName: mri_aparc2aseg  ProgramArguments: mri_aparc2aseg -all-info  ProgramVersion: 7.3.2  TimeStamp: 2026/04/04-11:28:32-GMT  BuildTime: Aug  4 2022 06:17:15  BuildStamp: freesurfer-linux-ubuntu22_x86_64-7.3.2-20220804-6354275  User: oesteban  Machine: dna070  Platform: Linux  PlatformVersion: 5.14.0-427.37.1.el9_4.x86_64  CompilerName: GCC  CompilerVersion: 8.4.0
ProgramName: mri_surf2volseg  ProgramArguments: mri_surf2volseg -all-info  ProgramVersion: 7.3.2  TimeStamp: 2026/04/04-11:28:32-GMT  BuildTime: Aug  4 2022 06:17:15  BuildStamp: freesurfer-linux-ubuntu22_x86_64-7.3.2-20220804-6354275  User: oesteban  Machine: dna070  Platform: Linux  PlatformVersion: 5.14.0-427.37.1.el9_4.x86_64  CompilerName: GCC  CompilerVersion: 8.4.0
ProgramName: mri_binarize  ProgramArguments: mri_binarize -all-info  ProgramVersion: 7.3.2  TimeStamp: 2026/04/04-11:28:32-GMT  BuildTime: Aug  4 2022 06:17:15  BuildStamp: freesurfer-linux-ubuntu22_x86_64-7.3.2-20220804-6354275  User: oesteban  Machine: dna070  Platform: Linux  PlatformVersion: 5.14.0-427.37.1.el9_4.x86_64  CompilerName: GCC  CompilerVersion: 8.4.0
ProgramName: mri_ca_label  ProgramArguments: mri_ca_label -all-info  ProgramVersion: 7.3.2  TimeStamp: 2026/04/04-11:28:32-GMT  BuildTime: Aug  4 2022 06:17:15  BuildStamp: freesurfer-linux-ubuntu22_x86_64-7.3.2-20220804-6354275  User: oesteban  Machine: dna070  Platform: Linux  PlatformVersion: 5.14.0-427.37.1.el9_4.x86_64  CompilerName: GCC  CompilerVersion: 8.4.0
ProgramName: mri_ca_normalize  ProgramArguments: mri_ca_normalize -all-info  ProgramVersion: 7.3.2  TimeStamp: 2026/04/04-11:28:32-GMT  BuildTime: Aug  4 2022 06:17:15  BuildStamp: freesurfer-linux-ubuntu22_x86_64-7.3.2-20220804-6354275  User: oesteban  Machine: dna070  Platform: Linux  PlatformVersion: 5.14.0-427.37.1.el9_4.x86_64  CompilerName: GCC  CompilerVersion: 8.4.0
ProgramName: mri_ca_register  ProgramArguments: mri_ca_register -all-info  ProgramVersion: 7.3.2  TimeStamp: 2026/04/04-11:28:32-GMT  BuildTime: Aug  4 2022 06:17:15  BuildStamp: freesurfer-linux-ubuntu22_x86_64-7.3.2-20220804-6354275  User: oesteban  Machine: dna070  Platform: Linux  PlatformVersion: 5.14.0-427.37.1.el9_4.x86_64  CompilerName: GCC  CompilerVersion: 8.4.0
ProgramName: mri_cc  ProgramArguments: mri_cc -all-info  ProgramVersion: 7.3.2  TimeStamp: 2026/04/04-11:28:32-GMT  BuildTime: Aug  4 2022 06:17:15  BuildStamp: freesurfer-linux-ubuntu22_x86_64-7.3.2-20220804-6354275  User: oesteban  Machine: dna070  Platform: Linux  PlatformVersion: 5.14.0-427.37.1.el9_4.x86_64  CompilerName: GCC  CompilerVersion: 8.4.0
ProgramName: mri_compute_overlap  ProgramArguments: mri_compute_overlap -all-info  ProgramVersion: 7.3.2  TimeStamp: 2026/04/04-11:28:32-GMT  BuildTime: Aug  4 2022 06:17:15  BuildStamp: freesurfer-linux-ubuntu22_x86_64-7.3.2-20220804-6354275  User: oesteban  Machine: dna070  Platform: Linux  PlatformVersion: 5.14.0-427.37.1.el9_4.x86_64  CompilerName: GCC  CompilerVersion: 8.4.0
ProgramName: mri_compute_seg_overlap  ProgramArguments: mri_compute_seg_overlap -all-info  ProgramVersion: 7.3.2  TimeStamp: 2026/04/04-11:28:32-GMT  BuildTime: Aug  4 2022 06:17:15  BuildStamp: freesurfer-linux-ubuntu22_x86_64-7.3.2-20220804-6354275  User: oesteban  Machine: dna070  Platform: Linux  PlatformVersion: 5.14.0-427.37.1.el9_4.x86_64  CompilerName: GCC  CompilerVersion: 8.4.0
ProgramName: mri_concat  ProgramArguments: mri_concat -all-info  ProgramVersion: 7.3.2  TimeStamp: 2026/04/04-11:28:32-GMT  BuildTime: Aug  4 2022 06:17:15  BuildStamp: freesurfer-linux-ubuntu22_x86_64-7.3.2-20220804-6354275  User: oesteban  Machine: dna070  Platform: Linux  PlatformVersion: 5.14.0-427.37.1.el9_4.x86_64  CompilerName: GCC  CompilerVersion: 8.4.0
ProgramName: mri_concatenate_lta  ProgramArguments: mri_concatenate_lta -all-info  ProgramVersion: 7.3.2  TimeStamp: 2026/04/04-11:28:32-GMT  BuildTime: Aug  4 2022 06:17:15  BuildStamp: freesurfer-linux-ubuntu22_x86_64-7.3.2-20220804-6354275  User: oesteban  Machine: dna070  Platform: Linux  PlatformVersion: 5.14.0-427.37.1.el9_4.x86_64  CompilerName: GCC  CompilerVersion: 8.4.0
mri_convert -all-info 
ProgramName: mri_convert  ProgramArguments: mri_convert -all-info  ProgramVersion: 7.3.2  TimeStamp: 2026/04/04-11:28:32-GMT  BuildTime: Aug  4 2022 06:17:15  BuildStamp: freesurfer-linux-ubuntu22_x86_64-7.3.2-20220804-6354275  User: oesteban  Machine: dna070  Platform: Linux  PlatformVersion: 5.14.0-427.37.1.el9_4.x86_64  CompilerName: GCC  CompilerVersion: 8.4.0
ProgramName: mri_diff  ProgramArguments: mri_diff -all-info  ProgramVersion: 7.3.2  TimeStamp: 2026/04/04-11:28:32-GMT  BuildTime: Aug  4 2022 06:17:15  BuildStamp: freesurfer-linux-ubuntu22_x86_64-7.3.2-20220804-6354275  User: oesteban  Machine: dna070  Platform: Linux  PlatformVersion: 5.14.0-427.37.1.el9_4.x86_64  CompilerName: GCC  CompilerVersion: 8.4.0
ProgramName: mri_edit_wm_with_aseg  ProgramArguments: mri_edit_wm_with_aseg -all-info  ProgramVersion: 7.3.2  TimeStamp: 2026/04/04-11:28:32-GMT  BuildTime: Aug  4 2022 06:17:15  BuildStamp: freesurfer-linux-ubuntu22_x86_64-7.3.2-20220804-6354275  User: oesteban  Machine: dna070  Platform: Linux  PlatformVersion: 5.14.0-427.37.1.el9_4.x86_64  CompilerName: GCC  CompilerVersion: 8.4.0
ProgramName: mri_em_register  ProgramArguments: mri_em_register -all-info  ProgramVersion: 7.3.2  TimeStamp: 2026/04/04-11:28:32-GMT  BuildTime: Aug  4 2022 06:17:15  BuildStamp: freesurfer-linux-ubuntu22_x86_64-7.3.2-20220804-6354275  User: oesteban  Machine: dna070  Platform: Linux  PlatformVersion: 5.14.0-427.37.1.el9_4.x86_64  CompilerName: GCC  CompilerVersion: 8.4.0
ProgramName: mri_fill  ProgramArguments: mri_fill -all-info  ProgramVersion: 7.3.2  TimeStamp: 2026/04/04-11:28:32-GMT  BuildTime: Aug  4 2022 06:17:15  BuildStamp: freesurfer-linux-ubuntu22_x86_64-7.3.2-20220804-6354275  User: oesteban  Machine: dna070  Platform: Linux  PlatformVersion: 5.14.0-427.37.1.el9_4.x86_64  CompilerName: GCC  CompilerVersion: 8.4.0
ProgramName: mri_fuse_segmentations  ProgramArguments: mri_fuse_segmentations -all-info  ProgramVersion: 7.3.2  TimeStamp: 2026/04/04-11:28:32-GMT  BuildTime: Aug  4 2022 06:17:15  BuildStamp: freesurfer-linux-ubuntu22_x86_64-7.3.2-20220804-6354275  User: oesteban  Machine: dna070  Platform: Linux  PlatformVersion: 5.14.0-427.37.1.el9_4.x86_64  CompilerName: GCC  CompilerVersion: 8.4.0
ProgramName: mri_fwhm  ProgramArguments: mri_fwhm -all-info  ProgramVersion: 7.3.2  TimeStamp: 2026/04/04-11:28:32-GMT  BuildTime: Aug  4 2022 06:17:15  BuildStamp: freesurfer-linux-ubuntu22_x86_64-7.3.2-20220804-6354275  User: oesteban  Machine: dna070  Platform: Linux  PlatformVersion: 5.14.0-427.37.1.el9_4.x86_64  CompilerName: GCC  CompilerVersion: 8.4.0
ProgramName: mri_gcut  ProgramArguments: mri_gcut -all-info  ProgramVersion: 7.3.2  TimeStamp: 2026/04/04-11:28:32-GMT  BuildTime: Aug  4 2022 06:17:15  BuildStamp: freesurfer-linux-ubuntu22_x86_64-7.3.2-20220804-6354275  User: oesteban  Machine: dna070  Platform: Linux  PlatformVersion: 5.14.0-427.37.1.el9_4.x86_64  CompilerName: GCC  CompilerVersion: 8.4.0
ProgramName: mri_info  ProgramArguments: mri_info -all-info  ProgramVersion: 7.3.2  TimeStamp: 2026/04/04-11:28:32-GMT  BuildTime: Aug  4 2022 06:17:15  BuildStamp: freesurfer-linux-ubuntu22_x86_64-7.3.2-20220804-6354275  User: oesteban  Machine: dna070  Platform: Linux  PlatformVersion: 5.14.0-427.37.1.el9_4.x86_64  CompilerName: GCC  CompilerVersion: 8.4.0
ProgramName: mri_label2label  ProgramArguments: mri_label2label -all-info  ProgramVersion: 7.3.2  TimeStamp: 2026/04/04-11:28:32-GMT  BuildTime: Aug  4 2022 06:17:15  BuildStamp: freesurfer-linux-ubuntu22_x86_64-7.3.2-20220804-6354275  User: oesteban  Machine: dna070  Platform: Linux  PlatformVersion: 5.14.0-427.37.1.el9_4.x86_64  CompilerName: GCC  CompilerVersion: 8.4.0
ProgramName: mri_label2vol  ProgramArguments: mri_label2vol -all-info  ProgramVersion: 7.3.2  TimeStamp: 2026/04/04-11:28:32-GMT  BuildTime: Aug  4 2022 06:17:15  BuildStamp: freesurfer-linux-ubuntu22_x86_64-7.3.2-20220804-6354275  User: oesteban  Machine: dna070  Platform: Linux  PlatformVersion: 5.14.0-427.37.1.el9_4.x86_64  CompilerName: GCC  CompilerVersion: 8.4.0
ProgramName: mri_log_likelihood  ProgramArguments: mri_log_likelihood -all-info  ProgramVersion: 7.3.2  TimeStamp: 2026/04/04-11:28:32-GMT  BuildTime: Aug  4 2022 06:17:15  BuildStamp: freesurfer-linux-ubuntu22_x86_64-7.3.2-20220804-6354275  User: oesteban  Machine: dna070  Platform: Linux  PlatformVersion: 5.14.0-427.37.1.el9_4.x86_64  CompilerName: GCC  CompilerVersion: 8.4.0
ProgramName: mri_mask  ProgramArguments: mri_mask -all-info  ProgramVersion: 7.3.2  TimeStamp: 2026/04/04-11:28:32-GMT  BuildTime: Aug  4 2022 06:17:15  BuildStamp: freesurfer-linux-ubuntu22_x86_64-7.3.2-20220804-6354275  User: oesteban  Machine: dna070  Platform: Linux  PlatformVersion: 5.14.0-427.37.1.el9_4.x86_64  CompilerName: GCC  CompilerVersion: 8.4.0
ProgramName: mri_matrix_multiply  ProgramArguments: mri_matrix_multiply -all-info  ProgramVersion: 7.3.2  TimeStamp: 2026/04/04-11:28:32-GMT  BuildTime: Aug  4 2022 06:17:15  BuildStamp: freesurfer-linux-ubuntu22_x86_64-7.3.2-20220804-6354275  User: oesteban  Machine: dna070  Platform: Linux  PlatformVersion: 5.14.0-427.37.1.el9_4.x86_64  CompilerName: GCC  CompilerVersion: 8.4.0
ProgramName: mri_normalize  ProgramArguments: mri_normalize -all-info  ProgramVersion: 7.3.2  TimeStamp: 2026/04/04-11:28:32-GMT  BuildTime: Aug  4 2022 06:17:15  BuildStamp: freesurfer-linux-ubuntu22_x86_64-7.3.2-20220804-6354275  User: oesteban  Machine: dna070  Platform: Linux  PlatformVersion: 5.14.0-427.37.1.el9_4.x86_64  CompilerName: GCC  CompilerVersion: 8.4.0
ProgramName: mri_normalize_tp2  ProgramArguments: mri_normalize_tp2 -all-info  ProgramVersion: 7.3.2  TimeStamp: 2026/04/04-11:28:32-GMT  BuildTime: Aug  4 2022 06:17:15  BuildStamp: freesurfer-linux-ubuntu22_x86_64-7.3.2-20220804-6354275  User: oesteban  Machine: dna070  Platform: Linux  PlatformVersion: 5.14.0-427.37.1.el9_4.x86_64  CompilerName: GCC  CompilerVersion: 8.4.0
ProgramName: mri_or  ProgramArguments: mri_or -all-info  ProgramVersion: 7.3.2  TimeStamp: 2026/04/04-11:28:32-GMT  BuildTime: Aug  4 2022 06:17:15  BuildStamp: freesurfer-linux-ubuntu22_x86_64-7.3.2-20220804-6354275  User: oesteban  Machine: dna070  Platform: Linux  PlatformVersion: 5.14.0-427.37.1.el9_4.x86_64  CompilerName: GCC  CompilerVersion: 8.4.0
ProgramName: mri_relabel_hypointensities  ProgramArguments: mri_relabel_hypointensities -all-info  ProgramVersion: 7.3.2  TimeStamp: 2026/04/04-11:28:32-GMT  BuildTime: Aug  4 2022 06:17:15  BuildStamp: freesurfer-linux-ubuntu22_x86_64-7.3.2-20220804-6354275  User: oesteban  Machine: dna070  Platform: Linux  PlatformVersion: 5.14.0-427.37.1.el9_4.x86_64  CompilerName: GCC  CompilerVersion: 8.4.0
ProgramName: mri_relabel_nonwm_hypos  ProgramArguments: mri_relabel_nonwm_hypos -all-info  ProgramVersion: 7.3.2  TimeStamp: 2026/04/04-11:28:32-GMT  BuildTime: Aug  4 2022 06:17:15  BuildStamp: freesurfer-linux-ubuntu22_x86_64-7.3.2-20220804-6354275  User: oesteban  Machine: dna070  Platform: Linux  PlatformVersion: 5.14.0-427.37.1.el9_4.x86_64  CompilerName: GCC  CompilerVersion: 8.4.0
ProgramName: mri_remove_neck  ProgramArguments: mri_remove_neck -all-info  ProgramVersion: 7.3.2  TimeStamp: 2026/04/04-11:28:32-GMT  BuildTime: Aug  4 2022 06:17:15  BuildStamp: freesurfer-linux-ubuntu22_x86_64-7.3.2-20220804-6354275  User: oesteban  Machine: dna070  Platform: Linux  PlatformVersion: 5.14.0-427.37.1.el9_4.x86_64  CompilerName: GCC  CompilerVersion: 8.4.0
7.3.2

ProgramName: mri_robust_register  ProgramArguments: mri_robust_register -all-info  ProgramVersion: 7.3.2  TimeStamp: 2026/04/04-11:28:32-GMT  BuildTime: Aug  4 2022 06:17:15  BuildStamp: freesurfer-linux-ubuntu22_x86_64-7.3.2-20220804-6354275  User: oesteban  Machine: dna070  Platform: Linux  PlatformVersion: 5.14.0-427.37.1.el9_4.x86_64  CompilerName: GCC  CompilerVersion: 8.4.0
7.3.2

ProgramName: mri_robust_template  ProgramArguments: mri_robust_template -all-info  ProgramVersion: 7.3.2  TimeStamp: 2026/04/04-11:28:32-GMT  BuildTime: Aug  4 2022 06:17:15  BuildStamp: freesurfer-linux-ubuntu22_x86_64-7.3.2-20220804-6354275  User: oesteban  Machine: dna070  Platform: Linux  PlatformVersion: 5.14.0-427.37.1.el9_4.x86_64  CompilerName: GCC  CompilerVersion: 8.4.0
ProgramName: mris_anatomical_stats  ProgramArguments: mris_anatomical_stats -all-info  ProgramVersion: 7.3.2  TimeStamp: 2026/04/04-11:28:32-GMT  BuildTime: Aug  4 2022 06:17:15  BuildStamp: freesurfer-linux-ubuntu22_x86_64-7.3.2-20220804-6354275  User: oesteban  Machine: dna070  Platform: Linux  PlatformVersion: 5.14.0-427.37.1.el9_4.x86_64  CompilerName: GCC  CompilerVersion: 8.4.0
ProgramName: mris_ca_label  ProgramArguments: mris_ca_label -all-info  ProgramVersion: 7.3.2  TimeStamp: 2026/04/04-11:28:32-GMT  BuildTime: Aug  4 2022 06:17:15  BuildStamp: freesurfer-linux-ubuntu22_x86_64-7.3.2-20220804-6354275  User: oesteban  Machine: dna070  Platform: Linux  PlatformVersion: 5.14.0-427.37.1.el9_4.x86_64  CompilerName: GCC  CompilerVersion: 8.4.0
ProgramName: mris_calc  ProgramArguments: mris_calc -all-info  ProgramVersion: 7.3.2  TimeStamp: 2026/04/04-11:28:32-GMT  BuildTime: Aug  4 2022 06:17:15  BuildStamp: freesurfer-linux-ubuntu22_x86_64-7.3.2-20220804-6354275  User: oesteban  Machine: dna070  Platform: Linux  PlatformVersion: 5.14.0-427.37.1.el9_4.x86_64  CompilerName: GCC  CompilerVersion: 8.4.0
ProgramName: mris_convert  ProgramArguments: mris_convert -all-info  ProgramVersion: 7.3.2  TimeStamp: 2026/04/04-11:28:32-GMT  BuildTime: Aug  4 2022 06:17:15  BuildStamp: freesurfer-linux-ubuntu22_x86_64-7.3.2-20220804-6354275  User: oesteban  Machine: dna070  Platform: Linux  PlatformVersion: 5.14.0-427.37.1.el9_4.x86_64  CompilerName: GCC  CompilerVersion: 8.4.0
ProgramName: mris_curvature  ProgramArguments: mris_curvature -all-info  ProgramVersion: 7.3.2  TimeStamp: 2026/04/04-11:28:32-GMT  BuildTime: Aug  4 2022 06:17:15  BuildStamp: freesurfer-linux-ubuntu22_x86_64-7.3.2-20220804-6354275  User: oesteban  Machine: dna070  Platform: Linux  PlatformVersion: 5.14.0-427.37.1.el9_4.x86_64  CompilerName: GCC  CompilerVersion: 8.4.0
ProgramName: mris_curvature_stats  ProgramArguments: mris_curvature_stats -all-info  ProgramVersion: 7.3.2  TimeStamp: 2026/04/04-11:28:32-GMT  BuildTime: Aug  4 2022 06:17:15  BuildStamp: freesurfer-linux-ubuntu22_x86_64-7.3.2-20220804-6354275  User: oesteban  Machine: dna070  Platform: Linux  PlatformVersion: 5.14.0-427.37.1.el9_4.x86_64  CompilerName: GCC  CompilerVersion: 8.4.0
ProgramName: mris_diff  ProgramArguments: mris_diff -all-info  ProgramVersion: 7.3.2  TimeStamp: 2026/04/04-11:28:32-GMT  BuildTime: Aug  4 2022 06:17:15  BuildStamp: freesurfer-linux-ubuntu22_x86_64-7.3.2-20220804-6354275  User: oesteban  Machine: dna070  Platform: Linux  PlatformVersion: 5.14.0-427.37.1.el9_4.x86_64  CompilerName: GCC  CompilerVersion: 8.4.0
ProgramName: mris_divide_parcellation  ProgramArguments: mris_divide_parcellation -all-info  ProgramVersion: 7.3.2  TimeStamp: 2026/04/04-11:28:32-GMT  BuildTime: Aug  4 2022 06:17:15  BuildStamp: freesurfer-linux-ubuntu22_x86_64-7.3.2-20220804-6354275  User: oesteban  Machine: dna070  Platform: Linux  PlatformVersion: 5.14.0-427.37.1.el9_4.x86_64  CompilerName: GCC  CompilerVersion: 8.4.0
ProgramName: mri_segment  ProgramArguments: mri_segment -all-info  ProgramVersion: 7.3.2  TimeStamp: 2026/04/04-11:28:32-GMT  BuildTime: Aug  4 2022 06:17:15  BuildStamp: freesurfer-linux-ubuntu22_x86_64-7.3.2-20220804-6354275  User: oesteban  Machine: dna070  Platform: Linux  PlatformVersion: 5.14.0-427.37.1.el9_4.x86_64  CompilerName: GCC  CompilerVersion: 8.4.0
ProgramName: mri_segstats  ProgramArguments: mri_segstats -all-info  ProgramVersion: 7.3.2  TimeStamp: 2026/04/04-11:28:32-GMT  BuildTime: Aug  4 2022 06:17:15  BuildStamp: freesurfer-linux-ubuntu22_x86_64-7.3.2-20220804-6354275  User: oesteban  Machine: dna070  Platform: Linux  PlatformVersion: 5.14.0-427.37.1.el9_4.x86_64  CompilerName: GCC  CompilerVersion: 8.4.0
ProgramName: mris_euler_number  ProgramArguments: mris_euler_number -all-info  ProgramVersion: 7.3.2  TimeStamp: 2026/04/04-11:28:32-GMT  BuildTime: Aug  4 2022 06:17:15  BuildStamp: freesurfer-linux-ubuntu22_x86_64-7.3.2-20220804-6354275  User: oesteban  Machine: dna070  Platform: Linux  PlatformVersion: 5.14.0-427.37.1.el9_4.x86_64  CompilerName: GCC  CompilerVersion: 8.4.0
ProgramName: mris_fix_topology  ProgramArguments: mris_fix_topology -all-info  ProgramVersion: 7.3.2  TimeStamp: 2026/04/04-11:28:32-GMT  BuildTime: Aug  4 2022 06:17:15  BuildStamp: freesurfer-linux-ubuntu22_x86_64-7.3.2-20220804-6354275  User: oesteban  Machine: dna070  Platform: Linux  PlatformVersion: 5.14.0-427.37.1.el9_4.x86_64  CompilerName: GCC  CompilerVersion: 8.4.0
ProgramName: mris_topo_fixer  ProgramArguments: mris_topo_fixer -all-info  ProgramVersion: 7.3.2  TimeStamp: 2026/04/04-11:28:32-GMT  BuildTime: Aug  4 2022 06:17:15  BuildStamp: freesurfer-linux-ubuntu22_x86_64-7.3.2-20220804-6354275  User: oesteban  Machine: dna070  Platform: Linux  PlatformVersion: 5.14.0-427.37.1.el9_4.x86_64  CompilerName: GCC  CompilerVersion: 8.4.0
ProgramName: mris_jacobian  ProgramArguments: mris_jacobian -all-info  ProgramVersion: 7.3.2  TimeStamp: 2026/04/04-11:28:32-GMT  BuildTime: Aug  4 2022 06:17:15  BuildStamp: freesurfer-linux-ubuntu22_x86_64-7.3.2-20220804-6354275  User: oesteban  Machine: dna070  Platform: Linux  PlatformVersion: 5.14.0-427.37.1.el9_4.x86_64  CompilerName: GCC  CompilerVersion: 8.4.0
ProgramName: mris_label2annot  ProgramArguments: mris_label2annot -all-info  ProgramVersion: 7.3.2  TimeStamp: 2026/04/04-11:28:32-GMT  BuildTime: Aug  4 2022 06:17:15  BuildStamp: freesurfer-linux-ubuntu22_x86_64-7.3.2-20220804-6354275  User: oesteban  Machine: dna070  Platform: Linux  PlatformVersion: 5.14.0-427.37.1.el9_4.x86_64  CompilerName: GCC  CompilerVersion: 8.4.0
ProgramName: mris_left_right_register  ProgramArguments: mris_left_right_register -all-info  ProgramVersion: 7.3.2  TimeStamp: 2026/04/04-11:28:32-GMT  BuildTime: Aug  4 2022 06:17:15  BuildStamp: freesurfer-linux-ubuntu22_x86_64-7.3.2-20220804-6354275  User: oesteban  Machine: dna070  Platform: Linux  PlatformVersion: 5.14.0-427.37.1.el9_4.x86_64  CompilerName: GCC  CompilerVersion: 8.4.0
ProgramName: mris_place_surface  ProgramArguments: mris_place_surface -all-info  ProgramVersion: 7.3.2  TimeStamp: 2026/04/04-11:28:32-GMT  BuildTime: Aug  4 2022 06:17:15  BuildStamp: freesurfer-linux-ubuntu22_x86_64-7.3.2-20220804-6354275  User: oesteban  Machine: dna070  Platform: Linux  PlatformVersion: 5.14.0-427.37.1.el9_4.x86_64  CompilerName: GCC  CompilerVersion: 8.4.0
ProgramName: mrisp_paint  ProgramArguments: mrisp_paint -all-info  ProgramVersion: 7.3.2  TimeStamp: 2026/04/04-11:28:32-GMT  BuildTime: Aug  4 2022 06:17:15  BuildStamp: freesurfer-linux-ubuntu22_x86_64-7.3.2-20220804-6354275  User: oesteban  Machine: dna070  Platform: Linux  PlatformVersion: 5.14.0-427.37.1.el9_4.x86_64  CompilerName: GCC  CompilerVersion: 8.4.0
ProgramName: mris_register  ProgramArguments: mris_register -all-info  ProgramVersion: 7.3.2  TimeStamp: 2026/04/04-11:28:32-GMT  BuildTime: Aug  4 2022 06:17:15  BuildStamp: freesurfer-linux-ubuntu22_x86_64-7.3.2-20220804-6354275  User: oesteban  Machine: dna070  Platform: Linux  PlatformVersion: 5.14.0-427.37.1.el9_4.x86_64  CompilerName: GCC  CompilerVersion: 8.4.0
ProgramName: mris_smooth  ProgramArguments: mris_smooth -all-info  ProgramVersion: 7.3.2  TimeStamp: 2026/04/04-11:28:32-GMT  BuildTime: Aug  4 2022 06:17:15  BuildStamp: freesurfer-linux-ubuntu22_x86_64-7.3.2-20220804-6354275  User: oesteban  Machine: dna070  Platform: Linux  PlatformVersion: 5.14.0-427.37.1.el9_4.x86_64  CompilerName: GCC  CompilerVersion: 8.4.0
ProgramName: mris_sphere  ProgramArguments: mris_sphere -all-info  ProgramVersion: 7.3.2  TimeStamp: 2026/04/04-11:28:32-GMT  BuildTime: Aug  4 2022 06:17:15  BuildStamp: freesurfer-linux-ubuntu22_x86_64-7.3.2-20220804-6354275  User: oesteban  Machine: dna070  Platform: Linux  PlatformVersion: 5.14.0-427.37.1.el9_4.x86_64  CompilerName: GCC  CompilerVersion: 8.4.0
ProgramName: mris_surface_stats  ProgramArguments: mris_surface_stats -all-info  ProgramVersion: 7.3.2  TimeStamp: 2026/04/04-11:28:32-GMT  BuildTime: Aug  4 2022 06:17:15  BuildStamp: freesurfer-linux-ubuntu22_x86_64-7.3.2-20220804-6354275  User: oesteban  Machine: dna070  Platform: Linux  PlatformVersion: 5.14.0-427.37.1.el9_4.x86_64  CompilerName: GCC  CompilerVersion: 8.4.0
ProgramName: mri_stats2seg  ProgramArguments: mri_stats2seg -all-info  ProgramVersion: 7.3.2  TimeStamp: 2026/04/04-11:28:32-GMT  BuildTime: Aug  4 2022 06:17:15  BuildStamp: freesurfer-linux-ubuntu22_x86_64-7.3.2-20220804-6354275  User: oesteban  Machine: dna070  Platform: Linux  PlatformVersion: 5.14.0-427.37.1.el9_4.x86_64  CompilerName: GCC  CompilerVersion: 8.4.0
ProgramName: mris_thickness  ProgramArguments: mris_thickness -all-info  ProgramVersion: 7.3.2  TimeStamp: 2026/04/04-11:28:32-GMT  BuildTime: Aug  4 2022 06:17:15  BuildStamp: freesurfer-linux-ubuntu22_x86_64-7.3.2-20220804-6354275  User: oesteban  Machine: dna070  Platform: Linux  PlatformVersion: 5.14.0-427.37.1.el9_4.x86_64  CompilerName: GCC  CompilerVersion: 8.4.0
ProgramName: mris_thickness_diff  ProgramArguments: mris_thickness_diff -all-info  ProgramVersion: 7.3.2  TimeStamp: 2026/04/04-11:28:32-GMT  BuildTime: Aug  4 2022 06:17:15  BuildStamp: freesurfer-linux-ubuntu22_x86_64-7.3.2-20220804-6354275  User: oesteban  Machine: dna070  Platform: Linux  PlatformVersion: 5.14.0-427.37.1.el9_4.x86_64  CompilerName: GCC  CompilerVersion: 8.4.0
ProgramName: mris_topo_fixer  ProgramArguments: mris_topo_fixer -all-info  ProgramVersion: 7.3.2  TimeStamp: 2026/04/04-11:28:32-GMT  BuildTime: Aug  4 2022 06:17:15  BuildStamp: freesurfer-linux-ubuntu22_x86_64-7.3.2-20220804-6354275  User: oesteban  Machine: dna070  Platform: Linux  PlatformVersion: 5.14.0-427.37.1.el9_4.x86_64  CompilerName: GCC  CompilerVersion: 8.4.0
ProgramName: mri_surf2surf  ProgramArguments: mri_surf2surf -all-info  ProgramVersion: 7.3.2  TimeStamp: 2026/04/04-11:28:32-GMT  BuildTime: Aug  4 2022 06:17:15  BuildStamp: freesurfer-linux-ubuntu22_x86_64-7.3.2-20220804-6354275  User: oesteban  Machine: dna070  Platform: Linux  PlatformVersion: 5.14.0-427.37.1.el9_4.x86_64  CompilerName: GCC  CompilerVersion: 8.4.0
ProgramName: mri_surf2vol  ProgramArguments: mri_surf2vol -all-info  ProgramVersion: 7.3.2  TimeStamp: 2026/04/04-11:28:32-GMT  BuildTime: Aug  4 2022 06:17:15  BuildStamp: freesurfer-linux-ubuntu22_x86_64-7.3.2-20220804-6354275  User: oesteban  Machine: dna070  Platform: Linux  PlatformVersion: 5.14.0-427.37.1.el9_4.x86_64  CompilerName: GCC  CompilerVersion: 8.4.0
ProgramName: mri_surfcluster  ProgramArguments: mri_surfcluster -all-info  ProgramVersion: 7.3.2  TimeStamp: 2026/04/04-11:28:32-GMT  BuildTime: Aug  4 2022 06:17:15  BuildStamp: freesurfer-linux-ubuntu22_x86_64-7.3.2-20220804-6354275  User: oesteban  Machine: dna070  Platform: Linux  PlatformVersion: 5.14.0-427.37.1.el9_4.x86_64  CompilerName: GCC  CompilerVersion: 8.4.0
ProgramName: mris_volmask  ProgramArguments: mris_volmask -all-info  ProgramVersion: 7.3.2  TimeStamp: 2026/04/04-11:28:32-GMT  BuildTime: Aug  4 2022 06:17:15  BuildStamp: freesurfer-linux-ubuntu22_x86_64-7.3.2-20220804-6354275  User: oesteban  Machine: dna070  Platform: Linux  PlatformVersion: 5.14.0-427.37.1.el9_4.x86_64  CompilerName: GCC  CompilerVersion: 8.4.0
ProgramName: mri_tessellate  ProgramArguments: mri_tessellate -all-info  ProgramVersion: 7.3.2  TimeStamp: 2026/04/04-11:28:32-GMT  BuildTime: Aug  4 2022 06:17:15  BuildStamp: freesurfer-linux-ubuntu22_x86_64-7.3.2-20220804-6354275  User: oesteban  Machine: dna070  Platform: Linux  PlatformVersion: 5.14.0-427.37.1.el9_4.x86_64  CompilerName: GCC  CompilerVersion: 8.4.0
ProgramName: mri_vol2surf  ProgramArguments: mri_vol2surf -all-info  ProgramVersion: 7.3.2  TimeStamp: 2026/04/04-11:28:32-GMT  BuildTime: Aug  4 2022 06:17:15  BuildStamp: freesurfer-linux-ubuntu22_x86_64-7.3.2-20220804-6354275  User: oesteban  Machine: dna070  Platform: Linux  PlatformVersion: 5.14.0-427.37.1.el9_4.x86_64  CompilerName: GCC  CompilerVersion: 8.4.0
ProgramName: mri_vol2vol  ProgramArguments: mri_vol2vol -all-info  ProgramVersion: 7.3.2  TimeStamp: 2026/04/04-11:28:32-GMT  BuildTime: Aug  4 2022 06:17:15  BuildStamp: freesurfer-linux-ubuntu22_x86_64-7.3.2-20220804-6354275  User: oesteban  Machine: dna070  Platform: Linux  PlatformVersion: 5.14.0-427.37.1.el9_4.x86_64  CompilerName: GCC  CompilerVersion: 8.4.0
ProgramName: mri_voldiff  ProgramArguments: mri_voldiff -all-info  ProgramVersion: 7.3.2  TimeStamp: 2026/04/04-11:28:32-GMT  BuildTime: Aug  4 2022 06:17:15  BuildStamp: freesurfer-linux-ubuntu22_x86_64-7.3.2-20220804-6354275  User: oesteban  Machine: dna070  Platform: Linux  PlatformVersion: 5.14.0-427.37.1.el9_4.x86_64  CompilerName: GCC  CompilerVersion: 8.4.0
ProgramName: mri_watershed  ProgramArguments: mri_watershed -all-info  ProgramVersion: 7.3.2  TimeStamp: 2026/04/04-11:28:32-GMT  BuildTime: Aug  4 2022 06:17:15  BuildStamp: freesurfer-linux-ubuntu22_x86_64-7.3.2-20220804-6354275  User: oesteban  Machine: dna070  Platform: Linux  PlatformVersion: 5.14.0-427.37.1.el9_4.x86_64  CompilerName: GCC  CompilerVersion: 8.4.0
ProgramName: tkregister2  ProgramArguments: tkregister2_cmdl -all-info  ProgramVersion: 7.3.2  TimeStamp: 2026/04/04-11:28:32-GMT  BuildTime: Aug  4 2022 06:17:15  BuildStamp: freesurfer-linux-ubuntu22_x86_64-7.3.2-20220804-6354275  User: oesteban  Machine: dna070  Platform: Linux  PlatformVersion: 5.14.0-427.37.1.el9_4.x86_64  CompilerName: GCC  CompilerVersion: 8.4.0
mri_motion_correct.fsl 7.3.2
mri_convert -all-info 
ProgramName: mri_convert  ProgramArguments: mri_convert -all-info  ProgramVersion: 7.3.2  TimeStamp: 2026/04/04-11:28:32-GMT  BuildTime: Aug  4 2022 06:17:15  BuildStamp: freesurfer-linux-ubuntu22_x86_64-7.3.2-20220804-6354275  User: oesteban  Machine: dna070  Platform: Linux  PlatformVersion: 5.14.0-427.37.1.el9_4.x86_64  CompilerName: GCC  CompilerVersion: 8.4.0
Program nu_correct, built from:
Package MNI N3, version 1.12.0, compiled by nicks@terrier (x86_64-unknown-linux-gnu) on 2015-06-19 at 01:25:34
#######################################
GCADIR /opt/freesurfer/average
GCA RB_all_2020-01-02.gca
GCASkull RB_all_withskull_2020_01_02.gca
AvgCurvTif folding.atlas.acfb40.noaparc.i12.2016-08-02.tif
GCSDIR /opt/freesurfer/average
GCS DKaparc.atlas.acfb40.noaparc.i12.2016-08-02.gcs
#######################################
#@# white curv lh Sat Apr  4 13:28:32 CEST 2026
cd /out/sourcedata/freesurfer/sub-v1s12x0050113_ses-1/mri
mris_place_surface --curv-map ../surf/lh.white 2 10 ../surf/lh.curv
   Update not needed
#@# white area lh Sat Apr  4 13:28:32 CEST 2026
cd /out/sourcedata/freesurfer/sub-v1s12x0050113_ses-1/mri
mris_place_surface --area-map ../surf/lh.white ../surf/lh.area
   Update not needed
#@# pial curv lh Sat Apr  4 13:28:32 CEST 2026
cd /out/sourcedata/freesurfer/sub-v1s12x0050113_ses-1/mri
mris_place_surface --curv-map ../surf/lh.pial 2 10 ../surf/lh.curv.pial
   Update not needed
#@# pial area lh Sat Apr  4 13:28:32 CEST 2026
cd /out/sourcedata/freesurfer/sub-v1s12x0050113_ses-1/mri
mris_place_surface --area-map ../surf/lh.pial ../surf/lh.area.pial
   Update not needed
#@# thickness lh Sat Apr  4 13:28:32 CEST 2026
cd /out/sourcedata/freesurfer/sub-v1s12x0050113_ses-1/mri
mris_place_surface --thickness ../surf/lh.white ../surf/lh.pial 20 5 ../surf/lh.thickness
   Update not needed
#@# area and vertex vol lh Sat Apr  4 13:28:32 CEST 2026
cd /out/sourcedata/freesurfer/sub-v1s12x0050113_ses-1/mri
mris_place_surface --thickness ../surf/lh.white ../surf/lh.pial 20 5 ../surf/lh.thickness
   Update not needed
#@# white curv rh Sat Apr  4 13:28:32 CEST 2026
cd /out/sourcedata/freesurfer/sub-v1s12x0050113_ses-1/mri
mris_place_surface --curv-map ../surf/rh.white 2 10 ../surf/rh.curv
   Update not needed
#@# white area rh Sat Apr  4 13:28:32 CEST 2026
cd /out/sourcedata/freesurfer/sub-v1s12x0050113_ses-1/mri
mris_place_surface --area-map ../surf/rh.white ../surf/rh.area
   Update not needed
#@# pial curv rh Sat Apr  4 13:28:32 CEST 2026
cd /out/sourcedata/freesurfer/sub-v1s12x0050113_ses-1/mri
mris_place_surface --curv-map ../surf/rh.pial 2 10 ../surf/rh.curv.pial
   Update not needed
#@# pial area rh Sat Apr  4 13:28:32 CEST 2026
cd /out/sourcedata/freesurfer/sub-v1s12x0050113_ses-1/mri
mris_place_surface --area-map ../surf/rh.pial ../surf/rh.area.pial
   Update not needed
#@# thickness rh Sat Apr  4 13:28:32 CEST 2026
cd /out/sourcedata/freesurfer/sub-v1s12x0050113_ses-1/mri
mris_place_surface --thickness ../surf/rh.white ../surf/rh.pial 20 5 ../surf/rh.thickness
   Update not needed
#@# area and vertex vol rh Sat Apr  4 13:28:32 CEST 2026
cd /out/sourcedata/freesurfer/sub-v1s12x0050113_ses-1/mri
mris_place_surface --thickness ../surf/rh.white ../surf/rh.pial 20 5 ../surf/rh.thickness
   Update not needed
#--------------------------------------------
#@# Cortical ribbon mask Sat Apr  4 13:28:32 CEST 2026
/out/sourcedata/freesurfer/sub-v1s12x0050113_ses-1/mri

 mris_volmask --aseg_name aseg.presurf --label_left_white 2 --label_left_ribbon 3 --label_right_white 41 --label_right_ribbon 42 --save_ribbon sub-v1s12x0050113_ses-1 

SUBJECTS_DIR is /out/sourcedata/freesurfer
loading input data...
Running hemis serially
Processing left hemi
computing distance to left white surface 
computing distance to left pial surface 
Processing right hemi
computing distance to right white surface 
computing distance to right pial surface 
 hemi masks overlap voxels = 202
writing volume /out/sourcedata/freesurfer/sub-v1s12x0050113_ses-1/mri/ribbon.mgz
mris_volmask took 3.05 minutes
 writing ribbon files

Started at Sat Apr 4 13:28:32 CEST 2026 
Ended   at Sat Apr 4 13:31:35 CEST 2026
#@#%# recon-all-run-time-hours 0.051
recon-all -s sub-v1s12x0050113_ses-1 finished without error at Sat Apr  4 13:31:35 CEST 2026



#New# invocation of recon-all 




Sat Apr  4 13:36:30 CEST 2026
cd /out/sourcedata/freesurfer/sub-v1s12x0050113_ses-1
setenv SUBJECTS_DIR /out/sourcedata/freesurfer
/opt/freesurfer/bin/recon-all -autorecon3 -openmp 16 -subjid sub-v1s12x0050113_ses-1 -sd /out/sourcedata/freesurfer -nosphere -nosurfreg -nojacobian_white -noavgcurv -nocortparc -nopial -noparcstats -nocortparc2 -noparcstats2 -nocortparc3 -noparcstats3 -nopctsurfcon -nocortribbon -nobalabels

subjid sub-v1s12x0050113_ses-1
setenv SUBJECTS_DIR /out/sourcedata/freesurfer
FREESURFER_HOME /opt/freesurfer
Actual FREESURFER_HOME /opt/freesurfer
build-stamp.txt: freesurfer-linux-ubuntu22_x86_64-7.3.2-20220804-6354275
Linux dna070 5.14.0-427.37.1.el9_4.x86_64 #1 SMP PREEMPT_DYNAMIC Fri Sep 13 12:41:50 EDT 2024 x86_64 x86_64 x86_64 GNU/Linux
cputime      unlimited
filesize     unlimited
datasize     unlimited
stacksize    8192 kbytes
coredumpsize 0 kbytes
memoryuse    67108864 kbytes
vmemoryuse   unlimited
descriptors  1024 
memorylocked unlimited
maxproc      2061970 
maxlocks     unlimited
maxsignal    2062029 
maxmessage   819200 
maxnice      0 
maxrtprio    0 
maxrttime    unlimited

               total        used        free      shared  buff/cache   available
Mem:           503Gi        48Gi       282Gi        16Gi       172Gi       434Gi
Swap:             0B          0B          0B

########################################
program versions used
7.3.2 (freesurfer-linux-ubuntu22_x86_64-7.3.2-20220804-6354275)
7.3.2

ProgramName: lta_convert  ProgramArguments: lta_convert -all-info  ProgramVersion: 7.3.2  TimeStamp: 2026/04/04-11:36:30-GMT  BuildTime: Aug  4 2022 06:17:15  BuildStamp: freesurfer-linux-ubuntu22_x86_64-7.3.2-20220804-6354275  User: oesteban  Machine: dna070  Platform: Linux  PlatformVersion: 5.14.0-427.37.1.el9_4.x86_64  CompilerName: GCC  CompilerVersion: 8.4.0
ProgramName: mri_and  ProgramArguments: mri_and -all-info  ProgramVersion: 7.3.2  TimeStamp: 2026/04/04-11:36:30-GMT  BuildTime: Aug  4 2022 06:17:15  BuildStamp: freesurfer-linux-ubuntu22_x86_64-7.3.2-20220804-6354275  User: oesteban  Machine: dna070  Platform: Linux  PlatformVersion: 5.14.0-427.37.1.el9_4.x86_64  CompilerName: GCC  CompilerVersion: 8.4.0
ProgramName: mri_annotation2label  ProgramArguments: mri_annotation2label -all-info  ProgramVersion: 7.3.2  TimeStamp: 2026/04/04-11:36:30-GMT  BuildTime: Aug  4 2022 06:17:15  BuildStamp: freesurfer-linux-ubuntu22_x86_64-7.3.2-20220804-6354275  User: oesteban  Machine: dna070  Platform: Linux  PlatformVersion: 5.14.0-427.37.1.el9_4.x86_64  CompilerName: GCC  CompilerVersion: 8.4.0
ProgramName: mri_aparc2aseg  ProgramArguments: mri_aparc2aseg -all-info  ProgramVersion: 7.3.2  TimeStamp: 2026/04/04-11:36:30-GMT  BuildTime: Aug  4 2022 06:17:15  BuildStamp: freesurfer-linux-ubuntu22_x86_64-7.3.2-20220804-6354275  User: oesteban  Machine: dna070  Platform: Linux  PlatformVersion: 5.14.0-427.37.1.el9_4.x86_64  CompilerName: GCC  CompilerVersion: 8.4.0
ProgramName: mri_surf2volseg  ProgramArguments: mri_surf2volseg -all-info  ProgramVersion: 7.3.2  TimeStamp: 2026/04/04-11:36:30-GMT  BuildTime: Aug  4 2022 06:17:15  BuildStamp: freesurfer-linux-ubuntu22_x86_64-7.3.2-20220804-6354275  User: oesteban  Machine: dna070  Platform: Linux  PlatformVersion: 5.14.0-427.37.1.el9_4.x86_64  CompilerName: GCC  CompilerVersion: 8.4.0
ProgramName: mri_binarize  ProgramArguments: mri_binarize -all-info  ProgramVersion: 7.3.2  TimeStamp: 2026/04/04-11:36:30-GMT  BuildTime: Aug  4 2022 06:17:15  BuildStamp: freesurfer-linux-ubuntu22_x86_64-7.3.2-20220804-6354275  User: oesteban  Machine: dna070  Platform: Linux  PlatformVersion: 5.14.0-427.37.1.el9_4.x86_64  CompilerName: GCC  CompilerVersion: 8.4.0
ProgramName: mri_ca_label  ProgramArguments: mri_ca_label -all-info  ProgramVersion: 7.3.2  TimeStamp: 2026/04/04-11:36:30-GMT  BuildTime: Aug  4 2022 06:17:15  BuildStamp: freesurfer-linux-ubuntu22_x86_64-7.3.2-20220804-6354275  User: oesteban  Machine: dna070  Platform: Linux  PlatformVersion: 5.14.0-427.37.1.el9_4.x86_64  CompilerName: GCC  CompilerVersion: 8.4.0
ProgramName: mri_ca_normalize  ProgramArguments: mri_ca_normalize -all-info  ProgramVersion: 7.3.2  TimeStamp: 2026/04/04-11:36:30-GMT  BuildTime: Aug  4 2022 06:17:15  BuildStamp: freesurfer-linux-ubuntu22_x86_64-7.3.2-20220804-6354275  User: oesteban  Machine: dna070  Platform: Linux  PlatformVersion: 5.14.0-427.37.1.el9_4.x86_64  CompilerName: GCC  CompilerVersion: 8.4.0
ProgramName: mri_ca_register  ProgramArguments: mri_ca_register -all-info  ProgramVersion: 7.3.2  TimeStamp: 2026/04/04-11:36:30-GMT  BuildTime: Aug  4 2022 06:17:15  BuildStamp: freesurfer-linux-ubuntu22_x86_64-7.3.2-20220804-6354275  User: oesteban  Machine: dna070  Platform: Linux  PlatformVersion: 5.14.0-427.37.1.el9_4.x86_64  CompilerName: GCC  CompilerVersion: 8.4.0
ProgramName: mri_cc  ProgramArguments: mri_cc -all-info  ProgramVersion: 7.3.2  TimeStamp: 2026/04/04-11:36:30-GMT  BuildTime: Aug  4 2022 06:17:15  BuildStamp: freesurfer-linux-ubuntu22_x86_64-7.3.2-20220804-6354275  User: oesteban  Machine: dna070  Platform: Linux  PlatformVersion: 5.14.0-427.37.1.el9_4.x86_64  CompilerName: GCC  CompilerVersion: 8.4.0
ProgramName: mri_compute_overlap  ProgramArguments: mri_compute_overlap -all-info  ProgramVersion: 7.3.2  TimeStamp: 2026/04/04-11:36:30-GMT  BuildTime: Aug  4 2022 06:17:15  BuildStamp: freesurfer-linux-ubuntu22_x86_64-7.3.2-20220804-6354275  User: oesteban  Machine: dna070  Platform: Linux  PlatformVersion: 5.14.0-427.37.1.el9_4.x86_64  CompilerName: GCC  CompilerVersion: 8.4.0
ProgramName: mri_compute_seg_overlap  ProgramArguments: mri_compute_seg_overlap -all-info  ProgramVersion: 7.3.2  TimeStamp: 2026/04/04-11:36:30-GMT  BuildTime: Aug  4 2022 06:17:15  BuildStamp: freesurfer-linux-ubuntu22_x86_64-7.3.2-20220804-6354275  User: oesteban  Machine: dna070  Platform: Linux  PlatformVersion: 5.14.0-427.37.1.el9_4.x86_64  CompilerName: GCC  CompilerVersion: 8.4.0
ProgramName: mri_concat  ProgramArguments: mri_concat -all-info  ProgramVersion: 7.3.2  TimeStamp: 2026/04/04-11:36:30-GMT  BuildTime: Aug  4 2022 06:17:15  BuildStamp: freesurfer-linux-ubuntu22_x86_64-7.3.2-20220804-6354275  User: oesteban  Machine: dna070  Platform: Linux  PlatformVersion: 5.14.0-427.37.1.el9_4.x86_64  CompilerName: GCC  CompilerVersion: 8.4.0
ProgramName: mri_concatenate_lta  ProgramArguments: mri_concatenate_lta -all-info  ProgramVersion: 7.3.2  TimeStamp: 2026/04/04-11:36:30-GMT  BuildTime: Aug  4 2022 06:17:15  BuildStamp: freesurfer-linux-ubuntu22_x86_64-7.3.2-20220804-6354275  User: oesteban  Machine: dna070  Platform: Linux  PlatformVersion: 5.14.0-427.37.1.el9_4.x86_64  CompilerName: GCC  CompilerVersion: 8.4.0
mri_convert -all-info 
ProgramName: mri_convert  ProgramArguments: mri_convert -all-info  ProgramVersion: 7.3.2  TimeStamp: 2026/04/04-11:36:30-GMT  BuildTime: Aug  4 2022 06:17:15  BuildStamp: freesurfer-linux-ubuntu22_x86_64-7.3.2-20220804-6354275  User: oesteban  Machine: dna070  Platform: Linux  PlatformVersion: 5.14.0-427.37.1.el9_4.x86_64  CompilerName: GCC  CompilerVersion: 8.4.0
ProgramName: mri_diff  ProgramArguments: mri_diff -all-info  ProgramVersion: 7.3.2  TimeStamp: 2026/04/04-11:36:30-GMT  BuildTime: Aug  4 2022 06:17:15  BuildStamp: freesurfer-linux-ubuntu22_x86_64-7.3.2-20220804-6354275  User: oesteban  Machine: dna070  Platform: Linux  PlatformVersion: 5.14.0-427.37.1.el9_4.x86_64  CompilerName: GCC  CompilerVersion: 8.4.0
ProgramName: mri_edit_wm_with_aseg  ProgramArguments: mri_edit_wm_with_aseg -all-info  ProgramVersion: 7.3.2  TimeStamp: 2026/04/04-11:36:30-GMT  BuildTime: Aug  4 2022 06:17:15  BuildStamp: freesurfer-linux-ubuntu22_x86_64-7.3.2-20220804-6354275  User: oesteban  Machine: dna070  Platform: Linux  PlatformVersion: 5.14.0-427.37.1.el9_4.x86_64  CompilerName: GCC  CompilerVersion: 8.4.0
ProgramName: mri_em_register  ProgramArguments: mri_em_register -all-info  ProgramVersion: 7.3.2  TimeStamp: 2026/04/04-11:36:30-GMT  BuildTime: Aug  4 2022 06:17:15  BuildStamp: freesurfer-linux-ubuntu22_x86_64-7.3.2-20220804-6354275  User: oesteban  Machine: dna070  Platform: Linux  PlatformVersion: 5.14.0-427.37.1.el9_4.x86_64  CompilerName: GCC  CompilerVersion: 8.4.0
ProgramName: mri_fill  ProgramArguments: mri_fill -all-info  ProgramVersion: 7.3.2  TimeStamp: 2026/04/04-11:36:30-GMT  BuildTime: Aug  4 2022 06:17:15  BuildStamp: freesurfer-linux-ubuntu22_x86_64-7.3.2-20220804-6354275  User: oesteban  Machine: dna070  Platform: Linux  PlatformVersion: 5.14.0-427.37.1.el9_4.x86_64  CompilerName: GCC  CompilerVersion: 8.4.0
ProgramName: mri_fuse_segmentations  ProgramArguments: mri_fuse_segmentations -all-info  ProgramVersion: 7.3.2  TimeStamp: 2026/04/04-11:36:30-GMT  BuildTime: Aug  4 2022 06:17:15  BuildStamp: freesurfer-linux-ubuntu22_x86_64-7.3.2-20220804-6354275  User: oesteban  Machine: dna070  Platform: Linux  PlatformVersion: 5.14.0-427.37.1.el9_4.x86_64  CompilerName: GCC  CompilerVersion: 8.4.0
ProgramName: mri_fwhm  ProgramArguments: mri_fwhm -all-info  ProgramVersion: 7.3.2  TimeStamp: 2026/04/04-11:36:30-GMT  BuildTime: Aug  4 2022 06:17:15  BuildStamp: freesurfer-linux-ubuntu22_x86_64-7.3.2-20220804-6354275  User: oesteban  Machine: dna070  Platform: Linux  PlatformVersion: 5.14.0-427.37.1.el9_4.x86_64  CompilerName: GCC  CompilerVersion: 8.4.0
ProgramName: mri_gcut  ProgramArguments: mri_gcut -all-info  ProgramVersion: 7.3.2  TimeStamp: 2026/04/04-11:36:30-GMT  BuildTime: Aug  4 2022 06:17:15  BuildStamp: freesurfer-linux-ubuntu22_x86_64-7.3.2-20220804-6354275  User: oesteban  Machine: dna070  Platform: Linux  PlatformVersion: 5.14.0-427.37.1.el9_4.x86_64  CompilerName: GCC  CompilerVersion: 8.4.0
ProgramName: mri_info  ProgramArguments: mri_info -all-info  ProgramVersion: 7.3.2  TimeStamp: 2026/04/04-11:36:30-GMT  BuildTime: Aug  4 2022 06:17:15  BuildStamp: freesurfer-linux-ubuntu22_x86_64-7.3.2-20220804-6354275  User: oesteban  Machine: dna070  Platform: Linux  PlatformVersion: 5.14.0-427.37.1.el9_4.x86_64  CompilerName: GCC  CompilerVersion: 8.4.0
ProgramName: mri_label2label  ProgramArguments: mri_label2label -all-info  ProgramVersion: 7.3.2  TimeStamp: 2026/04/04-11:36:30-GMT  BuildTime: Aug  4 2022 06:17:15  BuildStamp: freesurfer-linux-ubuntu22_x86_64-7.3.2-20220804-6354275  User: oesteban  Machine: dna070  Platform: Linux  PlatformVersion: 5.14.0-427.37.1.el9_4.x86_64  CompilerName: GCC  CompilerVersion: 8.4.0
ProgramName: mri_label2vol  ProgramArguments: mri_label2vol -all-info  ProgramVersion: 7.3.2  TimeStamp: 2026/04/04-11:36:30-GMT  BuildTime: Aug  4 2022 06:17:15  BuildStamp: freesurfer-linux-ubuntu22_x86_64-7.3.2-20220804-6354275  User: oesteban  Machine: dna070  Platform: Linux  PlatformVersion: 5.14.0-427.37.1.el9_4.x86_64  CompilerName: GCC  CompilerVersion: 8.4.0
ProgramName: mri_log_likelihood  ProgramArguments: mri_log_likelihood -all-info  ProgramVersion: 7.3.2  TimeStamp: 2026/04/04-11:36:30-GMT  BuildTime: Aug  4 2022 06:17:15  BuildStamp: freesurfer-linux-ubuntu22_x86_64-7.3.2-20220804-6354275  User: oesteban  Machine: dna070  Platform: Linux  PlatformVersion: 5.14.0-427.37.1.el9_4.x86_64  CompilerName: GCC  CompilerVersion: 8.4.0
ProgramName: mri_mask  ProgramArguments: mri_mask -all-info  ProgramVersion: 7.3.2  TimeStamp: 2026/04/04-11:36:30-GMT  BuildTime: Aug  4 2022 06:17:15  BuildStamp: freesurfer-linux-ubuntu22_x86_64-7.3.2-20220804-6354275  User: oesteban  Machine: dna070  Platform: Linux  PlatformVersion: 5.14.0-427.37.1.el9_4.x86_64  CompilerName: GCC  CompilerVersion: 8.4.0
ProgramName: mri_matrix_multiply  ProgramArguments: mri_matrix_multiply -all-info  ProgramVersion: 7.3.2  TimeStamp: 2026/04/04-11:36:30-GMT  BuildTime: Aug  4 2022 06:17:15  BuildStamp: freesurfer-linux-ubuntu22_x86_64-7.3.2-20220804-6354275  User: oesteban  Machine: dna070  Platform: Linux  PlatformVersion: 5.14.0-427.37.1.el9_4.x86_64  CompilerName: GCC  CompilerVersion: 8.4.0
ProgramName: mri_normalize  ProgramArguments: mri_normalize -all-info  ProgramVersion: 7.3.2  TimeStamp: 2026/04/04-11:36:30-GMT  BuildTime: Aug  4 2022 06:17:15  BuildStamp: freesurfer-linux-ubuntu22_x86_64-7.3.2-20220804-6354275  User: oesteban  Machine: dna070  Platform: Linux  PlatformVersion: 5.14.0-427.37.1.el9_4.x86_64  CompilerName: GCC  CompilerVersion: 8.4.0
ProgramName: mri_normalize_tp2  ProgramArguments: mri_normalize_tp2 -all-info  ProgramVersion: 7.3.2  TimeStamp: 2026/04/04-11:36:30-GMT  BuildTime: Aug  4 2022 06:17:15  BuildStamp: freesurfer-linux-ubuntu22_x86_64-7.3.2-20220804-6354275  User: oesteban  Machine: dna070  Platform: Linux  PlatformVersion: 5.14.0-427.37.1.el9_4.x86_64  CompilerName: GCC  CompilerVersion: 8.4.0
ProgramName: mri_or  ProgramArguments: mri_or -all-info  ProgramVersion: 7.3.2  TimeStamp: 2026/04/04-11:36:30-GMT  BuildTime: Aug  4 2022 06:17:15  BuildStamp: freesurfer-linux-ubuntu22_x86_64-7.3.2-20220804-6354275  User: oesteban  Machine: dna070  Platform: Linux  PlatformVersion: 5.14.0-427.37.1.el9_4.x86_64  CompilerName: GCC  CompilerVersion: 8.4.0
ProgramName: mri_relabel_hypointensities  ProgramArguments: mri_relabel_hypointensities -all-info  ProgramVersion: 7.3.2  TimeStamp: 2026/04/04-11:36:30-GMT  BuildTime: Aug  4 2022 06:17:15  BuildStamp: freesurfer-linux-ubuntu22_x86_64-7.3.2-20220804-6354275  User: oesteban  Machine: dna070  Platform: Linux  PlatformVersion: 5.14.0-427.37.1.el9_4.x86_64  CompilerName: GCC  CompilerVersion: 8.4.0
ProgramName: mri_relabel_nonwm_hypos  ProgramArguments: mri_relabel_nonwm_hypos -all-info  ProgramVersion: 7.3.2  TimeStamp: 2026/04/04-11:36:30-GMT  BuildTime: Aug  4 2022 06:17:15  BuildStamp: freesurfer-linux-ubuntu22_x86_64-7.3.2-20220804-6354275  User: oesteban  Machine: dna070  Platform: Linux  PlatformVersion: 5.14.0-427.37.1.el9_4.x86_64  CompilerName: GCC  CompilerVersion: 8.4.0
ProgramName: mri_remove_neck  ProgramArguments: mri_remove_neck -all-info  ProgramVersion: 7.3.2  TimeStamp: 2026/04/04-11:36:30-GMT  BuildTime: Aug  4 2022 06:17:15  BuildStamp: freesurfer-linux-ubuntu22_x86_64-7.3.2-20220804-6354275  User: oesteban  Machine: dna070  Platform: Linux  PlatformVersion: 5.14.0-427.37.1.el9_4.x86_64  CompilerName: GCC  CompilerVersion: 8.4.0
7.3.2

ProgramName: mri_robust_register  ProgramArguments: mri_robust_register -all-info  ProgramVersion: 7.3.2  TimeStamp: 2026/04/04-11:36:30-GMT  BuildTime: Aug  4 2022 06:17:15  BuildStamp: freesurfer-linux-ubuntu22_x86_64-7.3.2-20220804-6354275  User: oesteban  Machine: dna070  Platform: Linux  PlatformVersion: 5.14.0-427.37.1.el9_4.x86_64  CompilerName: GCC  CompilerVersion: 8.4.0
7.3.2

ProgramName: mri_robust_template  ProgramArguments: mri_robust_template -all-info  ProgramVersion: 7.3.2  TimeStamp: 2026/04/04-11:36:30-GMT  BuildTime: Aug  4 2022 06:17:15  BuildStamp: freesurfer-linux-ubuntu22_x86_64-7.3.2-20220804-6354275  User: oesteban  Machine: dna070  Platform: Linux  PlatformVersion: 5.14.0-427.37.1.el9_4.x86_64  CompilerName: GCC  CompilerVersion: 8.4.0
ProgramName: mris_anatomical_stats  ProgramArguments: mris_anatomical_stats -all-info  ProgramVersion: 7.3.2  TimeStamp: 2026/04/04-11:36:30-GMT  BuildTime: Aug  4 2022 06:17:15  BuildStamp: freesurfer-linux-ubuntu22_x86_64-7.3.2-20220804-6354275  User: oesteban  Machine: dna070  Platform: Linux  PlatformVersion: 5.14.0-427.37.1.el9_4.x86_64  CompilerName: GCC  CompilerVersion: 8.4.0
ProgramName: mris_ca_label  ProgramArguments: mris_ca_label -all-info  ProgramVersion: 7.3.2  TimeStamp: 2026/04/04-11:36:30-GMT  BuildTime: Aug  4 2022 06:17:15  BuildStamp: freesurfer-linux-ubuntu22_x86_64-7.3.2-20220804-6354275  User: oesteban  Machine: dna070  Platform: Linux  PlatformVersion: 5.14.0-427.37.1.el9_4.x86_64  CompilerName: GCC  CompilerVersion: 8.4.0
ProgramName: mris_calc  ProgramArguments: mris_calc -all-info  ProgramVersion: 7.3.2  TimeStamp: 2026/04/04-11:36:30-GMT  BuildTime: Aug  4 2022 06:17:15  BuildStamp: freesurfer-linux-ubuntu22_x86_64-7.3.2-20220804-6354275  User: oesteban  Machine: dna070  Platform: Linux  PlatformVersion: 5.14.0-427.37.1.el9_4.x86_64  CompilerName: GCC  CompilerVersion: 8.4.0
ProgramName: mris_convert  ProgramArguments: mris_convert -all-info  ProgramVersion: 7.3.2  TimeStamp: 2026/04/04-11:36:30-GMT  BuildTime: Aug  4 2022 06:17:15  BuildStamp: freesurfer-linux-ubuntu22_x86_64-7.3.2-20220804-6354275  User: oesteban  Machine: dna070  Platform: Linux  PlatformVersion: 5.14.0-427.37.1.el9_4.x86_64  CompilerName: GCC  CompilerVersion: 8.4.0
ProgramName: mris_curvature  ProgramArguments: mris_curvature -all-info  ProgramVersion: 7.3.2  TimeStamp: 2026/04/04-11:36:30-GMT  BuildTime: Aug  4 2022 06:17:15  BuildStamp: freesurfer-linux-ubuntu22_x86_64-7.3.2-20220804-6354275  User: oesteban  Machine: dna070  Platform: Linux  PlatformVersion: 5.14.0-427.37.1.el9_4.x86_64  CompilerName: GCC  CompilerVersion: 8.4.0
ProgramName: mris_curvature_stats  ProgramArguments: mris_curvature_stats -all-info  ProgramVersion: 7.3.2  TimeStamp: 2026/04/04-11:36:30-GMT  BuildTime: Aug  4 2022 06:17:15  BuildStamp: freesurfer-linux-ubuntu22_x86_64-7.3.2-20220804-6354275  User: oesteban  Machine: dna070  Platform: Linux  PlatformVersion: 5.14.0-427.37.1.el9_4.x86_64  CompilerName: GCC  CompilerVersion: 8.4.0
ProgramName: mris_diff  ProgramArguments: mris_diff -all-info  ProgramVersion: 7.3.2  TimeStamp: 2026/04/04-11:36:30-GMT  BuildTime: Aug  4 2022 06:17:15  BuildStamp: freesurfer-linux-ubuntu22_x86_64-7.3.2-20220804-6354275  User: oesteban  Machine: dna070  Platform: Linux  PlatformVersion: 5.14.0-427.37.1.el9_4.x86_64  CompilerName: GCC  CompilerVersion: 8.4.0
ProgramName: mris_divide_parcellation  ProgramArguments: mris_divide_parcellation -all-info  ProgramVersion: 7.3.2  TimeStamp: 2026/04/04-11:36:30-GMT  BuildTime: Aug  4 2022 06:17:15  BuildStamp: freesurfer-linux-ubuntu22_x86_64-7.3.2-20220804-6354275  User: oesteban  Machine: dna070  Platform: Linux  PlatformVersion: 5.14.0-427.37.1.el9_4.x86_64  CompilerName: GCC  CompilerVersion: 8.4.0
ProgramName: mri_segment  ProgramArguments: mri_segment -all-info  ProgramVersion: 7.3.2  TimeStamp: 2026/04/04-11:36:30-GMT  BuildTime: Aug  4 2022 06:17:15  BuildStamp: freesurfer-linux-ubuntu22_x86_64-7.3.2-20220804-6354275  User: oesteban  Machine: dna070  Platform: Linux  PlatformVersion: 5.14.0-427.37.1.el9_4.x86_64  CompilerName: GCC  CompilerVersion: 8.4.0
ProgramName: mri_segstats  ProgramArguments: mri_segstats -all-info  ProgramVersion: 7.3.2  TimeStamp: 2026/04/04-11:36:30-GMT  BuildTime: Aug  4 2022 06:17:15  BuildStamp: freesurfer-linux-ubuntu22_x86_64-7.3.2-20220804-6354275  User: oesteban  Machine: dna070  Platform: Linux  PlatformVersion: 5.14.0-427.37.1.el9_4.x86_64  CompilerName: GCC  CompilerVersion: 8.4.0
ProgramName: mris_euler_number  ProgramArguments: mris_euler_number -all-info  ProgramVersion: 7.3.2  TimeStamp: 2026/04/04-11:36:30-GMT  BuildTime: Aug  4 2022 06:17:15  BuildStamp: freesurfer-linux-ubuntu22_x86_64-7.3.2-20220804-6354275  User: oesteban  Machine: dna070  Platform: Linux  PlatformVersion: 5.14.0-427.37.1.el9_4.x86_64  CompilerName: GCC  CompilerVersion: 8.4.0
ProgramName: mris_fix_topology  ProgramArguments: mris_fix_topology -all-info  ProgramVersion: 7.3.2  TimeStamp: 2026/04/04-11:36:30-GMT  BuildTime: Aug  4 2022 06:17:15  BuildStamp: freesurfer-linux-ubuntu22_x86_64-7.3.2-20220804-6354275  User: oesteban  Machine: dna070  Platform: Linux  PlatformVersion: 5.14.0-427.37.1.el9_4.x86_64  CompilerName: GCC  CompilerVersion: 8.4.0
ProgramName: mris_topo_fixer  ProgramArguments: mris_topo_fixer -all-info  ProgramVersion: 7.3.2  TimeStamp: 2026/04/04-11:36:30-GMT  BuildTime: Aug  4 2022 06:17:15  BuildStamp: freesurfer-linux-ubuntu22_x86_64-7.3.2-20220804-6354275  User: oesteban  Machine: dna070  Platform: Linux  PlatformVersion: 5.14.0-427.37.1.el9_4.x86_64  CompilerName: GCC  CompilerVersion: 8.4.0
ProgramName: mris_jacobian  ProgramArguments: mris_jacobian -all-info  ProgramVersion: 7.3.2  TimeStamp: 2026/04/04-11:36:30-GMT  BuildTime: Aug  4 2022 06:17:15  BuildStamp: freesurfer-linux-ubuntu22_x86_64-7.3.2-20220804-6354275  User: oesteban  Machine: dna070  Platform: Linux  PlatformVersion: 5.14.0-427.37.1.el9_4.x86_64  CompilerName: GCC  CompilerVersion: 8.4.0
ProgramName: mris_label2annot  ProgramArguments: mris_label2annot -all-info  ProgramVersion: 7.3.2  TimeStamp: 2026/04/04-11:36:30-GMT  BuildTime: Aug  4 2022 06:17:15  BuildStamp: freesurfer-linux-ubuntu22_x86_64-7.3.2-20220804-6354275  User: oesteban  Machine: dna070  Platform: Linux  PlatformVersion: 5.14.0-427.37.1.el9_4.x86_64  CompilerName: GCC  CompilerVersion: 8.4.0
ProgramName: mris_left_right_register  ProgramArguments: mris_left_right_register -all-info  ProgramVersion: 7.3.2  TimeStamp: 2026/04/04-11:36:30-GMT  BuildTime: Aug  4 2022 06:17:15  BuildStamp: freesurfer-linux-ubuntu22_x86_64-7.3.2-20220804-6354275  User: oesteban  Machine: dna070  Platform: Linux  PlatformVersion: 5.14.0-427.37.1.el9_4.x86_64  CompilerName: GCC  CompilerVersion: 8.4.0
ProgramName: mris_place_surface  ProgramArguments: mris_place_surface -all-info  ProgramVersion: 7.3.2  TimeStamp: 2026/04/04-11:36:30-GMT  BuildTime: Aug  4 2022 06:17:15  BuildStamp: freesurfer-linux-ubuntu22_x86_64-7.3.2-20220804-6354275  User: oesteban  Machine: dna070  Platform: Linux  PlatformVersion: 5.14.0-427.37.1.el9_4.x86_64  CompilerName: GCC  CompilerVersion: 8.4.0
ProgramName: mrisp_paint  ProgramArguments: mrisp_paint -all-info  ProgramVersion: 7.3.2  TimeStamp: 2026/04/04-11:36:30-GMT  BuildTime: Aug  4 2022 06:17:15  BuildStamp: freesurfer-linux-ubuntu22_x86_64-7.3.2-20220804-6354275  User: oesteban  Machine: dna070  Platform: Linux  PlatformVersion: 5.14.0-427.37.1.el9_4.x86_64  CompilerName: GCC  CompilerVersion: 8.4.0
ProgramName: mris_register  ProgramArguments: mris_register -all-info  ProgramVersion: 7.3.2  TimeStamp: 2026/04/04-11:36:30-GMT  BuildTime: Aug  4 2022 06:17:15  BuildStamp: freesurfer-linux-ubuntu22_x86_64-7.3.2-20220804-6354275  User: oesteban  Machine: dna070  Platform: Linux  PlatformVersion: 5.14.0-427.37.1.el9_4.x86_64  CompilerName: GCC  CompilerVersion: 8.4.0
ProgramName: mris_smooth  ProgramArguments: mris_smooth -all-info  ProgramVersion: 7.3.2  TimeStamp: 2026/04/04-11:36:30-GMT  BuildTime: Aug  4 2022 06:17:15  BuildStamp: freesurfer-linux-ubuntu22_x86_64-7.3.2-20220804-6354275  User: oesteban  Machine: dna070  Platform: Linux  PlatformVersion: 5.14.0-427.37.1.el9_4.x86_64  CompilerName: GCC  CompilerVersion: 8.4.0
ProgramName: mris_sphere  ProgramArguments: mris_sphere -all-info  ProgramVersion: 7.3.2  TimeStamp: 2026/04/04-11:36:30-GMT  BuildTime: Aug  4 2022 06:17:15  BuildStamp: freesurfer-linux-ubuntu22_x86_64-7.3.2-20220804-6354275  User: oesteban  Machine: dna070  Platform: Linux  PlatformVersion: 5.14.0-427.37.1.el9_4.x86_64  CompilerName: GCC  CompilerVersion: 8.4.0
ProgramName: mris_surface_stats  ProgramArguments: mris_surface_stats -all-info  ProgramVersion: 7.3.2  TimeStamp: 2026/04/04-11:36:30-GMT  BuildTime: Aug  4 2022 06:17:15  BuildStamp: freesurfer-linux-ubuntu22_x86_64-7.3.2-20220804-6354275  User: oesteban  Machine: dna070  Platform: Linux  PlatformVersion: 5.14.0-427.37.1.el9_4.x86_64  CompilerName: GCC  CompilerVersion: 8.4.0
ProgramName: mri_stats2seg  ProgramArguments: mri_stats2seg -all-info  ProgramVersion: 7.3.2  TimeStamp: 2026/04/04-11:36:30-GMT  BuildTime: Aug  4 2022 06:17:15  BuildStamp: freesurfer-linux-ubuntu22_x86_64-7.3.2-20220804-6354275  User: oesteban  Machine: dna070  Platform: Linux  PlatformVersion: 5.14.0-427.37.1.el9_4.x86_64  CompilerName: GCC  CompilerVersion: 8.4.0
ProgramName: mris_thickness  ProgramArguments: mris_thickness -all-info  ProgramVersion: 7.3.2  TimeStamp: 2026/04/04-11:36:30-GMT  BuildTime: Aug  4 2022 06:17:15  BuildStamp: freesurfer-linux-ubuntu22_x86_64-7.3.2-20220804-6354275  User: oesteban  Machine: dna070  Platform: Linux  PlatformVersion: 5.14.0-427.37.1.el9_4.x86_64  CompilerName: GCC  CompilerVersion: 8.4.0
ProgramName: mris_thickness_diff  ProgramArguments: mris_thickness_diff -all-info  ProgramVersion: 7.3.2  TimeStamp: 2026/04/04-11:36:30-GMT  BuildTime: Aug  4 2022 06:17:15  BuildStamp: freesurfer-linux-ubuntu22_x86_64-7.3.2-20220804-6354275  User: oesteban  Machine: dna070  Platform: Linux  PlatformVersion: 5.14.0-427.37.1.el9_4.x86_64  CompilerName: GCC  CompilerVersion: 8.4.0
ProgramName: mris_topo_fixer  ProgramArguments: mris_topo_fixer -all-info  ProgramVersion: 7.3.2  TimeStamp: 2026/04/04-11:36:30-GMT  BuildTime: Aug  4 2022 06:17:15  BuildStamp: freesurfer-linux-ubuntu22_x86_64-7.3.2-20220804-6354275  User: oesteban  Machine: dna070  Platform: Linux  PlatformVersion: 5.14.0-427.37.1.el9_4.x86_64  CompilerName: GCC  CompilerVersion: 8.4.0
ProgramName: mri_surf2surf  ProgramArguments: mri_surf2surf -all-info  ProgramVersion: 7.3.2  TimeStamp: 2026/04/04-11:36:30-GMT  BuildTime: Aug  4 2022 06:17:15  BuildStamp: freesurfer-linux-ubuntu22_x86_64-7.3.2-20220804-6354275  User: oesteban  Machine: dna070  Platform: Linux  PlatformVersion: 5.14.0-427.37.1.el9_4.x86_64  CompilerName: GCC  CompilerVersion: 8.4.0
ProgramName: mri_surf2vol  ProgramArguments: mri_surf2vol -all-info  ProgramVersion: 7.3.2  TimeStamp: 2026/04/04-11:36:30-GMT  BuildTime: Aug  4 2022 06:17:15  BuildStamp: freesurfer-linux-ubuntu22_x86_64-7.3.2-20220804-6354275  User: oesteban  Machine: dna070  Platform: Linux  PlatformVersion: 5.14.0-427.37.1.el9_4.x86_64  CompilerName: GCC  CompilerVersion: 8.4.0
ProgramName: mri_surfcluster  ProgramArguments: mri_surfcluster -all-info  ProgramVersion: 7.3.2  TimeStamp: 2026/04/04-11:36:30-GMT  BuildTime: Aug  4 2022 06:17:15  BuildStamp: freesurfer-linux-ubuntu22_x86_64-7.3.2-20220804-6354275  User: oesteban  Machine: dna070  Platform: Linux  PlatformVersion: 5.14.0-427.37.1.el9_4.x86_64  CompilerName: GCC  CompilerVersion: 8.4.0
ProgramName: mris_volmask  ProgramArguments: mris_volmask -all-info  ProgramVersion: 7.3.2  TimeStamp: 2026/04/04-11:36:30-GMT  BuildTime: Aug  4 2022 06:17:15  BuildStamp: freesurfer-linux-ubuntu22_x86_64-7.3.2-20220804-6354275  User: oesteban  Machine: dna070  Platform: Linux  PlatformVersion: 5.14.0-427.37.1.el9_4.x86_64  CompilerName: GCC  CompilerVersion: 8.4.0
ProgramName: mri_tessellate  ProgramArguments: mri_tessellate -all-info  ProgramVersion: 7.3.2  TimeStamp: 2026/04/04-11:36:30-GMT  BuildTime: Aug  4 2022 06:17:15  BuildStamp: freesurfer-linux-ubuntu22_x86_64-7.3.2-20220804-6354275  User: oesteban  Machine: dna070  Platform: Linux  PlatformVersion: 5.14.0-427.37.1.el9_4.x86_64  CompilerName: GCC  CompilerVersion: 8.4.0
ProgramName: mri_vol2surf  ProgramArguments: mri_vol2surf -all-info  ProgramVersion: 7.3.2  TimeStamp: 2026/04/04-11:36:30-GMT  BuildTime: Aug  4 2022 06:17:15  BuildStamp: freesurfer-linux-ubuntu22_x86_64-7.3.2-20220804-6354275  User: oesteban  Machine: dna070  Platform: Linux  PlatformVersion: 5.14.0-427.37.1.el9_4.x86_64  CompilerName: GCC  CompilerVersion: 8.4.0
ProgramName: mri_vol2vol  ProgramArguments: mri_vol2vol -all-info  ProgramVersion: 7.3.2  TimeStamp: 2026/04/04-11:36:30-GMT  BuildTime: Aug  4 2022 06:17:15  BuildStamp: freesurfer-linux-ubuntu22_x86_64-7.3.2-20220804-6354275  User: oesteban  Machine: dna070  Platform: Linux  PlatformVersion: 5.14.0-427.37.1.el9_4.x86_64  CompilerName: GCC  CompilerVersion: 8.4.0
ProgramName: mri_voldiff  ProgramArguments: mri_voldiff -all-info  ProgramVersion: 7.3.2  TimeStamp: 2026/04/04-11:36:30-GMT  BuildTime: Aug  4 2022 06:17:15  BuildStamp: freesurfer-linux-ubuntu22_x86_64-7.3.2-20220804-6354275  User: oesteban  Machine: dna070  Platform: Linux  PlatformVersion: 5.14.0-427.37.1.el9_4.x86_64  CompilerName: GCC  CompilerVersion: 8.4.0
ProgramName: mri_watershed  ProgramArguments: mri_watershed -all-info  ProgramVersion: 7.3.2  TimeStamp: 2026/04/04-11:36:30-GMT  BuildTime: Aug  4 2022 06:17:15  BuildStamp: freesurfer-linux-ubuntu22_x86_64-7.3.2-20220804-6354275  User: oesteban  Machine: dna070  Platform: Linux  PlatformVersion: 5.14.0-427.37.1.el9_4.x86_64  CompilerName: GCC  CompilerVersion: 8.4.0
ProgramName: tkregister2  ProgramArguments: tkregister2_cmdl -all-info  ProgramVersion: 7.3.2  TimeStamp: 2026/04/04-11:36:30-GMT  BuildTime: Aug  4 2022 06:17:15  BuildStamp: freesurfer-linux-ubuntu22_x86_64-7.3.2-20220804-6354275  User: oesteban  Machine: dna070  Platform: Linux  PlatformVersion: 5.14.0-427.37.1.el9_4.x86_64  CompilerName: GCC  CompilerVersion: 8.4.0
mri_motion_correct.fsl 7.3.2
mri_convert -all-info 
ProgramName: mri_convert  ProgramArguments: mri_convert -all-info  ProgramVersion: 7.3.2  TimeStamp: 2026/04/04-11:36:30-GMT  BuildTime: Aug  4 2022 06:17:15  BuildStamp: freesurfer-linux-ubuntu22_x86_64-7.3.2-20220804-6354275  User: oesteban  Machine: dna070  Platform: Linux  PlatformVersion: 5.14.0-427.37.1.el9_4.x86_64  CompilerName: GCC  CompilerVersion: 8.4.0
Program nu_correct, built from:
Package MNI N3, version 1.12.0, compiled by nicks@terrier (x86_64-unknown-linux-gnu) on 2015-06-19 at 01:25:34
#######################################
GCADIR /opt/freesurfer/average
GCA RB_all_2020-01-02.gca
GCASkull RB_all_withskull_2020_01_02.gca
AvgCurvTif folding.atlas.acfb40.noaparc.i12.2016-08-02.tif
GCSDIR /opt/freesurfer/average
GCS DKaparc.atlas.acfb40.noaparc.i12.2016-08-02.gcs
#######################################
#--------------------------------------------
#@# WhiteSurfs lh Sat Apr  4 13:36:30 CEST 2026
cd /out/sourcedata/freesurfer/sub-v1s12x0050113_ses-1/mri
mris_place_surface --adgws-in ../surf/autodet.gw.stats.lh.dat --seg aseg.presurf.mgz --threads 16 --wm wm.mgz --invol brain.finalsurfs.mgz --lh --i ../surf/lh.white.preaparc --o ../surf/lh.white --white --nsmooth 0 --rip-label ../label/lh.cortex.label --rip-bg --rip-surf ../surf/lh.white.preaparc --aparc ../label/lh.aparc.annot
   Update not needed
#--------------------------------------------
#@# WhiteSurfs rh Sat Apr  4 13:36:30 CEST 2026
cd /out/sourcedata/freesurfer/sub-v1s12x0050113_ses-1/mri
mris_place_surface --adgws-in ../surf/autodet.gw.stats.rh.dat --seg aseg.presurf.mgz --threads 16 --wm wm.mgz --invol brain.finalsurfs.mgz --rh --i ../surf/rh.white.preaparc --o ../surf/rh.white --white --nsmooth 0 --rip-label ../label/rh.cortex.label --rip-bg --rip-surf ../surf/rh.white.preaparc --aparc ../label/rh.aparc.annot
   Update not needed
#@# white curv lh Sat Apr  4 13:36:30 CEST 2026
cd /out/sourcedata/freesurfer/sub-v1s12x0050113_ses-1/mri
mris_place_surface --curv-map ../surf/lh.white 2 10 ../surf/lh.curv
   Update not needed
#@# white area lh Sat Apr  4 13:36:30 CEST 2026
cd /out/sourcedata/freesurfer/sub-v1s12x0050113_ses-1/mri
mris_place_surface --area-map ../surf/lh.white ../surf/lh.area
   Update not needed
#@# pial curv lh Sat Apr  4 13:36:30 CEST 2026
cd /out/sourcedata/freesurfer/sub-v1s12x0050113_ses-1/mri
mris_place_surface --curv-map ../surf/lh.pial 2 10 ../surf/lh.curv.pial
   Update not needed
#@# pial area lh Sat Apr  4 13:36:30 CEST 2026
cd /out/sourcedata/freesurfer/sub-v1s12x0050113_ses-1/mri
mris_place_surface --area-map ../surf/lh.pial ../surf/lh.area.pial
   Update not needed
#@# thickness lh Sat Apr  4 13:36:30 CEST 2026
cd /out/sourcedata/freesurfer/sub-v1s12x0050113_ses-1/mri
mris_place_surface --thickness ../surf/lh.white ../surf/lh.pial 20 5 ../surf/lh.thickness
   Update not needed
#@# area and vertex vol lh Sat Apr  4 13:36:30 CEST 2026
cd /out/sourcedata/freesurfer/sub-v1s12x0050113_ses-1/mri
mris_place_surface --thickness ../surf/lh.white ../surf/lh.pial 20 5 ../surf/lh.thickness
   Update not needed
#@# white curv rh Sat Apr  4 13:36:30 CEST 2026
cd /out/sourcedata/freesurfer/sub-v1s12x0050113_ses-1/mri
mris_place_surface --curv-map ../surf/rh.white 2 10 ../surf/rh.curv
   Update not needed
#@# white area rh Sat Apr  4 13:36:30 CEST 2026
cd /out/sourcedata/freesurfer/sub-v1s12x0050113_ses-1/mri
mris_place_surface --area-map ../surf/rh.white ../surf/rh.area
   Update not needed
#@# pial curv rh Sat Apr  4 13:36:30 CEST 2026
cd /out/sourcedata/freesurfer/sub-v1s12x0050113_ses-1/mri
mris_place_surface --curv-map ../surf/rh.pial 2 10 ../surf/rh.curv.pial
   Update not needed
#@# pial area rh Sat Apr  4 13:36:30 CEST 2026
cd /out/sourcedata/freesurfer/sub-v1s12x0050113_ses-1/mri
mris_place_surface --area-map ../surf/rh.pial ../surf/rh.area.pial
   Update not needed
#@# thickness rh Sat Apr  4 13:36:30 CEST 2026
cd /out/sourcedata/freesurfer/sub-v1s12x0050113_ses-1/mri
mris_place_surface --thickness ../surf/rh.white ../surf/rh.pial 20 5 ../surf/rh.thickness
   Update not needed
#@# area and vertex vol rh Sat Apr  4 13:36:30 CEST 2026
cd /out/sourcedata/freesurfer/sub-v1s12x0050113_ses-1/mri
mris_place_surface --thickness ../surf/rh.white ../surf/rh.pial 20 5 ../surf/rh.thickness
   Update not needed

#-----------------------------------------
#@# Curvature Stats lh Sat Apr  4 13:36:30 CEST 2026
/out/sourcedata/freesurfer/sub-v1s12x0050113_ses-1/surf

 mris_curvature_stats -m --writeCurvatureFiles -G -o ../stats/lh.curv.stats -F smoothwm sub-v1s12x0050113_ses-1 lh curv sulc 

             Toggling save flag on curvature files                       [ ok ]
                 Outputting results using filestem   [ ../stats/lh.curv.stats ]
             Toggling save flag on curvature files                       [ ok ]
                                   Setting surface [ sub-v1s12x0050113_ses-1/lh.smoothwm ]
                                Reading surface...                       [ ok ]
                                   Setting texture                     [ curv ]
                                Reading texture...                       [ ok ]
                                   Setting texture                     [ sulc ]
                                Reading texture...Gb_filter = 0
                       [ ok ]
      Calculating Discrete Principal Curvatures...
      Determining geometric order for vno faces... [####################] [ ok ]
                      Determining KH curvatures... [####################] [ ok ]
                    Determining k1k2 curvatures... [####################] [ ok ]
                                   deltaViolations                      [ 210 ]
Gb_filter = 0

WARN:    S lookup   min:                          -0.120151
WARN:    S explicit min:                          0.000000	vertex = 26

#-----------------------------------------
#@# Curvature Stats rh Sat Apr  4 13:36:32 CEST 2026
/out/sourcedata/freesurfer/sub-v1s12x0050113_ses-1/surf

 mris_curvature_stats -m --writeCurvatureFiles -G -o ../stats/rh.curv.stats -F smoothwm sub-v1s12x0050113_ses-1 rh curv sulc 

             Toggling save flag on curvature files                       [ ok ]
                 Outputting results using filestem   [ ../stats/rh.curv.stats ]
             Toggling save flag on curvature files                       [ ok ]
                                   Setting surface [ sub-v1s12x0050113_ses-1/rh.smoothwm ]
                                Reading surface...                       [ ok ]
                                   Setting texture                     [ curv ]
                                Reading texture...                       [ ok ]
                                   Setting texture                     [ sulc ]
                                Reading texture...Gb_filter = 0
                       [ ok ]
      Calculating Discrete Principal Curvatures...
      Determining geometric order for vno faces... [####################] [ ok ]
                      Determining KH curvatures... [####################] [ ok ]
                    Determining k1k2 curvatures... [####################] [ ok ]
                                   deltaViolations                      [ 220 ]
Gb_filter = 0

WARN:    S lookup   min:                          -0.018285
WARN:    S explicit min:                          0.000000	vertex = 506
#-----------------------------------------
#@# Relabel Hypointensities Sat Apr  4 13:36:33 CEST 2026
/out/sourcedata/freesurfer/sub-v1s12x0050113_ses-1/mri

 mri_relabel_hypointensities aseg.presurf.mgz ../surf aseg.presurf.hypos.mgz 

reading input surface ../surf/lh.white...
relabeling lh hypointensities...
3158 voxels changed to hypointensity...
reading input surface ../surf/rh.white...
relabeling rh hypointensities...
2820 voxels changed to hypointensity...
6155 hypointense voxels neighboring cortex changed
#-----------------------------------------
#@# APas-to-ASeg Sat Apr  4 13:36:43 CEST 2026
/out/sourcedata/freesurfer/sub-v1s12x0050113_ses-1/mri

 mri_surf2volseg --o aseg.mgz --i aseg.presurf.hypos.mgz --fix-presurf-with-ribbon /out/sourcedata/freesurfer/sub-v1s12x0050113_ses-1/mri/ribbon.mgz --threads 16 --lh-cortex-mask /out/sourcedata/freesurfer/sub-v1s12x0050113_ses-1/label/lh.cortex.label --lh-white /out/sourcedata/freesurfer/sub-v1s12x0050113_ses-1/surf/lh.white --lh-pial /out/sourcedata/freesurfer/sub-v1s12x0050113_ses-1/surf/lh.pial --rh-cortex-mask /out/sourcedata/freesurfer/sub-v1s12x0050113_ses-1/label/rh.cortex.label --rh-white /out/sourcedata/freesurfer/sub-v1s12x0050113_ses-1/surf/rh.white --rh-pial /out/sourcedata/freesurfer/sub-v1s12x0050113_ses-1/surf/rh.pial 

SUBJECTS_DIR /out/sourcedata/freesurfer
outvol aseg.mgz
16 avail.processors, using 16
Loading aseg.presurf.hypos.mgz
Loading /out/sourcedata/freesurfer/sub-v1s12x0050113_ses-1/mri/ribbon.mgz
Loading /out/sourcedata/freesurfer/sub-v1s12x0050113_ses-1/surf/lh.white
Loading /out/sourcedata/freesurfer/sub-v1s12x0050113_ses-1/surf/lh.pial
Loading /out/sourcedata/freesurfer/sub-v1s12x0050113_ses-1/label/lh.cortex.label
Loading /out/sourcedata/freesurfer/sub-v1s12x0050113_ses-1/surf/rh.white
Loading /out/sourcedata/freesurfer/sub-v1s12x0050113_ses-1/surf/rh.pial
Loading /out/sourcedata/freesurfer/sub-v1s12x0050113_ses-1/label/rh.cortex.label
Done loading
160 224 112 176 240   0  16  32  48  64 144  96 128 192  80 208 241  33  17 193  65 225   1  81  34  18 242  97  35   2 226  66  19 
177 243 194 113  36   3 161 227  49  20  82  67 244  37   4 195 228  50  21 209  38  68 245  98 178 145 229 196 129  83  51  39 
210  22 246  69 230 197  40 211 247  52  23 162 231 198  84  41 212  70 248 179 
 53  24  99 
232 199 
 42   5 249  54  25  85 233  43  71 200 250   6 213  26  55  44 234 114 201 251   7 146  86 214  27 252 202   8 100 180 163  45  72  56 215  28 253 203   9 216  29  87  57  46 204  10 254 217 130  30 205 235 101  47  58  11 255 181  31 206  88 236  73 164  12 207 147  59 
237  13  60 238 115  89 182 218  14  61 102  15 219 
 62 220 183 239 
 63  90 165 221  74 148 222 184 223 103  91 185 166 149  75 116 186  92 104 187 131  76 167 150 188  93 105  77 189 168  78 190 117 151  94 106 191 169  79 
 95 152 170 107 132 118 171 153 108 172 119 
154 109 173 120 174 155 110 121 175 111 156 122 133 157 123 158 124 159 
125 134 126 127 135 136 137 138 139 
140 141 142 143 
nrelabeled = 134221
ndotcheck = 0
Starting Surf2VolSeg free
free done
#VMPC# mri_surf2volseg VmPeak  1911744
mri_surf2volseg done

 mri_brainvol_stats sub-v1s12x0050113_ses-1 

ComputeBrainVolumeStats2 VoxelVol=1, KeepCSF=1
  #CBVS2 MaskVol              1247078.0
  #CBVS2 BrainSegVol          1084662.0
  #CBVS2 BrainSegVolNotVent   1072788.0
  #CBVS2 SupraTentVol          943822.0
  #CBVS2 SupraTentVolNotVent   931948.0
  #CBVS2 lhCtxGM               223010.3
  #CBVS2 rhCtxGM               221375.3
  #CBVS2 lhCerebralWM          217794.5
  #CBVS2 rhCerebralWM          214757.5
  #CBVS2 SubCortGMVol           54723.0
  #CBVS2 CerebellumVol         140840.0
  #CBVS2 CerebellumGMVol        99339.0
  #CBVS2 VentChorVol             9215.0
  #CBVS2 3rd4th5thCSF            2659.0
  #CBVS2 AllCSF                 11874.0
  #CBVS2 CCVol                   4153.0
#-----------------------------------------
#@# AParc-to-ASeg aparc Sat Apr  4 13:36:50 CEST 2026
/out/sourcedata/freesurfer/sub-v1s12x0050113_ses-1/mri

 mri_surf2volseg --o aparc+aseg.mgz --label-cortex --i aseg.mgz --threads 16 --lh-annot /out/sourcedata/freesurfer/sub-v1s12x0050113_ses-1/label/lh.aparc.annot 1000 --lh-cortex-mask /out/sourcedata/freesurfer/sub-v1s12x0050113_ses-1/label/lh.cortex.label --lh-white /out/sourcedata/freesurfer/sub-v1s12x0050113_ses-1/surf/lh.white --lh-pial /out/sourcedata/freesurfer/sub-v1s12x0050113_ses-1/surf/lh.pial --rh-annot /out/sourcedata/freesurfer/sub-v1s12x0050113_ses-1/label/rh.aparc.annot 2000 --rh-cortex-mask /out/sourcedata/freesurfer/sub-v1s12x0050113_ses-1/label/rh.cortex.label --rh-white /out/sourcedata/freesurfer/sub-v1s12x0050113_ses-1/surf/rh.white --rh-pial /out/sourcedata/freesurfer/sub-v1s12x0050113_ses-1/surf/rh.pial 

SUBJECTS_DIR /out/sourcedata/freesurfer
outvol aparc+aseg.mgz
16 avail.processors, using 16
Loading aseg.mgz
Loading /out/sourcedata/freesurfer/sub-v1s12x0050113_ses-1/surf/lh.white
Loading /out/sourcedata/freesurfer/sub-v1s12x0050113_ses-1/surf/lh.pial
Loading /out/sourcedata/freesurfer/sub-v1s12x0050113_ses-1/label/lh.cortex.label
Ripping lh vertices labeled not in lh.cortex.label
  ripped 7941 vertices from lh hemi
Loading /out/sourcedata/freesurfer/sub-v1s12x0050113_ses-1/label/lh.aparc.annot
Loading /out/sourcedata/freesurfer/sub-v1s12x0050113_ses-1/surf/rh.white
Loading /out/sourcedata/freesurfer/sub-v1s12x0050113_ses-1/surf/rh.pial
Loading /out/sourcedata/freesurfer/sub-v1s12x0050113_ses-1/label/rh.cortex.label
Ripping rh vertices labeled not in rh.cortex.label
  ripped 7513 vertices from rh hemi
Loading /out/sourcedata/freesurfer/sub-v1s12x0050113_ses-1/label/rh.aparc.annot
Done loading
  0 144  16 176 112 160 128  48  64 208  32  96 192 224 240  80 241  65  49  17  33   1 225 209  18  50  66 242  34   2 210  19 
226  51   3  67  35 243  20 211  52 227   4  21  68  36 244  53  22 212   5  69  37 228  54  23 245   6 213  24  38  55 229   7 246  25  56 214  39 
  8  57  26 230 247  70  40 215   9  27  58 248  28 231  10  59 
 41 216  29  11  60 249  42 232 217  30  12  61  43 250 233  31  13 218  44  62 251  14 234 219 
 45  15  63 252 235 220  46 253  47 254  71 255 236 221 222 237 223 238 239 
 72 193 194 195 196 197 198 199 
200 201  73 202 203 204 205 206 207  74 113  75 161 177 145  81  76 114  97  77 162  82 178 146 115  78 129  79 
 83 116 163 179 
 98 147 117  84 130 164 180 118 148  99 
 85 119 
131 181 165 120 149  86 132 100 182 166 133 121  87 150 101 183 122 134 167  88 151 184 135 123 102 168 185 136  89 152 124 186 103 169 187 153 137 125  90 188 104 170 189 190 154 126 138 191 171  91 105 155 172 106 127 139 
 92 173 107 156 140  93 174 108 157 109 175 141  94 158 110 142  95 111 159 
143 
nrelabeled = 444671
ndotcheck = 31716
Starting Surf2VolSeg free
free done
#VMPC# mri_surf2volseg VmPeak  1895908
mri_surf2volseg done
#-----------------------------------------
#@# AParc-to-ASeg aparc.a2009s Sat Apr  4 13:37:06 CEST 2026
/out/sourcedata/freesurfer/sub-v1s12x0050113_ses-1/mri

 mri_surf2volseg --o aparc.a2009s+aseg.mgz --label-cortex --i aseg.mgz --threads 16 --lh-annot /out/sourcedata/freesurfer/sub-v1s12x0050113_ses-1/label/lh.aparc.a2009s.annot 11100 --lh-cortex-mask /out/sourcedata/freesurfer/sub-v1s12x0050113_ses-1/label/lh.cortex.label --lh-white /out/sourcedata/freesurfer/sub-v1s12x0050113_ses-1/surf/lh.white --lh-pial /out/sourcedata/freesurfer/sub-v1s12x0050113_ses-1/surf/lh.pial --rh-annot /out/sourcedata/freesurfer/sub-v1s12x0050113_ses-1/label/rh.aparc.a2009s.annot 12100 --rh-cortex-mask /out/sourcedata/freesurfer/sub-v1s12x0050113_ses-1/label/rh.cortex.label --rh-white /out/sourcedata/freesurfer/sub-v1s12x0050113_ses-1/surf/rh.white --rh-pial /out/sourcedata/freesurfer/sub-v1s12x0050113_ses-1/surf/rh.pial 

SUBJECTS_DIR /out/sourcedata/freesurfer
outvol aparc.a2009s+aseg.mgz
16 avail.processors, using 16
Loading aseg.mgz
Loading /out/sourcedata/freesurfer/sub-v1s12x0050113_ses-1/surf/lh.white
Loading /out/sourcedata/freesurfer/sub-v1s12x0050113_ses-1/surf/lh.pial
Loading /out/sourcedata/freesurfer/sub-v1s12x0050113_ses-1/label/lh.cortex.label
Ripping lh vertices labeled not in lh.cortex.label
  ripped 7941 vertices from lh hemi
Loading /out/sourcedata/freesurfer/sub-v1s12x0050113_ses-1/label/lh.aparc.a2009s.annot
Loading /out/sourcedata/freesurfer/sub-v1s12x0050113_ses-1/surf/rh.white
Loading /out/sourcedata/freesurfer/sub-v1s12x0050113_ses-1/surf/rh.pial
Loading /out/sourcedata/freesurfer/sub-v1s12x0050113_ses-1/label/rh.cortex.label
Ripping rh vertices labeled not in rh.cortex.label
  ripped 7513 vertices from rh hemi
Loading /out/sourcedata/freesurfer/sub-v1s12x0050113_ses-1/label/rh.aparc.a2009s.annot
Done loading
  0 224 176  48  96 128 240 144 208  32  16  64  80   1 160 192 209 112  49 225  65  33  17 210 241   2  50 226  66  34  18 242 211   3  51  67 227  35  19 
243 212   4  52  68 228  20  36   5 213 244  53  69  21 229  37   6 214  54 245  22 230  38   7 215  55 246  23 231  39 
 70   8  56 216 247  24 232   9  40  57 217 233 248  25  10  58  41 218 234  26 249  11  59 
219 
 42 235  27  12 250  60 220  43 236  28  13 251  61 221  44  29 237  14  71 252  62 222  30  45 238  15 253  63 223  31  46 239 
254  47 255  72 193 194 195 196 197 198 199 
200 201 202 203 204  73 205 206 207  74 113  81  75  76 161 145  82  97 114 177 129  77  78  83 115 146 162  79 
 98 130 116  84 178 147 117 131  85 163  99 
118 148 132 179 
 86 164 133 119 
149 100  87 134 165 120 180 150  88 135 101 121 166 151 181 136  89 102 122 167 152 182 137 103  90 168 123 153 183 104 138  91 169 154 124 184 105 139 
170  92 155 185 106 125 171 186 140 107  93 156 172 187 126 108 141 188 173 157 109  94 189 110 142 127 174 190 191 158 111  95 143 175 159 

nrelabeled = 444671
ndotcheck = 31716
Starting Surf2VolSeg free
free done
#VMPC# mri_surf2volseg VmPeak  1896004
mri_surf2volseg done
#-----------------------------------------
#@# AParc-to-ASeg aparc.DKTatlas Sat Apr  4 13:37:22 CEST 2026
/out/sourcedata/freesurfer/sub-v1s12x0050113_ses-1/mri

 mri_surf2volseg --o aparc.DKTatlas+aseg.mgz --label-cortex --i aseg.mgz --threads 16 --lh-annot /out/sourcedata/freesurfer/sub-v1s12x0050113_ses-1/label/lh.aparc.DKTatlas.annot 1000 --lh-cortex-mask /out/sourcedata/freesurfer/sub-v1s12x0050113_ses-1/label/lh.cortex.label --lh-white /out/sourcedata/freesurfer/sub-v1s12x0050113_ses-1/surf/lh.white --lh-pial /out/sourcedata/freesurfer/sub-v1s12x0050113_ses-1/surf/lh.pial --rh-annot /out/sourcedata/freesurfer/sub-v1s12x0050113_ses-1/label/rh.aparc.DKTatlas.annot 2000 --rh-cortex-mask /out/sourcedata/freesurfer/sub-v1s12x0050113_ses-1/label/rh.cortex.label --rh-white /out/sourcedata/freesurfer/sub-v1s12x0050113_ses-1/surf/rh.white --rh-pial /out/sourcedata/freesurfer/sub-v1s12x0050113_ses-1/surf/rh.pial 

SUBJECTS_DIR /out/sourcedata/freesurfer
outvol aparc.DKTatlas+aseg.mgz
16 avail.processors, using 16
Loading aseg.mgz
Loading /out/sourcedata/freesurfer/sub-v1s12x0050113_ses-1/surf/lh.white
Loading /out/sourcedata/freesurfer/sub-v1s12x0050113_ses-1/surf/lh.pial
Loading /out/sourcedata/freesurfer/sub-v1s12x0050113_ses-1/label/lh.cortex.label
Ripping lh vertices labeled not in lh.cortex.label
  ripped 7941 vertices from lh hemi
Loading /out/sourcedata/freesurfer/sub-v1s12x0050113_ses-1/label/lh.aparc.DKTatlas.annot
Loading /out/sourcedata/freesurfer/sub-v1s12x0050113_ses-1/surf/rh.white
Loading /out/sourcedata/freesurfer/sub-v1s12x0050113_ses-1/surf/rh.pial
Loading /out/sourcedata/freesurfer/sub-v1s12x0050113_ses-1/label/rh.cortex.label
Ripping rh vertices labeled not in rh.cortex.label
  ripped 7513 vertices from rh hemi
Loading /out/sourcedata/freesurfer/sub-v1s12x0050113_ses-1/label/rh.aparc.DKTatlas.annot
Done loading
176  80 112  32  96 160 144  16 240   0 192  48  64 208 128 224  17 209   1 225  49 241  33  18 210   2 242  50 226  34  19 
211 243   3  51  35 227  20  65 212 244  36   4  52 228  66 213 245  37   5  53 229  67 214 246  38  54   6 230  68  39 
247  55   7  69 231  21  40 248   8  56 232  22  41   9  57 249  23 233  42  70  10  58 250 215  43 234  11  59 
251  44 216 235  12  60  24 252  45 217  13 236  61  25 253  46 218  26  14 237  62 254  47 219 
 27  15 238  63 255  28 220 239 
 71 221  29  30 222  31 223 193  72 194 195 196 197 198 199 
200 201 202 203 204 205 206 207  73  74  75 145 113 129  81 161  76 177  97 146 130  77  82 114 162  78 131 147 178  83  79 
 98 115 132 148 163 133  84 116 179 
149  99 
134 164 117  85 150 135 180 118 165 100 136 151  86 181 119 
152 137 166 101  87 153 120 182 138  88 102 167 154 121 183 139 
155 103  89 184 168 122 156 140 104 185  90 169 123 157 186 141 105 187 142 170 158  91 124 188 106 143 189 159 
107 171 190  92 125 191 108 172 109  93 126 110 173  94 111 127 174  95 175 
nrelabeled = 444671
ndotcheck = 31716
Starting Surf2VolSeg free
free done
#VMPC# mri_surf2volseg VmPeak  1895908
mri_surf2volseg done
#-----------------------------------------
#@# WMParc Sat Apr  4 13:37:40 CEST 2026
/out/sourcedata/freesurfer/sub-v1s12x0050113_ses-1/mri

 mri_surf2volseg --o wmparc.mgz --label-wm --i aparc+aseg.mgz --threads 16 --lh-annot /out/sourcedata/freesurfer/sub-v1s12x0050113_ses-1/label/lh.aparc.annot 3000 --lh-cortex-mask /out/sourcedata/freesurfer/sub-v1s12x0050113_ses-1/label/lh.cortex.label --lh-white /out/sourcedata/freesurfer/sub-v1s12x0050113_ses-1/surf/lh.white --lh-pial /out/sourcedata/freesurfer/sub-v1s12x0050113_ses-1/surf/lh.pial --rh-annot /out/sourcedata/freesurfer/sub-v1s12x0050113_ses-1/label/rh.aparc.annot 4000 --rh-cortex-mask /out/sourcedata/freesurfer/sub-v1s12x0050113_ses-1/label/rh.cortex.label --rh-white /out/sourcedata/freesurfer/sub-v1s12x0050113_ses-1/surf/rh.white --rh-pial /out/sourcedata/freesurfer/sub-v1s12x0050113_ses-1/surf/rh.pial 

SUBJECTS_DIR /out/sourcedata/freesurfer
outvol wmparc.mgz
16 avail.processors, using 16
Loading aparc+aseg.mgz
Loading /out/sourcedata/freesurfer/sub-v1s12x0050113_ses-1/surf/lh.white
Loading /out/sourcedata/freesurfer/sub-v1s12x0050113_ses-1/surf/lh.pial
Loading /out/sourcedata/freesurfer/sub-v1s12x0050113_ses-1/label/lh.cortex.label
Ripping lh vertices labeled not in lh.cortex.label
  ripped 7941 vertices from lh hemi
Loading /out/sourcedata/freesurfer/sub-v1s12x0050113_ses-1/label/lh.aparc.annot
Loading /out/sourcedata/freesurfer/sub-v1s12x0050113_ses-1/surf/rh.white
Loading /out/sourcedata/freesurfer/sub-v1s12x0050113_ses-1/surf/rh.pial
Loading /out/sourcedata/freesurfer/sub-v1s12x0050113_ses-1/label/rh.cortex.label
Ripping rh vertices labeled not in rh.cortex.label
  ripped 7513 vertices from rh hemi
Loading /out/sourcedata/freesurfer/sub-v1s12x0050113_ses-1/label/rh.aparc.annot
Done loading
  0  48  96  64  80  16 160 112 208 224 176 128 144 240  32 192 241  17  49  33   1 225 209  65 242  50  18 193  34   2 226 210  66  51  19 
 35   3 243 194 227  52  20 211  67  36   4  53  21 244 228 195  37   5  68  54 212  22 229 245 196  38  55   6  23  69 213 230  56   7  24  39 
246 197  57 231  25  70   8 214  40  58 247  26 198 232   9  41  71  59 
215  27 233 248  10  60 199 
 42  28  72 216  11 234 249  61  29  43 200  12 235 217 250  44  30  62 201  13 236  31 218  45 251  63  73  14 202 237  46 219 
 15 252 203 238  47 220 253 204 239 
221 254 205 255 222 206 223 207  74  81  75  76 129  82  77 177  78  97  79 
 83 130 145  84 178 131 113 161 132 133  85  98 179 
134  86 135 180  99 
136 114 146  87 162 181  88 137 100 182 115  89 163 183 138 101 184 147  90 185 186 139 
116 164 187 188  91 189 102 190 191 140 165 148  92 117 103  93 166 141 118 104 149  94 167 142 105 119 
 95 168 150 106 143 169 120 121 170 107 151 122 171 108 123 152 172 124 173 109 125 153 174 126 110 175 127 154 111 155 156 157 158 159 

nrelabeled = 428399
ndotcheck = 4098
Starting Surf2VolSeg free
free done
#VMPC# mri_surf2volseg VmPeak  1895908
mri_surf2volseg done

 mri_segstats --seed 1234 --seg mri/wmparc.mgz --sum stats/wmparc.stats --pv mri/norm.mgz --excludeid 0 --brainmask mri/brainmask.mgz --in mri/norm.mgz --in-intensity-name norm --in-intensity-units MR --subject sub-v1s12x0050113_ses-1 --surf-wm-vol --ctab /opt/freesurfer/WMParcStatsLUT.txt --etiv 

setting seed for random number genererator to 1234

7.3.2
cwd 
cmdline mri_segstats --seed 1234 --seg mri/wmparc.mgz --sum stats/wmparc.stats --pv mri/norm.mgz --excludeid 0 --brainmask mri/brainmask.mgz --in mri/norm.mgz --in-intensity-name norm --in-intensity-units MR --subject sub-v1s12x0050113_ses-1 --surf-wm-vol --ctab /opt/freesurfer/WMParcStatsLUT.txt --etiv 
sysname  Linux
hostname dna070
machine  x86_64
user     oesteban
whitesurfname  white
UseRobust  0
atlas_icv (eTIV) = 1397333 mm^3    (det: 1.394159 )
Loading mri/wmparc.mgz
Getting Brain Volume Statistics
Loading mri/norm.mgz
Loading mri/norm.mgz
Voxel Volume is 1 mm^3
Generating list of segmentation ids
Found 390 segmentations
Computing statistics for each segmentation

Reporting on  70 segmentations
Using PrintSegStat
mri_segstats done
#--------------------------------------------
#@# ASeg Stats Sat Apr  4 13:39:36 CEST 2026
/out/sourcedata/freesurfer/sub-v1s12x0050113_ses-1

 mri_segstats --seed 1234 --seg mri/aseg.mgz --sum stats/aseg.stats --pv mri/norm.mgz --empty --brainmask mri/brainmask.mgz --brain-vol-from-seg --excludeid 0 --excl-ctxgmwm --supratent --subcortgray --in mri/norm.mgz --in-intensity-name norm --in-intensity-units MR --etiv --surf-wm-vol --surf-ctx-vol --totalgray --euler --ctab /opt/freesurfer/ASegStatsLUT.txt --subject sub-v1s12x0050113_ses-1 

setting seed for random number genererator to 1234

7.3.2
cwd 
cmdline mri_segstats --seed 1234 --seg mri/aseg.mgz --sum stats/aseg.stats --pv mri/norm.mgz --empty --brainmask mri/brainmask.mgz --brain-vol-from-seg --excludeid 0 --excl-ctxgmwm --supratent --subcortgray --in mri/norm.mgz --in-intensity-name norm --in-intensity-units MR --etiv --surf-wm-vol --surf-ctx-vol --totalgray --euler --ctab /opt/freesurfer/ASegStatsLUT.txt --subject sub-v1s12x0050113_ses-1 
sysname  Linux
hostname dna070
machine  x86_64
user     oesteban
whitesurfname  white
UseRobust  0
atlas_icv (eTIV) = 1397333 mm^3    (det: 1.394159 )
Computing euler number
orig.nofix lheno =  -26, rheno = -24
orig.nofix lhholes =   14, rhholes = 13
Loading mri/aseg.mgz
Getting Brain Volume Statistics
Loading mri/norm.mgz
Loading mri/norm.mgz
Voxel Volume is 1 mm^3
Generating list of segmentation ids
Found  50 segmentations
Computing statistics for each segmentation

Reporting on  45 segmentations
Using PrintSegStat
mri_segstats done

Started at Sat Apr 4 13:36:30 CEST 2026 
Ended   at Sat Apr 4 13:39:55 CEST 2026
#@#%# recon-all-run-time-hours 0.057
recon-all -s sub-v1s12x0050113_ses-1 finished without error at Sat Apr  4 13:39:55 CEST 2026
