
Sat Apr  4 13:10:48 CEST 2026
cd /out/sourcedata/freesurfer/sub-v1s12x0050113_ses-1
setenv SUBJECTS_DIR /out/sourcedata/freesurfer
/opt/freesurfer/bin/recon-all -autorecon-hemi rh -noparcstats -noparcstats2 -noparcstats3 -nohyporelabel -nobalabels -rh-only -openmp 16 -subjid sub-v1s12x0050113_ses-1 -sd /out/sourcedata/freesurfer

subjid sub-v1s12x0050113_ses-1
setenv SUBJECTS_DIR /out/sourcedata/freesurfer
FREESURFER_HOME /opt/freesurfer
Actual FREESURFER_HOME /opt/freesurfer
build-stamp.txt: freesurfer-linux-ubuntu22_x86_64-7.3.2-20220804-6354275
Linux dna070 5.14.0-427.37.1.el9_4.x86_64 #1 SMP PREEMPT_DYNAMIC Fri Sep 13 12:41:50 EDT 2024 x86_64 x86_64 x86_64 GNU/Linux
cputime      unlimited
filesize     unlimited
datasize     unlimited
stacksize    8192 kbytes
coredumpsize 0 kbytes
memoryuse    67108864 kbytes
vmemoryuse   unlimited
descriptors  1024 
memorylocked unlimited
maxproc      2061970 
maxlocks     unlimited
maxsignal    2062029 
maxmessage   819200 
maxnice      0 
maxrtprio    0 
maxrttime    unlimited

               total        used        free      shared  buff/cache   available
Mem:           503Gi        48Gi       282Gi        16Gi       171Gi       435Gi
Swap:             0B          0B          0B

########################################
program versions used
7.3.2 (freesurfer-linux-ubuntu22_x86_64-7.3.2-20220804-6354275)
7.3.2

ProgramName: lta_convert  ProgramArguments: lta_convert -all-info  ProgramVersion: 7.3.2  TimeStamp: 2026/04/04-11:10:48-GMT  BuildTime: Aug  4 2022 06:17:15  BuildStamp: freesurfer-linux-ubuntu22_x86_64-7.3.2-20220804-6354275  User: oesteban  Machine: dna070  Platform: Linux  PlatformVersion: 5.14.0-427.37.1.el9_4.x86_64  CompilerName: GCC  CompilerVersion: 8.4.0
ProgramName: mri_and  ProgramArguments: mri_and -all-info  ProgramVersion: 7.3.2  TimeStamp: 2026/04/04-11:10:48-GMT  BuildTime: Aug  4 2022 06:17:15  BuildStamp: freesurfer-linux-ubuntu22_x86_64-7.3.2-20220804-6354275  User: oesteban  Machine: dna070  Platform: Linux  PlatformVersion: 5.14.0-427.37.1.el9_4.x86_64  CompilerName: GCC  CompilerVersion: 8.4.0
ProgramName: mri_annotation2label  ProgramArguments: mri_annotation2label -all-info  ProgramVersion: 7.3.2  TimeStamp: 2026/04/04-11:10:48-GMT  BuildTime: Aug  4 2022 06:17:15  BuildStamp: freesurfer-linux-ubuntu22_x86_64-7.3.2-20220804-6354275  User: oesteban  Machine: dna070  Platform: Linux  PlatformVersion: 5.14.0-427.37.1.el9_4.x86_64  CompilerName: GCC  CompilerVersion: 8.4.0
ProgramName: mri_aparc2aseg  ProgramArguments: mri_aparc2aseg -all-info  ProgramVersion: 7.3.2  TimeStamp: 2026/04/04-11:10:48-GMT  BuildTime: Aug  4 2022 06:17:15  BuildStamp: freesurfer-linux-ubuntu22_x86_64-7.3.2-20220804-6354275  User: oesteban  Machine: dna070  Platform: Linux  PlatformVersion: 5.14.0-427.37.1.el9_4.x86_64  CompilerName: GCC  CompilerVersion: 8.4.0
ProgramName: mri_surf2volseg  ProgramArguments: mri_surf2volseg -all-info  ProgramVersion: 7.3.2  TimeStamp: 2026/04/04-11:10:48-GMT  BuildTime: Aug  4 2022 06:17:15  BuildStamp: freesurfer-linux-ubuntu22_x86_64-7.3.2-20220804-6354275  User: oesteban  Machine: dna070  Platform: Linux  PlatformVersion: 5.14.0-427.37.1.el9_4.x86_64  CompilerName: GCC  CompilerVersion: 8.4.0
ProgramName: mri_binarize  ProgramArguments: mri_binarize -all-info  ProgramVersion: 7.3.2  TimeStamp: 2026/04/04-11:10:48-GMT  BuildTime: Aug  4 2022 06:17:15  BuildStamp: freesurfer-linux-ubuntu22_x86_64-7.3.2-20220804-6354275  User: oesteban  Machine: dna070  Platform: Linux  PlatformVersion: 5.14.0-427.37.1.el9_4.x86_64  CompilerName: GCC  CompilerVersion: 8.4.0
ProgramName: mri_ca_label  ProgramArguments: mri_ca_label -all-info  ProgramVersion: 7.3.2  TimeStamp: 2026/04/04-11:10:48-GMT  BuildTime: Aug  4 2022 06:17:15  BuildStamp: freesurfer-linux-ubuntu22_x86_64-7.3.2-20220804-6354275  User: oesteban  Machine: dna070  Platform: Linux  PlatformVersion: 5.14.0-427.37.1.el9_4.x86_64  CompilerName: GCC  CompilerVersion: 8.4.0
ProgramName: mri_ca_normalize  ProgramArguments: mri_ca_normalize -all-info  ProgramVersion: 7.3.2  TimeStamp: 2026/04/04-11:10:48-GMT  BuildTime: Aug  4 2022 06:17:15  BuildStamp: freesurfer-linux-ubuntu22_x86_64-7.3.2-20220804-6354275  User: oesteban  Machine: dna070  Platform: Linux  PlatformVersion: 5.14.0-427.37.1.el9_4.x86_64  CompilerName: GCC  CompilerVersion: 8.4.0
ProgramName: mri_ca_register  ProgramArguments: mri_ca_register -all-info  ProgramVersion: 7.3.2  TimeStamp: 2026/04/04-11:10:48-GMT  BuildTime: Aug  4 2022 06:17:15  BuildStamp: freesurfer-linux-ubuntu22_x86_64-7.3.2-20220804-6354275  User: oesteban  Machine: dna070  Platform: Linux  PlatformVersion: 5.14.0-427.37.1.el9_4.x86_64  CompilerName: GCC  CompilerVersion: 8.4.0
ProgramName: mri_cc  ProgramArguments: mri_cc -all-info  ProgramVersion: 7.3.2  TimeStamp: 2026/04/04-11:10:48-GMT  BuildTime: Aug  4 2022 06:17:15  BuildStamp: freesurfer-linux-ubuntu22_x86_64-7.3.2-20220804-6354275  User: oesteban  Machine: dna070  Platform: Linux  PlatformVersion: 5.14.0-427.37.1.el9_4.x86_64  CompilerName: GCC  CompilerVersion: 8.4.0
ProgramName: mri_compute_overlap  ProgramArguments: mri_compute_overlap -all-info  ProgramVersion: 7.3.2  TimeStamp: 2026/04/04-11:10:48-GMT  BuildTime: Aug  4 2022 06:17:15  BuildStamp: freesurfer-linux-ubuntu22_x86_64-7.3.2-20220804-6354275  User: oesteban  Machine: dna070  Platform: Linux  PlatformVersion: 5.14.0-427.37.1.el9_4.x86_64  CompilerName: GCC  CompilerVersion: 8.4.0
ProgramName: mri_compute_seg_overlap  ProgramArguments: mri_compute_seg_overlap -all-info  ProgramVersion: 7.3.2  TimeStamp: 2026/04/04-11:10:48-GMT  BuildTime: Aug  4 2022 06:17:15  BuildStamp: freesurfer-linux-ubuntu22_x86_64-7.3.2-20220804-6354275  User: oesteban  Machine: dna070  Platform: Linux  PlatformVersion: 5.14.0-427.37.1.el9_4.x86_64  CompilerName: GCC  CompilerVersion: 8.4.0
ProgramName: mri_concat  ProgramArguments: mri_concat -all-info  ProgramVersion: 7.3.2  TimeStamp: 2026/04/04-11:10:48-GMT  BuildTime: Aug  4 2022 06:17:15  BuildStamp: freesurfer-linux-ubuntu22_x86_64-7.3.2-20220804-6354275  User: oesteban  Machine: dna070  Platform: Linux  PlatformVersion: 5.14.0-427.37.1.el9_4.x86_64  CompilerName: GCC  CompilerVersion: 8.4.0
ProgramName: mri_concatenate_lta  ProgramArguments: mri_concatenate_lta -all-info  ProgramVersion: 7.3.2  TimeStamp: 2026/04/04-11:10:48-GMT  BuildTime: Aug  4 2022 06:17:15  BuildStamp: freesurfer-linux-ubuntu22_x86_64-7.3.2-20220804-6354275  User: oesteban  Machine: dna070  Platform: Linux  PlatformVersion: 5.14.0-427.37.1.el9_4.x86_64  CompilerName: GCC  CompilerVersion: 8.4.0
mri_convert -all-info 
ProgramName: mri_convert  ProgramArguments: mri_convert -all-info  ProgramVersion: 7.3.2  TimeStamp: 2026/04/04-11:10:48-GMT  BuildTime: Aug  4 2022 06:17:15  BuildStamp: freesurfer-linux-ubuntu22_x86_64-7.3.2-20220804-6354275  User: oesteban  Machine: dna070  Platform: Linux  PlatformVersion: 5.14.0-427.37.1.el9_4.x86_64  CompilerName: GCC  CompilerVersion: 8.4.0
ProgramName: mri_diff  ProgramArguments: mri_diff -all-info  ProgramVersion: 7.3.2  TimeStamp: 2026/04/04-11:10:48-GMT  BuildTime: Aug  4 2022 06:17:15  BuildStamp: freesurfer-linux-ubuntu22_x86_64-7.3.2-20220804-6354275  User: oesteban  Machine: dna070  Platform: Linux  PlatformVersion: 5.14.0-427.37.1.el9_4.x86_64  CompilerName: GCC  CompilerVersion: 8.4.0
ProgramName: mri_edit_wm_with_aseg  ProgramArguments: mri_edit_wm_with_aseg -all-info  ProgramVersion: 7.3.2  TimeStamp: 2026/04/04-11:10:48-GMT  BuildTime: Aug  4 2022 06:17:15  BuildStamp: freesurfer-linux-ubuntu22_x86_64-7.3.2-20220804-6354275  User: oesteban  Machine: dna070  Platform: Linux  PlatformVersion: 5.14.0-427.37.1.el9_4.x86_64  CompilerName: GCC  CompilerVersion: 8.4.0
ProgramName: mri_em_register  ProgramArguments: mri_em_register -all-info  ProgramVersion: 7.3.2  TimeStamp: 2026/04/04-11:10:48-GMT  BuildTime: Aug  4 2022 06:17:15  BuildStamp: freesurfer-linux-ubuntu22_x86_64-7.3.2-20220804-6354275  User: oesteban  Machine: dna070  Platform: Linux  PlatformVersion: 5.14.0-427.37.1.el9_4.x86_64  CompilerName: GCC  CompilerVersion: 8.4.0
ProgramName: mri_fill  ProgramArguments: mri_fill -all-info  ProgramVersion: 7.3.2  TimeStamp: 2026/04/04-11:10:48-GMT  BuildTime: Aug  4 2022 06:17:15  BuildStamp: freesurfer-linux-ubuntu22_x86_64-7.3.2-20220804-6354275  User: oesteban  Machine: dna070  Platform: Linux  PlatformVersion: 5.14.0-427.37.1.el9_4.x86_64  CompilerName: GCC  CompilerVersion: 8.4.0
ProgramName: mri_fuse_segmentations  ProgramArguments: mri_fuse_segmentations -all-info  ProgramVersion: 7.3.2  TimeStamp: 2026/04/04-11:10:48-GMT  BuildTime: Aug  4 2022 06:17:15  BuildStamp: freesurfer-linux-ubuntu22_x86_64-7.3.2-20220804-6354275  User: oesteban  Machine: dna070  Platform: Linux  PlatformVersion: 5.14.0-427.37.1.el9_4.x86_64  CompilerName: GCC  CompilerVersion: 8.4.0
ProgramName: mri_fwhm  ProgramArguments: mri_fwhm -all-info  ProgramVersion: 7.3.2  TimeStamp: 2026/04/04-11:10:48-GMT  BuildTime: Aug  4 2022 06:17:15  BuildStamp: freesurfer-linux-ubuntu22_x86_64-7.3.2-20220804-6354275  User: oesteban  Machine: dna070  Platform: Linux  PlatformVersion: 5.14.0-427.37.1.el9_4.x86_64  CompilerName: GCC  CompilerVersion: 8.4.0
ProgramName: mri_gcut  ProgramArguments: mri_gcut -all-info  ProgramVersion: 7.3.2  TimeStamp: 2026/04/04-11:10:48-GMT  BuildTime: Aug  4 2022 06:17:15  BuildStamp: freesurfer-linux-ubuntu22_x86_64-7.3.2-20220804-6354275  User: oesteban  Machine: dna070  Platform: Linux  PlatformVersion: 5.14.0-427.37.1.el9_4.x86_64  CompilerName: GCC  CompilerVersion: 8.4.0
ProgramName: mri_info  ProgramArguments: mri_info -all-info  ProgramVersion: 7.3.2  TimeStamp: 2026/04/04-11:10:48-GMT  BuildTime: Aug  4 2022 06:17:15  BuildStamp: freesurfer-linux-ubuntu22_x86_64-7.3.2-20220804-6354275  User: oesteban  Machine: dna070  Platform: Linux  PlatformVersion: 5.14.0-427.37.1.el9_4.x86_64  CompilerName: GCC  CompilerVersion: 8.4.0
ProgramName: mri_label2label  ProgramArguments: mri_label2label -all-info  ProgramVersion: 7.3.2  TimeStamp: 2026/04/04-11:10:48-GMT  BuildTime: Aug  4 2022 06:17:15  BuildStamp: freesurfer-linux-ubuntu22_x86_64-7.3.2-20220804-6354275  User: oesteban  Machine: dna070  Platform: Linux  PlatformVersion: 5.14.0-427.37.1.el9_4.x86_64  CompilerName: GCC  CompilerVersion: 8.4.0
ProgramName: mri_label2vol  ProgramArguments: mri_label2vol -all-info  ProgramVersion: 7.3.2  TimeStamp: 2026/04/04-11:10:48-GMT  BuildTime: Aug  4 2022 06:17:15  BuildStamp: freesurfer-linux-ubuntu22_x86_64-7.3.2-20220804-6354275  User: oesteban  Machine: dna070  Platform: Linux  PlatformVersion: 5.14.0-427.37.1.el9_4.x86_64  CompilerName: GCC  CompilerVersion: 8.4.0
ProgramName: mri_log_likelihood  ProgramArguments: mri_log_likelihood -all-info  ProgramVersion: 7.3.2  TimeStamp: 2026/04/04-11:10:48-GMT  BuildTime: Aug  4 2022 06:17:15  BuildStamp: freesurfer-linux-ubuntu22_x86_64-7.3.2-20220804-6354275  User: oesteban  Machine: dna070  Platform: Linux  PlatformVersion: 5.14.0-427.37.1.el9_4.x86_64  CompilerName: GCC  CompilerVersion: 8.4.0
ProgramName: mri_mask  ProgramArguments: mri_mask -all-info  ProgramVersion: 7.3.2  TimeStamp: 2026/04/04-11:10:48-GMT  BuildTime: Aug  4 2022 06:17:15  BuildStamp: freesurfer-linux-ubuntu22_x86_64-7.3.2-20220804-6354275  User: oesteban  Machine: dna070  Platform: Linux  PlatformVersion: 5.14.0-427.37.1.el9_4.x86_64  CompilerName: GCC  CompilerVersion: 8.4.0
ProgramName: mri_matrix_multiply  ProgramArguments: mri_matrix_multiply -all-info  ProgramVersion: 7.3.2  TimeStamp: 2026/04/04-11:10:48-GMT  BuildTime: Aug  4 2022 06:17:15  BuildStamp: freesurfer-linux-ubuntu22_x86_64-7.3.2-20220804-6354275  User: oesteban  Machine: dna070  Platform: Linux  PlatformVersion: 5.14.0-427.37.1.el9_4.x86_64  CompilerName: GCC  CompilerVersion: 8.4.0
ProgramName: mri_normalize  ProgramArguments: mri_normalize -all-info  ProgramVersion: 7.3.2  TimeStamp: 2026/04/04-11:10:48-GMT  BuildTime: Aug  4 2022 06:17:15  BuildStamp: freesurfer-linux-ubuntu22_x86_64-7.3.2-20220804-6354275  User: oesteban  Machine: dna070  Platform: Linux  PlatformVersion: 5.14.0-427.37.1.el9_4.x86_64  CompilerName: GCC  CompilerVersion: 8.4.0
ProgramName: mri_normalize_tp2  ProgramArguments: mri_normalize_tp2 -all-info  ProgramVersion: 7.3.2  TimeStamp: 2026/04/04-11:10:48-GMT  BuildTime: Aug  4 2022 06:17:15  BuildStamp: freesurfer-linux-ubuntu22_x86_64-7.3.2-20220804-6354275  User: oesteban  Machine: dna070  Platform: Linux  PlatformVersion: 5.14.0-427.37.1.el9_4.x86_64  CompilerName: GCC  CompilerVersion: 8.4.0
ProgramName: mri_or  ProgramArguments: mri_or -all-info  ProgramVersion: 7.3.2  TimeStamp: 2026/04/04-11:10:48-GMT  BuildTime: Aug  4 2022 06:17:15  BuildStamp: freesurfer-linux-ubuntu22_x86_64-7.3.2-20220804-6354275  User: oesteban  Machine: dna070  Platform: Linux  PlatformVersion: 5.14.0-427.37.1.el9_4.x86_64  CompilerName: GCC  CompilerVersion: 8.4.0
ProgramName: mri_relabel_hypointensities  ProgramArguments: mri_relabel_hypointensities -all-info  ProgramVersion: 7.3.2  TimeStamp: 2026/04/04-11:10:48-GMT  BuildTime: Aug  4 2022 06:17:15  BuildStamp: freesurfer-linux-ubuntu22_x86_64-7.3.2-20220804-6354275  User: oesteban  Machine: dna070  Platform: Linux  PlatformVersion: 5.14.0-427.37.1.el9_4.x86_64  CompilerName: GCC  CompilerVersion: 8.4.0
ProgramName: mri_relabel_nonwm_hypos  ProgramArguments: mri_relabel_nonwm_hypos -all-info  ProgramVersion: 7.3.2  TimeStamp: 2026/04/04-11:10:48-GMT  BuildTime: Aug  4 2022 06:17:15  BuildStamp: freesurfer-linux-ubuntu22_x86_64-7.3.2-20220804-6354275  User: oesteban  Machine: dna070  Platform: Linux  PlatformVersion: 5.14.0-427.37.1.el9_4.x86_64  CompilerName: GCC  CompilerVersion: 8.4.0
ProgramName: mri_remove_neck  ProgramArguments: mri_remove_neck -all-info  ProgramVersion: 7.3.2  TimeStamp: 2026/04/04-11:10:48-GMT  BuildTime: Aug  4 2022 06:17:15  BuildStamp: freesurfer-linux-ubuntu22_x86_64-7.3.2-20220804-6354275  User: oesteban  Machine: dna070  Platform: Linux  PlatformVersion: 5.14.0-427.37.1.el9_4.x86_64  CompilerName: GCC  CompilerVersion: 8.4.0
7.3.2

ProgramName: mri_robust_register  ProgramArguments: mri_robust_register -all-info  ProgramVersion: 7.3.2  TimeStamp: 2026/04/04-11:10:48-GMT  BuildTime: Aug  4 2022 06:17:15  BuildStamp: freesurfer-linux-ubuntu22_x86_64-7.3.2-20220804-6354275  User: oesteban  Machine: dna070  Platform: Linux  PlatformVersion: 5.14.0-427.37.1.el9_4.x86_64  CompilerName: GCC  CompilerVersion: 8.4.0
7.3.2

ProgramName: mri_robust_template  ProgramArguments: mri_robust_template -all-info  ProgramVersion: 7.3.2  TimeStamp: 2026/04/04-11:10:48-GMT  BuildTime: Aug  4 2022 06:17:15  BuildStamp: freesurfer-linux-ubuntu22_x86_64-7.3.2-20220804-6354275  User: oesteban  Machine: dna070  Platform: Linux  PlatformVersion: 5.14.0-427.37.1.el9_4.x86_64  CompilerName: GCC  CompilerVersion: 8.4.0
ProgramName: mris_anatomical_stats  ProgramArguments: mris_anatomical_stats -all-info  ProgramVersion: 7.3.2  TimeStamp: 2026/04/04-11:10:48-GMT  BuildTime: Aug  4 2022 06:17:15  BuildStamp: freesurfer-linux-ubuntu22_x86_64-7.3.2-20220804-6354275  User: oesteban  Machine: dna070  Platform: Linux  PlatformVersion: 5.14.0-427.37.1.el9_4.x86_64  CompilerName: GCC  CompilerVersion: 8.4.0
ProgramName: mris_ca_label  ProgramArguments: mris_ca_label -all-info  ProgramVersion: 7.3.2  TimeStamp: 2026/04/04-11:10:48-GMT  BuildTime: Aug  4 2022 06:17:15  BuildStamp: freesurfer-linux-ubuntu22_x86_64-7.3.2-20220804-6354275  User: oesteban  Machine: dna070  Platform: Linux  PlatformVersion: 5.14.0-427.37.1.el9_4.x86_64  CompilerName: GCC  CompilerVersion: 8.4.0
ProgramName: mris_calc  ProgramArguments: mris_calc -all-info  ProgramVersion: 7.3.2  TimeStamp: 2026/04/04-11:10:48-GMT  BuildTime: Aug  4 2022 06:17:15  BuildStamp: freesurfer-linux-ubuntu22_x86_64-7.3.2-20220804-6354275  User: oesteban  Machine: dna070  Platform: Linux  PlatformVersion: 5.14.0-427.37.1.el9_4.x86_64  CompilerName: GCC  CompilerVersion: 8.4.0
ProgramName: mris_convert  ProgramArguments: mris_convert -all-info  ProgramVersion: 7.3.2  TimeStamp: 2026/04/04-11:10:48-GMT  BuildTime: Aug  4 2022 06:17:15  BuildStamp: freesurfer-linux-ubuntu22_x86_64-7.3.2-20220804-6354275  User: oesteban  Machine: dna070  Platform: Linux  PlatformVersion: 5.14.0-427.37.1.el9_4.x86_64  CompilerName: GCC  CompilerVersion: 8.4.0
ProgramName: mris_curvature  ProgramArguments: mris_curvature -all-info  ProgramVersion: 7.3.2  TimeStamp: 2026/04/04-11:10:48-GMT  BuildTime: Aug  4 2022 06:17:15  BuildStamp: freesurfer-linux-ubuntu22_x86_64-7.3.2-20220804-6354275  User: oesteban  Machine: dna070  Platform: Linux  PlatformVersion: 5.14.0-427.37.1.el9_4.x86_64  CompilerName: GCC  CompilerVersion: 8.4.0
ProgramName: mris_curvature_stats  ProgramArguments: mris_curvature_stats -all-info  ProgramVersion: 7.3.2  TimeStamp: 2026/04/04-11:10:48-GMT  BuildTime: Aug  4 2022 06:17:15  BuildStamp: freesurfer-linux-ubuntu22_x86_64-7.3.2-20220804-6354275  User: oesteban  Machine: dna070  Platform: Linux  PlatformVersion: 5.14.0-427.37.1.el9_4.x86_64  CompilerName: GCC  CompilerVersion: 8.4.0
ProgramName: mris_diff  ProgramArguments: mris_diff -all-info  ProgramVersion: 7.3.2  TimeStamp: 2026/04/04-11:10:48-GMT  BuildTime: Aug  4 2022 06:17:15  BuildStamp: freesurfer-linux-ubuntu22_x86_64-7.3.2-20220804-6354275  User: oesteban  Machine: dna070  Platform: Linux  PlatformVersion: 5.14.0-427.37.1.el9_4.x86_64  CompilerName: GCC  CompilerVersion: 8.4.0
ProgramName: mris_divide_parcellation  ProgramArguments: mris_divide_parcellation -all-info  ProgramVersion: 7.3.2  TimeStamp: 2026/04/04-11:10:48-GMT  BuildTime: Aug  4 2022 06:17:15  BuildStamp: freesurfer-linux-ubuntu22_x86_64-7.3.2-20220804-6354275  User: oesteban  Machine: dna070  Platform: Linux  PlatformVersion: 5.14.0-427.37.1.el9_4.x86_64  CompilerName: GCC  CompilerVersion: 8.4.0
ProgramName: mri_segment  ProgramArguments: mri_segment -all-info  ProgramVersion: 7.3.2  TimeStamp: 2026/04/04-11:10:48-GMT  BuildTime: Aug  4 2022 06:17:15  BuildStamp: freesurfer-linux-ubuntu22_x86_64-7.3.2-20220804-6354275  User: oesteban  Machine: dna070  Platform: Linux  PlatformVersion: 5.14.0-427.37.1.el9_4.x86_64  CompilerName: GCC  CompilerVersion: 8.4.0
ProgramName: mri_segstats  ProgramArguments: mri_segstats -all-info  ProgramVersion: 7.3.2  TimeStamp: 2026/04/04-11:10:48-GMT  BuildTime: Aug  4 2022 06:17:15  BuildStamp: freesurfer-linux-ubuntu22_x86_64-7.3.2-20220804-6354275  User: oesteban  Machine: dna070  Platform: Linux  PlatformVersion: 5.14.0-427.37.1.el9_4.x86_64  CompilerName: GCC  CompilerVersion: 8.4.0
ProgramName: mris_euler_number  ProgramArguments: mris_euler_number -all-info  ProgramVersion: 7.3.2  TimeStamp: 2026/04/04-11:10:48-GMT  BuildTime: Aug  4 2022 06:17:15  BuildStamp: freesurfer-linux-ubuntu22_x86_64-7.3.2-20220804-6354275  User: oesteban  Machine: dna070  Platform: Linux  PlatformVersion: 5.14.0-427.37.1.el9_4.x86_64  CompilerName: GCC  CompilerVersion: 8.4.0
ProgramName: mris_fix_topology  ProgramArguments: mris_fix_topology -all-info  ProgramVersion: 7.3.2  TimeStamp: 2026/04/04-11:10:48-GMT  BuildTime: Aug  4 2022 06:17:15  BuildStamp: freesurfer-linux-ubuntu22_x86_64-7.3.2-20220804-6354275  User: oesteban  Machine: dna070  Platform: Linux  PlatformVersion: 5.14.0-427.37.1.el9_4.x86_64  CompilerName: GCC  CompilerVersion: 8.4.0
ProgramName: mris_topo_fixer  ProgramArguments: mris_topo_fixer -all-info  ProgramVersion: 7.3.2  TimeStamp: 2026/04/04-11:10:48-GMT  BuildTime: Aug  4 2022 06:17:15  BuildStamp: freesurfer-linux-ubuntu22_x86_64-7.3.2-20220804-6354275  User: oesteban  Machine: dna070  Platform: Linux  PlatformVersion: 5.14.0-427.37.1.el9_4.x86_64  CompilerName: GCC  CompilerVersion: 8.4.0
ProgramName: mris_jacobian  ProgramArguments: mris_jacobian -all-info  ProgramVersion: 7.3.2  TimeStamp: 2026/04/04-11:10:48-GMT  BuildTime: Aug  4 2022 06:17:15  BuildStamp: freesurfer-linux-ubuntu22_x86_64-7.3.2-20220804-6354275  User: oesteban  Machine: dna070  Platform: Linux  PlatformVersion: 5.14.0-427.37.1.el9_4.x86_64  CompilerName: GCC  CompilerVersion: 8.4.0
ProgramName: mris_label2annot  ProgramArguments: mris_label2annot -all-info  ProgramVersion: 7.3.2  TimeStamp: 2026/04/04-11:10:48-GMT  BuildTime: Aug  4 2022 06:17:15  BuildStamp: freesurfer-linux-ubuntu22_x86_64-7.3.2-20220804-6354275  User: oesteban  Machine: dna070  Platform: Linux  PlatformVersion: 5.14.0-427.37.1.el9_4.x86_64  CompilerName: GCC  CompilerVersion: 8.4.0
ProgramName: mris_left_right_register  ProgramArguments: mris_left_right_register -all-info  ProgramVersion: 7.3.2  TimeStamp: 2026/04/04-11:10:48-GMT  BuildTime: Aug  4 2022 06:17:15  BuildStamp: freesurfer-linux-ubuntu22_x86_64-7.3.2-20220804-6354275  User: oesteban  Machine: dna070  Platform: Linux  PlatformVersion: 5.14.0-427.37.1.el9_4.x86_64  CompilerName: GCC  CompilerVersion: 8.4.0
ProgramName: mris_place_surface  ProgramArguments: mris_place_surface -all-info  ProgramVersion: 7.3.2  TimeStamp: 2026/04/04-11:10:48-GMT  BuildTime: Aug  4 2022 06:17:15  BuildStamp: freesurfer-linux-ubuntu22_x86_64-7.3.2-20220804-6354275  User: oesteban  Machine: dna070  Platform: Linux  PlatformVersion: 5.14.0-427.37.1.el9_4.x86_64  CompilerName: GCC  CompilerVersion: 8.4.0
ProgramName: mrisp_paint  ProgramArguments: mrisp_paint -all-info  ProgramVersion: 7.3.2  TimeStamp: 2026/04/04-11:10:48-GMT  BuildTime: Aug  4 2022 06:17:15  BuildStamp: freesurfer-linux-ubuntu22_x86_64-7.3.2-20220804-6354275  User: oesteban  Machine: dna070  Platform: Linux  PlatformVersion: 5.14.0-427.37.1.el9_4.x86_64  CompilerName: GCC  CompilerVersion: 8.4.0
ProgramName: mris_register  ProgramArguments: mris_register -all-info  ProgramVersion: 7.3.2  TimeStamp: 2026/04/04-11:10:48-GMT  BuildTime: Aug  4 2022 06:17:15  BuildStamp: freesurfer-linux-ubuntu22_x86_64-7.3.2-20220804-6354275  User: oesteban  Machine: dna070  Platform: Linux  PlatformVersion: 5.14.0-427.37.1.el9_4.x86_64  CompilerName: GCC  CompilerVersion: 8.4.0
ProgramName: mris_smooth  ProgramArguments: mris_smooth -all-info  ProgramVersion: 7.3.2  TimeStamp: 2026/04/04-11:10:48-GMT  BuildTime: Aug  4 2022 06:17:15  BuildStamp: freesurfer-linux-ubuntu22_x86_64-7.3.2-20220804-6354275  User: oesteban  Machine: dna070  Platform: Linux  PlatformVersion: 5.14.0-427.37.1.el9_4.x86_64  CompilerName: GCC  CompilerVersion: 8.4.0
ProgramName: mris_sphere  ProgramArguments: mris_sphere -all-info  ProgramVersion: 7.3.2  TimeStamp: 2026/04/04-11:10:48-GMT  BuildTime: Aug  4 2022 06:17:15  BuildStamp: freesurfer-linux-ubuntu22_x86_64-7.3.2-20220804-6354275  User: oesteban  Machine: dna070  Platform: Linux  PlatformVersion: 5.14.0-427.37.1.el9_4.x86_64  CompilerName: GCC  CompilerVersion: 8.4.0
ProgramName: mris_surface_stats  ProgramArguments: mris_surface_stats -all-info  ProgramVersion: 7.3.2  TimeStamp: 2026/04/04-11:10:48-GMT  BuildTime: Aug  4 2022 06:17:15  BuildStamp: freesurfer-linux-ubuntu22_x86_64-7.3.2-20220804-6354275  User: oesteban  Machine: dna070  Platform: Linux  PlatformVersion: 5.14.0-427.37.1.el9_4.x86_64  CompilerName: GCC  CompilerVersion: 8.4.0
ProgramName: mri_stats2seg  ProgramArguments: mri_stats2seg -all-info  ProgramVersion: 7.3.2  TimeStamp: 2026/04/04-11:10:48-GMT  BuildTime: Aug  4 2022 06:17:15  BuildStamp: freesurfer-linux-ubuntu22_x86_64-7.3.2-20220804-6354275  User: oesteban  Machine: dna070  Platform: Linux  PlatformVersion: 5.14.0-427.37.1.el9_4.x86_64  CompilerName: GCC  CompilerVersion: 8.4.0
ProgramName: mris_thickness  ProgramArguments: mris_thickness -all-info  ProgramVersion: 7.3.2  TimeStamp: 2026/04/04-11:10:48-GMT  BuildTime: Aug  4 2022 06:17:15  BuildStamp: freesurfer-linux-ubuntu22_x86_64-7.3.2-20220804-6354275  User: oesteban  Machine: dna070  Platform: Linux  PlatformVersion: 5.14.0-427.37.1.el9_4.x86_64  CompilerName: GCC  CompilerVersion: 8.4.0
ProgramName: mris_thickness_diff  ProgramArguments: mris_thickness_diff -all-info  ProgramVersion: 7.3.2  TimeStamp: 2026/04/04-11:10:48-GMT  BuildTime: Aug  4 2022 06:17:15  BuildStamp: freesurfer-linux-ubuntu22_x86_64-7.3.2-20220804-6354275  User: oesteban  Machine: dna070  Platform: Linux  PlatformVersion: 5.14.0-427.37.1.el9_4.x86_64  CompilerName: GCC  CompilerVersion: 8.4.0
ProgramName: mris_topo_fixer  ProgramArguments: mris_topo_fixer -all-info  ProgramVersion: 7.3.2  TimeStamp: 2026/04/04-11:10:48-GMT  BuildTime: Aug  4 2022 06:17:15  BuildStamp: freesurfer-linux-ubuntu22_x86_64-7.3.2-20220804-6354275  User: oesteban  Machine: dna070  Platform: Linux  PlatformVersion: 5.14.0-427.37.1.el9_4.x86_64  CompilerName: GCC  CompilerVersion: 8.4.0
ProgramName: mri_surf2surf  ProgramArguments: mri_surf2surf -all-info  ProgramVersion: 7.3.2  TimeStamp: 2026/04/04-11:10:48-GMT  BuildTime: Aug  4 2022 06:17:15  BuildStamp: freesurfer-linux-ubuntu22_x86_64-7.3.2-20220804-6354275  User: oesteban  Machine: dna070  Platform: Linux  PlatformVersion: 5.14.0-427.37.1.el9_4.x86_64  CompilerName: GCC  CompilerVersion: 8.4.0
ProgramName: mri_surf2vol  ProgramArguments: mri_surf2vol -all-info  ProgramVersion: 7.3.2  TimeStamp: 2026/04/04-11:10:48-GMT  BuildTime: Aug  4 2022 06:17:15  BuildStamp: freesurfer-linux-ubuntu22_x86_64-7.3.2-20220804-6354275  User: oesteban  Machine: dna070  Platform: Linux  PlatformVersion: 5.14.0-427.37.1.el9_4.x86_64  CompilerName: GCC  CompilerVersion: 8.4.0
ProgramName: mri_surfcluster  ProgramArguments: mri_surfcluster -all-info  ProgramVersion: 7.3.2  TimeStamp: 2026/04/04-11:10:48-GMT  BuildTime: Aug  4 2022 06:17:15  BuildStamp: freesurfer-linux-ubuntu22_x86_64-7.3.2-20220804-6354275  User: oesteban  Machine: dna070  Platform: Linux  PlatformVersion: 5.14.0-427.37.1.el9_4.x86_64  CompilerName: GCC  CompilerVersion: 8.4.0
ProgramName: mris_volmask  ProgramArguments: mris_volmask -all-info  ProgramVersion: 7.3.2  TimeStamp: 2026/04/04-11:10:48-GMT  BuildTime: Aug  4 2022 06:17:15  BuildStamp: freesurfer-linux-ubuntu22_x86_64-7.3.2-20220804-6354275  User: oesteban  Machine: dna070  Platform: Linux  PlatformVersion: 5.14.0-427.37.1.el9_4.x86_64  CompilerName: GCC  CompilerVersion: 8.4.0
ProgramName: mri_tessellate  ProgramArguments: mri_tessellate -all-info  ProgramVersion: 7.3.2  TimeStamp: 2026/04/04-11:10:48-GMT  BuildTime: Aug  4 2022 06:17:15  BuildStamp: freesurfer-linux-ubuntu22_x86_64-7.3.2-20220804-6354275  User: oesteban  Machine: dna070  Platform: Linux  PlatformVersion: 5.14.0-427.37.1.el9_4.x86_64  CompilerName: GCC  CompilerVersion: 8.4.0
ProgramName: mri_vol2surf  ProgramArguments: mri_vol2surf -all-info  ProgramVersion: 7.3.2  TimeStamp: 2026/04/04-11:10:48-GMT  BuildTime: Aug  4 2022 06:17:15  BuildStamp: freesurfer-linux-ubuntu22_x86_64-7.3.2-20220804-6354275  User: oesteban  Machine: dna070  Platform: Linux  PlatformVersion: 5.14.0-427.37.1.el9_4.x86_64  CompilerName: GCC  CompilerVersion: 8.4.0
ProgramName: mri_vol2vol  ProgramArguments: mri_vol2vol -all-info  ProgramVersion: 7.3.2  TimeStamp: 2026/04/04-11:10:48-GMT  BuildTime: Aug  4 2022 06:17:15  BuildStamp: freesurfer-linux-ubuntu22_x86_64-7.3.2-20220804-6354275  User: oesteban  Machine: dna070  Platform: Linux  PlatformVersion: 5.14.0-427.37.1.el9_4.x86_64  CompilerName: GCC  CompilerVersion: 8.4.0
ProgramName: mri_voldiff  ProgramArguments: mri_voldiff -all-info  ProgramVersion: 7.3.2  TimeStamp: 2026/04/04-11:10:48-GMT  BuildTime: Aug  4 2022 06:17:15  BuildStamp: freesurfer-linux-ubuntu22_x86_64-7.3.2-20220804-6354275  User: oesteban  Machine: dna070  Platform: Linux  PlatformVersion: 5.14.0-427.37.1.el9_4.x86_64  CompilerName: GCC  CompilerVersion: 8.4.0
ProgramName: mri_watershed  ProgramArguments: mri_watershed -all-info  ProgramVersion: 7.3.2  TimeStamp: 2026/04/04-11:10:48-GMT  BuildTime: Aug  4 2022 06:17:15  BuildStamp: freesurfer-linux-ubuntu22_x86_64-7.3.2-20220804-6354275  User: oesteban  Machine: dna070  Platform: Linux  PlatformVersion: 5.14.0-427.37.1.el9_4.x86_64  CompilerName: GCC  CompilerVersion: 8.4.0
ProgramName: tkregister2  ProgramArguments: tkregister2_cmdl -all-info  ProgramVersion: 7.3.2  TimeStamp: 2026/04/04-11:10:48-GMT  BuildTime: Aug  4 2022 06:17:15  BuildStamp: freesurfer-linux-ubuntu22_x86_64-7.3.2-20220804-6354275  User: oesteban  Machine: dna070  Platform: Linux  PlatformVersion: 5.14.0-427.37.1.el9_4.x86_64  CompilerName: GCC  CompilerVersion: 8.4.0
mri_motion_correct.fsl 7.3.2
mri_convert -all-info 
ProgramName: mri_convert  ProgramArguments: mri_convert -all-info  ProgramVersion: 7.3.2  TimeStamp: 2026/04/04-11:10:48-GMT  BuildTime: Aug  4 2022 06:17:15  BuildStamp: freesurfer-linux-ubuntu22_x86_64-7.3.2-20220804-6354275  User: oesteban  Machine: dna070  Platform: Linux  PlatformVersion: 5.14.0-427.37.1.el9_4.x86_64  CompilerName: GCC  CompilerVersion: 8.4.0
Program nu_correct, built from:
Package MNI N3, version 1.12.0, compiled by nicks@terrier (x86_64-unknown-linux-gnu) on 2015-06-19 at 01:25:34
#######################################
GCADIR /opt/freesurfer/average
GCA RB_all_2020-01-02.gca
GCASkull RB_all_withskull_2020_01_02.gca
AvgCurvTif folding.atlas.acfb40.noaparc.i12.2016-08-02.tif
GCSDIR /opt/freesurfer/average
GCS DKaparc.atlas.acfb40.noaparc.i12.2016-08-02.gcs
#######################################
#--------------------------------------------
#@# Tessellate rh Sat Apr  4 13:10:48 CEST 2026
/out/sourcedata/freesurfer/sub-v1s12x0050113_ses-1/scripts

 mri_pretess ../mri/filled.mgz 127 ../mri/norm.mgz ../mri/filled-pretess127.mgz 


Iteration Number : 1
pass   1 (xy+):   6 found -   6 modified     |    TOTAL:   6
pass   2 (xy+):   0 found -   6 modified     |    TOTAL:   6
pass   1 (xy-):   2 found -   2 modified     |    TOTAL:   8
pass   2 (xy-):   0 found -   2 modified     |    TOTAL:   8
pass   1 (yz+):   9 found -   9 modified     |    TOTAL:  17
pass   2 (yz+):   0 found -   9 modified     |    TOTAL:  17
pass   1 (yz-):   6 found -   6 modified     |    TOTAL:  23
pass   2 (yz-):   0 found -   6 modified     |    TOTAL:  23
pass   1 (xz+):   2 found -   2 modified     |    TOTAL:  25
pass   2 (xz+):   0 found -   2 modified     |    TOTAL:  25
pass   1 (xz-):   1 found -   1 modified     |    TOTAL:  26
pass   2 (xz-):   0 found -   1 modified     |    TOTAL:  26
Iteration Number : 1
pass   1 (+++):   0 found -   0 modified     |    TOTAL:   0
pass   1 (+++):   0 found -   0 modified     |    TOTAL:   0
pass   1 (+++):   0 found -   0 modified     |    TOTAL:   0
pass   1 (+++):   0 found -   0 modified     |    TOTAL:   0
Iteration Number : 1
pass   1 (++):   0 found -   0 modified     |    TOTAL:   0
pass   1 (+-):   0 found -   0 modified     |    TOTAL:   0
pass   1 (--):   1 found -   1 modified     |    TOTAL:   1
pass   2 (--):   0 found -   1 modified     |    TOTAL:   1
pass   1 (-+):   0 found -   0 modified     |    TOTAL:   1
Iteration Number : 2
pass   1 (xy+):   0 found -   0 modified     |    TOTAL:   0
pass   1 (xy-):   0 found -   0 modified     |    TOTAL:   0
pass   1 (yz+):   0 found -   0 modified     |    TOTAL:   0
pass   1 (yz-):   1 found -   1 modified     |    TOTAL:   1
pass   2 (yz-):   0 found -   1 modified     |    TOTAL:   1
pass   1 (xz+):   0 found -   0 modified     |    TOTAL:   1
pass   1 (xz-):   0 found -   0 modified     |    TOTAL:   1
Iteration Number : 2
pass   1 (+++):   0 found -   0 modified     |    TOTAL:   0
pass   1 (+++):   0 found -   0 modified     |    TOTAL:   0
pass   1 (+++):   0 found -   0 modified     |    TOTAL:   0
pass   1 (+++):   0 found -   0 modified     |    TOTAL:   0
Iteration Number : 2
pass   1 (++):   0 found -   0 modified     |    TOTAL:   0
pass   1 (+-):   0 found -   0 modified     |    TOTAL:   0
pass   1 (--):   0 found -   0 modified     |    TOTAL:   0
pass   1 (-+):   0 found -   0 modified     |    TOTAL:   0
Iteration Number : 3
pass   1 (xy+):   0 found -   0 modified     |    TOTAL:   0
pass   1 (xy-):   0 found -   0 modified     |    TOTAL:   0
pass   1 (yz+):   0 found -   0 modified     |    TOTAL:   0
pass   1 (yz-):   0 found -   0 modified     |    TOTAL:   0
pass   1 (xz+):   0 found -   0 modified     |    TOTAL:   0
pass   1 (xz-):   0 found -   0 modified     |    TOTAL:   0
Iteration Number : 3
pass   1 (+++):   0 found -   0 modified     |    TOTAL:   0
pass   1 (+++):   0 found -   0 modified     |    TOTAL:   0
pass   1 (+++):   0 found -   0 modified     |    TOTAL:   0
pass   1 (+++):   0 found -   0 modified     |    TOTAL:   0
Iteration Number : 3
pass   1 (++):   0 found -   0 modified     |    TOTAL:   0
pass   1 (+-):   0 found -   0 modified     |    TOTAL:   0
pass   1 (--):   0 found -   0 modified     |    TOTAL:   0
pass   1 (-+):   0 found -   0 modified     |    TOTAL:   0

Total Number of Modified Voxels = 28 (out of 245420: 0.011409)
Ambiguous edge configurations... 

mri_pretess done


 mri_tessellate ../mri/filled-pretess127.mgz 127 ../surf/rh.orig.nofix 

7.3.2
  7.3.2
slice 40: 3059 vertices, 3256 faces
slice 50: 9724 vertices, 9989 faces
slice 60: 18705 vertices, 19050 faces
slice 70: 28918 vertices, 29280 faces
slice 80: 39411 vertices, 39717 faces
slice 90: 49118 vertices, 49439 faces
slice 100: 59283 vertices, 59631 faces
slice 110: 69335 vertices, 69697 faces
slice 120: 78868 vertices, 79210 faces
slice 130: 87994 vertices, 88326 faces
slice 140: 96538 vertices, 96842 faces
slice 150: 104478 vertices, 104789 faces
slice 160: 111814 vertices, 112035 faces
slice 170: 117280 vertices, 117489 faces
slice 180: 121616 vertices, 121773 faces
slice 190: 124420 vertices, 124508 faces
slice 200: 125116 vertices, 125140 faces
slice 210: 125116 vertices, 125140 faces
slice 220: 125116 vertices, 125140 faces
slice 230: 125116 vertices, 125140 faces
slice 240: 125116 vertices, 125140 faces
slice 250: 125116 vertices, 125140 faces
using the conformed surface RAS to save vertex points...
writing ../surf/rh.orig.nofix
using vox2ras matrix:
-1.00000   0.00000   0.00000   128.00000;
 0.00000   0.00000   1.00000  -128.00000;
 0.00000  -1.00000   0.00000   128.00000;
 0.00000   0.00000   0.00000   1.00000;

 rm -f ../mri/filled-pretess127.mgz 


 mris_extract_main_component ../surf/rh.orig.nofix ../surf/rh.orig.nofix 


counting number of connected components...
   125116 voxel in cpt #1: X=-24 [v=125116,e=375420,f=250280] located at (22.282442, -23.566202, 11.666669)
For the whole surface: X=-24 [v=125116,e=375420,f=250280]
One single component has been found
nothing to do
done

#--------------------------------------------
#@# Smooth1 rh Sat Apr  4 13:10:51 CEST 2026
/out/sourcedata/freesurfer/sub-v1s12x0050113_ses-1/scripts

 mris_smooth -nw -seed 1234 ../surf/rh.orig.nofix ../surf/rh.smoothwm.nofix 

setting seed for random number generator to 1234
smoothing surface tessellation for 10 iterations...
smoothing complete - recomputing first and second fundamental forms...
#--------------------------------------------
#@# Inflation1 rh Sat Apr  4 13:10:53 CEST 2026
/out/sourcedata/freesurfer/sub-v1s12x0050113_ses-1/scripts

 mris_inflate -no-save-sulc ../surf/rh.smoothwm.nofix ../surf/rh.inflated.nofix 

Not saving sulc
Reading ../surf/rh.smoothwm.nofix
avg radius = 46.3 mm, total surface area = 67385 mm^2
step 000: RMS=0.149 (target=0.015)   step 005: RMS=0.112 (target=0.015)   step 010: RMS=0.083 (target=0.015)   step 015: RMS=0.069 (target=0.015)   step 020: RMS=0.060 (target=0.015)   step 025: RMS=0.052 (target=0.015)   step 030: RMS=0.046 (target=0.015)   step 035: RMS=0.043 (target=0.015)   step 040: RMS=0.040 (target=0.015)   step 045: RMS=0.038 (target=0.015)   step 050: RMS=0.038 (target=0.015)   step 055: RMS=0.038 (target=0.015)   step 060: RMS=0.038 (target=0.015)   writing inflated surface to ../surf/rh.inflated.nofix
inflation took 0.2 minutes

inflation complete.
Not saving sulc
mris_inflate utimesec    65.725204
mris_inflate stimesec    1.564215
mris_inflate ru_maxrss   199016
mris_inflate ru_ixrss    0
mris_inflate ru_idrss    0
mris_inflate ru_isrss    0
mris_inflate ru_minflt   476448
mris_inflate ru_majflt   7
mris_inflate ru_nswap    0
mris_inflate ru_inblock  0
mris_inflate ru_oublock  8808
mris_inflate ru_msgsnd   0
mris_inflate ru_msgrcv   0
mris_inflate ru_nsignals 0
mris_inflate ru_nvcsw    8245
mris_inflate ru_nivcsw   259
#--------------------------------------------
#@# QSphere rh Sat Apr  4 13:11:07 CEST 2026
/out/sourcedata/freesurfer/sub-v1s12x0050113_ses-1/scripts

 mris_sphere -q -p 6 -a 128 -seed 1234 ../surf/rh.inflated.nofix ../surf/rh.qsphere.nofix 

doing quick spherical unfolding.
limitting unfolding to 6 passes
using n_averages = 128
setting seed for random number genererator to 1234
version: 7.3.2
available threads: 16
scaling brain by 0.310...
inflating...
projecting onto sphere...
surface projected - minimizing metric distortion...
vertex spacing 1.03 +- 0.61 (0.00-->8.66) (max @ vno 50951 --> 52092)
face area 0.03 +- 0.03 (-0.23-->0.82)
Entering MRISinflateToSphere()
inflating to sphere (rms error < 2.00)
000: dt: 0.0000, rms radial error=177.150, avgs=0
005/300: dt: 0.9000, rms radial error=176.890, avgs=0
010/300: dt: 0.9000, rms radial error=176.332, avgs=0
015/300: dt: 0.9000, rms radial error=175.597, avgs=0
020/300: dt: 0.9000, rms radial error=174.763, avgs=0
025/300: dt: 0.9000, rms radial error=173.871, avgs=0
030/300: dt: 0.9000, rms radial error=172.947, avgs=0
035/300: dt: 0.9000, rms radial error=172.006, avgs=0
040/300: dt: 0.9000, rms radial error=171.057, avgs=0
045/300: dt: 0.9000, rms radial error=170.107, avgs=0
050/300: dt: 0.9000, rms radial error=169.160, avgs=0
055/300: dt: 0.9000, rms radial error=168.215, avgs=0
060/300: dt: 0.9000, rms radial error=167.274, avgs=0
065/300: dt: 0.9000, rms radial error=166.337, avgs=0
070/300: dt: 0.9000, rms radial error=165.405, avgs=0
075/300: dt: 0.9000, rms radial error=164.479, avgs=0
080/300: dt: 0.9000, rms radial error=163.559, avgs=0
085/300: dt: 0.9000, rms radial error=162.644, avgs=0
090/300: dt: 0.9000, rms radial error=161.734, avgs=0
095/300: dt: 0.9000, rms radial error=160.829, avgs=0
100/300: dt: 0.9000, rms radial error=159.928, avgs=0
105/300: dt: 0.9000, rms radial error=159.033, avgs=0
110/300: dt: 0.9000, rms radial error=158.142, avgs=0
115/300: dt: 0.9000, rms radial error=157.256, avgs=0
120/300: dt: 0.9000, rms radial error=156.374, avgs=0
125/300: dt: 0.9000, rms radial error=155.497, avgs=0
130/300: dt: 0.9000, rms radial error=154.625, avgs=0
135/300: dt: 0.9000, rms radial error=153.757, avgs=0
140/300: dt: 0.9000, rms radial error=152.894, avgs=0
145/300: dt: 0.9000, rms radial error=152.036, avgs=0
150/300: dt: 0.9000, rms radial error=151.183, avgs=0
155/300: dt: 0.9000, rms radial error=150.334, avgs=0
160/300: dt: 0.9000, rms radial error=149.489, avgs=0
165/300: dt: 0.9000, rms radial error=148.649, avgs=0
170/300: dt: 0.9000, rms radial error=147.814, avgs=0
175/300: dt: 0.9000, rms radial error=146.983, avgs=0
180/300: dt: 0.9000, rms radial error=146.157, avgs=0
185/300: dt: 0.9000, rms radial error=145.335, avgs=0
190/300: dt: 0.9000, rms radial error=144.518, avgs=0
195/300: dt: 0.9000, rms radial error=143.705, avgs=0
200/300: dt: 0.9000, rms radial error=142.897, avgs=0
205/300: dt: 0.9000, rms radial error=142.093, avgs=0
210/300: dt: 0.9000, rms radial error=141.293, avgs=0
215/300: dt: 0.9000, rms radial error=140.498, avgs=0
220/300: dt: 0.9000, rms radial error=139.708, avgs=0
225/300: dt: 0.9000, rms radial error=138.921, avgs=0
230/300: dt: 0.9000, rms radial error=138.139, avgs=0
235/300: dt: 0.9000, rms radial error=137.362, avgs=0
240/300: dt: 0.9000, rms radial error=136.588, avgs=0
245/300: dt: 0.9000, rms radial error=135.819, avgs=0
250/300: dt: 0.9000, rms radial error=135.054, avgs=0
255/300: dt: 0.9000, rms radial error=134.294, avgs=0
260/300: dt: 0.9000, rms radial error=133.538, avgs=0
265/300: dt: 0.9000, rms radial error=132.786, avgs=0
270/300: dt: 0.9000, rms radial error=132.038, avgs=0
275/300: dt: 0.9000, rms radial error=131.294, avgs=0
280/300: dt: 0.9000, rms radial error=130.554, avgs=0
285/300: dt: 0.9000, rms radial error=129.819, avgs=0
290/300: dt: 0.9000, rms radial error=129.087, avgs=0
295/300: dt: 0.9000, rms radial error=128.360, avgs=0
300/300: dt: 0.9000, rms radial error=127.637, avgs=0

spherical inflation complete.
epoch 1 (K=10.0), pass 1, starting sse = 14599.48
taking momentum steps...
taking momentum steps...
taking momentum steps...
taking momentum steps...
pass 1 complete, delta sse/iter = 0.00/13 = 0.00036
epoch 2 (K=40.0), pass 1, starting sse = 2376.42
taking momentum steps...
taking momentum steps...
taking momentum steps...
taking momentum steps...
pass 1 complete, delta sse/iter = 0.00/13 = 0.00030
epoch 3 (K=160.0), pass 1, starting sse = 231.23
taking momentum steps...
taking momentum steps...
taking momentum steps...
taking momentum steps...
pass 1 complete, delta sse/iter = 0.07/13 = 0.00531
epoch 4 (K=640.0), pass 1, starting sse = 16.20
taking momentum steps...
taking momentum steps...
taking momentum steps...
taking momentum steps...
pass 1 complete, delta sse/iter = 0.20/21 = 0.00944
final distance error %100000.00
writing spherical brain to ../surf/rh.qsphere.nofix
spherical transformation took 0.0159 hours
FSRUNTIME@ mris_sphere  0.0159 hours 16 threads
#VMPC# mris_sphere VmPeak  1539592
mris_sphere done
#@# Fix Topology rh Sat Apr  4 13:12:04 CEST 2026

 mris_fix_topology -mgz -sphere qsphere.nofix -inflated inflated.nofix -orig orig.nofix -out orig.premesh -ga -seed 1234 sub-v1s12x0050113_ses-1 rh 

reading spherical homeomorphism from 'qsphere.nofix'
reading inflated coordinates from 'inflated.nofix'
reading original coordinates from 'orig.nofix'
using genetic algorithm with optimized parameters
setting seed for random number genererator to 1234

*************************************************************
Topology Correction Parameters
retessellation mode:           genetic search
number of patches/generation : 10
number of generations :        10
surface mri loglikelihood coefficient :         1.0
volume mri loglikelihood coefficient :          10.0
normal dot loglikelihood coefficient :          1.0
quadratic curvature loglikelihood coefficient : 1.0
volume resolution :                             2
eliminate vertices during search :              1
initial patch selection :                       1
select all defect vertices :                    0
ordering dependant retessellation:              0
use precomputed edge table :                    0
smooth retessellated patch :                    2
match retessellated patch :                     1
verbose mode :                                  0

*************************************************************
INFO: assuming .mgz format
writing corrected surface to 'orig.premesh'
7.3.2
  7.3.2
before topology correction, eno=-24 (nv=125116, nf=250280, ne=375420, g=13)
using quasi-homeomorphic spherical map to tessellate cortical surface...

Correction of the Topology
Finding true center and radius of Spherical Surface...done
Surface centered at (0,0,0) with radius 100.0 in 9 iterations
marking ambiguous vertices...
4167 ambiguous faces found in tessellation
segmenting defects...
21 defects found, arbitrating ambiguous regions...
analyzing neighboring defects...
21 defects to be corrected 
0 vertices coincident
reading input surface /out/sourcedata/freesurfer/sub-v1s12x0050113_ses-1/surf/rh.qsphere.nofix...
reading brain volume from brain...
reading wm segmentation from wm...
Reading original properties of orig.nofix
Reading vertex positions of inflated.nofix
Computing Initial Surface Statistics
      -face       loglikelihood: -9.0753  (-4.5377)
      -vertex     loglikelihood: -6.0819  (-3.0410)
      -normal dot loglikelihood: -3.6836  (-3.6836)
      -quad curv  loglikelihood: -5.9371  (-2.9686)
      Total Loglikelihood : -24.7779
CORRECTING DEFECT 0 (vertices=67, convex hull=57, v0=27564)
After retessellation of defect 0 (v0=27564), euler #=-16 (122624,367069,244429) : difference with theory (-18) = -2 
CORRECTING DEFECT 1 (vertices=662, convex hull=336, v0=49876)
After retessellation of defect 1 (v0=49876), euler #=-16 (122764,367681,244901) : difference with theory (-17) = -1 
CORRECTING DEFECT 2 (vertices=16, convex hull=47, v0=53935)
After retessellation of defect 2 (v0=53935), euler #=-15 (122773,367725,244937) : difference with theory (-16) = -1 
CORRECTING DEFECT 3 (vertices=56, convex hull=87, v0=54290)
After retessellation of defect 3 (v0=54290), euler #=-14 (122787,367800,244999) : difference with theory (-15) = -1 
CORRECTING DEFECT 4 (vertices=14, convex hull=36, v0=68147)
After retessellation of defect 4 (v0=68147), euler #=-13 (122790,367821,245018) : difference with theory (-14) = -1 
CORRECTING DEFECT 5 (vertices=16, convex hull=24, v0=70244)
After retessellation of defect 5 (v0=70244), euler #=-12 (122792,367835,245031) : difference with theory (-13) = -1 
CORRECTING DEFECT 6 (vertices=275, convex hull=332, v0=72115)
normal vector of length zero at vertex 123621 with 4 faces
After retessellation of defect 6 (v0=72115), euler #=-11 (122935,368414,245468) : difference with theory (-12) = -1 
CORRECTING DEFECT 7 (vertices=192, convex hull=75, v0=80282)
After retessellation of defect 7 (v0=80282), euler #=-10 (122958,368511,245543) : difference with theory (-11) = -1 
CORRECTING DEFECT 8 (vertices=10, convex hull=26, v0=81551)
After retessellation of defect 8 (v0=81551), euler #=-9 (122959,368525,245557) : difference with theory (-10) = -1 
CORRECTING DEFECT 9 (vertices=42, convex hull=77, v0=83808)
After retessellation of defect 9 (v0=83808), euler #=-8 (122981,368623,245634) : difference with theory (-9) = -1 
CORRECTING DEFECT 10 (vertices=37, convex hull=46, v0=86790)
After retessellation of defect 10 (v0=86790), euler #=-7 (123004,368712,245701) : difference with theory (-8) = -1 
CORRECTING DEFECT 11 (vertices=14, convex hull=20, v0=90268)
After retessellation of defect 11 (v0=90268), euler #=-6 (123008,368729,245715) : difference with theory (-7) = -1 
CORRECTING DEFECT 12 (vertices=131, convex hull=37, v0=91076)
After retessellation of defect 12 (v0=91076), euler #=-6 (123021,368784,245757) : difference with theory (-6) = 0 
CORRECTING DEFECT 13 (vertices=28, convex hull=48, v0=94438)
After retessellation of defect 13 (v0=94438), euler #=-5 (123033,368836,245798) : difference with theory (-5) = 0 
CORRECTING DEFECT 14 (vertices=41, convex hull=33, v0=94514)
After retessellation of defect 14 (v0=94514), euler #=-4 (123042,368871,245825) : difference with theory (-4) = 0 
CORRECTING DEFECT 15 (vertices=437, convex hull=66, v0=97080)
After retessellation of defect 15 (v0=97080), euler #=-3 (123053,368932,245876) : difference with theory (-3) = 0 
CORRECTING DEFECT 16 (vertices=215, convex hull=211, v0=107542)
After retessellation of defect 16 (v0=107542), euler #=-2 (123080,369116,246034) : difference with theory (-2) = 0 
CORRECTING DEFECT 17 (vertices=33, convex hull=40, v0=109992)
After retessellation of defect 17 (v0=109992), euler #=-1 (123088,369156,246067) : difference with theory (-1) = 0 
CORRECTING DEFECT 18 (vertices=104, convex hull=94, v0=112617)
After retessellation of defect 18 (v0=112617), euler #=0 (123121,369294,246173) : difference with theory (0) = 0 
CORRECTING DEFECT 19 (vertices=64, convex hull=60, v0=115120)
After retessellation of defect 19 (v0=115120), euler #=1 (123136,369367,246232) : difference with theory (1) = 0 
CORRECTING DEFECT 20 (vertices=44, convex hull=82, v0=120477)
After retessellation of defect 20 (v0=120477), euler #=2 (123160,369474,246316) : difference with theory (2) = 0 
computing original vertex metric properties...
storing new metric properties...
computing tessellation statistics...
vertex spacing 0.89 +- 0.22 (0.04-->8.39) (max @ vno 53764 --> 57446)
face area -nan +- -nan (1000.00-->-1.00)
performing soap bubble on retessellated vertices for 0 iterations...
vertex spacing 0.89 +- 0.22 (0.04-->8.39) (max @ vno 53764 --> 57446)
face area -nan +- -nan (1000.00-->-1.00)
tessellation finished, orienting corrected surface...
92 mutations (32.7%), 189 crossovers (67.3%), 191 vertices were eliminated
building final representation...
1956 vertices and 0 faces have been removed from triangulation
after topology correction, eno=2 (nv=123160, nf=246316, ne=369474, g=0)
writing corrected surface to /out/sourcedata/freesurfer/sub-v1s12x0050113_ses-1/surf/rh.orig.premesh...

0.000 % of the vertices (0 vertices) exhibit an orientation change
removing intersecting faces
000: 208 intersecting
001: 14 intersecting
terminating search with 0 intersecting
topology fixing took 1.2 minutes
FSRUNTIME@ mris_fix_topology rh  0.0202 hours 16 threads
#VMPC# mris_fix_topology VmPeak  1840656

 mris_euler_number ../surf/rh.orig.premesh 

euler # = v-e+f = 2g-2: 123160 - 369474 + 246316 = 2 --> 0 holes
      F =2V-4:          246316 = 246320-4 (0)
      2E=3F:            738948 = 738948 (0)

total defect index = 0
Sat Apr  4 13:13:17 CEST 2026

setenv SUBJECTS_DIR /out/sourcedata/freesurfer
cd /out/sourcedata/freesurfer/sub-v1s12x0050113_ses-1/scripts
/opt/freesurfer/bin/defect2seg --s sub-v1s12x0050113_ses-1 --rh-only --cortex

freesurfer-linux-ubuntu22_x86_64-7.3.2-20220804-6354275
defect2seg 7.3.2
Linux dna070 5.14.0-427.37.1.el9_4.x86_64 #1 SMP PREEMPT_DYNAMIC Fri Sep 13 12:41:50 EDT 2024 x86_64 x86_64 x86_64 GNU/Linux
pid 2274927
mri_label2label --label-cortex /out/sourcedata/freesurfer/sub-v1s12x0050113_ses-1/surf/rh.orig.nofix /out/sourcedata/freesurfer/sub-v1s12x0050113_ses-1/mri/aseg.presurf.mgz 0 /out/sourcedata/freesurfer/sub-v1s12x0050113_ses-1/label/rh.nofix.cortex.label

 Generating cortex label... RemoveHipAmgy=0
 NucAccIsMedialWall=0
 mris->useRealRAS=0
14 non-cortical segments detected
only using segment with 7013 vertices
erasing segment 0 (vno[0] = 32956)
erasing segment 2 (vno[0] = 66825)
erasing segment 3 (vno[0] = 68794)
erasing segment 4 (vno[0] = 69735)
erasing segment 5 (vno[0] = 75581)
erasing segment 6 (vno[0] = 76510)
erasing segment 7 (vno[0] = 79462)
erasing segment 8 (vno[0] = 82917)
erasing segment 9 (vno[0] = 92043)
erasing segment 10 (vno[0] = 92870)
erasing segment 11 (vno[0] = 93591)
erasing segment 12 (vno[0] = 94544)
erasing segment 13 (vno[0] = 95311)
mri_label2vol --defects /out/sourcedata/freesurfer/sub-v1s12x0050113_ses-1/surf/rh.orig.nofix /out/sourcedata/freesurfer/sub-v1s12x0050113_ses-1/surf/rh.defect_labels /out/sourcedata/freesurfer/sub-v1s12x0050113_ses-1/mri/orig.mgz 2000 0 /out/sourcedata/freesurfer/sub-v1s12x0050113_ses-1/mri/rh.surface.defects.mgz /out/sourcedata/freesurfer/sub-v1s12x0050113_ses-1/label/rh.nofix.cortex.label
mri_label2vol supposed to be reproducible but seed not set
Contraining to label /out/sourcedata/freesurfer/sub-v1s12x0050113_ses-1/label/rh.nofix.cortex.label
Changing input type 0 to MRI_INT
Converting defects to volume: offset=2000, merge=0
Writing to /out/sourcedata/freesurfer/sub-v1s12x0050113_ses-1/mri/rh.surface.defects.mgz
mris_defects_pointset -s /out/sourcedata/freesurfer/sub-v1s12x0050113_ses-1/surf/rh.orig.nofix -d /out/sourcedata/freesurfer/sub-v1s12x0050113_ses-1/surf/rh.defect_labels -o /out/sourcedata/freesurfer/sub-v1s12x0050113_ses-1/surf/rh.defects.pointset --label /out/sourcedata/freesurfer/sub-v1s12x0050113_ses-1/label/rh.nofix.cortex.label
Reading in surface /out/sourcedata/freesurfer/sub-v1s12x0050113_ses-1/surf/rh.orig.nofix
Reading in defect segmentation /out/sourcedata/freesurfer/sub-v1s12x0050113_ses-1/surf/rh.defect_labels
Reading in label /out/sourcedata/freesurfer/sub-v1s12x0050113_ses-1/label/rh.nofix.cortex.label
#VMPC# mris_defects_pointset 1255536
mris_defects_pointset done
 
Started at Sat Apr 4 13:13:17 CEST 2026 
Ended   at Sat Apr  4 13:13:27 CEST 2026
Defect2seg-Run-Time-Sec 10
Defect2seg-Run-Time-Min 0.20
Defect2seg-Run-Time-Hours 0.00
 
tkmeditfv sub-v1s12x0050113_ses-1 brain.finalsurfs.mgz -defect
defect2seg Done

 mris_remesh --remesh --iters 3 --input /out/sourcedata/freesurfer/sub-v1s12x0050113_ses-1/surf/rh.orig.premesh --output /out/sourcedata/freesurfer/sub-v1s12x0050113_ses-1/surf/rh.orig 

iters = 3
standard remeshing without target
   adjusted l: 0.712379
remeshing to edge length 0.712379 with 3 iterations

avg qual before   : 0.890121  after: 0.971166

Removing intersections
Remeshed surface quality stats nv0 = 123160  nv = 128482  1.04321
Area    256960  0.30385  0.03382 0.080595   0.4842
Corner  770880 60.00000  8.80231 17.697460 142.3131
Edge    385440  0.84567  0.08258 0.461675   1.2633
Hinge   385440  9.53872 10.09431 0.000003 163.3702
mris_remesh done
/out/sourcedata/freesurfer/sub-v1s12x0050113_ses-1/scripts

 mris_remove_intersection ../surf/rh.orig ../surf/rh.orig 

intersection removal took 0.00 hours
writing corrected surface to ../surf/rh.orig

 rm -f ../surf/rh.inflated 

#--------------------------------------------
#@# AutoDetGWStats rh Sat Apr  4 13:13:51 CEST 2026
cd /out/sourcedata/freesurfer/sub-v1s12x0050113_ses-1/mri
mris_autodet_gwstats --o ../surf/autodet.gw.stats.rh.dat --i brain.finalsurfs.mgz --wm wm.mgz --surf ../surf/rh.orig.premesh
7.3.2

cd /out/sourcedata/freesurfer/sub-v1s12x0050113_ses-1/mri
setenv SUBJECTS_DIR /out/sourcedata/freesurfer
mris_autodet_gwstats --o ../surf/autodet.gw.stats.rh.dat --i brain.finalsurfs.mgz --wm wm.mgz --surf ../surf/rh.orig.premesh 

border white:    232446 voxels (1.39%)
border gray      256457 voxels (1.53%)
Reading in intensity volume brain.finalsurfs.mgz
Reading in wm volume wm.mgz
Reading in surf ../surf/rh.orig.premesh
Auto detecting stats
MRIclipBrightWM(): nthresh=13511, wmmin=5, clip=110 
Binarizing thresholding at 5
computing class statistics... low=30, hi=110.000000
CCS WM (98.0): 98.7 +- 7.8 [70.0 --> 110.0]
CCS GM (76.0) : 75.3 +- 9.0 [30.0 --> 110.0]
white_mean = 98.6883 +/- 7.77018, gray_mean = 75.2771 +/- 9.02551
using class modes intead of means, discounting robust sigmas....
MRIScomputeClassModes(): min=0 max=255 nbins=256
intensity peaks found at WM=104+-6.1,    GM=71+-6.1
white_mode = 104, gray_mode = 71
std_scale = 1
Applying sanity checks, max_scale_down = 0.2
setting MIN_GRAY_AT_WHITE_BORDER to 62.0 (was 70.000000)
setting MAX_BORDER_WHITE to 111.8 (was 105.000000)
setting MIN_BORDER_WHITE to 71.0 (was 85.000000)
setting MAX_CSF to 52.9 (was 40.000000)
setting MAX_GRAY to 96.2 (was 95.000000)
setting MAX_GRAY_AT_CSF_BORDER to 62.0 (was 75.000000)
setting MIN_GRAY_AT_CSF_BORDER to 43.9 (was 40.000000)
When placing the white surface
  white_border_hi   = 111.77;
  white_border_low  = 71;
  white_outside_low = 61.9745;
  white_inside_hi   = 120;
  white_outside_hi  = 111.77;
When placing the pial surface
  pial_border_hi   = 61.9745;
  pial_border_low  = 43.9235;
  pial_outside_low = 10;
  pial_inside_hi   = 96.2298;
  pial_outside_hi  = 57.4617;
#VMPC# mris_autodet_gwstats VmPeak  1322568
mris_autodet_gwstats done
#--------------------------------------------
#@# WhitePreAparc rh Sat Apr  4 13:13:53 CEST 2026
cd /out/sourcedata/freesurfer/sub-v1s12x0050113_ses-1/mri
mris_place_surface --adgws-in ../surf/autodet.gw.stats.rh.dat --wm wm.mgz --threads 16 --invol brain.finalsurfs.mgz --rh --i ../surf/rh.orig --o ../surf/rh.white.preaparc --white --seg aseg.presurf.mgz --nsmooth 5
7.3.2
7.3.2

cd /out/sourcedata/freesurfer/sub-v1s12x0050113_ses-1/mri
setenv SUBJECTS_DIR /out/sourcedata/freesurfer
mris_place_surface --adgws-in ../surf/autodet.gw.stats.rh.dat --wm wm.mgz --threads 16 --invol brain.finalsurfs.mgz --rh --i ../surf/rh.orig --o ../surf/rh.white.preaparc --white --seg aseg.presurf.mgz --nsmooth 5 

Reading in input surface ../surf/rh.orig
Smoothing surface before ripping with 5 iterations
Area    256960  0.26842  0.06327 0.003246   0.5882
Corner  770880 60.00000  9.53228 7.224035 136.0049
Edge    385440  0.79124  0.11437 0.059069   1.2708
Hinge   385440  6.40805  6.44829 0.000024 157.3179
Not reading in aparc
Reading in input volume brain.finalsurfs.mgz
Reading in wm volume wm.mgz
MRIclipBrightWM(): nthresh=13511, wmmin=5, clip=110 
MRIfindBrightNonWM(): 1164 bright non-wm voxels segmented.
Masking bright non-wm for white surface
MRImask(): AllowDiffGeom = 1
MRImask(): AllowDiffGeom = 1
Reading in seg volume aseg.presurf.mgz
Ripping frozen voxels
INFO: rip surface needed but not specified, so using input surface
Freezing midline and others
Entering: MRISripMidline(): inhibiting deformation at non-cortical midline structures...
  which=1, fix_mtl=0, using annot = 0
#FML0# MRISripMidline(): nripped=0
removing 4 vertices from ripped group in thread:0
removing 2 vertices from ripped group in thread:0
#FML# MRISripMidline(): nmarked=5923, nmarked2=114, nripped=5923
Ripping segs (eg, WMSA, BG, frozen)
Starting MRISripSegs() d = (-2 2 0.5) segnos: 247 
MRISripSegs(): -2 2 0.5 ripped 0
vertex 64241: xyz = (38.7223,-12.1616,9.82808) oxyz = (38.7223,-12.1616,9.82808) wxzy = (38.7223,-12.1616,9.82808) pxyz = (0,0,0) 
CBVO Creating mask 128482
n_averages 4
Iteration 0 =========================================
n_averages=4, current_sigma=2
Freezing midline and others
Ripping frozen voxels
INFO: rip surface needed but not specified, so using input surface
Freezing midline and others
Entering: MRISripMidline(): inhibiting deformation at non-cortical midline structures...
  which=1, fix_mtl=0, using annot = 0
#FML0# MRISripMidline(): nripped=5923
removing 4 vertices from ripped group in thread:0
removing 2 vertices from ripped group in thread:0
#FML# MRISripMidline(): nmarked=5923, nmarked2=114, nripped=5923
Ripping segs (eg, WMSA, BG, frozen)
Starting MRISripSegs() d = (-2 2 0.5) segnos: 247 247 
MRISripSegs(): -2 2 0.5 ripped 0
Computing target border values 
Entering MRIScomputeBorderValues_new(): 
  inside_hi   = 120.0000000;
  border_hi   = 111.7701800;
  border_low  =  71.0000000;
  outside_low =  61.9744870;
  outside_hi  = 111.7701800;
  sigma = 2;
  max_thickness = 10;
  step_size=0.5;
  STEP_SIZE=0.1;
  which = 1
  thresh = 0
  flags = 0
  CBVfindFirstPeakD1=0
  CBVfindFirstPeakD2=0
  nvertices=128482
  Gdiag_no=-1
  vno start=0, stop=128482
Replacing 255s with 0s
#SI# sigma=2 had to be increased for 73 vertices, nripped=5923
mean border=83.0, 54 (54) missing vertices, mean dist 0.2 [0.6 (%41.8)->0.8 (%58.2))]
%72 local maxima, %24 large gradients and % 0 min vals, 0 gradients ignored
nFirstPeakD1 0
MRIScomputeBorderValues_new() finished in 0.0110 min


Finding expansion regions
mean absolute distance = 0.72 +- 0.94
3955 vertices more than 2 sigmas from mean.
Averaging target values for 5 iterations...
Positioning Surface: tspring = 0.3, nspring = 0.3, spring = 0, niters = 100 l_repulse = 5, l_surf_repulse = 0, checktol = 0
Positioning pial surface
Entering MRISpositionSurface()
  max_mm = 0.3
  MAX_REDUCTIONS = 2, REDUCTION_PCT = 0.5
  parms->check_tol = 0, niterations = 100
tol=1.0e-04, sigma=2.0, host=dna07, nav=4, nbrs=2, l_repulse=5.000, l_tspring=0.300, l_nspring=0.300, l_intensity=0.200, l_curv=1.000
mom=0.00, dt=0.50
complete_dist_mat 0
rms 0
smooth_averages 0
remove_neg 0
ico_order 0
which_surface 0
target_radius 0.000000
nfields 0
scale 0.000000
desired_rms_height 0.000000
momentum 0.000000
nbhd_size 0
max_nbrs 0
niterations 100
nsurfaces 0
SURFACES 3
flags 0 (0)
use curv 0
no sulc 0
no rigid align 0
mris->nsize 2
mris->hemisphere 1
randomSeed 0

000: dt: 0.0000, sse=2340878.8, rms=9.475
001: dt: 0.5000, sse=1214805.8, rms=6.629 (30.035%)
002: dt: 0.5000, sse=735836.2, rms=4.942 (25.447%)
003: dt: 0.5000, sse=519509.5, rms=3.940 (20.270%)
004: dt: 0.5000, sse=412512.1, rms=3.335 (15.359%)
005: dt: 0.5000, sse=358086.5, rms=2.984 (10.536%)
006: dt: 0.5000, sse=331658.4, rms=2.780 (6.815%)
007: dt: 0.5000, sse=319849.5, rms=2.696 (3.032%)
008: dt: 0.5000, sse=313522.6, rms=2.639 (2.106%)
rms = 2.6193/2.6393, sse=311466.7/313522.6, time step reduction 1 of 3 to 0.250  0 0 1
009: dt: 0.5000, sse=311466.7, rms=2.619 (0.758%)
010: dt: 0.2500, sse=194777.2, rms=1.399 (46.584%)
011: dt: 0.2500, sse=181356.3, rms=1.189 (15.032%)
rms = 1.1412/1.1888, sse=178964.0/181356.3, time step reduction 2 of 3 to 0.125  0 0 1
012: dt: 0.2500, sse=178964.0, rms=1.141 (4.008%)
rms = 1.1102/1.1412, sse=177420.0/178964.0, time step reduction 3 of 3 to 0.062  0 0 1
013: dt: 0.1250, sse=177420.0, rms=1.110 (2.717%)
  maximum number of reductions reached, breaking from loop
positioning took 0.9 minutes
Iteration 1 =========================================
n_averages=2, current_sigma=1
Freezing midline and others
Ripping frozen voxels
INFO: rip surface needed but not specified, so using input surface
Freezing midline and others
Entering: MRISripMidline(): inhibiting deformation at non-cortical midline structures...
  which=1, fix_mtl=0, using annot = 0
#FML0# MRISripMidline(): nripped=5923
removing 2 vertices from ripped group in thread:0
removing 3 vertices from ripped group in thread:0
removing 2 vertices from ripped group in thread:0
removing 4 vertices from ripped group in thread:0
removing 2 vertices from ripped group in thread:0
removing 2 vertices from ripped group in thread:0
removing 2 vertices from ripped group in thread:0
removing 2 vertices from ripped group in thread:0
removing 4 vertices from ripped group in thread:0
#FML# MRISripMidline(): nmarked=6214, nmarked2=160, nripped=6214
Ripping segs (eg, WMSA, BG, frozen)
Starting MRISripSegs() d = (-2 2 0.5) segnos: 247 247 247 
MRISripSegs(): -2 2 0.5 ripped 0
Computing target border values 
Entering MRIScomputeBorderValues_new(): 
  inside_hi   = 120.0000000;
  border_hi   = 111.7701800;
  border_low  =  71.0000000;
  outside_low =  61.9744870;
  outside_hi  = 111.7701800;
  sigma = 1;
  max_thickness = 10;
  step_size=0.5;
  STEP_SIZE=0.1;
  which = 1
  thresh = 0
  flags = 0
  CBVfindFirstPeakD1=0
  CBVfindFirstPeakD2=0
  nvertices=128482
  Gdiag_no=-1
  vno start=0, stop=128482
Replacing 255s with 0s
#SI# sigma=1 had to be increased for 60 vertices, nripped=6214
mean border=85.5, 67 (21) missing vertices, mean dist -0.2 [0.4 (%73.7)->0.3 (%26.3))]
%79 local maxima, %16 large gradients and % 0 min vals, 0 gradients ignored
nFirstPeakD1 0
MRIScomputeBorderValues_new() finished in 0.0077 min


Finding expansion regions
mean absolute distance = 0.35 +- 0.66
2532 vertices more than 2 sigmas from mean.
Averaging target values for 5 iterations...
Positioning Surface: tspring = 0.3, nspring = 0.3, spring = 0, niters = 100 l_repulse = 5, l_surf_repulse = 0, checktol = 0
Positioning pial surface
Entering MRISpositionSurface()
  max_mm = 0.3
  MAX_REDUCTIONS = 2, REDUCTION_PCT = 0.5
  parms->check_tol = 0, niterations = 100
tol=1.0e-04, sigma=1.0, host=dna07, nav=2, nbrs=2, l_repulse=5.000, l_tspring=0.300, l_nspring=0.300, l_intensity=0.200, l_curv=1.000
mom=0.00, dt=0.50
000: dt: 0.0000, sse=602468.8, rms=4.109
014: dt: 0.5000, sse=332510.5, rms=2.415 (41.224%)
015: dt: 0.5000, sse=301293.0, rms=2.153 (10.834%)
rms = 2.1143/2.1532, sse=296995.8/301293.0, time step reduction 1 of 3 to 0.250  0 0 1
016: dt: 0.5000, sse=296995.8, rms=2.114 (1.807%)
017: dt: 0.2500, sse=220490.4, rms=1.138 (46.161%)
018: dt: 0.2500, sse=212544.3, rms=0.983 (13.639%)
rms = 0.9538/0.9831, sse=211455.2/212544.3, time step reduction 2 of 3 to 0.125  0 0 1
019: dt: 0.2500, sse=211455.2, rms=0.954 (2.979%)
rms = 0.9235/0.9538, sse=209998.5/211455.2, time step reduction 3 of 3 to 0.062  0 0 1
020: dt: 0.1250, sse=209998.5, rms=0.923 (3.178%)
  maximum number of reductions reached, breaking from loop
positioning took 0.5 minutes
Iteration 2 =========================================
n_averages=1, current_sigma=0.5
Freezing midline and others
Ripping frozen voxels
INFO: rip surface needed but not specified, so using input surface
Freezing midline and others
Entering: MRISripMidline(): inhibiting deformation at non-cortical midline structures...
  which=1, fix_mtl=0, using annot = 0
#FML0# MRISripMidline(): nripped=6214
removing 2 vertices from ripped group in thread:0
removing 2 vertices from ripped group in thread:0
removing 2 vertices from ripped group in thread:0
removing 3 vertices from ripped group in thread:0
removing 2 vertices from ripped group in thread:0
removing 2 vertices from ripped group in thread:0
removing 1 vertices from ripped group in thread:0
#FML# MRISripMidline(): nmarked=6332, nmarked2=162, nripped=6332
Ripping segs (eg, WMSA, BG, frozen)
Starting MRISripSegs() d = (-2 2 0.5) segnos: 247 247 247 247 
MRISripSegs(): -2 2 0.5 ripped 0
Computing target border values 
Entering MRIScomputeBorderValues_new(): 
  inside_hi   = 120.0000000;
  border_hi   = 111.7701800;
  border_low  =  71.0000000;
  outside_low =  61.9744870;
  outside_hi  = 111.7701800;
  sigma = 0.5;
  max_thickness = 10;
  step_size=0.5;
  STEP_SIZE=0.1;
  which = 1
  thresh = 0
  flags = 0
  CBVfindFirstPeakD1=0
  CBVfindFirstPeakD2=0
  nvertices=128482
  Gdiag_no=-1
  vno start=0, stop=128482
Replacing 255s with 0s
#SI# sigma=0.5 had to be increased for 72 vertices, nripped=6332
mean border=87.2, 64 (13) missing vertices, mean dist -0.1 [0.3 (%70.5)->0.2 (%29.5))]
%85 local maxima, %10 large gradients and % 0 min vals, 0 gradients ignored
nFirstPeakD1 0
MRIScomputeBorderValues_new() finished in 0.0044 min


Finding expansion regions
mean absolute distance = 0.25 +- 0.45
2875 vertices more than 2 sigmas from mean.
Averaging target values for 5 iterations...
Positioning Surface: tspring = 0.3, nspring = 0.3, spring = 0, niters = 100 l_repulse = 5, l_surf_repulse = 0, checktol = 0
Positioning pial surface
Entering MRISpositionSurface()
  max_mm = 0.3
  MAX_REDUCTIONS = 2, REDUCTION_PCT = 0.5
  parms->check_tol = 0, niterations = 100
tol=1.0e-04, sigma=0.5, host=dna07, nav=1, nbrs=2, l_repulse=5.000, l_tspring=0.300, l_nspring=0.300, l_intensity=0.200, l_curv=1.000
mom=0.00, dt=0.50
000: dt: 0.0000, sse=349831.5, rms=2.584
021: dt: 0.5000, sse=275838.1, rms=1.901 (26.459%)
rms = 1.9476/1.9006, sse=280107.4/275838.1, time step reduction 1 of 3 to 0.250  0 1 1
   RMS increased, rejecting step
022: dt: 0.2500, sse=228995.8, rms=1.305 (31.321%)
023: dt: 0.2500, sse=210347.0, rms=0.966 (25.991%)
024: dt: 0.2500, sse=207511.0, rms=0.902 (6.600%)
rms = 0.8778/0.9023, sse=206065.1/207511.0, time step reduction 2 of 3 to 0.125  0 0 1
025: dt: 0.2500, sse=206065.1, rms=0.878 (2.718%)
rms = 0.8526/0.8778, sse=205016.6/206065.1, time step reduction 3 of 3 to 0.062  0 0 1
026: dt: 0.1250, sse=205016.6, rms=0.853 (2.868%)
  maximum number of reductions reached, breaking from loop
positioning took 0.4 minutes
Iteration 3 =========================================
n_averages=0, current_sigma=0.25
Freezing midline and others
Ripping frozen voxels
INFO: rip surface needed but not specified, so using input surface
Freezing midline and others
Entering: MRISripMidline(): inhibiting deformation at non-cortical midline structures...
  which=1, fix_mtl=0, using annot = 0
#FML0# MRISripMidline(): nripped=6332
removing 4 vertices from ripped group in thread:0
removing 2 vertices from ripped group in thread:0
removing 3 vertices from ripped group in thread:0
removing 3 vertices from ripped group in thread:0
removing 2 vertices from ripped group in thread:0
removing 2 vertices from ripped group in thread:0
removing 3 vertices from ripped group in thread:0
removing 3 vertices from ripped group in thread:0
removing 2 vertices from ripped group in thread:0
removing 1 vertices from ripped group in thread:0
removing 2 vertices from ripped group in thread:0
removing 1 vertices from ripped group in thread:0
removing 2 vertices from ripped group in thread:0
#FML# MRISripMidline(): nmarked=6343, nmarked2=163, nripped=6343
Ripping segs (eg, WMSA, BG, frozen)
Starting MRISripSegs() d = (-2 2 0.5) segnos: 247 247 247 247 247 
MRISripSegs(): -2 2 0.5 ripped 0
Computing target border values 
Entering MRIScomputeBorderValues_new(): 
  inside_hi   = 120.0000000;
  border_hi   = 111.7701800;
  border_low  =  71.0000000;
  outside_low =  61.9744870;
  outside_hi  = 111.7701800;
  sigma = 0.25;
  max_thickness = 10;
  step_size=0.5;
  STEP_SIZE=0.1;
  which = 1
  thresh = 0
  flags = 0
  CBVfindFirstPeakD1=0
  CBVfindFirstPeakD2=0
  nvertices=128482
  Gdiag_no=-1
  vno start=0, stop=128482
Replacing 255s with 0s
#SI# sigma=0.25 had to be increased for 80 vertices, nripped=6343
mean border=87.8, 58 (9) missing vertices, mean dist -0.0 [0.2 (%56.8)->0.2 (%43.2))]
%88 local maxima, % 7 large gradients and % 0 min vals, 0 gradients ignored
nFirstPeakD1 0
MRIScomputeBorderValues_new() finished in 0.0029 min


Finding expansion regions
mean absolute distance = 0.22 +- 0.36
3238 vertices more than 2 sigmas from mean.
Averaging target values for 5 iterations...
Positioning Surface: tspring = 0.3, nspring = 0.3, spring = 0, niters = 100 l_repulse = 5, l_surf_repulse = 0, checktol = 0
Positioning pial surface
Entering MRISpositionSurface()
  max_mm = 0.3
  MAX_REDUCTIONS = 2, REDUCTION_PCT = 0.5
  parms->check_tol = 0, niterations = 100
tol=1.0e-04, sigma=0.2, host=dna07, nav=0, nbrs=2, l_repulse=5.000, l_tspring=0.300, l_nspring=0.300, l_intensity=0.200, l_curv=1.000
mom=0.00, dt=0.50
000: dt: 0.0000, sse=228886.1, rms=1.334
027: dt: 0.5000, sse=223244.4, rms=1.226 (8.120%)
rms = 1.4267/1.2261, sse=234536.5/223244.4, time step reduction 1 of 3 to 0.250  0 1 1
   RMS increased, rejecting step
028: dt: 0.2500, sse=203727.6, rms=0.855 (30.281%)
029: dt: 0.2500, sse=199799.6, rms=0.764 (10.680%)
rms = 0.7411/0.7635, sse=198364.3/199799.6, time step reduction 2 of 3 to 0.125  0 0 1
030: dt: 0.2500, sse=198364.3, rms=0.741 (2.940%)
031: dt: 0.1250, sse=196343.1, rms=0.684 (7.741%)
rms = 0.6786/0.6837, sse=195963.4/196343.1, time step reduction 3 of 3 to 0.062  0 0 1
032: dt: 0.1250, sse=195963.4, rms=0.679 (0.749%)
  maximum number of reductions reached, breaking from loop
positioning took 0.4 minutes


Writing output to ../surf/rh.white.preaparc
#ET# mris_place_surface  2.37 minutes
#VMPC# mris_place_surfaces VmPeak  3047964
mris_place_surface done
#--------------------------------------------
#@# CortexLabel rh Sat Apr  4 13:16:19 CEST 2026
cd /out/sourcedata/freesurfer/sub-v1s12x0050113_ses-1/mri
mri_label2label --label-cortex ../surf/rh.white.preaparc aseg.presurf.mgz 0 ../label/rh.cortex.label

 Generating cortex label... RemoveHipAmgy=0
 NucAccIsMedialWall=0
 mris->useRealRAS=0
7 non-cortical segments detected
only using segment with 7306 vertices
erasing segment 1 (vno[0] = 69121)
erasing segment 2 (vno[0] = 70285)
erasing segment 3 (vno[0] = 71125)
erasing segment 4 (vno[0] = 77180)
erasing segment 5 (vno[0] = 78656)
erasing segment 6 (vno[0] = 121856)
#--------------------------------------------
#@# CortexLabel+HipAmyg rh Sat Apr  4 13:16:28 CEST 2026
cd /out/sourcedata/freesurfer/sub-v1s12x0050113_ses-1/mri
mri_label2label --label-cortex ../surf/rh.white.preaparc aseg.presurf.mgz 1 ../label/rh.cortex+hipamyg.label

 Generating cortex label... RemoveHipAmgy=1
 NucAccIsMedialWall=0
 mris->useRealRAS=0
9 non-cortical segments detected
only using segment with 5055 vertices
erasing segment 1 (vno[0] = 50140)
erasing segment 2 (vno[0] = 58661)
erasing segment 3 (vno[0] = 68305)
erasing segment 4 (vno[0] = 70285)
erasing segment 5 (vno[0] = 71125)
erasing segment 6 (vno[0] = 77180)
erasing segment 7 (vno[0] = 78656)
erasing segment 8 (vno[0] = 121856)
#--------------------------------------------
#@# Smooth2 rh Sat Apr  4 13:16:36 CEST 2026
/out/sourcedata/freesurfer/sub-v1s12x0050113_ses-1/scripts

 mris_smooth -n 3 -nw -seed 1234 ../surf/rh.white.preaparc ../surf/rh.smoothwm 

smoothing for 3 iterations
setting seed for random number generator to 1234
smoothing surface tessellation for 3 iterations...
smoothing complete - recomputing first and second fundamental forms...
#--------------------------------------------
#@# Inflation2 rh Sat Apr  4 13:16:39 CEST 2026
/out/sourcedata/freesurfer/sub-v1s12x0050113_ses-1/scripts

 mris_inflate ../surf/rh.smoothwm ../surf/rh.inflated 

Reading ../surf/rh.smoothwm
avg radius = 46.4 mm, total surface area = 79473 mm^2
step 000: RMS=0.168 (target=0.015)   step 005: RMS=0.113 (target=0.015)   step 010: RMS=0.083 (target=0.015)   step 015: RMS=0.069 (target=0.015)   step 020: RMS=0.059 (target=0.015)   step 025: RMS=0.047 (target=0.015)   step 030: RMS=0.039 (target=0.015)   step 035: RMS=0.032 (target=0.015)   step 040: RMS=0.028 (target=0.015)   step 045: RMS=0.024 (target=0.015)   step 050: RMS=0.022 (target=0.015)   step 055: RMS=0.020 (target=0.015)   step 060: RMS=0.019 (target=0.015)   writing inflated surface to ../surf/rh.inflated
writing sulcal depths to ../surf/rh.sulc

inflation complete.
inflation took 0.2 minutes
mris_inflate utimesec    60.470381
mris_inflate stimesec    1.418125
mris_inflate ru_maxrss   197308
mris_inflate ru_ixrss    0
mris_inflate ru_idrss    0
mris_inflate ru_isrss    0
mris_inflate ru_minflt   209010
mris_inflate ru_majflt   0
mris_inflate ru_nswap    0
mris_inflate ru_inblock  0
mris_inflate ru_oublock  10048
mris_inflate ru_msgsnd   0
mris_inflate ru_msgrcv   0
mris_inflate ru_nsignals 0
mris_inflate ru_nvcsw    27209
mris_inflate ru_nivcsw   178
#--------------------------------------------
#@# Curv .H and .K rh Sat Apr  4 13:16:52 CEST 2026
/out/sourcedata/freesurfer/sub-v1s12x0050113_ses-1/surf

 mris_curvature -w -seed 1234 rh.white.preaparc 

setting seed for random number generator to 1234
total integrated curvature = 21.806*4pi (274.028) --> -21 handles
ICI = 133.0, FI = 1352.9, variation=21102.010
writing Gaussian curvature to ./rh.white.preaparc.K...done.
writing mean curvature to ./rh.white.preaparc.H...done.
rm -f rh.white.H
ln -s rh.white.preaparc.H rh.white.H
rm -f rh.white.K
ln -s rh.white.preaparc.K rh.white.K

 mris_curvature -seed 1234 -thresh .999 -n -a 5 -w -distances 10 10 rh.inflated 

setting seed for random number generator to 1234
normalizing curvature values.
averaging curvature patterns 5 times.
sampling 10 neighbors out to a distance of 10 mm
133 vertices thresholded to be in k1 ~ [-0.30 0.36], k2 ~ [-0.36 0.06]
total integrated curvature = 0.659*4pi (8.286) --> 0 handles
ICI = 1.5, FI = 8.5, variation=148.683
104 vertices thresholded to be in [-0.01 0.02]
writing Gaussian curvature to ./rh.inflated.K...thresholding curvature at 99.90% level
curvature mean = 0.000, std = 0.001
116 vertices thresholded to be in [-0.17 0.17]
done.
writing mean curvature to ./rh.inflated.H...curvature mean = -0.016, std = 0.021
done.
#--------------------------------------------
#@# Sphere rh Sat Apr  4 13:17:27 CEST 2026
/out/sourcedata/freesurfer/sub-v1s12x0050113_ses-1/scripts

 mris_sphere -seed 1234 ../surf/rh.inflated ../surf/rh.sphere 

setting seed for random number genererator to 1234
version: 7.3.2
available threads: 16
reading original vertex positions...
projecting onto sphere...
surface projected - minimizing metric distortion...
scaling brain by 0.283...
MRISunfold() max_passes = 1 -------
tol=5.0e-01, sigma=0.0, host=dna07, nav=1024, nbrs=2, l_area=1.000, l_dist=1.000
using quadratic fit line minimization
complete_dist_mat 0
rms 0
smooth_averages 0
remove_neg 0
ico_order 0
which_surface 0
target_radius 0.000000
nfields 0
scale 1.000000
desired_rms_height -1.000000
momentum 0.900000
nbhd_size 7
max_nbrs 8
niterations 25
nsurfaces 0
SURFACES 3
flags 0 (0)
use curv 0
no sulc 0
no rigid align 0
mris->nsize 2
mris->hemisphere 1
randomSeed 1234

singular matrix in quadratic form
singular matrix in quadratic form
singular matrix in quadratic form
singular matrix in quadratic form
singular matrix in quadratic form
singular matrix in quadratic form
--------------------
  mrisRemoveNegativeArea()
pass 1: epoch 1 of 3 starting distance error %20.30
pass 1: epoch 2 of 3 starting distance error %20.26
unfolding complete - removing small folds...
starting distance error %20.23
removing remaining folds...
final distance error %20.23
MRISunfold() return, current seed 1234
-01: dt=0.0000, 115 negative triangles  VmPeak 1583072
105: dt=0.9900, 115 negative triangles
106: dt=0.9900,  78 negative triangles
107: dt=0.9900,  63 negative triangles
108: dt=0.9900,  60 negative triangles
109: dt=0.9900,  61 negative triangles
110: dt=0.9900,  55 negative triangles
111: dt=0.9900,  55 negative triangles
112: dt=0.9900,  52 negative triangles
113: dt=0.9900,  50 negative triangles
114: dt=0.9900,  39 negative triangles
115: dt=0.9900,  42 negative triangles
116: dt=0.9900,  39 negative triangles
117: dt=0.9900,  29 negative triangles
118: dt=0.9900,  20 negative triangles
119: dt=0.9900,  25 negative triangles
120: dt=0.9900,  21 negative triangles
121: dt=0.9900,  21 negative triangles
122: dt=0.9900,  18 negative triangles
123: dt=0.9900,  17 negative triangles
124: dt=0.9900,  16 negative triangles
125: dt=0.9900,  16 negative triangles
126: dt=0.9900,  10 negative triangles
127: dt=0.9900,  12 negative triangles
128: dt=0.9900,  12 negative triangles
129: dt=0.9900,   8 negative triangles
130: dt=0.9900,  13 negative triangles
131: dt=0.9900,  10 negative triangles
132: dt=0.9900,  12 negative triangles
133: dt=0.9900,  13 negative triangles
134: dt=0.9900,  12 negative triangles
135: dt=0.9900,   8 negative triangles
136: dt=0.9900,  12 negative triangles
137: dt=0.9900,  11 negative triangles
138: dt=0.9900,   8 negative triangles
139: dt=0.9405,   9 negative triangles
140: dt=0.9405,  12 negative triangles
141: dt=0.9405,   9 negative triangles
142: dt=0.9405,   8 negative triangles
143: dt=0.9405,  10 negative triangles
144: dt=0.9405,  12 negative triangles
145: dt=0.9405,   8 negative triangles
146: dt=0.9405,   5 negative triangles
147: dt=0.9405,   7 negative triangles
148: dt=0.9405,   7 negative triangles
149: dt=0.9405,   7 negative triangles
150: dt=0.9405,   3 negative triangles
151: dt=0.9405,   2 negative triangles
152: dt=0.9405,   4 negative triangles
153: dt=0.9405,   1 negative triangles
writing spherical brain to ../surf/rh.sphere
spherical transformation took 0.0337 hours
FSRUNTIME@ mris_sphere  0.0337 hours 16 threads
#VMPC# mris_sphere VmPeak  1583072
mris_sphere done
#--------------------------------------------
#@# Surf Reg rh Sat Apr  4 13:19:28 CEST 2026
/out/sourcedata/freesurfer/sub-v1s12x0050113_ses-1/scripts

 mris_register -curv ../surf/rh.sphere /opt/freesurfer/average/rh.folding.atlas.acfb40.noaparc.i12.2016-08-02.tif ../surf/rh.sphere.reg 

using smoothwm curvature for final alignment

cwd /out/sourcedata/freesurfer/sub-v1s12x0050113_ses-1/scripts
cmdline mris_register -curv ../surf/rh.sphere /opt/freesurfer/average/rh.folding.atlas.acfb40.noaparc.i12.2016-08-02.tif ../surf/rh.sphere.reg 

0 inflated.H
1 sulc
2 smoothwm (computed)
7.3.2
  7.3.2
reading surface from ../surf/rh.sphere...
reading template parameterization from /opt/freesurfer/average/rh.folding.atlas.acfb40.noaparc.i12.2016-08-02.tif...
MRISregister() -------
max_passes = 4 
min_degrees = 0.500000 
max_degrees = 64.000000 
nangles = 8 
tol=5.0e-01, sigma=0.0, host=dna07, nav=1024, nbrs=1, l_extern=10000.000, l_parea=0.200, l_nlarea=1.000, l_corr=1.000, l_dist=5.000
using quadratic fit line minimization
complete_dist_mat 0
rms 0
smooth_averages 0
remove_neg 0
ico_order 0
which_surface 0
target_radius 0.000000
nfields 0
scale 0.000000
desired_rms_height -1.000000
momentum 0.950000
nbhd_size -10
max_nbrs 10
niterations 25
nsurfaces 0
SURFACES 3
flags 16 (10)
use curv 16
no sulc 0
no rigid align 0
mris->nsize 1
mris->hemisphere 1
randomSeed 0

tol=5.0e-01, sigma=0.0, host=dna07, nav=1024, nbrs=1, l_extern=10000.000, l_parea=0.200, l_nlarea=1.000, l_corr=1.000, l_dist=5.000
using quadratic fit line minimization
--------------------
1 Reading rh.sulc
tol=1.0e+00, sigma=0.5, host=dna07, nav=1024, nbrs=1, l_extern=10000.000, l_parea=0.200, l_nlarea=1.000, l_corr=0.050, l_spring=0.500, l_dist=5.000
using quadratic fit line minimization
curvature mean = 0.000, std = 5.515
curvature mean = 0.015, std = 0.809
curvature mean = 0.012, std = 0.863
Starting MRISrigidBodyAlignGlobal()
Starting new MRISrigidBodyAlignGlobal_findMinSSE()
  new MRISrigidBodyAlignGlobal_findMinSSE min @ (7.50, -4.00, 1.00) sse = 248050.5, elapsed since starting=0.0536 min
MRISrigidBodyAlignGlobal() done   0.05 min
curvature mean = 0.013, std = 0.831
curvature mean = 0.004, std = 0.947
curvature mean = 0.013, std = 0.840
curvature mean = 0.001, std = 0.979
curvature mean = 0.012, std = 0.842
curvature mean = 0.000, std = 0.992
2 Reading smoothwm
curvature mean = -0.020, std = 0.264
curvature mean = 0.041, std = 0.242
curvature mean = 0.051, std = 0.388
curvature mean = 0.036, std = 0.300
curvature mean = 0.025, std = 0.594
curvature mean = 0.035, std = 0.328
curvature mean = 0.012, std = 0.732
curvature mean = 0.035, std = 0.340
curvature mean = 0.004, std = 0.829
MRISregister() return, current seed 0
-01: dt=0.0000,   1 negative triangles  VmPeak 1598332
102: dt=0.9900,   1 negative triangles
expanding nbhd size to 1
103: dt=0.9900,   1 negative triangles
writing registered surface to ../surf/rh.sphere.reg...
registration took 0.05 hours
#VMPC# mris_register VmPeak  1598332
FSRUNTIME@ mris_register  0.0522 hours 16 threads

 ln -sf rh.sphere.reg rh.fsaverage.sphere.reg 

#--------------------------------------------
#@# Jacobian white rh Sat Apr  4 13:22:36 CEST 2026
/out/sourcedata/freesurfer/sub-v1s12x0050113_ses-1/scripts

 mris_jacobian ../surf/rh.white.preaparc ../surf/rh.sphere.reg ../surf/rh.jacobian_white 

reading surface from ../surf/rh.white.preaparc...
writing curvature file ../surf/rh.jacobian_white
#--------------------------------------------
#@# AvgCurv rh Sat Apr  4 13:22:37 CEST 2026
/out/sourcedata/freesurfer/sub-v1s12x0050113_ses-1/scripts

 mrisp_paint -a 5 /opt/freesurfer/average/rh.folding.atlas.acfb40.noaparc.i12.2016-08-02.tif#6 ../surf/rh.sphere.reg ../surf/rh.avg_curv 

averaging curvature patterns 5 times...
reading surface from ../surf/rh.sphere.reg...
reading template parameterization from /opt/freesurfer/average/rh.folding.atlas.acfb40.noaparc.i12.2016-08-02.tif...
writing curvature file to ../surf/rh.avg_curv...
#-----------------------------------------
#@# Cortical Parc rh Sat Apr  4 13:22:37 CEST 2026
/out/sourcedata/freesurfer/sub-v1s12x0050113_ses-1/scripts

 mris_ca_label -l ../label/rh.cortex.label -aseg ../mri/aseg.presurf.mgz -seed 1234 sub-v1s12x0050113_ses-1 rh ../surf/rh.sphere.reg /opt/freesurfer/average/rh.DKaparc.atlas.acfb40.noaparc.i12.2016-08-02.gcs ../label/rh.aparc.annot 

setting seed for random number generator to 1234
using ../mri/aseg.presurf.mgz aseg volume to correct midline
7.3.2
  7.3.2
reading atlas from /opt/freesurfer/average/rh.DKaparc.atlas.acfb40.noaparc.i12.2016-08-02.gcs...
reading color table from GCSA file....
average std = 0.7   using min determinant for regularization = 0.004
0 singular and 309 ill-conditioned covariance matrices regularized
input 0: MEAN CURVATURE, flags 0, avgs 5, name mean_curvature
labeling surface...
1312 labels changed using aseg
relabeling using gibbs priors...
000:   2521 changed, 128482 examined...
001:    595 changed, 11237 examined...
002:    130 changed, 3397 examined...
003:     51 changed, 832 examined...
004:     24 changed, 327 examined...
005:      8 changed, 159 examined...
006:      3 changed, 51 examined...
007:      0 changed, 18 examined...
118 labels changed using aseg
000: 79 total segments, 39 labels (137 vertices) changed
001: 39 total segments, 0 labels (0 vertices) changed
10 filter iterations complete (10 requested, 5 changed)
rationalizing unknown annotations with cortex label
relabeling unknown label...
relabeling corpuscallosum label...
1625 vertices marked for relabeling...
1625 labels changed in reclassification.
writing output to ../label/rh.aparc.annot...
classification took 0 minutes and 7 seconds.
#--------------------------------------------
#@# WhiteSurfs rh Sat Apr  4 13:22:44 CEST 2026
cd /out/sourcedata/freesurfer/sub-v1s12x0050113_ses-1/mri
mris_place_surface --adgws-in ../surf/autodet.gw.stats.rh.dat --seg aseg.presurf.mgz --threads 16 --wm wm.mgz --invol brain.finalsurfs.mgz --rh --i ../surf/rh.white.preaparc --o ../surf/rh.white --white --nsmooth 0 --rip-label ../label/rh.cortex.label --rip-bg --rip-surf ../surf/rh.white.preaparc --aparc ../label/rh.aparc.annot
7.3.2
7.3.2

cd /out/sourcedata/freesurfer/sub-v1s12x0050113_ses-1/mri
setenv SUBJECTS_DIR /out/sourcedata/freesurfer
mris_place_surface --adgws-in ../surf/autodet.gw.stats.rh.dat --seg aseg.presurf.mgz --threads 16 --wm wm.mgz --invol brain.finalsurfs.mgz --rh --i ../surf/rh.white.preaparc --o ../surf/rh.white --white --nsmooth 0 --rip-label ../label/rh.cortex.label --rip-bg --rip-surf ../surf/rh.white.preaparc --aparc ../label/rh.aparc.annot 

Reading in input surface ../surf/rh.white.preaparc
Not smoothing input surface
Area    256960  0.33834  0.11304 0.003031   2.0791
Corner  770880 60.00000 12.86269 0.525789 178.7264
Edge    385440  0.89302  0.18682 0.044096   3.2284
Hinge   385440  9.27715 10.30978 0.000004 179.9912
Reading in aparc ../label/rh.aparc.annot
Reading in input volume brain.finalsurfs.mgz
Reading in wm volume wm.mgz
MRIclipBrightWM(): nthresh=13511, wmmin=5, clip=110 
MRIfindBrightNonWM(): 1164 bright non-wm voxels segmented.
Masking bright non-wm for white surface
MRImask(): AllowDiffGeom = 1
MRImask(): AllowDiffGeom = 1
Reading in seg volume aseg.presurf.mgz
Ripping frozen voxels
Ripping vertices not in label ../label/rh.cortex.label
MRISripNotLabel() ripped 7513/128482 vertices (120969 unripped)
Reading in ripping surface ../surf/rh.white.preaparc
Reading in aparc ../label/rh.aparc.annot for ripsurf
Ripping BG
MRISripBasalGanglia(): 1 -2 2 0.5 ripped 314
Ripping segs (eg, WMSA, BG, frozen)
Starting MRISripSegs() d = (-2 2 0.5) segnos: 247 
MRISripSegs(): -2 2 0.5 ripped 0
vertex 64241: xyz = (38.7021,-12.7015,9.31226) oxyz = (38.7021,-12.7015,9.31226) wxzy = (38.7021,-12.7015,9.31226) pxyz = (0,0,0) 
CBVO Creating mask 128482
n_averages 4
Iteration 0 =========================================
n_averages=4, current_sigma=2
Computing target border values 
Entering MRIScomputeBorderValues_new(): 
  inside_hi   = 120.0000000;
  border_hi   = 111.7701800;
  border_low  =  71.0000000;
  outside_low =  61.9744870;
  outside_hi  = 111.7701800;
  sigma = 2;
  max_thickness = 10;
  step_size=0.5;
  STEP_SIZE=0.1;
  which = 1
  thresh = 0
  flags = 0
  CBVfindFirstPeakD1=0
  CBVfindFirstPeakD2=0
  nvertices=128482
  Gdiag_no=-1
  vno start=0, stop=128482
Replacing 255s with 0s
#SI# sigma=2 had to be increased for 99 vertices, nripped=7827
mean border=82.6, 73 (73) missing vertices, mean dist 0.3 [1.0 (%15.4)->0.5 (%84.6))]
%67 local maxima, %27 large gradients and % 0 min vals, 0 gradients ignored
nFirstPeakD1 0
MRIScomputeBorderValues_new() finished in 0.0106 min


Finding expansion regions
mean absolute distance = 0.59 +- 0.93
2494 vertices more than 2 sigmas from mean.
Averaging target values for 5 iterations...
Positioning Surface: tspring = 0.3, nspring = 0.3, spring = 0, niters = 100 l_repulse = 5, l_surf_repulse = 0, checktol = 0
Positioning pial surface
Entering MRISpositionSurface()
  max_mm = 0.3
  MAX_REDUCTIONS = 2, REDUCTION_PCT = 0.5
  parms->check_tol = 0, niterations = 100
tol=1.0e-04, sigma=2.0, host=dna07, nav=4, nbrs=2, l_repulse=5.000, l_tspring=0.300, l_nspring=0.300, l_intensity=0.200, l_curv=1.000
mom=0.00, dt=0.50
complete_dist_mat 0
rms 0
smooth_averages 0
remove_neg 0
ico_order 0
which_surface 0
target_radius 0.000000
nfields 0
scale 0.000000
desired_rms_height 0.000000
momentum 0.000000
nbhd_size 0
max_nbrs 0
niterations 100
nsurfaces 0
SURFACES 3
flags 0 (0)
use curv 0
no sulc 0
no rigid align 0
mris->nsize 2
mris->hemisphere 1
randomSeed 0

000: dt: 0.0000, sse=1398096.1, rms=7.103
001: dt: 0.5000, sse=610712.1, rms=4.230 (40.450%)
002: dt: 0.5000, sse=401553.5, rms=3.035 (28.259%)
003: dt: 0.5000, sse=342807.0, rms=2.603 (14.228%)
004: dt: 0.5000, sse=307561.3, rms=2.299 (11.667%)
rms = 2.2538/2.2992, sse=303381.9/307561.3, time step reduction 1 of 3 to 0.250  0 0 1
005: dt: 0.5000, sse=303381.9, rms=2.254 (1.975%)
006: dt: 0.2500, sse=220895.4, rms=1.261 (44.041%)
007: dt: 0.2500, sse=213037.0, rms=1.118 (11.347%)
rms = 1.0864/1.1181, sse=211540.6/213037.0, time step reduction 2 of 3 to 0.125  0 0 1
008: dt: 0.2500, sse=211540.6, rms=1.086 (2.838%)
rms = 1.0600/1.0864, sse=210417.3/211540.6, time step reduction 3 of 3 to 0.062  0 0 1
009: dt: 0.1250, sse=210417.3, rms=1.060 (2.424%)
  maximum number of reductions reached, breaking from loop
positioning took 0.7 minutes
Iteration 1 =========================================
n_averages=2, current_sigma=1
Computing target border values 
Entering MRIScomputeBorderValues_new(): 
  inside_hi   = 120.0000000;
  border_hi   = 111.7701800;
  border_low  =  71.0000000;
  outside_low =  61.9744870;
  outside_hi  = 111.7701800;
  sigma = 1;
  max_thickness = 10;
  step_size=0.5;
  STEP_SIZE=0.1;
  which = 1
  thresh = 0
  flags = 0
  CBVfindFirstPeakD1=0
  CBVfindFirstPeakD2=0
  nvertices=128482
  Gdiag_no=-1
  vno start=0, stop=128482
Replacing 255s with 0s
#SI# sigma=1 had to be increased for 98 vertices, nripped=7827
mean border=85.3, 56 (5) missing vertices, mean dist -0.2 [0.4 (%73.9)->0.2 (%26.1))]
%77 local maxima, %17 large gradients and % 0 min vals, 0 gradients ignored
nFirstPeakD1 0
MRIScomputeBorderValues_new() finished in 0.0075 min


Finding expansion regions
mean absolute distance = 0.36 +- 0.72
2569 vertices more than 2 sigmas from mean.
Averaging target values for 5 iterations...
Positioning Surface: tspring = 0.3, nspring = 0.3, spring = 0, niters = 100 l_repulse = 5, l_surf_repulse = 0, checktol = 0
Positioning pial surface
Entering MRISpositionSurface()
  max_mm = 0.3
  MAX_REDUCTIONS = 2, REDUCTION_PCT = 0.5
  parms->check_tol = 0, niterations = 100
tol=1.0e-04, sigma=1.0, host=dna07, nav=2, nbrs=2, l_repulse=5.000, l_tspring=0.300, l_nspring=0.300, l_intensity=0.200, l_curv=1.000
mom=0.00, dt=0.50
000: dt: 0.0000, sse=586140.9, rms=4.033
010: dt: 0.5000, sse=331397.5, rms=2.384 (40.885%)
011: dt: 0.5000, sse=299784.7, rms=2.101 (11.879%)
rms = 2.0653/2.1010, sse=300043.4/299784.7, time step reduction 1 of 3 to 0.250  0 1 1
012: dt: 0.5000, sse=300043.4, rms=2.065 (1.698%)
013: dt: 0.2500, sse=225736.2, rms=1.136 (44.978%)
014: dt: 0.2500, sse=217630.2, rms=0.993 (12.604%)
rms = 0.9694/0.9932, sse=216613.6/217630.2, time step reduction 2 of 3 to 0.125  0 0 1
015: dt: 0.2500, sse=216613.6, rms=0.969 (2.389%)
rms = 0.9418/0.9694, sse=215388.9/216613.6, time step reduction 3 of 3 to 0.062  0 0 1
016: dt: 0.1250, sse=215388.9, rms=0.942 (2.854%)
  maximum number of reductions reached, breaking from loop
positioning took 0.5 minutes
Iteration 2 =========================================
n_averages=1, current_sigma=0.5
Computing target border values 
Entering MRIScomputeBorderValues_new(): 
  inside_hi   = 120.0000000;
  border_hi   = 111.7701800;
  border_low  =  71.0000000;
  outside_low =  61.9744870;
  outside_hi  = 111.7701800;
  sigma = 0.5;
  max_thickness = 10;
  step_size=0.5;
  STEP_SIZE=0.1;
  which = 1
  thresh = 0
  flags = 0
  CBVfindFirstPeakD1=0
  CBVfindFirstPeakD2=0
  nvertices=128482
  Gdiag_no=-1
  vno start=0, stop=128482
Replacing 255s with 0s
#SI# sigma=0.5 had to be increased for 91 vertices, nripped=7827
mean border=87.1, 83 (5) missing vertices, mean dist -0.1 [0.3 (%70.8)->0.2 (%29.2))]
%84 local maxima, %10 large gradients and % 0 min vals, 0 gradients ignored
nFirstPeakD1 0
MRIScomputeBorderValues_new() finished in 0.0043 min


Finding expansion regions
mean absolute distance = 0.26 +- 0.48
3061 vertices more than 2 sigmas from mean.
Averaging target values for 5 iterations...
Positioning Surface: tspring = 0.3, nspring = 0.3, spring = 0, niters = 100 l_repulse = 5, l_surf_repulse = 0, checktol = 0
Positioning pial surface
Entering MRISpositionSurface()
  max_mm = 0.3
  MAX_REDUCTIONS = 2, REDUCTION_PCT = 0.5
  parms->check_tol = 0, niterations = 100
tol=1.0e-04, sigma=0.5, host=dna07, nav=1, nbrs=2, l_repulse=5.000, l_tspring=0.300, l_nspring=0.300, l_intensity=0.200, l_curv=1.000
mom=0.00, dt=0.50
000: dt: 0.0000, sse=356986.3, rms=2.640
017: dt: 0.5000, sse=281950.9, rms=1.930 (26.889%)
rms = 1.9537/1.9303, sse=283153.0/281950.9, time step reduction 1 of 3 to 0.250  0 1 1
   RMS increased, rejecting step
018: dt: 0.2500, sse=235560.4, rms=1.344 (30.366%)
019: dt: 0.2500, sse=215856.4, rms=1.009 (24.962%)
020: dt: 0.2500, sse=212796.9, rms=0.932 (7.580%)
rms = 0.9071/0.9322, sse=211837.0/212796.9, time step reduction 2 of 3 to 0.125  0 0 1
021: dt: 0.2500, sse=211837.0, rms=0.907 (2.683%)
rms = 0.8793/0.9071, sse=209359.3/211837.0, time step reduction 3 of 3 to 0.062  0 0 1
022: dt: 0.1250, sse=209359.2, rms=0.879 (3.074%)
  maximum number of reductions reached, breaking from loop
positioning took 0.5 minutes
Iteration 3 =========================================
n_averages=0, current_sigma=0.25
Computing target border values 
Entering MRIScomputeBorderValues_new(): 
  inside_hi   = 120.0000000;
  border_hi   = 111.7701800;
  border_low  =  71.0000000;
  outside_low =  61.9744870;
  outside_hi  = 111.7701800;
  sigma = 0.25;
  max_thickness = 10;
  step_size=0.5;
  STEP_SIZE=0.1;
  which = 1
  thresh = 0
  flags = 0
  CBVfindFirstPeakD1=0
  CBVfindFirstPeakD2=0
  nvertices=128482
  Gdiag_no=-1
  vno start=0, stop=128482
Replacing 255s with 0s
#SI# sigma=0.25 had to be increased for 80 vertices, nripped=7827
mean border=87.7, 115 (4) missing vertices, mean dist -0.1 [0.2 (%56.9)->0.2 (%43.1))]
%87 local maxima, % 7 large gradients and % 0 min vals, 0 gradients ignored
nFirstPeakD1 0
MRIScomputeBorderValues_new() finished in 0.0029 min


Finding expansion regions
mean absolute distance = 0.23 +- 0.38
2868 vertices more than 2 sigmas from mean.
Averaging target values for 5 iterations...
Positioning Surface: tspring = 0.3, nspring = 0.3, spring = 0, niters = 100 l_repulse = 5, l_surf_repulse = 0, checktol = 0
Positioning pial surface
Entering MRISpositionSurface()
  max_mm = 0.3
  MAX_REDUCTIONS = 2, REDUCTION_PCT = 0.5
  parms->check_tol = 0, niterations = 100
tol=1.0e-04, sigma=0.2, host=dna07, nav=0, nbrs=2, l_repulse=5.000, l_tspring=0.300, l_nspring=0.300, l_intensity=0.200, l_curv=1.000
mom=0.00, dt=0.50
000: dt: 0.0000, sse=233442.3, rms=1.368
023: dt: 0.5000, sse=230889.4, rms=1.263 (7.673%)
rms = 1.4217/1.2629, sse=241598.8/230889.4, time step reduction 1 of 3 to 0.250  0 1 1
   RMS increased, rejecting step
024: dt: 0.2500, sse=211306.6, rms=0.893 (29.319%)
025: dt: 0.2500, sse=208298.6, rms=0.795 (10.961%)
rms = 0.7638/0.7948, sse=205297.8/208298.6, time step reduction 2 of 3 to 0.125  0 0 1
026: dt: 0.2500, sse=205297.8, rms=0.764 (3.904%)
027: dt: 0.1250, sse=201335.7, rms=0.703 (7.983%)
rms = 0.6927/0.7028, sse=200962.1/201335.7, time step reduction 3 of 3 to 0.062  0 0 1
028: dt: 0.1250, sse=200962.1, rms=0.693 (1.441%)
  maximum number of reductions reached, breaking from loop
positioning took 0.4 minutes


Writing output to ../surf/rh.white
#ET# mris_place_surface  2.07 minutes
#VMPC# mris_place_surfaces VmPeak  2985992
mris_place_surface done
#--------------------------------------------
#@# T1PialSurf rh Sat Apr  4 13:24:53 CEST 2026
cd /out/sourcedata/freesurfer/sub-v1s12x0050113_ses-1/mri
mris_place_surface --adgws-in ../surf/autodet.gw.stats.rh.dat --seg aseg.presurf.mgz --threads 16 --wm wm.mgz --invol brain.finalsurfs.mgz --rh --i ../surf/rh.white --o ../surf/rh.pial.T1 --pial --nsmooth 0 --rip-label ../label/rh.cortex+hipamyg.label --pin-medial-wall ../label/rh.cortex.label --aparc ../label/rh.aparc.annot --repulse-surf ../surf/rh.white --white-surf ../surf/rh.white
7.3.2
7.3.2

cd /out/sourcedata/freesurfer/sub-v1s12x0050113_ses-1/mri
setenv SUBJECTS_DIR /out/sourcedata/freesurfer
mris_place_surface --adgws-in ../surf/autodet.gw.stats.rh.dat --seg aseg.presurf.mgz --threads 16 --wm wm.mgz --invol brain.finalsurfs.mgz --rh --i ../surf/rh.white --o ../surf/rh.pial.T1 --pial --nsmooth 0 --rip-label ../label/rh.cortex+hipamyg.label --pin-medial-wall ../label/rh.cortex.label --aparc ../label/rh.aparc.annot --repulse-surf ../surf/rh.white --white-surf ../surf/rh.white 

Reading in input surface ../surf/rh.white
Not smoothing input surface
Area    256960  0.34089  0.12458 0.000451   2.0772
Corner  770880 60.00000 14.13517 0.295372 179.2900
Edge    385440  0.89772  0.20398 0.034100   4.0567
Hinge   385440  9.34028 10.39038 0.000015 179.9915
Reading white surface coordinates from ../surf/rh.white
Reading repulsion surface coordinates from ../surf/rh.white
Reading in aparc ../label/rh.aparc.annot
Reading in input volume brain.finalsurfs.mgz
Reading in wm volume wm.mgz
MRIclipBrightWM(): nthresh=13511, wmmin=5, clip=110 
MRIfindBrightNonWM(): 1164 bright non-wm voxels segmented.
Masking bright non-wm for pial surface mid_gray = 70.0766
MRImask(): AllowDiffGeom = 1
MRImask(): AllowDiffGeom = 1
MRImask(): AllowDiffGeom = 1
Reading in seg volume aseg.presurf.mgz
Ripping frozen voxels
Ripping vertices not in label ../label/rh.cortex+hipamyg.label
MRISripNotLabel() ripped 5354/128482 vertices (123128 unripped)
INFO: rip surface needed but not specified, so using input surface
Ripping segs (eg, WMSA, BG, frozen)
Starting MRISripSegs() d = (-2 2 0.5) segnos: 247 
MRISripSegs(): -2 2 0.5 ripped 0
vertex 64241: xyz = (38.7186,-12.7246,9.25716) oxyz = (38.7186,-12.7246,9.25716) wxzy = (38.7186,-12.7246,9.25716) pxyz = (38.7186,-12.7246,9.25716) 
CBVO Creating mask 128482
n_averages 16
Iteration 0 =========================================
n_averages=16, current_sigma=2
Computing target border values 
Entering MRIScomputeBorderValues_new(): 
  inside_hi   =  96.2298200;
  border_hi   =  61.9744870;
  border_low  =  43.9234620;
  outside_low =  10.0000000;
  outside_hi  =  57.4617310;
  sigma = 2;
  max_thickness = 10;
  step_size=0.5;
  STEP_SIZE=0.1;
  which = 2
  thresh = 0
  flags = 0
  CBVfindFirstPeakD1=0
  CBVfindFirstPeakD2=0
  nvertices=128482
  Gdiag_no=-1
  vno start=0, stop=128482
Replacing 255s with 0s
#SI# sigma=2 had to be increased for 133 vertices, nripped=5354
mean border=60.8, 142 (142) missing vertices, mean dist 1.3 [3.9 (%0.0)->2.8 (%100.0))]
% 8 local maxima, %38 large gradients and %50 min vals, 0 gradients ignored
nFirstPeakD1 0
MRIScomputeBorderValues_new() finished in 0.0112 min


Averaging target values for 5 iterations...
Positioning Surface: tspring = 0.3, nspring = 0.3, spring = 0, niters = 100 l_repulse = 0, l_surf_repulse = 5, checktol = 0
Positioning pial surface
Entering MRISpositionSurface()
  max_mm = 0.3
  MAX_REDUCTIONS = 2, REDUCTION_PCT = 0.5
  parms->check_tol = 0, niterations = 100
tol=1.0e-04, sigma=2.0, host=dna07, nav=16, nbrs=2, l_surf_repulse=5.000, l_tspring=0.300, l_nspring=0.300, l_intensity=0.200, l_curv=1.000
mom=0.00, dt=0.50
complete_dist_mat 0
rms 0
smooth_averages 0
remove_neg 0
ico_order 0
which_surface 0
target_radius 0.000000
nfields 0
scale 0.000000
desired_rms_height 0.000000
momentum 0.000000
nbhd_size 0
max_nbrs 0
niterations 100
nsurfaces 0
SURFACES 3
flags 0 (0)
use curv 0
no sulc 0
no rigid align 0
mris->nsize 2
mris->hemisphere 1
randomSeed 0

000: dt: 0.0000, sse=18961586.0, rms=27.629
001: dt: 0.5000, sse=13226167.0, rms=23.025 (16.662%)
002: dt: 0.5000, sse=9058341.0, rms=18.991 (17.520%)
003: dt: 0.5000, sse=6262434.0, rms=15.714 (17.258%)
004: dt: 0.5000, sse=4470648.5, rms=13.190 (16.060%)
005: dt: 0.5000, sse=3301610.5, rms=11.240 (14.783%)
006: dt: 0.5000, sse=2479316.2, rms=9.633 (14.301%)
007: dt: 0.5000, sse=1889228.5, rms=8.287 (13.971%)
008: dt: 0.5000, sse=1460469.2, rms=7.150 (13.724%)
009: dt: 0.5000, sse=1149250.6, rms=6.192 (13.388%)
010: dt: 0.5000, sse=947502.2, rms=5.480 (11.498%)
011: dt: 0.5000, sse=814267.8, rms=4.952 (9.642%)
012: dt: 0.5000, sse=739636.4, rms=4.627 (6.568%)
013: dt: 0.5000, sse=692483.2, rms=4.407 (4.747%)
014: dt: 0.5000, sse=671073.8, rms=4.301 (2.418%)
015: dt: 0.5000, sse=657910.8, rms=4.233 (1.581%)
rms = 4.2031/4.2325, sse=652833.1/657910.8, time step reduction 1 of 3 to 0.250  0 0 1
016: dt: 0.5000, sse=652833.1, rms=4.203 (0.696%)
017: dt: 0.2500, sse=515560.5, rms=3.456 (17.766%)
018: dt: 0.2500, sse=486035.2, rms=3.275 (5.235%)
rms = 3.3186/3.2754, sse=493496.4/486035.2, time step reduction 2 of 3 to 0.125  0 1 1
   RMS increased, rejecting step
019: dt: 0.1250, sse=455867.5, rms=3.081 (5.946%)
020: dt: 0.1250, sse=416416.8, rms=2.804 (8.979%)
021: dt: 0.1250, sse=403372.7, rms=2.706 (3.494%)
rms = 2.6757/2.7061, sse=399501.3/403372.7, time step reduction 3 of 3 to 0.062  0 0 1
022: dt: 0.1250, sse=399501.3, rms=2.676 (1.120%)
  maximum number of reductions reached, breaking from loop
positioning took 1.5 minutes
Iteration 1 =========================================
n_averages=8, current_sigma=1
Computing target border values 
Entering MRIScomputeBorderValues_new(): 
  inside_hi   =  96.2298200;
  border_hi   =  61.9744870;
  border_low  =  43.9234620;
  outside_low =  10.0000000;
  outside_hi  =  57.4617310;
  sigma = 1;
  max_thickness = 10;
  step_size=0.5;
  STEP_SIZE=0.1;
  which = 2
  thresh = 0
  flags = 0
  CBVfindFirstPeakD1=0
  CBVfindFirstPeakD2=0
  nvertices=128482
  Gdiag_no=-1
  vno start=0, stop=128482
Replacing 255s with 0s
#SI# sigma=1 had to be increased for 12375 vertices, nripped=5354
mean border=59.5, 1875 (32) missing vertices, mean dist 0.1 [0.2 (%50.9)->0.6 (%49.1))]
%16 local maxima, %32 large gradients and %47 min vals, 0 gradients ignored
nFirstPeakD1 0
MRIScomputeBorderValues_new() finished in 0.0032 min


Averaging target values for 5 iterations...
Positioning Surface: tspring = 0.3, nspring = 0.3, spring = 0, niters = 100 l_repulse = 0, l_surf_repulse = 5, checktol = 0
Positioning pial surface
Entering MRISpositionSurface()
  max_mm = 0.3
  MAX_REDUCTIONS = 2, REDUCTION_PCT = 0.5
  parms->check_tol = 0, niterations = 100
tol=1.0e-04, sigma=1.0, host=dna07, nav=8, nbrs=2, l_surf_repulse=5.000, l_tspring=0.300, l_nspring=0.300, l_intensity=0.200, l_curv=1.000
mom=0.00, dt=0.50
000: dt: 0.0000, sse=589893.1, rms=3.669
rms = 4.5645/3.6690, sse=772150.1/589893.1, time step reduction 1 of 3 to 0.250  0 1 1
   RMS increased, rejecting step
023: dt: 0.2500, sse=501215.6, rms=3.136 (14.532%)
rms = 3.1424/3.1358, sse=502678.4/501215.6, time step reduction 2 of 3 to 0.125  0 1 1
   RMS increased, rejecting step
024: dt: 0.1250, sse=487394.3, rms=3.044 (2.932%)
025: dt: 0.1250, sse=462813.2, rms=2.872 (5.650%)
026: dt: 0.1250, sse=452231.4, rms=2.794 (2.710%)
027: dt: 0.1250, sse=443908.1, rms=2.732 (2.234%)
rms = 2.6976/2.7317, sse=439470.3/443908.1, time step reduction 3 of 3 to 0.062  0 0 1
028: dt: 0.1250, sse=439470.3, rms=2.698 (1.246%)
  maximum number of reductions reached, breaking from loop
positioning took 0.5 minutes
Iteration 2 =========================================
n_averages=4, current_sigma=0.5
Computing target border values 
Entering MRIScomputeBorderValues_new(): 
  inside_hi   =  96.2298200;
  border_hi   =  61.9744870;
  border_low  =  43.9234620;
  outside_low =  10.0000000;
  outside_hi  =  57.4617310;
  sigma = 0.5;
  max_thickness = 10;
  step_size=0.5;
  STEP_SIZE=0.1;
  which = 2
  thresh = 0
  flags = 0
  CBVfindFirstPeakD1=0
  CBVfindFirstPeakD2=0
  nvertices=128482
  Gdiag_no=-1
  vno start=0, stop=128482
Replacing 255s with 0s
#SI# sigma=0.5 had to be increased for 13614 vertices, nripped=5354
mean border=59.1, 2042 (28) missing vertices, mean dist 0.1 [0.2 (%45.7)->0.4 (%54.3))]
%26 local maxima, %22 large gradients and %47 min vals, 0 gradients ignored
nFirstPeakD1 0
MRIScomputeBorderValues_new() finished in 0.0021 min


Averaging target values for 5 iterations...
Positioning Surface: tspring = 0.3, nspring = 0.3, spring = 0, niters = 100 l_repulse = 0, l_surf_repulse = 5, checktol = 0
Positioning pial surface
Entering MRISpositionSurface()
  max_mm = 0.3
  MAX_REDUCTIONS = 2, REDUCTION_PCT = 0.5
  parms->check_tol = 0, niterations = 100
tol=1.0e-04, sigma=0.5, host=dna07, nav=4, nbrs=2, l_surf_repulse=5.000, l_tspring=0.300, l_nspring=0.300, l_intensity=0.200, l_curv=1.000
mom=0.00, dt=0.50
000: dt: 0.0000, sse=491546.9, rms=3.051
rms = 4.1497/3.0507, sse=685421.2/491546.9, time step reduction 1 of 3 to 0.250  0 1 1
   RMS increased, rejecting step
029: dt: 0.2500, sse=455441.3, rms=2.798 (8.276%)
rms = 2.9751/2.7983, sse=480413.0/455441.4, time step reduction 2 of 3 to 0.125  0 1 1
   RMS increased, rejecting step
030: dt: 0.1250, sse=447708.7, rms=2.741 (2.047%)
031: dt: 0.1250, sse=438473.7, rms=2.671 (2.557%)
rms = 2.6590/2.6709, sse=437002.5/438473.7, time step reduction 3 of 3 to 0.062  0 0 1
032: dt: 0.1250, sse=437002.5, rms=2.659 (0.444%)
  maximum number of reductions reached, breaking from loop
positioning took 0.4 minutes
Iteration 3 =========================================
n_averages=2, current_sigma=0.25
Computing target border values 
Entering MRIScomputeBorderValues_new(): 
  inside_hi   =  96.2298200;
  border_hi   =  61.9744870;
  border_low  =  43.9234620;
  outside_low =  10.0000000;
  outside_hi  =  57.4617310;
  sigma = 0.25;
  max_thickness = 10;
  step_size=0.5;
  STEP_SIZE=0.1;
  which = 2
  thresh = 0
  flags = 0
  CBVfindFirstPeakD1=0
  CBVfindFirstPeakD2=0
  nvertices=128482
  Gdiag_no=-1
  vno start=0, stop=128482
Replacing 255s with 0s
#SI# sigma=0.25 had to be increased for 11526 vertices, nripped=5354
mean border=58.5, 5047 (25) missing vertices, mean dist 0.1 [0.2 (%44.7)->0.4 (%55.3))]
%30 local maxima, %17 large gradients and %45 min vals, 0 gradients ignored
nFirstPeakD1 0
MRIScomputeBorderValues_new() finished in 0.0019 min


Averaging target values for 5 iterations...
Positioning Surface: tspring = 0.3, nspring = 0.3, spring = 0, niters = 100 l_repulse = 0, l_surf_repulse = 5, checktol = 0
Positioning pial surface
Entering MRISpositionSurface()
  max_mm = 0.3
  MAX_REDUCTIONS = 2, REDUCTION_PCT = 0.5
  parms->check_tol = 0, niterations = 100
tol=1.0e-04, sigma=0.2, host=dna07, nav=2, nbrs=2, l_surf_repulse=5.000, l_tspring=0.300, l_nspring=0.300, l_intensity=0.200, l_curv=1.000
mom=0.00, dt=0.50
000: dt: 0.0000, sse=471147.7, rms=2.904
rms = 4.1322/2.9041, sse=682298.2/471147.6, time step reduction 1 of 3 to 0.250  0 1 1
   RMS increased, rejecting step
033: dt: 0.2500, sse=441898.4, rms=2.691 (7.344%)
rms = 2.8038/2.6909, sse=456511.3/441898.4, time step reduction 2 of 3 to 0.125  0 1 1
   RMS increased, rejecting step
034: dt: 0.1250, sse=435234.3, rms=2.640 (1.894%)
035: dt: 0.1250, sse=425044.0, rms=2.561 (2.975%)
rms = 2.5463/2.5614, sse=423034.5/425044.0, time step reduction 3 of 3 to 0.062  0 0 1
036: dt: 0.1250, sse=423034.5, rms=2.546 (0.586%)
  maximum number of reductions reached, breaking from loop
positioning took 0.4 minutes
Pinning medial wall to white surface
removing intersecting faces
000: 2 intersecting
terminating search with 0 intersecting


Writing output to ../surf/rh.pial.T1
#ET# mris_place_surface  2.82 minutes
#VMPC# mris_place_surfaces VmPeak  2351388
mris_place_surface done
#@# white curv rh Sat Apr  4 13:27:46 CEST 2026
cd /out/sourcedata/freesurfer/sub-v1s12x0050113_ses-1/mri
mris_place_surface --curv-map ../surf/rh.white 2 10 ../surf/rh.curv
insurf  ../surf/rh.white, nbrs 2, curvature_avgs 10
writing curvature file ../surf/rh.curv
#@# white area rh Sat Apr  4 13:27:48 CEST 2026
cd /out/sourcedata/freesurfer/sub-v1s12x0050113_ses-1/mri
mris_place_surface --area-map ../surf/rh.white ../surf/rh.area
writing curvature file ../surf/rh.area
#@# pial curv rh Sat Apr  4 13:27:48 CEST 2026
cd /out/sourcedata/freesurfer/sub-v1s12x0050113_ses-1/mri
mris_place_surface --curv-map ../surf/rh.pial 2 10 ../surf/rh.curv.pial
insurf  ../surf/rh.pial, nbrs 2, curvature_avgs 10
writing curvature file ../surf/rh.curv.pial
#@# pial area rh Sat Apr  4 13:27:50 CEST 2026
cd /out/sourcedata/freesurfer/sub-v1s12x0050113_ses-1/mri
mris_place_surface --area-map ../surf/rh.pial ../surf/rh.area.pial
writing curvature file ../surf/rh.area.pial
#@# thickness rh Sat Apr  4 13:27:50 CEST 2026
cd /out/sourcedata/freesurfer/sub-v1s12x0050113_ses-1/mri
mris_place_surface --thickness ../surf/rh.white ../surf/rh.pial 20 5 ../surf/rh.thickness
0 of 128482 vertices processed
25000 of 128482 vertices processed
50000 of 128482 vertices processed
75000 of 128482 vertices processed
100000 of 128482 vertices processed
125000 of 128482 vertices processed
0 of 128482 vertices processed
25000 of 128482 vertices processed
50000 of 128482 vertices processed
75000 of 128482 vertices processed
100000 of 128482 vertices processed
125000 of 128482 vertices processed
thickness calculation complete, 57:288 truncations.
60783 vertices at 0 distance
113361 vertices at 1 distance
56404 vertices at 2 distance
17847 vertices at 3 distance
5601 vertices at 4 distance
1834 vertices at 5 distance
607 vertices at 6 distance
215 vertices at 7 distance
76 vertices at 8 distance
37 vertices at 9 distance
31 vertices at 10 distance
41 vertices at 11 distance
33 vertices at 12 distance
24 vertices at 13 distance
13 vertices at 14 distance
19 vertices at 15 distance
6 vertices at 16 distance
6 vertices at 17 distance
9 vertices at 18 distance
10 vertices at 19 distance
7 vertices at 20 distance
writing curvature file ../surf/rh.thickness
#@# area and vertex vol rh Sat Apr  4 13:28:07 CEST 2026
cd /out/sourcedata/freesurfer/sub-v1s12x0050113_ses-1/mri
mris_place_surface --thickness ../surf/rh.white ../surf/rh.pial 20 5 ../surf/rh.thickness
/out/sourcedata/freesurfer/sub-v1s12x0050113_ses-1/surf
mris_calc -o rh.area.mid rh.area add rh.area.pial
Saving result to 'rh.area.mid' (type = MRI_CURV_FILE)                       [ ok ]
mris_calc -o rh.area.mid rh.area.mid div 2
Saving result to 'rh.area.mid' (type = MRI_CURV_FILE)                       [ ok ]
mris_convert --volume sub-v1s12x0050113_ses-1 rh /out/sourcedata/freesurfer/sub-v1s12x0050113_ses-1/surf/rh.volume
masking with /out/sourcedata/freesurfer/sub-v1s12x0050113_ses-1/label/rh.cortex.label
Total face volume 221454
Total vertex volume 221251 (mask=0)
#@# sub-v1s12x0050113_ses-1 rh 221251
 
vertexvol Done

#-----------------------------------------
#@# Curvature Stats rh Sat Apr  4 13:28:08 CEST 2026
/out/sourcedata/freesurfer/sub-v1s12x0050113_ses-1/surf

 mris_curvature_stats -m --writeCurvatureFiles -G -o ../stats/rh.curv.stats -F smoothwm sub-v1s12x0050113_ses-1 rh curv sulc 

             Toggling save flag on curvature files                       [ ok ]
                 Outputting results using filestem   [ ../stats/rh.curv.stats ]
             Toggling save flag on curvature files                       [ ok ]
                                   Setting surface [ sub-v1s12x0050113_ses-1/rh.smoothwm ]
                                Reading surface...                       [ ok ]
                                   Setting texture                     [ curv ]
                                Reading texture...                       [ ok ]
                                   Setting texture                     [ sulc ]
                                Reading texture...Gb_filter = 0
                       [ ok ]
      Calculating Discrete Principal Curvatures...
      Determining geometric order for vno faces... [####################] [ ok ]
                      Determining KH curvatures... [####################] [ ok ]
                    Determining k1k2 curvatures... [####################] [ ok ]
                                   deltaViolations                      [ 220 ]
Gb_filter = 0

WARN:    S lookup   min:                          -0.018285
WARN:    S explicit min:                          0.000000	vertex = 506
#-----------------------------------------
#@# Cortical Parc 2 rh Sat Apr  4 13:28:10 CEST 2026
/out/sourcedata/freesurfer/sub-v1s12x0050113_ses-1/scripts

 mris_ca_label -l ../label/rh.cortex.label -aseg ../mri/aseg.presurf.mgz -seed 1234 sub-v1s12x0050113_ses-1 rh ../surf/rh.sphere.reg /opt/freesurfer/average/rh.CDaparc.atlas.acfb40.noaparc.i12.2016-08-02.gcs ../label/rh.aparc.a2009s.annot 

setting seed for random number generator to 1234
using ../mri/aseg.presurf.mgz aseg volume to correct midline
7.3.2
  7.3.2
reading atlas from /opt/freesurfer/average/rh.CDaparc.atlas.acfb40.noaparc.i12.2016-08-02.gcs...
reading color table from GCSA file....
average std = 1.4   using min determinant for regularization = 0.021
0 singular and 0 ill-conditioned covariance matrices regularized
input 0: MEAN CURVATURE, flags 0, avgs 5, name mean_curvature
labeling surface...
10 labels changed using aseg
relabeling using gibbs priors...
000:   8757 changed, 128482 examined...
001:   1931 changed, 33720 examined...
002:    633 changed, 10296 examined...
003:    270 changed, 3612 examined...
004:    157 changed, 1625 examined...
005:     76 changed, 925 examined...
006:     34 changed, 446 examined...
007:     14 changed, 212 examined...
008:     10 changed, 96 examined...
009:      3 changed, 61 examined...
010:      0 changed, 22 examined...
15 labels changed using aseg
000: 227 total segments, 142 labels (1887 vertices) changed
001: 92 total segments, 10 labels (118 vertices) changed
002: 82 total segments, 0 labels (0 vertices) changed
10 filter iterations complete (10 requested, 28 changed)
rationalizing unknown annotations with cortex label
relabeling Medial_wall label...
1176 vertices marked for relabeling...
1176 labels changed in reclassification.
writing output to ../label/rh.aparc.a2009s.annot...
classification took 0 minutes and 9 seconds.
#-----------------------------------------
#@# Cortical Parc 3 rh Sat Apr  4 13:28:19 CEST 2026
/out/sourcedata/freesurfer/sub-v1s12x0050113_ses-1/scripts

 mris_ca_label -l ../label/rh.cortex.label -aseg ../mri/aseg.presurf.mgz -seed 1234 sub-v1s12x0050113_ses-1 rh ../surf/rh.sphere.reg /opt/freesurfer/average/rh.DKTaparc.atlas.acfb40.noaparc.i12.2016-08-02.gcs ../label/rh.aparc.DKTatlas.annot 

setting seed for random number generator to 1234
using ../mri/aseg.presurf.mgz aseg volume to correct midline
7.3.2
  7.3.2
reading atlas from /opt/freesurfer/average/rh.DKTaparc.atlas.acfb40.noaparc.i12.2016-08-02.gcs...
reading color table from GCSA file....
average std = 0.9   using min determinant for regularization = 0.009
0 singular and 325 ill-conditioned covariance matrices regularized
input 0: MEAN CURVATURE, flags 0, avgs 5, name mean_curvature
labeling surface...
1910 labels changed using aseg
relabeling using gibbs priors...
000:   2048 changed, 128482 examined...
001:    476 changed, 9519 examined...
002:    116 changed, 2740 examined...
003:     35 changed, 700 examined...
004:     14 changed, 216 examined...
005:     12 changed, 85 examined...
006:      7 changed, 64 examined...
007:      8 changed, 36 examined...
008:      8 changed, 47 examined...
009:      8 changed, 39 examined...
010:      5 changed, 43 examined...
011:      6 changed, 26 examined...
012:      3 changed, 28 examined...
013:      3 changed, 20 examined...
014:      2 changed, 17 examined...
015:      3 changed, 15 examined...
016:      4 changed, 19 examined...
017:      4 changed, 26 examined...
018:      3 changed, 24 examined...
019:      2 changed, 19 examined...
020:      1 changed, 15 examined...
021:      0 changed, 6 examined...
225 labels changed using aseg
000: 49 total segments, 15 labels (180 vertices) changed
001: 36 total segments, 2 labels (3 vertices) changed
002: 34 total segments, 0 labels (0 vertices) changed
10 filter iterations complete (10 requested, 8 changed)
rationalizing unknown annotations with cortex label
relabeling unknown label...
relabeling corpuscallosum label...
1026 vertices marked for relabeling...
1026 labels changed in reclassification.
writing output to ../label/rh.aparc.DKTatlas.annot...
classification took 0 minutes and 7 seconds.
#-----------------------------------------
#@# WM/GM Contrast rh Sat Apr  4 13:28:26 CEST 2026
/out/sourcedata/freesurfer/sub-v1s12x0050113_ses-1/scripts

 pctsurfcon --s sub-v1s12x0050113_ses-1 --rh-only 

Log file is /out/sourcedata/freesurfer/sub-v1s12x0050113_ses-1/scripts/pctsurfcon.log
Sat Apr  4 13:28:26 CEST 2026
setenv SUBJECTS_DIR /out/sourcedata/freesurfer
cd /out/sourcedata/freesurfer/sub-v1s12x0050113_ses-1/scripts
/opt/freesurfer/bin/pctsurfcon
pctsurfcon 7.3.2
Linux dna070 5.14.0-427.37.1.el9_4.x86_64 #1 SMP PREEMPT_DYNAMIC Fri Sep 13 12:41:50 EDT 2024 x86_64 x86_64 x86_64 GNU/Linux
FREESURFER_HOME /opt/freesurfer
mri_vol2surf --mov /out/sourcedata/freesurfer/sub-v1s12x0050113_ses-1/mri/rawavg.mgz --hemi rh --noreshape --interp trilinear --projdist -1 --o /out/sourcedata/freesurfer/sub-v1s12x0050113_ses-1/surf/tmp.pctsurfcon.2283923/rh.wm.mgh --regheader sub-v1s12x0050113_ses-1 --cortex
srcvol = /out/sourcedata/freesurfer/sub-v1s12x0050113_ses-1/mri/rawavg.mgz
srcreg unspecified
srcregold = 0
srcwarp unspecified
surf = white
hemi = rh
ProjDist = -1
reshape = 0
interp = trilinear
float2int = round
GetProjMax = 0
INFO: float2int code = 0
Done loading volume
Computing registration from header.
  Using /out/sourcedata/freesurfer/sub-v1s12x0050113_ses-1/mri/orig.mgz as target reference.
-------- original matrix -----------
-0.99974   0.00000  -0.02269  -0.00002;
-0.02269   0.00000   0.99974  -0.00001;
 0.00000  -1.00000   0.00000   0.00000;
 0.00000   0.00000   0.00000   1.00000;
-------- original matrix -----------
Loading label /out/sourcedata/freesurfer/sub-v1s12x0050113_ses-1/label/rh.cortex.label
Reading surface /out/sourcedata/freesurfer/sub-v1s12x0050113_ses-1/surf/rh.white
Done reading source surface
Mapping Source Volume onto Source Subject Surface
Projecting -1 -1 1
 1 -1 -1 -1
using old
Done mapping volume to surface
Number of source voxels hit = 74635
Masking with /out/sourcedata/freesurfer/sub-v1s12x0050113_ses-1/label/rh.cortex.label
Writing to /out/sourcedata/freesurfer/sub-v1s12x0050113_ses-1/surf/tmp.pctsurfcon.2283923/rh.wm.mgh
Dim: 128482 1 1
mri_vol2surf --mov /out/sourcedata/freesurfer/sub-v1s12x0050113_ses-1/mri/rawavg.mgz --hemi rh --noreshape --interp trilinear --o /out/sourcedata/freesurfer/sub-v1s12x0050113_ses-1/surf/tmp.pctsurfcon.2283923/rh.gm.mgh --projfrac 0.3 --regheader sub-v1s12x0050113_ses-1 --cortex
srcvol = /out/sourcedata/freesurfer/sub-v1s12x0050113_ses-1/mri/rawavg.mgz
srcreg unspecified
srcregold = 0
srcwarp unspecified
surf = white
hemi = rh
ProjFrac = 0.3
thickness = thickness
reshape = 0
interp = trilinear
float2int = round
GetProjMax = 0
INFO: float2int code = 0
Done loading volume
Computing registration from header.
  Using /out/sourcedata/freesurfer/sub-v1s12x0050113_ses-1/mri/orig.mgz as target reference.
-------- original matrix -----------
-0.99974   0.00000  -0.02269  -0.00002;
-0.02269   0.00000   0.99974  -0.00001;
 0.00000  -1.00000   0.00000   0.00000;
 0.00000   0.00000   0.00000   1.00000;
-------- original matrix -----------
Loading label /out/sourcedata/freesurfer/sub-v1s12x0050113_ses-1/label/rh.cortex.label
Reading surface /out/sourcedata/freesurfer/sub-v1s12x0050113_ses-1/surf/rh.white
Done reading source surface
Reading thickness /out/sourcedata/freesurfer/sub-v1s12x0050113_ses-1/surf/rh.thickness
Done
Mapping Source Volume onto Source Subject Surface
Projecting 0.3 0.3 1
 1 0.3 0.3 0.3
using old
Done mapping volume to surface
Number of source voxels hit = 87142
Masking with /out/sourcedata/freesurfer/sub-v1s12x0050113_ses-1/label/rh.cortex.label
Writing to /out/sourcedata/freesurfer/sub-v1s12x0050113_ses-1/surf/tmp.pctsurfcon.2283923/rh.gm.mgh
Dim: 128482 1 1
mri_concat /out/sourcedata/freesurfer/sub-v1s12x0050113_ses-1/surf/tmp.pctsurfcon.2283923/rh.wm.mgh /out/sourcedata/freesurfer/sub-v1s12x0050113_ses-1/surf/tmp.pctsurfcon.2283923/rh.gm.mgh --paired-diff-norm --mul 100 --o /out/sourcedata/freesurfer/sub-v1s12x0050113_ses-1/surf/rh.w-g.pct.mgh
ninputs = 2
Checking inputs
nframestot = 2
Allocing output
Done allocing
Combining pairs
nframes = 1
Multiplying by 100.000000
Writing to /out/sourcedata/freesurfer/sub-v1s12x0050113_ses-1/surf/rh.w-g.pct.mgh
mri_segstats --in /out/sourcedata/freesurfer/sub-v1s12x0050113_ses-1/surf/rh.w-g.pct.mgh --annot sub-v1s12x0050113_ses-1 rh aparc --sum /out/sourcedata/freesurfer/sub-v1s12x0050113_ses-1/stats/rh.w-g.pct.stats --snr

7.3.2
cwd 
cmdline mri_segstats --in /out/sourcedata/freesurfer/sub-v1s12x0050113_ses-1/surf/rh.w-g.pct.mgh --annot sub-v1s12x0050113_ses-1 rh aparc --sum /out/sourcedata/freesurfer/sub-v1s12x0050113_ses-1/stats/rh.w-g.pct.stats --snr 
sysname  Linux
hostname dna070
machine  x86_64
user     oesteban
whitesurfname  white
UseRobust  0
Constructing seg from annotation

Reading annotation /out/sourcedata/freesurfer/sub-v1s12x0050113_ses-1/label/rh.aparc.annot
Seg base 2000
Loading /out/sourcedata/freesurfer/sub-v1s12x0050113_ses-1/surf/rh.w-g.pct.mgh
Vertex Area is 0.681768 mm^3
Generating list of segmentation ids
Found  36 segmentations
Computing statistics for each segmentation

Reporting on  35 segmentations
Using PrintSegStat
mri_segstats done
Cleaning up

Started at Sat Apr 4 13:10:48 CEST 2026 
Ended   at Sat Apr 4 13:28:28 CEST 2026
#@#%# recon-all-run-time-hours 0.294
recon-all -s sub-v1s12x0050113_ses-1 finished without error at Sat Apr  4 13:28:29 CEST 2026



#New# invocation of recon-all 




Sat Apr  4 13:34:05 CEST 2026
cd /out/sourcedata/freesurfer/sub-v1s12x0050113_ses-1
setenv SUBJECTS_DIR /out/sourcedata/freesurfer
/opt/freesurfer/bin/recon-all -autorecon-hemi rh -nohyporelabel -rh-only -openmp 16 -subjid sub-v1s12x0050113_ses-1 -sd /out/sourcedata/freesurfer -notessellate -nosmooth1 -noinflate1 -noqsphere -nofix -nowhite -nosmooth2 -noinflate2 -nocurvHK -nocurvstats -nosphere -nosurfreg -nojacobian_white -noavgcurv -nocortparc -nopial -nocortparc2 -nocortparc3 -nopctsurfcon

subjid sub-v1s12x0050113_ses-1
setenv SUBJECTS_DIR /out/sourcedata/freesurfer
FREESURFER_HOME /opt/freesurfer
Actual FREESURFER_HOME /opt/freesurfer
build-stamp.txt: freesurfer-linux-ubuntu22_x86_64-7.3.2-20220804-6354275
Linux dna070 5.14.0-427.37.1.el9_4.x86_64 #1 SMP PREEMPT_DYNAMIC Fri Sep 13 12:41:50 EDT 2024 x86_64 x86_64 x86_64 GNU/Linux
cputime      unlimited
filesize     unlimited
datasize     unlimited
stacksize    8192 kbytes
coredumpsize 0 kbytes
memoryuse    67108864 kbytes
vmemoryuse   unlimited
descriptors  1024 
memorylocked unlimited
maxproc      2061970 
maxlocks     unlimited
maxsignal    2062029 
maxmessage   819200 
maxnice      0 
maxrtprio    0 
maxrttime    unlimited

               total        used        free      shared  buff/cache   available
Mem:           503Gi        48Gi       282Gi        16Gi       172Gi       435Gi
Swap:             0B          0B          0B

########################################
program versions used
7.3.2 (freesurfer-linux-ubuntu22_x86_64-7.3.2-20220804-6354275)
7.3.2

ProgramName: lta_convert  ProgramArguments: lta_convert -all-info  ProgramVersion: 7.3.2  TimeStamp: 2026/04/04-11:34:05-GMT  BuildTime: Aug  4 2022 06:17:15  BuildStamp: freesurfer-linux-ubuntu22_x86_64-7.3.2-20220804-6354275  User: oesteban  Machine: dna070  Platform: Linux  PlatformVersion: 5.14.0-427.37.1.el9_4.x86_64  CompilerName: GCC  CompilerVersion: 8.4.0
ProgramName: mri_and  ProgramArguments: mri_and -all-info  ProgramVersion: 7.3.2  TimeStamp: 2026/04/04-11:34:05-GMT  BuildTime: Aug  4 2022 06:17:15  BuildStamp: freesurfer-linux-ubuntu22_x86_64-7.3.2-20220804-6354275  User: oesteban  Machine: dna070  Platform: Linux  PlatformVersion: 5.14.0-427.37.1.el9_4.x86_64  CompilerName: GCC  CompilerVersion: 8.4.0
ProgramName: mri_annotation2label  ProgramArguments: mri_annotation2label -all-info  ProgramVersion: 7.3.2  TimeStamp: 2026/04/04-11:34:05-GMT  BuildTime: Aug  4 2022 06:17:15  BuildStamp: freesurfer-linux-ubuntu22_x86_64-7.3.2-20220804-6354275  User: oesteban  Machine: dna070  Platform: Linux  PlatformVersion: 5.14.0-427.37.1.el9_4.x86_64  CompilerName: GCC  CompilerVersion: 8.4.0
ProgramName: mri_aparc2aseg  ProgramArguments: mri_aparc2aseg -all-info  ProgramVersion: 7.3.2  TimeStamp: 2026/04/04-11:34:05-GMT  BuildTime: Aug  4 2022 06:17:15  BuildStamp: freesurfer-linux-ubuntu22_x86_64-7.3.2-20220804-6354275  User: oesteban  Machine: dna070  Platform: Linux  PlatformVersion: 5.14.0-427.37.1.el9_4.x86_64  CompilerName: GCC  CompilerVersion: 8.4.0
ProgramName: mri_surf2volseg  ProgramArguments: mri_surf2volseg -all-info  ProgramVersion: 7.3.2  TimeStamp: 2026/04/04-11:34:05-GMT  BuildTime: Aug  4 2022 06:17:15  BuildStamp: freesurfer-linux-ubuntu22_x86_64-7.3.2-20220804-6354275  User: oesteban  Machine: dna070  Platform: Linux  PlatformVersion: 5.14.0-427.37.1.el9_4.x86_64  CompilerName: GCC  CompilerVersion: 8.4.0
ProgramName: mri_binarize  ProgramArguments: mri_binarize -all-info  ProgramVersion: 7.3.2  TimeStamp: 2026/04/04-11:34:05-GMT  BuildTime: Aug  4 2022 06:17:15  BuildStamp: freesurfer-linux-ubuntu22_x86_64-7.3.2-20220804-6354275  User: oesteban  Machine: dna070  Platform: Linux  PlatformVersion: 5.14.0-427.37.1.el9_4.x86_64  CompilerName: GCC  CompilerVersion: 8.4.0
ProgramName: mri_ca_label  ProgramArguments: mri_ca_label -all-info  ProgramVersion: 7.3.2  TimeStamp: 2026/04/04-11:34:05-GMT  BuildTime: Aug  4 2022 06:17:15  BuildStamp: freesurfer-linux-ubuntu22_x86_64-7.3.2-20220804-6354275  User: oesteban  Machine: dna070  Platform: Linux  PlatformVersion: 5.14.0-427.37.1.el9_4.x86_64  CompilerName: GCC  CompilerVersion: 8.4.0
ProgramName: mri_ca_normalize  ProgramArguments: mri_ca_normalize -all-info  ProgramVersion: 7.3.2  TimeStamp: 2026/04/04-11:34:05-GMT  BuildTime: Aug  4 2022 06:17:15  BuildStamp: freesurfer-linux-ubuntu22_x86_64-7.3.2-20220804-6354275  User: oesteban  Machine: dna070  Platform: Linux  PlatformVersion: 5.14.0-427.37.1.el9_4.x86_64  CompilerName: GCC  CompilerVersion: 8.4.0
ProgramName: mri_ca_register  ProgramArguments: mri_ca_register -all-info  ProgramVersion: 7.3.2  TimeStamp: 2026/04/04-11:34:05-GMT  BuildTime: Aug  4 2022 06:17:15  BuildStamp: freesurfer-linux-ubuntu22_x86_64-7.3.2-20220804-6354275  User: oesteban  Machine: dna070  Platform: Linux  PlatformVersion: 5.14.0-427.37.1.el9_4.x86_64  CompilerName: GCC  CompilerVersion: 8.4.0
ProgramName: mri_cc  ProgramArguments: mri_cc -all-info  ProgramVersion: 7.3.2  TimeStamp: 2026/04/04-11:34:05-GMT  BuildTime: Aug  4 2022 06:17:15  BuildStamp: freesurfer-linux-ubuntu22_x86_64-7.3.2-20220804-6354275  User: oesteban  Machine: dna070  Platform: Linux  PlatformVersion: 5.14.0-427.37.1.el9_4.x86_64  CompilerName: GCC  CompilerVersion: 8.4.0
ProgramName: mri_compute_overlap  ProgramArguments: mri_compute_overlap -all-info  ProgramVersion: 7.3.2  TimeStamp: 2026/04/04-11:34:05-GMT  BuildTime: Aug  4 2022 06:17:15  BuildStamp: freesurfer-linux-ubuntu22_x86_64-7.3.2-20220804-6354275  User: oesteban  Machine: dna070  Platform: Linux  PlatformVersion: 5.14.0-427.37.1.el9_4.x86_64  CompilerName: GCC  CompilerVersion: 8.4.0
ProgramName: mri_compute_seg_overlap  ProgramArguments: mri_compute_seg_overlap -all-info  ProgramVersion: 7.3.2  TimeStamp: 2026/04/04-11:34:05-GMT  BuildTime: Aug  4 2022 06:17:15  BuildStamp: freesurfer-linux-ubuntu22_x86_64-7.3.2-20220804-6354275  User: oesteban  Machine: dna070  Platform: Linux  PlatformVersion: 5.14.0-427.37.1.el9_4.x86_64  CompilerName: GCC  CompilerVersion: 8.4.0
ProgramName: mri_concat  ProgramArguments: mri_concat -all-info  ProgramVersion: 7.3.2  TimeStamp: 2026/04/04-11:34:05-GMT  BuildTime: Aug  4 2022 06:17:15  BuildStamp: freesurfer-linux-ubuntu22_x86_64-7.3.2-20220804-6354275  User: oesteban  Machine: dna070  Platform: Linux  PlatformVersion: 5.14.0-427.37.1.el9_4.x86_64  CompilerName: GCC  CompilerVersion: 8.4.0
ProgramName: mri_concatenate_lta  ProgramArguments: mri_concatenate_lta -all-info  ProgramVersion: 7.3.2  TimeStamp: 2026/04/04-11:34:05-GMT  BuildTime: Aug  4 2022 06:17:15  BuildStamp: freesurfer-linux-ubuntu22_x86_64-7.3.2-20220804-6354275  User: oesteban  Machine: dna070  Platform: Linux  PlatformVersion: 5.14.0-427.37.1.el9_4.x86_64  CompilerName: GCC  CompilerVersion: 8.4.0
mri_convert -all-info 
ProgramName: mri_convert  ProgramArguments: mri_convert -all-info  ProgramVersion: 7.3.2  TimeStamp: 2026/04/04-11:34:05-GMT  BuildTime: Aug  4 2022 06:17:15  BuildStamp: freesurfer-linux-ubuntu22_x86_64-7.3.2-20220804-6354275  User: oesteban  Machine: dna070  Platform: Linux  PlatformVersion: 5.14.0-427.37.1.el9_4.x86_64  CompilerName: GCC  CompilerVersion: 8.4.0
ProgramName: mri_diff  ProgramArguments: mri_diff -all-info  ProgramVersion: 7.3.2  TimeStamp: 2026/04/04-11:34:05-GMT  BuildTime: Aug  4 2022 06:17:15  BuildStamp: freesurfer-linux-ubuntu22_x86_64-7.3.2-20220804-6354275  User: oesteban  Machine: dna070  Platform: Linux  PlatformVersion: 5.14.0-427.37.1.el9_4.x86_64  CompilerName: GCC  CompilerVersion: 8.4.0
ProgramName: mri_edit_wm_with_aseg  ProgramArguments: mri_edit_wm_with_aseg -all-info  ProgramVersion: 7.3.2  TimeStamp: 2026/04/04-11:34:05-GMT  BuildTime: Aug  4 2022 06:17:15  BuildStamp: freesurfer-linux-ubuntu22_x86_64-7.3.2-20220804-6354275  User: oesteban  Machine: dna070  Platform: Linux  PlatformVersion: 5.14.0-427.37.1.el9_4.x86_64  CompilerName: GCC  CompilerVersion: 8.4.0
ProgramName: mri_em_register  ProgramArguments: mri_em_register -all-info  ProgramVersion: 7.3.2  TimeStamp: 2026/04/04-11:34:05-GMT  BuildTime: Aug  4 2022 06:17:15  BuildStamp: freesurfer-linux-ubuntu22_x86_64-7.3.2-20220804-6354275  User: oesteban  Machine: dna070  Platform: Linux  PlatformVersion: 5.14.0-427.37.1.el9_4.x86_64  CompilerName: GCC  CompilerVersion: 8.4.0
ProgramName: mri_fill  ProgramArguments: mri_fill -all-info  ProgramVersion: 7.3.2  TimeStamp: 2026/04/04-11:34:05-GMT  BuildTime: Aug  4 2022 06:17:15  BuildStamp: freesurfer-linux-ubuntu22_x86_64-7.3.2-20220804-6354275  User: oesteban  Machine: dna070  Platform: Linux  PlatformVersion: 5.14.0-427.37.1.el9_4.x86_64  CompilerName: GCC  CompilerVersion: 8.4.0
ProgramName: mri_fuse_segmentations  ProgramArguments: mri_fuse_segmentations -all-info  ProgramVersion: 7.3.2  TimeStamp: 2026/04/04-11:34:05-GMT  BuildTime: Aug  4 2022 06:17:15  BuildStamp: freesurfer-linux-ubuntu22_x86_64-7.3.2-20220804-6354275  User: oesteban  Machine: dna070  Platform: Linux  PlatformVersion: 5.14.0-427.37.1.el9_4.x86_64  CompilerName: GCC  CompilerVersion: 8.4.0
ProgramName: mri_fwhm  ProgramArguments: mri_fwhm -all-info  ProgramVersion: 7.3.2  TimeStamp: 2026/04/04-11:34:05-GMT  BuildTime: Aug  4 2022 06:17:15  BuildStamp: freesurfer-linux-ubuntu22_x86_64-7.3.2-20220804-6354275  User: oesteban  Machine: dna070  Platform: Linux  PlatformVersion: 5.14.0-427.37.1.el9_4.x86_64  CompilerName: GCC  CompilerVersion: 8.4.0
ProgramName: mri_gcut  ProgramArguments: mri_gcut -all-info  ProgramVersion: 7.3.2  TimeStamp: 2026/04/04-11:34:05-GMT  BuildTime: Aug  4 2022 06:17:15  BuildStamp: freesurfer-linux-ubuntu22_x86_64-7.3.2-20220804-6354275  User: oesteban  Machine: dna070  Platform: Linux  PlatformVersion: 5.14.0-427.37.1.el9_4.x86_64  CompilerName: GCC  CompilerVersion: 8.4.0
ProgramName: mri_info  ProgramArguments: mri_info -all-info  ProgramVersion: 7.3.2  TimeStamp: 2026/04/04-11:34:05-GMT  BuildTime: Aug  4 2022 06:17:15  BuildStamp: freesurfer-linux-ubuntu22_x86_64-7.3.2-20220804-6354275  User: oesteban  Machine: dna070  Platform: Linux  PlatformVersion: 5.14.0-427.37.1.el9_4.x86_64  CompilerName: GCC  CompilerVersion: 8.4.0
ProgramName: mri_label2label  ProgramArguments: mri_label2label -all-info  ProgramVersion: 7.3.2  TimeStamp: 2026/04/04-11:34:05-GMT  BuildTime: Aug  4 2022 06:17:15  BuildStamp: freesurfer-linux-ubuntu22_x86_64-7.3.2-20220804-6354275  User: oesteban  Machine: dna070  Platform: Linux  PlatformVersion: 5.14.0-427.37.1.el9_4.x86_64  CompilerName: GCC  CompilerVersion: 8.4.0
ProgramName: mri_label2vol  ProgramArguments: mri_label2vol -all-info  ProgramVersion: 7.3.2  TimeStamp: 2026/04/04-11:34:05-GMT  BuildTime: Aug  4 2022 06:17:15  BuildStamp: freesurfer-linux-ubuntu22_x86_64-7.3.2-20220804-6354275  User: oesteban  Machine: dna070  Platform: Linux  PlatformVersion: 5.14.0-427.37.1.el9_4.x86_64  CompilerName: GCC  CompilerVersion: 8.4.0
ProgramName: mri_log_likelihood  ProgramArguments: mri_log_likelihood -all-info  ProgramVersion: 7.3.2  TimeStamp: 2026/04/04-11:34:05-GMT  BuildTime: Aug  4 2022 06:17:15  BuildStamp: freesurfer-linux-ubuntu22_x86_64-7.3.2-20220804-6354275  User: oesteban  Machine: dna070  Platform: Linux  PlatformVersion: 5.14.0-427.37.1.el9_4.x86_64  CompilerName: GCC  CompilerVersion: 8.4.0
ProgramName: mri_mask  ProgramArguments: mri_mask -all-info  ProgramVersion: 7.3.2  TimeStamp: 2026/04/04-11:34:05-GMT  BuildTime: Aug  4 2022 06:17:15  BuildStamp: freesurfer-linux-ubuntu22_x86_64-7.3.2-20220804-6354275  User: oesteban  Machine: dna070  Platform: Linux  PlatformVersion: 5.14.0-427.37.1.el9_4.x86_64  CompilerName: GCC  CompilerVersion: 8.4.0
ProgramName: mri_matrix_multiply  ProgramArguments: mri_matrix_multiply -all-info  ProgramVersion: 7.3.2  TimeStamp: 2026/04/04-11:34:05-GMT  BuildTime: Aug  4 2022 06:17:15  BuildStamp: freesurfer-linux-ubuntu22_x86_64-7.3.2-20220804-6354275  User: oesteban  Machine: dna070  Platform: Linux  PlatformVersion: 5.14.0-427.37.1.el9_4.x86_64  CompilerName: GCC  CompilerVersion: 8.4.0
ProgramName: mri_normalize  ProgramArguments: mri_normalize -all-info  ProgramVersion: 7.3.2  TimeStamp: 2026/04/04-11:34:05-GMT  BuildTime: Aug  4 2022 06:17:15  BuildStamp: freesurfer-linux-ubuntu22_x86_64-7.3.2-20220804-6354275  User: oesteban  Machine: dna070  Platform: Linux  PlatformVersion: 5.14.0-427.37.1.el9_4.x86_64  CompilerName: GCC  CompilerVersion: 8.4.0
ProgramName: mri_normalize_tp2  ProgramArguments: mri_normalize_tp2 -all-info  ProgramVersion: 7.3.2  TimeStamp: 2026/04/04-11:34:05-GMT  BuildTime: Aug  4 2022 06:17:15  BuildStamp: freesurfer-linux-ubuntu22_x86_64-7.3.2-20220804-6354275  User: oesteban  Machine: dna070  Platform: Linux  PlatformVersion: 5.14.0-427.37.1.el9_4.x86_64  CompilerName: GCC  CompilerVersion: 8.4.0
ProgramName: mri_or  ProgramArguments: mri_or -all-info  ProgramVersion: 7.3.2  TimeStamp: 2026/04/04-11:34:05-GMT  BuildTime: Aug  4 2022 06:17:15  BuildStamp: freesurfer-linux-ubuntu22_x86_64-7.3.2-20220804-6354275  User: oesteban  Machine: dna070  Platform: Linux  PlatformVersion: 5.14.0-427.37.1.el9_4.x86_64  CompilerName: GCC  CompilerVersion: 8.4.0
ProgramName: mri_relabel_hypointensities  ProgramArguments: mri_relabel_hypointensities -all-info  ProgramVersion: 7.3.2  TimeStamp: 2026/04/04-11:34:05-GMT  BuildTime: Aug  4 2022 06:17:15  BuildStamp: freesurfer-linux-ubuntu22_x86_64-7.3.2-20220804-6354275  User: oesteban  Machine: dna070  Platform: Linux  PlatformVersion: 5.14.0-427.37.1.el9_4.x86_64  CompilerName: GCC  CompilerVersion: 8.4.0
ProgramName: mri_relabel_nonwm_hypos  ProgramArguments: mri_relabel_nonwm_hypos -all-info  ProgramVersion: 7.3.2  TimeStamp: 2026/04/04-11:34:05-GMT  BuildTime: Aug  4 2022 06:17:15  BuildStamp: freesurfer-linux-ubuntu22_x86_64-7.3.2-20220804-6354275  User: oesteban  Machine: dna070  Platform: Linux  PlatformVersion: 5.14.0-427.37.1.el9_4.x86_64  CompilerName: GCC  CompilerVersion: 8.4.0
ProgramName: mri_remove_neck  ProgramArguments: mri_remove_neck -all-info  ProgramVersion: 7.3.2  TimeStamp: 2026/04/04-11:34:05-GMT  BuildTime: Aug  4 2022 06:17:15  BuildStamp: freesurfer-linux-ubuntu22_x86_64-7.3.2-20220804-6354275  User: oesteban  Machine: dna070  Platform: Linux  PlatformVersion: 5.14.0-427.37.1.el9_4.x86_64  CompilerName: GCC  CompilerVersion: 8.4.0
7.3.2

ProgramName: mri_robust_register  ProgramArguments: mri_robust_register -all-info  ProgramVersion: 7.3.2  TimeStamp: 2026/04/04-11:34:05-GMT  BuildTime: Aug  4 2022 06:17:15  BuildStamp: freesurfer-linux-ubuntu22_x86_64-7.3.2-20220804-6354275  User: oesteban  Machine: dna070  Platform: Linux  PlatformVersion: 5.14.0-427.37.1.el9_4.x86_64  CompilerName: GCC  CompilerVersion: 8.4.0
7.3.2

ProgramName: mri_robust_template  ProgramArguments: mri_robust_template -all-info  ProgramVersion: 7.3.2  TimeStamp: 2026/04/04-11:34:05-GMT  BuildTime: Aug  4 2022 06:17:15  BuildStamp: freesurfer-linux-ubuntu22_x86_64-7.3.2-20220804-6354275  User: oesteban  Machine: dna070  Platform: Linux  PlatformVersion: 5.14.0-427.37.1.el9_4.x86_64  CompilerName: GCC  CompilerVersion: 8.4.0
ProgramName: mris_anatomical_stats  ProgramArguments: mris_anatomical_stats -all-info  ProgramVersion: 7.3.2  TimeStamp: 2026/04/04-11:34:05-GMT  BuildTime: Aug  4 2022 06:17:15  BuildStamp: freesurfer-linux-ubuntu22_x86_64-7.3.2-20220804-6354275  User: oesteban  Machine: dna070  Platform: Linux  PlatformVersion: 5.14.0-427.37.1.el9_4.x86_64  CompilerName: GCC  CompilerVersion: 8.4.0
ProgramName: mris_ca_label  ProgramArguments: mris_ca_label -all-info  ProgramVersion: 7.3.2  TimeStamp: 2026/04/04-11:34:05-GMT  BuildTime: Aug  4 2022 06:17:15  BuildStamp: freesurfer-linux-ubuntu22_x86_64-7.3.2-20220804-6354275  User: oesteban  Machine: dna070  Platform: Linux  PlatformVersion: 5.14.0-427.37.1.el9_4.x86_64  CompilerName: GCC  CompilerVersion: 8.4.0
ProgramName: mris_calc  ProgramArguments: mris_calc -all-info  ProgramVersion: 7.3.2  TimeStamp: 2026/04/04-11:34:05-GMT  BuildTime: Aug  4 2022 06:17:15  BuildStamp: freesurfer-linux-ubuntu22_x86_64-7.3.2-20220804-6354275  User: oesteban  Machine: dna070  Platform: Linux  PlatformVersion: 5.14.0-427.37.1.el9_4.x86_64  CompilerName: GCC  CompilerVersion: 8.4.0
ProgramName: mris_convert  ProgramArguments: mris_convert -all-info  ProgramVersion: 7.3.2  TimeStamp: 2026/04/04-11:34:05-GMT  BuildTime: Aug  4 2022 06:17:15  BuildStamp: freesurfer-linux-ubuntu22_x86_64-7.3.2-20220804-6354275  User: oesteban  Machine: dna070  Platform: Linux  PlatformVersion: 5.14.0-427.37.1.el9_4.x86_64  CompilerName: GCC  CompilerVersion: 8.4.0
ProgramName: mris_curvature  ProgramArguments: mris_curvature -all-info  ProgramVersion: 7.3.2  TimeStamp: 2026/04/04-11:34:05-GMT  BuildTime: Aug  4 2022 06:17:15  BuildStamp: freesurfer-linux-ubuntu22_x86_64-7.3.2-20220804-6354275  User: oesteban  Machine: dna070  Platform: Linux  PlatformVersion: 5.14.0-427.37.1.el9_4.x86_64  CompilerName: GCC  CompilerVersion: 8.4.0
ProgramName: mris_curvature_stats  ProgramArguments: mris_curvature_stats -all-info  ProgramVersion: 7.3.2  TimeStamp: 2026/04/04-11:34:05-GMT  BuildTime: Aug  4 2022 06:17:15  BuildStamp: freesurfer-linux-ubuntu22_x86_64-7.3.2-20220804-6354275  User: oesteban  Machine: dna070  Platform: Linux  PlatformVersion: 5.14.0-427.37.1.el9_4.x86_64  CompilerName: GCC  CompilerVersion: 8.4.0
ProgramName: mris_diff  ProgramArguments: mris_diff -all-info  ProgramVersion: 7.3.2  TimeStamp: 2026/04/04-11:34:05-GMT  BuildTime: Aug  4 2022 06:17:15  BuildStamp: freesurfer-linux-ubuntu22_x86_64-7.3.2-20220804-6354275  User: oesteban  Machine: dna070  Platform: Linux  PlatformVersion: 5.14.0-427.37.1.el9_4.x86_64  CompilerName: GCC  CompilerVersion: 8.4.0
ProgramName: mris_divide_parcellation  ProgramArguments: mris_divide_parcellation -all-info  ProgramVersion: 7.3.2  TimeStamp: 2026/04/04-11:34:05-GMT  BuildTime: Aug  4 2022 06:17:15  BuildStamp: freesurfer-linux-ubuntu22_x86_64-7.3.2-20220804-6354275  User: oesteban  Machine: dna070  Platform: Linux  PlatformVersion: 5.14.0-427.37.1.el9_4.x86_64  CompilerName: GCC  CompilerVersion: 8.4.0
ProgramName: mri_segment  ProgramArguments: mri_segment -all-info  ProgramVersion: 7.3.2  TimeStamp: 2026/04/04-11:34:05-GMT  BuildTime: Aug  4 2022 06:17:15  BuildStamp: freesurfer-linux-ubuntu22_x86_64-7.3.2-20220804-6354275  User: oesteban  Machine: dna070  Platform: Linux  PlatformVersion: 5.14.0-427.37.1.el9_4.x86_64  CompilerName: GCC  CompilerVersion: 8.4.0
ProgramName: mri_segstats  ProgramArguments: mri_segstats -all-info  ProgramVersion: 7.3.2  TimeStamp: 2026/04/04-11:34:05-GMT  BuildTime: Aug  4 2022 06:17:15  BuildStamp: freesurfer-linux-ubuntu22_x86_64-7.3.2-20220804-6354275  User: oesteban  Machine: dna070  Platform: Linux  PlatformVersion: 5.14.0-427.37.1.el9_4.x86_64  CompilerName: GCC  CompilerVersion: 8.4.0
ProgramName: mris_euler_number  ProgramArguments: mris_euler_number -all-info  ProgramVersion: 7.3.2  TimeStamp: 2026/04/04-11:34:05-GMT  BuildTime: Aug  4 2022 06:17:15  BuildStamp: freesurfer-linux-ubuntu22_x86_64-7.3.2-20220804-6354275  User: oesteban  Machine: dna070  Platform: Linux  PlatformVersion: 5.14.0-427.37.1.el9_4.x86_64  CompilerName: GCC  CompilerVersion: 8.4.0
ProgramName: mris_fix_topology  ProgramArguments: mris_fix_topology -all-info  ProgramVersion: 7.3.2  TimeStamp: 2026/04/04-11:34:05-GMT  BuildTime: Aug  4 2022 06:17:15  BuildStamp: freesurfer-linux-ubuntu22_x86_64-7.3.2-20220804-6354275  User: oesteban  Machine: dna070  Platform: Linux  PlatformVersion: 5.14.0-427.37.1.el9_4.x86_64  CompilerName: GCC  CompilerVersion: 8.4.0
ProgramName: mris_topo_fixer  ProgramArguments: mris_topo_fixer -all-info  ProgramVersion: 7.3.2  TimeStamp: 2026/04/04-11:34:05-GMT  BuildTime: Aug  4 2022 06:17:15  BuildStamp: freesurfer-linux-ubuntu22_x86_64-7.3.2-20220804-6354275  User: oesteban  Machine: dna070  Platform: Linux  PlatformVersion: 5.14.0-427.37.1.el9_4.x86_64  CompilerName: GCC  CompilerVersion: 8.4.0
ProgramName: mris_jacobian  ProgramArguments: mris_jacobian -all-info  ProgramVersion: 7.3.2  TimeStamp: 2026/04/04-11:34:05-GMT  BuildTime: Aug  4 2022 06:17:15  BuildStamp: freesurfer-linux-ubuntu22_x86_64-7.3.2-20220804-6354275  User: oesteban  Machine: dna070  Platform: Linux  PlatformVersion: 5.14.0-427.37.1.el9_4.x86_64  CompilerName: GCC  CompilerVersion: 8.4.0
ProgramName: mris_label2annot  ProgramArguments: mris_label2annot -all-info  ProgramVersion: 7.3.2  TimeStamp: 2026/04/04-11:34:05-GMT  BuildTime: Aug  4 2022 06:17:15  BuildStamp: freesurfer-linux-ubuntu22_x86_64-7.3.2-20220804-6354275  User: oesteban  Machine: dna070  Platform: Linux  PlatformVersion: 5.14.0-427.37.1.el9_4.x86_64  CompilerName: GCC  CompilerVersion: 8.4.0
ProgramName: mris_left_right_register  ProgramArguments: mris_left_right_register -all-info  ProgramVersion: 7.3.2  TimeStamp: 2026/04/04-11:34:05-GMT  BuildTime: Aug  4 2022 06:17:15  BuildStamp: freesurfer-linux-ubuntu22_x86_64-7.3.2-20220804-6354275  User: oesteban  Machine: dna070  Platform: Linux  PlatformVersion: 5.14.0-427.37.1.el9_4.x86_64  CompilerName: GCC  CompilerVersion: 8.4.0
ProgramName: mris_place_surface  ProgramArguments: mris_place_surface -all-info  ProgramVersion: 7.3.2  TimeStamp: 2026/04/04-11:34:05-GMT  BuildTime: Aug  4 2022 06:17:15  BuildStamp: freesurfer-linux-ubuntu22_x86_64-7.3.2-20220804-6354275  User: oesteban  Machine: dna070  Platform: Linux  PlatformVersion: 5.14.0-427.37.1.el9_4.x86_64  CompilerName: GCC  CompilerVersion: 8.4.0
ProgramName: mrisp_paint  ProgramArguments: mrisp_paint -all-info  ProgramVersion: 7.3.2  TimeStamp: 2026/04/04-11:34:05-GMT  BuildTime: Aug  4 2022 06:17:15  BuildStamp: freesurfer-linux-ubuntu22_x86_64-7.3.2-20220804-6354275  User: oesteban  Machine: dna070  Platform: Linux  PlatformVersion: 5.14.0-427.37.1.el9_4.x86_64  CompilerName: GCC  CompilerVersion: 8.4.0
ProgramName: mris_register  ProgramArguments: mris_register -all-info  ProgramVersion: 7.3.2  TimeStamp: 2026/04/04-11:34:05-GMT  BuildTime: Aug  4 2022 06:17:15  BuildStamp: freesurfer-linux-ubuntu22_x86_64-7.3.2-20220804-6354275  User: oesteban  Machine: dna070  Platform: Linux  PlatformVersion: 5.14.0-427.37.1.el9_4.x86_64  CompilerName: GCC  CompilerVersion: 8.4.0
ProgramName: mris_smooth  ProgramArguments: mris_smooth -all-info  ProgramVersion: 7.3.2  TimeStamp: 2026/04/04-11:34:05-GMT  BuildTime: Aug  4 2022 06:17:15  BuildStamp: freesurfer-linux-ubuntu22_x86_64-7.3.2-20220804-6354275  User: oesteban  Machine: dna070  Platform: Linux  PlatformVersion: 5.14.0-427.37.1.el9_4.x86_64  CompilerName: GCC  CompilerVersion: 8.4.0
ProgramName: mris_sphere  ProgramArguments: mris_sphere -all-info  ProgramVersion: 7.3.2  TimeStamp: 2026/04/04-11:34:05-GMT  BuildTime: Aug  4 2022 06:17:15  BuildStamp: freesurfer-linux-ubuntu22_x86_64-7.3.2-20220804-6354275  User: oesteban  Machine: dna070  Platform: Linux  PlatformVersion: 5.14.0-427.37.1.el9_4.x86_64  CompilerName: GCC  CompilerVersion: 8.4.0
ProgramName: mris_surface_stats  ProgramArguments: mris_surface_stats -all-info  ProgramVersion: 7.3.2  TimeStamp: 2026/04/04-11:34:05-GMT  BuildTime: Aug  4 2022 06:17:15  BuildStamp: freesurfer-linux-ubuntu22_x86_64-7.3.2-20220804-6354275  User: oesteban  Machine: dna070  Platform: Linux  PlatformVersion: 5.14.0-427.37.1.el9_4.x86_64  CompilerName: GCC  CompilerVersion: 8.4.0
ProgramName: mri_stats2seg  ProgramArguments: mri_stats2seg -all-info  ProgramVersion: 7.3.2  TimeStamp: 2026/04/04-11:34:05-GMT  BuildTime: Aug  4 2022 06:17:15  BuildStamp: freesurfer-linux-ubuntu22_x86_64-7.3.2-20220804-6354275  User: oesteban  Machine: dna070  Platform: Linux  PlatformVersion: 5.14.0-427.37.1.el9_4.x86_64  CompilerName: GCC  CompilerVersion: 8.4.0
ProgramName: mris_thickness  ProgramArguments: mris_thickness -all-info  ProgramVersion: 7.3.2  TimeStamp: 2026/04/04-11:34:05-GMT  BuildTime: Aug  4 2022 06:17:15  BuildStamp: freesurfer-linux-ubuntu22_x86_64-7.3.2-20220804-6354275  User: oesteban  Machine: dna070  Platform: Linux  PlatformVersion: 5.14.0-427.37.1.el9_4.x86_64  CompilerName: GCC  CompilerVersion: 8.4.0
ProgramName: mris_thickness_diff  ProgramArguments: mris_thickness_diff -all-info  ProgramVersion: 7.3.2  TimeStamp: 2026/04/04-11:34:05-GMT  BuildTime: Aug  4 2022 06:17:15  BuildStamp: freesurfer-linux-ubuntu22_x86_64-7.3.2-20220804-6354275  User: oesteban  Machine: dna070  Platform: Linux  PlatformVersion: 5.14.0-427.37.1.el9_4.x86_64  CompilerName: GCC  CompilerVersion: 8.4.0
ProgramName: mris_topo_fixer  ProgramArguments: mris_topo_fixer -all-info  ProgramVersion: 7.3.2  TimeStamp: 2026/04/04-11:34:05-GMT  BuildTime: Aug  4 2022 06:17:15  BuildStamp: freesurfer-linux-ubuntu22_x86_64-7.3.2-20220804-6354275  User: oesteban  Machine: dna070  Platform: Linux  PlatformVersion: 5.14.0-427.37.1.el9_4.x86_64  CompilerName: GCC  CompilerVersion: 8.4.0
ProgramName: mri_surf2surf  ProgramArguments: mri_surf2surf -all-info  ProgramVersion: 7.3.2  TimeStamp: 2026/04/04-11:34:05-GMT  BuildTime: Aug  4 2022 06:17:15  BuildStamp: freesurfer-linux-ubuntu22_x86_64-7.3.2-20220804-6354275  User: oesteban  Machine: dna070  Platform: Linux  PlatformVersion: 5.14.0-427.37.1.el9_4.x86_64  CompilerName: GCC  CompilerVersion: 8.4.0
ProgramName: mri_surf2vol  ProgramArguments: mri_surf2vol -all-info  ProgramVersion: 7.3.2  TimeStamp: 2026/04/04-11:34:05-GMT  BuildTime: Aug  4 2022 06:17:15  BuildStamp: freesurfer-linux-ubuntu22_x86_64-7.3.2-20220804-6354275  User: oesteban  Machine: dna070  Platform: Linux  PlatformVersion: 5.14.0-427.37.1.el9_4.x86_64  CompilerName: GCC  CompilerVersion: 8.4.0
ProgramName: mri_surfcluster  ProgramArguments: mri_surfcluster -all-info  ProgramVersion: 7.3.2  TimeStamp: 2026/04/04-11:34:05-GMT  BuildTime: Aug  4 2022 06:17:15  BuildStamp: freesurfer-linux-ubuntu22_x86_64-7.3.2-20220804-6354275  User: oesteban  Machine: dna070  Platform: Linux  PlatformVersion: 5.14.0-427.37.1.el9_4.x86_64  CompilerName: GCC  CompilerVersion: 8.4.0
ProgramName: mris_volmask  ProgramArguments: mris_volmask -all-info  ProgramVersion: 7.3.2  TimeStamp: 2026/04/04-11:34:05-GMT  BuildTime: Aug  4 2022 06:17:15  BuildStamp: freesurfer-linux-ubuntu22_x86_64-7.3.2-20220804-6354275  User: oesteban  Machine: dna070  Platform: Linux  PlatformVersion: 5.14.0-427.37.1.el9_4.x86_64  CompilerName: GCC  CompilerVersion: 8.4.0
ProgramName: mri_tessellate  ProgramArguments: mri_tessellate -all-info  ProgramVersion: 7.3.2  TimeStamp: 2026/04/04-11:34:05-GMT  BuildTime: Aug  4 2022 06:17:15  BuildStamp: freesurfer-linux-ubuntu22_x86_64-7.3.2-20220804-6354275  User: oesteban  Machine: dna070  Platform: Linux  PlatformVersion: 5.14.0-427.37.1.el9_4.x86_64  CompilerName: GCC  CompilerVersion: 8.4.0
ProgramName: mri_vol2surf  ProgramArguments: mri_vol2surf -all-info  ProgramVersion: 7.3.2  TimeStamp: 2026/04/04-11:34:05-GMT  BuildTime: Aug  4 2022 06:17:15  BuildStamp: freesurfer-linux-ubuntu22_x86_64-7.3.2-20220804-6354275  User: oesteban  Machine: dna070  Platform: Linux  PlatformVersion: 5.14.0-427.37.1.el9_4.x86_64  CompilerName: GCC  CompilerVersion: 8.4.0
ProgramName: mri_vol2vol  ProgramArguments: mri_vol2vol -all-info  ProgramVersion: 7.3.2  TimeStamp: 2026/04/04-11:34:05-GMT  BuildTime: Aug  4 2022 06:17:15  BuildStamp: freesurfer-linux-ubuntu22_x86_64-7.3.2-20220804-6354275  User: oesteban  Machine: dna070  Platform: Linux  PlatformVersion: 5.14.0-427.37.1.el9_4.x86_64  CompilerName: GCC  CompilerVersion: 8.4.0
ProgramName: mri_voldiff  ProgramArguments: mri_voldiff -all-info  ProgramVersion: 7.3.2  TimeStamp: 2026/04/04-11:34:05-GMT  BuildTime: Aug  4 2022 06:17:15  BuildStamp: freesurfer-linux-ubuntu22_x86_64-7.3.2-20220804-6354275  User: oesteban  Machine: dna070  Platform: Linux  PlatformVersion: 5.14.0-427.37.1.el9_4.x86_64  CompilerName: GCC  CompilerVersion: 8.4.0
ProgramName: mri_watershed  ProgramArguments: mri_watershed -all-info  ProgramVersion: 7.3.2  TimeStamp: 2026/04/04-11:34:05-GMT  BuildTime: Aug  4 2022 06:17:15  BuildStamp: freesurfer-linux-ubuntu22_x86_64-7.3.2-20220804-6354275  User: oesteban  Machine: dna070  Platform: Linux  PlatformVersion: 5.14.0-427.37.1.el9_4.x86_64  CompilerName: GCC  CompilerVersion: 8.4.0
ProgramName: tkregister2  ProgramArguments: tkregister2_cmdl -all-info  ProgramVersion: 7.3.2  TimeStamp: 2026/04/04-11:34:05-GMT  BuildTime: Aug  4 2022 06:17:15  BuildStamp: freesurfer-linux-ubuntu22_x86_64-7.3.2-20220804-6354275  User: oesteban  Machine: dna070  Platform: Linux  PlatformVersion: 5.14.0-427.37.1.el9_4.x86_64  CompilerName: GCC  CompilerVersion: 8.4.0
mri_motion_correct.fsl 7.3.2
mri_convert -all-info 
ProgramName: mri_convert  ProgramArguments: mri_convert -all-info  ProgramVersion: 7.3.2  TimeStamp: 2026/04/04-11:34:05-GMT  BuildTime: Aug  4 2022 06:17:15  BuildStamp: freesurfer-linux-ubuntu22_x86_64-7.3.2-20220804-6354275  User: oesteban  Machine: dna070  Platform: Linux  PlatformVersion: 5.14.0-427.37.1.el9_4.x86_64  CompilerName: GCC  CompilerVersion: 8.4.0
Program nu_correct, built from:
Package MNI N3, version 1.12.0, compiled by nicks@terrier (x86_64-unknown-linux-gnu) on 2015-06-19 at 01:25:34
#######################################
GCADIR /opt/freesurfer/average
GCA RB_all_2020-01-02.gca
GCASkull RB_all_withskull_2020_01_02.gca
AvgCurvTif folding.atlas.acfb40.noaparc.i12.2016-08-02.tif
GCSDIR /opt/freesurfer/average
GCS DKaparc.atlas.acfb40.noaparc.i12.2016-08-02.gcs
#######################################
#--------------------------------------------
#@# AutoDetGWStats rh Sat Apr  4 13:34:05 CEST 2026
cd /out/sourcedata/freesurfer/sub-v1s12x0050113_ses-1/mri
mris_autodet_gwstats --o ../surf/autodet.gw.stats.rh.dat --i brain.finalsurfs.mgz --wm wm.mgz --surf ../surf/rh.orig.premesh
  Update not needed
#--------------------------------------------
#@# WhitePreAparc rh Sat Apr  4 13:34:05 CEST 2026
cd /out/sourcedata/freesurfer/sub-v1s12x0050113_ses-1/mri
mris_place_surface --adgws-in ../surf/autodet.gw.stats.rh.dat --wm wm.mgz --threads 16 --invol brain.finalsurfs.mgz --rh --i ../surf/rh.orig --o ../surf/rh.white.preaparc --white --seg aseg.presurf.mgz --nsmooth 5
   Update not needed
#--------------------------------------------
#@# CortexLabel rh Sat Apr  4 13:34:05 CEST 2026
cd /out/sourcedata/freesurfer/sub-v1s12x0050113_ses-1/mri
mri_label2label --label-cortex ../surf/rh.white.preaparc aseg.presurf.mgz 0 ../label/rh.cortex.label
   Update not needed
#--------------------------------------------
#@# CortexLabel+HipAmyg rh Sat Apr  4 13:34:05 CEST 2026
cd /out/sourcedata/freesurfer/sub-v1s12x0050113_ses-1/mri
mri_label2label --label-cortex ../surf/rh.white.preaparc aseg.presurf.mgz 1 ../label/rh.cortex+hipamyg.label
   Update not needed
#@# white curv rh Sat Apr  4 13:34:05 CEST 2026
cd /out/sourcedata/freesurfer/sub-v1s12x0050113_ses-1/mri
mris_place_surface --curv-map ../surf/rh.white 2 10 ../surf/rh.curv
   Update not needed
#@# white area rh Sat Apr  4 13:34:05 CEST 2026
cd /out/sourcedata/freesurfer/sub-v1s12x0050113_ses-1/mri
mris_place_surface --area-map ../surf/rh.white ../surf/rh.area
   Update not needed
#@# pial curv rh Sat Apr  4 13:34:05 CEST 2026
cd /out/sourcedata/freesurfer/sub-v1s12x0050113_ses-1/mri
mris_place_surface --curv-map ../surf/rh.pial 2 10 ../surf/rh.curv.pial
   Update not needed
#@# pial area rh Sat Apr  4 13:34:05 CEST 2026
cd /out/sourcedata/freesurfer/sub-v1s12x0050113_ses-1/mri
mris_place_surface --area-map ../surf/rh.pial ../surf/rh.area.pial
   Update not needed
#@# thickness rh Sat Apr  4 13:34:05 CEST 2026
cd /out/sourcedata/freesurfer/sub-v1s12x0050113_ses-1/mri
mris_place_surface --thickness ../surf/rh.white ../surf/rh.pial 20 5 ../surf/rh.thickness
   Update not needed
#@# area and vertex vol rh Sat Apr  4 13:34:05 CEST 2026
cd /out/sourcedata/freesurfer/sub-v1s12x0050113_ses-1/mri
mris_place_surface --thickness ../surf/rh.white ../surf/rh.pial 20 5 ../surf/rh.thickness
   Update not needed
#-----------------------------------------
#@# Parcellation Stats rh Sat Apr  4 13:34:05 CEST 2026
/out/sourcedata/freesurfer/sub-v1s12x0050113_ses-1/scripts

 mris_anatomical_stats -th3 -mgz -noglobal -cortex ../label/rh.cortex.label -f ../stats/rh.aparc.stats -b -a ../label/rh.aparc.annot -c ../label/aparc.annot.ctab sub-v1s12x0050113_ses-1 rh white 

computing statistics for each annotation in ../label/rh.aparc.annot.
reading volume /out/sourcedata/freesurfer/sub-v1s12x0050113_ses-1/mri/wm.mgz...
reading input surface /out/sourcedata/freesurfer/sub-v1s12x0050113_ses-1/surf/rh.white...
reading input pial surface /out/sourcedata/freesurfer/sub-v1s12x0050113_ses-1/surf/rh.pial...
reading input white surface /out/sourcedata/freesurfer/sub-v1s12x0050113_ses-1/surf/rh.white...
INFO: using TH3 volume calc
INFO: assuming MGZ format for volumes.
INFO: not computing global stats
INFO: using ../label/rh.cortex.label as mask to calc cortex NumVert, SurfArea and MeanThickness.
Using TH3 vertex volume calc
Total face volume 221454
Total vertex volume 221251 (mask=0)
Saving annotation colortable ../label/aparc.annot.ctab

table columns are:
    number of vertices
    total surface area (mm^2)
    total gray matter volume (mm^3)
    average cortical thickness +- standard deviation (mm)
    integrated rectified mean curvature
    integrated rectified Gaussian curvature
    folding index
    intrinsic curvature index
    structure name

 1193    785   1939  2.660 0.365     0.075     0.010        4     0.5  bankssts
 1022    663   1830  2.277 0.936     0.114     0.016       12     0.7  caudalanteriorcingulate
 3236   2194   5895  2.570 0.451     0.107     0.021       26     3.1  caudalmiddlefrontal
 2916   1911   3406  1.742 0.513     0.135     0.030       39     3.8  cuneus
  560    357   1403  3.122 0.528     0.096     0.018        4     0.4  entorhinal
 4246   2945   9046  2.766 0.595     0.118     0.023       48     4.1  fusiform
 6507   4720  11775  2.358 0.458     0.125     0.024       78     6.9  inferiorparietal
 4173   2899   7677  2.505 0.588     0.116     0.024       52     4.1  inferiortemporal
 1295    837   2422  2.499 0.913     0.099     0.019       11     0.9  isthmuscingulate
 7619   5101  11036  2.069 0.593     0.137     0.030      101     9.7  lateraloccipital
 4068   2913   7588  2.649 0.774     0.133     0.033       49     6.2  lateralorbitofrontal
 5421   3763   7778  1.999 0.635     0.130     0.027       62     6.2  lingual
 2944   2069   6084  2.538 0.652     0.114     0.023       38     2.9  medialorbitofrontal
 4693   3362  10950  2.820 0.600     0.115     0.023       49     4.6  middletemporal
  980    590   1586  2.444 0.716     0.070     0.011        5     0.4  parahippocampal
 2388   1440   3619  2.404 0.543     0.104     0.020       18     2.1  paracentral
 1845   1236   4049  2.857 0.506     0.105     0.017       18     1.5  parsopercularis
 1404   1008   3520  2.816 0.616     0.130     0.026       20     1.5  parsorbitalis
 2217   1502   4341  2.719 0.486     0.109     0.020       18     1.9  parstriangularis
 2653   1801   2283  1.426 0.385     0.135     0.029       30     3.4  pericalcarine
 5023   3244   6627  1.933 0.650     0.106     0.018       41     3.9  postcentral
 1699   1159   3450  2.536 0.845     0.124     0.024       21     1.8  posteriorcingulate
 6493   4138  10960  2.508 0.604     0.102     0.019       47     5.3  precentral
 5121   3469   9498  2.613 0.548     0.114     0.021       47     4.6  precuneus
  837    577   1565  2.236 0.854     0.121     0.022       13     0.7  rostralanteriorcingulate
 7935   6011  15834  2.385 0.523     0.135     0.027      105     9.9  rostralmiddlefrontal
10555   7402  22217  2.676 0.604     0.123     0.025      109    11.0  superiorfrontal
 7088   4731  10694  2.146 0.450     0.114     0.021       69     6.2  superiorparietal
 5160   3368  11543  3.046 0.526     0.091     0.016       34     3.4  superiortemporal
 5351   3630  10382  2.646 0.538     0.112     0.021       53     4.8  supramarginal
  437    334   1217  2.642 0.552     0.157     0.042        9     0.8  frontalpole
  650    493   2679  3.695 0.718     0.132     0.032        9     0.8  temporalpole
  463    300    915  2.888 0.389     0.097     0.014        4     0.3  transversetemporal
 2777   1863   5441  3.031 0.702     0.111     0.026       24     2.8  insula

 mris_anatomical_stats -th3 -mgz -noglobal -cortex ../label/rh.cortex.label -f ../stats/rh.aparc.pial.stats -b -a ../label/rh.aparc.annot -c ../label/aparc.annot.ctab sub-v1s12x0050113_ses-1 rh pial 

computing statistics for each annotation in ../label/rh.aparc.annot.
reading volume /out/sourcedata/freesurfer/sub-v1s12x0050113_ses-1/mri/wm.mgz...
reading input surface /out/sourcedata/freesurfer/sub-v1s12x0050113_ses-1/surf/rh.pial...
reading input pial surface /out/sourcedata/freesurfer/sub-v1s12x0050113_ses-1/surf/rh.pial...
reading input white surface /out/sourcedata/freesurfer/sub-v1s12x0050113_ses-1/surf/rh.white...
INFO: using TH3 volume calc
INFO: assuming MGZ format for volumes.
INFO: not computing global stats
INFO: using ../label/rh.cortex.label as mask to calc cortex NumVert, SurfArea and MeanThickness.
Using TH3 vertex volume calc
Total face volume 221454
Total vertex volume 221251 (mask=0)
Saving annotation colortable ../label/aparc.annot.ctab

table columns are:
    number of vertices
    total surface area (mm^2)
    total gray matter volume (mm^3)
    average cortical thickness +- standard deviation (mm)
    integrated rectified mean curvature
    integrated rectified Gaussian curvature
    folding index
    intrinsic curvature index
    structure name

 1193    664   1939  2.660 0.365     0.076     0.112        6     0.7  bankssts
 1022    867   1830  2.277 0.936     0.149     0.038       27     1.7  caudalanteriorcingulate
 3236   2410   5895  2.570 0.451     0.111     0.022       37     3.3  caudalmiddlefrontal
 2916   2168   3406  1.742 0.513     0.125     0.031       58     4.0  cuneus
  560    598   1403  3.122 0.528     0.269     0.077      101     2.2  entorhinal
 4246   3704   9046  2.766 0.595     0.139     0.031       70     6.0  fusiform
 6507   5515  11775  2.358 0.458     0.138     0.033     2630     8.1  inferiorparietal
 4173   3303   7677  2.505 0.588     0.131     0.030       71     5.7  inferiortemporal
 1295   1047   2422  2.499 0.913     0.144     0.045       61     2.1  isthmuscingulate
 7619   5805  11036  2.069 0.593     0.124     0.029      151    10.0  lateraloccipital
 4068   3010   7588  2.649 0.774     0.130     0.039       76     5.9  lateralorbitofrontal
 5421   4426   7778  1.999 0.635     0.151     0.042     9393     8.1  lingual
 2944   2679   6084  2.538 0.652     0.195     0.046   124341     4.3  medialorbitofrontal
 4693   4452  10950  2.820 0.600     0.143     0.031       68     6.8  middletemporal
  980    740   1586  2.444 0.716     0.140     0.043       12     1.8  parahippocampal
 2388   1582   3619  2.404 0.543     0.105     0.024       32     2.3  paracentral
 1845   1589   4049  2.857 0.506     0.137     0.026      784     2.4  parsopercularis
 1404   1496   3520  2.816 0.616     0.171     0.034       25     2.2  parsorbitalis
 2217   1707   4341  2.719 0.486     0.131     0.034       97     2.9  parstriangularis
 2653   1617   2283  1.426 0.385     0.113     0.029       71     3.0  pericalcarine
 5023   3757   6627  1.933 0.650     0.115     0.023       50     4.8  postcentral
 1699   1553   3450  2.536 0.845     0.163     0.046      102     2.9  posteriorcingulate
 6493   4612  10960  2.508 0.604     0.103     0.020       58     5.9  precentral
 5121   3795   9498  2.613 0.548     0.132     0.032      181     6.7  precuneus
  837    761   1565  2.236 0.854     0.160     0.043       19     1.2  rostralanteriorcingulate
 7935   7404  15834  2.385 0.523     0.162     0.034      141    11.7  rostralmiddlefrontal
10555   9057  22217  2.676 0.604     0.145     0.031      181    14.2  superiorfrontal
 7088   5387  10694  2.146 0.450     0.118     0.023       82     7.2  superiorparietal
 5160   4217  11543  3.046 0.526     0.127     0.032      105     6.9  superiortemporal
 5351   4198  10382  2.646 0.538     0.125     0.030       61     6.7  supramarginal
  437    594   1217  2.642 0.552     0.226     0.045        8     1.1  frontalpole
  650    942   2679  3.695 0.718     0.237     0.049       10     1.8  temporalpole
  463    362    915  2.888 0.389     0.122     0.028        3     0.6  transversetemporal
 2777   1790   5441  3.031 0.702     0.152     0.046       70     6.0  insula
#-----------------------------------------
#@# Parcellation Stats 2 rh Sat Apr  4 13:34:18 CEST 2026
/out/sourcedata/freesurfer/sub-v1s12x0050113_ses-1/scripts

 mris_anatomical_stats -th3 -mgz -noglobal -cortex ../label/rh.cortex.label -f ../stats/rh.aparc.a2009s.stats -b -a ../label/rh.aparc.a2009s.annot -c ../label/aparc.annot.a2009s.ctab sub-v1s12x0050113_ses-1 rh white 

computing statistics for each annotation in ../label/rh.aparc.a2009s.annot.
reading volume /out/sourcedata/freesurfer/sub-v1s12x0050113_ses-1/mri/wm.mgz...
reading input surface /out/sourcedata/freesurfer/sub-v1s12x0050113_ses-1/surf/rh.white...
reading input pial surface /out/sourcedata/freesurfer/sub-v1s12x0050113_ses-1/surf/rh.pial...
reading input white surface /out/sourcedata/freesurfer/sub-v1s12x0050113_ses-1/surf/rh.white...
INFO: using TH3 volume calc
INFO: assuming MGZ format for volumes.
INFO: not computing global stats
INFO: using ../label/rh.cortex.label as mask to calc cortex NumVert, SurfArea and MeanThickness.
Using TH3 vertex volume calc
Total face volume 221454
Total vertex volume 221251 (mask=0)
Saving annotation colortable ../label/aparc.annot.a2009s.ctab

table columns are:
    number of vertices
    total surface area (mm^2)
    total gray matter volume (mm^3)
    average cortical thickness +- standard deviation (mm)
    integrated rectified mean curvature
    integrated rectified Gaussian curvature
    folding index
    intrinsic curvature index
    structure name

  843    660   1868  2.474 0.575     0.165     0.044       15     1.9  G_and_S_frontomargin
 1212    873   2180  2.407 0.453     0.136     0.026       13     1.4  G_and_S_occipital_inf
 1585    870   2136  2.142 0.519     0.108     0.022       15     1.5  G_and_S_paracentral
 1050    710   2280  2.807 0.526     0.116     0.021       11     0.9  G_and_S_subcentral
 1106    865   2602  2.468 0.542     0.146     0.032       16     1.7  G_and_S_transv_frontopol
 3446   2373   6866  2.592 0.659     0.116     0.023       38     3.3  G_and_S_cingul-Ant
 1368    935   2899  2.976 0.545     0.113     0.020       10     1.2  G_and_S_cingul-Mid-Ant
 1400    950   2726  2.779 0.586     0.119     0.025       14     1.5  G_and_S_cingul-Mid-Post
  474    309   1497  3.325 0.685     0.137     0.026        7     0.5  G_cingul-Post-dorsal
  306    201    834  2.987 0.663     0.092     0.025        3     0.2  G_cingul-Post-ventral
 2863   1857   3051  1.586 0.426     0.135     0.032       37     4.0  G_cuneus
 1170    797   3110  2.904 0.565     0.126     0.025       19     1.3  G_front_inf-Opercular
  540    371   1573  3.139 0.555     0.149     0.033       11     0.8  G_front_inf-Orbital
  825    568   1934  2.811 0.451     0.120     0.023        9     0.7  G_front_inf-Triangul
 4087   3121   9587  2.444 0.519     0.139     0.030       66     5.6  G_front_middle
 6381   4417  15296  2.759 0.627     0.128     0.028       79     7.0  G_front_sup
  474    342   1029  2.985 0.770     0.132     0.040        6     0.7  G_Ins_lg_and_S_cent_ins
  659    447   1747  3.070 0.905     0.145     0.041       10     1.2  G_insular_short
 1960   1313   3548  2.231 0.543     0.133     0.028       29     2.5  G_occipital_middle
 1338    845   1696  1.821 0.400     0.116     0.022       15     1.3  G_occipital_sup
 2204   1487   5594  2.922 0.603     0.132     0.029       32     2.8  G_oc-temp_lat-fusifor
 3342   2298   5060  1.910 0.660     0.133     0.030       42     4.2  G_oc-temp_med-Lingual
 1088    655   2431  2.719 0.783     0.082     0.019        8     0.7  G_oc-temp_med-Parahip
 2648   1964   6548  2.626 0.774     0.143     0.037       45     4.1  G_orbital
 2495   1845   5678  2.466 0.587     0.141     0.029       41     3.0  G_pariet_inf-Angular
 2565   1744   5725  2.753 0.579     0.119     0.022       30     2.5  G_pariet_inf-Supramar
 2112   1417   3673  2.189 0.452     0.125     0.027       26     2.4  G_parietal_sup
 1664   1041   2338  1.830 0.460     0.111     0.019       15     1.4  G_postcentral
 2500   1493   5181  2.659 0.591     0.109     0.023       23     2.4  G_precentral
 1840   1243   4389  2.711 0.576     0.124     0.023       23     1.7  G_precuneus
  798    609   2158  2.700 0.662     0.131     0.036       13     1.3  G_rectus
  521    360    759  2.221 0.728     0.149     0.061       11     1.5  G_subcallosal
  349    220    763  2.801 0.342     0.102     0.017        4     0.3  G_temp_sup-G_T_transv
 1822   1170   5342  3.268 0.517     0.115     0.024       20     1.8  G_temp_sup-Lateral
  692    460   1606  3.240 0.673     0.073     0.013        2     0.4  G_temp_sup-Plan_polar
  999    664   1803  2.615 0.423     0.083     0.013        5     0.6  G_temp_sup-Plan_tempo
 1837   1309   3898  2.389 0.621     0.128     0.033       33     2.5  G_temporal_inf
 2723   2002   7185  2.789 0.598     0.132     0.030       40     3.4  G_temporal_middle
  330    221    511  2.817 0.360     0.088     0.013        1     0.2  Lat_Fis-ant-Horizont
  326    213    436  2.568 0.527     0.080     0.011        1     0.1  Lat_Fis-ant-Vertical
 1285    879   1921  2.784 0.538     0.110     0.020        9     1.1  Lat_Fis-post
 3990   2553   4192  1.609 0.455     0.143     0.034       62     5.7  Pole_occipital
 1630   1231   5437  3.405 0.632     0.137     0.031       24     1.9  Pole_temporal
 2613   1828   2877  1.831 0.651     0.127     0.025       26     2.8  S_calcarine
 2647   1791   2639  1.724 0.555     0.096     0.014       16     1.6  S_central
 1187    794   1648  2.330 0.470     0.086     0.012        5     0.6  S_cingul-Marginalis
  560    378    935  3.157 0.470     0.099     0.018        2     0.5  S_circular_insula_ant
 1098    702   1848  3.083 0.600     0.063     0.010        3     0.4  S_circular_insula_inf
 1166    790   1782  2.833 0.426     0.099     0.016        5     0.8  S_circular_insula_sup
  957    654   1470  2.544 0.395     0.096     0.009        6     0.5  S_collat_transv_ant
  550    386    655  2.092 0.324     0.145     0.031        6     0.8  S_collat_transv_post
 1687   1171   2685  2.415 0.493     0.109     0.020       13     1.4  S_front_inf
 2091   1494   3256  2.338 0.536     0.118     0.021       17     1.9  S_front_middle
 2700   1937   4551  2.416 0.420     0.107     0.018       20     2.2  S_front_sup
  431    307    679  2.782 0.307     0.144     0.034        4     0.7  S_interm_prim-Jensen
 3727   2624   5509  2.245 0.417     0.111     0.020       32     3.3  S_intrapariet_and_P_trans
 1128    767   1544  2.400 0.381     0.117     0.022        8     1.0  S_oc_middle_and_Lunatus
 1082    754   1312  2.012 0.327     0.118     0.018       10     0.8  S_oc_sup_and_transversal
  498    361    942  2.514 0.448     0.111     0.017        4     0.4  S_occipital_ant
  943    654   1421  2.522 0.378     0.100     0.016        6     0.6  S_oc-temp_lat
 2137   1473   3363  2.591 0.567     0.103     0.015       14     1.3  S_oc-temp_med_and_Lingual
  822    545   1040  2.289 0.374     0.101     0.014        5     0.5  S_orbital_lateral
  857    608   1074  2.185 0.551     0.117     0.020        6     0.8  S_orbital_med-olfact
 1468   1011   2762  2.932 0.556     0.115     0.020       11     1.3  S_orbital-H_Shaped
 2596   1754   3987  2.489 0.522     0.110     0.018       20     2.1  S_parieto_occipital
 1449    905   1114  1.493 0.443     0.100     0.014       18     0.9  S_pericallosal
 2166   1454   2903  2.165 0.476     0.109     0.019       16     1.8  S_postcentral
 1488    960   2346  2.849 0.425     0.082     0.012        5     0.8  S_precentral-inf-part
 1410    929   1867  2.454 0.406     0.084     0.010        5     0.8  S_precentral-sup-part
  442    297    579  2.205 0.553     0.111     0.011        3     0.2  S_suborbital
 1013    715   1814  2.620 0.447     0.127     0.026       10     1.2  S_subparietal
 1284    896   1955  2.417 0.536     0.106     0.014        9     0.9  S_temporal_inf
 5706   3798   9235  2.668 0.434     0.087     0.013       27     3.2  S_temporal_sup
  219    174    371  2.776 0.310     0.130     0.017        2     0.2  S_temporal_transverse
#-----------------------------------------
#@# Parcellation Stats 3 rh Sat Apr  4 13:34:25 CEST 2026
/out/sourcedata/freesurfer/sub-v1s12x0050113_ses-1/scripts

 mris_anatomical_stats -th3 -mgz -noglobal -cortex ../label/rh.cortex.label -f ../stats/rh.aparc.DKTatlas.stats -b -a ../label/rh.aparc.DKTatlas.annot -c ../label/aparc.annot.DKTatlas.ctab sub-v1s12x0050113_ses-1 rh white 

computing statistics for each annotation in ../label/rh.aparc.DKTatlas.annot.
reading volume /out/sourcedata/freesurfer/sub-v1s12x0050113_ses-1/mri/wm.mgz...
reading input surface /out/sourcedata/freesurfer/sub-v1s12x0050113_ses-1/surf/rh.white...
reading input pial surface /out/sourcedata/freesurfer/sub-v1s12x0050113_ses-1/surf/rh.pial...
reading input white surface /out/sourcedata/freesurfer/sub-v1s12x0050113_ses-1/surf/rh.white...
INFO: using TH3 volume calc
INFO: assuming MGZ format for volumes.
INFO: not computing global stats
INFO: using ../label/rh.cortex.label as mask to calc cortex NumVert, SurfArea and MeanThickness.
Using TH3 vertex volume calc
Total face volume 221454
Total vertex volume 221251 (mask=0)
Saving annotation colortable ../label/aparc.annot.DKTatlas.ctab

table columns are:
    number of vertices
    total surface area (mm^2)
    total gray matter volume (mm^3)
    average cortical thickness +- standard deviation (mm)
    integrated rectified mean curvature
    integrated rectified Gaussian curvature
    folding index
    intrinsic curvature index
    structure name

 1242    793   2500  2.427 0.946     0.123     0.020       17     1.1  caudalanteriorcingulate
 3398   2311   6217  2.566 0.448     0.109     0.021       29     3.3  caudalmiddlefrontal
 3462   2252   4027  1.769 0.539     0.128     0.028       43     4.2  cuneus
  527    331   1368  3.138 0.530     0.094     0.017        4     0.4  entorhinal
 3941   2722   8241  2.748 0.586     0.118     0.022       42     3.8  fusiform
 6436   4660  11549  2.355 0.462     0.126     0.025       78     7.0  inferiorparietal
 4392   3074   8405  2.542 0.599     0.114     0.024       54     4.3  inferiortemporal
 1304    843   2440  2.503 0.891     0.101     0.019       12     1.0  isthmuscingulate
 7714   5175  11088  2.045 0.585     0.137     0.030      103     9.8  lateraloccipital
 4296   3130   8583  2.625 0.755     0.137     0.034       55     6.7  lateralorbitofrontal
 5265   3661   7594  1.995 0.628     0.130     0.027       60     5.9  lingual
 2177   1570   4438  2.484 0.681     0.132     0.035       33     3.5  medialorbitofrontal
 5780   4080  12822  2.805 0.573     0.111     0.022       57     5.2  middletemporal
 1036    630   1665  2.472 0.726     0.071     0.011        5     0.4  parahippocampal
 2480   1495   3864  2.443 0.567     0.103     0.020       18     2.1  paracentral
 2043   1357   4335  2.829 0.513     0.101     0.016       16     1.3  parsopercularis
 1167    821   2984  3.039 0.576     0.129     0.027       16     1.3  parsorbitalis
 2185   1497   4167  2.680 0.460     0.114     0.022       19     2.0  parstriangularis
 2656   1802   2297  1.429 0.380     0.136     0.030       31     3.6  pericalcarine
 5418   3511   7295  1.949 0.648     0.107     0.019       45     4.3  postcentral
 1740   1187   3449  2.516 0.840     0.123     0.024       21     1.9  posteriorcingulate
 6188   3940  10570  2.528 0.610     0.103     0.020       49     5.3  precentral
 5162   3499   9799  2.626 0.538     0.113     0.020       47     4.5  precuneus
 1191    808   2150  2.313 0.828     0.121     0.021       18     1.0  rostralanteriorcingulate
 5707   4283  11494  2.400 0.521     0.131     0.025       72     6.4  rostralmiddlefrontal
13411   9553  27679  2.601 0.595     0.122     0.025      142    14.0  superiorfrontal
 5959   3997   9043  2.161 0.425     0.115     0.021       60     5.2  superiorparietal
 6546   4337  15345  3.055 0.600     0.094     0.018       46     4.7  superiortemporal
 5177   3511   9918  2.636 0.536     0.112     0.021       50     4.7  supramarginal
  439    284    875  2.884 0.391     0.093     0.013        4     0.3  transversetemporal
 2530   1699   5051  3.098 0.671     0.107     0.022       21     2.1  insula
/out/sourcedata/freesurfer/sub-v1s12x0050113_ses-1/label
#--------------------------------------------
#@# BA_exvivo Labels rh Sat Apr  4 13:34:32 CEST 2026

 mri_label2label --srcsubject fsaverage --srclabel /out/sourcedata/freesurfer/fsaverage/label/rh.BA1_exvivo.label --trgsubject sub-v1s12x0050113_ses-1 --trglabel ./rh.BA1_exvivo.label --hemi rh --regmethod surface 


srclabel = /out/sourcedata/freesurfer/fsaverage/label/rh.BA1_exvivo.label
srcsubject = fsaverage
trgsubject = sub-v1s12x0050113_ses-1
trglabel = ./rh.BA1_exvivo.label
regmethod = surface

srchemi = rh
trghemi = rh
trgsurface = white
srcsurfreg = sphere.reg
trgsurfreg = sphere.reg
usehash = 1
Use ProjAbs  = 0, 0
Use ProjFrac = 0, 0
DoPaint 0

SUBJECTS_DIR    /out/sourcedata/freesurfer
FREESURFER_HOME /opt/freesurfer
Loading source label.
Found 3962 points in source label.
Starting surface-based mapping
Reading source registration 
 /out/sourcedata/freesurfer/fsaverage/surf/rh.sphere.reg
Rescaling ...  original radius = 100
Reading target surface 
 /out/sourcedata/freesurfer/sub-v1s12x0050113_ses-1/surf/rh.white
Reading target registration 
 /out/sourcedata/freesurfer/sub-v1s12x0050113_ses-1/surf/rh.sphere.reg
Rescaling ...  original radius = 100
Building target registration hash (res=16).
Building source registration hash (res=16).
INFO: found  3962 nlabel points
Performing mapping from target back to the source label 128482
Number of reverse mapping hits = 25
Checking for and removing duplicates
Writing label file ./rh.BA1_exvivo.label 3987
mri_label2label: Done


 mri_label2label --srcsubject fsaverage --srclabel /out/sourcedata/freesurfer/fsaverage/label/rh.BA2_exvivo.label --trgsubject sub-v1s12x0050113_ses-1 --trglabel ./rh.BA2_exvivo.label --hemi rh --regmethod surface 


srclabel = /out/sourcedata/freesurfer/fsaverage/label/rh.BA2_exvivo.label
srcsubject = fsaverage
trgsubject = sub-v1s12x0050113_ses-1
trglabel = ./rh.BA2_exvivo.label
regmethod = surface

srchemi = rh
trghemi = rh
trgsurface = white
srcsurfreg = sphere.reg
trgsurfreg = sphere.reg
usehash = 1
Use ProjAbs  = 0, 0
Use ProjFrac = 0, 0
DoPaint 0

SUBJECTS_DIR    /out/sourcedata/freesurfer
FREESURFER_HOME /opt/freesurfer
Loading source label.
Found 6687 points in source label.
Starting surface-based mapping
Reading source registration 
 /out/sourcedata/freesurfer/fsaverage/surf/rh.sphere.reg
Rescaling ...  original radius = 100
Reading target surface 
 /out/sourcedata/freesurfer/sub-v1s12x0050113_ses-1/surf/rh.white
Reading target registration 
 /out/sourcedata/freesurfer/sub-v1s12x0050113_ses-1/surf/rh.sphere.reg
Rescaling ...  original radius = 100
Building target registration hash (res=16).
Building source registration hash (res=16).
INFO: found  6687 nlabel points
Performing mapping from target back to the source label 128482
Number of reverse mapping hits = 28
Checking for and removing duplicates
Writing label file ./rh.BA2_exvivo.label 6715
mri_label2label: Done


 mri_label2label --srcsubject fsaverage --srclabel /out/sourcedata/freesurfer/fsaverage/label/rh.BA3a_exvivo.label --trgsubject sub-v1s12x0050113_ses-1 --trglabel ./rh.BA3a_exvivo.label --hemi rh --regmethod surface 


srclabel = /out/sourcedata/freesurfer/fsaverage/label/rh.BA3a_exvivo.label
srcsubject = fsaverage
trgsubject = sub-v1s12x0050113_ses-1
trglabel = ./rh.BA3a_exvivo.label
regmethod = surface

srchemi = rh
trghemi = rh
trgsurface = white
srcsurfreg = sphere.reg
trgsurfreg = sphere.reg
usehash = 1
Use ProjAbs  = 0, 0
Use ProjFrac = 0, 0
DoPaint 0

SUBJECTS_DIR    /out/sourcedata/freesurfer
FREESURFER_HOME /opt/freesurfer
Loading source label.
Found 3980 points in source label.
Starting surface-based mapping
Reading source registration 
 /out/sourcedata/freesurfer/fsaverage/surf/rh.sphere.reg
Rescaling ...  original radius = 100
Reading target surface 
 /out/sourcedata/freesurfer/sub-v1s12x0050113_ses-1/surf/rh.white
Reading target registration 
 /out/sourcedata/freesurfer/sub-v1s12x0050113_ses-1/surf/rh.sphere.reg
Rescaling ...  original radius = 100
Building target registration hash (res=16).
Building source registration hash (res=16).
INFO: found  3980 nlabel points
Performing mapping from target back to the source label 128482
Number of reverse mapping hits = 17
Checking for and removing duplicates
Writing label file ./rh.BA3a_exvivo.label 3997
mri_label2label: Done


 mri_label2label --srcsubject fsaverage --srclabel /out/sourcedata/freesurfer/fsaverage/label/rh.BA3b_exvivo.label --trgsubject sub-v1s12x0050113_ses-1 --trglabel ./rh.BA3b_exvivo.label --hemi rh --regmethod surface 


srclabel = /out/sourcedata/freesurfer/fsaverage/label/rh.BA3b_exvivo.label
srcsubject = fsaverage
trgsubject = sub-v1s12x0050113_ses-1
trglabel = ./rh.BA3b_exvivo.label
regmethod = surface

srchemi = rh
trghemi = rh
trgsurface = white
srcsurfreg = sphere.reg
trgsurfreg = sphere.reg
usehash = 1
Use ProjAbs  = 0, 0
Use ProjFrac = 0, 0
DoPaint 0

SUBJECTS_DIR    /out/sourcedata/freesurfer
FREESURFER_HOME /opt/freesurfer
Loading source label.
Found 4522 points in source label.
Starting surface-based mapping
Reading source registration 
 /out/sourcedata/freesurfer/fsaverage/surf/rh.sphere.reg
Rescaling ...  original radius = 100
Reading target surface 
 /out/sourcedata/freesurfer/sub-v1s12x0050113_ses-1/surf/rh.white
Reading target registration 
 /out/sourcedata/freesurfer/sub-v1s12x0050113_ses-1/surf/rh.sphere.reg
Rescaling ...  original radius = 100
Building target registration hash (res=16).
Building source registration hash (res=16).
INFO: found  4522 nlabel points
Performing mapping from target back to the source label 128482
Number of reverse mapping hits = 30
Checking for and removing duplicates
Writing label file ./rh.BA3b_exvivo.label 4552
mri_label2label: Done


 mri_label2label --srcsubject fsaverage --srclabel /out/sourcedata/freesurfer/fsaverage/label/rh.BA4a_exvivo.label --trgsubject sub-v1s12x0050113_ses-1 --trglabel ./rh.BA4a_exvivo.label --hemi rh --regmethod surface 


srclabel = /out/sourcedata/freesurfer/fsaverage/label/rh.BA4a_exvivo.label
srcsubject = fsaverage
trgsubject = sub-v1s12x0050113_ses-1
trglabel = ./rh.BA4a_exvivo.label
regmethod = surface

srchemi = rh
trghemi = rh
trgsurface = white
srcsurfreg = sphere.reg
trgsurfreg = sphere.reg
usehash = 1
Use ProjAbs  = 0, 0
Use ProjFrac = 0, 0
DoPaint 0

SUBJECTS_DIR    /out/sourcedata/freesurfer
FREESURFER_HOME /opt/freesurfer
Loading source label.
Found 5747 points in source label.
Starting surface-based mapping
Reading source registration 
 /out/sourcedata/freesurfer/fsaverage/surf/rh.sphere.reg
Rescaling ...  original radius = 100
Reading target surface 
 /out/sourcedata/freesurfer/sub-v1s12x0050113_ses-1/surf/rh.white
Reading target registration 
 /out/sourcedata/freesurfer/sub-v1s12x0050113_ses-1/surf/rh.sphere.reg
Rescaling ...  original radius = 100
Building target registration hash (res=16).
Building source registration hash (res=16).
INFO: found  5747 nlabel points
Performing mapping from target back to the source label 128482
Number of reverse mapping hits = 144
Checking for and removing duplicates
Writing label file ./rh.BA4a_exvivo.label 5891
mri_label2label: Done


 mri_label2label --srcsubject fsaverage --srclabel /out/sourcedata/freesurfer/fsaverage/label/rh.BA4p_exvivo.label --trgsubject sub-v1s12x0050113_ses-1 --trglabel ./rh.BA4p_exvivo.label --hemi rh --regmethod surface 


srclabel = /out/sourcedata/freesurfer/fsaverage/label/rh.BA4p_exvivo.label
srcsubject = fsaverage
trgsubject = sub-v1s12x0050113_ses-1
trglabel = ./rh.BA4p_exvivo.label
regmethod = surface

srchemi = rh
trghemi = rh
trgsurface = white
srcsurfreg = sphere.reg
trgsurfreg = sphere.reg
usehash = 1
Use ProjAbs  = 0, 0
Use ProjFrac = 0, 0
DoPaint 0

SUBJECTS_DIR    /out/sourcedata/freesurfer
FREESURFER_HOME /opt/freesurfer
Loading source label.
Found 4473 points in source label.
Starting surface-based mapping
Reading source registration 
 /out/sourcedata/freesurfer/fsaverage/surf/rh.sphere.reg
Rescaling ...  original radius = 100
Reading target surface 
 /out/sourcedata/freesurfer/sub-v1s12x0050113_ses-1/surf/rh.white
Reading target registration 
 /out/sourcedata/freesurfer/sub-v1s12x0050113_ses-1/surf/rh.sphere.reg
Rescaling ...  original radius = 100
Building target registration hash (res=16).
Building source registration hash (res=16).
INFO: found  4473 nlabel points
Performing mapping from target back to the source label 128482
Number of reverse mapping hits = 67
Checking for and removing duplicates
Writing label file ./rh.BA4p_exvivo.label 4540
mri_label2label: Done


 mri_label2label --srcsubject fsaverage --srclabel /out/sourcedata/freesurfer/fsaverage/label/rh.BA6_exvivo.label --trgsubject sub-v1s12x0050113_ses-1 --trglabel ./rh.BA6_exvivo.label --hemi rh --regmethod surface 


srclabel = /out/sourcedata/freesurfer/fsaverage/label/rh.BA6_exvivo.label
srcsubject = fsaverage
trgsubject = sub-v1s12x0050113_ses-1
trglabel = ./rh.BA6_exvivo.label
regmethod = surface

srchemi = rh
trghemi = rh
trgsurface = white
srcsurfreg = sphere.reg
trgsurfreg = sphere.reg
usehash = 1
Use ProjAbs  = 0, 0
Use ProjFrac = 0, 0
DoPaint 0

SUBJECTS_DIR    /out/sourcedata/freesurfer
FREESURFER_HOME /opt/freesurfer
Loading source label.
Found 12256 points in source label.
Starting surface-based mapping
Reading source registration 
 /out/sourcedata/freesurfer/fsaverage/surf/rh.sphere.reg
Rescaling ...  original radius = 100
Reading target surface 
 /out/sourcedata/freesurfer/sub-v1s12x0050113_ses-1/surf/rh.white
Reading target registration 
 /out/sourcedata/freesurfer/sub-v1s12x0050113_ses-1/surf/rh.sphere.reg
Rescaling ...  original radius = 100
Building target registration hash (res=16).
Building source registration hash (res=16).
INFO: found  12256 nlabel points
Performing mapping from target back to the source label 128482
Number of reverse mapping hits = 320
Checking for and removing duplicates
Writing label file ./rh.BA6_exvivo.label 12576
mri_label2label: Done


 mri_label2label --srcsubject fsaverage --srclabel /out/sourcedata/freesurfer/fsaverage/label/rh.BA44_exvivo.label --trgsubject sub-v1s12x0050113_ses-1 --trglabel ./rh.BA44_exvivo.label --hemi rh --regmethod surface 


srclabel = /out/sourcedata/freesurfer/fsaverage/label/rh.BA44_exvivo.label
srcsubject = fsaverage
trgsubject = sub-v1s12x0050113_ses-1
trglabel = ./rh.BA44_exvivo.label
regmethod = surface

srchemi = rh
trghemi = rh
trgsurface = white
srcsurfreg = sphere.reg
trgsurfreg = sphere.reg
usehash = 1
Use ProjAbs  = 0, 0
Use ProjFrac = 0, 0
DoPaint 0

SUBJECTS_DIR    /out/sourcedata/freesurfer
FREESURFER_HOME /opt/freesurfer
Loading source label.
Found 6912 points in source label.
Starting surface-based mapping
Reading source registration 
 /out/sourcedata/freesurfer/fsaverage/surf/rh.sphere.reg
Rescaling ...  original radius = 100
Reading target surface 
 /out/sourcedata/freesurfer/sub-v1s12x0050113_ses-1/surf/rh.white
Reading target registration 
 /out/sourcedata/freesurfer/sub-v1s12x0050113_ses-1/surf/rh.sphere.reg
Rescaling ...  original radius = 100
Building target registration hash (res=16).
Building source registration hash (res=16).
INFO: found  6912 nlabel points
Performing mapping from target back to the source label 128482
Number of reverse mapping hits = 188
Checking for and removing duplicates
Writing label file ./rh.BA44_exvivo.label 7100
mri_label2label: Done


 mri_label2label --srcsubject fsaverage --srclabel /out/sourcedata/freesurfer/fsaverage/label/rh.BA45_exvivo.label --trgsubject sub-v1s12x0050113_ses-1 --trglabel ./rh.BA45_exvivo.label --hemi rh --regmethod surface 


srclabel = /out/sourcedata/freesurfer/fsaverage/label/rh.BA45_exvivo.label
srcsubject = fsaverage
trgsubject = sub-v1s12x0050113_ses-1
trglabel = ./rh.BA45_exvivo.label
regmethod = surface

srchemi = rh
trghemi = rh
trgsurface = white
srcsurfreg = sphere.reg
trgsurfreg = sphere.reg
usehash = 1
Use ProjAbs  = 0, 0
Use ProjFrac = 0, 0
DoPaint 0

SUBJECTS_DIR    /out/sourcedata/freesurfer
FREESURFER_HOME /opt/freesurfer
Loading source label.
Found 5355 points in source label.
Starting surface-based mapping
Reading source registration 
 /out/sourcedata/freesurfer/fsaverage/surf/rh.sphere.reg
Rescaling ...  original radius = 100
Reading target surface 
 /out/sourcedata/freesurfer/sub-v1s12x0050113_ses-1/surf/rh.white
Reading target registration 
 /out/sourcedata/freesurfer/sub-v1s12x0050113_ses-1/surf/rh.sphere.reg
Rescaling ...  original radius = 100
Building target registration hash (res=16).
Building source registration hash (res=16).
INFO: found  5355 nlabel points
Performing mapping from target back to the source label 128482
Number of reverse mapping hits = 618
Checking for and removing duplicates
Writing label file ./rh.BA45_exvivo.label 5973
mri_label2label: Done


 mri_label2label --srcsubject fsaverage --srclabel /out/sourcedata/freesurfer/fsaverage/label/rh.V1_exvivo.label --trgsubject sub-v1s12x0050113_ses-1 --trglabel ./rh.V1_exvivo.label --hemi rh --regmethod surface 


srclabel = /out/sourcedata/freesurfer/fsaverage/label/rh.V1_exvivo.label
srcsubject = fsaverage
trgsubject = sub-v1s12x0050113_ses-1
trglabel = ./rh.V1_exvivo.label
regmethod = surface

srchemi = rh
trghemi = rh
trgsurface = white
srcsurfreg = sphere.reg
trgsurfreg = sphere.reg
usehash = 1
Use ProjAbs  = 0, 0
Use ProjFrac = 0, 0
DoPaint 0

SUBJECTS_DIR    /out/sourcedata/freesurfer
FREESURFER_HOME /opt/freesurfer
Loading source label.
Found 4727 points in source label.
Starting surface-based mapping
Reading source registration 
 /out/sourcedata/freesurfer/fsaverage/surf/rh.sphere.reg
Rescaling ...  original radius = 100
Reading target surface 
 /out/sourcedata/freesurfer/sub-v1s12x0050113_ses-1/surf/rh.white
Reading target registration 
 /out/sourcedata/freesurfer/sub-v1s12x0050113_ses-1/surf/rh.sphere.reg
Rescaling ...  original radius = 100
Building target registration hash (res=16).
Building source registration hash (res=16).
INFO: found  4727 nlabel points
Performing mapping from target back to the source label 128482
Number of reverse mapping hits = 2099
Checking for and removing duplicates
Writing label file ./rh.V1_exvivo.label 6826
mri_label2label: Done


 mri_label2label --srcsubject fsaverage --srclabel /out/sourcedata/freesurfer/fsaverage/label/rh.V2_exvivo.label --trgsubject sub-v1s12x0050113_ses-1 --trglabel ./rh.V2_exvivo.label --hemi rh --regmethod surface 


srclabel = /out/sourcedata/freesurfer/fsaverage/label/rh.V2_exvivo.label
srcsubject = fsaverage
trgsubject = sub-v1s12x0050113_ses-1
trglabel = ./rh.V2_exvivo.label
regmethod = surface

srchemi = rh
trghemi = rh
trgsurface = white
srcsurfreg = sphere.reg
trgsurfreg = sphere.reg
usehash = 1
Use ProjAbs  = 0, 0
Use ProjFrac = 0, 0
DoPaint 0

SUBJECTS_DIR    /out/sourcedata/freesurfer
FREESURFER_HOME /opt/freesurfer
Loading source label.
Found 8016 points in source label.
Starting surface-based mapping
Reading source registration 
 /out/sourcedata/freesurfer/fsaverage/surf/rh.sphere.reg
Rescaling ...  original radius = 100
Reading target surface 
 /out/sourcedata/freesurfer/sub-v1s12x0050113_ses-1/surf/rh.white
Reading target registration 
 /out/sourcedata/freesurfer/sub-v1s12x0050113_ses-1/surf/rh.sphere.reg
Rescaling ...  original radius = 100
Building target registration hash (res=16).
Building source registration hash (res=16).
INFO: found  8016 nlabel points
Performing mapping from target back to the source label 128482
Number of reverse mapping hits = 3312
Checking for and removing duplicates
Writing label file ./rh.V2_exvivo.label 11328
mri_label2label: Done


 mri_label2label --srcsubject fsaverage --srclabel /out/sourcedata/freesurfer/fsaverage/label/rh.MT_exvivo.label --trgsubject sub-v1s12x0050113_ses-1 --trglabel ./rh.MT_exvivo.label --hemi rh --regmethod surface 


srclabel = /out/sourcedata/freesurfer/fsaverage/label/rh.MT_exvivo.label
srcsubject = fsaverage
trgsubject = sub-v1s12x0050113_ses-1
trglabel = ./rh.MT_exvivo.label
regmethod = surface

srchemi = rh
trghemi = rh
trgsurface = white
srcsurfreg = sphere.reg
trgsurfreg = sphere.reg
usehash = 1
Use ProjAbs  = 0, 0
Use ProjFrac = 0, 0
DoPaint 0

SUBJECTS_DIR    /out/sourcedata/freesurfer
FREESURFER_HOME /opt/freesurfer
Loading source label.
Found 1932 points in source label.
Starting surface-based mapping
Reading source registration 
 /out/sourcedata/freesurfer/fsaverage/surf/rh.sphere.reg
Rescaling ...  original radius = 100
Reading target surface 
 /out/sourcedata/freesurfer/sub-v1s12x0050113_ses-1/surf/rh.white
Reading target registration 
 /out/sourcedata/freesurfer/sub-v1s12x0050113_ses-1/surf/rh.sphere.reg
Rescaling ...  original radius = 100
Building target registration hash (res=16).
Building source registration hash (res=16).
INFO: found  1932 nlabel points
Performing mapping from target back to the source label 128482
Number of reverse mapping hits = 215
Checking for and removing duplicates
Writing label file ./rh.MT_exvivo.label 2147
mri_label2label: Done


 mri_label2label --srcsubject fsaverage --srclabel /out/sourcedata/freesurfer/fsaverage/label/rh.entorhinal_exvivo.label --trgsubject sub-v1s12x0050113_ses-1 --trglabel ./rh.entorhinal_exvivo.label --hemi rh --regmethod surface 


srclabel = /out/sourcedata/freesurfer/fsaverage/label/rh.entorhinal_exvivo.label
srcsubject = fsaverage
trgsubject = sub-v1s12x0050113_ses-1
trglabel = ./rh.entorhinal_exvivo.label
regmethod = surface

srchemi = rh
trghemi = rh
trgsurface = white
srcsurfreg = sphere.reg
trgsurfreg = sphere.reg
usehash = 1
Use ProjAbs  = 0, 0
Use ProjFrac = 0, 0
DoPaint 0

SUBJECTS_DIR    /out/sourcedata/freesurfer
FREESURFER_HOME /opt/freesurfer
Loading source label.
Found 1038 points in source label.
Starting surface-based mapping
Reading source registration 
 /out/sourcedata/freesurfer/fsaverage/surf/rh.sphere.reg
Rescaling ...  original radius = 100
Reading target surface 
 /out/sourcedata/freesurfer/sub-v1s12x0050113_ses-1/surf/rh.white
Reading target registration 
 /out/sourcedata/freesurfer/sub-v1s12x0050113_ses-1/surf/rh.sphere.reg
Rescaling ...  original radius = 100
Building target registration hash (res=16).
Building source registration hash (res=16).
INFO: found  1038 nlabel points
Performing mapping from target back to the source label 128482
Number of reverse mapping hits = 26
Checking for and removing duplicates
Writing label file ./rh.entorhinal_exvivo.label 1064
mri_label2label: Done


 mri_label2label --srcsubject fsaverage --srclabel /out/sourcedata/freesurfer/fsaverage/label/rh.perirhinal_exvivo.label --trgsubject sub-v1s12x0050113_ses-1 --trglabel ./rh.perirhinal_exvivo.label --hemi rh --regmethod surface 


srclabel = /out/sourcedata/freesurfer/fsaverage/label/rh.perirhinal_exvivo.label
srcsubject = fsaverage
trgsubject = sub-v1s12x0050113_ses-1
trglabel = ./rh.perirhinal_exvivo.label
regmethod = surface

srchemi = rh
trghemi = rh
trgsurface = white
srcsurfreg = sphere.reg
trgsurfreg = sphere.reg
usehash = 1
Use ProjAbs  = 0, 0
Use ProjFrac = 0, 0
DoPaint 0

SUBJECTS_DIR    /out/sourcedata/freesurfer
FREESURFER_HOME /opt/freesurfer
Loading source label.
Found 752 points in source label.
Starting surface-based mapping
Reading source registration 
 /out/sourcedata/freesurfer/fsaverage/surf/rh.sphere.reg
Rescaling ...  original radius = 100
Reading target surface 
 /out/sourcedata/freesurfer/sub-v1s12x0050113_ses-1/surf/rh.white
Reading target registration 
 /out/sourcedata/freesurfer/sub-v1s12x0050113_ses-1/surf/rh.sphere.reg
Rescaling ...  original radius = 100
Building target registration hash (res=16).
Building source registration hash (res=16).
INFO: found  752 nlabel points
Performing mapping from target back to the source label 128482
Number of reverse mapping hits = 19
Checking for and removing duplicates
Writing label file ./rh.perirhinal_exvivo.label 771
mri_label2label: Done


 mri_label2label --srcsubject fsaverage --srclabel /out/sourcedata/freesurfer/fsaverage/label/rh.FG1.mpm.vpnl.label --trgsubject sub-v1s12x0050113_ses-1 --trglabel ./rh.FG1.mpm.vpnl.label --hemi rh --regmethod surface 


srclabel = /out/sourcedata/freesurfer/fsaverage/label/rh.FG1.mpm.vpnl.label
srcsubject = fsaverage
trgsubject = sub-v1s12x0050113_ses-1
trglabel = ./rh.FG1.mpm.vpnl.label
regmethod = surface

srchemi = rh
trghemi = rh
trgsurface = white
srcsurfreg = sphere.reg
trgsurfreg = sphere.reg
usehash = 1
Use ProjAbs  = 0, 0
Use ProjFrac = 0, 0
DoPaint 0

SUBJECTS_DIR    /out/sourcedata/freesurfer
FREESURFER_HOME /opt/freesurfer
Loading source label.
Found 541 points in source label.
Starting surface-based mapping
Reading source registration 
 /out/sourcedata/freesurfer/fsaverage/surf/rh.sphere.reg
Rescaling ...  original radius = 100
Reading target surface 
 /out/sourcedata/freesurfer/sub-v1s12x0050113_ses-1/surf/rh.white
Reading target registration 
 /out/sourcedata/freesurfer/sub-v1s12x0050113_ses-1/surf/rh.sphere.reg
Rescaling ...  original radius = 100
Building target registration hash (res=16).
Building source registration hash (res=16).
INFO: found  541 nlabel points
Performing mapping from target back to the source label 128482
Number of reverse mapping hits = 236
Checking for and removing duplicates
Writing label file ./rh.FG1.mpm.vpnl.label 777
mri_label2label: Done


 mri_label2label --srcsubject fsaverage --srclabel /out/sourcedata/freesurfer/fsaverage/label/rh.FG2.mpm.vpnl.label --trgsubject sub-v1s12x0050113_ses-1 --trglabel ./rh.FG2.mpm.vpnl.label --hemi rh --regmethod surface 


srclabel = /out/sourcedata/freesurfer/fsaverage/label/rh.FG2.mpm.vpnl.label
srcsubject = fsaverage
trgsubject = sub-v1s12x0050113_ses-1
trglabel = ./rh.FG2.mpm.vpnl.label
regmethod = surface

srchemi = rh
trghemi = rh
trgsurface = white
srcsurfreg = sphere.reg
trgsurfreg = sphere.reg
usehash = 1
Use ProjAbs  = 0, 0
Use ProjFrac = 0, 0
DoPaint 0

SUBJECTS_DIR    /out/sourcedata/freesurfer
FREESURFER_HOME /opt/freesurfer
Loading source label.
Found 721 points in source label.
Starting surface-based mapping
Reading source registration 
 /out/sourcedata/freesurfer/fsaverage/surf/rh.sphere.reg
Rescaling ...  original radius = 100
Reading target surface 
 /out/sourcedata/freesurfer/sub-v1s12x0050113_ses-1/surf/rh.white
Reading target registration 
 /out/sourcedata/freesurfer/sub-v1s12x0050113_ses-1/surf/rh.sphere.reg
Rescaling ...  original radius = 100
Building target registration hash (res=16).
Building source registration hash (res=16).
INFO: found  721 nlabel points
Performing mapping from target back to the source label 128482
Number of reverse mapping hits = 297
Checking for and removing duplicates
Writing label file ./rh.FG2.mpm.vpnl.label 1018
mri_label2label: Done


 mri_label2label --srcsubject fsaverage --srclabel /out/sourcedata/freesurfer/fsaverage/label/rh.FG3.mpm.vpnl.label --trgsubject sub-v1s12x0050113_ses-1 --trglabel ./rh.FG3.mpm.vpnl.label --hemi rh --regmethod surface 


srclabel = /out/sourcedata/freesurfer/fsaverage/label/rh.FG3.mpm.vpnl.label
srcsubject = fsaverage
trgsubject = sub-v1s12x0050113_ses-1
trglabel = ./rh.FG3.mpm.vpnl.label
regmethod = surface

srchemi = rh
trghemi = rh
trgsurface = white
srcsurfreg = sphere.reg
trgsurfreg = sphere.reg
usehash = 1
Use ProjAbs  = 0, 0
Use ProjFrac = 0, 0
DoPaint 0

SUBJECTS_DIR    /out/sourcedata/freesurfer
FREESURFER_HOME /opt/freesurfer
Loading source label.
Found 1523 points in source label.
Starting surface-based mapping
Reading source registration 
 /out/sourcedata/freesurfer/fsaverage/surf/rh.sphere.reg
Rescaling ...  original radius = 100
Reading target surface 
 /out/sourcedata/freesurfer/sub-v1s12x0050113_ses-1/surf/rh.white
Reading target registration 
 /out/sourcedata/freesurfer/sub-v1s12x0050113_ses-1/surf/rh.sphere.reg
Rescaling ...  original radius = 100
Building target registration hash (res=16).
Building source registration hash (res=16).
INFO: found  1523 nlabel points
Performing mapping from target back to the source label 128482
Number of reverse mapping hits = 143
Checking for and removing duplicates
Writing label file ./rh.FG3.mpm.vpnl.label 1666
mri_label2label: Done


 mri_label2label --srcsubject fsaverage --srclabel /out/sourcedata/freesurfer/fsaverage/label/rh.FG4.mpm.vpnl.label --trgsubject sub-v1s12x0050113_ses-1 --trglabel ./rh.FG4.mpm.vpnl.label --hemi rh --regmethod surface 


srclabel = /out/sourcedata/freesurfer/fsaverage/label/rh.FG4.mpm.vpnl.label
srcsubject = fsaverage
trgsubject = sub-v1s12x0050113_ses-1
trglabel = ./rh.FG4.mpm.vpnl.label
regmethod = surface

srchemi = rh
trghemi = rh
trgsurface = white
srcsurfreg = sphere.reg
trgsurfreg = sphere.reg
usehash = 1
Use ProjAbs  = 0, 0
Use ProjFrac = 0, 0
DoPaint 0

SUBJECTS_DIR    /out/sourcedata/freesurfer
FREESURFER_HOME /opt/freesurfer
Loading source label.
Found 1586 points in source label.
Starting surface-based mapping
Reading source registration 
 /out/sourcedata/freesurfer/fsaverage/surf/rh.sphere.reg
Rescaling ...  original radius = 100
Reading target surface 
 /out/sourcedata/freesurfer/sub-v1s12x0050113_ses-1/surf/rh.white
Reading target registration 
 /out/sourcedata/freesurfer/sub-v1s12x0050113_ses-1/surf/rh.sphere.reg
Rescaling ...  original radius = 100
Building target registration hash (res=16).
Building source registration hash (res=16).
INFO: found  1586 nlabel points
Performing mapping from target back to the source label 128482
Number of reverse mapping hits = 194
Checking for and removing duplicates
Writing label file ./rh.FG4.mpm.vpnl.label 1780
mri_label2label: Done


 mri_label2label --srcsubject fsaverage --srclabel /out/sourcedata/freesurfer/fsaverage/label/rh.hOc1.mpm.vpnl.label --trgsubject sub-v1s12x0050113_ses-1 --trglabel ./rh.hOc1.mpm.vpnl.label --hemi rh --regmethod surface 


srclabel = /out/sourcedata/freesurfer/fsaverage/label/rh.hOc1.mpm.vpnl.label
srcsubject = fsaverage
trgsubject = sub-v1s12x0050113_ses-1
trglabel = ./rh.hOc1.mpm.vpnl.label
regmethod = surface

srchemi = rh
trghemi = rh
trgsurface = white
srcsurfreg = sphere.reg
trgsurfreg = sphere.reg
usehash = 1
Use ProjAbs  = 0, 0
Use ProjFrac = 0, 0
DoPaint 0

SUBJECTS_DIR    /out/sourcedata/freesurfer
FREESURFER_HOME /opt/freesurfer
Loading source label.
Found 3667 points in source label.
Starting surface-based mapping
Reading source registration 
 /out/sourcedata/freesurfer/fsaverage/surf/rh.sphere.reg
Rescaling ...  original radius = 100
Reading target surface 
 /out/sourcedata/freesurfer/sub-v1s12x0050113_ses-1/surf/rh.white
Reading target registration 
 /out/sourcedata/freesurfer/sub-v1s12x0050113_ses-1/surf/rh.sphere.reg
Rescaling ...  original radius = 100
Building target registration hash (res=16).
Building source registration hash (res=16).
INFO: found  3667 nlabel points
Performing mapping from target back to the source label 128482
Number of reverse mapping hits = 1650
Checking for and removing duplicates
Writing label file ./rh.hOc1.mpm.vpnl.label 5317
mri_label2label: Done


 mri_label2label --srcsubject fsaverage --srclabel /out/sourcedata/freesurfer/fsaverage/label/rh.hOc2.mpm.vpnl.label --trgsubject sub-v1s12x0050113_ses-1 --trglabel ./rh.hOc2.mpm.vpnl.label --hemi rh --regmethod surface 


srclabel = /out/sourcedata/freesurfer/fsaverage/label/rh.hOc2.mpm.vpnl.label
srcsubject = fsaverage
trgsubject = sub-v1s12x0050113_ses-1
trglabel = ./rh.hOc2.mpm.vpnl.label
regmethod = surface

srchemi = rh
trghemi = rh
trgsurface = white
srcsurfreg = sphere.reg
trgsurfreg = sphere.reg
usehash = 1
Use ProjAbs  = 0, 0
Use ProjFrac = 0, 0
DoPaint 0

SUBJECTS_DIR    /out/sourcedata/freesurfer
FREESURFER_HOME /opt/freesurfer
Loading source label.
Found 2719 points in source label.
Starting surface-based mapping
Reading source registration 
 /out/sourcedata/freesurfer/fsaverage/surf/rh.sphere.reg
Rescaling ...  original radius = 100
Reading target surface 
 /out/sourcedata/freesurfer/sub-v1s12x0050113_ses-1/surf/rh.white
Reading target registration 
 /out/sourcedata/freesurfer/sub-v1s12x0050113_ses-1/surf/rh.sphere.reg
Rescaling ...  original radius = 100
Building target registration hash (res=16).
Building source registration hash (res=16).
INFO: found  2719 nlabel points
Performing mapping from target back to the source label 128482
Number of reverse mapping hits = 1283
Checking for and removing duplicates
Writing label file ./rh.hOc2.mpm.vpnl.label 4002
mri_label2label: Done


 mri_label2label --srcsubject fsaverage --srclabel /out/sourcedata/freesurfer/fsaverage/label/rh.hOc3v.mpm.vpnl.label --trgsubject sub-v1s12x0050113_ses-1 --trglabel ./rh.hOc3v.mpm.vpnl.label --hemi rh --regmethod surface 


srclabel = /out/sourcedata/freesurfer/fsaverage/label/rh.hOc3v.mpm.vpnl.label
srcsubject = fsaverage
trgsubject = sub-v1s12x0050113_ses-1
trglabel = ./rh.hOc3v.mpm.vpnl.label
regmethod = surface

srchemi = rh
trghemi = rh
trgsurface = white
srcsurfreg = sphere.reg
trgsurfreg = sphere.reg
usehash = 1
Use ProjAbs  = 0, 0
Use ProjFrac = 0, 0
DoPaint 0

SUBJECTS_DIR    /out/sourcedata/freesurfer
FREESURFER_HOME /opt/freesurfer
Loading source label.
Found 1228 points in source label.
Starting surface-based mapping
Reading source registration 
 /out/sourcedata/freesurfer/fsaverage/surf/rh.sphere.reg
Rescaling ...  original radius = 100
Reading target surface 
 /out/sourcedata/freesurfer/sub-v1s12x0050113_ses-1/surf/rh.white
Reading target registration 
 /out/sourcedata/freesurfer/sub-v1s12x0050113_ses-1/surf/rh.sphere.reg
Rescaling ...  original radius = 100
Building target registration hash (res=16).
Building source registration hash (res=16).
INFO: found  1228 nlabel points
Performing mapping from target back to the source label 128482
Number of reverse mapping hits = 627
Checking for and removing duplicates
Writing label file ./rh.hOc3v.mpm.vpnl.label 1855
mri_label2label: Done


 mri_label2label --srcsubject fsaverage --srclabel /out/sourcedata/freesurfer/fsaverage/label/rh.hOc4v.mpm.vpnl.label --trgsubject sub-v1s12x0050113_ses-1 --trglabel ./rh.hOc4v.mpm.vpnl.label --hemi rh --regmethod surface 


srclabel = /out/sourcedata/freesurfer/fsaverage/label/rh.hOc4v.mpm.vpnl.label
srcsubject = fsaverage
trgsubject = sub-v1s12x0050113_ses-1
trglabel = ./rh.hOc4v.mpm.vpnl.label
regmethod = surface

srchemi = rh
trghemi = rh
trgsurface = white
srcsurfreg = sphere.reg
trgsurfreg = sphere.reg
usehash = 1
Use ProjAbs  = 0, 0
Use ProjFrac = 0, 0
DoPaint 0

SUBJECTS_DIR    /out/sourcedata/freesurfer
FREESURFER_HOME /opt/freesurfer
Loading source label.
Found 1025 points in source label.
Starting surface-based mapping
Reading source registration 
 /out/sourcedata/freesurfer/fsaverage/surf/rh.sphere.reg
Rescaling ...  original radius = 100
Reading target surface 
 /out/sourcedata/freesurfer/sub-v1s12x0050113_ses-1/surf/rh.white
Reading target registration 
 /out/sourcedata/freesurfer/sub-v1s12x0050113_ses-1/surf/rh.sphere.reg
Rescaling ...  original radius = 100
Building target registration hash (res=16).
Building source registration hash (res=16).
INFO: found  1025 nlabel points
Performing mapping from target back to the source label 128482
Number of reverse mapping hits = 447
Checking for and removing duplicates
Writing label file ./rh.hOc4v.mpm.vpnl.label 1472
mri_label2label: Done


 mris_label2annot --s sub-v1s12x0050113_ses-1 --ctab /opt/freesurfer/average/colortable_vpnl.txt --hemi rh --a mpm.vpnl --maxstatwinner --noverbose --l rh.FG1.mpm.vpnl.label --l rh.FG2.mpm.vpnl.label --l rh.FG3.mpm.vpnl.label --l rh.FG4.mpm.vpnl.label --l rh.hOc1.mpm.vpnl.label --l rh.hOc2.mpm.vpnl.label --l rh.hOc3v.mpm.vpnl.label --l rh.hOc4v.mpm.vpnl.label 

Reading ctab /opt/freesurfer/average/colortable_vpnl.txt
Number of ctab entries 9

7.3.2
cwd /out/sourcedata/freesurfer/sub-v1s12x0050113_ses-1/label
cmdline mris_label2annot --s sub-v1s12x0050113_ses-1 --ctab /opt/freesurfer/average/colortable_vpnl.txt --hemi rh --a mpm.vpnl --maxstatwinner --noverbose --l rh.FG1.mpm.vpnl.label --l rh.FG2.mpm.vpnl.label --l rh.FG3.mpm.vpnl.label --l rh.FG4.mpm.vpnl.label --l rh.hOc1.mpm.vpnl.label --l rh.hOc2.mpm.vpnl.label --l rh.hOc3v.mpm.vpnl.label --l rh.hOc4v.mpm.vpnl.label 
sysname  Linux
hostname dna070
machine  x86_64
user     oesteban

subject sub-v1s12x0050113_ses-1
hemi    rh
SUBJECTS_DIR /out/sourcedata/freesurfer
ColorTable /opt/freesurfer/average/colortable_vpnl.txt
AnnotName  mpm.vpnl
nlables 8
LabelThresh 0 0.000000
Loading /out/sourcedata/freesurfer/sub-v1s12x0050113_ses-1/surf/rh.orig
 1 1376057 FG1
 2 16711935 FG2
 3 16711680 FG3
 4 1705837 FG4
 5 25600 hOc1
 6 255 hOc2
 7 16776960 hOc3v
 8 65535 hOc4v
Mapping unhit to unknown
Found 111545 unhit vertices
Writing annot to /out/sourcedata/freesurfer/sub-v1s12x0050113_ses-1/label/rh.mpm.vpnl.annot

 mri_label2label --srcsubject fsaverage --srclabel /out/sourcedata/freesurfer/fsaverage/label/rh.BA1_exvivo.thresh.label --trgsubject sub-v1s12x0050113_ses-1 --trglabel ./rh.BA1_exvivo.thresh.label --hemi rh --regmethod surface 


srclabel = /out/sourcedata/freesurfer/fsaverage/label/rh.BA1_exvivo.thresh.label
srcsubject = fsaverage
trgsubject = sub-v1s12x0050113_ses-1
trglabel = ./rh.BA1_exvivo.thresh.label
regmethod = surface

srchemi = rh
trghemi = rh
trgsurface = white
srcsurfreg = sphere.reg
trgsurfreg = sphere.reg
usehash = 1
Use ProjAbs  = 0, 0
Use ProjFrac = 0, 0
DoPaint 0

SUBJECTS_DIR    /out/sourcedata/freesurfer
FREESURFER_HOME /opt/freesurfer
Loading source label.
Found 876 points in source label.
Starting surface-based mapping
Reading source registration 
 /out/sourcedata/freesurfer/fsaverage/surf/rh.sphere.reg
Rescaling ...  original radius = 100
Reading target surface 
 /out/sourcedata/freesurfer/sub-v1s12x0050113_ses-1/surf/rh.white
Reading target registration 
 /out/sourcedata/freesurfer/sub-v1s12x0050113_ses-1/surf/rh.sphere.reg
Rescaling ...  original radius = 100
Building target registration hash (res=16).
Building source registration hash (res=16).
INFO: found  876 nlabel points
Performing mapping from target back to the source label 128482
Number of reverse mapping hits = 10
Checking for and removing duplicates
Writing label file ./rh.BA1_exvivo.thresh.label 886
mri_label2label: Done


 mri_label2label --srcsubject fsaverage --srclabel /out/sourcedata/freesurfer/fsaverage/label/rh.BA2_exvivo.thresh.label --trgsubject sub-v1s12x0050113_ses-1 --trglabel ./rh.BA2_exvivo.thresh.label --hemi rh --regmethod surface 


srclabel = /out/sourcedata/freesurfer/fsaverage/label/rh.BA2_exvivo.thresh.label
srcsubject = fsaverage
trgsubject = sub-v1s12x0050113_ses-1
trglabel = ./rh.BA2_exvivo.thresh.label
regmethod = surface

srchemi = rh
trghemi = rh
trgsurface = white
srcsurfreg = sphere.reg
trgsurfreg = sphere.reg
usehash = 1
Use ProjAbs  = 0, 0
Use ProjFrac = 0, 0
DoPaint 0

SUBJECTS_DIR    /out/sourcedata/freesurfer
FREESURFER_HOME /opt/freesurfer
Loading source label.
Found 2688 points in source label.
Starting surface-based mapping
Reading source registration 
 /out/sourcedata/freesurfer/fsaverage/surf/rh.sphere.reg
Rescaling ...  original radius = 100
Reading target surface 
 /out/sourcedata/freesurfer/sub-v1s12x0050113_ses-1/surf/rh.white
Reading target registration 
 /out/sourcedata/freesurfer/sub-v1s12x0050113_ses-1/surf/rh.sphere.reg
Rescaling ...  original radius = 100
Building target registration hash (res=16).
Building source registration hash (res=16).
INFO: found  2688 nlabel points
Performing mapping from target back to the source label 128482
Number of reverse mapping hits = 8
Checking for and removing duplicates
Writing label file ./rh.BA2_exvivo.thresh.label 2696
mri_label2label: Done


 mri_label2label --srcsubject fsaverage --srclabel /out/sourcedata/freesurfer/fsaverage/label/rh.BA3a_exvivo.thresh.label --trgsubject sub-v1s12x0050113_ses-1 --trglabel ./rh.BA3a_exvivo.thresh.label --hemi rh --regmethod surface 


srclabel = /out/sourcedata/freesurfer/fsaverage/label/rh.BA3a_exvivo.thresh.label
srcsubject = fsaverage
trgsubject = sub-v1s12x0050113_ses-1
trglabel = ./rh.BA3a_exvivo.thresh.label
regmethod = surface

srchemi = rh
trghemi = rh
trgsurface = white
srcsurfreg = sphere.reg
trgsurfreg = sphere.reg
usehash = 1
Use ProjAbs  = 0, 0
Use ProjFrac = 0, 0
DoPaint 0

SUBJECTS_DIR    /out/sourcedata/freesurfer
FREESURFER_HOME /opt/freesurfer
Loading source label.
Found 1698 points in source label.
Starting surface-based mapping
Reading source registration 
 /out/sourcedata/freesurfer/fsaverage/surf/rh.sphere.reg
Rescaling ...  original radius = 100
Reading target surface 
 /out/sourcedata/freesurfer/sub-v1s12x0050113_ses-1/surf/rh.white
Reading target registration 
 /out/sourcedata/freesurfer/sub-v1s12x0050113_ses-1/surf/rh.sphere.reg
Rescaling ...  original radius = 100
Building target registration hash (res=16).
Building source registration hash (res=16).
INFO: found  1698 nlabel points
Performing mapping from target back to the source label 128482
Number of reverse mapping hits = 5
Checking for and removing duplicates
Writing label file ./rh.BA3a_exvivo.thresh.label 1703
mri_label2label: Done


 mri_label2label --srcsubject fsaverage --srclabel /out/sourcedata/freesurfer/fsaverage/label/rh.BA3b_exvivo.thresh.label --trgsubject sub-v1s12x0050113_ses-1 --trglabel ./rh.BA3b_exvivo.thresh.label --hemi rh --regmethod surface 


srclabel = /out/sourcedata/freesurfer/fsaverage/label/rh.BA3b_exvivo.thresh.label
srcsubject = fsaverage
trgsubject = sub-v1s12x0050113_ses-1
trglabel = ./rh.BA3b_exvivo.thresh.label
regmethod = surface

srchemi = rh
trghemi = rh
trgsurface = white
srcsurfreg = sphere.reg
trgsurfreg = sphere.reg
usehash = 1
Use ProjAbs  = 0, 0
Use ProjFrac = 0, 0
DoPaint 0

SUBJECTS_DIR    /out/sourcedata/freesurfer
FREESURFER_HOME /opt/freesurfer
Loading source label.
Found 2183 points in source label.
Starting surface-based mapping
Reading source registration 
 /out/sourcedata/freesurfer/fsaverage/surf/rh.sphere.reg
Rescaling ...  original radius = 100
Reading target surface 
 /out/sourcedata/freesurfer/sub-v1s12x0050113_ses-1/surf/rh.white
Reading target registration 
 /out/sourcedata/freesurfer/sub-v1s12x0050113_ses-1/surf/rh.sphere.reg
Rescaling ...  original radius = 100
Building target registration hash (res=16).
Building source registration hash (res=16).
INFO: found  2183 nlabel points
Performing mapping from target back to the source label 128482
Number of reverse mapping hits = 6
Checking for and removing duplicates
Writing label file ./rh.BA3b_exvivo.thresh.label 2189
mri_label2label: Done


 mri_label2label --srcsubject fsaverage --srclabel /out/sourcedata/freesurfer/fsaverage/label/rh.BA4a_exvivo.thresh.label --trgsubject sub-v1s12x0050113_ses-1 --trglabel ./rh.BA4a_exvivo.thresh.label --hemi rh --regmethod surface 


srclabel = /out/sourcedata/freesurfer/fsaverage/label/rh.BA4a_exvivo.thresh.label
srcsubject = fsaverage
trgsubject = sub-v1s12x0050113_ses-1
trglabel = ./rh.BA4a_exvivo.thresh.label
regmethod = surface

srchemi = rh
trghemi = rh
trgsurface = white
srcsurfreg = sphere.reg
trgsurfreg = sphere.reg
usehash = 1
Use ProjAbs  = 0, 0
Use ProjFrac = 0, 0
DoPaint 0

SUBJECTS_DIR    /out/sourcedata/freesurfer
FREESURFER_HOME /opt/freesurfer
Loading source label.
Found 1388 points in source label.
Starting surface-based mapping
Reading source registration 
 /out/sourcedata/freesurfer/fsaverage/surf/rh.sphere.reg
Rescaling ...  original radius = 100
Reading target surface 
 /out/sourcedata/freesurfer/sub-v1s12x0050113_ses-1/surf/rh.white
Reading target registration 
 /out/sourcedata/freesurfer/sub-v1s12x0050113_ses-1/surf/rh.sphere.reg
Rescaling ...  original radius = 100
Building target registration hash (res=16).
Building source registration hash (res=16).
INFO: found  1388 nlabel points
Performing mapping from target back to the source label 128482
Number of reverse mapping hits = 55
Checking for and removing duplicates
Writing label file ./rh.BA4a_exvivo.thresh.label 1443
mri_label2label: Done


 mri_label2label --srcsubject fsaverage --srclabel /out/sourcedata/freesurfer/fsaverage/label/rh.BA4p_exvivo.thresh.label --trgsubject sub-v1s12x0050113_ses-1 --trglabel ./rh.BA4p_exvivo.thresh.label --hemi rh --regmethod surface 


srclabel = /out/sourcedata/freesurfer/fsaverage/label/rh.BA4p_exvivo.thresh.label
srcsubject = fsaverage
trgsubject = sub-v1s12x0050113_ses-1
trglabel = ./rh.BA4p_exvivo.thresh.label
regmethod = surface

srchemi = rh
trghemi = rh
trgsurface = white
srcsurfreg = sphere.reg
trgsurfreg = sphere.reg
usehash = 1
Use ProjAbs  = 0, 0
Use ProjFrac = 0, 0
DoPaint 0

SUBJECTS_DIR    /out/sourcedata/freesurfer
FREESURFER_HOME /opt/freesurfer
Loading source label.
Found 1489 points in source label.
Starting surface-based mapping
Reading source registration 
 /out/sourcedata/freesurfer/fsaverage/surf/rh.sphere.reg
Rescaling ...  original radius = 100
Reading target surface 
 /out/sourcedata/freesurfer/sub-v1s12x0050113_ses-1/surf/rh.white
Reading target registration 
 /out/sourcedata/freesurfer/sub-v1s12x0050113_ses-1/surf/rh.sphere.reg
Rescaling ...  original radius = 100
Building target registration hash (res=16).
Building source registration hash (res=16).
INFO: found  1489 nlabel points
Performing mapping from target back to the source label 128482
Number of reverse mapping hits = 36
Checking for and removing duplicates
Writing label file ./rh.BA4p_exvivo.thresh.label 1525
mri_label2label: Done


 mri_label2label --srcsubject fsaverage --srclabel /out/sourcedata/freesurfer/fsaverage/label/rh.BA6_exvivo.thresh.label --trgsubject sub-v1s12x0050113_ses-1 --trglabel ./rh.BA6_exvivo.thresh.label --hemi rh --regmethod surface 


srclabel = /out/sourcedata/freesurfer/fsaverage/label/rh.BA6_exvivo.thresh.label
srcsubject = fsaverage
trgsubject = sub-v1s12x0050113_ses-1
trglabel = ./rh.BA6_exvivo.thresh.label
regmethod = surface

srchemi = rh
trghemi = rh
trgsurface = white
srcsurfreg = sphere.reg
trgsurfreg = sphere.reg
usehash = 1
Use ProjAbs  = 0, 0
Use ProjFrac = 0, 0
DoPaint 0

SUBJECTS_DIR    /out/sourcedata/freesurfer
FREESURFER_HOME /opt/freesurfer
Loading source label.
Found 6959 points in source label.
Starting surface-based mapping
Reading source registration 
 /out/sourcedata/freesurfer/fsaverage/surf/rh.sphere.reg
Rescaling ...  original radius = 100
Reading target surface 
 /out/sourcedata/freesurfer/sub-v1s12x0050113_ses-1/surf/rh.white
Reading target registration 
 /out/sourcedata/freesurfer/sub-v1s12x0050113_ses-1/surf/rh.sphere.reg
Rescaling ...  original radius = 100
Building target registration hash (res=16).
Building source registration hash (res=16).
INFO: found  6959 nlabel points
Performing mapping from target back to the source label 128482
Number of reverse mapping hits = 138
Checking for and removing duplicates
Writing label file ./rh.BA6_exvivo.thresh.label 7097
mri_label2label: Done


 mri_label2label --srcsubject fsaverage --srclabel /out/sourcedata/freesurfer/fsaverage/label/rh.BA44_exvivo.thresh.label --trgsubject sub-v1s12x0050113_ses-1 --trglabel ./rh.BA44_exvivo.thresh.label --hemi rh --regmethod surface 


srclabel = /out/sourcedata/freesurfer/fsaverage/label/rh.BA44_exvivo.thresh.label
srcsubject = fsaverage
trgsubject = sub-v1s12x0050113_ses-1
trglabel = ./rh.BA44_exvivo.thresh.label
regmethod = surface

srchemi = rh
trghemi = rh
trgsurface = white
srcsurfreg = sphere.reg
trgsurfreg = sphere.reg
usehash = 1
Use ProjAbs  = 0, 0
Use ProjFrac = 0, 0
DoPaint 0

SUBJECTS_DIR    /out/sourcedata/freesurfer
FREESURFER_HOME /opt/freesurfer
Loading source label.
Found 1012 points in source label.
Starting surface-based mapping
Reading source registration 
 /out/sourcedata/freesurfer/fsaverage/surf/rh.sphere.reg
Rescaling ...  original radius = 100
Reading target surface 
 /out/sourcedata/freesurfer/sub-v1s12x0050113_ses-1/surf/rh.white
Reading target registration 
 /out/sourcedata/freesurfer/sub-v1s12x0050113_ses-1/surf/rh.sphere.reg
Rescaling ...  original radius = 100
Building target registration hash (res=16).
Building source registration hash (res=16).
INFO: found  1012 nlabel points
Performing mapping from target back to the source label 128482
Number of reverse mapping hits = 55
Checking for and removing duplicates
Writing label file ./rh.BA44_exvivo.thresh.label 1067
mri_label2label: Done


 mri_label2label --srcsubject fsaverage --srclabel /out/sourcedata/freesurfer/fsaverage/label/rh.BA45_exvivo.thresh.label --trgsubject sub-v1s12x0050113_ses-1 --trglabel ./rh.BA45_exvivo.thresh.label --hemi rh --regmethod surface 


srclabel = /out/sourcedata/freesurfer/fsaverage/label/rh.BA45_exvivo.thresh.label
srcsubject = fsaverage
trgsubject = sub-v1s12x0050113_ses-1
trglabel = ./rh.BA45_exvivo.thresh.label
regmethod = surface

srchemi = rh
trghemi = rh
trgsurface = white
srcsurfreg = sphere.reg
trgsurfreg = sphere.reg
usehash = 1
Use ProjAbs  = 0, 0
Use ProjFrac = 0, 0
DoPaint 0

SUBJECTS_DIR    /out/sourcedata/freesurfer
FREESURFER_HOME /opt/freesurfer
Loading source label.
Found 1178 points in source label.
Starting surface-based mapping
Reading source registration 
 /out/sourcedata/freesurfer/fsaverage/surf/rh.sphere.reg
Rescaling ...  original radius = 100
Reading target surface 
 /out/sourcedata/freesurfer/sub-v1s12x0050113_ses-1/surf/rh.white
Reading target registration 
 /out/sourcedata/freesurfer/sub-v1s12x0050113_ses-1/surf/rh.sphere.reg
Rescaling ...  original radius = 100
Building target registration hash (res=16).
Building source registration hash (res=16).
INFO: found  1178 nlabel points
Performing mapping from target back to the source label 128482
Number of reverse mapping hits = 75
Checking for and removing duplicates
Writing label file ./rh.BA45_exvivo.thresh.label 1253
mri_label2label: Done


 mri_label2label --srcsubject fsaverage --srclabel /out/sourcedata/freesurfer/fsaverage/label/rh.V1_exvivo.thresh.label --trgsubject sub-v1s12x0050113_ses-1 --trglabel ./rh.V1_exvivo.thresh.label --hemi rh --regmethod surface 


srclabel = /out/sourcedata/freesurfer/fsaverage/label/rh.V1_exvivo.thresh.label
srcsubject = fsaverage
trgsubject = sub-v1s12x0050113_ses-1
trglabel = ./rh.V1_exvivo.thresh.label
regmethod = surface

srchemi = rh
trghemi = rh
trgsurface = white
srcsurfreg = sphere.reg
trgsurfreg = sphere.reg
usehash = 1
Use ProjAbs  = 0, 0
Use ProjFrac = 0, 0
DoPaint 0

SUBJECTS_DIR    /out/sourcedata/freesurfer
FREESURFER_HOME /opt/freesurfer
Loading source label.
Found 3232 points in source label.
Starting surface-based mapping
Reading source registration 
 /out/sourcedata/freesurfer/fsaverage/surf/rh.sphere.reg
Rescaling ...  original radius = 100
Reading target surface 
 /out/sourcedata/freesurfer/sub-v1s12x0050113_ses-1/surf/rh.white
Reading target registration 
 /out/sourcedata/freesurfer/sub-v1s12x0050113_ses-1/surf/rh.sphere.reg
Rescaling ...  original radius = 100
Building target registration hash (res=16).
Building source registration hash (res=16).
INFO: found  3232 nlabel points
Performing mapping from target back to the source label 128482
Number of reverse mapping hits = 1473
Checking for and removing duplicates
Writing label file ./rh.V1_exvivo.thresh.label 4705
mri_label2label: Done


 mri_label2label --srcsubject fsaverage --srclabel /out/sourcedata/freesurfer/fsaverage/label/rh.V2_exvivo.thresh.label --trgsubject sub-v1s12x0050113_ses-1 --trglabel ./rh.V2_exvivo.thresh.label --hemi rh --regmethod surface 


srclabel = /out/sourcedata/freesurfer/fsaverage/label/rh.V2_exvivo.thresh.label
srcsubject = fsaverage
trgsubject = sub-v1s12x0050113_ses-1
trglabel = ./rh.V2_exvivo.thresh.label
regmethod = surface

srchemi = rh
trghemi = rh
trgsurface = white
srcsurfreg = sphere.reg
trgsurfreg = sphere.reg
usehash = 1
Use ProjAbs  = 0, 0
Use ProjFrac = 0, 0
DoPaint 0

SUBJECTS_DIR    /out/sourcedata/freesurfer
FREESURFER_HOME /opt/freesurfer
Loading source label.
Found 3437 points in source label.
Starting surface-based mapping
Reading source registration 
 /out/sourcedata/freesurfer/fsaverage/surf/rh.sphere.reg
Rescaling ...  original radius = 100
Reading target surface 
 /out/sourcedata/freesurfer/sub-v1s12x0050113_ses-1/surf/rh.white
Reading target registration 
 /out/sourcedata/freesurfer/sub-v1s12x0050113_ses-1/surf/rh.sphere.reg
Rescaling ...  original radius = 100
Building target registration hash (res=16).
Building source registration hash (res=16).
INFO: found  3437 nlabel points
Performing mapping from target back to the source label 128482
Number of reverse mapping hits = 1624
Checking for and removing duplicates
Writing label file ./rh.V2_exvivo.thresh.label 5061
mri_label2label: Done


 mri_label2label --srcsubject fsaverage --srclabel /out/sourcedata/freesurfer/fsaverage/label/rh.MT_exvivo.thresh.label --trgsubject sub-v1s12x0050113_ses-1 --trglabel ./rh.MT_exvivo.thresh.label --hemi rh --regmethod surface 


srclabel = /out/sourcedata/freesurfer/fsaverage/label/rh.MT_exvivo.thresh.label
srcsubject = fsaverage
trgsubject = sub-v1s12x0050113_ses-1
trglabel = ./rh.MT_exvivo.thresh.label
regmethod = surface

srchemi = rh
trghemi = rh
trgsurface = white
srcsurfreg = sphere.reg
trgsurfreg = sphere.reg
usehash = 1
Use ProjAbs  = 0, 0
Use ProjFrac = 0, 0
DoPaint 0

SUBJECTS_DIR    /out/sourcedata/freesurfer
FREESURFER_HOME /opt/freesurfer
Loading source label.
Found 268 points in source label.
Starting surface-based mapping
Reading source registration 
 /out/sourcedata/freesurfer/fsaverage/surf/rh.sphere.reg
Rescaling ...  original radius = 100
Reading target surface 
 /out/sourcedata/freesurfer/sub-v1s12x0050113_ses-1/surf/rh.white
Reading target registration 
 /out/sourcedata/freesurfer/sub-v1s12x0050113_ses-1/surf/rh.sphere.reg
Rescaling ...  original radius = 100
Building target registration hash (res=16).
Building source registration hash (res=16).
INFO: found  268 nlabel points
Performing mapping from target back to the source label 128482
Number of reverse mapping hits = 35
Checking for and removing duplicates
Writing label file ./rh.MT_exvivo.thresh.label 303
mri_label2label: Done


 mri_label2label --srcsubject fsaverage --srclabel /out/sourcedata/freesurfer/fsaverage/label/rh.entorhinal_exvivo.thresh.label --trgsubject sub-v1s12x0050113_ses-1 --trglabel ./rh.entorhinal_exvivo.thresh.label --hemi rh --regmethod surface 


srclabel = /out/sourcedata/freesurfer/fsaverage/label/rh.entorhinal_exvivo.thresh.label
srcsubject = fsaverage
trgsubject = sub-v1s12x0050113_ses-1
trglabel = ./rh.entorhinal_exvivo.thresh.label
regmethod = surface

srchemi = rh
trghemi = rh
trgsurface = white
srcsurfreg = sphere.reg
trgsurfreg = sphere.reg
usehash = 1
Use ProjAbs  = 0, 0
Use ProjFrac = 0, 0
DoPaint 0

SUBJECTS_DIR    /out/sourcedata/freesurfer
FREESURFER_HOME /opt/freesurfer
Loading source label.
Found 694 points in source label.
Starting surface-based mapping
Reading source registration 
 /out/sourcedata/freesurfer/fsaverage/surf/rh.sphere.reg
Rescaling ...  original radius = 100
Reading target surface 
 /out/sourcedata/freesurfer/sub-v1s12x0050113_ses-1/surf/rh.white
Reading target registration 
 /out/sourcedata/freesurfer/sub-v1s12x0050113_ses-1/surf/rh.sphere.reg
Rescaling ...  original radius = 100
Building target registration hash (res=16).
Building source registration hash (res=16).
INFO: found  694 nlabel points
Performing mapping from target back to the source label 128482
Number of reverse mapping hits = 18
Checking for and removing duplicates
Writing label file ./rh.entorhinal_exvivo.thresh.label 712
mri_label2label: Done


 mri_label2label --srcsubject fsaverage --srclabel /out/sourcedata/freesurfer/fsaverage/label/rh.perirhinal_exvivo.thresh.label --trgsubject sub-v1s12x0050113_ses-1 --trglabel ./rh.perirhinal_exvivo.thresh.label --hemi rh --regmethod surface 


srclabel = /out/sourcedata/freesurfer/fsaverage/label/rh.perirhinal_exvivo.thresh.label
srcsubject = fsaverage
trgsubject = sub-v1s12x0050113_ses-1
trglabel = ./rh.perirhinal_exvivo.thresh.label
regmethod = surface

srchemi = rh
trghemi = rh
trgsurface = white
srcsurfreg = sphere.reg
trgsurfreg = sphere.reg
usehash = 1
Use ProjAbs  = 0, 0
Use ProjFrac = 0, 0
DoPaint 0

SUBJECTS_DIR    /out/sourcedata/freesurfer
FREESURFER_HOME /opt/freesurfer
Loading source label.
Found 291 points in source label.
Starting surface-based mapping
Reading source registration 
 /out/sourcedata/freesurfer/fsaverage/surf/rh.sphere.reg
Rescaling ...  original radius = 100
Reading target surface 
 /out/sourcedata/freesurfer/sub-v1s12x0050113_ses-1/surf/rh.white
Reading target registration 
 /out/sourcedata/freesurfer/sub-v1s12x0050113_ses-1/surf/rh.sphere.reg
Rescaling ...  original radius = 100
Building target registration hash (res=16).
Building source registration hash (res=16).
INFO: found  291 nlabel points
Performing mapping from target back to the source label 128482
Number of reverse mapping hits = 6
Checking for and removing duplicates
Writing label file ./rh.perirhinal_exvivo.thresh.label 297
mri_label2label: Done


 mris_label2annot --s sub-v1s12x0050113_ses-1 --hemi rh --ctab /opt/freesurfer/average/colortable_BA.txt --l rh.BA1_exvivo.label --l rh.BA2_exvivo.label --l rh.BA3a_exvivo.label --l rh.BA3b_exvivo.label --l rh.BA4a_exvivo.label --l rh.BA4p_exvivo.label --l rh.BA6_exvivo.label --l rh.BA44_exvivo.label --l rh.BA45_exvivo.label --l rh.V1_exvivo.label --l rh.V2_exvivo.label --l rh.MT_exvivo.label --l rh.perirhinal_exvivo.label --l rh.entorhinal_exvivo.label --a BA_exvivo --maxstatwinner --noverbose 

Reading ctab /opt/freesurfer/average/colortable_BA.txt
Number of ctab entries 15

7.3.2
cwd /out/sourcedata/freesurfer/sub-v1s12x0050113_ses-1/label
cmdline mris_label2annot --s sub-v1s12x0050113_ses-1 --hemi rh --ctab /opt/freesurfer/average/colortable_BA.txt --l rh.BA1_exvivo.label --l rh.BA2_exvivo.label --l rh.BA3a_exvivo.label --l rh.BA3b_exvivo.label --l rh.BA4a_exvivo.label --l rh.BA4p_exvivo.label --l rh.BA6_exvivo.label --l rh.BA44_exvivo.label --l rh.BA45_exvivo.label --l rh.V1_exvivo.label --l rh.V2_exvivo.label --l rh.MT_exvivo.label --l rh.perirhinal_exvivo.label --l rh.entorhinal_exvivo.label --a BA_exvivo --maxstatwinner --noverbose 
sysname  Linux
hostname dna070
machine  x86_64
user     oesteban

subject sub-v1s12x0050113_ses-1
hemi    rh
SUBJECTS_DIR /out/sourcedata/freesurfer
ColorTable /opt/freesurfer/average/colortable_BA.txt
AnnotName  BA_exvivo
nlables 14
LabelThresh 0 0.000000
Loading /out/sourcedata/freesurfer/sub-v1s12x0050113_ses-1/surf/rh.orig
 1 1530880 BA1_exvivo
 2 16749699 BA2_exvivo
 3 16711680 BA3a_exvivo
 4 3368703 BA3b_exvivo
 5 1376196 BA4a_exvivo
 6 13382655 BA4p_exvivo
 7 10036737 BA6_exvivo
 8 2490521 BA44_exvivo
 9 39283 BA45_exvivo
10 3993 V1_exvivo
11 8508928 V2_exvivo
12 10027163 MT_exvivo
13 16422433 perirhinal_exvivo
14 16392598 entorhinal_exvivo
Mapping unhit to unknown
Found 88693 unhit vertices
Writing annot to /out/sourcedata/freesurfer/sub-v1s12x0050113_ses-1/label/rh.BA_exvivo.annot

 mris_label2annot --s sub-v1s12x0050113_ses-1 --hemi rh --ctab /opt/freesurfer/average/colortable_BA.txt --l rh.BA1_exvivo.thresh.label --l rh.BA2_exvivo.thresh.label --l rh.BA3a_exvivo.thresh.label --l rh.BA3b_exvivo.thresh.label --l rh.BA4a_exvivo.thresh.label --l rh.BA4p_exvivo.thresh.label --l rh.BA6_exvivo.thresh.label --l rh.BA44_exvivo.thresh.label --l rh.BA45_exvivo.thresh.label --l rh.V1_exvivo.thresh.label --l rh.V2_exvivo.thresh.label --l rh.MT_exvivo.thresh.label --l rh.perirhinal_exvivo.thresh.label --l rh.entorhinal_exvivo.thresh.label --a BA_exvivo.thresh --maxstatwinner --noverbose 

Reading ctab /opt/freesurfer/average/colortable_BA.txt
Number of ctab entries 15

7.3.2
cwd /out/sourcedata/freesurfer/sub-v1s12x0050113_ses-1/label
cmdline mris_label2annot --s sub-v1s12x0050113_ses-1 --hemi rh --ctab /opt/freesurfer/average/colortable_BA.txt --l rh.BA1_exvivo.thresh.label --l rh.BA2_exvivo.thresh.label --l rh.BA3a_exvivo.thresh.label --l rh.BA3b_exvivo.thresh.label --l rh.BA4a_exvivo.thresh.label --l rh.BA4p_exvivo.thresh.label --l rh.BA6_exvivo.thresh.label --l rh.BA44_exvivo.thresh.label --l rh.BA45_exvivo.thresh.label --l rh.V1_exvivo.thresh.label --l rh.V2_exvivo.thresh.label --l rh.MT_exvivo.thresh.label --l rh.perirhinal_exvivo.thresh.label --l rh.entorhinal_exvivo.thresh.label --a BA_exvivo.thresh --maxstatwinner --noverbose 
sysname  Linux
hostname dna070
machine  x86_64
user     oesteban

subject sub-v1s12x0050113_ses-1
hemi    rh
SUBJECTS_DIR /out/sourcedata/freesurfer
ColorTable /opt/freesurfer/average/colortable_BA.txt
AnnotName  BA_exvivo.thresh
nlables 14
LabelThresh 0 0.000000
Loading /out/sourcedata/freesurfer/sub-v1s12x0050113_ses-1/surf/rh.orig
 1 1530880 BA1_exvivo
 2 16749699 BA2_exvivo
 3 16711680 BA3a_exvivo
 4 3368703 BA3b_exvivo
 5 1376196 BA4a_exvivo
 6 13382655 BA4p_exvivo
 7 10036737 BA6_exvivo
 8 2490521 BA44_exvivo
 9 39283 BA45_exvivo
10 3993 V1_exvivo
11 8508928 V2_exvivo
12 10027163 MT_exvivo
13 16422433 perirhinal_exvivo
14 16392598 entorhinal_exvivo
Mapping unhit to unknown
Found 105538 unhit vertices
Writing annot to /out/sourcedata/freesurfer/sub-v1s12x0050113_ses-1/label/rh.BA_exvivo.thresh.annot

 mris_anatomical_stats -th3 -mgz -noglobal -f ../stats/rh.BA_exvivo.stats -b -a ./rh.BA_exvivo.annot -c ./BA_exvivo.ctab sub-v1s12x0050113_ses-1 rh white 

computing statistics for each annotation in ./rh.BA_exvivo.annot.
reading volume /out/sourcedata/freesurfer/sub-v1s12x0050113_ses-1/mri/wm.mgz...
reading input surface /out/sourcedata/freesurfer/sub-v1s12x0050113_ses-1/surf/rh.white...
reading input pial surface /out/sourcedata/freesurfer/sub-v1s12x0050113_ses-1/surf/rh.pial...
reading input white surface /out/sourcedata/freesurfer/sub-v1s12x0050113_ses-1/surf/rh.white...
INFO: using TH3 volume calc
INFO: assuming MGZ format for volumes.
INFO: not computing global stats
Using TH3 vertex volume calc
Total face volume 221454
Total vertex volume 221251 (mask=0)
Saving annotation colortable ./BA_exvivo.ctab

table columns are:
    number of vertices
    total surface area (mm^2)
    total gray matter volume (mm^3)
    average cortical thickness +- standard deviation (mm)
    integrated rectified mean curvature
    integrated rectified Gaussian curvature
    folding index
    intrinsic curvature index
    structure name

  767    457   1217  2.031 0.442     0.131     0.024       10     0.7  BA1_exvivo
 2539   1690   3413  2.135 0.493     0.110     0.019       19     2.1  BA2_exvivo
  961    646    815  1.652 0.418     0.133     0.022       10     0.8  BA3a_exvivo
 1683   1067   1759  1.524 0.485     0.085     0.013       10     1.1  BA3b_exvivo
 1615    910   2489  2.425 0.620     0.102     0.022       13     1.6  BA4a_exvivo
 1127    710   1626  2.405 0.606     0.085     0.016        5     0.7  BA4p_exvivo
 7356   4818  14277  2.670 0.557     0.109     0.021       61     6.5  BA6_exvivo
 3119   2070   6337  2.863 0.497     0.100     0.017       25     2.4  BA44_exvivo
 4001   2768   8230  2.662 0.549     0.119     0.024       44     3.9  BA45_exvivo
 4782   3169   4692  1.490 0.452     0.133     0.031       57     6.6  V1_exvivo
 9137   6152  11824  1.867 0.545     0.137     0.030      122    11.6  V2_exvivo
 1844   1254   3062  2.494 0.450     0.120     0.022       16     1.7  MT_exvivo
  352    232    634  2.782 0.622     0.077     0.011        1     0.1  perirhinal_exvivo
  506    318   1332  3.072 0.638     0.077     0.015        2     0.3  entorhinal_exvivo

 mris_anatomical_stats -th3 -mgz -f ../stats/rh.BA_exvivo.thresh.stats -noglobal -b -a ./rh.BA_exvivo.thresh.annot -c ./BA_exvivo.thresh.ctab sub-v1s12x0050113_ses-1 rh white 

computing statistics for each annotation in ./rh.BA_exvivo.thresh.annot.
reading volume /out/sourcedata/freesurfer/sub-v1s12x0050113_ses-1/mri/wm.mgz...
reading input surface /out/sourcedata/freesurfer/sub-v1s12x0050113_ses-1/surf/rh.white...
reading input pial surface /out/sourcedata/freesurfer/sub-v1s12x0050113_ses-1/surf/rh.pial...
reading input white surface /out/sourcedata/freesurfer/sub-v1s12x0050113_ses-1/surf/rh.white...
INFO: using TH3 volume calc
INFO: assuming MGZ format for volumes.
INFO: not computing global stats
Using TH3 vertex volume calc
Total face volume 221454
Total vertex volume 221251 (mask=0)
Saving annotation colortable ./BA_exvivo.thresh.ctab

table columns are:
    number of vertices
    total surface area (mm^2)
    total gray matter volume (mm^3)
    average cortical thickness +- standard deviation (mm)
    integrated rectified mean curvature
    integrated rectified Gaussian curvature
    folding index
    intrinsic curvature index
    structure name

  527    316    804  1.920 0.432     0.134     0.025        7     0.5  BA1_exvivo
 1460    944   1846  1.962 0.431     0.102     0.016       10     1.1  BA2_exvivo
  873    595    678  1.605 0.357     0.142     0.024       10     0.8  BA3a_exvivo
 1307    860   1166  1.347 0.292     0.074     0.009        5     0.5  BA3b_exvivo
 1053    570   1523  2.374 0.602     0.106     0.026        8     1.2  BA4a_exvivo
  933    600   1372  2.492 0.697     0.080     0.015        3     0.6  BA4p_exvivo
 4667   3029   9104  2.669 0.573     0.111     0.021       39     4.3  BA6_exvivo
  833    557   1989  2.923 0.463     0.105     0.016        8     0.6  BA44_exvivo
  975    658   2095  2.650 0.439     0.110     0.021        9     0.8  BA45_exvivo
 4595   3019   4376  1.481 0.445     0.132     0.030       54     6.2  V1_exvivo
 4914   3367   5865  1.728 0.505     0.143     0.032       70     6.8  V2_exvivo
  271    168    488  2.281 0.560     0.129     0.031        4     0.4  MT_exvivo
   29     20     39  2.408 0.428     0.075     0.006        0     0.0  perirhinal_exvivo
  507    327   1178  2.966 0.552     0.077     0.012        2     0.3  entorhinal_exvivo

Started at Sat Apr 4 13:34:05 CEST 2026 
Ended   at Sat Apr 4 13:36:26 CEST 2026
#@#%# recon-all-run-time-hours 0.039
recon-all -s sub-v1s12x0050113_ses-1 finished without error at Sat Apr  4 13:36:26 CEST 2026
