#!ascii label  , from subject sub-v1s12x0050109_ses-1 vox2ras=TkReg
2783
24767  -9.637  -46.420  48.940 0.3333329856
25867  -10.168  -46.033  49.423 0.3333329856
26973  -11.212  -45.287  49.287 0.3333329856
25876  -9.626  -45.425  48.600 0.4444440007
26986  -11.184  -44.953  48.349 0.3333329856
27000  -11.111  -44.455  47.460 0.5555559993
26987  -11.815  -44.396  47.840 0.4444440007
140627  -12.379  -43.924  47.491 0.5555559993
28193  -13.097  -43.460  47.684 0.6666669846
29357  -13.334  -42.772  46.499 0.7777780294
24773  -8.112  -46.010  47.292 0.3333329856
24774  -8.452  -46.230  47.924 0.4444440007
24766  -8.879  -46.120  48.668 0.4444440007
25866  -9.428  -46.055  49.067 0.3333329856
26985  -10.318  -44.844  48.060 0.4444440007
26999  -10.609  -44.196  47.337 0.6666669846
27001  -11.725  -43.959  46.942 0.6666669846
28192  -12.514  -43.609  46.891 0.6666669846
28204  -12.650  -43.192  46.288 0.7777780294
28213  -12.225  -43.166  45.701 0.7777780294
30492  -13.674  -42.261  45.941 0.5555559993
25883  -7.683  -45.480  47.003 0.2222220004
25873  -8.150  -45.405  47.477 0.4444440007
25874  -8.542  -45.752  48.112 0.4444440007
26984  -8.975  -44.773  48.105 0.5555559993
116666  -9.457  -44.578  48.110 0.5555559993
27013  -11.075  -44.025  46.864 0.6666669846
28201  -10.802  -43.675  46.813 0.6666669846
28202  -11.380  -43.521  46.332 0.6666669846
28212  -11.786  -43.190  45.672 0.7777780294
29366  -12.806  -42.750  45.566 0.6666669846
29365  -12.123  -42.835  45.175 0.7777780294
30501  -13.250  -42.235  44.927 0.6666669846
31560  -14.209  -41.250  44.561 0.5555559993
31547  -15.115  -40.184  45.047 0.5555559993
33704  -15.727  -39.084  44.956 0.3333329856
29374  -12.547  -42.457  44.834 0.6666669846
30510  -12.749  -41.987  44.268 0.7777780294
30518  -13.041  -41.331  43.543 0.7777780294
31561  -14.630  -40.730  44.345 0.5555559993
32637  -15.064  -40.148  44.110 0.5555559993
129264  -13.901  -41.151  43.724 0.7777780294
32654  -14.223  -40.185  42.659 0.6666669846
33720  -15.531  -39.517  44.002 0.5555559993
33721  -16.009  -38.768  44.188 0.4444440007
32670  -14.835  -39.665  42.263 0.7777780294
138671  -16.326  -38.484  43.526 0.5555559993
27011  -6.931  -44.106  46.244 0.1111110002
26997  -7.214  -43.985  46.934 0.2222220004
26998  -7.601  -44.680  47.130 0.2222220004
26983  -8.551  -44.875  47.779 0.3333329856
26982  -8.028  -44.341  47.515 0.2222220004
27023  -6.952  -44.460  45.333 0.1111110002
131924  -9.994  -44.294  47.761 0.6666669846
29356  -10.946  -43.149  46.308 0.6666669846
28211  -11.384  -43.058  45.819 0.7777780294
29364  -11.711  -42.714  45.283 0.7777780294
29372  -11.525  -42.076  44.988 0.7777780294
29373  -12.070  -42.264  44.621 0.7777780294
30509  -12.373  -41.579  44.071 0.7777780294
31571  -13.005  -40.572  43.081 0.7777780294
31573  -14.442  -40.571  43.420 0.7777780294
34747  -17.111  -37.406  44.370 0.5555559993
33734  -15.751  -39.259  42.873 0.6666669846
33735  -16.328  -38.533  42.751 0.6666669846
34759  -16.828  -37.848  43.368 0.6666669846
35844  -17.541  -37.000  43.637 0.5555559993
32683  -14.664  -39.121  41.781 0.7777780294
33747  -15.923  -38.821  41.944 0.7777780294
34771  -16.614  -38.181  42.174 0.6666669846
34772  -17.268  -37.469  42.558 0.6666669846
131978  -6.689  -43.288  45.995 0.1111110002
28200  -6.803  -43.253  46.662 0.2222220004
26981  -7.600  -43.706  47.315 0.2222220004
28177  -8.013  -43.328  47.707 0.2222220004
127517  -8.318  -43.889  47.850 0.3333329856
28179  -8.976  -43.669  48.314 0.6666669846
28180  -9.558  -43.791  47.957 0.7777780294
121130  -6.591  -42.967  44.721 0.1111110002
28191  -10.227  -43.800  47.409 0.6666669846
29337  -10.067  -43.072  47.931 0.7777780294
29347  -10.483  -43.186  47.034 0.6666669846
30491  -11.183  -42.501  45.832 0.7777780294
31544  -11.502  -41.172  44.932 0.7777780294
30508  -11.863  -41.710  44.454 0.7777780294
31559  -11.943  -40.999  44.199 0.7777780294
32652  -12.607  -40.226  43.317 0.7777780294
32653  -12.962  -39.941  42.853 0.7777780294
32668  -13.453  -39.600  42.576 0.8888890147
33756  -15.146  -38.672  41.410 0.7777780294
34781  -15.233  -37.963  40.897 0.7777780294
137164  -17.801  -36.855  42.802 0.6666669846
34782  -15.977  -37.683  40.718 0.7777780294
35866  -16.587  -37.197  40.570 0.6666669846
35855  -17.626  -36.998  41.950 0.5555559993
28164  -7.765  -42.311  48.081 0.3333329856
134195  -6.589  -42.913  45.478 0.2222220004
28165  -8.429  -42.863  48.069 0.4444440007
29336  -9.393  -42.814  48.394 0.6666669846
136358  -6.366  -42.237  45.215 0.1111110002
125823  -10.745  -42.608  46.633 0.7777780294
31524  -11.148  -40.739  46.899 0.7777780294
130222  -10.923  -40.203  47.616 0.4444440007
31518  -10.916  -39.416  47.908 0.4444440007
30483  -10.996  -41.756  46.804 0.8888890147
31534  -11.428  -40.256  45.999 0.7777780294
32606  -11.403  -39.169  46.536 0.6666669846
31545  -11.735  -40.203  44.919 0.8888890147
33718  -12.326  -38.978  44.514 0.7777780294
33732  -12.609  -39.473  43.536 0.8888890147
33733  -13.115  -39.146  43.010 0.8888890147
33744  -13.577  -38.965  42.377 0.8888890147
33745  -14.145  -38.648  41.862 0.7777780294
34780  -14.622  -38.108  41.351 0.7777780294
34794  -15.356  -37.258  40.578 0.7777780294
35867  -17.448  -37.006  41.003 0.6666669846
35883  -17.930  -36.349  40.618 0.6666669846
32582  -11.141  -38.473  48.313 0.2222220004
32592  -11.161  -38.825  47.398 0.2222220004
33660  -11.495  -37.712  48.380 0.1111110002
33685  -11.451  -38.311  46.828 0.5555559993
33686  -11.876  -37.823  46.090 0.2222220004
129940  -11.686  -38.660  46.137 0.7777780294
34745  -12.961  -37.238  44.874 0.6666669846
33719  -12.944  -38.389  44.032 0.8888890147
35833  -13.357  -36.501  44.493 0.6666669846
125341  -13.301  -38.383  43.095 0.8888890147
34769  -13.662  -38.026  42.577 0.8888890147
135735  -14.439  -37.334  41.526 0.7777780294
35879  -14.993  -36.429  40.761 0.8888890147
35882  -17.008  -36.561  40.235 0.6666669846
36916  -16.344  -35.925  39.762 0.6666669846
36919  -19.344  -35.590  40.954 0.6666669846
36935  -16.547  -35.130  39.485 0.7777780294
36936  -18.027  -35.234  39.621 0.7777780294
36938  -19.386  -35.210  40.060 0.6666669846
35805  -12.623  -36.255  45.938 0.1111110002
35819  -13.010  -36.347  45.253 0.4444440007
34758  -13.874  -37.094  42.927 0.8888890147
35865  -14.542  -36.604  41.434 0.8888890147
36898  -15.033  -35.333  40.867 0.8888890147
36934  -15.771  -35.101  39.833 0.8888890147
38022  -17.300  -34.802  39.346 0.7777780294
38024  -18.984  -34.660  39.350 0.6666669846
38023  -18.169  -34.618  39.290 0.7777780294
132988  -19.698  -34.795  39.460 0.6666669846
36940  -21.196  -35.231  39.477 0.6666669846
36941  -22.137  -35.496  39.490 0.6666669846
125425  -12.406  -35.893  46.855 0.1111110002
36849  -13.525  -34.971  45.843 0.4444440007
35834  -13.780  -35.748  44.190 0.5555559993
35842  -13.677  -36.583  43.739 0.5555559993
133083  -14.196  -34.800  43.047 0.6666669846
128148  -14.059  -35.434  43.497 0.7777780294
36884  -14.384  -35.115  42.189 0.6666669846
36897  -14.646  -35.671  41.439 0.8888890147
129002  -14.620  -33.703  41.465 0.6666669846
37989  -14.963  -34.359  40.834 0.7777780294
39099  -16.061  -33.352  39.510 0.7777780294
129311  -17.563  -33.983  39.077 0.7777780294
38026  -20.343  -34.722  39.120 0.6666669846
36957  -21.848  -35.107  38.839 0.6666669846
36959  -23.235  -35.357  38.720 0.7777780294
36943  -23.940  -35.691  39.304 0.6666669846
36960  -23.934  -35.283  38.521 0.7777780294
36944  -24.912  -35.442  39.646 0.6666669846
36801  -13.750  -34.470  48.865 0.1111110002
36802  -14.623  -34.115  48.582 0.1111110002
125358  -13.593  -34.717  46.714 0.1111110002
133717  -14.432  -34.217  46.973 0.1111110002
36861  -13.733  -34.880  44.963 0.4444440007
37937  -14.224  -34.262  45.652 0.4444440007
37938  -15.064  -33.923  46.301 0.4444440007
37964  -14.067  -34.656  44.070 0.4444440007
37957  -14.685  -33.547  44.543 0.4444440007
137831  -14.330  -33.914  43.441 0.5555559993
39005  -14.544  -33.359  42.966 0.6666669846
37970  -14.322  -34.072  42.371 0.6666669846
39026  -14.688  -33.145  42.291 0.6666669846
39082  -15.042  -33.338  40.616 0.7777780294
39100  -16.901  -33.167  39.231 0.7777780294
39102  -18.490  -33.886  38.867 0.8888890147
38025  -19.523  -34.206  38.823 0.7777780294
124841  -19.784  -33.671  38.263 0.8888890147
38040  -21.015  -34.112  37.922 0.7777780294
137557  -21.663  -34.658  38.275 0.7777780294
39127  -19.647  -32.820  37.773 0.8888890147
119109  -22.153  -33.950  37.241 0.8888890147
38042  -23.425  -34.859  37.940 0.7777780294
38044  -25.171  -34.520  38.373 0.7777780294
41983  -40.856  -30.310  36.811 0.2222220004
38051  -23.262  -34.341  37.321 0.7777780294
38052  -23.968  -34.383  37.365 0.7777780294
38053  -24.885  -34.148  37.513 0.7777780294
42928  -39.509  -30.169  36.280 0.3333329856
39132  -24.354  -33.810  36.772 0.7777780294
139521  -24.969  -33.805  36.989 0.7777780294
136903  -39.112  -29.907  35.749 0.3333329856
42943  -38.473  -29.682  35.539 0.3333329856
42963  -39.149  -29.491  35.146 0.3333329856
43989  -37.528  -28.852  34.369 0.5555559993
44010  -37.821  -28.530  33.564 0.4444440007
37886  -15.577  -34.018  49.952 0.1111110002
37901  -16.310  -34.125  49.755 0.1111110002
37948  -14.941  -33.687  45.463 0.3333329856
37927  -16.212  -34.033  46.607 0.1111110002
38982  -15.645  -32.526  44.645 0.4444440007
138053  -14.926  -32.722  43.044 0.5555559993
39976  -15.473  -32.151  41.632 0.7777780294
40015  -15.934  -31.991  40.323 0.7777780294
40029  -17.085  -32.170  39.407 0.7777780294
140293  -18.926  -32.567  38.222 0.8888890147
42910  -42.173  -29.937  37.191 0.1111110002
39128  -20.582  -33.242  37.433 0.8888890147
39129  -21.445  -33.647  37.293 0.8888890147
39142  -22.007  -33.263  36.679 0.8888890147
41984  -41.511  -29.951  36.801 0.1111110002
40072  -22.350  -32.623  35.993 0.8888890147
39143  -22.909  -33.353  36.412 0.8888890147
39131  -23.489  -33.902  36.834 0.7777780294
38054  -25.774  -33.929  37.917 0.7777780294
42929  -40.310  -29.979  36.230 0.3333329856
39144  -23.705  -33.387  36.249 0.8888890147
39145  -24.447  -33.302  36.035 0.8888890147
39133  -25.583  -33.704  37.064 0.7777780294
42945  -40.527  -29.433  35.593 0.3333329856
43961  -41.732  -28.985  35.807 0.3333329856
39146  -25.648  -33.428  36.393 0.8888890147
40075  -26.158  -33.129  35.899 0.7777780294
42964  -39.942  -29.145  35.044 0.3333329856
43991  -40.296  -28.574  34.436 0.3333329856
43974  -40.724  -28.819  35.104 0.3333329856
43990  -39.261  -28.828  34.260 0.3333329856
44011  -38.618  -28.472  33.521 0.4444440007
44021  -38.860  -28.069  32.865 0.4444440007
45038  -37.460  -27.876  32.047 0.5555559993
44020  -38.071  -28.240  32.798 0.5555559993
135907  -34.108  -26.499  32.637 0.8888890147
45023  -34.564  -27.223  32.766 0.8888890147
122638  -35.162  -27.121  31.970 0.8888890147
37928  -16.811  -34.128  47.847 0.1111110002
37939  -17.052  -34.099  47.019 0.1111110002
37958  -15.616  -33.181  45.377 0.4444440007
119018  -15.574  -32.190  43.629 0.4444440007
39007  -16.713  -32.024  44.176 0.3333329856
39028  -16.491  -31.670  43.239 0.4444440007
39978  -17.375  -31.553  42.753 0.3333329856
39995  -16.892  -31.256  41.711 0.4444440007
40940  -16.630  -31.585  39.922 0.7777780294
40955  -17.359  -31.255  39.585 0.7777780294
40045  -19.008  -31.705  37.984 0.7777780294
40057  -19.522  -31.543  37.418 0.8888890147
40058  -20.165  -32.231  37.025 0.8888890147
40070  -20.683  -31.671  36.495 0.7777780294
40073  -23.186  -32.796  35.837 0.8888890147
118725  -41.979  -29.431  36.437 0.1111110002
40084  -23.541  -32.256  35.277 0.8888890147
40085  -24.495  -32.620  35.293 0.8888890147
39147  -26.979  -33.254  36.547 0.6666669846
42946  -41.137  -29.127  35.541 0.3333329856
43962  -42.461  -28.737  36.122 0.2222220004
41008  -23.946  -31.701  34.608 0.8888890147
40096  -24.901  -31.964  34.532 0.8888890147
40087  -26.382  -32.502  35.198 0.8888890147
40088  -27.670  -32.280  35.476 0.8888890147
120084  -29.233  -31.374  34.871 0.6666669846
41989  -30.297  -30.577  35.108 0.7777780294
43975  -41.429  -28.541  35.256 0.2222220004
41025  -28.797  -31.109  34.158 0.8888890147
41026  -29.644  -30.626  34.403 0.8888890147
43970  -30.167  -28.580  34.843 0.6666669846
45005  -40.731  -27.983  33.930 0.2222220004
43992  -41.083  -28.240  34.634 0.2222220004
44992  -29.833  -27.345  35.284 0.8888890147
45924  -30.349  -25.880  36.611 0.8888890147
44013  -39.958  -28.281  33.688 0.3333329856
46824  -29.981  -25.058  35.796 0.8888890147
128507  -30.278  -24.413  35.656 0.8888890147
46840  -31.223  -24.372  35.267 0.7777780294
47741  -31.997  -23.305  34.226 0.8888890147
47742  -32.669  -24.026  34.081 0.8888890147
46867  -33.094  -25.566  33.291 0.8888890147
45974  -33.538  -26.109  32.875 0.8888890147
45050  -35.994  -27.199  31.703 0.8888890147
45051  -36.760  -27.334  31.400 0.7777780294
45039  -38.365  -27.799  32.062 0.5555559993
47759  -34.107  -24.541  33.428 0.8888890147
46868  -33.653  -25.282  32.856 0.8888890147
46885  -34.081  -25.904  32.415 0.8888890147
45990  -35.075  -26.377  31.712 0.8888890147
38918  -17.797  -34.059  47.570 0.1111110002
40941  -17.184  -30.966  40.196 0.6666669846
40925  -17.688  -30.939  41.486 0.3333329856
41901  -17.807  -30.555  39.784 0.5555559993
40942  -17.903  -30.504  40.680 0.4444440007
40956  -18.003  -30.985  39.083 0.6666669846
40971  -18.728  -30.659  38.553 0.7777780294
40988  -20.004  -31.006  36.910 0.7777780294
41975  -20.756  -30.555  36.730 0.7777780294
40997  -21.931  -31.691  35.689 0.7777780294
41006  -22.342  -31.126  35.273 0.7777780294
41007  -23.019  -31.269  34.848 0.7777780294
41020  -23.562  -30.688  34.235 0.8888890147
43976  -42.128  -28.276  35.511 0.2222220004
118400  -43.470  -27.765  36.063 0.1111110002
41022  -25.307  -31.410  33.829 0.8888890147
127858  -27.055  -32.301  35.173 0.8888890147
40099  -27.484  -31.901  34.730 0.8888890147
138037  -30.252  -29.315  34.706 0.7777780294
44995  -42.557  -27.646  35.127 0.2222220004
44996  -43.268  -27.425  35.424 0.2222220004
41037  -26.683  -30.907  33.240 0.8888890147
41038  -27.478  -31.009  33.416 0.8888890147
119875  -28.996  -30.297  33.558 0.8888890147
42002  -29.524  -29.650  33.669 0.8888890147
43986  -29.680  -28.361  33.950 0.8888890147
43993  -41.786  -27.879  34.902 0.2222220004
45941  -29.590  -25.945  35.399 0.8888890147
48622  -33.921  -23.485  35.864 0.6666669846
47720  -34.975  -24.627  36.186 0.3333329856
46857  -36.051  -25.864  34.294 0.3333329856
46858  -36.600  -25.708  33.626 0.4444440007
45027  -40.379  -27.664  33.228 0.3333329856
45006  -41.455  -27.611  34.209 0.2222220004
45029  -41.818  -27.019  33.771 0.2222220004
46839  -29.295  -25.064  35.049 0.8888890147
47718  -30.697  -23.323  35.022 0.7777780294
48629  -31.316  -22.556  35.171 0.7777780294
48631  -33.862  -23.473  35.063 0.7777780294
47732  -34.823  -24.711  35.177 0.3333329856
116963  -35.680  -25.452  33.535 0.6666669846
46870  -36.300  -25.319  32.458 0.6666669846
46903  -36.706  -25.357  31.106 0.8888890147
132212  -36.970  -25.840  30.682 0.8888890147
45040  -39.225  -27.602  32.239 0.5555559993
45028  -41.108  -27.358  33.498 0.2222220004
47717  -30.067  -23.399  35.397 0.8888890147
48642  -33.147  -23.298  34.519 0.7777780294
47744  -34.085  -24.152  34.165 0.8888890147
46869  -34.918  -24.960  33.443 0.7777780294
125622  -35.226  -25.258  32.677 0.8888890147
123702  -35.610  -25.509  32.102 0.8888890147
128723  -36.834  -26.614  30.847 0.8888890147
46006  -38.364  -26.837  30.851 0.8888890147
45991  -39.654  -27.115  31.592 0.5555559993
45042  -40.782  -27.099  32.734 0.4444440007
125537  -34.453  -25.188  32.696 0.8888890147
46886  -34.875  -25.827  32.098 0.8888890147
45992  -40.459  -26.840  31.882 0.5555559993
41915  -19.952  -29.748  39.225 0.5555559993
41916  -20.743  -29.826  39.105 0.4444440007
41956  -20.358  -30.117  37.652 0.5555559993
41935  -21.152  -29.913  38.188 0.5555559993
41976  -21.465  -30.267  36.380 0.6666669846
47680  -36.080  -24.436  41.122 0.1111110002
41005  -21.801  -30.663  35.722 0.7777780294
41988  -22.877  -30.188  34.799 0.7777780294
47679  -35.704  -24.404  40.286 0.1111110002
127225  -22.587  -30.717  35.002 0.7777780294
48592  -33.143  -23.428  39.465 0.4444440007
48593  -33.903  -23.549  39.194 0.2222220004
47691  -35.351  -24.332  39.392 0.2222220004
46801  -35.904  -25.139  38.682 0.1111110002
45949  -43.682  -26.772  35.195 0.1111110002
44985  -43.902  -27.225  35.892 0.1111110002
41021  -24.370  -31.100  33.904 0.8888890147
41035  -24.887  -30.558  33.394 0.8888890147
48601  -33.280  -23.313  38.578 0.3333329856
47690  -34.606  -23.946  38.774 0.2222220004
45008  -43.012  -27.056  34.723 0.2222220004
42015  -26.210  -29.997  32.846 0.8888890147
118391  -27.686  -29.326  32.777 0.8888890147
44008  -28.793  -28.237  33.065 0.8888890147
43985  -29.220  -27.860  33.455 0.8888890147
45001  -29.045  -27.149  33.717 0.8888890147
48612  -34.056  -23.553  37.401 0.4444440007
47708  -35.124  -24.552  37.193 0.4444440007
46873  -38.867  -24.945  33.570 0.2222220004
45963  -43.408  -26.278  34.502 0.2222220004
45962  -42.604  -26.577  33.969 0.2222220004
44991  -29.213  -26.603  34.367 0.8888890147
47707  -34.414  -23.914  36.665 0.5555559993
47761  -39.323  -24.000  33.368 0.5555559993
46872  -38.005  -25.207  33.164 0.5555559993
133613  -42.028  -26.500  33.382 0.2222220004
46823  -29.448  -24.414  35.296 0.8888890147
48619  -29.530  -22.757  36.259 0.7777780294
49516  -32.509  -22.291  35.520 0.7777780294
49503  -32.785  -22.449  36.297 0.7777780294
46889  -37.520  -24.664  32.329 0.6666669846
47773  -37.341  -24.674  31.287 0.7777780294
46016  -37.687  -25.616  30.458 0.8888890147
46017  -38.443  -26.196  30.447 0.8888890147
45994  -41.801  -26.155  32.781 0.2222220004
45976  -41.453  -26.775  33.085 0.4444440007
48620  -30.490  -22.522  35.767 0.7777780294
47801  -38.312  -24.529  30.046 0.7777780294
46904  -39.382  -25.901  30.269 0.8888890147
46008  -40.072  -26.526  30.990 0.5555559993
45993  -41.166  -26.491  32.307 0.4444440007
40957  -20.342  -30.099  39.939 0.4444440007
42899  -21.975  -29.975  36.724 0.5555559993
42917  -22.571  -29.704  36.352 0.5555559993
117226  -34.363  -23.735  40.879 0.1111110002
41977  -22.010  -29.928  35.949 0.6666669846
42918  -23.201  -29.402  36.065 0.6666669846
48584  -33.733  -23.639  40.100 0.2222220004
42935  -23.300  -29.410  35.199 0.7777780294
48591  -32.344  -23.566  39.587 0.3333329856
121191  -34.551  -23.843  39.786 0.2222220004
45964  -44.110  -25.921  35.093 0.1111110002
42957  -24.316  -29.363  34.147 0.7777780294
42013  -24.829  -29.722  33.471 0.8888890147
48600  -31.717  -23.249  38.984 0.4444440007
42974  -26.250  -29.336  33.000 0.8888890147
117841  -26.923  -29.372  32.835 0.8888890147
44007  -28.194  -28.264  33.128 0.8888890147
126127  -32.509  -23.227  38.824 0.4444440007
48610  -32.547  -22.942  37.900 0.6666669846
48611  -33.417  -23.239  37.662 0.4444440007
45022  -28.840  -27.611  33.396 0.8888890147
46853  -28.764  -25.676  34.710 0.8888890147
45940  -29.049  -25.666  34.628 0.8888890147
49493  -32.246  -22.245  37.040 0.6666669846
45977  -42.447  -25.945  33.266 0.2222220004
46875  -43.152  -25.761  33.769 0.2222220004
47763  -43.510  -24.931  33.621 0.1111110002
46838  -28.919  -24.930  34.974 0.8888890147
48618  -28.884  -23.417  36.107 0.7777780294
49491  -30.392  -22.010  36.724 0.7777780294
49502  -32.035  -22.003  36.139 0.7777780294
47775  -38.761  -23.583  32.336 0.6666669846
47774  -37.944  -24.018  31.780 0.7777780294
46891  -41.556  -25.781  31.984 0.5555559993
46892  -42.206  -25.456  32.552 0.4444440007
46874  -42.901  -25.228  33.060 0.2222220004
48663  -38.402  -23.456  31.133 0.7777780294
47785  -37.889  -24.099  30.763 0.7777780294
131021  -39.019  -25.121  29.775 0.8888890147
46905  -40.429  -25.703  30.584 0.7777780294
46906  -41.231  -25.347  31.129 0.5555559993
47776  -41.940  -24.959  31.769 0.5555559993
47802  -39.181  -24.340  29.664 0.8888890147
47786  -40.744  -24.849  30.308 0.8888890147
41937  -23.008  -30.520  37.780 0.3333329856
132932  -22.573  -30.167  37.465 0.5555559993
42900  -22.586  -29.952  36.971 0.5555559993
42901  -23.078  -29.688  36.636 0.4444440007
46778  -32.188  -24.785  40.992 0.2222220004
47678  -33.448  -23.853  40.917 0.1111110002
47655  -33.786  -23.885  41.899 0.1111110002
41978  -24.617  -29.581  36.430 0.3333329856
42920  -24.864  -29.223  35.813 0.2222220004
47676  -31.452  -24.589  40.393 0.2222220004
137052  -32.780  -24.126  40.776 0.2222220004
42919  -24.007  -29.200  35.700 0.5555559993
47688  -30.365  -24.010  39.386 0.3333329856
47689  -31.392  -23.886  39.666 0.3333329856
47677  -32.207  -24.094  40.272 0.3333329856
42936  -23.917  -29.145  34.850 0.7777780294
42937  -24.731  -29.007  34.923 0.6666669846
42959  -26.011  -29.114  33.525 0.6666669846
48598  -29.883  -23.372  38.662 0.5555559993
48590  -30.837  -23.276  38.943 0.3333329856
42973  -25.583  -29.515  33.241 0.7777780294
43983  -26.760  -28.862  33.849 0.8888890147
43984  -27.517  -28.466  34.084 0.8888890147
139268  -28.705  -23.379  37.454 0.7777780294
134700  -31.924  -22.916  38.373 0.6666669846
49535  -40.656  -22.463  33.378 0.4444440007
45000  -28.528  -27.600  33.560 0.8888890147
45939  -28.206  -25.807  35.077 0.7777780294
46822  -28.005  -24.648  36.019 0.7777780294
47705  -28.342  -23.846  36.627 0.7777780294
129548  -29.523  -22.638  37.609 0.7777780294
49480  -31.681  -22.332  37.785 0.6666669846
49492  -31.393  -21.920  36.931 0.7777780294
49544  -40.325  -22.135  32.759 0.4444440007
48656  -40.071  -23.281  33.396 0.4444440007
46837  -28.390  -25.019  35.251 0.7777780294
47715  -28.696  -24.180  35.594 0.8888890147
49543  -39.783  -22.191  32.089 0.5555559993
48665  -39.960  -22.659  32.714 0.5555559993
47764  -44.101  -24.555  34.190 0.1111110002
50442  -38.912  -21.458  31.671 0.6666669846
50443  -39.453  -21.761  31.793 0.6666669846
48674  -38.813  -23.009  30.309 0.7777780294
47787  -41.562  -24.440  30.932 0.7777780294
118775  -43.182  -24.419  32.969 0.2222220004
50450  -38.447  -21.582  30.688 0.7777780294
50451  -38.891  -21.904  30.843 0.7777780294
49557  -39.089  -22.302  29.801 0.7777780294
129681  -39.048  -23.608  29.728 0.8888890147
48684  -40.328  -23.518  29.609 0.8888890147
47804  -41.016  -23.955  30.133 0.8888890147
48675  -41.840  -23.408  30.763 0.7777780294
47788  -42.340  -23.959  31.687 0.5555559993
47777  -42.572  -24.667  32.416 0.3333329856
48685  -41.228  -22.982  29.864 0.8888890147
48676  -42.429  -22.972  31.445 0.6666669846
41960  -24.296  -30.174  36.953 0.2222220004
41961  -25.278  -30.200  37.021 0.2222220004
41962  -26.192  -30.049  37.396 0.2222220004
41979  -25.685  -29.666  36.454 0.2222220004
141236  -30.133  -25.332  40.235 0.1111110002
42903  -26.712  -29.576  37.059 0.3333329856
42905  -28.068  -28.610  37.171 0.4444440007
132225  -28.466  -27.609  38.076 0.2222220004
45892  -28.328  -26.632  38.027 0.2222220004
46788  -29.165  -25.075  39.423 0.2222220004
46776  -30.708  -25.141  40.453 0.1111110002
42921  -26.525  -29.360  36.152 0.4444440007
42939  -27.244  -28.941  35.706 0.4444440007
43955  -28.109  -28.471  36.047 0.4444440007
44964  -28.506  -27.269  37.035 0.2222220004
133487  -28.310  -25.827  38.390 0.2222220004
47687  -29.422  -24.209  39.120 0.1111110002
47675  -30.777  -24.490  39.955 0.1111110002
42938  -25.898  -29.053  34.551 0.6666669846
44980  -28.324  -27.502  35.963 0.4444440007
45906  -28.070  -25.611  37.561 0.4444440007
46800  -28.211  -25.042  38.149 0.3333329856
133586  -40.049  -20.450  34.701 0.2222220004
51324  -40.508  -20.696  35.309 0.2222220004
43969  -27.658  -28.364  35.021 0.5555559993
124453  -28.046  -27.756  35.192 0.6666669846
45923  -27.970  -26.214  35.995 0.6666669846
46809  -27.956  -24.739  37.118 0.6666669846
47706  -28.383  -24.161  37.773 0.5555559993
123149  -39.921  -20.594  33.959 0.2222220004
51348  -40.400  -21.226  33.453 0.3333329856
118662  -28.079  -27.651  34.282 0.7777780294
44990  -28.173  -26.800  35.052 0.7777780294
117525  -39.115  -20.398  33.771 0.3333329856
51346  -38.929  -20.556  32.895 0.5555559993
50434  -40.110  -21.612  32.609 0.5555559993
132717  -38.708  -20.958  32.255 0.6666669846
51360  -39.399  -21.155  32.372 0.5555559993
47778  -43.345  -23.562  32.892 0.2222220004
51371  -38.089  -21.172  31.564 0.7777780294
49545  -42.819  -22.228  31.944 0.6666669846
48666  -42.912  -23.199  32.190 0.3333329856
50449  -37.865  -21.196  30.424 0.7777780294
134597  -39.778  -22.362  29.405 0.8888890147
49569  -40.966  -22.293  29.562 0.8888890147
131635  -41.479  -22.080  29.966 0.8888890147
139766  -42.134  -22.803  30.975 0.7777780294
49552  -42.273  -22.299  31.174 0.6666669846
51370  -37.280  -20.982  31.011 0.7777780294
50457  -38.415  -21.151  29.655 0.8888890147
122921  -39.708  -20.810  29.106 0.8888890147
51310  -39.076  -20.266  36.343 0.2222220004
51321  -37.819  -20.231  35.302 0.2222220004
128823  -38.724  -20.261  35.409 0.2222220004
51323  -39.634  -20.349  35.433 0.2222220004
51334  -38.433  -20.295  34.529 0.4444440007
51333  -37.461  -20.184  34.375 0.5555559993
117153  -38.223  -20.350  33.594 0.5555559993
133350  -36.824  -20.088  33.881 0.7777780294
51345  -37.370  -20.321  33.371 0.5555559993
51359  -38.007  -20.603  32.594 0.6666669846
51358  -37.051  -20.577  32.542 0.6666669846
51356  -35.918  -20.143  32.861 0.7777780294
51357  -36.412  -20.420  32.430 0.6666669846
117102  -36.632  -20.682  31.610 0.7777780294
50467  -41.056  -21.591  29.513 0.8888890147
50459  -41.539  -21.230  30.070 0.8888890147
52276  -35.156  -19.976  32.391 0.7777780294
51369  -35.901  -20.575  30.815 0.8888890147
117645  -36.633  -20.748  30.631 0.7777780294
50456  -37.808  -20.919  29.910 0.7777780294
51390  -38.181  -20.670  29.638 1.0000000000
51392  -40.376  -20.438  29.325 0.8888890147
51382  -41.387  -20.424  30.227 0.8888890147
52275  -34.270  -19.793  31.945 1.0000000000
52308  -38.232  -20.132  29.546 1.0000000000
52298  -39.464  -19.557  29.880 0.8888890147
52286  -40.123  -19.231  30.669 1.0000000000
53224  -40.390  -18.844  31.904 0.8888890147
51368  -34.962  -20.282  31.090 1.0000000000
51378  -35.186  -20.501  30.056 1.0000000000
51389  -36.174  -20.190  29.778 1.0000000000
52296  -37.464  -19.734  29.784 1.0000000000
53233  -39.048  -18.978  30.594 1.0000000000
53223  -39.362  -18.691  31.561 0.8888890147
51387  -34.609  -20.206  29.684 1.0000000000
51388  -35.386  -20.223  29.699 1.0000000000
52307  -36.575  -19.860  29.725 1.0000000000
53240  -36.817  -19.319  29.862 0.8888890147
53231  -37.384  -18.852  30.340 1.0000000000
52306  -35.703  -19.803  29.558 1.0000000000
53238  -35.263  -19.097  29.507 1.0000000000
53230  -36.452  -18.596  30.193 1.0000000000
51322  -38.091  -20.201  36.151 0.2222220004
52231  -37.441  -20.002  36.772 0.3333329856
52243  -37.169  -20.210  36.014 0.5555559993
139597  -36.925  -19.586  37.220 0.3333329856
52242  -36.344  -20.051  35.781 0.5555559993
51332  -36.403  -19.998  34.703 0.6666669846
52266  -36.111  -19.974  33.751 0.8888890147
52265  -35.274  -19.863  33.490 0.8888890147
52264  -34.486  -19.553  33.101 0.7777780294
52285  -34.033  -20.015  30.759 1.0000000000
53222  -38.415  -18.554  31.457 0.8888890147
53212  -39.402  -18.383  32.588 0.8888890147
52284  -33.462  -19.478  30.470 1.0000000000
122787  -34.876  -19.778  29.467 1.0000000000
53220  -36.660  -17.876  31.235 1.0000000000
54195  -37.828  -18.085  32.119 0.8888890147
128464  -37.864  -17.501  32.732 0.7777780294
52295  -33.930  -20.063  29.905 1.0000000000
53237  -34.411  -18.960  29.437 1.0000000000
53229  -35.692  -18.346  29.925 1.0000000000
132182  -35.982  -17.825  30.725 1.0000000000
54203  -36.153  -17.171  31.233 1.0000000000
54194  -37.188  -17.643  32.146 0.8888890147
54184  -37.290  -17.108  32.513 0.7777780294
54215  -34.870  -17.922  29.750 1.0000000000
54202  -35.635  -17.361  30.439 1.0000000000
52241  -35.575  -19.667  35.411 0.5555559993
52254  -35.449  -19.791  34.455 0.7777780294
52253  -34.659  -19.467  34.139 0.7777780294
53203  -33.830  -18.921  33.822 1.0000000000
53210  -33.710  -19.171  32.674 1.0000000000
53219  -32.894  -18.792  31.073 1.0000000000
53228  -33.107  -18.865  30.159 1.0000000000
53236  -33.653  -18.780  29.634 1.0000000000
55233  -36.515  -16.683  31.441 1.0000000000
55234  -36.906  -16.363  31.863 1.0000000000
54191  -32.340  -17.361  31.448 1.0000000000
123864  -33.080  -18.218  29.938 1.0000000000
54213  -33.487  -17.711  29.667 1.0000000000
54214  -34.052  -17.934  29.525 1.0000000000
118334  -34.484  -17.146  29.608 1.0000000000
55257  -35.214  -16.867  30.007 1.0000000000
55258  -35.952  -16.564  30.790 1.0000000000
56317  -37.557  -16.133  32.144 0.6666669846
54200  -32.445  -17.071  30.660 1.0000000000
137217  -32.776  -16.765  30.108 1.0000000000
122170  -33.274  -16.856  29.660 1.0000000000
55277  -33.947  -16.741  29.380 1.0000000000
55278  -34.833  -16.437  29.415 1.0000000000
55279  -35.659  -16.180  29.977 1.0000000000
56349  -36.284  -15.985  30.532 1.0000000000
56350  -37.040  -15.878  30.581 1.0000000000
56363  -35.379  -15.909  29.092 1.0000000000
56364  -36.328  -15.864  29.632 1.0000000000
53177  -35.113  -18.446  36.564 0.3333329856
130860  -34.985  -19.012  35.894 0.5555559993
131527  -34.218  -18.857  34.773 0.7777780294
133816  -34.484  -18.697  35.499 0.4444440007
53194  -33.580  -18.192  34.672 0.6666669846
53185  -33.952  -18.107  35.454 0.5555559993
54167  -33.482  -17.361  35.213 0.5555559993
129865  -33.292  -18.554  33.200 1.0000000000
53193  -33.187  -18.104  33.964 0.8888890147
54183  -32.476  -17.605  32.331 1.0000000000
123883  -32.438  -16.928  33.201 0.8888890147
54192  -32.551  -18.106  31.531 1.0000000000
55232  -32.257  -16.491  31.373 1.0000000000
56331  -32.332  -15.645  31.339 0.7777780294
56335  -37.950  -15.901  31.667 0.5555559993
55255  -32.469  -16.232  30.611 1.0000000000
55256  -32.956  -16.132  29.912 1.0000000000
55303  -33.994  -15.830  28.984 1.0000000000
55304  -34.543  -15.858  28.924 1.0000000000
118805  -37.684  -15.873  31.017 0.7777780294
56336  -38.852  -16.050  31.776 0.4444440007
56383  -33.730  -15.302  28.975 0.8888890147
56384  -34.392  -15.203  28.515 1.0000000000
56385  -35.100  -15.505  28.401 1.0000000000
56386  -35.879  -15.747  28.535 1.0000000000
56366  -37.902  -15.982  30.287 0.7777780294
55259  -38.655  -16.395  30.192 0.5555559993
116980  -40.137  -16.863  30.279 0.4444440007
56365  -37.345  -15.950  29.549 0.7777780294
55280  -38.406  -16.479  29.321 0.7777780294
55281  -39.356  -16.763  29.735 0.6666669846
118060  -40.238  -16.996  29.311 0.4444440007
55282  -41.005  -17.030  29.855 0.3333329856
55305  -37.687  -16.295  28.515 0.8888890147
55306  -38.488  -16.686  28.310 0.7777780294
55307  -39.388  -16.918  28.666 0.7777780294
54160  -33.895  -17.166  36.024 0.3333329856
55167  -33.052  -16.747  34.816 0.5555559993
55168  -33.549  -16.373  35.600 0.5555559993
54175  -32.790  -17.280  34.037 0.5555559993
121912  -32.785  -17.867  33.212 0.8888890147
55205  -32.304  -15.786  33.003 0.6666669846
55204  -32.259  -16.698  32.228 0.7777780294
56315  -32.244  -15.977  32.005 0.6666669846
56316  -32.322  -15.341  32.107 0.7777780294
57317  -32.997  -14.502  30.323 0.8888890147
58266  -33.405  -13.716  29.918 0.7777780294
58278  -33.751  -13.795  29.019 0.8888890147
57327  -33.939  -14.543  28.659 1.0000000000
58267  -33.971  -13.098  29.568 0.8888890147
57328  -34.485  -14.442  28.115 1.0000000000
121168  -35.638  -15.418  27.798 1.0000000000
117147  -41.847  -16.906  29.593 0.3333329856
58279  -34.324  -13.160  28.657 1.0000000000
57337  -35.022  -14.347  27.557 1.0000000000
57338  -35.525  -14.381  27.134 1.0000000000
56408  -36.394  -15.784  27.751 1.0000000000
120156  -37.054  -15.945  26.925 1.0000000000
55328  -37.980  -16.537  27.426 0.8888890147
124017  -39.903  -17.030  27.840 0.6666669846
55308  -40.302  -17.092  28.520 0.6666669846
129339  -36.166  -15.411  27.131 1.0000000000
55329  -38.786  -16.727  26.723 1.0000000000
55330  -39.634  -16.861  27.027 0.7777780294
55156  -34.128  -16.176  36.362 0.2222220004
56268  -33.845  -15.397  35.984 0.4444440007
121142  -34.526  -15.463  36.729 0.4444440007
56281  -33.130  -15.672  34.959 0.5555559993
120344  -33.536  -14.867  35.266 0.4444440007
56299  -32.574  -15.445  34.082 0.5555559993
57285  -32.474  -14.813  33.478 0.5555559993
130091  -32.401  -14.899  32.567 0.5555559993
57300  -32.732  -14.180  32.704 0.5555559993
58241  -33.253  -13.616  31.963 0.5555559993
58254  -33.211  -13.666  30.950 0.6666669846
59287  -34.355  -12.569  30.110 0.5555559993
58255  -33.835  -13.048  30.504 0.6666669846
59305  -34.569  -12.478  29.359 0.5555559993
59318  -34.869  -12.504  28.684 0.8888890147
58289  -35.385  -13.589  27.390 1.0000000000
58290  -36.188  -13.218  27.039 1.0000000000
56420  -35.966  -14.839  26.822 1.0000000000
57352  -36.409  -14.555  26.483 1.0000000000
55354  -37.989  -16.285  26.385 1.0000000000
55355  -38.807  -16.331  25.946 1.0000000000
55357  -40.286  -16.640  26.527 1.0000000000
55380  -39.528  -16.127  25.605 1.0000000000
55381  -40.086  -16.336  25.883 1.0000000000
139316  -33.896  -14.844  35.909 0.3333329856
57274  -33.228  -14.086  34.657 0.4444440007
58202  -33.783  -13.011  35.399 0.2222220004
58201  -33.451  -13.340  34.791 0.3333329856
59208  -34.324  -12.690  35.959 0.2222220004
57286  -32.689  -13.984  33.746 0.5555559993
58216  -33.013  -13.089  33.980 0.3333329856
59219  -34.260  -12.009  35.080 0.3333329856
59237  -34.662  -11.810  33.498 0.3333329856
128894  -33.722  -12.975  32.274 0.5555559993
58242  -33.796  -13.008  31.458 0.5555559993
59258  -34.880  -11.976  32.615 0.3333329856
59272  -34.521  -12.402  31.013 0.5555559993
59273  -35.119  -11.978  31.788 0.3333329856
125762  -35.302  -11.816  31.057 0.5555559993
59306  -35.267  -11.932  29.149 0.5555559993
59319  -35.501  -12.203  28.373 0.7777780294
59334  -35.776  -12.647  27.659 1.0000000000
59335  -36.630  -12.329  27.408 1.0000000000
58302  -36.593  -13.810  26.461 1.0000000000
56423  -38.245  -15.788  25.668 1.0000000000
55379  -38.956  -15.824  25.458 1.0000000000
58314  -37.685  -14.048  25.492 1.0000000000
57361  -38.254  -14.435  25.151 1.0000000000
56431  -39.510  -15.516  25.079 1.0000000000
56432  -40.324  -15.826  25.291 1.0000000000
56445  -40.156  -15.115  24.624 1.0000000000
56446  -41.079  -15.245  24.807 1.0000000000
61322  -38.470  -9.684  37.615 0.1111110002
61314  -39.421  -9.626  38.233 0.1111110002
60300  -40.391  -9.783  38.916 0.1111110002
60343  -34.769  -11.495  35.731 0.3333329856
119619  -35.514  -10.667  35.965 0.2222220004
60344  -36.568  -10.212  35.372 0.1111110002
61342  -37.460  -9.917  35.795 0.1111110002
61334  -38.192  -9.746  36.538 0.1111110002
61323  -39.448  -9.753  37.220 0.1111110002
124637  -35.136  -11.277  34.666 0.3333329856
117752  -36.805  -10.311  34.665 0.2222220004
60345  -37.880  -9.960  34.863 0.1111110002
61343  -38.609  -9.868  35.556 0.2222220004
60355  -35.417  -11.194  33.778 0.3333329856
60356  -36.319  -10.618  34.133 0.2222220004
60357  -37.617  -10.209  34.154 0.1111110002
60385  -36.415  -10.995  32.542 0.2222220004
121738  -37.130  -10.625  33.011 0.2222220004
60398  -35.986  -11.354  31.656 0.2222220004
60410  -37.524  -10.744  30.698 0.2222220004
130739  -35.942  -11.390  30.651 0.3333329856
60408  -35.925  -11.379  29.679 0.4444440007
60409  -36.726  -11.104  30.204 0.3333329856
60421  -36.012  -11.484  28.803 0.4444440007
60432  -36.717  -11.348  28.574 0.5555559993
59321  -37.220  -11.436  27.934 0.7777780294
59350  -36.956  -12.905  26.750 1.0000000000
59351  -37.652  -12.588  26.455 0.8888890147
58303  -37.252  -13.499  26.101 1.0000000000
58304  -37.876  -13.080  25.762 1.0000000000
56443  -38.792  -14.295  24.744 1.0000000000
57369  -39.319  -14.121  24.388 0.8888890147
57371  -40.727  -14.544  24.176 0.8888890147
57372  -42.492  -14.440  24.491 1.0000000000
57382  -42.123  -13.924  23.820 0.8888890147
58327  -43.802  -13.796  24.366 0.7777780294
60325  -40.080  -10.015  36.735 0.2222220004
60347  -39.841  -10.379  35.007 0.2222220004
60358  -38.739  -10.146  34.275 0.2222220004
122883  -39.204  -10.379  34.005 0.2222220004
60371  -37.356  -10.463  33.576 0.2222220004
60372  -38.415  -10.286  33.776 0.2222220004
60388  -39.170  -10.502  33.545 0.2222220004
60386  -37.355  -10.693  32.460 0.2222220004
120214  -38.235  -10.619  32.328 0.2222220004
124674  -38.862  -10.539  32.916 0.2222220004
124602  -37.462  -10.827  29.702 0.3333329856
59307  -38.020  -10.930  28.310 0.5555559993
124583  -38.138  -11.852  26.843 0.7777780294
59366  -38.503  -12.633  25.612 0.8888890147
58315  -38.328  -13.582  25.094 1.0000000000
58324  -38.998  -13.543  24.557 0.8888890147
57370  -39.928  -14.357  24.235 0.8888890147
57380  -40.386  -13.781  23.829 0.8888890147
58337  -42.637  -13.204  23.542 0.8888890147
58328  -44.539  -13.345  24.363 0.8888890147
58338  -43.671  -13.142  23.794 0.8888890147
59373  -44.438  -12.737  23.804 0.8888890147
59374  -45.097  -12.645  24.107 0.8888890147
59259  -39.215  -10.529  32.223 0.2222220004
59274  -39.758  -10.485  31.313 0.3333329856
139948  -40.832  -10.994  30.373 0.3333329856
60400  -38.535  -10.519  31.294 0.3333329856
60411  -38.401  -10.540  30.134 0.3333329856
121266  -39.446  -10.653  29.567 0.3333329856
59309  -40.072  -10.968  28.931 0.4444440007
117797  -40.645  -11.113  29.713 0.3333329856
59308  -38.270  -10.744  29.128 0.3333329856
59322  -38.306  -11.307  27.569 0.4444440007
119505  -39.298  -11.303  27.740 0.4444440007
59353  -39.412  -11.773  26.599 0.4444440007
58316  -38.760  -12.941  24.927 0.7777780294
121985  -39.376  -12.742  24.477 0.8888890147
58325  -40.073  -12.921  23.849 0.7777780294
58335  -40.835  -13.083  23.539 0.8888890147
59385  -42.148  -12.445  23.124 0.8888890147
60490  -46.387  -11.489  23.675 0.8888890147
139870  -43.435  -11.992  22.947 0.8888890147
119440  -44.846  -12.162  23.472 0.8888890147
60496  -43.303  -11.353  22.702 0.8888890147
60488  -44.023  -11.735  22.909 0.8888890147
59323  -40.085  -11.173  28.268 0.4444440007
59310  -40.746  -11.519  28.992 0.3333329856
59338  -39.964  -11.427  27.551 0.3333329856
138569  -40.564  -11.740  27.056 0.6666669846
59367  -39.152  -12.324  25.449 0.7777780294
59368  -39.733  -11.909  25.059 0.7777780294
59383  -40.532  -12.235  23.643 0.8888890147
123278  -41.689  -11.480  23.001 0.8888890147
60497  -44.164  -10.945  22.630 0.8888890147
61448  -46.041  -10.947  23.028 0.8888890147
61457  -43.842  -10.023  22.465 0.8888890147
62417  -44.401  -9.388  22.406 0.8888890147
126135  -44.437  -8.035  22.292 0.8888890147
132898  -44.030  -6.731  22.484 0.8888890147
65219  -44.821  -6.438  22.170 0.8888890147
66148  -45.900  -5.374  21.702 0.8888890147
67142  -47.386  -4.611  21.315 0.8888890147
59324  -40.785  -11.734  28.302 0.3333329856
59354  -39.874  -11.684  26.151 0.7777780294
60449  -40.415  -11.427  25.783 0.6666669846
60485  -40.466  -11.597  23.971 0.8888890147
132668  -40.402  -11.357  24.699 0.7777780294
60474  -40.861  -10.976  24.107 0.8888890147
127728  -41.309  -10.735  23.516 0.8888890147
129958  -41.765  -10.607  22.979 0.8888890147
61456  -43.143  -10.527  22.534 0.8888890147
140440  -43.002  -9.773  22.515 0.8888890147
61447  -42.214  -9.990  22.743 0.8888890147
62415  -42.514  -9.122  22.692 0.8888890147
62416  -43.446  -9.212  22.467 0.8888890147
63332  -42.177  -8.386  23.013 0.8888890147
134049  -42.985  -8.407  22.639 0.8888890147
64294  -43.518  -7.511  22.565 0.8888890147
65217  -43.353  -6.477  22.965 0.8888890147
65218  -44.044  -5.983  22.687 0.8888890147
66137  -44.712  -5.438  22.390 0.8888890147
131647  -45.357  -5.219  22.016 0.8888890147
67140  -45.690  -4.683  21.859 0.8888890147
120183  -46.828  -4.044  21.331 0.8888890147
67143  -48.358  -4.498  21.261 0.8888890147
68118  -48.755  -3.688  21.007 0.7777780294
67144  -49.384  -4.468  21.303 0.6666669846
66152  -49.987  -5.279  21.658 0.6666669846
59355  -41.001  -11.722  26.740 0.5555559993
60463  -40.949  -10.884  25.467 0.5555559993
61429  -40.966  -10.690  24.749 0.6666669846
61437  -41.342  -10.045  24.272 0.6666669846
62401  -41.603  -9.163  23.798 0.8888890147
62402  -41.851  -9.122  23.148 0.8888890147
63333  -42.603  -7.766  22.938 0.8888890147
64284  -42.182  -7.726  23.491 0.8888890147
133389  -42.686  -7.046  23.262 0.7777780294
66135  -43.552  -5.671  23.389 0.8888890147
66136  -44.035  -5.251  22.958 0.8888890147
67129  -44.437  -4.664  22.901 0.8888890147
134812  -44.580  -4.330  23.447 0.8888890147
68097  -44.984  -3.992  22.856 0.8888890147
129224  -45.415  -4.091  22.234 0.8888890147
68106  -45.576  -3.482  22.450 0.8888890147
68107  -46.103  -3.041  21.978 0.8888890147
68117  -46.717  -3.309  21.433 0.8888890147
127537  -47.633  -3.590  21.047 0.8888890147
67145  -50.342  -4.434  21.429 0.6666669846
60450  -41.465  -11.400  26.262 0.5555559993
131400  -41.454  -10.281  25.183 0.5555559993
61430  -41.768  -9.715  25.000 0.5555559993
62393  -41.779  -9.177  24.475 0.7777780294
62386  -42.345  -9.256  25.161 0.5555559993
62385  -42.276  -8.428  24.728 0.5555559993
63313  -42.512  -7.675  24.615 0.4444440007
64273  -42.451  -7.063  24.158 0.6666669846
66113  -43.499  -5.565  24.364 0.6666669846
65208  -42.946  -6.265  23.795 0.7777780294
66127  -44.025  -4.883  23.722 0.7777780294
67112  -44.720  -4.392  24.348 0.4444440007
67113  -45.456  -3.944  24.871 0.5555559993
68087  -45.767  -3.357  24.324 0.5555559993
68099  -45.955  -2.723  23.738 0.5555559993
69018  -45.820  -2.783  22.780 0.7777780294
69028  -46.236  -2.346  22.318 0.8888890147
69035  -46.596  -2.549  21.653 0.8888890147
68126  -47.784  -2.741  20.806 0.8888890147
68128  -49.054  -2.921  20.746 0.7777780294
68119  -49.829  -3.607  20.995 0.7777780294
60440  -44.139  -12.116  26.868 0.3333329856
60451  -42.550  -11.514  26.345 0.5555559993
61413  -42.975  -10.836  25.972 0.4444440007
60464  -41.960  -10.819  25.824 0.5555559993
61431  -42.427  -10.111  25.488 0.5555559993
64262  -43.425  -7.510  25.481 0.4444440007
65183  -43.642  -6.744  25.787 0.4444440007
64274  -42.970  -7.170  25.036 0.4444440007
65198  -43.842  -5.753  25.498 0.3333329856
66100  -45.638  -5.109  26.009 0.1111110002
66101  -46.553  -5.133  25.804 0.1111110002
66114  -44.214  -4.963  24.929 0.4444440007
66115  -45.115  -4.629  25.334 0.2222220004
66116  -45.981  -4.398  25.577 0.2222220004
67114  -46.297  -3.700  25.195 0.4444440007
67115  -47.229  -3.718  25.354 0.4444440007
68089  -47.625  -2.974  25.186 0.5555559993
69010  -47.199  -2.307  24.502 0.5555559993
69020  -46.826  -1.773  23.574 0.5555559993
69029  -46.483  -1.846  22.684 0.5555559993
69042  -48.374  -2.303  20.574 0.8888890147
123626  -46.981  -2.107  21.426 0.8888890147
127312  -49.809  -2.798  20.671 0.6666669846
68120  -50.822  -3.791  21.185 0.6666669846
68129  -50.566  -3.079  20.775 0.6666669846
60425  -46.661  -11.425  29.606 0.1111110002
59344  -45.451  -12.016  27.580 0.1111110002
60452  -43.556  -11.508  26.381 0.4444440007
60453  -44.440  -11.400  26.560 0.3333329856
61403  -45.249  -11.435  26.905 0.1111110002
61414  -43.877  -10.783  26.059 0.2222220004
61415  -44.755  -10.597  26.345 0.1111110002
61432  -43.314  -10.269  25.758 0.4444440007
62373  -43.981  -9.998  25.784 0.3333329856
62374  -44.683  -9.481  26.032 0.2222220004
62387  -43.162  -9.580  25.536 0.4444440007
123604  -43.597  -8.225  25.530 0.4444440007
63305  -44.301  -8.490  25.837 0.2222220004
120036  -44.618  -7.941  26.031 0.3333329856
63304  -43.003  -8.730  25.339 0.4444440007
64261  -42.955  -7.928  25.143 0.4444440007
120037  -43.993  -7.664  25.858 0.4444440007
64263  -44.510  -7.148  26.261 0.2222220004
64264  -45.491  -6.754  26.325 0.2222220004
64265  -46.678  -6.928  25.901 0.2222220004
65186  -47.241  -6.048  25.544 0.1111110002
65187  -48.257  -6.441  25.313 0.1111110002
65188  -49.821  -6.324  25.603 0.1111110002
129802  -44.476  -6.154  26.332 0.2222220004
65185  -46.167  -5.927  26.077 0.1111110002
66102  -48.008  -5.548  25.119 0.1111110002
67102  -49.750  -4.660  25.342 0.1111110002
137185  -47.299  -5.145  25.515 0.1111110002
66118  -47.740  -4.608  25.382 0.3333329856
67117  -49.122  -3.911  25.251 0.2222220004
69011  -48.027  -2.242  24.999 0.5555559993
69980  -47.652  -1.067  21.117 0.8888890147
70906  -47.364  -0.732  21.952 0.7777780294
69963  -47.505  -0.756  22.980 0.5555559993
135313  -47.301  -1.267  23.499 0.6666669846
69987  -48.105  -1.549  20.674 0.8888890147
69979  -47.061  -1.433  21.572 0.8888890147
125075  -48.678  -1.597  20.438 0.7777780294
69043  -49.344  -2.108  20.388 0.7777780294
69044  -50.313  -2.355  20.381 0.6666669846
68130  -51.453  -3.231  20.971 0.6666669846
68121  -51.461  -3.812  21.664 0.5555559993
61378  -46.313  -10.427  30.665 0.1111110002
60434  -46.591  -11.571  28.562 0.1111110002
61397  -47.150  -10.942  29.189 0.1111110002
61387  -46.891  -10.686  30.086 0.1111110002
60442  -46.145  -11.529  27.494 0.1111110002
122929  -47.061  -11.119  28.107 0.1111110002
133452  -45.355  -10.156  26.392 0.1111110002
61416  -46.160  -10.256  26.549 0.1111110002
62375  -45.592  -9.436  26.278 0.1111110002
63292  -45.902  -8.636  26.191 0.1111110002
63293  -46.860  -8.655  26.316 0.1111110002
123585  -47.867  -8.717  26.479 0.1111110002
63291  -45.026  -8.618  26.135 0.1111110002
63306  -45.279  -7.815  26.210 0.2222220004
63308  -47.282  -7.892  26.061 0.1111110002
64252  -49.183  -7.891  26.314 0.1111110002
64266  -47.740  -7.124  25.710 0.2222220004
64267  -48.711  -7.263  25.772 0.1111110002
64268  -49.533  -7.183  25.905 0.1111110002
65189  -50.684  -6.291  25.936 0.1111110002
66104  -50.456  -5.454  25.596 0.1111110002
69013  -49.680  -2.292  25.197 0.1111110002
68092  -50.208  -2.930  25.344 0.1111110002
68075  -50.012  -3.760  25.319 0.1111110002
69958  -48.579  -0.901  24.390 0.4444440007
69957  -48.357  -1.631  24.662 0.3333329856
69012  -48.908  -2.309  25.095 0.3333329856
70907  -47.907  -0.174  22.425 0.5555559993
69964  -47.882  -1.084  23.941 0.5555559993
69021  -47.594  -1.688  24.255 0.5555559993
70913  -47.976  -0.317  21.441 0.8888890147
70920  -48.426  -0.788  20.678 0.8888890147
69988  -49.248  -1.168  20.246 0.7777780294
119694  -51.038  -2.689  20.461 0.6666669846
61398  -47.495  -10.362  28.736 0.1111110002
61417  -47.039  -10.156  26.894 0.1111110002
62351  -47.521  -9.399  29.292 0.1111110002
61406  -47.432  -10.466  27.712 0.1111110002
62358  -47.896  -9.742  28.297 0.1111110002
62376  -46.497  -9.461  26.443 0.1111110002
62377  -47.422  -9.409  26.704 0.1111110002
134169  -48.210  -9.281  26.962 0.1111110002
62359  -48.459  -9.054  27.758 0.1111110002
136238  -48.813  -8.644  26.853 0.1111110002
63278  -49.161  -8.162  27.637 0.1111110002
64251  -48.334  -8.024  26.132 0.1111110002
63294  -49.445  -8.088  26.924 0.1111110002
64253  -49.780  -7.505  26.543 0.1111110002
120511  -50.870  -6.340  27.811 0.1111110002
65167  -51.321  -6.212  27.288 0.1111110002
65174  -50.225  -6.936  26.121 0.1111110002
65175  -50.670  -6.645  26.487 0.1111110002
68076  -50.808  -3.477  25.518 0.1111110002
119146  -51.337  -3.988  25.894 0.1111110002
69989  -50.109  -1.538  20.130 0.7777780294
64242  -50.296  -6.934  27.576 0.1111110002
70922  -49.878  -0.658  20.020 0.7777780294
69997  -50.768  -0.947  19.880 0.7777780294
25877  -10.517  -45.490  48.971 0.3333329856
24783  -8.237  -46.585  47.322 0.2222220004
25875  -8.903  -45.649  48.468 0.5555559993
28203  -12.022  -43.545  46.210 0.6666669846
30511  -13.519  -41.679  44.273 0.6666669846
31546  -14.696  -40.806  45.294 0.5555559993
124843  -15.401  -39.686  44.767 0.4444440007
32655  -15.043  -40.012  43.111 0.7777780294
31572  -13.644  -40.708  43.071 0.7777780294
31586  -13.498  -40.094  42.726 0.7777780294
34746  -16.580  -38.010  44.418 0.4444440007
27012  -7.268  -44.869  46.765 0.1111110002
134214  -7.174  -45.163  45.329 0.1111110002
28178  -8.640  -43.869  48.077 0.4444440007
28219  -6.867  -43.901  44.421 0.1111110002
28210  -6.736  -43.611  45.360 0.1111110002
31570  -12.496  -40.870  43.589 0.7777780294
32669  -14.031  -39.520  42.196 0.7777780294
33746  -15.311  -39.234  41.921 0.7777780294
33757  -15.931  -38.230  41.309 0.6666669846
33755  -14.625  -38.665  41.575 0.7777780294
34783  -16.867  -37.664  41.396 0.6666669846
28176  -7.495  -42.732  47.660 0.2222220004
134867  -8.826  -43.045  48.377 0.5555559993
28224  -7.043  -43.732  43.549 0.1111110002
31533  -11.248  -41.457  45.840 0.8888890147
32636  -12.190  -40.043  44.065 0.8888890147
34795  -15.886  -37.137  40.389 0.7777780294
35868  -18.131  -36.524  41.520 0.5555559993
31525  -11.146  -39.733  47.084 0.6666669846
32622  -11.720  -39.360  45.709 0.7777780294
125226  -12.027  -39.437  44.959 0.7777780294
33703  -12.448  -38.004  45.133 0.7777780294
33702  -12.054  -38.690  45.472 0.6666669846
34770  -14.133  -37.687  42.003 0.8888890147
34793  -14.796  -37.356  40.942 0.7777780294
36917  -17.421  -35.757  39.813 0.6666669846
33672  -11.414  -38.010  47.698 0.2222220004
34724  -11.696  -37.208  48.003 0.1111110002
33673  -11.608  -37.423  47.088 0.2222220004
132200  -11.990  -36.764  46.454 0.2222220004
130720  -11.953  -36.527  47.459 0.1111110002
34730  -12.379  -37.108  45.625 0.5555559993
138199  -12.735  -36.727  45.408 0.4444440007
34757  -13.364  -37.435  43.695 0.8888890147
35854  -14.227  -36.686  42.257 0.8888890147
35880  -15.525  -36.703  40.347 0.8888890147
35881  -16.082  -36.651  40.075 0.7777780294
36918  -18.534  -35.693  40.235 0.6666669846
36937  -18.641  -35.085  39.714 0.6666669846
38021  -15.988  -34.309  39.512 0.8888890147
138613  -16.623  -34.601  39.339 0.7777780294
131923  -13.079  -35.702  45.690 0.3333329856
35806  -13.016  -35.423  46.369 0.1111110002
35843  -14.022  -36.223  43.277 0.8888890147
130052  -14.414  -35.987  42.023 0.7777780294
36915  -15.486  -35.904  40.188 0.8888890147
126678  -15.308  -34.988  40.381 0.8888890147
39098  -15.500  -33.574  39.927 0.7777780294
38005  -15.386  -34.265  40.181 0.8888890147
38027  -21.062  -34.700  38.661 0.6666669846
36958  -22.543  -35.350  38.945 0.6666669846
35795  -12.991  -35.155  47.237 0.1111110002
36833  -14.112  -34.329  46.325 0.3333329856
35820  -13.387  -35.690  45.082 0.4444440007
121786  -14.215  -35.719  42.740 0.7777780294
37988  -14.617  -34.682  41.511 0.6666669846
132078  -16.717  -34.056  39.230 0.7777780294
40014  -15.496  -32.748  40.012 0.7777780294
39101  -17.722  -33.042  39.011 0.7777780294
38039  -20.330  -34.184  38.437 0.6666669846
38041  -22.471  -34.921  38.267 0.7777780294
36942  -22.970  -35.692  39.447 0.6666669846
38028  -24.627  -35.156  38.818 0.7777780294
139834  -13.922  -34.346  48.188 0.1111110002
37900  -15.420  -34.050  49.184 0.1111110002
36818  -14.633  -34.146  47.739 0.1111110002
36817  -13.725  -34.495  47.502 0.1111110002
37914  -15.650  -34.119  48.086 0.1111110002
37926  -15.393  -34.093  47.173 0.1111110002
37956  -14.280  -34.193  44.917 0.4444440007
39006  -14.835  -32.964  43.756 0.5555559993
39058  -14.943  -32.788  41.517 0.6666669846
39027  -15.370  -32.231  42.540 0.5555559993
39993  -15.323  -32.395  40.799 0.7777780294
40028  -16.255  -32.413  39.681 0.7777780294
39113  -18.385  -32.860  38.590 0.8888890147
39114  -19.142  -33.381  38.416 0.8888890147
39115  -20.262  -33.643  37.936 0.8888890147
38049  -21.892  -34.344  37.722 0.7777780294
38043  -24.343  -34.786  38.070 0.7777780294
38045  -25.955  -34.171  38.728 0.6666669846
42944  -39.747  -29.706  35.673 0.3333329856
124479  -25.039  -33.554  36.522 0.7777780294
117426  -38.335  -28.777  34.114 0.4444440007
124189  -37.089  -28.518  33.623 0.4444440007
37915  -16.505  -34.113  48.755 0.1111110002
37949  -15.999  -33.679  45.909 0.3333329856
138069  -16.152  -32.703  45.274 0.4444440007
39977  -16.192  -31.682  42.220 0.5555559993
39994  -15.942  -31.754  41.192 0.7777780294
40030  -17.787  -31.995  39.023 0.7777780294
40044  -18.407  -31.780  38.507 0.7777780294
40059  -21.039  -32.763  36.822 0.8888890147
40071  -21.490  -32.257  36.209 0.7777780294
42930  -41.176  -29.654  36.125 0.3333329856
39153  -25.224  -33.201  35.841 0.8888890147
117588  -26.194  -33.452  36.647 0.7777780294
40086  -25.505  -32.626  35.202 0.8888890147
118709  -27.020  -32.778  35.740 0.6666669846
44012  -39.277  -28.335  33.472 0.4444440007
45026  -39.618  -27.875  33.017 0.4444440007
44019  -37.228  -28.262  32.886 0.5555559993
45025  -36.586  -27.820  32.218 0.6666669846
45052  -37.734  -27.276  31.201 0.7777780294
45989  -34.578  -26.505  32.166 0.8888890147
37950  -17.141  -33.867  46.172 0.1111110002
127683  -18.124  -33.921  48.191 0.1111110002
40923  -16.562  -31.391  40.651 0.6666669846
40996  -21.248  -31.142  36.090 0.7777780294
40076  -27.752  -32.728  36.270 0.6666669846
43977  -42.846  -28.014  35.812 0.2222220004
40097  -25.834  -32.059  34.511 0.8888890147
41023  -26.223  -31.533  33.830 0.8888890147
41009  -28.397  -31.772  34.978 0.6666669846
40089  -29.189  -31.858  35.720 0.6666669846
41010  -29.927  -31.267  35.224 0.6666669846
42001  -28.204  -30.681  33.410 0.8888890147
45002  -29.525  -27.608  34.139 0.8888890147
44981  -30.188  -26.792  36.442 0.7777780294
46810  -30.763  -25.296  36.541 0.8888890147
131070  -30.662  -24.188  35.422 0.8888890147
47729  -31.346  -23.269  34.584 0.7777780294
48641  -32.366  -23.068  34.326 0.8888890147
49514  -31.897  -22.639  34.531 0.7777780294
47743  -33.528  -24.058  34.008 0.8888890147
47758  -33.255  -24.688  33.422 0.8888890147
46004  -36.225  -26.729  31.179 0.8888890147
46003  -35.627  -26.534  31.441 0.8888890147
45053  -38.767  -27.281  31.422 0.6666669846
46901  -35.524  -25.984  31.543 0.8888890147
40926  -18.569  -30.802  41.565 0.3333329856
41902  -18.561  -30.192  39.941 0.4444440007
41933  -19.614  -30.036  38.385 0.6666669846
41914  -19.090  -30.020  39.230 0.4444440007
40987  -19.662  -30.576  37.564 0.5555559993
42000  -24.142  -30.140  33.738 0.8888890147
42956  -23.600  -29.740  34.391 0.7777780294
41036  -25.746  -30.808  33.231 0.8888890147
41024  -27.094  -31.525  33.949 0.8888890147
42961  -29.917  -29.100  34.168 0.8888890147
45007  -42.227  -27.304  34.441 0.2222220004
42017  -28.397  -29.722  32.955 0.8888890147
42960  -28.976  -29.114  32.993 0.8888890147
136855  -29.405  -28.695  33.419 0.8888890147
47719  -34.393  -24.042  35.622 0.5555559993
48630  -33.258  -22.812  35.444 0.7777780294
48621  -33.573  -23.180  36.632 0.5555559993
46843  -35.489  -25.258  35.686 0.3333329856
45958  -36.630  -26.083  34.624 0.1111110002
46844  -36.145  -25.893  35.266 0.2222220004
46856  -35.366  -25.337  34.505 0.4444440007
46859  -37.752  -25.982  33.752 0.4444440007
47716  -29.401  -23.573  35.546 0.7777780294
49515  -32.518  -22.558  34.796 0.7777780294
123357  -31.924  -22.176  35.253 0.7777780294
47731  -34.273  -24.083  34.780 0.8888890147
48643  -33.810  -23.752  34.493 0.8888890147
139145  -35.901  -25.334  32.838 0.7777780294
46871  -37.073  -25.279  32.884 0.6666669846
46888  -36.750  -25.012  31.915 0.6666669846
46887  -36.109  -25.510  31.591 0.8888890147
46902  -36.195  -26.033  31.040 0.8888890147
46005  -37.645  -26.421  30.645 0.8888890147
45041  -40.040  -27.386  32.442 0.5555559993
47745  -34.594  -24.607  34.217 0.8888890147
46007  -39.151  -26.718  30.862 0.7777780294
41934  -20.365  -29.759  38.561 0.5555559993
41903  -19.447  -30.057  39.936 0.4444440007
41917  -21.524  -30.308  38.812 0.3333329856
41957  -21.252  -30.068  37.213 0.5555559993
122324  -35.088  -24.041  40.294 0.1111110002
42934  -22.636  -29.692  35.583 0.7777780294
48583  -32.965  -23.700  40.226 0.3333329856
48602  -34.025  -23.524  38.260 0.4444440007
47698  -35.251  -24.506  38.258 0.2222220004
46791  -36.493  -25.332  39.418 0.1111110002
42014  -25.375  -30.087  33.071 0.8888890147
47697  -34.597  -24.001  37.762 0.4444440007
42975  -27.533  -28.838  32.889 0.8888890147
42976  -28.272  -28.843  32.845 0.8888890147
45955  -28.949  -26.461  34.229 0.8888890147
47760  -38.390  -24.364  32.806 0.5555559993
49501  -31.262  -22.082  35.993 0.7777780294
136836  -32.921  -22.809  37.118 0.6666669846
47800  -37.684  -24.816  30.498 0.8888890147
46917  -38.354  -25.387  30.106 0.8888890147
46890  -40.850  -26.147  31.451 0.5555559993
41936  -22.090  -30.229  38.059 0.5555559993
41958  -21.930  -30.055  37.484 0.5555559993
41959  -23.301  -30.086  37.098 0.4444440007
47667  -34.687  -23.633  41.771 0.1111110002
42902  -23.721  -29.590  36.511 0.5555559993
45950  -44.316  -26.512  35.727 0.1111110002
42958  -25.127  -29.133  33.898 0.6666669846
44006  -27.474  -28.617  33.292 0.8888890147
45021  -27.982  -28.093  33.523 0.8888890147
45938  -28.607  -26.677  34.338 0.8888890147
48655  -39.480  -23.265  32.776 0.4444440007
48673  -38.484  -23.783  30.176 0.7777780294
48664  -39.175  -22.864  31.764 0.6666669846
46918  -39.869  -25.114  29.850 0.8888890147
118371  -39.620  -23.800  29.616 0.8888890147
47803  -40.148  -24.310  29.724 0.8888890147
47666  -32.992  -24.431  41.422 0.1111110002
116668  -25.627  -29.207  35.559 0.4444440007
43968  -26.943  -28.880  34.780 0.6666669846
47696  -28.962  -23.612  38.332 0.6666669846
123860  -30.424  -22.717  38.324 0.6666669846
48609  -28.872  -23.099  36.768 0.7777780294
48599  -31.213  -22.675  38.398 0.6666669846
50427  -40.972  -21.693  33.890 0.3333329856
50435  -40.578  -21.836  33.157 0.4444440007
121396  -27.861  -25.399  36.539 0.7777780294
49479  -30.739  -22.131  37.707 0.7777780294
49551  -39.038  -22.297  31.112 0.6666669846
133108  -43.714  -24.056  33.524 0.2222220004
133231  -42.877  -23.964  32.433 0.2222220004
50458  -38.855  -21.688  29.731 0.7777780294
48683  -39.544  -23.079  29.626 0.8888890147
48695  -40.381  -22.739  29.467 0.8888890147
49558  -41.849  -22.559  30.546 0.7777780294
45878  -29.052  -25.930  39.690 0.2222220004
46789  -30.002  -24.837  39.808 0.1111110002
42922  -27.400  -29.061  36.675 0.4444440007
43943  -28.367  -28.144  37.657 0.3333329856
43956  -28.444  -28.088  36.766 0.3333329856
44941  -28.601  -26.500  39.098 0.2222220004
46787  -28.573  -25.465  38.963 0.2222220004
47686  -28.686  -24.561  38.707 0.4444440007
128423  -28.116  -26.184  37.021 0.4444440007
51335  -39.309  -20.331  34.632 0.2222220004
51336  -40.566  -20.900  34.300 0.2222220004
51347  -39.763  -20.833  33.092 0.3333329856
50452  -42.367  -21.560  31.431 0.7777780294
50465  -39.139  -21.134  29.253 0.8888890147
49567  -39.640  -21.641  29.257 0.8888890147
49568  -40.389  -21.986  29.333 0.8888890147
50466  -40.421  -21.198  29.194 0.8888890147
139546  -39.009  -20.207  37.069 0.2222220004
134324  -37.039  -20.122  35.239 0.6666669846
51344  -36.617  -20.275  33.158 0.7777780294
116911  -35.836  -20.362  31.874 0.7777780294
51393  -41.045  -20.797  29.538 0.8888890147
51380  -37.156  -20.876  30.158 1.0000000000
51391  -38.946  -20.489  29.302 1.0000000000
51381  -40.865  -20.208  29.751 0.8888890147
126229  -39.665  -20.100  29.329 1.0000000000
51372  -41.614  -19.939  31.159 0.8888890147
52299  -40.300  -19.811  29.759 0.8888890147
52300  -40.946  -19.777  30.366 0.8888890147
51379  -36.221  -20.514  30.026 0.8888890147
123241  -37.252  -20.447  29.879 1.0000000000
52309  -38.989  -19.912  29.522 1.0000000000
52297  -38.432  -19.434  29.967 1.0000000000
52287  -40.944  -19.377  31.169 0.8888890147
52277  -41.326  -19.298  31.986 0.7777780294
53232  -38.185  -18.843  30.685 0.8888890147
53239  -36.111  -19.238  29.636 1.0000000000
53221  -37.558  -18.306  31.383 0.8888890147
52230  -36.587  -19.844  36.625 0.4444440007
52274  -33.536  -19.330  31.524 1.0000000000
52294  -33.614  -19.474  29.828 1.0000000000
54193  -36.732  -17.051  31.987 0.8888890147
55206  -37.329  -16.637  32.409 0.7777780294
52229  -35.681  -19.323  36.447 0.3333329856
53195  -34.840  -19.357  35.069 0.6666669846
53209  -32.989  -18.524  32.238 1.0000000000
56333  -36.617  -16.140  31.181 1.0000000000
56334  -37.266  -15.956  31.445 0.8888890147
55276  -33.522  -16.087  29.324 1.0000000000
54166  -33.196  -17.550  34.556 0.6666669846
56348  -32.653  -15.386  30.530 0.7777780294
56362  -33.179  -15.345  29.671 1.0000000000
56351  -38.362  -15.988  30.949 0.6666669846
57322  -33.418  -14.533  29.361 0.8888890147
55260  -39.226  -16.507  30.710 0.5555559993
55261  -40.907  -16.947  30.754 0.3333329856
56406  -35.003  -14.998  27.911 1.0000000000
56387  -36.767  -15.909  28.674 0.8888890147
56409  -37.157  -16.121  27.814 1.0000000000
118059  -41.147  -16.989  28.852 0.5555559993
55185  -32.606  -16.291  34.102 0.5555559993
56332  -32.676  -14.595  31.562 0.7777780294
58288  -34.632  -13.692  27.939 1.0000000000
56407  -35.504  -14.968  27.335 1.0000000000
122615  -39.023  -16.861  27.655 0.8888890147
131385  -40.781  -16.978  27.899 0.7777780294
56421  -36.620  -15.276  26.510 1.0000000000
137077  -40.376  -16.868  27.252 1.0000000000
56300  -32.881  -14.804  34.442 0.4444440007
56282  -33.825  -14.191  35.557 0.3333329856
58231  -33.073  -13.290  32.931 0.5555559993
59288  -35.083  -11.951  30.139 0.5555559993
58280  -35.014  -12.940  28.058 1.0000000000
57351  -35.952  -14.063  26.807 1.0000000000
56422  -37.409  -15.602  26.081 1.0000000000
55356  -39.511  -16.583  26.233 1.0000000000
55382  -40.805  -16.222  26.005 1.0000000000
56269  -34.443  -14.778  36.520 0.2222220004
57263  -34.316  -13.850  36.216 0.2222220004
59218  -33.808  -12.423  34.329 0.3333329856
59236  -33.943  -12.576  33.106 0.5555559993
137106  -34.612  -11.690  34.258 0.3333329856
60369  -35.585  -11.367  33.005 0.2222220004
59257  -34.348  -12.508  32.035 0.4444440007
60384  -35.607  -11.520  32.341 0.2222220004
59320  -36.286  -11.895  28.090 0.7777780294
57353  -37.051  -14.613  25.995 1.0000000000
56430  -38.701  -15.142  25.122 1.0000000000
56429  -37.811  -15.006  25.451 1.0000000000
56444  -39.390  -14.790  24.638 1.0000000000
56433  -41.113  -15.763  25.480 1.0000000000
56447  -41.981  -14.984  24.953 1.0000000000
137528  -41.651  -15.492  25.357 1.0000000000
139814  -38.912  -9.708  36.877 0.1111110002
61341  -36.338  -10.122  36.242 0.2222220004
128650  -35.743  -10.725  35.067 0.2222220004
61333  -37.100  -9.924  36.585 0.1111110002
60324  -39.284  -9.849  36.255 0.2222220004
60333  -39.408  -10.034  35.424 0.2222220004
60346  -39.093  -10.093  34.833 0.2222220004
60370  -36.395  -10.811  33.313 0.2222220004
138057  -36.797  -10.948  31.906 0.2222220004
125036  -36.749  -11.048  31.142 0.2222220004
60399  -37.509  -10.741  31.665 0.2222220004
60422  -36.699  -11.136  29.290 0.3333329856
60423  -37.353  -10.998  28.801 0.3333329856
59336  -37.472  -11.978  27.130 1.0000000000
59352  -38.358  -12.243  26.316 0.6666669846
130371  -39.637  -13.598  24.110 0.8888890147
57381  -41.224  -13.914  23.716 0.8888890147
122696  -41.601  -14.545  24.264 0.8888890147
58326  -43.021  -13.803  24.155 0.8888890147
57373  -43.403  -14.380  24.779 0.7777780294
60387  -38.087  -10.541  33.129 0.2222220004
58336  -41.691  -13.174  23.439 0.8888890147
59386  -43.107  -12.532  23.203 0.8888890147
128268  -44.011  -12.360  23.289 0.8888890147
58329  -45.414  -13.079  24.655 0.7777780294
59289  -39.269  -10.476  30.531 0.3333329856
59290  -40.191  -10.674  30.408 0.4444440007
59291  -41.406  -11.242  30.353 0.3333329856
119170  -39.089  -10.950  28.461 0.4444440007
59337  -38.938  -11.663  27.093 0.6666669846
59372  -40.009  -12.085  24.198 0.7777780294
59384  -41.257  -12.319  23.303 0.8888890147
60489  -45.480  -11.550  23.296 0.8888890147
60487  -42.665  -11.819  22.862 0.8888890147
140449  -44.410  -11.979  23.152 0.8888890147
128106  -44.705  -11.583  23.006 0.8888890147
60495  -42.420  -10.972  22.718 0.8888890147
60486  -40.914  -11.519  23.508 0.8888890147
61458  -44.792  -10.203  22.529 0.8888890147
60498  -45.170  -10.947  22.808 0.8888890147
63334  -43.947  -8.554  22.381 0.8888890147
128147  -44.574  -7.320  22.237 0.8888890147
67141  -46.471  -4.810  21.493 0.8888890147
61446  -41.623  -9.928  23.388 0.8888890147
67130  -45.076  -4.682  22.350 0.8888890147
68116  -46.077  -3.927  21.737 0.8888890147
63321  -41.845  -8.443  23.583 0.8888890147
67121  -45.131  -3.874  23.830 0.6666669846
68098  -45.438  -3.297  23.302 0.6666669846
69036  -47.188  -2.729  21.154 0.8888890147
68127  -48.277  -3.043  20.758 0.7777780294
136965  -41.991  -7.905  24.112 0.5555559993
65197  -43.166  -6.376  24.787 0.6666669846
68088  -46.626  -2.958  24.699 0.5555559993
69009  -46.523  -2.344  23.982 0.5555559993
69019  -46.214  -2.216  23.179 0.5555559993
69972  -46.610  -1.876  21.959 0.7777780294
66099  -44.719  -5.309  25.933 0.3333329856
65184  -45.261  -5.784  26.348 0.2222220004
66117  -46.860  -4.409  25.561 0.4444440007
67116  -48.179  -3.865  25.355 0.3333329856
69973  -46.916  -1.303  22.567 0.6666669846
69986  -47.532  -1.984  20.918 0.8888890147
61404  -45.729  -10.892  26.711 0.1111110002
62388  -43.807  -9.091  25.650 0.4444440007
63307  -46.231  -7.781  26.097 0.2222220004
66103  -48.884  -5.906  25.217 0.1111110002
133328  -49.541  -5.456  25.343 0.1111110002
67101  -48.734  -4.876  25.218 0.2222220004
67103  -50.646  -4.406  25.518 0.1111110002
68091  -49.442  -3.061  25.269 0.1111110002
68090  -48.575  -3.051  25.285 0.2222220004
70900  -48.168  -0.415  23.498 0.5555559993
61388  -47.200  -10.104  29.686 0.1111110002
61405  -46.652  -10.880  27.127 0.1111110002
65176  -51.189  -6.157  26.559 0.1111110002
66105  -51.121  -5.734  25.943 0.1111110002
126332  -51.167  -4.927  25.899 0.1111110002
128470  -49.145  -1.584  24.919 0.4444440007
130904  -47.322  -8.383  29.707 0.1111110002
62366  -47.824  -9.791  27.352 0.1111110002
64241  -49.812  -7.583  27.258 0.1111110002
64254  -50.335  -7.115  26.823 0.1111110002
65160  -50.986  -6.023  28.521 0.1111110002
66079  -51.651  -5.948  27.944 0.1111110002
66087  -51.682  -5.699  27.145 0.1111110002
69990  -51.102  -1.999  20.037 0.6666669846
28190  -7.083  -43.071  47.238 0.1111110002
29327  -8.096  -41.743  48.658 0.2222220004
28166  -8.790  -41.877  48.535 0.3333329856
29335  -7.167  -41.978  48.177 0.1111110002
28167  -9.085  -42.534  48.511 0.5555559993
29355  -6.665  -42.338  46.981 0.1111110002
30500  -6.288  -41.557  45.978 0.1111110002
29363  -6.540  -42.506  46.143 0.1111110002
29348  -10.455  -42.162  47.634 0.6666669846
118212  -6.220  -41.338  44.886 0.1111110002
118615  -6.386  -42.100  44.132 0.1111110002
29326  -7.476  -41.490  48.697 0.1111110002
29314  -7.762  -41.215  49.489 0.1111110002
29316  -8.793  -41.112  49.428 0.3333329856
129808  -9.078  -41.543  48.849 0.3333329856
118496  -9.969  -42.112  48.493 0.6666669846
119246  -6.930  -41.580  47.905 0.1111110002
29328  -9.369  -41.700  48.722 0.5555559993
30473  -10.170  -41.223  48.368 0.5555559993
30490  -6.493  -41.498  46.884 0.1111110002
31558  -6.172  -40.415  44.567 0.1111110002
31569  -6.330  -40.176  43.673 0.1111110002
30463  -7.303  -41.016  49.336 0.1111110002
30450  -7.841  -40.922  50.034 0.2222220004
30451  -8.540  -40.661  50.008 0.2222220004
29315  -8.379  -41.267  49.505 0.1111110002
137782  -8.922  -40.633  49.719 0.2222220004
30472  -6.953  -40.879  48.072 0.1111110002
29318  -9.413  -40.892  49.127 0.4444440007
30464  -9.746  -41.168  48.724 0.4444440007
31523  -6.700  -40.468  47.554 0.1111110002
31532  -6.257  -40.747  46.446 0.1111110002
119496  -7.116  -41.267  48.566 0.1111110002
31516  -6.913  -40.271  48.040 0.1111110002
30454  -9.617  -40.412  49.244 0.4444440007
131408  -6.333  -40.000  46.969 0.1111110002
123002  -10.351  -40.522  48.386 0.4444440007
31517  -10.624  -40.054  48.252 0.4444440007
38029  -25.434  -34.802  39.172 0.5555559993
45910  -32.971  -26.408  37.652 0.5555559993
45926  -33.178  -26.214  36.784 0.6666669846
45927  -33.913  -26.906  36.279 0.6666669846
125235  -33.278  -26.217  35.692 0.7777780294
45943  -33.754  -26.823  35.234 0.7777780294
45957  -33.897  -27.039  34.305 0.7777780294
45003  -34.457  -27.450  33.756 0.7777780294
46827  -32.565  -25.657  36.101 0.6666669846
45942  -33.266  -26.307  34.592 0.7777780294
45975  -33.936  -26.795  33.270 0.7777780294
45907  -30.905  -25.935  37.271 0.7777780294
46811  -31.511  -25.702  37.110 0.7777780294
45925  -32.367  -25.879  37.077 0.6666669846
46825  -31.056  -24.843  36.194 0.7777780294
46826  -31.751  -25.255  36.292 0.7777780294
46842  -32.700  -25.615  34.962 0.7777780294
45956  -33.314  -26.299  33.611 0.7777780294
47730  -31.847  -24.070  34.375 0.6666669846
46854  -32.441  -24.872  34.276 0.7777780294
50418  -41.055  -21.247  34.838 0.1111110002
117606  -42.367  -20.939  31.713 0.6666669846
51373  -42.106  -20.423  31.678 0.7777780294
48644  -40.864  -23.286  33.857 0.2222220004
50419  -41.287  -21.740  35.404 0.1111110002
52278  -42.011  -19.847  32.180 0.6666669846
51361  -42.590  -20.545  32.384 0.6666669846
117940  -40.033  -20.508  36.191 0.1111110002
51311  -39.679  -20.361  37.121 0.1111110002
51302  -41.067  -21.021  37.464 0.1111110002
122835  -40.674  -20.843  36.105 0.1111110002
52267  -41.765  -19.213  32.862 0.4444440007
51325  -41.031  -21.153  35.724 0.1111110002
51300  -39.744  -20.151  37.941 0.1111110002
52232  -38.328  -20.067  37.057 0.1111110002
51301  -40.370  -20.515  37.700 0.1111110002
50384  -41.662  -21.344  38.214 0.1111110002
55332  -42.263  -16.324  26.823 0.7777780294
56424  -42.686  -15.803  26.224 0.6666669846
129669  -37.034  -18.489  38.638 0.2222220004
52216  -36.227  -19.158  37.249 0.2222220004
53171  -36.850  -18.993  37.846 0.2222220004
52218  -38.180  -19.805  37.799 0.2222220004
52219  -38.950  -20.058  37.747 0.2222220004
55331  -41.268  -16.638  26.967 0.8888890147
55358  -41.742  -15.980  26.045 0.8888890147
56434  -42.342  -15.433  25.557 0.6666669846
56425  -43.485  -15.495  26.336 0.6666669846
57354  -43.811  -14.998  25.737 0.6666669846
57356  -45.163  -14.498  26.579 0.5555559993
57362  -42.799  -14.898  25.138 0.7777780294
57363  -43.420  -14.847  25.312 0.6666669846
57364  -44.569  -14.460  25.632 0.6666669846
57374  -44.241  -14.118  24.851 0.5555559993
54120  -37.418  -17.664  40.141 0.1111110002
54135  -36.570  -17.533  38.876 0.1111110002
53156  -37.186  -18.080  39.397 0.1111110002
54151  -34.941  -17.514  36.946 0.2222220004
53170  -36.141  -18.409  37.702 0.2222220004
130098  -36.357  -18.001  38.243 0.2222220004
133637  -35.564  -18.200  37.207 0.2222220004
57365  -45.457  -13.938  25.813 0.6666669846
136354  -45.741  -12.547  24.353 0.6666669846
59388  -46.323  -12.142  24.317 0.7777780294
54144  -35.749  -17.463  37.832 0.1111110002
55112  -36.225  -16.501  38.908 0.1111110002
54161  -34.491  -16.892  36.664 0.1111110002
59376  -46.995  -12.237  24.934 0.7777780294
59387  -45.648  -12.088  23.870 0.7777780294
120556  -46.928  -11.695  24.285 0.6666669846
60475  -47.608  -11.499  24.604 0.5555559993
61438  -48.162  -10.880  24.175 0.5555559993
61449  -46.900  -10.805  23.197 0.7777780294
58270  -42.644  -12.611  29.462 0.2222220004
58259  -43.159  -12.547  30.414 0.2222220004
58271  -43.580  -13.077  29.540 0.2222220004
59293  -44.925  -13.226  30.062 0.1111110002
119983  -41.935  -12.470  28.877 0.2222220004
58282  -43.255  -13.176  28.718 0.2222220004
58272  -44.496  -13.278  29.425 0.2222220004
59325  -41.402  -12.261  28.278 0.2222220004
58291  -42.113  -12.775  28.024 0.2222220004
141020  -43.115  -12.829  27.277 0.3333329856
59356  -42.052  -12.096  26.809 0.4444440007
59357  -43.127  -12.280  26.825 0.3333329856
61450  -47.849  -10.418  23.380 0.5555559993
135252  -46.432  -10.372  22.826 0.7777780294
61460  -47.094  -10.053  22.877 0.7777780294
58244  -43.048  -12.486  31.240 0.1111110002
133093  -43.562  -12.602  30.733 0.1111110002
58260  -44.156  -13.052  30.327 0.1111110002
58281  -41.361  -12.030  29.006 0.2222220004
58269  -42.023  -12.042  29.615 0.2222220004
59327  -43.967  -13.144  28.091 0.3333329856
59328  -44.738  -13.088  28.561 0.2222220004
59343  -44.708  -12.563  27.638 0.3333329856
61459  -45.702  -10.291  22.647 0.7777780294
62419  -47.095  -9.389  22.621 0.7777780294
67146  -51.022  -4.356  21.624 0.5555559993
67132  -51.499  -4.586  22.266 0.3333329856
59292  -41.816  -11.374  31.149 0.2222220004
58257  -42.386  -12.030  31.207 0.2222220004
58233  -42.734  -12.411  31.963 0.1111110002
58268  -41.458  -11.609  29.647 0.3333329856
60441  -44.843  -11.911  27.072 0.3333329856
135498  -49.168  -7.754  22.437 0.6666669846
63336  -45.800  -8.779  22.289 0.7777780294
63337  -47.491  -8.860  22.512 0.7777780294
66138  -50.059  -6.039  21.822 0.5555559993
66151  -48.989  -5.259  21.566 0.5555559993
67131  -50.851  -5.051  21.826 0.5555559993
119794  -40.891  -10.834  31.118 0.2222220004
59277  -42.048  -11.639  31.795 0.1111110002
58232  -42.352  -12.060  32.033 0.1111110002
64297  -47.640  -7.527  22.237 0.7777780294
64298  -48.448  -7.648  22.355 0.6666669846
125712  -48.983  -7.019  22.256 0.6666669846
63335  -45.251  -8.017  22.176 0.7777780294
64295  -45.488  -7.212  21.976 0.7777780294
65221  -47.250  -6.822  22.007 0.7777780294
65222  -48.113  -6.856  22.144 0.7777780294
65233  -48.693  -6.123  21.894 0.6666669846
65220  -46.355  -6.894  21.866 0.7777780294
134178  -49.473  -5.847  21.757 0.5555559993
122042  -46.819  -6.146  21.737 0.7777780294
66150  -48.036  -5.324  21.592 0.7777780294
70932  -50.352  -0.043  19.705 0.6666669846
70933  -51.310  -0.217  19.395 0.5555559993
71929  -52.332  0.756  18.920 0.5555559993
71930  -53.191  0.711  18.531 0.6666669846
71931  -54.111  0.306  18.316 0.4444440007
71942  -54.539  0.791  17.950 0.4444440007
71933  -56.001  0.206  18.027 0.4444440007
65231  -45.641  -6.522  21.848 0.7777780294
66147  -45.420  -5.858  21.934 0.7777780294
128656  -46.093  -6.080  21.679 0.7777780294
136767  -46.474  -5.571  21.592 0.7777780294
71918  -49.305  0.524  20.585 0.7777780294
70931  -49.717  0.062  20.099 0.6666669846
71919  -50.005  0.824  20.054 0.7777780294
134184  -51.010  1.580  19.698 0.7777780294
71926  -51.539  0.764  19.257 0.7777780294
72893  -52.564  1.415  18.653 0.7777780294
71943  -55.205  0.859  17.677 0.4444440007
71904  -48.382  0.425  21.904 0.4444440007
71909  -48.966  0.960  21.398 0.5555559993
71917  -48.598  0.156  20.985 0.6666669846
72870  -49.907  2.254  21.305 0.6666669846
72879  -50.327  1.780  20.381 0.6666669846
72886  -51.862  1.675  19.124 0.7777780294
72894  -53.111  1.711  18.249 0.7777780294
72906  -53.693  2.089  17.744 0.6666669846
72907  -54.485  1.567  17.466 0.4444440007
72909  -55.992  1.516  16.721 0.4444440007
74882  -53.086  2.637  18.227 0.7777780294
122620  -54.165  2.426  17.273 0.4444440007
70908  -48.521  0.342  22.987 0.4444440007
72869  -49.407  1.752  21.855 0.5555559993
72878  -49.542  1.464  20.853 0.5555559993
73847  -50.330  2.690  21.861 0.5555559993
72880  -50.932  2.220  20.274 0.6666669846
74871  -52.549  3.058  18.866 0.7777780294
73892  -54.408  3.127  16.965 0.4444440007
139661  -55.454  2.102  16.577 0.4444440007
73904  -55.356  3.028  16.375 0.4444440007
70901  -48.840  -0.039  24.053 0.3333329856
71896  -49.778  1.345  24.079 0.4444440007
73891  -53.689  3.139  17.671 0.7777780294
74896  -54.766  3.998  16.787 0.4444440007
74883  -53.204  3.538  18.494 0.7777780294
132658  -53.695  4.019  18.083 0.7777780294
75842  -54.772  4.590  17.567 0.6666669846
75852  -55.467  4.054  16.422 0.5555559993
74884  -54.390  4.710  18.348 0.6666669846
75843  -55.525  4.782  17.174 0.5555559993
75844  -56.616  5.205  17.222 0.5555559993
76884  -57.347  5.771  17.713 0.4444440007
76886  -58.975  6.259  17.198 0.2222220004
77898  -59.412  7.105  17.668 0.3333329856
75833  -53.618  4.343  18.898 0.7777780294
128762  -55.239  5.139  18.121 0.3333329856
75834  -55.755  5.460  18.652 0.4444440007
75835  -56.008  5.410  18.003 0.5555559993
76883  -56.660  5.729  18.021 0.3333329856
76875  -57.085  6.220  18.439 0.3333329856
77888  -57.646  6.643  18.961 0.3333329856
77889  -58.471  6.894  18.777 0.2222220004
76876  -57.903  6.326  18.208 0.3333329856
77890  -59.270  7.360  18.522 0.2222220004
78858  -59.702  8.216  19.063 0.1111110002
76885  -58.204  5.853  17.473 0.3333329856
77897  -58.705  6.615  17.956 0.2222220004
77891  -59.811  7.865  18.215 0.1111110002
79788  -59.789  8.918  18.967 0.1111110002
77899  -59.873  7.495  17.361 0.3333329856
78878  -59.971  8.101  18.038 0.1111110002
78879  -59.926  8.391  17.607 0.1111110002
116556  -60.098  8.149  17.195 0.1111110002
79801  -59.759  8.789  17.169 0.1111110002
79810  -59.898  8.383  16.596 0.1111110002
75825  -55.175  5.327  19.064 0.6666669846
76873  -55.892  5.629  19.182 0.3333329856
76865  -56.335  6.014  19.557 0.3333329856
77879  -57.520  6.651  19.652 0.3333329856
78849  -59.498  8.293  19.999 0.1111110002
79765  -59.905  8.903  20.454 0.1111110002
78859  -59.797  8.949  19.671 0.1111110002
125787  -60.342  9.267  20.813 0.1111110002
79775  -59.920  9.387  19.415 0.1111110002
80745  -60.386  9.783  19.701 0.1111110002
81736  -60.702  10.313  19.919 0.1111110002
79802  -59.812  8.907  17.872 0.1111110002
81737  -60.257  10.212  19.172 0.1111110002
80781  -59.809  9.396  18.049 0.1111110002
138141  -60.262  10.696  18.888 0.1111110002
82662  -60.278  12.008  19.998 0.1111110002
80792  -59.615  9.293  17.200 0.1111110002
82694  -60.164  11.179  18.593 0.1111110002
125505  -59.444  8.293  21.039 0.1111110002
80735  -60.725  9.735  20.373 0.1111110002
119771  -60.614  11.338  20.710 0.1111110002
123273  -60.172  12.491  19.240 0.1111110002
136359  -60.022  11.889  18.107 0.1111110002
66139  -51.384  -5.659  22.326 0.4444440007
131759  -50.698  -5.895  21.887 0.4444440007
65224  -50.391  -6.600  22.116 0.4444440007
65223  -49.589  -6.497  22.025 0.6666669846
64299  -49.882  -7.351  22.367 0.6666669846
137871  -6.437  -41.969  46.546 0.1111110002
30474  -10.692  -40.955  47.785 0.5555559993
36924  -25.243  -35.682  40.485 0.3333329856
38030  -26.172  -34.375  39.474 0.3333329856
45024  -35.358  -27.782  32.864 0.7777780294
46866  -32.759  -24.986  33.662 0.7777780294
46855  -32.823  -25.662  33.961 0.7777780294
47762  -40.145  -23.923  33.991 0.2222220004
52217  -37.557  -19.685  37.496 0.2222220004
53186  -34.508  -18.019  36.214 0.1111110002
59339  -40.750  -11.825  27.575 0.3333329856
60491  -47.334  -11.158  23.844 0.6666669846
124277  -44.887  -8.730  22.320 0.7777780294
62418  -45.337  -9.515  22.435 0.7777780294
59342  -43.736  -12.755  27.350 0.3333329856
70921  -49.171  -0.299  20.392 0.7777780294
29346  -6.942  -42.250  47.604 0.1111110002
39116  -26.615  -33.674  38.298 0.5555559993
49526  -41.211  -22.508  34.187 0.2222220004
58318  -45.839  -13.345  25.289 0.5555559993
58256  -42.096  -11.657  30.362 0.3333329856
117308  -6.747  -41.775  47.377 0.1111110002
31543  -6.129  -40.619  45.522 0.1111110002
30517  -6.467  -41.578  43.335 0.1111110002
29317  -9.098  -40.867  49.391 0.3333329856
30465  -10.027  -40.502  48.794 0.4444440007
138756  -6.500  -40.796  47.084 0.1111110002
31508  -7.116  -40.526  48.878 0.1111110002
45911  -33.723  -26.687  37.402 0.6666669846
46841  -32.053  -24.927  35.266 0.7777780294
50428  -41.267  -21.891  34.664 0.2222220004
51312  -40.500  -20.748  36.853 0.1111110002
51313  -41.056  -21.194  36.579 0.1111110002
119045  -40.896  -20.752  38.354 0.1111110002
139612  -42.547  -19.750  33.039 0.4444440007
55333  -42.581  -16.396  27.432 0.5555559993
52201  -38.409  -19.591  38.465 0.2222220004
56435  -43.112  -15.289  25.692 0.6666669846
57355  -44.269  -15.062  26.404 0.5555559993
58317  -45.013  -13.726  25.083 0.5555559993
54145  -35.880  -16.937  38.349 0.1111110002
54136  -36.813  -17.266  39.495 0.1111110002
54152  -35.273  -16.929  37.505 0.1111110002
120977  -42.543  -12.145  30.384 0.2222220004
133521  -42.534  -12.921  28.566 0.2222220004
59326  -43.022  -13.157  27.829 0.2222220004
59341  -42.496  -12.671  27.328 0.3333329856
59340  -41.528  -12.264  27.444 0.3333329856
62404  -48.516  -9.877  23.200 0.4444440007
130245  -46.318  -9.614  22.543 0.7777780294
62403  -47.867  -9.586  22.811 0.7777780294
58258  -42.673  -12.343  31.033 0.1111110002
134119  -46.683  -8.784  22.402 0.7777780294
66140  -52.141  -5.328  22.882 0.3333329856
59276  -41.358  -10.984  32.110 0.2222220004
63340  -50.492  -8.016  22.687 0.5555559993
123432  -48.174  -8.920  22.604 0.7777780294
117438  -47.153  -8.133  22.317 0.7777780294
129900  -47.955  -8.268  22.429 0.7777780294
123810  -46.244  -7.913  22.121 0.7777780294
64296  -46.924  -7.456  22.121 0.7777780294
65232  -47.673  -6.099  21.857 0.7777780294
66149  -47.132  -5.434  21.519 0.7777780294
71925  -50.749  0.689  19.569 0.6666669846
72895  -53.859  1.202  18.045 0.6666669846
71932  -55.050  0.020  18.217 0.3333329856
71944  -55.985  0.953  17.389 0.4444440007
73869  -51.456  2.311  19.841 0.6666669846
73870  -51.978  2.604  19.274 0.7777780294
122987  -48.964  1.089  22.453 0.5555559993
72864  -49.929  2.266  22.190 0.5555559993
73879  -52.450  2.204  18.612 0.7777780294
72908  -55.277  1.533  17.046 0.4444440007
73893  -54.820  2.277  16.878 0.4444440007
71895  -49.205  0.852  23.560 0.4444440007
72863  -49.659  1.764  22.961 0.5555559993
73855  -50.513  2.575  20.917 0.5555559993
73856  -50.830  3.058  21.431 0.5555559993
70893  -49.634  0.286  24.600 0.2222220004
70894  -49.925  -0.559  25.206 0.2222220004
72854  -50.240  2.104  23.668 0.4444440007
74895  -54.127  4.015  17.430 0.6666669846
76874  -56.372  5.818  18.750 0.3333329856
76866  -56.940  6.376  19.228 0.3333329856
77880  -58.198  7.001  19.595 0.2222220004
77881  -59.063  7.495  19.410 0.2222220004
78868  -59.809  8.465  18.545 0.1111110002
78869  -59.826  8.758  18.287 0.1111110002
79789  -59.808  9.238  18.717 0.1111110002
80780  -59.710  9.804  17.765 0.1111110002
121531  -60.187  9.379  20.078 0.1111110002
136026  -59.974  9.682  19.159 0.1111110002
81720  -60.928  10.331  20.715 0.1111110002
80762  -59.856  9.611  18.577 0.1111110002
119476  -60.673  10.986  20.114 0.1111110002
80761  -59.936  10.242  18.469 0.1111110002
81749  -60.432  11.242  19.319 0.1111110002
81786  -59.562  10.597  17.421 0.1111110002
81767  -59.849  10.898  18.027 0.1111110002
80728  -60.704  9.625  21.153 0.1111110002
124847  -60.833  10.068  21.471 0.1111110002
65209  -52.126  -6.431  22.883 0.3333329856
64300  -50.795  -7.272  22.522 0.3333329856
28168  -12.704  -43.980  49.376 0.1111110002
119656  -11.537  -45.213  49.984 0.1111110002
26974  -11.913  -44.698  48.994 0.1111110002
28181  -12.575  -44.000  48.310 0.3333329856
23723  -10.443  -47.395  49.276 0.1111110002
25859  -10.749  -46.233  50.157 0.2222220004
28169  -13.296  -43.387  49.615 0.1111110002
23722  -9.839  -46.938  48.801 0.1111110002
24768  -10.195  -46.402  49.495 0.2222220004
28182  -13.269  -43.413  48.726 0.1111110002
29330  -14.545  -41.921  49.239 0.1111110002
29338  -13.748  -42.846  48.213 0.3333329856
30475  -14.667  -41.563  48.251 0.1111110002
31510  -15.034  -41.160  49.138 0.1111110002
29349  -13.606  -42.821  47.339 0.6666669846
29350  -14.133  -42.256  47.773 0.2222220004
24775  -9.091  -46.587  48.422 0.3333329856
30484  -14.390  -41.754  47.368 0.2222220004
31526  -14.771  -41.098  47.313 0.2222220004
29358  -13.963  -42.268  46.915 0.3333329856
30493  -14.313  -41.648  46.540 0.3333329856
30502  -14.115  -41.593  45.377 0.4444440007
31527  -15.225  -40.329  47.056 0.1111110002
31535  -14.742  -40.928  46.281 0.2222220004
131894  -15.159  -40.189  46.010 0.3333329856
35808  -18.230  -36.154  46.710 0.1111110002
36836  -20.248  -35.480  46.763 0.1111110002
36837  -20.873  -35.457  46.262 0.1111110002
36820  -19.637  -35.514  47.542 0.1111110002
36835  -19.531  -35.645  46.756 0.1111110002
36819  -18.867  -35.837  47.143 0.1111110002
130169  -19.883  -35.595  46.154 0.1111110002
36852  -20.477  -35.517  45.605 0.2222220004
36853  -21.379  -35.518  45.604 0.1111110002
35822  -18.227  -36.159  45.838 0.1111110002
126514  -20.172  -35.499  44.897 0.2222220004
35835  -17.604  -36.837  44.663 0.2222220004
35836  -18.157  -36.304  44.975 0.2222220004
36850  -18.853  -35.856  45.220 0.2222220004
36851  -19.645  -35.610  45.429 0.2222220004
36865  -20.951  -35.506  44.732 0.1111110002
139210  -18.054  -36.478  44.214 0.3333329856
36862  -18.658  -36.005  44.324 0.3333329856
36864  -20.275  -35.514  44.319 0.2222220004
35845  -18.335  -36.361  43.399 0.4444440007
36875  -20.794  -35.519  43.829 0.2222220004
36874  -19.964  -35.561  43.691 0.2222220004
36885  -18.846  -35.936  42.729 0.3333329856
36887  -20.544  -35.531  42.949 0.2222220004
36900  -19.272  -35.702  41.961 0.3333329856
117505  -20.008  -35.518  42.310 0.2222220004
118017  -20.684  -35.499  42.064 0.2222220004
36899  -18.634  -35.964  41.213 0.5555559993
36902  -20.829  -35.505  41.247 0.2222220004
116689  -22.008  -35.728  42.757 0.2222220004
36920  -20.136  -35.386  40.695 0.4444440007
125806  -21.375  -35.583  41.747 0.3333329856
36889  -22.169  -35.824  41.955 0.3333329856
36921  -20.988  -35.454  40.385 0.4444440007
123040  -8.356  -40.241  50.449 0.1111110002
30441  -9.106  -39.950  50.444 0.1111110002
30453  -9.201  -40.341  49.712 0.1111110002
35869  -22.862  -36.127  41.917 0.2222220004
119881  -21.787  -35.690  40.963 0.3333329856
35859  -24.351  -36.571  42.366 0.2222220004
35871  -24.415  -36.435  41.640 0.2222220004
36939  -20.289  -35.135  39.882 0.5555559993
36903  -22.883  -36.053  41.143 0.2222220004
35884  -23.887  -36.297  40.985 0.2222220004
37965  -27.692  -34.558  43.057 0.1111110002
36904  -24.746  -36.143  41.020 0.2222220004
37971  -26.947  -34.858  41.819 0.1111110002
37972  -27.508  -34.417  42.191 0.1111110002
36922  -22.488  -35.814  40.199 0.4444440007
36890  -25.616  -36.222  42.093 0.2222220004
36905  -26.330  -35.521  41.733 0.2222220004
36923  -23.416  -36.010  40.184 0.2222220004
118023  -29.336  -33.337  43.605 0.1111110002
134745  -28.977  -33.605  44.233 0.1111110002
120658  -28.432  -33.874  43.554 0.1111110002
121009  -28.992  -33.434  42.818 0.1111110002
37973  -28.178  -33.844  42.570 0.1111110002
37992  -27.969  -33.821  41.726 0.1111110002
122156  -25.516  -35.899  41.284 0.2222220004
37991  -27.299  -34.306  41.406 0.1111110002
36925  -25.990  -35.306  40.866 0.2222220004
37990  -26.642  -34.829  41.166 0.2222220004
38007  -26.350  -34.770  40.550 0.3333329856
122000  -26.413  -34.470  40.081 0.2222220004
123957  -30.935  -33.380  45.334 0.1111110002
38993  -30.551  -33.160  44.485 0.1111110002
38992  -29.690  -33.291  44.373 0.1111110002
123437  -30.181  -33.079  43.700 0.1111110002
38031  -26.831  -33.962  39.781 0.3333329856
38008  -26.955  -34.222  40.587 0.2222220004
133080  -26.639  -33.813  39.070 0.3333329856
123986  -31.105  -33.085  43.778 0.1111110002
39066  -29.359  -33.324  41.412 0.1111110002
39109  -35.128  -33.177  39.590 0.1111110002
40949  -34.946  -31.299  40.453 0.1111110002
39038  -28.748  -33.498  41.993 0.1111110002
40964  -34.600  -31.716  39.485 0.1111110002
42909  -38.396  -30.037  36.986 0.2222220004
42927  -38.749  -30.069  36.252 0.2222220004
39064  -27.776  -33.817  40.918 0.2222220004
41922  -34.124  -30.831  40.117 0.1111110002
42855  -33.809  -30.034  40.471 0.1111110002
43908  -34.374  -28.944  40.509 0.2222220004
43935  -34.657  -27.730  39.203 0.2222220004
43936  -35.494  -28.049  38.614 0.2222220004
43947  -36.265  -28.653  37.462 0.3333329856
42908  -37.599  -29.623  37.109 0.2222220004
42925  -37.016  -29.298  36.495 0.3333329856
42872  -33.297  -29.493  40.084 0.1111110002
43907  -33.851  -29.323  40.459 0.2222220004
43922  -34.470  -28.176  40.070 0.2222220004
43946  -35.648  -28.173  37.661 0.2222220004
44969  -34.857  -27.539  38.056 0.2222220004
124936  -35.869  -28.465  36.930 0.3333329856
39014  -31.707  -33.176  42.937 0.1111110002
118784  -29.848  -33.156  42.949 0.1111110002
118092  -30.710  -33.123  43.026 0.1111110002
39041  -31.713  -33.160  42.012 0.1111110002
39069  -33.363  -33.780  41.558 0.1111110002
39089  -34.221  -34.045  40.719 0.1111110002
39039  -29.579  -33.260  42.188 0.1111110002
133354  -31.085  -33.117  42.432 0.1111110002
39068  -32.431  -33.401  41.390 0.1111110002
39088  -33.171  -33.634  40.684 0.1111110002
119417  -30.161  -33.160  41.600 0.1111110002
119046  -31.586  -33.159  41.186 0.1111110002
118372  -33.797  -33.687  39.915 0.1111110002
39108  -34.253  -33.326  39.208 0.1111110002
42926  -37.824  -29.690  36.166 0.2222220004
39083  -27.602  -33.727  40.109 0.3333329856
39084  -28.390  -33.522  40.425 0.2222220004
39085  -29.147  -33.321  40.651 0.1111110002
40052  -34.213  -32.003  38.791 0.1111110002
40963  -33.847  -31.228  39.242 0.1111110002
138117  -27.025  -33.580  38.742 0.3333329856
39103  -28.309  -33.431  39.667 0.3333329856
39104  -29.020  -33.081  39.446 0.3333329856
41921  -33.486  -30.350  39.727 0.1111110002
43921  -33.580  -28.600  40.119 0.2222220004
43960  -36.381  -28.892  36.706 0.3333329856
39117  -27.475  -33.434  38.289 0.4444440007
39118  -28.385  -33.208  38.788 0.4444440007
44944  -33.631  -27.754  39.540 0.2222220004
44983  -35.201  -27.959  36.824 0.2222220004
39135  -27.436  -33.315  37.362 0.5555559993
39136  -28.217  -33.085  37.826 0.5555559993
39087  -32.301  -33.324  40.537 0.1111110002
117733  -30.765  -33.122  41.005 0.1111110002
133309  -31.414  -33.096  40.294 0.1111110002
39122  -34.144  -32.684  38.772 0.1111110002
120564  -21.116  -30.461  39.567 0.2222220004
133010  -30.561  -33.033  40.267 0.2222220004
39106  -32.321  -33.224  39.580 0.1111110002
39121  -33.591  -33.044  38.686 0.1111110002
40980  -33.567  -31.582  38.441 0.1111110002
41920  -32.887  -29.848  39.357 0.1111110002
40033  -29.752  -32.856  39.181 0.2222220004
137231  -33.106  -32.756  38.286 0.1111110002
40979  -32.981  -31.109  38.005 0.1111110002
41943  -33.278  -30.704  38.810 0.1111110002
126838  -36.456  -29.036  36.080 0.3333329856
42941  -36.999  -29.229  35.717 0.3333329856
40046  -28.958  -32.713  38.191 0.4444440007
41965  -32.413  -30.601  37.557 0.2222220004
121434  -32.682  -30.220  38.427 0.2222220004
42871  -32.794  -28.917  39.702 0.2222220004
44943  -32.831  -27.708  39.301 0.2222220004
44956  -34.007  -27.262  38.707 0.2222220004
43973  -36.850  -28.968  34.940 0.4444440007
42942  -37.664  -29.317  35.253 0.2222220004
42906  -32.068  -29.710  38.059 0.2222220004
134181  -31.848  -28.906  38.574 0.4444440007
43934  -32.275  -28.322  39.190 0.2222220004
44955  -33.166  -27.237  38.858 0.3333329856
44967  -33.493  -26.827  38.196 0.4444440007
44968  -34.442  -27.225  37.163 0.4444440007
44994  -35.022  -28.098  35.735 0.4444440007
43972  -36.267  -28.861  35.432 0.4444440007
117687  -28.320  -32.200  35.807 0.5555559993
45894  -32.728  -26.792  38.285 0.4444440007
44982  -34.586  -27.576  36.262 0.5555559993
127449  -34.846  -28.007  34.981 0.4444440007
125291  -36.167  -28.642  34.715 0.4444440007
45004  -34.998  -27.945  34.302 0.5555559993
44009  -36.310  -28.216  33.118 0.4444440007
44993  -34.355  -27.500  35.323 0.5555559993
131462  -34.510  -27.631  34.530 0.5555559993
43987  -35.689  -28.233  33.953 0.5555559993
40034  -30.574  -32.887  39.464 0.2222220004
138837  -30.987  -32.965  39.894 0.1111110002
40035  -31.421  -32.977  39.457 0.1111110002
40048  -30.365  -32.710  38.741 0.2222220004
40036  -32.027  -32.995  38.870 0.2222220004
40061  -28.840  -32.585  37.337 0.4444440007
133199  -32.334  -32.227  37.440 0.2222220004
40077  -28.627  -32.407  36.487 0.5555559993
136387  -31.515  -29.050  37.772 0.3333329856
42888  -31.538  -28.102  38.397 0.4444440007
45893  -32.077  -26.822  38.230 0.4444440007
45909  -32.211  -26.315  37.746 0.4444440007
47749  -43.808  -25.434  34.358 0.1111110002
40049  -31.249  -32.758  38.584 0.2222220004
40063  -30.540  -32.477  37.937 0.2222220004
40064  -31.531  -32.387  37.541 0.2222220004
139962  -30.900  -32.282  37.363 0.2222220004
40999  -31.401  -31.367  36.552 0.3333329856
40998  -30.089  -31.652  36.019 0.4444440007
41012  -31.004  -31.006  36.102 0.3333329856
43958  -31.109  -29.145  36.825 0.4444440007
43945  -30.984  -28.293  37.511 0.4444440007
42923  -30.695  -29.000  35.874 0.5555559993
43957  -30.627  -28.356  36.612 0.4444440007
44966  -31.021  -27.414  37.850 0.4444440007
45908  -31.411  -26.524  37.812 0.4444440007
129444  -30.310  -27.666  36.290 0.5555559993
44965  -30.669  -26.650  37.325 0.4444440007
127600  -43.815  -23.173  33.473 0.1111110002
49536  -43.905  -22.428  33.502 0.1111110002
50445  -43.181  -21.779  32.592 0.1111110002
51383  -41.927  -20.872  30.970 0.6666669846
50429  -44.130  -21.038  33.984 0.1111110002
50436  -43.662  -21.688  33.294 0.1111110002
134120  -43.535  -20.931  33.395 0.1111110002
51362  -43.150  -21.114  32.815 0.3333329856
51326  -44.469  -19.887  35.021 0.1111110002
51337  -44.065  -20.130  34.425 0.1111110002
122120  -43.575  -20.369  33.767 0.1111110002
52256  -43.410  -19.685  34.194 0.1111110002
52255  -42.726  -19.414  33.862 0.2222220004
52268  -43.102  -19.926  33.573 0.1111110002
51349  -43.089  -20.439  33.151 0.2222220004
53214  -40.944  -18.771  32.803 0.5555559993
53207  -42.148  -19.142  33.534 0.4444440007
51314  -45.078  -19.987  36.604 0.1111110002
52246  -44.379  -19.531  35.551 0.1111110002
52245  -43.791  -19.398  35.032 0.1111110002
53205  -40.288  -18.352  33.660 0.4444440007
53198  -42.148  -18.787  34.282 0.3333329856
118058  -42.133  -16.787  28.772 0.3333329856
135301  -44.248  -16.022  29.830 0.2222220004
56368  -45.378  -15.294  29.623 0.2222220004
56390  -45.171  -15.233  28.853 0.2222220004
55284  -43.403  -16.425  29.126 0.2222220004
56389  -44.433  -15.667  28.629 0.2222220004
57323  -45.835  -14.778  29.116 0.2222220004
55310  -42.408  -16.590  28.026 0.3333329856
56388  -43.666  -16.130  28.414 0.2222220004
56411  -44.193  -15.636  27.833 0.3333329856
135658  -42.046  -16.581  27.438 0.3333329856
57324  -46.488  -14.347  29.417 0.2222220004
57325  -47.100  -13.966  29.793 0.2222220004
58284  -47.036  -13.710  28.910 0.1111110002
57329  -45.649  -14.742  28.310 0.2222220004
57330  -46.331  -14.281  28.587 0.2222220004
58292  -46.750  -13.725  28.023 0.1111110002
55334  -43.057  -16.321  27.859 0.3333329856
56412  -44.916  -15.199  28.053 0.2222220004
57341  -46.137  -14.278  27.772 0.2222220004
121680  -47.345  -13.304  28.215 0.1111110002
56410  -43.083  -16.014  27.042 0.3333329856
57339  -44.627  -15.109  27.239 0.3333329856
57340  -45.406  -14.666  27.503 0.2222220004
57357  -45.915  -14.206  27.043 0.3333329856
58285  -47.791  -13.052  28.832 0.1111110002
58293  -47.811  -12.788  27.982 0.1111110002
132820  -48.279  -12.544  28.461 0.1111110002
119252  -47.266  -13.236  27.364 0.1111110002
58307  -47.432  -12.880  26.493 0.1111110002
131456  -47.929  -12.532  27.152 0.1111110002
132651  -45.816  -13.990  26.437 0.4444440007
58305  -46.270  -13.519  26.025 0.3333329856
58320  -46.940  -13.111  26.039 0.1111110002
59346  -48.887  -11.815  27.742 0.1111110002
59345  -48.411  -12.298  27.816 0.1111110002
60444  -49.271  -11.330  27.163 0.1111110002
60454  -48.796  -11.374  26.314 0.1111110002
59358  -48.049  -12.113  26.260 0.1111110002
60443  -48.572  -11.927  27.070 0.1111110002
59369  -47.350  -12.587  25.736 0.1111110002
58319  -46.620  -12.953  25.459 0.4444440007
60465  -47.789  -11.851  25.380 0.1111110002
59375  -46.179  -12.748  24.816 0.4444440007
60456  -49.889  -10.764  26.817 0.1111110002
60455  -49.426  -10.992  26.438 0.1111110002
60467  -49.300  -10.882  25.819 0.1111110002
60466  -48.360  -11.524  25.714 0.2222220004
60476  -48.397  -11.207  24.998 0.2222220004
60477  -49.133  -10.782  25.114 0.2222220004
61433  -49.820  -10.484  25.354 0.1111110002
61439  -48.846  -10.696  24.503 0.2222220004
61440  -49.614  -10.280  24.494 0.2222220004
62395  -50.346  -9.725  24.041 0.2222220004
132821  -50.591  -10.017  24.954 0.2222220004
61451  -48.854  -10.275  23.806 0.3333329856
62394  -49.611  -9.881  23.794 0.3333329856
62396  -51.351  -9.474  24.238 0.2222220004
117684  -49.964  -9.383  23.392 0.3333329856
59329  -45.519  -12.531  28.442 0.1111110002
62407  -51.669  -8.866  23.503 0.2222220004
62405  -49.200  -9.648  23.290 0.3333329856
62406  -50.806  -9.154  23.496 0.2222220004
62420  -48.693  -9.296  22.833 0.4444440007
63322  -50.268  -8.756  22.970 0.3333329856
63338  -48.811  -8.477  22.557 0.5555559993
62421  -49.467  -9.027  22.853 0.4444440007
133003  -52.146  -2.991  20.931 0.4444440007
69045  -51.729  -2.695  20.394 0.4444440007
69046  -52.514  -2.808  20.374 0.4444440007
69998  -51.664  -1.332  19.548 0.4444440007
69054  -52.973  -2.517  19.731 0.4444440007
70000  -53.456  -2.007  19.206 0.4444440007
70934  -52.211  -0.735  19.127 0.4444440007
70935  -53.057  -1.084  18.864 0.4444440007
70944  -53.590  -0.330  18.644 0.4444440007
128936  -52.021  0.092  19.080 0.4444440007
70943  -52.739  -0.098  18.851 0.4444440007
73840  -50.290  2.452  22.765 0.4444440007
130121  -50.764  2.760  23.369 0.3333329856
73862  -51.173  2.742  20.579 0.5555559993
73863  -51.756  2.979  20.112 0.5555559993
120430  -52.230  3.269  19.626 0.5555559993
74851  -51.348  3.528  21.976 0.2222220004
74857  -51.474  3.355  20.960 0.4444440007
74858  -52.010  3.877  21.431 0.3333329856
74863  -52.204  3.747  20.423 0.4444440007
74864  -52.928  4.439  20.484 0.3333329856
123584  -52.859  3.894  19.500 0.5555559993
75823  -53.572  4.666  19.847 0.4444440007
75824  -54.282  5.002  19.363 0.4444440007
34731  -17.083  -37.301  46.046 0.2222220004
132910  -16.896  -37.579  44.834 0.2222220004
33687  -15.948  -38.867  45.876 0.2222220004
34720  -17.232  -37.004  47.785 0.1111110002
35821  -17.626  -36.701  45.518 0.2222220004
34725  -17.266  -37.047  46.857 0.1111110002
135426  -17.676  -36.587  47.072 0.1111110002
133592  -10.159  -46.801  49.392 0.2222220004
25868  -10.951  -45.780  50.086 0.1111110002
23728  -8.716  -46.866  47.750 0.2222220004
32623  -15.500  -39.562  45.577 0.2222220004
32607  -15.682  -39.501  46.652 0.2222220004
34736  -17.167  -37.236  45.144 0.3333329856
35856  -18.260  -36.487  42.401 0.4444440007
120503  -21.720  -35.589  40.087 0.4444440007
117715  -24.360  -35.948  40.241 0.2222220004
38006  -25.790  -34.999  40.028 0.2222220004
42962  -38.396  -29.226  34.765 0.2222220004
138577  -35.840  -27.663  32.334 0.6666669846
39134  -26.523  -33.570  37.373 0.5555559993
42940  -30.571  -29.601  35.264 0.4444440007
41990  -30.801  -30.397  35.686 0.4444440007
127150  -30.357  -28.222  35.768 0.5555559993
125268  -19.747  -30.368  40.554 0.3333329856
49546  -43.395  -22.565  32.836 0.1111110002
53211  -38.536  -18.202  32.343 0.7777780294
56318  -38.243  -15.973  32.450 0.4444440007
33705  -16.227  -38.410  45.153 0.2222220004
34735  -16.739  -37.760  45.296 0.2222220004
126658  -18.628  -36.097  41.969 0.4444440007
40060  -28.088  -32.919  37.008 0.5555559993
117860  -29.587  -32.141  36.721 0.5555559993
41011  -30.530  -31.096  35.697 0.4444440007
69053  -52.090  -2.248  19.807 0.4444440007
125524  -34.991  -27.767  33.506 0.6666669846
50444  -42.764  -21.358  32.139 0.3333329856
55309  -41.645  -16.799  27.992 0.3333329856
63339  -49.694  -8.254  22.623 0.4444440007
26967  -12.169  -44.656  50.236 0.1111110002
23730  -10.106  -47.460  48.559 0.1111110002
23724  -11.083  -47.559  49.787 0.1111110002
24763  -11.165  -46.301  50.519 0.2222220004
23729  -9.502  -47.201  48.154 0.2222220004
29329  -13.878  -42.719  49.269 0.2222220004
29339  -14.229  -42.256  48.551 0.1111110002
134310  -20.373  -35.522  46.188 0.1111110002
36834  -19.020  -35.804  46.186 0.1111110002
36863  -19.517  -35.640  44.494 0.2222220004
36873  -19.128  -35.772  43.602 0.2222220004
36886  -19.599  -35.643  42.891 0.2222220004
36901  -20.028  -35.486  41.560 0.3333329856
36888  -21.373  -35.579  42.464 0.2222220004
39065  -28.564  -33.546  41.191 0.2222220004
40037  -34.690  -32.580  39.142 0.1111110002
121550  -34.656  -33.734  39.983 0.1111110002
42907  -36.891  -29.138  37.317 0.2222220004
43959  -35.762  -28.636  36.094 0.4444440007
39067  -30.946  -33.092  41.777 0.1111110002
138851  -32.976  -33.478  39.989 0.1111110002
39086  -29.945  -33.171  40.830 0.1111110002
130966  -28.909  -33.280  40.039 0.2222220004
39105  -29.698  -33.078  39.996 0.2222220004
39119  -29.152  -32.862  38.842 0.2222220004
43920  -32.966  -28.204  39.674 0.2222220004
137085  -34.173  -26.964  37.966 0.2222220004
40051  -33.665  -32.367  38.404 0.1111110002
42889  -32.360  -29.327  38.940 0.2222220004
40065  -33.044  -32.102  37.845 0.2222220004
40050  -32.317  -32.722  38.121 0.2222220004
40047  -29.718  -32.635  38.453 0.3333329856
40991  -32.536  -31.532  37.337 0.2222220004
44954  -32.293  -27.401  38.750 0.3333329856
41964  -31.733  -30.024  37.037 0.4444440007
44953  -31.648  -27.269  38.241 0.4444440007
43971  -35.495  -28.425  35.035 0.4444440007
43988  -36.600  -28.589  34.135 0.4444440007
41000  -31.987  -31.035  36.890 0.2222220004
40990  -31.922  -31.882  36.946 0.2222220004
136283  -30.389  -31.883  36.613 0.3333329856
40078  -31.100  -31.983  36.872 0.3333329856
42924  -31.120  -29.825  36.139 0.3333329856
43944  -30.546  -27.542  37.113 0.4444440007
53206  -41.351  -18.629  33.754 0.4444440007
53204  -39.383  -18.096  33.521 0.4444440007
55285  -44.010  -16.085  29.215 0.2222220004
56367  -44.664  -15.668  29.407 0.2222220004
119267  -42.922  -16.554  28.617 0.3333329856
55283  -42.751  -16.709  29.506 0.1111110002
140170  -43.570  -15.941  27.645 0.3333329856
56426  -43.880  -15.574  27.069 0.3333329856
126906  -46.524  -13.775  27.243 0.1111110002
139470  -46.269  -13.788  26.676 0.1111110002
58306  -46.809  -13.397  26.617 0.1111110002
131938  -48.787  -11.140  25.595 0.1111110002
69037  -52.770  -2.917  21.185 0.4444440007
69999  -52.557  -1.730  19.283 0.4444440007
72855  -50.747  2.417  24.261 0.2222220004
73848  -50.757  3.027  22.434 0.3333329856
75812  -52.580  4.285  21.734 0.2222220004
75816  -52.508  4.283  21.078 0.3333329856
75813  -53.086  4.640  21.355 0.3333329856
33675  -16.792  -37.813  47.012 0.1111110002
33688  -16.509  -38.137  46.041 0.1111110002
140898  -16.721  -37.884  47.922 0.1111110002
23735  -8.491  -47.214  47.159 0.1111110002
24782  -7.854  -46.193  46.886 0.1111110002
25890  -7.479  -45.645  46.533 0.1111110002
133500  -16.001  -39.135  47.419 0.1111110002
41944  -39.498  -30.586  38.621 0.1111110002
129144  -39.766  -30.716  37.710 0.1111110002
41945  -40.403  -30.750  38.471 0.1111110002
41982  -40.048  -30.559  36.883 0.1111110002
41967  -40.644  -30.716  37.583 0.1111110002
46828  -35.624  -25.141  36.662 0.1111110002
46829  -36.065  -25.612  36.175 0.1111110002
54179  -39.588  -17.742  34.251 0.3333329856
54185  -38.664  -17.779  33.169 0.4444440007
54170  -39.876  -17.364  34.891 0.3333329856
55186  -38.439  -16.539  33.322 0.2222220004
126449  -39.291  -17.046  34.424 0.3333329856
54169  -39.779  -16.686  34.850 0.3333329856
54177  -38.362  -17.098  33.375 0.3333329856
54178  -38.912  -17.410  33.888 0.3333329856
54176  -37.779  -16.834  32.922 0.4444440007
56302  -39.260  -15.967  33.863 0.2222220004
55169  -39.369  -16.388  34.265 0.2222220004
56301  -38.668  -16.062  33.226 0.3333329856
125729  -39.371  -15.890  33.257 0.2222220004
56303  -39.963  -15.807  33.932 0.2222220004
56283  -39.704  -15.992  34.353 0.2222220004
131449  -38.884  -15.935  32.690 0.2222220004
55235  -39.565  -16.085  32.427 0.2222220004
136378  -40.372  -16.487  32.196 0.2222220004
55189  -40.910  -15.915  34.302 0.2222220004
70007  -53.955  -1.287  18.844 0.3333329856
70945  -54.457  -0.593  18.558 0.3333329856
140331  -56.610  0.027  18.063 0.2222220004
130982  -56.639  0.400  17.678 0.3333329856
72925  -56.523  1.505  16.335 0.2222220004
71974  -58.683  0.767  15.300 0.2222220004
72940  -56.758  1.932  15.739 0.2222220004
128218  -57.201  1.964  15.030 0.2222220004
71983  -57.968  1.035  14.886 0.2222220004
72924  -56.099  2.175  16.299 0.3333329856
73905  -56.323  2.881  15.864 0.2222220004
72954  -58.236  1.561  14.325 0.2222220004
73918  -57.037  2.692  15.340 0.2222220004
73919  -57.655  2.324  14.620 0.2222220004
73932  -58.455  2.265  14.138 0.2222220004
74915  -57.593  3.405  15.198 0.2222220004
74929  -58.272  2.983  14.617 0.2222220004
73933  -58.963  2.868  14.174 0.2222220004
73943  -59.191  2.277  13.709 0.3333329856
140332  -58.793  3.428  14.628 0.3333329856
75853  -56.176  4.512  16.466 0.3333329856
74904  -56.079  3.734  16.065 0.2222220004
75859  -56.588  4.240  15.935 0.3333329856
75860  -57.246  4.232  15.703 0.3333329856
75861  -57.942  4.167  15.496 0.3333329856
74916  -58.375  3.739  15.080 0.4444440007
74917  -59.108  3.954  15.044 0.4444440007
74930  -59.406  3.524  14.350 0.4444440007
118026  -56.995  4.756  16.312 0.4444440007
122276  -58.636  4.394  15.554 0.4444440007
75862  -59.466  4.620  15.493 0.4444440007
74931  -60.195  3.761  13.998 0.3333329856
75876  -59.861  4.218  14.811 0.3333329856
75877  -60.704  4.578  14.518 0.4444440007
75845  -57.631  5.263  16.931 0.4444440007
75855  -59.001  5.006  16.118 0.4444440007
76904  -59.919  5.258  16.033 0.4444440007
75863  -60.317  4.921  15.307 0.4444440007
76905  -60.656  5.713  15.703 0.4444440007
76894  -59.403  5.771  16.600 0.3333329856
76895  -60.254  6.061  16.406 0.3333329856
46812  -35.738  -25.116  37.627 0.2222220004
55207  -37.971  -16.328  32.768 0.4444440007
116580  -40.000  -16.599  31.388 0.2222220004
55236  -40.968  -16.815  31.611 0.1111110002
71962  -56.767  0.960  16.963 0.2222220004
76887  -59.764  6.647  16.974 0.3333329856
70947  -56.671  -0.529  18.388 0.2222220004
70946  -55.837  -0.646  18.452 0.2222220004
41981  -39.213  -30.433  36.962 0.1111110002
134882  -53.316  -2.836  20.460 0.3333329856
69055  -53.860  -2.657  19.806 0.3333329856
70008  -54.812  -1.451  18.877 0.3333329856
55187  -38.894  -16.287  33.731 0.2222220004
55208  -40.133  -15.939  33.017 0.2222220004
55209  -41.083  -16.570  32.572 0.2222220004
72941  -57.363  1.352  15.314 0.2222220004
74914  -56.781  3.597  15.635 0.3333329856
75854  -57.966  4.808  16.060 0.4444440007
74938  -59.663  2.958  13.480 0.4444440007
76918  -61.186  5.418  15.001 0.4444440007
76893  -58.538  5.435  16.742 0.3333329856
25860  -11.331  -45.876  50.551 0.1111110002
31509  -10.405  -39.913  48.815 0.1111110002
43909  -35.205  -28.725  40.421 0.1111110002
43938  -36.977  -28.832  38.999 0.1111110002
43923  -35.485  -28.236  39.634 0.1111110002
42904  -27.319  -29.035  37.664 0.2222220004
42890  -36.658  -28.791  38.123 0.1111110002
42885  -27.186  -29.026  38.594 0.1111110002
42886  -27.484  -28.541  39.100 0.1111110002
41880  -27.437  -29.907  42.261 0.1111110002
41890  -27.642  -29.388  42.078 0.1111110002
42853  -27.921  -28.307  41.671 0.1111110002
42852  -27.393  -28.652  41.036 0.1111110002
41905  -27.274  -29.265  41.281 0.1111110002
42870  -27.730  -28.060  40.637 0.1111110002
42869  -27.302  -28.558  40.056 0.1111110002
43933  -28.108  -27.803  39.719 0.1111110002
44942  -28.713  -27.389  39.765 0.1111110002
44952  -28.522  -27.481  38.878 0.1111110002
131990  -28.251  -27.893  41.409 0.1111110002
43919  -28.448  -27.699  40.635 0.1111110002
124922  -29.066  -26.749  39.911 0.1111110002
45959  -37.337  -26.218  34.587 0.1111110002
48645  -41.411  -23.335  34.632 0.1111110002
48632  -41.789  -23.116  35.370 0.1111110002
119253  -38.550  -26.087  34.157 0.2222220004
47746  -39.638  -24.667  34.127 0.1111110002
132228  -40.892  -23.913  34.284 0.1111110002
53197  -41.290  -18.310  34.847 0.1111110002
128254  -41.192  -18.051  35.772 0.1111110002
138404  -41.750  -18.178  35.981 0.1111110002
117472  -40.398  -18.089  34.536 0.2222220004
54154  -41.312  -17.037  36.631 0.1111110002
53196  -40.569  -17.689  35.312 0.1111110002
53187  -40.872  -17.364  35.975 0.1111110002
54153  -40.814  -16.597  35.936 0.1111110002
55144  -41.453  -16.411  36.486 0.1111110002
56261  -41.067  -16.086  36.074 0.1111110002
54162  -40.276  -16.999  35.426 0.1111110002
56262  -41.516  -15.950  36.292 0.1111110002
56272  -41.154  -15.895  35.812 0.1111110002
56271  -40.779  -16.083  35.541 0.1111110002
55170  -39.841  -16.209  34.706 0.1111110002
56274  -42.215  -15.864  36.432 0.1111110002
56285  -41.001  -15.853  35.220 0.1111110002
56284  -40.278  -15.944  34.777 0.1111110002
55146  -43.340  -16.066  36.427 0.1111110002
56273  -41.744  -15.859  35.600 0.1111110002
55159  -42.862  -16.157  35.512 0.1111110002
121443  -43.936  -16.427  35.327 0.1111110002
55171  -41.559  -15.919  34.820 0.1111110002
55172  -42.458  -16.235  34.696 0.1111110002
55190  -41.972  -16.338  34.025 0.1111110002
62397  -52.274  -9.095  24.034 0.1111110002
65211  -54.387  -6.716  23.589 0.1111110002
65210  -53.790  -6.431  23.266 0.1111110002
64276  -54.240  -7.470  23.945 0.1111110002
63325  -53.189  -8.166  23.572 0.1111110002
64275  -53.754  -7.970  23.836 0.1111110002
65212  -55.093  -6.161  23.655 0.1111110002
66130  -54.566  -5.903  23.355 0.1111110002
67124  -54.521  -4.864  23.292 0.1111110002
63324  -52.458  -8.495  23.454 0.1111110002
129214  -53.084  -6.786  23.096 0.1111110002
64287  -53.628  -7.347  23.436 0.1111110002
134240  -55.203  -3.417  23.227 0.1111110002
67123  -53.569  -4.725  23.323 0.1111110002
67125  -55.487  -4.350  23.283 0.1111110002
118984  -54.797  -1.722  23.146 0.1111110002
69022  -54.487  -2.723  23.247 0.1111110002
66128  -53.009  -5.966  23.066 0.1111110002
68101  -54.497  -3.707  23.311 0.1111110002
121013  -53.668  -3.918  23.409 0.1111110002
64285  -51.803  -8.137  23.050 0.1111110002
69966  -55.437  -0.932  23.215 0.1111110002
63323  -51.050  -8.476  23.072 0.1111110002
64286  -52.608  -7.562  23.130 0.1111110002
69031  -54.042  -2.255  22.941 0.1111110002
69965  -54.795  -0.691  22.767 0.1111110002
63341  -51.168  -7.855  22.797 0.2222220004
68100  -53.769  -3.025  23.261 0.1111110002
117288  -54.590  -0.796  21.827 0.1111110002
69981  -54.290  -1.415  21.944 0.1111110002
70915  -54.940  -0.089  21.884 0.1111110002
71910  -55.619  0.605  21.847 0.1111110002
126175  -51.178  -6.522  22.390 0.2222220004
67133  -52.264  -4.343  22.826 0.1111110002
67134  -52.972  -4.168  23.075 0.2222220004
68110  -53.135  -3.383  22.864 0.1111110002
69982  -54.978  -0.909  21.493 0.1111110002
70916  -55.559  -0.354  21.534 0.1111110002
70924  -57.270  -0.680  20.879 0.1111110002
69039  -54.262  -2.443  21.377 0.1111110002
69991  -54.741  -1.746  21.472 0.1111110002
70917  -56.324  0.131  21.498 0.1111110002
71912  -57.275  0.752  21.563 0.1111110002
72882  -59.649  1.400  20.628 0.1111110002
73864  -60.097  2.372  20.967 0.1111110002
68108  -51.913  -3.777  22.294 0.2222220004
68123  -52.921  -3.067  22.044 0.2222220004
69030  -53.490  -2.753  22.537 0.1111110002
72874  -59.343  1.998  21.461 0.1111110002
68122  -52.201  -3.301  21.669 0.2222220004
69038  -53.498  -2.709  21.459 0.2222220004
69048  -54.844  -2.517  20.681 0.1111110002
70923  -56.441  -1.095  21.002 0.1111110002
71920  -58.560  0.450  21.043 0.1111110002
134454  -55.741  -1.343  21.124 0.1111110002
71921  -59.300  0.519  20.429 0.1111110002
69056  -54.689  -2.598  19.929 0.1111110002
69049  -55.400  -2.312  20.120 0.1111110002
131763  -56.444  -1.664  19.449 0.1111110002
70936  -57.808  -1.066  19.936 0.1111110002
71936  -59.439  0.335  18.724 0.1111110002
122602  -59.511  0.753  17.850 0.1111110002
70002  -55.157  -2.083  19.445 0.1111110002
70003  -55.824  -2.005  19.606 0.1111110002
70004  -57.183  -1.201  19.113 0.1111110002
70948  -58.058  -0.848  18.963 0.1111110002
70949  -58.770  -0.309  18.789 0.1111110002
132057  -56.378  -1.147  18.808 0.1111110002
71935  -58.015  -0.270  18.093 0.1111110002
71947  -58.947  0.537  17.149 0.1111110002
70001  -54.348  -2.126  19.302 0.2222220004
70009  -55.684  -1.484  18.932 0.1111110002
127718  -57.443  -0.642  18.494 0.1111110002
71945  -57.391  0.324  17.484 0.2222220004
71934  -57.129  -0.084  18.057 0.1111110002
71946  -58.199  0.261  17.312 0.1111110002
71964  -58.316  0.505  16.635 0.1111110002
72926  -57.125  1.142  16.127 0.1111110002
71973  -57.934  0.763  15.836 0.1111110002
131977  -59.765  2.251  13.190 0.1111110002
132240  -55.175  -0.836  18.578 0.1111110002
72963  -58.853  1.752  13.892 0.2222220004
69959  -49.951  -1.483  25.260 0.1111110002
123838  -49.346  -0.715  24.787 0.1111110002
70886  -50.307  0.099  25.399 0.1111110002
71890  -50.537  1.070  25.323 0.1111110002
72837  -51.136  1.313  25.827 0.1111110002
73823  -51.460  2.174  25.667 0.1111110002
73825  -52.595  3.023  26.110 0.1111110002
73810  -53.111  2.597  26.939 0.1111110002
72847  -50.845  1.935  25.115 0.1111110002
73824  -51.937  2.892  25.419 0.1111110002
72846  -50.344  1.652  24.552 0.1111110002
74816  -53.401  3.412  26.545 0.1111110002
74829  -53.135  3.768  25.597 0.1111110002
76856  -56.203  6.132  20.304 0.2222220004
75818  -54.856  5.485  19.982 0.2222220004
76857  -56.982  6.442  20.101 0.2222220004
76896  -60.796  6.386  16.006 0.1111110002
76919  -62.104  5.989  14.719 0.1111110002
77907  -61.057  6.964  15.911 0.1111110002
77871  -57.837  6.827  20.325 0.1111110002
77906  -60.378  6.928  16.607 0.1111110002
77914  -61.932  6.641  15.310 0.1111110002
77908  -61.684  7.439  15.415 0.1111110002
77926  -62.164  6.718  14.674 0.1111110002
77872  -58.732  7.510  20.434 0.1111110002
78906  -62.056  7.276  14.603 0.1111110002
71911  -56.178  1.076  21.793 0.1111110002
74865  -60.955  3.155  21.082 0.1111110002
71905  -55.409  0.543  22.196 0.1111110002
72881  -58.984  1.219  21.222 0.1111110002
71913  -58.177  1.273  21.618 0.1111110002
72897  -60.427  1.780  18.389 0.1111110002
72888  -60.325  1.734  19.282 0.1111110002
121867  -60.042  1.329  17.855 0.1111110002
116592  -38.489  -25.662  33.724 0.2222220004
46860  -39.208  -25.571  34.242 0.1111110002
43932  -28.057  -28.082  38.730 0.1111110002
118596  -27.776  -28.541  38.161 0.1111110002
71889  -50.088  0.905  24.822 0.1111110002
76864  -55.678  5.721  19.777 0.2222220004
47747  -40.444  -24.511  34.504 0.1111110002
67122  -52.943  -5.052  23.141 0.1111110002
118411  -36.061  -28.418  38.128 0.1111110002
43937  -36.169  -28.457  38.836 0.1111110002
136594  -11.547  -45.916  50.699 0.1111110002
73835  -51.322  2.667  24.840 0.1111110002
55188  -40.665  -16.020  33.490 0.1111110002
69047  -54.123  -2.718  20.540 0.2222220004
123170  -41.520  -16.398  33.359 0.1111110002
43924  -36.317  -28.567  39.507 0.1111110002
41942  -27.068  -29.123  39.453 0.1111110002
42887  -27.654  -28.149  39.651 0.1111110002
41906  -27.752  -28.857  41.906 0.1111110002
42836  -28.333  -28.519  42.457 0.1111110002
47748  -41.265  -24.266  34.896 0.1111110002
133861  -41.734  -23.718  35.237 0.1111110002
66129  -53.763  -5.547  23.258 0.1111110002
69975  -54.361  -1.438  22.523 0.1111110002
65225  -51.617  -7.289  22.810 0.2222220004
69974  -53.962  -2.229  22.179 0.1111110002
70914  -54.535  -0.611  22.142 0.1111110002
68109  -52.548  -3.566  22.511 0.2222220004
69992  -55.410  -1.973  20.925 0.1111110002
70925  -58.176  -0.383  20.684 0.1111110002
69983  -56.122  -1.829  20.358 0.1111110002
70926  -58.871  -0.125  20.329 0.1111110002
70938  -59.225  0.001  19.593 0.1111110002
72887  -59.833  0.859  19.646 0.1111110002
69993  -56.996  -1.453  20.171 0.1111110002
70937  -58.574  -0.588  19.701 0.1111110002
119119  -58.847  0.170  17.966 0.1111110002
71963  -57.612  0.632  16.712 0.1111110002
73809  -52.438  2.154  26.635 0.1111110002
76855  -55.456  5.833  20.616 0.2222220004
76906  -61.442  6.207  15.460 0.1111110002
59209  -41.142  -11.172  34.966 0.1111110002
60360  -40.377  -10.810  34.657 0.1111110002
59210  -41.957  -11.393  35.298 0.1111110002
60359  -39.613  -10.511  34.373 0.1111110002
60374  -40.265  -10.879  34.096 0.1111110002
59220  -41.047  -11.125  34.304 0.1111110002
60373  -39.665  -10.662  33.958 0.1111110002
59238  -40.183  -10.820  33.528 0.1111110002
59239  -41.029  -11.005  33.709 0.1111110002
141077  -40.554  -10.767  32.844 0.1111110002
59197  -42.194  -11.386  36.300 0.1111110002
59188  -42.199  -11.304  37.385 0.1111110002
59189  -42.849  -11.694  37.063 0.1111110002
60348  -40.525  -10.662  35.364 0.1111110002
59196  -41.300  -10.988  35.794 0.1111110002
59187  -41.437  -10.843  36.814 0.1111110002
60334  -39.989  -10.150  35.778 0.1111110002
60335  -40.683  -10.420  36.254 0.1111110002
60314  -40.232  -9.846  37.765 0.1111110002
60326  -40.881  -10.207  37.266 0.1111110002
46790  -35.918  -24.916  39.618 0.1111110002
59260  -39.686  -10.682  32.959 0.1111110002
59275  -40.277  -10.642  32.149 0.1111110002
58189  -34.908  -14.437  36.980 0.1111110002
58168  -35.333  -13.746  37.582 0.1111110002
59185  -34.855  -12.589  37.376 0.1111110002
58188  -34.698  -13.585  36.744 0.1111110002
60298  -35.605  -11.735  39.359 0.1111110002
135068  -35.743  -11.419  38.705 0.1111110002
60322  -35.221  -11.478  37.590 0.1111110002
59195  -34.579  -12.467  36.644 0.1111110002
60323  -35.867  -10.526  37.572 0.1111110002
60332  -35.554  -10.534  36.864 0.1111110002
72974  -61.169  1.962  12.443 0.1111110002
72973  -60.847  2.351  12.454 0.2222220004
74939  -60.514  3.326  13.049 0.2222220004
75814  -53.834  5.019  21.723 0.1111110002
76851  -55.355  5.868  21.602 0.1111110002
76852  -56.100  6.242  21.151 0.1111110002
77866  -56.949  6.506  21.581 0.1111110002
117283  -53.675  4.939  20.751 0.1111110002
76854  -54.544  5.444  20.983 0.1111110002
134999  -56.720  6.401  20.790 0.1111110002
75817  -54.159  5.160  20.168 0.1111110002
73952  -60.934  2.915  12.269 0.2222220004
75890  -61.031  4.180  13.618 0.2222220004
74940  -61.311  3.743  12.667 0.2222220004
77870  -57.373  6.632  20.908 0.1111110002
60331  -34.913  -11.398  36.699 0.1111110002
73944  -60.305  2.594  12.809 0.2222220004
76848  -56.116  6.290  22.100 0.1111110002
140380  -34.761  -14.767  36.926 0.1111110002
58178  -35.238  -14.224  37.316 0.1111110002
58177  -34.936  -13.419  37.181 0.1111110002
59171  -35.232  -12.063  38.245 0.1111110002
59156  -35.310  -12.432  38.725 0.1111110002
72966  -61.918  1.977  12.276 0.1111110002
32581  -10.777  -39.268  48.646 0.1111110002
118504  -21.625  -35.570  44.046 0.1111110002
36876  -21.421  -35.578  43.251 0.1111110002
132684  -22.444  -35.821  44.175 0.1111110002
36855  -23.456  -36.032  45.463 0.1111110002
36877  -22.199  -35.766  43.415 0.1111110002
138888  -22.826  -36.100  43.572 0.1111110002
35823  -23.701  -36.387  44.784 0.1111110002
35857  -22.843  -36.148  42.699 0.1111110002
35846  -23.482  -36.439  43.406 0.1111110002
116987  -23.995  -36.617  44.036 0.1111110002
35870  -23.557  -36.376  41.910 0.1111110002
35858  -23.720  -36.508  42.716 0.1111110002
38954  -16.726  -33.127  45.652 0.1111110002
127181  -16.793  -32.390  45.000 0.2222220004
39008  -17.753  -32.434  44.431 0.2222220004
39979  -18.335  -32.038  42.947 0.2222220004
39996  -18.176  -31.508  42.259 0.2222220004
39030  -18.812  -32.593  43.395 0.1111110002
39997  -19.119  -31.546  42.000 0.2222220004
40927  -19.610  -31.009  41.336 0.2222220004
40959  -23.490  -31.865  39.056 0.1111110002
136416  -25.335  -32.064  39.228 0.1111110002
40976  -25.430  -31.552  38.199 0.1111110002
40974  -23.653  -31.332  38.161 0.1111110002
41938  -23.952  -30.745  37.494 0.1111110002
40989  -24.914  -30.877  37.443 0.1111110002
41940  -26.512  -30.305  38.259 0.1111110002
41963  -26.803  -29.587  38.027 0.1111110002
45960  -38.213  -26.384  34.663 0.1111110002
52200  -37.648  -19.288  38.208 0.1111110002
55262  -42.313  -16.849  30.154 0.1111110002
56352  -44.831  -15.744  30.250 0.1111110002
137301  -45.566  -15.325  30.279 0.1111110002
73989  -63.953  2.721  9.457 0.1111110002
73005  -62.803  1.554  9.320 0.1111110002
124577  -63.264  2.333  9.121 0.1111110002
136710  -61.870  1.397  9.286 0.1111110002
73987  -61.898  3.335  8.755 0.1111110002
74972  -61.386  4.033  8.830 0.1111110002
74973  -62.473  4.146  9.120 0.1111110002
74974  -64.137  3.638  9.693 0.1111110002
75927  -63.966  4.199  10.176 0.1111110002
140265  -51.861  3.484  23.862 0.1111110002
74846  -52.302  3.803  23.428 0.1111110002
74852  -52.224  3.948  22.461 0.1111110002
74845  -51.466  3.403  23.090 0.1111110002
74946  -61.654  3.478  11.860 0.1111110002
73954  -62.738  2.830  11.745 0.1111110002
75891  -61.737  4.750  13.174 0.1111110002
75901  -61.826  4.325  12.238 0.1111110002
74952  -63.261  3.811  11.141 0.1111110002
75914  -63.371  4.288  10.548 0.1111110002
74953  -63.891  3.751  10.760 0.1111110002
75940  -63.463  4.242  9.620 0.1111110002
131357  -63.351  4.502  10.175 0.1111110002
131770  -61.810  4.522  9.360 0.1111110002
74841  -52.412  3.728  24.234 0.1111110002
74853  -52.838  4.137  23.074 0.1111110002
75912  -62.168  4.489  11.674 0.1111110002
75913  -62.676  4.589  11.104 0.1111110002
75926  -62.805  4.714  10.604 0.1111110002
75939  -62.621  4.678  9.928 0.1111110002
75925  -61.560  4.968  10.033 0.1111110002
128659  -62.240  4.967  10.594 0.1111110002
75892  -62.099  5.344  12.667 0.1111110002
119274  -62.033  5.276  11.864 0.1111110002
76977  -62.129  5.078  11.307 0.1111110002
76920  -62.281  6.240  14.086 0.1111110002
39029  -17.813  -32.060  43.608 0.2222220004
40943  -18.958  -30.334  40.746 0.2222220004
40973  -22.566  -31.112  38.565 0.1111110002
40975  -24.502  -31.373  37.892 0.1111110002
41939  -25.877  -30.797  37.668 0.1111110002
35847  -24.392  -36.686  43.225 0.1111110002
75878  -61.565  5.114  14.148 0.1111110002
73841  -51.286  3.067  24.004 0.1111110002
76937  -62.169  5.665  13.744 0.1111110002
36867  -23.209  -36.242  44.174 0.1111110002
128046  -18.377  -32.995  44.576 0.2222220004
40960  -24.485  -31.888  38.635 0.1111110002
40977  -26.336  -31.110  38.500 0.1111110002
73988  -63.233  3.336  9.019 0.1111110002
118134  -62.263  2.304  8.944 0.1111110002
73963  -62.377  3.611  11.545 0.1111110002
131622  -18.444  -32.656  43.978 0.1111110002
39980  -19.176  -32.315  42.594 0.1111110002
119839  -19.823  -32.157  41.811 0.1111110002
30482  -6.751  -41.176  47.475 0.1111110002
33674  -16.236  -38.683  46.781 0.1111110002
35807  -17.663  -36.610  46.353 0.2222220004
35872  -24.921  -36.488  42.062 0.2222220004
38050  -22.660  -34.437  37.554 0.8888890147
39040  -30.382  -33.122  42.338 0.1111110002
39107  -33.315  -33.371  39.298 0.1111110002
39120  -32.801  -33.090  38.754 0.1111110002
39130  -22.747  -33.918  36.985 0.7777780294
40062  -29.647  -32.418  37.660 0.3333329856
40074  -23.879  -32.916  35.722 0.8888890147
40083  -22.723  -32.002  35.461 0.7777780294
40098  -26.681  -31.987  34.587 0.8888890147
40924  -17.189  -30.971  40.928 0.6666669846
40972  -19.231  -30.808  37.910 0.7777780294
41913  -18.398  -30.383  39.304 0.4444440007
41980  -31.401  -30.608  36.369 0.3333329856
41987  -22.327  -30.322  35.352 0.7777780294
42003  -30.167  -29.879  34.598 0.7777780294
42016  -27.364  -30.163  32.869 0.8888890147
44005  -26.757  -28.936  33.036 0.8888890147
45973  -28.863  -27.119  33.762 0.8888890147
46775  -29.659  -25.555  40.048 0.1111110002
49559  -41.911  -21.764  30.690 0.7777780294
51377  -34.461  -20.343  30.141 1.0000000000
52244  -42.881  -19.101  34.688 0.2222220004
52305  -34.123  -19.683  29.562 1.0000000000
53213  -40.113  -18.491  32.882 0.5555559993
53218  -32.601  -18.043  30.629 1.0000000000
54168  -38.819  -16.765  33.898 0.3333329856
54201  -32.877  -17.472  30.018 1.0000000000
55158  -40.279  -16.404  35.188 0.1111110002
56353  -46.097  -15.057  30.635 0.1111110002
58243  -42.623  -12.312  31.505 0.1111110002
58245  -43.881  -12.522  31.002 0.1111110002
58283  -44.042  -13.249  28.842 0.2222220004
59186  -35.206  -12.949  37.919 0.1111110002
63320  -41.760  -8.565  24.116 0.8888890147
65166  -50.878  -6.668  27.066 0.1111110002
72953  -57.610  1.605  14.720 0.2222220004
119289  -30.764  -31.512  36.290 0.4444440007
120086  -27.935  -31.389  34.091 0.8888890147
122118  -34.148  -13.908  28.410 1.0000000000
125221  -27.952  -25.337  35.709 0.7777780294
125375  -6.266  -41.073  43.919 0.1111110002
126198  -43.913  -14.604  25.226 0.6666669846
126713  -49.048  -6.639  25.528 0.1111110002
132268  -42.516  -12.114  32.540 0.1111110002
133206  -13.081  -43.201  46.943 0.7777780294
133568  -27.457  -33.577  39.221 0.3333329856
135161  -30.368  -32.185  37.194 0.3333329856
135450  -37.393  -20.862  31.897 0.6666669846
137202  -52.000  2.417  26.113 0.1111110002
137638  -37.207  -25.186  30.725 0.8888890147
137797  -16.251  -34.113  47.337 0.1111110002
138204  -28.623  -27.889  33.237 0.8888890147
138370  -29.020  -29.693  33.220 0.8888890147
138870  -27.575  -33.109  36.786 0.5555559993
139362  -30.481  -30.123  35.156 0.4444440007
140026  -27.027  -33.492  37.828 0.5555559993
140052  -26.435  -29.130  35.382 0.6666669846
140521  -20.845  -30.918  40.131 0.1111110002
140527  -34.620  -16.077  36.875 0.2222220004
141196  -50.494  1.207  19.843 0.6666669846
