#!ascii label  , from subject sub-v1s12x0050109_ses-1 vox2ras=TkReg
10224
53044  -25.255  -18.522  48.745 1.0000000000
53061  -25.986  -18.825  47.930 1.0000000000
53007  -21.840  -18.787  50.080 1.0000000000
117482  -24.987  -18.478  47.848 1.0000000000
53025  -21.870  -18.613  49.253 1.0000000000
52073  -20.870  -19.986  51.862 1.0000000000
52084  -21.517  -19.310  51.824 1.0000000000
52083  -20.878  -19.578  51.305 1.0000000000
52091  -21.353  -19.162  50.921 1.0000000000
140878  -21.344  -18.806  49.409 1.0000000000
53040  -22.184  -18.485  48.595 1.0000000000
127896  -21.405  -18.601  48.741 1.0000000000
41755  -7.399  -30.588  55.806 0.3750000000
121332  -31.928  -22.545  50.255 1.0000000000
50266  -31.990  -22.509  50.455 0.8750000000
50287  -30.535  -21.828  49.551 1.0000000000
50275  -30.271  -21.846  50.159 1.0000000000
51198  -30.053  -21.311  49.136 1.0000000000
51197  -29.479  -20.897  48.674 1.0000000000
51157  -21.015  -20.903  53.532 1.0000000000
52116  -28.090  -20.098  47.765 1.0000000000
51171  -20.715  -20.524  52.569 1.0000000000
52115  -26.907  -19.256  48.041 1.0000000000
125448  -27.363  -19.677  47.446 1.0000000000
52122  -26.631  -19.267  47.180 1.0000000000
52090  -20.345  -19.569  50.561 1.0000000000
123182  -25.410  -18.627  47.231 1.0000000000
53006  -20.939  -19.143  49.943 1.0000000000
53058  -22.636  -18.362  47.754 1.0000000000
53057  -21.569  -18.400  47.833 1.0000000000
54014  -22.806  -18.218  46.946 1.0000000000
54028  -23.315  -18.092  46.442 1.0000000000
123918  -6.574  -30.442  55.668 0.5000000000
46633  -20.889  -25.493  57.066 1.0000000000
49396  -34.480  -22.539  50.571 1.0000000000
47601  -39.973  -24.545  49.172 0.7500000000
46690  -40.309  -25.548  48.833 0.6250000000
48470  -20.624  -24.044  56.459 1.0000000000
49395  -33.655  -22.480  50.301 1.0000000000
46700  -41.032  -25.676  48.361 0.6250000000
129127  -41.385  -25.018  48.285 0.6250000000
136034  -19.948  -22.975  55.001 1.0000000000
50277  -31.930  -22.544  49.597 1.0000000000
47619  -41.872  -24.785  47.882 0.7500000000
50201  -19.302  -22.127  53.603 1.0000000000
50202  -20.427  -21.964  54.132 1.0000000000
50288  -31.261  -22.236  49.190 1.0000000000
50218  -20.123  -21.611  53.307 1.0000000000
50219  -20.966  -21.400  54.098 1.0000000000
51206  -30.041  -21.392  48.156 1.0000000000
51156  -20.227  -21.144  52.766 1.0000000000
51196  -28.806  -20.510  48.197 1.0000000000
137662  -20.216  -19.997  51.213 1.0000000000
52072  -20.056  -20.490  51.713 1.0000000000
52089  -19.419  -19.563  50.106 1.0000000000
53071  -25.946  -18.908  46.875 1.0000000000
53005  -19.988  -19.297  49.654 1.0000000000
118247  -24.779  -18.417  47.006 1.0000000000
53070  -25.341  -18.640  46.493 1.0000000000
53078  -24.692  -18.370  46.159 1.0000000000
53039  -20.829  -18.553  48.292 1.0000000000
53069  -24.047  -18.277  46.719 1.0000000000
54029  -23.955  -18.082  45.859 1.0000000000
54013  -22.083  -18.188  46.990 1.0000000000
41756  -8.037  -30.810  55.792 0.3750000000
42711  -8.994  -29.609  55.109 0.3750000000
43781  -9.665  -28.442  53.593 0.3750000000
42703  -5.649  -29.447  55.575 0.3750000000
41754  -5.909  -30.024  55.546 0.3750000000
42705  -6.819  -29.723  55.836 0.5000000000
42710  -8.344  -29.192  55.423 0.3750000000
139635  -8.921  -28.789  54.972 0.3750000000
44786  -10.186  -27.666  53.843 0.3750000000
43750  -5.429  -28.784  55.750 0.2500000000
42706  -7.622  -29.730  55.794 0.3750000000
137386  -5.405  -28.898  53.026 0.2500000000
43793  -5.047  -28.686  51.396 0.2500000000
43748  -19.272  -28.321  57.351 0.8750000000
125053  -19.313  -28.271  56.696 0.8750000000
45685  -19.327  -27.289  58.020 0.8750000000
124149  -20.002  -27.468  57.489 1.0000000000
44764  -20.524  -27.601  57.116 1.0000000000
43760  -20.092  -27.983  56.644 1.0000000000
46626  -19.571  -25.965  57.544 1.0000000000
46627  -20.450  -26.180  57.366 1.0000000000
45689  -20.644  -26.951  57.348 1.0000000000
46631  -18.962  -25.468  56.974 1.0000000000
47544  -19.198  -24.973  56.373 1.0000000000
46632  -20.043  -25.440  57.007 1.0000000000
118749  -40.768  -24.781  48.695 0.7500000000
47551  -18.541  -24.578  55.741 1.0000000000
47552  -19.602  -24.422  55.875 1.0000000000
49405  -33.583  -23.128  49.396 1.0000000000
47608  -40.492  -23.823  48.959 0.7500000000
47609  -41.363  -24.153  48.439 0.7500000000
129725  -42.032  -24.080  47.968 0.7500000000
49343  -19.561  -22.584  54.283 1.0000000000
49404  -32.601  -22.936  49.123 1.0000000000
48551  -41.781  -23.382  48.263 0.7500000000
48552  -42.319  -23.530  47.573 0.7500000000
136770  -18.957  -21.747  53.106 1.0000000000
49416  -31.794  -22.644  47.938 1.0000000000
136185  -31.367  -22.336  48.483 1.0000000000
50233  -19.149  -21.361  52.589 1.0000000000
141201  -18.774  -20.953  52.060 1.0000000000
52124  -27.830  -20.181  46.828 1.0000000000
51205  -28.612  -20.660  47.113 1.0000000000
52082  -19.457  -20.260  51.220 1.0000000000
52081  -18.458  -20.000  51.106 1.0000000000
118129  -19.393  -19.892  50.701 1.0000000000
52123  -27.109  -19.742  46.519 1.0000000000
53038  -19.995  -18.630  48.244 1.0000000000
52129  -26.417  -19.302  46.280 1.0000000000
53024  -20.598  -18.851  49.033 1.0000000000
53056  -20.523  -18.369  47.577 1.0000000000
119245  -25.843  -18.948  46.151 1.0000000000
43753  -7.193  -28.779  55.913 0.5000000000
43763  -7.906  -28.605  55.746 0.5000000000
48494  -6.737  -24.473  53.346 0.5000000000
48485  -6.198  -24.825  53.911 0.5000000000
43752  -6.407  -28.799  55.954 0.5000000000
44787  -10.906  -27.284  54.471 0.5000000000
47562  -5.702  -25.178  53.464 0.5000000000
134895  -4.661  -25.971  54.145 0.5000000000
45697  -4.736  -26.586  54.679 0.3750000000
43749  -5.003  -28.208  55.853 0.2500000000
43764  -8.658  -28.259  55.377 0.3750000000
129285  -5.303  -25.512  53.149 0.3750000000
122388  -4.883  -25.914  53.343 0.3750000000
44797  -4.967  -27.303  53.564 0.2500000000
43765  -15.358  -28.111  55.967 0.7500000000
49351  -7.658  -23.596  53.284 0.5000000000
45715  -5.029  -26.579  51.978 0.2500000000
43782  -4.955  -27.905  51.958 0.2500000000
42707  -16.866  -28.707  57.451 0.8750000000
43756  -15.776  -28.362  56.719 0.8750000000
44783  -15.865  -27.937  55.276 0.6250000000
50210  -8.372  -22.763  53.236 0.6250000000
44831  -4.920  -27.097  51.519 0.2500000000
43741  -18.736  -28.449  58.070 0.8750000000
42702  -18.085  -28.447  57.077 0.8750000000
43758  -18.133  -28.349  56.430 0.8750000000
43766  -17.138  -28.063  55.353 0.8750000000
50244  -8.663  -22.874  51.693 0.6250000000
44848  -4.962  -26.931  49.670 0.2500000000
43806  -4.840  -27.733  50.099 0.2500000000
45684  -18.482  -26.903  58.644 0.8750000000
44753  -18.815  -27.845  58.473 0.8750000000
50245  -8.859  -22.713  51.763 0.6250000000
46621  -19.088  -26.392  58.044 1.0000000000
46625  -18.694  -25.721  57.736 1.0000000000
50258  -9.205  -22.393  50.014 0.5000000000
46630  -18.062  -25.338  57.141 1.0000000000
47543  -18.281  -25.035  56.353 1.0000000000
49397  -35.457  -23.033  50.008 1.0000000000
48543  -40.491  -23.050  49.074 0.7500000000
50270  -9.832  -22.229  49.332 0.5000000000
47550  -17.762  -24.647  55.931 1.0000000000
48479  -17.804  -24.034  55.429 1.0000000000
48480  -19.001  -23.755  55.047 1.0000000000
138296  -19.247  -23.091  54.620 1.0000000000
119535  -34.547  -22.845  49.838 1.0000000000
48544  -41.077  -23.236  48.724 0.7500000000
49327  -17.894  -23.351  54.971 1.0000000000
49342  -18.543  -22.982  54.510 1.0000000000
49424  -41.526  -22.591  48.496 0.7500000000
49434  -42.191  -22.728  47.930 0.7500000000
53075  -42.449  -19.185  46.191 0.6250000000
53074  -42.349  -18.139  46.732 0.3750000000
49341  -17.428  -22.578  54.863 1.0000000000
50200  -17.263  -21.907  54.237 1.0000000000
117967  -18.111  -21.933  53.496 1.0000000000
49417  -32.479  -22.930  48.155 1.0000000000
50216  -17.196  -21.440  53.568 1.0000000000
50217  -18.025  -21.465  52.947 1.0000000000
51180  -19.083  -20.626  51.603 1.0000000000
134257  -29.919  -21.594  47.173 1.0000000000
51155  -17.215  -20.970  52.995 1.0000000000
51168  -17.231  -20.409  52.530 1.0000000000
51179  -17.990  -20.394  51.866 1.0000000000
50312  -29.221  -21.341  46.617 1.0000000000
138854  -29.879  -21.764  46.380 1.0000000000
50314  -31.087  -22.207  46.133 1.0000000000
52088  -18.452  -19.487  50.234 1.0000000000
51212  -28.246  -20.738  46.244 1.0000000000
50325  -28.744  -21.268  45.878 1.0000000000
50326  -29.527  -21.686  45.636 1.0000000000
52097  -18.980  -19.171  49.541 1.0000000000
53023  -19.521  -18.833  48.950 1.0000000000
51219  -28.151  -20.948  45.372 1.0000000000
124937  -30.240  -21.867  45.106 1.0000000000
50342  -30.598  -21.663  44.347 1.0000000000
50343  -31.642  -21.503  44.116 1.0000000000
53022  -18.539  -18.602  48.972 1.0000000000
52130  -26.905  -19.722  45.439 1.0000000000
51218  -27.563  -20.451  44.877 1.0000000000
50340  -28.831  -21.452  44.987 1.0000000000
50351  -29.971  -21.443  43.716 1.0000000000
50352  -30.898  -21.306  43.497 1.0000000000
51239  -31.139  -20.841  42.913 0.8750000000
54012  -21.115  -18.106  46.902 1.0000000000
125198  -25.901  -18.826  44.935 1.0000000000
52137  -27.047  -19.871  44.323 1.0000000000
51226  -27.674  -20.509  43.860 1.0000000000
51237  -28.487  -20.922  43.394 1.0000000000
125232  -29.336  -21.139  43.177 1.0000000000
122629  -20.076  -18.038  46.792 1.0000000000
53089  -25.311  -18.525  44.663 1.0000000000
52142  -26.516  -19.406  43.780 1.0000000000
51236  -27.835  -20.448  42.923 1.0000000000
133780  -28.594  -20.618  42.602 1.0000000000
54026  -21.683  -17.875  46.239 1.0000000000
54044  -22.154  -17.636  45.558 1.0000000000
54045  -23.106  -17.735  45.512 1.0000000000
53098  -24.543  -18.147  44.232 1.0000000000
53100  -26.023  -18.906  43.331 1.0000000000
52143  -27.134  -19.977  43.344 1.0000000000
52149  -27.359  -19.864  42.452 1.0000000000
54057  -22.460  -17.451  44.752 1.0000000000
116653  -23.835  -17.757  44.196 1.0000000000
53099  -25.341  -18.532  43.764 1.0000000000
54058  -23.243  -17.568  44.525 1.0000000000
125594  -23.423  -17.421  43.713 1.0000000000
54069  -24.787  -18.145  43.265 1.0000000000
44768  -7.850  -27.709  56.153 0.5000000000
44778  -8.368  -27.855  55.848 0.5000000000
49332  -7.024  -23.967  54.760 0.5000000000
121564  -5.280  -28.098  56.154 0.3750000000
43742  -6.305  -27.863  56.319 0.5000000000
44780  -10.035  -27.335  55.998 0.3750000000
44781  -11.759  -27.185  55.039 0.6250000000
138588  -12.497  -27.035  54.781 0.6250000000
49350  -7.142  -24.017  53.740 0.5000000000
48476  -6.325  -24.238  55.341 0.5000000000
47549  -5.730  -24.483  55.702 0.5000000000
138848  -4.760  -26.022  54.912 0.5000000000
44777  -4.848  -27.354  55.492 0.2500000000
132835  -5.287  -27.322  56.499 0.3750000000
117157  -11.759  -27.295  55.988 0.7500000000
44782  -12.582  -27.175  55.576 0.6250000000
117980  -13.277  -27.027  55.064 0.6250000000
49333  -7.626  -23.496  54.108 0.5000000000
49317  -7.472  -23.431  55.048 0.5000000000
116604  -14.376  -28.771  58.345 0.8750000000
123720  -14.614  -28.618  57.475 0.7500000000
43754  -14.205  -28.396  56.861 0.7500000000
117730  -14.159  -27.215  55.301 0.6250000000
49334  -7.976  -22.977  54.387 0.6250000000
117092  -7.912  -22.988  55.171 0.6250000000
42695  -15.544  -29.060  59.161 0.8750000000
42694  -14.974  -29.063  58.842 0.8750000000
42700  -16.619  -28.994  58.016 0.8750000000
117321  -15.304  -28.631  57.297 0.8750000000
50211  -8.586  -22.610  53.356 0.6250000000
50196  -8.353  -22.760  53.919 0.6250000000
49335  -8.448  -22.762  54.674 0.6250000000
49319  -8.364  -22.930  55.632 0.6250000000
43728  -16.918  -27.811  59.836 0.8750000000
122945  -16.598  -28.362  59.635 0.8750000000
117609  -17.747  -28.537  58.502 0.8750000000
42697  -17.150  -28.875  58.232 0.8750000000
43735  -17.424  -28.119  59.253 0.8750000000
44745  -18.027  -27.591  58.987 0.8750000000
43736  -18.204  -28.147  58.686 0.8750000000
49376  -9.547  -22.667  51.860 0.6250000000
46617  -17.813  -26.262  59.149 1.0000000000
46620  -18.328  -25.958  58.457 1.0000000000
49398  -36.370  -23.417  49.714 1.0000000000
133747  -37.218  -23.469  48.908 1.0000000000
49421  -36.963  -23.230  48.029 1.0000000000
48534  -39.863  -23.285  49.211 0.7500000000
120394  -9.745  -22.339  50.237 0.6250000000
46624  -17.965  -25.321  58.114 1.0000000000
47539  -17.406  -24.845  57.614 1.0000000000
49407  -36.236  -23.376  48.955 1.0000000000
49432  -36.774  -22.853  47.263 1.0000000000
49411  -40.173  -22.498  49.288 0.8750000000
50271  -10.880  -22.105  49.189 0.6250000000
47542  -17.509  -24.794  56.635 1.0000000000
134013  -34.447  -23.365  49.009 1.0000000000
49406  -35.298  -23.298  49.014 1.0000000000
49419  -34.863  -23.448  48.003 1.0000000000
49442  -36.947  -22.318  46.591 1.0000000000
50317  -37.077  -21.337  46.329 1.0000000000
49423  -40.892  -22.495  49.017 0.7500000000
50291  -40.578  -21.764  49.249 1.0000000000
53050  -42.010  -18.589  48.118 1.0000000000
54002  -42.285  -17.841  47.494 1.0000000000
54001  -41.885  -17.009  47.535 0.8750000000
48469  -17.093  -23.945  56.238 1.0000000000
49325  -16.775  -22.396  55.723 1.0000000000
48529  -33.981  -23.456  48.538 1.0000000000
49430  -34.621  -23.089  46.937 1.0000000000
49431  -35.816  -22.956  46.907 1.0000000000
120731  -36.205  -22.099  46.023 1.0000000000
51214  -36.632  -20.280  46.093 1.0000000000
50303  -42.033  -21.919  48.162 0.7500000000
127145  -42.013  -20.939  48.286 0.7500000000
51209  -42.733  -20.465  47.398 0.8750000000
52119  -42.633  -19.570  47.373 0.8750000000
53065  -42.678  -19.153  46.744 0.7500000000
55010  -42.032  -16.881  46.910 0.7500000000
49326  -17.208  -23.221  55.556 1.0000000000
123793  -33.160  -23.042  47.495 1.0000000000
49429  -33.816  -23.016  46.962 1.0000000000
49440  -34.172  -22.661  46.183 1.0000000000
50331  -34.627  -22.003  45.346 1.0000000000
52133  -35.717  -20.037  45.548 1.0000000000
55017  -41.901  -17.022  46.489 0.7500000000
136315  -32.348  -22.776  47.150 1.0000000000
49439  -33.249  -22.741  46.557 1.0000000000
50332  -35.295  -21.145  45.226 1.0000000000
52132  -34.799  -19.330  45.466 1.0000000000
133011  -35.416  -19.080  46.007 1.0000000000
49437  -31.737  -22.485  46.551 1.0000000000
49447  -32.612  -22.196  45.363 1.0000000000
51220  -34.103  -20.705  44.567 1.0000000000
117411  -34.119  -19.662  44.828 0.8750000000
52080  -17.561  -19.768  51.497 1.0000000000
50329  -32.145  -21.901  44.855 1.0000000000
50344  -32.610  -21.370  44.195 1.0000000000
51229  -32.905  -20.550  43.920 1.0000000000
52131  -33.310  -18.927  44.735 0.8750000000
124538  -17.648  -18.941  50.111 1.0000000000
51228  -32.361  -20.987  43.632 1.0000000000
51241  -32.374  -20.061  43.402 0.8750000000
51240  -31.681  -20.204  42.811 0.8750000000
52144  -31.865  -19.173  43.050 0.8750000000
53055  -19.504  -18.266  47.500 1.0000000000
51250  -30.980  -20.339  42.411 0.8750000000
52151  -29.562  -20.139  41.619 1.0000000000
131282  -30.231  -20.369  42.071 0.8750000000
54025  -20.646  -17.743  46.030 1.0000000000
51248  -28.869  -20.340  41.989 1.0000000000
52169  -28.669  -19.868  41.303 0.8750000000
52167  -26.871  -19.278  41.973 1.0000000000
52168  -27.696  -19.650  41.568 0.8750000000
54067  -22.707  -17.211  43.931 0.8750000000
54079  -24.314  -17.757  42.722 1.0000000000
54080  -24.935  -18.089  42.433 1.0000000000
53121  -25.620  -18.347  42.013 1.0000000000
53123  -27.120  -19.122  41.047 0.8750000000
54068  -23.680  -17.337  42.912 0.8750000000
54078  -23.971  -17.324  42.173 0.8750000000
123296  -5.969  -24.868  56.712 0.5000000000
46629  -5.649  -25.613  56.697 0.5000000000
44766  -5.706  -27.668  56.421 0.3750000000
44767  -7.087  -27.873  56.285 0.5000000000
44769  -8.595  -27.411  56.238 0.6250000000
47541  -5.733  -24.554  56.286 0.5000000000
45691  -5.078  -26.024  56.313 0.5000000000
45692  -5.398  -26.472  56.663 0.5000000000
117159  -10.255  -27.289  56.984 0.7500000000
135969  -10.936  -27.403  56.394 0.7500000000
44771  -11.730  -27.582  56.879 0.7500000000
48477  -6.766  -23.784  55.670 0.5000000000
43738  -13.607  -28.592  58.631 0.8750000000
43743  -13.118  -28.412  58.072 0.8750000000
117158  -12.288  -27.966  57.304 0.7500000000
44763  -12.952  -28.214  57.342 0.7500000000
43739  -14.143  -28.891  59.274 0.8750000000
50212  -9.267  -22.383  53.456 0.6250000000
49336  -9.098  -22.667  54.491 0.6250000000
43734  -15.996  -28.537  59.949 0.8750000000
124150  -9.596  -22.840  54.968 0.6250000000
131914  -9.520  -22.895  55.671 0.6250000000
129550  -38.736  -22.170  48.985 1.0000000000
49378  -11.212  -22.572  51.631 0.7500000000
49410  -39.483  -22.613  49.289 1.0000000000
50278  -39.198  -21.923  49.396 1.0000000000
50259  -10.621  -22.337  50.060 0.7500000000
47536  -17.300  -24.879  58.579 1.0000000000
49422  -37.794  -22.919  48.095 1.0000000000
132657  -37.461  -22.596  47.410 1.0000000000
50279  -39.781  -21.832  49.484 1.0000000000
50272  -11.928  -21.965  49.053 0.6250000000
49433  -37.605  -22.032  46.847 1.0000000000
131147  -40.169  -21.065  49.489 1.0000000000
51201  -41.113  -20.859  49.027 1.0000000000
52112  -41.541  -19.357  48.606 1.0000000000
52113  -42.216  -19.381  48.025 1.0000000000
122217  -41.679  -17.710  48.221 1.0000000000
54000  -41.290  -16.920  48.328 0.8750000000
48468  -16.724  -23.033  56.227 1.0000000000
51207  -37.045  -20.477  46.890 1.0000000000
128449  -41.724  -20.106  48.489 1.0000000000
55004  -41.390  -16.419  47.835 0.7500000000
50190  -16.737  -21.775  55.086 1.0000000000
53073  -35.517  -18.688  46.775 0.8750000000
55016  -41.731  -16.455  46.732 0.7500000000
50199  -16.566  -21.159  54.373 1.0000000000
120841  -16.395  -20.338  54.047 1.0000000000
53084  -34.015  -18.625  45.391 0.8750000000
52125  -34.625  -18.438  46.281 0.8750000000
56159  -40.697  -15.506  46.809 0.7500000000
56168  -41.335  -16.099  46.459 0.6250000000
56160  -41.274  -15.858  47.114 0.7500000000
51154  -16.743  -20.335  53.263 1.0000000000
53072  -33.742  -17.883  46.085 0.8750000000
52071  -17.117  -19.824  52.094 1.0000000000
52079  -16.950  -19.206  51.642 1.0000000000
52138  -32.872  -19.562  44.105 0.8750000000
53092  -32.757  -18.677  44.415 0.8750000000
53083  -33.245  -18.009  45.418 0.8750000000
136561  -17.491  -19.278  50.854 1.0000000000
53002  -17.014  -18.452  50.401 1.0000000000
53091  -32.429  -18.922  43.804 0.8750000000
140373  -32.554  -17.590  44.991 0.8750000000
54047  -32.738  -17.374  45.452 0.8750000000
53021  -17.826  -18.385  49.114 1.0000000000
139230  -31.568  -18.322  43.069 0.8750000000
127568  -31.956  -18.189  43.654 0.8750000000
54060  -31.889  -17.386  44.162 0.8750000000
53054  -18.567  -17.925  47.627 1.0000000000
52153  -31.388  -19.645  42.478 0.8750000000
54071  -31.519  -17.601  43.395 0.8750000000
121393  -19.739  -17.629  46.212 1.0000000000
138802  -30.630  -18.988  41.602 0.8750000000
53110  -31.340  -18.852  42.492 0.8750000000
54070  -31.182  -17.117  42.919 0.8750000000
54043  -21.365  -17.592  45.565 1.0000000000
134631  -30.142  -19.454  41.341 0.8750000000
53109  -30.944  -18.519  42.000 0.8750000000
54081  -30.883  -17.583  42.143 0.8750000000
55033  -21.895  -17.096  44.121 1.0000000000
52179  -28.025  -19.353  40.682 0.8750000000
52170  -29.409  -19.647  41.027 0.8750000000
54094  -30.055  -17.956  40.750 0.8750000000
53133  -26.529  -18.513  40.575 0.8750000000
53134  -27.409  -18.785  40.253 0.8750000000
53135  -28.354  -18.697  39.967 0.8750000000
55041  -23.018  -16.885  43.134 0.8750000000
55060  -23.741  -16.796  41.563 0.8750000000
137238  -24.486  -17.725  42.089 0.8750000000
139131  -26.014  -18.078  40.479 0.8750000000
54108  -26.299  -18.009  39.982 0.8750000000
54092  -24.373  -17.361  41.543 0.8750000000
116647  -24.902  -17.505  40.924 0.8750000000
48452  -6.485  -24.306  56.649 0.5000000000
46622  -6.384  -25.231  56.947 0.5000000000
45686  -6.124  -25.973  56.833 0.5000000000
44746  -7.430  -26.273  57.030 0.6250000000
44757  -7.203  -26.978  56.659 0.6250000000
44758  -8.068  -26.838  56.851 0.7500000000
48462  -6.169  -24.110  56.060 0.5000000000
44747  -8.037  -26.401  57.543 0.6250000000
44748  -8.675  -26.585  58.180 0.7500000000
44759  -8.903  -26.904  57.599 0.7500000000
119933  -10.730  -27.492  57.934 0.7500000000
48464  -7.615  -23.575  56.567 0.6250000000
48455  -8.299  -23.815  57.547 0.7500000000
136528  -13.455  -28.498  59.336 0.8750000000
44752  -12.139  -27.955  58.552 0.7500000000
141267  -11.060  -27.527  57.212 0.7500000000
49311  -8.205  -23.278  56.433 0.6250000000
121677  -8.964  -23.753  57.672 0.7500000000
43732  -14.404  -28.761  59.942 0.8750000000
137732  -9.787  -22.654  52.625 0.6250000000
49365  -9.593  -22.572  53.326 0.6250000000
49312  -8.992  -22.984  56.227 0.6250000000
48456  -9.470  -23.428  56.999 0.7500000000
43733  -15.304  -28.778  59.858 0.8750000000
126230  -11.506  -22.663  52.463 0.7500000000
49354  -10.291  -22.708  53.832 0.6250000000
49321  -10.278  -23.112  55.424 0.7500000000
48465  -10.612  -23.568  56.875 0.7500000000
43727  -16.399  -28.063  60.228 0.8750000000
50247  -11.590  -22.413  50.811 0.8750000000
129878  -11.332  -23.857  57.485 0.7500000000
124362  -17.388  -26.532  59.978 1.0000000000
46616  -17.401  -25.727  59.777 1.0000000000
49408  -38.132  -23.118  48.651 1.0000000000
50290  -38.305  -22.103  48.453 1.0000000000
125992  -12.373  -22.154  50.336 0.7500000000
124695  -12.752  -21.593  49.051 0.8750000000
46619  -17.639  -25.520  58.915 1.0000000000
128352  -37.913  -22.044  47.617 1.0000000000
51200  -37.762  -21.125  48.356 1.0000000000
51190  -38.066  -20.787  49.246 1.0000000000
51192  -39.413  -21.103  49.716 1.0000000000
130269  -39.146  -20.208  50.030 1.0000000000
52103  -39.205  -19.310  50.194 1.0000000000
50286  -13.225  -21.133  48.641 0.8750000000
48451  -16.897  -24.274  58.186 1.0000000000
140459  -16.592  -23.711  57.853 1.0000000000
50302  -37.624  -21.327  47.155 1.0000000000
51199  -37.114  -20.469  47.983 1.0000000000
51193  -40.510  -20.253  49.390 1.0000000000
52104  -40.013  -19.603  49.870 1.0000000000
53034  -40.530  -18.600  49.430 1.0000000000
127530  -41.007  -17.682  48.930 1.0000000000
55000  -40.928  -16.180  48.438 0.8750000000
131999  -13.118  -20.432  46.262 0.8750000000
48460  -16.407  -23.314  57.065 1.0000000000
137399  -36.145  -19.095  47.159 1.0000000000
53064  -35.454  -18.570  47.725 1.0000000000
134206  -40.671  -16.850  49.058 1.0000000000
127161  -40.297  -15.870  49.260 1.0000000000
52128  -13.057  -19.600  45.755 0.8750000000
53087  -12.343  -18.863  44.671 0.8750000000
50189  -16.367  -21.108  55.226 1.0000000000
56143  -40.527  -15.479  48.415 1.0000000000
53095  -9.930  -17.925  42.742 0.8750000000
141086  -11.494  -18.581  43.645 0.8750000000
51143  -16.168  -20.440  54.890 1.0000000000
53063  -34.762  -18.152  47.330 0.8750000000
54016  -34.278  -17.656  47.782 0.8750000000
53105  -9.074  -18.067  42.147 0.7500000000
135743  -9.739  -18.534  42.089 0.7500000000
53106  -10.517  -18.764  42.433 0.6250000000
53096  -10.902  -18.241  43.155 0.6250000000
127436  -16.412  -19.636  53.586 1.0000000000
137012  -16.463  -19.151  53.090 1.0000000000
54031  -33.435  -17.233  46.563 0.8750000000
56158  -39.818  -15.293  46.456 0.7500000000
51167  -16.741  -19.755  52.828 1.0000000000
52070  -16.660  -19.145  52.404 1.0000000000
52991  -16.853  -18.675  51.173 1.0000000000
54048  -33.166  -17.454  45.925 0.8750000000
56166  -39.518  -15.572  45.552 0.7500000000
56157  -38.859  -15.086  46.119 0.7500000000
57200  -11.382  -15.164  41.138 0.1250000000
55024  -32.535  -16.680  45.698 0.8750000000
53003  -17.450  -18.422  49.663 1.0000000000
53984  -17.308  -17.852  49.092 1.0000000000
133869  -31.912  -16.636  44.530 0.8750000000
54046  -32.317  -17.134  44.993 0.8750000000
53037  -17.996  -18.085  48.408 1.0000000000
119518  -17.910  -17.512  47.835 1.0000000000
55043  -31.492  -16.856  43.716 0.8750000000
54011  -19.041  -17.706  46.773 1.0000000000
122540  -31.624  -16.126  43.945 0.8750000000
54041  -19.847  -17.347  45.554 1.0000000000
54042  -20.642  -17.300  45.078 0.7500000000
54095  -30.562  -17.297  41.490 0.8750000000
117272  -30.911  -16.046  42.048 0.8750000000
55042  -31.276  -16.363  43.120 0.8750000000
55032  -21.054  -16.930  44.317 0.8750000000
55062  -30.694  -16.496  41.480 0.8750000000
55040  -22.224  -16.685  43.378 0.8750000000
53146  -28.242  -18.105  39.427 0.8750000000
54109  -28.968  -18.005  39.597 0.8750000000
55073  -30.025  -16.774  39.988 0.8750000000
55061  -30.297  -17.057  40.760 0.8750000000
55051  -23.345  -16.790  42.311 0.8750000000
55059  -23.039  -16.284  41.630 0.8750000000
54116  -26.852  -17.834  39.290 0.8750000000
54118  -28.541  -17.507  39.144 0.8750000000
54119  -29.325  -17.183  39.459 0.8750000000
127737  -24.198  -16.865  40.851 0.8750000000
54106  -24.718  -17.035  40.167 0.8750000000
121672  -25.928  -17.523  39.457 0.8750000000
47537  -6.752  -24.633  57.056 0.6250000000
46618  -7.095  -24.983  57.423 0.6250000000
45681  -7.457  -25.748  57.468 0.6250000000
45683  -8.450  -26.226  58.558 0.7500000000
48453  -7.255  -24.007  56.964 0.5000000000
47538  -7.159  -24.290  57.166 0.6250000000
48443  -8.074  -24.073  57.930 0.6250000000
44750  -10.303  -27.212  58.708 0.7500000000
48454  -7.845  -23.855  57.343 0.7500000000
48444  -8.549  -24.102  58.156 0.7500000000
43729  -12.262  -27.717  59.333 0.8750000000
44751  -11.344  -27.573  58.831 0.8750000000
48445  -9.281  -24.115  58.384 0.7500000000
43724  -13.943  -28.312  60.468 0.8750000000
43730  -13.025  -28.055  59.665 0.8750000000
48446  -10.981  -24.169  58.255 0.7500000000
43726  -15.648  -28.310  60.407 0.8750000000
49367  -12.445  -22.419  52.371 0.8750000000
49338  -11.407  -23.068  54.233 0.7500000000
48466  -11.340  -23.420  55.938 0.7500000000
48457  -10.036  -23.778  57.792 0.7500000000
44738  -16.891  -27.293  60.364 0.8750000000
46610  -17.221  -25.806  60.650 1.0000000000
54945  -16.040  -16.396  58.176 1.0000000000
125125  -16.037  -16.054  57.455 1.0000000000
50248  -12.767  -22.065  51.075 0.8750000000
50261  -13.069  -21.674  50.323 0.8750000000
48467  -12.333  -23.497  56.437 0.8750000000
48447  -12.134  -23.994  58.077 0.8750000000
53928  -15.528  -17.456  57.293 1.0000000000
56101  -16.911  -15.364  57.503 0.8750000000
50274  -13.315  -21.216  49.583 0.8750000000
136723  -12.525  -23.616  57.235 0.7500000000
48448  -13.051  -23.653  58.051 0.7500000000
48450  -16.597  -23.651  58.736 1.0000000000
52956  -15.655  -19.269  56.979 1.0000000000
130773  -15.482  -18.394  56.890 1.0000000000
54951  -15.606  -16.718  56.752 1.0000000000
54952  -16.100  -15.732  56.488 1.0000000000
52101  -37.297  -19.672  49.854 1.0000000000
52102  -38.271  -19.882  49.932 1.0000000000
52095  -38.440  -19.132  50.322 1.0000000000
53018  -39.008  -18.484  50.438 1.0000000000
51195  -13.521  -20.397  48.203 0.8750000000
125098  -16.347  -23.070  58.183 1.0000000000
136631  -16.060  -21.571  57.081 1.0000000000
52048  -15.997  -19.880  56.407 1.0000000000
53934  -15.488  -17.296  55.913 1.0000000000
54959  -15.895  -15.908  55.447 1.0000000000
52110  -36.432  -19.762  48.638 1.0000000000
52109  -35.865  -19.135  49.151 1.0000000000
53033  -39.799  -18.596  50.043 1.0000000000
54992  -39.090  -16.820  50.575 1.0000000000
54999  -39.973  -16.860  49.859 1.0000000000
52114  -13.334  -19.315  47.341 0.8750000000
49315  -16.334  -22.372  56.586 1.0000000000
51139  -16.190  -20.573  55.786 1.0000000000
52959  -15.754  -19.079  56.184 1.0000000000
53935  -15.533  -17.889  55.030 1.0000000000
53941  -15.529  -16.792  55.183 1.0000000000
52117  -35.961  -19.144  48.175 1.0000000000
53048  -35.426  -18.495  48.675 1.0000000000
127563  -39.660  -16.086  50.095 1.0000000000
57127  -40.076  -14.972  49.123 1.0000000000
53077  -12.646  -18.879  45.438 0.8750000000
54055  -11.341  -17.646  44.923 0.8750000000
52050  -15.965  -19.742  55.499 1.0000000000
127089  -15.889  -18.632  54.541 1.0000000000
138149  -15.899  -18.060  54.196 1.0000000000
53942  -15.763  -17.214  54.315 1.0000000000
53047  -34.838  -17.973  48.237 1.0000000000
57126  -39.234  -14.810  49.652 1.0000000000
57135  -39.575  -14.642  48.834 0.8750000000
54066  -10.285  -17.523  43.722 0.8750000000
52054  -16.074  -19.503  54.508 1.0000000000
131725  -16.174  -18.749  53.742 1.0000000000
53948  -16.130  -17.707  53.443 1.0000000000
54015  -33.808  -16.982  47.491 0.8750000000
56151  -40.093  -15.068  47.224 0.7500000000
119871  -39.218  -14.609  48.127 0.8750000000
117949  -9.278  -17.290  43.561 0.8750000000
54052  -8.506  -16.843  44.308 0.8750000000
52971  -16.387  -18.490  52.864 1.0000000000
121630  -16.359  -17.772  52.578 1.0000000000
121886  -16.424  -17.285  51.850 1.0000000000
57142  -38.357  -14.654  47.769 0.7500000000
116983  -37.793  -14.315  48.351 0.8750000000
54077  -8.977  -17.593  42.852 0.8750000000
54076  -8.207  -17.587  42.490 0.8750000000
54065  -8.241  -17.166  43.443 0.8750000000
54051  -7.400  -16.735  44.277 0.8750000000
52980  -16.583  -18.378  51.940 1.0000000000
53960  -16.632  -17.961  51.107 1.0000000000
141199  -16.531  -17.216  50.989 1.0000000000
55015  -33.173  -16.436  46.768 0.8750000000
57156  -37.862  -14.914  45.699 0.6250000000
57149  -38.097  -14.851  46.758 0.6250000000
53104  -8.252  -18.131  41.666 0.7500000000
54063  -6.621  -16.908  42.732 0.8750000000
54050  -6.684  -16.650  43.838 0.8750000000
55048  -5.966  -16.699  42.368 0.8750000000
57195  -6.293  -14.307  40.825 0.8750000000
57196  -6.883  -14.342  40.634 0.3750000000
57197  -7.654  -14.498  40.596 0.2500000000
57198  -8.661  -14.818  40.710 0.2500000000
57186  -9.872  -14.662  41.616 0.1250000000
57187  -10.902  -14.694  41.586 0.1250000000
53983  -16.837  -17.299  49.616 1.0000000000
53995  -17.018  -17.124  48.946 0.8750000000
131960  -32.713  -16.358  46.193 0.8750000000
140327  -37.214  -14.755  45.753 0.6250000000
57148  -37.140  -14.696  46.364 0.6250000000
54075  -7.313  -17.530  41.954 0.8750000000
54074  -6.332  -17.298  41.774 0.8750000000
55047  -5.553  -16.218  42.838 0.8750000000
131446  -5.234  -15.747  41.551 0.8750000000
56200  -5.875  -14.885  40.654 0.8750000000
53996  -17.408  -17.366  48.364 1.0000000000
133925  -32.020  -15.897  44.822 0.8750000000
58116  -11.941  -14.562  41.421 0.2500000000
54009  -17.570  -16.766  47.723 0.8750000000
56172  -31.891  -15.356  44.174 0.8750000000
58133  -12.906  -14.128  40.951 0.1250000000
54024  -19.125  -17.196  45.996 0.8750000000
56180  -31.454  -15.560  43.217 0.8750000000
56187  -31.248  -15.390  42.254 0.8750000000
55031  -20.225  -16.730  44.460 0.7500000000
56193  -30.974  -15.743  41.332 0.8750000000
55039  -21.406  -16.538  43.618 0.8750000000
55089  -29.585  -16.355  39.369 0.8750000000
138217  -30.541  -16.320  40.676 0.8750000000
137215  -21.993  -15.750  42.299 0.8750000000
55050  -22.538  -16.317  42.465 0.8750000000
54133  -27.204  -17.315  38.561 0.8750000000
54134  -28.057  -17.125  38.606 0.8750000000
124974  -23.459  -16.311  40.850 0.8750000000
55072  -23.878  -16.412  39.970 0.8750000000
54131  -25.383  -16.999  38.919 0.8750000000
54132  -26.282  -17.247  38.702 0.8750000000
47518  -7.905  -24.787  58.304 0.6250000000
140000  -8.156  -25.136  58.681 0.6250000000
45682  -7.931  -25.971  58.023 0.6250000000
47528  -8.010  -24.334  58.151 0.7500000000
47519  -8.436  -24.709  58.725 0.7500000000
45675  -8.241  -25.665  58.699 0.7500000000
45676  -8.708  -25.899  59.206 0.7500000000
44739  -9.104  -26.504  59.111 0.8750000000
44749  -9.371  -26.946  58.591 0.7500000000
48439  -8.851  -24.594  58.859 0.7500000000
44741  -10.804  -27.030  59.455 0.8750000000
47530  -9.612  -24.584  59.099 0.8750000000
136299  -10.063  -24.204  58.514 0.8750000000
43723  -13.196  -27.916  60.292 0.8750000000
44743  -12.406  -27.570  60.152 0.8750000000
56089  -17.138  -15.959  58.906 1.0000000000
56090  -18.047  -15.744  59.110 0.8750000000
49355  -11.351  -22.827  53.371 0.8750000000
44735  -14.380  -27.901  61.003 0.8750000000
44731  -15.812  -27.189  61.227 0.8750000000
56095  -18.088  -15.254  58.165 0.8750000000
50231  -12.934  -22.036  51.934 0.8750000000
49323  -12.033  -23.367  55.013 0.8750000000
44737  -16.138  -27.708  60.751 0.8750000000
45674  -16.527  -27.049  60.977 0.8750000000
131512  -15.721  -16.745  57.562 1.0000000000
54946  -16.614  -15.871  58.198 1.0000000000
50249  -13.378  -21.240  50.962 0.8750000000
51183  -13.677  -20.385  49.962 0.8750000000
48478  -12.624  -23.316  55.786 1.0000000000
47525  -16.902  -24.452  60.337 1.0000000000
52955  -15.510  -18.101  57.797 1.0000000000
52105  -13.652  -19.577  48.651 0.8750000000
48459  -13.354  -23.188  57.462 0.8750000000
47535  -16.845  -24.317  59.190 1.0000000000
49306  -16.169  -22.315  58.720 1.0000000000
139104  -16.984  -15.118  56.542 0.8750000000
56102  -17.843  -14.928  57.072 0.8750000000
132972  -36.695  -18.761  50.190 1.0000000000
52094  -37.564  -19.018  50.358 1.0000000000
53017  -38.025  -18.250  50.720 1.0000000000
53975  -38.795  -17.730  50.639 1.0000000000
53036  -13.341  -18.895  48.137 0.8750000000
50184  -15.876  -21.615  58.139 1.0000000000
51135  -15.811  -20.818  57.646 1.0000000000
135753  -15.556  -19.394  57.795 1.0000000000
56107  -16.613  -15.251  55.701 0.8750000000
53032  -36.141  -17.865  49.954 1.0000000000
53053  -12.910  -18.677  47.307 0.8750000000
54023  -11.703  -17.680  46.912 0.8750000000
54965  -15.845  -16.228  54.533 1.0000000000
53031  -35.682  -18.258  49.460 1.0000000000
53999  -35.160  -17.643  49.014 1.0000000000
56132  -38.969  -15.754  50.591 1.0000000000
57125  -38.467  -14.558  50.214 1.0000000000
53066  -12.201  -18.255  46.124 0.8750000000
54038  -9.746  -16.905  45.320 0.8750000000
54971  -16.011  -16.595  53.667 1.0000000000
53998  -34.459  -17.086  48.471 0.8750000000
117889  -38.715  -14.504  49.493 0.8750000000
57134  -38.093  -14.032  49.297 0.8750000000
138581  -37.340  -12.875  49.009 0.8750000000
118031  -9.028  -16.724  45.832 0.8750000000
119715  -8.083  -16.490  45.750 0.8750000000
121828  -16.248  -16.906  52.808 1.0000000000
54977  -16.299  -16.207  52.189 0.8750000000
59038  -37.015  -12.403  48.612 0.8750000000
119424  -7.946  -16.581  44.954 0.8750000000
54036  -7.261  -16.513  45.203 0.8750000000
55019  -6.652  -16.413  45.006 0.8750000000
55029  -6.317  -16.367  44.248 0.8750000000
54982  -16.471  -16.462  51.305 0.8750000000
56122  -16.604  -15.597  51.661 0.8750000000
131818  -33.546  -16.206  47.497 0.8750000000
57141  -37.451  -14.562  47.384 0.7500000000
57133  -36.991  -14.067  47.926 0.8750000000
54035  -6.778  -16.533  44.719 0.8750000000
55037  -6.129  -16.484  43.356 0.8750000000
132087  -5.353  -15.642  43.825 0.8750000000
57176  -5.256  -14.976  42.648 0.8750000000
54988  -16.595  -16.658  50.347 0.8750000000
56134  -16.766  -15.848  50.108 0.8750000000
56149  -32.997  -15.196  46.804 0.8750000000
60156  -36.820  -12.040  47.920 0.8750000000
56176  -5.219  -15.669  43.141 0.8750000000
137744  -5.350  -15.201  41.984 0.8750000000
123822  -6.694  -13.894  41.910 0.6250000000
58111  -7.039  -13.647  41.859 0.5000000000
58131  -8.022  -14.164  41.231 0.2500000000
58132  -8.936  -14.445  41.447 0.2500000000
54995  -16.810  -16.356  49.374 0.8750000000
56156  -32.563  -15.400  46.234 0.8750000000
140962  -36.314  -13.876  46.721 0.6250000000
58071  -36.533  -13.484  47.346 0.8750000000
60167  -36.780  -11.910  47.114 0.7500000000
60168  -37.294  -11.286  46.858 0.6250000000
55036  -5.704  -16.132  43.662 0.8750000000
56184  -5.239  -15.729  42.357 0.8750000000
58114  -9.337  -14.114  42.119 0.2500000000
58115  -10.409  -14.246  42.139 0.1250000000
56147  -17.311  -15.973  48.064 0.8750000000
56148  -17.694  -15.837  47.460 0.8750000000
134220  -32.373  -14.858  45.891 0.8750000000
58076  -36.111  -13.329  46.425 0.6250000000
61223  -39.059  -10.564  47.255 0.5000000000
60170  -39.405  -10.801  46.344 0.5000000000
125693  -11.494  -14.142  41.986 0.2500000000
55006  -17.971  -16.539  47.076 0.8750000000
124064  -18.081  -15.830  46.591 0.8750000000
58079  -32.203  -13.593  44.624 0.8750000000
56164  -32.184  -15.105  45.096 0.8750000000
60187  -36.828  -11.865  46.367 0.6250000000
60169  -38.237  -10.848  46.389 0.5000000000
131096  -38.848  -10.900  45.633 0.5000000000
60190  -39.579  -11.073  45.462 0.5000000000
58117  -12.454  -13.840  41.683 0.2500000000
55012  -18.400  -16.905  46.500 0.8750000000
55020  -18.626  -16.421  45.836 0.8750000000
57170  -31.828  -14.734  43.532 0.8750000000
57152  -32.138  -14.497  44.425 0.8750000000
60188  -37.361  -11.477  45.909 0.5000000000
55021  -19.246  -16.821  45.307 0.7500000000
55030  -19.497  -16.442  44.701 0.7500000000
57180  -31.517  -14.844  42.809 0.8750000000
117425  -19.857  -16.063  44.113 0.7500000000
58104  -31.458  -14.348  42.082 0.8750000000
58121  -31.534  -13.360  42.292 0.8750000000
117254  -21.012  -15.900  43.219 0.8750000000
56186  -21.412  -15.462  42.555 0.8750000000
56206  -30.664  -15.106  39.745 0.7500000000
124046  -31.177  -15.012  40.652 0.8750000000
56192  -22.382  -15.737  41.699 0.8750000000
56205  -22.765  -15.783  40.935 0.8750000000
120464  -29.111  -15.924  38.793 0.7500000000
57218  -30.009  -14.781  38.934 0.7500000000
57219  -30.586  -14.151  39.348 0.7500000000
55071  -23.131  -15.810  40.195 0.7500000000
55087  -24.626  -16.676  39.357 0.7500000000
55108  -25.749  -16.573  38.257 0.7500000000
56237  -27.960  -15.890  37.716 0.7500000000
57230  -28.761  -14.467  37.546 0.7500000000
46613  -8.906  -24.969  59.395 0.7500000000
131252  -9.304  -26.000  59.583 0.8750000000
45677  -9.848  -26.349  59.762 0.8750000000
45678  -10.454  -26.615  59.806 0.8750000000
45669  -9.831  -25.793  60.105 0.8750000000
45671  -11.307  -26.386  60.609 0.8750000000
44732  -11.818  -27.008  60.590 0.8750000000
49340  -13.255  -22.236  54.118 0.8750000000
44733  -12.644  -27.305  60.798 0.8750000000
49356  -12.381  -22.570  53.095 0.8750000000
124626  -12.727  -22.571  53.730 0.8750000000
47531  -10.597  -24.578  59.030 0.8750000000
44729  -14.079  -27.175  61.367 0.8750000000
44730  -14.926  -27.278  61.379 0.8750000000
119746  -18.742  -15.482  58.863 0.8750000000
50213  -13.106  -22.012  52.695 0.8750000000
49339  -12.585  -22.922  54.321 0.8750000000
47532  -11.759  -24.462  58.841 0.8750000000
50232  -13.431  -21.319  52.267 0.8750000000
124079  -13.629  -20.413  50.778 0.8750000000
136765  -13.343  -22.845  55.825 1.0000000000
47522  -11.265  -24.994  59.642 0.8750000000
47523  -12.503  -24.744  59.597 1.0000000000
45665  -15.524  -26.573  61.722 0.8750000000
46606  -16.990  -25.793  61.300 0.8750000000
47517  -17.007  -25.037  61.183 1.0000000000
119581  -18.629  -14.892  57.587 0.8750000000
52096  -13.685  -19.560  49.539 0.8750000000
48449  -13.606  -23.140  58.298 1.0000000000
47534  -13.400  -23.629  58.709 1.0000000000
47533  -12.802  -24.106  58.739 1.0000000000
131166  -16.455  -22.961  59.276 1.0000000000
53972  -36.319  -17.090  50.224 1.0000000000
53015  -36.589  -17.834  50.223 1.0000000000
53016  -37.096  -18.138  50.453 1.0000000000
124419  -37.444  -17.504  50.686 1.0000000000
53982  -12.263  -17.709  49.180 0.8750000000
53993  -11.484  -17.224  48.713 0.8750000000
139582  -13.686  -23.522  59.797 1.0000000000
47524  -13.431  -23.984  59.451 1.0000000000
48437  -13.801  -23.909  60.410 1.0000000000
47515  -14.140  -24.197  61.355 1.0000000000
48441  -16.649  -23.648  59.799 1.0000000000
56108  -17.754  -14.820  55.948 0.8750000000
53971  -35.861  -16.846  50.028 1.0000000000
53974  -38.144  -17.221  50.882 1.0000000000
53962  -37.401  -16.582  50.760 1.0000000000
54991  -38.260  -16.241  50.957 1.0000000000
54007  -10.505  -16.879  47.466 0.8750000000
129268  -9.647  -16.783  47.149 0.8750000000
48440  -13.748  -23.171  59.239 1.0000000000
127258  -13.827  -23.084  60.208 1.0000000000
56116  -16.220  -15.678  53.948 0.8750000000
56112  -16.343  -15.475  54.800 0.8750000000
56114  -18.165  -14.596  55.043 0.8750000000
53985  -35.046  -16.736  49.265 1.0000000000
56131  -38.236  -15.372  50.883 1.0000000000
57119  -38.804  -15.016  50.445 1.0000000000
58047  -37.652  -14.039  50.344 1.0000000000
58052  -37.315  -13.055  50.150 1.0000000000
54021  -9.765  -16.887  46.213 0.8750000000
54020  -8.752  -16.656  46.607 0.8750000000
56117  -16.755  -15.040  53.443 0.8750000000
57091  -17.478  -14.662  54.226 0.8750000000
55003  -34.497  -16.143  48.876 0.8750000000
58058  -37.970  -13.957  49.946 1.0000000000
58057  -37.609  -13.078  49.690 0.8750000000
117489  -7.255  -16.311  46.235 0.8750000000
55018  -6.541  -16.205  45.395 0.8750000000
131126  -16.145  -15.885  53.065 0.8750000000
56119  -16.565  -15.349  52.501 0.8750000000
53997  -33.973  -16.317  48.168 0.8750000000
60146  -37.484  -11.593  48.904 0.8750000000
60147  -37.849  -10.884  49.481 0.7500000000
55028  -6.182  -16.213  44.738 0.8750000000
57140  -33.259  -14.496  47.110 0.8750000000
56150  -33.470  -15.089  47.510 0.8750000000
61193  -37.900  -10.826  48.562 0.7500000000
61195  -39.198  -10.041  48.238 0.8750000000
57158  -5.147  -15.068  44.094 0.8750000000
58097  -6.118  -13.957  43.049 0.7500000000
59126  -7.145  -13.159  42.531 0.5000000000
56127  -16.715  -15.787  50.837 0.8750000000
56123  -17.033  -15.071  51.225 0.8750000000
58069  -33.079  -13.861  46.719 0.8750000000
57146  -32.770  -14.647  46.464 0.8750000000
63142  -36.085  -8.725  44.420 0.8750000000
63143  -36.653  -8.171  44.072 0.8750000000
63144  -37.381  -7.874  44.620 0.8750000000
60157  -37.253  -11.345  47.845 0.6250000000
61204  -38.743  -10.401  48.110 0.7500000000
61196  -40.132  -10.020  47.767 0.8750000000
58129  -6.623  -14.008  41.193 0.6250000000
59128  -7.830  -13.026  42.469 0.2500000000
58113  -8.363  -13.799  41.942 0.2500000000
56135  -17.114  -15.392  49.646 0.8750000000
59060  -32.675  -12.488  45.658 0.8750000000
58075  -32.947  -13.161  46.214 0.8750000000
118610  -32.548  -14.020  46.072 0.8750000000
141015  -35.622  -8.927  43.943 0.8750000000
63159  -36.040  -8.465  43.597 0.8750000000
60158  -37.945  -10.726  47.560 0.6250000000
61205  -39.683  -10.350  47.652 0.7500000000
133670  -40.389  -10.424  47.398 0.8750000000
62164  -41.156  -9.352  47.344 0.8750000000
58098  -8.800  -13.395  42.587 0.2500000000
58099  -9.893  -13.703  42.679 0.2500000000
56139  -17.171  -15.670  48.793 0.8750000000
58080  -32.434  -13.276  45.451 0.8750000000
130723  -35.450  -8.786  43.222 0.8750000000
64112  -36.606  -8.036  43.110 0.8750000000
61224  -40.049  -10.684  47.045 0.5000000000
61226  -41.536  -10.726  47.060 0.6250000000
58100  -11.022  -13.748  42.597 0.2500000000
58085  -31.979  -12.954  43.944 0.8750000000
125886  -32.281  -14.225  45.350 0.8750000000
63168  -35.185  -8.549  42.324 0.8750000000
64128  -35.902  -8.311  42.668 0.8750000000
64129  -36.475  -7.905  42.022 0.8750000000
60171  -40.344  -11.111  46.193 0.5000000000
60172  -41.186  -11.328  46.448 0.5000000000
56162  -18.411  -15.466  45.758 0.7500000000
130423  -40.857  -11.625  45.778 0.5000000000
60173  -42.025  -11.323  46.662 0.6250000000
56163  -18.857  -16.054  45.123 0.7500000000
56171  -19.183  -15.676  44.498 0.7500000000
125408  -31.359  -12.466  42.031 0.8750000000
59118  -31.550  -12.631  42.695 0.8750000000
64141  -35.641  -8.066  41.549 0.8750000000
64142  -36.254  -7.624  40.882 0.8750000000
60192  -41.617  -12.055  45.884 0.5000000000
56177  -19.598  -15.224  43.963 0.7500000000
120950  -31.350  -13.165  41.468 0.8750000000
119163  -21.750  -15.235  41.842 0.8750000000
119316  -31.184  -13.164  40.641 0.8750000000
56191  -22.122  -15.124  41.007 0.8750000000
133106  -22.575  -15.344  40.361 0.7500000000
58147  -29.962  -13.889  38.550 0.7500000000
59155  -30.485  -12.680  39.286 0.7500000000
56222  -23.483  -15.323  39.053 0.7500000000
117408  -24.811  -16.197  38.549 0.7500000000
56249  -26.545  -15.382  37.456 0.7500000000
56251  -28.203  -15.153  37.516 0.7500000000
58156  -29.606  -13.287  37.974 0.7500000000
47520  -9.298  -24.894  59.547 0.7500000000
45668  -9.103  -25.457  59.614 0.8750000000
46607  -10.614  -25.958  60.527 0.8750000000
50198  -13.525  -21.462  53.979 0.8750000000
45670  -10.523  -26.263  60.240 0.8750000000
49357  -13.203  -22.065  53.442 0.8750000000
46609  -12.667  -26.060  61.162 0.8750000000
56085  -19.056  -15.627  59.687 0.8750000000
126500  -13.603  -20.765  53.874 0.8750000000
50188  -13.520  -21.679  54.678 0.8750000000
45673  -13.169  -26.777  61.210 0.8750000000
45663  -13.999  -26.447  61.479 0.8750000000
133498  -13.312  -22.432  54.693 1.0000000000
46615  -11.777  -25.391  60.211 0.8750000000
56096  -19.017  -15.152  58.306 0.8750000000
51166  -13.642  -20.450  52.608 0.8750000000
52087  -13.640  -19.659  51.271 0.8750000000
121388  -13.597  -22.081  55.407 1.0000000000
122633  -13.682  -22.158  56.408 1.0000000000
47513  -12.679  -25.361  60.592 0.8750000000
45664  -14.681  -26.532  61.711 0.8750000000
46605  -16.579  -25.302  61.868 0.8750000000
53919  -15.657  -17.187  58.221 1.0000000000
124845  -20.155  -14.877  57.577 0.8750000000
54984  -37.087  -15.685  50.663 1.0000000000
53961  -36.601  -16.410  50.485 1.0000000000
52979  -13.396  -18.916  52.571 0.8750000000
52989  -13.135  -18.171  51.344 0.8750000000
49314  -13.566  -22.618  57.082 1.0000000000
49309  -13.667  -22.495  57.824 1.0000000000
118258  -13.257  -24.595  60.119 1.0000000000
47509  -13.921  -25.129  61.453 1.0000000000
52952  -15.504  -17.995  58.691 1.0000000000
56103  -18.819  -14.701  56.648 0.8750000000
54983  -36.383  -15.545  50.499 1.0000000000
54990  -36.047  -16.233  50.329 1.0000000000
54985  -37.699  -15.741  50.904 1.0000000000
53968  -12.409  -17.523  50.054 0.8750000000
53981  -11.682  -17.084  49.616 0.8750000000
49305  -13.670  -22.304  58.837 1.0000000000
49303  -13.641  -22.405  59.855 1.0000000000
47514  -13.560  -24.812  60.816 1.0000000000
48438  -16.787  -23.611  60.860 1.0000000000
129614  -16.380  -22.243  59.845 1.0000000000
52042  -15.595  -20.125  58.204 1.0000000000
56109  -18.710  -14.610  55.718 0.8750000000
54989  -35.598  -16.003  50.081 1.0000000000
56125  -37.574  -15.096  50.788 1.0000000000
57111  -37.191  -14.266  50.560 1.0000000000
53992  -10.645  -16.812  48.650 0.8750000000
123982  -9.942  -16.677  48.107 0.8750000000
50182  -16.047  -21.598  59.290 1.0000000000
57124  -34.890  -14.195  49.521 1.0000000000
56136  -34.992  -14.911  49.556 1.0000000000
54997  -35.063  -15.806  49.555 1.0000000000
54998  -35.459  -16.529  49.755 1.0000000000
59019  -36.916  -12.258  50.476 1.0000000000
60129  -37.190  -11.445  50.599 1.0000000000
132139  -8.922  -16.663  47.784 0.8750000000
48435  -14.586  -23.599  62.091 1.0000000000
126298  -34.648  -14.629  49.071 1.0000000000
56142  -34.536  -15.295  48.916 1.0000000000
59028  -37.320  -12.119  50.153 0.8750000000
60140  -37.646  -10.839  50.297 1.0000000000
61183  -37.993  -10.319  49.572 1.0000000000
54004  -7.494  -16.377  47.204 0.8750000000
55011  -6.962  -16.291  45.811 0.8750000000
56120  -17.212  -14.673  52.755 0.8750000000
121577  -34.268  -14.698  48.572 1.0000000000
55002  -34.119  -15.709  48.452 0.8750000000
62190  -35.393  -9.372  45.760 0.8750000000
63128  -36.076  -8.979  45.276 0.8750000000
63110  -36.106  -9.001  46.193 0.8750000000
60139  -37.634  -11.472  50.006 0.8750000000
61184  -38.549  -10.019  48.873 0.8750000000
56153  -6.313  -15.752  45.796 0.8750000000
117094  -5.723  -15.155  45.327 0.8750000000
137466  -17.396  -14.504  51.596 0.8750000000
57132  -34.386  -13.998  48.730 0.8750000000
57131  -33.777  -14.389  47.931 0.8750000000
56141  -33.945  -15.144  48.234 0.8750000000
63129  -36.704  -8.453  44.954 0.8750000000
63130  -37.389  -8.137  45.677 0.8750000000
61194  -38.341  -10.409  48.857 0.7500000000
62163  -40.485  -9.418  47.709 0.8750000000
56161  -5.632  -15.654  44.617 0.8750000000
57157  -5.017  -14.270  44.323 0.8750000000
59104  -6.560  -13.066  43.268 0.7500000000
57114  -17.501  -14.519  50.905 0.8750000000
58063  -34.415  -13.128  48.629 0.8750000000
58070  -33.519  -12.912  47.088 0.8750000000
133972  -33.492  -13.836  47.358 0.8750000000
62189  -34.665  -9.712  45.378 0.8750000000
63127  -35.349  -9.269  44.703 0.8750000000
64090  -38.240  -7.420  45.245 1.0000000000
62151  -39.734  -9.443  48.114 0.8750000000
59105  -6.962  -12.556  42.971 0.7500000000
59106  -7.235  -12.340  42.963 0.3750000000
122136  -7.418  -12.345  42.899 0.3750000000
57129  -17.542  -14.807  49.171 0.8750000000
59052  -33.130  -12.247  46.321 0.8750000000
62204  -34.415  -9.676  44.417 0.8750000000
64113  -37.288  -7.642  43.628 0.8750000000
117128  -38.040  -7.243  44.153 0.8750000000
64102  -39.650  -6.840  44.632 1.0000000000
61207  -41.687  -9.892  47.168 0.8750000000
60241  -7.204  -11.948  43.139 0.7500000000
59108  -9.371  -13.106  43.188 0.2500000000
127113  -17.873  -14.915  47.278 0.8750000000
57145  -18.143  -14.758  46.437 0.7500000000
61239  -32.494  -11.121  44.945 0.8750000000
63141  -35.048  -9.268  43.785 0.8750000000
64130  -37.207  -7.529  42.543 0.8750000000
64131  -37.941  -7.110  43.120 0.8750000000
64114  -38.641  -6.774  43.639 1.0000000000
116959  -39.256  -6.591  43.991 1.0000000000
61227  -42.272  -10.427  46.968 0.7500000000
59109  -10.537  -13.398  43.236 0.2500000000
60230  -31.757  -10.766  43.721 0.8750000000
59075  -32.362  -11.999  44.924 0.8750000000
63158  -34.765  -9.089  42.941 0.8750000000
65044  -37.891  -6.973  41.890 0.8750000000
136787  -38.681  -6.758  41.758 0.8750000000
65045  -38.632  -6.782  42.646 1.0000000000
65035  -39.329  -6.634  43.201 1.0000000000
56170  -18.698  -15.160  45.034 0.7500000000
61262  -31.423  -10.634  43.050 0.8750000000
60229  -31.591  -11.425  43.460 0.8750000000
63177  -34.871  -8.243  41.373 0.7500000000
64143  -37.052  -7.435  41.339 0.8750000000
65059  -38.383  -6.771  40.885 0.8750000000
65046  -39.440  -6.736  42.111 1.0000000000
135241  -42.542  -11.942  46.246 0.6250000000
140927  -30.919  -10.904  41.945 0.8750000000
141007  -31.330  -11.224  42.938 0.8750000000
139225  -35.181  -7.942  40.953 0.8750000000
122764  -35.499  -7.650  40.492 0.8750000000
65057  -36.802  -7.231  40.203 0.8750000000
65079  -38.754  -6.231  40.196 0.8750000000
65060  -39.200  -6.566  41.097 1.0000000000
120075  -39.994  -6.547  40.921 1.0000000000
57169  -20.029  -14.715  43.398 0.7500000000
57178  -20.333  -14.222  42.536 0.8750000000
60267  -30.904  -11.191  41.281 0.7500000000
65076  -35.608  -6.539  39.680 0.7500000000
65077  -36.405  -6.498  39.694 0.8750000000
117699  -37.216  -6.629  39.747 0.8750000000
66005  -38.292  -5.526  39.654 0.7500000000
65081  -40.383  -6.043  40.361 1.0000000000
57179  -21.099  -14.765  42.141 0.8750000000
59142  -30.823  -12.448  40.108 0.7500000000
66956  -35.476  -5.005  40.208 0.6250000000
66003  -35.817  -5.804  39.733 0.6250000000
66004  -36.380  -5.338  39.758 0.6250000000
124331  -37.360  -5.553  39.594 0.7500000000
66959  -38.692  -4.782  39.715 0.7500000000
66006  -40.030  -5.113  39.901 0.7500000000
56221  -22.848  -15.179  39.683 0.7500000000
60311  -30.095  -12.096  38.701 0.7500000000
60297  -30.436  -11.741  39.452 0.7500000000
126039  -36.103  -4.360  40.460 0.7500000000
66957  -36.902  -4.338  40.113 0.7500000000
67921  -37.597  -3.802  40.476 0.7500000000
67922  -38.551  -3.911  40.205 0.7500000000
127092  -39.976  -4.229  40.093 0.7500000000
56235  -24.095  -15.457  38.476 0.7500000000
56248  -25.138  -15.103  37.677 0.7500000000
57242  -26.934  -14.613  37.308 0.7500000000
59183  -28.361  -12.853  37.513 0.7500000000
60310  -29.487  -11.632  38.286 0.7500000000
67920  -36.866  -3.713  40.857 0.7500000000
67905  -37.393  -3.542  41.245 0.7500000000
136509  -38.935  -3.431  41.091 0.7500000000
138829  -39.184  -3.278  41.693 0.7500000000
57241  -25.930  -14.653  37.404 0.7500000000
58165  -26.933  -13.231  37.441 0.7500000000
59182  -27.451  -12.606  37.578 0.6250000000
47512  -9.498  -25.235  59.883 0.8750000000
47521  -10.053  -24.984  59.899 0.8750000000
133382  -10.079  -25.567  60.204 0.8750000000
46614  -10.835  -25.566  60.268 0.8750000000
46608  -11.608  -25.963  60.863 0.8750000000
56091  -19.799  -15.182  59.191 0.7500000000
51153  -13.538  -20.211  54.115 0.8750000000
51142  -13.564  -20.748  54.605 0.8750000000
51138  -13.431  -20.377  55.505 1.0000000000
54943  -16.503  -16.226  58.715 1.0000000000
140339  -19.300  -15.326  58.929 0.7500000000
56092  -20.571  -14.932  58.673 0.7500000000
50214  -13.551  -21.202  53.181 0.8750000000
132855  -13.618  -20.300  53.441 0.8750000000
129379  -13.608  -21.189  55.239 1.0000000000
50186  -13.715  -21.209  55.968 1.0000000000
54942  -16.044  -16.627  58.906 1.0000000000
56097  -19.882  -15.034  58.361 0.7500000000
52970  -13.251  -18.942  53.427 0.8750000000
131541  -13.738  -21.146  56.802 1.0000000000
140406  -13.300  -25.486  61.081 0.8750000000
46600  -15.104  -25.006  62.376 1.0000000000
46601  -15.865  -25.193  62.315 1.0000000000
56098  -20.759  -14.924  57.942 0.7500000000
57075  -21.318  -14.806  58.214 0.7500000000
52978  -13.119  -18.233  52.130 0.8750000000
134547  -12.707  -17.689  51.743 0.8750000000
50185  -13.705  -21.833  57.308 1.0000000000
50183  -13.585  -21.613  58.177 1.0000000000
47510  -14.520  -24.638  62.061 1.0000000000
140548  -15.671  -24.509  62.459 1.0000000000
47508  -16.286  -24.455  62.243 1.0000000000
134779  -15.508  -18.750  58.261 1.0000000000
56124  -36.802  -14.872  50.604 1.0000000000
53967  -11.714  -16.945  50.444 0.8750000000
53957  -10.801  -16.652  50.688 0.8750000000
136432  -13.470  -21.762  59.653 1.0000000000
47511  -16.708  -24.361  61.801 1.0000000000
51132  -15.752  -20.880  58.713 1.0000000000
57086  -19.165  -14.364  55.163 0.8750000000
56110  -19.537  -14.555  55.962 0.7500000000
57083  -20.475  -14.455  56.304 0.7500000000
56130  -35.879  -15.327  50.324 1.0000000000
121924  -36.197  -14.689  50.527 1.0000000000
57110  -36.465  -14.152  50.616 1.0000000000
53980  -10.838  -16.774  49.345 0.8750000000
54994  -8.837  -16.529  49.625 0.8750000000
134806  -14.174  -23.077  61.308 1.0000000000
48434  -16.403  -23.574  62.144 1.0000000000
48436  -16.701  -23.602  61.612 1.0000000000
49304  -16.632  -22.908  60.360 1.0000000000
57087  -20.080  -14.247  55.393 0.7500000000
133363  -35.767  -14.434  50.414 1.0000000000
57117  -35.583  -13.892  50.385 1.0000000000
58045  -36.274  -13.433  50.646 1.0000000000
59010  -36.457  -12.644  50.594 1.0000000000
60120  -36.603  -11.922  50.702 1.0000000000
122183  -37.318  -10.877  50.794 1.0000000000
53978  -8.150  -16.625  49.209 0.8750000000
47507  -15.904  -23.865  62.499 1.0000000000
131171  -16.553  -22.987  61.853 1.0000000000
131068  -16.696  -22.896  61.298 1.0000000000
57092  -18.635  -14.231  54.230 0.8750000000
58056  -34.818  -13.463  49.392 1.0000000000
122781  -35.251  -13.696  50.022 1.0000000000
60137  -34.770  -11.843  48.978 0.8750000000
61203  -34.557  -10.802  47.625 0.8750000000
62161  -35.240  -10.091  48.061 0.8750000000
126264  -35.607  -9.396  47.644 0.8750000000
62180  -36.164  -8.888  47.155 0.8750000000
61171  -37.454  -10.407  50.459 1.0000000000
61172  -37.716  -10.393  50.102 1.0000000000
53990  -7.608  -16.480  48.964 0.8750000000
54003  -7.390  -16.295  48.222 0.8750000000
57097  -17.779  -14.437  53.462 0.8750000000
59037  -34.482  -12.466  48.567 0.8750000000
59045  -34.357  -11.994  48.114 0.8750000000
60155  -34.250  -11.516  47.658 0.8750000000
62178  -34.987  -10.050  47.175 0.8750000000
62179  -35.473  -9.417  46.709 0.8750000000
63111  -36.878  -8.451  46.613 0.8750000000
62142  -38.275  -9.587  49.179 1.0000000000
55005  -7.114  -16.132  47.760 0.8750000000
137719  -6.524  -15.568  46.611 0.8750000000
125613  -6.037  -15.937  45.132 0.8750000000
57103  -18.384  -13.911  52.518 0.8750000000
116671  -34.788  -9.884  46.283 0.8750000000
137188  -36.625  -8.637  45.724 0.8750000000
63112  -37.697  -7.954  46.670 1.0000000000
62150  -38.968  -9.471  48.562 1.0000000000
63086  -39.306  -8.793  48.376 0.8750000000
63087  -40.020  -8.740  47.931 0.8750000000
56154  -6.822  -16.085  46.465 0.8750000000
57144  -6.111  -15.015  46.274 0.8750000000
124295  -5.611  -14.363  45.961 0.8750000000
58082  -5.162  -13.790  44.036 0.8750000000
57108  -17.984  -13.866  51.583 0.8750000000
60154  -33.947  -12.058  47.390 0.8750000000
61202  -33.839  -11.310  46.978 0.8750000000
61241  -34.135  -10.282  45.871 0.8750000000
64091  -38.868  -7.405  46.163 1.0000000000
57137  -6.121  -14.051  46.797 0.8750000000
57150  -5.175  -14.097  45.153 1.0000000000
59066  -5.453  -13.012  44.378 0.8750000000
60239  -6.639  -12.147  43.428 0.7500000000
57123  -18.031  -14.085  49.627 0.8750000000
140760  -33.537  -11.970  46.815 0.8750000000
60186  -32.969  -10.934  45.655 0.8750000000
132896  -34.048  -10.028  45.152 0.8750000000
64101  -38.812  -6.892  44.534 1.0000000000
64092  -40.253  -7.089  45.470 1.0000000000
139512  -40.859  -7.107  45.213 1.0000000000
62165  -41.669  -9.248  47.023 0.8750000000
60240  -7.047  -11.917  43.226 0.7500000000
59107  -8.212  -12.600  43.024 0.2500000000
57139  -18.062  -14.242  47.964 0.8750000000
62203  -33.548  -10.065  44.618 0.8750000000
64103  -40.570  -6.972  44.514 1.0000000000
64104  -41.379  -7.227  45.040 1.0000000000
60221  -8.280  -12.182  44.007 0.2500000000
59067  -9.588  -12.559  44.571 0.2500000000
132188  -18.403  -13.618  47.950 0.8750000000
58073  -18.330  -13.971  46.268 0.7500000000
62202  -32.846  -10.103  44.023 0.8750000000
62213  -33.698  -9.750  43.753 0.8750000000
64115  -39.906  -6.600  43.818 1.0000000000
64116  -40.609  -6.821  43.570 1.0000000000
64117  -41.428  -7.287  43.878 1.0000000000
60174  -42.990  -11.097  46.858 0.8750000000
57151  -18.403  -14.530  45.646 0.7500000000
62227  -33.000  -9.315  42.408 0.8750000000
63167  -34.385  -8.762  42.012 0.8750000000
65037  -41.119  -6.762  42.733 1.0000000000
64132  -41.899  -7.165  43.078 1.0000000000
64118  -42.392  -7.628  43.647 1.0000000000
57167  -18.728  -14.189  44.228 0.7500000000
62234  -32.396  -9.157  41.694 0.8750000000
139726  -33.450  -8.535  40.941 0.7500000000
63176  -34.045  -8.338  40.921 0.7500000000
64154  -35.166  -7.162  39.749 0.7500000000
118244  -41.333  -6.640  41.625 1.0000000000
65062  -42.135  -6.581  41.486 1.0000000000
64133  -42.596  -7.344  42.859 1.0000000000
59081  -44.627  -12.609  44.523 0.7500000000
58102  -19.884  -13.501  42.658 0.7500000000
62243  -31.017  -8.952  40.533 0.7500000000
61283  -30.887  -10.393  41.522 0.7500000000
123812  -33.992  -5.977  39.863 0.7500000000
136619  -41.097  -6.114  40.457 1.0000000000
65082  -41.583  -6.382  40.842 1.0000000000
65083  -42.371  -6.145  40.820 1.0000000000
58119  -20.872  -13.511  41.265 0.8750000000
57202  -21.269  -13.991  40.926 0.7500000000
62250  -30.000  -9.032  39.484 0.7500000000
61289  -30.705  -10.502  40.670 0.7500000000
66938  -34.915  -4.394  41.571 0.6250000000
66946  -34.899  -4.671  40.798 0.6250000000
66961  -40.673  -4.479  40.219 0.7500000000
66007  -40.917  -5.392  40.181 0.7500000000
66963  -42.405  -4.854  40.340 0.7500000000
66009  -42.592  -5.495  40.507 1.0000000000
57215  -21.759  -13.994  40.233 0.7500000000
57217  -23.086  -14.714  39.134 0.7500000000
61299  -29.839  -10.396  38.861 0.7500000000
117597  -30.325  -10.633  39.589 0.7500000000
131186  -35.060  -4.311  42.379 0.5000000000
66939  -35.556  -4.015  41.866 0.6250000000
67904  -36.848  -3.568  41.686 0.7500000000
67923  -39.465  -3.753  40.459 0.7500000000
67924  -40.342  -3.750  40.565 0.7500000000
67925  -41.232  -3.873  40.586 0.7500000000
67926  -42.210  -3.981  40.589 0.7500000000
57228  -23.100  -14.016  38.897 0.6250000000
125495  -24.304  -14.845  37.943 0.7500000000
57240  -24.983  -14.169  37.671 0.7500000000
60321  -28.915  -12.120  37.773 0.7500000000
61309  -29.315  -10.778  38.509 0.7500000000
67892  -36.912  -3.598  42.475 0.7500000000
67893  -37.624  -3.474  42.118 0.6250000000
67894  -38.618  -3.343  42.043 0.7500000000
67895  -39.430  -3.091  42.315 0.7500000000
67896  -40.304  -2.866  41.977 0.7500000000
67908  -40.788  -3.299  41.197 0.7500000000
67909  -41.691  -3.349  41.126 0.7500000000
59165  -23.543  -13.350  38.688 0.6250000000
59166  -24.214  -12.995  38.347 0.6250000000
58163  -25.373  -13.325  37.658 0.6250000000
59181  -26.538  -12.530  37.710 0.6250000000
60320  -28.038  -11.971  37.727 0.7500000000
60309  -28.568  -11.250  38.142 0.7500000000
119594  -38.178  -3.420  42.975 0.6250000000
119571  -38.867  -3.274  42.892 0.7500000000
67885  -39.391  -3.112  43.354 0.7500000000
67886  -39.990  -2.696  42.908 0.7500000000
67897  -41.227  -2.836  41.790 0.7500000000
139101  -17.520  -16.051  59.604 1.0000000000
57073  -21.020  -14.772  58.840 0.7500000000
52053  -13.329  -19.800  54.719 0.8750000000
52047  -13.018  -19.771  56.104 1.0000000000
51136  -13.460  -20.476  56.396 1.0000000000
52964  -12.967  -18.969  54.336 1.0000000000
52961  -12.941  -19.211  55.068 1.0000000000
57076  -21.678  -14.415  58.415 0.7500000000
52963  -12.877  -18.355  53.773 1.0000000000
51134  -13.531  -20.978  57.602 1.0000000000
123287  -15.453  -18.767  59.163 1.0000000000
57079  -21.355  -14.694  57.506 0.7500000000
57080  -21.886  -14.520  57.745 0.7500000000
136958  -12.470  -17.476  52.957 0.8750000000
122353  -12.119  -17.183  51.820 0.8750000000
51130  -13.228  -20.748  58.484 1.0000000000
50181  -13.380  -21.336  59.099 1.0000000000
136984  -21.148  -14.511  56.865 0.7500000000
54975  -10.315  -16.427  52.227 1.0000000000
54987  -9.905  -16.520  50.896 0.8750000000
50179  -13.452  -21.639  60.516 1.0000000000
51131  -15.645  -20.209  59.233 1.0000000000
136892  -21.181  -14.250  56.325 0.7500000000
57109  -36.058  -14.050  50.694 1.0000000000
126956  -35.872  -13.685  50.633 1.0000000000
59008  -35.988  -12.645  50.740 1.0000000000
60127  -35.924  -11.563  50.650 1.0000000000
61169  -36.256  -10.704  50.567 1.0000000000
53966  -10.014  -16.587  50.055 0.8750000000
53965  -7.853  -16.832  50.190 0.8750000000
123795  -13.640  -21.448  61.448 1.0000000000
49299  -14.173  -21.984  61.754 1.0000000000
57093  -19.719  -14.022  54.620 0.7500000000
118275  -20.484  -13.909  54.911 0.7500000000
59009  -36.195  -12.477  50.701 1.0000000000
60119  -36.249  -12.058  50.807 1.0000000000
60128  -36.727  -11.265  50.867 1.0000000000
53977  -7.547  -16.835  50.169 0.8750000000
49300  -14.616  -22.555  62.200 1.0000000000
48432  -15.127  -23.063  62.520 1.0000000000
48433  -15.867  -23.168  62.464 1.0000000000
130551  -16.555  -22.190  60.881 1.0000000000
57098  -18.642  -14.097  53.294 0.7500000000
59018  -35.250  -12.935  49.984 1.0000000000
61191  -34.659  -11.319  48.304 0.8750000000
136648  -34.993  -10.663  48.410 0.8750000000
62132  -37.195  -9.924  50.378 1.0000000000
62133  -37.643  -9.848  49.884 1.0000000000
53989  -7.461  -16.479  49.575 0.8750000000
55001  -7.293  -16.141  48.999 0.8750000000
57104  -19.329  -13.764  52.877 0.7500000000
62162  -36.271  -8.802  48.133 0.8750000000
141040  -37.364  -8.048  47.305 0.8750000000
63097  -38.043  -7.867  47.514 1.0000000000
63074  -37.921  -8.976  49.319 1.0000000000
63075  -38.608  -8.904  48.827 1.0000000000
128115  -7.072  -15.937  48.522 0.8750000000
56146  -6.805  -15.754  47.454 0.8750000000
56145  -6.508  -14.997  47.186 0.8750000000
58049  -18.632  -13.491  50.094 0.8750000000
57115  -18.038  -13.935  50.553 0.8750000000
63100  -40.690  -8.688  47.474 0.8750000000
123713  -41.304  -8.705  47.069 0.8750000000
58077  -5.183  -13.160  45.234 1.0000000000
127993  -5.845  -12.167  44.252 1.0000000000
58054  -18.494  -13.583  49.192 0.8750000000
119297  -39.746  -7.267  46.297 1.0000000000
63101  -41.891  -8.821  46.743 0.8750000000
117530  -5.667  -12.400  45.061 1.0000000000
60218  -6.333  -11.831  43.950 1.0000000000
60220  -7.128  -11.677  43.564 0.5000000000
60242  -7.541  -12.049  43.325 0.3750000000
64093  -41.085  -7.327  45.712 1.0000000000
64094  -41.811  -7.634  45.680 1.0000000000
62182  -43.110  -9.580  46.452 0.8750000000
61228  -43.536  -10.373  46.628 1.0000000000
60201  -8.792  -12.221  44.922 0.3750000000
58067  -18.259  -13.956  47.151 0.7500000000
63184  -32.580  -8.173  40.216 0.6250000000
61229  -44.337  -10.535  46.337 1.0000000000
61242  -45.269  -10.652  45.957 1.0000000000
58074  -18.612  -13.129  46.599 0.7500000000
64151  -31.943  -7.758  39.807 0.6250000000
64106  -42.939  -8.003  44.113 1.0000000000
64119  -43.272  -7.843  43.484 1.0000000000
140819  -43.878  -11.863  45.970 0.8750000000
60194  -44.626  -11.461  46.023 0.8750000000
60195  -45.445  -11.543  45.580 0.8750000000
58078  -18.506  -13.554  45.503 0.7500000000
57159  -18.572  -14.314  44.865 0.7500000000
63173  -31.961  -8.733  40.522 0.7500000000
126600  -32.687  -7.505  39.784 0.6250000000
66000  -32.514  -5.859  40.359 0.6250000000
65049  -42.722  -6.877  42.116 1.0000000000
64134  -43.324  -7.302  42.713 1.0000000000
64120  -44.108  -7.666  43.307 1.0000000000
59065  -45.153  -12.179  45.126 0.7500000000
59083  -46.088  -12.288  44.132 0.8750000000
60237  -46.505  -11.817  43.770 0.8750000000
59055  -18.706  -12.803  44.856 0.7500000000
58090  -18.849  -13.691  43.768 0.7500000000
62233  -31.530  -9.320  41.337 0.7500000000
65074  -33.211  -6.421  39.803 0.7500000000
65991  -33.424  -5.116  41.236 0.6250000000
65063  -42.940  -6.478  41.358 1.0000000000
65051  -44.316  -6.413  41.905 1.0000000000
59102  -46.060  -12.266  43.313 0.7500000000
60256  -46.415  -11.703  42.984 1.0000000000
138939  -46.242  -11.351  42.321 0.8750000000
130482  -19.869  -12.906  42.485 0.6250000000
63183  -30.990  -8.019  39.697 0.6250000000
63182  -30.403  -8.619  39.750 0.6250000000
65982  -33.664  -4.851  42.078 0.5000000000
65993  -43.827  -5.375  40.961 0.8750000000
66950  -44.496  -4.986  41.461 1.0000000000
131426  -45.269  -12.364  42.223 0.5000000000
59138  -45.465  -11.873  41.661 0.7500000000
60290  -46.009  -10.729  40.752 0.8750000000
59131  -20.710  -12.827  41.301 0.6250000000
58135  -21.268  -13.247  40.671 0.7500000000
63189  -29.666  -8.383  39.500 0.7500000000
66932  -35.662  -4.107  42.936 0.5000000000
67927  -42.931  -4.380  40.546 0.7500000000
66949  -43.693  -4.417  40.892 0.7500000000
58136  -21.785  -13.322  40.130 0.6250000000
62249  -28.568  -9.228  39.256 0.7500000000
66933  -36.542  -3.817  43.143 0.5000000000
116912  -37.919  -3.569  43.846 0.5000000000
68853  -42.128  -2.887  41.669 0.7500000000
68854  -43.088  -3.025  41.463 0.7500000000
67911  -43.623  -3.625  41.265 0.7500000000
60305  -46.257  -10.074  40.287 0.8750000000
58146  -23.011  -13.182  39.251 0.6250000000
137955  -24.671  -13.401  37.899 0.6250000000
59167  -25.858  -12.209  38.053 0.6250000000
60308  -26.920  -11.522  38.403 0.6250000000
61307  -27.925  -10.719  38.482 0.7500000000
119438  -38.721  -3.393  43.652 0.6250000000
68843  -40.754  -2.460  42.521 0.7500000000
68844  -41.630  -2.385  42.269 0.7500000000
68831  -42.019  -1.836  42.640 0.7500000000
137262  -46.325  -9.513  39.023 0.8750000000
58155  -25.078  -12.649  38.034 0.6250000000
60307  -26.057  -11.673  38.617 0.6250000000
67875  -39.971  -2.970  43.892 0.5000000000
68829  -40.448  -2.446  43.379 0.6250000000
68830  -41.079  -1.989  42.912 0.7500000000
62259  -47.099  -9.123  38.588 0.8750000000
62290  -46.816  -8.537  36.457 0.6250000000
117824  -49.589  -8.787  37.444 1.0000000000
135489  -49.842  -9.085  36.562 1.0000000000
117623  -50.557  -9.255  36.922 1.0000000000
62293  -50.299  -9.426  35.994 0.8750000000
63221  -47.668  -8.346  35.681 0.8750000000
63222  -48.659  -8.643  35.815 0.8750000000
62310  -50.797  -9.390  35.421 0.7500000000
62309  -50.017  -9.259  35.184 0.7500000000
63229  -47.305  -8.246  34.698 0.6250000000
63230  -48.288  -8.462  34.868 0.7500000000
63223  -49.208  -8.879  35.017 0.8750000000
62321  -50.545  -9.151  34.588 0.7500000000
62322  -51.353  -9.139  34.848 0.8750000000
63233  -51.890  -8.848  34.286 0.6250000000
118524  -48.925  -8.575  34.107 0.7500000000
63231  -50.345  -8.893  33.906 0.6250000000
63232  -51.059  -8.962  34.007 0.6250000000
63242  -49.703  -8.476  33.446 0.6250000000
63243  -50.686  -8.525  33.335 0.6250000000
126694  -51.555  -8.530  33.492 0.6250000000
63253  -50.197  -7.977  32.563 0.6250000000
63244  -51.211  -8.133  32.749 0.6250000000
64209  -50.113  -7.192  31.778 0.5000000000
64193  -52.059  -8.058  32.983 0.7500000000
64210  -51.742  -7.247  31.802 0.6250000000
56084  -18.184  -15.937  60.106 0.8750000000
56086  -19.745  -15.202  59.912 0.7500000000
54940  -16.722  -16.305  59.496 1.0000000000
56087  -20.312  -14.957  59.314 0.6250000000
52957  -12.456  -18.279  56.471 1.0000000000
119798  -12.645  -19.178  56.661 1.0000000000
125064  -12.627  -19.354  57.498 1.0000000000
52041  -12.592  -19.420  58.269 1.0000000000
53933  -12.451  -17.893  55.568 1.0000000000
52046  -12.686  -18.982  55.760 1.0000000000
138880  -13.447  -20.510  57.094 1.0000000000
51133  -12.979  -20.156  57.790 1.0000000000
51129  -12.737  -19.899  58.832 1.0000000000
53913  -15.654  -17.238  59.201 1.0000000000
53939  -12.014  -17.073  54.953 1.0000000000
58024  -22.198  -14.028  57.209 0.7500000000
132167  -11.408  -16.667  53.688 1.0000000000
54970  -11.105  -16.577  52.914 0.8750000000
51126  -12.981  -20.488  59.489 1.0000000000
52044  -15.506  -19.464  58.710 1.0000000000
57089  -21.536  -14.018  55.938 0.7500000000
58027  -22.098  -13.911  56.322 0.7500000000
54962  -9.240  -16.460  54.086 1.0000000000
125411  -10.114  -16.397  52.918 1.0000000000
54981  -10.548  -16.536  51.451 0.8750000000
51125  -13.023  -20.238  60.524 1.0000000000
51122  -13.235  -20.912  61.087 1.0000000000
51128  -15.955  -20.923  59.817 1.0000000000
139830  -20.609  -13.674  54.651 0.7500000000
57088  -20.843  -14.089  55.623 0.7500000000
54973  -8.326  -16.835  52.707 1.0000000000
54979  -8.264  -16.897  51.453 1.0000000000
130473  -8.776  -16.615  50.679 0.8750000000
50177  -14.606  -21.639  62.364 1.0000000000
57094  -20.203  -13.702  54.270 0.7500000000
59027  -35.257  -11.996  49.897 1.0000000000
60138  -35.515  -11.139  49.999 1.0000000000
61182  -35.791  -10.326  49.820 1.0000000000
61170  -36.999  -10.451  50.753 1.0000000000
53964  -7.136  -16.917  50.760 0.8750000000
49296  -14.996  -22.248  62.553 1.0000000000
130622  -16.216  -22.686  62.219 1.0000000000
50180  -16.273  -21.565  60.382 1.0000000000
140266  -35.131  -11.487  49.510 1.0000000000
61181  -35.144  -10.973  49.143 1.0000000000
116754  -35.832  -9.420  48.581 0.8750000000
62148  -36.613  -8.910  49.075 1.0000000000
62141  -37.122  -9.259  49.874 1.0000000000
53976  -7.248  -16.754  50.504 0.8750000000
54993  -6.988  -16.323  50.022 0.8750000000
58044  -19.692  -13.116  51.475 0.7500000000
58038  -18.978  -13.507  51.997 0.7500000000
134840  -37.583  -8.080  48.048 1.0000000000
63084  -37.959  -8.407  48.764 1.0000000000
57112  -6.847  -15.903  51.017 1.0000000000
56126  -6.871  -16.319  50.749 0.8750000000
134736  -7.079  -16.048  49.300 0.8750000000
58043  -18.730  -13.421  51.047 0.7500000000
63113  -38.510  -7.720  46.871 1.0000000000
63098  -38.919  -7.898  47.758 1.0000000000
63099  -39.492  -8.250  48.010 1.0000000000
134488  -7.631  -14.491  52.152 1.0000000000
57113  -7.337  -15.006  50.857 1.0000000000
57120  -7.230  -15.016  49.486 0.8750000000
116938  -6.914  -15.242  48.154 0.8750000000
57138  -6.676  -14.225  47.781 0.8750000000
58050  -19.219  -13.070  50.557 0.7500000000
64081  -40.110  -7.599  47.089 1.0000000000
64072  -40.169  -8.116  47.605 0.8750000000
58042  -8.194  -13.869  52.019 1.0000000000
58048  -7.787  -13.679  50.192 1.0000000000
57121  -7.435  -14.430  49.832 1.0000000000
57128  -7.062  -14.563  48.670 0.8750000000
139698  -5.827  -13.327  46.841 0.8750000000
59054  -5.530  -12.565  46.022 1.0000000000
58055  -19.149  -12.913  49.652 0.8750000000
128986  -40.586  -7.469  46.375 1.0000000000
63115  -41.472  -8.335  46.704 1.0000000000
63116  -42.470  -9.002  46.511 1.0000000000
59004  -8.384  -13.168  50.871 1.0000000000
58053  -7.213  -13.776  49.008 0.8750000000
135835  -6.377  -12.605  48.065 1.0000000000
59047  -5.588  -11.880  46.940 1.0000000000
60198  -6.777  -11.577  44.470 1.0000000000
128807  -7.073  -11.486  44.146 0.5000000000
60200  -8.048  -11.866  44.813 0.3750000000
59031  -19.467  -12.446  48.906 0.8750000000
58061  -18.795  -13.105  48.549 0.8750000000
64082  -41.319  -7.840  46.324 1.0000000000
121899  -42.094  -8.312  46.297 1.0000000000
63117  -42.898  -8.892  45.999 1.0000000000
62191  -43.780  -9.314  45.985 1.0000000000
62192  -44.681  -9.749  45.987 1.0000000000
59000  -8.631  -13.006  51.898 1.0000000000
59021  -7.609  -12.676  49.444 1.0000000000
125510  -7.103  -11.880  49.124 1.0000000000
60148  -5.776  -11.117  47.504 1.0000000000
60176  -5.873  -11.787  45.875 1.0000000000
61246  -7.003  -11.430  44.715 0.7500000000
60199  -7.364  -11.551  44.959 0.5000000000
60178  -8.656  -11.963  45.671 0.3750000000
60179  -9.566  -12.350  45.694 0.3750000000
59041  -19.168  -12.486  48.013 0.8750000000
58068  -18.656  -13.117  47.593 0.8750000000
63145  -43.039  -8.171  44.786 1.0000000000
63132  -42.607  -8.199  45.510 1.0000000000
63147  -44.496  -8.522  44.860 1.0000000000
134945  -44.411  -9.082  45.518 1.0000000000
62193  -45.673  -9.740  45.751 1.0000000000
61243  -46.109  -10.447  45.589 1.0000000000
121958  -8.812  -12.373  51.017 1.0000000000
59012  -8.387  -12.065  50.292 1.0000000000
60121  -7.630  -11.704  49.652 1.0000000000
60130  -6.556  -11.182  48.921 1.0000000000
61185  -5.731  -10.434  47.973 0.8750000000
129591  -6.540  -10.611  46.621 0.8750000000
61210  -7.470  -10.721  46.534 0.5000000000
60160  -8.478  -11.426  46.303 0.3750000000
59048  -19.131  -12.269  46.601 0.7500000000
64165  -32.105  -6.993  39.611 0.6250000000
140807  -43.905  -8.146  43.693 1.0000000000
63148  -45.073  -8.269  44.616 1.0000000000
120429  -46.195  -8.915  45.613 1.0000000000
62194  -46.441  -9.565  45.642 1.0000000000
61244  -46.646  -10.744  44.947 1.0000000000
60114  -8.728  -11.433  50.827 0.8750000000
61175  -7.231  -10.729  49.817 0.8750000000
61174  -6.589  -10.441  49.403 0.8750000000
59056  -18.849  -12.621  45.795 0.7500000000
64150  -31.247  -7.066  39.617 0.6250000000
137351  -31.212  -5.936  40.591 0.6250000000
65989  -31.815  -5.612  40.951 0.6250000000
138703  -33.070  -5.134  41.953 0.5000000000
64135  -44.105  -6.938  42.597 1.0000000000
124139  -45.345  -6.986  44.044 1.0000000000
126080  -45.380  -7.669  44.629 1.0000000000
60217  -46.778  -11.107  44.117 1.0000000000
60122  -7.964  -11.091  50.175 0.8750000000
61164  -7.494  -10.267  50.365 0.8750000000
58084  -18.719  -12.903  43.964 0.7500000000
65071  -30.724  -6.436  40.176 0.6250000000
65056  -30.367  -5.944  41.018 0.5000000000
65971  -31.868  -5.574  42.938 0.5000000000
65981  -32.526  -5.332  42.389 0.5000000000
132879  -45.307  -6.139  43.286 1.0000000000
65975  -45.346  -5.298  44.079 1.0000000000
61264  -47.074  -10.375  42.957 1.0000000000
60257  -46.616  -10.903  42.605 1.0000000000
59090  -19.137  -12.248  43.482 0.6250000000
64149  -30.200  -7.162  39.827 0.6250000000
65055  -29.709  -6.196  41.316 0.6250000000
65972  -32.625  -5.418  43.352 0.5000000000
131124  -33.913  -4.837  42.995 0.5000000000
66921  -34.812  -4.520  44.199 0.3750000000
67912  -44.298  -4.028  41.640 0.8750000000
67899  -44.675  -3.552  42.411 0.8750000000
129983  -46.522  -10.642  41.873 1.0000000000
59114  -20.186  -12.359  41.974 0.5000000000
64162  -28.807  -7.582  40.071 0.6250000000
138292  -28.800  -6.821  41.597 0.6250000000
66922  -35.529  -4.311  44.526 0.5000000000
67887  -44.941  -2.976  43.294 0.7500000000
60275  -46.495  -10.484  41.227 0.8750000000
129881  -20.658  -12.116  41.373 0.5000000000
59132  -21.156  -12.372  40.872 0.5000000000
62241  -28.118  -8.790  39.881 0.6250000000
63172  -27.879  -8.051  41.376 0.6250000000
66923  -36.076  -4.087  43.898 0.5000000000
67872  -37.775  -3.771  44.590 0.3750000000
68845  -42.608  -2.386  42.090 0.7500000000
68846  -43.589  -2.471  42.095 0.7500000000
61304  -46.988  -9.415  40.042 0.8750000000
59150  -22.266  -13.003  39.739 0.6250000000
59151  -22.914  -12.368  39.563 0.6250000000
60294  -23.519  -11.843  39.540 0.6250000000
60296  -26.720  -11.279  39.066 0.6250000000
61297  -27.376  -10.589  39.203 0.7500000000
67873  -38.560  -3.602  44.462 0.3750000000
67874  -39.390  -3.392  44.241 0.5000000000
69790  -43.108  -1.784  42.512 0.7500000000
61303  -46.053  -9.869  39.674 0.8750000000
62251  -48.026  -8.996  39.589 1.0000000000
62261  -48.963  -8.829  39.028 1.0000000000
59152  -23.718  -12.495  39.031 0.6250000000
127868  -24.354  -11.706  39.376 0.6250000000
59154  -25.344  -12.029  38.448 0.6250000000
67866  -40.050  -3.319  44.812 0.5000000000
69753  -40.673  -2.058  44.722 0.3750000000
69761  -40.871  -1.129  44.134 0.6250000000
69762  -41.742  -0.658  43.677 0.6250000000
62260  -47.989  -8.801  38.868 1.0000000000
62277  -48.808  -8.637  38.253 1.0000000000
70701  -41.160  -0.310  44.533 0.5000000000
135108  -47.034  -9.035  37.956 0.8750000000
62276  -47.850  -8.719  38.107 1.0000000000
129278  -49.724  -8.767  38.335 1.0000000000
62279  -51.035  -9.175  37.691 0.8750000000
117143  -51.555  -9.547  37.045 0.8750000000
62294  -51.131  -9.546  36.219 0.8750000000
62280  -51.883  -9.463  37.788 0.8750000000
62295  -52.167  -9.649  36.436 0.8750000000
62311  -51.714  -9.416  35.682 0.7500000000
62323  -52.316  -9.100  35.162 0.7500000000
125356  -52.916  -8.761  34.647 0.7500000000
63245  -52.439  -8.374  33.819 0.6250000000
67951  -47.828  -3.662  37.702 0.3750000000
64202  -52.504  -7.410  32.452 0.6250000000
65139  -51.852  -6.616  31.210 0.7500000000
54934  -16.669  -16.374  61.197 1.0000000000
56079  -17.355  -15.938  61.300 1.0000000000
56080  -17.994  -15.807  60.952 1.0000000000
121290  -16.576  -16.521  60.283 1.0000000000
137600  -20.612  -14.588  59.308 0.6250000000
52954  -12.365  -18.536  57.316 1.0000000000
53902  -15.552  -17.471  60.992 1.0000000000
53906  -15.624  -17.345  60.093 1.0000000000
54939  -16.028  -16.731  59.740 1.0000000000
58021  -22.231  -13.947  58.034 0.6250000000
53927  -12.204  -17.459  56.375 1.0000000000
135423  -11.892  -18.226  58.723 1.0000000000
122970  -12.278  -18.726  58.166 1.0000000000
52946  -15.384  -18.118  60.523 1.0000000000
125629  -15.458  -18.012  59.619 1.0000000000
58025  -22.332  -13.430  56.739 0.6250000000
53932  -11.901  -16.961  55.854 1.0000000000
52036  -12.076  -18.606  59.917 1.0000000000
52040  -15.565  -19.546  59.682 1.0000000000
54956  -10.302  -16.568  55.572 1.0000000000
52039  -12.551  -19.525  59.897 1.0000000000
51127  -15.780  -20.302  60.236 1.0000000000
130524  -21.702  -13.571  55.638 0.7500000000
54955  -9.386  -16.565  55.463 1.0000000000
54961  -8.221  -16.799  54.369 1.0000000000
51121  -13.184  -20.145  61.462 1.0000000000
58031  -21.034  -13.731  55.098 0.7500000000
119613  -7.283  -17.138  53.862 1.0000000000
130181  -8.565  -16.754  52.039 1.0000000000
51118  -13.522  -20.774  61.978 1.0000000000
50173  -14.163  -21.021  62.272 1.0000000000
50174  -14.891  -21.108  62.610 1.0000000000
50178  -16.311  -21.536  61.272 1.0000000000
57099  -20.008  -13.485  53.394 0.7500000000
54960  -6.232  -17.055  54.538 1.0000000000
53949  -6.620  -16.822  53.080 1.0000000000
53951  -7.441  -17.157  51.978 1.0000000000
53956  -7.441  -17.012  51.054 1.0000000000
49297  -15.251  -21.725  62.562 1.0000000000
49298  -15.931  -21.901  62.328 1.0000000000
49301  -16.450  -22.196  61.736 1.0000000000
58039  -19.850  -13.399  52.428 0.7500000000
134374  -6.534  -15.776  54.008 1.0000000000
56111  -6.448  -16.504  53.382 1.0000000000
136686  -6.648  -16.782  52.322 1.0000000000
53955  -6.884  -17.285  51.505 1.0000000000
58040  -20.148  -13.121  52.203 0.7500000000
57090  -7.168  -14.813  54.299 1.0000000000
57095  -6.693  -15.728  53.115 1.0000000000
56118  -6.561  -16.180  52.065 1.0000000000
53963  -6.970  -16.852  51.211 1.0000000000
58033  -7.663  -14.207  53.689 1.0000000000
58036  -7.694  -14.346  52.855 1.0000000000
57105  -6.802  -15.796  51.642 1.0000000000
58034  -8.083  -13.652  53.917 1.0000000000
58037  -8.287  -13.583  52.990 1.0000000000
60092  -9.092  -12.315  54.062 1.0000000000
58997  -8.582  -12.980  53.703 1.0000000000
60141  -19.739  -11.822  48.329 0.8750000000
136662  -8.810  -12.842  52.680 1.0000000000
132270  -18.957  -12.551  47.252 0.7500000000
60099  -9.222  -12.343  52.995 0.8750000000
60107  -9.145  -12.169  51.823 1.0000000000
61186  -6.064  -10.507  48.718 0.8750000000
62152  -5.825  -9.760  47.803 0.8750000000
62167  -6.717  -10.106  47.025 0.7500000000
117467  -19.255  -11.969  45.958 0.7500000000
64095  -46.279  -7.064  45.880 1.0000000000
63135  -46.707  -8.103  45.733 1.0000000000
62195  -47.024  -9.430  45.456 1.0000000000
61245  -46.990  -9.969  45.006 1.0000000000
126541  -9.135  -11.240  51.575 0.8750000000
121444  -5.828  -9.827  48.495 0.8750000000
123712  -19.078  -12.060  45.196 0.7500000000
65952  -35.216  -4.746  46.799 0.3750000000
65945  -35.537  -5.071  47.649 0.3750000000
130318  -45.456  -6.035  44.692 1.0000000000
65023  -46.065  -6.236  45.995 1.0000000000
63136  -47.267  -8.707  45.408 1.0000000000
62205  -47.477  -9.410  44.680 1.0000000000
128403  -46.997  -10.555  43.622 1.0000000000
59069  -18.954  -12.135  44.307 0.7500000000
60245  -19.448  -11.672  43.079 0.6250000000
65034  -31.211  -5.820  43.434 0.3750000000
140738  -33.142  -5.282  44.893 0.3750000000
65957  -34.040  -5.009  45.963 0.3750000000
66896  -35.895  -4.321  47.045 0.3750000000
66942  -45.324  -4.726  43.469 1.0000000000
136133  -45.838  -5.085  45.891 1.0000000000
130045  -47.901  -9.112  43.898 1.0000000000
62216  -47.909  -9.121  43.080 1.0000000000
61157  -8.602  -10.574  51.225 0.8750000000
60246  -19.838  -11.566  42.442 0.5000000000
137289  -29.464  -6.412  42.578 0.6250000000
65965  -33.518  -5.087  44.480 0.3750000000
65966  -34.190  -4.750  44.723 0.3750000000
66911  -35.635  -4.243  45.393 0.3750000000
66934  -45.201  -3.979  43.365 0.8750000000
67876  -45.829  -3.725  45.213 1.0000000000
66925  -45.792  -4.534  45.640 1.0000000000
62228  -47.538  -9.621  42.604 1.0000000000
62236  -47.703  -9.379  41.804 1.0000000000
60260  -20.421  -11.525  41.800 0.5000000000
64126  -28.524  -7.389  42.941 0.6250000000
66912  -36.418  -4.049  45.724 0.3750000000
66914  -37.780  -3.826  45.944 0.3750000000
68832  -44.242  -2.023  42.816 0.7500000000
122348  -45.527  -2.926  44.454 0.7500000000
61295  -47.819  -9.374  40.763 1.0000000000
62238  -48.827  -8.654  40.795 1.0000000000
60278  -21.700  -11.858  40.547 0.5000000000
134166  -22.335  -11.501  40.350 0.5000000000
62240  -27.462  -9.362  40.461 0.6250000000
63165  -27.431  -8.754  42.183 0.6250000000
63166  -27.934  -8.005  42.521 0.6250000000
66913  -37.213  -3.958  45.228 0.3750000000
67865  -38.217  -3.781  45.224 0.3750000000
69776  -43.585  -1.186  43.069 0.7500000000
137967  -45.201  -1.530  44.263 0.7500000000
62244  -48.638  -9.008  40.485 1.0000000000
62252  -49.044  -8.869  39.755 1.0000000000
59141  -22.249  -12.150  40.024 0.5000000000
60283  -26.452  -11.053  39.892 0.6250000000
61288  -27.033  -10.291  40.196 0.6250000000
61282  -26.756  -9.978  41.252 0.6250000000
68813  -40.588  -2.982  45.432 0.3750000000
70713  -42.911  -0.516  43.503 0.7500000000
125415  -44.366  -0.190  44.458 0.7500000000
60295  -25.223  -11.674  39.006 0.6250000000
60282  -25.904  -11.390  39.392 0.6250000000
61281  -26.331  -10.932  40.862 0.6250000000
69754  -40.670  -1.063  45.208 0.3750000000
70702  -42.217  0.011  44.189 0.6250000000
70703  -43.366  -0.017  44.155 0.6250000000
62263  -50.641  -8.612  38.847 1.0000000000
118742  -50.509  -8.819  38.326 1.0000000000
121204  -51.331  -8.708  38.734 0.8750000000
70694  -41.731  0.330  45.117 0.3750000000
71680  -42.484  0.766  45.330 0.6250000000
117721  -51.266  -8.965  38.297 1.0000000000
62264  -51.977  -9.210  38.400 0.8750000000
62281  -52.681  -9.625  37.866 0.7500000000
116957  -52.554  -9.797  37.203 0.8750000000
62296  -53.195  -9.848  36.579 0.7500000000
68872  -50.401  -2.057  38.816 0.3750000000
117535  -53.680  -9.708  36.087 0.7500000000
62324  -53.411  -9.261  35.440 0.7500000000
131482  -49.888  -2.812  38.489 0.3750000000
67939  -49.073  -3.035  38.338 0.3750000000
67953  -49.437  -3.588  38.029 0.3750000000
66985  -49.884  -4.326  37.641 0.3750000000
63246  -53.501  -8.254  34.209 0.7500000000
65128  -54.874  -7.090  33.613 0.7500000000
139788  -49.151  -4.145  37.470 0.3750000000
64194  -52.984  -7.806  33.385 0.7500000000
64203  -53.602  -7.157  33.041 0.6250000000
67952  -48.620  -3.751  37.714 0.3750000000
65132  -53.146  -6.709  32.165 0.6250000000
65141  -53.556  -6.007  31.890 0.6250000000
66983  -47.942  -4.202  37.065 0.2500000000
66984  -48.667  -4.372  36.957 0.3750000000
64211  -52.391  -6.902  31.737 0.7500000000
67002  -48.919  -4.731  36.180 0.2500000000
65140  -52.678  -6.255  31.328 0.7500000000
66061  -53.109  -5.129  30.937 0.7500000000
139506  -53.152  -5.662  31.276 0.7500000000
67001  -48.146  -4.582  36.246 0.2500000000
57990  -16.050  -13.451  61.886 0.8750000000
57057  -16.021  -14.835  62.344 0.8750000000
57063  -16.743  -14.214  62.007 0.8750000000
56073  -17.537  -15.225  61.537 0.8750000000
56068  -16.005  -15.661  62.212 0.8750000000
56081  -18.655  -15.557  60.601 0.8750000000
57062  -15.668  -13.917  62.272 0.8750000000
122262  -15.261  -14.564  62.512 0.8750000000
54930  -16.203  -16.160  61.893 1.0000000000
57068  -18.729  -14.768  60.908 0.8750000000
57069  -19.434  -14.704  60.378 0.7500000000
57072  -20.047  -14.620  59.806 0.7500000000
52950  -11.916  -17.932  57.991 1.0000000000
56067  -15.411  -15.373  62.563 0.8750000000
54926  -15.423  -16.429  62.347 1.0000000000
54929  -15.843  -16.768  61.504 1.0000000000
58007  -20.473  -14.016  59.503 0.6250000000
58022  -22.337  -13.333  57.554 0.6250000000
52953  -12.091  -17.620  57.136 1.0000000000
53918  -11.340  -17.197  57.670 1.0000000000
53898  -15.178  -17.488  61.822 1.0000000000
128887  -15.229  -18.347  61.411 1.0000000000
52949  -15.480  -18.839  60.107 1.0000000000
58992  -22.271  -12.769  56.423 0.6250000000
60087  -21.975  -11.868  56.404 0.6250000000
53917  -10.257  -17.097  58.161 1.0000000000
52947  -10.802  -17.527  59.528 1.0000000000
52943  -11.398  -17.959  60.036 1.0000000000
52942  -15.326  -19.457  61.844 1.0000000000
52035  -15.630  -19.781  61.322 1.0000000000
52038  -15.649  -19.657  60.611 1.0000000000
58028  -22.180  -13.378  56.066 0.6250000000
61131  -21.520  -11.231  56.022 0.6250000000
61138  -20.741  -10.556  55.123 0.6250000000
62095  -20.309  -10.171  54.531 0.6250000000
53925  -10.465  -16.847  57.029 1.0000000000
52944  -11.932  -18.413  60.557 1.0000000000
52033  -15.262  -20.165  62.268 1.0000000000
51119  -15.635  -20.301  61.760 1.0000000000
58032  -21.198  -13.157  54.813 0.7500000000
141137  -21.866  -12.799  55.625 0.6250000000
60095  -21.215  -11.820  54.709 0.6250000000
60094  -20.835  -11.004  54.408 0.6250000000
138264  -20.033  -10.053  53.992 0.6250000000
54948  -8.625  -16.861  56.146 1.0000000000
54954  -8.261  -16.856  55.207 1.0000000000
136989  -12.396  -18.968  60.474 1.0000000000
52037  -12.846  -19.504  60.884 1.0000000000
51124  -16.082  -20.960  60.789 1.0000000000
58999  -21.036  -12.493  54.266 0.6250000000
60102  -20.915  -11.785  54.041 0.6250000000
62094  -19.694  -9.623  54.275 0.6250000000
53931  -7.260  -17.351  55.658 1.0000000000
53938  -7.241  -17.251  54.696 1.0000000000
52034  -12.924  -19.586  61.716 1.0000000000
51113  -13.839  -20.387  62.441 1.0000000000
50175  -15.478  -21.244  62.404 1.0000000000
51116  -15.608  -20.789  62.105 1.0000000000
138014  -20.335  -13.199  53.418 0.6250000000
58998  -20.725  -12.970  53.799 0.7500000000
127154  -20.620  -11.260  53.548 0.6250000000
61145  -20.202  -10.679  53.004 0.6250000000
132917  -20.329  -10.492  53.799 0.6250000000
62102  -19.791  -9.954  53.370 0.6250000000
53936  -6.371  -17.240  55.185 1.0000000000
134283  -6.663  -17.255  54.220 1.0000000000
50176  -16.064  -21.408  61.977 1.0000000000
59001  -20.357  -12.858  52.803 0.7500000000
117787  -20.383  -11.494  52.756 0.6250000000
61153  -20.125  -10.883  52.161 0.6250000000
56106  -6.158  -16.167  55.648 1.0000000000
57081  -6.520  -15.282  55.958 1.0000000000
59005  -20.263  -12.506  51.648 0.7500000000
62120  -19.856  -10.352  51.662 0.6250000000
135597  -6.576  -15.318  55.032 1.0000000000
134533  -6.942  -14.718  55.602 1.0000000000
59013  -19.788  -12.536  50.560 0.7500000000
59014  -20.255  -12.044  50.788 0.6250000000
61158  -20.183  -11.000  51.213 0.6250000000
57085  -7.227  -14.434  55.070 1.0000000000
59022  -20.104  -11.890  50.081 0.7500000000
60123  -20.271  -11.437  50.527 0.6250000000
61166  -20.278  -10.643  50.265 0.6250000000
58995  -8.583  -12.785  54.617 1.0000000000
131435  -19.698  -12.314  49.691 0.7500000000
59032  -19.951  -11.818  49.241 0.8750000000
60132  -20.279  -11.211  49.694 0.6250000000
64960  -37.605  -6.242  51.927 0.3750000000
118468  -38.204  -5.656  51.453 0.3750000000
65903  -38.864  -5.348  51.858 0.3750000000
65919  -36.331  -5.498  50.294 0.3750000000
65920  -37.155  -5.683  51.072 0.3750000000
65921  -38.924  -5.154  50.910 0.3750000000
60149  -19.477  -11.942  47.403 0.7500000000
65928  -34.735  -5.610  49.207 0.3750000000
65929  -35.545  -5.421  49.694 0.3750000000
65930  -36.438  -4.931  49.466 0.3750000000
129778  -37.557  -4.846  49.755 0.3750000000
62153  -6.336  -9.558  47.537 0.8750000000
62155  -7.730  -9.484  47.443 0.7500000000
62156  -8.600  -9.381  47.535 0.5000000000
61212  -9.227  -10.865  47.019 0.3750000000
60162  -19.609  -11.437  46.556 0.7500000000
60182  -19.445  -11.381  45.566 0.7500000000
65936  -33.656  -5.996  48.364 0.3750000000
64994  -34.099  -5.894  48.868 0.3750000000
65938  -35.498  -5.177  48.754 0.3750000000
66885  -38.960  -4.414  49.506 0.3750000000
64096  -47.021  -7.203  45.756 1.0000000000
130671  -47.349  -7.959  45.399 1.0000000000
62125  -6.560  -9.056  50.306 0.8750000000
62134  -5.875  -9.181  49.129 0.8750000000
63088  -5.986  -9.017  48.134 0.8750000000
63089  -6.619  -8.928  47.946 0.7500000000
62170  -8.928  -10.070  47.301 0.5000000000
61235  -19.624  -10.659  45.013 0.7500000000
65015  -32.982  -5.925  47.094 0.3750000000
65943  -33.736  -5.725  47.588 0.3750000000
65939  -36.202  -4.622  48.415 0.3750000000
66891  -37.740  -3.897  48.312 0.3750000000
130715  -46.644  -6.319  46.027 1.0000000000
65030  -47.428  -6.449  45.282 1.0000000000
64108  -47.716  -7.447  44.980 1.0000000000
60108  -9.471  -11.575  52.415 0.8750000000
61163  -6.908  -9.912  50.030 0.8750000000
63076  -5.872  -8.481  48.900 0.8750000000
60225  -19.293  -11.482  43.764 0.6250000000
61249  -19.536  -10.679  44.058 0.6250000000
128784  -20.195  -10.169  42.784 0.5000000000
65021  -32.049  -6.055  45.466 0.3750000000
65950  -32.877  -5.698  46.298 0.3750000000
65951  -34.474  -4.990  46.531 0.3750000000
66905  -36.466  -3.953  46.481 0.3750000000
66899  -38.007  -3.690  47.420 0.3750000000
133917  -38.534  -3.714  48.026 0.3750000000
65959  -46.297  -5.496  46.186 1.0000000000
65968  -47.379  -5.606  45.177 1.0000000000
64122  -48.212  -7.826  44.051 1.0000000000
63161  -48.162  -8.569  43.601 1.0000000000
62229  -48.002  -8.974  42.253 1.0000000000
61156  -7.838  -9.947  50.973 0.8750000000
130188  -20.242  -10.807  42.312 0.5000000000
65027  -30.602  -6.383  44.708 0.3750000000
64099  -29.325  -7.121  44.426 0.6250000000
120874  -37.019  -3.946  46.013 0.3750000000
66907  -38.352  -3.694  46.611 0.3750000000
66900  -38.943  -3.604  47.358 0.3750000000
66915  -46.150  -4.131  45.769 0.8750000000
66916  -46.958  -4.922  45.807 1.0000000000
121433  -48.341  -8.811  41.482 1.0000000000
60261  -21.153  -11.475  41.221 0.5000000000
60262  -21.999  -11.052  40.825 0.5000000000
64111  -29.219  -6.826  43.371 0.6250000000
64110  -28.745  -7.529  43.904 0.6250000000
133860  -38.753  -3.730  45.873 0.3750000000
68820  -45.803  -2.121  44.799 0.8750000000
68821  -46.395  -2.534  45.089 0.8750000000
67877  -46.311  -3.518  45.387 0.8750000000
63179  -49.352  -8.245  40.498 1.0000000000
63185  -49.897  -8.222  40.159 0.8750000000
60279  -22.990  -10.890  40.480 0.5000000000
63155  -27.594  -8.805  43.148 0.6250000000
120619  -40.044  -3.517  45.841 0.3750000000
69763  -45.705  -1.194  44.833 0.8750000000
69764  -46.191  -1.604  45.042 0.8750000000
62245  -49.460  -8.550  40.170 1.0000000000
62253  -50.002  -8.555  39.516 1.0000000000
60280  -23.731  -11.278  39.952 0.5000000000
60281  -24.622  -11.183  40.144 0.6250000000
134370  -27.082  -9.482  41.935 0.6250000000
68807  -40.863  -2.705  46.417 0.3750000000
68814  -40.727  -2.129  45.651 0.3750000000
71683  -45.051  1.005  45.485 0.6250000000
71693  -44.736  0.365  45.067 0.7500000000
71694  -45.612  0.394  45.295 0.7500000000
63186  -50.503  -8.015  39.856 0.8750000000
133276  -25.746  -11.226  40.059 0.6250000000
119910  -25.917  -11.242  40.628 0.6250000000
70686  -40.865  -0.762  46.768 0.3750000000
71679  -41.169  0.125  46.115 0.3750000000
71681  -43.221  0.955  45.252 0.6250000000
71682  -44.139  1.024  45.317 0.6250000000
70754  -52.290  -0.175  39.640 0.3750000000
71673  -41.998  0.774  45.913 0.5000000000
137693  -43.544  1.679  45.741 0.6250000000
70761  -52.011  -0.321  39.400 0.3750000000
69823  -52.370  -0.995  39.360 0.3750000000
62255  -51.861  -8.697  38.947 0.7500000000
76623  -48.242  5.312  42.599 0.3750000000
69821  -50.956  -1.360  39.126 0.3750000000
130301  -50.837  -2.564  38.569 0.3750000000
62265  -52.655  -9.262  38.450 0.7500000000
116869  -53.352  -9.803  37.228 0.7500000000
67940  -50.318  -3.453  38.264 0.3750000000
62297  -53.934  -9.713  36.533 0.7500000000
67954  -50.787  -4.225  38.091 0.3750000000
131342  -50.485  -4.944  37.601 0.3750000000
63234  -54.061  -8.770  34.997 0.7500000000
67004  -50.860  -5.513  37.259 0.3750000000
64188  -54.630  -8.218  34.559 0.7500000000
124952  -54.992  -7.717  34.238 0.7500000000
67003  -50.056  -5.169  37.029 0.3750000000
65113  -51.494  -6.141  36.831 0.3750000000
128141  -49.342  -4.705  36.907 0.3750000000
66036  -50.599  -5.568  36.472 0.3750000000
66041  -51.248  -5.836  35.798 0.3750000000
65133  -54.297  -6.427  32.725 0.6250000000
66035  -49.709  -5.174  36.129 0.3750000000
66040  -50.447  -5.466  35.504 0.2500000000
124849  -52.000  -5.811  35.164 0.5000000000
65134  -55.201  -5.957  32.794 0.6250000000
66055  -54.812  -5.310  32.281 0.7500000000
135667  -49.164  -4.929  35.511 0.2500000000
66046  -50.376  -5.241  34.751 0.2500000000
66047  -51.169  -5.452  34.795 0.3750000000
66062  -53.852  -5.308  31.638 0.7500000000
67066  -54.349  -4.665  31.717 0.7500000000
67014  -48.494  -4.760  35.438 0.2500000000
66039  -49.736  -5.147  35.152 0.2500000000
67027  -51.540  -4.884  34.121 0.3750000000
66068  -53.026  -4.457  30.581 0.6250000000
67073  -53.769  -4.103  31.142 0.8750000000
67025  -49.890  -4.920  34.333 0.2500000000
57064  -17.670  -14.304  61.321 0.7500000000
56074  -18.220  -15.227  61.165 0.8750000000
57989  -15.168  -13.538  61.986 0.8750000000
57991  -16.750  -13.704  61.485 0.7500000000
57054  -13.404  -14.624  62.522 0.8750000000
57055  -13.887  -14.137  62.137 0.8750000000
56066  -14.603  -14.986  62.763 0.8750000000
57998  -18.135  -13.907  60.690 0.6250000000
53912  -11.162  -17.615  58.679 1.0000000000
56071  -12.477  -14.797  62.255 0.8750000000
56065  -13.787  -15.121  63.061 0.8750000000
117939  -14.954  -15.872  62.895 0.8750000000
53896  -14.725  -17.580  62.493 1.0000000000
58016  -20.919  -13.354  58.963 0.6250000000
57074  -21.164  -14.207  58.973 0.6250000000
58017  -21.760  -13.495  58.551 0.6250000000
58018  -22.183  -13.154  58.146 0.6250000000
58980  -22.222  -12.403  57.803 0.6250000000
58989  -22.364  -12.834  57.115 0.6250000000
60077  -22.225  -12.242  57.036 0.6250000000
53911  -9.558  -17.219  58.835 1.0000000000
136744  -10.239  -17.341  59.001 1.0000000000
56064  -12.903  -15.509  62.952 0.8750000000
56061  -13.519  -16.109  63.277 0.8750000000
56062  -14.270  -15.912  63.125 0.8750000000
53895  -14.291  -17.770  63.023 1.0000000000
125436  -14.893  -18.669  62.245 1.0000000000
58978  -21.236  -12.459  58.695 0.6250000000
61130  -20.975  -10.508  56.007 0.6250000000
136115  -10.644  -17.310  60.083 1.0000000000
53901  -11.175  -17.860  60.595 1.0000000000
136282  -12.906  -16.457  63.265 0.8750000000
53891  -13.099  -18.051  63.288 1.0000000000
53892  -13.721  -17.934  63.263 1.0000000000
52939  -14.504  -18.514  62.706 1.0000000000
129839  -14.994  -19.594  62.402 1.0000000000
140361  -8.691  -17.216  57.677 1.0000000000
52940  -11.846  -18.266  61.285 1.0000000000
52937  -12.211  -18.349  62.141 1.0000000000
53890  -12.625  -18.204  62.887 1.0000000000
52933  -13.076  -18.759  63.013 1.0000000000
52029  -14.445  -19.729  62.685 1.0000000000
52030  -14.882  -19.902  62.526 1.0000000000
53923  -7.693  -17.307  56.607 1.0000000000
52945  -12.466  -18.936  61.121 1.0000000000
52028  -13.971  -19.523  62.872 1.0000000000
51111  -14.238  -20.094  62.645 1.0000000000
121934  -6.458  -17.343  56.539 1.0000000000
52941  -12.577  -19.021  61.880 1.0000000000
135237  -13.501  -20.040  62.385 1.0000000000
51115  -15.082  -20.595  62.536 1.0000000000
62111  -19.348  -9.587  52.657 0.6250000000
53920  -6.202  -17.190  56.354 1.0000000000
62112  -19.791  -10.161  52.420 0.6250000000
56100  -6.153  -15.994  56.526 1.0000000000
62119  -19.399  -9.593  51.689 0.6250000000
62128  -19.860  -10.107  50.892 0.6250000000
62136  -20.153  -9.732  50.000 0.6250000000
64949  -37.702  -6.331  52.749 0.3750000000
65893  -38.666  -5.307  52.678 0.3750000000
58993  -7.904  -13.522  55.972 1.0000000000
137802  -20.379  -9.433  49.224 0.6250000000
65902  -38.277  -5.857  52.311 0.3750000000
58030  -8.186  -13.394  54.603 1.0000000000
58026  -7.758  -13.736  55.239 1.0000000000
61176  -20.443  -10.323  49.276 0.7500000000
66858  -39.260  -4.655  52.194 0.3750000000
58994  -8.371  -13.037  55.522 1.0000000000
60142  -20.238  -11.146  48.763 0.7500000000
61187  -20.459  -10.481  48.399 0.7500000000
64972  -36.113  -5.898  51.024 0.3750000000
133884  -39.334  -4.914  51.448 0.3750000000
66867  -39.693  -4.328  51.392 0.3750000000
60088  -8.851  -12.231  55.148 1.0000000000
60150  -20.106  -11.002  47.637 0.6250000000
137664  -20.566  -10.125  47.815 0.6250000000
65917  -34.765  -5.779  50.160 0.3750000000
128713  -34.519  -6.189  50.823 0.3750000000
65904  -39.609  -4.610  50.835 0.3750000000
67828  -40.099  -3.968  50.808 0.3750000000
67819  -40.591  -3.295  50.954 0.3750000000
60093  -9.502  -11.568  54.574 0.8750000000
60163  -20.014  -10.677  46.714 0.7500000000
61236  -19.991  -9.919  45.398 0.6250000000
64993  -33.523  -6.294  49.019 0.3750000000
64992  -32.760  -6.713  49.161 0.3750000000
66877  -39.379  -4.681  50.214 0.3750000000
118992  -40.420  -3.501  50.226 0.3750000000
60100  -9.574  -11.716  53.408 0.8750000000
64061  -6.999  -8.196  48.413 0.8750000000
63090  -7.410  -8.829  47.862 0.7500000000
63102  -9.673  -9.196  47.526 0.5000000000
61250  -19.874  -9.893  44.437 0.5000000000
65006  -33.029  -6.217  47.882 0.3750000000
64991  -32.331  -6.702  48.293 0.3750000000
64060  -32.005  -7.058  48.990 0.3750000000
133674  -40.178  -3.783  49.730 0.3750000000
61151  -9.253  -10.544  52.094 0.8750000000
133937  -7.566  -9.041  51.312 0.8750000000
132940  -6.901  -8.831  50.850 0.8750000000
64036  -5.925  -7.773  49.946 0.8750000000
63077  -6.260  -8.357  48.572 0.8750000000
127521  -9.202  -8.506  47.759 0.5000000000
61259  -19.924  -9.971  43.498 0.5000000000
65013  -31.669  -6.641  46.928 0.3750000000
65004  -31.708  -6.800  47.680 0.3750000000
66893  -39.342  -3.647  48.247 0.3750000000
117661  -47.527  -5.016  44.473 1.0000000000
65039  -48.072  -6.950  44.233 1.0000000000
64123  -48.332  -7.413  43.315 1.0000000000
64136  -48.466  -7.912  42.529 1.0000000000
65052  -48.518  -6.989  42.380 1.0000000000
62118  -8.443  -9.723  51.624 0.8750000000
62126  -7.150  -9.505  50.668 0.8750000000
64054  -7.325  -7.251  48.876 0.7500000000
129334  -8.758  -7.970  48.040 0.7500000000
62220  -21.657  -9.117  42.529 0.5000000000
127627  -31.670  -6.436  46.035 0.3750000000
64089  -29.936  -7.087  45.766 0.5000000000
67853  -40.632  -3.261  47.682 0.3750000000
67889  -47.528  -3.439  44.019 0.8750000000
63169  -48.453  -8.425  41.925 1.0000000000
64144  -48.734  -7.723  41.476 1.0000000000
123306  -49.130  -7.421  40.795 1.0000000000
61267  -20.983  -10.042  42.208 0.5000000000
61268  -22.096  -9.655  41.794 0.5000000000
62231  -23.058  -9.574  41.557 0.5000000000
64087  -28.878  -7.656  44.700 0.6250000000
67859  -40.307  -3.387  46.845 0.3750000000
121118  -47.494  -1.041  44.246 0.7500000000
69778  -47.564  -1.797  44.026 0.8750000000
67878  -46.834  -3.220  45.040 0.8750000000
63178  -48.781  -8.283  41.086 1.0000000000
64145  -49.241  -7.890  40.696 1.0000000000
64156  -49.898  -7.957  40.322 0.8750000000
61279  -22.534  -10.228  41.119 0.5000000000
63156  -28.144  -8.094  43.520 0.6250000000
68798  -41.098  -2.540  47.250 0.3750000000
71695  -46.307  0.653  45.171 0.6250000000
70705  -46.300  -0.149  45.092 0.7500000000
129178  -46.592  -0.970  44.819 0.8750000000
69765  -46.815  -1.730  44.762 0.8750000000
62246  -50.141  -8.314  39.832 0.8750000000
64158  -51.141  -7.680  39.869 0.6250000000
60263  -24.023  -10.868  40.585 0.5000000000
60265  -25.404  -11.359  40.780 0.6250000000
61271  -26.925  -10.357  42.151 0.6250000000
62224  -27.252  -9.620  42.698 0.6250000000
136862  -45.323  1.661  45.611 0.5000000000
71684  -45.847  1.106  45.456 0.6250000000
72680  -51.344  1.367  41.973 0.5000000000
71712  -51.730  0.731  41.630 0.5000000000
69804  -51.770  -1.261  41.214 0.5000000000
135509  -52.195  -2.277  40.590 0.5000000000
66929  -12.437  -3.937  44.090 0.1250000000
132990  -25.964  -11.792  41.451 0.6250000000
72646  -42.197  1.359  46.478 0.5000000000
131559  -44.803  2.339  45.707 0.3750000000
73656  -51.643  2.350  41.701 0.5000000000
71713  -52.275  0.934  41.148 0.3750000000
71722  -52.448  0.477  40.696 0.3750000000
69808  -52.706  -0.835  40.048 0.3750000000
69809  -52.751  -1.493  39.568 0.3750000000
64167  -51.757  -7.911  39.742 0.5000000000
72647  -42.910  1.996  46.406 0.3750000000
137904  -43.482  2.236  46.141 0.3750000000
135479  -43.968  2.346  45.883 0.5000000000
72654  -44.478  1.685  45.646 0.5000000000
75613  -48.826  4.897  42.183 0.5000000000
74654  -49.564  3.573  42.480 0.6250000000
69815  -52.525  -0.847  39.620 0.3750000000
68875  -52.722  -1.607  39.322 0.3750000000
128916  -52.172  -8.297  39.392 0.5000000000
76622  -47.935  5.313  43.408 0.3750000000
75595  -48.481  4.767  42.787 0.5000000000
135736  -52.761  -2.476  38.786 0.3750000000
67942  -52.425  -3.170  38.535 0.3750000000
63202  -53.197  -9.102  38.409 0.3750000000
63217  -53.939  -9.447  37.198 0.7500000000
130147  -47.735  5.720  43.115 0.3750000000
67955  -51.810  -4.134  38.307 0.3750000000
67941  -51.363  -3.267  38.398 0.3750000000
63211  -53.679  -8.954  37.884 0.3750000000
66028  -51.673  -5.833  37.677 0.3750000000
66986  -51.202  -5.068  37.918 0.3750000000
64178  -53.754  -8.111  38.022 0.3750000000
63212  -54.264  -8.703  37.133 0.3750000000
62313  -54.358  -9.254  35.807 0.6250000000
64184  -54.809  -8.358  36.292 0.3750000000
63224  -54.949  -8.567  35.759 0.5000000000
63235  -54.925  -8.539  35.227 0.7500000000
75628  -44.706  4.548  41.521 0.1250000000
65114  -52.501  -6.648  36.796 0.3750000000
64185  -55.267  -7.915  35.575 0.5000000000
64190  -55.433  -7.453  34.902 0.5000000000
64197  -55.646  -6.842  34.392 0.6250000000
64196  -55.413  -7.290  34.353 0.6250000000
65120  -53.064  -6.620  36.067 0.3750000000
66042  -52.752  -6.100  35.440 0.3750000000
65135  -55.893  -6.064  33.519 0.5000000000
131352  -55.336  -6.444  33.329 0.6250000000
66048  -52.941  -5.455  34.777 0.5000000000
67067  -55.213  -4.659  32.408 0.7500000000
133476  -52.002  -5.308  34.558 0.3750000000
67028  -53.455  -4.660  34.409 0.5000000000
68019  -54.672  -3.836  31.749 0.8750000000
67026  -50.687  -4.958  34.172 0.2500000000
131213  -52.441  -4.747  34.209 0.3750000000
67029  -54.592  -4.509  34.526 0.3750000000
67077  -53.253  -3.664  30.479 0.5000000000
68032  -53.898  -3.305  30.978 0.7500000000
67043  -51.051  -4.390  33.595 0.2500000000
67044  -51.953  -4.228  33.631 0.3750000000
68957  -54.002  -2.412  30.688 0.5000000000
67989  -50.516  -3.894  33.082 0.2500000000
69911  -53.858  -1.227  29.456 0.6250000000
57995  -15.504  -13.337  61.463 0.8750000000
57996  -16.333  -13.375  61.209 0.7500000000
57997  -17.192  -13.628  60.877 0.7500000000
58004  -17.596  -13.495  60.053 0.6250000000
133414  -12.953  -14.160  61.727 0.8750000000
58960  -13.788  -13.585  61.115 0.8750000000
57994  -14.615  -13.519  61.414 0.8750000000
58002  -15.733  -13.355  60.495 0.7500000000
58003  -16.642  -13.479  60.205 0.7500000000
58005  -18.584  -13.533  60.026 0.6250000000
58006  -19.621  -13.878  60.000 0.6250000000
56063  -11.943  -15.700  62.360 0.8750000000
58965  -13.978  -13.292  60.680 0.8750000000
58968  -14.255  -13.097  60.061 0.7500000000
58010  -14.975  -13.332  59.465 0.7500000000
58011  -16.011  -13.371  59.309 0.7500000000
58973  -16.404  -12.993  58.364 0.6250000000
58974  -17.361  -12.901  58.228 0.6250000000
58013  -18.009  -13.164  59.119 0.6250000000
58014  -19.081  -13.161  59.096 0.6250000000
58015  -20.037  -13.235  59.165 0.6250000000
61123  -21.615  -10.789  56.995 0.6250000000
53904  -8.728  -16.486  59.814 1.0000000000
53900  -10.008  -16.816  60.236 1.0000000000
54923  -11.422  -16.725  62.071 0.8750000000
54924  -12.339  -16.496  62.777 0.8750000000
120825  -14.162  -12.808  59.187 0.7500000000
58972  -14.709  -12.816  58.400 0.7500000000
58984  -15.232  -12.460  57.682 0.7500000000
58985  -16.733  -12.456  57.576 0.6250000000
58975  -18.403  -12.735  58.130 0.6250000000
58976  -19.391  -12.615  58.325 0.6250000000
58979  -21.868  -12.452  58.384 0.6250000000
60076  -22.031  -11.514  57.469 0.6250000000
62088  -20.354  -9.907  55.381 0.6250000000
53910  -8.734  -17.103  58.922 1.0000000000
139666  -10.614  -17.258  60.519 0.8750000000
53897  -10.969  -17.567  61.071 0.8750000000
127341  -10.868  -17.118  61.425 0.8750000000
53894  -12.110  -17.473  62.494 0.8750000000
58983  -14.442  -12.288  57.735 0.7500000000
60073  -17.066  -11.808  56.998 0.6250000000
58986  -17.690  -12.311  57.506 0.6250000000
58987  -18.661  -12.163  57.576 0.6250000000
58988  -19.647  -11.888  57.955 0.6250000000
132096  -20.546  -11.956  58.544 0.6250000000
60065  -21.338  -11.145  58.634 0.6250000000
61108  -21.474  -10.568  58.688 0.6250000000
62101  -19.038  -9.165  53.459 0.6250000000
53909  -7.820  -17.036  58.811 1.0000000000
53893  -11.468  -17.658  61.787 1.0000000000
60084  -16.633  -11.183  56.607 0.6250000000
61122  -17.193  -10.504  56.667 0.6250000000
61112  -18.478  -10.517  57.580 0.6250000000
61106  -19.042  -10.198  58.597 0.5000000000
62060  -20.019  -10.248  59.400 0.5000000000
62054  -21.219  -9.959  59.313 0.5000000000
62081  -20.970  -9.982  56.920 0.6250000000
132132  -20.546  -9.826  56.197 0.6250000000
62087  -19.694  -9.323  55.189 0.5000000000
63026  -19.086  -8.906  54.537 0.5000000000
63044  -18.820  -8.993  52.357 0.5000000000
53907  -6.641  -17.077  58.013 1.0000000000
62066  -17.824  -10.241  57.139 0.6250000000
62053  -20.790  -9.539  59.916 0.5000000000
62983  -21.101  -9.192  59.361 0.5000000000
63001  -20.490  -8.764  57.504 0.5000000000
62080  -20.123  -9.424  55.888 0.5000000000
129326  -19.181  -8.673  55.338 0.5000000000
63033  -18.530  -8.380  53.974 0.5000000000
63053  -18.338  -8.187  52.032 0.5000000000
53921  -6.374  -17.166  57.206 1.0000000000
62990  -18.407  -9.307  59.059 0.5000000000
62051  -19.240  -9.634  59.598 0.5000000000
62052  -20.073  -9.701  59.976 0.5000000000
137543  -20.824  -8.970  60.128 0.5000000000
63984  -19.254  -7.701  56.835 0.5000000000
63014  -20.020  -8.650  56.829 0.5000000000
63020  -18.960  -8.132  55.981 0.5000000000
63997  -18.176  -7.731  54.291 0.5000000000
63060  -18.467  -7.789  51.142 0.5000000000
56093  -6.401  -15.849  57.598 1.0000000000
135779  -6.779  -14.885  57.683 1.0000000000
64916  -18.852  -6.891  57.240 0.3750000000
63989  -18.402  -7.564  55.620 0.3750000000
63025  -18.555  -8.133  54.970 0.5000000000
64004  -18.072  -7.750  53.525 0.3750000000
64038  -18.637  -7.214  50.434 0.1250000000
57082  -7.070  -14.516  56.310 1.0000000000
57078  -7.040  -14.208  57.224 1.0000000000
58020  -7.368  -13.271  57.669 1.0000000000
63983  -18.586  -7.325  56.374 0.3750000000
64923  -18.047  -6.860  55.844 0.3750000000
64929  -17.512  -6.436  54.520 0.3750000000
63996  -17.699  -7.158  54.032 0.3750000000
64003  -17.593  -7.145  53.182 0.3750000000
63054  -18.848  -8.701  51.346 0.6250000000
58023  -7.507  -13.564  56.676 1.0000000000
58981  -7.660  -12.529  57.364 1.0000000000
64914  -17.796  -6.008  56.006 0.3750000000
64922  -17.709  -6.466  55.286 0.3750000000
64937  -17.371  -6.459  53.632 0.2500000000
64944  -17.413  -6.513  52.785 0.2500000000
62127  -19.463  -9.199  50.621 0.6250000000
63068  -19.821  -8.748  49.619 0.6250000000
58990  -8.023  -12.802  56.530 1.0000000000
65875  -18.112  -4.795  55.133 0.2500000000
65881  -17.414  -5.655  54.048 0.2500000000
65888  -17.448  -5.750  53.100 0.2500000000
63078  -20.015  -8.019  48.948 0.5000000000
124341  -37.076  -6.788  52.416 0.3750000000
64948  -37.146  -6.772  53.189 0.3750000000
58991  -8.614  -12.186  56.256 1.0000000000
60079  -8.678  -11.202  56.800 1.0000000000
65882  -17.784  -5.003  53.422 0.2500000000
125748  -20.609  -8.891  48.076 0.5000000000
130780  -36.733  -6.453  51.674 0.3750000000
120995  -35.753  -6.467  51.566 0.3750000000
64035  -35.324  -7.033  52.093 0.3750000000
64959  -36.268  -7.024  52.202 0.3750000000
61116  -9.058  -10.430  56.678 1.0000000000
62143  -20.587  -9.632  48.443 0.6250000000
62157  -20.656  -9.370  47.521 0.6250000000
64957  -33.880  -6.590  51.218 0.3750000000
60080  -9.237  -11.623  55.854 0.8750000000
61128  -9.855  -10.452  56.128 0.8750000000
62074  -9.482  -9.611  56.573 1.0000000000
122270  -20.751  -8.842  46.962 0.5000000000
63093  -20.714  -8.544  47.496 0.5000000000
64969  -33.240  -6.681  50.482 0.3750000000
61137  -10.156  -10.752  54.464 0.8750000000
61129  -10.276  -10.435  55.409 0.8750000000
61198  -20.429  -10.111  47.114 0.6250000000
62173  -20.559  -9.383  46.679 0.5000000000
68773  -40.692  -2.860  50.495 0.3750000000
61152  -9.922  -11.076  52.886 0.8750000000
62186  -20.479  -9.242  45.805 0.2500000000
64059  -31.304  -7.160  48.422 0.5000000000
133832  -40.571  -3.011  49.829 0.3750000000
64023  -6.652  -7.541  50.823 0.8750000000
64982  -6.156  -7.284  49.573 0.8750000000
64052  -6.101  -7.725  49.122 0.8750000000
64064  -9.551  -7.454  47.777 0.3750000000
64065  -10.333  -7.328  47.272 0.3750000000
62207  -20.412  -9.232  43.895 0.5000000000
62208  -21.325  -8.649  43.458 0.3750000000
64068  -29.904  -7.690  47.179 0.5000000000
64069  -30.897  -7.103  47.333 0.3750000000
68789  -40.620  -2.843  49.045 0.3750000000
65986  -47.946  -5.155  43.233 0.8750000000
65976  -48.247  -6.021  42.820 0.8750000000
62109  -9.230  -9.539  52.281 0.8750000000
63051  -7.042  -8.222  51.110 0.8750000000
64961  -6.420  -6.784  50.265 0.8750000000
64975  -6.970  -6.390  49.729 0.8750000000
64995  -7.928  -6.291  48.971 0.8750000000
64063  -8.736  -7.076  48.206 0.7500000000
64079  -29.632  -7.547  46.218 0.5000000000
137078  -41.125  -2.758  47.877 0.3750000000
67846  -40.907  -3.015  48.165 0.3750000000
68848  -47.840  -2.872  43.290 0.7500000000
67900  -47.984  -3.512  42.942 0.8750000000
66943  -48.128  -4.348  42.533 0.8750000000
65987  -48.329  -5.240  42.164 0.8750000000
119849  -48.596  -6.123  41.805 0.8750000000
65066  -48.819  -6.906  41.224 0.8750000000
64010  -8.746  -8.012  51.884 0.8750000000
64997  -9.391  -6.336  47.890 0.6250000000
62221  -22.691  -9.005  42.196 0.3750000000
63125  -28.704  -8.160  45.310 0.6250000000
70715  -47.950  -0.366  44.038 0.7500000000
141128  -47.917  -1.267  43.729 0.8750000000
68835  -47.945  -2.185  43.212 0.7500000000
68849  -48.298  -2.651  42.477 0.8750000000
67901  -48.409  -3.489  42.034 0.7500000000
66944  -48.660  -4.389  41.514 0.7500000000
132770  -49.363  -4.008  41.044 0.7500000000
121656  -49.037  -6.057  40.873 0.8750000000
61280  -23.505  -10.272  41.015 0.5000000000
62212  -27.504  -9.877  43.676 0.6250000000
63139  -27.841  -8.860  44.094 0.6250000000
137389  -41.011  -1.638  47.233 0.3750000000
125983  -47.069  0.642  44.596 0.6250000000
70706  -47.223  -0.276  44.489 0.7500000000
71702  -48.532  0.051  43.394 0.6250000000
70723  -48.682  -0.682  42.881 0.6250000000
69791  -48.819  -1.307  42.461 0.7500000000
68856  -49.468  -2.608  41.480 0.7500000000
67914  -49.795  -3.295  41.051 0.7500000000
123851  -50.344  -4.926  40.562 0.7500000000
65995  -50.155  -5.935  40.625 0.7500000000
64157  -50.476  -7.575  40.197 0.6250000000
60264  -24.885  -11.359  41.206 0.6250000000
60266  -26.530  -11.161  41.657 0.6250000000
118025  -40.921  0.094  47.087 0.3750000000
72656  -46.265  2.269  45.130 0.5000000000
140959  -45.962  1.722  45.445 0.5000000000
72661  -46.545  1.440  44.981 0.6250000000
72662  -47.330  1.601  44.317 0.6250000000
137851  -47.822  1.055  44.090 0.6250000000
120238  -48.438  0.984  43.573 0.6250000000
71709  -49.358  0.048  42.731 0.6250000000
71710  -50.134  0.334  42.486 0.6250000000
70724  -50.019  -0.447  42.238 0.6250000000
69803  -50.892  -1.765  41.319 0.6250000000
123466  -51.691  -2.035  40.899 0.6250000000
66953  -51.655  -4.093  40.498 0.5000000000
129148  -51.060  -6.257  40.426 0.6250000000
65085  -51.112  -7.072  40.231 0.6250000000
66920  -11.951  -4.598  44.510 0.1250000000
65962  -11.716  -5.177  44.924 0.1250000000
121447  -26.435  -12.039  42.030 0.6250000000
132861  -42.272  1.887  46.984 0.3750000000
73609  -43.447  2.966  46.512 0.3750000000
130829  -45.123  3.193  45.478 0.5000000000
73631  -45.876  2.901  45.197 0.3750000000
73632  -46.573  3.208  44.684 0.5000000000
122317  -46.915  2.312  44.529 0.5000000000
130795  -47.514  2.377  43.990 0.6250000000
73641  -48.017  3.037  43.493 0.6250000000
73642  -48.770  2.781  43.062 0.7500000000
73654  -49.471  2.570  42.789 0.7500000000
72679  -50.745  1.979  42.319 0.5000000000
67917  -52.338  -2.867  40.363 0.5000000000
139691  -51.995  -5.028  40.528 0.5000000000
64159  -51.904  -7.316  40.106 0.3750000000
64168  -52.314  -7.774  39.679 0.5000000000
66928  -11.329  -3.718  44.207 0.1250000000
66919  -11.097  -4.202  44.760 0.1250000000
74609  -44.578  3.913  45.877 0.3750000000
74621  -45.978  3.715  45.176 0.3750000000
73633  -47.371  3.171  44.119 0.6250000000
74639  -48.674  3.848  42.934 0.6250000000
67932  -53.165  -2.742  39.196 0.3750000000
66011  -52.883  -5.146  39.600 0.3750000000
65088  -52.684  -6.023  39.871 0.3750000000
65090  -52.737  -7.051  39.658 0.3750000000
75570  -45.936  5.469  45.635 0.5000000000
77602  -45.905  6.582  45.791 0.5000000000
75571  -46.894  5.605  44.936 0.3750000000
75582  -47.518  5.037  44.254 0.5000000000
74623  -47.260  4.011  44.295 0.5000000000
74638  -47.939  4.240  43.608 0.5000000000
67943  -53.118  -3.151  38.863 0.3750000000
118938  -53.322  -3.695  39.026 0.3750000000
66013  -53.269  -5.168  39.079 0.3750000000
65091  -53.108  -6.368  39.312 0.3750000000
137789  -53.418  -7.956  38.686 0.3750000000
67882  -11.840  -3.030  43.676 0.1250000000
77644  -46.304  6.832  44.447 0.3750000000
76621  -46.987  6.574  44.316 0.3750000000
76609  -47.479  6.027  44.134 0.3750000000
67957  -53.200  -3.989  38.866 0.3750000000
66020  -53.199  -5.411  38.897 0.3750000000
65101  -53.298  -7.155  38.778 0.3750000000
76643  -45.864  5.922  42.719 0.1250000000
117197  -46.711  6.330  43.447 0.1250000000
66987  -52.183  -5.058  38.267 0.3750000000
66029  -52.645  -5.945  38.306 0.3750000000
65111  -53.514  -7.446  37.822 0.3750000000
64181  -54.249  -8.015  37.008 0.3750000000
75612  -45.208  5.229  42.095 0.1250000000
65110  -53.024  -6.833  37.611 0.3750000000
65115  -53.623  -7.240  36.767 0.3750000000
65122  -55.387  -7.134  35.197 0.3750000000
75641  -44.340  4.015  40.971 0.1250000000
74678  -43.623  3.555  40.747 0.1250000000
125326  -54.058  -6.932  35.907 0.3750000000
65125  -55.601  -6.768  34.632 0.6250000000
65130  -56.032  -6.064  34.182 0.5000000000
132204  -54.904  -5.909  35.030 0.3750000000
66044  -55.561  -6.177  34.762 0.5000000000
66053  -56.093  -5.483  33.681 0.5000000000
67057  -55.921  -4.636  33.344 0.6250000000
66043  -53.858  -6.152  35.341 0.3750000000
66050  -55.281  -5.256  34.675 0.5000000000
66056  -55.621  -5.398  33.015 0.6250000000
121405  -55.505  -3.904  32.623 0.6250000000
67030  -55.593  -4.357  34.458 0.5000000000
67045  -52.872  -4.025  33.904 0.3750000000
67979  -53.845  -3.882  34.254 0.3750000000
67980  -54.851  -3.535  34.469 0.5000000000
68033  -54.589  -2.833  31.459 0.7500000000
68958  -54.717  -1.948  31.126 0.8750000000
69903  -54.928  -1.099  30.759 0.8750000000
129369  -54.072  -3.336  34.228 0.3750000000
68967  -54.192  -1.553  30.345 0.7500000000
67990  -51.397  -3.707  33.122 0.2500000000
69912  -54.469  -0.763  29.998 0.6250000000
70853  -54.820  -0.116  29.822 0.3750000000
119553  -54.914  0.501  29.385 0.3750000000
124403  -12.845  -13.644  61.194 0.8750000000
116753  -13.020  -13.396  60.872 0.8750000000
57061  -11.858  -14.221  61.717 0.8750000000
57987  -13.522  -13.838  61.438 0.8750000000
58964  -13.108  -12.960  60.560 0.8750000000
56070  -11.473  -15.074  61.867 0.8750000000
58967  -13.498  -12.650  59.955 0.7500000000
60066  -21.807  -11.449  58.266 0.6250000000
122662  -9.223  -15.841  60.606 1.0000000000
56078  -9.883  -16.102  60.960 1.0000000000
54928  -10.632  -16.434  61.391 0.8750000000
136218  -11.226  -15.895  61.731 0.8750000000
60071  -14.950  -11.791  57.181 0.7500000000
61114  -21.744  -10.623  58.021 0.6250000000
54938  -7.998  -16.355  59.793 1.0000000000
56076  -8.045  -15.881  60.382 1.0000000000
54927  -10.321  -16.808  60.838 0.8750000000
60083  -15.344  -11.294  56.767 0.6250000000
54937  -7.317  -16.576  59.356 1.0000000000
56083  -7.493  -16.136  60.046 1.0000000000
61121  -16.134  -10.408  56.503 0.6250000000
139335  -17.399  -9.787  57.059 0.6250000000
62061  -21.421  -9.872  58.612 0.5000000000
62068  -21.421  -9.933  57.808 0.6250000000
56088  -6.588  -16.070  58.676 1.0000000000
54936  -6.906  -16.207  59.541 1.0000000000
57070  -7.096  -14.656  59.988 1.0000000000
62991  -20.911  -8.523  59.058 0.5000000000
133256  -21.063  -9.100  58.350 0.5000000000
62067  -20.911  -9.406  57.499 0.6250000000
63043  -18.446  -8.377  52.998 0.5000000000
119286  -6.726  -15.361  59.450 1.0000000000
58008  -7.356  -13.360  59.027 1.0000000000
116699  -18.014  -8.705  59.468 0.5000000000
62981  -19.396  -9.151  60.208 0.5000000000
62975  -20.430  -8.385  60.597 0.5000000000
63962  -20.588  -7.774  59.257 0.5000000000
63973  -20.430  -8.107  58.264 0.5000000000
63000  -19.890  -8.156  57.302 0.5000000000
64015  -17.957  -7.659  52.654 0.5000000000
58019  -6.921  -13.997  58.264 1.0000000000
58969  -7.834  -12.448  58.883 1.0000000000
123178  -18.729  -8.506  60.352 0.5000000000
63953  -20.597  -7.630  60.167 0.5000000000
63972  -19.630  -7.394  57.730 0.3750000000
64028  -17.892  -7.304  51.776 0.5000000000
64039  -19.149  -7.290  49.766 0.3750000000
64964  -19.001  -6.525  50.022 0.1250000000
58009  -7.424  -13.056  58.411 1.0000000000
58970  -7.638  -12.386  58.163 1.0000000000
64882  -20.253  -6.736  59.470 0.3750000000
63961  -20.051  -7.117  58.595 0.3750000000
64903  -19.191  -6.413  58.146 0.3750000000
64027  -17.564  -6.530  52.037 0.2500000000
64954  -17.950  -6.477  51.333 0.2500000000
63061  -19.078  -8.132  50.333 0.5000000000
64942  -37.604  -6.225  53.470 0.3750000000
125445  -7.806  -11.630  58.063 1.0000000000
64892  -19.727  -6.344  58.793 0.3750000000
64902  -18.462  -5.981  57.480 0.3750000000
64915  -18.267  -6.449  56.658 0.3750000000
65897  -17.498  -5.905  52.366 0.2500000000
65898  -17.765  -5.755  51.722 0.2500000000
64046  -19.685  -7.329  49.177 0.2500000000
60078  -8.015  -11.735  57.268 1.0000000000
60067  -7.954  -10.997  58.120 1.0000000000
65850  -18.350  -5.156  57.402 0.3750000000
65869  -17.969  -5.120  55.958 0.2500000000
65889  -17.758  -5.093  52.361 0.2500000000
64022  -36.586  -7.327  52.911 0.3750000000
65892  -38.174  -5.822  53.100 0.3750000000
61115  -8.424  -10.382  57.404 1.0000000000
66808  -18.399  -4.684  56.702 0.2500000000
66853  -18.367  -4.426  51.970 0.2500000000
129001  -20.761  -7.818  47.419 0.3750000000
63079  -20.462  -8.093  48.137 0.3750000000
66833  -17.897  -4.911  54.356 0.2500000000
66844  -18.300  -4.283  53.778 0.2500000000
125137  -18.283  -4.429  52.851 0.2500000000
66854  -19.129  -4.022  51.793 0.2500000000
67783  -18.823  -3.837  53.199 0.2500000000
67795  -18.779  -4.020  52.434 0.2500000000
120752  -20.883  -8.631  46.250 0.3750000000
69718  -40.735  -1.996  50.693 0.3750000000
62093  -10.647  -9.918  54.843 0.8750000000
63120  -21.000  -8.395  45.213 0.2500000000
137441  -40.610  -2.509  49.891 0.3750000000
69725  -40.619  -1.753  49.963 0.3750000000
134284  -10.330  -10.016  53.764 0.8750000000
62197  -20.415  -9.210  44.841 0.3750000000
63137  -21.646  -8.058  44.308 0.3750000000
69731  -40.764  -1.539  48.551 0.3750000000
62110  -9.952  -10.215  52.837 0.8750000000
64024  -7.310  -7.465  51.189 0.8750000000
124511  -7.696  -6.764  51.100 0.8750000000
121568  -6.909  -6.311  50.311 0.8750000000
65922  -7.333  -5.886  49.861 0.8750000000
127963  -8.107  -6.892  48.587 0.8750000000
63152  -22.184  -8.185  43.589 0.3750000000
63153  -23.061  -8.219  43.409 0.3750000000
69738  -41.083  -2.068  47.857 0.3750000000
71660  -40.790  0.242  49.394 0.3750000000
63040  -8.449  -8.853  51.880 0.8750000000
63052  -7.798  -8.165  51.562 0.8750000000
64996  -8.635  -5.930  48.383 0.7500000000
65942  -9.013  -5.141  47.450 0.5000000000
62209  -22.370  -8.538  42.916 0.3750000000
70679  -40.817  -0.889  47.723 0.3750000000
71666  -40.866  0.228  47.922 0.3750000000
140620  -9.514  -5.044  46.721 0.5000000000
61269  -23.800  -10.031  41.760 0.5000000000
132752  -24.306  -10.688  42.246 0.5000000000
61261  -27.281  -10.724  42.958 0.6250000000
139840  -41.231  0.751  47.383 0.5000000000
118445  -41.324  1.171  48.106 0.3750000000
65953  -9.826  -4.504  46.124 0.3750000000
61270  -24.396  -10.974  41.579 0.5000000000
60248  -25.460  -12.044  41.853 0.6250000000
59117  -25.998  -12.495  42.265 0.6250000000
60249  -26.945  -11.450  42.394 0.6250000000
66909  -10.417  -4.302  45.588 0.2500000000
66918  -10.338  -3.846  44.955 0.1250000000
74608  -43.998  3.685  46.316 0.3750000000
67869  -10.345  -3.532  44.240 0.1250000000
74597  -44.300  4.509  46.525 0.3750000000
75569  -44.982  4.911  46.064 0.3750000000
119842  -10.227  -2.457  43.446 0.1250000000
77616  -45.826  7.007  45.498 0.3750000000
77617  -46.432  6.822  45.262 0.3750000000
69781  -11.205  -1.053  42.862 0.1250000000
68825  -10.921  -2.408  43.314 0.1250000000
77630  -45.963  7.080  45.049 0.3750000000
77643  -45.284  6.975  44.751 0.1250000000
69782  -12.068  -1.383  42.455 0.1250000000
128971  -55.953  -5.227  34.337 0.5000000000
67031  -56.094  -4.267  34.155 0.5000000000
67046  -56.224  -4.095  33.873 0.5000000000
67982  -56.187  -3.558  34.066 0.5000000000
68020  -55.246  -3.155  32.181 0.7500000000
67981  -55.891  -3.343  34.378 0.5000000000
68946  -55.796  -1.857  32.329 0.7500000000
68945  -55.263  -2.328  31.865 0.8750000000
67991  -52.317  -3.387  33.306 0.3750000000
67992  -53.394  -3.194  33.814 0.3750000000
67993  -54.283  -2.801  34.220 0.3750000000
68905  -55.229  -2.626  34.529 0.5000000000
69894  -55.393  -1.454  31.537 0.7500000000
68005  -50.830  -3.147  32.528 0.2500000000
68006  -51.650  -3.109  32.796 0.2500000000
69904  -55.588  -0.461  31.118 0.8750000000
70844  -55.083  -0.431  30.378 0.6250000000
127492  -54.453  0.629  28.871 0.3750000000
71850  -54.968  1.236  28.946 0.3750000000
72817  -54.807  2.059  28.550 0.2500000000
73800  -54.328  2.582  28.005 0.1250000000
123416  -11.469  -12.945  61.252 1.0000000000
58959  -12.218  -12.881  61.060 0.8750000000
58963  -12.536  -12.743  60.738 0.8750000000
123981  -10.531  -12.813  61.272 1.0000000000
57985  -10.999  -13.657  61.355 1.0000000000
57986  -12.123  -13.516  61.402 1.0000000000
125245  -10.059  -14.279  61.357 1.0000000000
57060  -10.752  -14.641  61.440 1.0000000000
134933  -12.809  -12.338  60.158 0.8750000000
56077  -9.572  -15.203  61.062 1.0000000000
56069  -10.572  -15.580  61.370 0.8750000000
60063  -12.954  -11.851  58.409 0.7500000000
57067  -8.718  -14.940  60.869 1.0000000000
57983  -8.946  -13.461  61.317 1.0000000000
58982  -13.679  -12.127  57.937 0.7500000000
60082  -14.619  -11.149  56.739 0.7500000000
138530  -8.032  -14.680  60.784 1.0000000000
57982  -8.315  -13.167  61.160 1.0000000000
57993  -8.065  -14.077  60.725 1.0000000000
62079  -16.685  -9.686  56.726 0.6250000000
57065  -7.636  -14.885  60.524 1.0000000000
58962  -8.000  -13.108  60.726 1.0000000000
57992  -7.779  -13.937  60.256 1.0000000000
62065  -17.095  -9.150  57.376 0.5000000000
58966  -7.800  -12.556  59.581 1.0000000000
128954  -17.682  -8.802  58.786 0.5000000000
64963  -18.474  -6.436  50.677 0.2500000000
128666  -7.935  -11.802  59.227 1.0000000000
62974  -19.617  -8.560  60.648 0.5000000000
64977  -20.099  -6.347  49.124 0.1250000000
131082  -7.963  -11.633  58.707 1.0000000000
133336  -19.085  -7.483  61.484 0.5000000000
63949  -20.274  -7.534  61.016 0.5000000000
65911  -18.325  -5.733  51.073 0.2500000000
65923  -19.594  -6.036  49.741 0.1250000000
64985  -19.963  -6.855  48.915 0.2500000000
64987  -20.849  -6.090  48.018 0.2500000000
64881  -20.136  -5.750  59.832 0.5000000000
65837  -19.735  -5.745  59.156 0.3750000000
65851  -18.744  -5.262  58.153 0.3750000000
65899  -18.187  -5.039  51.503 0.2500000000
136261  -18.733  -5.178  50.990 0.2500000000
66873  -19.402  -4.979  50.786 0.1250000000
65912  -19.877  -5.396  50.206 0.1250000000
65935  -21.457  -5.676  48.390 0.1250000000
64009  -36.653  -7.291  53.635 0.2500000000
61110  -8.056  -10.309  58.187 1.0000000000
66785  -19.375  -4.984  58.715 0.3750000000
118113  -18.915  -4.481  57.409 0.3750000000
134423  -18.857  -4.600  51.327 0.2500000000
66874  -20.267  -4.773  50.670 0.1250000000
64055  -20.179  -7.330  48.537 0.2500000000
64986  -20.427  -6.596  48.362 0.2500000000
65000  -21.479  -6.097  47.483 0.2500000000
140568  -22.107  -5.685  47.883 0.2500000000
62073  -8.660  -9.808  57.110 1.0000000000
62063  -8.325  -9.656  57.886 1.0000000000
66809  -19.088  -3.958  56.640 0.2500000000
66821  -18.611  -4.207  55.726 0.2500000000
64056  -20.612  -7.219  47.813 0.2500000000
64999  -20.887  -6.566  47.695 0.2500000000
130755  -8.674  -9.126  57.315 1.0000000000
66822  -19.251  -3.512  55.987 0.2500000000
66834  -18.450  -4.165  54.688 0.2500000000
134002  -21.292  -7.113  47.008 0.2500000000
65010  -21.945  -6.332  46.810 0.2500000000
67771  -18.872  -3.586  54.112 0.2500000000
67796  -19.396  -3.493  52.487 0.2500000000
63106  -21.548  -7.721  45.983 0.2500000000
64075  -22.142  -6.794  46.205 0.2500000000
62086  -10.391  -9.792  55.829 1.0000000000
68748  -19.816  -2.932  52.902 0.2500000000
63121  -21.717  -7.681  45.050 0.2500000000
64084  -22.409  -7.096  45.281 0.2500000000
70665  -40.682  -0.992  50.467 0.3750000000
63122  -22.263  -7.527  44.626 0.2500000000
69730  -40.653  -0.950  49.504 0.3750000000
71652  -40.770  0.032  50.287 0.3750000000
63138  -22.634  -7.786  44.051 0.2500000000
129823  -8.708  -6.851  51.312 0.8750000000
65907  -8.208  -5.544  50.377 0.8750000000
66868  -8.156  -5.118  49.757 0.8750000000
66879  -7.950  -5.379  49.570 0.8750000000
135581  -40.901  0.489  48.643 0.3750000000
63041  -9.384  -8.704  52.318 0.8750000000
64011  -9.738  -8.007  52.179 0.8750000000
136404  -8.725  -7.442  51.609 0.8750000000
64951  -8.154  -6.215  50.883 0.8750000000
65906  -7.404  -5.728  50.075 0.8750000000
66888  -8.404  -4.822  48.705 0.8750000000
65941  -8.608  -4.881  47.896 0.7500000000
62223  -24.076  -9.899  42.487 0.5000000000
61260  -24.420  -10.837  42.987 0.5000000000
133913  -8.602  -4.293  48.529 0.8750000000
66895  -8.595  -3.683  47.093 0.6250000000
131571  -24.634  -11.571  42.615 0.5000000000
59115  -24.916  -12.337  43.131 0.5000000000
59092  -25.993  -12.804  43.209 0.6250000000
60228  -27.132  -11.958  43.887 0.6250000000
72638  -41.981  2.010  47.767 0.3750000000
67847  -8.665  -3.401  47.204 0.7500000000
66901  -8.609  -3.577  46.722 0.6250000000
60247  -24.928  -12.023  42.197 0.6250000000
59116  -25.427  -12.529  42.751 0.5000000000
60227  -26.658  -12.296  42.659 0.6250000000
130026  -27.214  -11.728  43.124 0.6250000000
73598  -42.629  2.593  47.248 0.3750000000
67861  -9.503  -3.325  45.635 0.2500000000
139355  -43.740  4.095  47.066 0.3750000000
70680  -10.883  -0.647  45.023 0.2500000000
69756  -10.221  -1.390  44.437 0.2500000000
69748  -9.769  -2.125  44.896 0.2500000000
67868  -9.826  -3.337  44.367 0.1250000000
75560  -44.707  5.525  46.747 0.3750000000
131592  -10.716  2.108  45.359 0.1250000000
71675  -11.306  1.334  45.719 0.2500000000
69755  -9.718  -1.991  44.020 0.2500000000
67879  -9.571  -2.950  44.105 0.1250000000
76598  -45.365  5.984  46.283 0.3750000000
73625  -10.065  2.594  44.937 0.1250000000
72648  -10.842  1.397  44.742 0.1250000000
71685  -10.700  0.594  44.081 0.1250000000
70695  -10.250  -1.392  43.590 0.1250000000
69766  -9.883  -1.984  43.533 0.1250000000
67880  -9.858  -2.887  43.781 0.1250000000
70696  -10.720  -0.288  43.536 0.1250000000
69780  -10.560  -1.240  43.209 0.1250000000
69767  -10.202  -1.665  43.366 0.1250000000
76620  -45.487  6.488  43.749 0.1250000000
76641  -43.664  5.569  43.080 0.1250000000
75611  -44.173  5.064  42.280 0.1250000000
75627  -43.652  4.298  41.734 0.1250000000
67058  -55.995  -3.711  33.347 0.6250000000
68008  -55.726  -3.290  32.804 0.7500000000
68907  -56.181  -2.737  34.080 0.5000000000
67994  -56.239  -3.311  33.755 0.5000000000
68931  -55.734  -2.654  32.584 0.7500000000
68914  -54.501  -1.898  34.250 0.5000000000
69865  -56.277  -1.826  33.680 0.5000000000
69882  -56.223  -1.414  32.817 0.7500000000
68912  -52.805  -2.608  33.225 0.3750000000
68913  -53.618  -2.314  33.685 0.3750000000
124390  -55.483  -1.824  34.493 0.5000000000
69895  -55.915  -0.985  32.020 0.8750000000
68928  -51.511  -2.433  32.404 0.2500000000
120262  -56.333  -0.847  33.308 0.6250000000
135609  -56.229  -0.594  32.499 0.7500000000
70835  -56.099  -0.074  31.835 0.8750000000
71841  -55.423  0.314  30.220 0.6250000000
71831  -55.990  0.588  31.081 0.8750000000
71840  -55.483  1.137  29.588 0.3750000000
73811  -53.811  3.043  27.393 0.2500000000
74817  -54.169  3.747  26.929 0.1250000000
74805  -54.621  3.346  27.707 0.2500000000
74830  -53.838  4.070  26.023 0.1250000000
75790  -54.989  4.812  25.847 0.2500000000
75804  -54.955  5.038  25.047 0.2500000000
125505  -59.444  8.293  21.039 0.2500000000
60052  -11.877  -12.245  60.675 0.8750000000
60055  -12.360  -12.320  60.455 0.8750000000
57984  -9.861  -13.525  61.370 1.0000000000
58958  -11.108  -12.284  60.876 0.8750000000
126166  -12.241  -11.919  59.933 0.8750000000
60062  -12.564  -11.166  57.933 0.7500000000
125708  -8.752  -12.663  61.443 1.0000000000
128573  -13.258  -11.512  57.464 0.7500000000
61119  -14.346  -10.385  56.440 0.6250000000
58955  -7.932  -12.328  61.320 1.0000000000
62078  -15.715  -9.517  56.525 0.6250000000
58954  -7.576  -12.110  60.847 1.0000000000
120089  -7.600  -12.072  60.170 1.0000000000
63013  -16.361  -8.891  56.982 0.5000000000
62988  -17.082  -8.230  58.592 0.5000000000
62989  -17.545  -8.274  59.375 0.5000000000
64976  -19.524  -6.714  49.416 0.1250000000
60060  -7.762  -10.917  59.200 1.0000000000
62979  -17.961  -8.292  59.988 0.5000000000
65924  -20.322  -5.724  49.512 0.1250000000
65934  -20.678  -5.947  48.745 0.2500000000
65925  -21.149  -5.464  49.319 0.1250000000
61103  -7.571  -10.048  58.992 1.0000000000
62969  -18.906  -8.009  60.903 0.5000000000
63942  -19.792  -7.281  61.619 0.5000000000
65913  -20.769  -5.188  50.091 0.1250000000
65926  -22.030  -5.365  49.152 0.1250000000
61109  -7.779  -10.085  58.621 1.0000000000
64871  -20.104  -6.718  61.423 0.5000000000
65927  -22.880  -5.586  49.003 0.2500000000
139976  -22.277  -5.555  48.476 0.2500000000
62062  -7.964  -9.463  58.493 1.0000000000
63007  -8.618  -8.343  57.716 1.0000000000
131182  -8.286  -8.888  58.189 1.0000000000
66799  -19.434  -4.336  58.067 0.3750000000
67743  -19.535  -3.772  57.376 0.3750000000
67752  -19.639  -3.173  56.705 0.2500000000
66861  -19.699  -4.339  51.210 0.1250000000
66862  -20.613  -4.142  51.115 0.1250000000
65001  -22.431  -5.909  47.266 0.2500000000
137588  -23.799  -6.078  48.037 0.2500000000
67760  -19.161  -3.408  55.093 0.2500000000
65011  -22.709  -6.239  46.547 0.2500000000
63008  -10.264  -9.039  56.210 1.0000000000
67784  -19.417  -3.244  53.460 0.2500000000
67808  -20.006  -3.562  51.657 0.1250000000
64076  -22.964  -6.557  45.827 0.2500000000
64077  -23.824  -6.861  45.967 0.2500000000
130260  -10.749  -8.921  55.297 1.0000000000
63988  -10.832  -7.964  55.260 1.0000000000
118373  -19.979  -2.962  52.209 0.1250000000
64085  -23.391  -7.052  45.273 0.2500000000
71653  -41.132  0.995  50.108 0.3750000000
62100  -10.628  -9.141  54.104 0.8750000000
116967  -10.830  -8.157  54.314 0.8750000000
63032  -10.516  -8.557  53.477 0.8750000000
64013  -10.907  -7.297  52.634 0.8750000000
129281  -11.406  -6.581  52.805 0.8750000000
63123  -23.811  -7.602  44.873 0.2500000000
63042  -10.214  -8.400  52.741 0.8750000000
64953  -10.971  -6.187  51.480 0.8750000000
65895  -10.171  -5.861  50.903 0.8750000000
139561  -10.574  -4.603  50.254 0.8750000000
63154  -23.710  -8.067  44.193 0.2500000000
72629  -41.806  1.945  48.820 0.3750000000
119426  -41.205  1.145  49.158 0.3750000000
63031  -10.175  -9.261  52.959 0.8750000000
64012  -10.298  -7.419  51.987 0.8750000000
64952  -9.994  -6.731  51.369 0.8750000000
65908  -9.330  -5.314  50.458 0.8750000000
66869  -8.750  -4.834  49.940 0.8750000000
66881  -9.219  -4.216  49.461 0.8750000000
67831  -10.018  -3.575  49.233 0.8750000000
62210  -23.952  -8.881  43.493 0.3750000000
62211  -24.278  -9.872  43.252 0.5000000000
126181  -8.409  -4.744  49.160 0.8750000000
67830  -9.175  -3.663  48.735 0.8750000000
67838  -9.768  -3.207  48.650 0.7500000000
60226  -24.690  -11.801  43.483 0.5000000000
59070  -24.896  -12.414  43.849 0.5000000000
137234  -26.773  -12.346  43.363 0.6250000000
73586  -42.466  2.889  48.477 0.3750000000
68792  -8.975  -2.871  47.067 0.6250000000
59091  -25.276  -12.673  43.639 0.5000000000
74588  -43.146  3.551  47.712 0.3750000000
68799  -9.100  -2.871  46.460 0.6250000000
136609  -45.351  7.008  46.147 0.3750000000
135865  -11.250  -0.914  45.843 0.3750000000
69749  -10.371  -1.520  45.337 0.2500000000
68808  -9.481  -2.802  45.530 0.3750000000
127934  -8.841  2.615  47.779 0.2500000000
73605  -10.465  2.595  46.823 0.2500000000
72630  -11.154  2.126  47.145 0.2500000000
71667  -11.770  0.855  46.542 0.2500000000
70687  -11.461  0.155  45.731 0.2500000000
68815  -9.606  -2.617  44.420 0.2500000000
73592  -9.700  2.702  47.407 0.1250000000
72639  -11.020  2.222  46.254 0.1250000000
77615  -45.209  7.163  45.462 0.2500000000
133766  -45.068  7.246  45.986 0.3750000000
73604  -9.606  2.878  46.464 0.1250000000
73615  -10.290  2.693  45.876 0.1250000000
141109  -44.841  6.677  44.235 0.1250000000
135325  -43.210  6.070  43.564 0.1250000000
68929  -52.326  -2.130  32.657 0.2500000000
69863  -53.663  -1.515  33.583 0.3750000000
69852  -55.707  -0.913  34.447 0.5000000000
69853  -56.199  -0.941  34.017 0.6250000000
69879  -51.774  -1.615  32.197 0.2500000000
70799  -56.117  -0.086  34.192 0.6250000000
70811  -56.340  -0.129  33.722 0.6250000000
140262  -56.271  -0.073  32.323 0.6250000000
138702  -56.192  0.562  31.691 0.8750000000
117074  -55.808  1.103  30.316 0.6250000000
72801  -55.904  1.948  29.917 0.5000000000
72809  -55.460  1.920  29.134 0.5000000000
73790  -55.414  2.698  28.832 0.3750000000
74795  -55.568  3.425  28.562 0.3750000000
73801  -54.997  2.987  28.316 0.2500000000
74806  -55.332  3.673  27.944 0.2500000000
75769  -55.701  4.373  27.539 0.2500000000
74818  -54.935  4.096  27.276 0.2500000000
75779  -55.472  4.756  26.646 0.2500000000
75778  -54.590  4.372  26.395 0.1250000000
76816  -55.676  5.174  25.644 0.2500000000
76817  -56.425  5.654  25.389 0.2500000000
121453  -55.733  5.516  24.614 0.2500000000
76818  -57.076  6.215  25.267 0.2500000000
77831  -57.283  6.510  24.563 0.2500000000
77846  -57.531  6.695  23.853 0.2500000000
78819  -58.867  7.760  23.504 0.2500000000
133139  -59.339  8.157  23.217 0.2500000000
78829  -59.581  8.325  22.593 0.2500000000
78841  -59.808  8.567  21.835 0.2500000000
79757  -60.281  9.081  21.673 0.2500000000
79765  -59.905  8.903  20.454 0.2500000000
125787  -60.342  9.267  20.813 0.2500000000
121531  -60.187  9.379  20.078 0.2500000000
58957  -9.989  -12.037  61.221 1.0000000000
121970  -10.952  -11.683  60.393 1.0000000000
61097  -10.764  -10.950  60.225 1.0000000000
138758  -11.111  -11.350  59.993 1.0000000000
61099  -11.043  -10.661  59.629 0.8750000000
60054  -11.527  -11.826  60.208 0.8750000000
61100  -11.564  -10.952  59.092 0.7500000000
61105  -12.000  -10.674  58.403 0.7500000000
61111  -12.458  -10.323  57.587 0.7500000000
63009  -12.932  -8.730  56.917 0.7500000000
133483  -9.466  -11.316  61.255 1.0000000000
122580  -9.500  -12.708  61.401 1.0000000000
60058  -12.183  -11.509  58.977 0.7500000000
61118  -13.462  -10.220  56.604 0.7500000000
62075  -13.180  -9.461  56.704 0.7500000000
129000  -13.389  -8.175  56.705 0.7500000000
58956  -8.299  -12.132  61.573 1.0000000000
60081  -13.718  -11.020  56.773 0.7500000000
62076  -14.053  -9.449  56.357 0.6250000000
63010  -13.501  -8.853  56.572 0.7500000000
132586  -7.980  -11.713  61.759 1.0000000000
118550  -7.719  -11.704  61.485 1.0000000000
60048  -7.804  -11.154  61.890 1.0000000000
63012  -15.606  -8.570  56.727 0.5000000000
63982  -14.867  -7.931  56.587 0.5000000000
63011  -14.093  -8.488  56.449 0.5000000000
60047  -7.493  -11.170  61.304 1.0000000000
62998  -16.757  -8.489  57.708 0.5000000000
63959  -16.747  -7.573  58.696 0.5000000000
63971  -16.496  -7.891  57.875 0.5000000000
61098  -7.308  -10.124  60.208 1.0000000000
63960  -17.160  -7.852  59.241 0.5000000000
122420  -24.154  -6.188  50.095 0.2500000000
61102  -7.414  -10.022  59.529 1.0000000000
62973  -18.217  -7.984  60.539 0.5000000000
64978  -23.570  -5.780  49.720 0.2500000000
140691  -19.267  -7.039  61.970 0.5000000000
65914  -21.808  -5.073  50.026 0.1250000000
65823  -20.224  -5.682  60.856 0.5000000000
66876  -22.150  -4.535  50.658 0.1250000000
62994  -7.843  -8.549  58.716 1.0000000000
65838  -19.945  -4.899  59.200 0.3750000000
66875  -21.200  -4.616  50.609 0.1250000000
64989  -23.648  -5.960  48.796 0.2500000000
63968  -8.344  -7.657  58.047 1.0000000000
63967  -7.881  -7.707  58.530 1.0000000000
66786  -19.966  -4.189  58.563 0.3750000000
66800  -19.918  -3.609  57.965 0.3750000000
66863  -21.554  -4.059  51.101 0.1250000000
64990  -24.294  -6.503  48.569 0.2500000000
63978  -8.998  -7.652  57.347 1.0000000000
130576  -9.454  -8.510  56.799 1.0000000000
67761  -19.713  -2.883  55.778 0.2500000000
67809  -20.957  -3.382  51.398 0.1250000000
64066  -24.173  -6.697  46.760 0.2500000000
63980  -10.424  -8.213  56.060 1.0000000000
131300  -19.793  -2.708  55.054 0.2500000000
67772  -19.595  -2.968  54.335 0.2500000000
67797  -20.537  -2.741  51.852 0.1250000000
63979  -9.821  -7.535  56.576 1.0000000000
63994  -11.079  -7.256  54.755 0.8750000000
64928  -11.295  -6.399  54.558 0.8750000000
68735  -19.969  -2.583  53.650 0.2500000000
64086  -24.203  -7.526  45.512 0.2500000000
64921  -10.561  -7.214  55.745 1.0000000000
135819  -11.058  -7.430  53.981 0.8750000000
134777  -11.422  -6.188  52.194 0.8750000000
63124  -24.472  -8.370  45.011 0.2500000000
129071  -11.648  -5.578  51.870 0.8750000000
65910  -11.251  -4.845  50.620 0.8750000000
66882  -10.317  -4.140  49.808 0.8750000000
138736  -24.371  -8.905  44.323 0.2500000000
117014  -24.793  -11.001  44.639 0.3750000000
73574  -42.281  2.633  49.640 0.3750000000
62199  -24.509  -9.831  44.068 0.5000000000
60206  -24.803  -11.948  44.267 0.3750000000
74580  -43.096  3.986  48.910 0.3750000000
68782  -10.023  -2.854  48.299 0.6250000000
61251  -24.558  -10.941  43.795 0.5000000000
59071  -25.175  -12.499  44.543 0.5000000000
124319  -9.859  -2.621  47.625 0.6250000000
74589  -43.716  4.781  48.291 0.3750000000
75550  -44.245  5.892  48.223 0.3750000000
75551  -44.556  6.052  47.449 0.3750000000
76587  -44.886  6.643  46.783 0.3750000000
73566  -7.470  2.088  49.057 0.6250000000
73567  -8.632  2.155  49.215 0.6250000000
73580  -8.220  2.413  48.412 0.5000000000
73568  -9.623  2.414  48.513 0.3750000000
70681  -11.836  -0.214  46.552 0.2500000000
69741  -11.570  -1.196  46.648 0.3750000000
69740  -10.606  -1.696  46.170 0.3750000000
77601  -44.877  7.179  46.468 0.2500000000
72631  -11.677  1.432  47.328 0.2500000000
73591  -7.702  2.595  47.483 0.2500000000
120150  -8.764  2.826  46.999 0.1250000000
73614  -9.269  3.023  45.457 0.1250000000
77642  -44.249  6.908  44.540 0.1250000000
76618  -43.282  6.731  44.080 0.1250000000
71814  -53.283  0.108  33.125 0.3750000000
70810  -54.068  -0.194  33.767 0.5000000000
121964  -55.457  0.077  34.406 0.6250000000
71794  -56.008  0.755  34.340 0.6250000000
70821  -51.923  -0.813  32.137 0.2500000000
69881  -53.101  -1.217  33.015 0.2500000000
70823  -53.514  -0.736  33.360 0.3750000000
70798  -54.854  -0.502  34.342 0.5000000000
71805  -56.383  0.577  33.219 0.8750000000
72780  -56.340  1.405  32.634 0.8750000000
69880  -52.499  -1.375  32.576 0.2500000000
69864  -54.270  -1.020  34.030 0.5000000000
71824  -56.275  1.240  31.628 0.8750000000
123951  -56.332  2.106  31.172 0.7500000000
72792  -56.137  1.549  30.777 0.7500000000
72810  -55.784  2.555  29.369 0.3750000000
73791  -55.861  3.225  29.200 0.5000000000
74807  -55.894  4.076  28.212 0.2500000000
75770  -56.337  4.694  27.833 0.2500000000
76807  -56.445  5.347  26.384 0.2500000000
120033  -56.978  5.871  25.906 0.2500000000
77818  -57.550  6.340  25.918 0.2500000000
121399  -57.812  6.648  25.223 0.2500000000
78793  -58.748  7.586  25.373 0.2500000000
132758  -59.313  8.225  23.938 0.2500000000
121162  -59.759  8.475  23.202 0.2500000000
79747  -60.038  8.722  22.476 0.2500000000
80728  -60.704  9.625  21.153 0.2500000000
60051  -10.222  -11.423  60.841 1.0000000000
61094  -10.289  -10.915  60.624 1.0000000000
61104  -11.389  -10.183  58.791 0.7500000000
61096  -10.013  -10.157  60.667 1.0000000000
139432  -12.075  -9.098  57.900 0.7500000000
61093  -9.518  -10.589  61.163 1.0000000000
62996  -12.786  -7.967  57.127 0.7500000000
119489  -8.939  -11.843  61.556 1.0000000000
60050  -8.829  -10.885  61.748 1.0000000000
63981  -13.946  -7.652  56.571 0.5000000000
60049  -8.224  -11.218  61.961 1.0000000000
62997  -15.840  -7.799  57.072 0.5000000000
60046  -7.942  -10.518  62.292 1.0000000000
61088  -7.738  -9.823  62.224 1.0000000000
63951  -16.947  -7.364  59.457 0.5000000000
61090  -7.465  -9.604  61.594 1.0000000000
63948  -17.667  -7.643  60.416 0.5000000000
64877  -17.391  -7.033  60.847 0.5000000000
63947  -17.177  -7.204  60.152 0.5000000000
137306  -7.178  -8.655  60.606 1.0000000000
64869  -18.553  -6.968  61.848 0.5000000000
122159  -24.825  -6.372  51.396 0.2500000000
62984  -7.288  -8.497  59.621 1.0000000000
64870  -19.697  -6.683  62.167 0.5000000000
65818  -20.050  -5.970  61.972 0.3750000000
64040  -24.616  -6.695  50.036 0.2500000000
62985  -7.527  -8.548  59.159 1.0000000000
127372  -20.302  -5.158  61.556 0.3750000000
129816  -7.623  -7.089  58.616 1.0000000000
122844  -20.460  -3.983  59.897 0.2500000000
64047  -24.760  -7.099  49.248 0.2500000000
129720  -7.894  -7.001  58.185 1.0000000000
67733  -20.267  -3.499  58.426 0.2500000000
67744  -20.153  -3.055  57.809 0.3750000000
64057  -24.783  -7.236  48.296 0.2500000000
129357  -8.472  -6.935  57.641 1.0000000000
67762  -20.015  -2.531  56.337 0.2500000000
64067  -24.852  -7.459  47.311 0.2500000000
64909  -9.247  -6.862  57.001 1.0000000000
64910  -9.937  -6.764  56.381 1.0000000000
65867  -10.377  -6.136  55.874 1.0000000000
63107  -24.771  -8.263  45.918 0.2500000000
65868  -11.096  -5.808  55.137 0.8750000000
65873  -11.471  -5.597  54.362 0.8750000000
68717  -20.274  -2.254  55.490 0.2500000000
68750  -20.956  -2.016  52.088 0.1250000000
65887  -11.768  -5.645  52.874 0.8750000000
66851  -12.107  -4.849  52.352 0.8750000000
68749  -20.321  -2.338  52.731 0.2500000000
136156  -24.857  -9.112  45.669 0.2500000000
62187  -24.755  -9.760  45.032 0.2500000000
133092  -25.229  -11.982  45.865 0.2500000000
72619  -41.716  1.818  49.891 0.3750000000
66859  -11.940  -4.841  51.345 0.8750000000
66872  -11.765  -4.366  50.737 0.8750000000
67820  -11.243  -3.531  49.665 0.8750000000
61237  -25.079  -11.125  45.525 0.2500000000
73575  -42.596  3.415  50.449 0.3750000000
68769  -12.061  -2.882  50.253 0.7500000000
68774  -10.757  -2.969  48.912 0.7500000000
60183  -25.057  -12.005  45.106 0.3750000000
125055  -42.718  3.435  49.511 0.3750000000
74573  -43.076  4.350  50.096 0.3750000000
75519  -42.973  4.841  50.579 0.3750000000
124067  -11.542  -2.428  48.819 0.7500000000
74581  -43.485  4.891  49.376 0.3750000000
75532  -43.267  5.311  49.917 0.3750000000
68783  -10.866  -2.520  48.232 0.7500000000
68793  -10.926  -2.186  47.490 0.6250000000
75543  -43.741  5.673  49.068 0.3750000000
70666  -12.336  -0.975  48.156 0.3750000000
69732  -11.770  -1.505  47.426 0.3750000000
68800  -10.977  -1.811  46.861 0.5000000000
76574  -44.326  6.580  47.648 0.3750000000
72610  -9.622  2.033  49.533 0.6250000000
71654  -12.173  0.141  48.304 0.5000000000
70674  -12.165  -0.590  47.351 0.3750000000
77586  -44.458  7.052  46.991 0.3750000000
73569  -10.653  2.155  48.519 0.2500000000
72623  -11.760  1.157  48.185 0.2500000000
71661  -12.052  0.507  47.370 0.3750000000
73579  -6.965  2.273  48.266 0.6250000000
78575  -44.647  7.431  45.823 0.1250000000
78574  -44.111  7.607  45.750 0.1250000000
136270  -6.923  2.634  46.833 0.3750000000
120974  -8.716  2.982  46.221 0.1250000000
78593  -44.374  7.377  45.293 0.1250000000
78609  -43.465  7.324  44.743 0.1250000000
71802  -53.017  1.032  33.037 0.3750000000
71803  -53.803  0.674  33.637 0.5000000000
72771  -54.310  1.220  34.164 0.6250000000
70822  -52.712  -0.538  32.670 0.3750000000
72762  -56.218  1.371  34.139 0.6250000000
136460  -56.367  1.177  33.603 0.8750000000
73752  -56.262  2.434  32.493 0.8750000000
126047  -56.313  1.971  31.865 0.7500000000
123435  -56.247  2.292  30.510 0.6250000000
74787  -56.305  3.743  29.581 0.5000000000
74796  -55.961  3.924  28.908 0.3750000000
75780  -56.190  4.910  27.160 0.2500000000
76798  -56.861  5.355  27.388 0.2500000000
76808  -57.283  5.889  26.614 0.2500000000
131900  -57.829  6.429  26.568 0.2500000000
77819  -58.295  6.861  25.926 0.2500000000
135069  -58.412  7.087  25.108 0.2500000000
78806  -58.715  7.603  24.433 0.2500000000
79727  -59.708  8.612  24.559 0.2500000000
79740  -60.253  8.944  23.175 0.2500000000
80704  -60.224  9.279  24.162 0.2500000000
139265  -60.437  9.449  23.498 0.2500000000
80721  -60.561  9.597  21.932 0.2500000000
81713  -60.659  10.346  22.200 0.2500000000
81720  -60.928  10.331  20.715 0.3750000000
64889  -11.879  -6.979  58.113 0.6250000000
64890  -12.472  -6.344  57.578 0.6250000000
66794  -12.768  -4.913  57.537 0.5000000000
62045  -9.866  -9.172  60.627 1.0000000000
62046  -10.540  -9.902  60.103 1.0000000000
62050  -10.923  -9.639  59.334 0.8750000000
138729  -10.924  -8.864  59.190 0.8750000000
126022  -12.219  -7.809  57.736 0.7500000000
64899  -13.245  -6.526  56.978 0.5000000000
65846  -13.013  -5.721  57.257 0.5000000000
62043  -9.401  -9.626  61.442 1.0000000000
62049  -10.491  -8.993  59.841 1.0000000000
62978  -10.672  -8.186  59.458 0.8750000000
62995  -12.410  -8.563  57.480 0.7500000000
63969  -12.622  -7.162  57.341 0.6250000000
64911  -13.781  -6.972  56.683 0.5000000000
65847  -13.643  -5.875  56.869 0.5000000000
127394  -13.826  -5.162  56.919 0.5000000000
62044  -9.428  -8.926  61.409 1.0000000000
62972  -9.538  -8.305  60.895 1.0000000000
63950  -10.337  -7.369  59.774 0.8750000000
63970  -13.267  -7.401  56.852 0.6250000000
65859  -14.106  -6.311  56.671 0.5000000000
121050  -14.589  -5.757  56.746 0.5000000000
116934  -14.988  -5.078  56.875 0.5000000000
62039  -8.766  -9.411  62.269 1.0000000000
62042  -9.224  -9.098  61.973 1.0000000000
62971  -9.198  -8.341  61.748 1.0000000000
63946  -9.761  -7.461  60.452 1.0000000000
64875  -10.007  -6.576  60.122 0.8750000000
63958  -16.176  -7.204  57.777 0.5000000000
64901  -15.654  -6.653  57.242 0.5000000000
64900  -14.989  -6.451  56.741 0.5000000000
61091  -8.342  -10.481  62.240 1.0000000000
61089  -8.190  -9.854  62.470 1.0000000000
62968  -8.766  -8.745  62.254 1.0000000000
63945  -9.333  -7.529  61.151 1.0000000000
64874  -9.551  -6.727  60.730 0.8750000000
64891  -16.529  -6.933  58.771 0.5000000000
65835  -16.156  -6.486  57.884 0.5000000000
65848  -15.520  -5.920  57.157 0.5000000000
62041  -7.589  -9.018  61.934 1.0000000000
62965  -7.732  -8.477  62.115 1.0000000000
129131  -8.695  -8.103  62.147 1.0000000000
64867  -9.205  -6.809  61.388 1.0000000000
65820  -9.448  -6.184  61.012 0.8750000000
64876  -17.016  -6.629  60.487 0.5000000000
64880  -16.745  -6.569  59.670 0.5000000000
117764  -16.500  -5.607  59.334 0.5000000000
124181  -16.395  -6.167  58.687 0.5000000000
62040  -7.299  -8.613  61.292 1.0000000000
63936  -7.619  -7.654  62.221 1.0000000000
65808  -8.699  -6.067  62.318 1.0000000000
64862  -8.761  -6.791  62.064 1.0000000000
64864  -18.991  -6.655  62.555 0.3750000000
64868  -17.736  -6.736  61.572 0.5000000000
65817  -17.438  -6.035  61.954 0.3750000000
65827  -16.725  -5.802  60.391 0.5000000000
136309  -25.582  -7.079  51.786 0.2500000000
62970  -6.879  -7.987  60.897 1.0000000000
63934  -6.943  -7.002  62.266 1.0000000000
64860  -7.348  -6.510  62.734 1.0000000000
64863  -18.151  -6.448  62.384 0.5000000000
64967  -25.069  -6.915  50.741 0.2500000000
64887  -7.021  -6.446  59.469 1.0000000000
125205  -7.080  -7.749  59.834 1.0000000000
63944  -6.400  -7.348  61.203 1.0000000000
66772  -20.416  -4.610  60.780 0.3750000000
65812  -20.089  -5.170  62.407 0.3750000000
64041  -25.476  -7.686  50.395 0.2500000000
140875  -25.063  -7.235  49.993 0.2500000000
65832  -7.185  -5.834  58.887 1.0000000000
64897  -7.597  -6.253  58.421 1.0000000000
64888  -7.357  -6.768  58.947 1.0000000000
63956  -7.535  -7.694  58.970 1.0000000000
65844  -7.443  -5.388  58.395 1.0000000000
126424  -25.558  -8.589  48.984 0.2500000000
137609  -19.853  -3.188  57.451 0.2500000000
67753  -19.977  -2.642  57.116 0.2500000000
135291  -25.247  -8.358  47.477 0.2500000000
62159  -25.558  -8.969  48.046 0.2500000000
64898  -8.062  -6.213  57.898 1.0000000000
63094  -25.081  -8.257  46.741 0.2500000000
65856  -8.309  -5.396  57.616 1.0000000000
65858  -9.546  -6.074  56.719 1.0000000000
65866  -9.719  -5.270  56.351 1.0000000000
66819  -10.471  -5.151  55.571 0.8750000000
68709  -20.316  -2.208  56.354 0.2500000000
62175  -25.407  -10.191  46.845 0.3750000000
61199  -25.592  -11.190  47.256 0.2500000000
66820  -11.171  -4.931  54.885 0.8750000000
65880  -11.715  -5.391  53.665 0.8750000000
62174  -25.126  -9.160  46.392 0.2500000000
61217  -25.129  -10.123  45.983 0.3750000000
130468  -25.504  -11.874  46.933 0.2500000000
66842  -12.004  -4.657  53.268 0.8750000000
66852  -12.253  -4.034  52.623 0.8750000000
67807  -12.364  -3.386  52.032 0.7500000000
67822  -12.230  -3.072  51.146 0.8750000000
68759  -12.218  -2.488  51.775 0.7500000000
69704  -12.243  -2.097  50.946 0.7500000000
69713  -12.094  -1.316  51.040 0.7500000000
68776  -12.207  -2.040  50.051 0.7500000000
69719  -12.116  -1.930  49.238 0.7500000000
71636  -11.806  0.190  50.150 0.7500000000
69720  -12.355  -1.295  49.830 0.7500000000
120172  -12.355  -1.199  48.985 0.6250000000
72608  -6.796  1.781  49.633 0.7500000000
72597  -8.402  1.539  50.390 0.7500000000
120455  -12.297  -0.446  48.866 0.6250000000
68794  -11.861  -1.887  48.297 0.5000000000
72609  -7.902  1.810  49.755 0.6250000000
130151  -8.821  1.850  49.851 0.6250000000
72599  -10.521  1.571  49.920 0.6250000000
71644  -11.425  0.956  49.666 0.5000000000
72612  -11.711  0.856  48.898 0.3750000000
72621  -6.327  2.062  48.965 0.6250000000
132701  -10.377  2.051  49.133 0.5000000000
72611  -11.151  1.603  48.948 0.3750000000
73603  -7.837  2.879  46.550 0.1250000000
73613  -7.963  3.209  45.591 0.2500000000
73590  -6.376  2.440  47.470 0.5000000000
133490  -8.568  3.325  44.797 0.2500000000
72770  -53.521  1.594  33.607 0.5000000000
72760  -54.835  1.799  34.424 0.6250000000
73736  -56.042  2.180  34.209 0.6250000000
72772  -56.302  1.897  33.541 0.8750000000
73768  -56.465  2.825  30.749 0.6250000000
73780  -56.238  2.899  29.924 0.6250000000
75758  -56.303  4.522  28.502 0.3750000000
75771  -56.671  5.025  28.099 0.2500000000
76799  -57.096  5.555  28.046 0.3750000000
77809  -57.624  6.137  27.375 0.3750000000
78785  -58.802  7.498  26.381 0.2500000000
78794  -59.049  8.016  25.637 0.2500000000
79717  -59.432  8.545  25.426 0.3750000000
119403  -60.189  10.222  24.814 0.2500000000
80705  -60.445  10.285  23.919 0.2500000000
80714  -60.582  9.685  22.868 0.2500000000
118476  -60.707  10.842  21.472 0.3750000000
82645  -60.418  11.560  22.437 0.3750000000
119771  -60.614  11.338  20.710 0.2500000000
82652  -60.334  11.883  21.439 0.3750000000
82662  -60.278  12.008  19.998 0.2500000000
137307  -60.227  12.189  20.729 0.3750000000
84612  -60.019  13.859  18.364 0.2500000000
130726  -60.115  13.686  17.946 0.2500000000
133234  -59.997  13.369  17.323 0.2500000000
137977  -11.885  -6.137  58.153 0.7500000000
65834  -12.270  -5.563  57.881 0.7500000000
62986  -11.187  -8.305  58.706 0.8750000000
63957  -11.596  -7.775  58.281 0.8750000000
130332  -10.991  -7.335  58.885 0.8750000000
65833  -11.508  -5.490  58.553 0.7500000000
66783  -11.991  -4.778  58.315 0.7500000000
64879  -10.547  -6.448  59.445 0.8750000000
65826  -10.788  -5.562  59.231 0.7500000000
120999  -12.448  -4.094  57.887 0.6250000000
66795  -13.348  -4.209  57.361 0.5000000000
66796  -14.390  -4.280  57.083 0.5000000000
66782  -11.165  -4.738  59.037 0.7500000000
67731  -11.673  -3.904  58.721 0.6250000000
66797  -15.416  -4.310  57.216 0.5000000000
66775  -10.529  -4.878  59.735 0.7500000000
66784  -16.426  -4.678  58.896 0.3750000000
65836  -16.323  -5.319  58.325 0.5000000000
65849  -15.846  -5.140  57.455 0.5000000000
65821  -9.807  -5.920  60.503 0.7500000000
66770  -10.288  -4.320  60.172 0.7500000000
66776  -16.551  -4.988  59.773 0.5000000000
65815  -9.563  -5.429  61.062 0.8750000000
67716  -10.161  -3.830  60.556 0.7500000000
65816  -16.839  -5.379  61.435 0.3750000000
64947  -26.270  -6.731  53.014 0.2500000000
65806  -7.084  -5.762  62.959 1.0000000000
66757  -8.674  -5.248  62.468 1.0000000000
66766  -17.245  -5.395  62.301 0.3750000000
64029  -25.558  -7.426  51.188 0.2500000000
64016  -25.870  -6.960  52.347 0.2500000000
140817  -6.431  -6.126  60.107 1.0000000000
64873  -6.000  -6.774  61.475 1.0000000000
64859  -6.557  -6.319  62.494 1.0000000000
65804  -19.647  -5.070  63.318 0.3750000000
63062  -25.992  -8.324  50.874 0.2500000000
66781  -6.567  -4.618  58.745 1.0000000000
64886  -6.792  -5.767  59.397 1.0000000000
66767  -20.478  -4.330  61.740 0.3750000000
67724  -20.483  -3.408  59.082 0.2500000000
63070  -25.828  -8.480  49.951 0.2500000000
62144  -26.067  -9.410  49.552 0.2500000000
66791  -6.754  -4.205  58.082 1.0000000000
68693  -20.439  -2.874  58.276 0.3750000000
65845  -7.794  -5.390  58.036 1.0000000000
62158  -25.383  -9.155  47.213 0.2500000000
66793  -7.923  -4.579  57.614 1.0000000000
66807  -9.047  -4.535  56.762 1.0000000000
66818  -9.706  -4.457  55.951 0.8750000000
67759  -10.492  -4.169  55.262 0.8750000000
67769  -10.728  -3.500  54.758 0.8750000000
67770  -11.247  -3.325  54.152 0.8750000000
118851  -11.758  -3.990  53.835 0.8750000000
67782  -11.745  -3.259  53.433 0.8750000000
68746  -11.756  -2.042  52.391 0.7500000000
69714  -12.236  -1.470  50.488 0.7500000000
72585  -7.880  1.237  51.032 0.6250000000
71633  -9.008  1.176  51.003 0.6250000000
71622  -10.620  0.441  51.372 0.7500000000
71623  -11.459  -0.037  50.999 0.7500000000
70655  -12.117  -0.704  50.543 0.7500000000
72596  -7.310  1.520  50.337 0.7500000000
72598  -9.461  1.617  50.302 0.7500000000
71634  -10.115  1.173  50.881 0.7500000000
71635  -11.042  0.800  50.548 0.7500000000
72607  -5.929  1.900  49.519 0.6250000000
73578  -5.862  2.270  48.220 0.6250000000
73602  -6.896  2.831  46.075 0.3750000000
116693  -7.608  3.527  44.711 0.2500000000
133196  -54.954  3.239  34.583 0.5000000000
73745  -55.624  3.116  34.226 0.7500000000
73744  -53.998  2.100  34.274 0.5000000000
73734  -54.516  2.628  34.502 0.5000000000
73735  -55.352  2.428  34.431 0.5000000000
73746  -56.152  2.718  33.560 0.7500000000
129408  -56.191  3.289  32.797 0.7500000000
126513  -56.450  3.216  31.853 0.6250000000
74759  -56.782  3.872  31.320 0.6250000000
76781  -52.517  5.415  30.032 0.1250000000
123971  -56.613  3.228  31.119 0.7500000000
75732  -56.915  4.568  30.719 0.6250000000
74771  -56.662  3.619  30.389 0.6250000000
119464  -56.636  4.330  29.829 0.6250000000
75749  -56.350  4.421  29.158 0.6250000000
77810  -58.255  6.807  26.871 0.2500000000
80695  -59.854  9.471  25.282 0.2500000000
81696  -60.263  11.372  23.918 0.3750000000
82637  -60.252  11.787  23.400 0.3750000000
83556  -59.937  12.459  23.103 0.3750000000
83565  -59.968  12.526  22.113 0.3750000000
83574  -60.182  12.558  21.056 0.3750000000
83585  -60.090  12.663  20.233 0.3750000000
123273  -60.172  12.491  19.240 0.2500000000
137842  -60.044  13.107  19.151 0.3750000000
85587  -60.163  13.703  18.667 0.3750000000
85596  -59.616  14.109  18.096 0.3750000000
140720  -60.044  14.109  17.916 0.2500000000
85608  -59.844  14.179  17.554 0.3750000000
84623  -60.015  14.070  17.427 0.2500000000
139986  -60.146  14.061  16.872 0.2500000000
67738  -12.992  -3.399  57.640 0.6250000000
67740  -14.887  -3.552  57.164 0.5000000000
67732  -12.252  -3.443  58.201 0.6250000000
67741  -15.750  -3.527  57.449 0.5000000000
68700  -15.974  -2.777  57.611 0.5000000000
67722  -10.835  -4.001  59.551 0.7500000000
67723  -16.510  -4.016  59.579 0.3750000000
134404  -16.413  -3.781  58.497 0.3750000000
67742  -16.254  -3.396  57.877 0.3750000000
67717  -10.454  -3.694  60.100 0.7500000000
66771  -16.566  -4.781  60.542 0.3750000000
66764  -9.330  -4.645  61.691 0.8750000000
66765  -16.911  -4.574  62.207 0.3750000000
66756  -7.805  -5.004  63.037 0.8750000000
66763  -8.527  -4.279  62.538 0.8750000000
134099  -18.484  -4.924  63.901 0.3750000000
126286  -17.231  -4.234  63.188 0.3750000000
64872  -5.741  -6.259  60.962 1.0000000000
64865  -5.775  -6.174  61.722 1.0000000000
66754  -5.999  -4.975  62.591 1.0000000000
66760  -20.173  -4.364  62.721 0.3750000000
66753  -19.111  -4.691  63.932 0.3750000000
63055  -26.522  -8.578  51.366 0.2500000000
65831  -6.820  -5.267  59.018 1.0000000000
66773  -5.816  -4.613  60.017 1.0000000000
66768  -5.438  -4.975  60.787 1.0000000000
67719  -20.552  -3.754  60.859 0.2500000000
136838  -20.491  -3.761  62.261 0.2500000000
63045  -26.933  -8.418  51.973 0.2500000000
66790  -6.205  -3.878  58.255 1.0000000000
123628  -20.526  -3.206  60.046 0.2500000000
117786  -20.571  -2.913  61.172 0.2500000000
62129  -26.329  -9.207  50.348 0.2500000000
68685  -20.554  -2.681  59.249 0.3750000000
67737  -6.404  -3.463  57.609 0.8750000000
67750  -6.752  -3.134  57.163 1.0000000000
66805  -7.491  -3.686  57.301 1.0000000000
129770  -20.373  -2.361  57.707 0.3750000000
66792  -7.357  -4.545  57.946 1.0000000000
133285  -9.661  -3.774  55.692 0.8750000000
67758  -10.020  -3.278  55.232 0.8750000000
68723  -10.407  -2.605  54.520 0.7500000000
139373  -9.413  -1.669  54.467 0.6250000000
68734  -11.202  -2.564  53.659 0.7500000000
69683  -10.469  -1.730  53.724 0.6250000000
69684  -11.245  -1.997  53.037 0.7500000000
140132  -11.315  -1.654  52.633 0.7500000000
70632  -9.604  -0.330  52.884 0.6250000000
70645  -11.066  -0.306  51.850 0.7500000000
72584  -6.810  1.345  51.046 0.6250000000
71621  -9.601  0.681  51.606 0.6250000000
71608  -10.161  0.090  52.165 0.6250000000
72594  -5.548  1.767  50.442 0.6250000000
72595  -6.255  1.657  50.178 0.6250000000
72606  -5.471  1.934  49.724 0.6250000000
136601  -5.332  2.123  49.355 0.6250000000
72620  -5.499  2.155  48.988 0.6250000000
73577  -5.252  2.294  48.782 0.6250000000
73601  -5.925  2.563  46.594 0.3750000000
73612  -6.775  3.143  45.294 0.3750000000
73588  -5.171  2.423  47.496 0.5000000000
117350  -6.106  2.793  45.783 0.3750000000
74735  -54.450  3.942  34.627 0.3750000000
74736  -55.142  3.962  34.521 0.5000000000
74745  -55.621  4.042  34.069 0.7500000000
74746  -56.077  4.109  33.274 0.7500000000
141161  -54.271  3.299  34.565 0.5000000000
128396  -55.981  3.422  33.640 0.7500000000
74752  -56.459  4.015  32.294 0.6250000000
76782  -53.093  5.962  30.492 0.2500000000
75750  -56.650  5.072  29.277 0.6250000000
76788  -56.970  5.712  28.660 0.6250000000
77801  -57.609  6.224  28.156 0.5000000000
77793  -58.134  6.973  28.446 0.6250000000
77802  -58.173  6.764  27.665 0.5000000000
120446  -58.586  7.247  27.220 0.3750000000
135618  -59.489  9.179  26.059 0.3750000000
80689  -59.505  10.228  26.328 0.5000000000
81680  -59.224  11.288  26.554 0.5000000000
82615  -59.207  11.837  25.775 0.5000000000
81695  -59.898  11.389  24.787 0.5000000000
82626  -59.234  12.156  24.892 0.3750000000
83543  -59.210  12.592  24.176 0.3750000000
83555  -59.440  12.680  23.511 0.3750000000
83564  -59.467  12.805  22.566 0.3750000000
83563  -59.165  12.806  22.405 0.3750000000
119726  -59.351  12.875  21.568 0.3750000000
84582  -59.509  12.888  20.747 0.3750000000
83572  -58.910  12.873  21.592 0.3750000000
84593  -59.454  12.919  20.133 0.3750000000
84604  -59.837  13.408  19.001 0.3750000000
84603  -59.623  13.198  19.400 0.3750000000
85586  -59.764  13.694  18.660 0.3750000000
84602  -59.486  13.555  18.948 0.3750000000
84611  -58.996  14.081  18.104 0.3750000000
139171  -13.437  -3.168  57.538 0.6250000000
124713  -14.456  -2.941  57.303 0.5000000000
129820  -15.273  -2.841  57.309 0.5000000000
129010  -12.453  -2.856  58.073 0.7500000000
69654  -16.112  -2.026  57.872 0.3750000000
128296  -11.809  -3.057  58.707 0.7500000000
140451  -12.580  -2.299  57.965 0.7500000000
129821  -16.463  -3.069  58.839 0.3750000000
68701  -16.340  -2.804  58.045 0.3750000000
68677  -10.808  -3.215  59.781 0.7500000000
133134  -11.273  -3.345  59.263 0.7500000000
124012  -16.504  -3.072  59.915 0.3750000000
68668  -9.543  -3.171  61.243 0.8750000000
67718  -16.503  -3.859  60.632 0.3750000000
122853  -16.453  -3.033  60.868 0.3750000000
67710  -8.204  -3.298  62.410 0.8750000000
67705  -16.827  -3.585  62.529 0.3750000000
66761  -5.322  -4.761  61.489 1.0000000000
67703  -6.359  -4.093  62.781 0.8750000000
67704  -7.474  -4.023  63.020 0.8750000000
67702  -19.363  -3.791  63.984 0.2500000000
67701  -18.312  -4.110  64.174 0.3750000000
66780  -6.049  -4.281  59.068 1.0000000000
67707  -20.222  -3.549  63.072 0.2500000000
63063  -26.527  -9.084  50.947 0.2500000000
67730  -5.630  -3.539  58.486 0.8750000000
67708  -20.566  -3.100  62.193 0.2500000000
67736  -5.807  -3.210  57.710 0.8750000000
67749  -6.067  -2.652  57.168 0.8750000000
68708  -7.219  -2.916  56.750 0.8750000000
69646  -20.516  -2.038  58.554 0.3750000000
67756  -7.753  -2.753  56.228 0.8750000000
68714  -7.633  -2.202  55.700 0.6250000000
133603  -9.320  -2.514  55.203 0.7500000000
68722  -8.434  -1.941  55.206 0.6250000000
129491  -7.861  -0.319  53.480 0.6250000000
70631  -8.547  -0.086  52.976 0.6250000000
71605  -7.397  0.645  52.207 0.6250000000
72583  -5.978  1.531  51.165 0.6250000000
71619  -7.376  1.002  51.585 0.6250000000
71606  -8.202  0.371  52.447 0.6250000000
132046  -5.138  2.209  49.406 0.6250000000
74568  -4.691  3.288  48.980 0.6250000000
117263  -5.310  2.337  48.159 0.6250000000
73600  -5.231  2.566  46.769 0.3750000000
73611  -5.862  3.153  45.236 0.3750000000
74612  -5.625  3.613  44.642 0.3750000000
73587  -4.919  2.619  47.172 0.3750000000
73599  -5.081  2.877  46.118 0.3750000000
75693  -54.659  4.716  34.623 0.5000000000
75694  -55.246  4.664  34.432 0.7500000000
75706  -55.679  5.054  33.905 0.5000000000
75707  -56.295  5.000  32.919 0.7500000000
140669  -57.032  5.162  31.252 0.6250000000
76753  -57.008  5.890  31.741 0.6250000000
77762  -53.695  6.785  32.716 0.3750000000
77750  -54.316  7.163  33.025 0.3750000000
76767  -57.081  5.504  30.835 0.6250000000
77771  -53.507  6.782  31.859 0.2500000000
76766  -53.100  6.049  31.440 0.2500000000
75733  -56.753  5.100  30.027 0.6250000000
76768  -57.040  6.029  30.196 0.6250000000
77785  -57.450  6.723  29.786 0.6250000000
138200  -56.797  5.448  29.642 0.6250000000
78762  -57.844  7.645  30.266 0.6250000000
77792  -57.508  6.458  28.910 0.6250000000
77786  -58.094  7.481  29.445 0.6250000000
78769  -58.502  7.906  28.761 0.6250000000
79701  -58.903  8.385  28.202 0.6250000000
78777  -58.602  7.456  27.914 0.5000000000
78778  -58.981  7.922  27.294 0.5000000000
79702  -59.207  8.974  27.611 0.6250000000
79709  -59.226  8.456  26.457 0.5000000000
80681  -59.152  10.145  28.025 0.6250000000
81670  -59.215  10.764  27.343 0.5000000000
119820  -59.336  9.632  26.972 0.5000000000
81694  -57.870  11.195  25.191 0.3750000000
82607  -58.995  11.748  26.526 0.6250000000
82635  -58.865  12.453  24.045 0.3750000000
82625  -58.989  12.240  24.852 0.3750000000
82644  -58.709  12.470  23.116 0.3750000000
83554  -59.178  12.761  23.380 0.3750000000
83562  -58.504  12.426  22.082 0.3750000000
83571  -58.692  12.648  21.223 0.3750000000
83583  -58.377  12.492  20.476 0.3750000000
83584  -58.938  12.959  20.819 0.3750000000
83607  -58.758  13.449  18.621 0.3750000000
68698  -13.477  -2.642  57.547 0.6250000000
68699  -14.663  -2.231  57.318 0.5000000000
69650  -12.998  -1.764  57.673 0.6250000000
69652  -14.998  -1.289  57.339 0.6250000000
131565  -15.533  -2.089  57.475 0.3750000000
69633  -10.511  -1.805  59.775 0.7500000000
69634  -11.135  -1.994  59.515 0.7500000000
68691  -11.970  -2.385  58.560 0.7500000000
68684  -16.477  -2.306  59.279 0.3750000000
69627  -9.044  -1.844  60.702 0.7500000000
68682  -10.681  -2.521  59.896 0.7500000000
68683  -11.352  -2.572  59.290 0.7500000000
138391  -16.440  -2.525  61.059 0.3750000000
68678  -16.490  -2.246  60.354 0.3750000000
69618  -6.608  -1.577  61.809 0.8750000000
69619  -7.485  -1.703  61.639 0.7500000000
68667  -8.839  -2.800  61.735 0.8750000000
68670  -16.502  -2.816  61.786 0.3750000000
140421  -4.779  -2.266  60.327 0.8750000000
68673  -4.895  -2.663  61.022 0.8750000000
68666  -7.032  -2.117  62.160 0.8750000000
118953  -6.996  -3.006  62.583 0.8750000000
67700  -17.522  -3.318  64.158 0.2500000000
67706  -17.073  -3.453  63.516 0.3750000000
67720  -5.071  -2.941  58.913 0.8750000000
68681  -5.012  -2.957  59.978 1.0000000000
127894  -5.185  -3.644  61.711 0.8750000000
140678  -17.495  -4.005  63.918 0.3750000000
67721  -5.437  -3.791  59.470 1.0000000000
67715  -5.209  -3.975  60.650 1.0000000000
68663  -20.484  -2.615  62.924 0.2500000000
68671  -20.454  -2.326  62.090 0.2500000000
68679  -20.526  -2.442  60.243 0.2500000000
69636  -20.501  -1.914  59.571 0.2500000000
139974  -5.552  -2.621  57.390 0.8750000000
133472  -5.536  -2.032  56.991 0.8750000000
68707  -6.541  -2.429  56.720 0.8750000000
68706  -5.987  -1.880  56.641 0.8750000000
69666  -6.867  -1.714  55.714 0.6250000000
69665  -6.221  -1.247  55.622 0.6250000000
68721  -7.520  -1.539  55.211 0.6250000000
69673  -8.212  -1.266  54.589 0.6250000000
129013  -7.309  -1.030  54.728 0.6250000000
69681  -7.617  -0.697  54.099 0.6250000000
119398  -6.539  0.579  52.679 0.6250000000
139850  -6.723  0.198  53.156 0.6250000000
72582  -5.640  1.590  51.340 0.6250000000
140655  -6.094  0.959  52.369 0.6250000000
70630  -7.443  0.191  52.961 0.6250000000
71618  -6.523  1.096  51.891 0.6250000000
73558  -5.021  2.039  50.147 0.6250000000
74569  -4.796  2.742  49.739 0.6250000000
75521  -4.912  3.718  49.791 0.6250000000
75520  -4.883  4.177  49.097 0.6250000000
76546  -5.632  5.060  48.362 0.5000000000
74574  -4.627  2.907  48.178 0.6250000000
76558  -5.152  5.109  47.780 0.5000000000
76559  -6.069  5.389  47.778 0.5000000000
76576  -5.386  5.413  47.067 0.5000000000
131544  -4.754  2.684  47.657 0.5000000000
76575  -4.560  4.660  46.231 0.3750000000
76588  -4.476  4.526  45.424 0.3750000000
74599  -5.278  3.237  45.369 0.3750000000
76727  -55.361  6.013  34.136 0.5000000000
76728  -55.988  6.024  33.543 0.7500000000
76713  -54.979  5.465  34.533 0.5000000000
77735  -55.447  6.755  33.743 0.6250000000
76742  -56.572  6.048  32.677 0.6250000000
76726  -53.716  6.014  34.043 0.3750000000
135928  -54.603  6.340  34.163 0.5000000000
77733  -54.884  7.192  33.550 0.5000000000
77734  -55.693  7.527  33.378 0.6250000000
77751  -56.197  7.056  33.273 0.6250000000
77732  -54.024  6.721  33.604 0.3750000000
78705  -55.311  7.612  33.255 0.5000000000
78720  -56.263  8.022  33.064 0.7500000000
76754  -57.261  6.619  31.343 0.6250000000
78734  -56.602  8.311  32.226 0.7500000000
79655  -56.505  8.633  31.704 0.6250000000
79656  -57.186  8.767  31.196 0.6250000000
78746  -57.673  8.322  30.874 0.6250000000
79671  -57.968  9.243  30.657 0.6250000000
129226  -58.476  8.470  29.607 0.6250000000
80651  -58.093  9.877  30.254 0.6250000000
79691  -58.687  8.907  29.096 0.6250000000
124801  -58.608  9.704  29.290 0.6250000000
81654  -58.302  10.412  28.949 0.6250000000
80671  -58.618  10.205  28.802 0.6250000000
79692  -58.897  9.443  28.534 0.6250000000
80680  -58.764  10.768  28.102 0.6250000000
124144  -58.684  11.038  27.738 0.6250000000
81677  -57.750  10.739  26.759 0.5000000000
81679  -58.932  11.265  27.263 0.6250000000
81685  -57.314  10.549  25.755 0.5000000000
81686  -58.232  11.258  26.094 0.5000000000
82624  -58.738  11.838  25.550 0.5000000000
82606  -58.874  11.726  26.269 0.5000000000
70588  -13.966  0.111  57.304 0.6250000000
70589  -14.853  -0.277  57.419 0.6250000000
70577  -10.754  -0.728  58.386 0.7500000000
69642  -11.063  -1.445  59.133 0.7500000000
139704  -13.340  -1.139  57.486 0.7500000000
121571  -14.085  -0.777  57.365 0.6250000000
70590  -15.594  -0.695  57.631 0.6250000000
69653  -15.732  -1.432  57.623 0.3750000000
70568  -10.218  -1.149  59.346 0.7500000000
70578  -11.677  -1.220  58.356 0.7500000000
69643  -11.615  -1.878  58.933 0.7500000000
69644  -12.214  -1.773  58.187 0.7500000000
70580  -16.310  -0.874  58.768 0.3750000000
70591  -16.117  -1.143  57.983 0.3750000000
70566  -8.230  -0.241  59.543 0.7500000000
70560  -8.811  -1.255  60.357 0.7500000000
69629  -16.444  -1.347  60.615 0.3750000000
70558  -7.287  -0.547  60.763 0.8750000000
69626  -8.044  -1.259  60.971 0.7500000000
68674  -8.445  -2.079  61.347 0.7500000000
118326  -4.865  0.295  60.124 0.7500000000
69622  -4.650  -0.465  60.474 0.8750000000
69623  -5.331  -0.897  61.115 0.8750000000
69631  -4.296  -0.942  59.816 0.8750000000
68680  -4.675  -1.984  59.602 0.8750000000
68658  -18.585  -2.987  64.361 0.2500000000
120659  -4.461  -1.369  58.992 0.8750000000
68659  -19.901  -2.885  63.801 0.2500000000
68690  -4.819  -2.139  58.448 0.8750000000
69616  -20.561  -1.824  62.893 0.2500000000
67729  -5.309  -2.851  57.949 0.8750000000
121770  -20.429  -2.044  61.167 0.2500000000
68697  -5.106  -2.162  57.533 0.8750000000
131547  -20.322  -1.352  59.139 0.3750000000
68696  -4.934  -1.477  57.049 0.8750000000
117317  -5.361  -1.343  56.292 0.8750000000
68712  -5.902  -1.399  56.045 0.7500000000
69680  -6.564  -0.649  54.463 0.6250000000
71602  -5.042  0.672  53.351 0.6250000000
71594  -5.628  0.176  53.501 0.6250000000
72570  -5.652  1.155  52.274 0.6250000000
73549  -5.068  2.091  51.170 0.6250000000
72581  -5.495  1.574  51.624 0.6250000000
72593  -5.412  1.799  50.654 0.6250000000
74561  -4.939  2.657  50.710 0.6250000000
75505  -5.618  4.003  50.493 0.6250000000
75522  -6.095  4.405  49.888 0.6250000000
75535  -5.693  4.687  49.085 0.6250000000
121508  -7.488  5.256  48.286 0.5000000000
117191  -6.480  5.109  48.591 0.6250000000
139942  -6.778  5.365  48.045 0.5000000000
76560  -7.090  5.612  47.463 0.5000000000
76577  -6.200  5.742  46.944 0.5000000000
75544  -4.627  4.400  47.664 0.5000000000
76557  -4.771  4.893  47.032 0.3750000000
77588  -6.463  6.209  46.270 0.3750000000
75552  -4.563  4.000  46.774 0.3750000000
137523  -4.847  5.335  46.526 0.2500000000
77587  -5.339  5.933  46.309 0.2500000000
141075  -5.006  2.707  46.621 0.3750000000
75561  -4.549  3.852  45.906 0.3750000000
129753  -4.672  3.880  45.182 0.3750000000
128551  -4.382  5.089  44.995 0.3750000000
124879  -4.184  6.296  42.469 0.1250000000
124561  -14.709  0.685  57.442 0.5000000000
71567  -15.377  1.179  57.806 0.3750000000
71551  -8.938  0.281  58.033 0.7500000000
70576  -9.808  -0.148  57.883 0.7500000000
70586  -11.642  -0.390  57.649 0.7500000000
136250  -12.518  -0.238  57.413 0.7500000000
70587  -12.519  -1.000  57.715 0.7500000000
121849  -13.239  -0.463  57.379 0.7500000000
119436  -15.459  0.218  57.722 0.5000000000
131035  -15.898  0.561  58.293 0.3750000000
70575  -9.019  -0.233  58.699 0.7500000000
70567  -9.158  -0.833  59.616 0.7500000000
71553  -16.240  -0.039  58.955 0.3750000000
71550  -8.052  0.395  58.685 0.7500000000
117619  -7.551  -0.230  60.187 0.7500000000
70559  -8.190  -0.718  60.308 0.7500000000
71541  -16.205  0.255  60.083 0.3750000000
71549  -6.941  0.959  59.122 0.7500000000
70565  -6.734  0.077  60.378 0.7500000000
70557  -6.183  -0.411  60.938 0.7500000000
71539  -6.347  0.722  59.836 0.7500000000
70564  -5.718  0.267  60.341 0.7500000000
70556  -5.211  -0.117  60.781 0.7500000000
124790  -11.550  4.099  52.920 0.5000000000
71537  -4.884  0.805  59.515 0.7500000000
70563  -4.562  0.334  59.436 0.7500000000
74527  -9.599  3.261  53.668 0.5000000000
75481  -9.711  3.627  53.052 0.5000000000
69641  -4.231  -0.643  59.002 0.8750000000
74540  -8.571  3.594  53.277 0.6250000000
134837  -4.263  -0.502  58.242 0.8750000000
75482  -10.680  3.736  52.926 0.5000000000
69649  -4.453  -0.765  57.390 0.8750000000
133993  -9.916  3.926  52.430 0.5000000000
69660  -4.719  -0.902  56.527 0.7500000000
139528  -4.559  -0.512  56.275 0.6250000000
69664  -5.581  -0.908  55.416 0.6250000000
70603  -4.833  -0.712  55.711 0.6250000000
69671  -6.125  -0.812  55.079 0.6250000000
75498  -10.237  4.289  51.637 0.5000000000
70608  -4.589  -0.091  55.202 0.6250000000
70609  -5.139  -0.524  54.803 0.6250000000
134914  -8.611  4.276  51.512 0.5000000000
71593  -5.232  0.150  53.653 0.6250000000
70616  -5.417  -0.266  54.074 0.6250000000
72569  -5.200  1.255  52.705 0.6250000000
119945  -5.494  3.288  52.040 0.6250000000
73541  -5.111  2.044  52.104 0.6250000000
136558  -5.135  3.221  51.259 0.6250000000
74553  -5.595  3.586  51.326 0.6250000000
75506  -6.482  4.238  50.639 0.6250000000
76537  -8.025  4.913  48.994 0.5000000000
76561  -8.241  5.586  47.540 0.5000000000
76562  -9.432  5.657  47.601 0.5000000000
77574  -8.942  6.035  46.806 0.5000000000
76578  -7.023  5.987  46.756 0.5000000000
77589  -7.481  6.317  46.209 0.5000000000
76579  -7.875  5.965  46.817 0.5000000000
77605  -5.899  6.480  45.623 0.3750000000
77619  -4.685  6.544  44.640 0.2500000000
77604  -4.889  6.241  45.452 0.3750000000
78576  -4.339  6.953  43.900 0.1250000000
77618  -4.380  6.181  44.095 0.3750000000
77645  -3.650  6.934  42.168 0.1250000000
78621  -3.469  7.400  41.811 0.1250000000
77646  -4.574  6.129  42.257 0.1250000000
71563  -10.257  0.513  57.355 0.7500000000
72527  -10.684  1.290  57.141 0.7500000000
127445  -11.782  1.351  57.235 0.7500000000
71566  -13.709  1.078  57.205 0.6250000000
70585  -10.707  -0.134  57.631 0.7500000000
71564  -11.186  0.449  57.317 0.7500000000
71565  -12.737  0.984  57.110 0.7500000000
116783  -13.065  0.324  57.233 0.7500000000
72530  -14.582  1.588  57.525 0.5000000000
71561  -8.343  0.802  57.752 0.7500000000
72510  -15.905  1.034  59.710 0.3750000000
71552  -16.052  0.666  59.094 0.3750000000
74529  -11.316  3.274  54.255 0.5000000000
74528  -10.440  2.925  54.212 0.6250000000
75475  -11.976  3.901  54.201 0.5000000000
75476  -12.423  4.695  53.994 0.5000000000
75484  -12.336  4.812  53.090 0.5000000000
140540  -9.586  2.926  54.221 0.6250000000
75483  -11.419  3.669  53.546 0.5000000000
71538  -5.398  1.017  59.679 0.7500000000
73526  -9.036  2.715  54.639 0.6250000000
74541  -10.569  3.342  53.559 0.5000000000
74511  -7.786  2.996  54.641 0.6250000000
74526  -8.685  3.205  54.004 0.6250000000
70574  -4.287  0.079  58.792 0.7500000000
75490  -10.911  4.118  52.289 0.5000000000
74525  -7.593  3.502  53.911 0.6250000000
117110  -6.778  3.502  53.958 0.6250000000
124702  -9.051  4.056  52.049 0.5000000000
70584  -4.284  -0.009  57.788 0.7500000000
71573  -4.381  0.728  57.214 0.7500000000
75480  -8.244  3.854  52.692 0.5000000000
71577  -4.397  0.062  56.166 0.6250000000
74539  -7.499  3.666  53.303 0.6250000000
75511  -10.921  4.614  51.040 0.5000000000
71584  -4.451  0.764  54.978 0.6250000000
75497  -9.365  4.381  51.227 0.5000000000
121147  -4.679  1.828  55.445 0.6250000000
72552  -4.555  1.490  54.639 0.6250000000
75488  -7.426  3.847  52.658 0.5000000000
75509  -9.417  4.546  50.456 0.5000000000
132649  -10.137  4.687  49.939 0.5000000000
72561  -4.676  1.616  53.791 0.6250000000
73535  -4.941  2.253  53.155 0.6250000000
75487  -6.704  3.816  52.370 0.6250000000
75496  -7.865  4.287  51.279 0.5000000000
75525  -9.297  4.698  49.717 0.5000000000
74545  -5.263  2.839  52.639 0.6250000000
74554  -6.031  3.596  52.272 0.6250000000
75495  -6.974  4.118  51.391 0.5000000000
119128  -8.684  4.458  50.861 0.5000000000
116868  -10.028  4.968  49.087 0.5000000000
75507  -7.262  4.411  50.588 0.6250000000
75508  -8.069  4.516  50.397 0.5000000000
75524  -8.429  4.696  49.673 0.5000000000
76549  -9.611  5.317  48.376 0.5000000000
75523  -7.467  4.677  49.738 0.5000000000
76538  -9.001  4.952  49.012 0.5000000000
77575  -9.974  6.313  46.917 0.5000000000
77607  -7.999  6.700  45.606 0.5000000000
77590  -8.459  6.411  46.163 0.5000000000
78578  -6.068  7.531  44.440 0.1250000000
78559  -6.541  6.980  45.017 0.2500000000
77606  -7.012  6.612  45.625 0.3750000000
78561  -8.426  7.275  45.280 0.3750000000
77608  -8.766  6.889  45.673 0.3750000000
78577  -5.005  7.312  44.273 0.2500000000
78558  -5.432  6.836  44.940 0.2500000000
79532  -5.475  8.216  43.786 0.1250000000
78596  -4.472  7.718  43.626 0.1250000000
138232  -3.883  7.977  43.101 0.1250000000
77633  -4.054  6.623  43.291 0.1250000000
78594  -3.637  7.094  42.543 0.1250000000
72526  -9.913  1.268  57.044 0.6250000000
124176  -12.059  2.320  57.680 0.5000000000
132000  -9.307  1.431  56.985 0.6250000000
72528  -12.891  1.688  57.360 0.6250000000
72529  -13.796  1.874  57.446 0.5000000000
73492  -14.310  2.264  57.833 0.5000000000
73481  -15.150  2.052  58.033 0.3750000000
71562  -9.340  0.780  57.432 0.7500000000
126854  -15.575  1.770  60.029 0.5000000000
130858  -15.668  1.423  58.733 0.3750000000
73527  -10.035  2.612  54.802 0.6250000000
128193  -11.752  3.655  55.015 0.6250000000
72507  -15.948  1.014  60.783 0.5000000000
71548  -6.050  1.296  59.330 0.7500000000
71560  -7.374  1.083  58.182 0.7500000000
76513  -12.757  5.570  53.647 0.5000000000
133465  -6.749  3.176  55.109 0.6250000000
135988  -6.288  2.995  55.726 0.7500000000
71546  -4.657  0.917  58.842 0.7500000000
76516  -12.373  5.128  52.390 0.5000000000
77543  -12.771  6.434  52.413 0.5000000000
75499  -11.334  4.531  51.638 0.5000000000
76521  -12.281  5.591  51.383 0.5000000000
74524  -6.245  3.288  54.596 0.6250000000
76529  -11.708  5.045  50.977 0.5000000000
76530  -12.145  5.892  50.778 0.5000000000
72535  -4.790  1.705  56.988 0.6250000000
76528  -10.999  4.865  50.262 0.5000000000
126409  -4.477  1.094  56.392 0.7500000000
138971  -4.506  1.278  55.786 0.6250000000
74538  -6.342  3.387  54.074 0.6250000000
75510  -10.201  4.521  50.754 0.5000000000
124347  -11.633  5.493  50.323 0.5000000000
74522  -5.503  2.946  54.670 0.6250000000
74537  -5.944  3.243  54.189 0.6250000000
74536  -5.454  2.929  53.729 0.6250000000
74547  -6.306  3.484  53.289 0.6250000000
74548  -6.802  3.619  53.320 0.6250000000
76539  -10.661  5.040  49.568 0.5000000000
76550  -10.474  5.637  48.375 0.5000000000
77566  -11.019  6.368  48.001 0.5000000000
76563  -10.359  5.973  47.619 0.5000000000
77592  -10.314  7.162  46.611 0.5000000000
77591  -9.471  6.792  46.122 0.5000000000
78562  -9.169  7.460  45.555 0.3750000000
78579  -7.242  7.739  44.610 0.3750000000
78580  -8.070  7.652  44.858 0.3750000000
128033  -8.717  7.956  45.083 0.3750000000
79533  -6.707  8.330  44.117 0.1250000000
139584  -7.423  8.379  44.303 0.3750000000
116797  -5.142  9.142  43.281 0.1250000000
80510  -3.973  9.111  42.619 0.1250000000
79541  -4.368  8.469  43.237 0.1250000000
135680  -3.162  8.872  41.986 0.1250000000
78610  -3.260  7.603  41.973 0.1250000000
73490  -10.355  1.920  56.853 0.6250000000
122004  -11.089  2.253  57.325 0.5000000000
73491  -11.519  3.126  57.910 0.5000000000
73474  -13.967  2.988  58.955 0.5000000000
73475  -14.607  2.675  59.399 0.5000000000
136511  -14.630  2.721  60.455 0.5000000000
73506  -10.210  2.201  56.376 0.6250000000
74500  -11.356  3.712  56.836 0.6250000000
73478  -12.297  2.967  58.321 0.5000000000
73479  -13.201  3.045  58.600 0.5000000000
130960  -13.236  2.426  57.874 0.5000000000
127798  -13.896  2.666  58.291 0.5000000000
73480  -14.583  2.522  58.490 0.5000000000
139455  -15.075  2.354  59.900 0.5000000000
73471  -14.685  2.674  61.615 0.5000000000
73472  -15.231  2.308  60.916 0.5000000000
72539  -9.639  1.787  56.596 0.6250000000
74499  -10.892  2.886  56.236 0.6250000000
75456  -11.655  4.522  56.787 0.5000000000
73468  -14.644  2.506  62.755 0.5000000000
73517  -10.168  2.448  55.620 0.6250000000
74513  -11.454  3.554  55.925 0.6250000000
131313  -11.885  4.402  55.815 0.5000000000
76500  -12.251  5.429  55.478 0.5000000000
72503  -15.698  1.699  62.605 0.3750000000
72525  -8.633  1.359  57.161 0.6250000000
73516  -9.434  2.424  55.213 0.6250000000
75463  -12.228  4.542  54.840 0.5000000000
77528  -12.572  6.503  55.099 0.5000000000
73515  -8.533  2.443  55.255 0.6250000000
76509  -12.595  5.522  54.548 0.5000000000
77535  -12.846  6.357  54.142 0.5000000000
72523  -6.731  1.663  57.728 0.7500000000
73503  -6.938  2.418  56.372 0.7500000000
73502  -5.814  2.597  56.417 0.7500000000
77540  -12.871  6.380  53.271 0.5000000000
72515  -5.364  1.695  58.904 0.7500000000
72516  -6.326  1.538  58.635 0.7500000000
73514  -7.390  2.690  55.478 0.6250000000
118330  -12.720  5.672  52.799 0.5000000000
127158  -12.827  7.026  53.723 0.5000000000
72522  -5.148  1.938  58.076 0.7500000000
72513  -4.711  1.515  57.940 0.7500000000
126911  -12.775  7.117  52.888 0.5000000000
71559  -4.417  0.646  58.133 0.7500000000
73487  -5.209  1.996  57.239 0.7500000000
74509  -5.764  2.978  55.411 0.6250000000
77550  -12.535  6.435  51.486 0.5000000000
73500  -5.273  2.222  56.452 0.7500000000
74523  -5.831  3.087  55.005 0.6250000000
77559  -12.351  6.736  50.633 0.5000000000
73512  -5.159  2.461  55.784 0.6250000000
125046  -6.069  3.222  54.670 0.6250000000
77563  -12.229  7.047  49.877 0.5000000000
73525  -4.913  2.448  54.911 0.6250000000
77562  -11.754  6.555  49.299 0.5000000000
77567  -11.497  6.835  48.522 0.5000000000
77576  -10.689  6.728  47.319 0.5000000000
78544  -10.773  7.544  47.255 0.5000000000
79522  -9.410  8.258  45.492 0.3750000000
82454  -6.847  11.726  44.048 0.3750000000
82463  -7.206  10.772  43.719 0.2500000000
80503  -7.896  9.963  43.914 0.2500000000
80504  -8.417  9.331  44.424 0.2500000000
83386  -6.154  12.191  43.482 0.3750000000
82462  -6.314  11.377  43.206 0.2500000000
80522  -6.203  10.449  43.083 0.2500000000
79534  -7.508  9.027  43.933 0.1250000000
82461  -5.532  11.931  42.632 0.2500000000
80521  -4.884  9.986  42.627 0.1250000000
80520  -3.597  9.569  41.764 0.1250000000
81530  -4.093  10.489  41.662 0.1250000000
132779  -10.953  2.843  57.099 0.6250000000
74486  -11.653  3.935  58.299 0.5000000000
136015  -11.902  3.510  58.545 0.5000000000
74487  -12.513  3.500  58.938 0.5000000000
74483  -13.944  3.077  59.959 0.5000000000
75453  -11.565  4.564  57.708 0.5000000000
73469  -15.203  2.202  62.120 0.3750000000
76499  -11.858  5.337  56.336 0.5000000000
73466  -15.173  2.149  63.153 0.3750000000
72538  -8.852  1.739  56.530 0.6250000000
73505  -9.284  2.132  55.912 0.6250000000
72524  -7.711  1.397  57.407 0.7500000000
73504  -8.166  2.124  55.980 0.6250000000
78506  -12.223  7.329  55.701 0.5000000000
72537  -7.927  1.813  56.728 0.7500000000
72536  -7.104  1.886  57.051 0.7500000000
73489  -6.182  2.151  57.130 0.7500000000
78507  -12.535  7.423  54.940 0.5000000000
78511  -12.534  7.545  54.156 0.5000000000
122314  -5.695  1.989  58.035 0.7500000000
73488  -5.422  2.124  57.215 0.7500000000
73501  -5.483  2.380  56.443 0.7500000000
78514  -12.528  7.664  53.360 0.5000000000
74498  -5.703  2.875  55.796 0.7500000000
79475  -12.531  7.877  52.541 0.5000000000
73513  -5.533  2.674  55.878 0.6250000000
78520  -12.695  7.248  52.024 0.5000000000
78526  -12.503  7.347  51.184 0.5000000000
134712  -12.365  7.396  50.480 0.5000000000
78528  -12.187  7.802  49.968 0.5000000000
136657  -11.414  7.465  48.419 0.5000000000
79500  -11.375  8.119  48.682 0.5000000000
79505  -10.663  8.392  47.403 0.5000000000
78550  -10.395  8.060  46.631 0.3750000000
79511  -9.922  8.590  46.099 0.3750000000
83370  -6.359  12.605  45.201 0.3750000000
83371  -7.130  12.194  44.888 0.3750000000
82450  -7.756  11.758  45.455 0.3750000000
80499  -9.445  9.100  45.611 0.3750000000
83378  -6.421  12.424  44.352 0.3750000000
82455  -7.585  11.385  44.569 0.3750000000
81516  -7.922  10.653  44.365 0.2500000000
81517  -8.490  10.195  44.672 0.3750000000
79521  -8.923  8.779  44.981 0.2500000000
83377  -5.781  12.865  43.861 0.3750000000
83385  -5.463  12.740  42.950 0.2500000000
82471  -4.665  11.279  42.008 0.1250000000
122084  -4.267  11.842  41.256 0.1250000000
82470  -3.837  10.757  41.108 0.1250000000
74481  -11.863  4.017  59.107 0.5000000000
74482  -12.502  3.778  59.750 0.5000000000
74477  -14.031  3.135  61.132 0.5000000000
75451  -11.535  4.684  58.595 0.5000000000
75448  -11.889  4.274  60.017 0.5000000000
74476  -13.182  3.619  60.599 0.5000000000
74471  -13.428  3.514  61.915 0.5000000000
131729  -13.612  3.241  62.912 0.3750000000
74472  -14.116  2.983  62.309 0.5000000000
76494  -11.610  5.360  57.166 0.5000000000
127784  -11.610  5.996  56.767 0.5000000000
77523  -11.415  6.705  56.923 0.5000000000
73459  -14.703  2.538  63.610 0.3750000000
77527  -11.976  6.353  56.138 0.5000000000
78502  -11.605  7.304  56.525 0.5000000000
79460  -12.226  7.980  55.328 0.5000000000
79458  -11.797  8.266  56.060 0.5000000000
79464  -12.235  8.097  54.633 0.5000000000
79469  -12.157  8.181  53.795 0.5000000000
136427  -12.252  8.285  53.047 0.5000000000
79474  -12.067  8.611  52.288 0.5000000000
79488  -12.331  8.005  50.799 0.5000000000
79487  -11.853  8.517  50.355 0.5000000000
79493  -11.052  8.859  49.048 0.5000000000
79499  -10.865  8.654  48.207 0.3750000000
80490  -10.250  8.932  46.828 0.3750000000
83360  -5.999  12.539  46.123 0.2500000000
83361  -7.015  12.313  45.812 0.3750000000
83369  -5.498  12.937  45.460 0.3750000000
82444  -8.344  11.244  46.020 0.3750000000
120470  -8.877  10.424  45.652 0.3750000000
80489  -9.741  9.399  46.306 0.3750000000
81508  -8.250  10.990  45.078 0.3750000000
80498  -9.009  9.640  45.134 0.3750000000
84344  -5.179  13.428  44.609 0.3750000000
84353  -5.090  13.454  43.458 0.1250000000
83384  -4.728  13.273  42.509 0.1250000000
83389  -4.284  12.824  41.637 0.2500000000
83402  -4.195  12.329  41.073 0.1250000000
82485  -4.183  11.209  40.851 0.1250000000
84391  -4.460  13.241  40.353 0.1250000000
75447  -11.499  4.810  59.471 0.5000000000
76487  -10.945  5.666  59.873 0.5000000000
75443  -11.381  4.925  60.419 0.5000000000
76490  -11.267  5.486  58.902 0.5000000000
76493  -11.450  5.430  58.030 0.5000000000
74475  -12.383  4.037  60.567 0.5000000000
74470  -12.516  4.056  61.608 0.5000000000
74463  -12.832  3.739  62.928 0.5000000000
74465  -14.139  2.850  63.351 0.3750000000
76486  -10.766  6.261  59.166 0.5000000000
76489  -11.094  6.212  58.391 0.5000000000
74456  -14.213  2.941  64.031 0.3750000000
77520  -10.731  6.858  58.032 0.5000000000
78499  -11.021  7.371  57.197 0.5000000000
78498  -10.505  7.351  57.771 0.5000000000
79455  -11.224  7.970  56.814 0.5000000000
80382  -7.566  8.402  60.537 0.5000000000
80393  -8.246  8.965  59.984 0.5000000000
139286  -8.665  8.040  59.872 0.5000000000
80403  -9.317  9.434  58.757 0.5000000000
79453  -10.099  8.491  57.949 0.5000000000
80410  -9.872  9.457  58.097 0.5000000000
140799  -10.450  10.172  57.115 0.5000000000
79459  -11.891  8.668  55.177 0.5000000000
80392  -7.407  9.161  60.443 0.5000000000
81373  -7.523  10.026  59.927 0.5000000000
80402  -8.774  9.495  59.274 0.5000000000
81396  -10.017  10.268  57.482 0.5000000000
80414  -10.882  10.049  56.541 0.5000000000
80424  -11.384  9.402  54.844 0.5000000000
79463  -11.736  8.724  54.280 0.5000000000
81384  -8.789  10.311  58.683 0.5000000000
81395  -9.417  10.377  58.082 0.5000000000
81403  -10.092  10.499  56.751 0.5000000000
80417  -10.923  10.093  55.395 0.5000000000
79468  -11.685  8.821  53.275 0.5000000000
81410  -10.173  10.472  55.837 0.5000000000
80423  -10.641  9.921  54.447 0.5000000000
80430  -10.314  9.810  53.621 0.5000000000
80439  -11.350  9.095  52.530 0.5000000000
126272  -10.028  9.777  52.880 0.5000000000
80438  -10.644  9.470  52.293 0.5000000000
79479  -11.991  8.613  51.266 0.5000000000
80446  -10.615  9.574  51.425 0.5000000000
80454  -10.626  9.621  50.469 0.5000000000
80461  -10.561  9.575  49.513 0.3750000000
80469  -10.474  9.431  48.572 0.3750000000
80479  -10.402  9.210  47.659 0.3750000000
127716  -5.280  12.932  46.287 0.2500000000
82442  -6.611  12.129  46.895 0.3750000000
82437  -7.412  11.599  47.357 0.3750000000
82438  -8.254  11.334  46.944 0.3750000000
81493  -9.323  10.426  47.365 0.3750000000
84336  -4.875  13.446  45.653 0.2500000000
82443  -7.654  11.852  46.425 0.3750000000
81501  -8.857  10.764  46.616 0.3750000000
81502  -9.386  10.116  46.455 0.3750000000
84343  -4.600  14.070  44.071 0.1250000000
84352  -4.459  14.008  43.066 0.1250000000
137033  -4.201  14.608  42.521 0.1250000000
84361  -3.970  14.216  41.638 0.1250000000
84373  -4.077  13.185  41.315 0.1250000000
85369  -3.970  13.930  41.051 0.1250000000
131528  -11.325  4.981  61.359 0.5000000000
132053  -11.760  4.493  61.748 0.5000000000
124371  -12.756  3.894  63.867 0.3750000000
77506  -9.911  6.844  60.209 0.5000000000
134228  -10.439  6.407  59.813 0.5000000000
75439  -11.326  4.883  62.252 0.5000000000
75440  -11.945  4.287  62.557 0.5000000000
75430  -12.062  4.184  63.501 0.5000000000
117587  -13.897  3.625  64.178 0.3750000000
77505  -9.240  7.162  60.644 0.5000000000
77517  -10.424  6.822  58.721 0.5000000000
78475  -8.923  7.559  60.326 0.5000000000
78487  -9.873  7.213  59.105 0.5000000000
78494  -10.143  7.242  58.394 0.5000000000
79431  -7.454  7.963  60.872 0.5000000000
78474  -8.120  7.698  60.732 0.5000000000
78485  -8.754  7.699  60.105 0.5000000000
78486  -9.387  7.509  59.637 0.5000000000
79432  -8.090  7.955  60.363 0.5000000000
78493  -9.743  7.539  58.880 0.5000000000
79450  -10.024  7.714  58.127 0.5000000000
80381  -6.853  8.630  61.020 0.5000000000
79441  -9.255  7.812  59.457 0.5000000000
79449  -9.650  8.327  58.665 0.5000000000
81362  -6.664  9.788  60.627 0.5000000000
81383  -8.209  10.179  59.300 0.5000000000
81402  -9.219  10.790  57.041 0.5000000000
81382  -7.474  10.962  59.114 0.5000000000
81394  -8.653  11.045  57.818 0.5000000000
81401  -8.526  11.006  55.942 0.5000000000
81409  -9.361  10.729  56.019 0.5000000000
80416  -10.009  10.292  54.933 0.5000000000
121890  -7.169  11.292  58.066 0.5000000000
123996  -8.139  11.121  56.726 0.5000000000
80453  -9.944  10.114  50.063 0.3750000000
80460  -9.836  10.158  49.043 0.3750000000
81491  -8.045  11.014  47.835 0.3750000000
81480  -8.474  10.686  48.488 0.3750000000
81481  -9.262  10.453  48.308 0.3750000000
140258  -6.671  11.803  47.749 0.2500000000
82430  -7.135  11.325  48.196 0.3750000000
126448  -8.804  10.749  47.867 0.3750000000
83359  -5.356  13.163  47.050 0.2500000000
85302  -4.625  14.820  46.157 0.2500000000
84328  -4.899  13.579  46.413 0.2500000000
120411  -4.556  14.145  45.886 0.1250000000
85314  -4.447  14.770  45.303 0.1250000000
86244  -4.572  15.193  44.525 0.1250000000
84335  -4.606  14.093  45.045 0.1250000000
86230  -4.953  15.617  45.290 0.1250000000
75442  -10.812  5.532  60.902 0.5000000000
75438  -10.781  5.474  61.839 0.5000000000
75428  -10.748  5.291  62.794 0.5000000000
74455  -13.213  3.906  64.240 0.3750000000
76475  -9.713  6.623  61.001 0.5000000000
76482  -10.338  6.223  60.521 0.5000000000
76476  -10.134  5.865  62.293 0.5000000000
75420  -11.376  4.526  63.981 0.5000000000
75421  -12.132  4.283  64.148 0.5000000000
74453  -12.674  4.166  64.264 0.5000000000
76460  -10.075  5.380  64.096 0.5000000000
123099  -11.586  4.746  64.493 0.5000000000
75417  -12.320  4.488  64.448 0.5000000000
75418  -12.871  4.484  64.405 0.3750000000
75423  -14.302  4.231  64.079 0.3750000000
77493  -8.244  7.071  61.950 0.5000000000
76458  -8.598  6.229  63.437 0.5000000000
76454  -10.336  5.455  64.459 0.5000000000
77476  -10.858  5.680  64.581 0.5000000000
77504  -8.515  7.364  61.044 0.5000000000
78463  -7.825  7.506  61.468 0.5000000000
78462  -7.223  7.759  61.999 0.5000000000
77485  -7.440  6.928  63.535 0.5000000000
79422  -6.937  8.091  61.550 0.5000000000
78446  -6.709  7.954  63.585 0.5000000000
78447  -7.075  7.354  64.008 0.5000000000
122102  -6.433  8.528  63.453 0.5000000000
79412  -6.808  8.050  64.001 0.5000000000
81361  -5.905  9.989  61.203 0.5000000000
80380  -6.185  9.289  61.519 0.5000000000
81372  -6.625  10.818  59.734 0.5000000000
81371  -5.798  11.283  59.040 0.5000000000
81381  -6.563  11.273  58.581 0.5000000000
136295  -6.884  11.346  57.156 0.5000000000
81470  -9.264  10.386  49.740 0.3750000000
128191  -4.734  14.168  46.503 0.2500000000
119563  -10.237  6.055  61.381 0.5000000000
75422  -13.529  4.357  64.236 0.3750000000
76461  -13.783  5.074  63.957 0.3750000000
76467  -10.023  5.558  63.300 0.5000000000
77478  -12.581  5.725  64.196 0.3750000000
125884  -13.276  5.748  63.707 0.3750000000
135500  -9.670  6.344  61.778 0.5000000000
76466  -9.309  6.150  62.700 0.5000000000
76453  -9.527  5.789  64.325 0.5000000000
77482  -12.107  6.477  63.920 0.3750000000
77483  -12.824  6.275  63.572 0.3750000000
77488  -13.379  6.460  62.959 0.3750000000
77473  -8.244  6.498  64.379 0.5000000000
78445  -10.494  6.405  64.418 0.5000000000
78450  -11.284  7.033  63.846 0.3750000000
78452  -12.670  6.844  63.172 0.3750000000
77472  -7.829  7.018  64.462 0.5000000000
78448  -9.291  7.394  64.177 0.5000000000
78451  -12.077  7.133  63.384 0.3750000000
79413  -7.407  8.303  64.098 0.5000000000
79411  -8.222  7.663  64.270 0.5000000000
79415  -10.013  8.007  63.628 0.5000000000
79416  -10.888  7.829  63.403 0.3750000000
78455  -11.721  7.645  63.142 0.3750000000
80370  -5.780  9.555  62.775 0.5000000000
80364  -6.141  9.239  63.312 0.5000000000
80365  -6.776  8.955  63.726 0.5000000000
139536  -8.526  9.338  63.525 0.5000000000
80367  -9.178  8.978  63.449 0.5000000000
81352  -5.594  10.592  62.598 0.5000000000
81360  -5.945  10.594  60.532 0.5000000000
131312  -5.727  11.055  59.831 0.5000000000
78457  -13.045  7.068  62.479 0.3750000000
78464  -12.701  7.629  62.154 0.3750000000
79418  -10.548  8.589  63.034 0.3750000000
79420  -12.034  7.925  62.484 0.3750000000
81353  -5.987  10.065  63.181 0.5000000000
81349  -6.486  9.851  63.473 0.5000000000
81351  -8.213  10.103  63.404 0.5000000000
80371  -9.096  9.721  63.163 0.5000000000
138648  -10.498  9.014  62.614 0.5000000000
79423  -11.693  8.425  62.193 0.3750000000
116724  -12.036  9.299  60.634 0.3750000000
81355  -9.596  9.983  62.444 0.5000000000
131419  -11.034  9.314  61.591 0.3750000000
81364  -11.106  10.341  60.324 0.3750000000
126084  -5.242  11.277  60.469 0.5000000000
81363  -10.304  10.885  60.624 0.3750000000
75491  -11.817  4.541  52.321 0.5000000000
138599  -21.785  -18.979  51.468 1.0000000000
49394  -32.751  -22.698  49.978 1.0000000000
50276  -31.041  -22.178  49.790 1.0000000000
116676  -30.714  -21.889  48.599 1.0000000000
50299  -29.349  -21.062  47.682 1.0000000000
51172  -21.410  -20.334  53.248 1.0000000000
116908  -27.611  -19.628  48.322 1.0000000000
54027  -22.549  -17.923  46.307 1.0000000000
42704  -6.074  -29.570  55.719 0.5000000000
47545  -20.837  -24.723  56.802 1.0000000000
45690  -21.064  -26.314  57.184 1.0000000000
48481  -20.264  -23.531  55.715 1.0000000000
131188  -20.083  -24.822  56.497 1.0000000000
49344  -20.620  -22.245  54.938 1.0000000000
50289  -31.923  -22.538  48.759 1.0000000000
47620  -42.337  -24.450  47.208 0.7500000000
50300  -30.555  -21.934  47.556 1.0000000000
51170  -19.710  -20.937  52.161 1.0000000000
53088  -24.653  -18.218  45.262 1.0000000000
41759  -8.379  -30.149  55.624 0.3750000000
42713  -9.247  -29.103  54.278 0.3750000000
43751  -5.840  -28.784  56.090 0.5000000000
43773  -9.381  -28.056  54.658 0.3750000000
117269  -10.033  -27.493  54.976 0.5000000000
43771  -5.193  -27.993  54.139 0.2500000000
43779  -5.256  -28.039  53.032 0.2500000000
43792  -4.859  -27.832  51.004 0.2500000000
129727  -19.857  -28.028  57.197 0.8750000000
43759  -18.658  -28.382  56.644 0.8750000000
44754  -19.501  -28.021  57.864 0.8750000000
43747  -18.712  -28.466  57.202 0.8750000000
45688  -19.885  -26.737  57.620 1.0000000000
126899  -21.091  -27.102  56.995 1.0000000000
50301  -31.172  -22.312  47.802 1.0000000000
140377  -28.702  -21.006  46.449 1.0000000000
51211  -27.578  -20.350  45.886 1.0000000000
53080  -26.179  -19.094  45.514 1.0000000000
53079  -25.422  -18.647  45.598 1.0000000000
54059  -23.912  -17.839  44.960 1.0000000000
48475  -5.939  -24.639  54.892 0.5000000000
44779  -9.170  -27.598  55.707 0.3750000000
46645  -5.058  -25.493  53.850 0.3750000000
47555  -5.536  -25.086  54.371 0.5000000000
47548  -5.383  -24.929  55.243 0.5000000000
45700  -4.763  -26.558  53.640 0.2500000000
44785  -4.885  -27.264  54.453 0.2500000000
45694  -4.813  -26.434  55.567 0.3750000000
44765  -4.963  -26.927  56.209 0.3750000000
43761  -4.925  -27.912  54.988 0.2500000000
122741  -4.962  -26.314  52.697 0.2500000000
44815  -4.937  -27.060  52.637 0.2500000000
43755  -14.911  -28.379  56.701 0.7500000000
116672  -15.043  -27.565  55.352 0.7500000000
44774  -14.357  -27.963  56.078 0.6250000000
49352  -7.789  -23.128  53.648 0.6250000000
124270  -5.154  -26.407  51.111 0.2500000000
43757  -16.658  -28.408  56.833 0.8750000000
42708  -17.440  -28.424  56.954 0.8750000000
43746  -16.056  -28.796  57.575 0.8750000000
42698  -18.012  -28.698  57.755 0.8750000000
136803  -16.361  -28.187  55.923 0.8750000000
50228  -8.392  -22.940  52.557 0.5000000000
50197  -8.767  -22.614  53.925 0.6250000000
44841  -4.872  -26.999  50.562 0.2500000000
119343  -17.342  -28.307  56.199 0.8750000000
43767  -18.065  -28.162  55.761 0.7500000000
50229  -8.579  -22.740  52.687 0.6250000000
128735  -9.279  -22.465  50.886 0.6250000000
50246  -10.323  -22.495  51.083 0.6250000000
126385  -18.307  -22.423  54.059 1.0000000000
49418  -33.240  -23.293  48.440 1.0000000000
54033  -41.987  -17.740  46.396 0.6250000000
51169  -18.000  -20.953  52.448 1.0000000000
50313  -30.458  -22.015  46.665 1.0000000000
49428  -31.602  -22.571  47.275 1.0000000000
49427  -31.064  -22.349  46.980 1.0000000000
50327  -30.364  -21.984  45.837 1.0000000000
50315  -31.869  -22.242  45.684 1.0000000000
50328  -31.129  -21.981  45.129 1.0000000000
53004  -18.099  -18.860  49.577 1.0000000000
51227  -28.241  -21.026  44.409 1.0000000000
50341  -29.675  -21.651  44.634 1.0000000000
50353  -31.748  -20.911  43.297 0.8750000000
128794  -18.985  -18.437  48.260 1.0000000000
52136  -26.429  -19.278  44.692 1.0000000000
50350  -29.041  -21.381  44.035 1.0000000000
51238  -30.287  -20.992  42.827 0.8750000000
53090  -25.930  -18.899  44.192 1.0000000000
51249  -29.395  -20.688  42.428 1.0000000000
52150  -28.159  -20.169  42.119 1.0000000000
53107  -25.496  -18.461  42.889 1.0000000000
52148  -26.630  -19.430  42.870 1.0000000000
54056  -21.598  -17.359  44.887 1.0000000000
123769  -24.081  -17.792  43.507 1.0000000000
53108  -26.176  -18.808  42.446 1.0000000000
132707  -10.881  -27.320  55.443 0.5000000000
46636  -5.000  -25.528  55.604 0.5000000000
44755  -5.884  -26.796  56.733 0.6250000000
44772  -12.627  -27.628  56.535 0.7500000000
117156  -13.442  -27.458  55.893 0.6250000000
49318  -7.332  -23.400  55.865 0.6250000000
43744  -13.766  -28.469  57.631 0.8750000000
43745  -15.188  -28.914  58.016 0.8750000000
44773  -13.543  -28.079  56.689 0.7500000000
42696  -16.334  -29.024  58.701 0.8750000000
42692  -16.085  -28.830  59.413 0.8750000000
43740  -14.851  -28.978  59.460 0.8750000000
42699  -15.798  -29.086  58.418 0.8750000000
49320  -8.965  -22.759  55.305 0.6250000000
44744  -17.409  -27.368  59.637 0.8750000000
42693  -16.886  -28.716  58.985 0.8750000000
50230  -8.989  -22.552  52.782 0.6250000000
45680  -17.794  -26.943  59.258 0.8750000000
49377  -10.479  -22.681  52.099 0.6250000000
49420  -36.002  -23.336  47.991 1.0000000000
50260  -11.665  -22.249  49.832 0.7500000000
51213  -36.203  -21.100  45.663 1.0000000000
50292  -41.346  -21.782  48.731 0.7500000000
53051  -42.500  -18.697  47.380 0.8750000000
53049  -41.284  -18.553  48.782 1.0000000000
54017  -42.268  -17.346  47.036 0.7500000000
48542  -33.920  -23.348  47.726 1.0000000000
49441  -35.172  -22.522  46.094 1.0000000000
50316  -35.526  -21.830  45.596 1.0000000000
52126  -36.120  -19.388  46.315 1.0000000000
51208  -42.491  -21.322  47.702 0.8750000000
49448  -33.470  -22.307  45.508 1.0000000000
138676  -34.593  -21.217  44.878 1.0000000000
51221  -34.794  -20.364  45.030 0.8750000000
49438  -32.542  -22.500  46.122 1.0000000000
118535  -33.914  -21.579  44.787 1.0000000000
50215  -16.724  -20.874  53.635 1.0000000000
50330  -33.043  -21.799  44.770 1.0000000000
50345  -33.404  -21.079  44.289 1.0000000000
52139  -33.479  -20.099  44.323 0.8750000000
52152  -30.812  -19.558  41.911 0.8750000000
52180  -28.915  -19.296  40.544 0.8750000000
53122  -26.328  -18.708  41.516 0.8750000000
54093  -24.974  -17.915  41.663 0.8750000000
53132  -25.672  -18.157  41.047 0.8750000000
46623  -6.916  -25.528  57.106 0.6250000000
44756  -6.457  -26.975  56.666 0.6250000000
118759  -8.514  -27.046  56.692 0.6250000000
44770  -9.280  -27.167  56.726 0.7500000000
48463  -6.839  -23.822  56.329 0.5000000000
44760  -9.768  -27.144  57.805 0.7500000000
43737  -12.891  -28.185  58.822 0.8750000000
44762  -12.488  -28.217  57.966 0.7500000000
44761  -11.662  -27.910  57.814 0.7500000000
133222  -9.698  -22.682  54.326 0.6250000000
49337  -10.359  -22.959  54.603 0.6250000000
49313  -10.001  -23.166  56.221 0.7500000000
51191  -38.839  -20.991  49.593 1.0000000000
50273  -12.576  -21.884  49.690 0.8750000000
48461  -16.905  -24.206  57.223 1.0000000000
130759  -41.179  -20.011  48.995 1.0000000000
52111  -40.873  -19.419  49.226 1.0000000000
50187  -16.381  -21.497  56.025 1.0000000000
139753  -36.563  -19.762  46.748 1.0000000000
52118  -36.557  -19.783  47.571 1.0000000000
56144  -41.108  -15.866  47.787 0.8750000000
53082  -32.799  -18.051  44.924 0.8750000000
56167  -40.513  -15.927  45.887 0.7500000000
56152  -40.581  -15.293  47.681 0.8750000000
53081  -32.387  -17.959  44.454 0.8750000000
55023  -32.256  -16.364  45.335 0.8750000000
53101  -31.227  -17.950  42.689 0.8750000000
53124  -30.448  -18.376  41.403 0.8750000000
55052  -30.913  -16.642  42.285 0.8750000000
52181  -29.761  -18.991  40.732 0.8750000000
53136  -29.340  -18.506  40.165 0.8750000000
54110  -29.744  -17.613  40.047 0.8750000000
53145  -27.583  -18.297  39.617 0.8750000000
53144  -26.925  -18.349  39.898 0.8750000000
54107  -25.545  -17.638  40.257 0.8750000000
45687  -6.724  -26.183  56.857 0.6250000000
49307  -8.072  -23.592  57.035 0.7500000000
43731  -13.641  -28.521  59.883 0.8750000000
49308  -8.606  -23.489  57.015 0.6250000000
43725  -14.792  -28.427  60.471 0.8750000000
49366  -10.494  -22.718  52.970 0.7500000000
49322  -11.099  -23.289  55.016 0.7500000000
49379  -12.113  -22.459  51.703 0.8750000000
48458  -11.645  -23.637  56.781 0.8750000000
47526  -17.172  -25.028  59.531 1.0000000000
136522  -39.803  -20.491  49.793 1.0000000000
139044  -38.755  -19.662  50.134 1.0000000000
51186  -13.609  -20.412  49.090 0.8750000000
51194  -13.126  -21.086  47.757 0.8750000000
53988  -40.248  -17.734  49.607 1.0000000000
51204  -13.364  -20.234  47.276 0.8750000000
51203  -12.986  -20.935  47.003 0.8750000000
52121  -13.237  -19.583  46.630 0.8750000000
53067  -12.894  -18.880  46.401 0.8750000000
53076  -12.027  -18.228  45.211 0.8750000000
57136  -40.166  -14.950  48.402 1.0000000000
54054  -11.123  -17.856  44.027 0.8750000000
54032  -34.048  -17.743  46.974 0.8750000000
57143  -39.882  -14.823  47.954 0.7500000000
54030  -32.893  -16.902  46.099 0.8750000000
137143  -39.218  -14.825  47.187 0.7500000000
53969  -16.716  -17.615  50.356 1.0000000000
53970  -17.002  -17.969  49.788 1.0000000000
54010  -18.187  -17.285  47.204 0.8750000000
56179  -31.127  -16.002  42.600 0.8750000000
55038  -20.608  -16.343  43.841 0.8750000000
55049  -21.756  -16.115  42.906 0.8750000000
54117  -27.750  -17.745  39.067 0.8750000000
55088  -28.848  -16.748  38.913 0.7500000000
47527  -7.503  -24.503  57.668 0.6250000000
133619  -7.432  -25.298  57.650 0.6250000000
46612  -7.827  -25.370  58.189 0.6250000000
47529  -8.368  -24.368  58.363 0.7500000000
44742  -11.626  -27.269  59.816 0.8750000000
45667  -17.031  -26.469  60.856 0.8750000000
139685  -17.157  -25.226  60.348 1.0000000000
136942  -13.289  -21.487  51.579 0.8750000000
50262  -13.493  -21.021  50.329 0.8750000000
52045  -15.770  -20.015  57.259 1.0000000000
134353  -15.478  -17.633  56.559 1.0000000000
141220  -15.520  -18.790  57.521 1.0000000000
54958  -15.640  -16.455  55.960 1.0000000000
51189  -37.009  -20.171  49.200 1.0000000000
127851  -36.644  -19.444  49.818 1.0000000000
49310  -16.101  -22.393  57.583 1.0000000000
51137  -16.068  -20.716  56.688 1.0000000000
52958  -15.552  -18.227  55.980 1.0000000000
52100  -36.153  -18.907  49.817 1.0000000000
53987  -39.536  -17.726  50.248 1.0000000000
52962  -15.733  -18.877  55.277 1.0000000000
56137  -39.565  -15.321  49.901 1.0000000000
53052  -12.377  -18.324  46.865 0.8750000000
54040  -11.473  -17.620  45.905 0.8750000000
124508  -38.693  -14.461  48.711 0.8750000000
54053  -9.554  -16.999  44.443 0.8750000000
117771  -10.513  -17.259  44.648 0.8750000000
54037  -8.808  -16.685  45.118 0.8750000000
54064  -7.337  -17.050  43.143 0.8750000000
55014  -32.779  -15.860  46.516 0.8750000000
58110  -6.194  -14.345  41.898 0.7500000000
57194  -5.908  -14.449  41.322 0.8750000000
58130  -7.175  -13.994  41.146 0.3750000000
135629  -9.476  -14.935  41.105 0.2500000000
54996  -17.110  -16.569  48.488 0.8750000000
56155  -32.291  -15.650  45.638 0.8750000000
57147  -36.690  -14.291  47.000 0.6250000000
57153  -36.246  -14.299  46.070 0.6250000000
57185  -5.682  -14.695  41.975 0.8750000000
57190  -31.298  -14.935  41.476 0.8750000000
56178  -20.313  -15.592  43.573 0.7500000000
118525  -30.301  -16.002  39.876 0.8750000000
56223  -29.877  -15.589  39.211 0.7500000000
140639  -30.790  -15.693  40.450 0.8750000000
55109  -26.662  -16.747  38.079 0.7500000000
55110  -27.569  -16.661  38.074 0.7500000000
55111  -28.392  -16.335  38.302 0.7500000000
55086  -23.997  -16.024  39.113 0.7500000000
126149  -8.528  -25.257  59.136 0.7500000000
44740  -9.946  -26.816  59.294 0.8750000000
45679  -11.129  -26.714  60.111 0.8750000000
44734  -13.534  -27.641  60.914 0.8750000000
56094  -17.360  -15.609  58.387 1.0000000000
44736  -15.276  -27.888  60.924 0.8750000000
45666  -16.416  -26.345  61.477 0.8750000000
49324  -13.035  -23.028  55.106 1.0000000000
51178  -13.605  -20.604  51.656 0.8750000000
131229  -13.665  -19.588  50.415 0.8750000000
134085  -13.217  -23.166  56.562 0.8750000000
53020  -13.455  -18.826  49.100 0.8750000000
53019  -12.838  -18.311  48.736 0.8750000000
56113  -17.072  -14.838  55.006 0.8750000000
53986  -35.581  -17.307  49.643 1.0000000000
133726  -12.224  -18.095  47.558 0.8750000000
53035  -12.702  -18.375  48.018 0.8750000000
139042  -11.144  -17.153  47.384 0.8750000000
54022  -10.762  -17.016  46.652 0.8750000000
54039  -10.651  -17.137  45.602 0.8750000000
58065  -37.467  -13.591  48.798 0.8750000000
58064  -36.884  -13.231  48.279 0.8750000000
130338  -37.463  -12.190  49.521 0.8750000000
54019  -7.778  -16.432  46.521 0.8750000000
133890  -7.349  -16.376  45.834 0.8750000000
54018  -6.983  -16.416  45.433 0.8750000000
56169  -5.793  -16.029  44.235 0.8750000000
55007  -33.238  -15.726  47.157 0.8750000000
59046  -36.682  -12.755  47.852 0.8750000000
134022  -5.481  -15.655  44.205 0.8750000000
57184  -5.780  -14.406  42.526 0.8750000000
57166  -5.102  -14.985  43.415 0.8750000000
57165  -5.056  -14.356  43.699 0.8750000000
57175  -5.287  -14.366  43.090 0.8750000000
59053  -36.500  -12.635  47.160 0.7500000000
59125  -6.807  -13.521  42.705 0.7500000000
137522  -6.385  -14.114  42.415 0.7500000000
58112  -7.529  -13.603  41.857 0.3750000000
56140  -17.600  -15.058  48.193 0.8750000000
58086  -32.194  -12.746  44.715 0.8750000000
121296  -32.078  -13.853  43.731 0.8750000000
58101  -12.050  -13.554  42.397 0.2500000000
124760  -31.771  -14.066  42.908 0.8750000000
137811  -31.432  -13.725  41.726 0.8750000000
58120  -31.322  -14.050  41.057 0.8750000000
58092  -31.767  -13.195  43.146 0.8750000000
138261  -31.211  -13.733  40.372 0.7500000000
56238  -28.831  -15.442  37.955 0.7500000000
56239  -29.460  -15.281  38.614 0.7500000000
57231  -29.458  -14.662  38.178 0.7500000000
58137  -30.926  -13.417  39.814 0.7500000000
58148  -30.423  -13.417  39.113 0.7500000000
55125  -25.368  -15.849  37.917 0.7500000000
55126  -26.171  -16.072  37.725 0.7500000000
56250  -27.448  -15.299  37.434 0.7500000000
55127  -27.067  -16.081  37.656 0.7500000000
58167  -28.972  -13.532  37.544 0.7500000000
58166  -28.186  -13.762  37.339 0.7500000000
52078  -13.631  -19.688  52.137 0.8750000000
124199  -16.003  -25.901  62.036 0.8750000000
47516  -16.840  -24.220  61.252 1.0000000000
118019  -19.403  -14.855  57.566 0.8750000000
131664  -13.491  -18.838  50.883 0.8750000000
53001  -13.471  -18.809  50.008 0.8750000000
53000  -12.969  -18.195  49.598 0.8750000000
53994  -12.173  -17.888  48.349 0.8750000000
117989  -11.051  -16.736  50.029 0.8750000000
54008  -11.597  -17.532  47.839 0.8750000000
133142  -10.914  -17.015  48.033 0.8750000000
116762  -8.908  -16.566  48.661 0.8750000000
54006  -8.873  -16.671  47.236 0.8750000000
130478  -16.717  -15.116  54.271 0.8750000000
57118  -38.055  -14.718  50.679 1.0000000000
55008  -33.695  -15.682  47.856 0.8750000000
120551  -7.181  -16.245  46.901 0.8750000000
125761  -16.972  -14.852  51.990 0.8750000000
128700  -5.286  -14.876  44.664 0.8750000000
59103  -6.061  -13.473  43.515 0.7500000000
58089  -5.462  -13.915  43.488 0.8750000000
56128  -17.100  -15.197  50.456 0.8750000000
60185  -32.807  -11.666  45.684 0.8750000000
138346  -32.388  -12.626  45.191 0.8750000000
61206  -40.958  -10.157  47.482 0.7500000000
61225  -40.792  -10.829  47.009 0.6250000000
59094  -31.692  -12.342  43.339 0.8750000000
59074  -31.906  -12.098  44.124 0.8750000000
57160  -18.928  -14.856  44.370 0.7500000000
60268  -31.126  -11.615  41.936 0.8750000000
60250  -31.398  -11.819  42.697 0.8750000000
59133  -31.091  -12.210  41.124 0.8750000000
64155  -35.990  -7.220  39.958 0.8750000000
57168  -19.190  -14.450  43.799 0.7500000000
56185  -20.734  -15.090  42.917 0.7500000000
57189  -21.456  -14.602  41.361 0.8750000000
56204  -22.198  -14.754  40.210 0.7500000000
58157  -30.085  -12.970  38.581 0.7500000000
56236  -24.707  -15.505  38.074 0.7500000000
135645  -25.807  -15.437  37.576 0.7500000000
57243  -27.840  -14.541  37.315 0.7500000000
59170  -29.612  -12.478  38.108 0.7500000000
59184  -29.151  -12.838  37.675 0.7500000000
45672  -12.092  -26.621  61.081 0.8750000000
46602  -13.597  -25.941  61.350 0.8750000000
46603  -14.453  -25.653  61.840 0.8750000000
46604  -15.263  -25.857  62.128 0.8750000000
52069  -13.574  -19.638  53.005 0.8750000000
52990  -13.459  -18.903  51.726 0.8750000000
52969  -12.996  -18.145  52.987 0.8750000000
56104  -19.857  -14.706  56.849 0.7500000000
53959  -12.441  -17.424  51.026 0.8750000000
135676  -13.070  -18.113  50.487 0.8750000000
138940  -36.659  -13.782  50.569 1.0000000000
53979  -9.874  -16.648  49.072 0.8750000000
49302  -13.776  -22.272  60.869 1.0000000000
53991  -8.089  -16.588  48.309 0.8750000000
124350  -7.694  -16.467  47.982 0.8750000000
54005  -8.173  -16.561  47.386 0.8750000000
57107  -17.588  -14.291  52.246 0.8750000000
57102  -17.923  -14.261  52.894 0.8750000000
58062  -33.963  -13.501  47.914 0.8750000000
136208  -5.059  -13.667  44.608 1.0000000000
59085  -6.040  -12.638  43.719 0.8750000000
57122  -17.546  -14.636  50.055 0.8750000000
63131  -38.163  -7.769  46.105 1.0000000000
57130  -17.980  -14.215  48.765 0.8750000000
60166  -33.263  -11.457  46.316 0.8750000000
62214  -34.382  -9.444  43.541 0.8750000000
132952  -39.239  -7.122  45.391 1.0000000000
59086  -8.922  -12.543  43.630 0.2500000000
60208  -31.948  -11.282  44.271 0.8750000000
61253  -32.228  -10.607  44.235 0.8750000000
61254  -32.851  -10.499  44.856 0.8750000000
130849  -42.869  -10.162  46.801 0.8750000000
62181  -42.293  -9.557  46.812 0.8750000000
61263  -32.037  -10.081  43.440 0.8750000000
65058  -37.599  -7.042  40.591 0.8750000000
65036  -40.127  -6.633  42.877 1.0000000000
61273  -31.598  -9.926  42.764 0.8750000000
117925  -34.718  -7.772  40.318 0.7500000000
140196  -39.748  -6.665  41.465 1.0000000000
65047  -40.369  -6.678  41.747 1.0000000000
61272  -31.099  -10.252  42.300 0.8750000000
131998  -31.117  -11.064  42.512 0.8750000000
65078  -38.026  -6.490  39.935 0.7500000000
65061  -40.806  -6.563  40.866 1.0000000000
57177  -19.531  -13.944  43.217 0.7500000000
57188  -20.823  -14.097  41.626 0.7500000000
65075  -34.826  -6.320  39.678 0.7500000000
138605  -36.840  -6.044  39.573 0.7500000000
138985  -38.899  -5.509  39.810 0.7500000000
65080  -39.505  -5.974  40.191 0.7500000000
60284  -30.725  -11.448  40.377 0.7500000000
66002  -34.634  -5.362  40.240 0.6250000000
66958  -37.878  -4.540  39.760 0.7500000000
131739  -21.741  -14.473  40.714 0.7500000000
57216  -22.459  -14.315  39.590 0.7500000000
61310  -30.026  -11.185  38.812 0.7500000000
66947  -35.465  -4.247  40.961 0.6250000000
66948  -36.179  -3.814  41.212 0.7500000000
67906  -38.108  -3.495  41.157 0.7500000000
57229  -23.598  -14.736  38.513 0.6250000000
131026  -26.499  -13.912  37.347 0.7500000000
136506  -27.660  -13.266  37.414 0.7500000000
67907  -39.774  -3.309  41.303 0.7500000000
139653  -25.767  -13.857  37.466 0.7500000000
59169  -27.186  -11.942  37.852 0.6250000000
52062  -13.429  -19.628  53.849 0.8750000000
53952  -11.987  -17.008  52.545 0.8750000000
53958  -11.529  -16.833  51.247 0.8750000000
131112  -13.179  -21.084  60.077 1.0000000000
47506  -15.133  -24.039  62.511 1.0000000000
140865  -15.534  -23.518  62.517 1.0000000000
61222  -34.243  -10.532  46.730 0.8750000000
63096  -36.858  -8.406  47.628 0.8750000000
58072  -5.470  -13.429  46.129 1.0000000000
61221  -33.561  -10.831  46.219 0.8750000000
61240  -33.464  -10.412  45.437 0.8750000000
60219  -6.861  -11.711  43.725 0.7500000000
58060  -18.338  -13.736  48.484 0.8750000000
64105  -42.240  -7.662  44.727 1.0000000000
59087  -10.096  -12.955  43.848 0.2500000000
116826  -32.967  -9.679  43.178 0.8750000000
63157  -33.826  -9.288  42.793 0.8750000000
60193  -43.260  -11.825  46.193 0.8750000000
62226  -32.245  -9.567  42.638 0.8750000000
62235  -33.445  -8.883  41.675 0.8750000000
65048  -41.961  -6.871  42.307 1.0000000000
58083  -18.599  -13.573  44.507 0.7500000000
62225  -31.630  -9.603  42.121 0.8750000000
63174  -32.890  -8.648  40.888 0.8750000000
64140  -33.953  -7.749  40.049 0.7500000000
63175  -33.311  -8.076  40.299 0.6250000000
64153  -34.187  -6.981  39.574 0.7500000000
59064  -44.350  -12.266  45.439 0.8750000000
58091  -19.232  -13.071  43.138 0.6250000000
61290  -30.941  -9.761  41.030 0.7500000000
62242  -30.453  -9.570  40.090 0.7500000000
132004  -31.116  -9.776  41.726 0.7500000000
66001  -33.256  -5.619  40.435 0.7500000000
117491  -33.894  -5.339  40.562 0.6250000000
66008  -41.792  -5.626  40.397 0.8750000000
65084  -43.149  -5.808  40.818 1.0000000000
58103  -20.354  -13.354  41.946 0.6250000000
124837  -29.931  -9.719  39.207 0.7500000000
65983  -34.401  -4.560  42.258 0.5000000000
65992  -34.208  -4.779  41.214 0.6250000000
66962  -41.551  -4.671  40.294 0.7500000000
66964  -43.182  -5.056  40.502 1.0000000000
62258  -29.128  -9.866  38.775 0.7500000000
66931  -34.765  -4.496  43.216 0.5000000000
66940  -36.255  -3.731  42.221 0.6250000000
119031  -43.035  -3.731  40.851 0.7500000000
67910  -42.449  -3.364  41.104 0.7500000000
58145  -22.547  -13.669  39.443 0.6250000000
58154  -23.948  -13.947  38.139 0.6250000000
61308  -28.605  -10.476  38.511 0.7500000000
67884  -37.359  -3.615  43.134 0.6250000000
59180  -25.777  -12.768  37.753 0.6250000000
59168  -26.500  -11.921  38.066 0.6250000000
122754  -27.663  -11.379  38.142 0.7500000000
52049  -13.081  -19.629  55.439 1.0000000000
52043  -13.021  -19.914  56.906 1.0000000000
53940  -12.555  -17.961  54.485 1.0000000000
52960  -12.718  -18.618  55.045 1.0000000000
53947  -12.529  -17.674  53.605 1.0000000000
131861  -12.013  -16.974  53.292 0.8750000000
54976  -11.287  -16.726  52.031 1.0000000000
54974  -9.350  -16.466  52.458 1.0000000000
133961  -13.995  -21.312  62.068 1.0000000000
120796  -19.457  -13.850  53.770 0.7500000000
131102  -15.575  -22.430  62.503 1.0000000000
61192  -35.456  -10.117  48.952 1.0000000000
62140  -36.620  -9.923  50.317 1.0000000000
62149  -37.383  -8.744  49.226 1.0000000000
54986  -6.990  -16.622  50.751 0.8750000000
56138  -7.119  -15.712  49.216 0.8750000000
63083  -37.092  -8.478  48.521 0.8750000000
120065  -38.282  -8.031  48.231 1.0000000000
63085  -38.749  -8.305  48.526 1.0000000000
64070  -39.339  -7.588  46.986 1.0000000000
63114  -40.846  -8.035  47.028 1.0000000000
60197  -6.193  -11.832  44.706 1.0000000000
61256  -7.015  -11.531  44.034 0.5000000000
117696  -7.464  -11.757  44.036 0.5000000000
62183  -43.914  -9.874  46.366 1.0000000000
60175  -43.804  -11.187  46.430 0.8750000000
138064  -45.739  -10.996  45.618 1.0000000000
65072  -31.590  -6.460  39.951 0.6250000000
63146  -43.745  -8.309  44.197 1.0000000000
138162  -44.927  -11.903  45.634 0.8750000000
60196  -46.099  -11.317  45.254 1.0000000000
60215  -45.943  -12.100  44.959 0.8750000000
64166  -32.755  -6.903  39.624 0.6250000000
65990  -32.599  -5.335  41.285 0.7500000000
138833  -31.892  -6.025  40.287 0.6250000000
65073  -32.354  -6.454  39.883 0.7500000000
65050  -43.479  -6.742  42.000 1.0000000000
63160  -44.418  -8.254  43.951 1.0000000000
65038  -44.935  -7.046  43.126 1.0000000000
60216  -46.421  -11.690  44.599 1.0000000000
59101  -45.458  -12.617  43.575 0.7500000000
60238  -46.719  -11.123  43.335 1.0000000000
64152  -33.366  -7.265  39.674 0.7500000000
65064  -43.680  -6.165  41.367 1.0000000000
137445  -44.927  -6.533  42.448 1.0000000000
65984  -45.088  -5.721  42.104 1.0000000000
59122  -44.854  -12.804  43.107 0.6250000000
59123  -45.402  -12.570  42.877 0.6250000000
59124  -45.888  -11.968  42.453 0.6250000000
138349  -45.989  -11.237  41.620 0.8750000000
59113  -19.575  -12.295  42.727 0.6250000000
64164  -30.113  -7.907  39.606 0.6250000000
66941  -45.073  -4.617  42.398 0.8750000000
123361  -44.728  -12.721  42.437 0.5000000000
59140  -21.682  -12.657  40.287 0.5000000000
64163  -29.436  -7.681  39.758 0.6250000000
127095  -29.352  -9.043  39.236 0.7500000000
130314  -35.380  -4.326  43.763 0.5000000000
60304  -45.643  -10.630  40.036 0.8750000000
63188  -28.832  -8.308  39.621 0.6250000000
66924  -37.040  -3.930  44.099 0.3750000000
67898  -43.969  -3.172  41.779 0.7500000000
60318  -45.307  -10.540  39.473 0.8750000000
61298  -28.204  -9.994  38.827 0.7500000000
61325  -46.083  -9.397  38.265 0.6250000000
61316  -47.097  -9.247  39.330 0.8750000000
59153  -24.624  -12.210  38.667 0.6250000000
68818  -40.445  -2.744  44.325 0.5000000000
68819  -40.768  -1.952  43.759 0.6250000000
69774  -41.386  -1.390  43.272 0.6250000000
69775  -42.437  -1.153  42.990 0.7500000000
62275  -46.411  -8.959  37.422 0.5000000000
62291  -47.487  -8.703  37.352 1.0000000000
117410  -48.509  -8.619  37.443 1.0000000000
63216  -48.062  -8.534  36.601 1.0000000000
62292  -49.071  -8.719  36.660 0.8750000000
62278  -50.318  -8.950  37.748 1.0000000000
62320  -49.773  -8.975  34.334 0.8750000000
63241  -47.847  -8.228  33.832 0.7500000000
137643  -46.896  -8.157  33.932 0.5000000000
124297  -48.682  -8.166  33.234 0.6250000000
119013  -50.990  -7.585  32.054 0.5000000000
64201  -51.701  -7.743  32.361 0.6250000000
54935  -17.337  -16.184  60.450 1.0000000000
52951  -12.323  -18.871  59.068 1.0000000000
54957  -11.124  -16.664  55.279 1.0000000000
54969  -10.391  -16.407  53.729 1.0000000000
54963  -10.125  -16.426  54.781 1.0000000000
54964  -11.243  -16.623  54.425 1.0000000000
139090  -9.064  -16.535  54.796 1.0000000000
54968  -9.288  -16.465  53.246 1.0000000000
58035  -20.578  -13.422  54.242 0.7500000000
53945  -7.277  -17.038  52.965 1.0000000000
62147  -36.192  -9.572  49.501 1.0000000000
117088  -20.140  -13.219  52.831 0.7500000000
56133  -7.009  -16.326  50.023 0.8750000000
123529  -7.120  -15.519  50.301 1.0000000000
133001  -6.941  -15.888  49.982 0.8750000000
58041  -7.826  -14.240  51.313 1.0000000000
57106  -7.202  -15.042  51.846 1.0000000000
58059  -6.798  -13.500  48.290 0.8750000000
124554  -7.477  -13.452  49.440 0.8750000000
59040  -5.840  -12.405  47.473 1.0000000000
126978  -5.639  -12.741  46.826 1.0000000000
59011  -8.068  -12.670  49.946 1.0000000000
59020  -7.206  -12.755  48.964 1.0000000000
118704  -6.904  -12.890  48.555 1.0000000000
59030  -6.578  -12.017  48.545 1.0000000000
61231  -6.858  -11.251  45.625 0.7500000000
61230  -6.523  -11.538  45.321 1.0000000000
61232  -7.114  -11.271  45.723 0.5000000000
140229  -7.987  -11.647  45.559 0.3750000000
59039  -5.877  -11.828  47.851 1.0000000000
59029  -5.983  -11.163  48.271 0.8750000000
60159  -5.804  -11.260  46.808 1.0000000000
61208  -6.308  -11.162  46.248 1.0000000000
61209  -6.988  -10.712  46.452 0.5000000000
60177  -7.667  -11.331  46.033 0.6250000000
60161  -9.449  -11.706  46.496 0.3750000000
63133  -43.609  -8.642  45.300 1.0000000000
63134  -45.267  -8.978  45.404 1.0000000000
60131  -6.996  -11.161  49.387 0.8750000000
61197  -5.894  -10.530  47.159 0.8750000000
62166  -6.192  -10.045  47.172 0.8750000000
62168  -7.281  -10.138  47.006 0.3750000000
61211  -8.230  -10.742  46.736 0.5000000000
64121  -44.968  -7.780  43.809 1.0000000000
64107  -45.797  -8.045  45.416 1.0000000000
129332  -46.662  -10.015  45.367 1.0000000000
65979  -31.022  -5.643  41.517 0.6250000000
65980  -31.799  -5.457  41.940 0.5000000000
65022  -45.729  -6.807  45.386 1.0000000000
61255  -47.078  -10.285  44.330 1.0000000000
65070  -29.856  -6.482  40.551 0.6250000000
136763  -30.101  -5.903  42.129 0.6250000000
65964  -31.960  -5.678  43.886 0.3750000000
126248  -33.207  -5.173  42.757 0.5000000000
65985  -45.357  -5.320  42.990 1.0000000000
64139  -29.177  -6.625  41.044 0.6250000000
65054  -29.305  -6.393  41.834 0.6250000000
65973  -33.361  -5.157  43.654 0.5000000000
129705  -32.760  -5.425  44.368 0.3750000000
65974  -34.090  -4.796  43.888 0.3750000000
66910  -34.882  -4.477  45.041 0.3750000000
61275  -47.104  -10.124  42.182 1.0000000000
61286  -47.247  -9.852  41.347 1.0000000000
64148  -29.264  -7.041  40.259 0.6250000000
63181  -28.261  -8.008  40.320 0.6250000000
64147  -28.555  -7.249  40.880 0.6250000000
64138  -28.325  -7.282  41.930 0.6250000000
64127  -28.890  -6.803  42.372 0.6250000000
127096  -36.322  -4.110  44.832 0.3750000000
68847  -44.322  -2.774  42.379 0.7500000000
60291  -46.918  -9.830  40.688 1.0000000000
63171  -27.783  -8.592  40.646 0.6250000000
61305  -47.943  -9.202  40.249 1.0000000000
60293  -22.930  -11.603  39.934 0.5000000000
62248  -27.821  -9.662  39.552 0.7500000000
121771  -39.275  -3.638  45.170 0.3750000000
70693  -40.983  -0.228  45.341 0.3750000000
56072  -16.762  -15.539  61.943 1.0000000000
54933  -16.041  -16.864  60.623 1.0000000000
53926  -11.610  -16.968  56.736 1.0000000000
52948  -11.629  -18.121  59.392 1.0000000000
128278  -15.492  -19.017  61.003 1.0000000000
54950  -10.913  -16.726  56.106 1.0000000000
54949  -9.867  -16.687  56.184 1.0000000000
128010  -9.426  -16.841  56.762 1.0000000000
54967  -8.267  -16.788  53.539 1.0000000000
51117  -13.313  -20.122  62.131 1.0000000000
134114  -6.377  -16.893  53.674 1.0000000000
140204  -6.237  -16.679  54.050 1.0000000000
53944  -6.643  -17.072  53.425 1.0000000000
53943  -6.436  -17.120  54.158 1.0000000000
53950  -6.732  -17.266  52.440 1.0000000000
56115  -6.510  -16.071  52.905 1.0000000000
54966  -6.593  -16.762  52.750 1.0000000000
53954  -6.726  -16.836  51.826 1.0000000000
58029  -7.634  -13.999  54.484 1.0000000000
57096  -7.176  -14.999  53.461 1.0000000000
57101  -7.161  -15.042  52.661 1.0000000000
54972  -6.660  -16.802  51.999 1.0000000000
56121  -6.653  -16.221  51.508 1.0000000000
61173  -6.077  -9.931  49.090 0.8750000000
120267  -5.851  -9.240  48.461 0.8750000000
62154  -6.994  -9.526  47.424 0.7500000000
62169  -7.987  -10.112  47.118 0.5000000000
60205  -19.311  -11.400  44.655 0.7500000000
65944  -34.581  -5.332  47.234 0.3750000000
65937  -34.569  -5.593  48.218 0.3750000000
65967  -45.532  -5.161  45.255 1.0000000000
65958  -45.775  -5.734  45.701 1.0000000000
63149  -47.822  -8.431  44.627 1.0000000000
62215  -47.473  -9.809  43.560 1.0000000000
61258  -19.654  -10.856  43.083 0.5000000000
65033  -30.568  -6.146  43.814 0.3750000000
123160  -30.577  -5.969  43.020 0.6250000000
65028  -31.282  -6.000  44.316 0.3750000000
65043  -31.079  -5.690  42.510 0.5000000000
65955  -32.749  -5.562  45.389 0.3750000000
65956  -33.600  -5.099  45.264 0.3750000000
65029  -32.039  -5.848  44.775 0.3750000000
66903  -34.838  -4.456  45.958 0.3750000000
117315  -33.717  -5.448  46.667 0.3750000000
137490  -34.296  -4.736  45.406 0.3750000000
121348  -33.386  -5.367  45.920 0.3750000000
66904  -35.747  -4.206  46.274 0.3750000000
66935  -45.472  -4.437  44.557 1.0000000000
122325  -46.236  -4.674  46.023 1.0000000000
118287  -29.943  -6.276  43.180 0.6250000000
67888  -45.403  -3.607  44.195 1.0000000000
62237  -48.145  -9.158  41.102 1.0000000000
61277  -20.814  -10.861  41.768 0.5000000000
68833  -45.060  -2.138  43.808 0.8750000000
62232  -27.332  -8.982  41.323 0.6250000000
69777  -44.522  -1.374  43.578 0.7500000000
68806  -40.554  -3.198  46.380 0.3750000000
70714  -43.999  -0.625  43.710 0.7500000000
70704  -44.853  -0.882  44.286 0.7500000000
62262  -49.842  -8.735  39.012 1.0000000000
126305  -25.192  -11.368  39.741 0.6250000000
117763  -40.822  -0.661  45.949 0.3750000000
71691  -42.768  0.473  44.743 0.6250000000
71692  -43.778  0.443  44.784 0.8750000000
62254  -50.810  -8.338  39.280 0.6250000000
72653  -42.720  1.284  45.813 0.6250000000
64195  -54.098  -7.705  33.834 0.7500000000
66060  -52.584  -5.624  30.715 0.7500000000
57999  -18.963  -14.128  60.558 0.6250000000
51123  -15.841  -20.362  61.102 1.0000000000
61139  -21.209  -11.158  55.266 0.6250000000
60089  -21.599  -11.900  55.463 0.6250000000
122505  -9.476  -17.014  57.474 1.0000000000
58996  -21.399  -12.498  54.963 0.6250000000
116829  -7.933  -17.306  57.448 1.0000000000
53924  -8.651  -17.089  57.003 1.0000000000
51120  -15.964  -20.930  61.539 1.0000000000
60101  -20.628  -12.222  53.385 0.6250000000
133855  -6.838  -17.479  56.319 1.0000000000
53937  -6.573  -17.332  54.960 1.0000000000
51114  -14.542  -20.554  62.524 1.0000000000
53930  -6.476  -17.403  55.749 1.0000000000
56099  -6.041  -16.743  56.194 1.0000000000
54953  -6.113  -17.082  55.508 1.0000000000
60109  -20.397  -12.199  52.497 0.6250000000
128706  -20.291  -11.666  51.914 0.6250000000
121962  -6.235  -16.421  54.779 1.0000000000
121618  -7.440  -14.118  55.800 1.0000000000
116553  -37.105  -5.245  50.229 0.3750000000
64971  -35.218  -5.959  50.956 0.3750000000
65931  -37.982  -5.321  50.553 0.3750000000
64981  -34.066  -6.034  49.544 0.3750000000
65932  -38.572  -4.931  50.015 0.3750000000
62171  -10.102  -9.979  47.296 0.5000000000
61215  -19.785  -10.690  45.933 0.7500000000
133143  -33.077  -6.416  48.536 0.3750000000
66883  -37.058  -4.238  48.967 0.3750000000
66884  -38.104  -4.389  49.245 0.3750000000
66886  -39.687  -4.152  49.691 0.3750000000
63067  -6.154  -8.907  49.794 0.8750000000
62117  -6.514  -8.249  50.662 0.8750000000
63066  -5.931  -8.354  49.577 0.8750000000
63091  -8.259  -8.714  47.810 0.7500000000
65005  -32.344  -6.430  47.415 0.3750000000
65014  -32.317  -6.207  46.622 0.3750000000
65946  -36.123  -4.426  47.643 0.3750000000
66890  -36.778  -4.098  48.028 0.3750000000
66892  -38.641  -3.972  48.765 0.3750000000
66898  -37.233  -3.790  47.515 0.3750000000
122208  -39.253  -3.916  49.074 0.3750000000
65960  -47.015  -5.717  45.936 1.0000000000
136654  -32.327  -5.996  45.968 0.3750000000
65020  -31.398  -6.254  45.168 0.3750000000
66906  -37.297  -3.768  46.701 0.3750000000
66897  -36.539  -3.930  47.216 0.3750000000
141189  -48.326  -8.100  43.248 1.0000000000
63162  -48.239  -8.565  42.755 1.0000000000
65019  -30.709  -6.729  45.668 0.5000000000
64100  -29.897  -6.796  45.046 0.5000000000
65026  -29.891  -6.554  44.113 0.6250000000
64088  -29.330  -7.433  45.358 0.5000000000
130678  -39.428  -3.599  46.518 0.3750000000
122801  -46.034  -2.975  45.155 0.8750000000
66926  -46.542  -4.105  45.682 0.8750000000
61278  -21.564  -10.522  41.469 0.5000000000
139556  -39.427  -3.672  45.826 0.3750000000
68822  -46.998  -2.376  44.762 0.8750000000
130204  -45.357  -0.377  44.961 0.8750000000
129847  -46.001  -0.894  45.135 0.8750000000
69747  -40.847  -1.665  46.396 0.3750000000
126020  -52.566  0.009  40.225 0.3750000000
71672  -41.488  0.800  46.663 0.5000000000
68874  -52.591  -1.795  38.971 0.3750000000
69822  -51.907  -1.243  39.012 0.3750000000
63190  -51.338  -8.139  39.469 0.6250000000
68873  -51.962  -2.277  38.640 0.3750000000
63191  -52.754  -8.750  38.917 0.3750000000
62282  -53.288  -9.488  37.867 0.7500000000
62298  -54.501  -9.119  36.447 0.6250000000
63225  -55.249  -8.111  35.273 0.7500000000
65119  -52.046  -6.343  36.022 0.3750000000
66069  -53.604  -4.710  31.203 0.7500000000
67024  -49.045  -4.840  34.655 0.2500000000
57988  -14.321  -13.784  61.811 0.8750000000
57056  -14.681  -14.079  62.362 0.8750000000
136221  -14.059  -14.447  62.690 0.8750000000
54922  -13.999  -16.906  63.303 0.8750000000
54925  -14.647  -16.733  62.936 1.0000000000
58977  -20.287  -12.516  58.657 0.6250000000
53916  -9.171  -17.222  58.240 1.0000000000
53905  -9.557  -16.995  59.577 1.0000000000
54921  -13.291  -17.109  63.375 1.0000000000
52936  -14.645  -19.305  62.632 1.0000000000
130248  -21.493  -11.796  58.539 0.6250000000
54920  -12.696  -17.300  63.149 0.8750000000
52935  -14.182  -18.885  63.001 1.0000000000
52934  -13.579  -18.802  63.083 1.0000000000
117312  -8.249  -17.228  58.226 1.0000000000
53915  -7.384  -17.288  58.037 1.0000000000
52938  -12.805  -18.992  62.562 1.0000000000
52027  -13.392  -19.335  62.780 1.0000000000
51112  -14.681  -20.218  62.577 1.0000000000
53914  -6.749  -17.290  57.579 1.0000000000
52031  -13.150  -19.647  62.334 1.0000000000
52032  -13.694  -19.886  62.613 1.0000000000
54947  -6.140  -16.718  56.954 1.0000000000
57077  -6.711  -15.151  56.862 1.0000000000
64970  -33.963  -6.273  50.313 0.3750000000
66878  -40.002  -4.221  50.259 0.3750000000
61216  -20.209  -9.999  46.295 0.7500000000
64980  -33.381  -6.459  49.730 0.3750000000
64053  -6.573  -7.709  48.870 0.8750000000
64062  -7.938  -7.897  48.296 0.7500000000
66887  -39.895  -3.547  49.006 0.3750000000
67836  -40.431  -3.294  49.402 0.3750000000
121900  -47.836  -5.965  44.037 1.0000000000
63059  -6.125  -8.305  50.171 0.8750000000
141088  -6.473  -7.131  50.584 0.8750000000
140971  -31.079  -6.853  46.476 0.3750000000
67845  -40.490  -3.183  48.536 0.3750000000
67844  -40.149  -3.394  48.143 0.3750000000
65040  -48.232  -6.667  43.360 1.0000000000
64984  -7.282  -6.569  49.346 0.8750000000
62219  -20.660  -9.450  43.015 0.5000000000
64080  -30.347  -7.160  46.452 0.5000000000
67860  -40.882  -3.151  47.084 0.3750000000
67852  -39.874  -3.462  47.443 0.3750000000
68834  -47.447  -2.624  44.108 0.8750000000
66936  -47.722  -4.284  43.652 1.0000000000
66927  -47.174  -4.156  44.883 0.8750000000
62222  -23.442  -9.314  42.214 0.5000000000
63140  -28.382  -8.160  44.430 0.6250000000
64146  -49.800  -7.505  40.517 0.8750000000
72655  -45.574  2.303  45.499 0.3750000000
70725  -50.733  -0.524  41.921 0.6250000000
72681  -52.088  1.766  41.271 0.5000000000
70739  -51.162  -0.952  41.635 0.5000000000
70740  -51.787  -0.591  41.415 0.3750000000
69805  -52.390  -1.507  40.539 0.3750000000
68859  -51.771  -2.787  40.659 0.5000000000
68860  -52.670  -2.174  40.182 0.5000000000
72637  -41.705  1.380  47.189 0.3750000000
73621  -44.244  3.066  45.884 0.5000000000
67929  -52.834  -2.803  39.809 0.3750000000
64169  -53.000  -7.992  39.214 0.3750000000
63192  -53.358  -8.513  38.573 0.5000000000
67956  -52.777  -4.020  38.582 0.3750000000
65109  -52.171  -6.422  37.448 0.3750000000
65116  -54.806  -7.578  35.992 0.3750000000
65129  -55.751  -6.672  33.929 0.6250000000
66049  -54.211  -5.327  34.800 0.3750000000
67042  -50.194  -4.512  33.651 0.2500000000
58001  -14.831  -13.359  60.691 0.8750000000
58012  -16.982  -13.394  59.148 0.6250000000
124884  -15.516  -12.992  58.432 0.7500000000
53899  -9.270  -16.511  60.061 1.0000000000
54932  -9.553  -16.315  60.433 1.0000000000
134103  -14.092  -12.509  58.379 0.7500000000
137599  -15.948  -12.603  57.756 0.6250000000
116823  -8.345  -16.732  59.385 1.0000000000
54931  -8.732  -16.086  60.215 1.0000000000
60072  -15.973  -11.856  57.069 0.6250000000
60085  -17.360  -11.239  56.781 0.6250000000
60074  -17.883  -11.641  57.157 0.6250000000
60075  -18.695  -11.364  57.407 0.6250000000
61113  -19.396  -10.994  57.995 0.6250000000
60064  -20.305  -11.316  58.567 0.6250000000
123174  -21.079  -11.546  58.729 0.6250000000
53908  -7.113  -17.056  58.602 1.0000000000
131839  -15.877  -11.096  56.574 0.6250000000
60086  -17.950  -10.926  56.967 0.6250000000
62059  -17.923  -9.561  57.892 0.5000000000
121299  -19.952  -10.748  58.770 0.6250000000
61101  -20.649  -10.025  59.619 0.5000000000
61107  -20.864  -10.644  59.040 0.5000000000
63015  -20.408  -9.258  56.697 0.5000000000
121061  -19.680  -8.831  56.057 0.5000000000
54941  -6.798  -16.759  58.741 1.0000000000
62047  -20.232  -9.135  60.376 0.5000000000
62982  -20.856  -8.432  59.821 0.5000000000
54944  -6.407  -16.743  57.892 1.0000000000
62980  -18.584  -8.946  59.819 0.5000000000
64930  -17.929  -7.234  54.957 0.3750000000
129087  -18.205  -7.068  51.028 0.2500000000
65874  -17.684  -5.624  55.050 0.3750000000
64014  -17.581  -7.074  52.468 0.2500000000
65860  -18.072  -5.567  56.775 0.3750000000
128469  -19.511  -7.891  49.552 0.5000000000
63069  -20.399  -8.797  48.751 0.5000000000
60068  -8.158  -10.941  57.656 1.0000000000
64958  -34.814  -6.469  51.482 0.3750000000
138222  -9.429  -11.012  56.289 1.0000000000
64974  -6.402  -6.802  49.848 0.8750000000
64998  -9.989  -6.709  47.469 0.3750000000
62198  -20.873  -8.644  44.323 0.3750000000
68790  -40.871  -2.489  48.433 0.3750000000
68781  -40.633  -2.091  49.222 0.3750000000
64950  -6.874  -6.809  50.741 0.8750000000
65905  -6.821  -6.276  50.043 0.8750000000
65933  -7.785  -5.825  49.386 0.8750000000
63126  -29.112  -7.913  45.928 0.5000000000
65994  -48.694  -5.367  41.320 0.7500000000
64026  -9.390  -7.440  51.701 0.8750000000
62201  -28.190  -8.880  44.951 0.6250000000
71701  -47.919  0.320  44.106 0.6250000000
70716  -48.191  -0.806  43.567 0.6250000000
69779  -48.207  -1.407  43.149 0.6250000000
124826  -48.414  -1.883  42.589 0.8750000000
68855  -48.809  -2.797  41.838 0.7500000000
67913  -49.075  -3.408  41.485 0.7500000000
66951  -50.075  -4.116  40.731 0.6250000000
128863  -49.407  -4.974  40.831 0.7500000000
65067  -49.533  -6.850  40.678 0.8750000000
128484  -49.123  0.935  43.008 0.7500000000
136815  -49.267  -0.740  42.464 0.7500000000
68850  -48.985  -1.998  41.974 0.7500000000
69802  -49.891  -1.821  41.526 0.6250000000
69792  -49.540  -1.227  42.035 0.6250000000
68857  -50.281  -2.535  41.122 0.6250000000
67915  -50.609  -3.342  40.760 0.6250000000
65068  -50.386  -6.925  40.469 0.7500000000
72668  -48.063  1.916  43.584 0.6250000000
72669  -48.917  1.805  43.114 0.7500000000
127876  -49.943  0.992  42.682 0.6250000000
69793  -50.353  -1.121  41.759 0.6250000000
68858  -51.088  -2.614  40.847 0.5000000000
120302  -51.372  -3.429  40.614 0.6250000000
65996  -51.016  -5.308  40.429 0.5000000000
65997  -51.643  -4.800  40.482 0.5000000000
67916  -51.976  -3.540  40.504 0.5000000000
66952  -50.988  -4.280  40.515 0.6250000000
66010  -51.784  -5.614  40.532 0.5000000000
65086  -51.758  -6.502  40.394 0.6250000000
65961  -11.070  -4.634  45.321 0.2500000000
72678  -49.778  1.847  42.815 0.6250000000
67928  -52.494  -3.593  40.124 0.5000000000
139128  -52.212  -6.015  40.395 0.3750000000
65998  -52.327  -5.237  40.255 0.3750000000
65087  -52.282  -6.601  40.168 0.3750000000
67881  -10.588  -3.061  43.670 0.1250000000
74610  -45.413  4.272  45.542 0.5000000000
75581  -46.206  4.659  45.229 0.5000000000
74622  -46.734  4.362  44.735 0.5000000000
129232  -53.011  -3.573  39.493 0.3750000000
66967  -53.169  -4.391  39.249 0.3750000000
128174  -53.098  -5.723  39.328 0.3750000000
76599  -46.524  6.338  45.331 0.5000000000
66974  -53.292  -4.522  38.986 0.3750000000
127219  -53.271  -5.992  38.976 0.3750000000
68826  -11.902  -2.304  43.267 0.1250000000
67890  -12.713  -2.692  43.120 0.1250000000
66030  -53.092  -6.518  38.546 0.3750000000
76642  -44.746  5.730  42.953 0.1250000000
65121  -54.919  -6.679  35.384 0.3750000000
134808  -56.185  -5.001  33.989 0.5000000000
58971  -13.507  -12.380  58.876 0.7500000000
121833  -8.657  -15.544  60.627 1.0000000000
60070  -14.097  -11.683  57.245 0.7500000000
57066  -8.110  -15.198  60.723 1.0000000000
61120  -15.266  -10.608  56.490 0.6250000000
56075  -7.664  -15.643  60.466 1.0000000000
57071  -7.120  -15.584  60.183 1.0000000000
62999  -17.296  -8.812  58.095 0.5000000000
125114  -6.658  -15.106  58.532 1.0000000000
122709  -6.852  -14.353  59.234 1.0000000000
58000  -7.512  -13.664  59.708 1.0000000000
63941  -19.791  -7.953  61.179 0.5000000000
64878  -20.313  -6.716  60.494 0.5000000000
60061  -7.909  -10.825  58.631 1.0000000000
135549  -19.270  -5.769  58.651 0.3750000000
63105  -20.975  -8.136  46.831 0.3750000000
70673  -40.703  -0.402  48.623 0.3750000000
117788  -23.270  -8.724  42.753 0.3750000000
65940  -8.371  -5.282  48.601 0.8750000000
65947  -8.633  -4.188  47.187 0.6250000000
65007  -9.867  -5.847  47.211 0.5000000000
135459  -23.819  -9.266  42.825 0.3750000000
65948  -8.969  -4.271  46.691 0.6250000000
65949  -10.308  -5.485  46.466 0.3750000000
65008  -10.504  -6.513  46.816 0.5000000000
65954  -10.801  -5.058  45.887 0.3750000000
66902  -9.117  -3.699  46.206 0.5000000000
66908  -9.833  -3.836  45.578 0.2500000000
66917  -9.844  -3.501  45.017 0.2500000000
68824  -9.922  -2.175  43.495 0.1250000000
68836  -10.420  -1.778  43.235 0.1250000000
68837  -11.462  -1.758  43.020 0.1250000000
68838  -12.380  -2.042  42.724 0.1250000000
68932  -56.193  -2.256  33.049 0.7500000000
68007  -52.140  -2.748  32.841 0.2500000000
60059  -12.864  -12.080  59.476 0.7500000000
57059  -9.206  -14.303  61.166 1.0000000000
57058  -8.428  -14.305  60.962 1.0000000000
62077  -14.969  -9.837  56.306 0.6250000000
58961  -7.817  -12.935  60.206 1.0000000000
60056  -7.660  -11.526  59.716 1.0000000000
126066  -19.025  -5.710  50.452 0.1250000000
64098  -23.044  -7.375  44.625 0.2500000000
65894  -9.064  -6.070  50.872 0.8750000000
141061  -8.586  -4.625  49.425 0.8750000000
135399  -10.402  -7.810  52.549 0.8750000000
66889  -8.584  -3.997  47.832 0.8750000000
67829  -8.732  -3.771  48.154 0.8750000000
68791  -8.633  -3.190  46.751 0.7500000000
67856  -8.835  -3.215  46.468 0.6250000000
67867  -9.614  -3.129  44.780 0.3750000000
75559  -44.173  5.163  47.366 0.3750000000
68823  -9.697  -2.469  43.792 0.1250000000
71674  -11.093  0.418  44.852 0.1250000000
129529  -10.590  -0.474  44.181 0.1250000000
70707  -10.630  -1.017  43.233 0.1250000000
127173  -11.002  0.027  43.072 0.1250000000
76619  -44.207  6.239  43.798 0.1250000000
68009  -56.041  -2.987  33.212 0.5000000000
68906  -55.896  -2.475  34.406 0.5000000000
68915  -56.255  -2.647  33.574 0.5000000000
126053  -56.065  -1.810  34.214 0.5000000000
68930  -53.018  -1.868  33.092 0.2500000000
69851  -54.965  -1.230  34.475 0.5000000000
71815  -56.319  0.504  32.278 0.8750000000
74816  -53.401  3.412  26.545 0.1250000000
79756  -59.998  8.847  21.168 0.2500000000
60057  -11.563  -11.446  59.704 0.8750000000
119666  -14.873  -8.965  56.409 0.6250000000
60053  -7.371  -11.158  60.430 1.0000000000
63952  -17.400  -7.797  59.805 0.5000000000
127152  -7.459  -10.730  59.773 1.0000000000
62056  -7.642  -9.320  58.899 1.0000000000
64988  -22.972  -5.703  48.052 0.2500000000
120566  -20.319  -4.107  59.096 0.2500000000
65002  -23.460  -6.104  47.199 0.2500000000
65012  -23.441  -6.434  46.422 0.2500000000
135073  -10.974  -6.581  55.237 0.8750000000
64001  -10.754  -7.824  53.296 0.8750000000
64002  -11.228  -7.059  53.422 0.8750000000
64943  -10.951  -6.829  51.983 0.8750000000
65896  -11.175  -5.520  51.006 0.8750000000
65909  -10.377  -5.150  50.532 0.8750000000
66870  -9.690  -4.642  50.129 0.8750000000
66871  -11.235  -4.245  50.211 0.8750000000
67837  -9.180  -3.152  47.953 0.7500000000
117603  -9.881  -2.344  46.753 0.6250000000
69739  -9.773  -2.275  45.873 0.2500000000
72640  -11.468  1.651  46.608 0.2500000000
76834  -56.567  6.031  24.606 0.2500000000
77832  -58.101  6.868  24.488 0.2500000000
79748  -60.358  9.140  22.395 0.2500000000
80735  -60.725  9.735  20.373 0.2500000000
62058  -11.966  -9.820  58.078 0.7500000000
61117  -12.874  -10.056  56.983 0.7500000000
122938  -7.599  -10.453  61.854 1.0000000000
64913  -15.368  -7.162  56.890 0.5000000000
61095  -7.370  -10.314  61.038 1.0000000000
64979  -24.204  -6.347  49.412 0.2500000000
62048  -7.221  -9.174  59.983 1.0000000000
63940  -18.133  -7.462  61.134 0.5000000000
62055  -7.442  -9.261  59.337 1.0000000000
66777  -20.276  -4.829  59.899 0.2500000000
65003  -24.322  -6.586  47.667 0.2500000000
64908  -8.768  -6.134  57.378 1.0000000000
64078  -24.566  -7.439  46.325 0.2500000000
64936  -11.525  -6.235  53.698 0.8750000000
73593  -10.540  2.405  47.764 0.2500000000
72622  -11.226  1.880  48.013 0.2500000000
71804  -54.608  0.346  34.176 0.6250000000
71793  -55.178  0.941  34.403 0.6250000000
71795  -56.314  0.626  34.011 0.6250000000
72761  -55.748  1.584  34.392 0.6250000000
78807  -59.066  8.169  24.857 0.2500000000
79739  -59.906  8.615  23.795 0.2500000000
124847  -60.833  10.068  21.471 0.2500000000
62057  -11.402  -9.209  58.535 0.7500000000
62987  -11.836  -8.452  58.102 0.8750000000
61092  -8.922  -10.056  62.073 1.0000000000
62037  -7.871  -9.302  62.300 1.0000000000
62967  -7.379  -8.243  61.745 1.0000000000
137748  -7.322  -9.392  60.766 1.0000000000
65822  -17.109  -6.307  61.141 0.5000000000
62976  -7.051  -8.259  60.217 1.0000000000
125813  -6.702  -7.521  60.501 1.0000000000
65811  -19.502  -6.029  62.948 0.3750000000
130862  -7.356  -7.952  59.382 1.0000000000
63080  -25.205  -8.056  48.153 0.2500000000
134061  -25.142  -7.754  48.843 0.2500000000
123396  -11.628  -4.777  54.124 0.8750000000
66860  -12.280  -4.218  51.955 0.8750000000
60164  -25.402  -12.140  46.398 0.2500000000
67806  -12.165  -3.941  51.283 0.8750000000
67821  -11.863  -3.720  50.487 0.7500000000
68775  -11.760  -2.675  49.445 0.7500000000
71645  -12.013  0.254  49.274 0.5000000000
62977  -10.084  -8.258  60.169 1.0000000000
64912  -14.489  -7.059  56.634 0.5000000000
62038  -8.199  -9.075  62.403 1.0000000000
63939  -8.965  -7.518  61.871 1.0000000000
134388  -16.132  -5.848  57.853 0.5000000000
129030  -8.162  -8.307  62.330 1.0000000000
63937  -8.272  -7.476  62.332 1.0000000000
65814  -9.172  -6.137  61.606 0.8750000000
63935  -7.180  -7.653  61.922 1.0000000000
62966  -6.917  -7.763  61.487 1.0000000000
64861  -8.127  -6.665  62.581 1.0000000000
65807  -8.010  -5.919  62.886 1.0000000000
137194  -9.173  -5.524  61.839 0.8750000000
65810  -18.569  -6.118  63.173 0.3750000000
65809  -17.741  -5.872  62.874 0.3750000000
64866  -6.207  -6.625  62.064 1.0000000000
65802  -18.124  -5.457  63.564 0.3750000000
63943  -6.786  -6.988  60.005 1.0000000000
128338  -6.252  -6.843  60.739 1.0000000000
64048  -25.329  -7.796  49.561 0.2500000000
121767  -8.491  -4.739  57.301 1.0000000000
61218  -25.333  -11.352  46.425 0.2500000000
66843  -12.076  -3.836  53.205 0.8750000000
67794  -12.142  -3.302  52.787 0.8750000000
69703  -11.951  -1.628  51.666 0.7500000000
70646  -11.742  -0.824  51.426 0.7500000000
70660  -12.277  -0.487  49.632 0.5000000000
73759  -56.416  2.633  31.510 0.6250000000
75759  -56.634  5.037  28.621 0.5000000000
81687  -59.689  10.801  25.633 0.5000000000
81706  -60.568  10.817  23.150 0.3750000000
130591  -11.173  -6.303  58.687 0.7500000000
65825  -10.240  -5.711  59.902 0.7500000000
67739  -13.854  -3.457  57.370 0.6250000000
66798  -16.218  -4.311  57.852 0.5000000000
66774  -10.040  -5.104  60.349 0.7500000000
66769  -9.887  -4.535  60.788 0.8750000000
67712  -9.745  -3.875  61.125 0.7500000000
132887  -16.583  -4.499  61.306 0.3750000000
64030  -26.122  -7.745  51.729 0.2500000000
66758  -17.388  -5.117  63.098 0.3750000000
127875  -6.033  -6.087  62.201 1.0000000000
66759  -19.734  -4.305  63.462 0.2500000000
65830  -6.369  -5.168  59.536 1.0000000000
66806  -8.290  -4.023  57.082 1.0000000000
66817  -8.888  -3.720  56.346 1.0000000000
67793  -11.763  -2.637  52.957 0.7500000000
70634  -11.391  -1.174  52.246 0.7500000000
71620  -8.378  0.768  51.743 0.6250000000
73733  -53.790  2.961  34.347 0.5000000000
75722  -56.803  4.893  31.828 0.6250000000
82636  -59.760  12.230  24.042 0.3750000000
83573  -59.578  12.813  21.616 0.3750000000
83598  -59.951  12.919  19.603 0.3750000000
84594  -59.631  12.991  19.807 0.3750000000
67711  -9.146  -3.637  61.876 0.8750000000
67713  -16.537  -3.731  61.556 0.3750000000
66752  -17.776  -4.698  63.787 0.3750000000
65819  -5.467  -5.614  61.266 1.0000000000
65813  -5.701  -5.451  62.050 1.0000000000
67751  -7.997  -3.301  56.705 1.0000000000
67757  -8.425  -3.104  56.142 1.0000000000
68716  -9.113  -3.173  55.716 0.8750000000
138479  -9.773  -1.244  53.858 0.6250000000
69692  -10.862  -1.359  52.924 0.6250000000
70619  -10.094  -0.957  53.346 0.6250000000
70633  -10.581  -0.641  52.602 0.6250000000
71607  -9.117  0.268  52.322 0.6250000000
84581  -59.371  12.893  20.773 0.3750000000
84592  -59.457  13.007  19.958 0.3750000000
69645  -16.345  -1.682  58.588 0.3750000000
127827  -9.897  -2.908  60.809 0.7500000000
68675  -9.320  -2.520  61.046 0.7500000000
68676  -10.357  -3.127  60.408 0.7500000000
66762  -5.605  -4.444  62.239 0.8750000000
119883  -7.015  -2.324  56.234 0.6250000000
68715  -8.427  -2.637  55.695 0.6250000000
69682  -8.915  -0.814  53.713 0.6250000000
75533  -4.600  3.837  48.323 0.5000000000
74611  -5.041  3.749  44.743 0.3750000000
127727  -56.810  7.259  32.432 0.6250000000
76783  -56.927  5.891  29.343 0.6250000000
77773  -57.502  7.204  30.753 0.6250000000
81678  -58.670  11.289  26.952 0.6250000000
82634  -58.441  11.780  24.620 0.3750000000
81705  -57.599  11.039  24.208 0.3750000000
69651  -13.943  -1.646  57.424 0.6250000000
69628  -9.991  -2.316  60.459 0.7500000000
69635  -16.452  -1.509  59.556 0.3750000000
69632  -9.632  -1.561  60.059 0.7500000000
69625  -6.974  -1.027  61.327 0.7500000000
69617  -5.777  -1.623  61.677 0.8750000000
69624  -6.157  -1.084  61.379 0.8750000000
127135  -7.851  -2.459  62.000 0.8750000000
68664  -5.465  -2.515  61.781 0.8750000000
67709  -5.875  -3.300  62.347 0.8750000000
122698  -18.426  -1.958  64.513 0.2500000000
68660  -20.321  -2.165  63.479 0.2500000000
69672  -6.724  -1.116  55.175 0.6250000000
70617  -5.950  -0.210  53.934 0.6250000000
70618  -6.846  -0.223  53.600 0.6250000000
70629  -6.159  0.237  53.325 0.6250000000
72571  -5.886  1.282  52.019 0.6250000000
74582  -4.565  3.285  47.430 0.5000000000
76589  -4.585  5.443  45.760 0.3750000000
75572  -4.631  4.381  44.584 0.3750000000
78735  -57.267  7.933  31.669 0.6250000000
78747  -58.223  8.516  30.295 0.6250000000
79683  -58.483  9.403  30.036 0.6250000000
80662  -58.053  10.270  29.722 0.6250000000
70579  -16.033  -0.305  58.107 0.5000000000
129870  -9.827  -0.624  58.768 0.7500000000
71603  -5.514  0.595  53.055 0.6250000000
133449  -6.771  4.527  50.061 0.5000000000
75536  -6.608  4.746  49.405 0.5000000000
76548  -8.628  5.264  48.303 0.5000000000
77603  -4.473  5.826  44.927 0.3750000000
128718  -4.556  5.270  43.370 0.1250000000
139459  -4.330  5.844  42.939 0.1250000000
123035  -12.154  0.391  57.247 0.7500000000
71540  -7.318  0.283  59.659 0.7500000000
71585  -4.852  -0.054  54.337 0.6250000000
139778  -7.399  4.059  51.982 0.5000000000
139146  -10.011  5.596  47.956 0.5000000000
78622  -3.608  7.929  41.461 0.1250000000
74510  -6.070  3.182  55.167 0.6250000000
74546  -5.836  3.250  53.080 0.6250000000
78560  -7.586  7.101  45.113 0.3750000000
79542  -6.391  9.026  43.563 0.1250000000
79540  -3.534  8.442  42.565 0.1250000000
73476  -15.208  2.220  58.968 0.5000000000
74512  -11.048  2.832  55.125 0.6250000000
72506  -15.689  1.731  61.438 0.5000000000
76540  -11.326  5.611  49.595 0.5000000000
76551  -11.203  6.069  48.775 0.5000000000
80511  -5.983  9.716  43.258 0.1250000000
126603  -11.533  4.159  57.256 0.5000000000
139502  -11.615  4.043  56.356 0.5000000000
77577  -11.177  7.109  47.851 0.5000000000
80512  -6.970  9.809  43.497 0.2500000000
81531  -5.332  11.007  42.445 0.1250000000
83390  -4.808  12.412  42.074 0.2500000000
81529  -3.370  9.956  41.039 0.1250000000
74491  -11.524  3.738  57.588 0.5000000000
74488  -13.251  3.394  59.422 0.5000000000
72500  -15.704  1.706  63.386 0.3750000000
79480  -12.470  8.045  51.671 0.5000000000
79494  -11.672  8.335  49.482 0.5000000000
140324  -5.882  12.883  44.664 0.3750000000
82479  -4.119  11.454  41.036 0.1250000000
124793  -3.779  10.611  40.994 0.1250000000
75444  -11.835  4.406  60.946 0.5000000000
74464  -13.586  3.432  63.727 0.3750000000
127241  -11.332  6.241  57.515 0.5000000000
122975  -11.009  6.955  57.502 0.5000000000
79457  -11.205  8.927  56.763 0.5000000000
80418  -11.504  9.337  55.839 0.5000000000
80447  -11.366  9.111  51.765 0.5000000000
80455  -11.315  9.112  50.851 0.5000000000
80462  -11.228  9.040  49.931 0.5000000000
80478  -9.894  9.709  47.082 0.3750000000
84362  -4.166  13.716  42.111 0.1250000000
82478  -4.127  12.118  40.768 0.1250000000
138137  -4.054  13.097  40.995 0.1250000000
82489  -4.479  12.064  40.598 0.1250000000
77514  -10.141  6.855  59.427 0.5000000000
79454  -10.575  8.090  57.430 0.5000000000
80411  -10.536  9.430  57.419 0.5000000000
80431  -11.122  9.353  53.910 0.5000000000
118086  -8.085  11.059  58.496 0.5000000000
130959  -10.849  9.388  53.068 0.5000000000
80468  -9.905  9.936  47.999 0.3750000000
75419  -10.677  4.979  63.718 0.5000000000
77513  -9.571  7.287  59.864 0.5000000000
77494  -9.011  6.792  61.610 0.5000000000
75416  -10.785  4.970  64.316 0.5000000000
77477  -11.762  5.718  64.499 0.3750000000
76457  -13.092  5.056  64.337 0.3750000000
77487  -8.621  6.609  62.508 0.5000000000
77486  -8.030  6.723  62.998 0.5000000000
76452  -8.689  6.061  64.180 0.5000000000
77480  -7.983  6.420  63.901 0.5000000000
78444  -9.561  6.576  64.420 0.5000000000
77481  -11.304  6.275  64.376 0.3750000000
79421  -6.388  8.658  61.981 0.5000000000
79417  -6.612  8.196  62.662 0.5000000000
78454  -7.609  7.282  62.453 0.5000000000
123116  -6.067  8.836  62.816 0.5000000000
80369  -5.742  9.842  62.012 0.5000000000
78443  -8.645  6.818  64.447 0.5000000000
78449  -10.263  7.217  64.039 0.3750000000
78456  -12.404  7.417  62.799 0.3750000000
79414  -9.144  8.208  63.748 0.5000000000
80366  -7.716  9.209  63.739 0.5000000000
79419  -11.349  8.219  62.776 0.3750000000
81350  -7.234  9.945  63.626 0.5000000000
80372  -9.910  9.210  62.907 0.5000000000
81356  -5.527  10.765  61.450 0.5000000000
78465  -13.396  7.333  61.876 0.3750000000
80373  -11.049  8.837  62.293 0.5000000000
79424  -12.301  8.242  61.806 0.3750000000
80374  -10.398  9.500  62.107 0.5000000000
80384  -11.371  9.572  60.820 0.3750000000
80383  -10.628  9.904  61.118 0.3750000000
46669  -15.612  -25.626  49.463 0.3750000000
117766  -15.665  -25.518  48.593 0.3750000000
46695  -17.419  -25.127  48.078 0.3750000000
117996  -18.774  -24.715  47.958 0.5000000000
118465  -19.801  -24.263  46.644 0.3750000000
45759  -13.943  -26.066  49.097 0.3750000000
117934  -16.482  -25.302  48.120 0.3750000000
48554  -21.701  -23.853  46.515 0.5000000000
48561  -22.136  -24.085  45.761 0.5000000000
47628  -23.549  -24.390  46.403 0.5000000000
48557  -24.195  -23.873  47.000 0.5000000000
46727  -23.036  -24.772  45.725 0.5000000000
46719  -24.085  -24.682  46.839 0.5000000000
47617  -24.533  -24.380  47.292 0.5000000000
46687  -25.874  -25.534  48.930 0.5000000000
41783  -12.665  -30.253  51.666 0.1250000000
46696  -18.189  -25.013  48.498 0.5000000000
42740  -12.487  -29.168  50.343 0.1250000000
44849  -12.495  -27.907  49.313 0.3750000000
46683  -16.433  -25.490  49.261 0.3750000000
47614  -19.350  -24.484  47.391 0.3750000000
119858  -20.729  -24.041  46.584 0.3750000000
48555  -22.588  -23.727  46.578 0.5000000000
45758  -13.132  -26.666  48.606 0.3750000000
47607  -25.586  -24.503  48.437 0.5000000000
47590  -26.469  -24.879  50.224 0.5000000000
46664  -26.993  -25.862  51.422 0.5000000000
46655  -28.128  -25.477  52.161 0.5000000000
45727  -28.586  -26.132  51.777 0.5000000000
47618  -25.002  -24.452  47.791 0.5000000000
46676  -26.240  -25.506  49.780 0.5000000000
44825  -30.591  -26.536  51.721 0.5000000000
42727  -12.123  -29.553  51.102 0.1250000000
44843  -12.110  -27.789  50.109 0.3750000000
136618  -12.962  -26.766  49.382 0.3750000000
45760  -14.820  -25.813  49.748 0.3750000000
46670  -16.222  -25.642  49.992 0.3750000000
43809  -12.340  -28.456  49.950 0.3750000000
45748  -14.019  -25.972  50.088 0.3750000000
120527  -26.760  -25.379  51.045 0.5000000000
47581  -27.236  -24.953  51.629 0.5000000000
47598  -26.253  -24.000  49.588 0.5000000000
45725  -27.537  -26.110  51.648 0.5000000000
45726  -28.001  -26.106  51.795 0.5000000000
45709  -29.124  -25.717  52.076 0.5000000000
44810  -29.523  -25.962  51.922 0.5000000000
44811  -30.069  -26.089  51.970 0.6250000000
48502  -6.673  -24.460  52.507 0.3750000000
50282  -9.595  -22.143  48.540 0.3750000000
50308  -9.750  -21.828  46.798 0.3750000000
117154  -9.702  -21.771  45.841 0.6250000000
134855  -12.165  -21.208  45.119 0.7500000000
50339  -11.983  -20.992  44.389 0.7500000000
42726  -11.364  -29.297  51.418 0.2500000000
45732  -12.978  -26.179  51.176 0.3750000000
45733  -13.905  -25.924  51.117 0.3750000000
44842  -11.697  -28.270  50.712 0.3750000000
45731  -12.421  -26.934  50.583 0.3750000000
116853  -14.847  -25.911  50.682 0.3750000000
45746  -12.597  -27.228  49.734 0.3750000000
46684  -17.446  -25.308  49.096 0.5000000000
47615  -20.295  -24.316  47.603 0.5000000000
46648  -28.986  -25.222  52.375 0.5000000000
129873  -30.528  -25.556  53.411 0.6250000000
45712  -30.587  -26.248  52.698 0.6250000000
46718  -23.552  -25.041  46.215 0.3750000000
50305  -43.071  -21.273  47.058 0.6250000000
49363  -7.126  -24.095  52.887 0.3750000000
50209  -8.026  -23.141  53.010 0.3750000000
127183  -8.818  -22.545  49.897 0.3750000000
140621  -9.995  -22.012  48.149 0.3750000000
50297  -11.436  -21.814  47.628 0.5000000000
50311  -12.536  -21.231  46.486 0.6250000000
50310  -11.806  -21.547  45.957 0.6250000000
50324  -12.618  -20.942  45.638 0.7500000000
51216  -12.539  -20.548  44.839 0.7500000000
52135  -12.643  -19.633  44.803 0.7500000000
51225  -12.269  -20.150  44.070 0.7500000000
53086  -11.771  -18.378  44.375 0.7500000000
138379  -13.479  -26.060  51.631 0.3750000000
118472  -14.910  -26.176  51.593 0.3750000000
45734  -15.685  -25.998  51.107 0.3750000000
45749  -15.612  -25.769  50.310 0.3750000000
46671  -17.033  -25.678  50.106 0.3750000000
117521  -19.591  -24.679  48.213 0.5000000000
119211  -26.851  -24.596  50.888 0.5000000000
47616  -21.287  -23.907  47.388 0.5000000000
46654  -27.544  -25.535  51.893 0.5000000000
46656  -28.632  -25.619  52.117 0.5000000000
45710  -29.677  -25.715  52.201 0.6250000000
48540  -24.568  -23.371  47.648 0.5000000000
45711  -30.108  -25.903  52.351 0.6250000000
47569  -31.961  -23.706  53.696 0.7500000000
52120  -42.948  -19.838  46.822 0.7500000000
50285  -12.406  -21.657  48.259 0.7500000000
45701  -12.294  -26.579  52.396 0.3750000000
45717  -13.003  -26.153  51.968 0.3750000000
45751  -16.980  -26.055  50.831 0.5000000000
45750  -16.345  -25.868  50.625 0.3750000000
124087  -18.038  -25.612  50.027 0.5000000000
46685  -18.508  -25.252  49.325 0.5000000000
44792  -16.481  -27.802  54.747 0.5000000000
46697  -19.029  -24.945  48.739 0.5000000000
47605  -20.328  -24.647  48.546 0.6250000000
44791  -15.637  -27.447  54.684 0.5000000000
43775  -17.966  -27.847  55.010 0.6250000000
48527  -25.711  -23.619  48.858 0.5000000000
47573  -27.821  -24.824  52.268 0.5000000000
46649  -29.370  -25.264  52.423 0.6250000000
48549  -23.879  -23.181  47.345 0.5000000000
49414  -24.286  -22.918  47.888 0.5000000000
46650  -29.762  -25.236  52.664 0.6250000000
124423  -29.988  -25.441  52.902 0.7500000000
46651  -31.243  -24.730  53.769 0.7500000000
48499  -31.317  -22.737  52.909 0.7500000000
49362  -31.891  -22.218  52.339 0.7500000000
49372  -32.877  -22.329  52.069 0.7500000000
48532  -38.508  -23.649  49.289 0.8750000000
117067  -38.491  -23.277  48.922 0.8750000000
53119  -7.510  -18.214  41.359 0.6250000000
129413  -7.056  -18.672  40.929 0.6250000000
54091  -6.660  -17.968  41.261 0.6250000000
52163  -6.397  -19.353  40.465 0.6250000000
53118  -6.240  -18.412  40.622 0.6250000000
54125  -7.270  -17.904  37.924 0.3750000000
122533  -6.055  -18.959  40.192 0.5000000000
53154  -6.755  -18.441  39.113 0.5000000000
52189  -6.333  -19.173  39.773 0.5000000000
45718  -14.021  -26.198  52.126 0.5000000000
45735  -16.487  -26.211  51.332 0.5000000000
45702  -13.304  -26.399  52.780 0.3750000000
45703  -14.335  -26.436  53.042 0.5000000000
116827  -18.971  -25.554  50.057 0.5000000000
44800  -13.609  -26.474  53.666 0.5000000000
45704  -15.254  -26.698  53.279 0.5000000000
45705  -15.905  -26.995  53.528 0.5000000000
46686  -19.418  -25.208  49.409 0.5000000000
44801  -14.621  -26.475  53.920 0.5000000000
44802  -15.436  -26.919  54.051 0.5000000000
117572  -16.966  -27.512  54.134 0.5000000000
47594  -19.751  -24.926  48.859 0.5000000000
43774  -17.270  -27.791  54.683 0.6250000000
47606  -21.034  -24.207  48.243 0.6250000000
48537  -21.823  -23.668  48.083 0.5000000000
48520  -26.605  -23.860  50.279 0.5000000000
48538  -22.629  -23.114  47.985 0.5000000000
48539  -23.532  -22.853  48.044 0.5000000000
49415  -24.981  -22.958  48.321 0.5000000000
49402  -25.420  -22.863  49.253 0.5000000000
122433  -30.160  -24.477  53.325 0.7500000000
47568  -30.741  -23.562  53.276 0.7500000000
49371  -31.958  -22.151  51.518 0.7500000000
49361  -31.108  -22.196  52.062 0.7500000000
49373  -33.703  -22.377  51.539 0.7500000000
135082  -34.190  -23.854  52.723 0.7500000000
48515  -36.582  -23.924  51.148 0.8750000000
48521  -35.186  -22.853  50.937 0.8750000000
48522  -36.072  -23.332  50.510 0.8750000000
48531  -37.782  -23.658  49.347 0.8750000000
54049  -41.803  -18.341  45.796 0.5000000000
122373  -7.728  -17.142  38.088 0.2500000000
54126  -8.668  -17.253  38.474 0.2500000000
127726  -10.001  -18.226  38.637 0.1250000000
53167  -11.445  -19.145  38.760 0.1250000000
54105  -5.609  -17.464  40.080 0.6250000000
54124  -6.762  -17.690  38.398 0.5000000000
54090  -5.851  -17.683  40.957 0.6250000000
53143  -6.053  -18.274  39.836 0.5000000000
45719  -15.080  -26.486  52.468 0.5000000000
118925  -16.743  -26.606  52.084 0.6250000000
45736  -17.308  -26.344  51.448 0.6250000000
45752  -17.699  -26.021  50.765 0.6250000000
135094  -16.069  -26.778  52.799 0.5000000000
44803  -16.615  -27.114  53.508 0.5000000000
44804  -17.488  -27.175  53.612 0.6250000000
47595  -20.366  -25.013  49.351 0.6250000000
44793  -17.797  -27.523  54.290 0.6250000000
138762  -20.924  -24.578  48.911 0.6250000000
43776  -18.698  -27.891  55.382 0.6250000000
48525  -22.296  -23.572  48.789 0.6250000000
48512  -27.044  -23.825  51.123 0.5000000000
47565  -28.363  -24.700  52.444 0.6250000000
43768  -18.865  -28.241  56.071 0.7500000000
122080  -22.986  -23.012  48.781 0.6250000000
49400  -23.737  -22.770  48.986 0.5000000000
48528  -26.128  -23.261  49.665 0.5000000000
49401  -24.590  -22.714  49.122 0.5000000000
46642  -29.419  -24.654  52.571 0.6250000000
46643  -29.770  -24.391  52.757 0.6250000000
47567  -30.086  -23.629  53.039 0.7500000000
47561  -29.789  -23.764  52.771 0.7500000000
50226  -30.615  -22.148  51.457 0.7500000000
48498  -30.529  -22.813  52.723 0.7500000000
134129  -31.301  -22.198  51.262 0.7500000000
129641  -30.712  -22.175  50.873 0.7500000000
50241  -32.707  -22.198  51.245 0.7500000000
52099  -28.941  -20.254  50.107 0.8750000000
51187  -29.478  -20.809  49.640 0.8750000000
51188  -29.763  -21.198  49.879 0.8750000000
124549  -28.462  -19.857  49.625 0.8750000000
52107  -28.333  -19.989  48.707 0.8750000000
55034  -41.068  -17.324  45.330 0.3750000000
55027  -41.678  -17.061  45.999 0.5000000000
55101  -7.356  -16.500  38.480 0.5000000000
55102  -8.303  -16.587  38.726 0.2500000000
132054  -9.008  -16.810  39.011 0.2500000000
54127  -9.563  -17.376  38.958 0.2500000000
54139  -10.995  -18.396  38.774 0.1250000000
55084  -5.916  -16.586  39.327 0.6250000000
141168  -6.992  -17.136  38.026 0.3750000000
45737  -18.274  -26.340  51.550 0.7500000000
46672  -18.565  -25.917  50.737 0.7500000000
46661  -19.432  -25.803  50.786 0.6250000000
45720  -17.662  -26.671  52.226 0.7500000000
46673  -19.904  -25.414  50.123 0.6250000000
44818  -17.100  -26.865  52.883 0.6250000000
44819  -18.005  -26.914  53.020 0.7500000000
44805  -18.373  -27.142  53.756 0.7500000000
117300  -21.299  -24.751  49.509 0.6250000000
44794  -18.726  -27.533  54.564 0.7500000000
47596  -22.154  -24.219  49.622 0.6250000000
133551  -22.706  -23.526  49.380 0.6250000000
136712  -28.783  -24.851  52.428 0.6250000000
49390  -23.951  -22.664  49.981 0.6250000000
49403  -25.840  -22.658  49.918 0.5000000000
123277  -27.056  -22.879  51.409 0.5000000000
47582  -27.592  -23.789  52.084 0.5000000000
49391  -24.988  -22.385  50.057 0.6250000000
120621  -26.465  -22.301  51.017 0.5000000000
47560  -29.415  -23.941  52.537 0.7500000000
48491  -29.549  -23.221  52.510 0.7500000000
49360  -30.356  -22.443  52.135 0.7500000000
48492  -30.013  -23.039  52.590 0.7500000000
49359  -29.974  -22.059  51.881 0.7500000000
52092  -28.475  -19.437  51.365 0.7500000000
52093  -28.962  -20.093  50.932 0.7500000000
51182  -29.430  -20.824  51.002 0.7500000000
50254  -30.390  -21.970  50.547 0.7500000000
120886  -28.527  -19.643  50.508 0.8750000000
51184  -29.279  -20.588  50.391 0.7500000000
134512  -27.431  -19.128  49.482 0.8750000000
53062  -26.619  -18.945  48.604 0.8750000000
123482  -27.211  -19.217  48.813 0.8750000000
52106  -27.849  -19.521  49.159 0.8750000000
55025  -40.523  -16.627  45.178 0.5000000000
55085  -6.828  -15.828  38.965 0.5000000000
54089  -5.477  -17.066  40.789 0.6250000000
55100  -6.558  -16.812  38.550 0.5000000000
55058  -5.698  -16.966  41.497 0.7500000000
45721  -19.154  -26.472  51.999 0.7500000000
133214  -19.026  -26.127  51.324 0.7500000000
45738  -19.752  -26.116  51.564 0.7500000000
131872  -18.538  -26.710  52.452 0.7500000000
131586  -18.746  -26.961  53.139 0.7500000000
46674  -20.863  -25.255  50.152 0.6250000000
44806  -19.360  -27.086  53.738 0.7500000000
127624  -19.649  -27.469  54.719 0.7500000000
47588  -21.734  -24.953  50.228 0.6250000000
138025  -19.121  -27.700  55.060 0.7500000000
43777  -19.314  -27.844  55.503 0.8750000000
48518  -22.884  -23.825  50.066 0.6250000000
48519  -23.332  -23.203  50.473 0.6250000000
48505  -27.901  -24.071  52.403 0.5000000000
43769  -19.618  -28.038  56.071 0.8750000000
48496  -28.284  -24.087  52.426 0.6250000000
49392  -25.826  -22.208  50.551 0.6250000000
49382  -25.945  -21.735  51.278 0.7500000000
48497  -28.581  -24.012  52.374 0.6250000000
47559  -28.824  -24.009  52.326 0.6250000000
48489  -28.963  -23.574  52.394 0.7500000000
48490  -29.094  -23.185  52.419 0.7500000000
50208  -29.366  -21.814  52.488 0.7500000000
49349  -29.763  -22.574  52.259 0.7500000000
49348  -29.226  -22.562  52.462 0.7500000000
52085  -28.480  -19.638  52.097 0.7500000000
52077  -28.623  -19.905  52.212 0.7500000000
51164  -28.855  -20.226  52.266 0.7500000000
50225  -29.642  -21.264  52.124 0.7500000000
52086  -28.811  -20.061  51.691 0.7500000000
51177  -29.347  -20.681  51.517 0.7500000000
51165  -29.348  -20.772  52.177 0.7500000000
53013  -27.438  -18.678  51.166 0.8750000000
53014  -28.062  -18.996  50.764 0.7500000000
53029  -26.401  -18.605  49.911 0.8750000000
53046  -26.862  -18.862  49.316 0.8750000000
53030  -27.291  -18.815  50.186 0.8750000000
53045  -26.129  -18.647  48.999 0.8750000000
56175  -39.947  -16.100  45.079 0.6250000000
56214  -6.055  -15.573  39.862 0.6250000000
123784  -6.864  -15.203  39.619 0.5000000000
56229  -7.940  -15.933  39.050 0.2500000000
123034  -5.470  -16.345  41.959 0.7500000000
119351  -5.436  -15.663  40.746 0.7500000000
45739  -20.477  -26.039  51.912 0.7500000000
45722  -19.924  -26.441  52.381 0.7500000000
44820  -19.322  -26.767  52.807 0.7500000000
46662  -20.404  -25.682  50.986 0.7500000000
44807  -20.333  -27.126  53.948 0.7500000000
46675  -21.294  -25.357  50.917 0.6250000000
43778  -19.964  -27.687  55.458 0.7500000000
47589  -22.408  -24.492  50.547 0.6250000000
48510  -22.945  -23.885  50.977 0.6250000000
49381  -24.306  -22.217  50.852 0.6250000000
49384  -27.506  -22.561  52.206 0.6250000000
136521  -27.895  -22.947  52.534 0.5000000000
50263  -25.140  -21.867  51.002 0.6250000000
49383  -26.770  -21.978  51.668 0.6250000000
117367  -28.077  -23.058  52.535 0.6250000000
49358  -28.053  -22.080  52.739 0.7500000000
48488  -28.280  -23.127  52.436 0.6250000000
50207  -28.432  -21.110  53.157 0.7500000000
49346  -28.236  -21.978  52.721 0.7500000000
49347  -28.706  -22.036  52.646 0.7500000000
52061  -27.700  -19.591  53.652 0.7500000000
51151  -28.139  -20.274  53.390 0.7500000000
51152  -28.593  -20.566  53.097 0.7500000000
129309  -28.915  -21.117  52.931 0.7500000000
135721  -26.509  -18.568  53.916 0.7500000000
52977  -27.732  -18.970  53.517 0.7500000000
52068  -28.482  -19.978  53.030 0.7500000000
126447  -28.541  -20.111  53.005 0.7500000000
50224  -29.018  -20.629  52.663 0.7500000000
52996  -26.053  -18.323  52.366 0.7500000000
52986  -26.962  -18.448  52.645 0.7500000000
52998  -27.552  -18.646  52.008 0.7500000000
52988  -28.096  -19.218  52.848 0.7500000000
117112  -26.123  -18.383  51.419 0.8750000000
53012  -26.662  -18.545  50.833 0.7500000000
127892  -27.990  -18.889  51.478 0.7500000000
117150  -24.923  -18.439  50.448 0.8750000000
53011  -25.812  -18.446  50.626 0.8750000000
53043  -24.264  -18.464  48.597 0.8750000000
56165  -38.701  -15.297  45.159 0.6250000000
56215  -7.570  -15.397  39.564 0.3750000000
44821  -20.111  -26.744  53.189 0.7500000000
43770  -20.204  -27.804  56.081 0.8750000000
47579  -21.999  -25.060  50.949 0.6250000000
48511  -23.464  -23.204  51.326 0.6250000000
119926  -23.769  -22.733  50.860 0.6250000000
50250  -24.554  -21.687  51.691 0.7500000000
50251  -25.389  -21.395  51.853 0.7500000000
49369  -27.125  -21.642  52.443 0.6250000000
50252  -26.227  -21.369  52.092 0.7500000000
50238  -27.454  -21.297  53.083 0.7500000000
49370  -27.924  -22.140  52.803 0.7500000000
51174  -25.814  -20.309  53.873 0.7500000000
50222  -27.217  -20.636  53.456 0.7500000000
51162  -27.518  -20.356  53.556 0.7500000000
50206  -28.031  -21.016  53.377 0.7500000000
51148  -25.845  -19.359  54.652 0.7500000000
51161  -26.957  -19.998  53.882 0.7500000000
51150  -27.253  -19.772  53.871 0.7500000000
130686  -27.710  -20.131  53.574 0.7500000000
52966  -24.993  -18.852  54.683 0.7500000000
52967  -26.154  -18.768  54.412 0.7500000000
52059  -26.471  -19.060  54.539 0.7500000000
52066  -27.659  -19.193  53.777 0.7500000000
52974  -24.937  -18.611  54.016 0.7500000000
121790  -25.234  -18.439  53.381 0.7500000000
119583  -26.342  -18.410  53.269 0.7500000000
52995  -24.464  -18.362  52.186 0.8750000000
52984  -24.625  -18.435  53.137 0.7500000000
117152  -25.259  -18.344  51.546 0.7500000000
53010  -24.291  -18.370  51.159 0.8750000000
53042  -23.417  -18.460  48.993 0.8750000000
118760  -23.360  -18.469  49.874 0.8750000000
53068  -23.400  -18.315  47.257 0.8750000000
53060  -24.157  -18.398  47.587 0.8750000000
57209  -7.258  -14.872  40.099 0.3750000000
45723  -20.629  -26.374  52.722 0.7500000000
44795  -20.495  -27.319  54.750 0.7500000000
121823  -20.995  -25.683  51.550 0.7500000000
49380  -23.951  -22.407  51.733 0.7500000000
50234  -24.311  -21.689  52.560 0.7500000000
50235  -24.870  -21.118  52.548 0.7500000000
50221  -24.609  -20.891  54.328 0.7500000000
51173  -25.124  -20.684  53.613 0.7500000000
131031  -24.579  -21.188  53.274 0.7500000000
51147  -24.716  -19.570  55.140 0.7500000000
51159  -25.306  -20.099  54.758 0.7500000000
52965  -24.394  -18.851  54.583 0.7500000000
52057  -24.600  -19.152  55.042 0.7500000000
52972  -23.275  -18.700  53.337 0.8750000000
52973  -24.099  -18.622  53.714 0.7500000000
52982  -22.991  -18.584  52.372 0.8750000000
52983  -23.820  -18.468  52.761 0.7500000000
53008  -22.690  -18.547  50.444 0.8750000000
53009  -23.472  -18.420  50.810 0.8750000000
53026  -22.609  -18.516  49.406 0.8750000000
58081  -35.790  -13.593  45.474 0.5000000000
59076  -35.641  -12.979  44.857 0.3750000000
59061  -35.908  -12.809  45.657 0.3750000000
44808  -21.048  -27.025  54.069 0.7500000000
45724  -21.264  -26.280  53.011 0.7500000000
44776  -21.178  -27.068  56.132 0.8750000000
45740  -21.110  -25.910  52.265 0.7500000000
46663  -21.692  -25.380  51.753 0.7500000000
44775  -20.676  -27.537  56.514 0.8750000000
44784  -20.616  -27.425  55.648 0.8750000000
47580  -22.557  -24.742  51.577 0.7500000000
48503  -23.249  -24.027  51.889 0.7500000000
48504  -23.624  -23.219  52.299 0.7500000000
49368  -23.923  -22.410  52.917 0.7500000000
135882  -23.825  -21.798  55.360 0.7500000000
50220  -24.203  -21.623  53.643 0.7500000000
51140  -22.687  -20.564  55.842 0.8750000000
50193  -23.128  -20.922  56.126 0.7500000000
50194  -23.692  -20.671  55.844 0.7500000000
50205  -24.342  -20.481  55.421 0.7500000000
51146  -22.952  -19.981  55.501 0.8750000000
52051  -23.482  -19.594  55.342 0.7500000000
120453  -21.879  -19.961  53.450 0.8750000000
52064  -22.877  -19.196  53.947 0.8750000000
52065  -23.645  -18.909  54.291 0.7500000000
52075  -22.525  -18.885  52.895 0.8750000000
52993  -22.819  -18.539  51.408 0.8750000000
117976  -36.412  -12.457  46.385 0.5000000000
128579  -36.533  -12.076  45.629 0.5000000000
59077  -35.876  -12.331  44.198 0.3750000000
120534  -35.991  -12.426  45.030 0.3750000000
60231  -36.577  -11.707  43.937 0.3750000000
60209  -36.504  -11.889  44.768 0.3750000000
44796  -21.247  -27.024  54.983 0.7500000000
127132  -21.654  -25.765  52.616 0.7500000000
46653  -22.275  -25.302  52.539 0.7500000000
47571  -22.995  -24.753  52.530 0.7500000000
137891  -23.104  -24.653  53.251 0.7500000000
47572  -23.393  -24.056  52.814 0.7500000000
47557  -23.139  -24.063  54.816 0.7500000000
48487  -23.467  -23.305  54.514 0.7500000000
48495  -23.611  -23.258  53.399 0.7500000000
48474  -22.712  -22.721  56.236 0.7500000000
49345  -23.506  -22.549  55.469 0.7500000000
132221  -23.827  -22.334  54.282 0.7500000000
118352  -21.888  -21.780  56.063 0.8750000000
49330  -22.476  -22.078  56.280 0.7500000000
122011  -23.450  -21.526  55.991 0.7500000000
51144  -21.577  -20.938  54.590 0.8750000000
51145  -22.294  -20.293  55.043 0.8750000000
51158  -21.784  -20.386  54.019 0.8750000000
129078  -21.973  -19.174  52.518 0.8750000000
139353  -37.130  -11.577  45.216 0.3750000000
60232  -37.389  -11.329  43.702 0.3750000000
60210  -37.291  -11.446  44.524 0.3750000000
60271  -38.043  -11.000  42.421 0.2500000000
60233  -38.178  -11.120  43.374 0.3750000000
45707  -21.329  -26.561  53.630 0.7500000000
45699  -22.169  -26.080  54.386 0.7500000000
119386  -22.653  -25.221  53.277 0.7500000000
46638  -22.244  -25.152  55.615 0.7500000000
46640  -22.522  -25.423  54.786 0.7500000000
48471  -21.327  -23.792  56.597 0.8750000000
47547  -21.821  -24.032  56.483 0.7500000000
47553  -22.347  -24.324  55.982 0.7500000000
47556  -22.773  -24.676  55.223 0.7500000000
47563  -22.859  -24.845  54.152 0.7500000000
48482  -21.055  -23.145  56.321 0.8750000000
135627  -21.905  -22.339  56.223 0.8750000000
48473  -22.450  -23.438  56.191 0.7500000000
47554  -22.863  -23.847  55.626 0.7500000000
50203  -21.221  -21.579  54.888 0.8750000000
50191  -21.379  -21.926  55.611 0.8750000000
60189  -38.008  -11.141  45.234 0.3750000000
117124  -38.953  -11.140  43.936 0.3750000000
60253  -39.116  -11.089  42.926 0.3750000000
61284  -38.078  -10.697  41.493 0.1250000000
61274  -38.969  -10.733  41.966 0.2500000000
61293  -38.457  -10.161  40.617 0.1250000000
45693  -21.310  -26.409  56.594 0.8750000000
45695  -21.561  -26.455  55.630 0.7500000000
45698  -21.611  -26.602  54.180 0.7500000000
130454  -21.795  -26.472  54.835 0.7500000000
46634  -21.274  -25.564  56.791 0.8750000000
45696  -22.092  -25.922  55.218 0.7500000000
46637  -21.643  -25.686  56.040 0.7500000000
47546  -21.277  -24.698  56.725 0.8750000000
119572  -38.882  -11.009  44.832 0.3750000000
121015  -39.914  -11.009  42.172 0.2500000000
136222  -38.938  -10.342  41.277 0.1250000000
60191  -40.265  -11.451  45.244 0.3750000000
60212  -39.639  -11.254  44.578 0.3750000000
60213  -40.365  -11.571  44.366 0.3750000000
60234  -39.782  -11.297  43.697 0.3750000000
140291  -40.064  -11.201  42.947 0.3750000000
118215  -40.929  -11.952  45.071 0.3750000000
60235  -40.595  -11.474  43.479 0.3750000000
60254  -40.862  -11.265  42.524 0.3750000000
59078  -41.747  -12.351  44.849 0.3750000000
60214  -41.112  -11.962  44.148 0.3750000000
60236  -41.365  -11.774  43.235 0.3750000000
60273  -40.799  -10.835  41.479 0.2500000000
60255  -41.685  -11.166  41.879 0.3750000000
60274  -41.838  -10.745  41.212 0.3750000000
59097  -41.927  -12.329  43.851 0.3750000000
120162  -42.338  -11.655  42.166 0.3750000000
59062  -42.523  -12.533  45.454 0.6250000000
59079  -42.600  -12.724  44.477 0.5000000000
59120  -42.114  -12.120  42.922 0.3750000000
59121  -42.944  -12.163  42.520 0.3750000000
59135  -42.509  -11.135  41.454 0.3750000000
59144  -42.990  -11.216  39.981 0.3750000000
60289  -42.450  -10.814  40.611 0.3750000000
59080  -43.832  -12.800  44.745 0.5000000000
127942  -43.129  -12.899  44.925 0.5000000000
59099  -43.464  -12.888  44.036 0.5000000000
58095  -43.958  -12.852  43.186 0.3750000000
140553  -43.481  -12.756  43.372 0.3750000000
58107  -43.518  -12.439  42.055 0.3750000000
59136  -43.096  -11.730  41.765 0.3750000000
126661  -43.505  -11.629  40.463 0.3750000000
59145  -43.087  -11.342  40.937 0.3750000000
59159  -43.330  -11.583  39.468 0.3750000000
59158  -42.745  -11.176  39.136 0.3750000000
59175  -42.887  -11.559  38.672 0.3750000000
126273  -42.814  -11.598  37.834 0.2500000000
59190  -43.317  -11.767  37.772 0.2500000000
59199  -43.318  -11.821  36.794 0.1250000000
131198  -20.367  -1.760  57.816 0.2500000000
135360  -20.190  -2.676  57.591 0.2500000000
59100  -44.840  -12.785  43.733 0.6250000000
58096  -44.507  -12.828  43.296 0.6250000000
58108  -43.857  -12.987  42.305 0.3750000000
58139  -43.845  -12.092  41.157 0.3750000000
59160  -43.623  -11.695  40.216 0.3750000000
59176  -43.477  -11.746  38.694 0.3750000000
59200  -43.622  -11.682  36.404 0.1250000000
122089  -44.254  -11.095  36.305 0.1250000000
62289  -45.522  -9.000  36.614 0.3750000000
122581  -45.164  -8.984  35.461 0.3750000000
59212  -43.186  -11.723  35.902 0.1250000000
63220  -46.652  -8.346  35.364 0.3750000000
76484  -21.113  5.159  60.890 0.2500000000
75446  -20.611  4.395  60.999 0.2500000000
74479  -20.000  3.650  61.178 0.2500000000
72508  -19.102  2.405  60.577 0.2500000000
73477  -18.670  2.879  59.639 0.2500000000
132533  -18.698  1.921  59.586 0.2500000000
138281  -18.794  1.159  59.104 0.2500000000
70582  -20.144  -1.092  58.361 0.2500000000
72511  -19.126  0.945  59.909 0.2500000000
58140  -44.197  -12.275  41.244 0.3750000000
59177  -44.001  -11.730  38.839 0.3750000000
61315  -45.359  -10.055  38.936 0.3750000000
138539  -43.704  -11.781  38.113 0.2500000000
122448  -43.919  -11.637  37.361 0.2500000000
59192  -44.242  -11.362  37.995 0.1250000000
139715  -44.826  -10.560  38.497 0.3750000000
62274  -45.524  -9.404  37.529 0.3750000000
118574  -43.681  -11.789  37.382 0.1250000000
134824  -44.848  -9.846  36.986 0.2500000000
61344  -44.733  -9.636  35.988 0.3750000000
76485  -22.339  5.487  61.686 0.2500000000
137850  -19.077  1.632  60.376 0.2500000000
59137  -44.742  -12.365  41.601 0.3750000000
116896  -44.292  -11.646  39.817 0.3750000000
59178  -44.431  -11.350  38.844 0.3750000000
60327  -44.517  -10.938  37.936 0.3750000000
117356  -44.837  -11.518  40.297 0.3750000000
59162  -44.739  -11.322  39.654 0.5000000000
59163  -45.323  -11.180  40.322 0.5000000000
60317  -44.771  -10.897  38.786 0.3750000000
69922  -54.120  -0.215  29.163 0.3750000000
81669  -58.399  10.721  28.336 0.5000000000
80650  -57.634  9.479  30.555 0.5000000000
79690  -56.679  9.448  29.042 0.5000000000
80679  -57.932  10.592  28.320 0.5000000000
137057  -10.298  -28.774  52.324 0.3750000000
41771  -12.052  -31.275  52.997 0.1250000000
41772  -12.959  -31.461  52.549 0.1250000000
121146  -10.987  -27.294  53.646 0.3750000000
41776  -12.413  -30.733  52.375 0.1250000000
42728  -12.990  -29.808  50.958 0.1250000000
40850  -13.766  -31.704  52.136 0.1250000000
131513  -13.118  -30.840  52.159 0.1250000000
40846  -12.968  -32.096  52.480 0.1250000000
41777  -13.632  -31.170  52.117 0.1250000000
41782  -11.810  -30.032  51.849 0.1250000000
43808  -11.795  -28.913  50.737 0.2500000000
41774  -10.685  -30.129  52.789 0.2500000000
44788  -12.949  -26.789  54.243 0.5000000000
42720  -11.032  -29.731  52.126 0.3750000000
44832  -11.184  -27.925  51.430 0.3750000000
123164  -12.580  -26.702  53.354 0.3750000000
44789  -13.914  -26.672  54.540 0.5000000000
44850  -12.721  -27.336  48.913 0.3750000000
42716  -10.013  -29.645  53.087 0.3750000000
44812  -30.678  -26.420  52.148 0.6250000000
46666  -36.568  -25.429  51.338 0.7500000000
136527  -37.320  -23.899  50.116 0.8750000000
47585  -36.767  -24.549  51.211 0.8750000000
46652  -32.624  -25.112  53.605 0.7500000000
46659  -35.264  -24.972  52.203 0.7500000000
48516  -37.230  -24.202  50.699 0.8750000000
47584  -36.229  -24.082  51.522 0.8750000000
46665  -36.067  -24.779  51.698 0.7500000000
45713  -31.680  -26.152  53.463 0.7500000000
48530  -36.918  -23.603  49.923 0.8750000000
48500  -32.530  -22.723  53.114 0.7500000000
53027  -24.657  -18.482  49.503 0.8750000000
53028  -25.526  -18.518  49.681 0.8750000000
52992  -22.091  -18.764  51.069 0.8750000000
52074  -21.533  -19.810  52.661 0.8750000000
53041  -22.871  -18.436  48.572 0.8750000000
50267  -32.744  -22.430  50.568 0.8750000000
50255  -31.461  -22.354  50.420 0.7500000000
50265  -31.005  -22.271  50.320 0.7500000000
50256  -32.440  -22.334  50.767 0.7500000000
52108  -28.956  -20.402  49.172 0.8750000000
49386  -34.353  -22.464  51.161 0.7500000000
48513  -34.731  -22.869  51.635 0.8750000000
49385  -33.478  -22.241  50.891 0.8750000000
48493  -6.291  -24.826  52.937 0.3750000000
138819  -16.439  -28.046  55.280 0.6250000000
50243  -8.407  -23.098  51.552 0.3750000000
50227  -8.002  -23.364  52.341 0.3750000000
117281  -8.844  -22.610  50.770 0.5000000000
48514  -35.829  -23.474  51.335 0.8750000000
50269  -9.188  -22.375  49.184 0.3750000000
117651  -11.866  -27.016  54.047 0.3750000000
50283  -10.276  -22.064  48.559 0.3750000000
137045  -41.780  -17.510  46.118 0.3750000000
49409  -38.963  -22.863  49.088 0.8750000000
55026  -41.286  -16.549  45.851 0.5000000000
51217  -12.917  -20.234  45.401 0.7500000000
53097  -12.046  -19.237  43.932 0.6250000000
56201  -6.547  -14.798  40.221 0.3750000000
56190  -5.472  -14.996  41.351 0.7500000000
55057  -5.334  -16.435  41.120 0.7500000000
58088  -44.232  -12.848  43.897 0.5000000000
59147  -45.141  -11.713  40.949 0.6250000000
59148  -45.597  -11.347  41.062 0.5000000000
62307  -45.914  -8.583  35.817 0.5000000000
68966  -53.567  -2.022  29.839 0.3750000000
136357  -57.806  9.979  30.158 0.5000000000
80670  -58.012  10.492  29.032 0.5000000000
49328  -20.789  -22.647  55.702 0.8750000000
50284  -11.221  -21.926  48.461 0.3750000000
50298  -12.440  -21.453  47.318 0.7500000000
58109  -44.361  -12.879  42.693 0.3750000000
58127  -44.164  -12.869  41.872 0.5000000000
61324  -44.960  -10.073  38.016 0.3750000000
80661  -57.612  10.066  29.573 0.5000000000
48548  -23.039  -23.190  47.282 0.5000000000
45747  -13.171  -26.415  50.245 0.3750000000
50296  -10.318  -21.901  47.620 0.3750000000
117506  -10.989  -21.790  46.788 0.5000000000
50309  -10.654  -21.742  45.896 0.5000000000
50323  -11.371  -21.463  45.052 0.6250000000
51224  -11.610  -20.615  43.666 0.7500000000
43795  -11.209  -28.666  51.326 0.3750000000
45716  -12.256  -26.642  51.467 0.3750000000
44833  -11.792  -27.465  50.966 0.3750000000
44813  -31.332  -26.847  52.576 0.6250000000
49389  -8.224  -23.155  50.412 0.3750000000
122678  -11.877  -21.658  46.832 0.5000000000
48547  -22.199  -23.519  47.283 0.5000000000
44799  -11.511  -27.100  52.922 0.3750000000
44816  -10.862  -27.667  52.258 0.3750000000
44817  -11.521  -27.142  51.834 0.3750000000
119156  -15.832  -26.398  51.906 0.5000000000
44790  -14.836  -26.955  54.690 0.5000000000
136001  -24.254  -22.800  48.422 0.5000000000
48506  -33.662  -23.022  52.793 0.7500000000
53131  -5.884  -18.145  40.359 0.6250000000
52199  -6.994  -19.418  39.221 0.2500000000
54115  -6.224  -17.563  39.175 0.5000000000
53155  -7.078  -18.403  38.311 0.5000000000
132738  -21.583  -24.163  48.868 0.6250000000
49393  -26.544  -22.938  50.473 0.5000000000
50240  -31.949  -22.312  51.047 0.7500000000
134429  -33.923  -22.717  52.094 0.7500000000
47575  -34.366  -24.689  52.700 0.7500000000
47576  -34.840  -24.083  52.280 0.7500000000
47574  -33.412  -24.083  53.279 0.7500000000
48507  -34.448  -23.319  52.273 0.7500000000
128245  -36.672  -23.722  50.695 0.8750000000
54137  -8.155  -17.879  37.948 0.2500000000
54138  -9.086  -18.015  38.295 0.1250000000
48526  -23.249  -23.117  49.616 0.6250000000
51185  -29.604  -21.100  50.547 0.7500000000
54104  -5.463  -16.486  40.267 0.6250000000
50239  -29.780  -21.359  51.255 0.7500000000
131822  -28.821  -19.996  51.472 0.7500000000
51181  -29.154  -20.380  50.962 0.7500000000
50253  -29.723  -21.329  50.935 0.7500000000
50264  -29.914  -21.609  50.495 0.7500000000
52098  -27.974  -19.293  49.958 0.8750000000
122016  -28.487  -22.802  52.431 0.7500000000
52076  -28.339  -19.573  52.715 0.7500000000
52999  -27.935  -18.908  51.903 0.7500000000
52997  -26.825  -18.450  51.741 0.7500000000
50223  -27.819  -21.222  53.272 0.7500000000
136363  -27.872  -19.393  53.534 0.7500000000
52060  -27.213  -19.243  54.136 0.7500000000
52976  -27.118  -18.598  53.493 0.7500000000
52968  -27.090  -18.860  54.154 0.7500000000
52987  -27.673  -18.762  52.840 0.7500000000
52985  -25.697  -18.370  53.130 0.7500000000
117149  -23.949  -18.457  49.425 0.8750000000
45706  -20.823  -26.730  53.436 0.7500000000
50237  -26.671  -21.020  52.924 0.7500000000
50236  -25.750  -20.864  52.872 0.7500000000
51160  -26.238  -19.831  54.236 0.7500000000
51175  -26.441  -20.436  53.592 0.7500000000
52058  -25.492  -19.012  54.835 0.7500000000
51149  -26.716  -19.452  54.281 0.7500000000
131459  -25.458  -18.723  54.428 0.7500000000
117543  -25.212  -18.346  52.649 0.7500000000
52975  -25.752  -18.497  53.854 0.7500000000
52994  -23.621  -18.424  51.780 0.8750000000
117151  -24.097  -18.428  50.197 0.8750000000
53059  -23.454  -18.416  48.123 0.8750000000
52056  -23.960  -19.187  55.052 0.7500000000
52052  -24.032  -19.536  55.456 0.7500000000
58087  -35.675  -13.695  44.635 0.3750000000
132265  -24.182  -21.392  54.869 0.7500000000
140869  -23.929  -21.129  55.690 0.7500000000
50192  -22.472  -21.277  56.147 0.8750000000
50204  -21.902  -21.123  55.597 0.8750000000
51141  -23.456  -20.153  55.767 0.7500000000
50195  -24.003  -20.019  55.633 0.7500000000
52055  -22.877  -19.635  54.881 0.8750000000
116577  -22.192  -19.421  53.250 0.8750000000
52063  -22.340  -19.799  54.127 0.8750000000
140583  -23.375  -19.270  54.771 0.8750000000
52981  -22.209  -18.822  51.953 0.8750000000
45708  -22.004  -26.025  53.415 0.7500000000
47564  -23.263  -24.050  53.795 0.7500000000
129452  -23.254  -23.407  55.338 0.7500000000
49316  -22.194  -22.794  56.273 0.7500000000
48484  -23.059  -23.062  55.968 0.7500000000
49331  -23.104  -22.263  56.181 0.7500000000
130613  -22.949  -21.586  56.262 0.7500000000
60211  -38.124  -11.148  44.261 0.3750000000
60252  -37.468  -11.239  42.984 0.2500000000
46646  -22.475  -25.572  53.979 0.7500000000
46635  -21.721  -24.847  56.364 0.8750000000
48472  -21.875  -23.373  56.372 0.8750000000
48483  -21.637  -22.932  56.312 0.8750000000
49329  -21.468  -22.408  56.080 0.8750000000
131892  -41.658  -11.606  42.517 0.3750000000
59098  -42.854  -12.610  43.420 0.3750000000
58094  -43.469  -12.659  42.782 0.3750000000
58125  -43.620  -11.949  41.390 0.3750000000
59161  -44.012  -11.873  40.479 0.3750000000
116713  -43.702  -11.725  39.561 0.3750000000
59201  -44.127  -11.385  36.987 0.1250000000
60336  -44.484  -10.722  37.101 0.1250000000
71542  -19.206  0.300  59.039 0.2500000000
59146  -44.532  -11.920  40.754 0.3750000000
59191  -44.142  -11.565  37.938 0.2500000000
60303  -45.020  -11.002  39.539 0.3750000000
79682  -57.247  9.568  30.126 0.5000000000
80669  -57.414  10.036  28.621 0.3750000000
43784  -10.212  -28.164  52.773 0.3750000000
42725  -10.696  -29.057  51.827 0.3750000000
43794  -10.673  -28.394  51.932 0.3750000000
45744  -37.151  -26.038  50.916 0.7500000000
47591  -37.782  -24.788  50.572 0.8750000000
48523  -37.962  -24.194  49.880 0.8750000000
45714  -33.029  -26.238  53.264 0.6250000000
47583  -35.646  -24.077  51.917 0.8750000000
48508  -35.153  -23.514  51.926 0.7500000000
46657  -33.742  -25.385  53.093 0.7500000000
46658  -34.579  -25.636  52.508 0.7500000000
135684  -33.378  -26.933  52.886 0.6250000000
45728  -33.996  -26.342  52.752 0.6250000000
139692  -35.202  -25.862  52.160 0.6250000000
45729  -34.766  -26.468  52.317 0.6250000000
42737  -34.158  -29.033  51.006 0.1250000000
43804  -35.294  -28.435  51.297 0.3750000000
44839  -35.596  -27.422  51.537 0.5000000000
44840  -36.317  -27.376  51.147 0.5000000000
126068  -37.613  -27.106  50.363 0.5000000000
45756  -38.287  -27.016  49.961 0.3750000000
45763  -38.973  -27.006  49.537 0.2500000000
130263  -39.282  -26.201  49.515 0.3750000000
129987  -39.903  -26.324  49.005 0.3750000000
133378  -31.617  -27.500  51.121 0.5000000000
43789  -31.779  -27.580  51.615 0.5000000000
44827  -31.987  -27.456  52.356 0.5000000000
42723  -32.679  -28.376  51.345 0.3750000000
43790  -32.638  -28.143  52.063 0.5000000000
43791  -33.799  -28.130  52.164 0.3750000000
42771  -30.487  -27.970  48.784 0.1250000000
42752  -31.946  -27.755  49.689 0.2500000000
41789  -33.386  -28.703  50.332 0.2500000000
43802  -33.557  -28.588  51.584 0.2500000000
43803  -34.404  -28.608  51.480 0.2500000000
42754  -33.951  -29.117  50.463 0.1250000000
45743  -36.278  -26.490  51.364 0.5000000000
45754  -36.934  -27.041  50.794 0.5000000000
45755  -37.895  -26.248  50.480 0.3750000000
129854  -38.637  -26.196  50.014 0.3750000000
46688  -38.958  -25.395  49.914 0.6250000000
46689  -39.622  -25.423  49.377 0.6250000000
49435  -42.691  -22.853  47.150 0.6250000000
41763  -9.487  -30.142  54.672 0.2500000000
42715  -9.614  -29.162  53.467 0.2500000000
41760  -9.122  -30.546  55.399 0.2500000000
41768  -9.783  -29.861  53.884 0.2500000000
43788  -31.175  -27.024  51.406 0.5000000000
44826  -31.289  -26.935  51.893 0.5000000000
41769  -10.454  -30.401  53.579 0.2500000000
43787  -30.339  -26.738  51.261 0.3750000000
43800  -29.893  -27.071  50.748 0.2500000000
43801  -31.017  -27.225  50.799 0.3750000000
42733  -29.344  -27.541  50.215 0.2500000000
42734  -30.404  -27.397  50.148 0.2500000000
44838  -34.714  -27.858  51.845 0.3750000000
133712  -28.779  -28.229  48.860 0.2500000000
44829  -34.154  -27.240  52.420 0.3750000000
45730  -35.460  -26.513  51.892 0.5000000000
46679  -38.282  -25.457  50.358 0.6250000000
47599  -38.515  -24.743  50.045 0.6250000000
138611  -39.917  -23.865  49.172 0.6250000000
45767  -13.804  -26.328  48.033 0.2500000000
45776  -13.878  -26.931  47.082 0.1250000000
45777  -14.573  -26.425  46.665 0.1250000000
44867  -14.891  -27.756  46.588 0.1250000000
42731  -28.033  -27.582  50.211 0.2500000000
43799  -28.934  -27.220  50.793 0.3750000000
44828  -33.108  -27.564  52.614 0.5000000000
42768  -26.859  -28.050  48.391 0.2500000000
42747  -27.336  -27.673  49.198 0.2500000000
123268  -28.131  -27.883  49.736 0.2500000000
139934  -25.057  -29.271  46.389 0.2500000000
42767  -26.082  -27.918  47.988 0.2500000000
41805  -26.863  -28.191  48.165 0.2500000000
137985  -27.870  -28.027  49.250 0.2500000000
48533  -39.167  -23.403  49.205 0.6250000000
50304  -42.587  -22.030  47.455 0.6250000000
42718  -9.861  -28.913  52.854 0.2500000000
44809  -29.082  -26.168  51.722 0.3750000000
140947  -15.110  -25.634  48.137 0.2500000000
44822  -28.095  -26.629  51.467 0.3750000000
44823  -28.587  -26.568  51.484 0.3750000000
46705  -15.098  -25.790  46.734 0.1250000000
46706  -15.936  -25.356  46.929 0.1250000000
45742  -27.567  -26.650  51.248 0.3750000000
44814  -32.438  -27.002  53.055 0.5000000000
44881  -15.307  -27.160  45.992 0.1250000000
45753  -26.373  -26.327  49.708 0.2500000000
44835  -27.094  -26.641  50.522 0.3750000000
44837  -28.137  -27.018  51.200 0.3750000000
134874  -16.872  -27.316  45.907 0.1250000000
126591  -26.142  -26.816  48.672 0.2500000000
43810  -26.754  -27.138  49.008 0.2500000000
41803  -25.287  -28.291  47.476 0.2500000000
141147  -25.643  -27.191  48.198 0.2500000000
42765  -24.470  -27.952  47.426 0.2500000000
43823  -25.210  -27.507  47.917 0.2500000000
38960  -21.979  -32.880  45.521 0.1250000000
44798  -10.698  -27.547  53.053 0.2500000000
47604  -17.945  -24.828  47.563 0.1250000000
46714  -15.773  -25.856  45.807 0.1250000000
46715  -16.303  -25.243  45.997 0.1250000000
47633  -17.780  -24.696  45.684 0.1250000000
45799  -16.424  -25.802  45.587 0.1250000000
123104  -17.802  -25.531  45.039 0.1250000000
47643  -19.198  -24.797  44.797 0.1250000000
138238  -21.703  -25.514  44.675 0.1250000000
46677  -26.491  -25.986  50.551 0.3750000000
45787  -17.847  -26.531  45.297 0.1250000000
45802  -19.458  -26.300  44.804 0.1250000000
45816  -20.616  -25.852  44.455 0.1250000000
46717  -22.923  -25.345  45.678 0.2500000000
46708  -23.903  -25.488  46.969 0.2500000000
44851  -25.229  -26.950  48.251 0.2500000000
44871  -19.246  -27.987  46.813 0.1250000000
45790  -20.859  -26.808  45.630 0.1250000000
44888  -22.159  -26.901  46.456 0.1250000000
45778  -22.973  -26.735  46.766 0.2500000000
45768  -23.952  -26.890  47.929 0.2500000000
138895  -19.540  -29.002  46.995 0.1250000000
43848  -20.084  -28.219  46.672 0.1250000000
43849  -21.147  -27.783  46.380 0.1250000000
43850  -22.227  -27.378  46.351 0.1250000000
43838  -23.803  -27.592  47.074 0.2500000000
129842  -20.606  -29.471  46.888 0.1250000000
41820  -21.657  -29.105  46.491 0.1250000000
126462  -22.828  -28.495  46.113 0.1250000000
41821  -23.712  -28.800  46.294 0.1250000000
40868  -20.558  -30.639  47.375 0.1250000000
140423  -22.822  -30.212  46.101 0.1250000000
40878  -23.305  -29.994  45.959 0.1250000000
39945  -21.219  -32.105  46.718 0.1250000000
39946  -21.931  -31.823  46.157 0.1250000000
40877  -22.348  -30.320  46.387 0.1250000000
47624  -19.237  -24.312  45.867 0.2500000000
47626  -21.212  -24.071  45.660 0.2500000000
45805  -22.221  -25.656  45.100 0.2500000000
45792  -22.612  -26.166  45.963 0.2500000000
69688  -36.542  -1.192  54.007 0.1250000000
70625  -36.794  -0.615  53.656 0.1250000000
116859  -36.641  -2.569  54.557 0.1250000000
70615  -36.985  -0.843  54.142 0.1250000000
70642  -37.192  -0.050  53.126 0.1250000000
69679  -37.243  -1.238  54.310 0.2500000000
71614  -37.544  0.565  52.741 0.1250000000
70626  -37.390  -0.292  53.757 0.1250000000
69689  -37.625  -0.709  54.114 0.2500000000
71615  -38.130  0.946  53.020 0.1250000000
68732  -37.308  -1.999  54.351 0.2500000000
69690  -38.361  -0.773  53.878 0.2500000000
70627  -38.036  -0.076  53.796 0.1250000000
141005  -38.369  1.403  52.604 0.1250000000
68743  -37.469  -2.912  54.180 0.2500000000
68744  -38.192  -2.593  53.854 0.2500000000
68733  -37.922  -1.452  54.221 0.2500000000
70628  -38.820  -0.081  53.528 0.2500000000
71601  -38.467  0.565  53.371 0.2500000000
66849  -38.027  -4.638  53.827 0.2500000000
67791  -38.051  -3.671  53.746 0.2500000000
120242  -38.697  -1.756  53.558 0.2500000000
71616  -39.272  0.639  53.260 0.2500000000
72568  -38.921  1.327  53.062 0.2500000000
72579  -39.738  1.915  52.633 0.2500000000
65885  -37.833  -5.531  53.823 0.2500000000
66850  -38.703  -4.481  53.152 0.2500000000
67792  -38.696  -3.504  53.330 0.2500000000
68756  -39.044  -2.782  53.136 0.2500000000
68745  -39.473  -1.970  52.873 0.2500000000
69691  -39.206  -1.001  53.341 0.2500000000
70643  -39.673  -0.231  53.093 0.2500000000
131908  -39.632  1.231  52.929 0.2500000000
128669  -40.231  1.407  52.559 0.2500000000
72591  -40.792  1.664  52.119 0.2500000000
68757  -39.739  -2.922  52.457 0.2500000000
69701  -40.030  -1.196  52.752 0.2500000000
70644  -40.308  -0.419  52.473 0.2500000000
71617  -39.999  0.565  52.816 0.2500000000
72592  -41.253  1.786  51.603 0.2500000000
120005  -40.228  -2.111  52.297 0.2500000000
69702  -40.565  -1.400  52.148 0.2500000000
70654  -40.667  -0.725  51.834 0.2500000000
71642  -40.779  -0.065  51.230 0.2500000000
68767  -40.334  -2.939  51.691 0.2500000000
68768  -40.775  -2.546  51.196 0.2500000000
69712  -40.732  -1.697  51.507 0.2500000000
70659  -40.708  -1.118  51.160 0.2500000000
64043  -32.410  -7.122  50.640 0.2500000000
64051  -32.104  -7.046  49.756 0.2500000000
64050  -31.326  -7.374  49.448 0.3750000000
64058  -30.347  -7.576  48.141 0.3750000000
67779  -35.789  -2.732  54.815 0.1250000000
69677  -36.043  -1.817  54.113 0.1250000000
69700  -36.248  -1.172  53.500 0.1250000000
67768  -35.852  -3.712  55.280 0.1250000000
70641  -36.524  -0.527  52.704 0.1250000000
71613  -37.010  0.201  52.306 0.1250000000
67780  -36.449  -3.367  54.896 0.1250000000
66831  -36.243  -4.673  55.625 0.1250000000
66840  -36.840  -4.427  55.011 0.1250000000
71629  -36.848  0.555  51.403 0.1250000000
126562  -37.335  0.735  52.099 0.1250000000
65878  -36.712  -5.419  55.187 0.1250000000
67781  -37.323  -3.753  54.425 0.1250000000
71630  -37.475  1.129  51.613 0.1250000000
72577  -37.798  1.117  52.370 0.1250000000
64927  -36.496  -6.100  55.340 0.1250000000
65879  -37.210  -5.453  54.504 0.1250000000
66841  -37.496  -4.793  54.343 0.1250000000
64934  -36.839  -6.281  54.588 0.1250000000
72589  -38.170  1.632  51.906 0.1250000000
72578  -38.902  1.839  52.444 0.1250000000
64935  -37.363  -6.077  54.027 0.2500000000
64007  -35.255  -8.216  53.262 0.1250000000
64008  -36.097  -7.936  53.381 0.1250000000
73546  -40.316  2.612  52.255 0.1250000000
72580  -40.558  2.252  52.329 0.2500000000
64021  -35.840  -7.667  52.695 0.1250000000
73555  -40.772  3.256  52.129 0.2500000000
131741  -41.283  2.616  52.110 0.2500000000
72604  -41.542  1.772  50.847 0.2500000000
64020  -34.902  -7.648  52.609 0.1250000000
73556  -41.811  3.303  51.748 0.2500000000
119670  -41.759  2.596  51.470 0.2500000000
73564  -42.124  2.559  50.666 0.2500000000
64019  -33.953  -7.549  52.657 0.1250000000
64034  -34.325  -6.948  52.074 0.1250000000
73565  -42.291  3.334  51.271 0.2500000000
64033  -33.423  -7.116  51.947 0.1250000000
64044  -33.094  -6.963  51.161 0.1250000000
64042  -31.493  -7.508  50.370 0.1250000000
64049  -30.571  -7.716  49.036 0.3750000000
63073  -30.577  -8.034  50.074 0.2500000000
63082  -29.966  -8.026  48.697 0.3750000000
63095  -29.671  -8.145  48.040 0.3750000000
137781  -29.282  -8.819  48.003 0.3750000000
139409  -28.408  -8.863  45.640 0.3750000000
63109  -29.257  -8.133  46.608 0.3750000000
131645  -35.924  -4.920  56.170 0.1250000000
70652  -36.020  -0.845  51.712 0.1250000000
70653  -36.495  -0.168  51.668 0.1250000000
65871  -35.952  -5.553  56.504 0.1250000000
138298  -36.037  -0.416  51.040 0.1250000000
140179  -36.318  0.076  50.928 0.1250000000
64920  -35.753  -6.466  56.575 0.1250000000
65872  -36.316  -5.484  55.852 0.1250000000
71639  -35.807  -0.191  50.248 0.1250000000
70664  -35.437  -0.281  49.272 0.1250000000
71640  -36.452  0.421  50.428 0.1250000000
71650  -36.727  0.695  49.745 0.1250000000
71641  -37.138  1.035  50.661 0.1250000000
137371  -34.806  -7.911  56.176 0.1250000000
72603  -37.783  1.528  50.307 0.1250000000
127686  -37.769  1.472  51.131 0.1250000000
63023  -34.567  -8.547  55.637 0.1250000000
64926  -36.203  -6.316  55.938 0.1250000000
63018  -33.254  -8.880  56.385 0.1250000000
63022  -33.897  -9.038  55.749 0.1250000000
63024  -35.008  -8.306  55.213 0.1250000000
64933  -36.164  -6.893  55.005 0.1250000000
63999  -35.991  -7.709  54.228 0.1250000000
64000  -36.641  -7.053  54.243 0.1250000000
125717  -38.449  1.963  51.053 0.1250000000
73553  -39.303  2.492  51.466 0.1250000000
73563  -39.929  3.128  50.987 0.1250000000
122381  -32.382  -9.898  55.974 0.1250000000
62085  -33.113  -9.420  55.793 0.1250000000
62092  -34.176  -9.033  55.269 0.1250000000
63029  -34.622  -8.759  54.978 0.1250000000
63030  -35.221  -8.340  54.594 0.1250000000
73545  -39.515  2.342  52.146 0.1250000000
73554  -40.059  2.954  51.902 0.1250000000
61127  -31.680  -10.304  56.190 0.1250000000
61136  -32.078  -10.192  55.578 0.1250000000
62090  -32.781  -9.689  55.275 0.1250000000
62098  -33.452  -9.360  54.802 0.1250000000
62108  -33.978  -9.067  54.242 0.1250000000
120483  -34.449  -8.607  53.624 0.1250000000
61135  -31.351  -10.696  55.527 0.1250000000
61143  -31.994  -10.162  55.025 0.1250000000
62097  -32.600  -9.628  54.684 0.1250000000
62107  -33.128  -9.078  54.300 0.1250000000
63037  -33.597  -8.732  53.714 0.1250000000
63050  -34.519  -8.150  53.044 0.1250000000
74559  -41.288  3.836  51.636 0.2500000000
60091  -30.765  -11.225  55.104 0.1250000000
61142  -31.257  -10.742  54.730 0.1250000000
61150  -31.714  -10.006  54.425 0.1250000000
62106  -32.214  -9.332  54.114 0.1250000000
63036  -32.707  -8.736  53.694 0.1250000000
63049  -33.797  -8.283  53.167 0.1250000000
75503  -41.886  4.320  51.437 0.2500000000
60090  -30.111  -11.499  55.017 0.1250000000
130028  -30.381  -11.066  53.754 0.1250000000
61149  -30.961  -10.575  54.074 0.1250000000
62105  -31.377  -9.794  53.750 0.1250000000
62116  -31.825  -9.005  53.415 0.1250000000
63048  -32.349  -8.403  52.986 0.1250000000
64018  -33.006  -7.865  52.571 0.1250000000
74567  -42.704  4.185  51.038 0.2500000000
61148  -30.623  -10.360  53.409 0.1250000000
62115  -30.980  -9.482  53.043 0.1250000000
63047  -31.472  -8.686  52.646 0.1250000000
63058  -31.981  -7.937  52.236 0.1250000000
64032  -32.574  -7.405  51.627 0.1250000000
61155  -29.981  -11.041  53.164 0.1250000000
62114  -30.279  -10.189  52.640 0.1250000000
62124  -30.702  -9.200  52.233 0.1250000000
63057  -31.203  -8.374  51.839 0.1250000000
64031  -31.739  -7.703  51.286 0.1250000000
130450  -29.660  -11.304  52.193 0.1250000000
62123  -30.060  -9.827  51.664 0.1250000000
63056  -30.612  -8.871  51.522 0.1250000000
63065  -30.908  -8.123  51.030 0.1250000000
63064  -30.295  -8.922  50.858 0.1250000000
62139  -29.942  -8.983  50.088 0.2500000000
63072  -30.008  -8.383  49.365 0.2500000000
62177  -28.837  -8.833  46.828 0.3750000000
62160  -28.887  -9.177  47.562 0.3750000000
62200  -27.781  -9.723  44.646 0.5000000000
120832  -28.388  -9.268  46.273 0.3750000000
62176  -28.434  -9.628  47.046 0.3750000000
134247  -35.311  -3.161  54.955 0.1250000000
68730  -35.705  -2.336  54.491 0.1250000000
69699  -35.589  -1.737  53.486 0.1250000000
64919  -35.090  -6.575  57.036 0.1250000000
66816  -35.387  -4.898  56.479 0.1250000000
69717  -35.427  -0.961  50.718 0.1250000000
120034  -36.463  0.461  49.065 0.1250000000
72616  -37.098  0.833  48.935 0.1250000000
63976  -33.808  -7.489  57.080 0.1250000000
64907  -34.282  -6.656  57.230 0.1250000000
70663  -34.706  -0.840  49.011 0.1250000000
121670  -35.178  -0.687  49.822 0.1250000000
71649  -36.090  0.223  49.566 0.1250000000
71651  -37.285  1.131  49.779 0.1250000000
63006  -32.484  -8.652  57.124 0.1250000000
63019  -34.095  -8.277  56.391 0.1250000000
63977  -34.656  -7.401  56.782 0.1250000000
70678  -34.782  -0.388  47.707 0.1250000000
70672  -35.092  -0.357  48.407 0.1250000000
71658  -35.855  0.157  48.611 0.1250000000
71659  -36.521  0.516  48.465 0.1250000000
72617  -37.841  1.488  49.251 0.1250000000
72627  -37.602  1.247  48.283 0.1250000000
71664  -35.390  0.010  47.776 0.1250000000
135818  -38.499  1.962  49.130 0.1250000000
62071  -31.655  -9.282  57.197 0.1250000000
72618  -38.430  1.969  49.965 0.1250000000
127165  -39.584  2.996  49.916 0.1250000000
62084  -31.209  -9.972  56.872 0.1250000000
122776  -40.557  3.992  49.812 0.1250000000
137795  -40.152  3.500  50.192 0.1250000000
61134  -30.461  -11.068  55.713 0.1250000000
61126  -30.856  -10.534  56.343 0.1250000000
75541  -40.930  4.491  49.243 0.1250000000
75530  -41.241  4.564  50.206 0.1250000000
74566  -40.751  3.905  50.857 0.1250000000
61141  -29.477  -11.426  54.767 0.1250000000
76571  -41.981  5.826  48.084 0.1250000000
75542  -41.656  5.108  49.556 0.1250000000
75531  -41.971  5.098  50.469 0.1250000000
61146  -28.114  -10.911  53.298 0.1250000000
60096  -29.146  -11.699  54.028 0.1250000000
76572  -42.893  6.528  48.233 0.1250000000
76554  -42.495  5.571  49.702 0.1250000000
76536  -42.922  5.181  50.401 0.2500000000
60103  -28.327  -11.636  52.897 0.1250000000
61147  -28.609  -11.440  53.696 0.1250000000
60097  -29.723  -11.661  54.255 0.1250000000
60106  -29.921  -11.565  53.703 0.1250000000
77573  -43.600  6.573  48.546 0.1250000000
61160  -27.456  -11.338  51.758 0.1250000000
60111  -28.644  -12.094  52.337 0.1250000000
60112  -29.183  -12.068  52.558 0.1250000000
60113  -29.538  -11.604  53.056 0.1250000000
60116  -27.168  -11.458  51.071 0.1250000000
60117  -27.639  -12.098  51.240 0.1250000000
59003  -28.919  -12.504  51.751 0.1250000000
60118  -29.266  -12.316  51.693 0.1250000000
61168  -29.352  -10.994  50.480 0.2500000000
121210  -28.147  -12.594  51.002 0.1250000000
59006  -28.739  -12.765  51.142 0.1250000000
61161  -29.467  -11.855  51.244 0.1250000000
61162  -29.643  -10.754  51.293 0.2500000000
62131  -29.703  -9.822  50.761 0.1250000000
63071  -29.642  -9.107  49.451 0.2500000000
61190  -28.995  -10.438  48.839 0.3750000000
123539  -29.292  -9.716  49.135 0.3750000000
62145  -28.554  -9.898  47.740 0.3750000000
61201  -28.085  -10.529  47.404 0.3750000000
140531  -27.729  -10.377  45.803 0.3750000000
61220  -27.938  -10.250  46.433 0.3750000000
125244  -27.339  -11.041  43.757 0.5000000000
68729  -35.295  -2.717  54.623 0.1250000000
70640  -35.821  -1.270  52.628 0.1250000000
66830  -35.506  -4.375  55.783 0.1250000000
69711  -35.381  -1.526  51.663 0.1250000000
65865  -35.309  -5.656  56.978 0.1250000000
70658  -34.658  -1.331  49.902 0.1250000000
72626  -36.987  0.765  48.016 0.1250000000
72635  -37.414  1.115  47.563 0.1250000000
70677  -34.128  -0.658  47.197 0.1250000000
70671  -34.406  -0.717  48.109 0.1250000000
71665  -36.196  0.427  47.707 0.1250000000
72634  -36.872  0.815  47.180 0.1250000000
72636  -38.023  1.511  47.577 0.1250000000
70684  -34.553  -0.320  46.341 0.1250000000
138424  -35.038  -0.062  46.390 0.1250000000
137159  -35.629  0.213  47.142 0.1250000000
71670  -35.481  0.212  46.467 0.1250000000
72628  -38.295  1.742  48.396 0.1250000000
70692  -34.243  -0.348  45.421 0.1250000000
71669  -35.093  0.079  45.737 0.1250000000
129607  -35.489  0.482  44.900 0.1250000000
72645  -38.357  1.727  46.862 0.1250000000
73596  -38.784  2.115  47.583 0.1250000000
73584  -38.933  2.291  48.577 0.1250000000
70699  -33.590  -0.658  44.767 0.1250000000
74579  -40.607  4.233  48.405 0.1250000000
128416  -40.019  3.498  48.397 0.1250000000
61125  -30.066  -10.605  56.370 0.1250000000
74587  -40.318  3.924  47.609 0.1250000000
125820  -29.511  -10.305  56.093 0.1250000000
76585  -41.155  5.338  46.330 0.1250000000
76570  -41.229  5.150  47.426 0.1250000000
61140  -28.871  -11.176  54.486 0.1250000000
76586  -41.805  6.199  46.345 0.1250000000
77583  -42.312  6.392  47.249 0.1250000000
61154  -27.737  -11.146  52.571 0.1250000000
62103  -28.107  -9.863  53.490 0.1250000000
137094  -42.947  6.850  47.265 0.1250000000
77584  -43.572  6.933  47.649 0.1250000000
61167  -26.678  -10.961  50.631 0.1250000000
77585  -44.083  6.863  47.791 0.1250000000
61177  -26.195  -10.433  49.279 0.1250000000
123496  -25.816  -9.698  48.720 0.1250000000
61178  -26.461  -11.252  49.872 0.1250000000
60124  -27.021  -11.914  50.426 0.1250000000
59024  -27.709  -12.617  49.821 0.2500000000
60136  -29.047  -11.787  49.796 0.2500000000
61188  -25.930  -11.271  47.991 0.1250000000
60143  -26.639  -12.039  48.868 0.1250000000
117412  -27.103  -12.406  49.279 0.2500000000
60125  -28.786  -12.553  50.094 0.2500000000
59033  -26.238  -11.893  48.006 0.1250000000
59034  -26.733  -12.121  48.465 0.1250000000
60144  -27.675  -12.263  48.435 0.2500000000
60135  -28.681  -12.312  49.297 0.2500000000
61180  -29.137  -10.681  49.528 0.2500000000
62138  -29.452  -9.831  49.932 0.2500000000
59049  -25.772  -12.115  47.029 0.1250000000
59042  -26.336  -12.090  47.547 0.3750000000
120461  -26.964  -12.147  48.011 0.3750000000
60145  -28.391  -11.940  48.627 0.2500000000
61189  -28.525  -10.758  48.278 0.2500000000
120006  -25.403  -12.349  45.605 0.2500000000
59051  -26.573  -12.334  46.386 0.3750000000
136935  -27.060  -12.109  46.837 0.3750000000
60153  -27.852  -11.524  47.901 0.2500000000
133610  -25.543  -12.550  45.020 0.3750000000
59058  -25.875  -12.518  45.828 0.3750000000
60165  -27.114  -11.882  46.175 0.3750000000
61200  -27.489  -11.360  46.921 0.3750000000
124810  -25.656  -12.789  44.226 0.5000000000
59072  -26.132  -12.632  44.906 0.3750000000
59073  -26.869  -12.143  44.699 0.3750000000
60184  -27.204  -11.630  45.348 0.3750000000
61219  -27.480  -11.030  45.991 0.3750000000
59093  -26.455  -12.557  44.030 0.5000000000
60207  -27.284  -11.352  44.540 0.5000000000
68742  -35.401  -2.283  54.177 0.1250000000
68741  -34.563  -2.898  54.130 0.1250000000
66829  -34.737  -4.399  55.934 0.1250000000
69698  -35.162  -1.898  52.583 0.1250000000
69716  -34.849  -1.779  50.832 0.1250000000
64906  -33.461  -6.670  57.490 0.1250000000
69724  -34.202  -1.365  49.153 0.1250000000
137373  -32.094  -8.155  57.680 0.1250000000
63975  -32.842  -7.619  57.454 0.1250000000
72643  -36.887  0.837  46.286 0.1250000000
72644  -37.595  1.264  46.802 0.1250000000
63004  -31.082  -8.705  57.778 0.1250000000
128133  -33.461  -0.981  46.751 0.1250000000
71690  -36.292  0.866  44.806 0.1250000000
71678  -36.020  0.599  45.766 0.1250000000
73620  -39.119  2.462  46.230 0.1250000000
62069  -30.038  -9.405  57.348 0.1250000000
73607  -38.860  2.208  46.763 0.1250000000
73608  -39.426  2.760  46.947 0.1250000000
61124  -29.748  -9.865  56.871 0.1250000000
74607  -39.568  3.206  45.820 0.1250000000
74596  -39.982  3.593  46.801 0.1250000000
62082  -29.210  -9.359  56.549 0.1250000000
63021  -28.701  -8.661  55.928 0.1250000000
138311  -40.125  3.988  46.109 0.1250000000
75558  -40.563  4.459  46.830 0.1250000000
62096  -28.732  -10.221  54.827 0.1250000000
62104  -28.459  -10.578  54.031 0.1250000000
63035  -28.410  -9.342  54.275 0.1250000000
140820  -40.809  5.363  45.423 0.1250000000
63046  -27.506  -9.264  52.279 0.1250000000
62122  -27.440  -10.327  52.020 0.1250000000
62113  -27.762  -10.168  52.798 0.1250000000
62121  -27.084  -9.420  51.429 0.1250000000
62130  -26.701  -9.909  50.772 0.1250000000
62137  -26.386  -10.198  50.084 0.1250000000
67766  -34.344  -3.945  55.247 0.1250000000
67778  -34.788  -3.272  54.837 0.1250000000
68740  -34.326  -2.763  53.220 0.1250000000
68755  -34.931  -2.304  53.413 0.1250000000
68754  -34.520  -2.477  52.536 0.1250000000
66815  -34.452  -5.076  56.730 0.1250000000
69710  -34.749  -2.188  51.684 0.1250000000
65855  -33.897  -6.081  57.428 0.1250000000
68780  -34.002  -1.913  49.588 0.1250000000
72650  -36.947  0.947  45.378 0.1250000000
131429  -37.558  1.308  45.889 0.1250000000
127050  -31.431  -8.147  58.035 0.1250000000
70670  -33.858  -1.019  47.854 0.1250000000
135511  -38.070  1.592  46.274 0.1250000000
72652  -38.201  1.760  45.630 0.1250000000
63003  -29.965  -8.627  57.780 0.1250000000
70683  -33.851  -0.692  46.232 0.1250000000
71689  -35.848  0.827  44.101 0.1250000000
136758  -36.979  1.194  44.655 0.1250000000
72651  -37.671  1.502  44.985 0.1250000000
74619  -39.183  2.976  44.981 0.1250000000
118250  -28.725  -9.261  55.087 0.1250000000
74620  -39.516  3.672  44.821 0.1250000000
63034  -27.926  -8.796  53.568 0.1250000000
75580  -40.334  4.915  44.940 0.1250000000
75579  -39.257  4.282  44.051 0.1250000000
67777  -34.084  -3.598  54.674 0.1250000000
65864  -34.531  -5.890  57.231 0.1250000000
123211  -34.311  -2.493  50.921 0.1250000000
65854  -33.159  -5.893  57.728 0.1250000000
63966  -32.053  -7.455  58.070 0.1250000000
69737  -33.361  -1.186  47.378 0.1250000000
62993  -30.639  -8.142  58.269 0.1250000000
69752  -33.186  -1.086  46.064 0.1250000000
63002  -29.440  -8.097  57.716 0.1250000000
70691  -33.565  -0.795  45.532 0.1250000000
72660  -37.355  1.647  44.147 0.1250000000
73618  -38.324  2.014  44.999 0.1250000000
63998  -27.728  -7.602  54.620 0.1250000000
63991  -28.215  -7.675  55.508 0.1250000000
136467  -38.644  3.671  43.635 0.1250000000
120164  -27.371  -8.302  52.875 0.1250000000
64017  -26.571  -7.555  52.539 0.1250000000
64956  -25.265  -6.831  51.456 0.1250000000
73655  -50.270  2.890  42.387 0.5000000000
128787  -33.785  -3.578  54.068 0.1250000000
66814  -33.342  -5.088  56.760 0.1250000000
65863  -33.783  -5.558  57.251 0.1250000000
64905  -32.690  -6.641  57.909 0.1250000000
69728  -33.390  -1.453  48.097 0.1250000000
63965  -30.183  -7.639  58.714 0.1250000000
69746  -32.805  -1.303  46.743 0.1250000000
69736  -32.508  -1.790  47.549 0.1250000000
62992  -29.709  -7.941  58.157 0.1250000000
135249  -30.037  -8.100  58.290 0.1250000000
69751  -32.409  -1.348  45.953 0.1250000000
63974  -28.940  -7.316  57.509 0.1250000000
64006  -27.499  -7.895  53.780 0.1250000000
64940  -27.128  -7.085  54.072 0.1250000000
64931  -26.953  -6.356  54.338 0.1250000000
64939  -26.588  -6.540  53.706 0.1250000000
64938  -26.090  -5.995  53.386 0.1250000000
123873  -25.258  -6.442  52.080 0.1250000000
64966  -24.457  -6.318  50.700 0.1250000000
64955  -24.760  -5.792  51.929 0.1250000000
65916  -24.323  -5.795  51.252 0.1250000000
64965  -23.916  -5.779  50.551 0.1250000000
65900  -23.788  -5.188  51.057 0.1250000000
64894  -29.360  -6.908  58.766 0.1250000000
116696  -32.001  -1.415  45.151 0.1250000000
65915  -23.307  -5.291  50.384 0.1250000000
135118  -39.448  -23.947  49.305 0.6250000000
47600  -39.237  -24.663  49.621 0.6250000000
65886  -38.357  -5.236  53.338 0.2500000000
67805  -39.712  -3.738  51.924 0.2500000000
63108  -28.760  -8.486  46.104 0.3750000000
128692  -29.307  -8.447  47.367 0.3750000000
71643  -41.055  0.912  50.984 0.2500000000
76573  -43.963  6.379  48.520 0.2500000000
76545  -43.018  5.629  49.907 0.1250000000
76556  -43.471  6.000  49.253 0.2500000000
117451  -25.672  -10.165  47.813 0.1250000000
60151  -25.781  -11.790  47.432 0.1250000000
46682  -14.773  -25.768  48.668 0.2500000000
46707  -16.957  -24.989  47.018 0.1250000000
47622  -17.777  -24.671  46.569 0.1250000000
47625  -20.172  -24.213  45.642 0.2500000000
47623  -18.472  -24.445  46.151 0.2500000000
47637  -21.702  -24.390  44.996 0.2500000000
46726  -22.580  -25.025  45.192 0.2500000000
46709  -24.589  -25.140  47.502 0.2500000000
46699  -25.238  -25.249  48.158 0.2500000000
45770  -25.175  -26.057  48.443 0.2500000000
45762  -25.936  -26.288  48.967 0.2500000000
44857  -12.980  -27.481  48.177 0.1250000000
121605  -26.124  -25.914  49.757 0.2500000000
45793  -23.294  -25.840  46.430 0.2500000000
131194  -35.820  -25.674  51.791 0.6250000000
46667  -37.240  -25.120  50.981 0.7500000000
46678  -37.693  -25.503  50.699 0.6250000000
44830  -35.003  -27.136  52.095 0.5000000000
42722  -32.053  -27.976  51.127 0.3750000000
42736  -33.410  -28.765  50.941 0.3750000000
42750  -29.894  -27.781  49.489 0.1250000000
43786  -29.413  -26.757  51.192 0.3750000000
42732  -28.496  -27.632  50.287 0.2500000000
42770  -29.486  -28.173  48.858 0.2500000000
123629  -38.780  -24.119  49.524 0.6250000000
45766  -13.269  -26.988  47.748 0.1250000000
44880  -14.600  -27.103  46.482 0.1250000000
43843  -14.585  -28.235  47.308 0.1250000000
46694  -15.453  -25.515  47.679 0.1250000000
44868  -15.915  -27.821  46.488 0.1250000000
42748  -27.706  -27.726  49.611 0.2500000000
43796  -27.451  -27.004  50.257 0.2500000000
44836  -27.799  -26.976  51.120 0.3750000000
43798  -28.252  -27.324  50.815 0.3750000000
139120  -27.086  -26.832  49.831 0.2500000000
42769  -27.383  -27.957  48.941 0.2500000000
44882  -16.215  -27.236  45.891 0.1250000000
44852  -26.029  -26.513  48.823 0.2500000000
44834  -26.732  -26.420  50.343 0.2500000000
45800  -17.121  -25.864  45.261 0.1250000000
44883  -17.541  -27.360  45.934 0.1250000000
44869  -17.040  -27.852  46.517 0.1250000000
139269  -23.875  -27.865  46.797 0.2500000000
41822  -24.628  -28.747  46.862 0.1250000000
44859  -23.946  -27.341  47.620 0.2500000000
44860  -24.561  -27.078  48.134 0.2500000000
46716  -17.087  -24.812  46.035 0.1250000000
46724  -17.143  -25.180  45.464 0.1250000000
47634  -18.615  -24.601  45.261 0.1250000000
45801  -18.580  -26.006  44.800 0.1250000000
45815  -19.891  -25.875  44.470 0.1250000000
138714  -20.075  -24.360  45.002 0.2500000000
47645  -20.722  -24.813  44.414 0.1250000000
45804  -21.300  -26.106  44.792 0.1250000000
44884  -18.564  -27.404  46.026 0.1250000000
45788  -18.943  -26.724  45.351 0.1250000000
45789  -19.878  -26.770  45.444 0.1250000000
44885  -19.530  -27.287  46.139 0.1250000000
44875  -23.406  -27.179  47.318 0.2500000000
45769  -24.585  -26.543  48.262 0.2500000000
44872  -20.765  -27.755  46.563 0.1250000000
126933  -20.167  -27.653  46.578 0.1250000000
44887  -21.362  -26.959  46.203 0.1250000000
43837  -22.016  -27.920  46.180 0.1250000000
141183  -22.973  -27.454  46.344 0.1250000000
41818  -20.067  -30.021  47.359 0.1250000000
42779  -20.597  -29.003  46.546 0.1250000000
42780  -21.779  -28.398  46.190 0.1250000000
39933  -21.546  -30.448  46.886 0.1250000000
40869  -22.992  -29.635  46.102 0.1250000000
67804  -39.271  -3.756  52.733 0.2500000000
71631  -40.504  0.510  52.111 0.2500000000
71632  -40.828  0.996  51.611 0.2500000000
68758  -40.638  -2.157  51.779 0.2500000000
63039  -35.449  -8.347  53.870 0.1250000000
74558  -40.563  3.453  51.606 0.1250000000
73557  -42.217  3.839  51.495 0.2500000000
63081  -29.540  -8.795  48.727 0.2500000000
62146  -29.003  -9.626  48.334 0.3750000000
62188  -28.003  -9.693  45.566 0.3750000000
63987  -35.837  -7.175  55.883 0.1250000000
62091  -33.649  -9.318  55.254 0.1250000000
63993  -35.527  -7.714  55.079 0.1250000000
73562  -39.110  2.481  50.500 0.1250000000
62099  -34.133  -9.155  54.823 0.1250000000
63038  -34.722  -8.792  54.259 0.1250000000
75516  -41.592  4.503  51.051 0.1250000000
75517  -42.185  4.819  51.062 0.2500000000
61252  -27.510  -10.513  44.368 0.5000000000
70685  -35.005  -0.180  47.011 0.1250000000
73573  -39.002  2.412  49.494 0.1250000000
62070  -30.689  -9.279  57.474 0.1250000000
73585  -39.496  2.894  48.940 0.1250000000
127196  -40.769  4.562  47.746 0.1250000000
75549  -41.303  4.989  48.485 0.1250000000
61132  -29.213  -10.764  55.266 0.1250000000
119395  -41.983  5.569  48.979 0.1250000000
117027  -42.541  6.025  48.919 0.1250000000
118439  -41.692  5.768  47.083 0.1250000000
76535  -42.580  5.229  50.478 0.1250000000
60104  -28.912  -11.822  53.172 0.1250000000
76555  -43.079  6.198  49.225 0.1250000000
60110  -27.962  -11.910  52.138 0.1250000000
61159  -27.111  -10.609  51.264 0.1250000000
59015  -27.649  -12.472  50.477 0.1250000000
60126  -29.200  -12.266  50.604 0.1250000000
69729  -34.035  -1.174  48.491 0.1250000000
71671  -36.171  0.518  46.753 0.1250000000
127463  -34.826  0.051  44.907 0.1250000000
73597  -39.446  2.770  47.981 0.1250000000
137149  -26.000  -10.612  48.542 0.1250000000
60134  -26.762  -12.019  49.580 0.1250000000
60133  -26.382  -11.415  48.870 0.1250000000
59035  -27.738  -12.606  49.145 0.2500000000
61179  -28.889  -11.421  48.990 0.2500000000
137697  -27.241  -12.362  48.724 0.2500000000
60152  -27.255  -12.031  47.556 0.2500000000
59050  -26.026  -12.308  46.710 0.3750000000
59057  -25.592  -12.307  46.318 0.3750000000
59059  -26.659  -12.271  45.554 0.3750000000
73619  -38.847  2.389  45.486 0.1250000000
63017  -29.495  -8.992  57.298 0.1250000000
74586  -39.829  3.312  47.537 0.1250000000
75567  -39.975  4.126  45.341 0.1250000000
63016  -28.953  -8.414  57.043 0.1250000000
75568  -40.481  4.673  45.815 0.1250000000
63027  -27.989  -8.395  54.234 0.1250000000
63028  -28.360  -8.448  54.920 0.1250000000
76607  -40.665  5.981  44.660 0.1250000000
63985  -28.562  -7.608  56.481 0.1250000000
75578  -38.960  3.313  44.327 0.1250000000
134141  -38.643  2.585  44.661 0.1250000000
137994  -39.773  4.445  44.657 0.1250000000
64005  -26.880  -7.326  53.333 0.1250000000
70690  -32.892  -1.130  45.166 0.1250000000
64925  -28.158  -6.854  55.929 0.1250000000
63990  -27.750  -6.923  55.183 0.1250000000
64924  -27.735  -6.325  55.544 0.1250000000
44846  -37.227  -28.008  50.379 0.2500000000
56183  -39.658  -16.562  44.378 0.3750000000
56182  -38.914  -15.913  43.694 0.3750000000
55044  -39.041  -16.716  43.454 0.3750000000
55053  -38.559  -16.991  42.735 0.3750000000
56181  -38.441  -15.585  43.105 0.3750000000
56173  -38.737  -15.426  44.326 0.3750000000
46736  -8.530  -24.477  42.682 0.3750000000
50322  -9.255  -21.864  45.334 0.5000000000
50337  -9.562  -21.791  44.321 0.5000000000
49446  -8.653  -22.781  45.135 0.3750000000
57163  -37.148  -14.726  44.274 0.3750000000
57164  -37.958  -15.064  44.604 0.3750000000
141049  -10.348  -21.492  44.011 0.3750000000
50336  -8.934  -22.130  44.641 0.3750000000
135656  -8.070  -23.153  43.493 0.3750000000
47651  -9.001  -24.404  43.741 0.2500000000
57172  -36.416  -14.367  43.850 0.2500000000
57173  -37.237  -14.717  43.426 0.2500000000
51232  -9.183  -21.176  42.564 0.3750000000
117046  -8.978  -21.792  43.609 0.3750000000
49450  -8.383  -22.826  44.020 0.3750000000
47650  -8.244  -24.021  42.961 0.3750000000
126457  -7.740  -22.123  42.754 0.3750000000
48564  -7.859  -22.924  43.321 0.3750000000
47649  -7.693  -23.615  42.423 0.3750000000
49452  -7.190  -22.918  42.401 0.3750000000
50347  -7.064  -22.368  42.303 0.3750000000
132101  -36.458  -14.497  45.377 0.3750000000
57162  -36.445  -14.496  44.717 0.2500000000
51234  -11.192  -20.173  42.983 0.3750000000
136411  -36.133  -13.994  43.240 0.2500000000
51233  -10.304  -20.626  42.698 0.3750000000
52164  -7.440  -19.429  40.942 0.5000000000
52165  -8.390  -19.545  41.278 0.3750000000
52166  -9.197  -19.658  41.545 0.3750000000
51246  -9.731  -20.213  41.960 0.3750000000
50355  -7.302  -21.646  42.055 0.3750000000
57161  -35.938  -14.233  45.128 0.2500000000
59095  -35.601  -13.120  44.002 0.2500000000
123594  -35.782  -13.296  43.062 0.2500000000
131051  -8.007  -18.749  41.212 0.5000000000
58105  -35.769  -13.255  41.983 0.1250000000
59119  -35.720  -12.400  42.500 0.2500000000
123548  -40.437  -10.270  40.678 0.2500000000
129569  -41.469  -10.494  40.582 0.2500000000
60302  -42.106  -10.565  39.715 0.2500000000
59174  -42.446  -11.168  38.289 0.2500000000
63255  -46.218  -8.368  31.912 0.2500000000
63249  -46.147  -8.281  32.667 0.2500000000
126620  -46.879  -7.890  32.395 0.3750000000
63240  -46.923  -8.059  33.188 0.3750000000
63251  -47.739  -7.944  32.880 0.5000000000
62342  -46.816  -9.116  30.043 0.2500000000
63261  -46.306  -8.480  31.222 0.3750000000
64206  -47.723  -7.339  31.804 0.5000000000
64207  -48.400  -7.096  31.634 0.5000000000
130904  -47.322  -8.383  29.707 0.3750000000
63268  -47.392  -7.649  30.121 0.5000000000
64225  -47.836  -7.142  30.182 0.5000000000
64226  -48.408  -6.801  29.835 0.5000000000
63276  -48.045  -8.789  28.897 0.1250000000
63269  -47.972  -7.652  29.445 0.5000000000
64233  -48.791  -7.146  28.942 0.3750000000
64227  -49.142  -6.398  29.547 0.5000000000
66105  -51.121  -5.734  25.943 0.1250000000
66087  -51.682  -5.699  27.145 0.2500000000
67094  -52.035  -3.328  27.453 0.2500000000
63252  -49.280  -7.985  32.747 0.5000000000
64200  -49.288  -7.457  32.120 0.5000000000
64199  -48.412  -7.624  32.422 0.5000000000
64208  -49.185  -6.833  31.369 0.5000000000
65138  -50.933  -6.831  31.313 0.5000000000
64217  -48.337  -6.804  30.748 0.5000000000
64218  -49.074  -6.417  30.482 0.5000000000
65145  -49.853  -6.115  30.189 0.5000000000
65153  -50.680  -5.966  29.871 0.5000000000
65147  -51.276  -6.212  30.644 0.6250000000
66067  -52.074  -5.531  30.037 0.3750000000
62359  -48.459  -9.054  27.758 0.1250000000
63278  -49.161  -8.162  27.637 0.1250000000
140629  -49.046  -7.704  28.353 0.3750000000
128471  -49.457  -6.627  28.850 0.3750000000
125315  -50.559  -6.039  29.066 0.3750000000
65154  -51.211  -5.877  29.206 0.3750000000
66072  -51.741  -5.602  29.290 0.3750000000
66074  -52.572  -5.091  30.232 0.3750000000
136238  -48.813  -8.644  26.853 0.1250000000
64241  -49.812  -7.583  27.258 0.2500000000
64235  -50.196  -6.463  28.460 0.3750000000
65160  -50.986  -6.023  28.521 0.3750000000
66080  -51.942  -5.338  28.611 0.3750000000
67082  -52.204  -4.698  29.055 0.3750000000
131302  -52.689  -3.942  30.046 0.3750000000
64252  -49.183  -7.891  26.314 0.1250000000
64253  -49.780  -7.505  26.543 0.1250000000
65175  -50.670  -6.645  26.487 0.2500000000
65167  -51.321  -6.212  27.288 0.2500000000
66088  -51.974  -5.125  27.740 0.2500000000
132263  -52.185  -4.485  28.335 0.2500000000
67083  -52.412  -3.881  29.139 0.3750000000
68042  -52.836  -3.254  29.705 0.3750000000
64268  -49.533  -7.183  25.905 0.1250000000
65174  -50.225  -6.936  26.121 0.2500000000
120807  -52.098  -4.184  27.565 0.2500000000
68051  -52.526  -2.960  28.799 0.2500000000
68043  -53.397  -2.865  30.190 0.3750000000
68058  -52.681  -2.188  28.484 0.2500000000
68052  -53.030  -2.472  29.327 0.2500000000
78718  -54.926  7.592  32.924 0.3750000000
52141  -11.338  -19.196  43.034 0.5000000000
53120  -9.001  -18.775  41.546 0.3750000000
52147  -9.882  -19.238  41.871 0.5000000000
51247  -10.593  -19.692  42.397 0.5000000000
56174  -39.321  -15.773  44.635 0.5000000000
57155  -37.115  -14.747  45.179 0.3750000000
65137  -49.951  -6.480  31.059 0.5000000000
133547  -52.015  -6.025  30.627 0.6250000000
67076  -52.456  -4.561  29.782 0.3750000000
69921  -53.514  -1.001  28.642 0.3750000000
117523  -10.269  -21.683  44.934 0.5000000000
50338  -11.138  -21.319  44.169 0.5000000000
59096  -36.000  -11.970  43.278 0.2500000000
60316  -42.054  -10.484  38.744 0.2500000000
68979  -53.292  -1.743  28.932 0.2500000000
50349  -10.840  -21.007  43.375 0.5000000000
57171  -35.942  -14.197  44.454 0.2500000000
126651  -37.764  -14.967  43.815 0.2500000000
50321  -8.877  -21.952  45.917 0.5000000000
50335  -8.703  -22.510  44.904 0.3750000000
130711  -8.470  -23.028  44.291 0.3750000000
50348  -9.867  -21.356  43.404 0.3750000000
116635  -8.369  -22.355  43.707 0.3750000000
48567  -8.052  -23.424  43.260 0.3750000000
57181  -36.712  -14.342  42.958 0.2500000000
133090  -8.383  -21.763  43.017 0.3750000000
50356  -8.146  -21.415  42.265 0.3750000000
49453  -7.688  -22.696  43.084 0.3750000000
48566  -7.610  -23.228  42.818 0.3750000000
58106  -36.213  -13.876  42.465 0.1250000000
51245  -8.642  -20.528  41.695 0.3750000000
140795  -35.718  -12.583  43.412 0.2500000000
60251  -36.159  -11.701  42.445 0.2500000000
63250  -47.525  -7.599  32.253 0.3750000000
137013  -46.924  -7.754  31.579 0.3750000000
64216  -47.547  -7.301  30.943 0.5000000000
63277  -48.601  -8.140  28.529 0.2500000000
66079  -51.651  -5.948  27.944 0.3750000000
67089  -52.285  -3.562  28.173 0.2500000000
65146  -50.550  -6.245  30.678 0.5000000000
65152  -49.930  -6.172  29.302 0.5000000000
127391  -51.521  -5.840  29.934 0.3750000000
64234  -49.523  -7.223  28.148 0.3750000000
140240  -51.572  -5.815  28.677 0.3750000000
66073  -52.162  -5.174  29.477 0.3750000000
63294  -49.445  -8.088  26.924 0.1250000000
64254  -50.335  -7.115  26.823 0.2500000000
64242  -50.296  -6.934  27.576 0.2500000000
120511  -50.870  -6.340  27.811 0.2500000000
135472  -6.649  -34.187  54.217 0.1250000000
38870  -6.520  -33.599  54.633 0.1250000000
137814  -7.841  -33.021  55.480 0.1250000000
135240  -6.334  -33.598  53.489 0.1250000000
39912  -5.871  -32.904  53.859 0.1250000000
39896  -7.594  -32.284  55.547 0.1250000000
38857  -8.751  -32.983  55.526 0.1250000000
40833  -9.383  -32.193  55.580 0.1250000000
38889  -6.578  -33.188  51.843 0.1250000000
129964  -6.246  -32.246  51.886 0.1250000000
40841  -10.595  -31.512  54.821 0.1250000000
134217  -6.813  -32.547  50.651 0.1250000000
40862  -6.812  -31.970  50.130 0.1250000000
40857  -6.417  -31.281  50.423 0.1250000000
41765  -11.063  -31.088  54.216 0.1250000000
132129  -6.683  -31.242  49.557 0.1250000000
40866  -6.855  -31.219  48.637 0.1250000000
39928  -7.331  -31.827  48.279 0.1250000000
40875  -6.494  -30.722  47.120 0.1250000000
40865  -6.545  -30.623  48.091 0.1250000000
39934  -7.028  -31.938  47.232 0.1250000000
141160  -6.510  -31.046  46.523 0.1250000000
39943  -6.754  -31.862  46.194 0.1250000000
120521  -6.457  -31.264  45.990 0.1250000000
39908  -6.185  -32.856  54.914 0.1250000000
39895  -6.965  -31.924  55.482 0.1250000000
40830  -7.336  -31.355  55.689 0.1250000000
39916  -5.862  -32.164  52.977 0.1250000000
39907  -5.855  -32.452  54.592 0.1250000000
39903  -6.581  -32.420  55.206 0.1250000000
39897  -8.170  -32.681  55.551 0.1250000000
39898  -9.003  -32.266  55.662 0.1250000000
40854  -6.103  -31.236  51.366 0.1250000000
40861  -6.463  -30.575  49.029 0.1250000000
41816  -6.231  -30.091  48.532 0.1250000000
42776  -5.906  -29.303  48.433 0.1250000000
41775  -11.516  -30.488  52.561 0.1250000000
138102  -6.225  -30.253  47.005 0.1250000000
41832  -6.195  -30.018  47.646 0.1250000000
119919  -6.296  -29.930  45.875 0.1250000000
121887  -6.095  -29.725  46.806 0.1250000000
41849  -6.288  -30.700  45.556 0.1250000000
125788  -6.217  -29.057  46.295 0.1250000000
38950  -7.613  -32.367  45.243 0.1250000000
39951  -6.945  -31.910  45.191 0.1250000000
39950  -6.768  -31.461  44.825 0.1250000000
121127  -6.323  -30.718  44.921 0.1250000000
119816  -6.396  -30.201  45.029 0.1250000000
42800  -6.547  -29.925  44.521 0.1250000000
126005  -6.550  -29.425  45.317 0.1250000000
38979  -7.717  -32.613  44.198 0.1250000000
40895  -6.674  -30.950  44.403 0.1250000000
41857  -6.498  -30.360  44.412 0.1250000000
43863  -6.823  -28.861  45.353 0.1250000000
38978  -7.230  -32.153  44.295 0.1250000000
38977  -7.241  -32.108  43.645 0.1250000000
41868  -6.698  -30.573  43.640 0.1250000000
116867  -6.596  -30.079  43.845 0.1250000000
43869  -6.804  -29.503  44.288 0.1250000000
39966  -7.074  -31.805  43.053 0.1250000000
40903  -6.874  -31.182  43.371 0.1250000000
42808  -6.755  -29.872  43.279 0.1250000000
120538  -6.702  -30.414  42.889 0.1250000000
40840  -5.770  -31.750  54.766 0.1250000000
39891  -8.015  -31.959  55.640 0.1250000000
40832  -8.638  -31.633  55.733 0.1250000000
40844  -5.688  -31.867  54.098 0.1250000000
40837  -9.254  -31.450  55.618 0.1250000000
135568  -5.850  -31.542  52.246 0.1250000000
41761  -9.818  -31.041  55.124 0.1250000000
133238  -6.024  -30.669  50.656 0.1250000000
41799  -5.878  -29.956  49.358 0.1250000000
42786  -5.968  -29.277  47.509 0.1250000000
38980  -9.285  -33.096  44.494 0.1250000000
39003  -8.443  -32.927  43.516 0.1250000000
117086  -7.205  -32.380  43.566 0.1250000000
43870  -7.095  -29.119  43.922 0.1250000000
118728  -6.708  -30.877  42.857 0.1250000000
128908  -5.837  -31.204  54.996 0.1250000000
40831  -7.999  -31.365  55.731 0.1250000000
124465  -5.589  -30.996  53.952 0.1250000000
130389  -5.592  -31.169  54.806 0.1250000000
117018  -5.660  -30.784  52.170 0.1250000000
135185  -6.129  -30.639  49.878 0.1250000000
42739  -5.284  -29.401  50.886 0.1250000000
42757  -5.612  -29.149  49.394 0.1250000000
134341  -5.748  -28.415  47.696 0.1250000000
43854  -6.043  -28.299  46.885 0.1250000000
125576  -5.965  -28.880  46.976 0.1250000000
43859  -6.498  -28.624  46.208 0.1250000000
44894  -6.791  -28.339  46.175 0.1250000000
44903  -7.034  -28.487  45.449 0.1250000000
39002  -7.297  -32.629  43.103 0.1250000000
43864  -7.060  -28.805  44.749 0.1250000000
39023  -7.753  -32.881  42.463 0.1250000000
39001  -7.146  -32.394  42.771 0.1250000000
42809  -6.896  -29.482  43.463 0.1250000000
43878  -7.093  -29.162  43.035 0.1250000000
39975  -6.931  -32.077  42.301 0.1250000000
120087  -6.617  -31.985  41.787 0.1250000000
41879  -6.557  -30.911  42.172 0.1250000000
42821  -6.719  -30.128  42.433 0.1250000000
42822  -6.866  -29.654  42.727 0.1250000000
41888  -6.435  -30.815  41.565 0.1250000000
42834  -6.634  -30.338  41.702 0.1250000000
42835  -6.864  -29.829  41.882 0.1250000000
40835  -6.012  -30.633  55.361 0.1250000000
41757  -8.626  -30.991  55.759 0.1250000000
41762  -5.606  -30.352  55.249 0.1250000000
127278  -5.387  -29.377  54.394 0.1250000000
42724  -5.346  -29.454  51.767 0.1250000000
137980  -5.560  -29.642  49.823 0.1250000000
44910  -7.436  -28.581  44.426 0.1250000000
39056  -8.529  -33.131  41.860 0.1250000000
39055  -7.336  -33.030  41.515 0.1250000000
39054  -7.049  -32.905  41.279 0.1250000000
39021  -6.872  -32.497  41.744 0.1250000000
42712  -5.387  -29.582  55.218 0.1250000000
42714  -5.433  -29.514  53.551 0.1250000000
47570  -5.827  -25.235  52.604 0.2500000000
46660  -5.500  -25.878  51.388 0.1250000000
43816  -4.976  -27.582  49.195 0.1250000000
43807  -5.005  -28.600  50.530 0.1250000000
45745  -5.277  -26.443  50.197 0.1250000000
43828  -5.372  -28.271  48.697 0.1250000000
44855  -5.340  -26.953  48.941 0.1250000000
43827  -5.248  -27.436  48.549 0.1250000000
118194  -5.461  -27.673  48.069 0.1250000000
43805  -36.083  -28.138  51.093 0.2500000000
44864  -5.851  -27.646  47.568 0.1250000000
43814  -36.532  -28.475  50.542 0.1250000000
44847  -37.956  -27.860  49.883 0.1250000000
125736  -6.334  -27.873  47.014 0.1250000000
43825  -38.483  -28.625  48.927 0.1250000000
44895  -7.094  -28.052  45.970 0.1250000000
43871  -7.630  -28.776  43.496 0.1250000000
43879  -7.746  -28.756  42.518 0.1250000000
43762  -5.303  -28.836  55.562 0.1250000000
42709  -5.547  -29.520  55.491 0.1250000000
43780  -5.381  -28.751  53.814 0.1250000000
43817  -5.141  -28.456  49.681 0.1250000000
48501  -6.310  -24.800  52.032 0.2500000000
47577  -5.879  -25.332  51.700 0.1250000000
46668  -5.581  -25.995  50.579 0.1250000000
45757  -5.542  -26.485  49.461 0.1250000000
49374  -6.789  -24.117  52.147 0.2500000000
134111  -6.563  -24.462  52.051 0.2500000000
47586  -5.868  -25.482  50.847 0.2500000000
46681  -6.133  -25.790  49.679 0.1250000000
45764  -5.818  -26.603  48.880 0.1250000000
48509  -6.419  -24.496  51.582 0.2500000000
47587  -6.141  -25.238  50.462 0.1250000000
128858  -6.122  -26.327  48.946 0.1250000000
45765  -6.073  -26.724  48.444 0.1250000000
119140  -6.103  -27.224  47.794 0.1250000000
45782  -6.431  -27.365  47.413 0.1250000000
43826  -38.796  -28.416  49.045 0.1250000000
47593  -6.428  -25.187  50.018 0.1250000000
46692  -6.274  -25.915  49.245 0.1250000000
46702  -6.437  -26.160  48.654 0.1250000000
45774  -6.381  -26.811  47.940 0.1250000000
44879  -6.762  -27.730  46.778 0.1250000000
44861  -39.431  -27.764  48.355 0.1250000000
45783  -6.759  -26.996  47.246 0.1250000000
45796  -7.226  -27.289  46.505 0.1250000000
44904  -7.263  -28.249  45.149 0.1250000000
44905  -8.023  -27.867  44.914 0.1250000000
44853  -38.620  -27.800  49.443 0.1250000000
49387  -6.681  -24.007  51.242 0.2500000000
44854  -39.274  -27.798  49.023 0.1250000000
122141  -6.419  -24.707  50.666 0.2500000000
44862  -40.154  -27.201  47.987 0.1250000000
45772  -40.516  -26.499  48.339 0.1250000000
48524  -7.010  -24.768  49.873 0.1250000000
47602  -6.481  -25.499  49.539 0.1250000000
47610  -6.660  -25.518  49.070 0.1250000000
44863  -40.813  -26.789  47.641 0.1250000000
45775  -7.020  -26.125  47.837 0.1250000000
44877  -40.392  -27.189  47.263 0.1250000000
45784  -7.467  -26.434  46.946 0.1250000000
44896  -7.643  -27.618  45.749 0.1250000000
45794  -41.616  -26.383  45.928 0.1250000000
44878  -40.942  -26.837  46.894 0.1250000000
45797  -8.104  -26.648  46.198 0.1250000000
44911  -8.383  -28.140  44.020 0.1250000000
141159  -39.566  -26.963  49.215 0.1250000000
49364  -7.491  -23.738  52.655 0.2500000000
50242  -7.934  -23.449  51.443 0.2500000000
48517  -7.142  -24.220  50.317 0.2500000000
49388  -7.475  -23.665  50.854 0.2500000000
49399  -7.817  -23.536  49.844 0.2500000000
48535  -6.886  -25.066  49.533 0.1250000000
47611  -7.240  -24.909  48.871 0.1250000000
46703  -7.064  -25.411  48.560 0.1250000000
45773  -41.289  -26.313  47.302 0.2500000000
46701  -41.583  -25.618  47.762 0.2500000000
138821  -7.570  -24.081  49.587 0.2500000000
49412  -8.113  -23.408  49.069 0.2500000000
46704  -7.820  -25.062  47.830 0.1250000000
125150  -41.431  -26.332  46.540 0.1250000000
45795  -42.000  -25.762  46.147 0.2500000000
45811  -8.630  -26.911  45.310 0.1250000000
44912  -9.261  -27.552  43.471 0.1250000000
43880  -8.651  -28.234  41.989 0.1250000000
43891  -8.787  -28.282  41.111 0.1250000000
43905  -9.210  -28.050  40.392 0.1250000000
126570  -8.290  -28.768  40.587 0.1250000000
133088  -7.929  -29.266  40.128 0.1250000000
43904  -8.832  -28.596  39.646 0.1250000000
116513  -8.371  -29.029  39.269 0.1250000000
43930  -8.402  -29.167  38.707 0.1250000000
139398  -41.196  -26.287  47.970 0.3750000000
47629  -42.655  -24.403  46.337 0.5000000000
46711  -42.287  -25.155  46.639 0.5000000000
48562  -43.042  -23.519  45.560 0.3750000000
47630  -42.791  -24.199  45.722 0.5000000000
117328  -8.515  -22.758  49.805 0.2500000000
50268  -8.342  -22.876  49.228 0.2500000000
48545  -7.864  -24.012  48.616 0.2500000000
47612  -7.760  -24.422  48.267 0.1250000000
48563  -43.201  -23.181  45.031 0.2500000000
46720  -42.458  -24.973  45.953 0.1250000000
49413  -8.306  -22.684  48.481 0.2500000000
49425  -8.114  -23.216  48.533 0.2500000000
135825  -8.031  -23.106  47.950 0.2500000000
46712  -7.877  -25.643  47.297 0.1250000000
46723  -8.856  -24.899  45.963 0.1250000000
45798  -9.055  -25.710  45.526 0.1250000000
44906  -9.019  -27.264  44.412 0.1250000000
45826  -9.577  -26.674  43.730 0.1250000000
44919  -9.377  -27.617  42.478 0.1250000000
44940  -9.101  -27.860  38.594 0.1250000000
43929  -8.371  -29.392  38.181 0.1250000000
44950  -8.926  -28.187  37.815 0.1250000000
43931  -8.893  -28.403  38.420 0.1250000000
45891  -8.735  -26.458  38.131 0.1250000000
139317  -8.446  -26.654  37.730 0.1250000000
48558  -42.723  -23.677  46.735 0.5000000000
49444  -43.377  -22.889  45.696 0.3750000000
133351  -43.401  -22.525  45.178 0.2500000000
50280  -8.572  -22.418  48.496 0.2500000000
50293  -8.240  -22.306  48.005 0.2500000000
48546  -8.044  -23.376  47.699 0.2500000000
47621  -8.194  -23.945  47.240 0.3750000000
46713  -8.454  -24.677  46.747 0.1250000000
49449  -43.494  -22.012  44.786 0.2500000000
50281  -8.878  -22.226  48.483 0.2500000000
50306  -8.088  -22.118  47.400 0.2500000000
48553  -8.408  -23.204  46.434 0.2500000000
45812  -9.344  -26.248  44.553 0.1250000000
47631  -8.655  -23.659  46.075 0.1250000000
47632  -8.799  -24.190  45.760 0.1250000000
46729  -9.413  -25.266  44.358 0.1250000000
45813  -9.636  -25.889  43.831 0.1250000000
44913  -9.760  -26.969  42.872 0.1250000000
44926  -9.424  -27.561  41.383 0.1250000000
44934  -9.387  -27.512  39.500 0.1250000000
45877  -9.168  -26.734  38.812 0.1250000000
46786  -8.216  -25.431  38.632 0.1250000000
45876  -8.615  -25.744  39.005 0.1250000000
45890  -8.275  -25.875  37.854 0.2500000000
126464  -43.542  -22.263  46.100 0.5000000000
49445  -43.495  -21.984  45.517 0.2500000000
50294  -8.729  -21.872  47.172 0.2500000000
131873  -8.209  -22.271  46.796 0.2500000000
50307  -8.484  -21.953  46.688 0.3750000000
129862  -8.806  -23.608  44.997 0.2500000000
47642  -9.132  -24.439  44.969 0.1250000000
119584  -8.965  -21.796  46.268 0.2500000000
50320  -8.593  -22.383  45.997 0.3750000000
48560  -8.687  -23.181  45.165 0.2500000000
130636  -8.644  -23.717  43.976 0.1250000000
46737  -9.436  -25.240  43.249 0.1250000000
45838  -9.843  -26.464  42.289 0.1250000000
46748  -9.618  -25.767  42.367 0.1250000000
44927  -9.745  -26.621  41.429 0.1250000000
44935  -9.581  -27.080  40.456 0.1250000000
45863  -9.448  -26.206  40.670 0.1250000000
45862  -9.287  -26.214  39.700 0.1250000000
46773  -7.844  -24.805  39.546 0.2500000000
139093  -6.969  -23.891  40.180 0.2500000000
46771  -7.125  -24.120  39.758 0.2500000000
46799  -7.774  -24.783  38.819 0.2500000000
51210  -43.153  -20.498  46.548 0.5000000000
50333  -43.257  -21.208  45.412 0.3750000000
46746  -8.066  -24.544  41.736 0.2500000000
46762  -9.336  -25.685  41.470 0.2500000000
46760  -7.860  -24.655  41.085 0.2500000000
46761  -8.410  -24.989  41.404 0.2500000000
47665  -7.083  -23.844  41.003 0.2500000000
46774  -8.633  -25.281  40.633 0.2500000000
47664  -6.391  -23.499  40.751 0.2500000000
46759  -7.425  -24.284  40.794 0.2500000000
124407  -7.821  -24.692  40.424 0.2500000000
135821  -8.449  -25.243  39.813 0.2500000000
46772  -7.333  -24.269  40.254 0.2500000000
47673  -6.513  -23.563  40.241 0.2500000000
48588  -5.333  -22.841  40.323 0.2500000000
138307  -6.119  -23.348  40.153 0.2500000000
135207  -5.054  -21.951  40.047 0.2500000000
49472  -5.333  -22.509  40.039 0.2500000000
48589  -5.855  -23.109  40.037 0.2500000000
125630  -5.627  -21.948  39.748 0.2500000000
52127  -42.852  -19.856  46.235 0.5000000000
125689  -42.297  -19.399  45.653 0.2500000000
52134  -42.656  -20.046  45.551 0.2500000000
47654  -7.868  -24.093  42.053 0.2500000000
46745  -7.604  -24.234  41.319 0.2500000000
47653  -7.388  -23.778  41.611 0.2500000000
47652  -6.700  -23.460  41.286 0.2500000000
51258  -5.729  -21.276  40.825 0.2500000000
50364  -5.654  -22.098  41.279 0.2500000000
48578  -5.819  -23.117  41.048 0.2500000000
50372  -5.131  -21.750  40.505 0.2500000000
49462  -5.246  -22.535  40.980 0.2500000000
48582  -5.800  -23.192  40.458 0.2500000000
49467  -5.038  -22.443  40.413 0.2500000000
122161  -5.276  -21.388  39.974 0.2500000000
52178  -6.102  -20.000  40.121 0.2500000000
51277  -5.752  -20.782  39.916 0.2500000000
50383  -6.397  -21.542  39.526 0.2500000000
51244  -7.762  -21.003  41.733 0.2500000000
48570  -7.213  -23.332  41.985 0.2500000000
51259  -7.698  -20.268  41.317 0.2500000000
50365  -6.411  -21.703  41.625 0.2500000000
48569  -6.523  -23.045  41.620 0.2500000000
124931  -6.836  -20.209  40.860 0.2500000000
125947  -5.867  -22.721  41.392 0.2500000000
51270  -6.069  -20.316  40.390 0.2500000000
53163  -7.329  -18.619  38.082 0.3750000000
69820  -50.042  -1.590  39.124 0.2500000000
70752  -51.726  0.280  39.547 0.2500000000
71737  -51.341  1.007  39.683 0.2500000000
70760  -51.420  -0.533  39.358 0.2500000000
71736  -49.873  0.403  39.759 0.2500000000
70751  -50.813  0.180  39.566 0.2500000000
70759  -50.515  -0.806  39.394 0.2500000000
71735  -48.921  0.523  40.011 0.2500000000
131361  -50.030  -0.341  39.579 0.2500000000
70749  -48.048  -0.213  39.944 0.2500000000
70750  -49.224  -0.343  39.777 0.2500000000
69814  -49.627  -1.047  39.441 0.2500000000
69813  -48.649  -1.152  39.557 0.2500000000
69819  -49.134  -1.808  39.111 0.2500000000
68871  -49.532  -2.309  38.760 0.2500000000
69818  -48.121  -2.023  39.096 0.2500000000
68870  -48.728  -2.531  38.670 0.2500000000
74640  -49.183  4.400  42.304 0.3750000000
74655  -50.389  3.773  41.910 0.3750000000
125465  -51.229  3.188  41.674 0.3750000000
73664  -51.889  2.760  41.117 0.3750000000
74667  -50.718  3.803  41.359 0.2500000000
73663  -51.507  3.449  40.941 0.2500000000
72688  -52.038  2.078  40.664 0.3750000000
72698  -52.123  1.371  40.283 0.2500000000
73673  -51.751  2.743  40.618 0.2500000000
72697  -51.897  1.944  40.370 0.2500000000
73688  -50.830  2.729  39.950 0.2500000000
72711  -51.685  1.565  39.967 0.2500000000
121741  -50.507  1.154  39.716 0.2500000000
118977  -49.632  1.270  39.938 0.2500000000
69812  -47.567  -1.154  39.639 0.2500000000
67938  -48.352  -3.182  38.230 0.2500000000
68869  -47.434  -2.656  38.767 0.2500000000
67937  -47.677  -3.197  38.245 0.2500000000
69931  -53.108  -0.803  28.078 0.2500000000
71813  -52.471  0.418  32.641 0.2500000000
70869  -53.837  0.391  28.533 0.2500000000
133273  -53.533  -0.317  28.487 0.2500000000
72779  -52.063  1.321  32.796 0.2500000000
72769  -52.607  1.959  33.246 0.3750000000
73743  -53.234  2.544  33.692 0.3750000000
73742  -52.080  2.984  33.522 0.3750000000
74734  -53.746  3.782  34.443 0.3750000000
75692  -53.893  4.617  34.504 0.2500000000
121664  -53.098  3.485  33.826 0.3750000000
74743  -52.269  3.956  33.562 0.3750000000
74744  -53.167  4.368  34.013 0.3750000000
75703  -51.707  4.268  33.131 0.3750000000
75705  -53.423  5.197  34.110 0.2500000000
76712  -54.175  5.454  34.432 0.2500000000
75713  -52.066  4.818  32.806 0.2500000000
75704  -52.609  4.820  33.491 0.2500000000
76725  -53.174  5.513  33.554 0.2500000000
76740  -52.658  5.467  32.783 0.2500000000
75721  -51.996  5.036  32.212 0.2500000000
80422  -9.705  10.206  54.153 0.3750000000
80437  -9.767  9.950  52.053 0.3750000000
80445  -9.916  10.093  51.030 0.2500000000
78733  -56.073  8.456  32.579 0.2500000000
78732  -55.200  8.024  32.375 0.3750000000
78745  -55.599  8.396  31.558 0.2500000000
79670  -56.943  9.057  30.859 0.2500000000
81668  -58.229  10.855  27.685 0.3750000000
80678  -57.317  10.109  27.546 0.3750000000
136937  -9.452  10.570  55.290 0.3750000000
81418  -9.132  10.511  54.625 0.3750000000
80429  -9.422  10.172  53.470 0.3750000000
124122  -9.164  10.215  52.846 0.3750000000
81437  -8.782  10.313  52.237 0.3750000000
81446  -8.335  10.417  51.596 0.2500000000
81447  -9.112  10.297  51.446 0.2500000000
81458  -9.086  10.373  50.606 0.2500000000
81400  -7.540  11.025  55.689 0.3750000000
118085  -7.738  10.807  54.932 0.3750000000
81416  -7.199  10.552  54.293 0.3750000000
81424  -7.138  10.481  53.668 0.2500000000
117808  -8.646  10.805  55.171 0.3750000000
81417  -8.221  10.640  54.432 0.3750000000
81425  -7.897  10.511  53.803 0.3750000000
117919  -6.687  10.493  53.282 0.2500000000
80421  -8.794  10.416  53.962 0.3750000000
80427  -7.610  10.423  53.155 0.2500000000
80428  -8.529  10.378  53.369 0.3750000000
80436  -8.382  10.354  52.843 0.3750000000
81457  -8.190  10.494  50.868 0.2500000000
81445  -7.383  10.543  51.545 0.2500000000
81469  -8.344  10.541  49.914 0.2500000000
136850  -8.161  10.644  49.140 0.2500000000
128405  -8.919  10.517  49.104 0.2500000000
81393  -7.675  11.263  57.462 0.3750000000
131669  -6.231  11.134  56.459 0.3750000000
81399  -5.857  10.762  55.728 0.3750000000
130166  -7.132  11.222  56.485 0.3750000000
123968  -6.535  10.879  55.715 0.3750000000
81415  -6.285  10.474  54.468 0.3750000000
81423  -6.489  10.448  53.846 0.3750000000
121427  -6.003  10.499  53.476 0.2500000000
81434  -6.257  10.630  52.883 0.2500000000
81435  -7.011  10.503  52.594 0.2500000000
81455  -6.602  10.820  50.946 0.2500000000
81456  -7.389  10.632  50.446 0.2500000000
81467  -6.652  10.921  49.948 0.2500000000
81468  -7.473  10.734  49.519 0.2500000000
82339  -7.532  10.833  63.358 0.3750000000
138280  -8.219  10.866  62.950 0.3750000000
82369  -5.096  11.472  58.544 0.3750000000
81398  -5.447  10.864  56.119 0.3750000000
81407  -6.016  10.559  55.148 0.3750000000
81421  -5.038  10.740  54.307 0.2500000000
81422  -5.483  10.567  53.785 0.3750000000
81432  -5.070  10.939  53.412 0.2500000000
81443  -6.059  10.985  52.448 0.2500000000
81444  -6.547  10.786  52.013 0.2500000000
82405  -6.052  11.528  51.932 0.1250000000
81454  -6.132  11.170  51.433 0.2500000000
82412  -5.606  11.717  50.840 0.1250000000
82413  -6.004  11.270  50.385 0.2500000000
82420  -6.112  11.470  49.457 0.1250000000
82429  -6.292  11.739  48.495 0.1250000000
82349  -4.891  11.975  60.922 0.3750000000
82345  -5.290  11.611  61.950 0.3750000000
83241  -5.498  12.349  62.539 0.3750000000
83242  -6.004  12.100  63.138 0.3750000000
82343  -7.767  11.578  62.807 0.3750000000
82346  -8.116  12.322  62.127 0.3750000000
139452  -4.554  12.200  60.237 0.3750000000
82344  -8.656  11.302  62.147 0.3750000000
82348  -4.602  11.749  59.908 0.3750000000
81357  -9.480  11.185  61.330 0.3750000000
82350  -9.822  11.899  60.535 0.3750000000
82376  -4.770  11.761  58.115 0.3750000000
82351  -10.470  11.744  59.990 0.3750000000
82377  -5.216  11.452  57.499 0.3750000000
118824  -4.826  11.599  57.050 0.3750000000
81405  -4.934  10.757  55.852 0.3750000000
82379  -4.250  11.541  55.920 0.2500000000
82384  -4.567  10.966  55.609 0.2500000000
83282  -4.400  11.737  54.845 0.3750000000
82391  -4.749  11.287  54.158 0.2500000000
83303  -4.814  12.455  53.150 0.2500000000
126891  -4.831  11.610  53.450 0.2500000000
82396  -5.543  11.165  52.716 0.2500000000
126954  -5.114  11.645  52.832 0.2500000000
129192  -5.339  12.280  50.192 0.1250000000
82419  -5.514  11.863  49.866 0.1250000000
83331  -5.364  12.663  49.390 0.1250000000
84311  -5.329  13.342  48.608 0.1250000000
83342  -5.463  12.723  48.472 0.1250000000
130039  -5.795  12.589  46.968 0.1250000000
135992  -5.374  13.071  62.325 0.3750000000
124873  -5.952  13.143  62.885 0.3750000000
83243  -6.616  12.763  62.912 0.3750000000
136504  -6.567  13.584  62.986 0.3750000000
83246  -7.196  13.542  62.917 0.3750000000
84186  -5.112  13.257  61.673 0.3750000000
83244  -7.338  12.501  62.722 0.3750000000
83269  -4.403  12.037  58.662 0.3750000000
84220  -4.531  12.773  57.052 0.3750000000
83278  -4.368  12.013  56.560 0.3750000000
83281  -4.082  12.091  55.480 0.2500000000
122544  -4.373  13.216  54.378 0.2500000000
84270  -4.898  13.513  52.956 0.2500000000
84271  -5.465  13.747  52.460 0.1250000000
85257  -5.661  14.466  52.317 0.1250000000
84280  -5.909  13.595  51.922 0.1250000000
83322  -5.423  12.362  50.856 0.1250000000
120776  -5.243  12.870  50.151 0.1250000000
84302  -5.301  13.418  49.449 0.1250000000
85282  -5.140  13.914  47.804 0.1250000000
85292  -5.230  14.549  47.624 0.1250000000
83341  -5.287  13.273  47.810 0.1250000000
85291  -4.945  14.421  46.973 0.1250000000
86204  -4.931  15.022  46.860 0.1250000000
86215  -4.901  15.347  46.036 0.1250000000
84189  -5.783  13.842  62.453 0.3750000000
116810  -6.340  13.908  62.954 0.3750000000
85187  -5.557  13.940  61.441 0.3750000000
85182  -6.532  14.517  62.887 0.3750000000
85183  -7.230  14.988  63.138 0.3750000000
85195  -5.605  13.856  60.329 0.3750000000
84203  -4.594  12.513  59.182 0.3750000000
84216  -4.714  12.742  58.064 0.3750000000
84227  -3.906  13.006  56.317 0.3750000000
140988  -3.648  13.520  55.966 0.3750000000
84246  -4.477  14.050  54.300 0.1250000000
121698  -4.823  14.300  53.589 0.1250000000
86157  -5.352  15.197  52.932 0.1250000000
85256  -5.109  14.423  52.937 0.1250000000
86164  -5.916  15.283  52.245 0.1250000000
85264  -5.955  14.525  51.789 0.1250000000
86165  -6.429  15.756  51.645 0.1250000000
86175  -6.091  15.025  51.227 0.1250000000
124733  -5.342  13.541  50.212 0.1250000000
85273  -5.448  14.160  49.745 0.1250000000
86176  -6.495  15.487  50.618 0.1250000000
86194  -5.805  14.795  49.168 0.1250000000
85283  -5.333  14.115  48.666 0.1250000000
87081  -7.008  16.150  51.007 0.1250000000
86187  -6.463  15.372  49.635 0.1250000000
87082  -7.624  16.511  50.460 0.1250000000
86177  -7.108  15.916  50.092 0.1250000000
86188  -7.191  15.823  49.222 0.1250000000
86195  -6.499  15.379  48.607 0.1250000000
120412  -5.645  14.860  48.212 0.1250000000
86206  -6.072  15.329  47.655 0.1250000000
87105  -7.884  16.267  48.854 0.1250000000
86196  -7.311  15.840  48.504 0.1250000000
86207  -7.043  15.668  47.819 0.1250000000
127825  -6.583  15.608  46.981 0.1250000000
87106  -8.608  16.694  48.330 0.1250000000
127584  -7.856  16.133  48.034 0.1250000000
87991  -9.192  17.389  48.075 0.1250000000
85196  -6.192  14.508  60.920 0.3750000000
85188  -6.178  14.630  62.133 0.3750000000
85202  -6.262  14.368  59.671 0.3750000000
86124  -6.835  15.008  60.228 0.3750000000
86120  -6.702  15.214  61.592 0.3750000000
85210  -6.025  14.216  58.517 0.3750000000
84221  -5.333  13.690  57.895 0.3750000000
85232  -4.331  14.609  56.576 0.2500000000
85231  -3.906  13.933  56.182 0.2500000000
85239  -3.748  14.121  55.615 0.1250000000
85243  -4.688  15.055  54.269 0.1250000000
134847  -4.996  15.654  54.073 0.1250000000
86151  -5.069  15.114  53.577 0.1250000000
86159  -6.039  16.123  52.480 0.1250000000
86158  -5.481  15.884  53.001 0.1250000000
87074  -6.764  16.601  51.929 0.1250000000
87974  -8.090  17.120  50.684 0.1250000000
87083  -8.159  16.784  50.074 0.1250000000
87093  -7.749  16.353  49.670 0.1250000000
87094  -8.454  16.850  49.352 0.1250000000
87981  -9.197  18.080  49.145 0.1250000000
87980  -8.965  17.367  48.831 0.1250000000
133112  -9.283  17.942  48.521 0.1250000000
87052  -6.675  16.674  57.503 0.2500000000
87936  -7.231  17.550  57.582 0.1250000000
128757  -6.621  15.694  57.566 0.1250000000
86135  -7.307  16.058  57.800 0.2500000000
87053  -7.590  16.877  57.777 0.2500000000
87042  -7.696  16.129  59.197 0.2500000000
86134  -7.047  15.433  57.992 0.2500000000
86125  -7.366  15.564  59.614 0.2500000000
87051  -5.649  16.184  57.290 0.2500000000
85211  -6.484  14.946  57.879 0.3750000000
86121  -7.335  15.641  60.851 0.3750000000
85222  -5.717  14.494  57.619 0.3750000000
122059  -4.841  15.767  57.013 0.2500000000
86132  -5.066  14.921  57.045 0.3750000000
87050  -3.957  16.192  56.826 0.1250000000
86138  -3.856  15.579  56.417 0.1250000000
117844  -3.586  15.766  56.057 0.1250000000
86137  -3.811  14.864  56.093 0.1250000000
122497  -3.832  15.919  55.516 0.1250000000
86141  -3.855  15.152  55.570 0.1250000000
87057  -4.233  16.359  55.041 0.1250000000
86145  -4.643  15.844  54.495 0.1250000000
87063  -4.898  16.277  54.328 0.1250000000
86152  -5.219  15.769  53.631 0.1250000000
87064  -5.336  16.357  53.741 0.1250000000
87068  -5.654  16.407  53.149 0.1250000000
87959  -6.150  16.810  52.827 0.1250000000
87960  -6.792  17.392  52.431 0.1250000000
87075  -7.493  16.833  51.224 0.1250000000
87967  -7.867  17.546  51.349 0.1250000000
88883  -9.000  18.199  49.948 0.1250000000
87975  -8.552  17.360  50.079 0.1250000000
88884  -9.365  18.831  49.386 0.1250000000
87992  -9.489  18.215  47.920 0.1250000000
88011  -9.460  17.627  47.292 0.1250000000
88907  -9.739  18.545  47.198 0.1250000000
87935  -6.219  17.657  57.521 0.1250000000
88816  -5.710  18.448  57.687 0.1250000000
125974  -5.390  17.150  57.417 0.1250000000
86133  -5.806  15.279  57.358 0.1250000000
87049  -3.554  17.111  56.975 0.1250000000
87939  -3.148  17.853  56.458 0.1250000000
126041  -3.506  16.617  55.832 0.1250000000
88823  -3.164  18.403  56.353 0.1250000000
124998  -4.448  16.844  54.792 0.1250000000
88826  -4.200  18.123  55.039 0.1250000000
87946  -4.856  17.684  54.472 0.1250000000
87952  -4.980  16.956  54.342 0.1250000000
140024  -5.262  17.314  54.152 0.1250000000
87953  -5.585  16.985  53.655 0.1250000000
88844  -6.891  18.174  52.815 0.1250000000
88845  -7.544  18.821  52.564 0.1250000000
87961  -7.515  18.018  52.052 0.1250000000
88846  -8.021  18.822  51.886 0.1250000000
122841  -8.114  18.206  51.489 0.1250000000
89701  -8.471  19.555  51.676 0.1250000000
87968  -8.513  17.962  50.810 0.1250000000
88857  -8.511  18.817  51.253 0.1250000000
88871  -9.255  19.016  49.973 0.1250000000
88898  -9.512  18.745  48.605 0.1250000000
89649  -5.002  19.147  58.151 0.1250000000
125460  -6.472  19.066  57.677 0.1250000000
88815  -4.446  18.486  58.001 0.1250000000
87934  -4.226  17.802  57.650 0.1250000000
88814  -3.392  18.535  58.112 0.1250000000
89642  -2.844  20.008  58.939 0.1250000000
124119  -4.310  16.845  57.225 0.1250000000
87933  -3.468  17.857  57.493 0.1250000000
89647  -2.902  19.334  58.447 0.1250000000
89656  -2.948  19.593  57.522 0.1250000000
122427  -3.540  20.617  57.440 0.1250000000
87932  -3.148  17.874  57.133 0.1250000000
88821  -2.914  18.437  57.179 0.1250000000
90490  -4.004  19.966  56.503 0.1250000000
91316  -4.496  21.632  56.780 0.1250000000
90488  -4.517  20.742  56.389 0.1250000000
124447  -5.320  21.040  55.962 0.1250000000
87941  -3.516  17.821  55.601 0.1250000000
89658  -3.482  19.097  56.249 0.1250000000
89659  -4.439  19.549  55.704 0.1250000000
90491  -5.167  20.238  55.668 0.1250000000
90492  -6.097  20.868  55.366 0.1250000000
89666  -4.282  18.877  55.307 0.1250000000
89667  -5.214  19.407  55.103 0.1250000000
91324  -6.682  21.633  54.957 0.1250000000
88827  -5.108  18.548  54.572 0.1250000000
88828  -5.939  18.612  54.055 0.1250000000
88835  -5.593  17.843  53.935 0.1250000000
88836  -6.385  18.358  53.510 0.1250000000
87954  -6.219  17.551  53.214 0.1250000000
88837  -7.102  18.923  53.264 0.1250000000
89690  -7.652  19.561  52.996 0.1250000000
90518  -8.102  20.349  52.723 0.1250000000
90519  -8.526  20.889  52.149 0.1250000000
130002  -8.434  20.156  52.084 0.1250000000
91358  -8.714  21.355  51.533 0.1250000000
92199  -8.436  22.068  51.652 0.1250000000
119569  -8.105  22.563  51.020 0.1250000000
124264  -8.756  21.827  50.806 0.1250000000
88870  -8.932  18.861  50.561 0.1250000000
89709  -8.881  19.630  50.989 0.1250000000
119791  -8.991  21.096  50.958 0.1250000000
90531  -9.131  20.452  50.631 0.1250000000
92212  -8.332  22.360  50.174 0.1250000000
89710  -9.236  19.682  50.270 0.1250000000
127815  -8.913  21.801  49.909 0.1250000000
135838  -9.559  19.407  48.996 0.1250000000
89715  -9.446  19.606  49.573 0.1250000000
90532  -9.417  20.518  49.772 0.1250000000
89721  -9.665  19.659  48.399 0.1250000000
89734  -9.814  19.377  47.187 0.1250000000
90475  -4.849  20.691  58.869 0.1250000000
91301  -5.665  21.629  58.586 0.1250000000
90483  -6.598  20.668  57.902 0.1250000000
90474  -3.412  20.693  59.534 0.1250000000
89650  -5.669  19.891  58.078 0.1250000000
126883  -6.843  19.824  57.706 0.1250000000
90484  -7.775  20.101  57.580 0.1250000000
91299  -2.975  21.397  60.022 0.1250000000
91313  -3.250  21.477  58.419 0.1250000000
92175  -5.251  22.710  56.338 0.1250000000
91317  -5.771  21.733  55.705 0.1250000000
93068  -6.522  23.281  54.538 0.1250000000
92179  -7.143  22.416  54.347 0.1250000000
93074  -6.534  23.479  53.499 0.1250000000
90500  -6.113  20.015  55.004 0.1250000000
90501  -6.773  20.747  54.636 0.1250000000
93075  -7.212  23.118  53.094 0.1250000000
89668  -5.968  19.263  54.460 0.1250000000
91325  -7.295  21.507  54.215 0.1250000000
93069  -7.115  23.048  53.841 0.1250000000
89669  -6.733  19.884  54.276 0.1250000000
90502  -7.357  20.608  53.842 0.1250000000
129187  -7.588  22.038  53.782 0.1250000000
92185  -7.493  22.581  53.507 0.1250000000
93082  -6.521  23.426  52.587 0.1250000000
89678  -6.593  19.119  53.862 0.1250000000
89679  -7.229  19.696  53.619 0.1250000000
90512  -7.815  20.793  53.239 0.1250000000
92186  -7.887  22.079  53.142 0.1250000000
92192  -7.727  22.655  52.732 0.1250000000
131150  -6.514  23.339  51.841 0.1250000000
125000  -7.646  20.198  53.295 0.1250000000
90513  -8.162  21.352  52.777 0.1250000000
92193  -8.196  22.131  52.411 0.1250000000
92198  -7.920  22.692  51.900 0.1250000000
93093  -7.089  23.093  51.247 0.1250000000
118800  -7.342  22.734  50.294 0.1250000000
92225  -7.715  22.496  49.491 0.1250000000
91381  -9.530  20.991  48.984 0.1250000000
91380  -9.017  21.729  49.051 0.1250000000
92239  -8.211  22.262  48.843 0.1250000000
90545  -9.602  20.477  48.300 0.1250000000
90567  -9.733  20.187  46.734 0.1250000000
91300  -3.934  21.487  59.733 0.1250000000
91307  -7.223  21.581  57.748 0.1250000000
126059  -7.645  22.208  57.566 0.1250000000
91306  -2.841  21.328  59.638 0.1250000000
126677  -7.999  20.924  57.563 0.1250000000
92172  -3.787  22.525  57.909 0.1250000000
93065  -5.943  23.185  55.456 0.1250000000
93081  -5.621  23.730  52.888 0.1250000000
119984  -5.615  23.534  51.977 0.1250000000
93099  -5.780  23.279  51.191 0.1250000000
92211  -6.054  22.916  50.403 0.1250000000
92224  -6.372  22.572  49.471 0.1250000000
131415  -6.155  22.276  48.653 0.1250000000
92238  -7.195  22.417  48.744 0.1250000000
91417  -9.270  21.298  48.145 0.1250000000
91398  -7.786  22.239  48.124 0.1250000000
89727  -9.753  19.937  47.676 0.1250000000
92158  -4.450  22.354  59.698 0.1250000000
92157  -3.276  22.191  60.186 0.1250000000
92159  -5.054  23.082  59.458 0.1250000000
92163  -3.142  22.727  60.002 0.1250000000
92164  -3.147  23.174  59.183 0.1250000000
93060  -4.181  23.440  57.501 0.1250000000
93064  -5.264  23.662  56.196 0.1250000000
93067  -5.769  23.842  55.138 0.1250000000
93080  -4.578  23.683  52.193 0.1250000000
93092  -4.435  23.356  51.269 0.1250000000
92210  -4.769  22.973  50.487 0.1250000000
130140  -4.082  23.253  50.471 0.1250000000
92223  -4.951  22.606  49.763 0.1250000000
92237  -5.143  22.351  48.933 0.1250000000
124383  -9.213  21.151  47.145 0.1250000000
130812  -3.706  23.144  60.094 0.1250000000
93048  -4.436  23.835  59.758 0.1250000000
93046  -3.310  23.785  59.855 0.1250000000
93866  -3.276  24.041  58.757 0.1250000000
93865  -3.409  24.765  58.253 0.1250000000
93874  -4.353  24.235  57.173 0.1250000000
93873  -4.199  24.846  56.928 0.1250000000
93882  -5.043  24.423  55.915 0.1250000000
93881  -4.117  24.894  55.881 0.1250000000
93887  -5.233  24.280  54.807 0.1250000000
93892  -4.771  24.325  54.084 0.1250000000
94644  -3.055  25.603  55.628 0.1250000000
93886  -4.225  24.659  54.834 0.1250000000
93899  -4.511  24.017  53.128 0.1250000000
94647  -2.977  25.446  54.756 0.1250000000
93891  -3.808  24.434  53.702 0.1250000000
93898  -3.476  24.165  52.817 0.1250000000
140815  -3.801  23.826  52.350 0.1250000000
93090  -3.354  23.826  51.471 0.1250000000
93098  -3.629  23.512  51.089 0.1250000000
93105  -4.257  22.814  49.876 0.1250000000
125519  -3.684  22.541  48.868 0.1250000000
91396  -5.364  21.971  48.110 0.1250000000
91416  -8.485  21.940  47.521 0.1250000000
91415  -7.342  22.191  47.465 0.1250000000
91397  -6.668  22.149  48.055 0.1250000000
133614  -3.209  24.549  59.597 0.1250000000
139261  -3.313  24.392  60.028 0.1250000000
93861  -3.414  24.911  59.883 0.1250000000
94632  -3.329  25.365  59.089 0.1250000000
94631  -3.636  25.873  59.640 0.1250000000
95381  -3.384  26.226  58.966 0.1250000000
95379  -4.334  26.670  59.515 0.1250000000
94636  -3.351  25.795  57.778 0.1250000000
136407  -5.130  27.263  59.379 0.1250000000
95385  -3.337  26.426  57.809 0.1250000000
95378  -3.681  26.781  59.453 0.1250000000
95392  -3.122  26.092  56.530 0.1250000000
125644  -3.333  26.757  56.993 0.1250000000
125506  -2.932  26.059  54.291 0.1250000000
93885  -3.286  24.853  54.274 0.1250000000
93890  -3.118  24.676  53.338 0.1250000000
94649  -2.888  25.313  53.851 0.1250000000
93897  -3.030  24.547  52.433 0.1250000000
94651  -2.924  25.316  52.899 0.1250000000
93904  -3.147  24.355  51.678 0.1250000000
93910  -3.367  24.051  51.125 0.1250000000
93911  -3.806  23.650  50.516 0.1250000000
93915  -4.026  23.653  49.810 0.1250000000
91432  -6.976  22.173  46.811 0.1250000000
116619  -6.705  22.227  46.119 0.1250000000
95380  -5.533  26.610  59.161 0.1250000000
96111  -4.335  27.474  59.468 0.1250000000
125269  -5.358  28.118  59.379 0.1250000000
135142  -3.449  27.066  57.790 0.1250000000
95393  -3.463  26.866  55.995 0.1250000000
96127  -3.371  26.924  53.912 0.1250000000
96134  -3.332  26.996  52.882 0.1250000000
95401  -3.107  26.199  52.431 0.1250000000
94655  -3.049  25.320  51.918 0.1250000000
95405  -3.378  26.360  51.610 0.1250000000
95413  -3.676  26.584  51.034 0.1250000000
127930  -3.424  25.777  51.348 0.1250000000
95421  -4.728  26.901  50.106 0.1250000000
126950  -3.803  25.738  50.936 0.1250000000
94670  -4.252  24.519  50.105 0.1250000000
95422  -5.409  26.195  49.669 0.1250000000
94664  -4.544  25.701  50.331 0.1250000000
94671  -5.021  25.255  49.781 0.1250000000
94677  -5.572  25.345  49.200 0.1250000000
93916  -4.662  24.486  49.424 0.1250000000
118894  -3.985  23.473  49.041 0.1250000000
93922  -4.309  23.731  48.083 0.1250000000
118523  -4.334  22.020  48.534 0.1250000000
91413  -5.229  21.940  47.338 0.1250000000
91430  -5.154  22.087  46.618 0.1250000000
95397  -3.481  27.006  54.897 0.1250000000
133111  -3.139  26.524  54.569 0.1250000000
96128  -4.169  27.797  54.294 0.1250000000
135328  -3.626  27.512  52.527 0.1250000000
96141  -3.474  27.148  51.979 0.1250000000
96147  -3.617  27.293  51.149 0.1250000000
96919  -3.710  28.280  50.692 0.1250000000
96157  -4.184  27.689  50.153 0.1250000000
96156  -3.884  27.542  50.595 0.1250000000
130481  -5.151  27.153  49.615 0.1250000000
95428  -6.034  26.164  48.954 0.1250000000
93923  -5.231  24.584  48.529 0.1250000000
135631  -3.661  22.972  48.407 0.1250000000
93937  -4.277  23.940  46.206 0.1250000000
91395  -4.277  21.896  47.917 0.1250000000
93119  -3.733  23.033  46.787 0.1250000000
91412  -4.594  22.065  47.192 0.1250000000
92261  -3.867  22.773  45.875 0.1250000000
122231  -4.339  28.439  53.874 0.1250000000
96135  -4.027  27.854  53.151 0.1250000000
127804  -3.702  27.961  52.157 0.1250000000
129070  -3.629  27.880  51.420 0.1250000000
96930  -4.140  28.542  49.746 0.1250000000
96931  -4.562  28.400  49.317 0.1250000000
94678  -6.091  25.470  48.434 0.1250000000
93924  -6.099  24.970  47.696 0.1250000000
93931  -5.236  24.356  47.498 0.1250000000
93930  -4.418  23.794  47.105 0.1250000000
93114  -3.760  23.108  47.577 0.1250000000
96908  -3.786  28.725  52.515 0.1250000000
131277  -5.655  26.993  49.130 0.1250000000
135592  -6.373  26.220  48.301 0.1250000000
96168  -5.072  27.807  49.190 0.1250000000
40829  -6.637  -31.144  55.523 0.1250000000
45781  -41.764  -25.747  46.930 0.2500000000
41758  -5.688  -29.981  55.418 0.1250000000
43783  -5.241  -28.749  52.278 0.1250000000
42717  -5.433  -29.499  52.622 0.1250000000
43772  -5.274  -28.771  54.798 0.1250000000
116729  -5.206  -26.197  51.924 0.1250000000
54034  -42.106  -18.615  46.078 0.3750000000
71739  -52.195  0.623  39.882 0.2500000000
74641  -49.842  4.204  42.047 0.3750000000
71856  -53.559  0.890  28.119 0.2500000000
76741  -53.368  6.137  33.182 0.2500000000
76752  -53.088  6.189  32.301 0.2500000000
77763  -54.259  7.362  32.244 0.2500000000
79669  -56.219  8.709  30.974 0.2500000000
81392  -6.359  11.318  57.500 0.3750000000
81479  -7.659  10.861  48.693 0.2500000000
82435  -5.769  12.267  48.271 0.1250000000
83351  -5.569  12.673  47.720 0.1250000000
82340  -5.631  11.525  62.810 0.3750000000
82358  -5.040  11.413  59.465 0.3750000000
82341  -6.062  11.000  63.265 0.3750000000
82338  -6.743  10.634  63.501 0.3750000000
81354  -8.870  10.457  62.740 0.3750000000
50319  -43.426  -21.361  46.185 0.5000000000
49375  -7.334  -23.735  51.853 0.2500000000
127967  -8.703  -22.586  49.083 0.2500000000
50295  -9.344  -21.935  47.855 0.2500000000
139539  -6.086  -19.600  40.207 0.2500000000
49443  -43.180  -22.946  46.362 0.5000000000
41764  -10.198  -30.675  54.392 0.1250000000
141281  -8.647  -22.944  45.409 0.2500000000
49455  -6.424  -22.544  41.801 0.2500000000
38877  -6.280  -33.649  54.121 0.1250000000
124215  -6.640  -33.948  52.642 0.1250000000
39917  -6.260  -33.002  52.785 0.1250000000
38860  -7.283  -32.927  55.413 0.1250000000
39892  -8.498  -32.408  55.605 0.1250000000
40838  -10.004  -31.916  55.282 0.1250000000
39919  -6.612  -32.652  51.243 0.1250000000
39922  -7.391  -32.779  50.018 0.1250000000
40858  -6.473  -31.998  50.928 0.1250000000
39925  -7.172  -31.910  49.282 0.1250000000
40876  -6.838  -31.267  47.641 0.1250000000
40883  -6.686  -31.375  46.717 0.1250000000
41841  -6.313  -30.553  46.415 0.1250000000
39942  -6.608  -31.531  45.488 0.1250000000
39902  -6.029  -32.023  54.937 0.1250000000
40836  -6.323  -31.521  55.232 0.1250000000
40849  -5.621  -31.297  53.053 0.1250000000
41790  -5.580  -30.003  50.269 0.1250000000
39961  -7.140  -31.811  44.373 0.1250000000
41773  -5.494  -30.343  53.112 0.1250000000
41781  -5.668  -30.233  51.322 0.1250000000
122967  -5.530  -30.058  52.176 0.1250000000
40914  -6.735  -31.468  42.389 0.1250000000
41767  -5.441  -30.231  54.433 0.1250000000
44856  -5.686  -27.100  48.277 0.1250000000
42775  -37.847  -28.692  49.135 0.1250000000
123360  -38.248  -28.449  49.287 0.1250000000
47592  -5.969  -25.654  50.195 0.1250000000
139014  -6.218  -25.502  49.959 0.1250000000
46691  -5.987  -26.167  49.348 0.1250000000
45771  -39.846  -27.163  48.658 0.1250000000
47603  -7.114  -24.980  49.163 0.1250000000
46722  -8.390  -25.670  46.540 0.1250000000
48536  -7.615  -24.273  49.174 0.2500000000
49426  -8.128  -22.534  47.947 0.2500000000
127527  -8.104  -22.578  47.276 0.2500000000
130703  -8.456  -22.083  47.918 0.2500000000
49436  -8.480  -22.658  46.218 0.3750000000
128922  -5.768  -21.289  39.704 0.2500000000
51269  -5.505  -20.917  40.168 0.2500000000
131349  -6.291  -20.873  41.092 0.2500000000
50366  -6.985  -20.958  41.498 0.2500000000
131203  -48.099  -2.743  38.585 0.2500000000
72710  -51.033  1.864  39.768 0.2500000000
81436  -7.899  10.417  52.377 0.2500000000
81406  -5.420  10.641  55.405 0.3750000000
81414  -5.547  10.539  54.584 0.3750000000
81433  -5.648  10.699  53.131 0.3750000000
81478  -6.835  11.101  49.036 0.2500000000
82342  -6.833  11.660  63.264 0.3750000000
82381  -5.090  11.146  56.534 0.3750000000
82387  -4.634  10.993  54.923 0.2500000000
126493  -5.751  11.880  52.213 0.1250000000
119682  -5.875  12.578  51.767 0.1250000000
82428  -5.737  12.145  49.002 0.1250000000
83250  -4.741  12.673  60.924 0.3750000000
83245  -5.002  12.533  61.770 0.3750000000
84193  -5.000  13.255  60.749 0.3750000000
83249  -4.635  12.570  60.085 0.3750000000
83257  -4.370  12.055  59.529 0.3750000000
82347  -9.013  12.259  61.316 0.3750000000
82368  -4.554  11.744  59.077 0.3750000000
83274  -4.548  12.083  57.582 0.3750000000
82380  -4.607  11.192  56.236 0.3750000000
83277  -3.940  12.288  56.010 0.3750000000
83293  -4.638  12.325  54.128 0.2500000000
84258  -4.677  13.333  53.742 0.1250000000
83304  -5.551  12.736  52.397 0.1250000000
137476  -4.814  13.395  57.380 0.3750000000
125063  -4.445  13.630  56.753 0.3750000000
84245  -3.883  13.611  54.941 0.1250000000
84226  -3.668  13.037  55.623 0.2500000000
84291  -5.509  13.175  51.013 0.1250000000
85201  -5.683  13.792  59.378 0.3750000000
84204  -5.058  13.182  59.768 0.3750000000
126256  -5.244  13.350  58.761 0.3750000000
85221  -4.989  14.114  57.208 0.3750000000
117387  -5.658  14.177  50.893 0.1250000000
86186  -5.893  14.875  50.178 0.1250000000
86128  -6.847  15.000  58.847 0.3750000000
136583  -4.362  15.404  56.746 0.2500000000
85242  -4.108  14.615  54.921 0.1250000000
86144  -4.252  15.543  54.958 0.1250000000
87966  -7.308  17.266  51.794 0.1250000000
87055  -3.601  16.455  56.454 0.1250000000
87944  -3.866  17.103  55.361 0.1250000000
127031  -3.341  17.248  56.487 0.1250000000
88824  -3.634  18.454  55.650 0.1250000000
89691  -8.066  19.523  52.338 0.1250000000
90482  -4.148  19.898  58.864 0.1250000000
89648  -3.632  19.210  58.587 0.1250000000
90480  -2.796  19.636  58.372 0.1250000000
89643  -3.063  19.969  59.137 0.1250000000
88813  -2.926  18.553  57.776 0.1250000000
89655  -2.698  19.026  57.820 0.1250000000
90481  -2.828  20.401  58.717 0.1250000000
92178  -6.342  22.498  55.230 0.1250000000
130594  -2.933  21.959  60.076 0.1250000000
93073  -5.690  23.965  53.998 0.1250000000
92171  -2.913  22.230  59.483 0.1250000000
93047  -3.559  24.010  60.028 0.1250000000
118485  -3.480  25.229  57.707 0.1250000000
94645  -3.482  25.385  56.495 0.1250000000
41807  -28.327  -28.312  48.450 0.1250000000
133168  -27.442  -28.344  48.063 0.1250000000
41825  -28.900  -28.253  47.932 0.1250000000
40872  -25.496  -28.849  46.867 0.1250000000
41824  -26.097  -28.457  47.423 0.1250000000
40874  -27.118  -28.427  47.364 0.1250000000
40885  -25.825  -29.239  46.049 0.1250000000
40886  -26.630  -28.745  46.321 0.1250000000
127176  -43.520  -22.609  44.549 0.1250000000
129809  -43.762  -22.760  43.827 0.1250000000
49451  -43.722  -21.985  43.974 0.1250000000
49454  -44.105  -22.391  42.810 0.1250000000
49456  -44.172  -22.461  42.071 0.1250000000
49463  -44.069  -22.560  41.250 0.1250000000
50373  -43.676  -21.472  41.329 0.1250000000
51223  -43.112  -21.186  44.819 0.1250000000
51222  -42.885  -20.775  45.102 0.1250000000
121313  -43.924  -21.772  43.223 0.1250000000
50358  -44.082  -21.776  42.510 0.1250000000
51243  -43.728  -21.258  43.079 0.1250000000
50357  -43.801  -21.345  42.232 0.1250000000
51274  -42.982  -21.089  40.997 0.1250000000
51231  -43.027  -21.040  44.269 0.1250000000
134798  -43.261  -21.100  43.715 0.1250000000
122717  -42.633  -20.563  44.790 0.1250000000
51252  -43.271  -20.935  42.776 0.1250000000
51242  -43.053  -20.950  43.521 0.1250000000
51262  -43.185  -21.000  41.898 0.1250000000
51261  -42.370  -20.803  41.617 0.1250000000
51230  -42.683  -20.715  44.205 0.1250000000
52140  -42.309  -20.067  45.030 0.1250000000
53094  -42.097  -20.086  44.597 0.1250000000
52156  -42.618  -20.712  43.303 0.1250000000
52145  -42.090  -20.315  43.881 0.1250000000
51251  -42.582  -20.746  42.503 0.1250000000
52155  -41.999  -20.482  43.124 0.1250000000
52172  -41.831  -20.537  42.288 0.1250000000
134400  -41.122  -20.301  42.156 0.1250000000
53093  -41.797  -19.204  45.161 0.1250000000
53103  -41.604  -19.562  44.541 0.1250000000
52154  -41.214  -20.229  42.890 0.1250000000
53102  -40.953  -19.377  44.113 0.1250000000
51260  -41.474  -20.552  41.396 0.1250000000
53127  -40.445  -19.915  42.440 0.1250000000
55035  -41.564  -17.785  45.692 0.2500000000
53111  -40.458  -19.446  43.300 0.1250000000
53126  -39.602  -19.163  42.506 0.1250000000
55046  -40.429  -17.980  44.536 0.1250000000
136123  -40.287  -18.696  43.941 0.1250000000
54072  -39.565  -17.965  43.711 0.1250000000
54082  -39.380  -18.439  43.089 0.1250000000
116686  -40.278  -17.193  44.676 0.2500000000
55045  -39.645  -17.345  44.018 0.2500000000
124109  -39.152  -17.319  43.423 0.2500000000
55064  -38.564  -17.676  42.544 0.1250000000
56189  -38.454  -16.097  42.750 0.2500000000
131502  -38.118  -15.556  42.607 0.2500000000
57174  -37.962  -15.130  43.031 0.2500000000
134551  -44.440  -10.247  35.416 0.1250000000
61363  -45.143  -10.521  32.172 0.1250000000
61370  -45.303  -9.698  32.136 0.1250000000
130286  -44.613  -9.603  34.947 0.2500000000
61362  -44.811  -10.001  32.791 0.1250000000
61379  -46.470  -9.823  30.375 0.1250000000
62351  -47.521  -9.399  29.292 0.1250000000
63238  -45.344  -8.589  33.637 0.1250000000
126583  -44.981  -8.869  34.325 0.1250000000
62330  -45.605  -8.871  32.253 0.1250000000
62334  -45.730  -9.206  31.496 0.1250000000
63262  -46.814  -8.181  30.565 0.2500000000
62306  -45.736  -8.508  34.946 0.2500000000
63248  -45.469  -8.643  32.972 0.1250000000
62341  -46.112  -9.045  30.680 0.1250000000
63228  -46.375  -8.260  34.441 0.2500000000
54073  -41.034  -18.760  44.650 0.2500000000
40882  -26.392  -28.695  46.761 0.1250000000
47640  -43.144  -23.746  44.594 0.1250000000
41833  -27.389  -28.508  46.892 0.1250000000
126040  -44.053  -23.190  42.458 0.1250000000
131416  -43.917  -22.349  43.382 0.1250000000
50354  -43.567  -21.367  43.663 0.1250000000
53112  -41.461  -19.959  43.678 0.1250000000
133599  -45.169  -9.263  32.635 0.1250000000
125056  -45.877  -9.881  30.964 0.1250000000
44978  -8.200  -28.119  36.312 0.1250000000
42950  -8.762  -29.201  35.567 0.1250000000
42966  -8.954  -29.071  35.514 0.1250000000
134042  -8.002  -26.978  36.180 0.1250000000
44999  -8.520  -27.577  35.121 0.1250000000
116764  -8.296  -26.836  35.475 0.1250000000
136551  -8.019  -25.203  37.945 0.1250000000
45922  -8.071  -25.984  36.666 0.1250000000
46851  -8.465  -25.502  35.827 0.1250000000
47714  -8.375  -25.125  36.408 0.1250000000
122367  -8.184  -26.265  35.790 0.1250000000
46798  -7.209  -24.135  39.258 0.1250000000
49473  -6.008  -22.731  39.708 0.1250000000
128442  -6.468  -22.299  39.455 0.1250000000
47695  -7.048  -23.929  39.111 0.1250000000
49478  -6.700  -23.001  39.260 0.1250000000
48607  -7.101  -23.632  38.892 0.1250000000
47704  -8.173  -24.712  37.384 0.1250000000
49488  -7.326  -23.217  38.701 0.1250000000
135791  -8.511  -24.469  37.185 0.1250000000
48626  -8.806  -24.851  36.026 0.1250000000
48617  -8.953  -24.352  36.787 0.1250000000
49489  -8.100  -23.523  37.932 0.1250000000
127313  -7.629  -22.634  38.753 0.1250000000
50390  -7.206  -21.835  39.292 0.1250000000
50391  -8.002  -21.876  39.019 0.1250000000
133078  -7.056  -22.620  39.147 0.1250000000
49499  -8.874  -23.648  37.510 0.1250000000
52188  -6.373  -20.105  39.696 0.1250000000
51291  -7.035  -20.920  39.388 0.1250000000
52210  -7.443  -20.051  39.202 0.1250000000
51292  -7.724  -20.891  39.211 0.1250000000
51293  -8.279  -20.901  39.028 0.1250000000
127067  -7.988  -19.875  38.929 0.1250000000
53162  -7.479  -19.097  38.654 0.1250000000
51294  -8.303  -19.979  38.664 0.1250000000
138088  -7.160  -18.796  38.797 0.2500000000
52211  -7.777  -19.205  38.295 0.1250000000
57211  -8.801  -15.374  40.265 0.1250000000
55103  -9.493  -16.715  39.327 0.1250000000
55104  -10.214  -16.934  39.449 0.1250000000
56217  -9.267  -15.879  40.071 0.1250000000
56231  -9.778  -16.396  39.794 0.1250000000
55105  -11.188  -17.140  39.507 0.1250000000
56202  -9.626  -15.424  40.632 0.1250000000
56218  -10.224  -16.029  40.324 0.1250000000
56232  -10.764  -16.543  39.930 0.1250000000
137358  -12.059  -17.302  39.403 0.1250000000
59068  -10.909  -12.856  44.628 0.1250000000
60222  -11.958  -12.526  44.331 0.1250000000
60223  -12.815  -12.019  43.930 0.1250000000
59110  -11.592  -13.248  43.053 0.1250000000
59129  -12.998  -13.082  42.034 0.1250000000
61214  -11.707  -10.906  46.467 0.1250000000
62185  -12.085  -9.679  46.253 0.1250000000
60203  -11.728  -12.257  45.187 0.1250000000
60204  -12.562  -11.754  44.744 0.1250000000
61234  -12.528  -10.345  45.600 0.1250000000
60202  -10.650  -12.484  45.490 0.1250000000
62184  -11.617  -9.080  46.610 0.1250000000
63104  -11.451  -8.236  46.291 0.1250000000
61213  -10.459  -10.942  47.019 0.2500000000
62172  -11.250  -9.918  46.955 0.1250000000
61233  -10.592  -11.872  46.377 0.1250000000
60180  -11.473  -11.852  45.915 0.1250000000
63092  -10.150  -8.212  47.484 0.2500000000
138119  -10.684  -7.176  46.787 0.1250000000
132621  -47.366  6.166  43.585 0.2500000000
76644  -48.073  5.552  42.309 0.2500000000
75632  -49.077  4.799  41.735 0.2500000000
75614  -49.529  4.505  41.930 0.2500000000
75633  -49.886  4.216  41.576 0.2500000000
69620  -16.293  -1.183  61.829 0.2500000000
121547  -16.472  -2.041  62.360 0.2500000000
68661  -16.757  -2.783  62.902 0.2500000000
70569  -16.384  -0.663  59.803 0.2500000000
127294  -51.069  1.548  32.694 0.2500000000
72768  -51.503  2.225  33.185 0.2500000000
73741  -50.980  2.922  33.452 0.2500000000
76751  -52.514  5.606  31.905 0.1250000000
119209  -53.614  6.531  30.963 0.1250000000
78744  -54.667  7.682  31.456 0.1250000000
77784  -54.167  7.137  30.478 0.1250000000
118045  -54.928  7.831  30.669 0.1250000000
78759  -53.753  6.798  29.352 0.1250000000
71535  -16.159  0.247  61.405 0.2500000000
78761  -55.485  8.332  30.320 0.1250000000
78767  -54.724  7.786  28.321 0.1250000000
78768  -55.356  8.277  29.151 0.1250000000
78776  -54.265  7.571  27.609 0.1250000000
78792  -54.215  7.911  26.036 0.1250000000
79681  -56.274  8.885  29.932 0.1250000000
79689  -55.876  8.756  28.823 0.1250000000
137577  -54.784  7.985  27.445 0.1250000000
79688  -55.319  8.317  28.144 0.1250000000
79699  -55.893  8.929  27.912 0.1250000000
79707  -54.916  8.323  26.570 0.1250000000
72504  -16.013  1.002  62.023 0.2500000000
79700  -56.653  9.557  28.019 0.1250000000
80677  -56.215  9.285  27.032 0.1250000000
80688  -56.810  9.897  26.385 0.2500000000
80687  -55.948  9.221  26.020 0.1250000000
79726  -54.837  8.676  24.941 0.1250000000
80694  -56.402  9.716  25.333 0.2500000000
80702  -55.491  9.280  24.396 0.1250000000
81704  -56.674  10.283  23.749 0.2500000000
81693  -57.011  10.375  24.776 0.2500000000
80720  -55.991  9.804  22.983 0.2500000000
85616  -59.646  14.181  16.746 0.2500000000
85607  -59.497  14.272  17.268 0.2500000000
85625  -59.366  14.306  15.926 0.2500000000
85615  -59.334  14.327  16.403 0.2500000000
119063  -59.159  14.470  15.226 0.2500000000
85647  -58.937  15.139  13.604 0.1250000000
86569  -58.956  15.228  12.705 0.1250000000
120668  -58.190  11.764  23.684 0.2500000000
82643  -57.971  11.766  22.778 0.2500000000
81711  -56.722  10.476  22.768 0.2500000000
81712  -57.420  11.013  23.257 0.2500000000
127032  -57.743  11.667  22.042 0.1250000000
84632  -58.920  14.260  16.970 0.2500000000
85624  -59.110  14.455  15.607 0.2500000000
85623  -58.900  14.564  15.137 0.2500000000
72497  -15.693  1.679  63.922 0.2500000000
74625  -5.422  4.086  44.141 0.2500000000
82651  -57.857  11.906  21.243 0.1250000000
83606  -57.837  12.538  18.796 0.2500000000
83597  -58.825  13.027  19.640 0.2500000000
84610  -58.103  13.153  17.994 0.2500000000
84621  -58.346  13.660  17.316 0.2500000000
139203  -58.751  13.820  17.992 0.2500000000
84631  -58.222  13.785  16.433 0.2500000000
84622  -58.841  14.078  17.930 0.2500000000
127227  -58.049  13.837  15.728 0.2500000000
84641  -57.352  13.456  15.156 0.2500000000
84642  -58.283  14.175  15.146 0.1250000000
84643  -58.796  14.332  15.907 0.2500000000
84654  -57.771  13.917  14.523 0.1250000000
85635  -58.535  14.571  14.324 0.1250000000
85646  -58.259  14.644  13.286 0.1250000000
85663  -58.720  15.157  12.784 0.1250000000
74457  -14.883  2.762  64.095 0.2500000000
73460  -15.200  2.162  63.749 0.2500000000
117586  -15.561  2.356  64.132 0.2500000000
73461  -16.166  2.073  64.260 0.2500000000
76600  -4.478  5.295  44.195 0.2500000000
119487  -14.441  3.365  64.185 0.2500000000
75424  -15.123  3.718  64.035 0.2500000000
76462  -14.431  5.214  63.406 0.2500000000
76463  -14.941  4.636  63.590 0.2500000000
75425  -16.112  3.675  63.603 0.2500000000
126989  -15.573  3.036  64.126 0.2500000000
122294  -17.721  5.593  61.628 0.2500000000
76469  -15.123  5.274  62.840 0.2500000000
76478  -15.981  5.167  62.357 0.2500000000
76470  -16.967  5.117  61.890 0.2500000000
76468  -14.509  5.934  62.521 0.2500000000
77489  -13.948  6.316  62.544 0.2500000000
77495  -14.290  6.484  62.154 0.2500000000
75431  -15.686  4.519  63.217 0.2500000000
75432  -16.611  4.396  62.746 0.2500000000
78466  -14.437  6.838  61.740 0.2500000000
78458  -13.792  6.822  62.201 0.2500000000
118178  -13.048  7.890  61.463 0.2500000000
79425  -13.830  7.617  61.279 0.2500000000
78476  -14.602  7.313  61.157 0.2500000000
125534  -15.067  7.713  60.528 0.2500000000
79434  -13.556  8.283  60.718 0.2500000000
119999  -14.370  7.987  60.613 0.2500000000
80386  -13.300  9.006  60.072 0.2500000000
79442  -14.087  8.737  59.842 0.2500000000
139958  -16.164  5.695  61.702 0.2500000000
76477  -15.358  5.864  62.084 0.2500000000
77496  -14.882  6.415  61.859 0.2500000000
78467  -15.151  6.843  61.309 0.2500000000
77497  -15.775  6.326  61.364 0.2500000000
78477  -15.453  7.287  60.737 0.2500000000
79435  -15.871  7.839  59.978 0.2500000000
79443  -15.015  8.315  59.887 0.2500000000
79433  -12.637  8.675  60.875 0.2500000000
80396  -14.801  9.119  59.179 0.2500000000
80397  -15.815  8.728  59.250 0.2500000000
140755  -13.665  9.262  59.581 0.2500000000
124400  -14.012  9.513  59.142 0.2500000000
77507  -16.501  6.566  60.872 0.2500000000
77498  -16.888  5.979  61.244 0.2500000000
78468  -15.936  6.890  60.847 0.2500000000
78478  -16.749  7.047  60.451 0.2500000000
131132  -16.184  7.320  60.363 0.2500000000
79444  -16.581  8.309  59.464 0.2500000000
81365  -11.872  9.972  59.936 0.2500000000
126226  -12.988  10.433  58.920 0.2500000000
80405  -14.563  9.888  58.656 0.2500000000
80406  -15.385  9.586  58.772 0.2500000000
81387  -15.200  10.426  58.604 0.2500000000
77508  -17.355  6.655  60.784 0.2500000000
79436  -17.978  8.060  59.857 0.2500000000
79445  -17.366  8.540  59.436 0.2500000000
80407  -16.174  9.423  58.943 0.2500000000
80394  -12.571  10.057  59.417 0.2500000000
81388  -16.023  10.237  58.822 0.2500000000
81385  -13.188  11.228  58.675 0.2500000000
82370  -13.951  11.110  58.568 0.2500000000
82352  -10.991  11.214  59.829 0.2500000000
81374  -11.658  11.609  59.262 0.2500000000
81375  -12.254  10.833  59.077 0.2500000000
83248  -9.092  13.150  61.187 0.2500000000
84194  -9.628  13.641  60.979 0.2500000000
83251  -9.670  12.856  60.595 0.2500000000
138932  -7.712  13.078  62.338 0.2500000000
84188  -7.611  14.488  63.087 0.2500000000
83247  -8.369  13.098  61.731 0.2500000000
84191  -8.877  13.753  61.755 0.2500000000
86109  -7.623  15.792  62.999 0.2500000000
85184  -8.028  15.289  63.146 0.2500000000
86115  -6.839  15.266  62.690 0.2500000000
133035  -8.074  16.170  62.831 0.2500000000
86110  -8.337  16.010  63.011 0.2500000000
87035  -7.878  16.224  61.376 0.2500000000
87036  -8.457  16.739  61.792 0.2500000000
53165  -9.406  -18.834  38.268 0.1250000000
137713  -8.586  -18.646  37.976 0.1250000000
56216  -8.436  -15.652  39.757 0.1250000000
52212  -8.270  -19.343  38.052 0.1250000000
80703  -56.214  9.773  24.479 0.2500000000
80713  -55.918  9.696  23.820 0.2500000000
57210  -8.063  -15.100  40.154 0.1250000000
57199  -10.326  -15.167  41.182 0.1250000000
59088  -11.246  -13.109  43.832 0.1250000000
76662  -48.443  5.302  41.716 0.2500000000
77783  -53.538  6.471  30.118 0.1250000000
77772  -54.008  7.119  31.400 0.1250000000
82642  -57.328  11.059  22.419 0.1250000000
76610  -4.314  5.899  43.420 0.1250000000
77484  -13.874  5.808  63.129 0.2500000000
135539  -11.544  10.759  59.650 0.2500000000
74624  -5.006  4.214  44.169 0.1250000000
56230  -8.905  -16.258  39.408 0.1250000000
47685  -6.632  -23.593  39.814 0.1250000000
48597  -6.547  -23.351  39.557 0.1250000000
51284  -6.336  -20.846  39.592 0.1250000000
74742  -51.288  3.524  33.371 0.2500000000
76750  -52.107  4.972  31.535 0.1250000000
43967  -8.207  -27.817  35.679 0.1250000000
44963  -8.254  -26.796  36.818 0.1250000000
44979  -8.192  -26.790  36.275 0.1250000000
45011  -9.032  -27.428  34.812 0.1250000000
45904  -8.079  -25.985  37.234 0.1250000000
46807  -7.655  -24.519  38.574 0.1250000000
46808  -8.043  -25.195  37.541 0.1250000000
129822  -8.155  -25.781  36.107 0.1250000000
46821  -8.200  -25.306  36.546 0.1250000000
140365  -8.546  -24.982  36.086 0.1250000000
47703  -7.601  -24.298  38.353 0.1250000000
48608  -7.688  -23.909  38.065 0.1250000000
52198  -6.880  -20.286  39.418 0.1250000000
56203  -10.793  -15.619  40.756 0.1250000000
58118  -13.246  -13.356  41.242 0.1250000000
60181  -12.277  -11.376  45.567 0.1250000000
63103  -10.794  -8.923  47.092 0.2500000000
64073  -10.886  -7.779  46.822 0.1250000000
78760  -54.630  7.598  29.484 0.1250000000
79698  -55.288  8.425  27.390 0.1250000000
120952  -55.553  8.723  27.045 0.1250000000
79708  -55.536  8.838  26.473 0.1250000000
80693  -55.604  9.167  25.219 0.1250000000
140712  -55.897  9.468  24.846 0.1250000000
85636  -59.039  14.725  14.599 0.1250000000
86548  -59.119  15.032  13.659 0.1250000000
83619  -57.635  12.958  17.405 0.2500000000
84668  -57.623  14.027  13.740 0.1250000000
84653  -56.992  13.400  14.188 0.1250000000
85645  -57.457  14.249  13.019 0.1250000000
78488  -16.940  7.668  59.815 0.2500000000
84190  -8.045  13.783  62.567 0.2500000000
42753  -32.746  -28.185  50.042 0.1250000000
41811  -33.206  -28.298  49.062 0.1250000000
56195  -37.878  -16.413  42.072 0.1250000000
57182  -37.335  -14.819  42.602 0.1250000000
117811  -36.730  -11.529  43.109 0.1250000000
60272  -39.758  -10.521  41.400 0.1250000000
60301  -41.366  -10.170  39.119 0.1250000000
71734  -47.977  0.726  40.090 0.1250000000
70758  -46.173  -0.101  39.547 0.1250000000
70748  -47.019  -0.398  39.818 0.1250000000
127981  -45.442  0.165  39.132 0.1250000000
117689  -47.038  -1.908  39.344 0.1250000000
70757  -45.518  -0.729  39.258 0.1250000000
140617  -45.258  -1.577  39.052 0.1250000000
68868  -46.532  -2.569  38.924 0.1250000000
136248  -47.236  -3.567  37.856 0.1250000000
70756  -44.785  -0.934  38.613 0.1250000000
67936  -46.063  -3.150  38.442 0.1250000000
67950  -46.517  -3.654  37.832 0.1250000000
66982  -47.063  -4.091  37.238 0.1250000000
68866  -44.729  -2.084  38.518 0.1250000000
68867  -45.193  -3.027  38.382 0.1250000000
67949  -45.629  -3.660  37.878 0.1250000000
66981  -46.070  -4.109  37.231 0.1250000000
67000  -47.331  -4.442  36.356 0.1250000000
127097  -44.093  -2.337  37.849 0.1250000000
68881  -44.535  -2.876  38.091 0.1250000000
123046  -44.778  -3.525  37.812 0.1250000000
66999  -46.453  -4.385  36.443 0.1250000000
67948  -44.059  -3.211  37.633 0.1250000000
66980  -45.156  -4.067  37.280 0.1250000000
130752  -45.525  -4.354  36.536 0.1250000000
67011  -45.882  -4.503  35.538 0.1250000000
132794  -43.525  -2.730  37.361 0.1250000000
136916  -44.718  -4.282  36.697 0.1250000000
67966  -43.457  -3.571  37.039 0.1250000000
66998  -43.875  -4.309  36.386 0.1250000000
117810  -44.842  -4.512  35.916 0.1250000000
71743  -45.822  0.734  39.360 0.1250000000
71733  -46.917  0.517  39.924 0.1250000000
72728  -44.647  1.197  38.172 0.1250000000
72706  -46.383  1.429  39.692 0.1250000000
70765  -44.426  -0.093  37.814 0.1250000000
71750  -44.690  0.591  38.118 0.1250000000
71742  -45.081  0.727  38.699 0.1250000000
70766  -44.947  0.001  38.597 0.1250000000
67012  -46.791  -4.503  35.718 0.1250000000
67013  -47.570  -4.619  35.389 0.1250000000
67023  -48.160  -4.669  34.611 0.1250000000
117141  -46.678  -4.552  34.875 0.1250000000
67022  -47.380  -4.555  34.365 0.1250000000
66997  -42.911  -4.036  36.344 0.1250000000
126163  -48.598  3.619  40.450 0.1250000000
73686  -48.950  2.859  40.267 0.1250000000
72708  -49.334  2.077  40.135 0.1250000000
73685  -47.736  2.911  40.265 0.1250000000
127008  -48.203  2.132  40.207 0.1250000000
73697  -46.025  2.108  39.569 0.1250000000
72707  -47.488  1.397  40.097 0.1250000000
72718  -45.294  1.451  38.993 0.1250000000
67041  -49.372  -4.587  33.775 0.1250000000
118548  -48.568  -4.574  33.879 0.1250000000
67009  -43.157  -4.522  35.616 0.1250000000
67010  -44.075  -4.592  35.327 0.1250000000
117142  -45.831  -4.504  34.431 0.1250000000
67039  -46.576  -4.447  33.785 0.1250000000
67040  -47.375  -4.399  33.518 0.1250000000
67021  -44.237  -4.564  34.348 0.1250000000
117983  -45.063  -4.486  33.944 0.1250000000
67038  -45.748  -4.394  33.584 0.1250000000
67054  -46.875  -4.290  33.012 0.1250000000
67037  -44.370  -4.356  33.462 0.1250000000
125764  -46.089  -4.164  32.869 0.1250000000
67052  -43.746  -4.256  32.909 0.1250000000
139184  -44.918  -3.915  32.682 0.1250000000
75647  -50.279  3.917  41.197 0.1250000000
74701  -50.562  3.380  40.352 0.1250000000
138640  -48.427  4.802  40.869 0.1250000000
74700  -49.588  3.482  40.447 0.1250000000
73687  -49.991  2.796  40.108 0.1250000000
72709  -50.245  2.016  39.834 0.1250000000
74697  -45.221  2.988  39.707 0.1250000000
73684  -45.811  2.727  39.787 0.1250000000
75657  -47.301  3.948  40.748 0.1250000000
74699  -47.776  3.615  40.500 0.1250000000
74709  -44.579  2.634  39.009 0.1250000000
137050  -45.025  2.553  39.200 0.1250000000
138518  -46.651  2.615  40.061 0.1250000000
73696  -45.173  2.152  39.036 0.1250000000
73704  -44.610  1.722  38.318 0.1250000000
67987  -48.880  -4.216  33.203 0.1250000000
118873  -47.908  -4.535  33.920 0.1250000000
138446  -48.470  -3.839  32.731 0.1250000000
68002  -46.901  -3.684  32.545 0.1250000000
67055  -47.413  -4.153  32.890 0.1250000000
122229  -45.149  -4.205  33.084 0.1250000000
136554  -45.334  -3.725  32.541 0.1250000000
68724  -20.173  -2.315  54.534 0.1250000000
68736  -20.438  -2.011  53.785 0.1250000000
76670  -48.170  5.211  41.231 0.1250000000
75646  -48.819  4.890  41.238 0.1250000000
124604  -49.567  4.375  41.212 0.1250000000
74680  -45.299  3.544  40.252 0.1250000000
75643  -45.948  4.194  40.883 0.1250000000
75631  -47.455  5.106  41.356 0.1250000000
67988  -49.673  -4.088  33.127 0.1250000000
68004  -49.931  -3.446  32.589 0.1250000000
118364  -48.440  -3.145  32.273 0.1250000000
122778  -49.127  -3.656  32.648 0.1250000000
68924  -47.502  -2.968  32.217 0.1250000000
68001  -45.981  -3.308  32.409 0.1250000000
67999  -44.030  -3.796  32.253 0.1250000000
68921  -45.151  -2.932  32.092 0.1250000000
67998  -43.273  -4.153  32.173 0.1250000000
69661  -20.504  -1.919  56.398 0.1250000000
69674  -20.293  -1.352  54.647 0.1250000000
68725  -20.464  -1.894  54.674 0.1250000000
125211  -20.404  -1.561  53.851 0.1250000000
124209  -20.455  -1.068  53.148 0.1250000000
69694  -21.190  -1.140  51.969 0.1250000000
70647  -21.709  -0.434  51.654 0.1250000000
134355  -21.561  -1.781  51.705 0.1250000000
120216  -47.451  5.807  42.688 0.1250000000
75630  -46.560  4.898  41.405 0.1250000000
76661  -47.861  5.520  41.820 0.1250000000
119516  -49.321  -2.984  32.233 0.1250000000
68926  -50.040  -2.771  32.176 0.1250000000
68927  -50.633  -2.329  32.090 0.1250000000
68925  -48.851  -2.387  31.891 0.1250000000
68944  -49.991  -2.182  31.862 0.1250000000
118562  -48.004  -2.322  31.917 0.1250000000
69891  -49.398  -1.720  31.691 0.1250000000
68922  -45.825  -2.514  32.127 0.1250000000
68923  -46.609  -2.573  32.196 0.1250000000
68018  -44.345  -3.135  31.792 0.1250000000
68942  -45.392  -2.050  31.702 0.1250000000
68017  -43.630  -3.511  31.572 0.1250000000
68941  -44.654  -2.331  31.422 0.1250000000
70599  -20.159  -1.354  56.616 0.1250000000
68702  -20.234  -2.327  57.063 0.1250000000
119712  -20.301  -1.357  55.718 0.1250000000
69667  -20.507  -1.880  55.548 0.1250000000
70620  -20.086  -0.478  53.115 0.1250000000
138668  -20.491  -0.467  52.611 0.1250000000
71609  -21.109  0.610  52.220 0.1250000000
71624  -21.551  0.202  51.846 0.1250000000
73623  -8.565  3.615  44.108 0.1250000000
69892  -50.346  -1.535  31.743 0.1250000000
69893  -51.149  -1.092  31.805 0.1250000000
69876  -48.446  -1.606  31.732 0.1250000000
69874  -46.802  -1.572  32.026 0.1250000000
69875  -47.576  -1.506  31.903 0.1250000000
69873  -46.089  -1.778  31.967 0.1250000000
68031  -42.468  -3.606  30.625 0.1250000000
68940  -43.935  -2.706  31.110 0.1250000000
68030  -41.634  -3.916  30.454 0.1250000000
68954  -42.845  -2.840  30.133 0.1250000000
68939  -43.241  -3.200  30.831 0.1250000000
121857  -19.562  -2.117  64.121 0.1250000000
68657  -17.446  -2.426  64.350 0.1250000000
69611  -16.492  -1.019  64.045 0.1250000000
69614  -16.666  -1.908  64.066 0.1250000000
69613  -16.417  -1.322  63.066 0.1250000000
70592  -19.426  -0.598  56.923 0.1250000000
70581  -19.547  -0.546  57.827 0.1250000000
70598  -19.775  -0.778  56.083 0.1250000000
70561  -16.353  -0.508  60.929 0.1250000000
135171  -16.126  -0.407  61.897 0.1250000000
70604  -19.429  -0.384  55.045 0.1250000000
70611  -19.740  -0.491  53.899 0.1250000000
71587  -19.111  0.396  53.954 0.1250000000
139884  -20.349  0.284  52.569 0.1250000000
72572  -20.673  1.072  52.524 0.1250000000
72573  -21.453  1.417  52.579 0.1250000000
120751  -23.442  1.561  53.967 0.1250000000
74613  -7.395  3.957  44.177 0.1250000000
74627  -7.376  4.333  43.801 0.1250000000
70834  -50.382  -0.600  31.699 0.1250000000
70820  -51.163  -0.125  31.974 0.1250000000
69877  -48.912  -0.840  31.696 0.1250000000
70833  -49.717  -0.958  31.612 0.1250000000
70831  -46.569  -0.257  31.591 0.1250000000
70816  -47.131  -0.676  31.928 0.1250000000
120499  -48.001  -0.737  31.858 0.1250000000
69890  -46.350  -0.973  31.798 0.1250000000
68956  -44.259  -1.790  30.633 0.1250000000
69888  -44.988  -1.515  31.129 0.1250000000
68955  -43.524  -2.381  30.378 0.1250000000
122184  -19.408  -1.241  64.304 0.1250000000
132883  -19.714  -0.581  59.962 0.1250000000
70571  -20.083  -1.180  59.991 0.1250000000
139774  -18.398  -1.350  64.574 0.1250000000
131769  -17.444  -1.439  64.538 0.1250000000
70552  -16.219  -0.453  63.294 0.1250000000
70548  -16.303  -0.209  64.048 0.1250000000
130003  -18.630  0.132  56.848 0.1250000000
71569  -18.982  -0.112  57.478 0.1250000000
70554  -16.188  -0.633  62.561 0.1250000000
71578  -18.571  0.448  55.454 0.1250000000
140408  -18.382  0.480  56.191 0.1250000000
71533  -16.090  0.152  62.571 0.1250000000
71586  -18.718  0.593  54.668 0.1250000000
72553  -18.240  1.250  54.954 0.1250000000
72546  -17.957  1.113  55.782 0.1250000000
72562  -19.350  1.279  53.329 0.1250000000
72554  -18.703  1.504  54.051 0.1250000000
127615  -19.334  2.155  53.531 0.1250000000
72564  -20.668  1.724  52.859 0.1250000000
72565  -22.068  1.880  53.248 0.1250000000
72555  -22.618  2.180  54.221 0.1250000000
72556  -23.424  2.076  54.968 0.1250000000
74626  -6.300  4.103  44.090 0.1250000000
131969  -51.991  -0.083  32.300 0.1250000000
70819  -49.501  -0.055  31.819 0.1250000000
119628  -50.307  0.206  31.894 0.1250000000
71811  -50.670  0.827  32.250 0.1250000000
72767  -50.549  2.411  33.061 0.1250000000
70832  -47.117  0.012  31.778 0.1250000000
70818  -48.501  0.015  31.973 0.1250000000
73750  -49.104  2.280  32.195 0.1250000000
73751  -49.821  2.438  32.641 0.1250000000
73757  -48.515  2.142  31.623 0.1250000000
120064  -44.735  -1.063  30.587 0.1250000000
132805  -47.077  1.180  30.485 0.1250000000
69901  -43.125  -2.182  29.786 0.1250000000
69902  -43.652  -1.643  29.889 0.1250000000
72799  -46.574  1.118  29.793 0.1250000000
69910  -42.959  -1.639  29.262 0.1250000000
69615  -20.589  -1.051  63.037 0.1250000000
69621  -20.310  -1.441  62.086 0.1250000000
124248  -20.364  -0.819  63.697 0.1250000000
69630  -20.139  -1.315  61.004 0.1250000000
70550  -18.402  -0.664  64.628 0.1250000000
117114  -19.450  -0.004  59.933 0.1250000000
70562  -19.683  -0.517  60.734 0.1250000000
70549  -17.105  -0.531  64.574 0.1250000000
71554  -18.695  0.879  58.377 0.1250000000
125483  -17.875  2.274  58.018 0.1250000000
72531  -18.199  1.425  57.752 0.1250000000
123510  -17.597  2.018  57.137 0.1250000000
127471  -17.551  1.915  56.126 0.1250000000
72540  -18.025  1.042  56.780 0.1250000000
71531  -16.133  0.321  63.432 0.1250000000
73528  -18.264  2.233  54.629 0.1250000000
130817  -17.834  1.840  55.339 0.1250000000
73529  -18.993  2.662  53.976 0.1250000000
73536  -19.954  2.040  53.111 0.1250000000
73530  -19.990  2.858  53.705 0.1250000000
73537  -20.763  2.402  53.404 0.1250000000
123344  -21.329  2.011  53.144 0.1250000000
73532  -22.840  2.730  55.221 0.1250000000
71812  -51.570  0.661  32.402 0.1250000000
71810  -49.796  0.883  32.142 0.1250000000
135306  -48.221  0.644  31.924 0.1250000000
71820  -46.207  0.086  31.055 0.1250000000
71821  -46.830  0.362  31.369 0.1250000000
71823  -47.882  0.950  31.692 0.1250000000
68065  -51.979  -2.581  27.349 0.1250000000
68992  -52.006  -1.922  27.213 0.1250000000
70843  -45.615  -0.172  30.693 0.1250000000
73765  -48.015  2.009  30.309 0.1250000000
72785  -47.996  1.540  31.420 0.1250000000
70868  -53.254  0.026  28.095 0.1250000000
70841  -44.267  -1.017  30.027 0.1250000000
72790  -47.630  1.564  30.763 0.1250000000
69909  -42.060  -1.983  29.004 0.1250000000
72816  -53.959  1.750  28.124 0.1250000000
75808  -54.157  4.845  23.673 0.1250000000
76841  -54.865  5.220  24.117 0.1250000000
118855  -20.014  0.039  62.780 0.1250000000
70555  -20.244  -0.587  62.483 0.1250000000
71534  -19.711  0.026  61.847 0.1250000000
71532  -19.799  0.382  63.239 0.1250000000
71536  -19.385  0.398  60.777 0.1250000000
70551  -19.748  -0.166  64.057 0.1250000000
70547  -18.892  0.219  64.477 0.1250000000
70546  -17.802  0.076  64.833 0.1250000000
73494  -17.581  2.770  57.438 0.1250000000
74492  -17.877  3.217  58.077 0.1250000000
74489  -18.405  3.441  58.914 0.1250000000
71529  -16.808  0.188  64.550 0.1250000000
73507  -17.485  2.971  56.515 0.1250000000
71528  -16.203  0.394  64.043 0.1250000000
119461  -17.728  3.729  55.786 0.1250000000
72501  -16.129  1.051  62.967 0.1250000000
74514  -18.252  3.922  55.055 0.1250000000
72498  -16.037  1.017  63.708 0.1250000000
74515  -19.442  4.039  54.694 0.1250000000
128479  -19.495  3.358  54.201 0.1250000000
73531  -21.088  3.000  54.152 0.1250000000
74533  -22.344  3.297  55.354 0.1250000000
74517  -21.785  3.866  55.360 0.1250000000
118677  -22.025  2.863  54.697 0.1250000000
73519  -22.986  3.119  55.753 0.1250000000
74518  -22.573  3.689  55.644 0.1250000000
71809  -48.930  0.803  32.100 0.1250000000
72778  -50.140  1.690  32.570 0.1250000000
72777  -49.311  1.665  32.330 0.1250000000
68986  -52.906  -1.508  28.227 0.1250000000
72784  -47.321  0.982  31.187 0.1250000000
72776  -48.543  1.468  31.939 0.1250000000
68057  -52.293  -2.731  27.950 0.1250000000
68985  -52.368  -2.022  27.773 0.1250000000
69941  -52.547  -1.336  27.666 0.1250000000
138260  -45.974  0.256  30.517 0.1250000000
71830  -46.559  0.653  30.658 0.1250000000
70878  -52.695  -0.508  27.664 0.1250000000
71857  -54.283  1.181  28.510 0.1250000000
70851  -43.700  -0.995  29.367 0.1250000000
71829  -45.519  0.195  30.072 0.1250000000
71839  -46.055  0.566  30.079 0.1250000000
70850  -43.142  -0.953  28.745 0.1250000000
70861  -43.783  -0.418  28.803 0.1250000000
76846  -54.753  5.326  23.140 0.1250000000
76842  -55.506  5.687  23.598 0.1250000000
117937  -19.560  0.881  62.634 0.1250000000
117320  -19.428  0.955  61.612 0.1250000000
72502  -19.503  1.183  63.272 0.1250000000
71527  -19.113  0.805  64.332 0.1250000000
73464  -19.637  2.521  64.068 0.1250000000
73493  -17.609  3.418  57.254 0.1250000000
123754  -18.210  4.091  58.258 0.1250000000
71525  -17.465  0.714  64.880 0.1250000000
74501  -17.739  4.105  56.608 0.1250000000
75454  -18.208  4.728  57.366 0.1250000000
71524  -16.562  0.814  64.460 0.1250000000
131928  -18.199  4.911  56.381 0.1250000000
72493  -16.374  1.466  64.341 0.1250000000
123336  -18.125  4.513  55.725 0.1250000000
75457  -18.886  5.213  55.812 0.1250000000
75465  -19.730  4.805  55.200 0.1250000000
76501  -19.917  5.516  55.634 0.1250000000
74531  -20.414  3.580  54.393 0.1250000000
74516  -20.780  4.188  54.983 0.1250000000
75466  -20.671  4.898  55.339 0.1250000000
75468  -22.936  4.411  55.672 0.1250000000
74519  -23.341  3.554  55.911 0.1250000000
75469  -23.832  4.463  55.724 0.1250000000
74741  -50.398  3.103  33.063 0.1250000000
74749  -49.629  2.953  32.427 0.1250000000
74750  -50.236  3.583  32.335 0.1250000000
74757  -49.675  3.288  31.714 0.1250000000
74758  -50.414  3.771  31.439 0.1250000000
77845  -56.767  6.366  23.908 0.1250000000
76843  -56.245  6.207  23.145 0.1250000000
77858  -56.968  6.506  22.559 0.1250000000
75450  -19.234  4.956  59.220 0.1250000000
73458  -19.004  1.851  64.489 0.1250000000
75452  -18.632  4.882  58.363 0.1250000000
73457  -18.219  1.863  64.525 0.1250000000
72495  -18.260  1.269  64.735 0.1250000000
72494  -17.300  1.356  64.683 0.1250000000
76495  -18.694  5.432  56.784 0.1250000000
76496  -19.472  5.954  56.415 0.1250000000
134829  -21.334  4.951  55.432 0.1250000000
75467  -22.037  4.523  55.481 0.1250000000
76503  -22.648  5.338  55.431 0.1250000000
74751  -50.940  3.871  32.754 0.1250000000
75712  -51.450  4.511  32.434 0.1250000000
75711  -50.820  4.241  32.058 0.1250000000
130400  -57.031  6.514  23.313 0.1250000000
77859  -57.709  6.771  23.079 0.1250000000
77867  -57.776  6.857  22.130 0.1250000000
133879  -57.563  6.738  21.466 0.1250000000
77868  -58.586  7.446  22.072 0.1250000000
78859  -59.797  8.949  19.671 0.1250000000
79788  -59.789  8.918  18.967 0.1250000000
73470  -20.045  2.562  62.756 0.1250000000
72505  -19.485  1.719  62.247 0.1250000000
124785  -19.682  1.861  62.986 0.1250000000
73473  -19.565  2.972  61.248 0.1250000000
73467  -20.061  2.647  63.328 0.1250000000
74478  -19.169  3.280  60.365 0.1250000000
74461  -19.734  3.215  64.107 0.1250000000
74485  -19.476  4.148  60.032 0.1250000000
76492  -19.197  5.680  58.388 0.1250000000
76491  -19.148  5.965  57.374 0.1250000000
73462  -17.174  2.146  64.346 0.1250000000
74458  -16.440  2.836  64.070 0.1250000000
77524  -19.729  6.537  57.144 0.1250000000
135975  -20.541  6.664  56.369 0.1250000000
76497  -20.272  6.145  56.021 0.1250000000
76502  -20.838  5.538  55.665 0.1250000000
125619  -21.748  5.566  55.512 0.1250000000
138463  -22.482  6.108  55.385 0.1250000000
77860  -58.419  7.281  22.880 0.1250000000
78828  -59.048  7.850  22.731 0.1250000000
78840  -59.275  8.016  21.963 0.1250000000
134384  -58.837  7.664  21.360 0.1250000000
79775  -59.920  9.387  19.415 0.1250000000
79802  -59.812  8.907  17.872 0.1250000000
79810  -59.898  8.383  16.596 0.1250000000
78892  -59.865  7.896  15.754 0.1250000000
79818  -59.204  8.617  16.253 0.1250000000
74474  -21.601  3.614  62.880 0.1250000000
74473  -20.480  3.154  62.287 0.1250000000
74469  -21.348  3.687  63.351 0.1250000000
74468  -20.841  3.227  63.058 0.1250000000
74480  -21.090  3.960  62.117 0.1250000000
73465  -20.427  3.286  63.720 0.1250000000
75445  -20.094  4.982  60.049 0.1250000000
75426  -19.440  3.811  64.003 0.1250000000
77515  -20.632  6.211  59.500 0.1250000000
76488  -19.878  5.603  59.303 0.1250000000
74460  -18.849  3.072  64.182 0.1250000000
77518  -19.860  6.149  58.726 0.1250000000
73463  -18.207  2.448  64.230 0.1250000000
75434  -18.826  4.253  63.327 0.1250000000
77519  -20.275  6.722  58.559 0.1250000000
77521  -19.604  6.430  57.971 0.1250000000
74459  -17.661  2.922  63.875 0.1250000000
74467  -18.273  3.632  63.463 0.1250000000
77522  -20.130  7.044  57.721 0.1250000000
74466  -17.143  3.607  63.307 0.1250000000
75433  -17.781  4.378  62.655 0.1250000000
77525  -20.363  7.098  56.919 0.1250000000
78503  -20.865  7.695  56.901 0.1250000000
77526  -21.120  7.177  56.303 0.1250000000
77530  -21.885  6.598  55.703 0.1250000000
80745  -60.386  9.783  19.701 0.1250000000
136026  -59.974  9.682  19.159 0.1250000000
80761  -59.936  10.242  18.469 0.1250000000
80781  -59.809  9.396  18.049 0.1250000000
79801  -59.759  8.789  17.169 0.1250000000
80780  -59.710  9.804  17.765 0.1250000000
81786  -59.562  10.597  17.421 0.1250000000
81785  -59.347  10.924  16.803 0.1250000000
80791  -59.369  9.964  16.980 0.1250000000
79809  -59.535  9.024  16.799 0.1250000000
80798  -59.129  9.536  16.597 0.1250000000
76480  -21.746  4.648  61.953 0.1250000000
76465  -21.820  4.839  63.454 0.1250000000
75436  -22.066  3.863  63.063 0.1250000000
75437  -22.251  4.418  63.079 0.1250000000
76464  -20.891  4.864  63.822 0.1250000000
74462  -20.540  4.013  63.932 0.1250000000
75435  -19.812  4.611  63.774 0.1250000000
77516  -21.704  6.547  60.169 0.1250000000
76472  -19.889  5.515  63.105 0.1250000000
78489  -21.061  6.984  59.220 0.1250000000
78490  -22.029  7.298  59.779 0.1250000000
76471  -18.834  4.900  62.751 0.1250000000
137427  -21.446  7.626  58.931 0.1250000000
78500  -20.667  7.666  57.543 0.1250000000
78495  -20.721  7.412  58.358 0.1250000000
135810  -18.000  5.127  62.115 0.1250000000
78508  -22.023  7.583  55.907 0.1250000000
81736  -60.702  10.313  19.919 0.1250000000
119476  -60.673  10.986  20.114 0.1250000000
81737  -60.257  10.212  19.172 0.1250000000
82694  -60.164  11.179  18.593 0.1250000000
138141  -60.262  10.696  18.888 0.1250000000
81767  -59.849  10.898  18.027 0.1250000000
136359  -60.022  11.889  18.107 0.1250000000
82710  -59.743  11.698  17.561 0.1250000000
82709  -59.503  11.692  16.882 0.1250000000
76481  -22.318  4.914  62.590 0.1250000000
76474  -22.304  5.321  63.089 0.1250000000
119112  -22.897  7.576  60.247 0.1250000000
77511  -22.381  6.155  61.053 0.1250000000
130595  -21.580  6.097  63.250 0.1250000000
78497  -22.312  8.278  59.240 0.1250000000
77500  -19.558  6.222  62.189 0.1250000000
79451  -21.547  9.054  57.756 0.1250000000
78496  -21.317  8.198  58.194 0.1250000000
76479  -18.705  5.683  62.029 0.1250000000
135826  -21.225  8.798  56.908 0.1250000000
78501  -21.082  8.305  57.295 0.1250000000
78505  -21.747  8.591  56.059 0.1250000000
78504  -21.360  8.056  56.565 0.1250000000
81749  -60.432  11.242  19.319 0.1250000000
82682  -60.176  12.160  18.680 0.1250000000
118478  -59.925  12.500  17.630 0.1250000000
83632  -59.741  12.541  16.999 0.1250000000
77503  -23.095  6.542  61.803 0.1250000000
78472  -23.174  7.450  61.490 0.1250000000
77492  -22.892  6.779  62.324 0.1250000000
77502  -22.712  5.884  62.285 0.1250000000
78483  -23.311  7.430  60.903 0.1250000000
77491  -22.248  6.307  62.834 0.1250000000
78460  -22.002  7.241  62.671 0.1250000000
78470  -20.868  7.578  62.041 0.1250000000
121651  -18.811  6.347  61.568 0.1250000000
77499  -18.000  6.191  61.300 0.1250000000
131057  -21.196  9.383  56.260 0.1250000000
83608  -60.094  13.172  18.641 0.1250000000
83620  -60.097  12.847  18.056 0.1250000000
79429  -23.026  8.460  61.826 0.1250000000
79430  -23.454  8.633  61.162 0.1250000000
78484  -23.475  8.199  60.794 0.1250000000
79428  -22.153  8.543  62.062 0.1250000000
78491  -23.215  8.206  60.223 0.1250000000
78471  -21.787  7.951  62.315 0.1250000000
79447  -23.007  9.061  59.548 0.1250000000
78481  -19.387  8.106  60.584 0.1250000000
77509  -18.468  6.912  60.962 0.1250000000
78479  -17.684  7.316  60.325 0.1250000000
80415  -21.321  10.192  56.926 0.1250000000
129249  -20.901  10.202  56.349 0.1250000000
80420  -20.885  9.409  55.510 0.1250000000
85637  -59.272  14.580  14.420 0.1250000000
81359  -23.334  10.055  61.184 0.1250000000
120994  -22.505  9.217  61.741 0.1250000000
80379  -23.528  9.548  60.911 0.1250000000
135546  -22.136  9.631  61.521 0.1250000000
81379  -23.321  10.636  59.710 0.1250000000
79440  -23.525  9.060  60.505 0.1250000000
79427  -21.206  8.390  61.600 0.1250000000
80401  -23.196  10.105  59.421 0.1250000000
80400  -22.891  9.850  59.222 0.1250000000
80387  -19.068  9.434  59.978 0.1250000000
79438  -19.657  8.789  60.428 0.1250000000
81390  -23.105  10.567  59.130 0.1250000000
79452  -22.312  9.398  58.687 0.1250000000
80409  -22.828  10.364  58.961 0.1250000000
137341  -22.514  10.120  58.683 0.1250000000
79437  -18.823  8.524  60.125 0.1250000000
78480  -18.645  7.723  60.474 0.1250000000
80412  -21.704  10.658  57.602 0.1250000000
80408  -21.798  10.045  58.006 0.1250000000
139403  -21.508  10.215  57.387 0.1250000000
80419  -20.302  10.427  55.692 0.1250000000
83596  -57.938  12.331  19.717 0.1250000000
83631  -57.548  13.145  16.769 0.1250000000
84630  -57.411  13.293  16.020 0.1250000000
82357  -23.159  11.190  60.247 0.1250000000
81368  -22.224  10.644  61.083 0.1250000000
81367  -21.218  10.761  60.691 0.1250000000
82374  -23.049  11.855  58.717 0.1250000000
81378  -19.350  10.393  60.058 0.1250000000
81389  -22.790  10.927  58.624 0.1250000000
121678  -18.904  11.276  59.906 0.1250000000
81404  -21.732  11.210  57.406 0.1250000000
79446  -18.222  9.019  59.625 0.1250000000
80399  -17.544  9.515  59.333 0.1250000000
124388  -21.413  11.025  56.813 0.1250000000
82386  -21.156  11.861  56.324 0.1250000000
82355  -22.078  11.373  60.657 0.1250000000
83256  -22.560  12.475  60.115 0.1250000000
83268  -23.051  12.003  59.945 0.1250000000
82354  -21.158  11.761  60.435 0.1250000000
83272  -22.983  12.826  58.965 0.1250000000
135517  -20.475  11.242  60.413 0.1250000000
82366  -19.431  12.103  60.114 0.1250000000
83276  -22.417  12.456  58.233 0.1250000000
122039  -18.070  11.332  59.585 0.1250000000
82365  -18.548  12.344  59.844 0.1250000000
82383  -21.882  11.529  57.613 0.1250000000
82382  -21.628  11.912  56.904 0.1250000000
134147  -18.398  10.202  59.632 0.1250000000
82364  -17.586  12.268  59.620 0.1250000000
83283  -21.047  12.755  56.046 0.1250000000
81377  -17.521  10.528  59.334 0.1250000000
128024  -17.375  11.364  59.355 0.1250000000
80398  -16.821  9.913  59.110 0.1250000000
81376  -16.785  10.865  59.057 0.1250000000
82373  -15.938  11.270  58.887 0.1250000000
83255  -21.973  12.324  60.363 0.1250000000
83267  -22.769  12.737  59.645 0.1250000000
84218  -21.696  14.038  58.636 0.1250000000
85220  -21.343  13.944  57.778 0.1250000000
84202  -21.014  13.621  60.073 0.1250000000
120815  -21.556  13.406  56.948 0.1250000000
83253  -20.043  12.715  60.177 0.1250000000
83279  -21.634  12.820  56.816 0.1250000000
84235  -21.054  13.274  56.218 0.1250000000
118732  -20.619  13.527  55.773 0.1250000000
83263  -17.434  13.085  59.783 0.1250000000
82363  -16.802  11.806  59.315 0.1250000000
134774  -16.198  12.343  59.338 0.1250000000
82372  -15.105  11.172  58.693 0.1250000000
83266  -21.961  13.205  60.062 0.1250000000
84217  -20.879  14.146  59.140 0.1250000000
85219  -20.682  14.109  58.217 0.1250000000
84214  -20.340  14.050  59.768 0.1250000000
84201  -20.215  13.489  60.080 0.1250000000
120695  -20.468  13.797  56.432 0.1250000000
122495  -18.664  13.870  59.461 0.1250000000
85238  -20.241  13.714  55.635 0.1250000000
84212  -17.866  13.659  59.572 0.1250000000
84242  -19.878  13.801  54.859 0.1250000000
82360  -12.484  11.972  58.931 0.1250000000
83262  -16.812  12.799  59.709 0.1250000000
138074  -16.267  12.952  59.725 0.1250000000
82371  -14.605  11.566  58.778 0.1250000000
82362  -15.408  12.000  59.057 0.1250000000
85218  -19.616  14.183  58.358 0.1250000000
85208  -19.251  14.147  59.264 0.1250000000
85228  -19.087  14.168  57.501 0.1250000000
85229  -20.099  14.047  57.343 0.1250000000
85207  -18.209  14.215  59.226 0.1250000000
85237  -19.823  13.940  56.505 0.1250000000
82359  -11.083  12.195  59.529 0.1250000000
85206  -17.350  13.996  59.282 0.1250000000
85215  -16.876  14.033  59.036 0.1250000000
85241  -19.703  13.823  55.832 0.1250000000
83258  -11.972  12.556  59.441 0.1250000000
85205  -16.508  13.763  59.489 0.1250000000
85214  -16.056  14.012  59.570 0.1250000000
84210  -16.278  13.461  59.843 0.1250000000
84209  -15.659  13.738  60.329 0.1250000000
83260  -14.039  12.840  59.683 0.1250000000
83261  -15.689  12.989  59.744 0.1250000000
82361  -14.795  12.529  59.375 0.1250000000
84208  -14.899  13.441  60.459 0.1250000000
85217  -18.591  14.344  58.601 0.1250000000
85235  -18.434  14.087  57.058 0.1250000000
85226  -17.174  14.212  58.310 0.1250000000
85236  -19.207  13.961  56.616 0.1250000000
84232  -17.876  13.714  56.475 0.1250000000
85225  -16.278  13.905  58.624 0.1250000000
84233  -18.896  13.817  56.193 0.1250000000
84205  -11.344  13.198  59.860 0.1250000000
116787  -15.498  14.044  58.913 0.1250000000
84240  -18.377  13.522  55.628 0.1250000000
84239  -17.158  13.271  55.679 0.1250000000
83259  -13.079  12.930  59.778 0.1250000000
85204  -15.710  14.160  60.349 0.1250000000
136302  -15.570  14.363  59.837 0.1250000000
84200  -15.174  13.918  60.947 0.1250000000
85227  -18.059  14.394  58.002 0.1250000000
84195  -10.378  13.439  60.350 0.1250000000
84222  -16.507  13.892  57.635 0.1250000000
84223  -17.475  14.060  57.390 0.1250000000
84231  -16.801  13.646  56.683 0.1250000000
84230  -15.763  13.653  56.874 0.1250000000
133656  -12.373  13.279  60.006 0.1250000000
85224  -14.655  14.090  57.961 0.1250000000
130681  -14.338  13.551  56.348 0.1250000000
84238  -15.976  13.289  56.004 0.1250000000
84206  -13.224  13.539  60.956 0.1250000000
84207  -14.025  13.432  60.905 0.1250000000
85200  -14.597  14.160  61.427 0.1250000000
85203  -15.169  14.473  60.565 0.1250000000
85212  -14.374  14.835  59.717 0.1250000000
116924  -13.956  14.565  58.471 0.1250000000
84249  -16.128  12.928  55.086 0.1250000000
85198  -10.341  14.148  60.962 0.1250000000
137503  -11.108  14.435  61.248 0.1250000000
85199  -12.062  14.335  61.342 0.1250000000
85192  -12.567  14.568  61.889 0.1250000000
86127  -13.617  15.410  59.990 0.1250000000
86126  -12.358  16.240  58.853 0.1250000000
86136  -12.312  15.272  57.693 0.1250000000
134544  -11.789  16.042  57.419 0.1250000000
133478  -11.638  16.400  56.792 0.1250000000
122710  -12.249  13.788  60.653 0.1250000000
84197  -13.029  13.945  61.644 0.1250000000
84192  -13.400  14.112  61.773 0.1250000000
137001  -13.595  14.993  59.125 0.1250000000
85223  -13.132  14.513  57.606 0.1250000000
85233  -12.481  14.586  56.808 0.1250000000
86140  -11.638  15.891  56.016 0.1250000000
84198  -13.906  13.793  61.608 0.1250000000
85193  -13.941  14.168  61.673 0.1250000000
86123  -14.421  14.896  60.817 0.1250000000
117280  -11.978  14.844  55.920 0.1250000000
85244  -12.272  14.306  54.893 0.1250000000
85197  -9.610  14.284  61.760 0.1250000000
85186  -9.804  14.967  62.410 0.1250000000
86112  -10.074  15.653  62.552 0.1250000000
86113  -11.106  15.773  62.349 0.1250000000
88808  -12.832  18.577  59.339 0.1250000000
88812  -12.523  18.697  58.572 0.1250000000
88820  -12.265  18.865  57.673 0.1250000000
85190  -10.554  14.641  61.874 0.1250000000
86117  -10.836  15.110  62.225 0.1250000000
86118  -11.803  15.155  62.154 0.1250000000
125552  -13.228  16.034  61.350 0.1250000000
87041  -13.312  16.730  60.903 0.1250000000
87927  -12.787  17.768  59.671 0.1250000000
87931  -12.342  17.827  58.909 0.1250000000
87938  -11.911  17.896  57.991 0.1250000000
123014  -11.874  18.115  57.084 0.1250000000
85191  -11.541  14.705  61.900 0.1250000000
86119  -12.792  16.000  61.867 0.1250000000
136999  -13.242  16.110  60.289 0.1250000000
120469  -12.839  16.168  59.587 0.1250000000
86130  -11.936  16.175  58.136 0.1250000000
87940  -11.619  17.296  56.725 0.1250000000
136193  -12.544  15.292  61.997 0.1250000000
121070  -13.281  14.957  61.572 0.1250000000
86122  -13.643  15.502  60.926 0.1250000000
85194  -14.118  14.673  61.343 0.1250000000
86142  -11.502  16.491  55.440 0.1250000000
86143  -11.636  15.534  54.949 0.1250000000
85185  -9.000  15.475  62.846 0.1250000000
87032  -10.372  16.534  62.466 0.1250000000
87915  -11.151  17.150  62.326 0.1250000000
87921  -12.595  17.667  61.766 0.1250000000
89654  -12.547  19.920  57.422 0.1250000000
87038  -12.974  16.848  61.560 0.1250000000
87924  -13.064  17.681  61.130 0.1250000000
128934  -13.215  19.183  59.740 0.1250000000
89640  -12.948  19.338  59.133 0.1250000000
88802  -12.678  18.549  61.326 0.1250000000
88805  -13.051  18.479  60.594 0.1250000000
88822  -12.024  18.982  56.555 0.1250000000
129946  -12.331  19.991  56.320 0.1250000000
87030  -8.590  16.545  62.534 0.1250000000
87056  -11.549  17.242  55.835 0.1250000000
87943  -11.692  17.997  56.205 0.1250000000
87916  -8.987  17.247  61.100 0.1250000000
87037  -9.055  17.232  61.983 0.1250000000
87058  -11.518  17.171  55.006 0.1250000000
88825  -11.773  18.518  55.511 0.1250000000
87923  -9.452  17.788  60.458 0.1250000000
87917  -9.627  17.794  61.452 0.1250000000
87942  -11.614  17.786  55.422 0.1250000000
87047  -8.268  17.061  58.207 0.1250000000
87926  -9.336  17.782  59.429 0.1250000000
88806  -9.838  18.367  59.839 0.1250000000
88807  -10.474  18.955  60.224 0.1250000000
87925  -8.790  17.365  58.896 0.1250000000
88811  -9.594  18.347  58.870 0.1250000000
89634  -11.627  19.261  61.190 0.1250000000
89635  -11.963  20.123  60.832 0.1250000000
127081  -11.182  19.572  60.642 0.1250000000
89638  -10.048  19.043  59.295 0.1250000000
86111  -9.256  16.249  62.738 0.1250000000
87920  -11.794  17.718  62.162 0.1250000000
89645  -12.735  19.573  58.381 0.1250000000
87031  -9.452  17.004  62.419 0.1250000000
90489  -12.665  20.763  56.926 0.1250000000
87918  -10.156  17.953  61.975 0.1250000000
87919  -10.880  17.891  62.207 0.1250000000
88801  -12.131  18.234  61.839 0.1250000000
89646  -13.182  20.131  59.100 0.1250000000
90486  -12.917  20.810  57.694 0.1250000000
88799  -10.763  18.379  61.768 0.1250000000
89660  -12.035  19.370  55.570 0.1250000000
88804  -10.793  18.806  61.111 0.1250000000
90503  -12.276  20.154  55.403 0.1250000000
88803  -10.050  18.346  60.775 0.1250000000
87937  -8.079  17.604  57.701 0.1250000000
87929  -8.787  17.669  58.036 0.1250000000
128294  -9.592  18.989  58.337 0.1250000000
90466  -11.351  20.433  60.280 0.1250000000
89639  -10.633  19.770  59.812 0.1250000000
89633  -12.924  19.229  60.699 0.1250000000
90469  -13.100  20.647  60.386 0.1250000000
90472  -13.325  20.491  59.828 0.1250000000
90479  -13.420  21.156  59.229 0.1250000000
89641  -13.258  19.786  59.605 0.1250000000
90478  -13.048  20.485  58.357 0.1250000000
137672  -11.955  18.774  61.581 0.1250000000
130194  -13.197  19.051  60.190 0.1250000000
91311  -13.088  21.521  57.462 0.1250000000
88800  -11.484  18.311  61.932 0.1250000000
90493  -12.462  20.827  56.021 0.1250000000
90487  -13.315  21.395  58.302 0.1250000000
89632  -12.302  19.379  61.105 0.1250000000
91312  -13.499  22.265  58.072 0.1250000000
90468  -12.497  20.671  60.573 0.1250000000
91315  -13.278  22.376  57.149 0.1250000000
92173  -12.927  22.154  56.294 0.1250000000
91318  -12.637  21.597  55.735 0.1250000000
90467  -12.046  20.993  60.521 0.1250000000
91296  -12.295  21.703  60.123 0.1250000000
91297  -13.009  21.944  60.074 0.1250000000
91326  -12.612  21.702  54.838 0.1250000000
91295  -13.277  21.307  60.035 0.1250000000
92174  -13.228  22.855  56.448 0.1250000000
91314  -12.800  21.538  56.604 0.1250000000
91298  -13.329  22.002  59.589 0.1250000000
92177  -13.276  23.281  55.773 0.1250000000
92155  -13.121  22.471  59.638 0.1250000000
92176  -12.874  22.426  55.523 0.1250000000
92162  -13.566  22.932  58.581 0.1250000000
92170  -13.663  23.101  57.903 0.1250000000
117631  -13.573  23.702  56.745 0.1250000000
93051  -13.343  23.391  58.893 0.1250000000
93059  -13.560  23.645  58.308 0.1250000000
93880  -13.793  24.702  57.080 0.1250000000
93066  -13.721  24.159  55.976 0.1250000000
94635  -13.499  25.141  57.361 0.1250000000
65176  -51.189  -6.157  26.559 0.1250000000
67093  -51.891  -3.876  27.010 0.1250000000
132822  -19.272  1.126  60.739 0.1250000000
72509  -19.303  1.712  61.211 0.1250000000
74484  -18.809  3.605  59.606 0.1250000000
120645  -19.558  2.406  61.785 0.1250000000
73482  -18.325  2.583  58.794 0.1250000000
124949  -19.572  1.920  63.552 0.1250000000
72496  -19.016  1.286  64.529 0.1250000000
69878  -51.087  -1.802  32.008 0.1250000000
135156  -56.144  5.969  23.969 0.1250000000
77847  -58.307  7.110  23.713 0.1250000000
125930  -20.611  -1.570  52.863 0.1250000000
73622  -6.517  3.585  44.642 0.1250000000
84633  -59.853  14.009  16.708 0.1250000000
68662  -16.826  -2.739  63.931 0.1250000000
135349  -20.397  -1.787  60.382 0.1250000000
131100  -20.021  -0.774  61.644 0.1250000000
70570  -19.817  -0.598  59.262 0.1250000000
70593  -20.073  -1.220  57.441 0.1250000000
77510  -21.442  5.843  60.549 0.1250000000
72517  -18.408  1.716  58.610 0.1250000000
71555  -19.040  0.089  58.160 0.1250000000
131887  -37.012  -11.211  42.298 0.1250000000
133964  -33.795  -29.026  50.012 0.1250000000
66094  -51.847  -4.784  27.054 0.1250000000
120168  -48.607  1.366  40.134 0.1250000000
69811  -46.523  -1.018  39.611 0.1250000000
69817  -46.035  -1.718  39.314 0.1250000000
130185  -46.940  -3.185  38.364 0.1250000000
87039  -7.852  16.112  60.166 0.1250000000
123721  -16.598  -2.157  63.321 0.1250000000
85626  -59.640  14.131  15.870 0.1250000000
85189  -8.682  14.607  62.724 0.1250000000
87043  -8.236  16.704  59.340 0.1250000000
87040  -8.430  16.659  60.643 0.1250000000
133347  -45.604  -2.397  38.886 0.1250000000
67967  -44.292  -3.909  37.218 0.1250000000
117286  -44.998  -4.585  34.901 0.1250000000
127974  -47.042  2.104  40.081 0.1250000000
67056  -48.064  -4.254  33.218 0.1250000000
68000  -44.704  -3.588  32.359 0.1250000000
74682  -49.086  4.294  40.722 0.1250000000
75645  -47.795  4.748  40.915 0.1250000000
75656  -46.150  3.558  40.417 0.1250000000
74698  -46.884  3.215  40.338 0.1250000000
75644  -46.889  4.366  41.057 0.1250000000
68003  -47.802  -3.709  32.592 0.1250000000
76660  -47.090  5.469  41.919 0.1250000000
69693  -20.769  -0.894  52.517 0.1250000000
70635  -21.000  -0.225  52.123 0.1250000000
76659  -46.202  5.402  41.933 0.1250000000
132608  -47.272  -2.182  32.051 0.1250000000
71574  -18.993  -0.156  56.095 0.1250000000
71595  -19.661  0.318  53.199 0.1250000000
128354  -8.208  4.041  43.758 0.1250000000
69889  -45.653  -1.234  31.511 0.1250000000
68953  -42.068  -3.167  29.931 0.1250000000
72563  -20.042  1.152  52.838 0.1250000000
70830  -45.919  -0.517  31.300 0.1250000000
73538  -21.672  2.447  53.797 0.1250000000
73520  -23.538  2.649  55.715 0.1250000000
70817  -47.719  0.051  31.943 0.1250000000
71822  -47.428  0.494  31.671 0.1250000000
70829  -45.287  -0.779  30.920 0.1250000000
70842  -44.951  -0.418  30.185 0.1250000000
70553  -20.360  -0.307  63.218 0.1250000000
73518  -17.787  2.838  55.345 0.1250000000
74530  -18.630  3.231  54.549 0.1250000000
138485  -23.403  3.051  55.931 0.1250000000
70852  -44.355  -0.409  29.442 0.1250000000
71530  -19.442  0.628  63.809 0.1250000000
75449  -18.693  4.231  59.100 0.1250000000
74532  -21.489  3.507  54.875 0.1250000000
137817  -21.343  4.429  55.338 0.1250000000
71837  -44.987  0.153  29.471 0.1250000000
76847  -55.412  5.823  22.615 0.1250000000
126800  -19.317  1.805  64.138 0.1250000000
134695  -18.692  5.391  57.662 0.1250000000
77866  -56.949  6.506  21.581 0.1250000000
119204  -20.033  6.503  56.584 0.1250000000
78869  -59.826  8.758  18.287 0.1250000000
77529  -21.084  6.258  55.932 0.1250000000
79789  -59.808  9.238  18.717 0.1250000000
80762  -59.856  9.611  18.577 0.1250000000
80792  -59.615  9.293  17.200 0.1250000000
76483  -20.603  5.545  60.005 0.1250000000
75441  -22.102  4.095  62.750 0.1250000000
76473  -21.249  5.566  63.545 0.1250000000
121908  -23.002  6.243  61.612 0.1250000000
77490  -20.577  6.243  62.971 0.1250000000
137917  -21.824  8.780  58.445 0.1250000000
79456  -21.296  9.548  57.052 0.1250000000
77501  -20.165  6.832  62.133 0.1250000000
79426  -20.237  8.152  60.979 0.1250000000
78469  -19.579  7.420  61.207 0.1250000000
79439  -20.575  8.963  60.826 0.1250000000
80389  -20.862  9.824  60.728 0.1250000000
82375  -23.267  11.195  59.132 0.1250000000
80388  -19.937  9.641  60.340 0.1250000000
81397  -22.067  11.027  58.039 0.1250000000
121213  -20.224  10.501  60.387 0.1250000000
84225  -22.286  13.337  58.416 0.1250000000
81366  -19.721  11.249  60.216 0.1250000000
83254  -20.980  12.844  60.288 0.1250000000
83265  -19.354  13.016  60.007 0.1250000000
120220  -17.991  12.981  59.773 0.1250000000
84211  -17.028  13.522  59.668 0.1250000000
135637  -16.071  13.941  60.074 0.1250000000
85213  -14.904  14.429  59.269 0.1250000000
137981  -15.561  13.835  57.846 0.1250000000
138665  -14.858  13.688  57.011 0.1250000000
137056  -13.814  14.175  57.509 0.1250000000
119601  -15.039  13.420  56.201 0.1250000000
85234  -13.258  14.034  56.806 0.1250000000
84229  -14.055  13.803  56.927 0.1250000000
116632  -15.148  13.136  55.370 0.1250000000
86114  -12.032  15.906  62.195 0.1250000000
120953  -12.980  15.519  59.072 0.1250000000
137453  -12.498  15.608  58.448 0.1250000000
87048  -11.797  17.010  58.572 0.1250000000
87054  -11.560  16.926  57.621 0.1250000000
119092  -11.885  15.473  56.794 0.1250000000
86139  -11.557  16.676  56.171 0.1250000000
85240  -12.664  14.039  55.976 0.1250000000
87914  -10.209  17.418  62.299 0.1250000000
87044  -12.359  16.978  59.312 0.1250000000
87034  -12.227  16.842  62.147 0.1250000000
87928  -13.115  17.704  60.399 0.1250000000
87045  -12.942  16.899  60.032 0.1250000000
88809  -13.150  18.494  59.979 0.1250000000
138392  -11.710  17.594  57.341 0.1250000000
88810  -9.253  18.259  58.054 0.1250000000
93872  -13.533  24.362  57.952 0.1250000000
38861  -7.877  -33.686  55.391 0.1250000000
38869  -6.009  -33.130  54.490 0.1250000000
38936  -21.998  -32.345  45.767 0.1250000000
39022  -7.080  -32.760  42.101 0.1250000000
39893  -8.963  -32.587  55.587 0.1250000000
39932  -20.957  -31.365  47.194 0.1250000000
39938  -21.823  -31.128  46.609 0.1250000000
39960  -7.073  -31.538  43.953 0.1250000000
40828  -8.532  -32.002  55.689 0.1250000000
40873  -26.203  -28.627  47.092 0.1250000000
40888  -6.403  -31.167  45.222 0.1250000000
41794  -28.244  -28.163  49.127 0.2500000000
41796  -32.679  -28.034  49.246 0.1250000000
41797  -33.381  -28.542  49.705 0.1250000000
41804  -25.918  -28.131  47.765 0.2500000000
41806  -27.693  -28.197  48.708 0.2500000000
41812  -33.816  -28.813  49.502 0.1250000000
41819  -21.147  -29.859  47.005 0.1250000000
41823  -25.287  -28.700  47.133 0.2500000000
42701  -17.374  -28.718  57.598 0.8750000000
42719  -10.350  -29.373  52.453 0.3750000000
42721  -31.955  -27.767  50.531 0.2500000000
42735  -32.691  -28.313  50.703 0.2500000000
42746  -26.718  -27.479  48.736 0.2500000000
42749  -28.839  -27.992  49.539 0.2500000000
42766  -25.255  -27.885  47.713 0.2500000000
42781  -23.837  -28.162  46.542 0.1250000000
42782  -24.565  -28.369  47.149 0.1250000000
43785  -28.680  -26.922  51.188 0.3750000000
43797  -27.794  -27.211  50.677 0.3750000000
43811  -27.168  -27.138  49.560 0.2500000000
43812  -27.605  -27.352  49.957 0.2500000000
43824  -25.992  -27.362  48.235 0.2500000000
43836  -20.769  -28.352  46.419 0.1250000000
43839  -24.567  -27.479  47.803 0.2500000000
43847  -19.235  -28.644  47.118 0.1250000000
43889  -7.206  -29.265  42.145 0.1250000000
43966  -8.141  -28.939  36.125 0.1250000000
43979  -8.495  -28.640  35.420 0.1250000000
44824  -29.732  -26.319  51.611 0.3750000000
44844  -26.618  -26.528  49.605 0.2500000000
44845  -36.631  -27.814  50.821 0.5000000000
44858  -23.287  -27.341  46.819 0.2500000000
44865  -13.474  -27.615  47.554 0.1250000000
44866  -14.042  -27.725  46.908 0.1250000000
44873  -21.598  -27.480  46.476 0.1250000000
44874  -22.666  -27.275  46.635 0.1250000000
44886  -20.859  -27.357  46.456 0.1250000000
44893  -41.170  -26.871  46.160 0.1250000000
44920  -9.797  -27.108  42.091 0.1250000000
44951  -8.795  -27.301  37.868 0.1250000000
45741  -26.985  -26.424  51.075 0.5000000000
45761  -25.246  -26.665  48.453 0.2500000000
45779  -23.598  -26.427  47.286 0.2500000000
45780  -24.138  -26.066  47.811 0.2500000000
45785  -15.164  -26.357  46.067 0.1250000000
45786  -16.771  -26.647  45.535 0.1250000000
45791  -21.823  -26.495  45.607 0.1250000000
45803  -20.339  -26.371  44.799 0.1250000000
45814  -18.619  -25.194  44.792 0.1250000000
45827  -9.806  -26.143  43.088 0.1250000000
45905  -8.459  -26.843  37.419 0.1250000000
46611  -7.571  -24.953  57.918 0.6250000000
46628  -5.368  -25.188  56.348 0.5000000000
46639  -4.990  -25.486  54.678 0.5000000000
46641  -28.802  -24.881  52.347 0.6250000000
46644  -30.155  -24.489  53.167 0.7500000000
46647  -28.726  -25.064  52.420 0.6250000000
46680  -5.769  -26.060  49.897 0.1250000000
46693  -14.563  -25.967  47.500 0.1250000000
46698  -24.734  -25.815  48.102 0.2500000000
46710  -42.025  -25.195  47.292 0.2500000000
46725  -21.980  -24.979  44.711 0.2500000000
46730  -19.503  -25.244  44.551 0.1250000000
46731  -20.313  -25.298  44.369 0.1250000000
46732  -21.185  -25.310  44.368 0.1250000000
46747  -8.943  -25.011  42.166 0.3750000000
47540  -5.349  -24.831  55.907 0.5000000000
47558  -28.900  -24.396  52.419 0.6250000000
47566  -28.711  -24.500  52.433 0.6250000000
47578  -6.140  -24.962  51.181 0.2500000000
47597  -26.089  -24.650  49.254 0.5000000000
47613  -18.567  -24.573  47.071 0.3750000000
47627  -22.914  -24.200  46.023 0.5000000000
47635  -19.501  -24.435  45.122 0.2500000000
47636  -20.746  -24.365  44.860 0.2500000000
47638  -22.445  -24.606  45.308 0.2500000000
47641  -8.490  -23.251  44.119 0.2500000000
47644  -19.986  -24.716  44.653 0.2500000000
47646  -21.311  -24.728  44.542 0.2500000000
47674  -6.960  -23.849  40.542 0.2500000000
48442  -7.666  -24.134  57.587 0.6250000000
48486  -6.599  -24.418  54.363 0.5000000000
48541  -25.143  -23.708  48.033 0.5000000000
48550  -24.711  -23.904  47.519 0.5000000000
48556  -23.406  -23.672  46.702 0.5000000000
48559  -43.052  -23.649  46.021 0.3750000000
48565  -43.465  -23.297  44.267 0.1250000000
48571  -43.991  -23.010  43.160 0.1250000000
48577  -5.309  -22.862  40.647 0.2500000000
49353  -9.360  -22.578  53.906 0.6250000000
50257  -8.590  -22.809  50.637 0.5000000000
50318  -43.180  -22.112  46.723 0.5000000000
50334  -43.328  -21.559  44.994 0.1250000000
50346  -43.390  -21.478  44.393 0.1250000000
50367  -44.123  -21.859  41.678 0.1250000000
50374  -44.008  -21.998  40.815 0.1250000000
51163  -28.113  -19.700  53.325 0.7500000000
51176  -29.002  -20.294  51.607 0.7500000000
51202  -42.333  -20.071  47.946 0.8750000000
51215  -43.086  -20.586  45.830 0.1250000000
51235  -11.749  -19.835  43.491 0.6250000000
52067  -28.037  -19.368  53.284 0.7500000000
52146  -42.526  -20.617  43.917 0.1250000000
53085  -42.019  -19.269  45.392 0.3750000000
53903  -7.654  -16.744  59.235 1.0000000000
53922  -7.062  -17.460  57.104 1.0000000000
53929  -6.331  -17.298  55.862 1.0000000000
53946  -12.072  -17.060  54.081 1.0000000000
53953  -12.602  -17.603  52.356 0.8750000000
53973  -36.861  -17.268  50.460 1.0000000000
54061  -41.159  -18.122  45.176 0.2500000000
54062  -41.530  -18.639  45.250 0.2500000000
54978  -6.820  -16.735  51.424 1.0000000000
54980  -9.394  -16.485  51.604 0.8750000000
55009  -41.608  -16.392  47.256 0.7500000000
55013  -32.462  -16.065  45.982 0.8750000000
55022  -19.842  -17.032  44.950 0.8750000000
55054  -38.944  -17.705  43.120 0.2500000000
56082  -19.219  -15.278  60.401 0.8750000000
56105  -20.685  -14.751  57.182 0.7500000000
56129  -35.447  -15.130  50.006 1.0000000000
57084  -21.705  -14.305  56.872 0.7500000000
57100  -6.744  -15.724  52.379 1.0000000000
57116  -35.323  -14.372  50.024 1.0000000000
57154  -36.808  -14.637  45.757 0.6250000000
57203  -31.148  -14.278  40.095 0.7500000000
57244  -29.425  -13.979  37.868 0.7500000000
58046  -36.912  -13.315  50.488 1.0000000000
58051  -35.694  -13.213  50.495 1.0000000000
58066  -6.204  -13.226  47.484 1.0000000000
58093  -35.790  -13.843  43.861 0.2500000000
58126  -43.827  -12.580  41.790 0.3750000000
58128  -6.327  -14.159  41.326 0.8750000000
58144  -22.125  -13.680  39.815 0.6250000000
58164  -26.135  -13.255  37.524 0.6250000000
59002  -28.349  -12.407  51.617 0.1250000000
59007  -29.078  -12.761  51.295 0.1250000000
59016  -28.411  -12.676  50.414 0.2500000000
59017  -28.998  -12.888  50.803 0.1250000000
59023  -27.177  -12.407  49.950 0.1250000000
59025  -28.321  -12.681  49.595 0.2500000000
59026  -34.792  -12.660  49.258 0.8750000000
59036  -28.243  -12.536  48.986 0.2500000000
59043  -26.664  -12.206  47.160 0.3750000000
59044  -34.145  -12.677  47.912 0.8750000000
59063  -43.367  -12.477  45.542 0.5000000000
59082  -45.384  -12.496  44.330 0.8750000000
59084  -5.655  -13.405  43.826 0.8750000000
59127  -7.316  -12.978  42.535 0.3750000000
59214  -43.963  -11.440  35.909 0.1250000000
60069  -12.952  -10.786  57.093 0.7500000000
60098  -30.461  -11.328  54.381 0.1250000000
60105  -29.379  -11.798  53.479 0.1250000000
60115  -20.315  -11.770  51.186 0.6250000000
61133  -29.782  -11.091  55.592 0.1250000000
61144  -10.124  -10.679  53.485 0.8750000000
61165  -8.131  -10.622  50.641 0.8750000000
61238  -27.557  -10.609  45.190 0.3750000000
62064  -12.543  -9.432  57.325 0.7500000000
62072  -32.466  -9.378  56.498 0.1250000000
62083  -30.397  -10.053  56.985 0.1250000000
62089  -29.013  -9.785  55.644 0.1250000000
62135  -6.367  -9.589  49.642 0.8750000000
62308  -49.534  -9.069  35.869 0.8750000000
62312  -52.778  -9.564  35.911 0.7500000000
62327  -44.934  -9.130  33.295 0.1250000000
63005  -31.720  -8.637  57.577 0.1250000000
63227  -45.625  -8.424  34.164 0.2500000000
63239  -46.058  -8.248  33.549 0.1250000000
63938  -6.526  -7.172  61.791 1.0000000000
63955  -7.220  -7.261  59.420 1.0000000000
63964  -29.690  -7.556  58.570 0.1250000000
63986  -35.327  -7.286  56.432 0.1250000000
63992  -35.197  -7.872  55.745 0.1250000000
63995  -11.285  -6.880  54.090 0.8750000000
64025  -8.126  -7.437  51.495 0.8750000000
64037  -6.204  -7.529  50.383 0.8750000000
64045  -5.957  -7.739  49.519 0.8750000000
64071  -39.665  -7.877  47.568 1.0000000000
64189  -55.234  -7.939  34.791 0.7500000000
64941  -37.103  -6.669  53.850 0.3750000000
64962  -7.424  -6.160  50.590 0.8750000000
64968  -32.763  -6.773  49.944 0.3750000000
64973  -6.024  -7.238  49.926 0.8750000000
64983  -6.608  -7.088  49.377 0.8750000000
65065  -44.324  -5.788  41.478 1.0000000000
65142  -54.353  -5.773  32.268 0.6250000000
65166  -50.878  -6.668  27.066 0.2500000000
65803  -18.934  -5.474  63.638 0.3750000000
65805  -6.245  -5.653  62.593 1.0000000000
65824  -5.849  -5.491  60.456 1.0000000000
65843  -7.061  -4.961  58.531 1.0000000000
65857  -9.028  -5.331  57.127 1.0000000000
65918  -35.584  -5.676  50.419 0.3750000000
66012  -39.288  -5.149  39.773 0.7500000000
66755  -6.774  -4.917  62.997 0.8750000000
66804  -6.953  -3.772  57.598 1.0000000000
66832  -11.265  -4.101  54.555 0.8750000000
66880  -8.697  -4.199  48.905 0.8750000000
66894  -8.605  -4.389  47.807 0.7500000000
66954  -52.126  -4.397  40.398 0.5000000000
66960  -39.327  -4.431  39.905 0.7500000000
66965  -52.662  -4.384  39.875 0.3750000000
66988  -53.020  -4.780  38.707 0.3750000000
67053  -44.487  -4.059  32.769 0.1250000000
67714  -20.577  -3.551  61.636 0.2500000000
67767  -35.048  -3.756  55.338 0.1250000000
67854  -41.061  -3.073  47.626 0.3750000000
67855  -8.577  -3.309  46.779 0.6250000000
68665  -6.260  -2.273  62.199 0.8750000000
68669  -9.996  -3.387  60.810 0.7500000000
68672  -4.708  -1.500  60.632 0.8750000000
68692  -16.383  -2.356  58.471 0.3750000000
68713  -6.388  -1.804  56.210 0.6250000000
68731  -36.055  -2.161  54.489 0.1250000000
68747  -12.152  -2.770  52.384 0.7500000000
68862  -52.936  -2.094  39.600 0.3750000000
68864  -52.945  -2.035  39.290 0.3750000000
68943  -49.522  -2.424  31.941 0.1250000000
69612  -20.370  -1.514  63.623 0.2500000000
69655  -20.379  -1.910  57.147 0.1250000000
69678  -36.645  -1.647  54.276 0.1250000000
69723  -33.625  -1.696  48.848 0.1250000000
69806  -52.819  -1.573  40.006 0.5000000000
70597  -4.424  -0.257  56.879 0.7500000000
70610  -5.742  -0.561  54.602 0.6250000000
70612  -20.287  -1.080  53.758 0.1250000000
70726  -51.386  -0.186  41.721 0.5000000000
70727  -52.098  0.146  41.314 0.3750000000
70741  -52.363  -0.495  40.798 0.3750000000
70746  -52.485  -0.042  39.905 0.3750000000
70753  -52.075  0.278  39.626 0.3750000000
70824  -56.358  -0.101  32.891 0.6250000000
71526  -18.435  0.716  64.760 0.1250000000
71547  -4.988  1.375  59.221 0.7500000000
71568  -18.572  0.558  57.573 0.1250000000
71592  -4.643  0.636  54.009 0.6250000000
71600  -37.782  0.312  53.367 0.1250000000
71604  -5.807  0.724  52.792 0.6250000000
71711  -50.840  0.281  42.120 0.6250000000
71731  -52.345  0.661  40.192 0.3750000000
71738  -51.925  0.842  39.752 0.2500000000
72499  -19.341  1.270  63.889 0.1250000000
72514  -4.930  1.665  58.685 0.7500000000
72545  -4.806  1.891  56.220 0.7500000000
72590  -38.804  2.122  51.877 0.1250000000
72605  -5.320  1.948  49.881 0.6250000000
72689  -52.294  1.309  40.625 0.2500000000
73547  -40.909  2.896  52.300 0.2500000000
73548  -41.335  3.313  51.995 0.2500000000
73576  -5.000  2.444  48.004 0.6250000000
73589  -5.491  2.415  47.441 0.5000000000
73610  -5.460  2.777  45.953 0.3750000000
73672  -51.308  3.236  40.417 0.2500000000
73689  -51.489  2.434  40.163 0.2500000000
74454  -19.062  2.461  64.343 0.1250000000
74508  -5.528  2.831  55.370 0.6250000000
74552  -5.104  2.703  51.633 0.6250000000
74560  -41.839  3.846  51.646 0.2500000000
74562  -4.989  3.413  50.580 0.6250000000
74578  -40.022  3.463  49.364 0.1250000000
74590  -4.735  3.120  46.467 0.3750000000
74598  -4.892  3.381  45.591 0.3750000000
74681  -48.200  4.267  40.649 0.1250000000
74683  -50.910  3.718  40.790 0.1250000000
75427  -21.599  4.266  63.483 0.1250000000
75429  -11.347  4.661  63.181 0.5000000000
75464  -18.813  4.573  55.229 0.1250000000
75489  -8.089  4.098  52.068 0.5000000000
75494  -6.204  3.923  51.429 0.5000000000
75504  -42.263  4.333  51.318 0.2500000000
75518  -42.615  4.776  50.831 0.2500000000
75534  -5.005  4.662  48.433 0.5000000000
75615  -50.065  4.082  41.747 0.2500000000
76455  -11.464  5.230  64.611 0.3750000000
76456  -12.276  5.037  64.600 0.5000000000
76459  -9.269  5.725  63.809 0.5000000000
76520  -12.116  5.006  51.750 0.5000000000
76547  -7.200  4.939  49.014 0.5000000000
76608  -46.894  6.570  44.843 0.3750000000
76624  -4.600  5.534  42.800 0.1250000000
76645  -48.544  5.254  42.084 0.3750000000
77474  -9.029  6.196  64.485 0.5000000000
77475  -9.907  5.932  64.538 0.5000000000
77479  -7.582  6.840  64.209 0.5000000000
77512  -23.177  6.824  61.378 0.1250000000
77558  -11.952  6.228  50.073 0.5000000000
77631  -46.527  6.919  44.942 0.3750000000
77632  -4.012  6.443  42.757 0.1250000000
78453  -7.060  7.593  63.065 0.5000000000
78459  -21.216  6.824  62.892 0.1250000000
78461  -22.579  7.705  62.185 0.1250000000
78473  -7.466  7.784  61.227 0.5000000000
78482  -22.849  6.810  60.824 0.1250000000
78492  -23.386  8.806  60.191 0.1250000000
78532  -11.827  7.467  49.138 0.5000000000
78537  -11.073  7.870  47.951 0.5000000000
78549  -9.903  7.694  45.970 0.3750000000
78592  -43.680  7.586  45.285 0.1250000000
78595  -3.859  7.328  43.198 0.1250000000
78719  -55.698  8.064  33.136 0.3750000000
79410  -7.390  7.513  64.215 0.5000000000
79448  -23.306  9.481  59.766 0.1250000000
79535  -8.107  8.384  44.524 0.3750000000
79539  -3.434  7.775  42.491 0.1250000000
79547  -3.107  8.312  41.866 0.1250000000
79553  -3.223  8.215  41.584 0.1250000000
80368  -9.803  8.639  63.379 0.5000000000
80375  -11.742  8.922  61.510 0.3750000000
80376  -21.579  9.237  61.440 0.1250000000
80377  -22.675  9.993  61.409 0.1250000000
80378  -23.255  9.328  61.483 0.1250000000
80385  -12.585  9.410  60.019 0.2500000000
80390  -21.778  10.036  61.219 0.1250000000
80391  -23.468  9.842  60.124 0.1250000000
80395  -13.247  9.702  59.329 0.2500000000
80404  -13.748  10.342  58.704 0.2500000000
80413  -22.319  10.540  58.375 0.1250000000
80663  -58.324  10.074  29.618 0.6250000000
81358  -9.942  10.328  61.595 0.5000000000
81369  -23.000  10.864  60.971 0.1250000000
81370  -23.355  10.348  60.599 0.1250000000
81380  -5.757  11.348  57.987 0.3750000000
81386  -14.487  10.696  58.565 0.2500000000
81391  -5.670  11.284  56.948 0.3750000000
81408  -6.834  10.667  55.021 0.3750000000
81413  -4.967  10.670  55.123 0.3750000000
81492  -8.700  10.895  47.327 0.3750000000
81509  -9.342  9.773  45.813 0.3750000000
82353  -20.274  11.986  60.297 0.1250000000
82356  -22.714  11.750  60.390 0.1250000000
82367  -23.238  11.425  59.663 0.1250000000
82378  -22.324  11.589  58.151 0.1250000000
82436  -6.053  12.176  47.692 0.2500000000
82614  -59.012  11.988  25.974 0.5000000000
83252  -10.390  12.596  59.951 0.3750000000
83264  -18.622  13.333  59.752 0.1250000000
83270  -13.327  12.223  59.059 0.1250000000
83271  -13.971  11.939  58.906 0.1250000000
83273  -23.234  12.061  59.353 0.1250000000
83275  -21.949  13.005  57.572 0.1250000000
83280  -21.939  12.195  57.537 0.1250000000
83284  -4.011  12.678  54.908 0.2500000000
83313  -5.702  11.929  51.478 0.1250000000
83395  -4.189  12.286  41.132 0.1250000000
83403  -4.243  12.627  40.795 0.1250000000
84187  -6.875  14.240  63.150 0.3750000000
84196  -11.216  13.944  60.610 0.1250000000
84199  -14.544  13.754  61.294 0.1250000000
84213  -19.421  13.731  59.726 0.1250000000
84215  -21.432  13.885  59.630 0.1250000000
84219  -22.353  13.498  59.293 0.1250000000
84224  -21.770  13.634  57.722 0.1250000000
84234  -21.034  13.665  56.564 0.1250000000
84320  -5.072  13.784  47.083 0.2500000000
84383  -4.192  13.622  40.672 0.1250000000
85209  -20.143  14.204  59.073 0.1250000000
85216  -17.702  14.372  58.809 0.1250000000
85230  -20.894  13.958  57.204 0.1250000000
85326  -4.463  14.640  44.544 0.1250000000
85597  -59.902  14.073  18.199 0.3750000000
86116  -7.322  15.802  62.127 0.2500000000
86129  -7.373  15.754  58.554 0.2500000000
86131  -13.013  14.944  58.447 0.1250000000
86205  -5.375  15.042  47.429 0.1250000000
86216  -5.525  15.356  46.730 0.1250000000
86229  -4.642  15.312  45.384 0.1250000000
86245  -4.787  15.535  44.834 0.1250000000
87029  -7.936  16.289  62.445 0.2500000000
87033  -11.400  16.432  62.329 0.1250000000
87046  -7.755  16.438  58.371 0.2500000000
87913  -9.639  17.535  62.062 0.1250000000
87922  -8.881  17.237  59.997 0.1250000000
87930  -9.223  17.834  58.573 0.1250000000
87945  -4.286  17.420  54.930 0.1250000000
88798  -10.239  18.270  61.444 0.1250000000
89631  -11.340  18.724  61.570 0.1250000000
89636  -12.701  20.025  60.673 0.1250000000
89637  -13.211  19.783  60.177 0.1250000000
89657  -2.877  18.866  57.069 0.1250000000
90473  -2.917  20.684  59.433 0.1250000000
90526  -8.772  20.450  51.444 0.1250000000
90537  -9.605  20.144  49.002 0.1250000000
90554  -9.523  20.602  47.607 0.1250000000
91294  -12.746  21.274  60.375 0.1250000000
91305  -13.521  22.119  58.887 0.1250000000
91335  -7.705  21.422  53.500 0.1250000000
91347  -8.458  21.594  52.115 0.1250000000
91369  -9.153  21.214  50.287 0.1250000000
91399  -8.658  21.952  48.321 0.1250000000
91414  -6.232  21.999  47.406 0.1250000000
91431  -5.992  22.044  46.723 0.1250000000
92156  -13.383  22.722  59.229 0.1250000000
92180  -12.870  22.386  54.568 0.1250000000
92222  -4.100  22.405  49.156 0.1250000000
92226  -8.523  22.185  49.497 0.1250000000
92236  -3.758  22.077  48.483 0.1250000000
92248  -3.723  22.565  47.497 0.1250000000
92249  -4.075  22.241  47.395 0.1250000000
92262  -4.404  22.372  46.473 0.1250000000
93045  -13.007  23.078  59.396 0.1250000000
93083  -7.258  23.132  52.239 0.1250000000
93091  -3.702  23.616  51.688 0.1250000000
93104  -3.984  22.974  49.678 0.1250000000
93110  -3.549  22.428  48.208 0.1250000000
93120  -3.943  23.453  46.722 0.1250000000
93905  -3.281  23.955  52.038 0.1250000000
94648  -3.444  25.150  55.272 0.1250000000
94662  -3.326  24.950  51.268 0.1250000000
94663  -3.751  24.695  50.737 0.1250000000
95396  -2.997  26.182  55.228 0.1250000000
95399  -2.968  26.135  53.380 0.1250000000
95414  -4.115  26.734  50.575 0.1250000000
96117  -3.723  27.650  56.974 0.1250000000
96167  -4.573  27.801  49.698 0.1250000000
96176  -5.671  27.723  48.654 0.1250000000
96920  -3.914  28.247  50.195 0.1250000000
117965  -8.349  8.609  63.795 0.5000000000
118225  -16.171  -27.328  54.093 0.5000000000
118554  -16.434  -2.026  61.314 0.3750000000
118928  -22.081  -29.745  46.518 0.1250000000
119067  -4.485  -1.332  58.048 0.8750000000
119285  -9.787  -11.020  55.494 0.8750000000
119295  -12.085  -22.873  53.724 0.8750000000
119451  -30.085  -21.815  51.392 0.7500000000
119514  -35.258  -5.769  39.798 0.7500000000
119609  -6.740  3.363  54.535 0.6250000000
119811  -41.690  -16.617  46.334 0.6250000000
120381  -5.176  -1.773  61.331 0.8750000000
120433  -15.578  -25.661  46.198 0.1250000000
120456  -4.871  2.522  48.815 0.6250000000
120492  -29.146  -26.544  51.419 0.3750000000
120787  -4.292  -0.193  59.701 0.7500000000
120893  -31.298  -27.494  50.138 0.3750000000
121008  -42.105  -17.352  46.734 0.7500000000
121129  -19.079  -24.394  46.641 0.3750000000
121328  -53.012  -2.268  39.068 0.3750000000
122351  -35.747  -12.429  50.569 1.0000000000
122517  -5.404  4.228  49.673 0.6250000000
122552  -15.849  -26.481  45.722 0.1250000000
122703  -27.790  -9.242  52.970 0.1250000000
122917  -16.763  8.990  59.106 0.2500000000
123235  -27.546  -26.966  50.803 0.2500000000
123531  -3.884  22.700  46.734 0.1250000000
123638  -23.099  -27.810  46.216 0.1250000000
123779  -4.495  11.405  40.563 0.1250000000
124053  -59.019  12.149  25.495 0.3750000000
124267  -17.913  -24.973  45.137 0.1250000000
124572  -50.043  3.793  40.852 0.1250000000
124905  -3.674  22.027  47.980 0.1250000000
124957  -51.228  -1.854  38.802 0.3750000000
124979  -31.882  -9.826  56.570 0.1250000000
125752  -33.320  -8.219  56.903 0.1250000000
125971  -9.064  8.612  59.403 0.5000000000
126012  -9.687  19.096  47.827 0.1250000000
126142  -13.566  -19.659  47.901 0.8750000000
126148  -36.981  -28.691  50.068 0.1250000000
126196  -33.127  -8.356  53.275 0.1250000000
126269  -10.752  5.441  49.068 0.5000000000
126320  -59.172  10.360  16.670 0.1250000000
126524  -5.386  -29.244  50.122 0.1250000000
127816  -12.562  5.693  52.022 0.5000000000
128049  -9.292  10.628  62.021 0.5000000000
128318  -19.315  6.725  61.558 0.1250000000
128711  -36.361  -19.541  49.431 1.0000000000
128746  -50.594  0.971  42.381 0.5000000000
129179  -5.026  2.579  54.123 0.6250000000
129622  -46.812  -8.935  45.753 1.0000000000
130009  -13.669  23.861  57.666 0.1250000000
130670  -12.774  6.985  54.440 0.5000000000
130761  -36.003  -13.050  50.695 1.0000000000
130788  -8.200  -8.232  58.337 1.0000000000
130856  -10.979  5.173  64.562 0.5000000000
130992  -14.011  7.164  61.674 0.2500000000
131389  -27.349  -13.886  37.293 0.7500000000
131876  -38.385  -15.308  43.717 0.3750000000
132002  -20.258  -27.120  46.192 0.1250000000
132674  -22.664  -29.149  46.233 0.1250000000
132803  -27.333  -11.105  38.665 0.6250000000
132807  -23.445  -15.759  39.581 0.7500000000
132881  -17.832  3.935  57.534 0.1250000000
132907  -19.537  -8.302  56.580 0.5000000000
133308  -10.592  -21.939  48.099 0.3750000000
133436  -40.091  -3.673  51.309 0.3750000000
133755  -3.852  6.720  42.024 0.1250000000
133765  -3.345  17.356  55.908 0.1250000000
134098  -36.484  -3.974  40.656 0.7500000000
134237  -21.383  13.770  57.196 0.1250000000
134529  -5.898  10.431  53.998 0.3750000000
134693  -4.412  0.586  55.701 0.6250000000
134756  -8.849  17.541  49.482 0.1250000000
134890  -13.436  -26.361  49.492 0.3750000000
135031  -19.756  -29.576  47.167 0.1250000000
135182  -19.184  -25.739  44.594 0.1250000000
135209  -6.705  18.232  57.559 0.1250000000
135356  -13.541  23.206  57.231 0.1250000000
135414  -6.613  -30.551  42.135 0.1250000000
135506  -5.207  17.914  57.620 0.1250000000
135545  -7.827  -23.210  55.945 0.6250000000
135555  -9.896  -11.180  53.716 0.8750000000
135648  -8.770  4.577  50.222 0.5000000000
135740  -26.748  -28.366  47.626 0.1250000000
136343  -24.623  -29.038  46.587 0.1250000000
136791  -5.334  -25.766  52.417 0.1250000000
137099  -29.220  -12.568  51.140 0.1250000000
137146  -25.230  -17.188  39.626 0.8750000000
137151  -13.055  22.958  55.011 0.1250000000
137186  -7.904  -10.572  58.447 1.0000000000
137398  -38.605  1.987  46.201 0.1250000000
137491  -5.951  3.150  55.027 0.6250000000
137758  -52.011  1.273  40.044 0.2500000000
137874  -8.140  -12.313  43.436 0.2500000000
137983  -8.170  -22.847  54.499 0.6250000000
138041  -42.901  -12.280  45.888 0.7500000000
138139  -34.348  -2.039  50.278 0.1250000000
138196  -28.933  -20.907  42.869 1.0000000000
138234  -14.025  -5.752  56.728 0.5000000000
138363  -9.743  -26.095  41.870 0.1250000000
138400  -36.170  -12.882  50.661 1.0000000000
138510  -44.382  -11.487  39.225 0.3750000000
138545  -40.435  3.908  49.021 0.1250000000
138596  -30.217  -19.965  41.651 0.8750000000
138655  -6.303  10.381  63.376 0.5000000000
138660  -30.453  -8.553  57.913 0.1250000000
138688  -16.404  -3.254  58.249 0.3750000000
138721  -9.281  21.301  49.600 0.1250000000
138818  -38.334  -8.610  48.878 1.0000000000
138918  -37.392  -26.583  50.641 0.6250000000
139055  -16.222  -8.282  57.234 0.5000000000
139081  -45.387  6.658  46.254 0.3750000000
139343  -19.561  -0.366  58.538 0.1250000000
139555  -5.255  11.438  61.201 0.3750000000
139577  -37.313  -22.435  46.933 1.0000000000
139611  -15.518  -10.105  56.400 0.6250000000
139639  -5.939  9.172  62.270 0.5000000000
139807  -8.682  10.412  51.126 0.2500000000
140166  -35.011  -8.540  53.733 0.1250000000
140383  -13.156  -19.080  46.903 0.8750000000
140397  -7.620  -7.080  62.492 1.0000000000
140433  -8.114  10.963  55.343 0.3750000000
140530  -12.017  4.187  53.558 0.5000000000
140533  -7.422  7.142  64.286 0.5000000000
140675  -47.806  0.531  31.837 0.1250000000
140774  -37.282  -24.624  50.900 0.8750000000
140812  -9.135  -9.545  62.029 1.0000000000
140832  -29.269  -21.105  52.659 0.7500000000
140888  -9.057  3.807  52.680 0.5000000000
140942  -4.355  11.368  55.402 0.3750000000
140943  -20.020  -9.739  54.833 0.6250000000
141032  -32.157  -28.057  51.530 0.3750000000
141206  -4.962  -27.669  56.141 0.3750000000
