#!ascii label  , from subject sub-v1s12x0050109_ses-1 vox2ras=TkReg
3737
84428  -48.218  13.975  39.012 0.6000000238
83438  -46.253  12.927  35.065 0.6000000238
83451  -45.891  12.831  34.136 0.5000000000
83480  -46.263  12.445  32.663 0.5000000000
83514  -45.341  12.756  30.734 0.4000000060
84534  -44.493  13.595  29.034 0.4000000060
84525  -45.177  13.285  29.510 0.4000000060
84543  -44.671  13.784  28.149 0.3000000119
86422  -42.774  14.931  26.294 0.4000000060
86430  -42.378  15.628  25.199 0.2000000030
88224  -41.534  17.672  23.552 0.2000000030
89074  -41.508  18.286  22.960 0.2000000030
83422  -48.294  12.991  38.829 0.6000000238
83430  -47.549  12.457  37.126 0.6000000238
84457  -46.309  13.589  35.591 0.6999999881
83452  -46.617  12.523  34.485 0.6000000238
85431  -47.133  14.301  39.196 0.6000000238
85432  -48.097  14.817  38.891 0.6000000238
118744  -46.974  13.888  36.998 0.6999999881
84443  -47.606  13.406  37.800 0.6999999881
129492  -45.424  13.322  33.886 0.6000000238
83464  -45.530  12.791  33.222 0.6000000238
84514  -44.356  13.367  30.580 0.4000000060
83479  -45.475  12.618  32.258 0.5000000000
83494  -45.396  12.618  31.416 0.4000000060
83478  -44.825  12.838  31.849 0.4000000060
84533  -43.945  13.793  29.427 0.4000000060
84524  -44.436  13.469  29.831 0.4000000060
137514  -42.383  15.389  25.879 0.3000000119
85515  -43.293  14.406  27.921 0.3000000119
87326  -41.583  16.961  24.677 0.2000000030
86441  -42.406  15.909  24.437 0.2000000030
88225  -42.202  16.592  23.190 0.2000000030
84467  -45.790  13.465  34.607 0.6000000238
85442  -47.967  14.610  38.472 0.6999999881
85449  -46.650  14.409  36.175 0.6999999881
84475  -44.934  13.571  33.283 0.6000000238
84483  -44.587  13.458  32.354 0.4000000060
84513  -43.997  13.903  30.801 0.4000000060
84495  -44.339  13.443  31.441 0.4000000060
85507  -43.740  13.986  28.607 0.4000000060
87327  -41.857  16.312  25.017 0.3000000119
87322  -41.808  16.107  25.908 0.4000000060
89909  -41.633  19.042  23.456 0.2000000030
89068  -41.514  18.352  23.924 0.2000000030
85457  -46.469  14.719  35.394 0.6999999881
85456  -45.921  14.099  35.040 0.6999999881
119543  -45.350  13.927  34.162 0.6000000238
85467  -44.587  14.186  32.807 0.5000000000
86367  -45.834  14.724  34.476 0.6000000238
85499  -43.518  14.398  29.536 0.4000000060
84523  -43.957  13.837  30.090 0.4000000060
117077  -44.253  14.079  32.030 0.5000000000
86375  -45.526  15.152  33.550 0.6000000238
85505  -42.693  15.029  27.809 0.4000000060
85506  -43.107  14.672  28.629 0.4000000060
86409  -43.404  15.227  29.809 0.4000000060
85478  -44.091  14.095  31.376 0.5000000000
85468  -44.898  14.815  33.006 0.6000000238
86421  -42.206  15.551  26.552 0.4000000060
85493  -43.786  14.278  30.311 0.4000000060
86394  -45.006  15.642  31.894 0.6999999881
123382  -43.059  15.080  29.226 0.5000000000
86406  -43.851  15.428  30.423 0.5000000000
87281  -44.583  15.746  31.057 0.5000000000
87310  -42.363  15.907  28.060 0.4000000060
86412  -42.750  15.457  28.661 0.4000000060
88220  -41.513  17.631  24.289 0.3000000119
87321  -41.592  16.892  25.483 0.3000000119
87317  -41.875  16.386  26.823 0.4000000060
88208  -42.218  17.062  27.340 0.5000000000
87316  -41.666  16.831  26.165 0.3000000119
88212  -41.931  17.312  26.609 0.4000000060
89922  -41.528  19.445  22.095 0.2000000030
89058  -42.249  18.119  26.217 0.4000000060
89064  -41.953  18.371  25.329 0.4000000060
89923  -41.805  19.736  22.823 0.2000000030
92497  -53.238  23.280  25.964 0.8000000119
86351  -48.277  15.850  38.161 0.6000000238
122007  -47.880  15.154  37.610 0.8000000119
86359  -47.406  15.249  36.294 0.8000000119
86360  -48.293  16.011  37.137 0.6999999881
86368  -47.028  15.435  35.236 0.8000000119
86376  -46.624  15.601  34.174 0.8000000119
87261  -47.388  16.221  33.757 0.8000000119
87271  -47.988  16.732  33.286 0.8999999762
87272  -49.056  16.851  33.776 0.8999999762
86410  -43.703  15.896  29.953 0.5000000000
87305  -43.214  15.954  29.362 0.5000000000
87307  -44.864  17.019  30.057 0.5000000000
87301  -46.128  17.023  31.067 0.5000000000
87284  -47.463  17.035  32.298 0.8999999762
88166  -48.542  17.186  32.764 0.8999999762
87311  -42.872  16.385  28.640 0.5000000000
87306  -44.013  16.582  29.709 0.6000000238
88176  -47.007  17.342  31.441 0.8000000119
87312  -43.642  16.897  29.052 0.6000000238
88190  -45.754  17.356  30.373 0.5000000000
88191  -46.620  17.622  30.674 0.8000000119
88177  -47.980  17.532  31.815 0.8999999762
88209  -42.957  17.595  27.701 0.6000000238
89050  -44.623  18.418  28.304 0.6000000238
89045  -45.870  18.396  29.324 0.6999999881
88193  -48.395  18.007  31.281 0.8999999762
89037  -49.886  18.424  31.389 0.8999999762
89021  -50.863  18.657  31.768 0.8999999762
88210  -43.776  18.063  28.048 0.6000000238
89051  -45.545  18.809  28.494 0.6999999881
88202  -46.255  17.961  29.990 0.8000000119
89036  -48.793  18.548  30.760 0.8000000119
89853  -49.366  19.045  30.485 0.8999999762
89069  -41.895  18.952  24.401 0.4000000060
89065  -42.727  18.822  25.812 0.5000000000
89054  -43.472  18.328  27.302 0.5000000000
89056  -45.013  18.915  27.854 0.6999999881
89052  -46.413  19.010  28.978 0.8000000119
89048  -48.157  18.894  29.947 0.8000000119
89855  -51.151  19.302  31.053 0.8999999762
89867  -48.078  19.464  29.344 0.8000000119
89870  -50.708  19.735  30.201 0.8999999762
89900  -42.586  19.672  24.420 0.4000000060
89868  -48.812  19.507  29.747 0.8000000119
89869  -49.763  19.700  29.992 0.8000000119
89910  -42.124  19.633  23.718 0.4000000060
90774  -43.319  20.278  24.377 0.4000000060
138227  -43.897  20.533  24.498 0.6000000238
90776  -45.177  21.096  24.938 0.6999999881
90786  -43.903  20.785  24.051 0.3000000119
91651  -45.089  21.380  24.166 0.4000000060
91652  -45.974  21.531  24.517 0.6999999881
91637  -47.328  21.417  25.197 0.6999999881
91653  -46.942  21.764  24.565 0.6999999881
91638  -48.204  21.533  25.317 0.6999999881
91656  -49.590  22.202  25.016 0.8000000119
91640  -50.939  22.184  25.418 0.8000000119
120836  -51.370  21.946  25.944 0.8000000119
91626  -52.400  22.068  26.185 0.8000000119
91641  -52.002  22.544  25.424 0.8000000119
91627  -53.395  22.663  26.338 0.8000000119
93320  -53.641  23.674  26.990 0.8000000119
93341  -53.184  23.891  26.033 0.8000000119
87242  -48.828  16.518  36.479 0.6999999881
86369  -48.345  15.930  36.011 0.8999999762
87243  -49.313  16.660  35.576 0.8000000119
87262  -48.632  16.422  34.299 0.8999999762
87263  -49.301  16.663  34.667 0.8999999762
88990  -49.141  17.819  34.615 0.8999999762
88149  -49.587  17.584  34.086 0.8999999762
88997  -49.449  18.255  33.880 0.8999999762
88157  -50.012  17.686  33.461 0.8999999762
88167  -49.489  17.364  33.223 0.8999999762
88998  -50.006  18.007  33.620 0.8999999762
88158  -50.520  17.912  32.993 0.8999999762
125392  -49.128  17.622  32.204 0.8999999762
89009  -50.690  18.429  32.624 0.8999999762
89020  -49.895  17.843  32.056 0.8999999762
139270  -50.819  18.497  32.347 0.8999999762
88213  -42.612  17.878  26.983 0.5000000000
89839  -51.996  19.362  31.925 0.8999999762
89893  -42.561  19.186  25.093 0.5000000000
89880  -44.834  19.278  27.243 0.6999999881
89873  -46.229  19.302  28.287 0.8000000119
89875  -47.732  19.709  28.706 0.8000000119
89838  -51.494  19.095  31.712 0.8999999762
89871  -51.499  19.738  30.430 0.8999999762
89901  -43.130  19.783  24.919 0.4000000060
89894  -43.345  19.494  25.593 0.6000000238
89874  -46.948  19.494  28.495 0.8000000119
89876  -48.465  20.007  28.950 0.8000000119
90735  -51.401  20.269  29.560 0.8000000119
90722  -52.243  20.054  30.187 0.8000000119
90765  -45.869  21.100  25.348 0.6999999881
90768  -48.467  21.153  25.999 0.8000000119
91639  -49.941  21.879  25.485 0.8000000119
93311  -52.911  23.557  27.988 0.8000000119
89811  -49.021  19.131  33.332 0.8000000119
90692  -48.689  20.677  32.330 0.8000000119
89824  -49.429  19.773  32.687 0.8999999762
89812  -50.058  18.712  33.253 0.8999999762
89825  -50.695  18.719  32.725 0.8999999762
117854  -51.149  18.930  32.374 0.8999999762
90694  -52.305  20.124  32.473 0.8999999762
89826  -51.791  19.385  32.227 0.8999999762
89059  -43.170  18.640  26.505 0.6000000238
89887  -44.517  19.635  26.539 0.6000000238
89881  -45.692  19.427  27.674 0.8000000119
89888  -45.433  20.001  26.819 0.8000000119
89882  -46.607  19.717  27.764 0.8000000119
89884  -48.172  20.147  28.234 0.8000000119
89877  -49.332  20.205  29.172 0.8000000119
89856  -52.027  19.551  31.153 0.8999999762
89895  -44.140  19.956  25.845 0.6000000238
90748  -47.028  20.289  27.135 0.8000000119
90750  -48.279  20.465  27.455 0.8000000119
90741  -49.993  20.598  28.426 0.8000000119
126055  -52.370  20.484  29.363 0.8000000119
121522  -53.519  20.153  31.201 0.8999999762
90764  -44.620  20.543  25.336 0.6000000238
90756  -45.724  20.619  26.056 0.6999999881
90749  -47.846  20.684  26.684 0.8000000119
90751  -49.758  20.844  27.550 0.8000000119
90743  -51.987  20.749  28.672 0.8000000119
90736  -53.284  20.499  29.729 0.8000000119
136048  -45.252  20.739  25.551 0.6999999881
90752  -50.789  21.075  27.647 0.8000000119
90744  -53.097  20.938  28.689 0.8000000119
90724  -54.216  20.624  30.660 0.8000000119
137676  -52.591  23.214  29.182 0.8000000119
93312  -54.078  23.520  27.739 0.8000000119
90693  -49.923  20.343  32.488 0.8999999762
137684  -50.367  19.418  32.690 0.8999999762
136174  -51.167  19.777  32.434 0.8999999762
91585  -51.755  21.084  32.854 0.8999999762
91567  -52.385  21.836  33.739 1.0000000000
92421  -51.421  22.766  35.690 1.0000000000
90695  -53.038  20.392  32.444 0.8999999762
94805  -48.889  25.233  34.218 1.0000000000
93240  -51.206  23.129  36.012 1.0000000000
140739  -52.071  22.586  35.041 1.0000000000
91586  -52.755  21.092  32.912 1.0000000000
94063  -49.817  24.794  34.781 1.0000000000
91568  -52.955  21.667  33.615 1.0000000000
91587  -53.239  21.136  32.864 0.8999999762
90757  -46.336  20.457  26.611 0.8000000119
90759  -49.573  21.099  26.790 0.8000000119
94065  -52.357  23.694  34.832 1.0000000000
92422  -52.666  22.484  34.572 1.0000000000
91588  -53.837  21.432  32.449 0.8999999762
90713  -53.990  20.550  31.438 0.8999999762
90767  -47.617  21.000  25.867 0.8000000119
91624  -49.339  21.366  26.089 0.8000000119
90760  -50.297  21.234  26.971 0.8000000119
90753  -51.632  21.048  28.006 0.8000000119
90737  -54.297  20.789  29.822 0.8000000119
91600  -54.292  21.066  31.580 0.8999999762
91621  -53.194  21.954  27.001 0.8000000119
90745  -54.200  21.157  28.866 0.8000000119
91601  -54.783  21.588  30.879 0.8000000119
93281  -54.365  23.104  31.752 0.8000000119
91625  -50.356  21.567  26.170 0.8000000119
91616  -54.001  21.701  27.824 0.8000000119
91613  -54.910  21.501  29.220 0.8000000119
92467  -54.107  23.202  31.149 0.8000000119
91622  -54.037  22.506  27.074 0.8000000119
130961  -55.029  22.321  28.449 0.8000000119
127348  -55.051  22.715  29.589 0.8000000119
93321  -54.287  23.221  27.428 0.8000000119
92483  -55.099  22.828  28.748 0.8000000119
92471  -53.778  23.350  30.672 0.8000000119
93313  -54.660  23.222  28.222 0.8000000119
93304  -51.769  23.078  30.010 0.8000000119
92470  -53.064  23.058  29.926 0.8000000119
92458  -49.022  22.231  32.765 0.8000000119
91583  -49.398  21.306  32.409 0.8999999762
91584  -50.506  21.015  32.570 0.8999999762
92441  -50.701  22.448  34.089 0.8999999762
92460  -50.953  21.733  33.133 0.8999999762
92420  -50.709  22.647  35.538 0.8999999762
91566  -51.627  21.988  33.719 0.8999999762
92411  -50.573  22.854  36.042 1.0000000000
92442  -51.729  22.388  34.795 0.8999999762
94814  -47.810  26.193  33.643 0.8999999762
93239  -50.434  23.287  36.075 1.0000000000
95587  -47.650  27.312  33.611 1.0000000000
94815  -48.456  26.037  33.762 1.0000000000
130823  -47.041  28.915  33.807 0.8999999762
97110  -47.406  28.660  33.716 1.0000000000
94816  -49.290  25.801  33.932 1.0000000000
94072  -50.934  24.649  34.719 1.0000000000
93250  -53.046  23.256  34.337 1.0000000000
92444  -53.663  22.185  33.538 0.8999999762
97111  -47.799  28.444  33.676 1.0000000000
95588  -48.829  26.918  33.721 1.0000000000
94817  -50.361  25.463  34.028 1.0000000000
94073  -51.849  24.497  34.349 1.0000000000
95589  -50.009  26.372  33.535 1.0000000000
130032  -51.273  25.168  33.934 1.0000000000
93262  -53.779  23.073  33.362 1.0000000000
92445  -54.070  22.718  32.673 0.8999999762
122716  -54.426  24.349  31.635 0.8000000119
93277  -51.525  23.708  31.307 0.8000000119
93292  -52.232  23.297  30.777 0.8000000119
130741  -50.669  25.598  31.400 0.8000000119
94094  -50.962  24.299  31.602 0.8000000119
92439  -48.587  22.832  33.554 0.8000000119
92459  -50.024  21.992  32.921 0.8999999762
92440  -49.550  22.677  33.696 0.8999999762
93248  -49.014  23.013  34.517 0.8999999762
93236  -48.368  23.578  35.037 0.8999999762
93237  -49.307  23.264  35.260 0.8999999762
92419  -49.858  22.815  34.970 0.8999999762
94061  -48.403  24.321  34.770 1.0000000000
94804  -48.367  25.118  33.988 0.8999999762
94062  -49.018  24.551  34.956 1.0000000000
97905  -47.355  29.510  33.515 1.0000000000
99653  -46.614  31.564  32.416 0.8000000119
98774  -47.153  30.177  33.319 0.8000000119
123216  -48.221  28.740  33.392 0.8999999762
96353  -49.787  27.853  32.892 1.0000000000
120372  -52.185  25.337  33.382 1.0000000000
121478  -53.656  24.284  32.962 1.0000000000
93271  -54.410  23.796  32.241 0.8999999762
98775  -48.158  29.936  32.254 1.0000000000
97907  -48.908  29.038  32.623 1.0000000000
94827  -53.198  26.067  32.696 1.0000000000
94084  -54.399  24.846  31.976 1.0000000000
94097  -54.160  24.929  31.542 0.8999999762
94096  -53.649  24.790  31.300 0.8999999762
93278  -52.911  23.786  31.255 0.8000000119
94095  -52.228  24.366  31.486 0.8000000119
98792  -47.014  30.915  32.769 0.8000000119
98800  -47.498  30.855  31.910 0.8000000119
97919  -49.665  29.495  31.824 1.0000000000
122809  -51.287  28.784  31.684 1.0000000000
96356  -53.145  27.395  32.030 1.0000000000
95601  -53.645  26.468  31.954 1.0000000000
95616  -53.429  26.788  31.369 0.8999999762
94843  -53.638  26.066  31.413 0.8999999762
94842  -53.083  25.480  31.213 0.8999999762
141004  -52.426  25.777  31.101 0.8999999762
95614  -51.827  26.019  30.975 0.8999999762
95627  -50.882  26.479  30.793 0.8999999762
99668  -46.139  32.039  31.924 0.8000000119
124610  -47.145  31.361  30.865 0.8999999762
99684  -47.719  31.420  30.072 1.0000000000
98802  -49.352  30.765  30.679 1.0000000000
98801  -48.264  30.620  31.454 0.8999999762
98803  -50.315  30.428  30.665 1.0000000000
97921  -51.870  29.138  30.926 0.8999999762
97132  -52.504  27.858  31.193 0.8999999762
97139  -52.145  28.446  30.499 0.8999999762
95615  -52.874  26.347  31.050 0.8999999762
96380  -52.013  27.806  30.291 0.8999999762
95628  -52.181  26.941  30.621 0.8999999762
125279  -51.452  27.285  30.270 0.8999999762
96387  -51.312  27.891  29.760 0.8999999762
100544  -46.066  31.958  29.502 0.8999999762
99685  -48.781  31.424  29.612 1.0000000000
99692  -49.007  31.643  28.780 1.0000000000
99690  -47.023  31.701  29.222 0.8999999762
99671  -48.568  31.128  30.488 1.0000000000
141084  -50.184  30.878  30.178 1.0000000000
99686  -49.716  31.387  29.257 1.0000000000
98807  -51.156  30.505  29.859 1.0000000000
97927  -52.056  29.338  30.079 1.0000000000
97157  -51.939  29.184  29.122 1.0000000000
97147  -52.084  28.977  29.708 0.8999999762
97938  -51.972  29.600  28.550 1.0000000000
97937  -50.690  28.911  27.873 0.8999999762
97146  -51.729  28.652  29.372 0.8999999762
97145  -50.762  28.260  29.124 0.8999999762
100560  -46.669  32.920  27.457 0.8999999762
100561  -47.718  32.399  27.429 1.0000000000
100562  -48.755  32.113  27.304 1.0000000000
100555  -46.356  32.288  28.451 0.8999999762
100556  -47.318  31.981  28.202 1.0000000000
99698  -48.320  31.877  28.107 1.0000000000
99699  -49.194  31.776  28.053 1.0000000000
99687  -50.540  31.253  28.937 1.0000000000
99693  -49.950  31.551  28.500 1.0000000000
131379  -51.889  30.378  28.187 1.0000000000
97957  -51.090  29.596  26.390 0.8000000119
129701  -51.519  29.259  27.935 1.0000000000
100566  -49.636  32.427  26.177 1.0000000000
99700  -50.029  31.746  27.571 1.0000000000
99701  -51.238  31.406  27.268 1.0000000000
99705  -50.408  31.909  26.720 1.0000000000
98812  -51.961  30.280  27.228 1.0000000000
99706  -51.393  31.476  26.419 1.0000000000
97947  -51.754  29.858  26.814 1.0000000000
97969  -50.991  29.807  25.783 0.6999999881
98819  -51.915  30.439  26.261 1.0000000000
98820  -52.236  30.677  25.471 1.0000000000
98835  -51.969  30.483  25.288 1.0000000000
98834  -51.316  30.122  25.298 0.8999999762
85463  -45.028  14.385  33.592 0.5000000000
86381  -44.544  14.871  32.281 0.6000000238
86393  -44.367  15.139  31.598 0.6000000238
86383  -46.237  15.867  33.177 0.6999999881
86382  -45.304  15.434  32.691 0.6999999881
87269  -45.879  16.139  32.295 0.6999999881
87282  -45.544  16.357  31.467 0.6000000238
87300  -45.232  16.621  30.711 0.5000000000
88204  -43.298  17.261  28.384 0.6000000238
87252  -48.069  16.035  34.905 0.8999999762
87270  -46.889  16.484  32.749 0.8000000119
88201  -45.379  17.729  29.698 0.6000000238
88206  -44.973  18.157  29.038 0.6999999881
88192  -47.484  17.831  30.969 0.8999999762
89019  -49.211  18.111  31.540 0.8999999762
120332  -47.885  18.322  30.498 0.8000000119
89046  -46.739  18.524  29.632 0.8000000119
136615  -47.443  18.575  29.919 0.8000000119
90766  -46.661  20.923  25.787 0.8000000119
91619  -51.180  21.513  26.665 0.8000000119
132006  -49.058  16.290  35.039 0.8999999762
88148  -49.485  17.128  34.841 0.8999999762
88168  -50.091  17.665  32.752 0.8999999762
126122  -47.104  20.656  26.404 0.8000000119
90712  -53.314  20.095  31.937 0.8999999762
90742  -50.973  20.700  28.628 0.8000000119
91615  -52.665  21.240  27.853 0.8000000119
91620  -51.983  21.404  27.183 0.8000000119
92443  -52.487  22.198  34.307 1.0000000000
92461  -53.833  22.000  32.932 0.8999999762
92462  -54.205  22.241  32.118 0.8999999762
92468  -54.444  22.449  31.073 0.8000000119
92486  -54.823  22.867  27.896 0.8000000119
93279  -54.150  24.091  31.260 0.8000000119
92482  -54.560  23.163  29.462 0.8000000119
96342  -48.089  27.771  33.706 1.0000000000
94074  -52.723  24.367  33.813 1.0000000000
96343  -48.877  27.777  33.464 1.0000000000
95599  -51.031  26.809  33.092 1.0000000000
135591  -47.580  29.846  32.987 0.8000000119
94826  -52.129  26.397  32.950 1.0000000000
94818  -53.244  25.165  33.050 1.0000000000
94828  -53.867  25.487  32.309 1.0000000000
97918  -48.745  29.554  32.229 1.0000000000
96354  -51.054  27.592  32.619 1.0000000000
97120  -50.500  28.321  32.375 1.0000000000
96355  -52.398  27.561  32.253 1.0000000000
95600  -53.027  26.986  32.430 1.0000000000
99669  -46.614  31.614  31.282 0.8000000119
138166  -50.340  29.933  31.180 1.0000000000
97920  -50.851  29.431  31.400 1.0000000000
96367  -52.611  27.795  31.737 1.0000000000
96381  -52.566  27.575  30.808 0.8999999762
99672  -49.530  31.186  29.992 1.0000000000
97926  -51.355  29.885  30.564 1.0000000000
133727  -51.889  29.901  29.792 1.0000000000
128037  -51.935  30.154  29.148 1.0000000000
125094  -51.942  29.705  27.618 1.0000000000
97156  -51.426  28.858  28.594 0.8999999762
99694  -51.100  31.227  28.200 1.0000000000
98810  -51.302  30.816  29.003 1.0000000000
99695  -51.753  30.766  27.558 1.0000000000
97946  -51.151  29.298  27.181 1.0000000000
99702  -51.864  30.792  26.830 1.0000000000
97958  -51.529  30.104  26.022 1.0000000000
99707  -52.043  30.911  25.976 1.0000000000
94212  -45.935  24.462  20.535 0.5000000000
93409  -47.262  24.459  21.172 0.5000000000
92554  -46.569  23.014  22.111 0.5000000000
92540  -46.352  22.452  22.922 0.6000000238
91666  -46.596  22.056  23.847 0.6000000238
91665  -45.709  21.819  23.599 0.6000000238
116759  -42.919  24.509  22.037 0.3000000119
116541  -44.312  24.927  22.759 0.3000000119
94199  -43.713  24.746  21.446 0.4000000060
94189  -44.389  25.113  22.043 0.4000000060
137564  -46.534  25.668  22.071 0.5000000000
94203  -47.720  24.895  21.315 0.6000000238
93392  -48.163  24.255  22.109 0.6000000238
121561  -48.314  23.130  23.414 0.6999999881
92527  -47.888  22.547  23.949 0.6000000238
138720  -42.052  23.575  23.899 0.2000000030
93378  -41.580  23.596  23.368 0.1000000015
93379  -42.365  23.929  23.290 0.2000000030
94180  -43.865  24.594  23.308 0.2000000030
120915  -44.743  24.803  23.360 0.4000000060
94922  -45.126  25.273  22.501 0.4000000060
94924  -46.858  25.634  22.587 0.5000000000
94925  -47.910  25.710  22.474 0.6000000238
94934  -48.661  25.401  22.143 0.6000000238
94191  -49.143  25.016  22.435 0.6999999881
140754  -49.955  24.018  23.508 0.6999999881
92543  -50.149  23.668  23.860 0.6999999881
91654  -47.876  22.047  24.615 0.6000000238
93364  -41.350  23.310  24.403 0.1000000015
93356  -42.338  23.481  25.536 0.3000000119
87234  -47.364  16.747  37.685 0.6000000238
93365  -42.709  23.799  23.963 0.2000000030
93366  -43.068  23.581  24.827 0.3000000119
116879  -44.176  24.393  23.938 0.3000000119
94155  -45.590  23.964  25.266 0.5000000000
88131  -48.442  16.998  36.898 0.6000000238
94168  -44.899  24.340  24.360 0.3000000119
94169  -45.879  24.590  24.205 0.6000000238
94913  -47.210  25.395  23.309 0.6000000238
94170  -47.479  24.869  24.141 0.6000000238
94914  -48.168  25.432  23.339 0.6000000238
94172  -49.464  25.159  23.882 0.6000000238
94174  -50.946  24.758  24.274 0.6999999881
94175  -51.650  24.403  24.624 0.6999999881
92513  -51.467  22.949  24.871 0.6999999881
86366  -42.841  16.173  34.922 0.2000000030
86357  -43.338  15.682  35.513 0.2000000030
87239  -43.584  16.527  35.348 0.3000000119
85447  -43.257  14.744  35.550 0.3000000119
86358  -43.958  16.148  36.165 0.3000000119
87240  -44.405  16.868  35.907 0.3000000119
86339  -45.049  15.261  37.720 0.5000000000
86340  -46.298  15.673  38.291 0.5000000000
88129  -46.570  17.091  37.023 0.5000000000
88137  -47.861  17.502  36.512 0.6000000238
88147  -48.959  17.430  35.446 0.6999999881
93333  -40.947  23.685  26.089 0.2000000030
93334  -41.760  23.752  26.164 0.3000000119
86341  -47.459  15.891  38.551 0.6000000238
88130  -47.684  17.120  37.128 0.6000000238
132947  -42.969  23.575  25.681 0.3000000119
93337  -44.934  23.711  26.202 0.6000000238
88138  -48.740  17.168  36.272 0.6000000238
118889  -47.214  24.347  25.038 0.6000000238
94145  -47.557  24.030  25.734 0.6000000238
94158  -49.544  24.856  24.710 0.6000000238
94159  -50.564  24.875  24.955 0.6000000238
94147  -51.202  24.630  25.624 0.6000000238
124809  -52.590  24.341  25.903 0.6000000238
92515  -52.786  23.792  25.304 0.6999999881
89005  -43.525  18.310  32.613 0.1000000015
137902  -41.714  17.486  33.045 0.1000000015
89004  -42.183  17.859  32.446 0.1000000015
140631  -42.847  17.977  32.749 0.1000000015
123662  -40.334  16.874  33.121 0.1000000015
88164  -41.034  17.263  33.160 0.1000000015
88153  -41.865  17.227  33.588 0.1000000015
88165  -42.387  17.582  33.259 0.1000000015
88154  -43.184  17.788  33.512 0.2000000030
87258  -40.592  16.259  33.323 0.1000000015
88152  -41.126  16.811  33.518 0.1000000015
83477  -40.402  11.861  33.196 0.1000000015
86374  -41.063  15.504  33.442 0.1000000015
84482  -40.711  13.704  32.466 0.2000000030
88995  -47.310  18.763  33.895 0.5000000000
89810  -47.940  19.287  33.210 0.6000000238
88996  -48.553  18.579  34.024 0.6999999881
86356  -42.781  15.348  34.961 0.2000000030
88144  -44.586  17.625  34.783 0.3000000119
88988  -46.915  18.260  34.897 0.5000000000
85455  -42.778  14.393  34.880 0.2000000030
87241  -45.430  17.065  36.496 0.4000000060
88989  -48.224  18.159  34.877 0.6999999881
85448  -43.674  14.209  36.304 0.3000000119
85440  -44.177  14.790  37.024 0.3000000119
87232  -44.774  16.504  36.773 0.4000000060
131710  -46.983  17.832  35.767 0.5000000000
88146  -48.058  17.813  35.777 0.6000000238
86349  -44.388  15.727  36.955 0.4000000060
87233  -45.976  16.669  37.258 0.4000000060
94141  -41.228  24.414  26.624 0.2000000030
127933  -42.035  24.229  26.573 0.3000000119
93335  -43.267  23.761  26.226 0.5000000000
131596  -44.378  24.033  26.784 0.5000000000
94124  -45.034  24.250  27.264 0.6000000238
94123  -44.048  24.587  27.405 0.6000000238
117423  -46.526  23.854  25.766 0.6000000238
120597  -46.847  23.758  26.581 0.6000000238
94126  -47.486  23.758  26.789 0.6000000238
94146  -49.278  24.305  25.812 0.6000000238
132144  -50.217  24.430  25.956 0.6000000238
93318  -51.134  23.962  27.304 0.6000000238
93319  -52.543  24.095  26.843 0.6999999881
89836  -45.165  20.106  31.657 0.3000000119
89819  -44.753  19.334  32.051 0.2000000030
89820  -45.618  19.499  32.258 0.4000000060
89818  -43.892  19.020  31.850 0.1000000015
89006  -45.185  18.815  32.822 0.3000000119
89003  -41.218  17.701  32.366 0.1000000015
89017  -41.892  18.411  31.554 0.1000000015
88163  -40.306  17.335  32.715 0.1000000015
133579  -40.482  17.717  31.984 0.1000000015
87248  -41.911  16.174  34.134 0.1000000015
88142  -42.465  17.124  34.148 0.3000000119
88155  -44.031  17.820  34.074 0.2000000030
85461  -40.960  14.647  32.940 0.2000000030
86365  -42.313  15.830  34.498 0.2000000030
87249  -42.361  16.541  34.413 0.2000000030
85462  -41.677  14.578  33.515 0.2000000030
86364  -41.844  15.454  33.992 0.2000000030
128701  -42.376  15.147  34.504 0.2000000030
88987  -45.036  18.008  34.271 0.4000000060
132073  -45.877  18.241  34.405 0.4000000060
85454  -42.270  14.486  34.175 0.2000000030
87250  -43.041  16.909  34.688 0.3000000119
89823  -48.332  19.952  32.588 0.6999999881
88136  -46.438  17.500  36.300 0.5000000000
136507  -42.565  24.989  27.351 0.4000000060
94142  -42.733  24.372  26.811 0.4000000060
94881  -42.904  25.415  27.618 0.6000000238
133713  -44.367  24.938  27.967 0.6000000238
94116  -45.684  24.403  27.961 0.6000000238
94125  -46.609  23.944  27.621 0.6000000238
95638  -44.592  26.556  28.923 0.6000000238
94870  -44.820  25.744  28.798 0.6000000238
94117  -46.155  24.528  28.547 0.6000000238
131626  -47.392  23.804  27.681 0.6000000238
94127  -48.363  23.779  27.033 0.6000000238
93338  -49.520  23.970  26.785 0.6000000238
93310  -50.520  23.500  28.516 0.6999999881
95632  -45.097  27.086  29.294 0.6000000238
95639  -45.181  26.204  29.246 0.6000000238
94110  -46.500  24.671  29.101 0.6000000238
94111  -47.193  24.470  29.406 0.6000000238
94112  -48.052  24.010  29.415 0.6000000238
93302  -49.689  23.524  29.537 0.6000000238
118585  -51.698  23.677  27.925 0.6999999881
97941  -45.560  29.402  27.800 0.4000000060
97151  -45.850  28.268  28.880 0.5000000000
96382  -45.793  27.507  29.418 0.5000000000
94860  -45.788  25.814  29.532 0.6000000238
98817  -47.167  30.215  26.394 0.5000000000
97942  -46.468  29.495  27.786 0.5000000000
97152  -46.814  28.576  28.879 0.5000000000
99723  -47.974  30.840  24.362 0.6000000238
98818  -48.247  29.955  26.037 0.6000000238
97954  -47.853  29.772  26.889 0.6000000238
97934  -47.158  29.190  28.225 0.5000000000
99743  -49.334  31.018  23.305 0.6000000238
98856  -48.925  30.471  24.377 0.6000000238
98832  -49.279  29.899  25.554 0.6000000238
97955  -48.671  29.610  26.668 0.6000000238
99753  -49.873  31.220  22.676 0.6999999881
98874  -50.267  30.740  23.320 0.6999999881
98857  -49.934  30.232  24.445 0.6999999881
98882  -51.497  30.728  22.695 0.6999999881
98875  -51.310  30.565  23.289 0.6999999881
98833  -50.316  29.964  25.214 0.8000000119
126655  -51.511  30.397  24.063 0.8000000119
98896  -51.786  30.864  22.240 0.6999999881
98883  -51.941  30.666  22.871 0.6999999881
98876  -52.074  30.562  23.604 0.8000000119
98884  -52.381  30.848  23.237 0.6999999881
128288  -52.385  31.299  21.916 0.6999999881
99755  -52.201  30.983  22.417 0.6999999881
100599  -52.567  31.686  22.326 0.6999999881
100606  -52.588  31.846  21.511 0.6999999881
99793  -52.197  31.479  20.597 0.6999999881
89834  -43.333  19.692  31.214 0.1000000015
89835  -44.282  20.081  31.393 0.1000000015
89018  -42.896  18.608  31.840 0.1000000015
118333  -44.338  18.599  32.635 0.2000000030
89016  -40.140  18.123  31.317 0.1000000015
125464  -40.982  18.293  31.434 0.1000000015
88993  -44.667  18.269  33.447 0.3000000119
139016  -43.936  17.504  34.522 0.2000000030
88994  -45.529  18.451  33.656 0.4000000060
89007  -46.193  18.991  33.108 0.3000000119
87251  -43.996  17.190  34.966 0.3000000119
126847  -46.336  18.534  33.981 0.4000000060
89822  -47.346  19.872  32.452 0.8000000119
90691  -47.637  20.671  32.119 0.8000000119
138171  -48.051  21.145  32.131 0.6999999881
95634  -46.280  26.267  30.116 0.6000000238
94102  -47.849  24.576  30.337 0.6000000238
93301  -48.804  23.732  29.453 0.6000000238
93289  -49.134  23.832  30.254 0.6000000238
93303  -50.694  23.274  29.779 0.6999999881
97141  -46.546  27.897  29.424 0.5000000000
137082  -46.877  26.604  30.463 0.5000000000
94853  -46.899  25.853  30.535 0.6000000238
94854  -47.609  25.466  30.847 0.6000000238
94103  -48.698  24.389  30.692 0.6999999881
94104  -49.515  24.083  30.999 0.6999999881
93291  -51.032  23.345  30.780 0.6999999881
97142  -47.412  28.161  29.381 0.5000000000
95624  -47.338  27.194  30.363 0.6000000238
96377  -48.291  27.248  30.572 0.6000000238
94839  -48.963  25.643  31.422 0.6999999881
95613  -49.755  26.048  31.323 0.6999999881
97944  -48.707  29.330  27.338 0.5000000000
97935  -48.252  29.082  28.121 0.5000000000
99741  -47.647  31.410  23.726 0.4000000060
99769  -49.108  31.792  22.177 0.6000000238
97968  -50.264  29.622  25.951 0.6000000238
99770  -50.121  31.589  21.768 0.6000000238
99771  -51.367  31.158  21.609 0.6000000238
99792  -51.597  31.376  20.691 0.6000000238
98877  -52.474  30.821  23.978 0.6999999881
99773  -52.334  31.492  21.090 0.6999999881
90707  -43.511  20.796  31.139 0.1000000015
89832  -41.432  19.087  30.908 0.1000000015
89833  -42.338  19.507  30.935 0.1000000015
124502  -42.799  20.488  30.923 0.1000000015
90709  -45.492  20.836  31.520 0.4000000060
89034  -40.594  18.911  30.826 0.1000000015
89852  -41.618  19.924  30.692 0.1000000015
90706  -41.965  20.763  30.823 0.1000000015
89809  -47.033  19.315  32.975 0.6000000238
93261  -48.097  23.013  34.481 0.8000000119
94803  -47.768  25.016  34.031 0.8000000119
97153  -47.810  28.712  28.805 0.5000000000
96385  -48.883  27.793  29.920 0.8000000119
96378  -49.343  27.225  30.467 0.8000000119
95626  -49.799  26.686  30.849 0.6999999881
97936  -49.426  28.921  27.977 0.6000000238
97144  -49.486  28.206  29.202 0.6999999881
96386  -50.045  27.699  29.710 0.8000000119
100597  -47.565  32.176  22.451 0.4000000060
123653  -49.371  29.359  26.815 0.6000000238
97945  -49.952  29.076  27.260 0.6999999881
100604  -49.020  32.122  21.537 0.6000000238
100614  -48.617  32.390  20.836 0.4000000060
97956  -50.247  29.323  26.606 0.6000000238
100605  -49.731  32.150  20.972 0.6000000238
100615  -50.449  31.971  20.344 0.5000000000
99791  -50.681  31.607  21.062 0.6000000238
98859  -52.148  30.573  24.403 0.8000000119
100616  -51.179  31.706  19.763 0.6000000238
126380  -51.893  31.418  19.950 0.6999999881
90708  -44.838  20.744  31.425 0.3000000119
89033  -39.636  18.797  30.748 0.1000000015
89850  -40.200  19.758  30.646 0.1000000015
90703  -39.888  20.728  30.768 0.1000000015
90705  -41.151  21.145  31.027 0.1000000015
89849  -38.777  19.170  30.610 0.1000000015
90719  -39.041  20.952  30.775 0.1000000015
90710  -46.238  20.951  31.631 0.5000000000
89821  -46.476  19.682  32.364 0.4000000060
91582  -47.518  21.783  32.120 0.8000000119
97916  -44.739  29.503  31.989 0.5000000000
97902  -45.486  30.241  32.902 0.6999999881
96351  -46.278  27.449  32.996 0.6000000238
140289  -46.988  26.370  33.599 0.8999999762
124991  -45.276  31.266  33.225 0.6000000238
96340  -46.928  27.598  33.487 0.6999999881
95586  -47.340  26.795  33.540 0.6999999881
97903  -46.267  29.975  33.440 0.6999999881
128907  -45.017  32.623  33.559 0.5000000000
98772  -46.146  30.810  33.494 0.6000000238
97118  -47.241  29.148  33.726 0.8000000119
100504  -44.980  33.038  33.660 0.6000000238
100505  -45.417  32.330  33.255 0.5000000000
99652  -46.150  32.021  33.032 0.6999999881
101379  -44.591  33.357  32.882 0.5000000000
134487  -45.150  32.746  32.940 0.6000000238
100516  -45.600  32.412  32.482 0.6999999881
100515  -44.876  32.863  31.874 0.5000000000
100531  -45.299  32.346  31.186 0.6999999881
99682  -45.950  31.907  30.630 0.6999999881
100603  -47.869  32.411  21.256 0.4000000060
123553  -49.390  32.410  20.172 0.5000000000
100638  -49.568  32.149  18.929 0.5000000000
100639  -50.649  32.036  18.925 0.5000000000
99711  -52.365  31.144  25.056 0.8999999762
100573  -51.632  31.896  24.890 0.8999999762
100572  -50.766  32.389  25.163 0.8999999762
100571  -49.789  32.832  25.373 0.8999999762
99794  -52.388  31.631  20.354 0.6999999881
99824  -52.099  31.602  18.652 0.6000000238
131048  -44.249  21.142  31.356 0.2000000030
91596  -42.649  21.528  31.429 0.1000000015
91594  -40.850  21.688  31.920 0.1000000015
91595  -41.688  21.618  31.631 0.1000000015
91603  -39.605  21.379  31.388 0.1000000015
90690  -46.760  20.377  31.956 0.6000000238
92438  -47.737  22.908  33.519 0.6999999881
93235  -47.463  23.590  34.969 0.8000000119
100493  -43.079  33.505  34.348 0.4000000060
99635  -43.743  31.880  33.315 0.4000000060
98771  -44.130  31.207  32.684 0.5000000000
97116  -45.794  28.347  32.678 0.6999999881
96339  -46.474  26.765  33.287 0.6000000238
94802  -47.077  24.840  34.382 0.8000000119
100494  -44.002  33.371  34.107 0.4000000060
99622  -44.385  32.648  33.793 0.5000000000
102181  -42.409  35.071  34.644 0.3000000119
101348  -43.075  34.816  34.919 0.4000000060
125052  -43.625  34.471  34.162 0.4000000060
100495  -44.693  33.089  33.900 0.4000000060
102960  -42.677  35.323  34.310 0.4000000060
101369  -44.178  33.907  33.541 0.4000000060
102983  -42.359  35.856  32.312 0.4000000060
102196  -43.438  34.637  33.213 0.4000000060
102984  -42.877  35.793  31.727 0.5000000000
101378  -43.838  34.104  32.329 0.5000000000
102219  -43.355  35.612  31.103 0.5000000000
101395  -44.189  33.562  31.434 0.5000000000
101404  -43.966  33.960  30.234 0.5000000000
100542  -44.415  33.232  29.699 0.6000000238
102227  -43.785  35.245  30.399 0.5000000000
101416  -44.297  34.083  29.286 0.6000000238
100543  -45.084  32.431  29.840 0.6999999881
135903  -45.277  33.563  28.424 0.6999999881
100559  -45.839  33.289  27.989 0.6999999881
100565  -48.715  32.684  26.395 0.8999999762
100570  -49.099  33.033  25.769 0.8999999762
99756  -52.510  31.131  22.793 0.6999999881
100591  -52.599  31.500  23.121 0.8000000119
100578  -52.195  31.818  24.202 0.8000000119
100577  -51.112  32.623  24.480 0.8999999762
99822  -50.016  31.702  18.290 0.5000000000
99823  -51.193  31.626  18.275 0.5000000000
91579  -42.098  22.124  32.613 0.2000000030
92431  -40.015  22.596  33.504 0.1000000015
91580  -42.981  22.264  32.276 0.2000000030
91565  -39.749  22.074  33.301 0.1000000015
128101  -40.881  22.019  32.810 0.2000000030
91576  -39.409  21.739  32.570 0.1000000015
90711  -46.445  21.952  31.900 0.6999999881
133736  -46.937  21.087  31.814 0.8000000119
92457  -48.146  22.438  32.668 0.6999999881
93245  -46.727  23.240  34.877 0.8999999762
94059  -45.626  23.752  35.206 0.6999999881
93260  -47.225  23.070  34.400 0.8000000119
127581  -41.430  32.501  33.952 0.4000000060
99634  -42.740  31.918  33.309 0.4000000060
97915  -43.698  29.546  31.328 0.4000000060
96366  -44.704  28.043  31.915 0.5000000000
95584  -45.753  26.001  33.539 0.5000000000
94801  -46.234  24.664  34.565 0.8000000119
93234  -46.693  23.839  35.086 0.8000000119
100491  -41.399  33.381  34.172 0.3000000119
98770  -43.052  31.249  32.540 0.4000000060
97129  -45.014  28.811  32.031 0.5000000000
96350  -45.207  27.311  32.459 0.6000000238
95585  -46.521  26.224  33.588 0.6999999881
101359  -41.154  34.161  34.019 0.3000000119
101360  -42.044  34.315  34.623 0.3000000119
102973  -41.430  35.707  32.931 0.3000000119
102982  -41.767  36.050  32.249 0.4000000060
103001  -42.667  36.163  31.427 0.5000000000
103002  -43.115  36.177  30.955 0.5000000000
103011  -43.787  36.156  30.215 0.5000000000
128836  -44.426  35.866  29.861 0.6000000238
101454  -52.174  34.195  21.710 0.8000000119
102294  -52.291  34.012  20.812 0.8000000119
100564  -47.937  33.474  26.353 0.8999999762
101458  -52.630  32.896  20.390 0.6999999881
101451  -52.526  32.772  21.997 0.6999999881
101447  -51.903  33.396  23.147 0.8000000119
101438  -50.707  33.665  24.219 0.8000000119
138869  -49.719  33.463  24.990 0.8999999762
100617  -52.644  32.014  20.853 0.6999999881
101433  -49.221  33.923  25.275 0.8999999762
99834  -51.753  31.145  17.390 0.5000000000
118671  -52.416  31.482  17.777 0.5000000000
99832  -49.354  31.018  17.805 0.4000000060
99833  -50.465  31.061  17.543 0.5000000000
92451  -40.521  22.277  33.263 0.1000000015
92452  -41.381  22.364  33.211 0.2000000030
92464  -43.775  22.379  32.242 0.3000000119
92466  -45.484  22.320  32.057 0.5000000000
92437  -46.358  22.979  34.357 0.8000000119
128609  -46.956  22.930  33.394 0.6999999881
103781  -43.278  36.329  30.412 0.5000000000
103012  -44.689  36.444  29.599 0.6000000238
101474  -52.719  33.151  18.490 0.6000000238
100648  -52.711  31.736  17.901 0.6999999881
120313  -52.473  30.920  16.828 0.5000000000
134238  -40.278  23.399  33.539 0.1000000015
92453  -42.213  22.553  33.516 0.2000000030
93257  -41.378  23.495  33.642 0.1000000015
129646  -42.643  22.425  33.276 0.3000000119
92455  -44.123  22.634  33.298 0.4000000060
91581  -46.903  22.531  32.524 0.8000000119
92433  -41.762  22.828  33.652 0.3000000119
92465  -44.604  22.404  32.163 0.4000000060
117703  -46.091  22.874  32.998 0.8000000119
91664  -44.869  21.571  23.388 0.5000000000
91655  -48.850  22.149  24.833 0.6999999881
92512  -50.445  22.535  24.873 0.6999999881
127198  -47.302  27.584  33.576 0.6999999881
138124  -46.532  30.245  33.557 0.6999999881
97117  -46.470  29.139  33.421 0.6999999881
94093  -50.002  24.497  31.509 0.6999999881
96379  -50.487  27.175  30.241 0.8000000119
94060  -47.670  24.157  34.889 0.8999999762
98773  -46.688  30.530  33.497 0.6999999881
97155  -50.135  28.541  28.519 0.8000000119
100567  -50.572  32.127  25.911 0.8999999762
99710  -51.544  31.640  25.589 0.8999999762
98860  -52.417  30.770  24.741 0.8000000119
94941  -45.957  25.413  21.275 0.5000000000
94942  -47.385  25.301  21.355 0.6000000238
93391  -47.223  23.786  21.682 0.6000000238
92555  -47.804  23.462  22.656 0.6000000238
92541  -47.325  22.659  23.350 0.6999999881
94187  -42.657  24.312  22.671 0.2000000030
94188  -43.526  24.712  22.537 0.2000000030
94930  -45.232  25.360  21.610 0.5000000000
94931  -45.898  25.569  21.919 0.4000000060
94933  -47.975  25.621  21.768 0.6000000238
94923  -46.012  25.456  22.578 0.5000000000
92542  -48.727  23.921  22.851 0.6999999881
93380  -49.433  24.301  23.113 0.6999999881
92528  -48.682  22.699  24.129 0.6999999881
124402  -42.190  23.430  24.655 0.2000000030
94179  -43.068  24.330  23.294 0.2000000030
94167  -43.473  24.117  23.976 0.3000000119
116784  -45.436  24.797  23.635 0.3000000119
94181  -46.209  25.151  23.317 0.5000000000
94926  -48.810  25.495  22.798 0.6999999881
94182  -49.704  24.924  23.067 0.6999999881
94183  -50.443  24.570  23.773 0.6999999881
93382  -50.516  24.095  23.790 0.6999999881
92530  -50.846  23.467  24.312 0.6999999881
93355  -41.549  23.389  25.418 0.2000000030
131580  -42.512  23.786  26.222 0.4000000060
93367  -43.996  23.869  24.640 0.3000000119
93358  -44.551  23.753  25.357 0.4000000060
94144  -45.669  23.738  26.295 0.6000000238
94156  -46.553  24.393  24.723 0.6000000238
94157  -48.013  24.639  24.799 0.6000000238
131752  -50.263  25.062  24.179 0.6000000238
94161  -52.226  24.294  25.020 0.6999999881
86348  -43.745  15.238  36.257 0.2000000030
86350  -45.425  16.059  37.512 0.4000000060
93332  -40.109  23.514  26.002 0.1000000015
93336  -44.082  23.687  26.166 0.3000000119
120696  -48.556  24.475  25.295 0.6000000238
93339  -50.594  24.209  26.598 0.6000000238
88143  -43.273  17.425  34.280 0.2000000030
87259  -41.355  16.190  33.745 0.1000000015
87260  -41.816  16.740  33.953 0.1000000015
86373  -40.282  15.523  32.911 0.1000000015
84473  -41.441  13.403  33.068 0.2000000030
88145  -45.758  17.898  35.191 0.4000000060
140977  -42.879  13.647  35.012 0.2000000030
94900  -41.972  24.827  27.044 0.2000000030
94122  -43.231  24.797  27.390 0.6000000238
94882  -43.633  25.421  27.906 0.6000000238
118036  -46.059  23.855  26.963 0.6000000238
93317  -49.949  23.784  27.596 0.6000000238
84474  -42.140  13.546  33.796 0.2000000030
124099  -43.628  26.265  28.204 0.6000000238
95648  -44.259  25.826  28.420 0.6000000238
94883  -44.897  24.969  28.303 0.6000000238
94871  -45.438  25.177  28.863 0.6000000238
95637  -43.971  26.795  28.569 0.6000000238
94872  -46.026  25.085  29.179 0.6000000238
94119  -47.833  23.818  28.381 0.6000000238
94118  -46.906  24.189  28.465 0.6000000238
93316  -48.887  23.698  27.836 0.6000000238
93309  -49.348  23.616  28.602 0.6000000238
96393  -45.240  27.750  29.015 0.5000000000
95633  -45.708  26.725  29.685 0.6000000238
94855  -48.328  25.075  31.123 0.6000000238
129052  -46.066  29.848  27.322 0.5000000000
96383  -46.462  27.167  29.997 0.5000000000
98831  -47.379  30.488  25.589 0.5000000000
140676  -47.016  29.543  27.728 0.5000000000
99742  -48.617  30.980  23.745 0.6000000238
117073  -48.323  30.317  25.077 0.6000000238
97943  -47.624  29.488  27.599 0.5000000000
98873  -49.598  30.602  23.839 0.6999999881
97967  -49.335  29.598  26.256 0.6000000238
118581  -50.607  30.407  23.900 0.6999999881
101448  -52.434  32.519  22.754 0.8000000119
93290  -50.018  23.574  30.537 0.6999999881
94838  -48.204  25.852  31.276 0.6999999881
96384  -47.885  27.755  29.937 0.5000000000
95612  -48.815  26.523  31.127 0.6999999881
99752  -48.413  31.609  22.891 0.4000000060
99724  -52.642  31.037  24.223 0.8000000119
89851  -40.978  19.776  30.669 0.1000000015
97143  -48.391  28.255  29.338 0.6000000238
100598  -48.229  32.220  21.956 0.4000000060
119242  -47.286  32.409  21.775 0.4000000060
100627  -48.281  32.439  19.903 0.4000000060
99825  -52.342  31.803  18.953 0.6999999881
134668  -39.350  19.924  30.591 0.1000000015
90704  -40.389  21.263  31.193 0.1000000015
117373  -40.114  21.630  31.927 0.1000000015
98791  -44.459  30.359  32.238 0.5000000000
97917  -45.676  29.335  32.726 0.6999999881
99813  -52.423  31.733  19.743 0.6999999881
91577  -40.262  21.883  32.726 0.1000000015
99620  -42.390  32.673  33.903 0.4000000060
102974  -42.081  35.703  33.281 0.4000000060
100590  -52.357  32.197  23.426 0.8000000119
101439  -51.476  32.912  23.758 0.8000000119
79619  -47.277  8.424  34.515 0.1000000015
80600  -48.079  8.918  34.099 0.1000000015
133029  -48.809  9.499  33.642 0.2000000030
80602  -49.786  9.783  34.196 0.2000000030
78695  -44.712  7.337  34.101 0.1000000015
78704  -45.191  7.305  33.789 0.1000000015
79626  -46.536  8.086  34.000 0.1000000015
79627  -47.221  8.759  33.554 0.1000000015
80614  -47.960  9.412  33.117 0.2000000030
80615  -48.672  9.875  32.866 0.2000000030
81599  -49.509  10.064  33.200 0.2000000030
81614  -50.281  10.577  32.712 0.2000000030
77749  -43.871  6.459  32.775 0.1000000015
78716  -44.580  7.014  33.208 0.1000000015
118429  -45.700  8.067  32.925 0.1000000015
79639  -46.415  8.475  33.184 0.1000000015
134854  -50.111  11.292  31.013 0.2000000030
77760  -43.296  6.023  32.362 0.1000000015
78730  -44.355  7.168  32.372 0.1000000015
77770  -43.089  6.255  31.578 0.1000000015
78742  -43.428  7.138  31.097 0.1000000015
79666  -43.799  8.010  30.573 0.1000000015
77781  -42.073  6.327  30.353 0.1000000015
78757  -42.415  7.203  29.883 0.1000000015
78758  -43.110  7.599  30.231 0.1000000015
80581  -47.936  8.717  36.145 0.1000000015
79611  -48.200  8.700  35.244 0.1000000015
120584  -49.187  9.106  35.625 0.2000000030
80591  -50.093  9.582  35.438 0.2000000030
80592  -51.113  10.203  35.914 0.2000000030
81602  -52.596  11.585  35.467 0.2000000030
79608  -45.530  8.422  35.348 0.1000000015
79609  -46.263  8.338  35.426 0.1000000015
80601  -48.992  9.197  34.671 0.2000000030
81593  -50.924  10.336  34.906 0.2000000030
81601  -52.081  11.135  34.550 0.2000000030
140539  -52.461  11.652  34.015 0.2000000030
134887  -45.349  7.550  34.345 0.1000000015
79625  -45.884  7.650  34.205 0.1000000015
81600  -50.684  10.438  33.745 0.2000000030
81615  -51.634  11.218  33.322 0.2000000030
126825  -43.477  6.707  33.596 0.1000000015
78702  -44.023  7.015  33.785 0.1000000015
81648  -49.219  11.077  30.961 0.2000000030
81631  -49.913  10.880  31.751 0.2000000030
82542  -52.655  12.019  33.535 0.2000000030
81647  -48.787  11.028  30.244 0.2000000030
80582  -48.881  8.978  36.227 0.1000000015
80583  -50.004  9.410  36.541 0.2000000030
80584  -50.817  9.825  36.449 0.2000000030
81594  -52.061  10.810  35.772 0.3000000119
80590  -43.753  8.784  34.899 0.1000000015
120700  -44.219  9.259  35.474 0.1000000015
80579  -45.778  8.881  36.003 0.1000000015
80580  -46.852  8.897  36.279 0.1000000015
80570  -47.886  9.262  36.988 0.1000000015
80572  -50.497  9.765  37.510 0.4000000060
81579  -51.277  10.322  37.671 0.4000000060
82518  -51.776  11.072  37.450 0.3000000119
82534  -52.779  11.992  35.606 0.2000000030
82543  -52.779  12.041  34.599 0.2000000030
78694  -44.027  7.773  34.316 0.1000000015
117890  -52.721  12.574  33.738 0.2000000030
79624  -43.438  7.359  33.888 0.1000000015
82565  -51.130  11.451  31.574 0.2000000030
82550  -51.973  11.758  32.552 0.2000000030
82579  -49.642  11.368  30.327 0.2000000030
82551  -52.528  12.675  32.768 0.2000000030
136202  -48.969  11.716  37.532 0.4000000060
82526  -50.896  12.063  36.983 0.3000000119
82515  -49.345  11.298  38.437 0.4000000060
82516  -50.106  11.520  37.758 0.4000000060
121754  -44.409  11.034  37.170 0.2000000030
81577  -45.272  10.406  37.191 0.3000000119
81568  -47.143  10.550  38.373 0.3000000119
81569  -48.400  10.919  38.830 0.2000000030
82507  -50.279  10.975  38.340 0.4000000060
82517  -51.196  11.387  37.739 0.4000000060
82527  -51.924  11.897  36.919 0.3000000119
83441  -51.606  12.539  36.085 0.3000000119
80588  -42.062  9.952  34.690 0.2000000030
80589  -42.883  9.378  34.886 0.2000000030
80577  -43.391  9.749  35.454 0.2000000030
81576  -44.465  10.283  36.539 0.2000000030
81578  -46.236  10.205  37.547 0.2000000030
80569  -47.005  9.706  37.320 0.2000000030
80563  -49.863  9.826  37.798 0.4000000060
81571  -50.565  10.357  38.044 0.5000000000
83456  -52.167  12.625  35.135 0.2000000030
83457  -52.594  12.238  35.173 0.2000000030
80599  -42.533  9.117  34.115 0.1000000015
79615  -43.279  8.374  34.319 0.1000000015
83469  -52.017  12.973  34.137 0.2000000030
83470  -52.538  12.540  34.391 0.2000000030
121959  -40.901  10.104  33.796 0.1000000015
83483  -52.067  13.073  33.204 0.2000000030
84499  -52.718  13.659  31.701 0.2000000030
84520  -53.119  14.048  31.216 0.2000000030
84519  -52.251  14.104  31.195 0.2000000030
85495  -52.718  14.338  30.739 0.2000000030
85510  -51.663  14.904  29.204 0.1000000015
85511  -52.806  15.005  29.236 0.2000000030
119009  -48.419  11.777  39.266 0.4000000060
126853  -49.115  11.255  38.706 0.4000000060
83431  -48.556  11.924  38.245 0.5000000000
82513  -44.463  11.660  37.665 0.3000000119
82505  -45.021  11.959  38.384 0.3000000119
139770  -47.593  11.776  39.375 0.5000000000
82524  -47.975  12.012  36.416 0.5000000000
82525  -49.235  11.976  36.666 0.4000000060
83440  -50.023  12.366  35.774 0.3000000119
81575  -43.781  10.850  36.540 0.2000000030
83428  -43.844  12.436  37.143 0.3000000119
83439  -46.936  12.449  35.627 0.5000000000
82533  -48.487  12.125  35.379 0.4000000060
83455  -50.726  12.748  34.704 0.3000000119
80598  -41.643  9.696  33.938 0.2000000030
81592  -41.949  10.709  34.871 0.2000000030
133911  -42.797  11.155  35.744 0.2000000030
83437  -43.389  12.153  36.466 0.3000000119
83453  -47.433  12.244  34.931 0.4000000060
83466  -47.174  12.307  33.924 0.4000000060
83467  -49.028  12.597  33.675 0.3000000119
83468  -50.619  13.082  33.315 0.3000000119
81610  -38.491  10.627  32.476 0.1000000015
81611  -39.167  10.802  32.931 0.1000000015
81598  -40.475  10.715  33.757 0.1000000015
124576  -42.053  11.818  34.743 0.2000000030
83450  -42.546  12.143  35.221 0.2000000030
83482  -48.037  12.567  32.691 0.3000000119
136653  -49.177  12.901  32.766 0.3000000119
80596  -39.680  10.416  33.239 0.1000000015
82540  -39.867  11.197  33.295 0.1000000015
83497  -48.641  12.968  32.016 0.3000000119
84497  -49.814  13.225  32.240 0.2000000030
84498  -51.678  13.690  31.739 0.2000000030
84526  -46.259  13.377  29.214 0.2000000030
118241  -47.925  13.478  29.934 0.2000000030
117084  -49.528  13.865  30.212 0.2000000030
139332  -49.633  13.625  30.907 0.3000000119
85518  -46.013  14.080  27.230 0.2000000030
136458  -46.221  13.635  28.377 0.2000000030
84527  -47.356  13.552  29.282 0.2000000030
84528  -48.699  13.743  29.830 0.2000000030
84518  -50.781  13.921  30.855 0.2000000030
84530  -51.684  14.365  30.431 0.2000000030
84545  -46.725  13.941  27.693 0.2000000030
84546  -47.672  13.957  27.998 0.2000000030
117809  -50.454  14.583  29.158 0.2000000030
85509  -49.608  14.560  28.431 0.2000000030
85501  -51.316  14.584  29.741 0.1000000015
85519  -47.581  14.318  27.270 0.2000000030
134905  -48.225  14.308  27.674 0.2000000030
126346  -48.951  14.583  27.705 0.2000000030
135164  -48.833  11.739  39.038 0.5000000000
83421  -46.011  12.422  39.150 0.3000000119
83416  -47.988  12.415  39.487 0.5000000000
83423  -48.478  12.382  39.249 0.5000000000
83429  -44.339  12.255  37.790 0.3000000119
83420  -45.163  12.790  38.563 0.3000000119
84427  -46.413  13.333  39.295 0.4000000060
83436  -43.099  12.564  35.800 0.3000000119
84456  -43.638  13.095  36.578 0.2000000030
84442  -44.329  13.175  37.722 0.2000000030
82549  -38.981  11.504  32.425 0.1000000015
125050  -39.866  11.987  32.646 0.1000000015
83463  -41.493  11.855  34.132 0.1000000015
83449  -42.293  12.593  34.407 0.2000000030
84465  -42.595  13.601  34.530 0.2000000030
84466  -42.848  12.975  35.064 0.2000000030
83495  -46.215  12.512  31.757 0.3000000119
83481  -47.088  12.336  33.055 0.3000000119
135723  -39.435  11.340  32.868 0.1000000015
116845  -46.891  13.173  30.172 0.2000000030
83496  -47.773  12.732  31.857 0.3000000119
84544  -45.680  13.804  27.868 0.2000000030
85517  -45.069  14.070  27.193 0.2000000030
85531  -44.242  14.351  26.622 0.2000000030
85533  -46.720  14.383  26.757 0.2000000030
131478  -45.834  14.297  26.706 0.2000000030
84414  -48.114  13.249  39.269 0.5000000000
84426  -45.514  13.816  38.654 0.4000000060
84441  -44.070  13.881  37.050 0.2000000030
85441  -44.744  14.292  37.799 0.4000000060
83515  -46.105  12.714  30.875 0.3000000119
84516  -45.760  12.996  30.108 0.3000000119
85516  -43.958  14.089  27.578 0.2000000030
85540  -43.587  14.649  25.989 0.2000000030
85541  -44.564  14.631  25.716 0.2000000030
85430  -45.978  14.827  38.545 0.4000000060
123562  -47.368  15.277  38.845 0.5000000000
86342  -48.096  15.600  38.571 0.5000000000
87235  -48.206  16.458  37.454 0.5000000000
91676  -44.565  21.760  22.577 0.4000000060
92454  -43.289  22.510  33.363 0.2000000030
127659  -42.783  23.790  34.068 0.2000000030
92434  -42.943  22.662  34.014 0.2000000030
92435  -43.757  22.680  34.272 0.3000000119
92436  -44.611  22.729  34.396 0.5000000000
92417  -45.173  22.818  35.032 0.5000000000
92418  -45.885  22.890  34.939 0.6000000238
94880  -42.185  25.666  27.411 0.4000000060
120574  -42.952  26.201  27.852 0.4000000060
139242  -42.453  22.841  33.870 0.2000000030
94068  -42.059  23.877  33.729 0.2000000030
94083  -42.356  24.534  33.483 0.2000000030
117509  -42.767  26.961  27.947 0.4000000060
96398  -43.118  27.600  27.947 0.4000000060
95647  -43.331  26.923  28.227 0.4000000060
97167  -41.624  28.527  26.530 0.3000000119
97168  -42.434  28.735  26.848 0.4000000060
97160  -43.706  28.422  27.822 0.4000000060
97149  -44.335  28.173  28.329 0.4000000060
97950  -43.603  29.674  26.582 0.3000000119
97940  -44.087  29.265  27.320 0.3000000119
97150  -44.982  28.287  28.624 0.3000000119
99767  -44.611  31.854  21.626 0.3000000119
99789  -45.594  31.741  20.344 0.3000000119
100612  -46.348  32.122  20.662 0.3000000119
100613  -47.758  32.433  20.599 0.3000000119
99807  -45.864  31.415  19.597 0.3000000119
99808  -46.660  31.621  19.462 0.3000000119
100626  -47.109  32.211  20.107 0.3000000119
98928  -46.209  31.068  18.969 0.3000000119
99820  -47.049  31.163  18.832 0.3000000119
98945  -47.970  31.370  18.641 0.3000000119
99810  -48.555  32.055  19.085 0.3000000119
99821  -48.957  31.577  18.464 0.4000000060
97187  -41.198  29.037  26.038 0.3000000119
97949  -42.098  29.320  26.228 0.3000000119
97951  -44.525  29.892  26.814 0.3000000119
97161  -44.684  28.895  28.007 0.3000000119
97162  -45.438  28.798  28.363 0.3000000119
97965  -42.320  29.961  25.629 0.3000000119
98850  -42.637  30.936  24.234 0.3000000119
98826  -42.693  30.464  24.977 0.3000000119
98827  -43.672  30.491  25.269 0.3000000119
98814  -44.198  30.274  26.046 0.3000000119
98815  -45.129  30.403  26.296 0.3000000119
98829  -45.821  30.741  25.735 0.3000000119
120097  -42.909  31.689  22.941 0.3000000119
99718  -42.679  31.351  23.580 0.3000000119
99719  -43.929  31.310  23.999 0.3000000119
98852  -44.082  30.922  24.679 0.3000000119
98828  -44.814  30.837  25.254 0.4000000060
98853  -45.741  31.096  25.036 0.4000000060
98854  -46.600  30.942  25.171 0.5000000000
98855  -47.455  30.791  24.931 0.5000000000
118580  -43.298  31.657  22.269 0.3000000119
99738  -44.067  31.761  23.253 0.3000000119
99739  -45.765  31.859  23.826 0.3000000119
99722  -47.087  31.229  24.429 0.5000000000
99751  -44.135  31.839  22.421 0.3000000119
100595  -45.840  32.297  22.391 0.3000000119
100596  -46.744  32.342  22.426 0.3000000119
99740  -46.690  31.724  23.804 0.3000000119
100602  -46.334  32.317  21.547 0.3000000119
118119  -47.091  32.393  20.979 0.3000000119
98942  -45.123  30.275  18.428 0.2000000030
98954  -45.953  30.117  18.002 0.3000000119
98943  -46.539  30.563  18.417 0.3000000119
98944  -47.445  30.557  18.158 0.3000000119
98927  -45.443  30.869  19.110 0.3000000119
133740  -48.399  30.854  18.040 0.3000000119
125627  -40.829  29.451  25.678 0.3000000119
97964  -41.497  29.724  25.672 0.3000000119
124818  -44.827  29.536  27.450 0.3000000119
97952  -45.357  29.956  27.085 0.3000000119
98830  -46.601  30.563  25.905 0.4000000060
127602  -48.062  30.164  17.583 0.3000000119
98049  -45.361  29.680  17.583 0.2000000030
98955  -46.745  30.028  17.752 0.3000000119
135748  -46.165  29.450  17.220 0.3000000119
139858  -47.405  29.942  17.554 0.3000000119
98048  -44.532  29.741  17.804 0.2000000030
98956  -48.800  30.381  17.527 0.3000000119
98957  -49.669  30.163  16.978 0.3000000119
98047  -43.660  29.757  17.964 0.2000000030
136894  -45.530  29.202  16.877 0.2000000030
98959  -52.056  30.345  16.282 0.4000000060
98063  -47.022  29.441  17.090 0.3000000119
128703  -48.283  29.080  16.155 0.3000000119
98970  -50.338  29.373  15.963 0.3000000119
98958  -50.950  30.291  16.635 0.4000000060
135830  -48.636  29.710  16.989 0.3000000119
101464  -52.630  32.948  19.504 0.5000000000
100649  -53.225  31.743  16.905 0.5000000000
98077  -46.599  28.899  16.388 0.2000000030
99850  -53.292  30.826  15.909 0.4000000060
99836  -53.379  31.248  16.161 0.4000000060
98972  -52.289  29.867  15.355 0.3000000119
130619  -52.934  30.157  15.209 0.3000000119
99869  -53.540  31.043  14.926 0.4000000060
98065  -49.256  29.218  16.117 0.3000000119
98081  -50.734  29.006  15.161 0.3000000119
99881  -53.164  31.036  14.606 0.3000000119
98082  -51.355  29.336  14.836 0.3000000119
98991  -52.282  29.820  14.762 0.3000000119
101437  -49.974  34.320  24.741 0.6999999881
102288  -51.016  35.304  23.563 0.6999999881
102292  -51.684  34.984  22.457 0.6999999881
132238  -51.898  34.919  21.127 0.6999999881
102300  -52.424  34.071  19.093 0.6999999881
102309  -52.434  34.352  18.026 0.6000000238
101483  -52.953  33.409  17.367 0.6999999881
101484  -53.325  32.583  16.642 0.6000000238
101501  -53.088  33.548  16.239 0.6000000238
100674  -53.545  31.720  15.163 0.6000000238
132127  -45.949  28.914  16.467 0.2000000030
98078  -47.421  28.931  16.251 0.3000000119
98079  -48.794  28.652  15.295 0.3000000119
129296  -49.783  28.737  14.589 0.3000000119
98107  -50.722  29.198  14.564 0.3000000119
103110  -49.906  36.667  23.377 0.6999999881
103093  -50.396  36.056  23.961 0.6999999881
133612  -50.280  35.715  21.345 0.6999999881
103123  -50.440  36.346  22.532 0.6999999881
103111  -50.736  36.097  23.165 0.6999999881
103135  -50.893  36.160  21.983 0.6999999881
103136  -51.461  35.469  21.729 0.6999999881
132051  -50.893  35.831  21.490 0.6999999881
103146  -51.377  35.301  21.000 0.6999999881
103154  -50.537  35.060  19.789 0.6999999881
103155  -51.336  35.021  20.170 0.6999999881
103162  -51.261  34.961  19.014 0.6999999881
102318  -52.640  34.373  16.860 0.6999999881
98075  -44.411  28.746  16.113 0.2000000030
98076  -45.318  28.702  16.012 0.2000000030
97265  -46.459  28.425  15.001 0.2000000030
99880  -52.538  31.147  14.482 0.4000000060
100684  -53.026  31.866  14.556 0.4000000060
97256  -46.961  28.489  15.453 0.2000000030
130946  -48.249  28.561  14.821 0.3000000119
98106  -49.986  28.928  14.435 0.3000000119
99879  -51.559  30.310  14.438 0.3000000119
99009  -51.538  29.662  14.547 0.3000000119
101425  -46.337  34.472  27.679 0.6000000238
119927  -47.362  33.186  26.847 0.8000000119
101432  -48.520  33.748  25.848 0.8000000119
102267  -48.811  35.071  25.815 0.8000000119
102268  -49.532  35.462  25.316 0.8000000119
139875  -49.850  35.926  21.772 0.6999999881
103144  -49.942  35.288  20.440 0.6999999881
103153  -49.538  35.227  19.386 0.6999999881
103161  -50.181  35.160  18.668 0.6999999881
103172  -51.764  35.063  18.096 0.6999999881
102334  -52.680  34.474  15.845 0.6999999881
102348  -52.486  34.657  15.129 0.6999999881
100673  -53.172  32.529  14.892 0.6000000238
118936  -52.726  32.745  14.740 0.5000000000
98104  -48.222  29.000  14.441 0.3000000119
99878  -50.335  30.050  14.418 0.3000000119
100671  -51.248  32.326  14.899 0.4000000060
100682  -51.743  31.439  14.539 0.3000000119
102248  -46.915  35.987  28.291 0.6000000238
101428  -47.152  35.168  27.388 0.6000000238
101429  -47.477  34.327  26.688 0.6999999881
103874  -46.997  36.089  19.077 0.6999999881
103150  -46.680  35.773  19.812 0.6999999881
103151  -47.552  35.680  19.496 0.6999999881
128965  -47.539  35.566  20.361 0.6999999881
117783  -48.319  35.466  20.103 0.6999999881
103152  -48.429  35.502  19.124 0.6999999881
118205  -49.073  35.360  19.993 0.6999999881
103092  -49.686  36.681  24.398 0.6999999881
103158  -47.664  35.851  18.827 0.6999999881
103159  -48.222  36.002  18.205 0.6999999881
103160  -49.161  35.535  18.418 0.6999999881
103884  -49.429  36.369  17.110 0.6999999881
103169  -49.005  35.966  17.747 0.6999999881
103171  -50.727  35.684  17.229 0.6999999881
118226  -50.865  35.268  17.972 0.6999999881
97253  -43.056  28.594  15.551 0.2000000030
104539  -50.667  37.600  15.624 0.6999999881
103187  -51.323  36.011  16.479 0.6999999881
128238  -51.475  35.409  17.279 0.6999999881
97254  -43.950  28.529  15.229 0.2000000030
132162  -44.806  28.521  15.306 0.2000000030
103895  -51.578  36.577  15.534 0.6999999881
103203  -52.035  36.196  15.074 0.6999999881
103204  -52.353  35.345  15.443 0.6999999881
97263  -43.287  28.556  14.881 0.2000000030
97276  -45.888  28.620  14.836 0.2000000030
97278  -47.799  28.657  14.712 0.2000000030
103215  -51.388  35.913  14.404 0.6999999881
134078  -51.729  35.338  14.558 0.6000000238
101523  -52.468  33.781  14.946 0.5000000000
98102  -46.300  28.812  14.632 0.2000000030
101522  -51.412  34.049  14.704 0.5000000000
99004  -46.724  29.254  14.521 0.3000000119
99005  -47.716  29.228  14.453 0.2000000030
98990  -49.203  30.013  14.494 0.4000000060
99868  -50.814  31.244  14.703 0.4000000060
99867  -49.706  31.089  15.090 0.4000000060
102249  -47.481  36.505  27.778 0.6000000238
102259  -47.919  35.635  27.029 0.6000000238
103815  -48.074  37.202  26.588 0.6000000238
102260  -48.583  35.995  26.550 0.6999999881
103078  -49.114  36.462  25.925 0.6999999881
103850  -49.201  36.937  24.059 0.6999999881
103109  -49.206  36.569  23.294 0.6999999881
103132  -47.800  35.578  21.449 0.6999999881
104531  -46.963  37.094  18.026 0.6999999881
103882  -47.726  36.791  17.695 0.6999999881
103893  -49.987  36.955  16.338 0.6999999881
104548  -51.053  37.936  15.090 0.6999999881
103906  -51.451  37.214  14.988 0.6999999881
125722  -50.644  35.826  14.306 0.6000000238
97252  -42.243  28.667  15.765 0.2000000030
97274  -43.755  28.695  14.733 0.2000000030
97275  -44.795  28.604  14.816 0.2000000030
101513  -50.780  33.354  15.121 0.4000000060
98988  -47.178  30.006  14.832 0.4000000060
99866  -48.608  30.952  15.318 0.4000000060
139048  -50.127  32.389  15.431 0.4000000060
103824  -47.632  37.171  26.112 0.6000000238
103061  -48.588  36.813  26.491 0.6000000238
103075  -45.639  35.771  25.791 0.5000000000
103090  -46.736  35.890  24.701 0.6000000238
103825  -48.256  37.232  25.732 0.6999999881
103088  -44.846  35.324  24.202 0.5000000000
119891  -45.798  35.576  24.932 0.6000000238
103089  -45.752  35.486  23.975 0.6000000238
103107  -46.601  35.625  23.718 0.6999999881
103077  -47.588  36.878  25.288 0.6999999881
103826  -48.960  37.102  25.118 0.6999999881
138180  -43.948  35.101  22.793 0.5000000000
103119  -46.252  35.577  22.820 0.6999999881
118957  -47.351  35.736  23.264 0.6999999881
103108  -48.188  36.359  23.818 0.6999999881
103849  -48.584  36.925  24.380 0.6999999881
103105  -44.846  35.326  23.166 0.5000000000
117686  -45.368  35.457  22.486 0.6999999881
103120  -46.703  35.583  22.385 0.6999999881
103121  -47.583  35.643  22.403 0.6999999881
134035  -48.785  36.746  23.786 0.6999999881
103116  -42.515  35.288  22.327 0.5000000000
103117  -43.417  35.245  22.216 0.5000000000
103118  -44.423  35.331  22.138 0.5000000000
103129  -45.140  35.480  21.774 0.6000000238
103140  -45.980  35.705  20.442 0.6000000238
127482  -48.687  35.853  22.491 0.6999999881
104534  -48.214  37.351  16.968 0.6999999881
104537  -48.830  37.837  16.419 0.6999999881
130632  -50.920  36.598  14.320 0.6000000238
103214  -49.741  35.628  14.492 0.5000000000
97261  -41.738  28.636  15.180 0.2000000030
101512  -49.720  33.666  15.465 0.3000000119
97273  -42.937  28.755  14.621 0.2000000030
98100  -44.281  28.849  14.620 0.2000000030
100670  -48.969  32.143  15.789 0.3000000119
98101  -45.299  28.821  14.638 0.2000000030
104507  -37.671  37.266  23.479 0.4000000060
103836  -37.981  36.169  24.010 0.4000000060
103853  -38.907  36.969  23.013 0.4000000060
103854  -39.386  36.265  22.999 0.4000000060
103114  -40.726  35.746  22.495 0.4000000060
103856  -41.307  36.037  21.848 0.5000000000
103115  -41.640  35.459  22.399 0.5000000000
103102  -41.248  35.181  23.126 0.5000000000
103127  -42.834  35.611  21.614 0.5000000000
103865  -43.487  36.512  20.392 0.6000000238
103866  -44.326  36.294  20.194 0.6000000238
104526  -45.056  37.219  19.120 0.6000000238
103877  -45.811  36.947  18.855 0.6000000238
103128  -43.715  35.529  21.474 0.5000000000
103138  -43.995  35.872  20.793 0.6999999881
103139  -44.824  35.810  20.647 0.6999999881
103873  -46.236  36.305  19.258 0.6000000238
105159  -49.287  38.758  16.208 0.6999999881
104547  -50.528  38.425  15.341 0.6999999881
105170  -50.738  38.495  14.928 0.6000000238
104560  -50.667  38.003  14.649 0.6000000238
104559  -49.893  37.924  14.277 0.6000000238
121685  -50.092  36.500  14.253 0.6999999881
102346  -49.529  34.749  14.912 0.5000000000
99849  -47.966  31.735  16.013 0.3000000119
99003  -45.753  29.307  14.580 0.3000000119
99864  -46.700  30.868  15.535 0.4000000060
98987  -46.214  30.085  14.868 0.3000000119
99865  -47.632  30.849  15.445 0.3000000119
104512  -40.235  37.279  22.227 0.4000000060
103855  -40.083  36.372  22.491 0.4000000060
103859  -40.692  36.545  21.980 0.5000000000
141272  -41.730  36.336  21.388 0.5000000000
104520  -42.409  37.579  20.447 0.5000000000
103861  -43.140  36.027  20.966 0.5000000000
138247  -47.458  38.469  17.072 0.6000000238
104532  -46.614  37.748  17.719 0.6000000238
105160  -49.990  39.022  15.679 0.6999999881
137145  -48.899  34.826  15.103 0.4000000060
101500  -47.743  33.385  16.268 0.4000000060
126842  -48.886  34.302  15.449 0.3000000119
100662  -48.139  32.618  16.202 0.4000000060
99847  -46.246  31.827  16.176 0.4000000060
99002  -44.756  29.306  14.596 0.3000000119
98986  -45.226  30.129  14.931 0.3000000119
99863  -45.721  30.941  15.629 0.4000000060
84458  -46.713  13.009  36.291 0.5000000000
83465  -46.390  12.486  33.553 0.4000000060
135746  -47.064  12.465  32.184 0.4000000060
84535  -45.399  13.548  28.678 0.2000000030
84413  -47.473  13.607  39.409 0.4000000060
91677  -45.405  22.068  22.761 0.4000000060
83462  -41.080  12.247  33.419 0.1000000015
84455  -43.192  13.634  35.581 0.2000000030
98816  -46.128  30.310  26.609 0.3000000119
92456  -45.033  22.816  33.144 0.4000000060
102297  -52.361  33.990  19.988 0.6000000238
102296  -51.921  34.809  20.452 0.6999999881
102289  -51.596  34.599  23.091 0.6999999881
99835  -52.941  31.140  16.776 0.4000000060
122863  -45.490  22.840  34.370 0.6000000238
100640  -52.672  32.047  18.971 0.5000000000
126304  -41.780  12.655  33.684 0.2000000030
96391  -43.817  27.580  28.305 0.4000000060
79618  -46.483  8.051  34.734 0.1000000015
78703  -44.469  7.025  33.611 0.1000000015
140181  -45.275  7.457  33.330 0.1000000015
79638  -45.852  7.708  33.624 0.1000000015
79617  -45.772  7.890  34.826 0.1000000015
81632  -50.980  11.089  32.329 0.2000000030
77730  -43.136  6.241  33.326 0.1000000015
77731  -43.851  6.572  33.305 0.1000000015
78717  -45.036  7.640  32.673 0.1000000015
79654  -46.110  8.968  32.403 0.1000000015
77761  -43.737  6.666  31.960 0.1000000015
78743  -44.105  7.559  31.451 0.1000000015
78731  -44.750  8.047  31.802 0.1000000015
78741  -42.747  6.734  30.738 0.1000000015
79607  -45.003  9.041  35.621 0.1000000015
79616  -44.818  8.225  34.855 0.1000000015
79610  -47.168  8.405  35.404 0.1000000015
80571  -49.482  9.358  37.079 0.3000000119
80578  -44.519  9.656  36.000 0.2000000030
80568  -45.145  9.643  36.332 0.2000000030
119488  -46.016  9.604  36.753 0.2000000030
80561  -48.118  10.040  37.958 0.2000000030
83442  -52.406  12.191  35.953 0.3000000119
83484  -52.519  12.860  33.037 0.2000000030
82512  -43.840  11.706  37.045 0.3000000119
82514  -45.071  11.243  37.921 0.3000000119
81567  -45.979  10.836  38.175 0.3000000119
81563  -47.690  11.257  39.100 0.3000000119
81570  -49.421  10.475  38.276 0.5000000000
81584  -43.246  10.627  35.919 0.2000000030
119696  -43.898  10.062  36.019 0.2000000030
81591  -41.344  10.542  34.298 0.1000000015
80613  -41.217  9.421  33.146 0.1000000015
84485  -51.195  13.384  32.440 0.2000000030
82500  -46.803  11.297  38.951 0.4000000060
82499  -46.905  12.070  39.343 0.5000000000
136704  -49.176  12.365  34.701 0.3000000119
81583  -42.577  10.406  35.341 0.2000000030
82523  -43.280  11.427  36.259 0.2000000030
83454  -48.092  12.230  34.285 0.4000000060
81590  -41.104  11.206  34.104 0.2000000030
82531  -41.663  11.284  34.600 0.1000000015
82532  -42.289  11.361  35.236 0.2000000030
82522  -42.889  11.803  35.792 0.2000000030
119549  -47.817  12.363  33.494 0.3000000119
82564  -38.207  11.330  31.935 0.1000000015
139572  -39.703  9.857  32.983 0.1000000015
82541  -40.695  11.478  33.674 0.1000000015
84517  -48.654  13.472  30.576 0.2000000030
134091  -47.737  13.212  30.621 0.2000000030
128277  -50.336  13.552  31.593 0.2000000030
84536  -47.011  13.700  28.529 0.2000000030
133054  -47.126  12.786  31.224 0.2000000030
84538  -48.259  13.776  29.217 0.2000000030
85500  -49.311  14.146  29.293 0.2000000030
85508  -48.534  14.146  28.405 0.2000000030
83475  -39.419  12.554  31.852 0.1000000015
97159  -42.805  28.215  27.439 0.4000000060
96410  -42.033  27.966  27.062 0.3000000119
97169  -43.219  28.993  27.163 0.4000000060
120764  -42.844  29.315  26.606 0.3000000119
97966  -43.008  30.155  25.591 0.3000000119
123836  -42.885  29.770  26.115 0.3000000119
141242  -43.471  30.096  25.937 0.3000000119
99768  -45.068  31.848  20.969 0.3000000119
135687  -44.826  31.538  20.420 0.3000000119
99806  -45.074  31.234  19.804 0.3000000119
99790  -46.298  31.845  20.024 0.3000000119
100611  -45.738  32.070  21.012 0.3000000119
134783  -43.199  31.177  23.945 0.3000000119
99717  -41.852  31.202  23.898 0.3000000119
98849  -41.298  30.765  24.569 0.3000000119
98851  -43.372  30.859  24.506 0.3000000119
99736  -42.137  31.550  23.067 0.3000000119
137345  -43.551  31.775  22.874 0.3000000119
99737  -43.386  31.533  23.428 0.3000000119
125500  -44.806  31.724  23.740 0.3000000119
132126  -44.588  31.239  24.432 0.3000000119
99720  -45.312  31.389  24.476 0.4000000060
99721  -46.194  31.420  24.481 0.3000000119
100594  -44.996  32.096  22.373 0.3000000119
100587  -45.374  32.173  23.114 0.3000000119
100588  -46.263  32.194  23.147 0.3000000119
100601  -45.417  32.109  21.641 0.3000000119
98971  -51.368  29.592  15.645 0.3000000119
141230  -51.289  35.458  22.998 0.6999999881
102299  -51.991  34.752  19.599 0.6999999881
102308  -52.059  34.775  18.790 0.6999999881
97267  -49.522  28.800  14.516 0.3000000119
103189  -52.383  35.153  16.322 0.6999999881
97277  -46.853  28.591  14.780 0.2000000030
99006  -48.712  29.207  14.337 0.3000000119
103142  -48.377  35.549  20.926 0.6999999881
102363  -52.159  35.008  14.769 0.6999999881
98103  -47.281  28.817  14.559 0.2000000030
103878  -46.582  36.670  18.646 0.6000000238
103131  -46.582  35.578  21.470 0.6999999881
103885  -50.327  36.210  16.803 0.6999999881
103188  -52.048  35.836  15.875 0.6999999881
97262  -42.587  28.560  14.960 0.2000000030
102347  -50.465  34.357  14.810 0.5000000000
98989  -48.159  30.002  14.640 0.4000000060
134987  -44.937  35.437  25.038 0.5000000000
103130  -45.472  35.594  21.131 0.6999999881
103872  -45.484  36.520  19.449 0.6000000238
97271  -41.115  28.774  14.572 0.2000000030
101511  -48.746  33.345  15.962 0.3000000119
104511  -39.569  37.030  22.618 0.4000000060
103870  -43.851  37.001  19.817 0.5000000000
104524  -43.101  37.309  20.136 0.5000000000
93435  -43.427  23.921  18.415 0.1000000015
92589  -43.639  23.574  18.629 0.1000000015
92588  -43.073  22.777  18.612 0.1000000015
91698  -42.317  21.589  20.235 0.1000000015
135875  -41.664  20.392  21.287 0.1000000015
89930  -41.525  19.830  21.371 0.1000000015
91705  -42.317  21.914  19.121 0.1000000015
91687  -41.802  20.979  20.850 0.1000000015
128948  -41.495  19.131  21.480 0.1000000015
89096  -41.654  18.459  21.559 0.1000000015
90796  -41.702  20.122  21.959 0.1000000015
93434  -42.889  23.750  18.040 0.1000000015
91688  -42.498  21.416  21.171 0.1000000015
89086  -41.503  18.728  22.156 0.1000000015
93433  -42.238  23.675  17.901 0.1000000015
119213  -43.545  16.167  22.545 0.1000000015
87338  -43.511  15.852  23.325 0.1000000015
88254  -41.714  17.892  22.062 0.1000000015
87353  -42.557  16.563  22.513 0.1000000015
93416  -41.800  23.542  19.765 0.1000000015
90822  -38.301  20.662  17.645 0.1000000015
90834  -39.043  20.803  16.982 0.1000000015
92603  -39.869  22.150  17.305 0.1000000015
92597  -40.639  22.692  17.759 0.1000000015
92587  -41.184  23.074  18.466 0.1000000015
90835  -39.640  21.503  16.604 0.1000000015
87339  -44.269  15.792  23.153 0.1000000015
86457  -45.796  15.567  23.689 0.1000000015
117278  -50.754  14.909  28.434 0.1000000015
91689  -43.378  21.753  21.435 0.1000000015
90797  -42.251  20.528  22.461 0.1000000015
85521  -49.916  14.900  27.690 0.1000000015
90823  -38.834  21.433  17.623 0.1000000015
133827  -39.024  21.929  18.110 0.1000000015
92585  -39.515  22.387  19.110 0.1000000015
93424  -41.113  23.086  19.555 0.1000000015
116536  -42.850  16.155  23.171 0.1000000015
86443  -43.902  15.485  24.001 0.1000000015
117279  -48.020  15.311  25.030 0.1000000015
117419  -48.783  15.388  25.021 0.1000000015
86416  -50.172  15.192  26.941 0.1000000015
131490  -38.001  21.218  18.118 0.1000000015
92595  -38.782  22.169  18.759 0.1000000015
86444  -45.403  15.293  24.374 0.1000000015
86446  -47.424  15.466  24.337 0.1000000015
85545  -48.571  15.135  25.710 0.1000000015
118320  -50.294  15.461  26.134 0.1000000015
85542  -45.492  14.732  25.540 0.1000000015
92569  -44.064  22.338  20.653 0.1000000015
86432  -43.947  14.951  24.981 0.1000000015
85534  -47.740  14.679  26.449 0.1000000015
93417  -42.547  23.982  20.208 0.1000000015
118252  -43.490  24.418  20.355 0.2000000030
94216  -43.835  24.111  18.840 0.2000000030
94217  -44.471  24.133  19.418 0.2000000030
125889  -44.654  23.165  19.962 0.2000000030
90784  -42.461  20.299  23.270 0.1000000015
86455  -42.996  15.758  23.845 0.1000000015
131477  -46.111  14.560  26.073 0.1000000015
85544  -47.785  14.964  25.693 0.1000000015
85535  -48.551  14.891  26.432 0.1000000015
85536  -49.182  14.914  27.024 0.1000000015
92586  -40.322  22.669  19.389 0.1000000015
93415  -41.084  23.188  20.363 0.1000000015
94210  -44.061  24.317  19.593 0.2000000030
93418  -45.137  23.709  19.958 0.2000000030
92570  -44.893  22.589  20.980 0.2000000030
86434  -47.161  15.171  25.137 0.1000000015
135716  -48.172  14.881  26.053 0.1000000015
86445  -46.378  15.336  24.495 0.1000000015
131862  -46.321  14.942  25.340 0.1000000015
86435  -49.437  15.399  25.510 0.1000000015
91709  -38.154  21.838  18.515 0.1000000015
125432  -45.608  22.871  21.254 0.3000000119
92552  -45.111  22.290  21.909 0.2000000030
90798  -43.006  20.977  22.897 0.1000000015
94211  -45.024  24.448  20.081 0.3000000119
92580  -45.366  23.270  20.504 0.3000000119
91675  -43.661  21.508  22.353 0.1000000015
92577  -40.380  22.806  20.285 0.1000000015
123611  -41.548  23.536  20.797 0.1000000015
93407  -42.060  23.886  21.267 0.1000000015
121096  -42.787  24.310  21.269 0.2000000030
132012  -38.236  22.409  20.152 0.1000000015
92576  -39.385  22.536  20.052 0.1000000015
93405  -40.557  23.056  21.182 0.1000000015
93406  -41.252  23.590  21.792 0.1000000015
92553  -45.890  22.619  22.059 0.4000000060
90785  -43.213  20.648  23.662 0.3000000119
93408  -45.964  23.466  20.761 0.3000000119
129272  -44.440  24.646  20.466 0.3000000119
93419  -45.745  23.879  20.303 0.3000000119
93404  -39.448  22.880  21.700 0.1000000015
93389  -41.445  23.704  22.575 0.1000000015
94186  -42.144  24.086  22.071 0.1000000015
92571  -46.328  23.307  21.358 0.4000000060
94201  -45.439  25.041  20.759 0.3000000119
103076  -46.715  36.477  25.792 0.4000000060
103809  -47.666  37.145  27.383 0.4000000060
103059  -46.193  36.609  26.689 0.4000000060
103813  -46.574  37.123  27.586 0.4000000060
103041  -44.542  36.232  27.615 0.4000000060
103806  -45.420  36.872  28.537 0.4000000060
103802  -46.622  37.078  28.642 0.4000000060
102247  -46.238  35.561  28.480 0.5000000000
103058  -44.602  35.749  26.628 0.4000000060
141225  -45.592  36.622  27.456 0.4000000060
103042  -46.935  36.815  28.441 0.5000000000
103800  -45.144  36.785  29.187 0.5000000000
103801  -45.974  37.009  29.076 0.4000000060
103027  -45.746  36.704  29.221 0.5000000000
103057  -43.688  35.509  26.732 0.4000000060
103073  -43.790  35.292  25.778 0.4000000060
103087  -43.932  35.127  24.684 0.4000000060
103799  -44.258  36.650  29.211 0.4000000060
103025  -43.427  36.289  28.601 0.4000000060
103026  -45.173  36.386  29.473 0.5000000000
103040  -43.558  35.884  27.669 0.4000000060
103805  -44.427  36.578  28.568 0.4000000060
101424  -45.653  34.488  28.272 0.5000000000
103056  -42.759  35.307  26.826 0.4000000060
137311  -42.446  34.739  25.393 0.4000000060
102275  -43.046  34.791  24.400 0.4000000060
102235  -44.709  35.236  29.325 0.5000000000
103024  -42.440  36.070  28.713 0.4000000060
103798  -43.269  36.463  29.444 0.4000000060
103039  -42.602  35.669  27.774 0.4000000060
103038  -41.658  35.625  27.947 0.4000000060
103055  -41.822  35.242  26.997 0.4000000060
102258  -42.012  34.789  26.032 0.4000000060
102265  -41.875  34.615  25.219 0.4000000060
102286  -42.600  34.774  23.770 0.4000000060
103104  -43.120  34.920  23.043 0.4000000060
103780  -42.740  36.354  30.893 0.4000000060
100553  -44.780  33.294  28.972 0.5000000000
103788  -41.624  36.368  29.877 0.4000000060
103023  -41.390  36.056  28.904 0.4000000060
102257  -41.046  34.869  26.351 0.4000000060
139388  -49.733  39.671  14.900 0.5000000000
103779  -42.048  36.425  30.733 0.4000000060
129783  -40.813  35.695  28.109 0.4000000060
117302  -40.911  35.349  27.269 0.4000000060
130252  -40.169  35.168  26.671 0.4000000060
102264  -41.181  34.623  25.434 0.4000000060
102263  -40.191  34.793  25.670 0.4000000060
104529  -45.401  37.798  18.509 0.4000000060
105151  -46.050  38.165  17.912 0.5000000000
104536  -48.149  38.397  16.643 0.6000000238
125487  -49.561  39.597  16.036 0.6000000238
103010  -40.424  35.994  30.098 0.3000000119
103000  -41.515  36.221  31.318 0.3000000119
103021  -39.308  35.976  28.932 0.3000000119
103786  -40.172  36.083  29.412 0.4000000060
103787  -40.827  36.188  29.840 0.3000000119
103036  -38.955  35.726  27.693 0.4000000060
129193  -39.345  35.823  28.318 0.4000000060
119439  -39.330  35.492  26.915 0.4000000060
103037  -39.949  35.600  27.675 0.4000000060
103071  -39.255  35.087  25.509 0.4000000060
102262  -39.703  34.952  24.797 0.4000000060
102272  -40.569  34.743  24.723 0.4000000060
103101  -40.414  35.388  23.269 0.4000000060
105149  -44.903  38.540  18.767 0.4000000060
104528  -44.703  37.888  18.940 0.4000000060
105154  -46.168  38.951  17.783 0.4000000060
105155  -46.827  38.549  17.453 0.5000000000
105823  -48.866  39.578  16.505 0.4000000060
105824  -49.211  40.287  16.234 0.4000000060
102193  -40.304  34.537  32.669 0.2000000030
101367  -39.787  33.885  32.599 0.2000000030
102201  -39.740  34.546  31.851 0.2000000030
102997  -39.180  35.237  29.988 0.2000000030
102218  -39.427  34.896  30.855 0.2000000030
102981  -41.071  35.877  31.900 0.3000000119
103008  -38.881  35.643  29.265 0.2000000030
103019  -37.893  35.754  28.249 0.2000000030
118331  -38.642  35.780  28.314 0.3000000119
103035  -38.122  35.972  27.708 0.3000000119
117871  -37.797  36.112  27.136 0.4000000060
103053  -38.019  35.939  26.432 0.4000000060
103086  -40.078  35.148  24.025 0.3000000119
105146  -43.516  37.866  19.659 0.4000000060
105818  -46.941  39.659  17.710 0.4000000060
105156  -47.790  39.393  17.087 0.4000000060
105819  -48.576  40.500  16.909 0.3000000119
107007  -47.985  41.589  16.501 0.3000000119
106438  -48.301  40.846  15.453 0.5000000000
100502  -40.121  32.689  33.573 0.2000000030
136683  -40.038  33.395  33.202 0.2000000030
100503  -40.641  33.335  33.770 0.2000000030
100514  -39.522  33.054  32.697 0.2000000030
101368  -40.426  34.046  33.286 0.2000000030
101377  -39.122  33.645  31.968 0.2000000030
102217  -38.655  34.534  30.368 0.2000000030
101393  -38.141  33.844  30.706 0.2000000030
102216  -37.907  34.259  30.004 0.2000000030
102225  -37.664  34.670  29.307 0.2000000030
102226  -38.425  34.961  29.606 0.2000000030
103018  -37.024  35.556  28.036 0.3000000119
103034  -37.368  35.994  27.419 0.3000000119
103070  -38.384  35.554  25.415 0.3000000119
103085  -39.265  35.357  24.155 0.3000000119
103113  -40.018  35.807  22.884 0.3000000119
105812  -45.282  39.391  18.780 0.4000000060
105813  -46.170  39.790  18.370 0.4000000060
104523  -42.874  38.017  20.040 0.4000000060
129652  -44.624  39.139  19.101 0.4000000060
106417  -47.872  41.605  17.504 0.3000000119
99632  -40.150  31.792  33.956 0.2000000030
99619  -40.623  31.592  33.959 0.3000000119
98769  -41.482  31.224  32.939 0.3000000119
98789  -42.251  30.666  32.026 0.3000000119
97128  -44.087  28.778  31.362 0.4000000060
100529  -37.234  32.463  31.004 0.2000000030
99651  -38.486  31.811  32.366 0.2000000030
98753  -41.050  31.482  33.844 0.3000000119
100512  -37.974  32.520  31.553 0.2000000030
101376  -38.385  33.366  31.416 0.2000000030
134450  -37.082  33.077  30.620 0.2000000030
101375  -37.682  33.169  30.954 0.2000000030
101391  -36.751  33.347  30.124 0.2000000030
101403  -37.204  33.944  29.689 0.2000000030
102233  -36.640  34.762  28.391 0.2000000030
102234  -37.395  35.102  28.643 0.2000000030
103033  -36.671  35.760  27.430 0.2000000030
103052  -37.305  36.267  26.691 0.4000000060
103069  -37.506  36.150  25.793 0.4000000060
103083  -37.739  36.012  24.830 0.3000000119
105802  -43.078  39.299  20.668 0.4000000060
105139  -41.707  38.471  21.305 0.4000000060
105140  -42.452  38.446  20.554 0.4000000060
105807  -44.129  39.348  19.592 0.4000000060
104515  -40.829  37.362  21.739 0.4000000060
103863  -41.851  36.986  20.893 0.4000000060
105143  -43.340  38.707  19.909 0.4000000060
105815  -47.834  40.727  17.615 0.3000000119
98752  -40.365  30.757  34.271 0.3000000119
98788  -41.179  30.534  32.343 0.3000000119
97913  -41.757  29.880  31.394 0.3000000119
141287  -43.482  29.006  30.910 0.3000000119
96365  -43.722  27.871  31.449 0.4000000060
95598  -45.578  26.553  32.966 0.5000000000
99631  -39.235  31.118  33.677 0.2000000030
99667  -36.749  31.897  30.983 0.2000000030
100526  -35.015  32.203  29.952 0.2000000030
100527  -35.651  32.347  30.200 0.2000000030
100541  -36.043  33.009  29.845 0.2000000030
101400  -34.855  32.987  28.827 0.2000000030
101401  -35.692  33.351  29.114 0.2000000030
101402  -36.470  33.649  29.420 0.2000000030
101414  -35.301  33.797  28.279 0.2000000030
101415  -36.199  34.001  28.696 0.2000000030
102246  -36.299  35.122  27.778 0.2000000030
103051  -36.599  36.107  26.767 0.3000000119
103812  -36.767  36.379  26.077 0.3000000119
103823  -36.990  36.397  25.217 0.3000000119
128205  -40.605  37.903  22.051 0.3000000119
105792  -42.391  39.132  21.278 0.4000000060
95611  -42.741  26.763  31.676 0.3000000119
94825  -43.602  25.708  32.931 0.3000000119
97924  -41.261  29.271  30.859 0.3000000119
96376  -42.259  28.007  30.733 0.3000000119
138549  -43.377  27.180  31.691 0.3000000119
95583  -44.765  25.827  33.292 0.4000000060
100537  -32.522  32.138  29.056 0.2000000030
100552  -33.940  32.732  28.646 0.2000000030
101413  -34.313  33.364  28.155 0.2000000030
129568  -33.514  33.147  28.075 0.2000000030
101423  -34.551  33.999  27.584 0.2000000030
102232  -35.977  34.444  28.136 0.2000000030
102243  -32.986  34.072  27.068 0.2000000030
102255  -34.109  34.867  26.559 0.2000000030
102245  -35.411  34.644  27.522 0.2000000030
102256  -35.069  35.228  26.660 0.2000000030
103032  -35.966  35.542  27.141 0.2000000030
103050  -35.783  35.857  26.496 0.2000000030
103049  -34.286  35.488  26.055 0.2000000030
118926  -35.107  35.858  25.943 0.2000000030
103068  -35.967  36.255  25.905 0.3000000119
122052  -35.775  36.522  24.957 0.3000000119
104494  -36.160  37.426  23.794 0.3000000119
103846  -36.690  36.889  24.033 0.3000000119
128122  -37.345  37.948  23.392 0.3000000119
131164  -38.288  37.676  23.211 0.3000000119
105120  -40.689  38.881  22.949 0.3000000119
105130  -40.915  38.513  22.347 0.3000000119
103847  -37.472  36.756  23.809 0.3000000119
125469  -40.322  38.202  22.474 0.3000000119
139598  -42.522  39.466  21.969 0.3000000119
105793  -43.127  39.668  21.568 0.3000000119
105803  -43.731  39.534  20.215 0.4000000060
105791  -41.918  39.118  21.967 0.4000000060
106408  -46.172  40.970  19.730 0.3000000119
94809  -43.156  24.751  33.608 0.2000000030
97911  -40.061  29.671  31.994 0.3000000119
97126  -40.485  29.295  31.106 0.3000000119
97136  -41.680  28.609  30.644 0.3000000119
94810  -44.087  25.000  33.778 0.2000000030
94811  -45.025  25.235  34.000 0.4000000060
100536  -31.172  31.982  29.102 0.2000000030
100550  -31.994  32.473  28.500 0.2000000030
126926  -31.814  32.094  28.951 0.2000000030
100551  -32.898  32.712  28.445 0.2000000030
101412  -32.694  33.407  27.653 0.2000000030
137764  -32.222  35.597  25.914 0.2000000030
103820  -32.556  36.608  25.371 0.2000000030
102254  -33.231  34.682  26.574 0.2000000030
103066  -33.619  35.783  25.678 0.2000000030
103821  -33.375  36.371  25.253 0.2000000030
104505  -35.646  38.040  23.601 0.2000000030
105115  -35.982  38.852  23.468 0.2000000030
122387  -36.028  39.632  23.635 0.2000000030
103067  -34.254  36.095  25.456 0.2000000030
134323  -34.101  36.813  24.698 0.3000000119
104492  -34.543  37.535  24.100 0.3000000119
105764  -37.386  39.586  23.572 0.2000000030
105765  -38.431  39.376  23.535 0.3000000119
105751  -39.939  39.817  24.071 0.3000000119
105752  -40.817  39.824  24.077 0.2000000030
104506  -36.965  37.366  23.654 0.3000000119
125828  -36.477  38.038  23.503 0.3000000119
105118  -38.823  38.557  23.179 0.3000000119
105766  -39.399  39.262  23.532 0.3000000119
128714  -41.152  39.442  23.496 0.3000000119
105780  -42.296  39.550  22.649 0.3000000119
105781  -43.060  39.850  22.431 0.3000000119
105119  -39.815  38.544  22.988 0.3000000119
94069  -43.614  24.078  34.397 0.2000000030
119008  -44.889  23.744  35.123 0.4000000060
101419  -29.833  33.899  27.955 0.2000000030
102231  -29.519  34.318  28.541 0.2000000030
101409  -30.182  33.120  28.222 0.2000000030
101410  -31.186  32.886  28.132 0.2000000030
101420  -30.636  33.661  27.664 0.2000000030
101421  -31.626  33.486  27.567 0.2000000030
131918  -30.304  34.548  27.433 0.2000000030
102241  -31.143  34.185  27.146 0.2000000030
103046  -31.686  35.347  26.274 0.2000000030
103045  -30.925  35.633  26.597 0.2000000030
103819  -31.894  36.830  25.657 0.2000000030
103832  -33.120  37.139  24.859 0.2000000030
104491  -33.694  37.722  24.344 0.3000000119
105762  -35.354  39.421  23.686 0.2000000030
106363  -37.322  40.326  24.099 0.2000000030
105095  -32.405  38.157  25.313 0.2000000030
105102  -33.519  38.528  24.361 0.2000000030
105103  -34.279  38.410  23.867 0.2000000030
106364  -38.124  40.084  23.954 0.2000000030
106350  -39.527  40.381  24.573 0.2000000030
105753  -41.497  39.881  23.974 0.3000000119
105769  -42.876  40.025  23.227 0.3000000119
93242  -44.169  23.372  34.940 0.2000000030
102240  -29.684  34.617  27.922 0.2000000030
128351  -29.499  34.898  29.232 0.2000000030
103795  -30.227  36.487  28.898 0.2000000030
103794  -29.830  35.896  28.251 0.2000000030
138324  -30.118  35.936  27.609 0.2000000030
103031  -30.408  35.428  27.146 0.2000000030
105743  -34.047  39.868  24.987 0.2000000030
119212  -34.844  39.864  24.269 0.2000000030
106347  -36.519  40.629  24.517 0.2000000030
106348  -37.416  40.797  24.751 0.2000000030
106892  -39.553  41.396  25.733 0.2000000030
106342  -40.980  40.863  25.215 0.2000000030
105096  -32.967  38.694  24.929 0.2000000030
106349  -38.642  40.454  24.510 0.2000000030
106341  -40.011  40.849  25.178 0.2000000030
106351  -40.455  40.345  24.609 0.2000000030
106352  -41.449  40.332  24.580 0.2000000030
106366  -42.674  40.270  23.973 0.2000000030
106367  -43.558  40.505  23.740 0.3000000119
125816  -30.266  36.545  27.930 0.2000000030
106877  -40.080  41.976  26.439 0.2000000030
105739  -33.801  40.011  26.015 0.2000000030
106335  -34.560  40.464  25.759 0.2000000030
106337  -36.104  41.083  25.289 0.2000000030
131582  -37.765  41.356  25.578 0.2000000030
106339  -38.146  40.936  25.030 0.2000000030
106894  -41.525  41.528  25.833 0.2000000030
106343  -41.983  40.907  25.314 0.2000000030
105742  -33.303  39.376  25.401 0.2000000030
103784  -30.601  36.689  29.684 0.2000000030
107424  -39.612  42.397  27.248 0.2000000030
107425  -40.788  42.496  27.274 0.2000000030
106861  -35.812  41.153  27.960 0.2000000030
106867  -36.419  41.516  27.449 0.2000000030
106868  -37.236  41.795  27.468 0.2000000030
107423  -38.648  42.167  26.948 0.2000000030
106876  -39.081  41.831  26.395 0.2000000030
106878  -41.147  42.095  26.503 0.2000000030
106333  -35.140  40.936  26.365 0.2000000030
106873  -35.881  41.289  26.068 0.2000000030
106874  -36.623  41.577  26.622 0.2000000030
106875  -38.082  41.782  26.342 0.2000000030
106354  -43.320  40.766  24.504 0.2000000030
106863  -37.604  41.849  28.364 0.2000000030
107406  -37.967  42.083  27.821 0.2000000030
128406  -40.511  42.756  27.941 0.2000000030
106325  -36.242  41.128  28.790 0.2000000030
106862  -36.763  41.507  28.291 0.2000000030
107407  -38.752  42.362  27.753 0.2000000030
123132  -39.164  42.581  28.615 0.2000000030
86442  -43.097  15.389  24.617 0.1000000015
88238  -41.817  17.231  22.813 0.1000000015
91663  -43.949  21.250  23.295 0.3000000119
93377  -40.837  23.477  23.088 0.1000000015
94071  -45.343  24.541  34.587 0.4000000060
127094  -42.229  31.418  32.763 0.3000000119
97914  -42.747  29.818  31.160 0.3000000119
95597  -44.462  26.496  32.607 0.4000000060
102202  -40.657  35.220  32.354 0.2000000030
85543  -46.989  14.784  25.901 0.1000000015
86433  -44.956  14.937  24.967 0.1000000015
94070  -44.478  24.348  34.541 0.3000000119
102273  -41.425  34.651  24.605 0.4000000060
92596  -39.650  22.296  18.276 0.1000000015
131418  -40.261  22.573  18.630 0.1000000015
131481  -44.623  15.241  24.410 0.1000000015
138071  -38.744  22.344  19.452 0.1000000015
139477  -45.720  15.074  24.944 0.1000000015
92568  -39.749  22.670  20.889 0.1000000015
102999  -40.733  35.942  30.932 0.3000000119
103009  -39.659  35.813  29.637 0.2000000030
100501  -39.440  32.134  32.992 0.2000000030
100490  -40.781  32.539  33.956 0.3000000119
100513  -38.795  32.727  32.119 0.2000000030
98768  -40.756  30.770  33.587 0.3000000119
97896  -40.269  30.161  34.243 0.3000000119
97912  -40.834  29.863  31.663 0.3000000119
97925  -42.162  29.253  30.761 0.3000000119
97137  -42.452  28.718  30.667 0.3000000119
97127  -43.145  28.477  30.867 0.3000000119
100540  -35.293  32.691  29.559 0.2000000030
102253  -32.350  34.618  26.609 0.2000000030
103822  -35.037  36.354  25.191 0.3000000119
103833  -35.092  36.902  24.479 0.3000000119
105116  -36.909  38.745  23.393 0.3000000119
105767  -40.325  39.299  23.520 0.2000000030
105749  -34.018  39.221  24.139 0.2000000030
106345  -34.829  40.369  25.041 0.2000000030
106891  -38.613  41.378  25.679 0.2000000030
106336  -35.318  40.828  25.529 0.2000000030
106889  -36.548  41.396  25.842 0.2000000030
106329  -35.059  40.872  27.267 0.2000000030
84494  -39.402  13.579  31.404 0.1000000015
85477  -39.488  14.498  31.729 0.1000000015
84481  -40.073  13.986  31.936 0.1000000015
85466  -40.361  14.640  32.511 0.1000000015
94136  -36.285  24.143  26.468 0.1000000015
133421  -37.001  24.473  26.487 0.1000000015
94137  -37.743  24.895  26.514 0.1000000015
93331  -37.748  23.918  26.462 0.1000000015
93330  -36.903  23.614  26.406 0.1000000015
133752  -39.529  23.904  26.343 0.1000000015
94138  -38.361  24.435  26.497 0.1000000015
94139  -39.052  24.475  26.474 0.1000000015
94135  -35.729  24.761  26.428 0.1000000015
94897  -39.447  25.191  26.542 0.1000000015
94898  -40.347  25.088  26.685 0.1000000015
94140  -40.324  24.155  26.433 0.1000000015
94899  -41.296  25.367  26.993 0.1000000015
95608  -40.685  26.259  31.079 0.2000000030
95609  -41.394  26.439  31.255 0.2000000030
129374  -36.383  24.898  26.444 0.1000000015
94894  -36.926  25.497  26.420 0.1000000015
131115  -35.097  25.395  26.350 0.1000000015
94893  -36.005  25.526  26.335 0.1000000015
94896  -38.597  25.291  26.498 0.1000000015
95657  -35.517  26.233  26.175 0.1000000015
95658  -36.366  26.292  26.212 0.1000000015
95659  -37.183  26.448  26.252 0.1000000015
129200  -38.594  26.266  26.410 0.1000000015
138408  -39.154  25.846  26.503 0.1000000015
125883  -40.651  26.023  26.869 0.1000000015
95676  -35.045  26.949  25.890 0.1000000015
96403  -35.884  26.978  25.960 0.1000000015
96405  -37.373  27.223  26.049 0.1000000015
95660  -39.343  26.557  26.426 0.1000000015
95661  -40.148  26.709  26.556 0.1000000015
95662  -40.957  26.883  26.802 0.2000000030
95646  -42.229  26.610  27.578 0.3000000119
96396  -41.707  27.143  27.198 0.3000000119
96397  -42.426  27.420  27.568 0.3000000119
95622  -40.233  26.877  30.672 0.2000000030
95623  -41.036  26.987  30.794 0.2000000030
96363  -41.982  27.064  31.038 0.2000000030
96373  -39.693  27.509  30.626 0.2000000030
96374  -40.486  27.638  30.653 0.2000000030
96375  -41.358  27.782  30.676 0.2000000030
96421  -32.502  27.273  25.516 0.1000000015
121264  -33.828  27.404  25.615 0.1000000015
96425  -36.860  27.749  25.833 0.1000000015
139499  -37.997  27.437  26.059 0.1000000015
96406  -38.727  27.225  26.194 0.1000000015
96427  -38.349  28.057  25.912 0.2000000030
96407  -39.659  27.379  26.258 0.2000000030
96408  -40.480  27.529  26.428 0.2000000030
97165  -40.059  28.161  26.074 0.2000000030
95620  -38.198  26.606  30.656 0.1000000015
96372  -38.814  27.306  30.656 0.1000000015
97134  -39.195  28.152  30.785 0.1000000015
127102  -39.533  26.840  30.618 0.1000000015
97124  -38.863  28.711  31.505 0.1000000015
97125  -39.752  28.914  31.125 0.2000000030
96420  -31.576  27.225  25.330 0.1000000015
96422  -33.264  27.567  25.458 0.1000000015
96434  -30.302  27.236  24.811 0.1000000015
96423  -34.515  27.610  25.596 0.1000000015
129500  -36.271  28.237  25.584 0.1000000015
97183  -37.831  28.710  25.608 0.2000000030
97184  -38.736  28.938  25.650 0.2000000030
97963  -40.200  29.512  25.561 0.2000000030
97186  -40.466  28.865  25.884 0.2000000030
95619  -37.348  26.678  30.693 0.2000000030
97910  -39.399  29.285  32.400 0.2000000030
97900  -39.939  29.695  33.515 0.2000000030
97901  -40.466  30.191  32.931 0.2000000030
96446  -31.808  28.189  24.081 0.1000000015
96437  -32.902  28.049  25.097 0.1000000015
97179  -33.826  28.105  25.209 0.1000000015
97180  -34.764  28.412  25.224 0.1000000015
97207  -32.449  28.442  23.264 0.2000000030
97198  -33.417  28.548  24.575 0.2000000030
97199  -34.225  28.817  24.681 0.2000000030
97959  -36.435  29.035  25.239 0.1000000015
97182  -37.036  28.510  25.590 0.1000000015
97208  -33.179  28.629  23.596 0.2000000030
97209  -33.860  29.085  23.962 0.2000000030
97200  -35.010  29.137  24.684 0.2000000030
127144  -35.806  29.501  24.698 0.2000000030
97961  -38.030  29.507  25.322 0.2000000030
97983  -38.257  30.267  25.009 0.2000000030
98823  -39.890  30.269  25.169 0.2000000030
98824  -40.841  30.147  25.229 0.2000000030
98825  -41.774  30.300  25.114 0.2000000030
97115  -38.764  28.765  34.307 0.1000000015
97899  -39.353  29.197  33.962 0.1000000015
97886  -39.219  29.734  35.013 0.1000000015
99618  -40.019  30.892  34.521 0.1000000015
97221  -33.814  28.941  22.979 0.2000000030
97988  -34.449  29.468  23.462 0.2000000030
97980  -35.149  29.828  23.969 0.2000000030
98843  -36.052  30.230  24.115 0.2000000030
97982  -37.461  30.064  24.906 0.2000000030
98844  -36.919  30.515  24.251 0.2000000030
98846  -38.622  30.933  24.574 0.2000000030
98848  -40.400  30.850  24.636 0.2000000030
99716  -40.881  31.348  23.983 0.2000000030
98749  -38.339  30.354  34.227 0.1000000015
98787  -37.032  30.789  32.034 0.1000000015
98767  -37.971  31.065  32.791 0.1000000015
120063  -33.884  28.729  22.025 0.2000000030
97989  -34.979  29.891  23.112 0.2000000030
98869  -35.632  30.314  23.277 0.2000000030
97997  -34.581  29.272  22.457 0.2000000030
98871  -37.299  31.093  23.584 0.2000000030
98880  -36.930  31.058  22.544 0.2000000030
98872  -38.189  31.307  23.778 0.2000000030
99715  -39.980  31.400  23.994 0.2000000030
99748  -38.336  31.553  22.122 0.2000000030
99733  -39.581  31.692  23.180 0.2000000030
99747  -37.603  31.311  22.035 0.2000000030
138437  -40.055  31.873  22.531 0.2000000030
99735  -41.297  31.615  23.211 0.2000000030
99749  -40.805  31.798  22.436 0.2000000030
131097  -41.184  31.645  21.611 0.2000000030
99764  -42.068  31.512  21.556 0.2000000030
118361  -42.492  31.583  22.289 0.2000000030
99765  -42.929  31.524  21.525 0.2000000030
98731  -34.178  30.401  34.258 0.1000000015
98746  -34.594  30.198  33.407 0.1000000015
98744  -33.029  30.944  33.877 0.1000000015
99600  -33.586  31.676  35.242 0.1000000015
98711  -31.856  30.850  35.481 0.1000000015
98696  -31.721  30.836  36.289 0.1000000015
98685  -31.507  30.743  37.158 0.1000000015
98673  -31.160  30.584  37.998 0.1000000015
97893  -37.910  29.765  34.877 0.1000000015
98765  -35.648  30.297  32.408 0.1000000015
134911  -33.904  30.431  32.981 0.1000000015
139327  -32.584  30.622  33.335 0.1000000015
126512  -32.042  30.826  34.707 0.1000000015
98694  -29.894  30.612  36.478 0.1000000015
98683  -29.946  30.675  37.313 0.1000000015
98672  -30.223  30.692  38.202 0.1000000015
98766  -36.593  30.309  32.619 0.1000000015
98784  -34.151  30.684  31.532 0.1000000015
98763  -33.456  30.483  32.272 0.1000000015
99649  -36.502  31.256  31.311 0.1000000015
99647  -34.711  31.043  30.918 0.1000000015
98895  -38.010  31.156  21.228 0.2000000030
99762  -39.412  31.593  21.352 0.1000000015
99783  -39.885  31.414  20.780 0.2000000030
99785  -41.627  31.397  20.847 0.2000000030
99786  -42.524  31.363  20.783 0.2000000030
99787  -43.445  31.434  20.804 0.2000000030
99788  -44.300  31.615  20.893 0.2000000030
126410  -32.181  30.705  33.880 0.1000000015
98762  -32.552  30.479  32.660 0.1000000015
123998  -31.879  30.457  33.091 0.1000000015
98728  -30.287  30.372  34.334 0.1000000015
116815  -30.029  30.446  35.128 0.1000000015
99599  -29.317  31.026  36.046 0.1000000015
99590  -29.367  31.192  36.848 0.1000000015
98783  -33.229  30.716  31.376 0.1000000015
98782  -32.544  30.516  31.855 0.1000000015
123961  -30.999  30.352  32.933 0.1000000015
122551  -34.412  31.496  30.412 0.1000000015
99664  -33.780  31.142  30.739 0.1000000015
98909  -38.203  30.554  20.449 0.1000000015
98920  -38.763  30.355  19.940 0.1000000015
99782  -38.933  31.115  20.722 0.1000000015
98911  -40.463  31.063  20.175 0.1000000015
99784  -40.762  31.460  20.896 0.1000000015
99804  -43.082  31.002  20.081 0.2000000030
99805  -44.131  31.186  20.090 0.2000000030
131546  -30.510  30.706  31.068 0.1000000015
98797  -31.251  30.781  30.883 0.1000000015
98780  -30.124  30.536  31.609 0.1000000015
99680  -33.833  31.740  29.961 0.1000000015
127572  -33.187  31.415  30.286 0.1000000015
98799  -32.894  30.997  30.746 0.1000000015
98023  -37.912  29.892  19.847 0.1000000015
98910  -39.601  30.822  20.051 0.1000000015
98912  -41.205  31.131  20.323 0.1000000015
99803  -42.019  31.010  20.003 0.1000000015
99661  -30.473  31.098  30.385 0.1000000015
98796  -29.758  30.820  30.980 0.1000000015
100524  -28.781  32.303  30.370 0.1000000015
99679  -32.913  31.755  29.713 0.1000000015
99677  -30.921  31.560  29.673 0.1000000015
100525  -29.212  32.017  29.825 0.1000000015
135503  -28.970  32.774  29.884 0.1000000015
102215  -29.384  34.477  31.044 0.1000000015
102958  -29.564  35.096  33.665 0.1000000015
100538  -33.436  32.237  29.219 0.1000000015
102995  -29.797  35.222  30.845 0.1000000015
102979  -30.337  35.665  31.506 0.1000000015
103744  -30.909  36.000  32.949 0.1000000015
122639  -31.422  36.296  33.446 0.1000000015
134726  -31.503  36.566  35.201 0.1000000015
103762  -30.946  36.248  31.269 0.1000000015
103758  -31.815  36.636  31.903 0.1000000015
98923  -41.114  30.790  19.631 0.1000000015
98925  -43.660  30.651  19.337 0.1000000015
98926  -44.601  30.708  19.248 0.1000000015
123724  -32.032  37.594  37.897 0.1000000015
104384  -32.334  37.975  38.744 0.1000000015
119151  -32.856  37.533  37.351 0.1000000015
104393  -34.183  37.934  37.498 0.1000000015
104402  -34.745  37.677  36.658 0.1000000015
104401  -33.628  37.302  36.690 0.1000000015
104400  -32.396  37.155  36.626 0.1000000015
100548  -30.544  32.445  28.720 0.1000000015
133417  -29.234  33.289  29.446 0.1000000015
102223  -29.352  34.033  29.372 0.1000000015
104411  -35.150  37.567  35.782 0.1000000015
102996  -30.317  35.848  30.636 0.1000000015
103759  -32.631  36.916  32.657 0.1000000015
103747  -33.719  37.128  34.003 0.1000000015
104466  -30.794  37.111  29.252 0.1000000015
104467  -31.665  37.741  29.707 0.1000000015
119948  -32.502  37.593  31.051 0.1000000015
104451  -32.889  37.516  31.721 0.1000000015
105058  -34.344  38.336  32.637 0.1000000015
104477  -31.024  37.141  26.668 0.1000000015
104475  -31.269  37.778  27.172 0.1000000015
104468  -32.280  38.264  29.657 0.1000000015
105076  -32.913  38.485  30.207 0.1000000015
105077  -33.606  38.708  30.837 0.1000000015
105069  -34.551  38.902  32.165 0.1000000015
98924  -42.723  30.621  19.293 0.1000000015
98941  -44.146  30.244  18.575 0.1000000015
104992  -33.530  39.209  39.184 0.1000000015
105000  -34.072  39.029  38.516 0.1000000015
106760  -31.767  41.257  39.178 0.1000000015
106215  -31.513  40.892  38.236 0.1000000015
106216  -32.565  40.632  38.644 0.1000000015
132611  -33.914  39.518  37.875 0.1000000015
105626  -34.406  39.039  37.949 0.1000000015
105624  -32.247  40.241  37.589 0.1000000015
105638  -34.366  39.101  37.337 0.1000000015
105627  -34.691  38.544  37.234 0.1000000015
135812  -35.068  38.116  36.570 0.1000000015
117515  -34.243  37.082  35.920 0.1000000015
117298  -32.404  39.686  36.613 0.1000000015
118300  -33.625  39.278  36.498 0.1000000015
105650  -33.970  38.993  35.593 0.1000000015
105029  -35.288  38.085  35.883 0.1000000015
104410  -34.588  37.135  35.189 0.1000000015
104420  -34.595  37.334  34.590 0.1000000015
105701  -35.097  39.440  33.185 0.1000000015
104442  -34.592  38.231  33.361 0.1000000015
105684  -36.077  40.432  33.484 0.1000000015
105081  -31.856  38.193  28.800 0.1000000015
105087  -32.345  38.687  28.265 0.1000000015
105718  -35.261  39.341  32.398 0.1000000015
105702  -35.859  39.821  33.054 0.1000000015
105089  -31.850  38.347  26.872 0.1000000015
105090  -32.403  38.811  27.467 0.1000000015
105732  -33.011  39.246  28.191 0.1000000015
105724  -34.097  39.484  29.857 0.1000000015
105725  -34.675  39.500  30.755 0.1000000015
105719  -36.076  39.799  32.279 0.1000000015
106269  -37.041  40.938  33.180 0.1000000015
106811  -36.384  41.540  33.588 0.1000000015
106331  -33.700  39.959  27.042 0.1000000015
98937  -39.943  30.103  18.694 0.1000000015
127344  -41.832  30.588  19.089 0.1000000015
98044  -40.433  29.813  18.101 0.1000000015
98938  -40.931  30.331  18.750 0.1000000015
98939  -42.449  30.238  18.564 0.1000000015
98940  -43.264  30.254  18.634 0.1000000015
98061  -44.011  29.268  17.101 0.1000000015
98062  -44.858  29.233  16.938 0.1000000015
106223  -31.009  40.542  37.322 0.1000000015
105636  -31.446  39.978  36.775 0.1000000015
105649  -32.648  39.330  35.690 0.1000000015
105664  -32.982  39.172  34.801 0.1000000015
105028  -35.093  38.400  35.434 0.1000000015
105042  -35.084  38.315  34.574 0.1000000015
105055  -34.621  38.490  33.755 0.1000000015
105682  -34.800  39.596  33.543 0.1000000015
105683  -35.398  40.242  33.538 0.1000000015
105665  -34.210  38.829  34.724 0.1000000015
105681  -34.349  38.953  33.915 0.1000000015
106265  -34.416  39.819  33.634 0.1000000015
120784  -35.468  40.850  33.617 0.1000000015
107336  -36.935  42.208  33.652 0.1000000015
106328  -34.391  40.374  27.538 0.1000000015
133171  -35.026  40.590  28.150 0.1000000015
106319  -35.479  40.356  29.711 0.1000000015
106315  -36.727  40.652  30.895 0.1000000015
106300  -37.442  40.991  32.015 0.1000000015
106284  -37.112  40.742  32.801 0.1000000015
106812  -37.124  41.714  33.618 0.1000000015
107337  -37.635  42.481  33.585 0.1000000015
106316  -37.434  41.152  30.905 0.1000000015
130932  -38.125  41.532  32.456 0.1000000015
106825  -38.495  42.107  33.136 0.1000000015
98043  -39.642  29.584  18.083 0.1000000015
98045  -41.273  29.854  17.994 0.1000000015
132027  -41.739  30.178  18.450 0.1000000015
126151  -40.755  29.534  17.421 0.1000000015
98059  -41.560  29.430  17.283 0.1000000015
127130  -42.186  29.730  17.866 0.1000000015
120919  -40.990  29.149  16.557 0.1000000015
127547  -42.270  29.299  17.119 0.1000000015
98046  -42.928  29.839  18.102 0.1000000015
98072  -41.874  29.014  16.538 0.1000000015
98060  -43.045  29.370  17.303 0.1000000015
103212  -48.253  36.542  14.616 0.3000000119
103213  -49.066  36.315  14.504 0.4000000060
97251  -41.526  28.768  15.932 0.1000000015
98073  -42.676  28.908  16.460 0.1000000015
103910  -46.068  37.071  14.899 0.3000000119
103905  -47.430  36.267  14.928 0.3000000119
103201  -48.252  35.774  14.906 0.2000000030
98074  -43.530  28.814  16.295 0.1000000015
103199  -45.953  35.821  15.740 0.3000000119
103200  -46.774  35.632  15.546 0.3000000119
124590  -47.578  35.347  15.384 0.3000000119
120050  -48.333  34.916  15.321 0.3000000119
103186  -46.154  35.087  16.161 0.3000000119
102344  -46.992  34.849  15.937 0.3000000119
102333  -47.305  34.131  16.181 0.3000000119
101510  -48.140  34.159  15.893 0.2000000030
102331  -45.323  34.649  16.567 0.3000000119
101499  -46.808  33.446  16.438 0.3000000119
100661  -46.196  32.828  16.506 0.3000000119
140190  -47.186  32.485  16.341 0.3000000119
99001  -43.682  29.377  14.649 0.2000000030
98985  -44.166  30.192  15.141 0.2000000030
99862  -44.704  31.007  15.695 0.3000000119
106222  -29.957  40.760  37.088 0.1000000015
106231  -30.401  40.119  36.407 0.1000000015
105648  -31.320  39.540  35.831 0.1000000015
105663  -31.762  39.186  34.838 0.1000000015
105680  -33.076  39.309  33.930 0.1000000015
106266  -34.878  40.446  33.538 0.1000000015
107335  -36.228  41.983  33.467 0.1000000015
107346  -36.751  42.539  33.316 0.1000000015
107347  -37.429  42.899  33.478 0.1000000015
106320  -36.297  40.767  29.674 0.1000000015
106851  -37.907  41.541  30.283 0.1000000015
106837  -38.712  41.975  32.079 0.1000000015
107361  -39.295  42.579  32.656 0.1000000015
107348  -38.992  42.794  33.270 0.1000000015
107876  -38.613  43.916  33.167 0.1000000015
106396  -43.993  40.118  20.994 0.2000000030
122071  -43.873  42.197  20.863 0.1000000015
98057  -39.353  29.468  17.308 0.1000000015
133325  -40.071  29.516  17.580 0.1000000015
131098  -45.105  42.512  18.522 0.1000000015
107557  -46.800  42.491  17.241 0.2000000030
119610  -46.522  42.202  16.359 0.2000000030
107028  -47.954  41.316  15.825 0.2000000030
106456  -47.870  40.419  14.951 0.4000000060
107519  -44.469  42.426  17.443 0.1000000015
121329  -45.024  42.508  16.926 0.1000000015
126820  -45.037  42.399  16.271 0.1000000015
107040  -46.594  41.210  15.291 0.2000000030
107574  -44.641  42.265  15.766 0.1000000015
107026  -45.144  41.875  15.486 0.2000000030
106454  -46.078  40.723  14.853 0.3000000119
106455  -46.970  40.539  14.948 0.4000000060
105177  -48.769  39.136  14.378 0.4000000060
104558  -49.043  37.831  14.173 0.4000000060
107038  -44.771  41.519  15.060 0.1000000015
106453  -45.184  40.877  14.775 0.2000000030
130093  -45.571  40.135  14.567 0.3000000119
126100  -46.652  39.304  14.396 0.4000000060
133745  -48.288  37.728  14.260 0.3000000119
103913  -48.690  37.159  14.360 0.4000000060
133625  -40.300  29.189  16.201 0.1000000015
125171  -45.188  39.397  14.491 0.3000000119
105175  -45.881  38.913  14.384 0.3000000119
104557  -47.435  37.935  14.235 0.4000000060
105173  -44.263  39.157  14.710 0.2000000030
105174  -45.000  38.583  14.575 0.3000000119
104556  -46.400  37.721  14.486 0.3000000119
103911  -46.921  37.077  14.628 0.3000000119
105168  -44.068  38.254  14.967 0.3000000119
103903  -45.649  36.512  15.420 0.3000000119
103891  -45.177  35.976  16.043 0.3000000119
101497  -45.298  33.212  16.623 0.3000000119
98984  -43.107  30.458  15.209 0.2000000030
99845  -44.234  31.797  16.239 0.3000000119
99846  -45.199  31.736  16.202 0.3000000119
100660  -45.539  32.426  16.444 0.3000000119
107890  -38.460  44.163  32.672 0.1000000015
106858  -38.037  41.874  29.283 0.1000000015
135633  -38.618  41.978  30.077 0.1000000015
107379  -39.399  42.437  31.596 0.1000000015
107349  -39.608  43.310  32.926 0.1000000015
107877  -39.313  44.011  32.982 0.1000000015
108350  -39.097  44.555  32.677 0.1000000015
107394  -38.397  42.222  28.531 0.1000000015
107389  -39.341  42.413  30.557 0.1000000015
107380  -40.096  42.866  31.153 0.1000000015
107363  -40.525  43.497  31.570 0.1000000015
107891  -40.367  44.211  32.216 0.1000000015
108363  -39.626  45.239  31.973 0.1000000015
127573  -42.517  41.699  25.901 0.1000000015
116655  -45.079  41.620  24.764 0.1000000015
106355  -44.343  41.058  24.242 0.1000000015
106907  -45.610  41.460  23.973 0.1000000015
106368  -44.586  40.824  23.487 0.1000000015
106385  -45.088  40.638  21.787 0.2000000030
106398  -46.226  41.318  20.563 0.2000000030
106412  -46.645  40.924  19.032 0.3000000119
105814  -47.162  40.798  18.340 0.3000000119
106946  -43.133  41.877  21.240 0.1000000015
107497  -45.628  42.595  20.368 0.1000000015
107520  -46.296  42.636  18.534 0.2000000030
106986  -47.197  42.277  18.413 0.2000000030
127794  -42.506  41.542  19.923 0.1000000015
107496  -44.295  42.329  20.080 0.1000000015
107511  -45.294  42.576  19.524 0.2000000030
107534  -46.137  42.558  17.585 0.1000000015
106996  -47.310  42.323  17.653 0.2000000030
107006  -47.351  42.153  16.837 0.2000000030
107510  -44.192  42.272  19.037 0.1000000015
107533  -44.064  42.526  16.692 0.1000000015
106457  -48.743  40.325  15.014 0.4000000060
105178  -50.160  38.621  14.559 0.4000000060
106984  -42.757  41.757  18.278 0.1000000015
107532  -43.482  42.494  16.973 0.1000000015
107554  -43.339  42.617  16.197 0.1000000015
107024  -43.608  42.087  15.299 0.1000000015
97250  -40.851  28.842  15.571 0.1000000015
107037  -43.978  41.627  14.997 0.1000000015
105840  -44.547  40.183  14.672 0.2000000030
105167  -43.278  38.833  15.079 0.3000000119
137783  -44.631  37.161  15.353 0.3000000119
119147  -42.027  28.805  14.491 0.1000000015
104544  -42.952  37.798  15.396 0.3000000119
104545  -43.962  37.446  15.368 0.3000000119
121975  -44.879  36.638  15.686 0.3000000119
103889  -43.459  36.221  16.321 0.3000000119
103184  -44.720  35.353  16.482 0.3000000119
98099  -43.271  28.918  14.543 0.2000000030
102330  -44.291  34.642  16.686 0.3000000119
98098  -42.320  29.016  14.396 0.2000000030
100659  -44.732  32.494  16.492 0.3000000119
131005  -42.471  29.715  14.586 0.2000000030
99844  -43.353  31.947  16.184 0.3000000119
107874  -37.183  43.177  32.957 0.1000000015
107360  -36.507  42.674  32.366 0.1000000015
107909  -38.259  44.077  31.693 0.1000000015
127557  -38.671  44.494  30.993 0.1000000015
108853  -39.312  45.297  31.288 0.1000000015
107395  -39.943  42.940  29.197 0.1000000015
107391  -40.689  43.320  29.871 0.1000000015
108379  -40.649  44.441  31.506 0.1000000015
109314  -40.195  46.143  31.128 0.1000000015
109323  -39.949  46.439  30.905 0.1000000015
107409  -41.559  42.865  28.198 0.1000000015
107396  -41.894  43.191  28.706 0.1000000015
107919  -41.130  43.815  29.802 0.1000000015
108869  -40.804  45.415  30.039 0.1000000015
108868  -40.514  45.933  30.814 0.1000000015
109335  -40.144  46.580  30.557 0.1000000015
106880  -43.468  41.964  26.096 0.1000000015
131810  -43.695  42.643  26.845 0.1000000015
106895  -44.740  41.902  25.469 0.1000000015
107968  -45.434  43.384  25.171 0.1000000015
107445  -46.086  42.316  24.521 0.1000000015
108000  -45.331  43.550  23.684 0.1000000015
107457  -46.446  42.535  23.871 0.1000000015
106918  -46.780  42.250  23.382 0.1000000015
106932  -46.843  41.851  22.374 0.2000000030
106409  -46.860  41.811  19.618 0.2000000030
107456  -44.921  43.201  22.963 0.1000000015
107474  -45.812  42.954  22.354 0.1000000015
106933  -46.935  42.270  22.631 0.1000000015
106961  -46.876  41.942  20.923 0.2000000030
106962  -46.762  42.116  20.219 0.2000000030
106413  -47.204  41.788  18.879 0.3000000119
106930  -42.124  41.877  22.330 0.1000000015
106931  -43.078  42.034  22.035 0.1000000015
107486  -44.093  42.419  21.621 0.1000000015
107487  -46.009  42.639  21.159 0.1000000015
107512  -46.265  42.545  19.854 0.2000000030
106976  -46.848  42.265  19.322 0.2000000030
106414  -47.525  41.649  18.123 0.3000000119
105825  -49.747  39.744  15.436 0.4000000060
106945  -42.401  41.696  21.620 0.1000000015
106959  -42.233  41.485  20.789 0.1000000015
106944  -41.209  41.152  20.728 0.1000000015
106975  -43.239  41.814  19.356 0.1000000015
106957  -40.735  41.033  19.898 0.1000000015
106974  -42.203  41.508  19.127 0.1000000015
106973  -41.202  41.316  18.942 0.1000000015
106983  -41.241  41.706  18.105 0.1000000015
106995  -41.810  42.118  17.523 0.1000000015
107531  -42.044  42.617  16.667 0.1000000015
107553  -42.384  42.693  16.053 0.1000000015
107530  -41.197  42.634  16.790 0.1000000015
106436  -43.082  41.598  15.188 0.1000000015
107571  -41.945  42.399  15.691 0.1000000015
136516  -42.174  41.157  15.362 0.1000000015
105839  -42.838  40.508  15.157 0.1000000015
133451  -43.531  39.820  14.929 0.2000000030
98089  -40.398  29.027  14.982 0.1000000015
122999  -41.932  40.149  15.368 0.1000000015
105829  -42.586  39.499  15.226 0.1000000015
98097  -40.354  29.150  14.275 0.1000000015
97283  -40.876  28.947  13.836 0.1000000015
105166  -42.256  38.567  15.357 0.3000000119
97272  -41.359  28.984  13.980 0.1000000015
103900  -42.234  36.953  15.846 0.3000000119
103183  -43.708  35.388  16.574 0.3000000119
136045  -41.698  29.068  14.171 0.2000000030
103888  -42.641  36.286  16.259 0.3000000119
98114  -41.347  29.156  13.562 0.2000000030
127019  -43.848  33.955  16.676 0.3000000119
99000  -41.646  29.606  14.032 0.1000000015
99876  -41.870  30.652  14.406 0.2000000030
98983  -42.326  30.924  15.139 0.2000000030
99860  -42.863  31.423  15.706 0.3000000119
99877  -42.111  31.574  14.826 0.3000000119
136633  -42.452  31.719  15.420 0.3000000119
108390  -38.347  44.196  29.940 0.1000000015
108884  -39.724  46.894  30.051 0.1000000015
109344  -39.826  47.756  29.559 0.1000000015
107426  -42.023  42.607  27.505 0.1000000015
107410  -42.346  42.894  28.333 0.1000000015
137586  -42.124  44.437  27.988 0.1000000015
108393  -41.187  44.414  29.524 0.1000000015
108886  -41.026  45.530  28.990 0.1000000015
109797  -40.129  47.532  29.644 0.1000000015
107427  -42.998  42.547  27.433 0.1000000015
108433  -43.345  43.784  27.210 0.1000000015
108432  -42.744  44.100  27.665 0.1000000015
108457  -44.743  44.076  25.378 0.1000000015
108456  -44.064  44.739  25.595 0.1000000015
107999  -44.393  43.707  23.791 0.1000000015
108472  -45.031  44.035  24.797 0.1000000015
107454  -42.413  42.942  23.590 0.1000000015
107472  -42.821  42.425  22.780 0.1000000015
107453  -41.274  42.514  23.497 0.1000000015
136276  -41.101  41.759  22.735 0.1000000015
129125  -41.484  41.398  21.686 0.1000000015
118518  -40.155  41.112  19.125 0.1000000015
106981  -39.541  41.370  18.427 0.1000000015
106993  -39.922  41.975  17.619 0.1000000015
107552  -41.539  42.706  16.141 0.1000000015
107529  -40.320  42.609  16.902 0.1000000015
107570  -41.011  42.374  15.772 0.1000000015
107022  -41.398  41.755  15.452 0.1000000015
106435  -41.391  40.777  15.398 0.1000000015
105828  -40.895  39.855  15.350 0.2000000030
98113  -40.333  29.235  13.323 0.1000000015
121714  -40.835  38.959  15.355 0.2000000030
135258  -40.206  39.139  15.106 0.2000000030
105165  -41.262  38.379  15.420 0.2000000030
104543  -41.782  37.697  15.539 0.2000000030
103899  -41.345  36.889  15.663 0.3000000119
131896  -42.976  35.742  16.500 0.3000000119
97284  -40.990  28.969  13.126 0.1000000015
103181  -41.831  36.148  16.048 0.3000000119
102329  -42.817  35.056  16.480 0.3000000119
137809  -43.509  34.601  16.614 0.3000000119
99017  -41.501  29.684  13.290 0.1000000015
99890  -41.660  30.527  13.591 0.1000000015
133278  -42.594  33.765  16.015 0.3000000119
100669  -42.747  32.310  15.902 0.3000000119
99891  -41.845  31.500  13.958 0.3000000119
108867  -39.469  45.997  30.563 0.1000000015
110307  -39.741  49.436  29.086 0.1000000015
108894  -41.598  45.250  27.896 0.1000000015
109346  -41.149  46.402  28.055 0.1000000015
132892  -40.644  46.779  29.094 0.1000000015
109804  -39.896  48.629  29.289 0.1000000015
108917  -43.026  46.146  25.363 0.1000000015
108895  -42.266  45.103  27.196 0.1000000015
108905  -41.698  46.071  26.928 0.1000000015
109345  -40.653  47.691  28.388 0.1000000015
109805  -40.232  48.506  29.038 0.1000000015
108471  -44.286  44.661  24.929 0.1000000015
108455  -43.532  45.432  25.209 0.1000000015
107982  -43.958  44.386  24.439 0.1000000015
132157  -42.449  43.692  24.205 0.1000000015
107452  -40.142  42.200  23.318 0.1000000015
107470  -40.166  41.582  22.670 0.1000000015
107469  -39.380  41.731  22.846 0.1000000015
106943  -40.000  40.790  21.559 0.1000000015
106942  -39.116  40.849  21.653 0.1000000015
106383  -38.536  40.758  20.965 0.1000000015
106971  -38.203  41.007  19.523 0.1000000015
106980  -38.526  41.298  18.640 0.1000000015
106992  -38.911  41.697  17.745 0.1000000015
107528  -39.365  42.415  16.999 0.1000000015
107550  -39.782  42.629  16.322 0.1000000015
107569  -40.077  42.424  15.726 0.1000000015
107021  -40.293  41.798  15.402 0.1000000015
106451  -39.979  40.002  15.035 0.1000000015
105164  -40.406  38.282  15.193 0.2000000030
104541  -40.354  37.547  15.094 0.2000000030
103898  -40.617  36.802  15.242 0.2000000030
137452  -41.244  29.250  12.648 0.1000000015
103197  -40.804  35.916  15.084 0.2000000030
102342  -41.810  34.871  15.535 0.3000000119
99024  -41.616  30.272  12.712 0.1000000015
102328  -42.351  34.509  16.099 0.3000000119
102343  -42.315  34.036  15.374 0.3000000119
101509  -42.579  33.134  15.638 0.3000000119
117099  -42.286  32.393  13.233 0.2000000030
100681  -42.369  32.366  15.216 0.3000000119
108883  -39.200  46.161  29.246 0.1000000015
109343  -39.327  47.475  29.107 0.1000000015
118618  -40.567  49.078  27.277 0.1000000015
110316  -40.052  49.855  28.707 0.1000000015
109363  -42.491  46.596  25.528 0.1000000015
109826  -41.149  47.509  26.197 0.1000000015
109352  -41.140  47.088  26.986 0.1000000015
108929  -42.972  45.971  24.918 0.1000000015
108916  -42.488  46.569  25.081 0.1000000015
131578  -43.011  44.448  24.502 0.1000000015
108469  -41.621  45.061  24.724 0.1000000015
107980  -41.015  44.040  24.392 0.1000000015
108468  -40.498  44.768  24.753 0.1000000015
107979  -39.960  43.765  24.330 0.1000000015
107451  -39.155  42.290  23.322 0.1000000015
130233  -38.564  42.092  22.834 0.1000000015
127713  -37.938  41.085  21.012 0.1000000015
107485  -38.036  41.833  22.190 0.1000000015
106970  -37.583  41.399  19.763 0.1000000015
106979  -37.647  41.487  18.905 0.1000000015
106991  -37.906  41.667  17.996 0.1000000015
107527  -38.327  42.149  17.165 0.1000000015
107549  -38.686  42.499  16.331 0.1000000015
118604  -39.158  42.436  15.660 0.1000000015
107020  -39.319  41.856  15.025 0.1000000015
119615  -39.566  40.195  14.485 0.1000000015
105838  -39.642  39.297  14.434 0.1000000015
104553  -39.921  37.904  14.704 0.2000000030
129678  -40.182  37.185  14.578 0.2000000030
103211  -41.291  35.289  14.943 0.2000000030
102358  -41.897  34.618  14.674 0.2000000030
101521  -42.372  33.200  14.833 0.3000000119
100690  -42.160  32.387  14.359 0.3000000119
109351  -38.660  47.147  27.946 0.1000000015
109809  -38.828  48.246  28.477 0.1000000015
110808  -39.668  50.111  28.741 0.1000000015
109825  -40.553  48.454  26.451 0.1000000015
109373  -41.765  46.960  25.570 0.1000000015
109810  -40.765  48.177  27.140 0.1000000015
109371  -40.285  47.595  25.713 0.1000000015
108927  -41.200  45.886  24.987 0.1000000015
108926  -39.842  45.588  25.086 0.1000000015
109382  -39.616  46.735  25.341 0.1000000015
108467  -39.418  44.450  24.574 0.1000000015
107978  -38.952  43.607  24.119 0.1000000015
133762  -38.467  42.899  23.432 0.1000000015
108480  -38.140  43.816  23.721 0.1000000015
107994  -37.702  43.423  23.074 0.1000000015
130964  -37.274  41.958  20.102 0.1000000015
107495  -37.347  42.348  20.885 0.1000000015
108012  -37.501  43.213  22.306 0.1000000015
107517  -37.005  42.063  19.283 0.1000000015
103223  -41.751  35.941  12.352 0.2000000030
103224  -42.278  35.227  12.673 0.2000000030
103909  -40.497  36.445  14.459 0.2000000030
103221  -41.453  35.595  13.322 0.2000000030
102372  -42.194  34.711  13.606 0.2000000030
101530  -42.781  34.048  13.403 0.2000000030
102359  -42.465  34.030  14.324 0.3000000119
121350  -42.445  33.293  13.827 0.2000000030
110315  -39.112  49.584  28.748 0.1000000015
134337  -40.170  49.035  26.248 0.1000000015
110317  -40.392  49.629  28.073 0.1000000015
120013  -39.883  48.751  25.924 0.1000000015
103229  -42.564  35.602  11.871 0.2000000030
103225  -42.887  34.995  12.231 0.2000000030
102382  -43.289  34.451  12.223 0.2000000030
101538  -43.135  34.079  12.749 0.2000000030
131106  -42.895  33.413  12.839 0.1000000015
100696  -42.871  32.668  12.402 0.1000000015
100703  -43.989  32.099  11.174 0.1000000015
103927  -43.050  36.027  10.994 0.1000000015
117424  -43.899  35.379  10.879 0.1000000015
103238  -44.479  34.818  10.798 0.1000000015
102393  -44.365  34.188  11.276 0.1000000015
100702  -44.087  32.878  11.474 0.1000000015
100697  -43.455  33.175  12.049 0.1000000015
103941  -44.440  36.783  9.629 0.1000000015
103942  -45.130  36.538  9.173 0.1000000015
101546  -44.619  33.466  11.151 0.1000000015
96409  -41.264  27.722  26.707 0.2000000030
97166  -40.837  28.303  26.254 0.2000000030
99766  -43.783  31.641  21.567 0.2000000030
99650  -37.442  31.603  31.623 0.1000000015
106407  -45.414  40.613  20.124 0.3000000119
99666  -36.032  31.780  30.717 0.1000000015
99665  -35.148  31.668  30.447 0.1000000015
106384  -43.897  40.257  22.066 0.2000000030
99663  -32.448  31.329  30.218 0.1000000015
103064  -32.000  36.049  25.726 0.1000000015
106373  -44.787  40.697  22.694 0.2000000030
100534  -29.441  32.707  29.267 0.1000000015
103811  -31.286  36.352  26.200 0.1000000015
103804  -30.557  36.353  27.021 0.1000000015
104481  -31.890  37.609  25.715 0.1000000015
105741  -32.654  38.847  25.710 0.1000000015
103005  -29.780  35.416  29.951 0.1000000015
121967  -29.462  34.632  30.132 0.1000000015
104474  -30.737  37.163  27.507 0.1000000015
104472  -31.222  37.708  28.077 0.1000000015
105735  -33.025  39.347  27.217 0.1000000015
105093  -32.483  38.872  26.580 0.1000000015
136455  -43.018  42.208  26.599 0.1000000015
106905  -43.067  41.254  25.301 0.1000000015
103785  -31.128  37.151  30.031 0.1000000015
137681  -31.189  37.402  29.484 0.1000000015
106856  -36.847  41.293  29.189 0.1000000015
120259  -40.934  43.108  28.846 0.1000000015
106324  -35.617  40.726  28.872 0.1000000015
98751  -39.821  30.184  34.761 0.1000000015
132019  -38.649  23.748  26.342 0.1000000015
94895  -37.828  25.867  26.442 0.1000000015
95645  -41.489  26.254  27.188 0.3000000119
95610  -42.030  26.228  31.711 0.2000000030
130766  -34.681  26.207  26.162 0.1000000015
94892  -34.333  25.596  26.324 0.1000000015
128089  -39.825  25.906  26.648 0.1000000015
96404  -36.655  27.036  26.021 0.1000000015
130172  -37.948  26.750  26.253 0.1000000015
95675  -34.214  26.863  25.899 0.1000000015
129672  -36.230  27.557  25.811 0.1000000015
96426  -37.577  27.948  25.868 0.1000000015
96424  -35.467  27.805  25.650 0.1000000015
97164  -39.208  28.097  25.982 0.2000000030
96362  -38.324  28.070  30.916 0.1000000015
96436  -32.045  27.903  24.934 0.1000000015
96435  -31.129  27.694  24.668 0.1000000015
97181  -35.623  28.716  25.225 0.1000000015
97960  -37.233  29.298  25.289 0.2000000030
97962  -39.374  29.617  25.475 0.2000000030
131996  -38.683  29.750  25.352 0.2000000030
97185  -39.686  28.845  25.778 0.2000000030
97197  -32.605  28.333  24.322 0.2000000030
97979  -34.516  29.341  24.182 0.2000000030
97981  -36.639  29.813  24.792 0.2000000030
98822  -39.043  30.362  25.145 0.2000000030
98847  -39.494  30.953  24.666 0.2000000030
97894  -39.111  29.218  34.893 0.1000000015
98750  -39.346  30.261  34.846 0.1000000015
98845  -37.770  30.761  24.400 0.2000000030
99714  -39.076  31.437  23.945 0.2000000030
98732  -38.631  29.736  35.120 0.1000000015
131236  -37.413  30.495  33.005 0.1000000015
97998  -35.409  29.865  22.333 0.2000000030
98870  -36.446  30.738  23.419 0.2000000030
98879  -36.119  30.532  22.550 0.2000000030
99732  -37.806  31.430  22.856 0.2000000030
125910  -38.696  31.613  23.033 0.2000000030
99734  -40.436  31.680  23.254 0.2000000030
99761  -38.780  31.487  21.502 0.2000000030
134871  -39.283  31.786  22.186 0.2000000030
99763  -40.192  31.820  21.657 0.2000000030
99750  -41.664  31.626  22.368 0.2000000030
127956  -33.510  31.100  34.591 0.1000000015
98714  -33.947  30.761  34.851 0.1000000015
98745  -33.700  30.633  33.710 0.1000000015
129693  -35.275  30.041  32.979 0.1000000015
135299  -33.209  30.567  33.149 0.1000000015
98730  -32.945  31.268  34.579 0.1000000015
98712  -32.941  31.524  35.204 0.1000000015
98697  -32.811  31.644  35.853 0.1000000015
119134  -30.946  30.443  34.971 0.1000000015
99582  -33.691  32.285  35.905 0.1000000015
98710  -30.636  30.493  35.876 0.1000000015
98695  -30.677  30.512  36.813 0.1000000015
98675  -32.578  31.632  38.344 0.1000000015
99581  -29.380  31.468  37.770 0.1000000015
98748  -37.231  29.983  33.740 0.1000000015
98785  -35.144  30.633  31.636 0.1000000015
98764  -34.591  30.371  32.426 0.1000000015
98761  -31.626  30.411  32.247 0.1000000015
98729  -31.198  30.441  34.171 0.1000000015
98709  -29.803  30.603  35.775 0.1000000015
98786  -36.103  30.666  31.767 0.1000000015
99648  -35.616  31.103  31.074 0.1000000015
98743  -31.349  30.427  33.524 0.1000000015
99580  -28.998  31.894  37.057 0.1000000015
139688  -32.531  30.715  31.221 0.1000000015
98781  -30.988  30.529  31.573 0.1000000015
98798  -32.102  30.891  30.767 0.1000000015
99660  -29.458  31.355  30.387 0.1000000015
126638  -29.870  32.221  29.209 0.1000000015
101399  -29.142  33.684  30.251 0.1000000015
102978  -29.682  35.115  31.743 0.1000000015
102199  -29.205  34.410  31.912 0.1000000015
102949  -29.579  35.093  34.531 0.1000000015
102959  -30.146  35.582  33.258 0.1000000015
103733  -30.752  36.095  33.753 0.1000000015
102950  -30.103  35.630  34.136 0.1000000015
103757  -31.012  36.095  32.150 0.1000000015
102972  -30.239  35.581  32.381 0.1000000015
123750  -32.093  36.499  33.600 0.1000000015
121866  -31.638  36.433  34.225 0.1000000015
122439  -30.692  36.179  34.619 0.1000000015
103716  -31.356  36.795  36.213 0.1000000015
104409  -32.720  36.869  35.817 0.1000000015
103725  -33.489  36.891  35.108 0.1000000015
104462  -31.854  37.414  30.586 0.1000000015
103763  -32.558  37.097  32.040 0.1000000015
104999  -33.365  38.670  38.918 0.1000000015
105009  -34.020  38.516  38.151 0.1000000015
103746  -32.767  36.819  33.414 0.1000000015
104440  -33.268  37.396  32.494 0.1000000015
103735  -33.900  37.065  34.621 0.1000000015
103734  -32.848  36.775  34.236 0.1000000015
104435  -34.444  37.549  33.933 0.1000000015
104434  -33.539  37.254  33.269 0.1000000015
104463  -32.384  37.935  30.407 0.1000000015
105067  -33.118  38.094  31.187 0.1000000015
104452  -33.680  37.900  32.154 0.1000000015
105068  -33.931  38.511  31.780 0.1000000015
105078  -34.245  39.041  31.328 0.1000000015
104441  -34.225  37.807  33.124 0.1000000015
105059  -34.638  38.841  32.938 0.1000000015
105086  -31.781  38.291  27.759 0.1000000015
105082  -32.724  38.813  29.171 0.1000000015
105083  -33.460  39.026  29.936 0.1000000015
136602  -33.979  39.196  30.549 0.1000000015
105726  -35.418  39.607  31.488 0.1000000015
106753  -31.781  41.577  39.971 0.1000000015
105043  -35.366  37.869  35.119 0.1000000015
120882  -35.151  37.970  34.478 0.1000000015
105720  -36.729  40.337  32.100 0.1000000015
105736  -33.476  39.667  27.727 0.1000000015
105729  -33.513  39.397  29.103 0.1000000015
106323  -34.361  40.147  28.319 0.1000000015
106318  -34.777  39.928  29.819 0.1000000015
117262  -34.903  40.285  28.989 0.1000000015
106314  -35.371  40.005  30.575 0.1000000015
106299  -36.060  40.099  31.284 0.1000000015
118451  -35.986  40.355  30.402 0.1000000015
106850  -37.107  41.110  30.048 0.1000000015
103904  -46.463  36.394  15.159 0.3000000119
104555  -45.688  37.577  14.752 0.3000000119
102345  -47.681  34.680  15.754 0.3000000119
141143  -45.555  33.927  16.661 0.3000000119
99861  -43.693  31.153  15.774 0.3000000119
119589  -31.074  39.068  33.879 0.1000000015
106857  -37.436  41.493  29.518 0.1000000015
106852  -38.688  41.904  30.964 0.1000000015
106386  -46.361  41.456  21.545 0.2000000030
105843  -48.272  39.781  14.602 0.4000000060
126787  -47.642  39.001  14.324 0.4000000060
126723  -44.743  33.948  16.732 0.3000000119
101496  -44.297  33.252  16.629 0.3000000119
100658  -43.857  32.555  16.445 0.3000000119
117366  -39.067  42.451  29.467 0.1000000015
107381  -40.518  43.251  30.709 0.1000000015
106374  -45.947  41.322  22.477 0.1000000015
107498  -46.450  42.431  20.639 0.2000000030
121996  -41.848  41.639  18.379 0.1000000015
100657  -43.222  32.635  16.273 0.3000000119
107932  -41.195  43.545  29.375 0.1000000015
108392  -40.818  44.698  30.599 0.1000000015
107947  -42.497  43.074  28.454 0.1000000015
107933  -41.759  43.524  28.973 0.1000000015
107437  -45.076  42.557  25.652 0.1000000015
131414  -43.804  43.583  26.743 0.1000000015
107455  -43.640  43.076  23.278 0.1000000015
107488  -46.646  42.411  21.593 0.2000000030
140355  -44.818  42.788  22.204 0.1000000015
107473  -43.866  42.641  22.460 0.1000000015
122641  -46.227  42.730  21.840 0.1000000015
106406  -39.768  40.809  20.016 0.1000000015
101495  -43.490  33.270  16.451 0.3000000119
126415  -43.032  34.042  16.377 0.3000000119
107412  -43.254  42.894  27.704 0.1000000015
107948  -43.080  43.165  28.008 0.1000000015
108907  -43.453  45.403  25.858 0.1000000015
108444  -43.034  44.822  26.717 0.1000000015
108906  -42.726  46.022  26.154 0.1000000015
107996  -40.558  43.090  23.927 0.1000000015
104552  -39.894  38.587  14.795 0.1000000015
102327  -42.064  35.336  16.139 0.3000000119
109362  -41.975  46.842  26.080 0.1000000015
103210  -40.942  35.741  14.275 0.2000000030
109383  -40.768  46.715  25.339 0.1000000015
103920  -40.267  37.065  13.221 0.2000000030
109837  -39.361  47.773  25.515 0.1000000015
128143  -38.758  45.866  24.869 0.1000000015
108493  -37.279  43.809  21.882 0.1000000015
103230  -43.390  35.072  11.597 0.2000000030
102392  -43.806  34.314  11.731 0.1000000015
101539  -43.486  33.867  12.246 0.1000000015
103237  -43.934  36.199  10.255 0.1000000015
92579  -43.787  22.795  19.481 0.1000000015
123456  -40.858  24.290  33.200 0.1000000015
94834  -38.362  25.245  31.155 0.1000000015
94091  -39.720  24.813  32.049 0.1000000015
94835  -40.238  25.532  31.516 0.1000000015
94082  -41.647  24.397  33.359 0.1000000015
136530  -43.393  23.347  34.540 0.1000000015
95595  -42.744  26.014  32.300 0.1000000015
94849  -36.794  26.110  30.752 0.1000000015
95606  -36.278  27.072  31.088 0.1000000015
95607  -39.868  26.158  30.846 0.1000000015
94824  -42.630  25.277  32.950 0.1000000015
94837  -42.005  25.527  32.402 0.1000000015
94836  -41.201  25.697  31.849 0.1000000015
95621  -39.040  26.379  30.696 0.1000000015
94852  -39.264  25.481  31.190 0.1000000015
94822  -40.557  24.967  32.421 0.1000000015
80649  -47.348  10.357  30.840 0.1000000015
81651  -46.890  10.521  29.368 0.1000000015
80631  -47.241  10.003  31.579 0.1000000015
81612  -48.075  10.052  32.173 0.1000000015
81645  -47.123  10.416  30.155 0.1000000015
81630  -48.769  10.637  31.556 0.1000000015
81659  -47.466  10.854  28.774 0.1000000015
81629  -47.952  10.467  31.222 0.1000000015
81667  -47.283  10.983  27.964 0.1000000015
81613  -49.156  10.350  32.352 0.1000000015
82623  -47.778  11.870  25.000 0.1000000015
81646  -47.966  10.665  30.315 0.1000000015
82587  -48.163  11.246  28.236 0.1000000015
81652  -47.665  10.725  29.517 0.1000000015
128500  -48.505  10.802  30.855 0.1000000015
82594  -47.854  11.352  27.319 0.1000000015
81660  -48.072  11.031  29.006 0.1000000015
82612  -48.147  11.765  25.812 0.1000000015
82595  -48.684  11.576  27.457 0.1000000015
81653  -48.382  11.005  29.583 0.1000000015
82604  -48.410  11.651  26.669 0.1000000015
82588  -48.713  11.314  28.918 0.1000000015
82582  -49.149  11.332  29.594 0.1000000015
83541  -48.715  12.193  25.019 0.1000000015
82613  -49.075  12.092  26.106 0.1000000015
82605  -49.086  11.835  26.891 0.1000000015
82597  -49.978  12.010  28.239 0.1000000015
117435  -49.557  12.548  24.479 0.1000000015
82590  -50.417  12.091  29.032 0.1000000015
82584  -50.828  12.119  29.739 0.1000000015
127838  -50.904  11.764  30.558 0.1000000015
83520  -51.509  12.429  29.327 0.1000000015
83516  -51.782  12.367  30.164 0.1000000015
82566  -52.143  12.220  31.857 0.1000000015
117705  -50.261  12.809  24.006 0.1000000015
84569  -50.802  13.164  23.696 0.1000000015
83542  -51.002  13.152  24.462 0.1000000015
83538  -51.321  13.184  25.434 0.1000000015
84562  -51.730  13.507  24.833 0.1000000015
84558  -53.232  13.990  26.328 0.1000000015
84548  -53.416  13.940  27.888 0.1000000015
84540  -53.553  14.505  28.125 0.1000000015
85496  -53.282  14.230  30.504 0.1000000015
85525  -53.702  14.837  27.516 0.1000000015
82596  -49.503  11.900  27.498 0.1000000015
83529  -49.745  12.225  26.792 0.1000000015
128742  -49.663  12.491  25.403 0.1000000015
118313  -49.880  12.468  26.141 0.1000000015
139041  -51.074  12.667  27.171 0.1000000015
83524  -51.085  12.419  28.426 0.1000000015
129419  -51.208  12.988  26.218 0.1000000015
83525  -52.535  12.977  28.894 0.1000000015
120275  -52.694  12.848  30.569 0.1000000015
83531  -51.748  12.847  27.765 0.1000000015
84547  -52.886  13.411  28.193 0.1000000015
83522  -53.187  13.484  30.519 0.1000000015
83485  -52.593  13.182  32.105 0.1000000015
84557  -52.239  13.411  26.407 0.1000000015
83526  -53.259  13.653  29.796 0.1000000015
84521  -53.347  13.884  30.999 0.1000000015
138957  -51.654  11.877  31.243 0.1000000015
83518  -53.046  13.312  31.164 0.1000000015
85512  -53.395  14.661  28.990 0.1000000015
83521  -52.591  12.893  29.869 0.1000000015
119932  -50.374  12.818  24.908 0.1000000015
83537  -50.485  12.762  25.776 0.1000000015
84553  -52.574  13.388  27.386 0.1000000015
84539  -53.472  13.925  28.886 0.1000000015
84549  -53.629  14.528  27.439 0.1000000015
85503  -53.488  14.215  29.834 0.1000000015
85524  -53.428  14.962  27.953 0.1000000015
83534  -50.606  12.620  26.626 0.1000000015
83535  -51.556  12.950  26.907 0.1000000015
98893  -36.523  30.534  21.883 0.1000000015
123665  -32.036  28.516  22.799 0.1000000015
97219  -32.622  28.632  22.454 0.1000000015
97220  -33.198  28.639  22.623 0.1000000015
97227  -34.537  28.830  21.528 0.1000000015
105187  -39.480  38.986  13.459 0.1000000015
105183  -39.662  38.247  13.331 0.1000000015
103926  -42.104  36.393  11.567 0.1000000015
140133  -40.749  36.711  12.811 0.1000000015
105188  -39.759  38.668  12.552 0.1000000015
104569  -40.328  38.005  12.045 0.1000000015
103931  -42.472  36.949  10.873 0.1000000015
105869  -40.631  39.734  11.419 0.1000000015
105870  -41.263  39.909  10.928 0.1000000015
131431  -41.241  39.101  11.015 0.1000000015
104578  -42.057  37.685  10.802 0.1000000015
105204  -42.420  38.385  10.471 0.1000000015
139721  -42.542  39.849  10.211 0.1000000015
105880  -42.664  39.226  10.199 0.1000000015
128993  -43.052  39.974  9.817 0.1000000015
104570  -41.039  37.520  11.760 0.1000000015
103921  -41.158  36.256  12.813 0.1000000015
105203  -41.676  38.344  10.884 0.1000000015
129587  -42.010  38.954  10.634 0.1000000015
80562  -48.903  9.581  37.526 0.3000000119
80573  -51.019  9.839  37.168 0.2000000030
81585  -51.688  10.459  36.884 0.3000000119
81586  -52.426  11.493  36.426 0.2000000030
82506  -45.867  11.608  38.727 0.3000000119
82508  -51.126  10.805  37.947 0.4000000060
82583  -50.029  11.702  29.674 0.1000000015
82589  -49.533  11.646  28.920 0.1000000015
83415  -47.254  12.894  39.515 0.5000000000
83493  -44.760  12.853  31.044 0.4000000060
83498  -52.753  13.026  31.821 0.1000000015
83499  -53.004  13.623  31.509 0.1000000015
83517  -52.250  12.439  31.069 0.1000000015
83530  -50.501  12.370  27.483 0.1000000015
84484  -44.977  12.967  32.618 0.5000000000
84486  -52.320  13.257  32.376 0.2000000030
84496  -48.151  13.091  31.267 0.2000000030
84515  -44.913  13.022  30.285 0.4000000060
84529  -50.442  14.264  29.933 0.2000000030
84531  -53.472  13.990  30.424 0.1000000015
84537  -47.779  13.793  28.660 0.2000000030
84554  -53.269  13.924  27.089 0.1000000015
84555  -53.666  14.486  26.898 0.1000000015
85419  -48.014  13.992  39.196 0.5000000000
85433  -48.178  15.353  38.477 0.6000000238
85494  -43.909  14.701  30.961 0.4000000060
85502  -52.527  14.657  30.006 0.2000000030
85520  -48.363  14.631  27.091 0.1000000015
85529  -42.570  15.083  26.999 0.4000000060
85530  -43.240  14.559  27.017 0.3000000119
85532  -45.220  14.421  26.300 0.2000000030
86405  -43.638  14.749  30.206 0.4000000060
86415  -42.248  15.694  27.323 0.4000000060
86423  -49.334  15.172  26.291 0.1000000015
86431  -42.999  15.028  25.456 0.3000000119
86456  -44.871  15.520  23.762 0.1000000015
86469  -46.112  15.821  22.901 0.1000000015
87224  -46.779  16.332  38.061 0.6000000238
87225  -47.980  16.221  38.292 0.5000000000
87253  -48.938  16.290  35.602 0.8000000119
87283  -46.488  16.748  31.854 0.6999999881
87299  -44.338  16.234  30.344 0.5000000000
87313  -42.172  16.336  27.534 0.4000000060
87314  -42.539  16.764  28.001 0.5000000000
87336  -41.715  16.930  23.788 0.2000000030
87337  -42.317  16.252  23.768 0.2000000030
88135  -45.030  17.422  35.635 0.4000000060
88156  -49.503  17.196  34.072 0.8999999762
88200  -44.499  17.384  29.390 0.6000000238
88205  -44.132  17.735  28.720 0.6000000238
88217  -41.563  17.620  25.080 0.3000000119
88218  -41.732  17.523  25.846 0.3000000119
88999  -50.467  18.132  33.211 0.8999999762
89008  -50.509  18.103  32.370 0.8999999762
89010  -51.253  18.881  32.206 0.8999999762
89035  -47.072  18.141  30.272 0.8000000119
89047  -47.328  19.143  29.330 0.8000000119
89055  -44.303  18.658  27.594 0.6000000238
89060  -44.026  18.967  26.906 0.5000000000
89837  -45.961  20.217  31.824 0.5000000000
89840  -52.593  19.745  32.154 0.8999999762
89854  -50.294  19.101  30.798 0.8999999762
89857  -52.777  19.728  31.608 0.8999999762
89883  -47.499  20.001  27.849 0.8000000119
89886  -43.741  19.322  26.269 0.6000000238
89889  -46.197  20.014  27.240 0.8000000119
90696  -53.640  20.682  32.187 0.8999999762
90714  -54.697  20.969  30.815 0.8000000119
90720  -40.659  20.553  30.753 0.1000000015
90721  -41.283  20.451  30.736 0.1000000015
90723  -52.936  19.994  30.768 0.8999999762
90734  -50.316  20.258  29.357 0.8000000119
90738  -54.784  20.999  30.108 0.8000000119
90740  -48.977  20.471  28.187 0.8000000119
90755  -44.916  20.290  26.066 0.6999999881
90758  -48.758  20.881  26.703 0.8000000119
90763  -43.839  20.217  25.030 0.6000000238
90775  -44.436  20.826  24.555 0.6000000238
90806  -42.053  20.784  21.655 0.1000000015
91569  -53.369  21.702  33.324 1.0000000000
91578  -41.383  21.946  32.486 0.2000000030
91589  -54.317  21.721  31.611 0.8999999762
91597  -43.557  21.749  31.569 0.2000000030
91598  -44.960  21.573  31.572 0.4000000060
91599  -45.730  21.521  31.638 0.5000000000
91604  -55.021  21.534  30.070 0.8000000119
91623  -54.660  22.403  27.731 0.8000000119
91628  -53.787  22.906  26.654 0.8000000119
91636  -46.550  21.367  25.095 0.6999999881
91667  -47.306  22.227  24.100 0.6000000238
91690  -44.298  22.012  21.673 0.2000000030
92409  -49.343  22.964  34.966 0.8999999762
92410  -49.932  22.868  35.693 1.0000000000
92415  -43.583  22.935  34.544 0.1000000015
92416  -44.385  22.865  34.907 0.2000000030
92423  -53.307  22.457  34.076 0.8999999762
92432  -40.887  22.780  33.553 0.1000000015
92472  -54.689  22.906  30.349 0.8000000119
92473  -55.040  22.260  30.192 0.8000000119
92484  -55.181  22.222  29.326 0.8000000119
92488  -54.298  22.862  27.239 0.8000000119
92496  -52.888  22.916  25.592 0.8000000119
92514  -52.427  23.385  25.051 0.6999999881
92529  -49.736  22.872  24.346 0.6999999881
92531  -51.742  23.698  24.607 0.6999999881
93238  -49.787  23.138  35.988 1.0000000000
93243  -44.984  23.156  35.262 0.5000000000
93244  -45.818  23.166  35.186 0.6000000238
93246  -47.751  23.290  34.755 0.8000000119
93247  -48.695  23.223  34.852 0.8999999762
93249  -52.189  22.983  35.440 1.0000000000
93258  -42.227  23.244  33.900 0.2000000030
93259  -42.883  23.024  34.288 0.2000000030
93276  -50.451  23.828  31.245 0.6999999881
93280  -54.347  23.778  31.560 0.8000000119
93305  -53.840  23.374  28.691 0.8000000119
93308  -48.533  23.717  28.742 0.6000000238
93340  -51.748  24.401  26.256 0.6000000238
93342  -53.726  23.251  26.711 0.8000000119
93357  -43.670  23.618  25.475 0.3000000119
93368  -51.291  24.202  24.237 0.6999999881
93369  -52.121  23.976  24.718 0.6999999881
93381  -49.942  24.432  23.340 0.6999999881
93388  -40.791  23.477  22.460 0.1000000015
93390  -42.049  23.928  22.770 0.1000000015
93393  -48.912  24.675  22.389 0.6999999881
93394  -49.445  24.695  22.832 0.6999999881
93410  -48.362  24.835  21.701 0.6000000238
93420  -46.604  24.042  20.726 0.5000000000
93425  -41.820  23.515  18.849 0.1000000015
93427  -44.067  23.945  18.861 0.1000000015
93428  -44.625  23.845  19.460 0.2000000030
93429  -45.131  24.107  19.893 0.2000000030
94052  -49.063  23.732  35.422 1.0000000000
94053  -49.992  24.064  35.662 1.0000000000
94054  -50.680  23.931  35.658 1.0000000000
94064  -51.625  23.769  35.379 1.0000000000
94092  -49.148  24.800  31.337 0.6999999881
94143  -43.618  24.190  26.809 0.6000000238
94148  -52.128  24.555  25.430 0.6000000238
94149  -52.677  24.190  25.471 0.6000000238
94160  -51.620  24.787  24.856 0.6999999881
94171  -48.498  25.100  24.002 0.6000000238
94173  -50.148  24.994  23.642 0.6000000238
94190  -48.759  25.063  21.947 0.6000000238
94200  -44.648  25.059  21.264 0.5000000000
94202  -46.963  24.734  20.957 0.6000000238
94204  -48.222  25.207  21.643 0.6000000238
94812  -45.935  25.438  34.031 0.8000000119
94813  -47.292  25.854  33.742 0.8999999762
94823  -41.366  25.020  32.745 0.1000000015
94840  -49.804  25.294  31.579 0.6999999881
94841  -51.634  25.125  31.474 0.8000000119
94844  -54.131  25.626  31.678 1.0000000000
94850  -37.681  25.853  30.746 0.2000000030
94851  -38.520  25.909  30.773 0.1000000015
94861  -46.466  25.301  29.793 0.6000000238
94862  -47.137  25.107  30.251 0.6000000238
94915  -48.943  25.343  23.384 0.6000000238
94916  -49.491  25.282  23.149 0.6999999881
94932  -47.260  25.708  21.864 0.6000000238
94935  -49.184  25.219  22.680 0.6999999881
94951  -46.447  25.179  20.932 0.5000000000
95590  -51.156  25.953  33.498 1.0000000000
95596  -43.495  26.549  32.184 0.3000000119
95625  -47.649  26.462  30.922 0.6000000238
95629  -52.912  27.018  30.996 0.8999999762
96341  -47.556  28.079  33.678 1.0000000000
96344  -49.845  27.218  33.196 1.0000000000
96349  -44.171  27.199  31.998 0.4000000060
96352  -46.717  28.302  33.477 0.6999999881
96357  -53.402  27.052  31.832 1.0000000000
96364  -42.862  27.555  31.199 0.3000000119
96368  -53.031  27.366  31.478 0.8999999762
96388  -51.987  28.406  29.896 0.8999999762
96392  -44.544  27.495  28.768 0.6000000238
97112  -48.317  28.252  33.555 1.0000000000
97119  -47.627  28.977  33.617 1.0000000000
97121  -51.771  28.139  32.007 1.0000000000
97130  -50.059  28.941  32.173 1.0000000000
97131  -52.140  28.386  31.317 0.8999999762
97135  -40.686  28.543  30.713 0.3000000119
97138  -42.977  29.151  30.768 0.3000000119
97154  -48.894  28.672  28.694 0.6000000238
97255  -46.132  28.550  15.647 0.2000000030
97257  -47.924  28.540  15.270 0.3000000119
97264  -45.572  28.467  15.107 0.2000000030
97266  -47.361  28.453  14.911 0.2000000030
97268  -50.068  28.887  14.499 0.3000000119
97279  -48.729  28.746  14.595 0.3000000119
97895  -39.683  29.665  34.622 0.1000000015
97904  -46.875  29.744  33.727 0.8000000119
97906  -48.036  29.362  33.062 0.8999999762
97930  -52.025  29.528  29.381 0.8999999762
97933  -46.203  28.984  28.346 0.5000000000
97953  -46.887  29.886  27.231 0.5000000000
98064  -47.806  29.503  17.026 0.3000000119
98080  -49.828  28.703  15.133 0.3000000119
98090  -49.069  28.604  14.725 0.3000000119
98091  -50.415  28.895  14.656 0.3000000119
98105  -49.191  28.878  14.403 0.3000000119
98674  -32.138  31.171  37.619 0.1000000015
98684  -30.687  30.525  37.534 0.1000000015
98760  -30.583  30.393  32.260 0.1000000015
98790  -43.403  30.468  31.852 0.4000000060
98793  -49.233  30.107  31.440 1.0000000000
98806  -50.426  31.055  29.558 1.0000000000
98858  -50.934  30.207  24.602 0.8000000119
98881  -50.863  30.812  22.862 0.6999999881
98960  -52.902  30.435  15.959 0.4000000060
98973  -53.336  30.571  15.372 0.3000000119
98974  -53.514  30.758  15.099 0.4000000060
98992  -53.169  30.481  14.869 0.3000000119
99007  -49.704  29.197  14.345 0.3000000119
99008  -50.667  29.363  14.466 0.3000000119
99010  -52.470  30.344  14.610 0.3000000119
99621  -43.405  32.665  33.842 0.4000000060
99633  -41.847  31.902  33.504 0.3000000119
99636  -44.737  31.981  33.399 0.5000000000
99637  -45.879  31.749  33.424 0.5000000000
99638  -46.398  31.305  33.234 0.6999999881
99654  -47.093  31.252  31.722 0.8000000119
99659  -28.850  31.705  30.639 0.1000000015
99662  -31.539  31.202  30.236 0.1000000015
99670  -47.699  31.123  31.086 0.8999999762
99676  -29.981  31.632  29.702 0.1000000015
99678  -31.928  31.687  29.543 0.2000000030
99681  -34.568  31.905  30.051 0.1000000015
99683  -46.724  31.579  30.240 0.8999999762
99691  -48.034  31.631  28.994 1.0000000000
99744  -52.646  31.012  23.547 0.6999999881
99754  -51.028  30.978  22.324 0.6999999881
99772  -52.067  31.172  21.509 0.6999999881
99809  -47.568  31.869  19.311 0.3000000119
99811  -51.752  31.638  19.274 0.6000000238
99812  -52.260  31.611  19.781 0.6999999881
99848  -47.150  31.544  15.984 0.4000000060
99851  -53.572  31.077  15.438 0.4000000060
100492  -42.159  33.459  34.413 0.4000000060
100511  -28.601  32.294  31.098 0.1000000015
100528  -36.486  32.582  30.505 0.2000000030
100530  -44.518  32.944  30.628 0.6999999881
100535  -30.467  31.949  29.249 0.1000000015
100539  -34.433  32.344  29.450 0.2000000030
100547  -29.871  32.740  28.757 0.1000000015
100549  -31.344  32.357  28.655 0.2000000030
100554  -45.511  32.677  28.780 0.8999999762
100576  -50.225  33.121  24.761 0.8999999762
100579  -52.605  31.355  23.697 0.8000000119
100589  -47.207  31.982  23.097 0.3000000119
100628  -50.057  32.271  19.553 0.5000000000
100629  -52.644  31.942  19.986 0.6999999881
100663  -53.566  31.792  15.940 0.4000000060
100672  -52.164  33.460  14.755 0.5000000000
100683  -52.269  32.310  14.608 0.5000000000
100685  -53.348  31.578  14.791 0.4000000060
101347  -42.748  34.789  34.899 0.4000000060
101361  -42.807  34.250  34.792 0.4000000060
101362  -43.483  34.259  34.510 0.4000000060
101363  -44.249  33.603  33.920 0.4000000060
101392  -37.449  33.606  30.356 0.2000000030
101394  -43.679  34.539  31.210 0.5000000000
101408  -29.557  33.394  28.711 0.2000000030
101411  -32.088  32.923  27.987 0.2000000030
101417  -44.910  34.365  28.721 0.5000000000
101422  -33.664  33.669  27.574 0.2000000030
101426  -46.822  33.962  26.992 0.8000000119
101431  -48.124  34.703  26.274 0.6999999881
101446  -51.201  34.199  23.629 0.6999999881
101450  -52.135  33.791  22.542 0.8000000119
101455  -52.602  32.880  21.200 0.6999999881
101494  -42.911  33.170  16.156 0.3000000119
101498  -46.046  33.537  16.584 0.3000000119
101502  -53.391  32.624  15.603 0.6000000238
101514  -52.913  33.602  15.357 0.6000000238
101545  -44.011  33.638  11.673 0.1000000015
102180  -41.678  34.899  34.276 0.3000000119
102182  -42.926  35.086  34.908 0.4000000060
102183  -43.207  34.977  34.701 0.4000000060
102194  -41.012  34.972  33.426 0.3000000119
102195  -41.893  35.450  33.947 0.3000000119
102200  -38.864  34.157  31.197 0.2000000030
102203  -43.262  34.978  32.040 0.5000000000
102224  -36.922  34.344  29.029 0.2000000030
102228  -44.134  34.880  29.787 0.6000000238
102236  -45.679  35.775  29.076 0.5000000000
102237  -46.381  36.614  28.859 0.5000000000
102242  -32.059  34.032  27.091 0.2000000030
102244  -33.871  34.263  27.057 0.2000000030
102251  -30.948  34.922  26.794 0.2000000030
102252  -31.597  34.605  26.739 0.2000000030
102266  -43.083  34.863  25.135 0.4000000060
102274  -42.316  34.666  24.611 0.4000000060
102276  -50.039  35.764  24.713 0.6999999881
102277  -50.637  34.978  24.221 0.6999999881
102284  -40.906  34.941  23.907 0.4000000060
102285  -41.756  34.783  23.815 0.4000000060
102287  -43.323  34.852  23.867 0.4000000060
102291  -51.131  35.906  22.470 0.6999999881
102332  -46.324  34.232  16.434 0.3000000119
102360  -50.298  35.126  14.510 0.5000000000
102361  -51.171  35.067  14.443 0.6000000238
102362  -51.908  34.534  14.657 0.6000000238
102381  -42.789  34.557  12.798 0.2000000030
102961  -43.189  35.245  34.012 0.4000000060
102975  -42.538  35.464  33.441 0.4000000060
102976  -42.812  35.316  32.797 0.4000000060
102980  -40.269  35.366  31.374 0.2000000030
102998  -39.925  35.603  30.473 0.2000000030
103006  -30.214  36.103  29.775 0.1000000015
103007  -38.146  35.402  28.950 0.2000000030
103013  -45.339  36.669  29.337 0.5000000000
103016  -29.582  35.144  28.417 0.2000000030
103017  -29.739  35.694  29.062 0.2000000030
103020  -38.584  35.697  28.716 0.3000000119
103022  -40.193  36.034  28.719 0.4000000060
103030  -29.850  35.285  27.734 0.2000000030
103047  -32.601  35.200  26.166 0.2000000030
103048  -33.440  35.273  26.096 0.2000000030
103054  -38.818  35.433  26.255 0.4000000060
103060  -48.154  36.690  27.084 0.6000000238
103065  -32.780  35.817  25.673 0.2000000030
103072  -42.952  35.030  25.968 0.4000000060
103074  -44.674  35.507  25.713 0.5000000000
103079  -49.535  36.441  25.157 0.6999999881
103084  -38.504  35.625  24.426 0.3000000119
103091  -47.661  36.327  24.328 0.6999999881
103099  -38.794  35.932  23.618 0.4000000060
103100  -39.633  35.617  23.449 0.3000000119
103103  -42.133  34.983  23.046 0.5000000000
103106  -45.740  35.508  23.202 0.6000000238
103122  -49.723  36.302  22.474 0.6999999881
103126  -42.025  35.757  21.737 0.5000000000
103133  -49.008  35.713  21.725 0.6999999881
103134  -50.395  36.181  21.947 0.6999999881
103141  -46.869  35.608  20.663 0.6999999881
103143  -49.299  35.547  20.946 0.6999999881
103145  -50.792  35.375  20.806 0.6999999881
103149  -45.898  35.999  19.770 0.6000000238
103170  -49.889  35.660  17.667 0.6999999881
103173  -52.177  35.054  17.248 0.6999999881
103182  -42.457  35.721  16.327 0.3000000119
103185  -45.470  35.372  16.267 0.3000000119
103198  -41.410  35.610  15.619 0.3000000119
103202  -48.943  35.349  14.840 0.4000000060
103216  -51.921  35.799  14.700 0.6999999881
103217  -52.271  35.462  14.942 0.6999999881
103220  -40.699  36.358  13.536 0.2000000030
103231  -44.023  34.750  11.273 0.1000000015
103724  -32.400  36.711  34.906 0.1000000015
103745  -31.811  36.442  32.855 0.1000000015
103764  -42.217  36.278  31.497 0.5000000000
103776  -30.764  36.489  30.406 0.1000000015
103777  -31.448  36.823  30.926 0.1000000015
103778  -41.190  36.266  30.469 0.3000000119
103789  -42.813  36.493  30.183 0.4000000060
103790  -43.948  36.418  29.795 0.5000000000
103791  -44.832  36.553  29.435 0.5000000000
103796  -40.811  36.149  29.368 0.4000000060
103797  -42.323  36.352  29.476 0.4000000060
103807  -46.341  37.150  28.361 0.4000000060
103808  -47.058  37.184  28.000 0.5000000000
103814  -47.207  37.218  26.954 0.4000000060
103816  -48.686  37.155  26.043 0.6000000238
103834  -35.912  36.947  24.271 0.3000000119
103835  -37.239  36.489  24.383 0.3000000119
103837  -48.255  37.117  24.984 0.6999999881
103848  -38.271  36.708  23.446 0.4000000060
103860  -42.326  36.201  21.140 0.5000000000
103864  -42.664  36.746  20.599 0.5000000000
103867  -45.215  36.085  20.073 0.6000000238
103871  -44.690  36.735  19.635 0.6000000238
103879  -47.344  36.386  18.416 0.6999999881
103883  -48.572  36.550  17.401 0.6999999881
103890  -44.338  36.084  16.240 0.3000000119
103892  -49.065  37.106  16.655 0.6999999881
103894  -50.897  36.790  15.992 0.6999999881
103901  -43.191  36.906  15.844 0.3000000119
103902  -44.068  36.769  15.847 0.3000000119
103912  -47.841  37.146  14.457 0.3000000119
103914  -50.414  37.284  14.318 0.6000000238
103915  -51.505  36.551  14.674 0.6999999881
103925  -41.281  36.747  12.144 0.1000000015
104385  -33.186  38.074  38.115 0.1000000015
104391  -31.222  37.213  37.671 0.1000000015
104421  -35.083  37.697  34.557 0.1000000015
104436  -34.861  37.930  33.923 0.1000000015
104450  -32.175  37.166  31.384 0.1000000015
104471  -30.691  37.134  28.415 0.1000000015
104478  -31.534  37.753  26.400 0.1000000015
104482  -32.448  37.373  25.239 0.2000000030
104490  -32.947  37.942  24.735 0.2000000030
104493  -35.366  37.445  23.939 0.3000000119
104504  -34.942  37.996  23.713 0.2000000030
104510  -39.175  37.746  22.844 0.3000000119
104516  -41.379  37.583  21.256 0.4000000060
104519  -41.857  37.824  20.772 0.4000000060
104525  -44.298  37.516  19.365 0.5000000000
104530  -46.220  37.380  18.275 0.5000000000
104533  -47.336  37.729  17.283 0.6000000238
104538  -49.779  37.928  16.019 0.6999999881
104542  -40.873  37.582  15.418 0.2000000030
104546  -45.312  37.131  15.137 0.3000000119
104549  -51.023  37.924  14.891 0.6000000238
104554  -44.911  37.747  14.883 0.3000000119
104562  -39.855  37.588  13.814 0.2000000030
104565  -39.953  37.758  12.858 0.1000000015
104566  -40.561  37.276  12.452 0.1000000015
104571  -41.699  37.155  11.350 0.1000000015
104577  -41.475  37.774  11.222 0.1000000015
105010  -34.457  38.580  37.728 0.1000000015
105019  -34.881  38.594  36.473 0.1000000015
105092  -32.050  38.317  26.053 0.1000000015
105114  -35.095  38.640  23.588 0.2000000030
105117  -37.846  38.650  23.309 0.3000000119
105129  -39.813  37.770  22.569 0.4000000060
105131  -41.404  38.685  22.028 0.4000000060
105138  -41.065  38.110  21.720 0.3000000119
105147  -44.166  38.434  19.285 0.4000000060
105150  -45.560  38.740  18.254 0.4000000060
105169  -50.332  39.044  15.190 0.6999999881
105171  -50.874  38.176  14.876 0.6000000238
105176  -46.629  38.516  14.303 0.4000000060
105182  -39.641  38.403  14.110 0.1000000015
105192  -40.407  38.874  11.704 0.1000000015
105193  -40.996  38.256  11.405 0.1000000015
105615  -33.577  39.635  39.051 0.1000000015
105637  -33.326  39.682  37.334 0.1000000015
105679  -32.125  39.064  34.121 0.1000000015
105703  -36.566  40.326  32.999 0.1000000015
105733  -33.752  39.722  28.368 0.1000000015
105738  -33.135  39.432  26.315 0.1000000015
105748  -33.505  39.173  24.683 0.2000000030
105750  -39.016  39.899  24.016 0.2000000030
105761  -34.633  39.139  23.755 0.2000000030
105763  -36.559  39.421  23.536 0.2000000030
105768  -42.002  39.751  23.486 0.3000000119
105770  -43.765  40.312  22.966 0.2000000030
105779  -41.463  39.161  22.721 0.3000000119
105804  -44.504  40.106  20.161 0.3000000119
105808  -45.070  39.978  19.478 0.4000000060
105809  -45.825  40.201  19.052 0.3000000119
105830  -49.376  40.085  15.101 0.4000000060
105831  -50.212  39.224  14.910 0.5000000000
105841  -46.435  40.018  14.611 0.3000000119
105842  -47.313  39.849  14.611 0.4000000060
105844  -49.172  39.775  14.694 0.4000000060
105858  -39.878  39.593  12.076 0.1000000015
105879  -41.979  39.717  10.559 0.1000000015
106267  -35.894  40.933  33.731 0.1000000015
106268  -36.513  40.995  33.590 0.1000000015
106327  -33.914  40.009  27.805 0.1000000015
106332  -34.414  40.479  26.664 0.2000000030
106338  -37.007  41.176  25.299 0.2000000030
106340  -39.081  40.883  25.119 0.2000000030
106346  -35.549  40.540  24.732 0.2000000030
106353  -42.403  40.546  24.666 0.2000000030
106361  -35.782  40.118  23.993 0.2000000030
106362  -36.573  40.034  23.792 0.2000000030
106365  -42.011  40.127  24.150 0.2000000030
106369  -45.546  41.233  23.205 0.1000000015
106395  -39.429  40.634  20.883 0.1000000015
106397  -45.286  40.663  20.842 0.3000000119
106399  -46.699  41.794  20.245 0.2000000030
106405  -38.792  40.721  20.174 0.1000000015
106418  -48.323  41.198  17.174 0.3000000119
106422  -48.173  41.560  17.016 0.3000000119
106423  -48.667  41.092  16.540 0.3000000119
106434  -40.552  40.882  15.307 0.1000000015
106437  -47.492  41.017  15.371 0.4000000060
106439  -49.026  40.593  15.683 0.5000000000
106452  -43.736  40.835  14.905 0.1000000015
106504  -43.072  40.733  9.820 0.1000000015
106810  -35.820  41.342  33.618 0.1000000015
106813  -37.868  42.074  33.555 0.1000000015
106824  -37.644  41.409  33.148 0.1000000015
106836  -38.063  41.474  31.430 0.1000000015
106866  -35.775  41.324  26.941 0.2000000030
106879  -42.186  42.199  26.556 0.2000000030
106881  -44.303  42.246  26.080 0.1000000015
106890  -37.226  41.573  26.040 0.2000000030
106893  -40.523  41.450  25.773 0.2000000030
106896  -45.520  42.114  25.074 0.1000000015
106906  -44.044  41.397  24.976 0.1000000015
106908  -46.467  41.978  23.993 0.1000000015
106917  -46.592  41.778  23.222 0.1000000015
106927  -38.786  41.426  22.292 0.1000000015
106928  -39.668  41.178  22.238 0.1000000015
106929  -40.541  41.203  22.088 0.1000000015
106940  -37.709  41.668  21.416 0.1000000015
106941  -38.306  41.214  21.628 0.1000000015
106947  -46.969  42.130  21.764 0.2000000030
106955  -37.588  41.499  20.593 0.1000000015
106956  -37.992  40.895  20.343 0.1000000015
106958  -41.685  41.290  19.901 0.1000000015
106960  -43.200  41.826  20.392 0.1000000015
106972  -39.145  40.986  19.315 0.1000000015
106982  -40.494  41.538  18.262 0.1000000015
106985  -43.771  42.126  17.981 0.1000000015
106987  -47.527  42.064  17.796 0.3000000119
106994  -40.834  42.174  17.530 0.1000000015
106997  -47.726  41.961  17.228 0.3000000119
107008  -48.484  41.186  15.991 0.5000000000
107023  -42.319  41.983  15.372 0.1000000015
107025  -44.287  42.030  15.326 0.1000000015
107027  -47.194  41.681  15.933 0.2000000030
107039  -45.655  41.380  15.149 0.3000000119
107338  -38.328  42.684  33.476 0.1000000015
107339  -38.847  43.360  33.337 0.1000000015
107350  -40.190  43.547  32.356 0.1000000015
107362  -40.044  42.947  32.143 0.1000000015
107390  -40.008  42.900  30.193 0.1000000015
107408  -39.789  42.731  28.246 0.2000000030
107411  -42.852  42.844  28.088 0.1000000015
107422  -37.977  42.096  27.135 0.2000000030
107428  -44.436  42.732  26.263 0.1000000015
107438  -45.716  42.651  25.037 0.1000000015
107468  -37.905  42.611  22.661 0.1000000015
107471  -41.920  42.269  23.001 0.1000000015
107475  -46.592  42.680  22.397 0.1000000015
107484  -37.567  42.421  21.880 0.1000000015
107499  -46.765  42.165  20.888 0.2000000030
107509  -37.064  42.606  19.999 0.1000000015
107513  -46.612  42.294  20.045 0.2000000030
107518  -42.757  42.306  17.267 0.1000000015
107521  -46.868  42.526  18.780 0.2000000030
107535  -46.902  42.556  18.105 0.1000000015
107551  -40.693  42.684  16.256 0.1000000015
107555  -44.270  42.505  16.195 0.1000000015
107556  -45.866  42.447  16.705 0.2000000030
107572  -42.912  42.348  15.582 0.1000000015
107573  -43.807  42.377  15.663 0.1000000015
107575  -45.550  42.233  15.966 0.1000000015
107865  -38.103  43.223  33.498 0.1000000015
107875  -37.912  43.590  33.199 0.1000000015
107878  -39.900  43.947  32.653 0.1000000015
107889  -37.726  43.668  32.361 0.1000000015
107910  -40.829  43.689  30.545 0.1000000015
107934  -42.397  43.619  28.393 0.1000000015
107949  -43.578  43.092  27.341 0.1000000015
107958  -44.131  43.143  26.621 0.1000000015
107959  -44.797  43.280  25.935 0.1000000015
107981  -42.038  44.260  24.521 0.1000000015
107983  -44.790  44.021  24.324 0.1000000015
107984  -45.520  43.599  24.364 0.1000000015
107985  -46.015  42.959  24.515 0.1000000015
107995  -39.492  42.915  23.804 0.1000000015
107997  -41.590  43.375  24.048 0.1000000015
107998  -43.336  43.697  24.016 0.1000000015
108001  -46.134  43.191  23.776 0.1000000015
108013  -46.076  43.221  23.029 0.1000000015
108351  -39.764  44.554  32.451 0.1000000015
108364  -40.242  45.074  31.963 0.1000000015
108378  -38.901  44.751  32.033 0.1000000015
108391  -38.992  44.894  30.372 0.1000000015
108416  -41.709  44.360  28.643 0.1000000015
108445  -43.723  44.433  26.376 0.1000000015
108446  -44.309  43.910  26.147 0.1000000015
108470  -43.427  45.145  24.848 0.1000000015
108841  -40.061  45.822  31.490 0.1000000015
108854  -39.742  45.860  31.332 0.1000000015
108855  -40.430  45.477  31.373 0.1000000015
108885  -40.497  46.412  30.011 0.1000000015
108893  -38.727  46.260  28.044 0.1000000015
108915  -41.754  46.705  25.139 0.1000000015
108928  -42.247  46.102  24.787 0.1000000015
109334  -39.964  46.962  30.143 0.1000000015
109372  -41.080  47.253  25.620 0.1000000015
109803  -39.531  48.649  29.138 0.1000000015
109838  -40.405  48.033  26.041 0.1000000015
109839  -40.971  47.550  25.935 0.1000000015
110308  -40.160  49.261  28.900 0.1000000015
110330  -40.280  49.723  26.990 0.1000000015
110818  -39.108  50.831  28.291 0.1000000015
110819  -40.003  50.343  28.102 0.1000000015
116598  -43.989  35.039  23.588 0.5000000000
116616  -49.349  23.560  23.593 0.6999999881
116648  -47.044  23.054  22.552 0.6000000238
116683  -49.088  11.585  28.196 0.1000000015
116839  -45.353  42.709  21.678 0.1000000015
116944  -49.155  13.327  31.412 0.3000000119
117022  -39.000  35.218  24.830 0.4000000060
117186  -52.546  12.811  33.733 0.2000000030
117303  -51.621  23.284  28.945 0.6999999881
117791  -49.320  30.131  24.905 0.6999999881
118135  -44.863  42.537  20.955 0.1000000015
119448  -31.216  37.566  28.932 0.1000000015
119556  -48.453  21.606  32.280 0.6999999881
119604  -43.939  18.098  33.263 0.2000000030
119799  -47.464  22.631  32.719 0.6999999881
119806  -46.125  41.817  15.641 0.2000000030
119901  -38.486  35.806  27.062 0.4000000060
121076  -41.533  35.176  14.178 0.2000000030
121159  -34.852  39.250  31.631 0.1000000015
121620  -47.213  28.254  33.691 0.6999999881
122030  -53.674  20.384  30.464 0.8000000119
122057  -48.445  24.047  30.062 0.6000000238
122292  -45.487  25.141  23.079 0.4000000060
122486  -35.133  37.468  35.048 0.1000000015
122561  -47.570  30.391  32.480 0.8000000119
122705  -53.224  14.538  29.777 0.1000000015
122820  -43.938  41.751  25.628 0.1000000015
123734  -45.896  35.547  21.980 0.6999999881
123738  -33.826  39.593  38.427 0.1000000015
124059  -51.072  37.317  14.632 0.6999999881
124698  -53.055  22.027  33.969 1.0000000000
124992  -34.246  39.811  29.055 0.1000000015
125078  -44.434  41.048  14.823 0.2000000030
125148  -42.643  45.292  24.687 0.1000000015
125215  -49.144  28.407  32.956 1.0000000000
125442  -37.932  40.524  24.452 0.2000000030
125646  -43.374  24.197  19.253 0.2000000030
125851  -41.531  19.076  22.722 0.2000000030
125860  -49.047  21.697  25.463 0.8000000119
126017  -45.844  30.579  18.587 0.3000000119
126054  -49.063  20.714  27.315 0.8000000119
126070  -40.509  48.817  28.185 0.1000000015
126374  -46.609  25.561  21.495 0.5000000000
126609  -39.949  28.146  30.709 0.2000000030
126653  -48.415  38.367  14.216 0.4000000060
126722  -49.341  38.530  14.274 0.4000000060
127251  -42.603  17.428  33.818 0.1000000015
127357  -41.635  39.220  15.378 0.2000000030
127612  -40.211  36.891  13.924 0.2000000030
128005  -41.987  24.988  33.012 0.2000000030
128262  -48.408  32.307  21.405 0.4000000060
128529  -49.654  39.228  14.570 0.5000000000
128545  -46.990  26.954  33.439 0.6999999881
129304  -47.099  27.649  29.850 0.5000000000
129527  -45.743  38.167  14.504 0.3000000119
129696  -48.364  36.039  23.235 0.6999999881
129880  -46.659  42.722  23.166 0.1000000015
130064  -49.559  37.184  14.227 0.4000000060
130068  -41.270  36.791  21.478 0.5000000000
130724  -37.323  41.612  28.908 0.2000000030
130733  -46.689  25.613  33.913 0.6999999881
131008  -46.602  42.511  19.309 0.2000000030
131099  -48.242  23.978  26.104 0.6000000238
131201  -48.819  24.876  24.529 0.6000000238
131215  -49.162  32.347  19.524 0.5000000000
131324  -44.243  21.894  31.657 0.3000000119
131561  -53.884  25.464  31.390 0.8999999762
131837  -53.027  32.352  17.774 0.5000000000
131913  -36.473  36.605  24.676 0.3000000119
131963  -31.847  30.610  31.418 0.1000000015
132161  -42.047  30.719  24.554 0.3000000119
132682  -42.758  42.600  16.586 0.1000000015
133731  -42.704  20.137  23.917 0.4000000060
133750  -34.623  34.552  27.067 0.2000000030
133920  -48.080  26.930  33.706 1.0000000000
134071  -44.586  35.560  21.304 0.6000000238
134074  -54.747  21.808  28.318 0.8000000119
134143  -44.222  14.563  31.642 0.5000000000
134373  -36.379  36.429  25.426 0.3000000119
134884  -45.431  42.535  17.812 0.1000000015
134935  -47.764  24.501  21.544 0.6000000238
134961  -45.361  32.067  33.371 0.5000000000
135122  -45.882  41.873  24.534 0.1000000015
135123  -41.615  18.228  24.643 0.3000000119
135226  -49.472  32.115  26.829 1.0000000000
135480  -37.414  41.802  26.704 0.2000000030
135646  -40.333  40.832  20.757 0.1000000015
135832  -31.448  37.153  26.062 0.1000000015
136263  -41.915  16.460  24.336 0.2000000030
136830  -51.636  33.142  14.826 0.4000000060
137046  -48.611  9.108  36.750 0.1000000015
137114  -48.060  32.678  26.834 0.8999999762
137210  -50.542  24.944  31.646 0.6999999881
137346  -46.052  42.658  19.193 0.2000000030
137449  -44.458  21.176  23.898 0.3000000119
137475  -51.993  27.111  32.676 1.0000000000
137486  -51.662  30.341  24.745 0.8000000119
137694  -36.679  26.726  30.810 0.1000000015
137760  -51.950  35.506  16.642 0.6999999881
137951  -45.351  35.947  26.458 0.5000000000
138113  -46.857  42.372  22.113 0.1000000015
138208  -44.574  33.438  33.648 0.6000000238
138329  -34.792  38.172  37.182 0.1000000015
138377  -39.544  35.116  26.196 0.4000000060
138543  -48.547  28.499  15.030 0.3000000119
139074  -51.421  29.531  14.620 0.3000000119
139121  -49.418  32.902  15.814 0.3000000119
139137  -45.963  39.542  14.454 0.3000000119
139160  -46.667  24.860  23.910 0.5000000000
139442  -43.496  41.952  18.661 0.1000000015
139473  -41.129  36.250  15.585 0.2000000030
139476  -48.761  19.000  30.241 0.8000000119
139504  -40.725  41.046  21.375 0.1000000015
139587  -53.374  27.051  32.074 1.0000000000
139650  -52.909  23.360  25.393 0.8000000119
139667  -43.253  19.085  26.062 0.6000000238
139816  -39.740  24.528  26.493 0.1000000015
140205  -47.666  20.368  27.283 0.8000000119
140565  -38.844  36.461  23.259 0.4000000060
140590  -45.371  35.762  20.552 0.6999999881
140726  -37.579  41.086  25.160 0.2000000030
140856  -44.534  24.361  19.842 0.2000000030
140932  -51.228  37.277  15.321 0.6999999881
141156  -44.656  32.052  23.008 0.3000000119
