#!ascii label  , from subject sub-v1s12x0050109_ses-1 vox2ras=TkReg
4891
48435  -14.586  -23.599  62.091 0.0000000000
61299  -29.839  -10.396  38.861 0.0000000000
51147  -24.716  -19.570  55.140 0.0000000000
61166  -20.278  -10.643  50.265 0.0000000000
77801  -57.609  6.224  28.156 0.0000000000
54994  -8.837  -16.529  49.625 0.0000000000
139171  -13.437  -3.168  57.538 0.0000000000
56166  -39.518  -15.572  45.552 0.0000000000
137188  -36.625  -8.637  45.724 0.0000000000
53063  -34.762  -18.152  47.330 0.0000000000
46657  -33.742  -25.385  53.093 0.0000000000
51226  -27.674  -20.509  43.860 0.0000000000
69912  -54.469  -0.763  29.998 0.0000000000
52047  -13.018  -19.771  56.104 0.0000000000
54952  -16.100  -15.732  56.488 0.0000000000
62047  -20.232  -9.135  60.376 0.0000000000
57987  -13.522  -13.838  61.438 0.0000000000
60047  -7.493  -11.170  61.304 0.0000000000
69805  -52.390  -1.507  40.539 0.0000000000
130318  -45.456  -6.035  44.692 0.0000000000
47543  -18.281  -25.035  56.353 0.0000000000
132707  -10.881  -27.320  55.443 0.0000000000
124087  -18.038  -25.612  50.027 0.0000000000
60261  -21.153  -11.475  41.221 0.0000000000
53022  -18.539  -18.602  48.972 0.0000000000
136208  -5.059  -13.667  44.608 0.0000000000
72537  -7.927  1.813  56.728 0.0000000000
64921  -10.561  -7.214  55.745 0.0000000000
124319  -9.859  -2.621  47.625 0.0000000000
52134  -42.656  -20.046  45.551 0.0000000000
54992  -39.090  -16.820  50.575 0.0000000000
50279  -39.781  -21.832  49.484 0.0000000000
44853  -38.620  -27.800  49.443 0.0000000000
49407  -36.236  -23.376  48.955 0.0000000000
68905  -55.229  -2.626  34.529 0.0000000000
66044  -55.561  -6.177  34.762 0.0000000000
49305  -13.670  -22.304  58.837 0.0000000000
124150  -9.596  -22.840  54.968 0.0000000000
47530  -9.612  -24.584  59.099 0.0000000000
51127  -15.780  -20.302  60.236 0.0000000000
56079  -17.355  -15.938  61.300 0.0000000000
52028  -13.971  -19.523  62.872 0.0000000000
53901  -11.175  -17.860  60.595 0.0000000000
62216  -47.909  -9.121  43.080 0.0000000000
61229  -44.337  -10.535  46.337 0.0000000000
62227  -33.000  -9.315  42.408 0.0000000000
117699  -37.216  -6.629  39.747 0.0000000000
65980  -31.799  -5.457  41.940 0.0000000000
118352  -21.888  -21.780  56.063 0.0000000000
44795  -20.495  -27.319  54.750 0.0000000000
48503  -23.249  -24.027  51.889 0.0000000000
53046  -26.862  -18.862  49.316 0.0000000000
54028  -23.315  -18.092  46.442 0.0000000000
52981  -22.209  -18.822  51.953 0.0000000000
50233  -19.149  -21.361  52.589 0.0000000000
79717  -59.432  8.545  25.426 0.0000000000
55005  -7.114  -16.132  47.760 0.0000000000
54090  -5.851  -17.683  40.957 0.0000000000
64891  -16.529  -6.933  58.771 0.0000000000
67702  -19.363  -3.791  63.984 0.0000000000
135171  -16.126  -0.407  61.897 0.0000000000
73474  -13.967  2.988  58.955 0.0000000000
70577  -10.754  -0.728  58.386 0.0000000000
56099  -6.041  -16.743  56.194 0.0000000000
62062  -7.964  -9.463  58.493 0.0000000000
58037  -8.287  -13.583  52.990 0.0000000000
61164  -7.494  -10.267  50.365 0.0000000000
130151  -8.821  1.850  49.851 0.0000000000
62163  -40.485  -9.418  47.709 0.0000000000
60129  -37.190  -11.445  50.599 0.0000000000
58062  -33.963  -13.501  47.914 0.0000000000
57180  -31.517  -14.844  42.809 0.0000000000
129309  -28.915  -21.117  52.931 0.0000000000
123277  -27.056  -22.879  51.409 0.0000000000
54119  -29.325  -17.183  39.459 0.0000000000
51229  -32.905  -20.550  43.920 0.0000000000
50288  -31.261  -22.236  49.190 0.0000000000
73791  -55.861  3.225  29.200 0.0000000000
77733  -54.884  7.192  33.550 0.0000000000
72760  -54.835  1.799  34.424 0.0000000000
136958  -12.470  -17.476  52.957 0.0000000000
50324  -12.618  -20.942  45.638 0.0000000000
50259  -10.621  -22.337  50.060 0.0000000000
57104  -19.329  -13.764  52.877 0.0000000000
62088  -20.354  -9.907  55.381 0.0000000000
57076  -21.678  -14.415  58.415 0.0000000000
58986  -17.690  -12.311  57.506 0.0000000000
139432  -12.075  -9.098  57.900 0.0000000000
65820  -9.448  -6.184  61.012 0.0000000000
58957  -9.989  -12.037  61.221 0.0000000000
53910  -8.734  -17.103  58.922 0.0000000000
63192  -53.358  -8.513  38.573 0.0000000000
64156  -49.898  -7.957  40.322 0.0000000000
67900  -47.984  -3.512  42.942 0.0000000000
70704  -44.853  -0.882  44.286 0.0000000000
64117  -41.428  -7.287  43.878 0.0000000000
139685  -17.157  -25.226  60.348 0.0000000000
43723  -13.196  -27.916  60.292 0.0000000000
42697  -17.150  -28.875  58.232 0.0000000000
45703  -14.335  -26.436  53.042 0.0000000000
60182  -19.445  -11.381  45.566 0.0000000000
127737  -24.198  -16.865  40.851 0.0000000000
117425  -19.857  -16.063  44.113 0.0000000000
57130  -17.980  -14.215  48.765 0.0000000000
121630  -16.359  -17.772  52.578 0.0000000000
51139  -16.190  -20.573  55.786 0.0000000000
60242  -7.541  -12.049  43.325 0.0000000000
74539  -7.499  3.666  53.303 0.0000000000
66762  -5.605  -4.444  62.239 0.0000000000
133472  -5.536  -2.032  56.991 0.0000000000
129491  -7.861  -0.319  53.480 0.0000000000
66859  -11.940  -4.841  51.345 0.0000000000
63077  -6.260  -8.357  48.572 0.0000000000
127145  -42.013  -20.939  48.286 0.0000000000
48551  -41.781  -23.382  48.263 0.0000000000
44863  -40.813  -26.789  47.641 0.0000000000
47601  -39.973  -24.545  49.172 0.0000000000
65134  -55.201  -5.957  32.794 0.0000000000
65128  -54.874  -7.090  33.613 0.0000000000
127258  -13.827  -23.084  60.208 0.0000000000
48447  -12.134  -23.994  58.077 0.0000000000
118258  -13.257  -24.595  60.119 0.0000000000
49298  -15.931  -21.901  62.328 0.0000000000
52033  -15.262  -20.165  62.268 0.0000000000
50173  -14.163  -21.021  62.272 0.0000000000
51122  -13.235  -20.912  61.087 0.0000000000
58088  -44.232  -12.848  43.897 0.0000000000
59078  -41.747  -12.351  44.849 0.0000000000
61290  -30.941  -9.761  41.030 0.0000000000
126600  -32.687  -7.505  39.784 0.0000000000
64149  -30.200  -7.162  39.827 0.0000000000
50193  -23.128  -20.922  56.126 0.0000000000
129452  -23.254  -23.407  55.338 0.0000000000
50220  -24.203  -21.623  53.643 0.0000000000
60320  -28.038  -11.971  37.727 0.0000000000
52985  -25.697  -18.370  53.130 0.0000000000
53010  -24.291  -18.370  51.159 0.0000000000
52972  -23.275  -18.700  53.337 0.0000000000
51158  -21.784  -20.386  54.019 0.0000000000
78785  -58.802  7.498  26.381 0.0000000000
53990  -7.608  -16.480  48.964 0.0000000000
119424  -7.946  -16.581  44.954 0.0000000000
54039  -10.651  -17.137  45.602 0.0000000000
63068  -19.821  -8.748  49.619 0.0000000000
63053  -18.338  -8.187  52.032 0.0000000000
66797  -15.416  -4.310  57.216 0.0000000000
124012  -16.504  -3.072  59.915 0.0000000000
70591  -16.117  -1.143  57.983 0.0000000000
126854  -15.575  1.770  60.029 0.0000000000
70588  -13.966  0.111  57.304 0.0000000000
71565  -12.737  0.984  57.110 0.0000000000
69643  -11.615  -1.878  58.933 0.0000000000
53945  -7.277  -17.038  52.965 0.0000000000
134374  -6.534  -15.776  54.008 0.0000000000
54972  -6.660  -16.802  51.999 0.0000000000
123529  -7.120  -15.519  50.301 0.0000000000
59038  -37.015  -12.403  48.612 0.0000000000
124508  -38.693  -14.461  48.711 0.0000000000
53032  -36.141  -17.865  49.954 0.0000000000
56130  -35.879  -15.327  50.324 0.0000000000
55008  -33.695  -15.682  47.856 0.0000000000
58080  -32.434  -13.276  45.451 0.0000000000
55024  -32.535  -16.680  45.698 0.0000000000
48498  -30.529  -22.813  52.723 0.0000000000
46642  -29.419  -24.654  52.571 0.0000000000
54071  -31.519  -17.601  43.395 0.0000000000
52132  -34.799  -19.330  45.466 0.0000000000
48514  -35.829  -23.474  51.335 0.0000000000
49405  -33.583  -23.128  49.396 0.0000000000
50241  -32.707  -22.198  51.245 0.0000000000
50264  -29.914  -21.609  50.495 0.0000000000
71840  -55.483  1.137  29.588 0.0000000000
73752  -56.262  2.434  32.493 0.0000000000
71815  -56.319  0.504  32.278 0.0000000000
67991  -52.317  -3.387  33.306 0.0000000000
68930  -53.018  -1.868  33.092 0.0000000000
73800  -54.328  2.582  28.005 0.0000000000
52964  -12.967  -18.969  54.336 0.0000000000
124079  -13.629  -20.413  50.778 0.0000000000
50214  -13.551  -21.202  53.181 0.0000000000
49317  -7.472  -23.431  55.048 0.0000000000
50209  -8.026  -23.141  53.010 0.0000000000
56114  -18.165  -14.596  55.043 0.0000000000
57088  -20.843  -14.089  55.623 0.0000000000
119581  -18.629  -14.892  57.587 0.0000000000
57062  -15.668  -13.917  62.272 0.0000000000
58004  -17.596  -13.495  60.053 0.0000000000
58010  -14.975  -13.332  59.465 0.0000000000
60082  -14.619  -11.149  56.739 0.0000000000
60059  -12.864  -12.080  59.476 0.0000000000
138758  -11.111  -11.350  59.993 0.0000000000
58959  -12.218  -12.881  61.060 0.0000000000
122970  -12.278  -18.726  58.166 0.0000000000
53905  -9.557  -16.995  59.577 0.0000000000
52953  -12.091  -17.620  57.136 0.0000000000
54956  -10.302  -16.568  55.572 0.0000000000
118742  -50.509  -8.819  38.326 0.0000000000
62251  -48.026  -8.996  39.589 0.0000000000
64096  -47.021  -7.203  45.756 0.0000000000
65040  -48.232  -6.667  43.360 0.0000000000
66926  -46.542  -4.105  45.682 0.0000000000
69765  -46.815  -1.730  44.762 0.0000000000
122348  -45.527  -2.926  44.454 0.0000000000
63098  -38.919  -7.898  47.758 0.0000000000
128986  -40.586  -7.469  46.375 0.0000000000
64101  -38.812  -6.892  44.534 0.0000000000
47536  -17.300  -24.879  58.579 0.0000000000
44744  -17.409  -27.368  59.637 0.0000000000
45685  -19.327  -27.289  58.020 0.0000000000
45722  -19.924  -26.441  52.381 0.0000000000
44793  -17.797  -27.523  54.290 0.0000000000
45735  -16.487  -26.211  51.332 0.0000000000
121605  -26.124  -25.914  49.757 0.0000000000
49415  -24.981  -22.958  48.321 0.0000000000
61258  -19.654  -10.856  43.083 0.0000000000
52169  -28.669  -19.868  41.303 0.0000000000
54116  -26.852  -17.834  39.290 0.0000000000
53108  -26.176  -18.808  42.446 0.0000000000
53057  -21.569  -18.400  47.833 0.0000000000
54056  -21.598  -17.359  44.887 0.0000000000
121393  -19.739  -17.629  46.212 0.0000000000
56162  -18.411  -15.466  45.758 0.0000000000
54009  -17.570  -16.766  47.723 0.0000000000
56134  -16.766  -15.848  50.108 0.0000000000
53002  -17.014  -18.452  50.401 0.0000000000
49342  -18.543  -22.982  54.510 0.0000000000
50199  -16.566  -21.159  54.373 0.0000000000
48468  -16.724  -23.033  56.227 0.0000000000
125098  -16.347  -23.070  58.183 0.0000000000
66011  -52.883  -5.146  39.600 0.0000000000
66029  -52.645  -5.945  38.306 0.0000000000
60239  -6.639  -12.147  43.428 0.0000000000
57195  -6.293  -14.307  40.825 0.0000000000
44762  -12.488  -28.217  57.966 0.0000000000
44740  -9.946  -26.816  59.294 0.0000000000
133256  -21.063  -9.100  58.350 0.0000000000
64916  -18.852  -6.891  57.240 0.0000000000
64882  -20.253  -6.736  59.470 0.0000000000
70547  -18.892  0.219  64.477 0.0000000000
73506  -10.210  2.201  56.376 0.0000000000
133465  -6.749  3.176  55.109 0.0000000000
62038  -8.199  -9.075  62.403 0.0000000000
66756  -7.805  -5.004  63.037 0.0000000000
62966  -6.917  -7.763  61.487 0.0000000000
63978  -8.998  -7.652  57.347 0.0000000000
65844  -7.443  -5.388  58.395 0.0000000000
66806  -8.290  -4.023  57.082 0.0000000000
69665  -6.221  -1.247  55.622 0.0000000000
67758  -10.020  -3.278  55.232 0.0000000000
69684  -11.245  -1.997  53.037 0.0000000000
64936  -11.525  -6.235  53.698 0.0000000000
59039  -5.877  -11.828  47.851 0.0000000000
63067  -6.154  -8.907  49.794 0.0000000000
61208  -6.308  -11.162  46.248 0.0000000000
61210  -7.470  -10.721  46.534 0.0000000000
65942  -9.013  -5.141  47.450 0.0000000000
137045  -41.780  -17.510  46.118 0.0000000000
56143  -40.527  -15.479  48.415 0.0000000000
122217  -41.679  -17.710  48.221 0.0000000000
52103  -39.205  -19.310  50.194 0.0000000000
51189  -37.009  -20.171  49.200 0.0000000000
45743  -36.278  -26.490  51.364 0.0000000000
50317  -37.077  -21.337  46.329 0.0000000000
117067  -38.491  -23.277  48.922 0.0000000000
47591  -37.782  -24.788  50.572 0.0000000000
69882  -56.223  -1.414  32.817 0.0000000000
121405  -55.505  -3.904  32.623 0.0000000000
67030  -55.593  -4.357  34.458 0.0000000000
133476  -52.002  -5.308  34.558 0.0000000000
51134  -13.531  -20.978  57.602 0.0000000000
49339  -12.585  -22.922  54.321 0.0000000000
48467  -12.333  -23.497  56.437 0.0000000000
48456  -9.470  -23.428  56.999 0.0000000000
48453  -7.255  -24.007  56.964 0.0000000000
52952  -15.504  -17.995  58.691 0.0000000000
56089  -17.138  -15.959  58.906 0.0000000000
53902  -15.552  -17.471  60.992 0.0000000000
53896  -14.725  -17.580  62.493 0.0000000000
56061  -13.519  -16.109  63.277 0.0000000000
56063  -11.943  -15.700  62.360 0.0000000000
52937  -12.211  -18.349  62.141 0.0000000000
52039  -12.551  -19.525  59.897 0.0000000000
60275  -46.495  -10.484  41.227 0.0000000000
59124  -45.888  -11.968  42.453 0.0000000000
61244  -46.646  -10.744  44.947 0.0000000000
63134  -45.267  -8.978  45.404 0.0000000000
62204  -34.415  -9.676  44.417 0.0000000000
64112  -36.606  -8.036  43.110 0.0000000000
63177  -34.871  -8.243  41.373 0.0000000000
48481  -20.264  -23.531  55.715 0.0000000000
46627  -20.450  -26.180  57.366 0.0000000000
46635  -21.721  -24.847  56.364 0.0000000000
45708  -22.004  -26.025  53.415 0.0000000000
46675  -21.294  -25.357  50.917 0.0000000000
59151  -22.914  -12.368  39.563 0.0000000000
125448  -27.363  -19.677  47.446 0.0000000000
125198  -25.901  -18.826  44.935 0.0000000000
117482  -24.987  -18.478  47.848 0.0000000000
53042  -23.417  -18.460  48.993 0.0000000000
53006  -20.939  -19.143  49.943 0.0000000000
52081  -18.458  -20.000  51.106 0.0000000000
51171  -20.715  -20.524  52.569 0.0000000000
50202  -20.427  -21.964  54.132 0.0000000000
73656  -51.643  2.350  41.701 0.0000000000
57144  -6.111  -15.015  46.274 0.0000000000
56184  -5.239  -15.729  42.357 0.0000000000
55029  -6.317  -16.367  44.248 0.0000000000
53119  -7.510  -18.214  41.359 0.0000000000
62979  -17.961  -8.292  59.988 0.0000000000
64870  -19.697  -6.683  62.167 0.0000000000
66766  -17.245  -5.395  62.301 0.0000000000
123721  -16.598  -2.157  63.321 0.0000000000
72527  -10.684  1.290  57.141 0.0000000000
71551  -8.938  0.281  58.033 0.0000000000
58008  -7.356  -13.360  59.027 0.0000000000
61102  -7.414  -10.022  59.529 0.0000000000
58981  -7.660  -12.529  57.364 0.0000000000
58991  -8.614  -12.186  56.256 0.0000000000
61137  -10.156  -10.752  54.464 0.0000000000
63031  -10.175  -9.261  52.959 0.0000000000
121958  -8.812  -12.373  51.017 0.0000000000
58053  -7.213  -13.776  49.008 0.0000000000
71645  -12.013  0.254  49.274 0.0000000000
60171  -40.344  -11.111  46.193 0.0000000000
60158  -37.945  -10.726  47.560 0.0000000000
61183  -37.993  -10.319  49.572 0.0000000000
62148  -36.613  -8.910  49.075 0.0000000000
57118  -38.055  -14.718  50.679 0.0000000000
59027  -35.257  -11.996  49.897 0.0000000000
61203  -34.557  -10.802  47.625 0.0000000000
60186  -32.969  -10.934  45.655 0.0000000000
141007  -31.330  -11.224  42.938 0.0000000000
119316  -31.184  -13.164  40.641 0.0000000000
52060  -27.213  -19.243  54.136 0.0000000000
50236  -25.750  -20.864  52.872 0.0000000000
49358  -28.053  -22.080  52.739 0.0000000000
46655  -28.128  -25.477  52.161 0.0000000000
58147  -29.962  -13.889  38.550 0.0000000000
56193  -30.974  -15.743  41.332 0.0000000000
138802  -30.630  -18.988  41.602 0.0000000000
50351  -29.971  -21.443  43.716 0.0000000000
49441  -35.172  -22.522  46.094 0.0000000000
49437  -31.737  -22.485  46.551 0.0000000000
50312  -29.221  -21.341  46.617 0.0000000000
52108  -28.956  -20.402  49.172 0.0000000000
52085  -28.480  -19.638  52.097 0.0000000000
75749  -56.350  4.421  29.158 0.0000000000
76754  -57.261  6.619  31.343 0.0000000000
75722  -56.803  4.893  31.828 0.0000000000
75693  -54.659  4.716  34.623 0.0000000000
70798  -54.854  -0.502  34.342 0.0000000000
71813  -52.471  0.418  32.641 0.0000000000
74818  -54.935  4.096  27.276 0.0000000000
54981  -10.548  -16.536  51.451 0.0000000000
133726  -12.224  -18.095  47.558 0.0000000000
53020  -13.455  -18.826  49.100 0.0000000000
50285  -12.406  -21.657  48.259 0.0000000000
137732  -9.787  -22.654  52.625 0.0000000000
59005  -20.263  -12.506  51.648 0.0000000000
61145  -20.202  -10.679  53.004 0.0000000000
58999  -21.036  -12.493  54.266 0.0000000000
60087  -21.975  -11.868  56.404 0.0000000000
60065  -21.338  -11.145  58.634 0.0000000000
56086  -19.745  -15.202  59.912 0.0000000000
58015  -20.037  -13.235  59.165 0.0000000000
61106  -19.042  -10.198  58.597 0.0000000000
62065  -17.095  -9.150  57.376 0.0000000000
63982  -14.867  -7.931  56.587 0.0000000000
64890  -12.472  -6.344  57.578 0.0000000000
66782  -11.165  -4.738  59.037 0.0000000000
62978  -10.672  -8.186  59.458 0.0000000000
62043  -9.401  -9.626  61.442 0.0000000000
58956  -8.299  -12.132  61.573 0.0000000000
56069  -10.572  -15.580  61.370 0.0000000000
121833  -8.657  -15.544  60.627 0.0000000000
57071  -7.120  -15.584  60.183 0.0000000000
53914  -6.749  -17.290  57.579 0.0000000000
54961  -8.221  -16.799  54.369 0.0000000000
62324  -53.411  -9.261  35.440 0.0000000000
62294  -51.131  -9.546  36.219 0.0000000000
64167  -51.757  -7.911  39.742 0.0000000000
65996  -51.016  -5.308  40.429 0.0000000000
63169  -48.453  -8.425  41.925 0.0000000000
65994  -48.694  -5.367  41.320 0.0000000000
69802  -49.891  -1.821  41.526 0.0000000000
71702  -48.532  0.051  43.394 0.0000000000
61227  -42.272  -10.427  46.968 0.0000000000
63132  -42.607  -8.199  45.510 0.0000000000
64134  -43.324  -7.302  42.713 0.0000000000
136787  -38.681  -6.758  41.758 0.0000000000
65082  -41.583  -6.382  40.842 0.0000000000
67912  -44.298  -4.028  41.640 0.0000000000
47508  -16.286  -24.455  62.243 0.0000000000
45663  -13.999  -26.447  61.479 0.0000000000
44731  -15.812  -27.189  61.227 0.0000000000
43740  -14.851  -28.978  59.460 0.0000000000
43754  -14.205  -28.396  56.861 0.0000000000
125053  -19.313  -28.271  56.696 0.0000000000
44783  -15.865  -27.937  55.276 0.0000000000
138588  -12.497  -27.035  54.781 0.0000000000
49381  -24.306  -22.217  50.852 0.0000000000
133551  -22.706  -23.526  49.380 0.0000000000
47614  -19.350  -24.484  47.391 0.0000000000
60150  -20.106  -11.002  47.637 0.0000000000
56250  -27.448  -15.299  37.434 0.0000000000
56236  -24.707  -15.505  38.074 0.0000000000
56204  -22.198  -14.754  40.210 0.0000000000
123769  -24.081  -17.792  43.507 0.0000000000
137215  -21.993  -15.750  42.299 0.0000000000
57178  -20.333  -14.222  42.536 0.0000000000
58083  -18.599  -13.573  44.507 0.0000000000
58074  -18.612  -13.129  46.599 0.0000000000
58055  -19.149  -12.913  49.652 0.0000000000
57115  -18.038  -13.935  50.553 0.0000000000
56119  -16.565  -15.349  52.501 0.0000000000
54965  -15.845  -16.228  54.533 0.0000000000
52071  -17.117  -19.824  52.094 0.0000000000
127089  -15.889  -18.632  54.541 0.0000000000
130773  -15.482  -18.394  56.890 0.0000000000
52042  -15.595  -20.125  58.204 0.0000000000
49304  -16.632  -22.908  60.360 0.0000000000
64184  -54.809  -8.358  36.292 0.0000000000
65113  -51.494  -6.141  36.831 0.0000000000
46607  -10.614  -25.958  60.527 0.0000000000
140000  -8.156  -25.136  58.681 0.0000000000
63997  -18.176  -7.731  54.291 0.0000000000
67719  -20.552  -3.754  60.859 0.0000000000
127827  -9.897  -2.908  60.809 0.0000000000
69626  -8.044  -1.259  60.971 0.0000000000
70564  -5.718  0.267  60.341 0.0000000000
140817  -6.431  -6.126  60.107 0.0000000000
67720  -5.071  -2.941  58.913 0.0000000000
71559  -4.417  0.646  58.133 0.0000000000
138971  -4.506  1.278  55.786 0.0000000000
72561  -4.676  1.616  53.791 0.0000000000
71620  -8.378  0.768  51.743 0.0000000000
70646  -11.742  -0.824  51.426 0.0000000000
67820  -11.243  -3.531  49.665 0.0000000000
64026  -9.390  -7.440  51.701 0.0000000000
65907  -8.208  -5.544  50.377 0.0000000000
66888  -8.404  -4.822  48.705 0.0000000000
129334  -8.758  -7.970  48.040 0.0000000000
49435  -42.691  -22.853  47.150 0.0000000000
129127  -41.385  -25.018  48.285 0.0000000000
65132  -53.146  -6.709  32.165 0.0000000000
64202  -52.504  -7.410  32.452 0.0000000000
134806  -14.174  -23.077  61.308 0.0000000000
48437  -13.801  -23.909  60.410 0.0000000000
47515  -14.140  -24.197  61.355 0.0000000000
48433  -15.867  -23.168  62.464 0.0000000000
49297  -15.251  -21.725  62.562 0.0000000000
49300  -14.616  -22.555  62.200 0.0000000000
49299  -14.173  -21.984  61.754 0.0000000000
62242  -30.453  -9.570  40.090 0.0000000000
63182  -30.403  -8.619  39.750 0.0000000000
63189  -29.666  -8.383  39.500 0.0000000000
64162  -28.807  -7.582  40.071 0.0000000000
62249  -28.568  -9.228  39.256 0.0000000000
50195  -24.003  -20.019  55.633 0.0000000000
140869  -23.929  -21.129  55.690 0.0000000000
50205  -24.342  -20.481  55.421 0.0000000000
61309  -29.315  -10.778  38.509 0.0000000000
131459  -25.458  -18.723  54.428 0.0000000000
52984  -24.625  -18.435  53.137 0.0000000000
52965  -24.394  -18.851  54.583 0.0000000000
52051  -23.482  -19.594  55.342 0.0000000000
77802  -58.173  6.764  27.665 0.0000000000
79701  -58.903  8.385  28.202 0.0000000000
77786  -58.094  7.481  29.445 0.0000000000
131900  -57.829  6.429  26.568 0.0000000000
77819  -58.295  6.861  25.926 0.0000000000
53978  -8.150  -16.625  49.209 0.0000000000
54006  -8.873  -16.671  47.236 0.0000000000
123982  -9.942  -16.677  48.107 0.0000000000
62136  -20.153  -9.732  50.000 0.0000000000
63061  -19.078  -8.132  50.333 0.0000000000
62128  -19.860  -10.107  50.892 0.0000000000
67740  -14.887  -3.552  57.164 0.0000000000
68700  -15.974  -2.777  57.611 0.0000000000
68699  -14.663  -2.231  57.318 0.0000000000
70590  -15.594  -0.695  57.631 0.0000000000
69651  -13.943  -1.646  57.424 0.0000000000
139704  -13.340  -1.139  57.486 0.0000000000
140451  -12.580  -2.299  57.965 0.0000000000
54979  -8.264  -16.897  51.453 0.0000000000
136686  -6.648  -16.782  52.322 0.0000000000
53964  -7.136  -16.917  50.760 0.0000000000
53976  -7.248  -16.754  50.504 0.0000000000
56165  -38.701  -15.297  45.159 0.0000000000
57141  -37.451  -14.562  47.384 0.0000000000
137143  -39.218  -14.825  47.187 0.0000000000
53999  -35.160  -17.643  49.014 0.0000000000
53985  -35.046  -16.736  49.265 0.0000000000
54015  -33.808  -16.982  47.491 0.0000000000
55014  -32.779  -15.860  46.516 0.0000000000
54031  -33.435  -17.233  46.563 0.0000000000
47569  -31.961  -23.706  53.696 0.0000000000
129873  -30.528  -25.556  53.411 0.0000000000
45714  -33.029  -26.238  53.264 0.0000000000
53083  -33.245  -18.009  45.418 0.0000000000
52125  -34.625  -18.438  46.281 0.0000000000
47576  -34.840  -24.083  52.280 0.0000000000
49386  -34.353  -22.464  51.161 0.0000000000
48506  -33.662  -23.022  52.793 0.0000000000
49371  -31.958  -22.151  51.518 0.0000000000
71841  -55.423  0.314  30.220 0.0000000000
71831  -55.990  0.588  31.081 0.0000000000
70835  -56.099  -0.074  31.835 0.0000000000
69922  -54.120  -0.215  29.163 0.0000000000
52961  -12.941  -19.211  55.068 0.0000000000
132855  -13.618  -20.300  53.441 0.0000000000
51142  -13.564  -20.748  54.605 0.0000000000
48485  -6.198  -24.825  53.911 0.0000000000
48494  -6.737  -24.473  53.346 0.0000000000
56107  -16.613  -15.251  55.701 0.0000000000
56103  -18.819  -14.701  56.648 0.0000000000
56102  -17.843  -14.928  57.072 0.0000000000
57988  -14.321  -13.784  61.811 0.0000000000
57995  -15.504  -13.337  61.463 0.0000000000
58965  -13.978  -13.292  60.680 0.0000000000
120825  -14.162  -12.808  59.187 0.0000000000
58964  -13.108  -12.960  60.560 0.0000000000
60055  -12.360  -12.320  60.455 0.0000000000
124403  -12.845  -13.644  61.194 0.0000000000
125064  -12.627  -19.354  57.498 0.0000000000
52950  -11.916  -17.932  57.991 0.0000000000
119798  -12.645  -19.178  56.661 0.0000000000
53933  -12.451  -17.893  55.568 0.0000000000
61316  -47.097  -9.247  39.330 0.0000000000
65023  -46.065  -6.236  45.995 0.0000000000
65960  -47.015  -5.717  45.936 0.0000000000
136133  -45.838  -5.085  45.891 0.0000000000
66915  -46.150  -4.131  45.769 0.0000000000
66935  -45.472  -4.437  44.557 0.0000000000
141040  -37.364  -8.048  47.305 0.0000000000
64091  -38.868  -7.405  46.163 0.0000000000
63130  -37.389  -8.137  45.677 0.0000000000
46630  -18.062  -25.338  57.141 0.0000000000
46620  -18.328  -25.958  58.457 0.0000000000
46625  -18.694  -25.721  57.736 0.0000000000
46672  -18.565  -25.917  50.737 0.0000000000
45737  -18.274  -26.340  51.550 0.0000000000
45751  -16.980  -26.055  50.831 0.0000000000
128784  -20.195  -10.169  42.784 0.0000000000
60260  -20.421  -11.525  41.800 0.0000000000
51236  -27.835  -20.448  42.923 0.0000000000
52167  -26.871  -19.278  41.973 0.0000000000
52143  -27.134  -19.977  43.344 0.0000000000
53038  -19.995  -18.630  48.244 0.0000000000
122629  -20.076  -18.038  46.792 0.0000000000
53055  -19.504  -18.266  47.500 0.0000000000
54010  -18.187  -17.285  47.204 0.0000000000
53037  -17.996  -18.085  48.408 0.0000000000
53984  -17.308  -17.852  49.092 0.0000000000
53021  -17.826  -18.385  49.114 0.0000000000
48479  -17.804  -24.034  55.429 0.0000000000
49326  -17.208  -23.221  55.556 0.0000000000
47550  -17.762  -24.647  55.931 0.0000000000
48461  -16.905  -24.206  57.223 0.0000000000
67929  -52.834  -2.803  39.809 0.0000000000
67932  -53.165  -2.742  39.196 0.0000000000
59085  -6.040  -12.638  43.719 0.0000000000
59125  -6.807  -13.521  42.705 0.0000000000
58097  -6.118  -13.957  43.049 0.0000000000
44771  -11.730  -27.582  56.879 0.0000000000
62983  -21.101  -9.192  59.361 0.0000000000
63962  -20.588  -7.774  59.257 0.0000000000
63953  -20.597  -7.630  60.167 0.0000000000
72538  -8.852  1.739  56.530 0.0000000000
74499  -10.892  2.886  56.236 0.0000000000
73505  -9.284  2.132  55.912 0.0000000000
61088  -7.738  -9.823  62.224 0.0000000000
62965  -7.732  -8.477  62.115 0.0000000000
61090  -7.465  -9.604  61.594 0.0000000000
63979  -9.821  -7.535  56.576 0.0000000000
64908  -8.768  -6.134  57.378 0.0000000000
65866  -9.719  -5.270  56.351 0.0000000000
66817  -8.888  -3.720  56.346 0.0000000000
66819  -10.471  -5.151  55.571 0.0000000000
66820  -11.171  -4.931  54.885 0.0000000000
64928  -11.295  -6.399  54.558 0.0000000000
59054  -5.530  -12.565  46.022 0.0000000000
60148  -5.776  -11.117  47.504 0.0000000000
60176  -5.873  -11.787  45.875 0.0000000000
60198  -6.777  -11.577  44.470 0.0000000000
68800  -10.977  -1.811  46.861 0.0000000000
69739  -9.773  -2.275  45.873 0.0000000000
68799  -9.100  -2.871  46.460 0.0000000000
54034  -42.106  -18.615  46.078 0.0000000000
54017  -42.268  -17.346  47.036 0.0000000000
53065  -42.678  -19.153  46.744 0.0000000000
51201  -41.113  -20.859  49.027 0.0000000000
130759  -41.179  -20.011  48.995 0.0000000000
136522  -39.803  -20.491  49.793 0.0000000000
52102  -38.271  -19.882  49.932 0.0000000000
51191  -38.839  -20.991  49.593 0.0000000000
126068  -37.613  -27.106  50.363 0.0000000000
43814  -36.532  -28.475  50.542 0.0000000000
42775  -37.847  -28.692  49.135 0.0000000000
50290  -38.305  -22.103  48.453 0.0000000000
129550  -38.736  -22.170  48.985 0.0000000000
130263  -39.282  -26.201  49.515 0.0000000000
47599  -38.515  -24.743  50.045 0.0000000000
46679  -38.282  -25.457  50.358 0.0000000000
45744  -37.151  -26.038  50.916 0.0000000000
68020  -55.246  -3.155  32.181 0.0000000000
68019  -54.672  -3.836  31.749 0.0000000000
65130  -56.032  -6.064  34.182 0.0000000000
134808  -56.185  -5.001  33.989 0.0000000000
66050  -55.281  -5.256  34.675 0.0000000000
67028  -53.455  -4.660  34.409 0.0000000000
66049  -54.211  -5.327  34.800 0.0000000000
50183  -13.585  -21.613  58.177 0.0000000000
49314  -13.566  -22.618  57.082 0.0000000000
48459  -13.354  -23.188  57.462 0.0000000000
48446  -10.981  -24.169  58.255 0.0000000000
129878  -11.332  -23.857  57.485 0.0000000000
121677  -8.964  -23.753  57.672 0.0000000000
49307  -8.072  -23.592  57.035 0.0000000000
48444  -8.549  -24.102  58.156 0.0000000000
123287  -15.453  -18.767  59.163 0.0000000000
125629  -15.458  -18.012  59.619 0.0000000000
52949  -15.480  -18.839  60.107 0.0000000000
52029  -14.445  -19.729  62.685 0.0000000000
125436  -14.893  -18.669  62.245 0.0000000000
53895  -14.291  -17.770  63.023 0.0000000000
54922  -13.999  -16.906  63.303 0.0000000000
53892  -13.721  -17.934  63.263 0.0000000000
54920  -12.696  -17.300  63.149 0.0000000000
52933  -13.076  -18.759  63.013 0.0000000000
50179  -13.452  -21.639  60.516 0.0000000000
51125  -13.023  -20.238  60.524 0.0000000000
50181  -13.380  -21.336  59.099 0.0000000000
51130  -13.228  -20.748  58.484 0.0000000000
59064  -44.350  -12.266  45.439 0.0000000000
60215  -45.943  -12.100  44.959 0.0000000000
138064  -45.739  -10.996  45.618 0.0000000000
62193  -45.673  -9.740  45.751 0.0000000000
62192  -44.681  -9.749  45.987 0.0000000000
62213  -33.698  -9.750  43.753 0.0000000000
63158  -34.765  -9.089  42.941 0.0000000000
63167  -34.385  -8.762  42.012 0.0000000000
138833  -31.892  -6.025  40.287 0.0000000000
65074  -33.211  -6.421  39.803 0.0000000000
65990  -32.599  -5.335  41.285 0.0000000000
65034  -31.211  -5.820  43.434 0.0000000000
48482  -21.055  -23.145  56.321 0.0000000000
48471  -21.327  -23.792  56.597 0.0000000000
48472  -21.875  -23.373  56.372 0.0000000000
47564  -23.263  -24.050  53.795 0.0000000000
47563  -22.859  -24.845  54.152 0.0000000000
47571  -22.995  -24.753  52.530 0.0000000000
46663  -21.692  -25.380  51.753 0.0000000000
47579  -21.999  -25.060  50.949 0.0000000000
59166  -24.214  -12.995  38.347 0.0000000000
116908  -27.611  -19.628  48.322 0.0000000000
52122  -26.631  -19.267  47.180 0.0000000000
53045  -26.129  -18.647  48.999 0.0000000000
53009  -23.472  -18.420  50.810 0.0000000000
118760  -23.360  -18.469  49.874 0.0000000000
53008  -22.690  -18.547  50.444 0.0000000000
53025  -21.870  -18.613  49.253 0.0000000000
52091  -21.353  -19.162  50.921 0.0000000000
52083  -20.878  -19.578  51.305 0.0000000000
52084  -21.517  -19.310  51.824 0.0000000000
50204  -21.902  -21.123  55.597 0.0000000000
51144  -21.577  -20.938  54.590 0.0000000000
50191  -21.379  -21.926  55.611 0.0000000000
49344  -20.620  -22.245  54.938 0.0000000000
78819  -58.867  7.760  23.504 0.0000000000
137719  -6.524  -15.568  46.611 0.0000000000
55028  -6.182  -16.213  44.738 0.0000000000
55019  -6.652  -16.413  45.006 0.0000000000
117949  -9.278  -17.290  43.561 0.0000000000
54065  -8.241  -17.166  43.443 0.0000000000
63947  -17.177  -7.204  60.152 0.0000000000
64877  -17.391  -7.033  60.847 0.0000000000
65827  -16.725  -5.802  60.391 0.0000000000
69629  -16.444  -1.347  60.615 0.0000000000
68670  -16.502  -2.816  61.786 0.0000000000
69620  -16.293  -1.183  61.829 0.0000000000
70548  -16.303  -0.209  64.048 0.0000000000
71531  -16.133  0.321  63.432 0.0000000000
72504  -16.013  1.002  62.023 0.0000000000
73476  -15.208  2.220  58.968 0.0000000000
73479  -13.201  3.045  58.600 0.0000000000
70586  -11.642  -0.390  57.649 0.0000000000
127445  -11.782  1.351  57.235 0.0000000000
70585  -10.707  -0.134  57.631 0.0000000000
71563  -10.257  0.513  57.355 0.0000000000
70575  -9.019  -0.233  58.699 0.0000000000
56093  -6.401  -15.849  57.598 0.0000000000
58009  -7.424  -13.056  58.411 0.0000000000
57082  -7.070  -14.516  56.310 0.0000000000
58033  -7.663  -14.207  53.689 0.0000000000
58026  -7.758  -13.736  55.239 0.0000000000
58995  -8.583  -12.785  54.617 0.0000000000
60080  -9.237  -11.623  55.854 0.0000000000
60092  -9.092  -12.315  54.062 0.0000000000
60108  -9.471  -11.575  52.415 0.0000000000
59000  -8.631  -13.006  51.898 0.0000000000
56138  -7.119  -15.712  49.216 0.0000000000
57121  -7.435  -14.430  49.832 0.0000000000
116938  -6.914  -15.242  48.154 0.0000000000
57138  -6.676  -14.225  47.781 0.0000000000
73568  -9.623  2.414  48.513 0.0000000000
71644  -11.425  0.956  49.666 0.0000000000
60189  -38.008  -11.141  45.234 0.0000000000
60187  -36.828  -11.865  46.367 0.0000000000
130338  -37.463  -12.190  49.521 0.0000000000
60147  -37.849  -10.884  49.481 0.0000000000
60140  -37.646  -10.839  50.297 0.0000000000
62133  -37.643  -9.848  49.884 0.0000000000
61170  -36.999  -10.451  50.753 0.0000000000
127563  -39.660  -16.086  50.095 0.0000000000
57126  -39.234  -14.810  49.652 0.0000000000
56131  -38.236  -15.372  50.883 0.0000000000
57124  -34.890  -14.195  49.521 0.0000000000
57117  -35.583  -13.892  50.385 0.0000000000
59037  -34.482  -12.466  48.567 0.0000000000
61191  -34.659  -11.319  48.304 0.0000000000
60155  -34.250  -11.516  47.658 0.0000000000
61221  -33.561  -10.831  46.219 0.0000000000
140760  -33.537  -11.970  46.815 0.0000000000
57152  -32.138  -14.497  44.425 0.0000000000
58085  -31.979  -12.954  43.944 0.0000000000
58092  -31.767  -13.195  43.146 0.0000000000
125408  -31.359  -12.466  42.031 0.0000000000
137811  -31.432  -13.725  41.726 0.0000000000
51151  -28.139  -20.274  53.390 0.0000000000
51162  -27.518  -20.356  53.556 0.0000000000
49346  -28.236  -21.978  52.721 0.0000000000
44810  -29.523  -25.962  51.922 0.0000000000
46648  -28.986  -25.222  52.375 0.0000000000
58120  -31.322  -14.050  41.057 0.0000000000
56187  -31.248  -15.390  42.254 0.0000000000
53091  -32.429  -18.922  43.804 0.0000000000
53101  -31.227  -17.950  42.689 0.0000000000
51240  -31.681  -20.204  42.811 0.0000000000
51250  -30.980  -20.339  42.411 0.0000000000
50343  -31.642  -21.503  44.116 0.0000000000
49432  -36.774  -22.853  47.263 0.0000000000
120731  -36.205  -22.099  46.023 0.0000000000
49431  -35.816  -22.956  46.907 0.0000000000
49404  -32.601  -22.936  49.123 0.0000000000
123793  -33.160  -23.042  47.495 0.0000000000
49416  -31.794  -22.644  47.938 0.0000000000
50313  -30.458  -22.015  46.665 0.0000000000
50300  -30.555  -21.934  47.556 0.0000000000
50299  -29.349  -21.062  47.682 0.0000000000
51198  -30.053  -21.311  49.136 0.0000000000
51165  -29.348  -20.772  52.177 0.0000000000
51181  -29.154  -20.380  50.962 0.0000000000
52077  -28.623  -19.905  52.212 0.0000000000
52977  -27.732  -18.970  53.517 0.0000000000
74787  -56.305  3.743  29.581 0.0000000000
75732  -56.915  4.568  30.719 0.0000000000
74771  -56.662  3.619  30.389 0.0000000000
73736  -56.042  2.180  34.209 0.0000000000
128396  -55.981  3.422  33.640 0.0000000000
133196  -54.954  3.239  34.583 0.0000000000
69865  -56.277  -1.826  33.680 0.0000000000
69853  -56.199  -0.941  34.017 0.0000000000
124390  -55.483  -1.824  34.493 0.0000000000
70822  -52.712  -0.538  32.670 0.0000000000
73790  -55.414  2.698  28.832 0.0000000000
74805  -54.621  3.346  27.707 0.0000000000
74795  -55.568  3.425  28.562 0.0000000000
74807  -55.894  4.076  28.212 0.0000000000
122353  -12.119  -17.183  51.820 0.0000000000
53968  -12.409  -17.523  50.054 0.0000000000
52989  -13.135  -18.171  51.344 0.0000000000
50248  -12.767  -22.065  51.075 0.0000000000
50274  -13.315  -21.216  49.583 0.0000000000
50272  -11.928  -21.965  49.053 0.0000000000
140621  -9.995  -22.012  48.149 0.0000000000
50270  -9.832  -22.229  49.332 0.0000000000
49338  -11.407  -23.068  54.233 0.0000000000
49355  -11.351  -22.827  53.371 0.0000000000
49354  -10.291  -22.708  53.832 0.0000000000
50243  -8.407  -23.098  51.552 0.0000000000
58039  -19.850  -13.399  52.428 0.0000000000
59001  -20.357  -12.858  52.803 0.0000000000
57099  -20.008  -13.485  53.394 0.0000000000
136984  -21.148  -14.511  56.865 0.0000000000
130524  -21.702  -13.571  55.638 0.0000000000
58025  -22.332  -13.430  56.739 0.0000000000
58980  -22.222  -12.403  57.803 0.0000000000
58018  -22.183  -13.154  58.146 0.0000000000
54935  -17.337  -16.184  60.450 0.0000000000
56084  -18.184  -15.937  60.106 0.0000000000
56081  -18.655  -15.557  60.601 0.0000000000
58974  -17.361  -12.901  58.228 0.0000000000
58005  -18.584  -13.533  60.026 0.0000000000
58975  -18.403  -12.735  58.130 0.0000000000
58988  -19.647  -11.888  57.955 0.0000000000
60075  -18.695  -11.364  57.407 0.0000000000
62059  -17.923  -9.561  57.892 0.0000000000
61122  -17.193  -10.504  56.667 0.0000000000
61118  -13.462  -10.220  56.604 0.0000000000
62076  -14.053  -9.449  56.357 0.0000000000
129000  -13.389  -8.175  56.705 0.0000000000
64911  -13.781  -6.972  56.683 0.0000000000
126022  -12.219  -7.809  57.736 0.0000000000
64889  -11.879  -6.979  58.113 0.0000000000
62986  -11.187  -8.305  58.706 0.0000000000
121970  -10.952  -11.683  60.393 0.0000000000
61096  -10.013  -10.157  60.667 0.0000000000
133483  -9.466  -11.316  61.255 0.0000000000
60050  -8.829  -10.885  61.748 0.0000000000
119489  -8.939  -11.843  61.556 0.0000000000
127341  -10.868  -17.118  61.425 0.0000000000
136218  -11.226  -15.895  61.731 0.0000000000
54927  -10.321  -16.808  60.838 0.0000000000
53911  -9.558  -17.219  58.835 0.0000000000
53899  -9.270  -16.511  60.061 0.0000000000
54938  -7.998  -16.355  59.793 0.0000000000
56075  -7.664  -15.643  60.466 0.0000000000
54937  -7.317  -16.576  59.356 0.0000000000
54941  -6.798  -16.759  58.741 0.0000000000
53915  -7.384  -17.288  58.037 0.0000000000
54964  -11.243  -16.623  54.425 0.0000000000
54955  -9.386  -16.565  55.463 0.0000000000
54969  -10.391  -16.407  53.729 0.0000000000
125411  -10.114  -16.397  52.918 0.0000000000
62253  -50.002  -8.555  39.516 0.0000000000
121204  -51.331  -8.708  38.734 0.0000000000
64158  -51.141  -7.680  39.869 0.0000000000
65086  -51.758  -6.502  40.394 0.0000000000
65068  -50.386  -6.925  40.469 0.0000000000
61275  -47.104  -10.124  42.182 0.0000000000
62237  -48.145  -9.158  41.102 0.0000000000
62229  -48.002  -8.974  42.253 0.0000000000
65986  -47.946  -5.155  43.233 0.0000000000
119849  -48.596  -6.123  41.805 0.0000000000
66944  -48.660  -4.389  41.514 0.0000000000
132770  -49.363  -4.008  41.044 0.0000000000
68855  -48.809  -2.797  41.838 0.0000000000
136815  -49.267  -0.740  42.464 0.0000000000
124826  -48.414  -1.883  42.589 0.0000000000
129847  -46.001  -0.894  45.135 0.0000000000
70706  -47.223  -0.276  44.489 0.0000000000
133670  -40.389  -10.424  47.398 0.0000000000
60172  -41.186  -11.328  46.448 0.0000000000
62164  -41.156  -9.352  47.344 0.0000000000
139512  -40.859  -7.107  45.213 0.0000000000
64094  -41.811  -7.634  45.680 0.0000000000
64105  -42.240  -7.662  44.727 0.0000000000
63146  -43.745  -8.309  44.197 0.0000000000
64133  -42.596  -7.344  42.859 0.0000000000
64143  -37.052  -7.435  41.339 0.0000000000
65044  -37.891  -6.973  41.890 0.0000000000
65059  -38.383  -6.771  40.885 0.0000000000
66964  -43.182  -5.056  40.502 0.0000000000
47517  -17.007  -25.037  61.183 0.0000000000
124199  -16.003  -25.901  62.036 0.0000000000
46606  -16.990  -25.793  61.300 0.0000000000
43735  -17.424  -28.119  59.253 0.0000000000
122945  -16.598  -28.362  59.635 0.0000000000
42696  -16.334  -29.024  58.701 0.0000000000
116604  -14.376  -28.771  58.345 0.0000000000
43746  -16.056  -28.796  57.575 0.0000000000
126899  -21.091  -27.102  56.995 0.0000000000
44764  -20.524  -27.601  57.116 0.0000000000
43770  -20.204  -27.804  56.081 0.0000000000
45705  -15.905  -26.995  53.528 0.0000000000
43774  -17.270  -27.791  54.683 0.0000000000
44802  -15.436  -26.919  54.051 0.0000000000
117730  -14.159  -27.215  55.301 0.0000000000
44800  -13.609  -26.474  53.666 0.0000000000
44799  -11.511  -27.100  52.922 0.0000000000
49383  -26.770  -21.978  51.668 0.0000000000
50251  -25.389  -21.395  51.853 0.0000000000
49392  -25.826  -22.208  50.551 0.0000000000
48549  -23.879  -23.181  47.345 0.0000000000
49400  -23.737  -22.770  48.986 0.0000000000
48547  -22.199  -23.519  47.283 0.0000000000
47606  -21.034  -24.207  48.243 0.0000000000
119858  -20.729  -24.041  46.584 0.0000000000
61216  -20.209  -9.999  46.295 0.0000000000
137664  -20.566  -10.125  47.815 0.0000000000
60163  -20.014  -10.677  46.714 0.0000000000
56223  -29.877  -15.589  39.211 0.0000000000
57230  -28.761  -14.467  37.546 0.0000000000
55111  -28.392  -16.335  38.302 0.0000000000
54107  -25.545  -17.638  40.257 0.0000000000
55108  -25.749  -16.573  38.257 0.0000000000
55086  -23.997  -16.024  39.113 0.0000000000
57217  -23.086  -14.714  39.134 0.0000000000
55071  -23.131  -15.810  40.195 0.0000000000
53078  -24.692  -18.370  46.159 0.0000000000
53098  -24.543  -18.147  44.232 0.0000000000
54059  -23.912  -17.839  44.960 0.0000000000
55032  -21.054  -16.930  44.317 0.0000000000
55033  -21.895  -17.096  44.121 0.0000000000
117254  -21.012  -15.900  43.219 0.0000000000
57179  -21.099  -14.765  42.141 0.0000000000
57169  -20.029  -14.715  43.398 0.0000000000
57177  -19.531  -13.944  43.217 0.0000000000
57160  -18.928  -14.856  44.370 0.0000000000
127113  -17.873  -14.915  47.278 0.0000000000
58073  -18.330  -13.971  46.268 0.0000000000
132188  -18.403  -13.618  47.950 0.0000000000
59041  -19.168  -12.486  48.013 0.0000000000
58054  -18.494  -13.583  49.192 0.0000000000
58049  -18.632  -13.491  50.094 0.0000000000
57123  -18.031  -14.085  49.627 0.0000000000
54982  -16.471  -16.462  51.305 0.0000000000
56122  -16.604  -15.597  51.661 0.0000000000
54977  -16.299  -16.207  52.189 0.0000000000
56116  -16.220  -15.678  53.948 0.0000000000
54971  -16.011  -16.595  53.667 0.0000000000
51180  -19.083  -20.626  51.603 0.0000000000
52080  -17.561  -19.768  51.497 0.0000000000
51168  -17.231  -20.409  52.530 0.0000000000
50189  -16.367  -21.108  55.226 0.0000000000
120841  -16.395  -20.338  54.047 0.0000000000
52050  -15.965  -19.742  55.499 0.0000000000
52962  -15.733  -18.877  55.277 0.0000000000
52048  -15.997  -19.880  56.407 0.0000000000
52956  -15.655  -19.269  56.979 0.0000000000
51135  -15.811  -20.818  57.646 0.0000000000
48450  -16.597  -23.651  58.736 0.0000000000
131166  -16.455  -22.961  59.276 0.0000000000
48438  -16.787  -23.611  60.860 0.0000000000
48436  -16.701  -23.602  61.612 0.0000000000
77751  -56.197  7.056  33.273 0.0000000000
62297  -53.934  -9.713  36.533 0.0000000000
62313  -54.358  -9.254  35.807 0.0000000000
63212  -54.264  -8.703  37.133 0.0000000000
67955  -51.810  -4.134  38.307 0.0000000000
65109  -52.171  -6.422  37.448 0.0000000000
67004  -50.860  -5.513  37.259 0.0000000000
66036  -50.599  -5.568  36.472 0.0000000000
56216  -8.436  -15.652  39.757 0.0000000000
123034  -5.470  -16.345  41.959 0.0000000000
119351  -5.436  -15.663  40.746 0.0000000000
54105  -5.609  -17.464  40.080 0.0000000000
52121  -13.237  -19.583  46.630 0.0000000000
53077  -12.646  -18.879  45.438 0.0000000000
44729  -14.079  -27.175  61.367 0.0000000000
46609  -12.667  -26.060  61.162 0.0000000000
44732  -11.818  -27.008  60.590 0.0000000000
44748  -8.675  -26.585  58.180 0.0000000000
45676  -8.708  -25.899  59.206 0.0000000000
45682  -7.931  -25.971  58.023 0.0000000000
46623  -6.916  -25.528  57.106 0.0000000000
138264  -20.033  -10.053  53.992 0.0000000000
62101  -19.038  -9.165  53.459 0.0000000000
129326  -19.181  -8.673  55.338 0.0000000000
65804  -19.647  -5.070  63.318 0.0000000000
65812  -20.089  -5.170  62.407 0.0000000000
67707  -20.222  -3.549  63.072 0.0000000000
75481  -9.711  3.627  53.052 0.0000000000
124702  -9.051  4.056  52.049 0.0000000000
75488  -7.426  3.847  52.658 0.0000000000
66774  -10.040  -5.104  60.349 0.0000000000
67717  -10.454  -3.694  60.100 0.0000000000
66769  -9.887  -4.535  60.788 0.0000000000
67703  -6.359  -4.093  62.781 0.0000000000
67710  -8.204  -3.298  62.410 0.0000000000
68666  -7.032  -2.117  62.160 0.0000000000
70558  -7.287  -0.547  60.763 0.0000000000
69617  -5.777  -1.623  61.677 0.0000000000
61103  -7.571  -10.048  58.992 0.0000000000
62984  -7.288  -8.497  59.621 0.0000000000
130862  -7.356  -7.952  59.382 0.0000000000
67737  -6.404  -3.463  57.609 0.0000000000
66781  -6.567  -4.618  58.745 0.0000000000
67729  -5.309  -2.851  57.949 0.0000000000
69641  -4.231  -0.643  59.002 0.0000000000
69649  -4.453  -0.765  57.390 0.0000000000
72535  -4.790  1.705  56.988 0.0000000000
139528  -4.559  -0.512  56.275 0.0000000000
129013  -7.309  -1.030  54.728 0.0000000000
70616  -5.417  -0.266  54.074 0.0000000000
71594  -5.628  0.176  53.501 0.0000000000
73541  -5.111  2.044  52.104 0.0000000000
119398  -6.539  0.579  52.679 0.0000000000
71618  -6.523  1.096  51.891 0.0000000000
70631  -8.547  -0.086  52.976 0.0000000000
67794  -12.142  -3.302  52.787 0.0000000000
70634  -11.391  -1.174  52.246 0.0000000000
68759  -12.218  -2.488  51.775 0.0000000000
69704  -12.243  -2.097  50.946 0.0000000000
66872  -11.765  -4.366  50.737 0.0000000000
62118  -8.443  -9.723  51.624 0.0000000000
63041  -9.384  -8.704  52.318 0.0000000000
133937  -7.566  -9.041  51.312 0.0000000000
63076  -5.872  -8.481  48.900 0.0000000000
141088  -6.473  -7.131  50.584 0.0000000000
64974  -6.402  -6.802  49.848 0.0000000000
66868  -8.156  -5.118  49.757 0.0000000000
64984  -7.282  -6.569  49.346 0.0000000000
127963  -8.107  -6.892  48.587 0.0000000000
63090  -7.410  -8.829  47.862 0.0000000000
117696  -7.464  -11.757  44.036 0.0000000000
60160  -8.478  -11.426  46.303 0.0000000000
60201  -8.792  -12.221  44.922 0.0000000000
52120  -42.948  -19.838  46.822 0.0000000000
50305  -43.071  -21.273  47.058 0.0000000000
50303  -42.033  -21.919  48.162 0.0000000000
49423  -40.892  -22.495  49.017 0.0000000000
45771  -39.846  -27.163  48.658 0.0000000000
43841  -38.871  -28.347  48.739 0.0000000000
48534  -39.863  -23.285  49.211 0.0000000000
47608  -40.492  -23.823  48.959 0.0000000000
46690  -40.309  -25.548  48.833 0.0000000000
66055  -54.812  -5.310  32.281 0.0000000000
65141  -53.556  -6.007  31.890 0.0000000000
131352  -55.336  -6.444  33.329 0.0000000000
64197  -55.646  -6.842  34.392 0.0000000000
49303  -13.641  -22.405  59.855 0.0000000000
48449  -13.606  -23.140  58.298 0.0000000000
139582  -13.686  -23.522  59.797 0.0000000000
47533  -12.802  -24.106  58.739 0.0000000000
47522  -11.265  -24.994  59.642 0.0000000000
50178  -16.311  -21.536  61.272 0.0000000000
52035  -15.630  -19.781  61.322 0.0000000000
51116  -15.608  -20.789  62.105 0.0000000000
51115  -15.082  -20.595  62.536 0.0000000000
51111  -14.238  -20.094  62.645 0.0000000000
135237  -13.501  -20.040  62.385 0.0000000000
51118  -13.522  -20.774  61.978 0.0000000000
123795  -13.640  -21.448  61.448 0.0000000000
60193  -43.260  -11.825  46.193 0.0000000000
62225  -31.630  -9.603  42.121 0.0000000000
63174  -32.890  -8.648  40.888 0.0000000000
63173  -31.961  -8.733  40.522 0.0000000000
64150  -31.247  -7.066  39.617 0.0000000000
65056  -30.367  -5.944  41.018 0.0000000000
136763  -30.101  -5.903  42.129 0.0000000000
50192  -22.472  -21.277  56.147 0.0000000000
48474  -22.712  -22.721  56.236 0.0000000000
122011  -23.450  -21.526  55.991 0.0000000000
132221  -23.827  -22.334  54.282 0.0000000000
49368  -23.923  -22.410  52.917 0.0000000000
53012  -26.662  -18.545  50.833 0.0000000000
53011  -25.812  -18.446  50.626 0.0000000000
117152  -25.259  -18.344  51.546 0.0000000000
52995  -24.464  -18.362  52.186 0.0000000000
52982  -22.991  -18.584  52.372 0.0000000000
116577  -22.192  -19.421  53.250 0.0000000000
52064  -22.877  -19.196  53.947 0.0000000000
51146  -22.952  -19.981  55.501 0.0000000000
78794  -59.049  8.016  25.637 0.0000000000
78793  -58.748  7.586  25.373 0.0000000000
54003  -7.390  -16.295  48.222 0.0000000000
117489  -7.255  -16.311  46.235 0.0000000000
54019  -7.778  -16.432  46.521 0.0000000000
118031  -9.028  -16.724  45.832 0.0000000000
54066  -10.285  -17.523  43.722 0.0000000000
134388  -16.132  -5.848  57.853 0.0000000000
66776  -16.551  -4.988  59.773 0.0000000000
134404  -16.413  -3.781  58.497 0.0000000000
68684  -16.477  -2.306  59.279 0.0000000000
70569  -16.384  -0.663  59.803 0.0000000000
72507  -15.948  1.014  60.783 0.0000000000
71553  -16.240  -0.039  58.955 0.0000000000
71567  -15.377  1.179  57.806 0.0000000000
72530  -14.582  1.588  57.525 0.0000000000
72529  -13.796  1.874  57.446 0.0000000000
116783  -13.065  0.324  57.233 0.0000000000
136250  -12.518  -0.238  57.413 0.0000000000
69642  -11.063  -1.445  59.133 0.0000000000
53943  -6.436  -17.120  54.158 0.0000000000
121962  -6.235  -16.421  54.779 0.0000000000
134114  -6.377  -16.893  53.674 0.0000000000
56115  -6.510  -16.071  52.905 0.0000000000
57101  -7.161  -15.042  52.661 0.0000000000
134488  -7.631  -14.491  52.152 0.0000000000
57112  -6.847  -15.903  51.017 0.0000000000
54993  -6.988  -16.323  50.022 0.0000000000
59053  -36.500  -12.635  47.160 0.0000000000
58071  -36.533  -13.484  47.346 0.0000000000
58065  -37.467  -13.591  48.798 0.0000000000
58057  -37.609  -13.078  49.690 0.0000000000
124419  -37.444  -17.504  50.686 0.0000000000
54984  -37.087  -15.685  50.663 0.0000000000
53971  -35.861  -16.846  50.028 0.0000000000
56142  -34.536  -15.295  48.916 0.0000000000
57131  -33.777  -14.389  47.931 0.0000000000
58069  -33.079  -13.861  46.719 0.0000000000
57146  -32.770  -14.647  46.464 0.0000000000
134220  -32.373  -14.858  45.891 0.0000000000
56172  -31.891  -15.356  44.174 0.0000000000
49349  -29.763  -22.574  52.259 0.0000000000
48490  -29.094  -23.185  52.419 0.0000000000
47561  -29.789  -23.764  52.771 0.0000000000
45711  -30.108  -25.903  52.351 0.0000000000
122540  -31.624  -16.126  43.945 0.0000000000
54046  -32.317  -17.134  44.993 0.0000000000
53092  -32.757  -18.677  44.415 0.0000000000
52139  -33.479  -20.099  44.323 0.0000000000
48522  -36.072  -23.332  50.510 0.0000000000
49406  -35.298  -23.298  49.014 0.0000000000
49396  -34.480  -22.539  50.571 0.0000000000
49395  -33.655  -22.480  50.301 0.0000000000
121332  -31.928  -22.545  50.255 0.0000000000
50275  -30.271  -21.846  50.159 0.0000000000
50255  -31.461  -22.354  50.420 0.0000000000
50226  -30.615  -22.148  51.457 0.0000000000
72801  -55.904  1.948  29.917 0.0000000000
73768  -56.465  2.825  30.749 0.0000000000
123951  -56.332  2.106  31.172 0.0000000000
72780  -56.340  1.405  32.634 0.0000000000
72762  -56.218  1.371  34.139 0.0000000000
67993  -54.283  -2.801  34.220 0.0000000000
68914  -54.501  -1.898  34.250 0.0000000000
68912  -52.805  -2.608  33.225 0.0000000000
72817  -54.807  2.059  28.550 0.0000000000
52963  -12.877  -18.355  53.773 0.0000000000
52990  -13.459  -18.903  51.726 0.0000000000
52069  -13.574  -19.638  53.005 0.0000000000
50232  -13.431  -21.319  52.267 0.0000000000
49379  -12.113  -22.459  51.703 0.0000000000
49335  -8.448  -22.762  54.674 0.0000000000
50197  -8.767  -22.614  53.925 0.0000000000
49351  -7.658  -23.596  53.284 0.0000000000
49374  -6.789  -24.117  52.147 0.0000000000
57092  -18.635  -14.231  54.230 0.0000000000
57093  -19.719  -14.022  54.620 0.0000000000
57086  -19.165  -14.364  55.163 0.0000000000
56104  -19.857  -14.706  56.849 0.0000000000
56098  -20.759  -14.924  57.942 0.0000000000
57063  -16.743  -14.214  62.007 0.0000000000
57064  -17.670  -14.304  61.321 0.0000000000
57991  -16.750  -13.704  61.485 0.0000000000
58003  -16.642  -13.479  60.205 0.0000000000
58973  -16.404  -12.993  58.364 0.0000000000
60072  -15.973  -11.856  57.069 0.0000000000
58983  -14.442  -12.288  57.735 0.0000000000
58982  -13.679  -12.127  57.937 0.0000000000
61105  -12.000  -10.674  58.403 0.0000000000
61104  -11.389  -10.183  58.791 0.0000000000
60057  -11.563  -11.446  59.704 0.0000000000
60052  -11.877  -12.245  60.675 0.0000000000
123416  -11.469  -12.945  61.252 0.0000000000
52943  -11.398  -17.959  60.036 0.0000000000
136115  -10.644  -17.310  60.083 0.0000000000
52947  -10.802  -17.527  59.528 0.0000000000
136744  -10.239  -17.341  59.001 0.0000000000
53917  -10.257  -17.097  58.161 0.0000000000
122505  -9.476  -17.014  57.474 0.0000000000
53926  -11.610  -16.968  56.736 0.0000000000
53939  -12.014  -17.073  54.953 0.0000000000
62292  -49.071  -8.719  36.660 0.0000000000
62261  -48.963  -8.829  39.028 0.0000000000
62245  -49.460  -8.550  40.170 0.0000000000
63149  -47.822  -8.431  44.627 0.0000000000
141189  -48.326  -8.100  43.248 0.0000000000
64108  -47.716  -7.447  44.980 0.0000000000
117661  -47.527  -5.016  44.473 0.0000000000
67889  -47.528  -3.439  44.019 0.0000000000
68834  -47.447  -2.624  44.108 0.0000000000
67878  -46.834  -3.220  45.040 0.0000000000
122801  -46.034  -2.975  45.155 0.0000000000
63086  -39.306  -8.793  48.376 0.0000000000
63100  -40.690  -8.688  47.474 0.0000000000
64081  -40.110  -7.599  47.089 0.0000000000
119297  -39.746  -7.267  46.297 0.0000000000
64102  -39.650  -6.840  44.632 0.0000000000
47526  -17.172  -25.028  59.531 0.0000000000
46616  -17.401  -25.727  59.777 0.0000000000
46617  -17.813  -26.262  59.149 0.0000000000
44745  -18.027  -27.591  58.987 0.0000000000
43741  -18.736  -28.449  58.070 0.0000000000
44807  -20.333  -27.126  53.948 0.0000000000
127624  -19.649  -27.469  54.719 0.0000000000
131586  -18.746  -26.961  53.139 0.0000000000
44818  -17.100  -26.865  52.883 0.0000000000
45719  -15.080  -26.486  52.468 0.0000000000
119211  -26.851  -24.596  50.888 0.0000000000
48528  -26.128  -23.261  49.665 0.0000000000
47607  -25.586  -24.503  48.437 0.0000000000
47617  -24.533  -24.380  47.292 0.0000000000
61249  -19.536  -10.679  44.058 0.0000000000
52180  -28.915  -19.296  40.544 0.0000000000
54117  -27.750  -17.745  39.067 0.0000000000
53134  -27.409  -18.785  40.253 0.0000000000
53133  -26.529  -18.513  40.575 0.0000000000
54093  -24.974  -17.915  41.663 0.0000000000
54014  -22.806  -18.218  46.946 0.0000000000
54045  -23.106  -17.735  45.512 0.0000000000
54026  -21.683  -17.875  46.239 0.0000000000
54025  -20.646  -17.743  46.030 0.0000000000
55021  -19.246  -16.821  45.307 0.0000000000
56163  -18.857  -16.054  45.123 0.0000000000
55020  -18.626  -16.421  45.836 0.0000000000
55006  -17.971  -16.539  47.076 0.0000000000
56147  -17.311  -15.973  48.064 0.0000000000
56135  -17.114  -15.392  49.646 0.0000000000
54995  -16.810  -16.356  49.374 0.0000000000
54988  -16.595  -16.658  50.347 0.0000000000
53960  -16.632  -17.961  51.107 0.0000000000
117967  -18.111  -21.933  53.496 0.0000000000
50216  -17.196  -21.440  53.568 0.0000000000
50200  -17.263  -21.907  54.237 0.0000000000
50190  -16.737  -21.775  55.086 0.0000000000
50187  -16.381  -21.497  56.025 0.0000000000
136631  -16.060  -21.571  57.081 0.0000000000
48460  -16.407  -23.314  57.065 0.0000000000
48451  -16.897  -24.274  58.186 0.0000000000
65091  -53.108  -6.368  39.312 0.0000000000
65101  -53.298  -7.155  38.778 0.0000000000
66974  -53.292  -4.522  38.986 0.0000000000
67942  -52.425  -3.170  38.535 0.0000000000
60241  -7.204  -11.948  43.139 0.0000000000
58111  -7.039  -13.647  41.859 0.0000000000
57196  -6.883  -14.342  40.634 0.0000000000
56215  -7.570  -15.397  39.564 0.0000000000
122533  -6.055  -18.959  40.192 0.0000000000
43730  -13.025  -28.055  59.665 0.0000000000
44742  -11.626  -27.269  59.816 0.0000000000
62081  -20.970  -9.982  56.920 0.0000000000
121061  -19.680  -8.831  56.057 0.0000000000
63000  -19.890  -8.156  57.302 0.0000000000
63961  -20.051  -7.117  58.595 0.0000000000
65837  -19.735  -5.745  59.156 0.0000000000
122184  -19.408  -1.241  64.304 0.0000000000
68660  -20.321  -2.165  63.479 0.0000000000
74525  -7.593  3.502  53.911 0.0000000000
63939  -8.965  -7.518  61.871 0.0000000000
137194  -9.173  -5.524  61.839 0.0000000000
64861  -8.127  -6.665  62.581 0.0000000000
64860  -7.348  -6.510  62.734 0.0000000000
127875  -6.033  -6.087  62.201 0.0000000000
131182  -8.286  -8.888  58.189 0.0000000000
129816  -7.623  -7.089  58.616 0.0000000000
129720  -7.894  -7.001  58.185 0.0000000000
66793  -7.923  -4.579  57.614 0.0000000000
67750  -6.752  -3.134  57.163 0.0000000000
68712  -5.902  -1.399  56.045 0.0000000000
67756  -7.753  -2.753  56.228 0.0000000000
68715  -8.427  -2.637  55.695 0.0000000000
139373  -9.413  -1.669  54.467 0.0000000000
138479  -9.773  -1.244  53.858 0.0000000000
68723  -10.407  -2.605  54.520 0.0000000000
118851  -11.758  -3.990  53.835 0.0000000000
65887  -11.768  -5.645  52.874 0.0000000000
60131  -6.996  -11.161  49.387 0.0000000000
61163  -6.908  -9.912  50.030 0.0000000000
61186  -6.064  -10.507  48.718 0.0000000000
121444  -5.828  -9.827  48.495 0.0000000000
62153  -6.336  -9.558  47.537 0.0000000000
62154  -6.994  -9.526  47.424 0.0000000000
61231  -6.858  -11.251  45.625 0.0000000000
61256  -7.015  -11.531  44.034 0.0000000000
65949  -10.308  -5.485  46.466 0.0000000000
55026  -41.286  -16.549  45.851 0.0000000000
56159  -40.697  -15.506  46.809 0.0000000000
55016  -41.731  -16.455  46.732 0.0000000000
55000  -40.928  -16.180  48.438 0.0000000000
53988  -40.248  -17.734  49.607 0.0000000000
52113  -42.216  -19.381  48.025 0.0000000000
53034  -40.530  -18.600  49.430 0.0000000000
53975  -38.795  -17.730  50.639 0.0000000000
52094  -37.564  -19.018  50.358 0.0000000000
52100  -36.153  -18.907  49.817 0.0000000000
52117  -35.961  -19.144  48.175 0.0000000000
139692  -35.202  -25.862  52.160 0.0000000000
44829  -34.154  -27.240  52.420 0.0000000000
43804  -35.294  -28.435  51.297 0.0000000000
42772  -35.573  -29.269  50.181 0.0000000000
139753  -36.563  -19.762  46.748 0.0000000000
51199  -37.114  -20.469  47.983 0.0000000000
128352  -37.913  -22.044  47.617 0.0000000000
133747  -37.218  -23.469  48.908 0.0000000000
48533  -39.167  -23.403  49.205 0.0000000000
48531  -37.782  -23.658  49.347 0.0000000000
48530  -36.918  -23.603  49.923 0.0000000000
48515  -36.582  -23.924  51.148 0.0000000000
46665  -36.067  -24.779  51.698 0.0000000000
68967  -54.192  -1.553  30.345 0.0000000000
69894  -55.393  -1.454  31.537 0.0000000000
68945  -55.263  -2.328  31.865 0.0000000000
68931  -55.734  -2.654  32.584 0.0000000000
67994  -56.239  -3.311  33.755 0.0000000000
67057  -55.921  -4.636  33.344 0.0000000000
67046  -56.224  -4.095  33.873 0.0000000000
67981  -55.891  -3.343  34.378 0.0000000000
67979  -53.845  -3.882  34.254 0.0000000000
131213  -52.441  -4.747  34.209 0.0000000000
67026  -50.687  -4.958  34.172 0.0000000000
51136  -13.460  -20.476  56.396 0.0000000000
129379  -13.608  -21.189  55.239 0.0000000000
121388  -13.597  -22.081  55.407 0.0000000000
48478  -12.624  -23.316  55.786 0.0000000000
48466  -11.340  -23.420  55.938 0.0000000000
136723  -12.525  -23.616  57.235 0.0000000000
48465  -10.612  -23.568  56.875 0.0000000000
131914  -9.520  -22.895  55.671 0.0000000000
49319  -8.364  -22.930  55.632 0.0000000000
48477  -6.766  -23.784  55.670 0.0000000000
47549  -5.730  -24.483  55.702 0.0000000000
131512  -15.721  -16.745  57.562 0.0000000000
54946  -16.614  -15.871  58.198 0.0000000000
54942  -16.044  -16.627  58.906 0.0000000000
54939  -16.028  -16.731  59.740 0.0000000000
54934  -16.669  -16.374  61.197 0.0000000000
128887  -15.229  -18.347  61.411 0.0000000000
53898  -15.178  -17.488  61.822 0.0000000000
54930  -16.203  -16.160  61.893 0.0000000000
56067  -15.411  -15.373  62.563 0.0000000000
56066  -14.603  -14.986  62.763 0.0000000000
57054  -13.404  -14.624  62.522 0.0000000000
56071  -12.477  -14.797  62.255 0.0000000000
56064  -12.903  -15.509  62.952 0.0000000000
53894  -12.110  -17.473  62.494 0.0000000000
52940  -11.846  -18.266  61.285 0.0000000000
52034  -12.924  -19.586  61.716 0.0000000000
52945  -12.466  -18.936  61.121 0.0000000000
136989  -12.396  -18.968  60.474 0.0000000000
51129  -12.737  -19.899  58.832 0.0000000000
51133  -12.979  -20.156  57.790 0.0000000000
138349  -45.989  -11.237  41.620 0.0000000000
61264  -47.074  -10.375  42.957 0.0000000000
59122  -44.854  -12.804  43.107 0.0000000000
60237  -46.505  -11.817  43.770 0.0000000000
61255  -47.078  -10.285  44.330 0.0000000000
62195  -47.024  -9.430  45.456 0.0000000000
64107  -45.797  -8.045  45.416 0.0000000000
126080  -45.380  -7.669  44.629 0.0000000000
63128  -36.076  -8.979  45.276 0.0000000000
63129  -36.704  -8.453  44.954 0.0000000000
63159  -36.040  -8.465  43.597 0.0000000000
64128  -35.902  -8.311  42.668 0.0000000000
122764  -35.499  -7.650  40.492 0.0000000000
64140  -33.953  -7.749  40.049 0.0000000000
64153  -34.187  -6.981  39.574 0.0000000000
65076  -35.608  -6.539  39.680 0.0000000000
47552  -19.602  -24.422  55.875 0.0000000000
46632  -20.043  -25.440  57.007 0.0000000000
47545  -20.837  -24.723  56.802 0.0000000000
46634  -21.274  -25.564  56.791 0.0000000000
45695  -21.561  -26.455  55.630 0.0000000000
47553  -22.347  -24.324  55.982 0.0000000000
46640  -22.522  -25.423  54.786 0.0000000000
45698  -21.611  -26.602  54.180 0.0000000000
45724  -21.264  -26.280  53.011 0.0000000000
45739  -20.477  -26.039  51.912 0.0000000000
46673  -19.904  -25.414  50.123 0.0000000000
59141  -22.249  -12.150  40.024 0.0000000000
51211  -27.578  -20.350  45.886 0.0000000000
52137  -27.047  -19.871  44.323 0.0000000000
52129  -26.417  -19.302  46.280 0.0000000000
53070  -25.341  -18.640  46.493 0.0000000000
118247  -24.779  -18.417  47.006 0.0000000000
53027  -24.657  -18.482  49.503 0.0000000000
53043  -24.264  -18.464  48.597 0.0000000000
53068  -23.400  -18.315  47.257 0.0000000000
53040  -22.184  -18.485  48.595 0.0000000000
127896  -21.405  -18.601  48.741 0.0000000000
53005  -19.988  -19.297  49.654 0.0000000000
52097  -18.980  -19.171  49.541 0.0000000000
52089  -19.419  -19.563  50.106 0.0000000000
52082  -19.457  -20.260  51.220 0.0000000000
51170  -19.710  -20.937  52.161 0.0000000000
51172  -21.410  -20.334  53.248 0.0000000000
51157  -21.015  -20.903  53.532 0.0000000000
50218  -20.123  -21.611  53.307 0.0000000000
49343  -19.561  -22.584  54.283 0.0000000000
48480  -19.001  -23.755  55.047 0.0000000000
71713  -52.275  0.934  41.148 0.0000000000
57150  -5.175  -14.097  45.153 0.0000000000
57165  -5.056  -14.356  43.699 0.0000000000
134022  -5.481  -15.655  44.205 0.0000000000
55036  -5.704  -16.132  43.662 0.0000000000
55048  -5.966  -16.699  42.368 0.0000000000
54035  -6.778  -16.533  44.719 0.0000000000
54063  -6.621  -16.908  42.732 0.0000000000
54091  -6.660  -17.968  41.261 0.0000000000
117269  -10.033  -27.493  54.976 0.0000000000
123178  -18.729  -8.506  60.352 0.0000000000
63941  -19.791  -7.953  61.179 0.0000000000
133336  -19.085  -7.483  61.484 0.0000000000
64863  -18.151  -6.448  62.384 0.0000000000
66752  -17.776  -4.698  63.787 0.0000000000
132887  -16.583  -4.499  61.306 0.0000000000
67705  -16.827  -3.585  62.529 0.0000000000
67700  -17.522  -3.318  64.158 0.0000000000
131769  -17.444  -1.439  64.538 0.0000000000
72506  -15.689  1.731  61.438 0.0000000000
130960  -13.236  2.426  57.874 0.0000000000
124176  -12.059  2.320  57.680 0.0000000000
73490  -10.355  1.920  56.853 0.0000000000
132000  -9.307  1.431  56.985 0.0000000000
71561  -8.343  0.802  57.752 0.0000000000
58966  -7.800  -12.556  59.581 0.0000000000
61098  -7.308  -10.124  60.208 0.0000000000
128666  -7.935  -11.802  59.227 0.0000000000
131082  -7.963  -11.633  58.707 0.0000000000
60067  -7.954  -10.997  58.120 0.0000000000
121618  -7.440  -14.118  55.800 0.0000000000
58990  -8.023  -12.802  56.530 0.0000000000
60068  -8.158  -10.941  57.656 0.0000000000
61116  -9.058  -10.430  56.678 0.0000000000
61128  -9.855  -10.452  56.128 0.0000000000
130260  -10.749  -8.921  55.297 0.0000000000
116967  -10.830  -8.157  54.314 0.0000000000
134284  -10.330  -10.016  53.764 0.0000000000
61151  -9.253  -10.544  52.094 0.0000000000
60114  -8.728  -11.433  50.827 0.0000000000
58048  -7.787  -13.679  50.192 0.0000000000
59011  -8.068  -12.670  49.946 0.0000000000
60121  -7.630  -11.704  49.652 0.0000000000
135835  -6.377  -12.605  48.065 0.0000000000
139698  -5.827  -13.327  46.841 0.0000000000
70674  -12.165  -0.590  47.351 0.0000000000
68794  -11.861  -1.887  48.297 0.0000000000
60170  -39.405  -10.801  46.344 0.0000000000
61205  -39.683  -10.350  47.652 0.0000000000
60157  -37.253  -11.345  47.845 0.0000000000
61204  -38.743  -10.401  48.110 0.0000000000
61195  -39.198  -10.041  48.238 0.0000000000
63075  -38.608  -8.904  48.827 0.0000000000
63083  -37.092  -8.478  48.521 0.0000000000
62162  -36.271  -8.802  48.133 0.0000000000
57135  -39.575  -14.642  48.834 0.0000000000
58058  -37.970  -13.957  49.946 0.0000000000
59019  -36.916  -12.258  50.476 0.0000000000
56124  -36.802  -14.872  50.604 0.0000000000
58045  -36.274  -13.433  50.646 0.0000000000
60119  -36.249  -12.058  50.807 0.0000000000
61182  -35.791  -10.326  49.820 0.0000000000
62161  -35.240  -10.091  48.061 0.0000000000
62179  -35.473  -9.417  46.709 0.0000000000
62189  -34.665  -9.712  45.378 0.0000000000
62203  -33.548  -10.065  44.618 0.0000000000
62202  -32.846  -10.103  44.023 0.0000000000
59060  -32.675  -12.488  45.658 0.0000000000
60208  -31.948  -11.282  44.271 0.0000000000
61262  -31.423  -10.634  43.050 0.0000000000
140927  -30.919  -10.904  41.945 0.0000000000
60267  -30.904  -11.191  41.281 0.0000000000
60297  -30.436  -11.741  39.452 0.0000000000
52059  -26.471  -19.060  54.539 0.0000000000
51159  -25.306  -20.099  54.758 0.0000000000
51161  -26.957  -19.998  53.882 0.0000000000
50238  -27.454  -21.297  53.083 0.0000000000
49384  -27.506  -22.561  52.206 0.0000000000
48497  -28.581  -24.012  52.374 0.0000000000
48505  -27.901  -24.071  52.403 0.0000000000
47581  -27.236  -24.953  51.629 0.0000000000
46664  -26.993  -25.862  51.422 0.0000000000
60311  -30.095  -12.096  38.701 0.0000000000
58137  -30.926  -13.417  39.814 0.0000000000
56206  -30.664  -15.106  39.745 0.0000000000
55073  -30.025  -16.774  39.988 0.0000000000
55052  -30.913  -16.642  42.285 0.0000000000
54095  -30.562  -17.297  41.490 0.0000000000
54094  -30.055  -17.956  40.750 0.0000000000
52170  -29.409  -19.647  41.027 0.0000000000
51249  -29.395  -20.688  42.428 0.0000000000
50350  -29.041  -21.381  44.035 0.0000000000
52133  -35.717  -20.037  45.548 0.0000000000
50332  -35.295  -21.145  45.226 0.0000000000
118535  -33.914  -21.579  44.787 0.0000000000
48542  -33.920  -23.348  47.726 0.0000000000
49439  -33.249  -22.741  46.557 0.0000000000
50329  -32.145  -21.901  44.855 0.0000000000
50328  -31.129  -21.981  45.129 0.0000000000
124937  -30.240  -21.867  45.106 0.0000000000
50325  -28.744  -21.268  45.878 0.0000000000
51205  -28.612  -20.660  47.113 0.0000000000
52116  -28.090  -20.098  47.765 0.0000000000
124549  -28.462  -19.857  49.625 0.0000000000
51184  -29.279  -20.588  50.391 0.0000000000
120886  -28.527  -19.643  50.508 0.0000000000
53014  -28.062  -18.996  50.764 0.0000000000
52998  -27.552  -18.646  52.008 0.0000000000
135721  -26.509  -18.568  53.916 0.0000000000
76788  -56.970  5.712  28.660 0.0000000000
77785  -57.450  6.723  29.786 0.0000000000
138200  -56.797  5.448  29.642 0.0000000000
76753  -57.008  5.890  31.741 0.0000000000
76728  -55.988  6.024  33.543 0.0000000000
126513  -56.450  3.216  31.853 0.0000000000
75706  -55.679  5.054  33.905 0.0000000000
76713  -54.979  5.465  34.533 0.0000000000
75705  -53.423  5.197  34.110 0.0000000000
135609  -56.229  -0.594  32.499 0.0000000000
70811  -56.340  -0.129  33.722 0.0000000000
71793  -55.178  0.941  34.403 0.0000000000
69864  -54.270  -1.020  34.030 0.0000000000
70810  -54.068  -0.194  33.767 0.0000000000
72771  -54.310  1.220  34.164 0.0000000000
75779  -55.472  4.756  26.646 0.0000000000
54987  -9.905  -16.520  50.896 0.0000000000
53992  -10.645  -16.812  48.650 0.0000000000
53981  -11.682  -17.084  49.616 0.0000000000
53019  -12.838  -18.311  48.736 0.0000000000
51204  -13.364  -20.234  47.276 0.0000000000
131229  -13.665  -19.588  50.415 0.0000000000
51186  -13.609  -20.412  49.090 0.0000000000
50298  -12.440  -21.453  47.318 0.0000000000
50296  -10.318  -21.901  47.620 0.0000000000
49340  -13.255  -22.236  54.118 0.0000000000
126230  -11.506  -22.663  52.463 0.0000000000
49378  -11.212  -22.572  51.631 0.0000000000
50229  -8.579  -22.740  52.687 0.0000000000
50245  -8.859  -22.713  51.763 0.0000000000
50258  -9.205  -22.393  50.014 0.0000000000
59014  -20.255  -12.044  50.788 0.0000000000
62120  -19.856  -10.352  51.662 0.0000000000
128706  -20.291  -11.666  51.914 0.0000000000
127154  -20.620  -11.260  53.548 0.0000000000
60094  -20.835  -11.004  54.408 0.0000000000
58031  -21.034  -13.731  55.098 0.0000000000
58996  -21.399  -12.498  54.963 0.0000000000
61131  -21.520  -11.231  56.022 0.0000000000
61123  -21.615  -10.789  56.995 0.0000000000
61114  -21.744  -10.623  58.021 0.0000000000
62054  -21.219  -9.959  59.313 0.0000000000
56095  -18.088  -15.254  58.165 0.0000000000
140339  -19.300  -15.326  58.929 0.0000000000
56087  -20.312  -14.957  59.314 0.0000000000
57999  -18.963  -14.128  60.558 0.0000000000
57072  -20.047  -14.620  59.806 0.0000000000
57074  -21.164  -14.207  58.973 0.0000000000
58978  -21.236  -12.459  58.695 0.0000000000
60064  -20.305  -11.316  58.567 0.0000000000
62060  -20.019  -10.248  59.400 0.0000000000
62990  -18.407  -9.307  59.059 0.0000000000
128954  -17.682  -8.802  58.786 0.0000000000
63959  -16.747  -7.573  58.696 0.0000000000
61121  -16.134  -10.408  56.503 0.0000000000
63012  -15.606  -8.570  56.727 0.0000000000
63958  -16.176  -7.204  57.777 0.0000000000
64900  -14.989  -6.451  56.741 0.0000000000
127394  -13.826  -5.162  56.919 0.0000000000
66794  -12.768  -4.913  57.537 0.0000000000
67731  -11.673  -3.904  58.721 0.0000000000
65833  -11.508  -5.490  58.553 0.0000000000
64879  -10.547  -6.448  59.445 0.0000000000
64875  -10.007  -6.576  60.122 0.0000000000
62050  -10.923  -9.639  59.334 0.0000000000
62977  -10.084  -8.258  60.169 0.0000000000
62972  -9.538  -8.305  60.895 0.0000000000
62042  -9.224  -9.098  61.973 0.0000000000
61091  -8.342  -10.481  62.240 0.0000000000
118550  -7.719  -11.704  61.485 0.0000000000
57061  -11.858  -14.221  61.717 0.0000000000
57060  -10.752  -14.641  61.440 0.0000000000
125245  -10.059  -14.279  61.357 0.0000000000
54932  -9.553  -16.315  60.433 0.0000000000
56077  -9.572  -15.203  61.062 0.0000000000
57059  -9.206  -14.303  61.166 0.0000000000
57058  -8.428  -14.305  60.962 0.0000000000
57993  -8.065  -14.077  60.725 0.0000000000
57992  -7.779  -13.937  60.256 0.0000000000
119286  -6.726  -15.361  59.450 0.0000000000
54944  -6.407  -16.743  57.892 0.0000000000
53920  -6.202  -17.190  56.354 0.0000000000
54948  -8.625  -16.861  56.146 0.0000000000
53931  -7.260  -17.351  55.658 0.0000000000
53937  -6.573  -17.332  54.960 0.0000000000
119613  -7.283  -17.138  53.862 0.0000000000
130181  -8.565  -16.754  52.039 0.0000000000
63245  -52.439  -8.374  33.819 0.0000000000
63232  -51.059  -8.962  34.007 0.0000000000
62311  -51.714  -9.416  35.682 0.0000000000
62281  -52.681  -9.625  37.866 0.0000000000
62279  -51.035  -9.175  37.691 0.0000000000
62264  -51.977  -9.210  38.400 0.0000000000
63191  -52.754  -8.750  38.917 0.0000000000
65087  -52.282  -6.601  40.168 0.0000000000
139691  -51.995  -5.028  40.528 0.0000000000
68859  -51.771  -2.787  40.659 0.0000000000
61295  -47.819  -9.374  40.763 0.0000000000
62238  -48.827  -8.654  40.795 0.0000000000
64145  -49.241  -7.890  40.696 0.0000000000
64136  -48.466  -7.912  42.529 0.0000000000
65066  -48.819  -6.906  41.224 0.0000000000
65067  -49.533  -6.850  40.678 0.0000000000
123851  -50.344  -4.926  40.562 0.0000000000
67915  -50.609  -3.342  40.760 0.0000000000
69804  -51.770  -1.261  41.214 0.0000000000
70725  -50.733  -0.524  41.921 0.0000000000
127876  -49.943  0.992  42.682 0.0000000000
72669  -48.917  1.805  43.114 0.0000000000
141128  -47.917  -1.267  43.729 0.0000000000
71701  -47.919  0.320  44.106 0.0000000000
118215  -40.929  -11.952  45.071 0.0000000000
135241  -42.542  -11.942  46.246 0.0000000000
61228  -43.536  -10.373  46.628 0.0000000000
63101  -41.891  -8.821  46.743 0.0000000000
63116  -42.470  -9.002  46.511 0.0000000000
62191  -43.780  -9.314  45.985 0.0000000000
63147  -44.496  -8.522  44.860 0.0000000000
63160  -44.418  -8.254  43.951 0.0000000000
65038  -44.935  -7.046  43.126 0.0000000000
117128  -38.040  -7.243  44.153 0.0000000000
64114  -38.641  -6.774  43.639 0.0000000000
65036  -40.127  -6.633  42.877 0.0000000000
65079  -38.754  -6.231  40.196 0.0000000000
120075  -39.994  -6.547  40.921 0.0000000000
118244  -41.333  -6.640  41.625 0.0000000000
65063  -42.940  -6.478  41.358 0.0000000000
65051  -44.316  -6.413  41.905 0.0000000000
65985  -45.357  -5.320  42.990 0.0000000000
66934  -45.201  -3.979  43.365 0.0000000000
140548  -15.671  -24.509  62.459 0.0000000000
47510  -14.520  -24.638  62.061 0.0000000000
46604  -15.263  -25.857  62.128 0.0000000000
44730  -14.926  -27.278  61.379 0.0000000000
44735  -14.380  -27.901  61.003 0.0000000000
44738  -16.891  -27.293  60.364 0.0000000000
43726  -15.648  -28.310  60.407 0.0000000000
43732  -14.404  -28.761  59.942 0.0000000000
43738  -13.607  -28.592  58.631 0.0000000000
44763  -12.952  -28.214  57.342 0.0000000000
44772  -12.627  -27.628  56.535 0.0000000000
45688  -19.885  -26.737  57.620 0.0000000000
44754  -19.501  -28.021  57.864 0.0000000000
42702  -18.085  -28.447  57.077 0.0000000000
43776  -18.698  -27.891  55.382 0.0000000000
119343  -17.342  -28.307  56.199 0.0000000000
43757  -16.658  -28.408  56.833 0.0000000000
43765  -15.358  -28.111  55.967 0.0000000000
117156  -13.442  -27.458  55.893 0.0000000000
44781  -11.759  -27.185  55.039 0.0000000000
121146  -10.987  -27.294  53.646 0.0000000000
131031  -24.579  -21.188  53.274 0.0000000000
50234  -24.311  -21.689  52.560 0.0000000000
48511  -23.464  -23.204  51.326 0.0000000000
49401  -24.590  -22.714  49.122 0.0000000000
48526  -23.249  -23.117  49.616 0.0000000000
48510  -22.945  -23.885  50.977 0.0000000000
47596  -22.154  -24.219  49.622 0.0000000000
47595  -20.366  -25.013  49.351 0.0000000000
46697  -19.029  -24.945  48.739 0.0000000000
125748  -20.609  -8.891  48.076 0.0000000000
62143  -20.587  -9.632  48.443 0.0000000000
60142  -20.238  -11.146  48.763 0.0000000000
59184  -29.151  -12.838  37.675 0.0000000000
136506  -27.660  -13.266  37.414 0.0000000000
131026  -26.499  -13.912  37.347 0.0000000000
55109  -26.662  -16.747  38.079 0.0000000000
135645  -25.807  -15.437  37.576 0.0000000000
57240  -24.983  -14.169  37.671 0.0000000000
58154  -23.948  -13.947  38.139 0.0000000000
58145  -22.547  -13.669  39.443 0.0000000000
58135  -21.268  -13.247  40.671 0.0000000000
53100  -26.023  -18.906  43.331 0.0000000000
54069  -24.787  -18.145  43.265 0.0000000000
54078  -23.971  -17.324  42.173 0.0000000000
54058  -23.243  -17.568  44.525 0.0000000000
55041  -23.018  -16.885  43.134 0.0000000000
55059  -23.039  -16.284  41.630 0.0000000000
56191  -22.122  -15.124  41.007 0.0000000000
57202  -21.269  -13.991  40.926 0.0000000000
59131  -20.710  -12.827  41.301 0.0000000000
59113  -19.575  -12.295  42.727 0.0000000000
59090  -19.137  -12.248  43.482 0.0000000000
123712  -19.078  -12.060  45.196 0.0000000000
57151  -18.403  -14.530  45.646 0.0000000000
58078  -18.506  -13.554  45.503 0.0000000000
117467  -19.255  -11.969  45.958 0.0000000000
60149  -19.477  -11.942  47.403 0.0000000000
60141  -19.739  -11.822  48.329 0.0000000000
59022  -20.104  -11.890  50.081 0.0000000000
59013  -19.788  -12.536  50.560 0.0000000000
58043  -18.730  -13.421  51.047 0.0000000000
57103  -18.384  -13.911  52.518 0.0000000000
57114  -17.501  -14.519  50.905 0.0000000000
137466  -17.396  -14.504  51.596 0.0000000000
57102  -17.923  -14.261  52.894 0.0000000000
57091  -17.478  -14.662  54.226 0.0000000000
56112  -16.343  -15.475  54.800 0.0000000000
54959  -15.895  -15.908  55.447 0.0000000000
124538  -17.648  -18.941  50.111 0.0000000000
52991  -16.853  -18.675  51.173 0.0000000000
52980  -16.583  -18.378  51.940 0.0000000000
51154  -16.743  -20.335  53.263 0.0000000000
137012  -16.463  -19.151  53.090 0.0000000000
53948  -16.130  -17.707  53.443 0.0000000000
138149  -15.899  -18.060  54.196 0.0000000000
53934  -15.488  -17.296  55.913 0.0000000000
54951  -15.606  -16.718  56.752 0.0000000000
52955  -15.510  -18.101  57.797 0.0000000000
134779  -15.508  -18.750  58.261 0.0000000000
51131  -15.645  -20.209  59.233 0.0000000000
50184  -15.876  -21.615  58.139 0.0000000000
50182  -16.047  -21.598  59.290 0.0000000000
50180  -16.273  -21.565  60.382 0.0000000000
130551  -16.555  -22.190  60.881 0.0000000000
48434  -16.403  -23.574  62.144 0.0000000000
63246  -53.501  -8.254  34.209 0.0000000000
63225  -55.249  -8.111  35.273 0.0000000000
65122  -55.387  -7.134  35.197 0.0000000000
65111  -53.514  -7.446  37.822 0.0000000000
65115  -53.623  -7.240  36.767 0.0000000000
125326  -54.058  -6.932  35.907 0.0000000000
66042  -52.752  -6.100  35.440 0.0000000000
66040  -50.447  -5.466  35.504 0.0000000000
57185  -5.682  -14.695  41.975 0.0000000000
56214  -6.055  -15.573  39.862 0.0000000000
54023  -11.703  -17.680  46.912 0.0000000000
54055  -11.341  -17.646  44.923 0.0000000000
140406  -13.300  -25.486  61.081 0.0000000000
46615  -11.777  -25.391  60.211 0.0000000000
47521  -10.053  -24.984  59.899 0.0000000000
45670  -10.523  -26.263  60.240 0.0000000000
45668  -9.103  -25.457  59.614 0.0000000000
48439  -8.851  -24.594  58.859 0.0000000000
47527  -7.503  -24.503  57.668 0.0000000000
123296  -5.969  -24.868  56.712 0.0000000000
138848  -4.760  -26.022  54.912 0.0000000000
62111  -19.348  -9.587  52.657 0.0000000000
63043  -18.446  -8.377  52.998 0.0000000000
63989  -18.402  -7.564  55.620 0.0000000000
64871  -20.104  -6.718  61.423 0.0000000000
65823  -20.224  -5.682  60.856 0.0000000000
122844  -20.460  -3.983  59.897 0.0000000000
68671  -20.454  -2.326  62.090 0.0000000000
68679  -20.526  -2.442  60.243 0.0000000000
133134  -11.273  -3.345  59.263 0.0000000000
68682  -10.681  -2.521  59.896 0.0000000000
69633  -10.511  -1.805  59.775 0.0000000000
67711  -9.146  -3.637  61.876 0.0000000000
68675  -9.320  -2.520  61.046 0.0000000000
70560  -8.811  -1.255  60.357 0.0000000000
70566  -8.230  -0.241  59.543 0.0000000000
71540  -7.318  0.283  59.659 0.0000000000
71548  -6.050  1.296  59.330 0.0000000000
137306  -7.178  -8.655  60.606 0.0000000000
63944  -6.400  -7.348  61.203 0.0000000000
65819  -5.467  -5.614  61.266 0.0000000000
64886  -6.792  -5.767  59.397 0.0000000000
66773  -5.816  -4.613  60.017 0.0000000000
68673  -4.895  -2.663  61.022 0.0000000000
69622  -4.650  -0.465  60.474 0.0000000000
71537  -4.884  0.805  59.515 0.0000000000
122314  -5.695  1.989  58.035 0.0000000000
73502  -5.814  2.597  56.417 0.0000000000
74498  -5.703  2.875  55.796 0.0000000000
74523  -5.831  3.087  55.005 0.0000000000
70608  -4.589  -0.091  55.202 0.0000000000
72552  -4.555  1.490  54.639 0.0000000000
74537  -5.944  3.243  54.189 0.0000000000
74546  -5.836  3.250  53.080 0.0000000000
72595  -6.255  1.657  50.178 0.0000000000
71633  -9.008  1.176  51.003 0.0000000000
70632  -9.604  -0.330  52.884 0.0000000000
71608  -10.161  0.090  52.165 0.0000000000
71635  -11.042  0.800  50.548 0.0000000000
71636  -11.806  0.190  50.150 0.0000000000
69719  -12.116  -1.930  49.238 0.0000000000
68774  -10.757  -2.969  48.912 0.0000000000
64001  -10.754  -7.824  53.296 0.0000000000
64013  -10.907  -7.297  52.634 0.0000000000
64953  -10.971  -6.187  51.480 0.0000000000
63051  -7.042  -8.222  51.110 0.0000000000
129823  -8.708  -6.851  51.312 0.0000000000
65895  -10.171  -5.861  50.903 0.0000000000
66870  -9.690  -4.642  50.129 0.0000000000
66881  -9.219  -4.216  49.461 0.0000000000
67829  -8.732  -3.771  48.154 0.0000000000
65941  -8.608  -4.881  47.896 0.0000000000
64997  -9.391  -6.336  47.890 0.0000000000
62169  -7.987  -10.112  47.118 0.0000000000
48432  -15.127  -23.063  62.520 0.0000000000
49296  -14.996  -22.248  62.553 0.0000000000
117597  -30.325  -10.633  39.589 0.0000000000
62250  -30.000  -9.032  39.484 0.0000000000
124837  -29.931  -9.719  39.207 0.0000000000
127095  -29.352  -9.043  39.236 0.0000000000
62258  -29.128  -9.866  38.775 0.0000000000
52058  -25.492  -19.012  54.835 0.0000000000
52966  -24.993  -18.852  54.683 0.0000000000
52057  -24.600  -19.152  55.042 0.0000000000
52052  -24.032  -19.536  55.456 0.0000000000
77793  -58.134  6.973  28.446 0.0000000000
77809  -57.624  6.137  27.375 0.0000000000
77810  -58.255  6.807  26.871 0.0000000000
116762  -8.908  -16.566  48.661 0.0000000000
53979  -9.874  -16.648  49.072 0.0000000000
67739  -13.854  -3.457  57.370 0.0000000000
124713  -14.456  -2.941  57.303 0.0000000000
68698  -13.477  -2.642  57.547 0.0000000000
69650  -12.998  -1.764  57.673 0.0000000000
129010  -12.453  -2.856  58.073 0.0000000000
130473  -8.776  -16.615  50.679 0.0000000000
53956  -7.441  -17.012  51.054 0.0000000000
53965  -7.853  -16.832  50.190 0.0000000000
56157  -38.859  -15.086  46.119 0.0000000000
56158  -39.818  -15.293  46.456 0.0000000000
53047  -34.838  -17.973  48.237 0.0000000000
53998  -34.459  -17.086  48.471 0.0000000000
54016  -34.278  -17.656  47.782 0.0000000000
54032  -34.048  -17.743  46.974 0.0000000000
55025  -40.523  -16.627  45.178 0.0000000000
56175  -39.947  -16.100  45.079 0.0000000000
56174  -39.321  -15.773  44.635 0.0000000000
46652  -32.624  -25.112  53.605 0.0000000000
53072  -33.742  -17.883  46.085 0.0000000000
47575  -34.366  -24.689  52.700 0.0000000000
135082  -34.190  -23.854  52.723 0.0000000000
47574  -33.412  -24.083  53.279 0.0000000000
48500  -32.530  -22.723  53.114 0.0000000000
70844  -55.083  -0.431  30.378 0.0000000000
69904  -55.588  -0.461  31.118 0.0000000000
70853  -54.820  -0.116  29.822 0.0000000000
52049  -13.081  -19.629  55.439 0.0000000000
52053  -13.329  -19.800  54.719 0.0000000000
51138  -13.431  -20.377  55.505 0.0000000000
47562  -5.702  -25.178  53.464 0.0000000000
139104  -16.984  -15.118  56.542 0.0000000000
56101  -16.911  -15.364  57.503 0.0000000000
57994  -14.615  -13.519  61.414 0.0000000000
58960  -13.788  -13.585  61.115 0.0000000000
116753  -13.020  -13.396  60.872 0.0000000000
52046  -12.686  -18.982  55.760 0.0000000000
65958  -45.775  -5.734  45.701 0.0000000000
65967  -45.532  -5.161  45.255 0.0000000000
66925  -45.792  -4.534  45.640 0.0000000000
65975  -45.346  -5.298  44.079 0.0000000000
63111  -36.878  -8.451  46.613 0.0000000000
63112  -37.697  -7.954  46.670 0.0000000000
46631  -18.962  -25.468  56.974 0.0000000000
45752  -17.699  -26.021  50.765 0.0000000000
128794  -18.985  -18.437  48.260 0.0000000000
53054  -18.567  -17.925  47.627 0.0000000000
47551  -18.541  -24.578  55.741 0.0000000000
47542  -17.509  -24.794  56.635 0.0000000000
68860  -52.670  -2.174  40.182 0.0000000000
69809  -52.751  -1.493  39.568 0.0000000000
59066  -5.453  -13.012  44.378 0.0000000000
59103  -6.061  -13.473  43.515 0.0000000000
58089  -5.462  -13.915  43.488 0.0000000000
135969  -10.936  -27.403  56.394 0.0000000000
137543  -20.824  -8.970  60.128 0.0000000000
62982  -20.856  -8.432  59.821 0.0000000000
62975  -20.430  -8.385  60.597 0.0000000000
73504  -8.166  2.124  55.980 0.0000000000
72536  -7.104  1.886  57.051 0.0000000000
122938  -7.599  -10.453  61.854 0.0000000000
61095  -7.370  -10.314  61.038 0.0000000000
64910  -9.937  -6.764  56.381 0.0000000000
65867  -10.377  -6.136  55.874 0.0000000000
65868  -11.096  -5.808  55.137 0.0000000000
135073  -10.974  -6.581  55.237 0.0000000000
58077  -5.183  -13.160  45.234 0.0000000000
117530  -5.667  -12.400  45.061 0.0000000000
127993  -5.845  -12.167  44.252 0.0000000000
68793  -10.926  -2.186  47.490 0.0000000000
117603  -9.881  -2.344  46.753 0.0000000000
68792  -8.975  -2.871  47.067 0.0000000000
68791  -8.633  -3.190  46.751 0.0000000000
125689  -42.297  -19.399  45.653 0.0000000000
53074  -42.349  -18.139  46.732 0.0000000000
53075  -42.449  -19.185  46.191 0.0000000000
131147  -40.169  -21.065  49.489 0.0000000000
51192  -39.413  -21.103  49.716 0.0000000000
44847  -37.956  -27.860  49.883 0.0000000000
123360  -38.248  -28.449  49.287 0.0000000000
50278  -39.198  -21.923  49.396 0.0000000000
45763  -38.973  -27.006  49.537 0.0000000000
129854  -38.637  -26.196  50.014 0.0000000000
45756  -38.287  -27.016  49.961 0.0000000000
45755  -37.895  -26.248  50.480 0.0000000000
67073  -53.769  -4.103  31.142 0.0000000000
132204  -54.904  -5.909  35.030 0.0000000000
49309  -13.667  -22.495  57.824 0.0000000000
136299  -10.063  -24.204  58.514 0.0000000000
48445  -9.281  -24.115  58.384 0.0000000000
52040  -15.565  -19.546  59.682 0.0000000000
52038  -15.649  -19.657  60.611 0.0000000000
52935  -14.182  -18.885  63.001 0.0000000000
52934  -13.579  -18.802  63.083 0.0000000000
52027  -13.392  -19.335  62.780 0.0000000000
136432  -13.470  -21.762  59.653 0.0000000000
131112  -13.179  -21.084  60.077 0.0000000000
60194  -44.626  -11.461  46.023 0.0000000000
138162  -44.927  -11.903  45.634 0.0000000000
61242  -45.269  -10.652  45.957 0.0000000000
116826  -32.967  -9.679  43.178 0.0000000000
63157  -33.826  -9.288  42.793 0.0000000000
65989  -31.815  -5.612  40.951 0.0000000000
66000  -32.514  -5.859  40.359 0.0000000000
65981  -32.526  -5.332  42.389 0.0000000000
65971  -31.868  -5.574  42.938 0.0000000000
49329  -21.468  -22.408  56.080 0.0000000000
48483  -21.637  -22.932  56.312 0.0000000000
135627  -21.905  -22.339  56.223 0.0000000000
47572  -23.393  -24.056  52.814 0.0000000000
137891  -23.104  -24.653  53.251 0.0000000000
47580  -22.557  -24.742  51.577 0.0000000000
123482  -27.211  -19.217  48.813 0.0000000000
53062  -26.619  -18.945  48.604 0.0000000000
52993  -22.819  -18.539  51.408 0.0000000000
52992  -22.091  -18.764  51.069 0.0000000000
138599  -21.785  -18.979  51.468 0.0000000000
78807  -59.066  8.169  24.857 0.0000000000
132758  -59.313  8.225  23.938 0.0000000000
79727  -59.708  8.612  24.559 0.0000000000
79739  -59.906  8.615  23.795 0.0000000000
56154  -6.822  -16.085  46.465 0.0000000000
55018  -6.541  -16.205  45.395 0.0000000000
55011  -6.962  -16.291  45.811 0.0000000000
54077  -8.977  -17.593  42.852 0.0000000000
63951  -16.947  -7.364  59.457 0.0000000000
64876  -17.016  -6.629  60.487 0.0000000000
64880  -16.745  -6.569  59.670 0.0000000000
70554  -16.188  -0.633  62.561 0.0000000000
71533  -16.090  0.152  62.571 0.0000000000
72501  -16.129  1.051  62.967 0.0000000000
71535  -16.159  0.247  61.405 0.0000000000
73480  -14.583  2.522  58.490 0.0000000000
74483  -13.944  3.077  59.959 0.0000000000
127798  -13.896  2.666  58.291 0.0000000000
70576  -9.808  -0.148  57.883 0.0000000000
129870  -9.827  -0.624  58.768 0.0000000000
56100  -6.153  -15.994  56.526 0.0000000000
57077  -6.711  -15.151  56.862 0.0000000000
58034  -8.083  -13.652  53.917 0.0000000000
58997  -8.582  -12.980  53.703 0.0000000000
136662  -8.810  -12.842  52.680 0.0000000000
128115  -7.072  -15.937  48.522 0.0000000000
56146  -6.805  -15.754  47.454 0.0000000000
73567  -8.632  2.155  49.215 0.0000000000
72610  -9.622  2.033  49.533 0.0000000000
132701  -10.377  2.051  49.133 0.0000000000
72599  -10.521  1.571  49.920 0.0000000000
59028  -37.320  -12.119  50.153 0.0000000000
60139  -37.634  -11.472  50.006 0.0000000000
61171  -37.454  -10.407  50.459 0.0000000000
122183  -37.318  -10.877  50.794 0.0000000000
56132  -38.969  -15.754  50.591 0.0000000000
54991  -38.260  -16.241  50.957 0.0000000000
57132  -34.386  -13.998  48.730 0.0000000000
58056  -34.818  -13.463  49.392 0.0000000000
58063  -34.415  -13.128  48.629 0.0000000000
59045  -34.357  -11.994  48.114 0.0000000000
60154  -33.947  -12.058  47.390 0.0000000000
58070  -33.519  -12.912  47.088 0.0000000000
57170  -31.828  -14.734  43.532 0.0000000000
121296  -32.078  -13.853  43.731 0.0000000000
124760  -31.771  -14.066  42.908 0.0000000000
58121  -31.534  -13.360  42.292 0.0000000000
58104  -31.458  -14.348  42.082 0.0000000000
51152  -28.593  -20.566  53.097 0.0000000000
50207  -28.432  -21.110  53.157 0.0000000000
44809  -29.082  -26.168  51.722 0.0000000000
51241  -32.374  -20.061  43.402 0.0000000000
52144  -31.865  -19.173  43.050 0.0000000000
50353  -31.748  -20.911  43.297 0.0000000000
51228  -32.361  -20.987  43.632 0.0000000000
49421  -36.963  -23.230  48.029 0.0000000000
49420  -36.002  -23.336  47.991 0.0000000000
50289  -31.923  -22.538  48.759 0.0000000000
136185  -31.367  -22.336  48.483 0.0000000000
50301  -31.172  -22.312  47.802 0.0000000000
116676  -30.714  -21.889  48.599 0.0000000000
51206  -30.041  -21.392  48.156 0.0000000000
50224  -29.018  -20.629  52.663 0.0000000000
51164  -28.855  -20.226  52.266 0.0000000000
126447  -28.541  -20.111  53.005 0.0000000000
52068  -28.482  -19.978  53.030 0.0000000000
73735  -55.352  2.428  34.431 0.0000000000
73734  -54.516  2.628  34.502 0.0000000000
73744  -53.998  2.100  34.274 0.0000000000
68906  -55.896  -2.475  34.406 0.0000000000
126053  -56.065  -1.810  34.214 0.0000000000
74796  -55.961  3.924  28.908 0.0000000000
53952  -11.987  -17.008  52.545 0.0000000000
134547  -12.707  -17.689  51.743 0.0000000000
125992  -12.373  -22.154  50.336 0.0000000000
50260  -11.665  -22.249  49.832 0.0000000000
50271  -10.880  -22.105  49.189 0.0000000000
49337  -10.359  -22.959  54.603 0.0000000000
133222  -9.698  -22.682  54.326 0.0000000000
117088  -20.140  -13.219  52.831 0.0000000000
57080  -21.886  -14.520  57.745 0.0000000000
58024  -22.198  -14.028  57.209 0.0000000000
58022  -22.337  -13.333  57.554 0.0000000000
58021  -22.231  -13.947  58.034 0.0000000000
56080  -17.994  -15.807  60.952 0.0000000000
58987  -18.661  -12.163  57.576 0.0000000000
60074  -17.883  -11.641  57.157 0.0000000000
60086  -17.950  -10.926  56.967 0.0000000000
60085  -17.360  -11.239  56.781 0.0000000000
61117  -12.874  -10.056  56.983 0.0000000000
62075  -13.180  -9.461  56.704 0.0000000000
63009  -12.932  -8.730  56.917 0.0000000000
62996  -12.786  -7.967  57.127 0.0000000000
62995  -12.410  -8.563  57.480 0.0000000000
62987  -11.836  -8.452  58.102 0.0000000000
60051  -10.222  -11.423  60.841 0.0000000000
122580  -9.500  -12.708  61.401 0.0000000000
53897  -10.969  -17.567  61.071 0.0000000000
53904  -8.728  -16.486  59.814 0.0000000000
116823  -8.345  -16.732  59.385 0.0000000000
53909  -7.820  -17.036  58.811 0.0000000000
117312  -8.249  -17.228  58.226 0.0000000000
131861  -12.013  -16.974  53.292 0.0000000000
132167  -11.408  -16.667  53.688 0.0000000000
54970  -11.105  -16.577  52.914 0.0000000000
62246  -50.141  -8.314  39.832 0.0000000000
63186  -50.503  -8.015  39.856 0.0000000000
64157  -50.476  -7.575  40.197 0.0000000000
62228  -47.538  -9.621  42.604 0.0000000000
66943  -48.128  -4.348  42.533 0.0000000000
67901  -48.409  -3.489  42.034 0.0000000000
68849  -48.298  -2.651  42.477 0.0000000000
69763  -45.705  -1.194  44.833 0.0000000000
61206  -40.958  -10.157  47.482 0.0000000000
64103  -40.570  -6.972  44.514 0.0000000000
64104  -41.379  -7.227  45.040 0.0000000000
64118  -42.392  -7.628  43.647 0.0000000000
64132  -41.899  -7.165  43.078 0.0000000000
65057  -36.802  -7.231  40.203 0.0000000000
65058  -37.599  -7.042  40.591 0.0000000000
46610  -17.221  -25.806  60.650 0.0000000000
117609  -17.747  -28.537  58.502 0.0000000000
42693  -16.886  -28.716  58.985 0.0000000000
42699  -15.798  -29.086  58.418 0.0000000000
42700  -16.619  -28.994  58.016 0.0000000000
44776  -21.178  -27.068  56.132 0.0000000000
44775  -20.676  -27.537  56.514 0.0000000000
44784  -20.616  -27.425  55.648 0.0000000000
45704  -15.254  -26.698  53.279 0.0000000000
44801  -14.621  -26.475  53.920 0.0000000000
45702  -13.304  -26.399  52.780 0.0000000000
120621  -26.465  -22.301  51.017 0.0000000000
49382  -25.945  -21.735  51.278 0.0000000000
48548  -23.039  -23.190  47.282 0.0000000000
47616  -21.287  -23.907  47.388 0.0000000000
61235  -19.624  -10.659  45.013 0.0000000000
61236  -19.991  -9.919  45.398 0.0000000000
61215  -19.785  -10.690  45.933 0.0000000000
55089  -29.585  -16.355  39.369 0.0000000000
120464  -29.111  -15.924  38.793 0.0000000000
55088  -28.848  -16.748  38.913 0.0000000000
54106  -24.718  -17.035  40.167 0.0000000000
55087  -24.626  -16.676  39.357 0.0000000000
55072  -23.878  -16.412  39.970 0.0000000000
124974  -23.459  -16.311  40.850 0.0000000000
54029  -23.955  -18.082  45.859 0.0000000000
53088  -24.653  -18.218  45.262 0.0000000000
55031  -20.225  -16.730  44.460 0.0000000000
55038  -20.608  -16.343  43.841 0.0000000000
56178  -20.313  -15.592  43.573 0.0000000000
56177  -19.598  -15.224  43.963 0.0000000000
57168  -19.190  -14.450  43.799 0.0000000000
56140  -17.600  -15.058  48.193 0.0000000000
57139  -18.062  -14.242  47.964 0.0000000000
58060  -18.338  -13.736  48.484 0.0000000000
121886  -16.424  -17.285  51.850 0.0000000000
121828  -16.248  -16.906  52.808 0.0000000000
141201  -18.774  -20.953  52.060 0.0000000000
51179  -17.990  -20.394  51.866 0.0000000000
51169  -18.000  -20.953  52.448 0.0000000000
51143  -16.168  -20.440  54.890 0.0000000000
51137  -16.068  -20.716  56.688 0.0000000000
47525  -16.902  -24.452  60.337 0.0000000000
48441  -16.649  -23.648  59.799 0.0000000000
47516  -16.840  -24.220  61.252 0.0000000000
77734  -55.693  7.527  33.378 0.0000000000
78720  -56.263  8.022  33.064 0.0000000000
78705  -55.311  7.612  33.255 0.0000000000
63217  -53.939  -9.447  37.198 0.0000000000
63211  -53.679  -8.954  37.884 0.0000000000
66986  -51.202  -5.068  37.918 0.0000000000
131342  -50.485  -4.944  37.601 0.0000000000
59107  -8.212  -12.600  43.024 0.0000000000
55058  -5.698  -16.966  41.497 0.0000000000
54089  -5.477  -17.066  40.789 0.0000000000
131999  -13.118  -20.432  46.262 0.0000000000
52128  -13.057  -19.600  45.755 0.0000000000
44734  -13.534  -27.641  60.914 0.0000000000
44733  -12.644  -27.305  60.798 0.0000000000
45683  -8.450  -26.226  58.558 0.0000000000
44746  -7.430  -26.273  57.030 0.0000000000
45687  -6.724  -26.183  56.857 0.0000000000
62095  -20.309  -10.171  54.531 0.0000000000
62094  -19.694  -9.623  54.275 0.0000000000
62087  -19.694  -9.323  55.189 0.0000000000
66753  -19.111  -4.691  63.932 0.0000000000
66759  -19.734  -4.305  63.462 0.0000000000
74540  -8.571  3.594  53.277 0.0000000000
133993  -9.916  3.926  52.430 0.0000000000
75480  -8.244  3.854  52.692 0.0000000000
65821  -9.807  -5.920  60.503 0.0000000000
65815  -9.563  -5.429  61.062 0.0000000000
118953  -6.996  -3.006  62.583 0.0000000000
67709  -5.875  -3.300  62.347 0.0000000000
68664  -5.465  -2.515  61.781 0.0000000000
62056  -7.642  -9.320  58.899 0.0000000000
62985  -7.527  -8.548  59.159 0.0000000000
67749  -6.067  -2.652  57.168 0.0000000000
67736  -5.807  -3.210  57.710 0.0000000000
139974  -5.552  -2.621  57.390 0.0000000000
68697  -5.106  -2.162  57.533 0.0000000000
68696  -4.934  -1.477  57.049 0.0000000000
69660  -4.719  -0.902  56.527 0.0000000000
117317  -5.361  -1.343  56.292 0.0000000000
69681  -7.617  -0.697  54.099 0.0000000000
70617  -5.950  -0.210  53.934 0.0000000000
70618  -6.846  -0.223  53.600 0.0000000000
70629  -6.159  0.237  53.325 0.0000000000
139850  -6.723  0.198  53.156 0.0000000000
70630  -7.443  0.191  52.961 0.0000000000
66860  -12.280  -4.218  51.955 0.0000000000
67807  -12.364  -3.386  52.032 0.0000000000
67806  -12.165  -3.941  51.283 0.0000000000
67822  -12.230  -3.072  51.146 0.0000000000
61156  -7.838  -9.947  50.973 0.0000000000
64982  -6.156  -7.284  49.573 0.0000000000
64052  -6.101  -7.725  49.122 0.0000000000
64975  -6.970  -6.390  49.729 0.0000000000
64053  -6.573  -7.709  48.870 0.0000000000
64054  -7.325  -7.251  48.876 0.0000000000
64061  -6.999  -8.196  48.413 0.0000000000
60200  -8.048  -11.866  44.813 0.0000000000
60221  -8.280  -12.182  44.007 0.0000000000
59086  -8.922  -12.543  43.630 0.0000000000
50319  -43.426  -21.361  46.185 0.0000000000
126464  -43.542  -22.263  46.100 0.0000000000
48552  -42.319  -23.530  47.573 0.0000000000
49434  -42.191  -22.728  47.930 0.0000000000
49424  -41.526  -22.591  48.496 0.0000000000
48544  -41.077  -23.236  48.724 0.0000000000
48543  -40.491  -23.050  49.074 0.0000000000
47609  -41.363  -24.153  48.439 0.0000000000
139398  -41.196  -26.287  47.970 0.0000000000
46700  -41.032  -25.676  48.361 0.0000000000
45772  -40.516  -26.499  48.339 0.0000000000
129987  -39.903  -26.324  49.005 0.0000000000
64203  -53.602  -7.157  33.041 0.0000000000
65133  -54.297  -6.427  32.725 0.0000000000
65129  -55.751  -6.672  33.929 0.0000000000
64196  -55.413  -7.290  34.353 0.0000000000
48440  -13.748  -23.171  59.239 0.0000000000
47524  -13.431  -23.984  59.451 0.0000000000
47523  -12.503  -24.744  59.597 0.0000000000
50176  -16.064  -21.408  61.977 0.0000000000
51120  -15.964  -20.930  61.539 0.0000000000
50174  -14.891  -21.108  62.610 0.0000000000
50175  -15.478  -21.244  62.404 0.0000000000
51114  -14.542  -20.554  62.524 0.0000000000
51113  -13.839  -20.387  62.441 0.0000000000
49302  -13.776  -22.272  60.869 0.0000000000
127942  -43.129  -12.899  44.925 0.0000000000
59062  -42.523  -12.533  45.454 0.0000000000
132004  -31.116  -9.776  41.726 0.0000000000
62233  -31.530  -9.320  41.337 0.0000000000
64164  -30.113  -7.907  39.606 0.0000000000
63183  -30.990  -8.019  39.697 0.0000000000
65071  -30.724  -6.436  40.176 0.0000000000
65070  -29.856  -6.482  40.551 0.0000000000
65055  -29.709  -6.196  41.316 0.0000000000
130613  -22.949  -21.586  56.262 0.0000000000
132265  -24.182  -21.392  54.869 0.0000000000
135882  -23.825  -21.798  55.360 0.0000000000
48495  -23.611  -23.258  53.399 0.0000000000
61307  -27.925  -10.719  38.482 0.0000000000
59169  -27.186  -11.942  37.852 0.0000000000
52996  -26.053  -18.323  52.366 0.0000000000
117112  -26.123  -18.383  51.419 0.0000000000
52973  -24.099  -18.622  53.714 0.0000000000
52983  -23.820  -18.468  52.761 0.0000000000
52075  -22.525  -18.885  52.895 0.0000000000
51141  -23.456  -20.153  55.767 0.0000000000
51140  -22.687  -20.564  55.842 0.0000000000
79709  -59.226  8.456  26.457 0.0000000000
78778  -58.981  7.922  27.294 0.0000000000
135069  -58.412  7.087  25.108 0.0000000000
124350  -7.694  -16.467  47.982 0.0000000000
54004  -7.494  -16.377  47.204 0.0000000000
54005  -8.173  -16.561  47.386 0.0000000000
54021  -9.765  -16.887  46.213 0.0000000000
54020  -8.752  -16.656  46.607 0.0000000000
54038  -9.746  -16.905  45.320 0.0000000000
54053  -9.554  -16.999  44.443 0.0000000000
117771  -10.513  -17.259  44.648 0.0000000000
65849  -15.846  -5.140  57.455 0.0000000000
65836  -16.323  -5.319  58.325 0.0000000000
66798  -16.218  -4.311  57.852 0.0000000000
69654  -16.112  -2.026  57.872 0.0000000000
68701  -16.340  -2.804  58.045 0.0000000000
69645  -16.345  -1.682  58.588 0.0000000000
69635  -16.452  -1.509  59.556 0.0000000000
70580  -16.310  -0.874  58.768 0.0000000000
70579  -16.033  -0.305  58.107 0.0000000000
70589  -14.853  -0.277  57.419 0.0000000000
119436  -15.459  0.218  57.722 0.0000000000
124561  -14.709  0.685  57.442 0.0000000000
71566  -13.709  1.078  57.205 0.0000000000
69644  -12.214  -1.773  58.187 0.0000000000
70587  -12.519  -1.000  57.715 0.0000000000
70578  -11.677  -1.220  58.356 0.0000000000
53944  -6.643  -17.072  53.425 0.0000000000
54960  -6.232  -17.055  54.538 0.0000000000
53949  -6.620  -16.822  53.080 0.0000000000
53954  -6.726  -16.836  51.826 0.0000000000
54966  -6.593  -16.762  52.750 0.0000000000
57095  -6.693  -15.728  53.115 0.0000000000
56118  -6.561  -16.180  52.065 0.0000000000
57105  -6.802  -15.796  51.642 0.0000000000
56121  -6.653  -16.221  51.508 0.0000000000
54986  -6.990  -16.622  50.751 0.0000000000
53989  -7.461  -16.479  49.575 0.0000000000
55001  -7.293  -16.141  48.999 0.0000000000
140962  -36.314  -13.876  46.721 0.0000000000
57147  -36.690  -14.291  47.000 0.0000000000
116983  -37.793  -14.315  48.351 0.0000000000
57134  -38.093  -14.032  49.297 0.0000000000
53015  -36.589  -17.834  50.223 0.0000000000
53972  -36.319  -17.090  50.224 0.0000000000
55003  -34.497  -16.143  48.876 0.0000000000
54997  -35.063  -15.806  49.555 0.0000000000
55002  -34.119  -15.709  48.452 0.0000000000
121577  -34.268  -14.698  48.572 0.0000000000
56141  -33.945  -15.144  48.234 0.0000000000
57140  -33.259  -14.496  47.110 0.0000000000
56150  -33.470  -15.089  47.510 0.0000000000
131960  -32.713  -16.358  46.193 0.0000000000
56156  -32.563  -15.400  46.234 0.0000000000
56155  -32.291  -15.650  45.638 0.0000000000
56164  -32.184  -15.105  45.096 0.0000000000
133925  -32.020  -15.897  44.822 0.0000000000
49360  -30.356  -22.443  52.135 0.0000000000
48492  -30.013  -23.039  52.590 0.0000000000
47567  -30.086  -23.629  53.039 0.0000000000
44813  -31.332  -26.847  52.576 0.0000000000
45712  -30.587  -26.248  52.698 0.0000000000
133869  -31.912  -16.636  44.530 0.0000000000
55023  -32.256  -16.364  45.335 0.0000000000
53084  -34.015  -18.625  45.391 0.0000000000
53082  -32.799  -18.051  44.924 0.0000000000
52131  -33.310  -18.927  44.735 0.0000000000
117411  -34.119  -19.662  44.828 0.0000000000
49397  -35.457  -23.033  50.008 0.0000000000
48521  -35.186  -22.853  50.937 0.0000000000
49373  -33.703  -22.377  51.539 0.0000000000
49385  -33.478  -22.241  50.891 0.0000000000
49394  -32.751  -22.698  49.978 0.0000000000
50267  -32.744  -22.430  50.568 0.0000000000
50266  -31.990  -22.509  50.455 0.0000000000
50256  -32.440  -22.334  50.767 0.0000000000
49361  -31.108  -22.196  52.062 0.0000000000
134129  -31.301  -22.198  51.262 0.0000000000
49359  -29.974  -22.059  51.881 0.0000000000
123435  -56.247  2.292  30.510 0.0000000000
72792  -56.137  1.549  30.777 0.0000000000
138702  -56.192  0.562  31.691 0.0000000000
71824  -56.275  1.240  31.628 0.0000000000
136460  -56.367  1.177  33.603 0.0000000000
71805  -56.383  0.577  33.219 0.0000000000
67992  -53.394  -3.194  33.814 0.0000000000
71850  -54.968  1.236  28.946 0.0000000000
72809  -55.460  1.920  29.134 0.0000000000
52970  -13.251  -18.942  53.427 0.0000000000
51166  -13.642  -20.450  52.608 0.0000000000
50231  -12.934  -22.036  51.934 0.0000000000
50213  -13.106  -22.012  52.695 0.0000000000
49334  -7.976  -22.977  54.387 0.0000000000
49333  -7.626  -23.496  54.108 0.0000000000
48501  -6.310  -24.800  52.032 0.0000000000
48502  -6.673  -24.460  52.507 0.0000000000
134111  -6.563  -24.462  52.051 0.0000000000
48509  -6.419  -24.496  51.582 0.0000000000
118019  -19.403  -14.855  57.566 0.0000000000
124845  -20.155  -14.877  57.577 0.0000000000
57057  -16.021  -14.835  62.344 0.0000000000
57990  -16.050  -13.451  61.886 0.0000000000
58002  -15.733  -13.355  60.495 0.0000000000
58011  -16.011  -13.371  59.309 0.0000000000
124884  -15.516  -12.992  58.432 0.0000000000
58984  -15.232  -12.460  57.682 0.0000000000
58972  -14.709  -12.816  58.400 0.0000000000
58971  -13.507  -12.380  58.876 0.0000000000
60063  -12.954  -11.851  58.409 0.0000000000
60062  -12.564  -11.166  57.933 0.0000000000
60058  -12.183  -11.509  58.977 0.0000000000
126166  -12.241  -11.919  59.933 0.0000000000
58958  -11.108  -12.284  60.876 0.0000000000
52951  -12.323  -18.871  59.068 0.0000000000
52948  -11.629  -18.121  59.392 0.0000000000
135423  -11.892  -18.226  58.723 0.0000000000
53912  -11.162  -17.615  58.679 0.0000000000
53918  -11.340  -17.197  57.670 0.0000000000
53925  -10.465  -16.847  57.029 0.0000000000
52960  -12.718  -18.618  55.045 0.0000000000
53940  -12.555  -17.961  54.485 0.0000000000
62260  -47.989  -8.801  38.868 0.0000000000
62252  -49.044  -8.869  39.755 0.0000000000
130671  -47.349  -7.959  45.399 0.0000000000
66916  -46.958  -4.922  45.807 0.0000000000
65968  -47.379  -5.606  45.177 0.0000000000
66927  -47.174  -4.156  44.883 0.0000000000
67876  -45.829  -3.725  45.213 0.0000000000
68820  -45.803  -2.121  44.799 0.0000000000
63099  -39.492  -8.250  48.010 0.0000000000
132952  -39.239  -7.122  45.391 0.0000000000
46619  -17.639  -25.520  58.915 0.0000000000
46621  -19.088  -26.392  58.044 0.0000000000
45684  -18.482  -26.903  58.644 0.0000000000
43736  -18.204  -28.147  58.686 0.0000000000
44753  -18.815  -27.845  58.473 0.0000000000
44821  -20.111  -26.744  53.189 0.0000000000
44806  -19.360  -27.086  53.738 0.0000000000
44820  -19.322  -26.767  52.807 0.0000000000
45736  -17.308  -26.344  51.448 0.0000000000
45720  -17.662  -26.671  52.226 0.0000000000
118925  -16.743  -26.606  52.084 0.0000000000
135094  -16.069  -26.778  52.799 0.0000000000
119156  -15.832  -26.398  51.906 0.0000000000
118472  -14.910  -26.176  51.593 0.0000000000
47590  -26.469  -24.879  50.224 0.0000000000
47598  -26.253  -24.000  49.588 0.0000000000
46676  -26.240  -25.506  49.780 0.0000000000
61259  -19.924  -9.971  43.498 0.0000000000
53135  -28.354  -18.697  39.967 0.0000000000
52179  -28.025  -19.353  40.682 0.0000000000
53123  -27.120  -19.122  41.047 0.0000000000
53122  -26.328  -18.708  41.516 0.0000000000
53132  -25.672  -18.157  41.047 0.0000000000
53121  -25.620  -18.347  42.013 0.0000000000
54013  -22.083  -18.188  46.990 0.0000000000
54012  -21.115  -18.106  46.902 0.0000000000
54041  -19.847  -17.347  45.554 0.0000000000
54024  -19.125  -17.196  45.996 0.0000000000
56148  -17.694  -15.837  47.460 0.0000000000
56139  -17.171  -15.670  48.793 0.0000000000
54996  -17.110  -16.569  48.488 0.0000000000
53970  -17.002  -17.969  49.788 0.0000000000
53983  -16.837  -17.299  49.616 0.0000000000
53969  -16.716  -17.615  50.356 0.0000000000
141199  -16.531  -17.216  50.989 0.0000000000
126385  -18.307  -22.423  54.059 0.0000000000
49341  -17.428  -22.578  54.863 0.0000000000
49325  -16.775  -22.396  55.723 0.0000000000
49315  -16.334  -22.372  56.586 0.0000000000
47539  -17.406  -24.845  57.614 0.0000000000
128174  -53.098  -5.723  39.328 0.0000000000
66013  -53.269  -5.168  39.079 0.0000000000
66967  -53.169  -4.391  39.249 0.0000000000
67943  -53.118  -3.151  38.863 0.0000000000
135736  -52.761  -2.476  38.786 0.0000000000
60240  -7.047  -11.917  43.226 0.0000000000
59106  -7.235  -12.340  42.963 0.0000000000
59126  -7.145  -13.159  42.531 0.0000000000
123822  -6.694  -13.894  41.910 0.0000000000
58129  -6.623  -14.008  41.193 0.0000000000
57209  -7.258  -14.872  40.099 0.0000000000
56201  -6.547  -14.798  40.221 0.0000000000
52189  -6.333  -19.173  39.773 0.0000000000
43737  -12.891  -28.185  58.822 0.0000000000
43729  -12.262  -27.717  59.333 0.0000000000
44752  -12.139  -27.955  58.552 0.0000000000
62067  -20.911  -9.406  57.499 0.0000000000
63001  -20.490  -8.764  57.504 0.0000000000
64892  -19.727  -6.344  58.793 0.0000000000
64881  -20.136  -5.750  59.832 0.0000000000
70550  -18.402  -0.664  64.628 0.0000000000
132779  -10.953  2.843  57.099 0.0000000000
74511  -7.786  2.996  54.641 0.0000000000
74526  -8.685  3.205  54.004 0.0000000000
129131  -8.695  -8.103  62.147 0.0000000000
63937  -8.272  -7.476  62.332 0.0000000000
129030  -8.162  -8.307  62.330 0.0000000000
63935  -7.180  -7.653  61.922 0.0000000000
63934  -6.943  -7.002  62.266 0.0000000000
64859  -6.557  -6.319  62.494 0.0000000000
64866  -6.207  -6.625  62.064 0.0000000000
63007  -8.618  -8.343  57.716 0.0000000000
63968  -8.344  -7.657  58.047 0.0000000000
121767  -8.491  -4.739  57.301 0.0000000000
65856  -8.309  -5.396  57.616 0.0000000000
66805  -7.491  -3.686  57.301 0.0000000000
68708  -7.219  -2.916  56.750 0.0000000000
67751  -7.997  -3.301  56.705 0.0000000000
133285  -9.661  -3.774  55.692 0.0000000000
68716  -9.113  -3.173  55.716 0.0000000000
133603  -9.320  -2.514  55.203 0.0000000000
68722  -8.434  -1.941  55.206 0.0000000000
67769  -10.728  -3.500  54.758 0.0000000000
65873  -11.471  -5.597  54.362 0.0000000000
123396  -11.628  -4.777  54.124 0.0000000000
65880  -11.715  -5.391  53.665 0.0000000000
66842  -12.004  -4.657  53.268 0.0000000000
60130  -6.556  -11.182  48.921 0.0000000000
61174  -6.589  -10.441  49.403 0.0000000000
59029  -5.983  -11.163  48.271 0.0000000000
60159  -5.804  -11.260  46.808 0.0000000000
61185  -5.731  -10.434  47.973 0.0000000000
61197  -5.894  -10.530  47.159 0.0000000000
62152  -5.825  -9.760  47.803 0.0000000000
62166  -6.192  -10.045  47.172 0.0000000000
62167  -6.717  -10.106  47.025 0.0000000000
129591  -6.540  -10.611  46.621 0.0000000000
60218  -6.333  -11.831  43.950 0.0000000000
60219  -6.861  -11.711  43.725 0.0000000000
60220  -7.128  -11.677  43.564 0.0000000000
140620  -9.514  -5.044  46.721 0.0000000000
65008  -10.504  -6.513  46.816 0.0000000000
65007  -9.867  -5.847  47.211 0.0000000000
55027  -41.678  -17.061  45.999 0.0000000000
56168  -41.335  -16.099  46.459 0.0000000000
55017  -41.901  -17.022  46.489 0.0000000000
54002  -42.285  -17.841  47.494 0.0000000000
54001  -41.885  -17.009  47.535 0.0000000000
54000  -41.290  -16.920  48.328 0.0000000000
134206  -40.671  -16.850  49.058 0.0000000000
127530  -41.007  -17.682  48.930 0.0000000000
51209  -42.733  -20.465  47.398 0.0000000000
52119  -42.633  -19.570  47.373 0.0000000000
128449  -41.724  -20.106  48.489 0.0000000000
52104  -40.013  -19.603  49.870 0.0000000000
52111  -40.873  -19.419  49.226 0.0000000000
53033  -39.799  -18.596  50.043 0.0000000000
53018  -39.008  -18.484  50.438 0.0000000000
53017  -38.025  -18.250  50.720 0.0000000000
52095  -38.440  -19.132  50.322 0.0000000000
52101  -37.297  -19.672  49.854 0.0000000000
127851  -36.644  -19.444  49.818 0.0000000000
52109  -35.865  -19.135  49.151 0.0000000000
52110  -36.432  -19.762  48.638 0.0000000000
53093  -41.797  -19.204  45.161 0.0000000000
55035  -41.564  -17.785  45.692 0.0000000000
55034  -41.068  -17.324  45.330 0.0000000000
45730  -35.460  -26.513  51.892 0.0000000000
44830  -35.003  -27.136  52.095 0.0000000000
44839  -35.596  -27.422  51.537 0.0000000000
42774  -36.995  -28.823  49.488 0.0000000000
42756  -36.355  -28.986  50.076 0.0000000000
43852  -38.255  -28.581  47.918 0.0000000000
52118  -36.557  -19.783  47.571 0.0000000000
49408  -38.132  -23.118  48.651 0.0000000000
49422  -37.794  -22.919  48.095 0.0000000000
138611  -39.917  -23.865  49.172 0.0000000000
135118  -39.448  -23.947  49.305 0.0000000000
48523  -37.962  -24.194  49.880 0.0000000000
136527  -37.320  -23.899  50.116 0.0000000000
128245  -36.672  -23.722  50.695 0.0000000000
48516  -37.230  -24.202  50.699 0.0000000000
46666  -36.568  -25.429  51.338 0.0000000000
131194  -35.820  -25.674  51.791 0.0000000000
46659  -35.264  -24.972  52.203 0.0000000000
68958  -54.717  -1.948  31.126 0.0000000000
68957  -54.002  -2.412  30.688 0.0000000000
68008  -55.726  -3.290  32.804 0.0000000000
68009  -56.041  -2.987  33.212 0.0000000000
67058  -55.995  -3.711  33.347 0.0000000000
67067  -55.213  -4.659  32.408 0.0000000000
66056  -55.621  -5.398  33.015 0.0000000000
128971  -55.953  -5.227  34.337 0.0000000000
67031  -56.094  -4.267  34.155 0.0000000000
67982  -56.187  -3.558  34.066 0.0000000000
67980  -54.851  -3.535  34.469 0.0000000000
67029  -54.592  -4.509  34.526 0.0000000000
67027  -51.540  -4.884  34.121 0.0000000000
131541  -13.738  -21.146  56.802 0.0000000000
50186  -13.715  -21.209  55.968 0.0000000000
134085  -13.217  -23.166  56.562 0.0000000000
136765  -13.343  -22.845  55.825 0.0000000000
48448  -13.051  -23.653  58.051 0.0000000000
49313  -10.001  -23.166  56.221 0.0000000000
49312  -8.992  -22.984  56.227 0.0000000000
48464  -7.615  -23.575  56.567 0.0000000000
48463  -6.839  -23.822  56.329 0.0000000000
48476  -6.325  -24.238  55.341 0.0000000000
48462  -6.169  -24.110  56.060 0.0000000000
53919  -15.657  -17.187  58.221 0.0000000000
54945  -16.040  -16.396  58.176 0.0000000000
53906  -15.624  -17.345  60.093 0.0000000000
121290  -16.576  -16.521  60.283 0.0000000000
54933  -16.041  -16.864  60.623 0.0000000000
51119  -15.635  -20.301  61.760 0.0000000000
52942  -15.326  -19.457  61.844 0.0000000000
54929  -15.843  -16.768  61.504 0.0000000000
54926  -15.423  -16.429  62.347 0.0000000000
56068  -16.005  -15.661  62.212 0.0000000000
56062  -14.270  -15.912  63.125 0.0000000000
56065  -13.787  -15.121  63.061 0.0000000000
136221  -14.059  -14.447  62.690 0.0000000000
136282  -12.906  -16.457  63.265 0.0000000000
53890  -12.625  -18.204  62.887 0.0000000000
53893  -11.468  -17.658  61.787 0.0000000000
51117  -13.313  -20.122  62.131 0.0000000000
51121  -13.184  -20.145  61.462 0.0000000000
52037  -12.846  -19.504  60.884 0.0000000000
52036  -12.076  -18.606  59.917 0.0000000000
138880  -13.447  -20.510  57.094 0.0000000000
138939  -46.242  -11.351  42.321 0.0000000000
60257  -46.616  -10.903  42.605 0.0000000000
60256  -46.415  -11.703  42.984 0.0000000000
58096  -44.507  -12.828  43.296 0.0000000000
60196  -46.099  -11.317  45.254 0.0000000000
59083  -46.088  -12.288  44.132 0.0000000000
60216  -46.421  -11.690  44.599 0.0000000000
60217  -46.778  -11.107  44.117 0.0000000000
61245  -46.990  -9.969  45.006 0.0000000000
129332  -46.662  -10.015  45.367 0.0000000000
120429  -46.195  -8.915  45.613 0.0000000000
63127  -35.349  -9.269  44.703 0.0000000000
63142  -36.085  -8.725  44.420 0.0000000000
141015  -35.622  -8.927  43.943 0.0000000000
63168  -35.185  -8.549  42.324 0.0000000000
64141  -35.641  -8.066  41.549 0.0000000000
139225  -35.181  -7.942  40.953 0.0000000000
139726  -33.450  -8.535  40.941 0.0000000000
63175  -33.311  -8.076  40.299 0.0000000000
65075  -34.826  -6.320  39.678 0.0000000000
64154  -35.166  -7.162  39.749 0.0000000000
131188  -20.083  -24.822  56.497 0.0000000000
48470  -20.624  -24.044  56.459 0.0000000000
47546  -21.277  -24.698  56.725 0.0000000000
45693  -21.310  -26.409  56.594 0.0000000000
46637  -21.643  -25.686  56.040 0.0000000000
48484  -23.059  -23.062  55.968 0.0000000000
48473  -22.450  -23.438  56.191 0.0000000000
47554  -22.863  -23.847  55.626 0.0000000000
46646  -22.475  -25.572  53.979 0.0000000000
45699  -22.169  -26.080  54.386 0.0000000000
45707  -21.329  -26.561  53.630 0.0000000000
121823  -20.995  -25.683  51.550 0.0000000000
46662  -20.404  -25.682  50.986 0.0000000000
52124  -27.830  -20.181  46.828 0.0000000000
52130  -26.905  -19.722  45.439 0.0000000000
52123  -27.109  -19.742  46.519 0.0000000000
53061  -25.986  -18.825  47.930 0.0000000000
53071  -25.946  -18.908  46.875 0.0000000000
123182  -25.410  -18.627  47.231 0.0000000000
117150  -24.923  -18.439  50.448 0.0000000000
53028  -25.526  -18.518  49.681 0.0000000000
117149  -23.949  -18.457  49.425 0.0000000000
53059  -23.454  -18.416  48.123 0.0000000000
53058  -22.636  -18.362  47.754 0.0000000000
53041  -22.871  -18.436  48.572 0.0000000000
140878  -21.344  -18.806  49.409 0.0000000000
53024  -20.598  -18.851  49.033 0.0000000000
52090  -20.345  -19.569  50.561 0.0000000000
52073  -20.870  -19.986  51.862 0.0000000000
137662  -20.216  -19.997  51.213 0.0000000000
52072  -20.056  -20.490  51.713 0.0000000000
120453  -21.879  -19.961  53.450 0.0000000000
50219  -20.966  -21.400  54.098 0.0000000000
50201  -19.302  -22.127  53.603 0.0000000000
136034  -19.948  -22.975  55.001 0.0000000000
72681  -52.088  1.766  41.271 0.0000000000
72688  -52.038  2.078  40.664 0.0000000000
73664  -51.889  2.760  41.117 0.0000000000
124295  -5.611  -14.363  45.961 0.0000000000
128700  -5.286  -14.876  44.664 0.0000000000
117094  -5.723  -15.155  45.327 0.0000000000
56169  -5.793  -16.029  44.235 0.0000000000
55037  -6.129  -16.484  43.356 0.0000000000
133890  -7.349  -16.376  45.834 0.0000000000
54036  -7.261  -16.513  45.203 0.0000000000
54051  -7.400  -16.735  44.277 0.0000000000
54076  -8.207  -17.587  42.490 0.0000000000
54064  -7.337  -17.050  43.143 0.0000000000
54075  -7.313  -17.530  41.954 0.0000000000
54074  -6.332  -17.298  41.774 0.0000000000
53118  -6.240  -18.412  40.622 0.0000000000
44786  -10.186  -27.666  53.843 0.0000000000
62969  -18.906  -8.009  60.903 0.0000000000
62973  -18.217  -7.984  60.539 0.0000000000
65817  -17.438  -6.035  61.954 0.0000000000
64868  -17.736  -6.736  61.572 0.0000000000
65809  -17.741  -5.872  62.874 0.0000000000
65802  -18.124  -5.457  63.564 0.0000000000
66758  -17.388  -5.117  63.098 0.0000000000
67723  -16.510  -4.016  59.579 0.0000000000
66771  -16.566  -4.781  60.542 0.0000000000
67718  -16.503  -3.859  60.632 0.0000000000
68661  -16.757  -2.783  62.902 0.0000000000
67706  -17.073  -3.453  63.516 0.0000000000
68662  -16.826  -2.739  63.931 0.0000000000
68657  -17.446  -2.426  64.350 0.0000000000
69614  -16.666  -1.908  64.066 0.0000000000
71528  -16.203  0.394  64.043 0.0000000000
71529  -16.808  0.188  64.550 0.0000000000
72510  -15.905  1.034  59.710 0.0000000000
72528  -12.891  1.688  57.360 0.0000000000
122004  -11.089  2.253  57.325 0.0000000000
73491  -11.519  3.126  57.910 0.0000000000
72526  -9.913  1.268  57.044 0.0000000000
71562  -9.340  0.780  57.432 0.0000000000
58020  -7.368  -13.271  57.669 0.0000000000
58970  -7.638  -12.386  58.163 0.0000000000
60061  -7.909  -10.825  58.631 0.0000000000
125445  -7.806  -11.630  58.063 0.0000000000
135597  -6.576  -15.318  55.032 0.0000000000
134533  -6.942  -14.718  55.602 0.0000000000
57085  -7.227  -14.434  55.070 0.0000000000
58994  -8.371  -13.037  55.522 0.0000000000
58993  -7.904  -13.522  55.972 0.0000000000
60078  -8.015  -11.735  57.268 0.0000000000
60079  -8.678  -11.202  56.800 0.0000000000
61115  -8.424  -10.382  57.404 0.0000000000
60093  -9.502  -11.568  54.574 0.0000000000
61129  -10.276  -10.435  55.409 0.0000000000
62086  -10.391  -9.792  55.829 0.0000000000
62093  -10.647  -9.918  54.843 0.0000000000
60107  -9.145  -12.169  51.823 0.0000000000
126541  -9.135  -11.240  51.575 0.0000000000
57113  -7.337  -15.006  50.857 0.0000000000
58041  -7.826  -14.240  51.313 0.0000000000
124554  -7.477  -13.452  49.440 0.0000000000
59021  -7.609  -12.676  49.444 0.0000000000
59020  -7.206  -12.755  48.964 0.0000000000
125510  -7.103  -11.880  49.124 0.0000000000
118704  -6.904  -12.890  48.555 0.0000000000
57137  -6.121  -14.051  46.797 0.0000000000
58072  -5.470  -13.429  46.129 0.0000000000
72612  -11.711  0.856  48.898 0.0000000000
71654  -12.173  0.141  48.304 0.0000000000
70666  -12.336  -0.975  48.156 0.0000000000
120455  -12.297  -0.446  48.866 0.0000000000
60169  -38.237  -10.848  46.389 0.0000000000
131096  -38.848  -10.900  45.633 0.0000000000
61223  -39.059  -10.564  47.255 0.0000000000
60156  -36.820  -12.040  47.920 0.0000000000
60167  -36.780  -11.910  47.114 0.0000000000
61193  -37.900  -10.826  48.562 0.0000000000
61194  -38.341  -10.409  48.857 0.0000000000
61184  -38.549  -10.019  48.873 0.0000000000
62150  -38.968  -9.471  48.562 0.0000000000
62142  -38.275  -9.587  49.179 0.0000000000
62141  -37.122  -9.259  49.874 0.0000000000
62149  -37.383  -8.744  49.226 0.0000000000
56152  -40.581  -15.293  47.681 0.0000000000
57143  -39.882  -14.823  47.954 0.0000000000
57136  -40.166  -14.950  48.402 0.0000000000
57119  -38.804  -15.016  50.445 0.0000000000
57125  -38.467  -14.558  50.214 0.0000000000
58047  -37.652  -14.039  50.344 0.0000000000
54983  -36.383  -15.545  50.499 0.0000000000
121924  -36.197  -14.689  50.527 0.0000000000
59018  -35.250  -12.935  49.984 0.0000000000
126956  -35.872  -13.685  50.633 0.0000000000
59008  -35.988  -12.645  50.740 0.0000000000
59009  -36.195  -12.477  50.701 0.0000000000
60127  -35.924  -11.563  50.650 0.0000000000
61169  -36.256  -10.704  50.567 0.0000000000
60138  -35.515  -11.139  49.999 0.0000000000
136648  -34.993  -10.663  48.410 0.0000000000
126264  -35.607  -9.396  47.644 0.0000000000
62178  -34.987  -10.050  47.175 0.0000000000
116671  -34.788  -9.884  46.283 0.0000000000
61240  -33.464  -10.412  45.437 0.0000000000
61254  -32.851  -10.499  44.856 0.0000000000
58075  -32.947  -13.161  46.214 0.0000000000
59094  -31.692  -12.342  43.339 0.0000000000
59074  -31.906  -12.098  44.124 0.0000000000
60229  -31.591  -11.425  43.460 0.0000000000
60230  -31.757  -10.766  43.721 0.0000000000
131998  -31.117  -11.064  42.512 0.0000000000
59133  -31.091  -12.210  41.124 0.0000000000
60284  -30.725  -11.448  40.377 0.0000000000
59142  -30.823  -12.448  40.108 0.0000000000
51149  -26.716  -19.452  54.281 0.0000000000
50223  -27.819  -21.222  53.272 0.0000000000
49370  -27.924  -22.140  52.803 0.0000000000
49369  -27.125  -21.642  52.443 0.0000000000
136521  -27.895  -22.947  52.534 0.0000000000
47560  -29.415  -23.941  52.537 0.0000000000
48489  -28.963  -23.574  52.394 0.0000000000
47559  -28.824  -24.009  52.326 0.0000000000
46656  -28.632  -25.619  52.117 0.0000000000
47565  -28.363  -24.700  52.444 0.0000000000
47573  -27.821  -24.824  52.268 0.0000000000
46654  -27.544  -25.535  51.893 0.0000000000
45725  -27.537  -26.110  51.648 0.0000000000
43803  -34.404  -28.608  51.480 0.0000000000
43791  -33.799  -28.130  52.164 0.0000000000
43802  -33.557  -28.588  51.584 0.0000000000
59155  -30.485  -12.680  39.286 0.0000000000
124046  -31.177  -15.012  40.652 0.0000000000
140639  -30.790  -15.693  40.450 0.0000000000
118525  -30.301  -16.002  39.876 0.0000000000
138217  -30.541  -16.320  40.676 0.0000000000
55043  -31.492  -16.856  43.716 0.0000000000
55042  -31.276  -16.363  43.120 0.0000000000
54070  -31.182  -17.117  42.919 0.0000000000
53110  -31.340  -18.852  42.492 0.0000000000
54081  -30.883  -17.583  42.143 0.0000000000
53109  -30.944  -18.519  42.000 0.0000000000
53124  -30.448  -18.376  41.403 0.0000000000
52181  -29.761  -18.991  40.732 0.0000000000
134631  -30.142  -19.454  41.341 0.0000000000
51238  -30.287  -20.992  42.827 0.0000000000
125232  -29.336  -21.139  43.177 0.0000000000
51207  -37.045  -20.477  46.890 0.0000000000
52126  -36.120  -19.388  46.315 0.0000000000
51214  -36.632  -20.280  46.093 0.0000000000
50316  -35.526  -21.830  45.596 0.0000000000
50331  -34.627  -22.003  45.346 0.0000000000
138676  -34.593  -21.217  44.878 0.0000000000
134013  -34.447  -23.365  49.009 0.0000000000
49419  -34.863  -23.448  48.003 0.0000000000
48529  -33.981  -23.456  48.538 0.0000000000
136315  -32.348  -22.776  47.150 0.0000000000
49438  -32.542  -22.500  46.122 0.0000000000
49447  -32.612  -22.196  45.363 0.0000000000
50315  -31.869  -22.242  45.684 0.0000000000
138854  -29.879  -21.764  46.380 0.0000000000
50327  -30.364  -21.984  45.837 0.0000000000
50326  -29.527  -21.686  45.636 0.0000000000
50340  -28.831  -21.452  44.987 0.0000000000
140377  -28.702  -21.006  46.449 0.0000000000
51197  -29.479  -20.897  48.674 0.0000000000
51196  -28.806  -20.510  48.197 0.0000000000
52107  -28.333  -19.989  48.707 0.0000000000
51188  -29.763  -21.198  49.879 0.0000000000
51185  -29.604  -21.100  50.547 0.0000000000
131822  -28.821  -19.996  51.472 0.0000000000
52093  -28.962  -20.093  50.932 0.0000000000
52092  -28.475  -19.437  51.365 0.0000000000
127892  -27.990  -18.889  51.478 0.0000000000
52999  -27.935  -18.908  51.903 0.0000000000
52066  -27.659  -19.193  53.777 0.0000000000
52968  -27.090  -18.860  54.154 0.0000000000
52967  -26.154  -18.768  54.412 0.0000000000
75759  -56.634  5.037  28.621 0.0000000000
75750  -56.650  5.072  29.277 0.0000000000
140669  -57.032  5.162  31.252 0.0000000000
76742  -56.572  6.048  32.677 0.0000000000
75707  -56.295  5.000  32.919 0.0000000000
73759  -56.416  2.633  31.510 0.0000000000
123971  -56.613  3.228  31.119 0.0000000000
74745  -55.621  4.042  34.069 0.0000000000
74746  -56.077  4.109  33.274 0.0000000000
75694  -55.246  4.664  34.432 0.0000000000
76712  -54.175  5.454  34.432 0.0000000000
75692  -53.893  4.617  34.504 0.0000000000
68946  -55.796  -1.857  32.329 0.0000000000
69895  -55.915  -0.985  32.020 0.0000000000
69852  -55.707  -0.913  34.447 0.0000000000
70799  -56.117  -0.086  34.192 0.0000000000
71794  -56.008  0.755  34.340 0.0000000000
121964  -55.457  0.077  34.406 0.0000000000
69863  -53.663  -1.515  33.583 0.0000000000
71814  -53.283  0.108  33.125 0.0000000000
71803  -53.803  0.674  33.637 0.0000000000
71802  -53.017  1.032  33.037 0.0000000000
75758  -56.303  4.522  28.502 0.0000000000
75770  -56.337  4.694  27.833 0.0000000000
75771  -56.671  5.025  28.099 0.0000000000
53957  -10.801  -16.652  50.688 0.0000000000
117989  -11.051  -16.736  50.029 0.0000000000
53967  -11.714  -16.945  50.444 0.0000000000
53000  -12.969  -18.195  49.598 0.0000000000
53036  -13.341  -18.895  48.137 0.0000000000
52105  -13.652  -19.577  48.651 0.0000000000
52087  -13.640  -19.659  51.271 0.0000000000
124695  -12.752  -21.593  49.051 0.0000000000
50286  -13.225  -21.133  48.641 0.0000000000
51194  -13.126  -21.086  47.757 0.0000000000
50297  -11.436  -21.814  47.628 0.0000000000
50295  -9.344  -21.935  47.855 0.0000000000
133498  -13.312  -22.432  54.693 0.0000000000
50188  -13.520  -21.679  54.678 0.0000000000
49366  -10.494  -22.718  52.970 0.0000000000
49377  -10.479  -22.681  52.099 0.0000000000
50210  -8.372  -22.763  53.236 0.0000000000
50211  -8.586  -22.610  53.356 0.0000000000
50228  -8.392  -22.940  52.557 0.0000000000
50244  -8.663  -22.874  51.693 0.0000000000
117281  -8.844  -22.610  50.770 0.0000000000
128735  -9.279  -22.465  50.886 0.0000000000
127183  -8.818  -22.545  49.897 0.0000000000
58998  -20.725  -12.970  53.799 0.0000000000
60101  -20.628  -12.222  53.385 0.0000000000
60102  -20.915  -11.785  54.041 0.0000000000
118275  -20.484  -13.909  54.911 0.0000000000
139830  -20.609  -13.674  54.651 0.0000000000
58028  -22.180  -13.378  56.066 0.0000000000
141137  -21.866  -12.799  55.625 0.0000000000
60089  -21.599  -11.900  55.463 0.0000000000
60066  -21.807  -11.449  58.266 0.0000000000
61108  -21.474  -10.568  58.688 0.0000000000
56094  -17.360  -15.609  58.387 0.0000000000
56085  -19.056  -15.627  59.687 0.0000000000
56091  -19.799  -15.182  59.191 0.0000000000
57068  -18.729  -14.768  60.908 0.0000000000
57998  -18.135  -13.907  60.690 0.0000000000
58014  -19.081  -13.161  59.096 0.0000000000
58006  -19.621  -13.878  60.000 0.0000000000
58007  -20.473  -14.016  59.503 0.0000000000
58016  -20.919  -13.354  58.963 0.0000000000
58977  -20.287  -12.516  58.657 0.0000000000
61113  -19.396  -10.994  57.995 0.0000000000
121299  -19.952  -10.748  58.770 0.0000000000
62051  -19.240  -9.634  59.598 0.0000000000
139335  -17.399  -9.787  57.059 0.0000000000
62999  -17.296  -8.812  58.095 0.0000000000
62988  -17.082  -8.230  58.592 0.0000000000
62998  -16.757  -8.489  57.708 0.0000000000
60083  -15.344  -11.294  56.767 0.0000000000
131839  -15.877  -11.096  56.574 0.0000000000
61120  -15.266  -10.608  56.490 0.0000000000
63011  -14.093  -8.488  56.449 0.0000000000
119666  -14.873  -8.965  56.409 0.0000000000
62997  -15.840  -7.799  57.072 0.0000000000
64913  -15.368  -7.162  56.890 0.0000000000
64901  -15.654  -6.653  57.242 0.0000000000
64912  -14.489  -7.059  56.634 0.0000000000
64899  -13.245  -6.526  56.978 0.0000000000
65847  -13.643  -5.875  56.869 0.0000000000
65846  -13.013  -5.721  57.257 0.0000000000
66783  -11.991  -4.778  58.315 0.0000000000
65834  -12.270  -5.563  57.881 0.0000000000
130332  -10.991  -7.335  58.885 0.0000000000
130591  -11.173  -6.303  58.687 0.0000000000
63950  -10.337  -7.369  59.774 0.0000000000
61099  -11.043  -10.661  59.629 0.0000000000
62045  -9.866  -9.172  60.627 0.0000000000
62044  -9.428  -8.926  61.409 0.0000000000
62971  -9.198  -8.341  61.748 0.0000000000
60049  -8.224  -11.218  61.961 0.0000000000
60048  -7.804  -11.154  61.890 0.0000000000
132586  -7.980  -11.713  61.759 0.0000000000
56070  -11.473  -15.074  61.867 0.0000000000
57985  -10.999  -13.657  61.355 0.0000000000
53900  -10.008  -16.816  60.236 0.0000000000
54931  -8.732  -16.086  60.215 0.0000000000
122662  -9.223  -15.841  60.606 0.0000000000
57067  -8.718  -14.940  60.869 0.0000000000
57983  -8.946  -13.461  61.317 0.0000000000
138530  -8.032  -14.680  60.784 0.0000000000
57065  -7.636  -14.885  60.524 0.0000000000
58962  -8.000  -13.108  60.726 0.0000000000
57070  -7.096  -14.656  59.988 0.0000000000
53907  -6.641  -17.077  58.013 0.0000000000
56088  -6.588  -16.070  58.676 0.0000000000
53921  -6.374  -17.166  57.206 0.0000000000
121934  -6.458  -17.343  56.539 0.0000000000
128010  -9.426  -16.841  56.762 0.0000000000
53924  -8.651  -17.089  57.003 0.0000000000
54949  -9.867  -16.687  56.184 0.0000000000
139090  -9.064  -16.535  54.796 0.0000000000
54954  -8.261  -16.856  55.207 0.0000000000
53938  -7.241  -17.251  54.696 0.0000000000
54967  -8.267  -16.788  53.539 0.0000000000
54975  -10.315  -16.427  52.227 0.0000000000
54974  -9.350  -16.466  52.458 0.0000000000
62310  -50.797  -9.390  35.421 0.0000000000
62295  -52.167  -9.649  36.436 0.0000000000
116957  -52.554  -9.797  37.203 0.0000000000
117824  -49.589  -8.787  37.444 0.0000000000
135489  -49.842  -9.085  36.562 0.0000000000
62278  -50.318  -8.950  37.748 0.0000000000
62255  -51.861  -8.697  38.947 0.0000000000
62265  -52.655  -9.262  38.450 0.0000000000
128916  -52.172  -8.297  39.392 0.0000000000
64168  -52.314  -7.774  39.679 0.0000000000
129148  -51.060  -6.257  40.426 0.0000000000
66010  -51.784  -5.614  40.532 0.0000000000
65997  -51.643  -4.800  40.482 0.0000000000
67916  -51.976  -3.540  40.504 0.0000000000
66953  -51.655  -4.093  40.498 0.0000000000
60305  -46.257  -10.074  40.287 0.0000000000
61304  -46.988  -9.415  40.042 0.0000000000
60291  -46.918  -9.830  40.688 0.0000000000
121433  -48.341  -8.811  41.482 0.0000000000
63178  -48.781  -8.283  41.086 0.0000000000
64123  -48.332  -7.413  43.315 0.0000000000
123306  -49.130  -7.421  40.795 0.0000000000
121656  -49.037  -6.057  40.873 0.0000000000
65995  -50.155  -5.935  40.625 0.0000000000
128863  -49.407  -4.974  40.831 0.0000000000
68856  -49.468  -2.608  41.480 0.0000000000
67914  -49.795  -3.295  41.051 0.0000000000
68857  -50.281  -2.535  41.122 0.0000000000
68858  -51.088  -2.614  40.847 0.0000000000
69803  -50.892  -1.765  41.319 0.0000000000
70739  -51.162  -0.952  41.635 0.0000000000
69793  -50.353  -1.121  41.759 0.0000000000
71710  -50.134  0.334  42.486 0.0000000000
71709  -49.358  0.048  42.731 0.0000000000
128484  -49.123  0.935  43.008 0.0000000000
69778  -47.564  -1.797  44.026 0.0000000000
121118  -47.494  -1.041  44.246 0.0000000000
60191  -40.265  -11.451  45.244 0.0000000000
130423  -40.857  -11.625  45.778 0.0000000000
61226  -41.536  -10.726  47.060 0.0000000000
60173  -42.025  -11.323  46.662 0.0000000000
60174  -42.990  -11.097  46.858 0.0000000000
130849  -42.869  -10.162  46.801 0.0000000000
63114  -40.846  -8.035  47.028 0.0000000000
123713  -41.304  -8.705  47.069 0.0000000000
63115  -41.472  -8.335  46.704 0.0000000000
121899  -42.094  -8.312  46.297 0.0000000000
63117  -42.898  -8.892  45.999 0.0000000000
62182  -43.110  -9.580  46.452 0.0000000000
134945  -44.411  -9.082  45.518 0.0000000000
63133  -43.609  -8.642  45.300 0.0000000000
64119  -43.272  -7.843  43.484 0.0000000000
140807  -43.905  -8.146  43.693 0.0000000000
64120  -44.108  -7.666  43.307 0.0000000000
64135  -44.105  -6.938  42.597 0.0000000000
63143  -36.653  -8.171  44.072 0.0000000000
63144  -37.381  -7.874  44.620 0.0000000000
64113  -37.288  -7.642  43.628 0.0000000000
65045  -38.632  -6.782  42.646 0.0000000000
65035  -39.329  -6.634  43.201 0.0000000000
65046  -39.440  -6.736  42.111 0.0000000000
65081  -40.383  -6.043  40.361 0.0000000000
65061  -40.806  -6.563  40.866 0.0000000000
65062  -42.135  -6.581  41.486 0.0000000000
65083  -42.371  -6.145  40.820 0.0000000000
65064  -43.680  -6.165  41.367 0.0000000000
66950  -44.496  -4.986  41.461 0.0000000000
65984  -45.088  -5.721  42.104 0.0000000000
66941  -45.073  -4.617  42.398 0.0000000000
67899  -44.675  -3.552  42.411 0.0000000000
46601  -15.865  -25.193  62.315 0.0000000000
45666  -16.416  -26.345  61.477 0.0000000000
45665  -15.524  -26.573  61.722 0.0000000000
44736  -15.276  -27.888  60.924 0.0000000000
124362  -17.388  -26.532  59.978 0.0000000000
43734  -15.996  -28.537  59.949 0.0000000000
43733  -15.304  -28.778  59.858 0.0000000000
43725  -14.792  -28.427  60.471 0.0000000000
136528  -13.455  -28.498  59.336 0.0000000000
43739  -14.143  -28.891  59.274 0.0000000000
123720  -14.614  -28.618  57.475 0.0000000000
43744  -13.766  -28.469  57.631 0.0000000000
44773  -13.543  -28.079  56.689 0.0000000000
46626  -19.571  -25.965  57.544 0.0000000000
129727  -19.857  -28.028  57.197 0.0000000000
43748  -19.272  -28.321  57.351 0.0000000000
43747  -18.712  -28.466  57.202 0.0000000000
43759  -18.658  -28.382  56.644 0.0000000000
44794  -18.726  -27.533  54.564 0.0000000000
138025  -19.121  -27.700  55.060 0.0000000000
43775  -17.966  -27.847  55.010 0.0000000000
138819  -16.439  -28.046  55.280 0.0000000000
43766  -17.138  -28.063  55.353 0.0000000000
136803  -16.361  -28.187  55.923 0.0000000000
43756  -15.776  -28.362  56.719 0.0000000000
117980  -13.277  -27.027  55.064 0.0000000000
44782  -12.582  -27.175  55.576 0.0000000000
44787  -10.906  -27.284  54.471 0.0000000000
117651  -11.866  -27.016  54.047 0.0000000000
51174  -25.814  -20.309  53.873 0.0000000000
51173  -25.124  -20.684  53.613 0.0000000000
50250  -24.554  -21.687  51.691 0.0000000000
49380  -23.951  -22.407  51.733 0.0000000000
119926  -23.769  -22.733  50.860 0.0000000000
49402  -25.420  -22.863  49.253 0.0000000000
122080  -22.986  -23.012  48.781 0.0000000000
48519  -23.332  -23.203  50.473 0.0000000000
48518  -22.884  -23.825  50.066 0.0000000000
47589  -22.408  -24.492  50.547 0.0000000000
47615  -20.295  -24.316  47.603 0.0000000000
138762  -20.924  -24.578  48.911 0.0000000000
47605  -20.328  -24.647  48.546 0.0000000000
47594  -19.751  -24.926  48.859 0.0000000000
117521  -19.591  -24.679  48.213 0.0000000000
61187  -20.459  -10.481  48.399 0.0000000000
61176  -20.443  -10.323  49.276 0.0000000000
58157  -30.085  -12.970  38.581 0.0000000000
59170  -29.612  -12.478  38.108 0.0000000000
58156  -29.606  -13.287  37.974 0.0000000000
56251  -28.203  -15.153  37.516 0.0000000000
58166  -28.186  -13.762  37.339 0.0000000000
57243  -27.840  -14.541  37.315 0.0000000000
58165  -26.933  -13.231  37.441 0.0000000000
57242  -26.934  -14.613  37.308 0.0000000000
54133  -27.204  -17.315  38.561 0.0000000000
54132  -26.282  -17.247  38.702 0.0000000000
117408  -24.811  -16.197  38.549 0.0000000000
55125  -25.368  -15.849  37.917 0.0000000000
56248  -25.138  -15.103  37.677 0.0000000000
57241  -25.930  -14.653  37.404 0.0000000000
125495  -24.304  -14.845  37.943 0.0000000000
56221  -22.848  -15.179  39.683 0.0000000000
57216  -22.459  -14.315  39.590 0.0000000000
58136  -21.785  -13.322  40.130 0.0000000000
57215  -21.759  -13.994  40.233 0.0000000000
52136  -26.429  -19.278  44.692 0.0000000000
52142  -26.516  -19.406  43.780 0.0000000000
53090  -25.930  -18.899  44.192 0.0000000000
53099  -25.341  -18.532  43.764 0.0000000000
54079  -24.314  -17.757  42.722 0.0000000000
54044  -22.154  -17.636  45.558 0.0000000000
54057  -22.460  -17.451  44.752 0.0000000000
55040  -22.224  -16.685  43.378 0.0000000000
55050  -22.538  -16.317  42.465 0.0000000000
55051  -23.345  -16.790  42.311 0.0000000000
56192  -22.382  -15.737  41.699 0.0000000000
57188  -20.823  -14.097  41.626 0.0000000000
58119  -20.872  -13.511  41.265 0.0000000000
58103  -20.354  -13.354  41.946 0.0000000000
59114  -20.186  -12.359  41.974 0.0000000000
130482  -19.869  -12.906  42.485 0.0000000000
58090  -18.849  -13.691  43.768 0.0000000000
58091  -19.232  -13.071  43.138 0.0000000000
58084  -18.719  -12.903  43.964 0.0000000000
59069  -18.954  -12.135  44.307 0.0000000000
59055  -18.706  -12.803  44.856 0.0000000000
56170  -18.698  -15.160  45.034 0.0000000000
59056  -18.849  -12.621  45.795 0.0000000000
59048  -19.131  -12.269  46.601 0.0000000000
132270  -18.957  -12.551  47.252 0.0000000000
59031  -19.467  -12.446  48.906 0.0000000000
59032  -19.951  -11.818  49.241 0.0000000000
131435  -19.698  -12.314  49.691 0.0000000000
58050  -19.219  -13.070  50.557 0.0000000000
58038  -18.978  -13.507  51.997 0.0000000000
57108  -17.984  -13.866  51.583 0.0000000000
56128  -17.100  -15.197  50.456 0.0000000000
125761  -16.972  -14.852  51.990 0.0000000000
57107  -17.588  -14.291  52.246 0.0000000000
56120  -17.212  -14.673  52.755 0.0000000000
57097  -17.779  -14.437  53.462 0.0000000000
56117  -16.755  -15.040  53.443 0.0000000000
52088  -18.452  -19.487  50.234 0.0000000000
52079  -16.950  -19.206  51.642 0.0000000000
52070  -16.660  -19.145  52.404 0.0000000000
51155  -17.215  -20.970  52.995 0.0000000000
50215  -16.724  -20.874  53.635 0.0000000000
52054  -16.074  -19.503  54.508 0.0000000000
127436  -16.412  -19.636  53.586 0.0000000000
131725  -16.174  -18.749  53.742 0.0000000000
52958  -15.552  -18.227  55.980 0.0000000000
53935  -15.533  -17.889  55.030 0.0000000000
134353  -15.478  -17.633  56.559 0.0000000000
53928  -15.528  -17.456  57.293 0.0000000000
135753  -15.556  -19.394  57.795 0.0000000000
52044  -15.506  -19.464  58.710 0.0000000000
49310  -16.101  -22.393  57.583 0.0000000000
49306  -16.169  -22.315  58.720 0.0000000000
129614  -16.380  -22.243  59.845 0.0000000000
51128  -15.955  -20.923  59.817 0.0000000000
47511  -16.708  -24.361  61.801 0.0000000000
131171  -16.553  -22.987  61.853 0.0000000000
47507  -15.904  -23.865  62.499 0.0000000000
78762  -57.844  7.645  30.266 0.0000000000
77773  -57.502  7.204  30.753 0.0000000000
125356  -52.916  -8.761  34.647 0.0000000000
63224  -54.949  -8.567  35.759 0.0000000000
63235  -54.925  -8.539  35.227 0.0000000000
64185  -55.267  -7.915  35.575 0.0000000000
66030  -53.092  -6.518  38.546 0.0000000000
65114  -52.501  -6.648  36.796 0.0000000000
65120  -53.064  -6.620  36.067 0.0000000000
65119  -52.046  -6.343  36.022 0.0000000000
66035  -49.709  -5.174  36.129 0.0000000000
66041  -51.248  -5.836  35.798 0.0000000000
57166  -5.102  -14.985  43.415 0.0000000000
57176  -5.256  -14.976  42.648 0.0000000000
137744  -5.350  -15.201  41.984 0.0000000000
55084  -5.916  -16.586  39.327 0.0000000000
55085  -6.828  -15.828  38.965 0.0000000000
54008  -11.597  -17.532  47.839 0.0000000000
139042  -11.144  -17.153  47.384 0.0000000000
53076  -12.027  -18.228  45.211 0.0000000000
46603  -14.453  -25.653  61.840 0.0000000000
47509  -13.921  -25.129  61.453 0.0000000000
46602  -13.597  -25.941  61.350 0.0000000000
46608  -11.608  -25.963  60.863 0.0000000000
46614  -10.835  -25.566  60.268 0.0000000000
133382  -10.079  -25.567  60.204 0.0000000000
44741  -10.804  -27.030  59.455 0.0000000000
45679  -11.129  -26.714  60.111 0.0000000000
45678  -10.454  -26.615  59.806 0.0000000000
45675  -8.241  -25.665  58.699 0.0000000000
131252  -9.304  -26.000  59.583 0.0000000000
126149  -8.528  -25.257  59.136 0.0000000000
46613  -8.906  -24.969  59.395 0.0000000000
47519  -8.436  -24.709  58.725 0.0000000000
47528  -8.010  -24.334  58.151 0.0000000000
47518  -7.905  -24.787  58.304 0.0000000000
46629  -5.649  -25.613  56.697 0.0000000000
46622  -6.384  -25.231  56.947 0.0000000000
45691  -5.078  -26.024  56.313 0.0000000000
46636  -5.000  -25.528  55.604 0.0000000000
61153  -20.125  -10.883  52.161 0.0000000000
62112  -19.791  -10.161  52.420 0.0000000000
63033  -18.530  -8.380  53.974 0.0000000000
63984  -19.254  -7.701  56.835 0.0000000000
63020  -18.960  -8.132  55.981 0.0000000000
63983  -18.586  -7.325  56.374 0.0000000000
63942  -19.792  -7.281  61.619 0.0000000000
63949  -20.274  -7.534  61.016 0.0000000000
66767  -20.478  -4.330  61.740 0.0000000000
127372  -20.302  -5.158  61.556 0.0000000000
66772  -20.416  -4.610  60.780 0.0000000000
66777  -20.276  -4.829  59.899 0.0000000000
128296  -11.809  -3.057  58.707 0.0000000000
67722  -10.835  -4.001  59.551 0.0000000000
67716  -10.161  -3.830  60.556 0.0000000000
68677  -10.808  -3.215  59.781 0.0000000000
68676  -10.357  -3.127  60.408 0.0000000000
69628  -9.991  -2.316  60.459 0.0000000000
66757  -8.674  -5.248  62.468 0.0000000000
66764  -9.330  -4.645  61.691 0.0000000000
66763  -8.527  -4.279  62.538 0.0000000000
127135  -7.851  -2.459  62.000 0.0000000000
68667  -8.839  -2.800  61.735 0.0000000000
68674  -8.445  -2.079  61.347 0.0000000000
69627  -9.044  -1.844  60.702 0.0000000000
70559  -8.190  -0.718  60.308 0.0000000000
70557  -6.183  -0.411  60.938 0.0000000000
70565  -6.734  0.077  60.378 0.0000000000
71549  -6.941  0.959  59.122 0.0000000000
71539  -6.347  0.722  59.836 0.0000000000
127152  -7.459  -10.730  59.773 0.0000000000
62048  -7.221  -9.174  59.983 0.0000000000
125205  -7.080  -7.749  59.834 0.0000000000
125813  -6.702  -7.521  60.501 0.0000000000
128338  -6.252  -6.843  60.739 0.0000000000
64872  -5.741  -6.259  60.962 0.0000000000
64897  -7.597  -6.253  58.421 0.0000000000
64888  -7.357  -6.768  58.947 0.0000000000
65832  -7.185  -5.834  58.887 0.0000000000
67730  -5.630  -3.539  58.486 0.0000000000
66780  -6.049  -4.281  59.068 0.0000000000
67721  -5.437  -3.791  59.470 0.0000000000
67715  -5.209  -3.975  60.650 0.0000000000
68681  -5.012  -2.957  59.978 0.0000000000
140421  -4.779  -2.266  60.327 0.0000000000
68680  -4.675  -1.984  59.602 0.0000000000
70574  -4.287  0.079  58.792 0.0000000000
70563  -4.562  0.334  59.436 0.0000000000
71546  -4.657  0.917  58.842 0.0000000000
72515  -5.364  1.695  58.904 0.0000000000
72522  -5.148  1.938  58.076 0.0000000000
73488  -5.422  2.124  57.215 0.0000000000
72513  -4.711  1.515  57.940 0.0000000000
126409  -4.477  1.094  56.392 0.0000000000
73500  -5.273  2.222  56.452 0.0000000000
73513  -5.533  2.674  55.878 0.0000000000
74509  -5.764  2.978  55.411 0.0000000000
73512  -5.159  2.461  55.784 0.0000000000
69664  -5.581  -0.908  55.416 0.0000000000
71593  -5.232  0.150  53.653 0.0000000000
71585  -4.852  -0.054  54.337 0.0000000000
74522  -5.503  2.946  54.670 0.0000000000
74536  -5.454  2.929  53.729 0.0000000000
74547  -6.306  3.484  53.289 0.0000000000
73535  -4.941  2.253  53.155 0.0000000000
72581  -5.495  1.574  51.624 0.0000000000
119945  -5.494  3.288  52.040 0.0000000000
136558  -5.135  3.221  51.259 0.0000000000
74553  -5.595  3.586  51.326 0.0000000000
74561  -4.939  2.657  50.710 0.0000000000
73558  -5.021  2.039  50.147 0.0000000000
71619  -7.376  1.002  51.585 0.0000000000
72584  -6.810  1.345  51.046 0.0000000000
72585  -7.880  1.237  51.032 0.0000000000
69683  -10.469  -1.730  53.724 0.0000000000
70619  -10.094  -0.957  53.346 0.0000000000
69692  -10.862  -1.359  52.924 0.0000000000
69703  -11.951  -1.628  51.666 0.0000000000
70645  -11.066  -0.306  51.850 0.0000000000
71622  -10.620  0.441  51.372 0.0000000000
71623  -11.459  -0.037  50.999 0.0000000000
70655  -12.117  -0.704  50.543 0.0000000000
68769  -12.061  -2.882  50.253 0.0000000000
68776  -12.207  -2.040  50.051 0.0000000000
68775  -11.760  -2.675  49.445 0.0000000000
124067  -11.542  -2.428  48.819 0.0000000000
63032  -10.516  -8.557  53.477 0.0000000000
64011  -9.738  -8.007  52.179 0.0000000000
135399  -10.402  -7.810  52.549 0.0000000000
64012  -10.298  -7.419  51.987 0.0000000000
64943  -10.951  -6.829  51.983 0.0000000000
62125  -6.560  -9.056  50.306 0.0000000000
132940  -6.901  -8.831  50.850 0.0000000000
62117  -6.514  -8.249  50.662 0.0000000000
64950  -6.874  -6.809  50.741 0.0000000000
124511  -7.696  -6.764  51.100 0.0000000000
64951  -8.154  -6.215  50.883 0.0000000000
65894  -9.064  -6.070  50.872 0.0000000000
65908  -9.330  -5.314  50.458 0.0000000000
65909  -10.377  -5.150  50.532 0.0000000000
66879  -7.950  -5.379  49.570 0.0000000000
141061  -8.586  -4.625  49.425 0.0000000000
126181  -8.409  -4.744  49.160 0.0000000000
67830  -9.175  -3.663  48.735 0.0000000000
133913  -8.602  -4.293  48.529 0.0000000000
66889  -8.584  -3.997  47.832 0.0000000000
65940  -8.371  -5.282  48.601 0.0000000000
64063  -8.736  -7.076  48.206 0.0000000000
64064  -9.551  -7.454  47.777 0.0000000000
127521  -9.202  -8.506  47.759 0.0000000000
62168  -7.281  -10.138  47.006 0.0000000000
62155  -7.730  -9.484  47.443 0.0000000000
61211  -8.230  -10.742  46.736 0.0000000000
61212  -9.227  -10.865  47.019 0.0000000000
129725  -42.032  -24.080  47.968 0.0000000000
45773  -41.289  -26.313  47.302 0.0000000000
47619  -41.872  -24.785  47.882 0.0000000000
47514  -13.560  -24.812  60.816 0.0000000000
130622  -16.216  -22.686  62.219 0.0000000000
131102  -15.575  -22.430  62.503 0.0000000000
50177  -14.606  -21.639  62.364 0.0000000000
61289  -30.705  -10.502  40.670 0.0000000000
62243  -31.017  -8.952  40.533 0.0000000000
64163  -29.436  -7.681  39.758 0.0000000000
63188  -28.832  -8.308  39.621 0.0000000000
50194  -23.692  -20.671  55.844 0.0000000000
50221  -24.609  -20.891  54.328 0.0000000000
61308  -28.605  -10.476  38.511 0.0000000000
60309  -28.568  -11.250  38.142 0.0000000000
52975  -25.752  -18.497  53.854 0.0000000000
121790  -25.234  -18.439  53.381 0.0000000000
52974  -24.937  -18.611  54.016 0.0000000000
52065  -23.645  -18.909  54.291 0.0000000000
52056  -23.960  -19.187  55.052 0.0000000000
120446  -58.586  7.247  27.220 0.0000000000
78777  -58.602  7.456  27.914 0.0000000000
78769  -58.502  7.906  28.761 0.0000000000
53991  -8.089  -16.588  48.309 0.0000000000
132139  -8.922  -16.663  47.784 0.0000000000
129268  -9.647  -16.783  47.149 0.0000000000
54022  -10.762  -17.016  46.652 0.0000000000
137802  -20.379  -9.433  49.224 0.0000000000
62127  -19.463  -9.199  50.621 0.0000000000
63054  -18.848  -8.701  51.346 0.0000000000
67741  -15.750  -3.527  57.449 0.0000000000
129820  -15.273  -2.841  57.309 0.0000000000
131565  -15.533  -2.089  57.475 0.0000000000
69653  -15.732  -1.432  57.623 0.0000000000
69652  -14.998  -1.289  57.339 0.0000000000
121571  -14.085  -0.777  57.365 0.0000000000
121849  -13.239  -0.463  57.379 0.0000000000
68691  -11.970  -2.385  58.560 0.0000000000
53951  -7.441  -17.157  51.978 0.0000000000
53950  -6.732  -17.266  52.440 0.0000000000
53955  -6.884  -17.285  51.505 0.0000000000
53963  -6.970  -16.852  51.211 0.0000000000
53977  -7.547  -16.835  50.169 0.0000000000
57156  -37.862  -14.914  45.699 0.0000000000
57148  -37.140  -14.696  46.364 0.0000000000
57149  -38.097  -14.851  46.758 0.0000000000
57142  -38.357  -14.654  47.769 0.0000000000
119871  -39.218  -14.609  48.127 0.0000000000
53031  -35.682  -18.258  49.460 0.0000000000
53986  -35.581  -17.307  49.643 0.0000000000
53997  -33.973  -16.317  48.168 0.0000000000
55007  -33.238  -15.726  47.157 0.0000000000
131818  -33.546  -16.206  47.497 0.0000000000
55015  -33.173  -16.436  46.768 0.0000000000
54030  -32.893  -16.902  46.099 0.0000000000
48499  -31.317  -22.737  52.909 0.0000000000
47568  -30.741  -23.562  53.276 0.0000000000
46651  -31.243  -24.730  53.769 0.0000000000
45713  -31.680  -26.152  53.463 0.0000000000
54048  -33.166  -17.454  45.925 0.0000000000
48508  -35.153  -23.514  51.926 0.0000000000
48513  -34.731  -22.869  51.635 0.0000000000
48507  -34.448  -23.319  52.273 0.0000000000
134429  -33.923  -22.717  52.094 0.0000000000
49372  -32.877  -22.329  52.069 0.0000000000
49362  -31.891  -22.218  52.339 0.0000000000
117074  -55.808  1.103  30.316 0.0000000000
70869  -53.837  0.391  28.533 0.0000000000
71856  -53.559  0.890  28.119 0.0000000000
127492  -54.453  0.629  28.871 0.0000000000
52062  -13.429  -19.628  53.849 0.0000000000
51153  -13.538  -20.211  54.115 0.0000000000
126500  -13.603  -20.765  53.874 0.0000000000
49332  -7.024  -23.967  54.760 0.0000000000
49350  -7.142  -24.017  53.740 0.0000000000
48493  -6.291  -24.826  52.937 0.0000000000
56113  -17.072  -14.838  55.006 0.0000000000
56108  -17.754  -14.820  55.948 0.0000000000
57989  -15.168  -13.538  61.986 0.0000000000
58001  -14.831  -13.359  60.691 0.0000000000
58968  -14.255  -13.097  60.061 0.0000000000
58967  -13.498  -12.650  59.955 0.0000000000
134933  -12.809  -12.338  60.158 0.0000000000
58963  -12.536  -12.743  60.738 0.0000000000
52954  -12.365  -18.536  57.316 0.0000000000
52957  -12.456  -18.279  56.471 0.0000000000
53927  -12.204  -17.459  56.375 0.0000000000
64095  -46.279  -7.064  45.880 0.0000000000
130715  -46.644  -6.319  46.027 0.0000000000
65959  -46.297  -5.496  46.186 0.0000000000
122325  -46.236  -4.674  46.023 0.0000000000
67888  -45.403  -3.607  44.195 0.0000000000
63097  -38.043  -7.867  47.514 0.0000000000
63113  -38.510  -7.720  46.871 0.0000000000
63131  -38.163  -7.769  46.105 0.0000000000
64090  -38.240  -7.420  45.245 0.0000000000
46624  -17.965  -25.321  58.114 0.0000000000
133214  -19.026  -26.127  51.324 0.0000000000
45721  -19.154  -26.472  51.999 0.0000000000
61267  -20.983  -10.042  42.208 0.0000000000
130188  -20.242  -10.807  42.312 0.0000000000
60246  -19.838  -11.566  42.442 0.0000000000
52150  -28.159  -20.169  42.119 0.0000000000
52168  -27.696  -19.650  41.568 0.0000000000
52149  -27.359  -19.864  42.452 0.0000000000
52148  -26.630  -19.430  42.870 0.0000000000
53056  -20.523  -18.369  47.577 0.0000000000
54011  -19.041  -17.706  46.773 0.0000000000
119518  -17.910  -17.512  47.835 0.0000000000
53996  -17.408  -17.366  48.364 0.0000000000
53003  -17.450  -18.422  49.663 0.0000000000
49327  -17.894  -23.351  54.971 0.0000000000
48469  -17.093  -23.945  56.238 0.0000000000
67928  -52.494  -3.593  40.124 0.0000000000
129232  -53.011  -3.573  39.493 0.0000000000
68875  -52.722  -1.607  39.322 0.0000000000
59105  -6.962  -12.556  42.971 0.0000000000
59104  -6.560  -13.066  43.268 0.0000000000
137522  -6.385  -14.114  42.415 0.0000000000
58110  -6.194  -14.345  41.898 0.0000000000
44761  -11.662  -27.910  57.814 0.0000000000
141267  -11.060  -27.527  57.212 0.0000000000
62991  -20.911  -8.523  59.058 0.0000000000
72539  -9.639  1.787  56.596 0.0000000000
73517  -10.168  2.448  55.620 0.0000000000
73514  -7.390  2.690  55.478 0.0000000000
62037  -7.871  -9.302  62.300 0.0000000000
62041  -7.589  -9.018  61.934 0.0000000000
62967  -7.379  -8.243  61.745 0.0000000000
62040  -7.299  -8.613  61.292 0.0000000000
130576  -9.454  -8.510  56.799 0.0000000000
64909  -9.247  -6.862  57.001 0.0000000000
65858  -9.546  -6.074  56.719 0.0000000000
66807  -9.047  -4.535  56.762 0.0000000000
66818  -9.706  -4.457  55.951 0.0000000000
67759  -10.492  -4.169  55.262 0.0000000000
59047  -5.588  -11.880  46.940 0.0000000000
61230  -6.523  -11.538  45.321 0.0000000000
60197  -6.193  -11.832  44.706 0.0000000000
69741  -11.570  -1.196  46.648 0.0000000000
69740  -10.606  -1.696  46.170 0.0000000000
54049  -41.803  -18.341  45.796 0.0000000000
54033  -41.987  -17.740  46.396 0.0000000000
51193  -40.510  -20.253  49.390 0.0000000000
130269  -39.146  -20.208  50.030 0.0000000000
139044  -38.755  -19.662  50.134 0.0000000000
51190  -38.066  -20.787  49.246 0.0000000000
45754  -36.934  -27.041  50.794 0.0000000000
44840  -36.317  -27.376  51.147 0.0000000000
44846  -37.227  -28.008  50.379 0.0000000000
43815  -37.569  -28.522  49.691 0.0000000000
132248  -37.415  -28.767  49.029 0.0000000000
49409  -38.963  -22.863  49.088 0.0000000000
46689  -39.622  -25.423  49.377 0.0000000000
47600  -39.237  -24.663  49.621 0.0000000000
46688  -38.958  -25.395  49.914 0.0000000000
46667  -37.240  -25.120  50.981 0.0000000000
46678  -37.693  -25.503  50.699 0.0000000000
68033  -54.589  -2.833  31.459 0.0000000000
68032  -53.898  -3.305  30.978 0.0000000000
65135  -55.893  -6.064  33.519 0.0000000000
66053  -56.093  -5.483  33.681 0.0000000000
66048  -52.941  -5.455  34.777 0.0000000000
50185  -13.705  -21.833  57.308 0.0000000000
48457  -10.036  -23.778  57.792 0.0000000000
49308  -8.606  -23.489  57.015 0.0000000000
48455  -8.299  -23.815  57.547 0.0000000000
48454  -7.845  -23.855  57.343 0.0000000000
52946  -15.384  -18.118  60.523 0.0000000000
52030  -14.882  -19.902  62.526 0.0000000000
129839  -14.994  -19.594  62.402 0.0000000000
52936  -14.645  -19.305  62.632 0.0000000000
52939  -14.504  -18.514  62.706 0.0000000000
54925  -14.647  -16.733  62.936 0.0000000000
54921  -13.291  -17.109  63.375 0.0000000000
53891  -13.099  -18.051  63.288 0.0000000000
52938  -12.805  -18.992  62.562 0.0000000000
51126  -12.981  -20.488  59.489 0.0000000000
59081  -44.627  -12.609  44.523 0.0000000000
59100  -44.840  -12.785  43.733 0.0000000000
59065  -45.153  -12.179  45.126 0.0000000000
60195  -45.445  -11.543  45.580 0.0000000000
61243  -46.109  -10.447  45.589 0.0000000000
62214  -34.382  -9.444  43.541 0.0000000000
63141  -35.048  -9.268  43.785 0.0000000000
64165  -32.105  -6.993  39.611 0.0000000000
64166  -32.755  -6.903  39.624 0.0000000000
65073  -32.354  -6.454  39.883 0.0000000000
47547  -21.821  -24.032  56.483 0.0000000000
48487  -23.467  -23.305  54.514 0.0000000000
47557  -23.139  -24.063  54.816 0.0000000000
119386  -22.653  -25.221  53.277 0.0000000000
127132  -21.654  -25.765  52.616 0.0000000000
46653  -22.275  -25.302  52.539 0.0000000000
52115  -26.907  -19.256  48.041 0.0000000000
117151  -24.097  -18.428  50.197 0.0000000000
53026  -22.609  -18.516  49.406 0.0000000000
53007  -21.840  -18.787  50.080 0.0000000000
51145  -22.294  -20.293  55.043 0.0000000000
50203  -21.221  -21.579  54.888 0.0000000000
49328  -20.789  -22.647  55.702 0.0000000000
72679  -50.745  1.979  42.319 0.0000000000
125465  -51.229  3.188  41.674 0.0000000000
125613  -6.037  -15.937  45.132 0.0000000000
56153  -6.313  -15.752  45.796 0.0000000000
54052  -8.506  -16.843  44.308 0.0000000000
53104  -8.252  -18.131  41.666 0.0000000000
63952  -17.400  -7.797  59.805 0.0000000000
63948  -17.667  -7.643  60.416 0.0000000000
65822  -17.109  -6.307  61.141 0.0000000000
65816  -16.839  -5.379  61.435 0.0000000000
68678  -16.490  -2.246  60.354 0.0000000000
122853  -16.453  -3.033  60.868 0.0000000000
138391  -16.440  -2.525  61.059 0.0000000000
121547  -16.472  -2.041  62.360 0.0000000000
69613  -16.417  -1.322  63.066 0.0000000000
69611  -16.492  -1.019  64.045 0.0000000000
70552  -16.219  -0.453  63.294 0.0000000000
73472  -15.231  2.308  60.916 0.0000000000
139455  -15.075  2.354  59.900 0.0000000000
74487  -12.513  3.500  58.938 0.0000000000
123035  -12.154  0.391  57.247 0.0000000000
71564  -11.186  0.449  57.317 0.0000000000
135779  -6.779  -14.885  57.683 0.0000000000
58019  -6.921  -13.997  58.264 0.0000000000
57078  -7.040  -14.208  57.224 0.0000000000
57090  -7.168  -14.813  54.299 0.0000000000
58029  -7.634  -13.999  54.484 0.0000000000
58030  -8.186  -13.394  54.603 0.0000000000
60088  -8.851  -12.231  55.148 0.0000000000
60100  -9.574  -11.716  53.408 0.0000000000
60099  -9.222  -12.343  52.995 0.0000000000
133001  -6.941  -15.888  49.982 0.0000000000
57120  -7.230  -15.016  49.486 0.0000000000
57128  -7.062  -14.563  48.670 0.0000000000
58059  -6.798  -13.500  48.290 0.0000000000
56145  -6.508  -14.997  47.186 0.0000000000
73569  -10.653  2.155  48.519 0.0000000000
72611  -11.151  1.603  48.948 0.0000000000
60188  -37.361  -11.477  45.909 0.0000000000
60168  -37.294  -11.286  46.858 0.0000000000
60146  -37.484  -11.593  48.904 0.0000000000
61172  -37.716  -10.393  50.102 0.0000000000
62132  -37.195  -9.924  50.378 0.0000000000
62140  -36.620  -9.923  50.317 0.0000000000
127161  -40.297  -15.870  49.260 0.0000000000
57127  -40.076  -14.972  49.123 0.0000000000
56137  -39.565  -15.321  49.901 0.0000000000
133363  -35.767  -14.434  50.414 0.0000000000
122781  -35.251  -13.696  50.022 0.0000000000
140266  -35.131  -11.487  49.510 0.0000000000
60137  -34.770  -11.843  48.978 0.0000000000
61222  -34.243  -10.532  46.730 0.0000000000
61202  -33.839  -11.310  46.978 0.0000000000
60166  -33.263  -11.457  46.316 0.0000000000
125886  -32.281  -14.225  45.350 0.0000000000
58086  -32.194  -12.746  44.715 0.0000000000
58079  -32.203  -13.593  44.624 0.0000000000
60250  -31.398  -11.819  42.697 0.0000000000
59118  -31.550  -12.631  42.695 0.0000000000
120950  -31.350  -13.165  41.468 0.0000000000
52061  -27.700  -19.591  53.652 0.0000000000
51150  -27.253  -19.772  53.871 0.0000000000
130686  -27.710  -20.131  53.574 0.0000000000
50206  -28.031  -21.016  53.377 0.0000000000
45710  -29.677  -25.715  52.201 0.0000000000
46649  -29.370  -25.264  52.423 0.0000000000
45709  -29.124  -25.717  52.076 0.0000000000
45727  -28.586  -26.132  51.777 0.0000000000
45726  -28.001  -26.106  51.795 0.0000000000
44822  -28.095  -26.629  51.467 0.0000000000
57190  -31.298  -14.935  41.476 0.0000000000
127568  -31.956  -18.189  43.654 0.0000000000
139230  -31.568  -18.322  43.069 0.0000000000
52153  -31.388  -19.645  42.478 0.0000000000
52152  -30.812  -19.558  41.911 0.0000000000
51239  -31.139  -20.841  42.913 0.0000000000
50352  -30.898  -21.306  43.497 0.0000000000
49433  -37.605  -22.032  46.847 0.0000000000
49442  -36.947  -22.318  46.591 0.0000000000
49418  -33.240  -23.293  48.440 0.0000000000
49417  -32.479  -22.930  48.155 0.0000000000
49428  -31.602  -22.571  47.275 0.0000000000
50314  -31.087  -22.207  46.133 0.0000000000
49427  -31.064  -22.349  46.980 0.0000000000
134257  -29.919  -21.594  47.173 0.0000000000
50253  -29.723  -21.329  50.935 0.0000000000
51182  -29.430  -20.824  51.002 0.0000000000
51177  -29.347  -20.681  51.517 0.0000000000
52086  -28.811  -20.061  51.691 0.0000000000
52988  -28.096  -19.218  52.848 0.0000000000
52076  -28.339  -19.573  52.715 0.0000000000
136363  -27.872  -19.393  53.534 0.0000000000
119464  -56.636  4.330  29.829 0.0000000000
74759  -56.782  3.872  31.320 0.0000000000
73746  -56.152  2.718  33.560 0.0000000000
129408  -56.191  3.289  32.797 0.0000000000
73745  -55.624  3.116  34.226 0.0000000000
74736  -55.142  3.962  34.521 0.0000000000
74735  -54.450  3.942  34.627 0.0000000000
141161  -54.271  3.299  34.565 0.0000000000
69880  -52.499  -1.375  32.576 0.0000000000
69881  -53.101  -1.217  33.015 0.0000000000
73811  -53.811  3.043  27.393 0.0000000000
73801  -54.997  2.987  28.316 0.0000000000
74806  -55.332  3.673  27.944 0.0000000000
75769  -55.701  4.373  27.539 0.0000000000
53958  -11.529  -16.833  51.247 0.0000000000
53959  -12.441  -17.424  51.026 0.0000000000
135676  -13.070  -18.113  50.487 0.0000000000
53001  -13.471  -18.809  50.008 0.0000000000
50249  -13.378  -21.240  50.962 0.0000000000
50262  -13.493  -21.021  50.329 0.0000000000
50261  -13.069  -21.674  50.323 0.0000000000
50273  -12.576  -21.884  49.690 0.0000000000
50284  -11.221  -21.926  48.461 0.0000000000
50283  -10.276  -22.064  48.559 0.0000000000
50282  -9.595  -22.143  48.540 0.0000000000
49365  -9.593  -22.572  53.326 0.0000000000
49375  -7.334  -23.735  51.853 0.0000000000
50227  -8.002  -23.364  52.341 0.0000000000
50242  -7.934  -23.449  51.443 0.0000000000
49388  -7.475  -23.665  50.854 0.0000000000
58040  -20.148  -13.121  52.203 0.0000000000
138014  -20.335  -13.199  53.418 0.0000000000
136892  -21.181  -14.250  56.325 0.0000000000
57089  -21.536  -14.018  55.938 0.0000000000
58027  -22.098  -13.911  56.322 0.0000000000
58992  -22.271  -12.769  56.423 0.0000000000
60077  -22.225  -12.242  57.036 0.0000000000
58989  -22.364  -12.834  57.115 0.0000000000
58979  -21.868  -12.452  58.384 0.0000000000
139101  -17.520  -16.051  59.604 0.0000000000
58013  -18.009  -13.164  59.119 0.0000000000
58976  -19.391  -12.615  58.325 0.0000000000
61112  -18.478  -10.517  57.580 0.0000000000
62066  -17.824  -10.241  57.139 0.0000000000
60081  -13.718  -11.020  56.773 0.0000000000
61119  -14.346  -10.385  56.440 0.0000000000
63010  -13.501  -8.853  56.572 0.0000000000
63981  -13.946  -7.652  56.571 0.0000000000
63970  -13.267  -7.401  56.852 0.0000000000
63969  -12.622  -7.162  57.341 0.0000000000
137977  -11.885  -6.137  58.153 0.0000000000
63957  -11.596  -7.775  58.281 0.0000000000
61097  -10.764  -10.950  60.225 0.0000000000
61094  -10.289  -10.915  60.624 0.0000000000
61093  -9.518  -10.589  61.163 0.0000000000
125708  -8.752  -12.663  61.443 0.0000000000
54923  -11.422  -16.725  62.071 0.0000000000
54928  -10.632  -16.434  61.391 0.0000000000
56078  -9.883  -16.102  60.960 0.0000000000
56076  -8.045  -15.881  60.382 0.0000000000
57066  -8.110  -15.198  60.723 0.0000000000
56083  -7.493  -16.136  60.046 0.0000000000
54936  -6.906  -16.207  59.541 0.0000000000
53908  -7.113  -17.056  58.602 0.0000000000
54957  -11.124  -16.664  55.279 0.0000000000
54963  -10.125  -16.426  54.781 0.0000000000
54962  -9.240  -16.460  54.086 0.0000000000
54968  -9.288  -16.465  53.246 0.0000000000
54976  -11.287  -16.726  52.031 0.0000000000
62293  -50.299  -9.426  35.994 0.0000000000
62263  -50.641  -8.612  38.847 0.0000000000
62254  -50.810  -8.338  39.280 0.0000000000
63190  -51.338  -8.139  39.469 0.0000000000
64159  -51.904  -7.316  40.106 0.0000000000
65085  -51.112  -7.072  40.231 0.0000000000
61286  -47.247  -9.852  41.347 0.0000000000
62236  -47.703  -9.379  41.804 0.0000000000
65976  -48.247  -6.021  42.820 0.0000000000
65987  -48.329  -5.240  42.164 0.0000000000
67913  -49.075  -3.408  41.485 0.0000000000
69792  -49.540  -1.227  42.035 0.0000000000
68850  -48.985  -1.998  41.974 0.0000000000
69791  -48.819  -1.307  42.461 0.0000000000
70723  -48.682  -0.682  42.881 0.0000000000
69764  -46.191  -1.604  45.042 0.0000000000
129178  -46.592  -0.970  44.819 0.0000000000
61225  -40.792  -10.829  47.009 0.0000000000
61207  -41.687  -9.892  47.168 0.0000000000
64093  -41.085  -7.327  45.712 0.0000000000
64082  -41.319  -7.840  46.324 0.0000000000
63145  -43.039  -8.171  44.786 0.0000000000
64106  -42.939  -8.003  44.113 0.0000000000
64130  -37.207  -7.529  42.543 0.0000000000
66009  -42.592  -5.495  40.507 0.0000000000
46605  -16.579  -25.302  61.868 0.0000000000
45674  -16.527  -27.049  60.977 0.0000000000
43728  -16.918  -27.811  59.836 0.0000000000
42692  -16.085  -28.830  59.413 0.0000000000
42695  -15.544  -29.060  59.161 0.0000000000
42694  -14.974  -29.063  58.842 0.0000000000
43745  -15.188  -28.914  58.016 0.0000000000
45690  -21.064  -26.314  57.184 0.0000000000
45689  -20.644  -26.951  57.348 0.0000000000
43760  -20.092  -27.983  56.644 0.0000000000
43769  -19.618  -28.038  56.071 0.0000000000
44803  -16.615  -27.114  53.508 0.0000000000
117572  -16.966  -27.512  54.134 0.0000000000
44792  -16.481  -27.802  54.747 0.0000000000
44791  -15.637  -27.447  54.684 0.0000000000
116672  -15.043  -27.565  55.352 0.0000000000
44790  -14.836  -26.955  54.690 0.0000000000
44789  -13.914  -26.672  54.540 0.0000000000
44788  -12.949  -26.789  54.243 0.0000000000
123164  -12.580  -26.702  53.354 0.0000000000
50252  -26.227  -21.369  52.092 0.0000000000
50263  -25.140  -21.867  51.002 0.0000000000
49414  -24.286  -22.918  47.888 0.0000000000
136001  -24.254  -22.800  48.422 0.0000000000
48539  -23.532  -22.853  48.044 0.0000000000
48538  -22.629  -23.114  47.985 0.0000000000
48525  -22.296  -23.572  48.789 0.0000000000
48537  -21.823  -23.668  48.083 0.0000000000
62157  -20.656  -9.370  47.521 0.0000000000
61198  -20.429  -10.111  47.114 0.0000000000
57218  -30.009  -14.781  38.934 0.0000000000
57231  -29.458  -14.662  38.178 0.0000000000
56239  -29.460  -15.281  38.614 0.0000000000
56238  -28.831  -15.442  37.955 0.0000000000
56237  -27.960  -15.890  37.716 0.0000000000
121672  -25.928  -17.523  39.457 0.0000000000
54131  -25.383  -16.999  38.919 0.0000000000
56235  -24.095  -15.457  38.476 0.0000000000
56222  -23.483  -15.323  39.053 0.0000000000
133106  -22.575  -15.344  40.361 0.0000000000
53079  -25.422  -18.647  45.598 0.0000000000
53089  -25.311  -18.525  44.663 0.0000000000
116653  -23.835  -17.757  44.196 0.0000000000
55039  -21.406  -16.538  43.618 0.0000000000
55049  -21.756  -16.115  42.906 0.0000000000
56186  -21.412  -15.462  42.555 0.0000000000
56185  -20.734  -15.090  42.917 0.0000000000
58102  -19.884  -13.501  42.658 0.0000000000
57167  -18.728  -14.189  44.228 0.0000000000
57145  -18.143  -14.758  46.437 0.0000000000
58067  -18.259  -13.956  47.151 0.0000000000
58068  -18.656  -13.117  47.593 0.0000000000
58061  -18.795  -13.105  48.549 0.0000000000
56127  -16.715  -15.787  50.837 0.0000000000
131126  -16.145  -15.885  53.065 0.0000000000
52959  -15.754  -19.079  56.184 0.0000000000
52045  -15.770  -20.015  57.259 0.0000000000
131068  -16.696  -22.896  61.298 0.0000000000
127727  -56.810  7.259  32.432 0.0000000000
78735  -57.267  7.933  31.669 0.0000000000
117535  -53.680  -9.708  36.087 0.0000000000
62298  -54.501  -9.119  36.447 0.0000000000
66987  -52.183  -5.058  38.267 0.0000000000
66028  -51.673  -5.833  37.677 0.0000000000
67003  -50.056  -5.169  37.029 0.0000000000
131446  -5.234  -15.747  41.551 0.0000000000
55057  -5.334  -16.435  41.120 0.0000000000
54104  -5.463  -16.486  40.267 0.0000000000
53053  -12.910  -18.677  47.307 0.0000000000
53052  -12.377  -18.324  46.865 0.0000000000
53067  -12.894  -18.880  46.401 0.0000000000
52135  -12.643  -19.633  44.803 0.0000000000
45673  -13.169  -26.777  61.210 0.0000000000
45672  -12.092  -26.621  61.081 0.0000000000
45671  -11.307  -26.386  60.609 0.0000000000
44739  -9.104  -26.504  59.111 0.0000000000
46612  -7.827  -25.370  58.189 0.0000000000
133619  -7.432  -25.298  57.650 0.0000000000
45681  -7.457  -25.748  57.468 0.0000000000
45686  -6.124  -25.973  56.833 0.0000000000
45692  -5.398  -26.472  56.663 0.0000000000
132917  -20.329  -10.492  53.799 0.0000000000
62102  -19.791  -9.954  53.370 0.0000000000
63026  -19.086  -8.906  54.537 0.0000000000
63025  -18.555  -8.133  54.970 0.0000000000
64903  -19.191  -6.413  58.146 0.0000000000
65811  -19.502  -6.029  62.948 0.0000000000
65818  -20.050  -5.970  61.972 0.0000000000
66760  -20.173  -4.364  62.721 0.0000000000
136838  -20.491  -3.761  62.261 0.0000000000
75482  -10.680  3.736  52.926 0.0000000000
75490  -10.911  4.118  52.289 0.0000000000
66775  -10.529  -4.878  59.735 0.0000000000
66770  -10.288  -4.320  60.172 0.0000000000
67712  -9.745  -3.875  61.125 0.0000000000
67704  -7.474  -4.023  63.020 0.0000000000
69619  -7.485  -1.703  61.639 0.0000000000
69625  -6.974  -1.027  61.327 0.0000000000
69618  -6.608  -1.577  61.809 0.0000000000
69624  -6.157  -1.084  61.379 0.0000000000
69623  -5.331  -0.897  61.115 0.0000000000
62055  -7.442  -9.261  59.337 0.0000000000
63943  -6.786  -6.988  60.005 0.0000000000
66791  -6.754  -4.205  58.082 0.0000000000
66790  -6.205  -3.878  58.255 0.0000000000
120659  -4.461  -1.369  58.992 0.0000000000
68690  -4.819  -2.139  58.448 0.0000000000
134837  -4.263  -0.502  58.242 0.0000000000
70584  -4.284  -0.009  57.788 0.0000000000
71573  -4.381  0.728  57.214 0.0000000000
71577  -4.397  0.062  56.166 0.0000000000
69672  -6.724  -1.116  55.175 0.0000000000
69671  -6.125  -0.812  55.079 0.0000000000
69680  -6.564  -0.649  54.463 0.0000000000
71602  -5.042  0.672  53.351 0.0000000000
72569  -5.200  1.255  52.705 0.0000000000
71603  -5.514  0.595  53.055 0.0000000000
72570  -5.652  1.155  52.274 0.0000000000
72571  -5.886  1.282  52.019 0.0000000000
72582  -5.640  1.590  51.340 0.0000000000
140655  -6.094  0.959  52.369 0.0000000000
71605  -7.397  0.645  52.207 0.0000000000
71606  -8.202  0.371  52.447 0.0000000000
67793  -11.763  -2.637  52.957 0.0000000000
140132  -11.315  -1.654  52.633 0.0000000000
68746  -11.756  -2.042  52.391 0.0000000000
69713  -12.094  -1.316  51.040 0.0000000000
67821  -11.863  -3.720  50.487 0.0000000000
66871  -11.235  -4.245  50.211 0.0000000000
62109  -9.230  -9.539  52.281 0.0000000000
63040  -8.449  -8.853  51.880 0.0000000000
64010  -8.746  -8.012  51.884 0.0000000000
63066  -5.931  -8.354  49.577 0.0000000000
63059  -6.125  -8.305  50.171 0.0000000000
64036  -5.925  -7.773  49.946 0.0000000000
64961  -6.420  -6.784  50.265 0.0000000000
121568  -6.909  -6.311  50.311 0.0000000000
65906  -7.404  -5.728  50.075 0.0000000000
65905  -6.821  -6.276  50.043 0.0000000000
65922  -7.333  -5.886  49.861 0.0000000000
65933  -7.785  -5.825  49.386 0.0000000000
64995  -7.928  -6.291  48.971 0.0000000000
64062  -7.938  -7.897  48.296 0.0000000000
63091  -8.259  -8.714  47.810 0.0000000000
60199  -7.364  -11.551  44.959 0.0000000000
60177  -7.667  -11.331  46.033 0.0000000000
140229  -7.987  -11.647  45.559 0.0000000000
60178  -8.656  -11.963  45.671 0.0000000000
51222  -42.885  -20.775  45.102 0.0000000000
52127  -42.852  -19.856  46.235 0.0000000000
51210  -43.153  -20.498  46.548 0.0000000000
51208  -42.491  -21.322  47.702 0.0000000000
50304  -42.587  -22.030  47.455 0.0000000000
50292  -41.346  -21.782  48.731 0.0000000000
50291  -40.578  -21.764  49.249 0.0000000000
44854  -39.274  -27.798  49.023 0.0000000000
43826  -38.796  -28.416  49.045 0.0000000000
43853  -38.931  -28.191  48.105 0.0000000000
49410  -39.483  -22.613  49.289 0.0000000000
49411  -40.173  -22.498  49.288 0.0000000000
118749  -40.768  -24.781  48.695 0.0000000000
141159  -39.566  -26.963  49.215 0.0000000000
66062  -53.852  -5.308  31.638 0.0000000000
65125  -55.601  -6.768  34.632 0.0000000000
47534  -13.400  -23.629  58.709 0.0000000000
47532  -11.759  -24.462  58.841 0.0000000000
47531  -10.597  -24.578  59.030 0.0000000000
51124  -16.082  -20.960  60.789 0.0000000000
51123  -15.841  -20.362  61.102 0.0000000000
51112  -14.681  -20.218  62.577 0.0000000000
52032  -13.694  -19.886  62.613 0.0000000000
133961  -13.995  -21.312  62.068 0.0000000000
59099  -43.464  -12.888  44.036 0.0000000000
59080  -43.832  -12.800  44.745 0.0000000000
140819  -43.878  -11.863  45.970 0.0000000000
62226  -32.245  -9.567  42.638 0.0000000000
62234  -32.396  -9.157  41.694 0.0000000000
63184  -32.580  -8.173  40.216 0.0000000000
64151  -31.943  -7.758  39.807 0.0000000000
65072  -31.590  -6.460  39.951 0.0000000000
137351  -31.212  -5.936  40.591 0.0000000000
65979  -31.022  -5.643  41.517 0.0000000000
64148  -29.264  -7.041  40.259 0.0000000000
49330  -22.476  -22.078  56.280 0.0000000000
49331  -23.104  -22.263  56.181 0.0000000000
49345  -23.506  -22.549  55.469 0.0000000000
48504  -23.624  -23.219  52.299 0.0000000000
53029  -26.401  -18.605  49.911 0.0000000000
117543  -25.212  -18.346  52.649 0.0000000000
52994  -23.621  -18.424  51.780 0.0000000000
129078  -21.973  -19.174  52.518 0.0000000000
52063  -22.340  -19.799  54.127 0.0000000000
140583  -23.375  -19.270  54.771 0.0000000000
52055  -22.877  -19.635  54.881 0.0000000000
77832  -58.101  6.868  24.488 0.0000000000
78806  -58.715  7.603  24.433 0.0000000000
120551  -7.181  -16.245  46.901 0.0000000000
119715  -8.083  -16.490  45.750 0.0000000000
54037  -8.808  -16.685  45.118 0.0000000000
124181  -16.395  -6.167  58.687 0.0000000000
117764  -16.500  -5.607  59.334 0.0000000000
66784  -16.426  -4.678  58.896 0.0000000000
67742  -16.254  -3.396  57.877 0.0000000000
129821  -16.463  -3.069  58.839 0.0000000000
70561  -16.353  -0.508  60.929 0.0000000000
71541  -16.205  0.255  60.083 0.0000000000
71552  -16.052  0.666  59.094 0.0000000000
131035  -15.898  0.561  58.293 0.0000000000
130858  -15.668  1.423  58.733 0.0000000000
73481  -15.150  2.052  58.033 0.0000000000
73492  -14.310  2.264  57.833 0.0000000000
54953  -6.113  -17.082  55.508 0.0000000000
56106  -6.158  -16.167  55.648 0.0000000000
140204  -6.237  -16.679  54.050 0.0000000000
56111  -6.448  -16.504  53.382 0.0000000000
57096  -7.176  -14.999  53.461 0.0000000000
58036  -7.694  -14.346  52.855 0.0000000000
57106  -7.202  -15.042  51.846 0.0000000000
56126  -6.871  -16.319  50.749 0.0000000000
56133  -7.009  -16.326  50.023 0.0000000000
134736  -7.079  -16.048  49.300 0.0000000000
72609  -7.902  1.810  49.755 0.0000000000
59046  -36.682  -12.755  47.852 0.0000000000
57133  -36.991  -14.067  47.926 0.0000000000
58064  -36.884  -13.231  48.279 0.0000000000
138581  -37.340  -12.875  49.009 0.0000000000
53974  -38.144  -17.221  50.882 0.0000000000
53962  -37.401  -16.582  50.760 0.0000000000
53961  -36.601  -16.410  50.485 0.0000000000
54990  -36.047  -16.233  50.329 0.0000000000
54989  -35.598  -16.003  50.081 0.0000000000
54998  -35.459  -16.529  49.755 0.0000000000
56136  -34.992  -14.911  49.556 0.0000000000
126298  -34.648  -14.629  49.071 0.0000000000
133972  -33.492  -13.836  47.358 0.0000000000
118610  -32.548  -14.020  46.072 0.0000000000
56149  -32.997  -15.196  46.804 0.0000000000
50208  -29.366  -21.814  52.488 0.0000000000
49347  -28.706  -22.036  52.646 0.0000000000
49348  -29.226  -22.562  52.462 0.0000000000
48491  -29.549  -23.221  52.510 0.0000000000
46643  -29.770  -24.391  52.757 0.0000000000
122433  -30.160  -24.477  53.325 0.0000000000
124423  -29.988  -25.441  52.902 0.0000000000
46650  -29.762  -25.236  52.664 0.0000000000
44811  -30.069  -26.089  51.970 0.0000000000
56180  -31.454  -15.560  43.217 0.0000000000
54060  -31.889  -17.386  44.162 0.0000000000
54047  -32.738  -17.374  45.452 0.0000000000
140373  -32.554  -17.590  44.991 0.0000000000
53081  -32.387  -17.959  44.454 0.0000000000
52138  -32.872  -19.562  44.105 0.0000000000
49398  -36.370  -23.417  49.714 0.0000000000
119535  -34.547  -22.845  49.838 0.0000000000
50277  -31.930  -22.544  49.597 0.0000000000
50287  -30.535  -21.828  49.551 0.0000000000
50276  -31.041  -22.178  49.790 0.0000000000
50265  -31.005  -22.271  50.320 0.0000000000
50254  -30.390  -21.970  50.547 0.0000000000
50240  -31.949  -22.312  51.047 0.0000000000
129641  -30.712  -22.175  50.873 0.0000000000
50239  -29.780  -21.359  51.255 0.0000000000
50225  -29.642  -21.264  52.124 0.0000000000
72810  -55.784  2.555  29.369 0.0000000000
73780  -56.238  2.899  29.924 0.0000000000
126047  -56.313  1.971  31.865 0.0000000000
72772  -56.302  1.897  33.541 0.0000000000
72761  -55.748  1.584  34.392 0.0000000000
68913  -53.618  -2.314  33.685 0.0000000000
72826  -53.569  2.184  27.582 0.0000000000
72816  -53.959  1.750  28.124 0.0000000000
52969  -12.996  -18.145  52.987 0.0000000000
52978  -13.119  -18.233  52.130 0.0000000000
52979  -13.396  -18.916  52.571 0.0000000000
52078  -13.631  -19.688  52.137 0.0000000000
51178  -13.605  -20.604  51.656 0.0000000000
136942  -13.289  -21.487  51.579 0.0000000000
50247  -11.590  -22.413  50.811 0.0000000000
49336  -9.098  -22.667  54.491 0.0000000000
50196  -8.353  -22.760  53.919 0.0000000000
49352  -7.789  -23.128  53.648 0.0000000000
49363  -7.126  -24.095  52.887 0.0000000000
49364  -7.491  -23.738  52.655 0.0000000000
49387  -6.681  -24.007  51.242 0.0000000000
57098  -18.642  -14.097  53.294 0.0000000000
120796  -19.457  -13.850  53.770 0.0000000000
57087  -20.080  -14.247  55.393 0.0000000000
56109  -18.710  -14.610  55.718 0.0000000000
56110  -19.537  -14.555  55.962 0.0000000000
57083  -20.475  -14.455  56.304 0.0000000000
57079  -21.355  -14.694  57.506 0.0000000000
57075  -21.318  -14.806  58.214 0.0000000000
56072  -16.762  -15.539  61.943 0.0000000000
56073  -17.537  -15.225  61.537 0.0000000000
57997  -17.192  -13.628  60.877 0.0000000000
57996  -16.333  -13.375  61.209 0.0000000000
58012  -16.982  -13.394  59.148 0.0000000000
58985  -16.733  -12.456  57.576 0.0000000000
60073  -17.066  -11.808  56.998 0.0000000000
137599  -15.948  -12.603  57.756 0.0000000000
60071  -14.950  -11.791  57.181 0.0000000000
134103  -14.092  -12.509  58.379 0.0000000000
60070  -14.097  -11.683  57.245 0.0000000000
128573  -13.258  -11.512  57.464 0.0000000000
61111  -12.458  -10.323  57.587 0.0000000000
62058  -11.966  -9.820  58.078 0.0000000000
61100  -11.564  -10.952  59.092 0.0000000000
60054  -11.527  -11.826  60.208 0.0000000000
123981  -10.531  -12.813  61.272 0.0000000000
53916  -9.171  -17.222  58.240 0.0000000000
140361  -8.691  -17.216  57.677 0.0000000000
54950  -10.913  -16.726  56.106 0.0000000000
53932  -11.901  -16.961  55.854 0.0000000000
53947  -12.529  -17.674  53.605 0.0000000000
129278  -49.724  -8.767  38.335 0.0000000000
62277  -48.808  -8.637  38.253 0.0000000000
62262  -49.842  -8.735  39.012 0.0000000000
63185  -49.897  -8.222  40.159 0.0000000000
130045  -47.901  -9.112  43.898 0.0000000000
63161  -48.162  -8.569  43.601 0.0000000000
64122  -48.212  -7.826  44.051 0.0000000000
65039  -48.072  -6.950  44.233 0.0000000000
65030  -47.428  -6.449  45.282 0.0000000000
121900  -47.836  -5.965  44.037 0.0000000000
66936  -47.722  -4.284  43.652 0.0000000000
68848  -47.840  -2.872  43.290 0.0000000000
68822  -46.998  -2.376  44.762 0.0000000000
67877  -46.311  -3.518  45.387 0.0000000000
68821  -46.395  -2.534  45.089 0.0000000000
137967  -45.201  -1.530  44.263 0.0000000000
63087  -40.020  -8.740  47.931 0.0000000000
64072  -40.169  -8.116  47.605 0.0000000000
64070  -39.339  -7.588  46.986 0.0000000000
64092  -40.253  -7.089  45.470 0.0000000000
64116  -40.609  -6.821  43.570 0.0000000000
45680  -17.794  -26.943  59.258 0.0000000000
44805  -18.373  -27.142  53.756 0.0000000000
131872  -18.538  -26.710  52.452 0.0000000000
44819  -18.005  -26.914  53.020 0.0000000000
44804  -17.488  -27.175  53.612 0.0000000000
48512  -27.044  -23.825  51.123 0.0000000000
49393  -26.544  -22.938  50.473 0.0000000000
48520  -26.605  -23.860  50.279 0.0000000000
48527  -25.711  -23.619  48.858 0.0000000000
46687  -25.874  -25.534  48.930 0.0000000000
47618  -25.002  -24.452  47.791 0.0000000000
48540  -24.568  -23.371  47.648 0.0000000000
48557  -24.195  -23.873  47.000 0.0000000000
54109  -28.968  -18.005  39.597 0.0000000000
54118  -28.541  -17.507  39.144 0.0000000000
53146  -28.242  -18.105  39.427 0.0000000000
53145  -27.583  -18.297  39.617 0.0000000000
53144  -26.925  -18.349  39.898 0.0000000000
54108  -26.299  -18.009  39.982 0.0000000000
139131  -26.014  -18.078  40.479 0.0000000000
116647  -24.902  -17.505  40.924 0.0000000000
54027  -22.549  -17.923  46.307 0.0000000000
54043  -21.365  -17.592  45.565 0.0000000000
54042  -20.642  -17.300  45.078 0.0000000000
55030  -19.497  -16.442  44.701 0.0000000000
56171  -19.183  -15.676  44.498 0.0000000000
55012  -18.400  -16.905  46.500 0.0000000000
124064  -18.081  -15.830  46.591 0.0000000000
57129  -17.542  -14.807  49.171 0.0000000000
53995  -17.018  -17.124  48.946 0.0000000000
136770  -18.957  -21.747  53.106 0.0000000000
50217  -18.025  -21.465  52.947 0.0000000000
140459  -16.592  -23.711  57.853 0.0000000000
47535  -16.845  -24.317  59.190 0.0000000000
137789  -53.418  -7.956  38.686 0.0000000000
127219  -53.271  -5.992  38.976 0.0000000000
66020  -53.199  -5.411  38.897 0.0000000000
118938  -53.322  -3.695  39.026 0.0000000000
67957  -53.200  -3.989  38.866 0.0000000000
67956  -52.777  -4.020  38.582 0.0000000000
122136  -7.418  -12.345  42.899 0.0000000000
59128  -7.830  -13.026  42.469 0.0000000000
58112  -7.529  -13.603  41.857 0.0000000000
58130  -7.175  -13.994  41.146 0.0000000000
56229  -7.940  -15.933  39.050 0.0000000000
53131  -5.884  -18.145  40.359 0.0000000000
44743  -12.406  -27.570  60.152 0.0000000000
119933  -10.730  -27.492  57.934 0.0000000000
132132  -20.546  -9.826  56.197 0.0000000000
62080  -20.123  -9.424  55.888 0.0000000000
63015  -20.408  -9.258  56.697 0.0000000000
63014  -20.020  -8.650  56.829 0.0000000000
63973  -20.430  -8.107  58.264 0.0000000000
63972  -19.630  -7.394  57.730 0.0000000000
135549  -19.270  -5.769  58.651 0.0000000000
66785  -19.375  -4.984  58.715 0.0000000000
121857  -19.562  -2.117  64.121 0.0000000000
68659  -19.901  -2.885  63.801 0.0000000000
74527  -9.599  3.261  53.668 0.0000000000
117110  -6.778  3.502  53.958 0.0000000000
64867  -9.205  -6.809  61.388 0.0000000000
65814  -9.172  -6.137  61.606 0.0000000000
64862  -8.761  -6.791  62.064 0.0000000000
65808  -8.699  -6.067  62.318 0.0000000000
65807  -8.010  -5.919  62.886 0.0000000000
63936  -7.619  -7.654  62.221 0.0000000000
65806  -7.084  -5.762  62.959 0.0000000000
66754  -5.999  -4.975  62.591 0.0000000000
65813  -5.701  -5.451  62.050 0.0000000000
62994  -7.843  -8.549  58.716 0.0000000000
63967  -7.881  -7.707  58.530 0.0000000000
129357  -8.472  -6.935  57.641 0.0000000000
64898  -8.062  -6.213  57.898 0.0000000000
65845  -7.794  -5.390  58.036 0.0000000000
66792  -7.357  -4.545  57.946 0.0000000000
68706  -5.987  -1.880  56.641 0.0000000000
68707  -6.541  -2.429  56.720 0.0000000000
119883  -7.015  -2.324  56.234 0.0000000000
69666  -6.867  -1.714  55.714 0.0000000000
67757  -8.425  -3.104  56.142 0.0000000000
68714  -7.633  -2.202  55.700 0.0000000000
68721  -7.520  -1.539  55.211 0.0000000000
69673  -8.212  -1.266  54.589 0.0000000000
69682  -8.915  -0.814  53.713 0.0000000000
68734  -11.202  -2.564  53.659 0.0000000000
67770  -11.247  -3.325  54.152 0.0000000000
67782  -11.745  -3.259  53.433 0.0000000000
66843  -12.076  -3.836  53.205 0.0000000000
66852  -12.253  -4.034  52.623 0.0000000000
66851  -12.107  -4.849  52.352 0.0000000000
61175  -7.231  -10.729  49.817 0.0000000000
61173  -6.077  -9.931  49.090 0.0000000000
62134  -5.875  -9.181  49.129 0.0000000000
120267  -5.851  -9.240  48.461 0.0000000000
63088  -5.986  -9.017  48.134 0.0000000000
63089  -6.619  -8.928  47.946 0.0000000000
61209  -6.988  -10.712  46.452 0.0000000000
61246  -7.003  -11.430  44.715 0.0000000000
61232  -7.114  -11.271  45.723 0.0000000000
128807  -7.073  -11.486  44.146 0.0000000000
56167  -40.513  -15.927  45.887 0.0000000000
56160  -41.274  -15.858  47.114 0.0000000000
56144  -41.108  -15.866  47.787 0.0000000000
55010  -42.032  -16.881  46.910 0.0000000000
55004  -41.390  -16.419  47.835 0.0000000000
54999  -39.973  -16.860  49.859 0.0000000000
53051  -42.500  -18.697  47.380 0.0000000000
53050  -42.010  -18.589  48.118 0.0000000000
52112  -41.541  -19.357  48.606 0.0000000000
53049  -41.284  -18.553  48.782 0.0000000000
53987  -39.536  -17.726  50.248 0.0000000000
53016  -37.096  -18.138  50.453 0.0000000000
132972  -36.695  -18.761  50.190 0.0000000000
53048  -35.426  -18.495  48.675 0.0000000000
53064  -35.454  -18.570  47.725 0.0000000000
46658  -34.579  -25.636  52.508 0.0000000000
45728  -33.996  -26.342  52.752 0.0000000000
45729  -34.766  -26.468  52.317 0.0000000000
44838  -34.714  -27.858  51.845 0.0000000000
43805  -36.083  -28.138  51.093 0.0000000000
43813  -35.838  -28.875  50.706 0.0000000000
41814  -35.506  -29.262  49.606 0.0000000000
43825  -38.483  -28.625  48.927 0.0000000000
42790  -37.964  -28.686  48.402 0.0000000000
53073  -35.517  -18.688  46.775 0.0000000000
137399  -36.145  -19.095  47.159 0.0000000000
50302  -37.624  -21.327  47.155 0.0000000000
51200  -37.762  -21.125  48.356 0.0000000000
132657  -37.461  -22.596  47.410 0.0000000000
123629  -38.780  -24.119  49.524 0.0000000000
48532  -38.508  -23.649  49.289 0.0000000000
47585  -36.767  -24.549  51.211 0.0000000000
47584  -36.229  -24.082  51.522 0.0000000000
47583  -35.646  -24.077  51.917 0.0000000000
69903  -54.928  -1.099  30.759 0.0000000000
68932  -56.193  -2.256  33.049 0.0000000000
68915  -56.255  -2.647  33.574 0.0000000000
68907  -56.181  -2.737  34.080 0.0000000000
67066  -54.349  -4.665  31.717 0.0000000000
129369  -54.072  -3.336  34.228 0.0000000000
67045  -52.872  -4.025  33.904 0.0000000000
67044  -51.953  -4.228  33.631 0.0000000000
67043  -51.051  -4.390  33.595 0.0000000000
122633  -13.682  -22.158  56.408 0.0000000000
49324  -13.035  -23.028  55.106 0.0000000000
49323  -12.033  -23.367  55.013 0.0000000000
49322  -11.099  -23.289  55.016 0.0000000000
49321  -10.278  -23.112  55.424 0.0000000000
48458  -11.645  -23.637  56.781 0.0000000000
49320  -8.965  -22.759  55.305 0.0000000000
117092  -7.912  -22.988  55.171 0.0000000000
49311  -8.205  -23.278  56.433 0.0000000000
49318  -7.332  -23.400  55.865 0.0000000000
48475  -5.939  -24.639  54.892 0.0000000000
47555  -5.536  -25.086  54.371 0.0000000000
125125  -16.037  -16.054  57.455 0.0000000000
54943  -16.503  -16.226  58.715 0.0000000000
53913  -15.654  -17.238  59.201 0.0000000000
54940  -16.722  -16.305  59.496 0.0000000000
128278  -15.492  -19.017  61.003 0.0000000000
122262  -15.261  -14.564  62.512 0.0000000000
117939  -14.954  -15.872  62.895 0.0000000000
57056  -14.681  -14.079  62.362 0.0000000000
57055  -13.887  -14.137  62.137 0.0000000000
133414  -12.953  -14.160  61.727 0.0000000000
54924  -12.339  -16.496  62.777 0.0000000000
52031  -13.150  -19.647  62.334 0.0000000000
52941  -12.577  -19.021  61.880 0.0000000000
52944  -11.932  -18.413  60.557 0.0000000000
52041  -12.592  -19.420  58.269 0.0000000000
52043  -13.021  -19.914  56.906 0.0000000000
60290  -46.009  -10.729  40.752 0.0000000000
129983  -46.522  -10.642  41.873 0.0000000000
59123  -45.402  -12.570  42.877 0.0000000000
59101  -45.458  -12.617  43.575 0.0000000000
59102  -46.060  -12.266  43.313 0.0000000000
60238  -46.719  -11.123  43.335 0.0000000000
128403  -46.997  -10.555  43.622 0.0000000000
62215  -47.473  -9.809  43.560 0.0000000000
62205  -47.477  -9.410  44.680 0.0000000000
63136  -47.267  -8.707  45.408 0.0000000000
62194  -46.441  -9.565  45.642 0.0000000000
63135  -46.707  -8.103  45.733 0.0000000000
65022  -45.729  -6.807  45.386 0.0000000000
130723  -35.450  -8.786  43.222 0.0000000000
64129  -36.475  -7.905  42.022 0.0000000000
64142  -36.254  -7.624  40.882 0.0000000000
64155  -35.990  -7.220  39.958 0.0000000000
62235  -33.445  -8.883  41.675 0.0000000000
63176  -34.045  -8.338  40.921 0.0000000000
64152  -33.366  -7.265  39.674 0.0000000000
117925  -34.718  -7.772  40.318 0.0000000000
65077  -36.405  -6.498  39.694 0.0000000000
65043  -31.079  -5.690  42.510 0.0000000000
47544  -19.198  -24.973  56.373 0.0000000000
46633  -20.889  -25.493  57.066 0.0000000000
49316  -22.194  -22.794  56.273 0.0000000000
47556  -22.773  -24.676  55.223 0.0000000000
46638  -22.244  -25.152  55.615 0.0000000000
45696  -22.092  -25.922  55.218 0.0000000000
130454  -21.795  -26.472  54.835 0.0000000000
44796  -21.247  -27.024  54.983 0.0000000000
44808  -21.048  -27.025  54.069 0.0000000000
45706  -20.823  -26.730  53.436 0.0000000000
45723  -20.629  -26.374  52.722 0.0000000000
45740  -21.110  -25.910  52.265 0.0000000000
45738  -19.752  -26.116  51.564 0.0000000000
46661  -19.432  -25.803  50.786 0.0000000000
116827  -18.971  -25.554  50.057 0.0000000000
60278  -21.700  -11.858  40.547 0.0000000000
51218  -27.563  -20.451  44.877 0.0000000000
53080  -26.179  -19.094  45.514 0.0000000000
119245  -25.843  -18.948  46.151 0.0000000000
53069  -24.047  -18.277  46.719 0.0000000000
53044  -25.255  -18.522  48.745 0.0000000000
53060  -24.157  -18.398  47.587 0.0000000000
53039  -20.829  -18.553  48.292 0.0000000000
53023  -19.521  -18.833  48.950 0.0000000000
118129  -19.393  -19.892  50.701 0.0000000000
52074  -21.533  -19.810  52.661 0.0000000000
51156  -20.227  -21.144  52.766 0.0000000000
138296  -19.247  -23.091  54.620 0.0000000000
71722  -52.448  0.477  40.696 0.0000000000
72698  -52.123  1.371  40.283 0.0000000000
58082  -5.162  -13.790  44.036 0.0000000000
57157  -5.017  -14.270  44.323 0.0000000000
57158  -5.147  -15.068  44.094 0.0000000000
56176  -5.219  -15.669  43.141 0.0000000000
56161  -5.632  -15.654  44.617 0.0000000000
132087  -5.353  -15.642  43.825 0.0000000000
55047  -5.553  -16.218  42.838 0.0000000000
54018  -6.983  -16.416  45.433 0.0000000000
54050  -6.684  -16.650  43.838 0.0000000000
44780  -10.035  -27.335  55.998 0.0000000000
62981  -19.396  -9.151  60.208 0.0000000000
62974  -19.617  -8.560  60.648 0.0000000000
140691  -19.267  -7.039  61.970 0.0000000000
63940  -18.133  -7.462  61.134 0.0000000000
64869  -18.553  -6.968  61.848 0.0000000000
64864  -18.991  -6.655  62.555 0.0000000000
65810  -18.569  -6.118  63.173 0.0000000000
134099  -18.484  -4.924  63.901 0.0000000000
67701  -18.312  -4.110  64.174 0.0000000000
67713  -16.537  -3.731  61.556 0.0000000000
66765  -16.911  -4.574  62.207 0.0000000000
126286  -17.231  -4.234  63.188 0.0000000000
140678  -17.495  -4.005  63.918 0.0000000000
68658  -18.585  -2.987  64.361 0.0000000000
122698  -18.426  -1.958  64.513 0.0000000000
139774  -18.398  -1.350  64.574 0.0000000000
70549  -17.105  -0.531  64.574 0.0000000000
70546  -17.802  0.076  64.833 0.0000000000
72503  -15.698  1.699  62.605 0.0000000000
73478  -12.297  2.967  58.321 0.0000000000
74486  -11.653  3.935  58.299 0.0000000000
72525  -8.633  1.359  57.161 0.0000000000
72524  -7.711  1.397  57.407 0.0000000000
120089  -7.600  -12.072  60.170 0.0000000000
60053  -7.371  -11.158  60.430 0.0000000000
60056  -7.660  -11.526  59.716 0.0000000000
60060  -7.762  -10.917  59.200 0.0000000000
58969  -7.834  -12.448  58.883 0.0000000000
61109  -7.779  -10.085  58.621 0.0000000000
57081  -6.520  -15.282  55.958 0.0000000000
58023  -7.507  -13.564  56.676 0.0000000000
61110  -8.056  -10.309  58.187 0.0000000000
62063  -8.325  -9.656  57.886 0.0000000000
62073  -8.660  -9.808  57.110 0.0000000000
130755  -8.674  -9.126  57.315 0.0000000000
138222  -9.429  -11.012  56.289 0.0000000000
62074  -9.482  -9.611  56.573 0.0000000000
63008  -10.264  -9.039  56.210 0.0000000000
63980  -10.424  -8.213  56.060 0.0000000000
63988  -10.832  -7.964  55.260 0.0000000000
62100  -10.628  -9.141  54.104 0.0000000000
62110  -9.952  -10.215  52.837 0.0000000000
61152  -9.922  -11.076  52.886 0.0000000000
61157  -8.602  -10.574  51.225 0.0000000000
60122  -7.964  -11.091  50.175 0.0000000000
58042  -8.194  -13.869  52.019 0.0000000000
59004  -8.384  -13.168  50.871 0.0000000000
59012  -8.387  -12.065  50.292 0.0000000000
59030  -6.578  -12.017  48.545 0.0000000000
59040  -5.840  -12.405  47.473 0.0000000000
126978  -5.639  -12.741  46.826 0.0000000000
69732  -11.770  -1.505  47.426 0.0000000000
60190  -39.579  -11.073  45.462 0.0000000000
61224  -40.049  -10.684  47.045 0.0000000000
61196  -40.132  -10.020  47.767 0.0000000000
62151  -39.734  -9.443  48.114 0.0000000000
63085  -38.749  -8.305  48.526 0.0000000000
63074  -37.921  -8.976  49.319 0.0000000000
63084  -37.959  -8.407  48.764 0.0000000000
120065  -38.282  -8.031  48.231 0.0000000000
134840  -37.583  -8.080  48.048 0.0000000000
63096  -36.858  -8.406  47.628 0.0000000000
62180  -36.164  -8.888  47.155 0.0000000000
56151  -40.093  -15.068  47.224 0.0000000000
117889  -38.715  -14.504  49.493 0.0000000000
58052  -37.315  -13.055  50.150 0.0000000000
54985  -37.699  -15.741  50.904 0.0000000000
56125  -37.574  -15.096  50.788 0.0000000000
57111  -37.191  -14.266  50.560 0.0000000000
57109  -36.058  -14.050  50.694 0.0000000000
57110  -36.465  -14.152  50.616 0.0000000000
138940  -36.659  -13.782  50.569 0.0000000000
59010  -36.457  -12.644  50.594 0.0000000000
60120  -36.603  -11.922  50.702 0.0000000000
60128  -36.727  -11.265  50.867 0.0000000000
62147  -36.192  -9.572  49.501 0.0000000000
61181  -35.144  -10.973  49.143 0.0000000000
61192  -35.456  -10.117  48.952 0.0000000000
116754  -35.832  -9.420  48.581 0.0000000000
63110  -36.106  -9.001  46.193 0.0000000000
62190  -35.393  -9.372  45.760 0.0000000000
61241  -34.135  -10.282  45.871 0.0000000000
132896  -34.048  -10.028  45.152 0.0000000000
59052  -33.130  -12.247  46.321 0.0000000000
60185  -32.807  -11.666  45.684 0.0000000000
138346  -32.388  -12.626  45.191 0.0000000000
59075  -32.362  -11.999  44.924 0.0000000000
61239  -32.494  -11.121  44.945 0.0000000000
61253  -32.228  -10.607  44.235 0.0000000000
61263  -32.037  -10.081  43.440 0.0000000000
61273  -31.598  -9.926  42.764 0.0000000000
61272  -31.099  -10.252  42.300 0.0000000000
61283  -30.887  -10.393  41.522 0.0000000000
60268  -31.126  -11.615  41.936 0.0000000000
51148  -25.845  -19.359  54.652 0.0000000000
51160  -26.238  -19.831  54.236 0.0000000000
51175  -26.441  -20.436  53.592 0.0000000000
50222  -27.217  -20.636  53.456 0.0000000000
50237  -26.671  -21.020  52.924 0.0000000000
122016  -28.487  -22.802  52.431 0.0000000000
48488  -28.280  -23.127  52.436 0.0000000000
136712  -28.783  -24.851  52.428 0.0000000000
48496  -28.284  -24.087  52.426 0.0000000000
117367  -28.077  -23.058  52.535 0.0000000000
47582  -27.592  -23.789  52.084 0.0000000000
120527  -26.760  -25.379  51.045 0.0000000000
46677  -26.491  -25.986  50.551 0.0000000000
135684  -33.378  -26.933  52.886 0.0000000000
44828  -33.108  -27.564  52.614 0.0000000000
61310  -30.026  -11.185  38.812 0.0000000000
58148  -30.423  -13.417  39.113 0.0000000000
138261  -31.211  -13.733  40.372 0.0000000000
57219  -30.586  -14.151  39.348 0.0000000000
56179  -31.127  -16.002  42.600 0.0000000000
117272  -30.911  -16.046  42.048 0.0000000000
55062  -30.694  -16.496  41.480 0.0000000000
55061  -30.297  -17.057  40.760 0.0000000000
54110  -29.744  -17.613  40.047 0.0000000000
53136  -29.340  -18.506  40.165 0.0000000000
131282  -30.231  -20.369  42.071 0.0000000000
52151  -29.562  -20.139  41.619 0.0000000000
51248  -28.869  -20.340  41.989 0.0000000000
133780  -28.594  -20.618  42.602 0.0000000000
51237  -28.487  -20.922  43.394 0.0000000000
51227  -28.241  -21.026  44.409 0.0000000000
133011  -35.416  -19.080  46.007 0.0000000000
51213  -36.203  -21.100  45.663 0.0000000000
51221  -34.794  -20.364  45.030 0.0000000000
51220  -34.103  -20.705  44.567 0.0000000000
50345  -33.404  -21.079  44.289 0.0000000000
49430  -34.621  -23.089  46.937 0.0000000000
49429  -33.816  -23.016  46.962 0.0000000000
49440  -34.172  -22.661  46.183 0.0000000000
49448  -33.470  -22.307  45.508 0.0000000000
50330  -33.043  -21.799  44.770 0.0000000000
50344  -32.610  -21.370  44.195 0.0000000000
50342  -30.598  -21.663  44.347 0.0000000000
50341  -29.675  -21.651  44.634 0.0000000000
51219  -28.151  -20.948  45.372 0.0000000000
51212  -28.246  -20.738  46.244 0.0000000000
52106  -27.849  -19.521  49.159 0.0000000000
134512  -27.431  -19.128  49.482 0.0000000000
51187  -29.478  -20.809  49.640 0.0000000000
52099  -28.941  -20.254  50.107 0.0000000000
52098  -27.974  -19.293  49.958 0.0000000000
53030  -27.291  -18.815  50.186 0.0000000000
53013  -27.438  -18.678  51.166 0.0000000000
52997  -26.825  -18.450  51.741 0.0000000000
52986  -26.962  -18.448  52.645 0.0000000000
52987  -27.673  -18.762  52.840 0.0000000000
52976  -27.118  -18.598  53.493 0.0000000000
119583  -26.342  -18.410  53.269 0.0000000000
76799  -57.096  5.555  28.046 0.0000000000
77792  -57.508  6.458  28.910 0.0000000000
76783  -56.927  5.891  29.343 0.0000000000
76768  -57.040  6.029  30.196 0.0000000000
75733  -56.753  5.100  30.027 0.0000000000
76767  -57.081  5.504  30.835 0.0000000000
77735  -55.447  6.755  33.743 0.0000000000
74752  -56.459  4.015  32.294 0.0000000000
76727  -55.361  6.013  34.136 0.0000000000
135928  -54.603  6.340  34.163 0.0000000000
76726  -53.716  6.014  34.043 0.0000000000
74744  -53.167  4.368  34.013 0.0000000000
140262  -56.271  -0.073  32.323 0.0000000000
120262  -56.333  -0.847  33.308 0.0000000000
71795  -56.314  0.626  34.011 0.0000000000
69851  -54.965  -1.230  34.475 0.0000000000
70823  -53.514  -0.736  33.360 0.0000000000
71804  -54.608  0.346  34.176 0.0000000000
72770  -53.521  1.594  33.607 0.0000000000
75780  -56.190  4.910  27.160 0.0000000000
53966  -10.014  -16.587  50.055 0.0000000000
53980  -10.838  -16.774  49.345 0.0000000000
53993  -11.484  -17.224  48.713 0.0000000000
53994  -12.173  -17.888  48.349 0.0000000000
53982  -12.263  -17.709  49.180 0.0000000000
53035  -12.702  -18.375  48.018 0.0000000000
52114  -13.334  -19.315  47.341 0.0000000000
131664  -13.491  -18.838  50.883 0.0000000000
52096  -13.685  -19.560  49.539 0.0000000000
51183  -13.677  -20.385  49.962 0.0000000000
51195  -13.521  -20.397  48.203 0.0000000000
51203  -12.986  -20.935  47.003 0.0000000000
50311  -12.536  -21.231  46.486 0.0000000000
122678  -11.877  -21.658  46.832 0.0000000000
117506  -10.989  -21.790  46.788 0.0000000000
50308  -9.750  -21.828  46.798 0.0000000000
50198  -13.525  -21.462  53.979 0.0000000000
49357  -13.203  -22.065  53.442 0.0000000000
124626  -12.727  -22.571  53.730 0.0000000000
49356  -12.381  -22.570  53.095 0.0000000000
49367  -12.445  -22.419  52.371 0.0000000000
50246  -10.323  -22.495  51.083 0.0000000000
50212  -9.267  -22.383  53.456 0.0000000000
50230  -8.989  -22.552  52.782 0.0000000000
49376  -9.547  -22.667  51.860 0.0000000000
120394  -9.745  -22.339  50.237 0.0000000000
50269  -9.188  -22.375  49.184 0.0000000000
60123  -20.271  -11.437  50.527 0.0000000000
61158  -20.183  -11.000  51.213 0.0000000000
60109  -20.397  -12.199  52.497 0.0000000000
117787  -20.383  -11.494  52.756 0.0000000000
61138  -20.741  -10.556  55.123 0.0000000000
57094  -20.203  -13.702  54.270 0.0000000000
58035  -20.578  -13.422  54.242 0.0000000000
58032  -21.198  -13.157  54.813 0.0000000000
60095  -21.215  -11.820  54.709 0.0000000000
61139  -21.209  -11.158  55.266 0.0000000000
61130  -20.975  -10.508  56.007 0.0000000000
62068  -21.421  -9.933  57.808 0.0000000000
60076  -22.031  -11.514  57.469 0.0000000000
62061  -21.421  -9.872  58.612 0.0000000000
62053  -20.790  -9.539  59.916 0.0000000000
56090  -18.047  -15.744  59.110 0.0000000000
119746  -18.742  -15.482  58.863 0.0000000000
56096  -19.017  -15.152  58.306 0.0000000000
56097  -19.882  -15.034  58.361 0.0000000000
56092  -20.571  -14.932  58.673 0.0000000000
57073  -21.020  -14.772  58.840 0.0000000000
56074  -18.220  -15.227  61.165 0.0000000000
57069  -19.434  -14.704  60.378 0.0000000000
137600  -20.612  -14.588  59.308 0.0000000000
58017  -21.760  -13.495  58.551 0.0000000000
130248  -21.493  -11.796  58.539 0.0000000000
132096  -20.546  -11.956  58.544 0.0000000000
123174  -21.079  -11.546  58.729 0.0000000000
61107  -20.864  -10.644  59.040 0.0000000000
61101  -20.649  -10.025  59.619 0.0000000000
62052  -20.073  -9.701  59.976 0.0000000000
62980  -18.584  -8.946  59.819 0.0000000000
116699  -18.014  -8.705  59.468 0.0000000000
62989  -17.545  -8.274  59.375 0.0000000000
63960  -17.160  -7.852  59.241 0.0000000000
60084  -16.633  -11.183  56.607 0.0000000000
62079  -16.685  -9.686  56.726 0.0000000000
62077  -14.969  -9.837  56.306 0.0000000000
62078  -15.715  -9.517  56.525 0.0000000000
63013  -16.361  -8.891  56.982 0.0000000000
63971  -16.496  -7.891  57.875 0.0000000000
65835  -16.156  -6.486  57.884 0.0000000000
65848  -15.520  -5.920  57.157 0.0000000000
116934  -14.988  -5.078  56.875 0.0000000000
65859  -14.106  -6.311  56.671 0.0000000000
121050  -14.589  -5.757  56.746 0.0000000000
66796  -14.390  -4.280  57.083 0.0000000000
66795  -13.348  -4.209  57.361 0.0000000000
67738  -12.992  -3.399  57.640 0.0000000000
67732  -12.252  -3.443  58.201 0.0000000000
120999  -12.448  -4.094  57.887 0.0000000000
65826  -10.788  -5.562  59.231 0.0000000000
65825  -10.240  -5.711  59.902 0.0000000000
64874  -9.551  -6.727  60.730 0.0000000000
62057  -11.402  -9.209  58.535 0.0000000000
138729  -10.924  -8.864  59.190 0.0000000000
62046  -10.540  -9.902  60.103 0.0000000000
62049  -10.491  -8.993  59.841 0.0000000000
63946  -9.761  -7.461  60.452 0.0000000000
63945  -9.333  -7.529  61.151 0.0000000000
62968  -8.766  -8.745  62.254 0.0000000000
61092  -8.922  -10.056  62.073 0.0000000000
62039  -8.766  -9.411  62.269 0.0000000000
61089  -8.190  -9.854  62.470 0.0000000000
60046  -7.942  -10.518  62.292 0.0000000000
57986  -12.123  -13.516  61.402 0.0000000000
57984  -9.861  -13.525  61.370 0.0000000000
139666  -10.614  -17.258  60.519 0.0000000000
57982  -8.315  -13.167  61.160 0.0000000000
58955  -7.932  -12.328  61.320 0.0000000000
58954  -7.576  -12.110  60.847 0.0000000000
58961  -7.817  -12.935  60.206 0.0000000000
58000  -7.512  -13.664  59.708 0.0000000000
122709  -6.852  -14.353  59.234 0.0000000000
125114  -6.658  -15.106  58.532 0.0000000000
54947  -6.140  -16.718  56.954 0.0000000000
116829  -7.933  -17.306  57.448 0.0000000000
53923  -7.693  -17.307  56.607 0.0000000000
133855  -6.838  -17.479  56.319 0.0000000000
53930  -6.476  -17.403  55.749 0.0000000000
53936  -6.371  -17.240  55.185 0.0000000000
134283  -6.663  -17.255  54.220 0.0000000000
54973  -8.326  -16.835  52.707 0.0000000000
126694  -51.555  -8.530  33.492 0.0000000000
63233  -51.890  -8.848  34.286 0.0000000000
62322  -51.353  -9.139  34.848 0.0000000000
62323  -52.316  -9.100  35.162 0.0000000000
62296  -53.195  -9.848  36.579 0.0000000000
116869  -53.352  -9.803  37.228 0.0000000000
62282  -53.288  -9.488  37.867 0.0000000000
117623  -50.557  -9.255  36.922 0.0000000000
117143  -51.555  -9.547  37.045 0.0000000000
117721  -51.266  -8.965  38.297 0.0000000000
62280  -51.883  -9.463  37.788 0.0000000000
63202  -53.197  -9.102  38.409 0.0000000000
64169  -53.000  -7.992  39.214 0.0000000000
65090  -52.737  -7.051  39.658 0.0000000000
65088  -52.684  -6.023  39.871 0.0000000000
139128  -52.212  -6.015  40.395 0.0000000000
65998  -52.327  -5.237  40.255 0.0000000000
67917  -52.338  -2.867  40.363 0.0000000000
135509  -52.195  -2.277  40.590 0.0000000000
61305  -47.943  -9.202  40.249 0.0000000000
62244  -48.638  -9.008  40.485 0.0000000000
63179  -49.352  -8.245  40.498 0.0000000000
63162  -48.239  -8.565  42.755 0.0000000000
65052  -48.518  -6.989  42.380 0.0000000000
64144  -48.734  -7.723  41.476 0.0000000000
64146  -49.800  -7.505  40.517 0.0000000000
66951  -50.075  -4.116  40.731 0.0000000000
66952  -50.988  -4.280  40.515 0.0000000000
120302  -51.372  -3.429  40.614 0.0000000000
123466  -51.691  -2.035  40.899 0.0000000000
70740  -51.787  -0.591  41.415 0.0000000000
71712  -51.730  0.731  41.630 0.0000000000
72680  -51.344  1.367  41.973 0.0000000000
70724  -50.019  -0.447  42.238 0.0000000000
72678  -49.778  1.847  42.815 0.0000000000
68835  -47.945  -2.185  43.212 0.0000000000
69779  -48.207  -1.407  43.149 0.0000000000
70716  -48.191  -0.806  43.567 0.0000000000
70715  -47.950  -0.366  44.038 0.0000000000
60192  -41.617  -12.055  45.884 0.0000000000
60175  -43.804  -11.187  46.430 0.0000000000
62165  -41.669  -9.248  47.023 0.0000000000
62181  -42.293  -9.557  46.812 0.0000000000
62183  -43.914  -9.874  46.366 0.0000000000
63148  -45.073  -8.269  44.616 0.0000000000
64121  -44.968  -7.780  43.809 0.0000000000
124139  -45.345  -6.986  44.044 0.0000000000
132879  -45.307  -6.139  43.286 0.0000000000
64131  -37.941  -7.110  43.120 0.0000000000
116959  -39.256  -6.591  43.991 0.0000000000
64115  -39.906  -6.600  43.818 0.0000000000
65078  -38.026  -6.490  39.935 0.0000000000
65060  -39.200  -6.566  41.097 0.0000000000
140196  -39.748  -6.665  41.465 0.0000000000
65047  -40.369  -6.678  41.747 0.0000000000
65037  -41.119  -6.762  42.733 0.0000000000
65048  -41.961  -6.871  42.307 0.0000000000
65049  -42.722  -6.877  42.116 0.0000000000
65050  -43.479  -6.742  42.000 0.0000000000
65084  -43.149  -5.808  40.818 0.0000000000
137445  -44.927  -6.533  42.448 0.0000000000
66942  -45.324  -4.726  43.469 0.0000000000
67887  -44.941  -2.976  43.294 0.0000000000
68833  -45.060  -2.138  43.808 0.0000000000
47506  -15.133  -24.039  62.511 0.0000000000
46600  -15.104  -25.006  62.376 0.0000000000
45664  -14.681  -26.532  61.711 0.0000000000
43724  -13.943  -28.312  60.468 0.0000000000
45667  -17.031  -26.469  60.856 0.0000000000
43727  -16.399  -28.063  60.228 0.0000000000
44737  -16.138  -27.708  60.751 0.0000000000
43731  -13.641  -28.521  59.883 0.0000000000
43743  -13.118  -28.412  58.072 0.0000000000
117158  -12.288  -27.966  57.304 0.0000000000
117157  -11.759  -27.295  55.988 0.0000000000
124149  -20.002  -27.468  57.489 0.0000000000
42698  -18.012  -28.698  57.755 0.0000000000
43778  -19.964  -27.687  55.458 0.0000000000
43777  -19.314  -27.844  55.503 0.0000000000
43768  -18.865  -28.241  56.071 0.0000000000
43767  -18.065  -28.162  55.761 0.0000000000
43758  -18.133  -28.349  56.430 0.0000000000
42708  -17.440  -28.424  56.954 0.0000000000
42707  -16.866  -28.707  57.451 0.0000000000
117321  -15.304  -28.631  57.297 0.0000000000
43755  -14.911  -28.379  56.701 0.0000000000
44774  -14.357  -27.963  56.078 0.0000000000
50235  -24.870  -21.118  52.548 0.0000000000
49403  -25.840  -22.658  49.918 0.0000000000
49391  -24.988  -22.385  50.057 0.0000000000
49390  -23.951  -22.664  49.981 0.0000000000
47588  -21.734  -24.953  50.228 0.0000000000
132738  -21.583  -24.163  48.868 0.0000000000
117300  -21.299  -24.751  49.509 0.0000000000
46674  -20.863  -25.255  50.152 0.0000000000
46686  -19.418  -25.208  49.409 0.0000000000
46685  -18.508  -25.252  49.325 0.0000000000
118465  -19.801  -24.263  46.644 0.0000000000
63069  -20.399  -8.797  48.751 0.0000000000
60132  -20.279  -11.211  49.694 0.0000000000
60310  -29.487  -11.632  38.286 0.0000000000
60321  -28.915  -12.120  37.773 0.0000000000
58167  -28.972  -13.532  37.544 0.0000000000
59183  -28.361  -12.853  37.513 0.0000000000
59182  -27.451  -12.606  37.578 0.0000000000
59181  -26.538  -12.530  37.710 0.0000000000
59180  -25.777  -12.768  37.753 0.0000000000
54134  -28.057  -17.125  38.606 0.0000000000
55110  -27.569  -16.661  38.074 0.0000000000
55127  -27.067  -16.081  37.656 0.0000000000
55126  -26.171  -16.072  37.725 0.0000000000
56249  -26.545  -15.382  37.456 0.0000000000
139653  -25.767  -13.857  37.466 0.0000000000
58163  -25.373  -13.325  37.658 0.0000000000
137955  -24.671  -13.401  37.899 0.0000000000
59165  -23.543  -13.350  38.688 0.0000000000
57229  -23.598  -14.736  38.513 0.0000000000
57228  -23.100  -14.016  38.897 0.0000000000
58146  -23.011  -13.182  39.251 0.0000000000
59150  -22.266  -13.003  39.739 0.0000000000
59140  -21.682  -12.657  40.287 0.0000000000
59132  -21.156  -12.372  40.872 0.0000000000
53107  -25.496  -18.461  42.889 0.0000000000
54080  -24.935  -18.089  42.433 0.0000000000
137238  -24.486  -17.725  42.089 0.0000000000
54092  -24.373  -17.361  41.543 0.0000000000
125594  -23.423  -17.421  43.713 0.0000000000
54067  -22.707  -17.211  43.931 0.0000000000
54068  -23.680  -17.337  42.912 0.0000000000
55060  -23.741  -16.796  41.563 0.0000000000
56205  -22.765  -15.783  40.935 0.0000000000
119163  -21.750  -15.235  41.842 0.0000000000
57189  -21.456  -14.602  41.361 0.0000000000
131739  -21.741  -14.473  40.714 0.0000000000
129881  -20.658  -12.116  41.373 0.0000000000
60245  -19.448  -11.672  43.079 0.0000000000
60225  -19.293  -11.482  43.764 0.0000000000
60205  -19.311  -11.400  44.655 0.0000000000
57159  -18.572  -14.314  44.865 0.0000000000
60162  -19.609  -11.437  46.556 0.0000000000
58044  -19.692  -13.116  51.475 0.0000000000
57122  -17.546  -14.636  50.055 0.0000000000
56123  -17.033  -15.071  51.225 0.0000000000
130478  -16.717  -15.116  54.271 0.0000000000
53004  -18.099  -18.860  49.577 0.0000000000
136561  -17.491  -19.278  50.854 0.0000000000
51167  -16.741  -19.755  52.828 0.0000000000
52971  -16.387  -18.490  52.864 0.0000000000
53942  -15.763  -17.214  54.315 0.0000000000
53941  -15.529  -16.792  55.183 0.0000000000
54958  -15.640  -16.455  55.960 0.0000000000
141220  -15.520  -18.790  57.521 0.0000000000
51132  -15.752  -20.880  58.713 0.0000000000
49301  -16.450  -22.196  61.736 0.0000000000
140865  -15.534  -23.518  62.517 0.0000000000
64193  -52.059  -8.058  32.983 0.0000000000
64194  -52.984  -7.806  33.385 0.0000000000
64195  -54.098  -7.705  33.834 0.0000000000
63234  -54.061  -8.770  34.997 0.0000000000
64188  -54.630  -8.218  34.559 0.0000000000
124952  -54.992  -7.717  34.238 0.0000000000
64190  -55.433  -7.453  34.902 0.0000000000
64178  -53.754  -8.111  38.022 0.0000000000
64181  -54.249  -8.015  37.008 0.0000000000
65110  -53.024  -6.833  37.611 0.0000000000
65116  -54.806  -7.578  35.992 0.0000000000
65121  -54.919  -6.679  35.384 0.0000000000
66043  -53.858  -6.152  35.341 0.0000000000
124849  -52.000  -5.811  35.164 0.0000000000
66047  -51.169  -5.452  34.795 0.0000000000
57175  -5.287  -14.366  43.090 0.0000000000
57184  -5.780  -14.406  42.526 0.0000000000
57194  -5.908  -14.449  41.322 0.0000000000
56190  -5.472  -14.996  41.351 0.0000000000
56200  -5.875  -14.885  40.654 0.0000000000
123784  -6.864  -15.203  39.619 0.0000000000
133142  -10.914  -17.015  48.033 0.0000000000
54007  -10.505  -16.879  47.466 0.0000000000
53066  -12.201  -18.255  46.124 0.0000000000
54040  -11.473  -17.620  45.905 0.0000000000
54054  -11.123  -17.856  44.027 0.0000000000
47513  -12.679  -25.361  60.592 0.0000000000
45677  -9.848  -26.349  59.762 0.0000000000
45669  -9.831  -25.793  60.105 0.0000000000
47512  -9.498  -25.235  59.883 0.0000000000
47520  -9.298  -24.894  59.547 0.0000000000
47529  -8.368  -24.368  58.363 0.0000000000
48443  -8.074  -24.073  57.930 0.0000000000
47538  -7.159  -24.290  57.166 0.0000000000
46618  -7.095  -24.983  57.423 0.0000000000
47537  -6.752  -24.633  57.056 0.0000000000
48452  -6.485  -24.306  56.649 0.0000000000
47541  -5.733  -24.554  56.286 0.0000000000
47548  -5.383  -24.929  55.243 0.0000000000
62119  -19.399  -9.593  51.689 0.0000000000
63044  -18.820  -8.993  52.357 0.0000000000
64015  -17.957  -7.659  52.654 0.0000000000
64878  -20.313  -6.716  60.494 0.0000000000
65838  -19.945  -4.899  59.200 0.0000000000
120566  -20.319  -4.107  59.096 0.0000000000
68663  -20.484  -2.615  62.924 0.0000000000
67708  -20.566  -3.100  62.193 0.0000000000
117786  -20.571  -2.913  61.172 0.0000000000
121770  -20.429  -2.044  61.167 0.0000000000
123628  -20.526  -3.206  60.046 0.0000000000
67724  -20.483  -3.408  59.082 0.0000000000
68683  -11.352  -2.572  59.290 0.0000000000
69634  -11.135  -1.994  59.515 0.0000000000
70568  -10.218  -1.149  59.346 0.0000000000
68668  -9.543  -3.171  61.243 0.0000000000
69632  -9.632  -1.561  60.059 0.0000000000
70567  -9.158  -0.833  59.616 0.0000000000
117619  -7.551  -0.230  60.187 0.0000000000
71550  -8.052  0.395  58.685 0.0000000000
71560  -7.374  1.083  58.182 0.0000000000
72523  -6.731  1.663  57.728 0.0000000000
137748  -7.322  -9.392  60.766 0.0000000000
62970  -6.879  -7.987  60.897 0.0000000000
62976  -7.051  -8.259  60.217 0.0000000000
64873  -6.000  -6.774  61.475 0.0000000000
64865  -5.775  -6.174  61.722 0.0000000000
66761  -5.322  -4.761  61.489 0.0000000000
63956  -7.535  -7.694  58.970 0.0000000000
64887  -7.021  -6.446  59.469 0.0000000000
65831  -6.820  -5.267  59.018 0.0000000000
65830  -6.369  -5.168  59.536 0.0000000000
66768  -5.438  -4.975  60.787 0.0000000000
127894  -5.185  -3.644  61.711 0.0000000000
70556  -5.211  -0.117  60.781 0.0000000000
69631  -4.296  -0.942  59.816 0.0000000000
118326  -4.865  0.295  60.124 0.0000000000
71538  -5.398  1.017  59.679 0.0000000000
72516  -6.326  1.538  58.635 0.0000000000
73489  -6.182  2.151  57.130 0.0000000000
135988  -6.288  2.995  55.726 0.0000000000
73487  -5.209  1.996  57.239 0.0000000000
73501  -5.483  2.380  56.443 0.0000000000
74510  -6.070  3.182  55.167 0.0000000000
74524  -6.245  3.288  54.596 0.0000000000
70603  -4.833  -0.712  55.711 0.0000000000
70609  -5.139  -0.524  54.803 0.0000000000
71584  -4.451  0.764  54.978 0.0000000000
121147  -4.679  1.828  55.445 0.0000000000
73525  -4.913  2.448  54.911 0.0000000000
125046  -6.069  3.222  54.670 0.0000000000
74538  -6.342  3.387  54.074 0.0000000000
74548  -6.802  3.619  53.320 0.0000000000
75487  -6.704  3.816  52.370 0.0000000000
74545  -5.263  2.839  52.639 0.0000000000
74554  -6.031  3.596  52.272 0.0000000000
72597  -8.402  1.539  50.390 0.0000000000
72598  -9.461  1.617  50.302 0.0000000000
71607  -9.117  0.268  52.322 0.0000000000
70633  -10.581  -0.641  52.602 0.0000000000
71621  -9.601  0.681  51.606 0.0000000000
71634  -10.115  1.173  50.881 0.0000000000
70660  -12.277  -0.487  49.632 0.0000000000
69714  -12.236  -1.470  50.488 0.0000000000
69720  -12.355  -1.295  49.830 0.0000000000
120172  -12.355  -1.199  48.985 0.0000000000
68783  -10.866  -2.520  48.232 0.0000000000
68782  -10.023  -2.854  48.299 0.0000000000
63994  -11.079  -7.256  54.755 0.0000000000
135819  -11.058  -7.430  53.981 0.0000000000
64002  -11.228  -7.059  53.422 0.0000000000
63042  -10.214  -8.400  52.741 0.0000000000
129281  -11.406  -6.581  52.805 0.0000000000
134777  -11.422  -6.188  52.194 0.0000000000
129071  -11.648  -5.578  51.870 0.0000000000
62126  -7.150  -9.505  50.668 0.0000000000
63052  -7.798  -8.165  51.562 0.0000000000
64023  -6.652  -7.541  50.823 0.0000000000
64024  -7.310  -7.465  51.189 0.0000000000
136404  -8.725  -7.442  51.609 0.0000000000
64952  -9.994  -6.731  51.369 0.0000000000
65896  -11.175  -5.520  51.006 0.0000000000
65910  -11.251  -4.845  50.620 0.0000000000
139561  -10.574  -4.603  50.254 0.0000000000
66882  -10.317  -4.140  49.808 0.0000000000
66869  -8.750  -4.834  49.940 0.0000000000
67831  -10.018  -3.575  49.233 0.0000000000
67838  -9.768  -3.207  48.650 0.0000000000
67837  -9.180  -3.152  47.953 0.0000000000
67847  -8.665  -3.401  47.204 0.0000000000
66895  -8.595  -3.683  47.093 0.0000000000
65947  -8.633  -4.188  47.187 0.0000000000
64996  -8.635  -5.930  48.383 0.0000000000
64998  -9.989  -6.709  47.469 0.0000000000
62156  -8.600  -9.381  47.535 0.0000000000
42701  -17.374  -28.718  57.598 0.0000000000
42785  -38.036  -28.681  48.853 0.0000000000
43840  -38.504  -28.537  48.641 0.0000000000
44845  -36.631  -27.814  50.821 0.0000000000
45741  -26.985  -26.424  51.075 0.0000000000
46611  -7.571  -24.953  57.918 0.0000000000
46628  -5.368  -25.188  56.348 0.0000000000
46641  -28.802  -24.881  52.347 0.0000000000
46644  -30.155  -24.489  53.167 0.0000000000
46647  -28.726  -25.064  52.420 0.0000000000
47540  -5.349  -24.831  55.907 0.0000000000
47558  -28.900  -24.396  52.419 0.0000000000
47566  -28.711  -24.500  52.433 0.0000000000
47597  -26.089  -24.650  49.254 0.0000000000
48442  -7.666  -24.134  57.587 0.0000000000
48486  -6.599  -24.418  54.363 0.0000000000
48541  -25.143  -23.708  48.033 0.0000000000
48550  -24.711  -23.904  47.519 0.0000000000
48556  -23.406  -23.672  46.702 0.0000000000
49353  -9.360  -22.578  53.906 0.0000000000
50257  -8.590  -22.809  50.637 0.0000000000
50318  -43.180  -22.112  46.723 0.0000000000
51163  -28.113  -19.700  53.325 0.0000000000
51176  -29.002  -20.294  51.607 0.0000000000
51202  -42.333  -20.071  47.946 0.0000000000
51215  -43.086  -20.586  45.830 0.0000000000
52067  -28.037  -19.368  53.284 0.0000000000
53085  -42.019  -19.269  45.392 0.0000000000
53903  -7.654  -16.744  59.235 0.0000000000
53922  -7.062  -17.460  57.104 0.0000000000
53929  -6.331  -17.298  55.862 0.0000000000
53946  -12.072  -17.060  54.081 0.0000000000
53953  -12.602  -17.603  52.356 0.0000000000
53973  -36.861  -17.268  50.460 0.0000000000
54062  -41.530  -18.639  45.250 0.0000000000
54978  -6.820  -16.735  51.424 0.0000000000
54980  -9.394  -16.485  51.604 0.0000000000
55009  -41.608  -16.392  47.256 0.0000000000
55013  -32.462  -16.065  45.982 0.0000000000
55022  -19.842  -17.032  44.950 0.0000000000
56082  -19.219  -15.278  60.401 0.0000000000
56105  -20.685  -14.751  57.182 0.0000000000
56129  -35.447  -15.130  50.006 0.0000000000
57084  -21.705  -14.305  56.872 0.0000000000
57100  -6.744  -15.724  52.379 0.0000000000
57116  -35.323  -14.372  50.024 0.0000000000
57203  -31.148  -14.278  40.095 0.0000000000
57244  -29.425  -13.979  37.868 0.0000000000
58046  -36.912  -13.315  50.488 0.0000000000
58051  -35.694  -13.213  50.495 0.0000000000
58066  -6.204  -13.226  47.484 0.0000000000
58128  -6.327  -14.159  41.326 0.0000000000
58144  -22.125  -13.680  39.815 0.0000000000
58164  -26.135  -13.255  37.524 0.0000000000
59026  -34.792  -12.660  49.258 0.0000000000
59044  -34.145  -12.677  47.912 0.0000000000
59063  -43.367  -12.477  45.542 0.0000000000
59082  -45.384  -12.496  44.330 0.0000000000
59084  -5.655  -13.405  43.826 0.0000000000
59127  -7.316  -12.978  42.535 0.0000000000
60069  -12.952  -10.786  57.093 0.0000000000
60115  -20.315  -11.770  51.186 0.0000000000
61144  -10.124  -10.679  53.485 0.0000000000
61165  -8.131  -10.622  50.641 0.0000000000
62064  -12.543  -9.432  57.325 0.0000000000
62135  -6.367  -9.589  49.642 0.0000000000
62308  -49.534  -9.069  35.869 0.0000000000
62312  -52.778  -9.564  35.911 0.0000000000
63938  -6.526  -7.172  61.791 0.0000000000
63955  -7.220  -7.261  59.420 0.0000000000
63995  -11.285  -6.880  54.090 0.0000000000
64025  -8.126  -7.437  51.495 0.0000000000
64037  -6.204  -7.529  50.383 0.0000000000
64045  -5.957  -7.739  49.519 0.0000000000
64071  -39.665  -7.877  47.568 0.0000000000
64189  -55.234  -7.939  34.791 0.0000000000
64962  -7.424  -6.160  50.590 0.0000000000
64973  -6.024  -7.238  49.926 0.0000000000
64983  -6.608  -7.088  49.377 0.0000000000
65065  -44.324  -5.788  41.478 0.0000000000
65142  -54.353  -5.773  32.268 0.0000000000
65803  -18.934  -5.474  63.638 0.0000000000
65805  -6.245  -5.653  62.593 0.0000000000
65824  -5.849  -5.491  60.456 0.0000000000
65843  -7.061  -4.961  58.531 0.0000000000
65857  -9.028  -5.331  57.127 0.0000000000
65993  -43.827  -5.375  40.961 0.0000000000
66755  -6.774  -4.917  62.997 0.0000000000
66804  -6.953  -3.772  57.598 0.0000000000
66832  -11.265  -4.101  54.555 0.0000000000
66880  -8.697  -4.199  48.905 0.0000000000
66894  -8.605  -4.389  47.807 0.0000000000
66954  -52.126  -4.397  40.398 0.0000000000
66965  -52.662  -4.384  39.875 0.0000000000
66988  -53.020  -4.780  38.707 0.0000000000
67714  -20.577  -3.551  61.636 0.0000000000
68665  -6.260  -2.273  62.199 0.0000000000
68669  -9.996  -3.387  60.810 0.0000000000
68672  -4.708  -1.500  60.632 0.0000000000
68692  -16.383  -2.356  58.471 0.0000000000
68713  -6.388  -1.804  56.210 0.0000000000
68747  -12.152  -2.770  52.384 0.0000000000
68862  -52.936  -2.094  39.600 0.0000000000
68864  -52.945  -2.035  39.290 0.0000000000
69612  -20.370  -1.514  63.623 0.0000000000
69806  -52.819  -1.573  40.006 0.0000000000
70597  -4.424  -0.257  56.879 0.0000000000
70610  -5.742  -0.561  54.602 0.0000000000
70726  -51.386  -0.186  41.721 0.0000000000
70727  -52.098  0.146  41.314 0.0000000000
70741  -52.363  -0.495  40.798 0.0000000000
70824  -56.358  -0.101  32.891 0.0000000000
71547  -4.988  1.375  59.221 0.0000000000
71592  -4.643  0.636  54.009 0.0000000000
71604  -5.807  0.724  52.792 0.0000000000
71711  -50.840  0.281  42.120 0.0000000000
72514  -4.930  1.665  58.685 0.0000000000
72545  -4.806  1.891  56.220 0.0000000000
72689  -52.294  1.309  40.625 0.0000000000
74508  -5.528  2.831  55.370 0.0000000000
74552  -5.104  2.703  51.633 0.0000000000
77818  -57.550  6.340  25.918 0.0000000000
118225  -16.171  -27.328  54.093 0.0000000000
118554  -16.434  -2.026  61.314 0.0000000000
119067  -4.485  -1.332  58.048 0.0000000000
119285  -9.787  -11.020  55.494 0.0000000000
119295  -12.085  -22.873  53.724 0.0000000000
119451  -30.085  -21.815  51.392 0.0000000000
119514  -35.258  -5.769  39.798 0.0000000000
119609  -6.740  3.363  54.535 0.0000000000
119811  -41.690  -16.617  46.334 0.0000000000
120381  -5.176  -1.773  61.331 0.0000000000
120787  -4.292  -0.193  59.701 0.0000000000
121008  -42.105  -17.352  46.734 0.0000000000
121129  -19.079  -24.394  46.641 0.0000000000
121328  -53.012  -2.268  39.068 0.0000000000
122351  -35.747  -12.429  50.569 0.0000000000
126142  -13.566  -19.659  47.901 0.0000000000
126148  -36.981  -28.691  50.068 0.0000000000
128711  -36.361  -19.541  49.431 0.0000000000
128746  -50.594  0.971  42.381 0.0000000000
129179  -5.026  2.579  54.123 0.0000000000
129622  -46.812  -8.935  45.753 0.0000000000
130761  -36.003  -13.050  50.695 0.0000000000
130788  -8.200  -8.232  58.337 0.0000000000
131389  -27.349  -13.886  37.293 0.0000000000
132807  -23.445  -15.759  39.581 0.0000000000
132907  -19.537  -8.302  56.580 0.0000000000
133308  -10.592  -21.939  48.099 0.0000000000
134693  -4.412  0.586  55.701 0.0000000000
135545  -7.827  -23.210  55.945 0.0000000000
135555  -9.896  -11.180  53.716 0.0000000000
137146  -25.230  -17.188  39.626 0.0000000000
137186  -7.904  -10.572  58.447 0.0000000000
137491  -5.951  3.150  55.027 0.0000000000
137874  -8.140  -12.313  43.436 0.0000000000
137983  -8.170  -22.847  54.499 0.0000000000
138041  -42.901  -12.280  45.888 0.0000000000
138196  -28.933  -20.907  42.869 0.0000000000
138234  -14.025  -5.752  56.728 0.0000000000
138400  -36.170  -12.882  50.661 0.0000000000
138596  -30.217  -19.965  41.651 0.0000000000
138688  -16.404  -3.254  58.249 0.0000000000
138818  -38.334  -8.610  48.878 0.0000000000
138918  -37.392  -26.583  50.641 0.0000000000
139055  -16.222  -8.282  57.234 0.0000000000
139577  -37.313  -22.435  46.933 0.0000000000
139611  -15.518  -10.105  56.400 0.0000000000
140383  -13.156  -19.080  46.903 0.0000000000
140397  -7.620  -7.080  62.492 0.0000000000
140774  -37.282  -24.624  50.900 0.0000000000
140812  -9.135  -9.545  62.029 0.0000000000
140832  -29.269  -21.105  52.659 0.0000000000
140888  -9.057  3.807  52.680 0.0000000000
140943  -20.020  -9.739  54.833 0.0000000000
