#!ascii label  , from subject sub-v1s12x0050109_ses-1 vox2ras=TkReg
2637
38828  -36.459  -34.875  -27.545 0.5000000000
38829  -37.393  -34.856  -27.693 0.5000000000
39860  -37.841  -34.112  -27.375 0.4000000060
38830  -38.056  -34.557  -28.199 0.5000000000
135055  -38.408  -33.460  -27.782 0.5000000000
40799  -38.599  -32.759  -27.736 0.5000000000
62934  -32.479  -9.753  -27.949 0.5000000000
63896  -32.164  -8.996  -27.880 0.4000000060
124745  -32.827  -8.485  -28.070 0.4000000060
138639  -32.093  -8.104  -27.807 0.4000000060
118007  -31.904  -7.183  -27.767 0.6000000238
64827  -31.355  -7.767  -27.504 0.5000000000
65763  -32.927  -7.040  -28.062 0.5000000000
65762  -31.496  -6.297  -27.532 0.5000000000
127911  -32.389  -6.326  -27.946 0.4000000060
66714  -31.459  -5.483  -27.422 0.5000000000
66715  -31.810  -5.439  -27.874 0.5000000000
66716  -33.116  -5.541  -28.209 0.4000000060
36685  -35.752  -36.272  -29.329 0.5000000000
37810  -37.286  -35.644  -29.169 0.4000000060
38841  -37.769  -35.098  -28.646 0.5000000000
38842  -38.496  -34.527  -29.197 0.5000000000
40808  -38.808  -33.102  -28.584 0.5000000000
40800  -39.041  -32.262  -28.553 0.5000000000
41735  -39.232  -31.476  -28.337 0.5000000000
61055  -32.417  -11.380  -27.807 0.5000000000
61056  -33.409  -11.523  -28.098 0.5000000000
62013  -32.972  -10.882  -28.013 0.5000000000
123975  -33.085  -10.176  -28.105 0.5000000000
124014  -33.196  -9.244  -28.160 0.5000000000
64828  -32.898  -7.757  -28.054 0.6000000238
69587  -35.441  -2.679  -29.245 0.3000000119
65764  -33.541  -6.535  -28.266 0.4000000060
68636  -34.649  -3.109  -29.126 0.3000000119
68622  -32.673  -3.809  -28.570 0.4000000060
67663  -33.379  -4.627  -28.534 0.3000000119
68623  -33.707  -3.935  -28.808 0.4000000060
37809  -36.325  -35.832  -28.772 0.5000000000
39873  -38.514  -33.944  -28.371 0.5000000000
41734  -38.819  -31.998  -27.625 0.5000000000
63897  -33.704  -8.319  -28.242 0.6000000238
69586  -34.476  -2.187  -29.169 0.3000000119
124251  -33.710  -2.670  -29.019 0.3000000119
28029  -50.610  -44.255  -28.768 0.3000000119
29183  -51.562  -43.993  -29.251 0.3000000119
28042  -52.088  -44.164  -30.036 0.4000000060
28069  -51.641  -44.523  -31.676 0.4000000060
28058  -52.364  -44.119  -31.111 0.4000000060
29219  -52.812  -43.229  -31.602 0.4000000060
28084  -51.693  -44.103  -32.472 0.4000000060
29218  -51.401  -43.133  -32.591 0.4000000060
30337  -50.708  -42.494  -31.984 0.4000000060
139868  -50.370  -43.735  -28.232 0.3000000119
29165  -51.301  -43.353  -28.658 0.3000000119
30302  -52.238  -42.447  -28.899 0.4000000060
29184  -52.462  -43.340  -29.520 0.4000000060
29203  -53.176  -42.858  -30.993 0.4000000060
30339  -52.984  -42.378  -31.430 0.4000000060
30359  -52.537  -42.486  -31.976 0.4000000060
138900  -51.481  -42.085  -32.023 0.4000000060
29201  -49.357  -42.866  -31.386 0.4000000060
32457  -49.806  -40.587  -27.781 0.3000000119
31389  -50.369  -41.449  -28.043 0.3000000119
32469  -50.654  -40.645  -28.302 0.3000000119
31407  -52.702  -41.518  -29.293 0.4000000060
30318  -53.060  -42.329  -29.735 0.4000000060
31422  -52.857  -41.601  -31.100 0.4000000060
135277  -51.707  -41.078  -31.486 0.4000000060
31419  -49.950  -41.262  -30.903 0.4000000060
123017  -49.714  -42.083  -31.117 0.4000000060
124314  -48.098  -40.790  -30.064 0.4000000060
31406  -48.387  -41.432  -30.086 0.4000000060
31418  -48.983  -41.742  -30.452 0.4000000060
32437  -48.503  -40.211  -26.738 0.3000000119
31368  -48.930  -40.923  -27.206 0.3000000119
32471  -52.241  -40.125  -29.184 0.3000000119
129975  -52.732  -40.491  -29.792 0.3000000119
31421  -52.295  -41.194  -31.394 0.4000000060
32487  -51.746  -40.295  -31.179 0.4000000060
32476  -49.063  -40.821  -30.544 0.4000000060
128011  -50.106  -40.436  -30.842 0.4000000060
30338  -50.972  -41.594  -31.610 0.4000000060
140256  -48.450  -40.103  -30.697 0.4000000060
134730  -47.572  -40.016  -30.531 0.4000000060
33529  -48.894  -39.595  -27.244 0.3000000119
33530  -49.681  -39.497  -27.695 0.3000000119
123590  -50.551  -39.879  -28.253 0.3000000119
33540  -50.503  -39.000  -28.197 0.3000000119
33542  -51.858  -39.665  -29.175 0.4000000060
33559  -51.881  -39.504  -30.537 0.4000000060
33558  -51.198  -39.420  -30.931 0.4000000060
131432  -52.083  -39.856  -30.986 0.4000000060
34615  -49.233  -38.085  -31.176 0.3000000119
136293  -48.906  -38.640  -31.228 0.4000000060
32486  -50.701  -39.776  -31.014 0.4000000060
118865  -49.395  -39.603  -30.963 0.4000000060
32485  -48.238  -39.319  -31.017 0.4000000060
36636  -47.377  -36.629  -24.960 0.3000000119
35636  -47.526  -37.884  -25.797 0.3000000119
37740  -48.133  -35.265  -24.845 0.3000000119
33517  -48.455  -39.320  -26.701 0.3000000119
35654  -47.930  -38.147  -26.276 0.3000000119
34587  -49.042  -38.903  -27.264 0.3000000119
34573  -49.258  -38.103  -27.008 0.3000000119
35669  -49.715  -37.666  -27.567 0.3000000119
34588  -49.791  -38.534  -27.659 0.3000000119
121544  -50.373  -38.054  -28.408 0.3000000119
35678  -50.632  -38.056  -29.433 0.3000000119
34599  -50.969  -38.635  -29.044 0.3000000119
35684  -50.351  -37.845  -30.292 0.3000000119
34608  -50.980  -38.441  -30.118 0.3000000119
35691  -49.681  -37.852  -30.906 0.3000000119
34616  -50.392  -38.523  -30.863 0.4000000060
34613  -47.695  -37.771  -31.234 0.3000000119
33556  -47.964  -38.533  -31.170 0.4000000060
33549  -46.653  -38.996  -30.102 0.4000000060
125530  -46.183  -39.497  -29.380 0.4000000060
36645  -47.960  -36.731  -25.650 0.3000000119
35637  -47.971  -37.420  -26.069 0.3000000119
121752  -48.424  -36.207  -25.814 0.3000000119
35655  -48.618  -37.704  -26.557 0.3000000119
35656  -49.243  -37.273  -26.873 0.3000000119
116861  -49.925  -37.178  -28.367 0.3000000119
35683  -49.599  -37.167  -30.515 0.3000000119
35677  -50.235  -37.434  -29.371 0.3000000119
36704  -48.801  -36.891  -31.226 0.3000000119
35690  -49.120  -37.457  -31.210 0.3000000119
35689  -48.403  -37.344  -31.308 0.3000000119
35688  -47.362  -36.973  -31.274 0.3000000119
34612  -46.857  -37.522  -30.852 0.3000000119
136827  -46.496  -38.154  -30.037 0.3000000119
139212  -45.764  -39.198  -29.030 0.4000000060
38781  -48.376  -34.472  -24.531 0.3000000119
36646  -48.626  -36.815  -26.314 0.3000000119
37779  -48.989  -35.900  -26.319 0.3000000119
39806  -49.327  -33.340  -24.626 0.3000000119
39807  -50.021  -32.993  -24.983 0.3000000119
36664  -49.267  -36.537  -26.765 0.3000000119
37780  -49.494  -35.318  -26.622 0.3000000119
40744  -49.529  -32.570  -24.372 0.3000000119
36680  -49.801  -36.405  -28.539 0.3000000119
36675  -49.612  -36.719  -27.524 0.3000000119
117032  -49.240  -35.911  -29.718 0.3000000119
125450  -49.799  -36.695  -29.461 0.3000000119
36690  -48.907  -36.327  -30.608 0.3000000119
36703  -47.942  -36.382  -31.154 0.3000000119
36702  -46.778  -36.781  -30.784 0.3000000119
33539  -46.092  -38.775  -29.371 0.4000000060
33538  -45.562  -38.815  -28.622 0.4000000060
122474  -45.131  -40.089  -27.248 0.5000000000
37758  -48.553  -35.541  -25.590 0.3000000119
38782  -49.056  -34.077  -24.933 0.3000000119
37759  -49.089  -35.064  -26.032 0.3000000119
38800  -49.372  -34.362  -25.697 0.3000000119
118636  -49.551  -35.909  -27.070 0.3000000119
40745  -50.264  -32.269  -24.695 0.3000000119
41687  -50.420  -31.471  -24.482 0.3000000119
37792  -49.860  -35.856  -27.946 0.3000000119
41688  -51.180  -31.214  -24.895 0.3000000119
42630  -51.327  -30.401  -24.839 0.3000000119
37815  -47.740  -35.056  -30.194 0.3000000119
37816  -48.156  -35.486  -30.564 0.3000000119
42646  -51.914  -29.973  -25.531 0.3000000119
36689  -47.093  -36.312  -30.986 0.3000000119
36688  -46.771  -36.105  -30.004 0.3000000119
35682  -46.448  -37.224  -29.839 0.3000000119
34598  -45.944  -38.041  -29.153 0.3000000119
130906  -45.415  -38.568  -27.636 0.4000000060
33515  -45.269  -39.225  -26.761 0.5000000000
38815  -49.718  -34.667  -26.423 0.3000000119
38801  -50.012  -33.965  -26.072 0.3000000119
39825  -50.434  -33.364  -25.626 0.3000000119
37781  -50.001  -35.084  -27.298 0.3000000119
38816  -50.405  -34.313  -26.796 0.3000000119
39841  -50.830  -33.681  -26.275 0.3000000119
39826  -51.192  -33.115  -25.881 0.3000000119
37802  -49.628  -35.620  -28.983 0.3000000119
40766  -50.714  -32.689  -25.322 0.3000000119
37817  -48.734  -35.140  -29.844 0.3000000119
41701  -51.544  -31.715  -25.549 0.3000000119
41702  -52.128  -31.556  -26.182 0.3000000119
125086  -51.783  -30.943  -25.478 0.3000000119
41729  -54.520  -31.995  -28.003 0.3000000119
42657  -53.269  -30.587  -26.727 0.3000000119
37814  -47.252  -35.296  -30.017 0.3000000119
37800  -46.924  -35.288  -29.153 0.3000000119
122752  -46.389  -36.657  -29.094 0.3000000119
35676  -46.037  -37.321  -28.612 0.3000000119
38824  -50.638  -34.427  -27.787 0.3000000119
38817  -51.133  -33.883  -27.068 0.3000000119
37793  -50.102  -35.045  -28.469 0.3000000119
38835  -51.344  -33.872  -28.029 0.3000000119
39852  -51.914  -33.496  -27.305 0.3000000119
39842  -51.573  -33.353  -26.554 0.3000000119
123286  -48.128  -34.876  -30.117 0.3000000119
38846  -48.542  -34.444  -29.657 0.3000000119
38847  -49.473  -34.616  -29.316 0.3000000119
38834  -50.631  -34.227  -29.000 0.3000000119
39865  -51.671  -33.564  -29.004 0.3000000119
133590  -52.140  -33.588  -28.051 0.3000000119
40782  -51.807  -32.789  -26.320 0.3000000119
38845  -48.123  -34.504  -29.712 0.3000000119
131697  -53.613  -33.561  -29.258 0.3000000119
39853  -52.820  -33.316  -27.704 0.3000000119
39883  -53.785  -33.341  -30.172 0.3000000119
40792  -54.337  -33.043  -28.038 0.3000000119
40784  -53.639  -32.312  -27.317 0.3000000119
40817  -54.191  -33.093  -30.883 0.3000000119
39867  -54.250  -33.428  -29.608 0.3000000119
36679  -46.511  -36.007  -28.707 0.4000000060
41739  -55.411  -32.089  -29.942 0.3000000119
36674  -46.102  -36.129  -27.751 0.4000000060
44724  -55.291  -29.234  -29.643 0.3000000119
35667  -45.784  -36.973  -27.684 0.3000000119
138406  -45.207  -38.169  -26.620 0.4000000060
44719  -55.678  -28.545  -29.400 0.3000000119
138946  -45.059  -38.780  -26.244 0.5000000000
33514  -44.613  -39.205  -26.159 0.5000000000
130890  -49.128  -33.897  -29.590 0.3000000119
38848  -49.902  -33.728  -29.611 0.3000000119
39864  -50.744  -33.507  -29.576 0.3000000119
39881  -51.526  -33.026  -29.869 0.3000000119
40816  -52.890  -32.919  -30.486 0.3000000119
41746  -53.648  -32.632  -31.068 0.3000000119
37791  -46.433  -35.289  -27.945 0.4000000060
37790  -45.842  -35.560  -27.142 0.5000000000
42691  -55.151  -31.989  -31.145 0.3000000119
43717  -55.361  -30.423  -30.052 0.4000000060
43716  -54.925  -29.740  -30.223 0.4000000060
35653  -45.310  -37.158  -26.800 0.5000000000
35652  -44.710  -37.359  -26.017 0.6000000238
119993  -55.589  -28.594  -29.964 0.3000000119
35634  -44.393  -38.311  -25.824 0.6000000238
33501  -43.572  -39.035  -25.623 0.6000000238
39878  -48.655  -33.698  -29.495 0.3000000119
40812  -48.990  -32.831  -29.576 0.3000000119
40813  -49.534  -32.434  -29.962 0.3000000119
37801  -47.556  -34.661  -29.428 0.3000000119
39879  -49.342  -33.191  -29.767 0.3000000119
40814  -50.138  -32.173  -30.187 0.3000000119
40815  -51.294  -32.401  -30.254 0.3000000119
41743  -50.497  -31.576  -30.177 0.4000000060
38833  -47.013  -34.620  -28.391 0.4000000060
120153  -52.493  -32.346  -30.587 0.4000000060
42683  -52.059  -30.851  -30.286 0.4000000060
37778  -46.062  -35.026  -27.117 0.5000000000
41745  -52.911  -31.788  -30.769 0.4000000060
43714  -52.603  -29.847  -30.034 0.4000000060
43710  -52.439  -28.930  -29.677 0.4000000060
138338  -45.434  -35.622  -26.723 0.5000000000
36662  -44.906  -36.495  -26.209 0.6000000238
42685  -54.889  -30.984  -30.698 0.4000000060
123070  -54.009  -30.078  -30.315 0.4000000060
43715  -53.652  -29.053  -30.063 0.4000000060
44718  -52.720  -28.235  -29.740 0.4000000060
36644  -44.260  -36.649  -25.567 0.6000000238
44723  -54.861  -28.737  -30.091 0.3000000119
44722  -53.732  -28.234  -30.373 0.4000000060
34560  -43.351  -38.243  -25.117 0.6000000238
34559  -42.655  -39.047  -24.845 0.6000000238
33483  -41.879  -39.444  -24.457 0.6999999881
39877  -48.162  -33.960  -29.187 0.3000000119
39863  -48.511  -33.225  -29.108 0.3000000119
40805  -49.233  -32.111  -29.476 0.3000000119
38823  -47.614  -34.050  -28.531 0.3000000119
39851  -47.612  -33.537  -27.871 0.3000000119
41742  -49.752  -31.625  -29.871 0.3000000119
41738  -49.461  -31.493  -29.118 0.4000000060
38814  -46.543  -34.562  -27.387 0.5000000000
42681  -50.185  -31.037  -29.874 0.4000000060
42678  -51.360  -30.140  -29.678 0.4000000060
39839  -46.651  -33.879  -26.619 0.5000000000
43709  -51.621  -29.277  -29.347 0.4000000060
38813  -46.070  -34.568  -26.585 0.5000000000
37756  -45.076  -35.041  -25.933 0.6000000238
44717  -51.802  -28.419  -29.235 0.4000000060
45654  -52.749  -27.473  -30.073 0.4000000060
36634  -43.565  -36.684  -24.830 0.6000000238
45655  -53.685  -27.522  -30.862 0.4000000060
46585  -52.654  -26.621  -30.761 0.4000000060
34548  -42.576  -38.215  -24.348 0.6999999881
125048  -40.738  -38.457  -24.155 0.6999999881
135725  -41.248  -39.586  -24.422 0.6999999881
122098  -47.897  -32.845  -27.638 0.4000000060
40803  -48.335  -32.850  -28.451 0.4000000060
41737  -49.017  -31.812  -28.543 0.4000000060
41728  -49.429  -31.060  -28.169 0.4000000060
39840  -47.290  -33.304  -27.081 0.4000000060
41726  -48.032  -32.011  -27.014 0.4000000060
40780  -46.874  -32.964  -26.214 0.4000000060
42677  -50.526  -30.432  -29.376 0.4000000060
43707  -50.262  -29.939  -28.534 0.4000000060
43708  -50.822  -29.605  -28.964 0.4000000060
43702  -50.413  -29.070  -28.265 0.4000000060
44716  -50.961  -28.667  -28.697 0.4000000060
45644  -51.266  -27.783  -28.820 0.4000000060
38797  -44.881  -34.546  -25.395 0.6000000238
45645  -52.001  -27.614  -29.369 0.4000000060
45653  -51.985  -26.832  -29.724 0.4000000060
37737  -43.863  -35.345  -24.788 0.6000000238
37736  -43.297  -35.862  -24.327 0.6999999881
36633  -42.811  -36.711  -24.060 0.6999999881
46590  -52.121  -25.649  -31.210 0.4000000060
140481  -41.679  -37.313  -23.707 0.6999999881
34558  -39.998  -38.739  -24.798 0.6999999881
41727  -48.642  -31.291  -27.370 0.4000000060
39838  -46.045  -34.089  -26.009 0.4000000060
137422  -47.577  -31.842  -26.304 0.4000000060
42669  -49.800  -30.241  -27.918 0.4000000060
38798  -45.529  -34.567  -25.953 0.6000000238
40764  -46.472  -32.546  -25.410 0.5000000000
43701  -49.883  -29.250  -27.682 0.4000000060
39821  -44.788  -34.005  -24.840 0.6999999881
45636  -50.072  -27.781  -28.006 0.4000000060
120728  -43.476  -35.122  -24.249 0.6999999881
129282  -50.791  -27.010  -28.694 0.4000000060
37723  -42.916  -35.244  -23.650 0.6999999881
46584  -51.624  -26.037  -30.322 0.4000000060
46583  -50.665  -25.630  -29.952 0.4000000060
35595  -41.303  -36.656  -23.727 0.6999999881
133818  -51.734  -24.979  -31.268 0.4000000060
131567  -40.851  -37.470  -24.023 0.6999999881
35632  -39.700  -37.774  -25.464 0.6999999881
132739  -52.401  -24.416  -31.098 0.4000000060
131303  -51.969  -23.192  -29.706 0.4000000060
136582  -46.663  -31.600  -25.069 0.4000000060
41700  -47.333  -31.331  -25.705 0.4000000060
41714  -47.929  -31.198  -26.396 0.4000000060
42668  -49.111  -30.360  -27.287 0.4000000060
39822  -45.509  -33.866  -25.345 0.6999999881
40743  -46.031  -32.153  -24.672 0.5000000000
43700  -49.430  -29.680  -27.301 0.4000000060
39803  -44.312  -33.668  -24.208 0.6999999881
44709  -49.384  -28.249  -27.376 0.4000000060
45642  -49.929  -26.990  -28.292 0.4000000060
39802  -43.546  -34.025  -23.650 0.6999999881
138301  -48.884  -27.097  -27.801 0.4000000060
46566  -49.080  -26.781  -28.146 0.4000000060
37722  -42.200  -35.249  -23.289 0.6999999881
46582  -49.865  -25.686  -29.463 0.4000000060
37735  -42.486  -35.971  -23.656 0.6999999881
47492  -49.977  -25.059  -30.130 0.4000000060
135178  -50.566  -24.968  -30.658 0.4000000060
48421  -50.170  -24.410  -30.846 0.4000000060
36632  -40.583  -36.531  -24.355 0.6999999881
49290  -51.178  -23.903  -31.015 0.4000000060
118629  -40.127  -37.139  -24.826 0.6999999881
50163  -51.249  -23.211  -30.364 0.4000000060
51090  -51.776  -21.827  -28.802 0.4000000060
42645  -47.622  -30.486  -25.702 0.4000000060
43689  -48.899  -29.550  -26.750 0.4000000060
41685  -46.192  -31.493  -24.382 0.6000000238
42644  -46.992  -30.677  -25.059 0.5000000000
43679  -47.815  -29.590  -25.654 0.5000000000
43688  -48.377  -29.184  -26.130 0.4000000060
117971  -39.447  -29.708  -27.816 0.4000000060
42674  -39.548  -30.021  -28.940 0.5000000000
41684  -45.580  -31.698  -23.920 0.6000000238
45634  -48.678  -27.454  -27.400 0.4000000060
39786  -42.938  -33.501  -23.005 0.6000000238
46565  -48.435  -26.688  -27.777 0.4000000060
47485  -48.738  -25.619  -28.711 0.4000000060
38764  -41.787  -34.449  -23.213 0.6999999881
47486  -49.356  -25.300  -29.425 0.4000000060
38778  -41.174  -34.344  -23.829 0.6999999881
48420  -49.448  -24.396  -30.227 0.4000000060
122949  -40.408  -35.737  -24.751 0.6999999881
49289  -49.858  -23.227  -31.278 0.4000000060
51099  -50.083  -21.942  -30.546 0.4000000060
51994  -50.563  -20.895  -28.107 0.4000000060
51995  -51.013  -20.414  -27.620 0.4000000060
43678  -47.233  -29.836  -25.104 0.5000000000
42614  -46.123  -30.426  -23.746 0.6000000238
43663  -46.624  -29.953  -24.370 0.5000000000
120305  -47.374  -29.132  -25.211 0.5000000000
43685  -39.283  -29.278  -26.770 0.3000000119
124773  -39.484  -28.927  -27.711 0.4000000060
43705  -39.513  -29.095  -28.773 0.5000000000
40725  -43.265  -32.682  -22.863 0.6000000238
41672  -44.958  -31.512  -23.293 0.6000000238
44699  -48.272  -28.321  -26.295 0.4000000060
40724  -42.355  -32.772  -22.731 0.6000000238
46553  -48.019  -26.994  -27.192 0.5000000000
40740  -41.339  -32.655  -23.835 0.6999999881
139169  -41.718  -33.004  -23.152 0.6000000238
47478  -48.237  -25.889  -28.021 0.4000000060
39820  -41.144  -33.097  -24.677 0.8000000119
39801  -41.085  -33.628  -24.154 0.6999999881
49275  -48.600  -24.068  -28.998 0.4000000060
48419  -48.913  -24.081  -29.856 0.4000000060
49288  -49.309  -23.035  -31.275 0.4000000060
51106  -49.345  -21.837  -31.213 0.4000000060
51088  -50.222  -21.476  -29.259 0.4000000060
138489  -50.160  -20.461  -27.816 0.4000000060
52893  -50.708  -19.545  -27.069 0.4000000060
42596  -45.140  -30.297  -22.540 0.6000000238
127339  -45.749  -30.160  -23.101 0.6000000238
123005  -46.552  -29.169  -24.054 0.5000000000
121152  -46.970  -29.161  -24.632 0.5000000000
45631  -39.615  -27.515  -27.430 0.4000000060
44707  -39.668  -28.157  -28.295 0.4000000060
40708  -42.129  -32.026  -22.676 0.6000000238
42595  -44.532  -31.026  -22.610 0.6000000238
46546  -47.198  -27.192  -25.474 0.5000000000
41669  -41.469  -31.520  -23.578 0.6999999881
40723  -41.686  -32.255  -23.136 0.6999999881
46552  -47.572  -26.893  -26.430 0.5000000000
44714  -39.748  -28.433  -29.520 0.5000000000
41683  -41.426  -31.048  -24.304 0.6999999881
40761  -41.355  -32.333  -24.736 0.6999999881
125778  -47.495  -25.942  -26.223 0.5000000000
138142  -40.592  -27.171  -30.149 0.6999999881
45649  -40.590  -26.566  -29.848 0.6000000238
41699  -42.112  -31.370  -25.681 0.6999999881
42642  -41.892  -30.825  -25.080 0.6999999881
40762  -41.784  -32.079  -25.549 0.6999999881
48391  -47.962  -24.618  -27.294 0.5000000000
47489  -41.966  -24.997  -30.701 0.6999999881
45650  -41.404  -26.616  -30.536 0.6999999881
40779  -42.017  -32.545  -26.224 0.6999999881
47465  -47.935  -25.413  -27.542 0.4000000060
41713  -42.611  -31.104  -26.540 0.6999999881
139331  -42.417  -32.256  -26.866 0.8000000119
50148  -48.399  -23.159  -28.825 0.4000000060
49281  -48.654  -23.398  -29.981 0.4000000060
50169  -49.022  -22.294  -31.308 0.4000000060
51087  -49.575  -20.705  -30.065 0.4000000060
52906  -49.367  -20.126  -28.995 0.4000000060
52883  -49.769  -19.333  -27.000 0.4000000060
43643  -45.558  -29.567  -22.604 0.6000000238
44659  -45.989  -28.823  -22.773 0.6000000238
44660  -46.364  -28.814  -23.546 0.6000000238
45608  -46.970  -27.731  -24.783 0.5000000000
46550  -39.314  -26.810  -26.874 0.4000000060
45639  -39.745  -26.677  -27.822 0.4000000060
134410  -39.808  -27.290  -28.351 0.6999999881
43624  -42.988  -29.694  -21.977 0.6999999881
42594  -43.562  -30.598  -22.076 0.6000000238
121755  -44.447  -30.312  -22.058 0.6000000238
45596  -46.316  -28.109  -23.204 0.5000000000
45640  -40.120  -26.619  -28.854 0.6999999881
42626  -41.638  -30.189  -24.525 0.6999999881
44657  -41.649  -29.193  -23.766 0.6999999881
42612  -41.710  -30.177  -22.984 0.6999999881
41649  -42.275  -31.387  -22.565 0.6999999881
141135  -46.895  -27.058  -24.679 0.5000000000
133974  -47.309  -26.457  -25.692 0.5000000000
46569  -40.574  -25.826  -29.511 0.6999999881
42611  -41.424  -30.413  -23.691 0.6999999881
130639  -47.677  -25.085  -25.816 0.5000000000
47483  -41.048  -25.024  -30.346 0.6999999881
43677  -42.541  -29.201  -25.425 0.6999999881
43662  -41.952  -29.391  -24.752 0.6999999881
49257  -47.970  -23.639  -26.871 0.4000000060
46579  -41.278  -25.809  -30.449 0.6999999881
43686  -42.945  -29.358  -26.180 0.6999999881
42654  -42.903  -30.203  -26.605 0.6999999881
45619  -42.826  -27.080  -25.962 0.6000000238
45620  -43.226  -27.816  -26.548 0.6000000238
43687  -43.332  -29.401  -27.150 0.6999999881
130657  -48.328  -23.871  -27.923 0.4000000060
51086  -47.978  -21.736  -29.750 0.4000000060
48417  -42.420  -24.203  -30.445 0.6999999881
45632  -43.167  -26.889  -27.001 0.6000000238
134985  -48.361  -22.432  -30.057 0.4000000060
45633  -43.403  -27.460  -27.737 0.6000000238
51104  -47.985  -20.876  -31.103 0.4000000060
52011  -48.349  -20.217  -30.943 0.4000000060
52916  -48.909  -20.078  -30.446 0.4000000060
53869  -49.331  -19.390  -28.181 0.4000000060
53843  -49.784  -18.533  -26.500 0.4000000060
45579  -46.166  -27.261  -22.780 0.6000000238
47475  -38.842  -25.172  -27.119 0.6000000238
46561  -39.451  -25.935  -27.330 0.6000000238
46568  -40.039  -25.880  -28.370 0.6999999881
126426  -42.180  -28.174  -22.930 0.6000000238
44635  -42.603  -28.721  -22.288 0.6999999881
121304  -43.562  -28.929  -21.727 0.6999999881
124246  -44.352  -29.076  -21.694 0.6000000238
44678  -41.798  -28.789  -24.181 0.6000000238
124242  -41.959  -28.080  -23.712 0.6000000238
43642  -41.647  -29.615  -23.439 0.6999999881
124587  -42.225  -27.965  -24.562 0.6000000238
47457  -47.367  -25.700  -25.211 0.5000000000
47482  -40.353  -25.101  -29.184 0.6999999881
46545  -42.388  -26.471  -25.478 0.6000000238
125770  -42.725  -27.871  -25.476 0.6000000238
138695  -47.635  -23.782  -26.103 0.4000000060
48416  -41.648  -24.172  -30.677 0.6999999881
44698  -43.296  -28.678  -26.782 0.6999999881
130926  -41.859  -22.612  -30.389 0.6999999881
130031  -47.783  -22.305  -27.516 0.4000000060
50147  -48.024  -22.222  -28.614 0.4000000060
46551  -42.788  -26.282  -26.383 0.6000000238
51085  -47.676  -21.469  -29.028 0.4000000060
51096  -47.648  -21.043  -30.148 0.4000000060
49280  -43.110  -23.948  -30.031 0.6999999881
139955  -43.266  -23.970  -29.618 0.6999999881
47477  -43.392  -24.920  -28.709 0.6999999881
128617  -43.133  -25.389  -27.799 0.6000000238
52924  -48.030  -19.652  -30.971 0.4000000060
53875  -48.333  -18.336  -30.376 0.4000000060
52905  -48.899  -19.275  -29.758 0.4000000060
53854  -48.859  -17.816  -28.195 0.4000000060
54890  -49.282  -17.837  -26.906 0.4000000060
54876  -49.175  -16.994  -26.560 0.3000000119
44638  -45.166  -28.798  -21.975 0.6000000238
48402  -38.429  -24.320  -27.355 0.5000000000
46531  -41.893  -26.649  -23.363 0.6000000238
46511  -42.393  -26.984  -22.460 0.6000000238
45576  -43.117  -27.279  -21.904 0.6000000238
44637  -44.299  -28.193  -21.512 0.6000000238
126775  -45.690  -27.150  -22.049 0.6000000238
48403  -39.215  -24.405  -27.904 0.6000000238
47476  -39.629  -25.173  -28.084 0.5000000000
45607  -41.962  -27.308  -24.071 0.6000000238
45595  -42.077  -27.494  -23.142 0.6000000238
47437  -46.230  -25.698  -22.659 0.5000000000
46515  -46.453  -26.493  -23.205 0.4000000060
47456  -47.131  -25.896  -24.416 0.5000000000
48410  -39.930  -24.425  -28.896 0.6999999881
127524  -46.824  -24.799  -23.579 0.5000000000
125242  -47.199  -25.080  -24.330 0.4000000060
48382  -47.540  -24.228  -25.453 0.4000000060
49272  -40.274  -23.601  -29.591 0.8000000119
47455  -41.779  -25.707  -24.745 0.6000000238
49251  -47.277  -23.372  -25.633 0.4000000060
136252  -47.547  -23.238  -26.290 0.4000000060
49279  -41.277  -23.320  -30.536 0.6999999881
47461  -42.275  -25.731  -25.765 0.6000000238
47454  -41.754  -25.112  -25.429 0.6000000238
51078  -47.407  -21.532  -27.888 0.4000000060
124107  -42.390  -23.431  -30.306 0.6999999881
47460  -42.248  -24.962  -26.350 0.6000000238
52002  -46.888  -20.183  -28.871 0.4000000060
52003  -47.365  -20.437  -29.723 0.4000000060
49273  -42.568  -22.673  -29.769 0.6999999881
49267  -42.395  -22.981  -28.432 0.6999999881
48404  -42.591  -23.800  -28.006 0.6999999881
48388  -42.067  -24.207  -26.770 0.6999999881
52914  -47.436  -18.894  -30.202 0.4000000060
120909  -48.043  -18.621  -30.853 0.4000000060
53874  -47.735  -17.942  -30.602 0.4000000060
56047  -48.202  -16.367  -30.616 0.3000000119
54900  -48.531  -17.618  -29.593 0.4000000060
121825  -48.406  -15.768  -28.644 0.4000000060
56023  -48.644  -16.343  -27.389 0.3000000119
122462  -42.190  -26.309  -22.516 0.6000000238
46512  -43.052  -26.378  -21.882 0.6000000238
47419  -43.942  -26.276  -21.545 0.6000000238
47435  -44.680  -25.966  -21.599 0.6000000238
48350  -45.758  -24.886  -22.370 0.5000000000
49266  -38.830  -23.558  -27.911 0.6000000238
125690  -39.514  -23.819  -28.682 0.6000000238
47448  -41.722  -25.887  -23.003 0.6000000238
47433  -42.414  -25.528  -22.134 0.6000000238
140094  -46.160  -24.498  -22.764 0.5000000000
49271  -39.572  -23.000  -29.042 0.6999999881
128066  -41.745  -26.006  -23.866 0.6000000238
49229  -46.573  -23.456  -23.769 0.5000000000
127945  -46.431  -24.938  -22.974 0.4000000060
49242  -47.046  -23.591  -24.699 0.4000000060
48411  -40.736  -24.263  -30.020 0.6999999881
50153  -40.025  -22.148  -29.791 0.6999999881
132227  -41.444  -25.061  -24.635 0.6000000238
49250  -46.729  -22.811  -25.237 0.5000000000
50159  -40.886  -22.025  -30.644 0.8000000119
49278  -40.608  -22.756  -30.136 0.8000000119
126071  -46.148  -21.164  -26.284 0.4000000060
50134  -47.061  -22.622  -26.105 0.4000000060
50160  -41.515  -21.954  -30.631 0.8000000119
131962  -41.675  -24.541  -25.914 0.6000000238
51077  -46.663  -21.318  -26.973 0.4000000060
50154  -42.259  -21.879  -30.146 0.6999999881
49249  -41.334  -23.820  -25.889 0.6999999881
56022  -46.653  -16.034  -26.127 0.5000000000
138566  -46.593  -16.715  -26.116 0.5000000000
54875  -46.577  -17.711  -27.214 0.5000000000
138917  -46.197  -19.239  -27.161 0.4000000060
52891  -46.402  -19.867  -27.752 0.4000000060
51084  -42.204  -21.205  -29.548 0.6999999881
50146  -42.224  -22.053  -28.769 0.6999999881
49256  -41.891  -23.395  -27.086 0.6999999881
50126  -41.363  -22.900  -26.277 0.6999999881
56992  -46.679  -15.039  -26.171 0.5000000000
135933  -46.639  -16.516  -26.821 0.5000000000
54888  -46.794  -17.254  -28.183 0.4000000060
53853  -46.665  -18.161  -28.086 0.4000000060
53866  -46.842  -18.609  -29.102 0.4000000060
57920  -46.553  -14.100  -26.719 0.4000000060
57012  -46.680  -15.680  -27.145 0.5000000000
57030  -46.763  -15.299  -28.579 0.4000000060
56040  -46.851  -16.087  -29.206 0.4000000060
56046  -47.768  -16.285  -30.732 0.4000000060
54904  -47.798  -17.085  -30.732 0.4000000060
58898  -46.574  -13.798  -27.951 0.4000000060
57935  -46.662  -14.416  -28.628 0.4000000060
57037  -46.868  -14.546  -29.457 0.4000000060
57038  -47.607  -15.626  -30.286 0.4000000060
57039  -48.171  -15.426  -29.878 0.4000000060
48347  -42.989  -24.657  -21.723 0.6000000238
47434  -43.734  -25.425  -21.613 0.6000000238
50145  -38.502  -22.270  -27.906 0.5000000000
47432  -41.627  -25.228  -22.737 0.6000000238
49215  -42.480  -23.904  -21.741 0.6000000238
49216  -43.275  -23.579  -21.647 0.6000000238
138002  -44.545  -23.799  -22.101 0.5000000000
49218  -45.014  -23.452  -22.687 0.5000000000
48363  -45.802  -24.073  -22.666 0.5000000000
49270  -38.833  -22.801  -28.254 0.6000000238
140475  -41.101  -23.734  -22.916 0.6000000238
48362  -41.266  -24.507  -23.025 0.6000000238
50092  -44.737  -22.614  -22.839 0.5000000000
50108  -46.024  -22.774  -23.652 0.5000000000
50152  -39.136  -22.190  -28.862 0.6000000238
49241  -40.988  -23.835  -24.706 0.6000000238
49227  -40.912  -23.832  -23.700 0.6000000238
50118  -45.984  -22.025  -24.093 0.5000000000
51093  -40.452  -21.433  -30.320 0.8000000119
124632  -46.437  -17.942  -25.251 0.5000000000
51967  -46.092  -20.183  -24.604 0.5000000000
51976  -45.849  -20.525  -25.749 0.5000000000
50127  -46.310  -22.139  -24.898 0.5000000000
51094  -41.029  -20.872  -30.416 0.8000000119
49240  -40.930  -23.073  -25.237 0.6000000238
56985  -46.565  -15.420  -24.284 0.5000000000
129096  -46.597  -17.511  -23.341 0.5000000000
52870  -46.184  -19.447  -25.408 0.5000000000
51966  -45.788  -20.974  -24.803 0.5000000000
52882  -45.997  -19.774  -26.562 0.4000000060
52009  -41.603  -20.420  -29.990 0.8000000119
132814  -46.547  -17.139  -24.062 0.5000000000
56004  -46.554  -16.549  -25.402 0.5000000000
54860  -46.437  -18.038  -26.267 0.5000000000
53829  -46.198  -18.944  -26.364 0.5000000000
128624  -42.138  -20.552  -29.165 0.8000000119
50132  -41.414  -22.140  -26.630 0.6999999881
51063  -41.184  -21.548  -26.161 0.6999999881
57905  -46.530  -14.501  -24.290 0.5000000000
139297  -46.520  -14.339  -24.945 0.4000000060
138582  -41.830  -21.905  -27.545 0.6999999881
57910  -46.557  -14.155  -25.608 0.4000000060
48348  -43.989  -24.269  -21.699 0.5000000000
51989  -37.771  -21.420  -26.634 0.5000000000
49214  -41.615  -23.897  -22.275 0.6000000238
49204  -42.575  -23.082  -21.601 0.6000000238
49217  -44.132  -23.248  -22.038 0.5000000000
51990  -38.226  -20.877  -27.440 0.5000000000
51024  -45.102  -21.146  -22.803 0.5000000000
50106  -44.814  -21.849  -22.947 0.5000000000
126141  -37.789  -20.061  -26.048 0.5000000000
51985  -38.167  -20.086  -26.969 0.5000000000
51082  -38.681  -21.404  -28.454 0.5000000000
119879  -40.818  -23.126  -23.294 0.6000000238
50105  -40.958  -22.345  -22.794 0.6000000238
52855  -46.262  -19.651  -22.577 0.5000000000
51958  -46.302  -19.963  -23.536 0.5000000000
51957  -45.900  -20.745  -23.930 0.5000000000
49226  -40.682  -23.124  -24.226 0.6000000238
51034  -40.886  -21.369  -22.809 0.6000000238
130633  -46.487  -17.617  -22.548 0.5000000000
52845  -46.478  -18.932  -22.435 0.5000000000
52856  -46.570  -19.166  -23.197 0.5000000000
52864  -46.435  -19.354  -24.203 0.5000000000
52000  -39.558  -19.959  -29.731 0.6999999881
50117  -40.703  -22.350  -24.715 0.6000000238
124644  -46.521  -17.870  -24.229 0.5000000000
128107  -40.665  -19.984  -29.930 0.6999999881
50125  -41.015  -22.276  -25.674 0.6999999881
55989  -46.598  -15.973  -23.354 0.5000000000
52913  -41.528  -19.749  -29.645 0.6999999881
58865  -46.465  -13.720  -23.992 0.4000000060
137401  -42.026  -20.625  -29.794 0.8000000119
51076  -42.029  -21.142  -28.193 0.6999999881
58877  -46.500  -13.857  -24.824 0.5000000000
59946  -46.387  -13.001  -24.745 0.5000000000
52902  -41.795  -19.265  -29.398 0.6999999881
121202  -46.468  -13.459  -25.422 0.4000000060
59980  -46.358  -12.851  -26.716 0.5000000000
62927  -45.190  -9.529  -28.058 0.4000000060
130616  -45.557  -8.925  -28.861 0.5000000000
63901  -45.209  -8.368  -28.517 0.5000000000
62940  -47.095  -9.541  -28.605 0.5000000000
120336  -46.091  -9.144  -29.082 0.5000000000
64833  -45.426  -8.087  -28.562 0.5000000000
49205  -43.341  -22.753  -21.638 0.6000000238
50091  -44.111  -22.211  -22.062 0.5000000000
138795  -41.442  -22.652  -22.024 0.6000000238
50078  -41.984  -22.520  -21.618 0.6000000238
51011  -43.268  -21.888  -21.441 0.6000000238
51012  -43.957  -21.493  -21.574 0.5000000000
51023  -44.514  -21.359  -22.188 0.5000000000
51946  -45.776  -20.527  -22.894 0.5000000000
52881  -38.050  -19.337  -26.583 0.5000000000
128798  -38.432  -19.992  -28.116 0.5000000000
137530  -38.618  -20.564  -28.505 0.6999999881
131909  -41.158  -20.977  -22.181 0.6000000238
122952  -41.678  -21.017  -21.565 0.6000000238
51931  -42.472  -20.962  -21.196 0.6000000238
53803  -46.213  -18.202  -21.936 0.5000000000
127811  -45.569  -19.945  -21.918 0.5000000000
52880  -37.285  -19.383  -25.768 0.5000000000
51033  -40.669  -21.735  -23.480 0.6000000238
52844  -45.955  -19.132  -21.810 0.5000000000
51999  -38.837  -19.931  -29.055 0.6999999881
51956  -40.905  -20.384  -22.892 0.6000000238
54836  -46.151  -17.230  -21.882 0.5000000000
52900  -39.288  -19.231  -29.479 0.6999999881
51955  -40.667  -20.960  -23.705 0.6000000238
56970  -46.598  -15.023  -23.458 0.5000000000
57882  -46.488  -14.545  -22.744 0.6000000238
57881  -46.275  -14.913  -22.127 0.4000000060
58858  -46.441  -13.738  -23.021 0.5000000000
128410  -41.105  -20.948  -25.761 0.6999999881
51965  -40.887  -20.715  -24.794 0.6999999881
51986  -41.493  -20.744  -26.893 0.6999999881
59935  -46.304  -12.960  -23.641 0.5000000000
62892  -45.509  -9.403  -24.744 0.4000000060
63869  -45.409  -8.582  -25.309 0.4000000060
126445  -41.626  -19.874  -27.077 0.6999999881
138849  -45.296  -9.224  -26.492 0.4000000060
53852  -42.059  -18.428  -28.332 0.6999999881
62926  -44.935  -8.842  -27.965 0.4000000060
117503  -41.850  -18.558  -29.217 0.6999999881
63902  -46.619  -8.026  -28.222 0.5000000000
141273  -47.269  -8.101  -27.599 0.5000000000
51932  -43.386  -21.040  -21.153 0.5000000000
52843  -44.675  -20.090  -21.349 0.5000000000
51930  -41.897  -20.263  -21.335 0.6000000238
124956  -42.779  -20.259  -20.970 0.5000000000
52832  -45.066  -19.308  -21.251 0.5000000000
54873  -37.481  -17.798  -26.073 0.6000000238
53839  -37.789  -18.565  -26.298 0.6000000238
51944  -41.296  -20.312  -21.970 0.6000000238
53789  -45.367  -18.469  -21.235 0.5000000000
53840  -38.304  -18.557  -27.233 0.6000000238
135370  -41.261  -19.005  -22.456 0.5000000000
52842  -41.505  -19.581  -21.792 0.5000000000
54826  -45.506  -17.609  -21.247 0.5000000000
56953  -45.674  -15.917  -21.304 0.5000000000
53851  -38.691  -18.555  -28.329 0.6999999881
52854  -41.004  -19.445  -23.217 0.6000000238
56958  -46.198  -15.614  -21.987 0.5000000000
135125  -45.842  -15.084  -21.480 0.6000000238
57874  -46.061  -14.002  -21.806 0.5000000000
53862  -39.069  -18.635  -29.164 0.6999999881
52868  -41.166  -19.717  -24.922 0.6999999881
61944  -45.405  -10.808  -21.755 0.5000000000
62869  -45.569  -9.427  -22.786 0.4000000060
52912  -39.991  -19.280  -29.925 0.6999999881
51974  -41.242  -20.093  -25.947 0.6999999881
124135  -41.601  -18.612  -26.132 0.6999999881
59928  -46.132  -13.013  -22.644 0.5000000000
61954  -45.700  -10.962  -23.476 0.5000000000
121652  -45.607  -10.188  -23.175 0.4000000060
127928  -45.551  -8.677  -23.295 0.4000000060
63856  -45.496  -8.641  -24.278 0.4000000060
52901  -40.941  -19.064  -29.552 0.6999999881
128167  -45.487  -7.806  -24.812 0.4000000060
128050  -45.498  -7.000  -25.327 0.4000000060
117275  -40.072  -17.646  -29.605 0.6999999881
54887  -41.989  -17.658  -27.905 0.6999999881
123394  -45.276  -7.724  -25.864 0.4000000060
64804  -45.274  -6.941  -26.348 0.4000000060
53864  -40.948  -18.139  -29.432 0.6999999881
53865  -41.863  -17.733  -28.870 0.6999999881
63877  -45.001  -7.595  -26.916 0.4000000060
65757  -45.448  -6.540  -27.204 0.4000000060
66721  -45.900  -6.077  -27.167 0.4000000060
64821  -47.388  -7.359  -27.588 0.5000000000
65769  -46.627  -6.137  -27.637 0.5000000000
124749  -43.414  -18.860  -20.886 0.5000000000
53788  -44.260  -18.547  -20.883 0.5000000000
53787  -42.528  -18.747  -21.161 0.5000000000
120657  -43.101  -18.141  -20.998 0.5000000000
54824  -43.853  -17.644  -20.824 0.5000000000
55953  -44.985  -16.193  -20.719 0.5000000000
127971  -37.838  -17.027  -26.430 0.6000000238
128838  -38.147  -17.787  -26.795 0.6000000238
53802  -42.066  -17.869  -21.571 0.5000000000
54825  -44.763  -17.884  -20.877 0.5000000000
123165  -38.710  -17.778  -27.804 0.6999999881
53801  -41.451  -18.153  -22.401 0.5000000000
56941  -45.212  -15.393  -20.800 0.6000000238
57866  -45.468  -14.653  -21.000 0.5000000000
53813  -41.258  -18.462  -23.405 0.6000000238
52863  -41.183  -19.145  -24.170 0.6999999881
127464  -45.756  -12.937  -21.825 0.5000000000
62862  -45.487  -9.378  -21.893 0.4000000060
54884  -39.267  -17.018  -28.346 0.6999999881
52869  -41.384  -18.869  -25.144 0.8000000119
59919  -45.583  -12.195  -21.582 0.5000000000
60977  -45.319  -11.511  -21.271 0.5000000000
120494  -45.564  -7.912  -22.798 0.4000000060
127475  -45.530  -7.852  -23.802 0.4000000060
64788  -45.584  -7.026  -24.303 0.4000000060
53863  -39.831  -18.472  -29.745 0.6999999881
56003  -41.462  -16.650  -25.454 0.6000000238
65737  -45.794  -6.413  -24.766 0.4000000060
53841  -41.909  -18.453  -27.232 0.6999999881
118109  -41.787  -17.637  -26.707 0.6999999881
56991  -41.277  -15.868  -25.942 0.6000000238
56983  -40.945  -15.220  -25.090 0.6000000238
65744  -45.679  -6.397  -25.808 0.4000000060
56030  -40.880  -16.719  -28.441 0.6999999881
54886  -41.603  -17.158  -28.343 0.6000000238
56031  -41.355  -16.573  -27.769 0.6999999881
56990  -40.909  -15.079  -26.323 0.6000000238
66702  -45.926  -5.952  -26.260 0.4000000060
56039  -40.318  -16.786  -28.893 0.6999999881
57909  -40.680  -14.368  -25.601 0.6000000238
66722  -46.494  -5.635  -27.345 0.5000000000
58886  -40.412  -13.473  -26.007 0.6000000238
58876  -40.513  -13.700  -24.931 0.6000000238
65770  -47.604  -5.837  -27.829 0.5000000000
65771  -48.581  -5.898  -28.254 0.5000000000
55967  -44.665  -17.057  -20.781 0.6000000238
56018  -36.396  -16.372  -25.856 0.5000000000
53786  -41.727  -18.786  -21.698 0.5000000000
55966  -43.582  -16.850  -20.783 0.6000000238
56940  -44.431  -15.548  -20.474 0.6000000238
56020  -38.188  -16.285  -26.952 0.6000000238
54874  -38.543  -17.002  -27.291 0.6000000238
55977  -42.097  -16.861  -21.745 0.6000000238
54823  -42.842  -17.297  -21.148 0.6000000238
57865  -44.756  -14.787  -20.452 0.5000000000
140447  -44.740  -13.617  -20.328 0.5000000000
58850  -45.535  -13.358  -21.212 0.5000000000
134196  -37.756  -15.747  -26.791 0.6000000238
57009  -38.472  -15.473  -27.643 0.6000000238
54835  -41.572  -17.264  -22.458 0.6000000238
55976  -41.576  -16.347  -22.551 0.6000000238
59912  -44.596  -12.406  -20.148 0.5000000000
130515  -44.858  -10.024  -20.561 0.5000000000
126133  -45.469  -8.726  -21.634 0.4000000060
124377  -45.551  -8.698  -22.365 0.4000000060
56029  -39.878  -16.291  -28.945 0.6999999881
56028  -38.980  -16.229  -27.938 0.6000000238
54851  -41.361  -17.578  -23.995 0.6999999881
55988  -41.384  -16.805  -23.481 0.6000000238
59913  -45.184  -12.254  -20.845 0.5000000000
60976  -44.810  -11.575  -20.485 0.5000000000
120589  -45.302  -10.054  -21.397 0.5000000000
123931  -45.568  -7.180  -22.278 0.4000000060
64779  -45.576  -7.034  -23.270 0.4000000060
66674  -45.881  -5.702  -23.084 0.4000000060
53828  -41.563  -18.024  -25.528 0.6999999881
55994  -41.375  -16.782  -24.474 0.6999999881
57879  -40.821  -14.100  -22.913 0.6999999881
59890  -43.972  -12.453  -19.621 0.5000000000
60952  -44.252  -11.698  -19.753 0.5000000000
66684  -45.952  -5.962  -24.026 0.4000000060
140255  -40.095  -15.391  -29.128 0.6000000238
57889  -40.743  -14.305  -23.726 0.6000000238
58856  -40.739  -13.321  -22.730 0.6999999881
126872  -46.867  -5.965  -25.082 0.4000000060
57028  -40.268  -16.075  -28.747 0.6999999881
131595  -40.768  -15.944  -28.182 0.6000000238
57011  -41.059  -15.755  -27.199 0.6000000238
57903  -40.710  -14.411  -24.586 0.6000000238
58864  -40.647  -13.546  -23.515 0.6000000238
59925  -40.715  -12.636  -22.581 0.6000000238
66696  -47.409  -5.637  -25.578 0.4000000060
57029  -40.695  -15.162  -28.084 0.6000000238
57010  -40.778  -14.951  -27.320 0.6000000238
60994  -40.338  -12.043  -23.965 0.6000000238
119695  -40.383  -11.210  -23.408 0.6000000238
67638  -47.685  -5.023  -26.319 0.4000000060
123875  -40.234  -12.507  -24.732 0.6000000238
67667  -47.494  -4.086  -27.927 0.5000000000
66711  -47.079  -4.834  -27.276 0.4000000060
66724  -48.151  -4.876  -28.421 0.5000000000
67668  -48.158  -3.775  -28.818 0.5000000000
56952  -43.360  -16.202  -20.743 0.6000000238
56957  -42.050  -15.971  -21.732 0.6000000238
55965  -42.745  -16.476  -21.159 0.6000000238
56938  -43.102  -15.151  -20.470 0.6000000238
58843  -44.303  -13.245  -19.948 0.5000000000
57008  -36.977  -15.592  -26.434 0.6000000238
56950  -41.862  -15.058  -21.509 0.6000000238
58842  -43.506  -13.816  -19.950 0.5000000000
62848  -44.734  -9.330  -20.107 0.5000000000
63822  -45.380  -8.278  -21.066 0.4000000060
57933  -38.221  -14.634  -28.097 0.6000000238
139220  -39.005  -14.915  -28.613 0.6000000238
56956  -41.476  -15.446  -22.463 0.6000000238
129585  -41.425  -14.293  -21.601 0.6000000238
58826  -42.194  -13.089  -20.023 0.5000000000
60949  -41.729  -11.155  -19.760 0.5000000000
61908  -42.495  -10.878  -19.353 0.5000000000
61910  -43.827  -10.322  -19.368 0.5000000000
127806  -45.467  -7.310  -21.252 0.4000000060
135060  -45.618  -5.917  -21.792 0.4000000060
65724  -45.651  -6.218  -22.642 0.4000000060
58849  -41.325  -13.596  -21.331 0.5000000000
59889  -43.204  -12.429  -19.549 0.5000000000
60951  -43.589  -11.734  -19.453 0.5000000000
66675  -46.277  -5.536  -23.261 0.4000000060
57948  -39.989  -14.172  -29.399 0.6000000238
61943  -40.769  -10.342  -21.768 0.6000000238
66676  -47.488  -5.393  -23.375 0.4000000060
57949  -40.434  -14.301  -28.982 0.6000000238
59997  -40.355  -12.876  -27.911 0.6000000238
128695  -40.483  -9.858  -22.262 0.6000000238
66686  -47.606  -5.724  -24.509 0.4000000060
54885  -39.885  -17.085  -29.172 0.6999999881
59978  -40.201  -12.800  -26.792 0.6000000238
67648  -47.598  -3.976  -26.972 0.4000000060
66697  -48.462  -5.289  -25.108 0.4000000060
59959  -40.101  -12.507  -25.633 0.6000000238
61004  -39.962  -11.859  -24.887 0.6000000238
67657  -47.735  -3.169  -27.441 0.4000000060
126834  -48.264  -2.261  -28.601 0.5000000000
69592  -49.231  -2.090  -29.967 0.4000000060
56951  -42.708  -15.671  -20.935 0.6000000238
58841  -42.499  -13.730  -20.165 0.5000000000
63793  -43.290  -8.176  -18.875 0.5000000000
63794  -43.806  -8.790  -19.113 0.5000000000
64750  -44.889  -8.041  -19.807 0.5000000000
138158  -45.360  -7.007  -20.409 0.4000000060
134727  -38.691  -13.379  -29.154 0.6000000238
57947  -39.079  -14.144  -29.172 0.6000000238
57862  -41.944  -14.258  -20.833 0.6000000238
136776  -42.018  -10.257  -19.420 0.5000000000
62830  -43.374  -9.532  -19.132 0.5000000000
62831  -44.145  -9.456  -19.449 0.5000000000
65704  -45.492  -6.319  -20.965 0.4000000060
66660  -45.578  -5.318  -21.173 0.4000000060
66670  -45.811  -5.295  -22.229 0.4000000060
57035  -39.788  -14.785  -29.226 0.6000000238
66671  -46.034  -5.201  -22.708 0.4000000060
60016  -39.779  -12.871  -28.980 0.6000000238
60017  -40.262  -13.014  -28.647 0.6000000238
59977  -39.957  -12.382  -27.320 0.6000000238
117176  -40.362  -9.188  -22.332 0.6000000238
67627  -49.000  -4.823  -24.090 0.4000000060
61003  -39.733  -11.149  -25.262 0.6000000238
62868  -40.235  -9.703  -22.787 0.6000000238
124999  -48.553  -4.540  -26.220 0.4000000060
61020  -39.825  -11.767  -25.659 0.6000000238
61952  -39.833  -10.197  -24.191 0.6000000238
61953  -40.149  -10.578  -23.629 0.6000000238
117902  -48.194  -3.444  -26.985 0.4000000060
68615  -48.107  -2.506  -27.772 0.4000000060
68617  -50.492  -3.159  -27.665 0.3000000119
68614  -47.730  -2.862  -28.058 0.5000000000
68616  -49.076  -2.539  -27.952 0.4000000060
68618  -51.312  -3.024  -28.020 0.3000000119
64736  -43.500  -7.271  -18.767 0.5000000000
121927  -44.460  -7.087  -19.062 0.5000000000
66626  -45.108  -5.477  -19.523 0.5000000000
127006  -45.393  -4.035  -20.243 0.5000000000
63792  -42.362  -8.427  -18.985 0.5000000000
125241  -42.041  -7.734  -18.954 0.6000000238
128632  -45.406  -5.131  -20.323 0.4000000060
67598  -45.517  -4.518  -20.713 0.5000000000
67608  -45.742  -4.393  -21.675 0.4000000060
61062  -39.256  -12.327  -28.614 0.6000000238
123886  -39.067  -11.794  -27.936 0.6000000238
63808  -41.313  -8.729  -20.123 0.6000000238
67610  -46.613  -4.145  -22.430 0.4000000060
67620  -47.622  -4.362  -22.765 0.4000000060
59996  -39.830  -12.427  -28.158 0.6000000238
121217  -39.450  -11.773  -27.112 0.6000000238
62846  -40.888  -9.135  -20.918 0.6999999881
68568  -48.756  -3.351  -23.327 0.3000000119
129668  -39.402  -10.499  -25.720 0.6000000238
133899  -40.487  -8.046  -21.630 0.6000000238
68580  -49.377  -3.843  -24.038 0.3000000119
61034  -39.586  -11.322  -26.147 0.6000000238
138922  -39.435  -10.078  -25.286 0.6000000238
63832  -40.201  -8.257  -22.410 0.6000000238
67628  -49.366  -4.459  -25.112 0.4000000060
61978  -39.647  -10.453  -24.926 0.6000000238
64778  -40.046  -7.342  -22.796 0.6000000238
67649  -49.345  -4.019  -26.149 0.3000000119
124381  -49.499  -3.388  -27.024 0.3000000119
68594  -51.287  -3.206  -26.283 0.3000000119
68607  -51.644  -3.296  -27.105 0.3000000119
69554  -52.394  -2.489  -27.020 0.3000000119
65683  -42.256  -6.225  -18.766 0.6000000238
65677  -43.122  -6.389  -18.601 0.5000000000
67560  -44.789  -4.520  -19.212 0.5000000000
68501  -45.082  -3.911  -19.636 0.5000000000
64749  -41.555  -7.295  -19.336 0.6000000238
65682  -41.625  -6.484  -19.192 0.6000000238
68542  -45.575  -3.635  -20.895 0.4000000060
68554  -46.332  -3.361  -22.232 0.4000000060
61061  -38.394  -11.928  -28.490 0.6000000238
61991  -38.584  -10.435  -26.726 0.6000000238
64748  -41.103  -7.655  -20.238 0.6000000238
68555  -47.103  -3.387  -22.547 0.3000000119
68567  -47.947  -3.363  -22.873 0.3000000119
136667  -38.973  -10.198  -26.167 0.6000000238
62915  -38.407  -9.605  -26.362 0.6000000238
62905  -39.120  -9.695  -25.633 0.6000000238
63867  -38.792  -8.256  -25.336 0.6000000238
65723  -40.288  -6.759  -22.385 0.6000000238
63868  -39.098  -9.017  -25.118 0.6000000238
136060  -49.729  -3.701  -24.776 0.3000000119
135499  -39.443  -9.042  -24.520 0.6000000238
64787  -39.721  -7.178  -23.584 0.6000000238
68582  -50.162  -3.143  -24.964 0.3000000119
69541  -51.210  -2.537  -25.670 0.3000000119
69542  -51.771  -2.551  -26.346 0.3000000119
70510  -52.199  -1.685  -26.380 0.3000000119
130267  -41.940  -4.911  -18.955 0.6000000238
123882  -42.667  -4.582  -18.564 0.6000000238
66603  -43.511  -4.910  -18.518 0.5000000000
68499  -43.807  -3.010  -18.738 0.5000000000
68528  -44.970  -3.162  -19.609 0.4000000060
66649  -40.928  -5.391  -20.212 0.6000000238
66622  -41.330  -5.162  -19.592 0.6000000238
69482  -45.313  -1.883  -20.646 0.4000000060
133247  -45.733  -1.917  -21.586 0.4000000060
65702  -40.795  -6.046  -20.680 0.6000000238
69508  -46.038  -2.632  -21.953 0.4000000060
69509  -46.654  -2.560  -22.418 0.3000000119
62925  -37.938  -10.051  -27.039 0.6000000238
66659  -40.528  -5.631  -21.586 0.6000000238
69510  -47.419  -2.555  -22.762 0.3000000119
62904  -38.600  -8.909  -25.799 0.6000000238
66669  -40.372  -6.013  -22.358 0.6000000238
71447  -48.377  -0.794  -23.237 0.3000000119
65728  -40.069  -6.414  -23.140 0.6000000238
69524  -49.306  -2.136  -23.731 0.3000000119
64796  -39.379  -6.989  -24.340 0.6000000238
126379  -39.716  -6.479  -23.891 0.6000000238
70487  -50.492  -1.262  -24.418 0.3000000119
71470  -51.721  -0.149  -25.578 0.3000000119
67559  -42.073  -4.118  -18.880 0.6000000238
67537  -42.671  -3.891  -18.527 0.5000000000
70381  -43.355  -1.781  -18.703 0.5000000000
126947  -43.972  -2.202  -18.920 0.4000000060
69453  -44.806  -2.255  -19.640 0.4000000060
67558  -41.432  -4.376  -19.508 0.6000000238
71402  -45.178  -0.895  -20.563 0.4000000060
133581  -45.497  -1.283  -21.248 0.4000000060
67587  -40.893  -4.693  -20.177 0.6000000238
118933  -45.802  -1.146  -21.916 0.4000000060
70463  -46.962  -1.666  -22.699 0.3000000119
63876  -37.998  -8.744  -26.376 0.6000000238
67597  -40.505  -4.688  -21.704 0.6000000238
71445  -46.375  -0.105  -22.945 0.3000000119
64803  -38.570  -7.463  -25.558 0.6000000238
123513  -40.423  -5.272  -22.277 0.6000000238
71446  -47.634  -0.313  -23.150 0.3000000119
131219  -40.274  -5.368  -23.071 0.6000000238
64795  -39.083  -7.622  -24.864 0.6000000238
65736  -39.368  -6.068  -24.559 0.6000000238
69452  -41.766  -2.725  -19.112 0.6000000238
70406  -42.117  -0.999  -18.853 0.4000000060
71347  -43.133  -1.055  -18.826 0.4000000060
120282  -44.031  -1.006  -19.334 0.4000000060
70435  -44.763  -1.327  -19.854 0.4000000060
69480  -40.753  -3.101  -20.820 0.5000000000
69481  -41.164  -2.906  -19.877 0.5000000000
72386  -45.398  0.291  -21.487 0.4000000060
68541  -40.579  -3.753  -21.483 0.5000000000
71434  -45.795  -0.246  -22.284 0.3000000119
131403  -40.526  -4.060  -22.223 0.5000000000
72400  -45.871  0.438  -22.996 0.3000000119
64809  -37.947  -7.295  -26.214 0.6000000238
67618  -40.360  -4.548  -23.303 0.5000000000
129124  -38.355  -6.650  -25.798 0.6000000238
65735  -38.952  -6.805  -25.094 0.6000000238
66683  -40.144  -4.894  -23.849 0.6000000238
65743  -38.793  -6.015  -25.358 0.6000000238
66693  -39.226  -5.301  -25.111 0.6000000238
66682  -39.706  -5.177  -24.445 0.6000000238
66692  -38.627  -5.297  -25.732 0.5000000000
67636  -39.124  -4.626  -25.577 0.5000000000
71400  -41.355  -0.594  -20.441 0.4000000060
71376  -41.603  -0.718  -19.535 0.3000000119
71377  -41.993  -0.115  -19.212 0.4000000060
71378  -43.507  -0.208  -19.338 0.4000000060
137872  -44.030  0.168  -19.677 0.3000000119
69497  -40.931  -2.368  -21.408 0.5000000000
126334  -41.097  -2.216  -20.467 0.4000000060
72351  -43.539  0.713  -19.692 0.3000000119
73327  -44.162  1.278  -20.205 0.3000000119
71401  -45.084  -0.026  -20.633 0.3000000119
119077  -40.748  -3.071  -22.910 0.5000000000
74326  -44.355  2.620  -20.844 0.3000000119
132545  -44.939  0.849  -20.748 0.3000000119
121982  -40.693  -3.142  -23.607 0.5000000000
73359  -45.522  1.108  -22.685 0.3000000119
67626  -40.392  -3.992  -23.936 0.5000000000
72426  -46.674  1.212  -24.748 0.3000000119
67625  -39.947  -4.480  -24.385 0.5000000000
67637  -39.558  -4.568  -24.939 0.5000000000
71418  -41.280  -0.459  -21.461 0.3000000119
118973  -41.407  0.342  -20.807 0.3000000119
72371  -41.679  0.763  -20.098 0.3000000119
72349  -41.989  0.654  -19.578 0.3000000119
70472  -41.162  -1.051  -22.912 0.3000000119
70450  -41.181  -1.446  -21.133 0.4000000060
73309  -42.639  1.129  -19.713 0.3000000119
74309  -43.134  2.408  -20.238 0.3000000119
70471  -41.071  -1.520  -23.661 0.3000000119
74310  -43.883  2.142  -20.344 0.3000000119
69532  -40.828  -2.385  -24.073 0.4000000060
74327  -44.895  2.152  -21.550 0.3000000119
126359  -45.282  1.754  -22.238 0.3000000119
68579  -40.438  -3.105  -24.368 0.5000000000
133454  -45.543  2.797  -24.163 0.3000000119
68578  -39.903  -3.777  -24.780 0.5000000000
74368  -45.954  2.151  -24.694 0.3000000119
67646  -39.171  -3.925  -25.965 0.4000000060
68590  -39.640  -3.410  -25.545 0.5000000000
72399  -41.304  0.676  -22.345 0.3000000119
72385  -41.418  0.953  -21.516 0.3000000119
123187  -41.636  1.214  -20.697 0.3000000119
71444  -41.178  -0.508  -23.471 0.3000000119
71433  -41.265  -0.247  -22.488 0.3000000119
73324  -42.048  2.014  -20.598 0.3000000119
73325  -42.597  1.864  -20.096 0.3000000119
71443  -41.133  -0.770  -24.342 0.3000000119
75293  -43.433  3.720  -21.010 0.3000000119
119413  -44.101  3.336  -20.908 0.3000000119
70497  -40.796  -1.228  -25.691 0.3000000119
121195  -41.081  -0.722  -25.181 0.3000000119
74345  -44.624  3.102  -21.545 0.3000000119
126960  -44.904  3.175  -22.351 0.3000000119
69553  -40.270  -1.673  -26.319 0.3000000119
69540  -40.452  -2.093  -25.400 0.4000000060
123049  -44.636  4.273  -22.420 0.3000000119
75325  -45.247  3.599  -23.633 0.3000000119
69539  -39.896  -2.605  -25.865 0.4000000060
141204  -45.780  2.807  -24.899 0.3000000119
68603  -38.681  -3.645  -26.642 0.4000000060
68604  -39.325  -3.143  -26.278 0.4000000060
75346  -45.874  3.265  -25.549 0.3000000119
74399  -46.527  2.527  -26.242 0.3000000119
73381  -41.134  0.783  -24.074 0.3000000119
72409  -41.216  0.466  -23.270 0.3000000119
73369  -41.147  1.324  -23.523 0.3000000119
74344  -41.440  2.358  -22.078 0.3000000119
74324  -41.825  2.411  -21.273 0.3000000119
74308  -42.332  2.783  -20.892 0.3000000119
72424  -41.166  0.049  -24.145 0.3000000119
76316  -42.013  3.966  -21.762 0.3000000119
76317  -42.891  4.504  -21.453 0.3000000119
137061  -40.655  -0.869  -26.395 0.3000000119
71469  -40.890  -0.324  -26.029 0.3000000119
76318  -43.723  4.550  -21.526 0.3000000119
77348  -44.355  5.854  -22.672 0.3000000119
69552  -39.577  -2.346  -26.675 0.4000000060
76358  -44.921  5.213  -23.340 0.3000000119
77367  -45.288  5.353  -24.410 0.3000000119
69561  -38.764  -2.734  -27.939 0.4000000060
76368  -45.503  4.311  -24.991 0.3000000119
77386  -45.433  5.744  -25.926 0.3000000119
75362  -46.229  3.303  -26.551 0.3000000119
76409  -46.727  3.489  -28.103 0.3000000119
73380  -40.970  1.531  -24.517 0.3000000119
73368  -41.018  2.183  -23.642 0.3000000119
74356  -41.156  2.608  -22.923 0.3000000119
75313  -41.425  3.376  -22.468 0.3000000119
75324  -41.248  4.071  -23.099 0.3000000119
72466  -40.715  0.285  -27.305 0.3000000119
72441  -40.928  0.461  -25.855 0.3000000119
76338  -42.151  4.713  -22.096 0.3000000119
76339  -42.714  5.174  -21.918 0.3000000119
77331  -44.024  5.226  -21.977 0.3000000119
71490  -40.562  -0.217  -27.613 0.3000000119
77365  -42.452  6.133  -22.731 0.3000000119
78316  -43.198  6.360  -22.556 0.3000000119
70508  -39.875  -1.602  -27.243 0.4000000060
78335  -44.263  6.690  -23.108 0.3000000119
69562  -39.327  -2.230  -27.530 0.4000000060
77366  -44.847  6.138  -23.582 0.3000000119
78350  -45.082  6.320  -24.529 0.3000000119
69571  -38.666  -2.576  -28.751 0.4000000060
128419  -45.540  4.934  -26.429 0.3000000119
69570  -38.081  -3.033  -28.876 0.4000000060
136219  -46.260  4.016  -27.615 0.3000000119
77433  -45.877  5.127  -28.341 0.3000000119
74355  -40.810  2.546  -24.498 0.3000000119
75323  -40.973  3.218  -23.587 0.3000000119
133184  -40.735  1.718  -26.096 0.3000000119
73393  -40.765  2.062  -25.356 0.3000000119
135204  -41.254  4.522  -23.391 0.3000000119
123652  -40.803  1.058  -26.444 0.3000000119
77364  -41.709  5.724  -23.229 0.3000000119
71499  -40.439  -0.061  -28.410 0.3000000119
79286  -43.061  7.431  -23.422 0.3000000119
79287  -43.896  7.340  -23.535 0.3000000119
78358  -44.807  7.066  -24.853 0.3000000119
78359  -45.222  6.428  -25.426 0.3000000119
78370  -45.314  6.424  -26.316 0.3000000119
77396  -45.486  5.700  -26.798 0.3000000119
69588  -36.913  -2.608  -29.234 0.3000000119
124077  -45.545  5.794  -27.641 0.3000000119
77445  -45.976  5.327  -29.201 0.3000000119
137148  -46.456  4.784  -29.840 0.3000000119
74417  -40.722  1.749  -26.949 0.3000000119
74377  -40.665  2.821  -25.257 0.3000000119
75336  -40.738  3.419  -24.638 0.3000000119
125891  -40.915  4.941  -24.551 0.3000000119
76367  -41.252  4.978  -23.648 0.3000000119
73434  -40.558  1.463  -28.825 0.3000000119
120939  -40.727  1.501  -27.933 0.3000000119
119308  -41.485  6.446  -23.957 0.3000000119
125793  -42.086  6.479  -23.299 0.3000000119
78348  -41.547  7.344  -24.368 0.3000000119
131308  -42.750  6.796  -23.052 0.3000000119
79300  -42.622  7.800  -23.890 0.3000000119
79301  -43.329  7.917  -24.087 0.3000000119
80235  -43.772  8.191  -24.819 0.3000000119
79328  -44.660  7.850  -26.180 0.3000000119
79329  -45.102  7.120  -26.865 0.3000000119
79340  -44.807  8.003  -27.086 0.3000000119
128951  -45.376  6.635  -27.745 0.3000000119
78397  -45.611  6.016  -28.500 0.3000000119
79352  -45.423  6.980  -28.671 0.3000000119
78411  -45.722  6.158  -29.455 0.3000000119
78417  -45.994  6.136  -30.529 0.3000000119
125641  -40.680  2.222  -27.647 0.3000000119
75382  -40.596  3.037  -27.340 0.3000000119
117433  -40.514  4.211  -26.290 0.3000000119
120500  -40.640  4.551  -25.459 0.3000000119
73442  -40.576  1.698  -29.444 0.3000000119
74429  -40.664  2.036  -28.552 0.3000000119
134418  -40.500  3.508  -28.732 0.3000000119
128660  -40.521  3.525  -27.806 0.3000000119
76391  -40.505  4.786  -26.924 0.3000000119
77385  -40.804  5.963  -25.515 0.3000000119
72492  -40.519  1.265  -29.667 0.3000000119
79299  -42.036  7.931  -24.184 0.3000000119
72491  -39.676  0.459  -30.200 0.3000000119
80248  -43.347  8.728  -25.271 0.3000000119
79314  -44.438  7.739  -25.247 0.3000000119
80265  -44.370  8.609  -26.475 0.3000000119
80296  -44.729  9.136  -28.002 0.3000000119
80313  -45.318  7.971  -29.714 0.3000000119
74444  -40.545  2.922  -30.102 0.3000000119
73455  -39.890  2.001  -30.564 0.3000000119
74443  -40.480  2.893  -30.232 0.3000000119
73454  -39.243  2.188  -31.003 0.3000000119
73451  -40.318  1.667  -30.096 0.3000000119
134851  -40.502  2.254  -30.134 0.3000000119
73452  -40.599  2.275  -29.756 0.3000000119
72490  -38.879  0.742  -30.513 0.3000000119
73450  -39.681  1.312  -30.434 0.3000000119
58827  -42.909  -13.116  -19.790 0.5000000000
59917  -40.865  -12.218  -21.973 0.6999999881
59887  -41.855  -12.006  -19.783 0.5000000000
129442  -40.815  -11.267  -22.069 0.6000000238
57027  -39.448  -15.489  -28.693 0.6000000238
138552  -42.050  -20.058  -28.252 0.6999999881
26834  -48.757  -45.191  -29.076 0.3000000119
28039  -49.630  -44.769  -28.814 0.3000000119
28040  -50.237  -44.692  -29.384 0.3000000119
28041  -51.093  -44.473  -29.635 0.3000000119
135445  -50.711  -44.976  -31.064 0.4000000060
138369  -51.415  -44.627  -32.266 0.4000000060
29237  -51.418  -43.754  -32.905 0.4000000060
29236  -50.985  -43.626  -33.283 0.4000000060
29217  -49.990  -43.279  -32.374 0.4000000060
137538  -48.866  -43.415  -31.683 0.4000000060
30335  -47.997  -42.924  -30.233 0.4000000060
29215  -48.053  -43.808  -31.600 0.4000000060
30317  -48.259  -42.111  -30.012 0.4000000060
32468  -46.289  -40.457  -29.122 0.4000000060
39805  -48.633  -33.693  -24.228 0.3000000119
39790  -48.830  -32.910  -23.950 0.3000000119
41686  -49.674  -31.787  -24.116 0.3000000119
133499  -45.242  -40.134  -28.037 0.5000000000
43664  -50.877  -29.001  -24.458 0.3000000119
140671  -51.308  -29.650  -24.853 0.3000000119
32454  -44.791  -40.794  -26.975 0.5000000000
32435  -44.668  -39.961  -26.629 0.5000000000
46587  -56.623  -27.747  -30.320 0.3000000119
45657  -55.991  -28.305  -30.264 0.3000000119
127326  -56.570  -27.383  -31.218 0.3000000119
33499  -42.273  -39.978  -24.888 0.6000000238
45661  -54.699  -27.396  -31.475 0.4000000060
33498  -41.574  -40.141  -24.690 0.6000000238
46586  -53.658  -26.816  -31.766 0.4000000060
47503  -54.195  -25.714  -32.319 0.4000000060
139711  -52.150  -24.849  -31.448 0.4000000060
124470  -53.313  -22.414  -29.905 0.4000000060
42666  -39.335  -30.653  -27.896 0.4000000060
118598  -39.445  -30.878  -29.161 0.5000000000
36661  -39.916  -36.169  -26.267 0.6999999881
52006  -52.169  -21.050  -28.615 0.4000000060
52894  -51.605  -19.668  -27.685 0.4000000060
43711  -39.682  -29.376  -29.869 0.5000000000
45658  -41.315  -27.451  -30.588 0.6000000238
44720  -40.281  -27.891  -30.112 0.6000000238
38796  -40.974  -33.901  -25.700 0.8000000119
37753  -40.445  -35.105  -25.346 0.6999999881
39836  -41.635  -33.324  -26.211 0.8000000119
37774  -40.447  -35.365  -26.229 0.6999999881
53856  -51.542  -18.860  -27.290 0.4000000060
45659  -42.398  -26.896  -30.885 0.8000000119
120293  -42.763  -31.665  -27.190 0.8000000119
40789  -42.762  -32.330  -27.618 0.8000000119
53844  -50.340  -18.149  -26.227 0.4000000060
47490  -42.407  -25.401  -30.464 0.6999999881
42655  -43.445  -29.990  -27.572 0.8000000119
47491  -42.878  -25.485  -30.150 0.6999999881
47484  -43.376  -25.325  -29.635 0.6999999881
43706  -44.401  -29.419  -29.245 0.8000000119
46571  -43.543  -26.300  -29.381 0.6999999881
46563  -43.358  -26.624  -28.192 0.6000000238
56005  -49.857  -16.177  -25.567 0.3000000119
57950  -46.710  -13.846  -29.152 0.4000000060
57031  -48.290  -14.905  -28.795 0.4000000060
57013  -48.524  -15.396  -27.328 0.4000000060
57014  -48.956  -16.123  -26.190 0.3000000119
58915  -46.630  -13.248  -28.720 0.4000000060
58938  -47.075  -13.527  -29.397 0.4000000060
58939  -47.476  -13.844  -29.315 0.4000000060
57959  -47.856  -14.693  -29.539 0.4000000060
59999  -46.417  -12.878  -27.807 0.4000000060
61064  -47.316  -11.585  -29.001 0.4000000060
62019  -47.134  -10.295  -29.071 0.5000000000
59979  -46.246  -12.165  -26.338 0.5000000000
132112  -45.336  -9.952  -27.401 0.4000000060
62022  -45.945  -10.501  -29.171 0.5000000000
62007  -47.457  -10.283  -28.130 0.5000000000
61994  -47.678  -9.919  -26.781 0.4000000060
62928  -47.402  -9.349  -27.555 0.5000000000
59945  -46.132  -12.093  -24.262 0.5000000000
121895  -45.846  -11.217  -24.277 0.5000000000
61979  -45.629  -10.462  -25.925 0.4000000060
63889  -47.861  -7.812  -27.027 0.5000000000
65758  -48.010  -6.569  -27.774 0.5000000000
66733  -49.363  -5.209  -29.784 0.5000000000
56017  -35.299  -16.277  -25.955 0.5000000000
67685  -49.051  -3.609  -30.247 0.5000000000
69575  -50.341  -2.381  -29.389 0.4000000060
57024  -35.559  -14.805  -26.969 0.6000000238
57025  -36.573  -14.870  -26.952 0.6000000238
57026  -37.592  -15.070  -27.131 0.6000000238
57946  -37.900  -13.737  -28.543 0.6000000238
69577  -52.606  -2.522  -28.653 0.3000000119
58929  -37.070  -13.184  -28.469 0.6000000238
58930  -37.950  -12.979  -28.932 0.6000000238
60015  -38.843  -12.732  -29.080 0.6000000238
69555  -53.054  -2.091  -27.709 0.3000000119
70520  -53.538  -1.378  -27.714 0.3000000119
60014  -37.966  -12.390  -28.790 0.6000000238
61045  -38.297  -11.287  -27.773 0.6000000238
62914  -37.666  -9.262  -26.871 0.6000000238
63875  -37.480  -8.564  -26.841 0.6000000238
64819  -37.257  -7.244  -26.875 0.6000000238
65748  -37.606  -6.301  -26.601 0.6000000238
136364  -38.235  -5.938  -25.935 0.6000000238
65755  -36.882  -6.599  -27.372 0.6000000238
66701  -37.989  -5.359  -26.350 0.5000000000
67645  -38.458  -4.513  -26.266 0.5000000000
68613  -38.411  -3.437  -27.509 0.4000000060
68625  -38.249  -3.252  -28.375 0.4000000060
68639  -37.544  -3.427  -28.939 0.4000000060
81254  -44.048  9.351  -26.824 0.3000000119
138774  -44.386  9.267  -27.416 0.3000000119
81300  -45.133  8.797  -29.698 0.3000000119
134086  -45.091  8.938  -30.477 0.3000000119
79377  -45.798  6.948  -30.935 0.3000000119
74442  -38.159  2.062  -30.945 0.3000000119
73447  -36.725  1.485  -30.507 0.3000000119
51100  -52.667  -21.655  -29.308 0.4000000060
63879  -48.188  -8.364  -26.274 0.5000000000
29238  -52.049  -43.249  -32.200 0.4000000060
31369  -49.490  -41.642  -27.506 0.3000000119
30301  -51.089  -42.240  -28.379 0.3000000119
127593  -51.272  -41.151  -28.497 0.3000000119
31432  -52.595  -41.888  -31.642 0.4000000060
32470  -51.507  -40.196  -28.660 0.3000000119
127240  -52.215  -40.816  -28.879 0.3000000119
33550  -47.353  -39.198  -30.716 0.4000000060
35635  -46.992  -38.015  -25.329 0.3000000119
33557  -49.998  -38.920  -31.086 0.4000000060
33528  -45.242  -39.422  -27.908 0.4000000060
40767  -51.359  -32.434  -25.682 0.3000000119
39843  -52.407  -33.107  -26.930 0.3000000119
40793  -54.944  -32.486  -28.897 0.3000000119
124101  -55.508  -31.047  -29.605 0.3000000119
39866  -52.852  -33.483  -28.605 0.3000000119
39882  -52.739  -33.271  -29.622 0.3000000119
46577  -56.238  -27.335  -28.969 0.3000000119
39880  -50.261  -32.948  -30.066 0.3000000119
121465  -44.551  -36.003  -25.724 0.6000000238
45662  -55.900  -27.738  -31.244 0.4000000060
35617  -43.100  -37.466  -24.572 0.6000000238
35615  -41.700  -38.150  -23.876 0.6999999881
39862  -48.046  -33.421  -28.500 0.3000000119
47498  -53.300  -25.556  -32.109 0.4000000060
35614  -40.198  -37.925  -24.546 0.6999999881
40790  -48.485  -32.246  -27.963 0.4000000060
40765  -47.100  -32.146  -25.855 0.4000000060
46575  -51.143  -26.453  -29.404 0.4000000060
39804  -45.089  -33.344  -24.590 0.6000000238
38765  -42.688  -34.440  -23.238 0.6999999881
126381  -41.404  -35.149  -23.578 0.6999999881
36643  -40.030  -36.322  -25.221 0.6999999881
138310  -48.747  -28.825  -26.571 0.4000000060
39787  -43.803  -33.212  -23.456 0.6000000238
50171  -50.328  -23.113  -31.174 0.4000000060
37734  -40.965  -35.839  -23.921 0.6999999881
50155  -50.707  -22.070  -29.539 0.4000000060
52005  -51.328  -21.147  -28.197 0.4000000060
43698  -39.225  -30.125  -27.048 0.3000000119
41671  -44.255  -31.755  -23.042 0.6000000238
37733  -40.759  -34.970  -24.368 0.6999999881
123900  -40.149  -35.707  -25.572 0.6999999881
41650  -42.891  -31.980  -22.487 0.6000000238
46564  -47.793  -26.187  -27.208 0.5000000000
137041  -40.855  -34.221  -24.450 0.6999999881
42592  -41.679  -30.923  -22.991 0.6999999881
133263  -41.163  -33.368  -25.371 0.6999999881
38777  -40.851  -33.757  -24.871 0.8000000119
128523  -42.385  -30.713  -25.850 0.6999999881
51105  -48.619  -21.419  -31.168 0.4000000060
44689  -42.383  -28.633  -25.017 0.6000000238
41724  -43.257  -30.796  -27.620 0.6999999881
138877  -42.089  -26.101  -25.153 0.6000000238
44708  -43.573  -28.729  -27.777 0.6999999881
43699  -43.745  -29.388  -28.189 0.6999999881
119281  -43.669  -28.028  -28.381 0.8000000119
46562  -43.101  -26.085  -27.437 0.6000000238
54878  -50.509  -17.369  -25.920 0.4000000060
121079  -49.628  -16.766  -25.909 0.3000000119
44620  -43.712  -27.571  -21.562 0.6000000238
45564  -44.236  -27.379  -21.461 0.6999999881
45611  -42.359  -27.189  -25.020 0.6000000238
48389  -42.797  -24.701  -27.593 0.6999999881
45641  -43.690  -27.206  -28.974 0.8000000119
46513  -45.281  -26.587  -21.753 0.4000000060
51991  -46.831  -20.699  -27.810 0.3000000119
52903  -46.786  -19.423  -29.046 0.3000000119
54905  -48.182  -17.282  -30.631 0.3000000119
122680  -48.402  -16.858  -30.011 0.3000000119
118149  -44.827  -25.077  -21.793 0.5000000000
49228  -45.964  -23.423  -23.145 0.5000000000
51083  -39.487  -21.437  -29.539 0.6999999881
51053  -46.064  -21.486  -25.484 0.4000000060
51987  -46.224  -20.574  -26.858 0.4000000060
127591  -46.663  -14.730  -27.502 0.4000000060
56032  -46.768  -16.379  -27.927 0.4000000060
53842  -46.383  -18.521  -27.162 0.4000000060
132834  -46.446  -18.995  -28.048 0.4000000060
117725  -46.582  -15.714  -25.238 0.5000000000
127720  -47.018  -16.882  -29.428 0.4000000060
54898  -46.961  -17.788  -29.105 0.4000000060
57042  -47.297  -14.810  -29.646 0.4000000060
50107  -45.386  -22.227  -23.450 0.5000000000
130815  -39.112  -20.662  -29.292 0.6999999881
140198  -46.584  -18.075  -23.551 0.5000000000
119347  -42.095  -19.191  -28.832 0.8000000119
59960  -46.197  -12.153  -25.346 0.5000000000
128569  -45.370  -7.372  -28.119 0.5000000000
65756  -45.078  -7.096  -27.737 0.4000000060
62946  -46.606  -9.698  -29.097 0.5000000000
54858  -36.705  -17.877  -25.690 0.5000000000
52831  -44.083  -19.434  -20.927 0.5000000000
59934  -46.034  -12.248  -23.242 0.5000000000
52853  -40.865  -20.048  -23.941 0.6999999881
119683  -45.725  -10.822  -25.088 0.4000000060
62906  -45.421  -9.364  -25.772 0.4000000060
61965  -45.630  -10.298  -24.237 0.4000000060
133242  -41.362  -19.330  -25.723 0.8000000119
54872  -37.071  -17.067  -25.837 0.5000000000
60985  -45.611  -11.525  -22.065 0.5000000000
139537  -41.615  -17.262  -25.851 0.6000000238
56021  -41.585  -16.629  -26.672 0.6000000238
67647  -46.980  -4.800  -26.936 0.4000000060
66723  -47.193  -5.156  -27.740 0.5000000000
56019  -37.425  -16.322  -26.260 0.5000000000
54845  -41.391  -17.653  -23.160 0.6000000238
54859  -41.475  -17.437  -24.949 0.6999999881
133494  -41.116  -15.659  -24.316 0.6999999881
58897  -40.502  -13.544  -27.380 0.6000000238
66732  -48.713  -4.601  -29.395 0.5000000000
57007  -35.935  -15.510  -26.373 0.5000000000
57864  -43.820  -14.829  -20.221 0.6000000238
131291  -44.425  -9.991  -19.844 0.5000000000
63810  -45.055  -8.565  -20.306 0.4000000060
56969  -41.236  -15.773  -23.467 0.6999999881
59926  -40.904  -13.055  -21.952 0.6999999881
57880  -41.238  -14.619  -22.298 0.6999999881
57036  -40.382  -15.140  -28.797 0.6000000238
59933  -40.589  -12.735  -23.323 0.6000000238
60989  -40.622  -11.893  -22.890 0.6000000238
57934  -40.639  -14.362  -28.056 0.6000000238
131805  -40.430  -10.508  -22.770 0.6000000238
123294  -45.254  -7.751  -20.386 0.4000000060
58840  -41.738  -13.359  -20.536 0.5000000000
62829  -42.412  -9.402  -19.161 0.5000000000
59911  -41.716  -12.613  -20.172 0.5000000000
59918  -41.249  -12.665  -21.059 0.6000000238
67621  -48.385  -4.766  -23.398 0.4000000060
62861  -41.044  -9.948  -20.941 0.6999999881
62860  -40.668  -9.538  -21.646 0.6000000238
61035  -39.849  -12.078  -26.448 0.6000000238
68627  -49.730  -2.367  -28.652 0.4000000060
122722  -42.684  -7.728  -18.821 0.6000000238
64738  -45.034  -7.244  -19.662 0.4000000060
61907  -41.422  -10.236  -20.086 0.6999999881
118384  -41.807  -8.852  -19.383 0.6000000238
60975  -41.227  -10.944  -20.900 0.6000000238
63844  -39.944  -9.026  -23.172 0.6000000238
136494  -44.573  -5.860  -18.908 0.5000000000
68529  -45.328  -3.513  -20.126 0.4000000060
68553  -45.871  -3.459  -21.749 0.4000000060
63807  -40.790  -8.304  -20.944 0.6000000238
69522  -48.170  -2.553  -23.086 0.3000000119
69523  -48.806  -2.535  -23.390 0.3000000119
64765  -40.662  -7.491  -21.186 0.6000000238
128231  -40.378  -7.417  -22.006 0.6000000238
117761  -39.606  -8.621  -23.972 0.6000000238
68593  -50.661  -3.340  -25.758 0.3000000119
70519  -53.172  -1.187  -27.174 0.3000000119
65703  -41.215  -5.917  -19.767 0.6000000238
118398  -40.823  -6.904  -20.736 0.6000000238
63855  -39.246  -8.401  -24.657 0.6000000238
69533  -50.108  -2.164  -24.396 0.3000000119
69534  -50.630  -2.456  -25.076 0.3000000119
68477  -43.060  -3.284  -18.463 0.6000000238
67586  -40.617  -4.302  -20.856 0.6000000238
71435  -46.311  -0.955  -22.511 0.4000000060
70474  -47.671  -1.176  -22.964 0.3000000119
70476  -48.996  -1.286  -23.465 0.3000000119
65727  -39.921  -5.742  -23.838 0.6000000238
70486  -49.730  -1.279  -23.821 0.3000000119
69421  -42.455  -2.568  -18.645 0.5000000000
68566  -40.531  -3.832  -22.989 0.5000000000
140363  -41.643  -1.411  -19.306 0.4000000060
70434  -41.310  -1.404  -20.034 0.4000000060
134974  -42.627  -0.390  -19.042 0.4000000060
73343  -45.281  1.219  -21.643 0.3000000119
69506  -40.865  -2.561  -22.330 0.5000000000
73382  -46.179  1.467  -24.421 0.3000000119
124683  -45.413  1.831  -23.033 0.3000000119
69507  -41.089  -1.871  -21.972 0.4000000060
70460  -41.103  -1.786  -22.731 0.4000000060
69521  -40.938  -2.424  -23.245 0.4000000060
75275  -42.936  3.053  -20.563 0.3000000119
140051  -40.538  -2.417  -24.721 0.3000000119
74357  -45.248  2.776  -23.184 0.3000000119
75337  -45.517  3.538  -24.545 0.3000000119
75383  -46.523  3.328  -27.387 0.3000000119
130899  -41.203  1.838  -22.859 0.3000000119
120943  -41.075  -0.065  -25.371 0.3000000119
76319  -44.301  4.505  -21.857 0.3000000119
70509  -40.365  -0.887  -27.068 0.3000000119
76378  -45.680  4.159  -25.993 0.3000000119
130414  -40.874  1.229  -25.548 0.3000000119
77330  -43.379  5.218  -21.809 0.3000000119
137070  -45.335  5.795  -25.147 0.3000000119
77434  -46.372  4.485  -29.040 0.3000000119
133133  -40.721  4.132  -24.855 0.3000000119
121184  -40.687  0.446  -27.927 0.3000000119
73425  -40.766  0.902  -27.363 0.3000000119
74398  -40.638  2.529  -26.110 0.3000000119
77375  -41.033  5.821  -24.691 0.3000000119
72473  -40.516  0.733  -28.679 0.3000000119
75361  -40.552  3.296  -26.549 0.3000000119
76377  -40.627  5.207  -26.090 0.3000000119
78347  -41.094  6.670  -24.902 0.3000000119
134782  -40.279  0.958  -30.025 0.3000000119
80247  -42.480  8.817  -25.006 0.3000000119
80264  -43.724  9.071  -25.988 0.3000000119
79341  -45.175  7.467  -27.776 0.3000000119
80297  -45.131  8.450  -28.797 0.3000000119
124153  -45.499  7.560  -30.486 0.3000000119
78424  -46.138  6.472  -31.346 0.3000000119
74435  -40.642  2.508  -28.997 0.3000000119
122597  -40.502  3.888  -27.101 0.3000000119
119929  -40.264  4.603  -28.833 0.3000000119
136959  -38.129  0.469  -30.391 0.3000000119
72488  -36.280  0.744  -30.183 0.3000000119
81284  -44.860  9.360  -28.916 0.3000000119
73448  -37.904  1.263  -30.578 0.3000000119
28083  -47.767  -43.894  -32.328 0.4000000060
38812  -40.769  -34.609  -26.017 0.6999999881
41736  -43.334  -31.633  -28.214 0.8000000119
118133  -43.913  -27.945  -29.551 0.8000000119
61047  -47.593  -11.241  -28.223 0.4000000060
66700  -37.540  -5.418  -27.117 0.5000000000
120930  -46.254  -12.287  -27.203 0.4000000060
61070  -46.498  -11.158  -29.172 0.4000000060
62947  -51.919  -9.249  -29.309 0.3000000119
64838  -51.237  -7.753  -28.901 0.4000000060
63922  -52.322  -7.831  -30.582 0.3000000119
63870  -48.852  -8.036  -25.762 0.4000000060
64812  -49.404  -7.638  -26.136 0.4000000060
64811  -48.663  -7.564  -26.469 0.4000000060
64848  -51.983  -7.294  -31.000 0.3000000119
64840  -50.936  -6.994  -29.150 0.4000000060
64841  -51.605  -7.330  -29.899 0.3000000119
61046  -45.788  -11.196  -27.842 0.3000000119
64836  -49.792  -6.786  -27.985 0.4000000060
65773  -50.180  -6.559  -28.749 0.4000000060
66738  -50.706  -5.370  -30.191 0.3000000119
119152  -49.779  -5.919  -29.218 0.4000000060
66735  -52.448  -4.665  -29.668 0.3000000119
65786  -51.529  -5.742  -29.942 0.3000000119
66737  -49.793  -4.969  -30.298 0.4000000060
65772  -49.400  -6.229  -28.491 0.4000000060
68642  -52.612  -3.828  -29.685 0.3000000119
68649  -51.804  -3.886  -30.168 0.3000000119
68648  -51.123  -3.231  -30.236 0.3000000119
57945  -36.887  -13.785  -28.077 0.5000000000
68641  -51.853  -3.244  -29.759 0.3000000119
69605  -49.801  -2.679  -30.214 0.3000000119
57930  -35.263  -14.251  -27.441 0.5000000000
60011  -34.389  -12.462  -28.141 0.5000000000
58928  -35.488  -13.228  -28.029 0.5000000000
60012  -35.224  -12.556  -28.282 0.5000000000
120427  -37.198  -12.526  -28.647 0.5000000000
69596  -53.328  -2.575  -29.296 0.3000000119
69594  -51.016  -2.708  -29.773 0.3000000119
60013  -36.584  -11.965  -28.607 0.5000000000
62017  -37.001  -11.022  -28.299 0.5000000000
62015  -34.711  -10.410  -28.398 0.5000000000
62937  -35.342  -9.699  -28.307 0.5000000000
62016  -35.694  -10.477  -28.440 0.5000000000
62922  -35.759  -9.012  -27.966 0.4000000060
62936  -34.647  -9.590  -28.322 0.5000000000
62935  -33.929  -9.866  -28.270 0.5000000000
62923  -36.510  -9.312  -27.679 0.5000000000
119208  -35.005  -8.949  -28.263 0.4000000060
63884  -36.269  -8.273  -27.570 0.5000000000
63898  -34.569  -8.330  -28.290 0.4000000060
64830  -34.708  -7.634  -28.324 0.4000000060
64818  -36.484  -7.280  -27.461 0.5000000000
64831  -35.332  -7.215  -28.170 0.4000000060
64829  -33.845  -7.432  -28.298 0.4000000060
65766  -35.384  -6.562  -28.345 0.5000000000
65765  -34.621  -6.783  -28.416 0.4000000060
65754  -36.427  -6.101  -27.969 0.4000000060
66718  -35.080  -5.952  -28.640 0.5000000000
65753  -35.918  -6.738  -27.938 0.4000000060
126709  -34.171  -6.058  -28.489 0.3000000119
65767  -35.819  -6.102  -28.422 0.4000000060
140562  -37.316  -5.374  -27.732 0.4000000060
66719  -36.267  -5.643  -28.597 0.3000000119
66717  -34.250  -5.344  -28.684 0.3000000119
125474  -35.178  -5.045  -28.951 0.3000000119
129425  -36.914  -4.616  -28.955 0.3000000119
67666  -37.377  -4.437  -28.507 0.3000000119
67665  -36.244  -5.034  -29.067 0.3000000119
67664  -34.277  -4.626  -28.835 0.3000000119
68612  -37.923  -4.007  -28.036 0.3000000119
67677  -35.667  -4.394  -29.174 0.3000000119
67678  -36.451  -4.058  -29.206 0.3000000119
67679  -37.213  -3.991  -28.996 0.3000000119
68624  -37.695  -3.692  -28.639 0.3000000119
67676  -34.749  -4.021  -28.961 0.3000000119
68637  -35.562  -3.586  -29.216 0.3000000119
127035  -36.278  -3.134  -29.273 0.3000000119
68638  -37.030  -3.387  -29.133 0.3000000119
60010  -33.579  -12.292  -27.969 0.5000000000
62953  -52.572  -9.496  -30.314 0.3000000119
63881  -50.014  -8.070  -26.050 0.4000000060
59995  -32.912  -12.823  -27.697 0.4000000060
128436  -34.103  -11.917  -28.278 0.5000000000
62014  -33.733  -10.706  -28.268 0.4000000060
138269  -34.245  -7.931  -28.325 0.5000000000
61005  -45.953  -11.530  -24.987 0.4000000060
62018  -45.646  -10.521  -28.878 0.4000000060
62003  -37.591  -10.630  -27.689 0.5000000000
120958  -46.935  -11.897  -29.197 0.4000000060
61021  -45.923  -11.350  -25.955 0.3000000119
62918  -48.076  -9.494  -25.948 0.4000000060
65759  -48.958  -6.576  -27.805 0.4000000060
67686  -49.572  -4.270  -30.314 0.3000000119
57931  -36.164  -14.206  -27.581 0.5000000000
128468  -36.218  -13.494  -28.065 0.5000000000
61060  -37.729  -11.357  -28.154 0.5000000000
62924  -37.240  -9.717  -27.412 0.5000000000
63885  -37.048  -8.837  -27.276 0.5000000000
127202  -37.040  -8.012  -27.110 0.5000000000
66708  -37.132  -5.886  -27.570 0.4000000060
67644  -37.860  -4.809  -26.847 0.3000000119
63917  -52.571  -8.731  -30.427 0.3000000119
63904  -51.499  -8.619  -28.603 0.4000000060
63916  -52.076  -8.019  -30.358 0.3000000119
64824  -50.153  -7.598  -26.786 0.4000000060
63890  -50.608  -8.387  -26.854 0.4000000060
63891  -51.220  -8.865  -27.614 0.4000000060
62908  -49.216  -9.180  -25.232 0.4000000060
65782  -51.388  -6.328  -29.897 0.3000000119
64846  -51.514  -7.176  -30.994 0.3000000119
65779  -50.547  -6.314  -29.352 0.4000000060
67696  -51.632  -4.796  -30.105 0.3000000119
67687  -50.401  -4.581  -30.479 0.3000000119
127706  -52.845  -3.117  -29.413 0.3000000119
131994  -34.631  -14.178  -27.458 0.5000000000
58926  -33.888  -12.986  -27.787 0.5000000000
58927  -34.711  -13.097  -27.910 0.5000000000
128497  -34.836  -11.914  -28.426 0.5000000000
125986  -36.212  -12.697  -28.401 0.5000000000
125118  -35.718  -11.942  -28.565 0.5000000000
138433  -36.799  -11.513  -28.506 0.5000000000
61059  -36.216  -11.235  -28.558 0.5000000000
134903  -36.382  -10.537  -28.332 0.5000000000
62002  -36.793  -10.184  -27.939 0.5000000000
61058  -35.259  -11.221  -28.525 0.5000000000
61057  -34.338  -11.298  -28.387 0.5000000000
63899  -35.359  -8.113  -28.026 0.4000000060
62938  -36.106  -9.848  -28.169 0.4000000060
64817  -35.843  -7.503  -27.786 0.5000000000
66720  -36.980  -5.314  -28.371 0.3000000119
62909  -50.083  -9.459  -25.438 0.4000000060
43720  -42.688  -29.702  -30.790 0.6999999881
41725  -43.907  -30.842  -28.892 0.6999999881
43713  -44.692  -29.556  -30.170 0.6999999881
138603  -44.034  -29.500  -30.777 0.6999999881
44727  -43.335  -28.505  -30.829 0.6999999881
44726  -42.731  -28.502  -30.974 0.6999999881
44721  -44.273  -28.780  -29.907 0.6999999881
45660  -43.570  -28.044  -30.490 0.6999999881
120858  -42.972  -27.742  -31.065 0.6999999881
129844  -42.247  -27.808  -30.993 0.6999999881
57951  -48.074  -14.038  -28.674 0.3000000119
58899  -48.377  -13.973  -27.334 0.3000000119
60001  -48.049  -12.619  -27.618 0.3000000119
59962  -48.554  -12.227  -25.357 0.3000000119
61048  -47.877  -11.795  -27.215 0.3000000119
131176  -48.380  -13.240  -26.790 0.3000000119
45652  -43.577  -27.070  -30.023 0.6999999881
45651  -43.078  -26.992  -30.664 0.6999999881
60021  -47.696  -12.826  -28.652 0.3000000119
61037  -48.219  -11.444  -25.878 0.3000000119
127057  -50.002  -11.048  -24.838 0.3000000119
61038  -50.793  -11.139  -25.421 0.3000000119
46581  -43.169  -26.169  -30.078 0.6000000238
46589  -42.613  -26.111  -30.475 0.6999999881
60027  -47.053  -12.702  -29.242 0.3000000119
60020  -47.260  -12.389  -29.083 0.3000000119
61980  -48.636  -10.755  -25.164 0.3000000119
61982  -50.423  -10.343  -25.376 0.3000000119
61996  -51.009  -10.570  -26.024 0.3000000119
62008  -47.792  -10.843  -26.982 0.3000000119
62929  -51.339  -9.698  -27.298 0.3000000119
60019  -46.586  -12.567  -28.808 0.3000000119
138299  -50.893  -9.132  -26.856 0.3000000119
61063  -45.857  -11.190  -28.627 0.3000000119
39848  -42.019  -33.622  -27.192 0.6999999881
40801  -43.307  -32.443  -28.626 0.6999999881
42689  -41.998  -30.658  -30.797 0.6999999881
40802  -44.065  -31.665  -29.511 0.6999999881
42680  -44.780  -30.276  -30.420 0.6999999881
136883  -43.514  -29.180  -30.832 0.6999999881
42675  -44.606  -30.129  -29.575 0.6999999881
125308  -41.643  -29.009  -30.635 0.6999999881
57921  -48.571  -14.680  -26.667 0.3000000119
136397  -48.610  -13.980  -26.097 0.3000000119
59963  -49.047  -12.457  -24.831 0.3000000119
59964  -49.919  -12.583  -24.769 0.3000000119
61039  -51.409  -11.161  -26.283 0.3000000119
61997  -51.388  -10.442  -26.829 0.3000000119
62009  -51.699  -10.391  -27.757 0.3000000119
62941  -51.709  -9.611  -28.366 0.3000000119
57936  -48.405  -14.573  -27.793 0.3000000119
61995  -48.077  -10.377  -25.905 0.3000000119
61022  -48.769  -11.642  -24.959 0.3000000119
127027  -43.804  -42.974  -27.592 0.4000000060
30279  -43.187  -43.166  -26.966 0.4000000060
31366  -43.813  -42.308  -27.063 0.4000000060
31387  -45.511  -41.584  -27.957 0.4000000060
29149  -42.609  -43.512  -27.104 0.4000000060
32417  -42.700  -40.467  -25.449 0.5000000000
32433  -43.182  -40.748  -26.119 0.4000000060
138609  -44.162  -41.395  -26.909 0.4000000060
30268  -42.894  -42.759  -26.247 0.4000000060
31367  -44.821  -41.692  -27.420 0.4000000060
31350  -42.543  -42.271  -25.777 0.5000000000
30278  -42.597  -43.263  -26.421 0.4000000060
30266  -41.804  -43.297  -26.309 0.4000000060
32434  -43.929  -40.681  -26.593 0.4000000060
32432  -42.594  -41.416  -25.576 0.5000000000
30256  -41.666  -42.188  -25.610 0.5000000000
30265  -41.190  -42.724  -26.540 0.5000000000
31339  -41.620  -41.486  -25.242 0.5000000000
31338  -40.956  -41.426  -25.412 0.5000000000
31386  -39.815  -42.008  -27.719 0.5000000000
32414  -40.517  -40.489  -25.147 0.6000000238
31365  -40.441  -42.082  -26.761 0.5000000000
32452  -39.730  -40.366  -26.537 0.5000000000
32453  -39.894  -41.165  -26.908 0.5000000000
33537  -39.345  -39.856  -28.344 0.6000000238
34596  -39.412  -38.924  -28.831 0.5000000000
32402  -40.878  -40.024  -24.662 0.6000000238
32431  -40.173  -40.870  -25.903 0.6000000238
33497  -40.194  -39.651  -24.924 0.6000000238
117047  -39.559  -40.149  -27.435 0.6000000238
118467  -39.397  -39.151  -27.844 0.6000000238
34606  -39.922  -38.259  -29.349 0.5000000000
35702  -41.319  -37.969  -32.303 0.5000000000
35686  -41.068  -37.929  -31.228 0.5000000000
35680  -40.800  -37.845  -29.990 0.5000000000
35703  -42.153  -37.771  -32.003 0.5000000000
39885  -40.230  -33.484  -31.090 0.4000000060
33512  -39.758  -39.944  -25.725 0.6000000238
121247  -40.481  -32.143  -30.825 0.5000000000
34570  -39.521  -38.990  -26.183 0.6000000238
33527  -39.525  -39.532  -26.837 0.5000000000
34584  -39.427  -38.558  -27.177 0.6000000238
39888  -41.170  -33.403  -32.123 0.5000000000
34585  -39.540  -38.132  -28.231 0.6000000238
35675  -40.404  -37.546  -28.818 0.6000000238
36718  -42.397  -36.625  -33.095 0.5000000000
35681  -41.303  -37.244  -29.653 0.5000000000
35687  -41.620  -37.468  -30.781 0.5000000000
39884  -39.412  -33.442  -30.237 0.4000000060
40819  -39.926  -32.708  -30.548 0.5000000000
38843  -39.014  -34.123  -29.986 0.4000000060
35631  -39.628  -38.568  -25.625 0.6000000238
40820  -40.787  -32.703  -31.388 0.5000000000
35651  -39.647  -37.146  -26.589 0.6000000238
40825  -41.667  -32.849  -32.005 0.5000000000
130382  -39.828  -37.479  -27.967 0.6000000238
36678  -41.098  -36.831  -28.726 0.6000000238
136500  -42.893  -37.076  -33.024 0.5000000000
36686  -41.758  -36.586  -29.580 0.6000000238
36714  -42.993  -37.156  -32.578 0.5000000000
36700  -42.516  -37.188  -31.450 0.5000000000
36715  -43.289  -36.350  -32.668 0.5000000000
40809  -39.251  -32.628  -29.594 0.4000000060
41748  -39.706  -31.790  -30.244 0.5000000000
39874  -38.951  -33.630  -29.334 0.4000000060
42688  -40.742  -30.720  -30.559 0.5000000000
126659  -41.447  -31.293  -30.802 0.5000000000
40821  -41.591  -32.068  -31.273 0.5000000000
41750  -42.500  -31.447  -31.160 0.5000000000
37788  -40.610  -35.802  -27.090 0.6000000238
40826  -42.532  -32.740  -31.999 0.5000000000
39889  -42.340  -33.560  -32.474 0.5000000000
36673  -40.936  -36.359  -27.891 0.6000000238
126158  -41.642  -36.125  -28.687 0.6000000238
37833  -42.908  -35.777  -33.154 0.5000000000
37834  -42.794  -34.744  -32.800 0.5000000000
38855  -43.274  -34.755  -32.348 0.5000000000
36701  -43.095  -36.510  -31.853 0.5000000000
42687  -39.848  -30.884  -30.313 0.5000000000
132664  -43.559  -30.789  -31.116 0.6000000238
41751  -43.585  -31.858  -31.435 0.5000000000
37775  -41.283  -34.988  -26.983 0.6000000238
40827  -43.455  -32.607  -31.779 0.5000000000
37798  -42.119  -35.351  -28.745 0.6000000238
39890  -43.264  -33.310  -32.148 0.5000000000
37812  -42.256  -35.854  -29.686 0.5000000000
38852  -43.377  -34.549  -31.511 0.5000000000
41740  -39.322  -31.669  -29.353 0.4000000060
43718  -40.084  -30.053  -30.328 0.4000000060
41752  -44.230  -31.450  -31.131 0.6000000238
38832  -42.433  -34.627  -28.773 0.6000000238
40823  -44.077  -32.390  -31.374 0.5000000000
125687  -43.753  -33.898  -32.020 0.5000000000
127123  -42.858  -33.981  -29.409 0.6000000238
39886  -43.879  -33.572  -31.270 0.5000000000
133800  -39.459  -31.071  -29.953 0.5000000000
43712  -40.055  -28.632  -30.178 0.4000000060
44725  -41.079  -28.337  -30.507 0.5000000000
42679  -39.576  -30.359  -29.911 0.4000000060
42690  -44.459  -30.501  -30.992 0.6000000238
39876  -44.198  -32.897  -31.010 0.5000000000
140013  -44.219  -32.778  -30.443 0.5000000000
38854  -41.675  -34.250  -32.636 0.5000000000
38856  -42.022  -35.235  -32.875 0.5000000000
138367  -42.210  -35.897  -33.059 0.5000000000
32455  -45.254  -40.874  -27.564 0.4000000060
32415  -41.254  -40.823  -24.871 0.6000000238
126532  -41.406  -34.127  -26.576 0.6000000238
38821  -41.822  -34.323  -27.358 0.6000000238
39849  -42.629  -33.090  -27.903 0.6000000238
39861  -43.096  -33.232  -28.989 0.6000000238
38831  -41.989  -34.864  -27.919 0.6000000238
40810  -43.954  -32.639  -29.737 0.6000000238
40811  -44.334  -32.147  -30.650 0.6000000238
118831  -41.175  -29.894  -30.570 0.5000000000
136495  -41.670  -42.840  -25.863 0.5000000000
120727  -40.473  -41.568  -26.152 0.5000000000
32467  -39.547  -40.861  -27.964 0.5000000000
41749  -40.543  -31.496  -30.652 0.5000000000
35665  -39.568  -37.720  -27.334 0.6000000238
36687  -42.397  -36.476  -30.632 0.5000000000
36677  -40.332  -36.978  -28.010 0.6000000238
36672  -40.136  -36.564  -27.237 0.6000000238
37813  -42.802  -35.615  -30.982 0.5000000000
37789  -41.471  -35.609  -27.849 0.6000000238
37799  -42.768  -34.877  -29.908 0.6000000238
39875  -43.833  -33.326  -30.208 0.5000000000
46596  -54.708  -26.351  -32.323 0.3000000119
46594  -56.005  -27.130  -31.754 0.3000000119
46599  -55.975  -25.993  -31.930 0.3000000119
48431  -55.348  -25.206  -32.050 0.3000000119
47501  -57.071  -25.188  -30.912 0.3000000119
48428  -55.889  -24.511  -31.663 0.3000000119
49293  -56.069  -23.583  -31.636 0.3000000119
118633  -53.357  -24.650  -31.716 0.3000000119
48426  -54.332  -24.535  -31.757 0.3000000119
48427  -55.267  -24.430  -31.773 0.3000000119
50166  -55.396  -22.520  -31.511 0.3000000119
49291  -53.774  -23.994  -30.954 0.3000000119
49292  -55.093  -23.569  -31.472 0.3000000119
53876  -53.052  -18.182  -29.359 0.3000000119
53857  -52.123  -18.940  -28.126 0.3000000119
54901  -52.584  -17.686  -28.636 0.3000000119
54891  -51.627  -18.009  -26.968 0.3000000119
56035  -52.011  -16.525  -27.324 0.3000000119
122872  -52.197  -17.296  -27.777 0.3000000119
56034  -51.494  -16.621  -26.381 0.3000000119
30276  -40.685  -42.666  -27.390 0.4000000060
47494  -57.148  -26.041  -30.800 0.3000000119
49286  -57.552  -24.226  -30.403 0.3000000119
50168  -57.213  -22.764  -30.713 0.3000000119
50167  -56.988  -22.161  -31.390 0.3000000119
50165  -54.120  -23.047  -30.671 0.3000000119
51101  -53.684  -21.446  -30.109 0.3000000119
52907  -52.254  -19.637  -28.445 0.3000000119
129620  -53.268  -18.995  -29.701 0.3000000119
135710  -53.800  -19.121  -30.478 0.3000000119
127666  -53.690  -17.817  -29.804 0.3000000119
54906  -53.228  -17.199  -29.229 0.3000000119
56043  -52.534  -16.422  -28.222 0.3000000119
49294  -57.120  -23.571  -31.188 0.3000000119
122355  -56.249  -22.183  -31.755 0.3000000119
30391  -33.227  -42.693  -35.121 0.4000000060
31448  -33.063  -41.812  -34.524 0.3000000119
32511  -33.713  -40.800  -33.953 0.3000000119
32503  -33.896  -40.037  -33.535 0.3000000119
34622  -39.487  -38.457  -32.058 0.4000000060
34623  -40.338  -38.267  -31.683 0.4000000060
33564  -38.781  -39.087  -31.392 0.4000000060
33555  -38.789  -39.333  -30.282 0.4000000060
36717  -41.255  -37.048  -33.040 0.4000000060
35711  -41.162  -37.671  -32.735 0.4000000060
34610  -39.493  -38.723  -30.967 0.4000000060
34605  -39.453  -38.853  -29.860 0.4000000060
33548  -39.001  -39.696  -29.237 0.4000000060
37823  -38.411  -35.471  -30.760 0.3000000119
37832  -41.227  -35.963  -32.810 0.4000000060
38849  -38.790  -34.803  -30.273 0.3000000119
34611  -40.188  -38.346  -30.498 0.4000000060
38851  -40.559  -34.208  -31.785 0.4000000060
132116  -37.973  -39.789  -30.750 0.4000000060
35701  -40.408  -37.960  -32.463 0.4000000060
118365  -49.729  -43.613  -33.080 0.3000000119
29216  -48.774  -43.684  -32.359 0.3000000119
28068  -47.210  -44.137  -31.635 0.3000000119
29199  -47.479  -43.715  -30.768 0.3000000119
29198  -46.656  -43.826  -30.298 0.3000000119
29180  -44.963  -43.871  -29.782 0.3000000119
131849  -43.698  -43.628  -30.428 0.3000000119
29195  -43.073  -43.416  -30.581 0.3000000119
29179  -44.188  -43.691  -29.763 0.3000000119
29178  -43.380  -43.606  -29.636 0.3000000119
29194  -42.657  -43.477  -29.912 0.3000000119
124262  -43.972  -43.535  -29.078 0.3000000119
29161  -43.356  -43.558  -28.631 0.3000000119
29177  -42.648  -43.513  -29.031 0.3000000119
29150  -43.282  -43.440  -27.755 0.3000000119
29176  -41.908  -43.471  -28.430 0.3000000119
29182  -47.247  -43.165  -29.894 0.3000000119
29148  -41.960  -43.584  -27.245 0.3000000119
29160  -42.621  -43.649  -27.991 0.3000000119
28055  -46.784  -44.184  -31.028 0.3000000119
28056  -50.425  -44.839  -30.143 0.3000000119
28057  -51.429  -44.587  -30.593 0.4000000060
28070  -52.201  -43.804  -31.869 0.4000000060
29137  -42.215  -43.439  -26.470 0.4000000060
29185  -53.140  -42.886  -30.287 0.4000000060
29200  -48.409  -43.264  -30.973 0.4000000060
29202  -52.833  -43.520  -30.595 0.4000000060
30267  -42.173  -42.984  -25.755 0.5000000000
30277  -41.373  -43.184  -27.059 0.5000000000
30281  -45.212  -42.288  -27.870 0.4000000060
30298  -44.130  -43.229  -28.306 0.3000000119
30316  -47.665  -42.460  -29.725 0.3000000119
30319  -53.228  -42.230  -30.687 0.4000000060
30336  -48.756  -42.510  -30.609 0.4000000060
30358  -51.889  -42.511  -32.235 0.4000000060
31340  -42.080  -41.963  -25.467 0.5000000000
31349  -41.095  -42.151  -26.008 0.5000000000
31351  -43.290  -41.646  -26.344 0.4000000060
31390  -51.983  -41.642  -28.695 0.4000000060
31408  -53.164  -41.398  -30.273 0.4000000060
31420  -50.951  -40.686  -31.266 0.4000000060
31431  -52.065  -41.758  -31.956 0.4000000060
32416  -42.020  -40.980  -24.978 0.5000000000
32456  -49.100  -40.146  -27.406 0.3000000119
32477  -52.457  -39.928  -30.496 0.3000000119
32488  -52.575  -40.605  -30.864 0.4000000060
33496  -39.761  -39.211  -25.383 0.6000000238
33500  -42.937  -39.657  -25.412 0.6000000238
33513  -43.575  -39.893  -26.145 0.5000000000
33541  -51.256  -39.371  -28.743 0.3000000119
33551  -52.248  -39.740  -29.830 0.4000000060
34545  -40.674  -39.277  -24.415 0.6999999881
34546  -41.377  -38.986  -24.150 0.6999999881
34547  -42.074  -38.798  -24.236 0.6999999881
34572  -48.544  -38.511  -26.690 0.3000000119
34586  -45.508  -37.739  -27.504 0.4000000060
34597  -45.602  -38.004  -28.296 0.4000000060
34600  -51.595  -39.118  -29.764 0.3000000119
34607  -47.119  -38.368  -30.797 0.4000000060
34614  -48.487  -38.029  -31.302 0.3000000119
34617  -51.306  -38.953  -30.594 0.4000000060
35616  -42.360  -37.458  -23.890 0.6999999881
35619  -47.436  -37.332  -25.437 0.3000000119
35633  -43.881  -37.442  -25.346 0.6000000238
35650  -39.498  -38.096  -26.421 0.6000000238
35666  -39.809  -37.146  -27.443 0.6000000238
35668  -46.188  -36.629  -28.341 0.4000000060
35712  -42.187  -37.461  -32.763 0.4000000060
36622  -41.731  -35.959  -23.455 0.6999999881
36623  -42.089  -36.711  -23.596 0.6999999881
36663  -45.459  -36.206  -26.942 0.5000000000
37754  -44.009  -35.963  -25.130 0.6000000238
37755  -44.476  -35.281  -25.449 0.6000000238
37757  -47.976  -36.031  -25.208 0.3000000119
37776  -45.071  -35.674  -26.214 0.6000000238
37777  -45.519  -35.135  -26.560 0.5000000000
37797  -36.909  -35.389  -28.207 0.5000000000
37825  -43.303  -35.596  -32.231 0.5000000000
37830  -43.132  -36.514  -33.067 0.5000000000
37831  -43.230  -35.662  -32.888 0.5000000000
38779  -43.362  -34.690  -23.805 0.6999999881
38780  -44.060  -34.559  -24.612 0.6999999881
38795  -40.620  -34.389  -25.121 0.6999999881
38799  -48.744  -34.790  -25.293 0.3000000119
38822  -42.397  -33.974  -28.179 0.6000000238
38844  -43.299  -34.043  -30.471 0.5000000000
39784  -41.512  -33.631  -23.487 0.6000000238
39785  -42.104  -33.683  -22.903 0.6999999881
39823  -46.266  -33.410  -25.731 0.4000000060
39824  -49.711  -33.679  -25.323 0.3000000119
39837  -42.239  -32.865  -26.999 0.8000000119
39850  -47.152  -34.019  -27.627 0.3000000119
39854  -53.914  -33.482  -28.388 0.3000000119
39868  -54.415  -33.243  -30.473 0.3000000119
39887  -43.931  -33.126  -31.667 0.5000000000
40707  -41.737  -31.618  -22.964 0.6999999881
40726  -44.069  -32.460  -23.274 0.6000000238
40727  -44.841  -32.164  -23.599 0.6000000238
40741  -44.608  -32.913  -23.895 0.6999999881
40742  -45.349  -32.550  -24.279 0.6000000238
40746  -50.961  -31.978  -25.063 0.3000000119
40763  -45.811  -32.989  -24.992 0.5000000000
40768  -51.835  -32.174  -26.129 0.3000000119
40778  -41.487  -32.788  -25.469 0.6999999881
40781  -47.468  -32.521  -26.659 0.4000000060
40791  -53.347  -32.998  -27.505 0.3000000119
40804  -48.752  -32.510  -28.920 0.4000000060
40806  -54.726  -33.159  -29.179 0.3000000119
40807  -55.096  -32.788  -30.192 0.3000000119
40818  -54.836  -33.035  -30.859 0.3000000119
40822  -42.781  -32.124  -31.593 0.5000000000
40824  -54.717  -32.658  -31.195 0.3000000119
41651  -43.623  -31.437  -22.499 0.6000000238
41670  -43.599  -32.062  -22.787 0.6000000238
41698  -41.589  -31.579  -24.893 0.6999999881
41716  -53.915  -31.292  -27.265 0.3000000119
41723  -39.011  -31.338  -27.482 0.5000000000
41741  -44.548  -31.093  -30.558 0.6000000238
41744  -51.621  -31.642  -30.350 0.4000000060
41747  -55.269  -32.428  -30.862 0.3000000119
41753  -54.271  -31.929  -31.199 0.3000000119
42593  -42.440  -30.509  -22.419 0.6999999881
42613  -45.475  -30.886  -23.305 0.6000000238
42627  -46.035  -31.099  -23.907 0.6000000238
42628  -46.475  -30.883  -24.403 0.5000000000
42643  -42.348  -29.999  -25.449 0.6999999881
42656  -48.376  -30.254  -26.415 0.4000000060
42667  -43.895  -30.092  -28.507 0.6999999881
42676  -49.915  -30.838  -29.076 0.4000000060
42682  -50.896  -30.923  -30.029 0.4000000060
42684  -53.466  -30.894  -30.618 0.4000000060
42686  -55.328  -31.550  -30.516 0.3000000119
43623  -42.149  -29.576  -22.668 0.6999999881
43625  -43.958  -29.742  -21.770 0.6000000238
43626  -44.810  -29.664  -21.999 0.6000000238
43641  -41.526  -29.569  -24.072 0.6999999881
43644  -46.164  -29.562  -23.454 0.6000000238
43665  -51.495  -28.924  -25.278 0.3000000119
43719  -40.456  -29.202  -30.379 0.4000000060
43721  -43.936  -29.877  -30.934 0.6999999881
43722  -44.459  -29.798  -30.722 0.6999999881
44636  -43.272  -28.082  -21.789 0.6000000238
44658  -41.899  -28.842  -23.258 0.6000000238
44679  -46.683  -28.393  -24.178 0.5000000000
44690  -47.156  -28.488  -24.994 0.5000000000
44696  -39.522  -28.352  -27.005 0.4000000060
44697  -42.948  -28.594  -25.863 0.6000000238
44700  -48.748  -28.201  -26.903 0.4000000060
44710  -49.993  -28.371  -27.804 0.4000000060
44711  -50.406  -28.364  -28.177 0.4000000060
44715  -44.037  -28.696  -28.866 0.8000000119
44728  -43.980  -29.119  -30.522 0.6999999881
45575  -42.577  -27.782  -22.384 0.6000000238
45577  -45.008  -27.454  -21.629 0.6000000238
45578  -45.696  -27.966  -22.246 0.6000000238
45597  -46.598  -27.361  -23.872 0.5000000000
45612  -47.323  -27.937  -25.404 0.5000000000
45621  -47.697  -27.734  -26.002 0.5000000000
45622  -48.104  -27.598  -26.754 0.4000000060
45635  -49.427  -27.495  -27.797 0.4000000060
45643  -50.579  -27.775  -28.337 0.4000000060
45647  -56.134  -28.064  -29.533 0.3000000119
45648  -39.984  -27.446  -29.352 0.5000000000
45656  -55.060  -28.103  -30.590 0.4000000060
46495  -43.739  -26.932  -21.577 0.6000000238
46496  -44.489  -26.755  -21.518 0.6999999881
46514  -45.965  -26.486  -22.312 0.5000000000
46532  -46.854  -26.502  -24.117 0.5000000000
46540  -41.974  -26.487  -24.538 0.6000000238
46541  -47.111  -26.477  -24.950 0.5000000000
46570  -43.386  -25.755  -28.573 0.6999999881
46572  -48.729  -26.257  -28.311 0.4000000060
46573  -49.343  -26.162  -28.784 0.4000000060
46574  -50.239  -26.309  -29.071 0.4000000060
46580  -42.042  -25.922  -30.669 0.6999999881
46588  -57.018  -26.900  -30.624 0.3000000119
46591  -52.953  -26.057  -31.809 0.4000000060
46592  -54.417  -26.783  -32.158 0.4000000060
46593  -55.261  -27.018  -32.061 0.4000000060
46595  -56.454  -26.584  -31.484 0.3000000119
46597  -54.991  -25.806  -32.355 0.3000000119
46598  -55.545  -26.408  -32.158 0.3000000119
47436  -45.524  -25.770  -21.966 0.5000000000
47447  -41.440  -25.313  -23.723 0.6000000238
47449  -46.793  -25.639  -23.578 0.5000000000
47493  -51.259  -25.251  -30.824 0.4000000060
47496  -50.961  -24.607  -30.983 0.4000000060
47497  -52.499  -25.317  -31.667 0.4000000060
47499  -53.849  -26.246  -32.210 0.4000000060
47500  -56.516  -25.663  -31.401 0.3000000119
47502  -53.722  -25.085  -32.142 0.3000000119
47504  -55.522  -25.798  -32.171 0.3000000119
47505  -55.914  -25.332  -31.814 0.3000000119
48346  -42.002  -24.653  -22.147 0.6000000238
48349  -45.009  -24.242  -22.171 0.5000000000
48364  -46.489  -24.152  -23.175 0.5000000000
48372  -41.157  -24.535  -24.139 0.6000000238
48373  -46.999  -24.217  -23.985 0.4000000060
48374  -47.317  -24.392  -24.678 0.4000000060
48381  -41.341  -24.505  -25.117 0.6000000238
48390  -47.777  -24.439  -26.364 0.5000000000
48405  -43.216  -24.171  -28.878 0.6999999881
48406  -48.303  -24.941  -28.278 0.4000000060
48412  -43.338  -24.425  -29.604 0.6999999881
48413  -48.858  -24.789  -29.271 0.4000000060
48418  -42.864  -24.763  -30.204 0.6999999881
48422  -57.420  -24.846  -30.544 0.3000000119
48423  -49.692  -23.721  -31.084 0.4000000060
48424  -51.468  -24.472  -31.099 0.4000000060
48425  -52.827  -24.935  -31.897 0.4000000060
48429  -56.444  -24.820  -31.363 0.3000000119
48430  -54.623  -25.179  -32.165 0.4000000060
49274  -43.023  -23.508  -29.444 0.6999999881
49277  -57.632  -24.159  -29.473 0.3000000119
49282  -49.075  -23.597  -30.730 0.4000000060
49283  -51.921  -23.746  -30.293 0.4000000060
49284  -52.795  -23.372  -30.095 0.4000000060
49285  -57.415  -23.472  -29.923 0.3000000119
49287  -48.765  -22.832  -30.984 0.4000000060
49295  -57.035  -24.460  -31.036 0.3000000119
50079  -42.693  -22.410  -21.496 0.6000000238
50090  -41.837  -23.233  -21.837 0.6000000238
50104  -40.605  -22.394  -23.789 0.6000000238
50119  -46.446  -22.807  -24.378 0.5000000000
50128  -46.528  -22.182  -25.596 0.4000000060
50133  -41.853  -22.579  -27.401 0.6999999881
50135  -47.755  -22.772  -26.829 0.4000000060
50156  -51.402  -22.458  -29.475 0.4000000060
50161  -48.550  -22.097  -31.081 0.4000000060
50162  -50.588  -22.578  -30.445 0.4000000060
50164  -52.284  -22.549  -29.416 0.4000000060
50170  -49.593  -22.646  -31.270 0.4000000060
50172  -56.597  -22.768  -31.568 0.3000000119
51010  -42.318  -21.741  -21.395 0.6000000238
51022  -41.380  -21.826  -21.922 0.6000000238
51035  -45.535  -21.394  -23.529 0.5000000000
51045  -40.616  -21.621  -24.272 0.6000000238
51046  -45.818  -21.338  -24.208 0.5000000000
51051  -40.863  -21.583  -25.200 0.6999999881
51052  -45.974  -21.584  -24.690 0.5000000000
51064  -41.593  -21.509  -27.019 0.6999999881
51065  -46.553  -21.819  -26.234 0.5000000000
51066  -47.184  -22.062  -26.895 0.4000000060
51089  -50.971  -21.729  -28.713 0.4000000060
51095  -41.727  -21.215  -30.304 0.8000000119
51097  -48.168  -21.563  -30.776 0.4000000060
51098  -49.608  -21.345  -30.669 0.4000000060
51107  -49.925  -22.418  -31.150 0.4000000060
51110  -56.460  -21.491  -31.477 0.3000000119
51933  -44.270  -20.836  -21.456 0.5000000000
51945  -45.006  -20.661  -22.110 0.5000000000
51975  -41.614  -19.275  -26.607 0.6999999881
51984  -37.772  -20.788  -26.269 0.5000000000
51992  -47.320  -20.863  -28.866 0.4000000060
51993  -49.841  -20.052  -27.659 0.4000000060
51996  -51.800  -20.387  -28.140 0.4000000060
52001  -42.059  -19.920  -29.457 0.8000000119
52004  -49.931  -20.714  -28.454 0.4000000060
52010  -47.679  -20.348  -30.674 0.4000000060
52018  -48.029  -20.268  -31.061 0.4000000060
52019  -48.321  -20.718  -31.129 0.4000000060
52020  -48.951  -20.865  -31.079 0.4000000060
52829  -42.176  -19.503  -21.221 0.5000000000
52830  -43.115  -19.502  -20.881 0.5000000000
52884  -50.191  -19.049  -26.591 0.4000000060
52889  -38.376  -19.296  -27.695 0.6000000238
52890  -41.991  -19.198  -27.731 0.6999999881
52892  -50.122  -19.666  -27.013 0.4000000060
52899  -38.710  -19.256  -28.714 0.6999999881
52904  -47.335  -19.816  -29.955 0.4000000060
52915  -48.324  -19.375  -30.670 0.4000000060
52917  -52.798  -19.661  -29.254 0.3000000119
52923  -47.829  -19.616  -30.842 0.4000000060
53804  -46.633  -18.320  -22.929 0.5000000000
53814  -46.567  -18.586  -23.798 0.5000000000
53819  -41.398  -18.270  -24.512 0.8000000119
53820  -46.466  -18.654  -24.755 0.5000000000
53827  -37.150  -18.488  -25.798 0.6000000238
53845  -50.856  -18.579  -26.607 0.4000000060
53855  -49.324  -18.634  -27.466 0.4000000060
53867  -47.267  -18.165  -29.859 0.4000000060
53868  -48.807  -18.558  -28.886 0.4000000060
53870  -52.592  -18.927  -28.984 0.3000000119
53877  -53.743  -18.499  -30.186 0.3000000119
53881  -48.052  -17.552  -30.915 0.3000000119
53882  -54.386  -19.068  -30.897 0.3000000119
54837  -46.514  -16.789  -22.708 0.5000000000
54846  -46.576  -16.759  -23.547 0.5000000000
54852  -46.494  -17.190  -24.844 0.5000000000
54861  -50.260  -16.822  -25.686 0.3000000119
54877  -49.839  -17.571  -26.071 0.3000000119
54879  -51.063  -17.556  -26.253 0.3000000119
54889  -48.797  -17.107  -27.675 0.3000000119
54892  -52.144  -18.208  -27.835 0.3000000119
54896  -39.254  -17.821  -29.008 0.6999999881
54897  -40.842  -17.306  -28.978 0.6999999881
54899  -47.348  -17.458  -30.081 0.4000000060
54914  -48.005  -16.676  -30.898 0.3000000119
55952  -44.146  -16.273  -20.568 0.6000000238
55968  -45.578  -16.751  -21.213 0.5000000000
55978  -46.163  -16.390  -21.900 0.5000000000
55979  -46.445  -16.028  -22.532 0.5000000000
55995  -46.556  -16.392  -24.380 0.5000000000
56024  -50.937  -16.630  -25.749 0.4000000060
56033  -48.523  -16.492  -28.458 0.3000000119
56041  -47.276  -16.085  -30.178 0.4000000060
56042  -48.386  -16.206  -29.682 0.3000000119
56055  -48.050  -15.912  -30.681 0.4000000060
56939  -43.626  -15.641  -20.477 0.6000000238
56959  -46.510  -15.353  -22.691 0.5000000000
56984  -41.279  -16.044  -24.887 0.6000000238
56993  -48.769  -15.297  -26.213 0.3000000119
56994  -49.404  -15.423  -25.636 0.3000000119
57043  -48.129  -15.670  -30.395 0.4000000060
57863  -42.875  -14.497  -20.315 0.5000000000
57873  -42.465  -14.955  -20.784 0.6000000238
57890  -41.065  -14.880  -23.168 0.6999999881
57891  -46.533  -14.299  -23.486 0.4000000060
57904  -40.908  -15.056  -24.050 0.6999999881
57911  -48.935  -14.706  -25.763 0.3000000119
57919  -40.659  -14.301  -26.783 0.6000000238
57932  -37.218  -14.357  -27.707 0.5000000000
57958  -46.967  -14.028  -29.525 0.4000000060
57967  -47.795  -15.334  -30.046 0.4000000060
58828  -43.616  -13.021  -19.703 0.5000000000
58844  -45.210  -13.960  -20.714 0.5000000000
58857  -40.989  -13.845  -22.122 0.6999999881
58887  -46.467  -13.465  -26.204 0.4000000060
58888  -48.687  -13.115  -25.480 0.3000000119
58912  -34.995  -13.711  -27.690 0.5000000000
58913  -35.614  -13.787  -27.750 0.5000000000
58914  -40.493  -13.558  -28.490 0.6000000238
58916  -48.097  -13.327  -28.074 0.3000000119
58931  -39.517  -13.469  -29.273 0.6000000238
58932  -40.204  -13.537  -29.121 0.6000000238
58933  -46.879  -13.271  -29.293 0.4000000060
58934  -47.272  -13.103  -29.203 0.3000000119
58935  -47.793  -13.347  -28.814 0.3000000119
59888  -42.361  -12.510  -19.730 0.5000000000
59927  -45.839  -12.246  -22.372 0.5000000000
59944  -40.486  -13.047  -24.236 0.6000000238
59961  -46.366  -12.842  -25.790 0.4000000060
59981  -48.272  -12.420  -26.325 0.3000000119
59998  -46.150  -11.938  -28.119 0.4000000060
60000  -47.620  -12.097  -28.368 0.3000000119
60009  -32.735  -12.072  -27.790 0.4000000060
60018  -46.370  -11.808  -28.888 0.3000000119
60025  -46.552  -11.728  -29.059 0.4000000060
60026  -46.891  -12.482  -29.183 0.4000000060
60950  -42.624  -11.687  -19.460 0.5000000000
60984  -41.125  -11.798  -21.279 0.6000000238
60990  -45.759  -11.579  -22.893 0.5000000000
60995  -45.904  -11.617  -23.636 0.5000000000
61023  -49.534  -11.782  -24.713 0.3000000119
61024  -50.427  -11.847  -24.920 0.3000000119
61036  -46.019  -11.614  -27.070 0.5000000000
61049  -51.793  -11.079  -27.226 0.3000000119
61069  -46.034  -11.191  -29.035 0.4000000060
61071  -47.044  -11.037  -29.208 0.5000000000
61909  -42.896  -10.245  -19.187 0.5000000000
61928  -44.481  -10.794  -19.989 0.5000000000
61929  -45.060  -10.789  -20.913 0.5000000000
61947  -45.575  -10.868  -22.596 0.4000000060
61964  -40.010  -11.071  -24.316 0.6000000238
61981  -49.423  -10.199  -24.948 0.3000000119
61992  -39.188  -10.877  -26.528 0.6000000238
61993  -45.630  -10.715  -26.984 0.3000000119
62004  -38.241  -10.715  -27.266 0.6000000238
62005  -38.800  -11.182  -27.192 0.6000000238
62006  -45.501  -10.439  -28.140 0.4000000060
62023  -46.554  -10.430  -29.194 0.4000000060
62828  -41.659  -9.514  -19.672 0.5000000000
62847  -41.281  -9.510  -20.341 0.6000000238
62849  -45.246  -9.203  -20.984 0.4000000060
62876  -39.737  -9.419  -24.031 0.6000000238
62877  -40.024  -9.913  -23.425 0.6000000238
62878  -45.552  -9.447  -23.746 0.4000000060
62891  -39.512  -9.698  -24.831 0.6000000238
62907  -48.605  -8.827  -25.624 0.4000000060
62916  -45.417  -9.842  -26.510 0.4000000060
62917  -47.761  -9.112  -26.553 0.5000000000
62939  -45.190  -9.002  -28.577 0.5000000000
62944  -45.556  -9.763  -28.984 0.5000000000
62945  -45.979  -9.757  -29.195 0.5000000000
62952  -52.223  -9.034  -29.933 0.3000000119
63791  -41.625  -8.130  -19.414 0.6000000238
63809  -44.507  -8.691  -19.629 0.5000000000
63821  -40.560  -8.745  -21.650 0.6000000238
63831  -39.779  -8.037  -23.317 0.6000000238
63833  -45.529  -8.028  -21.890 0.4000000060
63871  -49.104  -8.460  -25.462 0.4000000060
63872  -49.708  -8.648  -25.583 0.4000000060
63878  -45.194  -8.535  -26.457 0.4000000060
63880  -49.377  -8.108  -25.705 0.4000000060
63886  -44.908  -8.276  -27.487 0.4000000060
63887  -45.139  -9.154  -27.226 0.4000000060
63888  -47.531  -8.567  -27.113 0.5000000000
63900  -44.893  -8.241  -28.171 0.5000000000
63903  -50.839  -7.908  -27.773 0.4000000060
63909  -45.988  -8.464  -28.832 0.5000000000
63910  -46.556  -8.950  -28.764 0.5000000000
63911  -51.799  -8.351  -29.554 0.3000000119
63923  -53.022  -8.627  -30.675 0.3000000119
64732  -42.346  -7.025  -18.804 0.6000000238
64737  -44.282  -7.914  -19.201 0.5000000000
64808  -37.643  -7.989  -26.534 0.6000000238
64810  -45.065  -6.953  -27.178 0.4000000060
64820  -44.901  -7.561  -27.732 0.4000000060
64822  -48.395  -7.089  -27.321 0.5000000000
64823  -49.402  -7.065  -27.034 0.4000000060
64832  -45.026  -7.746  -28.253 0.5000000000
64834  -45.893  -7.644  -28.365 0.5000000000
64835  -46.746  -6.968  -27.805 0.5000000000
64837  -50.604  -7.148  -28.317 0.4000000060
65684  -44.148  -6.482  -18.751 0.5000000000
65685  -44.863  -6.426  -19.271 0.5000000000
65686  -45.301  -6.375  -19.970 0.4000000060
65717  -45.568  -6.581  -21.798 0.4000000060
65729  -45.732  -6.319  -23.710 0.4000000060
65749  -45.510  -6.397  -26.686 0.4000000060
65768  -45.576  -6.742  -27.564 0.5000000000
65783  -51.323  -6.788  -30.617 0.3000000119
66602  -42.675  -5.501  -18.601 0.6000000238
66604  -44.100  -4.329  -18.670 0.5000000000
66623  -41.761  -5.698  -19.047 0.6000000238
66624  -43.790  -5.729  -18.582 0.5000000000
66625  -44.420  -5.139  -18.809 0.5000000000
66648  -40.638  -5.129  -20.859 0.6000000238
66650  -45.411  -5.725  -20.375 0.4000000060
66677  -48.384  -5.405  -23.963 0.4000000060
66685  -46.605  -5.842  -24.190 0.4000000060
66694  -46.076  -6.066  -25.201 0.4000000060
66695  -46.504  -5.842  -25.935 0.4000000060
66703  -46.319  -5.533  -26.638 0.4000000060
66704  -47.005  -5.454  -26.372 0.4000000060
66709  -45.857  -5.937  -26.821 0.4000000060
66710  -46.382  -5.445  -26.917 0.4000000060
66725  -49.029  -5.468  -28.917 0.5000000000
66734  -50.183  -5.593  -29.795 0.4000000060
66743  -50.977  -5.443  -30.382 0.3000000119
67538  -43.298  -4.112  -18.455 0.6000000238
67588  -45.268  -4.602  -19.894 0.5000000000
67607  -40.432  -4.633  -22.605 0.5000000000
67609  -46.027  -4.658  -22.384 0.4000000060
67619  -46.750  -5.005  -22.662 0.4000000060
67654  -37.583  -4.813  -27.694 0.4000000060
67655  -38.071  -4.160  -27.106 0.4000000060
67656  -47.504  -3.875  -27.397 0.4000000060
67680  -48.586  -3.685  -29.831 0.5000000000
67681  -49.063  -4.458  -30.134 0.5000000000
67682  -53.153  -4.452  -29.588 0.3000000119
67688  -51.057  -4.125  -30.423 0.3000000119
67695  -51.050  -4.965  -30.444 0.3000000119
68476  -42.248  -3.357  -18.728 0.5000000000
68478  -43.748  -3.675  -18.611 0.5000000000
68498  -41.578  -3.554  -19.363 0.6000000238
68500  -44.467  -3.635  -19.025 0.4000000060
68527  -40.901  -3.803  -20.171 0.6000000238
68552  -40.629  -3.379  -22.277 0.5000000000
68569  -49.250  -2.974  -23.700 0.3000000119
68581  -49.667  -2.999  -24.272 0.3000000119
68591  -40.161  -2.917  -25.109 0.5000000000
68592  -49.938  -3.838  -25.529 0.3000000119
68605  -50.147  -3.805  -26.236 0.3000000119
68606  -50.737  -3.579  -26.656 0.3000000119
68626  -48.396  -2.731  -29.281 0.5000000000
68628  -50.727  -2.830  -28.524 0.3000000119
68640  -48.692  -2.932  -30.038 0.4000000060
68646  -49.695  -3.544  -30.361 0.3000000119
68647  -50.429  -3.439  -30.393 0.3000000119
69420  -41.935  -1.892  -18.886 0.4000000060
69422  -43.219  -2.426  -18.576 0.5000000000
69496  -40.679  -3.020  -21.662 0.5000000000
69498  -45.657  -2.723  -21.235 0.4000000060
69551  -38.979  -2.907  -27.055 0.4000000060
69563  -48.719  -2.086  -28.670 0.4000000060
69564  -52.097  -2.663  -27.951 0.3000000119
69572  -39.207  -2.113  -28.395 0.4000000060
69573  -48.753  -2.025  -29.442 0.5000000000
69574  -49.382  -2.000  -29.501 0.4000000060
69576  -51.482  -2.866  -28.893 0.3000000119
69589  -37.658  -2.861  -29.123 0.4000000060
69591  -48.824  -2.269  -29.917 0.4000000060
69593  -49.963  -2.286  -29.905 0.3000000119
69595  -52.102  -2.858  -29.274 0.3000000119
69604  -49.147  -2.735  -30.172 0.4000000060
69606  -50.476  -2.725  -30.174 0.3000000119
70380  -42.661  -1.770  -18.639 0.5000000000
70407  -43.765  -1.522  -18.982 0.4000000060
70408  -44.300  -1.652  -19.330 0.4000000060
70461  -41.200  -1.155  -22.135 0.3000000119
70462  -46.207  -1.816  -22.215 0.4000000060
70475  -48.418  -1.760  -23.249 0.3000000119
70485  -40.865  -1.598  -24.727 0.3000000119
70498  -51.005  -1.665  -25.045 0.3000000119
70499  -51.614  -1.695  -25.727 0.3000000119
70511  -52.752  -1.716  -26.923 0.3000000119
70517  -39.641  -1.661  -27.971 0.4000000060
71379  -44.513  -0.386  -19.863 0.4000000060
71419  -45.470  -0.561  -21.374 0.4000000060
71448  -49.151  -0.521  -23.492 0.3000000119
71458  -41.150  -0.214  -24.798 0.3000000119
71460  -50.804  -0.535  -24.562 0.3000000119
71481  -40.685  -0.242  -26.859 0.3000000119
71482  -51.953  -0.897  -25.905 0.3000000119
71491  -53.565  -0.657  -27.552 0.3000000119
72350  -42.670  0.325  -19.366 0.4000000060
72372  -44.435  0.455  -20.077 0.3000000119
72423  -41.071  0.541  -24.913 0.3000000119
72455  -40.783  0.369  -26.670 0.3000000119
72489  -37.278  0.674  -30.291 0.3000000119
73308  -41.994  1.347  -19.993 0.3000000119
73326  -43.313  1.638  -19.960 0.3000000119
73342  -44.642  1.727  -20.836 0.3000000119
73358  -41.353  1.446  -22.176 0.3000000119
73370  -45.853  1.108  -23.641 0.3000000119
73435  -40.683  1.965  -28.869 0.3000000119
73443  -40.643  2.071  -29.538 0.3000000119
73449  -38.785  1.489  -30.693 0.3000000119
73456  -40.380  2.554  -30.383 0.3000000119
74325  -43.616  2.941  -20.558 0.3000000119
74346  -45.093  2.468  -22.308 0.3000000119
74378  -46.236  2.357  -25.433 0.3000000119
74400  -46.966  2.233  -26.547 0.3000000119
74436  -40.667  2.255  -29.639 0.3000000119
74451  -40.071  2.772  -31.207 0.3000000119
74452  -40.485  3.350  -31.232 0.3000000119
75291  -41.855  3.116  -21.535 0.3000000119
75292  -42.574  3.563  -21.143 0.3000000119
75294  -44.170  3.893  -21.371 0.3000000119
75314  -44.608  3.806  -21.989 0.3000000119
75315  -44.902  3.662  -22.793 0.3000000119
75345  -40.580  3.560  -25.603 0.3000000119
75363  -46.797  2.653  -27.033 0.3000000119
75397  -40.636  2.770  -28.186 0.3000000119
76340  -44.526  4.953  -22.488 0.3000000119
76341  -44.903  4.352  -23.116 0.3000000119
76356  -40.961  4.195  -23.957 0.3000000119
76357  -41.570  4.834  -22.854 0.3000000119
76359  -45.304  4.421  -23.990 0.3000000119
76392  -45.939  4.100  -26.906 0.3000000119
76408  -40.391  4.428  -27.824 0.3000000119
76428  -46.310  4.264  -28.240 0.3000000119
77345  -42.228  5.419  -22.454 0.3000000119
77346  -42.928  5.771  -22.163 0.3000000119
77347  -43.649  5.833  -22.259 0.3000000119
77376  -41.240  5.599  -23.983 0.3000000119
77412  -45.765  4.852  -27.427 0.3000000119
77453  -46.105  5.497  -29.963 0.3000000119
78334  -43.549  6.905  -22.968 0.3000000119
78349  -44.600  6.948  -23.910 0.3000000119
78380  -45.367  6.346  -27.072 0.3000000119
79302  -44.182  7.608  -24.340 0.3000000119
79315  -44.980  7.124  -25.813 0.3000000119
79366  -45.539  7.052  -29.835 0.3000000119
79384  -45.776  6.924  -31.698 0.3000000119
80233  -42.567  8.247  -24.385 0.3000000119
80234  -43.094  8.409  -24.670 0.3000000119
80249  -44.121  8.430  -25.617 0.3000000119
80278  -44.576  8.776  -27.277 0.3000000119
80279  -44.950  8.265  -27.895 0.3000000119
80327  -45.301  8.235  -30.510 0.3000000119
81235  -42.833  9.292  -25.660 0.3000000119
81267  -43.508  9.971  -26.936 0.3000000119
81299  -44.783  9.625  -29.876 0.3000000119
116997  -39.433  -7.811  -24.107 0.6000000238
117216  -41.257  -16.214  -24.120 0.6999999881
117517  -40.636  2.555  -26.908 0.3000000119
117555  -37.390  -11.815  -28.533 0.5000000000
117900  -41.244  -23.189  -22.457 0.6000000238
118199  -41.451  -2.092  -19.568 0.4000000060
118502  -44.432  -2.849  -19.162 0.4000000060
119220  -46.035  -6.867  -27.930 0.5000000000
119368  -47.094  -8.735  -28.042 0.5000000000
119802  -41.787  -17.051  -27.576 0.6999999881
119897  -50.512  -23.867  -31.077 0.4000000060
120311  -42.741  -25.517  -26.851 0.6000000238
120425  -50.364  -20.159  -27.475 0.4000000060
120459  -48.612  -9.787  -25.358 0.4000000060
120583  -44.448  10.123  -28.953 0.3000000119
120822  -48.551  -17.015  -28.945 0.3000000119
121268  -35.764  -5.601  -28.823 0.4000000060
121297  -45.329  7.658  -29.068 0.3000000119
121345  -43.756  -20.221  -20.974 0.5000000000
121649  -41.444  -11.891  -20.408 0.5000000000
122034  -41.609  1.731  -21.384 0.3000000119
122046  -45.512  -10.125  -22.256 0.5000000000
122210  -40.334  -13.057  -25.081 0.6000000238
122214  -40.767  5.285  -25.283 0.3000000119
122513  -47.008  -15.322  -29.848 0.4000000060
122518  -48.390  -4.031  -23.097 0.3000000119
122624  -56.498  -24.114  -31.428 0.3000000119
122635  -48.871  -4.197  -23.522 0.4000000060
122794  -46.542  -14.861  -25.083 0.4000000060
122832  -41.644  4.204  -22.434 0.3000000119
123072  -42.967  -31.209  -22.299 0.6000000238
123077  -45.564  -39.726  -28.695 0.4000000060
123516  -40.544  -6.610  -21.575 0.6000000238
123587  -41.161  -6.716  -19.991 0.6000000238
123778  -44.534  -30.767  -29.870 0.6999999881
124213  -34.190  -9.048  -28.266 0.4000000060
124540  -45.560  -10.046  -25.238 0.4000000060
124558  -45.402  -9.840  -28.620 0.4000000060
124691  -40.608  1.925  -29.637 0.3000000119
124708  -46.667  -17.024  -27.286 0.5000000000
124930  -45.678  1.989  -23.894 0.3000000119
124994  -44.378  -14.084  -20.192 0.5000000000
125172  -45.445  5.058  -25.481 0.3000000119
125379  -41.335  -31.823  -24.224 0.6999999881
125475  -38.253  -8.107  -25.962 0.6000000238
125598  -43.455  -28.152  -27.405 0.6999999881
125754  -46.572  -17.215  -26.552 0.5000000000
126348  -48.230  -15.883  -30.363 0.4000000060
126852  -43.038  -8.889  -18.930 0.5000000000
126858  -41.609  0.087  -19.860 0.3000000119
127047  -45.592  0.537  -22.259 0.3000000119
127234  -55.954  -22.813  -31.757 0.3000000119
127299  -42.303  -31.847  -26.329 0.6999999881
127355  -47.707  -25.284  -26.763 0.5000000000
128187  -49.271  -28.956  -27.015 0.4000000060
128550  -40.490  1.080  -29.323 0.3000000119
128918  -52.415  -20.271  -28.728 0.3000000119
129301  -43.125  -34.050  -32.388 0.5000000000
129330  -41.335  0.263  -21.731 0.3000000119
129375  -41.922  -36.999  -30.391 0.5000000000
129555  -41.240  -22.513  -30.678 0.8000000119
129648  -43.276  -11.004  -19.282 0.5000000000
129675  -50.743  -29.806  -24.317 0.3000000119
129721  -51.679  -17.218  -26.889 0.3000000119
129730  -34.270  -13.682  -27.618 0.5000000000
129998  -45.054  -13.099  -20.560 0.5000000000
130312  -41.243  1.149  -22.835 0.3000000119
130453  -39.472  -4.065  -25.358 0.5000000000
130559  -43.930  -11.125  -19.446 0.5000000000
130634  -52.479  -18.371  -28.618 0.3000000119
130709  -39.974  -20.704  -30.039 0.8000000119
130806  -53.438  -3.777  -29.676 0.3000000119
130844  -40.604  -13.799  -24.189 0.6000000238
130852  -45.368  -22.880  -23.254 0.5000000000
130876  -49.195  -11.081  -24.768 0.3000000119
131262  -41.165  -21.499  -30.682 0.8000000119
131499  -40.593  3.548  -31.099 0.3000000119
131911  -47.489  -24.898  -25.072 0.4000000060
132001  -45.208  7.767  -28.432 0.3000000119
132603  -46.523  -17.273  -25.744 0.5000000000
132704  -40.533  -14.726  -28.584 0.6000000238
133445  -46.349  -18.610  -25.618 0.5000000000
133611  -47.382  -35.678  -30.644 0.3000000119
133676  -43.846  6.384  -22.646 0.3000000119
133942  -50.230  -7.200  -27.515 0.4000000060
134039  -45.450  -12.768  -21.192 0.5000000000
134127  -47.706  -1.930  -22.964 0.3000000119
134152  -48.212  -22.953  -27.661 0.4000000060
134163  -40.714  0.996  -28.149 0.3000000119
134164  -47.332  -14.453  -29.530 0.4000000060
134253  -36.387  -6.663  -27.677 0.4000000060
134603  -45.519  -9.927  -25.829 0.4000000060
134692  -47.734  -28.602  -25.644 0.5000000000
134709  -47.376  -10.865  -28.933 0.4000000060
134929  -47.447  -16.745  -30.350 0.4000000060
135300  -42.178  7.229  -23.666 0.3000000119
135864  -51.040  -6.159  -29.709 0.4000000060
136212  -40.575  -11.215  -22.802 0.6000000238
136365  -50.948  -1.068  -24.774 0.3000000119
136555  -42.608  2.453  -20.418 0.3000000119
136595  -50.837  -9.785  -26.270 0.3000000119
136724  -50.408  -8.878  -26.121 0.4000000060
136831  -41.156  -19.732  -22.456 0.5000000000
136980  -46.001  -3.993  -22.187 0.4000000060
136998  -52.673  -16.982  -28.644 0.3000000119
137004  -33.980  -3.385  -28.993 0.3000000119
137356  -33.633  -41.433  -34.291 0.3000000119
137387  -46.452  -13.419  -27.053 0.4000000060
137497  -45.346  -2.850  -20.350 0.4000000060
137740  -46.100  -6.299  -27.502 0.5000000000
137887  -45.709  -37.528  -28.021 0.3000000119
138066  -50.580  -1.868  -24.701 0.3000000119
138067  -47.127  -14.195  -29.537 0.4000000060
138174  -42.883  -21.421  -21.240 0.6000000238
139727  -40.644  -3.737  -20.824 0.5000000000
139855  -55.195  -31.685  -28.910 0.3000000119
139907  -46.816  -16.674  -28.651 0.4000000060
140002  -43.185  -24.112  -21.640 0.6000000238
140072  -45.079  -28.118  -21.709 0.6000000238
140119  -51.460  -27.108  -29.108 0.4000000060
140127  -39.767  -36.876  -25.686 0.6999999881
140153  -54.688  -33.139  -30.138 0.3000000119
140354  -40.162  -14.730  -29.172 0.6000000238
140388  -55.087  -32.650  -29.569 0.3000000119
140785  -48.116  -17.917  -30.794 0.3000000119
140850  -51.233  -6.668  -29.702 0.3000000119
140873  -41.926  -28.389  -30.834 0.6999999881
141211  -48.132  -8.940  -26.025 0.5000000000
