#!ascii label  , from subject sub-v1s12x0050109_ses-1 vox2ras=TkReg
4205
2722  -15.079  -73.201  -34.658 0.8999999762
2712  -15.682  -73.515  -34.111 0.8000000119
122578  -16.282  -73.369  -33.258 0.8000000119
2714  -17.663  -73.204  -33.185 0.8000000119
2723  -15.612  -73.438  -35.110 0.8999999762
122548  -16.289  -73.734  -33.950 0.8000000119
2175  -17.268  -74.449  -33.309 0.8000000119
1731  -17.390  -75.184  -32.647 0.8000000119
2195  -16.627  -73.931  -35.554 0.8000000119
2183  -16.575  -74.379  -34.843 0.8000000119
140322  -16.776  -74.978  -33.696 0.8000000119
4443  -17.304  -69.871  -30.095 0.6999999881
132550  -15.076  -70.247  -30.815 0.8000000119
131158  -14.161  -70.362  -31.515 0.6999999881
3247  -13.953  -71.309  -29.838 0.6000000238
137184  -20.814  -74.435  -32.259 0.5000000000
1360  -18.563  -75.983  -31.617 0.6999999881
1348  -20.211  -75.970  -30.988 0.6000000238
137937  -17.974  -76.990  -32.105 0.8000000119
1369  -17.572  -76.294  -33.447 0.8000000119
1076  -18.601  -77.270  -31.697 0.6999999881
1086  -18.633  -77.091  -32.846 0.8000000119
4453  -17.053  -69.564  -31.047 0.8000000119
4452  -16.153  -69.847  -31.192 0.8000000119
5791  -16.795  -67.694  -31.893 0.8000000119
4462  -14.791  -69.780  -32.495 1.0000000000
4483  -13.597  -69.668  -34.181 0.8999999762
3869  -13.539  -70.396  -33.762 0.8999999762
3882  -13.524  -70.440  -35.733 0.8999999762
3273  -13.482  -71.044  -33.192 0.8999999762
3282  -14.252  -71.500  -35.445 0.8999999762
2177  -20.162  -73.395  -32.758 0.5000000000
1361  -20.236  -75.309  -31.645 0.5000000000
1054  -20.023  -76.926  -29.975 0.6000000238
778  -20.407  -77.785  -28.818 0.6000000238
138725  -15.070  -73.097  -35.484 0.8999999762
1347  -18.983  -76.427  -31.047 0.6999999881
777  -19.995  -77.858  -29.179 0.6999999881
3283  -14.840  -72.312  -36.002 0.8999999762
2733  -16.336  -73.277  -36.065 0.8999999762
120507  -17.456  -73.831  -36.144 1.0000000000
2734  -17.016  -73.368  -36.142 0.8999999762
1371  -19.430  -76.729  -33.978 0.8000000119
800  -19.684  -77.855  -31.179 0.6999999881
1743  -19.942  -75.179  -35.447 1.0000000000
1372  -20.744  -76.442  -34.204 0.8000000119
1078  -21.020  -76.906  -33.053 0.8000000119
126584  -16.624  -69.343  -25.554 0.6999999881
4454  -17.843  -69.085  -30.738 0.6999999881
4463  -15.475  -69.850  -31.723 0.8000000119
5790  -16.023  -67.501  -31.809 0.8999999762
3881  -13.340  -69.981  -34.833 1.0000000000
3294  -14.235  -71.175  -36.685 0.8999999762
535  -20.290  -78.014  -28.904 0.6000000238
524  -21.289  -79.091  -27.304 0.6000000238
1756  -17.342  -75.130  -34.955 0.8000000119
1077  -19.532  -77.297  -32.457 0.8000000119
548  -20.462  -78.293  -29.182 0.6000000238
138698  -21.402  -77.867  -30.452 0.6999999881
538  -21.897  -79.036  -28.003 0.6000000238
1757  -19.564  -74.485  -35.987 1.0000000000
1080  -23.062  -76.564  -32.669 0.6999999881
121254  -17.351  -67.809  -31.362 0.8000000119
4465  -17.440  -68.960  -31.540 0.8000000119
5075  -17.401  -67.773  -27.437 0.8000000119
3831  -15.332  -70.838  -29.036 0.6000000238
4464  -16.741  -69.395  -31.958 0.8000000119
4472  -15.510  -69.133  -33.282 0.8999999762
5792  -16.971  -67.908  -32.363 0.8999999762
4485  -14.833  -68.353  -34.187 1.0000000000
3865  -13.545  -70.660  -32.767 0.8999999762
3266  -13.498  -71.133  -32.213 0.8000000119
2683  -13.733  -71.802  -31.779 0.8000000119
3274  -14.128  -71.699  -33.654 0.8999999762
3895  -13.589  -69.857  -36.782 1.0000000000
2748  -16.115  -72.516  -36.622 0.8999999762
1378  -18.943  -76.102  -34.347 0.8000000119
799  -18.939  -77.646  -30.964 0.6999999881
801  -21.115  -77.421  -31.799 0.8000000119
128393  -21.824  -78.671  -28.625 0.6000000238
2197  -19.194  -73.839  -36.321 1.0000000000
1744  -21.287  -74.931  -35.747 1.0000000000
1065  -22.490  -77.166  -31.921 0.6999999881
130311  -21.828  -77.554  -31.056 0.8000000119
791  -22.202  -77.864  -30.354 0.6000000238
8231  -22.659  -64.910  -40.419 0.8000000119
135428  -21.932  -76.165  -34.220 1.0000000000
1087  -22.478  -76.383  -33.406 0.8000000119
802  -22.991  -77.489  -31.176 0.6999999881
780  -23.699  -78.242  -29.570 0.6000000238
2198  -20.347  -73.613  -36.448 1.0000000000
804  -25.169  -77.371  -31.155 0.8000000119
1375  -24.878  -75.674  -34.187 0.8999999762
1068  -25.568  -76.917  -32.096 0.8000000119
1733  -26.862  -75.001  -34.024 0.8999999762
1069  -26.273  -76.694  -32.047 0.8000000119
5098  -18.781  -68.050  -29.475 0.6000000238
5122  -16.849  -68.256  -32.681 1.0000000000
5121  -16.505  -68.094  -33.560 1.0000000000
5072  -14.567  -68.322  -27.677 0.8999999762
5759  -15.286  -67.592  -29.664 0.8999999762
5133  -16.199  -67.406  -34.832 0.8999999762
5824  -15.908  -66.746  -35.192 1.0000000000
5834  -16.608  -66.543  -35.553 1.0000000000
4486  -15.969  -68.259  -33.894 1.0000000000
5145  -16.305  -66.929  -36.133 1.0000000000
5835  -16.917  -66.483  -35.798 1.0000000000
6540  -17.287  -66.297  -35.343 1.0000000000
123994  -15.385  -67.412  -32.439 0.8999999762
5144  -14.941  -67.005  -36.038 1.0000000000
6528  -17.832  -65.997  -34.533 1.0000000000
5801  -14.242  -67.277  -32.825 0.8999999762
5143  -14.007  -67.555  -36.362 1.0000000000
5826  -17.375  -66.878  -35.563 1.0000000000
5827  -18.243  -67.435  -34.910 1.0000000000
5154  -14.206  -68.188  -37.467 1.0000000000
4512  -16.551  -68.596  -36.628 1.0000000000
4524  -13.945  -69.155  -37.480 1.0000000000
5158  -17.718  -68.452  -35.502 1.0000000000
3307  -14.987  -71.186  -37.350 1.0000000000
4527  -16.500  -69.783  -36.641 1.0000000000
3295  -15.192  -72.083  -36.764 0.8999999762
6587  -17.786  -66.442  -40.800 0.5000000000
3309  -16.808  -71.950  -36.891 1.0000000000
2749  -16.950  -72.674  -36.405 1.0000000000
6588  -18.396  -66.414  -39.926 0.6999999881
2735  -17.692  -72.816  -36.337 1.0000000000
121068  -18.597  -73.054  -36.348 1.0000000000
7395  -20.482  -66.021  -40.176 0.8000000119
1758  -20.829  -74.227  -36.324 1.0000000000
1380  -21.782  -75.838  -35.221 1.0000000000
779  -22.314  -78.333  -29.473 0.6000000238
8229  -20.618  -65.040  -40.816 0.8000000119
8215  -21.823  -65.081  -39.838 0.8000000119
792  -23.356  -77.844  -30.341 0.6000000238
137986  -22.420  -76.005  -34.996 1.0000000000
793  -24.439  -77.757  -30.314 0.6999999881
7412  -23.890  -64.961  -41.939 0.8000000119
1373  -23.027  -76.063  -34.548 1.0000000000
1088  -23.572  -76.266  -33.580 0.8000000119
794  -25.308  -77.594  -30.091 0.8000000119
769  -26.421  -77.530  -28.577 0.6999999881
1056  -25.903  -77.155  -30.637 0.8000000119
1038  -27.184  -76.962  -28.530 0.6999999881
1377  -26.387  -75.639  -33.950 0.8999999762
123729  -26.918  -75.800  -33.386 0.8999999762
1351  -27.345  -75.126  -31.255 0.8000000119
1707  -27.846  -74.455  -30.699 0.8000000119
2178  -27.591  -73.265  -33.253 0.8000000119
3761  -16.320  -70.772  -23.728 0.6000000238
4425  -13.892  -69.038  -27.124 0.8999999762
5113  -17.272  -68.353  -31.851 0.8000000119
139708  -15.939  -67.519  -33.923 0.8999999762
6538  -16.085  -66.286  -35.016 1.0000000000
3819  -12.893  -70.335  -27.231 0.8999999762
119954  -16.618  -67.558  -31.184 0.8999999762
5802  -16.269  -67.660  -32.781 0.8999999762
7314  -16.940  -65.875  -34.818 1.0000000000
7300  -17.398  -65.664  -33.831 1.0000000000
129349  -13.933  -68.040  -28.409 0.8999999762
5743  -14.527  -67.703  -29.016 0.8999999762
5775  -15.014  -67.540  -30.527 0.8999999762
6541  -18.067  -66.613  -34.831 1.0000000000
129099  -13.170  -67.745  -30.130 0.8999999762
5773  -12.695  -67.491  -30.950 0.8999999762
5157  -17.005  -67.776  -36.165 1.0000000000
5146  -17.643  -67.669  -35.515 1.0000000000
4513  -17.362  -69.163  -35.877 1.0000000000
5134  -18.816  -68.081  -34.105 1.0000000000
7372  -15.754  -67.112  -40.472 0.5000000000
3897  -18.069  -69.936  -35.343 1.0000000000
6586  -16.882  -66.534  -40.681 0.5000000000
3896  -17.309  -70.419  -35.999 1.0000000000
7374  -17.366  -66.490  -39.766 0.5000000000
3296  -17.415  -71.447  -36.318 1.0000000000
3898  -18.935  -71.358  -35.342 1.0000000000
7419  -17.819  -67.094  -42.829 0.5000000000
131390  -18.270  -71.967  -36.105 1.0000000000
135051  -19.653  -71.605  -35.227 1.0000000000
3285  -21.190  -72.096  -34.984 1.0000000000
2199  -21.356  -73.691  -36.369 1.0000000000
2725  -21.745  -73.124  -35.802 1.0000000000
3275  -22.925  -71.529  -34.209 0.8999999762
2737  -22.321  -73.817  -36.334 1.0000000000
7420  -18.279  -67.081  -42.988 0.5000000000
6598  -19.623  -67.086  -40.840 0.6999999881
7427  -18.315  -66.259  -43.681 0.5000000000
125859  -20.085  -65.484  -41.585 0.8000000119
1759  -21.916  -74.182  -36.446 1.0000000000
8255  -19.017  -65.643  -43.644 0.5000000000
8230  -21.574  -64.768  -40.563 0.8000000119
1745  -23.273  -74.723  -36.079 1.0000000000
1067  -24.640  -76.984  -32.042 0.8000000119
540  -25.769  -78.354  -28.200 0.6000000238
9121  -19.987  -63.693  -43.707 0.4000000060
8241  -20.385  -64.442  -41.969 0.8000000119
8243  -22.298  -64.546  -41.237 0.8000000119
140662  -24.522  -65.713  -41.074 0.8000000119
1381  -23.640  -75.361  -35.246 0.8999999762
783  -26.035  -77.270  -29.668 0.6999999881
1382  -24.474  -75.127  -34.918 0.8999999762
1384  -26.177  -75.184  -34.571 0.8999999762
138258  -26.054  -76.656  -32.756 0.8999999762
1057  -26.573  -76.597  -30.096 0.8000000119
1363  -27.144  -75.604  -32.456 0.8999999762
1339  -27.019  -75.971  -30.692 0.8000000119
1058  -27.265  -76.044  -29.847 0.6999999881
1039  -27.857  -76.956  -28.250 0.6000000238
1329  -27.939  -75.771  -29.661 0.6999999881
1048  -28.329  -76.510  -29.042 0.6000000238
1750  -27.171  -74.356  -34.483 0.8999999762
3276  -28.733  -71.320  -33.286 0.8000000119
2705  -27.900  -72.754  -32.191 0.8000000119
1708  -28.413  -74.176  -30.640 0.6999999881
2161  -30.070  -73.209  -31.840 0.5000000000
3160  -15.983  -71.845  -22.672 0.6000000238
3187  -14.265  -71.690  -24.631 0.8000000119
132133  -14.157  -70.753  -25.657 0.8999999762
5761  -17.478  -67.475  -29.658 0.8000000119
5073  -15.606  -68.387  -27.468 0.8999999762
5800  -13.461  -67.089  -33.657 0.8999999762
133384  -13.710  -66.794  -34.592 0.8999999762
7312  -15.225  -66.012  -34.579 1.0000000000
6529  -18.639  -66.223  -34.068 1.0000000000
7302  -19.163  -65.811  -33.367 1.0000000000
6530  -19.231  -66.447  -33.561 1.0000000000
122469  -12.407  -66.819  -32.672 0.8999999762
5815  -18.867  -67.072  -34.084 1.0000000000
5816  -19.514  -67.194  -33.236 1.0000000000
138792  -19.233  -67.837  -33.495 1.0000000000
4514  -18.077  -69.117  -35.249 1.0000000000
5135  -19.539  -68.443  -33.654 1.0000000000
4502  -19.496  -69.794  -34.512 1.0000000000
7353  -16.086  -66.452  -39.292 0.5000000000
4487  -20.025  -69.180  -33.956 1.0000000000
130360  -18.104  -70.946  -35.561 1.0000000000
123732  -21.908  -70.297  -34.062 0.8999999762
3286  -22.002  -71.286  -34.316 0.8999999762
7394  -17.365  -66.732  -41.350 0.5000000000
3872  -22.530  -70.629  -34.021 0.8999999762
2724  -20.760  -73.027  -36.050 1.0000000000
3884  -23.568  -71.047  -34.395 0.8999999762
2726  -22.729  -73.225  -35.484 0.8999999762
2200  -24.222  -73.457  -36.280 0.8999999762
3287  -23.554  -72.070  -34.674 0.8999999762
2185  -23.293  -73.778  -36.274 0.8999999762
7398  -23.707  -65.237  -40.795 0.8000000119
1761  -24.563  -73.986  -36.324 0.8999999762
782  -25.531  -77.924  -29.143 0.6999999881
8244  -23.279  -64.880  -41.266 0.8000000119
760  -26.609  -78.161  -27.583 0.6000000238
9122  -20.917  -63.460  -43.541 0.4000000060
8258  -22.118  -64.250  -42.085 0.8000000119
9123  -22.136  -63.728  -44.125 0.5000000000
8259  -22.877  -64.300  -42.729 0.5000000000
7422  -24.754  -65.642  -41.987 0.6999999881
7400  -24.934  -66.585  -40.974 0.8999999762
125388  -26.638  -76.296  -32.736 0.8999999762
135119  -28.910  -76.945  -28.939 0.5000000000
1734  -27.371  -74.221  -33.620 0.8000000119
1330  -28.575  -75.693  -29.815 0.6999999881
1049  -29.061  -76.360  -29.501 0.5000000000
139022  -27.929  -72.483  -33.111 0.8000000119
1717  -29.650  -74.318  -31.074 0.6000000238
2708  -30.127  -72.420  -32.313 0.5000000000
3775  -15.613  -70.638  -24.382 0.6999999881
5091  -16.180  -68.079  -27.990 0.8999999762
7296  -12.757  -65.541  -34.419 1.0000000000
7297  -14.604  -65.623  -34.325 1.0000000000
8147  -16.012  -65.111  -33.300 1.0000000000
7301  -18.354  -65.674  -33.681 1.0000000000
121914  -13.060  -68.421  -28.609 0.8999999762
6527  -11.958  -66.264  -34.352 1.0000000000
7289  -18.749  -65.269  -32.832 1.0000000000
5123  -19.759  -68.013  -32.963 1.0000000000
4489  -21.777  -69.628  -33.449 0.8999999762
3883  -18.820  -70.401  -34.983 1.0000000000
122823  -16.776  -64.841  -37.856 0.8000000119
3870  -20.449  -70.117  -34.333 1.0000000000
128152  -19.616  -70.769  -34.810 1.0000000000
3873  -23.261  -70.339  -33.842 0.8999999762
7356  -19.767  -65.747  -38.689 0.8000000119
117342  -20.917  -65.561  -39.018 0.8000000119
7397  -23.502  -65.179  -39.963 0.8000000119
1747  -24.948  -74.505  -35.487 0.8999999762
1763  -26.309  -74.070  -35.566 0.8999999762
1383  -25.322  -75.108  -34.706 0.8999999762
8260  -24.447  -64.906  -42.678 0.6999999881
1749  -26.672  -74.614  -34.928 0.8999999762
8271  -23.761  -64.282  -43.436 0.5000000000
139247  -24.978  -65.441  -42.493 0.6000000238
7423  -25.497  -65.923  -42.357 0.6999999881
120606  -25.679  -66.834  -41.531 0.6999999881
2204  -27.299  -73.031  -34.985 0.8000000119
2168  -27.471  -73.846  -32.380 0.8000000119
6614  -26.317  -66.241  -42.733 0.6000000238
6609  -26.024  -67.074  -41.559 0.6999999881
5879  -25.535  -68.484  -41.440 0.6999999881
2159  -27.806  -73.339  -31.502 0.8000000119
1698  -28.203  -75.020  -30.316 0.6999999881
8272  -24.801  -64.460  -43.840 0.5000000000
8261  -25.185  -65.202  -43.110 0.6000000238
2150  -28.034  -73.593  -30.889 0.8000000119
3263  -29.161  -71.970  -31.963 0.6999999881
120004  -30.075  -74.113  -31.674 0.4000000060
2169  -30.544  -73.343  -32.685 0.5000000000
8137  -15.529  -64.776  -32.631 1.0000000000
8139  -17.304  -64.818  -32.340 1.0000000000
8140  -18.176  -64.790  -32.236 1.0000000000
7290  -19.579  -65.447  -32.546 1.0000000000
6519  -19.829  -66.325  -32.839 1.0000000000
6520  -20.482  -66.740  -32.056 1.0000000000
5804  -20.147  -67.341  -32.574 1.0000000000
5124  -20.619  -68.167  -32.441 1.0000000000
5136  -20.323  -68.647  -33.230 1.0000000000
4477  -22.522  -69.300  -32.758 0.8999999762
4488  -20.940  -69.311  -33.513 1.0000000000
4490  -22.528  -69.908  -33.629 0.8999999762
140226  -23.169  -69.650  -33.223 0.8999999762
130801  -18.022  -65.400  -38.126 0.8000000119
3284  -20.369  -71.299  -34.815 1.0000000000
3874  -24.079  -70.226  -33.938 0.8999999762
8203  -18.780  -65.538  -38.439 0.8000000119
127877  -20.262  -65.951  -39.183 0.8000000119
7377  -21.773  -65.220  -39.174 0.8000000119
8216  -22.634  -65.099  -39.525 0.8000000119
7396  -20.968  -65.532  -39.568 0.8000000119
3299  -24.513  -71.810  -35.859 0.8999999762
2201  -24.964  -73.472  -36.446 0.8999999762
2739  -26.178  -72.962  -36.240 0.8999999762
2203  -26.693  -73.408  -35.681 0.8999999762
2577  -14.800  -73.073  -22.560 0.8000000119
128990  -15.560  -72.561  -22.238 0.6999999881
2601  -13.926  -72.414  -24.137 0.8000000119
7229  -14.169  -66.267  -26.205 1.0000000000
3193  -12.953  -71.652  -25.666 0.8999999762
3186  -13.468  -71.972  -24.849 0.8000000119
8049  -14.151  -64.956  -26.521 1.0000000000
3209  -12.864  -71.255  -26.317 0.8999999762
3789  -13.478  -71.131  -26.067 0.8999999762
141238  -12.839  -69.835  -27.489 0.8999999762
136056  -12.265  -67.876  -28.901 0.8999999762
5070  -12.866  -69.105  -27.943 0.8999999762
5755  -11.469  -67.226  -29.626 1.0000000000
8108  -15.947  -64.379  -30.566 1.0000000000
8109  -16.903  -64.384  -30.870 1.0000000000
8110  -17.906  -64.164  -30.944 1.0000000000
125855  -18.344  -64.472  -31.542 1.0000000000
5756  -12.070  -67.733  -29.410 0.8999999762
131235  -11.476  -67.003  -30.461 0.8999999762
8104  -11.911  -65.176  -31.036 1.0000000000
8122  -13.050  -64.708  -31.315 1.0000000000
119592  -13.734  -64.715  -31.853 1.0000000000
118804  -15.259  -64.636  -31.006 1.0000000000
8127  -19.626  -64.626  -31.280 1.0000000000
6508  -11.605  -66.058  -31.761 1.0000000000
8134  -11.939  -65.023  -32.719 1.0000000000
7278  -19.980  -65.066  -31.781 1.0000000000
7269  -20.940  -65.205  -30.404 1.0000000000
7291  -20.278  -65.828  -32.055 1.0000000000
7279  -20.568  -65.547  -31.176 1.0000000000
6499  -22.293  -66.621  -29.904 1.0000000000
9016  -13.908  -62.949  -35.976 0.6999999881
9912  -14.645  -62.898  -35.637 0.6999999881
9913  -15.487  -62.937  -35.263 0.8999999762
5777  -22.427  -67.342  -30.218 1.0000000000
8183  -12.618  -64.006  -38.238 0.6999999881
8184  -13.459  -64.478  -38.256 0.6999999881
6510  -21.108  -67.222  -31.454 1.0000000000
9056  -11.508  -63.407  -40.007 0.4000000060
8210  -11.819  -64.477  -40.753 0.6000000238
7369  -12.389  -65.923  -41.294 0.5000000000
7370  -12.885  -65.982  -40.461 0.6000000238
8198  -13.552  -65.388  -39.115 0.6000000238
9045  -14.317  -64.245  -37.504 0.6999999881
9030  -15.559  -63.626  -36.471 0.8000000119
9031  -16.526  -63.678  -36.432 0.8999999762
9019  -18.095  -63.635  -35.510 0.8999999762
9903  -20.416  -63.031  -34.061 0.8999999762
9008  -21.695  -63.582  -34.697 0.8999999762
128390  -22.164  -68.422  -31.382 0.8999999762
5126  -23.071  -68.917  -31.683 0.8999999762
7351  -14.092  -66.312  -40.052 0.6000000238
8186  -14.962  -64.861  -37.873 0.6000000238
9046  -15.978  -64.030  -36.987 0.6999999881
121509  -17.374  -63.633  -35.990 0.8999999762
5125  -22.119  -68.878  -32.116 0.8999999762
9948  -10.750  -61.986  -39.269 0.6000000238
7352  -15.172  -66.342  -39.654 0.6000000238
9047  -16.701  -64.238  -37.243 0.8000000119
8162  -19.824  -63.820  -35.736 0.8999999762
4478  -23.585  -69.360  -32.466 0.8999999762
4479  -24.608  -69.401  -32.438 0.8999999762
8187  -15.918  -64.772  -37.645 0.6000000238
8173  -18.082  -64.285  -37.026 0.8000000119
8174  -18.796  -64.217  -36.799 0.8000000119
8175  -19.634  -64.167  -36.514 0.8999999762
8163  -20.547  -64.028  -36.329 0.8999999762
139568  -21.028  -63.825  -35.961 0.8999999762
127787  -17.543  -64.620  -37.595 0.8000000119
8188  -18.571  -64.726  -37.663 0.8000000119
8189  -19.445  -64.560  -37.362 0.8000000119
123259  -20.976  -64.494  -36.908 0.8999999762
7331  -22.249  -64.723  -36.804 0.8999999762
118186  -21.560  -64.202  -36.361 0.8999999762
4492  -24.808  -69.717  -33.302 0.8999999762
7342  -20.091  -65.025  -37.922 0.8000000119
8191  -20.988  -64.919  -37.648 0.8000000119
7332  -23.595  -65.153  -36.709 0.8999999762
7326  -24.104  -65.749  -35.422 0.8999999762
7317  -25.738  -65.653  -34.214 0.8999999762
3885  -24.215  -70.690  -34.797 0.8999999762
4503  -24.775  -70.011  -34.318 0.8999999762
7358  -21.382  -65.180  -38.283 0.8000000119
125026  -22.816  -65.055  -37.369 0.8999999762
7335  -26.022  -65.792  -35.858 0.8999999762
3288  -24.098  -71.450  -35.078 0.8999999762
123485  -22.510  -65.157  -38.776 0.8999999762
7360  -24.128  -65.283  -38.599 0.8999999762
6561  -25.772  -66.107  -36.887 0.8999999762
5149  -25.787  -68.963  -35.240 0.8999999762
3886  -24.693  -70.389  -35.383 0.8999999762
7379  -24.301  -65.424  -39.522 0.8999999762
7361  -24.918  -65.762  -39.067 0.8999999762
121125  -24.819  -65.498  -38.073 0.8999999762
5159  -25.434  -69.277  -36.193 0.8999999762
3910  -24.392  -71.796  -36.548 0.8999999762
7399  -24.375  -65.575  -40.437 0.8999999762
7345  -25.386  -66.344  -38.590 0.8999999762
118947  -25.357  -67.734  -38.536 0.8999999762
5171  -24.867  -70.362  -37.363 0.8999999762
3311  -24.619  -72.509  -36.616 0.8999999762
7362  -25.126  -66.733  -39.721 0.8999999762
6576  -24.989  -68.122  -39.584 0.8999999762
5849  -25.067  -69.244  -38.449 0.8999999762
3312  -24.712  -72.769  -37.217 0.8999999762
2750  -25.564  -72.870  -36.822 0.8000000119
6591  -24.700  -68.445  -40.662 0.8999999762
5179  -24.952  -70.431  -38.359 0.8000000119
124524  -26.682  -72.576  -36.347 0.8999999762
8273  -25.591  -64.667  -44.299 0.5000000000
5871  -24.816  -69.371  -41.219 0.8000000119
5873  -25.919  -69.700  -40.844 0.8000000119
3913  -27.211  -70.518  -36.473 0.8000000119
2729  -27.673  -72.223  -34.509 0.8000000119
9125  -24.498  -63.673  -44.835 0.5000000000
7428  -25.894  -65.655  -43.533 0.5000000000
5187  -26.571  -70.095  -39.450 0.6999999881
122014  -27.519  -71.133  -35.190 0.8000000119
3271  -30.117  -71.733  -32.946 0.6999999881
6615  -26.900  -66.459  -42.632 0.5000000000
5880  -26.106  -68.658  -41.322 0.6999999881
5866  -26.618  -69.307  -40.004 0.6999999881
134685  -28.708  -70.109  -34.073 0.8000000119
3875  -28.470  -70.815  -33.939 0.8000000119
6620  -27.165  -66.486  -43.830 0.5000000000
133202  -26.777  -68.273  -40.563 0.6999999881
5867  -27.697  -67.687  -39.770 0.6999999881
5181  -28.086  -68.379  -37.254 0.8000000119
3867  -29.128  -71.197  -33.262 0.8000000119
118987  -30.270  -72.191  -34.075 0.4000000060
6600  -27.325  -67.133  -41.069 0.6000000238
5874  -28.483  -67.115  -40.463 0.5000000000
125451  -29.063  -67.472  -39.690 0.5000000000
5850  -28.371  -68.095  -37.939 0.6999999881
5163  -29.049  -68.991  -36.095 0.6999999881
3889  -29.317  -70.113  -34.270 0.6000000238
3878  -29.574  -70.769  -34.044 0.6000000238
3278  -29.916  -71.381  -33.783 0.6000000238
3901  -29.539  -69.995  -35.128 0.6000000238
117033  -30.526  -73.224  -34.099 0.4000000060
5861  -29.755  -67.960  -39.174 0.4000000060
4531  -30.158  -70.382  -37.906 0.4000000060
4518  -29.768  -70.266  -36.593 0.4000000060
132290  -13.860  -74.117  -20.826 0.6000000238
2062  -13.868  -74.138  -22.269 0.8000000119
2067  -13.606  -73.545  -22.694 0.8000000119
6459  -13.161  -66.800  -25.781 1.0000000000
3185  -12.803  -71.938  -24.832 0.8999999762
6458  -12.544  -67.205  -25.355 1.0000000000
7228  -12.905  -66.581  -26.168 1.0000000000
130506  -15.075  -65.609  -26.265 1.0000000000
3170  -12.267  -71.733  -24.589 0.8999999762
131737  -12.599  -67.214  -26.832 1.0000000000
7227  -12.872  -66.251  -26.818 1.0000000000
8056  -13.068  -65.091  -27.256 1.0000000000
8057  -13.556  -64.665  -26.901 1.0000000000
3803  -11.961  -70.355  -26.516 0.8999999762
5711  -12.167  -67.890  -26.294 1.0000000000
6466  -12.337  -66.464  -27.525 1.0000000000
5069  -12.528  -68.594  -27.855 0.8999999762
6479  -11.605  -66.111  -28.290 1.0000000000
116929  -13.041  -64.282  -28.000 1.0000000000
130484  -12.673  -64.103  -29.036 1.0000000000
128872  -11.923  -66.897  -28.318 0.8999999762
138019  -11.346  -65.950  -28.818 1.0000000000
7263  -11.560  -65.352  -29.185 1.0000000000
8095  -12.583  -64.486  -29.716 1.0000000000
8106  -13.337  -64.545  -30.280 1.0000000000
118829  -14.378  -64.460  -29.851 1.0000000000
8098  -15.727  -63.965  -29.844 1.0000000000
8973  -16.490  -63.756  -30.203 1.0000000000
8974  -17.414  -63.623  -30.393 1.0000000000
8112  -19.777  -64.332  -30.583 1.0000000000
7264  -22.194  -65.216  -29.140 1.0000000000
8094  -11.933  -64.943  -29.978 1.0000000000
8111  -18.915  -64.249  -30.987 1.0000000000
8128  -20.252  -64.857  -30.948 1.0000000000
130493  -16.035  -62.537  -34.183 1.0000000000
120805  -20.881  -66.349  -31.331 1.0000000000
6511  -21.647  -66.870  -30.727 1.0000000000
10784  -11.049  -61.141  -33.932 0.8999999762
9949  -11.094  -62.772  -39.027 0.6999999881
9936  -11.137  -62.707  -37.895 0.6999999881
121543  -11.887  -64.197  -39.348 0.6999999881
8197  -12.604  -64.909  -39.325 0.6000000238
9018  -16.660  -63.335  -35.475 0.8999999762
9004  -17.889  -63.275  -34.779 1.0000000000
8998  -21.932  -63.135  -33.984 0.8999999762
5106  -23.585  -68.104  -30.293 0.8999999762
9034  -18.945  -63.912  -35.841 0.8999999762
137087  -23.087  -68.481  -30.878 0.8999999762
5116  -23.915  -68.580  -30.882 0.8999999762
5127  -24.237  -69.039  -31.634 0.8999999762
5118  -25.598  -68.195  -31.395 0.8999999762
7303  -22.913  -66.098  -33.930 0.8999999762
5128  -25.259  -68.904  -31.762 0.8999999762
4480  -25.576  -69.217  -32.651 0.8999999762
8190  -20.284  -64.536  -37.106 0.8000000119
6554  -23.420  -66.815  -35.012 0.8999999762
8176  -21.535  -64.674  -37.082 0.8999999762
6553  -23.182  -66.890  -35.235 0.8999999762
7293  -26.215  -66.183  -32.864 0.8999999762
5137  -26.328  -68.724  -33.177 0.8999999762
4493  -25.605  -69.399  -33.706 0.8999999762
7325  -23.368  -65.669  -35.678 0.8999999762
132222  -26.291  -65.867  -34.768 0.8999999762
6545  -26.711  -66.468  -34.138 0.8999999762
4504  -25.373  -69.566  -34.825 0.8999999762
7334  -25.163  -65.556  -36.305 0.8999999762
127987  -26.529  -66.615  -35.580 0.8999999762
4515  -24.901  -70.052  -36.155 0.8999999762
5841  -25.612  -68.345  -37.236 0.8999999762
5172  -25.424  -69.014  -36.795 0.8999999762
117972  -24.419  -72.248  -38.381 0.8999999762
3300  -27.105  -71.796  -36.149 0.8000000119
5192  -25.239  -70.396  -39.911 0.8000000119
5186  -25.768  -70.728  -39.536 0.8000000119
4542  -25.672  -71.133  -38.848 0.8000000119
3912  -26.863  -71.723  -37.014 0.8000000119
2741  -27.307  -72.135  -35.360 0.8000000119
117911  -26.540  -70.663  -38.903 0.8000000119
131746  -27.419  -70.685  -35.690 0.8000000119
5180  -27.236  -69.307  -37.490 0.8000000119
137559  -27.342  -69.694  -36.730 0.8000000119
5173  -28.694  -68.623  -36.697 0.8000000119
6601  -28.625  -66.787  -41.306 0.4000000060
4530  -29.567  -69.497  -36.816 0.5000000000
3902  -29.824  -70.988  -36.021 0.5000000000
3290  -29.877  -71.475  -34.943 0.5000000000
117101  -29.985  -72.619  -35.460 0.4000000060
136577  -13.005  -73.415  -22.483 0.8000000119
7213  -16.972  -66.598  -23.702 1.0000000000
3171  -12.326  -71.725  -23.369 0.8999999762
6460  -14.273  -67.296  -25.278 1.0000000000
134378  -16.347  -67.086  -23.803 1.0000000000
7223  -16.774  -66.329  -24.711 1.0000000000
135981  -12.801  -67.306  -24.601 1.0000000000
7231  -16.017  -66.081  -25.741 1.0000000000
8051  -16.661  -65.221  -25.655 1.0000000000
8060  -16.421  -64.053  -25.993 1.0000000000
119227  -17.092  -64.576  -25.552 1.0000000000
141093  -11.767  -70.339  -25.972 0.8999999762
8924  -15.122  -63.383  -26.743 1.0000000000
120399  -15.942  -63.368  -26.436 1.0000000000
128726  -11.730  -69.577  -25.968 0.8999999762
9792  -15.948  -62.642  -26.877 1.0000000000
9793  -17.024  -62.270  -26.711 1.0000000000
119097  -18.187  -62.157  -26.608 1.0000000000
5723  -12.430  -67.625  -27.465 1.0000000000
8065  -12.523  -64.803  -27.824 1.0000000000
8931  -13.742  -63.821  -27.739 1.0000000000
8944  -14.569  -63.298  -27.877 1.0000000000
8945  -15.302  -62.875  -28.297 1.0000000000
9839  -17.473  -62.350  -29.298 1.0000000000
8963  -17.907  -62.782  -30.024 1.0000000000
8064  -11.973  -65.253  -27.958 1.0000000000
8960  -14.590  -64.103  -29.062 1.0000000000
8097  -15.090  -64.259  -29.579 1.0000000000
121705  -16.074  -63.073  -29.674 1.0000000000
9838  -16.531  -62.520  -29.195 1.0000000000
8975  -18.383  -63.574  -30.431 1.0000000000
8964  -18.858  -62.993  -29.859 1.0000000000
8965  -19.711  -63.326  -29.491 1.0000000000
8099  -20.942  -64.300  -29.360 1.0000000000
7280  -21.434  -65.985  -30.432 1.0000000000
6489  -22.265  -65.910  -29.502 1.0000000000
9888  -17.080  -62.545  -33.415 1.0000000000
6491  -23.205  -66.190  -29.116 1.0000000000
5765  -23.391  -66.861  -29.494 1.0000000000
125145  -10.668  -62.085  -38.116 0.6999999881
9043  -11.722  -63.183  -37.399 0.6999999881
8211  -12.145  -65.214  -40.485 0.6000000238
133634  -17.419  -63.412  -35.294 1.0000000000
9900  -17.506  -62.928  -34.085 1.0000000000
5778  -23.185  -67.549  -29.876 0.8999999762
5779  -23.900  -67.525  -29.908 0.8999999762
9005  -18.846  -63.465  -34.934 0.8999999762
5107  -24.382  -68.039  -30.429 0.8999999762
10845  -10.538  -61.015  -39.946 0.4000000060
8153  -22.653  -65.292  -34.482 0.8999999762
6532  -23.085  -66.663  -34.183 0.8999999762
5129  -26.199  -68.330  -32.094 0.8999999762
5795  -26.086  -67.389  -31.530 0.8999999762
8165  -22.633  -64.685  -35.859 0.8999999762
7306  -25.826  -65.887  -33.265 0.8999999762
6524  -26.498  -66.682  -32.646 0.8999999762
5817  -26.830  -67.379  -33.491 0.8999999762
8166  -22.992  -65.036  -36.231 0.8999999762
7327  -25.463  -65.525  -35.189 0.8999999762
5138  -26.730  -68.151  -33.783 0.8999999762
4494  -26.197  -68.848  -34.216 0.8999999762
5828  -26.902  -67.354  -34.289 0.8999999762
5160  -26.076  -68.379  -35.641 0.8999999762
5842  -26.148  -67.717  -36.122 0.8999999762
132715  -25.593  -66.460  -37.762 0.8999999762
120946  -25.505  -72.240  -38.440 0.8000000119
4538  -26.515  -71.033  -38.300 0.8000000119
6602  -29.840  -67.165  -41.325 0.4000000060
133420  -29.333  -68.966  -37.064 0.6000000238
121128  -29.943  -69.633  -37.846 0.5000000000
5862  -31.119  -68.742  -39.675 0.4000000060
2576  -12.528  -73.374  -21.638 0.8000000119
7192  -16.898  -65.865  -22.623 1.0000000000
6453  -14.576  -67.546  -24.165 1.0000000000
6443  -14.941  -67.161  -23.424 1.0000000000
7214  -17.292  -66.116  -23.243 1.0000000000
7215  -18.029  -65.520  -23.647 1.0000000000
3159  -12.047  -71.680  -22.244 0.8000000119
2563  -12.099  -72.458  -21.542 0.8000000119
6452  -13.554  -67.400  -24.427 1.0000000000
126837  -17.791  -65.322  -24.480 1.0000000000
139490  -11.940  -71.012  -22.682 0.8999999762
8037  -17.287  -65.357  -24.991 1.0000000000
126018  -18.997  -64.459  -24.495 1.0000000000
4395  -11.600  -69.156  -24.999 1.0000000000
6450  -12.172  -67.356  -24.987 1.0000000000
6457  -12.641  -66.950  -26.035 1.0000000000
120910  -18.092  -63.502  -25.456 1.0000000000
8053  -18.590  -64.100  -24.965 1.0000000000
8917  -19.849  -63.305  -25.321 1.0000000000
5705  -12.351  -67.153  -25.847 1.0000000000
8925  -16.670  -63.022  -26.223 1.0000000000
8926  -17.584  -62.771  -25.976 1.0000000000
130765  -13.279  -64.419  -27.420 1.0000000000
8932  -14.424  -63.504  -27.242 1.0000000000
9794  -19.778  -62.521  -26.419 1.0000000000
9804  -20.055  -62.397  -27.051 1.0000000000
8933  -15.144  -62.903  -27.401 1.0000000000
9801  -16.540  -62.199  -27.569 1.0000000000
9802  -17.537  -61.905  -27.532 1.0000000000
137637  -19.463  -62.262  -27.560 1.0000000000
123871  -20.172  -62.617  -27.748 1.0000000000
9841  -19.308  -62.753  -29.196 1.0000000000
9818  -16.147  -62.474  -28.379 1.0000000000
8977  -20.104  -64.010  -29.817 1.0000000000
7252  -22.741  -64.829  -28.635 1.0000000000
9911  -12.932  -62.780  -35.823 0.6999999881
9886  -15.371  -62.232  -33.865 1.0000000000
9868  -16.604  -62.114  -32.671 1.0000000000
10774  -17.900  -62.074  -32.191 1.0000000000
116742  -13.917  -62.604  -35.257 0.8999999762
9885  -14.367  -62.059  -33.916 1.0000000000
9887  -16.254  -62.335  -33.540 1.0000000000
7266  -23.286  -65.565  -28.999 1.0000000000
9897  -14.770  -62.482  -34.734 1.0000000000
10775  -18.604  -61.940  -32.055 1.0000000000
117368  -23.616  -66.241  -29.391 1.0000000000
9935  -10.830  -62.196  -37.189 0.6999999881
117830  -11.354  -62.644  -36.852 0.6999999881
9926  -11.921  -62.956  -36.384 0.6999999881
9029  -12.526  -63.414  -37.069 0.6999999881
122854  -16.700  -62.710  -34.133 1.0000000000
9901  -18.385  -63.102  -34.086 1.0000000000
9902  -19.348  -63.128  -34.094 1.0000000000
9904  -21.217  -63.152  -34.293 0.8999999762
126250  -24.031  -66.049  -29.958 0.8999999762
6512  -24.483  -66.420  -30.632 0.8999999762
10821  -10.394  -61.512  -37.510 0.6999999881
6500  -24.028  -66.838  -29.814 1.0000000000
6513  -25.026  -66.821  -30.969 0.8999999762
9009  -22.467  -63.997  -34.400 0.8999999762
8149  -23.562  -65.156  -32.977 0.8999999762
6514  -25.783  -66.770  -31.337 0.8999999762
11686  -9.943  -60.574  -39.330 0.4000000060
6531  -22.811  -66.959  -34.567 0.8999999762
7304  -23.598  -66.039  -33.186 0.8999999762
6523  -26.241  -66.436  -31.974 0.8999999762
3135  -11.670  -71.479  -20.399 0.6999999881
2543  -11.891  -72.551  -19.047 0.6000000238
7211  -14.392  -66.401  -23.081 1.0000000000
7191  -15.937  -66.095  -22.660 1.0000000000
7193  -17.830  -65.572  -22.709 1.0000000000
6442  -13.971  -67.125  -23.548 1.0000000000
7212  -15.224  -66.554  -22.972 1.0000000000
8002  -18.563  -65.074  -22.417 1.0000000000
6441  -12.981  -67.061  -23.626 1.0000000000
7194  -18.529  -65.293  -23.100 1.0000000000
8023  -19.900  -64.709  -23.556 1.0000000000
3760  -11.632  -70.003  -24.190 1.0000000000
8039  -19.723  -64.398  -24.269 1.0000000000
5042  -11.614  -68.585  -24.076 1.0000000000
5698  -11.838  -67.719  -24.430 1.0000000000
8903  -19.406  -63.880  -24.833 1.0000000000
8904  -20.436  -63.805  -24.730 1.0000000000
137413  -20.683  -63.205  -25.311 1.0000000000
118937  -11.668  -68.242  -24.848 1.0000000000
9786  -20.303  -62.817  -25.838 1.0000000000
8946  -20.163  -63.036  -28.576 1.0000000000
123234  -22.432  -64.018  -28.431 1.0000000000
9822  -21.213  -63.097  -27.663 1.0000000000
131323  -21.879  -63.490  -28.036 1.0000000000
11626  -10.950  -60.486  -32.561 1.0000000000
10771  -15.093  -61.734  -32.323 1.0000000000
9895  -12.484  -61.954  -34.217 0.8999999762
9884  -13.446  -61.972  -34.006 0.8999999762
10772  -15.904  -61.785  -32.124 1.0000000000
10753  -16.956  -61.517  -31.391 1.0000000000
10754  -17.859  -61.646  -31.496 1.0000000000
9846  -23.400  -62.432  -30.388 1.0000000000
8948  -22.824  -63.772  -28.523 1.0000000000
122510  -23.288  -64.821  -28.897 1.0000000000
10776  -19.489  -61.829  -31.994 1.0000000000
8101  -23.443  -64.024  -29.465 1.0000000000
120126  -23.579  -64.934  -29.474 1.0000000000
10798  -10.427  -61.254  -35.772 0.6999999881
10809  -10.935  -61.904  -35.771 0.6999999881
10799  -11.391  -62.090  -35.218 0.8000000119
9910  -12.481  -62.344  -35.028 0.8000000119
9889  -17.930  -62.729  -33.376 1.0000000000
9872  -20.052  -62.235  -32.586 1.0000000000
122632  -20.777  -62.497  -33.217 1.0000000000
8115  -23.804  -65.191  -30.201 1.0000000000
11671  -9.910  -60.803  -38.039 0.6999999881
9893  -22.369  -62.749  -33.267 1.0000000000
8999  -22.795  -63.493  -33.716 0.8999999762
131689  -21.608  -62.632  -33.426 1.0000000000
7292  -23.951  -65.812  -31.925 0.8999999762
6521  -24.556  -65.812  -32.006 0.8999999762
12514  -9.387  -59.443  -38.271 0.6000000238
6533  -24.822  -66.176  -32.935 0.8999999762
6522  -25.685  -66.008  -31.674 0.8999999762
136709  -11.518  -71.095  -19.534 0.6000000238
7984  -14.596  -64.427  -22.482 1.0000000000
7988  -18.576  -64.745  -21.515 1.0000000000
3731  -11.764  -70.847  -21.932 0.8999999762
7210  -13.420  -66.238  -23.188 1.0000000000
5035  -11.565  -68.447  -23.086 1.0000000000
126569  -11.604  -70.030  -21.697 0.8999999762
6440  -12.363  -66.916  -23.245 1.0000000000
124912  -19.326  -64.779  -22.145 1.0000000000
117252  -19.218  -64.954  -22.960 1.0000000000
119189  -12.167  -67.445  -23.905 1.0000000000
6451  -12.440  -67.391  -24.199 1.0000000000
9787  -21.479  -62.804  -25.642 1.0000000000
9795  -20.825  -62.607  -26.475 1.0000000000
9805  -20.918  -62.615  -27.127 1.0000000000
9806  -21.969  -62.557  -27.017 1.0000000000
9823  -22.391  -62.766  -27.554 1.0000000000
119320  -12.498  -61.229  -27.846 1.0000000000
116659  -22.655  -63.154  -28.128 1.0000000000
10747  -11.418  -60.617  -31.242 1.0000000000
132706  -13.331  -61.021  -27.827 1.0000000000
11579  -14.034  -60.679  -28.206 1.0000000000
10751  -15.321  -61.486  -31.576 1.0000000000
10752  -16.116  -61.435  -31.349 1.0000000000
10739  -17.380  -61.208  -30.773 1.0000000000
9807  -22.529  -61.881  -27.238 1.0000000000
11617  -10.986  -60.380  -31.542 1.0000000000
133387  -13.083  -61.638  -32.659 0.8999999762
131343  -14.411  -61.533  -31.709 1.0000000000
10741  -19.525  -61.297  -30.573 1.0000000000
8949  -23.154  -63.441  -29.043 1.0000000000
9865  -13.788  -61.802  -33.111 0.8999999762
10755  -18.869  -61.482  -31.263 1.0000000000
10756  -19.898  -61.448  -31.366 1.0000000000
10750  -13.471  -61.412  -31.474 1.0000000000
131405  -23.720  -64.229  -30.340 1.0000000000
10791  -10.881  -61.511  -34.802 0.8000000119
131420  -11.298  -61.492  -34.187 0.8000000119
9894  -11.858  -62.110  -34.766 0.8000000119
9852  -22.147  -62.130  -31.958 1.0000000000
8986  -23.735  -63.550  -31.257 1.0000000000
8129  -23.878  -64.586  -31.157 1.0000000000
11640  -9.957  -60.261  -34.878 0.8000000119
8994  -23.151  -63.195  -32.882 1.0000000000
8141  -23.816  -65.159  -31.869 0.8999999762
7281  -24.073  -65.587  -30.904 0.8999999762
128337  -9.582  -59.707  -35.590 0.8000000119
9000  -23.331  -64.038  -33.216 0.8999999762
11655  -9.520  -60.007  -36.521 0.6999999881
121491  -9.310  -58.877  -35.513 0.8000000119
13427  -9.154  -58.705  -38.196 0.5000000000
3113  -11.660  -71.749  -18.617 0.5000000000
123711  -11.601  -70.485  -20.338 0.6000000238
7998  -13.443  -64.229  -22.854 1.0000000000
8000  -16.383  -65.016  -22.130 1.0000000000
7986  -16.308  -64.241  -21.345 1.0000000000
4345  -11.556  -69.133  -21.195 0.8000000119
116792  -11.686  -69.999  -20.957 0.6999999881
8020  -12.973  -65.059  -23.073 1.0000000000
8021  -13.918  -65.271  -22.983 1.0000000000
7999  -15.501  -65.022  -22.417 1.0000000000
4361  -11.522  -69.320  -22.452 1.0000000000
7208  -12.210  -65.976  -22.783 1.0000000000
7209  -12.661  -66.092  -23.068 1.0000000000
7190  -14.942  -65.649  -22.735 1.0000000000
7987  -17.617  -64.716  -21.424 1.0000000000
7978  -18.036  -64.206  -20.677 1.0000000000
5019  -11.565  -68.391  -22.123 1.0000000000
122129  -12.003  -67.144  -23.161 1.0000000000
135155  -19.457  -64.525  -21.427 1.0000000000
5693  -11.788  -67.759  -23.588 1.0000000000
8003  -20.050  -64.690  -22.707 1.0000000000
8883  -21.371  -63.255  -21.773 1.0000000000
121557  -21.607  -64.210  -22.977 1.0000000000
8041  -21.546  -64.187  -23.755 1.0000000000
7989  -20.820  -63.932  -21.724 1.0000000000
8006  -22.343  -63.421  -22.929 1.0000000000
123842  -21.323  -63.971  -24.382 1.0000000000
136705  -22.499  -62.845  -24.299 1.0000000000
8893  -22.010  -63.330  -22.527 1.0000000000
8906  -22.548  -63.136  -23.751 1.0000000000
8919  -22.233  -62.788  -24.887 1.0000000000
10699  -11.891  -61.352  -27.065 1.0000000000
10700  -12.947  -61.193  -26.996 1.0000000000
9777  -22.051  -62.695  -22.778 1.0000000000
9788  -22.606  -62.149  -25.578 1.0000000000
9796  -21.956  -62.562  -26.353 1.0000000000
10672  -21.937  -61.337  -24.177 1.0000000000
10673  -22.517  -61.759  -24.329 1.0000000000
9797  -22.582  -61.900  -26.452 1.0000000000
119087  -15.707  -60.231  -26.175 1.0000000000
11534  -19.481  -60.356  -25.491 1.0000000000
11546  -19.345  -60.052  -26.180 1.0000000000
11536  -22.268  -60.339  -25.647 1.0000000000
129208  -22.825  -60.704  -26.155 1.0000000000
9825  -22.897  -62.830  -28.676 1.0000000000
119819  -10.856  -60.796  -29.858 1.0000000000
11560  -14.774  -60.316  -27.551 1.0000000000
132138  -15.945  -61.113  -30.687 1.0000000000
10738  -16.594  -61.138  -30.732 1.0000000000
11564  -19.595  -60.189  -27.394 1.0000000000
11566  -21.891  -60.304  -27.247 1.0000000000
10701  -22.660  -61.341  -27.415 1.0000000000
9824  -22.806  -62.060  -28.095 1.0000000000
137620  -21.373  -60.560  -28.638 1.0000000000
10730  -22.943  -61.644  -29.620 1.0000000000
9843  -23.181  -62.439  -29.523 1.0000000000
10735  -13.358  -61.179  -30.667 1.0000000000
134941  -14.274  -61.067  -30.164 1.0000000000
11607  -15.319  -60.957  -30.263 1.0000000000
10742  -20.492  -61.242  -30.736 1.0000000000
8978  -23.571  -63.286  -30.419 1.0000000000
11625  -10.284  -60.017  -33.035 1.0000000000
119913  -11.743  -60.753  -31.917 0.8999999762
129110  -21.344  -61.334  -31.058 1.0000000000
9854  -23.469  -62.642  -31.138 1.0000000000
11635  -10.683  -60.604  -33.511 0.8000000119
10785  -11.532  -61.227  -33.512 0.8999999762
10786  -12.070  -61.505  -33.435 0.8999999762
9853  -22.899  -62.269  -31.622 1.0000000000
11634  -10.065  -60.128  -33.964 0.8000000119
9875  -23.363  -62.979  -31.965 1.0000000000
12482  -9.676  -59.316  -34.619 0.8000000119
13411  -9.030  -58.573  -37.218 0.6000000238
14466  -8.794  -57.806  -37.149 0.5000000000
13397  -8.971  -58.402  -36.268 0.6999999881
3699  -11.413  -70.167  -18.063 0.5000000000
4321  -11.440  -69.452  -19.144 0.6000000238
139904  -11.587  -69.740  -20.408 0.6999999881
4993  -11.529  -68.318  -20.600 0.8999999762
7977  -17.044  -64.282  -20.855 1.0000000000
136362  -11.697  -67.636  -21.869 1.0000000000
6424  -12.004  -66.374  -22.775 1.0000000000
139340  -18.002  -63.821  -20.077 1.0000000000
5678  -11.719  -67.681  -22.739 1.0000000000
7980  -20.069  -64.105  -20.971 1.0000000000
8871  -18.657  -63.896  -20.049 1.0000000000
136268  -20.115  -64.422  -21.886 1.0000000000
139730  -20.232  -63.602  -20.314 1.0000000000
9768  -21.811  -62.947  -22.281 1.0000000000
8874  -21.070  -62.954  -20.948 1.0000000000
9778  -22.474  -62.715  -23.397 1.0000000000
11537  -22.854  -60.856  -25.509 1.0000000000
10690  -13.988  -61.084  -26.034 1.0000000000
10642  -21.350  -62.556  -22.069 1.0000000000
133233  -20.126  -61.723  -23.394 1.0000000000
127000  -20.507  -60.496  -25.149 1.0000000000
11549  -22.620  -60.737  -26.909 1.0000000000
123438  -11.579  -61.371  -27.841 1.0000000000
11544  -17.338  -60.012  -26.426 1.0000000000
11545  -18.351  -60.089  -26.528 1.0000000000
10729  -22.768  -61.279  -28.844 1.0000000000
11596  -15.614  -60.582  -29.416 1.0000000000
11581  -16.780  -60.199  -28.488 1.0000000000
135719  -18.240  -60.339  -28.522 1.0000000000
11599  -18.946  -60.564  -28.961 1.0000000000
124915  -19.700  -60.594  -28.857 1.0000000000
119707  -22.403  -61.181  -29.696 1.0000000000
136643  -11.152  -61.008  -29.749 1.0000000000
11594  -14.079  -60.754  -29.161 1.0000000000
11595  -14.846  -60.735  -29.522 1.0000000000
11597  -16.491  -60.502  -29.327 1.0000000000
11598  -17.451  -60.499  -29.208 1.0000000000
131830  -18.390  -60.734  -29.468 1.0000000000
11611  -19.323  -60.989  -29.638 1.0000000000
11600  -20.231  -60.848  -29.430 1.0000000000
10744  -22.752  -61.537  -30.375 1.0000000000
10748  -11.694  -60.776  -31.236 1.0000000000
10727  -13.278  -61.022  -29.750 1.0000000000
10743  -21.978  -61.264  -30.455 1.0000000000
11616  -10.387  -59.881  -32.007 1.0000000000
12471  -9.875  -59.310  -33.569 0.8999999762
120249  -9.483  -58.533  -34.022 0.8000000119
13385  -9.273  -58.444  -34.841 0.8000000119
14426  -9.175  -57.718  -33.610 0.8000000119
137155  -11.063  -68.452  -16.091 0.5000000000
5622  -10.738  -67.620  -15.678 0.5000000000
5633  -11.009  -67.668  -16.688 0.5000000000
4312  -11.363  -69.343  -18.410 0.6000000238
8891  -12.938  -63.523  -22.521 1.0000000000
4981  -11.546  -68.236  -19.719 0.6999999881
7997  -12.526  -64.150  -22.878 1.0000000000
8880  -14.773  -63.731  -21.746 1.0000000000
8881  -15.507  -63.783  -21.109 1.0000000000
8869  -16.235  -63.709  -20.342 1.0000000000
118488  -11.648  -66.962  -20.740 0.8999999762
7189  -11.810  -65.405  -22.454 1.0000000000
8892  -13.852  -63.664  -22.196 1.0000000000
128601  -11.782  -66.938  -21.560 1.0000000000
6418  -11.769  -66.194  -22.103 1.0000000000
7985  -15.527  -64.234  -21.942 1.0000000000
118706  -11.925  -66.973  -22.399 1.0000000000
8859  -19.094  -63.583  -19.256 1.0000000000
8872  -19.582  -63.877  -20.088 1.0000000000
8882  -20.737  -63.484  -20.985 1.0000000000
10689  -13.095  -61.315  -26.041 1.0000000000
119392  -21.279  -62.307  -22.694 1.0000000000
11531  -16.203  -60.522  -25.682 1.0000000000
10669  -18.633  -61.546  -24.062 1.0000000000
11548  -21.340  -59.979  -26.349 1.0000000000
11542  -15.208  -60.196  -26.729 1.0000000000
11565  -20.692  -60.181  -27.264 1.0000000000
11602  -22.048  -60.720  -29.010 1.0000000000
10713  -11.195  -61.365  -28.491 1.0000000000
118919  -12.000  -61.257  -28.614 1.0000000000
118101  -16.785  -59.805  -27.025 1.0000000000
118100  -17.630  -59.936  -27.180 1.0000000000
11582  -19.167  -60.352  -28.228 1.0000000000
11583  -20.114  -60.380  -28.079 1.0000000000
11584  -21.106  -60.416  -28.010 1.0000000000
134461  -13.108  -61.031  -28.702 1.0000000000
118539  -14.950  -60.428  -28.628 1.0000000000
11580  -15.923  -60.305  -28.576 1.0000000000
10726  -12.313  -61.124  -29.473 1.0000000000
12455  -9.920  -59.596  -30.536 1.0000000000
13351  -9.665  -58.550  -32.284 1.0000000000
14414  -9.303  -57.808  -32.642 1.0000000000
14453  -8.680  -57.145  -35.340 0.6999999881
14454  -8.732  -57.615  -36.061 0.6000000238
14480  -8.806  -57.092  -38.127 0.4000000060
15534  -8.495  -56.582  -36.313 0.5000000000
5638  -11.398  -67.284  -18.538 0.6000000238
5658  -11.564  -67.599  -20.272 0.8000000119
5647  -11.520  -67.467  -19.474 0.6000000238
8867  -14.422  -63.434  -20.233 1.0000000000
8857  -15.676  -63.368  -19.426 1.0000000000
8845  -16.114  -63.166  -18.876 1.0000000000
117916  -11.589  -66.261  -21.229 1.0000000000
123509  -14.051  -63.559  -21.118 1.0000000000
8846  -16.881  -63.203  -18.791 1.0000000000
8870  -17.310  -63.726  -20.026 1.0000000000
129056  -18.083  -63.528  -19.391 1.0000000000
8860  -20.052  -63.360  -19.390 1.0000000000
8849  -20.239  -62.799  -18.527 1.0000000000
9753  -20.967  -62.398  -20.421 1.0000000000
119329  -21.092  -61.748  -20.575 1.0000000000
10641  -20.830  -61.944  -21.871 1.0000000000
10653  -17.064  -61.725  -23.677 1.0000000000
10657  -20.314  -61.741  -22.575 1.0000000000
10670  -19.486  -61.600  -23.764 1.0000000000
137166  -15.548  -60.763  -25.659 1.0000000000
10682  -15.886  -61.293  -25.107 1.0000000000
10639  -18.878  -61.155  -22.556 1.0000000000
10723  -10.413  -60.700  -29.298 1.0000000000
9775  -13.433  -62.160  -23.912 1.0000000000
11541  -14.402  -60.592  -26.703 1.0000000000
11530  -14.881  -60.699  -25.977 1.0000000000
11532  -17.002  -60.384  -25.733 1.0000000000
135216  -18.703  -60.257  -25.817 1.0000000000
123342  -10.302  -60.303  -30.059 1.0000000000
10687  -11.230  -61.387  -26.394 1.0000000000
11516  -13.243  -61.358  -22.820 1.0000000000
11543  -16.485  -60.040  -26.306 1.0000000000
117685  -16.224  -59.983  -27.691 1.0000000000
11593  -9.951  -60.200  -29.356 1.0000000000
11578  -10.048  -60.449  -28.704 1.0000000000
10686  -10.284  -60.852  -27.107 1.0000000000
132103  -9.651  -59.102  -30.281 1.0000000000
13333  -9.705  -58.655  -31.493 1.0000000000
14396  -8.985  -57.151  -32.051 0.8999999762
15521  -8.455  -56.420  -35.017 0.8000000119
129094  -8.560  -56.594  -34.138 0.8000000119
7150  -10.589  -65.501  -16.417 0.5000000000
5632  -10.759  -66.908  -16.408 0.5000000000
5636  -11.214  -67.540  -17.586 0.6000000238
6379  -10.896  -66.233  -17.068 0.6000000238
7157  -10.658  -65.286  -17.354 0.6000000238
6388  -11.273  -66.480  -18.529 0.6000000238
6380  -11.208  -66.735  -17.813 0.6000000238
6397  -11.413  -66.596  -19.371 0.8000000119
8890  -12.075  -63.460  -22.573 1.0000000000
8878  -12.486  -63.125  -21.897 1.0000000000
8879  -13.200  -63.378  -21.351 1.0000000000
7177  -11.201  -65.631  -20.832 1.0000000000
126117  -11.221  -64.569  -22.201 1.0000000000
9743  -16.000  -62.413  -18.902 1.0000000000
8889  -11.319  -63.380  -22.378 1.0000000000
9760  -12.155  -62.442  -21.673 1.0000000000
9750  -12.850  -62.882  -20.748 1.0000000000
9741  -14.631  -62.636  -19.359 1.0000000000
9728  -16.595  -62.896  -18.650 1.0000000000
10607  -17.827  -62.056  -18.392 1.0000000000
7983  -10.438  -63.900  -21.755 1.0000000000
9766  -11.030  -62.818  -22.169 1.0000000000
10621  -12.457  -61.971  -20.788 1.0000000000
9740  -13.951  -62.383  -19.704 1.0000000000
8847  -17.692  -63.224  -18.656 1.0000000000
10629  -11.827  -61.578  -21.655 1.0000000000
10622  -13.851  -61.513  -19.862 1.0000000000
10608  -18.867  -61.971  -17.867 1.0000000000
9731  -19.694  -62.483  -17.843 1.0000000000
10688  -12.129  -61.362  -26.163 1.0000000000
9732  -20.421  -62.084  -18.233 1.0000000000
11483  -20.968  -60.460  -19.050 1.0000000000
10617  -21.216  -61.118  -19.414 1.0000000000
11498  -20.748  -60.393  -20.733 1.0000000000
10637  -15.992  -61.466  -22.769 1.0000000000
128310  -20.733  -59.895  -20.370 1.0000000000
11497  -20.392  -60.181  -21.296 1.0000000000
12393  -20.494  -59.204  -21.328 1.0000000000
11507  -17.334  -60.912  -22.461 1.0000000000
12406  -19.797  -59.644  -21.995 1.0000000000
13259  -20.945  -58.034  -22.387 1.0000000000
12449  -9.709  -59.640  -28.859 1.0000000000
10651  -14.607  -62.093  -23.484 1.0000000000
11506  -16.443  -60.982  -22.449 1.0000000000
12405  -19.138  -59.597  -22.355 1.0000000000
14297  -20.959  -57.348  -22.487 1.0000000000
11558  -9.952  -60.314  -27.210 1.0000000000
130326  -12.170  -61.892  -24.105 1.0000000000
10635  -14.133  -61.457  -22.762 1.0000000000
11505  -15.519  -60.785  -22.352 1.0000000000
12403  -16.081  -60.183  -22.388 1.0000000000
12404  -17.650  -60.072  -22.436 1.0000000000
13257  -19.451  -58.526  -22.890 1.0000000000
13270  -19.180  -57.884  -23.326 1.0000000000
11539  -10.262  -60.625  -26.422 1.0000000000
11520  -11.678  -60.849  -24.417 1.0000000000
12418  -16.784  -59.610  -22.728 1.0000000000
135151  -17.537  -59.041  -22.926 1.0000000000
11529  -11.365  -60.902  -25.311 1.0000000000
12424  -11.661  -59.966  -24.457 1.0000000000
12414  -13.057  -60.367  -22.843 1.0000000000
13268  -16.823  -58.386  -23.450 1.0000000000
13269  -18.093  -58.121  -23.427 1.0000000000
13314  -9.396  -58.749  -29.121 1.0000000000
125745  -9.461  -58.100  -30.906 1.0000000000
14382  -9.026  -57.339  -31.149 1.0000000000
16514  -8.320  -55.924  -34.243 0.6999999881
16494  -8.506  -56.290  -33.391 0.8999999762
14413  -8.876  -57.066  -32.967 0.8999999762
16550  -8.175  -55.553  -37.306 0.6000000238
16534  -8.187  -55.648  -35.950 0.6000000238
117239  -10.661  -64.220  -15.362 0.5000000000
6387  -11.016  -65.977  -18.011 0.6000000238
7172  -11.101  -65.783  -19.842 0.8000000119
7171  -10.662  -65.148  -19.337 0.8000000119
9752  -14.162  -63.036  -19.809 1.0000000000
7183  -10.817  -64.807  -21.382 1.0000000000
9759  -11.451  -62.245  -21.935 1.0000000000
10606  -16.894  -62.179  -18.744 1.0000000000
124563  -17.352  -58.692  -19.357 1.0000000000
10628  -11.130  -61.425  -21.970 1.0000000000
11496  -12.357  -60.940  -21.146 1.0000000000
11489  -13.850  -60.540  -20.225 1.0000000000
10615  -17.394  -61.212  -19.063 1.0000000000
12366  -19.019  -60.005  -18.471 1.0000000000
12373  -17.767  -59.289  -19.399 1.0000000000
12367  -19.957  -59.869  -18.563 1.0000000000
12374  -18.561  -59.357  -19.360 1.0000000000
126953  -20.570  -59.969  -18.875 1.0000000000
13220  -19.931  -59.125  -20.090 1.0000000000
13233  -20.326  -58.596  -20.956 1.0000000000
13232  -19.696  -58.346  -20.749 1.0000000000
13247  -20.751  -58.322  -21.739 1.0000000000
14271  -20.383  -57.739  -21.454 1.0000000000
12416  -14.350  -59.454  -22.514 1.0000000000
15370  -20.711  -56.976  -22.484 1.0000000000
12430  -10.673  -59.767  -25.593 1.0000000000
11519  -11.221  -60.257  -25.171 1.0000000000
15389  -19.203  -56.722  -23.226 1.0000000000
140517  -9.763  -59.549  -27.401 1.0000000000
12402  -15.163  -59.710  -22.006 1.0000000000
14307  -19.904  -57.140  -23.203 1.0000000000
123479  -9.560  -58.967  -28.090 1.0000000000
12445  -9.621  -58.894  -27.071 1.0000000000
135097  -10.206  -60.038  -25.979 1.0000000000
12425  -13.137  -59.483  -23.461 1.0000000000
13265  -13.889  -58.997  -23.421 1.0000000000
13267  -15.621  -58.539  -23.379 1.0000000000
14319  -17.950  -56.559  -23.902 1.0000000000
130202  -9.174  -58.076  -28.486 1.0000000000
14368  -9.076  -57.877  -29.397 1.0000000000
121390  -8.065  -55.059  -34.481 0.8999999762
16479  -8.284  -55.565  -32.739 0.8999999762
15488  -8.579  -56.375  -32.392 1.0000000000
16513  -7.921  -54.803  -35.553 0.6000000238
8815  -10.842  -63.401  -15.279 0.5000000000
137731  -10.563  -64.977  -16.728 0.5000000000
135817  -10.462  -64.448  -16.946 0.6000000238
8830  -10.521  -63.680  -16.225 0.5000000000
7965  -10.450  -64.492  -17.846 0.6000000238
7971  -10.412  -64.456  -18.769 0.8000000119
13204  -14.929  -58.256  -18.331 1.0000000000
133874  -10.053  -63.886  -20.430 1.0000000000
8844  -10.107  -63.648  -19.026 0.8000000119
118167  -15.028  -58.630  -19.139 1.0000000000
13205  -15.605  -58.577  -18.453 1.0000000000
138768  -15.745  -61.738  -19.171 1.0000000000
12370  -15.284  -59.359  -19.502 1.0000000000
121863  -16.656  -59.114  -19.195 1.0000000000
13206  -16.417  -58.634  -18.274 1.0000000000
8864  -9.704  -62.648  -21.208 1.0000000000
11490  -14.623  -60.878  -19.644 1.0000000000
10614  -16.407  -61.383  -19.235 1.0000000000
12382  -14.575  -59.753  -20.025 1.0000000000
11480  -16.252  -60.431  -19.470 1.0000000000
11482  -17.860  -60.141  -19.177 1.0000000000
18408  -8.954  -53.291  -21.424 1.0000000000
13230  -17.661  -57.894  -19.927 1.0000000000
18421  -8.958  -54.184  -22.750 1.0000000000
13219  -19.062  -58.895  -20.014 1.0000000000
14269  -17.839  -57.261  -20.668 1.0000000000
13231  -18.601  -58.029  -20.526 1.0000000000
14284  -18.307  -56.716  -21.601 1.0000000000
14286  -20.313  -57.099  -21.713 1.0000000000
14285  -19.559  -56.914  -21.703 1.0000000000
16357  -9.358  -55.802  -24.500 1.0000000000
15368  -19.367  -56.619  -22.340 1.0000000000
15407  -8.937  -56.422  -25.606 1.0000000000
13266  -14.740  -58.690  -23.394 1.0000000000
15379  -18.794  -56.412  -23.043 1.0000000000
12431  -11.203  -59.408  -25.134 1.0000000000
13281  -13.315  -58.684  -24.238 1.0000000000
13282  -14.292  -58.289  -24.200 1.0000000000
13283  -15.215  -57.988  -24.074 1.0000000000
14304  -16.059  -57.782  -23.848 1.0000000000
14305  -17.726  -57.415  -23.759 1.0000000000
14318  -16.965  -57.059  -24.050 1.0000000000
13310  -9.374  -58.164  -27.524 1.0000000000
131840  -8.628  -56.823  -30.509 1.0000000000
17559  -7.936  -54.500  -33.793 0.8999999762
16438  -8.197  -55.538  -30.538 1.0000000000
16493  -8.199  -55.396  -33.603 0.8999999762
15477  -8.552  -56.495  -31.399 1.0000000000
9698  -12.693  -61.869  -15.461 0.5000000000
8816  -11.664  -62.702  -15.257 0.5000000000
10582  -11.357  -61.293  -16.874 0.6999999881
9707  -12.099  -61.503  -16.213 0.6000000238
120001  -11.677  -62.169  -15.892 0.6000000238
126799  -10.483  -62.822  -16.775 0.6999999881
10599  -10.684  -61.123  -17.729 0.8000000119
9727  -9.958  -62.131  -18.208 0.8000000119
128577  -10.080  -63.114  -18.262 0.8000000119
8842  -10.335  -63.595  -17.392 0.8000000119
15340  -13.317  -57.144  -19.484 1.0000000000
14246  -14.152  -57.624  -18.242 1.0000000000
9738  -9.420  -61.991  -19.826 0.8000000119
9739  -9.687  -62.725  -19.213 0.8000000119
15354  -12.751  -56.837  -20.065 1.0000000000
14256  -13.828  -57.695  -19.731 1.0000000000
14257  -14.409  -57.938  -19.107 1.0000000000
13200  -15.815  -58.501  -17.674 1.0000000000
8854  -9.567  -62.725  -20.348 1.0000000000
8855  -9.855  -63.483  -19.978 0.8999999762
127891  -13.223  -62.188  -20.194 1.0000000000
126029  -16.874  -58.153  -17.064 1.0000000000
9757  -9.881  -62.020  -21.204 1.0000000000
133526  -13.107  -61.250  -20.431 1.0000000000
13229  -14.158  -58.907  -20.325 1.0000000000
13215  -14.310  -58.352  -19.797 1.0000000000
124430  -16.944  -58.342  -17.807 1.0000000000
10627  -10.393  -61.538  -21.518 1.0000000000
137644  -11.539  -60.588  -21.808 1.0000000000
124163  -17.332  -57.856  -18.551 1.0000000000
15327  -17.519  -57.604  -17.865 1.0000000000
11495  -10.733  -60.504  -21.885 1.0000000000
11479  -15.385  -60.168  -19.601 1.0000000000
12371  -16.094  -59.626  -19.401 1.0000000000
19366  -9.566  -53.019  -21.512 1.0000000000
15341  -17.130  -56.667  -19.459 1.0000000000
14268  -17.207  -57.037  -20.093 1.0000000000
18415  -9.751  -53.150  -22.413 1.0000000000
19376  -11.895  -52.534  -23.188 1.0000000000
17413  -9.127  -54.598  -23.277 1.0000000000
18414  -9.096  -53.600  -22.084 1.0000000000
17414  -9.549  -54.178  -23.371 1.0000000000
18432  -10.302  -53.643  -24.122 1.0000000000
127305  -12.010  -53.031  -24.362 1.0000000000
18425  -12.795  -52.962  -24.177 1.0000000000
19377  -12.800  -52.654  -23.412 1.0000000000
17423  -8.664  -55.025  -24.008 1.0000000000
18443  -10.483  -54.135  -24.681 1.0000000000
18433  -11.355  -53.425  -24.825 1.0000000000
118766  -18.340  -56.361  -22.400 1.0000000000
15367  -17.571  -56.112  -21.853 1.0000000000
17424  -9.067  -55.281  -23.848 1.0000000000
17436  -10.271  -55.117  -24.728 1.0000000000
122447  -11.768  -54.327  -25.902 1.0000000000
18435  -13.569  -53.238  -24.713 1.0000000000
118731  -17.911  -55.896  -22.790 1.0000000000
14327  -10.663  -57.803  -25.705 1.0000000000
15410  -11.338  -56.387  -25.945 1.0000000000
15423  -12.052  -55.970  -26.295 1.0000000000
16387  -12.852  -54.948  -26.201 1.0000000000
15387  -17.949  -55.916  -24.011 1.0000000000
16371  -12.885  -55.863  -26.091 1.0000000000
15398  -16.771  -56.196  -24.478 1.0000000000
15422  -8.953  -56.918  -26.241 1.0000000000
130309  -9.569  -57.607  -26.003 1.0000000000
13292  -12.176  -58.155  -25.152 1.0000000000
14330  -13.817  -57.016  -25.336 1.0000000000
14317  -15.812  -56.955  -24.364 1.0000000000
15431  -8.792  -56.844  -27.384 1.0000000000
15440  -8.736  -56.820  -28.224 1.0000000000
15450  -8.521  -56.500  -28.931 1.0000000000
17523  -7.833  -54.125  -31.595 0.8999999762
16458  -7.991  -55.027  -31.221 1.0000000000
16478  -7.945  -54.789  -32.237 0.8999999762
17599  -7.430  -53.714  -36.421 0.5000000000
11450  -12.776  -60.788  -15.647 0.5000000000
12351  -11.479  -60.165  -16.777 0.6999999881
9697  -10.822  -62.756  -15.892 0.5000000000
9720  -10.538  -62.026  -17.267 0.6000000238
9706  -10.991  -62.065  -16.431 0.6000000238
15352  -11.337  -56.270  -21.083 1.0000000000
127655  -10.260  -62.755  -17.580 0.8000000119
133777  -13.428  -57.032  -18.620 1.0000000000
15312  -14.036  -57.557  -17.066 1.0000000000
10611  -9.563  -61.261  -19.443 0.8999999762
15353  -12.130  -56.562  -20.634 1.0000000000
13199  -14.837  -58.011  -17.505 1.0000000000
10620  -9.481  -61.283  -20.258 0.8999999762
14282  -12.405  -57.669  -21.369 1.0000000000
14235  -15.645  -58.240  -16.863 1.0000000000
13244  -12.022  -58.348  -21.816 1.0000000000
126219  -11.487  -59.700  -21.920 1.0000000000
124048  -12.198  -59.133  -21.706 1.0000000000
12381  -13.496  -58.865  -20.732 1.0000000000
13245  -12.875  -58.421  -21.200 1.0000000000
127064  -8.086  -51.323  -20.654 1.0000000000
140703  -10.394  -52.293  -21.429 1.0000000000
15328  -17.848  -56.766  -17.952 1.0000000000
19359  -12.210  -52.455  -21.573 1.0000000000
138085  -17.336  -56.050  -18.737 1.0000000000
19368  -11.588  -52.394  -22.327 1.0000000000
120115  -12.966  -52.512  -21.621 1.0000000000
15355  -17.056  -56.215  -20.362 1.0000000000
18422  -9.222  -54.023  -22.722 1.0000000000
19369  -13.607  -52.512  -22.058 1.0000000000
17412  -8.914  -54.701  -23.428 1.0000000000
18426  -13.581  -52.829  -23.836 1.0000000000
16335  -17.417  -54.582  -22.584 1.0000000000
15366  -17.167  -55.778  -21.231 1.0000000000
18436  -14.537  -53.387  -24.697 1.0000000000
18429  -16.065  -53.795  -24.016 1.0000000000
16336  -17.695  -55.212  -23.118 1.0000000000
16324  -17.442  -55.358  -22.161 1.0000000000
16368  -8.745  -55.867  -25.261 1.0000000000
16385  -11.629  -55.540  -26.155 1.0000000000
17439  -13.453  -54.377  -25.801 1.0000000000
18447  -14.005  -53.822  -25.296 1.0000000000
16346  -17.162  -54.939  -24.143 1.0000000000
17405  -17.361  -54.715  -23.423 1.0000000000
15378  -17.986  -55.898  -23.509 1.0000000000
15395  -9.734  -56.390  -24.870 1.0000000000
16369  -10.446  -55.725  -25.082 1.0000000000
17440  -14.282  -54.571  -25.539 1.0000000000
16359  -15.827  -55.106  -24.824 1.0000000000
16360  -16.628  -55.396  -24.543 1.0000000000
16361  -17.379  -55.638  -24.268 1.0000000000
120880  -10.330  -56.441  -25.136 1.0000000000
120505  -12.262  -57.360  -25.745 1.0000000000
118185  -13.019  -56.765  -25.741 1.0000000000
15412  -13.788  -56.115  -25.749 1.0000000000
15413  -14.549  -56.368  -25.268 1.0000000000
15397  -15.932  -55.974  -24.772 1.0000000000
15430  -8.698  -56.199  -26.995 1.0000000000
16412  -8.594  -56.039  -28.060 1.0000000000
17487  -8.271  -54.674  -29.175 1.0000000000
119520  -8.131  -55.213  -29.831 1.0000000000
17506  -7.983  -54.891  -30.460 1.0000000000
141264  -7.818  -53.924  -32.323 0.8999999762
18527  -7.648  -53.430  -33.871 0.8000000119
15351  -10.440  -56.100  -21.300 1.0000000000
15339  -12.728  -56.493  -19.082 1.0000000000
11468  -10.898  -60.321  -17.586 0.6999999881
10605  -9.906  -61.231  -18.600 0.8000000119
11471  -9.847  -60.415  -19.014 0.8000000119
15364  -10.855  -56.757  -21.741 1.0000000000
11478  -9.527  -60.656  -19.847 0.8999999762
14281  -11.112  -57.454  -22.011 1.0000000000
13214  -13.594  -58.151  -20.450 1.0000000000
125723  -16.381  -58.099  -16.340 1.0000000000
11487  -9.668  -60.345  -20.656 1.0000000000
11494  -10.192  -59.756  -21.514 1.0000000000
13243  -11.255  -58.199  -22.083 1.0000000000
15313  -17.173  -57.514  -16.310 1.0000000000
129514  -17.561  -57.381  -17.163 1.0000000000
15298  -17.460  -56.882  -15.851 1.0000000000
10626  -9.728  -61.327  -20.972 1.0000000000
133060  -10.144  -60.690  -21.293 1.0000000000
132914  -10.785  -59.506  -22.126 1.0000000000
16285  -18.328  -56.477  -17.260 1.0000000000
118349  -8.506  -51.985  -20.367 1.0000000000
19358  -9.828  -52.351  -21.005 1.0000000000
134827  -10.903  -52.074  -20.838 1.0000000000
20366  -8.110  -52.110  -22.006 1.0000000000
16293  -17.933  -55.812  -18.451 1.0000000000
19360  -12.769  -52.550  -20.874 1.0000000000
16305  -17.521  -55.436  -19.422 1.0000000000
19365  -8.255  -52.955  -22.371 1.0000000000
19361  -13.584  -52.553  -21.178 1.0000000000
18431  -8.603  -54.233  -23.479 1.0000000000
17386  -17.278  -54.977  -20.194 1.0000000000
18423  -10.035  -53.259  -23.330 1.0000000000
19363  -15.312  -52.592  -22.110 1.0000000000
16323  -17.255  -54.731  -21.618 1.0000000000
129466  -17.237  -54.298  -21.000 1.0000000000
130825  -8.382  -53.870  -24.502 1.0000000000
18428  -15.544  -53.191  -23.850 1.0000000000
139543  -8.466  -54.535  -25.917 1.0000000000
136560  -14.238  -53.018  -24.193 1.0000000000
16358  -9.896  -55.911  -24.613 1.0000000000
18437  -15.309  -53.512  -24.480 1.0000000000
17452  -8.490  -55.123  -26.074 1.0000000000
15421  -8.628  -55.768  -26.393 1.0000000000
16372  -14.455  -55.458  -25.531 1.0000000000
17441  -15.033  -54.838  -25.107 1.0000000000
17465  -8.491  -55.005  -26.940 1.0000000000
120604  -7.990  -54.384  -29.979 1.0000000000
17505  -7.861  -54.243  -30.774 1.0000000000
18512  -7.628  -53.166  -32.922 0.8000000119
12350  -10.819  -59.584  -16.773 0.6000000238
15350  -8.840  -56.389  -20.684 0.8999999762
128473  -9.554  -56.044  -21.262 1.0000000000
16312  -10.028  -55.447  -20.729 1.0000000000
121236  -10.108  -59.306  -17.331 0.6000000238
12360  -9.982  -59.369  -18.122 0.8000000119
14255  -9.395  -57.600  -20.852 0.8999999762
16302  -11.118  -55.289  -19.633 1.0000000000
15326  -12.939  -56.404  -17.897 1.0000000000
12364  -9.862  -59.553  -18.942 0.8000000119
15311  -13.278  -56.915  -16.971 1.0000000000
15296  -13.627  -57.197  -16.138 1.0000000000
13213  -9.582  -59.111  -19.726 0.8999999762
13228  -9.642  -58.748  -20.688 1.0000000000
14280  -10.423  -57.379  -22.012 1.0000000000
14222  -14.430  -57.617  -16.034 1.0000000000
135744  -14.836  -57.882  -16.696 1.0000000000
12369  -9.600  -59.917  -19.771 0.8999999762
12380  -9.789  -59.488  -20.961 1.0000000000
14214  -16.571  -57.229  -14.892 1.0000000000
13242  -9.859  -58.279  -21.594 1.0000000000
14213  -15.833  -57.677  -14.976 1.0000000000
15297  -17.007  -57.148  -15.524 1.0000000000
15272  -17.297  -56.582  -14.879 1.0000000000
13255  -10.715  -58.677  -22.221 1.0000000000
16279  -18.124  -56.339  -15.770 1.0000000000
15314  -17.760  -56.904  -16.739 1.0000000000
16275  -18.799  -55.515  -15.233 1.0000000000
21371  -7.732  -50.421  -21.175 1.0000000000
134511  -9.289  -51.744  -19.973 1.0000000000
137372  -10.560  -51.160  -19.254 1.0000000000
19339  -10.789  -51.794  -20.142 1.0000000000
19340  -11.655  -52.173  -19.990 1.0000000000
16286  -18.741  -55.925  -17.672 1.0000000000
118687  -20.463  -55.005  -17.175 1.0000000000
21379  -7.709  -50.422  -22.761 1.0000000000
19357  -9.122  -52.955  -20.910 1.0000000000
19352  -12.558  -52.488  -20.015 1.0000000000
116408  -13.343  -52.064  -18.989 1.0000000000
17378  -18.253  -55.079  -19.233 1.0000000000
115725  -19.464  -55.578  -17.926 1.0000000000
21387  -7.772  -49.809  -23.732 1.0000000000
20387  -8.006  -51.522  -23.966 1.0000000000
19353  -13.466  -52.569  -20.305 1.0000000000
116605  -19.695  -55.025  -18.592 1.0000000000
115740  -20.972  -54.698  -17.616 1.0000000000
18400  -18.217  -53.767  -19.655 1.0000000000
17387  -18.013  -54.458  -19.794 1.0000000000
126176  -8.116  -52.606  -23.425 1.0000000000
121012  -8.768  -53.497  -22.108 1.0000000000
19362  -14.422  -52.528  -21.610 1.0000000000
115752  -16.885  -52.655  -18.930 1.0000000000
18410  -16.139  -52.676  -21.680 1.0000000000
17394  -17.587  -53.821  -20.410 1.0000000000
18411  -16.750  -53.138  -22.033 1.0000000000
127776  -17.185  -53.651  -21.593 1.0000000000
122941  -16.064  -53.197  -23.292 1.0000000000
18417  -16.669  -53.400  -22.738 1.0000000000
17399  -17.207  -53.852  -22.255 1.0000000000
17438  -12.562  -54.271  -25.923 1.0000000000
17427  -15.628  -54.234  -24.723 1.0000000000
116610  -8.585  -54.270  -26.882 1.0000000000
116932  -8.558  -53.769  -27.789 1.0000000000
18475  -8.172  -53.667  -29.402 1.0000000000
19443  -7.714  -52.714  -30.654 0.8999999762
18490  -7.722  -53.422  -31.124 0.8999999762
19500  -6.804  -52.040  -33.898 0.8000000119
14245  -8.953  -57.901  -18.754 0.8000000119
132108  -9.469  -58.652  -18.071 0.6999999881
125084  -8.833  -57.247  -19.845 0.8999999762
131652  -11.953  -55.895  -19.364 1.0000000000
13203  -9.569  -58.833  -18.905 0.8000000119
16291  -12.175  -55.905  -18.443 1.0000000000
131374  -12.990  -56.753  -16.154 1.0000000000
14279  -9.879  -57.435  -21.756 1.0000000000
15310  -12.593  -56.383  -16.731 1.0000000000
14212  -14.043  -57.239  -15.429 1.0000000000
121326  -14.151  -57.003  -14.882 1.0000000000
15294  -12.507  -56.310  -15.838 1.0000000000
16261  -15.010  -56.085  -14.186 1.0000000000
14196  -15.399  -57.301  -14.530 1.0000000000
16262  -16.018  -55.949  -14.136 1.0000000000
16263  -16.951  -55.828  -14.360 1.0000000000
16274  -17.903  -55.672  -14.677 1.0000000000
115717  -19.537  -55.275  -15.997 1.0000000000
20343  -11.322  -51.654  -19.387 1.0000000000
115766  -12.095  -51.398  -18.904 1.0000000000
115734  -20.965  -54.515  -16.774 1.0000000000
115762  -16.623  -50.773  -18.478 1.0000000000
115739  -18.878  -53.388  -18.998 1.0000000000
115746  -20.609  -53.972  -18.569 1.0000000000
21395  -7.956  -50.546  -24.370 1.0000000000
19343  -14.212  -52.450  -19.879 1.0000000000
115749  -19.744  -53.111  -18.806 1.0000000000
19345  -20.203  -52.484  -18.966 1.0000000000
19354  -14.345  -52.510  -20.699 1.0000000000
133505  -16.121  -52.425  -18.917 1.0000000000
18399  -17.359  -53.229  -19.727 1.0000000000
116842  -19.837  -54.237  -18.876 1.0000000000
125827  -8.195  -52.156  -24.484 1.0000000000
19374  -8.470  -53.614  -22.899 1.0000000000
18409  -15.287  -52.504  -21.176 1.0000000000
123771  -16.845  -53.012  -20.311 1.0000000000
128349  -16.428  -52.711  -19.506 1.0000000000
20353  -19.730  -51.267  -19.900 1.0000000000
19390  -8.335  -52.755  -25.038 1.0000000000
134955  -16.806  -53.001  -21.445 1.0000000000
116747  -17.099  -53.358  -21.001 1.0000000000
123744  -8.358  -52.347  -26.031 1.0000000000
117504  -8.436  -52.942  -26.575 1.0000000000
117556  -8.410  -53.325  -25.625 1.0000000000
18455  -8.510  -53.780  -26.269 1.0000000000
18462  -8.365  -52.973  -27.835 1.0000000000
19444  -7.928  -52.979  -29.930 1.0000000000
18470  -8.334  -53.272  -28.561 1.0000000000
19460  -7.512  -52.485  -31.576 0.8999999762
19477  -7.224  -52.222  -32.582 0.6999999881
19499  -5.757  -50.960  -33.926 0.6000000238
12349  -9.897  -59.131  -16.521 0.6000000238
13198  -9.470  -58.649  -17.178 0.6000000238
127125  -11.503  -55.477  -18.830 1.0000000000
17385  -10.795  -54.809  -18.631 1.0000000000
140996  -10.427  -55.097  -20.123 1.0000000000
16284  -12.145  -55.883  -17.401 1.0000000000
16290  -11.462  -55.452  -17.958 1.0000000000
16278  -12.064  -55.828  -16.457 1.0000000000
16273  -12.737  -55.909  -15.163 1.0000000000
15295  -13.332  -56.673  -15.295 1.0000000000
17330  -13.493  -55.606  -14.751 1.0000000000
15268  -14.003  -56.302  -14.549 1.0000000000
17333  -16.433  -55.159  -14.402 1.0000000000
17334  -17.420  -55.025  -14.461 1.0000000000
115713  -18.346  -54.849  -14.701 1.0000000000
134749  -13.825  -54.851  -14.855 1.0000000000
17348  -14.722  -54.445  -14.902 1.0000000000
115714  -19.184  -54.679  -15.155 1.0000000000
115733  -20.320  -53.992  -15.983 1.0000000000
21370  -7.577  -50.162  -22.035 1.0000000000
21352  -8.767  -50.965  -19.094 1.0000000000
116369  -9.446  -50.491  -18.663 1.0000000000
116206  -11.251  -50.929  -18.866 1.0000000000
132230  -15.410  -50.363  -18.976 1.0000000000
18386  -21.571  -53.970  -17.312 1.0000000000
125920  -10.003  -51.604  -20.215 1.0000000000
116487  -13.459  -51.583  -18.769 1.0000000000
116345  -14.600  -50.734  -18.727 1.0000000000
20344  -17.727  -51.014  -18.704 1.0000000000
19333  -21.107  -53.281  -18.595 1.0000000000
116364  -14.858  -51.556  -18.587 1.0000000000
116801  -14.801  -52.059  -18.939 1.0000000000
115754  -17.761  -51.604  -18.664 1.0000000000
19344  -19.171  -52.255  -18.965 1.0000000000
136135  -8.114  -51.194  -24.896 1.0000000000
18404  -15.156  -52.405  -20.323 1.0000000000
21360  -18.600  -50.551  -20.181 1.0000000000
22384  -20.036  -50.094  -20.705 1.0000000000
20398  -8.281  -51.758  -25.443 1.0000000000
117984  -19.224  -50.257  -20.528 1.0000000000
20415  -8.118  -51.274  -27.443 1.0000000000
20425  -8.068  -51.515  -28.328 1.0000000000
20437  -8.077  -51.861  -29.102 1.0000000000
20436  -7.862  -51.440  -29.805 1.0000000000
123179  -7.433  -51.116  -31.410 0.8000000119
20483  -7.148  -50.941  -32.298 0.6999999881
13196  -9.414  -58.368  -16.244 0.6000000238
14234  -8.957  -57.958  -17.662 0.6999999881
14233  -8.732  -57.072  -18.039 0.6999999881
16299  -8.622  -55.220  -19.436 0.8000000119
17384  -9.568  -54.522  -19.308 0.8000000119
132919  -10.280  -54.664  -19.459 0.8999999762
17383  -9.027  -54.854  -18.927 0.8000000119
16283  -11.550  -55.386  -16.999 1.0000000000
124569  -11.243  -54.838  -16.622 1.0000000000
17346  -12.263  -54.840  -15.595 1.0000000000
17347  -12.980  -54.934  -15.167 1.0000000000
18371  -13.719  -53.964  -15.328 1.0000000000
132018  -15.356  -53.869  -15.256 1.0000000000
17350  -16.777  -54.365  -14.773 1.0000000000
118344  -17.734  -54.192  -14.724 1.0000000000
115724  -18.827  -53.037  -15.040 1.0000000000
125529  -19.806  -53.115  -15.451 1.0000000000
115722  -17.942  -52.673  -15.330 1.0000000000
115719  -19.756  -54.493  -15.700 1.0000000000
22402  -7.570  -49.396  -22.722 1.0000000000
129829  -8.244  -50.585  -19.256 1.0000000000
139609  -8.584  -50.442  -18.648 1.0000000000
115760  -13.677  -50.853  -18.779 1.0000000000
18379  -21.164  -53.855  -16.550 1.0000000000
21359  -17.125  -50.102  -19.939 1.0000000000
19324  -21.508  -53.135  -16.806 1.0000000000
18393  -21.754  -53.532  -18.030 1.0000000000
124324  -7.907  -49.611  -24.816 1.0000000000
20352  -18.896  -51.155  -19.712 1.0000000000
19346  -21.192  -52.261  -18.968 1.0000000000
21355  -18.186  -50.829  -19.348 1.0000000000
20355  -21.179  -51.122  -19.984 1.0000000000
24571  -9.110  -47.040  -28.042 0.6999999881
18392  -15.575  -52.359  -19.222 1.0000000000
21415  -8.077  -50.252  -26.145 1.0000000000
21440  -7.940  -50.250  -28.189 1.0000000000
21455  -7.829  -50.931  -29.034 1.0000000000
20459  -7.676  -51.593  -30.588 0.8999999762
21491  -7.692  -50.590  -31.479 0.6999999881
14211  -9.190  -57.561  -15.926 0.6000000238
123660  -8.819  -57.240  -17.239 0.6999999881
119957  -9.048  -56.837  -15.608 0.5000000000
15293  -8.688  -55.994  -16.395 0.6000000238
16289  -8.795  -55.222  -18.227 0.6999999881
127844  -10.274  -54.452  -17.831 0.8999999762
17368  -10.944  -54.858  -17.487 1.0000000000
17358  -11.250  -54.172  -16.334 1.0000000000
16270  -8.613  -55.374  -15.723 0.6000000238
16282  -8.723  -54.987  -17.376 0.6999999881
18390  -9.412  -54.293  -17.573 0.6999999881
18385  -10.037  -53.928  -17.186 0.8000000119
17359  -11.974  -54.131  -15.974 1.0000000000
18370  -12.697  -54.044  -15.578 1.0000000000
115735  -14.063  -53.074  -15.666 1.0000000000
17357  -8.673  -54.546  -16.727 0.6000000238
17366  -8.934  -54.245  -17.099 0.6000000238
18383  -9.230  -53.863  -16.962 0.6999999881
115727  -14.691  -53.504  -15.439 1.0000000000
19322  -10.237  -52.294  -16.704 0.8000000119
18378  -12.329  -53.416  -15.957 1.0000000000
115715  -17.017  -53.592  -15.180 1.0000000000
115723  -17.216  -52.870  -15.564 1.0000000000
23413  -7.760  -49.061  -19.568 0.8999999762
115770  -8.113  -49.827  -18.673 0.8999999762
115731  -18.364  -52.255  -15.498 1.0000000000
23412  -7.552  -48.300  -20.483 0.8999999762
123205  -19.957  -52.195  -15.668 1.0000000000
19323  -20.879  -52.447  -16.298 1.0000000000
22398  -7.514  -49.459  -21.579 0.8999999762
22379  -7.599  -49.169  -20.616 0.8999999762
22380  -7.830  -49.880  -19.790 0.8999999762
116284  -8.822  -49.871  -18.194 1.0000000000
132427  -10.581  -49.530  -18.530 1.0000000000
132356  -11.096  -50.041  -18.644 1.0000000000
132326  -12.615  -49.409  -18.858 1.0000000000
132426  -13.118  -50.129  -18.924 1.0000000000
22371  -14.385  -49.106  -19.378 1.0000000000
115764  -14.909  -49.780  -19.271 1.0000000000
20333  -21.436  -52.123  -16.932 1.0000000000
133700  -7.706  -48.908  -23.567 0.8999999762
116395  -10.427  -50.594  -18.829 1.0000000000
22381  -16.222  -49.239  -19.961 1.0000000000
21340  -21.634  -51.490  -17.410 1.0000000000
116966  -22.504  -49.093  -17.288 1.0000000000
24514  -8.226  -47.466  -24.238 0.8999999762
132357  -12.849  -51.081  -18.731 1.0000000000
132712  -14.020  -49.948  -19.073 1.0000000000
20338  -21.916  -51.115  -17.904 1.0000000000
120592  -8.091  -48.648  -25.284 1.0000000000
123436  -17.314  -48.302  -20.429 1.0000000000
20340  -21.878  -50.956  -18.537 1.0000000000
22373  -22.546  -49.616  -19.602 1.0000000000
23460  -8.141  -47.936  -24.748 0.8999999762
22387  -22.239  -49.396  -20.353 1.0000000000
21350  -22.009  -50.394  -19.159 1.0000000000
23496  -8.379  -48.344  -26.307 1.0000000000
24535  -9.100  -46.760  -25.777 0.8999999762
23416  -17.656  -49.043  -20.465 1.0000000000
23417  -18.658  -48.922  -20.682 1.0000000000
118764  -20.206  -49.365  -20.894 1.0000000000
22374  -23.113  -48.983  -19.543 1.0000000000
24474  -23.822  -48.232  -20.208 1.0000000000
24460  -25.117  -47.886  -19.568 1.0000000000
118048  -8.351  -48.453  -27.194 1.0000000000
117206  -8.872  -47.657  -27.195 0.8000000119
24573  -10.283  -46.933  -27.227 0.6000000238
122165  -20.999  -49.192  -20.988 1.0000000000
23422  -23.189  -48.646  -20.183 1.0000000000
24475  -24.455  -47.854  -20.142 1.0000000000
25602  -25.531  -47.305  -19.639 1.0000000000
123123  -8.038  -49.099  -27.664 1.0000000000
121953  -10.125  -47.009  -27.983 0.6999999881
123992  -19.009  -48.139  -20.747 1.0000000000
23418  -19.573  -48.764  -20.843 1.0000000000
139912  -20.543  -48.032  -20.876 1.0000000000
124595  -21.114  -48.431  -20.903 1.0000000000
24473  -22.830  -47.933  -20.500 1.0000000000
25616  -23.621  -47.266  -20.430 1.0000000000
119106  -7.844  -48.789  -28.644 1.0000000000
23535  -8.197  -47.739  -29.082 0.6999999881
24592  -8.706  -46.977  -28.841 0.6000000238
133632  -21.084  -47.592  -20.795 1.0000000000
24472  -21.961  -47.347  -20.653 1.0000000000
25615  -22.044  -46.567  -20.624 1.0000000000
141067  -23.252  -45.873  -20.540 1.0000000000
119000  -23.781  -46.330  -20.467 1.0000000000
117604  -7.764  -49.814  -29.188 1.0000000000
22492  -7.879  -49.693  -30.032 0.6999999881
18391  -9.824  -54.246  -17.865 0.8000000119
18376  -10.629  -53.373  -16.581 0.8000000119
18377  -11.589  -53.352  -16.212 0.8999999762
116407  -11.178  -52.482  -16.431 0.8999999762
131606  -15.509  -53.216  -15.631 1.0000000000
17345  -8.520  -54.489  -15.973 0.6000000238
123877  -8.674  -54.008  -16.478 0.6000000238
19327  -9.339  -53.138  -16.673 0.6000000238
115750  -12.197  -52.520  -16.162 0.8999999762
117013  -13.921  -52.342  -15.898 1.0000000000
115729  -16.625  -52.397  -16.065 1.0000000000
115730  -17.542  -52.240  -15.957 1.0000000000
138638  -18.093  -51.895  -16.066 1.0000000000
136453  -18.814  -51.828  -15.765 1.0000000000
21338  -19.866  -50.828  -16.627 1.0000000000
116299  -9.775  -49.531  -18.351 1.0000000000
132429  -12.016  -48.833  -18.758 1.0000000000
23402  -13.880  -48.549  -19.329 1.0000000000
23404  -15.366  -48.929  -19.699 1.0000000000
20332  -20.481  -51.634  -16.316 1.0000000000
23445  -7.553  -48.258  -23.051 0.8999999762
23394  -23.561  -48.758  -18.609 1.0000000000
117034  -8.728  -46.959  -24.923 0.8999999762
126897  -15.551  -47.886  -19.923 1.0000000000
23414  -16.095  -48.539  -20.056 1.0000000000
134565  -25.068  -48.171  -18.665 1.0000000000
24448  -25.187  -47.723  -17.817 1.0000000000
125346  -16.929  -46.967  -20.392 1.0000000000
123993  -18.092  -48.242  -20.582 1.0000000000
22388  -22.779  -49.108  -20.124 1.0000000000
24449  -25.700  -47.729  -18.896 1.0000000000
23421  -22.450  -48.700  -20.440 1.0000000000
25593  -26.662  -46.668  -18.605 1.0000000000
25612  -18.975  -46.751  -20.575 1.0000000000
24469  -18.482  -47.469  -20.595 1.0000000000
123991  -19.862  -48.068  -20.845 1.0000000000
25604  -26.772  -46.362  -19.177 1.0000000000
26685  -26.228  -46.093  -19.692 1.0000000000
25613  -19.887  -46.827  -20.649 1.0000000000
120876  -24.573  -46.005  -20.380 1.0000000000
27895  -25.964  -45.085  -19.913 1.0000000000
138959  -26.364  -44.748  -19.736 1.0000000000
22493  -7.937  -48.745  -29.535 0.6000000238
118095  -21.445  -46.026  -20.659 1.0000000000
18375  -8.868  -53.418  -16.510 0.6000000238
132468  -11.597  -51.784  -16.418 0.8000000119
116401  -12.339  -51.515  -16.306 0.8999999762
115728  -15.761  -52.523  -16.004 1.0000000000
19320  -8.900  -52.461  -16.344 0.6000000238
116254  -10.728  -51.541  -16.596 0.6999999881
130024  -14.831  -52.625  -15.840 1.0000000000
116535  -16.927  -51.797  -16.441 1.0000000000
127564  -17.611  -51.710  -16.356 1.0000000000
23400  -7.936  -48.882  -18.424 0.8999999762
115778  -8.344  -48.896  -17.614 1.0000000000
115768  -9.246  -49.378  -16.554 0.6999999881
115743  -14.451  -51.053  -16.172 0.8999999762
20330  -18.229  -51.351  -16.447 1.0000000000
21344  -19.274  -50.112  -17.048 1.0000000000
132410  -12.419  -49.628  -16.486 0.6999999881
21345  -20.349  -50.275  -17.003 1.0000000000
24465  -7.418  -47.480  -20.251 0.8999999762
23399  -7.670  -48.233  -19.451 0.8999999762
116153  -9.048  -49.063  -17.707 1.0000000000
116219  -9.836  -48.760  -18.137 1.0000000000
132428  -10.478  -48.227  -18.253 1.0000000000
132291  -10.534  -48.935  -18.410 1.0000000000
23401  -12.999  -48.440  -19.024 1.0000000000
21339  -20.969  -51.148  -16.886 1.0000000000
24439  -21.595  -47.717  -17.272 1.0000000000
24487  -7.453  -47.818  -22.262 0.8999999762
21346  -21.445  -50.562  -17.326 1.0000000000
25632  -8.069  -46.271  -22.340 0.8999999762
23403  -14.638  -48.258  -19.609 1.0000000000
21347  -21.932  -50.143  -17.747 1.0000000000
22365  -22.014  -49.432  -17.359 1.0000000000
24440  -23.400  -47.885  -17.135 1.0000000000
120292  -7.588  -47.406  -22.904 0.8999999762
24456  -13.873  -47.697  -19.404 1.0000000000
135681  -22.434  -49.576  -17.905 1.0000000000
24447  -24.300  -48.345  -17.907 1.0000000000
24441  -24.142  -47.574  -17.232 1.0000000000
25583  -25.506  -46.845  -17.424 1.0000000000
135624  -22.374  -49.799  -18.719 1.0000000000
25592  -26.044  -47.233  -18.362 1.0000000000
26676  -27.184  -46.048  -18.681 1.0000000000
118511  -26.935  -45.462  -19.386 1.0000000000
27884  -27.518  -45.412  -18.706 1.0000000000
118096  -20.527  -46.214  -20.648 1.0000000000
27915  -25.093  -44.573  -20.294 1.0000000000
117113  -22.756  -45.420  -20.577 1.0000000000
26698  -23.659  -45.517  -20.517 1.0000000000
26699  -24.360  -45.037  -20.450 1.0000000000
27896  -27.521  -44.715  -19.051 1.0000000000
19321  -9.382  -52.103  -16.600 0.6000000238
116320  -9.753  -51.291  -16.716 0.6999999881
115736  -14.609  -51.823  -16.060 1.0000000000
132499  -9.317  -50.250  -16.613 0.6999999881
118730  -16.031  -51.827  -16.364 1.0000000000
20336  -16.463  -51.166  -16.624 1.0000000000
21342  -16.952  -50.570  -16.972 1.0000000000
21343  -17.831  -50.670  -16.980 1.0000000000
119100  -18.324  -50.025  -17.203 1.0000000000
24446  -7.716  -47.439  -18.192 0.8999999762
132373  -8.625  -48.370  -17.219 1.0000000000
140260  -9.446  -48.079  -17.440 1.0000000000
132424  -11.280  -48.468  -18.555 1.0000000000
116444  -12.076  -48.007  -18.773 1.0000000000
23385  -19.278  -48.660  -17.539 1.0000000000
22363  -19.745  -49.462  -17.248 1.0000000000
24483  -7.353  -47.391  -21.371 0.8999999762
116740  -11.984  -47.233  -18.672 1.0000000000
24455  -12.907  -47.376  -19.004 1.0000000000
119137  -21.216  -49.048  -17.176 1.0000000000
25631  -7.471  -46.888  -22.358 0.8999999762
25626  -7.331  -46.312  -21.661 0.8999999762
115774  -11.267  -47.732  -18.469 1.0000000000
24457  -14.775  -47.427  -19.685 1.0000000000
25580  -22.269  -47.149  -17.089 1.0000000000
25581  -23.295  -46.947  -16.902 1.0000000000
27921  -8.495  -44.817  -21.102 0.8000000119
25591  -12.500  -46.720  -18.827 1.0000000000
121850  -13.628  -46.966  -19.304 1.0000000000
24458  -15.370  -47.103  -19.889 1.0000000000
25582  -24.351  -46.740  -16.868 1.0000000000
26646  -25.242  -45.347  -16.727 1.0000000000
27905  -8.777  -44.009  -20.709 0.8000000119
119509  -14.918  -46.772  -19.744 1.0000000000
24467  -16.591  -47.879  -20.281 1.0000000000
26647  -26.298  -45.529  -16.883 1.0000000000
27857  -26.712  -44.835  -16.636 1.0000000000
25601  -15.543  -46.360  -20.022 1.0000000000
25584  -26.253  -46.689  -17.897 1.0000000000
27858  -27.742  -44.868  -16.759 1.0000000000
120134  -17.780  -45.912  -20.477 1.0000000000
25611  -17.911  -46.692  -20.502 1.0000000000
27873  -28.066  -45.208  -17.101 1.0000000000
27885  -27.947  -44.901  -18.108 1.0000000000
118098  -18.566  -45.999  -20.517 1.0000000000
26693  -18.132  -45.273  -20.501 1.0000000000
26694  -19.078  -45.312  -20.511 1.0000000000
118097  -19.520  -46.083  -20.574 1.0000000000
26697  -21.816  -45.313  -20.603 1.0000000000
29016  -27.954  -44.024  -18.567 1.0000000000
29082  -10.767  -42.627  -23.065 0.4000000060
27911  -20.487  -44.600  -20.545 1.0000000000
26696  -20.939  -45.369  -20.618 1.0000000000
27913  -22.274  -44.585  -20.540 1.0000000000
27914  -23.339  -44.571  -20.524 1.0000000000
117757  -24.245  -44.134  -20.463 1.0000000000
29032  -26.336  -43.389  -19.725 1.0000000000
29033  -27.219  -43.694  -19.250 1.0000000000
139755  -28.154  -43.438  -18.415 1.0000000000
32333  -26.010  -41.061  -19.172 1.0000000000
132340  -10.163  -50.546  -16.731 0.6999999881
132462  -11.374  -50.794  -16.528 0.6999999881
115751  -12.544  -50.556  -16.394 0.8000000119
116378  -13.079  -51.306  -16.226 0.8000000119
116279  -10.488  -49.734  -16.688 0.6999999881
115744  -15.087  -50.538  -16.294 0.8999999762
122033  -15.793  -50.821  -16.465 1.0000000000
116382  -13.282  -49.914  -16.409 0.8000000119
22355  -15.703  -50.081  -16.555 1.0000000000
21336  -16.276  -50.482  -16.706 1.0000000000
129188  -17.395  -49.918  -17.263 1.0000000000
118643  -17.872  -49.244  -17.481 1.0000000000
118575  -18.795  -49.348  -17.370 1.0000000000
24454  -7.520  -47.466  -19.255 0.8999999762
116341  -8.947  -47.168  -16.966 1.0000000000
25574  -15.835  -46.894  -17.926 0.8999999762
137402  -19.360  -47.346  -17.847 1.0000000000
24437  -19.764  -47.990  -17.675 1.0000000000
130108  -7.215  -46.831  -19.915 0.8999999762
115773  -9.897  -47.073  -17.319 1.0000000000
116483  -10.469  -47.470  -18.063 1.0000000000
24438  -20.792  -48.072  -17.434 1.0000000000
26661  -21.429  -46.030  -17.415 1.0000000000
128090  -22.423  -45.401  -17.014 1.0000000000
27889  -7.291  -44.662  -19.010 0.8999999762
138926  -7.714  -45.954  -17.727 0.8999999762
25590  -11.870  -46.498  -18.506 1.0000000000
133039  -20.888  -46.332  -17.599 1.0000000000
28988  -23.844  -43.934  -16.682 1.0000000000
29024  -7.478  -43.274  -19.665 0.8999999762
26716  -9.700  -45.756  -21.833 0.6000000238
26655  -9.940  -45.230  -17.139 1.0000000000
115779  -11.136  -46.295  -18.031 1.0000000000
26664  -23.958  -45.615  -16.629 1.0000000000
27855  -24.546  -44.565  -16.581 1.0000000000
27856  -25.504  -44.507  -16.550 1.0000000000
28991  -26.914  -43.979  -16.467 0.8999999762
25628  -10.979  -45.950  -21.575 0.6000000238
25600  -14.615  -46.114  -19.696 1.0000000000
24466  -16.048  -47.092  -20.180 1.0000000000
31222  -17.574  -40.746  -16.690 0.8000000119
130167  -19.749  -42.931  -17.625 0.8999999762
30118  -28.102  -43.095  -16.232 0.8999999762
25609  -16.419  -46.346  -20.314 1.0000000000
28993  -28.526  -43.662  -16.769 0.8999999762
138822  -16.723  -45.887  -20.401 1.0000000000
27859  -28.253  -44.532  -16.937 1.0000000000
26692  -17.157  -45.429  -20.448 1.0000000000
29017  -28.380  -43.831  -17.852 1.0000000000
30134  -28.816  -43.210  -17.448 1.0000000000
27909  -18.626  -44.531  -20.481 1.0000000000
27910  -19.572  -44.570  -20.512 1.0000000000
29049  -22.661  -43.782  -20.407 1.0000000000
30147  -28.956  -42.530  -17.812 1.0000000000
119587  -20.060  -43.746  -20.444 1.0000000000
119596  -21.773  -43.868  -20.440 1.0000000000
134334  -24.920  -43.689  -20.331 1.0000000000
30170  -26.848  -42.709  -19.448 1.0000000000
30145  -27.706  -42.991  -18.860 1.0000000000
30146  -28.427  -42.883  -18.257 1.0000000000
32282  -28.938  -40.386  -18.039 1.0000000000
132454  -11.569  -49.739  -16.549 0.6999999881
116211  -12.808  -48.940  -16.534 0.6999999881
117362  -14.236  -50.212  -16.320 0.8000000119
134975  -16.255  -49.002  -17.271 1.0000000000
121074  -16.964  -49.140  -17.499 1.0000000000
118130  -13.174  -47.963  -16.680 0.6999999881
23371  -14.307  -48.260  -16.816 0.6999999881
23384  -18.352  -48.574  -17.677 1.0000000000
27878  -7.760  -44.549  -17.949 0.8999999762
121499  -18.486  -47.070  -18.007 1.0000000000
25577  -19.455  -46.603  -17.930 1.0000000000
26660  -20.550  -45.933  -17.740 1.0000000000
24422  -14.115  -46.610  -17.163 0.8000000119
26659  -19.124  -45.668  -18.095 1.0000000000
132958  -19.918  -46.038  -17.918 1.0000000000
29003  -21.620  -43.992  -17.420 1.0000000000
138143  -21.950  -45.649  -17.212 1.0000000000
26672  -7.561  -45.348  -18.265 0.8999999762
26654  -9.057  -45.501  -16.647 1.0000000000
116424  -9.447  -46.270  -17.008 1.0000000000
135327  -15.648  -45.875  -17.783 0.8000000119
27868  -17.702  -43.843  -17.961 0.8999999762
127429  -19.943  -45.411  -17.932 1.0000000000
127428  -20.716  -45.235  -17.718 1.0000000000
122121  -23.103  -45.066  -16.722 1.0000000000
125797  -8.600  -45.057  -16.654 0.8999999762
26673  -10.860  -45.536  -17.859 1.0000000000
26675  -12.555  -45.938  -18.810 1.0000000000
25598  -13.152  -46.530  -19.093 1.0000000000
25599  -13.835  -46.335  -19.415 1.0000000000
29000  -17.039  -42.915  -17.334 0.8999999762
133339  -17.429  -42.285  -17.364 0.8999999762
28990  -25.322  -43.607  -16.479 0.8999999762
141186  -24.959  -42.327  -16.440 0.8000000119
30117  -27.110  -43.086  -16.189 0.8999999762
139226  -7.621  -42.631  -19.353 0.8999999762
25627  -10.422  -45.877  -21.631 0.6000000238
27864  -10.112  -44.195  -17.216 1.0000000000
130835  -11.383  -45.085  -18.222 1.0000000000
27882  -12.520  -44.353  -18.722 1.0000000000
139523  -13.548  -45.425  -19.288 1.0000000000
32268  -19.075  -40.238  -16.124 0.8000000119
29004  -22.435  -43.647  -17.170 1.0000000000
30107  -27.407  -42.257  -15.785 0.8999999762
30156  -7.625  -42.563  -20.134 0.8999999762
29041  -7.984  -43.246  -20.455 0.8999999762
27893  -15.122  -44.638  -19.836 1.0000000000
27907  -15.792  -44.885  -20.161 1.0000000000
27908  -16.561  -44.674  -20.342 1.0000000000
128503  -21.832  -40.947  -16.442 0.8000000119
30119  -28.916  -42.968  -16.349 0.8999999762
27894  -15.853  -43.919  -20.114 1.0000000000
119644  -17.574  -44.417  -20.441 1.0000000000
33348  -20.052  -38.963  -15.023 0.6999999881
28994  -29.069  -43.243  -16.880 0.8999999762
29043  -16.799  -43.711  -20.312 1.0000000000
30135  -29.484  -42.658  -17.189 1.0000000000
29044  -17.485  -43.492  -20.350 1.0000000000
29046  -19.114  -43.784  -20.425 1.0000000000
30181  -22.964  -43.029  -20.155 1.0000000000
139908  -19.463  -43.141  -20.277 1.0000000000
29048  -21.331  -43.237  -20.286 1.0000000000
30180  -22.119  -43.140  -20.234 1.0000000000
29030  -24.651  -42.934  -20.219 1.0000000000
30168  -25.130  -42.378  -19.977 1.0000000000
31245  -28.620  -41.892  -18.352 1.0000000000
132295  -11.754  -48.822  -16.562 0.6999999881
134632  -13.983  -49.150  -16.487 0.6999999881
116249  -10.688  -48.811  -16.653 0.6999999881
132409  -10.971  -47.976  -16.508 0.6000000238
131685  -14.832  -48.937  -16.616 0.8000000119
23381  -15.808  -48.542  -17.265 1.0000000000
24423  -14.702  -47.530  -17.162 0.8000000119
23382  -16.475  -48.322  -17.722 1.0000000000
23383  -17.440  -48.469  -17.778 1.0000000000
24436  -18.847  -47.910  -17.820 1.0000000000
25575  -16.700  -46.573  -18.105 1.0000000000
123958  -20.774  -44.364  -17.686 1.0000000000
27879  -8.093  -43.838  -17.781 0.8999999762
128989  -17.368  -44.655  -18.116 0.8999999762
123086  -18.927  -44.064  -18.034 0.8999999762
27863  -9.253  -44.440  -16.658 0.8999999762
126622  -12.153  -45.105  -18.562 1.0000000000
29002  -20.751  -43.435  -17.607 0.8999999762
31226  -22.259  -42.168  -17.129 0.8000000119
116903  -24.203  -42.314  -16.612 0.8000000119
30115  -23.978  -43.106  -16.736 0.8000000119
28998  -10.469  -43.404  -17.523 0.8999999762
27881  -11.565  -44.350  -18.276 1.0000000000
27891  -13.056  -45.133  -19.049 1.0000000000
125866  -13.805  -45.030  -19.355 1.0000000000
30113  -16.753  -42.706  -16.834 0.8000000119
33359  -20.470  -39.250  -15.512 0.8000000119
130897  -25.848  -42.969  -16.349 0.8000000119
31202  -27.777  -41.378  -15.226 0.8000000119
27906  -10.017  -43.906  -20.988 0.6999999881
27883  -13.402  -44.206  -19.182 1.0000000000
119753  -14.955  -43.719  -19.682 1.0000000000
27892  -14.318  -44.422  -19.509 1.0000000000
31197  -17.243  -40.891  -16.004 0.6000000238
32266  -17.343  -40.324  -16.183 0.6999999881
33346  -18.186  -39.766  -15.351 0.6999999881
33333  -22.720  -38.817  -13.862 0.6000000238
132610  -23.174  -40.889  -16.027 0.8000000119
30109  -29.293  -42.505  -15.778 0.8999999762
30176  -8.392  -42.539  -20.805 0.8000000119
30186  -8.441  -41.785  -21.156 0.8000000119
27929  -10.865  -44.145  -21.608 0.6000000238
30110  -29.988  -42.376  -15.698 0.8000000119
30166  -23.296  -42.300  -19.862 1.0000000000
33291  -24.963  -39.069  -12.708 0.5000000000
30136  -30.002  -42.323  -16.796 0.8999999762
140929  -16.679  -42.508  -19.966 1.0000000000
30177  -17.840  -42.885  -20.240 1.0000000000
30165  -22.409  -42.447  -19.917 1.0000000000
132119  -25.463  -41.709  -19.655 1.0000000000
31268  -27.323  -42.052  -19.147 1.0000000000
31227  -29.871  -42.039  -17.274 0.8999999762
31228  -30.456  -41.767  -16.905 0.8999999762
30178  -18.691  -42.969  -20.242 1.0000000000
132170  -21.623  -42.591  -20.023 1.0000000000
31267  -26.450  -41.850  -19.456 1.0000000000
31244  -27.769  -41.508  -18.698 1.0000000000
31246  -29.362  -41.972  -17.760 1.0000000000
131465  -29.835  -41.310  -17.591 1.0000000000
33394  -23.392  -39.278  -18.773 1.0000000000
32332  -25.121  -40.869  -19.412 1.0000000000
32311  -27.427  -40.735  -18.459 1.0000000000
28996  -8.879  -43.517  -17.190 0.8999999762
25572  -14.233  -45.807  -17.161 0.8000000119
26657  -17.078  -45.533  -18.160 1.0000000000
25576  -17.754  -46.378  -18.140 1.0000000000
27865  -10.815  -44.013  -17.800 1.0000000000
28997  -9.714  -43.562  -17.157 0.8999999762
31212  -24.559  -41.623  -16.298 0.8000000119
131242  -25.889  -41.195  -15.800 0.8000000119
128544  -10.141  -42.789  -17.423 0.8999999762
31221  -17.121  -41.169  -16.578 0.8000000119
120140  -23.879  -39.979  -15.175 0.8000000119
32261  -25.524  -40.369  -15.418 0.8000000119
32262  -26.941  -40.440  -15.146 0.8000000119
31187  -28.505  -41.133  -14.727 0.8000000119
124230  -7.672  -42.016  -19.647 0.8999999762
29026  -14.101  -43.563  -19.358 1.0000000000
33334  -23.750  -39.136  -13.904 0.6999999881
31201  -26.744  -41.342  -15.530 0.8000000119
30108  -28.404  -42.408  -15.740 0.8000000119
31203  -28.822  -41.898  -15.235 0.8000000119
30187  -9.201  -42.160  -21.564 0.6999999881
30143  -12.081  -42.919  -18.352 1.0000000000
123175  -14.719  -42.875  -19.463 1.0000000000
29027  -15.539  -43.001  -19.808 1.0000000000
32243  -19.058  -39.914  -14.798 0.5000000000
31295  -9.725  -41.550  -22.481 0.6000000238
30158  -15.305  -42.154  -19.499 1.0000000000
30159  -16.071  -42.403  -19.806 1.0000000000
29045  -18.228  -43.686  -20.396 1.0000000000
131629  -20.123  -42.893  -20.198 1.0000000000
31215  -30.829  -41.710  -16.115 0.8999999762
124373  -16.605  -41.952  -19.699 1.0000000000
30162  -19.315  -42.323  -19.966 1.0000000000
136915  -21.875  -42.005  -19.745 1.0000000000
31264  -22.627  -41.591  -19.604 1.0000000000
31243  -26.916  -41.279  -18.941 1.0000000000
132069  -30.935  -41.184  -16.616 0.8999999762
30161  -18.296  -42.235  -19.910 1.0000000000
31261  -19.694  -41.503  -19.573 1.0000000000
30164  -21.149  -42.040  -19.780 1.0000000000
32331  -24.198  -40.805  -19.434 1.0000000000
32312  -28.325  -40.958  -18.363 1.0000000000
136107  -29.421  -40.815  -17.876 1.0000000000
126407  -29.826  -40.366  -17.684 1.0000000000
32283  -30.584  -40.874  -17.234 1.0000000000
33398  -27.005  -40.011  -17.923 1.0000000000
139168  -29.293  -39.740  -17.838 1.0000000000
33370  -28.565  -39.558  -17.887 1.0000000000
33397  -26.231  -39.668  -18.452 1.0000000000
33368  -26.770  -39.168  -17.963 1.0000000000
130054  -13.437  -46.459  -16.785 0.6999999881
126619  -16.223  -45.394  -17.979 0.8999999762
26656  -15.406  -44.446  -17.358 0.8000000119
29015  -12.757  -43.561  -18.771 1.0000000000
27866  -16.026  -43.726  -17.224 0.8000000119
30141  -8.185  -42.268  -18.718 0.8999999762
30142  -9.156  -41.941  -18.344 0.8999999762
30124  -9.717  -42.321  -17.624 0.8999999762
29025  -13.416  -43.373  -19.085 1.0000000000
28987  -16.704  -42.821  -16.591 0.6000000238
33308  -25.284  -38.957  -13.531 0.6999999881
34369  -26.697  -38.831  -13.058 0.6999999881
32247  -27.623  -40.280  -14.724 0.8000000119
32248  -29.235  -41.022  -14.187 0.8000000119
31188  -29.948  -41.327  -14.316 0.8000000119
30157  -13.870  -42.670  -19.066 1.0000000000
31237  -8.364  -41.592  -19.159 0.8999999762
133288  -8.352  -41.208  -21.119 0.8999999762
30127  -11.878  -42.068  -17.927 1.0000000000
30144  -14.057  -41.809  -18.809 1.0000000000
31259  -17.855  -41.528  -19.586 1.0000000000
33292  -26.401  -38.817  -12.160 0.6000000238
131946  -29.560  -42.111  -15.287 0.8000000119
31204  -30.132  -41.864  -15.000 0.8000000119
32321  -7.978  -40.897  -20.285 0.8999999762
31240  -13.471  -41.268  -18.434 1.0000000000
140282  -15.984  -41.799  -19.565 1.0000000000
30160  -17.352  -42.229  -19.878 1.0000000000
32327  -20.061  -40.786  -19.267 1.0000000000
32303  -19.615  -40.184  -18.924 1.0000000000
30111  -30.468  -42.051  -15.644 0.8000000119
32250  -31.031  -40.148  -14.828 0.8999999762
32385  -10.776  -41.223  -23.261 0.5000000000
31260  -18.770  -41.532  -19.600 1.0000000000
33392  -21.606  -39.317  -18.627 1.0000000000
32307  -23.783  -40.040  -19.183 1.0000000000
32273  -31.087  -40.473  -16.718 0.8999999762
31262  -20.615  -41.422  -19.535 1.0000000000
31263  -21.584  -41.291  -19.497 1.0000000000
34430  -24.619  -38.011  -18.259 1.0000000000
33372  -30.691  -39.998  -17.266 0.8999999762
132273  -25.056  -39.604  -18.872 1.0000000000
34457  -25.909  -38.761  -18.453 1.0000000000
33369  -27.647  -39.380  -17.820 1.0000000000
129726  -29.218  -39.004  -17.725 1.0000000000
31218  -9.840  -41.511  -17.945 0.8999999762
31238  -9.297  -41.142  -18.813 0.8999999762
30126  -11.051  -42.589  -17.722 0.8999999762
122116  -13.261  -42.058  -18.616 1.0000000000
33293  -27.273  -38.821  -12.342 0.6000000238
33338  -27.872  -39.849  -13.850 0.8000000119
32223  -28.963  -40.414  -13.586 0.8000000119
117440  -29.598  -39.910  -13.075 0.8000000119
30125  -10.400  -41.995  -17.533 0.8999999762
134125  -12.567  -42.276  -18.377 1.0000000000
128020  -28.517  -39.648  -13.000 0.6999999881
31165  -30.185  -41.063  -14.132 0.8000000119
32249  -30.710  -40.680  -14.480 0.8000000119
32295  -9.075  -40.042  -18.924 0.8999999762
140048  -11.186  -41.233  -17.451 0.8999999762
131395  -17.111  -41.543  -19.569 1.0000000000
32325  -18.294  -40.804  -19.301 1.0000000000
33305  -22.223  -38.952  -13.440 0.6000000238
33306  -23.217  -39.271  -12.938 0.5000000000
31189  -30.472  -41.207  -14.543 0.8000000119
32322  -8.584  -40.145  -19.850 0.8999999762
31272  -8.861  -40.368  -20.879 0.8000000119
31257  -15.548  -41.342  -19.256 1.0000000000
31258  -16.409  -41.197  -19.385 1.0000000000
132090  -21.214  -40.018  -18.936 1.0000000000
32264  -31.319  -40.180  -15.579 0.8999999762
33448  -10.555  -39.929  -22.231 0.5000000000
32302  -18.771  -40.143  -18.893 1.0000000000
33393  -22.477  -39.250  -18.696 1.0000000000
33355  -31.564  -39.509  -16.103 0.8999999762
135849  -20.899  -40.684  -19.266 1.0000000000
32328  -21.605  -40.519  -19.247 1.0000000000
33360  -31.267  -39.656  -16.706 0.8999999762
140236  -25.286  -38.359  -18.383 1.0000000000
34436  -31.117  -38.198  -17.244 0.8999999762
34434  -28.312  -38.740  -17.741 1.0000000000
34432  -26.576  -38.279  -18.168 1.0000000000
34433  -27.400  -38.557  -17.831 1.0000000000
117076  -28.041  -38.992  -12.478 0.6999999881
32278  -9.793  -40.579  -18.126 0.8999999762
31241  -14.266  -41.009  -18.632 1.0000000000
33310  -30.115  -40.010  -13.316 0.8000000119
32297  -13.662  -40.485  -18.191 1.0000000000
134761  -16.516  -40.446  -19.076 1.0000000000
117058  -30.564  -40.212  -14.151 0.8000000119
33404  -9.070  -39.514  -20.232 0.8999999762
31242  -15.063  -40.825  -18.787 1.0000000000
32324  -17.293  -40.778  -19.297 1.0000000000
33340  -31.367  -39.443  -15.352 0.8000000119
33402  -9.002  -39.476  -19.461 0.8999999762
34460  -9.471  -38.752  -19.731 0.8000000119
33421  -9.521  -39.673  -21.059 0.6999999881
33422  -10.086  -39.326  -21.597 0.6000000238
34453  -21.999  -38.544  -18.333 1.0000000000
121942  -30.851  -39.098  -17.193 1.0000000000
34456  -24.962  -38.891  -18.540 1.0000000000
124551  -12.240  -40.731  -17.589 0.8999999762
33249  -28.487  -39.800  -8.824 0.6000000238
33281  -30.021  -39.186  -11.234 0.6000000238
33267  -30.351  -38.807  -10.699 0.6000000238
31219  -10.539  -41.135  -17.610 0.8999999762
32280  -11.245  -40.634  -17.409 0.8999999762
31239  -12.586  -41.505  -18.105 0.8999999762
32298  -14.545  -40.170  -18.357 1.0000000000
33387  -16.075  -39.770  -18.602 1.0000000000
126554  -30.274  -39.356  -12.126 0.6000000238
32279  -10.369  -40.293  -17.655 0.8999999762
118895  -10.795  -39.664  -17.488 0.8999999762
32296  -12.980  -40.796  -18.019 0.8999999762
32299  -15.339  -40.200  -18.585 1.0000000000
33390  -19.303  -39.508  -18.585 1.0000000000
132091  -19.934  -39.064  -18.357 1.0000000000
34370  -30.701  -38.718  -12.106 0.6000000238
33296  -30.266  -39.093  -13.032 0.6999999881
120863  -11.834  -39.918  -17.353 0.8999999762
32281  -12.882  -40.029  -17.624 0.8999999762
33388  -17.485  -39.385  -18.634 1.0000000000
33339  -30.966  -39.395  -14.581 0.8000000119
34400  -31.368  -38.664  -15.165 0.8000000119
33382  -9.361  -39.048  -18.882 0.8999999762
33365  -12.309  -39.295  -17.401 0.8999999762
33385  -14.500  -39.435  -18.021 0.8999999762
32301  -17.866  -40.045  -18.984 1.0000000000
138733  -20.505  -38.735  -18.223 1.0000000000
34452  -21.173  -38.686  -18.271 1.0000000000
137348  -22.823  -37.642  -17.837 1.0000000000
35502  -22.971  -37.146  -17.655 1.0000000000
34410  -31.600  -38.765  -16.609 0.8999999762
34407  -31.621  -38.172  -15.871 0.8999999762
34461  -9.826  -37.923  -19.507 0.6999999881
120203  -10.669  -38.000  -20.625 0.6000000238
122333  -14.982  -38.066  -17.657 0.8999999762
34449  -18.309  -38.644  -18.151 1.0000000000
34451  -19.995  -38.387  -17.937 1.0000000000
34426  -20.757  -38.192  -17.820 1.0000000000
35501  -21.830  -37.458  -17.008 1.0000000000
34428  -22.260  -37.844  -17.770 1.0000000000
35503  -23.967  -37.300  -18.021 1.0000000000
35486  -31.830  -37.703  -16.759 0.8999999762
36512  -23.196  -34.892  -15.591 1.0000000000
115782  -22.282  -35.984  -17.165 1.0000000000
36534  -24.208  -36.680  -18.017 1.0000000000
35504  -24.892  -37.203  -18.210 1.0000000000
133690  -26.375  -37.547  -18.208 1.0000000000
35506  -27.147  -37.741  -18.026 1.0000000000
131564  -28.035  -37.910  -17.764 1.0000000000
35508  -30.428  -37.552  -17.429 0.8999999762
35509  -31.372  -37.444  -17.252 0.8999999762
129076  -29.140  -38.024  -17.588 1.0000000000
37620  -21.859  -35.332  -16.068 1.0000000000
36548  -22.674  -36.022  -17.526 1.0000000000
124337  -26.756  -36.963  -18.146 1.0000000000
123989  -27.676  -37.109  -17.903 1.0000000000
36539  -29.172  -36.475  -17.593 1.0000000000
35507  -29.515  -37.176  -17.509 0.8999999762
139720  -24.303  -36.108  -18.073 1.0000000000
33250  -29.427  -39.464  -8.281 0.3000000119
34332  -30.062  -38.569  -8.790 0.4000000060
34344  -30.116  -38.693  -9.720 0.5000000000
33237  -29.649  -39.588  -7.568 0.3000000119
35420  -31.480  -37.704  -10.452 0.5000000000
117737  -31.051  -38.059  -11.880 0.6000000238
33386  -15.169  -39.577  -18.284 1.0000000000
34446  -14.916  -38.800  -17.909 0.8999999762
34447  -16.344  -38.949  -18.201 1.0000000000
33364  -11.419  -38.985  -17.417 0.8999999762
132092  -17.792  -38.864  -18.339 1.0000000000
34424  -18.585  -38.159  -17.653 1.0000000000
35450  -30.610  -37.619  -13.370 0.6000000238
35465  -31.027  -37.695  -14.108 0.6999999881
33383  -9.798  -39.495  -18.057 0.8999999762
34445  -9.828  -38.451  -18.460 0.8999999762
33367  -14.014  -38.908  -17.683 0.8999999762
34422  -16.717  -38.309  -17.753 1.0000000000
35483  -20.125  -37.146  -16.479 1.0000000000
35466  -31.352  -37.723  -15.008 0.8999999762
35519  -10.343  -37.255  -19.354 0.8000000119
34419  -13.266  -38.116  -17.446 0.8999999762
34423  -17.680  -38.335  -17.774 1.0000000000
35499  -20.255  -37.734  -17.276 1.0000000000
35477  -31.537  -37.424  -15.823 0.8999999762
35528  -11.058  -37.614  -20.134 0.6999999881
35529  -11.974  -37.336  -20.490 0.6000000238
36563  -13.233  -36.529  -19.985 0.6000000238
118144  -20.000  -35.591  -15.513 1.0000000000
119776  -31.709  -36.897  -17.118 0.8999999762
37631  -21.479  -35.338  -17.589 1.0000000000
36535  -25.102  -36.321  -18.183 1.0000000000
36537  -27.336  -36.317  -18.064 1.0000000000
36541  -31.376  -36.270  -17.259 0.8999999762
38691  -20.921  -34.219  -18.284 0.8999999762
36536  -26.313  -36.110  -18.158 1.0000000000
119484  -28.780  -35.793  -17.720 1.0000000000
34315  -30.418  -37.745  -7.667 0.3000000119
35410  -31.811  -37.280  -9.588 0.4000000060
35434  -31.331  -37.413  -11.363 0.5000000000
34418  -12.201  -38.346  -17.397 0.8999999762
34417  -11.088  -37.997  -17.546 0.8999999762
138690  -12.495  -37.693  -17.361 0.8999999762
35498  -18.919  -37.583  -17.063 1.0000000000
36499  -31.365  -36.920  -14.455 0.8000000119
36498  -31.279  -36.948  -13.829 0.6999999881
34416  -10.372  -37.794  -18.171 0.8999999762
35491  -11.756  -37.229  -17.445 0.8999999762
134600  -13.747  -37.459  -17.442 0.8999999762
35493  -14.503  -37.431  -17.445 0.8999999762
35495  -16.255  -37.651  -17.299 1.0000000000
35497  -18.082  -37.706  -17.045 1.0000000000
35481  -18.538  -37.037  -16.508 1.0000000000
36510  -20.793  -35.754  -15.671 1.0000000000
36524  -31.621  -36.830  -16.308 0.8999999762
36545  -10.830  -36.481  -19.054 0.6999999881
35521  -12.266  -36.711  -19.841 0.6000000238
37602  -19.082  -35.272  -15.572 1.0000000000
37619  -20.639  -35.385  -15.682 1.0000000000
36540  -30.364  -36.550  -17.479 0.8999999762
126143  -31.727  -36.128  -16.818 0.8000000119
37648  -22.829  -35.425  -17.958 1.0000000000
37630  -20.665  -35.187  -16.847 1.0000000000
38675  -21.231  -34.829  -18.015 1.0000000000
119486  -27.156  -35.654  -18.053 1.0000000000
37640  -30.745  -35.655  -17.438 0.8000000119
35480  -17.657  -36.967  -16.512 1.0000000000
36485  -31.559  -36.252  -13.917 0.6999999881
129810  -13.698  -36.584  -17.171 0.8999999762
120799  -14.803  -36.735  -17.058 0.8999999762
36532  -15.787  -36.942  -16.825 0.8999999762
120088  -18.317  -36.467  -16.094 1.0000000000
35482  -19.336  -37.022  -16.455 1.0000000000
37609  -31.425  -35.995  -15.755 0.6999999881
37590  -31.227  -36.084  -14.856 0.6999999881
37627  -11.711  -35.522  -17.779 0.8000000119
37629  -13.074  -35.527  -16.703 0.8999999762
37601  -16.276  -34.966  -15.475 0.8999999762
137894  -31.414  -35.331  -15.717 0.6999999881
37644  -11.745  -35.017  -18.200 0.6999999881
36553  -12.488  -35.891  -19.458 0.6000000238
37655  -14.965  -35.506  -19.401 0.6000000238
129832  -15.177  -34.774  -19.512 0.5000000000
38665  -19.440  -34.607  -16.082 1.0000000000
38666  -20.106  -34.839  -16.336 1.0000000000
39712  -21.402  -33.561  -18.442 0.8999999762
38674  -20.346  -34.776  -17.650 0.8999999762
38690  -19.969  -34.069  -18.168 0.8000000119
38692  -21.926  -34.239  -18.306 1.0000000000
38693  -22.593  -34.700  -18.143 1.0000000000
37633  -23.936  -35.491  -18.033 1.0000000000
132020  -20.635  -33.517  -18.446 0.8000000119
35490  -10.875  -37.102  -17.918 0.8999999762
36528  -11.394  -36.394  -17.875 0.8999999762
36519  -16.286  -36.324  -16.263 1.0000000000
116661  -15.884  -35.578  -15.809 0.8999999762
36520  -17.781  -36.120  -15.936 1.0000000000
36508  -18.624  -35.892  -15.586 1.0000000000
36522  -19.920  -36.324  -15.822 1.0000000000
37604  -20.335  -35.110  -15.648 1.0000000000
37616  -13.558  -34.711  -16.116 0.8000000119
130517  -18.042  -35.215  -15.589 0.8999999762
139478  -30.194  -34.498  -17.474 0.6999999881
37645  -12.273  -34.674  -18.452 0.6000000238
37615  -12.821  -34.692  -16.730 0.8999999762
38648  -17.656  -34.270  -15.605 0.8999999762
38649  -18.708  -34.559  -15.779 1.0000000000
38664  -18.593  -34.177  -16.115 0.8999999762
38673  -19.606  -34.561  -17.299 0.8999999762
135563  -19.257  -34.041  -17.826 0.8999999762
37636  -26.605  -35.169  -17.986 0.8999999762
37639  -29.271  -35.287  -17.662 0.8000000119
37653  -12.783  -35.116  -19.105 0.6000000238
39722  -15.541  -33.292  -19.906 0.6000000238
122206  -18.057  -33.699  -16.964 0.8000000119
39710  -19.369  -33.421  -18.203 0.8000000119
41584  -19.598  -31.151  -18.596 0.8000000119
41585  -21.287  -31.851  -18.428 0.8000000119
134452  -23.729  -34.190  -17.965 1.0000000000
41580  -16.263  -31.629  -18.178 0.6999999881
42510  -16.509  -31.328  -17.695 0.6999999881
37638  -28.523  -35.153  -17.768 0.8999999762
37628  -12.253  -35.233  -17.180 0.8999999762
36518  -15.256  -36.042  -16.290 0.8999999762
37617  -15.193  -34.794  -15.400 0.8999999762
38687  -12.629  -34.108  -18.007 0.8000000119
123410  -13.616  -33.679  -15.690 0.8000000119
38646  -14.756  -33.782  -15.027 0.8999999762
39677  -15.817  -33.577  -15.442 0.8999999762
39679  -17.809  -33.704  -15.879 0.8999999762
40634  -17.773  -32.669  -17.576 0.8000000119
39713  -22.190  -33.410  -18.333 0.8999999762
40650  -22.340  -32.709  -18.214 0.8000000119
39697  -22.943  -33.064  -17.989 0.8999999762
38681  -28.359  -34.494  -17.696 0.8999999762
39705  -29.797  -33.945  -17.473 0.6999999881
37646  -13.096  -34.412  -18.671 0.6000000238
39686  -13.414  -33.619  -16.473 0.8000000119
39695  -13.975  -32.978  -16.694 0.8000000119
39709  -15.247  -33.088  -18.769 0.6999999881
124844  -17.020  -32.927  -15.859 0.8000000119
40648  -18.735  -32.700  -18.203 0.8000000119
39698  -23.707  -33.450  -17.847 0.8999999762
38680  -27.690  -34.320  -17.709 0.8999999762
41566  -15.615  -31.081  -17.162 0.6999999881
41569  -17.120  -31.542  -17.666 0.8000000119
120083  -18.523  -30.773  -18.698 0.8000000119
138272  -24.911  -33.311  -17.680 0.8000000119
39703  -28.154  -33.851  -17.608 0.8999999762
39678  -16.941  -33.490  -15.641 0.8999999762
39676  -14.792  -32.936  -15.243 0.8000000119
40618  -16.007  -32.589  -15.712 0.8000000119
40616  -14.677  -32.126  -16.242 0.8000000119
41561  -16.284  -31.267  -16.454 0.8000000119
40633  -16.994  -31.764  -16.810 0.8000000119
42511  -20.863  -29.871  -18.042 0.8000000119
41570  -21.882  -31.186  -17.968 0.8000000119
118931  -24.434  -33.032  -17.686 0.8000000119
40624  -15.101  -31.173  -16.299 0.8000000119
41568  -16.366  -31.074  -16.957 0.6999999881
44563  -19.501  -27.981  -18.195 0.8000000119
127943  -27.387  -33.773  -17.621 0.8000000119
42513  -22.594  -30.476  -17.752 0.6999999881
40638  -24.558  -32.334  -17.641 0.5000000000
40617  -15.048  -32.012  -15.815 0.8000000119
40626  -16.612  -32.077  -16.172 0.8000000119
40635  -22.093  -32.040  -18.102 0.8000000119
40637  -23.742  -32.474  -17.739 0.6000000238
41559  -15.320  -31.297  -16.647 0.6999999881
43540  -20.653  -28.616  -17.887 0.6999999881
44545  -20.471  -27.161  -17.856 0.6000000238
43542  -22.666  -29.378  -17.591 0.6000000238
41573  -24.317  -31.606  -17.614 0.5000000000
120510  -25.934  -31.987  -17.537 0.6000000238
131563  -23.359  -30.644  -17.649 0.5000000000
136028  -26.604  -31.315  -17.389 0.5000000000
118986  -23.857  -28.303  -17.758 0.5000000000
125785  -24.145  -30.711  -17.595 0.5000000000
44548  -24.207  -28.459  -17.906 0.4000000060
140945  -21.290  -26.804  -17.630 0.6000000238
42514  -23.992  -29.826  -17.589 0.5000000000
45501  -23.297  -27.160  -18.020 0.5000000000
130074  -25.161  -29.583  -17.793 0.4000000060
44549  -24.869  -29.274  -17.955 0.3000000119
5803  -16.489  -67.806  -33.634 0.8999999762
7313  -16.133  -65.887  -34.817 1.0000000000
4501  -18.685  -69.454  -34.834 1.0000000000
1040  -28.443  -77.283  -28.305 0.5000000000
8135  -12.732  -64.763  -32.510 1.0000000000
130980  -14.673  -64.751  -32.985 1.0000000000
8126  -19.118  -64.761  -31.963 1.0000000000
5114  -21.261  -67.997  -31.697 1.0000000000
5793  -21.842  -67.694  -30.970 1.0000000000
4491  -23.948  -69.716  -33.207 0.8999999762
2186  -27.085  -73.967  -35.091 0.8999999762
132521  -14.414  -73.738  -21.403 0.6000000238
3899  -24.385  -71.093  -35.694 0.8999999762
139358  -12.550  -66.012  -27.313 1.0000000000
5162  -28.342  -68.981  -36.024 0.8000000119
139076  -11.890  -71.148  -24.176 0.8999999762
131654  -24.183  -65.345  -36.252 0.8999999762
4528  -24.404  -71.354  -37.573 0.8999999762
4536  -24.747  -71.646  -38.794 0.8000000119
7224  -17.424  -65.984  -24.095 1.0000000000
8966  -20.558  -63.685  -29.052 1.0000000000
7305  -24.813  -66.078  -33.722 0.8999999762
6425  -16.561  -66.590  -23.108 1.0000000000
130132  -11.593  -69.888  -23.170 1.0000000000
8040  -20.655  -64.374  -24.053 1.0000000000
118152  -12.455  -61.097  -30.382 1.0000000000
10758  -22.308  -61.640  -31.220 1.0000000000
11526  -22.515  -60.933  -24.910 1.0000000000
8868  -15.228  -63.557  -20.187 1.0000000000
8858  -16.557  -63.460  -19.360 1.0000000000
7184  -11.396  -65.447  -21.782 1.0000000000
136117  -18.939  -62.855  -17.911 1.0000000000
10680  -14.305  -61.433  -25.364 1.0000000000
10667  -15.350  -61.736  -24.349 1.0000000000
10712  -10.761  -61.175  -28.264 1.0000000000
10678  -12.410  -61.427  -25.055 1.0000000000
10676  -10.809  -61.134  -25.964 1.0000000000
10679  -13.427  -61.515  -25.285 1.0000000000
10652  -15.595  -61.977  -23.310 1.0000000000
11508  -18.363  -60.623  -22.385 1.0000000000
7974  -10.323  -64.280  -19.809 0.8000000119
9765  -10.435  -62.811  -22.005 1.0000000000
127014  -12.412  -59.473  -24.026 1.0000000000
125527  -15.475  -61.125  -19.390 1.0000000000
14258  -17.334  -57.739  -19.308 1.0000000000
13290  -10.438  -58.476  -25.710 1.0000000000
139155  -10.690  -59.077  -25.515 1.0000000000
13279  -11.853  -59.028  -24.740 1.0000000000
14315  -13.701  -57.843  -24.821 1.0000000000
13216  -15.965  -58.932  -18.976 1.0000000000
12391  -12.263  -60.004  -21.431 1.0000000000
12392  -12.905  -59.371  -21.008 1.0000000000
15399  -17.510  -56.200  -24.216 1.0000000000
14329  -13.010  -57.566  -25.319 1.0000000000
14316  -14.667  -57.297  -24.737 1.0000000000
134976  -13.887  -57.430  -19.092 1.0000000000
18564  -6.486  -52.034  -35.232 0.6000000238
115726  -20.121  -54.766  -16.445 1.0000000000
117414  -8.532  -53.403  -27.134 1.0000000000
15349  -8.525  -55.584  -20.034 0.8000000119
16301  -9.689  -54.843  -20.072 0.8000000119
19334  -21.817  -52.676  -18.312 1.0000000000
20346  -19.435  -51.792  -19.300 1.0000000000
140185  -21.736  -52.667  -17.286 1.0000000000
115771  -9.349  -51.077  -19.148 1.0000000000
20337  -21.886  -52.191  -17.715 1.0000000000
20349  -21.740  -51.124  -19.007 1.0000000000
20348  -21.483  -51.567  -19.206 1.0000000000
21363  -21.395  -50.463  -20.378 1.0000000000
22383  -18.390  -49.790  -20.490 1.0000000000
21426  -7.984  -50.237  -27.075 1.0000000000
15309  -8.670  -56.363  -17.325 0.6999999881
115721  -16.357  -53.068  -15.700 1.0000000000
25681  -9.637  -46.416  -26.235 0.8000000119
123990  -22.669  -47.081  -20.559 1.0000000000
19328  -9.848  -53.070  -16.847 0.8000000119
24499  -8.505  -46.801  -23.964 0.8999999762
118093  -22.889  -46.327  -20.557 1.0000000000
115742  -13.790  -51.561  -16.103 0.8999999762
140343  -15.303  -52.042  -16.161 1.0000000000
116363  -13.575  -50.791  -16.277 0.8999999762
132531  -20.105  -47.291  -17.707 1.0000000000
26683  -14.519  -45.246  -19.629 1.0000000000
30182  -23.827  -42.911  -20.184 1.0000000000
29005  -23.190  -43.354  -16.922 0.8000000119
27862  -8.412  -44.419  -17.027 0.8999999762
137923  -24.879  -41.946  -19.800 1.0000000000
29013  -11.331  -43.485  -18.055 1.0000000000
30163  -20.297  -42.150  -19.856 1.0000000000
31265  -23.708  -41.545  -19.619 1.0000000000
31266  -24.613  -41.514  -19.638 1.0000000000
128561  -15.614  -47.713  -17.535 0.8999999762
24433  -15.002  -46.581  -17.483 0.8000000119
129388  -16.390  -44.520  -17.853 0.8999999762
34398  -21.487  -38.436  -14.156 0.6999999881
137705  -28.390  -40.607  -14.185 0.8000000119
32219  -20.789  -38.998  -14.002 0.6000000238
32306  -22.868  -39.981  -19.129 1.0000000000
137122  -31.627  -38.906  -15.849 0.8999999762
34429  -23.578  -37.852  -18.124 1.0000000000
34431  -25.638  -37.864  -18.277 1.0000000000
33266  -29.312  -39.238  -9.953 0.6000000238
33295  -29.955  -39.583  -12.128 0.6000000238
33265  -28.135  -39.601  -9.794 0.4000000060
33311  -30.511  -39.382  -13.803 0.8000000119
34427  -21.526  -38.030  -17.793 1.0000000000
122480  -29.371  -39.221  -9.048 0.5000000000
120531  -30.425  -38.384  -12.998 0.6000000238
131234  -15.650  -39.094  -18.157 1.0000000000
35520  -11.305  -36.965  -19.601 0.6000000238
35485  -22.013  -37.061  -16.133 1.0000000000
116396  -22.204  -36.125  -16.846 1.0000000000
34325  -30.027  -38.603  -7.965 0.3000000119
35472  -21.798  -36.572  -15.715 1.0000000000
124173  -11.516  -36.085  -19.208 0.6000000238
37635  -25.500  -35.365  -18.033 1.0000000000
36531  -14.131  -35.824  -16.526 0.8999999762
40649  -19.612  -32.661  -18.445 0.8000000119
38676  -24.215  -34.689  -17.956 1.0000000000
39714  -22.917  -34.013  -18.191 0.8999999762
140690  -18.498  -29.733  -18.879 0.6999999881
38655  -31.261  -34.733  -16.727 0.8000000119
123987  -26.517  -33.709  -17.641 0.8999999762
40659  -15.745  -32.463  -19.309 0.6999999881
43552  -19.877  -29.409  -18.326 0.8000000119
39688  -17.367  -32.835  -16.488 0.8000000119
138903  -29.363  -33.456  -17.400 0.6999999881
118763  -26.150  -32.908  -17.520 0.6000000238
39702  -27.912  -33.170  -17.526 0.6999999881
39704  -28.694  -33.308  -17.480 0.6999999881
43543  -23.667  -29.048  -17.558 0.6000000238
3851  -14.045  -70.731  -30.557 0.6999999881
3261  -13.524  -71.198  -31.380 0.8000000119
2669  -13.681  -71.853  -30.955 0.8000000119
3281  -13.605  -70.908  -34.424 0.8999999762
2710  -14.561  -72.502  -33.191 0.8000000119
2697  -14.898  -73.133  -32.790 0.8000000119
2698  -16.186  -73.178  -32.406 0.8000000119
2176  -18.795  -73.752  -32.984 0.6000000238
3791  -15.369  -70.206  -25.029 0.8000000119
17576  -7.708  -53.881  -34.935 0.6999999881
22515  -8.320  -48.855  -30.356 0.6000000238
21490  -7.614  -50.732  -32.095 0.6999999881
116703  -9.492  -46.385  -25.415 0.8000000119
134354  -9.988  -46.420  -26.638 0.5000000000
25647  -8.751  -46.155  -23.349 0.8000000119
124214  -9.171  -46.377  -24.437 0.8000000119
26708  -9.239  -45.262  -21.516 0.8000000119
27922  -9.654  -44.673  -21.109 0.8000000119
27923  -10.490  -44.665  -21.285 0.6999999881
116387  -9.473  -48.684  -16.463 0.6999999881
29042  -9.036  -43.394  -20.751 0.8000000119
29054  -10.407  -43.407  -21.483 0.6000000238
29064  -10.848  -43.327  -22.289 0.6000000238
29065  -11.308  -43.563  -23.040 0.5000000000
132934  -19.042  -43.275  -17.795 0.8999999762
30188  -10.125  -42.558  -22.143 0.6000000238
31296  -10.402  -41.667  -23.158 0.5000000000
132453  -12.070  -47.985  -16.529 0.6999999881
131989  -19.372  -41.350  -17.136 0.8000000119
31224  -20.323  -41.634  -17.219 0.8000000119
33350  -22.240  -38.562  -14.455 0.6999999881
32368  -10.132  -40.876  -22.590 0.5000000000
125833  -9.752  -38.955  -20.754 0.6999999881
35550  -13.244  -37.493  -21.361 0.6000000238
116545  -22.662  -36.547  -17.453 1.0000000000
36511  -22.113  -35.928  -15.430 1.0000000000
37654  -13.926  -35.142  -19.220 0.6000000238
41606  -16.220  -31.994  -19.909 0.6000000238
43549  -17.739  -29.683  -19.380 0.6999999881
38688  -13.503  -33.826  -18.110 0.6000000238
37647  -14.360  -34.391  -18.807 0.6000000238
125476  -31.012  -34.075  -16.245 0.6000000238
38654  -31.323  -34.656  -15.733 0.6000000238
39708  -14.111  -33.268  -17.499 0.6999999881
122008  -14.846  -32.963  -17.870 0.6999999881
40632  -15.568  -31.701  -17.492 0.6999999881
40643  -29.305  -32.840  -17.200 0.6000000238
39680  -30.570  -33.255  -16.177 0.6000000238
40631  -14.888  -32.368  -17.119 0.6999999881
45497  -20.104  -26.177  -18.362 0.5000000000
40641  -27.677  -32.389  -17.393 0.6000000238
40642  -28.524  -32.584  -17.318 0.6000000238
46432  -21.653  -25.653  -17.883 0.5000000000
43544  -24.457  -29.060  -17.699 0.4000000060
42515  -24.758  -29.936  -17.638 0.5000000000
139489  -26.507  -30.721  -17.362 0.5000000000
22514  -8.212  -49.767  -30.925 0.6999999881
46467  -20.575  -25.864  -19.077 0.5000000000
131020  -14.354  -71.778  -34.529 0.8999999762
123530  -15.469  -73.349  -33.156 0.8000000119
2713  -16.940  -73.347  -33.416 0.8000000119
2699  -17.156  -72.814  -32.675 0.8000000119
2174  -16.773  -74.150  -33.723 0.8000000119
2700  -17.780  -72.742  -32.874 0.6999999881
2715  -18.687  -73.109  -33.047 0.6999999881
2194  -16.054  -73.555  -35.493 0.8000000119
2732  -15.484  -73.067  -36.014 0.8999999762
2184  -16.706  -74.913  -34.334 0.8000000119
1741  -16.925  -75.535  -33.553 0.8000000119
1721  -17.329  -76.133  -32.627 0.8000000119
1722  -17.896  -75.661  -32.092 0.6999999881
2196  -17.004  -74.657  -35.367 0.8999999762
3852  -16.128  -70.116  -30.403 0.6999999881
3842  -16.152  -70.444  -29.515 0.6000000238
3866  -13.867  -70.255  -32.534 1.0000000000
2659  -13.723  -71.949  -30.132 0.8000000119
3850  -13.620  -70.826  -31.131 0.8000000119
119777  -19.560  -74.887  -32.157 0.6000000238
1359  -17.768  -76.486  -32.063 0.6999999881
1732  -19.031  -74.447  -32.621 0.6000000238
1064  -19.383  -76.877  -30.441 0.6999999881
1055  -21.025  -76.540  -29.853 0.5000000000
810  -19.166  -77.633  -31.570 0.6999999881
124492  -19.864  -76.929  -33.370 0.8000000119
4474  -17.103  -68.787  -32.180 0.8999999762
124864  -17.056  -67.526  -30.470 0.8000000119
4471  -14.197  -69.477  -33.530 1.0000000000
125468  -13.360  -69.237  -35.046 1.0000000000
1053  -19.599  -77.531  -30.064 0.6999999881
556  -20.005  -78.202  -29.713 0.6999999881
129647  -17.973  -74.402  -36.009 1.0000000000
1379  -20.410  -75.880  -34.861 0.8999999762
811  -20.085  -77.462  -32.024 0.8000000119
1079  -22.082  -76.844  -32.579 0.8000000119
4409  -16.290  -69.129  -26.149 0.8000000119
4383  -16.543  -69.719  -24.962 0.6000000238
5049  -17.128  -68.845  -26.024 0.6999999881
5058  -16.823  -68.543  -26.771 0.8999999762
4455  -18.294  -68.354  -30.136 0.6999999881
5789  -14.821  -67.415  -31.600 0.8999999762
4511  -13.516  -68.667  -36.723 1.0000000000
3908  -14.412  -70.168  -37.415 1.0000000000
766  -20.832  -78.153  -28.233 0.6000000238
537  -21.203  -78.791  -28.169 0.6000000238
1742  -18.285  -75.431  -34.768 0.8000000119
136403  -18.432  -74.755  -35.696 1.0000000000
557  -21.030  -78.252  -29.773 0.6000000238
550  -22.859  -78.620  -28.764 0.6000000238
1066  -23.590  -77.021  -31.982 0.6999999881
1081  -24.097  -76.533  -32.772 0.8000000119
5745  -16.259  -67.747  -28.618 0.8999999762
4473  -16.509  -68.770  -32.816 1.0000000000
4500  -14.293  -67.568  -35.283 1.0000000000
2696  -14.348  -72.532  -32.288 0.8000000119
2736  -19.809  -72.926  -36.283 1.0000000000
132176  -22.382  -74.852  -36.015 1.0000000000
803  -24.085  -77.459  -31.212 0.6999999881
118198  -26.418  -76.666  -31.138 0.8000000119
1374  -24.061  -75.939  -34.398 0.8999999762
1089  -24.523  -76.188  -33.599 0.8999999762
1090  -25.285  -76.086  -33.681 0.8999999762
1082  -25.206  -76.506  -32.929 0.8999999762
1350  -26.854  -76.131  -31.772 0.8000000119
5090  -15.489  -68.013  -28.126 0.8999999762
4408  -15.372  -69.317  -26.208 0.8999999762
5774  -13.880  -67.520  -30.810 0.8999999762
5744  -15.463  -67.716  -28.850 0.8999999762
5814  -16.132  -67.322  -34.865 1.0000000000
5825  -16.699  -66.918  -35.758 1.0000000000
5813  -15.377  -67.088  -34.340 1.0000000000
120517  -15.005  -66.401  -34.647 1.0000000000
5132  -15.164  -67.409  -35.166 1.0000000000
139964  -17.034  -67.211  -36.046 1.0000000000
132141  -15.253  -67.374  -33.375 0.8999999762
5155  -14.757  -67.481  -37.014 1.0000000000
118912  -13.186  -67.073  -32.957 0.8999999762
5788  -13.320  -67.279  -31.906 0.8999999762
4526  -15.733  -68.866  -37.408 1.0000000000
137839  -15.510  -70.296  -37.383 1.0000000000
5147  -18.364  -68.460  -34.894 1.0000000000
3909  -16.582  -71.032  -36.956 1.0000000000
6597  -18.740  -66.828  -40.897 0.6000000238
7373  -16.485  -66.722  -40.033 0.5000000000
8202  -17.258  -65.459  -38.294 0.6999999881
117270  -19.056  -66.177  -39.206 0.6999999881
6599  -20.102  -66.921  -40.523 0.8000000119
7375  -19.900  -66.459  -39.462 0.8000000119
140061  -21.108  -65.263  -40.099 0.8000000119
8242  -21.310  -64.357  -41.408 0.8000000119
138741  -21.726  -65.223  -38.639 0.8999999762
125251  -23.035  -64.497  -41.925 0.6999999881
1046  -26.720  -76.808  -29.232 0.6999999881
770  -27.299  -77.460  -27.830 0.6000000238
1047  -27.478  -76.452  -29.107 0.6999999881
1340  -27.649  -75.328  -30.329 0.8000000119
1716  -27.611  -74.101  -31.384 0.8000000119
136257  -27.713  -72.765  -33.999 0.8000000119
3173  -15.591  -71.373  -23.579 0.6999999881
3790  -14.784  -69.996  -25.629 0.8999999762
5071  -13.419  -68.738  -27.899 0.8999999762
3806  -13.898  -70.331  -26.224 0.8999999762
5760  -16.384  -67.508  -29.521 0.8999999762
7299  -16.483  -65.636  -33.960 1.0000000000
5772  -12.080  -67.620  -30.200 0.8999999762
6498  -11.682  -66.712  -31.268 0.8999999762
3297  -19.286  -72.178  -35.940 1.0000000000
3298  -20.161  -72.236  -35.599 1.0000000000
140851  -21.200  -70.813  -34.399 1.0000000000
128827  -22.307  -72.350  -34.714 0.8999999762
117232  -23.056  -72.474  -34.667 0.8999999762
6613  -18.865  -67.256  -42.245 0.6000000238
7409  -19.510  -66.531  -41.923 0.6999999881
8256  -19.803  -64.405  -43.083 0.8000000119
131701  -22.856  -74.179  -36.434 1.0000000000
9120  -19.148  -64.655  -44.318 0.5000000000
9110  -20.530  -63.730  -42.795 0.5000000000
8257  -21.173  -63.870  -42.237 0.6000000238
7413  -25.025  -66.174  -41.395 0.8000000119
1746  -24.105  -74.573  -35.998 0.8999999762
3269  -28.895  -71.653  -32.532 0.8000000119
3876  -28.940  -70.523  -33.736 0.8000000119
2706  -28.568  -72.240  -31.939 0.8000000119
1341  -28.799  -74.930  -30.406 0.6999999881
2160  -29.434  -73.375  -31.062 0.6999999881
2679  -28.949  -72.770  -31.045 0.6999999881
2680  -29.460  -72.499  -31.605 0.6000000238
2590  -15.175  -72.213  -23.033 0.8000000119
3774  -14.698  -70.784  -24.950 0.8000000119
5810  -12.511  -66.563  -34.646 0.8999999762
131883  -14.171  -65.973  -34.773 1.0000000000
7298  -15.559  -65.592  -34.113 1.0000000000
6517  -11.624  -65.933  -32.831 1.0000000000
5148  -19.184  -68.906  -34.325 1.0000000000
2727  -23.588  -72.970  -35.436 0.8999999762
2728  -24.276  -72.444  -35.551 0.8999999762
1760  -23.719  -74.093  -36.414 0.8999999762
2202  -25.790  -73.446  -36.123 0.8999999762
9111  -21.889  -63.908  -43.002 0.5000000000
9124  -23.332  -63.775  -44.458 0.5000000000
9112  -22.792  -64.098  -43.537 0.5000000000
118631  -25.298  -66.409  -41.584 0.6999999881
132117  -24.880  -68.231  -41.244 0.6999999881
1331  -29.241  -75.715  -30.104 0.5000000000
8144  -12.163  -65.197  -33.549 1.0000000000
8145  -13.954  -65.044  -33.860 1.0000000000
8146  -15.078  -65.068  -33.582 1.0000000000
7288  -17.835  -65.234  -33.003 1.0000000000
4476  -21.602  -69.078  -32.763 0.8999999762
7378  -23.392  -65.170  -39.090 0.8999999762
137437  -24.577  -72.449  -36.195 0.8999999762
5878  -25.022  -68.808  -41.465 0.6999999881
6610  -26.633  -67.113  -41.662 0.6999999881
3277  -29.514  -71.229  -33.403 0.6999999881
131475  -16.850  -64.628  -31.725 1.0000000000
8124  -15.987  -64.624  -31.570 1.0000000000
8125  -17.571  -64.521  -31.582 1.0000000000
127856  -21.417  -68.589  -32.152 1.0000000000
4475  -20.982  -68.769  -32.798 0.8999999762
2600  -13.334  -72.417  -24.111 0.8000000119
7230  -15.148  -66.811  -25.680 1.0000000000
3184  -12.242  -71.594  -25.461 0.8999999762
8050  -14.989  -64.367  -26.495 1.0000000000
135780  -13.274  -65.247  -26.925 1.0000000000
7268  -11.608  -65.598  -30.328 1.0000000000
8105  -12.417  -64.806  -30.672 1.0000000000
8107  -14.255  -64.659  -30.901 1.0000000000
8113  -20.538  -64.600  -30.147 1.0000000000
9044  -13.491  -63.770  -37.340 0.6999999881
123520  -14.483  -63.498  -36.545 0.6999999881
9896  -13.207  -62.322  -34.812 0.6999999881
5115  -22.694  -68.011  -30.528 0.8999999762
119732  -15.201  -64.148  -37.130 0.6999999881
9020  -20.579  -63.671  -35.545 0.8999999762
8152  -22.328  -64.303  -35.121 0.8999999762
10834  -10.320  -61.377  -38.652 0.6999999881
136389  -22.229  -65.165  -38.117 0.8999999762
7359  -23.163  -65.142  -38.254 0.8999999762
7333  -24.550  -65.380  -37.087 0.8999999762
6562  -26.095  -66.856  -36.515 0.8999999762
3900  -24.459  -71.030  -36.462 0.8999999762
5858  -24.782  -69.727  -39.436 0.8000000119
3313  -26.189  -72.713  -37.232 0.8999999762
5865  -24.732  -69.679  -40.391 0.8000000119
5185  -24.967  -70.758  -39.319 0.8000000119
5193  -25.856  -70.375  -40.173 0.8000000119
3289  -27.869  -71.343  -34.515 0.8000000119
5859  -27.296  -68.840  -38.164 0.8000000119
4505  -27.956  -69.629  -35.414 0.8000000119
119236  -27.631  -66.560  -42.654 0.5000000000
4516  -28.817  -69.325  -35.252 0.8000000119
4506  -29.132  -69.680  -34.645 0.6999999881
5860  -27.902  -67.960  -38.848 0.6999999881
128976  -28.045  -66.664  -41.979 0.5000000000
5182  -29.294  -68.475  -37.687 0.6000000238
4517  -29.288  -69.498  -35.588 0.6000000238
5188  -30.186  -68.706  -38.822 0.5000000000
116291  -12.646  -74.007  -20.898 0.8000000119
2588  -13.259  -72.879  -23.313 0.8000000119
118182  -15.832  -64.881  -26.194 1.0000000000
3773  -11.694  -70.220  -25.355 0.8999999762
5048  -11.751  -68.518  -25.613 1.0000000000
5055  -12.134  -68.768  -27.093 0.8999999762
8079  -12.485  -64.360  -28.493 1.0000000000
8943  -14.065  -63.809  -28.431 1.0000000000
8962  -16.921  -62.835  -29.939 1.0000000000
8976  -19.289  -63.723  -30.234 1.0000000000
7265  -22.953  -65.662  -28.830 1.0000000000
8100  -21.858  -64.563  -28.879 1.0000000000
5117  -24.807  -68.468  -31.098 0.8999999762
6552  -22.927  -66.163  -35.322 0.8999999762
8148  -22.906  -64.743  -33.819 0.8999999762
5836  -26.695  -67.523  -35.205 0.8999999762
115696  -12.354  -73.346  -20.355 0.6000000238
2575  -12.479  -72.603  -22.470 0.8000000119
6444  -15.772  -66.949  -23.259 1.0000000000
6461  -15.115  -67.401  -24.761 1.0000000000
8915  -17.255  -63.743  -25.713 1.0000000000
8052  -17.764  -64.528  -25.120 1.0000000000
9803  -19.193  -62.178  -26.900 1.0000000000
130975  -18.997  -62.457  -26.309 1.0000000000
136081  -14.763  -63.473  -28.527 1.0000000000
9837  -15.817  -62.789  -29.021 1.0000000000
9840  -18.488  -62.442  -29.298 1.0000000000
9820  -18.057  -62.034  -28.471 1.0000000000
125131  -11.827  -72.325  -20.674 0.6999999881
8001  -17.280  -65.206  -22.062 1.0000000000
8022  -18.935  -64.891  -23.802 1.0000000000
8916  -18.963  -63.390  -25.378 1.0000000000
9785  -19.383  -62.825  -25.835 1.0000000000
9821  -19.222  -62.357  -28.414 1.0000000000
8082  -23.124  -64.331  -28.694 1.0000000000
9871  -19.173  -62.341  -32.650 1.0000000000
11646  -9.932  -60.517  -35.756 0.6999999881
8024  -20.803  -64.519  -23.263 1.0000000000
8918  -21.415  -63.352  -24.886 1.0000000000
132250  -18.645  -61.223  -30.284 1.0000000000
10759  -23.176  -61.894  -30.900 1.0000000000
10777  -20.361  -61.798  -31.946 1.0000000000
9874  -22.641  -62.543  -32.430 1.0000000000
127741  -11.431  -70.692  -18.723 0.6000000238
126372  -12.826  -61.482  -32.007 1.0000000000
8995  -23.690  -64.026  -32.250 1.0000000000
3686  -11.502  -70.455  -17.208 0.5000000000
139053  -11.511  -68.221  -21.373 1.0000000000
8019  -12.226  -65.012  -22.768 1.0000000000
7979  -19.100  -64.325  -20.748 1.0000000000
9761  -21.205  -62.551  -21.368 1.0000000000
10658  -22.105  -62.143  -23.505 1.0000000000
10671  -20.627  -61.273  -24.215 1.0000000000
11525  -21.668  -60.608  -24.893 1.0000000000
117892  -15.977  -59.904  -26.843 1.0000000000
11523  -18.489  -60.758  -25.017 1.0000000000
11524  -19.522  -61.063  -24.641 1.0000000000
117518  -19.157  -60.090  -26.817 1.0000000000
118852  -20.350  -59.962  -25.878 1.0000000000
134801  -22.310  -60.279  -26.438 1.0000000000
11563  -18.538  -60.134  -27.496 1.0000000000
11585  -21.961  -60.555  -28.162 1.0000000000
10728  -21.619  -60.978  -29.825 1.0000000000
10749  -12.120  -61.027  -31.817 1.0000000000
4296  -11.348  -69.494  -17.424 0.6000000238
118159  -11.449  -68.117  -18.898 0.6000000238
7996  -11.670  -64.125  -22.606 1.0000000000
5670  -11.564  -67.618  -21.065 1.0000000000
137947  -11.727  -64.732  -22.531 1.0000000000
11562  -17.107  -59.920  -27.759 1.0000000000
132174  -17.777  -60.084  -27.851 1.0000000000
117728  -11.296  -68.162  -18.113 0.6000000238
6409  -11.462  -66.368  -20.327 0.8000000119
10656  -19.454  -61.564  -22.874 1.0000000000
11522  -17.494  -60.889  -25.072 1.0000000000
10654  -17.850  -61.652  -23.366 1.0000000000
128731  -17.078  -61.479  -24.484 1.0000000000
8866  -13.636  -63.259  -20.444 1.0000000000
8850  -20.695  -62.569  -19.441 1.0000000000
10630  -20.708  -61.198  -21.116 1.0000000000
11510  -20.116  -61.146  -21.727 1.0000000000
119972  -16.302  -61.699  -24.187 1.0000000000
10638  -17.979  -61.241  -22.702 1.0000000000
137536  -16.970  -61.437  -22.815 1.0000000000
11509  -19.351  -60.648  -22.049 1.0000000000
10666  -14.551  -61.792  -24.561 1.0000000000
11515  -12.455  -61.076  -23.145 1.0000000000
7166  -11.061  -65.868  -18.905 0.8000000119
9767  -11.759  -62.904  -22.170 1.0000000000
7176  -10.704  -65.023  -20.354 1.0000000000
7995  -10.966  -63.838  -22.314 1.0000000000
10612  -14.490  -61.821  -19.423 1.0000000000
11473  -18.344  -61.034  -18.504 1.0000000000
7976  -10.272  -64.268  -20.860 1.0000000000
8865  -9.809  -63.468  -21.033 1.0000000000
9758  -10.163  -62.451  -21.639 1.0000000000
11488  -12.995  -60.273  -20.717 1.0000000000
129489  -19.172  -60.928  -17.986 1.0000000000
11475  -20.325  -60.504  -18.399 1.0000000000
10663  -11.820  -61.328  -24.594 1.0000000000
10636  -15.044  -61.523  -22.701 1.0000000000
12407  -20.463  -59.061  -21.862 1.0000000000
14306  -18.714  -57.064  -23.603 1.0000000000
13217  -16.893  -58.582  -18.842 1.0000000000
130102  -13.698  -59.606  -20.528 1.0000000000
11481  -17.014  -60.586  -19.410 1.0000000000
12375  -19.513  -59.462  -19.210 1.0000000000
13218  -18.130  -58.679  -19.792 1.0000000000
12372  -16.999  -59.708  -19.392 1.0000000000
12436  -9.881  -59.691  -26.570 1.0000000000
13289  -9.928  -58.373  -25.920 1.0000000000
13302  -9.604  -58.218  -26.590 1.0000000000
14357  -8.832  -57.297  -28.772 1.0000000000
126195  -8.558  -52.985  -21.411 1.0000000000
15356  -17.347  -56.483  -20.914 1.0000000000
15394  -9.195  -56.218  -24.904 1.0000000000
15408  -9.572  -56.882  -25.403 1.0000000000
13280  -12.559  -58.685  -24.596 1.0000000000
14350  -9.191  -57.547  -26.906 1.0000000000
10572  -12.801  -61.120  -15.928 0.5000000000
10583  -12.158  -60.787  -16.398 0.6000000238
9726  -9.561  -61.883  -19.035 0.8000000119
14266  -12.665  -57.119  -20.876 1.0000000000
127849  -12.234  -56.396  -19.858 1.0000000000
16292  -17.455  -56.735  -18.696 1.0000000000
16304  -17.011  -56.001  -19.277 1.0000000000
18424  -11.195  -52.854  -23.922 1.0000000000
17425  -9.604  -54.876  -23.834 1.0000000000
18434  -12.486  -53.303  -24.894 1.0000000000
19378  -13.582  -52.606  -22.961 1.0000000000
121737  -10.780  -57.142  -25.693 1.0000000000
16424  -8.301  -55.610  -29.021 1.0000000000
18544  -7.074  -52.904  -34.755 0.6000000238
12338  -12.238  -60.337  -16.028 0.5000000000
12361  -10.711  -59.808  -17.502 0.6999999881
14283  -13.033  -57.666  -20.896 1.0000000000
21358  -7.925  -50.634  -20.148 1.0000000000
21380  -7.877  -51.105  -21.788 1.0000000000
119892  -11.295  -52.281  -21.514 1.0000000000
117121  -11.908  -52.396  -20.746 1.0000000000
123538  -17.005  -55.841  -19.936 1.0000000000
16314  -17.084  -55.387  -20.719 1.0000000000
19370  -14.438  -52.589  -22.555 1.0000000000
19379  -14.369  -52.758  -23.478 1.0000000000
133708  -16.545  -53.740  -23.347 1.0000000000
17415  -16.784  -54.311  -23.731 1.0000000000
132974  -8.586  -54.579  -27.686 1.0000000000
17478  -8.479  -54.158  -28.504 1.0000000000
15362  -9.522  -56.785  -21.350 1.0000000000
12365  -10.362  -59.955  -18.226 0.8000000119
14295  -10.648  -58.039  -22.126 1.0000000000
123015  -7.871  -51.245  -22.631 1.0000000000
19371  -15.294  -52.767  -23.148 1.0000000000
18416  -16.083  -52.824  -22.520 1.0000000000
15325  -8.555  -56.781  -19.009 0.8000000119
128588  -9.320  -58.264  -19.788 0.8999999762
15271  -16.453  -56.604  -14.367 1.0000000000
16280  -18.898  -55.978  -16.397 1.0000000000
19341  -12.435  -52.090  -19.274 1.0000000000
16294  -18.795  -55.364  -18.632 1.0000000000
115732  -20.241  -55.214  -17.885 1.0000000000
21388  -7.873  -50.879  -23.435 1.0000000000
115759  -14.085  -52.238  -19.202 1.0000000000
115763  -12.823  -51.744  -18.845 1.0000000000
118529  -18.921  -54.479  -19.247 1.0000000000
115738  -20.522  -54.671  -18.338 1.0000000000
115745  -21.237  -54.113  -18.090 1.0000000000
115756  -16.362  -51.941  -18.511 1.0000000000
115753  -17.366  -52.112  -18.646 1.0000000000
115747  -17.884  -52.925  -19.055 1.0000000000
18405  -16.273  -52.641  -20.852 1.0000000000
136439  -7.695  -52.157  -30.589 0.8999999762
17332  -15.392  -55.254  -14.415 1.0000000000
17331  -14.382  -55.400  -14.506 1.0000000000
134608  -16.046  -50.183  -19.302 1.0000000000
21354  -17.466  -50.518  -19.383 1.0000000000
115757  -17.038  -51.292  -18.417 1.0000000000
115761  -16.175  -51.162  -18.309 1.0000000000
115765  -16.038  -50.616  -18.595 1.0000000000
21404  -8.022  -50.326  -25.290 1.0000000000
18397  -14.939  -52.315  -19.592 1.0000000000
115748  -18.410  -52.320  -18.899 1.0000000000
115755  -15.531  -51.995  -18.712 1.0000000000
18398  -15.867  -52.500  -19.973 1.0000000000
20347  -20.417  -51.808  -19.463 1.0000000000
20354  -20.554  -51.220  -20.022 1.0000000000
120338  -19.247  -50.780  -20.203 1.0000000000
19399  -8.311  -52.120  -26.925 1.0000000000
117109  -8.383  -52.728  -27.260 1.0000000000
17349  -15.810  -54.463  -14.815 1.0000000000
115716  -18.631  -53.999  -14.899 1.0000000000
115718  -19.484  -53.874  -15.279 1.0000000000
132741  -11.815  -49.565  -18.720 1.0000000000
22372  -15.736  -49.732  -19.542 1.0000000000
121533  -15.651  -51.532  -18.458 1.0000000000
20345  -18.436  -51.542  -19.013 1.0000000000
117255  -17.856  -50.298  -20.065 1.0000000000
21362  -20.697  -50.654  -20.479 1.0000000000
22385  -20.845  -49.970  -20.868 1.0000000000
20407  -8.217  -51.271  -26.404 1.0000000000
21454  -7.806  -50.510  -29.724 1.0000000000
15337  -8.354  -55.830  -19.290 0.6999999881
17377  -10.055  -54.356  -18.674 0.8000000119
115720  -16.135  -53.772  -15.280 1.0000000000
135662  -17.895  -53.341  -15.034 1.0000000000
130836  -20.646  -53.160  -16.073 1.0000000000
23433  -7.466  -48.688  -22.224 0.8999999762
19329  -21.824  -53.082  -17.589 1.0000000000
23459  -7.837  -48.157  -23.941 1.0000000000
138850  -21.629  -52.084  -18.690 1.0000000000
22433  -8.064  -49.434  -25.758 1.0000000000
22444  -8.116  -49.319  -26.680 1.0000000000
126438  -8.598  -55.610  -17.096 0.6999999881
115741  -13.150  -53.051  -15.821 1.0000000000
119300  -13.087  -52.045  -16.072 1.0000000000
23430  -7.478  -48.467  -21.448 0.8999999762
20331  -19.322  -51.363  -16.189 1.0000000000
116413  -13.508  -49.245  -19.114 1.0000000000
23393  -23.032  -49.033  -17.679 1.0000000000
22368  -22.828  -49.254  -18.673 1.0000000000
21348  -22.049  -50.306  -18.300 1.0000000000
21356  -21.654  -50.850  -19.708 1.0000000000
23420  -21.708  -48.930  -20.743 1.0000000000
137187  -22.042  -50.164  -20.094 1.0000000000
22386  -21.566  -49.701  -20.651 1.0000000000
23419  -20.399  -48.639  -20.940 1.0000000000
23405  -23.730  -48.701  -19.716 1.0000000000
24459  -24.402  -48.440  -19.300 1.0000000000
25617  -24.725  -47.066  -20.227 1.0000000000
25618  -25.510  -46.557  -19.963 1.0000000000
25603  -26.255  -47.017  -19.263 1.0000000000
24471  -20.235  -47.481  -20.760 1.0000000000
129883  -21.865  -48.159  -20.691 1.0000000000
135692  -20.602  -46.980  -20.697 1.0000000000
118094  -22.175  -45.908  -20.612 1.0000000000
117805  -22.660  -48.381  -17.057 1.0000000000
23387  -21.829  -48.638  -17.162 1.0000000000
23388  -23.480  -48.578  -17.508 1.0000000000
24468  -17.537  -47.590  -20.481 1.0000000000
24470  -19.415  -47.447  -20.689 1.0000000000
26700  -25.311  -45.559  -20.190 1.0000000000
122636  -26.725  -44.355  -19.564 1.0000000000
20329  -8.604  -51.026  -16.135 0.6000000238
117273  -8.083  -48.225  -17.767 0.8999999762
116529  -8.832  -50.074  -16.339 0.6000000238
21337  -18.776  -50.724  -16.767 1.0000000000
22364  -20.754  -49.653  -17.159 1.0000000000
25579  -21.214  -46.831  -17.441 1.0000000000
130988  -21.545  -49.813  -17.303 1.0000000000
26715  -8.755  -45.742  -22.282 0.8000000119
26666  -25.867  -46.169  -17.177 1.0000000000
26665  -24.899  -45.998  -16.855 1.0000000000
26668  -27.513  -45.577  -17.864 1.0000000000
26667  -26.808  -46.129  -17.703 1.0000000000
26695  -20.027  -45.373  -20.573 1.0000000000
123571  -25.819  -44.111  -19.977 1.0000000000
24432  -8.255  -47.367  -17.205 0.8999999762
25589  -7.697  -46.642  -17.864 0.8999999762
23386  -20.252  -48.770  -17.373 1.0000000000
138541  -20.808  -47.279  -17.519 1.0000000000
25625  -7.164  -46.594  -20.770 0.8999999762
26706  -7.080  -45.766  -20.995 0.8999999762
26707  -8.017  -45.576  -21.552 0.8000000119
26662  -22.404  -46.194  -17.002 1.0000000000
26663  -23.217  -46.003  -16.704 1.0000000000
27904  -7.707  -44.337  -20.653 0.8999999762
117020  -7.648  -43.713  -20.416 0.8999999762
126383  -26.029  -43.959  -16.488 0.8999999762
26684  -15.293  -45.490  -19.947 1.0000000000
26648  -27.372  -45.495  -17.035 1.0000000000
28992  -27.871  -43.948  -16.570 1.0000000000
27874  -28.273  -44.588  -17.358 1.0000000000
27912  -21.367  -44.606  -20.549 1.0000000000
32310  -26.523  -40.498  -18.608 1.0000000000
22354  -14.926  -49.699  -16.446 0.8999999762
22361  -15.606  -49.191  -16.802 1.0000000000
25597  -7.358  -46.594  -19.013 0.8999999762
115776  -8.670  -46.415  -16.871 1.0000000000
25608  -7.079  -46.103  -20.100 0.8999999762
116491  -10.315  -46.188  -17.567 1.0000000000
27870  -21.620  -45.026  -17.417 1.0000000000
27903  -7.124  -44.803  -20.049 0.8999999762
27890  -7.301  -44.063  -19.777 0.8999999762
26674  -11.677  -45.743  -18.331 1.0000000000
25578  -20.418  -46.598  -17.708 1.0000000000
27872  -23.098  -44.206  -16.819 1.0000000000
28989  -24.627  -43.756  -16.552 1.0000000000
27854  -23.805  -44.744  -16.641 1.0000000000
29010  -7.488  -43.845  -18.741 0.8999999762
25648  -10.266  -46.440  -22.499 0.6000000238
27880  -10.741  -44.725  -17.805 1.0000000000
26710  -11.132  -45.162  -21.588 0.6000000238
26682  -13.945  -45.674  -19.459 1.0000000000
126453  -18.465  -42.344  -17.565 0.8000000119
32267  -17.841  -39.910  -16.289 0.8000000119
30130  -19.522  -42.033  -17.451 0.8999999762
123959  -19.893  -43.809  -17.807 1.0000000000
30131  -20.607  -42.502  -17.482 0.8000000119
29006  -28.570  -43.924  -17.136 1.0000000000
30120  -29.633  -42.640  -16.428 0.8999999762
29050  -23.537  -43.629  -20.387 1.0000000000
119586  -20.947  -43.887  -20.475 1.0000000000
134605  -24.235  -43.446  -20.355 1.0000000000
29031  -25.470  -43.130  -20.088 1.0000000000
30169  -25.963  -42.491  -19.812 1.0000000000
126294  -27.973  -42.243  -18.701 1.0000000000
33399  -27.997  -40.158  -18.117 1.0000000000
132399  -12.262  -47.164  -16.295 0.5000000000
24435  -17.081  -47.647  -18.004 1.0000000000
118381  -17.953  -47.808  -17.940 1.0000000000
132577  -18.575  -46.273  -18.097 1.0000000000
25566  -13.643  -45.752  -16.605 0.6999999881
127421  -18.431  -44.802  -18.170 1.0000000000
139526  -19.302  -44.927  -18.093 1.0000000000
27871  -22.380  -44.549  -17.108 1.0000000000
25573  -14.734  -45.274  -17.320 0.8000000119
29001  -18.049  -43.096  -17.762 0.8999999762
26658  -18.069  -45.576  -18.177 0.8999999762
30128  -17.025  -42.002  -16.970 0.8000000119
30116  -24.804  -42.988  -16.554 0.8999999762
31213  -25.440  -41.845  -16.199 0.8000000119
31214  -26.385  -42.105  -16.002 0.8000000119
29011  -8.004  -43.077  -18.395 0.8999999762
33357  -18.363  -39.716  -15.699 0.8000000119
33358  -19.480  -39.635  -15.556 0.8000000119
32269  -20.144  -40.029  -16.228 0.8000000119
30133  -22.580  -42.880  -17.155 1.0000000000
30132  -21.691  -42.930  -17.411 0.8999999762
31271  -7.743  -41.710  -20.471 0.8999999762
32271  -22.292  -40.345  -15.847 0.8000000119
32270  -21.207  -40.169  -16.025 0.8000000119
31211  -22.644  -41.423  -16.574 0.8000000119
31210  -20.965  -41.073  -16.681 0.8000000119
31225  -21.339  -41.960  -17.265 0.8000000119
32313  -29.095  -41.219  -18.041 1.0000000000
115772  -9.995  -47.916  -16.122 0.5000000000
121503  -17.593  -47.112  -18.082 1.0000000000
30114  -23.234  -42.389  -16.863 0.8000000119
123044  -23.660  -41.566  -16.435 0.8000000119
137467  -17.121  -41.986  -16.528 0.8000000119
28986  -16.264  -43.351  -16.632 0.6999999881
32257  -21.492  -39.258  -15.455 0.8000000119
29053  -9.603  -43.010  -21.198 0.8000000119
31183  -18.842  -40.807  -14.880 0.6000000238
32222  -22.612  -39.738  -12.394 0.5000000000
34406  -21.538  -38.451  -14.478 0.6999999881
32259  -23.194  -40.070  -15.478 0.8000000119
32272  -24.029  -40.781  -15.823 0.8000000119
31279  -9.030  -41.570  -21.801 0.8000000119
30121  -30.312  -42.274  -16.234 0.8999999762
119324  -25.553  -39.016  -12.056 0.5000000000
33335  -24.755  -39.159  -14.166 0.6999999881
33290  -24.111  -39.361  -12.578 0.5000000000
33307  -24.320  -39.057  -13.243 0.6999999881
31206  -31.237  -40.927  -15.941 0.8999999762
33395  -24.311  -39.425  -18.839 1.0000000000
34455  -23.969  -38.624  -18.493 1.0000000000
32308  -24.700  -40.127  -19.187 1.0000000000
32309  -25.631  -40.142  -19.014 1.0000000000
26643  -14.028  -44.852  -16.391 0.6000000238
31200  -25.015  -40.999  -15.844 0.8000000119
32260  -24.650  -40.183  -15.340 0.8000000119
137246  -26.246  -40.616  -15.397 0.8000000119
27853  -15.587  -43.704  -16.656 0.6999999881
33352  -24.261  -39.559  -14.659 0.8000000119
33351  -23.214  -39.238  -14.646 0.8000000119
33354  -26.204  -39.742  -15.072 0.8000000119
33353  -25.207  -39.592  -14.901 0.8000000119
32246  -26.987  -39.662  -14.946 0.8000000119
127755  -27.186  -39.540  -14.537 0.8000000119
122010  -29.371  -41.597  -14.775 0.8000000119
32348  -9.636  -40.151  -21.808 0.5000000000
31205  -30.792  -41.499  -15.325 0.8000000119
32330  -23.246  -40.772  -19.406 1.0000000000
33396  -25.578  -39.409  -18.705 1.0000000000
33336  -25.738  -39.117  -14.455 0.6999999881
34377  -26.207  -38.883  -13.802 0.6999999881
34368  -25.820  -38.875  -12.846 0.6999999881
33337  -26.627  -39.232  -14.586 0.8000000119
34378  -27.057  -39.083  -13.972 0.6999999881
33309  -27.533  -39.125  -13.120 0.6999999881
32224  -29.895  -40.730  -13.802 0.8000000119
120260  -27.081  -38.938  -11.463 0.6000000238
32326  -19.198  -40.818  -19.287 1.0000000000
132085  -19.987  -39.666  -18.652 1.0000000000
32263  -31.056  -40.835  -15.050 0.8000000119
33391  -20.692  -39.396  -18.555 1.0000000000
32329  -22.318  -40.676  -19.344 1.0000000000
34435  -30.104  -38.543  -17.488 1.0000000000
117233  -28.032  -38.867  -11.705 0.6999999881
33294  -28.930  -39.279  -12.175 0.6999999881
32225  -30.322  -40.741  -14.052 0.8000000119
32300  -16.994  -39.930  -18.941 1.0000000000
33280  -29.072  -39.256  -10.967 0.6000000238
33384  -13.808  -39.699  -17.871 0.8999999762
33279  -27.766  -39.256  -10.711 0.4000000060
34399  -30.938  -38.529  -14.359 0.8000000119
119369  -9.837  -37.631  -18.903 0.8999999762
34454  -22.946  -38.413  -18.320 1.0000000000
33282  -30.549  -38.932  -11.475 0.6000000238
34345  -30.883  -38.343  -10.372 0.6000000238
34333  -31.069  -38.085  -9.588 0.6000000238
34359  -30.972  -38.296  -11.224 0.6000000238
33389  -18.375  -39.308  -18.558 1.0000000000
33363  -10.441  -38.701  -17.728 0.8999999762
33366  -13.122  -39.094  -17.486 0.8999999762
34379  -30.582  -38.446  -13.599 0.6999999881
129483  -22.243  -37.122  -16.983 1.0000000000
34420  -14.275  -38.143  -17.613 0.8999999762
35494  -15.357  -37.547  -17.393 1.0000000000
34421  -15.754  -38.356  -17.773 1.0000000000
35500  -21.127  -37.664  -17.154 1.0000000000
131520  -20.814  -37.375  -16.557 1.0000000000
35473  -22.230  -36.340  -15.719 1.0000000000
37605  -22.036  -35.396  -15.550 1.0000000000
125405  -22.153  -35.422  -17.732 1.0000000000
35505  -25.827  -36.992  -18.222 1.0000000000
123988  -28.600  -37.200  -17.661 1.0000000000
120201  -31.208  -36.945  -17.345 0.8999999762
36538  -28.225  -36.422  -17.824 1.0000000000
120559  -29.737  -35.794  -17.595 0.8000000119
134414  -31.046  -37.650  -8.603 0.4000000060
35421  -32.068  -36.973  -10.501 0.4000000060
35444  -30.715  -38.023  -12.563 0.5000000000
120247  -30.669  -37.395  -12.221 0.5000000000
35514  -10.408  -37.029  -18.697 0.8999999762
35496  -17.177  -37.675  -17.199 1.0000000000
35471  -20.947  -36.681  -15.877 1.0000000000
123465  -10.928  -36.540  -18.437 0.8999999762
36514  -31.355  -36.817  -15.336 0.8999999762
125501  -12.854  -36.987  -20.788 0.6000000238
35549  -12.566  -37.609  -21.416 0.6000000238
38650  -19.670  -34.916  -15.693 1.0000000000
37632  -22.039  -34.973  -18.026 1.0000000000
119485  -27.921  -35.710  -17.925 1.0000000000
35492  -12.793  -37.061  -17.287 0.8999999762
36529  -11.983  -36.224  -17.336 0.8999999762
35479  -16.701  -37.050  -16.697 1.0000000000
36546  -11.352  -35.843  -18.507 0.8000000119
36547  -11.949  -35.367  -18.849 0.6000000238
37637  -27.602  -34.996  -17.880 0.8999999762
136435  -30.083  -35.104  -17.600 0.8000000119
37623  -31.436  -35.482  -17.080 0.8000000119
37578  -31.313  -35.708  -13.507 0.5000000000
36530  -12.689  -36.130  -17.052 0.8999999762
38686  -12.063  -34.465  -17.916 0.8000000119
37618  -16.947  -35.667  -15.788 0.8999999762
122053  -17.154  -34.876  -15.519 0.8999999762
38699  -15.163  -33.920  -19.167 0.6000000238
39711  -20.006  -33.288  -18.433 0.8000000119
140751  -24.688  -35.174  -17.996 1.0000000000
122404  -21.582  -32.760  -18.441 0.8000000119
127760  -20.574  -32.594  -18.536 0.8000000119
38663  -14.171  -34.103  -15.251 0.8999999762
38671  -12.652  -34.308  -17.285 0.8000000119
39690  -30.633  -34.067  -17.025 0.6999999881
38672  -18.851  -34.244  -17.113 0.8000000119
38678  -26.034  -34.474  -17.824 1.0000000000
42523  -19.283  -30.112  -18.677 0.8000000119
42524  -20.203  -30.553  -18.459 0.8000000119
134219  -20.440  -31.543  -18.524 0.8000000119
134901  -19.882  -31.978  -18.548 0.8000000119
118752  -19.093  -31.838  -18.490 0.8000000119
38682  -29.313  -34.630  -17.636 0.6999999881
42509  -16.332  -31.395  -17.766 0.6999999881
42521  -17.157  -30.839  -18.736 0.6999999881
42536  -17.397  -30.306  -19.343 0.6999999881
137294  -15.891  -32.066  -18.422 0.6999999881
41582  -17.396  -31.048  -18.450 0.8000000119
42522  -17.854  -30.091  -18.959 0.6999999881
39700  -25.486  -33.644  -17.677 0.8999999762
39694  -13.270  -33.649  -17.370 0.6999999881
38645  -14.024  -33.217  -15.013 0.8000000119
39687  -13.875  -32.939  -15.687 0.8000000119
42525  -21.055  -30.921  -18.223 0.8000000119
40636  -22.862  -32.219  -17.889 0.8000000119
129997  -28.947  -33.945  -17.598 0.8000000119
39689  -30.006  -33.311  -17.034 0.6999999881
38689  -14.561  -33.597  -18.239 0.6999999881
41583  -18.056  -31.748  -18.273 0.8000000119
38679  -26.978  -34.417  -17.776 0.8999999762
133292  -15.399  -30.857  -16.705 0.8000000119
39701  -27.061  -33.037  -17.532 0.6999999881
39675  -14.457  -32.594  -15.617 0.8000000119
42512  -21.771  -30.206  -17.873 0.6999999881
41572  -23.504  -31.517  -17.716 0.6000000238
40639  -25.220  -32.722  -17.617 0.6000000238
43551  -18.764  -28.801  -18.727 0.6999999881
118248  -25.119  -31.742  -17.568 0.5000000000
43541  -21.666  -29.099  -17.726 0.6999999881
127387  -21.609  -27.755  -17.593 0.6999999881
44546  -22.646  -27.516  -17.605 0.5000000000
123984  -23.271  -29.878  -17.577 0.6000000238
40640  -26.796  -32.206  -17.473 0.6000000238
41574  -25.835  -30.949  -17.460 0.5000000000
45500  -22.820  -26.818  -17.843 0.4000000060
42516  -24.948  -30.812  -17.539 0.5000000000
128628  -25.542  -30.146  -17.652 0.4000000060
38677  -25.077  -34.527  -17.850 1.0000000000
44561  -18.081  -27.937  -19.486 0.6000000238
32258  -22.400  -39.203  -15.167 0.8000000119
40627  -29.116  -32.108  -16.871 0.6000000238
5725  -18.042  -67.152  -28.078 0.6999999881
5746  -17.780  -67.272  -28.873 0.6000000238
26729  -9.276  -45.831  -22.969 0.6999999881
26751  -9.360  -46.067  -23.895 0.5000000000
136181  -31.043  -33.739  -15.376 0.5000000000
40628  -29.813  -32.591  -16.533 0.5000000000
40619  -30.130  -32.398  -15.602 0.5000000000
41541  -29.670  -31.657  -15.059 0.5000000000
41576  -28.338  -31.798  -17.069 0.5000000000
41575  -27.479  -31.524  -17.234 0.5000000000
41563  -28.874  -31.347  -16.458 0.5000000000
5776  -17.859  -67.782  -30.454 0.6999999881
37608  -31.216  -35.331  -15.043 0.4000000060
38634  -31.102  -34.334  -14.407 0.5000000000
2133  -14.372  -73.851  -29.457 0.5000000000
1691  -14.699  -74.702  -29.827 0.5000000000
1334  -15.006  -75.146  -29.938 0.6000000238
1693  -16.351  -74.916  -29.776 0.5000000000
2142  -14.512  -73.873  -30.363 0.6000000238
1702  -15.183  -74.693  -30.483 0.6000000238
1704  -16.866  -74.066  -30.292 0.5000000000
2134  -17.828  -73.628  -30.070 0.5000000000
2154  -14.602  -73.427  -31.154 0.6000000238
2143  -15.551  -73.966  -31.119 0.6000000238
2144  -17.217  -73.055  -30.938 0.5000000000
2156  -15.588  -73.418  -31.806 0.6000000238
2157  -16.345  -73.262  -31.549 0.6999999881
2685  -17.176  -72.715  -31.874 0.5000000000
137379  -8.684  -48.927  -31.003 0.5000000000
23554  -8.520  -48.026  -29.854 0.5000000000
24610  -8.726  -47.318  -29.374 0.5000000000
34467  -11.523  -37.966  -21.174 0.5000000000
35522  -15.155  -37.016  -19.574 0.5000000000
36565  -15.528  -35.928  -19.847 0.5000000000
43550  -18.117  -29.098  -19.250 0.6000000238
45502  -23.775  -27.918  -17.930 0.4000000060
22535  -8.874  -49.480  -31.515 0.5000000000
34482  -11.512  -38.700  -21.910 0.5000000000
33423  -10.844  -39.176  -21.925 0.4000000060
34468  -14.841  -38.155  -20.521 0.5000000000
35531  -14.619  -37.445  -20.042 0.5000000000
26730  -9.720  -46.024  -23.495 0.4000000060
32369  -11.078  -40.511  -22.902 0.4000000060
34483  -12.338  -38.251  -21.967 0.5000000000
36564  -14.227  -36.672  -19.795 0.5000000000
36554  -13.591  -35.882  -19.495 0.5000000000
2670  -14.111  -72.726  -30.634 0.5000000000
2684  -14.149  -72.603  -31.448 0.6999999881
2163  -14.783  -73.141  -31.921 0.6999999881
2164  -15.248  -73.326  -32.316 0.6999999881
2671  -17.912  -72.554  -31.393 0.5000000000
1701  -14.835  -74.635  -30.358 0.6000000238
1692  -15.440  -75.184  -29.897 0.6000000238
1703  -15.923  -74.541  -30.500 0.6000000238
2155  -15.079  -73.627  -31.530 0.6000000238
42549  -17.361  -30.614  -20.244 0.5000000000
43589  -17.704  -29.732  -20.165 0.5000000000
43590  -18.056  -29.297  -20.515 0.5000000000
44604  -17.986  -28.036  -20.258 0.5000000000
43591  -18.516  -28.721  -20.664 0.4000000060
45546  -18.722  -26.781  -20.097 0.4000000060
44606  -19.626  -27.316  -20.153 0.4000000060
44562  -18.593  -27.246  -18.848 0.5000000000
45517  -18.175  -26.894  -19.663 0.4000000060
44544  -19.391  -26.827  -18.412 0.4000000060
45538  -19.485  -26.366  -19.645 0.4000000060
44586  -21.009  -27.577  -19.748 0.4000000060
46468  -21.594  -25.980  -18.707 0.4000000060
126616  -22.386  -26.625  -18.812 0.3000000119
44564  -23.596  -27.546  -18.213 0.3000000119
139433  -20.394  -26.611  -19.606 0.4000000060
44587  -22.343  -27.635  -19.357 0.3000000119
44565  -24.115  -28.301  -18.282 0.3000000119
117905  -23.418  -28.166  -19.137 0.3000000119
41581  -16.574  -31.446  -19.314 0.5000000000
46434  -22.768  -26.574  -18.043 0.3000000119
41607  -16.782  -31.432  -20.276 0.5000000000
43570  -17.724  -29.487  -19.748 0.5000000000
44560  -17.843  -28.659  -19.777 0.5000000000
46466  -19.660  -26.008  -19.112 0.4000000060
42535  -17.067  -30.805  -19.607 0.5000000000
42550  -17.749  -30.325  -20.670 0.5000000000
44603  -17.792  -28.692  -20.079 0.5000000000
128412  -18.505  -29.607  -20.908 0.5000000000
35523  -15.855  -37.324  -19.808 0.4000000060
35552  -16.480  -36.559  -21.259 0.4000000060
135411  -15.457  -35.041  -20.661 0.4000000060
36556  -15.386  -36.530  -19.637 0.4000000060
36566  -16.038  -36.698  -20.089 0.4000000060
37663  -15.864  -35.870  -21.020 0.4000000060
120661  -16.552  -35.054  -21.883 0.4000000060
139799  -16.822  -36.427  -21.712 0.4000000060
38728  -15.567  -34.237  -21.306 0.4000000060
39752  -15.920  -33.597  -21.410 0.4000000060
38730  -17.241  -34.574  -21.798 0.3000000119
38731  -17.913  -33.963  -21.536 0.4000000060
40686  -16.182  -32.794  -21.144 0.4000000060
39753  -16.617  -33.352  -21.592 0.4000000060
40687  -17.454  -32.209  -21.381 0.4000000060
40688  -18.079  -32.528  -21.398 0.4000000060
39756  -19.265  -33.252  -20.908 0.3000000119
42568  -17.795  -30.918  -21.111 0.4000000060
41628  -18.125  -31.692  -21.335 0.4000000060
41629  -18.961  -31.528  -21.156 0.4000000060
41609  -19.786  -31.348  -20.766 0.3000000119
41610  -20.699  -31.159  -20.342 0.3000000119
122748  -19.219  -29.516  -20.856 0.3000000119
120312  -20.144  -29.502  -20.540 0.3000000119
43593  -20.480  -28.575  -20.207 0.3000000119
41611  -21.541  -31.415  -19.899 0.3000000119
39732  -15.588  -33.420  -20.951 0.4000000060
40669  -16.339  -32.160  -20.654 0.4000000060
41626  -16.831  -31.940  -21.052 0.4000000060
43592  -19.380  -28.515  -20.594 0.3000000119
42551  -18.158  -30.216  -21.000 0.4000000060
42552  -18.972  -30.474  -21.069 0.4000000060
37681  -15.865  -35.077  -21.586 0.4000000060
38729  -16.326  -34.245  -21.771 0.4000000060
39755  -18.428  -33.232  -21.277 0.3000000119
40689  -18.776  -32.430  -21.182 0.4000000060
40670  -19.599  -32.331  -20.834 0.3000000119
42553  -19.933  -30.392  -20.682 0.3000000119
135319  -21.105  -31.940  -20.141 0.3000000119
42554  -21.319  -30.545  -19.994 0.3000000119
123188  -21.051  -29.621  -20.151 0.3000000119
523  -21.102  -78.695  -27.979 0.6000000238
536  -20.822  -78.419  -28.561 0.6000000238
547  -19.997  -78.105  -29.306 0.6999999881
549  -21.153  -78.542  -28.919 0.6000000238
758  -21.240  -78.553  -27.426 0.6000000238
788  -19.164  -77.485  -30.551 0.6999999881
789  -19.491  -77.888  -30.322 0.6999999881
790  -20.529  -77.967  -30.602 0.6999999881
1043  -20.084  -77.482  -29.406 0.6000000238
1044  -21.099  -76.992  -29.133 0.6000000238
1063  -18.754  -77.174  -30.974 0.6999999881
1083  -26.144  -76.267  -33.470 0.8999999762
1335  -20.769  -76.174  -30.536 0.6000000238
1342  -29.539  -75.120  -30.770 0.5000000000
1346  -18.343  -76.790  -31.603 0.6999999881
1358  -17.694  -76.743  -32.698 0.8000000119
1370  -18.296  -76.727  -33.469 0.8000000119
1376  -25.710  -75.685  -34.111 0.8999999762
1632  -13.221  -74.327  -21.462 0.8000000119
1633  -13.593  -74.309  -21.877 0.8000000119
1634  -13.858  -74.312  -21.529 0.8000000119
1709  -29.089  -74.128  -30.666 0.6999999881
1713  -14.906  -74.171  -30.881 0.6000000238
1723  -20.536  -73.984  -32.649 0.5000000000
1726  -27.267  -74.941  -33.040 0.8999999762
1748  -25.880  -74.665  -35.317 0.8999999762
1762  -25.434  -74.028  -36.004 0.8999999762
2052  -15.034  -73.208  -21.857 0.6000000238
2061  -13.369  -74.076  -22.094 0.8000000119
2063  -14.404  -73.832  -22.122 0.6000000238
2068  -14.126  -73.521  -22.781 0.8000000119
2151  -28.677  -73.376  -30.805 0.6999999881
2172  -16.189  -73.864  -34.751 0.8000000119
2173  -16.497  -74.098  -34.218 0.8000000119
2211  -25.092  -73.015  -36.659 0.8999999762
2554  -11.898  -72.821  -19.952 0.6000000238
2564  -12.195  -73.148  -20.783 0.8000000119
2589  -14.367  -72.745  -23.340 0.8000000119
2599  -12.831  -72.297  -23.988 0.8999999762
2686  -18.091  -72.431  -32.153 0.6999999881
2692  -28.348  -72.831  -31.256 0.8000000119
2693  -28.863  -72.386  -31.460 0.6999999881
2707  -29.713  -71.960  -32.226 0.6999999881
2711  -15.049  -73.186  -33.709 0.8000000119
2718  -28.150  -71.824  -33.702 0.8000000119
2719  -30.470  -72.680  -33.216 0.5000000000
2721  -14.720  -72.485  -34.129 0.8999999762
2738  -24.667  -72.930  -36.302 0.8999999762
2740  -26.948  -72.839  -35.781 0.8999999762
3123  -11.689  -72.076  -19.579 0.6000000238
3148  -11.818  -71.551  -21.338 0.6999999881
3172  -14.683  -71.902  -23.829 0.8000000119
3174  -16.355  -71.297  -23.101 0.6000000238
3188  -14.967  -71.218  -24.254 0.6999999881
3194  -13.840  -71.466  -25.396 0.8000000119
3208  -12.414  -71.365  -26.075 0.8999999762
3256  -13.657  -71.266  -30.650 0.6000000238
3267  -13.927  -71.740  -32.674 0.8000000119
3268  -28.337  -71.995  -32.712 0.8000000119
3270  -29.465  -71.626  -32.652 0.6999999881
3308  -15.919  -71.623  -37.361 1.0000000000
3310  -17.484  -72.156  -36.487 1.0000000000
3707  -11.451  -70.065  -19.552 0.6000000238
3715  -11.767  -70.693  -21.112 0.6999999881
3748  -11.658  -70.284  -22.538 0.8999999762
3788  -11.889  -71.011  -25.971 0.8999999762
3792  -15.943  -70.065  -24.818 0.6000000238
3804  -12.514  -70.826  -26.626 0.8999999762
3805  -13.158  -70.783  -26.721 0.8999999762
3841  -14.873  -70.631  -29.774 0.6000000238
3859  -13.586  -70.758  -31.863 0.8000000119
3871  -21.295  -69.943  -34.081 0.8999999762
3877  -29.188  -70.546  -33.794 0.8000000119
3887  -28.068  -70.293  -34.614 0.8000000119
3888  -28.697  -69.737  -34.538 0.8000000119
3890  -29.642  -70.524  -34.753 0.6000000238
3894  -13.238  -69.410  -35.817 1.0000000000
3911  -24.280  -72.079  -37.469 0.8999999762
3918  -25.105  -72.677  -37.979 0.8999999762
3919  -26.190  -72.381  -37.910 0.8999999762
4330  -11.593  -69.102  -19.953 0.6999999881
4374  -11.552  -69.190  -23.400 1.0000000000
4396  -15.836  -69.668  -25.458 0.6000000238
4405  -11.978  -69.599  -26.853 0.8999999762
4406  -12.459  -70.162  -27.118 0.8999999762
4407  -14.383  -69.507  -26.435 0.8999999762
4422  -12.427  -69.430  -27.455 0.8999999762
4423  -13.082  -69.671  -27.593 0.8999999762
4424  -13.477  -69.975  -26.946 0.8999999762
4470  -13.700  -70.142  -33.316 0.8999999762
4484  -13.860  -68.695  -34.629 1.0000000000
4495  -29.017  -69.967  -34.055 0.8000000119
4499  -13.533  -68.374  -35.632 1.0000000000
4525  -14.779  -69.067  -37.761 1.0000000000
4529  -26.595  -71.596  -37.881 0.8000000119
4537  -25.816  -71.787  -38.519 0.8000000119
4958  -11.211  -68.485  -17.194 0.5000000000
4968  -11.377  -68.669  -18.483 0.6000000238
5056  -14.934  -68.814  -26.869 0.8999999762
5057  -15.917  -68.760  -26.801 0.8999999762
5059  -17.714  -68.070  -26.638 0.6000000238
5074  -16.488  -68.259  -27.464 0.8000000119
5087  -12.325  -67.751  -28.381 0.8999999762
5088  -12.682  -68.298  -28.501 0.8999999762
5089  -14.796  -67.907  -28.365 0.8999999762
5097  -12.678  -68.055  -29.092 0.8999999762
5105  -17.660  -68.382  -30.998 0.8000000119
5130  -26.739  -67.916  -32.891 0.8999999762
5150  -26.570  -68.229  -34.716 0.8999999762
5156  -15.798  -67.687  -36.775 1.0000000000
5161  -27.873  -68.731  -36.681 0.8000000119
5170  -15.062  -68.154  -37.589 1.0000000000
5183  -30.372  -69.401  -38.453 0.5000000000
5197  -25.260  -69.999  -40.715 0.8000000119
5635  -11.075  -67.003  -17.116 0.6000000238
5712  -18.367  -67.289  -27.298 0.6000000238
5724  -17.012  -67.666  -28.227 0.8999999762
5741  -11.784  -67.374  -28.957 1.0000000000
5742  -13.452  -67.885  -29.253 0.8999999762
5757  -12.658  -67.895  -29.648 0.8999999762
5758  -14.236  -67.602  -29.852 0.8999999762
5762  -18.341  -67.594  -29.530 0.6000000238
5763  -18.885  -67.663  -29.021 0.6000000238
5764  -22.885  -67.036  -29.573 1.0000000000
5787  -12.200  -67.029  -31.649 0.8999999762
5794  -25.184  -67.659  -30.982 0.8999999762
5799  -12.552  -66.763  -33.847 0.8999999762
5805  -20.686  -67.540  -32.007 1.0000000000
5806  -26.526  -67.305  -32.256 0.8999999762
5807  -26.685  -67.182  -32.914 0.8999999762
5811  -13.189  -66.926  -34.440 0.8999999762
5812  -14.104  -67.104  -33.918 0.8999999762
5822  -13.011  -66.559  -34.858 0.8999999762
5823  -14.688  -66.681  -34.468 0.8999999762
5851  -29.140  -68.012  -38.385 0.4000000060
5872  -25.304  -69.431  -41.308 0.8000000119
6375  -10.624  -66.243  -16.264 0.5000000000
6454  -15.506  -67.440  -23.946 1.0000000000
6463  -12.767  -66.568  -26.703 1.0000000000
6488  -11.348  -66.330  -29.731 1.0000000000
6490  -22.932  -66.460  -29.205 1.0000000000
6497  -11.455  -66.316  -30.833 1.0000000000
6501  -24.476  -67.371  -30.353 0.8999999762
6509  -11.862  -66.416  -32.267 1.0000000000
6518  -11.849  -66.329  -33.391 1.0000000000
6526  -11.701  -65.974  -33.766 1.0000000000
6534  -25.965  -65.918  -32.404 0.8999999762
6535  -26.626  -66.610  -33.374 0.8999999762
6537  -13.850  -66.453  -34.792 1.0000000000
6539  -16.661  -66.213  -35.424 1.0000000000
6542  -22.810  -67.090  -34.932 0.8999999762
6543  -23.052  -67.107  -34.785 0.8999999762
6544  -23.681  -66.517  -34.205 0.8999999762
6555  -26.767  -66.683  -34.806 0.8999999762
6569  -25.681  -67.329  -37.520 0.8999999762
6589  -19.352  -66.575  -40.107 0.6999999881
6590  -20.011  -66.848  -40.134 0.8000000119
6606  -18.153  -67.428  -42.345 0.5000000000
6607  -18.008  -67.256  -41.667 0.5000000000
6608  -19.556  -67.109  -41.327 0.6999999881
6611  -29.481  -66.936  -42.201 0.4000000060
7165  -10.665  -65.237  -18.375 0.6000000238
7222  -15.912  -67.062  -24.790 1.0000000000
7233  -12.986  -65.842  -26.764 1.0000000000
7236  -12.020  -65.728  -27.821 1.0000000000
7237  -12.589  -65.554  -27.479 1.0000000000
7251  -11.603  -65.509  -28.379 1.0000000000
7253  -23.056  -64.985  -28.646 1.0000000000
7270  -23.668  -65.652  -29.505 1.0000000000
7277  -11.796  -65.414  -32.126 1.0000000000
7285  -11.798  -65.548  -33.299 1.0000000000
7286  -11.912  -65.881  -34.359 1.0000000000
7287  -16.916  -65.232  -33.106 1.0000000000
7310  -12.330  -66.239  -34.857 1.0000000000
7311  -13.044  -66.149  -35.036 1.0000000000
7315  -22.707  -66.476  -34.680 0.8999999762
7316  -24.512  -65.892  -34.586 0.8999999762
7318  -26.295  -65.965  -33.784 0.8999999762
7343  -21.874  -64.967  -37.582 0.8999999762
7344  -23.869  -65.195  -37.684 0.8999999762
7354  -16.922  -66.380  -39.003 0.5000000000
7355  -17.963  -66.152  -38.865 0.6999999881
7357  -20.581  -65.408  -38.527 0.8000000119
7376  -20.291  -66.318  -39.701 0.8000000119
7380  -24.924  -66.025  -40.041 0.8999999762
7381  -24.987  -67.054  -40.564 0.8999999762
7389  -12.639  -66.058  -42.059 0.5000000000
7408  -17.493  -67.174  -42.242 0.5000000000
7410  -20.167  -66.474  -41.023 0.8000000119
7411  -24.209  -65.406  -41.441 0.8000000119
7421  -18.941  -66.656  -42.973 0.6000000238
7953  -10.533  -64.662  -16.172 0.5000000000
7990  -21.514  -63.830  -22.381 1.0000000000
8004  -20.863  -64.337  -22.467 1.0000000000
8005  -22.053  -63.770  -22.806 1.0000000000
8025  -22.231  -63.723  -23.373 1.0000000000
8038  -18.354  -64.886  -24.442 1.0000000000
8048  -13.423  -65.537  -26.588 1.0000000000
8058  -14.255  -63.984  -26.767 1.0000000000
8059  -15.633  -63.933  -26.342 1.0000000000
8066  -13.790  -63.941  -27.105 1.0000000000
8078  -11.846  -64.902  -28.438 1.0000000000
8080  -13.201  -63.969  -28.505 1.0000000000
8081  -22.910  -64.455  -28.533 1.0000000000
8096  -13.517  -64.185  -29.251 1.0000000000
8114  -21.350  -64.864  -29.661 1.0000000000
8123  -14.794  -64.718  -31.937 1.0000000000
8136  -13.826  -64.712  -32.787 1.0000000000
8138  -16.442  -64.788  -32.435 1.0000000000
8164  -21.440  -63.762  -35.486 0.8999999762
8185  -14.200  -64.825  -38.264 0.6999999881
8199  -14.611  -65.475  -38.856 0.6000000238
8200  -15.548  -65.530  -38.576 0.6000000238
8201  -16.420  -65.571  -38.428 0.6000000238
8223  -12.195  -65.354  -41.531 0.5000000000
8240  -19.603  -65.526  -42.541 0.6999999881
8848  -19.463  -63.198  -18.400 1.0000000000
8856  -14.856  -63.244  -19.543 1.0000000000
8873  -20.635  -63.068  -20.243 1.0000000000
8877  -10.009  -63.131  -21.794 1.0000000000
8888  -10.618  -63.314  -22.154 1.0000000000
8898  -22.513  -63.210  -23.220 1.0000000000
8905  -22.139  -63.549  -24.231 1.0000000000
8927  -18.512  -62.763  -25.850 1.0000000000
8947  -21.039  -63.545  -28.324 1.0000000000
8961  -15.336  -63.558  -29.138 1.0000000000
8967  -21.453  -63.968  -28.623 1.0000000000
8968  -23.350  -63.103  -29.778 1.0000000000
9003  -17.066  -63.129  -34.742 1.0000000000
9006  -19.883  -63.487  -34.912 0.8999999762
9007  -20.849  -63.415  -34.829 0.8999999762
9017  -15.910  -63.354  -35.805 0.8999999762
9032  -17.398  -63.980  -36.810 0.8000000119
9033  -18.106  -63.997  -36.294 0.8999999762
9042  -11.552  -63.333  -38.565 0.6999999881
9084  -11.869  -63.608  -41.147 0.4000000060
9729  -17.316  -62.813  -18.480 1.0000000000
9730  -18.186  -62.775  -18.160 1.0000000000
9742  -15.350  -62.932  -19.045 1.0000000000
9744  -21.095  -61.767  -19.862 1.0000000000
9749  -9.521  -62.003  -20.667 0.8999999762
9751  -13.553  -62.803  -20.137 1.0000000000
9769  -22.358  -63.041  -22.823 1.0000000000
9776  -14.019  -62.115  -23.969 1.0000000000
9781  -22.566  -62.488  -24.040 1.0000000000
9800  -15.789  -62.568  -27.681 1.0000000000
9819  -17.010  -62.076  -28.435 1.0000000000
9842  -22.926  -62.058  -28.941 1.0000000000
9866  -14.800  -61.868  -33.126 1.0000000000
9867  -15.689  -61.960  -32.957 1.0000000000
9869  -17.506  -62.335  -32.722 1.0000000000
9870  -18.319  -62.404  -32.705 1.0000000000
9873  -21.657  -62.315  -32.669 1.0000000000
9890  -18.821  -62.766  -33.358 1.0000000000
9891  -19.763  -62.644  -33.342 1.0000000000
9892  -21.175  -62.821  -33.822 1.0000000000
9898  -15.577  -62.610  -34.571 1.0000000000
9899  -16.229  -62.933  -34.794 1.0000000000
9914  -16.060  -63.181  -35.312 0.8999999762
9924  -11.012  -62.217  -36.452 0.6999999881
9925  -11.439  -62.410  -36.012 0.8000000119
9964  -11.061  -61.432  -40.704 0.4000000060
9965  -11.252  -62.348  -40.250 0.6000000238
10600  -11.367  -60.686  -17.040 0.6999999881
10609  -19.881  -61.380  -17.877 1.0000000000
10613  -15.176  -62.043  -19.160 1.0000000000
10616  -20.715  -61.240  -18.558 1.0000000000
10623  -21.282  -61.095  -20.086 1.0000000000
10631  -21.036  -61.904  -21.215 1.0000000000
10634  -10.752  -62.243  -21.886 1.0000000000
10640  -19.608  -61.228  -22.351 1.0000000000
10648  -11.971  -61.438  -23.754 1.0000000000
10649  -12.647  -62.081  -23.414 1.0000000000
10650  -13.660  -62.276  -23.220 1.0000000000
10655  -18.687  -61.584  -23.122 1.0000000000
10659  -22.475  -62.261  -23.833 1.0000000000
10664  -12.965  -61.868  -24.317 1.0000000000
10665  -13.812  -61.805  -24.628 1.0000000000
10668  -17.780  -61.464  -24.284 1.0000000000
10677  -11.561  -61.217  -25.548 1.0000000000
10681  -15.104  -61.394  -25.243 1.0000000000
10683  -22.916  -61.344  -25.897 1.0000000000
10691  -22.815  -61.285  -26.646 1.0000000000
10697  -10.681  -61.143  -27.491 1.0000000000
10698  -11.109  -61.442  -27.201 1.0000000000
10711  -10.281  -60.737  -27.915 1.0000000000
10714  -22.706  -61.269  -28.080 1.0000000000
10724  -10.854  -61.126  -29.106 1.0000000000
10725  -11.418  -61.206  -29.261 1.0000000000
10736  -14.834  -61.244  -30.946 1.0000000000
10737  -15.513  -61.241  -30.968 1.0000000000
10740  -18.093  -61.307  -30.797 1.0000000000
10745  -23.201  -61.870  -30.220 1.0000000000
10757  -20.669  -61.477  -31.406 1.0000000000
10767  -11.531  -60.818  -32.657 0.8999999762
10768  -11.889  -61.076  -32.685 1.0000000000
10769  -12.424  -61.400  -32.658 0.8999999762
10770  -13.637  -61.679  -32.225 1.0000000000
10773  -16.559  -61.782  -31.914 1.0000000000
10778  -21.317  -61.825  -31.820 1.0000000000
10787  -12.857  -61.713  -33.345 0.8999999762
10792  -11.388  -61.801  -34.588 0.8000000119
10793  -11.695  -61.672  -34.130 0.8000000119
10808  -10.607  -61.668  -36.557 0.6999999881
11449  -12.363  -60.367  -15.302 0.5000000000
11472  -10.379  -60.549  -18.223 0.6999999881
11474  -19.684  -60.486  -18.144 1.0000000000
11484  -21.144  -60.508  -19.801 1.0000000000
11491  -21.082  -60.622  -20.242 1.0000000000
11503  -13.787  -60.464  -22.591 1.0000000000
11504  -14.583  -60.570  -22.243 1.0000000000
11514  -11.932  -60.606  -23.649 1.0000000000
11521  -16.681  -61.128  -25.106 1.0000000000
11528  -10.693  -60.535  -25.770 1.0000000000
11533  -17.884  -60.327  -25.770 1.0000000000
11535  -21.283  -60.145  -25.584 1.0000000000
11540  -13.688  -60.987  -26.642 1.0000000000
11547  -20.070  -59.998  -26.605 1.0000000000
11559  -13.881  -60.761  -27.330 1.0000000000
11561  -15.471  -60.161  -27.944 1.0000000000
11567  -22.467  -60.817  -27.687 1.0000000000
11586  -22.447  -60.880  -28.362 1.0000000000
11601  -21.105  -60.742  -29.283 1.0000000000
11606  -10.959  -60.519  -30.640 1.0000000000
11608  -16.165  -60.797  -30.108 1.0000000000
11609  -16.985  -60.776  -30.080 1.0000000000
11610  -17.810  -60.911  -30.127 1.0000000000
11612  -20.045  -61.206  -30.041 1.0000000000
11641  -10.490  -60.793  -34.337 0.8000000119
11647  -10.307  -60.898  -35.091 0.8000000119
11670  -9.550  -60.142  -37.551 0.6999999881
11685  -9.616  -60.074  -38.669 0.4000000060
12376  -20.288  -59.621  -19.320 1.0000000000
12377  -20.826  -59.929  -19.555 1.0000000000
12383  -20.453  -59.391  -20.222 1.0000000000
12389  -9.893  -59.028  -21.473 1.0000000000
12390  -11.395  -58.937  -22.143 1.0000000000
12401  -10.226  -58.822  -22.030 1.0000000000
12415  -13.608  -59.664  -22.937 1.0000000000
12417  -15.870  -59.264  -22.759 1.0000000000
12429  -10.152  -59.219  -25.887 1.0000000000
12452  -9.709  -59.466  -29.766 1.0000000000
12458  -10.029  -59.394  -31.287 1.0000000000
12466  -10.007  -59.248  -32.671 0.8999999762
12500  -9.293  -59.362  -37.305 0.6000000238
13234  -20.494  -58.855  -21.120 1.0000000000
13246  -20.784  -57.997  -21.635 1.0000000000
13254  -10.415  -58.422  -22.133 1.0000000000
13256  -18.475  -59.020  -22.798 1.0000000000
13258  -20.211  -58.530  -22.583 1.0000000000
13260  -20.853  -58.363  -21.976 1.0000000000
13271  -20.003  -57.848  -23.131 1.0000000000
13272  -20.602  -57.552  -22.859 1.0000000000
13291  -11.223  -58.521  -25.400 1.0000000000
13316  -9.423  -58.517  -30.069 1.0000000000
13323  -9.695  -58.872  -30.758 1.0000000000
13368  -9.609  -58.519  -33.135 0.8000000119
14195  -14.809  -57.550  -15.053 1.0000000000
14197  -16.027  -57.213  -14.461 1.0000000000
14220  -8.890  -56.896  -16.459 0.5000000000
14221  -9.050  -57.807  -16.769 0.6000000238
14223  -15.480  -57.927  -15.927 1.0000000000
14224  -16.505  -57.766  -15.629 1.0000000000
14267  -13.214  -57.427  -20.273 1.0000000000
14270  -19.577  -57.562  -21.236 1.0000000000
14287  -20.893  -57.227  -22.011 1.0000000000
14288  -21.045  -57.795  -22.103 1.0000000000
14294  -10.210  -58.069  -22.048 1.0000000000
14296  -20.600  -57.060  -22.799 1.0000000000
14314  -12.962  -58.179  -24.836 1.0000000000
14326  -10.071  -57.690  -25.669 1.0000000000
14328  -11.443  -57.739  -25.671 1.0000000000
14358  -9.003  -57.452  -27.900 1.0000000000
14367  -8.716  -57.046  -29.629 1.0000000000
14383  -9.089  -57.595  -30.273 1.0000000000
14397  -9.386  -57.912  -31.755 0.8999999762
14439  -8.807  -57.242  -34.441 0.8000000119
14440  -8.898  -57.794  -35.066 0.6999999881
14465  -8.665  -57.115  -37.062 0.4000000060
15269  -14.774  -56.911  -14.423 1.0000000000
15270  -15.614  -56.696  -14.228 1.0000000000
15324  -8.561  -56.037  -18.337 0.6999999881
15338  -8.438  -56.353  -19.840 0.8000000119
15363  -10.097  -56.711  -21.671 1.0000000000
15365  -11.803  -56.998  -21.434 1.0000000000
15369  -20.334  -56.811  -22.176 1.0000000000
15380  -20.010  -56.780  -22.788 1.0000000000
15388  -18.378  -56.415  -23.534 1.0000000000
15396  -15.224  -56.469  -24.849 1.0000000000
15409  -10.131  -57.029  -25.338 1.0000000000
15411  -12.198  -56.609  -26.133 1.0000000000
15465  -8.380  -56.135  -29.880 1.0000000000
15504  -8.783  -56.991  -33.702 0.8000000119
16271  -11.702  -54.854  -16.059 1.0000000000
16272  -12.121  -55.567  -15.779 1.0000000000
16277  -8.581  -55.147  -16.572 0.6000000238
16300  -8.959  -54.902  -19.809 0.8000000119
16303  -11.659  -55.975  -20.220 1.0000000000
16311  -9.136  -55.407  -20.572 0.8000000119
16313  -10.874  -55.646  -20.562 1.0000000000
16347  -17.650  -55.364  -23.830 1.0000000000
16356  -8.943  -55.667  -24.444 1.0000000000
16370  -10.936  -55.825  -25.656 1.0000000000
16373  -15.165  -55.714  -25.056 1.0000000000
16386  -12.293  -55.409  -26.311 1.0000000000
16400  -8.564  -55.407  -27.440 1.0000000000
16533  -7.770  -54.673  -36.864 0.6000000238
17367  -10.575  -54.324  -16.856 0.8000000119
17375  -9.160  -54.728  -17.936 0.6999999881
17376  -9.552  -54.477  -18.425 0.8000000119
17404  -17.099  -54.037  -23.012 1.0000000000
17426  -14.837  -53.990  -25.037 1.0000000000
17428  -16.393  -54.607  -24.396 1.0000000000
17435  -8.586  -55.230  -25.008 1.0000000000
17437  -11.158  -55.016  -25.715 1.0000000000
17453  -12.010  -54.842  -26.277 1.0000000000
17543  -7.842  -54.146  -33.003 0.8999999762
18369  -8.465  -53.490  -15.875 0.6000000238
18384  -9.649  -53.893  -17.116 0.6999999881
18427  -14.938  -53.006  -24.047 1.0000000000
18444  -11.143  -54.179  -25.371 1.0000000000
18445  -12.051  -53.765  -25.508 1.0000000000
18446  -13.060  -53.709  -25.459 1.0000000000
18491  -7.869  -53.577  -30.311 1.0000000000
18501  -7.668  -53.255  -31.983 0.8999999762
18565  -6.924  -52.791  -35.896 0.6000000238
19316  -8.562  -51.913  -16.012 0.6000000238
19337  -8.999  -51.488  -19.521 1.0000000000
19338  -9.836  -51.304  -19.631 1.0000000000
19342  -13.320  -52.418  -19.499 1.0000000000
19349  -8.838  -51.983  -20.091 1.0000000000
19350  -9.333  -52.284  -20.415 1.0000000000
19351  -10.188  -51.917  -20.602 1.0000000000
19356  -8.762  -52.643  -20.666 1.0000000000
19367  -10.506  -52.433  -22.087 1.0000000000
19375  -10.779  -52.538  -22.988 1.0000000000
19384  -8.289  -53.244  -23.950 1.0000000000
19406  -8.255  -52.179  -27.724 1.0000000000
19415  -8.227  -52.417  -28.484 1.0000000000
19423  -7.891  -52.249  -30.052 0.8999999762
19424  -8.111  -52.653  -29.300 1.0000000000
19476  -6.617  -51.308  -33.157 0.6999999881
19520  -5.670  -51.080  -34.838 0.6000000238
19543  -5.905  -51.261  -35.777 0.6000000238
20342  -10.535  -51.457  -19.756 1.0000000000
20351  -8.456  -51.359  -19.776 1.0000000000
20359  -8.289  -52.153  -21.042 1.0000000000
20374  -7.988  -51.875  -22.987 1.0000000000
20505  -6.466  -50.908  -33.115 0.6999999881
20506  -7.043  -51.403  -32.209 0.6999999881
21333  -8.512  -50.510  -15.965 0.6000000238
21353  -16.454  -49.877  -19.756 1.0000000000
21361  -19.912  -50.718  -20.369 1.0000000000
21475  -7.745  -50.638  -30.585 0.8999999762
22326  -8.639  -49.856  -16.043 0.6000000238
22362  -16.448  -49.774  -17.013 1.0000000000
22382  -16.949  -49.484  -20.177 1.0000000000
22399  -7.680  -49.907  -20.684 0.8999999762
22421  -7.864  -48.858  -24.364 1.0000000000
22534  -8.345  -50.295  -31.649 0.6999999881
23372  -15.178  -48.368  -16.948 0.8000000119
23392  -7.783  -48.083  -18.592 0.8999999762
23415  -16.787  -48.753  -20.266 1.0000000000
23476  -8.519  -47.608  -25.601 0.8999999762
23576  -8.904  -48.155  -30.674 0.5000000000
24434  -16.318  -47.472  -17.993 1.0000000000
24488  -10.831  -46.954  -21.826 0.6000000238
24498  -7.913  -47.463  -23.564 0.8999999762
24553  -9.008  -47.226  -26.407 0.8000000119
24554  -9.596  -46.966  -27.041 0.8000000119
24572  -9.744  -46.835  -27.637 0.6000000238
24629  -9.220  -47.558  -30.030 0.5000000000
25610  -17.146  -46.199  -20.446 1.0000000000
25614  -21.263  -46.784  -20.688 1.0000000000
25633  -9.913  -46.054  -22.271 0.6000000238
25634  -10.698  -46.382  -21.696 0.6000000238
25646  -8.068  -46.812  -23.084 0.8999999762
25664  -9.733  -46.159  -24.716 0.5000000000
25665  -10.110  -46.358  -23.886 0.4000000060
26645  -24.471  -45.236  -16.640 1.0000000000
26652  -7.988  -46.274  -17.162 0.8999999762
26653  -8.426  -45.708  -16.864 1.0000000000
26680  -7.210  -45.553  -19.333 0.8999999762
26681  -13.358  -45.840  -19.211 1.0000000000
26689  -7.080  -45.436  -20.309 0.8999999762
26690  -7.451  -45.049  -20.887 0.8999999762
26691  -16.198  -45.591  -20.285 1.0000000000
26709  -10.351  -45.318  -21.423 0.6000000238
27861  -7.981  -45.330  -17.221 0.8999999762
27867  -16.731  -43.745  -17.652 0.8999999762
27869  -19.946  -44.645  -17.912 1.0000000000
27930  -11.385  -44.439  -22.439 0.5000000000
28999  -16.482  -43.221  -17.099 0.8000000119
29012  -8.979  -42.688  -17.826 0.8999999762
29014  -12.069  -43.736  -18.450 1.0000000000
29028  -16.324  -43.051  -20.100 1.0000000000
29029  -17.068  -42.945  -20.213 1.0000000000
29047  -20.671  -43.298  -20.321 1.0000000000
30129  -17.423  -41.550  -17.125 0.8999999762
30167  -24.299  -42.213  -19.910 1.0000000000
30179  -20.871  -42.700  -20.095 1.0000000000
30200  -9.626  -41.926  -22.276 0.6999999881
30201  -10.233  -42.063  -22.880 0.5000000000
31182  -18.280  -40.115  -14.971 0.6999999881
31208  -18.655  -40.755  -16.727 0.8000000119
31209  -19.798  -40.846  -16.760 0.8000000119
31220  -11.742  -41.343  -17.596 0.8999999762
31223  -18.399  -41.408  -17.222 0.8000000119
31255  -7.755  -41.351  -19.862 0.8999999762
31256  -14.790  -41.546  -19.071 1.0000000000
31314  -10.933  -41.744  -23.634 0.5000000000
32255  -17.625  -40.303  -15.643 0.6999999881
32256  -17.925  -39.943  -15.221 0.6999999881
32274  -31.400  -40.171  -16.253 0.8999999762
32294  -8.435  -40.850  -19.554 0.8999999762
32304  -20.404  -40.129  -18.941 1.0000000000
32305  -22.017  -39.965  -19.019 1.0000000000
32323  -15.823  -40.616  -18.980 1.0000000000
32367  -9.114  -40.940  -21.916 0.5000000000
33330  -18.527  -39.799  -15.056 0.6999999881
33331  -19.501  -39.474  -14.942 0.6999999881
33332  -20.455  -38.925  -14.532 0.6000000238
33345  -17.767  -39.828  -15.711 0.6999999881
33347  -18.987  -39.770  -15.223 0.8000000119
33349  -20.961  -38.573  -15.045 0.8000000119
33371  -29.984  -39.454  -17.592 1.0000000000
33405  -10.568  -38.539  -21.282 0.6000000238
34375  -21.122  -38.781  -13.997 0.6999999881
34376  -21.947  -38.277  -13.976 0.6999999881
34397  -21.003  -38.622  -14.530 0.6999999881
34425  -19.409  -37.986  -17.572 1.0000000000
34444  -9.564  -38.267  -19.078 0.8999999762
34448  -17.124  -38.840  -18.263 1.0000000000
34450  -19.130  -38.682  -18.176 1.0000000000
34466  -10.062  -38.288  -20.331 0.6999999881
35474  -22.763  -35.264  -16.015 1.0000000000
35475  -22.998  -35.414  -16.334 1.0000000000
35476  -23.483  -35.246  -16.314 1.0000000000
35484  -21.520  -37.221  -16.274 1.0000000000
35527  -10.350  -37.822  -19.946 0.6999999881
35530  -13.675  -37.146  -20.503 0.6000000238
36509  -19.382  -35.807  -15.466 1.0000000000
36513  -23.450  -35.045  -16.198 1.0000000000
36521  -19.007  -36.417  -15.901 1.0000000000
36523  -21.936  -35.684  -17.330 1.0000000000
36533  -23.364  -36.768  -17.716 1.0000000000
36555  -14.672  -36.156  -19.434 0.5000000000
37603  -19.714  -35.311  -15.522 1.0000000000
37606  -22.579  -35.325  -15.357 1.0000000000
37607  -23.121  -34.772  -15.676 1.0000000000
37621  -22.895  -34.698  -16.013 1.0000000000
37622  -30.838  -34.896  -17.282 0.8000000119
37634  -24.706  -35.718  -18.086 1.0000000000
37682  -16.501  -35.851  -21.727 0.4000000060
38647  -16.647  -34.245  -15.495 0.8999999762
38651  -20.090  -34.886  -15.815 1.0000000000
38652  -22.962  -34.809  -15.548 1.0000000000
38653  -23.020  -34.782  -15.519 1.0000000000
38662  -13.074  -34.089  -16.412 0.8000000119
38670  -11.964  -34.815  -17.681 0.8000000119
38694  -23.344  -34.805  -18.087 1.0000000000
38707  -15.358  -34.107  -20.433 0.6000000238
39696  -18.646  -33.543  -17.763 0.8000000119
39699  -24.507  -33.837  -17.772 0.8999999762
39754  -17.518  -33.113  -21.517 0.4000000060
40625  -15.730  -31.376  -16.037 0.8000000119
40647  -15.399  -32.456  -18.150 0.6999999881
40668  -15.886  -32.663  -20.433 0.4000000060
41560  -15.711  -30.854  -16.538 0.8000000119
41567  -15.845  -30.905  -17.013 0.6999999881
41571  -22.697  -31.370  -17.839 0.6000000238
41594  -16.110  -31.850  -19.088 0.6000000238
41608  -17.327  -31.139  -20.794 0.4000000060
41627  -17.454  -31.523  -21.201 0.4000000060
42520  -16.848  -31.086  -18.809 0.6999999881
42569  -18.374  -30.935  -21.219 0.4000000060
43569  -17.493  -30.181  -19.782 0.5000000000
44547  -23.373  -27.586  -17.796 0.5000000000
44585  -17.754  -27.674  -20.018 0.5000000000
44605  -18.586  -27.631  -20.395 0.4000000060
45498  -21.060  -26.031  -17.750 0.5000000000
45499  -21.978  -26.508  -17.633 0.6000000238
45518  -19.081  -26.279  -19.042 0.4000000060
45519  -23.050  -26.941  -18.355 0.3000000119
45536  -18.097  -27.066  -20.081 0.5000000000
45537  -18.753  -26.544  -19.662 0.4000000060
45539  -21.459  -26.560  -19.291 0.4000000060
46430  -20.049  -25.869  -18.738 0.5000000000
46431  -20.811  -25.645  -18.264 0.5000000000
46433  -22.326  -26.177  -17.919 0.3000000119
46452  -20.454  -25.753  -18.621 0.5000000000
46453  -21.216  -25.597  -18.364 0.5000000000
46454  -22.203  -26.036  -18.192 0.3000000119
115737  -17.333  -51.237  -16.715 1.0000000000
115758  -13.767  -47.325  -16.989 0.6999999881
115769  -10.263  -50.010  -18.631 1.0000000000
115777  -11.245  -47.004  -18.279 1.0000000000
116170  -12.106  -50.371  -18.787 1.0000000000
116220  -11.229  -49.217  -18.581 1.0000000000
116259  -23.347  -34.970  -16.109 1.0000000000
116386  -14.080  -51.826  -18.884 1.0000000000
116458  -16.672  -50.382  -19.266 1.0000000000
116482  -15.319  -51.347  -16.253 1.0000000000
116800  -8.848  -51.661  -16.316 0.6000000238
117066  -11.832  -68.881  -26.400 0.8999999762
117360  -11.807  -70.677  -23.345 0.8999999762
117513  -14.753  -72.459  -35.091 0.8999999762
117658  -10.280  -63.857  -18.246 0.8000000119
117864  -19.849  -55.342  -17.082 1.0000000000
118099  -19.332  -49.541  -20.741 1.0000000000
118125  -11.972  -62.509  -35.510 0.8000000119
118403  -27.346  -74.696  -32.068 0.8000000119
118591  -8.279  -55.677  -31.853 0.8999999762
118595  -9.631  -58.899  -15.678 0.6000000238
118628  -11.907  -67.637  -25.258 1.0000000000
118723  -8.506  -55.054  -28.331 1.0000000000
118809  -12.065  -64.584  -29.133 1.0000000000
118821  -14.159  -72.886  -29.799 0.5000000000
118910  -11.651  -61.046  -30.079 1.0000000000
119064  -12.602  -61.223  -31.233 1.0000000000
119113  -14.554  -35.162  -15.790 0.8999999762
119138  -11.868  -60.981  -30.900 1.0000000000
119255  -14.712  -58.975  -19.818 1.0000000000
119317  -9.530  -42.996  -17.364 0.8999999762
119483  -23.186  -28.332  -17.582 0.5000000000
119499  -21.587  -36.035  -15.569 1.0000000000
120067  -7.524  -51.906  -31.149 0.8000000119
120346  -16.834  -60.500  -22.418 1.0000000000
120420  -9.263  -59.171  -36.365 0.6000000238
120670  -17.964  -65.052  -22.042 1.0000000000
120672  -19.991  -60.199  -21.691 1.0000000000
120675  -14.280  -46.883  -19.542 1.0000000000
120920  -9.008  -58.241  -35.520 0.6999999881
121077  -8.029  -54.895  -33.050 0.8999999762
121148  -25.324  -65.738  -37.436 0.8999999762
121226  -11.402  -60.593  -31.965 1.0000000000
121331  -17.079  -36.441  -16.257 1.0000000000
121854  -21.014  -51.614  -19.577 1.0000000000
121925  -9.884  -59.939  -28.041 1.0000000000
122075  -16.380  -73.760  -30.903 0.6000000238
122103  -16.925  -64.712  -21.544 1.0000000000
122248  -11.353  -60.786  -30.482 1.0000000000
122442  -11.464  -68.824  -19.093 0.6000000238
122466  -16.867  -32.645  -21.416 0.4000000060
122838  -10.015  -60.866  -36.783 0.6999999881
122963  -19.308  -55.708  -16.997 1.0000000000
123309  -9.565  -55.475  -24.233 1.0000000000
123478  -13.678  -55.199  -25.940 1.0000000000
123870  -20.580  -60.570  -28.722 1.0000000000
124075  -12.676  -52.494  -22.451 1.0000000000
124327  -25.188  -67.526  -41.269 0.6999999881
124358  -14.091  -61.279  -30.985 1.0000000000
124367  -13.734  -66.767  -41.412 0.6000000238
124466  -8.374  -47.803  -28.172 0.6999999881
124657  -17.143  -33.847  -21.741 0.4000000060
124777  -22.846  -61.454  -25.125 1.0000000000
124846  -8.455  -54.335  -25.186 1.0000000000
124924  -11.153  -43.869  -22.361 0.6000000238
124927  -21.552  -73.770  -32.453 0.5000000000
124984  -12.187  -64.955  -31.761 1.0000000000
125003  -11.591  -66.992  -20.034 0.8999999762
125014  -17.140  -50.742  -18.688 1.0000000000
125128  -12.162  -52.756  -23.837 1.0000000000
125280  -8.380  -56.172  -30.698 1.0000000000
125634  -18.629  -61.968  -27.579 1.0000000000
125892  -9.609  -59.524  -20.374 0.8999999762
126429  -14.824  -63.601  -20.892 1.0000000000
126863  -11.155  -41.744  -17.547 0.8999999762
126879  -16.040  -67.512  -30.390 0.8999999762
126917  -11.377  -69.942  -18.770 0.6000000238
126939  -9.812  -58.870  -26.348 1.0000000000
127141  -9.998  -59.149  -31.959 1.0000000000
127142  -10.501  -60.035  -30.985 1.0000000000
127352  -26.874  -66.922  -33.822 0.8999999762
127552  -18.881  -67.249  -41.651 0.6000000238
127634  -11.432  -66.656  -28.929 0.8999999762
127707  -13.953  -62.267  -34.550 0.8999999762
127986  -25.333  -68.027  -41.416 0.6999999881
128002  -22.606  -62.188  -24.705 1.0000000000
128008  -15.954  -69.443  -32.491 0.8999999762
128224  -19.781  -77.978  -29.604 0.6999999881
128308  -21.244  -61.166  -30.429 1.0000000000
128385  -21.009  -61.156  -20.564 1.0000000000
128598  -13.531  -57.136  -17.779 1.0000000000
128677  -23.544  -36.158  -17.892 1.0000000000
128754  -22.721  -65.526  -35.070 0.8999999762
128851  -15.057  -58.965  -22.448 1.0000000000
128906  -11.725  -57.722  -21.782 1.0000000000
129143  -23.805  -66.231  -33.463 0.8999999762
129196  -11.640  -65.674  -31.229 1.0000000000
129627  -21.037  -61.902  -23.448 1.0000000000
129876  -15.149  -64.478  -30.256 1.0000000000
130014  -12.982  -64.861  -33.525 1.0000000000
130075  -12.994  -42.807  -18.741 1.0000000000
130254  -20.816  -62.148  -32.443 1.0000000000
130366  -28.020  -77.606  -27.613 0.6000000238
130541  -20.773  -61.072  -29.955 1.0000000000
130787  -11.021  -61.429  -27.850 1.0000000000
130818  -9.148  -57.941  -34.383 0.8000000119
130867  -13.746  -72.979  -23.420 0.8000000119
131325  -20.916  -61.900  -19.002 1.0000000000
131572  -8.589  -55.337  -18.874 0.8000000119
131576  -16.794  -39.361  -18.560 1.0000000000
131599  -21.857  -41.540  -16.906 0.8000000119
131682  -11.448  -69.969  -16.655 0.5000000000
131744  -21.852  -38.816  -15.094 0.6999999881
132015  -15.737  -67.507  -31.069 0.8999999762
132175  -18.562  -63.277  -18.491 1.0000000000
132272  -10.475  -60.887  -28.671 1.0000000000
132289  -13.234  -74.256  -20.750 0.8000000119
132381  -9.698  -48.948  -16.666 0.6999999881
132416  -9.025  -51.024  -16.479 0.6999999881
132452  -10.043  -48.186  -16.493 0.5000000000
132463  -23.268  -35.228  -16.289 1.0000000000
132480  -8.409  -49.385  -17.978 1.0000000000
132505  -15.434  -50.997  -18.387 1.0000000000
132507  -14.113  -51.379  -18.712 1.0000000000
132519  -13.398  -73.774  -20.318 0.6000000238
132911  -8.670  -55.638  -17.691 0.6999999881
132927  -23.597  -64.582  -42.512 0.6999999881
133057  -11.981  -63.619  -38.083 0.6999999881
133118  -11.729  -55.307  -16.353 1.0000000000
133262  -11.867  -67.225  -30.907 0.8999999762
133310  -21.614  -65.438  -29.827 1.0000000000
133689  -31.513  -35.369  -16.371 0.8000000119
133793  -17.467  -60.188  -28.354 1.0000000000
134145  -12.844  -72.654  -23.196 0.8000000119
134377  -8.274  -55.791  -31.143 1.0000000000
134508  -28.198  -44.381  -17.981 1.0000000000
134513  -14.349  -61.749  -32.485 0.8999999762
134679  -15.231  -35.441  -15.769 0.8999999762
134814  -12.315  -66.055  -34.905 1.0000000000
134881  -16.364  -61.793  -23.208 1.0000000000
135077  -11.289  -68.837  -17.931 0.6000000238
135078  -17.023  -67.403  -29.016 0.8000000119
135205  -14.543  -42.202  -19.220 1.0000000000
135390  -8.202  -55.606  -34.996 0.6999999881
135528  -21.863  -51.730  -18.446 1.0000000000
135535  -10.873  -62.434  -38.519 0.6999999881
135576  -27.427  -73.668  -34.302 0.8999999762
135578  -8.877  -56.464  -15.996 0.5000000000
135632  -13.228  -61.942  -14.774 0.5000000000
135675  -7.498  -46.025  -18.444 0.8999999762
136383  -15.221  -63.229  -35.953 0.8999999762
136392  -18.711  -57.322  -21.169 1.0000000000
136414  -15.902  -51.295  -16.430 1.0000000000
136477  -11.583  -57.091  -25.965 1.0000000000
136634  -20.601  -62.375  -18.756 1.0000000000
136813  -11.232  -60.858  -33.258 0.8999999762
136895  -11.820  -71.111  -25.034 0.8999999762
136902  -9.747  -59.034  -17.684 0.6999999881
136974  -9.609  -49.680  -16.684 0.6999999881
137233  -10.666  -61.164  -26.727 1.0000000000
137269  -13.461  -63.299  -36.520 0.6999999881
137317  -22.764  -75.599  -35.457 1.0000000000
137468  -20.658  -30.267  -20.382 0.3000000119
137545  -17.228  -61.927  -32.058 1.0000000000
137800  -8.804  -47.872  -16.905 1.0000000000
137881  -12.631  -60.746  -16.034 0.5000000000
137906  -8.014  -52.071  -29.559 1.0000000000
138219  -11.090  -60.078  -22.068 1.0000000000
138226  -19.200  -52.378  -15.259 1.0000000000
138235  -19.375  -63.681  -35.345 0.8999999762
138268  -17.577  -49.763  -20.274 1.0000000000
138313  -13.318  -56.151  -14.815 1.0000000000
138421  -14.903  -61.456  -19.346 1.0000000000
138444  -21.063  -33.098  -18.511 0.8000000119
138669  -8.771  -56.339  -26.293 1.0000000000
138745  -9.942  -50.926  -19.130 1.0000000000
138790  -19.333  -65.051  -38.055 0.8000000119
138901  -14.759  -31.887  -15.986 0.8000000119
138951  -22.922  -34.893  -15.403 1.0000000000
139017  -22.024  -64.135  -35.743 0.8999999762
139075  -22.968  -27.312  -18.925 0.3000000119
139162  -8.186  -50.951  -25.656 1.0000000000
139217  -26.963  -76.425  -29.554 0.6999999881
139229  -18.378  -59.884  -22.392 1.0000000000
139391  -21.648  -38.438  -13.926 0.6000000238
139497  -17.178  -55.612  -19.720 1.0000000000
139530  -10.609  -46.798  -17.907 1.0000000000
139913  -22.399  -28.429  -17.540 0.6999999881
140077  -25.886  -77.042  -31.441 0.8000000119
140161  -15.296  -35.390  -19.673 0.5000000000
140162  -12.519  -60.220  -23.287 1.0000000000
140183  -8.854  -53.041  -21.063 1.0000000000
140218  -11.726  -72.211  -20.139 0.6999999881
140323  -13.678  -65.721  -34.689 1.0000000000
140379  -15.731  -34.321  -15.360 0.8999999762
140438  -17.289  -63.426  -19.202 1.0000000000
140905  -12.475  -55.341  -15.386 1.0000000000
140911  -19.598  -37.517  -16.999 1.0000000000
141063  -15.528  -60.045  -27.333 1.0000000000
141072  -29.702  -69.019  -37.738 0.6000000238
141121  -12.890  -74.011  -21.685 0.8000000119
141133  -21.405  -62.575  -26.778 1.0000000000
141226  -21.055  -63.588  -42.819 0.6000000238
