#!ascii label  , from subject sub-v1s12x0050109_ses-1 vox2ras=TkReg
5099
53480  17.766  -23.698  47.823 0.0000000000
70515  8.827  -5.219  61.337 0.0000000000
131509  11.076  -16.877  50.826 0.0000000000
126800  0.172  -27.154  54.536 0.0000000000
126835  29.801  -17.377  45.332 0.0000000000
67097  3.190  -9.626  45.760 0.0000000000
66282  43.216  -10.822  34.420 0.0000000000
72655  54.451  -3.248  19.512 0.0000000000
131674  9.618  -25.117  46.108 0.0000000000
56531  15.153  -20.654  37.877 0.0000000000
48863  17.011  -28.655  57.639 0.0000000000
52480  9.262  -24.823  57.578 0.0000000000
131026  24.346  -20.848  44.010 0.0000000000
62360  22.897  -14.980  35.862 0.0000000000
76710  4.357  1.908  61.362 0.0000000000
82308  8.599  8.388  61.719 0.0000000000
60227  6.059  -16.204  57.830 0.0000000000
58333  1.369  -18.022  49.505 0.0000000000
69687  2.894  -5.869  57.905 0.0000000000
74957  10.905  -0.800  53.194 0.0000000000
55497  35.913  -22.230  40.110 0.0000000000
61281  39.707  -15.344  42.379 0.0000000000
123313  40.756  -17.246  36.872 0.0000000000
45965  3.777  -31.737  49.515 0.0000000000
56381  2.911  -20.473  52.179 0.0000000000
117416  28.042  -19.248  39.595 0.0000000000
60440  30.721  -15.971  35.676 0.0000000000
70759  51.140  -5.671  29.546 0.0000000000
116912  14.455  -26.649  46.618 0.0000000000
53528  12.181  -23.781  42.267 0.0000000000
114854  16.784  -23.664  42.851 0.0000000000
51560  17.587  -25.293  53.411 0.0000000000
50711  13.514  -26.867  52.593 0.0000000000
54382  21.834  -23.128  51.332 0.0000000000
49785  21.575  -27.902  54.588 0.0000000000
54478  21.277  -22.239  45.511 0.0000000000
53468  24.836  -23.812  48.252 0.0000000000
55490  19.382  -21.397  40.439 0.0000000000
74047  6.460  -1.675  65.168 0.0000000000
79624  4.876  5.102  62.931 0.0000000000
139208  9.896  0.676  62.309 0.0000000000
66021  9.126  -11.006  60.917 0.0000000000
65047  4.559  -11.930  59.614 0.0000000000
69653  4.840  -6.869  63.662 0.0000000000
72288  5.769  -3.430  62.347 0.0000000000
53583  33.731  -23.093  36.308 0.0000000000
54561  40.020  -22.577  39.001 0.0000000000
45026  8.656  -32.842  45.806 0.0000000000
56414  7.088  -20.341  48.286 0.0000000000
52538  5.026  -24.426  51.480 0.0000000000
61231  6.720  -15.611  47.567 0.0000000000
64163  7.920  -12.760  51.546 0.0000000000
57390  30.080  -18.667  43.135 0.0000000000
61289  25.032  -15.428  41.054 0.0000000000
136957  27.006  -14.637  35.983 0.0000000000
62275  28.958  -15.238  40.840 0.0000000000
59484  31.188  -17.530  39.402 0.0000000000
62238  2.321  -13.572  46.976 0.0000000000
57375  0.092  -20.474  44.066 0.0000000000
61307  1.263  -16.065  41.698 0.0000000000
67102  7.244  -9.098  44.259 0.0000000000
132074  55.276  1.442  19.738 0.0000000000
56426  10.577  -20.054  46.757 0.0000000000
57315  14.497  -19.489  50.753 0.0000000000
56450  14.066  -21.498  45.953 0.0000000000
58408  15.670  -18.679  42.049 0.0000000000
62312  16.964  -14.606  38.751 0.0000000000
44963  15.085  -30.967  52.411 0.0000000000
46938  11.945  -30.029  51.840 0.0000000000
50655  13.018  -26.825  57.210 0.0000000000
120704  9.396  -24.567  50.867 0.0000000000
44962  18.806  -32.030  52.933 0.0000000000
59407  25.462  -17.958  46.822 0.0000000000
120464  30.430  -24.077  49.083 0.0000000000
52574  27.989  -23.894  46.670 0.0000000000
65285  20.123  -11.258  36.191 0.0000000000
124698  18.793  -17.475  35.622 0.0000000000
120869  21.645  -17.695  40.113 0.0000000000
125746  4.115  6.871  57.920 0.0000000000
56370  0.722  -20.371  56.047 0.0000000000
119790  0.355  -22.718  51.110 0.0000000000
127268  1.789  -16.541  54.139 0.0000000000
134556  4.542  -11.968  53.073 0.0000000000
68882  2.707  -6.789  51.318 0.0000000000
69725  6.448  -6.171  50.346 0.0000000000
72347  6.528  -3.340  55.892 0.0000000000
76727  8.708  1.440  58.130 0.0000000000
60360  36.577  -16.757  41.604 0.0000000000
61242  38.536  -15.997  45.178 0.0000000000
131258  39.134  -21.100  43.915 0.0000000000
58434  44.428  -19.256  40.241 0.0000000000
64384  46.939  -12.498  33.982 0.0000000000
63383  41.820  -13.506  33.462 0.0000000000
44948  1.187  -31.442  55.358 0.0000000000
47910  7.432  -29.364  53.471 0.0000000000
48884  3.612  -28.611  56.298 0.0000000000
52489  1.503  -24.524  57.403 0.0000000000
58286  5.170  -18.078  54.526 0.0000000000
65072  8.566  -11.550  55.682 0.0000000000
67183  25.192  -9.367  36.809 0.0000000000
65259  29.740  -11.283  38.107 0.0000000000
62290  33.968  -13.962  40.285 0.0000000000
58459  34.786  -18.817  37.022 0.0000000000
55516  32.163  -20.882  38.502 0.0000000000
123960  2.183  -25.007  45.952 0.0000000000
137469  10.613  -4.133  47.708 0.0000000000
70806  54.005  -5.022  25.233 0.0000000000
66331  48.579  -10.559  29.431 0.0000000000
51625  16.195  -25.393  47.018 0.0000000000
51642  15.416  -25.754  44.785 0.0000000000
52588  17.100  -24.098  45.099 0.0000000000
119111  17.136  -24.412  50.536 0.0000000000
135629  15.697  -26.090  50.198 0.0000000000
54408  19.966  -22.596  50.347 0.0000000000
53425  19.725  -23.316  52.285 0.0000000000
54465  19.018  -22.630  46.578 0.0000000000
116901  21.156  -21.982  48.613 0.0000000000
53513  18.565  -22.817  43.780 0.0000000000
72282  8.393  -3.000  63.983 0.0000000000
118562  8.255  -0.613  64.003 0.0000000000
73225  10.408  -1.867  62.592 0.0000000000
68810  8.633  -7.703  60.647 0.0000000000
67902  7.433  -9.149  62.258 0.0000000000
69652  7.459  -6.318  62.778 0.0000000000
70501  5.735  -4.431  64.541 0.0000000000
129531  12.071  -16.110  53.163 0.0000000000
44014  10.863  -33.070  48.499 0.0000000000
59412  9.531  -17.130  46.676 0.0000000000
58359  6.066  -18.592  46.870 0.0000000000
139015  10.408  -15.104  48.509 0.0000000000
62210  11.061  -13.838  50.017 0.0000000000
59431  30.292  -17.942  44.096 0.0000000000
56456  30.568  -20.534  44.853 0.0000000000
126138  31.332  -20.372  45.613 0.0000000000
60343  27.199  -15.843  44.082 0.0000000000
62278  26.996  -14.739  40.956 0.0000000000
134471  29.145  -15.905  43.649 0.0000000000
130505  29.799  -16.662  41.969 0.0000000000
134308  -0.991  -30.497  53.458 0.0000000000
48895  0.333  -28.494  52.112 0.0000000000
122158  0.651  -10.564  46.400 0.0000000000
62257  0.291  -14.296  44.395 0.0000000000
64296  1.668  -12.894  43.510 0.0000000000
62282  3.158  -14.882  42.164 0.0000000000
64278  4.026  -12.613  44.240 0.0000000000
67095  5.178  -9.377  45.622 0.0000000000
119102  55.346  -1.241  18.943 0.0000000000
54468  9.564  -22.557  46.223 0.0000000000
55423  12.144  -22.211  47.762 0.0000000000
54466  11.995  -22.910  46.015 0.0000000000
54559  13.665  -22.269  39.821 0.0000000000
56482  13.406  -20.364  42.357 0.0000000000
127261  13.884  -19.358  39.979 0.0000000000
59476  15.988  -17.422  40.261 0.0000000000
134692  15.603  -17.402  37.880 0.0000000000
46901  15.207  -30.435  54.644 0.0000000000
45916  13.877  -29.835  54.383 0.0000000000
48851  14.536  -28.195  57.736 0.0000000000
50740  11.581  -26.796  49.381 0.0000000000
51581  11.277  -25.934  51.452 0.0000000000
138570  9.507  -25.436  48.543 0.0000000000
54453  8.535  -22.852  47.778 0.0000000000
48860  19.462  -28.220  56.876 0.0000000000
46908  20.042  -30.985  54.336 0.0000000000
46898  18.235  -31.276  55.299 0.0000000000
44952  17.089  -31.274  52.723 0.0000000000
57360  24.461  -18.812  45.283 0.0000000000
55412  27.806  -21.192  48.381 0.0000000000
54473  26.212  -21.992  45.685 0.0000000000
51599  24.132  -25.414  49.378 0.0000000000
50747  23.635  -26.485  48.950 0.0000000000
119325  16.500  -15.924  35.959 0.0000000000
57482  17.191  -19.359  36.354 0.0000000000
55467  22.312  -21.177  42.634 0.0000000000
56500  20.679  -19.806  40.417 0.0000000000
58396  22.864  -18.771  42.709 0.0000000000
59453  23.171  -17.622  43.053 0.0000000000
77687  3.962  2.742  58.797 0.0000000000
79651  3.427  4.575  56.558 0.0000000000
119542  2.651  4.830  59.501 0.0000000000
131391  6.529  6.775  61.526 0.0000000000
84025  4.669  9.750  61.969 0.0000000000
59340  3.342  -17.864  56.555 0.0000000000
58289  0.636  -18.633  55.010 0.0000000000
61179  2.711  -16.314  56.443 0.0000000000
66978  3.795  -9.351  58.007 0.0000000000
64112  4.608  -11.966  56.219 0.0000000000
67002  4.539  -9.243  55.993 0.0000000000
67027  5.452  -9.339  52.027 0.0000000000
69699  3.331  -6.056  54.127 0.0000000000
71468  3.652  -4.646  53.670 0.0000000000
72341  3.729  -4.012  56.874 0.0000000000
74911  5.842  -0.675  62.791 0.0000000000
74926  7.946  -0.763  60.552 0.0000000000
76723  6.109  1.738  59.977 0.0000000000
116062  5.984  2.605  57.008 0.0000000000
57414  36.729  -19.528  40.528 0.0000000000
125260  37.580  -19.119  44.433 0.0000000000
55473  37.601  -21.648  42.893 0.0000000000
57455  40.074  -19.783  37.396 0.0000000000
56505  42.686  -20.768  39.854 0.0000000000
59492  44.449  -18.968  38.522 0.0000000000
60423  44.153  -16.451  37.241 0.0000000000
62365  43.952  -14.270  35.911 0.0000000000
61382  41.102  -15.201  35.227 0.0000000000
44994  2.387  -32.336  49.173 0.0000000000
44982  0.647  -33.070  51.923 0.0000000000
45945  2.865  -32.001  52.694 0.0000000000
131874  10.472  -27.916  56.292 0.0000000000
47917  9.593  -29.154  52.356 0.0000000000
49768  8.552  -27.024  56.444 0.0000000000
54398  3.211  -23.026  50.564 0.0000000000
50704  4.983  -26.393  53.516 0.0000000000
131102  2.859  -25.477  53.658 0.0000000000
117276  2.225  -26.078  57.085 0.0000000000
54376  2.501  -22.229  54.333 0.0000000000
56372  2.738  -20.553  55.239 0.0000000000
57298  4.204  -19.046  53.378 0.0000000000
64136  8.351  -11.835  53.415 0.0000000000
66984  11.214  -9.761  57.692 0.0000000000
64376  21.288  -12.588  34.196 0.0000000000
66253  22.656  -9.886  36.488 0.0000000000
65324  24.014  -11.691  34.423 0.0000000000
62354  28.841  -14.943  35.674 0.0000000000
64362  29.268  -12.685  35.289 0.0000000000
64355  30.985  -13.048  36.102 0.0000000000
64316  32.050  -13.014  39.305 0.0000000000
62338  32.972  -14.295  37.233 0.0000000000
61342  34.444  -15.853  37.894 0.0000000000
60426  32.784  -16.590  35.831 0.0000000000
58439  29.920  -18.453  40.199 0.0000000000
57444  31.839  -19.784  38.744 0.0000000000
57445  30.467  -19.740  38.960 0.0000000000
118748  0.478  -20.777  50.114 0.0000000000
52560  0.947  -24.190  49.114 0.0000000000
125067  -0.175  -21.924  46.981 0.0000000000
54532  -0.720  -22.047  41.020 0.0000000000
72386  8.628  -4.157  52.029 0.0000000000
70598  9.357  -5.449  49.295 0.0000000000
74145  11.029  -2.130  50.324 0.0000000000
61251  40.407  -15.300  43.836 0.0000000000
64240  41.343  -12.310  44.320 0.0000000000
63275  39.412  -12.960  42.516 0.0000000000
70771  48.409  -4.956  28.890 0.0000000000
134506  49.730  -4.408  27.382 0.0000000000
72577  52.135  -4.279  26.077 0.0000000000
125605  52.719  -5.208  27.310 0.0000000000
63421  46.114  -12.644  30.775 0.0000000000
65351  48.556  -11.339  31.484 0.0000000000
122424  11.835  -27.030  46.394 0.0000000000
52599  11.008  -24.917  44.111 0.0000000000
51652  13.574  -26.184  43.693 0.0000000000
52620  14.582  -24.607  41.451 0.0000000000
54556  15.931  -22.490  39.503 0.0000000000
50676  17.572  -25.686  56.524 0.0000000000
50678  15.743  -26.901  55.500 0.0000000000
50708  16.178  -26.497  52.949 0.0000000000
49805  13.820  -27.294  49.925 0.0000000000
51569  22.382  -25.422  50.295 0.0000000000
49794  22.016  -27.220  52.443 0.0000000000
52511  22.381  -24.425  52.792 0.0000000000
51536  19.485  -25.229  55.409 0.0000000000
54487  22.458  -22.385  44.469 0.0000000000
117713  24.182  -22.671  45.449 0.0000000000
115293  22.270  -22.228  47.197 0.0000000000
54405  23.661  -22.896  50.229 0.0000000000
55520  17.235  -21.411  38.446 0.0000000000
54526  18.217  -22.435  41.420 0.0000000000
54500  20.549  -22.304  43.266 0.0000000000
75787  4.505  -0.156  64.225 0.0000000000
78679  3.400  3.809  63.135 0.0000000000
77650  5.925  2.239  64.123 0.0000000000
78680  6.895  3.247  62.390 0.0000000000
79637  8.546  4.355  60.515 0.0000000000
62113  7.921  -14.324  59.467 0.0000000000
62117  4.942  -14.697  59.452 0.0000000000
122016  6.043  -12.598  61.495 0.0000000000
120173  4.842  -10.115  61.135 0.0000000000
68811  3.597  -6.774  60.389 0.0000000000
71422  3.974  -4.669  59.825 0.0000000000
70510  3.918  -4.828  62.936 0.0000000000
73222  4.843  -2.308  64.304 0.0000000000
53559  34.174  -23.917  39.197 0.0000000000
52626  36.779  -24.445  41.015 0.0000000000
52660  37.179  -24.894  36.934 0.0000000000
55543  37.626  -21.717  36.009 0.0000000000
45985  5.202  -31.730  46.723 0.0000000000
54385  7.604  -21.870  52.705 0.0000000000
130868  7.062  -23.960  54.678 0.0000000000
122121  6.161  -21.388  49.616 0.0000000000
56417  4.442  -20.567  48.320 0.0000000000
59379  4.651  -17.899  49.561 0.0000000000
60276  5.754  -16.793  51.269 0.0000000000
63219  7.789  -13.934  49.133 0.0000000000
57404  28.577  -19.015  41.697 0.0000000000
135056  27.020  -20.524  41.821 0.0000000000
56467  29.270  -20.287  43.679 0.0000000000
135067  23.636  -15.199  38.320 0.0000000000
114875  24.978  -14.181  35.521 0.0000000000
62329  25.885  -14.131  38.107 0.0000000000
62326  27.971  -14.833  38.829 0.0000000000
133140  29.552  -15.545  37.977 0.0000000000
120198  31.201  -17.241  37.046 0.0000000000
60372  30.761  -16.508  40.277 0.0000000000
58415  30.027  -17.509  41.238 0.0000000000
126563  2.557  -15.610  48.351 0.0000000000
56443  1.014  -20.375  45.984 0.0000000000
128814  2.592  -17.339  44.454 0.0000000000
59458  0.215  -17.843  42.109 0.0000000000
115219  0.847  -20.465  40.148 0.0000000000
68966  8.446  -7.782  43.580 0.0000000000
76764  10.827  1.950  53.441 0.0000000000
124644  11.957  1.154  50.800 0.0000000000
131699  9.943  3.025  50.057 0.0000000000
69906  48.620  -6.264  30.768 0.0000000000
58356  11.342  -18.559  47.462 0.0000000000
58319  12.418  -19.214  51.183 0.0000000000
56400  12.779  -20.469  49.174 0.0000000000
56409  14.178  -20.570  47.966 0.0000000000
57362  15.238  -19.398  45.895 0.0000000000
122885  12.539  -22.264  44.083 0.0000000000
138791  14.483  -20.148  44.151 0.0000000000
58388  16.651  -18.741  44.178 0.0000000000
60356  17.555  -17.109  42.403 0.0000000000
61303  17.064  -15.311  40.971 0.0000000000
63305  17.906  -13.082  40.041 0.0000000000
117487  13.578  -32.234  48.634 0.0000000000
45949  13.788  -31.012  52.079 0.0000000000
131650  12.837  -28.928  55.332 0.0000000000
121042  11.688  -26.108  57.317 0.0000000000
50690  13.533  -26.417  55.202 0.0000000000
115020  11.761  -25.283  54.473 0.0000000000
52517  9.616  -24.017  53.695 0.0000000000
54409  8.074  -22.161  50.510 0.0000000000
56442  8.619  -20.467  46.914 0.0000000000
47914  20.902  -29.682  52.512 0.0000000000
59405  27.743  -17.405  46.929 0.0000000000
56405  30.792  -20.344  48.335 0.0000000000
56395  28.832  -20.548  49.176 0.0000000000
119556  28.728  -23.985  49.369 0.0000000000
53487  25.710  -23.517  46.424 0.0000000000
65252  19.525  -11.480  39.433 0.0000000000
64344  17.819  -12.784  37.169 0.0000000000
62390  18.776  -14.665  34.481 0.0000000000
61378  20.786  -15.682  35.067 0.0000000000
57465  19.286  -19.282  37.875 0.0000000000
58463  20.232  -18.205  37.928 0.0000000000
59495  21.932  -16.588  38.289 0.0000000000
60365  23.058  -16.361  40.946 0.0000000000
59443  25.137  -16.841  43.903 0.0000000000
127560  3.093  6.567  60.692 0.0000000000
128253  0.225  -23.928  55.352 0.0000000000
52532  0.183  -24.494  53.003 0.0000000000
131591  0.116  -21.769  54.308 0.0000000000
58307  -0.241  -18.777  52.784 0.0000000000
60277  1.423  -16.821  52.422 0.0000000000
63135  3.703  -13.808  56.645 0.0000000000
62158  3.308  -14.358  53.835 0.0000000000
62203  1.839  -14.651  51.022 0.0000000000
64191  3.850  -12.574  49.781 0.0000000000
66121  3.699  -10.451  48.977 0.0000000000
68906  2.614  -7.769  48.004 0.0000000000
69760  4.373  -6.771  48.188 0.0000000000
70589  4.319  -4.926  50.373 0.0000000000
128851  6.174  -4.567  52.788 0.0000000000
73272  9.145  -2.427  54.623 0.0000000000
72313  6.239  -3.736  58.528 0.0000000000
74096  8.837  -2.189  58.052 0.0000000000
119667  10.570  0.560  55.988 0.0000000000
77712  9.204  2.619  55.796 0.0000000000
61263  36.426  -15.554  44.099 0.0000000000
61223  36.897  -15.669  47.314 0.0000000000
59418  37.344  -17.331  45.629 0.0000000000
58383  38.999  -18.183  44.604 0.0000000000
119384  40.805  -17.994  43.042 0.0000000000
134684  40.709  -22.487  41.803 0.0000000000
56473  41.642  -20.585  41.630 0.0000000000
60368  40.494  -17.122  40.549 0.0000000000
60396  42.728  -16.358  39.167 0.0000000000
66261  46.730  -11.336  35.717 0.0000000000
127808  45.955  -12.801  36.237 0.0000000000
63380  44.646  -13.003  33.196 0.0000000000
63424  42.245  -12.728  29.900 0.0000000000
73528  54.702  -2.600  21.941 0.0000000000
69678  9.647  -6.333  58.947 0.0000000000
72301  10.580  -3.612  59.448 0.0000000000
44968  -0.237  -32.176  53.702 0.0000000000
47895  -0.090  -30.003  55.707 0.0000000000
46971  10.886  -30.351  47.680 0.0000000000
134425  7.823  -30.582  48.630 0.0000000000
46955  6.094  -31.114  51.003 0.0000000000
119610  7.061  -26.257  55.203 0.0000000000
47903  5.707  -29.413  55.043 0.0000000000
46923  4.705  -30.733  54.037 0.0000000000
46893  2.747  -29.923  56.646 0.0000000000
129063  1.108  -27.758  58.241 0.0000000000
50684  -0.114  -25.807  57.336 0.0000000000
126699  1.058  -22.055  56.345 0.0000000000
56368  2.965  -19.424  55.304 0.0000000000
60240  5.619  -16.810  56.164 0.0000000000
62170  6.696  -14.859  52.898 0.0000000000
62147  7.198  -14.409  55.246 0.0000000000
63129  7.718  -13.779  57.334 0.0000000000
65052  9.360  -12.130  58.543 0.0000000000
66970  10.753  -9.576  59.648 0.0000000000
126909  32.249  -23.993  47.526 0.0000000000
66219  21.503  -10.198  39.466 0.0000000000
115435  26.861  -8.781  40.896 0.0000000000
65322  26.730  -11.712  34.664 0.0000000000
66237  27.749  -9.979  37.299 0.0000000000
67135  29.210  -9.649  40.858 0.0000000000
66199  30.889  -10.700  41.481 0.0000000000
64299  32.907  -11.960  41.730 0.0000000000
63270  35.153  -13.392  43.456 0.0000000000
61295  35.453  -15.513  40.688 0.0000000000
139026  35.949  -17.572  39.518 0.0000000000
139133  35.778  -20.086  38.653 0.0000000000
58461  32.692  -18.909  37.087 0.0000000000
133715  33.827  -20.279  37.802 0.0000000000
55513  34.064  -22.561  38.779 0.0000000000
54571  32.951  -22.354  38.065 0.0000000000
54593  32.490  -21.731  35.776 0.0000000000
74065  12.160  -1.642  61.353 0.0000000000
132434  12.081  1.622  61.310 0.0000000000
50732  1.246  -26.253  51.077 0.0000000000
53509  0.867  -22.930  45.174 0.0000000000
69769  6.800  -7.326  47.001 0.0000000000
69767  8.662  -6.630  46.322 0.0000000000
70643  9.391  -4.965  44.764 0.0000000000
75019  12.292  -1.058  47.623 0.0000000000
73356  10.123  -2.705  45.813 0.0000000000
65178  37.991  -12.026  45.565 0.0000000000
72630  53.821  -3.477  24.091 0.0000000000
71734  54.605  -4.399  22.725 0.0000000000
67215  47.951  -9.633  34.253 0.0000000000
67245  49.934  -9.387  31.767 0.0000000000
68148  51.357  -8.431  29.967 0.0000000000
67286  48.855  -8.919  27.666 0.0000000000
118212  51.722  -7.069  27.384 0.0000000000
69977  51.763  -6.098  25.099 0.0000000000
70853  52.638  -5.220  23.160 0.0000000000
52576  17.349  -24.252  47.335 0.0000000000
52584  16.933  -24.772  46.621 0.0000000000
131877  17.471  -24.101  46.652 0.0000000000
53461  17.769  -23.732  49.395 0.0000000000
52557  16.622  -24.602  49.156 0.0000000000
53469  18.420  -23.141  48.320 0.0000000000
53451  18.379  -23.457  50.254 0.0000000000
54451  18.819  -22.825  47.408 0.0000000000
54441  19.397  -22.565  48.081 0.0000000000
53497  18.503  -23.115  45.980 0.0000000000
130858  8.851  -4.270  62.517 0.0000000000
72287  9.512  -3.044  62.734 0.0000000000
72292  9.900  -3.812  61.530 0.0000000000
137624  8.429  -6.001  60.945 0.0000000000
68800  8.137  -7.542  61.465 0.0000000000
136502  8.064  -5.859  62.336 0.0000000000
70508  7.835  -5.338  62.906 0.0000000000
60274  11.269  -16.799  51.800 0.0000000000
59357  12.227  -17.356  53.936 0.0000000000
126156  11.676  -17.634  52.135 0.0000000000
59395  10.735  -17.076  47.700 0.0000000000
60302  9.529  -16.211  46.937 0.0000000000
60287  10.892  -16.397  49.345 0.0000000000
61206  10.870  -15.225  50.616 0.0000000000
59419  30.175  -17.958  45.025 0.0000000000
57359  30.582  -19.173  45.171 0.0000000000
58363  30.350  -18.683  45.547 0.0000000000
60333  28.661  -16.175  44.837 0.0000000000
61266  28.007  -15.305  43.774 0.0000000000
60332  29.336  -16.373  44.350 0.0000000000
60331  30.054  -17.319  44.013 0.0000000000
48893  -0.060  -29.074  53.702 0.0000000000
47919  -0.578  -29.718  52.895 0.0000000000
120033  0.261  -28.266  53.448 0.0000000000
67099  1.222  -9.760  46.006 0.0000000000
65209  0.690  -11.422  44.808 0.0000000000
66170  1.949  -10.808  45.064 0.0000000000
64279  2.845  -12.344  44.037 0.0000000000
66169  3.231  -11.040  44.939 0.0000000000
66168  4.523  -11.042  45.231 0.0000000000
67096  4.245  -9.600  45.823 0.0000000000
66283  42.233  -10.894  34.276 0.0000000000
66315  43.225  -10.101  33.010 0.0000000000
66300  44.746  -10.124  34.055 0.0000000000
73545  55.075  -2.685  19.400 0.0000000000
52585  9.227  -24.224  46.239 0.0000000000
54467  10.357  -22.763  45.755 0.0000000000
53500  9.887  -24.243  45.432 0.0000000000
123747  13.995  -21.170  39.124 0.0000000000
56503  13.416  -20.878  40.052 0.0000000000
56514  14.207  -20.228  38.781 0.0000000000
59499  14.997  -17.994  38.806 0.0000000000
57469  14.868  -19.092  37.764 0.0000000000
130276  16.293  -30.349  56.367 0.0000000000
47876  15.218  -30.008  56.217 0.0000000000
130105  15.495  -28.362  57.747 0.0000000000
51613  10.126  -26.179  47.689 0.0000000000
51602  9.951  -25.971  48.601 0.0000000000
51627  9.122  -24.935  46.924 0.0000000000
129155  8.763  -24.092  47.017 0.0000000000
48861  18.741  -28.697  57.151 0.0000000000
47873  18.921  -30.107  56.467 0.0000000000
46888  17.298  -30.626  56.245 0.0000000000
138904  16.463  -30.919  55.668 0.0000000000
57370  24.364  -19.287  44.703 0.0000000000
56436  25.612  -20.205  45.724 0.0000000000
55441  24.884  -21.100  44.442 0.0000000000
50735  23.709  -25.761  49.049 0.0000000000
117395  23.977  -26.024  49.182 0.0000000000
58481  15.637  -18.403  36.781 0.0000000000
57467  16.152  -19.918  36.945 0.0000000000
56469  23.004  -20.521  42.733 0.0000000000
57395  22.140  -19.774  42.060 0.0000000000
56468  23.727  -19.982  43.378 0.0000000000
57381  23.758  -18.948  43.699 0.0000000000
77677  4.464  2.503  59.866 0.0000000000
78698  3.567  3.260  59.238 0.0000000000
114822  3.678  2.916  60.788 0.0000000000
81414  7.270  7.328  61.424 0.0000000000
84016  6.174  9.598  62.314 0.0000000000
83145  7.786  9.643  62.332 0.0000000000
59334  4.065  -17.260  56.928 0.0000000000
59341  2.743  -17.690  56.553 0.0000000000
60229  4.106  -16.389  57.847 0.0000000000
68827  3.102  -8.071  57.999 0.0000000000
138210  4.151  -9.162  56.932 0.0000000000
67946  3.561  -8.318  56.753 0.0000000000
67957  4.165  -7.932  55.075 0.0000000000
138564  3.117  -6.465  55.581 0.0000000000
71451  2.692  -4.795  55.405 0.0000000000
71439  2.779  -4.601  56.937 0.0000000000
75799  5.017  0.834  62.148 0.0000000000
75805  6.519  0.614  61.095 0.0000000000
76717  5.295  1.790  60.604 0.0000000000
76724  5.272  2.172  59.865 0.0000000000
128001  36.551  -20.224  40.222 0.0000000000
56488  37.356  -20.779  42.152 0.0000000000
55474  37.227  -21.762  41.835 0.0000000000
58457  40.238  -18.907  37.284 0.0000000000
58446  42.180  -19.200  38.665 0.0000000000
59505  41.527  -17.775  37.498 0.0000000000
59517  43.237  -17.147  37.376 0.0000000000
60424  42.343  -16.426  36.708 0.0000000000
61369  41.874  -15.275  35.629 0.0000000000
60436  40.539  -16.126  35.981 0.0000000000
45987  3.936  -32.016  47.525 0.0000000000
45011  2.831  -33.174  47.149 0.0000000000
44993  3.141  -32.113  48.888 0.0000000000
44980  2.334  -32.243  51.171 0.0000000000
45952  3.629  -31.417  51.171 0.0000000000
50657  9.698  -26.344  57.752 0.0000000000
48879  9.504  -27.778  55.758 0.0000000000
128654  8.652  -26.167  57.326 0.0000000000
55387  2.861  -21.962  50.910 0.0000000000
52530  3.084  -24.703  52.092 0.0000000000
54387  2.591  -22.620  52.068 0.0000000000
53419  2.446  -23.745  54.349 0.0000000000
56378  2.659  -20.976  52.986 0.0000000000
56377  3.082  -20.115  53.343 0.0000000000
122844  3.264  -19.848  52.383 0.0000000000
57447  28.167  -19.491  38.730 0.0000000000
57430  27.174  -19.336  39.738 0.0000000000
62387  22.437  -14.215  34.365 0.0000000000
64375  23.002  -12.351  34.085 0.0000000000
62386  23.319  -14.197  34.676 0.0000000000
133101  30.061  -15.654  35.693 0.0000000000
62369  30.133  -14.272  35.107 0.0000000000
62368  31.413  -14.587  35.396 0.0000000000
63340  32.334  -13.814  36.831 0.0000000000
62367  32.016  -14.975  35.458 0.0000000000
61358  33.074  -15.708  35.904 0.0000000000
60439  31.965  -16.735  35.804 0.0000000000
57429  28.783  -18.851  40.377 0.0000000000
57428  30.100  -18.951  39.527 0.0000000000
57446  29.312  -19.562  38.919 0.0000000000
56526  29.726  -19.962  38.351 0.0000000000
57329  0.657  -19.586  50.100 0.0000000000
55409  0.632  -21.795  48.789 0.0000000000
119054  1.050  -20.492  48.827 0.0000000000
118786  9.808  -2.559  52.251 0.0000000000
73302  9.757  -3.060  51.413 0.0000000000
74129  10.691  -1.365  51.893 0.0000000000
62263  40.205  -15.052  43.163 0.0000000000
62259  40.407  -14.047  43.469 0.0000000000
62264  39.639  -14.427  42.726 0.0000000000
70770  49.387  -4.837  29.119 0.0000000000
135713  50.802  -4.840  28.483 0.0000000000
71665  52.296  -4.957  27.665 0.0000000000
70783  52.466  -5.469  27.920 0.0000000000
63433  44.927  -13.042  29.384 0.0000000000
125692  46.123  -12.780  29.136 0.0000000000
115985  12.900  -27.074  46.112 0.0000000000
117204  12.400  -26.520  44.751 0.0000000000
50783  14.099  -26.524  45.188 0.0000000000
52605  16.320  -24.328  43.143 0.0000000000
51660  15.083  -25.334  43.018 0.0000000000
53527  15.449  -24.444  41.823 0.0000000000
53539  15.229  -23.961  40.982 0.0000000000
53538  16.101  -23.210  41.084 0.0000000000
51551  17.947  -25.740  54.594 0.0000000000
50689  16.594  -26.566  54.843 0.0000000000
51561  16.900  -26.067  53.373 0.0000000000
50748  15.250  -26.367  48.898 0.0000000000
50737  15.205  -26.518  49.764 0.0000000000
50750  13.767  -27.174  48.316 0.0000000000
49825  12.845  -27.316  48.101 0.0000000000
138211  22.523  -24.050  50.887 0.0000000000
52510  22.343  -24.777  51.554 0.0000000000
53410  22.001  -23.793  52.400 0.0000000000
116053  18.352  -24.072  52.930 0.0000000000
52514  19.475  -24.315  53.484 0.0000000000
51550  18.336  -25.241  54.116 0.0000000000
51537  18.753  -25.522  55.878 0.0000000000
119263  21.960  -22.335  45.260 0.0000000000
54461  22.663  -22.497  46.108 0.0000000000
54462  21.665  -22.134  46.332 0.0000000000
54406  21.817  -22.545  49.835 0.0000000000
54421  22.168  -22.436  49.352 0.0000000000
54389  23.063  -23.134  50.608 0.0000000000
52533  23.483  -24.425  50.240 0.0000000000
54541  17.372  -22.555  40.819 0.0000000000
54527  17.343  -22.724  41.676 0.0000000000
54480  19.920  -22.482  44.955 0.0000000000
54501  19.856  -22.454  43.327 0.0000000000
54489  20.583  -22.444  44.384 0.0000000000
55451  21.905  -22.202  43.567 0.0000000000
74903  5.178  -1.032  65.083 0.0000000000
76690  4.453  0.950  64.414 0.0000000000
75779  6.689  -0.068  64.711 0.0000000000
75790  8.765  0.340  63.078 0.0000000000
76698  7.663  1.609  63.200 0.0000000000
77653  8.104  2.133  62.457 0.0000000000
78685  7.372  3.639  61.572 0.0000000000
77662  9.402  2.275  61.340 0.0000000000
132059  8.832  -12.321  60.376 0.0000000000
129234  7.767  -13.606  60.324 0.0000000000
65033  8.157  -11.882  61.620 0.0000000000
131856  5.613  -8.391  63.030 0.0000000000
66950  5.997  -9.426  62.040 0.0000000000
67905  4.707  -8.714  62.112 0.0000000000
67910  4.385  -8.465  61.206 0.0000000000
130981  3.822  -7.122  62.801 0.0000000000
69657  3.427  -6.102  61.838 0.0000000000
69651  3.836  -5.688  63.204 0.0000000000
72278  6.040  -3.065  64.850 0.0000000000
72280  4.941  -3.414  64.613 0.0000000000
74048  5.554  -1.850  65.102 0.0000000000
74049  5.005  -1.598  64.624 0.0000000000
53570  34.007  -24.118  37.780 0.0000000000
52642  35.454  -25.106  38.608 0.0000000000
117617  8.218  -33.325  47.920 0.0000000000
44030  7.682  -33.610  47.023 0.0000000000
45028  6.716  -32.343  45.687 0.0000000000
55394  7.298  -21.258  50.620 0.0000000000
55381  7.149  -21.719  51.993 0.0000000000
55404  6.480  -20.859  49.176 0.0000000000
60304  6.544  -16.767  46.822 0.0000000000
58360  5.250  -18.716  47.434 0.0000000000
58343  4.944  -18.026  47.941 0.0000000000
57327  4.048  -19.480  49.059 0.0000000000
60295  5.568  -16.671  48.374 0.0000000000
61213  6.474  -15.384  49.411 0.0000000000
62224  7.814  -14.341  48.285 0.0000000000
58405  29.478  -18.736  42.390 0.0000000000
57392  28.662  -19.428  42.466 0.0000000000
57380  29.717  -19.467  43.771 0.0000000000
54472  31.791  -22.546  44.882 0.0000000000
54497  30.685  -22.324  43.957 0.0000000000
61315  24.492  -15.271  39.612 0.0000000000
136930  25.148  -14.373  38.442 0.0000000000
61314  25.325  -14.835  39.764 0.0000000000
62276  28.110  -15.076  41.145 0.0000000000
116024  27.107  -14.639  39.836 0.0000000000
62307  28.163  -14.967  39.704 0.0000000000
62325  28.827  -15.260  38.247 0.0000000000
61313  29.645  -15.430  39.714 0.0000000000
61331  30.273  -15.829  39.255 0.0000000000
61298  29.686  -15.435  40.529 0.0000000000
59451  29.974  -17.569  42.545 0.0000000000
59461  29.984  -17.136  41.418 0.0000000000
116664  29.888  -17.716  42.060 0.0000000000
58416  29.595  -18.303  41.590 0.0000000000
62237  2.782  -14.138  47.848 0.0000000000
60316  3.079  -16.632  46.240 0.0000000000
61241  1.996  -14.784  46.260 0.0000000000
62262  0.515  -14.924  43.262 0.0000000000
60338  0.626  -16.392  43.406 0.0000000000
60358  0.292  -16.814  42.145 0.0000000000
57421  0.332  -19.476  41.505 0.0000000000
59477  0.913  -18.435  40.639 0.0000000000
58453  1.379  -19.524  39.661 0.0000000000
132696  1.742  -17.286  40.289 0.0000000000
62281  4.135  -14.909  42.001 0.0000000000
61320  3.570  -16.215  40.627 0.0000000000
68967  7.930  -7.868  44.090 0.0000000000
116417  9.270  2.897  53.150 0.0000000000
77764  10.413  2.610  51.829 0.0000000000
69049  47.923  -6.984  31.089 0.0000000000
57345  11.102  -19.327  46.999 0.0000000000
57326  12.233  -19.214  49.326 0.0000000000
56412  11.788  -20.446  48.234 0.0000000000
55422  13.263  -22.262  47.496 0.0000000000
56423  13.812  -21.475  47.795 0.0000000000
56439  14.084  -21.705  46.920 0.0000000000
57343  14.729  -19.941  47.385 0.0000000000
56438  14.514  -20.832  46.252 0.0000000000
52607  11.847  -24.574  42.778 0.0000000000
53507  11.621  -23.394  43.989 0.0000000000
54516  12.269  -22.742  42.539 0.0000000000
57409  14.280  -19.478  42.146 0.0000000000
56470  13.369  -20.522  43.011 0.0000000000
57396  14.517  -19.498  43.090 0.0000000000
58389  15.361  -19.420  44.288 0.0000000000
58397  16.301  -18.808  43.381 0.0000000000
59447  17.299  -18.215  43.474 0.0000000000
59456  16.592  -18.408  42.508 0.0000000000
117370  16.385  -16.028  39.896 0.0000000000
61304  16.626  -16.009  40.752 0.0000000000
61317  16.790  -15.266  40.138 0.0000000000
130084  17.493  -13.817  39.747 0.0000000000
137705  15.573  -32.616  51.372 0.0000000000
117460  15.015  -32.433  50.934 0.0000000000
45940  14.334  -31.007  52.373 0.0000000000
47868  13.289  -28.476  56.603 0.0000000000
46903  13.222  -29.201  54.961 0.0000000000
48865  12.601  -27.679  56.886 0.0000000000
133114  12.283  -27.415  56.933 0.0000000000
121029  12.572  -26.732  57.046 0.0000000000
132777  14.597  -26.718  53.868 0.0000000000
121475  14.225  -26.759  54.768 0.0000000000
125190  13.351  -26.534  53.328 0.0000000000
120852  10.495  -25.486  51.252 0.0000000000
121275  11.595  -25.662  53.068 0.0000000000
52527  10.630  -24.883  53.055 0.0000000000
52516  10.382  -24.622  53.957 0.0000000000
128302  9.693  -24.288  52.455 0.0000000000
53441  8.507  -22.845  51.948 0.0000000000
53453  8.938  -23.782  51.336 0.0000000000
54469  9.275  -21.697  46.660 0.0000000000
55425  8.627  -21.241  47.158 0.0000000000
56440  9.840  -19.760  46.542 0.0000000000
57355  10.408  -19.139  46.613 0.0000000000
49791  22.415  -27.508  53.351 0.0000000000
48894  21.523  -27.979  52.524 0.0000000000
48892  21.619  -29.163  53.672 0.0000000000
45923  19.579  -31.316  53.973 0.0000000000
45932  20.293  -30.896  52.633 0.0000000000
43951  18.958  -31.368  51.626 0.0000000000
43975  19.090  -32.998  50.693 0.0000000000
43025  18.324  -32.587  51.037 0.0000000000
43026  17.977  -32.849  50.958 0.0000000000
43950  15.673  -30.943  52.358 0.0000000000
43018  16.811  -33.037  51.077 0.0000000000
43955  15.958  -32.009  51.733 0.0000000000
43976  16.083  -34.251  51.029 0.0000000000
59406  26.684  -17.652  47.108 0.0000000000
58336  28.361  -19.146  48.445 0.0000000000
58338  26.869  -19.096  47.988 0.0000000000
54445  27.862  -22.112  47.814 0.0000000000
54433  28.378  -22.459  49.340 0.0000000000
53475  28.471  -23.598  48.485 0.0000000000
54446  24.230  -22.895  46.525 0.0000000000
53488  25.166  -23.051  46.197 0.0000000000
53477  25.413  -24.099  47.240 0.0000000000
63319  17.583  -13.003  39.063 0.0000000000
63320  17.387  -13.438  38.314 0.0000000000
60445  17.590  -16.504  35.265 0.0000000000
61390  17.836  -15.268  35.075 0.0000000000
60454  18.656  -16.045  34.693 0.0000000000
125343  19.660  -15.492  34.477 0.0000000000
60443  19.689  -16.554  35.338 0.0000000000
55502  18.420  -21.437  39.370 0.0000000000
56529  18.356  -20.630  38.335 0.0000000000
56512  19.444  -20.271  39.255 0.0000000000
58429  21.562  -18.378  40.645 0.0000000000
58441  20.786  -18.757  39.301 0.0000000000
58450  21.048  -18.070  39.021 0.0000000000
120155  21.289  -17.131  37.933 0.0000000000
59485  21.860  -17.160  39.659 0.0000000000
60387  22.901  -16.013  39.407 0.0000000000
59474  22.474  -17.031  40.893 0.0000000000
59433  24.030  -18.038  44.634 0.0000000000
59444  24.255  -17.408  43.915 0.0000000000
131583  25.223  -17.376  45.338 0.0000000000
60323  26.053  -17.003  45.566 0.0000000000
81429  3.896  6.153  57.490 0.0000000000
79621  3.555  4.495  63.216 0.0000000000
80539  3.271  4.994  62.046 0.0000000000
81408  3.731  5.855  62.258 0.0000000000
54374  0.447  -22.326  55.496 0.0000000000
53408  0.225  -23.119  54.849 0.0000000000
55377  0.304  -21.550  55.044 0.0000000000
59355  1.031  -18.041  54.623 0.0000000000
124249  0.482  -18.357  54.200 0.0000000000
58297  0.390  -18.095  53.618 0.0000000000
58315  0.125  -18.177  52.276 0.0000000000
60271  1.347  -17.019  53.116 0.0000000000
63124  4.464  -13.834  59.146 0.0000000000
62128  3.640  -14.570  57.920 0.0000000000
64099  4.035  -12.922  57.899 0.0000000000
64127  4.443  -12.396  54.473 0.0000000000
64128  4.086  -13.276  54.834 0.0000000000
63157  3.554  -13.718  53.457 0.0000000000
62185  2.424  -14.443  52.035 0.0000000000
63171  3.309  -13.480  51.962 0.0000000000
63199  2.486  -13.656  50.943 0.0000000000
64164  4.405  -12.325  51.739 0.0000000000
67978  4.245  -8.001  51.630 0.0000000000
136695  4.680  -9.910  50.266 0.0000000000
67985  3.136  -8.048  50.415 0.0000000000
67054  2.824  -8.772  49.042 0.0000000000
68889  2.518  -6.844  49.469 0.0000000000
69738  2.867  -6.042  49.337 0.0000000000
70591  2.816  -4.972  50.656 0.0000000000
72358  5.158  -4.026  54.825 0.0000000000
71466  5.512  -4.435  53.320 0.0000000000
116615  6.759  -3.658  54.298 0.0000000000
72355  8.152  -3.255  53.743 0.0000000000
73274  7.864  -2.965  55.113 0.0000000000
72304  5.167  -4.253  60.545 0.0000000000
128462  5.139  -4.189  59.439 0.0000000000
121018  6.076  -3.782  60.663 0.0000000000
133212  8.551  0.016  59.326 0.0000000000
74078  8.466  -1.446  59.523 0.0000000000
74934  9.159  -0.298  58.495 0.0000000000
74940  9.945  -0.680  57.033 0.0000000000
75818  9.649  0.999  57.335 0.0000000000
76741  9.919  2.120  55.994 0.0000000000
77691  8.597  2.458  57.110 0.0000000000
77703  5.016  2.561  57.016 0.0000000000
77715  6.299  2.772  55.569 0.0000000000
61272  36.522  -15.951  43.257 0.0000000000
61254  36.637  -16.249  44.868 0.0000000000
59450  37.002  -17.195  43.341 0.0000000000
56455  38.227  -20.883  44.608 0.0000000000
58385  37.923  -19.011  45.113 0.0000000000
57366  39.006  -19.309  44.452 0.0000000000
59438  40.122  -17.546  43.942 0.0000000000
122111  39.918  -19.077  43.587 0.0000000000
53556  39.034  -23.991  39.730 0.0000000000
53531  39.286  -23.642  41.497 0.0000000000
54534  40.456  -23.093  40.819 0.0000000000
57422  44.393  -20.432  39.919 0.0000000000
56497  42.403  -20.794  40.343 0.0000000000
57413  42.980  -20.076  40.848 0.0000000000
58413  41.583  -18.872  41.586 0.0000000000
59467  42.877  -18.864  40.643 0.0000000000
60381  42.275  -17.166  39.720 0.0000000000
60380  43.917  -17.295  39.565 0.0000000000
62383  42.275  -13.745  34.100 0.0000000000
63362  44.213  -13.428  34.076 0.0000000000
130943  43.109  -13.129  32.986 0.0000000000
63407  43.896  -12.670  31.963 0.0000000000
63408  42.216  -12.715  32.071 0.0000000000
122994  40.256  -13.102  28.946 0.0000000000
57309  13.632  -20.053  51.607 0.0000000000
128580  1.066  -32.373  53.509 0.0000000000
44975  0.377  -32.707  52.774 0.0000000000
138017  0.238  -32.058  54.404 0.0000000000
45931  -0.013  -31.368  54.776 0.0000000000
45910  0.344  -30.599  55.904 0.0000000000
46959  12.468  -30.389  49.678 0.0000000000
46970  12.347  -31.117  47.845 0.0000000000
130974  11.812  -30.086  49.403 0.0000000000
117889  8.582  -29.301  52.610 0.0000000000
121721  8.712  -30.435  50.481 0.0000000000
46942  7.627  -30.781  51.313 0.0000000000
117981  7.038  -31.199  49.999 0.0000000000
46931  7.321  -30.446  52.284 0.0000000000
53418  6.045  -23.992  53.369 0.0000000000
51542  7.259  -25.439  55.226 0.0000000000
52519  5.898  -24.910  53.732 0.0000000000
50694  4.228  -27.090  54.351 0.0000000000
49779  5.365  -27.800  55.116 0.0000000000
48883  4.945  -28.958  55.684 0.0000000000
46913  5.256  -30.103  54.655 0.0000000000
47894  4.280  -29.493  56.074 0.0000000000
45917  3.734  -30.850  55.495 0.0000000000
47883  3.239  -29.258  56.587 0.0000000000
51532  1.671  -25.081  57.471 0.0000000000
49759  1.664  -26.985  58.413 0.0000000000
51525  1.275  -25.255  59.050 0.0000000000
124756  0.546  -26.659  58.569 0.0000000000
52483  1.110  -24.706  58.939 0.0000000000
125953  0.850  -24.313  57.238 0.0000000000
53396  1.562  -23.910  56.938 0.0000000000
57291  3.675  -19.468  54.918 0.0000000000
56369  2.646  -20.041  55.370 0.0000000000
123461  4.317  -18.637  55.453 0.0000000000
58277  4.205  -18.261  55.826 0.0000000000
59346  5.238  -17.328  55.718 0.0000000000
129995  6.677  -14.688  51.285 0.0000000000
60268  6.024  -16.215  51.823 0.0000000000
130146  6.932  -14.288  52.485 0.0000000000
65079  8.500  -11.470  54.724 0.0000000000
63144  7.528  -13.541  54.364 0.0000000000
64117  7.878  -12.983  55.735 0.0000000000
62140  7.196  -14.379  56.017 0.0000000000
64111  7.924  -13.018  56.718 0.0000000000
123058  8.676  -12.615  58.084 0.0000000000
65059  9.056  -11.922  57.586 0.0000000000
137709  11.330  -9.872  58.492 0.0000000000
68816  11.194  -8.132  59.286 0.0000000000
68817  10.606  -7.946  59.641 0.0000000000
135572  30.718  -22.079  49.030 0.0000000000
54431  31.963  -22.571  48.187 0.0000000000
52562  31.804  -24.063  48.257 0.0000000000
65260  19.927  -10.866  37.957 0.0000000000
66220  20.802  -10.565  39.189 0.0000000000
66240  20.569  -10.595  37.362 0.0000000000
129808  24.446  -9.577  36.499 0.0000000000
67175  23.465  -9.194  37.694 0.0000000000
115819  24.997  -8.748  38.282 0.0000000000
67150  25.256  -8.661  40.105 0.0000000000
67160  25.843  -8.793  38.469 0.0000000000
62373  26.462  -14.334  35.489 0.0000000000
63366  25.749  -13.297  34.544 0.0000000000
63364  27.246  -13.314  34.626 0.0000000000
64342  29.813  -12.067  36.637 0.0000000000
65282  28.619  -11.270  36.327 0.0000000000
66235  29.117  -10.812  37.812 0.0000000000
66217  28.893  -9.995  39.192 0.0000000000
66216  29.580  -10.357  39.523 0.0000000000
126951  30.160  -10.156  41.825 0.0000000000
66215  30.296  -10.850  39.940 0.0000000000
63304  32.740  -13.301  39.620 0.0000000000
117059  32.596  -12.160  40.901 0.0000000000
64308  33.578  -12.435  41.297 0.0000000000
117778  34.266  -12.431  42.802 0.0000000000
63294  34.406  -13.611  40.949 0.0000000000
62266  35.319  -14.168  41.949 0.0000000000
62289  34.288  -14.661  40.001 0.0000000000
59506  34.644  -16.977  37.334 0.0000000000
60398  34.984  -16.576  38.335 0.0000000000
126729  35.589  -17.924  38.414 0.0000000000
58447  35.753  -18.813  38.445 0.0000000000
57457  35.258  -19.487  37.677 0.0000000000
60399  31.148  -17.277  38.346 0.0000000000
59508  31.603  -17.907  37.387 0.0000000000
59494  31.460  -18.120  38.583 0.0000000000
56525  31.739  -20.328  38.727 0.0000000000
57443  32.720  -20.249  38.335 0.0000000000
56523  33.148  -20.994  38.483 0.0000000000
56522  34.119  -21.029  38.469 0.0000000000
55515  33.064  -21.536  38.495 0.0000000000
54564  33.336  -22.311  38.514 0.0000000000
55527  32.690  -21.562  38.327 0.0000000000
117802  11.603  -2.540  60.470 0.0000000000
119869  0.178  -23.778  52.584 0.0000000000
51585  1.034  -25.423  51.726 0.0000000000
51593  0.868  -24.558  51.411 0.0000000000
51621  1.551  -25.081  47.384 0.0000000000
50754  1.878  -26.545  48.628 0.0000000000
57365  0.907  -20.168  45.179 0.0000000000
55444  -0.117  -21.775  45.581 0.0000000000
54505  0.645  -22.127  44.025 0.0000000000
124345  5.389  -6.322  49.392 0.0000000000
69759  5.410  -7.077  48.060 0.0000000000
69734  6.950  -6.669  49.557 0.0000000000
71519  9.960  -4.889  48.819 0.0000000000
70621  9.037  -6.337  47.818 0.0000000000
70620  9.697  -5.574  47.348 0.0000000000
70636  9.198  -5.882  45.961 0.0000000000
71530  9.855  -4.444  46.313 0.0000000000
74994  12.377  -0.534  49.201 0.0000000000
74192  11.591  -1.348  44.661 0.0000000000
61234  37.295  -15.884  47.021 0.0000000000
129040  37.315  -14.330  47.000 0.0000000000
63253  38.502  -13.756  45.157 0.0000000000
71695  53.388  -4.745  26.071 0.0000000000
72609  53.997  -4.073  24.800 0.0000000000
72629  54.642  -4.069  23.547 0.0000000000
70851  54.367  -4.910  23.665 0.0000000000
65291  47.306  -11.414  35.457 0.0000000000
67202  46.859  -10.031  34.922 0.0000000000
65315  48.244  -11.114  34.304 0.0000000000
65354  48.354  -11.260  30.583 0.0000000000
66314  49.423  -10.353  32.404 0.0000000000
66324  50.077  -9.864  30.900 0.0000000000
68134  50.571  -8.964  31.195 0.0000000000
67273  49.919  -9.611  29.233 0.0000000000
68210  48.679  -7.917  26.376 0.0000000000
68192  50.588  -8.049  27.783 0.0000000000
119692  50.488  -7.409  26.602 0.0000000000
69949  52.160  -6.539  26.772 0.0000000000
69966  50.195  -6.633  25.335 0.0000000000
138196  51.665  -4.317  21.391 0.0000000000
51619  15.554  -25.934  47.279 0.0000000000
51634  14.869  -26.197  45.326 0.0000000000
51632  16.286  -25.406  46.093 0.0000000000
124292  16.547  -24.666  44.768 0.0000000000
53515  16.938  -23.816  43.668 0.0000000000
52535  17.228  -24.526  51.577 0.0000000000
51580  16.649  -25.334  51.782 0.0000000000
52547  16.516  -24.738  49.968 0.0000000000
51612  15.782  -25.672  48.699 0.0000000000
54392  20.884  -22.497  51.253 0.0000000000
53424  20.645  -23.179  52.253 0.0000000000
53437  19.504  -23.118  51.647 0.0000000000
53438  18.619  -23.533  51.320 0.0000000000
131864  20.036  -22.243  45.697 0.0000000000
115292  20.991  -21.915  47.046 0.0000000000
131112  20.202  -22.160  47.918 0.0000000000
54423  20.796  -22.079  49.114 0.0000000000
53514  17.668  -23.201  43.627 0.0000000000
131813  18.193  -23.145  44.514 0.0000000000
54481  19.274  -22.614  45.635 0.0000000000
72276  7.703  -2.725  64.543 0.0000000000
74901  7.458  -0.650  64.588 0.0000000000
74051  8.586  -1.608  64.150 0.0000000000
74050  9.299  -1.562  63.561 0.0000000000
74909  10.433  -0.977  62.809 0.0000000000
66964  9.194  -9.487  60.989 0.0000000000
66947  8.451  -10.333  61.785 0.0000000000
67909  7.905  -8.465  61.817 0.0000000000
68797  7.221  -8.172  62.705 0.0000000000
114857  5.975  -6.925  63.652 0.0000000000
69649  5.309  -6.091  64.019 0.0000000000
135873  6.354  -5.440  63.988 0.0000000000
71401  7.174  -4.182  64.250 0.0000000000
53596  33.436  -22.250  35.250 0.0000000000
53594  34.714  -22.849  35.564 0.0000000000
116300  9.753  -32.958  48.673 0.0000000000
45008  10.214  -32.613  46.639 0.0000000000
57357  7.874  -18.890  46.544 0.0000000000
57347  6.597  -19.433  46.991 0.0000000000
59414  7.781  -17.378  46.458 0.0000000000
61238  8.621  -15.952  46.707 0.0000000000
62235  8.733  -14.740  47.453 0.0000000000
62223  9.173  -14.227  47.974 0.0000000000
62221  10.383  -14.512  48.594 0.0000000000
62198  11.212  -14.520  51.166 0.0000000000
59441  30.326  -18.140  43.728 0.0000000000
57379  30.103  -19.029  43.882 0.0000000000
137039  30.244  -19.098  44.416 0.0000000000
121062  31.164  -20.722  45.270 0.0000000000
54471  32.224  -22.167  45.665 0.0000000000
61277  26.380  -15.278  42.202 0.0000000000
61299  26.499  -14.820  40.845 0.0000000000
61276  27.110  -15.080  42.531 0.0000000000
62267  28.047  -15.060  41.954 0.0000000000
61285  28.842  -15.327  41.562 0.0000000000
61283  29.884  -15.881  41.484 0.0000000000
135664  29.700  -16.509  42.765 0.0000000000
59442  30.161  -17.664  43.423 0.0000000000
64238  1.095  -11.965  46.627 0.0000000000
63251  1.037  -13.376  45.909 0.0000000000
64255  0.227  -12.537  45.419 0.0000000000
64282  0.208  -12.600  43.985 0.0000000000
62269  1.405  -14.414  42.704 0.0000000000
62301  2.011  -15.246  41.830 0.0000000000
117029  2.207  -13.598  43.138 0.0000000000
63282  3.040  -13.685  43.127 0.0000000000
65221  5.742  -12.251  44.441 0.0000000000
66166  6.414  -10.504  44.817 0.0000000000
68056  6.044  -9.070  45.303 0.0000000000
68127  45.844  -8.754  32.593 0.0000000000
75272  55.349  -0.273  18.646 0.0000000000
116521  10.025  -21.873  46.394 0.0000000000
55424  11.276  -21.649  47.494 0.0000000000
118342  10.640  -22.293  46.311 0.0000000000
136960  11.897  -22.781  46.630 0.0000000000
55443  12.919  -22.775  45.949 0.0000000000
54529  12.908  -22.879  40.918 0.0000000000
121085  12.595  -22.322  41.638 0.0000000000
132371  13.190  -21.179  40.881 0.0000000000
130196  13.747  -19.755  41.360 0.0000000000
137490  14.840  -18.688  41.062 0.0000000000
120246  15.835  -18.016  40.784 0.0000000000
133663  15.536  -17.985  40.081 0.0000000000
127797  15.924  -16.908  38.887 0.0000000000
61336  16.365  -15.820  38.385 0.0000000000
45915  14.992  -30.286  53.974 0.0000000000
45926  13.990  -30.233  53.839 0.0000000000
120303  14.439  -30.024  54.444 0.0000000000
47867  13.953  -28.750  56.758 0.0000000000
48852  13.574  -28.005  57.493 0.0000000000
50729  12.449  -26.858  50.789 0.0000000000
50713  12.256  -26.325  52.297 0.0000000000
50730  11.605  -26.326  50.807 0.0000000000
51590  10.378  -25.748  50.370 0.0000000000
125562  9.363  -24.909  50.030 0.0000000000
52559  8.687  -23.844  49.325 0.0000000000
52570  8.759  -24.169  48.555 0.0000000000
54452  8.824  -22.545  46.929 0.0000000000
49776  20.524  -27.604  55.723 0.0000000000
48888  20.686  -29.371  55.152 0.0000000000
47886  20.110  -29.956  55.480 0.0000000000
131736  18.888  -31.045  55.194 0.0000000000
45925  18.146  -31.790  54.233 0.0000000000
44951  17.958  -31.884  53.519 0.0000000000
44944  17.333  -31.621  53.869 0.0000000000
45914  15.818  -30.641  54.113 0.0000000000
58366  24.784  -18.561  45.826 0.0000000000
56408  26.461  -19.478  47.825 0.0000000000
115165  26.039  -20.050  46.847 0.0000000000
55420  27.366  -21.427  47.335 0.0000000000
54456  27.451  -22.384  46.799 0.0000000000
52566  24.684  -24.253  49.221 0.0000000000
52565  25.246  -24.738  48.241 0.0000000000
51598  24.694  -25.118  49.134 0.0000000000
50760  25.219  -26.179  48.076 0.0000000000
62345  16.656  -14.766  37.309 0.0000000000
60432  16.153  -16.284  36.837 0.0000000000
58492  16.648  -17.459  35.748 0.0000000000
58479  17.890  -18.876  36.053 0.0000000000
55478  20.869  -20.926  41.534 0.0000000000
56501  20.220  -20.399  40.415 0.0000000000
56492  21.139  -20.078  41.228 0.0000000000
57408  21.744  -19.560  41.653 0.0000000000
134651  21.955  -18.057  41.353 0.0000000000
59463  22.417  -17.567  41.523 0.0000000000
58406  22.892  -18.072  42.913 0.0000000000
58387  23.881  -18.477  44.197 0.0000000000
77705  3.711  2.964  57.198 0.0000000000
117624  3.394  3.728  56.112 0.0000000000
78701  3.579  3.307  58.196 0.0000000000
79645  3.107  5.033  58.511 0.0000000000
132787  3.459  6.169  58.431 0.0000000000
81415  5.676  6.567  62.194 0.0000000000
82303  4.580  8.100  62.326 0.0000000000
127153  5.251  7.990  62.515 0.0000000000
57279  1.327  -19.608  56.081 0.0000000000
137913  0.678  -19.636  55.907 0.0000000000
58279  1.335  -18.815  55.736 0.0000000000
60242  1.961  -17.511  55.898 0.0000000000
61184  2.089  -16.444  55.002 0.0000000000
124008  4.336  -10.381  58.739 0.0000000000
64105  4.386  -12.062  57.512 0.0000000000
66038  4.360  -10.401  57.443 0.0000000000
66052  4.772  -10.241  56.275 0.0000000000
66072  5.132  -10.758  54.656 0.0000000000
65086  5.204  -11.221  53.004 0.0000000000
67013  5.151  -8.756  54.224 0.0000000000
67964  4.251  -7.491  53.432 0.0000000000
68867  3.351  -6.582  52.939 0.0000000000
130390  2.890  -5.146  52.436 0.0000000000
70556  3.094  -5.335  53.831 0.0000000000
72349  3.634  -4.260  55.301 0.0000000000
115276  4.811  -3.725  56.240 0.0000000000
74061  6.392  -1.515  62.582 0.0000000000
73228  7.210  -2.277  61.272 0.0000000000
74918  7.371  -0.730  61.282 0.0000000000
75804  7.443  0.103  60.718 0.0000000000
76729  7.380  1.746  58.943 0.0000000000
77683  7.529  2.151  58.237 0.0000000000
77684  6.598  2.167  58.677 0.0000000000
77695  4.632  2.496  57.849 0.0000000000
116228  37.066  -18.099  41.495 0.0000000000
58402  37.234  -18.145  42.505 0.0000000000
58414  37.283  -18.938  42.019 0.0000000000
56476  37.569  -20.846  43.361 0.0000000000
55454  38.166  -21.353  44.336 0.0000000000
55525  39.731  -21.407  37.827 0.0000000000
55496  40.766  -22.126  39.568 0.0000000000
129203  41.456  -20.588  39.058 0.0000000000
57438  43.154  -20.092  39.141 0.0000000000
58444  44.951  -19.454  39.151 0.0000000000
59478  45.849  -17.907  39.248 0.0000000000
59491  45.305  -18.523  38.700 0.0000000000
60410  45.821  -16.935  37.886 0.0000000000
61354  45.953  -15.595  37.664 0.0000000000
125331  45.131  -14.351  36.792 0.0000000000
61367  43.477  -14.933  36.246 0.0000000000
136816  42.279  -14.380  34.976 0.0000000000
62395  41.353  -13.975  34.047 0.0000000000
57324  14.968  -18.887  49.482 0.0000000000
58317  17.134  -18.259  50.200 0.0000000000
44987  1.676  -32.797  50.566 0.0000000000
44973  2.207  -32.230  52.126 0.0000000000
44966  1.922  -32.296  54.453 0.0000000000
47907  11.445  -29.505  53.505 0.0000000000
47922  10.635  -29.604  51.392 0.0000000000
114802  10.007  -28.737  53.912 0.0000000000
138594  9.245  -28.368  53.758 0.0000000000
47890  7.896  -28.124  54.310 0.0000000000
119493  4.015  -23.638  50.427 0.0000000000
51575  4.887  -25.402  52.423 0.0000000000
52540  3.855  -24.779  51.495 0.0000000000
51566  3.534  -25.847  53.194 0.0000000000
127491  3.352  -26.781  54.619 0.0000000000
50683  2.820  -26.862  55.822 0.0000000000
50695  2.662  -25.931  55.319 0.0000000000
128800  2.387  -24.833  55.757 0.0000000000
53401  2.186  -23.274  56.249 0.0000000000
117977  2.311  -22.011  56.072 0.0000000000
55378  2.628  -21.412  54.903 0.0000000000
56374  3.143  -19.985  54.584 0.0000000000
58296  4.839  -18.534  53.826 0.0000000000
64150  8.233  -12.106  52.721 0.0000000000
66070  9.564  -10.650  53.189 0.0000000000
66050  9.469  -10.235  55.731 0.0000000000
66044  9.679  -10.432  56.733 0.0000000000
67001  10.879  -9.422  55.696 0.0000000000
51606  31.344  -25.252  48.343 0.0000000000
65308  20.378  -11.506  35.351 0.0000000000
66254  21.236  -10.407  36.620 0.0000000000
65306  21.947  -11.139  34.865 0.0000000000
66291  23.400  -11.038  34.755 0.0000000000
66270  24.684  -10.388  35.328 0.0000000000
62355  27.827  -14.868  36.027 0.0000000000
63351  27.750  -13.800  34.784 0.0000000000
62370  29.258  -14.301  35.018 0.0000000000
64356  30.099  -12.726  35.821 0.0000000000
119090  30.548  -12.465  36.770 0.0000000000
65257  30.909  -12.204  38.736 0.0000000000
117338  31.356  -12.926  37.745 0.0000000000
63332  32.446  -13.657  37.765 0.0000000000
62324  32.984  -14.084  38.214 0.0000000000
62304  34.291  -15.155  38.964 0.0000000000
62337  33.522  -14.956  37.219 0.0000000000
60412  34.125  -16.207  36.887 0.0000000000
58474  33.750  -18.018  36.458 0.0000000000
58424  31.082  -17.573  39.909 0.0000000000
58437  31.262  -18.201  39.313 0.0000000000
58438  30.831  -18.344  39.701 0.0000000000
56509  31.289  -19.701  38.957 0.0000000000
132010  31.149  -20.271  38.802 0.0000000000
55528  31.969  -21.192  38.104 0.0000000000
132753  30.558  -20.473  38.245 0.0000000000
55398  0.224  -21.775  50.917 0.0000000000
52561  0.895  -23.788  50.052 0.0000000000
54430  0.696  -22.275  49.429 0.0000000000
53473  0.445  -23.051  47.658 0.0000000000
53493  0.689  -23.355  46.432 0.0000000000
55482  -0.226  -21.327  41.824 0.0000000000
53542  -0.510  -22.991  41.418 0.0000000000
70574  7.621  -5.339  51.405 0.0000000000
70600  7.570  -6.161  50.165 0.0000000000
71501  9.259  -4.459  50.984 0.0000000000
72404  9.853  -4.249  50.277 0.0000000000
121770  10.660  -3.700  48.971 0.0000000000
133653  40.260  -15.227  44.100 0.0000000000
63261  39.535  -14.187  44.620 0.0000000000
63259  40.992  -13.466  43.887 0.0000000000
64269  41.367  -12.509  43.630 0.0000000000
65224  39.910  -11.507  42.950 0.0000000000
72578  50.896  -4.237  26.263 0.0000000000
120110  52.799  -4.669  26.636 0.0000000000
71677  53.362  -4.926  26.253 0.0000000000
63404  46.317  -12.601  32.326 0.0000000000
64382  48.178  -11.846  32.967 0.0000000000
63420  46.812  -12.383  30.918 0.0000000000
64411  47.222  -11.979  29.647 0.0000000000
65360  47.508  -11.366  28.763 0.0000000000
69979  49.551  -6.224  24.664 0.0000000000
50776  10.904  -26.515  46.224 0.0000000000
52590  10.495  -24.627  44.767 0.0000000000
50791  11.682  -26.289  44.768 0.0000000000
132043  11.854  -25.757  43.620 0.0000000000
51663  12.537  -25.177  42.433 0.0000000000
51643  14.521  -26.174  44.379 0.0000000000
126305  13.777  -25.792  42.993 0.0000000000
52621  13.577  -24.511  41.364 0.0000000000
53554  13.654  -23.301  40.483 0.0000000000
54543  15.039  -22.781  39.862 0.0000000000
55505  15.711  -22.031  38.747 0.0000000000
49748  17.377  -26.075  57.906 0.0000000000
50653  16.556  -26.214  57.513 0.0000000000
50677  16.796  -26.284  56.049 0.0000000000
131840  15.864  -26.761  54.448 0.0000000000
50709  15.065  -26.927  52.946 0.0000000000
50716  16.274  -26.295  51.983 0.0000000000
50718  14.664  -27.060  51.121 0.0000000000
49799  13.867  -27.300  50.732 0.0000000000
50739  12.407  -27.091  49.761 0.0000000000
50765  11.845  -27.178  47.607 0.0000000000
50715  22.648  -25.681  49.675 0.0000000000
124007  21.355  -26.430  50.815 0.0000000000
50707  22.137  -25.801  51.400 0.0000000000
50698  22.720  -26.079  53.163 0.0000000000
136576  21.880  -25.953  54.518 0.0000000000
52513  20.468  -24.015  53.416 0.0000000000
52502  20.842  -24.431  53.927 0.0000000000
50674  20.625  -26.473  55.527 0.0000000000
50662  19.326  -25.904  56.245 0.0000000000
49763  18.986  -27.147  57.433 0.0000000000
55449  23.747  -21.256  43.698 0.0000000000
55448  24.200  -21.717  44.269 0.0000000000
54476  23.358  -22.611  45.312 0.0000000000
132032  23.489  -22.759  46.071 0.0000000000
54447  23.691  -22.707  47.648 0.0000000000
115294  21.961  -22.044  48.146 0.0000000000
54436  23.375  -22.633  48.662 0.0000000000
54419  24.004  -22.917  49.501 0.0000000000
53458  24.249  -23.744  49.997 0.0000000000
119455  23.578  -24.818  49.782 0.0000000000
55521  16.305  -21.532  38.248 0.0000000000
55504  16.731  -22.010  39.094 0.0000000000
54554  17.991  -21.925  39.821 0.0000000000
54539  18.900  -21.983  40.863 0.0000000000
54514  18.656  -22.522  42.293 0.0000000000
54525  19.176  -22.213  41.666 0.0000000000
54524  19.976  -22.007  41.921 0.0000000000
55459  21.052  -22.021  42.829 0.0000000000
55457  22.475  -21.605  43.100 0.0000000000
76699  4.062  1.163  62.970 0.0000000000
77656  3.659  2.574  62.194 0.0000000000
76695  4.026  1.311  63.589 0.0000000000
77651  4.524  2.822  63.955 0.0000000000
134140  5.305  3.908  63.306 0.0000000000
75786  6.798  0.647  64.405 0.0000000000
77655  6.418  2.785  63.261 0.0000000000
78681  6.064  3.763  62.910 0.0000000000
79631  6.377  4.946  61.644 0.0000000000
79639  6.973  5.422  60.905 0.0000000000
122993  8.312  6.084  60.520 0.0000000000
61158  7.250  -15.179  58.966 0.0000000000
61160  5.396  -15.503  59.021 0.0000000000
62115  7.081  -14.914  59.563 0.0000000000
63110  6.119  -13.737  60.762 0.0000000000
64082  5.094  -12.632  61.240 0.0000000000
66007  7.193  -10.696  62.284 0.0000000000
66015  5.703  -10.813  61.599 0.0000000000
137341  4.604  -11.309  60.624 0.0000000000
115460  4.442  -10.079  59.616 0.0000000000
67928  3.729  -8.411  59.378 0.0000000000
134126  3.209  -6.490  59.492 0.0000000000
70530  3.166  -5.254  58.575 0.0000000000
70517  3.462  -5.422  60.364 0.0000000000
71409  3.664  -4.964  61.725 0.0000000000
72293  4.994  -4.118  62.063 0.0000000000
70503  4.692  -4.628  64.267 0.0000000000
72285  4.617  -3.545  64.097 0.0000000000
134956  5.552  -2.906  63.126 0.0000000000
74056  5.480  -1.491  63.396 0.0000000000
74913  4.582  -0.107  63.632 0.0000000000
54550  35.159  -23.195  40.003 0.0000000000
54535  36.124  -23.239  40.972 0.0000000000
53557  35.759  -24.469  40.753 0.0000000000
52640  37.621  -25.020  38.959 0.0000000000
52648  38.269  -24.579  38.199 0.0000000000
54580  37.625  -23.297  36.557 0.0000000000
54569  38.831  -22.826  37.645 0.0000000000
56534  39.370  -21.009  37.161 0.0000000000
57474  39.066  -19.645  35.921 0.0000000000
59520  39.280  -18.077  35.857 0.0000000000
59532  39.469  -17.062  35.834 0.0000000000
138241  4.672  -33.173  46.361 0.0000000000
45973  4.473  -31.566  48.180 0.0000000000
53405  8.162  -23.413  54.530 0.0000000000
52495  8.580  -24.698  55.829 0.0000000000
53416  7.434  -22.927  54.071 0.0000000000
54396  6.548  -22.132  51.698 0.0000000000
54397  5.815  -22.824  51.116 0.0000000000
56430  5.429  -20.075  47.708 0.0000000000
55405  5.258  -22.094  49.296 0.0000000000
54428  4.675  -22.535  49.572 0.0000000000
54429  3.986  -22.194  49.556 0.0000000000
57328  3.690  -19.969  49.633 0.0000000000
57318  3.664  -19.545  50.574 0.0000000000
58314  3.847  -19.058  51.447 0.0000000000
59373  4.874  -17.739  50.360 0.0000000000
61208  6.438  -15.394  50.258 0.0000000000
63197  7.553  -13.537  50.482 0.0000000000
63217  9.235  -13.127  49.087 0.0000000000
64188  9.750  -12.637  49.652 0.0000000000
57415  28.106  -19.027  40.918 0.0000000000
57416  27.301  -19.348  40.623 0.0000000000
57393  27.952  -19.539  42.058 0.0000000000
55465  28.286  -20.962  42.665 0.0000000000
56466  29.663  -20.507  44.173 0.0000000000
54498  30.063  -22.006  43.575 0.0000000000
61361  23.406  -14.969  36.562 0.0000000000
124875  24.143  -14.245  35.082 0.0000000000
62343  24.225  -14.595  37.137 0.0000000000
62342  25.734  -14.104  37.106 0.0000000000
62341  26.389  -14.108  37.411 0.0000000000
62309  26.527  -14.477  39.517 0.0000000000
62327  27.076  -14.471  38.959 0.0000000000
62356  27.093  -14.376  37.044 0.0000000000
61346  28.596  -15.052  36.782 0.0000000000
61345  29.230  -15.325  37.314 0.0000000000
61359  30.253  -16.121  36.239 0.0000000000
60428  31.068  -16.715  36.158 0.0000000000
60413  30.600  -16.543  37.361 0.0000000000
60400  30.676  -16.454  38.800 0.0000000000
59472  31.117  -17.116  40.011 0.0000000000
60362  30.288  -16.481  40.987 0.0000000000
58425  30.599  -17.700  40.423 0.0000000000
58426  29.731  -18.147  40.861 0.0000000000
59387  1.868  -17.273  48.909 0.0000000000
57350  1.587  -19.721  47.724 0.0000000000
130277  2.683  -17.485  47.350 0.0000000000
58381  2.675  -18.698  45.482 0.0000000000
57385  1.424  -19.197  43.803 0.0000000000
61259  1.364  -15.805  44.714 0.0000000000
59448  1.324  -17.437  43.264 0.0000000000
57398  0.101  -19.664  42.834 0.0000000000
132090  -0.038  -20.453  41.857 0.0000000000
55508  0.120  -21.608  40.818 0.0000000000
123596  9.479  -6.904  42.548 0.0000000000
75845  11.476  0.404  53.215 0.0000000000
134343  11.647  -0.009  52.024 0.0000000000
76790  11.523  1.575  51.628 0.0000000000
121612  39.376  -15.981  40.215 0.0000000000
62272  38.588  -14.133  41.064 0.0000000000
69916  48.259  -5.782  30.004 0.0000000000
69914  50.378  -5.994  30.211 0.0000000000
59383  11.526  -17.747  49.059 0.0000000000
58312  11.958  -18.432  51.671 0.0000000000
58331  11.922  -18.437  49.638 0.0000000000
129680  12.626  -19.935  49.671 0.0000000000
119919  13.531  -20.133  50.069 0.0000000000
56424  11.814  -21.317  48.141 0.0000000000
56410  13.286  -20.793  48.504 0.0000000000
56398  13.807  -19.998  49.420 0.0000000000
57333  14.933  -18.833  48.624 0.0000000000
130459  15.062  -18.789  47.689 0.0000000000
58368  15.758  -18.364  46.935 0.0000000000
53508  10.971  -23.986  44.295 0.0000000000
54492  12.209  -22.781  44.511 0.0000000000
55452  12.907  -22.283  44.895 0.0000000000
56471  12.909  -21.231  43.148 0.0000000000
116592  13.471  -20.903  43.801 0.0000000000
56449  14.440  -20.729  45.333 0.0000000000
57371  15.365  -19.506  45.075 0.0000000000
58380  15.851  -18.880  45.454 0.0000000000
59424  17.256  -17.836  45.509 0.0000000000
60346  17.843  -16.426  42.959 0.0000000000
59464  16.479  -17.376  41.130 0.0000000000
60355  17.440  -16.269  42.170 0.0000000000
61278  17.474  -15.335  42.588 0.0000000000
63288  17.690  -13.912  41.772 0.0000000000
64302  18.803  -12.551  41.152 0.0000000000
132034  13.745  -33.938  48.679 0.0000000000
44991  14.053  -32.990  49.028 0.0000000000
45955  13.837  -31.318  50.216 0.0000000000
119825  13.130  -30.663  52.080 0.0000000000
45927  13.670  -30.145  53.916 0.0000000000
46918  12.856  -30.137  53.818 0.0000000000
46919  12.198  -29.722  54.126 0.0000000000
47889  11.409  -28.732  55.282 0.0000000000
49755  10.836  -27.218  57.252 0.0000000000
52478  10.045  -24.695  57.613 0.0000000000
130037  15.673  -26.784  57.300 0.0000000000
50679  13.970  -26.783  57.006 0.0000000000
50667  13.191  -26.713  57.075 0.0000000000
50702  12.808  -26.072  53.814 0.0000000000
51552  12.466  -25.524  54.794 0.0000000000
51540  12.312  -25.521  55.918 0.0000000000
51541  11.642  -25.031  56.274 0.0000000000
52493  10.336  -24.406  56.157 0.0000000000
52494  9.452  -24.465  56.213 0.0000000000
53415  8.353  -22.961  53.738 0.0000000000
54394  8.041  -22.151  51.493 0.0000000000
55402  7.923  -21.313  49.154 0.0000000000
54442  8.312  -22.108  48.512 0.0000000000
55413  8.209  -21.143  48.191 0.0000000000
56427  7.975  -20.156  47.222 0.0000000000
118819  8.786  -18.878  46.493 0.0000000000
123976  11.005  -17.768  47.165 0.0000000000
49798  21.340  -26.933  51.812 0.0000000000
46916  20.851  -30.583  53.024 0.0000000000
43016  17.216  -32.472  51.343 0.0000000000
59404  28.748  -17.376  46.682 0.0000000000
58348  29.939  -18.707  47.014 0.0000000000
58350  28.755  -18.580  47.905 0.0000000000
56393  29.917  -20.525  49.120 0.0000000000
120265  29.558  -21.720  49.351 0.0000000000
127296  28.349  -20.951  48.930 0.0000000000
54403  28.836  -22.582  49.525 0.0000000000
52543  29.272  -23.870  49.370 0.0000000000
54474  25.600  -22.122  45.308 0.0000000000
54457  26.755  -22.655  46.175 0.0000000000
118232  27.338  -23.939  46.305 0.0000000000
52580  27.676  -24.647  46.361 0.0000000000
64301  19.609  -11.900  41.158 0.0000000000
64311  18.960  -11.980  39.884 0.0000000000
64326  18.706  -11.713  38.111 0.0000000000
64343  18.774  -11.838  37.196 0.0000000000
62361  17.246  -14.173  36.115 0.0000000000
63356  18.360  -13.364  35.422 0.0000000000
133498  19.247  -12.384  35.401 0.0000000000
63371  19.967  -13.778  34.133 0.0000000000
61386  21.113  -14.930  34.488 0.0000000000
61377  21.545  -15.435  35.307 0.0000000000
56540  17.564  -20.463  37.271 0.0000000000
56552  18.105  -19.999  36.941 0.0000000000
57480  19.024  -19.005  37.068 0.0000000000
57434  19.961  -19.657  39.277 0.0000000000
57464  19.917  -18.871  38.260 0.0000000000
59525  19.661  -17.593  36.470 0.0000000000
59524  20.288  -17.212  36.868 0.0000000000
60430  21.411  -16.239  36.709 0.0000000000
60429  22.125  -15.883  36.980 0.0000000000
61335  23.011  -15.506  38.080 0.0000000000
61316  23.720  -15.658  39.495 0.0000000000
60364  23.989  -15.786  41.063 0.0000000000
122513  23.419  -16.920  42.377 0.0000000000
60354  24.061  -16.243  42.012 0.0000000000
60363  24.840  -15.723  41.761 0.0000000000
114798  26.165  -16.247  43.859 0.0000000000
117921  27.070  -16.549  45.525 0.0000000000
79640  2.896  4.007  60.824 0.0000000000
131644  2.579  5.626  60.259 0.0000000000
82324  3.810  7.068  58.727 0.0000000000
82316  4.025  8.061  60.837 0.0000000000
83175  4.480  8.511  59.503 0.0000000000
51546  0.040  -25.368  55.454 0.0000000000
50706  0.298  -26.165  54.136 0.0000000000
52522  -0.154  -24.591  53.951 0.0000000000
53420  0.034  -23.298  53.882 0.0000000000
137556  -0.098  -22.384  52.512 0.0000000000
57293  0.091  -19.622  54.670 0.0000000000
56379  -0.420  -20.220  53.140 0.0000000000
131147  -0.134  -21.237  51.572 0.0000000000
57312  -0.160  -19.625  51.437 0.0000000000
58323  0.651  -18.781  50.697 0.0000000000
59381  1.125  -17.895  50.531 0.0000000000
61169  3.880  -15.589  58.198 0.0000000000
61178  3.053  -15.576  56.833 0.0000000000
62143  3.008  -15.263  55.212 0.0000000000
64113  4.198  -12.885  56.431 0.0000000000
130523  3.341  -14.589  55.100 0.0000000000
61188  2.459  -15.589  53.965 0.0000000000
136538  2.095  -15.425  52.823 0.0000000000
61203  1.841  -15.452  51.722 0.0000000000
60290  1.507  -16.260  50.474 0.0000000000
61214  2.197  -14.893  49.548 0.0000000000
62226  2.730  -14.307  49.010 0.0000000000
63237  3.213  -13.116  48.378 0.0000000000
65129  5.000  -11.314  50.400 0.0000000000
65135  3.956  -11.365  48.810 0.0000000000
65143  2.816  -11.486  48.046 0.0000000000
66136  1.556  -10.545  47.251 0.0000000000
67077  2.039  -9.396  47.308 0.0000000000
134730  2.415  -8.842  47.163 0.0000000000
68924  3.422  -7.759  47.015 0.0000000000
68905  3.101  -7.421  47.681 0.0000000000
69737  4.287  -6.037  48.919 0.0000000000
70588  4.913  -5.147  50.514 0.0000000000
71494  3.595  -4.532  51.470 0.0000000000
71492  4.843  -4.818  51.647 0.0000000000
129900  6.045  -5.356  51.559 0.0000000000
71477  7.728  -4.353  52.383 0.0000000000
73293  8.717  -3.320  53.101 0.0000000000
73282  9.798  -2.183  53.939 0.0000000000
72316  3.820  -4.179  58.110 0.0000000000
72328  4.787  -3.696  57.610 0.0000000000
72339  6.208  -3.425  56.792 0.0000000000
72296  7.378  -2.843  59.844 0.0000000000
73245  7.667  -3.193  58.111 0.0000000000
73263  8.006  -2.973  56.466 0.0000000000
73261  9.261  -2.183  56.534 0.0000000000
74104  10.170  -1.153  55.363 0.0000000000
74951  11.213  -0.006  54.449 0.0000000000
76752  10.677  1.754  54.704 0.0000000000
77740  9.587  2.743  54.101 0.0000000000
77728  8.413  2.795  53.859 0.0000000000
77701  7.965  2.730  56.647 0.0000000000
122046  6.694  2.769  54.688 0.0000000000
116416  6.743  2.548  53.044 0.0000000000
62254  35.929  -14.501  45.172 0.0000000000
61236  36.133  -15.285  46.983 0.0000000000
61255  36.361  -15.387  45.054 0.0000000000
119899  36.910  -16.549  46.597 0.0000000000
60307  37.539  -16.935  46.014 0.0000000000
59439  37.483  -18.211  44.819 0.0000000000
59417  37.565  -17.546  45.547 0.0000000000
60317  38.367  -16.901  45.396 0.0000000000
60328  39.945  -16.502  44.235 0.0000000000
60339  40.593  -16.303  43.387 0.0000000000
125935  40.606  -16.918  42.593 0.0000000000
53533  37.629  -23.228  42.051 0.0000000000
54507  38.875  -23.133  43.380 0.0000000000
55462  40.002  -21.621  43.042 0.0000000000
55485  41.427  -21.733  40.593 0.0000000000
56487  41.397  -21.232  41.673 0.0000000000
57388  41.039  -20.340  42.320 0.0000000000
58400  41.008  -18.831  42.581 0.0000000000
59459  40.666  -17.621  42.084 0.0000000000
60369  39.789  -16.490  40.852 0.0000000000
60383  39.956  -16.508  39.895 0.0000000000
60395  44.428  -16.491  39.260 0.0000000000
65292  46.817  -11.901  35.895 0.0000000000
64370  46.905  -12.480  35.037 0.0000000000
62364  45.009  -13.840  36.006 0.0000000000
63360  45.660  -13.170  34.708 0.0000000000
63390  46.285  -12.719  33.322 0.0000000000
116098  45.070  -12.757  32.350 0.0000000000
64408  44.021  -12.503  29.845 0.0000000000
63434  43.337  -13.562  28.812 0.0000000000
61371  39.929  -15.679  35.017 0.0000000000
61392  40.091  -14.841  34.335 0.0000000000
62403  40.196  -13.820  33.323 0.0000000000
63397  39.049  -13.337  32.360 0.0000000000
63410  40.704  -12.872  32.194 0.0000000000
114938  40.782  -12.640  30.198 0.0000000000
63447  41.747  -13.729  28.610 0.0000000000
75264  54.940  -0.412  21.109 0.0000000000
74389  55.122  -1.497  20.588 0.0000000000
73541  55.280  -3.037  20.975 0.0000000000
70522  8.952  -5.749  59.618 0.0000000000
71411  9.655  -4.305  60.594 0.0000000000
58302  12.561  -19.163  53.146 0.0000000000
46924  -0.986  -31.258  53.665 0.0000000000
114877  -0.590  -30.477  54.207 0.0000000000
49783  -0.173  -28.295  55.590 0.0000000000
44025  12.650  -33.078  47.705 0.0000000000
45007  11.358  -32.303  46.698 0.0000000000
45999  9.752  -31.541  45.870 0.0000000000
46951  10.278  -29.964  50.039 0.0000000000
46973  9.332  -30.253  47.874 0.0000000000
47005  7.954  -30.549  46.658 0.0000000000
117199  7.020  -30.586  47.406 0.0000000000
46965  5.850  -31.285  49.325 0.0000000000
45956  5.414  -31.302  50.325 0.0000000000
51523  8.510  -25.296  56.566 0.0000000000
50669  8.181  -26.270  55.934 0.0000000000
48881  7.090  -27.511  54.802 0.0000000000
50703  5.489  -26.415  53.990 0.0000000000
49778  6.123  -27.591  55.158 0.0000000000
47902  6.572  -29.167  54.633 0.0000000000
46921  6.260  -30.131  53.358 0.0000000000
45942  5.089  -31.071  52.109 0.0000000000
45951  4.418  -31.247  51.474 0.0000000000
45936  4.053  -31.345  53.328 0.0000000000
138158  2.914  -32.211  54.490 0.0000000000
45907  1.809  -30.725  56.228 0.0000000000
48872  2.170  -28.184  57.328 0.0000000000
47871  1.715  -29.004  57.129 0.0000000000
132271  1.166  -30.227  56.292 0.0000000000
128904  0.385  -29.038  57.027 0.0000000000
121369  -0.179  -27.436  56.393 0.0000000000
50685  -0.170  -26.294  56.158 0.0000000000
52500  0.157  -24.585  55.972 0.0000000000
54373  0.730  -22.641  56.132 0.0000000000
128855  0.913  -21.157  56.105 0.0000000000
55373  2.136  -21.277  56.074 0.0000000000
56366  1.694  -20.470  56.029 0.0000000000
56367  1.018  -20.338  56.384 0.0000000000
58269  3.465  -18.436  56.028 0.0000000000
59339  4.100  -17.769  56.303 0.0000000000
126785  5.500  -16.722  56.803 0.0000000000
59364  5.047  -18.004  52.225 0.0000000000
59363  5.566  -17.436  52.793 0.0000000000
60261  6.157  -16.215  53.983 0.0000000000
63156  7.500  -13.402  53.425 0.0000000000
62157  6.819  -14.831  53.740 0.0000000000
60254  6.170  -16.288  54.896 0.0000000000
60247  6.102  -16.343  55.818 0.0000000000
123961  6.442  -15.795  57.129 0.0000000000
61172  6.571  -15.842  57.858 0.0000000000
63123  7.964  -14.180  58.803 0.0000000000
64098  8.842  -12.788  59.057 0.0000000000
65046  9.844  -11.474  59.750 0.0000000000
66037  10.151  -10.833  57.667 0.0000000000
65045  10.520  -10.934  59.240 0.0000000000
66962  9.997  -10.053  60.031 0.0000000000
67926  10.122  -8.503  60.122 0.0000000000
69670  9.265  -6.929  59.483 0.0000000000
56491  26.314  -20.157  40.918 0.0000000000
56420  31.234  -20.222  47.606 0.0000000000
55418  32.384  -21.645  47.055 0.0000000000
117695  20.190  -11.421  40.706 0.0000000000
122004  21.743  -10.507  41.172 0.0000000000
66209  22.342  -9.998  40.661 0.0000000000
66238  21.947  -9.693  37.959 0.0000000000
67153  22.820  -9.413  39.236 0.0000000000
63367  24.842  -13.319  34.460 0.0000000000
65323  25.758  -11.705  34.549 0.0000000000
66268  26.411  -10.422  35.602 0.0000000000
117364  28.083  -11.954  35.054 0.0000000000
66267  27.260  -10.663  35.790 0.0000000000
67181  26.985  -9.679  37.112 0.0000000000
67158  27.509  -9.295  38.766 0.0000000000
118985  27.811  -9.081  41.173 0.0000000000
64310  31.441  -11.710  40.321 0.0000000000
63269  35.662  -14.095  43.426 0.0000000000
62265  35.772  -14.827  42.186 0.0000000000
60361  36.085  -16.134  41.213 0.0000000000
61311  34.828  -15.725  39.289 0.0000000000
131993  35.576  -16.578  39.657 0.0000000000
59471  36.065  -17.168  40.072 0.0000000000
59482  36.297  -17.981  39.869 0.0000000000
57425  36.349  -19.510  39.745 0.0000000000
56507  35.784  -21.329  39.421 0.0000000000
60427  31.751  -17.400  36.415 0.0000000000
58475  32.992  -18.128  36.468 0.0000000000
123273  33.480  -18.793  36.794 0.0000000000
58448  32.297  -19.475  38.180 0.0000000000
57459  33.196  -19.620  37.457 0.0000000000
58460  34.027  -19.356  37.069 0.0000000000
56535  34.732  -20.332  37.899 0.0000000000
56521  34.949  -20.908  38.522 0.0000000000
55498  35.258  -22.158  39.384 0.0000000000
54551  34.459  -23.345  39.262 0.0000000000
53564  33.823  -23.781  38.432 0.0000000000
125247  33.534  -23.168  37.032 0.0000000000
53584  33.080  -22.504  36.472 0.0000000000
72295  10.564  -3.203  61.129 0.0000000000
73223  11.451  -1.799  61.754 0.0000000000
134521  11.508  -0.437  62.179 0.0000000000
75796  12.172  -0.110  61.897 0.0000000000
76705  10.548  0.951  61.938 0.0000000000
50714  0.806  -26.849  52.753 0.0000000000
49801  1.124  -27.352  51.324 0.0000000000
51604  1.206  -24.993  49.694 0.0000000000
56433  0.055  -21.158  46.808 0.0000000000
53494  0.345  -22.863  46.106 0.0000000000
52592  1.261  -23.851  45.280 0.0000000000
68946  4.931  -8.136  46.354 0.0000000000
116869  5.826  -7.980  46.053 0.0000000000
68945  6.656  -7.765  45.732 0.0000000000
69745  8.343  -6.624  48.456 0.0000000000
69768  7.865  -7.086  46.806 0.0000000000
68944  7.447  -7.501  45.383 0.0000000000
69798  8.168  -7.064  44.988 0.0000000000
70654  9.268  -5.660  44.276 0.0000000000
124192  11.599  -0.652  50.776 0.0000000000
74153  11.912  -1.933  48.958 0.0000000000
73327  11.289  -3.174  47.822 0.0000000000
74170  11.595  -1.834  46.258 0.0000000000
72431  10.423  -3.355  46.558 0.0000000000
64241  40.328  -12.415  44.975 0.0000000000
63284  38.624  -13.279  41.422 0.0000000000
72647  54.848  -3.634  22.505 0.0000000000
71746  54.580  -3.910  21.045 0.0000000000
67204  45.546  -9.891  34.370 0.0000000000
67228  46.729  -8.999  33.871 0.0000000000
68125  47.942  -8.476  33.175 0.0000000000
66299  48.691  -10.659  33.718 0.0000000000
67227  49.130  -9.514  33.187 0.0000000000
68137  48.322  -8.156  32.574 0.0000000000
69037  49.862  -8.113  31.646 0.0000000000
69046  51.093  -7.652  30.712 0.0000000000
69903  51.532  -7.143  30.008 0.0000000000
66340  47.197  -10.851  27.714 0.0000000000
67282  48.658  -9.773  28.512 0.0000000000
138065  50.697  -8.531  28.555 0.0000000000
68178  51.500  -7.784  28.467 0.0000000000
69065  52.206  -6.975  28.788 0.0000000000
69934  52.599  -6.189  27.388 0.0000000000
69963  52.675  -6.036  26.139 0.0000000000
70823  53.348  -5.607  24.938 0.0000000000
70842  52.103  -5.517  23.735 0.0000000000
70840  53.918  -5.385  24.345 0.0000000000
71736  53.066  -4.781  22.529 0.0000000000
121743  53.367  -4.349  21.673 0.0000000000
71754  53.507  -3.533  20.118 0.0000000000
125006  17.854  -23.704  47.064 0.0000000000
53470  17.705  -23.710  48.585 0.0000000000
52567  17.243  -24.207  48.143 0.0000000000
137654  18.046  -23.420  48.900 0.0000000000
53479  18.235  -23.303  47.481 0.0000000000
53489  18.382  -23.197  46.800 0.0000000000
71406  9.213  -4.469  61.936 0.0000000000
116330  9.386  -3.756  62.314 0.0000000000
133745  9.329  -4.523  61.208 0.0000000000
70516  8.704  -5.674  60.494 0.0000000000
70512  8.330  -5.909  61.668 0.0000000000
71407  8.563  -5.106  62.302 0.0000000000
138222  11.649  -17.002  52.497 0.0000000000
59377  11.241  -17.113  49.449 0.0000000000
60293  10.645  -16.357  48.377 0.0000000000
60286  11.110  -16.825  50.032 0.0000000000
60280  10.878  -16.177  50.307 0.0000000000
58378  30.171  -18.249  45.367 0.0000000000
115720  29.960  -17.909  45.710 0.0000000000
60320  29.283  -16.708  45.146 0.0000000000
60319  29.865  -17.064  44.650 0.0000000000
49789  0.145  -28.088  54.165 0.0000000000
67098  2.176  -9.712  45.862 0.0000000000
66155  1.446  -10.059  45.468 0.0000000000
66154  2.581  -10.179  45.366 0.0000000000
66153  3.788  -10.276  45.446 0.0000000000
66302  42.755  -10.502  33.649 0.0000000000
66301  43.734  -10.339  33.782 0.0000000000
72660  54.748  -2.892  19.216 0.0000000000
73549  54.533  -2.525  17.899 0.0000000000
72661  54.417  -2.796  18.589 0.0000000000
72662  53.861  -3.064  18.591 0.0000000000
55523  14.646  -20.975  38.402 0.0000000000
56532  14.627  -20.254  38.173 0.0000000000
57452  14.510  -19.427  38.392 0.0000000000
56543  14.934  -19.839  37.720 0.0000000000
47875  17.159  -29.734  57.023 0.0000000000
47865  16.121  -29.248  57.265 0.0000000000
48850  16.337  -27.715  57.893 0.0000000000
51620  9.725  -25.749  46.901 0.0000000000
48862  17.811  -28.708  57.502 0.0000000000
47874  18.086  -29.939  56.818 0.0000000000
56458  24.193  -19.992  43.924 0.0000000000
56448  24.593  -20.119  44.516 0.0000000000
50725  22.924  -25.887  49.245 0.0000000000
50736  23.293  -26.155  49.114 0.0000000000
57468  15.432  -19.292  37.173 0.0000000000
56542  15.602  -20.231  37.403 0.0000000000
77672  4.412  2.314  60.600 0.0000000000
77673  4.074  2.589  60.322 0.0000000000
77665  3.934  2.345  61.221 0.0000000000
81413  7.988  7.930  61.597 0.0000000000
82309  7.195  8.342  61.970 0.0000000000
83153  7.991  8.945  62.288 0.0000000000
60233  4.933  -16.809  57.111 0.0000000000
60234  4.356  -16.770  57.416 0.0000000000
60228  5.108  -16.454  57.790 0.0000000000
68837  2.906  -7.040  57.977 0.0000000000
68836  3.109  -7.832  57.299 0.0000000000
130480  3.229  -7.616  56.640 0.0000000000
68844  3.179  -7.008  56.134 0.0000000000
68841  2.883  -6.733  57.045 0.0000000000
69690  2.812  -6.045  56.253 0.0000000000
70540  2.678  -5.427  57.051 0.0000000000
75800  4.404  1.340  62.187 0.0000000000
76709  4.871  1.551  61.396 0.0000000000
76718  4.703  2.029  60.796 0.0000000000
56498  36.365  -21.160  40.119 0.0000000000
56489  36.923  -20.814  40.999 0.0000000000
55486  36.673  -22.018  40.900 0.0000000000
58470  40.473  -18.055  37.112 0.0000000000
58456  41.219  -18.515  37.917 0.0000000000
59518  41.848  -17.088  37.104 0.0000000000
60425  41.128  -16.554  36.468 0.0000000000
59531  40.225  -16.776  36.215 0.0000000000
45974  3.816  -31.817  48.535 0.0000000000
45966  3.090  -32.030  49.864 0.0000000000
45958  3.681  -31.604  50.395 0.0000000000
51518  9.398  -25.085  57.945 0.0000000000
50652  9.011  -25.712  57.829 0.0000000000
51522  9.115  -24.995  57.778 0.0000000000
56382  2.672  -21.339  51.902 0.0000000000
55388  2.596  -22.045  51.743 0.0000000000
54380  2.486  -22.460  53.135 0.0000000000
55382  2.534  -21.811  52.591 0.0000000000
134566  27.456  -19.376  39.039 0.0000000000
62377  22.742  -14.715  35.111 0.0000000000
63368  22.946  -13.387  34.115 0.0000000000
61374  30.596  -15.057  35.344 0.0000000000
61373  31.405  -15.447  35.456 0.0000000000
61372  32.221  -15.810  35.585 0.0000000000
137167  31.459  -16.186  35.632 0.0000000000
115085  29.030  -19.079  39.601 0.0000000000
58334  0.971  -18.811  49.876 0.0000000000
57339  1.032  -19.704  49.390 0.0000000000
57338  1.310  -19.731  48.615 0.0000000000
74120  10.525  -1.411  52.719 0.0000000000
73291  10.266  -1.922  52.281 0.0000000000
74966  10.946  -0.875  52.495 0.0000000000
61271  40.256  -15.817  42.823 0.0000000000
70760  49.935  -5.271  29.746 0.0000000000
70769  50.434  -4.946  29.156 0.0000000000
138535  51.286  -5.255  28.900 0.0000000000
71653  51.785  -5.144  28.333 0.0000000000
70768  52.108  -5.797  28.773 0.0000000000
50775  13.602  -27.106  46.786 0.0000000000
117411  13.811  -26.856  45.930 0.0000000000
52612  15.629  -24.726  42.652 0.0000000000
53526  16.160  -24.056  42.342 0.0000000000
125901  15.938  -23.787  41.643 0.0000000000
53525  16.696  -23.234  42.004 0.0000000000
50699  17.247  -26.221  54.156 0.0000000000
50762  14.896  -26.437  47.412 0.0000000000
50749  14.650  -26.682  48.231 0.0000000000
50763  14.152  -26.946  47.486 0.0000000000
50764  13.432  -27.229  47.549 0.0000000000
53422  22.215  -23.780  51.543 0.0000000000
52526  17.806  -24.421  52.902 0.0000000000
51559  18.160  -24.581  53.413 0.0000000000
134168  18.479  -25.487  55.031 0.0000000000
54391  21.562  -22.678  51.050 0.0000000000
138554  21.948  -22.720  50.461 0.0000000000
54390  22.263  -22.918  50.739 0.0000000000
53435  22.446  -23.493  50.924 0.0000000000
54528  16.803  -22.844  41.293 0.0000000000
54479  20.662  -22.323  45.228 0.0000000000
54488  21.537  -22.405  44.485 0.0000000000
74902  5.951  -1.181  65.229 0.0000000000
123019  5.670  -0.353  65.070 0.0000000000
124736  6.594  -0.825  65.029 0.0000000000
134577  9.637  -0.014  62.714 0.0000000000
76697  8.432  1.250  62.810 0.0000000000
76696  9.222  0.918  62.525 0.0000000000
76707  8.892  1.765  62.107 0.0000000000
76706  9.720  1.420  61.904 0.0000000000
65040  8.961  -11.671  60.665 0.0000000000
64079  8.403  -12.211  60.921 0.0000000000
65032  8.635  -11.460  61.308 0.0000000000
68799  5.250  -7.748  63.426 0.0000000000
67904  5.433  -8.817  62.434 0.0000000000
124608  4.768  -8.300  62.881 0.0000000000
118094  4.042  -7.883  62.359 0.0000000000
122354  4.345  -7.515  63.172 0.0000000000
69654  4.058  -6.632  63.302 0.0000000000
73216  6.275  -2.369  65.057 0.0000000000
73217  5.529  -2.620  64.877 0.0000000000
52652  34.583  -24.463  37.186 0.0000000000
44029  8.583  -33.356  46.941 0.0000000000
44039  8.118  -33.318  46.178 0.0000000000
44040  6.990  -33.403  46.109 0.0000000000
45027  7.736  -32.747  45.696 0.0000000000
133302  7.449  -20.915  49.473 0.0000000000
55403  7.054  -20.900  49.920 0.0000000000
56402  7.032  -20.608  49.097 0.0000000000
134783  6.400  -16.244  47.283 0.0000000000
60305  5.854  -16.886  47.404 0.0000000000
60294  6.088  -16.065  47.968 0.0000000000
61220  6.568  -15.410  48.460 0.0000000000
61219  7.210  -14.955  47.953 0.0000000000
61301  24.786  -15.347  40.381 0.0000000000
61300  25.738  -14.952  40.550 0.0000000000
119665  28.178  -15.042  40.410 0.0000000000
62291  28.939  -15.155  40.114 0.0000000000
62306  28.850  -15.145  39.278 0.0000000000
58404  30.177  -18.116  42.843 0.0000000000
118378  30.007  -18.073  42.282 0.0000000000
62244  2.500  -14.425  46.940 0.0000000000
61292  0.838  -15.711  42.282 0.0000000000
61279  0.415  -15.698  42.797 0.0000000000
61293  0.687  -16.479  41.905 0.0000000000
60367  0.535  -17.232  41.598 0.0000000000
61308  1.072  -16.917  41.251 0.0000000000
60393  1.315  -18.045  40.372 0.0000000000
61323  1.625  -16.562  40.930 0.0000000000
68060  7.935  -8.582  43.711 0.0000000000
68054  7.426  -8.293  44.446 0.0000000000
130378  8.304  2.782  52.818 0.0000000000
69039  47.163  -7.641  31.439 0.0000000000
57344  11.569  -19.542  47.879 0.0000000000
56425  11.221  -20.462  47.472 0.0000000000
55432  13.505  -22.328  46.512 0.0000000000
53516  11.847  -23.578  43.100 0.0000000000
58409  15.054  -19.044  42.549 0.0000000000
58398  15.370  -19.170  43.436 0.0000000000
123289  15.812  -18.844  42.782 0.0000000000
61318  16.610  -15.330  39.160 0.0000000000
129666  17.097  -14.574  39.515 0.0000000000
63306  17.308  -13.956  38.887 0.0000000000
44971  15.657  -32.111  51.668 0.0000000000
44979  15.102  -31.768  51.703 0.0000000000
44972  14.946  -31.176  52.142 0.0000000000
48853  13.021  -27.965  57.086 0.0000000000
48864  12.927  -28.325  56.462 0.0000000000
118205  12.723  -27.349  57.152 0.0000000000
48854  12.439  -27.254  57.027 0.0000000000
49753  12.716  -27.050  57.171 0.0000000000
117765  14.056  -26.835  53.262 0.0000000000
51583  9.891  -24.954  51.336 0.0000000000
51582  10.299  -24.912  52.174 0.0000000000
139147  10.051  -24.439  53.025 0.0000000000
52537  9.539  -24.381  51.749 0.0000000000
52548  8.857  -24.025  50.227 0.0000000000
55436  9.953  -20.888  46.512 0.0000000000
55437  9.162  -20.886  46.702 0.0000000000
49784  22.317  -27.360  54.042 0.0000000000
48886  22.121  -28.325  53.934 0.0000000000
44949  19.221  -31.632  53.565 0.0000000000
44961  19.268  -31.585  52.712 0.0000000000
43952  18.460  -31.626  51.819 0.0000000000
43963  18.729  -32.342  51.101 0.0000000000
43953  18.068  -31.787  51.818 0.0000000000
43949  16.325  -32.000  51.643 0.0000000000
137746  25.935  -17.891  47.216 0.0000000000
58352  26.379  -18.492  47.670 0.0000000000
59392  25.784  -18.327  47.258 0.0000000000
53476  28.037  -23.121  47.343 0.0000000000
131119  28.369  -23.963  47.486 0.0000000000
52564  28.648  -24.618  48.517 0.0000000000
52573  28.367  -24.613  47.078 0.0000000000
136209  24.276  -22.952  47.395 0.0000000000
53478  24.819  -23.337  47.122 0.0000000000
62330  17.000  -14.142  37.994 0.0000000000
59537  18.119  -17.245  35.360 0.0000000000
129223  18.261  -16.505  35.071 0.0000000000
60444  18.904  -16.777  35.135 0.0000000000
60453  19.336  -16.078  34.704 0.0000000000
59536  19.367  -17.232  35.767 0.0000000000
55501  19.100  -21.092  39.670 0.0000000000
56502  19.692  -20.690  40.100 0.0000000000
58440  21.256  -18.284  39.738 0.0000000000
59486  21.430  -17.697  39.457 0.0000000000
59475  22.074  -17.201  40.324 0.0000000000
59408  25.073  -18.192  46.271 0.0000000000
59422  24.614  -17.998  45.517 0.0000000000
59421  25.324  -17.635  46.088 0.0000000000
59420  26.079  -17.371  46.526 0.0000000000
82330  4.322  6.830  57.018 0.0000000000
79620  4.059  4.871  63.293 0.0000000000
80534  3.563  5.052  62.899 0.0000000000
80533  4.195  5.534  62.836 0.0000000000
55376  0.593  -21.352  55.712 0.0000000000
60256  1.705  -16.804  54.689 0.0000000000
59360  0.944  -17.854  53.884 0.0000000000
60257  1.396  -17.230  54.224 0.0000000000
60264  1.248  -17.289  53.608 0.0000000000
60263  1.642  -16.593  53.564 0.0000000000
63118  4.618  -12.960  59.588 0.0000000000
117896  4.252  -13.101  58.660 0.0000000000
121061  4.320  -12.168  58.499 0.0000000000
64138  4.291  -12.528  53.530 0.0000000000
120525  3.393  -13.575  52.753 0.0000000000
64152  3.999  -12.751  52.518 0.0000000000
64165  3.787  -12.858  51.511 0.0000000000
68874  3.124  -7.294  51.503 0.0000000000
67979  3.563  -7.710  51.130 0.0000000000
68881  2.890  -7.376  50.818 0.0000000000
67986  2.637  -7.500  50.000 0.0000000000
123609  2.563  -6.724  50.396 0.0000000000
69739  2.532  -6.138  50.001 0.0000000000
69727  2.515  -5.803  50.930 0.0000000000
72357  6.122  -3.657  55.082 0.0000000000
114976  5.852  -4.068  54.172 0.0000000000
114833  7.073  -3.347  55.093 0.0000000000
72346  7.471  -3.130  55.812 0.0000000000
72298  5.735  -3.798  61.431 0.0000000000
75813  8.821  0.682  58.487 0.0000000000
75812  9.402  0.350  57.873 0.0000000000
137172  9.176  1.074  57.873 0.0000000000
76734  9.143  1.796  57.420 0.0000000000
77717  3.853  2.811  56.305 0.0000000000
138864  4.555  2.625  56.099 0.0000000000
60351  36.404  -16.172  42.237 0.0000000000
128242  36.735  -16.591  43.008 0.0000000000
116487  36.832  -16.903  42.482 0.0000000000
56454  38.165  -20.956  44.631 0.0000000000
57367  38.117  -20.078  44.900 0.0000000000
56453  38.692  -20.312  44.451 0.0000000000
117594  39.569  -19.962  43.745 0.0000000000
54549  39.632  -23.390  39.323 0.0000000000
53544  39.671  -23.538  40.333 0.0000000000
54548  40.403  -22.901  39.864 0.0000000000
57411  44.701  -20.064  40.137 0.0000000000
57412  43.924  -20.360  40.334 0.0000000000
58421  43.788  -19.829  40.623 0.0000000000
59480  43.428  -18.185  40.054 0.0000000000
63382  42.731  -13.424  33.473 0.0000000000
63393  42.388  -13.136  32.867 0.0000000000
63394  41.414  -13.114  32.699 0.0000000000
56380  13.887  -19.977  50.800 0.0000000000
134966  0.801  -32.143  54.429 0.0000000000
44958  0.700  -31.702  54.930 0.0000000000
44943  0.756  -31.141  55.210 0.0000000000
116272  12.111  -30.029  51.108 0.0000000000
46950  11.801  -29.946  50.323 0.0000000000
133826  7.996  -29.098  53.136 0.0000000000
46930  8.111  -30.137  52.045 0.0000000000
47918  7.708  -29.726  52.761 0.0000000000
46920  7.024  -30.003  53.076 0.0000000000
53430  5.686  -24.003  52.241 0.0000000000
117963  5.504  -24.873  52.785 0.0000000000
49788  3.808  -27.419  55.105 0.0000000000
49780  4.357  -28.210  55.470 0.0000000000
134121  4.441  -28.869  55.935 0.0000000000
47881  4.396  -29.182  56.055 0.0000000000
48870  3.793  -29.082  56.431 0.0000000000
47882  3.849  -29.359  56.398 0.0000000000
51524  1.553  -25.597  58.353 0.0000000000
52482  1.321  -24.880  58.477 0.0000000000
52490  1.195  -24.647  57.847 0.0000000000
58287  4.646  -18.655  54.898 0.0000000000
58288  4.095  -19.089  55.208 0.0000000000
59347  4.799  -18.013  55.364 0.0000000000
126194  5.428  -17.528  55.001 0.0000000000
63179  7.447  -13.429  51.231 0.0000000000
62183  7.015  -13.999  51.764 0.0000000000
134992  7.447  -13.319  51.917 0.0000000000
64116  8.207  -12.251  55.208 0.0000000000
64110  8.259  -12.309  56.176 0.0000000000
64103  8.421  -12.420  57.137 0.0000000000
65066  8.743  -11.700  56.651 0.0000000000
54415  30.939  -22.890  49.010 0.0000000000
53465  31.092  -23.841  48.884 0.0000000000
65269  20.016  -11.117  37.069 0.0000000000
67174  24.294  -9.268  37.215 0.0000000000
67173  25.607  -9.036  37.607 0.0000000000
63352  26.925  -13.906  34.889 0.0000000000
65267  29.480  -11.454  37.258 0.0000000000
66224  29.335  -10.616  38.671 0.0000000000
65250  29.997  -11.076  38.982 0.0000000000
63303  33.388  -13.606  39.948 0.0000000000
63296  33.045  -12.930  40.437 0.0000000000
63295  33.817  -13.193  40.684 0.0000000000
63286  34.218  -12.991  41.315 0.0000000000
129773  34.521  -14.202  40.607 0.0000000000
135849  35.030  -17.942  37.161 0.0000000000
59493  35.237  -17.456  37.953 0.0000000000
58458  35.349  -18.426  37.650 0.0000000000
56524  32.337  -20.596  38.535 0.0000000000
128866  32.665  -21.100  38.469 0.0000000000
53446  0.425  -23.521  51.629 0.0000000000
52541  0.522  -24.139  52.029 0.0000000000
52551  0.759  -23.934  51.059 0.0000000000
51629  1.842  -25.097  46.756 0.0000000000
56463  0.046  -20.851  44.696 0.0000000000
56464  0.117  -21.171  43.943 0.0000000000
69735  6.020  -6.485  49.722 0.0000000000
69747  6.076  -6.880  48.897 0.0000000000
125566  10.192  -4.807  47.768 0.0000000000
117189  10.084  -4.905  46.923 0.0000000000
72424  10.328  -4.122  46.933 0.0000000000
61243  37.802  -15.656  46.027 0.0000000000
62246  37.731  -14.633  45.929 0.0000000000
123200  38.703  -14.952  44.924 0.0000000000
71694  53.616  -4.797  25.725 0.0000000000
72587  53.536  -4.432  25.535 0.0000000000
71693  53.948  -4.552  25.133 0.0000000000
71709  54.223  -4.742  24.733 0.0000000000
70839  54.201  -5.115  24.547 0.0000000000
64369  47.504  -12.118  34.583 0.0000000000
65316  47.685  -11.540  34.865 0.0000000000
65337  48.069  -11.729  34.038 0.0000000000
65356  48.827  -10.736  30.150 0.0000000000
66327  49.499  -10.308  30.516 0.0000000000
66329  50.131  -9.752  30.028 0.0000000000
66330  49.326  -10.145  29.720 0.0000000000
117056  49.102  -7.416  25.967 0.0000000000
69093  49.571  -7.730  26.493 0.0000000000
69106  49.897  -7.199  25.935 0.0000000000
69105  50.846  -6.874  26.003 0.0000000000
51626  15.652  -25.853  46.494 0.0000000000
52583  17.315  -24.124  45.943 0.0000000000
52589  16.743  -24.750  45.616 0.0000000000
52596  16.882  -24.127  44.396 0.0000000000
53506  17.433  -23.636  44.450 0.0000000000
51611  16.289  -25.020  48.546 0.0000000000
128875  16.000  -25.518  47.887 0.0000000000
115911  15.405  -26.159  48.065 0.0000000000
139135  20.611  -22.487  50.697 0.0000000000
54393  20.123  -22.657  51.163 0.0000000000
53452  17.645  -23.983  50.152 0.0000000000
53439  17.825  -23.989  50.953 0.0000000000
52534  17.989  -23.992  51.873 0.0000000000
54464  19.776  -22.204  46.418 0.0000000000
54449  20.344  -22.020  47.126 0.0000000000
54450  19.567  -22.322  47.239 0.0000000000
54425  19.232  -22.676  48.962 0.0000000000
54440  20.066  -22.224  48.684 0.0000000000
54424  19.977  -22.390  49.493 0.0000000000
54407  20.670  -22.456  49.941 0.0000000000
53505  18.593  -23.045  45.220 0.0000000000
73214  8.199  -2.198  64.406 0.0000000000
73219  9.660  -2.195  63.109 0.0000000000
74055  10.026  -1.438  62.985 0.0000000000
74910  9.649  -1.061  63.289 0.0000000000
67917  9.042  -8.673  60.877 0.0000000000
67908  8.626  -9.086  61.357 0.0000000000
137507  8.451  -8.292  61.212 0.0000000000
69656  8.016  -6.629  61.955 0.0000000000
68801  7.605  -7.385  62.308 0.0000000000
115366  6.998  -7.211  63.156 0.0000000000
125433  6.750  -6.393  63.408 0.0000000000
69648  6.166  -5.978  63.878 0.0000000000
70509  6.957  -5.569  63.495 0.0000000000
71400  8.017  -3.948  63.776 0.0000000000
71405  7.501  -4.737  63.579 0.0000000000
72283  7.536  -3.425  64.392 0.0000000000
53610  32.788  -21.644  34.606 0.0000000000
43998  10.311  -33.166  49.472 0.0000000000
44028  10.067  -32.818  47.692 0.0000000000
58371  8.304  -18.128  46.453 0.0000000000
58372  7.404  -18.139  46.498 0.0000000000
59413  8.680  -17.327  46.506 0.0000000000
61218  10.306  -15.632  48.112 0.0000000000
61228  9.096  -15.355  47.109 0.0000000000
61229  8.247  -15.279  47.001 0.0000000000
62234  9.512  -14.790  47.630 0.0000000000
61201  11.201  -16.037  51.952 0.0000000000
134005  11.104  -15.368  51.616 0.0000000000
58386  30.301  -18.388  44.098 0.0000000000
57378  30.214  -18.821  44.132 0.0000000000
57368  30.320  -18.777  44.545 0.0000000000
123695  30.942  -19.746  45.560 0.0000000000
56446  30.837  -20.015  45.183 0.0000000000
55439  31.801  -21.159  45.617 0.0000000000
60344  26.398  -15.667  42.987 0.0000000000
61267  27.272  -15.349  43.315 0.0000000000
61265  28.619  -15.450  43.289 0.0000000000
61275  27.912  -15.039  42.834 0.0000000000
61274  28.690  -15.370  42.396 0.0000000000
129415  29.297  -15.839  42.801 0.0000000000
46925  -1.235  -31.445  52.766 0.0000000000
46934  -1.152  -30.591  52.760 0.0000000000
115011  -0.393  -29.198  52.021 0.0000000000
65157  1.204  -11.076  46.865 0.0000000000
64239  0.348  -12.011  46.127 0.0000000000
65173  0.469  -11.287  46.240 0.0000000000
65222  1.005  -11.771  44.296 0.0000000000
64266  0.455  -11.991  44.305 0.0000000000
64281  0.989  -12.342  43.905 0.0000000000
63274  0.839  -13.946  43.158 0.0000000000
118713  1.502  -13.686  43.137 0.0000000000
63293  1.957  -14.240  42.703 0.0000000000
131604  3.300  -11.902  44.517 0.0000000000
64294  3.441  -13.125  43.611 0.0000000000
63281  4.017  -13.832  43.080 0.0000000000
64293  4.520  -13.347  43.584 0.0000000000
64277  5.164  -12.898  44.095 0.0000000000
64265  4.869  -12.344  44.591 0.0000000000
66152  4.881  -10.231  45.492 0.0000000000
66167  5.543  -10.883  45.217 0.0000000000
67104  5.790  -9.966  45.256 0.0000000000
119487  55.320  -0.247  17.784 0.0000000000
74397  55.273  -1.247  17.689 0.0000000000
55435  10.713  -21.778  46.809 0.0000000000
54483  10.998  -23.025  45.485 0.0000000000
122248  11.309  -22.661  46.206 0.0000000000
54545  13.361  -22.537  40.335 0.0000000000
55481  12.930  -22.007  40.897 0.0000000000
55492  13.299  -21.773  40.236 0.0000000000
57420  13.596  -19.866  40.430 0.0000000000
57419  14.229  -19.066  40.802 0.0000000000
58430  15.008  -18.432  40.509 0.0000000000
120615  14.405  -18.809  39.878 0.0000000000
127478  15.510  -17.441  38.525 0.0000000000
60402  16.139  -16.446  38.483 0.0000000000
60403  15.954  -16.968  38.168 0.0000000000
46890  14.728  -30.075  55.242 0.0000000000
47866  14.894  -29.166  57.102 0.0000000000
47877  14.332  -29.465  55.940 0.0000000000
49751  14.085  -27.271  57.631 0.0000000000
130210  11.830  -26.641  50.157 0.0000000000
121128  10.201  -25.925  49.545 0.0000000000
51603  9.527  -25.354  49.215 0.0000000000
135267  9.819  -25.469  49.963 0.0000000000
52558  9.036  -24.562  49.300 0.0000000000
52569  9.158  -24.938  48.526 0.0000000000
53492  8.970  -23.385  46.494 0.0000000000
49777  20.023  -27.967  56.334 0.0000000000
48876  20.378  -28.797  55.731 0.0000000000
48877  19.659  -29.298  56.230 0.0000000000
46887  18.154  -30.776  55.992 0.0000000000
136355  18.751  -30.908  55.774 0.0000000000
45911  18.482  -31.443  54.752 0.0000000000
45912  17.686  -31.603  54.731 0.0000000000
46900  16.080  -30.937  54.891 0.0000000000
44946  15.694  -30.596  53.346 0.0000000000
136910  24.943  -18.794  46.011 0.0000000000
57352  25.426  -19.203  46.651 0.0000000000
55431  26.230  -21.067  46.003 0.0000000000
55430  26.834  -21.772  46.390 0.0000000000
52555  24.258  -24.713  49.689 0.0000000000
51610  24.603  -25.830  48.963 0.0000000000
133706  24.395  -26.441  48.668 0.0000000000
50761  24.751  -26.851  47.751 0.0000000000
60416  16.158  -16.354  37.804 0.0000000000
60417  15.864  -16.972  37.418 0.0000000000
57483  16.278  -19.084  36.517 0.0000000000
124511  16.243  -18.140  36.124 0.0000000000
136972  16.754  -18.068  35.766 0.0000000000
58491  17.418  -17.974  35.602 0.0000000000
58480  16.915  -18.613  35.970 0.0000000000
55468  21.558  -21.246  42.315 0.0000000000
56481  21.630  -20.335  41.867 0.0000000000
57394  22.746  -19.605  42.421 0.0000000000
57407  22.301  -19.101  42.089 0.0000000000
58417  21.871  -18.773  41.522 0.0000000000
58407  22.444  -18.261  42.086 0.0000000000
134685  24.104  -18.990  44.358 0.0000000000
57361  24.227  -18.511  45.040 0.0000000000
77696  4.035  2.711  57.968 0.0000000000
79642  2.984  3.841  59.905 0.0000000000
117627  3.124  4.039  58.906 0.0000000000
136332  5.478  7.286  62.397 0.0000000000
82311  5.987  7.669  62.277 0.0000000000
58270  2.542  -18.418  56.093 0.0000000000
58271  1.660  -18.785  55.803 0.0000000000
60236  2.959  -16.995  56.913 0.0000000000
60241  2.441  -17.285  56.318 0.0000000000
60249  2.175  -16.786  55.757 0.0000000000
66977  4.093  -9.889  58.100 0.0000000000
66032  4.199  -10.463  57.997 0.0000000000
66033  4.081  -9.750  57.678 0.0000000000
67003  4.104  -8.799  56.551 0.0000000000
66993  4.387  -9.531  56.682 0.0000000000
66062  5.021  -10.254  55.477 0.0000000000
66061  5.233  -9.822  54.617 0.0000000000
67014  4.759  -9.160  55.162 0.0000000000
68851  3.565  -6.863  54.621 0.0000000000
67965  4.203  -7.591  54.254 0.0000000000
68858  3.877  -7.062  53.579 0.0000000000
68866  3.748  -7.142  52.741 0.0000000000
68859  3.598  -6.622  53.795 0.0000000000
69707  3.267  -5.946  53.351 0.0000000000
72350  3.066  -4.324  55.865 0.0000000000
71450  3.007  -4.517  55.072 0.0000000000
126929  3.479  -4.120  56.257 0.0000000000
115923  4.519  -3.998  55.498 0.0000000000
116096  4.031  -3.953  56.225 0.0000000000
74060  7.112  -1.531  61.796 0.0000000000
74919  6.679  -0.700  62.055 0.0000000000
76716  6.049  1.264  60.664 0.0000000000
76715  6.901  1.007  60.380 0.0000000000
75809  7.761  0.577  59.893 0.0000000000
76722  7.158  1.348  59.617 0.0000000000
76730  6.581  1.870  59.305 0.0000000000
77676  4.824  2.361  59.347 0.0000000000
77685  5.063  2.356  58.540 0.0000000000
77686  4.450  2.502  58.628 0.0000000000
126531  36.942  -18.864  41.019 0.0000000000
55463  37.844  -21.604  43.842 0.0000000000
56519  40.283  -21.030  38.228 0.0000000000
56518  40.906  -21.066  38.877 0.0000000000
57440  40.661  -20.329  38.307 0.0000000000
58445  43.824  -19.524  38.801 0.0000000000
57437  44.301  -20.092  39.423 0.0000000000
60411  44.716  -17.307  37.725 0.0000000000
61341  45.676  -16.209  37.617 0.0000000000
61355  44.555  -15.603  36.936 0.0000000000
61368  42.483  -15.018  35.718 0.0000000000
62366  41.832  -14.718  35.151 0.0000000000
121346  41.879  -14.243  34.594 0.0000000000
62384  40.985  -14.654  34.554 0.0000000000
58329  16.023  -18.534  49.836 0.0000000000
58328  16.846  -18.137  49.426 0.0000000000
59370  17.211  -18.100  50.429 0.0000000000
45001  2.537  -32.605  48.127 0.0000000000
44019  2.112  -33.372  47.448 0.0000000000
44995  1.672  -32.713  49.483 0.0000000000
45953  3.004  -31.683  51.746 0.0000000000
44965  2.056  -32.353  53.132 0.0000000000
44956  2.860  -32.268  53.658 0.0000000000
47899  10.600  -28.760  54.661 0.0000000000
115375  10.782  -29.139  53.972 0.0000000000
48867  9.058  -27.440  56.432 0.0000000000
48889  9.578  -28.152  54.599 0.0000000000
48890  8.674  -27.684  54.788 0.0000000000
47900  8.644  -28.107  54.009 0.0000000000
129143  8.569  -27.360  55.598 0.0000000000
52549  3.905  -24.249  50.917 0.0000000000
129027  3.445  -23.764  50.838 0.0000000000
52520  2.938  -25.200  52.911 0.0000000000
51555  3.030  -26.121  54.072 0.0000000000
51556  2.607  -25.236  54.591 0.0000000000
52508  2.440  -24.294  55.035 0.0000000000
53407  2.379  -23.426  55.496 0.0000000000
122640  2.249  -23.923  56.121 0.0000000000
124946  2.451  -22.855  54.917 0.0000000000
124176  2.502  -22.053  55.473 0.0000000000
56375  2.790  -20.768  54.198 0.0000000000
57299  3.681  -19.542  53.972 0.0000000000
57290  4.255  -19.119  54.422 0.0000000000
66992  10.169  -9.808  56.254 0.0000000000
65328  20.798  -11.918  34.642 0.0000000000
65307  21.216  -11.277  35.078 0.0000000000
65327  21.750  -11.816  34.392 0.0000000000
127432  23.712  -12.249  34.192 0.0000000000
65325  23.354  -11.741  34.327 0.0000000000
123419  23.829  -10.432  35.276 0.0000000000
66290  24.337  -11.015  34.801 0.0000000000
62371  28.293  -14.408  35.178 0.0000000000
63342  30.558  -13.555  35.418 0.0000000000
64340  31.245  -12.876  36.968 0.0000000000
64325  30.806  -12.431  37.783 0.0000000000
122543  33.374  -14.574  37.845 0.0000000000
61357  33.604  -15.577  36.631 0.0000000000
127416  33.522  -16.435  36.211 0.0000000000
59521  34.044  -17.157  36.474 0.0000000000
59522  33.279  -17.310  36.161 0.0000000000
57427  30.855  -19.101  39.247 0.0000000000
57460  28.748  -19.809  37.903 0.0000000000
56537  29.693  -20.197  37.592 0.0000000000
56391  0.136  -20.977  50.797 0.0000000000
54414  0.574  -22.222  50.311 0.0000000000
55397  0.586  -21.561  49.943 0.0000000000
130504  0.214  -21.886  47.785 0.0000000000
54443  0.460  -22.466  48.341 0.0000000000
54454  0.099  -22.451  47.296 0.0000000000
53483  0.724  -23.541  47.199 0.0000000000
53484  0.346  -22.985  46.767 0.0000000000
55483  -0.326  -21.581  41.369 0.0000000000
54531  -0.286  -22.063  41.503 0.0000000000
128068  -0.951  -22.587  41.093 0.0000000000
71489  8.068  -4.745  51.759 0.0000000000
116833  8.547  -4.989  51.142 0.0000000000
136672  8.785  -4.476  51.512 0.0000000000
73310  10.389  -2.517  50.832 0.0000000000
72394  10.090  -3.309  50.561 0.0000000000
117319  10.612  -2.833  50.054 0.0000000000
72403  10.382  -3.578  49.798 0.0000000000
133671  10.798  -3.149  49.408 0.0000000000
62252  40.579  -14.529  43.931 0.0000000000
63268  40.614  -13.142  43.349 0.0000000000
63267  41.083  -13.160  43.758 0.0000000000
65211  41.223  -11.960  43.386 0.0000000000
64283  40.392  -12.377  43.170 0.0000000000
71656  48.028  -4.828  28.241 0.0000000000
117718  52.791  -4.905  27.031 0.0000000000
71678  53.172  -4.839  26.501 0.0000000000
71664  53.043  -5.093  26.795 0.0000000000
114994  46.388  -12.539  31.519 0.0000000000
64401  46.924  -12.459  31.885 0.0000000000
63432  46.769  -12.363  29.478 0.0000000000
126674  47.074  -12.036  29.174 0.0000000000
64410  47.538  -11.576  29.317 0.0000000000
64413  47.114  -11.813  28.711 0.0000000000
50786  11.328  -26.440  45.517 0.0000000000
50790  12.900  -26.424  44.289 0.0000000000
51644  12.086  -26.233  44.135 0.0000000000
50795  12.530  -26.050  43.569 0.0000000000
119094  12.081  -25.460  43.045 0.0000000000
119605  12.971  -25.740  42.975 0.0000000000
51650  15.250  -25.613  43.879 0.0000000000
118350  14.889  -25.079  42.165 0.0000000000
51661  14.304  -25.487  42.620 0.0000000000
52613  13.997  -25.116  41.901 0.0000000000
53540  14.130  -24.044  40.810 0.0000000000
53552  15.412  -23.263  40.496 0.0000000000
54557  15.125  -22.319  39.192 0.0000000000
50664  17.696  -25.608  57.279 0.0000000000
50665  17.021  -25.806  57.201 0.0000000000
50700  16.402  -26.513  53.873 0.0000000000
50701  15.556  -26.726  53.735 0.0000000000
134188  15.644  -26.771  52.243 0.0000000000
50726  16.120  -26.013  50.979 0.0000000000
50738  14.377  -26.951  49.202 0.0000000000
50728  14.550  -27.000  50.221 0.0000000000
49806  13.168  -27.286  50.259 0.0000000000
49812  13.196  -27.311  49.201 0.0000000000
49837  12.734  -27.280  47.080 0.0000000000
115721  11.175  -26.839  46.938 0.0000000000
124923  21.945  -25.877  50.758 0.0000000000
120281  22.526  -25.259  52.398 0.0000000000
50686  22.401  -26.410  54.019 0.0000000000
51547  22.389  -25.323  53.743 0.0000000000
53411  21.066  -23.629  52.717 0.0000000000
53412  20.079  -23.678  52.850 0.0000000000
52503  19.462  -24.826  54.380 0.0000000000
119878  20.036  -24.555  53.922 0.0000000000
51535  20.322  -24.913  54.890 0.0000000000
51534  20.733  -25.606  55.214 0.0000000000
118555  20.095  -25.701  55.638 0.0000000000
50675  20.028  -26.759  56.081 0.0000000000
51527  18.266  -25.557  56.777 0.0000000000
139051  18.762  -25.658  56.558 0.0000000000
125991  18.320  -26.041  57.670 0.0000000000
126448  23.008  -22.015  43.827 0.0000000000
54486  23.338  -22.293  44.421 0.0000000000
54460  23.186  -22.559  46.942 0.0000000000
133207  20.908  -21.892  47.904 0.0000000000
133022  21.498  -21.968  47.543 0.0000000000
136842  21.399  -21.970  48.264 0.0000000000
54420  23.148  -22.547  49.577 0.0000000000
54437  22.451  -22.345  48.757 0.0000000000
51568  23.002  -24.858  50.211 0.0000000000
51578  23.193  -25.183  49.596 0.0000000000
134822  17.565  -22.298  40.147 0.0000000000
54540  18.144  -22.190  40.512 0.0000000000
55491  18.673  -21.682  40.106 0.0000000000
54503  18.156  -22.767  42.967 0.0000000000
54513  19.523  -22.356  42.493 0.0000000000
54512  20.299  -22.192  42.668 0.0000000000
55469  20.698  -21.691  42.138 0.0000000000
55450  22.430  -22.150  43.717 0.0000000000
56459  23.124  -21.356  43.259 0.0000000000
123796  4.278  0.545  63.626 0.0000000000
135894  3.826  1.540  62.981 0.0000000000
116057  4.276  0.520  64.087 0.0000000000
76694  5.269  1.450  64.562 0.0000000000
77648  4.419  1.885  64.202 0.0000000000
138573  5.083  2.364  64.287 0.0000000000
78677  4.680  3.653  63.610 0.0000000000
78676  5.448  3.119  63.736 0.0000000000
74906  8.100  -1.171  64.403 0.0000000000
75785  7.586  0.157  64.137 0.0000000000
77654  7.282  2.447  62.835 0.0000000000
77649  6.848  1.949  63.655 0.0000000000
79622  6.018  4.515  62.416 0.0000000000
78686  6.611  4.069  61.983 0.0000000000
78694  7.885  4.009  60.861 0.0000000000
79630  7.109  4.444  61.161 0.0000000000
79638  7.788  4.791  60.589 0.0000000000
80543  7.788  5.521  60.541 0.0000000000
80542  8.620  5.208  60.398 0.0000000000
62114  7.655  -14.664  59.447 0.0000000000
63104  7.376  -13.205  61.138 0.0000000000
63109  7.096  -13.925  60.791 0.0000000000
63105  6.592  -13.299  61.308 0.0000000000
63111  5.109  -13.332  60.646 0.0000000000
66948  7.831  -10.136  62.272 0.0000000000
65027  8.088  -11.148  62.050 0.0000000000
66958  5.411  -9.997  61.570 0.0000000000
66016  4.980  -10.832  61.320 0.0000000000
65035  4.694  -11.464  61.048 0.0000000000
66022  4.636  -10.695  60.655 0.0000000000
66965  4.555  -9.524  60.539 0.0000000000
68802  3.863  -7.412  61.276 0.0000000000
67919  3.892  -7.860  60.294 0.0000000000
68820  3.379  -7.524  59.456 0.0000000000
70523  3.305  -5.529  59.453 0.0000000000
69662  3.505  -5.966  60.885 0.0000000000
70511  3.560  -5.516  62.321 0.0000000000
71408  4.123  -4.529  62.050 0.0000000000
72290  4.542  -4.107  63.236 0.0000000000
70505  5.676  -5.263  64.270 0.0000000000
70506  4.895  -5.297  64.242 0.0000000000
70502  5.089  -4.573  64.524 0.0000000000
128974  4.883  -2.910  64.448 0.0000000000
72284  4.748  -2.949  63.872 0.0000000000
136005  4.679  -3.529  63.687 0.0000000000
73221  5.171  -2.263  63.665 0.0000000000
74052  4.882  -1.661  64.057 0.0000000000
74904  4.847  -0.822  64.602 0.0000000000
74907  4.735  -0.928  64.126 0.0000000000
75792  4.481  0.644  62.964 0.0000000000
53558  34.687  -23.902  40.041 0.0000000000
53548  35.320  -23.912  40.788 0.0000000000
137867  35.057  -24.364  40.365 0.0000000000
52650  36.454  -25.211  37.589 0.0000000000
52641  36.589  -25.317  38.795 0.0000000000
52649  37.481  -25.086  37.821 0.0000000000
54570  38.279  -23.400  37.210 0.0000000000
54579  38.314  -22.555  36.920 0.0000000000
55526  38.973  -21.802  37.285 0.0000000000
55536  38.311  -21.713  36.534 0.0000000000
57488  38.482  -19.362  35.468 0.0000000000
123357  38.803  -20.418  36.114 0.0000000000
58472  39.355  -18.883  36.081 0.0000000000
46003  5.830  -31.924  45.931 0.0000000000
118410  5.256  -33.431  46.318 0.0000000000
45986  4.573  -31.745  47.346 0.0000000000
45972  5.121  -31.371  47.774 0.0000000000
54375  7.845  -22.825  53.963 0.0000000000
54379  7.503  -22.257  53.478 0.0000000000
116016  6.725  -21.428  50.564 0.0000000000
54410  6.216  -22.104  50.835 0.0000000000
53442  6.101  -22.869  52.045 0.0000000000
55395  5.792  -22.032  50.056 0.0000000000
58373  6.683  -18.116  46.626 0.0000000000
56429  6.343  -19.983  47.608 0.0000000000
57348  5.720  -19.417  47.285 0.0000000000
56431  4.803  -20.147  47.924 0.0000000000
55415  4.665  -21.165  48.483 0.0000000000
55406  4.548  -21.799  48.973 0.0000000000
55416  4.071  -21.091  48.748 0.0000000000
58332  4.326  -18.678  49.375 0.0000000000
57317  4.035  -19.157  49.952 0.0000000000
56389  3.375  -20.435  50.332 0.0000000000
58321  4.402  -18.365  50.336 0.0000000000
59378  5.209  -17.293  49.873 0.0000000000
60281  6.035  -16.023  49.887 0.0000000000
62213  6.787  -14.878  49.832 0.0000000000
62201  6.741  -14.727  50.514 0.0000000000
131808  7.773  -13.582  49.829 0.0000000000
63234  10.287  -13.935  48.659 0.0000000000
63235  9.620  -13.722  48.528 0.0000000000
63216  10.239  -13.310  49.168 0.0000000000
64172  9.488  -12.191  50.321 0.0000000000
58427  28.934  -18.675  41.072 0.0000000000
56477  28.749  -20.172  43.004 0.0000000000
55464  29.069  -21.170  43.118 0.0000000000
57369  30.100  -19.530  44.451 0.0000000000
131462  29.810  -19.733  44.273 0.0000000000
56457  30.065  -20.580  44.569 0.0000000000
61348  23.548  -15.039  37.610 0.0000000000
114782  25.033  -14.302  37.639 0.0000000000
137325  26.327  -14.726  40.376 0.0000000000
62293  26.716  -14.677  40.302 0.0000000000
138960  27.547  -14.732  39.487 0.0000000000
62340  27.419  -14.563  37.985 0.0000000000
116783  27.779  -14.757  37.114 0.0000000000
62339  28.148  -15.016  37.774 0.0000000000
61344  29.943  -15.721  37.198 0.0000000000
118104  30.128  -15.910  38.245 0.0000000000
60386  30.705  -16.269  39.673 0.0000000000
60385  31.029  -16.885  39.547 0.0000000000
134104  29.635  -15.992  42.165 0.0000000000
59473  30.753  -17.085  40.526 0.0000000000
60296  2.297  -16.309  48.621 0.0000000000
59399  2.488  -16.968  47.973 0.0000000000
59425  3.109  -17.592  45.478 0.0000000000
58391  2.266  -18.925  44.543 0.0000000000
58390  2.887  -18.177  44.599 0.0000000000
62251  0.703  -14.503  45.068 0.0000000000
62250  1.174  -14.242  45.721 0.0000000000
61250  0.715  -15.082  44.613 0.0000000000
129864  0.371  -16.976  42.709 0.0000000000
59457  0.789  -18.062  42.483 0.0000000000
58399  0.740  -19.084  42.966 0.0000000000
58410  0.304  -18.827  42.282 0.0000000000
127814  0.113  -19.457  42.160 0.0000000000
57410  0.141  -19.656  41.773 0.0000000000
58443  0.579  -19.520  41.090 0.0000000000
56504  0.418  -20.093  41.456 0.0000000000
56516  0.602  -20.933  40.541 0.0000000000
126405  0.818  -21.497  39.996 0.0000000000
55535  1.139  -21.053  39.757 0.0000000000
62283  2.340  -14.794  42.239 0.0000000000
61306  2.231  -15.994  41.162 0.0000000000
62300  2.791  -15.419  41.623 0.0000000000
69825  9.010  -7.049  43.418 0.0000000000
76763  11.377  1.144  53.289 0.0000000000
75860  11.606  0.716  52.446 0.0000000000
76776  11.207  1.649  52.578 0.0000000000
77778  10.239  2.866  50.976 0.0000000000
77777  11.036  2.430  51.286 0.0000000000
62286  38.865  -15.266  40.001 0.0000000000
69915  49.290  -5.757  30.236 0.0000000000
69905  49.720  -6.398  30.871 0.0000000000
58342  11.761  -18.709  48.555 0.0000000000
57335  12.205  -19.870  48.763 0.0000000000
56388  12.999  -20.252  49.966 0.0000000000
119944  13.852  -20.153  48.705 0.0000000000
124295  14.300  -19.541  49.059 0.0000000000
57334  14.444  -19.669  48.200 0.0000000000
57353  15.014  -19.094  46.715 0.0000000000
134687  15.603  -18.746  46.189 0.0000000000
115480  10.907  -25.638  44.853 0.0000000000
54504  12.136  -22.774  43.583 0.0000000000
129970  12.862  -21.420  41.634 0.0000000000
55470  12.603  -21.729  42.421 0.0000000000
56483  12.995  -20.920  42.375 0.0000000000
57384  14.057  -20.146  43.601 0.0000000000
56460  14.117  -20.640  44.467 0.0000000000
57372  14.867  -20.108  44.661 0.0000000000
123153  15.945  -19.096  43.981 0.0000000000
125421  15.978  -19.062  44.661 0.0000000000
58379  16.667  -18.536  45.063 0.0000000000
59435  17.424  -18.131  44.591 0.0000000000
123199  17.392  -17.825  42.636 0.0000000000
59446  17.965  -17.434  44.140 0.0000000000
60347  17.905  -17.306  43.183 0.0000000000
131965  18.023  -16.603  43.798 0.0000000000
61291  17.059  -16.128  41.437 0.0000000000
61290  17.231  -15.399  41.751 0.0000000000
124077  17.408  -14.665  41.954 0.0000000000
63298  17.674  -13.772  40.581 0.0000000000
132546  17.832  -13.684  41.193 0.0000000000
63297  18.230  -13.180  40.823 0.0000000000
64312  18.553  -12.562  40.350 0.0000000000
45948  14.526  -31.545  51.503 0.0000000000
44985  14.400  -32.012  50.544 0.0000000000
121673  14.049  -31.281  51.123 0.0000000000
46936  13.378  -30.747  51.093 0.0000000000
115157  13.305  -30.046  54.034 0.0000000000
46911  12.925  -29.614  54.521 0.0000000000
47898  12.234  -29.142  54.899 0.0000000000
131550  12.206  -28.513  55.776 0.0000000000
121119  12.144  -26.807  57.094 0.0000000000
48855  11.876  -27.234  57.007 0.0000000000
50649  11.610  -26.470  57.334 0.0000000000
50650  10.603  -26.099  57.749 0.0000000000
51516  10.977  -25.729  57.622 0.0000000000
50666  16.212  -26.478  56.848 0.0000000000
49765  14.969  -27.011  56.541 0.0000000000
118130  14.079  -26.895  55.881 0.0000000000
50680  13.371  -26.537  56.311 0.0000000000
50721  12.006  -26.337  51.577 0.0000000000
51572  12.136  -26.085  53.031 0.0000000000
51563  11.198  -25.275  53.673 0.0000000000
51562  12.011  -25.650  53.807 0.0000000000
51529  12.119  -25.802  56.751 0.0000000000
51553  11.799  -25.065  55.357 0.0000000000
124385  9.784  -24.135  54.513 0.0000000000
52506  10.396  -24.482  55.113 0.0000000000
52507  9.567  -24.239  55.318 0.0000000000
53414  8.950  -23.700  54.350 0.0000000000
53427  9.071  -23.359  53.367 0.0000000000
53454  8.437  -23.048  50.910 0.0000000000
55393  7.670  -21.336  50.094 0.0000000000
53471  8.480  -23.179  48.749 0.0000000000
120016  8.232  -20.683  47.522 0.0000000000
126018  8.446  -19.648  46.719 0.0000000000
136397  9.183  -19.474  46.570 0.0000000000
58357  10.839  -18.453  46.807 0.0000000000
58369  10.154  -18.450  46.585 0.0000000000
59394  11.303  -17.798  48.040 0.0000000000
49793  21.559  -26.341  51.271 0.0000000000
47913  20.906  -28.751  52.171 0.0000000000
115164  20.400  -29.575  51.773 0.0000000000
47897  20.576  -30.233  54.679 0.0000000000
47896  21.165  -29.932  54.063 0.0000000000
46907  20.769  -30.612  53.885 0.0000000000
43049  19.237  -33.852  50.738 0.0000000000
133931  17.493  -31.623  52.993 0.0000000000
43947  17.635  -31.729  52.336 0.0000000000
43948  17.136  -31.775  51.885 0.0000000000
59389  29.148  -17.944  47.134 0.0000000000
59390  28.280  -17.968  47.403 0.0000000000
58325  28.168  -19.576  48.433 0.0000000000
57321  29.380  -19.934  48.945 0.0000000000
57313  29.376  -20.463  49.182 0.0000000000
55390  30.099  -21.116  49.400 0.0000000000
55391  29.285  -21.251  49.343 0.0000000000
56407  26.941  -19.814  48.048 0.0000000000
56406  27.881  -20.507  48.504 0.0000000000
53466  28.512  -23.139  49.351 0.0000000000
54417  28.635  -22.558  49.604 0.0000000000
53457  28.782  -23.316  49.559 0.0000000000
53448  29.040  -23.333  49.512 0.0000000000
52544  28.946  -24.121  49.396 0.0000000000
52554  29.363  -24.468  49.217 0.0000000000
51597  29.063  -24.951  49.157 0.0000000000
54475  24.901  -22.073  44.777 0.0000000000
54459  25.050  -22.630  45.586 0.0000000000
54458  25.958  -22.744  45.865 0.0000000000
53486  26.624  -23.545  46.242 0.0000000000
122117  19.130  -12.156  40.576 0.0000000000
63334  17.719  -12.808  38.063 0.0000000000
64327  18.138  -12.241  38.597 0.0000000000
124317  18.177  -12.200  37.669 0.0000000000
129320  18.328  -12.338  36.904 0.0000000000
61364  16.492  -15.366  36.656 0.0000000000
62362  16.761  -14.637  36.586 0.0000000000
61380  16.827  -15.052  35.949 0.0000000000
62379  18.121  -14.652  34.940 0.0000000000
63357  17.857  -14.037  35.376 0.0000000000
63372  18.497  -13.920  34.780 0.0000000000
64365  18.739  -12.750  35.586 0.0000000000
63355  19.166  -13.102  34.738 0.0000000000
135821  19.155  -14.007  34.382 0.0000000000
60452  20.048  -15.929  34.882 0.0000000000
132260  20.374  -14.544  34.190 0.0000000000
55531  16.843  -20.944  37.639 0.0000000000
56530  17.719  -20.804  38.030 0.0000000000
56528  18.885  -20.034  38.333 0.0000000000
56539  18.242  -20.277  37.705 0.0000000000
57466  18.665  -19.666  37.406 0.0000000000
57481  18.415  -19.334  36.679 0.0000000000
56511  20.066  -20.025  39.856 0.0000000000
57433  20.478  -19.406  39.629 0.0000000000
58451  20.530  -18.492  38.609 0.0000000000
58464  19.617  -18.605  37.521 0.0000000000
58476  19.898  -17.876  37.236 0.0000000000
59510  20.585  -17.522  37.593 0.0000000000
60415  21.681  -16.452  37.492 0.0000000000
60414  22.360  -15.989  37.785 0.0000000000
61349  22.846  -15.483  37.242 0.0000000000
60374  22.544  -16.599  40.093 0.0000000000
60373  23.325  -15.946  40.223 0.0000000000
61302  24.065  -15.629  40.161 0.0000000000
59454  22.835  -17.555  42.296 0.0000000000
60345  24.538  -16.723  43.246 0.0000000000
133393  24.066  -16.616  42.697 0.0000000000
123826  24.732  -16.177  42.541 0.0000000000
123185  25.427  -16.236  43.141 0.0000000000
136480  26.577  -16.939  45.999 0.0000000000
60310  27.162  -16.977  46.335 0.0000000000
60309  28.248  -16.847  46.257 0.0000000000
133159  3.401  3.487  62.255 0.0000000000
118390  3.607  2.920  61.506 0.0000000000
81417  3.156  5.714  61.305 0.0000000000
80544  2.813  4.837  61.094 0.0000000000
81423  2.844  6.657  59.801 0.0000000000
82320  3.523  7.282  59.479 0.0000000000
83154  4.558  9.019  62.156 0.0000000000
82312  4.120  8.151  61.893 0.0000000000
83159  4.392  8.903  61.485 0.0000000000
83187  4.766  8.297  58.420 0.0000000000
52509  0.054  -24.612  54.869 0.0000000000
126706  0.100  -22.545  54.151 0.0000000000
54388  -0.040  -22.640  53.201 0.0000000000
54381  -0.045  -21.965  53.640 0.0000000000
58280  0.926  -19.116  55.783 0.0000000000
57284  0.356  -19.978  55.449 0.0000000000
57292  0.452  -19.271  55.278 0.0000000000
58298  -0.042  -18.642  53.654 0.0000000000
123102  -0.210  -19.269  54.046 0.0000000000
57300  -0.385  -19.412  53.343 0.0000000000
119572  -0.336  -20.835  52.418 0.0000000000
57306  -0.389  -19.733  52.349 0.0000000000
56383  -0.236  -20.418  51.516 0.0000000000
59369  0.816  -17.505  52.286 0.0000000000
121678  0.170  -18.838  51.430 0.0000000000
59375  0.749  -17.963  51.456 0.0000000000
59374  1.220  -17.169  51.680 0.0000000000
61168  4.754  -16.006  58.446 0.0000000000
138480  4.575  -15.371  58.810 0.0000000000
137505  3.508  -14.409  57.179 0.0000000000
123594  3.392  -15.212  57.389 0.0000000000
62135  3.296  -14.790  56.656 0.0000000000
62136  2.912  -15.367  56.057 0.0000000000
62142  3.389  -14.474  55.848 0.0000000000
130327  4.555  -12.060  56.845 0.0000000000
62149  3.519  -14.151  54.646 0.0000000000
63140  3.673  -13.838  55.383 0.0000000000
62150  3.049  -15.033  54.383 0.0000000000
62159  2.767  -14.901  53.507 0.0000000000
61193  2.264  -15.348  53.203 0.0000000000
62186  2.115  -14.877  51.879 0.0000000000
61209  1.654  -15.497  50.847 0.0000000000
61215  1.736  -15.539  49.953 0.0000000000
62215  1.821  -14.929  50.280 0.0000000000
63198  3.118  -13.180  50.412 0.0000000000
63221  2.632  -13.666  50.173 0.0000000000
129577  2.931  -13.748  49.227 0.0000000000
131076  2.966  -13.706  48.396 0.0000000000
63220  3.463  -13.092  49.279 0.0000000000
66081  5.696  -10.163  52.777 0.0000000000
65117  5.436  -11.087  52.014 0.0000000000
66093  5.544  -10.303  51.602 0.0000000000
66120  4.086  -10.210  49.530 0.0000000000
66108  4.677  -10.412  49.967 0.0000000000
65142  3.520  -11.665  48.448 0.0000000000
66127  3.042  -10.750  48.381 0.0000000000
128886  2.138  -10.624  47.792 0.0000000000
127584  2.276  -10.006  48.073 0.0000000000
68004  2.530  -8.231  48.420 0.0000000000
67069  2.295  -9.212  48.075 0.0000000000
68019  2.416  -8.619  47.731 0.0000000000
68925  2.716  -8.090  47.336 0.0000000000
69762  2.849  -7.054  48.332 0.0000000000
70603  3.600  -5.443  49.648 0.0000000000
70613  3.641  -5.856  49.042 0.0000000000
70602  4.193  -5.512  49.449 0.0000000000
70601  4.559  -5.324  49.944 0.0000000000
137367  3.650  -4.837  53.047 0.0000000000
71481  3.007  -4.704  51.872 0.0000000000
128619  3.959  -4.680  53.016 0.0000000000
71478  5.188  -4.721  52.496 0.0000000000
71491  5.848  -5.091  52.041 0.0000000000
118135  6.794  -4.698  52.438 0.0000000000
71490  6.990  -5.061  51.928 0.0000000000
72376  7.104  -4.185  52.954 0.0000000000
73273  8.363  -2.837  54.478 0.0000000000
73283  8.939  -2.783  53.820 0.0000000000
71424  3.491  -4.977  58.989 0.0000000000
71430  3.386  -4.766  58.349 0.0000000000
72306  3.996  -4.469  58.938 0.0000000000
72314  5.427  -3.912  58.877 0.0000000000
72315  4.536  -3.978  58.531 0.0000000000
132192  5.316  -3.759  58.223 0.0000000000
72327  5.788  -3.646  57.600 0.0000000000
74067  7.643  -1.532  60.944 0.0000000000
120633  7.127  -2.776  60.645 0.0000000000
73233  7.660  -2.218  60.423 0.0000000000
74088  8.634  -1.760  58.838 0.0000000000
73244  8.200  -2.502  58.564 0.0000000000
115978  8.268  -2.728  57.842 0.0000000000
73253  7.794  -3.090  57.292 0.0000000000
73252  8.665  -2.597  57.126 0.0000000000
73262  8.708  -2.671  56.182 0.0000000000
74095  9.320  -1.856  57.400 0.0000000000
74942  10.260  -0.065  56.522 0.0000000000
74099  10.075  -0.917  56.229 0.0000000000
126283  10.508  -0.325  55.742 0.0000000000
132766  10.706  -0.570  54.910 0.0000000000
74946  10.920  0.266  55.240 0.0000000000
75833  11.130  0.856  54.665 0.0000000000
75825  10.765  1.135  55.405 0.0000000000
77711  9.980  2.481  55.062 0.0000000000
121069  8.899  2.839  54.897 0.0000000000
77693  6.590  2.441  57.792 0.0000000000
77692  7.745  2.503  57.453 0.0000000000
77702  6.994  2.707  56.892 0.0000000000
121222  5.610  2.662  54.803 0.0000000000
77729  7.217  2.675  53.902 0.0000000000
77730  5.938  2.550  53.812 0.0000000000
62260  36.063  -14.660  44.214 0.0000000000
61245  36.259  -15.175  46.109 0.0000000000
60318  36.963  -16.976  45.447 0.0000000000
135436  36.892  -17.094  45.971 0.0000000000
137841  37.184  -16.600  46.516 0.0000000000
59402  37.285  -17.045  45.976 0.0000000000
58401  37.394  -19.026  43.221 0.0000000000
58393  37.311  -18.079  43.674 0.0000000000
58384  38.195  -19.088  45.105 0.0000000000
58376  37.942  -18.222  45.401 0.0000000000
59401  37.860  -17.432  45.693 0.0000000000
59427  38.596  -17.541  45.075 0.0000000000
60329  39.157  -16.898  44.624 0.0000000000
59426  39.608  -17.216  44.373 0.0000000000
136193  40.450  -17.866  43.442 0.0000000000
59437  40.606  -17.217  43.420 0.0000000000
128212  40.723  -16.799  43.150 0.0000000000
59449  40.786  -17.464  42.899 0.0000000000
53547  36.159  -24.010  41.442 0.0000000000
53534  36.842  -23.416  41.597 0.0000000000
53546  37.347  -23.909  41.687 0.0000000000
54518  40.177  -23.083  41.800 0.0000000000
53520  39.147  -23.523  42.637 0.0000000000
137209  39.838  -22.903  42.780 0.0000000000
54494  39.196  -22.337  43.625 0.0000000000
55495  41.337  -21.618  39.999 0.0000000000
55494  41.795  -21.034  40.182 0.0000000000
56486  41.972  -20.867  41.007 0.0000000000
136907  41.614  -21.298  41.119 0.0000000000
56474  40.767  -21.194  42.440 0.0000000000
116439  40.892  -19.370  42.578 0.0000000000
57401  41.427  -19.734  41.981 0.0000000000
59468  41.762  -18.606  40.946 0.0000000000
59469  40.882  -18.012  41.257 0.0000000000
60359  40.363  -17.065  41.536 0.0000000000
60397  41.497  -16.499  39.317 0.0000000000
123533  41.546  -16.004  38.874 0.0000000000
61326  42.335  -15.512  38.721 0.0000000000
60378  46.104  -17.255  39.091 0.0000000000
60379  45.412  -17.328  39.404 0.0000000000
64346  46.352  -12.297  36.196 0.0000000000
64361  46.624  -12.344  35.779 0.0000000000
63346  46.293  -12.852  35.400 0.0000000000
62382  43.977  -13.739  34.971 0.0000000000
120626  44.991  -13.266  34.088 0.0000000000
63379  45.591  -13.018  33.718 0.0000000000
63391  45.603  -12.760  32.764 0.0000000000
64403  43.066  -12.495  31.478 0.0000000000
64402  43.988  -12.424  30.894 0.0000000000
64409  43.088  -12.496  30.387 0.0000000000
63423  43.172  -12.974  29.490 0.0000000000
60437  39.858  -16.238  35.523 0.0000000000
60450  39.407  -16.011  34.903 0.0000000000
118916  39.784  -14.457  33.756 0.0000000000
62404  39.418  -13.883  33.190 0.0000000000
63396  39.952  -13.211  32.517 0.0000000000
129113  40.222  -12.600  30.933 0.0000000000
117774  40.767  -12.648  31.226 0.0000000000
63426  40.147  -12.614  29.965 0.0000000000
63448  40.939  -13.620  28.703 0.0000000000
75267  55.207  -0.369  20.364 0.0000000000
125620  54.692  -1.490  21.282 0.0000000000
74390  55.059  -2.369  21.189 0.0000000000
121796  55.223  -2.401  20.523 0.0000000000
73527  55.055  -3.115  21.668 0.0000000000
71420  9.438  -4.766  59.681 0.0000000000
70529  9.453  -5.372  58.968 0.0000000000
44988  0.881  -33.323  50.985 0.0000000000
43960  -0.179  -32.626  52.806 0.0000000000
43971  -0.206  -33.163  52.119 0.0000000000
43972  -0.561  -33.014  52.103 0.0000000000
43961  -0.458  -32.418  52.678 0.0000000000
44969  -0.782  -31.994  53.077 0.0000000000
46915  -0.022  -30.721  55.047 0.0000000000
117596  -0.424  -31.179  54.348 0.0000000000
47904  -0.276  -29.984  54.883 0.0000000000
129274  -0.241  -29.271  55.213 0.0000000000
44999  13.557  -32.969  48.254 0.0000000000
44011  13.338  -33.466  48.185 0.0000000000
45970  13.057  -32.322  47.842 0.0000000000
129333  11.718  -30.653  47.806 0.0000000000
45022  12.071  -31.842  46.971 0.0000000000
45997  11.604  -31.593  46.645 0.0000000000
45998  10.503  -31.857  45.881 0.0000000000
46987  10.532  -30.652  46.882 0.0000000000
47916  10.485  -29.373  52.219 0.0000000000
46939  10.027  -29.835  50.824 0.0000000000
115906  8.331  -30.552  49.143 0.0000000000
115930  9.142  -30.318  48.820 0.0000000000
46974  8.485  -30.393  48.266 0.0000000000
46989  8.634  -30.403  47.311 0.0000000000
46990  7.761  -30.471  47.713 0.0000000000
136712  7.454  -30.503  47.052 0.0000000000
46975  7.092  -30.781  48.468 0.0000000000
121943  6.908  -31.126  50.752 0.0000000000
46964  6.731  -31.160  49.344 0.0000000000
128463  6.348  -31.262  50.135 0.0000000000
53400  7.669  -24.016  54.916 0.0000000000
52487  8.596  -24.916  56.277 0.0000000000
52497  7.479  -24.595  55.147 0.0000000000
51531  7.955  -25.837  55.737 0.0000000000
50681  7.087  -26.585  55.213 0.0000000000
131322  7.342  -27.021  55.147 0.0000000000
49770  7.190  -26.706  55.232 0.0000000000
51564  5.336  -25.743  53.297 0.0000000000
126303  5.152  -28.536  55.426 0.0000000000
48882  5.645  -28.543  55.332 0.0000000000
47892  6.243  -28.602  55.122 0.0000000000
47911  6.802  -29.600  53.884 0.0000000000
46912  6.024  -29.778  54.221 0.0000000000
46922  5.476  -30.389  53.682 0.0000000000
45935  4.852  -30.853  53.002 0.0000000000
45943  4.275  -31.215  52.361 0.0000000000
46906  3.286  -30.402  56.256 0.0000000000
45929  3.329  -31.681  54.966 0.0000000000
45918  2.930  -31.204  55.794 0.0000000000
45919  2.105  -31.348  55.948 0.0000000000
46894  2.107  -30.116  56.681 0.0000000000
49782  2.547  -27.206  56.980 0.0000000000
49771  2.651  -28.092  56.832 0.0000000000
122231  1.649  -27.635  57.995 0.0000000000
48858  1.472  -28.398  57.631 0.0000000000
46886  1.455  -29.634  56.774 0.0000000000
47872  1.321  -29.028  57.145 0.0000000000
47884  0.900  -29.549  56.745 0.0000000000
48859  0.923  -28.673  57.543 0.0000000000
50671  0.364  -25.857  58.363 0.0000000000
49774  -0.021  -27.682  57.387 0.0000000000
50672  -0.045  -26.750  57.499 0.0000000000
51545  -0.047  -25.226  56.670 0.0000000000
138529  0.991  -22.947  56.488 0.0000000000
53402  0.788  -23.466  56.533 0.0000000000
55375  2.478  -21.320  55.716 0.0000000000
116863  2.355  -20.626  55.691 0.0000000000
57278  2.206  -19.762  55.598 0.0000000000
119231  2.004  -19.065  55.743 0.0000000000
57277  2.786  -18.947  55.533 0.0000000000
125432  4.716  -17.595  56.010 0.0000000000
138678  5.163  -17.086  56.261 0.0000000000
59333  4.766  -17.179  56.550 0.0000000000
59368  4.808  -17.936  51.206 0.0000000000
58313  4.414  -18.470  51.853 0.0000000000
59367  5.426  -17.415  51.722 0.0000000000
61197  6.328  -15.637  52.518 0.0000000000
118938  5.986  -16.563  52.645 0.0000000000
120722  6.181  -16.169  53.211 0.0000000000
60262  5.850  -16.911  53.549 0.0000000000
64151  7.739  -12.842  52.517 0.0000000000
64137  7.932  -12.535  53.385 0.0000000000
130425  7.299  -14.129  54.697 0.0000000000
62156  7.187  -14.142  54.005 0.0000000000
62148  6.948  -14.811  54.680 0.0000000000
61187  6.510  -15.533  54.319 0.0000000000
61182  6.522  -15.626  55.265 0.0000000000
62133  7.290  -14.441  57.025 0.0000000000
62134  6.862  -15.109  56.635 0.0000000000
62127  6.973  -15.219  57.604 0.0000000000
62126  7.532  -14.544  58.109 0.0000000000
64094  9.462  -12.186  59.474 0.0000000000
66043  10.469  -10.087  57.266 0.0000000000
66036  10.952  -10.528  58.324 0.0000000000
66976  11.088  -10.210  59.124 0.0000000000
122410  10.444  -10.330  59.625 0.0000000000
66026  9.938  -10.757  59.928 0.0000000000
67915  10.169  -9.295  60.186 0.0000000000
69669  10.205  -7.220  59.274 0.0000000000
68818  9.850  -7.736  59.819 0.0000000000
56490  26.806  -19.978  41.525 0.0000000000
57406  26.825  -19.640  41.017 0.0000000000
57341  30.305  -19.314  47.434 0.0000000000
57340  30.698  -19.824  47.751 0.0000000000
53474  32.116  -23.286  47.929 0.0000000000
55410  32.055  -21.790  47.951 0.0000000000
129704  32.389  -23.225  47.150 0.0000000000
54455  32.471  -22.402  46.677 0.0000000000
121569  32.445  -23.949  46.702 0.0000000000
50743  31.493  -26.024  48.116 0.0000000000
65243  19.627  -11.683  40.283 0.0000000000
65242  20.312  -11.101  39.891 0.0000000000
66211  20.997  -10.577  39.938 0.0000000000
66210  21.597  -10.308  40.311 0.0000000000
66218  22.188  -9.821  39.808 0.0000000000
136445  22.012  -10.205  36.297 0.0000000000
115411  21.921  -9.890  37.053 0.0000000000
67176  22.678  -9.540  37.362 0.0000000000
67162  23.487  -9.035  38.626 0.0000000000
67138  26.072  -8.628  40.366 0.0000000000
117628  27.163  -9.047  41.839 0.0000000000
62359  24.219  -14.525  36.047 0.0000000000
62375  24.697  -13.898  34.769 0.0000000000
64372  26.206  -12.534  34.475 0.0000000000
64373  25.312  -12.537  34.382 0.0000000000
65304  26.117  -10.981  34.943 0.0000000000
117451  26.826  -10.991  35.158 0.0000000000
133886  28.595  -12.546  34.958 0.0000000000
131297  27.872  -12.843  34.685 0.0000000000
66247  28.152  -10.664  36.669 0.0000000000
65283  28.023  -11.222  35.842 0.0000000000
137966  27.734  -10.702  36.212 0.0000000000
66248  27.454  -10.234  36.544 0.0000000000
67171  27.253  -9.460  37.941 0.0000000000
66226  28.025  -9.762  38.108 0.0000000000
67146  29.114  -9.710  40.004 0.0000000000
67147  28.390  -9.444  39.704 0.0000000000
116854  31.454  -12.607  39.029 0.0000000000
65248  31.161  -11.990  39.522 0.0000000000
64317  31.724  -12.376  39.792 0.0000000000
65233  32.138  -11.601  41.655 0.0000000000
64287  32.645  -11.660  42.417 0.0000000000
64285  34.771  -12.999  42.690 0.0000000000
138039  34.620  -12.749  43.482 0.0000000000
63262  35.508  -13.788  44.377 0.0000000000
63276  35.247  -13.704  42.658 0.0000000000
62273  35.406  -14.775  41.351 0.0000000000
61282  35.913  -15.453  41.670 0.0000000000
61329  34.748  -15.901  38.708 0.0000000000
59483  35.620  -17.143  38.990 0.0000000000
60384  35.177  -16.289  39.110 0.0000000000
138740  36.483  -17.634  40.373 0.0000000000
57442  35.655  -19.637  38.311 0.0000000000
57441  35.984  -19.524  38.943 0.0000000000
123897  36.118  -20.365  39.349 0.0000000000
56520  35.568  -20.677  38.823 0.0000000000
58462  31.963  -18.693  37.737 0.0000000000
59507  32.257  -18.132  36.741 0.0000000000
57426  31.204  -18.953  39.065 0.0000000000
58449  31.545  -18.897  38.735 0.0000000000
57458  34.566  -19.692  37.401 0.0000000000
55514  33.651  -21.734  38.604 0.0000000000
55512  34.520  -21.811  38.877 0.0000000000
56508  35.233  -21.367  39.006 0.0000000000
55499  34.679  -22.716  39.196 0.0000000000
54563  33.856  -23.203  38.735 0.0000000000
53565  33.462  -23.049  38.238 0.0000000000
53571  33.610  -23.548  37.762 0.0000000000
55529  31.165  -20.931  37.721 0.0000000000
55545  31.779  -21.341  36.214 0.0000000000
54592  32.944  -22.098  35.425 0.0000000000
55558  31.903  -21.157  35.201 0.0000000000
71419  10.043  -4.008  59.937 0.0000000000
71410  10.203  -3.741  60.772 0.0000000000
118137  10.645  -3.390  60.399 0.0000000000
73231  11.643  -2.270  61.069 0.0000000000
74053  11.428  -1.183  62.243 0.0000000000
74917  11.867  -0.679  62.113 0.0000000000
114949  12.398  0.768  61.580 0.0000000000
75795  13.046  0.263  61.619 0.0000000000
114784  11.328  0.227  61.988 0.0000000000
76704  11.382  1.245  61.513 0.0000000000
51567  0.097  -25.247  53.634 0.0000000000
120314  0.590  -26.018  53.324 0.0000000000
51577  0.447  -25.185  52.973 0.0000000000
50722  1.033  -26.518  51.950 0.0000000000
48902  0.904  -28.136  50.739 0.0000000000
49807  1.400  -27.189  50.391 0.0000000000
49827  2.130  -27.407  48.421 0.0000000000
126819  1.519  -20.101  46.877 0.0000000000
134251  1.168  -20.456  47.541 0.0000000000
56432  0.663  -20.687  46.879 0.0000000000
54493  0.375  -22.161  44.983 0.0000000000
54484  0.088  -22.366  45.814 0.0000000000
53502  0.537  -22.675  45.521 0.0000000000
53501  0.697  -23.126  45.895 0.0000000000
52602  1.184  -23.285  44.679 0.0000000000
137344  1.106  -22.893  42.970 0.0000000000
53529  0.628  -23.492  42.282 0.0000000000
68904  3.900  -7.242  47.482 0.0000000000
68035  3.961  -8.321  46.547 0.0000000000
68923  4.365  -7.635  46.848 0.0000000000
68902  5.818  -7.384  47.207 0.0000000000
68922  5.313  -7.635  46.662 0.0000000000
68921  6.237  -7.584  46.442 0.0000000000
70599  8.575  -5.847  49.756 0.0000000000
69733  8.032  -6.542  49.280 0.0000000000
70612  8.892  -6.161  48.856 0.0000000000
118219  8.641  -6.660  47.092 0.0000000000
69778  8.036  -7.092  45.840 0.0000000000
69777  8.723  -6.496  45.453 0.0000000000
70635  9.488  -4.921  45.664 0.0000000000
70644  9.190  -5.695  45.104 0.0000000000
130754  9.393  -5.654  43.614 0.0000000000
70653  9.435  -4.980  43.908 0.0000000000
75874  11.822  0.519  51.506 0.0000000000
123207  11.635  -0.295  51.373 0.0000000000
75887  12.077  0.100  50.681 0.0000000000
75006  12.545  -0.395  48.349 0.0000000000
74995  12.038  -1.231  49.343 0.0000000000
75007  12.239  -1.204  48.593 0.0000000000
73326  11.581  -2.578  48.408 0.0000000000
74161  11.999  -1.918  48.037 0.0000000000
74182  10.942  -2.128  45.426 0.0000000000
74171  10.878  -2.443  46.098 0.0000000000
73345  11.222  -2.435  46.693 0.0000000000
73346  10.549  -2.841  46.337 0.0000000000
61224  36.502  -15.715  47.127 0.0000000000
121456  36.304  -15.021  47.542 0.0000000000
62227  36.913  -14.860  47.513 0.0000000000
64223  37.456  -12.596  46.242 0.0000000000
63246  37.153  -13.336  47.058 0.0000000000
65159  37.516  -11.598  46.492 0.0000000000
64256  40.928  -13.065  44.278 0.0000000000
63252  39.876  -13.371  44.767 0.0000000000
64306  38.161  -12.817  40.985 0.0000000000
134718  51.872  -3.868  25.225 0.0000000000
72610  53.265  -3.775  24.793 0.0000000000
72611  52.186  -3.583  24.619 0.0000000000
73509  53.978  -3.020  23.196 0.0000000000
71733  54.736  -4.186  22.980 0.0000000000
71739  54.871  -4.070  22.349 0.0000000000
72648  55.043  -3.658  21.592 0.0000000000
71740  54.863  -4.079  21.781 0.0000000000
66280  45.406  -10.458  34.989 0.0000000000
66279  46.438  -10.567  35.369 0.0000000000
67201  47.541  -10.154  34.752 0.0000000000
67216  47.185  -9.475  34.414 0.0000000000
68117  47.549  -8.951  33.842 0.0000000000
64390  48.090  -11.816  31.946 0.0000000000
65336  48.556  -11.273  33.445 0.0000000000
65345  48.674  -11.380  32.448 0.0000000000
67226  49.534  -9.791  32.501 0.0000000000
68124  48.909  -8.664  32.907 0.0000000000
68123  49.537  -9.129  32.425 0.0000000000
68136  48.864  -8.099  32.308 0.0000000000
68135  50.016  -8.748  31.755 0.0000000000
68149  51.121  -8.432  30.612 0.0000000000
69036  50.563  -8.236  31.264 0.0000000000
69045  51.613  -7.907  30.007 0.0000000000
137860  48.525  -8.726  27.231 0.0000000000
67287  48.310  -9.565  27.924 0.0000000000
115418  48.966  -9.307  28.190 0.0000000000
67281  49.559  -9.344  28.599 0.0000000000
133802  49.474  -8.946  28.095 0.0000000000
68191  51.319  -7.605  27.896 0.0000000000
126242  50.933  -8.131  28.317 0.0000000000
69066  51.944  -7.378  28.596 0.0000000000
69077  51.915  -7.229  27.975 0.0000000000
69076  52.329  -6.760  28.098 0.0000000000
69935  52.250  -6.659  27.408 0.0000000000
69964  51.902  -6.466  25.969 0.0000000000
70808  53.227  -5.625  25.599 0.0000000000
69976  52.675  -5.887  25.475 0.0000000000
69985  49.854  -5.757  23.978 0.0000000000
70843  51.096  -5.418  23.474 0.0000000000
70841  53.162  -5.540  24.058 0.0000000000
70852  53.686  -5.164  23.456 0.0000000000
136341  52.494  -4.149  21.243 0.0000000000
71748  52.982  -3.826  20.742 0.0000000000
134441  16.705  -24.840  47.719 0.0000000000
52546  17.134  -24.265  49.681 0.0000000000
52556  17.178  -24.150  48.908 0.0000000000
52568  16.789  -24.548  48.490 0.0000000000
53459  19.208  -22.870  49.860 0.0000000000
53460  18.477  -23.193  49.285 0.0000000000
53498  17.843  -23.521  45.364 0.0000000000
53490  17.887  -23.619  46.301 0.0000000000
71403  8.784  -3.600  63.076 0.0000000000
72281  9.073  -2.792  63.358 0.0000000000
72286  10.126  -2.605  62.392 0.0000000000
69661  8.323  -6.740  61.126 0.0000000000
71404  8.311  -4.515  63.044 0.0000000000
60267  11.608  -16.355  52.472 0.0000000000
131337  12.221  -16.613  53.791 0.0000000000
60260  12.030  -16.784  53.093 0.0000000000
59362  12.001  -17.551  52.954 0.0000000000
58295  12.303  -18.280  53.550 0.0000000000
59396  10.212  -16.926  47.044 0.0000000000
60301  10.219  -16.273  47.560 0.0000000000
61212  10.596  -15.654  48.839 0.0000000000
61207  10.745  -15.484  49.657 0.0000000000
118375  10.957  -16.096  51.235 0.0000000000
59430  30.288  -18.204  44.514 0.0000000000
58377  30.316  -18.476  44.940 0.0000000000
57351  30.691  -19.267  45.887 0.0000000000
61257  28.034  -15.757  44.528 0.0000000000
61256  28.633  -15.711  44.113 0.0000000000
61264  29.645  -16.562  43.592 0.0000000000
137537  29.816  -16.866  44.169 0.0000000000
115687  30.151  -17.678  44.616 0.0000000000
47912  -0.526  -29.881  53.700 0.0000000000
48896  -0.001  -28.785  52.826 0.0000000000
49796  0.552  -27.932  52.831 0.0000000000
66143  0.752  -9.965  46.187 0.0000000000
65191  0.680  -10.691  45.655 0.0000000000
66171  1.070  -10.570  45.154 0.0000000000
65208  1.394  -11.341  44.622 0.0000000000
64280  1.802  -12.078  44.011 0.0000000000
65207  2.372  -11.559  44.486 0.0000000000
65206  4.189  -11.835  44.804 0.0000000000
65318  41.740  -11.269  34.898 0.0000000000
67219  44.265  -9.707  33.108 0.0000000000
67218  45.289  -9.517  33.663 0.0000000000
74394  55.199  -2.051  19.024 0.0000000000
127566  55.242  -1.752  18.326 0.0000000000
53491  9.585  -23.397  45.794 0.0000000000
137024  10.210  -23.367  45.367 0.0000000000
53499  10.572  -23.693  44.951 0.0000000000
55507  13.638  -21.696  39.645 0.0000000000
56515  13.739  -20.115  39.565 0.0000000000
57435  14.162  -19.398  39.275 0.0000000000
58442  14.559  -18.687  39.034 0.0000000000
58452  14.817  -18.555  38.254 0.0000000000
59498  15.203  -17.891  38.041 0.0000000000
46889  15.566  -30.575  55.435 0.0000000000
50752  11.304  -26.855  48.453 0.0000000000
50741  10.736  -26.437  49.058 0.0000000000
50753  10.586  -26.451  48.285 0.0000000000
51614  9.448  -25.435  47.838 0.0000000000
52577  8.894  -24.575  47.749 0.0000000000
133168  19.219  -29.133  56.702 0.0000000000
46899  17.225  -31.289  55.394 0.0000000000
56437  24.898  -19.385  45.388 0.0000000000
56447  25.164  -20.423  44.931 0.0000000000
55440  25.575  -21.330  45.133 0.0000000000
59511  15.535  -17.692  37.257 0.0000000000
58465  15.172  -18.455  37.529 0.0000000000
56480  22.303  -20.455  42.291 0.0000000000
57382  23.286  -19.318  43.065 0.0000000000
133180  4.355  2.514  59.239 0.0000000000
77678  4.012  2.698  59.566 0.0000000000
119409  3.640  3.089  60.051 0.0000000000
124864  6.667  7.730  61.875 0.0000000000
82310  6.516  8.403  62.266 0.0000000000
83146  6.920  9.176  62.400 0.0000000000
59335  3.302  -17.339  56.896 0.0000000000
60235  3.634  -16.850  57.293 0.0000000000
61173  3.314  -16.196  57.376 0.0000000000
67932  3.438  -8.782  57.983 0.0000000000
66985  3.829  -9.128  57.566 0.0000000000
67940  3.469  -8.579  57.444 0.0000000000
66994  3.901  -8.911  57.110 0.0000000000
67950  4.141  -8.399  55.811 0.0000000000
129511  3.826  -8.207  56.144 0.0000000000
131277  3.429  -7.073  55.393 0.0000000000
129262  3.239  -6.279  54.905 0.0000000000
70549  2.891  -5.443  54.633 0.0000000000
119910  2.814  -5.660  55.472 0.0000000000
71447  2.806  -4.531  56.269 0.0000000000
72342  3.146  -4.206  56.741 0.0000000000
75791  5.152  0.064  62.901 0.0000000000
124639  6.024  0.224  62.038 0.0000000000
76708  5.610  1.076  61.339 0.0000000000
76725  4.817  2.304  60.176 0.0000000000
138249  36.841  -20.076  40.749 0.0000000000
57403  37.137  -19.820  41.400 0.0000000000
57454  40.898  -19.390  38.120 0.0000000000
58455  42.816  -18.453  38.205 0.0000000000
59504  44.177  -18.008  38.016 0.0000000000
118739  42.647  -17.671  37.616 0.0000000000
61356  42.810  -15.611  36.348 0.0000000000
118074  41.386  -15.774  36.010 0.0000000000
61370  40.487  -15.675  35.410 0.0000000000
45010  3.560  -32.866  46.892 0.0000000000
44033  3.300  -33.793  46.745 0.0000000000
45000  3.256  -32.380  47.835 0.0000000000
44986  2.385  -32.334  50.198 0.0000000000
45959  2.985  -31.774  50.773 0.0000000000
122258  9.929  -27.548  56.817 0.0000000000
49767  9.085  -27.270  57.032 0.0000000000
53445  2.887  -23.327  51.349 0.0000000000
54399  2.738  -22.599  51.298 0.0000000000
53432  2.667  -23.529  52.362 0.0000000000
52531  2.599  -24.192  53.160 0.0000000000
52521  2.605  -24.701  53.900 0.0000000000
123708  2.469  -23.137  53.701 0.0000000000
55380  2.568  -21.592  53.711 0.0000000000
57305  3.639  -19.483  52.919 0.0000000000
57461  27.815  -19.597  37.850 0.0000000000
63369  21.768  -13.523  34.014 0.0000000000
129085  22.190  -12.614  34.003 0.0000000000
64374  23.741  -12.914  34.123 0.0000000000
61375  29.707  -15.007  35.389 0.0000000000
139004  30.834  -14.236  35.283 0.0000000000
63348  31.330  -13.752  35.666 0.0000000000
63341  31.663  -13.453  36.439 0.0000000000
62353  32.064  -14.222  35.938 0.0000000000
127348  32.666  -14.411  36.434 0.0000000000
62351  33.153  -14.930  36.469 0.0000000000
62352  32.619  -14.964  35.827 0.0000000000
134454  0.431  -20.138  50.291 0.0000000000
55408  0.732  -21.213  49.253 0.0000000000
56404  0.771  -20.461  49.576 0.0000000000
56419  0.817  -21.018  48.788 0.0000000000
55427  0.131  -21.498  47.364 0.0000000000
72374  9.175  -3.402  52.286 0.0000000000
72385  9.254  -3.934  51.561 0.0000000000
73301  10.285  -2.194  51.623 0.0000000000
74137  10.748  -1.721  51.061 0.0000000000
61270  40.491  -15.644  43.227 0.0000000000
62258  40.463  -14.897  43.540 0.0000000000
130817  39.730  -13.675  42.932 0.0000000000
71655  48.876  -4.670  28.446 0.0000000000
71654  49.837  -4.616  28.573 0.0000000000
130256  50.244  -4.541  27.939 0.0000000000
71666  51.283  -4.732  27.814 0.0000000000
128472  45.626  -12.747  30.180 0.0000000000
136626  46.054  -12.812  30.124 0.0000000000
62429  45.424  -13.186  28.943 0.0000000000
50785  12.214  -26.741  45.439 0.0000000000
50784  13.161  -26.719  45.165 0.0000000000
50789  13.662  -26.436  44.539 0.0000000000
52606  15.792  -24.975  43.492 0.0000000000
130835  16.010  -22.870  40.276 0.0000000000
50688  17.431  -26.115  55.324 0.0000000000
51601  15.691  -25.880  49.494 0.0000000000
52524  22.425  -24.940  50.642 0.0000000000
53421  22.367  -24.408  51.077 0.0000000000
53409  22.291  -24.258  51.842 0.0000000000
53413  19.123  -23.812  52.875 0.0000000000
52515  18.700  -24.295  53.298 0.0000000000
52504  18.804  -24.802  53.861 0.0000000000
51549  18.919  -25.144  54.847 0.0000000000
51538  18.118  -25.631  55.796 0.0000000000
54477  22.646  -22.506  45.181 0.0000000000
138558  22.223  -22.344  45.711 0.0000000000
54422  21.454  -22.208  49.124 0.0000000000
126384  22.717  -22.617  50.204 0.0000000000
53449  23.653  -23.682  50.371 0.0000000000
53434  23.021  -23.917  50.601 0.0000000000
52523  22.810  -24.492  50.530 0.0000000000
130197  16.835  -22.525  39.998 0.0000000000
54542  16.618  -22.775  40.718 0.0000000000
54491  19.096  -22.742  44.588 0.0000000000
132275  19.277  -22.613  43.803 0.0000000000
54490  19.853  -22.515  44.146 0.0000000000
117903  20.398  -22.431  43.761 0.0000000000
54499  21.131  -22.330  43.625 0.0000000000
127029  4.830  -0.315  64.829 0.0000000000
75782  4.563  0.242  64.490 0.0000000000
75781  5.025  0.430  64.840 0.0000000000
75780  5.915  0.599  64.754 0.0000000000
75783  9.085  -0.509  63.360 0.0000000000
75784  8.324  -0.031  63.593 0.0000000000
77664  7.717  2.890  62.014 0.0000000000
77663  8.530  2.582  61.636 0.0000000000
77671  9.044  3.186  60.881 0.0000000000
63116  8.162  -13.644  59.765 0.0000000000
64088  8.309  -12.871  60.248 0.0000000000
64080  7.776  -12.489  61.407 0.0000000000
64075  7.566  -12.022  61.988 0.0000000000
67903  6.451  -8.806  62.637 0.0000000000
66949  6.915  -9.751  62.350 0.0000000000
66951  5.285  -9.202  61.857 0.0000000000
66959  4.847  -9.343  61.417 0.0000000000
116267  3.609  -6.596  61.308 0.0000000000
69655  3.606  -6.350  62.664 0.0000000000
71397  5.824  -3.726  64.676 0.0000000000
71398  5.186  -3.892  64.695 0.0000000000
72279  5.364  -3.244  64.738 0.0000000000
138371  5.168  -2.920  64.720 0.0000000000
73218  5.167  -2.392  64.720 0.0000000000
52643  34.458  -24.522  38.337 0.0000000000
52634  34.777  -24.506  39.508 0.0000000000
52651  35.379  -24.927  37.366 0.0000000000
52661  36.308  -24.676  36.578 0.0000000000
44015  8.790  -33.044  48.733 0.0000000000
115297  7.928  -33.218  48.833 0.0000000000
45029  5.949  -32.992  45.945 0.0000000000
54395  7.593  -21.842  51.864 0.0000000000
55385  7.233  -21.536  51.255 0.0000000000
59397  6.207  -17.595  46.833 0.0000000000
59398  5.564  -17.855  47.332 0.0000000000
58344  4.661  -18.872  48.002 0.0000000000
57337  3.935  -20.315  48.800 0.0000000000
135095  4.381  -19.011  48.638 0.0000000000
59386  4.589  -18.273  48.676 0.0000000000
59385  5.026  -17.396  48.781 0.0000000000
60289  5.540  -16.649  49.369 0.0000000000
60288  5.950  -15.957  48.911 0.0000000000
62225  7.121  -14.717  48.998 0.0000000000
128256  11.360  -13.741  50.731 0.0000000000
63215  10.882  -13.344  49.796 0.0000000000
57391  29.428  -19.391  43.080 0.0000000000
55446  31.373  -21.558  45.077 0.0000000000
55447  30.666  -21.499  44.578 0.0000000000
54485  31.204  -22.179  44.562 0.0000000000
54496  31.395  -22.905  44.217 0.0000000000
61333  24.105  -15.260  38.887 0.0000000000
61347  24.299  -14.677  38.184 0.0000000000
62311  24.837  -14.713  39.013 0.0000000000
62310  25.751  -14.383  39.100 0.0000000000
62292  27.377  -14.841  40.603 0.0000000000
62308  27.623  -14.851  40.006 0.0000000000
61332  29.587  -15.468  38.797 0.0000000000
61312  30.330  -15.816  40.093 0.0000000000
60352  29.868  -17.143  42.799 0.0000000000
61232  2.705  -15.147  47.584 0.0000000000
128499  2.691  -16.087  47.749 0.0000000000
123543  2.899  -15.894  46.915 0.0000000000
61248  2.542  -15.709  46.056 0.0000000000
120241  0.429  -14.156  43.640 0.0000000000
119131  0.345  -14.975  43.890 0.0000000000
61269  0.363  -15.639  43.401 0.0000000000
60348  0.241  -16.217  43.001 0.0000000000
130071  0.221  -17.068  42.304 0.0000000000
58420  0.192  -18.948  41.545 0.0000000000
59466  0.229  -18.276  41.652 0.0000000000
58431  0.410  -18.797  41.240 0.0000000000
116448  0.956  -19.620  40.368 0.0000000000
57453  0.959  -19.966  40.067 0.0000000000
58454  1.294  -19.062  40.118 0.0000000000
59502  1.658  -18.933  39.581 0.0000000000
60408  1.855  -18.382  39.608 0.0000000000
62299  3.415  -15.741  41.209 0.0000000000
129492  3.717  -15.371  41.591 0.0000000000
117466  10.155  2.632  53.337 0.0000000000
77751  10.618  2.345  52.617 0.0000000000
117619  9.867  2.821  52.460 0.0000000000
77765  9.575  2.943  51.554 0.0000000000
69048  48.993  -6.896  31.480 0.0000000000
123859  12.782  -21.561  48.161 0.0000000000
56422  14.497  -20.862  47.183 0.0000000000
57354  14.912  -20.107  46.518 0.0000000000
51653  11.527  -25.134  43.493 0.0000000000
53517  11.423  -24.290  43.603 0.0000000000
130469  13.706  -20.012  42.051 0.0000000000
57397  13.857  -19.968  42.715 0.0000000000
57383  14.778  -19.723  43.880 0.0000000000
60389  16.105  -16.824  39.659 0.0000000000
60375  16.363  -16.724  40.489 0.0000000000
62295  17.288  -14.538  40.364 0.0000000000
44984  15.509  -33.265  50.689 0.0000000000
132161  13.228  -28.723  55.878 0.0000000000
46902  13.518  -29.168  55.083 0.0000000000
47888  13.091  -28.781  55.654 0.0000000000
47879  12.684  -28.355  56.199 0.0000000000
47880  12.224  -27.889  56.577 0.0000000000
50656  12.128  -26.579  57.057 0.0000000000
115204  15.076  -27.044  54.535 0.0000000000
49786  14.744  -27.177  55.400 0.0000000000
117457  13.669  -26.373  54.103 0.0000000000
115224  10.940  -25.519  51.964 0.0000000000
51573  11.602  -25.887  52.278 0.0000000000
51574  11.055  -25.350  52.679 0.0000000000
52505  11.094  -24.960  54.749 0.0000000000
52528  9.533  -23.931  52.974 0.0000000000
53440  9.142  -23.573  52.385 0.0000000000
138229  8.783  -21.871  47.039 0.0000000000
120139  8.549  -21.964  47.587 0.0000000000
56441  9.237  -20.175  46.672 0.0000000000
48891  22.082  -28.293  53.214 0.0000000000
47905  21.506  -29.038  52.965 0.0000000000
45922  20.332  -31.084  53.567 0.0000000000
45933  19.838  -31.362  53.166 0.0000000000
44960  19.552  -31.013  52.146 0.0000000000
43962  19.307  -31.990  50.993 0.0000000000
43039  18.704  -33.391  50.844 0.0000000000
42046  18.859  -34.251  50.991 0.0000000000
42025  18.495  -33.723  50.856 0.0000000000
44953  16.401  -30.989  52.430 0.0000000000
117610  16.814  -31.957  51.715 0.0000000000
43954  16.457  -33.164  51.085 0.0000000000
43965  16.152  -33.213  51.140 0.0000000000
44978  15.950  -33.322  51.204 0.0000000000
58351  27.813  -18.670  48.014 0.0000000000
59391  27.263  -18.139  47.591 0.0000000000
58337  27.509  -19.140  48.243 0.0000000000
57323  28.053  -19.930  48.420 0.0000000000
54434  28.147  -21.919  48.907 0.0000000000
53467  28.227  -22.722  48.564 0.0000000000
50769  28.556  -25.475  47.696 0.0000000000
64319  18.278  -12.405  39.518 0.0000000000
63335  17.348  -13.388  37.521 0.0000000000
61379  17.236  -15.695  35.412 0.0000000000
60455  17.977  -15.901  34.956 0.0000000000
61389  18.409  -15.338  34.699 0.0000000000
62389  19.588  -14.728  34.269 0.0000000000
61388  19.062  -15.415  34.445 0.0000000000
60442  20.413  -16.289  35.610 0.0000000000
55519  18.079  -21.198  38.674 0.0000000000
56513  18.762  -20.820  38.914 0.0000000000
57432  21.083  -19.034  40.048 0.0000000000
59497  20.860  -17.805  38.313 0.0000000000
59496  21.491  -17.293  38.824 0.0000000000
121625  22.207  -16.606  39.141 0.0000000000
59452  23.744  -17.188  43.214 0.0000000000
59432  24.750  -17.438  44.696 0.0000000000
60335  25.634  -16.869  44.684 0.0000000000
80552  3.659  5.424  56.992 0.0000000000
79625  3.291  4.379  62.684 0.0000000000
133742  3.513  6.514  61.579 0.0000000000
53403  0.502  -23.248  55.802 0.0000000000
54377  0.259  -22.316  54.810 0.0000000000
58290  0.204  -18.919  54.462 0.0000000000
58306  0.083  -18.071  53.075 0.0000000000
121646  0.991  -17.352  52.830 0.0000000000
62108  4.920  -13.841  59.867 0.0000000000
62121  4.161  -14.670  58.692 0.0000000000
63125  3.915  -13.777  58.315 0.0000000000
63130  3.756  -13.712  57.476 0.0000000000
64118  4.507  -12.224  55.401 0.0000000000
64119  4.161  -12.982  55.757 0.0000000000
63145  3.736  -13.773  54.125 0.0000000000
62171  2.570  -14.662  52.745 0.0000000000
63158  3.069  -14.240  53.068 0.0000000000
63172  2.877  -14.070  52.329 0.0000000000
63181  2.642  -13.854  51.615 0.0000000000
129140  2.127  -14.017  50.736 0.0000000000
63180  3.055  -13.286  51.194 0.0000000000
64176  3.706  -12.735  50.677 0.0000000000
67971  4.922  -8.393  52.327 0.0000000000
67032  5.271  -9.617  51.185 0.0000000000
67984  4.034  -8.548  50.700 0.0000000000
67053  3.458  -9.593  49.374 0.0000000000
67068  2.896  -9.763  48.644 0.0000000000
67992  2.600  -7.780  49.207 0.0000000000
68895  2.605  -7.364  48.701 0.0000000000
69750  2.704  -6.693  48.875 0.0000000000
70604  2.890  -5.456  50.081 0.0000000000
70590  3.593  -4.952  50.334 0.0000000000
71467  4.087  -4.465  53.757 0.0000000000
115083  4.597  -4.581  53.123 0.0000000000
72367  4.890  -4.347  53.963 0.0000000000
72366  6.484  -4.079  53.509 0.0000000000
72365  7.351  -3.672  53.639 0.0000000000
72356  7.591  -3.273  54.384 0.0000000000
73268  8.655  -2.590  55.307 0.0000000000
71421  4.314  -4.525  60.393 0.0000000000
72305  4.504  -4.435  59.596 0.0000000000
72303  5.976  -3.899  59.650 0.0000000000
74925  8.423  -0.793  59.844 0.0000000000
74066  8.132  -1.513  60.178 0.0000000000
74077  8.871  -0.945  59.113 0.0000000000
74087  9.283  -1.291  58.225 0.0000000000
123235  9.633  -1.174  57.471 0.0000000000
74933  9.599  -0.511  57.744 0.0000000000
74939  9.869  0.155  57.221 0.0000000000
75821  10.158  0.809  56.683 0.0000000000
76737  10.353  1.392  56.087 0.0000000000
75822  9.789  1.604  56.699 0.0000000000
77690  9.294  2.298  56.616 0.0000000000
77700  8.683  2.651  56.389 0.0000000000
135583  6.409  2.733  56.343 0.0000000000
116160  5.576  2.645  56.255 0.0000000000
77716  5.322  2.671  55.547 0.0000000000
77731  4.793  2.443  54.202 0.0000000000
61262  36.658  -16.294  44.104 0.0000000000
60341  36.825  -16.750  43.768 0.0000000000
59440  37.146  -17.454  44.277 0.0000000000
57377  37.937  -20.122  44.742 0.0000000000
120140  39.887  -18.353  43.821 0.0000000000
58392  40.544  -18.629  43.130 0.0000000000
52625  37.812  -24.365  41.054 0.0000000000
135666  38.274  -23.990  41.565 0.0000000000
53545  38.761  -24.048  40.801 0.0000000000
56496  43.517  -20.700  40.079 0.0000000000
56485  42.882  -20.500  40.540 0.0000000000
57400  42.194  -20.322  41.260 0.0000000000
58412  42.021  -19.600  41.498 0.0000000000
58422  42.528  -19.352  41.086 0.0000000000
59481  41.656  -17.829  40.411 0.0000000000
115195  42.870  -14.062  34.838 0.0000000000
63363  43.257  -13.634  34.107 0.0000000000
63381  43.607  -13.258  33.415 0.0000000000
115231  44.465  -12.784  32.405 0.0000000000
123906  43.070  -12.815  32.400 0.0000000000
64404  42.182  -12.485  30.990 0.0000000000
57310  12.999  -19.824  51.678 0.0000000000
44974  1.322  -32.577  52.517 0.0000000000
44967  0.211  -32.378  53.664 0.0000000000
45938  -0.437  -31.674  54.100 0.0000000000
44959  0.215  -31.610  54.727 0.0000000000
45921  0.392  -31.051  55.317 0.0000000000
45962  13.468  -31.438  49.271 0.0000000000
45971  12.967  -31.445  48.336 0.0000000000
132195  12.921  -30.881  49.160 0.0000000000
115832  12.277  -30.574  48.669 0.0000000000
46960  11.242  -30.107  48.697 0.0000000000
47924  8.921  -29.782  51.831 0.0000000000
46940  9.201  -29.991  51.054 0.0000000000
46941  8.438  -30.369  51.239 0.0000000000
46953  8.207  -30.744  49.958 0.0000000000
46963  7.554  -30.915  49.412 0.0000000000
46954  7.595  -31.020  50.351 0.0000000000
46943  6.744  -30.953  51.655 0.0000000000
53417  6.806  -23.297  54.041 0.0000000000
52518  6.448  -24.164  54.149 0.0000000000
51554  6.618  -24.955  54.637 0.0000000000
51543  6.303  -26.190  54.785 0.0000000000
50693  4.939  -26.899  54.042 0.0000000000
49787  4.739  -27.429  54.764 0.0000000000
47893  5.124  -29.126  55.606 0.0000000000
46904  4.845  -29.745  55.498 0.0000000000
46914  4.470  -30.440  55.087 0.0000000000
45928  4.018  -31.203  54.492 0.0000000000
46905  4.103  -30.108  55.992 0.0000000000
46892  3.497  -29.684  56.485 0.0000000000
139219  2.860  -29.453  56.660 0.0000000000
51544  2.306  -25.350  56.484 0.0000000000
50670  1.909  -26.571  57.840 0.0000000000
50660  1.535  -26.205  58.807 0.0000000000
49760  1.403  -26.903  58.675 0.0000000000
49761  0.919  -26.985  58.717 0.0000000000
50661  1.068  -26.082  59.057 0.0000000000
51526  0.825  -25.053  59.027 0.0000000000
51533  0.332  -25.052  58.035 0.0000000000
52499  0.398  -24.577  57.222 0.0000000000
52491  0.842  -24.712  58.291 0.0000000000
53397  1.164  -23.832  56.884 0.0000000000
54371  1.441  -22.917  56.541 0.0000000000
130962  3.069  -19.738  55.178 0.0000000000
137560  3.498  -19.277  55.292 0.0000000000
58278  3.648  -18.881  55.520 0.0000000000
61202  6.360  -15.426  51.588 0.0000000000
62184  6.626  -14.785  52.085 0.0000000000
121203  8.514  -11.470  53.964 0.0000000000
127334  7.801  -12.928  54.029 0.0000000000
64125  8.156  -12.198  54.211 0.0000000000
64126  7.858  -12.941  54.799 0.0000000000
63139  7.507  -13.719  55.302 0.0000000000
63134  7.566  -13.699  56.339 0.0000000000
64104  8.089  -13.144  57.649 0.0000000000
65058  9.781  -11.502  58.056 0.0000000000
66975  11.532  -9.175  58.079 0.0000000000
66969  11.397  -9.407  58.966 0.0000000000
67924  11.220  -8.850  59.347 0.0000000000
67925  10.718  -8.714  59.779 0.0000000000
68826  10.987  -7.439  59.054 0.0000000000
122558  30.735  -20.776  48.728 0.0000000000
55411  31.368  -21.039  48.303 0.0000000000
54432  31.431  -22.120  48.642 0.0000000000
53464  31.598  -23.154  48.525 0.0000000000
65261  19.379  -11.339  38.523 0.0000000000
65251  20.056  -10.917  38.893 0.0000000000
66229  20.632  -10.494  38.277 0.0000000000
66228  21.362  -10.132  38.577 0.0000000000
67184  23.566  -9.612  36.706 0.0000000000
117771  24.214  -8.858  38.025 0.0000000000
67161  24.290  -8.747  38.928 0.0000000000
115285  25.145  -8.611  39.180 0.0000000000
116438  26.019  -8.670  39.400 0.0000000000
67149  26.975  -8.841  39.658 0.0000000000
62374  25.738  -14.167  35.292 0.0000000000
63354  25.378  -13.860  34.805 0.0000000000
63353  26.143  -13.869  34.857 0.0000000000
63365  26.560  -13.309  34.592 0.0000000000
64371  27.042  -12.622  34.550 0.0000000000
65301  29.457  -12.168  35.957 0.0000000000
65302  28.787  -11.884  35.659 0.0000000000
65281  29.181  -11.631  36.473 0.0000000000
65268  28.866  -11.002  36.998 0.0000000000
66236  28.459  -10.361  37.531 0.0000000000
66225  28.711  -10.157  38.354 0.0000000000
66200  29.812  -9.908  41.126 0.0000000000
66208  29.772  -10.058  40.372 0.0000000000
66207  30.345  -10.375  40.892 0.0000000000
65234  30.915  -11.006  40.614 0.0000000000
64309  32.322  -12.698  40.100 0.0000000000
64286  33.587  -11.993  42.400 0.0000000000
64298  34.293  -12.598  42.002 0.0000000000
63285  34.789  -13.404  41.788 0.0000000000
62274  34.941  -14.111  41.177 0.0000000000
62288  34.900  -14.752  40.622 0.0000000000
58436  35.878  -18.012  39.112 0.0000000000
72310  11.138  -3.168  59.099 0.0000000000
72300  11.192  -3.032  60.022 0.0000000000
73236  11.773  -2.536  59.671 0.0000000000
73230  12.231  -2.024  60.587 0.0000000000
51586  0.646  -24.836  52.307 0.0000000000
51592  1.154  -25.184  50.768 0.0000000000
52571  0.971  -24.138  47.878 0.0000000000
51616  1.168  -24.859  48.577 0.0000000000
51615  1.505  -25.438  48.227 0.0000000000
57364  1.533  -19.833  45.453 0.0000000000
56444  -0.033  -20.786  46.102 0.0000000000
56451  0.217  -20.574  45.338 0.0000000000
123036  0.106  -21.530  44.846 0.0000000000
53510  0.822  -22.509  44.624 0.0000000000
69748  5.017  -6.435  48.765 0.0000000000
68903  4.821  -7.276  47.345 0.0000000000
69758  6.454  -7.211  47.901 0.0000000000
70611  9.556  -5.573  48.328 0.0000000000
70629  9.234  -6.153  46.837 0.0000000000
70628  9.635  -5.334  46.496 0.0000000000
76806  12.235  0.812  50.166 0.0000000000
75886  12.383  0.150  49.778 0.0000000000
75018  12.624  -0.227  47.623 0.0000000000
62239  37.346  -15.283  46.956 0.0000000000
63254  37.563  -13.599  46.067 0.0000000000
64243  37.947  -12.899  45.507 0.0000000000
65192  41.850  -11.899  43.891 0.0000000000
65175  41.429  -11.579  44.524 0.0000000000
72576  53.145  -4.562  26.142 0.0000000000
133260  54.247  -3.878  24.360 0.0000000000
116876  54.362  -3.687  23.859 0.0000000000
72608  54.313  -4.237  24.426 0.0000000000
127993  54.451  -4.659  24.090 0.0000000000
71726  54.545  -4.501  23.434 0.0000000000
66278  47.205  -10.701  35.313 0.0000000000
66277  47.801  -10.827  34.865 0.0000000000
66276  48.281  -10.567  34.293 0.0000000000
65350  49.185  -10.843  31.942 0.0000000000
65353  48.993  -10.830  30.993 0.0000000000
126377  49.523  -10.384  31.351 0.0000000000
66325  49.785  -9.974  31.738 0.0000000000
67244  50.264  -9.482  31.187 0.0000000000
67261  50.776  -9.113  30.393 0.0000000000
67272  50.677  -9.140  29.470 0.0000000000
118183  48.252  -8.521  26.841 0.0000000000
68201  49.115  -8.351  27.044 0.0000000000
68193  49.751  -8.501  27.661 0.0000000000
68200  50.109  -7.958  27.139 0.0000000000
69078  50.982  -7.519  27.283 0.0000000000
69092  51.399  -6.977  26.711 0.0000000000
69965  51.099  -6.484  25.408 0.0000000000
70860  51.077  -4.709  22.069 0.0000000000
71737  52.063  -4.786  22.313 0.0000000000
132052  14.463  -26.517  45.831 0.0000000000
50774  15.034  -26.219  46.123 0.0000000000
51633  15.606  -25.837  45.667 0.0000000000
51641  16.145  -25.327  45.203 0.0000000000
52598  15.954  -25.177  44.334 0.0000000000
52597  16.413  -24.518  43.961 0.0000000000
51570  17.223  -24.843  52.485 0.0000000000
52536  16.495  -24.965  50.858 0.0000000000
51588  16.030  -25.379  50.157 0.0000000000
51600  16.072  -25.135  49.343 0.0000000000
54383  21.145  -22.768  51.687 0.0000000000
53436  20.368  -22.786  51.781 0.0000000000
53450  19.293  -23.015  50.789 0.0000000000
53426  18.739  -23.667  52.249 0.0000000000
52525  18.073  -24.057  52.554 0.0000000000
51579  17.646  -24.345  52.327 0.0000000000
54463  20.651  -22.039  46.200 0.0000000000
54439  20.696  -21.999  48.470 0.0000000000
130707  21.238  -22.395  49.646 0.0000000000
131656  21.293  -22.530  50.449 0.0000000000
120949  17.342  -23.079  42.742 0.0000000000
139199  17.169  -23.420  43.226 0.0000000000
73215  7.290  -2.114  64.914 0.0000000000
74046  7.227  -1.333  64.922 0.0000000000
74045  7.914  -1.660  64.594 0.0000000000
73220  8.906  -2.195  63.805 0.0000000000
74905  8.875  -1.103  63.865 0.0000000000
75789  9.982  -0.691  62.866 0.0000000000
139200  10.221  -0.386  62.611 0.0000000000
66012  9.127  -10.283  61.025 0.0000000000
66013  8.734  -10.777  61.438 0.0000000000
138388  8.773  -10.340  61.394 0.0000000000
66957  8.216  -9.534  61.842 0.0000000000
68798  6.317  -7.915  63.235 0.0000000000
70504  6.551  -4.854  64.123 0.0000000000
122296  6.389  -4.190  64.499 0.0000000000
71396  6.656  -3.607  64.642 0.0000000000
72277  6.943  -2.908  64.856 0.0000000000
132978  33.438  -22.584  35.800 0.0000000000
53582  34.371  -23.429  36.153 0.0000000000
53595  33.951  -22.824  35.670 0.0000000000
43987  9.873  -33.320  50.341 0.0000000000
117616  9.119  -33.092  47.841 0.0000000000
44038  8.968  -33.121  46.247 0.0000000000
56428  7.234  -20.005  47.467 0.0000000000
58358  6.988  -18.816  46.643 0.0000000000
59415  6.933  -17.427  46.544 0.0000000000
60313  8.918  -16.634  46.618 0.0000000000
60314  8.165  -16.618  46.517 0.0000000000
60315  7.308  -16.647  46.568 0.0000000000
61239  7.747  -15.913  46.679 0.0000000000
60303  6.949  -16.008  46.868 0.0000000000
61230  7.430  -15.366  47.197 0.0000000000
62236  7.928  -14.747  47.546 0.0000000000
62222  9.892  -14.323  48.196 0.0000000000
62211  10.759  -14.024  49.206 0.0000000000
128149  10.660  -14.873  49.063 0.0000000000
62199  10.863  -14.608  49.795 0.0000000000
131832  11.061  -14.353  50.435 0.0000000000
58394  30.244  -18.455  43.588 0.0000000000
118825  30.378  -19.502  44.763 0.0000000000
53496  32.298  -23.162  45.301 0.0000000000
61288  25.859  -15.242  41.484 0.0000000000
61287  26.884  -14.907  41.641 0.0000000000
61286  27.515  -14.967  42.090 0.0000000000
62277  27.478  -14.905  41.400 0.0000000000
61284  29.601  -15.488  41.198 0.0000000000
61273  29.376  -15.644  41.890 0.0000000000
60342  29.906  -17.082  43.328 0.0000000000
58403  30.270  -18.044  43.256 0.0000000000
63245  1.854  -12.752  46.845 0.0000000000
131057  1.612  -13.272  46.525 0.0000000000
124536  1.021  -12.666  46.282 0.0000000000
63258  0.351  -13.600  45.038 0.0000000000
64267  0.101  -12.037  44.600 0.0000000000
119925  0.054  -12.740  44.532 0.0000000000
63266  0.166  -13.406  44.132 0.0000000000
62270  0.847  -14.836  42.747 0.0000000000
62285  1.424  -15.185  42.150 0.0000000000
119078  1.718  -15.760  41.557 0.0000000000
62284  1.808  -14.751  42.332 0.0000000000
63292  2.673  -14.273  42.688 0.0000000000
64295  2.486  -12.902  43.548 0.0000000000
63291  3.581  -14.367  42.622 0.0000000000
65205  5.200  -11.702  44.938 0.0000000000
65204  6.152  -11.432  44.719 0.0000000000
67103  6.592  -9.565  44.812 0.0000000000
68055  6.804  -8.711  44.915 0.0000000000
76161  55.302  0.646  19.208 0.0000000000
76164  55.260  0.750  18.363 0.0000000000
76166  55.113  0.043  16.990 0.0000000000
137644  10.753  -20.973  46.947 0.0000000000
55434  11.537  -22.397  46.973 0.0000000000
55433  12.516  -22.753  46.896 0.0000000000
54530  12.536  -23.265  41.620 0.0000000000
56493  13.289  -20.557  41.649 0.0000000000
126980  13.375  -20.425  40.871 0.0000000000
136864  14.235  -19.279  41.488 0.0000000000
58419  14.803  -18.928  41.641 0.0000000000
58418  15.391  -18.471  41.275 0.0000000000
59488  14.972  -18.230  39.608 0.0000000000
59487  15.548  -17.534  39.392 0.0000000000
60388  16.203  -16.187  39.108 0.0000000000
62331  16.730  -15.068  38.190 0.0000000000
44954  14.935  -30.575  53.337 0.0000000000
44955  14.356  -30.532  53.342 0.0000000000
115723  14.359  -30.235  53.868 0.0000000000
138477  14.126  -30.055  54.100 0.0000000000
46891  14.098  -29.510  55.050 0.0000000000
47878  13.668  -28.958  55.791 0.0000000000
49752  13.193  -27.215  57.379 0.0000000000
50720  12.852  -26.798  51.850 0.0000000000
50731  11.020  -26.295  50.030 0.0000000000
51589  10.939  -25.990  50.797 0.0000000000
51591  9.848  -25.232  50.640 0.0000000000
53482  8.628  -23.748  47.809 0.0000000000
53481  8.692  -23.359  47.181 0.0000000000
48875  20.903  -28.357  55.159 0.0000000000
48887  21.302  -29.121  54.517 0.0000000000
47887  19.344  -30.534  55.777 0.0000000000
46897  19.653  -30.764  55.009 0.0000000000
46909  19.186  -31.195  54.612 0.0000000000
45924  18.839  -31.527  54.228 0.0000000000
44950  18.573  -31.805  53.684 0.0000000000
43946  18.252  -31.906  52.883 0.0000000000
45913  16.661  -31.306  54.441 0.0000000000
44945  16.524  -30.889  53.509 0.0000000000
58365  25.359  -18.574  46.797 0.0000000000
58353  25.984  -18.753  47.526 0.0000000000
130185  25.795  -18.949  47.373 0.0000000000
134463  26.026  -19.367  47.554 0.0000000000
122132  26.433  -19.903  47.710 0.0000000000
55421  26.730  -20.749  47.021 0.0000000000
53485  27.391  -23.258  46.462 0.0000000000
120551  24.413  -23.530  49.170 0.0000000000
51609  25.164  -25.527  48.524 0.0000000000
61350  16.408  -15.604  37.527 0.0000000000
60433  15.880  -17.133  36.685 0.0000000000
121610  16.280  -16.791  36.083 0.0000000000
60446  16.861  -16.571  35.598 0.0000000000
59538  17.292  -17.150  35.455 0.0000000000
58490  18.388  -18.089  35.762 0.0000000000
55489  20.132  -21.052  40.826 0.0000000000
123954  20.590  -20.462  40.874 0.0000000000
57418  21.351  -19.290  40.898 0.0000000000
58428  21.944  -17.599  40.838 0.0000000000
137933  23.157  -18.004  43.346 0.0000000000
58395  23.342  -18.472  43.427 0.0000000000
59445  23.548  -17.924  43.737 0.0000000000
134282  3.571  3.188  56.468 0.0000000000
117625  3.387  3.726  57.164 0.0000000000
79648  3.365  4.721  57.522 0.0000000000
117626  3.317  4.142  58.077 0.0000000000
80550  3.478  5.503  57.807 0.0000000000
80532  5.002  5.965  62.622 0.0000000000
120787  4.333  6.287  62.523 0.0000000000
81407  4.893  7.024  62.496 0.0000000000
84018  4.874  9.599  62.262 0.0000000000
82302  5.871  8.818  62.439 0.0000000000
84017  5.392  9.640  62.344 0.0000000000
57280  0.930  -19.692  56.238 0.0000000000
58272  1.170  -19.310  55.963 0.0000000000
59342  2.121  -18.017  56.112 0.0000000000
59348  1.597  -18.078  55.666 0.0000000000
59349  1.155  -18.390  55.372 0.0000000000
59354  1.381  -17.581  55.042 0.0000000000
60250  1.745  -17.182  55.364 0.0000000000
65053  4.383  -11.200  58.699 0.0000000000
65060  4.318  -11.226  57.828 0.0000000000
65067  4.601  -11.216  57.201 0.0000000000
134065  4.726  -11.321  56.724 0.0000000000
66039  4.195  -9.567  57.200 0.0000000000
66046  4.578  -10.430  56.869 0.0000000000
65073  4.858  -11.019  56.428 0.0000000000
132887  4.889  -11.208  55.845 0.0000000000
65080  4.808  -11.426  55.007 0.0000000000
65087  4.816  -11.556  53.954 0.0000000000
66071  5.341  -10.523  53.863 0.0000000000
125231  5.564  -9.589  53.794 0.0000000000
67023  5.589  -8.944  53.134 0.0000000000
67956  4.495  -8.305  54.777 0.0000000000
131308  4.582  -7.967  54.067 0.0000000000
67963  4.825  -8.116  53.327 0.0000000000
67972  4.266  -7.667  52.555 0.0000000000
67973  3.653  -7.417  51.937 0.0000000000
68875  2.993  -6.974  52.170 0.0000000000
69718  2.551  -6.278  51.940 0.0000000000
69713  2.835  -5.870  52.607 0.0000000000
70562  3.270  -5.335  53.034 0.0000000000
71459  3.328  -4.869  53.575 0.0000000000
117568  2.876  -4.808  54.443 0.0000000000
71458  3.335  -4.586  54.376 0.0000000000
71457  3.730  -4.438  54.318 0.0000000000
129345  4.285  -4.271  54.612 0.0000000000
72348  5.368  -3.697  55.602 0.0000000000
131139  5.664  -3.479  56.186 0.0000000000
137145  6.222  -2.837  62.459 0.0000000000
72297  6.551  -3.135  61.461 0.0000000000
73229  6.719  -2.310  62.178 0.0000000000
75798  6.872  -0.069  61.440 0.0000000000
75803  8.095  -0.170  60.097 0.0000000000
76721  8.065  1.028  59.055 0.0000000000
76728  8.137  1.650  58.499 0.0000000000
76731  5.706  2.228  59.188 0.0000000000
132411  5.823  2.337  58.412 0.0000000000
77694  5.455  2.441  57.769 0.0000000000
77704  4.188  2.628  57.093 0.0000000000
59460  37.017  -17.403  41.948 0.0000000000
135388  37.101  -17.509  42.783 0.0000000000
57402  37.389  -19.885  42.669 0.0000000000
57389  37.612  -20.022  43.898 0.0000000000
56465  37.830  -20.917  44.332 0.0000000000
55445  38.218  -21.164  44.486 0.0000000000
55453  38.359  -21.538  44.213 0.0000000000
55511  39.566  -22.264  38.121 0.0000000000
55510  40.343  -21.727  38.715 0.0000000000
55509  41.048  -21.543  39.407 0.0000000000
56506  41.663  -20.971  39.622 0.0000000000
57439  41.728  -19.985  38.884 0.0000000000
57424  42.481  -20.535  39.412 0.0000000000
57423  43.590  -20.523  39.631 0.0000000000
57436  44.854  -20.004  39.706 0.0000000000
58433  45.017  -19.435  39.623 0.0000000000
59479  45.063  -18.355  39.649 0.0000000000
58432  45.399  -18.567  39.149 0.0000000000
59490  45.959  -17.881  38.896 0.0000000000
62349  45.917  -14.816  37.622 0.0000000000
62350  44.916  -14.903  36.910 0.0000000000
123156  42.766  -14.585  35.411 0.0000000000
57314  15.072  -18.980  50.330 0.0000000000
58318  16.011  -18.647  50.673 0.0000000000
116589  17.224  -18.035  49.773 0.0000000000
130937  17.339  -18.232  50.175 0.0000000000
43990  0.930  -33.218  49.864 0.0000000000
44981  1.566  -32.749  51.566 0.0000000000
44957  1.192  -31.965  55.077 0.0000000000
46929  11.767  -29.837  52.662 0.0000000000
47915  11.233  -29.660  51.988 0.0000000000
128809  11.098  -29.455  52.713 0.0000000000
120397  10.431  -29.136  53.152 0.0000000000
47908  9.410  -28.795  53.135 0.0000000000
47909  8.610  -28.675  53.379 0.0000000000
117912  7.940  -28.702  53.744 0.0000000000
53444  4.644  -23.935  50.824 0.0000000000
52529  5.188  -24.817  52.057 0.0000000000
52539  4.358  -24.519  51.258 0.0000000000
51584  4.543  -24.962  51.765 0.0000000000
51565  4.515  -25.932  53.017 0.0000000000
53431  3.289  -24.157  51.392 0.0000000000
51576  3.883  -25.439  52.250 0.0000000000
50705  4.112  -26.523  53.741 0.0000000000
49781  3.236  -27.865  55.997 0.0000000000
137306  2.542  -26.036  56.206 0.0000000000
52498  2.064  -24.441  56.784 0.0000000000
53395  1.942  -23.775  56.739 0.0000000000
54370  2.007  -22.918  56.398 0.0000000000
54372  2.334  -22.684  55.920 0.0000000000
64162  8.517  -12.179  51.531 0.0000000000
120826  8.203  -12.300  52.084 0.0000000000
65099  9.147  -11.194  52.637 0.0000000000
65085  8.825  -11.227  53.365 0.0000000000
66060  8.943  -10.756  54.147 0.0000000000
66051  8.878  -10.759  55.205 0.0000000000
66045  9.009  -10.891  56.205 0.0000000000
66991  10.925  -9.480  56.724 0.0000000000
66990  11.580  -9.111  56.179 0.0000000000
66983  11.556  -9.135  57.147 0.0000000000
52553  30.083  -24.639  49.014 0.0000000000
51594  30.740  -24.998  48.763 0.0000000000
66255  20.545  -10.839  36.616 0.0000000000
65284  20.846  -10.936  35.880 0.0000000000
136787  21.740  -10.652  35.603 0.0000000000
115102  22.556  -10.300  35.738 0.0000000000
65326  22.617  -11.509  34.461 0.0000000000
66272  22.545  -10.775  35.056 0.0000000000
66271  23.121  -10.471  35.298 0.0000000000
66251  24.138  -9.920  35.895 0.0000000000
67193  24.996  -9.806  35.952 0.0000000000
62372  27.371  -14.404  35.364 0.0000000000
63350  28.704  -13.470  34.846 0.0000000000
63349  29.692  -13.523  35.106 0.0000000000
64341  30.128  -11.913  37.496 0.0000000000
65258  30.364  -11.748  38.396 0.0000000000
64324  31.234  -12.704  38.339 0.0000000000
63318  31.823  -13.136  38.333 0.0000000000
63333  31.825  -13.296  37.333 0.0000000000
63317  32.543  -13.516  38.719 0.0000000000
63316  33.149  -13.887  39.099 0.0000000000
62305  33.740  -14.309  39.489 0.0000000000
62323  33.547  -14.516  38.599 0.0000000000
61330  33.842  -15.094  37.973 0.0000000000
61343  33.942  -15.503  37.301 0.0000000000
58473  34.487  -17.935  36.711 0.0000000000
55517  31.468  -20.713  38.453 0.0000000000
117905  0.685  -23.381  50.661 0.0000000000
114963  0.712  -22.818  50.110 0.0000000000
134973  0.820  -23.313  49.850 0.0000000000
53463  0.797  -23.513  49.144 0.0000000000
119364  0.617  -23.115  48.489 0.0000000000
53472  0.760  -23.602  48.203 0.0000000000
52578  0.979  -23.999  46.934 0.0000000000
51638  1.406  -24.496  46.286 0.0000000000
56472  -0.131  -20.964  42.979 0.0000000000
55461  0.289  -21.625  43.350 0.0000000000
54517  0.212  -21.758  42.412 0.0000000000
70586  7.078  -5.889  51.010 0.0000000000
70585  8.157  -5.621  50.701 0.0000000000
71502  9.135  -5.103  50.286 0.0000000000
120778  9.638  -3.812  50.971 0.0000000000
71511  9.729  -4.820  49.622 0.0000000000
71510  10.207  -4.271  49.351 0.0000000000
71518  10.453  -4.261  48.459 0.0000000000
72414  10.954  -3.750  48.156 0.0000000000
119197  39.543  -15.535  44.445 0.0000000000
62253  40.009  -14.784  44.321 0.0000000000
63260  40.468  -13.943  44.254 0.0000000000
120279  40.689  -13.953  43.781 0.0000000000
64268  41.452  -12.564  43.796 0.0000000000
120798  41.711  -11.957  43.733 0.0000000000
65223  40.895  -11.212  43.212 0.0000000000
71668  48.439  -4.583  27.774 0.0000000000
71679  51.900  -4.560  27.025 0.0000000000
70807  53.499  -5.251  25.789 0.0000000000
64392  46.926  -12.468  32.873 0.0000000000
64383  47.582  -12.181  33.491 0.0000000000
64391  47.558  -12.189  32.407 0.0000000000
64400  47.436  -12.115  31.464 0.0000000000
115968  46.423  -12.642  30.017 0.0000000000
133099  47.355  -12.014  30.733 0.0000000000
64399  47.898  -11.702  31.047 0.0000000000
64407  47.653  -11.697  30.161 0.0000000000
65357  48.163  -11.151  29.765 0.0000000000
65359  47.965  -11.007  29.092 0.0000000000
69967  49.111  -6.818  25.337 0.0000000000
128834  10.175  -25.932  46.138 0.0000000000
51636  10.193  -25.296  45.405 0.0000000000
51635  10.647  -26.021  45.586 0.0000000000
51645  11.450  -25.697  44.127 0.0000000000
52615  12.406  -24.543  42.138 0.0000000000
51651  14.456  -25.823  43.413 0.0000000000
51662  13.442  -25.429  42.418 0.0000000000
52614  13.063  -24.938  41.859 0.0000000000
52622  12.715  -24.176  41.615 0.0000000000
53541  13.138  -23.771  40.999 0.0000000000
53553  14.584  -23.390  40.394 0.0000000000
54544  14.033  -22.827  39.933 0.0000000000
54558  14.243  -22.221  39.340 0.0000000000
55506  14.812  -21.789  38.733 0.0000000000
55522  15.405  -21.396  38.215 0.0000000000
48849  17.293  -27.432  57.913 0.0000000000
49749  16.738  -26.618  57.932 0.0000000000
50710  14.289  -27.085  52.510 0.0000000000
51571  16.819  -25.725  52.668 0.0000000000
50727  15.357  -26.597  50.595 0.0000000000
50717  15.553  -26.688  51.446 0.0000000000
118986  14.872  -27.121  52.000 0.0000000000
50719  13.891  -27.214  51.706 0.0000000000
49800  13.246  -27.205  51.076 0.0000000000
50751  12.192  -27.212  48.751 0.0000000000
50766  10.908  -26.693  47.635 0.0000000000
50777  10.470  -26.368  46.904 0.0000000000
49797  22.088  -26.101  50.040 0.0000000000
134930  21.970  -26.246  51.719 0.0000000000
51558  22.208  -25.375  51.236 0.0000000000
50697  22.392  -25.861  52.046 0.0000000000
49790  22.480  -26.604  52.545 0.0000000000
122233  22.633  -26.848  53.483 0.0000000000
50687  21.698  -26.822  54.593 0.0000000000
53423  21.541  -23.331  52.039 0.0000000000
52512  21.533  -23.945  53.212 0.0000000000
52501  21.855  -24.500  53.752 0.0000000000
51548  21.375  -25.203  54.540 0.0000000000
50673  21.250  -26.156  55.037 0.0000000000
49775  21.033  -27.208  55.111 0.0000000000
49762  19.537  -26.983  56.765 0.0000000000
50663  18.890  -26.094  57.033 0.0000000000
49764  18.195  -27.252  57.833 0.0000000000
132303  24.006  -22.337  44.782 0.0000000000
54435  24.232  -23.095  48.301 0.0000000000
54438  21.669  -22.141  48.723 0.0000000000
54448  22.811  -22.316  47.926 0.0000000000
137067  23.882  -24.149  50.217 0.0000000000
52545  23.920  -24.538  49.971 0.0000000000
51587  23.777  -25.070  49.488 0.0000000000
50724  23.301  -25.443  49.258 0.0000000000
55532  15.910  -20.972  37.690 0.0000000000
54555  17.379  -22.126  39.641 0.0000000000
55503  17.663  -21.706  39.169 0.0000000000
54515  17.827  -22.720  42.213 0.0000000000
54502  19.007  -22.577  43.114 0.0000000000
55480  19.668  -21.727  41.170 0.0000000000
55479  20.289  -21.510  41.482 0.0000000000
55458  21.790  -21.826  42.991 0.0000000000
76711  3.959  1.836  62.272 0.0000000000
76700  3.642  2.042  62.986 0.0000000000
77652  3.458  2.914  63.015 0.0000000000
115558  3.849  2.349  63.557 0.0000000000
131413  3.899  3.307  63.566 0.0000000000
78678  4.015  4.134  63.461 0.0000000000
79619  4.746  4.383  63.297 0.0000000000
76693  6.358  1.380  64.342 0.0000000000
76692  7.245  1.080  63.889 0.0000000000
79623  5.459  4.492  62.899 0.0000000000
120577  5.660  5.340  62.385 0.0000000000
80538  6.281  5.868  61.514 0.0000000000
136175  6.729  6.079  61.087 0.0000000000
81422  7.324  6.291  60.863 0.0000000000
81421  8.123  6.945  61.003 0.0000000000
61166  6.619  -15.695  58.381 0.0000000000
61167  5.769  -15.990  58.430 0.0000000000
61159  6.441  -15.468  59.012 0.0000000000
62116  6.061  -14.899  59.587 0.0000000000
62105  7.500  -14.413  60.043 0.0000000000
62106  6.672  -14.420  60.225 0.0000000000
62107  5.630  -14.158  60.120 0.0000000000
64090  4.685  -12.487  60.619 0.0000000000
65034  6.631  -12.038  61.999 0.0000000000
66008  6.269  -10.306  62.010 0.0000000000
66014  6.419  -11.204  61.986 0.0000000000
127392  5.449  -11.724  61.483 0.0000000000
65041  4.608  -11.759  60.592 0.0000000000
66027  4.528  -11.063  59.804 0.0000000000
66971  4.144  -9.611  58.647 0.0000000000
67918  4.225  -8.656  60.139 0.0000000000
67927  4.204  -9.177  59.420 0.0000000000
66972  3.678  -8.941  58.570 0.0000000000
115447  3.249  -8.255  58.636 0.0000000000
68828  3.011  -7.303  58.736 0.0000000000
69679  3.002  -6.195  58.738 0.0000000000
71415  3.529  -5.073  59.786 0.0000000000
70513  3.499  -5.449  61.312 0.0000000000
71414  3.580  -5.046  60.667 0.0000000000
71413  3.882  -4.698  60.844 0.0000000000
71412  4.394  -4.402  61.192 0.0000000000
69650  4.511  -5.960  63.763 0.0000000000
70507  4.336  -5.083  63.772 0.0000000000
71399  4.754  -4.031  64.468 0.0000000000
71402  4.471  -4.329  63.863 0.0000000000
72289  4.990  -3.540  63.150 0.0000000000
73226  5.996  -2.249  62.920 0.0000000000
74912  5.076  -0.721  63.504 0.0000000000
52633  35.582  -24.932  39.810 0.0000000000
52632  36.646  -24.942  39.984 0.0000000000
52631  37.624  -24.697  40.127 0.0000000000
52639  38.391  -24.480  39.241 0.0000000000
53563  38.974  -23.988  38.724 0.0000000000
53581  35.879  -23.920  36.156 0.0000000000
53579  37.084  -24.257  36.442 0.0000000000
53569  37.904  -24.354  37.170 0.0000000000
53568  38.635  -23.782  37.860 0.0000000000
54562  39.305  -23.158  38.419 0.0000000000
120483  39.878  -20.605  37.577 0.0000000000
56547  38.860  -21.025  36.608 0.0000000000
57456  39.420  -20.257  36.707 0.0000000000
57473  39.628  -19.319  36.636 0.0000000000
58471  39.752  -18.478  36.568 0.0000000000
59519  39.938  -17.607  36.427 0.0000000000
44042  4.597  -33.741  46.569 0.0000000000
44043  4.067  -33.374  46.593 0.0000000000
45009  4.396  -32.477  46.685 0.0000000000
45964  4.451  -31.534  49.126 0.0000000000
53398  8.777  -24.514  55.859 0.0000000000
52486  8.937  -24.761  56.725 0.0000000000
128819  8.221  -23.946  55.041 0.0000000000
53406  7.808  -23.523  54.586 0.0000000000
134445  7.386  -23.475  54.509 0.0000000000
138169  6.982  -22.531  53.591 0.0000000000
53429  6.416  -23.050  53.043 0.0000000000
53443  5.448  -23.638  51.332 0.0000000000
56415  6.138  -20.522  48.350 0.0000000000
55414  5.446  -21.316  48.736 0.0000000000
54427  5.146  -22.642  49.745 0.0000000000
53455  5.220  -23.370  50.658 0.0000000000
54412  4.739  -23.179  50.158 0.0000000000
54413  4.029  -22.930  49.953 0.0000000000
135203  3.443  -22.351  50.138 0.0000000000
56403  3.664  -20.834  49.397 0.0000000000
55396  3.378  -21.483  50.038 0.0000000000
116412  2.951  -20.898  51.086 0.0000000000
57311  3.309  -19.913  51.428 0.0000000000
127292  4.294  -18.526  51.110 0.0000000000
59372  5.361  -17.347  50.799 0.0000000000
60282  5.676  -16.700  50.357 0.0000000000
60275  6.081  -15.977  50.884 0.0000000000
138733  6.463  -15.258  50.914 0.0000000000
62200  7.035  -14.045  50.860 0.0000000000
64174  7.884  -13.022  50.829 0.0000000000
63236  8.637  -13.773  48.535 0.0000000000
63218  8.404  -13.331  49.402 0.0000000000
64189  8.882  -12.701  49.822 0.0000000000
64173  8.558  -12.483  50.753 0.0000000000
64161  9.265  -11.741  51.186 0.0000000000
115618  27.856  -19.189  40.241 0.0000000000
57405  27.510  -19.472  41.434 0.0000000000
56479  27.375  -19.944  42.025 0.0000000000
56478  28.019  -20.058  42.492 0.0000000000
55466  27.558  -20.718  42.201 0.0000000000
55455  30.168  -21.440  44.132 0.0000000000
55456  29.611  -21.326  43.688 0.0000000000
54510  29.581  -21.997  43.015 0.0000000000
62376  23.467  -14.626  35.543 0.0000000000
115064  24.979  -14.282  36.619 0.0000000000
62358  25.702  -14.299  36.099 0.0000000000
62357  26.386  -14.332  36.531 0.0000000000
62294  26.103  -14.564  39.956 0.0000000000
62328  26.391  -14.284  38.770 0.0000000000
115290  26.709  -14.239  38.062 0.0000000000
136529  28.686  -15.189  37.557 0.0000000000
61360  29.471  -15.476  36.203 0.0000000000
61297  30.186  -15.849  40.782 0.0000000000
132606  1.631  -18.201  48.755 0.0000000000
58345  1.614  -18.882  48.295 0.0000000000
59400  2.137  -17.999  48.013 0.0000000000
58362  1.984  -18.851  47.604 0.0000000000
58375  2.143  -19.326  46.950 0.0000000000
60306  2.987  -16.708  47.112 0.0000000000
122669  2.946  -18.213  46.179 0.0000000000
57358  2.067  -19.603  46.079 0.0000000000
58382  2.066  -19.357  45.264 0.0000000000
57373  1.486  -19.614  44.763 0.0000000000
57386  0.352  -19.824  43.632 0.0000000000
62245  1.778  -13.955  46.432 0.0000000000
61249  1.424  -15.164  45.431 0.0000000000
60326  2.014  -16.436  44.790 0.0000000000
61260  0.734  -15.739  44.032 0.0000000000
60337  1.500  -16.628  44.067 0.0000000000
135877  2.032  -17.450  43.845 0.0000000000
59436  2.308  -18.199  43.742 0.0000000000
57387  -0.078  -20.395  43.368 0.0000000000
57399  -0.100  -20.243  42.393 0.0000000000
123568  -0.163  -20.962  41.660 0.0000000000
56495  0.090  -20.691  41.601 0.0000000000
54546  -0.551  -22.063  40.645 0.0000000000
54568  -0.113  -22.348  39.920 0.0000000000
61322  2.052  -16.809  40.383 0.0000000000
61305  2.913  -15.967  41.080 0.0000000000
74950  11.318  -0.157  53.626 0.0000000000
74965  11.415  -0.213  52.734 0.0000000000
77763  10.971  2.130  51.993 0.0000000000
125667  11.584  2.078  50.683 0.0000000000
61294  39.273  -15.607  41.128 0.0000000000
62271  39.099  -14.714  41.700 0.0000000000
119323  38.787  -14.852  40.756 0.0000000000
62287  38.438  -14.381  40.149 0.0000000000
70761  48.855  -5.269  29.564 0.0000000000
59376  11.472  -17.562  50.135 0.0000000000
59371  11.490  -17.627  51.223 0.0000000000
58320  11.898  -18.421  50.675 0.0000000000
58330  12.357  -19.196  50.186 0.0000000000
57316  12.812  -19.867  50.607 0.0000000000
56387  13.249  -20.082  50.805 0.0000000000
56411  12.391  -20.805  48.559 0.0000000000
56399  13.288  -20.322  49.302 0.0000000000
57325  14.262  -19.665  49.999 0.0000000000
54482  11.499  -23.160  44.936 0.0000000000
131893  12.328  -22.788  45.361 0.0000000000
55442  13.528  -21.947  45.521 0.0000000000
55460  12.510  -22.010  43.296 0.0000000000
56462  12.960  -21.650  43.984 0.0000000000
56461  13.512  -21.432  44.631 0.0000000000
117467  13.972  -21.252  45.162 0.0000000000
57363  14.940  -20.148  45.607 0.0000000000
58367  16.408  -18.155  46.054 0.0000000000
59465  16.220  -18.169  41.575 0.0000000000
59455  17.039  -17.734  41.909 0.0000000000
120742  16.738  -16.664  41.127 0.0000000000
60366  17.127  -16.920  41.681 0.0000000000
62268  17.556  -14.207  42.452 0.0000000000
43985  14.825  -32.922  49.924 0.0000000000
44992  14.045  -32.163  49.552 0.0000000000
46948  13.191  -30.758  49.990 0.0000000000
46949  12.611  -30.335  50.624 0.0000000000
46937  12.622  -30.358  51.565 0.0000000000
44964  14.409  -30.804  52.772 0.0000000000
45934  13.927  -30.591  53.310 0.0000000000
45941  13.763  -30.793  52.916 0.0000000000
46910  13.437  -29.686  54.447 0.0000000000
46917  13.433  -30.450  53.489 0.0000000000
46927  13.260  -30.691  52.791 0.0000000000
124894  12.885  -30.447  53.248 0.0000000000
46928  12.560  -30.360  52.538 0.0000000000
119271  11.451  -29.228  54.440 0.0000000000
131727  11.425  -28.092  56.218 0.0000000000
136154  11.857  -27.573  56.815 0.0000000000
48866  11.090  -27.639  56.871 0.0000000000
49747  10.644  -26.712  57.540 0.0000000000
51517  10.057  -25.265  57.905 0.0000000000
52479  9.575  -24.764  57.644 0.0000000000
133795  16.103  -26.731  57.744 0.0000000000
49750  15.289  -27.317  57.766 0.0000000000
49766  14.588  -26.952  57.389 0.0000000000
50654  13.626  -26.929  57.306 0.0000000000
50712  12.795  -26.481  52.827 0.0000000000
50691  13.060  -26.058  54.675 0.0000000000
51539  12.889  -26.035  55.604 0.0000000000
51528  12.720  -26.214  56.574 0.0000000000
50668  12.618  -26.519  57.012 0.0000000000
51519  12.188  -25.936  57.012 0.0000000000
51530  11.446  -25.236  56.994 0.0000000000
117023  11.131  -24.574  55.802 0.0000000000
52492  10.931  -24.549  56.698 0.0000000000
52477  10.685  -24.779  57.297 0.0000000000
52484  10.046  -24.507  57.115 0.0000000000
52485  9.359  -24.607  56.895 0.0000000000
53404  8.903  -24.053  55.041 0.0000000000
54378  8.054  -22.216  53.271 0.0000000000
53428  8.572  -22.634  52.936 0.0000000000
54384  8.100  -22.062  52.461 0.0000000000
55384  7.578  -21.686  50.987 0.0000000000
56401  7.613  -20.754  48.776 0.0000000000
53462  8.458  -23.089  49.867 0.0000000000
54426  8.188  -22.162  49.504 0.0000000000
56413  7.769  -20.496  47.993 0.0000000000
57346  7.497  -19.510  46.839 0.0000000000
58370  9.362  -18.075  46.509 0.0000000000
57356  9.635  -18.954  46.511 0.0000000000
59411  10.324  -17.703  46.756 0.0000000000
59384  11.115  -17.064  48.652 0.0000000000
47906  21.198  -29.910  53.404 0.0000000000
43015  17.641  -32.122  51.538 0.0000000000
43017  17.216  -32.843  51.180 0.0000000000
59403  29.475  -17.550  46.267 0.0000000000
59388  29.694  -18.131  46.615 0.0000000000
58349  29.453  -18.624  47.558 0.0000000000
58335  29.800  -19.232  47.979 0.0000000000
57331  29.663  -19.693  48.619 0.0000000000
56392  30.306  -20.425  48.816 0.0000000000
55400  30.303  -20.883  49.044 0.0000000000
54416  30.218  -21.520  49.181 0.0000000000
53456  30.336  -23.472  49.194 0.0000000000
57332  26.734  -19.361  47.871 0.0000000000
56397  27.434  -19.866  48.173 0.0000000000
56386  28.935  -21.163  49.306 0.0000000000
55401  28.126  -21.153  49.019 0.0000000000
55392  28.697  -21.588  49.399 0.0000000000
54404  28.977  -21.499  49.454 0.0000000000
54402  29.260  -22.549  49.425 0.0000000000
53447  29.598  -23.318  49.360 0.0000000000
52542  29.833  -24.005  49.275 0.0000000000
52581  26.949  -24.310  46.283 0.0000000000
51623  28.164  -25.251  46.693 0.0000000000
64318  18.773  -11.785  39.032 0.0000000000
65270  19.375  -11.398  37.591 0.0000000000
65286  19.470  -11.597  36.661 0.0000000000
62344  16.913  -13.981  37.007 0.0000000000
63344  17.491  -13.412  36.666 0.0000000000
138705  17.812  -13.564  35.957 0.0000000000
63343  18.214  -12.913  36.289 0.0000000000
64357  18.907  -12.215  36.249 0.0000000000
65309  19.627  -11.796  35.735 0.0000000000
64364  19.902  -12.221  34.857 0.0000000000
64377  20.020  -12.923  34.358 0.0000000000
63370  20.757  -13.240  34.132 0.0000000000
120757  20.955  -14.074  34.068 0.0000000000
62388  21.670  -14.339  34.246 0.0000000000
62378  21.995  -14.862  34.770 0.0000000000
61376  22.273  -15.196  35.605 0.0000000000
128020  16.269  -20.535  37.299 0.0000000000
56541  16.839  -20.368  36.994 0.0000000000
56553  17.435  -19.987  36.743 0.0000000000
128763  17.860  -19.549  36.524 0.0000000000
58478  18.728  -18.637  36.365 0.0000000000
58489  19.071  -17.929  36.102 0.0000000000
57451  19.628  -19.537  38.657 0.0000000000
57450  20.250  -19.137  38.931 0.0000000000
58477  19.347  -18.312  36.768 0.0000000000
59535  20.024  -16.914  36.088 0.0000000000
60431  20.714  -16.589  36.410 0.0000000000
59509  20.973  -16.844  37.196 0.0000000000
60441  21.117  -15.973  35.904 0.0000000000
61363  21.835  -15.676  36.178 0.0000000000
61362  22.575  -15.384  36.414 0.0000000000
60401  22.611  -16.044  38.586 0.0000000000
61334  23.328  -15.618  38.797 0.0000000000
59462  22.929  -16.954  41.600 0.0000000000
136303  23.463  -16.420  41.600 0.0000000000
60353  25.585  -15.702  42.358 0.0000000000
139087  26.756  -15.765  43.564 0.0000000000
60334  26.584  -16.440  44.747 0.0000000000
129378  27.383  -16.148  44.818 0.0000000000
116323  27.957  -16.245  45.195 0.0000000000
60321  28.566  -16.517  45.563 0.0000000000
78695  3.316  3.429  60.559 0.0000000000
79632  3.160  4.195  61.716 0.0000000000
119543  2.609  4.614  60.307 0.0000000000
80548  2.819  5.855  59.266 0.0000000000
81425  3.267  6.615  59.155 0.0000000000
81416  3.984  7.100  62.178 0.0000000000
82313  3.634  7.317  61.270 0.0000000000
83165  4.410  8.695  60.473 0.0000000000
82319  3.997  7.959  59.898 0.0000000000
82323  4.089  7.852  59.027 0.0000000000
133643  4.357  7.595  58.208 0.0000000000
50696  0.099  -26.238  55.016 0.0000000000
51557  0.011  -25.313  54.482 0.0000000000
126712  0.027  -23.939  54.388 0.0000000000
124838  -0.007  -23.949  53.490 0.0000000000
53433  0.031  -23.376  53.089 0.0000000000
54400  0.084  -22.971  52.269 0.0000000000
56371  0.410  -20.790  55.386 0.0000000000
56373  0.151  -20.423  54.812 0.0000000000
55379  0.108  -21.013  54.439 0.0000000000
56376  -0.302  -20.125  54.034 0.0000000000
124578  -0.195  -21.094  53.561 0.0000000000
55383  -0.199  -21.781  52.769 0.0000000000
135962  -0.218  -21.474  52.132 0.0000000000
55389  -0.059  -22.059  51.861 0.0000000000
56390  0.070  -20.245  50.800 0.0000000000
58316  -0.176  -19.002  52.030 0.0000000000
57319  0.255  -19.549  50.782 0.0000000000
61183  2.542  -15.986  55.466 0.0000000000
124500  2.539  -15.788  54.680 0.0000000000
64106  4.188  -12.910  57.094 0.0000000000
123349  3.779  -13.577  56.040 0.0000000000
61189  2.134  -16.224  54.352 0.0000000000
61194  2.085  -16.051  53.741 0.0000000000
126247  1.986  -15.872  53.118 0.0000000000
60270  1.722  -16.310  52.853 0.0000000000
62172  2.225  -15.033  52.509 0.0000000000
61198  2.003  -15.553  52.474 0.0000000000
115710  1.761  -16.062  52.254 0.0000000000
126631  1.303  -17.011  50.915 0.0000000000
59380  1.407  -17.106  49.944 0.0000000000
60297  1.777  -16.326  49.511 0.0000000000
61222  2.231  -15.597  49.132 0.0000000000
62214  2.151  -14.232  50.033 0.0000000000
61221  2.665  -14.941  48.616 0.0000000000
63244  2.613  -13.080  47.619 0.0000000000
65101  4.790  -11.850  52.300 0.0000000000
64175  4.435  -12.219  50.933 0.0000000000
64190  4.419  -12.045  50.028 0.0000000000
66107  5.176  -10.300  50.662 0.0000000000
65134  4.459  -11.099  49.449 0.0000000000
127114  4.306  -11.892  49.272 0.0000000000
64205  3.959  -12.227  48.870 0.0000000000
64221  2.738  -12.253  47.846 0.0000000000
64222  2.002  -12.047  47.163 0.0000000000
66137  1.031  -10.216  46.830 0.0000000000
67078  1.715  -9.926  47.376 0.0000000000
67089  1.344  -9.795  46.671 0.0000000000
67088  2.106  -9.404  46.604 0.0000000000
68048  2.781  -9.237  46.207 0.0000000000
68047  3.638  -9.059  46.244 0.0000000000
68036  2.923  -8.583  46.693 0.0000000000
69749  3.135  -6.413  48.697 0.0000000000
127915  3.767  -6.326  48.582 0.0000000000
69736  4.710  -5.815  49.418 0.0000000000
69726  5.330  -5.784  50.066 0.0000000000
70587  5.877  -5.556  50.916 0.0000000000
70580  2.628  -4.935  51.276 0.0000000000
70579  3.182  -4.576  51.036 0.0000000000
70578  3.906  -4.545  50.859 0.0000000000
71479  4.365  -4.708  52.292 0.0000000000
71493  4.133  -4.599  51.483 0.0000000000
70577  4.544  -4.768  50.910 0.0000000000
70576  5.262  -5.103  51.188 0.0000000000
70575  6.694  -5.516  51.479 0.0000000000
72375  8.467  -3.825  52.565 0.0000000000
114753  7.939  -3.759  53.057 0.0000000000
73292  9.395  -2.700  53.044 0.0000000000
74121  10.050  -2.070  52.964 0.0000000000
74116  10.427  -1.459  53.558 0.0000000000
129617  2.987  -4.826  57.770 0.0000000000
72331  3.165  -4.349  57.360 0.0000000000
72330  3.547  -4.140  57.407 0.0000000000
72329  4.057  -3.906  57.557 0.0000000000
115439  4.383  -3.814  56.913 0.0000000000
72340  5.242  -3.591  56.881 0.0000000000
120521  6.712  -3.391  60.250 0.0000000000
72302  6.824  -3.450  59.259 0.0000000000
73232  8.074  -2.200  59.515 0.0000000000
127937  7.516  -2.917  58.946 0.0000000000
72312  7.067  -3.533  58.457 0.0000000000
72326  6.922  -3.597  57.629 0.0000000000
72338  7.159  -3.256  56.638 0.0000000000
73269  8.160  -2.882  55.758 0.0000000000
134890  9.285  -2.232  55.301 0.0000000000
74100  9.697  -1.446  56.769 0.0000000000
74105  9.628  -1.750  55.846 0.0000000000
74109  9.743  -1.887  54.928 0.0000000000
74108  10.308  -1.369  54.467 0.0000000000
124572  10.861  -0.738  54.053 0.0000000000
76751  11.091  1.403  54.021 0.0000000000
135948  10.755  1.895  54.071 0.0000000000
76740  10.380  1.825  55.474 0.0000000000
77739  10.368  2.326  54.140 0.0000000000
77682  8.363  2.084  57.844 0.0000000000
77713  8.175  2.854  55.708 0.0000000000
116120  7.193  2.842  56.082 0.0000000000
77714  7.245  2.901  55.350 0.0000000000
123287  7.809  2.884  54.743 0.0000000000
116159  7.634  2.654  53.235 0.0000000000
133829  7.415  2.585  52.437 0.0000000000
61235  36.517  -15.982  46.729 0.0000000000
61244  36.664  -16.245  45.904 0.0000000000
60298  36.894  -16.272  47.037 0.0000000000
61233  37.904  -16.236  46.058 0.0000000000
59429  37.200  -17.508  44.971 0.0000000000
59428  37.680  -17.966  45.312 0.0000000000
61253  39.265  -16.282  44.555 0.0000000000
61252  40.076  -15.824  44.137 0.0000000000
60327  40.368  -16.066  43.767 0.0000000000
60340  40.364  -16.789  43.899 0.0000000000
61261  40.461  -15.646  43.446 0.0000000000
60349  40.574  -16.270  43.002 0.0000000000
60350  40.004  -16.264  42.103 0.0000000000
54520  37.054  -22.753  41.667 0.0000000000
54519  37.765  -22.525  42.539 0.0000000000
53532  38.312  -23.598  42.109 0.0000000000
53521  38.345  -23.346  42.835 0.0000000000
54508  38.318  -22.762  43.266 0.0000000000
54495  38.413  -22.119  43.727 0.0000000000
54547  41.056  -22.345  40.336 0.0000000000
54533  41.079  -22.515  41.095 0.0000000000
55484  41.691  -21.175  40.702 0.0000000000
55472  41.356  -21.842  41.276 0.0000000000
54506  40.662  -22.002  42.244 0.0000000000
56475  40.185  -20.611  43.062 0.0000000000
57376  40.424  -19.596  43.041 0.0000000000
133092  41.435  -19.075  42.110 0.0000000000
126744  40.938  -18.341  42.304 0.0000000000
61309  39.523  -15.786  39.473 0.0000000000
60382  40.903  -16.903  39.781 0.0000000000
61327  40.513  -16.141  39.135 0.0000000000
128426  43.597  -15.779  38.935 0.0000000000
66281  44.271  -10.675  34.667 0.0000000000
66262  45.926  -11.173  35.790 0.0000000000
64360  47.234  -11.998  35.412 0.0000000000
137411  45.446  -14.084  37.097 0.0000000000
63347  45.635  -13.295  35.703 0.0000000000
63361  44.919  -13.465  34.916 0.0000000000
63378  46.326  -12.827  34.398 0.0000000000
63405  45.716  -12.628  31.755 0.0000000000
63406  44.833  -12.625  31.571 0.0000000000
63422  44.886  -12.586  30.441 0.0000000000
124952  43.981  -13.140  29.180 0.0000000000
62437  43.542  -13.962  28.221 0.0000000000
61383  40.344  -15.232  34.825 0.0000000000
61384  39.691  -15.436  34.594 0.0000000000
62396  40.547  -14.282  33.903 0.0000000000
63384  40.954  -13.660  33.438 0.0000000000
63395  40.624  -13.347  32.869 0.0000000000
63409  41.402  -12.677  31.646 0.0000000000
63425  41.422  -12.617  30.520 0.0000000000
63437  40.726  -12.975  29.381 0.0000000000
63436  41.444  -13.041  29.402 0.0000000000
63435  42.410  -13.344  29.069 0.0000000000
63446  42.614  -13.942  28.393 0.0000000000
77087  55.263  1.655  20.522 0.0000000000
76158  55.297  0.640  20.080 0.0000000000
127827  55.286  -1.245  19.721 0.0000000000
75265  54.462  -0.391  21.551 0.0000000000
132652  55.277  -1.702  19.326 0.0000000000
74392  55.234  -2.107  19.777 0.0000000000
73543  55.258  -2.900  20.162 0.0000000000
72654  54.984  -3.203  19.892 0.0000000000
118220  9.078  -4.967  60.477 0.0000000000
58303  12.113  -18.402  52.605 0.0000000000
138185  -1.270  -31.000  53.255 0.0000000000
129961  -0.296  -29.573  54.366 0.0000000000
135427  -0.075  -28.710  54.627 0.0000000000
135430  0.024  -27.913  54.843 0.0000000000
44012  12.788  -33.600  48.091 0.0000000000
44013  11.993  -33.247  48.013 0.0000000000
45006  12.330  -32.358  47.278 0.0000000000
44027  11.125  -32.734  47.439 0.0000000000
45025  9.524  -32.633  45.985 0.0000000000
45043  9.091  -32.354  45.686 0.0000000000
47928  10.878  -29.734  50.573 0.0000000000
114804  11.097  -29.854  49.716 0.0000000000
131764  10.502  -30.012  49.267 0.0000000000
46952  9.448  -30.148  50.256 0.0000000000
46962  9.736  -30.184  49.443 0.0000000000
46972  10.096  -30.279  47.531 0.0000000000
46988  9.549  -30.484  46.868 0.0000000000
47004  9.267  -30.953  46.098 0.0000000000
45044  8.361  -32.153  45.576 0.0000000000
46001  7.566  -30.863  45.896 0.0000000000
46002  6.619  -31.132  45.889 0.0000000000
46991  6.426  -30.790  46.845 0.0000000000
129228  6.395  -31.097  48.683 0.0000000000
46977  5.791  -31.185  48.318 0.0000000000
45963  5.115  -31.353  48.738 0.0000000000
129774  5.061  -31.380  49.543 0.0000000000
45957  4.468  -31.431  50.093 0.0000000000
52481  8.860  -24.959  57.223 0.0000000000
50658  8.695  -25.529  57.310 0.0000000000
131365  8.474  -26.133  56.890 0.0000000000
52488  8.071  -25.065  55.713 0.0000000000
49769  8.109  -26.588  55.728 0.0000000000
48868  8.100  -27.098  55.313 0.0000000000
48880  7.873  -27.494  54.744 0.0000000000
47901  7.295  -28.951  54.189 0.0000000000
121255  5.919  -25.726  54.075 0.0000000000
50692  5.504  -27.058  54.652 0.0000000000
50682  6.254  -27.022  55.120 0.0000000000
48869  6.501  -27.570  54.994 0.0000000000
47891  7.120  -28.229  54.568 0.0000000000
46932  6.515  -30.548  52.520 0.0000000000
46933  5.668  -30.611  52.732 0.0000000000
46944  5.905  -30.925  51.866 0.0000000000
45950  5.286  -31.182  51.265 0.0000000000
128597  4.747  -31.293  50.801 0.0000000000
124730  4.166  -31.343  50.797 0.0000000000
124729  3.762  -31.388  51.849 0.0000000000
45944  3.556  -31.565  52.502 0.0000000000
45937  3.404  -31.873  53.204 0.0000000000
127858  3.501  -31.921  54.014 0.0000000000
44947  1.712  -31.886  55.551 0.0000000000
45920  1.560  -31.175  55.763 0.0000000000
48871  2.862  -28.762  56.695 0.0000000000
48856  2.289  -28.706  57.030 0.0000000000
49772  2.028  -27.493  57.723 0.0000000000
48857  1.912  -28.471  57.397 0.0000000000
47870  2.122  -29.049  57.017 0.0000000000
46885  1.890  -29.598  56.857 0.0000000000
46895  1.616  -30.213  56.487 0.0000000000
44942  1.195  -30.954  55.496 0.0000000000
46896  0.683  -30.250  56.188 0.0000000000
47885  0.289  -29.901  56.453 0.0000000000
48873  0.412  -28.259  57.743 0.0000000000
48874  -0.094  -28.347  56.777 0.0000000000
48885  -0.150  -29.193  56.226 0.0000000000
119024  -0.048  -27.234  55.377 0.0000000000
128575  0.418  -23.962  56.418 0.0000000000
127928  0.703  -21.894  55.982 0.0000000000
118406  1.836  -22.013  56.352 0.0000000000
55374  1.409  -21.191  56.244 0.0000000000
138174  5.596  -16.504  57.343 0.0000000000
127813  3.580  -19.422  52.101 0.0000000000
58305  4.032  -18.977  52.399 0.0000000000
58304  4.620  -18.512  52.781 0.0000000000
60269  5.804  -16.922  52.041 0.0000000000
59359  5.178  -18.123  53.046 0.0000000000
59358  5.400  -17.910  53.650 0.0000000000
59353  5.574  -17.523  54.168 0.0000000000
63170  7.283  -13.668  52.541 0.0000000000
62169  7.089  -14.200  53.173 0.0000000000
61192  6.456  -15.524  53.431 0.0000000000
60255  5.836  -16.944  54.530 0.0000000000
60248  5.738  -16.925  55.403 0.0000000000
62141  6.869  -15.007  55.667 0.0000000000
61177  6.473  -15.741  56.228 0.0000000000
60239  6.049  -16.361  56.657 0.0000000000
129575  6.056  -16.286  57.320 0.0000000000
61165  7.116  -15.241  58.389 0.0000000000
130072  7.640  -14.798  58.991 0.0000000000
63128  8.241  -13.346  58.520 0.0000000000
63122  8.272  -13.551  59.346 0.0000000000
64095  8.896  -12.861  59.864 0.0000000000
64087  9.341  -12.005  60.145 0.0000000000
65039  9.479  -11.236  60.355 0.0000000000
65065  9.327  -11.149  57.158 0.0000000000
66031  10.421  -11.152  58.500 0.0000000000
65051  10.030  -11.613  58.991 0.0000000000
66020  9.550  -10.540  60.479 0.0000000000
66963  9.635  -9.811  60.560 0.0000000000
67916  9.678  -9.031  60.595 0.0000000000
68809  9.385  -8.246  60.311 0.0000000000
68819  9.027  -7.534  59.938 0.0000000000
69671  8.622  -6.640  60.211 0.0000000000
58364  30.102  -18.368  46.036 0.0000000000
58347  30.360  -18.875  46.400 0.0000000000
56435  31.347  -20.054  46.416 0.0000000000
55419  31.932  -20.878  47.342 0.0000000000
55429  32.063  -20.858  46.335 0.0000000000
55428  32.355  -21.619  46.246 0.0000000000
53495  32.459  -23.149  46.227 0.0000000000
52563  31.279  -24.563  48.561 0.0000000000
119234  31.650  -24.778  48.080 0.0000000000
122487  31.970  -24.676  47.657 0.0000000000
133033  32.205  -25.839  47.046 0.0000000000
52572  32.298  -24.649  47.059 0.0000000000
66239  21.239  -10.127  37.635 0.0000000000
66227  22.079  -9.755  38.895 0.0000000000
67163  22.710  -9.364  38.293 0.0000000000
67141  22.952  -9.528  40.131 0.0000000000
67130  23.136  -9.735  40.971 0.0000000000
62385  24.011  -13.619  34.462 0.0000000000
137114  24.264  -13.138  34.266 0.0000000000
118869  24.849  -11.717  34.460 0.0000000000
65305  25.228  -10.993  34.843 0.0000000000
66269  25.557  -10.375  35.445 0.0000000000
66250  25.857  -9.835  36.145 0.0000000000
64363  27.460  -12.105  34.720 0.0000000000
65303  27.433  -11.403  35.137 0.0000000000
66249  26.722  -9.968  36.310 0.0000000000
67182  26.162  -9.453  36.925 0.0000000000
67172  26.450  -9.199  37.768 0.0000000000
67159  26.704  -8.997  38.645 0.0000000000
67157  28.235  -9.634  38.907 0.0000000000
67148  27.775  -9.229  39.436 0.0000000000
67137  27.739  -9.026  40.227 0.0000000000
65249  30.616  -11.540  39.250 0.0000000000
114891  30.887  -11.425  39.930 0.0000000000
124188  31.481  -11.263  41.156 0.0000000000
133427  31.985  -12.159  40.401 0.0000000000
136273  31.937  -11.758  40.880 0.0000000000
132523  35.630  -14.324  42.678 0.0000000000
118269  36.111  -14.933  43.185 0.0000000000
131730  36.167  -15.452  42.494 0.0000000000
61296  34.762  -15.328  39.906 0.0000000000
61310  35.188  -15.985  39.837 0.0000000000
60371  35.781  -16.336  40.371 0.0000000000
60370  36.257  -16.729  40.831 0.0000000000
59470  36.677  -17.370  40.974 0.0000000000
135177  36.732  -18.094  40.638 0.0000000000
58423  36.545  -18.773  40.174 0.0000000000
58435  36.114  -18.756  39.386 0.0000000000
59523  32.512  -17.394  36.145 0.0000000000
137323  34.133  -18.594  36.732 0.0000000000
119955  35.370  -20.196  38.222 0.0000000000
54572  32.469  -21.722  37.727 0.0000000000
72291  10.410  -2.983  61.766 0.0000000000
72294  11.126  -2.817  60.768 0.0000000000
73227  10.997  -2.550  61.388 0.0000000000
73224  10.762  -2.253  62.041 0.0000000000
74054  10.753  -1.255  62.574 0.0000000000
74908  11.162  -0.835  62.410 0.0000000000
75797  10.403  0.097  62.337 0.0000000000
74916  12.630  -0.482  61.755 0.0000000000
74058  12.615  -1.118  61.608 0.0000000000
128831  9.063  5.909  60.460 0.0000000000
81420  9.015  6.673  60.644 0.0000000000
49792  0.454  -27.219  53.621 0.0000000000
49795  0.804  -27.603  52.078 0.0000000000
50723  0.825  -25.734  52.538 0.0000000000
52550  1.032  -24.373  50.375 0.0000000000
115323  1.380  -25.977  50.111 0.0000000000
50755  1.436  -25.744  49.130 0.0000000000
50742  1.615  -26.742  49.518 0.0000000000
56418  1.210  -20.371  48.165 0.0000000000
55426  0.639  -20.992  47.853 0.0000000000
56434  -0.193  -21.535  46.693 0.0000000000
56445  -0.310  -21.332  46.138 0.0000000000
55438  -0.227  -21.904  46.258 0.0000000000
54470  -0.017  -22.448  46.488 0.0000000000
51639  1.071  -23.978  46.020 0.0000000000
135668  1.450  -24.341  45.762 0.0000000000
122495  0.610  -22.088  43.139 0.0000000000
53519  0.931  -22.441  43.519 0.0000000000
68046  4.589  -8.871  46.106 0.0000000000
120781  5.493  -8.586  45.804 0.0000000000
68045  6.337  -8.324  45.490 0.0000000000
68963  7.034  -7.993  45.077 0.0000000000
69746  7.360  -6.964  48.522 0.0000000000
69757  7.339  -7.144  47.589 0.0000000000
126065  8.140  -6.846  47.711 0.0000000000
69779  7.148  -7.371  46.153 0.0000000000
68962  7.726  -7.658  44.688 0.0000000000
68961  8.406  -7.171  44.166 0.0000000000
69797  8.824  -6.419  44.614 0.0000000000
69815  9.064  -6.378  43.872 0.0000000000
69814  9.447  -6.179  43.130 0.0000000000
74974  11.268  -0.621  51.962 0.0000000000
74128  11.144  -0.981  51.243 0.0000000000
74136  11.315  -1.317  50.554 0.0000000000
74983  11.920  -0.737  50.036 0.0000000000
74144  11.581  -1.658  49.792 0.0000000000
73318  11.282  -2.527  49.415 0.0000000000
120216  11.169  -3.197  48.697 0.0000000000
75030  12.517  -0.462  46.821 0.0000000000
75031  12.128  -1.280  46.788 0.0000000000
117999  11.780  -1.836  47.142 0.0000000000
73336  11.510  -2.502  47.481 0.0000000000
73337  11.010  -3.008  46.978 0.0000000000
72423  10.812  -3.605  47.320 0.0000000000
135268  9.381  -4.297  45.222 0.0000000000
71544  9.169  -4.345  44.511 0.0000000000
64242  38.920  -12.700  45.225 0.0000000000
65177  39.160  -11.721  45.459 0.0000000000
63283  39.085  -13.849  42.084 0.0000000000
64297  38.767  -12.454  41.638 0.0000000000
64284  39.407  -12.157  42.419 0.0000000000
73508  54.518  -3.320  22.955 0.0000000000
72651  55.142  -3.458  20.673 0.0000000000
72652  54.757  -3.597  20.421 0.0000000000
67217  46.231  -9.463  34.286 0.0000000000
67229  45.956  -8.989  33.410 0.0000000000
68126  46.806  -8.638  33.001 0.0000000000
68138  47.458  -8.103  32.344 0.0000000000
65335  49.093  -10.829  32.927 0.0000000000
67213  49.194  -10.212  33.187 0.0000000000
67214  48.576  -9.988  33.886 0.0000000000
68116  48.413  -9.173  33.633 0.0000000000
120462  48.281  -7.626  31.886 0.0000000000
69038  49.263  -7.727  31.832 0.0000000000
69047  50.095  -7.342  31.305 0.0000000000
69904  50.748  -6.792  30.570 0.0000000000
119010  51.235  -6.408  29.994 0.0000000000
69913  51.949  -6.562  29.363 0.0000000000
65363  47.171  -11.466  28.198 0.0000000000
66335  47.672  -10.908  28.483 0.0000000000
66334  48.284  -10.402  28.823 0.0000000000
66339  47.907  -10.233  28.215 0.0000000000
66333  48.995  -9.889  29.095 0.0000000000
67280  50.422  -9.002  28.791 0.0000000000
68162  51.072  -8.472  28.881 0.0000000000
68179  50.238  -8.649  28.255 0.0000000000
68161  51.607  -8.029  29.239 0.0000000000
69056  51.893  -7.373  29.312 0.0000000000
69924  52.318  -6.473  28.613 0.0000000000
70767  52.588  -6.084  28.049 0.0000000000
70782  52.756  -5.567  27.281 0.0000000000
69948  52.620  -6.154  26.758 0.0000000000
69933  52.846  -5.708  26.768 0.0000000000
69962  52.991  -5.671  26.180 0.0000000000
70822  53.770  -5.405  25.091 0.0000000000
69978  50.654  -6.106  24.678 0.0000000000
69984  50.642  -5.670  23.951 0.0000000000
70825  51.473  -5.769  24.266 0.0000000000
70824  52.501  -5.759  24.630 0.0000000000
71735  54.038  -4.668  22.695 0.0000000000
71742  52.521  -4.478  21.829 0.0000000000
71741  54.348  -4.287  21.788 0.0000000000
71747  53.906  -3.928  20.936 0.0000000000
72653  54.250  -3.633  20.266 0.0000000000
72656  53.899  -3.371  19.545 0.0000000000
44024  13.033  -32.859  47.815 0.0000000000
44026  11.954  -32.730  47.405 0.0000000000
45023  11.726  -32.025  46.674 0.0000000000
45024  10.506  -32.218  46.036 0.0000000000
45030  5.163  -32.642  46.166 0.0000000000
45042  9.786  -32.111  45.718 0.0000000000
45045  7.490  -31.692  45.582 0.0000000000
45906  2.470  -30.628  56.330 0.0000000000
45908  1.384  -30.659  55.918 0.0000000000
45909  0.812  -30.659  55.673 0.0000000000
45930  2.519  -31.942  55.315 0.0000000000
45982  12.529  -31.759  47.461 0.0000000000
45983  11.995  -31.289  47.202 0.0000000000
45984  5.958  -31.278  46.415 0.0000000000
46000  8.426  -30.858  45.955 0.0000000000
46009  8.985  -31.569  45.697 0.0000000000
46010  8.149  -31.309  45.676 0.0000000000
46884  2.355  -29.503  56.779 0.0000000000
46961  10.147  -30.131  48.457 0.0000000000
46976  6.412  -30.870  47.857 0.0000000000
46986  11.360  -30.871  46.990 0.0000000000
46992  5.799  -31.150  47.325 0.0000000000
47002  10.962  -31.376  46.350 0.0000000000
47003  10.116  -31.118  46.256 0.0000000000
47006  7.128  -30.636  46.470 0.0000000000
47869  2.595  -29.112  56.782 0.0000000000
47921  11.444  -29.764  51.194 0.0000000000
47923  9.782  -29.548  51.602 0.0000000000
48878  10.482  -28.281  55.516 0.0000000000
48899  0.640  -28.246  51.443 0.0000000000
49754  11.366  -27.126  57.344 0.0000000000
49756  9.776  -27.033  57.382 0.0000000000
49757  8.874  -26.688  57.365 0.0000000000
49758  8.486  -26.543  56.703 0.0000000000
49773  0.480  -27.417  58.209 0.0000000000
50651  9.685  -25.599  57.932 0.0000000000
50659  8.411  -25.813  56.582 0.0000000000
51520  11.122  -25.447  57.441 0.0000000000
51521  10.364  -25.071  57.722 0.0000000000
51617  32.096  -25.176  47.248 0.0000000000
51630  1.236  -24.325  46.655 0.0000000000
52476  9.674  -24.828  57.815 0.0000000000
52496  7.950  -24.808  55.488 0.0000000000
52552  30.754  -24.428  48.876 0.0000000000
52586  0.916  -23.657  46.241 0.0000000000
52593  0.943  -23.404  45.638 0.0000000000
52630  38.349  -24.326  40.196 0.0000000000
53399  8.188  -24.215  55.203 0.0000000000
54386  6.882  -22.139  52.740 0.0000000000
54401  30.103  -22.523  49.300 0.0000000000
54411  5.473  -22.757  50.350 0.0000000000
54418  28.502  -21.934  49.507 0.0000000000
54444  32.303  -22.497  47.554 0.0000000000
55386  6.840  -21.690  51.306 0.0000000000
55399  30.839  -21.349  48.901 0.0000000000
55407  3.867  -21.527  49.249 0.0000000000
55417  0.563  -21.458  48.264 0.0000000000
55471  -0.049  -21.260  42.524 0.0000000000
55493  -0.207  -21.512  41.344 0.0000000000
56384  29.529  -20.711  49.232 0.0000000000
56385  29.264  -20.977  49.334 0.0000000000
56394  29.602  -20.331  49.102 0.0000000000
56396  28.464  -20.544  48.745 0.0000000000
56416  5.099  -20.690  48.155 0.0000000000
56421  27.135  -20.480  48.018 0.0000000000
56452  -0.200  -21.098  45.470 0.0000000000
56484  -0.251  -20.828  42.121 0.0000000000
56494  0.182  -20.235  41.733 0.0000000000
56517  0.325  -20.821  41.213 0.0000000000
56533  0.833  -20.974  40.019 0.0000000000
56546  1.171  -20.430  39.723 0.0000000000
56554  16.763  -19.785  36.659 0.0000000000
57320  29.837  -20.115  48.924 0.0000000000
57322  28.828  -20.064  48.908 0.0000000000
57330  30.185  -19.864  48.330 0.0000000000
57336  4.386  -19.732  48.241 0.0000000000
57342  26.224  -19.123  47.733 0.0000000000
57349  4.950  -19.522  47.652 0.0000000000
57374  0.536  -20.113  44.504 0.0000000000
57472  1.344  -19.940  39.542 0.0000000000
58322  4.034  -18.906  50.692 0.0000000000
58324  28.829  -19.583  48.748 0.0000000000
58326  27.424  -19.490  48.120 0.0000000000
58339  26.419  -18.966  47.816 0.0000000000
58346  1.282  -18.882  49.070 0.0000000000
58361  2.580  -18.339  47.019 0.0000000000
58374  2.543  -18.852  46.353 0.0000000000
58411  0.096  -18.778  41.840 0.0000000000
59365  0.765  -17.626  53.286 0.0000000000
59416  3.037  -17.477  46.555 0.0000000000
59489  1.559  -18.533  40.005 0.0000000000
59526  16.119  -17.452  36.191 0.0000000000
59527  15.805  -17.755  36.556 0.0000000000
60283  1.545  -16.291  51.518 0.0000000000
60308  29.109  -16.937  45.952 0.0000000000
60322  27.824  -16.549  45.811 0.0000000000
60325  2.717  -16.572  45.354 0.0000000000
60330  36.894  -16.912  44.611 0.0000000000
60357  0.270  -16.484  42.584 0.0000000000
60376  1.381  -17.424  40.556 0.0000000000
60377  0.855  -17.666  40.893 0.0000000000
60391  2.004  -17.689  39.908 0.0000000000
60392  1.738  -17.991  40.084 0.0000000000
61196  11.659  -15.567  52.436 0.0000000000
61227  9.816  -15.492  47.492 0.0000000000
61240  2.600  -15.177  46.771 0.0000000000
61280  0.424  -16.230  42.350 0.0000000000
61387  20.277  -15.248  34.464 0.0000000000
62202  2.162  -14.190  51.376 0.0000000000
62212  7.217  -14.178  49.950 0.0000000000
62233  10.102  -14.932  48.020 0.0000000000
62380  17.472  -14.785  35.443 0.0000000000
63117  7.879  -14.244  59.776 0.0000000000
63196  8.155  -13.079  50.175 0.0000000000
63273  0.914  -13.105  43.537 0.0000000000
63392  43.785  -12.920  32.758 0.0000000000
63419  47.052  -12.212  30.147 0.0000000000
64081  7.050  -12.712  61.741 0.0000000000
64083  4.723  -12.075  61.131 0.0000000000
64089  7.901  -12.826  60.730 0.0000000000
64139  4.094  -13.208  53.915 0.0000000000
64206  3.431  -12.366  48.383 0.0000000000
65028  7.235  -11.478  62.203 0.0000000000
65118  4.967  -11.670  51.406 0.0000000000
65128  5.384  -10.998  51.169 0.0000000000
65156  2.067  -11.292  47.473 0.0000000000
65174  0.246  -11.602  45.445 0.0000000000
66156  0.902  -10.002  45.588 0.0000000000
66252  23.304  -10.041  35.856 0.0000000000
66956  8.765  -9.870  61.402 0.0000000000
67039  4.087  -9.556  50.052 0.0000000000
67040  3.341  -8.795  49.921 0.0000000000
67203  46.112  -10.034  34.838 0.0000000000
67260  51.171  -8.629  29.593 0.0000000000
67949  4.443  -8.634  55.406 0.0000000000
68803  3.582  -6.943  62.140 0.0000000000
68840  3.508  -7.672  56.106 0.0000000000
68843  3.799  -7.662  55.372 0.0000000000
68850  3.868  -7.282  54.444 0.0000000000
69663  3.320  -5.912  60.125 0.0000000000
69761  3.496  -6.856  48.150 0.0000000000
70546  2.580  -5.062  56.242 0.0000000000
70568  2.529  -5.364  51.877 0.0000000000
70781  53.165  -5.292  26.421 0.0000000000
71423  3.725  -4.805  59.315 0.0000000000
71429  3.651  -4.591  58.565 0.0000000000
71469  3.367  -4.940  52.672 0.0000000000
71480  3.711  -4.708  52.239 0.0000000000
72317  3.438  -4.418  57.913 0.0000000000
72649  54.927  -3.805  21.101 0.0000000000
73267  9.156  -2.358  55.832 0.0000000000
74059  12.085  -1.155  61.916 0.0000000000
75269  55.325  -0.336  19.479 0.0000000000
75788  10.755  -0.523  62.449 0.0000000000
75832  11.351  0.592  53.898 0.0000000000
76691  7.993  0.707  63.446 0.0000000000
78687  3.339  3.464  61.270 0.0000000000
78693  8.166  3.322  61.244 0.0000000000
82317  3.390  7.372  60.261 0.0000000000
83147  5.014  8.930  62.479 0.0000000000
84023  5.839  10.097  62.085 0.0000000000
116817  9.914  -3.281  62.148 0.0000000000
117165  0.463  -17.691  52.789 0.0000000000
117217  15.125  -26.225  46.788 0.0000000000
117486  10.226  -12.264  50.106 0.0000000000
117833  8.907  -30.412  49.696 0.0000000000
119045  45.799  -12.881  29.604 0.0000000000
119857  11.219  -31.999  46.167 0.0000000000
119892  49.409  -8.433  32.145 0.0000000000
121109  0.702  -20.190  40.704 0.0000000000
121416  0.741  -22.915  49.212 0.0000000000
124455  0.263  -17.497  41.892 0.0000000000
125129  1.996  -15.923  45.291 0.0000000000
125885  0.421  -17.972  41.328 0.0000000000
126876  55.418  -0.995  18.265 0.0000000000
127310  5.700  -13.160  61.181 0.0000000000
127391  1.209  -24.620  47.630 0.0000000000
127482  24.404  -12.529  34.259 0.0000000000
127746  8.534  3.744  60.752 0.0000000000
127985  5.342  -17.343  47.933 0.0000000000
128051  27.026  -18.781  48.030 0.0000000000
128279  12.292  -30.060  53.350 0.0000000000
128696  10.971  -1.627  62.250 0.0000000000
128807  1.444  -18.455  43.132 0.0000000000
129396  37.991  -22.175  43.341 0.0000000000
130899  -0.225  -22.088  40.281 0.0000000000
131007  8.773  -30.619  46.497 0.0000000000
131275  20.529  -12.538  34.407 0.0000000000
131501  9.376  -24.857  57.813 0.0000000000
131991  0.431  -13.384  43.645 0.0000000000
132237  9.396  -33.006  46.932 0.0000000000
132299  29.175  -22.079  49.635 0.0000000000
132359  4.742  -9.402  50.620 0.0000000000
132441  4.934  -1.213  63.827 0.0000000000
132474  8.126  -30.740  50.668 0.0000000000
133080  30.857  -19.472  46.906 0.0000000000
133235  4.890  -8.782  51.333 0.0000000000
133568  0.322  -21.805  44.260 0.0000000000
133621  45.489  -12.607  30.946 0.0000000000
133812  48.040  -10.235  34.450 0.0000000000
134163  24.860  -8.998  37.568 0.0000000000
134253  7.952  -13.863  58.063 0.0000000000
134362  39.945  -22.336  42.968 0.0000000000
134365  29.205  -19.235  48.476 0.0000000000
134369  1.238  -24.431  47.103 0.0000000000
134925  4.139  -5.206  49.932 0.0000000000
135057  28.754  -21.976  49.546 0.0000000000
135273  49.500  -10.408  31.880 0.0000000000
135295  2.854  -8.189  49.741 0.0000000000
135364  8.445  -14.335  47.912 0.0000000000
135684  34.981  -13.126  44.084 0.0000000000
135787  3.714  -4.862  60.054 0.0000000000
135897  46.067  -12.683  28.611 0.0000000000
136077  3.807  -13.135  53.210 0.0000000000
136370  27.125  -19.347  47.993 0.0000000000
136414  0.629  -14.408  43.142 0.0000000000
136783  52.964  -5.364  26.795 0.0000000000
136795  8.459  1.208  58.561 0.0000000000
136802  9.488  -32.856  46.390 0.0000000000
136837  10.644  -17.339  47.100 0.0000000000
137028  8.646  -11.590  52.843 0.0000000000
137121  0.819  -19.120  40.715 0.0000000000
137372  17.274  -22.880  42.183 0.0000000000
137526  10.961  -26.718  57.607 0.0000000000
137527  55.126  0.831  17.477 0.0000000000
137582  36.665  -16.245  46.947 0.0000000000
137737  22.383  -12.050  34.153 0.0000000000
137766  40.221  -12.731  31.748 0.0000000000
137977  6.550  -1.266  65.155 0.0000000000
138296  0.256  -20.991  54.928 0.0000000000
138299  10.520  -24.949  57.550 0.0000000000
138422  5.940  -3.512  55.693 0.0000000000
138836  1.159  -17.509  51.175 0.0000000000
138882  5.618  -17.472  53.540 0.0000000000
139007  2.839  -6.503  52.451 0.0000000000
139096  40.935  -11.958  44.792 0.0000000000
