#!ascii label  , from subject sub-v1s12x0050109_ses-1 vox2ras=TkReg
3150
37620  5.487  -39.582  55.945 0.6250000000
36412  4.648  -40.206  56.301 0.6250000000
37615  4.135  -39.331  56.978 0.6250000000
38788  4.748  -38.478  57.166 0.5000000000
36413  3.779  -40.364  56.480 0.5000000000
37616  3.489  -39.721  56.678 0.5000000000
35202  5.433  -41.661  55.645 0.6250000000
35196  5.010  -41.212  56.045 0.6250000000
35197  4.343  -41.264  56.296 0.5000000000
36414  3.202  -40.412  56.222 0.2500000000
35198  3.473  -41.379  56.224 0.3750000000
35199  2.867  -41.115  55.922 0.2500000000
34065  4.217  -42.187  56.289 0.5000000000
35203  2.845  -41.659  55.503 0.2500000000
34069  2.695  -41.645  54.845 0.2500000000
36420  8.107  -39.757  54.218 0.6250000000
37623  7.683  -39.240  54.790 0.6250000000
36421  7.281  -40.126  54.432 0.6250000000
37624  6.866  -39.652  55.063 0.6250000000
37619  6.320  -39.054  55.665 0.6250000000
121180  5.027  -39.101  56.875 0.6250000000
36428  7.647  -40.374  53.855 0.7500000000
36417  6.093  -40.104  55.363 0.6250000000
35205  6.909  -40.950  53.949 0.6250000000
36422  6.553  -40.566  54.743 0.6250000000
35206  6.227  -41.433  54.518 0.6250000000
35201  5.909  -41.062  55.176 0.6250000000
36419  2.874  -40.450  55.389 0.2500000000
36415  3.016  -40.141  55.940 0.2500000000
35200  2.794  -40.591  55.985 0.2500000000
36410  3.122  -39.593  56.420 0.3750000000
125040  6.350  -41.715  53.813 0.6250000000
35212  2.845  -41.598  54.291 0.2500000000
36425  2.680  -40.829  54.899 0.2500000000
35204  2.573  -41.101  55.540 0.2500000000
34064  4.959  -42.030  56.104 0.5000000000
34066  3.509  -42.372  56.138 0.5000000000
34068  2.982  -42.220  55.067 0.3750000000
132412  5.881  -44.475  55.293 0.2500000000
30818  4.540  -44.322  55.691 0.3750000000
114839  6.067  -44.314  54.847 0.2500000000
30817  5.184  -44.588  55.591 0.3750000000
30828  2.864  -44.862  53.779 0.3750000000
36426  9.932  -39.265  52.783 0.6250000000
37628  9.644  -39.061  53.492 0.6250000000
37629  8.917  -39.398  53.887 0.6250000000
36427  9.209  -39.750  53.188 0.6250000000
35208  8.370  -40.108  53.543 0.6250000000
36434  8.563  -40.322  52.762 0.7500000000
35209  7.633  -40.774  53.152 0.7500000000
35214  7.992  -40.795  52.390 1.0000000000
34067  5.844  -42.074  55.114 0.6250000000
36430  3.241  -40.225  54.725 0.2500000000
35210  6.773  -41.536  53.173 0.8750000000
33000  5.428  -42.759  55.627 0.5000000000
120194  2.722  -41.651  54.587 0.2500000000
35215  6.683  -42.058  52.633 0.8750000000
34070  6.056  -42.366  54.303 0.7500000000
32996  4.153  -43.041  56.183 0.6250000000
33001  3.086  -43.080  54.972 0.3750000000
34073  6.283  -42.456  53.319 0.5000000000
34074  2.688  -42.277  53.783 0.2500000000
33002  6.181  -43.552  54.079 0.3750000000
31931  4.854  -43.818  56.042 0.5000000000
37636  10.670  -38.912  52.447 0.6250000000
35213  9.477  -39.961  52.364 0.6250000000
131883  8.769  -40.606  51.877 0.7500000000
115527  3.772  -40.971  52.943 0.2500000000
131488  7.924  -41.098  51.874 1.0000000000
121147  3.965  -41.239  51.920 0.2500000000
35216  2.983  -41.831  53.365 0.2500000000
131861  7.310  -41.437  52.383 1.0000000000
35223  2.983  -41.925  52.292 0.2500000000
34079  7.755  -41.728  50.839 0.8750000000
34080  7.090  -42.326  51.211 0.5000000000
35217  2.614  -42.380  53.461 0.2500000000
34087  7.302  -42.431  50.429 0.3750000000
34075  6.952  -42.216  51.988 0.5000000000
34123  7.638  -42.987  46.834 0.3750000000
34111  7.582  -42.952  47.748 0.1250000000
133318  7.219  -43.265  48.430 0.3750000000
34095  7.522  -42.482  49.623 0.3750000000
34081  6.597  -42.913  51.629 0.2500000000
34110  8.206  -42.349  47.282 0.5000000000
34102  7.748  -42.491  48.724 0.3750000000
34136  8.098  -42.448  45.693 0.5000000000
33043  7.616  -43.054  46.045 0.2500000000
34122  8.114  -42.431  46.497 0.3750000000
35218  11.814  -40.070  50.416 0.5000000000
35219  11.061  -40.250  50.463 0.5000000000
36443  10.709  -39.950  51.228 0.6250000000
35220  9.794  -40.206  51.517 0.7500000000
115213  11.057  -40.380  50.034 0.7500000000
35227  10.374  -40.380  50.143 0.7500000000
122134  9.257  -40.817  51.094 0.8750000000
35222  7.511  -41.648  51.581 1.0000000000
35228  9.512  -40.675  50.360 1.0000000000
35221  8.289  -41.153  51.279 1.0000000000
35229  8.632  -41.189  50.570 1.0000000000
34094  8.353  -41.853  49.356 0.7500000000
126010  8.636  -41.849  48.777 0.7500000000
35281  9.167  -41.318  44.751 0.3750000000
34153  8.513  -42.083  44.452 0.5000000000
34109  9.074  -41.710  47.615 0.7500000000
128621  8.109  -42.503  44.942 0.3750000000
34135  8.856  -41.713  45.412 0.5000000000
123932  8.770  -42.009  46.944 0.5000000000
34101  8.415  -42.132  48.106 0.5000000000
35225  12.322  -40.097  50.121 0.5000000000
35235  12.701  -39.889  49.640 0.5000000000
35226  11.637  -40.282  50.072 0.7500000000
131134  12.135  -40.157  49.883 0.5000000000
35236  11.381  -40.270  49.812 0.7500000000
35237  10.596  -40.379  49.707 0.8750000000
34085  8.906  -41.144  49.822 1.0000000000
34099  10.211  -40.674  48.501 0.7500000000
34093  9.203  -41.287  49.187 0.8750000000
136456  10.551  -40.684  47.474 0.8750000000
34100  9.398  -41.367  48.463 0.7500000000
34108  10.042  -41.052  47.759 0.8750000000
34121  8.817  -41.858  46.308 0.6250000000
123298  9.481  -41.433  47.012 0.7500000000
35308  9.701  -41.012  43.573 0.5000000000
35294  9.890  -40.803  44.483 0.6250000000
35280  10.078  -40.850  45.506 0.6250000000
35261  13.542  -38.992  47.491 0.6250000000
35243  12.471  -39.594  48.897 0.6250000000
119959  12.888  -39.284  48.490 0.7500000000
35262  12.906  -39.716  47.089 0.6250000000
35252  12.381  -39.356  47.784 0.7500000000
115150  11.860  -40.005  49.433 0.7500000000
35253  11.648  -40.079  47.391 0.8750000000
34098  10.776  -40.275  47.947 0.8750000000
129739  10.330  -41.002  47.033 0.8750000000
35265  10.675  -40.639  46.451 0.8750000000
36554  10.898  -39.919  42.753 0.3750000000
36543  10.310  -40.413  43.163 0.7500000000
37793  11.129  -39.406  41.414 0.1250000000
37773  11.294  -39.356  42.352 0.5000000000
36473  14.263  -39.039  48.013 0.5000000000
36491  13.126  -39.358  46.889 0.7500000000
36509  12.801  -39.081  46.432 0.7500000000
35263  12.343  -40.143  46.860 0.8750000000
34107  10.978  -40.526  47.115 1.0000000000
36510  12.262  -39.336  46.089 0.8750000000
35278  12.031  -39.990  46.344 0.8750000000
35264  11.561  -40.300  46.642 1.0000000000
36525  11.901  -38.965  45.215 1.0000000000
35279  11.171  -40.203  46.002 1.0000000000
36541  11.684  -39.098  44.228 0.7500000000
35293  10.778  -40.116  45.081 0.8750000000
37772  11.813  -38.616  42.823 0.7500000000
37757  11.438  -39.207  43.327 0.7500000000
36526  11.309  -39.576  44.634 0.7500000000
136971  11.867  -38.426  40.544 0.2500000000
37792  11.680  -38.963  41.930 0.6250000000
116238  13.440  -38.843  46.660 0.5000000000
36490  13.827  -38.977  47.169 0.5000000000
122601  13.716  -38.428  45.649 0.8750000000
37718  13.919  -38.649  46.226 0.5000000000
38875  13.977  -38.270  44.944 0.8750000000
36524  12.586  -38.659  45.706 1.0000000000
37755  13.094  -38.057  44.617 0.8750000000
37737  12.343  -38.462  44.756 1.0000000000
37756  12.485  -38.204  44.136 1.0000000000
37771  12.288  -38.093  43.420 0.7500000000
38948  12.370  -38.074  41.075 0.7500000000
132817  12.294  -38.073  42.650 0.7500000000
40055  12.840  -37.553  40.386 0.8750000000
38932  11.624  -38.757  41.073 0.7500000000
38874  14.934  -38.104  45.053 0.6250000000
38862  14.380  -38.497  45.660 0.5000000000
36489  14.202  -38.909  46.829 0.5000000000
39991  14.581  -37.677  44.465 0.7500000000
128506  13.704  -37.746  44.222 0.8750000000
138682  14.014  -36.786  43.223 0.8750000000
40022  13.697  -36.768  42.511 0.8750000000
38892  12.918  -37.787  43.840 1.0000000000
40023  13.145  -37.277  42.339 1.0000000000
38911  12.716  -37.642  42.943 1.0000000000
41109  13.745  -36.686  40.283 0.8750000000
134327  13.546  -36.882  41.803 1.0000000000
38930  12.697  -37.876  42.021 1.0000000000
40054  13.280  -37.168  39.843 0.8750000000
115933  13.351  -37.095  40.599 0.8750000000
44160  19.148  -33.014  35.088 0.1250000000
43223  18.162  -34.317  34.933 0.5000000000
44174  18.558  -32.668  34.268 0.3750000000
44176  17.267  -33.493  34.495 0.7500000000
40001  15.153  -37.104  44.061 0.7500000000
41066  14.683  -36.653  43.461 0.8750000000
40002  14.229  -37.175  43.865 0.8750000000
41091  14.775  -35.901  42.220 0.8750000000
41107  14.695  -35.738  41.303 0.8750000000
41092  14.065  -36.311  41.794 0.8750000000
41108  14.207  -36.188  40.797 1.0000000000
41126  14.298  -36.247  39.853 0.8750000000
42192  15.101  -35.027  37.902 0.7500000000
42152  14.824  -35.766  39.328 0.8750000000
45153  20.130  -31.841  34.143 0.2500000000
45141  19.568  -32.250  34.686 0.2500000000
46147  19.118  -31.251  33.123 0.5000000000
45155  18.059  -32.125  33.960 0.6250000000
45143  16.710  -33.148  34.857 0.7500000000
42134  15.266  -35.291  41.778 0.8750000000
42119  15.470  -35.576  42.606 0.8750000000
122141  15.298  -35.274  40.946 0.8750000000
43173  15.876  -34.948  39.291 0.8750000000
42150  15.833  -35.077  40.249 0.8750000000
129572  15.667  -34.805  38.581 0.7500000000
42172  15.288  -35.266  38.843 0.8750000000
44126  15.863  -33.945  37.490 0.7500000000
43185  15.736  -34.373  38.043 0.7500000000
44138  15.747  -33.846  36.674 0.7500000000
46113  17.484  -31.539  34.882 0.7500000000
46096  17.539  -31.647  35.823 0.7500000000
45127  16.566  -32.800  35.771 0.7500000000
47160  20.053  -30.264  32.708 0.7500000000
48113  18.764  -30.184  33.451 0.8750000000
47142  18.175  -30.609  33.883 0.8750000000
47126  17.743  -31.065  34.394 0.7500000000
45142  17.106  -32.249  35.082 0.7500000000
43157  16.480  -34.470  40.684 0.8750000000
42133  15.943  -34.904  41.234 0.8750000000
44125  16.388  -33.749  38.233 0.7500000000
43184  16.166  -34.384  38.848 0.8750000000
45114  17.282  -32.392  37.413 0.7500000000
45115  16.642  -32.817  36.840 0.7500000000
46112  17.890  -30.986  35.399 0.8750000000
46080  17.750  -31.772  36.946 0.7500000000
49051  20.812  -28.980  33.682 0.8750000000
48096  19.176  -29.357  34.042 0.8750000000
48097  18.526  -29.912  34.200 0.8750000000
47969  24.568  -29.923  44.045 0.3750000000
47970  23.775  -29.347  43.873 0.6250000000
47971  22.867  -28.944  43.790 0.6250000000
45020  27.830  -30.487  44.298 0.5000000000
46008  25.503  -30.439  43.763 0.6250000000
46015  25.021  -30.444  43.588 0.6250000000
47015  24.141  -30.151  43.728 0.7500000000
47978  22.757  -29.275  43.334 0.8750000000
48946  21.499  -27.933  42.963 0.7500000000
137251  20.090  -27.492  42.464 0.8750000000
48957  19.256  -28.125  41.954 0.8750000000
47985  19.342  -28.997  41.910 0.8750000000
45048  26.762  -31.163  43.443 0.7500000000
45049  26.010  -31.074  43.049 0.7500000000
116937  24.997  -30.638  43.255 0.6250000000
47028  23.572  -30.651  42.790 1.0000000000
47029  22.773  -30.017  42.130 1.0000000000
48963  21.665  -28.470  41.788 1.0000000000
48964  21.126  -27.862  41.408 0.8750000000
49890  19.882  -27.558  41.774 0.8750000000
48965  19.206  -28.272  41.178 0.8750000000
47992  19.368  -29.204  41.028 0.8750000000
43156  17.117  -34.046  41.015 0.8750000000
45038  27.793  -31.388  43.970 0.7500000000
44068  27.130  -31.739  43.021 0.8750000000
45065  24.833  -31.091  42.158 0.8750000000
46025  23.469  -30.981  42.041 0.8750000000
134195  22.114  -29.102  42.141 1.0000000000
48969  21.078  -27.779  40.406 0.8750000000
49894  19.744  -27.640  40.939 0.8750000000
48004  19.325  -28.746  40.408 0.8750000000
47044  19.461  -30.000  40.311 0.8750000000
46045  19.029  -31.747  40.191 0.8750000000
45094  18.350  -32.289  39.748 0.8750000000
45087  17.930  -32.961  40.138 0.8750000000
44110  16.738  -33.877  39.242 0.8750000000
132050  27.450  -32.194  42.878 0.8750000000
45072  24.946  -31.584  41.391 0.8750000000
45073  24.253  -31.216  41.773 0.8750000000
46031  23.045  -30.645  41.336 1.0000000000
48003  21.795  -28.576  39.994 1.0000000000
48977  21.245  -27.980  39.565 1.0000000000
137157  19.626  -27.790  40.083 0.8750000000
48018  19.374  -29.154  39.601 0.8750000000
46054  19.349  -30.931  39.826 0.8750000000
46055  18.805  -31.559  39.364 0.8750000000
45095  17.696  -32.770  39.288 0.8750000000
44109  17.339  -33.418  39.691 0.8750000000
44083  26.361  -32.365  41.038 1.0000000000
45085  24.984  -32.168  40.449 0.8750000000
46053  23.960  -31.077  39.591 0.8750000000
47053  22.962  -29.857  38.962 1.0000000000
48017  21.830  -28.511  39.103 1.0000000000
48031  21.784  -28.411  38.270 1.0000000000
48989  20.160  -27.896  38.374 1.0000000000
48032  19.505  -28.703  38.074 0.8750000000
47068  19.424  -29.644  38.653 0.7500000000
46066  18.647  -31.409  38.471 0.7500000000
46056  18.114  -32.084  38.897 0.8750000000
44124  17.103  -33.260  38.785 0.7500000000
44103  26.996  -33.373  39.633 1.0000000000
44105  25.430  -32.563  39.424 1.0000000000
45093  24.753  -32.207  39.518 0.8750000000
46065  24.043  -30.979  38.641 1.0000000000
123920  20.945  -28.036  37.994 1.0000000000
120072  19.797  -28.226  37.675 0.8750000000
47086  19.237  -29.661  37.594 0.7500000000
47069  19.063  -30.624  38.040 0.7500000000
46067  17.918  -31.907  37.974 0.7500000000
45103  17.478  -32.575  38.389 0.7500000000
137056  28.848  -34.719  38.606 1.0000000000
117084  27.510  -33.785  39.215 1.0000000000
127102  26.491  -33.225  38.957 1.0000000000
45102  24.864  -32.332  38.782 0.8750000000
46078  24.137  -31.013  37.806 1.0000000000
47084  23.630  -30.320  37.651 1.0000000000
48048  22.530  -28.933  37.751 1.0000000000
49017  21.399  -28.239  36.541 0.8750000000
49004  19.762  -28.253  36.751 0.8750000000
48051  19.023  -29.623  36.663 0.7500000000
47087  18.777  -30.510  37.080 0.7500000000
124918  28.761  -34.631  38.034 1.0000000000
44130  27.233  -33.824  37.627 0.8750000000
45110  26.012  -33.036  37.461 0.8750000000
46077  24.463  -31.574  37.201 0.8750000000
133811  23.831  -30.794  36.303 0.8750000000
48063  22.623  -29.163  35.959 0.8750000000
49029  22.076  -28.577  35.853 0.8750000000
49031  20.429  -28.248  35.373 0.8750000000
48065  18.849  -29.565  35.752 0.8750000000
47108  18.491  -30.360  36.071 0.8750000000
46095  18.209  -31.147  36.483 0.7500000000
125771  27.404  -33.617  36.397 1.0000000000
44131  26.619  -33.330  37.029 0.8750000000
46093  24.921  -32.030  36.587 0.8750000000
46094  24.386  -31.379  36.214 0.8750000000
48077  22.943  -29.809  35.531 0.8750000000
48078  22.483  -29.082  35.176 0.8750000000
49040  20.451  -28.512  34.461 0.8750000000
125740  19.295  -28.923  35.483 0.8750000000
48092  22.887  -29.803  34.592 0.8750000000
44049  28.307  -32.111  44.760 0.7500000000
44048  28.983  -32.435  44.867 0.7500000000
44059  28.089  -32.336  43.935 0.7500000000
44067  27.662  -32.317  43.265 0.8750000000
43116  28.907  -33.143  42.988 1.0000000000
44074  28.042  -32.838  42.222 1.0000000000
118458  29.442  -33.750  41.871 1.0000000000
44081  28.077  -32.923  41.320 1.0000000000
42145  29.644  -34.131  40.766 1.0000000000
43151  28.307  -33.457  40.551 1.0000000000
42144  30.107  -34.537  40.517 1.0000000000
43150  29.030  -33.843  40.630 1.0000000000
42163  30.703  -34.918  39.657 1.0000000000
44057  29.538  -32.912  43.975 0.8750000000
44065  29.338  -33.167  43.284 0.8750000000
119020  30.103  -33.658  42.656 1.0000000000
43135  30.484  -34.347  41.605 1.0000000000
42124  30.595  -34.669  41.046 1.0000000000
42142  31.154  -34.962  40.374 1.0000000000
132129  31.307  -34.878  39.086 1.0000000000
42161  32.201  -34.469  39.131 0.8750000000
43192  32.641  -33.837  37.883 0.8750000000
115452  33.006  -33.165  36.833 0.7500000000
45119  32.991  -32.820  36.479 0.7500000000
44056  30.811  -33.076  44.129 0.8750000000
136360  30.272  -32.988  44.250 0.8750000000
44055  31.382  -33.069  44.017 0.8750000000
43109  30.347  -33.265  43.652 1.0000000000
43113  31.214  -33.836  42.857 1.0000000000
43108  30.971  -33.404  43.509 1.0000000000
43122  31.557  -34.366  42.135 1.0000000000
43134  32.028  -34.820  41.499 1.0000000000
44092  33.448  -33.423  40.699 1.0000000000
135224  31.105  -34.731  41.451 1.0000000000
43147  33.161  -34.322  41.020 1.0000000000
44102  33.226  -33.380  39.835 1.0000000000
43149  31.593  -35.045  40.923 1.0000000000
117195  33.056  -34.232  40.352 1.0000000000
42141  31.770  -34.973  40.305 1.0000000000
43162  32.789  -34.026  39.520 1.0000000000
44117  33.100  -33.391  39.016 1.0000000000
121167  32.736  -33.332  38.390 1.0000000000
44129  32.794  -33.184  37.699 1.0000000000
45108  32.765  -32.688  37.658 0.8750000000
46107  32.314  -31.947  35.649 0.6250000000
122820  32.944  -32.970  35.468 0.6250000000
46108  31.522  -31.599  35.309 0.6250000000
45047  32.235  -32.401  44.374 0.6250000000
45053  32.972  -32.193  43.343 0.8750000000
44045  31.753  -32.649  44.508 0.6250000000
44054  31.981  -33.000  43.918 0.7500000000
45062  33.233  -32.265  42.558 1.0000000000
45070  33.483  -32.258  41.782 1.0000000000
43112  32.054  -33.947  42.756 1.0000000000
115760  33.348  -33.017  42.141 1.0000000000
44073  32.829  -33.642  42.491 1.0000000000
44080  33.276  -33.844  41.631 1.0000000000
130743  33.526  -32.532  40.692 1.0000000000
43121  32.486  -34.303  42.035 1.0000000000
45084  33.554  -32.866  41.334 1.0000000000
45091  33.330  -32.768  40.046 1.0000000000
46060  33.054  -32.117  38.982 1.0000000000
116790  33.253  -32.841  39.296 1.0000000000
45100  33.041  -32.512  38.745 1.0000000000
46073  32.759  -32.272  38.137 1.0000000000
46074  32.433  -31.793  37.564 1.0000000000
45109  32.743  -32.343  37.080 0.8750000000
46075  31.946  -31.125  37.072 0.7500000000
46090  32.405  -31.765  36.563 0.7500000000
46091  31.844  -31.224  36.170 0.7500000000
46092  31.034  -30.928  35.868 0.6250000000
46109  30.671  -31.358  35.041 0.6250000000
46023  33.346  -31.541  42.355 0.8750000000
46028  33.484  -31.745  41.482 0.8750000000
136932  33.608  -32.235  41.176 1.0000000000
47039  33.276  -31.294  41.089 0.8750000000
46039  33.492  -31.958  40.811 0.8750000000
46040  33.081  -31.586  40.223 1.0000000000
46050  33.287  -32.264  40.182 1.0000000000
46062  31.945  -31.249  38.069 1.0000000000
47103  31.263  -30.662  36.716 0.7500000000
47120  30.168  -30.713  35.619 0.6250000000
47033  33.049  -30.477  41.419 0.8750000000
48013  30.168  -29.518  39.756 1.0000000000
47040  32.775  -30.749  40.632 1.0000000000
47041  31.948  -30.319  40.302 1.0000000000
47051  30.788  -30.000  39.160 1.0000000000
47049  32.505  -30.955  39.802 1.0000000000
47063  32.176  -31.164  38.973 1.0000000000
47065  30.648  -30.057  38.222 1.0000000000
46061  32.601  -31.761  38.528 1.0000000000
47082  30.602  -30.167  37.285 1.0000000000
47081  31.330  -30.608  37.653 1.0000000000
47104  30.462  -30.376  36.420 0.6250000000
47121  29.374  -30.323  35.332 0.7500000000
47122  28.634  -29.912  35.014 0.6250000000
48090  27.978  -29.439  34.710 0.6250000000
48028  29.754  -29.623  38.889 1.0000000000
48045  29.771  -29.780  37.875 1.0000000000
47083  29.810  -29.895  36.957 1.0000000000
47105  29.667  -30.044  36.133 1.0000000000
48074  28.777  -29.628  35.940 0.8750000000
132655  28.238  -29.355  35.420 0.8750000000
48029  29.008  -29.387  38.310 1.0000000000
48987  28.702  -28.706  38.566 1.0000000000
48047  28.606  -29.095  37.757 1.0000000000
48046  29.042  -29.521  37.448 1.0000000000
127186  28.572  -29.206  36.881 1.0000000000
48075  28.217  -28.986  36.073 1.0000000000
48076  27.881  -28.720  35.235 0.8750000000
48091  27.386  -28.872  34.260 0.7500000000
49002  28.582  -28.422  37.777 1.0000000000
122591  28.523  -28.214  37.188 1.0000000000
135219  28.461  -28.786  37.291 1.0000000000
49942  28.606  -27.568  36.626 1.0000000000
49015  28.379  -28.559  36.701 1.0000000000
49027  28.206  -28.219  35.954 1.0000000000
49037  27.562  -28.052  34.695 0.8750000000
49049  27.092  -28.134  33.935 0.7500000000
50855  26.859  -26.634  33.085 0.8750000000
50876  25.783  -26.661  31.529 0.8750000000
50895  24.795  -26.023  30.311 0.6250000000
49910  29.502  -27.212  38.486 0.8750000000
49911  28.855  -27.826  38.246 1.0000000000
49928  28.826  -27.601  37.449 1.0000000000
50821  29.255  -26.554  37.081 1.0000000000
50834  28.816  -26.523  36.152 1.0000000000
49955  28.390  -27.307  35.733 1.0000000000
121905  28.518  -26.510  35.466 1.0000000000
49956  28.083  -27.095  34.938 1.0000000000
49028  27.983  -27.904  35.327 1.0000000000
134853  27.755  -25.973  33.912 1.0000000000
49981  27.496  -27.309  34.183 1.0000000000
50854  27.410  -26.621  33.713 0.8750000000
51728  26.820  -25.828  32.706 0.8750000000
51720  27.344  -25.904  33.385 0.8750000000
52706  26.188  -25.104  31.613 1.0000000000
51738  26.273  -25.806  31.927 1.0000000000
121958  25.051  -25.141  30.610 0.7500000000
50814  29.604  -26.467  37.928 0.7500000000
51678  29.744  -25.861  38.213 0.7500000000
139021  29.325  -25.964  36.997 0.8750000000
50833  29.027  -25.772  36.482 0.8750000000
124333  28.762  -25.184  36.621 0.8750000000
52664  28.613  -25.021  35.905 0.8750000000
51701  28.667  -25.710  35.630 1.0000000000
136677  28.476  -25.124  35.482 0.8750000000
51709  28.329  -25.297  35.076 1.0000000000
50840  28.361  -26.095  34.949 1.0000000000
50846  28.058  -25.615  34.438 1.0000000000
50847  27.885  -26.446  34.346 1.0000000000
52696  26.790  -24.939  32.295 1.0000000000
51727  27.377  -25.121  33.076 1.0000000000
52721  24.943  -24.247  30.775 0.8750000000
52707  25.591  -24.718  31.225 1.0000000000
53639  26.213  -24.349  31.815 1.0000000000
52644  29.286  -25.113  38.675 0.7500000000
51679  29.122  -25.360  37.806 0.7500000000
51682  29.501  -25.983  37.451 0.8750000000
52654  28.551  -24.762  37.220 0.8750000000
51683  29.112  -25.569  37.073 0.8750000000
53573  28.001  -23.987  36.662 0.8750000000
130294  28.443  -24.654  36.389 0.8750000000
53585  28.110  -24.192  35.713 0.8750000000
52673  28.301  -24.712  35.258 0.8750000000
54608  27.564  -22.789  34.652 0.8750000000
138181  27.889  -23.445  34.579 1.0000000000
52682  28.056  -24.717  34.507 1.0000000000
54618  27.627  -23.178  34.064 1.0000000000
52689  27.711  -24.497  33.668 1.0000000000
52690  27.227  -24.311  32.966 1.0000000000
125684  26.656  -24.104  32.443 1.0000000000
135771  25.464  -23.098  31.787 1.0000000000
53632  25.433  -22.435  32.127 1.0000000000
137400  26.133  -22.761  32.716 1.0000000000
52722  24.353  -23.649  30.095 0.8750000000
53653  24.717  -23.414  30.887 0.8750000000
52636  28.697  -24.416  39.149 0.6250000000
52645  28.484  -24.462  38.299 0.6250000000
53566  27.976  -23.760  37.616 0.7500000000
124683  26.699  -22.389  38.013 0.8750000000
125005  27.243  -23.004  37.888 0.8750000000
135280  26.585  -21.763  36.997 0.8750000000
54573  26.866  -22.407  37.333 0.8750000000
53574  27.462  -23.109  37.000 0.8750000000
54584  26.449  -21.358  36.387 0.7500000000
54583  27.013  -22.283  36.421 0.8750000000
53586  27.625  -23.262  36.062 0.8750000000
56563  26.210  -20.217  35.428 0.5000000000
55547  26.268  -20.939  35.756 0.7500000000
54595  26.706  -21.643  35.632 0.8750000000
53598  27.879  -23.344  35.184 0.8750000000
57504  26.382  -19.777  34.676 0.7500000000
55559  26.303  -21.007  34.949 0.7500000000
56574  26.034  -20.192  34.495 0.5000000000
55575  26.066  -20.845  34.204 0.8750000000
131962  26.489  -21.535  34.313 0.8750000000
54619  27.015  -22.361  34.039 1.0000000000
135985  26.150  -19.809  34.000 0.8750000000
56587  25.808  -20.216  33.612 1.0000000000
115348  26.094  -21.474  33.646 1.0000000000
127383  27.204  -23.011  33.565 1.0000000000
55593  25.554  -20.714  32.854 1.0000000000
127150  25.747  -21.884  32.861 1.0000000000
54630  26.538  -22.510  33.331 1.0000000000
53622  26.800  -23.411  32.966 1.0000000000
55594  25.156  -21.091  32.041 1.0000000000
54656  24.293  -22.627  30.504 1.0000000000
117014  24.475  -21.766  30.834 1.0000000000
54657  23.947  -22.597  29.618 1.0000000000
55633  24.044  -21.752  30.026 1.0000000000
53686  24.219  -23.344  28.163 0.7500000000
54699  24.438  -22.620  27.807 0.7500000000
52628  28.803  -24.217  39.941 0.5000000000
53561  27.434  -23.177  39.325 0.6250000000
139125  28.234  -24.050  38.898 0.6250000000
53560  27.765  -23.549  38.618 0.7500000000
54574  26.438  -21.768  37.652 0.7500000000
57493  26.635  -19.716  35.496 0.5000000000
57479  26.438  -19.982  36.213 0.5000000000
55539  26.247  -21.040  37.097 0.5000000000
57503  27.208  -19.401  34.699 0.5000000000
135557  26.758  -19.447  33.886 0.5000000000
57530  26.598  -19.146  32.232 1.0000000000
56599  25.454  -20.092  32.076 1.0000000000
55613  24.805  -20.902  31.070 1.0000000000
54677  24.024  -22.560  28.655 0.8750000000
55655  24.037  -21.739  29.142 1.0000000000
53726  27.494  -23.816  25.103 0.1250000000
120589  26.719  -23.681  25.299 0.2500000000
53727  25.615  -23.234  25.950 0.5000000000
54715  24.875  -22.689  27.050 0.5000000000
54698  24.922  -21.942  27.530 0.8750000000
120636  26.175  -23.185  25.386 0.2500000000
54731  25.816  -22.548  25.640 0.5000000000
53551  27.600  -23.099  40.024 0.3750000000
54553  26.199  -22.053  39.428 0.5000000000
54565  26.874  -22.719  38.769 0.6250000000
54566  26.304  -21.898  38.449 0.7500000000
56527  26.116  -20.357  38.369 0.3750000000
55518  25.948  -21.187  38.872 0.3750000000
57449  26.594  -19.717  37.944 0.2500000000
56538  26.264  -20.350  37.535 0.3750000000
55530  26.111  -21.103  37.988 0.3750000000
126213  27.824  -19.569  36.263 0.2500000000
57462  27.199  -19.563  37.244 0.2500000000
57463  26.628  -19.881  37.006 0.3750000000
56551  26.336  -20.336  36.831 0.3750000000
57478  26.879  -19.617  36.289 0.3750000000
57491  28.049  -19.463  35.224 0.3750000000
57517  27.710  -19.158  33.703 0.5000000000
121093  27.202  -19.113  32.981 0.7500000000
56621  25.275  -20.253  30.337 1.0000000000
55632  24.552  -20.987  30.237 1.0000000000
56636  25.092  -20.615  29.463 1.0000000000
125215  25.266  -21.266  28.027 0.8750000000
55654  24.724  -21.101  28.771 1.0000000000
55679  24.469  -21.840  28.285 0.8750000000
53734  29.067  -23.171  24.438 0.1250000000
53735  27.963  -23.274  24.591 0.1250000000
54724  25.293  -22.626  26.307 0.5000000000
54537  26.996  -22.407  40.449 0.2500000000
57446  29.312  -19.562  38.919 0.2500000000
55487  26.617  -21.648  41.033 0.1250000000
56526  29.726  -19.962  38.351 0.2500000000
54538  26.192  -21.861  40.284 0.1250000000
136083  26.482  -22.318  39.977 0.3750000000
57447  28.167  -19.491  38.730 0.2500000000
134566  27.456  -19.376  39.039 0.2500000000
57431  26.416  -19.706  39.513 0.2500000000
56510  25.980  -20.374  39.237 0.2500000000
57448  26.855  -19.459  38.937 0.2500000000
126420  26.404  -19.771  38.728 0.2500000000
56537  29.693  -20.197  37.592 0.2500000000
57460  28.748  -19.809  37.903 0.2500000000
57461  27.815  -19.597  37.850 0.2500000000
133993  26.741  -19.560  38.463 0.2500000000
57477  28.047  -19.646  37.175 0.2500000000
119138  27.204  -19.463  38.295 0.2500000000
118521  28.924  -19.900  36.785 0.2500000000
57502  28.280  -19.285  34.307 0.5000000000
57516  28.499  -19.199  33.546 0.5000000000
119463  28.171  -19.054  32.882 0.7500000000
57529  27.715  -18.981  31.922 1.0000000000
56620  27.059  -19.945  30.243 1.0000000000
56635  26.289  -20.317  29.610 1.0000000000
55653  25.911  -20.793  28.584 1.0000000000
55697  25.278  -22.008  26.915 0.8750000000
55678  25.891  -21.092  27.700 0.8750000000
53737  26.287  -22.606  25.157 0.5000000000
55705  25.731  -21.813  26.131 0.5000000000
54746  28.764  -21.929  23.836 0.1250000000
128643  26.893  -21.791  24.500 0.5000000000
55720  27.797  -21.788  24.003 0.1250000000
117416  28.042  -19.248  39.595 0.2500000000
56499  26.008  -20.326  40.131 0.2500000000
135094  29.858  -20.241  36.898 0.2500000000
56550  29.768  -19.969  36.165 0.2500000000
56562  29.816  -19.845  35.303 0.2500000000
57476  28.890  -19.727  35.737 0.2500000000
57490  29.019  -19.558  34.813 0.5000000000
57528  28.528  -19.323  32.350 0.8750000000
57539  27.668  -19.634  30.887 1.0000000000
55652  27.146  -20.995  29.025 1.0000000000
55677  27.223  -21.078  28.235 1.0000000000
116088  26.844  -21.054  28.286 1.0000000000
56680  26.312  -21.063  25.660 0.6250000000
56536  30.400  -20.656  37.311 0.2500000000
57501  29.148  -19.403  33.925 0.5000000000
57515  29.030  -19.431  33.036 0.5000000000
56597  29.138  -19.879  32.306 0.7500000000
56610  28.551  -19.801  31.624 1.0000000000
54676  28.236  -21.155  29.231 1.0000000000
55631  27.602  -20.773  29.598 1.0000000000
55695  26.579  -20.976  27.640 1.0000000000
56671  26.655  -20.378  26.260 0.8750000000
56663  27.194  -20.712  27.283 1.0000000000
56679  26.720  -20.205  25.276 0.7500000000
56549  30.402  -20.551  36.464 0.2500000000
56561  30.356  -20.290  35.723 0.2500000000
56573  29.854  -19.826  34.403 0.5000000000
56586  29.769  -19.902  33.539 0.5000000000
56596  29.660  -20.115  32.818 0.5000000000
55592  29.874  -21.252  32.061 1.0000000000
55612  28.707  -20.906  30.873 1.0000000000
55630  28.652  -21.271  29.933 1.0000000000
118969  27.954  -20.538  30.242 1.0000000000
117446  27.670  -21.117  27.964 1.0000000000
55676  28.275  -21.132  28.584 1.0000000000
128878  27.027  -19.729  24.636 0.8750000000
120234  26.939  -19.750  25.984 1.0000000000
56572  30.559  -20.264  34.921 0.2500000000
56585  30.539  -20.345  33.928 0.5000000000
126790  29.939  -20.879  32.637 0.5000000000
56609  29.265  -20.672  31.723 1.0000000000
55611  29.618  -21.452  31.266 1.0000000000
54674  29.154  -21.166  29.638 1.0000000000
54696  28.568  -21.089  29.198 1.0000000000
55694  28.129  -21.020  27.822 1.0000000000
56662  28.634  -20.421  27.420 1.0000000000
57610  27.353  -19.268  26.124 1.0000000000
56670  27.692  -20.056  26.632 1.0000000000
59613  27.593  -17.697  25.503 0.6250000000
57627  27.106  -19.231  25.380 0.7500000000
58641  27.627  -18.357  24.347 0.3750000000
59621  30.215  -16.908  24.017 0.1250000000
59622  29.099  -16.791  24.395 0.3750000000
56595  30.236  -20.642  33.164 0.5000000000
54654  30.531  -21.167  30.878 1.0000000000
54640  29.963  -21.537  30.868 1.0000000000
55610  30.391  -21.526  31.807 1.0000000000
136462  31.123  -20.542  30.526 1.0000000000
54672  30.538  -20.671  30.249 1.0000000000
57552  32.613  -20.052  29.880 1.0000000000
56632  32.001  -20.274  30.074 1.0000000000
55649  31.278  -20.360  30.223 1.0000000000
54673  29.774  -21.110  30.136 1.0000000000
54655  29.304  -21.382  30.065 1.0000000000
56634  30.464  -20.338  29.627 1.0000000000
55650  29.961  -20.641  29.725 1.0000000000
55651  29.529  -20.861  29.565 1.0000000000
57563  32.025  -19.791  29.504 1.0000000000
56633  31.190  -20.063  29.634 1.0000000000
56648  30.471  -20.053  28.967 1.0000000000
56649  30.018  -20.266  28.510 1.0000000000
129306  29.482  -20.615  28.679 1.0000000000
55675  29.085  -20.927  29.102 1.0000000000
57564  31.283  -19.601  29.014 1.0000000000
57576  30.738  -19.637  28.344 1.0000000000
56661  29.490  -20.356  27.978 1.0000000000
118493  30.633  -18.937  27.827 1.0000000000
57594  29.351  -19.744  27.260 1.0000000000
58600  28.895  -18.825  26.757 1.0000000000
57609  28.003  -19.085  26.394 1.0000000000
57595  28.581  -19.685  26.816 1.0000000000
59606  28.535  -17.125  26.125 0.8750000000
58614  28.109  -18.313  26.374 0.8750000000
58615  27.481  -18.417  25.958 0.7500000000
60519  28.421  -16.572  25.091 0.3750000000
60529  29.132  -15.972  24.914 0.5000000000
122826  28.353  -17.143  24.582 0.3750000000
54653  31.102  -20.797  30.909 1.0000000000
138272  31.139  -21.119  31.434 1.0000000000
56619  32.734  -20.562  30.367 1.0000000000
55628  32.162  -20.617  30.706 1.0000000000
57562  32.846  -19.336  29.577 1.0000000000
58553  32.190  -19.027  28.931 1.0000000000
58574  31.313  -18.915  28.427 1.0000000000
124009  31.908  -18.181  28.530 1.0000000000
58575  31.062  -17.975  28.002 1.0000000000
58599  29.490  -18.059  26.933 1.0000000000
59601  29.828  -17.301  27.219 1.0000000000
60502  29.550  -16.629  26.907 0.8750000000
58613  28.652  -17.840  26.511 1.0000000000
60511  28.582  -16.643  25.690 0.7500000000
61506  30.900  -14.760  23.593 0.3750000000
61492  30.416  -15.185  24.159 0.2500000000
61493  29.863  -15.582  24.657 0.6250000000
57527  35.089  -19.937  31.614 0.7500000000
56608  34.066  -21.007  31.282 0.8750000000
57538  34.361  -20.210  31.129 0.8750000000
57537  35.389  -19.086  31.650 0.8750000000
124924  34.657  -19.216  31.057 0.8750000000
58522  35.054  -18.356  31.293 0.8750000000
135433  34.142  -18.927  30.505 0.8750000000
57550  33.950  -19.677  30.581 1.0000000000
55627  32.828  -21.087  30.867 1.0000000000
55609  32.413  -21.221  31.317 0.8750000000
54639  30.836  -21.407  31.767 0.8750000000
58535  34.473  -18.323  30.716 0.8750000000
57551  33.242  -19.936  30.161 1.0000000000
58552  33.224  -18.432  29.566 1.0000000000
137484  32.731  -18.782  29.275 1.0000000000
60492  31.657  -16.507  29.210 1.0000000000
59589  31.430  -17.284  28.639 1.0000000000
59599  30.775  -16.883  28.163 1.0000000000
60500  30.621  -15.810  28.154 1.0000000000
60501  30.103  -16.456  27.531 1.0000000000
61450  30.308  -15.411  27.303 1.0000000000
60509  29.693  -15.891  26.756 0.8750000000
60510  29.082  -16.415  26.262 0.8750000000
61463  30.769  -14.510  26.925 0.7500000000
61479  29.657  -15.427  25.439 0.6250000000
61465  29.417  -15.710  26.090 0.6250000000
62527  31.508  -14.367  23.098 0.3750000000
117879  31.237  -13.988  23.772 0.3750000000
62493  30.701  -14.222  25.167 0.6250000000
61478  30.271  -14.967  24.886 0.6250000000
62544  31.961  -14.805  22.534 0.1250000000
61505  31.276  -15.226  23.011 0.2500000000
59559  34.629  -17.565  31.152 0.8750000000
59568  34.090  -17.577  30.535 0.8750000000
58536  33.956  -18.313  30.096 0.8750000000
60478  33.491  -16.807  30.623 1.0000000000
59569  33.517  -17.589  29.958 0.8750000000
61422  33.194  -15.697  30.423 1.0000000000
60483  32.907  -16.768  30.125 1.0000000000
59576  32.796  -17.538  29.530 1.0000000000
61431  32.056  -15.510  29.452 1.0000000000
60484  32.229  -16.646  29.699 1.0000000000
134080  31.545  -15.660  29.005 1.0000000000
61448  31.823  -14.471  28.067 1.0000000000
61449  31.001  -14.857  27.806 1.0000000000
62475  31.313  -13.890  26.533 0.7500000000
63469  32.006  -13.534  24.876 0.6250000000
62492  31.489  -13.641  25.627 0.6250000000
62476  30.643  -14.214  26.056 0.7500000000
116410  34.587  -14.068  22.417 0.8750000000
62526  33.099  -14.059  22.749 0.3750000000
63479  32.727  -13.833  23.549 0.6250000000
62507  31.277  -13.787  24.624 0.5000000000
138329  35.648  -14.414  20.325 0.3750000000
132104  35.137  -14.105  21.501 0.7500000000
138120  34.802  -14.128  21.860 0.6250000000
62542  33.668  -14.256  22.144 0.5000000000
114974  32.256  -14.103  22.797 0.3750000000
62569  36.176  -14.038  20.192 0.2500000000
64496  36.939  -12.799  19.557 0.2500000000
65433  36.892  -11.887  19.681 0.5000000000
60471  34.782  -16.742  31.614 0.8750000000
121006  35.096  -16.039  31.886 0.7500000000
60477  34.124  -16.757  31.146 0.8750000000
116787  33.769  -16.016  30.951 0.8750000000
61413  34.455  -15.765  31.400 0.8750000000
61430  32.769  -14.932  29.754 1.0000000000
61437  32.556  -14.437  28.984 1.0000000000
62433  33.278  -14.029  29.168 1.0000000000
61438  31.920  -14.859  28.758 1.0000000000
62448  32.598  -14.108  28.206 1.0000000000
62463  32.557  -13.867  27.494 0.8750000000
62464  31.609  -14.100  27.298 0.8750000000
116052  34.426  -14.091  24.873 0.8750000000
62490  33.637  -13.818  25.115 0.6250000000
117268  33.489  -13.742  26.070 0.7500000000
62474  32.343  -13.633  26.539 0.8750000000
62540  36.449  -13.960  23.100 1.0000000000
116738  34.986  -14.045  23.185 1.0000000000
115120  33.878  -13.921  24.088 0.8750000000
62506  32.800  -13.674  24.541 0.6250000000
63480  31.949  -13.666  24.106 0.5000000000
62554  35.830  -13.856  21.999 0.8750000000
62541  35.494  -13.904  22.750 0.8750000000
62525  34.102  -14.091  23.093 0.6250000000
63513  36.195  -13.468  21.157 0.6250000000
63520  36.532  -13.183  20.167 0.6250000000
64472  36.641  -12.656  20.735 0.8750000000
65423  36.775  -11.842  20.377 0.8750000000
65450  37.379  -11.206  19.411 0.5000000000
65432  36.954  -11.114  20.027 0.8750000000
61404  35.803  -15.765  32.269 0.7500000000
61412  35.244  -15.198  31.715 0.8750000000
61421  33.981  -15.119  30.707 0.8750000000
61420  34.724  -14.676  31.052 0.8750000000
62423  34.344  -14.126  30.262 1.0000000000
61429  33.549  -14.529  29.995 1.0000000000
131352  35.066  -13.864  30.593 1.0000000000
62432  34.066  -13.742  29.387 1.0000000000
62446  34.020  -13.653  28.429 1.0000000000
138453  33.835  -13.828  27.643 1.0000000000
62472  35.320  -14.134  26.582 1.0000000000
62461  34.344  -13.822  27.398 1.0000000000
61459  38.224  -15.505  25.945 1.0000000000
61460  37.469  -15.340  25.920 1.0000000000
61461  36.758  -14.905  26.037 1.0000000000
62488  35.306  -14.275  25.910 1.0000000000
62489  34.441  -14.074  25.636 1.0000000000
61458  39.044  -15.399  25.790 1.0000000000
61475  37.982  -15.502  25.177 1.0000000000
61490  36.960  -15.106  24.652 1.0000000000
61477  36.112  -14.704  25.535 1.0000000000
62505  34.816  -14.249  24.432 1.0000000000
61503  37.925  -15.220  23.893 1.0000000000
61504  37.173  -14.993  24.107 1.0000000000
62523  36.360  -14.694  24.277 1.0000000000
114788  35.558  -14.480  24.374 1.0000000000
62539  37.281  -14.035  23.093 0.8750000000
63504  37.424  -13.283  22.572 0.8750000000
127571  36.977  -12.066  21.284 0.8750000000
66406  37.288  -10.402  19.820 0.7500000000
66390  37.253  -10.577  20.404 0.8750000000
65422  37.150  -11.184  20.913 0.8750000000
61411  35.983  -14.765  31.948 0.6250000000
62413  37.319  -13.813  32.137 0.6250000000
62414  36.616  -14.252  32.093 0.6250000000
62422  35.505  -14.254  31.293 0.6250000000
63430  35.949  -13.297  30.529 1.0000000000
63441  35.815  -12.821  29.375 0.8750000000
63453  35.399  -13.071  28.593 1.0000000000
63442  34.611  -13.382  28.790 1.0000000000
63449  39.533  -13.255  28.391 0.5000000000
63452  36.499  -12.850  28.557 1.0000000000
62456  39.237  -14.687  27.109 0.6250000000
62442  38.935  -14.124  27.617 1.0000000000
62443  38.042  -13.965  27.549 1.0000000000
62458  37.596  -14.706  27.017 1.0000000000
62444  37.081  -13.683  27.602 1.0000000000
62460  35.343  -13.966  27.144 1.0000000000
62473  34.306  -13.991  26.584 1.0000000000
61444  39.585  -15.018  26.452 0.6250000000
61446  37.876  -15.198  26.528 1.0000000000
61447  37.233  -14.950  26.492 1.0000000000
62471  36.282  -14.403  26.629 1.0000000000
61462  36.046  -14.458  26.112 1.0000000000
61474  38.644  -15.545  25.266 0.8750000000
61487  39.405  -15.287  24.373 0.7500000000
61501  39.434  -15.127  23.730 0.7500000000
62538  38.777  -13.945  22.915 0.7500000000
63503  38.347  -13.126  22.657 0.7500000000
67345  37.745  -9.034  20.076 0.6250000000
67331  38.026  -9.243  20.873 0.7500000000
67332  37.527  -9.848  20.407 0.8750000000
66389  37.538  -10.450  21.020 1.0000000000
114938  40.782  -12.640  30.198 0.5000000000
63413  37.656  -13.095  31.349 0.7500000000
63429  37.032  -12.837  30.438 0.8750000000
63427  39.274  -12.538  30.368 0.5000000000
63428  38.119  -12.568  30.185 0.5000000000
126501  36.498  -12.712  29.647 0.8750000000
63448  40.939  -13.620  28.703 0.5000000000
63437  40.726  -12.975  29.381 0.5000000000
63438  39.668  -12.713  29.334 0.5000000000
125349  38.904  -12.572  29.208 0.5000000000
63439  38.093  -12.628  29.031 0.6250000000
63440  37.298  -12.654  29.347 0.8750000000
132020  40.290  -13.705  28.332 0.6250000000
63450  38.548  -13.108  28.235 0.7500000000
63451  37.586  -12.953  28.292 0.8750000000
62454  41.284  -14.641  27.132 0.3750000000
62455  40.221  -14.618  27.164 0.3750000000
61443  40.525  -14.809  26.393 0.5000000000
61457  39.918  -15.082  25.612 0.5000000000
62519  39.821  -14.672  23.098 0.6250000000
62520  39.110  -14.696  23.213 0.7500000000
62537  39.639  -14.094  22.765 0.7500000000
63502  39.341  -13.157  22.609 0.7500000000
64462  39.639  -12.266  22.474 0.7500000000
123620  38.728  -12.262  22.401 0.7500000000
65406  39.987  -11.388  22.510 0.8750000000
65407  39.248  -11.661  22.372 0.8750000000
136000  38.191  -11.918  22.095 1.0000000000
125471  39.298  -11.053  22.325 0.8750000000
65421  37.749  -10.978  21.517 1.0000000000
65409  37.691  -11.639  21.705 1.0000000000
67320  40.156  -8.858  22.851 0.8750000000
128577  40.128  -9.788  22.767 0.8750000000
66376  38.974  -10.428  22.023 0.8750000000
66377  38.188  -10.456  21.595 1.0000000000
68229  40.363  -7.850  22.588 1.0000000000
67330  38.697  -8.818  21.514 1.0000000000
67322  38.521  -9.723  21.591 0.8750000000
128129  37.887  -9.906  21.132 1.0000000000
68230  39.457  -8.329  22.164 0.8750000000
68243  38.801  -7.830  20.251 0.3750000000
63436  41.444  -13.041  29.402 0.3750000000
63424  42.245  -12.728  29.900 0.3750000000
63435  42.410  -13.344  29.069 0.3750000000
63447  41.747  -13.729  28.610 0.3750000000
62439  41.828  -14.340  27.979 0.3750000000
132522  41.272  -14.661  26.265 0.5000000000
61442  41.970  -14.530  26.547 0.3750000000
61456  40.798  -14.692  25.700 0.5000000000
61486  40.684  -14.564  24.644 0.5000000000
120724  40.408  -14.747  25.190 0.5000000000
62503  40.647  -14.555  24.060 0.6250000000
62502  41.507  -14.312  24.296 0.6250000000
62517  41.014  -14.282  23.573 0.6250000000
122646  40.464  -14.132  22.887 0.6250000000
63492  40.083  -13.521  22.580 0.7500000000
64461  40.467  -12.242  22.516 0.6250000000
63501  40.067  -12.872  22.499 0.7500000000
66364  41.421  -10.644  22.951 0.7500000000
65405  40.977  -11.444  22.619 0.7500000000
67313  42.289  -9.703  23.776 0.8750000000
66374  40.557  -10.561  22.704 0.8750000000
67319  41.745  -9.068  23.608 0.8750000000
126961  40.988  -9.638  23.078 0.8750000000
69130  41.375  -7.483  22.607 0.8750000000
63434  43.337  -13.562  28.812 0.3750000000
62437  43.542  -13.962  28.221 0.3750000000
63446  42.614  -13.942  28.393 0.3750000000
62438  42.803  -14.312  27.741 0.3750000000
123323  42.806  -14.366  26.936 0.3750000000
62501  42.165  -14.237  24.797 0.5000000000
63477  42.415  -14.073  24.357 0.6250000000
63478  41.878  -13.947  23.640 0.6250000000
124635  42.675  -13.497  23.736 0.6250000000
64460  41.329  -12.327  22.628 0.6250000000
122539  42.585  -12.007  23.095 0.6250000000
66363  42.179  -10.611  23.368 0.7500000000
65394  41.940  -11.548  22.908 0.6250000000
65380  43.106  -11.969  23.579 0.6250000000
68222  42.447  -8.620  23.812 0.7500000000
128287  43.197  -8.162  23.887 0.8750000000
116853  43.243  -6.944  22.673 0.8750000000
62453  43.736  -14.073  27.455 0.3750000000
62486  42.327  -14.279  25.330 0.3750000000
63468  42.868  -14.220  24.978 0.5000000000
63476  43.312  -13.698  24.535 0.6250000000
64432  43.887  -12.841  24.613 0.3750000000
65379  43.652  -11.990  24.304 0.5000000000
64433  43.282  -12.818  23.926 0.6250000000
121878  43.366  -11.012  24.074 0.3750000000
66357  43.745  -10.236  24.757 0.3750000000
65393  42.723  -11.277  23.370 0.6250000000
68221  44.654  -7.975  24.419 0.3750000000
138581  43.352  -8.775  24.223 0.7500000000
66358  43.236  -10.072  24.277 0.7500000000
69119  44.927  -7.327  23.788 0.5000000000
69128  44.077  -6.774  22.751 0.7500000000
132263  43.451  -7.363  23.259 0.7500000000
69998  44.819  -6.394  22.495 0.6250000000
69136  43.700  -6.489  22.077 0.8750000000
65378  44.082  -11.193  24.899 0.2500000000
126000  46.132  -8.825  25.967 0.1250000000
67296  45.609  -9.634  26.230 0.1250000000
66350  44.334  -10.320  25.390 0.2500000000
67297  44.800  -9.517  25.634 0.1250000000
68218  45.368  -8.023  24.907 0.2500000000
69113  45.403  -7.438  24.229 0.5000000000
69127  44.836  -6.852  23.162 0.6250000000
137339  44.198  -12.095  24.822 0.2500000000
65372  45.353  -11.384  25.922 0.1250000000
66348  45.735  -10.666  26.363 0.1250000000
66349  45.005  -10.443  25.934 0.1250000000
124417  44.662  -11.032  25.552 0.2500000000
68202  47.422  -8.814  26.785 0.1250000000
68212  46.867  -8.429  26.119 0.1250000000
68211  47.775  -8.098  26.244 0.1250000000
118183  48.252  -8.521  26.841 0.1250000000
69108  47.162  -7.655  25.563 0.2500000000
134485  45.899  -7.521  24.674 0.2500000000
36418  5.427  -40.634  55.733 0.6250000000
120064  3.069  -41.827  55.957 0.2500000000
37614  5.724  -38.551  56.332 0.6250000000
35207  2.415  -41.116  55.072 0.2500000000
121196  4.881  -42.909  56.147 0.5000000000
129564  3.518  -43.090  55.970 0.5000000000
32998  3.153  -42.551  55.696 0.3750000000
34071  2.946  -42.529  54.377 0.3750000000
34072  2.723  -42.126  54.155 0.2500000000
31930  5.550  -44.219  55.688 0.3750000000
31933  6.095  -44.881  54.856 0.2500000000
31934  5.780  -44.782  55.294 0.2500000000
31935  3.876  -44.348  55.368 0.3750000000
30822  3.707  -45.074  54.909 0.3750000000
31932  3.996  -43.730  55.875 0.3750000000
128675  2.981  -43.699  54.216 0.3750000000
36433  10.299  -39.520  51.977 0.6250000000
35211  3.604  -40.703  53.946 0.2500000000
32995  5.343  -43.519  55.872 0.6250000000
118834  5.870  -43.165  54.956 0.6250000000
32999  5.704  -43.804  55.440 0.6250000000
34082  3.154  -42.095  51.287 0.2500000000
34086  8.068  -41.800  50.091 0.8750000000
34076  6.446  -42.766  52.439 0.3750000000
34077  2.583  -42.663  52.694 0.2500000000
34083  2.705  -42.868  51.687 0.2500000000
34088  6.756  -43.038  50.818 0.3750000000
33044  7.436  -43.557  46.453 0.1250000000
33033  7.242  -43.635  47.099 0.1250000000
33026  7.043  -43.764  47.889 0.1250000000
33021  7.077  -43.184  49.159 0.5000000000
33014  6.911  -43.141  49.996 0.2500000000
114768  10.148  -40.434  50.776 0.8750000000
34084  9.755  -40.639  49.690 1.0000000000
35295  8.980  -41.490  43.972 0.3750000000
34169  8.455  -42.320  43.624 0.2500000000
34091  10.882  -40.212  49.067 0.7500000000
34092  9.999  -40.706  49.136 0.7500000000
34120  9.731  -41.212  46.292 0.7500000000
35307  10.582  -40.288  44.099 0.6250000000
35318  9.510  -41.156  42.638 0.5000000000
35251  13.190  -38.989  48.052 0.6250000000
35242  13.397  -39.487  49.154 0.5000000000
35244  11.585  -39.727  48.434 0.8750000000
36567  10.682  -40.018  41.774 0.3750000000
36555  10.060  -40.523  42.184 0.3750000000
36542  11.127  -39.808  43.676 0.7500000000
35277  12.631  -39.790  46.627 0.8750000000
36508  13.244  -38.559  46.041 0.6250000000
35292  11.602  -39.625  45.621 1.0000000000
37738  11.979  -38.628  43.819 0.7500000000
38931  12.113  -38.404  41.937 0.7500000000
38967  12.142  -38.151  39.918 0.5000000000
37717  14.697  -38.807  46.345 0.5000000000
37736  13.172  -38.334  45.320 0.8750000000
40039  13.111  -37.339  41.341 0.8750000000
38861  15.284  -38.402  45.767 0.6250000000
38910  13.399  -37.243  43.344 0.8750000000
41076  15.043  -36.163  43.005 0.8750000000
41077  14.306  -36.347  42.740 0.8750000000
40038  13.637  -36.707  41.116 1.0000000000
132455  18.361  -33.540  34.623 0.3750000000
43224  17.477  -34.621  34.675 0.5000000000
43240  17.706  -33.919  34.466 0.5000000000
42250  17.872  -35.044  35.300 0.1250000000
45154  19.038  -31.843  33.751 0.3750000000
45156  17.427  -32.691  34.440 0.7500000000
44175  17.849  -33.130  34.309 0.7500000000
41065  15.391  -36.491  43.627 0.7500000000
42151  14.977  -35.686  40.304 0.8750000000
120511  15.401  -35.376  39.629 0.8750000000
42193  14.607  -35.663  38.345 0.7500000000
120287  14.168  -36.259  38.832 0.7500000000
46128  19.762  -31.514  33.354 0.3750000000
46146  20.008  -31.054  32.811 0.5000000000
45175  18.519  -31.427  33.538 0.3750000000
47162  18.545  -30.951  33.270 0.7500000000
46129  18.045  -31.344  33.770 0.7500000000
46130  17.553  -31.835  34.255 0.7500000000
43172  16.398  -34.490  39.730 0.8750000000
45104  16.871  -33.049  37.838 0.6250000000
44137  16.256  -33.425  37.263 0.6250000000
44147  16.171  -33.307  36.310 0.7500000000
43200  15.279  -34.456  37.075 0.7500000000
45126  17.086  -32.238  36.315 0.7500000000
48110  21.247  -29.543  33.083 0.7500000000
48111  20.383  -29.538  33.065 0.8750000000
47161  19.254  -30.639  32.885 0.7500000000
48112  19.518  -29.767  33.145 0.8750000000
47125  18.252  -30.239  34.918 0.8750000000
44098  16.946  -33.966  40.152 0.8750000000
48094  21.548  -29.160  33.683 0.7500000000
49039  21.338  -28.622  34.286 0.8750000000
49041  19.739  -28.814  34.407 0.8750000000
48079  19.374  -29.004  34.804 0.8750000000
48080  18.890  -29.476  34.892 0.8750000000
124016  24.756  -30.352  43.743 0.5000000000
47977  23.374  -29.717  43.553 0.6250000000
116387  22.227  -28.469  43.286 0.7500000000
48941  22.615  -27.978  43.841 0.5000000000
46014  26.090  -30.718  43.551 0.7500000000
131423  25.336  -30.575  43.453 0.7500000000
47021  23.838  -30.400  43.362 0.7500000000
116635  24.274  -30.845  43.159 0.6250000000
47022  22.958  -29.997  43.108 0.8750000000
48955  21.806  -28.513  42.567 0.8750000000
47984  22.433  -29.237  42.795 1.0000000000
48956  21.214  -27.873  42.279 0.8750000000
49873  20.745  -27.527  42.991 0.8750000000
49884  19.989  -27.487  43.037 0.6250000000
49883  20.533  -27.620  42.004 0.8750000000
49885  19.564  -27.811  42.529 0.8750000000
49891  19.441  -27.836  41.534 0.8750000000
133349  19.287  -28.373  42.569 0.7500000000
123552  26.663  -31.335  43.147 0.7500000000
45056  25.584  -30.959  42.944 0.8750000000
46019  24.796  -30.865  42.854 0.7500000000
46024  24.142  -31.066  42.567 0.8750000000
47990  22.213  -29.251  41.448 1.0000000000
47991  21.741  -28.492  40.924 1.0000000000
49889  20.423  -27.565  41.126 0.8750000000
119792  19.394  -27.854  40.851 0.8750000000
44050  27.943  -31.899  44.374 0.7500000000
45063  26.207  -31.349  42.316 0.7500000000
123971  27.027  -31.733  42.590 1.0000000000
120713  25.567  -31.386  41.800 0.8750000000
136535  23.347  -30.745  40.774 1.0000000000
47034  22.717  -29.930  41.201 1.0000000000
49899  20.584  -27.640  39.629 0.8750000000
129625  20.206  -27.528  40.282 0.8750000000
48978  19.386  -28.233  39.851 0.8750000000
44076  26.949  -31.969  41.776 1.0000000000
120256  26.180  -31.803  41.560 1.0000000000
44075  27.524  -32.310  42.408 1.0000000000
45071  25.616  -32.097  41.140 0.8750000000
46029  24.360  -31.539  40.933 0.8750000000
46042  23.887  -31.096  40.455 0.8750000000
46043  22.948  -30.318  40.608 1.0000000000
48016  22.478  -29.250  39.491 1.0000000000
48002  22.427  -29.423  40.495 1.0000000000
49912  20.215  -27.664  39.137 0.8750000000
48988  20.921  -27.866  38.821 1.0000000000
124731  19.467  -28.362  39.039 0.8750000000
49900  20.018  -27.576  39.624 0.8750000000
47054  19.435  -30.167  39.463 0.8750000000
47055  19.227  -30.778  38.971 0.8750000000
44095  25.867  -32.511  40.355 1.0000000000
118197  27.583  -32.486  41.786 1.0000000000
44104  26.213  -32.922  39.587 1.0000000000
44094  26.656  -32.811  40.355 1.0000000000
46041  24.362  -31.714  40.028 0.8750000000
47042  23.375  -30.625  40.116 1.0000000000
47052  23.503  -30.415  39.303 1.0000000000
47043  22.881  -30.072  39.810 1.0000000000
47067  23.061  -29.675  38.137 1.0000000000
48030  22.534  -29.081  38.620 1.0000000000
48990  19.713  -28.107  38.478 0.8750000000
48050  19.410  -28.801  37.171 0.7500000000
46079  18.473  -31.292  37.503 0.7500000000
43165  27.835  -33.642  39.828 1.0000000000
44118  26.985  -33.641  38.674 1.0000000000
44093  27.523  -33.070  40.453 1.0000000000
136584  25.391  -32.665  38.624 1.0000000000
45092  25.912  -32.958  38.790 1.0000000000
46064  24.517  -31.823  38.127 0.8750000000
46052  24.394  -31.751  39.074 1.0000000000
47066  23.583  -30.216  38.506 1.0000000000
136498  23.942  -30.577  38.155 1.0000000000
48049  21.648  -28.318  37.424 1.0000000000
49003  20.474  -28.045  37.258 1.0000000000
115890  28.388  -34.409  38.598 1.0000000000
42187  28.945  -34.597  39.244 1.0000000000
42164  29.974  -34.786  39.588 1.0000000000
42186  29.471  -34.929  38.550 1.0000000000
43179  27.670  -34.041  38.519 1.0000000000
132084  28.148  -34.118  39.253 1.0000000000
43164  28.620  -34.013  39.934 1.0000000000
44119  26.395  -33.286  38.090 1.0000000000
45101  25.699  -32.875  38.085 0.8750000000
46076  24.946  -32.199  37.386 1.0000000000
47106  23.981  -30.911  36.999 1.0000000000
48062  22.964  -29.760  36.381 0.8750000000
47085  22.988  -29.668  37.258 1.0000000000
119046  23.448  -30.324  36.757 0.8750000000
49016  22.426  -28.865  36.759 1.0000000000
49018  20.415  -28.085  36.238 0.8750000000
49019  19.739  -28.336  35.888 0.8750000000
48064  19.295  -28.838  36.300 0.7500000000
43194  28.639  -34.431  37.139 1.0000000000
119971  28.074  -34.240  37.785 1.0000000000
135020  25.411  -32.391  36.847 0.8750000000
45111  25.531  -32.628  37.427 0.8750000000
45121  26.018  -32.829  36.621 0.8750000000
47123  23.938  -30.899  35.538 0.8750000000
47107  23.421  -30.335  35.934 0.8750000000
49030  21.219  -28.235  35.655 0.8750000000
49038  21.795  -28.513  34.990 0.8750000000
49032  19.824  -28.579  35.079 0.8750000000
43195  27.947  -34.085  36.835 1.0000000000
44143  26.870  -33.141  35.891 0.8750000000
45122  25.555  -32.378  36.067 0.8750000000
47124  23.451  -30.358  35.028 0.8750000000
48093  22.176  -29.171  34.192 0.7500000000
44047  29.853  -32.687  44.805 0.8750000000
44058  28.711  -32.507  44.272 0.7500000000
43117  28.235  -32.778  43.209 0.8750000000
43136  28.698  -33.415  41.929 1.0000000000
116117  29.554  -33.456  42.786 0.8750000000
42126  29.297  -33.778  41.330 1.0000000000
121165  28.685  -33.486  41.191 1.0000000000
43124  29.934  -33.852  42.116 1.0000000000
42125  29.996  -34.185  41.352 1.0000000000
42165  29.411  -34.354  40.075 1.0000000000
42143  30.641  -34.832  40.370 1.0000000000
42162  31.212  -34.916  39.711 1.0000000000
42185  30.374  -35.051  38.784 1.0000000000
43123  30.670  -34.077  42.206 1.0000000000
135765  31.033  -34.939  40.862 1.0000000000
43148  32.487  -34.857  40.826 1.0000000000
119404  31.749  -34.805  39.530 1.0000000000
43163  32.357  -34.632  39.987 1.0000000000
42184  30.870  -34.992  38.957 0.8750000000
43178  32.563  -33.900  38.706 1.0000000000
42183  31.707  -34.768  38.704 0.8750000000
42204  31.895  -35.020  37.667 0.8750000000
42182  32.201  -34.429  38.249 1.0000000000
115624  33.073  -33.935  36.668 0.7500000000
45120  32.821  -32.402  36.050 0.7500000000
44063  32.288  -33.303  43.202 0.8750000000
119320  33.173  -32.467  39.518 1.0000000000
116769  32.971  -32.854  38.537 1.0000000000
45032  32.777  -32.022  44.142 0.7500000000
44062  32.945  -32.922  42.933 1.0000000000
47032  33.396  -31.024  41.885 0.8750000000
137363  33.095  -32.050  39.644 1.0000000000
46051  32.803  -31.635  39.353 1.0000000000
47998  32.366  -29.948  40.997 0.8750000000
47050  31.599  -30.562  39.496 1.0000000000
47064  31.389  -30.647  38.610 1.0000000000
48061  29.102  -29.663  36.682 1.0000000000
49927  29.310  -27.080  37.789 0.8750000000
120634  25.479  -25.751  31.178 0.7500000000
53631  26.034  -23.440  32.204 1.0000000000
53640  25.444  -23.718  31.429 1.0000000000
53597  28.176  -23.991  34.868 1.0000000000
54609  26.991  -21.946  34.795 0.8750000000
53611  27.920  -23.887  34.194 1.0000000000
53621  27.510  -23.698  33.551 1.0000000000
127686  24.870  -21.773  31.534 1.0000000000
54641  24.923  -22.703  31.331 1.0000000000
53669  24.049  -23.456  29.066 0.8750000000
52739  24.345  -24.329  29.300 0.7500000000
130087  26.270  -20.608  36.292 0.5000000000
54594  27.381  -22.510  35.440 0.8750000000
57518  26.280  -19.500  33.242 0.8750000000
56598  25.820  -19.722  32.615 1.0000000000
53550  28.344  -23.561  40.365 0.3750000000
118499  28.134  -23.712  39.479 0.5000000000
57492  27.214  -19.472  35.592 0.3750000000
56611  26.007  -19.443  31.584 1.0000000000
56612  25.360  -20.052  31.248 1.0000000000
53725  28.576  -23.999  25.009 0.1250000000
53736  26.950  -23.092  24.940 0.2500000000
57540  26.825  -19.129  31.218 1.0000000000
129712  26.200  -19.592  30.625 1.0000000000
54738  28.350  -22.581  24.149 0.1250000000
54739  27.430  -22.517  24.452 0.1250000000
55712  26.191  -21.857  25.186 0.6250000000
55500  25.805  -21.192  39.818 0.2500000000
55696  25.707  -21.327  27.002 0.8750000000
55704  26.163  -20.968  26.672 1.0000000000
56686  26.964  -20.398  24.419 0.5000000000
55722  26.556  -21.034  24.818 0.6250000000
133958  29.574  -20.541  32.318 0.7500000000
54697  27.821  -21.177  28.714 1.0000000000
54675  28.825  -21.187  29.615 1.0000000000
55629  29.319  -21.457  30.513 1.0000000000
55693  28.860  -20.811  28.333 1.0000000000
58626  27.282  -18.342  25.147 0.5000000000
59607  27.927  -17.677  26.087 0.6250000000
59623  27.825  -17.202  25.010 0.5000000000
58639  28.753  -17.691  24.048 0.3750000000
55674  29.851  -20.548  29.165 1.0000000000
126599  33.579  -19.108  30.073 1.0000000000
57577  30.167  -19.790  27.872 1.0000000000
57593  29.851  -18.940  27.298 1.0000000000
59612  28.067  -17.120  25.578 0.5000000000
59605  29.180  -17.220  26.661 1.0000000000
60518  28.991  -16.084  25.559 0.6250000000
120660  29.658  -16.178  24.426 0.2500000000
60528  30.265  -15.975  24.099 0.1250000000
58573  32.555  -18.260  29.078 1.0000000000
59600  30.428  -17.359  27.683 1.0000000000
58598  30.259  -18.105  27.466 1.0000000000
62508  30.715  -14.422  24.323 0.5000000000
56594  35.319  -20.642  32.221 0.6250000000
59588  32.109  -17.449  29.093 1.0000000000
60493  31.145  -16.258  28.707 1.0000000000
61439  31.278  -15.278  28.509 1.0000000000
61464  30.042  -15.090  26.323 0.7500000000
135541  30.232  -14.787  25.570 0.6250000000
131003  31.872  -13.862  23.400 0.5000000000
61514  32.327  -15.364  21.976 0.1250000000
131776  32.531  -15.887  30.012 1.0000000000
62491  32.634  -13.545  25.480 0.6250000000
62555  34.201  -14.499  21.630 0.3750000000
136491  33.447  -13.987  23.366 0.6250000000
119552  35.537  -14.014  20.907 0.5000000000
62583  35.890  -14.866  19.859 0.3750000000
62571  34.581  -14.625  21.128 0.6250000000
62570  35.121  -14.681  20.519 0.3750000000
62556  33.396  -14.800  21.451 0.3750000000
63533  36.832  -13.674  19.686 0.2500000000
64480  36.634  -12.426  20.004 0.7500000000
62462  33.536  -13.805  27.487 1.0000000000
134171  33.310  -13.737  26.890 1.0000000000
114887  36.443  -14.384  23.714 1.0000000000
62522  37.261  -14.653  23.638 1.0000000000
62524  34.863  -14.165  23.802 1.0000000000
122597  35.650  -14.258  23.744 1.0000000000
63505  36.570  -13.585  22.358 0.7500000000
63512  36.834  -12.922  21.719 0.7500000000
62431  34.997  -13.379  29.653 1.0000000000
62457  38.358  -14.773  27.073 1.0000000000
61445  38.670  -15.148  26.509 1.0000000000
118389  37.367  -15.330  25.105 1.0000000000
61476  36.835  -15.100  25.373 1.0000000000
62504  35.281  -14.465  25.080 1.0000000000
61488  38.630  -15.451  24.355 1.0000000000
61489  37.680  -15.332  24.443 1.0000000000
61491  36.172  -14.838  24.869 1.0000000000
61502  38.652  -15.173  23.670 0.7500000000
62521  38.150  -14.645  23.377 0.8750000000
129360  38.003  -13.794  23.017 0.8750000000
64463  37.713  -12.437  22.120 0.8750000000
62406  37.102  -14.486  32.562 0.5000000000
63414  36.768  -13.492  31.390 0.7500000000
118760  34.905  -13.543  27.933 1.0000000000
122994  40.256  -13.102  28.946 0.5000000000
62445  36.005  -13.636  27.565 1.0000000000
62459  36.858  -14.426  27.001 1.0000000000
61473  39.245  -15.399  24.993 0.6250000000
68244  38.357  -8.496  20.589 0.6250000000
62440  40.828  -14.261  27.962 0.3750000000
66375  39.709  -10.462  22.478 0.8750000000
65408  38.517  -11.302  22.060 0.8750000000
68228  41.100  -8.424  23.198 0.8750000000
67321  39.348  -9.488  22.248 1.0000000000
68237  39.744  -7.523  21.718 1.0000000000
68238  38.968  -7.955  21.210 0.7500000000
61470  41.641  -14.451  25.678 0.5000000000
64447  40.783  -13.145  22.619 0.6250000000
63491  41.346  -13.697  23.020 0.6250000000
67314  41.748  -9.967  23.385 0.7500000000
69129  42.387  -7.049  22.513 0.8750000000
68227  42.001  -7.986  23.315 0.8750000000
63490  42.097  -13.273  23.129 0.6250000000
66362  42.786  -10.378  23.804 0.7500000000
68226  42.775  -7.634  23.276 0.8750000000
69137  43.058  -6.587  22.097 0.8750000000
67298  44.175  -9.450  25.109 0.3750000000
67306  44.739  -8.703  25.099 0.2500000000
131088  44.194  -8.743  24.740 0.3750000000
67311  43.836  -8.387  24.283 0.6250000000
69120  44.116  -7.494  23.683 0.6250000000
68213  45.438  -8.753  25.561 0.1250000000
68203  46.550  -9.312  26.636 0.1250000000
68217  46.186  -8.040  25.377 0.2500000000
41145  13.529  -36.768  38.300 0.6250000000
41157  17.505  -36.717  37.058 0.1250000000
42229  17.561  -35.801  35.602 0.1250000000
41171  17.156  -36.499  36.015 0.1250000000
40120  14.232  -37.475  36.159 0.1250000000
41127  13.704  -36.725  39.356 0.6250000000
41193  16.789  -36.126  35.095 0.2500000000
41159  13.485  -37.036  37.206 0.6250000000
41144  13.932  -36.244  37.768 0.6250000000
43241  17.098  -34.153  34.488 0.5000000000
46126  24.647  -31.564  33.987 0.7500000000
47157  23.870  -31.064  33.623 0.7500000000
46142  24.236  -31.699  33.186 0.6250000000
46143  23.493  -31.271  32.924 0.7500000000
37848  16.019  -39.368  38.725 0.1250000000
40083  16.801  -38.014  37.948 0.1250000000
39002  15.931  -38.353  37.585 0.1250000000
39003  14.976  -38.694  37.149 0.1250000000
40098  17.140  -37.374  37.486 0.1250000000
40099  16.313  -37.698  37.113 0.1250000000
40118  15.844  -37.425  36.205 0.1250000000
40119  14.992  -37.580  36.006 0.1250000000
41172  16.716  -37.110  36.557 0.1250000000
41194  16.171  -36.771  35.590 0.1250000000
40137  14.797  -37.008  35.741 0.2500000000
42251  17.199  -35.391  34.845 0.2500000000
42252  16.446  -35.453  34.736 0.2500000000
122821  15.909  -36.122  34.927 0.2500000000
41196  14.746  -36.410  35.654 0.2500000000
42231  14.516  -35.861  36.259 0.6250000000
42212  14.384  -35.656  37.324 0.6250000000
42270  16.835  -34.782  34.583 0.3750000000
43225  16.231  -34.693  34.770 0.3750000000
126967  15.741  -35.284  34.953 0.2500000000
42230  14.966  -35.057  36.152 0.5000000000
44177  16.755  -33.786  34.615 0.6250000000
44162  16.212  -33.900  34.925 0.6250000000
44148  15.829  -33.832  35.730 0.6250000000
47141  23.997  -30.957  34.549 0.7500000000
45170  25.417  -32.680  33.537 0.6250000000
131754  25.203  -32.164  33.886 0.6250000000
44186  25.476  -33.244  33.474 0.6250000000
48940  23.432  -28.388  44.087 0.5000000000
125182  16.262  -33.369  35.492 0.6250000000
46111  24.566  -31.420  35.098 0.7500000000
45151  25.687  -32.504  34.136 0.7500000000
45169  26.009  -33.081  33.718 0.6250000000
45137  25.680  -32.383  35.064 0.7500000000
45150  26.279  -32.874  34.405 0.7500000000
43236  27.433  -34.636  34.193 0.5000000000
44170  26.557  -33.563  33.949 0.3750000000
44156  26.855  -33.289  34.769 0.7500000000
44169  27.204  -33.963  34.194 0.5000000000
45136  26.259  -32.751  35.474 0.7500000000
42205  31.402  -35.286  37.615 0.7500000000
121624  31.270  -35.495  36.921 0.6250000000
42224  30.375  -35.213  35.878 0.6250000000
128097  31.713  -35.388  36.903 0.7500000000
42222  31.652  -35.609  35.930 0.6250000000
42246  30.618  -35.573  34.959 0.6250000000
42247  29.814  -35.145  34.919 0.5000000000
43235  28.188  -34.822  34.310 0.5000000000
43220  27.788  -34.261  34.461 0.6250000000
43218  29.126  -34.646  35.438 0.6250000000
43234  28.958  -34.945  34.567 0.6250000000
118459  30.694  -35.361  36.938 0.6250000000
43219  28.367  -34.308  35.006 0.6250000000
44155  27.571  -33.709  35.149 0.7500000000
120205  29.951  -34.942  36.785 0.6250000000
135393  29.716  -34.849  35.881 0.6250000000
137466  15.758  -36.691  44.078 0.6250000000
39990  15.283  -37.555  44.644 0.6250000000
41064  15.990  -36.301  43.788 0.6250000000
47979  19.381  -29.252  42.973 0.6250000000
42118  16.091  -35.057  42.126 0.7500000000
118283  30.868  -35.288  37.953 0.7500000000
42206  30.160  -35.136  37.816 0.6250000000
43204  28.614  -34.212  36.091 0.6250000000
43205  28.040  -33.886  35.855 0.6250000000
43203  29.228  -34.620  36.486 0.6250000000
42109  15.751  -35.970  43.279 0.6250000000
47024  19.857  -30.517  42.946 0.5000000000
44077  18.591  -33.491  42.685 0.5000000000
43130  16.788  -34.815  42.552 0.7500000000
42108  16.227  -35.373  42.963 0.7500000000
46026  19.829  -31.236  42.265 0.5000000000
45067  19.017  -32.771  42.267 0.6250000000
44084  18.325  -33.274  41.823 0.6250000000
43141  16.700  -34.493  41.646 0.7500000000
131128  19.765  -30.801  41.794 0.6250000000
45074  19.449  -32.033  41.846 0.6250000000
45075  18.777  -32.606  41.417 0.6250000000
44085  17.711  -33.680  41.373 0.6250000000
128433  19.623  -30.274  41.319 0.7500000000
46033  19.289  -31.936  40.994 0.7500000000
45086  18.574  -32.461  40.579 0.7500000000
45076  18.114  -33.098  40.980 0.7500000000
46044  19.534  -31.107  40.659 0.7500000000
43193  29.345  -34.817  37.496 0.8750000000
42107  16.963  -35.157  43.382 0.6250000000
44078  17.852  -33.960  42.250 0.6250000000
43129  17.250  -34.405  42.199 0.6250000000
43140  17.341  -34.135  41.680 0.6250000000
126698  33.472  -30.522  43.443 0.7500000000
47982  33.548  -29.960  43.153 0.6250000000
47987  33.294  -30.217  42.235 0.6250000000
47983  33.016  -29.395  42.517 0.6250000000
48012  31.043  -29.917  40.018 0.8750000000
47976  33.600  -29.404  43.887 0.6250000000
48952  33.219  -29.179  43.226 0.6250000000
48953  32.621  -28.649  42.823 0.6250000000
48960  32.316  -28.885  42.047 0.7500000000
47989  31.911  -29.200  41.360 0.7500000000
47988  32.708  -29.652  41.733 0.7500000000
48967  31.030  -28.893  41.030 0.7500000000
47999  31.435  -29.611  40.732 0.7500000000
48000  30.552  -29.283  40.434 0.8750000000
48001  29.846  -29.012  40.151 0.6250000000
48014  29.391  -29.124  39.597 0.7500000000
48015  29.002  -29.193  39.008 0.8750000000
49881  32.386  -27.781  42.941 0.5000000000
48954  32.124  -28.250  42.293 0.5000000000
48961  31.558  -28.382  41.645 0.6250000000
48962  30.858  -28.236  41.131 0.6250000000
48968  30.284  -28.511  40.563 0.6250000000
137803  30.015  -27.972  40.372 0.6250000000
49893  29.545  -28.287  39.875 0.6250000000
48976  28.973  -28.000  39.084 0.7500000000
50877  25.131  -26.770  30.680 0.6250000000
52738  24.603  -24.682  30.062 0.6250000000
52769  24.499  -23.946  27.777 0.5000000000
49882  31.840  -27.630  42.058 0.3750000000
50805  31.628  -26.701  41.758 0.3750000000
49887  31.198  -27.573  41.416 0.6250000000
50806  30.964  -26.750  41.073 0.6250000000
49888  30.529  -27.606  40.741 0.6250000000
50808  30.484  -26.661  40.370 0.5000000000
49897  30.073  -27.406  40.058 0.6250000000
49898  29.768  -27.321  39.281 0.7500000000
50864  26.351  -26.638  32.336 0.7500000000
118384  31.172  -26.075  41.373 0.1250000000
51672  30.596  -25.940  40.847 0.5000000000
51675  30.339  -25.916  40.062 0.5000000000
50810  30.244  -26.535  39.543 0.5000000000
50811  29.985  -26.477  38.690 0.7500000000
51668  30.901  -25.281  41.472 0.1250000000
138424  30.253  -25.590  40.511 0.5000000000
51673  29.855  -25.255  40.206 0.5000000000
51676  30.036  -25.681  39.184 0.6250000000
61370  40.487  -15.675  35.410 0.2500000000
59532  39.469  -17.062  35.834 0.2500000000
59541  38.069  -17.097  34.520 0.2500000000
59542  37.646  -18.000  34.283 0.3750000000
61383  40.344  -15.232  34.825 0.2500000000
61371  39.929  -15.679  35.017 0.2500000000
60450  39.407  -16.011  34.903 0.2500000000
60459  37.630  -16.492  34.072 0.3750000000
126403  36.550  -16.996  33.350 0.3750000000
59550  35.795  -17.574  32.215 0.6250000000
61384  39.691  -15.436  34.594 0.2500000000
61393  39.375  -15.058  34.171 0.2500000000
61395  37.668  -15.615  33.741 0.2500000000
61396  36.842  -15.659  33.197 0.3750000000
60470  35.442  -16.744  32.083 0.6250000000
59558  35.249  -17.564  31.655 0.6250000000
62397  39.008  -14.599  33.621 0.2500000000
61401  38.155  -14.771  33.432 0.2500000000
119802  37.781  -14.289  32.736 0.2500000000
52618  30.325  -24.502  41.404 0.1250000000
51669  30.200  -25.226  40.928 0.2500000000
53549  28.964  -24.114  40.747 0.3750000000
52627  29.345  -24.598  40.267 0.3750000000
52635  29.406  -24.856  39.542 0.5000000000
59519  39.938  -17.607  36.427 0.2500000000
59531  40.225  -16.776  36.215 0.2500000000
129079  38.715  -18.216  35.337 0.2500000000
58495  37.306  -18.750  34.066 0.3750000000
60437  39.858  -16.238  35.523 0.2500000000
59534  38.250  -18.036  34.828 0.2500000000
58502  36.881  -18.618  33.513 0.3750000000
58511  36.048  -18.323  32.428 0.6250000000
61392  40.091  -14.841  34.335 0.2500000000
59546  36.722  -17.811  33.451 0.3750000000
58510  36.447  -18.419  33.012 0.3750000000
58521  35.615  -18.314  31.830 0.7500000000
118916  39.784  -14.457  33.756 0.2500000000
62412  38.165  -13.551  32.202 0.3750000000
63412  38.629  -12.866  31.387 0.3750000000
62405  38.595  -14.051  32.997 0.2500000000
60436  40.539  -16.126  35.981 0.2500000000
57513  36.366  -19.775  32.962 0.5000000000
61382  41.102  -15.201  35.227 0.2500000000
125766  36.596  -19.079  33.141 0.3750000000
57514  35.780  -19.721  32.255 0.6250000000
62395  41.353  -13.975  34.047 0.2500000000
62396  40.547  -14.282  33.903 0.2500000000
125632  35.836  -18.906  32.137 0.7500000000
63384  40.954  -13.660  33.438 0.3750000000
62403  40.196  -13.820  33.323 0.3750000000
63397  39.049  -13.337  32.360 0.3750000000
63410  40.704  -12.872  32.194 0.3750000000
63396  39.952  -13.211  32.517 0.3750000000
63411  39.581  -12.753  31.513 0.3750000000
62384  40.985  -14.654  34.554 0.2500000000
63394  41.414  -13.114  32.699 0.3750000000
129113  40.222  -12.600  30.933 0.3750000000
136817  39.824  -12.590  30.744 0.3750000000
63383  41.820  -13.506  33.462 0.3750000000
117774  40.767  -12.648  31.226 0.3750000000
63426  40.147  -12.614  29.965 0.3750000000
54629  30.969  -21.500  32.461 0.7500000000
54638  31.535  -21.430  31.920 0.7500000000
39989  15.850  -37.081  44.574 0.6250000000
43211  15.402  -34.401  36.034 0.6250000000
47030  19.679  -30.189  42.197 0.6250000000
44097  17.532  -33.544  40.552 0.7500000000
46110  25.005  -31.970  35.632 0.7500000000
46013  32.997  -31.258  44.446 0.6250000000
136222  33.175  -31.684  43.010 0.7500000000
47027  33.397  -30.735  42.735 0.6250000000
129439  24.603  -25.441  29.877 0.6250000000
60539  30.744  -15.657  23.580 0.1250000000
56618  33.536  -20.624  30.778 0.8750000000
126120  36.288  -15.866  32.791 0.6250000000
61403  36.528  -15.082  32.611 0.3750000000
63425  41.422  -12.617  30.520 0.3750000000
42211  14.723  -35.125  36.945 0.6250000000
46125  25.148  -31.990  34.624 0.7500000000
42203  32.510  -34.587  37.131 0.7500000000
61402  37.312  -14.941  33.117 0.3750000000
39022  14.535  -38.103  36.400 0.1250000000
41158  14.006  -36.417  36.784 0.5000000000
46141  24.831  -32.228  33.392 0.6250000000
45186  23.843  -31.889  32.852 0.6250000000
38984  15.588  -38.985  38.007 0.1250000000
40100  15.438  -38.019  36.697 0.1250000000
40136  15.407  -37.118  35.684 0.1250000000
41195  15.332  -36.563  35.400 0.1250000000
41173  14.280  -36.729  36.058 0.5000000000
42253  15.102  -35.774  35.367 0.5000000000
43226  15.720  -34.499  35.216 0.6250000000
125364  15.329  -34.995  35.475 0.6250000000
42223  31.056  -35.649  35.923 0.6250000000
42266  29.375  -35.610  34.388 0.3750000000
46032  19.657  -31.283  41.462 0.6250000000
137141  29.009  -28.687  39.263 0.7500000000
60438  39.243  -16.610  35.255 0.2500000000
59533  38.812  -17.368  35.212 0.2500000000
60451  38.792  -16.497  34.769 0.2500000000
59545  37.185  -17.243  33.946 0.3750000000
61385  39.063  -15.762  34.428 0.2500000000
60458  38.320  -16.113  34.287 0.2500000000
60460  36.981  -16.377  33.649 0.3750000000
60464  36.057  -16.697  32.676 0.6250000000
60463  36.486  -16.325  33.151 0.5000000000
59549  36.249  -17.622  32.873 0.5000000000
61394  38.609  -15.316  34.003 0.2500000000
53536  29.576  -23.809  41.449 0.2500000000
52619  29.661  -24.611  40.868 0.2500000000
57526  36.217  -19.040  32.633 0.6250000000
62404  39.418  -13.883  33.190 0.2500000000
63395  40.624  -13.347  32.869 0.3750000000
121564  -0.451  -42.658  46.039 0.1250000000
34142  -0.535  -42.625  45.256 0.1250000000
130721  -0.672  -42.634  44.511 0.1250000000
34158  0.213  -42.579  44.681 0.1250000000
34176  -0.563  -42.589  43.201 0.1250000000
115440  0.065  -42.590  43.811 0.1250000000
115436  0.218  -42.555  43.025 0.1250000000
34115  -0.714  -42.829  47.404 0.1250000000
34128  -0.332  -42.695  46.728 0.1250000000
34127  0.476  -42.659  46.319 0.1250000000
34141  0.349  -42.593  45.473 0.1250000000
120221  1.389  -42.738  45.672 0.1250000000
34157  1.078  -42.657  44.140 0.1250000000
34191  0.716  -42.544  42.593 0.1250000000
31954  -1.055  -44.335  50.587 0.1250000000
31953  -0.671  -44.281  51.002 0.1250000000
33013  -0.115  -44.055  50.968 0.1250000000
115361  -0.715  -43.599  49.644 0.1250000000
33018  0.643  -43.887  50.287 0.1250000000
33031  -0.505  -43.214  48.806 0.1250000000
33025  0.325  -43.537  49.414 0.1250000000
33030  0.432  -43.207  48.545 0.1250000000
33024  1.483  -43.860  49.658 0.1250000000
33046  1.461  -42.915  46.850 0.1250000000
34126  2.409  -42.998  46.093 0.1250000000
34140  2.206  -42.822  45.275 0.1250000000
34156  1.696  -42.711  44.780 0.1250000000
117109  1.919  -42.696  44.127 0.1250000000
34175  0.915  -42.601  43.252 0.1250000000
34204  0.898  -42.486  41.894 0.1250000000
31946  -0.082  -44.898  52.248 0.1250000000
31950  -0.351  -44.483  51.628 0.1250000000
134254  0.301  -44.651  52.027 0.1250000000
33006  2.725  -44.100  52.618 0.1250000000
33005  2.894  -44.116  53.332 0.1250000000
135479  0.524  -44.446  51.542 0.1250000000
33003  2.706  -42.953  53.511 0.1250000000
117940  1.042  -44.259  50.926 0.1250000000
33029  1.488  -43.588  48.664 0.1250000000
133796  2.642  -43.401  47.717 0.1250000000
33045  2.472  -43.219  47.061 0.1250000000
34139  2.913  -42.860  45.314 0.1250000000
119418  3.168  -42.561  43.941 0.1250000000
34173  2.471  -42.622  43.729 0.1250000000
34174  1.739  -42.619  43.452 0.1250000000
34189  2.442  -42.490  42.977 0.1250000000
34190  1.603  -42.530  42.537 0.1250000000
29743  2.978  -45.924  54.122 0.2500000000
30834  0.372  -45.583  52.523 0.1250000000
30829  2.105  -45.891  53.424 0.1250000000
30825  2.891  -45.591  53.967 0.2500000000
31939  3.156  -44.627  54.421 0.2500000000
31945  0.876  -45.174  52.321 0.2500000000
31941  1.876  -45.591  52.585 0.2500000000
31949  1.441  -44.733  51.790 0.2500000000
33009  2.384  -44.260  51.916 0.1250000000
33011  2.166  -43.868  51.040 0.1250000000
33008  2.529  -43.592  51.897 0.1250000000
34078  2.473  -43.036  52.845 0.1250000000
33023  2.405  -43.796  49.231 0.1250000000
34090  2.771  -43.080  50.717 0.1250000000
33034  3.110  -43.194  47.354 0.1250000000
33022  3.099  -43.320  48.867 0.1250000000
34097  2.969  -43.256  49.753 0.1250000000
34124  3.842  -42.455  46.361 0.1250000000
34138  3.679  -42.541  45.460 0.1250000000
34155  3.414  -42.581  44.679 0.1250000000
34171  3.937  -42.237  44.055 0.1250000000
34172  3.582  -42.270  43.373 0.1250000000
129264  2.972  -42.481  43.356 0.1250000000
34188  3.182  -42.275  42.793 0.1250000000
34202  2.644  -42.280  42.077 0.1250000000
35322  3.567  -41.907  42.236 0.1250000000
30823  3.301  -45.198  54.425 0.2500000000
31936  3.303  -44.441  54.939 0.2500000000
32997  3.374  -43.573  55.399 0.2500000000
34089  3.356  -42.304  50.333 0.1250000000
34104  3.625  -42.657  48.428 0.1250000000
34112  4.089  -42.181  47.200 0.1250000000
34137  4.554  -42.001  45.705 0.1250000000
125202  5.456  -41.253  45.890 0.1250000000
35283  5.138  -41.636  45.067 0.1250000000
35297  4.797  -41.812  44.216 0.1250000000
35311  4.419  -41.850  43.338 0.1250000000
35312  3.830  -42.037  42.830 0.1250000000
35321  4.328  -41.622  42.511 0.1250000000
35331  2.463  -41.988  41.160 0.1250000000
36571  4.674  -40.748  41.384 0.1250000000
35330  4.117  -41.381  41.778 0.1250000000
35340  3.025  -41.362  40.711 0.1250000000
35231  3.968  -41.435  50.903 0.1250000000
34103  4.172  -42.049  47.983 0.1250000000
35240  4.566  -41.380  49.594 0.1250000000
35267  4.913  -41.561  46.664 0.1250000000
35296  5.592  -41.182  44.454 0.1250000000
36557  5.684  -40.682  42.523 0.1250000000
36558  4.921  -41.088  42.109 0.1250000000
35320  5.092  -41.321  42.853 0.1250000000
36572  3.824  -41.018  41.062 0.1250000000
36586  4.383  -40.374  40.640 0.1250000000
36587  3.534  -40.635  40.277 0.1250000000
37816  4.975  -39.719  40.257 0.1250000000
36603  4.102  -39.987  39.858 0.1250000000
38989  5.061  -38.544  38.098 0.1250000000
118600  4.847  -40.900  50.468 0.1250000000
36445  4.562  -40.303  52.415 0.1250000000
35246  4.970  -41.342  48.368 0.1250000000
134787  5.222  -39.602  51.349 0.1250000000
36435  4.604  -39.497  52.517 0.1250000000
35239  5.505  -40.430  49.825 0.1250000000
36451  5.439  -39.935  50.709 0.1250000000
125174  5.608  -40.854  47.295 0.1250000000
36492  6.630  -39.194  45.769 0.1250000000
35266  6.075  -40.489  46.619 0.1250000000
35282  5.967  -40.784  45.346 0.1250000000
36556  6.445  -40.149  43.162 0.1250000000
126646  5.723  -40.886  43.195 0.1250000000
36569  6.276  -39.947  42.220 0.1250000000
36570  5.516  -40.422  41.749 0.1250000000
37795  6.667  -39.185  41.909 0.1250000000
36585  5.285  -40.102  40.999 0.1250000000
38951  6.389  -38.586  40.368 0.1250000000
37815  5.902  -39.392  40.657 0.1250000000
38950  6.801  -38.199  40.859 0.1250000000
37832  5.563  -39.020  39.885 0.1250000000
38970  6.175  -38.278  39.507 0.1250000000
37833  4.708  -39.401  39.458 0.1250000000
38988  6.004  -37.942  38.503 0.1250000000
38971  5.288  -38.706  39.031 0.1250000000
40086  6.527  -37.149  38.597 0.1250000000
36429  3.839  -39.575  54.115 0.1250000000
36424  3.432  -39.133  54.936 0.1250000000
36444  4.959  -39.761  51.925 0.1250000000
37638  4.129  -39.033  53.332 0.1250000000
35245  5.654  -40.550  48.777 0.1250000000
36450  5.760  -39.447  49.985 0.1250000000
37653  5.396  -39.022  50.837 0.1250000000
36474  6.294  -39.960  47.537 0.1250000000
119785  6.042  -38.954  48.447 0.1250000000
36493  6.561  -39.292  46.791 0.1250000000
120775  6.512  -40.034  46.019 0.1250000000
36511  6.486  -39.988  45.375 0.1250000000
36527  6.551  -39.556  44.912 0.1250000000
36545  6.044  -40.698  43.867 0.1250000000
37758  6.980  -39.199  43.525 0.1250000000
37774  6.792  -39.343  42.675 0.1250000000
38893  6.965  -38.859  42.881 0.1250000000
121259  6.834  -38.806  42.337 0.1250000000
38912  6.720  -38.340  42.452 0.1250000000
37814  6.614  -38.948  41.125 0.1250000000
40040  6.657  -37.761  41.730 0.1250000000
38933  6.766  -38.382  41.640 0.1250000000
40056  6.870  -37.519  40.930 0.1250000000
38969  6.822  -37.682  40.098 0.1250000000
121101  7.059  -36.965  40.214 0.1250000000
38987  6.575  -37.590  39.214 0.1250000000
41128  6.727  -36.227  39.134 0.1250000000
40102  6.195  -36.595  38.021 0.1250000000
40087  6.098  -37.285  37.918 0.1250000000
37612  3.310  -38.799  56.218 0.3750000000
37617  3.413  -39.422  55.389 0.3750000000
37626  3.816  -38.922  54.152 0.1250000000
116026  3.153  -37.920  54.563 0.2500000000
38816  3.743  -38.651  52.823 0.1250000000
38800  3.122  -38.253  53.934 0.1250000000
37654  4.739  -38.625  50.585 0.1250000000
38824  3.703  -38.627  52.005 0.1250000000
129266  2.952  -38.507  52.815 0.1250000000
37689  5.802  -38.700  47.901 0.1250000000
37662  5.350  -38.692  49.813 0.1250000000
38828  4.187  -38.602  51.173 0.1250000000
38853  6.253  -38.837  46.301 0.1250000000
37688  6.365  -39.054  47.757 0.1250000000
37719  6.517  -38.986  45.061 0.1250000000
119192  6.782  -38.690  43.962 0.1250000000
40003  6.313  -38.018  42.927 0.1250000000
40069  12.695  -37.638  39.395 0.5000000000
123061  6.781  -36.768  40.724 0.1250000000
41110  6.859  -36.226  39.919 0.1250000000
38795  6.530  -37.815  55.905 0.5000000000
38792  5.303  -38.297  56.863 0.3750000000
38789  3.784  -38.087  56.896 0.3750000000
38790  3.633  -37.966  56.010 0.3750000000
38793  3.125  -37.639  54.641 0.2500000000
38802  1.525  -37.786  54.227 0.1250000000
38796  2.402  -37.546  54.437 0.1250000000
38806  2.033  -38.083  54.027 0.1250000000
38818  1.119  -38.471  53.355 0.1250000000
37673  5.498  -38.678  48.774 0.1250000000
114771  3.796  -38.720  50.475 0.1250000000
115699  1.963  -39.504  51.268 0.1250000000
37639  1.689  -38.766  52.720 0.1250000000
137264  17.929  -34.546  43.435 0.5000000000
37674  4.534  -38.705  49.098 0.1250000000
118882  2.655  -39.435  50.475 0.1250000000
43119  17.504  -34.552  42.960 0.5000000000
116381  6.110  -38.755  47.125 0.1250000000
37664  3.325  -39.316  49.562 0.1250000000
37665  2.001  -40.063  49.816 0.1250000000
38863  6.234  -38.823  45.464 0.1250000000
37705  5.238  -38.642  47.108 0.1250000000
38877  5.682  -38.527  45.088 0.1250000000
38854  5.592  -38.633  46.419 0.1250000000
123184  5.696  -38.323  44.456 0.1250000000
40004  5.560  -37.851  43.159 0.1250000000
40025  5.895  -37.474  42.506 0.1250000000
41079  5.571  -36.986  41.937 0.1250000000
37618  7.159  -38.582  55.355 0.5000000000
115412  5.779  -37.623  56.401 0.5000000000
39910  5.049  -37.219  56.579 0.3750000000
39908  4.341  -37.021  56.211 0.3750000000
40983  3.289  -36.271  55.113 0.3750000000
40988  1.870  -36.434  54.753 0.1250000000
42090  18.522  -35.247  45.482 0.2500000000
42083  18.078  -36.002  45.964 0.2500000000
42091  17.740  -35.787  45.150 0.3750000000
39925  0.870  -37.660  54.225 0.1250000000
40992  1.278  -37.041  54.547 0.1250000000
43110  18.748  -34.626  44.779 0.5000000000
42097  18.065  -35.155  44.568 0.3750000000
42098  17.204  -35.633  44.279 0.3750000000
41057  17.139  -36.267  44.904 0.3750000000
37640  0.628  -38.916  52.471 0.1250000000
38819  0.435  -38.436  52.982 0.1250000000
116874  17.661  -34.917  43.768 0.3750000000
42099  16.429  -35.798  43.690 0.5000000000
37649  0.361  -39.316  51.617 0.1250000000
44071  18.214  -34.161  43.126 0.5000000000
37675  3.404  -39.581  48.437 0.1250000000
36456  2.337  -40.151  48.855 0.1250000000
37706  4.019  -39.214  46.842 0.1250000000
38878  4.936  -38.321  44.693 0.1250000000
37720  4.641  -38.778  46.237 0.1250000000
114767  4.468  -38.344  43.967 0.1250000000
44157  24.626  -34.097  35.166 0.1250000000
38799  8.857  -37.890  54.508 0.5000000000
121865  7.427  -37.534  55.496 0.5000000000
39920  7.010  -36.976  55.838 0.5000000000
37622  9.348  -38.634  54.048 0.5000000000
40982  6.111  -36.454  55.951 0.3750000000
40975  5.541  -36.600  56.068 0.3750000000
42000  4.921  -36.341  55.673 0.3750000000
42007  3.468  -35.914  55.163 0.2500000000
42082  18.684  -35.526  46.426 0.2500000000
41049  17.448  -36.484  45.588 0.3750000000
43103  19.222  -34.921  46.076 0.2500000000
40997  0.454  -36.882  53.633 0.1250000000
120340  0.768  -37.034  54.337 0.1250000000
43106  19.127  -34.613  45.402 0.2500000000
41050  16.636  -36.931  45.205 0.5000000000
119309  18.982  -34.150  44.295 0.3750000000
118338  20.991  -31.931  34.431 0.1250000000
45152  21.866  -32.280  34.400 0.1250000000
133481  21.465  -31.983  33.616 0.1250000000
44158  23.851  -33.585  35.247 0.1250000000
44172  23.661  -33.313  34.371 0.1250000000
44173  22.826  -32.794  34.183 0.1250000000
43221  25.506  -34.441  34.652 0.1250000000
43239  24.996  -33.898  34.044 0.1250000000
41192  27.030  -35.975  35.495 0.2500000000
42249  25.934  -34.971  35.279 0.1250000000
40134  28.128  -36.887  35.648 0.1250000000
42248  27.466  -35.615  34.609 0.2500000000
40147  29.299  -36.709  34.607 0.1250000000
41190  28.532  -36.540  34.794 0.2500000000
40145  30.651  -36.857  34.642 0.1250000000
40146  30.030  -36.811  34.549 0.1250000000
38804  10.231  -38.241  53.402 0.5000000000
38798  9.667  -38.051  53.935 0.3750000000
43086  20.112  -34.584  48.696 0.2500000000
42077  19.514  -35.184  47.910 0.2500000000
42078  18.854  -35.708  47.289 0.2500000000
41031  17.890  -36.833  47.238 0.2500000000
39969  17.377  -37.316  46.804 0.5000000000
44023  20.606  -33.647  47.561 0.2500000000
43096  20.076  -34.429  47.541 0.2500000000
41038  18.259  -36.193  46.815 0.2500000000
41040  17.118  -37.118  46.015 0.3750000000
39970  16.761  -37.721  46.452 0.5000000000
44037  20.260  -33.918  46.714 0.3750000000
43102  19.725  -34.543  46.574 0.2500000000
137035  16.505  -37.506  45.791 0.5000000000
38860  15.790  -37.669  45.281 0.5000000000
44036  20.282  -33.341  46.028 0.3750000000
44052  19.958  -33.398  45.267 0.3750000000
44060  19.325  -33.679  44.256 0.3750000000
44070  18.899  -33.736  43.605 0.3750000000
46162  20.992  -31.150  32.717 0.2500000000
45174  22.294  -32.267  33.365 0.1250000000
135786  24.296  -33.684  34.494 0.1250000000
44188  23.627  -33.019  33.493 0.1250000000
42269  26.368  -34.652  34.342 0.1250000000
41210  29.723  -36.186  34.337 0.2500000000
41208  31.037  -36.424  34.732 0.2500000000
41209  30.402  -36.297  34.516 0.1250000000
42243  32.726  -35.501  35.002 0.2500000000
42244  32.055  -35.760  35.021 0.2500000000
41189  31.793  -36.473  34.851 0.2500000000
127580  33.102  -34.963  34.979 0.2500000000
43962  19.307  -31.990  50.993 0.2500000000
43975  19.090  -32.998  50.693 0.2500000000
43049  19.237  -33.852  50.738 0.2500000000
139065  19.414  -34.527  50.845 0.2500000000
43974  19.638  -32.554  50.500 0.2500000000
43048  19.549  -33.463  50.427 0.2500000000
43061  19.672  -34.256  50.428 0.2500000000
41013  19.187  -36.034  50.141 0.2500000000
41018  18.769  -36.702  49.634 0.2500000000
124319  20.145  -32.159  50.461 0.2500000000
119023  20.081  -32.960  50.218 0.2500000000
43060  19.973  -33.753  50.081 0.2500000000
120942  20.083  -34.151  49.929 0.2500000000
42064  19.687  -34.830  50.075 0.2500000000
41017  19.152  -35.905  49.350 0.2500000000
39958  18.144  -37.080  48.095 0.2500000000
39949  17.795  -37.820  48.513 0.2500000000
118960  20.699  -31.890  50.414 0.2500000000
44009  20.767  -33.354  49.214 0.2500000000
43085  20.573  -33.913  48.489 0.2500000000
42072  19.044  -35.875  48.141 0.2500000000
39959  17.576  -37.541  47.642 0.2500000000
38844  16.514  -38.560  47.725 0.5000000000
44997  21.006  -32.604  49.309 0.2500000000
119569  20.838  -33.353  48.303 0.2500000000
39960  17.027  -37.988  47.223 0.5000000000
38852  15.494  -38.696  46.589 0.5000000000
122599  21.036  -32.201  47.840 0.3750000000
115740  20.646  -33.158  46.830 0.3750000000
130753  16.079  -38.116  46.077 0.5000000000
45021  20.587  -32.685  46.171 0.3750000000
44051  20.363  -32.726  45.505 0.3750000000
45051  20.038  -32.505  44.229 0.3750000000
121794  19.749  -33.276  44.568 0.3750000000
45058  19.745  -32.539  43.506 0.3750000000
45057  20.105  -31.873  43.551 0.3750000000
45187  23.233  -31.759  32.783 0.3750000000
46145  21.635  -31.669  32.959 0.2500000000
44187  24.361  -32.960  33.081 0.2500000000
45173  23.052  -32.599  33.324 0.1250000000
44171  24.326  -33.423  33.713 0.1250000000
43238  25.900  -34.162  33.795 0.1250000000
43247  25.485  -33.703  33.604 0.1250000000
115900  27.125  -34.973  34.178 0.2500000000
41211  28.964  -36.067  34.247 0.2500000000
42268  27.867  -35.217  34.205 0.2500000000
42245  31.340  -35.862  34.930 0.3750000000
136107  33.046  -33.392  35.046 0.5000000000
43217  33.195  -34.313  35.297 0.3750000000
45133  33.154  -33.296  34.416 0.3750000000
43025  18.324  -32.587  51.037 0.2500000000
43026  17.977  -32.849  50.958 0.2500000000
42037  18.677  -34.764  51.081 0.2500000000
43951  18.958  -31.368  51.626 0.2500000000
132493  19.276  -35.221  50.940 0.2500000000
39937  18.725  -36.775  50.840 0.2500000000
39938  18.543  -37.506  51.302 0.2500000000
136814  19.409  -35.474  50.555 0.2500000000
41014  18.815  -36.788  50.265 0.2500000000
39941  18.615  -37.405  50.709 0.2500000000
39943  18.474  -37.582  50.068 0.2500000000
39944  17.973  -38.107  49.436 0.2500000000
38835  16.719  -38.848  48.555 0.5000000000
45996  20.669  -31.972  45.795 0.3750000000
137504  20.688  -31.342  45.751 0.3750000000
125131  20.510  -31.264  45.148 0.3750000000
45050  20.352  -31.593  44.291 0.3750000000
45066  19.706  -32.159  42.770 0.3750000000
46021  19.998  -31.388  43.013 0.3750000000
45980  28.474  -30.119  45.803 0.3750000000
47000  27.226  -30.123  44.347 0.3750000000
45995  28.567  -30.573  45.254 0.3750000000
45039  27.274  -30.879  43.815 0.6250000000
131406  22.534  -30.475  32.882 0.3750000000
48124  21.652  -30.204  32.757 0.5000000000
45171  24.318  -32.389  33.033 0.5000000000
43248  24.959  -33.392  33.364 0.2500000000
43237  26.665  -34.249  33.961 0.2500000000
42267  28.599  -35.444  34.307 0.2500000000
42221  32.207  -35.277  36.163 0.5000000000
42264  30.717  -35.968  34.678 0.2500000000
119633  32.919  -32.804  33.845 0.2500000000
133054  18.100  -34.173  50.932 0.2500000000
133791  18.149  -36.113  51.193 0.2500000000
41000  18.269  -36.696  51.282 0.2500000000
128298  20.310  -30.401  45.101 0.3750000000
47016  20.319  -30.640  44.389 0.3750000000
47023  20.268  -31.001  43.608 0.3750000000
47010  25.049  -30.156  44.138 0.3750000000
126298  28.194  -29.799  46.568 0.3750000000
46968  28.190  -29.776  47.275 0.3750000000
45979  28.555  -30.548  46.253 0.3750000000
45018  28.560  -31.018  45.485 0.6250000000
46967  28.600  -29.962  47.270 0.3750000000
46982  28.470  -30.346  46.643 0.3750000000
45004  28.575  -31.072  46.038 0.3750000000
45977  29.206  -30.912  46.762 0.3750000000
119866  28.573  -31.364  45.589 0.6250000000
45037  28.301  -31.544  44.952 0.6250000000
45994  28.840  -31.188  46.369 0.3750000000
45036  28.594  -31.864  45.381 0.6250000000
45015  30.882  -32.014  45.750 0.3750000000
45014  31.490  -32.038  45.464 0.5000000000
45013  31.996  -31.824  45.321 0.5000000000
122578  31.242  -32.774  44.654 0.5000000000
45134  32.670  -32.715  34.932 0.5000000000
45149  31.643  -32.407  33.773 0.1250000000
47972  19.820  -29.626  44.685 0.3750000000
47017  19.896  -29.963  43.725 0.3750000000
47935  29.285  -29.490  47.790 0.3750000000
135654  29.168  -30.097  47.364 0.3750000000
48917  31.169  -28.845  47.639 0.2500000000
47943  30.902  -29.634  47.380 0.2500000000
47942  31.666  -29.289  47.123 0.2500000000
46998  31.042  -30.921  46.470 0.2500000000
45992  30.562  -31.495  46.216 0.2500000000
120529  29.347  -32.214  45.490 0.5000000000
46979  31.390  -30.143  46.774 0.2500000000
45016  29.908  -31.935  46.015 0.3750000000
45991  31.461  -31.507  45.867 0.3750000000
47020  33.347  -30.765  43.929 0.6250000000
114841  33.694  -30.137  43.979 0.5000000000
48942  19.400  -28.212  44.247 0.3750000000
48947  19.330  -28.288  43.334 0.5000000000
47973  19.295  -28.948  43.969 0.3750000000
47934  30.280  -29.100  47.759 0.2500000000
47944  29.964  -29.854  47.416 0.2500000000
47968  33.589  -29.629  44.670 0.3750000000
49865  22.237  -27.556  44.240 0.3750000000
49866  21.549  -27.406  44.327 0.3750000000
49872  21.665  -27.642  43.639 0.3750000000
132912  33.051  -28.494  43.715 0.2500000000
49874  20.264  -27.449  43.720 0.5000000000
47140  27.762  -29.662  33.892 0.5000000000
129730  26.923  -28.728  33.562 0.5000000000
49050  26.691  -28.203  33.146 0.6250000000
49982  27.000  -27.408  33.461 0.6250000000
49996  26.492  -27.455  32.712 0.6250000000
50010  25.997  -27.460  31.908 0.6250000000
54536  27.900  -22.860  40.791 0.2500000000
65448  39.731  -11.647  18.928 0.1250000000
136568  39.439  -12.253  19.006 0.1250000000
120923  38.816  -11.667  18.907 0.1250000000
116740  40.051  -10.892  18.844 0.1250000000
129660  39.023  -10.881  18.848 0.1250000000
65449  38.070  -10.966  18.972 0.2500000000
66420  40.397  -10.105  18.704 0.1250000000
66421  39.201  -9.922  18.824 0.1250000000
67376  41.640  -9.415  18.288 0.1250000000
66430  41.417  -10.119  18.640 0.1250000000
67359  38.134  -9.424  19.374 0.2500000000
67377  40.603  -9.277  18.469 0.1250000000
124097  39.760  -9.337  18.722 0.1250000000
68266  41.705  -8.636  17.810 0.1250000000
123935  40.992  -8.763  18.169 0.1250000000
67360  37.567  -9.728  19.760 0.6250000000
67357  39.689  -8.544  18.807 0.1250000000
67358  38.962  -8.887  19.098 0.1250000000
68258  40.312  -8.278  18.483 0.1250000000
68248  39.742  -7.702  19.060 0.1250000000
69152  41.463  -7.629  17.609 0.1250000000
68257  40.867  -7.966  18.042 0.1250000000
136739  42.430  -7.278  16.476 0.1250000000
69138  40.604  -7.145  21.839 0.7500000000
69143  39.433  -7.373  20.759 0.2500000000
68250  38.372  -8.500  19.748 0.2500000000
68249  39.068  -8.037  19.437 0.2500000000
69150  40.356  -7.412  18.630 0.1250000000
69149  40.937  -7.111  18.166 0.1250000000
127987  41.966  -7.233  16.936 0.1250000000
70024  42.429  -6.682  16.320 0.1250000000
132676  40.025  -6.975  21.177 0.2500000000
69142  39.955  -6.828  20.349 0.2500000000
69146  40.016  -6.944  19.408 0.2500000000
70014  40.629  -6.442  19.983 0.3750000000
70017  41.201  -6.349  18.452 0.3750000000
70018  40.639  -6.620  18.954 0.2500000000
70023  42.897  -6.065  15.931 0.1250000000
70021  41.457  -6.741  17.641 0.2500000000
69158  42.916  -6.758  15.696 0.1250000000
70002  43.336  -6.235  21.565 0.7500000000
70009  41.497  -6.255  20.745 0.5000000000
69141  40.676  -6.589  21.015 0.3750000000
70011  43.096  -5.526  20.256 0.6250000000
119408  42.985  -5.939  21.027 0.5000000000
70882  42.834  -5.218  19.336 0.1250000000
70012  42.190  -5.555  19.525 0.3750000000
70013  41.362  -6.043  19.554 0.3750000000
70888  43.129  -4.892  18.501 0.1250000000
70889  42.228  -5.381  18.600 0.3750000000
119690  41.634  -5.775  18.781 0.3750000000
70896  43.250  -5.307  16.392 0.1250000000
70893  42.358  -5.474  17.631 0.1250000000
70016  41.686  -5.925  17.963 0.2500000000
37610  4.103  -38.544  57.199 0.3750000000
119386  4.516  -37.824  57.120 0.3750000000
37611  3.586  -39.045  56.929 0.3750000000
118601  8.557  -38.883  54.487 0.5000000000
36416  2.920  -40.407  55.657 0.1250000000
31940  2.655  -45.003  52.886 0.1250000000
120023  10.218  -38.700  53.132 0.5000000000
36436  4.329  -40.005  53.342 0.1250000000
46127  20.691  -31.620  33.301 0.2500000000
47174  21.205  -30.609  32.645 0.3750000000
46999  28.336  -29.894  44.960 0.3750000000
128517  23.427  -30.413  34.060 0.6250000000
47159  22.767  -29.984  33.661 0.6250000000
120383  30.318  -32.413  45.378 0.5000000000
44142  33.117  -33.463  35.748 0.6250000000
45135  31.951  -32.239  34.689 0.5000000000
115783  41.533  -6.731  21.761 0.5000000000
29739  3.515  -45.570  54.421 0.2500000000
125416  3.044  -43.925  54.933 0.2500000000
48109  22.063  -29.675  33.287 0.6250000000
49875  19.661  -27.791  43.569 0.5000000000
70003  42.477  -6.365  21.489 0.7500000000
40068  13.173  -37.254  38.837 0.5000000000
41174  13.812  -37.046  36.442 0.1250000000
47158  23.244  -30.619  33.262 0.5000000000
132360  22.815  -31.163  32.717 0.3750000000
116094  24.927  -32.861  33.157 0.5000000000
43246  26.041  -33.719  33.666 0.2500000000
42265  30.141  -35.766  34.520 0.2500000000
41058  16.446  -36.391  44.357 0.5000000000
45059  19.296  -33.008  43.095 0.3750000000
45172  23.660  -32.414  32.915 0.3750000000
33037  -0.131  -42.916  48.007 0.1250000000
34114  0.309  -42.762  47.190 0.1250000000
115334  0.954  -42.625  44.939 0.1250000000
33019  -0.771  -43.931  50.436 0.1250000000
116816  -0.233  -43.719  50.200 0.1250000000
33036  0.956  -43.051  47.834 0.1250000000
33017  1.507  -44.023  50.404 0.1250000000
122968  2.551  -42.739  44.541 0.1250000000
31944  2.241  -45.031  52.073 0.1250000000
33012  1.770  -44.394  51.400 0.1250000000
33035  1.945  -43.423  47.732 0.1250000000
33016  2.306  -43.845  50.140 0.1250000000
33027  3.134  -43.276  48.063 0.1250000000
33028  2.481  -43.602  48.359 0.1250000000
34125  3.112  -43.075  46.615 0.1250000000
30830  1.098  -45.822  52.899 0.2500000000
135925  0.180  -45.954  52.555 0.1250000000
34113  3.583  -42.756  47.663 0.1250000000
120276  3.283  -41.691  41.493 0.1250000000
34096  3.654  -42.360  49.367 0.1250000000
35310  5.293  -41.356  43.634 0.1250000000
130364  3.996  -41.651  50.103 0.1250000000
37834  3.927  -39.682  39.041 0.1250000000
37852  4.499  -39.187  38.621 0.1250000000
35230  4.836  -40.453  51.430 0.1250000000
125257  5.144  -41.074  49.110 0.1250000000
37647  4.976  -39.070  51.722 0.1250000000
37637  4.365  -38.828  52.357 0.1250000000
36455  5.967  -39.898  49.316 0.1250000000
37796  6.113  -39.700  41.426 0.1250000000
40070  6.955  -36.883  39.416 0.1250000000
37621  3.403  -39.519  55.170 0.2500000000
37625  3.812  -38.876  53.927 0.1250000000
36423  3.558  -39.152  54.648 0.1250000000
36462  6.167  -39.661  48.484 0.1250000000
37672  5.985  -39.089  49.197 0.1250000000
137703  4.832  -38.686  51.195 0.1250000000
36411  3.259  -39.411  55.766 0.3750000000
125707  3.602  -38.375  55.202 0.2500000000
37613  3.511  -38.744  55.666 0.3750000000
123701  3.217  -38.148  54.960 0.2500000000
38801  2.766  -37.930  54.333 0.1250000000
38805  3.243  -38.427  53.589 0.1250000000
37663  4.430  -38.632  49.924 0.1250000000
131800  2.452  -38.902  52.025 0.1250000000
38817  2.219  -38.382  53.412 0.1250000000
37690  4.605  -38.828  47.952 0.1250000000
37655  3.169  -38.855  51.240 0.1250000000
129938  12.203  -38.117  38.954 0.3750000000
38787  5.170  -37.693  56.816 0.3750000000
39911  4.313  -37.356  56.700 0.3750000000
128950  3.647  -37.307  55.538 0.3750000000
39912  3.882  -37.383  56.287 0.3750000000
38791  3.592  -37.935  55.198 0.3750000000
39917  2.317  -36.986  54.761 0.1250000000
40979  3.139  -36.946  55.046 0.3750000000
38797  2.106  -37.670  54.304 0.1250000000
39922  1.540  -37.471  54.361 0.1250000000
38807  0.871  -38.145  53.890 0.1250000000
37656  0.874  -39.758  51.112 0.1250000000
37648  1.210  -39.292  51.892 0.1250000000
43118  18.373  -34.501  43.931 0.5000000000
38865  5.098  -38.587  45.845 0.1250000000
117202  5.038  -37.456  42.512 0.1250000000
38794  8.049  -38.238  55.048 0.5000000000
39916  5.643  -36.958  56.289 0.5000000000
39915  6.304  -36.891  56.066 0.5000000000
137061  4.692  -37.140  56.458 0.3750000000
40977  4.459  -36.605  55.731 0.3750000000
40976  4.935  -36.727  56.086 0.3750000000
40978  3.739  -36.744  55.432 0.3750000000
42008  2.907  -36.049  55.235 0.2500000000
40984  2.615  -36.363  54.977 0.2500000000
42002  3.843  -36.314  55.287 0.3750000000
39921  1.751  -37.082  54.583 0.1250000000
38808  0.332  -38.051  53.493 0.1250000000
39929  0.344  -37.538  53.737 0.1250000000
130805  8.142  -37.281  55.106 0.5000000000
39914  6.742  -36.405  55.832 0.5000000000
40974  5.940  -36.269  55.849 0.3750000000
41999  5.508  -36.305  55.807 0.3750000000
42001  4.288  -36.225  55.407 0.2500000000
42015  2.710  -35.990  55.244 0.2500000000
42081  19.356  -35.104  46.923 0.2500000000
41039  17.697  -36.655  46.397 0.2500000000
43105  19.422  -34.029  44.894 0.2500000000
41191  27.770  -36.285  35.089 0.2500000000
126848  26.700  -35.334  34.898 0.2500000000
40133  28.918  -37.258  35.339 0.1250000000
41212  28.221  -35.861  34.374 0.2500000000
131664  9.878  -38.510  53.616 0.5000000000
39924  9.283  -37.372  54.275 0.3750000000
39919  8.561  -37.038  54.741 0.3750000000
43072  20.399  -34.044  49.415 0.2500000000
43073  19.963  -34.659  49.587 0.2500000000
41030  18.498  -36.370  47.669 0.2500000000
116402  19.751  -34.157  45.821 0.3750000000
44069  19.534  -33.143  43.875 0.3750000000
46161  21.905  -31.023  32.652 0.3750000000
46144  22.467  -31.716  32.772 0.3750000000
42220  32.795  -34.788  35.773 0.3750000000
43039  18.704  -33.391  50.844 0.2500000000
42046  18.859  -34.251  50.991 0.2500000000
42057  19.410  -35.442  50.349 0.2500000000
42047  19.192  -35.999  50.626 0.2500000000
42065  19.496  -35.314  49.819 0.2500000000
43994  20.621  -32.954  49.957 0.2500000000
43995  20.331  -33.577  49.828 0.2500000000
41023  19.516  -35.324  48.920 0.2500000000
134733  19.109  -35.886  48.751 0.2500000000
41024  18.689  -36.484  48.650 0.2500000000
39948  18.332  -37.319  49.044 0.2500000000
38843  17.208  -38.258  48.076 0.3750000000
121758  16.311  -38.353  46.884 0.5000000000
45005  20.925  -32.935  47.671 0.2500000000
45041  20.126  -32.828  44.895 0.3750000000
45040  20.379  -32.165  44.965 0.3750000000
43952  18.460  -31.626  51.819 0.2500000000
43963  18.729  -32.342  51.101 0.2500000000
42025  18.495  -33.723  50.856 0.2500000000
40999  18.733  -35.910  51.019 0.2500000000
38821  18.212  -38.524  51.744 0.2500000000
38826  18.401  -38.181  50.865 0.2500000000
46983  28.429  -30.102  46.354 0.3750000000
125628  28.109  -29.476  45.290 0.3750000000
41001  17.622  -36.453  51.551 0.2500000000
45976  30.065  -30.883  46.621 0.2500000000
119887  29.581  -30.450  47.082 0.2500000000
45993  29.530  -31.337  46.388 0.3750000000
46980  30.541  -30.340  47.011 0.2500000000
46997  31.782  -30.755  46.176 0.2500000000
46996  32.470  -30.540  45.856 0.2500000000
64494  38.718  -12.440  19.026 0.1250000000
132520  38.324  -10.235  19.000 0.2500000000
70020  41.975  -6.276  17.112 0.1250000000
69147  39.418  -7.373  19.846 0.2500000000
70897  42.569  -5.759  16.692 0.1250000000
70008  42.255  -5.876  20.486 0.5000000000
42003  6.832  -35.966  55.668 0.2500000000
43008  6.055  -35.433  55.403 0.2500000000
42005  5.502  -35.959  55.607 0.2500000000
40980  7.043  -36.024  55.682 0.2500000000
42004  6.033  -36.166  55.819 0.2500000000
42011  7.739  -35.580  54.949 0.2500000000
43007  6.580  -35.496  55.405 0.2500000000
40991  9.497  -36.893  54.121 0.2500000000
39918  8.778  -36.691  54.559 0.2500000000
40987  7.636  -36.011  55.349 0.2500000000
121057  8.134  -36.495  55.045 0.2500000000
127382  16.841  -34.972  51.229 0.1250000000
42038  16.175  -35.731  51.230 0.1250000000
42050  14.463  -35.903  51.216 0.1250000000
41010  13.769  -36.509  51.497 0.1250000000
41005  12.344  -36.477  52.278 0.1250000000
44950  18.573  -31.805  53.684 0.1250000000
43015  17.641  -32.122  51.538 0.1250000000
43016  17.216  -32.472  51.343 0.1250000000
43028  17.056  -33.868  51.186 0.1250000000
42027  17.159  -35.094  51.169 0.1250000000
128049  16.375  -36.448  51.363 0.1250000000
41002  15.720  -37.265  51.358 0.1250000000
41008  15.226  -36.864  51.306 0.1250000000
41003  13.845  -37.320  51.470 0.1250000000
39934  13.095  -37.656  51.715 0.1250000000
39935  12.394  -37.268  52.265 0.1250000000
40996  11.600  -36.775  52.701 0.1250000000
40990  10.171  -36.870  53.490 0.2500000000
43019  9.350  -35.338  53.448 0.2500000000
43010  8.011  -35.228  54.374 0.2500000000
43022  7.005  -35.067  54.860 0.2500000000
45924  18.839  -31.527  54.228 0.1250000000
43953  18.068  -31.787  51.818 0.1250000000
125831  17.524  -33.221  50.981 0.1250000000
42026  17.260  -34.975  51.081 0.1250000000
40995  16.768  -36.209  51.303 0.1250000000
39927  16.583  -37.223  51.818 0.1250000000
39933  15.080  -38.010  51.365 0.1250000000
38812  14.560  -38.397  51.346 0.1250000000
120291  12.480  -37.931  52.100 0.1250000000
131629  11.213  -37.865  52.780 0.2500000000
40985  8.991  -36.214  54.404 0.2500000000
125036  17.628  -35.433  51.099 0.1250000000
39926  17.010  -36.665  51.752 0.1250000000
131560  13.436  -38.577  51.648 0.2500000000
38813  13.047  -38.015  51.792 0.1250000000
38803  11.378  -38.296  52.579 0.3750000000
119437  10.668  -38.026  53.053 0.3750000000
39931  17.247  -37.387  52.386 0.1250000000
36431  12.116  -39.200  51.579 0.3750000000
37635  11.583  -38.749  52.223 0.3750000000
38809  18.089  -37.434  51.958 0.1250000000
36432  11.189  -39.311  51.748 0.3750000000
47945  27.840  -29.605  46.961 0.2500000000
47946  28.050  -29.555  46.094 0.2500000000
44949  19.221  -31.632  53.565 0.1250000000
44962  18.806  -32.030  52.933 0.1250000000
39932  15.990  -38.026  51.451 0.1250000000
123882  12.690  -38.482  51.928 0.3750000000
38814  11.964  -38.155  52.427 0.2500000000
45923  19.579  -31.316  53.973 0.1250000000
130288  16.576  -38.247  52.197 0.1250000000
139211  16.270  -39.082  51.457 0.1250000000
37631  15.782  -38.758  51.161 0.2500000000
37633  14.058  -38.650  51.402 0.2500000000
37634  13.277  -38.749  51.628 0.2500000000
118835  12.510  -38.791  51.876 0.3750000000
45933  19.838  -31.362  53.166 0.1250000000
44961  19.268  -31.585  52.712 0.1250000000
38810  17.420  -38.505  52.469 0.1250000000
37651  16.763  -39.307  51.258 0.1250000000
37642  16.087  -38.920  50.893 0.2500000000
36437  15.540  -39.062  50.301 0.3750000000
36439  14.109  -39.228  50.571 0.3750000000
37645  13.927  -39.121  51.094 0.3750000000
45922  20.332  -31.084  53.567 0.1250000000
45932  20.293  -30.896  52.633 0.1250000000
44960  19.552  -31.013  52.146 0.1250000000
38827  17.663  -39.035  50.960 0.1250000000
37660  16.835  -39.206  50.374 0.3750000000
37661  16.203  -39.193  49.744 0.3750000000
36446  15.600  -39.160  49.774 0.3750000000
36448  14.216  -39.406  49.935 0.3750000000
36449  13.039  -39.839  50.172 0.3750000000
36441  12.461  -39.596  50.751 0.3750000000
51596  29.501  -25.195  48.988 0.1250000000
50734  29.234  -25.749  48.871 0.1250000000
50745  28.959  -26.499  48.627 0.1250000000
46916  20.851  -30.583  53.024 0.1250000000
44970  19.408  -31.119  51.333 0.1250000000
37670  16.162  -39.272  48.984 0.3750000000
35224  13.566  -39.651  49.737 0.3750000000
115216  12.836  -39.962  49.860 0.3750000000
51595  30.112  -25.339  48.866 0.1250000000
50733  29.800  -26.027  48.862 0.1250000000
49818  28.866  -27.336  48.442 0.1250000000
45939  19.749  -30.517  51.524 0.1250000000
44977  19.846  -31.430  50.767 0.1250000000
121542  13.754  -39.483  49.577 0.3750000000
51607  30.726  -25.821  48.636 0.1250000000
118307  30.398  -26.665  48.602 0.1250000000
49808  29.770  -26.824  48.708 0.1250000000
49809  29.317  -26.597  48.716 0.1250000000
50746  28.443  -27.329  48.279 0.1250000000
49819  27.841  -28.095  47.896 0.1250000000
46926  20.354  -30.210  52.074 0.1250000000
45947  20.065  -30.970  51.179 0.1250000000
49816  30.117  -27.516  48.392 0.1250000000
49817  29.389  -27.451  48.472 0.1250000000
118149  28.342  -28.223  48.259 0.2500000000
46935  20.498  -30.804  50.793 0.1250000000
124869  28.870  -28.148  48.332 0.2500000000
47937  27.854  -29.046  47.884 0.2500000000
49830  27.566  -27.800  46.940 0.1250000000
48925  27.349  -28.370  46.270 0.1250000000
45954  20.652  -31.167  50.417 0.1250000000
44990  20.987  -32.284  50.019 0.1250000000
47936  28.571  -29.131  48.073 0.2500000000
48919  27.577  -29.301  46.344 0.2500000000
49854  26.429  -28.278  45.288 0.1250000000
49855  25.597  -27.708  45.193 0.1250000000
130842  21.048  -32.170  48.612 0.1250000000
48931  26.613  -29.128  45.095 0.2500000000
47955  27.352  -29.672  44.747 0.2500000000
47962  26.276  -29.751  44.628 0.2500000000
48932  25.842  -28.812  44.803 0.2500000000
47009  26.146  -30.231  44.202 0.2500000000
131486  25.207  -29.616  44.400 0.2500000000
47896  21.165  -29.932  54.063 0.1250000000
46907  20.769  -30.612  53.885 0.1250000000
124028  15.113  -39.164  49.389 0.3750000000
35232  14.638  -39.213  49.349 0.3750000000
35233  14.196  -39.366  49.555 0.3750000000
48887  21.302  -29.121  54.517 0.1250000000
37686  15.992  -39.100  48.201 0.3750000000
36460  15.013  -39.172  49.039 0.3750000000
36461  14.532  -39.163  48.884 0.3750000000
35241  14.150  -39.285  49.341 0.3750000000
50743  31.493  -26.024  48.116 0.1250000000
51608  28.908  -25.561  48.890 0.1250000000
47914  20.902  -29.682  52.512 0.1250000000
37687  15.241  -39.187  47.880 0.3750000000
120021  14.858  -39.174  48.387 0.3750000000
35250  13.937  -39.134  48.548 0.3750000000
50756  31.917  -26.356  47.449 0.1250000000
50744  31.074  -26.546  48.346 0.1250000000
50769  28.556  -25.475  47.696 0.1250000000
50758  28.536  -26.467  48.177 0.1250000000
129416  20.081  -30.011  51.034 0.1250000000
37703  15.732  -38.907  47.388 0.3750000000
36472  14.541  -39.065  47.543 0.3750000000
49828  32.096  -27.429  47.287 0.1250000000
49815  31.002  -27.414  48.175 0.1250000000
48909  30.618  -28.290  48.033 0.1250000000
50770  28.088  -26.134  46.818 0.1250000000
50759  27.994  -27.153  47.521 0.1250000000
139228  20.547  -30.628  50.664 0.1250000000
37704  14.980  -39.068  47.065 0.3750000000
133451  32.430  -28.197  46.977 0.1250000000
48916  31.831  -28.405  47.406 0.1250000000
48908  31.290  -28.176  47.810 0.1250000000
120930  27.290  -26.315  46.237 0.1250000000
127158  27.570  -26.936  46.462 0.1250000000
49842  27.077  -27.075  45.957 0.1250000000
49843  26.447  -27.389  45.610 0.1250000000
46947  20.886  -30.597  49.999 0.1250000000
46957  20.806  -30.712  49.549 0.1250000000
50771  26.601  -26.584  46.000 0.1250000000
50772  25.762  -26.511  46.278 0.1250000000
45969  20.940  -31.354  48.184 0.2500000000
48915  32.408  -28.918  46.886 0.1250000000
50782  25.145  -26.992  45.686 0.2500000000
49856  24.481  -27.510  45.173 0.2500000000
48933  24.928  -28.340  44.610 0.2500000000
45981  20.914  -31.471  47.233 0.2500000000
47954  32.224  -29.810  46.432 0.1250000000
49844  24.291  -27.094  46.102 0.2500000000
45990  32.126  -31.217  45.659 0.3750000000
49857  23.448  -27.428  45.076 0.2500000000
49864  23.983  -27.945  44.467 0.2500000000
48939  24.336  -28.845  44.186 0.2500000000
45033  32.471  -31.771  44.855 0.3750000000
48892  21.619  -29.163  53.672 0.1250000000
47905  21.506  -29.038  52.965 0.1250000000
117742  32.509  -26.706  46.831 0.1250000000
47913  20.906  -28.751  52.171 0.1250000000
49840  33.351  -27.803  46.206 0.1250000000
115057  20.331  -29.703  50.732 0.1250000000
47931  20.554  -29.855  49.974 0.1250000000
47953  32.908  -29.246  46.431 0.1250000000
136373  26.975  -25.859  46.237 0.1250000000
116747  26.469  -25.897  46.476 0.1250000000
138606  20.760  -30.797  48.803 0.1250000000
48923  33.344  -29.133  45.986 0.1250000000
118281  33.543  -28.993  45.334 0.1250000000
136488  25.343  -26.510  47.134 0.1250000000
132158  20.802  -31.413  46.316 0.2500000000
47008  33.003  -30.439  45.461 0.1250000000
47960  33.366  -29.773  45.412 0.2500000000
50761  24.751  -26.851  47.751 0.1250000000
122242  33.320  -30.431  44.737 0.5000000000
49831  24.175  -27.209  47.232 0.1250000000
117198  22.985  -27.357  45.887 0.1250000000
114811  23.021  -27.639  44.422 0.2500000000
50768  33.240  -26.963  46.168 0.1250000000
48891  22.082  -28.293  53.214 0.1250000000
48894  21.523  -27.979  52.524 0.1250000000
49841  32.851  -27.625  46.670 0.1250000000
49852  33.480  -27.565  45.634 0.1250000000
49798  21.340  -26.933  51.812 0.1250000000
114737  20.380  -28.551  50.956 0.1250000000
47927  20.357  -28.895  50.341 0.1250000000
124007  21.355  -26.430  50.815 0.1250000000
46958  20.469  -29.847  49.057 0.1250000000
119591  33.503  -28.349  45.856 0.1250000000
51609  25.164  -25.527  48.524 0.1250000000
48904  20.999  -27.345  49.825 0.1250000000
115528  20.301  -28.738  48.880 0.1250000000
46985  20.744  -30.769  47.537 0.2500000000
51610  24.603  -25.830  48.963 0.1250000000
49835  20.283  -27.887  47.560 0.2500000000
47939  20.067  -28.671  47.824 0.2500000000
47947  20.336  -29.924  47.379 0.2500000000
47001  20.600  -30.689  46.739 0.2500000000
49820  23.996  -27.058  48.277 0.1250000000
49836  19.972  -27.860  46.738 0.2500000000
47957  19.480  -28.834  46.213 0.2500000000
137802  19.626  -29.397  45.908 0.2500000000
49845  23.527  -27.331  46.597 0.1250000000
49860  20.511  -27.469  45.355 0.2500000000
49861  19.813  -27.823  45.529 0.2500000000
48934  19.457  -28.291  45.277 0.2500000000
131360  19.418  -28.774  44.724 0.2500000000
49867  20.735  -27.402  44.431 0.1250000000
50788  33.059  -26.297  44.729 0.1250000000
49853  33.326  -26.859  45.420 0.1250000000
49863  33.306  -27.296  44.784 0.1250000000
117235  33.538  -28.171  45.154 0.1250000000
123059  32.931  -26.774  44.066 0.1250000000
49862  33.250  -28.057  44.453 0.1250000000
48938  33.527  -28.787  44.558 0.1250000000
49803  21.767  -26.336  50.159 0.1250000000
49871  32.864  -27.529  43.885 0.1250000000
50736  23.293  -26.155  49.114 0.1250000000
49810  22.833  -26.550  49.182 0.1250000000
49823  21.439  -27.311  49.102 0.1250000000
49821  23.202  -27.061  48.681 0.1250000000
125721  22.560  -27.342  48.279 0.1250000000
116726  21.735  -27.409  48.348 0.1250000000
49833  22.126  -27.458  47.569 0.1250000000
49847  21.514  -27.367  46.684 0.1250000000
49849  20.071  -27.643  46.154 0.2500000000
50047  26.435  -28.078  28.748 0.1250000000
50048  25.574  -27.320  28.816 0.1250000000
49057  26.238  -28.344  32.215 0.5000000000
49084  26.083  -28.925  29.368 0.1250000000
49065  25.590  -28.264  30.644 0.2500000000
130150  25.838  -28.093  31.428 0.3750000000
50036  25.615  -28.155  29.174 0.1250000000
50025  25.085  -27.603  30.220 0.2500000000
50011  25.555  -27.494  31.056 0.3750000000
116301  24.807  -25.789  28.665 0.2500000000
50912  24.688  -26.152  29.355 0.3750000000
131388  25.594  -23.910  26.350 0.2500000000
52768  25.036  -24.157  27.126 0.2500000000
51787  24.792  -25.286  28.222 0.2500000000
53700  25.108  -23.318  26.638 0.2500000000
135890  24.573  -25.612  29.268 0.3750000000
53701  24.630  -23.350  27.390 0.3750000000
138278  24.469  -24.737  28.615 0.5000000000
57661  28.737  -19.164  23.545 0.2500000000
57662  27.848  -19.069  23.754 0.3750000000
58656  29.206  -18.491  23.649 0.2500000000
58640  28.011  -17.725  24.416 0.2500000000
58638  29.693  -17.718  23.846 0.2500000000
56607  34.662  -20.794  31.698 0.5000000000
61369  41.874  -15.275  35.629 0.1250000000
62366  41.832  -14.718  35.151 0.1250000000
56584  35.954  -20.640  32.790 0.5000000000
55607  34.192  -21.599  31.780 0.6250000000
123313  40.756  -17.246  36.872 0.1250000000
58470  40.473  -18.055  37.112 0.1250000000
60424  42.343  -16.426  36.708 0.1250000000
58471  39.752  -18.478  36.568 0.1250000000
57474  39.066  -19.645  35.921 0.1250000000
56570  37.403  -20.203  35.054 0.1250000000
58487  38.897  -18.825  35.615 0.1250000000
58488  38.326  -18.755  35.179 0.1250000000
57499  37.385  -19.493  34.478 0.2500000000
56571  36.855  -20.329  34.320 0.2500000000
118074  41.386  -15.774  36.010 0.1250000000
57489  37.899  -19.419  35.113 0.1250000000
121346  41.879  -14.243  34.594 0.1250000000
58494  37.793  -18.739  34.665 0.1250000000
56583  36.361  -20.482  33.555 0.3750000000
55589  34.819  -21.419  32.292 0.5000000000
63393  42.388  -13.136  32.867 0.2500000000
57500  36.880  -19.518  33.685 0.2500000000
64403  43.066  -12.495  31.478 0.2500000000
55608  33.375  -21.548  31.355 0.6250000000
64404  42.182  -12.485  30.990 0.2500000000
63409  41.402  -12.677  31.646 0.2500000000
58457  40.238  -18.907  37.284 0.1250000000
57475  38.220  -20.149  35.580 0.1250000000
57473  39.628  -19.319  36.636 0.1250000000
55570  36.164  -21.083  34.324 0.1250000000
55571  35.709  -21.281  33.524 0.5000000000
55588  35.378  -21.347  32.814 0.5000000000
134832  34.342  -21.979  32.389 0.5000000000
55590  33.706  -22.051  32.122 0.6250000000
54628  31.398  -21.440  32.555 0.6250000000
54636  32.886  -21.939  31.926 0.6250000000
54637  32.154  -21.573  31.912 0.6250000000
131090  31.703  -21.042  31.445 0.6250000000
64409  43.088  -12.496  30.387 0.2500000000
124952  43.981  -13.140  29.180 0.2500000000
63423  43.172  -12.974  29.490 0.2500000000
56559  37.488  -20.972  35.549 0.1250000000
56560  36.755  -21.016  35.009 0.1250000000
55557  35.679  -21.585  34.491 0.1250000000
54615  35.191  -21.614  33.884 0.1250000000
132954  33.826  -22.048  33.410 0.3750000000
53628  33.130  -21.763  33.367 0.5000000000
55556  36.215  -21.768  35.041 0.1250000000
55572  34.854  -21.942  32.997 0.5000000000
53629  32.519  -21.724  32.690 0.6250000000
53630  31.978  -21.453  33.009 0.6250000000
137076  35.283  -21.641  33.278 0.3750000000
54627  33.342  -22.014  32.730 0.6250000000
137234  31.262  -21.389  32.819 0.6250000000
54626  34.110  -22.166  32.869 0.5000000000
53638  31.992  -21.595  32.342 0.6250000000
62469  43.453  -14.151  26.514 0.2500000000
56519  40.283  -21.030  38.228 0.1250000000
130757  32.536  -21.467  33.370 0.5000000000
118663  31.605  -21.182  33.228 0.5000000000
55574  30.929  -20.957  33.398 0.3750000000
54617  31.051  -21.236  33.048 0.3750000000
55591  30.545  -21.293  32.630 0.3750000000
62485  43.136  -14.165  25.681 0.2500000000
64427  44.076  -13.535  25.199 0.2500000000
53620  32.330  -21.138  33.726 0.3750000000
70001  44.458  -6.195  21.890 0.6250000000
70005  45.098  -5.815  21.281 0.5000000000
70872  45.751  -5.657  20.754 0.5000000000
70006  44.391  -5.838  21.156 0.6250000000
48886  22.121  -28.325  53.934 0.1250000000
36442  11.577  -39.758  51.017 0.3750000000
35234  13.285  -39.718  49.684 0.3750000000
136452  25.585  -30.192  44.260 0.2500000000
50026  24.671  -26.895  29.824 0.2500000000
121570  27.441  -19.856  23.926 0.2500000000
57645  27.295  -19.064  24.445 0.3750000000
58657  28.314  -18.390  23.840 0.2500000000
64408  44.021  -12.503  29.845 0.2500000000
63467  43.526  -14.024  25.255 0.2500000000
114691  43.924  -6.145  21.550 0.6250000000
52751  24.672  -24.609  27.905 0.3750000000
59520  39.280  -18.077  35.857 0.1250000000
60425  41.128  -16.554  36.468 0.1250000000
62383  42.275  -13.745  34.100 0.1250000000
46005  32.830  -31.073  45.109 0.5000000000
63408  42.216  -12.715  32.071 0.2500000000
132390  7.547  -36.600  55.510 0.2500000000
40981  6.456  -36.089  55.775 0.2500000000
37627  10.762  -38.425  52.773 0.3750000000
116826  20.421  -31.378  50.575 0.1250000000
45968  20.979  -31.656  49.195 0.1250000000
38831  18.043  -38.380  50.261 0.1250000000
120684  17.380  -38.555  48.958 0.2500000000
37669  16.813  -39.100  49.441 0.3750000000
47011  20.514  -30.692  45.815 0.2500000000
131978  17.572  -34.440  50.964 0.1250000000
47963  20.023  -29.822  45.533 0.2500000000
47964  19.483  -29.122  45.427 0.2500000000
46006  32.401  -31.416  45.293 0.3750000000
48910  29.571  -28.460  48.179 0.1250000000
49858  22.297  -27.315  45.057 0.2500000000
49868  19.864  -27.730  44.590 0.3750000000
38822  17.450  -39.292  51.923 0.1250000000
47961  27.484  -29.348  45.301 0.2500000000
40994  17.194  -35.871  51.227 0.1250000000
46995  33.030  -29.849  46.006 0.1250000000
42012  7.122  -35.659  55.403 0.2500000000
43011  7.186  -35.276  54.975 0.2500000000
43012  6.456  -35.240  55.234 0.2500000000
39923  10.027  -37.628  53.669 0.2500000000
40986  8.275  -36.078  54.831 0.2500000000
41007  15.800  -36.391  51.309 0.1250000000
41009  14.575  -36.779  51.325 0.1250000000
42039  13.013  -36.055  51.934 0.1250000000
41004  13.043  -36.933  51.849 0.1250000000
43946  18.252  -31.906  52.883 0.1250000000
44951  17.958  -31.884  53.519 0.1250000000
43027  17.254  -33.952  51.053 0.1250000000
42028  16.751  -35.558  51.203 0.1250000000
39939  14.743  -37.465  51.323 0.1250000000
119521  14.012  -37.989  51.457 0.1250000000
39928  11.801  -37.594  52.606 0.1250000000
40989  10.806  -36.648  53.055 0.2500000000
127115  10.993  -37.279  52.945 0.2500000000
42018  9.807  -35.964  53.614 0.2500000000
42017  10.344  -36.211  53.198 0.2500000000
42019  9.233  -35.674  54.109 0.2500000000
133300  9.566  -36.344  54.023 0.2500000000
42010  8.486  -35.595  54.457 0.2500000000
138544  13.862  -38.432  51.559 0.1250000000
131298  10.594  -37.596  53.209 0.2500000000
37632  14.980  -38.658  51.140 0.2500000000
38815  12.071  -38.503  52.229 0.3750000000
130389  16.148  -38.685  51.564 0.1250000000
38811  15.445  -38.467  51.275 0.1250000000
37630  16.623  -39.153  52.117 0.1250000000
37643  15.338  -38.890  50.821 0.3750000000
37644  14.579  -38.933  50.938 0.2500000000
37646  12.956  -39.022  51.410 0.3750000000
37652  16.250  -39.072  50.380 0.2500000000
36438  14.817  -39.132  50.374 0.3750000000
36447  14.872  -39.226  49.730 0.3750000000
132332  13.670  -39.551  50.174 0.3750000000
36440  13.351  -39.335  50.711 0.3750000000
38832  17.435  -38.765  49.926 0.2500000000
36454  15.574  -39.220  49.281 0.3750000000
37671  15.452  -39.213  48.669 0.3750000000
48918  27.522  -28.796  47.217 0.1250000000
117139  19.954  -30.236  51.282 0.1250000000
138714  27.309  -27.560  46.173 0.1250000000
48926  27.069  -28.842  45.677 0.2500000000
133279  26.993  -27.888  45.763 0.1250000000
45961  21.033  -31.462  50.028 0.1250000000
47906  21.198  -29.910  53.404 0.1250000000
49829  31.577  -27.690  47.715 0.1250000000
115164  20.400  -29.575  51.773 0.1250000000
50781  25.916  -26.984  45.651 0.1250000000
46969  20.631  -30.356  48.180 0.1250000000
50773  24.903  -26.865  46.640 0.1250000000
128430  23.743  -27.289  45.737 0.2500000000
47920  20.415  -28.800  51.500 0.1250000000
135080  25.840  -25.983  47.108 0.1250000000
50760  25.219  -26.179  48.076 0.1250000000
49832  23.222  -27.364  47.669 0.1250000000
116067  21.323  -27.340  44.948 0.1250000000
49791  22.415  -27.508  53.351 0.1250000000
49794  22.016  -27.220  52.443 0.1250000000
48897  20.908  -27.698  51.899 0.1250000000
49793  21.559  -26.341  51.271 0.1250000000
48898  20.652  -27.612  51.217 0.1250000000
131424  20.346  -29.120  49.633 0.1250000000
49804  20.956  -26.846  51.082 0.1250000000
48901  20.569  -27.833  50.518 0.1250000000
48905  20.488  -28.303  49.780 0.1250000000
47938  20.289  -29.466  48.182 0.1250000000
51598  24.694  -25.118  49.134 0.1250000000
52565  25.246  -24.738  48.241 0.1250000000
49824  20.683  -27.898  49.099 0.2500000000
49811  21.911  -26.761  49.549 0.1250000000
119101  21.242  -26.798  50.355 0.1250000000
48911  20.412  -28.162  48.356 0.2500000000
117395  23.977  -26.024  49.182 0.1250000000
133706  24.395  -26.441  48.668 0.1250000000
114898  20.859  -27.642  48.386 0.2500000000
48920  19.805  -28.369  46.928 0.2500000000
47948  19.773  -29.126  47.113 0.2500000000
138096  20.064  -29.265  47.656 0.2500000000
47956  20.038  -29.790  46.384 0.2500000000
50747  23.635  -26.485  48.950 0.1250000000
49848  20.532  -27.533  46.840 0.2500000000
48927  19.645  -28.064  46.160 0.2500000000
49846  22.612  -27.398  46.755 0.1250000000
49859  21.444  -27.290  45.704 0.1250000000
115295  22.185  -27.307  46.024 0.1250000000
135910  20.757  -27.371  46.163 0.2500000000
49802  22.549  -26.223  49.413 0.1250000000
129529  22.164  -26.526  49.430 0.1250000000
49797  22.088  -26.101  50.040 0.1250000000
49822  22.350  -27.049  48.985 0.1250000000
49834  21.088  -27.459  47.595 0.2500000000
50927  25.202  -26.448  28.641 0.1250000000
138267  24.874  -26.913  29.208 0.1250000000
49085  25.444  -28.340  29.820 0.1250000000
49072  25.900  -28.981  30.260 0.1250000000
57660  29.628  -19.314  23.505 0.1250000000
58472  39.355  -18.883  36.081 0.1250000000
57488  38.482  -19.362  35.468 0.1250000000
123357  38.803  -20.418  36.114 0.1250000000
123906  43.070  -12.815  32.400 0.2500000000
55573  31.559  -20.899  33.634 0.3750000000
49784  22.317  -27.360  54.042 0.1250000000
44154  33.328  -33.819  34.723 0.2500000000
69997  45.520  -6.293  22.754 0.5000000000
119506  45.209  -5.946  21.963 0.5000000000
70874  44.119  -5.540  20.426 0.2500000000
70873  44.997  -5.625  20.546 0.3750000000
70871  46.572  -5.452  20.368 0.3750000000
134260  33.968  -33.758  34.136 0.2500000000
114958  45.925  -5.733  21.939 0.3750000000
43013  5.915  -35.219  55.252 0.1250000000
43021  7.749  -35.060  54.342 0.1250000000
43020  8.746  -35.203  53.941 0.1250000000
43023  6.374  -34.870  54.996 0.1250000000
43014  5.453  -35.499  55.303 0.1250000000
42013  4.498  -35.925  55.345 0.1250000000
122368  3.131  -35.546  54.363 0.1250000000
42016  2.029  -36.103  54.995 0.1250000000
42009  2.375  -36.094  55.117 0.1250000000
117221  6.439  -34.756  54.309 0.1250000000
43037  4.855  -35.111  53.986 0.1250000000
42031  10.047  -35.640  52.982 0.1250000000
40084  13.083  -37.338  37.894 0.1250000000
39006  12.358  -38.543  37.528 0.2500000000
41188  32.664  -36.402  34.924 0.1250000000
39032  31.963  -38.000  35.416 0.1250000000
40131  31.289  -37.308  34.937 0.1250000000
40085  12.590  -37.845  38.248 0.3750000000
138005  33.237  -36.017  34.849 0.1250000000
42263  33.448  -35.433  34.808 0.1250000000
42262  34.228  -35.331  34.622 0.1250000000
47137  29.834  -31.104  34.781 0.3750000000
46124  29.579  -31.387  33.815 0.3750000000
47138  29.103  -30.624  34.452 0.3750000000
47139  28.409  -30.115  34.187 0.3750000000
47154  28.789  -30.870  33.487 0.3750000000
132880  28.144  -30.293  33.519 0.3750000000
46140  29.381  -31.564  32.744 0.1250000000
47155  28.244  -30.757  32.753 0.2500000000
46160  28.794  -31.292  32.120 0.1250000000
47173  27.614  -30.396  32.249 0.3750000000
47185  27.858  -30.564  31.380 0.1250000000
47172  28.226  -30.904  31.910 0.1250000000
48108  26.625  -28.983  32.879 0.3750000000
120888  26.504  -29.284  31.930 0.3750000000
117495  26.067  -28.776  31.223 0.3750000000
51786  25.535  -25.895  27.921 0.1250000000
51808  25.312  -25.081  27.458 0.1250000000
115618  27.856  -19.189  40.241 0.1250000000
57417  26.581  -19.641  40.348 0.1250000000
57429  28.783  -18.851  40.377 0.1250000000
57430  27.174  -19.336  39.738 0.1250000000
115085  29.030  -19.079  39.601 0.1250000000
57445  30.467  -19.740  38.960 0.1250000000
132753  30.558  -20.473  38.245 0.1250000000
55546  31.083  -20.762  35.677 0.1250000000
127016  31.343  -20.673  34.398 0.2500000000
53619  32.966  -21.600  33.979 0.2500000000
62582  36.691  -14.449  19.602 0.1250000000
71803  45.414  -3.901  14.423 0.1250000000
72702  45.420  -3.566  15.381 0.1250000000
121281  45.690  -2.927  15.020 0.1250000000
72713  45.749  -3.165  13.876 0.1250000000
70886  45.295  -4.861  19.140 0.1250000000
70879  45.752  -5.352  19.923 0.1250000000
71768  46.395  -4.273  17.907 0.1250000000
72701  46.091  -3.054  16.041 0.1250000000
72700  47.130  -2.720  16.252 0.1250000000
73577  46.495  -2.395  15.492 0.1250000000
73591  46.274  -2.447  13.333 0.1250000000
73585  46.152  -2.307  14.496 0.1250000000
70870  47.397  -5.339  20.446 0.2500000000
70866  46.288  -5.655  21.136 0.2500000000
71766  48.205  -4.442  18.646 0.1250000000
71760  47.651  -4.887  19.231 0.1250000000
71775  47.877  -4.060  17.967 0.1250000000
135377  46.536  -4.705  18.624 0.1250000000
70880  44.713  -5.272  19.778 0.1250000000
70881  43.695  -5.127  19.613 0.1250000000
120702  47.485  -3.639  17.359 0.1250000000
74442  46.567  -1.703  14.043 0.1250000000
73584  46.763  -1.685  14.989 0.1250000000
70864  47.579  -5.393  21.178 0.1250000000
69995  47.169  -5.764  22.654 0.1250000000
70000  46.842  -5.538  21.778 0.2500000000
69996  46.380  -5.939  22.642 0.2500000000
70865  46.951  -5.522  20.940 0.2500000000
121067  49.935  -4.176  19.189 0.1250000000
71765  49.195  -4.278  18.797 0.1250000000
71759  48.471  -4.682  19.385 0.1250000000
121877  48.774  -4.071  18.060 0.1250000000
72685  47.959  -3.228  16.771 0.1250000000
121152  48.797  -3.432  17.001 0.1250000000
73575  48.820  -2.296  16.103 0.1250000000
73576  47.519  -2.051  15.758 0.1250000000
74425  47.535  -1.224  15.205 0.1250000000
74441  47.095  -1.119  14.404 0.1250000000
70857  48.652  -5.382  22.423 0.1250000000
69987  46.184  -6.464  23.382 0.3750000000
70868  48.858  -4.849  20.875 0.1250000000
70858  47.749  -5.453  22.055 0.1250000000
71751  49.390  -4.520  20.309 0.1250000000
71752  48.657  -4.812  20.110 0.1250000000
70869  48.125  -5.166  20.633 0.1250000000
118031  49.855  -4.265  19.816 0.1250000000
71758  49.249  -4.456  19.600 0.1250000000
70876  47.920  -5.099  19.897 0.1250000000
72682  51.792  -3.045  16.702 0.1250000000
71783  50.086  -3.652  17.457 0.1250000000
72697  50.899  -2.679  16.340 0.1250000000
72683  50.536  -3.246  16.852 0.1250000000
71784  49.218  -3.729  17.490 0.1250000000
74422  51.558  -1.477  15.407 0.1250000000
74423  50.390  -1.555  15.539 0.1250000000
72684  49.549  -3.378  16.933 0.1250000000
74438  50.677  -0.842  15.192 0.1250000000
74424  49.249  -1.565  15.636 0.1250000000
72698  49.790  -2.808  16.499 0.1250000000
73574  50.075  -2.172  16.026 0.1250000000
138694  51.034  -3.683  19.203 0.1250000000
72681  52.925  -2.935  16.783 0.1250000000
71772  51.332  -3.584  18.086 0.1250000000
118032  49.997  -4.068  18.574 0.1250000000
73572  52.499  -2.019  15.661 0.1250000000
72695  52.802  -2.574  16.192 0.1250000000
72696  51.874  -2.546  16.109 0.1250000000
74421  53.493  -2.128  15.708 0.1250000000
73573  51.228  -2.144  15.792 0.1250000000
72670  52.094  -3.322  17.392 0.1250000000
72680  53.633  -2.792  16.813 0.1250000000
138829  53.338  -1.699  15.355 0.1250000000
55488  26.038  -21.027  40.671 0.1250000000
62543  32.723  -14.529  22.053 0.2500000000
69988  45.484  -6.896  23.565 0.3750000000
42006  4.938  -35.994  55.446 0.1250000000
42021  3.661  -35.793  54.968 0.1250000000
43233  33.622  -34.627  34.611 0.1250000000
48107  27.129  -29.339  33.427 0.3750000000
42022  2.524  -35.854  55.067 0.1250000000
43009  5.457  -35.645  55.326 0.1250000000
114906  46.802  -6.129  23.203 0.2500000000
43024  5.674  -35.072  54.871 0.1250000000
42020  4.728  -35.537  54.821 0.1250000000
40130  32.261  -37.238  35.048 0.1250000000
41187  33.572  -36.678  35.031 0.1250000000
47156  27.570  -30.071  33.127 0.3750000000
48123  27.009  -29.721  32.588 0.3750000000
48135  27.098  -30.008  31.631 0.3750000000
57416  27.301  -19.348  40.623 0.1250000000
57406  26.825  -19.640  41.017 0.1250000000
71808  45.583  -4.057  13.421 0.1250000000
70878  46.546  -5.210  19.693 0.1250000000
70885  46.180  -4.983  19.185 0.1250000000
71767  47.252  -4.537  18.468 0.1250000000
71776  47.145  -4.074  17.784 0.1250000000
72687  46.156  -3.456  16.740 0.1250000000
72686  46.890  -3.226  16.805 0.1250000000
70877  47.174  -5.180  19.794 0.1250000000
70884  46.919  -4.999  19.157 0.1250000000
71785  48.361  -3.682  17.436 0.1250000000
123125  46.651  -3.731  17.310 0.1250000000
70863  48.340  -5.192  21.455 0.1250000000
71774  49.642  -3.992  18.059 0.1250000000
123593  48.067  -2.723  16.271 0.1250000000
72699  48.839  -3.032  16.560 0.1250000000
134045  48.257  -1.556  15.625 0.1250000000
72671  51.057  -3.488  17.408 0.1250000000
71773  50.467  -3.797  18.059 0.1250000000
74437  51.805  -0.779  15.105 0.1250000000
71764  50.669  -3.813  18.789 0.1250000000
33015  6.590  -43.783  50.444 0.2500000000
36568  10.010  -40.616  41.222 0.1250000000
37794  10.522  -40.014  40.831 0.1250000000
46122  31.171  -31.959  34.413 0.2500000000
46123  30.363  -31.722  34.136 0.2500000000
44185  33.701  -32.969  33.709 0.1250000000
45148  32.260  -32.653  34.050 0.1250000000
52816  26.177  -23.869  25.774 0.1250000000
54607  32.186  -20.913  34.078 0.1250000000
55721  27.171  -21.113  24.208 0.1250000000
55731  27.737  -21.063  23.866 0.1250000000
55729  29.277  -21.314  23.633 0.1250000000
55730  28.410  -21.231  23.701 0.1250000000
56693  28.842  -20.599  23.537 0.1250000000
56694  27.987  -20.536  23.673 0.1250000000
130360  28.311  -19.848  23.555 0.1250000000
130943  43.109  -13.129  32.986 0.1250000000
63407  43.896  -12.670  31.963 0.1250000000
63433  44.927  -13.042  29.384 0.1250000000
62430  44.212  -13.552  28.685 0.1250000000
138159  44.825  -13.446  28.688 0.1250000000
62452  44.636  -13.653  27.636 0.1250000000
62468  44.295  -13.829  26.892 0.1250000000
69118  46.061  -6.994  24.108 0.2500000000
35309  8.890  -41.726  43.101 0.1250000000
33010  6.522  -43.658  51.276 0.2500000000
35319  9.500  -41.334  41.643 0.1250000000
38985  12.090  -38.442  38.268 0.1250000000
28656  4.881  -46.487  54.336 0.1250000000
28657  4.192  -46.349  54.307 0.1250000000
30819  5.994  -45.152  54.812 0.1250000000
30821  4.507  -45.041  55.220 0.1250000000
31942  6.835  -45.079  53.558 0.1250000000
133597  6.272  -44.738  54.129 0.1250000000
30833  7.397  -45.478  52.890 0.1250000000
31943  6.696  -44.440  52.786 0.1250000000
31948  6.621  -44.305  51.753 0.1250000000
33007  6.419  -43.590  52.145 0.1250000000
31952  6.628  -44.277  50.971 0.1250000000
31956  6.667  -43.886  49.569 0.1250000000
40135  27.420  -36.569  36.054 0.1250000000
59655  33.341  -17.457  21.121 0.1250000000
60564  32.696  -15.965  21.455 0.1250000000
60563  33.227  -16.506  20.928 0.1250000000
62557  32.797  -15.169  21.483 0.1250000000
61544  33.823  -15.994  20.493 0.1250000000
61526  33.968  -15.197  21.019 0.1250000000
64495  37.339  -12.172  19.273 0.1250000000
31938  6.198  -45.017  54.415 0.1250000000
33004  6.323  -43.498  53.051 0.1250000000
122277  37.944  -11.801  18.990 0.1250000000
30820  5.384  -45.280  55.028 0.1250000000
31959  6.840  -43.884  48.698 0.1250000000
61527  33.236  -15.583  21.017 0.1250000000
29738  4.043  -45.644  54.630 0.1250000000
45168  30.904  -32.205  33.506 0.1250000000
130440  5.267  -45.887  54.491 0.1250000000
29736  5.897  -45.660  54.410 0.1250000000
29742  3.536  -46.193  54.231 0.1250000000
29737  4.671  -45.723  54.679 0.1250000000
123119  2.771  -46.691  54.101 0.1250000000
30824  6.362  -45.347  54.163 0.1250000000
31937  6.667  -45.403  53.908 0.1250000000
134038  6.398  -44.296  53.561 0.1250000000
31947  7.043  -44.899  52.152 0.1250000000
131209  33.904  -17.954  20.758 0.1250000000
59674  33.974  -17.049  20.358 0.1250000000
34154  4.275  -42.201  44.853 0.1250000000
35238  5.628  -40.489  49.275 0.1250000000
35247  4.292  -41.818  48.775 0.1250000000
35254  5.666  -40.680  48.020 0.1250000000
35255  4.878  -41.480  47.580 0.1250000000
36528  6.273  -40.406  44.675 0.1250000000
36544  6.685  -39.853  44.114 0.1250000000
37739  6.821  -39.097  44.398 0.1250000000
38823  4.467  -38.703  51.648 0.1250000000
38864  5.691  -38.623  45.770 0.1250000000
38876  6.326  -38.691  44.602 0.1250000000
38894  6.774  -38.534  43.289 0.1250000000
38895  6.176  -38.265  43.796 0.1250000000
38896  5.247  -38.112  43.907 0.1250000000
39909  3.909  -37.175  55.953 0.3750000000
39913  3.337  -37.121  55.160 0.3750000000
40024  6.424  -37.761  42.304 0.1250000000
40993  18.187  -35.211  51.137 0.2500000000
41078  6.305  -37.256  41.894 0.1250000000
41093  6.646  -37.184  41.302 0.1250000000
41094  6.196  -36.688  41.375 0.1250000000
41111  6.014  -36.073  40.663 0.1250000000
41146  6.594  -36.540  38.739 0.1250000000
42014  3.369  -35.822  55.348 0.2500000000
42056  19.570  -35.022  50.560 0.2500000000
42153  6.081  -35.769  39.850 0.1250000000
43114  30.517  -33.582  43.019 1.0000000000
43115  29.897  -33.372  43.232 0.8750000000
43125  29.151  -33.486  42.415 0.8750000000
43126  28.459  -33.087  42.630 1.0000000000
43133  32.769  -34.536  41.417 1.0000000000
43242  16.612  -34.248  34.614 0.5000000000
44046  30.636  -32.803  44.766 0.8750000000
44064  31.629  -33.447  43.386 1.0000000000
44066  28.794  -32.811  43.599 0.8750000000
44082  27.201  -32.533  41.090 1.0000000000
44998  21.018  -32.807  48.526 0.2500000000
45017  28.888  -31.569  46.008 0.6250000000
45019  28.271  -30.991  44.567 0.7500000000
45034  31.656  -32.364  45.051 0.5000000000
45035  31.100  -32.464  45.236 0.6250000000
45054  32.495  -32.666  43.673 0.8750000000
45055  26.354  -31.289  42.816 0.7500000000
45064  25.403  -31.031  42.464 0.8750000000
45978  28.725  -30.940  46.510 0.3750000000
46007  26.560  -30.465  43.952 0.5000000000
46018  33.087  -31.473  43.680 0.8750000000
46020  24.532  -30.516  43.475 0.6250000000
46030  23.717  -31.069  41.248 1.0000000000
46063  25.103  -32.478  38.068 1.0000000000
46981  28.983  -30.510  47.008 0.3750000000
46984  28.308  -29.719  45.929 0.3750000000
47175  20.625  -30.632  32.648 0.7500000000
48095  19.967  -29.046  33.731 0.8750000000
48125  20.864  -30.074  32.678 0.7500000000
48924  33.079  -28.485  46.500 0.1250000000
48970  19.293  -28.073  40.487 0.8750000000
49901  19.763  -27.806  39.183 0.8750000000
50037  25.076  -27.599  29.483 0.2500000000
50757  31.553  -26.914  47.858 0.1250000000
51719  27.755  -25.288  33.830 1.0000000000
51765  24.494  -25.140  29.163 0.3750000000
52752  24.313  -24.112  28.467 0.6250000000
54552  26.905  -22.665  39.663 0.5000000000
54652  31.668  -20.635  30.893 1.0000000000
54740  26.694  -22.387  24.790 0.5000000000
56695  27.409  -20.580  23.975 0.1250000000
57553  26.894  -19.408  30.704 1.0000000000
59543  37.150  -18.084  33.848 0.3750000000
59624  27.541  -17.779  24.903 0.5000000000
61471  41.003  -14.499  25.217 0.5000000000
61472  39.860  -15.001  24.796 0.5000000000
61500  40.005  -14.954  24.167 0.6250000000
62421  36.141  -13.965  31.520 0.6250000000
62441  39.858  -14.155  27.717 0.6250000000
62447  33.399  -13.824  28.144 1.0000000000
62451  45.046  -13.423  28.301 0.1250000000
62470  42.561  -14.341  26.091 0.3750000000
62487  41.569  -14.344  24.967 0.5000000000
62518  40.231  -14.711  23.543 0.6250000000
63392  43.785  -12.920  32.758 0.1250000000
64445  42.708  -12.700  23.287 0.6250000000
64446  42.093  -12.492  22.871 0.6250000000
65373  44.668  -11.771  25.385 0.1250000000
66422  37.711  -10.285  19.366 0.3750000000
67307  43.603  -9.278  24.550 0.3750000000
67312  42.930  -9.300  24.098 0.7500000000
69112  46.571  -7.219  24.814 0.2500000000
70007  43.663  -5.838  21.053 0.6250000000
74420  53.865  -1.690  15.243 0.1250000000
115077  33.285  -31.098  43.206 0.7500000000
116403  20.980  -27.393  43.792 0.3750000000
116748  20.871  -32.279  46.832 0.3750000000
117831  -0.851  -42.652  43.887 0.1250000000
121096  3.191  -42.906  45.938 0.1250000000
121402  27.863  -32.662  42.845 1.0000000000
121832  31.295  -35.045  38.357 0.8750000000
122315  5.154  -38.484  45.373 0.1250000000
125575  4.053  -35.977  55.250 0.2500000000
125898  2.817  -36.992  54.918 0.3750000000
126586  3.523  -42.805  47.029 0.1250000000
127625  42.152  -14.488  27.281 0.3750000000
130357  24.383  -21.165  29.543 1.0000000000
132252  44.361  -13.738  28.175 0.2500000000
132612  32.574  -30.968  45.474 0.3750000000
132768  20.390  -32.490  50.302 0.2500000000
133188  41.566  -13.011  22.773 0.6250000000
133268  6.043  -40.663  45.969 0.1250000000
133432  27.404  -31.749  43.564 0.7500000000
133864  3.920  -37.044  55.913 0.3750000000
134173  28.574  -30.681  45.845 0.3750000000
134409  45.648  -5.758  21.371 0.5000000000
135058  21.071  -28.291  34.925 0.8750000000
136085  30.397  -19.984  28.365 1.0000000000
136379  8.110  -36.778  55.124 0.3750000000
136614  26.073  -21.051  28.030 0.8750000000
136652  18.168  -34.866  50.944 0.1250000000
136690  32.035  -32.227  44.876 0.6250000000
136884  41.324  -14.054  28.320 0.3750000000
136946  23.072  -30.830  32.841 0.5000000000
137208  19.517  -27.944  39.535 0.8750000000
137627  27.965  -20.665  27.269 1.0000000000
137720  28.318  -30.010  46.791 0.3750000000
137766  40.221  -12.731  31.748 0.3750000000
137776  22.930  -32.198  32.894 0.3750000000
137988  28.788  -31.158  32.776 0.2500000000
138038  27.818  -21.166  28.447 1.0000000000
138746  34.108  -21.954  33.905 0.3750000000
