#!ascii label  , from subject sub-v1s12x0050109_ses-1 vox2ras=TkReg
2565
29746  8.165  -46.626  52.879 0.1111110002
136036  7.666  -46.254  53.261 0.1111110002
29740  6.522  -46.200  54.146 0.2222220004
29753  10.178  -47.209  51.461 0.1111110002
130219  9.022  -46.882  52.203 0.1111110002
29749  8.456  -46.614  52.525 0.1111110002
117474  9.989  -46.923  50.135 0.1111110002
29759  9.834  -46.902  51.066 0.1111110002
30831  8.763  -46.577  52.109 0.1111110002
115608  11.016  -47.116  48.890 0.2222220004
117832  10.101  -46.894  49.153 0.2222220004
29754  9.455  -46.926  51.819 0.1111110002
30827  7.303  -45.807  53.454 0.3333329856
29741  5.691  -46.438  54.279 0.4444440007
29736  5.897  -45.660  54.410 0.4444440007
28657  4.192  -46.349  54.307 0.4444440007
29739  3.515  -45.570  54.421 0.2222220004
30826  7.912  -46.141  52.970 0.1111110002
29774  10.208  -46.844  48.250 0.2222220004
29760  9.139  -46.658  50.392 0.2222220004
29783  10.405  -46.684  47.475 0.2222220004
29775  9.379  -46.673  48.490 0.2222220004
29766  9.266  -46.676  49.417 0.2222220004
30836  8.965  -46.621  51.370 0.2222220004
30861  10.131  -46.138  46.231 0.2222220004
30824  6.362  -45.347  54.163 0.4444440007
130440  5.267  -45.887  54.491 0.4444440007
30819  5.994  -45.152  54.812 0.4444440007
29738  4.043  -45.644  54.630 0.3333329856
29743  2.978  -45.924  54.122 0.2222220004
30829  2.105  -45.891  53.424 0.3333329856
31945  0.876  -45.174  52.321 0.2222220004
30832  8.121  -46.070  52.472 0.1111110002
30833  7.397  -45.478  52.890 0.4444440007
29784  9.549  -46.593  47.638 0.2222220004
29767  8.515  -46.239  49.692 0.2222220004
30837  8.242  -46.029  51.594 0.2222220004
30887  10.327  -45.481  44.587 0.2222220004
30872  9.977  -45.837  45.428 0.2222220004
29792  9.820  -46.368  46.858 0.2222220004
29776  8.599  -46.294  48.784 0.3333329856
30844  7.884  -45.831  49.127 0.3333329856
30842  7.526  -45.512  50.715 0.3333329856
31942  6.835  -45.079  53.558 0.5555559993
31938  6.198  -45.017  54.415 0.5555559993
31983  9.625  -44.934  43.960 0.2222220004
30873  9.062  -45.499  45.388 0.2222220004
30852  8.936  -46.152  47.037 0.2222220004
30853  8.123  -45.716  47.351 0.3333329856
31933  6.095  -44.881  54.856 0.4444440007
31934  5.780  -44.782  55.294 0.4444440007
30821  4.507  -45.041  55.220 0.4444440007
32017  10.285  -44.391  42.345 0.2222220004
30828  2.864  -44.862  53.779 0.4444440007
134254  0.301  -44.651  52.027 0.1111110002
30838  7.520  -45.495  51.880 0.4444440007
31947  7.043  -44.899  52.152 0.5555559993
30848  7.967  -45.817  48.237 0.3333329856
30845  7.316  -45.335  49.601 0.3333329856
31951  6.986  -44.861  51.271 0.5555559993
31943  6.696  -44.440  52.786 0.5555559993
30874  8.539  -45.339  45.770 0.3333329856
30863  8.330  -45.532  46.483 0.2222220004
118809  7.027  -44.561  48.218 0.5555559993
31955  6.829  -44.654  50.214 0.5555559993
134038  6.398  -44.296  53.561 0.6666669846
31972  7.864  -44.663  45.959 0.3333329856
31964  7.613  -44.966  46.872 0.5555559993
33026  7.043  -43.764  47.889 0.6666669846
33002  6.181  -43.552  54.079 0.6666669846
132412  5.881  -44.475  55.293 0.6666669846
30818  4.540  -44.322  55.691 0.5555559993
116573  10.099  -43.790  41.698 0.3333329856
32000  8.935  -44.337  43.328 0.4444440007
114839  6.067  -44.314  54.847 0.7777780294
30817  5.184  -44.588  55.591 0.5555559993
135479  0.524  -44.446  51.542 0.1111110002
33117  10.535  -42.863  40.450 0.6666669846
31949  1.441  -44.733  51.790 0.2222220004
31952  6.628  -44.277  50.971 0.5555559993
31948  6.621  -44.305  51.753 0.5555559993
31956  6.667  -43.886  49.569 0.5555559993
33015  6.590  -43.783  50.444 0.5555559993
33007  6.419  -43.590  52.145 0.5555559993
31985  7.956  -43.891  44.520 0.5555559993
118995  7.718  -44.072  45.250 0.6666669846
33044  7.436  -43.557  46.453 0.6666669846
31959  6.840  -43.884  48.698 0.5555559993
34088  6.756  -43.038  50.818 0.7777780294
33004  6.323  -43.498  53.051 0.7777780294
31931  4.854  -43.818  56.042 0.5555559993
33073  8.277  -43.682  43.682 0.5555559993
33052  7.685  -43.253  45.152 0.7777780294
33043  7.616  -43.054  46.045 0.8888890147
31939  3.156  -44.627  54.421 0.4444440007
34217  10.966  -42.679  39.853 0.6666669846
128066  8.913  -42.832  42.100 0.7777780294
34170  8.241  -42.998  43.375 0.7777780294
31940  2.655  -45.003  52.886 0.2222220004
34123  7.638  -42.987  46.834 0.8888890147
34111  7.582  -42.952  47.748 0.7777780294
133318  7.219  -43.265  48.430 0.8888890147
34169  8.455  -42.320  43.624 0.8888890147
34136  8.098  -42.448  45.693 0.8888890147
34110  8.206  -42.349  47.282 0.8888890147
34102  7.748  -42.491  48.724 0.8888890147
34200  9.859  -42.602  40.841 0.6666669846
117000  8.971  -41.946  42.253 0.7777780294
34122  8.114  -42.431  46.497 0.8888890147
35368  11.712  -41.759  38.499 0.6666669846
34218  10.201  -42.228  40.172 0.6666669846
34219  9.689  -41.858  40.713 0.7777780294
35281  9.167  -41.318  44.751 0.8888890147
34153  8.513  -42.083  44.452 0.8888890147
128621  8.109  -42.503  44.942 0.8888890147
34135  8.856  -41.713  45.412 0.8888890147
123932  8.770  -42.009  46.944 0.7777780294
35319  9.500  -41.334  41.643 0.7777780294
35309  8.890  -41.726  43.101 0.8888890147
35367  12.606  -41.653  38.288 0.7777780294
36621  10.734  -40.648  38.843 0.7777780294
35339  10.093  -41.399  39.981 0.7777780294
36618  13.920  -40.612  37.768 0.7777780294
36637  12.970  -40.049  37.256 0.7777780294
36638  12.069  -40.259  37.512 0.7777780294
35318  9.510  -41.156  42.638 0.8888890147
35308  9.701  -41.012  43.573 0.8888890147
35294  9.890  -40.803  44.483 0.7777780294
35280  10.078  -40.850  45.506 0.6666669846
36602  10.396  -40.640  39.515 0.7777780294
37794  10.522  -40.014  40.831 0.8888890147
38983  16.418  -38.671  38.410 0.5555559993
37848  16.019  -39.368  38.725 0.5555559993
37863  15.000  -39.343  37.620 0.7777780294
37864  14.289  -39.279  37.204 0.7777780294
37865  13.284  -39.148  36.969 0.7777780294
37867  11.669  -39.701  37.711 0.7777780294
39002  15.931  -38.353  37.585 0.6666669846
39003  14.976  -38.694  37.149 0.7777780294
39004  14.006  -38.620  36.715 0.7777780294
39023  13.901  -38.047  36.415 0.7777780294
120403  19.743  -35.606  40.253 0.3333329856
42169  20.109  -34.898  39.909 0.4444440007
36554  10.898  -39.919  42.753 0.8888890147
36543  10.310  -40.413  43.163 0.8888890147
38982  17.188  -38.236  38.769 0.4444440007
38966  16.817  -38.987  39.282 0.3333329856
37851  11.316  -39.481  38.431 0.7777780294
37812  10.902  -39.467  39.713 0.8888890147
37793  11.129  -39.406  41.414 0.8888890147
37773  11.294  -39.356  42.352 0.8888890147
39005  13.390  -38.325  36.763 0.7777780294
39006  12.358  -38.543  37.528 0.8888890147
40083  16.801  -38.014  37.948 0.6666669846
40100  15.438  -38.019  36.697 0.7777780294
39022  14.535  -38.103  36.400 0.7777780294
40099  16.313  -37.698  37.113 0.7777780294
40118  15.844  -37.425  36.205 0.7777780294
41105  19.481  -36.293  40.533 0.3333329856
41090  19.200  -36.927  40.838 0.2222220004
40052  18.676  -37.405  40.469 0.3333329856
41106  18.905  -36.693  40.151 0.3333329856
44108  21.076  -33.513  39.124 0.4444440007
43170  20.548  -34.167  39.537 0.4444440007
40053  18.052  -37.815  40.047 0.3333329856
41125  18.181  -36.977  39.115 0.4444440007
37772  11.813  -38.616  42.823 0.7777780294
37757  11.438  -39.207  43.327 0.7777780294
36526  11.309  -39.576  44.634 0.6666669846
44122  20.829  -33.222  38.352 0.5555559993
40067  17.803  -37.595  39.186 0.5555559993
41142  18.221  -36.618  38.580 0.5555559993
38968  11.636  -38.677  38.919 0.8888890147
136971  11.867  -38.426  40.544 0.8888890147
37792  11.680  -38.963  41.930 0.7777780294
44134  21.485  -32.809  37.836 0.5555559993
40082  17.447  -37.567  38.330 0.6666669846
116232  17.734  -36.935  37.980 0.6666669846
40101  12.955  -37.909  37.177 0.8888890147
129938  12.203  -38.117  38.954 0.8888890147
40098  17.140  -37.374  37.486 0.7777780294
40136  15.407  -37.118  35.684 0.7777780294
40137  14.797  -37.008  35.741 0.8888890147
39024  13.572  -37.652  36.579 0.7777780294
41159  13.485  -37.036  37.206 0.8888890147
41157  17.505  -36.717  37.058 0.7777780294
41194  16.171  -36.771  35.590 0.7777780294
41195  15.332  -36.563  35.400 0.7777780294
41123  19.249  -36.083  39.818 0.3333329856
43182  20.307  -33.941  38.739 0.4444440007
42170  19.531  -35.433  39.490 0.5555559993
42171  19.078  -35.878  39.180 0.5555559993
41124  18.673  -36.481  39.323 0.4444440007
38948  12.370  -38.074  41.075 0.7777780294
44123  20.086  -33.734  37.898 0.5555559993
42190  19.244  -35.340  38.622 0.5555559993
42191  18.686  -36.020  38.586 0.5555559993
40069  12.695  -37.638  39.395 0.8888890147
40055  12.840  -37.553  40.386 0.7777780294
38932  11.624  -38.757  41.073 0.7777780294
45112  22.099  -32.692  37.220 0.5555559993
43198  19.467  -34.326  37.362 0.5555559993
42208  19.122  -35.076  37.697 0.5555559993
126081  18.742  -35.630  37.983 0.5555559993
40068  13.173  -37.254  38.837 0.8888890147
44133  22.853  -33.113  37.239 0.5555559993
45113  21.237  -32.604  36.979 0.6666669846
44145  20.340  -32.872  36.611 0.6666669846
43199  18.889  -34.877  36.793 0.7777780294
42210  17.911  -36.062  36.611 0.7777780294
41173  14.280  -36.729  36.058 0.8888890147
40084  13.083  -37.338  37.894 0.8888890147
116348  23.330  -33.355  36.271 0.6666669846
44144  22.652  -32.858  35.968 0.6666669846
45123  21.893  -32.507  36.283 0.6666669846
45124  20.927  -32.376  36.093 0.6666669846
43209  19.205  -34.107  36.437 0.7777780294
42228  18.244  -35.351  36.214 0.7777780294
42229  17.561  -35.801  35.602 0.7777780294
42252  16.446  -35.453  34.736 0.7777780294
40117  27.806  -37.187  36.524 0.5555559993
40135  27.420  -36.569  36.054 0.5555559993
41192  27.030  -35.975  35.495 0.7777780294
42225  26.237  -35.587  36.026 0.6666669846
43206  25.193  -34.638  35.710 0.6666669846
44157  24.626  -34.097  35.166 0.6666669846
44158  23.851  -33.585  35.247 0.6666669846
45138  22.285  -32.588  35.286 0.6666669846
42249  25.934  -34.971  35.279 0.7777780294
43239  24.996  -33.898  34.044 0.6666669846
135786  24.296  -33.684  34.494 0.7777780294
44172  23.661  -33.313  34.371 0.7777780294
41109  13.745  -36.686  40.283 0.8888890147
40054  13.280  -37.168  39.843 0.8888890147
115933  13.351  -37.095  40.599 0.7777780294
41145  13.529  -36.768  38.300 0.8888890147
44146  19.557  -33.290  36.083 0.6666669846
42231  14.516  -35.861  36.259 0.8888890147
42212  14.384  -35.656  37.324 0.8888890147
39017  29.736  -38.367  36.359 0.5555559993
40115  28.987  -37.848  36.174 0.5555559993
45140  20.530  -32.039  35.176 0.7777780294
44160  19.148  -33.014  35.088 0.7777780294
43223  18.162  -34.317  34.933 0.7777780294
43224  17.477  -34.621  34.675 0.7777780294
43226  15.720  -34.499  35.216 0.8888890147
125364  15.329  -34.995  35.475 0.8888890147
137168  28.421  -37.409  36.128 0.5555559993
40134  28.128  -36.887  35.648 0.8888890147
41191  27.770  -36.285  35.089 0.8888890147
126848  26.700  -35.334  34.898 0.8888890147
44173  22.826  -32.794  34.183 0.7777780294
118338  20.991  -31.931  34.431 0.8888890147
44174  18.558  -32.668  34.268 0.8888890147
44176  17.267  -33.493  34.495 0.8888890147
44177  16.755  -33.786  34.615 0.8888890147
42248  27.466  -35.615  34.609 0.8888890147
115900  27.125  -34.973  34.178 0.8888890147
42269  26.368  -34.652  34.342 0.8888890147
44171  24.326  -33.423  33.713 0.8888890147
45173  23.052  -32.599  33.324 0.8888890147
45174  22.294  -32.267  33.365 0.8888890147
43238  25.900  -34.162  33.795 0.8888890147
43248  24.959  -33.392  33.364 0.8888890147
41126  14.298  -36.247  39.853 0.8888890147
42192  15.101  -35.027  37.902 0.8888890147
42152  14.824  -35.766  39.328 0.8888890147
43200  15.279  -34.456  37.075 0.8888890147
39033  30.414  -38.032  35.630 0.6666669846
39034  29.663  -37.726  35.551 0.6666669846
45153  20.130  -31.841  34.143 0.8888890147
45141  19.568  -32.250  34.686 0.8888890147
45143  16.710  -33.148  34.857 0.8888890147
44147  16.171  -33.307  36.310 0.8888890147
40133  28.918  -37.258  35.339 0.8888890147
46145  21.635  -31.669  32.959 0.8888890147
46127  20.691  -31.620  33.301 0.8888890147
46147  19.118  -31.251  33.123 0.8888890147
45155  18.059  -32.125  33.960 0.7777780294
127400  29.638  -37.243  34.925 0.8888890147
40147  29.299  -36.709  34.607 0.8888890147
41190  28.532  -36.540  34.794 0.8888890147
42268  27.867  -35.217  34.205 0.8888890147
44186  25.476  -33.244  33.474 0.7777780294
45171  24.318  -32.389  33.033 0.8888890147
45187  23.233  -31.759  32.783 0.8888890147
43237  26.665  -34.249  33.961 0.7777780294
43246  26.041  -33.719  33.666 0.8888890147
43247  25.485  -33.703  33.604 0.8888890147
43173  15.876  -34.948  39.291 0.7777780294
42150  15.833  -35.077  40.249 0.4444440007
129572  15.667  -34.805  38.581 0.8888890147
42172  15.288  -35.266  38.843 0.7777780294
44126  15.863  -33.945  37.490 0.7777780294
43185  15.736  -34.373  38.043 0.8888890147
37873  33.617  -39.371  36.810 0.4444440007
37874  32.607  -39.261  36.591 0.5555559993
39015  31.689  -38.757  36.168 0.5555559993
44138  15.747  -33.846  36.674 0.8888890147
39014  32.603  -38.494  35.846 0.5555559993
46113  17.484  -31.539  34.882 0.7777780294
46096  17.539  -31.647  35.823 0.7777780294
45127  16.566  -32.800  35.771 0.7777780294
39032  31.963  -38.000  35.416 0.7777780294
136442  30.828  -37.731  35.254 0.8888890147
40132  30.360  -37.428  35.000 0.8888890147
46161  21.905  -31.023  32.652 0.8888890147
47160  20.053  -30.264  32.708 0.8888890147
48113  18.764  -30.184  33.451 0.7777780294
47142  18.175  -30.609  33.883 0.7777780294
47126  17.743  -31.065  34.394 0.7777780294
45142  17.106  -32.249  35.082 0.7777780294
40131  31.289  -37.308  34.937 0.8888890147
41208  31.037  -36.424  34.732 0.8888890147
41210  29.723  -36.186  34.337 0.8888890147
42267  28.599  -35.444  34.307 0.7777780294
43236  27.433  -34.636  34.193 0.7777780294
44169  27.204  -33.963  34.194 0.7777780294
45151  25.687  -32.504  34.136 0.7777780294
46141  24.831  -32.228  33.392 0.7777780294
46143  23.493  -31.271  32.924 0.7777780294
131406  22.534  -30.475  32.882 0.7777780294
48124  21.652  -30.204  32.757 0.8888890147
44125  16.388  -33.749  38.233 0.5555559993
43184  16.166  -34.384  38.848 0.4444440007
137696  35.129  -38.895  36.754 0.2222220004
119052  34.078  -38.880  36.398 0.3333329856
39012  34.776  -38.594  36.282 0.2222220004
39013  33.372  -38.780  36.152 0.5555559993
45114  17.282  -32.392  37.413 0.4444440007
45115  16.642  -32.817  36.840 0.6666669846
39029  34.036  -38.353  35.852 0.6666669846
46112  17.890  -30.986  35.399 0.6666669846
46080  17.750  -31.772  36.946 0.7777780294
39031  32.653  -37.841  35.412 0.7777780294
40130  32.261  -37.238  35.048 0.8888890147
49051  20.812  -28.980  33.682 0.7777780294
48096  19.176  -29.357  34.042 0.7777780294
48097  18.526  -29.912  34.200 0.6666669846
41189  31.793  -36.473  34.851 0.8888890147
42264  30.717  -35.968  34.678 0.8888890147
42247  29.814  -35.145  34.919 0.7777780294
43234  28.958  -34.945  34.567 0.7777780294
44155  27.571  -33.709  35.149 0.7777780294
44156  26.855  -33.289  34.769 0.7777780294
46126  24.647  -31.564  33.987 0.7777780294
47157  23.870  -31.064  33.623 0.7777780294
48109  22.063  -29.675  33.287 0.6666669846
48003  21.795  -28.576  39.994 0.3333329856
48977  21.245  -27.980  39.565 0.2222220004
137157  19.626  -27.790  40.083 0.1111110002
48018  19.374  -29.154  39.601 0.1111110002
46054  19.349  -30.931  39.826 0.1111110002
46055  18.805  -31.559  39.364 0.2222220004
46053  23.960  -31.077  39.591 0.1111110002
47053  22.962  -29.857  38.962 0.3333329856
48017  21.830  -28.511  39.103 0.3333329856
48031  21.784  -28.411  38.270 0.2222220004
48989  20.160  -27.896  38.374 0.2222220004
48032  19.505  -28.703  38.074 0.2222220004
47068  19.424  -29.644  38.653 0.1111110002
46066  18.647  -31.409  38.471 0.2222220004
46056  18.114  -32.084  38.897 0.2222220004
44124  17.103  -33.260  38.785 0.3333329856
44110  16.738  -33.877  39.242 0.2222220004
40112  36.266  -37.977  36.361 0.2222220004
40113  35.362  -38.019  35.949 0.2222220004
45093  24.753  -32.207  39.518 0.1111110002
46065  24.043  -30.979  38.641 0.2222220004
123920  20.945  -28.036  37.994 0.2222220004
120072  19.797  -28.226  37.675 0.2222220004
47086  19.237  -29.661  37.594 0.2222220004
47069  19.063  -30.624  38.040 0.2222220004
46067  17.918  -31.907  37.974 0.3333329856
45103  17.478  -32.575  38.389 0.3333329856
41168  36.748  -37.165  35.941 0.3333329856
40114  34.632  -38.003  35.734 0.4444440007
127102  26.491  -33.225  38.957 0.1111110002
45102  24.864  -32.332  38.782 0.2222220004
46078  24.137  -31.013  37.806 0.2222220004
47084  23.630  -30.320  37.651 0.3333329856
48048  22.530  -28.933  37.751 0.2222220004
49017  21.399  -28.239  36.541 0.2222220004
49004  19.762  -28.253  36.751 0.2222220004
48051  19.023  -29.623  36.663 0.2222220004
47087  18.777  -30.510  37.080 0.3333329856
41185  35.373  -36.693  35.200 0.4444440007
40127  34.963  -37.415  35.459 0.5555559993
40128  34.018  -37.541  35.380 0.6666669846
42186  29.471  -34.929  38.550 0.5555559993
124918  28.761  -34.631  38.034 0.4444440007
44130  27.233  -33.824  37.627 0.4444440007
45110  26.012  -33.036  37.461 0.4444440007
46077  24.463  -31.574  37.201 0.4444440007
133811  23.831  -30.794  36.303 0.5555559993
48063  22.623  -29.163  35.959 0.4444440007
49029  22.076  -28.577  35.853 0.4444440007
49031  20.429  -28.248  35.373 0.3333329856
48065  18.849  -29.565  35.752 0.5555559993
47108  18.491  -30.360  36.071 0.5555559993
46095  18.209  -31.147  36.483 0.6666669846
41186  34.453  -36.730  35.136 0.6666669846
40129  33.091  -37.308  35.201 0.7777780294
118459  30.694  -35.361  36.938 0.7777780294
43193  29.345  -34.817  37.496 0.6666669846
125771  27.404  -33.617  36.397 0.6666669846
44131  26.619  -33.330  37.029 0.5555559993
46093  24.921  -32.030  36.587 0.6666669846
46094  24.386  -31.379  36.214 0.6666669846
48077  22.943  -29.809  35.531 0.5555559993
48078  22.483  -29.082  35.176 0.5555559993
49040  20.451  -28.512  34.461 0.4444440007
125740  19.295  -28.923  35.483 0.4444440007
41206  34.814  -35.998  34.883 0.7777780294
41187  33.572  -36.678  35.031 0.8888890147
42244  32.055  -35.760  35.021 0.8888890147
42245  31.340  -35.862  34.930 0.8888890147
42223  31.056  -35.649  35.923 0.7777780294
135393  29.716  -34.849  35.881 0.7777780294
43205  28.040  -33.886  35.855 0.7777780294
45136  26.259  -32.751  35.474 0.6666669846
46125  25.148  -31.990  34.624 0.7777780294
47141  23.997  -30.957  34.549 0.7777780294
48092  22.887  -29.803  34.592 0.5555559993
138005  33.237  -36.017  34.849 0.8888890147
42263  33.448  -35.433  34.808 0.8888890147
42243  32.726  -35.501  35.002 0.8888890147
41183  37.161  -36.374  35.611 0.3333329856
41184  36.292  -36.605  35.296 0.4444440007
42242  35.744  -35.951  34.894 0.5555559993
42261  35.154  -35.271  34.578 0.5555559993
118283  30.868  -35.288  37.953 0.7777780294
42262  34.228  -35.331  34.622 0.7777780294
41207  33.945  -36.044  34.819 0.8888890147
128097  31.713  -35.388  36.903 0.7777780294
127580  33.102  -34.963  34.979 0.8888890147
42220  32.795  -34.788  35.773 0.8888890147
42203  32.510  -34.587  37.131 0.7777780294
42240  37.501  -35.576  35.296 0.2222220004
42241  36.652  -35.805  35.036 0.4444440007
132129  31.307  -34.878  39.086 0.3333329856
42259  36.991  -35.011  34.742 0.4444440007
42161  32.201  -34.469  39.131 0.5555559993
42260  36.107  -35.212  34.536 0.5555559993
42183  31.707  -34.768  38.704 0.6666669846
43192  32.641  -33.837  37.883 0.5555559993
43231  35.522  -34.513  34.260 0.6666669846
115452  33.006  -33.165  36.833 0.6666669846
44168  34.942  -33.816  33.979 0.6666669846
43232  34.551  -34.552  34.384 0.6666669846
134260  33.968  -33.758  34.136 0.8888890147
44154  33.328  -33.819  34.723 0.8888890147
43217  33.195  -34.313  35.297 0.8888890147
45119  32.991  -32.820  36.479 1.0000000000
45133  33.154  -33.296  34.416 1.0000000000
122820  32.944  -32.970  35.468 1.0000000000
44092  33.448  -33.423  40.699 0.2222220004
44153  38.043  -33.908  34.898 0.2222220004
44102  33.226  -33.380  39.835 0.3333329856
43216  37.803  -34.778  35.042 0.2222220004
117195  33.056  -34.232  40.352 0.3333329856
43229  37.284  -34.151  34.547 0.3333329856
42141  31.770  -34.973  40.305 0.3333329856
43162  32.789  -34.026  39.520 0.3333329856
44117  33.100  -33.391  39.016 0.4444440007
43230  36.452  -34.378  34.296 0.4444440007
121167  32.736  -33.332  38.390 0.5555559993
44129  32.794  -33.184  37.699 0.6666669846
44167  35.903  -33.725  33.863 0.5555559993
45108  32.765  -32.688  37.658 0.6666669846
46107  32.314  -31.947  35.649 1.0000000000
46108  31.522  -31.599  35.309 1.0000000000
44184  34.466  -33.122  33.645 1.0000000000
44185  33.701  -32.969  33.709 1.0000000000
119633  32.919  -32.804  33.845 1.0000000000
136107  33.046  -33.392  35.046 1.0000000000
45134  32.670  -32.715  34.932 1.0000000000
45070  33.483  -32.258  41.782 0.1111110002
115760  33.348  -33.017  42.141 0.2222220004
44080  33.276  -33.844  41.631 0.2222220004
130743  33.526  -32.532  40.692 0.2222220004
45084  33.554  -32.866  41.334 0.2222220004
45091  33.330  -32.768  40.046 0.3333329856
46060  33.054  -32.117  38.982 0.4444440007
116790  33.253  -32.841  39.296 0.4444440007
45100  33.041  -32.512  38.745 0.6666669846
46073  32.759  -32.272  38.137 0.6666669846
44166  37.563  -33.243  34.404 0.2222220004
46074  32.433  -31.793  37.564 0.6666669846
45146  37.765  -32.479  34.449 0.3333329856
45109  32.743  -32.343  37.080 0.6666669846
46075  31.946  -31.125  37.072 0.6666669846
46090  32.405  -31.765  36.563 0.7777780294
46091  31.844  -31.224  36.170 0.8888890147
44182  36.209  -32.824  33.546 0.5555559993
120637  36.767  -33.471  34.073 0.6666669846
46092  31.034  -30.928  35.868 1.0000000000
46109  30.671  -31.358  35.041 1.0000000000
44183  35.325  -33.082  33.531 0.8888890147
45135  31.951  -32.239  34.689 1.0000000000
123181  34.096  -32.541  33.321 1.0000000000
45165  33.286  -32.280  33.181 1.0000000000
45166  32.265  -32.372  33.264 1.0000000000
46122  31.171  -31.959  34.413 1.0000000000
46028  33.484  -31.745  41.482 0.1111110002
136932  33.608  -32.235  41.176 0.2222220004
47039  33.276  -31.294  41.089 0.1111110002
46039  33.492  -31.958  40.811 0.2222220004
46040  33.081  -31.586  40.223 0.3333329856
46050  33.287  -32.264  40.182 0.3333329856
46062  31.945  -31.249  38.069 0.6666669846
46119  37.592  -31.680  34.414 0.2222220004
47103  31.263  -30.662  36.716 0.6666669846
46120  36.842  -31.417  33.991 0.2222220004
45162  36.227  -31.939  33.512 0.6666669846
47150  35.110  -30.849  33.598 0.7777780294
47120  30.168  -30.713  35.619 1.0000000000
46136  35.408  -31.553  33.416 0.8888890147
46137  34.632  -31.200  33.164 1.0000000000
125027  34.901  -31.832  33.199 1.0000000000
45183  33.269  -31.488  32.673 1.0000000000
47137  29.834  -31.104  34.781 1.0000000000
45164  34.764  -32.452  33.301 1.0000000000
46138  34.165  -31.797  32.974 1.0000000000
45184  32.529  -31.878  32.724 1.0000000000
45149  31.643  -32.407  33.773 1.0000000000
45168  30.904  -32.205  33.506 1.0000000000
46124  29.579  -31.387  33.815 1.0000000000
46123  30.363  -31.722  34.136 1.0000000000
47033  33.049  -30.477  41.419 0.1111110002
47041  31.948  -30.319  40.302 0.2222220004
48013  30.168  -29.518  39.756 0.1111110002
47040  32.775  -30.749  40.632 0.3333329856
47051  30.788  -30.000  39.160 0.2222220004
47049  32.505  -30.955  39.802 0.3333329856
47063  32.176  -31.164  38.973 0.6666669846
47065  30.648  -30.057  38.222 0.5555559993
46061  32.601  -31.761  38.528 0.6666669846
47082  30.602  -30.167  37.285 0.5555559993
47081  31.330  -30.608  37.653 0.6666669846
47104  30.462  -30.376  36.420 0.6666669846
47134  35.397  -30.526  34.366 0.3333329856
47151  34.217  -30.512  33.420 0.6666669846
46156  33.868  -30.943  32.775 0.6666669846
47121  29.374  -30.323  35.332 1.0000000000
117838  32.888  -30.799  32.549 0.8888890147
46157  32.163  -30.965  32.157 1.0000000000
46171  31.386  -31.249  31.913 1.0000000000
131073  31.099  -31.906  32.377 1.0000000000
47122  28.634  -29.912  35.014 1.0000000000
45185  31.829  -32.065  32.713 1.0000000000
131234  30.746  -32.178  32.811 1.0000000000
46139  30.168  -31.968  33.188 1.0000000000
47138  29.103  -30.624  34.452 1.0000000000
47139  28.409  -30.115  34.187 1.0000000000
48090  27.978  -29.439  34.710 1.0000000000
47154  28.789  -30.870  33.487 1.0000000000
132880  28.144  -30.293  33.519 1.0000000000
47140  27.762  -29.662  33.892 1.0000000000
48028  29.754  -29.623  38.889 0.3333329856
48045  29.771  -29.780  37.875 0.4444440007
47083  29.810  -29.895  36.957 0.5555559993
47105  29.667  -30.044  36.133 0.7777780294
47136  33.319  -29.929  34.131 0.5555559993
48074  28.777  -29.628  35.940 0.8888890147
130861  34.711  -30.376  34.097 0.4444440007
132655  28.238  -29.355  35.420 0.8888890147
47152  33.242  -30.393  33.143 0.5555559993
47153  32.333  -29.967  33.078 0.6666669846
47170  32.095  -30.404  32.448 0.6666669846
46172  30.400  -31.445  31.721 1.0000000000
46173  29.506  -31.496  31.854 1.0000000000
46160  28.794  -31.292  32.120 1.0000000000
47155  28.244  -30.757  32.753 1.0000000000
47156  27.570  -30.071  33.127 1.0000000000
48029  29.008  -29.387  38.310 0.4444440007
48047  28.606  -29.095  37.757 0.4444440007
48046  29.042  -29.521  37.448 0.4444440007
127186  28.572  -29.206  36.881 0.4444440007
48075  28.217  -28.986  36.073 0.6666669846
48104  32.597  -29.556  33.931 0.5555559993
48076  27.881  -28.720  35.235 1.0000000000
49048  32.131  -28.418  33.794 0.2222220004
48089  32.489  -28.904  34.262 0.3333329856
48120  31.592  -29.470  32.842 0.6666669846
49055  31.291  -27.969  32.926 0.3333329856
48106  31.604  -28.508  33.264 0.3333329856
135878  31.191  -29.532  32.299 0.6666669846
48132  30.796  -29.703  31.804 0.7777780294
47171  31.480  -30.347  32.053 0.7777780294
48091  27.386  -28.872  34.260 1.0000000000
50008  31.136  -27.306  31.961 0.3333329856
48121  31.035  -28.635  32.605 0.4444440007
47182  30.294  -30.503  31.296 1.0000000000
47183  29.586  -30.998  31.191 1.0000000000
47172  28.226  -30.904  31.910 1.0000000000
50009  30.584  -27.413  31.603 0.3333329856
49056  30.879  -27.713  32.327 0.3333329856
48122  30.507  -28.539  31.893 0.4444440007
128815  30.186  -29.464  31.230 0.8888890147
47194  29.657  -30.163  30.831 0.8888890147
47195  28.974  -30.502  30.634 1.0000000000
47196  28.213  -30.415  30.679 1.0000000000
47185  27.858  -30.564  31.380 1.0000000000
48123  27.009  -29.721  32.588 1.0000000000
48108  26.625  -28.983  32.879 1.0000000000
129730  26.923  -28.728  33.562 0.8888890147
50023  30.275  -27.058  30.956 0.3333329856
49064  29.981  -27.640  31.241 0.5555559993
49063  30.385  -27.911  31.718 0.5555559993
135271  29.683  -29.237  30.775 1.0000000000
48142  29.152  -29.626  30.343 1.0000000000
124596  27.384  -30.158  30.759 1.0000000000
48135  27.098  -30.008  31.631 1.0000000000
49057  26.238  -28.344  32.215 1.0000000000
49050  26.691  -28.203  33.146 0.8888890147
49982  27.000  -27.408  33.461 0.8888890147
50024  29.810  -27.249  30.682 0.7777780294
49081  28.815  -27.837  29.610 1.0000000000
49071  28.676  -29.040  29.715 0.8888890147
48154  27.752  -29.498  29.517 1.0000000000
48155  26.847  -29.335  29.553 1.0000000000
49072  25.900  -28.981  30.260 1.0000000000
130150  25.838  -28.093  31.428 1.0000000000
50010  25.997  -27.460  31.908 1.0000000000
50034  29.447  -27.165  30.022 0.8888890147
49082  28.116  -28.618  29.027 1.0000000000
49083  27.123  -28.882  28.969 1.0000000000
49065  25.590  -28.264  30.644 1.0000000000
50011  25.555  -27.494  31.056 1.0000000000
135219  28.461  -28.786  37.291 0.4444440007
49015  28.379  -28.559  36.701 0.5555559993
49027  28.206  -28.219  35.954 0.7777780294
49037  27.562  -28.052  34.695 0.8888890147
50891  32.654  -27.460  30.093 0.2222220004
134637  32.499  -27.854  31.602 0.2222220004
49979  32.508  -27.926  33.487 0.2222220004
49980  31.770  -27.890  33.254 0.2222220004
49049  27.092  -28.134  33.935 0.8888890147
50021  31.964  -27.842  30.995 0.3333329856
50007  31.812  -27.555  32.024 0.2222220004
49995  31.446  -27.701  32.601 0.2222220004
50908  32.281  -27.040  29.364 0.2222220004
50892  31.646  -27.458  30.119 0.3333329856
50909  31.318  -27.108  29.345 0.3333329856
50893  30.712  -27.075  30.220 0.3333329856
50022  31.020  -27.072  31.077 0.3333329856
50876  25.783  -26.661  31.529 1.0000000000
50864  26.351  -26.638  32.336 0.8888890147
50855  26.859  -26.634  33.085 0.8888890147
50894  29.937  -26.804  30.290 0.6666669846
50910  30.322  -26.829  29.504 0.6666669846
50911  29.572  -26.725  29.515 0.7777780294
50035  28.840  -26.894  29.252 1.0000000000
49094  27.537  -28.027  28.712 1.0000000000
129609  26.451  -27.182  28.483 1.0000000000
50036  25.615  -28.155  29.174 1.0000000000
49085  25.444  -28.340  29.820 1.0000000000
50877  25.131  -26.770  30.680 1.0000000000
50923  29.088  -26.417  28.863 1.0000000000
50924  28.433  -26.581  28.438 1.0000000000
50046  27.209  -27.310  28.458 1.0000000000
50048  25.574  -27.320  28.816 1.0000000000
138267  24.874  -26.913  29.208 1.0000000000
50895  24.795  -26.023  30.311 1.0000000000
121905  28.518  -26.510  35.466 0.5555559993
49956  28.083  -27.095  34.938 0.7777780294
49028  27.983  -27.904  35.327 0.7777780294
50907  33.245  -26.850  29.425 0.2222220004
134853  27.755  -25.973  33.912 0.7777780294
49981  27.496  -27.309  34.183 0.8888890147
50854  27.410  -26.621  33.713 0.8888890147
50920  31.906  -26.738  28.707 0.3333329856
51728  26.820  -25.828  32.706 0.8888890147
51720  27.344  -25.904  33.385 0.8888890147
50921  30.996  -26.769  28.550 0.6666669846
52706  26.188  -25.104  31.613 0.8888890147
51738  26.273  -25.806  31.927 0.8888890147
121958  25.051  -25.141  30.610 1.0000000000
50933  30.437  -26.457  27.853 0.6666669846
50922  29.900  -26.661  28.769 0.6666669846
51783  28.619  -26.328  27.962 0.8888890147
51784  27.753  -26.294  27.808 1.0000000000
139162  27.745  -26.742  28.265 1.0000000000
50926  26.065  -26.604  28.239 1.0000000000
116301  24.807  -25.789  28.665 1.0000000000
129439  24.603  -25.441  29.877 1.0000000000
51806  27.241  -25.743  27.167 1.0000000000
51785  26.640  -26.172  27.640 1.0000000000
51786  25.535  -25.895  27.921 1.0000000000
51709  28.329  -25.297  35.076 0.5555559993
50840  28.361  -26.095  34.949 0.7777780294
50890  33.670  -27.252  30.130 0.1111110002
50846  28.058  -25.615  34.438 0.6666669846
50847  27.885  -26.446  34.346 0.7777780294
50906  34.268  -26.570  29.519 0.1111110002
50919  32.836  -26.438  28.666 0.2222220004
52696  26.790  -24.939  32.295 0.7777780294
51727  27.377  -25.121  33.076 0.7777780294
52721  24.943  -24.247  30.775 0.7777780294
52707  25.591  -24.718  31.225 0.7777780294
53639  26.213  -24.349  31.815 0.6666669846
136316  31.653  -26.524  28.305 0.2222220004
52739  24.345  -24.329  29.300 1.0000000000
51782  31.441  -26.193  27.821 0.4444440007
51803  29.967  -26.084  27.137 0.5555559993
50934  29.485  -26.464  27.942 0.7777780294
51787  24.792  -25.286  28.222 1.0000000000
135890  24.573  -25.612  29.268 1.0000000000
51804  29.012  -25.963  27.275 0.8888890147
51805  28.138  -25.882  27.259 0.8888890147
52682  28.056  -24.717  34.507 0.5555559993
54618  27.627  -23.178  34.064 0.3333329856
52689  27.711  -24.497  33.668 0.3333329856
52690  27.227  -24.311  32.966 0.3333329856
51764  33.657  -26.298  28.958 0.1111110002
125684  26.656  -24.104  32.443 0.3333329856
51780  33.582  -25.638  28.391 0.2222220004
135771  25.464  -23.098  31.787 0.4444440007
53632  25.433  -22.435  32.127 0.3333329856
137400  26.133  -22.761  32.716 0.3333329856
51781  32.163  -26.294  28.185 0.3333329856
52722  24.353  -23.649  30.095 0.7777780294
53653  24.717  -23.414  30.887 0.5555559993
51802  30.883  -25.837  27.166 0.3333329856
138278  24.469  -24.737  28.615 1.0000000000
53669  24.049  -23.456  29.066 0.8888890147
51819  28.592  -25.439  26.645 0.8888890147
51821  26.838  -25.097  26.684 1.0000000000
51808  25.312  -25.081  27.458 1.0000000000
52769  24.499  -23.946  27.777 1.0000000000
51763  34.291  -25.757  29.001 0.1111110002
55593  25.554  -20.714  32.854 0.2222220004
127150  25.747  -21.884  32.861 0.3333329856
54630  26.538  -22.510  33.331 0.3333329856
53622  26.800  -23.411  32.966 0.3333329856
55594  25.156  -21.091  32.041 0.3333329856
116980  32.772  -25.760  27.988 0.3333329856
122345  31.764  -25.472  27.136 0.3333329856
54656  24.293  -22.627  30.504 0.5555559993
117014  24.475  -21.766  30.834 0.4444440007
51817  30.420  -25.413  26.550 0.5555559993
54657  23.947  -22.597  29.618 0.6666669846
55633  24.044  -21.752  30.026 0.5555559993
52787  29.940  -24.935  25.980 0.7777780294
52789  28.223  -24.857  26.151 0.8888890147
52790  27.369  -24.734  26.138 1.0000000000
52792  25.877  -24.701  26.681 1.0000000000
53701  24.630  -23.350  27.390 0.8888890147
53686  24.219  -23.344  28.163 0.7777780294
52814  27.891  -24.360  25.597 0.8888890147
52815  26.979  -24.247  25.575 0.8888890147
52816  26.177  -23.869  25.774 1.0000000000
53700  25.108  -23.318  26.638 1.0000000000
54699  24.438  -22.620  27.807 0.8888890147
56599  25.454  -20.092  32.076 0.2222220004
55613  24.805  -20.902  31.070 0.4444440007
54677  24.024  -22.560  28.655 0.7777780294
55655  24.037  -21.739  29.142 0.5555559993
55632  24.552  -20.987  30.237 0.4444440007
133622  7.151  -46.073  53.800 0.3333329856
31937  6.667  -45.403  53.908 0.4444440007
28656  4.881  -46.487  54.336 0.4444440007
29742  3.536  -46.193  54.231 0.4444440007
29737  4.671  -45.723  54.679 0.4444440007
30841  8.371  -46.140  50.621 0.2222220004
30862  9.239  -45.901  46.145 0.2222220004
29791  10.715  -46.414  46.761 0.2222220004
30820  5.384  -45.280  55.028 0.4444440007
29744  2.056  -46.373  54.037 0.2222220004
30825  2.891  -45.591  53.967 0.2222220004
30823  3.301  -45.198  54.425 0.4444440007
31941  1.876  -45.591  52.585 0.2222220004
31944  2.241  -45.031  52.073 0.2222220004
30847  8.721  -46.305  47.891 0.2222220004
135300  7.894  -45.810  49.931 0.2222220004
30888  9.314  -45.236  44.731 0.2222220004
133597  6.272  -44.738  54.129 0.5555559993
31999  9.916  -44.764  43.144 0.2222220004
31984  8.635  -44.541  44.155 0.3333329856
32018  9.347  -44.180  42.705 0.4444440007
30822  3.707  -45.074  54.909 0.5555559993
33087  9.361  -43.665  42.136 0.3333329856
31998  11.034  -44.839  43.123 0.2222220004
33013  -0.115  -44.055  50.968 0.1111110002
30854  7.451  -45.177  47.753 0.4444440007
30849  7.328  -45.292  48.656 0.4444440007
31958  6.872  -44.654  49.129 0.4444440007
31971  8.390  -44.767  45.080 0.4444440007
31962  7.156  -44.391  47.353 0.6666669846
31965  7.342  -44.176  46.556 0.6666669846
33033  7.242  -43.635  47.099 0.7777780294
31930  5.550  -44.219  55.688 0.5555559993
31935  3.876  -44.348  55.368 0.5555559993
33103  10.522  -43.418  41.055 0.4444440007
33072  8.645  -43.467  42.819 0.5555559993
33116  11.281  -43.262  40.440 0.5555559993
33104  9.542  -43.100  41.472 0.6666669846
128675  2.981  -43.699  54.216 0.5555559993
33010  6.522  -43.658  51.276 0.5555559993
33014  6.911  -43.141  49.996 0.6666669846
31973  7.552  -43.805  45.867 0.7777780294
33021  7.077  -43.184  49.159 0.7777780294
34076  6.446  -42.766  52.439 0.7777780294
32995  5.343  -43.519  55.872 0.4444440007
33061  8.009  -42.967  44.189 0.7777780294
125416  3.044  -43.925  54.933 0.5555559993
31936  3.303  -44.441  54.939 0.5555559993
35353  11.028  -41.752  38.851 0.6666669846
126676  11.927  -42.983  39.862 0.4444440007
34235  10.647  -41.970  39.460 0.6666669846
34201  9.304  -42.173  41.424 0.7777780294
34187  8.559  -42.567  42.820 0.7777780294
138160  9.515  -41.659  41.137 0.7777780294
34121  8.817  -41.858  46.308 0.7777780294
35369  11.083  -41.172  38.479 0.6666669846
126519  11.886  -41.063  38.025 0.6666669846
35329  9.749  -41.267  40.803 0.7777780294
35295  8.980  -41.490  43.972 0.8888890147
36568  10.010  -40.616  41.222 0.8888890147
36619  12.821  -40.896  37.767 0.7777780294
37831  10.752  -39.944  39.047 0.7777780294
35354  10.587  -41.252  39.148 0.7777780294
36620  11.258  -40.349  38.169 0.7777780294
36584  10.104  -40.650  40.326 0.7777780294
36636  13.806  -39.824  37.316 0.7777780294
37850  14.595  -39.913  37.691 0.7777780294
36555  10.060  -40.523  42.184 0.8888890147
35307  10.582  -40.288  44.099 0.8888890147
35293  10.778  -40.116  45.081 0.6666669846
37830  11.162  -39.254  39.215 0.8888890147
37813  10.511  -40.010  39.929 0.7777780294
38984  15.588  -38.985  38.007 0.6666669846
37866  12.307  -39.337  37.241 0.8888890147
122205  12.811  -38.653  37.071 0.8888890147
38986  11.779  -38.999  37.876 0.8888890147
40120  14.232  -37.475  36.159 0.7777780294
43171  19.846  -34.700  39.115 0.4444440007
36567  10.682  -40.018  41.774 0.8888890147
36542  11.127  -39.808  43.676 0.8888890147
38949  11.396  -38.805  40.000 0.8888890147
119243  10.987  -39.398  40.491 0.8888890147
40119  14.992  -37.580  36.006 0.7777780294
41172  16.716  -37.110  36.557 0.7777780294
40066  18.400  -37.163  39.715 0.3333329856
38931  12.113  -38.404  41.937 0.7777780294
41143  17.864  -37.122  38.659 0.6666669846
38967  12.142  -38.151  39.918 0.8888890147
118273  22.353  -32.978  38.016 0.5555559993
41156  18.217  -36.236  37.713 0.7777780294
38985  12.090  -38.442  38.268 0.8888890147
40085  12.590  -37.845  38.248 0.8888890147
41196  14.746  -36.410  35.654 0.8888890147
41174  13.812  -37.046  36.442 0.8888890147
41171  17.156  -36.499  36.015 0.7777780294
41193  16.789  -36.126  35.095 0.7777780294
122821  15.909  -36.122  34.927 0.7777780294
38930  12.697  -37.876  42.021 0.5555559993
40039  13.111  -37.339  41.341 0.6666669846
43183  19.651  -34.513  38.255 0.5555559993
41127  13.704  -36.725  39.356 0.8888890147
44135  20.590  -33.048  37.501 0.6666669846
44136  19.859  -33.558  37.011 0.6666669846
42209  18.542  -35.556  37.176 0.7777780294
41144  13.932  -36.244  37.768 0.8888890147
135074  22.564  -32.842  36.634 0.5555559993
45125  20.000  -32.513  35.700 0.6666669846
43210  18.534  -34.604  35.856 0.7777780294
42230  14.966  -35.057  36.152 0.8888890147
41158  14.006  -36.417  36.784 0.8888890147
43222  24.089  -33.836  35.921 0.6666669846
44159  23.120  -33.054  35.242 0.6666669846
45139  21.404  -32.205  35.370 0.6666669846
44161  18.832  -33.831  35.462 0.7777780294
42250  17.872  -35.044  35.300 0.7777780294
42251  17.199  -35.391  34.845 0.7777780294
42270  16.835  -34.782  34.583 0.7777780294
43225  16.231  -34.693  34.770 0.7777780294
126967  15.741  -35.284  34.953 0.8888890147
42253  15.102  -35.774  35.367 0.8888890147
41169  26.708  -36.251  36.484 0.6666669846
43221  25.506  -34.441  34.652 0.7777780294
45152  21.866  -32.280  34.400 0.7777780294
41108  14.207  -36.188  40.797 0.7777780294
40038  13.637  -36.707  41.116 0.5555559993
42193  14.607  -35.663  38.345 0.8888890147
120287  14.168  -36.259  38.832 0.8888890147
42211  14.723  -35.125  36.945 0.8888890147
132455  18.361  -33.540  34.623 0.7777780294
43240  17.706  -33.919  34.466 0.8888890147
43241  17.098  -34.153  34.488 0.7777780294
44162  16.212  -33.900  34.925 0.8888890147
44148  15.829  -33.832  35.730 0.8888890147
43211  15.402  -34.401  36.034 0.8888890147
44188  23.627  -33.019  33.493 0.8888890147
133481  21.465  -31.983  33.616 0.8888890147
45154  19.038  -31.843  33.751 0.8888890147
45156  17.427  -32.691  34.440 0.7777780294
44175  17.849  -33.130  34.309 0.8888890147
44187  24.361  -32.960  33.081 0.8888890147
45172  23.660  -32.414  32.915 0.8888890147
46144  22.467  -31.716  32.772 0.8888890147
42151  14.977  -35.686  40.304 0.7777780294
120511  15.401  -35.376  39.629 0.7777780294
39016  30.699  -38.593  36.254 0.7777780294
46128  19.762  -31.514  33.354 0.8888890147
125182  16.262  -33.369  35.492 0.8888890147
132728  31.163  -38.120  35.556 0.7777780294
41212  28.221  -35.861  34.374 0.8888890147
46162  20.992  -31.150  32.717 0.8888890147
46146  20.008  -31.054  32.811 0.8888890147
45175  18.519  -31.427  33.538 0.7777780294
47162  18.545  -30.951  33.270 0.7777780294
46129  18.045  -31.344  33.770 0.7777780294
46130  17.553  -31.835  34.255 0.7777780294
40145  30.651  -36.857  34.642 0.8888890147
40146  30.030  -36.811  34.549 0.8888890147
41211  28.964  -36.067  34.247 0.8888890147
43235  28.188  -34.822  34.310 0.8888890147
45170  25.417  -32.680  33.537 0.7777780294
45169  26.009  -33.081  33.718 0.7777780294
116094  24.927  -32.861  33.157 0.8888890147
45186  23.843  -31.889  32.852 0.8888890147
46142  24.236  -31.699  33.186 0.7777780294
132360  22.815  -31.163  32.717 0.7777780294
45104  16.871  -33.049  37.838 0.5555559993
44137  16.256  -33.425  37.263 0.6666669846
45126  17.086  -32.238  36.315 0.7777780294
47174  21.205  -30.609  32.645 0.7777780294
48110  21.247  -29.543  33.083 0.7777780294
48111  20.383  -29.538  33.065 0.7777780294
47161  19.254  -30.639  32.885 0.8888890147
48112  19.518  -29.767  33.145 0.7777780294
47125  18.252  -30.239  34.918 0.5555559993
41209  30.402  -36.297  34.516 0.8888890147
42266  29.375  -35.610  34.388 0.8888890147
42265  30.141  -35.766  34.520 0.8888890147
43220  27.788  -34.261  34.461 0.7777780294
44170  26.557  -33.563  33.949 0.7777780294
45150  26.279  -32.874  34.405 0.7777780294
131754  25.203  -32.164  33.886 0.7777780294
47158  23.244  -30.619  33.262 0.7777780294
39030  33.303  -38.088  35.600 0.6666669846
41188  32.664  -36.402  34.924 0.8888890147
48094  21.548  -29.160  33.683 0.6666669846
49039  21.338  -28.622  34.286 0.6666669846
49041  19.739  -28.814  34.407 0.6666669846
48079  19.374  -29.004  34.804 0.5555559993
48080  18.890  -29.476  34.892 0.5555559993
42246  30.618  -35.573  34.959 0.7777780294
42224  30.375  -35.213  35.878 0.7777780294
43218  29.126  -34.646  35.438 0.7777780294
43219  28.367  -34.308  35.006 0.7777780294
44143  26.870  -33.141  35.891 0.7777780294
45137  25.680  -32.383  35.064 0.7777780294
128517  23.427  -30.413  34.060 0.6666669846
47159  22.767  -29.984  33.661 0.5555559993
48093  22.176  -29.171  34.192 0.5555559993
48016  22.478  -29.250  39.491 0.3333329856
48002  22.427  -29.423  40.495 0.2222220004
49912  20.215  -27.664  39.137 0.2222220004
49899  20.584  -27.640  39.629 0.1111110002
48988  20.921  -27.866  38.821 0.2222220004
124731  19.467  -28.362  39.039 0.1111110002
49900  20.018  -27.576  39.624 0.1111110002
47054  19.435  -30.167  39.463 0.1111110002
47055  19.227  -30.778  38.971 0.1111110002
46041  24.362  -31.714  40.028 0.1111110002
47042  23.375  -30.625  40.116 0.1111110002
47052  23.503  -30.415  39.303 0.3333329856
46029  24.360  -31.539  40.933 0.1111110002
46043  22.948  -30.318  40.608 0.2222220004
47043  22.881  -30.072  39.810 0.3333329856
47067  23.061  -29.675  38.137 0.3333329856
48030  22.534  -29.081  38.620 0.3333329856
48990  19.713  -28.107  38.478 0.2222220004
48050  19.410  -28.801  37.171 0.2222220004
46079  18.473  -31.292  37.503 0.3333329856
40126  35.867  -37.375  35.580 0.3333329856
46064  24.517  -31.823  38.127 0.2222220004
46052  24.394  -31.751  39.074 0.2222220004
47066  23.583  -30.216  38.506 0.3333329856
136498  23.942  -30.577  38.155 0.3333329856
48049  21.648  -28.318  37.424 0.2222220004
49003  20.474  -28.045  37.258 0.2222220004
44119  26.395  -33.286  38.090 0.3333329856
45101  25.699  -32.875  38.085 0.3333329856
44118  26.985  -33.641  38.674 0.3333329856
136584  25.391  -32.665  38.624 0.2222220004
46076  24.946  -32.199  37.386 0.2222220004
47106  23.981  -30.911  36.999 0.3333329856
48062  22.964  -29.760  36.381 0.3333329856
47085  22.988  -29.668  37.258 0.3333329856
119046  23.448  -30.324  36.757 0.3333329856
49016  22.426  -28.865  36.759 0.4444440007
49018  20.415  -28.085  36.238 0.2222220004
49019  19.739  -28.336  35.888 0.3333329856
48064  19.295  -28.838  36.300 0.3333329856
42206  30.160  -35.136  37.816 0.4444440007
43194  28.639  -34.431  37.139 0.7777780294
119971  28.074  -34.240  37.785 0.4444440007
43179  27.670  -34.041  38.519 0.4444440007
135020  25.411  -32.391  36.847 0.5555559993
45111  25.531  -32.628  37.427 0.2222220004
45121  26.018  -32.829  36.621 0.5555559993
47123  23.938  -30.899  35.538 0.5555559993
47107  23.421  -30.335  35.934 0.5555559993
49030  21.219  -28.235  35.655 0.4444440007
49038  21.795  -28.513  34.990 0.5555559993
49032  19.824  -28.579  35.079 0.4444440007
42205  31.402  -35.286  37.615 0.7777780294
120205  29.951  -34.942  36.785 0.7777780294
43203  29.228  -34.620  36.486 0.7777780294
43195  27.947  -34.085  36.835 0.7777780294
46110  25.005  -31.970  35.632 0.6666669846
45122  25.555  -32.378  36.067 0.6666669846
46111  24.566  -31.420  35.098 0.6666669846
47124  23.451  -30.358  35.028 0.6666669846
42222  31.652  -35.609  35.930 0.8888890147
42221  32.207  -35.277  36.163 0.7777780294
121624  31.270  -35.495  36.921 0.7777780294
43204  28.614  -34.212  36.091 0.7777780294
42204  31.895  -35.020  37.667 0.6666669846
43233  33.622  -34.627  34.611 0.8888890147
115624  33.073  -33.935  36.668 0.7777780294
119404  31.749  -34.805  39.530 0.4444440007
43163  32.357  -34.632  39.987 0.3333329856
42184  30.870  -34.992  38.957 0.4444440007
43178  32.563  -33.900  38.706 0.5555559993
42182  32.201  -34.429  38.249 0.5555559993
44142  33.117  -33.463  35.748 1.0000000000
45120  32.821  -32.402  36.050 1.0000000000
119320  33.173  -32.467  39.518 0.4444440007
116769  32.971  -32.854  38.537 0.4444440007
45148  32.260  -32.653  34.050 1.0000000000
47032  33.396  -31.024  41.885 0.1111110002
137363  33.095  -32.050  39.644 0.4444440007
46051  32.803  -31.635  39.353 0.4444440007
45147  37.058  -32.412  33.957 0.3333329856
46121  35.924  -31.160  33.819 0.3333329856
136436  32.622  -31.316  32.403 0.8888890147
45167  31.411  -32.299  32.994 1.0000000000
47998  32.366  -29.948  40.997 0.2222220004
48012  31.043  -29.917  40.018 0.1111110002
47050  31.599  -30.562  39.496 0.3333329856
47064  31.389  -30.647  38.610 0.4444440007
46158  31.962  -31.590  32.326 1.0000000000
46159  30.186  -31.970  32.348 1.0000000000
46140  29.381  -31.564  32.744 1.0000000000
48061  29.102  -29.663  36.682 0.4444440007
123347  30.912  -30.736  31.659 1.0000000000
47173  27.614  -30.396  32.249 1.0000000000
48107  27.129  -29.339  33.427 1.0000000000
48105  31.994  -29.108  33.698 0.3333329856
47184  28.748  -30.970  31.332 1.0000000000
48133  29.979  -28.436  31.289 0.6666669846
48143  28.438  -29.906  30.129 1.0000000000
123089  26.545  -29.560  30.833 1.0000000000
120888  26.504  -29.284  31.930 1.0000000000
48134  29.454  -28.250  30.454 0.7777780294
134723  27.768  -30.029  30.177 1.0000000000
48145  26.380  -29.401  29.983 1.0000000000
117495  26.067  -28.776  31.223 1.0000000000
49996  26.492  -27.455  32.712 0.8888890147
119244  28.262  -27.681  29.024 1.0000000000
49084  26.083  -28.925  29.368 1.0000000000
50047  26.435  -28.078  28.748 1.0000000000
50025  25.085  -27.603  30.220 1.0000000000
50045  28.061  -27.206  28.620 1.0000000000
50026  24.671  -26.895  29.824 1.0000000000
120634  25.479  -25.751  31.178 1.0000000000
50925  26.999  -26.686  28.126 1.0000000000
50927  25.202  -26.448  28.641 1.0000000000
50912  24.688  -26.152  29.355 1.0000000000
52738  24.603  -24.682  30.062 1.0000000000
51807  26.223  -25.512  27.191 1.0000000000
53631  26.034  -23.440  32.204 0.4444440007
53640  25.444  -23.718  31.429 0.5555559993
51818  29.508  -25.528  26.540 0.6666669846
52751  24.672  -24.609  27.905 1.0000000000
51820  27.750  -25.256  26.722 1.0000000000
53621  27.510  -23.698  33.551 0.3333329856
127686  24.870  -21.773  31.534 0.4444440007
54641  24.923  -22.703  31.331 0.4444440007
52788  29.039  -25.048  25.979 0.8888890147
52791  26.516  -24.523  26.127 1.0000000000
52768  25.036  -24.157  27.126 1.0000000000
115348  26.094  -21.474  33.646 0.2222220004
56598  25.820  -19.722  32.615 0.2222220004
51801  32.552  -25.306  27.363 0.3333329856
133224  28.627  -24.552  25.620 0.8888890147
131388  25.594  -23.910  26.350 1.0000000000
53725  28.576  -23.999  25.009 0.8888890147
56612  25.360  -20.052  31.248 0.4444440007
31932  3.996  -43.730  55.875 0.4444440007
32999  5.704  -43.804  55.440 0.3333329856
32996  4.153  -43.041  56.183 0.2222220004
33000  5.428  -42.759  55.627 0.2222220004
118834  5.870  -43.165  54.956 0.3333329856
34073  6.283  -42.456  53.319 0.6666669846
34070  6.056  -42.366  54.303 0.3333329856
34081  6.597  -42.913  51.629 0.6666669846
121196  4.881  -42.909  56.147 0.2222220004
34075  6.952  -42.216  51.988 0.6666669846
34087  7.302  -42.431  50.429 0.6666669846
34080  7.090  -42.326  51.211 0.6666669846
34095  7.522  -42.482  49.623 0.7777780294
34067  5.844  -42.074  55.114 0.2222220004
125040  6.350  -41.715  53.813 0.3333329856
34079  7.755  -41.728  50.839 0.6666669846
35222  7.511  -41.648  51.581 0.6666669846
34101  8.415  -42.132  48.106 0.7777780294
34094  8.353  -41.853  49.356 0.6666669846
34086  8.068  -41.800  50.091 0.6666669846
34109  9.074  -41.710  47.615 0.4444440007
126010  8.636  -41.849  48.777 0.5555559993
34085  8.906  -41.144  49.822 0.3333329856
34093  9.203  -41.287  49.187 0.5555559993
34100  9.398  -41.367  48.463 0.4444440007
34120  9.731  -41.212  46.292 0.5555559993
123298  9.481  -41.433  47.012 0.4444440007
34092  9.999  -40.706  49.136 0.3333329856
34099  10.211  -40.674  48.501 0.2222220004
129739  10.330  -41.002  47.033 0.3333329856
34108  10.042  -41.052  47.759 0.3333329856
34107  10.978  -40.526  47.115 0.2222220004
136456  10.551  -40.684  47.474 0.2222220004
35264  11.561  -40.300  46.642 0.2222220004
35265  10.675  -40.639  46.451 0.3333329856
35279  11.171  -40.203  46.002 0.2222220004
36541  11.684  -39.098  44.228 0.5555559993
35278  12.031  -39.990  46.344 0.1111110002
37737  12.343  -38.462  44.756 0.1111110002
36525  11.901  -38.965  45.215 0.1111110002
35292  11.602  -39.625  45.621 0.2222220004
37738  11.979  -38.628  43.819 0.4444440007
41153  27.124  -36.857  36.952 0.2222220004
37771  12.288  -38.093  43.420 0.2222220004
38911  12.716  -37.642  42.943 0.3333329856
38999  27.939  -38.190  37.743 0.3333329856
40097  27.525  -37.541  37.345 0.2222220004
40116  28.312  -37.860  36.900 0.4444440007
134327  13.546  -36.882  41.803 0.4444440007
40023  13.145  -37.277  42.339 0.3333329856
47022  22.958  -29.997  43.108 0.1111110002
47029  22.773  -30.017  42.130 0.1111110002
47034  22.717  -29.930  41.201 0.1111110002
46031  23.045  -30.645  41.336 0.1111110002
40022  13.697  -36.768  42.511 0.2222220004
41076  15.043  -36.163  43.005 0.2222220004
138682  14.014  -36.786  43.223 0.2222220004
41091  14.775  -35.901  42.220 0.3333329856
41092  14.065  -36.311  41.794 0.3333329856
41107  14.695  -35.738  41.303 0.3333329856
122141  15.298  -35.274  40.946 0.3333329856
43122  31.557  -34.366  42.135 0.1111110002
43135  30.484  -34.347  41.605 0.2222220004
42145  29.644  -34.131  40.766 0.1111110002
42165  29.411  -34.354  40.075 0.2222220004
135224  31.105  -34.731  41.451 0.2222220004
42125  29.996  -34.185  41.352 0.2222220004
42124  30.595  -34.669  41.046 0.2222220004
42144  30.107  -34.537  40.517 0.2222220004
43134  32.028  -34.820  41.499 0.2222220004
135765  31.033  -34.939  40.862 0.2222220004
42142  31.154  -34.962  40.374 0.2222220004
42163  30.703  -34.918  39.657 0.2222220004
43149  31.593  -35.045  40.923 0.2222220004
43148  32.487  -34.857  40.826 0.2222220004
43150  29.030  -33.843  40.630 0.2222220004
43164  28.620  -34.013  39.934 0.3333329856
132084  28.148  -34.118  39.253 0.3333329856
42187  28.945  -34.597  39.244 0.3333329856
115890  28.388  -34.409  38.598 0.3333329856
42164  29.974  -34.786  39.588 0.2222220004
43147  33.161  -34.322  41.020 0.2222220004
42185  30.374  -35.051  38.784 0.2222220004
53727  25.615  -23.234  25.950 0.8888890147
53737  26.287  -22.606  25.157 0.7777780294
48987  28.702  -28.706  38.566 0.3333329856
55712  26.191  -21.857  25.186 0.7777780294
54731  25.816  -22.548  25.640 0.7777780294
49002  28.582  -28.422  37.777 0.3333329856
122591  28.523  -28.214  37.188 0.3333329856
56671  26.655  -20.378  26.260 0.7777780294
55705  25.731  -21.813  26.131 0.6666669846
54715  24.875  -22.689  27.050 0.6666669846
58614  28.109  -18.313  26.374 0.6666669846
57610  27.353  -19.268  26.124 0.6666669846
56680  26.312  -21.063  25.660 0.7777780294
54724  25.293  -22.626  26.307 0.6666669846
60518  28.991  -16.084  25.559 0.7777780294
56679  26.720  -20.205  25.276 0.7777780294
60529  29.132  -15.972  24.914 0.7777780294
49928  28.826  -27.601  37.449 0.3333329856
49942  28.606  -27.568  36.626 0.3333329856
50834  28.816  -26.523  36.152 0.4444440007
57593  29.851  -18.940  27.298 0.3333329856
56662  28.634  -20.421  27.420 0.4444440007
56663  27.194  -20.712  27.283 0.7777780294
55697  25.278  -22.008  26.915 0.5555559993
54698  24.922  -21.942  27.530 0.7777780294
60501  30.103  -16.456  27.531 0.4444440007
59601  29.828  -17.301  27.219 0.5555559993
57609  28.003  -19.085  26.394 0.5555559993
56670  27.692  -20.056  26.632 0.6666669846
60509  29.693  -15.891  26.756 0.5555559993
59606  28.535  -17.125  26.125 0.6666669846
62493  30.701  -14.222  25.167 0.7777780294
61465  29.417  -15.710  26.090 0.7777780294
62527  31.508  -14.367  23.098 0.7777780294
62508  30.715  -14.422  24.323 0.7777780294
51701  28.667  -25.710  35.630 0.4444440007
58553  32.190  -19.027  28.931 0.1111110002
125215  25.266  -21.266  28.027 0.4444440007
58574  31.313  -18.915  28.427 0.2222220004
57577  30.167  -19.790  27.872 0.3333329856
56661  29.490  -20.356  27.978 0.2222220004
55676  28.275  -21.132  28.584 0.3333329856
116088  26.844  -21.054  28.286 0.3333329856
55679  24.469  -21.840  28.285 0.5555559993
61420  34.724  -14.676  31.052 0.1111110002
61421  33.981  -15.119  30.707 0.1111110002
61422  33.194  -15.697  30.423 0.3333329856
60492  31.657  -16.507  29.210 0.5555559993
58575  31.062  -17.975  28.002 0.3333329856
118493  30.633  -18.937  27.827 0.3333329856
57594  29.351  -19.744  27.260 0.4444440007
117446  27.670  -21.117  27.964 0.5555559993
55678  25.891  -21.092  27.700 0.5555559993
62423  34.344  -14.126  30.262 0.1111110002
62433  33.278  -14.029  29.168 0.2222220004
61438  31.920  -14.859  28.758 0.4444440007
60500  30.621  -15.810  28.154 0.5555559993
59599  30.775  -16.883  28.163 0.4444440007
63442  34.611  -13.382  28.790 0.1111110002
62462  33.536  -13.805  27.487 0.3333329856
61448  31.823  -14.471  28.067 0.6666669846
61449  31.001  -14.857  27.806 0.6666669846
62491  32.634  -13.545  25.480 0.7777780294
62475  31.313  -13.890  26.533 0.7777780294
61463  30.769  -14.510  26.925 0.7777780294
117879  31.237  -13.988  23.772 0.7777780294
62507  31.277  -13.787  24.624 0.7777780294
53598  27.879  -23.344  35.184 0.2222220004
53597  28.176  -23.991  34.868 0.2222220004
57564  31.283  -19.601  29.014 0.1111110002
55653  25.911  -20.793  28.584 0.3333329856
55654  24.724  -21.101  28.771 0.4444440007
57576  30.738  -19.637  28.344 0.2222220004
56649  30.018  -20.266  28.510 0.2222220004
55677  27.223  -21.078  28.235 0.3333329856
138181  27.889  -23.445  34.579 0.2222220004
127383  27.204  -23.011  33.565 0.2222220004
56634  30.464  -20.338  29.627 0.1111110002
55652  27.146  -20.995  29.025 0.2222220004
56648  30.471  -20.053  28.967 0.1111110002
129306  29.482  -20.615  28.679 0.2222220004
54696  28.568  -21.089  29.198 0.2222220004
54676  28.236  -21.155  29.231 0.2222220004
55674  29.851  -20.548  29.165 0.1111110002
56635  26.289  -20.317  29.610 0.3333329856
56621  25.275  -20.253  30.337 0.3333329856
55651  29.529  -20.861  29.565 0.1111110002
54674  29.154  -21.166  29.638 0.1111110002
129712  26.200  -19.592  30.625 0.3333329856
56620  27.059  -19.945  30.243 0.2222220004
55631  27.602  -20.773  29.598 0.2222220004
56611  26.007  -19.443  31.584 0.2222220004
55630  28.652  -21.271  29.933 0.1111110002
132817  12.294  -38.073  42.650 0.6666669846
39018  28.990  -38.292  36.835 0.4444440007
137056  28.848  -34.719  38.606 0.2222220004
42162  31.212  -34.916  39.711 0.2222220004
49955  28.390  -27.307  35.733 0.5555559993
53611  27.920  -23.887  34.194 0.2222220004
56636  25.092  -20.615  29.463 0.4444440007
32997  3.374  -43.573  55.399 0.4444440007
47990  22.213  -29.251  41.448 0.1111110002
35215  6.683  -42.058  52.633 0.4444440007
35206  6.227  -41.433  54.518 0.2222220004
41077  14.306  -36.347  42.740 0.2222220004
42143  30.641  -34.832  40.370 0.2222220004
55722  26.556  -21.034  24.818 0.7777780294
55704  26.163  -20.968  26.672 0.6666669846
55696  25.707  -21.327  27.002 0.6666669846
58613  28.652  -17.840  26.511 0.5555559993
120234  26.939  -19.750  25.984 0.6666669846
60511  28.582  -16.643  25.690 0.7777780294
60510  29.082  -16.415  26.262 0.7777780294
61493  29.863  -15.582  24.657 0.7777780294
61479  29.657  -15.427  25.439 0.7777780294
50833  29.027  -25.772  36.482 0.3333329856
58599  29.490  -18.059  26.933 0.4444440007
58598  30.259  -18.105  27.466 0.4444440007
58600  28.895  -18.825  26.757 0.4444440007
57595  28.581  -19.685  26.816 0.4444440007
55694  28.129  -21.020  27.822 0.5555559993
55695  26.579  -20.976  27.640 0.5555559993
60502  29.550  -16.629  26.907 0.5555559993
61450  30.308  -15.411  27.303 0.6666669846
59605  29.180  -17.220  26.661 0.5555559993
59600  30.428  -17.359  27.683 0.3333329856
61478  30.271  -14.967  24.886 0.7777780294
62476  30.643  -14.214  26.056 0.7777780294
135541  30.232  -14.787  25.570 0.7777780294
61464  30.042  -15.090  26.323 0.7777780294
131003  31.872  -13.862  23.400 0.7777780294
58573  32.555  -18.260  29.078 0.2222220004
124009  31.908  -18.181  28.530 0.2222220004
55693  28.860  -20.811  28.333 0.2222220004
61430  32.769  -14.932  29.754 0.3333329856
61429  33.549  -14.529  29.995 0.1111110002
131776  32.531  -15.887  30.012 0.5555559993
61431  32.056  -15.510  29.452 0.4444440007
60493  31.145  -16.258  28.707 0.5555559993
134080  31.545  -15.660  29.005 0.5555559993
60484  32.229  -16.646  29.699 0.5555559993
59588  32.109  -17.449  29.093 0.3333329856
59589  31.430  -17.284  28.639 0.3333329856
62432  34.066  -13.742  29.387 0.2222220004
61437  32.556  -14.437  28.984 0.4444440007
61439  31.278  -15.278  28.509 0.5555559993
62448  32.598  -14.108  28.206 0.2222220004
62463  32.557  -13.867  27.494 0.5555559993
62464  31.609  -14.100  27.298 0.6666669846
63469  32.006  -13.534  24.876 0.7777780294
62506  32.800  -13.674  24.541 0.7777780294
62474  32.343  -13.633  26.539 0.7777780294
62492  31.489  -13.641  25.627 0.7777780294
63480  31.949  -13.666  24.106 0.7777780294
55675  29.085  -20.927  29.102 0.2222220004
54697  27.821  -21.177  28.714 0.3333329856
63479  32.727  -13.833  23.549 0.7777780294
30830  1.098  -45.822  52.899 0.1111110002
31950  -0.351  -44.483  51.628 0.1111110002
28663  3.623  -46.997  54.127 0.3333329856
33005  2.894  -44.116  53.332 0.2222220004
33006  2.725  -44.100  52.618 0.1111110002
33009  2.384  -44.260  51.916 0.1111110002
129564  3.518  -43.090  55.970 0.2222220004
33001  3.086  -43.080  54.972 0.3333329856
29765  10.848  -47.039  49.870 0.1111110002
29764  11.497  -47.244  49.735 0.1111110002
29780  13.377  -46.859  47.745 0.1111110002
29781  12.294  -46.721  47.593 0.1111110002
29772  12.786  -47.255  48.582 0.1111110002
128187  11.946  -47.375  49.152 0.1111110002
29790  11.744  -46.269  46.671 0.1111110002
29782  11.291  -46.687  47.444 0.1111110002
29773  11.703  -47.026  48.256 0.1111110002
136719  10.914  -46.902  48.034 0.1111110002
131488  7.924  -41.098  51.874 0.4444440007
30851  12.889  -46.246  46.921 0.1111110002
131883  8.769  -40.606  51.877 0.2222220004
116480  11.656  -45.914  45.860 0.1111110002
30860  10.882  -46.083  46.021 0.1111110002
35229  8.632  -41.189  50.570 0.4444440007
30871  11.052  -45.754  45.267 0.1111110002
30857  14.161  -45.870  46.187 0.1111110002
30858  13.396  -45.891  46.237 0.1111110002
30869  13.752  -45.575  45.541 0.1111110002
125097  12.973  -45.661  45.584 0.1111110002
30859  12.466  -45.905  46.094 0.1111110002
122134  9.257  -40.817  51.094 0.1111110002
30884  14.051  -45.242  44.833 0.1111110002
30885  13.089  -45.311  44.824 0.1111110002
30870  12.120  -45.609  45.235 0.1111110002
129916  12.208  -45.265  44.493 0.1111110002
31982  10.657  -45.126  43.854 0.1111110002
31995  14.474  -44.969  43.328 0.1111110002
31980  14.266  -45.083  44.088 0.1111110002
31981  13.585  -44.953  44.139 0.1111110002
122627  13.996  -44.723  42.856 0.1111110002
129756  13.932  -44.863  43.578 0.1111110002
127864  12.681  -44.937  44.001 0.1111110002
32014  13.351  -44.515  42.314 0.1111110002
31996  13.194  -44.736  43.258 0.1111110002
31997  12.132  -44.757  43.219 0.1111110002
33084  12.763  -44.288  41.866 0.1111110002
33085  11.993  -44.198  41.805 0.1111110002
32016  11.505  -44.518  42.428 0.1111110002
33101  12.545  -43.923  41.248 0.1111110002
33086  10.999  -44.081  41.708 0.2222220004
33115  12.240  -43.528  40.509 0.1111110002
31994  15.089  -45.088  42.852 0.1111110002
38945  18.398  -38.120  40.809 0.2222220004
32012  15.412  -44.949  41.964 0.1111110002
32028  15.701  -44.594  41.291 0.1111110002
132680  14.962  -44.649  41.774 0.1111110002
43180  24.247  -34.437  38.720 0.2222220004
33114  15.069  -43.734  40.385 0.1111110002
32029  14.215  -44.482  41.899 0.1111110002
43181  23.497  -33.876  38.792 0.3333329856
33100  13.383  -44.152  41.498 0.1111110002
44106  22.584  -33.403  38.940 0.4444440007
136398  13.464  -43.435  40.015 0.2222220004
123394  13.247  -43.709  40.602 0.1111110002
34233  13.331  -42.219  38.823 0.3333329856
119501  12.620  -42.697  39.317 0.4444440007
124746  18.086  -39.865  42.124 0.2222220004
36553  17.247  -41.074  41.694 0.1111110002
124129  17.080  -42.365  41.899 0.1111110002
38929  18.043  -38.849  41.156 0.2222220004
36565  17.738  -40.420  41.976 0.2222220004
37810  17.550  -39.312  40.608 0.2222220004
35328  16.467  -41.956  40.810 0.1111110002
33097  16.520  -43.591  41.190 0.1111110002
32027  16.363  -44.207  41.247 0.1111110002
42166  25.212  -35.595  39.122 0.1111110002
42167  24.700  -35.265  39.717 0.2222220004
38946  17.834  -38.559  40.358 0.2222220004
37791  17.121  -40.003  40.781 0.2222220004
128009  16.766  -41.347  41.094 0.1111110002
33098  15.856  -44.059  40.840 0.1111110002
38965  17.553  -38.388  39.560 0.2222220004
36566  16.875  -40.724  40.940 0.1111110002
119763  16.436  -41.280  40.440 0.1111110002
34214  15.519  -42.902  40.073 0.1111110002
116271  23.903  -34.062  38.133 0.3333329856
34216  13.632  -42.994  39.558 0.2222220004
34215  14.655  -43.092  39.722 0.1111110002
44120  23.241  -33.539  37.973 0.4444440007
34232  14.330  -42.415  39.182 0.2222220004
34243  12.362  -42.195  38.744 0.5555559993
34234  11.560  -42.365  39.142 0.5555559993
41121  26.072  -37.057  39.915 0.1111110002
41122  25.666  -36.383  39.545 0.1111110002
137502  24.686  -34.968  39.097 0.2222220004
38947  17.345  -38.958  39.967 0.2222220004
36582  16.552  -40.455  40.095 0.1111110002
36583  15.944  -41.153  39.753 0.1111110002
34231  15.187  -42.369  39.503 0.2222220004
42189  24.922  -35.009  38.438 0.3333329856
37811  16.930  -39.567  40.043 0.3333329856
36599  15.983  -40.521  39.425 0.3333329856
36600  15.354  -41.006  39.027 0.4444440007
35351  14.850  -41.778  39.033 0.2222220004
43197  23.971  -33.942  37.449 0.4444440007
37829  15.655  -40.141  38.866 0.4444440007
36617  14.936  -40.469  38.296 0.5555559993
36601  14.475  -41.215  38.498 0.6666669846
44132  23.500  -33.540  37.137 0.4444440007
117452  26.175  -36.882  39.086 0.1111110002
42188  25.412  -35.553  38.317 0.2222220004
37849  15.343  -39.727  38.175 0.4444440007
43196  24.550  -34.518  37.736 0.4444440007
43208  24.018  -33.846  36.674 0.4444440007
40051  26.458  -37.610  40.459 0.1111110002
40050  27.153  -38.184  40.037 0.1111110002
40065  26.575  -37.580  39.526 0.1111110002
42207  25.255  -35.169  37.651 0.4444440007
116596  24.443  -34.274  36.976 0.4444440007
42227  25.042  -34.761  36.780 0.4444440007
37784  28.494  -39.319  40.970 0.1111110002
38964  27.841  -38.771  39.515 0.1111110002
40064  27.239  -38.038  39.078 0.1111110002
41140  26.294  -36.671  38.212 0.1111110002
41155  25.865  -35.890  37.725 0.1111110002
42226  25.661  -35.415  36.891 0.4444440007
43207  24.550  -34.286  36.207 0.5555559993
38925  29.723  -39.221  42.003 0.1111110002
37783  29.425  -39.742  41.168 0.1111110002
128092  28.274  -39.250  40.182 0.1111110002
40080  27.300  -37.839  38.174 0.1111110002
45095  17.696  -32.770  39.288 0.1111110002
45087  17.930  -32.961  40.138 0.1111110002
125977  26.884  -37.141  37.791 0.1111110002
41170  26.159  -35.924  36.917 0.3333329856
41154  26.464  -36.483  37.354 0.2222220004
136143  25.595  -35.087  36.159 0.4444440007
38941  33.363  -38.537  40.578 0.1111110002
38943  31.757  -39.235  41.054 0.1111110002
38923  31.372  -38.725  41.725 0.1111110002
42118  16.091  -35.057  42.126 0.2222220004
42119  15.470  -35.576  42.606 0.2222220004
38962  33.885  -39.076  40.019 0.1111110002
37801  32.264  -39.873  40.413 0.1111110002
37782  30.174  -39.698  41.534 0.1111110002
42134  15.266  -35.291  41.778 0.2222220004
37822  33.649  -39.871  39.647 0.1111110002
37800  33.130  -39.445  40.246 0.1111110002
37803  30.369  -40.164  40.818 0.1111110002
37805  28.883  -39.727  40.310 0.1111110002
43156  17.117  -34.046  41.015 0.1111110002
42133  15.943  -34.904  41.234 0.2222220004
37839  35.034  -39.632  38.820 0.1111110002
36593  33.134  -40.384  39.228 0.1111110002
127956  32.284  -40.412  39.733 0.1111110002
36577  30.961  -40.501  40.169 0.1111110002
37804  29.632  -40.234  40.284 0.1111110002
44098  16.946  -33.966  40.152 0.1111110002
37837  35.743  -39.198  38.212 0.1111110002
36592  34.134  -40.070  39.078 0.1111110002
36594  31.504  -40.575  39.575 0.1111110002
36595  30.726  -40.584  39.493 0.1111110002
37824  29.210  -39.929  39.511 0.1111110002
38980  28.346  -39.050  38.752 0.1111110002
44109  17.339  -33.418  39.691 0.1111110002
43172  16.398  -34.490  39.730 0.2222220004
40096  36.802  -38.196  37.198 0.1111110002
37855  34.981  -39.666  37.941 0.1111110002
37840  34.396  -39.954  38.457 0.1111110002
36629  33.221  -40.059  37.979 0.1111110002
37842  29.620  -39.928  38.610 0.1111110002
37843  28.889  -39.542  38.876 0.1111110002
38981  27.789  -38.470  38.540 0.1111110002
38995  35.547  -39.055  37.290 0.1111110002
37857  33.034  -39.783  37.333 0.1111110002
38998  28.609  -38.539  37.472 0.1111110002
39010  36.168  -38.596  36.978 0.1111110002
39011  35.566  -38.572  36.559 0.1111110002
37872  34.608  -39.265  36.985 0.1111110002
36611  32.796  -40.359  38.462 0.1111110002
125920  32.161  -40.607  39.008 0.1111110002
36612  31.288  -40.594  38.867 0.1111110002
36630  32.620  -40.054  37.854 0.1111110002
36631  31.899  -40.293  38.177 0.1111110002
36613  30.479  -40.416  38.774 0.1111110002
37858  32.186  -39.807  37.358 0.2222220004
134891  31.244  -39.847  37.531 0.1111110002
133641  30.499  -39.532  37.390 0.1111110002
38979  28.941  -39.199  38.077 0.1111110002
38996  30.167  -39.007  36.960 0.1111110002
48088  33.025  -29.264  34.651 0.1111110002
49993  33.361  -27.996  32.673 0.1111110002
52812  30.264  -24.266  25.523 0.6666669846
52813  29.363  -24.455  25.488 0.7777780294
53733  30.080  -23.104  24.650 0.6666669846
53734  29.067  -23.171  24.438 0.7777780294
53726  27.494  -23.816  25.103 0.7777780294
54744  30.153  -22.031  24.003 0.6666669846
136659  29.106  -22.473  24.049 0.6666669846
53735  27.963  -23.274  24.591 0.6666669846
120636  26.175  -23.185  25.386 0.6666669846
55728  30.169  -21.357  23.740 0.6666669846
55729  29.277  -21.314  23.633 0.6666669846
55730  28.410  -21.231  23.701 0.6666669846
55720  27.797  -21.788  24.003 0.6666669846
128643  26.893  -21.791  24.500 0.6666669846
55731  27.737  -21.063  23.866 0.6666669846
129826  29.964  -19.986  23.466 0.6666669846
130360  28.311  -19.848  23.555 0.6666669846
57645  27.295  -19.064  24.445 0.6666669846
128878  27.027  -19.729  24.636 0.6666669846
56694  27.987  -20.536  23.673 0.6666669846
121570  27.441  -19.856  23.926 0.6666669846
58633  35.218  -19.242  24.065 0.5555559993
58625  34.292  -19.205  24.635 0.5555559993
58636  32.560  -18.949  24.356 0.6666669846
59612  28.067  -17.120  25.578 0.6666669846
57641  36.111  -19.604  23.743 0.5555559993
58651  34.582  -19.094  23.451 0.5555559993
129197  32.958  -18.757  24.081 0.6666669846
57659  30.411  -19.499  23.611 0.6666669846
58656  29.206  -18.491  23.649 0.6666669846
58641  27.627  -18.357  24.347 0.6666669846
57627  27.106  -19.231  25.380 0.5555559993
59620  32.803  -18.486  23.654 0.5555559993
130190  31.239  -17.653  23.733 0.6666669846
58637  30.736  -18.036  23.820 0.6666669846
123787  36.248  -19.860  22.917 0.5555559993
57657  35.423  -19.537  23.012 0.5555559993
58652  33.982  -18.864  22.936 0.5555559993
58638  29.693  -17.718  23.846 0.6666669846
122826  28.353  -17.143  24.582 0.6666669846
124740  33.980  -18.794  23.716 0.5555559993
58653  33.383  -18.614  23.348 0.6666669846
59633  31.511  -17.295  23.413 0.6666669846
59621  30.215  -16.908  24.017 0.6666669846
120660  29.658  -16.178  24.426 0.6666669846
60528  30.265  -15.975  24.099 0.6666669846
60527  30.824  -16.613  23.686 0.6666669846
57672  38.546  -19.936  22.551 0.4444440007
57681  37.329  -19.642  21.667 0.4444440007
120451  37.635  -19.975  22.440 0.5555559993
57673  36.753  -19.988  22.334 0.5555559993
57683  35.600  -19.535  21.540 0.5555559993
58665  34.067  -18.943  21.960 0.6666669846
61492  30.416  -15.185  24.159 0.6666669846
57684  34.809  -19.310  21.634 0.5555559993
58666  33.432  -18.493  22.444 0.6666669846
59632  32.178  -17.799  23.237 0.6666669846
60537  31.788  -16.845  22.783 0.6666669846
61505  31.276  -15.226  23.011 0.6666669846
60539  30.744  -15.657  23.580 0.6666669846
60483  32.907  -16.768  30.125 0.3333329856
57679  39.186  -19.451  21.787 0.3333329856
57680  38.224  -19.575  21.769 0.4444440007
57682  36.439  -19.636  21.569 0.5555559993
61506  30.900  -14.760  23.593 0.6666669846
58676  37.914  -19.041  21.159 0.4444440007
58678  36.039  -19.016  20.881 0.5555559993
58680  34.405  -18.731  20.982 0.6666669846
118576  33.001  -17.814  21.985 0.6666669846
60548  31.743  -15.787  22.540 0.6666669846
59642  32.386  -17.346  22.443 0.6666669846
135892  40.801  -19.531  22.268 0.3333329856
58674  40.697  -18.838  21.593 0.3333329856
119729  39.893  -18.983  21.476 0.3333329856
62544  31.961  -14.805  22.534 0.6666669846
59653  40.943  -17.920  21.127 0.3333329856
59654  40.123  -18.295  21.055 0.3333329856
58675  39.329  -18.680  21.106 0.3333329856
58693  37.599  -18.351  20.665 0.4444440007
129980  36.001  -18.266  20.434 0.6666669846
59655  33.341  -17.457  21.121 0.6666669846
61514  32.327  -15.364  21.976 0.6666669846
59672  35.498  -17.757  20.112 0.6666669846
115095  34.951  -17.109  19.860 0.6666669846
131209  33.904  -17.954  20.758 0.6666669846
60563  33.227  -16.506  20.928 0.6666669846
134171  33.310  -13.737  26.890 0.5555559993
62490  33.637  -13.818  25.115 0.6666669846
62525  34.102  -14.091  23.093 0.5555559993
136491  33.447  -13.987  23.366 0.6666669846
61554  36.072  -15.726  19.625 0.6666669846
61543  34.507  -15.376  20.456 0.6666669846
62542  33.668  -14.256  22.144 0.5555559993
133264  41.832  -16.682  21.045 0.2222220004
134058  40.548  -16.528  20.371 0.4444440007
60577  39.129  -16.501  19.882 0.5555559993
60587  37.772  -16.467  19.663 0.6666669846
60580  35.492  -16.388  19.746 0.6666669846
61526  33.968  -15.197  21.019 0.6666669846
62543  32.723  -14.529  22.053 0.6666669846
58673  41.536  -18.327  21.623 0.2222220004
59668  39.437  -17.783  20.589 0.3333329856
129384  37.223  -17.680  20.214 0.6666669846
60579  35.856  -17.062  19.759 0.6666669846
60581  34.610  -16.254  20.029 0.6666669846
62557  32.797  -15.169  21.483 0.6666669846
59674  33.974  -17.049  20.358 0.6666669846
61527  33.236  -15.583  21.017 0.6666669846
116738  34.986  -14.045  23.185 0.5555559993
116410  34.587  -14.068  22.417 0.4444440007
61524  44.898  -15.146  21.574 0.2222220004
60560  44.010  -16.110  21.657 0.2222220004
60561  43.186  -16.473  21.541 0.2222220004
62583  35.890  -14.866  19.859 0.6666669846
62570  35.121  -14.681  20.519 0.5555559993
132104  35.137  -14.105  21.501 0.5555559993
62552  45.357  -14.599  21.592 0.1111110002
120754  43.488  -15.723  21.063 0.2222220004
60575  41.475  -16.087  20.523 0.4444440007
135237  39.012  -15.583  19.540 0.5555559993
61552  37.999  -15.645  19.412 0.6666669846
121123  36.621  -15.160  19.523 0.6666669846
63519  42.684  -13.885  20.070 0.2222220004
62576  41.943  -14.218  19.885 0.3333329856
62578  40.590  -14.474  19.596 0.4444440007
61551  40.024  -15.137  19.647 0.5555559993
62580  38.327  -14.789  19.294 0.5555559993
62554  35.830  -13.856  21.999 0.5555559993
63510  46.081  -13.330  21.473 0.1111110002
62536  45.869  -14.835  22.169 0.1111110002
65420  46.256  -11.923  21.010 0.1111110002
63516  44.750  -13.204  20.671 0.1111110002
63518  43.439  -13.489  20.224 0.1111110002
61536  43.737  -15.108  20.734 0.2222220004
62581  37.209  -14.057  19.436 0.5555559993
62569  36.176  -14.038  20.192 0.5555559993
66405  45.795  -10.833  19.810 0.2222220004
65430  45.764  -11.391  20.343 0.1111110002
63526  42.783  -13.059  19.860 0.2222220004
63527  42.021  -13.447  19.704 0.4444440007
63529  40.219  -13.793  19.384 0.5555559993
63530  39.336  -13.882  19.277 0.5555559993
63531  37.809  -13.939  19.267 0.5555559993
63532  37.251  -13.488  19.401 0.5555559993
66414  46.714  -10.504  19.594 0.2222220004
116404  46.113  -10.621  19.545 0.2222220004
65442  45.173  -11.080  19.762 0.1111110002
65444  43.386  -11.496  19.403 0.2222220004
122457  41.412  -13.076  19.492 0.4444440007
122918  40.221  -12.383  19.115 0.5555559993
64494  38.718  -12.440  19.026 0.5555559993
123300  37.586  -13.032  19.264 0.5555559993
64495  37.339  -12.172  19.273 0.5555559993
136568  39.439  -12.253  19.006 0.5555559993
63513  36.195  -13.468  21.157 0.4444440007
64496  36.939  -12.799  19.557 0.5555559993
67355  46.998  -10.207  19.135 0.1111110002
67356  46.104  -10.364  19.022 0.2222220004
66427  44.330  -10.318  18.621 0.2222220004
65445  42.519  -11.622  19.277 0.3333329856
65446  41.598  -11.702  19.149 0.5555559993
65448  39.731  -11.647  18.928 0.5555559993
132896  37.978  -12.539  19.096 0.5555559993
65433  36.892  -11.887  19.681 0.4444440007
67383  49.432  -9.438  17.874 0.1111110002
115840  46.963  -10.061  18.089 0.1111110002
67372  45.591  -10.060  18.191 0.1111110002
124394  43.882  -10.010  18.184 0.2222220004
66429  42.480  -10.058  18.555 0.3333329856
66418  42.036  -10.854  18.957 0.4444440007
116740  40.051  -10.892  18.844 0.5555559993
129660  39.023  -10.881  18.848 0.5555559993
122277  37.944  -11.801  18.990 0.4444440007
65450  37.379  -11.206  19.411 0.4444440007
66435  47.078  -10.226  17.285 0.1111110002
116137  43.773  -9.603  17.711 0.2222220004
67376  41.640  -9.415  18.288 0.4444440007
66440  47.562  -10.197  16.490 0.1111110002
65409  37.691  -11.639  21.705 0.3333329856
127571  36.977  -12.066  21.284 0.3333329856
63512  36.834  -12.922  21.719 0.3333329856
65422  37.150  -11.184  20.913 0.4444440007
64472  36.641  -12.656  20.735 0.4444440007
67360  37.567  -9.728  19.760 0.4444440007
66406  37.288  -10.402  19.820 0.4444440007
65432  36.954  -11.114  20.027 0.4444440007
64480  36.634  -12.426  20.004 0.4444440007
67359  38.134  -9.424  19.374 0.5555559993
123935  40.992  -8.763  18.169 0.5555559993
67377  40.603  -9.277  18.469 0.5555559993
66421  39.201  -9.922  18.824 0.5555559993
132520  38.324  -10.235  19.000 0.5555559993
67411  49.553  -9.845  15.485 0.1111110002
66438  49.248  -9.983  16.274 0.1111110002
67400  47.112  -9.926  15.870 0.1111110002
67401  46.240  -10.162  16.886 0.2222220004
67388  44.245  -9.556  17.354 0.2222220004
67389  43.079  -9.201  17.597 0.3333329856
68266  41.705  -8.636  17.810 0.5555559993
124256  50.110  -9.767  16.146 0.1111110002
67398  49.783  -9.657  16.946 0.1111110002
65421  37.749  -10.978  21.517 0.3333329856
64463  37.713  -12.437  22.120 0.3333329856
66377  38.188  -10.456  21.595 0.3333329856
67345  37.745  -9.034  20.076 0.4444440007
67332  37.527  -9.848  20.407 0.4444440007
68248  39.742  -7.702  19.060 0.4444440007
68249  39.068  -8.037  19.437 0.5555559993
68258  40.312  -8.278  18.483 0.5555559993
67357  39.689  -8.544  18.807 0.5555559993
67358  38.962  -8.887  19.098 0.5555559993
128415  48.192  -9.556  15.175 0.1111110002
124887  46.305  -9.899  16.050 0.2222220004
67403  44.466  -9.276  16.576 0.2222220004
67404  43.638  -9.057  17.019 0.2222220004
67390  42.473  -8.804  17.577 0.4444440007
69152  41.463  -7.629  17.609 0.5555559993
67421  50.812  -9.600  14.598 0.1111110002
67412  49.013  -9.644  14.930 0.1111110002
116809  47.484  -9.572  15.364 0.2222220004
67414  46.671  -9.324  15.252 0.2222220004
68276  45.130  -8.765  15.245 0.2222220004
68278  43.621  -8.045  15.844 0.3333329856
68273  42.589  -7.819  16.724 0.4444440007
68265  42.179  -8.124  17.298 0.5555559993
67432  50.271  -9.212  13.890 0.2222220004
67423  48.497  -9.047  14.597 0.2222220004
67424  47.587  -8.950  14.765 0.2222220004
68277  44.369  -8.622  15.706 0.2222220004
69176  48.961  -7.097  12.840 0.4444440007
69167  48.549  -7.520  13.342 0.3333329856
132199  48.885  -8.058  13.608 0.3333329856
68289  48.231  -8.033  13.811 0.4444440007
69146  40.016  -6.944  19.408 0.4444440007
70021  41.457  -6.741  17.641 0.4444440007
69149  40.937  -7.111  18.166 0.4444440007
68272  43.248  -8.297  16.510 0.4444440007
136739  42.430  -7.278  16.476 0.4444440007
68283  45.928  -7.961  14.397 0.3333329856
138602  45.322  -8.226  14.735 0.3333329856
126983  44.662  -8.084  14.958 0.3333329856
132760  47.596  -7.389  13.551 0.4444440007
68282  47.490  -8.174  14.146 0.3333329856
69162  45.086  -7.438  14.427 0.4444440007
69156  44.220  -7.344  14.774 0.4444440007
69157  43.445  -7.195  15.274 0.3333329856
70042  48.163  -6.870  12.998 0.4444440007
70896  43.250  -5.307  16.392 0.4444440007
70893  42.358  -5.474  17.631 0.4444440007
70905  43.993  -5.560  15.302 0.4444440007
70023  42.897  -6.065  15.931 0.4444440007
70024  42.429  -6.682  16.320 0.4444440007
69168  46.661  -6.877  13.517 0.4444440007
69161  45.901  -7.127  13.967 0.4444440007
126072  45.157  -6.403  14.069 0.4444440007
70026  43.918  -6.518  14.829 0.4444440007
70056  47.832  -6.226  12.587 0.4444440007
70057  47.156  -5.977  12.691 0.4444440007
70043  47.329  -6.584  13.061 0.4444440007
126271  47.195  -4.902  12.154 0.4444440007
70937  47.495  -5.547  12.328 0.4444440007
70878  46.546  -5.210  19.693 0.1111110002
71777  45.418  -4.177  17.653 0.2222220004
70886  45.295  -4.861  19.140 0.3333329856
71787  44.992  -3.938  16.817 0.2222220004
71778  44.542  -4.268  17.315 0.4444440007
70887  44.265  -4.691  18.961 0.4444440007
71788  44.344  -4.378  16.461 0.4444440007
121795  43.917  -4.521  17.877 0.4444440007
70888  43.129  -4.892  18.501 0.4444440007
70926  45.886  -5.519  13.158 0.4444440007
70045  45.916  -6.316  13.550 0.4444440007
70916  44.497  -5.926  14.579 0.4444440007
72729  47.304  -3.213  11.726 0.3333329856
72721  46.745  -3.649  12.099 0.4444440007
71815  46.592  -4.390  12.307 0.4444440007
71816  45.866  -4.635  12.850 0.4444440007
70927  45.428  -5.726  13.705 0.4444440007
70884  46.919  -4.999  19.157 0.1111110002
135377  46.536  -4.705  18.624 0.1111110002
123125  46.651  -3.731  17.310 0.1111110002
71786  45.819  -3.810  17.142 0.2222220004
72701  46.091  -3.054  16.041 0.2222220004
72687  46.156  -3.456  16.740 0.2222220004
71797  44.715  -4.165  15.943 0.3333329856
121281  45.690  -2.927  15.020 0.2222220004
72702  45.420  -3.566  15.381 0.2222220004
123515  45.073  -4.130  15.355 0.2222220004
70904  44.650  -4.922  15.072 0.4444440007
72713  45.749  -3.165  13.876 0.2222220004
71803  45.414  -3.901  14.423 0.3333329856
122823  45.133  -4.572  14.607 0.4444440007
73606  47.266  -2.305  11.960 0.3333329856
73597  46.659  -2.838  12.355 0.1111110002
73591  46.274  -2.447  13.333 0.2222220004
71808  45.583  -4.057  13.421 0.4444440007
71809  45.410  -4.859  13.713 0.4444440007
70915  45.013  -5.406  14.261 0.4444440007
71760  47.651  -4.887  19.231 0.1111110002
71767  47.252  -4.537  18.468 0.1111110002
71775  47.877  -4.060  17.967 0.1111110002
120702  47.485  -3.639  17.359 0.1111110002
71776  47.145  -4.074  17.784 0.1111110002
73585  46.152  -2.307  14.496 0.2222220004
73577  46.495  -2.395  15.492 0.2222220004
71758  49.249  -4.456  19.600 0.1111110002
71759  48.471  -4.682  19.385 0.1111110002
71765  49.195  -4.278  18.797 0.1111110002
121877  48.774  -4.071  18.060 0.1111110002
72699  48.839  -3.032  16.560 0.1111110002
121152  48.797  -3.432  17.001 0.1111110002
72685  47.959  -3.228  16.771 0.1111110002
73575  48.820  -2.296  16.103 0.1111110002
72686  46.890  -3.226  16.805 0.1111110002
74424  49.249  -1.565  15.636 0.1111110002
134045  48.257  -1.556  15.625 0.1111110002
123593  48.067  -2.723  16.271 0.1111110002
72700  47.130  -2.720  16.252 0.2222220004
75311  47.661  -0.671  14.665 0.1111110002
73584  46.763  -1.685  14.989 0.2222220004
134490  46.634  -1.833  13.371 0.2222220004
74442  46.567  -1.703  14.043 0.2222220004
72684  49.549  -3.378  16.933 0.1111110002
67409  52.299  -9.323  15.388 0.1111110002
67395  52.742  -9.215  16.174 0.1111110002
123523  52.723  -9.481  14.583 0.1111110002
69166  49.408  -7.763  13.160 0.3333329856
67420  51.789  -9.498  14.611 0.1111110002
38997  29.346  -38.835  37.222 0.2222220004
37875  31.750  -39.400  36.877 0.2222220004
37876  31.003  -39.213  36.845 0.2222220004
49047  32.730  -28.273  34.241 0.1111110002
50006  33.290  -27.951  31.726 0.1111110002
49994  32.283  -27.736  32.614 0.1111110002
53736  26.950  -23.092  24.940 0.6666669846
120589  26.719  -23.681  25.299 0.7777780294
131861  7.310  -41.437  52.383 0.4444440007
35221  8.289  -41.153  51.279 0.4444440007
122651  28.283  -38.733  38.089 0.1111110002
58615  27.481  -18.417  25.958 0.5555559993
59607  27.927  -17.677  26.087 0.5555559993
59613  27.593  -17.697  25.503 0.5555559993
60519  28.421  -16.572  25.091 0.6666669846
56686  26.964  -20.398  24.419 0.6666669846
117268  33.489  -13.742  26.070 0.6666669846
118969  27.954  -20.538  30.242 0.1111110002
43157  16.480  -34.470  40.684 0.1111110002
32998  3.153  -42.551  55.696 0.2222220004
59622  29.099  -16.791  24.395 0.6666669846
114974  32.256  -14.103  22.797 0.6666669846
62526  33.099  -14.059  22.749 0.6666669846
35209  7.633  -40.774  53.152 0.2222220004
35214  7.992  -40.795  52.390 0.2222220004
30886  11.349  -45.429  44.533 0.1111110002
125798  11.697  -45.036  43.884 0.1111110002
32013  14.688  -44.832  42.509 0.1111110002
32015  12.509  -44.525  42.485 0.1111110002
33102  11.595  -43.783  41.104 0.1111110002
33099  14.977  -44.312  41.170 0.1111110002
116834  14.159  -44.033  40.940 0.1111110002
122605  14.059  -43.605  40.114 0.1111110002
120257  12.860  -43.267  39.945 0.1111110002
37790  17.767  -39.734  41.417 0.2222220004
35317  16.902  -41.839  41.529 0.1111110002
132111  17.395  -40.407  41.351 0.2222220004
34199  16.637  -42.706  41.180 0.1111110002
33113  16.030  -43.315  40.614 0.1111110002
34213  16.137  -42.589  40.534 0.1111110002
35337  15.866  -41.982  40.095 0.1111110002
35352  14.130  -41.843  38.728 0.3333329856
41141  25.812  -36.130  38.682 0.2222220004
37828  16.363  -39.846  39.396 0.3333329856
35338  15.481  -41.699  39.430 0.4444440007
35366  13.556  -41.448  38.272 0.6666669846
40081  26.699  -37.396  38.637 0.1111110002
38924  30.544  -39.022  41.932 0.1111110002
38963  28.530  -39.423  39.525 0.1111110002
37781  30.912  -39.579  41.346 0.1111110002
37802  31.323  -40.023  40.695 0.1111110002
37823  32.915  -40.075  39.878 0.1111110002
37821  34.479  -39.536  39.463 0.1111110002
36576  31.669  -40.374  40.163 0.1111110002
36610  33.669  -40.222  38.550 0.1111110002
36578  30.303  -40.515  40.081 0.1111110002
36596  29.953  -40.404  39.467 0.1111110002
37856  33.969  -39.871  37.693 0.1111110002
37841  31.048  -40.336  38.262 0.1111110002
115749  30.411  -39.983  38.018 0.1111110002
37859  29.788  -39.466  37.685 0.1111110002
53724  29.654  -23.775  25.027 0.7777780294
54745  29.563  -21.971  23.850 0.6666669846
54738  28.350  -22.581  24.149 0.6666669846
54746  28.764  -21.929  23.836 0.6666669846
54739  27.430  -22.517  24.452 0.6666669846
56692  29.721  -20.625  23.524 0.6666669846
55727  30.965  -21.174  24.033 0.6666669846
56693  28.842  -20.599  23.537 0.6666669846
55721  27.171  -21.113  24.208 0.6666669846
58655  30.116  -18.668  23.620 0.6666669846
57660  29.628  -19.314  23.505 0.6666669846
128251  29.224  -19.935  23.477 0.6666669846
57661  28.737  -19.164  23.545 0.6666669846
58657  28.314  -18.390  23.840 0.6666669846
57662  27.848  -19.069  23.754 0.6666669846
58626  27.282  -18.342  25.147 0.6666669846
126984  35.152  -19.137  24.920 0.5555559993
58634  34.436  -19.018  24.214 0.5555559993
57642  33.450  -19.166  24.564 0.6666669846
59623  27.825  -17.202  25.010 0.6666669846
58635  33.608  -18.839  24.084 0.5555559993
125408  31.686  -18.699  23.976 0.6666669846
129848  32.200  -18.278  23.809 0.6666669846
57658  31.167  -19.592  23.913 0.6666669846
58654  30.868  -18.898  23.786 0.6666669846
58639  28.753  -17.691  24.048 0.6666669846
58640  28.011  -17.725  24.416 0.6666669846
57674  35.935  -19.866  22.230 0.5555559993
57675  34.651  -19.259  22.521 0.5555559993
59641  32.781  -18.174  22.875 0.6666669846
60538  31.210  -16.251  23.120 0.6666669846
58677  37.012  -19.065  21.037 0.5555559993
58679  35.187  -19.157  21.008 0.6666669846
58681  33.628  -18.305  21.490 0.6666669846
121072  38.665  -19.046  21.276 0.3333329856
58694  36.716  -18.337  20.561 0.5555559993
58695  35.291  -18.514  20.564 0.6666669846
59673  34.623  -17.888  20.337 0.6666669846
59656  32.731  -16.921  21.608 0.6666669846
60547  32.234  -16.365  22.122 0.6666669846
58692  38.564  -18.326  20.739 0.3333329856
59667  40.329  -17.410  20.697 0.3333329856
59669  38.748  -17.584  20.342 0.4444440007
59670  38.075  -17.675  20.300 0.4444440007
59671  36.360  -17.664  20.110 0.6666669846
60564  32.696  -15.965  21.455 0.6666669846
61544  33.823  -15.994  20.493 0.6666669846
115120  33.878  -13.921  24.088 0.6666669846
61553  37.007  -15.893  19.487 0.6666669846
60588  36.260  -16.415  19.639 0.6666669846
61542  35.234  -15.542  19.957 0.6666669846
62571  34.581  -14.625  21.128 0.5555559993
62556  33.396  -14.800  21.451 0.6666669846
62555  34.201  -14.499  21.630 0.5555559993
131758  42.523  -16.077  20.915 0.2222220004
60562  42.399  -16.922  21.469 0.2222220004
61541  39.885  -16.089  19.872 0.5555559993
59652  41.683  -17.432  21.324 0.2222220004
60576  39.743  -16.906  20.266 0.4444440007
126252  39.114  -17.153  20.191 0.4444440007
60586  38.485  -16.238  19.661 0.6666669846
59682  36.870  -16.914  19.756 0.6666669846
60578  38.453  -16.973  19.968 0.5555559993
138120  34.802  -14.128  21.860 0.5555559993
61525  44.293  -15.331  21.211 0.2222220004
62565  44.237  -14.616  20.797 0.2222220004
61513  44.731  -15.741  21.899 0.2222220004
62553  44.727  -14.749  21.226 0.1111110002
61538  42.138  -15.361  20.411 0.2222220004
138329  35.648  -14.414  20.325 0.6666669846
119552  35.537  -14.014  20.907 0.5555559993
63511  44.890  -14.043  21.018 0.1111110002
62568  41.869  -14.825  20.085 0.2222220004
62567  42.516  -14.662  20.242 0.2222220004
61540  40.710  -15.708  20.010 0.4444440007
61550  40.828  -15.056  19.790 0.4444440007
62579  39.193  -14.644  19.374 0.5555559993
123953  37.393  -14.840  19.371 0.5555559993
62582  36.691  -14.449  19.602 0.5555559993
62566  43.410  -14.418  20.445 0.2222220004
63528  41.180  -13.829  19.575 0.5555559993
62577  41.320  -14.623  19.798 0.3333329856
61539  41.402  -15.279  20.085 0.3333329856
131012  39.879  -14.383  19.449 0.5555559993
63500  46.669  -13.372  21.871 0.1111110002
62551  46.158  -14.092  21.919 0.1111110002
126255  45.414  -13.265  21.092 0.1111110002
131398  45.572  -13.886  21.396 0.1111110002
64477  45.345  -12.381  20.747 0.1111110002
64479  44.111  -13.025  20.298 0.1111110002
63517  44.155  -13.823  20.554 0.1111110002
63533  36.832  -13.674  19.686 0.5555559993
63520  36.532  -13.183  20.167 0.5555559993
66415  45.554  -10.614  19.321 0.2222220004
65431  44.862  -11.813  20.213 0.1111110002
64478  44.614  -12.536  20.423 0.1111110002
64488  44.143  -12.255  20.096 0.1111110002
138300  43.642  -12.033  19.789 0.2222220004
64491  42.068  -12.531  19.483 0.4444440007
122780  40.639  -13.101  19.345 0.5555559993
137386  38.620  -14.111  19.253 0.5555559993
122779  38.508  -13.289  19.181 0.5555559993
64493  39.599  -13.036  19.172 0.5555559993
66426  45.175  -10.320  18.716 0.2222220004
116496  44.765  -10.688  19.181 0.2222220004
65443  44.264  -11.427  19.663 0.2222220004
66416  43.892  -10.784  19.068 0.2222220004
64489  43.510  -12.698  20.001 0.2222220004
64490  42.978  -12.250  19.661 0.3333329856
64492  41.114  -12.432  19.286 0.5555559993
120923  38.816  -11.667  18.907 0.5555559993
67371  46.546  -10.132  18.538 0.1111110002
67370  47.320  -10.009  18.659 0.1111110002
66417  42.990  -10.818  18.974 0.3333329856
65447  40.662  -11.696  19.021 0.5555559993
66419  41.066  -10.915  18.865 0.5555559993
65449  38.070  -10.966  18.972 0.5555559993
67384  48.497  -9.802  17.908 0.1111110002
67399  48.902  -9.979  17.098 0.1111110002
67385  47.653  -10.008  18.008 0.1111110002
67386  46.332  -10.043  17.763 0.1111110002
67387  45.674  -10.015  17.362 0.1111110002
67373  44.561  -9.968  18.034 0.2222220004
66428  43.482  -10.280  18.575 0.2222220004
67374  43.195  -9.760  18.097 0.3333329856
66430  41.417  -10.119  18.640 0.5555559993
66420  40.397  -10.105  18.704 0.5555559993
66434  48.030  -10.221  17.210 0.1111110002
137664  46.849  -10.147  16.494 0.1111110002
116313  44.943  -9.807  17.356 0.2222220004
67375  42.445  -9.338  18.009 0.3333329856
67413  47.899  -9.987  15.786 0.1111110002
66439  48.399  -10.142  16.406 0.1111110002
65423  36.775  -11.842  20.377 0.4444440007
66389  37.538  -10.450  21.020 0.4444440007
66390  37.253  -10.577  20.404 0.4444440007
124097  39.760  -9.337  18.722 0.5555559993
130237  50.954  -9.464  16.073 0.1111110002
121613  49.879  -9.596  14.728 0.1111110002
66443  48.710  -9.951  15.639 0.1111110002
67402  45.436  -9.756  16.497 0.2222220004
67415  44.976  -9.246  15.871 0.2222220004
68264  42.880  -8.575  17.122 0.4444440007
68244  38.357  -8.496  20.589 0.3333329856
69147  39.418  -7.373  19.846 0.4444440007
69150  40.356  -7.412  18.630 0.5555559993
68250  38.372  -8.500  19.748 0.3333329856
119958  45.709  -9.346  15.594 0.2222220004
68271  43.860  -8.699  16.325 0.3333329856
68257  40.867  -7.966  18.042 0.5555559993
67422  49.312  -9.124  14.304 0.1111110002
67410  51.344  -9.491  15.367 0.1111110002
67431  51.326  -9.461  13.843 0.1111110002
67425  46.703  -8.488  14.544 0.2222220004
68275  45.881  -8.749  14.883 0.2222220004
124080  44.045  -7.879  15.296 0.3333329856
127987  41.966  -7.233  16.936 0.4444440007
126184  51.015  -9.078  13.309 0.1111110002
68280  49.479  -8.514  13.681 0.4444440007
68281  48.747  -8.550  14.024 0.3333329856
121809  48.110  -8.533  14.275 0.3333329856
70018  40.639  -6.620  18.954 0.4444440007
70017  41.201  -6.349  18.452 0.4444440007
70016  41.686  -5.925  17.963 0.4444440007
70020  41.975  -6.276  17.112 0.4444440007
69154  42.876  -7.443  16.046 0.4444440007
69160  46.713  -7.666  14.013 0.3333329856
69158  42.916  -6.758  15.696 0.4444440007
70033  44.535  -6.756  14.452 0.4444440007
70027  43.380  -6.294  15.389 0.4444440007
70892  43.098  -4.988  17.300 0.4444440007
70891  43.783  -4.607  16.886 0.4444440007
70897  42.569  -5.759  16.692 0.4444440007
70889  42.228  -5.381  18.600 0.4444440007
70906  43.459  -5.632  15.771 0.4444440007
70044  46.568  -6.121  13.053 0.4444440007
70938  46.627  -5.307  12.597 0.4444440007
70885  46.180  -4.983  19.185 0.1111110002
71768  46.395  -4.273  17.907 0.1111110002
71769  45.809  -4.581  18.450 0.2222220004
71770  44.882  -4.438  18.246 0.2222220004
71798  44.290  -4.763  15.746 0.4444440007
70895  43.845  -4.979  16.059 0.4444440007
72722  46.031  -3.597  12.743 0.4444440007
70876  47.920  -5.099  19.897 0.1111110002
72688  45.433  -3.652  16.239 0.2222220004
135610  45.263  -4.070  14.930 0.3333329856
71766  48.205  -4.442  18.646 0.1111110002
71785  48.361  -3.682  17.436 0.1111110002
73576  47.519  -2.051  15.758 0.1111110002
71784  49.218  -3.729  17.490 0.1111110002
74425  47.535  -1.224  15.205 0.1111110002
74441  47.095  -1.119  14.404 0.1111110002
67408  53.150  -9.399  15.366 0.1111110002
123119  2.771  -46.691  54.101 0.1111110002
35205  6.909  -40.950  53.949 0.1111110002
35210  6.773  -41.536  53.173 0.1111110002
137264  17.929  -34.546  43.435 0.1111110002
42107  16.963  -35.157  43.382 0.1111110002
42109  15.751  -35.970  43.279 0.1111110002
43119  17.504  -34.552  42.960 0.1111110002
42108  16.227  -35.373  42.963 0.1111110002
43141  16.700  -34.493  41.646 0.1111110002
43155  20.824  -34.413  40.311 0.3333329856
44107  21.802  -33.364  39.363 0.3333329856
42091  17.740  -35.787  45.150 0.1111110002
42098  17.204  -35.633  44.279 0.1111110002
41057  17.139  -36.267  44.904 0.1111110002
116874  17.661  -34.917  43.768 0.1111110002
42099  16.429  -35.798  43.690 0.1111110002
137466  15.758  -36.691  44.078 0.1111110002
40001  15.153  -37.104  44.061 0.1111110002
40002  14.229  -37.175  43.865 0.1111110002
43129  17.250  -34.405  42.199 0.1111110002
41049  17.448  -36.484  45.588 0.1111110002
41050  16.636  -36.931  45.205 0.1111110002
39989  15.850  -37.081  44.574 0.1111110002
39991  14.581  -37.677  44.465 0.1111110002
38892  12.918  -37.787  43.840 0.1111110002
37756  12.485  -38.204  44.136 0.1111110002
128506  13.704  -37.746  44.222 0.1111110002
52766  34.309  -23.824  27.866 0.3333329856
52784  32.977  -24.075  26.767 0.3333329856
53712  32.636  -23.658  26.342 0.3333329856
53713  31.765  -23.995  26.039 0.4444440007
52811  31.026  -24.011  25.558 0.5555559993
54723  33.050  -22.855  26.169 0.3333329856
53711  33.356  -23.472  26.717 0.3333329856
54722  33.524  -22.227  26.289 0.2222220004
54729  32.547  -22.502  25.760 0.4444440007
54730  31.904  -22.515  25.449 0.5555559993
53722  31.386  -23.271  25.372 0.5555559993
54735  31.280  -22.494  24.893 0.5555559993
54736  30.564  -22.407  24.420 0.5555559993
54721  34.077  -21.967  26.625 0.2222220004
57608  35.052  -19.643  25.935 0.2222220004
56669  34.431  -20.539  26.136 0.3333329856
55709  33.011  -21.301  25.579 0.3333329856
55710  32.422  -21.905  25.492 0.4444440007
55718  31.152  -21.816  24.466 0.5555559993
56677  33.650  -20.573  25.622 0.4444440007
56678  32.873  -20.455  25.272 0.5555559993
120196  31.593  -21.133  24.616 0.5555559993
55719  30.604  -21.756  24.112 0.5555559993
58624  35.554  -19.281  25.635 0.2222220004
125674  35.863  -19.178  25.435 0.3333329856
57625  34.132  -19.413  25.002 0.4444440007
56684  32.085  -20.330  24.899 0.5555559993
57640  36.858  -19.555  24.344 0.2222220004
58632  35.946  -19.307  24.712 0.2222220004
129868  37.775  -19.932  23.965 0.4444440007
57655  37.942  -20.077  23.185 0.3333329856
57654  38.755  -20.113  23.544 0.2222220004
120452  40.848  -19.962  23.019 0.1111110002
57671  39.453  -19.940  22.677 0.2222220004
58663  43.024  -18.937  22.593 0.1111110002
58664  41.349  -19.020  22.029 0.2222220004
58649  44.287  -18.472  22.714 0.1111110002
59650  42.989  -17.260  21.926 0.1111110002
59651  42.284  -17.805  21.776 0.1111110002
60544  45.333  -16.126  22.586 0.1111110002
62489  34.441  -14.074  25.636 0.4444440007
62505  34.816  -14.249  24.432 0.4444440007
62524  34.863  -14.165  23.802 0.4444440007
62540  36.449  -13.960  23.100 0.2222220004
62541  35.494  -13.904  22.750 0.3333329856
128129  37.887  -9.906  21.132 0.3333329856
44121  21.693  -33.079  38.666 0.3333329856
51816  31.165  -25.257  26.654 0.5555559993
133658  1.466  -46.835  53.798 0.1111110002
29745  1.316  -46.384  53.448 0.1111110002
38910  13.399  -37.243  43.344 0.1111110002
41066  14.683  -36.653  43.461 0.1111110002
41065  15.391  -36.491  43.627 0.1111110002
43130  16.788  -34.815  42.552 0.1111110002
52786  30.930  -24.700  26.070 0.5555559993
53732  30.803  -22.992  24.861 0.5555559993
56691  30.580  -20.406  23.702 0.5555559993
57624  34.825  -19.354  25.237 0.4444440007
57644  31.969  -19.540  24.478 0.5555559993
57643  32.741  -19.621  24.876 0.5555559993
57656  37.036  -19.988  23.296 0.4444440007
57678  40.051  -19.480  22.055 0.2222220004
57670  40.223  -19.892  22.687 0.2222220004
121530  42.151  -18.785  22.200 0.1111110002
116052  34.426  -14.091  24.873 0.4444440007
60545  44.501  -16.556  22.301 0.1111110002
63505  36.570  -13.585  22.358 0.3333329856
56685  31.396  -20.388  24.202 0.5555559993
57626  33.552  -19.779  25.157 0.5555559993
36428  7.647  -40.374  53.855 0.1111110002
41064  15.990  -36.301  43.788 0.1111110002
41058  16.446  -36.391  44.357 0.1111110002
128507  32.390  -24.360  26.581 0.3333329856
53721  32.205  -23.130  25.876 0.4444440007
53723  30.558  -23.582  25.148 0.5555559993
55703  33.706  -21.443  26.105 0.2222220004
54728  33.084  -22.080  25.844 0.3333329856
55711  31.733  -21.826  25.066 0.5555559993
56676  34.320  -19.860  25.478 0.3333329856
56668  35.236  -20.242  26.532 0.2222220004
55717  32.251  -21.157  25.205 0.5555559993
58612  36.190  -18.980  25.996 0.2222220004
58623  36.632  -19.162  25.372 0.1111110002
130742  37.306  -19.095  25.725 0.1111110002
57623  37.679  -19.332  24.905 0.2222220004
59640  42.944  -18.126  22.161 0.1111110002
133138  43.506  -17.604  22.227 0.1111110002
28757  18.352  -48.199  39.746 0.1111110002
42168  24.246  -34.961  40.102 0.1111110002
43152  23.191  -34.432  41.028 0.1111110002
43128  22.217  -34.754  42.158 0.1111110002
31969  19.901  -44.113  45.078 0.1111110002
43166  24.233  -34.679  39.506 0.1111110002
43167  23.629  -34.432  40.078 0.1111110002
43153  22.430  -34.008  40.850 0.2222220004
42117  20.863  -35.664  42.081 0.2222220004
40019  20.272  -37.087  42.653 0.1111110002
38890  19.903  -38.417  43.687 0.1111110002
37735  18.994  -39.889  43.951 0.1111110002
35276  19.039  -42.223  45.988 0.1111110002
121314  23.752  -34.229  39.333 0.2222220004
43168  23.140  -33.856  39.591 0.2222220004
43154  21.630  -34.059  40.621 0.2222220004
42149  20.361  -35.131  40.668 0.2222220004
40036  19.895  -36.864  41.931 0.1111110002
38908  19.564  -38.252  42.831 0.1111110002
28721  19.848  -47.745  42.696 0.1111110002
28720  20.145  -47.450  42.640 0.1111110002
29804  20.225  -46.398  43.302 0.1111110002
31970  19.480  -44.055  45.251 0.1111110002
37754  18.973  -39.390  43.224 0.1111110002
35290  18.569  -42.037  44.938 0.1111110002
123035  19.483  -37.102  41.388 0.1111110002
40021  19.206  -38.046  42.068 0.1111110002
37770  18.562  -39.670  42.590 0.1111110002
40037  18.999  -37.627  41.292 0.1111110002
29805  19.154  -46.859  43.040 0.1111110002
28722  19.080  -47.692  42.497 0.1111110002
27641  19.361  -48.362  42.127 0.1111110002
28712  19.787  -47.302  43.071 0.1111110002
29799  19.899  -46.522  43.520 0.1111110002
30881  19.307  -45.238  44.220 0.1111110002
31977  19.699  -44.726  44.621 0.1111110002
33060  18.262  -43.662  44.136 0.1111110002
33059  18.793  -43.628  45.126 0.1111110002
34152  18.321  -42.886  44.630 0.1111110002
35291  17.997  -42.170  44.122 0.1111110002
36551  18.610  -40.164  43.252 0.1111110002
38928  18.695  -38.459  41.592 0.1111110002
30894  19.140  -45.975  43.634 0.1111110002
31979  18.208  -44.369  43.563 0.1111110002
34168  17.795  -42.837  43.534 0.1111110002
35306  17.760  -41.763  43.221 0.1111110002
120879  18.162  -40.360  42.628 0.1111110002
43165  27.835  -33.642  39.828 0.2222220004
44073  32.829  -33.642  42.491 0.1111110002
43121  32.486  -34.303  42.035 0.1111110002
51800  33.228  -25.043  27.663 0.2222220004
52785  32.849  -24.648  27.069 0.2222220004
55702  34.320  -21.318  26.509 0.1111110002
54713  34.498  -22.408  27.213 0.1111110002
48014  29.391  -29.124  39.597 0.1111110002
50821  29.255  -26.554  37.081 0.2222220004
136677  28.476  -25.124  35.482 0.2222220004
57653  39.942  -20.134  23.539 0.1111110002
138453  33.835  -13.828  27.643 0.1111110002
42132  19.960  -35.806  40.982 0.2222220004
43169  21.344  -33.769  39.867 0.2222220004
48015  29.002  -29.193  39.008 0.2222220004
117084  27.510  -33.785  39.215 0.2222220004
137425  32.278  -24.922  26.908 0.2222220004
43112  32.054  -33.947  42.756 0.1111110002
37789  18.369  -39.246  41.887 0.1111110002
44096  22.297  -33.626  39.988 0.2222220004
54714  33.760  -22.715  26.694 0.2222220004
28745  19.160  -48.156  40.200 0.1111110002
116490  22.973  -33.976  40.326 0.1111110002
43137  22.541  -34.374  41.497 0.1111110002
42130  21.379  -35.005  41.759 0.1111110002
43138  21.874  -34.371  41.371 0.2222220004
42116  21.556  -35.379  42.455 0.1111110002
31976  20.248  -44.768  44.425 0.1111110002
31968  20.270  -43.892  44.985 0.1111110002
33051  19.435  -43.413  45.825 0.1111110002
43139  21.111  -34.691  41.046 0.2222220004
42131  20.631  -35.398  41.376 0.1111110002
41075  20.547  -36.385  42.357 0.1111110002
131891  20.527  -37.277  43.276 0.1111110002
40020  19.745  -37.610  42.414 0.1111110002
38889  20.045  -37.701  43.139 0.1111110002
37753  19.525  -39.213  43.821 0.1111110002
38891  19.399  -38.777  43.201 0.1111110002
36523  19.147  -40.469  44.802 0.1111110002
123101  18.687  -41.160  44.641 0.1111110002
34151  18.854  -42.888  45.584 0.1111110002
41088  20.263  -36.106  41.647 0.1111110002
125946  19.496  -37.503  41.814 0.1111110002
41089  19.703  -36.510  41.204 0.1111110002
27640  20.001  -48.094  42.287 0.1111110002
27655  19.671  -48.419  41.713 0.1111110002
29810  20.304  -46.783  42.875 0.1111110002
27668  20.094  -48.104  41.731 0.1111110002
28731  20.297  -47.539  41.952 0.1111110002
28711  20.090  -47.129  43.111 0.1111110002
29803  20.425  -46.221  43.044 0.1111110002
29798  20.215  -45.969  43.712 0.1111110002
36539  18.646  -40.654  43.976 0.1111110002
35305  18.287  -41.436  44.024 0.1111110002
38909  18.914  -38.793  42.499 0.1111110002
30880  19.930  -45.616  44.133 0.1111110002
31978  18.870  -44.486  44.525 0.1111110002
36540  18.152  -40.887  43.292 0.1111110002
31992  18.619  -45.135  43.724 0.1111110002
36552  17.719  -41.028  42.532 0.1111110002
46105  37.158  -30.939  34.837 0.1111110002
46106  36.271  -30.751  34.650 0.1111110002
129593  33.482  -29.542  34.866 0.2222220004
116787  33.769  -16.016  30.951 0.1111110002
122597  35.650  -14.258  23.744 0.2222220004
63504  37.424  -13.283  22.572 0.1111110002
67331  38.026  -9.243  20.873 0.2222220004
67322  38.521  -9.723  21.591 0.2222220004
66376  38.974  -10.428  22.023 0.1111110002
68243  38.801  -7.830  20.251 0.3333329856
67330  38.697  -8.818  21.514 0.2222220004
68237  39.744  -7.523  21.718 0.2222220004
69142  39.955  -6.828  20.349 0.3333329856
69138  40.604  -7.145  21.839 0.2222220004
70014  40.629  -6.442  19.983 0.2222220004
115783  41.533  -6.731  21.761 0.1111110002
70003  42.477  -6.365  21.489 0.1111110002
70009  41.497  -6.255  20.745 0.2222220004
70012  42.190  -5.555  19.525 0.2222220004
68296  51.294  -8.684  12.834 0.2222220004
69165  50.097  -7.679  12.707 0.2222220004
70001  44.458  -6.195  21.890 0.1111110002
119408  42.985  -5.939  21.027 0.1111110002
70882  42.834  -5.218  19.336 0.2222220004
70053  50.319  -7.083  12.211 0.2222220004
70067  49.941  -6.312  11.784 0.3333329856
70947  49.565  -5.562  11.411 0.3333329856
70874  44.119  -5.540  20.426 0.1111110002
70881  43.695  -5.127  19.613 0.2222220004
70054  49.419  -6.708  12.344 0.2222220004
69175  49.614  -7.267  12.654 0.3333329856
70055  48.624  -6.463  12.483 0.3333329856
70935  49.071  -6.056  11.943 0.3333329856
70936  48.268  -5.795  12.125 0.3333329856
70948  48.707  -5.321  11.621 0.3333329856
70946  50.531  -5.792  11.216 0.2222220004
70949  47.896  -5.056  11.878 0.3333329856
71827  49.195  -4.791  11.093 0.3333329856
71828  48.361  -4.491  11.430 0.3333329856
71829  47.426  -4.198  11.788 0.3333329856
72728  48.102  -3.596  11.342 0.2222220004
74464  47.900  -1.801  11.630 0.1111110002
73605  47.944  -2.681  11.379 0.1111110002
73596  46.799  -1.988  12.742 0.1111110002
74463  48.474  -1.301  11.263 0.1111110002
75348  49.037  -0.833  10.796 0.1111110002
75347  49.674  -0.327  10.269 0.1111110002
73614  48.530  -2.135  10.989 0.1111110002
76221  48.468  0.539  12.862 0.1111110002
74453  47.976  -0.967  12.011 0.1111110002
74454  47.395  -1.486  12.403 0.1111110002
129588  48.908  0.990  12.425 0.1111110002
75328  48.183  -0.190  12.456 0.1111110002
76230  48.717  0.334  12.007 0.1111110002
75338  48.574  -0.487  11.607 0.1111110002
75337  49.131  0.036  11.125 0.1111110002
70880  44.713  -5.272  19.778 0.3333329856
119690  41.634  -5.775  18.781 0.3333329856
114788  35.558  -14.480  24.374 0.2222220004
67321  39.348  -9.488  22.248 0.2222220004
69143  39.433  -7.373  20.759 0.3333329856
68230  39.457  -8.329  22.164 0.2222220004
68238  38.968  -7.955  21.210 0.2222220004
132676  40.025  -6.975  21.177 0.2222220004
69141  40.676  -6.589  21.015 0.2222220004
70013  41.362  -6.043  19.554 0.2222220004
70008  42.255  -5.876  20.486 0.2222220004
70011  43.096  -5.526  20.256 0.2222220004
114691  43.924  -6.145  21.550 0.1111110002
70006  44.391  -5.838  21.156 0.1111110002
70066  50.917  -6.550  11.579 0.2222220004
75329  47.629  -0.712  12.919 0.1111110002
27585  5.831  -48.676  53.601 0.1111110002
26495  4.378  -49.246  53.351 0.1111110002
27577  6.342  -47.954  53.864 0.1111110002
119116  7.110  -46.835  53.901 0.1111110002
130094  4.159  -48.526  53.631 0.1111110002
118560  3.371  -48.431  53.538 0.1111110002
26497  2.809  -49.186  53.243 0.1111110002
27587  2.607  -48.428  53.482 0.1111110002
27579  4.688  -47.987  54.014 0.1111110002
28662  4.411  -47.179  54.166 0.1111110002
27581  2.926  -47.631  53.796 0.1111110002
28661  5.335  -47.330  54.184 0.1111110002
47999  31.435  -29.611  40.732 0.1111110002
47135  33.961  -30.048  34.548 0.1111110002
54595  26.706  -21.643  35.632 0.1111110002
130087  26.270  -20.608  36.292 0.1111110002
55547  26.268  -20.939  35.756 0.1111110002
54608  27.564  -22.789  34.652 0.1111110002
131962  26.489  -21.535  34.313 0.1111110002
54619  27.015  -22.361  34.039 0.1111110002
57529  27.715  -18.981  31.922 0.1111110002
62472  35.320  -14.134  26.582 0.1111110002
62488  35.306  -14.275  25.910 0.1111110002
61462  36.046  -14.458  26.112 0.1111110002
61491  36.172  -14.838  24.869 0.1111110002
68294  53.242  -8.732  12.152 0.1111110002
69174  51.043  -7.887  12.452 0.1111110002
68311  53.802  -8.244  11.434 0.1111110002
69185  52.364  -7.339  11.552 0.1111110002
69186  51.362  -7.244  11.854 0.1111110002
28660  6.308  -47.159  54.143 0.1111110002
47988  32.708  -29.652  41.733 0.1111110002
48000  30.552  -29.283  40.434 0.1111110002
57530  26.598  -19.146  32.232 0.1111110002
57540  26.825  -19.129  31.218 0.1111110002
62504  35.281  -14.465  25.080 0.1111110002
27586  4.965  -48.659  53.681 0.1111110002
26496  3.668  -49.059  53.391 0.1111110002
27578  5.503  -48.096  53.955 0.1111110002
137661  5.888  -47.696  54.085 0.1111110002
27580  3.872  -47.821  53.930 0.1111110002
28668  2.004  -47.988  53.618 0.1111110002
55559  26.303  -21.007  34.949 0.1111110002
54609  26.991  -21.946  34.795 0.1111110002
56563  26.210  -20.217  35.428 0.1111110002
54584  26.449  -21.358  36.387 0.1111110002
55575  26.066  -20.845  34.204 0.1111110002
68295  52.182  -8.537  12.412 0.1111110002
69172  52.825  -8.041  11.771 0.1111110002
69173  51.958  -7.815  12.003 0.1111110002
36418  5.427  -40.634  55.733 0.1111110002
35196  5.010  -41.212  56.045 0.1111110002
35197  4.343  -41.264  56.296 0.1111110002
34064  4.959  -42.030  56.104 0.1111110002
34065  4.217  -42.187  56.289 0.1111110002
48976  28.973  -28.000  39.084 0.1111110002
49910  29.502  -27.212  38.486 0.1111110002
50814  29.604  -26.467  37.928 0.1111110002
49911  28.855  -27.826  38.246 0.1111110002
52750  33.921  -24.663  28.064 0.1111110002
51683  29.112  -25.569  37.073 0.1111110002
139021  29.325  -25.964  36.997 0.1111110002
52767  33.548  -24.154  27.306 0.1111110002
53699  34.035  -23.271  27.248 0.1111110002
53685  34.988  -23.539  28.364 0.1111110002
34066  3.509  -42.372  56.138 0.1111110002
35202  5.433  -41.661  55.645 0.1111110002
49927  29.310  -27.080  37.789 0.1111110002
137141  29.009  -28.687  39.263 0.1111110002
57622  38.660  -19.329  25.023 0.1111110002
57639  38.419  -19.820  24.371 0.1111110002
69236  51.282  -7.052  8.498 0.1111110002
70107  51.819  -6.481  7.866 0.1111110002
70124  51.207  -5.821  7.514 0.1111110002
70077  52.688  -5.974  10.540 0.1111110002
70956  52.235  -5.375  10.347 0.1111110002
70090  54.417  -6.239  8.667 0.1111110002
70955  53.245  -5.535  10.026 0.1111110002
71839  50.745  -4.466  10.313 0.1111110002
70964  54.252  -5.453  8.800 0.1111110002
70972  54.185  -5.644  7.921 0.1111110002
70106  53.060  -6.482  7.921 0.1111110002
69237  50.206  -6.950  8.674 0.1111110002
69238  49.342  -6.836  8.814 0.1111110002
71850  54.142  -4.687  8.496 0.1111110002
70973  53.900  -6.190  7.584 0.1111110002
70990  53.141  -5.676  7.708 0.1111110002
70123  52.264  -6.015  7.538 0.1111110002
129925  51.810  -6.754  11.414 0.1111110002
70957  51.134  -5.250  10.606 0.1111110002
70945  51.709  -6.054  10.972 0.1111110002
70965  53.757  -5.091  9.313 0.1111110002
71837  52.889  -4.861  9.676 0.1111110002
71838  51.843  -4.658  10.047 0.1111110002
70958  50.093  -5.058  10.805 0.1111110002
70110  48.529  -6.448  8.606 0.1111110002
71853  51.566  -3.906  9.771 0.1111110002
72737  50.494  -3.650  10.116 0.1111110002
70108  50.680  -6.400  8.058 0.1111110002
134977  54.021  -4.812  7.762 0.1111110002
71870  53.085  -4.763  7.637 0.1111110002
72749  53.914  -3.902  8.559 0.1111110002
71869  53.798  -4.401  7.660 0.1111110002
71840  49.773  -4.221  10.587 0.1111110002
71841  48.894  -3.927  10.904 0.1111110002
71851  53.587  -4.347  9.064 0.1111110002
71852  52.682  -4.136  9.401 0.1111110002
72739  48.696  -3.018  10.868 0.1111110002
72750  53.508  -3.592  8.783 0.1111110002
72751  52.619  -3.327  9.209 0.1111110002
133133  53.912  -6.875  7.752 0.1111110002
70125  49.969  -5.841  7.697 0.1111110002
70989  53.838  -5.299  7.615 0.1111110002
71861  54.029  -4.045  7.946 0.1111110002
70954  54.072  -5.922  9.570 0.1111110002
72738  49.549  -3.328  10.473 0.1111110002
72752  51.426  -3.074  9.655 0.1111110002
28719  20.405  -46.889  42.257 0.1111110002
43133  32.769  -34.536  41.417 0.2222220004
43242  16.612  -34.248  34.614 0.7777780294
45163  35.512  -32.289  33.342 0.8888890147
46063  25.103  -32.478  38.068 0.2222220004
47175  20.625  -30.632  32.648 0.8888890147
48095  19.967  -29.046  33.731 0.6666669846
48125  20.864  -30.074  32.678 0.7777780294
48144  27.060  -29.771  30.092 1.0000000000
49901  19.763  -27.806  39.183 0.1111110002
50037  25.076  -27.599  29.483 1.0000000000
51719  27.755  -25.288  33.830 0.3333329856
51765  24.494  -25.140  29.163 1.0000000000
52673  28.301  -24.712  35.258 0.2222220004
52752  24.313  -24.112  28.467 0.8888890147
54737  29.760  -22.545  24.205 0.6666669846
54740  26.694  -22.387  24.790 0.6666669846
56695  27.409  -20.580  23.975 0.6666669846
57553  26.894  -19.408  30.704 0.2222220004
59624  27.541  -17.779  24.903 0.5555559993
59639  43.652  -18.311  22.462 0.1111110002
59666  41.140  -17.010  20.839 0.4444440007
59681  37.691  -17.150  19.942 0.4444440007
61537  43.001  -15.248  20.588 0.2222220004
62447  33.399  -13.824  28.144 0.1111110002
64471  45.947  -12.684  21.189 0.1111110002
66422  37.711  -10.285  19.366 0.4444440007
70007  43.663  -5.838  21.053 0.1111110002
70109  49.607  -6.388  8.261 0.1111110002
118967  50.433  -9.691  15.385 0.1111110002
121832  31.295  -35.045  38.357 0.5555559993
123136  31.723  -24.797  26.541 0.2222220004
129747  6.905  -47.431  53.839 0.1111110002
130357  24.383  -21.165  29.543 0.5555559993
135058  21.071  -28.291  34.925 0.4444440007
136085  30.397  -19.984  28.365 0.2222220004
136276  26.029  -24.244  26.211 1.0000000000
136614  26.073  -21.051  28.030 0.4444440007
136946  23.072  -30.830  32.841 0.7777780294
137208  19.517  -27.944  39.535 0.1111110002
137627  27.965  -20.665  27.269 0.5555559993
137776  22.930  -32.198  32.894 0.8888890147
137988  28.788  -31.158  32.776 1.0000000000
138038  27.818  -21.166  28.447 0.3333329856
138576  32.165  -25.849  27.693 0.3333329856
138963  35.270  -19.598  22.166 0.5555559993
