#!ascii label  , from subject sub-v1s12x0050109_ses-1 vox2ras=TkReg
4653
90796  40.259  17.539  30.909 0.8999999762
90776  42.383  17.713  32.851 0.8999999762
90786  41.466  17.681  32.092 0.8999999762
91485  40.949  17.820  31.164 0.8999999762
90777  41.712  17.307  33.149 0.8999999762
90787  40.596  17.332  31.746 0.8999999762
91511  38.641  18.130  29.323 0.8000000119
124258  39.222  18.373  29.218 0.8000000119
91521  38.085  18.423  28.916 0.6000000238
121168  35.981  19.511  27.490 0.6000000238
92279  34.024  19.909  26.759 0.5000000000
93021  34.823  19.997  26.889 0.4000000060
91462  45.743  17.530  34.011 0.8999999762
91470  44.944  17.935  33.276 0.8999999762
91472  43.235  17.982  32.613 0.8999999762
133177  41.648  18.031  31.198 0.8999999762
91499  40.601  18.017  30.531 0.8999999762
129803  37.540  18.666  28.584 0.6000000238
92245  36.313  18.924  28.001 0.6000000238
93035  32.952  20.570  26.581 0.3000000119
129697  31.685  22.023  26.480 0.3000000119
92262  36.648  19.542  27.646 0.6000000238
129005  33.611  20.436  26.604 0.3000000119
128267  32.721  21.303  26.501 0.3000000119
93033  35.201  20.704  26.646 0.4000000060
93034  34.313  20.734  26.564 0.3000000119
91461  46.361  17.480  33.816 0.8999999762
91484  42.429  18.094  31.697 0.8999999762
91498  41.343  18.283  30.399 0.8999999762
96823  29.932  25.195  26.732 0.3000000119
96822  30.758  25.522  26.637 0.3000000119
115356  42.210  18.330  30.666 0.8999999762
91509  40.643  18.397  29.822 0.6999999881
91520  38.800  18.705  28.782 0.6000000238
95369  30.174  23.716  26.494 0.3000000119
96134  30.707  24.509  26.558 0.4000000060
91519  39.632  18.897  28.756 0.6000000238
92242  39.111  19.381  28.270 0.6000000238
92243  38.161  19.138  28.334 0.6000000238
92244  37.219  19.222  28.097 0.6000000238
122775  31.379  22.818  26.474 0.3000000119
95368  31.057  23.618  26.479 0.3000000119
125646  31.674  24.941  26.566 0.4000000060
93017  38.112  20.456  27.314 0.6000000238
93019  36.499  20.172  27.109 0.6000000238
93020  35.626  20.072  27.008 0.6000000238
131707  33.492  21.122  26.498 0.3000000119
121851  33.234  21.903  26.449 0.3000000119
94572  32.188  22.700  26.496 0.3000000119
122088  31.983  23.530  26.507 0.4000000060
93018  37.281  20.675  26.954 0.6000000238
93032  35.993  20.765  26.676 0.5000000000
130239  34.839  21.339  26.513 0.3000000119
93795  34.136  21.760  26.469 0.3000000119
94571  32.925  22.610  26.459 0.3000000119
91468  46.650  17.663  33.177 0.8999999762
91482  45.000  18.369  32.082 0.8999999762
119407  44.139  18.446  31.509 0.8999999762
91496  43.692  18.626  30.709 0.8999999762
89969  47.395  16.860  33.284 0.8999999762
89956  46.975  16.996  33.953 0.8999999762
91469  45.812  17.919  33.142 0.8999999762
91483  43.392  18.303  31.606 0.8999999762
114864  42.916  18.397  30.900 0.8999999762
91507  42.316  19.222  29.447 0.6999999881
119301  42.040  18.656  29.988 0.6999999881
91508  41.458  18.821  29.515 0.6999999881
92233  40.654  19.030  28.904 0.6000000238
96821  31.485  25.887  26.451 0.4000000060
97474  32.060  26.293  26.118 0.4000000060
118245  40.071  19.747  28.227 0.6000000238
96133  31.532  24.176  26.515 0.4000000060
92259  39.370  20.026  27.856 0.5000000000
92260  38.623  19.854  27.792 0.6000000238
134511  32.836  23.922  26.533 0.4000000060
93031  36.660  20.888  26.722 0.5000000000
93794  35.544  21.455  26.534 0.4000000060
94570  33.704  22.577  26.477 0.3000000119
134196  32.656  23.204  26.491 0.4000000060
91478  48.339  17.234  31.906 0.8999999762
91479  47.742  17.362  32.492 0.8999999762
91480  47.029  17.900  32.205 0.8999999762
89968  47.858  16.795  32.621 0.8999999762
91481  46.076  18.253  32.181 0.8999999762
91494  45.485  18.619  31.172 0.8999999762
92219  44.320  19.043  30.222 0.8000000119
91467  47.343  17.223  33.312 0.8999999762
124684  45.073  19.048  30.361 0.8000000119
92220  43.671  19.110  29.977 0.8000000119
91497  42.887  18.763  30.077 0.8999999762
89983  48.271  16.683  31.957 0.8999999762
115414  48.840  16.611  31.193 0.8999999762
126002  42.545  19.952  29.011 0.6000000238
96820  32.318  25.523  26.420 0.4000000060
92232  41.703  19.700  28.877 0.6000000238
92241  40.967  19.941  28.478 0.5000000000
126167  32.610  24.748  26.546 0.4000000060
93002  40.667  20.674  28.188 0.6000000238
96132  32.145  24.266  26.521 0.4000000060
93793  36.329  21.520  26.599 0.4000000060
126461  34.979  22.069  26.494 0.4000000060
94569  34.416  22.543  26.503 0.4000000060
131677  33.328  23.259  26.497 0.4000000060
120131  38.229  26.587  28.087 0.4000000060
97458  37.013  26.318  27.377 0.4000000060
97457  37.576  26.197  28.003 0.4000000060
96791  38.119  26.000  28.534 0.4000000060
116297  35.840  26.049  26.641 0.4000000060
96805  36.931  25.421  27.754 0.5000000000
96816  36.268  25.752  27.184 0.5000000000
97471  35.124  26.120  26.241 0.4000000060
92217  46.635  18.978  30.469 0.8999999762
97486  34.526  26.519  25.516 0.4000000060
90795  48.886  16.950  31.374 0.8999999762
123574  46.340  18.549  31.271 0.8000000119
92229  45.388  19.778  29.863 0.8999999762
135422  44.717  19.668  29.941 0.8000000119
96817  35.423  25.426  26.847 0.5000000000
96818  34.724  25.541  26.514 0.5000000000
97472  34.239  25.989  26.175 0.4000000060
97487  33.552  26.450  25.568 0.3000000119
90784  48.342  16.790  32.029 0.8999999762
91491  48.926  17.382  31.052 0.8999999762
92230  44.070  19.843  29.858 0.8000000119
92988  43.038  20.736  29.008 0.6000000238
137427  33.568  25.839  26.259 0.4000000060
97473  32.879  26.048  26.142 0.3000000119
97488  32.605  26.705  25.546 0.3000000119
89982  48.973  16.584  31.124 0.8999999762
90794  49.663  16.868  30.905 0.8999999762
92231  43.227  19.748  29.470 0.6999999881
92989  42.265  20.446  28.786 0.6000000238
96819  34.031  25.239  26.548 0.4000000060
130416  33.149  25.323  26.469 0.4000000060
89997  49.584  16.289  30.813 0.8999999762
89995  50.819  16.138  30.133 0.8999999762
93001  41.585  20.742  28.550 0.6000000238
93772  40.238  21.489  28.087 0.6000000238
93784  38.651  21.367  27.280 0.5000000000
119055  38.261  21.992  27.186 0.5000000000
96131  33.444  24.571  26.572 0.4000000060
117315  50.209  15.986  30.540 0.8999999762
90025  50.771  15.793  28.581 0.8999999762
90044  50.961  15.764  27.293 0.8999999762
93016  39.046  20.613  27.530 0.5000000000
94562  37.592  22.251  27.002 0.5000000000
94567  36.744  22.256  26.729 0.4000000060
94568  35.860  22.360  26.575 0.4000000060
122138  35.070  22.916  26.573 0.4000000060
122776  34.231  23.343  26.556 0.4000000060
93785  37.882  21.350  26.951 0.5000000000
93792  37.103  21.469  26.733 0.4000000060
96788  39.896  26.123  28.623 0.6000000238
97446  39.269  26.370  28.420 0.5000000000
97447  38.784  26.326  28.556 0.4000000060
96779  40.057  25.928  29.221 0.6000000238
96789  39.424  26.071  28.907 0.5000000000
96804  37.579  25.552  28.282 0.5000000000
118264  48.271  18.052  30.978 0.8999999762
92216  47.480  18.778  30.562 0.8999999762
91490  49.707  17.681  30.538 0.8999999762
92986  44.778  20.539  29.648 0.8999999762
129716  34.763  25.020  26.732 0.4000000060
90802  51.658  16.656  29.572 0.8999999762
90793  50.689  16.879  30.339 0.8999999762
92987  43.856  20.657  29.477 0.6000000238
93000  42.385  21.132  28.776 0.6000000238
93771  41.045  21.594  28.473 0.6000000238
93783  39.455  21.481  27.668 0.5000000000
96130  34.363  24.353  26.650 0.4000000060
118777  49.788  17.816  26.087 0.6000000238
124316  38.145  22.595  27.438 0.5000000000
137628  36.413  22.931  26.860 0.5000000000
90828  51.828  16.550  27.561 0.8999999762
90829  51.580  16.738  26.896 0.8000000119
121848  33.640  23.888  26.558 0.4000000060
97455  39.431  26.475  27.789 0.4000000060
97456  38.880  26.724  27.964 0.4000000060
93752  47.297  21.528  29.669 0.8999999762
93753  46.513  21.955  29.807 0.8999999762
92983  47.457  20.493  29.670 0.8999999762
92984  46.587  20.836  29.717 0.8999999762
133282  45.974  21.499  29.818 0.8999999762
125473  44.868  22.387  29.954 0.6999999881
126147  43.922  22.290  29.693 0.6999999881
96790  38.829  25.674  28.910 0.5000000000
131482  47.662  19.589  29.895 0.8999999762
126164  45.258  21.505  29.739 0.8999999762
93754  44.393  21.475  29.604 0.8000000119
94534  42.240  22.988  29.496 0.6000000238
92226  49.042  19.436  29.922 0.8999999762
131271  49.453  19.910  29.574 0.8999999762
93755  42.939  21.937  29.242 0.6000000238
94551  41.239  22.664  28.926 0.6000000238
96806  36.022  24.941  27.401 0.5000000000
91505  50.459  18.126  29.950 0.8999999762
92225  50.043  19.303  29.677 0.8999999762
92981  49.978  20.291  29.283 0.8999999762
135188  43.640  21.421  29.366 0.6000000238
93770  41.934  21.850  28.808 0.6000000238
123106  40.478  22.842  28.727 0.6000000238
94553  39.162  23.253  28.419 0.6000000238
95357  38.275  23.346  27.990 0.5000000000
96115  36.666  24.432  27.672 0.5000000000
95360  35.864  24.130  27.249 0.4000000060
91504  51.600  17.615  29.586 0.8999999762
126426  51.195  18.745  29.410 0.8999999762
92224  51.617  19.289  28.756 0.8999999762
117479  40.567  22.186  28.465 0.6000000238
94552  39.806  22.414  28.244 0.6000000238
94561  38.854  22.369  27.681 0.5000000000
131084  37.693  23.007  27.464 0.5000000000
95358  37.353  23.778  27.788 0.5000000000
95359  36.515  23.611  27.303 0.5000000000
96129  35.263  24.598  26.945 0.4000000060
90801  52.310  17.339  28.936 0.8999999762
91534  52.174  18.092  28.231 0.8999999762
94563  37.055  22.987  27.180 0.5000000000
95367  35.817  23.323  26.823 0.5000000000
119978  35.106  23.796  26.766 0.4000000060
90815  51.961  16.530  28.551 0.8999999762
91535  51.890  17.394  27.655 0.8999999762
92276  49.567  18.715  26.635 0.6999999881
96777  41.400  25.445  29.462 0.6000000238
96778  40.694  25.679  29.350 0.6000000238
124577  45.754  22.308  29.936 0.8999999762
94532  44.397  23.353  30.105 0.8000000119
96073  43.211  24.916  29.735 0.6999999881
96075  41.741  25.028  29.811 0.6000000238
96076  40.909  25.122  29.681 0.6000000238
96078  39.583  25.714  29.217 0.6000000238
121583  48.099  21.067  29.574 0.8999999762
136578  42.685  23.698  29.895 0.6000000238
123860  42.168  24.224  29.842 0.6000000238
132264  41.338  24.402  29.666 0.6000000238
96077  40.132  25.455  29.451 0.6000000238
92982  48.980  20.524  29.545 0.8999999762
93751  48.708  21.422  29.354 0.8999999762
94535  41.542  23.577  29.484 0.6000000238
137576  40.806  24.436  29.546 0.6000000238
96095  39.330  24.962  29.190 0.6000000238
96096  38.037  25.209  28.610 0.5000000000
96114  37.380  24.762  28.182 0.5000000000
93750  49.513  21.216  29.191 0.8999999762
95330  40.782  23.668  29.264 0.6000000238
95331  40.187  24.475  29.366 0.6000000238
95348  39.485  24.036  28.917 0.6000000238
95350  38.011  24.312  28.436 0.5000000000
92997  51.945  19.954  28.125 0.8999999762
92998  51.000  20.238  28.760 0.8999999762
134798  50.078  21.792  28.754 0.8999999762
93769  49.055  22.062  29.017 0.8999999762
95349  38.773  24.108  28.671 0.5000000000
92240  52.073  18.964  28.357 0.8999999762
92258  51.867  18.568  27.530 0.8999999762
92275  50.659  18.675  27.136 0.8000000119
122985  50.642  19.510  26.876 0.8000000119
93029  48.572  20.148  26.519 0.6999999881
93042  47.201  20.642  25.987 0.4000000060
137940  48.744  19.426  26.502 0.6000000238
92278  47.212  19.912  26.121 0.4000000060
132650  42.060  25.261  29.564 0.6000000238
96787  41.135  25.807  29.126 0.8000000119
94530  46.366  22.902  29.765 0.8999999762
122493  45.715  24.293  29.483 0.8000000119
127118  43.847  24.667  29.938 0.8000000119
96776  41.907  25.568  29.188 0.6999999881
96072  44.608  24.813  29.566 0.8000000119
120109  43.866  25.145  29.311 0.8999999762
96094  42.845  25.305  29.306 0.8000000119
94527  48.057  22.114  29.380 0.8999999762
96111  43.152  25.096  28.367 0.8999999762
94549  48.578  22.985  28.928 0.8999999762
96112  42.261  24.863  27.792 0.8999999762
93767  51.997  20.755  27.692 0.8999999762
93768  51.186  21.136  28.325 0.8999999762
94548  49.578  22.754  28.569 0.8999999762
95344  49.002  23.741  28.374 0.8999999762
95345  48.325  24.283  28.323 0.8999999762
96090  48.150  24.533  28.044 0.8999999762
93015  52.147  20.107  27.361 0.8999999762
93782  51.625  21.648  27.606 0.8999999762
94547  50.649  22.302  28.167 0.8999999762
94560  49.977  23.269  27.953 0.8999999762
95356  48.798  24.332  27.905 0.8999999762
92274  52.037  19.568  27.135 0.8999999762
93028  49.904  20.233  26.403 0.6999999881
95355  49.455  23.968  27.757 0.8999999762
93041  51.061  20.578  25.637 0.6999999881
93790  48.794  20.687  26.103 0.5000000000
93806  47.506  21.276  25.625 0.4000000060
126715  50.116  21.163  24.929 0.6999999881
93805  48.393  21.216  25.656 0.6000000238
131932  47.918  21.713  25.067 0.4000000060
121362  44.795  21.455  24.676 0.4000000060
93815  49.426  21.708  24.208 0.6000000238
93816  48.922  21.528  25.044 0.6999999881
124157  45.427  21.243  25.156 0.4000000060
93808  44.754  20.806  25.192 0.4000000060
93820  44.042  21.084  24.791 0.3000000119
94528  47.670  23.123  29.219 0.8999999762
94529  46.959  23.285  29.456 0.8999999762
96071  45.355  24.740  29.141 0.8999999762
96093  44.867  25.012  28.758 0.8999999762
96800  44.107  25.115  28.456 0.8999999762
132916  43.718  24.670  27.641 0.8999999762
93781  52.180  20.925  27.032 0.8999999762
94559  50.995  22.760  27.310 0.8999999762
93789  52.300  21.041  26.194 0.8999999762
95365  51.483  22.746  26.386 0.8999999762
133113  50.733  23.398  26.695 0.8999999762
96105  49.364  24.307  27.149 0.8999999762
93049  51.987  20.714  25.109 0.8000000119
93040  52.166  20.536  25.863 0.6999999881
93817  46.993  21.698  25.067 0.4000000060
93814  51.370  20.861  24.609 0.6999999881
94582  47.426  22.071  24.243 0.4000000060
94583  46.431  21.938  24.409 0.4000000060
93819  45.585  21.738  24.533 0.4000000060
131117  50.526  21.279  24.198 0.6999999881
94589  48.227  22.207  23.570 0.4000000060
94591  46.713  22.242  23.591 0.3000000119
94592  45.844  22.134  23.729 0.4000000060
93828  44.983  21.986  23.914 0.4000000060
93827  50.257  21.594  23.486 0.8000000119
94588  49.159  21.996  23.416 0.6000000238
95326  47.258  23.910  29.066 0.8999999762
96070  46.099  24.574  28.903 0.8999999762
95346  46.806  24.413  28.840 0.8999999762
96091  46.681  24.659  28.293 0.8999999762
96092  45.736  24.785  28.514 0.8999999762
131691  45.450  24.885  28.290 0.8999999762
96110  44.498  24.611  27.559 0.8999999762
96106  48.448  24.499  27.535 0.8999999762
96125  43.833  24.134  26.635 0.8999999762
118987  48.422  24.509  26.308 0.8999999762
96152  47.775  24.614  24.609 0.8000000119
93803  52.358  21.092  25.256 0.8000000119
94566  52.260  21.886  25.877 0.8999999762
95366  50.183  23.972  26.479 0.8999999762
96120  48.850  24.514  26.712 0.8999999762
96141  48.178  24.546  25.510 0.8999999762
115247  47.176  24.340  25.375 0.8000000119
96153  46.653  24.420  24.356 0.8000000119
93802  52.348  21.474  24.516 0.8000000119
95373  51.698  22.826  25.488 0.8000000119
95374  50.294  24.038  25.556 0.8999999762
96151  48.770  24.704  24.727 0.8999999762
96166  46.678  24.723  23.373 0.6999999881
93813  52.091  20.985  24.290 0.8000000119
94580  52.320  22.263  24.190 0.8000000119
95378  51.843  22.964  24.602 0.8999999762
96138  50.311  24.101  24.587 1.0000000000
96150  49.840  24.458  24.202 0.8000000119
115023  48.329  24.813  23.855 0.8000000119
133254  47.405  24.696  23.829 0.6999999881
93826  51.436  21.072  23.750 0.8000000119
93825  52.032  21.177  23.331 0.8999999762
94597  48.650  22.269  22.774 0.5000000000
129122  47.826  22.424  22.847 0.4000000060
94600  44.555  22.484  22.470 0.2000000030
129080  49.755  21.938  22.584 0.5000000000
94590  47.435  22.306  23.409 0.4000000060
118077  43.972  22.637  22.091 0.3000000119
94550  48.092  23.853  28.786 0.8999999762
131270  47.567  24.438  28.470 0.8999999762
115075  46.151  24.808  28.031 0.8999999762
96109  45.475  24.639  27.621 0.8999999762
96786  44.920  24.989  28.216 0.8999999762
96124  44.892  24.116  26.651 0.8999999762
95377  51.882  23.234  23.679 0.8999999762
119471  51.300  23.515  24.115 1.0000000000
96163  49.987  24.652  23.292 0.8000000119
137546  49.536  24.857  23.248 0.8000000119
93835  52.317  21.854  22.087 0.8000000119
134002  52.103  23.113  22.993 0.8999999762
95384  51.030  23.892  23.350 0.8999999762
96162  50.565  24.438  22.866 0.6999999881
126154  47.048  22.447  22.773 0.3000000119
131958  46.181  22.385  22.918 0.3000000119
119178  45.256  22.339  22.939 0.2000000030
93836  52.022  21.453  22.464 0.8000000119
94596  50.619  21.722  21.884 0.6000000238
127338  48.937  22.290  22.121 0.6000000238
122038  47.206  22.597  21.937 0.3000000119
121221  46.370  22.704  21.635 0.3000000119
137782  45.133  22.579  22.137 0.3000000119
122227  44.092  22.911  21.439 0.2000000030
93872  51.323  21.571  21.145 0.5000000000
94637  50.240  21.859  21.185 0.5000000000
94639  48.446  22.466  20.793 0.5000000000
94614  47.052  22.775  21.062 0.3000000119
116140  46.221  22.945  20.862 0.3000000119
94642  44.749  23.125  20.928 0.3000000119
93882  50.467  21.761  20.457 0.5000000000
94656  49.633  21.944  20.002 0.5000000000
94657  48.613  22.317  19.970 0.4000000060
96107  47.624  24.622  27.893 0.8999999762
96108  47.014  24.655  27.702 0.8999999762
115815  46.406  24.500  27.317 0.8999999762
96123  45.773  24.172  26.708 0.8999999762
96830  49.719  24.982  22.629 0.6999999881
96831  48.866  25.020  23.038 0.8000000119
96178  46.753  24.982  22.654 0.6999999881
94595  52.318  22.489  22.594 0.8000000119
95386  52.049  23.295  22.288 0.8999999762
96175  51.155  24.422  21.651 0.6999999881
96837  50.230  24.964  22.008 0.6999999881
96838  48.965  25.268  22.154 0.6999999881
96839  47.266  25.259  22.022 0.6999999881
96840  46.294  25.154  22.110 0.6999999881
93853  52.416  22.007  21.214 0.6999999881
95390  52.056  23.440  21.481 0.8000000119
95391  51.585  23.978  21.206 0.8000000119
96176  50.651  24.685  22.033 0.6999999881
93854  52.036  21.606  21.602 0.6000000238
93871  52.117  21.622  20.733 0.6000000238
94636  52.480  22.828  20.797 0.8000000119
115419  46.881  22.856  20.189 0.4000000060
94641  45.539  23.101  20.709 0.3000000119
134573  50.656  21.603  19.540 0.5000000000
94667  49.336  21.913  19.271 0.5000000000
94658  47.589  22.587  19.562 0.3000000119
94659  46.590  22.828  19.223 0.3000000119
114992  46.022  23.046  20.066 0.2000000030
123386  50.117  21.578  18.678 0.5000000000
93890  48.993  21.811  18.466 0.5000000000
94668  48.311  22.203  18.992 0.5000000000
93902  48.821  21.676  17.684 0.5000000000
96121  47.922  24.575  27.162 0.8999999762
96122  47.164  24.554  27.021 0.8999999762
96142  46.565  24.181  26.238 0.8999999762
115425  47.613  24.423  26.285 0.8999999762
135168  46.271  24.131  25.235 0.8000000119
96849  49.975  25.176  21.265 0.6999999881
96850  49.060  25.417  21.370 0.6999999881
96851  47.279  25.480  21.028 0.6999999881
96852  46.594  25.387  21.477 0.6000000238
96186  50.829  24.805  21.233 0.6999999881
96862  50.069  25.203  20.494 0.6999999881
116426  48.240  25.472  20.683 0.6999999881
118358  46.300  25.560  20.783 0.6000000238
94655  52.597  22.464  19.789 0.6999999881
95404  51.682  23.954  20.479 0.8000000119
96191  50.938  24.879  20.445 0.8000000119
96201  50.503  25.126  19.334 0.6000000238
95405  45.228  23.273  20.112 0.2000000030
93880  52.324  21.258  19.244 0.6000000238
130109  52.723  21.943  19.017 0.6999999881
94669  47.375  22.406  18.642 0.3000000119
132772  45.968  22.956  18.650 0.2000000030
135441  44.412  23.478  19.105 0.2000000030
115573  50.660  21.182  17.995 0.5000000000
93889  51.629  21.087  18.798 0.5000000000
94670  46.556  22.615  18.254 0.3000000119
95439  45.184  23.267  18.592 0.2000000030
93901  49.785  21.331  17.267 0.5000000000
136789  49.615  21.541  18.021 0.5000000000
94684  48.048  21.912  18.137 0.5000000000
94685  47.198  22.150  17.761 0.4000000060
94671  45.807  22.911  17.898 0.2000000030
95455  44.933  23.243  17.508 0.3000000119
93910  48.833  21.548  16.997 0.5000000000
93911  47.974  21.827  17.156 0.5000000000
94700  47.049  22.141  16.887 0.4000000060
96205  51.247  24.638  18.822 0.6999999881
96876  49.698  25.321  19.732 0.6999999881
135916  47.533  25.520  20.463 0.6000000238
95436  52.638  22.529  18.021 0.6999999881
96204  51.853  24.007  19.096 0.6999999881
137330  50.868  25.040  19.122 0.6999999881
93888  52.746  21.097  18.299 0.6999999881
93908  50.957  20.860  17.302 0.6000000238
93900  52.146  20.850  17.747 0.6000000238
123467  44.311  23.421  16.736 0.3000000119
93909  50.524  20.730  16.477 0.6000000238
94687  45.668  22.715  17.036 0.4000000060
132148  49.342  21.228  16.440 0.6000000238
116047  48.456  21.559  16.381 0.6000000238
124276  47.634  21.918  16.140 0.6000000238
93921  48.897  21.149  15.719 0.6000000238
136330  48.213  21.455  15.719 0.6000000238
96154  45.588  24.133  24.557 0.6999999881
95438  51.394  24.142  18.115 0.6999999881
118266  50.557  25.001  18.798 0.6999999881
96884  48.778  25.462  18.974 0.6999999881
96877  47.741  25.527  19.963 0.8000000119
96864  46.935  25.647  20.199 0.6000000238
96885  47.720  25.528  18.646 0.5000000000
96878  47.105  25.711  19.311 0.5000000000
94682  53.044  21.394  17.561 0.6999999881
96879  46.300  25.878  19.721 0.5000000000
93103  51.522  20.324  15.962 0.6999999881
93098  51.823  20.587  16.813 0.6999999881
94717  46.337  22.440  15.749 0.5000000000
95475  45.028  22.990  16.551 0.3000000119
93920  49.799  20.730  15.711 0.6000000238
94716  46.898  22.274  16.150 0.4000000060
121609  50.916  23.142  16.736 0.6999999881
96209  50.729  24.583  18.196 0.6999999881
118880  49.732  24.763  18.169 0.6999999881
96889  48.231  25.315  18.121 0.6000000238
96890  47.345  25.492  17.772 0.5000000000
96891  46.497  25.677  17.434 0.5000000000
95453  52.702  22.140  17.162 0.6999999881
96886  46.813  25.756  18.380 0.5000000000
96887  46.181  26.009  18.927 0.4000000060
93102  52.405  20.556  16.256 0.6999999881
93104  50.675  20.332  15.680 0.6000000238
93108  52.057  20.193  15.440 0.6999999881
94718  45.635  22.650  15.355 0.4000000060
93111  49.278  20.624  14.980 0.5000000000
93932  48.484  21.054  15.013 0.5000000000
115026  49.330  24.292  17.179 0.6999999881
96210  48.691  24.807  17.638 0.6000000238
95473  50.990  22.612  15.820 0.6999999881
95474  50.111  23.307  15.928 0.6999999881
96211  47.734  25.056  16.977 0.5000000000
96899  46.968  25.403  16.952 0.5000000000
94698  52.634  21.719  16.402 0.6999999881
94715  51.395  22.090  14.949 0.6000000238
132541  52.200  20.166  15.026 0.6999999881
94728  52.014  21.332  14.618 0.6000000238
93110  50.269  20.193  14.940 0.5000000000
93116  51.076  19.720  14.519 0.6000000238
119030  51.741  20.378  13.387 0.6000000238
94737  51.817  21.385  13.716 0.6000000238
93933  47.987  21.067  14.312 0.5000000000
131417  50.030  23.753  16.889 0.6999999881
96219  48.460  24.448  16.471 0.6999999881
96218  49.238  23.875  16.127 0.5000000000
96227  47.708  24.747  15.751 0.5000000000
94729  51.516  22.025  13.820 0.5000000000
96910  46.574  25.737  15.682 0.4000000060
114816  49.515  19.833  13.799 0.5000000000
92361  50.563  19.785  12.884 0.6000000238
93123  51.262  19.920  13.019 0.6000000238
93118  48.847  20.475  14.170 0.5000000000
93125  48.808  20.125  13.304 0.6000000238
120690  48.853  20.169  12.492 0.5000000000
93942  47.339  21.010  13.530 0.5000000000
95502  50.827  22.752  14.137 0.4000000060
95488  50.352  22.925  15.061 0.5000000000
96226  48.555  24.239  15.299 0.4000000060
96234  47.899  24.794  14.884 0.4000000060
119981  51.721  21.491  12.957 0.5000000000
93963  51.448  21.849  12.100 0.5000000000
96918  47.719  25.606  14.730 0.4000000060
97550  46.962  26.001  15.080 0.3000000119
93141  49.728  20.752  10.934 0.4000000060
135936  49.699  20.482  11.526 0.5000000000
93131  50.703  20.316  12.312 0.5000000000
93981  47.162  20.694  10.264 0.4000000060
93150  48.719  20.731  10.785 0.5000000000
93133  48.156  20.272  12.080 0.5000000000
93152  46.321  20.564  10.390 0.5000000000
93144  45.448  20.422  11.063 0.4000000060
94005  44.623  21.786  9.099 0.3000000119
95490  49.098  23.954  14.738 0.4000000060
95503  49.893  23.522  14.390 0.4000000060
96233  48.665  24.483  14.558 0.4000000060
95514  51.639  23.173  12.303 0.4000000060
96916  49.235  24.807  14.022 0.4000000060
96917  48.457  25.157  14.377 0.4000000060
93978  50.187  21.468  10.764 0.4000000060
93964  51.163  21.974  11.474 0.4000000060
116477  49.262  25.573  14.060 0.4000000060
97560  47.619  26.507  14.820 0.3000000119
93979  49.036  21.219  10.489 0.4000000060
97559  48.680  26.246  14.420 0.4000000060
98204  47.527  27.245  15.086 0.3000000119
93992  48.151  21.405  10.085 0.4000000060
93994  46.522  21.071  9.743 0.4000000060
93159  45.720  20.962  9.927 0.5000000000
98215  48.517  27.377  14.846 0.3000000119
125265  47.944  27.953  15.338 0.3000000119
94784  47.052  22.017  9.233 0.4000000060
93995  45.936  21.412  9.218 0.4000000060
95581  46.266  23.479  7.197 0.3000000119
94804  46.389  22.967  7.745 0.3000000119
95515  51.494  23.112  13.087 0.4000000060
96242  50.146  24.331  13.665 0.4000000060
96240  51.458  23.886  12.409 0.4000000060
94776  49.602  21.999  10.587 0.4000000060
95533  51.261  23.551  11.473 0.4000000060
96247  51.547  23.704  12.091 0.4000000060
96927  50.119  25.429  13.647 0.4000000060
94777  48.572  21.884  10.269 0.4000000060
95546  49.002  22.728  10.521 0.4000000060
95545  50.053  22.716  10.791 0.4000000060
97567  50.762  26.315  13.344 0.3000000119
134574  49.511  27.192  14.484 0.3000000119
95536  48.667  23.623  10.760 0.4000000060
95556  47.064  22.693  9.097 0.4000000060
95555  47.878  22.486  10.029 0.4000000060
96257  48.064  24.313  11.150 0.4000000060
96280  46.973  23.566  8.442 0.3000000119
96266  46.988  24.087  10.050 0.3000000119
96265  47.641  23.766  10.490 0.4000000060
96253  51.370  23.972  11.748 0.4000000060
96925  51.201  24.815  12.520 0.4000000060
95534  50.854  23.131  11.089 0.4000000060
96926  50.887  25.232  13.079 0.4000000060
95535  49.927  23.543  11.010 0.4000000060
98926  49.682  28.177  14.710 0.3000000119
98913  48.797  28.261  15.134 0.3000000119
96256  49.241  24.333  11.242 0.4000000060
96272  46.969  23.990  9.131 0.3000000119
96258  47.182  24.525  10.823 0.4000000060
96958  46.783  24.861  9.092 0.3000000119
96254  51.151  24.252  11.601 0.4000000060
96933  51.164  25.151  12.240 0.4000000060
96255  50.441  24.480  11.470 0.4000000060
97566  50.984  25.987  12.729 0.4000000060
97557  50.726  27.211  13.652 0.3000000119
98912  50.141  28.999  14.759 0.3000000119
116507  48.397  28.781  15.422 0.3000000119
99671  50.061  29.756  15.223 0.3000000119
96952  46.568  24.894  10.234 0.3000000119
96944  47.603  25.044  11.530 0.3000000119
100463  49.479  30.498  15.713 0.3000000119
96946  45.997  25.687  10.733 0.3000000119
96945  46.672  25.255  11.199 0.3000000119
101183  50.232  31.583  15.474 0.3000000119
97588  45.635  26.428  11.233 0.2000000030
96942  50.947  25.090  11.816 0.4000000060
96934  50.952  25.723  12.272 0.4000000060
97573  50.973  27.078  12.903 0.4000000060
125417  50.393  25.273  11.765 0.4000000060
98212  50.693  27.973  13.612 0.3000000119
118208  49.701  24.976  11.608 0.3000000119
96943  48.715  25.010  11.596 0.3000000119
98943  50.485  28.472  13.239 0.3000000119
98924  50.679  28.662  14.012 0.3000000119
98934  50.564  29.149  13.704 0.3000000119
99670  50.434  30.271  14.707 0.3000000119
99686  50.576  29.934  14.051 0.3000000119
100462  50.205  30.752  15.396 0.3000000119
97587  46.288  26.015  11.624 0.3000000119
97585  50.612  25.880  12.129 0.4000000060
115888  50.404  27.395  12.588 0.3000000119
97576  49.079  26.543  12.311 0.3000000119
119304  49.744  27.447  12.481 0.3000000119
98231  48.640  27.283  12.624 0.3000000119
98230  50.200  28.200  12.789 0.3000000119
97577  47.878  26.424  12.450 0.3000000119
97586  47.186  25.748  11.972 0.3000000119
100493  50.263  30.768  13.801 0.3000000119
101208  49.934  31.750  13.891 0.3000000119
101192  50.315  31.470  14.145 0.3000000119
117854  49.345  28.157  12.741 0.3000000119
91510  39.879  18.394  29.446 0.6999999881
91500  39.988  17.931  30.198 0.8000000119
91537  35.226  19.435  27.367 0.6000000238
116633  44.097  18.214  32.424 0.8999999762
122026  32.466  22.002  26.470 0.3000000119
92261  37.270  19.936  27.465 0.6000000238
134477  37.876  19.689  27.768 0.6000000238
91495  44.613  18.643  30.972 0.8999999762
93003  39.859  20.654  27.834 0.5000000000
91492  47.665  17.899  31.571 0.8999999762
92218  45.849  19.034  30.420 0.8999999762
92228  46.191  19.784  29.834 0.8999999762
91506  48.971  18.405  30.550 0.8999999762
90043  51.496  15.989  27.894 0.8999999762
92215  48.275  19.046  30.243 0.8999999762
92227  46.990  19.710  29.870 0.8999999762
134141  49.608  18.637  30.154 0.8999999762
92985  45.703  20.688  29.690 0.8999999762
90814  52.148  17.138  28.175 0.8999999762
91536  51.353  17.780  27.370 0.8999999762
129586  47.127  22.488  29.596 0.8999999762
130442  48.221  20.023  29.694 0.8999999762
94533  43.289  23.225  29.896 0.6000000238
92999  50.339  20.971  28.891 0.8999999762
95347  39.983  23.424  28.819 0.6000000238
91503  52.151  18.310  28.942 0.8999999762
92257  52.003  19.194  27.761 0.8999999762
120729  49.544  19.486  26.705 0.6999999881
94531  45.478  23.438  29.985 0.8000000119
133053  44.892  23.898  30.168 0.8000000119
135232  43.825  24.035  30.190 0.6999999881
127687  45.123  24.344  29.865 0.8000000119
96074  42.510  24.952  29.838 0.6000000238
95329  43.078  24.356  30.046 0.6000000238
124411  51.565  19.317  27.147 0.8000000119
93791  47.994  20.784  26.135 0.4000000060
95327  46.386  23.881  29.388 0.8999999762
137095  43.522  25.290  28.927 0.8999999762
94558  51.977  21.833  26.769 0.8999999762
93026  52.085  20.377  26.623 0.8000000119
93027  51.658  19.964  26.448 0.8000000119
93804  49.474  20.914  25.684 0.6999999881
94581  48.422  21.928  24.361 0.4000000060
95354  50.114  23.684  27.241 0.8999999762
121395  50.920  23.521  25.963 0.8999999762
129870  49.602  24.339  26.122 0.8999999762
93837  51.232  21.427  22.774 0.6999999881
96140  49.062  24.556  25.624 0.8999999762
94577  52.305  22.051  25.022 0.8999999762
95379  51.012  23.575  24.920 0.8999999762
96139  49.739  24.343  25.132 0.8000000119
118712  49.380  24.565  24.715 0.8999999762
96164  49.315  24.785  23.900 0.8000000119
94587  52.323  22.377  23.389 0.8999999762
93812  52.320  21.496  23.768 0.8999999762
96149  50.388  24.252  23.684 0.8000000119
132265  50.738  23.835  24.080 1.0000000000
96165  47.657  24.897  22.989 0.6999999881
93824  52.282  21.653  22.941 0.8000000119
94598  48.098  22.499  22.124 0.3000000119
132942  47.538  22.502  22.416 0.3000000119
117545  51.566  23.661  22.805 0.8999999762
96177  50.288  24.732  22.554 0.6999999881
94611  52.381  22.667  21.752 0.6999999881
96161  51.064  24.251  22.460 0.6999999881
95387  51.545  23.897  21.983 0.8000000119
94599  45.810  22.543  22.214 0.3000000119
93855  51.566  21.479  21.968 0.6000000238
94613  48.697  22.391  21.464 0.5000000000
94612  49.576  22.101  21.669 0.6000000238
117009  47.873  22.615  21.306 0.3000000119
94615  45.487  22.825  21.463 0.2000000030
94638  49.351  22.145  20.787 0.5000000000
94640  47.746  22.654  20.469 0.4000000060
93881  51.669  21.428  20.118 0.6000000238
118396  49.641  25.195  21.913 0.6999999881
121118  48.194  25.109  22.328 0.6999999881
96185  51.247  24.475  20.862 0.6999999881
117808  48.163  25.325  21.583 0.6999999881
93870  52.505  21.955  20.318 0.6000000238
122855  52.047  23.573  20.821 0.8000000119
96190  51.325  24.479  20.090 0.6999999881
129453  52.296  21.556  19.956 0.6000000238
95403  52.292  23.363  20.136 0.8000000119
136029  51.703  21.238  19.475 0.5000000000
95425  44.982  23.354  19.444 0.2000000030
96875  50.545  25.089  20.045 0.6999999881
96863  49.301  25.440  20.563 0.6999999881
123007  48.663  25.522  19.851 0.8000000119
95423  52.561  23.005  19.094 0.6999999881
96199  51.440  24.460  19.453 0.6999999881
96206  49.740  25.213  18.915 0.6999999881
94666  52.816  21.703  18.324 0.6999999881
95440  44.342  23.511  18.273 0.2000000030
94686  46.415  22.454  17.410 0.3000000119
95437  52.044  23.721  18.429 0.6999999881
93887  53.031  21.066  17.863 0.6999999881
139165  53.124  20.947  17.664 0.6999999881
93922  47.745  21.543  15.214 0.5000000000
126284  51.881  23.288  17.479 0.6999999881
134924  50.123  24.282  17.614 0.6999999881
132841  47.998  25.481  19.333 0.6000000238
96207  49.022  25.186  18.457 0.6000000238
95472  51.951  22.609  16.517 0.6999999881
94683  53.187  21.280  16.968 0.6999999881
93097  52.938  20.763  17.055 0.6999999881
96901  45.745  25.997  16.906 0.5000000000
94699  51.931  22.128  15.822 0.6999999881
93907  52.993  21.009  16.342 0.6999999881
92351  51.878  19.825  14.739 0.6000000238
96909  47.032  25.235  16.153 0.5000000000
94714  52.349  21.444  15.557 0.6000000238
93919  52.433  20.853  15.341 0.6000000238
93931  52.198  20.712  14.454 0.6000000238
92354  50.347  19.630  13.524 0.6000000238
92360  51.136  19.657  13.456 0.6000000238
121327  51.706  22.328  12.914 0.5000000000
129371  47.275  25.320  15.327 0.4000000060
93124  49.660  19.814  13.006 0.6000000238
93132  49.817  20.215  12.212 0.5000000000
93126  47.908  20.330  12.803 0.5000000000
95516  50.705  23.494  13.639 0.4000000060
94751  51.624  22.560  12.248 0.4000000060
94765  51.472  22.589  11.735 0.4000000060
93140  50.309  20.585  11.534 0.4000000060
93142  47.075  20.262  11.343 0.5000000000
93143  46.189  20.276  11.072 0.5000000000
122688  45.169  21.355  9.456 0.5000000000
94004  45.490  21.807  8.791 0.4000000060
95527  51.528  23.245  11.769 0.4000000060
94766  51.225  22.740  11.346 0.4000000060
94783  47.655  21.932  9.789 0.4000000060
94792  46.553  22.472  8.576 0.4000000060
95568  46.807  23.240  7.987 0.3000000119
96241  51.126  24.138  12.996 0.4000000060
98214  50.356  27.619  14.239 0.3000000119
130910  50.949  26.901  13.165 0.3000000119
95547  47.343  23.283  9.622 0.4000000060
98925  50.483  28.507  14.298 0.3000000119
124092  49.425  28.952  15.162 0.3000000119
98911  50.479  29.359  14.417 0.3000000119
96935  49.624  25.732  11.962 0.3000000119
99710  50.200  29.161  13.336 0.3000000119
99695  50.219  29.955  13.597 0.3000000119
84391  49.108  10.428  17.511 0.1000000015
84356  43.992  9.151  25.041 0.1000000015
84383  50.970  9.843  19.465 0.1000000015
84379  51.466  10.868  19.972 0.1000000015
84387  50.368  10.331  18.691 0.1000000015
84390  49.797  10.861  17.963 0.1000000015
85295  49.187  11.662  17.092 0.1000000015
132029  44.748  9.409  25.550 0.1000000015
84363  45.134  9.308  24.634 0.1000000015
135812  48.512  10.908  24.487 0.1000000015
120659  47.449  10.075  23.756 0.1000000015
84370  48.337  10.457  23.143 0.1000000015
85243  49.505  11.519  23.532 0.1000000015
86142  50.277  12.053  22.576 0.1000000015
85249  50.422  11.674  22.288 0.1000000015
84375  50.760  10.566  21.454 0.1000000015
86141  50.659  11.915  21.774 0.1000000015
85247  51.381  11.229  20.850 0.1000000015
136467  50.361  12.161  21.760 0.1000000015
86152  51.231  11.522  20.383 0.1000000015
134481  50.561  12.037  20.765 0.1000000015
86153  50.919  11.818  20.259 0.1000000015
85281  50.771  11.411  19.052 0.1000000015
86169  50.542  11.632  18.888 0.1000000015
85294  49.690  11.573  17.803 0.1000000015
86184  49.353  11.880  17.510 0.1000000015
85310  48.920  11.648  16.436 0.1000000015
86202  48.846  11.957  16.115 0.1000000015
86203  48.673  12.217  16.297 0.1000000015
87054  48.361  12.166  15.127 0.1000000015
87076  47.382  12.293  12.892 0.1000000015
86231  48.113  12.132  13.970 0.1000000015
87077  46.924  12.445  12.528 0.1000000015
87103  46.237  12.235  11.268 0.1000000015
86274  45.209  11.860  9.941 0.1000000015
116673  45.720  9.860  25.789 0.1000000015
84355  46.609  10.087  25.336 0.1000000015
85222  46.590  10.881  27.056 0.1000000015
84344  46.174  10.460  26.727 0.1000000015
132044  46.693  10.502  26.094 0.1000000015
85226  47.553  11.032  25.858 0.1000000015
85227  47.095  10.963  26.482 0.1000000015
84361  47.769  10.676  25.055 0.1000000015
85230  48.011  11.104  25.475 0.1000000015
85235  48.966  11.475  24.159 0.1000000015
85242  49.759  11.882  23.256 0.1000000015
85234  49.445  11.812  23.791 0.1000000015
86143  49.557  12.171  22.967 0.1000000015
128442  47.104  11.811  21.479 0.1000000015
86155  48.522  11.843  20.427 0.1000000015
122474  49.470  12.152  21.812 0.1000000015
86156  47.207  11.588  20.595 0.1000000015
86162  49.715  12.016  19.760 0.1000000015
86163  48.679  11.826  19.033 0.1000000015
86171  49.756  11.991  18.470 0.1000000015
86164  47.417  11.424  19.529 0.1000000015
86172  48.902  12.118  17.803 0.1000000015
85283  46.511  10.993  18.912 0.1000000015
116705  47.658  11.625  18.400 0.1000000015
86173  46.529  11.355  17.829 0.1000000015
86187  47.903  12.031  17.362 0.1000000015
86186  48.819  12.223  16.930 0.1000000015
87851  37.555  13.768  11.308 0.1000000015
126644  47.976  12.455  15.759 0.1000000015
87066  47.201  12.505  13.231 0.1000000015
87056  47.404  12.525  14.017 0.1000000015
86232  46.609  12.312  14.571 0.1000000015
87078  46.225  12.423  12.093 0.1000000015
87067  46.382  12.490  12.958 0.1000000015
87092  45.265  12.397  10.769 0.1000000015
87091  45.946  12.395  11.339 0.1000000015
86078  45.988  11.149  27.615 0.2000000030
86086  46.446  11.228  26.829 0.2000000030
85213  46.535  11.016  27.152 0.1000000015
85221  47.011  11.021  26.481 0.1000000015
86099  45.059  11.767  25.538 0.1000000015
116413  45.874  11.565  26.221 0.1000000015
86106  47.200  11.382  25.406 0.1000000015
85225  47.928  11.036  25.454 0.1000000015
85229  48.357  11.267  24.876 0.1000000015
86108  45.218  11.783  24.825 0.1000000015
116553  47.425  11.892  23.880 0.1000000015
86116  48.869  11.574  24.134 0.1000000015
122643  44.459  11.699  24.051 0.2000000030
86118  44.785  11.674  23.302 0.1000000015
86107  46.783  11.765  24.488 0.1000000015
86130  48.366  12.015  23.607 0.1000000015
86129  49.407  12.011  23.701 0.1000000015
86134  42.953  11.344  22.977 0.2000000030
138512  45.309  11.714  22.997 0.1000000015
86131  45.937  11.816  22.739 0.1000000015
86144  48.014  12.076  22.634 0.1000000015
132022  41.868  10.656  20.781 0.2000000030
86135  41.772  11.264  22.971 0.3000000119
86148  43.126  11.151  22.058 0.2000000030
86147  44.034  11.346  21.868 0.2000000030
86133  43.907  11.470  22.655 0.2000000030
119657  47.162  11.984  22.924 0.1000000015
85253  42.420  10.853  21.376 0.2000000030
85251  44.167  11.114  21.099 0.2000000030
86146  45.049  11.452  21.724 0.2000000030
86157  46.243  11.422  20.862 0.1000000015
118053  48.238  11.996  21.647 0.1000000015
85263  43.496  10.802  20.456 0.2000000030
85252  43.313  10.989  21.241 0.2000000030
123636  44.861  11.149  20.926 0.2000000030
86158  45.520  11.357  21.132 0.2000000030
85260  46.358  11.039  19.913 0.1000000015
85264  42.619  10.691  20.605 0.2000000030
85262  44.358  10.887  20.339 0.2000000030
85271  45.539  10.775  19.337 0.2000000030
129331  42.802  10.514  19.802 0.2000000030
85273  43.734  10.638  19.673 0.2000000030
85272  44.627  10.724  19.572 0.2000000030
85286  44.064  10.540  18.903 0.2000000030
128601  44.852  10.666  18.891 0.2000000030
85284  45.554  10.827  18.442 0.1000000015
88579  38.123  14.813  12.556 0.1000000015
122095  43.094  10.424  19.005 0.2000000030
85285  44.605  10.647  18.176 0.2000000030
115557  46.970  11.865  16.911 0.1000000015
85287  42.418  10.347  18.409 0.2000000030
119614  44.321  10.635  17.223 0.2000000030
85311  45.264  11.086  16.777 0.1000000015
88592  38.160  14.441  10.672 0.1000000015
87868  38.581  13.831  9.441 0.1000000015
87869  37.946  13.772  10.036 0.1000000015
86216  45.914  11.687  15.444 0.1000000015
86215  46.956  12.260  15.526 0.1000000015
87117  38.463  13.020  9.439 0.1000000015
86218  44.361  11.285  14.889 0.1000000015
115659  45.428  11.720  14.726 0.1000000015
87864  43.163  12.846  8.756 0.1000000015
87873  42.796  12.801  8.542 0.1000000015
87115  40.159  12.973  8.596 0.1000000015
86285  39.773  12.257  9.488 0.1000000015
87127  39.011  13.536  9.038 0.1000000015
86244  45.924  12.233  13.849 0.1000000015
122653  44.531  12.377  10.655 0.1000000015
137950  44.358  12.409  8.946 0.1000000015
87874  41.434  13.536  8.677 0.1000000015
87124  41.305  13.429  8.555 0.1000000015
87125  40.595  13.678  8.578 0.1000000015
87126  39.739  13.761  8.641 0.1000000015
86233  44.857  11.729  14.060 0.1000000015
86245  45.302  12.143  13.189 0.1000000015
87079  45.267  12.444  11.567 0.1000000015
116427  44.886  11.721  26.251 0.1000000015
86079  45.485  11.124  28.416 0.2000000030
86101  42.528  11.629  26.022 0.4000000060
119360  43.794  11.673  26.335 0.3000000119
86087  45.601  11.506  26.936 0.1000000015
127612  42.188  11.557  25.155 0.3000000119
86100  43.286  11.609  25.401 0.3000000119
86109  44.073  11.703  24.826 0.3000000119
86120  42.387  11.444  23.720 0.3000000119
86119  43.430  11.554  23.891 0.3000000119
86111  41.825  11.498  24.362 0.3000000119
134272  43.883  11.550  23.350 0.2000000030
116210  40.889  11.279  23.044 0.3000000119
85254  41.445  10.774  21.396 0.3000000119
85255  40.316  10.763  21.255 0.3000000119
88532  40.589  14.505  18.811 0.2000000030
122644  40.893  10.493  19.875 0.3000000119
85276  40.341  10.448  19.420 0.3000000119
88531  41.537  14.885  18.111 0.2000000030
121235  41.052  10.592  20.569 0.3000000119
87023  38.524  12.244  18.799 0.3000000119
87794  38.564  12.985  19.497 0.3000000119
87784  39.017  13.730  20.007 0.3000000119
133994  40.402  14.489  19.707 0.3000000119
88540  40.747  14.629  17.755 0.2000000030
88547  40.784  14.960  16.905 0.2000000030
88567  37.998  15.016  14.339 0.1000000015
85274  42.130  10.358  19.160 0.2000000030
85275  41.217  10.436  19.258 0.3000000119
87793  39.094  13.690  18.960 0.3000000119
88541  39.861  14.194  18.400 0.3000000119
88554  39.984  14.665  16.552 0.2000000030
88553  40.562  15.357  16.464 0.2000000030
87805  39.255  13.742  17.930 0.2000000030
88548  39.985  14.359  17.390 0.2000000030
88561  39.798  14.980  15.874 0.2000000030
89335  39.203  15.480  13.409 0.1000000015
88573  38.149  14.936  13.449 0.1000000015
87836  37.438  14.048  13.070 0.1000000015
87806  38.651  13.113  18.430 0.2000000030
87814  38.738  13.180  17.468 0.2000000030
87820  38.843  13.245  16.568 0.2000000030
87819  39.420  14.060  16.059 0.2000000030
124287  39.490  14.227  15.027 0.2000000030
89339  39.222  15.280  12.818 0.1000000015
89340  38.776  15.129  12.200 0.1000000015
88584  38.080  14.668  11.637 0.1000000015
85297  43.334  10.445  17.193 0.2000000030
85312  44.541  10.888  16.308 0.1000000015
87049  38.712  12.587  16.217 0.2000000030
128934  39.117  13.218  15.028 0.2000000030
89344  39.165  15.111  11.923 0.1000000015
88583  38.767  14.911  11.293 0.1000000015
86220  39.186  11.712  15.281 0.2000000030
87048  38.855  12.567  15.463 0.2000000030
88582  39.237  14.668  10.981 0.1000000015
125323  39.349  12.643  13.868 0.2000000030
87850  39.697  13.908  10.972 0.1000000015
88590  39.739  14.518  9.586 0.1000000015
88598  39.398  14.504  9.369 0.1000000015
86205  45.324  11.304  16.085 0.1000000015
87114  43.715  12.684  9.128 0.1000000015
87855  42.860  13.176  8.989 0.1000000015
87849  40.378  13.759  10.307 0.1000000015
87859  39.879  14.347  9.911 0.1000000015
88597  40.250  14.618  8.863 0.1000000015
85326  43.966  10.833  15.690 0.1000000015
85327  43.406  10.857  15.046 0.1000000015
86234  43.766  11.370  14.175 0.1000000015
87080  44.088  12.117  11.489 0.1000000015
87093  43.525  12.370  10.593 0.1000000015
87856  41.991  13.522  9.189 0.1000000015
87866  41.070  13.826  8.918 0.1000000015
87867  40.423  14.484  9.030 0.1000000015
88596  40.284  14.586  8.830 0.1000000015
86246  43.631  11.620  13.287 0.1000000015
86257  43.390  11.767  12.351 0.1000000015
87094  42.494  12.575  10.593 0.1000000015
87106  41.912  13.282  9.840 0.1000000015
87848  41.100  13.654  9.950 0.1000000015
86088  44.104  11.662  27.351 0.3000000119
86080  44.623  11.472  28.320 0.3000000119
86089  42.890  11.709  26.964 0.4000000060
115818  45.201  11.441  27.633 0.2000000030
131662  41.112  11.608  24.934 0.3000000119
122877  40.918  11.514  24.232 0.3000000119
86121  41.350  11.398  23.653 0.3000000119
86136  40.155  11.280  22.744 0.3000000119
87008  38.894  12.447  22.690 0.3000000119
87775  38.720  13.169  22.370 0.3000000119
129889  39.347  14.316  22.549 0.3000000119
86149  40.008  11.061  22.054 0.3000000119
119362  39.501  11.467  22.334 0.3000000119
87011  38.725  12.595  21.932 0.3000000119
87785  38.638  13.149  20.567 0.3000000119
88506  40.027  14.800  22.207 0.3000000119
88521  40.713  14.753  20.344 0.3000000119
86159  38.974  11.461  20.811 0.3000000119
87782  38.687  13.215  21.503 0.3000000119
87781  38.955  13.832  21.031 0.3000000119
88522  39.703  14.312  20.500 0.3000000119
89271  41.460  15.094  20.183 0.3000000119
88520  41.343  14.850  19.334 0.2000000030
89283  42.342  15.259  18.449 0.2000000030
85256  39.559  10.837  20.794 0.3000000119
85268  38.745  11.385  19.879 0.3000000119
88539  41.566  15.196  17.156 0.2000000030
89301  42.179  15.833  16.792 0.2000000030
89322  38.381  15.698  15.498 0.1000000015
89323  37.528  15.466  15.954 0.1000000015
88563  36.847  14.423  15.580 0.1000000015
85277  39.639  10.546  19.619 0.3000000119
85278  39.054  10.737  19.411 0.3000000119
87015  38.583  12.245  20.245 0.3000000119
88533  39.722  14.153  19.422 0.3000000119
88546  41.405  15.602  16.714 0.2000000030
89310  40.984  15.809  16.489 0.2000000030
135991  38.889  15.922  15.511 0.1000000015
88562  37.636  15.089  15.316 0.1000000015
85288  40.593  10.427  18.607 0.2000000030
86165  38.630  11.372  19.114 0.3000000119
88560  40.270  15.592  16.211 0.2000000030
89321  39.118  15.657  14.972 0.2000000030
118641  38.654  15.542  14.616 0.1000000015
136345  39.954  10.438  18.405 0.2000000030
124987  39.525  15.116  14.840 0.2000000030
89327  39.284  15.429  14.305 0.1000000015
89328  39.165  15.560  13.986 0.1000000015
89329  38.830  15.503  13.760 0.1000000015
116143  41.143  10.421  17.898 0.2000000030
117087  40.159  10.460  17.762 0.2000000030
86174  38.618  11.464  18.311 0.2000000030
87831  39.522  14.849  13.817 0.2000000030
89334  39.254  15.438  13.466 0.1000000015
85298  42.539  10.358  17.632 0.2000000030
85314  42.619  10.410  16.654 0.2000000030
127398  39.323  13.520  14.280 0.2000000030
119613  43.070  10.544  15.818 0.1000000015
87070  39.559  12.912  13.047 0.2000000030
135054  39.424  13.592  13.506 0.1000000015
87835  39.450  14.095  12.777 0.1000000015
88578  39.333  15.053  12.198 0.1000000015
86219  40.042  11.205  14.929 0.2000000030
86250  39.700  12.026  13.521 0.2000000030
87084  39.743  13.287  12.036 0.2000000030
85329  41.520  10.610  15.461 0.2000000030
85341  40.940  10.898  14.732 0.2000000030
86249  40.631  11.660  13.283 0.2000000030
87069  40.030  12.342  12.658 0.2000000030
87083  40.355  12.620  11.934 0.2000000030
87858  40.513  14.360  9.199 0.1000000015
86235  42.257  11.212  13.886 0.1000000015
85340  41.888  10.850  14.616 0.1000000015
86259  41.110  12.033  12.306 0.1000000015
115079  40.963  12.591  11.385 0.1000000015
134410  40.843  13.168  10.729 0.1000000015
86247  42.725  11.517  13.170 0.1000000015
86258  42.312  11.761  12.301 0.1000000015
87095  41.543  12.873  10.648 0.1000000015
87082  41.911  12.273  11.460 0.1000000015
86071  43.927  11.645  29.001 0.3000000119
86082  42.052  11.885  27.547 0.4000000060
86102  41.406  11.670  25.774 0.3000000119
86091  40.658  11.963  26.353 0.4000000060
86112  40.183  11.758  24.557 0.3000000119
86113  39.587  12.134  24.470 0.3000000119
87007  39.209  12.113  23.283 0.3000000119
87774  38.924  13.819  21.984 0.3000000119
88512  40.283  14.756  21.257 0.3000000119
116260  42.208  15.297  19.586 0.2000000030
89292  42.339  15.493  17.383 0.2000000030
120891  40.278  16.265  16.516 0.2000000030
90176  38.965  16.283  16.372 0.1000000015
90177  38.218  16.162  16.669 0.1000000015
89309  41.900  16.025  16.599 0.2000000030
90174  41.126  16.132  16.581 0.2000000030
90175  39.440  15.973  15.911 0.1000000015
89308  42.396  16.059  16.799 0.2000000030
89311  40.324  15.885  16.247 0.2000000030
86081  43.341  11.743  27.955 0.4000000060
86070  44.953  11.126  29.216 0.3000000119
86090  41.698  11.764  26.650 0.4000000060
86972  41.357  12.385  28.011 0.4000000060
86983  40.959  12.126  27.194 0.4000000060
86991  39.920  12.353  25.941 0.3000000119
87761  39.435  13.143  25.402 0.4000000060
86995  38.983  12.930  23.957 0.4000000060
87767  39.074  13.538  23.722 0.4000000060
88502  39.350  14.217  23.447 0.4000000060
88501  39.879  14.802  23.171 0.4000000060
89252  40.647  15.222  22.806 0.4000000060
89272  41.133  15.158  20.953 0.3000000119
120720  41.969  15.391  20.575 0.4000000060
89282  43.275  15.613  18.769 0.2000000030
89300  42.855  16.138  17.141 0.2000000030
90167  40.018  16.652  17.014 0.2000000030
90168  38.961  16.491  17.106 0.1000000015
90165  41.811  16.397  16.863 0.2000000030
83383  29.520  8.170  35.423 0.1000000015
83392  28.803  7.827  35.022 0.1000000015
82530  28.122  7.696  34.427 0.1000000015
86047  44.553  10.913  30.219 0.3000000119
86958  42.551  12.041  28.531 0.5000000000
86984  40.137  12.565  26.762 0.4000000060
88494  39.890  14.557  24.909 0.5000000000
88497  39.844  14.702  24.059 0.5000000000
89262  40.866  15.203  21.849 0.3000000119
89290  43.965  15.943  18.094 0.2000000030
90163  43.532  16.405  17.461 0.2000000030
90164  42.463  16.171  16.932 0.2000000030
90166  40.950  16.559  16.948 0.2000000030
90154  39.616  16.835  17.754 0.2000000030
85136  29.329  10.155  36.832 0.1000000015
117676  29.790  9.408  36.429 0.1000000015
84240  29.288  8.994  35.855 0.1000000015
84241  28.355  9.400  35.728 0.1000000015
83393  28.178  8.268  34.995 0.1000000015
83395  27.100  8.753  34.082 0.1000000015
82537  26.533  7.734  33.135 0.1000000015
82540  26.012  7.506  32.360 0.1000000015
86944  42.508  12.563  30.053 0.5000000000
86926  43.592  11.820  30.893 0.4000000060
86048  44.271  11.344  30.059 0.3000000119
84297  41.635  9.580  28.614 0.1000000015
84298  40.670  9.703  28.650 0.2000000030
117475  40.011  9.668  27.981 0.1000000015
86959  41.779  12.687  29.001 0.5000000000
84278  41.297  9.795  29.397 0.2000000030
84280  39.801  10.000  28.756 0.2000000030
84299  39.164  9.783  28.067 0.1000000015
84277  43.319  9.915  29.926 0.2000000030
84266  42.973  10.007  30.491 0.2000000030
85180  40.986  10.115  29.952 0.2000000030
84279  40.538  9.956  29.260 0.2000000030
85204  38.873  10.185  28.647 0.1000000015
84301  37.531  10.133  28.187 0.1000000015
85215  36.066  10.092  27.853 0.1000000015
121102  34.710  9.608  27.480 0.1000000015
84323  32.206  9.220  27.869 0.1000000015
83434  31.606  8.599  27.492 0.1000000015
83435  30.722  8.501  27.745 0.1000000015
86973  40.511  12.784  27.559 0.4000000060
84267  41.949  9.998  30.225 0.2000000030
122140  39.273  10.430  29.208 0.2000000030
85205  38.058  10.387  28.649 0.2000000030
85206  36.670  10.464  28.469 0.1000000015
87749  40.507  13.484  27.933 0.4000000060
85182  38.499  10.689  29.229 0.2000000030
88489  39.719  13.615  26.024 0.5000000000
89270  42.907  15.601  20.043 0.3000000119
89245  40.458  15.189  23.773 0.5000000000
89244  41.264  15.492  23.432 0.5000000000
89261  41.718  15.449  21.467 0.3000000119
89251  41.604  15.518  22.444 0.5000000000
90094  42.810  15.830  23.491 0.5000000000
89250  42.552  15.746  22.555 0.5000000000
128304  43.943  15.876  19.469 0.3000000119
89249  43.226  15.872  21.719 0.5000000000
89260  42.605  15.612  21.069 0.5000000000
89259  43.608  15.883  20.613 0.5000000000
89281  44.172  15.959  18.551 0.4000000060
89299  43.565  16.229  17.523 0.2000000030
120190  42.976  16.480  17.274 0.2000000030
90916  42.390  16.767  17.313 0.2000000030
90917  41.511  16.886  17.358 0.2000000030
90918  40.595  16.956  17.521 0.2000000030
90153  44.004  16.664  17.684 0.2000000030
130222  43.080  17.035  17.554 0.2000000030
138421  41.862  17.220  17.723 0.2000000030
90152  44.519  16.725  18.103 0.4000000060
90915  43.764  17.072  17.735 0.3000000119
90908  43.206  17.417  18.038 0.3000000119
90909  42.482  17.324  17.858 0.2000000030
84230  30.557  9.247  36.523 0.1000000015
82515  31.107  7.748  35.396 0.1000000015
82527  31.619  7.098  34.819 0.1000000015
85990  30.778  11.546  38.712 0.1000000015
85997  30.161  11.479  38.237 0.1000000015
85129  30.142  10.641  37.811 0.1000000015
83382  30.431  8.580  35.901 0.1000000015
86877  30.964  12.496  38.869 0.1000000015
86878  30.343  12.385  38.434 0.1000000015
85130  29.513  10.679  37.377 0.1000000015
85137  28.581  10.625  36.588 0.1000000015
123899  28.082  10.279  36.038 0.1000000015
85998  29.593  11.477  37.746 0.1000000015
86000  29.066  11.524  37.276 0.1000000015
85143  27.553  10.803  35.692 0.1000000015
84242  27.556  9.932  35.320 0.1000000015
84252  27.287  9.278  34.609 0.1000000015
133016  26.860  10.168  34.488 0.1000000015
84253  26.706  9.366  33.993 0.1000000015
83402  25.907  8.226  32.829 0.1000000015
82543  26.066  7.131  31.445 0.1000000015
82544  25.579  7.882  31.700 0.1000000015
82547  25.727  7.752  31.075 0.1000000015
82546  26.163  7.310  30.614 0.1000000015
86943  43.131  11.986  29.621 0.4000000060
138098  44.299  10.831  31.026 0.3000000119
85162  44.237  10.611  30.795 0.3000000119
87728  41.677  13.293  29.736 0.5000000000
86916  44.107  11.351  31.913 0.4000000060
85163  43.667  10.421  31.296 0.3000000119
85216  35.151  10.205  28.006 0.1000000015
84304  33.422  9.937  28.427 0.1000000015
84305  32.594  9.779  28.629 0.1000000015
84324  31.183  9.144  28.249 0.1000000015
83427  30.244  9.074  28.487 0.1000000015
83428  29.430  8.772  28.428 0.1000000015
83436  29.148  8.061  27.882 0.1000000015
86960  40.899  12.947  28.267 0.5000000000
86927  42.661  12.880  30.979 0.4000000060
133460  43.773  12.047  31.920 0.5000000000
86020  44.079  11.167  32.224 0.3000000119
85158  43.917  10.835  32.030 0.3000000119
85183  37.626  10.875  29.214 0.2000000030
123540  36.941  10.848  29.099 0.2000000030
85209  33.724  10.436  29.176 0.1000000015
84306  31.604  9.782  29.003 0.1000000015
84307  30.727  9.633  29.080 0.1000000015
86021  43.562  11.343  32.465 0.4000000060
85159  43.000  10.618  31.712 0.4000000060
86030  41.653  10.463  30.879 0.2000000030
85166  39.971  10.977  30.182 0.2000000030
86049  39.105  11.069  29.845 0.2000000030
86050  37.970  11.399  29.856 0.2000000030
85184  36.191  11.021  29.338 0.2000000030
85185  35.235  11.038  29.795 0.2000000030
85208  34.634  10.638  29.094 0.2000000030
119716  40.122  14.319  26.526 0.5000000000
87756  39.984  13.381  27.001 0.5000000000
86031  40.563  11.209  30.919 0.2000000030
86051  36.861  11.459  29.894 0.3000000119
134082  39.886  14.312  25.652 0.5000000000
86032  39.458  11.547  30.598 0.2000000030
86033  38.400  11.927  30.635 0.3000000119
129524  40.630  15.063  26.364 0.5000000000
130348  40.882  15.358  25.101 0.5000000000
89239  41.074  15.457  24.357 0.5000000000
89227  41.985  15.630  25.977 0.6000000238
89233  41.752  15.614  25.034 0.5000000000
89238  41.911  15.698  24.017 0.5000000000
90051  42.938  15.804  27.056 0.6000000238
90065  42.822  15.828  26.220 0.5000000000
90050  43.819  15.995  27.380 0.6999999881
90064  43.610  16.029  26.491 0.6000000238
90076  43.475  16.046  25.657 0.5000000000
90085  42.644  15.827  24.496 0.5000000000
137166  43.333  15.961  24.072 0.5000000000
90103  43.430  15.950  22.638 0.5000000000
89269  44.777  16.354  18.957 0.4000000060
89289  44.471  16.471  18.161 0.3000000119
90142  45.145  16.811  18.653 0.4000000060
90900  41.638  17.526  18.424 0.3000000119
90062  45.068  16.443  26.959 0.8000000119
90075  44.232  16.270  25.901 0.6000000238
116060  44.156  16.219  25.043 0.6000000238
90093  43.759  16.031  23.401 0.5000000000
132711  44.256  16.117  21.192 0.5000000000
90112  45.289  16.306  20.854 0.4000000060
90907  44.426  17.015  18.040 0.4000000060
90898  43.969  17.400  18.266 0.4000000060
130186  43.275  17.674  18.776 0.4000000060
91632  44.951  17.632  19.364 0.4000000060
91633  44.109  17.672  19.045 0.4000000060
91631  45.805  17.494  19.613 0.4000000060
91622  45.181  17.992  20.300 0.4000000060
91620  47.278  17.259  20.254 0.4000000060
91621  46.341  17.726  20.251 0.4000000060
123008  45.829  18.183  21.156 0.4000000060
91607  46.982  17.890  20.969 0.4000000060
91580  46.410  18.264  22.024 0.4000000060
91578  49.000  17.342  22.005 0.4000000060
91605  48.581  17.165  21.376 0.4000000060
91568  48.309  18.126  22.796 0.4000000060
91562  48.694  18.112  23.672 0.4000000060
91561  49.638  17.397  23.990 0.5000000000
91557  48.180  18.473  24.789 0.5000000000
119229  49.078  18.198  25.431 0.5000000000
91549  48.667  18.862  26.307 0.5000000000
86887  29.281  12.347  37.452 0.1000000015
130467  29.163  12.998  37.039 0.1000000015
86893  28.791  12.358  36.972 0.1000000015
86003  27.888  11.399  36.242 0.1000000015
86004  27.323  11.641  35.544 0.1000000015
86896  27.675  12.488  35.822 0.1000000015
85147  27.162  10.874  35.084 0.1000000015
85150  25.710  10.013  33.338 0.1000000015
83399  25.825  8.829  33.050 0.1000000015
83406  25.232  8.546  31.881 0.1000000015
85153  25.430  10.871  33.030 0.1000000015
85154  25.198  9.986  32.493 0.1000000015
83410  25.447  8.390  31.237 0.1000000015
85160  24.958  9.979  31.556 0.1000000015
84263  25.123  9.085  31.399 0.1000000015
83409  25.935  8.249  30.536 0.1000000015
82554  26.551  7.628  29.834 0.1000000015
83420  26.562  8.687  29.838 0.1000000015
82553  27.160  7.497  29.097 0.1000000015
83418  28.238  9.316  29.054 0.1000000015
83430  27.738  8.271  28.800 0.1000000015
84308  29.562  9.457  28.958 0.1000000015
84309  28.980  9.212  28.833 0.1000000015
83429  28.646  8.571  28.511 0.1000000015
130247  32.193  10.151  29.492 0.1000000015
132613  30.944  10.101  29.768 0.1000000015
119281  41.715  13.821  30.285 0.5000000000
86917  43.768  11.754  32.545 0.4000000060
86022  41.925  11.246  31.928 0.4000000060
85188  32.308  10.670  30.317 0.2000000030
85189  31.603  10.916  30.584 0.2000000030
88474  40.666  14.041  28.461 0.6000000238
86015  42.659  11.752  33.051 0.4000000060
86023  40.655  11.708  31.703 0.3000000119
86024  39.756  11.906  31.298 0.3000000119
86052  35.740  11.501  30.454 0.2000000030
85186  34.441  11.026  30.203 0.2000000030
85187  33.204  10.749  30.178 0.2000000030
85168  32.155  11.085  30.692 0.2000000030
88473  40.796  14.634  28.022 0.6000000238
87717  42.344  13.658  31.256 0.6000000238
87716  43.433  12.773  32.371 0.5000000000
86025  38.987  12.135  31.052 0.3000000119
86034  37.292  11.998  30.740 0.3000000119
86053  34.684  11.517  30.961 0.2000000030
86054  33.746  11.328  30.714 0.2000000030
85167  32.783  11.217  30.687 0.2000000030
86038  32.307  11.353  30.649 0.2000000030
129571  41.139  14.509  28.849 0.6000000238
89228  40.663  14.851  27.132 0.6000000238
118794  41.476  15.148  28.294 0.6000000238
134066  41.731  15.477  27.111 0.5000000000
89234  41.105  15.396  25.801 0.5000000000
89218  41.294  15.243  27.480 0.6000000238
120932  42.166  15.626  26.761 0.5000000000
89206  43.031  15.751  27.947 0.6000000238
89164  44.532  15.822  32.778 0.6999999881
89175  44.320  15.878  31.433 0.6999999881
90012  43.972  15.928  29.217 0.6999999881
90029  44.595  16.169  28.597 0.6999999881
90049  44.532  16.252  27.363 0.6999999881
131704  44.041  16.137  24.166 0.6000000238
125623  44.299  16.119  22.640 0.6000000238
137761  43.994  16.077  22.004 0.5000000000
90129  44.776  16.228  20.026 0.5000000000
90128  45.629  16.708  19.287 0.4000000060
90151  45.229  16.965  18.671 0.4000000060
90897  44.766  17.283  18.615 0.4000000060
121510  44.369  16.159  27.893 0.6999999881
90048  45.117  16.419  27.872 0.8000000119
115252  45.893  16.532  27.256 0.8000000119
115249  44.940  16.362  25.295 0.6999999881
116141  45.031  16.260  24.286 0.6000000238
122090  45.250  16.210  22.503 0.6000000238
90141  45.936  16.970  19.225 0.4000000060
90896  46.023  17.062  19.307 0.4000000060
90091  45.732  16.217  23.242 0.6000000238
129217  45.840  16.318  21.516 0.6000000238
90111  46.360  16.564  20.535 0.5000000000
90127  46.525  16.925  19.769 0.4000000060
90140  46.664  17.035  19.729 0.4000000060
91606  47.925  17.264  20.829 0.4000000060
90852  49.031  16.676  21.718 0.4000000060
90847  49.404  16.717  22.384 0.4000000060
90845  49.678  16.749  23.239 0.5000000000
91555  50.682  16.759  25.555 0.6999999881
91556  50.279  17.096  24.759 0.6999999881
91548  50.792  17.360  26.577 0.6999999881
86894  28.226  12.453  36.457 0.1000000015
86897  27.193  12.513  35.179 0.1000000015
86900  26.691  12.469  34.548 0.1000000015
123679  26.181  10.754  33.923 0.1000000015
86906  25.658  12.239  33.272 0.1000000015
86011  25.391  11.685  32.986 0.1000000015
118790  25.019  10.634  32.146 0.1000000015
86026  24.923  10.986  31.476 0.1000000015
122214  25.260  9.602  30.812 0.1000000015
84269  25.467  8.896  30.846 0.1000000015
85170  25.733  10.055  30.174 0.1000000015
84285  26.648  9.709  29.707 0.1000000015
83419  27.324  9.030  29.364 0.1000000015
84281  30.316  10.182  29.730 0.1000000015
84282  29.625  10.127  29.547 0.1000000015
85190  30.776  10.714  30.263 0.2000000030
87729  41.151  13.951  29.308 0.6000000238
123566  43.786  12.387  33.256 0.5000000000
86014  43.597  12.057  33.264 0.4000000060
86910  41.778  12.276  33.507 0.4000000060
86016  41.211  11.969  32.541 0.3000000119
86055  31.143  11.352  30.419 0.2000000030
87709  43.601  13.345  33.319 0.6000000238
86909  43.028  12.165  33.769 0.4000000060
120710  40.282  12.650  33.018 0.4000000060
86918  40.007  12.288  32.065 0.3000000119
86919  38.944  12.504  31.787 0.3000000119
86929  37.607  12.509  31.401 0.3000000119
86035  36.255  11.990  31.019 0.3000000119
86934  32.698  11.670  30.649 0.2000000030
120812  41.547  14.426  29.719 0.6000000238
88449  41.992  14.341  30.685 0.6000000238
87710  42.639  14.048  31.873 0.6000000238
86903  43.643  12.617  33.992 0.5000000000
86905  41.023  12.875  33.907 0.4000000060
121729  38.010  12.854  31.905 0.3000000119
86930  36.699  12.549  31.444 0.3000000119
128642  35.874  12.441  31.466 0.2000000030
130299  34.630  11.900  31.481 0.2000000030
86037  34.113  11.828  31.327 0.2000000030
86935  32.162  11.672  30.547 0.2000000030
89208  41.696  15.025  29.220 0.6999999881
89191  41.975  14.927  30.149 0.6000000238
89184  42.413  14.797  31.130 0.6000000238
118979  43.029  14.571  32.311 0.6000000238
87703  43.966  13.387  34.364 0.6000000238
87695  43.143  13.020  34.794 0.5000000000
87704  38.784  13.643  32.873 0.4000000060
86913  37.903  13.239  32.118 0.4000000060
86920  37.247  13.007  31.893 0.3000000119
86931  35.054  12.347  31.402 0.2000000030
86932  34.399  12.097  31.455 0.2000000030
86945  33.905  12.204  31.188 0.2000000030
86946  33.231  12.268  30.506 0.2000000030
89177  43.461  14.976  32.823 0.6999999881
88443  43.761  14.187  33.607 0.6000000238
87705  38.227  13.592  32.420 0.4000000060
89190  42.416  15.374  29.561 0.6999999881
89183  43.366  15.590  30.941 0.6999999881
118511  42.908  15.176  31.599 0.6999999881
89154  44.231  15.169  34.734 0.6999999881
89189  43.135  15.693  28.891 0.6999999881
89176  43.622  15.481  32.122 0.6999999881
120933  43.237  15.639  29.895 0.6999999881
89987  45.386  16.103  32.111 0.6999999881
90000  45.268  16.183  30.756 0.6999999881
90011  44.860  16.150  29.546 0.6999999881
90010  45.807  16.365  29.843 0.8000000119
89999  46.215  16.349  30.720 0.8000000119
90028  45.455  16.372  28.849 0.6999999881
90083  45.671  16.305  24.812 0.6999999881
115258  47.921  16.414  30.691 0.8000000119
115428  46.439  16.472  29.160 0.8000000119
90047  46.862  16.534  27.502 0.8000000119
90074  45.731  16.383  25.548 0.6999999881
116142  46.265  16.236  24.013 0.6000000238
90101  46.428  16.307  22.219 0.6000000238
90100  47.823  16.500  21.882 0.5000000000
90110  47.072  16.584  21.160 0.5000000000
116692  47.321  16.943  20.346 0.5000000000
90125  47.813  17.012  20.320 0.4000000060
115256  47.554  16.439  29.529 0.8000000119
115255  47.172  16.502  28.448 0.8000000119
90061  46.718  16.462  26.612 0.8000000119
115250  46.602  16.277  24.829 0.8000000119
90090  47.066  16.277  22.956 0.6999999881
131663  48.250  16.916  21.118 0.5000000000
90868  48.317  16.926  21.124 0.4000000060
115259  48.959  16.411  30.904 0.8000000119
115257  48.809  16.182  30.029 0.8000000119
90027  48.533  16.301  28.670 0.8000000119
90046  47.941  16.425  27.650 0.8000000119
115253  47.750  16.396  26.767 0.8000000119
116434  47.825  16.258  24.915 0.8000000119
117743  47.852  16.227  23.789 0.8000000119
90089  48.573  16.356  22.565 0.5000000000
90109  48.902  16.740  21.650 0.4000000060
90008  49.832  15.973  30.418 0.8000000119
117621  49.785  15.898  29.341 0.8000000119
116435  48.918  16.370  26.804 0.8000000119
118988  48.933  16.380  25.941 0.8000000119
90082  49.238  16.261  24.111 0.6999999881
128579  49.307  16.395  23.077 0.6000000238
132888  49.278  16.484  22.366 0.5000000000
90007  50.577  15.856  29.837 0.8000000119
131863  49.011  16.294  27.596 0.8000000119
90060  50.190  16.097  25.990 0.8000000119
90072  49.069  16.229  25.028 0.8000000119
133492  49.889  16.324  24.453 0.6999999881
90081  49.789  16.590  23.686 0.6000000238
90059  50.987  15.952  26.317 0.6999999881
90080  50.116  16.668  24.702 0.6999999881
90058  51.451  16.092  26.857 0.6999999881
90070  50.625  16.440  25.684 0.6999999881
87693  26.538  13.037  33.963 0.1000000015
86914  24.904  11.892  31.695 0.1000000015
86039  25.009  11.562  30.623 0.1000000015
85195  25.479  10.909  29.911 0.1000000015
86060  26.277  11.247  29.225 0.1000000015
136250  26.201  10.490  29.657 0.1000000015
86074  28.149  11.689  28.767 0.1000000015
86059  27.562  11.159  29.067 0.1000000015
85194  27.059  10.545  29.373 0.1000000015
86073  29.047  11.654  29.153 0.2000000030
86058  28.630  11.180  29.316 0.1000000015
85192  29.019  10.629  29.583 0.1000000015
86072  29.692  11.664  29.443 0.2000000030
85191  29.906  10.759  29.887 0.1000000015
86949  30.860  11.835  29.963 0.2000000030
86056  30.290  11.376  29.947 0.2000000030
87696  41.687  13.198  34.590 0.5000000000
86947  32.428  12.130  30.248 0.2000000030
88435  43.502  13.660  35.170 0.6999999881
87697  40.378  13.642  34.173 0.5000000000
86911  39.280  13.204  32.985 0.4000000060
86921  36.452  12.950  31.657 0.2000000030
87720  34.510  12.625  31.089 0.2000000030
120948  44.019  14.018  34.611 0.6999999881
88427  42.757  14.082  35.593 0.6000000238
88428  41.504  14.446  35.275 0.6999999881
87698  39.436  13.719  33.472 0.4000000060
87706  37.648  13.539  32.040 0.3000000119
87712  36.430  13.471  31.401 0.2000000030
89145  43.910  15.559  35.226 0.6999999881
89155  43.674  14.559  35.349 0.6000000238
88436  40.463  14.405  34.543 0.6999999881
88437  39.715  14.338  33.847 0.6999999881
88444  39.043  14.204  33.207 0.5000000000
89153  44.773  15.768  34.134 0.6999999881
89146  42.485  14.802  35.645 0.6999999881
89157  40.679  15.222  34.542 0.8000000119
89972  45.561  16.161  33.423 0.6999999881
89959  45.571  16.399  34.348 0.8000000119
89144  44.753  16.028  34.863 0.8000000119
89950  43.581  16.240  35.174 0.8000000119
89971  46.440  16.536  33.833 0.8000000119
89948  45.493  16.658  34.652 0.8000000119
121511  46.262  16.283  31.656 0.8000000119
89985  47.135  16.424  32.294 0.8000000119
89998  47.104  16.375  31.272 0.8000000119
89984  47.646  16.704  32.737 0.8000000119
115260  47.936  16.510  31.757 0.8000000119
87701  25.604  12.820  32.895 0.1000000015
87713  25.310  13.338  31.503 0.1000000015
86923  25.047  12.509  31.129 0.1000000015
86061  25.439  11.795  29.589 0.1000000015
86968  26.427  12.580  28.338 0.1000000015
86076  25.955  12.139  28.780 0.1000000015
86977  28.375  12.842  27.782 0.2000000030
86976  29.234  12.651  28.000 0.2000000030
86965  29.459  12.127  28.795 0.2000000030
86964  30.273  12.103  29.165 0.2000000030
86974  30.703  12.765  28.114 0.2000000030
86963  31.220  12.335  29.147 0.2000000030
86962  32.196  12.618  29.183 0.2000000030
86948  31.641  11.937  30.198 0.2000000030
87718  35.927  13.566  31.032 0.2000000030
87719  35.274  13.241  30.849 0.2000000030
87731  34.008  12.903  30.251 0.2000000030
121528  38.125  14.181  32.175 0.4000000060
88451  37.494  13.945  31.807 0.3000000119
86922  35.798  12.955  31.419 0.2000000030
87711  37.042  13.429  31.723 0.2000000030
89158  40.024  14.968  34.021 0.6999999881
89156  41.606  15.472  35.138 0.6999999881
89951  42.844  15.644  35.438 0.6000000238
89961  41.817  16.315  34.543 0.8000000119
90758  44.866  16.525  34.789 0.8000000119
90759  44.223  16.618  34.830 0.8000000119
90760  43.372  16.955  34.535 0.8000000119
130170  45.443  16.800  34.684 0.8000000119
91463  44.938  17.458  34.187 0.8000000119
126094  25.247  13.065  30.733 0.1000000015
86950  25.486  12.659  29.272 0.1000000015
86979  26.586  13.120  27.909 0.1000000015
86978  27.434  13.029  27.725 0.2000000030
87753  29.882  13.062  27.683 0.2000000030
86961  32.875  12.610  29.651 0.2000000030
87741  34.605  13.573  29.348 0.2000000030
87732  33.415  12.884  29.622 0.2000000030
89169  38.846  14.642  32.569 0.5000000000
116802  37.076  14.110  31.291 0.3000000119
87730  35.261  13.823  29.743 0.2000000030
88457  35.903  14.007  30.220 0.2000000030
89178  39.339  15.495  32.162 0.6999999881
89168  39.545  15.077  33.168 0.6999999881
89167  40.256  15.673  33.570 0.6999999881
89962  40.974  16.056  34.071 0.8000000119
90768  42.525  17.227  33.808 0.8000000119
91464  44.129  17.240  34.328 0.8000000119
90775  43.248  17.541  33.632 0.8000000119
128268  29.761  14.007  27.394 0.2000000030
87754  29.051  13.368  27.537 0.2000000030
131020  30.472  13.530  27.566 0.2000000030
87744  32.384  13.225  28.247 0.2000000030
87742  33.897  13.367  28.979 0.2000000030
87750  32.824  13.790  27.822 0.3000000119
87743  33.075  13.147  28.699 0.2000000030
138217  37.459  14.631  30.887 0.4000000060
88456  36.471  14.105  30.754 0.3000000119
89989  39.735  16.322  31.706 0.6999999881
88450  37.863  14.626  31.349 0.4000000060
88455  37.142  14.674  30.442 0.4000000060
89975  39.962  15.992  32.633 0.6999999881
89973  41.310  16.737  33.543 0.8000000119
90769  41.985  16.853  33.913 0.8000000119
132499  40.496  25.946  29.098 0.6000000238
123889  30.959  15.175  27.414 0.2000000030
88485  30.683  14.319  27.442 0.2000000030
88484  31.525  14.470  27.492 0.2000000030
88483  32.343  14.577  27.561 0.2000000030
88477  33.651  13.840  28.031 0.3000000119
89990  39.147  15.892  31.241 0.6999999881
89185  38.456  15.517  30.848 0.6000000238
88476  34.399  14.008  28.427 0.2000000030
89179  38.663  15.026  31.721 0.5000000000
89988  40.305  16.726  32.177 0.6999999881
89974  40.632  16.414  33.073 0.6999999881
116365  40.640  25.811  28.497 0.5000000000
96801  42.371  25.388  28.692 0.8000000119
96802  41.536  25.447  28.390 0.6999999881
116111  41.561  24.808  27.341 0.6999999881
127177  31.829  15.322  27.467 0.2000000030
88482  33.177  14.642  27.666 0.2000000030
90004  38.131  16.001  30.080 0.6000000238
88475  35.088  14.236  28.829 0.2000000030
90003  38.792  16.361  30.484 0.5000000000
89186  37.759  15.147  30.511 0.5000000000
88461  36.579  14.701  29.824 0.2000000030
89193  35.842  14.607  29.174 0.2000000030
90778  40.962  17.100  32.647 0.8000000119
96126  42.053  24.382  26.599 0.6000000238
120181  42.975  24.416  27.184 0.6999999881
89220  33.490  15.551  27.658 0.2000000030
122711  32.646  15.455  27.547 0.2000000030
90788  40.000  16.975  31.300 0.6999999881
90002  39.411  16.668  30.873 0.6999999881
90031  36.101  16.335  28.763 0.3000000119
89211  34.998  15.642  28.321 0.2000000030
88481  34.016  14.698  27.825 0.2000000030
89209  36.458  15.487  29.144 0.3000000119
89210  35.723  15.538  28.663 0.2000000030
135573  35.323  14.920  28.575 0.3000000119
129193  34.715  14.835  28.251 0.3000000119
90015  36.825  16.429  29.181 0.4000000060
89192  37.281  15.549  29.739 0.5000000000
89219  34.305  15.608  27.895 0.2000000030
91471  44.083  17.771  33.448 0.8000000119
90013  38.341  16.864  29.915 0.6000000238
90014  37.607  16.625  29.585 0.5000000000
90032  35.384  16.378  28.430 0.3000000119
90033  34.666  16.454  28.044 0.3000000119
129097  36.356  17.115  28.811 0.4000000060
90798  38.955  17.058  30.256 0.6999999881
90052  33.853  16.447  27.711 0.3000000119
131083  35.739  16.968  28.561 0.5000000000
90804  38.588  17.528  29.742 0.6999999881
90806  37.089  17.273  29.151 0.6000000238
90818  35.811  17.690  28.427 0.5000000000
90819  35.152  17.152  28.209 0.4000000060
90830  34.318  17.351  27.776 0.4000000060
90831  33.382  17.239  27.593 0.3000000119
118581  32.111  17.822  27.354 0.3000000119
90797  39.548  17.353  30.493 0.8000000119
128760  32.917  17.929  27.450 0.4000000060
137683  34.397  18.141  27.662 0.5000000000
90805  37.848  17.403  29.476 0.6999999881
125015  35.036  17.922  27.972 0.6000000238
90803  39.243  17.878  29.811 0.6999999881
91539  33.713  18.006  27.540 0.4000000060
90817  36.629  17.825  28.715 0.6000000238
136894  39.070  17.440  30.078 0.6999999881
86204  46.233  11.617  16.294 0.1000000015
86207  38.704  11.818  16.570 0.2000000030
118747  47.272  12.177  16.197 0.1000000015
86206  39.170  11.323  16.139 0.2000000030
87042  38.605  12.494  17.026 0.2000000030
132860  42.273  10.492  15.895 0.2000000030
118354  40.738  10.592  16.095 0.2000000030
85331  39.923  10.982  15.735 0.2000000030
89957  46.554  16.952  34.276 0.8000000119
116061  47.147  16.633  33.280 0.8000000119
90045  50.106  15.926  26.896 0.8000000119
85250  49.911  11.418  22.858 0.1000000015
85248  51.078  11.466  21.491 0.1000000015
86154  49.690  12.074  20.914 0.1000000015
86170  50.097  11.684  18.358 0.1000000015
86214  48.592  11.925  15.439 0.1000000015
87055  48.003  12.331  14.465 0.1000000015
87065  47.692  12.297  13.613 0.1000000015
87057  46.793  12.551  13.672 0.1000000015
84345  45.092  9.687  26.375 0.1000000015
84343  47.496  10.869  25.883 0.1000000015
86098  46.813  11.276  26.108 0.1000000015
136803  46.190  11.725  24.893 0.1000000015
124917  48.006  11.365  24.835 0.1000000015
122093  45.533  11.802  24.187 0.1000000015
86132  44.787  11.584  22.517 0.2000000030
86145  46.350  11.747  21.884 0.1000000015
122551  46.028  11.334  17.098 0.1000000015
129542  38.860  15.372  13.017 0.1000000015
88591  38.967  14.773  10.268 0.1000000015
86292  41.983  12.758  8.382 0.1000000015
86293  41.119  12.925  8.397 0.1000000015
116928  44.408  11.760  13.455 0.1000000015
86256  44.546  12.039  12.525 0.1000000015
86110  42.876  11.547  24.537 0.3000000119
85245  40.931  11.023  22.251 0.3000000119
87034  38.551  12.358  17.907 0.2000000030
134764  41.870  10.317  17.977 0.2000000030
87813  39.373  13.851  16.962 0.2000000030
87826  39.016  13.302  15.723 0.2000000030
88572  39.369  15.134  12.856 0.1000000015
85313  43.640  10.571  16.476 0.2000000030
86238  39.432  11.841  14.358 0.2000000030
87841  39.452  14.606  11.961 0.1000000015
116645  42.925  12.856  9.700 0.1000000015
85339  42.814  10.998  14.457 0.1000000015
87081  42.971  12.037  11.436 0.1000000015
115441  39.607  11.642  23.087 0.3000000119
86138  38.976  11.849  21.891 0.3000000119
90183  38.634  16.032  15.975 0.1000000015
85290  38.933  10.749  18.680 0.2000000030
89320  39.481  15.463  15.568 0.2000000030
85299  41.765  10.355  17.302 0.2000000030
85300  40.882  10.443  17.054 0.2000000030
85316  39.835  10.708  16.686 0.2000000030
85301  39.235  10.766  17.430 0.2000000030
86189  38.691  11.510  17.408 0.2000000030
85330  40.647  10.792  15.380 0.2000000030
85315  41.639  10.444  16.389 0.2000000030
86236  41.289  11.203  13.985 0.2000000030
85328  42.497  10.652  15.212 0.2000000030
86248  41.719  11.473  13.156 0.1000000015
86104  39.750  12.191  25.152 0.4000000060
86999  39.268  12.400  23.954 0.3000000119
88495  39.610  13.837  25.144 0.4000000060
86985  39.665  12.943  26.158 0.5000000000
83384  28.651  8.588  35.412 0.1000000015
83394  27.612  8.464  34.566 0.1000000015
82531  27.239  7.939  33.857 0.1000000015
86029  44.271  11.067  31.076 0.3000000119
89235  40.332  14.955  25.593 0.5000000000
84221  30.264  9.854  37.166 0.1000000015
84231  28.894  9.770  36.273 0.1000000015
84251  27.865  8.953  35.193 0.1000000015
83398  26.454  8.591  33.518 0.1000000015
82536  27.185  7.178  33.278 0.1000000015
82541  25.558  8.152  32.251 0.1000000015
81653  26.513  6.746  32.126 0.1000000015
85164  42.668  10.204  30.971 0.2000000030
85165  40.630  10.571  30.289 0.2000000030
85181  40.049  10.440  29.597 0.2000000030
84302  36.927  9.881  27.739 0.1000000015
127902  33.895  9.561  27.652 0.1000000015
84303  34.253  10.132  28.217 0.1000000015
84322  33.122  9.414  27.795 0.1000000015
83433  32.336  8.603  27.216 0.1000000015
118066  29.909  8.361  27.895 0.1000000015
83444  31.164  7.967  27.111 0.1000000015
132936  37.366  10.525  28.701 0.2000000030
85207  35.665  10.626  28.681 0.2000000030
90899  42.482  17.625  18.570 0.3000000119
83381  31.575  8.311  35.902 0.1000000015
121187  28.949  10.850  37.047 0.1000000015
86001  28.525  11.527  36.828 0.1000000015
137079  26.269  9.930  33.875 0.1000000015
128762  26.742  11.031  34.547 0.1000000015
84257  26.034  9.340  33.475 0.1000000015
121935  30.095  9.667  29.189 0.1000000015
85210  32.910  10.267  29.380 0.1000000015
130517  33.936  10.792  29.961 0.2000000030
86928  38.353  12.415  31.356 0.3000000119
90077  42.683  15.827  25.380 0.5000000000
89217  42.118  15.545  27.595 0.6000000238
115426  44.981  16.429  26.144 0.6999999881
90102  44.793  16.201  21.805 0.6000000238
125347  43.329  17.900  19.713 0.4000000060
91579  47.854  17.929  21.735 0.4000000060
133612  49.992  16.819  23.979 0.6000000238
86006  26.886  11.710  34.913 0.1000000015
84258  25.512  9.336  32.825 0.1000000015
84261  25.067  9.227  32.112 0.1000000015
86017  25.071  11.383  32.313 0.1000000015
125948  27.033  8.233  29.352 0.1000000015
84284  27.636  9.910  29.355 0.1000000015
84283  28.964  9.847  29.282 0.1000000015
85211  31.521  10.365  30.063 0.1000000015
86036  35.308  11.908  31.322 0.2000000030
86933  33.405  11.719  30.952 0.2000000030
85169  31.833  11.361  30.612 0.2000000030
89207  42.284  15.470  28.564 0.6000000238
90001  44.157  15.885  30.258 0.6999999881
115254  46.122  16.531  28.182 0.8000000119
115251  45.793  16.470  26.385 0.8000000119
86901  26.193  12.308  33.886 0.1000000015
86007  26.424  11.647  34.268 0.1000000015
86010  25.848  11.609  33.610 0.1000000015
138924  26.005  12.764  33.492 0.1000000015
85171  25.063  10.498  30.715 0.1000000015
84268  25.919  9.197  30.314 0.1000000015
125430  28.402  10.129  29.301 0.1000000015
137241  39.323  12.763  32.497 0.3000000119
134093  39.972  13.221  33.544 0.4000000060
86912  38.535  13.098  32.434 0.4000000060
119660  42.596  15.285  30.542 0.6999999881
87689  42.269  13.589  35.187 0.6999999881
87690  41.151  13.829  34.835 0.6999999881
89166  44.009  14.580  34.183 0.6999999881
89165  44.009  15.263  33.488 0.6999999881
90009  46.800  16.435  30.192 0.8000000119
90073  46.664  16.348  25.719 0.8000000119
115427  47.751  16.300  25.860 0.8000000119
90071  50.077  16.247  25.163 0.6999999881
86907  25.206  12.146  32.569 0.1000000015
87708  25.194  12.738  32.078 0.1000000015
86075  26.967  11.915  28.572 0.1000000015
85193  28.087  10.618  29.273 0.1000000015
86057  29.458  11.234  29.642 0.2000000030
89958  46.247  16.793  34.374 0.8000000119
89960  42.655  16.605  34.718 0.8000000119
89986  46.411  16.333  32.846 0.8000000119
86936  25.216  12.453  30.193 0.1000000015
86967  27.762  12.369  28.202 0.2000000030
86966  28.670  12.229  28.472 0.2000000030
86975  29.920  12.515  28.289 0.2000000030
87745  31.664  12.977  28.246 0.2000000030
131596  34.725  13.255  30.283 0.2000000030
87721  25.315  13.268  30.014 0.1000000015
87733  25.474  13.568  29.174 0.1000000015
87752  31.214  13.595  27.647 0.2000000030
87751  32.020  13.740  27.716 0.2000000030
90889  37.448  16.971  20.752 0.1000000015
90903  38.824  17.010  19.622 0.1000000015
90887  39.312  17.383  20.371 0.1000000015
90902  39.765  17.250  19.228 0.1000000015
90870  38.582  17.574  21.320 0.1000000015
90888  38.326  17.169  20.567 0.1000000015
90911  40.173  17.175  18.281 0.1000000015
134728  39.288  17.685  21.315 0.2000000030
91627  40.015  17.674  20.779 0.2000000030
90886  40.301  17.530  19.731 0.1000000015
90901  40.672  17.435  18.773 0.1000000015
91636  41.043  17.625  19.238 0.1000000015
90910  41.098  17.297  17.951 0.1000000015
91626  40.910  17.780  20.207 0.2000000030
125638  40.459  17.882  21.198 0.2000000030
91625  41.751  17.941  20.276 0.2000000030
91624  42.528  18.078  20.505 0.3000000119
91582  43.543  18.259  21.867 0.3000000119
91565  44.258  18.825  24.347 0.3000000119
126587  43.660  18.624  23.791 0.3000000119
92291  45.858  19.652  25.444 0.3000000119
92298  44.475  19.380  24.941 0.3000000119
93044  45.504  20.541  25.489 0.3000000119
92292  44.924  19.974  25.328 0.3000000119
91623  44.216  17.944  19.948 0.3000000119
91571  44.667  18.522  23.457 0.3000000119
91608  44.682  18.238  21.506 0.3000000119
93043  46.380  20.351  25.784 0.3000000119
92297  45.199  19.289  25.100 0.3000000119
120434  46.664  21.163  25.589 0.3000000119
93818  46.152  21.506  25.096 0.3000000119
91581  45.215  18.341  22.325 0.3000000119
126588  45.964  18.881  24.819 0.3000000119
91564  45.138  18.778  24.337 0.3000000119
92290  46.734  19.638  25.760 0.3000000119
91563  47.235  18.583  24.042 0.3000000119
116392  46.140  18.646  23.867 0.3000000119
91570  45.708  18.496  23.163 0.3000000119
92289  47.664  19.090  25.937 0.3000000119
91558  46.818  19.002  25.271 0.3000000119
92277  47.994  19.638  26.359 0.3000000119
91512  38.088  17.920  29.335 0.6000000238
90816  37.430  18.016  28.973 0.6000000238
96143  45.436  23.956  25.678 0.6999999881
96180  45.095  24.664  22.972 0.6000000238
96179  45.984  24.819  22.814 0.6000000238
94730  46.350  22.165  14.743 0.4000000060
96167  45.785  24.486  23.639 0.6000000238
91634  42.508  17.833  19.477 0.3000000119
91569  46.920  18.465  22.914 0.3000000119
91610  43.370  18.160  20.742 0.3000000119
91609  44.199  18.168  20.849 0.3000000119
91635  41.728  17.733  19.304 0.2000000030
117987  44.172  18.330  22.655 0.3000000119
92265  32.852  19.249  26.966 0.3000000119
129969  28.052  19.524  27.157 0.2000000030
92284  29.322  20.059  26.690 0.2000000030
92285  28.646  20.367  26.739 0.2000000030
92266  32.013  19.257  26.868 0.2000000030
92283  30.128  19.694  26.721 0.2000000030
93037  29.137  20.908  26.576 0.2000000030
137701  36.247  18.284  28.370 0.5000000000
133112  34.056  18.673  27.396 0.5000000000
92280  33.262  19.880  26.732 0.4000000060
92281  32.476  19.945  26.689 0.2000000030
92282  31.616  20.059  26.662 0.2000000030
120788  30.807  20.137  26.651 0.2000000030
93036  30.067  20.623  26.559 0.2000000030
137853  35.610  18.993  27.725 0.5000000000
92263  34.448  19.328  27.207 0.5000000000
93797  30.189  21.464  26.497 0.2000000030
130736  32.165  20.728  26.561 0.2000000030
93796  31.180  21.068  26.534 0.2000000030
130848  29.706  21.138  26.517 0.2000000030
92270  27.469  19.804  27.407 0.2000000030
119717  26.824  20.188  27.726 0.2000000030
92268  29.355  19.141  26.925 0.2000000030
92269  28.632  19.694  26.898 0.2000000030
93022  28.032  20.170  26.985 0.2000000030
133954  26.803  20.711  27.664 0.2000000030
93023  27.350  20.672  27.318 0.2000000030
93038  28.150  21.048  26.761 0.2000000030
91523  35.647  18.423  28.046 0.5000000000
91522  36.885  18.504  28.491 0.5000000000
93799  28.711  21.616  26.590 0.2000000030
137321  32.046  21.433  26.513 0.2000000030
91487  26.334  18.421  31.572 0.1000000015
92234  25.602  19.580  29.696 0.2000000030
120893  26.242  19.933  28.243 0.2000000030
92247  25.705  19.635  28.903 0.2000000030
92991  25.737  20.233  29.562 0.2000000030
93004  25.889  20.464  28.785 0.2000000030
135442  25.907  20.870  29.383 0.2000000030
93024  26.329  20.763  28.078 0.2000000030
115559  26.070  21.211  28.769 0.2000000030
93773  26.389  21.483  28.184 0.2000000030
93786  27.386  21.623  27.201 0.2000000030
93787  26.776  21.248  27.676 0.2000000030
94574  28.078  22.055  26.740 0.2000000030
93798  29.413  21.636  26.516 0.2000000030
122019  30.814  22.098  26.452 0.2000000030
117852  26.425  19.259  31.604 0.1000000015
92213  25.950  19.171  30.987 0.1000000015
134570  26.576  17.594  31.738 0.1000000015
92221  25.825  19.933  30.436 0.2000000030
92990  26.010  20.774  30.132 0.2000000030
93756  26.236  21.541  29.697 0.2000000030
133615  26.739  22.146  27.872 0.2000000030
122018  29.912  22.278  26.489 0.2000000030
91486  26.900  18.909  32.202 0.1000000015
90789  27.012  18.015  32.249 0.1000000015
89991  27.202  17.022  32.047 0.1000000015
89162  27.094  14.952  32.648 0.1000000015
89980  27.571  16.165  32.213 0.1000000015
92212  26.279  19.871  31.236 0.2000000030
92211  26.867  19.821  31.860 0.1000000015
92978  26.305  20.649  31.000 0.2000000030
93748  26.352  21.319  30.559 0.2000000030
94564  27.435  22.571  27.232 0.2000000030
94573  28.922  22.440  26.538 0.2000000030
124482  30.497  22.938  26.466 0.2000000030
90781  28.641  17.281  32.471 0.1000000015
89979  28.119  16.788  32.398 0.1000000015
89171  28.386  16.056  32.681 0.1000000015
120358  28.865  15.647  33.279 0.1000000015
90782  27.865  17.592  32.435 0.1000000015
89172  27.615  15.608  32.561 0.1000000015
91476  27.747  18.493  32.515 0.1000000015
138347  26.592  20.274  31.447 0.2000000030
90730  34.121  17.290  36.928 0.1000000015
90721  34.688  17.407  37.595 0.1000000015
90731  33.004  17.511  36.632 0.1000000015
128683  29.623  23.086  26.498 0.2000000030
91611  42.450  18.260  21.684 0.2000000030
89160  29.831  15.980  33.441 0.1000000015
89170  29.397  16.361  32.914 0.1000000015
91475  28.669  17.974  32.569 0.1000000015
92208  27.631  19.424  32.405 0.1000000015
92207  28.657  19.012  32.726 0.1000000015
90752  31.913  17.525  35.289 0.1000000015
91429  33.764  17.834  37.974 0.1000000015
92976  27.016  20.698  31.647 0.1000000015
90743  32.972  17.122  35.695 0.1000000015
95361  28.240  23.767  26.940 0.2000000030
95362  27.624  23.387  27.335 0.2000000030
94554  27.042  23.070  27.916 0.2000000030
118625  26.388  21.945  28.768 0.2000000030
126504  28.828  23.373  26.599 0.2000000030
95371  28.116  22.956  26.750 0.2000000030
89977  29.841  16.933  32.664 0.1000000015
89965  30.296  16.614  33.013 0.1000000015
89978  29.008  16.769  32.565 0.1000000015
90779  30.099  17.497  32.674 0.1000000015
90780  29.356  17.409  32.542 0.1000000015
91474  29.507  18.172  32.669 0.1000000015
91457  31.165  17.541  33.482 0.1000000015
123163  31.500  17.566  34.266 0.1000000015
92206  29.615  19.093  32.923 0.1000000015
91473  30.202  18.241  32.870 0.1000000015
91445  32.075  17.948  36.342 0.1000000015
95351  27.091  23.575  28.803 0.2000000030
94555  26.686  22.742  28.699 0.2000000030
127065  27.554  20.173  32.111 0.1000000015
91465  30.597  18.296  33.298 0.1000000015
96079  27.754  25.032  28.939 0.2000000030
96098  27.541  24.288  28.438 0.2000000030
96118  27.820  24.115  27.603 0.2000000030
125712  27.388  23.704  27.982 0.2000000030
96117  28.431  24.526  27.257 0.2000000030
96136  28.921  24.137  26.707 0.2000000030
95370  29.440  23.746  26.542 0.2000000030
89159  30.896  16.211  33.526 0.1000000015
89976  30.485  17.037  32.759 0.1000000015
92180  31.440  19.606  36.398 0.1000000015
123076  31.745  18.933  36.935 0.1000000015
91446  31.488  18.667  35.962 0.1000000015
91430  32.854  18.439  38.252 0.1000000015
91437  32.299  18.213  37.072 0.1000000015
120170  29.348  24.960  31.976 0.2000000030
138946  28.619  24.748  31.435 0.2000000030
96068  27.625  24.178  30.476 0.2000000030
96065  28.179  24.900  30.783 0.2000000030
96067  27.845  25.008  29.890 0.2000000030
96080  27.448  24.309  29.410 0.2000000030
92972  29.112  19.901  32.776 0.1000000015
96097  27.997  24.854  28.034 0.2000000030
95333  26.834  23.078  29.451 0.2000000030
94536  26.577  22.413  29.588 0.2000000030
93746  26.714  21.437  31.182 0.2000000030
96116  29.121  24.905  26.927 0.2000000030
96135  29.707  24.380  26.593 0.2000000030
93830  43.504  22.019  23.482 0.1000000015
94601  43.331  22.427  22.602 0.1000000015
93829  44.160  21.691  24.111 0.2000000030
92191  31.167  19.534  35.479 0.1000000015
91452  31.145  18.517  34.966 0.1000000015
96771  28.694  25.476  31.226 0.2000000030
132347  28.192  24.186  31.239 0.2000000030
96773  28.888  26.250  30.772 0.2000000030
96774  28.375  25.632  30.335 0.2000000030
96780  28.228  25.667  29.396 0.2000000030
95332  27.170  23.600  29.859 0.2000000030
97449  28.651  26.268  28.921 0.2000000030
96792  28.868  26.046  28.072 0.2000000030
96808  28.640  25.292  27.657 0.2000000030
96807  29.339  25.666  27.321 0.2000000030
128031  43.949  22.395  22.786 0.1000000015
94602  42.560  22.420  22.457 0.1000000015
119714  31.229  20.558  33.885 0.1000000015
115562  31.218  20.458  34.888 0.1000000015
92201  30.683  20.029  33.647 0.1000000015
92198  30.819  19.537  34.424 0.1000000015
91458  30.909  18.443  33.987 0.1000000015
92202  30.551  19.231  33.663 0.1000000015
92205  30.182  19.278  33.222 0.1000000015
96064  28.969  24.081  31.708 0.2000000030
96770  29.345  26.026  31.636 0.2000000030
92973  28.291  20.004  32.494 0.1000000015
97441  28.691  26.314  29.842 0.2000000030
97448  29.196  26.723  28.467 0.2000000030
95324  27.342  23.411  30.595 0.2000000030
94524  26.931  22.924  30.237 0.2000000030
94644  42.490  23.078  20.962 0.2000000030
94645  41.725  23.011  21.054 0.1000000015
93734  32.068  21.376  32.781 0.2000000030
119885  32.370  21.843  32.447 0.2000000030
92966  31.256  20.727  33.177 0.1000000015
92970  31.101  21.098  32.785 0.1000000015
123322  30.246  20.829  32.720 0.1000000015
92967  30.498  20.301  33.131 0.1000000015
137573  30.388  19.744  33.387 0.1000000015
136571  28.797  20.521  32.437 0.1000000015
92971  29.474  20.635  32.593 0.1000000015
126751  29.859  20.027  32.966 0.1000000015
95320  29.291  23.267  31.941 0.2000000030
94521  28.673  22.571  31.728 0.2000000030
134235  27.723  22.302  31.509 0.2000000030
93744  28.358  21.704  31.830 0.2000000030
92975  28.065  20.833  32.042 0.2000000030
93741  28.972  21.150  32.207 0.1000000015
96062  29.793  23.935  32.228 0.2000000030
95321  28.451  23.443  31.533 0.2000000030
94522  27.904  22.965  31.428 0.2000000030
139045  27.077  22.072  31.249 0.2000000030
93745  27.450  21.521  31.586 0.2000000030
95322  27.726  23.535  31.120 0.2000000030
123255  27.270  22.794  31.035 0.2000000030
97440  29.245  26.873  30.251 0.2000000030
94525  26.659  22.111  30.588 0.2000000030
97460  29.498  26.434  27.673 0.3000000119
97476  30.763  26.536  26.688 0.3000000119
138044  42.026  23.267  20.525 0.2000000030
94646  40.875  23.029  21.058 0.1000000015
94616  43.209  22.805  21.582 0.1000000015
95316  32.214  22.880  32.353 0.1000000015
128266  31.961  22.261  32.327 0.1000000015
94518  32.799  22.236  32.318 0.1000000015
93738  33.011  21.739  32.576 0.2000000030
95317  31.194  22.860  32.340 0.1000000015
124525  30.474  22.358  32.311 0.2000000030
138493  31.227  22.139  32.346 0.1000000015
93740  30.656  21.609  32.474 0.2000000030
124205  31.462  23.628  32.492 0.2000000030
134387  29.958  21.932  32.299 0.2000000030
120692  29.767  21.339  32.410 0.1000000015
95318  30.159  23.102  32.290 0.2000000030
94519  29.632  22.518  32.142 0.2000000030
93743  29.254  21.854  32.043 0.2000000030
123621  30.638  23.623  32.392 0.2000000030
97459  30.080  26.868  27.273 0.3000000119
97443  29.139  26.884  29.351 0.3000000119
98102  29.609  27.356  28.812 0.3000000119
97475  31.445  26.621  26.293 0.3000000119
98106  30.221  27.551  27.633 0.2000000030
129551  30.031  27.640  28.310 0.2000000030
98117  31.220  27.294  26.373 0.2000000030
98118  30.602  27.406  26.935 0.2000000030
97489  31.827  27.060  25.799 0.2000000030
98131  33.196  27.192  24.885 0.2000000030
98132  32.421  27.528  25.268 0.2000000030
97493  34.084  27.055  24.791 0.2000000030
127521  43.841  23.179  20.820 0.1000000015
94643  43.130  23.180  20.731 0.1000000015
131799  41.385  23.324  20.412 0.1000000015
96059  32.364  23.554  32.567 0.1000000015
96060  31.537  24.424  32.746 0.1000000015
96061  30.523  24.527  32.488 0.1000000015
96767  30.089  25.689  32.330 0.2000000030
97439  29.544  26.748  31.079 0.3000000119
98099  29.793  27.473  29.774 0.3000000119
98833  31.099  27.999  26.669 0.2000000030
98133  31.743  27.989  25.881 0.2000000030
97492  35.005  27.023  24.929 0.2000000030
98840  32.472  28.355  25.280 0.2000000030
98130  35.881  27.092  25.365 0.2000000030
98146  33.818  27.919  24.340 0.2000000030
98147  32.979  28.000  24.695 0.2000000030
98853  33.466  28.616  24.376 0.2000000030
98143  36.608  27.670  25.058 0.2000000030
98145  34.725  27.685  24.331 0.2000000030
98852  34.558  28.428  23.859 0.2000000030
128360  33.997  28.651  23.946 0.2000000030
98851  35.422  28.231  23.902 0.2000000030
98863  35.229  28.981  23.503 0.2000000030
98864  34.471  29.130  23.642 0.2000000030
98865  33.825  29.316  23.977 0.2000000030
98862  36.165  28.779  23.607 0.2000000030
99617  35.048  29.817  23.297 0.2000000030
95406  44.360  23.373  20.018 0.2000000030
95426  43.810  23.500  19.474 0.2000000030
95408  42.608  23.386  20.158 0.2000000030
126162  42.166  23.636  19.410 0.2000000030
95427  41.231  23.673  19.537 0.2000000030
96056  32.320  24.407  33.041 0.1000000015
96763  32.388  25.308  33.408 0.1000000015
96764  31.696  25.282  33.116 0.1000000015
97429  32.070  26.130  33.190 0.1000000015
96766  30.942  25.384  32.724 0.2000000030
129448  31.346  25.995  32.919 0.2000000030
98101  30.201  27.902  28.988 0.2000000030
97485  35.909  26.554  26.086 0.3000000119
126098  35.275  26.651  25.616 0.3000000119
132228  30.655  27.936  27.288 0.2000000030
97470  36.475  26.470  26.734 0.3000000119
97469  37.767  26.930  27.401 0.3000000119
116181  37.127  26.961  26.891 0.3000000119
98116  36.750  27.212  26.065 0.3000000119
123941  32.208  28.691  25.836 0.2000000030
97468  38.988  26.950  27.077 0.3000000119
98114  38.372  27.425  26.885 0.3000000119
98115  37.674  27.524  26.568 0.3000000119
98129  37.575  27.969  25.614 0.3000000119
99607  33.271  29.240  24.660 0.2000000030
98127  38.859  27.404  26.212 0.4000000060
98128  38.307  27.901  26.100 0.3000000119
120546  37.284  28.196  24.654 0.2000000030
98850  36.374  28.135  24.232 0.2000000030
98142  38.286  28.175  25.258 0.3000000119
135770  37.855  28.246  25.026 0.3000000119
119870  35.937  29.579  23.171 0.2000000030
98861  37.750  28.979  23.683 0.3000000119
99616  36.982  29.346  23.315 0.2000000030
99623  36.603  30.092  22.782 0.2000000030
126163  43.056  23.589  19.311 0.2000000030
95443  41.730  23.904  18.662 0.2000000030
95428  40.210  23.815  19.451 0.2000000030
95442  42.483  23.782  18.756 0.2000000030
95444  40.691  24.063  18.504 0.2000000030
95497  38.923  23.100  15.690 0.2000000030
94733  39.152  22.809  14.877 0.2000000030
136437  38.343  22.068  14.183 0.2000000030
131646  39.662  22.468  12.946 0.2000000030
94745  38.954  21.886  12.717 0.2000000030
94756  41.074  22.012  12.081 0.2000000030
93957  40.223  22.237  11.890 0.2000000030
93958  39.065  21.946  12.233 0.2000000030
93968  43.148  21.091  10.542 0.3000000119
93969  42.498  21.261  10.750 0.3000000119
93160  44.945  21.018  10.140 0.3000000119
97434  31.567  26.660  32.562 0.2000000030
97435  30.795  26.295  32.441 0.2000000030
97438  30.137  26.548  31.798 0.3000000119
97437  30.965  27.107  31.852 0.2000000030
98096  29.793  27.227  30.582 0.3000000119
98091  30.240  27.177  31.192 0.3000000119
116603  30.840  27.502  31.107 0.2000000030
98098  30.608  28.027  29.818 0.2000000030
98822  30.582  28.118  28.114 0.2000000030
98818  30.941  28.344  29.028 0.2000000030
98827  31.125  28.413  27.361 0.2000000030
98832  31.733  28.707  26.583 0.2000000030
96803  40.068  25.919  27.580 0.4000000060
99588  32.481  29.230  26.181 0.2000000030
99596  32.759  29.103  25.349 0.2000000030
96815  40.286  25.476  26.324 0.4000000060
123124  33.239  29.656  25.131 0.2000000030
100401  33.677  29.984  24.552 0.2000000030
97483  39.756  26.073  25.693 0.4000000060
97491  39.395  26.916  25.302 0.4000000060
99618  34.384  29.693  23.647 0.2000000030
116221  38.834  27.770  25.432 0.3000000119
98849  38.135  28.492  24.312 0.3000000119
100411  35.787  30.380  22.857 0.2000000030
100421  36.450  30.876  22.599 0.2000000030
98140  39.767  26.824  24.348 0.3000000119
98848  38.914  28.102  24.670 0.3000000119
100410  37.360  29.921  22.889 0.3000000119
97495  40.216  26.164  23.716 0.4000000060
98859  39.099  28.470  24.002 0.3000000119
99614  38.736  29.688  23.294 0.3000000119
100409  38.055  30.179  22.844 0.3000000119
100420  37.269  30.577  22.618 0.3000000119
126528  39.374  29.091  23.656 0.3000000119
126844  43.739  23.620  18.799 0.2000000030
95441  43.096  23.760  18.439 0.2000000030
95459  41.431  24.099  17.775 0.2000000030
95460  40.570  24.152  17.430 0.2000000030
95461  39.694  24.036  17.147 0.2000000030
117273  38.934  24.210  17.860 0.2000000030
117092  43.684  23.672  18.139 0.2000000030
95458  42.370  23.966  17.940 0.2000000030
95479  41.276  24.117  16.876 0.2000000030
95480  40.380  23.879  16.398 0.2000000030
132208  38.971  23.834  16.946 0.2000000030
95457  43.223  23.818  17.654 0.2000000030
115817  41.316  23.922  15.996 0.2000000030
95495  40.633  23.649  15.390 0.2000000030
95481  39.389  23.608  16.355 0.2000000030
95509  39.992  23.242  14.650 0.2000000030
94742  42.460  22.794  12.792 0.2000000030
95520  41.138  23.205  13.603 0.2000000030
94744  40.452  22.604  12.780 0.2000000030
93953  46.055  20.703  12.353 0.4000000060
94752  44.963  21.869  12.387 0.3000000119
94753  43.978  22.140  12.072 0.2000000030
94743  41.453  22.673  12.756 0.2000000030
93967  44.120  20.955  10.961 0.2000000030
93956  43.294  21.343  11.268 0.2000000030
94767  42.222  21.585  11.288 0.2000000030
98094  31.139  27.915  30.584 0.2000000030
98095  30.367  27.592  30.521 0.2000000030
98821  31.337  28.574  28.272 0.2000000030
96113  40.835  25.199  27.306 0.4000000060
96128  40.837  24.848  26.302 0.5000000000
100413  34.558  30.311  23.587 0.2000000030
96147  40.669  24.882  25.662 0.5000000000
100412  35.150  30.701  23.134 0.2000000030
96144  44.348  23.920  25.682 0.5000000000
96826  40.320  25.318  25.203 0.5000000000
126356  40.002  25.963  24.608 0.5000000000
96172  41.066  24.600  24.193 0.5000000000
137971  40.282  25.630  23.983 0.5000000000
98150  40.168  27.004  23.632 0.3000000119
98151  39.640  27.679  24.097 0.3000000119
96833  40.564  25.448  23.462 0.4000000060
135289  40.514  25.987  23.055 0.4000000060
133581  39.971  28.352  23.764 0.3000000119
99613  40.324  29.087  23.706 0.3000000119
98149  40.623  27.357  23.126 0.4000000060
98858  40.456  27.771  23.584 0.3000000119
98857  41.202  28.133  23.409 0.3000000119
135669  41.952  24.089  17.219 0.2000000030
116064  43.485  23.739  16.849 0.2000000030
115248  42.662  23.973  17.037 0.2000000030
95478  42.033  24.020  16.478 0.2000000030
95494  41.468  23.703  15.172 0.2000000030
95506  42.504  23.502  14.453 0.2000000030
95507  41.703  23.501  14.408 0.2000000030
94739  45.334  22.391  13.322 0.3000000119
94741  43.450  22.786  12.884 0.2000000030
93134  47.381  20.338  12.014 0.4000000060
93944  45.757  21.500  12.770 0.3000000119
98826  31.796  28.946  27.608 0.2000000030
96127  41.301  24.677  26.623 0.5000000000
99583  32.374  29.354  27.059 0.2000000030
123813  41.305  24.507  25.741 0.5000000000
99595  33.080  29.708  25.817 0.2000000030
100388  33.560  30.220  25.428 0.2000000030
116792  42.924  24.077  26.105 0.5000000000
100387  34.052  30.723  24.986 0.2000000030
96146  42.190  24.231  25.467 0.5000000000
101148  34.724  31.052  23.711 0.2000000030
100422  35.746  31.182  22.776 0.2000000030
96156  41.545  24.406  24.816 0.5000000000
101147  35.285  31.491  23.273 0.2000000030
101153  36.348  31.715  22.660 0.2000000030
115246  44.652  23.975  24.748 0.6000000238
96168  44.868  24.269  23.841 0.5000000000
115802  41.748  24.444  24.145 0.5000000000
96171  41.470  24.651  23.575 0.5000000000
96183  41.884  24.757  22.897 0.5000000000
96832  41.093  25.018  23.056 0.5000000000
96846  40.815  25.632  22.709 0.4000000060
96844  42.298  25.077  22.216 0.5000000000
96857  41.729  25.634  21.700 0.4000000060
97498  40.983  25.891  22.023 0.4000000060
97499  40.646  26.229  22.460 0.4000000060
98153  40.536  26.940  22.291 0.4000000060
96856  42.720  25.470  21.565 0.5000000000
97505  41.197  26.323  21.396 0.4000000060
97506  40.743  26.487  21.859 0.4000000060
98867  41.014  27.874  22.772 0.4000000060
127852  41.774  28.733  23.760 0.3000000119
98872  40.801  28.235  21.741 0.4000000060
98856  41.931  28.600  23.383 0.3000000119
95476  43.779  23.609  16.067 0.2000000030
95477  42.895  23.885  16.106 0.2000000030
94703  44.515  23.209  15.938 0.2000000030
95493  42.101  23.848  15.663 0.2000000030
94719  44.828  23.017  15.068 0.2000000030
95505  43.397  23.465  14.648 0.2000000030
117618  42.112  23.681  14.997 0.2000000030
94732  44.769  23.018  13.990 0.2000000030
95504  44.205  23.272  14.555 0.2000000030
121553  46.681  21.601  13.932 0.3000000119
115226  42.988  24.062  25.129 0.5000000000
96145  43.566  23.974  25.659 0.5000000000
96155  42.339  24.264  24.561 0.5000000000
115245  43.774  23.981  24.886 0.5000000000
118425  43.143  24.178  24.267 0.5000000000
96170  42.393  24.447  23.656 0.5000000000
101792  35.774  31.871  22.931 0.2000000030
101791  36.296  32.467  23.089 0.1000000015
96169  43.362  24.428  23.453 0.5000000000
96181  43.610  24.689  22.751 0.5000000000
96843  43.266  25.002  22.147 0.5000000000
96855  43.717  25.440  21.482 0.5000000000
135201  43.153  25.785  21.002 0.4000000060
97504  42.150  26.049  20.953 0.4000000060
97510  41.377  26.808  20.704 0.4000000060
98157  40.737  27.093  21.340 0.4000000060
96866  44.038  25.900  20.672 0.3000000119
98160  41.008  27.699  20.500 0.4000000060
98161  40.670  27.818  21.205 0.4000000060
99622  41.792  28.614  22.646 0.3000000119
98159  41.779  27.205  20.024 0.4000000060
98876  40.863  28.439  20.819 0.4000000060
99627  41.345  29.024  21.406 0.4000000060
117641  43.993  24.153  24.041 0.5000000000
134434  44.212  24.514  23.201 0.5000000000
96842  44.388  24.976  22.190 0.5000000000
96854  44.615  25.531  21.289 0.5000000000
96865  44.931  25.870  20.662 0.3000000119
98177  42.202  27.834  18.724 0.4000000060
98167  41.493  27.942  19.529 0.4000000060
96900  46.395  25.652  16.479 0.4000000060
130111  45.442  25.025  22.205 0.5000000000
128073  45.853  25.338  21.534 0.5000000000
96853  45.425  25.593  21.028 0.5000000000
133770  45.674  25.887  20.258 0.3000000119
136078  46.313  25.748  20.213 0.4000000060
97515  45.493  26.195  19.465 0.4000000060
97477  30.030  26.040  26.989 0.3000000119
93050  44.120  20.231  25.104 0.2000000030
94593  44.394  22.201  23.298 0.1000000015
95456  44.013  23.597  17.520 0.2000000030
94731  45.506  22.564  14.391 0.3000000119
93127  46.921  20.614  12.582 0.3000000119
93954  45.296  20.905  12.044 0.2000000030
91436  32.978  17.944  37.487 0.1000000015
123713  33.507  18.277  38.710 0.1000000015
96793  28.300  25.567  28.489 0.2000000030
94617  42.183  22.685  21.678 0.1000000015
93739  31.631  21.711  32.499 0.2000000030
98107  29.689  27.152  27.997 0.3000000119
95409  41.886  23.466  20.013 0.2000000030
98144  35.675  27.599  24.590 0.2000000030
122730  37.121  28.586  23.907 0.2000000030
97484  39.292  26.751  26.208 0.4000000060
99615  37.905  29.528  23.295 0.3000000119
98860  38.511  29.036  23.692 0.3000000119
95496  39.745  23.424  15.575 0.2000000030
95482  38.592  23.309  16.377 0.2000000030
116279  39.302  22.493  13.799 0.2000000030
93946  38.200  21.753  13.061 0.2000000030
94757  39.547  22.096  12.142 0.2000000030
95521  40.260  22.974  13.715 0.2000000030
94755  41.849  22.155  11.939 0.2000000030
96827  39.591  26.281  26.765 0.4000000060
100414  34.064  29.986  23.908 0.2000000030
98141  39.300  27.484  24.770 0.3000000119
95518  42.980  23.254  13.688 0.2000000030
93955  44.486  21.236  11.598 0.2000000030
100400  34.237  30.566  24.183 0.2000000030
96157  40.812  24.690  24.937 0.5000000000
125549  40.491  25.132  24.250 0.5000000000
134143  40.854  24.873  23.662 0.5000000000
118567  40.500  26.572  23.057 0.4000000060
125767  40.952  28.459  23.704 0.3000000119
94740  44.416  22.628  13.077 0.2000000030
94738  46.079  21.970  13.680 0.2000000030
99587  33.019  29.765  26.655 0.2000000030
101790  37.003  32.254  22.660 0.1000000015
96182  42.803  24.681  22.829 0.5000000000
96845  41.437  25.315  22.407 0.4000000060
98868  40.588  27.545  21.831 0.4000000060
95491  44.026  23.402  15.302 0.2000000030
95492  42.733  23.693  15.231 0.2000000030
137658  42.214  26.603  20.358 0.3000000119
96841  45.139  25.308  21.659 0.5000000000
129553  25.724  18.837  28.683 0.1000000015
91525  25.790  18.124  28.518 0.1000000015
122092  29.794  16.770  27.409 0.2000000030
122777  31.296  16.051  27.463 0.2000000030
120404  31.799  16.926  27.449 0.2000000030
91524  26.276  18.629  28.144 0.1000000015
92246  26.099  19.275  28.322 0.1000000015
90820  26.322  17.941  28.036 0.1000000015
90836  27.630  17.462  27.516 0.1000000015
122091  28.932  16.773  27.382 0.2000000030
121232  30.760  16.826  27.436 0.2000000030
90833  30.267  17.596  27.322 0.2000000030
119378  31.212  17.702  27.357 0.2000000030
92264  33.647  19.262  27.053 0.3000000119
91540  33.266  18.620  27.288 0.2000000030
91546  27.044  18.266  27.675 0.1000000015
91545  27.665  19.017  27.437 0.1000000015
127126  28.060  18.242  27.391 0.1000000015
90054  28.103  16.764  27.441 0.2000000030
90835  28.525  17.505  27.381 0.2000000030
90834  29.376  17.538  27.315 0.2000000030
91542  30.692  18.413  27.157 0.2000000030
91543  29.806  18.328  27.133 0.2000000030
91541  31.600  18.523  27.149 0.1000000015
92271  26.804  19.295  27.811 0.1000000015
126172  28.463  18.980  27.178 0.1000000015
91544  28.937  18.276  27.212 0.2000000030
92267  30.204  18.974  26.924 0.1000000015
91550  31.019  19.292  26.864 0.1000000015
93733  32.874  21.339  33.007 0.1000000015
94504  33.652  21.675  34.466 0.1000000015
93726  34.170  21.409  33.516 0.1000000015
94493  34.312  22.066  35.025 0.1000000015
93737  33.716  21.637  32.679 0.1000000015
94503  34.886  21.491  33.876 0.1000000015
119627  31.558  27.649  31.317 0.1000000015
118939  32.941  26.466  33.323 0.1000000015
98086  31.949  27.321  32.049 0.1000000015
98085  32.825  27.483  32.203 0.1000000015
98093  31.991  28.112  30.765 0.1000000015
98808  33.093  28.206  31.015 0.1000000015
98817  32.312  28.748  29.413 0.1000000015
98816  33.134  28.916  29.749 0.1000000015
99574  32.809  29.230  28.934 0.1000000015
99582  33.131  29.749  27.550 0.1000000015
99578  33.338  29.662  28.446 0.1000000015
100366  33.820  30.152  28.008 0.1000000015
100371  33.634  30.245  27.150 0.1000000015
100365  34.260  30.671  27.609 0.1000000015
100370  34.128  30.755  26.763 0.1000000015
101129  34.513  31.341  25.436 0.1000000015
120585  39.632  29.841  23.398 0.2000000030
99612  41.298  29.126  23.900 0.2000000030
100419  38.100  31.126  22.540 0.2000000030
100408  38.935  30.449  22.859 0.2000000030
101146  39.833  30.669  23.020 0.2000000030
97509  44.787  26.240  20.065 0.2000000030
97503  43.063  26.254  20.455 0.2000000030
99606  42.190  29.267  24.122 0.2000000030
100407  40.554  29.936  23.606 0.2000000030
97516  44.475  26.516  19.170 0.2000000030
115340  43.829  26.416  19.935 0.2000000030
97527  44.421  26.665  18.130 0.3000000119
97517  43.586  26.726  19.328 0.3000000119
98166  42.209  27.367  19.403 0.2000000030
100406  41.491  29.965  23.974 0.2000000030
96892  45.919  26.024  17.973 0.3000000119
99611  42.623  29.147  23.890 0.3000000119
98165  42.966  27.176  19.041 0.3000000119
99621  43.017  29.251  23.313 0.2000000030
97531  44.291  26.882  17.337 0.3000000119
97532  43.767  27.121  17.775 0.3000000119
98188  42.603  28.156  17.927 0.3000000119
99626  42.498  29.478  22.149 0.3000000119
98878  41.301  28.754  19.399 0.3000000119
99631  42.162  29.784  20.979 0.3000000119
99620  44.431  29.749  23.480 0.3000000119
99625  43.848  29.880  22.474 0.3000000119
99605  43.141  29.564  24.379 0.3000000119
117197  43.681  29.532  24.093 0.3000000119
99604  44.042  29.763  24.582 0.3000000119
99610  44.761  29.691  24.310 0.3000000119
97526  45.279  26.340  18.537 0.3000000119
97538  45.868  26.114  15.996 0.3000000119
124973  32.464  18.576  27.197 0.2000000030
91538  34.906  18.706  27.644 0.4000000060
98814  31.582  28.382  29.873 0.1000000015
132804  31.642  28.605  29.030 0.1000000015
98820  32.060  28.930  28.553 0.1000000015
101152  37.121  31.429  22.511 0.1000000015
99579  32.566  29.343  28.023 0.1000000015
100377  34.034  30.798  25.878 0.1000000015
100378  33.540  30.282  26.280 0.1000000015
101141  34.558  31.249  24.535 0.1000000015
118683  41.060  28.430  20.050 0.3000000119
99632  41.280  29.256  20.222 0.3000000119
115988  33.132  21.426  33.781 0.1000000015
93732  33.978  21.399  32.936 0.1000000015
94492  35.676  21.697  34.430 0.1000000015
98090  32.493  27.837  31.426 0.1000000015
97433  32.391  26.924  32.734 0.1000000015
135960  32.576  28.153  30.897 0.1000000015
98813  32.629  28.424  30.316 0.1000000015
99577  34.024  30.060  28.846 0.1000000015
97518  42.822  26.794  19.796 0.2000000030
97528  43.723  26.880  18.615 0.3000000119
118726  40.695  30.963  23.287 0.2000000030
97530  45.019  26.465  17.387 0.3000000119
100399  42.481  30.012  24.435 0.1000000015
98178  41.650  28.402  18.925 0.2000000030
97551  46.297  26.412  15.504 0.2000000030
98176  43.092  27.466  18.252 0.2000000030
98882  41.943  28.611  18.328 0.2000000030
99639  41.949  29.469  18.362 0.2000000030
99637  41.597  29.507  19.226 0.2000000030
98186  43.883  27.353  16.984 0.2000000030
97539  45.223  26.586  16.354 0.2000000030
97540  44.530  26.990  16.646 0.2000000030
120187  42.079  30.121  18.955 0.2000000030
99636  42.206  30.164  19.879 0.2000000030
115712  46.833  26.778  15.156 0.2000000030
100398  43.743  30.096  24.923 0.2000000030
100430  43.309  30.341  20.737 0.2000000030
97552  45.578  26.792  15.749 0.2000000030
98193  43.528  28.033  16.785 0.2000000030
98901  43.302  28.826  16.855 0.2000000030
126954  43.443  30.565  19.987 0.2000000030
100426  44.580  30.339  21.525 0.2000000030
98914  47.340  28.521  15.538 0.2000000030
99673  47.853  29.417  15.662 0.2000000030
100465  47.272  30.110  15.918 0.2000000030
100397  44.887  29.885  24.956 0.2000000030
99657  43.702  29.291  16.661 0.2000000030
99644  43.137  29.710  17.098 0.2000000030
98191  44.911  27.219  16.051 0.2000000030
135674  42.776  29.104  17.271 0.2000000030
100442  42.924  30.300  17.658 0.2000000030
100434  42.885  30.575  19.220 0.2000000030
100429  44.450  30.627  20.558 0.2000000030
98205  46.125  27.157  15.439 0.2000000030
125529  46.959  27.631  15.359 0.2000000030
99674  46.756  29.180  15.750 0.2000000030
99654  46.214  29.872  16.080 0.2000000030
101179  45.237  31.227  16.932 0.2000000030
101171  45.107  31.480  17.680 0.2000000030
100450  46.689  30.796  16.307 0.2000000030
101178  46.194  31.425  16.773 0.2000000030
100464  48.387  30.347  15.805 0.2000000030
100449  47.785  31.056  16.110 0.2000000030
101169  46.874  32.045  17.298 0.2000000030
99672  48.980  29.618  15.540 0.2000000030
93996  44.467  21.346  9.711 0.2000000030
124458  41.778  21.692  10.233 0.2000000030
98192  44.254  27.655  16.429 0.2000000030
98900  44.052  28.513  16.390 0.2000000030
100438  42.607  30.340  18.325 0.2000000030
100433  44.206  30.880  19.660 0.2000000030
129639  45.427  27.516  15.747 0.2000000030
98206  44.760  27.933  16.021 0.2000000030
98915  46.222  28.160  15.648 0.2000000030
100451  45.674  30.584  16.478 0.2000000030
101166  45.186  31.559  18.691 0.2000000030
101170  45.961  31.758  17.474 0.2000000030
101165  45.930  31.957  18.504 0.2000000030
101177  47.270  31.636  16.645 0.2000000030
100448  48.876  31.197  16.074 0.2000000030
101176  48.322  31.813  16.535 0.2000000030
101817  47.907  32.399  17.233 0.2000000030
93997  42.888  21.697  9.575 0.2000000030
93999  41.590  21.929  10.106 0.2000000030
100441  43.553  30.605  17.403 0.2000000030
125191  43.424  30.856  18.771 0.2000000030
99656  44.386  29.423  16.432 0.2000000030
100453  43.899  30.098  16.817 0.2000000030
100437  43.387  30.860  18.082 0.2000000030
98916  44.892  28.757  16.098 0.2000000030
101167  44.294  31.162  18.771 0.2000000030
99675  45.764  28.972  15.923 0.2000000030
101172  44.219  31.204  17.906 0.2000000030
101802  45.146  31.992  20.167 0.2000000030
100440  44.363  30.964  17.176 0.2000000030
101160  45.739  32.218  19.376 0.2000000030
100452  44.745  30.370  16.637 0.2000000030
101812  46.673  32.322  18.168 0.2000000030
94785  43.769  22.028  9.231 0.2000000030
95570  43.888  22.620  8.861 0.2000000030
95557  43.301  23.023  9.052 0.2000000030
122714  47.914  33.028  17.998 0.2000000030
101809  48.704  32.953  17.438 0.2000000030
94805  45.761  22.753  7.741 0.2000000030
101174  49.882  32.076  16.096 0.2000000030
122250  49.338  32.574  16.676 0.2000000030
95569  44.578  22.931  8.000 0.2000000030
95558  42.333  22.799  9.573 0.2000000030
123448  44.171  24.848  8.561 0.2000000030
138807  43.509  24.599  9.195 0.2000000030
124393  42.952  24.867  9.746 0.2000000030
101811  47.243  32.920  18.492 0.2000000030
99696  49.700  30.297  13.425 0.2000000030
100494  49.878  31.108  13.623 0.2000000030
101821  50.039  32.237  14.280 0.2000000030
101819  50.072  32.760  14.914 0.2000000030
102426  49.709  33.366  15.426 0.2000000030
101816  49.318  33.159  16.947 0.2000000030
102415  48.285  33.975  18.249 0.2000000030
132862  47.727  33.574  18.512 0.2000000030
99712  49.386  29.522  13.236 0.2000000030
101182  50.366  31.953  14.815 0.2000000030
128131  50.165  32.241  15.481 0.2000000030
101815  49.805  32.794  16.019 0.2000000030
102414  48.756  33.594  17.618 0.2000000030
95579  47.106  24.124  7.421 0.2000000030
95582  45.435  23.098  7.464 0.2000000030
96283  44.405  23.815  8.127 0.2000000030
96286  46.530  24.328  6.749 0.2000000030
96965  44.972  24.563  7.493 0.2000000030
96273  43.726  23.885  8.821 0.2000000030
96973  47.227  25.546  6.117 0.2000000030
128289  46.473  25.828  6.457 0.2000000030
98935  48.406  29.283  13.303 0.2000000030
99697  48.797  30.096  13.407 0.2000000030
101209  49.426  31.711  13.812 0.2000000030
101822  49.157  32.975  14.277 0.2000000030
103042  49.399  33.945  14.951 0.2000000030
103039  49.419  34.013  15.930 0.2000000030
102421  49.225  33.801  16.976 0.2000000030
96963  47.526  25.039  7.291 0.2000000030
97615  47.689  26.118  6.488 0.2000000030
98232  47.479  27.178  12.774 0.2000000030
98222  47.078  27.950  13.180 0.2000000030
99698  47.615  29.747  13.532 0.2000000030
101210  48.528  31.513  13.767 0.2000000030
137593  47.643  33.393  14.460 0.2000000030
103047  48.872  34.375  14.650 0.2000000030
103043  48.990  34.845  15.336 0.2000000030
103686  48.633  35.499  16.379 0.2000000030
103675  48.038  35.462  18.167 0.2000000030
98946  48.266  27.975  12.955 0.2000000030
100496  48.059  30.652  13.604 0.2000000030
101823  48.298  32.872  14.281 0.2000000030
102433  48.573  33.800  14.437 0.2000000030
103699  48.478  35.141  14.755 0.2000000030
103040  48.996  34.578  16.687 0.2000000030
103030  48.725  34.248  17.704 0.2000000030
103031  48.219  34.656  18.328 0.2000000030
96281  47.237  24.445  8.081 0.2000000030
96964  47.406  25.431  8.007 0.2000000030
98936  48.014  28.559  13.214 0.2000000030
101211  47.363  31.160  13.934 0.2000000030
101824  46.968  32.579  14.407 0.2000000030
102434  47.543  34.193  14.580 0.1000000015
103700  48.011  35.715  14.580 0.2000000030
103691  48.320  35.914  15.181 0.1000000015
103687  48.233  35.921  17.372 0.2000000030
125444  46.753  25.742  8.888 0.2000000030
129414  47.284  28.862  13.403 0.2000000030
101194  46.638  31.647  14.272 0.2000000030
125844  46.635  33.418  14.659 0.1000000015
99699  46.294  29.220  13.663 0.2000000030
114867  45.495  33.458  14.855 0.2000000030
98233  46.380  27.161  12.770 0.2000000030
97592  46.254  25.616  9.814 0.2000000030
103692  45.385  36.327  15.002 0.2000000030
101825  45.743  32.673  14.664 0.2000000030
103703  45.235  35.274  15.064 0.2000000030
101826  44.670  32.717  14.773 0.2000000030
103050  45.282  34.318  14.973 0.2000000030
103693  44.312  35.688  15.157 0.2000000030
104922  45.173  38.062  14.568 0.2000000030
104321  44.142  37.022  14.862 0.2000000030
104314  44.469  36.516  15.043 0.2000000030
104923  44.290  37.832  14.478 0.2000000030
94795  44.557  22.349  8.598 0.2000000030
96285  46.919  24.160  6.895 0.2000000030
93983  42.970  21.267  9.949 0.2000000030
98187  43.281  27.747  17.459 0.2000000030
100427  43.237  30.029  21.574 0.2000000030
94786  42.151  21.990  9.669 0.2000000030
96282  44.997  23.573  7.511 0.2000000030
100495  49.148  30.953  13.518 0.2000000030
102432  49.224  33.522  14.520 0.2000000030
96293  47.138  24.801  6.421 0.2000000030
119772  45.982  24.837  6.814 0.2000000030
103674  48.543  35.072  17.579 0.2000000030
97606  47.915  26.122  7.130 0.2000000030
100497  46.847  30.262  13.790 0.2000000030
102435  46.414  34.265  14.819 0.1000000015
103048  48.256  34.834  14.538 0.2000000030
100478  46.179  30.791  14.187 0.2000000030
103049  47.293  35.172  14.657 0.1000000015
127110  45.931  32.030  14.480 0.2000000030
130838  46.189  35.047  14.907 0.2000000030
103702  46.212  35.816  14.859 0.1000000015
103044  44.097  34.502  15.042 0.2000000030
105476  45.634  38.719  14.663 0.1000000015
101904  40.626  32.285  3.485 0.1000000015
134942  41.480  32.414  2.851 0.1000000015
96907  26.420  25.410  16.595 0.1000000015
97547  27.144  26.709  16.782 0.1000000015
97548  26.558  26.252  16.387 0.1000000015
96224  25.883  24.835  16.104 0.1000000015
96913  26.124  25.700  15.953 0.1000000015
136827  39.899  31.470  8.678 0.1000000015
101266  39.508  31.515  8.269 0.1000000015
96230  25.692  24.575  15.278 0.1000000015
101265  40.289  31.510  8.271 0.1000000015
101277  40.038  31.745  7.434 0.1000000015
101278  39.136  31.521  7.478 0.1000000015
101267  38.789  31.460  8.042 0.1000000015
101276  41.040  31.645  7.690 0.1000000015
101862  40.768  32.171  6.805 0.1000000015
101287  39.629  31.709  5.952 0.1000000015
101283  39.413  31.599  6.742 0.1000000015
97618  45.687  26.656  7.001 0.1000000015
101866  40.323  32.253  6.011 0.1000000015
101291  39.966  31.944  5.002 0.1000000015
98276  45.183  27.523  7.428 0.1000000015
116742  41.623  32.040  7.108 0.1000000015
101865  40.973  32.705  6.123 0.1000000015
121028  40.102  31.904  3.933 0.1000000015
98995  45.727  28.381  6.942 0.1000000015
99789  44.425  29.493  7.551 0.1000000015
100580  42.448  30.667  7.834 0.1000000015
101871  40.997  33.099  4.682 0.1000000015
101887  40.536  32.495  4.356 0.1000000015
101315  40.757  31.707  2.935 0.1000000015
138488  45.323  29.999  7.134 0.1000000015
100579  43.721  30.124  7.588 0.1000000015
135701  43.135  30.564  7.611 0.1000000015
101274  42.861  31.182  7.424 0.1000000015
131187  41.414  32.588  6.632 0.1000000015
102494  41.530  33.543  5.183 0.1000000015
100578  44.763  30.451  7.304 0.1000000015
122324  43.979  31.077  7.341 0.1000000015
121280  43.455  31.927  7.242 0.1000000015
126533  42.475  31.903  7.215 0.1000000015
101861  42.212  32.699  6.828 0.1000000015
102513  41.541  33.589  4.056 0.1000000015
101886  41.047  32.962  3.692 0.1000000015
101859  44.064  32.954  7.302 0.1000000015
101860  42.992  32.550  7.154 0.1000000015
102493  42.113  34.012  5.783 0.1000000015
101314  41.823  31.374  2.610 0.1000000015
100605  40.976  30.678  2.740 0.1000000015
100604  42.334  30.336  2.517 0.1000000015
137592  31.071  21.662  21.428 0.1000000015
116506  30.472  21.706  20.941 0.1000000015
93874  29.868  21.598  20.224 0.1000000015
93885  28.456  21.667  19.758 0.1000000015
93893  28.821  22.021  19.037 0.1000000015
95468  28.057  23.440  17.715 0.1000000015
125387  28.017  24.732  17.484 0.1000000015
97545  29.801  27.131  17.180 0.1000000015
97534  29.441  26.429  17.370 0.1000000015
96896  27.776  25.584  17.333 0.1000000015
99658  33.528  29.558  16.134 0.1000000015
99659  32.619  29.403  16.350 0.1000000015
98198  30.252  27.762  16.901 0.1000000015
98199  29.303  27.915  16.926 0.1000000015
97546  27.916  27.005  17.174 0.1000000015
116563  36.301  31.384  13.248 0.1000000015
100484  35.548  30.760  14.703 0.1000000015
100467  33.930  31.011  15.205 0.1000000015
99678  32.909  30.220  16.040 0.1000000015
98906  30.580  28.453  16.702 0.1000000015
98200  28.292  27.757  16.848 0.1000000015
98201  27.399  27.502  16.565 0.1000000015
101226  37.947  31.316  11.943 0.1000000015
101227  37.197  31.489  12.270 0.1000000015
101199  35.945  31.159  14.010 0.1000000015
101201  34.142  31.322  14.371 0.1000000015
100470  31.470  30.578  15.770 0.1000000015
99682  29.485  29.731  16.029 0.1000000015
98909  27.740  28.292  16.262 0.1000000015
98202  26.738  27.081  16.155 0.1000000015
100550  39.868  30.910  10.621 0.1000000015
101248  39.288  31.400  10.046 0.1000000015
101239  38.183  31.459  11.122 0.1000000015
101241  36.477  31.581  11.839 0.1000000015
101203  32.533  31.463  14.270 0.1000000015
133600  29.877  30.234  15.737 0.1000000015
124540  28.757  29.671  15.821 0.1000000015
98921  27.360  28.671  15.542 0.1000000015
97555  26.375  26.481  15.671 0.1000000015
101258  39.517  31.456  9.148 0.1000000015
101259  38.669  31.524  9.497 0.1000000015
101250  37.629  31.524  10.573 0.1000000015
101251  36.786  31.456  10.883 0.1000000015
98210  26.569  27.311  15.334 0.1000000015
101257  40.283  31.312  8.987 0.1000000015
101268  38.083  31.319  8.221 0.1000000015
134393  37.500  31.251  9.308 0.1000000015
96975  45.387  25.657  7.259 0.1000000015
101279  38.301  31.210  7.491 0.1000000015
97617  46.579  26.793  6.424 0.1000000015
100581  41.708  30.942  8.131 0.1000000015
101284  38.925  31.182  6.106 0.1000000015
98994  46.631  28.248  6.538 0.1000000015
96966  44.178  25.965  8.710 0.1000000015
97608  44.772  26.549  7.938 0.1000000015
101275  41.984  31.327  7.519 0.1000000015
101292  39.592  31.260  4.233 0.1000000015
99801  47.619  29.255  6.786 0.1000000015
99787  47.220  30.038  7.019 0.1000000015
99802  46.724  29.191  6.689 0.1000000015
99788  46.293  30.112  6.827 0.1000000015
132242  44.675  28.465  7.678 0.1000000015
101301  40.076  31.225  3.319 0.1000000015
129901  40.342  31.819  3.396 0.1000000015
100577  46.526  30.949  7.020 0.1000000015
134745  45.763  30.637  6.961 0.1000000015
99790  43.507  29.457  8.101 0.1000000015
99791  42.939  30.054  8.024 0.1000000015
132657  45.696  32.144  7.364 0.1000000015
129502  44.648  32.061  7.385 0.1000000015
102473  44.957  33.739  7.942 0.1000000015
102478  43.329  34.204  6.871 0.1000000015
102479  42.479  33.653  6.526 0.1000000015
102528  41.876  33.290  3.091 0.1000000015
101919  42.546  32.706  2.668 0.1000000015
99829  41.748  29.629  2.631 0.1000000015
102474  44.088  33.991  7.369 0.1000000015
103089  43.735  35.007  6.864 0.1000000015
103090  42.891  34.456  6.261 0.1000000015
103116  42.766  34.662  5.329 0.1000000015
103132  43.014  34.723  4.095 0.1000000015
102541  43.125  33.413  2.762 0.1000000015
128151  42.725  31.897  2.524 0.1000000015
99828  43.950  28.159  2.240 0.1000000015
117755  43.105  29.235  2.421 0.1000000015
94652  32.758  22.584  20.413 0.1000000015
94653  31.941  22.344  20.140 0.1000000015
133242  31.253  22.084  19.775 0.1000000015
93873  30.624  21.814  19.981 0.1000000015
93883  30.118  21.760  19.374 0.1000000015
93884  29.353  21.694  19.581 0.1000000015
94662  32.459  22.474  19.640 0.1000000015
94663  31.746  22.235  19.095 0.1000000015
94664  30.858  21.955  19.076 0.1000000015
93892  29.642  21.975  18.900 0.1000000015
94678  29.167  22.403  18.432 0.1000000015
95432  35.573  23.696  19.439 0.1000000015
95451  34.240  22.824  18.796 0.1000000015
94694  28.640  22.888  18.015 0.1000000015
139119  36.913  24.049  18.509 0.1000000015
95450  35.012  23.077  18.708 0.1000000015
95467  29.045  23.558  17.646 0.1000000015
95445  39.674  24.157  18.693 0.1000000015
95446  37.906  23.995  17.808 0.1000000015
95447  37.134  23.784  17.888 0.1000000015
96212  29.747  24.180  17.412 0.1000000015
96213  28.885  24.460  17.500 0.1000000015
116535  39.909  24.221  17.909 0.1000000015
95462  38.257  23.665  17.079 0.1000000015
97533  30.045  25.730  17.274 0.1000000015
137771  29.238  25.749  17.441 0.1000000015
98196  32.545  27.778  16.623 0.1000000015
97544  30.749  26.937  17.002 0.1000000015
99677  34.486  29.750  15.749 0.1000000015
98903  33.211  28.559  16.432 0.1000000015
98904  32.230  28.588  16.565 0.1000000015
101213  37.030  31.282  13.056 0.1000000015
100483  36.700  30.877  13.749 0.1000000015
100535  38.733  30.970  11.673 0.1000000015
100518  37.704  31.019  12.727 0.1000000015
100502  37.424  30.634  13.463 0.1000000015
101247  40.119  31.142  9.773 0.1000000015
101238  39.016  31.241  10.866 0.1000000015
101229  35.020  31.445  12.588 0.1000000015
117253  33.777  31.443  13.464 0.1000000015
101204  31.709  31.385  14.797 0.1000000015
100471  29.956  30.801  15.309 0.1000000015
99684  27.603  29.326  15.297 0.1000000015
100564  40.859  30.852  9.392 0.1000000015
116952  35.663  31.517  11.982 0.1000000015
101230  34.179  31.406  12.821 0.1000000015
101217  32.245  31.493  13.470 0.1000000015
100486  30.145  31.223  14.687 0.1000000015
99683  28.158  29.868  15.346 0.1000000015
100572  40.976  31.216  8.580 0.1000000015
101261  37.088  31.291  9.960 0.1000000015
100551  36.269  30.926  10.337 0.1000000015
100571  41.564  30.576  8.914 0.1000000015
100563  41.418  30.217  9.720 0.1000000015
100587  39.179  31.066  5.200 0.1000000015
100584  38.056  30.579  6.951 0.1000000015
100582  37.525  30.477  7.778 0.1000000015
119856  37.425  30.959  8.618 0.1000000015
136465  47.688  27.056  6.405 0.1000000015
98285  47.921  27.901  6.509 0.1000000015
100588  38.576  30.466  5.768 0.1000000015
99772  47.848  29.468  7.043 0.1000000015
98265  44.430  27.544  8.214 0.1000000015
99774  42.789  29.500  8.718 0.1000000015
99775  42.087  29.888  9.239 0.1000000015
100598  39.612  30.504  3.790 0.1000000015
100591  39.249  30.484  4.477 0.1000000015
101271  46.643  31.342  7.479 0.1000000015
98266  43.949  28.222  8.429 0.1000000015
138024  42.912  28.979  9.073 0.1000000015
101272  46.249  31.766  7.307 0.1000000015
102472  45.792  33.328  8.152 0.1000000015
119774  40.854  29.821  2.824 0.1000000015
103079  44.929  34.813  8.062 0.1000000015
103080  44.108  34.728  7.340 0.1000000015
102540  45.877  33.012  2.471 0.1000000015
124586  44.660  33.049  2.632 0.1000000015
101917  45.746  32.214  2.308 0.1000000015
116311  45.803  31.177  2.302 0.1000000015
101324  46.127  30.552  2.172 0.1000000015
99830  41.341  28.939  2.825 0.1000000015
99823  39.821  29.502  3.890 0.1000000015
103115  43.511  35.206  6.062 0.1000000015
103131  43.532  35.258  5.075 0.1000000015
123597  43.909  35.143  4.284 0.1000000015
103145  44.131  34.643  3.586 0.1000000015
137455  43.864  33.646  2.872 0.1000000015
101918  44.140  32.156  2.461 0.1000000015
101311  45.875  30.196  2.346 0.1000000015
103781  44.324  35.887  5.956 0.1000000015
103793  44.530  35.625  4.940 0.1000000015
103803  45.102  35.184  3.902 0.1000000015
99840  44.640  29.028  1.819 0.1000000015
118275  40.995  28.317  3.205 0.1000000015
99050  40.412  28.140  3.919 0.1000000015
99062  44.335  27.895  1.957 0.1000000015
116035  42.638  28.278  2.488 0.1000000015
99064  42.764  27.101  2.314 0.1000000015
97655  42.656  26.573  1.954 0.1000000015
94661  33.273  22.758  19.696 0.1000000015
94674  32.600  22.363  18.823 0.1000000015
94675  31.318  22.175  18.430 0.1000000015
94676  30.695  22.253  18.368 0.1000000015
94677  29.961  22.313  18.343 0.1000000015
131427  34.544  22.602  18.160 0.1000000015
94672  33.822  22.316  18.022 0.1000000015
94690  32.891  22.062  17.821 0.1000000015
94691  32.068  22.074  17.230 0.1000000015
119595  31.304  22.390  17.727 0.1000000015
94692  30.429  22.690  17.866 0.1000000015
95466  30.064  23.360  17.558 0.1000000015
94693  29.557  22.834  17.936 0.1000000015
95448  36.472  23.612  18.125 0.1000000015
95465  35.979  23.109  17.746 0.1000000015
94706  34.893  22.052  16.686 0.1000000015
126745  33.549  21.943  17.173 0.1000000015
93903  32.851  21.998  16.977 0.1000000015
96222  31.176  24.547  16.847 0.1000000015
95463  37.403  23.350  17.161 0.1000000015
94705  36.694  22.455  16.365 0.1000000015
94688  35.864  22.541  17.059 0.1000000015
96904  31.727  25.325  16.685 0.1000000015
96893  30.335  24.807  17.182 0.1000000015
95483  37.789  22.924  16.436 0.1000000015
133875  34.201  26.681  15.971 0.1000000015
97542  32.210  26.153  16.587 0.1000000015
96905  30.887  25.454  16.986 0.1000000015
118853  34.739  27.118  15.724 0.1000000015
98194  34.094  27.386  16.168 0.1000000015
118976  32.765  26.912  16.558 0.1000000015
97543  31.802  27.091  16.753 0.1000000015
116505  36.900  28.232  14.862 0.1000000015
98917  36.356  28.564  15.176 0.1000000015
98919  34.896  28.970  15.811 0.1000000015
98902  34.159  28.861  16.126 0.1000000015
99704  38.351  29.626  13.611 0.1000000015
99689  37.808  29.363  14.148 0.1000000015
99690  37.157  30.111  14.184 0.1000000015
99692  35.906  30.067  15.082 0.1000000015
118434  39.663  29.402  12.790 0.1000000015
100516  39.267  30.285  12.279 0.1000000015
100501  38.122  30.340  13.189 0.1000000015
99745  40.922  29.710  10.917 0.1000000015
100533  40.333  30.224  11.189 0.1000000015
99729  40.040  29.927  12.008 0.1000000015
100534  39.572  30.623  11.458 0.1000000015
99744  41.514  29.157  10.729 0.1000000015
99727  41.071  29.113  11.343 0.1000000015
100549  40.713  30.450  10.298 0.1000000015
100548  41.300  29.835  10.350 0.1000000015
101252  35.821  31.204  11.191 0.1000000015
98247  42.604  27.383  10.391 0.1000000015
98964  42.498  28.287  10.151 0.1000000015
99743  42.097  28.931  10.284 0.1000000015
100573  36.913  30.694  9.199 0.1000000015
100565  36.465  30.603  9.673 0.1000000015
99759  41.854  29.550  10.010 0.1000000015
99776  36.875  29.954  8.538 0.1000000015
118859  47.968  27.171  7.374 0.1000000015
98982  48.112  28.803  7.121 0.1000000015
123097  43.602  25.457  9.289 0.1000000015
96959  43.063  25.919  9.925 0.1000000015
97600  43.127  26.883  9.917 0.1000000015
98257  43.038  27.731  9.695 0.1000000015
132340  42.474  29.096  9.550 0.1000000015
99803  38.078  29.904  6.408 0.1000000015
100585  37.688  29.832  7.215 0.1000000015
99773  47.636  29.365  7.710 0.1000000015
97599  43.619  26.415  9.353 0.1000000015
98976  42.948  28.485  9.349 0.1000000015
99021  38.962  28.797  5.343 0.1000000015
99812  38.471  29.677  5.713 0.1000000015
100569  47.081  30.795  7.951 0.1000000015
98975  43.468  28.027  9.049 0.1000000015
98984  43.360  28.800  8.689 0.1000000015
99817  39.275  29.596  4.563 0.1000000015
103169  46.262  34.174  1.785 0.1000000015
117508  46.139  32.595  2.095 0.1000000015
127394  45.901  32.524  1.649 0.1000000015
128605  44.773  32.750  0.828 0.1000000015
101945  44.399  31.937  0.659 0.1000000015
119845  39.641  28.476  4.598 0.1000000015
103144  46.289  34.625  3.192 0.1000000015
103158  46.061  33.718  2.747 0.1000000015
102539  46.245  33.346  2.169 0.1000000015
101932  46.045  31.713  2.163 0.1000000015
134102  45.563  31.671  1.487 0.1000000015
101332  45.352  30.807  1.179 0.1000000015
103744  44.704  35.461  7.665 0.1000000015
103757  44.505  35.797  6.963 0.1000000015
103792  45.807  35.803  4.729 0.1000000015
133301  46.296  35.352  3.923 0.1000000015
121256  45.372  34.353  3.281 0.1000000015
99049  41.104  27.326  3.427 0.1000000015
99853  44.096  29.289  0.824 0.1000000015
99852  45.077  29.388  1.334 0.1000000015
99048  41.733  27.776  2.782 0.1000000015
98338  43.823  27.384  2.203 0.1000000015
98319  41.804  26.650  2.677 0.1000000015
97645  41.361  26.069  2.814 0.1000000015
99085  43.826  27.746  1.563 0.1000000015
98362  43.110  27.169  1.650 0.1000000015
97656  42.065  26.147  2.221 0.1000000015
94709  32.503  22.351  16.747 0.1000000015
94710  31.668  22.594  16.975 0.1000000015
94711  30.923  23.070  17.354 0.1000000015
93914  34.286  21.752  16.085 0.1000000015
94708  33.274  22.145  16.384 0.1000000015
94724  32.977  22.723  16.272 0.1000000015
95484  32.231  23.123  16.571 0.1000000015
95485  31.426  23.547  16.842 0.1000000015
93912  35.924  21.698  15.424 0.1000000015
93913  35.050  21.766  15.726 0.1000000015
93926  34.699  21.844  15.457 0.1000000015
94722  34.464  22.181  15.304 0.1000000015
95498  34.056  23.140  15.337 0.1000000015
95499  33.383  23.120  15.839 0.1000000015
132088  32.873  23.624  16.207 0.1000000015
96220  33.019  24.589  16.140 0.1000000015
96221  32.147  24.294  16.523 0.1000000015
94720  38.206  22.685  15.773 0.1000000015
94704  37.416  22.274  15.710 0.1000000015
94721  36.759  21.800  15.465 0.1000000015
93936  36.105  21.735  14.530 0.1000000015
137235  34.836  22.049  14.847 0.1000000015
95511  34.836  22.723  14.808 0.1000000015
96237  34.636  23.666  14.950 0.1000000015
96228  34.231  24.247  15.321 0.1000000015
96229  33.738  24.904  15.757 0.1000000015
138447  33.263  25.377  16.149 0.1000000015
133191  37.167  21.717  15.072 0.1000000015
93948  36.740  21.638  14.168 0.1000000015
94748  36.635  21.850  13.856 0.1000000015
129590  36.527  22.375  13.791 0.1000000015
95510  35.857  23.850  14.286 0.1000000015
118513  35.583  24.539  14.490 0.1000000015
96920  35.336  25.253  14.820 0.1000000015
114740  35.416  26.711  15.293 0.1000000015
97554  34.660  26.267  15.562 0.1000000015
93947  37.384  21.784  13.395 0.1000000015
95522  37.055  22.978  13.221 0.1000000015
136969  36.973  23.720  13.431 0.1000000015
96930  36.883  24.388  13.632 0.1000000015
96919  36.745  25.345  14.069 0.1000000015
97562  36.756  26.342  14.491 0.1000000015
119417  36.895  27.375  14.720 0.1000000015
98207  35.431  27.591  15.521 0.1000000015
93945  38.598  21.868  12.295 0.1000000015
95528  38.172  22.861  12.013 0.1000000015
95529  37.660  22.781  12.498 0.1000000015
96929  37.470  25.072  13.425 0.1000000015
96928  38.256  25.736  13.360 0.1000000015
98216  38.422  27.664  13.993 0.1000000015
98927  38.124  28.549  14.187 0.1000000015
94770  38.866  22.198  12.089 0.1000000015
96249  38.662  23.475  11.908 0.1000000015
96248  38.747  24.386  12.171 0.1000000015
97568  39.003  26.409  13.258 0.1000000015
98225  39.267  27.806  13.564 0.1000000015
98939  39.549  28.546  13.334 0.1000000015
118411  38.477  29.050  13.922 0.1000000015
93970  40.701  21.969  11.110 0.1000000015
94769  39.353  22.375  11.959 0.1000000015
95538  39.079  22.828  11.732 0.1000000015
96260  39.183  23.799  11.658 0.1000000015
96937  39.677  24.927  12.076 0.1000000015
97581  40.580  26.523  12.498 0.1000000015
98237  40.596  27.899  12.549 0.1000000015
98949  40.807  28.683  12.011 0.1000000015
115662  41.702  21.572  10.674 0.1000000015
93985  41.195  21.938  10.471 0.1000000015
93986  40.553  22.283  10.925 0.1000000015
94779  39.779  22.704  11.288 0.1000000015
95537  40.080  23.029  11.065 0.1000000015
120085  40.046  23.939  11.331 0.1000000015
124749  41.143  25.546  11.727 0.1000000015
97589  41.116  26.369  12.119 0.1000000015
98954  41.395  28.515  11.372 0.1000000015
99728  40.598  29.482  11.633 0.1000000015
94778  41.030  22.244  10.467 0.1000000015
95549  40.877  22.683  10.460 0.1000000015
96268  41.312  23.657  10.470 0.1000000015
96947  41.032  24.530  11.149 0.1000000015
98965  41.917  28.426  10.790 0.1000000015
95559  41.534  22.315  10.053 0.1000000015
95548  41.571  22.962  10.027 0.1000000015
123123  41.741  24.576  10.700 0.1000000015
96954  41.700  25.393  11.157 0.1000000015
128595  41.626  26.251  11.520 0.1000000015
98248  42.203  27.799  10.793 0.1000000015
99760  36.378  29.621  9.301 0.1000000015
100566  35.889  30.050  9.873 0.1000000015
96267  42.224  23.963  10.111 0.1000000015
96953  42.357  25.329  10.492 0.1000000015
99792  37.390  28.874  8.100 0.1000000015
97594  42.563  26.451  10.502 0.1000000015
99804  38.045  28.799  7.265 0.1000000015
98973  47.190  28.477  8.352 0.1000000015
117177  38.478  28.746  6.323 0.1000000015
135010  39.444  27.584  5.252 0.1000000015
98998  37.989  27.595  8.011 0.1000000015
101264  46.827  31.387  7.878 0.1000000015
101854  46.482  31.971  7.761 0.1000000015
102560  44.975  33.502  1.066 0.1000000015
102561  43.666  33.839  0.456 0.1000000015
99022  39.107  27.391  6.232 0.1000000015
102469  45.543  34.379  8.559 0.1000000015
103143  46.680  34.908  2.841 0.1000000015
103168  46.537  34.694  2.207 0.1000000015
103819  43.852  35.766  0.807 0.1000000015
103832  43.065  35.250  0.243 0.1000000015
103183  42.951  34.671  0.106 0.1000000015
128707  43.308  33.067  0.418 0.1000000015
98296  39.466  26.613  5.498 0.1000000015
98286  39.123  26.541  6.247 0.1000000015
103756  45.360  36.554  6.920 0.1000000015
103780  45.411  36.298  5.762 0.1000000015
103791  46.982  35.759  4.509 0.1000000015
103801  47.212  35.577  3.140 0.1000000015
103818  46.101  35.201  1.737 0.1000000015
103199  42.268  34.976  -0.011 0.1000000015
124029  42.965  32.220  0.417 0.1000000015
104415  47.228  36.484  5.006 0.1000000015
103790  47.382  35.909  4.073 0.1000000015
98306  40.338  26.532  4.150 0.1000000015
100624  43.644  30.200  0.510 0.1000000015
100625  42.267  30.329  0.351 0.1000000015
99854  43.059  29.513  0.487 0.1000000015
134044  41.944  29.149  0.309 0.1000000015
99086  42.590  27.893  0.903 0.1000000015
116445  40.816  25.961  2.774 0.1000000015
98363  41.738  27.184  0.933 0.1000000015
98354  42.391  26.727  1.623 0.1000000015
97675  41.442  26.631  1.096 0.1000000015
97657  41.462  25.922  2.095 0.1000000015
97607  47.349  26.590  8.151 0.1000000015
98254  46.722  27.441  8.823 0.1000000015
99777  36.878  28.528  8.957 0.1000000015
98974  46.214  28.257  9.318 0.1000000015
98985  37.397  27.521  8.704 0.1000000015
98997  38.370  27.016  7.735 0.1000000015
98278  37.822  26.868  8.311 0.1000000015
101855  46.214  32.776  8.183 0.1000000015
104431  45.296  37.117  1.872 0.1000000015
131771  44.876  36.670  1.636 0.1000000015
104443  44.144  36.495  1.259 0.1000000015
138830  43.441  36.048  1.028 0.1000000015
103820  41.434  35.493  0.757 0.1000000015
103834  41.685  35.273  0.392 0.1000000015
115533  45.152  36.318  7.951 0.1000000015
104414  47.537  36.764  4.423 0.1000000015
104422  47.487  36.391  3.443 0.1000000015
104430  47.056  36.242  2.485 0.1000000015
104441  45.846  36.251  1.985 0.1000000015
103200  41.630  34.635  0.185 0.1000000015
138857  39.088  26.322  6.150 0.1000000015
104404  46.119  36.947  6.390 0.1000000015
126347  42.209  33.267  -0.047 0.1000000015
101334  42.632  31.294  0.318 0.1000000015
121005  39.440  26.382  4.233 0.1000000015
97631  39.134  26.241  5.785 0.1000000015
97638  40.090  26.363  4.298 0.1000000015
100640  41.414  30.261  0.150 0.1000000015
101335  41.501  31.292  0.102 0.1000000015
101946  41.910  32.330  0.109 0.1000000015
98308  38.457  26.717  4.449 0.1000000015
97648  39.436  26.521  3.081 0.1000000015
97658  40.547  26.216  1.769 0.1000000015
134520  40.941  29.726  -0.046 0.1000000015
99093  41.294  28.032  0.342 0.1000000015
97598  46.357  26.449  9.336 0.1000000015
100561  46.791  30.722  8.529 0.1000000015
98268  36.482  27.131  8.713 0.1000000015
101255  46.650  31.299  8.465 0.1000000015
101850  46.407  32.014  8.337 0.1000000015
98999  35.589  27.662  8.492 0.1000000015
104423  42.670  36.641  2.621 0.1000000015
104434  41.952  35.999  2.010 0.1000000015
104446  41.198  35.759  1.359 0.1000000015
103811  40.526  35.579  1.629 0.1000000015
98277  38.339  26.729  7.489 0.1000000015
98279  37.067  26.777  8.259 0.1000000015
103076  45.512  35.016  8.888 0.1000000015
104432  43.714  36.645  1.497 0.1000000015
104433  42.832  36.251  1.686 0.1000000015
104445  42.050  35.776  1.203 0.1000000015
103821  40.913  35.504  1.079 0.1000000015
103185  41.375  34.997  0.412 0.1000000015
98289  36.969  26.896  7.199 0.1000000015
99012  36.040  27.351  7.692 0.1000000015
104381  45.587  37.092  7.145 0.1000000015
105039  47.093  37.185  2.760 0.1000000015
105040  46.207  37.158  2.135 0.1000000015
98288  37.689  26.576  6.690 0.1000000015
104403  46.819  37.098  5.874 0.1000000015
105032  47.442  37.377  3.758 0.1000000015
102580  41.848  34.045  -0.119 0.1000000015
98297  37.704  26.668  5.743 0.1000000015
98298  36.963  27.139  6.085 0.1000000015
131514  47.458  37.578  4.630 0.1000000015
97632  38.494  26.414  5.425 0.1000000015
99011  36.198  27.742  6.411 0.1000000015
119863  41.264  32.259  -0.042 0.1000000015
126919  37.041  27.579  4.983 0.1000000015
99023  36.312  28.021  5.349 0.1000000015
101344  40.740  31.551  -0.303 0.1000000015
98309  37.824  26.957  4.944 0.1000000015
99051  36.644  27.914  4.136 0.1000000015
99038  35.630  28.379  4.558 0.1000000015
100641  40.832  30.581  -0.358 0.1000000015
98321  38.643  26.875  3.466 0.1000000015
98322  37.418  27.496  4.097 0.1000000015
99865  40.744  28.815  -0.230 0.1000000015
98364  40.693  27.099  0.394 0.1000000015
97669  39.709  26.738  1.049 0.1000000015
98341  38.589  27.114  2.389 0.1000000015
128142  46.734  29.284  8.738 0.1000000015
105043  43.509  37.114  2.093 0.1000000015
104435  40.989  35.921  2.194 0.1000000015
123242  45.171  35.637  8.343 0.1000000015
105041  45.404  38.172  1.790 0.1000000015
105042  44.363  37.873  1.917 0.1000000015
105604  46.452  37.948  2.219 0.1000000015
105023  47.305  37.296  5.296 0.1000000015
116925  35.326  28.371  6.560 0.1000000015
102581  41.358  33.849  0.173 0.1000000015
102563  41.015  34.577  0.516 0.1000000015
99024  35.537  28.459  5.520 0.1000000015
99039  34.731  28.566  4.600 0.1000000015
99052  35.843  28.155  3.730 0.1000000015
99094  40.356  27.933  -0.513 0.1000000015
97681  39.960  27.106  -0.156 0.1000000015
120430  37.315  27.569  3.140 0.1000000015
98323  36.595  27.846  3.401 0.1000000015
97680  40.091  27.243  -0.160 0.1000000015
97677  39.737  26.962  0.196 0.1000000015
98355  38.156  27.348  1.388 0.1000000015
99758  46.447  30.145  9.084 0.1000000015
101256  46.123  31.841  9.074 0.1000000015
101851  45.931  32.908  8.865 0.1000000015
135554  45.692  34.395  8.863 0.1000000015
104360  44.986  36.084  8.554 0.1000000015
104972  45.130  36.932  7.736 0.1000000015
104994  45.571  37.535  7.059 0.1000000015
104424  41.761  36.320  3.054 0.1000000015
105010  46.811  37.750  5.967 0.1000000015
105596  46.822  38.114  3.056 0.1000000015
105606  44.779  39.215  1.403 0.1000000015
104425  40.816  36.021  3.301 0.1000000015
105585  47.171  38.257  4.125 0.1000000015
99014  33.814  28.948  5.582 0.1000000015
99053  34.875  28.279  3.782 0.1000000015
99040  33.663  28.587  4.670 0.1000000015
98311  33.014  28.132  3.985 0.1000000015
100661  40.370  29.612  -0.861 0.1000000015
124365  37.969  27.317  2.966 0.1000000015
98343  36.657  27.803  2.580 0.1000000015
98310  33.958  28.259  3.885 0.1000000015
99883  40.210  28.500  -1.283 0.1000000015
98342  37.499  27.533  2.235 0.1000000015
115170  35.876  28.033  2.863 0.1000000015
98324  35.020  28.121  3.102 0.1000000015
98365  38.896  27.090  0.423 0.1000000015
98366  37.862  27.500  0.481 0.1000000015
98356  37.289  27.652  1.319 0.1000000015
98358  36.084  28.160  1.981 0.1000000015
98962  45.602  29.124  9.774 0.1000000015
100562  46.271  30.969  9.193 0.1000000015
102465  45.338  33.349  9.516 0.1000000015
103740  44.879  35.738  9.136 0.1000000015
104350  44.274  36.163  8.919 0.1000000015
104361  44.349  36.658  8.308 0.1000000015
103732  45.214  35.250  9.191 0.1000000015
131541  43.854  37.989  2.169 0.1000000015
105009  47.171  38.108  5.144 0.1000000015
106131  45.467  39.523  1.382 0.1000000015
105605  46.283  38.872  2.121 0.1000000015
99041  32.604  28.301  4.488 0.1000000015
99108  40.005  28.091  -1.716 0.1000000015
98374  39.595  27.379  -1.042 0.1000000015
98325  34.196  28.122  3.275 0.1000000015
125085  38.912  27.214  -1.170 0.1000000015
98344  35.221  28.294  2.398 0.1000000015
98367  37.426  27.938  -0.213 0.1000000015
98357  36.611  28.046  1.247 0.1000000015
98246  45.358  27.124  10.723 0.1000000015
101245  45.217  31.259  9.851 0.1000000015
103073  44.967  34.762  9.486 0.1000000015
118627  44.975  37.526  7.389 0.1000000015
105011  46.099  38.018  6.515 0.1000000015
105033  43.226  37.627  2.855 0.1000000015
106077  45.837  39.313  4.906 0.1000000015
105597  46.573  39.036  3.239 0.1000000015
105586  46.611  39.030  4.401 0.1000000015
98326  33.412  28.172  3.465 0.1000000015
98312  32.103  27.851  4.043 0.1000000015
100642  40.182  30.685  -0.756 0.1000000015
99884  39.998  28.902  -1.880 0.1000000015
99907  39.938  28.145  -2.149 0.1000000015
99076  36.033  28.448  1.169 0.1000000015
99077  35.423  28.631  1.581 0.1000000015
98346  33.731  28.144  2.961 0.1000000015
99121  39.746  27.844  -2.394 0.1000000015
98384  38.650  27.578  -1.771 0.1000000015
98383  39.283  27.481  -2.158 0.1000000015
99096  36.930  28.632  -0.838 0.1000000015
99087  36.510  28.388  0.332 0.1000000015
99109  37.975  28.324  -2.261 0.1000000015
99110  37.245  28.687  -1.764 0.1000000015
123094  45.313  27.966  10.238 0.1000000015
99742  44.712  29.466  10.536 0.1000000015
99741  45.431  30.222  9.794 0.1000000015
102458  44.708  33.647  9.946 0.1000000015
103067  44.265  34.329  9.985 0.1000000015
104342  43.324  36.025  9.072 0.1000000015
104995  44.016  37.706  7.131 0.1000000015
105573  45.441  38.610  5.823 0.1000000015
106115  46.231  39.769  3.383 0.1000000015
106130  45.921  39.913  2.235 0.1000000015
98327  32.529  28.091  3.598 0.1000000015
135679  31.705  27.765  3.844 0.1000000015
98345  34.405  28.207  2.725 0.1000000015
99054  31.913  28.097  3.417 0.1000000015
99908  39.592  28.226  -2.630 0.1000000015
99088  35.628  29.017  0.587 0.1000000015
99089  35.001  29.184  1.242 0.1000000015
99065  33.346  28.451  2.661 0.1000000015
100662  39.808  29.972  -1.450 0.1000000015
100680  39.423  29.317  -2.253 0.1000000015
98389  39.397  27.837  -2.751 0.1000000015
98390  39.049  27.821  -2.864 0.1000000015
99097  36.108  29.046  -0.489 0.1000000015
99855  35.480  29.564  -0.337 0.1000000015
100681  38.722  29.853  -2.619 0.1000000015
99909  38.939  28.946  -2.865 0.1000000015
99866  36.358  29.099  -1.700 0.1000000015
99867  35.656  29.484  -1.119 0.1000000015
99138  38.912  28.229  -3.295 0.1000000015
99122  38.813  28.480  -3.311 0.1000000015
99123  37.939  28.345  -2.897 0.1000000015
99124  37.045  28.565  -2.682 0.1000000015
101749  36.346  32.867  26.828 0.1000000015
102378  39.204  33.315  23.618 0.1000000015
102379  38.266  33.315  23.553 0.1000000015
101781  38.836  32.720  23.042 0.1000000015
134761  39.882  31.409  22.850 0.1000000015
101840  43.192  32.214  11.165 0.1000000015
102454  42.299  33.217  11.189 0.1000000015
101845  44.658  32.876  10.091 0.1000000015
102460  43.031  33.878  10.466 0.1000000015
137986  42.538  34.365  10.395 0.1000000015
103074  43.200  34.898  9.986 0.1000000015
103726  42.216  35.198  9.887 0.1000000015
105552  43.547  38.231  6.430 0.1000000015
104974  43.161  37.415  7.405 0.1000000015
104351  43.307  36.443  8.573 0.1000000015
106563  45.245  40.874  3.457 0.1000000015
106098  45.039  40.150  4.276 0.1000000015
106097  45.929  40.013  3.917 0.1000000015
106146  45.335  40.315  1.293 0.1000000015
105608  43.581  38.543  2.329 0.1000000015
106579  45.746  40.562  2.916 0.1000000015
102582  40.510  33.491  0.366 0.1000000015
138728  31.234  27.611  3.850 0.1000000015
99067  31.600  28.543  2.949 0.1000000015
101949  37.525  32.033  0.642 0.1000000015
99079  33.756  28.859  2.061 0.1000000015
99831  32.974  29.076  2.263 0.1000000015
101359  39.452  30.837  -0.993 0.1000000015
100663  39.101  30.326  -1.788 0.1000000015
122584  38.031  31.907  0.091 0.1000000015
99841  34.289  29.414  1.367 0.1000000015
99857  33.900  30.051  0.708 0.1000000015
101969  37.289  31.682  -0.389 0.1000000015
100626  34.170  30.208  -0.318 0.1000000015
99946  38.240  28.815  -4.457 0.1000000015
99156  37.750  28.606  -4.518 0.1000000015
99125  36.263  28.198  -3.613 0.1000000015
99910  35.841  28.614  -2.693 0.1000000015
99911  34.775  28.603  -2.688 0.1000000015
116529  37.211  28.215  -3.788 0.1000000015
101741  36.595  32.721  27.682 0.1000000015
102929  37.632  34.550  26.633 0.1000000015
102334  36.689  33.522  26.395 0.1000000015
102948  37.756  34.590  25.598 0.1000000015
102347  36.637  33.617  25.419 0.1000000015
101761  36.126  33.039  25.906 0.1000000015
103578  43.297  35.222  25.989 0.1000000015
102947  38.559  34.803  25.293 0.1000000015
102967  38.148  34.313  24.800 0.1000000015
102346  37.289  34.104  25.028 0.1000000015
102366  38.658  33.856  24.160 0.1000000015
102367  37.734  33.765  24.231 0.1000000015
102365  39.564  33.880  24.140 0.1000000015
102376  41.072  33.139  23.960 0.1000000015
101779  40.650  32.477  23.545 0.1000000015
101780  39.757  32.644  23.245 0.1000000015
126837  40.988  31.690  23.522 0.1000000015
101145  41.638  30.948  24.004 0.1000000015
101837  41.538  32.546  13.380 0.1000000015
102444  41.014  33.450  14.027 0.1000000015
102445  40.567  33.904  13.674 0.1000000015
99725  44.224  28.947  11.410 0.1000000015
99726  43.692  29.299  12.112 0.1000000015
116100  42.195  32.060  12.336 0.1000000015
133131  41.726  32.390  12.715 0.1000000015
117783  40.936  33.407  12.530 0.1000000015
102450  40.479  33.836  12.880 0.1000000015
98963  44.721  28.534  10.763 0.1000000015
127295  44.167  29.672  11.208 0.1000000015
101237  42.761  31.576  11.798 0.1000000015
101841  42.568  32.456  11.530 0.1000000015
103063  41.002  34.047  11.306 0.1000000015
102456  40.617  33.864  11.997 0.1000000015
100547  44.546  30.331  10.529 0.1000000015
101236  43.622  31.580  11.047 0.1000000015
102461  41.892  33.986  10.843 0.1000000015
103069  41.096  34.548  10.694 0.1000000015
103064  40.161  34.592  11.413 0.1000000015
103735  41.738  35.692  9.561 0.1000000015
103736  40.758  35.679  9.764 0.1000000015
103737  39.865  35.787  10.133 0.1000000015
104996  42.868  37.845  6.808 0.1000000015
104352  42.282  36.733  8.269 0.1000000015
104961  41.262  37.124  7.970 0.1000000015
118134  43.402  39.513  5.279 0.1000000015
105553  42.471  38.438  6.378 0.1000000015
106564  44.467  41.058  4.004 0.1000000015
106132  44.220  39.876  1.399 0.1000000015
105607  44.100  38.860  1.724 0.1000000015
106580  45.163  41.410  2.647 0.1000000015
133105  45.042  40.729  1.016 0.1000000015
136497  42.767  37.875  3.423 0.1000000015
103133  37.795  34.461  4.269 0.1000000015
102564  40.142  34.088  0.806 0.1000000015
102552  38.877  34.033  1.614 0.1000000015
101948  38.542  32.564  0.608 0.1000000015
102566  38.295  32.954  1.298 0.1000000015
99832  32.099  29.257  2.424 0.1000000015
101345  39.968  31.566  -0.433 0.1000000015
101346  39.090  31.520  -0.514 0.1000000015
101347  38.124  31.463  -0.618 0.1000000015
124563  37.347  31.529  -1.217 0.1000000015
99842  33.460  29.656  1.574 0.1000000015
101360  38.655  30.987  -1.220 0.1000000015
101361  37.868  31.240  -1.667 0.1000000015
101370  37.663  31.111  -2.625 0.1000000015
99947  37.773  29.054  -4.835 0.1000000015
99169  37.225  28.806  -4.948 0.1000000015
100643  34.026  29.937  -1.310 0.1000000015
101369  38.353  30.675  -2.177 0.1000000015
116836  38.547  29.423  -3.458 0.1000000015
133079  35.247  28.340  -3.413 0.1000000015
99126  34.369  28.444  -3.180 0.1000000015
121035  37.169  33.902  26.803 0.1000000015
103580  40.840  35.423  25.634 0.1000000015
103579  41.972  35.412  25.712 0.1000000015
102944  41.272  34.872  25.156 0.1000000015
102945  40.332  34.883  25.132 0.1000000015
102946  39.439  34.865  25.163 0.1000000015
102965  39.928  34.406  24.628 0.1000000015
102966  39.048  34.383  24.669 0.1000000015
102963  42.490  33.881  24.917 0.1000000015
129600  41.402  33.814  24.423 0.1000000015
102364  40.463  33.852  24.213 0.1000000015
102362  43.001  33.018  24.945 0.1000000015
102363  42.060  33.058  24.406 0.1000000015
101137  45.028  30.581  25.530 0.1000000015
101771  42.782  32.121  24.746 0.1000000015
101778  41.669  32.082  24.087 0.1000000015
101138  43.743  31.189  25.232 0.1000000015
101139  42.645  31.023  24.615 0.1000000015
100405  45.557  29.900  24.488 0.1000000015
100417  45.220  30.112  22.623 0.1000000015
101827  42.961  32.624  14.698 0.1000000015
124435  42.026  34.103  15.016 0.1000000015
137418  41.877  34.778  15.035 0.1000000015
99702  43.487  29.408  13.084 0.1000000015
99688  43.706  29.848  13.890 0.1000000015
101198  42.683  31.776  14.322 0.1000000015
101828  42.087  32.637  14.407 0.1000000015
103704  42.395  35.581  14.999 0.1000000015
98953  44.449  28.257  11.715 0.1000000015
99713  44.068  28.646  12.147 0.1000000015
100499  43.151  30.013  13.365 0.1000000015
101212  42.357  31.432  13.621 0.1000000015
101834  41.953  32.138  13.894 0.1000000015
102440  40.828  33.989  14.296 0.1000000015
134233  40.821  34.683  14.472 0.1000000015
103705  41.376  35.308  14.739 0.1000000015
98240  45.301  27.119  11.714 0.1000000015
100515  43.155  30.115  12.489 0.1000000015
101225  42.367  31.359  12.765 0.1000000015
103053  40.363  34.583  13.991 0.1000000015
103706  40.567  35.404  14.289 0.1000000015
103059  39.594  34.802  12.378 0.1000000015
103712  39.402  35.266  13.058 0.1000000015
104329  39.336  35.981  13.448 0.1000000015
103723  39.332  35.222  11.725 0.1000000015
103719  38.787  35.662  12.056 0.1000000015
117462  40.215  36.298  9.398 0.1000000015
131973  39.185  35.943  10.591 0.1000000015
104997  41.950  38.075  6.808 0.1000000015
104975  41.574  37.714  7.351 0.1000000015
104353  40.657  36.747  8.689 0.1000000015
105537  41.186  38.385  7.082 0.1000000015
107065  44.852  41.559  2.004 0.1000000015
106617  44.235  40.740  1.296 0.1000000015
106133  43.555  39.438  2.088 0.1000000015
121206  42.982  38.756  3.035 0.1000000015
105034  42.339  37.126  3.599 0.1000000015
103806  38.433  34.861  3.760 0.1000000015
103797  37.464  34.641  5.035 0.1000000015
121923  39.158  34.929  2.285 0.1000000015
103147  38.699  34.852  2.912 0.1000000015
103148  38.092  34.350  3.577 0.1000000015
118024  38.242  34.190  3.021 0.1000000015
103186  40.768  35.314  1.049 0.1000000015
128983  40.461  34.818  0.939 0.1000000015
103187  39.746  34.542  1.275 0.1000000015
103159  38.618  34.348  2.331 0.1000000015
102553  38.061  33.355  2.005 0.1000000015
101982  37.064  31.665  -2.183 0.1000000015
101371  37.124  31.530  -2.998 0.1000000015
101379  37.392  30.937  -3.469 0.1000000015
101388  36.991  30.673  -4.344 0.1000000015
99963  36.674  29.080  -5.092 0.1000000015
100707  36.937  30.005  -5.062 0.1000000015
99949  35.712  28.542  -4.304 0.1000000015
101380  36.808  31.608  -3.707 0.1000000015
104170  43.569  36.721  27.252 0.1000000015
104171  42.297  36.775  27.040 0.1000000015
104172  40.972  36.676  26.772 0.1000000015
103564  40.363  35.957  26.164 0.1000000015
103560  44.709  35.500  26.536 0.1000000015
103561  43.976  35.830  26.812 0.1000000015
103562  42.810  36.059  26.472 0.1000000015
103563  41.496  36.042  26.260 0.1000000015
102941  45.561  33.889  26.450 0.1000000015
102927  44.414  35.152  26.485 0.1000000015
102943  43.230  34.408  25.564 0.1000000015
120671  42.284  34.710  25.273 0.1000000015
102361  46.073  33.419  25.076 0.1000000015
102343  46.120  33.367  26.109 0.1000000015
118433  44.975  33.941  26.509 0.1000000015
102345  44.014  33.470  25.810 0.1000000015
135552  41.628  34.361  24.805 0.1000000015
101787  44.492  32.216  22.811 0.1000000015
123490  45.940  32.623  24.681 0.1000000015
101758  46.409  32.310  25.627 0.1000000015
102344  45.434  33.251  26.344 0.1000000015
101795  44.145  32.416  21.913 0.1000000015
101776  46.221  31.636  24.460 0.1000000015
101775  46.566  31.759  25.094 0.1000000015
101126  45.653  31.505  25.955 0.1000000015
101127  44.670  31.517  25.699 0.1000000015
101794  45.168  31.431  22.107 0.1000000015
101144  46.266  30.874  23.913 0.1000000015
100395  46.430  31.004  24.821 0.1000000015
101136  46.111  31.001  25.559 0.1000000015
101155  45.434  30.894  21.496 0.1000000015
101150  45.923  30.523  23.031 0.1000000015
100404  46.103  30.375  24.150 0.1000000015
101158  45.174  31.131  20.788 0.1000000015
100425  45.133  30.759  21.135 0.1000000015
101161  45.069  31.407  19.802 0.1000000015
120698  45.501  30.565  21.952 0.1000000015
102438  42.424  33.364  14.802 0.1000000015
98948  44.485  28.303  12.523 0.1000000015
99701  44.148  29.145  13.550 0.1000000015
101197  43.363  31.088  14.309 0.1000000015
116219  43.786  31.987  14.583 0.1000000015
98947  45.141  28.016  12.870 0.1000000015
97579  45.887  26.659  12.139 0.1000000015
104322  42.604  36.656  14.652 0.1000000015
104324  41.123  36.260  14.394 0.1000000015
104328  40.219  36.387  13.919 0.1000000015
104334  38.526  36.261  12.405 0.1000000015
126463  39.519  36.831  13.565 0.1000000015
104336  38.920  35.739  11.285 0.1000000015
104976  40.784  37.900  7.641 0.1000000015
105528  40.128  38.253  8.042 0.1000000015
104345  39.264  36.524  9.833 0.1000000015
106080  42.292  39.728  5.623 0.1000000015
135210  42.140  39.034  6.095 0.1000000015
105538  40.533  38.694  7.491 0.1000000015
107049  44.243  42.005  3.934 0.1000000015
106554  42.907  40.441  5.038 0.1000000015
107048  44.785  41.775  3.317 0.1000000015
107066  44.526  42.166  2.520 0.1000000015
106618  43.333  41.376  1.864 0.1000000015
106602  42.573  41.020  2.129 0.1000000015
106116  42.815  40.006  2.615 0.1000000015
103796  38.170  34.896  4.649 0.1000000015
103795  38.703  35.228  4.186 0.1000000015
103812  39.932  35.415  2.049 0.1000000015
103794  39.229  35.459  3.790 0.1000000015
104436  40.257  35.669  2.476 0.1000000015
101983  36.359  32.373  -2.443 0.1000000015
99965  35.209  29.489  -4.758 0.1000000015
101994  36.634  32.146  -3.128 0.1000000015
104159  40.455  37.117  27.430 0.1000000015
104160  39.522  36.667  27.531 0.1000000015
104770  41.692  37.374  27.635 0.1000000015
104173  39.871  36.464  26.738 0.1000000015
102374  45.096  33.422  24.303 0.1000000015
102962  45.378  34.464  24.729 0.1000000015
102961  45.974  34.142  25.592 0.1000000015
102383  43.487  33.112  22.372 0.1000000015
102375  44.125  33.220  23.334 0.1000000015
102392  43.547  32.917  20.463 0.1000000015
102399  44.158  33.096  19.836 0.1000000015
102391  44.647  32.500  20.577 0.1000000015
101797  44.905  31.714  21.243 0.1000000015
102398  45.209  32.876  20.034 0.1000000015
118083  45.642  33.130  19.664 0.1000000015
101806  46.505  32.631  18.924 0.1000000015
98223  45.944  27.800  13.165 0.1000000015
99700  45.076  29.088  13.767 0.1000000015
101196  44.342  31.062  14.472 0.1000000015
138208  43.806  32.845  14.784 0.1000000015
103051  42.916  34.199  15.037 0.1000000015
124184  43.262  35.165  15.155 0.1000000015
103694  43.506  36.278  15.034 0.1000000015
104925  42.640  37.671  14.171 0.1000000015
104327  41.082  37.225  14.015 0.1000000015
104928  41.824  37.685  13.905 0.1000000015
104330  38.793  36.649  13.137 0.1000000015
104930  39.275  37.568  13.386 0.1000000015
104346  38.569  37.185  9.965 0.1000000015
104337  38.542  36.117  11.673 0.1000000015
104931  38.492  37.521  12.973 0.1000000015
106054  40.276  39.455  7.497 0.1000000015
105539  40.015  38.934  7.863 0.1000000015
105521  38.829  38.166  9.084 0.1000000015
130141  38.144  37.336  10.585 0.1000000015
107037  42.666  41.507  5.112 0.1000000015
106565  43.551  41.209  4.476 0.1000000015
107083  43.619  41.989  1.921 0.1000000015
107544  44.131  42.904  2.821 0.1000000015
106581  41.897  40.647  2.797 0.1000000015
104419  39.114  35.578  4.939 0.1000000015
104408  38.166  35.765  6.091 0.1000000015
104406  39.596  36.431  5.612 0.1000000015
104417  40.555  36.173  4.286 0.1000000015
105013  39.488  37.641  5.773 0.1000000015
104416  41.395  36.558  4.024 0.1000000015
102407  44.868  33.521  19.292 0.1000000015
103022  45.276  34.175  18.506 0.1000000015
102406  45.926  33.611  19.209 0.1000000015
132598  47.352  33.861  18.806 0.1000000015
123480  45.654  32.692  19.778 0.1000000015
101801  46.252  33.028  19.404 0.1000000015
98937  45.518  28.464  13.405 0.1000000015
100479  45.064  30.484  14.375 0.1000000015
118784  44.960  31.955  14.592 0.1000000015
102437  43.400  33.475  14.896 0.1000000015
101195  45.495  31.322  14.442 0.1000000015
104319  45.935  37.090  14.822 0.1000000015
124490  43.434  37.239  14.597 0.1000000015
105478  44.007  38.577  13.923 0.1000000015
104924  43.143  38.547  13.773 0.1000000015
105489  39.008  38.379  13.218 0.1000000015
104929  40.290  37.661  13.607 0.1000000015
104927  42.245  38.416  13.675 0.1000000015
116194  38.225  36.706  11.880 0.1000000015
106055  39.744  39.520  7.992 0.1000000015
105529  39.493  38.752  8.397 0.1000000015
105530  38.888  38.982  8.819 0.1000000015
104938  37.607  37.821  11.643 0.1000000015
105497  37.532  38.295  12.117 0.1000000015
106555  42.113  40.665  5.447 0.1000000015
106542  41.508  40.337  5.933 0.1000000015
106532  40.482  40.214  7.032 0.1000000015
106529  39.509  40.322  8.132 0.1000000015
107050  43.553  42.206  4.479 0.1000000015
107560  43.920  42.555  2.269 0.1000000015
107084  42.624  42.115  2.042 0.1000000015
107085  41.741  42.176  1.962 0.1000000015
106603  41.697  41.530  2.203 0.1000000015
106118  41.069  40.158  3.620 0.1000000015
106117  42.142  39.497  3.464 0.1000000015
105587  42.246  38.239  3.788 0.1000000015
105025  40.561  37.378  4.985 0.1000000015
105588  40.591  38.432  4.642 0.1000000015
105024  41.442  37.494  4.386 0.1000000015
106099  41.393  38.885  4.134 0.1000000015
103024  43.119  34.151  18.160 0.1000000015
102408  43.529  33.515  18.875 0.1000000015
103023  44.155  34.069  18.332 0.1000000015
103033  45.759  34.920  17.929 0.1000000015
103021  47.239  34.360  18.758 0.1000000015
103034  44.630  34.759  17.778 0.1000000015
103661  47.686  34.927  18.526 0.1000000015
102436  44.427  33.526  14.906 0.1000000015
122294  41.339  38.191  13.621 0.1000000015
105487  40.741  38.933  13.383 0.1000000015
106045  37.871  39.540  9.549 0.1000000015
106046  37.120  39.437  10.281 0.1000000015
105496  38.113  38.273  12.747 0.1000000015
107025  41.659  41.334  5.848 0.1000000015
129988  40.982  40.773  6.415 0.1000000015
106533  40.065  40.778  7.584 0.1000000015
127489  38.927  40.161  8.644 0.1000000015
107506  42.317  42.134  5.673 0.1000000015
125971  43.905  43.370  3.213 0.1000000015
107545  43.485  43.265  2.697 0.1000000015
107562  42.019  42.767  1.991 0.1000000015
106582  40.979  41.240  2.780 0.1000000015
107977  42.466  43.334  2.340 0.1000000015
102400  42.942  33.178  19.537 0.1000000015
103032  46.903  35.047  18.399 0.1000000015
103676  47.369  35.840  18.057 0.1000000015
104289  46.672  36.789  17.796 0.1000000015
106526  37.374  40.248  9.753 0.1000000015
106034  37.105  39.054  11.867 0.1000000015
118346  37.677  38.966  12.560 0.1000000015
105488  39.774  39.154  13.283 0.1000000015
107014  40.538  41.168  6.971 0.1000000015
107010  39.601  41.257  8.066 0.1000000015
106525  38.268  40.378  9.147 0.1000000015
107524  44.096  42.866  3.744 0.1000000015
107505  43.073  42.599  5.084 0.1000000015
107978  41.470  43.356  2.070 0.1000000015
107546  40.569  43.180  2.158 0.1000000015
107563  41.129  42.700  1.972 0.1000000015
107547  39.754  42.784  2.692 0.1000000015
107067  40.150  41.666  2.781 0.1000000015
104288  47.322  36.758  17.664 0.1000000015
138552  47.793  36.129  17.799 0.1000000015
107488  40.885  41.968  7.059 0.1000000015
107473  39.816  42.103  8.062 0.1000000015
106530  38.904  40.882  8.519 0.1000000015
127403  37.657  40.909  9.470 0.1000000015
106040  36.630  39.864  11.067 0.1000000015
106028  37.263  39.559  12.422 0.1000000015
107487  41.696  42.268  6.408 0.1000000015
107015  40.224  41.626  7.557 0.1000000015
126772  43.780  43.511  3.939 0.1000000015
107486  42.713  42.898  5.864 0.1000000015
107962  43.555  43.805  3.381 0.1000000015
107963  42.915  43.886  2.916 0.1000000015
107964  41.984  43.934  2.519 0.1000000015
107471  41.297  42.766  7.182 0.1000000015
107472  40.513  42.439  7.625 0.1000000015
107006  38.292  41.294  9.051 0.1000000015
124680  37.083  41.831  9.996 0.1000000015
106035  36.756  39.844  11.949 0.1000000015
106027  38.678  39.184  13.056 0.1000000015
106523  36.553  40.791  10.798 0.1000000015
106513  37.142  40.371  12.680 0.1000000015
107947  43.699  44.154  4.168 0.1000000015
107965  40.992  43.853  2.329 0.1000000015
138927  40.479  41.862  14.379 0.1000000015
107462  40.076  42.890  8.143 0.1000000015
107463  39.438  42.571  8.444 0.1000000015
107458  38.177  42.726  9.382 0.1000000015
106990  39.718  41.330  13.772 0.1000000015
107909  42.202  43.185  6.683 0.1000000015
129844  36.452  41.478  11.447 0.1000000015
136928  36.697  40.405  12.145 0.1000000015
106509  38.106  40.421  13.281 0.1000000015
107929  43.686  43.620  4.989 0.1000000015
108370  43.191  44.967  3.851 0.1000000015
137815  40.150  43.391  2.672 0.1000000015
123837  36.617  40.965  12.209 0.1000000015
106998  36.905  41.323  12.853 0.1000000015
137194  39.031  41.712  14.108 0.1000000015
107889  40.869  43.187  7.794 0.1000000015
107004  36.636  41.645  10.568 0.1000000015
107453  36.437  42.407  11.685 0.1000000015
106991  38.463  41.209  13.632 0.1000000015
107888  41.758  43.515  7.434 0.1000000015
106508  39.158  40.558  13.397 0.1000000015
107456  36.480  42.218  10.995 0.1000000015
125655  37.546  41.017  13.194 0.1000000015
106992  37.406  41.769  13.551 0.1000000015
106999  36.517  41.808  12.315 0.1000000015
124404  26.342  24.636  16.715 0.1000000015
96906  27.002  25.909  16.999 0.1000000015
95500  25.533  23.665  15.012 0.1000000015
96238  25.696  24.390  14.393 0.1000000015
96923  25.886  25.152  14.736 0.1000000015
103581  39.857  35.391  25.631 0.1000000015
126053  39.391  35.836  26.217 0.1000000015
108385  43.319  44.388  3.589 0.1000000015
123120  37.817  22.153  15.032 0.1000000015
93959  38.075  21.883  12.500 0.1000000015
99609  45.560  29.937  23.664 0.1000000015
100396  45.850  30.285  25.030 0.1000000015
100428  44.948  30.923  20.466 0.1000000015
101805  47.014  33.285  18.928 0.1000000015
134777  46.372  28.421  13.414 0.1000000015
101151  40.256  31.891  23.084 0.1000000015
98264  47.634  27.741  7.902 0.1000000015
96897  27.046  24.933  17.190 0.1000000015
96914  25.893  25.232  15.482 0.1000000015
96922  26.143  25.823  15.147 0.1000000015
101872  40.637  32.625  5.311 0.1000000015
102480  41.635  33.214  6.172 0.1000000015
101273  45.480  31.369  7.209 0.1000000015
102475  43.123  33.341  7.019 0.1000000015
102512  42.132  34.147  4.628 0.1000000015
102527  42.375  34.017  3.454 0.1000000015
136146  43.682  31.515  2.439 0.1000000015
100603  43.614  29.898  2.397 0.1000000015
100602  44.767  30.013  2.315 0.1000000015
124428  31.303  22.053  20.738 0.1000000015
93894  27.861  21.947  19.132 0.1000000015
96214  28.314  24.026  17.541 0.1000000015
96895  28.655  25.300  17.471 0.1000000015
98197  31.113  27.780  16.808 0.1000000015
125929  30.151  26.480  17.207 0.1000000015
97535  28.492  26.237  17.393 0.1000000015
98189  28.859  27.130  17.295 0.1000000015
97536  27.624  26.314  17.181 0.1000000015
125725  34.423  30.506  15.410 0.1000000015
119223  33.739  30.361  15.722 0.1000000015
99660  31.726  29.307  16.447 0.1000000015
98905  31.397  28.546  16.642 0.1000000015
119965  29.891  28.359  16.727 0.1000000015
100466  35.115  30.310  15.290 0.1000000015
100485  34.740  30.965  14.930 0.1000000015
100468  33.116  30.888  15.505 0.1000000015
101200  35.124  31.278  14.204 0.1000000015
100469  32.305  30.692  15.693 0.1000000015
99679  32.045  30.055  16.163 0.1000000015
99680  31.180  29.929  16.223 0.1000000015
99662  29.930  29.061  16.494 0.1000000015
99663  29.027  29.157  16.312 0.1000000015
98908  28.633  28.494  16.514 0.1000000015
101240  37.357  31.532  11.424 0.1000000015
101214  35.520  31.438  13.388 0.1000000015
101202  33.350  31.442  14.097 0.1000000015
101184  33.275  31.334  14.843 0.1000000015
101185  32.462  31.244  15.154 0.1000000015
101186  31.767  31.052  15.359 0.1000000015
99681  30.328  29.780  16.173 0.1000000015
100472  29.073  30.323  15.420 0.1000000015
98920  28.152  29.101  15.898 0.1000000015
98209  26.978  27.916  15.876 0.1000000015
101249  38.438  31.513  10.303 0.1000000015
101260  37.906  31.512  9.772 0.1000000015
101228  35.933  31.551  12.586 0.1000000015
101216  32.947  31.450  13.417 0.1000000015
101187  30.909  31.127  15.248 0.1000000015
97564  26.343  26.572  14.758 0.1000000015
98922  26.790  28.224  14.929 0.1000000015
97609  44.107  26.899  8.771 0.1000000015
131338  43.385  34.132  3.171 0.1000000015
99827  44.442  29.034  2.080 0.1000000015
93891  30.266  21.981  18.792 0.1000000015
94679  28.241  22.420  18.512 0.1000000015
95433  34.632  23.301  19.499 0.1000000015
95434  33.934  22.997  19.417 0.1000000015
95430  37.121  24.261  19.312 0.1000000015
95449  35.766  23.386  18.442 0.1000000015
94689  35.212  22.682  17.763 0.1000000015
131079  38.252  24.244  18.474 0.1000000015
95464  36.610  23.159  17.394 0.1000000015
96894  29.495  25.036  17.401 0.1000000015
125765  30.652  26.155  17.097 0.1000000015
98195  33.362  27.587  16.462 0.1000000015
117982  31.827  27.946  16.696 0.1000000015
122312  31.345  26.180  16.851 0.1000000015
126455  35.385  29.516  15.490 0.1000000015
99705  37.781  30.014  13.745 0.1000000015
100487  29.317  30.849  14.740 0.1000000015
98930  27.149  29.015  14.937 0.1000000015
99693  28.373  30.401  14.571 0.1000000015
103146  44.805  33.798  2.974 0.1000000015
101312  44.705  30.957  2.357 0.1000000015
99839  45.709  29.595  1.895 0.1000000015
99075  44.321  27.936  1.892 0.1000000015
94673  33.445  22.556  18.767 0.1000000015
137596  32.392  21.977  17.431 0.1000000015
120916  31.993  22.011  17.994 0.1000000015
121151  34.348  22.181  17.421 0.1000000015
96223  30.606  23.910  17.159 0.1000000015
94707  34.077  21.816  16.715 0.1000000015
93915  33.635  21.891  16.475 0.1000000015
118904  35.671  22.102  16.222 0.1000000015
96903  32.571  25.320  16.393 0.1000000015
96912  33.894  25.905  15.980 0.1000000015
97541  33.571  26.760  16.291 0.1000000015
96902  33.061  26.078  16.368 0.1000000015
98208  34.712  28.080  15.947 0.1000000015
134892  33.927  28.096  16.307 0.1000000015
126925  37.166  29.399  14.521 0.1000000015
98218  36.212  27.767  15.210 0.1000000015
98918  35.615  28.546  15.525 0.1000000015
99676  36.142  29.263  15.213 0.1000000015
98950  40.210  28.609  12.744 0.1000000015
102551  46.085  33.286  1.693 0.1000000015
103157  46.361  34.140  2.453 0.1000000015
101333  44.021  31.096  0.532 0.1000000015
103802  46.917  35.340  3.580 0.1000000015
99036  40.004  27.143  4.636 0.1000000015
126730  44.536  29.696  0.784 0.1000000015
98320  40.983  26.534  3.498 0.1000000015
93927  33.955  21.896  15.903 0.1000000015
94723  33.643  22.393  15.812 0.1000000015
93924  36.519  21.558  14.818 0.1000000015
93925  35.237  21.579  15.065 0.1000000015
126733  33.515  23.935  15.723 0.1000000015
94734  35.864  21.994  14.396 0.1000000015
95524  35.725  22.842  14.386 0.1000000015
96911  34.560  25.290  15.337 0.1000000015
95523  36.471  23.522  13.847 0.1000000015
96235  36.256  24.511  14.118 0.1000000015
97553  35.181  25.901  15.175 0.1000000015
116038  35.907  26.005  14.846 0.1000000015
97563  36.179  26.904  14.981 0.1000000015
94747  37.369  22.059  12.961 0.1000000015
96243  37.442  23.932  13.009 0.1000000015
97570  37.531  26.034  13.917 0.1000000015
97561  37.623  27.005  14.285 0.1000000015
98217  37.590  27.934  14.466 0.1000000015
94759  38.061  22.186  12.266 0.1000000015
129971  38.122  23.679  12.319 0.1000000015
96261  38.903  22.963  11.719 0.1000000015
96938  38.140  24.759  12.792 0.1000000015
97569  38.321  26.679  13.765 0.1000000015
98940  38.847  28.474  13.807 0.1000000015
116995  38.942  27.158  13.574 0.1000000015
135119  39.472  23.163  11.438 0.1000000015
120223  38.933  25.438  12.719 0.1000000015
118016  39.841  26.176  12.754 0.1000000015
98224  39.609  27.102  13.251 0.1000000015
120759  39.995  27.854  13.145 0.1000000015
137044  40.514  24.982  11.713 0.1000000015
97580  40.928  27.170  12.333 0.1000000015
98236  41.219  27.875  11.955 0.1000000015
103181  45.040  34.253  1.274 0.1000000015
103831  44.967  35.079  1.364 0.1000000015
103182  43.918  34.511  0.531 0.1000000015
103810  46.715  35.392  2.350 0.1000000015
103833  42.201  35.305  0.200 0.1000000015
104455  42.834  35.596  0.547 0.1000000015
103779  46.520  36.438  5.422 0.1000000015
97639  39.504  26.413  5.230 0.1000000015
97647  40.160  26.183  3.416 0.1000000015
98372  40.758  27.438  0.215 0.1000000015
97667  41.198  26.303  1.250 0.1000000015
98986  36.788  27.489  9.073 0.1000000015
105049  44.551  37.180  1.771 0.1000000015
103739  45.247  35.561  8.889 0.1000000015
104426  39.967  35.653  3.522 0.1000000015
98375  39.351  27.137  -0.537 0.1000000015
101852  45.379  32.390  9.619 0.1000000015
103072  45.478  34.661  9.145 0.1000000015
105572  46.465  38.452  5.568 0.1000000015
117075  38.466  27.374  -0.657 0.1000000015
103733  43.905  35.668  9.423 0.1000000015
104973  44.260  37.235  7.734 0.1000000015
99095  37.794  28.140  -1.278 0.1000000015
98241  44.848  27.702  11.220 0.1000000015
101246  44.495  31.944  10.309 0.1000000015
105551  44.987  38.054  6.770 0.1000000015
102459  43.930  33.377  10.334 0.1000000015
104343  42.286  36.243  9.008 0.1000000015
105574  44.113  38.718  5.813 0.1000000015
101967  39.770  32.368  0.005 0.1000000015
99856  34.856  29.794  0.366 0.1000000015
99868  34.988  29.987  -1.014 0.1000000015
102323  36.917  33.353  27.262 0.1000000015
101788  39.423  32.040  22.756 0.1000000015
101846  43.811  32.482  10.579 0.1000000015
102455  41.416  33.415  11.741 0.1000000015
104363  42.277  37.236  7.659 0.1000000015
106078  44.616  39.392  5.079 0.1000000015
106553  43.909  40.247  4.610 0.1000000015
99886  34.378  29.184  -1.994 0.1000000015
100692  37.677  30.217  -4.037 0.1000000015
99158  36.355  28.409  -4.423 0.1000000015
99159  35.047  28.535  -3.796 0.1000000015
102333  37.113  34.148  25.981 0.1000000015
102377  40.121  33.257  23.731 0.1000000015
101224  42.744  30.844  12.395 0.1000000015
100532  43.784  30.295  11.398 0.1000000015
101842  41.901  32.724  11.987 0.1000000015
104344  41.165  36.222  9.178 0.1000000015
106601  43.491  40.463  1.835 0.1000000015
107099  44.207  41.319  1.455 0.1000000015
102565  39.182  33.586  1.015 0.1000000015
103171  39.416  34.819  1.802 0.1000000015
101968  38.805  32.109  -0.004 0.1000000015
102554  37.209  32.786  2.306 0.1000000015
100682  38.114  30.279  -3.254 0.1000000015
102964  40.809  34.397  24.673 0.1000000015
101770  43.826  32.269  25.424 0.1000000015
134001  44.244  30.280  14.318 0.1000000015
100482  42.805  31.033  13.944 0.1000000015
104354  39.790  36.947  8.924 0.1000000015
106062  41.547  39.521  6.242 0.1000000015
103805  38.930  35.245  3.225 0.1000000015
103170  40.163  35.148  1.421 0.1000000015
101777  45.192  32.290  23.809 0.1000000015
101759  46.012  32.360  26.235 0.1000000015
101125  46.274  31.687  25.856 0.1000000015
101760  44.984  32.339  26.122 0.1000000015
101786  45.864  31.193  23.116 0.1000000015
101798  44.101  32.628  21.188 0.1000000015
135021  45.742  30.761  22.233 0.1000000015
104323  41.835  36.965  14.334 0.1000000015
104953  39.063  37.331  9.268 0.1000000015
120567  40.995  40.009  6.431 0.1000000015
104418  39.829  35.791  4.641 0.1000000015
104933  37.940  37.492  12.262 0.1000000015
105513  38.098  38.012  9.957 0.1000000015
105523  37.691  38.840  9.899 0.1000000015
104407  38.847  36.039  5.910 0.1000000015
121073  46.348  34.278  18.669 0.1000000015
102405  46.750  33.710  18.994 0.1000000015
106101  39.730  39.393  4.648 0.1000000015
106522  36.832  40.263  10.349 0.1000000015
107026  41.114  41.513  6.533 0.1000000015
107504  43.679  42.986  4.452 0.1000000015
84314  42.652  9.523  27.930 0.1000000015
84296  42.756  9.679  28.880 0.1000000015
136022  42.150  9.520  28.249 0.1000000015
125415  43.644  9.773  28.447 0.1000000015
84295  43.913  10.005  29.413 0.1000000015
84294  44.642  10.333  28.918 0.1000000015
116184  44.480  9.983  28.050 0.1000000015
84313  45.201  10.538  28.464 0.1000000015
123588  27.037  15.354  27.505 0.1000000015
84300  38.334  9.930  28.103 0.1000000015
90055  27.318  16.755  27.540 0.1000000015
125882  27.580  16.083  27.445 0.1000000015
133676  28.088  13.735  27.441 0.1000000015
116795  42.281  9.774  29.610 0.1000000015
84276  44.046  10.252  30.211 0.1000000015
85179  44.610  10.623  29.757 0.1000000015
85203  45.307  10.827  28.900 0.1000000015
85178  44.966  10.912  29.290 0.1000000015
84312  45.707  10.833  28.221 0.1000000015
85202  45.670  10.956  28.323 0.1000000015
84330  46.001  10.727  27.536 0.1000000015
85214  46.087  10.957  27.634 0.1000000015
89224  27.983  15.360  27.374 0.1000000015
122020  28.434  14.670  27.357 0.1000000015
84265  43.739  10.186  30.633 0.1000000015
122794  29.293  16.051  27.411 0.1000000015
89223  28.829  15.395  27.382 0.1000000015
122021  29.252  14.775  27.368 0.1000000015
89221  30.228  15.894  27.438 0.1000000015
89222  29.529  15.422  27.413 0.1000000015
121837  30.060  14.950  27.398 0.1000000015
90832  32.589  17.184  27.496 0.1000000015
131411  32.151  16.144  27.483 0.1000000015
90053  32.923  16.400  27.564 0.2000000030
86069  45.368  10.952  28.829 0.1000000015
128458  28.913  14.098  27.335 0.1000000015
122793  28.464  16.065  27.394 0.1000000015
88486  27.519  14.581  27.419 0.1000000015
93057  39.778  20.215  23.367 0.1000000015
93055  41.221  20.360  23.851 0.1000000015
93056  40.483  20.339  23.572 0.1000000015
119315  42.669  21.588  23.788 0.1000000015
93831  41.771  21.188  23.862 0.1000000015
115524  43.359  21.357  24.294 0.1000000015
91613  39.720  18.079  21.828 0.1000000015
116725  38.808  18.122  21.951 0.1000000015
91587  38.259  18.822  22.380 0.1000000015
134834  43.350  18.380  22.955 0.1000000015
91586  39.109  18.751  22.536 0.1000000015
92310  39.561  19.394  23.094 0.1000000015
138745  41.835  18.133  21.159 0.1000000015
124409  41.127  18.013  21.165 0.1000000015
91585  39.936  18.629  22.667 0.1000000015
92309  40.377  19.009  23.222 0.1000000015
92305  40.827  19.525  23.605 0.1000000015
92300  42.790  19.924  24.455 0.1000000015
93054  41.996  20.244  24.225 0.1000000015
93821  42.609  20.880  24.362 0.1000000015
126960  41.368  18.289  22.135 0.1000000015
91612  40.515  18.208  21.986 0.1000000015
91583  42.672  18.386  22.727 0.1000000015
91584  41.934  18.421  22.672 0.1000000015
92303  42.326  19.288  24.090 0.1000000015
92304  41.570  19.414  23.847 0.1000000015
92299  43.603  19.438  24.655 0.1000000015
92302  42.988  19.094  24.261 0.1000000015
93051  43.383  20.515  24.694 0.1000000015
133125  40.648  18.554  22.720 0.1000000015
91572  42.813  18.668  23.609 0.1000000015
91574  41.224  18.728  23.198 0.1000000015
91573  42.068  18.715  23.425 0.1000000015
92306  40.195  19.649  23.429 0.1000000015
83403  25.457  8.709  32.481 0.1000000015
84380  51.413  10.489  20.337 0.1000000015
84382  51.328  10.400  19.734 0.1000000015
84386  50.895  10.785  19.108 0.1000000015
85157  44.178  10.877  31.655 0.3000000119
85244  42.112  11.025  22.191 0.3000000119
85258  51.335  11.269  19.964 0.1000000015
85259  51.437  11.100  20.323 0.1000000015
85261  45.346  10.974  20.304 0.2000000030
85265  41.788  10.483  19.992 0.2000000030
85266  40.113  10.541  20.237 0.3000000119
85267  39.265  10.797  20.135 0.3000000119
85270  51.206  11.087  19.528 0.1000000015
85282  50.366  11.418  18.487 0.1000000015
85289  39.667  10.464  18.927 0.2000000030
85296  45.354  10.944  17.597 0.1000000015
85302  38.856  10.899  17.980 0.2000000030
85336  48.410  11.599  14.948 0.1000000015
86097  47.434  11.105  25.883 0.1000000015
86103  40.412  11.869  25.482 0.3000000119
86117  45.929  11.841  23.572 0.1000000015
86122  40.334  11.497  23.602 0.3000000119
86123  39.648  11.871  23.838 0.3000000119
86137  39.186  11.882  22.662 0.3000000119
86140  51.077  11.752  21.058 0.1000000015
86150  39.465  11.167  21.528 0.3000000119
86161  50.956  11.620  19.583 0.1000000015
86185  49.056  12.009  16.678 0.1000000015
86188  39.019  11.127  16.804 0.2000000030
86217  44.884  11.297  15.541 0.1000000015
86221  38.764  11.969  15.907 0.2000000030
86230  48.376  12.026  14.643 0.1000000015
86237  40.271  11.385  14.121 0.2000000030
86265  47.056  12.271  12.293 0.1000000015
86904  42.493  12.599  34.211 0.4000000060
86992  39.567  12.671  25.504 0.4000000060
86994  39.337  12.673  24.741 0.3000000119
87000  38.986  12.609  23.422 0.4000000060
87012  38.685  12.404  21.166 0.3000000119
87041  48.520  12.200  15.702 0.1000000015
87046  48.144  12.368  15.215 0.1000000015
87047  47.574  12.479  14.907 0.1000000015
87058  39.134  12.547  14.704 0.2000000030
87068  45.602  12.367  12.440 0.1000000015
87090  46.585  12.304  11.890 0.1000000015
87096  40.305  13.194  11.263 0.2000000030
87105  44.602  12.293  9.832 0.1000000015
87116  39.254  12.968  9.081 0.1000000015
87123  42.341  12.815  8.409 0.1000000015
87740  40.977  13.463  28.784 0.5000000000
87763  39.262  13.325  24.558 0.4000000060
87768  38.802  13.072  23.197 0.3000000119
87857  41.062  13.872  9.160 0.1000000015
87863  43.549  12.503  8.502 0.1000000015
87865  42.243  13.364  8.817 0.1000000015
87875  40.683  13.961  8.752 0.1000000015
87876  40.180  13.958  8.560 0.1000000015
87877  39.279  14.131  8.937 0.1000000015
88445  38.529  14.046  32.728 0.4000000060
88480  40.351  14.106  27.572 0.6000000238
88498  39.477  14.054  24.305 0.5000000000
88507  38.943  13.708  22.879 0.3000000119
88513  39.447  14.334  21.596 0.3000000119
88589  40.214  14.676  9.131 0.1000000015
88599  38.594  14.433  9.945 0.1000000015
88605  40.376  14.355  8.782 0.1000000015
88606  40.268  14.514  8.780 0.1000000015
88607  39.834  14.486  8.814 0.1000000015
89240  40.360  15.097  24.654 0.5000000000
89243  42.014  15.669  23.179 0.5000000000
89291  43.149  15.771  17.667 0.2000000030
89298  44.037  16.449  17.705 0.2000000030
89312  37.835  15.818  16.240 0.1000000015
89947  46.027  16.899  34.555 0.8000000119
89949  44.289  16.153  35.056 0.8000000119
89970  46.944  16.832  33.844 0.8999999762
89996  50.025  16.246  30.725 0.8999999762
90024  51.342  16.027  29.161 0.8999999762
90026  49.884  15.881  28.031 0.8000000119
90030  43.831  15.938  28.297 0.6999999881
90063  44.357  16.242  26.711 0.8000000119
90084  43.381  16.016  24.825 0.5000000000
90088  49.395  16.571  22.726 0.5000000000
90092  44.658  16.161  23.385 0.6000000238
90098  49.177  16.537  22.113 0.4000000060
90099  48.996  16.597  21.845 0.4000000060
90126  47.208  17.053  19.997 0.4000000060
90765  46.410  17.118  34.299 0.8000000119
90766  45.662  17.091  34.579 0.8000000119
90767  44.932  16.938  34.728 0.8000000119
90774  46.830  17.234  33.859 0.8999999762
90785  47.901  17.025  32.768 0.8999999762
90839  51.141  16.393  26.208 0.6999999881
90869  47.932  16.962  20.181 0.4000000060
90884  47.401  17.142  20.109 0.4000000060
90885  46.654  17.176  19.805 0.4000000060
91493  47.031  18.434  31.223 0.8999999762
91567  49.343  17.326  22.913 0.4000000060
92359  51.550  19.683  14.062 0.6000000238
92980  50.780  19.617  29.205 0.8999999762
93030  47.726  20.233  26.329 0.4000000060
93101  53.002  20.872  16.576 0.6999999881
93107  52.465  20.653  15.757 0.6999999881
93109  51.348  19.976  15.203 0.6999999881
93114  52.284  20.413  15.003 0.6999999881
93115  52.062  20.079  14.262 0.6000000238
93117  50.233  19.722  14.214 0.6000000238
93119  48.178  20.560  13.591 0.5000000000
93135  46.530  20.367  11.794 0.4000000060
93136  45.738  20.467  11.588 0.5000000000
93145  44.842  20.746  10.733 0.3000000119
93151  47.796  20.458  10.885 0.5000000000
93153  45.555  20.590  10.582 0.4000000060
93807  45.979  21.038  25.506 0.3000000119
93879  52.556  21.690  19.453 0.6000000238
93899  53.263  20.986  17.188 0.6999999881
93923  47.045  22.078  15.428 0.4000000060
93934  47.192  21.624  14.534 0.5000000000
93935  37.323  21.639  14.293 0.1000000015
93937  35.416  21.670  14.713 0.1000000015
93938  34.941  21.754  14.906 0.1000000015
93943  46.436  21.152  13.148 0.3000000119
93951  51.370  20.834  12.572 0.6000000238
93952  51.038  21.092  11.721 0.4000000060
93965  50.679  21.222  11.089 0.4000000060
93966  44.996  20.692  11.321 0.2000000030
93971  39.856  22.356  11.780 0.1000000015
93972  38.959  22.026  12.189 0.2000000030
93977  50.848  21.932  11.121 0.4000000060
93980  48.060  20.893  10.295 0.4000000060
93982  44.006  21.129  10.241 0.3000000119
93984  42.348  21.392  10.292 0.2000000030
93993  47.343  21.353  9.739 0.4000000060
93998  42.207  21.601  9.925 0.2000000030
94003  46.601  21.699  9.154 0.4000000060
94660  45.669  23.140  19.347 0.2000000030
94701  46.328  22.443  16.586 0.4000000060
94702  45.682  22.691  16.196 0.3000000119
94735  35.170  22.017  14.617 0.1000000015
94746  38.707  21.974  13.443 0.2000000030
94754  42.885  22.202  11.990 0.2000000030
94758  38.537  22.027  12.205 0.1000000015
94768  41.392  21.732  11.263 0.1000000015
94775  50.581  22.300  10.925 0.4000000060
94793  45.925  22.376  8.284 0.4000000060
94794  45.253  22.274  8.382 0.2000000030
94806  45.133  22.601  7.937 0.2000000030
95328  44.469  24.257  30.122 0.8000000119
95407  43.472  23.381  20.094 0.2000000030
95424  51.847  23.892  19.747 0.8000000119
95454  50.879  23.922  17.539 0.6999999881
95489  49.466  23.585  15.201 0.4000000060
95508  40.872  23.465  14.494 0.2000000030
95517  43.915  23.199  13.777 0.2000000030
95519  42.055  23.220  13.625 0.2000000030
95539  38.664  22.344  12.048 0.1000000015
95550  40.519  22.461  10.827 0.1000000015
95580  46.695  23.624  7.363 0.2000000030
96200  51.001  24.945  19.564 0.6999999881
96232  49.331  24.192  14.276 0.4000000060
96236  35.227  23.708  14.581 0.1000000015
96259  40.607  23.471  10.772 0.1000000015
96274  43.007  23.840  9.416 0.2000000030
96287  45.719  23.899  7.109 0.2000000030
96292  47.370  24.801  6.786 0.2000000030
96848  50.527  24.932  21.498 0.6999999881
96861  50.575  25.045  20.852 0.6999999881
96921  34.902  24.484  14.859 0.1000000015
96936  48.308  25.703  12.052 0.3000000119
96941  51.205  24.747  11.893 0.4000000060
96948  40.544  25.752  12.239 0.1000000015
96972  47.726  25.436  6.748 0.2000000030
96974  46.767  25.031  6.382 0.2000000030
96977  47.487  25.306  6.431 0.2000000030
97558  50.106  26.526  14.064 0.3000000119
97574  50.753  26.703  12.583 0.4000000060
97575  50.131  26.709  12.295 0.4000000060
97578  46.781  26.467  12.360 0.2000000030
97582  40.315  27.134  12.817 0.1000000015
97593  45.744  26.356  10.292 0.2000000030
97595  42.081  26.998  11.097 0.1000000015
97616  47.277  26.448  6.163 0.2000000030
97619  38.226  26.562  6.979 0.1000000015
97623  38.723  26.571  6.700 0.1000000015
97624  38.493  26.378  6.242 0.1000000015
97630  39.250  26.320  5.836 0.1000000015
97640  39.094  26.286  5.126 0.1000000015
97646  40.682  26.178  3.549 0.1000000015
97659  39.535  26.607  2.067 0.1000000015
97666  41.950  26.226  1.718 0.1000000015
97668  40.410  26.706  0.686 0.1000000015
97676  40.655  26.873  0.517 0.1000000015
98213  50.679  27.944  13.833 0.3000000119
98221  50.803  27.541  13.351 0.3000000119
98228  50.753  27.870  13.220 0.3000000119
98229  50.700  27.652  12.896 0.3000000119
98234  45.542  27.362  12.529 0.1000000015
98235  44.837  27.695  12.147 0.1000000015
98242  41.738  27.795  11.325 0.1000000015
98255  45.776  27.202  9.782 0.1000000015
98256  43.563  27.268  9.290 0.1000000015
98263  48.139  28.005  7.233 0.1000000015
98267  37.108  26.960  8.894 0.1000000015
98273  48.161  28.188  6.823 0.1000000015
98274  47.191  27.501  6.312 0.1000000015
98275  46.110  27.531  6.681 0.1000000015
98287  38.731  26.912  6.988 0.1000000015
98307  39.875  26.496  4.786 0.1000000015
98313  31.281  27.605  4.072 0.1000000015
98339  43.337  26.930  2.034 0.1000000015
98340  42.605  26.562  2.104 0.1000000015
98347  33.118  28.233  3.152 0.1000000015
98353  43.222  26.880  1.943 0.1000000015
98373  40.000  27.472  -0.664 0.1000000015
98382  39.621  27.637  -1.917 0.1000000015
98391  38.804  27.799  -2.572 0.1000000015
98854  32.932  28.674  24.815 0.2000000030
98883  41.556  28.945  18.777 0.2000000030
98893  42.946  28.458  17.303 0.2000000030
98894  42.336  28.907  17.721 0.2000000030
98907  29.356  28.606  16.615 0.1000000015
98928  37.414  28.747  14.538 0.1000000015
98929  36.789  28.993  14.887 0.1000000015
98933  50.629  28.434  13.522 0.3000000119
98938  44.637  28.566  13.210 0.1000000015
98944  49.814  28.930  13.035 0.2000000030
98945  48.956  28.782  13.026 0.2000000030
98983  47.862  28.538  7.615 0.1000000015
98996  43.987  28.910  8.134 0.1000000015
99008  48.001  28.746  6.785 0.1000000015
99009  47.447  28.513  6.526 0.1000000015
99010  38.510  27.641  7.186 0.1000000015
99035  40.587  27.141  4.040 0.1000000015
99037  36.308  28.101  4.542 0.1000000015
99042  31.753  28.062  4.486 0.1000000015
99063  43.988  27.228  2.166 0.1000000015
99066  32.508  28.431  2.901 0.1000000015
99078  34.551  28.630  1.984 0.1000000015
99084  44.314  28.599  1.464 0.1000000015
99139  38.434  28.604  -4.002 0.1000000015
99140  37.988  28.411  -3.963 0.1000000015
99141  36.628  28.161  -4.158 0.1000000015
99142  35.733  28.278  -3.945 0.1000000015
99143  34.922  28.468  -3.538 0.1000000015
99144  34.363  28.541  -3.294 0.1000000015
99157  37.007  28.404  -4.565 0.1000000015
99170  36.726  28.652  -4.790 0.1000000015
99171  36.233  28.782  -4.739 0.1000000015
99645  42.528  29.648  17.677 0.2000000030
99655  45.263  29.644  16.267 0.2000000030
99661  30.863  29.202  16.502 0.1000000015
99687  44.602  29.724  14.110 0.1000000015
99691  36.597  29.737  14.751 0.1000000015
99703  39.010  29.180  13.499 0.1000000015
99711  49.809  29.613  13.294 0.3000000119
99714  40.311  29.231  12.281 0.1000000015
99715  38.841  29.921  13.000 0.1000000015
99757  47.164  30.169  8.212 0.1000000015
99818  38.793  30.089  5.085 0.1000000015
99822  40.546  29.218  3.243 0.1000000015
99885  35.398  29.291  -1.841 0.1000000015
99912  33.843  28.576  -2.704 0.1000000015
99927  38.800  28.907  -4.190 0.1000000015
99948  37.116  29.342  -5.075 0.1000000015
99950  35.105  28.821  -4.264 0.1000000015
100447  49.762  31.338  15.939 0.3000000119
100461  50.450  31.134  14.824 0.3000000119
100477  50.481  30.733  14.267 0.3000000119
100480  43.723  30.503  14.246 0.1000000015
100481  43.193  30.474  13.883 0.1000000015
100498  45.659  29.893  14.068 0.1000000015
100500  42.694  30.653  13.255 0.1000000015
100517  38.450  30.667  12.469 0.1000000015
100570  42.267  30.264  8.454 0.1000000015
100576  47.000  30.769  7.460 0.1000000015
100597  40.192  30.212  3.171 0.1000000015
100601  45.549  29.591  2.087 0.1000000015
100608  46.115  29.855  2.118 0.1000000015
100622  45.911  29.823  1.653 0.1000000015
100623  44.978  30.060  0.833 0.1000000015
100644  33.572  30.296  -0.765 0.1000000015
100691  38.217  29.419  -4.276 0.1000000015
100706  37.488  29.710  -4.705 0.1000000015
101135  46.480  31.516  25.415 0.1000000015
101175  49.240  31.927  16.418 0.2000000030
101193  47.842  32.027  14.093 0.2000000030
101215  34.655  31.437  13.511 0.1000000015
101219  30.936  31.395  14.405 0.1000000015
101282  40.054  31.933  6.616 0.1000000015
101313  43.324  30.888  2.432 0.1000000015
101769  46.448  32.483  25.115 0.1000000015
101810  48.263  33.480  17.987 0.2000000030
101829  41.454  32.858  14.010 0.1000000015
101832  49.573  32.326  14.130 0.2000000030
101833  48.932  32.284  14.046 0.2000000030
101836  41.915  31.904  13.173 0.1000000015
101847  43.117  32.939  10.825 0.1000000015
101858  46.068  32.461  7.661 0.1000000015
101947  39.503  33.037  0.470 0.1000000015
101965  41.571  33.157  -0.077 0.1000000015
101966  40.792  32.644  -0.002 0.1000000015
102360  46.379  33.166  25.525 0.1000000015
102420  49.548  33.389  16.312 0.2000000030
102431  49.592  33.278  14.741 0.2000000030
102439  41.530  33.471  14.507 0.1000000015
102449  41.023  33.263  13.380 0.1000000015
102464  45.715  33.940  9.088 0.1000000015
102468  45.877  33.668  8.617 0.1000000015
102542  37.812  33.575  2.715 0.1000000015
102562  42.452  34.178  -0.020 0.1000000015
102940  45.696  34.289  26.213 0.1000000015
102942  44.239  34.494  26.260 0.1000000015
103020  47.803  34.249  18.642 0.2000000030
103045  42.465  34.745  15.122 0.1000000015
103052  41.352  34.345  14.740 0.1000000015
103055  39.987  34.533  13.194 0.1000000015
103058  40.118  34.288  12.363 0.1000000015
103068  42.042  34.682  10.325 0.1000000015
103077  45.348  35.269  8.657 0.1000000015
103184  41.793  35.028  0.157 0.1000000015
103677  46.296  35.821  17.785 0.1000000015
103711  39.895  35.315  13.713 0.1000000015
103718  39.160  35.336  12.437 0.1000000015
103727  41.358  35.149  10.106 0.1000000015
103728  40.435  35.155  10.472 0.1000000015
103729  39.585  35.354  10.911 0.1000000015
103734  42.778  35.612  9.474 0.1000000015
103782  38.483  35.368  5.227 0.1000000015
103804  39.519  35.421  2.802 0.1000000015
103813  39.361  35.222  2.488 0.1000000015
103822  40.401  35.382  1.508 0.1000000015
103823  39.787  35.229  1.919 0.1000000015
103835  41.237  35.339  0.735 0.1000000015
103849  41.998  35.098  0.055 0.1000000015
104287  47.837  36.685  17.207 0.1000000015
104304  48.257  36.426  16.276 0.2000000030
104320  45.055  37.256  14.826 0.2000000030
104333  38.889  35.804  12.830 0.1000000015
104339  38.519  36.519  10.852 0.1000000015
104362  43.279  36.960  7.995 0.1000000015
104380  46.175  37.472  6.509 0.1000000015
104405  40.286  36.531  5.054 0.1000000015
104442  44.910  35.982  1.419 0.1000000015
104444  42.825  35.835  1.034 0.1000000015
104456  42.066  35.501  0.544 0.1000000015
104937  37.947  37.234  11.361 0.1000000015
104945  37.654  37.839  10.901 0.1000000015
104962  40.350  37.445  8.287 0.1000000015
104963  39.596  37.794  8.624 0.1000000015
105012  40.016  37.196  5.441 0.1000000015
105026  39.960  38.133  5.214 0.1000000015
105477  44.804  38.618  14.215 0.1000000015
105505  37.295  38.406  11.373 0.1000000015
105514  37.395  38.569  10.577 0.1000000015
105522  38.336  38.848  9.374 0.1000000015
105554  41.652  38.758  6.535 0.1000000015
105555  40.897  39.271  6.863 0.1000000015
106022  37.874  39.684  12.971 0.1000000015
106051  39.212  39.564  8.481 0.1000000015
106052  38.610  39.589  8.993 0.1000000015
106079  42.933  38.865  5.831 0.1000000015
106147  44.882  40.249  0.971 0.1000000015
106519  36.548  40.543  11.607 0.1000000015
106599  45.334  40.879  1.820 0.1000000015
106600  44.745  41.196  1.385 0.1000000015
106616  44.688  40.853  1.097 0.1000000015
106993  36.666  42.128  13.073 0.1000000015
107007  37.599  41.591  9.539 0.1000000015
107011  38.987  41.843  8.531 0.1000000015
107082  44.316  41.804  1.879 0.1000000015
107086  40.955  41.999  2.220 0.1000000015
107087  40.302  42.461  2.361 0.1000000015
107455  36.972  42.508  10.366 0.1000000015
107561  43.008  42.655  2.243 0.1000000015
107867  36.589  42.950  11.074 0.1000000015
114831  46.895  20.351  10.777 0.5000000000
114860  43.739  21.508  9.624 0.2000000030
115128  43.239  30.853  11.700 0.1000000015
115197  43.037  11.335  13.819 0.1000000015
115310  50.514  11.847  19.327 0.1000000015
115380  36.791  27.809  1.879 0.1000000015
115393  48.045  12.346  16.548 0.1000000015
115766  27.503  29.668  14.601 0.1000000015
115941  38.059  31.430  9.006 0.1000000015
116440  38.646  31.212  6.814 0.1000000015
116680  45.793  16.537  20.007 0.5000000000
117402  36.024  25.241  14.463 0.1000000015
117426  42.337  41.700  2.044 0.1000000015
117485  39.283  22.104  12.084 0.2000000030
117603  45.407  17.243  19.040 0.4000000060
118168  42.322  37.630  7.174 0.1000000015
118292  49.570  20.099  14.420 0.5000000000
118817  49.585  32.836  14.447 0.2000000030
118863  30.612  30.445  15.771 0.1000000015
118977  44.192  31.053  10.668 0.1000000015
119598  38.402  30.710  6.359 0.1000000015
119658  41.337  15.384  26.663 0.5000000000
119718  41.385  32.929  12.630 0.1000000015
120031  48.062  23.095  10.321 0.4000000060
120040  43.479  10.444  18.087 0.2000000030
120396  45.485  29.279  7.092 0.1000000015
120456  45.154  34.161  9.559 0.1000000015
121021  44.477  35.173  9.557 0.1000000015
122094  46.108  11.624  25.522 0.1000000015
122383  47.409  30.150  7.477 0.1000000015
122829  48.069  27.251  6.760 0.1000000015
122874  38.784  31.496  8.702 0.1000000015
122912  50.821  23.788  11.275 0.4000000060
123096  44.673  25.525  8.006 0.1000000015
123100  45.150  35.740  8.557 0.1000000015
123209  41.469  27.065  11.770 0.1000000015
124049  36.886  39.056  11.091 0.1000000015
124358  41.120  33.070  5.535 0.1000000015
124418  39.442  10.565  18.222 0.2000000030
124726  38.227  42.090  9.148 0.1000000015
124783  36.324  30.477  14.445 0.1000000015
125468  42.316  15.657  21.858 0.5000000000
125786  43.394  28.636  0.869 0.1000000015
126634  39.843  38.384  13.389 0.1000000015
127490  40.015  40.061  7.659 0.1000000015
127611  37.297  28.291  -4.260 0.1000000015
127689  38.364  36.908  12.582 0.1000000015
127905  43.950  28.778  12.826 0.1000000015
128010  41.489  36.604  8.616 0.1000000015
128093  37.751  26.667  7.606 0.1000000015
128523  41.946  34.651  -0.063 0.1000000015
128670  36.934  41.033  9.966 0.1000000015
128845  38.537  12.050  19.510 0.3000000119
128907  40.110  26.212  2.659 0.1000000015
129127  39.545  16.366  16.538 0.2000000030
129295  38.451  26.968  27.502 0.4000000060
129556  26.999  12.580  28.079 0.1000000015
129796  42.985  22.252  9.281 0.2000000030
130154  52.696  21.351  18.584 0.6000000238
130179  36.594  31.512  12.598 0.1000000015
130808  44.663  22.754  21.746 0.3000000119
130828  40.963  35.058  0.664 0.1000000015
130830  43.894  12.480  9.917 0.1000000015
131463  30.348  31.257  13.966 0.1000000015
131635  44.118  35.094  0.675 0.1000000015
132117  44.441  42.459  3.253 0.1000000015
132310  44.216  11.701  25.645 0.3000000119
132327  47.837  20.335  11.569 0.5000000000
132922  35.689  28.939  -4.640 0.1000000015
133152  48.848  20.457  11.540 0.5000000000
133204  45.269  32.797  7.679 0.1000000015
133895  38.515  22.532  15.150 0.2000000030
134250  39.406  30.049  4.132 0.1000000015
134456  41.849  36.164  14.658 0.1000000015
134461  35.759  21.528  14.864 0.1000000015
134499  41.560  10.377  18.553 0.2000000030
134616  37.089  27.850  0.648 0.1000000015
134648  37.950  27.253  3.618 0.1000000015
135215  40.906  36.743  4.642 0.1000000015
135240  38.961  27.008  1.454 0.1000000015
135318  48.770  32.392  16.881 0.2000000030
135443  38.573  24.858  28.807 0.5000000000
135478  50.901  19.601  13.932 0.6000000238
135638  47.355  32.575  17.885 0.2000000030
136123  32.373  16.675  27.498 0.1000000015
136411  43.482  38.006  14.222 0.2000000030
136476  37.742  21.718  13.684 0.1000000015
136840  43.888  27.590  8.758 0.1000000015
137029  33.947  28.363  2.496 0.1000000015
137122  38.628  37.655  9.552 0.1000000015
137147  44.734  11.666  26.894 0.1000000015
137237  51.980  20.749  13.745 0.6000000238
137263  43.984  23.212  8.564 0.2000000030
137328  43.700  30.941  11.183 0.1000000015
137722  46.508  22.533  22.286 0.3000000119
137726  45.119  22.872  15.839 0.3000000119
137922  46.102  21.922  8.725 0.4000000060
138008  50.054  30.579  13.559 0.3000000119
138049  50.639  29.258  14.103 0.3000000119
138107  38.394  22.221  12.142 0.1000000015
138117  51.384  24.391  12.073 0.4000000060
138177  43.368  23.636  15.473 0.2000000030
138411  47.313  16.776  33.321 0.8000000119
138541  50.098  28.764  13.038 0.3000000119
138572  35.831  27.239  15.270 0.1000000015
138617  36.811  39.444  11.487 0.1000000015
138627  50.102  31.325  13.793 0.3000000119
138681  36.675  27.149  9.012 0.1000000015
138755  43.352  16.882  17.459 0.2000000030
138824  50.910  26.426  12.653 0.4000000060
138907  48.783  22.009  23.890 0.4000000060
139024  46.804  24.433  9.684 0.3000000119
139064  51.602  19.831  13.636 0.6000000238
139122  45.364  28.236  15.847 0.2000000030
139184  36.364  25.737  14.490 0.1000000015
139224  42.107  26.089  11.018 0.1000000015
