#!ascii label  , from subject sub-v1s12x0050109_ses-1 vox2ras=TkReg
3214
1236  -8.005  -80.248  -32.086 0.8999999762
1251  -8.497  -79.714  -32.864 0.8999999762
1227  -9.307  -80.211  -31.404 0.8999999762
1235  -6.919  -79.624  -31.698 0.8999999762
1646  -7.418  -79.476  -32.569 0.8999999762
2112  -7.544  -78.503  -33.909 0.8999999762
2620  -9.883  -77.185  -29.458 0.5000000000
654  -9.140  -81.521  -30.773 0.8000000119
3214  -8.183  -75.839  -29.450 0.6999999881
1622  -8.439  -79.406  -29.054 0.8000000119
927  -6.763  -80.500  -30.674 0.8000000119
1225  -6.028  -79.462  -30.857 0.8999999762
1669  -8.788  -78.867  -34.542 0.8999999762
1645  -6.327  -78.829  -31.736 0.8999999762
1655  -6.836  -78.790  -32.958 0.8999999762
3281  -2.130  -75.039  -32.189 0.6999999881
124556  -4.482  -76.089  -32.547 0.8000000119
2688  -6.049  -76.802  -33.487 0.8999999762
3291  -3.821  -75.257  -33.854 0.6999999881
2686  -1.865  -76.020  -33.955 0.8000000119
415  -8.271  -82.165  -28.283 0.8000000119
633  -8.557  -81.899  -28.138 0.8000000119
921  -9.230  -81.475  -30.015 0.8000000119
1218  -9.129  -80.394  -29.694 0.8000000119
3226  -8.074  -75.825  -29.946 0.6999999881
637  -7.945  -82.237  -29.018 0.6999999881
1639  -8.827  -79.146  -30.937 0.8000000119
139143  -6.313  -81.502  -29.086 0.8000000119
644  -7.320  -81.712  -29.490 0.6999999881
645  -8.332  -81.953  -29.854 0.8000000119
929  -8.763  -81.366  -31.200 0.8999999762
2105  -8.179  -77.366  -31.606 0.8000000119
919  -6.326  -80.972  -29.799 0.8000000119
1647  -9.192  -79.397  -32.662 0.8999999762
2122  -7.123  -77.704  -34.175 0.8999999762
2654  -2.917  -75.837  -30.197 0.6999999881
2094  -4.531  -77.661  -30.701 0.6999999881
2111  -6.302  -77.722  -33.038 0.8999999762
3267  -3.731  -75.732  -32.233 0.8000000119
2677  -5.318  -76.724  -32.602 0.8999999762
3296  -3.616  -75.156  -34.753 0.6999999881
2589  -9.405  -77.324  -27.793 0.6000000238
127043  -8.078  -75.987  -27.847 0.8999999762
207  -7.951  -82.762  -26.838 0.8000000119
2604  -7.394  -76.331  -27.834 1.0000000000
414  -7.849  -82.494  -27.391 0.8000000119
124390  -3.302  -82.988  -26.894 0.5000000000
116458  -6.970  -81.884  -28.596 0.6999999881
638  -8.389  -82.058  -29.170 0.8000000119
123714  -7.573  -77.117  -29.942 0.8000000119
407  -2.948  -82.324  -27.134 0.5000000000
130729  -9.244  -80.039  -30.578 0.8999999762
133008  -7.691  -76.255  -29.913 0.8000000119
911  -3.834  -80.222  -27.976 0.6000000238
132742  -9.241  -79.597  -31.891 0.8999999762
2106  -8.911  -78.335  -32.768 0.8999999762
2635  -2.707  -76.027  -29.367 0.6000000238
2689  -8.952  -78.162  -35.056 0.8999999762
3212  -1.687  -74.841  -28.200 0.5000000000
3224  -1.811  -74.689  -29.110 0.6000000238
3912  -1.487  -74.984  -31.918 0.6999999881
124552  -6.087  -78.076  -32.115 0.8999999762
2123  -8.203  -78.261  -34.605 0.8999999762
3279  -0.697  -75.400  -31.691 0.6000000238
2666  -3.659  -76.078  -31.400 0.8000000119
2696  -6.746  -76.672  -34.433 0.8000000119
3282  -2.960  -75.296  -32.679 0.8000000119
2101  -0.786  -76.776  -31.630 0.4000000060
2675  -1.360  -75.893  -32.921 0.8000000119
3290  -2.928  -75.479  -34.121 0.8000000119
1904  -2.709  -77.221  -15.526 0.6999999881
2449  -2.387  -76.614  -16.126 0.8000000119
2448  -1.832  -75.670  -15.842 0.8000000119
4412  -2.657  -74.240  -16.999 0.8000000119
121382  -3.211  -77.670  -17.027 0.8000000119
2457  -2.130  -75.887  -16.668 0.8000000119
136720  -2.672  -76.674  -17.853 0.8000000119
3071  -2.046  -75.093  -17.146 0.8000000119
4420  -3.057  -73.788  -17.996 0.8000000119
131192  -8.041  -77.274  -24.009 0.8999999762
193  -6.133  -83.884  -24.877 0.6000000238
3202  -7.799  -76.020  -28.014 0.8999999762
627  -8.456  -82.135  -27.183 0.8999999762
2044  -7.005  -77.061  -27.764 1.0000000000
2062  -7.284  -76.724  -28.503 0.8000000119
413  -6.459  -82.082  -27.714 0.8000000119
1210  -8.670  -80.124  -28.533 0.8000000119
2082  -7.499  -77.384  -29.149 0.8000000119
636  -5.778  -81.609  -28.315 0.6999999881
116781  -9.339  -80.854  -30.767 0.8000000119
635  -5.023  -81.195  -28.352 0.6999999881
2678  -8.549  -76.627  -33.548 0.8000000119
2617  -2.065  -75.588  -27.884 0.6000000238
1216  -4.716  -79.480  -29.040 0.6999999881
2113  -9.107  -78.106  -33.805 0.8000000119
2095  -5.343  -78.067  -31.321 0.8999999762
3299  -7.768  -76.566  -35.119 0.6999999881
2131  -8.038  -77.557  -34.810 0.8000000119
116276  -0.114  -75.427  -31.069 0.5000000000
3876  -1.008  -74.547  -29.693 0.5000000000
3888  -1.026  -74.592  -30.659 0.6999999881
3265  -2.448  -74.990  -31.346 0.6999999881
3266  -2.995  -75.330  -31.828 0.8000000119
3292  -5.666  -75.581  -34.275 0.6999999881
1249  -2.732  -79.278  -32.514 0.5000000000
1653  -1.751  -77.800  -32.471 0.5000000000
3924  -4.559  -74.888  -35.134 0.6999999881
1891  -3.050  -77.591  -14.875 0.6000000238
1466  -3.383  -78.038  -15.673 0.6999999881
1476  -3.526  -78.154  -16.542 0.8000000119
117914  -2.958  -77.476  -16.323 0.8000000119
1921  -3.236  -77.471  -17.897 0.8000000119
1936  -2.942  -76.739  -18.629 0.8000000119
134954  -2.240  -75.324  -17.849 0.8000000119
3727  -2.347  -74.467  -17.223 0.8000000119
117949  -2.589  -75.852  -19.117 0.8000000119
3089  -2.253  -75.131  -18.561 0.8000000119
117007  -2.454  -74.256  -18.013 0.8000000119
2588  -8.366  -76.544  -26.529 0.8999999762
2605  -8.657  -76.383  -27.850 0.6999999881
135097  -4.239  -84.578  -25.196 0.6000000238
202  -7.129  -83.248  -26.372 0.8000000119
3203  -8.903  -76.229  -29.142 0.8000000119
93  -6.569  -83.099  -26.456 0.6000000238
129034  -7.821  -75.936  -29.377 0.8000000119
3227  -8.805  -75.699  -30.209 0.6999999881
908  -8.766  -80.818  -27.886 0.6999999881
632  -5.350  -82.077  -27.616 0.6999999881
123664  -8.132  -82.204  -28.252 0.8000000119
116355  -4.972  -81.623  -27.936 0.6999999881
639  -8.770  -81.924  -29.246 0.8000000119
2096  -8.084  -77.824  -30.807 0.8000000119
906  -4.319  -81.154  -27.850 0.6999999881
629  -2.725  -81.463  -27.229 0.5000000000
912  -4.704  -80.375  -28.537 0.6999999881
2668  -8.250  -76.767  -32.403 0.8000000119
3201  -1.249  -75.167  -27.543 0.3000000119
1203  -3.141  -79.990  -27.523 0.5000000000
2690  -9.139  -77.816  -34.727 0.8000000119
1630  -3.817  -78.281  -29.169 0.6999999881
1631  -4.537  -78.752  -29.517 0.6999999881
2080  -3.492  -77.500  -29.527 0.6000000238
2636  -3.203  -76.677  -29.853 0.6000000238
2093  -3.829  -77.196  -30.268 0.6999999881
2104  -5.403  -77.366  -31.976 0.8999999762
3312  -7.282  -75.606  -35.640 0.6000000238
120465  -0.177  -76.683  -30.707 0.4000000060
3280  -1.531  -75.390  -32.463 0.6000000238
1638  -0.385  -78.772  -30.057 0.4000000060
1234  -2.203  -79.976  -31.423 0.4000000060
2102  -1.286  -77.750  -31.696 0.4000000060
2120  -1.737  -76.510  -33.621 0.8000000119
2121  -2.208  -77.236  -34.478 0.8000000119
1937  -3.599  -77.519  -18.976 0.8000000119
589  -3.914  -81.253  -20.613 0.5000000000
129362  -3.344  -81.712  -21.407 0.5000000000
854  -3.886  -80.163  -20.906 0.5000000000
115353  -2.232  -74.686  -17.915 0.8000000119
122846  -3.388  -82.803  -22.203 0.5000000000
117343  -3.384  -80.753  -21.413 0.5000000000
4451  -2.609  -74.141  -19.144 0.8000000119
116731  -3.164  -82.014  -22.144 0.5000000000
592  -3.004  -81.108  -22.034 0.5000000000
118827  -4.657  -84.015  -23.015 0.5000000000
177  -4.044  -83.318  -22.687 0.5000000000
378  -3.467  -82.300  -22.660 0.5000000000
80  -5.313  -84.443  -24.668 0.5000000000
89  -6.340  -83.933  -26.306 0.6000000238
400  -7.777  -82.432  -25.888 0.8000000119
405  -8.451  -82.859  -26.913 0.8999999762
1607  -6.933  -77.457  -27.059 1.0000000000
907  -8.361  -80.519  -27.045 0.8999999762
1204  -8.233  -79.809  -27.560 0.8999999762
1209  -7.797  -78.911  -28.220 0.8999999762
3268  -8.118  -75.895  -31.420 0.6999999881
628  -1.911  -81.090  -26.964 0.5000000000
3269  -8.425  -75.729  -32.463 0.6999999881
3284  -8.618  -75.556  -33.437 0.8000000119
2042  -1.829  -77.568  -26.873 0.4000000060
1208  -4.017  -79.547  -28.491 0.6999999881
1619  -3.403  -78.774  -28.436 0.6000000238
1618  -2.656  -78.160  -28.053 0.5000000000
2060  -2.559  -77.246  -28.321 0.5000000000
2081  -4.194  -77.987  -29.935 0.6999999881
2079  -2.850  -76.969  -29.113 0.6000000238
3889  -1.925  -74.712  -30.792 0.6999999881
121173  -2.930  -80.111  -32.352 0.5000000000
1422  -4.055  -79.171  -11.941 0.4000000060
1450  -4.279  -78.865  -13.840 0.4000000060
1421  -3.222  -78.552  -11.655 0.4000000060
1477  -4.110  -78.737  -16.798 0.6000000238
826  -5.228  -79.772  -19.085 0.4000000060
855  -4.516  -80.295  -20.210 0.6000000238
1143  -4.297  -79.458  -20.446 0.6000000238
2019  -10.226  -79.044  -26.605 0.8000000119
169  -3.924  -84.043  -21.529 0.4000000060
2032  -10.125  -78.622  -27.695 0.6000000238
78  -4.179  -84.876  -23.679 0.4000000060
87  -3.570  -84.754  -24.782 0.4000000060
88  -5.016  -84.532  -25.303 0.6000000238
3188  -7.776  -76.112  -26.663 0.8999999762
119296  -5.857  -84.291  -25.551 0.6000000238
201  -6.581  -83.877  -25.855 0.6000000238
2587  -7.587  -76.198  -27.024 0.8999999762
92  -5.474  -84.178  -26.022 0.6000000238
892  -7.165  -80.835  -25.422 0.8999999762
2603  -7.094  -76.616  -26.938 1.0000000000
127185  -7.926  -80.515  -26.460 0.8999999762
1592  -6.955  -78.463  -26.780 0.8999999762
1608  -7.083  -78.057  -27.610 0.8999999762
1191  -6.832  -79.268  -26.136 0.8999999762
118288  -8.724  -75.402  -34.312 0.8000000119
1606  -2.232  -78.348  -27.232 0.5000000000
1202  -2.784  -79.124  -27.612 0.5000000000
2600  -0.684  -75.829  -26.994 0.3000000119
2030  -1.166  -77.547  -26.363 0.4000000060
134340  -1.544  -79.452  -30.888 0.4000000060
675  -4.571  -81.512  -33.455 0.6000000238
684  -1.763  -82.057  -34.242 0.6000000238
138738  4.277  -79.253  -35.757 0.4000000060
1678  4.930  -79.059  -35.950 0.5000000000
1072  -4.750  -79.506  -13.389 0.3000000119
3717  -1.711  -74.710  -15.997 0.8000000119
118352  -4.402  -82.156  -20.053 0.4000000060
1130  -4.471  -78.851  -19.855 0.6999999881
588  -3.717  -82.407  -20.739 0.5000000000
3062  -1.743  -75.102  -16.306 0.8000000119
1578  -10.678  -79.886  -25.876 0.6000000238
160  -3.688  -83.247  -20.942 0.4000000060
1562  -10.432  -79.816  -24.784 0.8000000119
161  -4.070  -83.990  -20.843 0.4000000060
2005  -9.760  -78.677  -25.403 0.8000000119
1995  -9.256  -78.583  -24.223 0.8000000119
2004  -8.759  -77.316  -25.004 0.8000000119
2546  -7.384  -76.782  -23.415 1.0000000000
178  -4.171  -84.004  -22.236 0.5000000000
132587  -8.233  -76.344  -25.466 0.8999999762
2552  -8.005  -76.145  -24.759 0.8999999762
23  -3.057  -84.683  -22.103 0.4000000060
2569  -9.231  -77.583  -26.265 0.8000000119
185  -5.287  -83.888  -23.994 0.5000000000
3177  -7.580  -75.742  -25.631 1.0000000000
70  -0.839  -84.518  -22.219 0.4000000060
3187  -7.234  -75.843  -26.150 1.0000000000
194  -6.812  -83.276  -25.602 0.6000000238
619  -7.534  -81.749  -25.633 0.8999999762
132746  -7.117  -76.042  -26.349 0.8999999762
399  -7.063  -82.364  -25.219 0.8000000119
1182  -7.329  -80.205  -26.022 0.8999999762
1576  -5.859  -78.093  -25.540 0.8999999762
2586  -6.659  -76.444  -26.188 1.0000000000
1577  -6.392  -78.264  -26.118 0.8999999762
2031  -6.629  -77.382  -26.528 0.8999999762
2584  -0.565  -76.733  -26.344 0.3000000119
2016  -0.488  -77.557  -25.788 0.4000000060
1591  -1.541  -78.532  -26.565 0.4000000060
2015  0.200  -76.759  -25.707 0.3000000119
2014  1.450  -77.316  -24.791 0.3000000119
456  0.084  -82.973  -33.225 0.4000000060
446  -3.725  -82.830  -31.730 0.4000000060
447  -4.170  -83.377  -32.223 0.5000000000
459  -3.230  -83.288  -33.800 0.6000000238
460  -4.217  -83.197  -34.044 0.6000000238
704  3.749  -81.054  -35.093 0.4000000060
125505  4.149  -80.336  -35.425 0.4000000060
2708  5.500  -76.996  -36.399 0.5000000000
138304  -4.255  -79.541  -11.378 0.3000000119
1080  -4.854  -79.581  -14.329 0.3000000119
1064  -4.735  -79.657  -12.524 0.3000000119
1432  -4.108  -78.845  -12.923 0.4000000060
131429  -3.498  -78.568  -12.355 0.4000000060
118200  -3.885  -78.588  -16.120 0.6000000238
138608  -3.837  -78.425  -14.235 0.4000000060
1890  -2.558  -77.199  -14.156 0.6000000238
122461  -2.440  -76.959  -14.844 0.6999999881
1527  -8.125  -79.471  -21.211 1.0000000000
1534  -8.486  -79.249  -21.955 0.8999999762
1131  -4.788  -79.633  -19.764 0.4000000060
1496  -4.066  -78.311  -18.409 0.8000000119
3052  -1.447  -74.970  -15.612 0.8000000119
1967  -6.886  -77.451  -20.472 0.8999999762
3091  -5.240  -75.150  -18.538 0.8000000119
1533  -7.730  -78.477  -21.630 1.0000000000
368  -4.280  -83.306  -20.220 0.3000000119
3728  -3.124  -73.995  -17.281 0.8000000119
1994  -8.517  -78.258  -23.268 1.0000000000
1511  -4.170  -78.188  -19.391 0.6999999881
1948  -3.154  -76.751  -19.695 0.8000000119
3746  -3.699  -74.076  -18.255 0.8000000119
3090  -4.550  -74.609  -18.291 0.8000000119
2497  -6.240  -76.385  -19.405 0.8999999762
1984  -7.345  -77.655  -22.145 1.0000000000
372  -3.376  -82.659  -21.525 0.5000000000
4436  -3.096  -73.808  -18.571 0.8000000119
132557  -5.609  -75.725  -19.913 0.8999999762
2513  -6.274  -76.609  -20.373 0.8999999762
1151  -3.785  -79.328  -21.153 0.6000000238
3761  -2.366  -74.512  -19.655 0.8000000119
1993  -7.699  -77.526  -22.985 1.0000000000
864  -3.451  -79.987  -21.488 0.6000000238
3104  -2.146  -75.028  -19.573 0.8000000119
3763  -4.115  -74.266  -19.503 0.8000000119
1150  -3.307  -79.372  -21.787 0.6999999881
4464  -2.691  -74.125  -19.788 0.8000000119
128485  -7.447  -76.129  -24.085 0.8999999762
603  -3.751  -81.729  -23.192 0.5000000000
3167  -7.752  -75.330  -25.032 1.0000000000
3166  -7.562  -75.365  -24.610 1.0000000000
27  -3.532  -84.831  -23.064 0.4000000060
385  -4.143  -82.503  -23.168 0.5000000000
3820  -6.163  -74.718  -24.415 0.8999999762
3839  -7.287  -74.860  -25.207 1.0000000000
386  -5.639  -83.118  -24.185 0.5000000000
77  -2.174  -84.879  -23.419 0.4000000060
83  -2.662  -84.781  -24.269 0.4000000060
84  -3.636  -85.049  -23.972 0.4000000060
391  -6.359  -82.815  -24.729 0.6000000238
2567  -5.827  -75.546  -25.289 0.8999999762
2568  -6.129  -76.363  -25.604 0.8999999762
612  -6.434  -81.781  -24.650 0.8000000119
618  -7.008  -81.489  -25.034 0.8000000119
1561  -5.320  -77.992  -24.962 0.8999999762
2018  -6.206  -77.289  -25.890 0.8999999762
1181  -6.595  -79.936  -25.484 0.8999999762
127900  -6.159  -78.983  -25.585 0.8999999762
2000  2.209  -78.013  -24.619 0.3000000119
1557  2.826  -78.745  -24.700 0.3000000119
129389  5.459  -83.653  -31.647 0.6000000238
425  -2.596  -83.719  -30.720 0.4000000060
703  4.526  -80.963  -35.290 0.4000000060
445  -1.305  -83.735  -32.130 0.6000000238
133737  -3.133  -84.095  -31.520 0.6000000238
466  1.988  -82.397  -34.153 0.5000000000
248  -2.598  -83.834  -32.588 0.6000000238
975  4.913  -80.200  -35.526 0.5000000000
1691  7.062  -78.076  -36.579 0.6000000238
1693  5.599  -78.723  -36.212 0.6000000238
131354  6.544  -77.811  -36.625 0.6000000238
118991  6.416  -77.328  -36.744 0.6000000238
3317  7.042  -76.251  -36.920 0.6000000238
4591  7.047  -73.887  -36.758 0.5000000000
3332  7.213  -75.911  -39.277 0.6000000238
118677  7.219  -75.055  -39.735 0.5000000000
1094  -4.661  -79.382  -15.260 0.3000000119
1430  -2.695  -77.971  -12.311 0.4000000060
871  -10.723  -80.410  -22.595 0.6000000238
2440  -1.737  -76.275  -14.336 0.6999999881
2439  -1.414  -75.390  -14.949 0.6999999881
1160  -9.235  -79.933  -22.283 0.8999999762
1543  -9.740  -79.936  -22.941 0.8000000119
119140  -7.239  -77.835  -19.726 1.0000000000
1552  -10.944  -80.384  -24.189 0.6000000238
1550  -9.284  -79.102  -23.381 0.8000000119
1542  -8.873  -79.085  -22.697 0.8999999762
1541  -8.056  -78.354  -22.442 1.0000000000
3106  -5.285  -75.220  -19.244 0.8000000119
1977  -6.581  -77.071  -21.040 1.0000000000
139001  -4.191  -78.219  -20.112 0.6999999881
119376  -4.742  -74.706  -19.046 0.8000000119
2527  -6.621  -76.949  -21.845 0.8999999762
3105  -4.825  -74.830  -19.906 0.8000000119
2536  -7.007  -76.928  -22.717 1.0000000000
19  -3.641  -84.278  -21.374 0.4000000060
168  -3.720  -83.601  -21.716 0.4000000060
1976  -3.291  -77.377  -21.185 0.8000000119
3762  -3.283  -73.961  -19.772 0.8000000119
3124  -5.063  -75.209  -20.690 0.8999999762
2512  -5.624  -76.022  -20.962 0.8999999762
2545  -6.821  -76.036  -23.381 1.0000000000
21  -1.813  -84.932  -21.704 0.4000000060
72  -4.008  -84.094  -22.250 0.4000000060
128757  -3.045  -77.656  -21.831 0.8000000119
3103  -2.095  -74.832  -20.221 0.8000000119
3157  -6.512  -75.061  -23.788 0.8999999762
26  -2.746  -84.891  -22.750 0.4000000060
3138  -1.744  -75.263  -21.414 0.8000000119
3827  -4.748  -74.977  -24.418 0.8999999762
3165  -5.382  -75.018  -24.915 0.8999999762
3828  -6.150  -74.633  -25.013 1.0000000000
605  -5.617  -82.074  -24.176 0.6999999881
2003  -4.977  -76.912  -24.734 0.8999999762
126496  -5.532  -76.344  -25.182 0.8999999762
886  -6.368  -80.723  -24.846 0.8999999762
2017  -5.672  -77.196  -25.321 0.8999999762
1175  -5.838  -79.590  -24.903 0.8999999762
1180  -5.668  -78.704  -25.129 0.8999999762
661  2.399  -82.721  -30.546 0.4000000060
435  -0.335  -83.388  -30.127 0.4000000060
443  0.369  -83.721  -32.128 0.6999999881
97  -2.173  -84.243  -30.696 0.6000000238
246  1.663  -83.291  -32.978 0.6000000238
465  2.989  -82.588  -34.016 0.6000000238
130044  7.937  -79.649  -35.646 0.4000000060
1285  8.225  -78.756  -36.088 0.5000000000
136391  7.569  -78.390  -36.393 0.4000000060
2142  7.668  -77.246  -36.979 0.6000000238
2714  7.757  -76.823  -38.450 0.6000000238
2715  7.362  -76.577  -37.846 0.6000000238
123547  -5.163  -64.435  -42.337 0.6999999881
10784  -4.708  -65.883  -41.256 0.6000000238
2731  8.244  -76.547  -40.110 0.6000000238
4625  7.410  -74.027  -40.342 0.6999999881
3350  8.667  -75.471  -41.939 0.6000000238
4629  7.633  -73.545  -41.639 0.5000000000
5297  7.805  -72.434  -41.555 0.5000000000
1874  -1.809  -77.200  -12.635 0.5000000000
1880  -1.787  -76.775  -13.442 0.6000000238
1467  -4.052  -78.704  -15.461 0.5000000000
2430  -1.173  -75.794  -13.444 0.6999999881
3043  -1.128  -74.831  -14.408 0.6999999881
129849  -1.284  -74.783  -15.031 0.8000000119
125696  -2.518  -74.157  -15.742 0.8000000119
123768  -3.530  -74.252  -16.615 0.8000000119
1526  -7.531  -78.460  -20.663 1.0000000000
3073  -5.096  -75.110  -17.729 0.8000000119
3140  -5.826  -76.148  -21.957 0.8999999762
3780  -3.993  -74.277  -20.429 0.8000000119
1965  -2.771  -76.562  -20.794 0.8000000119
3139  -5.131  -75.364  -21.600 0.8999999762
863  -3.117  -80.222  -21.953 0.6000000238
3779  -2.890  -74.141  -20.700 0.8000000119
116882  -3.616  -74.328  -21.226 0.8000000119
3148  -6.035  -75.696  -22.953 0.8999999762
20  -1.146  -84.947  -21.562 0.3000000119
869  -3.194  -80.396  -22.544 0.5000000000
1540  -3.167  -78.472  -22.290 0.8000000119
2525  -1.854  -76.014  -21.718 0.8000000119
3156  -5.644  -75.018  -23.540 0.8999999762
25  -1.974  -84.914  -22.569 0.4000000060
604  -4.637  -82.034  -23.706 0.5000000000
1975  -2.500  -76.792  -21.715 0.8000000119
3146  -1.958  -75.421  -22.745 0.8000000119
3164  -4.419  -75.294  -24.507 0.8999999762
81  -0.827  -84.404  -24.056 0.4000000060
876  -4.172  -80.455  -23.564 0.6999999881
116878  -5.796  -81.188  -24.380 0.6000000238
2002  -4.246  -77.028  -24.222 0.8999999762
885  -5.531  -80.354  -24.376 0.8999999762
118049  -5.268  -79.577  -24.339 0.8999999762
1560  -4.590  -78.063  -24.321 0.8999999762
236  2.888  -83.961  -31.538 0.6000000238
238  0.594  -84.129  -30.904 0.5000000000
422  0.064  -84.071  -29.890 0.5000000000
128108  2.383  -83.577  -32.536 0.6000000238
126319  5.652  -81.447  -35.118 0.5000000000
464  3.918  -82.436  -34.207 0.4000000060
693  3.386  -81.827  -34.731 0.4000000060
702  5.277  -80.908  -35.435 0.5000000000
1689  9.103  -77.955  -36.604 0.5000000000
1272  6.914  -79.545  -35.862 0.4000000060
10798  -5.038  -66.200  -42.829 0.5000000000
2163  9.454  -77.258  -39.465 0.6000000238
129782  8.524  -77.275  -38.003 0.5000000000
2730  9.201  -76.859  -40.315 0.6000000238
2739  9.024  -76.055  -41.698 0.6000000238
115996  7.577  -74.488  -41.711 0.6999999881
3991  7.311  -75.173  -40.946 0.6999999881
136563  7.897  -73.992  -42.538 0.6000000238
5300  8.650  -72.927  -43.825 0.5000000000
134115  8.912  -71.671  -44.485 0.6000000238
856  -9.109  -80.869  -20.737 0.8999999762
3031  -1.018  -75.005  -13.614 0.6999999881
870  -9.974  -80.702  -22.280 0.8999999762
1152  -9.014  -80.364  -21.531 1.0000000000
3709  -2.630  -74.105  -15.047 0.8000000119
118293  -5.691  -75.604  -18.070 0.8999999762
116558  -7.039  -77.346  -18.996 1.0000000000
3720  -3.386  -74.267  -15.748 0.8000000119
3123  -4.428  -74.671  -21.253 0.8999999762
3122  -1.990  -75.194  -20.560 0.8000000119
3801  -4.532  -74.878  -22.266 0.8999999762
2511  -2.066  -75.822  -21.010 0.8000000119
3799  -2.895  -74.491  -21.725 0.8000000119
3811  -4.726  -74.933  -23.259 0.8999999762
3147  -5.275  -75.332  -22.567 0.8999999762
3808  -2.248  -74.871  -22.322 0.8000000119
3800  -3.758  -74.555  -22.022 0.8999999762
1159  -3.379  -79.369  -22.730 0.6999999881
875  -3.488  -80.882  -23.179 0.6000000238
2534  -2.023  -76.295  -22.454 0.8000000119
3163  -3.842  -74.995  -24.138 0.8999999762
3818  -4.214  -74.825  -23.861 0.8999999762
1164  -3.571  -79.994  -23.143 0.6999999881
2550  -4.186  -76.059  -24.545 0.8999999762
1549  -4.067  -78.662  -23.633 0.8999999762
13882  2.295  -63.366  -44.622 0.6000000238
124912  3.130  -62.420  -44.599 0.6999999881
11865  3.299  -64.144  -44.190 0.5000000000
12899  2.360  -64.102  -44.652 0.5000000000
13875  1.194  -63.382  -43.867 0.6000000238
13872  3.482  -62.825  -44.212 0.6000000238
13860  0.272  -62.915  -42.849 0.6000000238
12868  -0.482  -63.491  -42.988 0.6000000238
453  4.499  -82.953  -33.452 0.6000000238
247  1.181  -83.849  -31.766 0.6000000238
12869  -1.467  -63.489  -42.969 0.6000000238
118870  -4.074  -64.089  -43.599 0.6000000238
11852  -4.322  -64.793  -43.607 0.6000000238
1271  9.098  -79.379  -35.519 0.5000000000
12891  -4.941  -63.998  -43.669 0.6999999881
9811  -5.269  -66.678  -41.214 0.5000000000
2165  10.999  -77.238  -40.493 0.4000000060
11824  9.759  -63.564  -42.445 0.5000000000
12865  9.761  -62.893  -42.926 0.6000000238
3344  11.155  -76.094  -41.434 0.5000000000
2162  10.261  -77.355  -39.966 0.6000000238
3349  9.395  -75.349  -42.117 0.5000000000
12881  9.527  -62.507  -44.587 0.6999999881
3348  10.186  -75.275  -41.875 0.5000000000
2737  9.525  -76.656  -41.296 0.6000000238
4639  9.112  -73.470  -43.518 0.5000000000
11841  10.107  -63.440  -43.593 0.5000000000
124006  10.051  -62.727  -44.233 0.6999999881
11863  10.304  -63.848  -46.051 0.6999999881
5302  9.178  -72.583  -44.035 0.5000000000
9045  10.158  -66.549  -46.310 0.6999999881
130046  8.995  -72.206  -44.622 0.5000000000
6019  8.290  -72.277  -43.528 0.6000000238
6727  10.261  -70.219  -44.992 0.6999999881
1409  -2.263  -78.278  -10.260 0.3000000119
117252  -1.630  -76.824  -8.989 0.3000000119
134562  -8.534  -80.242  -20.818 0.8999999762
1513  -7.787  -78.764  -19.656 1.0000000000
866  -10.324  -80.780  -21.711 0.8000000119
3710  -3.586  -74.426  -14.813 0.8000000119
2484  -6.332  -76.379  -18.638 0.8999999762
3063  -5.047  -75.260  -16.810 0.8000000119
138767  -6.037  -76.021  -17.736 0.8999999762
3809  -3.074  -74.759  -22.660 0.8999999762
1982  -2.763  -77.250  -22.337 0.8000000119
2543  -2.258  -76.061  -23.228 0.8000000119
1548  -3.445  -78.337  -23.085 0.8000000119
2001  -3.471  -76.483  -23.979 0.8999999762
128028  -3.678  -79.193  -23.208 0.8000000119
1992  -3.846  -77.649  -23.731 0.8999999762
13873  2.610  -62.482  -44.618 0.6000000238
14881  2.967  -61.575  -44.741 0.5000000000
12898  3.299  -63.597  -44.464 0.6000000238
13845  3.667  -62.747  -41.533 0.5000000000
13861  -0.836  -62.783  -42.473 0.6999999881
16788  7.799  -59.685  -41.988 0.6000000238
13863  -3.282  -62.432  -43.488 0.6000000238
114754  7.920  -60.850  -41.125 0.5000000000
15844  7.687  -60.439  -41.077 0.6000000238
14829  7.671  -61.021  -41.145 0.6000000238
13814  4.301  -62.903  -39.234 0.6000000238
12889  -3.534  -63.347  -43.480 0.6000000238
12852  5.730  -63.885  -40.408 0.5000000000
124713  8.751  -62.085  -40.941 0.5000000000
14846  7.554  -61.654  -41.246 0.6999999881
13843  7.423  -62.264  -41.653 0.6999999881
11810  6.681  -63.564  -41.803 0.6000000238
11813  -5.109  -65.206  -43.089 0.6999999881
11796  -4.793  -65.240  -41.922 0.6999999881
13854  9.393  -62.507  -43.443 0.6999999881
12882  8.470  -62.621  -44.393 0.6999999881
12883  7.692  -63.235  -43.822 0.6000000238
11843  7.417  -64.528  -43.847 0.6000000238
123818  6.768  -65.038  -42.696 0.5000000000
11811  6.378  -64.431  -41.664 0.4000000060
4002  9.403  -74.461  -42.595 0.5000000000
12897  9.347  -63.062  -45.600 0.6999999881
11864  8.754  -64.082  -45.883 0.6000000238
134642  8.001  -64.599  -44.867 0.6000000238
10824  6.958  -65.701  -43.527 0.5000000000
10809  9.609  -64.821  -42.734 0.5000000000
10837  10.500  -64.955  -45.759 0.6999999881
11873  9.674  -63.980  -46.638 0.6000000238
3990  10.422  -74.244  -40.842 0.5000000000
4628  10.084  -73.747  -41.671 0.5000000000
9846  10.471  -66.286  -45.061 0.6000000238
9858  7.779  -66.202  -44.762 0.4000000060
6726  10.523  -70.679  -44.730 0.6000000238
9037  10.479  -67.961  -45.083 0.8000000119
9042  9.668  -67.248  -45.463 0.5000000000
7436  10.469  -69.409  -44.864 0.6999999881
8206  10.233  -68.029  -45.105 0.6000000238
8200  9.790  -68.980  -44.592 0.5000000000
1399  -2.685  -78.907  -9.430 0.3000000119
1856  -1.496  -77.565  -10.646 0.3000000119
133606  -1.516  -77.634  -9.888 0.3000000119
1386  -1.782  -78.155  -8.514 0.3000000119
3014  -1.315  -75.636  -10.761 0.5000000000
1498  -7.519  -78.148  -18.886 1.0000000000
138632  -8.278  -79.616  -19.568 0.8999999762
857  -9.720  -81.047  -20.509 0.8999999762
3154  -2.642  -75.050  -23.127 0.8000000119
1983  -3.079  -77.611  -22.755 0.8000000119
1990  -2.600  -76.813  -22.936 0.8000000119
14880  3.275  -61.836  -44.370 0.5000000000
13874  1.763  -62.607  -44.119 0.6000000238
14859  3.614  -62.028  -42.339 0.5000000000
14871  1.962  -61.688  -44.288 0.6000000238
13859  0.980  -62.596  -43.271 0.6000000238
14849  3.743  -62.037  -40.821 0.6000000238
13858  3.725  -62.832  -43.098 0.5000000000
13831  3.730  -62.755  -39.977 0.4000000060
13862  -2.051  -62.612  -42.694 0.6000000238
14830  6.878  -61.300  -40.474 0.6999999881
14832  4.043  -62.017  -39.358 0.6000000238
9765  -7.473  -64.916  -38.764 0.6000000238
15845  7.160  -60.761  -40.239 0.6000000238
14831  6.198  -61.633  -39.572 0.6999999881
14847  6.731  -61.970  -40.647 0.6999999881
13813  5.024  -62.691  -39.052 0.6000000238
137750  4.134  -63.619  -39.211 0.6000000238
13876  -4.286  -62.282  -43.735 0.6999999881
13844  6.551  -62.664  -40.802 0.6000000238
12836  5.723  -63.084  -39.956 0.6000000238
13842  8.361  -62.143  -41.489 0.6999999881
13856  7.654  -62.611  -42.570 0.6999999881
13857  7.000  -62.869  -41.836 0.6000000238
120344  -5.099  -63.244  -43.352 0.6999999881
9798  -5.158  -66.638  -40.112 0.6000000238
135171  -6.974  -67.132  -39.604 0.4000000060
9766  -7.929  -65.588  -39.122 0.4000000060
13841  9.073  -62.592  -41.953 0.5000000000
13871  8.067  -62.560  -43.485 0.6999999881
136112  7.864  -62.713  -43.738 0.6000000238
12866  7.416  -63.017  -42.946 0.6000000238
11825  7.012  -63.926  -42.840 0.5000000000
12871  -5.447  -63.852  -42.945 0.6999999881
121614  10.280  -63.503  -44.977 0.6000000238
6014  10.198  -72.274  -41.395 0.5000000000
128952  9.131  -68.367  -40.802 0.6000000238
9023  9.207  -67.268  -41.692 0.6000000238
9818  9.525  -66.901  -42.605 0.6000000238
6018  10.592  -71.472  -42.530 0.5000000000
6720  11.049  -70.546  -42.747 0.6000000238
9022  10.163  -67.998  -43.183 0.6000000238
10823  7.496  -65.532  -44.384 0.5000000000
122811  11.014  -70.324  -44.152 0.6000000238
8192  10.505  -68.843  -43.106 0.6000000238
9031  10.566  -68.196  -44.558 0.6000000238
9041  10.362  -67.295  -45.526 0.6999999881
9857  9.023  -66.242  -45.834 0.5000000000
9043  8.423  -66.963  -44.777 0.5000000000
6723  10.830  -71.031  -44.171 0.4000000060
119279  -1.412  -78.201  -6.669 0.3000000119
135588  -1.138  -77.152  -10.262 0.3000000119
132641  -1.302  -76.988  -9.700 0.3000000119
1824  -1.792  -77.328  -7.795 0.3000000119
120202  -1.043  -75.503  -11.695 0.5000000000
3015  -2.065  -74.909  -11.253 0.5000000000
2999  -2.321  -75.174  -10.195 0.5000000000
3665  -2.475  -74.624  -12.038 0.6999999881
3699  -2.843  -74.107  -14.207 0.6999999881
115056  -10.597  -80.633  -21.101 0.8000000119
1117  -8.183  -79.237  -18.708 0.8999999762
858  -10.213  -80.767  -20.276 0.8999999762
16799  3.637  -60.306  -43.410 0.6000000238
15863  3.753  -60.486  -42.134 0.6000000238
14870  3.582  -62.035  -43.671 0.5000000000
15874  1.500  -60.696  -44.155 0.6000000238
15865  0.140  -61.179  -42.862 0.6999999881
17771  7.387  -58.852  -39.123 0.5000000000
17772  6.678  -59.119  -38.825 0.6000000238
14848  3.840  -61.395  -40.327 0.6000000238
16759  6.553  -59.872  -38.640 0.6999999881
15826  4.842  -60.898  -38.795 0.6999999881
14812  4.588  -61.537  -38.886 0.6000000238
14863  -1.424  -61.739  -42.517 0.6999999881
15846  6.540  -60.911  -39.398 0.6999999881
13812  5.363  -61.913  -38.897 0.6000000238
127131  4.721  -62.092  -38.887 0.6000000238
14864  -2.648  -61.610  -43.143 0.6999999881
11746  -7.590  -63.976  -37.589 0.6000000238
13830  5.937  -62.364  -39.753 0.6999999881
15867  -2.027  -60.744  -42.905 0.6999999881
10744  -7.690  -64.824  -38.547 0.4000000060
13855  8.422  -62.476  -42.655 0.6999999881
123074  -4.581  -66.111  -40.320 0.6000000238
136784  8.963  -68.642  -39.996 0.5000000000
115915  9.328  -65.976  -42.339 0.6000000238
9833  9.797  -66.296  -43.598 0.6000000238
9013  8.826  -67.515  -40.706 0.6000000238
10822  10.080  -64.858  -44.291 0.6000000238
9864  9.814  -65.722  -46.698 0.6999999881
7423  10.240  -70.010  -41.190 0.6000000238
129440  10.195  -67.446  -43.725 0.6000000238
10845  10.358  -65.209  -46.758 0.6000000238
13864  -5.440  -62.767  -42.818 0.6000000238
7429  10.730  -69.622  -42.681 0.6000000238
117389  10.502  -67.414  -44.697 0.6999999881
6704  9.785  -71.101  -39.816 0.5000000000
7433  10.838  -69.559  -44.342 0.6000000238
8199  10.686  -68.877  -44.563 0.6999999881
2403  -1.088  -76.482  -10.338 0.4000000060
2998  -1.558  -75.752  -10.014 0.3000000119
1833  -1.734  -77.458  -8.431 0.3000000119
2391  -1.506  -76.249  -9.525 0.3000000119
2382  -1.957  -76.057  -8.823 0.3000000119
3016  -3.124  -74.764  -11.446 0.6999999881
3026  -3.712  -74.920  -12.727 0.6999999881
3033  -4.272  -75.199  -13.572 0.6999999881
135153  -3.913  -75.358  -11.905 0.6999999881
121769  -8.676  -80.418  -20.005 0.8999999762
2450  -5.876  -76.194  -15.699 0.8000000119
136979  -10.695  -80.187  -20.444 0.6000000238
121066  -7.801  -78.394  -17.990 1.0000000000
134302  -8.692  -80.186  -19.080 0.8999999762
829  -9.492  -80.485  -18.941 0.8999999762
129424  3.918  -59.627  -42.517 0.6999999881
16808  3.524  -59.970  -44.502 0.6999999881
139183  3.996  -59.946  -41.494 0.6999999881
15883  3.249  -60.806  -44.599 0.6000000238
14872  0.984  -61.375  -43.503 0.6999999881
16775  4.770  -59.720  -39.649 0.6999999881
15856  3.696  -61.283  -41.572 0.6000000238
15884  2.989  -60.505  -44.896 0.6000000238
16760  5.933  -59.757  -38.635 0.6999999881
15875  0.474  -60.520  -43.671 0.6000000238
132277  -0.393  -60.471  -43.218 0.6999999881
16758  7.464  -59.414  -39.341 0.6000000238
15825  5.607  -60.570  -38.660 0.6999999881
9752  -6.707  -64.818  -37.883 0.6000000238
14810  5.796  -61.147  -38.780 0.6999999881
15868  -3.259  -60.745  -43.696 0.8000000119
9764  -6.470  -65.821  -38.416 0.6000000238
14874  -4.604  -61.367  -43.862 0.8000000119
10767  -4.504  -65.974  -39.434 0.6999999881
13877  -4.850  -62.220  -43.517 0.6000000238
12840  -4.506  -64.283  -41.345 0.6999999881
9819  9.034  -66.308  -41.519 0.6000000238
116679  -2.947  -74.882  -10.739 0.6000000238
3045  -4.980  -75.743  -14.202 0.8000000119
2441  -5.584  -76.152  -14.888 0.8000000119
1916  -6.898  -77.076  -16.935 1.0000000000
16789  4.278  -59.233  -41.536 0.6999999881
16819  3.312  -59.834  -44.950 0.6999999881
16821  1.727  -59.229  -44.920 0.6999999881
16820  2.714  -59.527  -45.055 0.6999999881
11733  -7.392  -63.549  -36.849 0.6000000238
117815  4.555  -60.364  -39.451 0.6999999881
9763  -5.516  -66.120  -38.167 0.6999999881
11734  -7.827  -63.889  -36.965 0.6000000238
11747  -7.929  -64.201  -37.492 0.5000000000
10783  -4.191  -65.454  -39.967 0.6999999881
2451  -6.327  -76.686  -15.235 0.8000000119
118752  -10.888  -79.276  -20.103 0.6000000238
1923  -7.435  -77.701  -17.418 1.0000000000
1485  -8.500  -79.318  -17.677 0.8999999762
822  -9.308  -80.258  -18.119 0.8000000119
1132  -10.488  -80.072  -19.645 0.6999999881
17807  4.309  -58.583  -42.731 0.6000000238
16807  3.947  -59.340  -43.793 0.5000000000
17815  3.965  -59.068  -44.919 0.6999999881
17788  5.561  -58.589  -39.926 0.5000000000
17789  4.815  -59.022  -40.467 0.6999999881
125815  3.548  -59.307  -45.113 0.6999999881
17823  3.119  -59.010  -45.357 0.6000000238
15886  0.984  -59.821  -44.377 0.6999999881
13765  -7.402  -62.006  -36.025 0.6000000238
17822  3.725  -58.709  -45.483 0.6000000238
11702  -6.644  -63.179  -35.706 0.6000000238
11718  -7.481  -63.151  -36.226 0.6000000238
18856  7.173  -58.268  -39.209 0.5000000000
17787  6.331  -58.360  -39.458 0.6000000238
16774  5.335  -59.351  -39.328 0.6999999881
16822  0.438  -59.000  -44.881 0.6000000238
120982  -7.848  -63.644  -36.415 0.6000000238
122374  -0.405  -59.638  -44.177 0.6999999881
10703  -6.529  -64.079  -35.852 0.6000000238
17825  0.336  -58.291  -45.115 0.6000000238
16809  -1.829  -59.358  -44.249 0.6999999881
15876  -1.372  -60.161  -43.329 0.6999999881
139155  -6.266  -65.016  -36.916 0.6000000238
17827  -1.533  -58.272  -44.719 0.6999999881
16810  -3.081  -59.171  -44.441 0.6999999881
15878  -4.025  -59.925  -44.181 0.6999999881
15879  -4.896  -60.422  -44.061 0.6999999881
12854  -5.422  -63.524  -42.061 0.6999999881
12853  -4.381  -63.290  -41.100 0.6999999881
14875  -4.773  -61.143  -43.686 0.6999999881
135970  -5.228  -62.277  -42.620 0.6999999881
13846  -5.229  -62.657  -42.017 0.6999999881
15869  -5.086  -60.544  -43.654 0.6999999881
1499  -10.595  -79.024  -18.398 0.6000000238
1940  -10.597  -77.978  -18.206 0.5000000000
19817  -6.004  -56.779  -31.556 0.6999999881
17800  4.642  -58.527  -41.552 0.6000000238
17814  4.368  -58.378  -44.230 0.5000000000
114902  -7.150  -61.352  -35.279 0.6000000238
14749  -7.339  -61.390  -34.563 0.6000000238
17821  4.298  -58.241  -45.143 0.6000000238
138962  2.758  -58.679  -45.624 0.5000000000
11719  -7.940  -63.529  -35.676 0.6000000238
17824  1.415  -58.593  -45.337 0.6000000238
10714  -5.649  -65.045  -35.354 0.6000000238
12782  -7.505  -63.152  -36.008 0.6000000238
12783  -7.929  -63.201  -35.425 0.6000000238
136506  -0.453  -59.049  -44.789 0.6000000238
10728  -5.620  -65.268  -36.226 0.6000000238
11704  -8.322  -64.327  -34.973 0.5000000000
18933  -1.948  -57.658  -44.408 0.6999999881
16812  -4.851  -59.559  -44.131 0.6999999881
14851  -4.900  -61.665  -42.388 0.6999999881
16801  -5.186  -59.783  -43.334 0.6999999881
16765  -1.053  -59.624  -39.890 0.5000000000
1480  -10.341  -78.809  -16.750 0.8000000119
16708  -6.696  -59.720  -34.035 0.6999999881
114587  -6.280  -60.674  -34.929 0.6999999881
14759  -6.902  -61.476  -35.791 0.6999999881
12759  -7.310  -63.085  -32.380 0.5000000000
12781  -6.254  -62.830  -34.991 0.6999999881
127812  -7.717  -62.653  -35.001 0.6000000238
13742  -7.682  -62.828  -33.539 0.6000000238
12760  -7.713  -63.596  -32.987 0.5000000000
18931  0.400  -57.587  -44.910 0.6000000238
17826  -0.542  -58.581  -44.906 0.6000000238
19968  0.712  -56.843  -44.656 0.6000000238
10754  -4.052  -65.113  -37.914 0.6999999881
18919  -1.336  -56.999  -44.037 0.6000000238
18921  -2.840  -57.828  -44.254 0.6999999881
16811  -4.056  -59.029  -44.365 0.6999999881
11780  -3.835  -64.572  -39.507 0.6999999881
18920  -2.246  -57.167  -43.714 0.6999999881
14850  -4.378  -61.606  -41.421 0.6999999881
2469  -10.266  -76.884  -17.337 0.6000000238
130457  -6.554  -57.255  -31.578 0.6999999881
17661  -6.599  -57.556  -30.148 0.8000000119
16691  -6.359  -58.624  -33.924 0.6000000238
16692  -6.866  -59.344  -33.406 0.6000000238
15751  -7.089  -60.393  -33.861 0.6000000238
14721  -7.258  -60.892  -31.436 0.6999999881
16707  -6.242  -59.699  -34.460 0.6999999881
14720  -7.088  -61.639  -31.037 0.6000000238
136252  -7.404  -61.615  -32.855 0.6000000238
128843  -7.327  -61.100  -33.434 0.6000000238
10713  -4.782  -65.261  -35.523 0.6000000238
13734  -7.407  -62.297  -32.683 0.6000000238
10727  -4.935  -65.464  -36.480 0.6000000238
12827  -3.472  -63.662  -39.176 0.6999999881
13832  -3.963  -62.352  -40.839 0.6999999881
17816  -3.809  -58.349  -43.788 0.6999999881
17809  -4.540  -58.632  -43.079 0.6999999881
15857  -4.520  -60.756  -41.836 0.6999999881
125627  -2.428  -58.059  -40.838 0.5000000000
2460  -9.931  -76.486  -16.598 0.6000000238
3055  -8.922  -75.163  -15.243 0.6000000238
4381  -6.284  -72.908  -12.744 0.5000000000
5017  -6.404  -72.860  -12.187 0.6999999881
5020  -9.256  -72.190  -11.232 0.6000000238
17659  -5.734  -58.031  -29.182 0.6999999881
17660  -6.155  -57.473  -29.892 0.6999999881
17692  -6.886  -58.017  -31.995 0.6000000238
16678  -7.089  -59.126  -32.458 0.6000000238
15740  -7.182  -60.169  -32.924 0.6000000238
18941  1.969  -57.554  -45.691 0.5000000000
13752  -5.664  -62.134  -34.804 0.6999999881
12771  -5.503  -63.639  -34.037 0.6999999881
13727  -6.952  -62.505  -31.554 0.6000000238
11701  -5.712  -64.214  -34.209 0.6999999881
12745  -6.772  -63.430  -31.554 0.5000000000
12746  -7.258  -63.759  -32.130 0.5000000000
10726  -3.954  -65.132  -36.121 0.6999999881
12802  -3.560  -64.353  -38.436 0.6999999881
19956  -0.734  -56.410  -43.452 0.5000000000
19969  -0.282  -56.976  -44.264 0.6000000238
13816  -3.562  -63.021  -39.999 0.6999999881
18910  -2.944  -57.748  -43.009 0.6999999881
17802  -4.093  -58.293  -42.161 0.6999999881
16800  -4.921  -58.994  -42.733 0.6999999881
15829  -1.721  -60.024  -39.763 0.6000000238
16779  -2.736  -58.553  -40.705 0.6000000238
3064  -9.458  -75.701  -16.386 0.5000000000
3056  -9.285  -75.711  -15.021 0.6999999881
3046  -8.937  -75.202  -14.571 0.6999999881
125309  -8.612  -74.790  -15.033 0.5000000000
3701  -8.295  -74.624  -14.338 0.6999999881
3681  -7.316  -74.399  -13.027 0.8000000119
3688  -7.610  -74.284  -13.818 0.6999999881
3680  -6.322  -73.616  -12.684 0.8000000119
3666  -6.150  -73.740  -11.794 0.8999999762
15641  -7.102  -60.037  -23.116 0.6000000238
137018  -6.360  -60.267  -24.032 0.8000000119
16621  -5.707  -58.663  -27.537 0.6999999881
16598  -6.879  -58.950  -26.344 0.8000000119
15647  -7.040  -60.508  -23.654 0.6000000238
16622  -6.639  -58.323  -27.625 0.8000000119
15677  -7.367  -59.794  -26.807 0.6999999881
16641  -7.119  -58.184  -29.119 0.8000000119
15691  -7.247  -58.910  -27.917 0.6999999881
15692  -7.404  -59.832  -27.591 0.6000000238
15705  -7.342  -59.400  -28.943 0.6000000238
114588  -6.429  -57.144  -32.505 0.6999999881
16666  -7.186  -58.872  -31.332 0.6999999881
15706  -7.337  -59.215  -29.735 0.6999999881
15721  -7.326  -59.851  -30.730 0.6999999881
14708  -7.142  -61.390  -30.177 0.6000000238
119831  -7.425  -60.282  -28.408 0.6000000238
16690  -5.888  -57.858  -34.119 0.6999999881
15781  -5.339  -60.097  -35.299 0.6999999881
14709  -7.262  -60.896  -30.675 0.6000000238
13695  -6.243  -62.903  -29.743 0.6000000238
12780  -5.130  -63.045  -34.008 0.6000000238
127834  -4.598  -65.089  -34.431 0.6000000238
132780  -3.127  -64.072  -37.880 0.6999999881
122355  -6.317  -63.076  -30.769 0.6000000238
11665  -6.899  -64.281  -31.505 0.6000000238
10712  -3.660  -65.218  -34.994 0.6999999881
122613  -3.310  -64.767  -36.805 0.6999999881
19957  -1.570  -56.647  -43.026 0.6000000238
13815  -3.180  -62.151  -39.791 0.6999999881
13797  -2.984  -62.804  -38.924 0.6999999881
18909  -2.296  -57.024  -42.470 0.5000000000
16790  -3.981  -59.057  -41.819 0.6999999881
14834  -3.522  -61.454  -40.469 0.6999999881
17801  -3.326  -57.719  -41.657 0.6999999881
120770  -3.735  -60.008  -41.237 0.6999999881
16778  -1.909  -58.945  -40.231 0.6000000238
136121  -3.189  -59.818  -40.532 0.6000000238
14833  -3.181  -60.504  -40.268 0.6000000238
4398  -8.112  -74.255  -15.202 0.5000000000
3682  -8.376  -75.011  -12.897 0.8000000119
4391  -6.866  -73.753  -13.607 0.6000000238
3028  -9.132  -75.616  -12.726 0.8999999762
122650  -6.183  -73.234  -12.176 0.8000000119
125635  -8.407  -72.447  -11.548 0.6999999881
3667  -6.658  -74.338  -12.109 0.8999999762
4371  -6.397  -73.252  -11.580 0.8999999762
5005  -9.418  -72.297  -10.421 0.6999999881
5667  -9.538  -71.554  -10.022 0.6000000238
17580  -7.174  -58.975  -22.041 0.6999999881
16554  -7.412  -59.261  -20.789 0.6000000238
123913  -7.483  -60.162  -21.766 0.6000000238
15666  -5.782  -59.393  -25.903 0.6999999881
15645  -6.213  -60.052  -24.392 0.6999999881
133325  -6.389  -59.168  -25.441 0.6999999881
16639  -5.390  -58.823  -28.473 0.6000000238
16605  -5.891  -58.933  -26.608 0.8000000119
15719  -5.138  -59.282  -29.402 0.6000000238
18771  -5.604  -57.027  -32.878 0.6999999881
15720  -7.378  -60.345  -29.949 0.6000000238
116113  -7.233  -61.533  -28.714 0.6000000238
16706  -5.555  -58.836  -34.573 0.6999999881
127147  -6.910  -61.953  -29.553 0.6000000238
13716  -6.710  -62.251  -30.469 0.6000000238
123472  -6.111  -63.714  -29.499 0.5000000000
10688  -3.994  -64.864  -33.492 0.6000000238
12801  -2.543  -63.793  -37.754 0.6999999881
15848  -2.622  -59.634  -40.186 0.6000000238
15828  -0.688  -60.410  -39.392 0.5000000000
15830  -2.351  -60.608  -39.681 0.6000000238
3657  -6.413  -74.336  -11.144 0.8999999762
4359  -7.477  -73.011  -11.122 0.8999999762
5004  -8.718  -72.752  -10.743 0.8000000119
18634  -7.075  -57.851  -21.140 0.8000000119
130730  -7.405  -61.357  -22.870 0.6000000238
115542  -7.350  -60.637  -23.002 0.6000000238
14634  -7.235  -61.175  -23.570 0.6000000238
14652  -4.625  -61.306  -26.797 0.6999999881
15676  -5.129  -60.013  -26.645 0.6000000238
125528  -5.758  -57.622  -30.127 0.6999999881
16665  -5.409  -57.843  -31.101 0.6999999881
18806  -5.160  -57.807  -34.089 0.6999999881
131334  -6.355  -63.389  -28.764 0.5000000000
3656  -6.119  -73.999  -10.373 0.8999999762
3639  -6.145  -74.216  -8.146 0.8000000119
4317  -6.283  -73.801  -7.309 0.8000000119
4334  -8.317  -73.252  -8.808 0.8999999762
4347  -8.537  -73.236  -9.459 0.8999999762
4345  -6.269  -73.801  -9.621 0.8999999762
4981  -9.170  -73.005  -8.954 0.8999999762
134861  -9.106  -72.600  -8.390 0.8999999762
5657  -9.525  -71.609  -9.323 0.8000000119
7107  -9.161  -69.601  -8.375 0.8000000119
4319  -8.457  -72.906  -8.061 0.8000000119
7813  -8.717  -68.233  -8.504 0.6999999881
17574  -6.834  -58.231  -21.858 0.8000000119
16565  -5.040  -59.485  -22.815 0.8000000119
18616  -6.928  -56.952  -19.811 0.6999999881
18626  -6.765  -57.003  -20.717 0.8000000119
15638  -4.522  -60.864  -23.237 0.6999999881
18633  -6.499  -57.443  -21.413 0.8000000119
14637  -4.634  -61.648  -24.448 0.8000000119
138431  -4.475  -59.731  -21.761 0.8000000119
138325  -5.344  -58.349  -22.005 0.8000000119
14639  -7.163  -60.721  -24.500 0.6000000238
124425  -4.536  -61.679  -26.020 0.6999999881
15631  -4.272  -60.493  -22.192 0.6999999881
15667  -7.291  -59.634  -25.864 0.6999999881
15655  -7.178  -59.790  -25.087 0.6000000238
124415  -7.436  -61.325  -25.875 0.5000000000
15622  -3.107  -60.298  -21.612 0.8000000119
121523  -4.472  -59.102  -21.032 0.6999999881
136555  -3.959  -57.210  -20.902 0.8000000119
14646  -7.361  -60.504  -25.446 0.5000000000
13665  -7.409  -61.654  -26.584 0.5000000000
15703  -4.711  -61.033  -28.993 0.6999999881
15690  -4.946  -59.991  -28.134 0.6000000238
16558  -2.847  -58.994  -21.460 0.8000000119
132450  -7.479  -60.942  -27.082 0.5000000000
16653  -5.320  -58.567  -30.143 0.6000000238
124787  -2.553  -60.225  -22.902 0.8000000119
136845  -2.824  -59.741  -21.637 0.8000000119
17673  -5.222  -57.711  -32.391 0.8000000119
16569  -2.667  -59.392  -23.236 0.8000000119
13673  -7.294  -61.908  -27.386 0.5000000000
129516  -7.010  -62.766  -27.606 0.5000000000
16705  -3.885  -59.116  -35.492 0.6999999881
17706  -4.808  -58.001  -33.993 0.8000000119
16721  -4.357  -59.073  -35.577 0.6999999881
15780  -4.495  -59.721  -35.826 0.6000000238
18661  -3.867  -57.777  -24.101 0.6000000238
133708  -6.714  -62.862  -28.224 0.5000000000
12706  -6.778  -63.636  -27.822 0.5000000000
15778  -2.873  -60.146  -35.990 0.6999999881
15779  -3.668  -59.658  -36.088 0.6999999881
14747  -4.802  -61.197  -35.344 0.6000000238
15777  -2.352  -60.642  -35.469 0.6000000238
13762  -3.255  -61.349  -35.571 0.6999999881
13763  -3.899  -61.012  -35.778 0.6999999881
126769  -3.569  -64.026  -33.098 0.6000000238
11745  -2.533  -64.649  -36.617 0.6999999881
133907  -5.358  -54.104  -25.440 0.6000000238
13761  -2.424  -61.680  -35.115 0.6000000238
12778  -2.918  -63.425  -33.543 0.6999999881
12769  -2.612  -64.249  -32.944 0.6999999881
10700  -2.878  -65.283  -34.197 0.6999999881
14754  -1.877  -61.166  -35.218 0.5000000000
11731  -2.257  -64.972  -35.738 0.6999999881
11756  -2.081  -64.236  -37.203 0.6000000238
12812  -2.328  -63.020  -38.135 0.6000000238
13741  -1.815  -63.373  -33.446 0.6000000238
11730  -1.417  -65.013  -35.456 0.6000000238
11698  -1.290  -65.014  -33.092 0.6000000238
11729  -0.513  -64.975  -35.127 0.5000000000
12799  -0.618  -63.726  -37.367 0.6000000238
13795  -0.756  -62.127  -38.339 0.6000000238
12811  -1.221  -62.968  -37.950 0.6000000238
14798  -1.589  -61.641  -38.791 0.6000000238
14799  -2.424  -62.020  -39.046 0.6000000238
14813  -1.533  -60.909  -39.293 0.6000000238
129200  -6.478  -73.614  -8.942 0.8000000119
4333  -7.257  -73.262  -8.484 0.8000000119
4332  -6.378  -73.651  -8.258 0.8000000119
4302  -6.693  -73.083  -6.777 0.6999999881
134555  -8.459  -72.281  -7.530 0.8000000119
5633  -9.078  -71.309  -7.393 0.8999999762
5634  -9.407  -71.292  -8.164 0.8000000119
138430  -7.862  -71.419  -6.628 0.8000000119
6381  -8.941  -70.647  -6.995 0.8999999762
7092  -8.991  -69.295  -7.534 0.8000000119
7797  -8.586  -68.322  -7.523 0.8000000119
9453  -8.403  -66.533  -7.987 0.6000000238
19709  -6.246  -56.804  -21.184 0.8000000119
19691  -6.671  -56.186  -20.069 0.6999999881
13646  -3.809  -62.129  -24.428 0.8000000119
14621  -3.632  -61.290  -22.664 0.8000000119
19708  -5.654  -56.472  -21.076 0.8000000119
13656  -3.427  -62.288  -25.120 0.6999999881
14620  -2.996  -61.265  -22.533 0.8000000119
18630  -3.189  -57.647  -20.815 0.8999999762
19700  -3.719  -55.695  -20.916 0.8999999762
16652  -4.881  -60.146  -30.511 0.6999999881
16677  -4.591  -58.710  -33.301 0.8000000119
137956  -4.990  -59.290  -31.090 0.6999999881
15644  -2.486  -60.919  -23.565 0.8000000119
18640  -2.638  -57.107  -22.428 0.8000000119
16587  -2.659  -60.366  -25.344 0.6999999881
19730  -4.879  -56.185  -24.124 0.6000000238
16688  -3.347  -59.591  -34.914 0.6000000238
17603  -3.480  -58.973  -25.701 0.4000000060
20806  -5.180  -55.477  -24.440 0.6000000238
11755  -1.315  -64.213  -37.094 0.6000000238
2983  -6.270  -74.630  -8.638 0.8000000119
3629  -6.330  -74.585  -7.480 0.8999999762
4301  -6.375  -73.798  -6.248 0.8000000119
4318  -7.010  -73.150  -7.641 0.8000000119
4947  -6.532  -73.022  -5.899 0.6999999881
4948  -7.011  -72.377  -6.481 0.8000000119
4961  -7.695  -72.602  -7.290 0.8000000119
133209  -6.652  -72.352  -5.697 0.6999999881
120463  -8.860  -69.857  -6.910 0.8999999762
7076  -8.245  -69.589  -6.372 0.8999999762
115148  -8.280  -66.745  -7.390 0.8000000119
20771  -6.197  -55.701  -20.365 0.8000000119
135757  -6.343  -55.211  -19.727 0.6000000238
19706  -3.112  -56.729  -20.759 0.8000000119
18629  -2.695  -57.223  -20.995 0.8000000119
19701  -5.296  -55.780  -20.755 0.8000000119
13633  -2.859  -61.978  -24.000 0.8000000119
17577  -2.629  -58.577  -21.844 0.8000000119
20768  -3.485  -54.786  -20.865 0.8999999762
13664  -4.128  -62.147  -26.843 0.6999999881
20779  -2.708  -55.250  -21.306 0.8000000119
21837  -3.423  -54.189  -20.994 0.8000000119
13680  -4.250  -62.272  -28.380 0.6999999881
15729  -4.488  -60.593  -31.611 0.6999999881
14691  -4.580  -61.851  -29.337 0.6999999881
18649  -4.432  -56.881  -24.031 0.6999999881
21865  -3.605  -54.621  -23.453 0.6999999881
22935  -3.398  -53.194  -23.767 0.6999999881
15739  -4.231  -60.205  -32.663 0.6000000238
13678  -3.001  -62.290  -28.919 0.6000000238
15750  -3.729  -59.810  -33.715 0.6000000238
14706  -3.823  -62.015  -30.794 0.6999999881
14662  -2.562  -61.969  -27.685 0.5000000000
15665  -2.857  -60.160  -26.570 0.5000000000
22936  -4.654  -53.800  -24.747 0.6999999881
18663  -5.363  -56.931  -25.174 0.5000000000
13781  -0.155  -62.876  -37.839 0.5000000000
5624  -7.206  -71.628  -6.043 0.8000000119
138203  -6.805  -71.378  -5.412 0.8000000119
6355  -6.609  -70.473  -4.603 0.6999999881
6363  -7.163  -70.104  -5.386 0.6999999881
7776  -6.706  -68.977  -5.418 0.8000000119
7785  -8.587  -68.978  -6.821 0.8999999762
8579  -7.648  -67.399  -6.733 0.8000000119
9439  -8.329  -66.059  -7.233 0.6999999881
126660  -8.361  -65.912  -8.082 0.5000000000
21826  -6.317  -54.648  -19.080 0.6000000238
21839  -5.213  -54.196  -20.314 0.6000000238
13655  -2.806  -62.096  -24.904 0.6999999881
19705  -2.528  -56.558  -21.383 0.8000000119
18639  -2.419  -57.187  -21.628 0.8000000119
21846  -2.807  -54.492  -21.408 0.8000000119
13662  -2.835  -62.209  -26.462 0.6999999881
20788  -2.431  -55.524  -22.323 0.8000000119
138897  -4.309  -62.262  -29.105 0.6999999881
15653  -2.477  -61.243  -25.211 0.6999999881
16576  -2.606  -60.109  -24.065 0.8000000119
17584  -3.113  -58.595  -23.689 0.8000000119
19741  -5.671  -56.352  -25.688 0.5000000000
7064  -6.406  -69.782  -3.963 0.6999999881
7075  -7.427  -69.421  -5.773 0.8000000119
7777  -7.894  -68.841  -6.339 0.8999999762
127049  -7.409  -68.204  -6.432 0.8999999762
9429  -8.002  -66.478  -6.727 0.8999999762
21825  -5.921  -54.237  -19.594 0.6000000238
22884  -6.288  -53.982  -18.797 0.6000000238
21838  -4.190  -54.222  -20.649 0.6999999881
19719  -2.918  -56.294  -22.736 0.8000000119
22902  -3.111  -53.867  -21.520 0.8000000119
13669  -2.911  -62.319  -28.174 0.6999999881
18648  -3.462  -57.013  -23.298 0.6999999881
21854  -2.680  -54.673  -22.730 0.8000000119
128592  -3.243  -55.462  -23.084 0.8000000119
119453  -5.007  -53.369  -25.520 0.6999999881
7030  -7.042  -69.119  -2.327 0.6999999881
7050  -7.117  -70.290  -3.259 0.6999999881
138803  -6.790  -68.758  -2.896 0.6999999881
7766  -6.293  -69.024  -4.526 0.6999999881
127128  -6.566  -68.499  -6.091 0.8999999762
11360  -8.316  -64.570  -6.607 0.6999999881
22895  -5.591  -53.530  -20.045 0.6000000238
22893  -3.882  -53.643  -20.986 0.8000000119
23976  -5.450  -52.915  -20.567 0.6999999881
122395  -2.635  -54.122  -22.498 0.8000000119
23983  -4.336  -52.441  -21.861 0.8000000119
121140  -3.945  -48.418  -22.555 0.4000000060
22913  -3.079  -53.147  -22.620 0.8000000119
131738  -2.979  -53.779  -23.228 0.6999999881
24009  -3.676  -52.044  -23.330 0.6999999881
24038  -5.163  -52.944  -26.252 0.6000000238
134812  -6.065  -67.830  -2.290 0.6999999881
8521  -6.218  -67.814  -2.756 0.6999999881
9379  -5.275  -66.601  -2.756 0.6999999881
121129  -6.381  -68.933  -3.651 0.6999999881
8567  -5.262  -68.046  -6.200 0.8000000119
9418  -6.004  -67.664  -6.724 0.8999999762
9419  -7.282  -66.852  -6.679 0.8999999762
11347  -8.090  -64.784  -6.167 0.8999999762
12432  -8.112  -62.552  -7.855 0.6000000238
23966  -5.944  -52.768  -19.861 0.5000000000
131732  -5.999  -52.274  -20.457 0.6000000238
130244  -4.761  -48.507  -22.832 0.5000000000
26286  -5.283  -49.775  -22.449 0.6000000238
25148  -5.076  -50.767  -22.231 0.5000000000
25139  -4.774  -51.653  -21.973 0.6999999881
23984  -5.313  -52.165  -21.181 0.8000000119
25130  -6.076  -51.476  -20.666 0.6000000238
26285  -4.790  -50.392  -23.092 0.5000000000
127634  -4.097  -51.998  -22.502 0.6999999881
28459  -3.567  -48.566  -23.590 0.5000000000
28460  -4.372  -48.597  -23.543 0.6000000238
25147  -4.382  -51.329  -22.812 0.6000000238
27408  -4.332  -49.397  -24.016 0.6000000238
124286  -3.793  -51.296  -24.575 0.6000000238
117950  -3.616  -51.816  -24.056 0.6000000238
132951  -4.249  -51.313  -25.996 0.6000000238
25200  -4.167  -51.681  -25.352 0.6999999881
8540  -5.524  -66.978  -3.585 0.6999999881
7765  -6.032  -68.389  -4.255 0.6999999881
8558  -5.544  -67.652  -4.795 0.8000000119
11326  -7.653  -65.424  -6.287 0.8999999762
25117  -6.241  -51.805  -19.711 0.5000000000
26274  -5.562  -50.171  -21.660 0.6999999881
25140  -5.510  -51.151  -21.446 0.6999999881
26248  -6.319  -50.756  -20.002 0.5000000000
26297  -4.545  -50.064  -23.766 0.6000000238
27421  -3.797  -49.707  -24.810 0.6000000238
10306  -5.127  -66.192  -3.588 0.6999999881
9415  -4.620  -66.458  -6.370 0.8000000119
9404  -4.942  -67.494  -5.878 0.8000000119
9417  -5.013  -67.432  -6.721 0.8999999762
10339  -6.730  -66.471  -6.642 0.8999999762
12414  -8.044  -62.903  -7.020 0.8000000119
28427  -5.243  -48.772  -21.573 0.6000000238
27345  -5.647  -49.482  -21.038 0.5000000000
26263  -5.948  -50.484  -20.854 0.5000000000
28441  -3.039  -48.911  -22.692 0.4000000060
28443  -4.695  -48.425  -22.020 0.5000000000
121342  -2.332  -49.578  -22.781 0.4000000060
28481  -3.843  -48.890  -24.306 0.5000000000
10337  -4.553  -65.337  -5.305 0.6999999881
15411  -0.771  -60.669  -6.572 0.5000000000
11345  -6.067  -65.777  -7.063 0.8999999762
12391  -6.997  -63.677  -6.631 0.8999999762
12392  -7.846  -63.549  -6.510 0.8000000119
130474  -7.770  -60.855  -9.356 0.6000000238
13435  -7.996  -61.731  -8.204 0.6000000238
28415  -5.241  -48.809  -20.697 0.5000000000
27326  -6.074  -49.852  -20.238 0.5000000000
28426  -4.654  -48.510  -21.048 0.5000000000
28442  -3.916  -48.594  -21.328 0.5000000000
27371  -3.039  -49.193  -21.464 0.4000000060
27369  -1.411  -50.490  -22.258 0.4000000060
14419  -3.291  -62.028  -7.170 0.5000000000
11343  -3.978  -65.302  -6.969 0.8000000119
11342  -3.815  -64.814  -7.313 0.8000000119
15430  -0.824  -59.952  -8.073 0.5000000000
15412  -1.767  -60.821  -6.871 0.5000000000
13409  -3.395  -63.478  -8.124 0.6999999881
11344  -5.240  -65.554  -7.503 0.8999999762
28254  6.043  -48.233  -10.143 0.6000000238
27204  5.891  -49.709  -12.368 0.6000000238
26139  4.339  -50.790  -13.242 0.8000000119
128417  4.144  -49.502  -12.850 0.6999999881
26127  3.659  -50.100  -13.174 0.8000000119
23853  2.561  -52.209  -13.399 0.8000000119
13388  -7.443  -62.816  -6.903 0.8000000119
28425  -3.730  -48.833  -20.252 0.5000000000
28399  -5.367  -48.743  -19.788 0.6000000238
134553  -5.941  -49.289  -19.780 0.6000000238
28414  -4.551  -48.624  -20.073 0.5000000000
28413  -3.458  -48.737  -19.484 0.5000000000
11357  -4.007  -65.243  -7.689 0.8000000119
16428  -0.406  -59.476  -8.686 0.4000000060
11358  -4.583  -65.198  -7.825 0.8999999762
127494  7.107  -47.708  -8.934 0.5000000000
130916  6.422  -48.951  -10.733 0.6000000238
14437  -2.613  -61.831  -8.907 0.6999999881
119733  -6.352  -64.695  -6.722 0.8999999762
25010  3.099  -51.538  -13.358 0.8000000119
15431  -1.603  -60.273  -8.522 0.6000000238
117524  2.149  -52.916  -13.397 0.8000000119
19636  -1.009  -56.111  -13.495 0.6000000238
14460  -2.406  -62.256  -10.134 0.8000000119
14420  -7.135  -61.870  -7.585 0.8000000119
21737  0.241  -54.263  -13.611 0.6999999881
18559  -2.298  -56.993  -13.020 0.6999999881
15471  -7.390  -59.908  -10.494 0.6000000238
14441  -7.529  -61.501  -8.098 0.6999999881
14463  -7.204  -60.900  -8.762 0.8000000119
28381  -5.534  -48.195  -18.403 0.5000000000
28253  6.810  -48.964  -9.996 0.5000000000
27174  6.874  -49.487  -10.863 0.5000000000
28241  7.070  -48.646  -9.018 0.4000000060
26138  5.165  -50.668  -13.120 0.8000000119
17456  -0.101  -58.843  -10.238 0.5000000000
16429  -1.169  -59.732  -9.087 0.6000000238
12429  -3.741  -64.333  -8.525 0.8000000119
12430  -4.239  -64.269  -8.707 0.8000000119
11371  -4.871  -64.467  -8.189 0.8999999762
29316  8.290  -46.966  -8.324 0.4000000060
117210  2.954  -52.953  -13.355 0.8000000119
13431  -2.742  -63.047  -9.709 0.8000000119
12441  -3.703  -63.782  -9.197 0.8000000119
12431  -5.036  -63.594  -8.410 0.8999999762
27192  5.475  -49.016  -11.689 0.6999999881
21736  1.119  -54.193  -13.451 0.8000000119
16439  -1.178  -59.879  -10.282 0.8000000119
15444  -1.658  -60.381  -9.702 0.6000000238
13450  -3.826  -63.112  -9.781 0.8000000119
13434  -5.457  -62.317  -8.215 0.8000000119
126391  7.425  -46.969  -8.719 0.6000000238
29357  4.876  -47.746  -10.629 0.6999999881
20675  1.162  -55.116  -13.530 0.8000000119
128439  -0.202  -55.817  -13.583 0.6000000238
120892  -2.071  -57.813  -12.425 0.6999999881
17494  -3.846  -57.644  -12.420 0.6999999881
14461  -4.166  -62.097  -9.982 0.8000000119
14439  -5.874  -61.217  -8.614 0.8999999762
29342  6.044  -47.259  -9.605 0.6999999881
28283  4.599  -48.613  -11.722 0.6999999881
18558  -1.317  -56.862  -13.080 0.6999999881
16459  -5.263  -58.798  -11.141 0.6999999881
15469  -5.841  -59.822  -10.008 0.8000000119
17477  -4.309  -58.044  -11.928 0.6999999881
28240  7.557  -49.251  -8.603 0.3000000119
25008  4.886  -51.298  -13.247 0.8000000119
16448  -0.601  -59.537  -10.975 0.6999999881
22784  2.779  -53.666  -13.330 0.8000000119
131757  1.793  -54.561  -13.431 0.8000000119
18557  0.384  -57.508  -13.348 0.8000000119
16449  -1.122  -60.223  -11.515 0.8000000119
14477  -3.010  -62.263  -11.015 0.8000000119
30397  9.161  -46.415  -8.577 0.6000000238
29329  6.724  -47.093  -9.155 0.6000000238
122595  3.580  -50.943  -13.313 0.8000000119
19635  0.122  -56.617  -13.491 0.8000000119
16471  -0.758  -59.197  -12.125 0.8000000119
15489  -2.838  -60.544  -11.437 0.8000000119
13451  -4.689  -62.228  -9.103 0.8000000119
30416  9.088  -45.917  -9.549 0.6000000238
30418  6.422  -46.572  -9.579 0.6000000238
26126  4.625  -50.054  -13.054 0.8000000119
118753  -4.937  -60.043  -9.853 0.6999999881
15446  -4.537  -60.856  -9.813 0.8000000119
15447  -5.327  -60.329  -9.516 0.8000000119
29358  4.534  -47.357  -11.044 0.6999999881
16450  -5.061  -59.493  -10.399 0.6999999881
27157  7.124  -49.516  -9.234 0.4000000060
26124  6.599  -50.288  -12.246 0.6000000238
23851  5.670  -51.309  -13.175 0.6999999881
23852  3.486  -52.425  -13.321 0.8000000119
29296  9.985  -46.981  -7.667 0.3000000119
21735  2.543  -54.503  -13.355 0.8000000119
17490  0.506  -58.600  -12.503 0.6999999881
29315  9.166  -46.965  -7.929 0.4000000060
128440  0.702  -56.034  -13.563 0.8000000119
30394  12.109  -46.406  -7.865 0.3000000119
30379  10.512  -46.521  -7.887 0.4000000060
18537  -0.323  -57.669  -12.987 0.8000000119
15487  -1.631  -60.821  -11.806 0.8000000119
132014  9.742  -45.944  -9.077 0.5000000000
14502  -3.366  -61.201  -11.091 0.8000000119
30398  8.104  -46.286  -9.116 0.6000000238
132149  -0.416  -56.961  -13.282 0.8000000119
17476  -2.300  -59.054  -11.843 0.8000000119
15468  -4.216  -60.499  -10.461 0.8000000119
114876  7.629  -45.939  -9.865 0.6000000238
133293  -1.162  -58.322  -12.191 0.6999999881
17493  -2.735  -58.023  -12.096 0.6999999881
16458  -3.298  -59.033  -11.334 0.8000000119
15490  -4.000  -59.674  -10.888 0.6999999881
30572  -4.310  -46.493  -18.538 0.6000000238
31707  -4.383  -45.550  -20.433 0.5000000000
30588  -3.591  -46.986  -18.974 0.6000000238
29484  -4.580  -47.142  -17.896 0.6000000238
29469  -5.332  -47.366  -17.071 0.5000000000
29516  -2.178  -47.804  -19.764 0.6000000238
29517  -2.910  -47.405  -19.348 0.6000000238
29295  10.829  -46.966  -7.477 0.3000000119
129645  9.047  -48.410  -7.953 0.3000000119
22782  3.746  -53.454  -13.153 0.8000000119
20674  2.231  -55.340  -13.427 0.8000000119
19633  1.797  -56.321  -13.498 0.8000000119
30378  11.270  -46.563  -7.752 0.3000000119
123914  1.072  -57.961  -13.308 0.8000000119
17491  -0.239  -58.434  -12.474 0.8000000119
31553  12.069  -46.020  -8.753 0.5000000000
16457  -2.163  -60.265  -11.895 0.8000000119
30414  11.364  -45.974  -9.335 0.5000000000
30413  12.253  -46.094  -9.797 0.5000000000
116584  9.948  -45.836  -9.885 0.6000000238
30589  -4.111  -46.237  -19.438 0.6000000238
129240  -3.474  -46.259  -21.188 0.5000000000
116115  -2.861  -46.926  -20.156 0.6000000238
31552  12.981  -46.162  -8.548 0.3000000119
128682  14.347  -45.450  -10.331 0.4000000060
128416  14.359  -45.187  -11.198 0.4000000060
30412  13.136  -46.134  -10.300 0.4000000060
31571  13.814  -45.830  -10.800 0.4000000060
33831  -6.548  -43.075  -19.563 0.6000000238
136605  -5.193  -44.760  -18.208 0.6000000238
120260  -5.436  -44.271  -21.828 0.6000000238
114538  -5.281  -44.397  -19.025 0.6000000238
32756  -5.941  -44.094  -20.394 0.6000000238
114634  -5.016  -44.770  -20.672 0.6000000238
31692  -4.581  -45.495  -19.395 0.6000000238
34994  -5.385  -41.992  -21.136 0.6000000238
33848  -5.452  -43.564  -21.845 0.6000000238
121468  -3.953  -45.546  -22.031 0.5000000000
120622  -4.780  -44.907  -21.581 0.5000000000
32655  14.690  -44.235  -11.075 0.3000000119
34965  -3.819  -42.320  -18.674 0.5000000000
34975  -5.146  -41.794  -19.146 0.6000000238
36184  -6.403  -41.374  -20.050 0.6000000238
114498  -5.704  -42.172  -18.297 0.6000000238
33830  -4.433  -42.895  -20.648 0.6000000238
32778  -6.171  -43.408  -21.812 0.6000000238
32776  -4.528  -43.940  -21.563 0.6000000238
33845  -1.213  -44.284  -20.915 0.6000000238
33847  -3.557  -43.822  -21.133 0.6000000238
33844  -0.449  -44.166  -20.853 0.6000000238
32801  -4.030  -44.652  -22.059 0.6000000238
33877  -2.499  -44.180  -22.692 0.5000000000
33864  -2.214  -43.807  -22.272 0.5000000000
123616  -1.530  -43.698  -21.711 0.4000000060
35007  -1.269  -42.810  -21.839 0.5000000000
117111  14.633  -42.661  -10.851 0.3000000119
34974  -3.533  -42.670  -19.665 0.5000000000
132739  -4.501  -42.382  -19.643 0.6000000238
34993  0.810  -43.108  -20.787 0.5000000000
137639  -2.808  -42.702  -19.734 0.5000000000
33829  -2.916  -43.287  -20.399 0.6000000238
33846  -2.434  -44.068  -21.204 0.6000000238
33865  -2.758  -44.130  -22.068 0.6000000238
32775  -1.866  -44.049  -21.459 0.6000000238
34884  14.114  -42.268  -11.350 0.3000000119
37284  13.686  -40.344  -9.637 0.3000000119
34972  -1.037  -43.653  -19.651 0.6000000238
33827  -0.606  -44.201  -20.316 0.6000000238
33843  0.221  -43.762  -20.894 0.6000000238
33863  -0.617  -43.797  -21.339 0.5000000000
35006  -0.194  -42.904  -21.374 0.5000000000
34970  0.916  -43.602  -19.866 0.5000000000
34992  1.657  -42.999  -20.305 0.6000000238
36203  -0.042  -41.853  -20.759 0.5000000000
37300  13.748  -40.600  -10.394 0.3000000119
34959  2.378  -42.705  -19.350 0.5000000000
34958  3.064  -42.481  -19.345 0.6000000238
36202  1.171  -42.160  -20.463 0.5000000000
34969  1.711  -43.150  -19.935 0.6000000238
34968  2.437  -42.577  -19.911 0.6000000238
36201  2.077  -42.461  -20.284 0.6000000238
37401  4.147  -41.509  -19.693 0.6000000238
37403  2.134  -41.137  -19.996 0.5000000000
37404  0.888  -40.659  -20.099 0.4000000060
37325  10.434  -41.064  -12.333 0.4000000060
37310  11.999  -40.575  -11.153 0.4000000060
37301  12.976  -40.257  -10.631 0.3000000119
38456  13.046  -39.802  -10.056 0.3000000119
36182  2.671  -42.123  -20.188 0.6000000238
37416  0.120  -40.856  -20.399 0.4000000060
38482  10.603  -39.696  -11.659 0.3000000119
38481  11.393  -39.946  -11.169 0.3000000119
136314  12.238  -39.334  -10.188 0.3000000119
37333  10.673  -40.523  -13.582 0.4000000060
37312  9.978  -40.470  -12.833 0.4000000060
38470  12.274  -39.792  -10.651 0.3000000119
139175  5.354  -40.643  -19.071 0.5000000000
38574  3.665  -40.613  -19.645 0.5000000000
38559  1.905  -39.008  -19.316 0.4000000060
38576  1.397  -39.789  -19.705 0.4000000060
38556  4.928  -39.801  -18.920 0.4000000060
37386  4.610  -40.678  -19.442 0.5000000000
38557  3.915  -39.631  -19.126 0.4000000060
38558  2.878  -39.374  -19.184 0.5000000000
39593  11.673  -38.778  -10.089 0.3000000119
38504  10.452  -39.881  -13.495 0.4000000060
38483  10.256  -39.345  -12.311 0.4000000060
38471  11.437  -39.252  -10.894 0.3000000119
39582  11.592  -38.636  -9.258 0.3000000119
39713  1.075  -38.672  -19.621 0.3000000119
39605  10.892  -38.621  -11.057 0.3000000119
39626  10.790  -39.139  -13.671 0.4000000060
39677  5.388  -38.195  -17.273 0.3000000119
39702  3.265  -38.587  -18.772 0.4000000060
39703  2.459  -38.268  -19.015 0.5000000000
39678  4.418  -38.116  -17.742 0.4000000060
39615  13.173  -38.762  -12.874 0.3000000119
41741  16.872  -36.544  -13.673 0.4000000060
41740  17.092  -37.110  -14.063 0.4000000060
41782  5.054  -36.766  -16.708 0.3000000119
40738  6.545  -37.328  -16.858 0.4000000060
39695  11.837  -38.430  -18.304 0.4000000060
39658  6.732  -38.070  -16.782 0.3000000119
40752  4.644  -37.465  -17.060 0.4000000060
40753  3.823  -37.393  -17.666 0.4000000060
40680  15.362  -37.478  -11.623 0.3000000119
39613  16.413  -37.866  -12.441 0.4000000060
41720  16.460  -36.331  -12.767 0.3000000119
42724  16.304  -35.451  -12.745 0.4000000060
40749  7.681  -37.611  -17.662 0.4000000060
40700  16.670  -37.177  -12.940 0.4000000060
41760  16.226  -36.907  -14.886 0.5000000000
123694  16.832  -37.238  -14.409 0.5000000000
41761  15.557  -36.625  -15.574 0.4000000060
40750  7.136  -37.060  -17.290 0.4000000060
40770  10.426  -37.871  -18.530 0.3000000119
40751  5.350  -37.440  -16.765 0.4000000060
127397  4.247  -36.673  -17.310 0.3000000119
120312  16.627  -35.766  -13.419 0.3000000119
39674  8.315  -38.069  -17.842 0.4000000060
41756  16.756  -36.519  -14.307 0.5000000000
123456  15.456  -35.790  -15.553 0.3000000119
132448  9.729  -37.558  -18.505 0.4000000060
41770  13.714  -36.019  -17.193 0.3000000119
128781  13.129  -36.844  -17.438 0.4000000060
41804  11.637  -36.968  -18.347 0.3000000119
121843  10.026  -36.368  -19.031 0.4000000060
116233  7.031  -35.665  -17.433 0.3000000119
42808  8.557  -35.744  -18.999 0.3000000119
126551  10.974  -37.203  -18.590 0.4000000060
39699  8.979  -37.664  -18.246 0.4000000060
134721  8.847  -36.973  -18.441 0.4000000060
41781  7.677  -36.831  -17.955 0.3000000119
125498  10.282  -37.063  -18.704 0.4000000060
41805  9.500  -37.001  -18.629 0.4000000060
40739  5.836  -36.962  -16.647 0.3000000119
119977  10.967  -36.376  -18.679 0.3000000119
41807  7.728  -35.879  -18.221 0.3000000119
41780  11.862  -36.032  -18.193 0.3000000119
125648  9.126  -36.405  -18.906 0.3000000119
131879  11.270  -35.355  -18.564 0.3000000119
114987  -5.797  -80.150  -30.180 0.8000000119
2103  -4.778  -77.292  -31.324 0.8000000119
1258  -3.336  -78.922  -33.563 0.6000000238
1621  -7.893  -78.420  -29.077 0.8999999762
903  -1.973  -80.166  -26.869 0.5000000000
2043  -2.263  -77.457  -27.528 0.4000000060
2585  -1.367  -76.746  -26.772 0.4000000060
1201  -2.080  -79.268  -26.954 0.5000000000
123140  -4.551  -82.522  -32.827 0.4000000060
3175  -6.685  -75.474  -25.759 1.0000000000
82  -1.517  -84.610  -24.156 0.4000000060
458  -2.040  -83.069  -33.483 0.6000000238
3960  7.254  -74.882  -37.391 0.6000000238
3697  -1.500  -74.470  -14.750 0.8000000119
2483  -5.817  -75.758  -18.858 0.8999999762
1532  -3.541  -78.374  -21.404 0.6999999881
1966  -3.471  -77.226  -20.443 0.8000000119
2535  -6.422  -76.407  -22.562 0.8999999762
596  -3.189  -81.409  -22.631 0.5000000000
2551  -5.018  -75.760  -24.898 0.8999999762
125263  7.074  -77.281  -36.867 0.6000000238
2549  -3.556  -75.498  -24.216 0.8999999762
12884  3.591  -63.572  -43.697 0.5000000000
133466  7.354  -75.919  -40.375 0.6999999881
3698  -1.955  -74.097  -14.456 0.8000000119
1158  -3.180  -79.583  -22.251 0.8000000119
2157  10.309  -77.642  -38.948 0.5000000000
1855  -0.972  -76.998  -10.773 0.4000000060
15873  3.501  -61.080  -44.110 0.6000000238
10743  -7.495  -64.188  -38.113 0.5000000000
7424  9.206  -69.415  -39.738 0.6000000238
823  -9.842  -80.160  -18.286 0.8999999762
16761  5.154  -60.138  -38.915 0.6999999881
2981  -2.173  -75.601  -9.422 0.4000000060
122178  -5.004  -76.029  -13.378 0.8000000119
2431  -5.651  -76.399  -13.917 0.8000000119
2459  -6.484  -76.646  -16.150 1.0000000000
15877  -2.651  -59.995  -43.882 0.6999999881
116106  -7.113  -77.328  -16.141 1.0000000000
1484  -8.112  -78.613  -17.042 0.8999999762
18932  -0.736  -57.781  -44.627 0.6000000238
16825  -3.150  -58.456  -44.554 0.6999999881
123196  -9.634  -76.547  -14.707 0.8000000119
2452  -9.623  -76.309  -15.641 0.6000000238
136844  -7.316  -59.571  -22.130 0.6000000238
17652  -6.454  -57.803  -28.946 0.8000000119
15639  -5.617  -60.324  -23.779 0.6999999881
14638  -5.482  -60.711  -24.421 0.6999999881
15654  -6.719  -59.476  -24.916 0.5000000000
115009  -6.182  -73.752  -11.091 0.8999999762
4358  -6.598  -73.545  -10.508 0.8999999762
4993  -9.115  -73.004  -9.893 0.8999999762
17567  -7.156  -57.720  -20.230 0.6999999881
16571  -5.830  -59.731  -23.290 0.8000000119
14653  -5.166  -60.649  -25.933 0.6999999881
12779  -3.947  -63.217  -33.823 0.6999999881
10699  -2.117  -65.274  -34.664 0.6999999881
10686  -2.160  -65.275  -33.527 0.6000000238
18632  -5.332  -57.200  -21.311 0.8000000119
126641  -4.603  -61.674  -28.527 0.6999999881
16689  -4.181  -58.857  -34.477 0.6999999881
3649  -6.066  -73.999  -8.953 0.8999999762
6371  -8.406  -70.431  -6.560 0.8000000119
17572  -5.079  -58.021  -21.431 0.8000000119
117531  -4.410  -61.442  -30.778 0.6999999881
6364  -7.774  -70.216  -5.974 0.8000000119
20770  -5.732  -55.204  -20.343 0.6000000238
118657  -2.908  -57.830  -23.046 0.8000000119
7065  -6.668  -69.640  -4.942 0.8000000119
9403  -5.103  -66.875  -4.802 0.6999999881
10338  -4.841  -66.008  -4.789 0.6999999881
10355  -5.592  -66.639  -7.094 0.8999999762
27370  -2.128  -50.018  -21.599 0.4000000060
14405  -2.334  -61.366  -6.403 0.5000000000
10353  -4.339  -65.783  -6.645 0.8000000119
15424  -2.136  -60.776  -8.014 0.6000000238
28268  5.804  -48.683  -10.928 0.6999999881
13449  -3.130  -63.270  -9.872 0.8000000119
29501  -3.360  -47.711  -18.921 0.6999999881
28200  10.265  -47.573  -7.533 0.3000000119
118435  1.183  -58.298  -12.947 0.6999999881
32802  -4.186  -45.045  -22.196 0.6000000238
32817  -3.550  -44.902  -22.583 0.5000000000
32816  -2.886  -44.579  -22.935 0.5000000000
33866  -3.486  -44.253  -21.813 0.6000000238
32774  -1.037  -44.192  -21.193 0.5000000000
36079  10.739  -41.730  -12.405 0.4000000060
36078  11.227  -42.106  -11.982 0.4000000060
37311  10.600  -40.476  -11.819 0.4000000060
37402  3.266  -41.503  -20.012 0.5000000000
38575  2.507  -40.262  -19.600 0.4000000060
39700  5.196  -38.998  -18.204 0.4000000060
39704  1.718  -38.024  -19.259 0.3000000119
3225  -2.362  -75.100  -29.790 0.6000000238
16566  -7.016  -59.420  -22.597 0.6999999881
2697  -8.464  -77.372  -35.003 0.6999999881
2698  -8.461  -77.061  -34.867 0.6999999881
3297  -4.678  -75.090  -34.324 0.6999999881
116538  -8.600  -76.616  -34.372 0.8000000119
209  -5.365  -83.105  -26.663 0.6000000238
404  -4.329  -83.072  -26.823 0.6000000238
409  -4.804  -82.610  -27.186 0.6000000238
410  -5.850  -82.623  -27.136 0.6999999881
625  -2.045  -82.011  -26.947 0.5000000000
116803  -2.043  -76.520  -34.525 0.6999999881
1668  -3.331  -79.163  -34.794 0.6000000238
403  -2.351  -82.797  -26.763 0.5000000000
955  -5.164  -81.338  -34.922 0.6999999881
199  -3.448  -84.128  -25.602 0.5000000000
1190  -1.331  -79.661  -26.530 0.5000000000
461  -5.175  -82.462  -34.460 0.6999999881
468  -3.934  -82.740  -35.027 0.6000000238
122283  -1.026  -78.970  -26.165 0.4000000060
1115  -4.737  -79.211  -18.531 0.4000000060
192  -1.929  -84.292  -24.933 0.4000000060
1095  -5.193  -79.904  -15.841 0.3000000119
132292  -4.234  -78.838  -14.674 0.4000000060
1098  -4.499  -79.203  -16.151 0.4000000060
124373  -1.085  -76.294  -12.675 0.6000000238
581  -4.846  -81.155  -19.891 0.4000000060
18  -2.765  -84.763  -21.127 0.4000000060
76  -1.226  -84.752  -23.226 0.4000000060
126755  0.918  -82.304  -31.006 0.4000000060
1410  -3.194  -79.055  -10.205 0.3000000119
115383  -2.958  -78.575  -10.911 0.4000000060
1867  -1.088  -76.758  -11.995 0.6000000238
3686  -1.384  -74.494  -13.987 0.6999999881
59  -4.012  -84.383  -20.470 0.4000000060
17  -2.318  -84.975  -20.869 0.4000000060
432  2.692  -83.327  -30.272 0.4000000060
235  3.783  -83.977  -31.120 0.5000000000
217  2.934  -83.778  -30.360 0.5000000000
421  2.113  -83.802  -30.296 0.5000000000
681  6.610  -82.189  -34.092 0.6000000238
245  3.507  -83.663  -32.253 0.6000000238
689  7.182  -81.591  -34.503 0.6000000238
972  8.049  -80.377  -35.156 0.5000000000
130802  7.306  -80.303  -35.416 0.5000000000
1420  -2.236  -77.974  -11.315 0.4000000060
1868  -1.280  -77.246  -11.343 0.5000000000
3687  -2.160  -74.235  -13.474 0.6999999881
1699  10.119  -78.054  -36.962 0.5000000000
2422  -0.731  -76.081  -12.073 0.6000000238
1938  -6.761  -76.916  -18.421 1.0000000000
3053  -4.347  -74.893  -15.323 0.8000000119
2466  -5.673  -75.712  -17.325 0.8000000119
137910  -6.622  -76.714  -17.428 1.0000000000
1939  -7.269  -77.532  -18.243 1.0000000000
16757  7.786  -59.529  -40.493 0.6000000238
5290  10.020  -73.005  -40.604 0.5000000000
3679  -2.844  -74.450  -12.705 0.6999999881
118267  -4.924  -75.486  -14.929 0.8000000119
1922  -6.888  -77.049  -17.727 1.0000000000
5276  9.856  -72.928  -39.348 0.6000000238
6713  9.629  -70.357  -39.866 0.6000000238
1106  -9.062  -80.056  -17.385 0.8999999762
1107  -9.703  -80.045  -17.261 0.8000000119
1108  -10.216  -79.705  -17.660 0.8000000119
1486  -10.475  -78.816  -17.574 0.8000000119
1102  -10.115  -79.621  -16.820 0.8000000119
1924  -10.429  -77.844  -17.405 0.5000000000
1918  -10.252  -77.616  -16.626 0.8000000119
1907  -10.042  -77.361  -15.821 0.8000000119
2443  -9.654  -76.788  -13.861 0.8000000119
3034  -8.945  -75.218  -13.639 0.8000000119
3668  -7.683  -74.811  -12.336 0.8000000119
125532  -7.480  -74.971  -11.592 0.8999999762
128784  -0.059  -61.601  -38.525 0.4000000060
3002  -6.541  -74.773  -10.165 0.8999999762
5608  -6.692  -71.735  -4.313 0.8000000119
120022  -6.692  -71.064  -3.870 0.6999999881
21874  -4.554  -54.644  -24.174 0.6999999881
135428  -3.889  -53.097  -24.386 0.6999999881
117589  -3.951  -52.274  -24.685 0.6999999881
22948  -4.376  -53.017  -24.988 0.6999999881
24053  -4.708  -52.014  -26.134 0.6000000238
24054  -5.297  -52.398  -26.979 0.5000000000
22957  -5.740  -53.436  -27.113 0.5000000000
28480  -3.199  -48.883  -24.539 0.5000000000
26345  -3.935  -50.720  -26.309 0.5000000000
10321  -4.552  -65.020  -4.027 0.6000000238
133043  -4.267  -64.566  -5.635 0.6000000238
14390  -1.814  -61.717  -5.542 0.5000000000
12390  -3.868  -63.681  -6.462 0.6000000238
11369  -3.821  -64.865  -7.980 0.8999999762
14438  -2.917  -62.746  -8.580 0.6999999881
27355  -2.949  -49.303  -20.383 0.6000000238
28398  -4.427  -48.354  -19.339 0.6000000238
27354  -2.109  -49.861  -20.570 0.4000000060
134239  -5.271  -48.327  -19.097 0.6000000238
27325  -2.632  -48.863  -19.397 0.6000000238
28397  -3.426  -48.243  -19.023 0.6999999881
129437  -4.492  -48.003  -18.655 0.6000000238
29483  -4.070  -47.657  -18.566 0.6999999881
28380  -4.892  -47.660  -17.998 0.6000000238
29515  -1.571  -48.499  -19.951 0.5000000000
29500  -2.630  -48.242  -19.239 0.6000000238
17473  0.436  -58.637  -11.778 0.6999999881
15445  -1.908  -61.463  -10.523 0.8000000119
14501  -2.551  -61.537  -11.370 0.8000000119
30439  6.819  -45.897  -10.200 0.6999999881
16456  -0.657  -59.614  -11.877 0.8000000119
30436  10.790  -46.098  -10.069 0.5000000000
29525  -1.773  -47.622  -20.830 0.5000000000
20673  3.161  -55.357  -13.325 0.6999999881
116328  2.829  -56.255  -13.431 0.6999999881
22783  3.446  -54.451  -13.198 0.6999999881
119679  2.486  -57.044  -13.421 0.6999999881
30612  -3.264  -46.188  -22.169 0.5000000000
31739  -3.534  -45.425  -22.571 0.5000000000
32662  14.359  -44.683  -11.779 0.4000000060
33744  14.419  -43.245  -11.319 0.3000000119
36067  13.270  -41.739  -11.403 0.3000000119
36068  12.168  -41.454  -11.529 0.4000000060
37309  13.156  -40.943  -11.003 0.3000000119
36181  3.421  -42.140  -19.701 0.5000000000
38503  11.203  -39.732  -14.011 0.4000000060
38493  12.655  -39.093  -13.839 0.4000000060
39618  10.544  -38.719  -13.003 0.4000000060
39616  12.204  -38.411  -13.614 0.3000000119
38492  13.530  -39.436  -13.150 0.4000000060
40768  12.154  -37.665  -18.132 0.3000000119
39602  13.959  -38.300  -11.993 0.3000000119
39601  15.057  -38.171  -11.610 0.3000000119
41762  14.944  -36.122  -16.086 0.4000000060
128860  13.822  -36.983  -16.903 0.5000000000
41709  15.248  -36.716  -11.579 0.3000000119
40690  16.059  -37.077  -12.054 0.4000000060
1267  -4.098  -79.762  -36.065 0.5000000000
203  -2.824  -83.420  -26.293 0.5000000000
700  -5.443  -81.934  -35.449 0.6000000238
198  -1.453  -83.737  -25.470 0.4000000060
191  -1.078  -84.189  -24.782 0.4000000060
3024  -0.976  -75.416  -12.670 0.6000000238
3677  -1.404  -74.746  -13.122 0.6999999881
3678  -2.018  -74.518  -12.684 0.6999999881
3044  -4.363  -75.048  -14.485 0.8000000119
3054  -5.163  -75.527  -15.759 0.8000000119
2458  -5.771  -75.949  -16.475 0.8000000119
123166  -8.517  -75.362  -12.068 0.8999999762
4918  -7.162  -71.889  -3.610 0.8000000119
25215  -4.698  -51.407  -26.882 0.5000000000
12356  -2.196  -63.342  -4.371 0.5000000000
13376  -2.270  -62.237  -5.127 0.5000000000
11311  -4.238  -64.386  -4.432 0.5000000000
13377  -3.261  -62.759  -5.450 0.5000000000
28412  -1.923  -48.905  -19.572 0.5000000000
28411  -1.378  -49.196  -20.014 0.3000000119
18535  1.886  -57.988  -12.388 0.6999999881
38502  12.213  -39.658  -14.187 0.4000000060
39625  11.667  -38.952  -14.054 0.4000000060
39617  11.180  -38.147  -13.666 0.3000000119
120097  10.640  -38.060  -12.353 0.3000000119
40681  14.437  -37.373  -11.516 0.3000000119
29524  -1.163  -48.646  -20.607 0.4000000060
1237  -8.928  -80.308  -32.305 0.8999999762
920  -7.800  -81.427  -30.496 0.8000000119
1226  -7.072  -80.132  -31.326 0.8000000119
1657  -8.987  -79.180  -34.098 0.8999999762
1252  -9.057  -79.698  -32.931 0.8999999762
930  -9.113  -80.806  -31.539 0.8999999762
653  -8.740  -81.725  -30.533 0.8000000119
120482  -8.179  -75.925  -28.831 0.6999999881
2619  -7.725  -76.029  -28.710 0.8000000119
3283  -3.953  -75.515  -33.073 0.8000000119
2667  -4.518  -76.561  -31.820 0.8999999762
2676  -5.031  -76.051  -33.120 0.8000000119
134460  -5.652  -76.063  -33.741 0.6999999881
129009  -3.131  -75.375  -33.401 0.8000000119
2687  -4.790  -75.471  -33.660 0.6999999881
118451  -2.283  -75.415  -33.225 0.8000000119
208  -8.362  -82.725  -27.076 0.8999999762
135512  -8.589  -81.309  -27.342 0.8000000119
131177  -7.637  -82.118  -27.954 0.6999999881
2097  -8.872  -78.666  -31.823 0.8000000119
918  -5.327  -80.225  -29.401 0.8000000119
135073  -7.913  -76.455  -31.257 0.8000000119
1670  -9.077  -78.732  -34.486 0.8999999762
1632  -5.030  -78.565  -30.456 0.6999999881
2655  -3.474  -76.400  -30.606 0.6999999881
95  -6.892  -82.994  -27.124 0.6999999881
411  -6.942  -82.571  -27.239 0.6999999881
408  -3.853  -82.548  -27.271 0.6000000238
630  -3.599  -81.798  -27.466 0.5000000000
1207  -3.424  -79.536  -28.002 0.6000000238
905  -3.375  -80.857  -27.543 0.5000000000
2674  -0.907  -75.968  -32.152 0.5000000000
3263  -0.503  -74.864  -31.162 0.4000000060
3298  -6.579  -75.879  -35.029 0.6999999881
3925  -5.539  -75.075  -34.870 0.6000000238
2092  -0.617  -77.776  -30.848 0.4000000060
1449  -3.648  -78.252  -14.860 0.5000000000
121390  -2.097  -76.352  -15.281 0.6999999881
1915  -2.627  -76.900  -17.058 0.8000000119
899  -8.311  -81.225  -26.681 0.8999999762
2602  -2.215  -76.563  -27.729 0.4000000060
1620  -4.150  -78.927  -28.881 0.6999999881
1248  -1.872  -78.762  -31.820 0.4000000060
1250  -3.564  -79.754  -33.236 0.5000000000
1654  -2.469  -78.316  -32.919 0.6000000238
132831  -3.299  -77.896  -14.174 0.5000000000
2496  -2.409  -75.816  -20.102 0.8000000119
85  -4.432  -84.817  -24.500 0.6000000238
200  -4.545  -84.156  -25.773 0.6000000238
631  -4.447  -82.028  -27.596 0.6000000238
2061  -3.099  -77.837  -28.794 0.5000000000
1644  -1.145  -78.687  -30.876 0.4000000060
947  -2.707  -80.967  -31.926 0.4000000060
1666  -1.993  -77.386  -33.345 0.6999999881
1667  -2.800  -78.190  -34.262 0.6999999881
28  -4.207  -84.497  -23.017 0.4000000060
79  -4.763  -84.499  -23.791 0.5000000000
1192  -7.623  -79.686  -26.738 0.8999999762
948  -3.544  -80.758  -32.856 0.5000000000
1438  -3.625  -78.340  -13.569 0.4000000060
1497  -4.374  -78.891  -17.646 0.4000000060
1512  -4.482  -78.732  -19.102 0.5000000000
133842  -3.278  -84.516  -21.457 0.4000000060
29  -3.003  -85.012  -23.493 0.4000000060
205  -4.961  -83.625  -26.298 0.6000000238
1590  -0.966  -78.249  -26.070 0.4000000060
127267  -4.267  -80.550  -34.101 0.5000000000
448  -4.890  -82.877  -33.448 0.6000000238
685  -2.814  -82.468  -34.634 0.5000000000
457  -0.957  -82.646  -33.352 0.4000000060
1274  5.381  -79.422  -35.859 0.5000000000
2133  4.488  -77.941  -35.934 0.5000000000
132947  5.824  -77.988  -36.522 0.5000000000
1057  -5.415  -80.408  -12.212 0.3000000119
118215  -4.901  -83.132  -23.522 0.5000000000
125414  0.312  -77.640  -25.018 0.3000000119
134358  -3.019  -83.053  -31.016 0.4000000060
467  0.843  -82.594  -33.910 0.4000000060
438  -3.374  -83.601  -31.338 0.6000000238
241  -3.664  -83.836  -32.162 0.6999999881
962  2.946  -81.229  -34.935 0.5000000000
2707  6.384  -76.577  -36.622 0.5000000000
1431  -3.343  -78.305  -12.904 0.4000000060
1881  -2.763  -77.684  -13.318 0.5000000000
118943  -6.729  -77.054  -19.664 0.8999999762
3729  -4.127  -74.437  -17.362 0.8000000119
126440  -4.150  -81.232  -23.555 0.6000000238
3830  -7.336  -74.824  -24.734 1.0000000000
442  5.940  -83.252  -32.599 0.6000000238
244  4.215  -83.546  -32.338 0.6000000238
243  5.035  -83.374  -32.528 0.6000000238
436  -1.262  -83.133  -30.401 0.4000000060
423  -0.857  -83.994  -29.862 0.5000000000
691  5.001  -81.590  -35.017 0.5000000000
444  -0.402  -83.446  -32.442 0.6999999881
100  -2.110  -84.266  -31.434 0.6000000238
239  -0.272  -84.029  -31.308 0.6999999881
973  6.462  -80.230  -35.629 0.5000000000
133828  5.949  -78.948  -36.186 0.6000000238
11828  -5.029  -64.678  -43.507 0.5000000000
128204  7.089  -76.885  -37.117 0.6000000238
3946  6.963  -74.823  -36.454 0.5000000000
118639  7.247  -75.844  -38.164 0.6000000238
124978  -1.816  -77.445  -11.933 0.5000000000
1166  -10.560  -80.338  -23.214 0.6999999881
3798  -2.112  -74.741  -21.365 0.8000000119
663  0.092  -82.011  -30.926 0.4000000060
433  1.717  -83.213  -30.354 0.5000000000
434  0.593  -83.411  -30.306 0.4000000060
123350  0.846  -83.274  -32.874 0.6999999881
219  -0.665  -84.214  -29.949 0.6000000238
455  2.968  -83.383  -32.930 0.6999999881
125997  -2.943  -64.246  -43.397 0.6000000238
1690  8.037  -77.966  -36.596 0.6000000238
2151  7.955  -77.052  -37.846 0.6000000238
2722  7.938  -76.750  -39.289 0.6999999881
2159  8.217  -77.054  -38.676 0.6999999881
2158  9.164  -77.388  -38.583 0.6000000238
2738  8.566  -76.423  -40.997 0.6000000238
2732  7.695  -76.384  -39.817 0.6999999881
4635  8.149  -74.542  -42.476 0.6000000238
3338  7.691  -75.723  -41.252 0.6999999881
3346  8.242  -75.893  -41.431 0.6000000238
5296  7.924  -73.250  -42.993 0.6000000238
1165  -4.168  -79.560  -23.566 0.8000000119
226  2.438  -84.075  -30.607 0.5000000000
225  3.120  -84.045  -30.636 0.5000000000
135717  0.643  -84.133  -30.194 0.5000000000
463  4.779  -82.298  -34.334 0.5000000000
961  6.833  -80.947  -35.131 0.5000000000
454  3.680  -83.099  -33.277 0.6000000238
2140  9.239  -77.570  -37.488 0.6000000238
2150  10.228  -77.845  -37.933 0.4000000060
3345  10.029  -76.142  -41.862 0.5000000000
4634  8.376  -73.803  -43.247 0.6999999881
121496  9.838  -71.276  -45.080 0.4000000060
1398  -1.953  -78.230  -9.332 0.3000000119
452  5.344  -82.791  -33.561 0.6000000238
2736  10.570  -76.728  -41.255 0.5000000000
2735  11.612  -76.804  -40.973 0.5000000000
134180  10.620  -74.905  -41.489 0.5000000000
3998  10.053  -74.581  -42.148 0.5000000000
128101  10.201  -72.481  -42.842 0.5000000000
123613  9.948  -73.379  -43.079 0.5000000000
6021  9.949  -71.973  -44.146 0.5000000000
9856  10.637  -66.255  -46.045 0.6999999881
8201  8.386  -68.700  -43.129 0.5000000000
12837  4.781  -63.422  -39.213 0.5000000000
10839  8.324  -65.328  -45.394 0.5000000000
6008  10.123  -71.624  -40.629 0.6000000238
9038  9.262  -67.776  -44.662 0.5000000000
1374  -1.588  -78.028  -7.655 0.3000000119
9783  -6.317  -66.567  -39.010 0.6000000238
9782  -5.262  -66.450  -39.091 0.6000000238
6712  10.367  -70.834  -41.166 0.6000000238
8193  9.552  -68.148  -41.822 0.6000000238
8184  9.986  -68.818  -41.825 0.6000000238
7430  9.701  -69.141  -40.986 0.6000000238
3000  -3.289  -75.291  -10.153 0.4000000060
114909  7.042  -59.502  -38.866 0.6999999881
121074  4.310  -59.880  -40.482 0.6999999881
126903  9.833  -72.416  -39.885 0.5000000000
10766  -4.064  -65.219  -38.898 0.6999999881
1905  -6.977  -77.251  -15.440 1.0000000000
10741  -4.838  -65.663  -37.427 0.6000000238
17810  -5.121  -59.254  -43.616 0.6999999881
18899  -3.029  -57.398  -41.832 0.6999999881
133439  -4.881  -64.670  -33.926 0.6000000238
16561  -7.390  -59.412  -21.558 0.6000000238
14664  -7.451  -61.054  -27.853 0.6000000238
13751  -4.241  -62.032  -34.926 0.6000000238
6398  -9.375  -70.492  -8.631 0.6999999881
7106  -8.963  -68.856  -8.158 0.8000000119
6382  -9.219  -70.342  -7.683 0.8000000119
17578  -6.119  -59.123  -22.793 0.8000000119
17583  -2.656  -58.621  -22.637 0.8000000119
17592  -4.402  -57.953  -24.976 0.5000000000
17591  -3.647  -58.623  -24.796 0.5000000000
20807  -5.710  -55.562  -25.263 0.6000000238
21887  -5.779  -54.852  -25.855 0.5000000000
5619  -7.845  -70.948  -6.313 0.8000000119
15664  -2.502  -61.090  -26.154 0.6999999881
19720  -3.971  -56.219  -23.486 0.6000000238
5609  -6.662  -71.236  -4.804 0.8000000119
11346  -7.378  -64.611  -6.363 0.8999999762
13412  -7.670  -62.173  -7.500 0.8000000119
26332  -3.793  -50.745  -25.311 0.6000000238
119065  -5.660  -62.757  -7.757 0.8999999762
15449  -7.265  -60.338  -9.747 0.6000000238
13387  -3.630  -62.865  -6.751 0.5000000000
122517  8.657  -47.792  -8.059 0.4000000060
22785  0.489  -53.337  -13.541 0.8000000119
130872  4.388  -47.944  -11.184 0.6999999881
30396  10.133  -46.206  -8.459 0.5000000000
23844  4.442  -52.672  -13.179 0.6999999881
28199  11.116  -47.462  -7.395 0.3000000119
30395  11.101  -46.050  -8.295 0.4000000060
30415  10.474  -45.894  -9.108 0.5000000000
30571  -3.933  -47.284  -18.573 0.6000000238
30603  -3.627  -46.436  -20.067 0.6000000238
31561  12.834  -46.026  -9.361 0.4000000060
31560  13.773  -45.878  -9.643 0.3000000119
30393  13.208  -46.550  -7.816 0.3000000119
33828  -1.632  -43.993  -20.391 0.6000000238
33826  0.215  -43.964  -20.355 0.6000000238
33876  -1.884  -43.430  -22.921 0.4000000060
36066  14.054  -41.311  -11.021 0.3000000119
34971  0.007  -43.866  -19.706 0.5000000000
33825  0.930  -43.470  -20.320 0.6000000238
121205  0.282  -39.943  -20.297 0.3000000119
36069  11.068  -41.260  -11.806 0.4000000060
38457  12.331  -39.303  -9.525 0.3000000119
135932  10.072  -39.944  -12.294 0.4000000060
38494  10.114  -39.587  -13.007 0.4000000060
39606  10.568  -38.725  -12.027 0.4000000060
41721  15.849  -36.032  -11.973 0.4000000060
40737  7.192  -37.799  -16.919 0.3000000119
40754  3.053  -37.302  -18.244 0.3000000119
138979  7.208  -36.364  -17.538 0.3000000119
40769  11.374  -37.762  -18.458 0.3000000119
41806  8.332  -36.543  -18.479 0.3000000119
42755  16.151  -35.867  -14.835 0.3000000119
41769  14.445  -36.461  -16.674 0.4000000060
41779  12.790  -36.037  -17.739 0.4000000060
127275  12.386  -36.827  -17.981 0.4000000060
42807  9.607  -35.543  -19.210 0.3000000119
42782  13.116  -35.209  -17.508 0.3000000119
1259  -3.781  -79.816  -34.557 0.6000000238
13386  -2.873  -61.981  -5.942 0.5000000000
2695  -2.138  -76.189  -35.063 0.8000000119
966  -4.887  -80.541  -35.796 0.6999999881
2130  -2.766  -78.004  -35.660 0.6000000238
699  -4.655  -82.255  -35.928 0.6000000238
960  7.651  -80.926  -34.856 0.5000000000
1688  10.838  -78.721  -36.604 0.4000000060
30392  14.370  -46.530  -7.800 0.3000000119
979  -5.060  -80.901  -36.560 0.6000000238
959  8.512  -80.797  -34.662 0.4000000060
688  8.040  -81.467  -34.226 0.5000000000
3295  -2.690  -75.377  -34.997 0.6000000238
958  9.490  -80.552  -34.515 0.4000000060
687  9.019  -81.308  -33.956 0.4000000060
971  8.845  -80.096  -35.054 0.4000000060
970  10.081  -79.812  -34.967 0.4000000060
132840  8.363  -81.906  -33.549 0.5000000000
125647  10.086  -79.329  -35.568 0.3000000119
680  7.523  -82.204  -33.575 0.5000000000
1284  9.396  -78.673  -35.959 0.3000000119
449  8.229  -82.495  -32.716 0.4000000060
128535  7.445  -82.925  -32.429 0.5000000000
450  6.729  -82.757  -33.108 0.5000000000
1700  11.311  -78.115  -38.288 0.3000000119
441  6.720  -83.343  -32.030 0.5000000000
223  5.411  -83.645  -30.697 0.5000000000
233  6.102  -83.643  -31.390 0.5000000000
427  8.546  -82.806  -30.823 0.4000000060
119107  8.024  -83.024  -31.589 0.5000000000
3974  10.498  -73.917  -39.583 0.4000000060
213  6.483  -83.205  -30.248 0.4000000060
221  6.870  -83.376  -30.626 0.4000000060
2424  -5.449  -76.828  -12.263 0.6999999881
136900  -5.063  -76.282  -12.707 0.6999999881
1875  -6.368  -77.473  -12.505 0.6999999881
2425  -5.635  -76.694  -13.062 0.6999999881
1882  -6.330  -77.084  -13.526 0.8999999762
2442  -6.277  -76.793  -14.407 0.8999999762
116819  -8.370  -78.693  -14.148 0.8999999762
118088  -8.132  -78.465  -12.813 0.8999999762
1883  -7.809  -78.248  -13.685 0.8999999762
1892  -6.977  -77.459  -14.040 0.8999999762
1893  -7.564  -77.916  -14.666 0.8999999762
1469  -9.142  -79.307  -15.227 0.8000000119
1869  -5.872  -77.468  -11.632 0.6999999881
128758  -7.190  -77.772  -13.130 0.8999999762
1439  -8.677  -78.811  -13.425 0.8000000119
1440  -9.075  -78.883  -13.356 0.6999999881
1452  -9.043  -79.165  -14.185 0.8000000119
1451  -8.448  -78.770  -14.934 0.8000000119
1906  -7.656  -78.009  -15.624 0.8999999762
1894  -9.557  -78.454  -13.931 0.6999999881
1082  -9.429  -79.101  -14.831 0.6999999881
1468  -8.508  -78.803  -16.021 0.8000000119
1470  -9.921  -79.024  -15.313 0.6999999881
1096  -9.639  -79.336  -15.686 0.6999999881
1100  -9.233  -79.526  -16.134 0.6999999881
1478  -8.830  -79.520  -16.786 0.8000000119
1471  -10.193  -78.486  -15.898 0.6999999881
1479  -10.082  -79.302  -16.086 0.6999999881
1101  -9.721  -79.711  -16.416 0.6999999881
119421  -9.624  -77.814  -13.538 0.6999999881
120183  -9.983  -78.192  -15.131 0.6999999881
135424  -9.858  -77.204  -15.126 0.6999999881
1441  -9.336  -78.570  -13.348 0.8000000119
116318  -9.763  -77.712  -14.383 0.6999999881
1870  -6.901  -78.020  -11.566 0.6999999881
1876  -7.500  -78.128  -12.222 0.8999999762
1435  -9.099  -78.542  -12.678 0.8000000119
1434  -8.804  -78.674  -12.668 0.8999999762
1412  -8.142  -78.458  -10.302 0.8999999762
135279  -7.808  -78.433  -11.483 0.8999999762
1877  -9.247  -78.073  -12.062 0.8000000119
1424  -8.811  -78.361  -11.826 0.8000000119
1423  -8.282  -78.470  -11.163 0.8999999762
1884  -9.458  -78.016  -12.796 0.8000000119
2432  -9.599  -77.014  -13.075 0.6999999881
121705  -8.616  -78.214  -10.795 0.8999999762
2427  -9.447  -77.180  -12.347 0.8000000119
2420  -9.321  -77.340  -11.695 0.8000000119
1871  -9.134  -77.952  -11.230 0.8000000119
3035  -9.478  -76.037  -13.334 0.6999999881
2419  -9.217  -76.946  -11.023 0.8000000119
1859  -8.876  -77.645  -10.317 0.8000000119
1848  -8.472  -77.726  -9.463 0.8000000119
133717  -8.068  -78.435  -9.661 0.6999999881
2394  -8.361  -76.710  -9.588 0.8000000119
1402  -8.209  -78.202  -9.240 0.6999999881
119735  -8.249  -77.235  -8.932 0.8000000119
123769  -8.258  -77.838  -8.675 0.8000000119
1837  -8.120  -77.945  -7.828 0.6000000238
1817  -8.046  -77.523  -7.113 0.5000000000
2426  -9.245  -76.263  -11.897 0.8000000119
3017  -8.538  -75.733  -11.067 0.8000000119
3004  -7.870  -75.720  -10.214 0.8000000119
2365  -7.999  -77.003  -6.254 0.5000000000
2386  -7.777  -76.377  -8.772 0.8000000119
2387  -8.053  -77.166  -8.056 0.8000000119
3003  -7.254  -75.127  -10.841 0.8000000119
2990  -6.366  -74.701  -9.288 0.8000000119
2991  -7.244  -75.582  -9.449 0.6999999881
2351  -7.833  -76.843  -5.408 0.5000000000
119113  -7.286  -76.036  -7.972 0.8000000119
2376  -7.644  -76.615  -7.150 0.6999999881
2323  -7.197  -76.372  -4.143 0.5000000000
2974  -6.418  -75.058  -8.027 0.8000000119
2965  -7.326  -76.104  -6.375 0.6000000238
117206  -7.717  -76.448  -5.693 0.5000000000
3615  -6.418  -74.586  -6.688 0.6999999881
117530  -7.476  -74.428  -3.455 0.5000000000
3601  -6.633  -74.650  -5.678 0.6999999881
3602  -7.429  -75.270  -4.876 0.6000000238
2952  -7.742  -76.129  -5.093 0.5000000000
2975  -6.790  -75.479  -7.147 0.8000000119
3594  -7.014  -74.326  -4.702 0.6000000238
3583  -7.451  -73.947  -2.686 0.6000000238
3595  -7.553  -74.880  -4.172 0.5000000000
4929  -6.788  -72.427  -4.290 0.6999999881
4278  -6.995  -73.392  -4.309 0.6999999881
4938  -6.531  -72.798  -5.075 0.6999999881
4279  -7.598  -73.681  -3.412 0.6999999881
4266  -7.722  -73.324  -2.773 0.6999999881
126747  -7.734  -72.052  -2.912 0.6999999881
4919  -7.519  -72.779  -3.388 0.6999999881
5578  -7.570  -71.827  -2.141 0.6999999881
5592  -7.516  -71.215  -2.966 0.6000000238
7014  -7.226  -69.794  -1.971 0.6000000238
6314  -7.521  -71.014  -2.227 0.6000000238
134538  -7.208  -71.116  -1.696 0.6000000238
6313  -6.921  -70.330  -1.603 0.6000000238
7013  -6.683  -69.478  -1.731 0.6000000238
7716  -4.902  -68.508  -1.830 0.5000000000
7717  -5.767  -68.311  -1.900 0.5000000000
10296  -4.790  -65.762  -2.892 0.6000000238
116400  -3.509  -50.000  -25.729 0.5000000000
24989  7.129  -51.615  -12.118 0.3000000119
26113  7.162  -50.222  -11.414 0.4000000060
22774  6.600  -53.616  -11.763 0.3000000119
124479  6.212  -52.938  -12.791 0.4000000060
23842  6.716  -52.228  -12.556 0.4000000060
25000  6.556  -51.253  -12.761 0.4000000060
24999  7.065  -50.870  -12.080 0.4000000060
30438  8.449  -45.796  -10.181 0.5000000000
30463  4.620  -46.585  -11.516 0.6000000238
30437  9.382  -45.908  -10.615 0.5000000000
30460  7.803  -45.645  -10.746 0.5000000000
30461  6.230  -45.740  -11.094 0.5000000000
30462  5.415  -46.212  -11.163 0.6000000238
30459  8.747  -45.961  -11.380 0.5000000000
132198  7.977  -45.741  -11.687 0.5000000000
126402  7.170  -45.567  -11.377 0.6000000238
21726  5.282  -54.425  -12.817 0.4000000060
20663  4.957  -55.328  -12.943 0.5000000000
136733  4.240  -57.104  -12.889 0.5000000000
22776  4.841  -53.581  -12.985 0.6000000238
21734  4.390  -54.435  -12.995 0.6000000238
18520  3.445  -57.476  -12.006 0.5000000000
18522  1.734  -57.966  -11.192 0.5000000000
123176  5.421  -52.839  -13.043 0.5000000000
30435  11.644  -46.378  -10.374 0.5000000000
31584  4.566  -46.006  -12.272 0.6000000238
30457  11.085  -46.942  -10.939 0.5000000000
30458  9.681  -46.575  -11.532 0.5000000000
125429  5.840  -45.679  -11.817 0.6000000238
29355  11.254  -47.691  -11.732 0.5000000000
30478  9.178  -46.699  -12.144 0.5000000000
20672  4.089  -55.355  -13.185 0.6000000238
18555  2.873  -57.327  -13.168 0.6000000238
19632  3.372  -56.967  -13.340 0.6000000238
131066  5.132  -52.001  -13.251 0.6000000238
29373  3.961  -47.203  -11.752 0.6000000238
30456  11.843  -47.097  -11.252 0.5000000000
29369  11.407  -48.045  -12.635 0.6000000238
29385  11.856  -47.383  -13.062 0.6000000238
29539  -2.389  -46.796  -22.063 0.3000000119
30602  -2.581  -46.855  -20.965 0.4000000060
25011  2.133  -51.327  -13.393 0.6000000238
30433  13.228  -46.334  -11.314 0.4000000060
31582  13.724  -45.800  -11.824 0.4000000060
31596  13.727  -45.255  -12.402 0.6000000238
31597  12.952  -45.810  -12.689 0.6000000238
30643  -1.949  -46.081  -23.344 0.4000000060
30626  -2.114  -46.657  -22.771 0.3000000119
26140  2.686  -50.556  -13.308 0.6000000238
23854  1.448  -52.004  -13.484 0.6000000238
22786  -0.698  -53.536  -13.501 0.5000000000
20676  -0.989  -55.156  -13.592 0.5000000000
25012  1.177  -51.011  -13.496 0.6000000238
23855  0.353  -52.292  -13.511 0.5000000000
31581  14.224  -45.128  -12.059 0.3000000119
33754  13.167  -43.999  -12.155 0.3000000119
33755  11.569  -44.054  -12.433 0.3000000119
34896  12.427  -43.207  -11.948 0.3000000119
31762  -2.517  -45.402  -23.308 0.4000000060
116933  -1.850  -45.034  -23.590 0.4000000060
33753  14.135  -43.982  -11.795 0.3000000119
33745  13.648  -43.189  -11.714 0.3000000119
34886  12.205  -42.335  -11.751 0.3000000119
32839  -2.430  -44.684  -23.321 0.4000000060
131931  -1.187  -44.509  -24.051 0.4000000060
33897  -2.192  -44.079  -23.231 0.4000000060
34885  13.199  -42.519  -11.640 0.3000000119
34908  10.938  -42.362  -13.190 0.4000000060
34899  10.709  -42.043  -12.897 0.3000000119
34906  14.178  -42.046  -13.976 0.4000000060
34894  16.340  -41.703  -12.936 0.4000000060
127660  11.621  -42.204  -13.550 0.4000000060
34907  12.905  -42.275  -13.841 0.4000000060
36087  11.079  -41.410  -13.518 0.4000000060
36085  13.434  -41.285  -14.050 0.4000000060
126603  10.368  -41.248  -12.947 0.3000000119
126896  15.037  -41.948  -13.817 0.4000000060
37330  13.901  -40.723  -13.917 0.4000000060
34895  15.458  -41.467  -13.307 0.4000000060
37323  14.832  -40.623  -13.282 0.4000000060
37322  15.909  -40.925  -12.698 0.5000000000
36077  16.732  -41.048  -12.740 0.5000000000
37320  17.180  -40.306  -12.920 0.5000000000
36076  17.444  -41.076  -13.286 0.5000000000
36093  18.164  -41.240  -15.001 0.5000000000
37341  17.668  -40.520  -15.502 0.5000000000
36086  12.229  -41.278  -13.990 0.4000000060
37331  12.904  -40.402  -14.161 0.4000000060
38491  14.572  -39.723  -12.679 0.4000000060
134158  15.474  -40.199  -12.575 0.5000000000
37321  16.312  -40.139  -12.468 0.5000000000
37329  17.687  -40.367  -13.704 0.5000000000
38507  17.684  -39.633  -14.205 0.5000000000
38521  17.204  -39.959  -15.829 0.5000000000
38522  16.595  -39.809  -16.130 0.5000000000
39652  15.991  -38.947  -15.958 0.4000000060
126263  15.117  -38.987  -16.272 0.4000000060
37332  11.664  -40.464  -14.115 0.4000000060
38501  13.062  -39.672  -14.005 0.4000000060
37324  13.826  -40.077  -13.603 0.4000000060
38490  15.554  -39.497  -12.225 0.3000000119
38489  16.251  -39.178  -12.293 0.4000000060
131922  16.201  -38.483  -12.184 0.4000000060
38500  17.437  -39.584  -13.435 0.5000000000
39633  17.208  -38.925  -14.706 0.4000000060
39640  16.495  -38.560  -15.286 0.4000000060
39655  13.743  -38.581  -16.698 0.3000000119
39671  12.939  -38.639  -17.142 0.4000000060
40747  13.205  -37.735  -17.042 0.3000000119
129060  12.644  -38.055  -17.672 0.3000000119
38480  14.835  -38.935  -12.013 0.3000000119
38479  15.641  -38.729  -11.921 0.3000000119
130438  17.235  -38.927  -13.283 0.4000000060
39612  16.748  -38.578  -12.786 0.4000000060
39624  17.201  -38.245  -13.525 0.4000000060
39632  17.236  -37.932  -14.210 0.4000000060
135820  16.811  -38.313  -14.764 0.4000000060
39641  15.859  -38.071  -15.586 0.4000000060
40735  14.801  -37.607  -16.350 0.4000000060
138260  12.718  -37.432  -17.710 0.3000000119
39600  15.839  -37.985  -11.850 0.3000000119
127508  14.457  -37.126  -16.606 0.4000000060
1413  -8.402  -78.187  -9.972 0.8999999762
27206  3.415  -49.165  -12.948 0.6000000238
27207  2.674  -48.687  -13.079 0.6000000238
4291  -6.562  -73.668  -5.306 0.6999999881
125108  4.005  -48.833  -12.380 0.6000000238
30440  5.760  -46.493  -10.148 0.6000000238
30434  12.503  -46.538  -10.789 0.3000000119
39614  13.993  -39.088  -12.415 0.3000000119
133341  16.847  -37.856  -13.091 0.4000000060
40699  17.066  -37.445  -13.668 0.4000000060
40723  16.438  -37.787  -14.921 0.4000000060
40724  15.854  -37.372  -15.379 0.4000000060
33757  10.734  -42.948  -12.923 0.4000000060
1283  10.537  -79.105  -36.040 0.3000000119
114810  10.253  -46.336  -10.816 0.4000000060
41768  14.935  -36.890  -16.216 0.4000000060
40736  14.081  -37.710  -16.647 0.4000000060
2406  -8.784  -76.554  -10.373 0.8000000119
1816  -7.907  -77.732  -6.450 0.5000000000
19618  4.606  -56.179  -13.123 0.6000000238
29356  10.505  -47.327  -11.601 0.5000000000
30455  12.595  -46.915  -11.696 0.6000000238
29354  11.973  -47.491  -12.101 0.6000000238
30454  13.048  -46.437  -12.169 0.6000000238
32669  12.940  -44.838  -12.523 0.4000000060
31598  12.121  -45.799  -13.248 0.5000000000
32670  11.588  -45.029  -12.863 0.4000000060
32671  10.869  -44.355  -12.915 0.4000000060
33768  11.023  -43.140  -13.324 0.5000000000
34905  15.896  -42.239  -13.404 0.4000000060
36084  14.481  -41.318  -13.861 0.3000000119
38514  17.400  -39.812  -15.099 0.5000000000
38488  16.917  -39.466  -12.782 0.4000000060
38515  16.803  -39.337  -15.556 0.4000000060
39653  15.290  -38.231  -16.103 0.4000000060
39654  14.588  -38.345  -16.415 0.4000000060
128885  14.435  -39.007  -16.471 0.5000000000
122876  17.521  -38.830  -13.886 0.4000000060
40734  15.363  -37.458  -15.882 0.4000000060
662  1.704  -82.057  -31.152 0.3000000119
431  3.475  -83.351  -30.248 0.4000000060
660  3.232  -82.592  -30.598 0.4000000060
224  4.427  -83.652  -30.602 0.4000000060
4888  -6.512  -72.848  -1.469 0.4000000060
4889  -7.218  -72.738  -1.772 0.5000000000
5566  -5.530  -71.421  -1.154 0.5000000000
30480  7.533  -45.769  -12.385 0.5000000000
30493  8.042  -47.202  -13.988 0.4000000060
116905  7.842  -46.341  -13.197 0.5000000000
31613  6.967  -45.753  -13.257 0.5000000000
31614  6.191  -45.609  -13.772 0.5000000000
126782  6.204  -45.505  -13.054 0.5000000000
28295  10.283  -48.401  -13.616 0.4000000060
28296  9.566  -48.304  -13.831 0.4000000060
29388  8.829  -47.780  -13.568 0.5000000000
31602  4.977  -45.724  -12.828 0.5000000000
135244  10.187  -48.281  -14.224 0.4000000060
29371  9.796  -47.588  -12.366 0.5000000000
31603  4.160  -45.886  -12.884 0.5000000000
30481  3.971  -46.341  -12.274 0.5000000000
28285  3.174  -48.137  -12.725 0.5000000000
29375  2.576  -47.035  -13.019 0.5000000000
29404  11.068  -47.392  -14.553 0.4000000060
28281  10.801  -48.395  -13.194 0.5000000000
30483  2.902  -46.510  -13.320 0.5000000000
29405  10.512  -47.645  -14.828 0.4000000060
28286  2.113  -47.800  -13.233 0.5000000000
122706  11.616  -47.081  -14.085 0.4000000060
29389  1.692  -47.100  -13.675 0.5000000000
30506  11.326  -46.276  -15.362 0.4000000060
124585  1.740  -50.555  -13.383 0.5000000000
121156  1.798  -49.741  -13.321 0.5000000000
27217  1.877  -48.721  -13.296 0.5000000000
30492  12.115  -46.551  -13.491 0.5000000000
127853  12.597  -46.346  -12.792 0.5000000000
28297  1.244  -47.871  -13.584 0.5000000000
125230  11.650  -46.190  -14.489 0.4000000060
26141  0.916  -50.079  -13.461 0.5000000000
31612  11.502  -45.377  -13.929 0.4000000060
31599  11.196  -44.956  -13.180 0.4000000060
32689  11.480  -44.940  -14.319 0.4000000060
31627  11.625  -45.548  -14.953 0.4000000060
32680  11.137  -44.535  -13.347 0.4000000060
32679  11.545  -44.373  -13.826 0.4000000060
137636  11.069  -43.946  -13.396 0.4000000060
38524  14.750  -39.623  -16.493 0.4000000060
430  4.244  -83.313  -30.282 0.4000000060
2129  -2.272  -77.153  -35.681 0.6000000238
29370  10.642  -48.121  -12.364 0.5000000000
29372  9.023  -47.271  -12.809 0.5000000000
29386  11.360  -47.922  -13.589 0.4000000060
30494  7.420  -46.357  -13.849 0.5000000000
30495  6.826  -45.993  -14.184 0.4000000060
31628  6.132  -45.865  -14.553 0.5000000000
28282  10.053  -48.377  -13.053 0.4000000060
28294  10.779  -48.204  -13.990 0.4000000060
32672  10.761  -43.780  -13.026 0.5000000000
3997  11.154  -75.347  -41.185 0.3000000119
127583  -4.954  -79.477  -17.769 0.3000000119
611  -0.105  -81.964  -24.966 0.3000000119
883  -0.109  -81.154  -25.036 0.3000000119
121692  -0.931  -80.245  -26.369 0.3000000119
624  -1.228  -81.563  -26.647 0.4000000060
116849  -0.611  -80.295  -25.900 0.3000000119
897  -0.839  -80.884  -26.363 0.3000000119
1575  -0.497  -78.633  -25.557 0.3000000119
1352  -6.120  -78.137  -4.914 0.3000000119
1376  -6.067  -78.127  -6.978 0.4000000060
1388  -6.158  -78.201  -7.770 0.4000000060
1835  -5.443  -77.647  -8.307 0.4000000060
1857  -5.702  -77.784  -10.097 0.5000000000
129235  -5.006  -77.240  -9.611 0.4000000060
2418  -5.082  -76.786  -11.524 0.6000000238
119000  -5.393  -77.333  -10.901 0.6000000238
1815  -5.523  -77.649  -6.503 0.3000000119
1834  -4.677  -76.983  -8.829 0.3000000119
2392  -3.629  -75.834  -9.500 0.3000000119
1836  -6.297  -78.238  -8.628 0.4000000060
2404  -4.088  -76.141  -10.392 0.5000000000
2393  -4.363  -76.568  -9.594 0.4000000060
116208  -6.322  -77.935  -10.861 0.6000000238
2417  -4.334  -76.122  -11.310 0.5000000000
1362  -6.744  -78.276  -5.498 0.4000000060
1825  -4.691  -76.990  -7.865 0.3000000119
1389  -6.920  -78.550  -8.060 0.4000000060
2385  -4.011  -76.297  -8.221 0.3000000119
119354  -7.193  -78.524  -8.877 0.4000000060
1353  -6.476  -78.001  -4.652 0.4000000060
2384  -3.317  -75.807  -8.666 0.3000000119
1377  -6.762  -78.524  -7.107 0.4000000060
1390  -7.586  -78.406  -8.316 0.5000000000
1400  -7.548  -78.514  -9.726 0.6000000238
2989  -2.923  -75.392  -9.404 0.3000000119
1354  -7.209  -78.018  -5.183 0.4000000060
2322  -6.684  -76.145  -3.668 0.4000000060
1379  -7.797  -78.231  -7.707 0.4000000060
1794  -6.210  -77.577  -4.343 0.4000000060
1795  -7.070  -77.199  -4.401 0.4000000060
2934  -7.269  -75.400  -3.617 0.4000000060
120467  -6.304  -74.621  -2.511 0.3000000119
2923  -7.004  -74.658  -2.813 0.4000000060
4237  -6.362  -73.496  -1.732 0.3000000119
4238  -6.863  -73.336  -1.755 0.5000000000
135349  -5.493  -70.793  -1.148 0.4000000060
6311  -5.013  -70.154  -1.288 0.4000000060
7731  -3.252  -68.685  -2.456 0.3000000119
7010  -4.000  -68.599  -1.935 0.4000000060
7012  -5.633  -69.196  -1.571 0.4000000060
8539  -2.411  -67.124  -3.072 0.3000000119
125969  -3.570  -67.839  -2.220 0.4000000060
8517  -3.152  -67.088  -2.404 0.4000000060
10294  -3.144  -65.697  -2.750 0.4000000060
10302  -2.052  -65.279  -3.713 0.4000000060
7732  -4.365  -67.815  -2.045 0.4000000060
8519  -4.807  -67.141  -2.319 0.4000000060
10336  -1.488  -65.056  -5.118 0.4000000060
116462  -1.658  -65.596  -4.499 0.4000000060
9387  -2.364  -66.065  -3.226 0.4000000060
129707  -1.514  -66.033  -5.376 0.3000000119
9402  -1.963  -66.789  -3.744 0.4000000060
9378  -4.419  -66.377  -2.474 0.4000000060
9377  -3.562  -66.355  -2.437 0.4000000060
10304  -3.547  -65.013  -3.117 0.4000000060
11324  -1.495  -63.886  -4.848 0.4000000060
12389  -1.117  -63.570  -5.659 0.4000000060
11300  -3.055  -64.350  -3.674 0.4000000060
12370  -1.276  -63.033  -5.064 0.4000000060
132470  -2.456  -63.884  -3.993 0.4000000060
137765  -0.473  -63.080  -6.960 0.3000000119
13408  -0.082  -62.475  -7.159 0.3000000119
13375  -0.584  -61.975  -5.571 0.4000000060
13361  -1.265  -62.455  -5.178 0.4000000060
13406  1.050  -61.702  -7.550 0.3000000119
13385  -0.155  -61.714  -6.302 0.3000000119
14389  -1.029  -61.776  -5.419 0.4000000060
14388  -0.457  -61.288  -6.091 0.4000000060
16424  2.744  -59.842  -8.453 0.3000000119
132630  0.143  -60.607  -6.711 0.3000000119
130032  3.734  -59.739  -8.574 0.3000000119
17439  1.353  -59.259  -8.602 0.3000000119
16408  1.774  -60.339  -7.767 0.3000000119
15422  -0.360  -60.189  -7.160 0.4000000060
17436  4.254  -58.995  -8.685 0.3000000119
17438  2.189  -59.249  -8.800 0.3000000119
19597  4.802  -56.865  -10.059 0.3000000119
16409  1.357  -60.002  -7.440 0.3000000119
16426  1.213  -59.644  -7.917 0.3000000119
16411  0.028  -59.790  -7.735 0.3000000119
17453  3.490  -58.457  -9.285 0.3000000119
17454  2.920  -57.955  -9.965 0.3000000119
133491  2.538  -58.551  -9.350 0.3000000119
16437  0.107  -59.067  -9.296 0.3000000119
18512  4.173  -57.273  -10.527 0.3000000119
17463  2.046  -58.119  -10.124 0.4000000060
19604  5.311  -56.221  -11.853 0.4000000060
132659  3.983  -57.289  -11.422 0.4000000060
18513  2.522  -57.834  -10.713 0.4000000060
20650  5.742  -55.502  -11.981 0.3000000119
18519  4.174  -57.180  -12.289 0.4000000060
30642  -0.887  -46.402  -23.280 0.3000000119
33916  -1.262  -43.964  -24.173 0.3000000119
17465  0.430  -58.417  -10.717 0.4000000060
31788  0.443  -45.308  -23.679 0.3000000119
33895  -0.925  -43.401  -24.027 0.3000000119
35035  -1.249  -42.909  -23.366 0.4000000060
679  9.039  -82.007  -33.029 0.3000000119
898  -1.295  -80.632  -26.650 0.4000000060
1826  -5.418  -77.619  -7.428 0.4000000060
1814  -4.772  -77.020  -6.958 0.3000000119
138580  -4.735  -76.708  -10.893 0.5000000000
123608  -3.985  -76.246  -8.949 0.3000000119
3001  -3.606  -75.386  -10.982 0.5000000000
18499  4.536  -57.613  -9.536 0.3000000119
19596  5.254  -56.298  -10.675 0.3000000119
398  -1.860  -83.245  -26.165 0.4000000060
2423  -4.703  -76.198  -12.085 0.6000000238
1807  -7.716  -77.567  -5.720 0.4000000060
30479  8.426  -46.346  -12.421 0.4000000060
129337  8.443  -46.994  -13.197 0.4000000060
31789  -0.393  -44.880  -23.960 0.4000000060
128471  -7.438  -78.178  -6.150 0.4000000060
33756  10.812  -43.499  -12.697 0.4000000060
617  -0.466  -81.710  -25.673 0.4000000060
891  -0.495  -80.984  -25.804 0.3000000119
1846  -5.572  -77.731  -9.179 0.4000000060
1858  -6.725  -78.247  -10.179 0.6000000238
4246  -5.893  -73.622  -1.788 0.3000000119
11299  -2.340  -64.425  -3.777 0.4000000060
14417  0.908  -60.918  -6.844 0.3000000119
116644  -4.444  -84.147  -20.135 0.3000000119
14  -3.501  -84.700  -20.583 0.3000000119
190  -0.646  -83.884  -24.594 0.3000000119
384  -0.266  -83.191  -24.154 0.3000000119
197  -0.880  -83.675  -25.202 0.3000000119
129086  -0.217  -82.669  -24.847 0.3000000119
396  -0.505  -82.499  -25.498 0.3000000119
402  -1.502  -82.509  -26.517 0.3000000119
34898  10.806  -42.614  -12.489 0.3000000119
36234  -0.722  -42.098  -22.960 0.3000000119
22  -2.475  -84.804  -21.870 0.4000000060
24  -3.620  -84.460  -22.237 0.4000000060
71  -1.363  -84.869  -22.317 0.4000000060
86  -2.782  -84.413  -25.079 0.4000000060
90  -6.833  -83.418  -26.245 0.6000000238
91  -7.310  -82.918  -26.640 0.6999999881
94  -6.845  -83.120  -26.318 0.6999999881
96  -1.461  -84.163  -30.296 0.5000000000
98  -1.876  -84.358  -30.761 0.6000000238
99  -2.551  -84.276  -31.134 0.6000000238
196  -0.529  -83.239  -25.107 0.3000000119
204  -3.893  -83.535  -26.298 0.6000000238
206  -5.858  -83.694  -26.471 0.6000000238
210  -5.936  -82.778  -26.933 0.6000000238
211  -7.082  -82.739  -27.012 0.6999999881
212  -7.854  -82.783  -26.992 0.8000000119
214  5.845  -83.147  -30.175 0.5000000000
216  3.607  -83.703  -30.487 0.4000000060
218  1.103  -83.887  -30.226 0.5000000000
220  -2.153  -84.095  -30.535 0.6000000238
222  6.250  -83.508  -30.596 0.5000000000
227  1.465  -84.082  -30.577 0.5000000000
228  -0.066  -84.319  -30.197 0.5000000000
229  -1.095  -84.345  -30.660 0.6000000238
230  -2.876  -84.132  -30.956 0.6000000238
231  -3.489  -83.841  -31.586 0.6000000238
232  6.672  -83.580  -31.158 0.5000000000
234  4.736  -83.780  -31.337 0.6000000238
237  2.014  -83.955  -31.536 0.6000000238
240  -2.983  -84.128  -31.914 0.6000000238
242  -4.310  -83.348  -33.143 0.6000000238
249  -3.566  -83.730  -32.929 0.6999999881
250  -4.915  -82.947  -34.228 0.6999999881
397  -1.003  -83.068  -25.846 0.3000000119
401  -0.850  -82.169  -26.183 0.4000000060
406  -8.420  -82.672  -27.420 0.8999999762
412  -8.215  -82.691  -27.604 0.8999999762
424  -1.735  -83.838  -30.262 0.4000000060
437  -2.236  -83.026  -30.617 0.4000000060
439  8.879  -82.548  -31.922 0.4000000060
440  7.261  -83.367  -31.370 0.4000000060
451  6.074  -82.638  -33.623 0.6000000238
462  5.697  -82.133  -34.459 0.5000000000
469  -4.744  -82.614  -35.126 0.6000000238
470  -5.194  -82.441  -35.108 0.6000000238
471  -5.208  -82.122  -35.985 0.6000000238
623  -0.747  -81.466  -26.227 0.3000000119
626  -8.102  -82.008  -26.424 0.8999999762
646  -8.847  -81.840  -30.022 0.8000000119
666  -2.685  -82.114  -31.342 0.4000000060
686  -5.224  -82.161  -34.072 0.6999999881
690  6.344  -81.582  -34.848 0.6000000238
692  4.207  -81.686  -34.840 0.5000000000
694  2.676  -81.906  -34.635 0.5000000000
701  6.029  -80.938  -35.438 0.5000000000
705  -4.900  -81.664  -36.423 0.6000000238
706  -5.369  -81.609  -36.267 0.6000000238
828  -9.049  -80.433  -18.744 0.8000000119
830  -10.012  -80.458  -19.274 0.8999999762
845  -9.106  -80.680  -19.411 0.8999999762
846  -9.663  -80.817  -19.742 0.8999999762
865  -9.776  -81.023  -21.318 0.8999999762
877  -4.984  -81.037  -23.919 0.6000000238
884  -4.865  -80.009  -23.911 0.8000000119
893  -7.810  -81.055  -26.024 0.8999999762
904  -2.623  -80.545  -27.202 0.5000000000
913  -9.081  -81.208  -28.948 0.8000000119
928  -7.925  -80.838  -31.324 0.8999999762
938  -8.709  -80.787  -31.743 0.8999999762
967  -5.486  -81.255  -36.064 0.6000000238
974  5.671  -80.174  -35.662 0.5000000000
1104  -4.741  -79.339  -17.035 0.4000000060
1118  -8.785  -80.063  -18.240 0.8999999762
1119  -10.280  -79.884  -18.698 0.6999999881
1142  -4.090  -78.662  -20.621 0.6000000238
1144  -8.112  -79.511  -20.361 1.0000000000
1173  -4.742  -79.120  -24.020 0.8999999762
1174  -5.250  -78.846  -24.596 0.8999999762
1189  -0.785  -79.594  -26.024 0.4000000060
1217  -5.188  -79.436  -29.911 0.8000000119
1238  -9.146  -80.097  -32.207 0.8999999762
1273  6.112  -79.497  -35.954 0.6000000238
1275  3.823  -79.765  -35.531 0.4000000060
1286  7.318  -78.875  -36.163 0.4000000060
1287  6.549  -78.849  -36.224 0.6000000238
1361  -6.291  -78.305  -6.063 0.4000000060
1369  -6.966  -78.512  -6.341 0.4000000060
1378  -7.415  -78.392  -6.972 0.4000000060
1391  -8.050  -78.201  -8.475 0.5000000000
1401  -7.867  -78.444  -9.059 0.6999999881
1411  -7.489  -78.398  -10.717 0.8999999762
1433  -8.353  -78.510  -11.997 0.8999999762
1453  -9.289  -78.947  -13.997 0.6999999881
1483  -3.742  -78.222  -17.373 0.6000000238
1514  -10.638  -79.324  -19.194 0.6999999881
1525  -3.861  -77.881  -20.642 0.6999999881
1551  -10.136  -79.791  -23.778 0.8000000119
1633  -7.907  -78.166  -29.971 0.8000000119
1634  -8.565  -79.259  -29.885 0.8000000119
1656  -8.164  -79.202  -33.576 0.8999999762
1658  -9.144  -79.174  -33.633 0.8999999762
1676  -3.310  -78.838  -35.787 0.6000000238
1692  6.250  -78.381  -36.414 0.6000000238
1694  5.116  -78.447  -36.196 0.5000000000
1698  11.102  -78.410  -37.353 0.4000000060
1780  -6.684  -76.881  -4.156 0.4000000060
1827  -7.900  -78.106  -7.027 0.5000000000
1845  -1.626  -77.543  -9.163 0.3000000119
1847  -6.509  -78.259  -9.469 0.6000000238
1917  -7.576  -77.911  -16.532 1.0000000000
1949  -3.827  -77.620  -19.882 0.8000000119
1978  -7.089  -77.695  -21.322 1.0000000000
1991  -3.205  -77.238  -23.307 0.8000000119
2141  8.386  -77.374  -37.174 0.6000000238
2143  5.117  -77.757  -36.305 0.5000000000
2152  7.551  -76.861  -37.523 0.6000000238
2164  8.601  -76.942  -39.423 0.6000000238
2339  -7.605  -76.602  -4.758 0.5000000000
2405  -4.855  -77.001  -10.266 0.5000000000
2416  -0.838  -76.406  -11.288 0.4000000060
2465  -2.314  -75.998  -17.468 0.8000000119
2467  -6.441  -76.466  -17.903 0.8999999762
2482  -2.471  -75.963  -18.235 0.8000000119
2526  -6.169  -76.592  -21.221 0.8999999762
2544  -2.833  -75.786  -23.786 0.8000000119
2601  -1.624  -76.105  -27.310 0.3000000119
2618  -2.476  -76.281  -28.520 0.6000000238
2637  -7.528  -76.478  -29.229 0.8000000119
2656  -4.159  -76.848  -30.979 0.8000000119
2657  -7.756  -76.770  -30.653 0.8000000119
2665  -0.488  -75.967  -31.542 0.4000000060
2723  7.486  -76.552  -38.894 0.6000000238
2729  10.075  -77.095  -40.787 0.5000000000
2941  -7.520  -75.772  -4.470 0.5000000000
2951  -7.176  -75.675  -5.657 0.6000000238
2964  -6.718  -75.306  -6.310 0.6000000238
2982  -2.620  -75.679  -8.782 0.3000000119
2984  -6.812  -75.415  -8.699 0.6999999881
3025  -1.575  -74.907  -12.228 0.6999999881
3027  -4.447  -75.685  -12.737 0.6999999881
3029  -9.452  -76.332  -12.660 0.8000000119
3032  -3.307  -74.451  -13.428 0.6999999881
3047  -9.405  -75.835  -14.180 0.8000000119
3070  -1.962  -74.723  -16.542 0.8000000119
3072  -4.302  -74.756  -16.260 0.8000000119
3121  -1.942  -74.899  -20.821 0.8000000119
3145  -1.711  -75.566  -22.100 0.8000000119
3155  -3.090  -75.197  -23.762 0.8999999762
3158  -7.166  -75.165  -24.144 1.0000000000
3174  -6.171  -74.924  -25.284 0.8999999762
3176  -7.137  -75.217  -25.657 1.0000000000
3213  -2.267  -75.309  -28.737 0.6000000238
3246  0.163  -74.873  -30.470 0.5000000000
3247  -2.582  -75.187  -30.611 0.6999999881
3248  -3.056  -75.599  -30.987 0.6999999881
3249  -7.864  -76.019  -30.597 0.6999999881
3264  -1.049  -75.109  -31.830 0.6999999881
3337  7.909  -76.214  -40.705 0.6000000238
3343  12.083  -76.308  -41.004 0.4000000060
3347  8.120  -75.270  -41.914 0.6999999881
3559  -6.820  -74.001  -2.089 0.4000000060
3689  -8.150  -74.718  -13.558 0.6999999881
3700  -3.719  -74.606  -14.095 0.6999999881
3707  -1.627  -74.578  -15.441 0.8000000119
3708  -1.978  -74.209  -15.255 0.8000000119
3712  -9.176  -75.422  -15.764 0.6000000238
3718  -2.171  -74.396  -16.180 0.8000000119
3719  -2.830  -74.126  -16.439 0.8000000119
3722  -9.077  -75.083  -16.472 0.5000000000
3745  -2.380  -74.465  -18.753 0.8000000119
3778  -2.311  -74.557  -20.423 0.8000000119
3807  -1.751  -75.086  -22.036 0.8000000119
3810  -3.885  -74.739  -22.986 0.8999999762
3817  -3.410  -74.897  -23.509 0.8999999762
3819  -5.161  -74.848  -24.116 0.8999999762
3821  -6.889  -74.724  -24.414 0.8999999762
3829  -6.835  -74.565  -24.909 1.0000000000
3838  -6.757  -74.752  -25.354 1.0000000000
3869  -1.033  -74.548  -28.705 0.5000000000
3877  -1.684  -74.677  -29.996 0.6999999881
3887  -0.259  -74.616  -30.300 0.5000000000
3900  -1.229  -74.758  -31.418 0.6000000238
3901  -1.817  -74.814  -31.578 0.6999999881
3975  7.264  -74.954  -38.500 0.6000000238
3989  10.947  -74.531  -40.400 0.4000000060
3999  7.659  -75.152  -41.775 0.6999999881
4003  8.859  -74.189  -43.088 0.5000000000
4005  9.196  -74.024  -43.162 0.5000000000
4247  -6.191  -74.189  -2.043 0.3000000119
4248  -7.360  -73.387  -2.157 0.5000000000
4346  -7.200  -73.368  -9.415 0.8999999762
4360  -8.039  -73.258  -10.210 0.8999999762
4419  -2.703  -74.029  -17.704 0.8000000119
4435  -2.706  -73.966  -18.470 0.8000000119
4452  -2.894  -73.894  -19.122 0.8000000119
4453  -3.511  -73.984  -19.016 0.8000000119
4613  10.144  -73.467  -39.077 0.6000000238
4624  10.192  -73.543  -40.045 0.5000000000
4633  9.586  -74.039  -42.949 0.5000000000
4887  -5.980  -72.211  -1.123 0.4000000060
4901  -7.703  -72.705  -2.462 0.6999999881
4949  -7.991  -71.933  -6.918 0.8000000119
4962  -9.097  -72.145  -7.864 0.8999999762
4982  -9.409  -72.099  -8.722 0.8000000119
4994  -9.477  -72.333  -9.559 0.8000000119
5018  -7.153  -72.615  -11.900 0.6999999881
5295  10.095  -72.988  -41.892 0.5000000000
5299  9.630  -72.781  -43.681 0.5000000000
5567  -6.873  -72.013  -1.414 0.5000000000
5617  -6.583  -71.941  -5.089 0.6999999881
5618  -7.124  -70.832  -5.548 0.8000000119
5625  -8.470  -71.236  -6.870 0.8000000119
5648  -9.494  -71.250  -8.854 0.6999999881
6312  -6.042  -70.156  -1.299 0.6000000238
6343  -6.529  -70.439  -3.914 0.6999999881
7011  -4.483  -69.382  -1.644 0.4000000060
7031  -7.314  -69.894  -2.499 0.6999999881
7049  -7.048  -69.383  -3.059 0.6999999881
7437  9.512  -69.487  -44.343 0.5000000000
7718  -6.438  -68.624  -1.965 0.6999999881
7730  -2.806  -67.922  -2.705 0.3000000119
7753  -6.387  -68.251  -3.187 0.6999999881
7775  -5.848  -68.567  -5.520 0.8000000119
8203  10.455  -68.548  -44.899 0.8000000119
8204  10.011  -68.580  -44.935 0.6000000238
8205  8.832  -68.242  -44.094 0.5000000000
8505  -5.299  -67.775  -2.126 0.5000000000
8518  -3.928  -67.061  -2.163 0.4000000060
8520  -5.906  -67.243  -2.746 0.6999999881
8541  -5.997  -67.650  -3.464 0.6999999881
8568  -5.941  -68.303  -6.409 0.8000000119
8569  -6.878  -67.740  -6.535 0.8999999762
8589  -8.162  -67.380  -7.159 0.8000000119
8603  -8.505  -67.357  -8.011 0.6999999881
9036  10.531  -67.135  -45.493 0.6999999881
9044  10.514  -66.706  -46.047 0.6999999881
9376  -2.894  -66.431  -2.645 0.4000000060
9401  -1.826  -66.185  -4.058 0.4000000060
9416  -4.747  -66.993  -6.092 0.8000000119
9428  -4.802  -66.842  -6.812 0.8000000119
9784  -7.525  -66.263  -39.295 0.4000000060
9862  10.513  -66.076  -46.522 0.6000000238
9863  10.262  -65.713  -46.752 0.6000000238
10295  -4.006  -65.636  -2.687 0.4000000060
10303  -2.732  -65.061  -3.242 0.4000000060
10305  -4.325  -65.165  -3.211 0.4000000060
10320  -1.782  -64.591  -4.193 0.4000000060
10340  -7.749  -66.056  -6.358 0.8999999762
10354  -4.776  -66.354  -7.212 0.8000000119
10356  -8.178  -65.469  -6.481 0.8999999762
10366  -4.404  -65.679  -7.360 0.8000000119
10367  -8.441  -65.257  -7.302 0.5000000000
10687  -3.025  -65.116  -33.403 0.6999999881
10701  -3.616  -65.211  -33.978 0.6999999881
10702  -5.680  -64.679  -34.573 0.6999999881
10711  -2.780  -65.220  -35.109 0.6999999881
10715  -6.477  -64.492  -36.406 0.6000000238
10729  -6.999  -63.875  -37.517 0.6000000238
10740  -4.042  -65.089  -37.036 0.6000000238
10742  -5.693  -65.486  -37.281 0.6000000238
10755  -4.655  -65.819  -38.418 0.6999999881
10836  10.542  -65.497  -46.467 0.6000000238
10838  9.252  -65.007  -46.530 0.6999999881
10846  10.019  -64.936  -47.010 0.6000000238
11301  -3.921  -64.536  -3.631 0.6000000238
11309  -1.974  -63.778  -4.186 0.4000000060
11310  -3.569  -63.966  -4.125 0.5000000000
11325  -6.807  -65.695  -6.457 0.8999999762
11341  -1.257  -64.578  -5.866 0.4000000060
11359  -5.822  -64.224  -7.272 0.8999999762
11370  -4.076  -64.894  -8.240 0.8999999762
11699  -2.336  -64.894  -32.965 0.6999999881
11700  -4.707  -64.290  -33.570 0.6000000238
11703  -8.191  -63.899  -34.618 0.5000000000
11716  -1.300  -65.289  -34.136 0.6000000238
11717  -6.449  -64.023  -35.070 0.6000000238
11732  -3.071  -65.043  -35.934 0.6999999881
11743  -0.716  -64.479  -36.396 0.6000000238
11744  -1.706  -64.584  -36.454 0.6999999881
11757  -2.832  -64.358  -37.357 0.6999999881
11758  -7.688  -64.259  -37.965 0.4000000060
11795  -4.157  -64.932  -40.632 0.6999999881
11842  8.230  -63.500  -44.856 0.6000000238
11862  10.472  -64.707  -46.527 0.6000000238
11866  2.704  -64.358  -44.523 0.5000000000
11872  10.215  -64.294  -46.710 0.6000000238
12342  -2.842  -63.794  -4.137 0.4000000060
12355  -1.684  -63.126  -4.684 0.4000000060
12357  -3.139  -63.402  -4.650 0.5000000000
12358  -3.938  -63.810  -4.716 0.5000000000
12369  -0.851  -62.697  -5.519 0.4000000060
12371  -3.874  -63.580  -5.411 0.5000000000
12388  -0.757  -63.286  -6.334 0.4000000060
12393  -8.133  -64.146  -6.269 0.8000000119
12411  -3.664  -64.202  -7.644 0.8000000119
12412  -5.746  -63.231  -7.461 0.8999999762
12413  -6.585  -62.915  -6.935 0.8000000119
12415  -8.242  -63.759  -6.772 0.8000000119
12707  -7.131  -63.451  -27.111 0.5000000000
12770  -4.498  -63.855  -33.402 0.6000000238
12772  -8.005  -63.373  -34.207 0.6000000238
12789  -7.325  -62.004  -36.101 0.6000000238
12800  -1.672  -63.672  -37.592 0.6000000238
12803  -7.315  -61.855  -36.124 0.6000000238
12813  -3.083  -63.537  -38.317 0.6999999881
12839  -3.904  -63.936  -40.235 0.6999999881
12851  6.425  -63.270  -40.917 0.6000000238
12870  -2.562  -63.291  -43.204 0.6000000238
12880  10.088  -62.940  -45.380 0.6999999881
12888  -2.034  -64.099  -43.679 0.6000000238
12890  -4.617  -63.211  -43.658 0.6999999881
12896  10.025  -63.498  -46.214 0.6999999881
13362  -1.821  -62.666  -4.784 0.4000000060
13363  -2.491  -62.805  -4.759 0.5000000000
13407  0.388  -61.675  -7.000 0.3000000119
13410  -6.352  -62.294  -7.441 0.8999999762
13411  -7.082  -62.320  -7.204 0.8000000119
13432  -3.218  -63.638  -9.133 0.8000000119
13433  -4.439  -63.455  -9.091 0.8999999762
13448  -2.820  -62.752  -10.474 0.8000000119
13462  -3.363  -62.730  -10.455 0.8000000119
13634  -3.325  -62.072  -23.906 0.8000000119
13645  -3.157  -62.206  -24.442 0.8000000119
13657  -4.276  -62.051  -25.208 0.6999999881
13658  -7.356  -61.523  -25.136 0.5000000000
13663  -3.359  -62.381  -26.685 0.6999999881
13670  -3.687  -62.406  -27.683 0.6999999881
13671  -4.424  -61.953  -27.690 0.6999999881
13672  -7.083  -62.150  -28.132 0.5000000000
13679  -3.631  -62.427  -28.634 0.6999999881
13681  -6.732  -62.483  -28.864 0.5000000000
13694  -3.590  -62.374  -29.445 0.6000000238
13728  -7.275  -61.678  -31.961 0.6000000238
13749  -2.336  -62.607  -34.278 0.6000000238
13750  -3.162  -62.404  -34.608 0.6999999881
13753  -6.776  -62.334  -35.877 0.6999999881
13754  -7.499  -62.230  -35.927 0.6000000238
13760  -1.571  -62.100  -34.639 0.5000000000
13764  -7.339  -61.851  -35.852 0.6000000238
13771  -7.262  -61.906  -36.101 0.6000000238
13772  -7.254  -61.741  -36.078 0.6000000238
13796  -1.819  -62.350  -38.414 0.6000000238
13829  8.399  -61.559  -40.961 0.5000000000
13870  8.800  -62.443  -43.844 0.6999999881
13881  3.035  -63.100  -44.726 0.5000000000
14404  -1.258  -61.218  -5.997 0.5000000000
14416  1.435  -61.108  -7.425 0.3000000119
14418  -2.703  -61.374  -7.589 0.5000000000
14436  1.594  -61.535  -8.122 0.3000000119
14440  -6.646  -61.495  -7.992 0.8000000119
14462  -5.007  -60.980  -9.119 0.8000000119
14476  -2.387  -62.110  -10.934 0.8000000119
14478  -3.744  -61.803  -10.657 0.8000000119
14630  -2.742  -61.477  -23.327 0.8000000119
14631  -3.140  -61.732  -23.286 0.8000000119
14632  -3.981  -61.732  -23.617 0.8000000119
14633  -4.892  -61.177  -23.868 0.6999999881
14643  -2.598  -61.863  -25.768 0.6999999881
14644  -5.104  -61.253  -25.215 0.6999999881
14645  -5.882  -59.902  -25.112 0.6999999881
14651  -2.561  -61.812  -26.750 0.6999999881
14654  -7.460  -60.616  -26.286 0.5000000000
14663  -4.754  -60.813  -27.524 0.6000000238
14692  -7.367  -60.882  -29.315 0.6000000238
14707  -4.270  -62.110  -29.983 0.6999999881
14731  -7.298  -60.944  -32.396 0.6000000238
14739  -7.609  -61.972  -33.904 0.6000000238
14748  -6.163  -61.503  -35.091 0.6999999881
14755  -2.676  -60.800  -35.710 0.6000000238
14756  -3.365  -60.425  -36.077 0.6999999881
14757  -4.142  -60.325  -36.001 0.6999999881
14758  -5.037  -60.559  -35.376 0.6999999881
14760  -7.313  -61.775  -35.830 0.6000000238
14797  -0.773  -61.259  -38.802 0.5000000000
14811  5.098  -61.385  -38.696 0.6999999881
14814  -2.812  -61.330  -39.695 0.6000000238
14860  1.242  -62.074  -43.478 0.6000000238
14861  0.641  -62.034  -42.817 0.6000000238
14862  -0.273  -61.925  -42.476 0.6999999881
14865  -5.114  -61.614  -43.153 0.6999999881
14873  -3.855  -61.543  -43.800 0.8000000119
14882  2.392  -60.917  -44.590 0.6000000238
15421  1.396  -60.529  -7.297 0.3000000119
15423  -1.273  -60.348  -7.441 0.5000000000
15432  -2.179  -61.018  -9.262 0.6999999881
15448  -6.290  -60.410  -9.392 0.8000000119
15466  -1.440  -60.858  -11.008 0.8000000119
15467  -1.897  -61.460  -11.396 0.8000000119
15488  -2.147  -61.067  -11.807 0.8000000119
15491  -7.450  -60.012  -11.161 0.6000000238
15623  -3.873  -60.139  -21.420 0.8000000119
15629  -2.916  -60.815  -22.060 0.8000000119
15630  -3.399  -60.805  -21.954 0.8000000119
15632  -4.997  -60.056  -23.187 0.8000000119
15633  -7.508  -61.000  -22.166 0.6000000238
15637  -2.674  -60.930  -22.641 0.8000000119
15640  -6.579  -60.065  -23.663 0.8000000119
15646  -6.831  -60.241  -24.331 0.5000000000
15704  -4.951  -59.999  -28.935 0.6999999881
15718  -4.755  -61.034  -29.771 0.6999999881
15730  -7.307  -60.025  -31.880 0.6999999881
15763  -2.418  -60.385  -35.382 0.6000000238
15765  -6.868  -60.584  -34.544 0.6999999881
15812  6.121  -60.151  -38.553 0.6999999881
15823  6.999  -60.142  -39.079 0.6999999881
15824  6.283  -60.436  -38.696 0.6999999881
15847  4.233  -61.058  -39.530 0.6000000238
15855  3.919  -60.617  -40.775 0.6999999881
15858  -4.951  -60.683  -42.872 0.6999999881
15864  3.565  -61.213  -42.945 0.6000000238
15866  -0.862  -60.959  -42.673 0.6999999881
15885  2.123  -60.032  -44.617 0.6000000238
16410  0.817  -59.778  -7.390 0.3000000119
16425  1.860  -59.841  -8.138 0.3000000119
16427  0.553  -59.387  -8.353 0.3000000119
16438  -0.644  -59.319  -9.689 0.6000000238
16559  -3.327  -59.543  -21.191 0.8000000119
16560  -5.198  -58.899  -22.310 0.8000000119
16564  -2.718  -60.290  -22.098 0.8000000119
16570  -2.973  -59.226  -24.189 0.8000000119
16572  -6.644  -59.690  -23.076 0.6000000238
16577  -3.053  -59.493  -24.991 0.5000000000
16588  -3.072  -59.672  -25.806 0.4000000060
16589  -6.930  -59.169  -25.545 0.6999999881
16597  -6.400  -58.920  -25.910 0.6999999881
16606  -6.473  -58.568  -27.007 0.8000000119
16623  -7.132  -58.858  -27.155 0.6999999881
16640  -6.969  -58.064  -28.292 0.8000000119
16654  -7.138  -58.331  -30.111 0.6999999881
16664  -4.798  -59.079  -32.039 0.6999999881
16704  -3.132  -59.819  -35.706 0.6000000238
16722  -4.953  -59.283  -35.340 0.6999999881
16723  -5.608  -59.735  -34.936 0.6999999881
16773  7.374  -60.113  -40.064 0.6000000238
16780  -3.259  -59.191  -40.875 0.6000000238
16791  -4.608  -59.848  -42.353 0.6999999881
16813  -5.227  -59.884  -43.947 0.6999999881
16823  -1.167  -58.976  -44.759 0.6999999881
16824  -2.223  -58.664  -44.573 0.6999999881
16830  2.375  -58.852  -45.386 0.6000000238
17437  3.168  -59.187  -8.819 0.3000000119
17452  4.251  -58.260  -9.216 0.3000000119
17455  1.501  -58.593  -9.402 0.3000000119
17464  1.153  -58.145  -10.348 0.4000000060
17466  -0.141  -58.989  -11.341 0.6999999881
17472  0.931  -58.171  -11.191 0.6999999881
17474  -0.118  -59.043  -12.177 0.6999999881
17475  -1.361  -59.928  -12.068 0.8000000119
17489  1.125  -58.361  -12.133 0.6999999881
17492  -1.645  -58.831  -12.112 0.8000000119
17568  -7.302  -58.494  -20.593 0.6999999881
17570  -2.756  -57.991  -21.294 0.8000000119
17571  -3.373  -58.594  -20.936 0.8000000119
17573  -6.086  -58.521  -22.241 0.8000000119
17575  -7.248  -58.647  -21.415 0.6000000238
17579  -6.756  -58.859  -22.285 0.6999999881
17636  -6.118  -58.118  -28.255 0.8000000119
17653  -6.703  -57.756  -29.538 0.8000000119
17674  -6.236  -57.061  -30.861 0.6999999881
17675  -6.801  -57.739  -30.914 0.6999999881
17690  -5.074  -57.607  -33.282 0.8000000119
17691  -6.050  -56.896  -32.881 0.6999999881
17707  -5.697  -57.394  -33.665 0.6999999881
17708  -6.228  -57.452  -33.460 0.6999999881
17709  -6.749  -58.145  -33.067 0.6000000238
17722  -4.728  -58.581  -34.712 0.6999999881
17723  -5.325  -58.115  -34.375 0.6999999881
17735  -4.926  -58.697  -34.997 0.6999999881
17773  5.958  -59.006  -39.054 0.6000000238
17794  -2.987  -57.802  -41.112 0.5000000000
17795  -3.387  -58.277  -41.368 0.6999999881
17808  -3.695  -58.026  -42.422 0.6999999881
17817  -4.669  -58.917  -43.953 0.6999999881
17828  -2.440  -58.101  -44.651 0.6999999881
17835  3.221  -58.430  -45.983 0.5000000000
17836  2.253  -58.306  -45.792 0.6000000238
17837  1.218  -58.004  -45.532 0.5000000000
18500  3.774  -57.792  -9.865 0.3000000119
18521  2.622  -57.739  -11.631 0.5000000000
18533  3.674  -57.316  -12.949 0.5000000000
18534  2.761  -57.617  -12.649 0.6000000238
18536  0.512  -58.227  -13.062 0.8000000119
18538  -1.258  -57.559  -12.500 0.8000000119
18556  1.918  -57.666  -13.189 0.6999999881
18631  -4.163  -58.015  -20.924 0.8000000119
18647  -2.541  -57.876  -22.075 0.8000000119
18662  -4.805  -57.343  -24.711 0.5000000000
18737  -5.895  -57.054  -30.795 0.6999999881
18754  -5.709  -56.944  -31.767 0.6999999881
18772  -5.912  -56.771  -32.229 0.6999999881
18788  -5.294  -57.480  -33.596 0.6999999881
18878  -2.797  -57.575  -41.449 0.5000000000
19605  4.662  -56.810  -11.414 0.4000000060
19617  5.274  -55.944  -12.626 0.3000000119
19631  3.768  -56.253  -13.343 0.6000000238
19634  1.151  -57.120  -13.495 0.8000000119
19702  -6.268  -56.299  -20.754 0.8000000119
19707  -4.561  -56.473  -20.931 0.8000000119
19713  -2.294  -56.386  -22.058 0.8000000119
19731  -5.491  -56.262  -24.809 0.6000000238
20662  5.586  -55.088  -12.520 0.5000000000
20769  -4.707  -54.915  -20.553 0.6000000238
20778  -2.335  -55.748  -21.759 0.8000000119
20797  -4.349  -55.452  -23.736 0.6000000238
21725  5.908  -54.288  -12.449 0.4000000060
21738  -0.827  -54.345  -13.552 0.5000000000
21845  -2.296  -54.819  -22.032 0.8000000119
21875  -5.337  -54.710  -24.889 0.6000000238
22775  5.732  -53.636  -12.766 0.4000000060
22883  -5.972  -53.375  -19.293 0.6000000238
22894  -4.835  -53.597  -20.580 0.6999999881
22901  -2.580  -54.173  -21.961 0.8000000119
22903  -3.647  -53.207  -21.861 0.8000000119
22912  -2.855  -53.647  -22.240 0.8000000119
23830  7.107  -52.372  -11.834 0.4000000060
23843  6.119  -52.120  -13.083 0.4000000060
23995  -3.581  -52.612  -22.630 0.8000000119
24008  -3.172  -52.955  -23.250 0.6999999881
24025  -3.484  -52.520  -23.943 0.6999999881
24037  -4.556  -52.535  -25.481 0.6999999881
24988  7.499  -51.109  -11.543 0.3000000119
25009  4.123  -51.675  -13.309 0.8000000119
25162  -3.991  -51.039  -23.717 0.6000000238
26125  5.951  -50.508  -12.892 0.6999999881
26284  -0.676  -50.687  -21.857 0.4000000060
26298  -4.943  -49.274  -23.250 0.5000000000
26319  -4.028  -50.338  -24.371 0.6000000238
27191  6.395  -49.426  -11.549 0.5000000000
27205  4.930  -49.355  -12.456 0.8000000119
27216  2.705  -49.531  -13.181 0.6000000238
27308  -6.012  -48.855  -19.040 0.6000000238
27342  -1.553  -49.722  -20.109 0.3000000119
27343  -2.243  -49.418  -19.809 0.5000000000
27344  -2.915  -49.176  -19.689 0.6000000238
27356  -5.439  -49.387  -21.845 0.6000000238
27372  -5.229  -48.868  -22.402 0.6000000238
28219  9.461  -47.664  -7.745 0.3000000119
28220  8.295  -48.831  -8.105 0.3000000119
28221  7.722  -48.014  -8.443 0.4000000060
28242  6.614  -47.992  -9.446 0.5000000000
28255  5.382  -48.130  -10.487 0.6999999881
28269  4.966  -48.424  -10.952 0.6999999881
28284  3.890  -48.045  -11.935 0.6999999881
28298  0.810  -48.187  -13.763 0.5000000000
28458  -2.822  -48.871  -23.850 0.5000000000
28501  -3.295  -49.263  -25.211 0.5000000000
29343  5.480  -47.453  -10.201 0.6999999881
29374  3.358  -46.669  -12.607 0.5000000000
29387  9.427  -48.023  -13.122 0.5000000000
29428  9.711  -47.876  -15.045 0.4000000060
30380  9.777  -46.598  -8.034 0.4000000060
30417  7.146  -46.398  -9.366 0.6000000238
30441  5.004  -46.975  -10.628 0.6999999881
30477  12.431  -46.908  -12.543 0.6000000238
30482  3.519  -46.162  -12.881 0.5000000000
30496  3.592  -46.031  -13.460 0.5000000000
31583  5.194  -45.877  -12.017 0.6000000238
31600  6.553  -45.496  -12.229 0.6000000238
31601  5.752  -45.585  -12.582 0.5000000000
31724  -4.164  -45.590  -21.293 0.5000000000
31725  -4.517  -45.093  -22.002 0.5000000000
31738  -2.906  -46.079  -22.991 0.3000000119
31760  -0.200  -45.813  -23.506 0.3000000119
31761  -1.115  -45.444  -23.687 0.4000000060
31763  -3.097  -45.158  -23.062 0.5000000000
32668  13.944  -44.701  -12.209 0.4000000060
32757  -6.452  -43.151  -20.928 0.6000000238
32777  -4.717  -44.649  -21.607 0.6000000238
32779  -6.386  -42.769  -21.363 0.6000000238
32838  -1.762  -44.257  -23.721 0.4000000060
33823  -6.610  -42.268  -19.187 0.6000000238
33832  -6.624  -42.477  -20.390 0.6000000238
33849  -6.526  -42.305  -21.096 0.6000000238
33867  -5.357  -42.707  -21.554 0.6000000238
33868  -6.130  -42.666  -21.783 0.6000000238
33869  -6.371  -42.456  -21.417 0.6000000238
33878  -3.277  -44.512  -22.409 0.5000000000
33896  -1.586  -43.633  -23.617 0.3000000119
34973  -2.118  -42.908  -19.787 0.5000000000
34976  -6.611  -41.803  -19.823 0.6000000238
34995  -6.531  -41.820  -20.591 0.6000000238
35008  -5.866  -42.068  -21.419 0.6000000238
35009  -6.286  -42.051  -21.306 0.6000000238
35056  -0.239  -43.303  -24.303 0.3000000119
36183  1.921  -41.865  -20.342 0.4000000060
36205  -5.289  -41.721  -20.315 0.6000000238
36206  -5.815  -41.657  -20.859 0.6000000238
36207  -6.196  -41.618  -20.701 0.6000000238
36218  -6.066  -41.828  -21.190 0.6000000238
38577  0.592  -39.372  -19.988 0.3000000119
39659  6.011  -37.736  -16.754 0.4000000060
39679  3.555  -37.978  -18.217 0.4000000060
39680  2.900  -37.821  -18.622 0.3000000119
39701  4.209  -38.823  -18.522 0.4000000060
40748  8.259  -37.319  -18.157 0.4000000060
114190  -6.255  -56.888  -31.733 0.6999999881
114191  -6.161  -56.819  -32.176 0.6999999881
114196  -4.434  -42.343  -18.092 0.6000000238
114599  -6.424  -41.492  -19.113 0.6000000238
114609  -5.928  -41.195  -20.088 0.6000000238
114723  -6.328  -42.721  -18.673 0.6000000238
114920  -5.494  -81.046  -28.985 0.8000000119
114961  -8.112  -68.157  -6.754 0.8999999762
115073  -7.430  -61.868  -35.511 0.6000000238
115160  -6.126  -43.682  -18.853 0.6000000238
115392  -5.149  -59.521  -27.247 0.6000000238
115457  -7.582  -62.020  -35.008 0.6000000238
115504  -7.255  -77.700  -28.395 0.8999999762
115653  -9.674  -78.719  -14.564 0.6999999881
116040  8.766  -74.813  -42.442 0.6000000238
116205  0.602  -58.530  -9.788 0.5000000000
116473  -8.695  -71.816  -7.307 0.8999999762
117356  -3.849  -60.865  -41.004 0.6999999881
117368  -6.092  -63.723  -30.251 0.5000000000
117385  -6.278  -76.354  -17.136 1.0000000000
117523  1.261  -52.854  -13.471 0.8000000119
117572  -1.929  -76.872  -27.178 0.3000000119
117590  -2.830  -76.462  -23.476 0.8000000119
117877  -6.802  -77.183  -14.772 0.8999999762
118013  -0.423  -62.457  -6.165 0.3000000119
118105  -2.864  -62.259  -27.271 0.6999999881
118160  -1.966  -76.649  -8.191 0.3000000119
118251  4.718  -56.707  -12.611 0.4000000060
118423  -4.494  -58.645  -11.404 0.6999999881
118797  7.648  -72.965  -40.387 0.5000000000
118862  4.153  -56.884  -13.164 0.5000000000
118919  -5.974  -57.816  -21.912 0.8000000119
119148  -7.582  -74.150  -4.008 0.6999999881
119154  -1.321  -76.779  -32.584 0.5000000000
119194  -4.278  -60.795  -43.995 0.8000000119
119497  -9.213  -80.946  -20.060 0.8999999762
119565  3.343  -57.593  -10.846 0.4000000060
119789  -0.557  -83.966  -23.883 0.4000000060
120214  -1.749  -43.209  -22.316 0.4000000060
120746  -1.175  -75.363  -14.128 0.6999999881
120985  -5.749  -53.987  -26.314 0.6000000238
121032  0.901  -60.203  -6.957 0.3000000119
121294  -6.132  -74.167  -9.675 0.8999999762
121803  -2.566  -61.555  -24.327 0.8000000119
122068  1.759  -53.719  -13.410 0.8000000119
122071  0.395  -51.393  -13.508 0.6000000238
122244  -2.991  -62.309  -25.815 0.6999999881
122418  -7.479  -60.083  -20.933 0.6000000238
122481  5.359  -50.045  -12.838 0.8000000119
122707  -2.134  -61.315  -39.275 0.6000000238
123104  -1.794  -75.720  -33.356 0.8000000119
123565  -3.794  -62.255  -25.970 0.6999999881
124067  0.810  -58.957  -9.102 0.3000000119
124161  -7.507  -77.384  -4.954 0.4000000060
124194  -2.344  -83.884  -25.641 0.4000000060
124284  7.200  -75.698  -37.185 0.6000000238
124514  -2.848  -53.524  -22.815 0.6999999881
124565  -4.772  -65.528  -3.552 0.6000000238
124659  -10.167  -81.037  -21.012 0.8000000119
124814  0.044  -55.127  -13.645 0.6000000238
125022  -6.160  -54.373  -27.202 0.5000000000
125838  -5.523  -74.795  -24.653 0.8999999762
126374  -3.465  -64.586  -37.584 0.6999999881
126468  4.594  -79.644  -35.650 0.4000000060
126625  -3.826  -53.822  -23.954 0.6999999881
126673  -6.340  -71.149  -1.180 0.4000000060
126690  -2.515  -61.163  -27.172 0.5000000000
126810  0.386  -60.029  -7.031 0.4000000060
127014  9.720  -48.444  -7.777 0.3000000119
127129  -3.255  -74.730  -12.130 0.6999999881
127449  -7.813  -61.167  -8.606 0.6000000238
127587  7.295  -49.983  -10.211 0.4000000060
128147  -6.067  -67.158  -39.788 0.6000000238
128288  -9.322  -79.853  -16.771 0.8999999762
128311  -5.706  -54.697  -20.154 0.6000000238
128431  -3.234  -64.611  -33.128 0.6000000238
128649  -2.757  -56.006  -21.174 0.8000000119
128817  -4.590  -52.991  -21.115 0.8000000119
129765  -2.461  -60.837  -24.488 0.8000000119
130030  10.011  -78.429  -36.361 0.5000000000
130051  -2.625  -59.428  -22.178 0.8000000119
130654  -6.420  -42.184  -18.708 0.6000000238
130843  -7.350  -60.097  -22.493 0.6000000238
130896  -7.329  -78.466  -7.634 0.4000000060
131030  -7.302  -61.759  -36.117 0.6000000238
131215  -6.073  -76.027  -18.239 0.8999999762
131579  2.889  -63.777  -44.765 0.5000000000
131580  -7.482  -78.994  -27.367 0.8999999762
131589  -4.015  -64.386  -6.354 0.8000000119
131597  -4.163  -74.290  -18.823 0.8000000119
131692  -1.536  -62.145  -5.107 0.5000000000
131773  0.199  -61.137  -6.494 0.3000000119
132196  -5.673  -49.206  -20.325 0.5000000000
132375  -6.905  -77.721  -4.590 0.4000000060
132551  -3.329  -58.215  -11.798 0.6999999881
132709  2.394  -83.077  -33.434 0.6999999881
132977  -7.617  -63.212  -35.814 0.6000000238
133229  -2.512  -75.479  -23.355 0.8000000119
133411  -10.314  -79.351  -17.157 0.8000000119
133532  6.289  -53.618  -12.380 0.3000000119
133703  7.165  -66.132  -43.999 0.5000000000
133704  6.541  -36.419  -16.951 0.3000000119
133879  -7.379  -70.414  -2.020 0.6000000238
134075  -2.283  -75.750  -34.353 0.6999999881
134236  -4.494  -79.887  -10.858 0.3000000119
134257  -7.292  -68.750  -5.947 0.8999999762
134294  -5.110  -56.744  -24.534 0.5000000000
134659  -1.590  -66.334  -4.787 0.3000000119
134679  -5.983  -60.878  -35.036 0.6999999881
134825  -2.553  -79.803  -27.173 0.5000000000
134829  -6.503  -68.400  -2.523 0.6999999881
134844  8.641  -78.325  -36.303 0.5000000000
135041  -7.295  -75.829  -25.922 1.0000000000
135160  -5.601  -67.259  -2.480 0.4000000060
135401  -4.744  -79.238  -19.291 0.4000000060
135576  -4.645  -80.383  -36.440 0.5000000000
135790  3.111  -63.987  -44.591 0.5000000000
135804  -9.337  -75.372  -16.786 0.5000000000
135881  -2.418  -62.526  -38.595 0.6000000238
135895  4.220  -60.472  -40.050 0.6999999881
136043  1.870  -57.117  -13.465 0.6999999881
136430  -5.248  -82.579  -23.890 0.5000000000
136441  -1.101  -75.534  -32.186 0.5000000000
136455  -2.573  -61.738  -25.054 0.6999999881
136530  10.644  -39.141  -11.641 0.3000000119
136537  10.411  -68.971  -44.747 0.6000000238
136581  -7.438  -70.559  -2.579 0.6000000238
136778  -7.474  -60.429  -27.381 0.5000000000
137180  -3.470  -74.007  -17.727 0.8000000119
137181  6.955  -75.586  -36.669 0.5000000000
137548  -5.629  -78.706  -31.062 0.8999999762
137665  -6.359  -63.774  -30.968 0.6000000238
137708  -6.630  -76.802  -19.023 0.8999999762
137773  12.296  -38.204  -18.054 0.3000000119
137809  -2.232  -76.297  -21.342 0.8000000119
138163  2.287  -46.812  -13.489 0.5000000000
138244  -3.968  -64.339  -33.242 0.6000000238
138475  -8.944  -79.419  -33.519 0.8999999762
138747  -4.600  -74.709  -20.563 0.8999999762
138771  3.405  -47.380  -12.407 0.5000000000
139149  -5.661  -63.203  -42.415 0.6000000238
