global_signal	global_signal_derivative1	global_signal_power2	global_signal_derivative1_power2	csf	csf_derivative1	csf_power2	csf_derivative1_power2	white_matter	white_matter_derivative1	white_matter_derivative1_power2	white_matter_power2	csf_wm	tcompcor	std_dvars	dvars	framewise_displacement	rmsd	t_comp_cor_00	t_comp_cor_01	t_comp_cor_02	c_comp_cor_00	c_comp_cor_01	c_comp_cor_02	c_comp_cor_03	c_comp_cor_04	w_comp_cor_00	w_comp_cor_01	w_comp_cor_02	w_comp_cor_03	w_comp_cor_04	w_comp_cor_05	w_comp_cor_06	w_comp_cor_07	w_comp_cor_08	w_comp_cor_09	w_comp_cor_10	w_comp_cor_11	w_comp_cor_12	w_comp_cor_13	w_comp_cor_14	w_comp_cor_15	w_comp_cor_16	w_comp_cor_17	w_comp_cor_18	w_comp_cor_19	w_comp_cor_20	w_comp_cor_21	w_comp_cor_22	w_comp_cor_23	w_comp_cor_24	w_comp_cor_25	w_comp_cor_26	w_comp_cor_27	w_comp_cor_28	w_comp_cor_29	w_comp_cor_30	w_comp_cor_31	w_comp_cor_32	w_comp_cor_33	w_comp_cor_34	a_comp_cor_00	a_comp_cor_01	a_comp_cor_02	a_comp_cor_03	a_comp_cor_04	a_comp_cor_05	a_comp_cor_06	a_comp_cor_07	a_comp_cor_08	a_comp_cor_09	a_comp_cor_10	a_comp_cor_11	a_comp_cor_12	a_comp_cor_13	a_comp_cor_14	a_comp_cor_15	a_comp_cor_16	a_comp_cor_17	a_comp_cor_18	a_comp_cor_19	a_comp_cor_20	a_comp_cor_21	a_comp_cor_22	a_comp_cor_23	a_comp_cor_24	a_comp_cor_25	a_comp_cor_26	a_comp_cor_27	a_comp_cor_28	a_comp_cor_29	a_comp_cor_30	edge_comp_00	edge_comp_01	edge_comp_02	edge_comp_03	edge_comp_04	edge_comp_05	edge_comp_06	edge_comp_07	edge_comp_08	edge_comp_09	edge_comp_10	edge_comp_11	edge_comp_12	edge_comp_13	edge_comp_14	edge_comp_15	edge_comp_16	edge_comp_17	edge_comp_18	edge_comp_19	edge_comp_20	edge_comp_21	edge_comp_22	edge_comp_23	cosine00	cosine01	cosine02	non_steady_state_outlier00	non_steady_state_outlier01	non_steady_state_outlier02	non_steady_state_outlier03	trans_x	trans_x_derivative1	trans_x_derivative1_power2	trans_x_power2	trans_y	trans_y_derivative1	trans_y_derivative1_power2	trans_y_power2	trans_z	trans_z_derivative1	trans_z_power2	trans_z_derivative1_power2	rot_x	rot_x_derivative1	rot_x_derivative1_power2	rot_x_power2	rot_y	rot_y_derivative1	rot_y_power2	rot_y_derivative1_power2	rot_z	rot_z_derivative1	rot_z_power2	rot_z_derivative1_power2	motion_outlier00	motion_outlier01	motion_outlier02	motion_outlier03	motion_outlier04	motion_outlier05	motion_outlier06	motion_outlier07	motion_outlier08	motion_outlier09	motion_outlier10	motion_outlier11	motion_outlier12	motion_outlier13	motion_outlier14	motion_outlier15	motion_outlier16	motion_outlier17	motion_outlier18	motion_outlier19	motion_outlier20	motion_outlier21	motion_outlier22	motion_outlier23	motion_outlier24	motion_outlier25	motion_outlier26	motion_outlier27	motion_outlier28	motion_outlier29	motion_outlier30	motion_outlier31	motion_outlier32	motion_outlier33	motion_outlier34	motion_outlier35	motion_outlier36	motion_outlier37	motion_outlier38	motion_outlier39	motion_outlier40	motion_outlier41	motion_outlier42	motion_outlier43	motion_outlier44	motion_outlier45	motion_outlier46	motion_outlier47	motion_outlier48	motion_outlier49	motion_outlier50	motion_outlier51	motion_outlier52	motion_outlier53
737.2567186004649	n/a	543547.4691215251	n/a	1379.1844291687012	n/a	1902149.689661396	n/a	750.8044897251375	n/a	n/a	563707.3817914241	813.8932429951833	834.563553595696	n/a	n/a	n/a	n/a	0.0	0.0	0.0	0.0	0.0	0.0	0.0	0.0	0.0	0.0	0.0	0.0	0.0	0.0	0.0	0.0	0.0	0.0	0.0	0.0	0.0	0.0	0.0	0.0	0.0	0.0	0.0	0.0	0.0	0.0	0.0	0.0	0.0	0.0	0.0	0.0	0.0	0.0	0.0	0.0	0.0	0.0	0.0	0.0	0.0	0.0	0.0	0.0	0.0	0.0	0.0	0.0	0.0	0.0	0.0	0.0	0.0	0.0	0.0	0.0	0.0	0.0	0.0	0.0	0.0	0.0	0.0	0.0	0.0	0.0	0.0	0.0	0.0	0.0	0.0	0.0	0.0	0.0	0.0	0.0	0.0	0.0	0.0	0.0	0.0	0.0	0.0	0.0	0.0	0.0	0.0	0.0	0.0	0.0	0.0	0.0	0.0	0.0	0.0	0.0	0.0	1.0	0.0	0.0	0.0	0.0044389453317847	n/a	n/a	1.970423565857318e-05	-0.0511034743901319	n/a	n/a	0.0026115650947428	0.1535523071651141	n/a	0.0235783110357295	n/a	3.6999999776029206e-05	n/a	n/a	1.368999983426161e-09	-1.238111613233172e-09	n/a	1.5329203668228485e-18	n/a	-6.600001789433097e-05	n/a	4.3560023620520085e-09	n/a	0.0	0.0	0.0	0.0	0.0	0.0	0.0	0.0	0.0	0.0	0.0	0.0	0.0	0.0	0.0	0.0	0.0	0.0	0.0	0.0	0.0	0.0	0.0	0.0	0.0	0.0	0.0	0.0	0.0	0.0	0.0	0.0	0.0	0.0	0.0	0.0	0.0	0.0	0.0	0.0	0.0	0.0	0.0	0.0	0.0	0.0	0.0	0.0	0.0	0.0	0.0	0.0	0.0	0.0
576.3017022681624	-160.95501633230242	332123.6520371818	25906.51728253174	962.2591534750802	-416.92527569362096	925942.678446578	173826.68551220183	621.664202776078	-129.1402869490595	16677.213713285422	386466.3810132166	650.5877736027079	605.5757798188758	9.248049000000002	316.101105	0.3534378834713868	0.1876694462060507	0.0	0.0	0.0	0.0	0.0	0.0	0.0	0.0	0.0	0.0	0.0	0.0	0.0	0.0	0.0	0.0	0.0	0.0	0.0	0.0	0.0	0.0	0.0	0.0	0.0	0.0	0.0	0.0	0.0	0.0	0.0	0.0	0.0	0.0	0.0	0.0	0.0	0.0	0.0	0.0	0.0	0.0	0.0	0.0	0.0	0.0	0.0	0.0	0.0	0.0	0.0	0.0	0.0	0.0	0.0	0.0	0.0	0.0	0.0	0.0	0.0	0.0	0.0	0.0	0.0	0.0	0.0	0.0	0.0	0.0	0.0	0.0	0.0	0.0	0.0	0.0	0.0	0.0	0.0	0.0	0.0	0.0	0.0	0.0	0.0	0.0	0.0	0.0	0.0	0.0	0.0	0.0	0.0	0.0	0.0	0.0	0.0	0.0	0.0	0.0	0.0	0.0	1.0	0.0	0.0	0.0147992506528282	0.0103603053210435	0.0001073359263452	0.0002190178198852	0.0885192457647718	0.1396227201549037	0.0194945039834545	0.007835656870764	0.0448043040962318	-0.1087480030688822	0.0020074256655476	0.0118261281714696	-0.0009549350372699	-0.0009919350370459	9.83935117719309e-07	9.119009254056652e-07	-0.000205301371033	-0.0002053001329213	4.2148652948029534e-08	4.214814457753907e-08	0.0006309019106695	0.0006969019285638	3.980372208864258e-07	4.85672298035987e-07	1.0	0.0	0.0	0.0	0.0	0.0	0.0	0.0	0.0	0.0	0.0	0.0	0.0	0.0	0.0	0.0	0.0	0.0	0.0	0.0	0.0	0.0	0.0	0.0	0.0	0.0	0.0	0.0	0.0	0.0	0.0	0.0	0.0	0.0	0.0	0.0	0.0	0.0	0.0	0.0	0.0	0.0	0.0	0.0	0.0	0.0	0.0	0.0	0.0	0.0	0.0	0.0	0.0	0.0
545.9493149201654	-30.352387347997023	298060.654461798	921.2674177228498	833.5469767979213	-128.71217667715894	694800.5625289544	16566.824424972176	609.241064374539	-12.423138401539063	154.33436774379456	371174.67452022113	627.3354840959821	542.0536538967484	2.222885	75.978882	0.1241857999241081	0.0758804019961213	0.0	0.0	0.0	0.0	0.0	0.0	0.0	0.0	0.0	0.0	0.0	0.0	0.0	0.0	0.0	0.0	0.0	0.0	0.0	0.0	0.0	0.0	0.0	0.0	0.0	0.0	0.0	0.0	0.0	0.0	0.0	0.0	0.0	0.0	0.0	0.0	0.0	0.0	0.0	0.0	0.0	0.0	0.0	0.0	0.0	0.0	0.0	0.0	0.0	0.0	0.0	0.0	0.0	0.0	0.0	0.0	0.0	0.0	0.0	0.0	0.0	0.0	0.0	0.0	0.0	0.0	0.0	0.0	0.0	0.0	0.0	0.0	0.0	0.0	0.0	0.0	0.0	0.0	0.0	0.0	0.0	0.0	0.0	0.0	0.0	0.0	0.0	0.0	0.0	0.0	0.0	0.0	0.0	0.0	0.0	0.0	0.0	0.0	0.0	0.0	0.0	0.0	0.0	1.0	0.0	0.0146423476863475	-0.0001569029664806	2.4618540890443584e-08	0.0002143983457678	0.04627129853327	-0.0422479472315018	0.0017848890452757	0.0021410330679549	-0.0185074790927188	-0.0633117831889506	0.0003425267823674	0.0040083818905646	-0.0010968685174979	-0.0001419334802279	2.0145112809632054e-08	1.203120544678041e-06	-0.0003923685138487	-0.0001870671428157	1.539530506598375e-07	3.49941159212295e-08	0.0006712846183693	4.038270769979996e-05	4.506230388592168e-07	1.630763081167483e-09	0.0	1.0	0.0	0.0	0.0	0.0	0.0	0.0	0.0	0.0	0.0	0.0	0.0	0.0	0.0	0.0	0.0	0.0	0.0	0.0	0.0	0.0	0.0	0.0	0.0	0.0	0.0	0.0	0.0	0.0	0.0	0.0	0.0	0.0	0.0	0.0	0.0	0.0	0.0	0.0	0.0	0.0	0.0	0.0	0.0	0.0	0.0	0.0	0.0	0.0	0.0	0.0	0.0	0.0
538.7050846485527	-7.244230271612764	290203.1682262043	52.47887222815074	787.5666369301932	-45.98033986772805	620261.2076055348	2114.1916543517814	609.5939680107673	0.3529036362283477	0.12454097646319	371604.8058351124	624.3062004835086	518.9437213464773	1.019277	34.839199	0.1588679930608263	0.1076211681694419	0.0	0.0	0.0	0.0	0.0	0.0	0.0	0.0	0.0	0.0	0.0	0.0	0.0	0.0	0.0	0.0	0.0	0.0	0.0	0.0	0.0	0.0	0.0	0.0	0.0	0.0	0.0	0.0	0.0	0.0	0.0	0.0	0.0	0.0	0.0	0.0	0.0	0.0	0.0	0.0	0.0	0.0	0.0	0.0	0.0	0.0	0.0	0.0	0.0	0.0	0.0	0.0	0.0	0.0	0.0	0.0	0.0	0.0	0.0	0.0	0.0	0.0	0.0	0.0	0.0	0.0	0.0	0.0	0.0	0.0	0.0	0.0	0.0	0.0	0.0	0.0	0.0	0.0	0.0	0.0	0.0	0.0	0.0	0.0	0.0	0.0	0.0	0.0	0.0	0.0	0.0	0.0	0.0	0.0	0.0	0.0	0.0	0.0	0.0	0.0	0.0	0.0	0.0	0.0	1.0	0.0146632301815401	2.088249519260031e-05	4.3607860546897506e-10	0.0002150103193568	0.1484507404852166	0.1021794419519465	0.0104406383576112	0.0220376223506091	-0.0025824534085217	0.0159250256841971	6.669065607185347e-06	0.0002536064430423	-0.0004034091432227	0.0006934593742752	4.808859037701519e-07	1.627389368356729e-07	-0.0002711357659463	0.0001212327479023	7.35146035752868e-08	1.4697379163966869e-08	0.0006714453547815	1.6073641220001707e-07	4.508388644576544e-07	2.5836194206933782e-14	0.0	0.0	0.0	0.0	0.0	0.0	0.0	0.0	0.0	0.0	0.0	0.0	0.0	0.0	0.0	0.0	0.0	0.0	0.0	0.0	0.0	0.0	0.0	0.0	0.0	0.0	0.0	0.0	0.0	0.0	0.0	0.0	0.0	0.0	0.0	0.0	0.0	0.0	0.0	0.0	0.0	0.0	0.0	0.0	0.0	0.0	0.0	0.0	0.0	0.0	0.0	0.0	0.0	0.0
535.4867880232442	-3.218296625308426	286746.1001474509	10.357433168471603	769.9925794056484	-17.574057524544855	592888.5723397637	308.84749787601163	609.6823677423174	0.0883997315501119	0.0078145125381318	371712.5895358784	622.4666997694432	509.9754780640694	0.854067	29.192272	0.2261476872996355	0.1263884479614592	-0.0314062718	-0.0229267083	-0.0287751924	-0.0789189956	0.0018022033	0.0422471147	-0.107782094	-0.0220118664	-0.0195010091	0.0105915458	0.0184498848	-0.037214872	0.0076873888	-0.0434721443	0.0831962265	0.0117264989	-0.0242753677	0.0073312565	-0.0448420348	0.0323884559	-0.0972543197	0.03594284	-0.0198679903	0.0742379693	-0.0454766345	0.0255646978	-0.0142463307	0.0131764328	-0.0777149714	0.1072351584	-0.0540398829	0.0776775159	-0.0261253785	0.0701509012	-0.0937800814	0.0603275532	-0.0606672874	0.0729225537	-0.0288153906	0.1661488524	-0.0915332838	0.0434269097	-0.1013756227	-0.0321197608	0.0100759824	0.0291408511	0.0511412514	-0.0326097963	0.0343599433	-0.0163521072	0.0748187553	-0.0496670063	0.0241651153	-0.0266743754	0.0098400433	-0.0573987171	0.0610782344	-0.0161384608	0.065632108	-0.0447971909	0.0279511499	-0.0444530714	0.0252079104	-0.042337741	0.0365915435	0.1415125478	0.0214639422	-0.0175532257	0.0389375255	-0.0524837264	0.0761765047	-0.043725185	0.0594751378	-0.0234125007	-0.0151674374	0.0294244169	0.0678789314	-0.0202938137	0.042438488	-0.0539225137	0.0156445536	-0.050499458	0.003736557	-0.0576876178	0.0143776969	-0.0334491159	0.019030324	0.0756355803	-0.0340827022	0.0773317398	-0.0225028942	0.0668871795	-0.1205024351	0.0656434351	-0.0096450998	0.0011669805	-0.0141174794	0.0632796146	0.0985300633	0.0985214698	0.098507148	0.0	0.0	0.0	0.0	0.0201487526083923	0.0054855224268522	3.009095629549846e-05	0.0004059722316741	0.0732500566763576	-0.0752006838088589	0.0056551428453199	0.0053655708030896	0.0918227679885177	0.0944052213970394	0.0084314207210731	0.008912345827024	0.0004340544774429	0.0008374636206656	7.013453159383359e-07	1.88403289388229e-07	-0.0001948773806645	7.625838528180004e-05	3.7977193494656443e-08	5.815341325787456e-09	0.0005640421673912	-0.0001074031873902	3.181435665953625e-07	1.1535444661595883e-08	0.0	0.0	0.0	0.0	0.0	0.0	0.0	0.0	0.0	0.0	0.0	0.0	0.0	0.0	0.0	0.0	0.0	0.0	0.0	0.0	0.0	0.0	0.0	0.0	0.0	0.0	0.0	0.0	0.0	0.0	0.0	0.0	0.0	0.0	0.0	0.0	0.0	0.0	0.0	0.0	0.0	0.0	0.0	0.0	0.0	0.0	0.0	0.0	0.0	0.0	0.0	0.0	0.0	0.0
532.6553930850133	-2.8313949382309147	283721.7677825501	8.016797296239645	763.3155221121651	-6.677057293483244	582650.5862973672	44.58309410045779	608.2678571709235	-1.414510571393862	2.0008401565849896	369989.7860673071	620.5815921640037	506.5404857333263	0.830925	28.401272	0.1327634131717197	0.0868780237529946	-0.0371338014	-0.0082990435	-0.0364065952	-0.027003729	0.068122187	-0.0144720733	-0.1274563484	0.0205194459	0.0129600965	0.0525784399	0.0473877987	-0.0309471003	0.0205251107	-0.1270833795	0.1107261502	-0.061298349	0.1043785564	-0.0636803366	-0.0047499587	-0.1240762945	-0.0795304873	-0.018227908	0.1079987638	-0.0799589114	-0.0260802025	0.0108728381	-0.0069785522	0.143967639	0.060935583	-0.023542644	-0.0326418196	-0.0014471235	-0.0384279843	-0.001147959	0.050007533	-0.0223590482	-0.065971092	0.0339726156	0.0247211458	-0.0093796053	0.0082354664	-0.0577449017	0.0366698276	0.0050079765	0.0527006952	0.0740284704	0.0403904286	-0.078489467	0.0278100084	-0.1040206926	-0.0053096313	0.0110823655	-0.0372442357	-0.0115054236	-0.103812827	0.1149528085	-0.056845355	0.0041747645	0.1276430496	-0.159501593	0.0591631348	-0.141317459	0.0026775622	-0.0707711245	0.0731662693	-0.026759006	0.0562570841	-0.0621573222	0.1134822905	-0.0433251789	-0.1171823174	0.0065969765	-0.0825034397	-0.0191476283	-0.0198129994	0.0356009975	0.0606042706	-0.0176483934	0.0460307503	-0.0570952626	-0.019673227	-0.0720355537	-0.0286158964	-0.0737760101	0.0411684577	-0.0567078872	0.0710662688	0.0575253198	0.0436375219	0.0598630944	-0.0154374557	0.004024476	-0.1180849943	-0.042983867	-0.0066444305	0.0614647906	-0.1474428439	0.024051202	0.098507148	0.0984298219	0.0983009902	0.0	0.0	0.0	0.0	0.0202908383895987	0.0001420857812063	2.018836922103249e-08	0.0004117181225528	0.134594526153208	0.0613444694768503	0.0037631439353962	0.0181156864704065	0.0302205119762248	-0.0616022560122929	0.0009132793441051	0.003794837945804	0.0003880954066138	-4.59590708291e-05	2.112236191474231e-09	1.5061804463473076e-07	-0.0003328884793833	-0.0001380110987188	1.1081473970612577e-07	1.9047063369570373e-08	0.0005735640358707	9.521868479499978e-06	3.289757032442857e-07	9.066597934089524e-11	0.0	0.0	0.0	0.0	0.0	0.0	0.0	0.0	0.0	0.0	0.0	0.0	0.0	0.0	0.0	0.0	0.0	0.0	0.0	0.0	0.0	0.0	0.0	0.0	0.0	0.0	0.0	0.0	0.0	0.0	0.0	0.0	0.0	0.0	0.0	0.0	0.0	0.0	0.0	0.0	0.0	0.0	0.0	0.0	0.0	0.0	0.0	0.0	0.0	0.0	0.0	0.0	0.0	0.0
531.9737467082522	-0.6816463767611367	282996.06718681566	0.4646417829515855	758.9715431485857	-4.343978963579389	576037.8033093455	18.870153236020258	609.3816101991056	1.1137530281820318	1.2404458077846456	371345.94684885466	622.134713859845	495.5359796630239	0.791266	27.0457	0.1244016139761916	0.064047910285019	-0.0492291869	0.0334375557	-0.0044351144	0.008523669	0.0840133979	0.0248954899	-0.0932217364	0.0146334592	-0.0107585167	0.0230423756	0.0298815974	-0.0771743588	-0.0042288212	-0.1340091852	0.0340181109	0.0307446526	0.0233724885	0.0726467526	-0.0792787604	-0.075965307	0.0291132081	0.0054042001	0.0756527841	-0.1651385541	0.0313172435	-0.0938587766	0.1199985043	0.0768496684	-0.1011491939	-0.2257762241	0.1614861903	0.0478880226	0.1803603317	0.0474775533	0.0862675101	-0.08205321	-0.0471229065	-0.1774832348	-0.0593316602	0.0078766402	-0.0546287693	-0.0711377249	-0.0317478626	-0.0217916088	0.0423451781	0.0854833934	0.0575301025	-0.0133634255	0.116772251	-0.0415864039	0.0287134983	0.0437918844	-0.0113893687	-0.0211054657	0.0370824222	0.0214142689	-0.0038711781	0.0968651016	0.1359074671	0.088652429	0.086955453	-0.088291414	-0.0816558317	-0.0861406887	-0.0453525081	-0.2192924626	0.0095942291	0.0519607803	0.0783951572	0.1227792416	0.0700747722	-0.1092250484	-0.1352366374	0.1466610945	-0.0185839092	0.0302942431	0.0665698395	-0.0195318509	0.0528566573	-0.0873357439	-0.0252943156	-0.0713864822	-0.0309154813	-0.0439261593	0.0025285133	-0.0346403396	0.0554580017	0.0809639895	0.0152234791	0.1348701428	0.0175139072	-0.0711954853	-0.0720244376	-0.0012461745	0.1296440819	0.0028746472	-0.06987587	0.0021120921	0.0984613227	0.0982466114	0.097889106	0.0	0.0	0.0	0.0	0.0298251974644756	0.0095343590748769	9.090400296868756e-05	0.0008895424037949	0.1577605476517334	0.0231660214985253	0.0005366645520701	0.0248883903953748	0.0701845621269541	0.0399640501507293	0.0049258727609522	0.00159712530445	-0.0003389586673788	-0.0007270540739926	5.286076265092371e-07	1.1489297819121199e-07	-0.0001231136993795	0.0002097747800038	1.51569829749059e-08	4.40054583256427e-08	0.0006714788469155	9.791481104479996e-05	4.508838418549694e-07	9.587310221938878e-09	0.0	0.0	0.0	0.0	0.0	0.0	0.0	0.0	0.0	0.0	0.0	0.0	0.0	0.0	0.0	0.0	0.0	0.0	0.0	0.0	0.0	0.0	0.0	0.0	0.0	0.0	0.0	0.0	0.0	0.0	0.0	0.0	0.0	0.0	0.0	0.0	0.0	0.0	0.0	0.0	0.0	0.0	0.0	0.0	0.0	0.0	0.0	0.0	0.0	0.0	0.0	0.0	0.0	0.0
532.5624473968111	0.5887006885589017	283622.7603772812	0.3465685007097249	753.9725811277117	-4.998962020874046	568474.6530923838	24.989621286141126	609.3200984185346	-0.0615117805709815	0.0037836991490125	371270.9823367727	620.9536140613986	496.7474636796711	0.8130549999999999	27.790468	0.2635307496653892	0.1525839163482982	-0.0053343075	0.0173826976	0.0199394054	0.0035999838	0.002901965	0.0521417287	-0.0221140542	-0.0098053015	-0.0151684167	-0.0124550564	-0.0068788377	-0.0392975161	0.0530335654	-0.0537929558	0.0417092246	0.0187143688	-0.0914295316	-0.00549538	0.0094266096	0.060092408	-0.0546510886	0.0380870398	0.123634592	-0.019794099	-0.0579847005	0.004964774	-0.0567474908	0.0896894086	0.0081592803	-0.1345146516	-0.0086101337	-0.0187784623	-0.011405383	-0.0419364079	0.0562112135	0.0421244389	-0.0749916531	0.044116539	-0.0392961987	-0.0164685741	-0.0598072035	0.0510012481	0.040710752	-0.0197302042	-0.0125247353	0.0063265303	0.0676398726	-0.0198158208	-0.0060085393	0.0324097232	0.0843408681	-0.0100539104	0.0276118083	0.000985729	-0.0051903961	-0.0299751406	0.0199207221	-0.0319820927	0.0426679065	0.0219338228	-0.0268666574	-0.0403295951	-0.0201841143	-0.142142658	0.0988789004	-0.0705869096	0.0009788437	-0.0664252586	0.0455688717	-0.0027150625	-0.1573468526	-0.0476314067	-0.0236271239	0.0758238832	-0.0061447219	0.0292171896	0.0472211267	-0.0233110218	0.0559905025	-0.0571809465	0.0011360428	-0.0389531487	-0.0060168071	-0.020269746	-0.0005502248	-0.0327639611	0.0340611813	0.0503030453	-0.016222837	0.0253132924	-0.0293907948	0.0201695186	-0.0443592963	-0.0174423805	0.028186624	-0.0403376582	0.0379962558	0.1143522511	0.0983925981	0.0979720086	0.0972723574	0.0	0.0	0.0	0.0	0.0370164695677317	0.007191272103256	5.1714394463069366e-05	0.0013702190192588	0.0681953255942744	-0.089565222057459	0.0080219290022019	0.004650602432909	0.1898945873858082	0.119710025258854	0.0360599543184263	0.0143304901474754	0.0002620236303401	0.0006009822977189	3.611797221714886e-07	6.865638285660537e-08	-0.0001369550043668	-1.3841304987299987e-05	1.8756673221110204e-08	1.9158172375145548e-10	0.0003450178447053	-0.0003264610022101	1.190373131650905e-07	1.0657678596408819e-07	0.0	0.0	0.0	0.0	0.0	0.0	0.0	0.0	0.0	0.0	0.0	0.0	0.0	0.0	0.0	0.0	0.0	0.0	0.0	0.0	0.0	0.0	0.0	0.0	0.0	0.0	0.0	0.0	0.0	0.0	0.0	0.0	0.0	0.0	0.0	0.0	0.0	0.0	0.0	0.0	0.0	0.0	0.0	0.0	0.0	0.0	0.0	0.0	0.0	0.0	0.0	0.0	0.0	0.0
532.203900115198	-0.3585472816130277	283240.9912978277	0.1285561531520918	752.1285329546247	-1.8440481730870035	565697.3300844759	3.4005136646655143	609.1293934179478	-0.1907050005868313	0.0363683972488233	371038.617925717	620.2154776436942	499.23431668495977	0.7675389999999999	26.234724	0.2543439275657351	0.1485885049391	-0.0262770754	0.005770734	-0.0085149091	0.0128204385	0.0306133246	0.0136073071	-0.0641618995	0.0586294575	-0.0131591622	0.0232547309	-0.0615948231	0.0068767437	0.0447090132	-0.0629073889	0.0395255005	-0.0064887667	0.0048258739	0.0753220418	0.1383790296	0.0210804118	0.0671128068	0.066180171	-0.0277719796	-0.0316609461	-0.0467747355	0.1210179622	0.0168824518	0.0702543588	0.1112340028	0.0224148755	0.0557492033	-0.1113764052	-0.033218096	0.0767664921	0.0649966522	-0.0522719728	0.0589514906	0.046772607	0.0662880544	-0.0528733505	-0.0395110761	0.0035929511	0.0438513504	-0.0042181141	0.0231069739	-0.0147356279	0.0413001429	-0.0885845167	0.0480040861	0.0009726152	-0.009991063	0.0322617813	0.0521778187	0.0169308221	0.0046144399	0.0420270711	0.0507125267	-0.0581417038	0.0604015324	0.02488754	-0.137871604	-0.1159408043	0.1460342675	-0.0072071077	0.0949507112	-0.0554916172	-0.0561433293	0.0457470468	-0.0753083183	0.0353623646	-0.0126797967	-0.0155993166	-0.0378613297	-0.0513828073	-0.0054481031	0.0320213021	0.0512325607	-0.0056387517	0.0352131772	-0.0612494789	-0.0256359299	-0.0476117867	-0.0261885474	-0.0846312643	0.0119990823	-0.0312387935	0.0273836121	0.0469915951	0.0150517644	0.0623593391	0.0337055399	0.0436259356	-0.1198049352	0.0253107697	-0.0192426427	-0.0069064283	-0.0467853275	0.0295550101	0.0983009902	0.0976062691	0.0964520353	0.0	0.0	0.0	0.0	0.0532535608291766	0.0162370912614449	0.0002636431326324	0.0028359417409868	0.1842593998633503	0.1160640742690759	0.0134708693359375	0.033951526438002	0.1018278267837189	-0.0880667606020892	0.010368906307495	0.0077557543229457	-0.0002824540410867	-0.0005444776714268	2.964559346823505e-07	7.97802853262072e-08	-0.0002540511316284	-0.0001170961272616	6.454197748167062e-08	1.3711503019664824e-08	0.0003629640746794	1.7946229974100006e-05	1.3174291950787308e-07	3.220671702832855e-10	0.0	0.0	0.0	0.0	0.0	0.0	0.0	0.0	0.0	0.0	0.0	0.0	0.0	0.0	0.0	0.0	0.0	0.0	0.0	0.0	0.0	0.0	0.0	0.0	0.0	0.0	0.0	0.0	0.0	0.0	0.0	0.0	0.0	0.0	0.0	0.0	0.0	0.0	0.0	0.0	0.0	0.0	0.0	0.0	0.0	0.0	0.0	0.0	0.0	0.0	0.0	0.0	0.0	0.0
533.0350662286397	0.8311661134416681	284126.38182937034	0.6908371081337279	751.7969563075475	-0.3315766470772132	565198.6635132924	0.1099430728869668	610.4619130146862	1.3325195967383934	1.7756084756918504	372663.74724155024	622.0521070437323	497.7237407819107	0.762788	26.072338	0.2223995946093393	0.1281732269399195	-0.0124675533	0.0076132864	0.0161142427	0.0132300871	0.0270627827	0.0200168566	-0.0641873156	0.0201823524	-0.0375621107	0.0166132313	0.0237966661	-0.0601198238	-0.0011507459	-0.0415012201	0.0692989307	0.0162406393	-0.0505209636	-0.0392552436	0.0844766265	0.1149447451	0.1841615752	0.1533810188	0.0591927141	-0.0266101439	0.0515649073	0.113650926	0.1088095641	-0.0285707639	-0.0249112897	-0.0050779846	0.0957391081	0.022918185	-0.0125841914	-0.048460433	0.0009387605	0.0072809881	-0.0012702579	0.0975503924	0.0357555102	-0.0270180491	-0.0331026381	0.0934349681	0.0796264696	-0.0352086602	-0.0021995949	0.0523457997	0.0101556646	0.0100228205	0.0467156167	-0.0955954826	0.0297159103	0.0492007252	0.0618447296	0.0704017325	-0.0120539139	-0.045280899	-0.1140667426	-0.0044393937	0.062285131	0.11317235	-0.2021181434	-0.019500704	-0.041130389	-0.0701653675	0.0711481007	-0.0725291181	-0.0289442163	0.0338593931	-0.1033896164	-0.1317778702	0.1307496318	-0.0479600348	-0.0489290242	-0.0516588535	-0.0060367038	0.0319479178	0.0369201063	-0.0219671809	0.0472274751	-0.0504429055	0.0066680484	-0.0345391136	0.0045103727	-0.0149905431	-0.0060282041	-0.0249809081	0.0147473095	0.0485061004	-0.0200587707	0.0655893385	-0.0293498479	-0.0327304962	-0.070564117	-0.0028246236	0.1021086617	0.0396785031	-0.105414071	0.0690151458	0.0981865202	0.097149733	0.0954298563	0.0	0.0	0.0	0.0	0.0533034689485134	4.990811933679867e-05	2.4908203757361382e-09	0.0028412598019451	0.094465573194796	-0.0897938266685543	0.0080629313077823	0.0089237445190213	0.1914068571234963	0.0895790303397774	0.0366365849538945	0.0080244026766147	8.397754958065637e-05	0.0003664315906673	1.34272110639009e-07	7.052228833571599e-09	8.702174908425953e-05	0.0003410728807126	7.572784813683824e-09	1.1633070995763209e-07	0.0005149961929328	0.0001520321182534	2.652210787352778e-07	2.3113764980615812e-08	0.0	0.0	0.0	0.0	0.0	0.0	0.0	0.0	0.0	0.0	0.0	0.0	0.0	0.0	0.0	0.0	0.0	0.0	0.0	0.0	0.0	0.0	0.0	0.0	0.0	0.0	0.0	0.0	0.0	0.0	0.0	0.0	0.0	0.0	0.0	0.0	0.0	0.0	0.0	0.0	0.0	0.0	0.0	0.0	0.0	0.0	0.0	0.0	0.0	0.0	0.0	0.0	0.0	0.0
531.7998331051731	-1.235233123466628	282811.06249069	1.525800869309122	750.8294854845319	-0.9674708230155602	563744.9162729669	0.9359997933864054	608.9171122931615	-1.5448007215246662	2.386409269223129	370780.0496434426	620.3086819985756	497.1734347945873	0.7361339999999998	25.161268	0.0959342960282204	0.0472036824659483	-0.000430959	0.0081798705	0.0236667872	0.0074371909	-0.0099777723	-0.009515057	0.0076602804	0.0307878716	0.0016381659	-0.0359534385	0.0370064421	-0.038208714	0.0090007352	-0.0181234909	0.078920175	-0.0418132739	-0.0878700999	-0.0952344212	-0.0516521003	-0.0855779111	0.0335656313	-0.0035446776	0.2169650127	0.0391889643	0.0587376976	-0.0470591103	0.0124538645	-0.053809169	-0.0020715674	-0.0149011514	0.0307137512	-0.0309151265	0.1691847574	-0.0978358157	0.1528089199	-0.0108334685	-0.0819041587	0.0430259655	-0.004638931	-0.0263973823	-0.117505486	0.1617358945	-0.0180035719	0.0062882929	-0.0261280842	0.0539900194	0.0059961476	-0.0042595924	-0.0185844098	-0.0390069721	0.0668680206	0.0031987803	0.0671786054	0.0922815953	-0.0645505515	0.0386336284	-0.0444846163	0.0704062006	-0.0771007234	-0.032824017	-0.0029175669	0.1132664693	-0.0884408199	-0.1984347516	-0.0239597188	-0.028335852	0.0486620138	-0.0150058027	0.0402393449	-0.0043044734	-0.0749230863	-0.1170441817	-0.0352825655	0.0686895202	0.0030518701	0.0314726663	0.0322236809	-0.0193664129	0.0320974059	-0.0257720981	0.0108018155	-0.0226318049	0.0117274343	0.0058100987	-0.0108255637	-0.0083183857	0.0144553275	0.0103231894	-0.0018094728	0.0143014237	-0.0320365901	-0.0324519806	0.0223888123	-0.0772372171	0.0450952373	-0.0231551302	-0.057028795	0.0439311882	0.0980492148	0.0966028251	0.0942079597	0.0	0.0	0.0	0.0	0.0582115874650241	0.0049081185165106	2.4089627372115175e-05	0.0033885889151981	0.1139433410791497	0.0194777678843537	0.0003793834417567	0.0129830849762794	0.2254557957065515	0.0340489385830551	0.0508303158176742	0.0011593302186326	-0.000135950719507	-0.0002199282690876	4.836844354389259e-08	1.8482598134470992e-08	-0.0002800242263276	-0.0003670459754118	7.841356733037094e-08	1.3472274806604336e-07	0.0003519810165463	-0.0001630151763865	1.238906360089667e-07	2.6573947732321724e-08	0.0	0.0	0.0	0.0	0.0	0.0	0.0	0.0	0.0	0.0	0.0	0.0	0.0	0.0	0.0	0.0	0.0	0.0	0.0	0.0	0.0	0.0	0.0	0.0	0.0	0.0	0.0	0.0	0.0	0.0	0.0	0.0	0.0	0.0	0.0	0.0	0.0	0.0	0.0	0.0	0.0	0.0	0.0	0.0	0.0	0.0	0.0	0.0	0.0	0.0	0.0	0.0	0.0	0.0
531.6594483201593	-0.1403847850137936	282661.76898809616	0.019707887863369	752.3688815253122	1.5393960407802751	566058.9338876492	2.3697401703699867	609.2980591606173	0.3809468674558047	0.1451205158243904	371244.1248968951	620.6732658214139	503.4353263658936	0.762877	26.075377	0.1984102521808873	0.1161762299385294	-0.0110533049	0.0068430339	-0.0411133146	0.0190163283	0.0295259923	-0.0231316703	-0.0604653026	0.0925081026	-0.0042047516	0.0046135028	0.0421585806	-0.0585446704	0.0150292978	-0.0590859323	0.0218006454	-0.0646042161	0.0434576862	0.1577519347	0.0070661591	0.060680582	-0.0519617126	-0.0549538163	-0.0098061066	0.0423834023	-0.0106167919	0.0798299465	0.0705343648	0.0360704458	0.0934212335	-0.0749941003	-0.037829541	0.015133706	-0.0060623684	-0.0522614782	0.0460576878	0.0016087261	0.0757683322	0.1319114509	0.0436390639	0.015857936	-0.0431855296	-0.0074445894	-0.1626286683	0.0071677657	0.0154810851	0.0735200352	0.0439127546	-0.0371302042	0.0450782261	-0.0140051032	-0.0923995288	0.0080251428	0.0401429302	-0.107863349	0.0626973869	0.0028440395	0.1369540316	-0.01090815	0.0244725843	-0.0322951828	0.0902166679	-0.053274509	0.077145149	-0.0402177454	0.0403639664	-0.0675037505	0.0595001308	0.0208652826	-0.0276291458	0.0141834068	0.0086425183	0.0182583623	-0.1126091388	-0.0938145447	-0.0031065825	0.0305942458	0.0314722707	0.0036854385	0.0304207994	-0.0522489052	-0.0239497897	-0.0310683072	-0.0366479321	-0.0814969604	-0.0028244805	-0.0332081277	0.0439917571	0.0518373574	0.0281313707	0.0424898336	0.0293800629	0.0315155327	-0.0519717339	0.0519627356	-0.0271007618	-0.0461991152	0.0589723987	-0.0031716801	0.097889106	0.095966054	0.0927889027	0.0	0.0	0.0	0.0	0.0682597970209002	0.010048209555876	0.0001009665152787	0.0046593998893344	0.2127951614872074	0.0988518204080576	0.0097716823979868	0.0452817807523666	0.173395115870818	-0.0520606798357335	0.0300658662078543	0.0027103143849587	0.0002800984601438	0.0004160491796508	1.730969198881037e-07	7.845514737492792e-08	-0.0002929056701383	-1.288144381070001e-05	8.579373159916659e-08	1.6593159464822158e-10	0.0006720412407092	0.0003200602241629	4.516394292139609e-07	1.0243854709120585e-07	0.0	0.0	0.0	0.0	0.0	0.0	0.0	0.0	0.0	0.0	0.0	0.0	0.0	0.0	0.0	0.0	0.0	0.0	0.0	0.0	0.0	0.0	0.0	0.0	0.0	0.0	0.0	0.0	0.0	0.0	0.0	0.0	0.0	0.0	0.0	0.0	0.0	0.0	0.0	0.0	0.0	0.0	0.0	0.0	0.0	0.0	0.0	0.0	0.0	0.0	0.0	0.0	0.0	0.0
532.1990574880746	0.5396091679152732	283235.8367911949	0.2911780540982135	759.9517313820975	7.582849856785288	577526.6340306477	57.499611950548655	610.4163173298979	1.1182581692805798	1.2505013331627537	372608.0804625946	623.5558711690114	499.2831997861188	0.752687	25.727077	0.2059649022782158	0.1088593233400699	-0.0209871563	0.0291926711	-0.0139024852	0.0140676163	0.0535522524	0.037462187	-0.141802368	-0.0429640069	-0.025658638	-0.005315376	0.0684406677	-0.0376843583	-0.0609265712	-0.0589070644	0.0825221738	-0.0071527506	-0.0852819752	0.0997484544	0.0885415975	0.0826928136	0.1106998477	0.0890565757	0.0207510982	0.0504391338	0.029413956	-0.1053326938	-0.0501248285	0.0972084712	0.0039145484	-0.0503620225	-0.1293086289	-0.1474938495	0.0825433357	-0.0493444939	-0.0783030769	0.0138497112	0.0576108354	0.0711390629	-0.054447303	-0.0576653816	0.0483891591	0.0433674378	0.0445740182	-0.033242627	0.00810729	0.1159384169	0.0024918056	0.0205143444	0.0842380775	-0.0258670624	0.006970483	0.01695459	0.0357443443	0.0079923642	0.0555517376	0.0008415051	0.0771188115	-0.0260418933	0.1148513407	0.10093692	-0.1860608034	-0.0150434967	0.028103663	-0.064251595	-0.0735055311	-0.0221759372	-0.0384393845	0.1056072181	0.0906886221	0.0090438596	-0.1194528192	0.085630149	0.0348887692	0.0304959018	-0.0008670245	0.0249921386	0.0350612784	-0.007526777	0.0465821091	-0.0521845113	-0.0143065794	-0.0164662621	-0.0161182996	-0.0435963127	-0.0128252309	-0.0218601553	0.0327873778	0.0443067056	-0.0253254039	0.0444844818	0.0040628214	0.0265481895	-0.0753959169	0.1025222171	0.0795384763	0.0361483686	-0.074998314	0.021863172	0.0977062309	0.0952400122	0.0911756552	0.0	0.0	0.0	0.0	0.0478920634371888	-0.0203677335837113	0.000414844571337	0.0022936497402717	0.1191901298886506	-0.0936050315985567	0.0087619019405668	0.0142062870628734	0.2081917641346962	0.0347966482638782	0.0433438106535169	0.0012108067304	0.0005409920896968	0.000260893629553	6.8065485941338e-08	2.9267244111451054e-07	8.704573378048863e-05	0.0003799514039187	7.576959769383699e-09	1.4436306933985846e-07	0.0001689764975396	-0.0005030647431696	2.8553056720750445e-08	2.530741358202956e-07	0.0	0.0	0.0	0.0	0.0	0.0	0.0	0.0	0.0	0.0	0.0	0.0	0.0	0.0	0.0	0.0	0.0	0.0	0.0	0.0	0.0	0.0	0.0	0.0	0.0	0.0	0.0	0.0	0.0	0.0	0.0	0.0	0.0	0.0	0.0	0.0	0.0	0.0	0.0	0.0	0.0	0.0	0.0	0.0	0.0	0.0	0.0	0.0	0.0	0.0	0.0	0.0	0.0	0.0
530.4244831059947	-1.7745743820798907	281350.13227826165	3.149114237534226	754.1671639851162	-5.784567396981288	568768.1112333531	33.46121997021887	609.0417107839953	-1.3746065459025658	1.8895431560381828	370931.8054746958	621.1804635643063	494.45175748004135	0.769534	26.302912	0.1296801894619205	0.0782329844709941	0.0031323197	0.037929849	0.0103197704	0.0339005579	0.0520665048	-0.0150803162	-0.064579868	-0.0425819472	-0.0098734746	0.0149377927	0.0273629069	-0.0152032097	-0.0113510104	0.039156088	0.0563254879	-0.0398567634	0.0055242373	0.0339697704	0.0373281603	0.01057652	-0.1184375272	0.0917081308	-0.0764064491	0.0919616262	0.0503321213	-0.0952613146	0.0096583007	-0.1388599936	0.0924964021	-0.0413139131	0.0793845464	0.1409816745	0.0454872676	0.0154407796	0.0725186132	0.020780507	0.0091138743	-0.1448298232	-0.1894978678	0.0307630579	0.0608144744	-0.0380784481	0.0081060994	-0.0076987791	0.0054862907	0.0617098356	-0.0276963406	0.012853065	-0.0284122535	-0.088735297	-0.0465810579	0.0253872358	-0.0317323063	0.0271202328	-0.02354155	-0.0370395333	0.1781852346	0.0916311409	-0.0223160611	-0.0066940741	0.0479305937	0.0298844318	-0.1928490508	0.0032517795	0.0864859188	-0.0100121383	-0.0727282241	0.0464280752	0.0799992203	-0.0239560589	-0.005048979	-0.006971135	0.0634012787	-0.1075265168	0.0079371063	0.0293054881	0.0215260944	-0.0202974102	0.0334528874	-0.0372686958	0.0113322607	-0.0067270221	-0.0070498562	0.0068937929	-0.0153594984	-0.0205380508	0.0135932129	0.0200268785	-0.0048203131	-0.0197259098	-0.0362425877	-0.004811521	0.037140916	-0.0264254892	0.0334963529	0.0041089408	-0.0778596647	0.0406749718	0.0975006321	0.094425375	0.0893715933	0.0	0.0	0.0	0.0	0.0607597946912079	0.0128677312540191	0.0001655785076256	0.0036917526509177	0.1065107192411431	-0.0126794106475075	0.0001607674543681	0.0113445333132656	0.2798738271874157	0.0716820630527195	0.0783293591445314	0.005138318163494	0.0003070302165254	-0.0002339618731714	5.473815809787026e-08	9.4267553859634e-08	-0.0002119561647031	-0.0002990018984835	4.492541575564765e-08	8.940213529679027e-08	0.0002850324160381	0.0001160559184985	8.124347819251654e-08	1.346897621853048e-08	0.0	0.0	0.0	0.0	0.0	0.0	0.0	0.0	0.0	0.0	0.0	0.0	0.0	0.0	0.0	0.0	0.0	0.0	0.0	0.0	0.0	0.0	0.0	0.0	0.0	0.0	0.0	0.0	0.0	0.0	0.0	0.0	0.0	0.0	0.0	0.0	0.0	0.0	0.0	0.0	0.0	0.0	0.0	0.0	0.0	0.0	0.0	0.0	0.0	0.0	0.0	0.0	0.0	0.0
529.2858677882712	-1.13861531772352	280143.5298403833	1.2964448417546326	748.8570222309658	-5.310141754150436	560786.8397446291	28.19760544917187	607.3399576342669	-1.7017531497284608	2.895963782610737	368861.82413919305	619.4076578470101	495.2901564930951	0.767313	26.226984	0.1986595604083068	0.1274538975822152	-0.0107317875	0.0450091428	-0.0215463151	0.0529394551	0.0546221185	0.010239581	-0.0377765332	0.0415086714	0.0378707709	-0.0019181383	0.0140035065	-0.0493315219	0.0257481896	-0.0687419401	-0.0231383585	-0.0034351447	0.0282333489	0.1316024107	0.0085728168	0.120293222	0.0231717168	0.1275821402	-0.0501773655	0.0396267704	-0.0347023648	0.1190068868	-0.1017177935	0.0277964495	0.0730175172	-0.0582222208	-0.0355393376	0.0533464304	-0.0516213301	0.1269105262	0.0780381867	0.0638456521	0.0227929627	-0.1406267476	-0.0271149163	-0.1020324353	0.0855129683	0.100771894	-0.0918860682	0.0386771802	0.0225112837	0.0542804423	0.0587235525	-0.0228623971	0.0403850568	0.0084795376	-0.0550670238	0.0123207283	-0.0036824326	-0.0236417745	0.0523965424	0.0064504416	0.1730805239	-0.0309944258	0.0468308865	0.0960807794	0.0394709819	-0.1636783781	0.0943988118	-0.0720231309	0.0460849083	0.0008352905	0.113704942	0.0333576816	-0.071377286	0.0260036098	-0.0376600065	0.0555915982	-0.1314937898	-0.09656436	0.0001021991	0.0299402125	0.0149379078	0.002429173	0.0361850236	-0.052332994	-0.0279200225	-0.0157182188	-0.0358725338	-0.0697647066	-0.0100478362	-0.0196672928	0.0078481851	0.0285862825	0.041329758	0.0110194524	0.0176606825	0.0539500273	-0.0473976953	0.0540081665	-0.0683631438	-0.0061528829	0.0149844753	-0.0157954318	0.0972723574	0.0935229002	0.0873804928	0.0	0.0	0.0	0.0	0.0525526153528232	-0.0082071793383847	6.73577926924088e-05	0.0027617773804217	0.2206486100289026	0.1141378907877595	0.0130274581134785	0.0486858091076867	0.2256084503673321	-0.0542653768200836	0.0508991728771489	0.0029447311214256	7.406158957842031e-05	-0.0002329686269469	5.4274381141561e-08	5.4851190508823774e-09	-0.0003839880611127	-0.0001720318964096	1.4744683107709064e-07	2.9594973382283352e-08	0.0003210141619231	3.598174588499996e-05	1.0305009215519027e-07	1.294686036932711e-09	0.0	0.0	0.0	0.0	0.0	0.0	0.0	0.0	0.0	0.0	0.0	0.0	0.0	0.0	0.0	0.0	0.0	0.0	0.0	0.0	0.0	0.0	0.0	0.0	0.0	0.0	0.0	0.0	0.0	0.0	0.0	0.0	0.0	0.0	0.0	0.0	0.0	0.0	0.0	0.0	0.0	0.0	0.0	0.0	0.0	0.0	0.0	0.0	0.0	0.0	0.0	0.0	0.0	0.0
529.734176421655	0.4483086333838173	280618.2976691291	0.2009806307664659	748.0719685145787	-0.7850537163870968	559611.6700772768	0.6163093376131922	608.095428139355	0.7554705050881694	0.5707356840581738	369780.0497239855	619.6755632672991	489.4806538322498	0.80957	27.671345	0.2465945748803139	0.1453806144106564	0.0071043558	0.0521922039	0.0393456276	0.0662577318	-0.0056221732	0.0553919676	-0.0357095077	-0.0659901129	0.0107977758	-0.0073179329	-0.0391832287	-0.0174238959	0.0601501676	0.0580372513	-0.0212368838	-0.1507266171	-0.1497888767	-0.0552938343	0.0825984862	0.0389264103	-0.0680192598	0.0987137729	-0.0122596566	-0.0681370487	-0.0883658644	0.0262821548	-0.0321111868	0.0750694221	-0.0053649906	0.0232591608	0.1285957727	-0.0142751948	-0.1334712629	-0.0893643184	-0.0324726566	0.1570887018	-0.0206189273	-0.1161455841	-0.0420024483	0.027304677	0.1524934421	-0.0046165139	0.043672698	0.0130382142	-0.0196755382	-0.0075379456	0.0203186087	0.0392309961	-0.0235408843	0.1030072255	-0.0025699392	0.0529029878	0.1126183908	0.0360047073	-0.1115290577	-0.0506837165	0.0204408632	-0.0987680143	0.0047620829	-0.0029376356	-0.0998679665	0.035972841	-0.0089268946	0.0182577715	0.2393351799	0.0090644114	-0.024926349	-0.0480276435	0.0844461589	-0.0003684451	-0.0081430519	0.066840317	-0.0384205673	0.0155137199	0.005053334	0.0339120693	0.0068932317	-0.0194732907	0.0484267429	-0.0339705882	0.0069819682	0.0019224773	0.0067277771	0.0071338888	-0.0346898942	-0.017284332	-0.0222761545	0.0277649297	-0.0310658067	-0.0139904725	-0.0085379032	0.0299262799	0.0006642446	0.0721357942	0.087138525	0.0264645188	-0.0496224689	0.0561027045	0.09702146	0.0925334274	0.0852065205	0.0	0.0	0.0	0.0	0.0590041349181831	0.0064515195653599	4.16221047022216e-05	0.0034814879374431	0.1126756249798006	-0.107972985049102	0.0116581655004136	0.0126957964645886	0.3175920451706702	0.091983594803338	0.100864707155689	0.0084609817129446	0.0007720567360432	0.0006979951464647	4.871972244883893e-07	5.960716036696795e-07	-0.0003158614308971	6.812663021560003e-05	9.976844352836347e-08	4.6412377445331084e-09	0.000358621894493	3.7607732569900027e-05	1.2860966320974842e-07	1.414341549049119e-09	0.0	0.0	0.0	0.0	0.0	0.0	0.0	0.0	0.0	0.0	0.0	0.0	0.0	0.0	0.0	0.0	0.0	0.0	0.0	0.0	0.0	0.0	0.0	0.0	0.0	0.0	0.0	0.0	0.0	0.0	0.0	0.0	0.0	0.0	0.0	0.0	0.0	0.0	0.0	0.0	0.0	0.0	0.0	0.0	0.0	0.0	0.0	0.0	0.0	0.0	0.0	0.0	0.0	0.0
528.8879224254725	-0.8462539961824405	279722.43448753265	0.71614582605475	745.7268060411726	-2.3451624734060488	556108.4692483686	5.499787026671976	607.5969696699806	-0.4984584693744409	0.2484608456911105	369174.0775521433	619.4081820609874	489.8975719067984	0.764633	26.135399	0.1293694385958848	0.0610884217782024	0.0234986617	0.0410869215	0.0557459244	0.0490045795	-0.0178901894	0.0384167945	0.0170230235	-0.0158124517	0.0192194359	0.0007922846	-0.0212034472	0.0076124803	0.0858624932	0.070717817	-0.1080514572	-0.0252141234	-0.0136733806	0.0399688128	-0.0158592123	-0.0011755847	-0.115907695	0.0349040172	-0.0879543074	-0.0690241882	-0.1688916844	-0.0916492745	-0.027164481	-0.036452606	0.0040331019	-0.0556146926	0.0942336627	-0.0200111382	-0.0246404132	-0.0341282486	-0.0318431015	0.1251019748	0.0529011595	0.058380374	0.0082329674	0.0320782157	-0.1263584831	0.0560828525	0.0146366404	0.0165222502	-0.0192012511	-0.0133039552	0.0427725109	0.0343791988	-0.0962260519	0.0894995789	-0.0081158412	-0.0125604738	-0.0384160931	-0.0100405282	-0.0715836802	0.0446016267	0.1262418886	-0.0057704957	-0.0043813942	0.067886267	0.1462058854	0.09077194	-0.0281766736	0.0380700621	0.1025381376	-0.0875151293	-0.0830736355	-0.0680278974	-0.0049160176	0.0263448229	-0.0920525957	-0.0741103585	0.0693356217	-0.05703883	0.0168583308	0.0297255803	0.0039068683	-0.0056873021	0.0215808807	-0.0289592664	0.0046058808	0.021879051	-0.0042267406	0.0117782408	-0.0143032349	-0.0120960053	-0.0221982545	-0.0134035437	0.0119962354	-0.0647781896	-0.0240690106	-0.027139758	0.0547432366	-0.0322382362	0.0074662043	-0.0204694237	-0.0329352363	0.0017148093	0.096747998	0.0914578769	0.0828542262	0.0	0.0	0.0	0.0	0.076864865625609	0.0178607307074259	0.0003190057014031	0.0059082075676429	0.1525192797096934	0.0398436547298927	0.0015875168222349	0.0232621306831636	0.3474139054915213	0.0298218603208511	0.1206964217288716	0.0008893433529963	0.0004551756546204	-0.0003168810814228	1.0041361976368325e-07	2.0718487655910965e-07	-0.0005223472254225	-0.0002064857945254	2.728466239065841e-07	4.2636383340785745e-08	0.0006721188752991	0.0003134969808061	4.5174378253332726e-07	9.828035697454024e-08	0.0	0.0	0.0	0.0	0.0	0.0	0.0	0.0	0.0	0.0	0.0	0.0	0.0	0.0	0.0	0.0	0.0	0.0	0.0	0.0	0.0	0.0	0.0	0.0	0.0	0.0	0.0	0.0	0.0	0.0	0.0	0.0	0.0	0.0	0.0	0.0	0.0	0.0	0.0	0.0	0.0	0.0	0.0	0.0	0.0	0.0	0.0	0.0	0.0	0.0	0.0	0.0	0.0	0.0
529.2011527320755	0.313230306602918	280053.86005295743	0.098113224974558	745.0148254667009	-0.7119805744716814	555047.0901651789	0.5069163384250255	608.3731950751702	0.7762254051896207	0.6025258796617908	370117.9444859711	619.6318719620095	490.66202782053	0.717229	24.515118	0.0544711522007603	0.0274006757131464	0.0324195292	0.0309650562	0.051028728	0.0449291209	-0.0354643144	0.04648803	0.0394320517	0.0089940003	0.0027370803	-0.0203732728	-0.0544105609	-0.0482405398	0.0012012861	0.0393407585	-0.0364546822	-0.0133376583	-0.1160070187	0.0021832936	0.0220877738	0.0012945403	-0.059585737	-0.083720627	-0.0166895083	0.0220866655	0.0136443734	0.0424509311	-0.0992738681	0.037413209	-0.0544943337	0.0304225983	-0.0123633515	0.0477043658	0.0407764044	0.0296967506	-0.025060192	-0.0316508922	0.0472673585	-0.0101176686	0.1345891614	0.0868948112	0.0265398482	-0.0927931334	-0.0984455256	0.0034440957	-0.0244199765	-0.0287034278	0.0576691786	0.0478500186	0.0073742339	0.0755632237	0.0153093202	0.0325699875	0.0680167129	-0.0052800482	-0.0156404039	-0.0633724405	-0.0102442064	-0.000361376	-0.0560070483	0.0181404658	0.011130515	0.0106748306	-0.0537058935	0.0137462424	0.0053320241	0.0824160357	0.0671480167	0.0930607771	-0.0597817063	0.0050971867	-0.0485749749	-0.1024151236	0.1378851755	0.0424808586	0.0182101346	0.0237474269	-0.0034850194	-0.0075030132	0.0133651306	-0.0268672763	0.0105769314	0.0192553943	0.0103385386	0.0085311646	-0.0205981365	0.0127095224	-0.0282827227	0.0018837577	0.0144167984	-0.0350248732	-0.0117561289	-0.0187499272	0.0551282295	0.017890821	0.0691294659	-0.0407364629	0.0358525961	-0.0006547426	0.0964520353	0.0902972493	0.0803285329	0.0	0.0	0.0	0.0	0.0770655120397378	0.0002006464141287	4.02589835027457e-08	0.0059390931459469	0.1706328750567252	0.0181135953470318	0.000328102336396	0.0291155780501239	0.357115938202611	0.0097020327110897	0.1275317933183311	9.412943872705484e-05	0.0004545553745204	-6.202801000000017e-07	3.847474024560122e-13	2.066205885053811e-07	-0.0003089187500109	0.0002134284754116	9.543079410829693e-08	4.5551714116519974e-08	0.0003570700762405	-0.0003150487990586	1.2749903934639648e-07	9.925574578826613e-08	0.0	0.0	0.0	0.0	0.0	0.0	0.0	0.0	0.0	0.0	0.0	0.0	0.0	0.0	0.0	0.0	0.0	0.0	0.0	0.0	0.0	0.0	0.0	0.0	0.0	0.0	0.0	0.0	0.0	0.0	0.0	0.0	0.0	0.0	0.0	0.0	0.0	0.0	0.0	0.0	0.0	0.0	0.0	0.0	0.0	0.0	0.0	0.0	0.0	0.0	0.0	0.0	0.0	0.0
529.6240347104908	0.4228819784153756	280501.6181430192	0.1788291676685022	745.1241766793387	0.1093512126377618	555210.0386720623	0.011957687705349	607.3820726779397	-0.9911223972304696	0.982323606291873	368912.9822105501	618.1318544775023	490.302823044248	0.7388949999999999	25.255669	0.0722298019821043	0.0362625143008	0.0300320231	0.0251733054	0.045843133	0.0413000159	-0.0614373239	0.0300080021	0.0730277003	0.0246620958	0.0300285579	-0.0257115708	-0.0417214406	0.0217135083	0.0520702281	0.0246304759	0.000256876	-0.0986105758	0.0382727733	-0.0532102344	-0.0460775523	0.0419229455	0.0657341071	-0.1090355237	-0.1084042303	0.0132588496	-0.0244694213	0.036657634	-0.0021416768	-0.0419104499	-0.0440922542	0.0876056153	-0.0194424848	-0.0341059796	-0.0440338989	0.1037781178	0.0472923404	0.0997286848	0.0374256605	-0.1759868221	-0.0781254784	0.0039781239	-0.1046194813	-0.0454017477	0.1044249429	0.0338609053	-0.0402145754	-0.0517716955	0.0260656611	-0.0305357488	-0.048633887	0.0325748025	-0.021686234	-0.0948028796	0.0188086032	0.0120349711	-0.0986329117	-0.0385032398	-0.0050307356	-0.1194212606	0.003269597	-0.0701288918	-0.0552896722	0.098995602	0.0796232231	0.0719313583	-0.0457634861	0.0122296193	-0.042645673	-0.051230135	-0.0647374944	0.1018085709	-0.0099865427	0.0680918441	0.0699652904	0.0007370023	0.0230116546	0.0227699851	0.0018596993	-0.0028982075	0.0054939399	-0.0191739652	0.0134817645	0.0231977603	0.0067368155	0.0018944033	-0.0118106826	-0.0183576678	-0.0335780321	-0.0374891157	-0.000971064	-0.0964558977	0.0143741712	0.0929175941	0.0290774958	0.0175061915	-0.0733378672	0.0114006821	0.022232617	0.0340509174	0.0961336405	0.0890526243	0.0776347263	0.0	0.0	0.0	0.0	0.0734282735790969	-0.0036372384606409	1.3229503619565394e-05	0.0053917113608066	0.1792167480724629	0.0085838730157377	7.368287595030998e-05	0.0321186427896686	0.3748811066224817	0.0177651684198706	0.1405358441024964	0.0003156012089863	0.0010490181377782	0.0005944627632578	3.533859769000992e-07	1.1004390533876425e-06	-0.0002849317126714	2.398703733949998e-05	8.118608088585725e-08	5.753779603265663e-10	0.0001306494351207	-0.0002264206411197	1.7069274897358e-08	5.1266306725101266e-08	0.0	0.0	0.0	0.0	0.0	0.0	0.0	0.0	0.0	0.0	0.0	0.0	0.0	0.0	0.0	0.0	0.0	0.0	0.0	0.0	0.0	0.0	0.0	0.0	0.0	0.0	0.0	0.0	0.0	0.0	0.0	0.0	0.0	0.0	0.0	0.0	0.0	0.0	0.0	0.0	0.0	0.0	0.0	0.0	0.0	0.0	0.0	0.0	0.0	0.0	0.0	0.0	0.0	0.0
531.7554706642128	2.1314359537219616	282763.88058131846	4.543019224818648	752.731748853411	7.607572174072288	566605.0857319146	57.87515438371896	610.5230843867355	3.1410117087957588	9.865954554792053	372738.43656909297	621.9497024880316	497.27811099017714	0.799898	27.340763	0.2576038421690566	0.1348543649324591	0.0066582443	0.0115983189	0.0054458687	0.0086682143	0.01634677	-0.0059146203	-0.038154174	0.0518082653	-0.0267566965	-0.0158486983	0.042862832	-0.0091272756	-0.0440585134	-0.0740628827	0.0272882752	0.0779552936	0.0638346371	-0.0001749504	-0.0015612618	-0.0260661288	-0.0562314557	0.0980519947	0.049639001	-0.0587975986	0.0094853707	0.0420917248	0.0024842024	-0.0868832803	0.1263403379	-0.0017100505	-0.1370164092	-0.0257439847	-0.061891312	-0.0949620107	-0.0052637617	0.0470859946	-0.0835670486	-0.0051224937	0.110911337	-0.0500092564	-0.0096656017	-0.0884448355	-0.0735753321	-0.0190201633	-0.0033278862	0.0442790568	-0.0086053706	-0.0397634583	0.0471604866	-0.0500422683	-0.0679766556	-0.0050953271	-0.0173995258	0.0041313641	0.0825278543	0.0796575786	-0.0784470737	0.0060164691	0.0429376642	0.0282676178	0.0668442737	-0.0797981355	-0.0693242605	0.0056302414	0.0250989841	0.0203245524	-0.0366189602	-0.112428884	-0.0420426148	-0.1512210513	-0.0863203035	0.0565122892	0.0704294743	0.0068300552	0.0087423141	0.0214945179	0.0043286595	0.0167963742	0.0105905876	-0.0322805278	-0.0201099252	0.0071332999	-0.0352910974	-0.045485738	-0.0173531926	0.0145772015	-0.0001765214	0.000419679	0.0117568073	0.0219968911	0.0001327567	-0.0060732742	-0.0389827766	0.0213196764	-0.0306156202	0.0392153737	-0.0667919308	-0.0505785986	0.0957928877	0.0877251596	0.0747784441	0.0	0.0	0.0	0.0	0.068081452409217	-0.0053468211698799	2.85884966226759e-05	0.0046350841621484	0.2547077336741381	0.0754909856016752	0.0056988889071123	0.0648760295934156	0.2748822209498058	-0.0999988856726759	0.0755602353942978	0.0099997771357769	9.094283704988448e-06	-0.0010399238540732	1.0814416222704823e-06	8.27059961068184e-11	-0.0005929979264718	-0.0003080662138004	3.516465407998544e-07	9.490479208531378e-08	0.0003180023617436	0.0001873529266228	1.0112550207450742e-07	3.510111911416574e-08	0.0	0.0	0.0	0.0	0.0	0.0	0.0	0.0	0.0	0.0	0.0	0.0	0.0	0.0	0.0	0.0	0.0	0.0	0.0	0.0	0.0	0.0	0.0	0.0	0.0	0.0	0.0	0.0	0.0	0.0	0.0	0.0	0.0	0.0	0.0	0.0	0.0	0.0	0.0	0.0	0.0	0.0	0.0	0.0	0.0	0.0	0.0	0.0	0.0	0.0	0.0	0.0	0.0	0.0
531.8360414631667	0.0805707989538859	282849.5749992111	0.0064916536440675	752.5278828484671	-0.2038660049438476	566298.2144643962	0.0415613479717649	610.3500587561612	-0.1730256305743296	0.0299378688356443	372527.1942236494	621.8373532861696	497.8108044446664	0.769831	26.313051	0.230302349245666	0.1277923734901374	0.0194999562	0.0080387923	0.0212126799	0.0020414464	-0.0106708434	-0.0172591942	-0.000678415	-0.0146386987	-0.0218129644	-0.0270200334	0.0583324002	-0.0128934343	0.0128082829	0.0597034328	-0.0218584854	-0.0145560852	0.0950369701	0.02622794	-0.0227349008	-0.0859590618	0.0197430626	0.0796014801	0.007895743	-0.2151104212	0.0075621882	0.0976520112	-0.0047371598	-0.0162065059	-0.1090643646	0.0230359799	0.0189896956	-0.0442231626	0.0478062002	0.0928349731	-0.0011876137	-0.0725341506	0.0103918464	-0.0430126043	0.0733407901	-0.0518364043	-0.0178944093	-0.1123817964	0.0299773526	-0.0157742568	-0.0360664748	0.0542026856	-0.0160436764	0.0441010433	-0.0575253519	-0.0128418508	-0.0282186378	0.0468429845	0.0118862304	-0.0219284974	-0.0154533997	0.0631303123	-0.0221062487	0.0073674639	0.0253534542	0.0737509558	0.058084132	-0.0369803552	-0.0403363004	0.0247435888	-0.037495117	0.0189197915	-0.0097942706	-0.0835778759	-0.0897913553	0.0831872115	0.1246313081	0.0410367143	0.0579994517	0.0793976221	0.0144736671	0.0235230879	-0.0081057995	-0.0002358136	0.0007156301	-0.0137832097	0.0131316787	0.0247037136	0.0044966962	0.0235068861	-0.0183454786	0.0092636091	-0.0169162409	-0.0205917304	-0.0155060616	-0.0190290324	-0.0191238532	-0.0210570052	0.0555483422	-0.0020301657	0.0483523457	-0.0039322278	-0.0304306049	0.0103885328	0.0954298563	0.0863160901	0.0717656641	0.0	0.0	0.0	0.0	0.0775345420602775	0.0094530896510605	8.936090395098729e-05	0.0060116052124969	0.1609254920241056	-0.0937822416500325	0.008795108848905	0.0258970139832004	0.3563160439290982	0.0814338229792924	0.126961123161283	0.0066314675250227	0.0005930587249945	0.0005839644412895	3.410144686905715e-07	3.51718651292102e-07	-0.0003163904146128	0.000276607511859	1.0010289445885948e-07	7.651171561682686e-08	0.0003700943079007	5.209194615710003e-05	1.3696979674049816e-07	2.713570854434208e-09	0.0	0.0	0.0	0.0	0.0	0.0	0.0	0.0	0.0	0.0	0.0	0.0	0.0	0.0	0.0	0.0	0.0	0.0	0.0	0.0	0.0	0.0	0.0	0.0	0.0	0.0	0.0	0.0	0.0	0.0	0.0	0.0	0.0	0.0	0.0	0.0	0.0	0.0	0.0	0.0	0.0	0.0	0.0	0.0	0.0	0.0	0.0	0.0	0.0	0.0	0.0	0.0	0.0	0.0
530.3230309848133	-1.513010478353408	281242.5171929192	2.2892007076072085	750.0271901266915	-2.500692721775636	562540.7859293403	6.253464088741636	609.6115048780973	-0.7385538780638399	0.5454618308031373	371626.18687973847	620.1553553531045	496.3131742906264	0.727514	24.866634	0.1283689279892742	0.0720980629080177	0.017522723	0.0171061318	0.0042709683	0.0150101845	-0.0157571007	-0.0164338218	0.0182331016	0.0526979383	0.0052787974	-0.0429462616	0.0306056841	0.0093202941	-0.0254106554	-0.0043789288	0.0293364355	0.0530359834	-0.0164843852	0.1018373988	-0.0642457136	0.1020103912	0.0222816043	-0.0263972833	-0.020720979	0.1790688984	0.0769807031	-0.0258051312	0.1079575009	0.0256153188	-0.0946591101	0.0361459926	-0.0663502072	-0.0877313894	0.0493556913	-0.0935399468	-0.103427466	-0.0730097131	-0.0434847634	-0.0443537112	-0.00227827	0.0732836263	0.0922515889	0.0343730674	-0.1159981788	0.0158664084	-0.022591022	0.0250148688	-0.0170981802	-0.0215478401	0.0356704602	0.0111500707	0.0152122706	-0.0764561155	0.0669315944	-0.0841310065	0.0790056714	-0.0854510974	0.0951891253	0.027589599	-0.047722064	0.0136380309	-0.0410509877	-0.0042151441	-0.0106010017	0.0079790504	-0.1265003202	0.0776602701	0.0406710707	0.1414783205	0.0360978222	-0.1521274333	0.1110273306	0.0180315646	-0.0516440272	0.1489797822	0.0181501399	0.0114407258	0.0044438472	0.007802047	-0.0019487619	-0.0094114245	0.010864541	0.0256961279	-0.001166817	-0.0170937608	-0.0093763556	-0.0122322987	0.0027485216	-0.0341365846	4.33602e-05	-0.0645976857	0.0029048664	0.0799654819	-0.0130489414	0.0663706864	-0.0752725942	0.0365765048	0.0640701215	0.0326228819	0.0950446305	0.0848267265	0.0686026914	0.0	0.0	0.0	0.0	0.0863575592217671	0.0088230171614896	7.784563183194004e-05	0.007457628034741	0.2180688988673154	0.0571434068432097	0.0032653689456485	0.0475540446532034	0.3310128681524134	-0.0253031757766848	0.109569518882487	0.0006402507043858	0.0012860677740506	0.0006930090490561	4.8026154207364e-07	1.6539703194514651e-06	-0.000337744688045	-2.1354273432200018e-05	1.1407147430261437e-07	4.5600499381716346e-10	0.0003977175495702	2.7623241669500007e-05	1.581792492361245e-07	7.630434803316015e-10	0.0	0.0	0.0	0.0	0.0	0.0	0.0	0.0	0.0	0.0	0.0	0.0	0.0	0.0	0.0	0.0	0.0	0.0	0.0	0.0	0.0	0.0	0.0	0.0	0.0	0.0	0.0	0.0	0.0	0.0	0.0	0.0	0.0	0.0	0.0	0.0	0.0	0.0	0.0	0.0	0.0	0.0	0.0	0.0	0.0	0.0	0.0	0.0	0.0	0.0	0.0	0.0	0.0	0.0
530.0225776280133	-0.3004533567999488	280923.9327954434	0.0902722196123573	747.4324374062675	-2.594752720424026	558655.2484870739	6.732741680147884	608.777142831696	-0.8343620464013384	0.6961600244750291	370609.6096343232	619.9471957787536	494.0553073025362	0.735676	25.145624	0.1269940764671073	0.0701948125411398	0.025655644	0.0271792736	0.0388590516	0.0436011346	-0.024611535	0.0069802043	-0.0041061604	-0.0500438264	0.0133793479	-0.0070237411	0.0662938256	-0.0104914055	0.0025533924	0.1021922674	0.0031219144	-0.0087682357	0.0163089508	0.0954380381	0.1189012764	-0.0255122911	0.0118220684	0.0506433874	-0.0837726726	-0.0011382451	-0.0353231738	-0.0031502919	-0.0502574375	-0.0453859975	-0.0135585959	0.1010812377	-0.0810189294	0.1082026457	0.0628598337	0.0544273051	0.0283153461	0.1000119808	0.022625758	-0.0271689241	0.0555023617	0.0338219119	0.0901010861	0.0398173663	0.0789887093	0.0201492065	-0.0149781788	0.0210702843	-0.0402536581	0.0743243358	-0.0521064141	0.0069468207	-0.0217898507	0.0430626002	0.0301272743	-0.0026638273	0.0220738152	0.0095801365	0.030098475	0.0154597976	0.0594767555	-0.0213998645	-0.0337012934	0.0044845725	-0.0011379356	0.1300404922	0.0278918147	0.1237729909	0.0167052274	0.0103757692	-0.1005161523	-0.0728604154	-0.0305800902	0.1096148866	0.0399160947	-0.0081368523	0.0169563523	0.0163470617	-0.0073369932	0.0052878052	0.0028191749	-0.013861667	0.0174535492	0.0309068492	0.0161257374	0.0260889471	-0.0162680927	0.0168646723	-0.0263575095	-0.0185658327	-0.0191725348	-0.0227832575	-0.0018388157	0.007043189	0.0256755053	0.0305938515	0.007078121	0.0709813468	-0.0785095451	0.0200315852	0.0946373001	0.0832584543	0.0652961456	0.0	0.0	0.0	0.0	0.094149393069685	0.0077918338479179	6.071267471355908e-05	0.00886410821539	0.1798962262504915	-0.0381726726168238	0.0014571529347112	0.032362652219168	0.3823436944723539	0.0513308263199405	0.1461867007027687	0.0026348537306878	0.0008080480216189	-0.0004780197524316	2.285028837148637e-07	6.529416052422184e-07	-0.0003188784444829	1.886624356209999e-05	1.0168346235583395e-07	3.559351461444794e-10	0.0003006286719155	-9.70888776547e-05	9.037759837767734e-08	9.426250164249303e-09	0.0	0.0	0.0	0.0	0.0	0.0	0.0	0.0	0.0	0.0	0.0	0.0	0.0	0.0	0.0	0.0	0.0	0.0	0.0	0.0	0.0	0.0	0.0	0.0	0.0	0.0	0.0	0.0	0.0	0.0	0.0	0.0	0.0	0.0	0.0	0.0	0.0	0.0	0.0	0.0	0.0	0.0	0.0	0.0	0.0	0.0	0.0	0.0	0.0	0.0	0.0	0.0	0.0	0.0
529.6191913582898	-0.403386269723569	280496.48785500875	0.162720482601496	747.9836466653006	0.5512092590331577	559479.5356787213	0.3038316472438827	608.1846948713704	-0.5924479603255577	0.3509945856939135	369888.623075782	619.7500955452597	492.1935181382892	0.722623	24.699465	0.0637269597609756	0.0301954656747916	0.022407197	0.0266320824	0.0398675938	0.0332650935	-0.0362265676	-0.0059698218	0.0447621635	0.0368401583	0.0163847006	-0.0317049645	0.0011869405	0.0028565946	0.0505441133	0.1362460659	-0.0292231244	-0.0207999581	0.0084409216	0.0124702389	-0.0593961106	-0.0768772832	0.049562306	-0.1290876078	0.0264436226	0.0614315316	-0.0641397148	0.0222428355	-0.010759836	0.0753347149	-0.0309361019	0.0077538589	0.0717167477	0.1055971494	-0.0067137976	0.0918848248	-0.0931137579	-0.0007280036	-0.1903071001	-0.0343161072	-0.2147257942	-0.0881776476	-0.0579035397	0.034005912	-0.1964059565	0.0201242464	-0.0264105869	0.0028822435	0.0143035609	0.0493512698	-0.0831392725	0.0215055391	-0.0136014924	-0.0044148146	0.0033818268	0.0144640633	-0.0330029681	0.0372784422	0.0117152672	0.080289989	-0.0704743329	-0.0108048228	0.0198004684	0.0316327956	0.0872768421	-0.0660733681	-0.06890952	-0.0435393326	0.0558970562	-0.0355129896	-0.0471417192	0.0409868805	0.07259817	-0.1530823313	0.1027564795	-0.022945207	0.0171403159	0.0152864979	-0.0057195382	-0.0044057636	0.0003480002	-0.0059823067	0.0198311418	0.0264485269	-0.0006126648	0.0122559812	-0.0075944081	0.0121683973	-0.0146553642	-0.0134483409	0.0167438302	-0.0589007913	-0.0118276247	-0.0549971339	0.0627600392	-0.0682238911	0.0264503932	-0.0211286497	-0.0256963574	-0.0215417482	0.0942079597	0.0816127324	0.0618529466	0.0	0.0	0.0	0.0	0.0941442452064222	-5.147863262805474e-06	2.6500496172542222e-11	0.0088631389054869	0.1944769424608807	0.0145807162103892	0.0002125972852079	0.0378212811489327	0.3740230289943014	-0.0083206654780524	0.139893226218072	6.92334739976545e-05	0.0004540125855853	-0.0003540354360336	1.2534108996750132e-07	2.0612742786984933e-07	-5.08876053135765e-05	0.0002679908391693	2.589548374550339e-09	7.181908987867824e-08	0.000495011000898	0.0001943823289825	2.450358910100399e-07	3.7784489820660884e-08	0.0	0.0	0.0	0.0	0.0	0.0	0.0	0.0	0.0	0.0	0.0	0.0	0.0	0.0	0.0	0.0	0.0	0.0	0.0	0.0	0.0	0.0	0.0	0.0	0.0	0.0	0.0	0.0	0.0	0.0	0.0	0.0	0.0	0.0	0.0	0.0	0.0	0.0	0.0	0.0	0.0	0.0	0.0	0.0	0.0	0.0	0.0	0.0	0.0	0.0	0.0	0.0	0.0	0.0
531.0916543362041	1.472462977914347	282058.3453055661	2.1681472213283866	748.2235631125313	0.239916447230712	559838.5003968122	0.057559901651807	608.134919719123	-0.0497751522474345	0.0024775657812552	369828.0805817842	619.8050084164269	494.8531219596781	0.715493	24.455759	0.0778292742267737	0.0374434181303488	0.025360985	0.0122695424	0.036526695	0.0110625529	-0.0283293718	0.031897069	0.067321654	0.0295886172	0.0276258885	-0.0469875296	-0.0704608142	-0.0166084287	0.0237693219	-0.0263253072	-0.0987392843	-0.0266984615	0.0209136502	-0.0144698534	0.0129967596	0.1013727031	0.1349594484	0.002938164	0.0520240827	-0.1047495583	-0.1662469187	-0.0114105698	0.0022075272	0.0395580576	-0.108521222	0.0265251683	-0.0953386872	0.1841781956	-0.0699349129	-0.000611143	-0.0071518449	0.0648189785	0.0444844446	-0.0422623867	0.1481577158	0.084251042	0.0781354403	0.0078680664	-0.0200806941	0.0202781962	-0.0371557931	-0.0456236362	0.0568706475	0.0217820863	0.0182208991	0.1009750645	0.011060823	0.0273777997	0.0018910831	0.0132045425	-0.0433546918	-0.0001409644	-0.0058653292	-0.1038809399	0.0600464484	0.0922832771	0.0680775603	0.1465465677	0.1862564336	0.0376859148	-0.0175536687	0.0278251981	0.1583166165	-0.1637557232	-0.0987345073	-0.0973249827	0.0089637691	0.0630320229	-0.0203441396	0.0575797562	0.0129287175	0.0144946098	-0.0157213747	0.0019106652	0.0067892994	-0.0090595002	0.007543779	0.0217881628	-0.0040243247	0.0163518096	-0.0363825587	0.0197738416	-0.024415689	-0.0256567627	0.0102099001	-0.0510911896	-0.007504274	-0.0463779057	0.062222243	0.014392906	0.1012565407	-0.0397893003	0.0686539157	-0.0215037483	0.0937567092	0.0798910917	0.0582803004	0.0	0.0	0.0	0.0	0.0773390600043057	-0.0168051852021165	0.0002824142496774	0.0059813302023495	0.1826884009419984	-0.0117885415188823	0.0001389697111424	0.0333750518387443	0.3727304290537176	-0.0012925999405837	0.1389279727425684	1.6708146063971992e-06	0.0009030580020506	0.0004490454164653	2.0164178604849477e-07	8.155137550676215e-07	-0.0003758597495633	-0.0003249721442497	1.4127055134178664e-07	1.0560689453826313e-07	0.0003101696103092	-0.0001848413905888	9.620518715936101e-08	3.4166339674801346e-08	0.0	0.0	0.0	0.0	0.0	0.0	0.0	0.0	0.0	0.0	0.0	0.0	0.0	0.0	0.0	0.0	0.0	0.0	0.0	0.0	0.0	0.0	0.0	0.0	0.0	0.0	0.0	0.0	0.0	0.0	0.0	0.0	0.0	0.0	0.0	0.0	0.0	0.0	0.0	0.0	0.0	0.0	0.0	0.0	0.0	0.0	0.0	0.0	0.0	0.0	0.0	0.0	0.0	0.0
531.4390167013747	0.3473623651706248	282427.42847252404	0.1206606127369304	750.1625414167132	1.9389783041818875	562743.838544782	3.759636864088068	608.4080248656703	0.2731051465473229	0.0745864210706347	370160.3247209461	619.1853410993303	495.9547115709848	0.7329679999999998	25.053061	0.0369478101135842	0.0241705999346478	0.0244872911	0.0005920966	0.0284011843	0.0004725262	-0.0767874117	0.0147879588	0.0488703682	0.0055675071	0.0105808008	-0.0197624001	-0.0656277204	-0.0071654751	0.0133669046	0.0281589909	-0.1088946018	-0.0086930162	-0.011173577	-0.1583900568	-0.103290908	-0.1172439347	0.0275047318	-0.0569446213	-0.002895488	0.0716140596	0.165007889	-0.1200759472	-0.0347688256	0.0166349113	-0.0142827886	0.101363935	0.0305857186	0.043775489	-0.0483220349	0.0228982634	-0.0243535007	0.0294934258	-0.0231470444	0.036243983	0.1400416142	-0.0219653609	0.0448562753	0.0532185134	0.0392406398	0.0094108867	-0.0385430461	-0.0949192187	0.0251126183	0.007644536	-0.0149008601	0.0660495139	0.024444207	-0.0755163939	-0.0295119289	0.0568129762	-0.0620927394	-0.0402061291	-0.1184208523	0.0362552521	-0.0995772644	-0.0506425762	-0.0284862255	-0.0133547519	-0.0380610153	0.1370594075	-0.1153240492	0.1546544294	-0.0314259382	0.0193021747	-0.0204839897	0.0225171108	-0.0737711913	0.0170373742	-0.1912473725	0.0636959126	0.0170271801	0.0130183136	-0.0069120429	0.0028919521	-0.0011285039	0.0014563027	0.0235628535	0.0186155334	0.0082098677	0.0054920667	0.0062602141	-0.0190158519	0.0001381351	-0.0241243802	-0.0107480406	-0.0858697807	-0.0126445657	0.0970512026	-0.0171837804	-0.0080353518	-0.0517392933	0.0156225079	0.0260141707	0.0644486216	0.0932836535	0.0780951336	0.0545856841	0.0	0.0	0.0	0.0	0.0842204252206357	0.00688136521633	4.735318724051656e-05	0.0070930800243446	0.159984890495977	-0.0227035104460213	0.0005154493865726	0.0255951651870097	0.3761929443607954	0.0034625153070778	0.1415211313868445	1.198901225174812e-05	0.000900045678828	-3.0123232225999887e-06	9.074091197415179e-12	8.100822239769554e-07	-0.0003428791479715	3.298060159180003e-05	1.1756611011366181e-07	1.0877200813570427e-09	0.0002681541522405	-4.2015458068700006e-05	7.190664936382125e-08	1.7652987167226883e-09	0.0	0.0	0.0	0.0	0.0	0.0	0.0	0.0	0.0	0.0	0.0	0.0	0.0	0.0	0.0	0.0	0.0	0.0	0.0	0.0	0.0	0.0	0.0	0.0	0.0	0.0	0.0	0.0	0.0	0.0	0.0	0.0	0.0	0.0	0.0	0.0	0.0	0.0	0.0	0.0	0.0	0.0	0.0	0.0	0.0	0.0	0.0	0.0	0.0	0.0	0.0	0.0	0.0	0.0
531.68068057823	0.2416638768552275	282684.34610012977	0.0584014293766985	752.4113719122751	2.248830495561833	566122.8725829119	5.0572385977688805	608.6447129802131	0.2366881145427442	0.0560212635657991	370448.3866387659	620.0310509244302	500.79280196522745	0.7469139999999999	25.529743	0.139046970535672	0.0739347736312211	0.0143720025	-0.0097933473	0.0154313975	-0.005386701	-0.0203387875	-0.0071931661	0.001484542	0.0140460444	0.0130596039	-0.014641357	-0.0063311701	0.0359281948	-0.0038067871	0.0304806825	0.0142549281	-0.1214606753	0.0468989164	-0.1316285191	0.094495707	-0.0917693053	0.1177859423	-0.0077544479	-0.033444494	-0.0054805312	0.038841189	-0.0084022571	-0.0505209634	-0.1434788393	0.1133119866	0.1001589848	0.0825256807	0.0046542521	0.0143292774	0.0310743696	0.0062642372	-0.0137043899	0.021831961	-0.1070281603	0.0939982225	0.1130026127	-0.0479813034	-0.0227208231	-0.0428870248	0.0181453656	-0.0153744545	-0.0100812749	-0.0343223416	-0.0054957946	-0.0155313209	-0.0321338383	-0.0842750198	0.0633540373	-0.0291738785	0.0850724214	-0.1081925995	0.0297535775	-0.0942350086	-0.0524384	-0.0283287462	-0.0231751004	-0.0698391777	0.1096557136	-0.0095136395	0.077817523	-0.0032107012	0.0384323427	-0.0624608104	-0.0712498651	-0.0662084425	0.079828643	-0.0014358293	-0.0047131261	-0.0196435611	-0.0607898436	0.0111348167	0.0129204089	-0.0070385331	0.0148371333	0.0043420055	-0.0056638036	-0.0076296871	0.0224189533	0.0013317156	-0.0079292992	-0.0039910321	0.018560477	-0.0051767334	-0.0275253595	0.0138081911	0.0080108607	-0.0134716209	-0.0011018672	-0.0370257149	-0.0129979334	-0.0406423989	0.0965753823	-0.0841146695	-0.0364216167	0.0927889027	0.0762265289	0.0507768297	0.0	0.0	0.0	0.0	0.0782532291819535	-0.0059671960386822	3.5607428564064594e-05	0.0061235678774033	0.221363402786153	0.0613785122901759	0.0037673217709552	0.0490017560930646	0.3526823013679916	-0.0235106429928038	0.1243848056982228	0.000552750333935	0.0004431495832366	-0.0004568960955914	2.0875404216666573e-07	1.963815531227723e-07	-0.0004458511843006	-0.0001029720363291	1.987832785422476e-07	1.0603240265761489e-08	0.0006720984046002	0.0004039442523597	4.517162654661342e-07	1.6317095901443702e-07	0.0	0.0	0.0	0.0	0.0	0.0	0.0	0.0	0.0	0.0	0.0	0.0	0.0	0.0	0.0	0.0	0.0	0.0	0.0	0.0	0.0	0.0	0.0	0.0	0.0	0.0	0.0	0.0	0.0	0.0	0.0	0.0	0.0	0.0	0.0	0.0	0.0	0.0	0.0	0.0	0.0	0.0	0.0	0.0	0.0	0.0	0.0	0.0	0.0	0.0	0.0	0.0	0.0	0.0
533.0374251066833	1.356744528453305	284128.896564363	1.8407557154879808	753.6678948266166	1.2565229143415308	568015.295692384	1.578849834265334	611.4414513059952	2.796738325782144	7.821745262898709	373860.6483751817	622.6253404201422	496.17477407189966	0.838206	28.65012	0.2768870489082551	0.1537540642979059	0.0080083704	-0.0077102155	0.0557270812	-0.0296130196	-0.0652400049	0.0256199497	0.03652735	0.0127026337	-0.0421369907	-0.0542167499	0.0027840028	-0.0451323566	0.0115775623	0.0548781721	0.0224545823	0.0378445092	-0.0107913897	-0.0962534931	-0.0456843723	-0.0027894507	0.0690740283	-0.0289858754	0.0983526936	0.1498791688	-0.0718390409	0.0412807177	0.0665035478	0.0149101571	0.0722443791	-0.1010819793	-0.0573920431	-0.0774987222	-0.0106935955	0.1717123958	-0.1625948178	0.0896645466	0.0499480633	-0.0399311453	-0.0256531652	-0.0355908774	0.0082875729	-0.0610993697	0.0955679541	-0.0387352477	-0.0508453019	0.0009124669	0.0223950511	0.0509709414	-0.06634859	-0.0014258366	0.0514317536	-0.0326803753	0.0289166404	0.0113907513	0.0075444143	-0.0101143725	-0.1015729183	0.0720474099	-0.1193617116	0.0438891347	0.0038196286	0.0420874278	0.2008616913	-0.1402572379	-0.026256946	-0.0087137488	-0.0796592231	0.1101196347	-0.0283426748	0.0031211563	-0.0208955667	0.1420457911	-0.0069054575	-0.067479373	0.0002306163	0.0138575998	-0.0042876907	-0.038394364	0.0185718001	0.010848486	0.0710778527	0.0163238485	0.0032677141	0.0622288509	-0.0299580907	0.0024984843	-0.0462875883	0.0110640514	0.001761294	-0.0292332837	-0.1195543272	-0.0435161762	0.0604448794	0.017830061	0.1367450389	0.0115396492	0.0759513431	0.0911023668	0.0922725718	0.0742870158	0.0468617084	0.0	0.0	0.0	0.0	0.0670714005329955	-0.011181828648958	0.0001250332919346	0.0044985727694575	0.0871433139891308	-0.1342200887970221	0.0180150322366805	0.0075939571730082	0.3944676808598615	0.0417853794918698	0.1556047512429575	0.0017460179392795	0.0012530757411069	0.0008099261578703	6.559803812025462e-07	1.5701988129506066e-06	-0.0009208983657198	-0.0004750471814192	8.480537999853985e-07	2.2566982457432638e-07	0.0001630767044816	-0.0005090217001186	2.659401154457909e-08	2.5910309119163e-07	0.0	0.0	0.0	0.0	0.0	0.0	0.0	0.0	0.0	0.0	0.0	0.0	0.0	0.0	0.0	0.0	0.0	0.0	0.0	0.0	0.0	0.0	0.0	0.0	0.0	0.0	0.0	0.0	0.0	0.0	0.0	0.0	0.0	0.0	0.0	0.0	0.0	0.0	0.0	0.0	0.0	0.0	0.0	0.0	0.0	0.0	0.0	0.0	0.0	0.0	0.0	0.0	0.0	0.0
532.8410548791478	-0.1963702275354535	283919.58976472303	0.0385612662623257	751.872106061663	-1.7957887649536133	565311.6638736005	3.224857288333624	609.7342736894992	-1.7071776164959829	2.9144554142649053	371775.88451166113	621.4110043633253	497.76052106575486	0.926652	31.673237	0.4270100997988221	0.2328430812757756	-0.0463078145	0.0047263988	-0.0104060587	-0.0149201739	0.0203347292	0.0024670053	0.0629948151	0.0858520855	-0.0158887682	0.0443924099	-0.0237971116	-0.0315626751	0.0088303497	-0.0487634245	-0.0239901141	-0.0049529999	0.0682544752	0.1733992938	0.0165244049	-0.046276126	-0.0398095273	-0.0341786227	-0.0538788494	0.1389362003	-0.1347502421	0.0162118228	-0.0225486442	0.0509508441	0.0205435436	0.1290360955	0.0834792408	0.0891762132	0.0124373997	0.1048496813	0.0358732508	-0.0223759241	0.1617861631	0.1003399527	-0.1466781364	-0.0303821301	0.0338907296	-0.113125797	0.0471536073	-0.0111339224	0.038740605	0.0030287593	0.0377096339	-0.0511817927	0.011496887	0.0299203995	-0.0351357507	-0.0237640696	0.0513850534	-0.0771706855	0.0408142978	0.1426792537	0.0839085563	0.0351670566	-0.018155993	-0.0402372929	0.0269916556	0.0565974556	0.0901368543	0.070711668	0.0725582228	0.1650686074	0.0372217709	0.1609200064	-0.0738494005	0.0460383561	0.057030284	-0.0282581596	0.1057990466	-0.1263057663	-0.0199953541	-0.0148184364	0.0325181616	-0.0546482981	0.0033328677	-0.0470145239	0.0834059982	-0.0244592603	-0.0550842897	-0.0402090562	-0.0036576596	-0.0245854367	-0.0222273716	0.0843650023	-0.0191654259	-0.0530414533	-0.0802878481	0.0097815651	0.1070674216	-0.0186136171	-0.1422724047	-0.0027236769	0.2418221234	0.007534038	0.091734781	0.0722783984	0.0428485141	0.0	0.0	0.0	0.0	0.0516099432793595	-0.0154614572536359	0.000239056660406	0.0026635862452987	0.1911205476015709	0.1039772336124401	0.0108112651096959	0.0365270637155243	0.2500552688236155	-0.144412412036246	0.0625276374664506	0.0208549447501264	0.0040079926061851	0.0027549168650781	7.589566933492295e-06	1.6064004731234428e-05	-0.001237064289538	-0.0003161659238182	1.5303280564501568e-06	9.99608913838159e-08	-2.902044455200008e-05	-0.0001920971490336	8.421862019957112e-10	3.690131466683715e-08	0.0	0.0	0.0	0.0	0.0	0.0	0.0	0.0	0.0	0.0	0.0	0.0	0.0	0.0	0.0	0.0	0.0	0.0	0.0	0.0	0.0	0.0	0.0	0.0	0.0	0.0	0.0	0.0	0.0	0.0	0.0	0.0	0.0	0.0	0.0	0.0	0.0	0.0	0.0	0.0	0.0	0.0	0.0	0.0	0.0	0.0	0.0	0.0	0.0	0.0	0.0	0.0	0.0	0.0
531.3326517053703	-1.5084031737775376	282314.3867682604	2.2752801346621485	748.4181281498501	-3.453977911812899	560129.6945433255	11.929963415291397	607.1478629050848	-2.5864107844143973	6.689520745735098	368628.52743021166	618.3232964766653	494.0942794587424	0.856283	29.267998	0.1489728542205778	0.0787133107696793	-0.0294218968	0.0112820297	0.0150016194	0.0013574474	0.0049673856	0.0210572399	0.0629576763	0.0757752934	0.0482405392	0.0073707739	-0.0707920401	-0.0211393568	0.0127092355	-0.1176779427	0.0284891057	0.0102412679	0.1232889082	-0.0114660528	0.0574032842	0.0482426351	-0.0698935286	-0.1132727148	0.0827322912	-0.1363688518	0.0917716346	0.033159303	-0.0350208462	-0.0595959209	0.0007419336	0.0463519109	-0.015312221	0.036851549	0.0054621074	0.0097562965	-0.0585734914	0.0463045277	-0.006669948	-0.0474298218	-0.076038037	-0.0486470759	-0.0689653401	-0.0155409278	0.035516414	0.0438588046	0.0250524296	-0.0477198723	0.0660480389	-0.0226019353	0.0762136704	0.0216748655	-0.0262350147	0.0627778483	0.016998793	-0.1022145039	0.0481587621	0.0643391064	-0.0855194413	-0.0588871609	0.0411302737	0.0296825828	0.0331087055	0.009125084	-0.1397168397	-0.0469499688	-0.0727757526	-0.0031399317	0.0225655444	-0.1122367688	-0.0596102747	-0.0426503552	0.0659620441	0.0526507461	0.1036822207	-0.0262347068	-0.019988047	-0.0159826169	0.0254303077	-0.018146223	0.0070454496	-0.0860794256	0.0123853497	-0.0261916383	-0.0356441492	-0.0247604308	0.0121092002	-0.0465647556	0.018931085	0.0586427624	-0.0546772779	0.0034618214	-0.0233038669	-0.0860530127	0.0869976212	-0.00203189	-0.0907640998	0.0003102012	0.1279388184	-0.0176493618	0.0911756552	0.0702025453	0.0387456454	0.0	0.0	0.0	0.0	0.0561415545878247	0.0045316113084652	2.0535501051009703e-05	0.0031518741515377	0.2267839234586404	0.0356633758570694	0.0012718763775226	0.0514309479392944	0.2601260761083637	0.0100708072847481	0.0676655754715342	0.0001014211593665	0.0028641570707154	-0.0011438355354696	1.3083597322032543e-06	8.203395725729022e-06	-0.0008189525453969	0.0004181117441411	6.706832716120616e-07	1.7481743058871272e-07	0.0003831734712431	0.0004121939157951	1.4682190906448677e-07	1.6990382421849806e-07	0.0	0.0	0.0	0.0	0.0	0.0	0.0	0.0	0.0	0.0	0.0	0.0	0.0	0.0	0.0	0.0	0.0	0.0	0.0	0.0	0.0	0.0	0.0	0.0	0.0	0.0	0.0	0.0	0.0	0.0	0.0	0.0	0.0	0.0	0.0	0.0	0.0	0.0	0.0	0.0	0.0	0.0	0.0	0.0	0.0	0.0	0.0	0.0	0.0	0.0	0.0	0.0	0.0	0.0
534.028801332566	2.696149627195723	285186.76065269724	7.269222812227636	754.0707432065691	5.652615056719014	568622.6857601075	31.952056979446507	609.7275651268693	2.579702221784487	6.654863553079818	371767.70367554063	621.0412632533482	500.17695237022906	0.8335329999999999	28.490419	0.1884039753976402	0.1135820171042214	-0.0100441197	-0.0220266579	0.0153084236	-0.0360758401	-0.0422172674	0.002721798	0.0743683474	0.0132282009	-0.0073453808	-0.0075063884	-0.0758942404	-0.0204548004	-0.043871453	0.0473091314	-0.0705188954	-0.0432631717	-0.1434700959	-0.0548630324	-0.055274004	0.1091300794	0.0294897794	0.0228998073	0.0509407941	0.027652938	0.0584185817	-0.0032848784	-0.0272196552	0.0579470287	-0.0101922546	0.0036616077	0.1117831621	-0.1657660237	-0.0414872938	-0.0494607477	0.0884520895	0.0285417432	-0.0889625255	-0.0188876966	0.0470023962	-0.095807972	-0.1428680209	-0.0002105474	0.0179002316	-0.0173353719	-0.0190383275	-0.0722781267	0.028193531	0.0451451728	0.01941187	0.0417721951	0.0441471982	-0.1033868669	0.0388807641	0.0143551244	-0.0578957577	-0.0326031984	0.0204966312	-0.0334901445	-0.0702643314	0.0330865682	-0.1693918396	0.0515427866	-0.0695867417	-0.080177273	0.0008865881	0.0109468935	-0.0262432793	0.0223769799	-0.0132964869	0.0437882744	-0.1252166489	-0.0951896847	-0.0674723088	0.0234724961	-0.0054562797	-0.0057883688	0.0024912044	-0.0152862381	0.003403281	-0.0249947304	0.0361912107	-0.0034577877	-0.0120182278	-0.010084082	0.0022883435	-0.0171928183	0.02989063	0.0300429203	-0.0615874367	-0.0179839001	-0.0539108977	-0.0029571449	0.0945535384	-0.0360799041	-0.0557582619	-0.0480062072	0.1131397915	0.0344082615	0.0905953245	0.0680613876	0.0345616891	0.0	0.0	0.0	0.0	0.064722986925318	0.0085814323374932	7.364098096297568e-05	0.0041890650365348	0.1629477751851453	-0.0638361482734951	0.0040750538263956	0.0265519774377886	0.3520109360116805	0.0918848599033168	0.1239116990718194	0.0084428274794521	0.0027483069032035	-0.0001158501675118	1.3421261312535289e-08	7.553190834196013e-06	-0.000894076121217	-7.512357582010001e-05	7.993721105304357e-07	5.643551643998314e-09	0.0006742304255778	0.0002910569543347	4.545866667748214e-07	8.471415066659169e-08	0.0	0.0	0.0	0.0	0.0	0.0	0.0	0.0	0.0	0.0	0.0	0.0	0.0	0.0	0.0	0.0	0.0	0.0	0.0	0.0	0.0	0.0	0.0	0.0	0.0	0.0	0.0	0.0	0.0	0.0	0.0	0.0	0.0	0.0	0.0	0.0	0.0	0.0	0.0	0.0	0.0	0.0	0.0	0.0	0.0	0.0	0.0	0.0	0.0	0.0	0.0	0.0	0.0	0.0
533.3583489548354	-0.6704523777306122	284471.1283998279	0.4495063908046314	761.531816646031	7.46107343946187	579930.7077642041	55.667616869043385	609.9204264628529	0.1928613359835935	0.0371954949173765	372002.9266166284	621.8232255290326	504.281049577276	0.8013759999999999	27.391256	0.25456756858099	0.1610259902674509	-0.0463900369	-0.020510041	-0.0532146397	-0.0470313095	0.0400511412	-0.0218761726	-0.0461315671	0.0129170778	-0.0031643891	-0.0031703545	0.0227347785	-0.0111263219	0.0184117786	-0.0442933343	-0.0700573614	0.1037728125	0.1160146607	0.0483391103	-0.0388086055	0.023254002	0.001386931	0.0508735805	-0.1261341927	-0.0387157226	-0.0700369032	0.0137400509	0.0621677257	0.0066040764	-0.0175916171	0.0374060493	0.0269748001	-0.038777255	0.0508326401	-0.0038737437	0.0025689907	-0.0652982235	0.0204844434	-0.1003058029	-0.0802007717	-0.0586469428	0.1750256915	-0.0598618777	0.0114719841	-0.0059873077	0.0157506246	0.0098088123	0.0158470269	-0.0436473949	0.0274885608	0.000813181	-0.0254109562	-0.069146645	-0.0966123051	-0.0098720451	0.0716687469	0.0687568926	0.0925719886	-0.0520303105	-0.0064299828	0.075715001	0.057725313	-0.0763965456	0.111138284	0.1074694194	0.0504152668	-0.0589633307	-0.0217553097	0.0467022222	0.0246665551	0.0735998863	0.1093455285	0.0623072444	0.0343323915	0.0923012732	-0.0124951278	-0.0148122897	0.0033264759	0.0113201324	0.0033918884	-0.0439376366	0.0096296454	-0.0170732488	-0.0464452466	-0.0646492155	0.0048347544	-0.0156259146	0.0145215066	0.0462293335	-0.0320147951	0.0027374541	0.0234250547	0.0588209713	-0.0109381344	0.0474197939	-0.081814793	-0.0019749426	0.0452219132	-0.0589271108	0.089993924	0.0658569168	0.0303054013	0.0	0.0	0.0	0.0	0.0964841416037671	0.0317611546784491	0.0010087709465083	0.0093091895810157	0.2921937570379214	0.129245981852776	0.0167045238250881	0.0853771916519358	0.2613038937963807	-0.0907070422152998	0.0682797249131502	0.0082277675074481	0.0027272934659402	-2.101343726330007e-05	4.415645456186479e-10	7.438129649360109e-06	-0.0008580811656988	3.5994955518200067e-05	7.363032869270114e-07	1.2956368227572012e-09	0.00067417102167	-5.9403907800062966e-08	4.545065664595716e-07	3.5288242619183808e-15	0.0	0.0	0.0	0.0	0.0	0.0	0.0	0.0	0.0	0.0	0.0	0.0	0.0	0.0	0.0	0.0	0.0	0.0	0.0	0.0	0.0	0.0	0.0	0.0	0.0	0.0	0.0	0.0	0.0	0.0	0.0	0.0	0.0	0.0	0.0	0.0	0.0	0.0	0.0	0.0	0.0	0.0	0.0	0.0	0.0	0.0	0.0	0.0	0.0	0.0	0.0	0.0	0.0	0.0
532.9942434674894	-0.3641054873460234	284082.8635694813	0.1325728059154852	757.4709443773542	-4.060872268676803	573762.2315759207	16.490683582508286	608.5432249404842	-1.3772015223687504	1.896684033214804	370324.8566209647	620.4750118399024	503.9613883694439	0.916385	31.322321	0.3238343925305872	0.1994484161110398	0.0222238094	-0.0187253912	0.0075514475	-0.0181426681	0.0058715585	-0.0070693574	-0.0492072877	-0.1057819558	0.0187347407	-0.0088295154	-0.0026835837	-0.0255068526	-0.0638859176	0.0410258813	-0.0177209201	0.0542834789	0.042045662	-0.0670685765	0.0951167813	0.0505193613	0.0356250563	-0.0557754865	-0.0664328452	-0.0248629701	0.0100966716	0.0223455695	-0.0785761558	0.0936050222	-0.0605293753	0.0333126722	0.0757251052	-0.0742460627	0.1591063926	0.0238128164	-0.0731187048	0.0971696433	-0.0460310793	0.1308276104	0.0940995149	0.0143000991	0.0670076244	0.0989696449	0.0103043232	0.0092524314	-0.0113428678	0.0067054357	-0.0455714394	0.0773326217	0.02045119	-0.0270524307	0.0502332192	0.1074392179	-0.0903117342	-0.0069676811	-0.0259753186	0.0464180056	-0.0261152482	-0.1222501079	0.0116718714	-0.0032424257	-0.0522994425	0.1408283707	-0.0646591368	0.0816429403	0.0109334488	0.0009218665	0.0024042226	0.0363392117	-0.1164372384	0.1085724472	-0.0040685322	-0.0586123032	0.0116850982	0.0930805212	0.0114646849	-9.71821e-05	-0.0187441123	0.0036594424	-0.0163204731	-0.0010942317	0.018701805	0.007067576	0.023239923	0.0153987804	-0.043533791	0.0096421016	0.0346485934	-0.0288394274	-0.0841370981	0.0041508294	0.0237589421	-0.0493248699	0.138307673	0.0039109636	0.0610968878	0.023078051	-0.0079526046	0.000781672	0.0893715933	0.0635911839	0.0259856898	0.0	0.0	0.0	0.0	0.0861837791413222	-0.0103003624624448	0.0001060974668577	0.0074276437870802	0.1779151467055442	-0.1142786103323771	0.0130596007794993	0.0316537994272553	0.4188217326562409	0.1575178388598602	0.1754116437451757	0.0248118695590808	0.0020312447210483	-0.0006960487448919	4.844838552655896e-07	4.1259551167865855e-06	-0.0007203167017595	0.0001377644639392	5.188561508336845e-07	1.8979047524482668e-08	0.0006732326129831	-9.384086868999926e-07	4.532421511840525e-07	8.806108636493684e-13	0.0	0.0	0.0	0.0	0.0	0.0	0.0	0.0	0.0	0.0	0.0	0.0	0.0	0.0	0.0	0.0	0.0	0.0	0.0	0.0	0.0	0.0	0.0	0.0	0.0	0.0	0.0	0.0	0.0	0.0	0.0	0.0	0.0	0.0	0.0	0.0	0.0	0.0	0.0	0.0	0.0	0.0	0.0	0.0	0.0	0.0	0.0	0.0	0.0	0.0	0.0	0.0	0.0	0.0
533.8409657692617	0.8467223017723882	284986.17673345807	0.7169386563187312	753.4786685126169	-3.99227586473728	567730.103903546	15.938266580163798	609.2141846096055	0.6709596691213164	0.4501868775873864	371141.9227295464	619.5517629981937	511.92175490646855	1.041828	35.609978	0.677185422151979	0.401900952240103	0.1017032351	-0.0621157211	0.0279397878	-0.0105987007	-0.0878088987	-0.0478224736	0.0431833485	-0.0368962598	0.0212014332	-0.0803855141	0.0089076	0.0753206558	0.0040834746	-0.0623765199	-0.0963550901	-0.0269455771	-0.0123380364	-0.0165962408	0.0375461091	0.0504158945	-0.0810054485	-0.2389110938	-0.0222194081	-0.00106949	0.0588474167	0.0569708003	-0.0422061418	0.0379673359	-0.0757846166	-0.0702382739	-0.1280557075	0.0381559277	-0.0350320365	-0.1245139284	-0.0073376989	-0.0641529209	0.0014983325	-0.0373053277	0.0160173381	-0.0775082228	-0.0089962241	0.0934100429	-0.0099008431	0.0327157095	-0.0713803017	-0.031320789	-0.0503745035	-0.0469278569	0.0200686737	0.0966127893	-0.0138114313	-0.0066959635	-0.0598118376	-0.043173799	-0.0219944837	-0.0656283159	-0.0045721419	-0.012407797	-0.0416219042	-0.1905992829	0.0568237111	0.0275796813	-0.0841704536	0.033087334	-0.072661903	-0.0802585784	0.1127967318	-0.1182911841	0.0051531441	-0.005886126	-0.0251907583	-0.022440691	-0.0045535987	-0.018317928	0.0580371587	0.0255966514	-0.031350167	0.0499414112	-0.0912584899	0.0696356277	-0.0744167736	0.0694888721	0.0261099053	-0.0214866632	0.0325961347	-0.0534157167	-0.0293135517	-0.1147447998	0.1006541385	-0.0286100463	0.1232797326	-0.012958596	0.0980783011	-0.027852719	0.0689438218	-0.0709884448	0.1229663006	-0.2711674171	0.0887284774	0.0612662963	0.0216115948	0.0	0.0	0.0	0.0	0.0717891321323236	-0.0143946470089986	0.0002072058625136	0.0051536794923122	0.3390545472650785	0.1611394005595343	0.025965906412686	0.1149579860211273	0.5718869743821671	0.1530652417259261	0.3270547114679894	0.0234289682246162	-0.0041229791586195	-0.0061542238796678	3.787447156107339e-05	1.6998957142410762e-05	-0.00039786958801	0.0003224471137495	1.5830020906324713e-07	1.0397214116538305e-07	0.00017818094925	-0.0004950516637331	3.1748450675631084e-08	2.450761497649103e-07	0.0	0.0	1.0	0.0	0.0	0.0	0.0	0.0	0.0	0.0	0.0	0.0	0.0	0.0	0.0	0.0	0.0	0.0	0.0	0.0	0.0	0.0	0.0	0.0	0.0	0.0	0.0	0.0	0.0	0.0	0.0	0.0	0.0	0.0	0.0	0.0	0.0	0.0	0.0	0.0	0.0	0.0	0.0	0.0	0.0	0.0	0.0	0.0	0.0	0.0	0.0	0.0	0.0	0.0
531.5993798732368	-2.241585896024958	282597.9006816099	5.024707329258014	750.6918164934431	-2.786852019173807	563538.2033502252	7.766544176773126	608.9129027665429	-0.3012818430626112	0.0907707489592038	370774.9231555773	620.2477759339756	498.44278357626285	0.949851	32.466202	0.3182679154803104	0.2285034021465384	0.0371829926	0.0051523738	-0.0030996231	0.0200381934	-0.0309104568	0.0105022691	-0.0196214775	-0.0581274652	0.0163454514	-0.039344095	-0.0275030871	0.0096203625	0.0687028511	-0.0082569912	-0.0858076293	0.0424669447	-0.0442823881	-0.0329202233	-0.0625128203	0.0592948517	-0.0134421063	-0.0013586661	0.0303609857	-0.0008881436	0.0682099617	-0.015515623	-0.0061521122	-0.0695816268	0.0574973832	0.0148638789	0.0323637697	-0.094437387	-0.0666873778	-0.1363201986	0.0167965814	-0.0408575747	0.0665630932	0.0479636621	-0.0054210578	0.076741796	0.1288335306	0.0155591402	-0.0736699432	0.0128466	-0.0503813868	-0.0253762011	0.0309830137	-0.0066491132	0.0178492288	0.0810089049	-0.0337286997	-0.0657074492	-0.0685375411	0.0500322732	0.0635882023	-0.0930620484	-0.1069977005	-0.0816690463	-0.0165947825	0.0307793908	-0.0177875282	-0.0094398512	-0.0532918666	0.008225102	0.0032753831	-0.0018348254	0.0244266228	0.0038127294	0.1142350417	0.0102295589	0.0064186768	0.0617568394	-0.0439537028	-0.0436559006	0.0333830636	0.0081434556	-0.027457295	0.0378913613	-0.0408129867	0.0185560204	-0.0433710992	0.0428912606	0.0025554697	-0.0278281075	-0.0312319369	-0.0003765593	-0.0511221374	-0.0420436954	0.0222671066	0.0271860858	0.0765606506	0.0393957901	-0.0469244569	0.0750305276	0.0473609791	-0.0039323501	0.0905013202	-0.0797719042	0.0880647258	0.0588844168	0.0171922707	0.0	0.0	0.0	0.0	0.070497035683644	-0.0012920964486796	1.669513232690434e-06	0.0049698320401809	0.3323990298081156	-0.0066555174569629	4.4295912619938064e-05	0.1104891150173765	0.4849777640092441	-0.0869092103729229	0.235203431583406	0.0075532108476449	-0.0001488666182433	0.0039741125403762	1.579357048357537e-05	2.216127002719642e-08	-0.0003970496394398	8.199485701999745e-07	1.576484161792752e-07	6.723156577729825e-13	0.0006714702843385	0.0004932893350885	4.50872342749626e-07	2.433343681120544e-07	0.0	0.0	0.0	0.0	0.0	0.0	0.0	0.0	0.0	0.0	0.0	0.0	0.0	0.0	0.0	0.0	0.0	0.0	0.0	0.0	0.0	0.0	0.0	0.0	0.0	0.0	0.0	0.0	0.0	0.0	0.0	0.0	0.0	0.0	0.0	0.0	0.0	0.0	0.0	0.0	0.0	0.0	0.0	0.0	0.0	0.0	0.0	0.0	0.0	0.0	0.0	0.0	0.0	0.0
531.3835784551433	-0.2158014180935197	282368.5074517934	0.0465702520511741	744.172993850708	-6.518822642735017	553793.444776726	42.49504864743476	608.2100581222338	-0.7028446443090388	0.4939905940338993	369919.474801051	618.6632211785568	500.7922943654356	0.793095	27.108219	0.0715781418487379	0.0366017102484565	0.0528667913	-0.0154960938	0.0342073721	0.0158874305	-0.0815128682	0.015875712	0.0581022795	-0.0082102398	0.031225041	-0.0480745107	-0.0482839531	0.0592299111	0.0428201676	0.0441862924	-0.0296436912	-0.0659597196	0.096269816	0.0418162892	-0.0181706351	-0.097087452	-0.0121101108	-0.0516906518	-0.1650447484	0.0095762896	0.0223421472	-0.1351440697	0.0677641046	-0.0456543911	-0.0255075757	-0.0393259965	0.1211855806	0.0587441085	-0.0419134717	-0.1095907227	0.0981144311	0.0766630749	0.0192231401	0.0917303892	-0.0121108948	-0.042169561	0.1442039659	-0.0711209405	-0.0108265566	0.0334561046	-0.05081908	-0.0617643108	0.000207159	0.0006990561	-0.0681129297	0.0236433854	-0.0311663865	0.0211359303	-0.0373394191	0.0018401683	-0.0532013169	0.0809882372	-0.0119596857	0.0974568919	0.0536581348	-0.0937781414	0.0912122235	0.0624318734	-0.0107341185	0.1893059524	-0.0108306962	-0.0636356973	-0.0357065759	0.1303832304	0.0767864071	-0.0106386281	0.0274156262	-0.0002271395	-0.0187844076	-0.0703476368	0.0320887387	0.0012816055	-0.0276870898	0.0288105859	-0.0440613962	0.0275730906	-0.0178499062	0.0338087483	0.008236452	-0.0033914545	-0.016720948	-0.0256037935	-0.0095828151	-0.0753512754	0.0322211472	-0.0585273056	0.0390079066	-0.0006400696	0.0717963162	-0.0507579495	-0.0333606775	-0.0006790517	-0.0005188743	-0.0791727208	0.0873804928	0.0564477611	0.0127369662	0.0	0.0	0.0	0.0	0.0814694696084075	0.0109724339247634	0.0001203943062333	0.0066372744782752	0.3067739342352809	-0.0256250955728347	0.0006566455231169	0.0941102467261924	0.4796287161325807	-0.0053490478766634	0.2300437053389876	2.8612313186837277e-05	1.677686867492689e-05	0.0001656434869182	2.7437764758428806e-08	2.814633225357431e-10	-0.0008239984241456	-0.0004269487847058	6.789734029944321e-07	1.8228526476175957e-07	0.000671509302204	3.901786550005847e-08	4.5092474294650316e-07	1.5223938281806532e-15	0.0	0.0	0.0	0.0	0.0	0.0	0.0	0.0	0.0	0.0	0.0	0.0	0.0	0.0	0.0	0.0	0.0	0.0	0.0	0.0	0.0	0.0	0.0	0.0	0.0	0.0	0.0	0.0	0.0	0.0	0.0	0.0	0.0	0.0	0.0	0.0	0.0	0.0	0.0	0.0	0.0	0.0	0.0	0.0	0.0	0.0	0.0	0.0	0.0	0.0	0.0	0.0	0.0	0.0
533.465115509794	2.0815370546507665	284585.0294658779	4.332796509884188	754.4821571622576	10.309163311549582	569243.3254762136	106.27884818419996	610.8151797838989	2.6051216616650663	6.786658872076556	373095.18385443673	622.4576590401786	500.93002989154303	0.8142979999999999	27.832941	0.1766051178007378	0.1212041609173407	0.0038495745	-0.0174911967	-0.0191411388	-0.0378138447	0.0181682467	-0.0182639581	-0.0304776004	0.0113005235	-0.0189590657	-0.0146276197	-0.0461289873	0.0191190907	-0.0668992194	-0.1064690896	-0.0170163081	-0.0361473532	-0.0606513739	-0.0582202826	-0.0408786895	-0.0909589185	-0.0514678498	-0.0097614174	0.0388894608	-0.0579969361	0.0817474261	0.0731953822	0.0215968346	0.127068621	0.004902083	0.1556288451	0.03438536	0.0470541635	-0.145916348	-0.0450110029	-0.0979853402	-0.1157443337	0.0884756525	0.056622899	-0.0370634607	0.0462411543	0.0187427297	-0.1130060586	0.0545441596	-0.0187578412	0.0006265321	-0.0160699238	-0.0249089384	-0.0198552525	0.1033304889	0.0004432745	-0.0921786128	-0.0109751434	0.0281478057	0.0448545934	-0.0514557207	-0.0117882172	-0.1577699402	0.0461361487	0.0125139225	-0.0221979864	-0.0105239835	-0.0933327364	-0.0224499082	0.0093086724	0.0288820745	0.0573722964	0.012626067	-0.0838639502	0.0670724892	0.0337067748	0.1175290543	-0.1763057751	0.1004040209	0.0518606797	0.0147507773	-0.0059446073	-0.0158083087	0.0407935816	-0.0185565685	-0.0082631764	-0.0465427535	0.0096829431	-0.0356226834	-0.0083845555	-0.047400404	0.0010678922	-0.0221209625	-0.0052636822	0.0474973391	0.0484863577	0.0477898422	-0.0597915257	-0.0022281825	-0.01456053	0.0177223911	-0.0132903126	-0.0060581838	-0.1346440536	0.0866759375	0.0539585958	0.0082550055	0.0	0.0	0.0	0.0	0.0708731828334805	-0.0105962867749269	0.0001122812934164	0.0050230080449479	0.3563692901607567	0.0495953559254758	0.0024596993293746	0.1269990709696816	0.3693413141579782	-0.1102874019746024	0.1364130063439423	0.0121633110343075	-4.0201725353723554e-05	-5.697859402865044e-05	3.2465601774817603e-09	1.616178721416219e-09	-0.0008890157038212	-6.501727967560007e-05	7.903489216407036e-07	4.227246656415197e-09	0.0006709837133936	-5.255888103999863e-07	4.502191436394648e-07	2.762435976176728e-13	0.0	0.0	0.0	0.0	0.0	0.0	0.0	0.0	0.0	0.0	0.0	0.0	0.0	0.0	0.0	0.0	0.0	0.0	0.0	0.0	0.0	0.0	0.0	0.0	0.0	0.0	0.0	0.0	0.0	0.0	0.0	0.0	0.0	0.0	0.0	0.0	0.0	0.0	0.0	0.0	0.0	0.0	0.0	0.0	0.0	0.0	0.0	0.0	0.0	0.0	0.0	0.0	0.0	0.0
533.6155672876538	0.1504517778597573	284745.5736517245	0.0226357374611617	752.4075998306274	-2.074557331630217	566117.1962828856	4.303788122220686	610.0397978688515	-0.7753819150474328	0.6012171141826244	372148.55498386914	621.0300374195988	505.6673376422368	0.8123369999999999	27.765932	0.2526674632094206	0.1579392161049252	0.0469941068	-0.0384752594	0.0074411661	-0.0249894258	-0.0221317328	-0.0101291658	0.0183973383	-0.0234830117	-0.0066461538	-0.0337226225	-0.0717848793	0.0622758088	-0.0094725256	0.0971819128	-0.0053254876	-0.0098041097	-0.0258596388	0.0998175706	-0.0217023621	0.0422582481	-0.0176435646	0.0439679755	-0.0497912212	-0.0325355161	-0.0160120411	-0.0787663053	-0.1063855667	-0.0426042822	-0.0272808564	-0.0451455656	-0.0302428604	-0.0199976007	0.0036312824	-0.0397310299	0.1230744262	-0.0691676504	-0.0206476836	0.0353508985	0.0066213451	0.0745722785	0.009421972	-0.0904525547	-0.0027356057	0.000257409	-0.0411275819	-0.0605227138	-0.0260733584	0.0371833348	-0.0449869817	0.0189668478	0.006739167	0.0307834644	0.0227010228	0.0102343138	0.0320234972	-0.0329574801	0.145227432	0.0516688897	-0.0098970203	0.0685676095	0.0666034665	0.0769484924	-0.0582287311	0.0419191992	-0.0017817083	-0.0162670406	0.0239935268	-0.0673282564	0.0457299564	0.11344485	-0.0524344797	-0.0340531343	0.0530602322	-0.0228220604	0.0246549976	-0.0009068689	-0.0378604905	0.0152970595	-0.0390748789	0.0428278566	-0.0012508594	0.0318690914	0.0245407783	0.0324916129	-0.0239743851	0.0180067184	0.0061400854	-0.0572303408	-0.0277499316	-0.0023283817	0.0072445204	-0.0581711023	0.1001610538	-0.0316442682	0.0222787985	-0.0429114857	0.0334096687	-0.0356834221	0.0859512239	0.0514192365	0.0037557686	0.0	0.0	0.0	0.0	0.0740853221390125	0.003212139305532	1.0317838918143634e-05	0.0054886349564412	0.2543816705350394	-0.1019876196257172	0.0104014745569199	0.0647100343041973	0.4878613913227383	0.1185200771647601	0.238008737143358	0.0140470086911406	0.000537798436188	0.0005780001615417	3.340841867422585e-07	2.892271579662584e-07	-0.0008888161035101	1.996003111000809e-07	7.899940658588767e-07	3.9840284191249074e-14	0.000671736493809	7.527804153999694e-07	4.512299171148087e-07	5.666783538097505e-13	0.0	0.0	0.0	0.0	0.0	0.0	0.0	0.0	0.0	0.0	0.0	0.0	0.0	0.0	0.0	0.0	0.0	0.0	0.0	0.0	0.0	0.0	0.0	0.0	0.0	0.0	0.0	0.0	0.0	0.0	0.0	0.0	0.0	0.0	0.0	0.0	0.0	0.0	0.0	0.0	0.0	0.0	0.0	0.0	0.0	0.0	0.0	0.0	0.0	0.0	0.0	0.0	0.0	0.0
531.9472270988738	-1.6683401887800071	282967.8524181808	2.7833589854985106	750.9033232552665	-1.5042765753609046	563855.8008758032	2.2628480151795314	608.907117327907	-1.1326805409444205	1.2829652078341451	370767.8775325816	620.1249416265273	504.83967841922345	0.788671	26.957027	0.1312083863620753	0.0936835024906996	0.0201488803	-0.0252625431	-0.0519718193	0.007213464	-0.0209987143	-0.0506099588	0.004061615	0.0292180546	0.0269712183	-0.0141442777	-0.0397020769	0.0395652396	-0.0756664516	-0.1002592023	-0.1342731066	0.0476731419	0.0230314138	0.0404811356	-0.0926245087	0.0156927649	0.1115766133	-0.0250522952	-0.032899255	0.0737826987	-0.0030973204	-0.0794551633	-0.1500935597	-0.0925550854	0.0289132822	0.1644130581	-0.1278233962	-0.0487434386	0.0020640209	-0.1007128531	-0.0012529538	-0.1275870411	-0.0372498626	-0.195237534	0.0535342983	-0.0872226053	0.0103105689	-0.0560466888	0.0029682142	0.0220760738	-0.0025413975	-0.0539116798	-0.0067121842	-0.0511485015	0.0789493181	0.0630451213	-0.0379278635	-0.1134989606	-0.1048952558	-0.0012478795	0.0393861035	0.0353649268	0.0743244221	-0.0018476573	-0.0559158308	-0.0013588512	-0.0591299103	-0.0216941174	0.0091304454	0.0877951831	-0.13146204	0.0823013561	0.1444430864	0.0070334975	0.0894616274	-0.0280203355	-0.0509985226	0.0481933003	-0.0153529695	0.027432826	0.0162813358	-0.0057814324	-0.0312405378	0.0338884234	-0.0303033462	0.0333325592	-0.0311056495	0.0337889915	-0.0101335789	-0.0414952135	0.0045441028	0.0092837889	-0.0126858113	-0.0367856436	0.0251215588	-0.0266574887	0.0517062078	0.1142296152	-0.0462089541	0.0420467304	-0.1112807238	0.0514797596	0.0383955627	-0.0824802782	0.0852065205	0.0488320453	-0.0007513285	0.0	0.0	0.0	0.0	0.0735194141730346	-0.0005659079659778	3.202518259572432e-07	0.0054051042603462	0.3350180042888269	0.0806363337537874	0.0065022183212522	0.1122370631976684	0.4402305083661133	-0.0476308829566249	0.1938029004962865	0.0022687010112277	0.0005293118035358	-8.486632652199982e-06	7.202293377338689e-11	2.801709853623214e-07	-0.0009278247082264	-3.900860471630003e-05	8.608586891954043e-07	1.5216712419125447e-09	0.0006717464901542	9.996345199953656e-09	4.5124334703448666e-07	9.992691735663648e-17	0.0	0.0	0.0	0.0	0.0	0.0	0.0	0.0	0.0	0.0	0.0	0.0	0.0	0.0	0.0	0.0	0.0	0.0	0.0	0.0	0.0	0.0	0.0	0.0	0.0	0.0	0.0	0.0	0.0	0.0	0.0	0.0	0.0	0.0	0.0	0.0	0.0	0.0	0.0	0.0	0.0	0.0	0.0	0.0	0.0	0.0	0.0	0.0	0.0	0.0	0.0	0.0	0.0	0.0
531.0524046153246	-0.8948224835492056	282016.6564477184	0.8007072770651683	752.7604072025844	1.8570839473178469	566648.2306518006	3.4487607873856345	608.3611669581336	-0.5459503697734363	0.2980618062557518	370103.3094626621	619.7438586701128	501.45160784506953	0.787722	26.924564	0.1700343469145214	0.1056374165580688	0.034421903	-0.0040044449	-0.0066427346	0.0083140381	0.0086696321	-0.0200205999	-0.0361382956	-0.0861044372	0.0308034486	-0.0113740189	0.0283138697	0.0305289159	0.007377969	0.0471558755	0.0420808817	-0.0592618973	-0.088276895	0.0415947645	0.0632308703	-0.0796138246	-0.0799328404	-0.1098467383	0.0205138825	0.025319509	-0.0546523652	-0.0968011411	0.0314873877	-0.1101935074	-0.0324639002	0.0284994897	0.0254147706	0.0471740822	0.1152295776	0.0048197822	0.0697562794	-0.1402075979	0.0881171743	0.1043763322	0.144591591	0.096933467	-0.0325717057	0.1338826075	-0.0169708098	0.0322980866	-0.0067958646	0.0209988063	-0.0634737878	0.0309250541	-0.0484234713	-0.0178870056	-0.0393883488	0.1111878904	0.0242834703	0.0313323337	0.0259238011	-0.0213249826	-0.0579783413	-0.0208194557	0.0425968634	-0.1169822504	0.0944609959	0.1589994731	-0.0606137624	0.0416251021	0.0066481553	0.0571118517	0.0233738144	0.0930720661	0.055329953	0.0458250227	-0.0278609464	-0.045654202	-0.036486661	-0.0167062616	0.0193092072	-0.0019843694	-0.0354636368	0.0192010333	-0.0353383815	0.0398042775	-0.0172275605	0.0413890217	0.018588175	0.0178973725	-0.0322848376	0.0173793926	-0.0140709478	-0.0350713247	-0.0192766139	0.0166576197	0.0436739516	-0.0383678413	0.0807271167	0.0095991872	0.1061002542	0.018537766	-0.0382200562	-0.0568132734	0.0844420004	0.046199429	-0.0052568531	0.0	0.0	0.0	0.0	0.0807823680484602	0.0072629538754255	5.275049899655968e-05	0.0065257909875168	0.252881451004157	-0.0821365532846699	0.0067464133854854	0.0639490282619678	0.5045361837266142	0.0643056753605009	0.2545567606894158	0.0041352198835701	0.0003378574890799	-0.0001914543144559	3.665475452377865e-08	1.1414768292737477e-07	-0.0010628867106488	-0.0001350620024224	1.129728159673826e-06	1.824174449834841e-08	0.000671679519154	-6.69710002000135e-08	4.511533764509486e-07	4.485114867790207e-15	0.0	0.0	0.0	0.0	0.0	0.0	0.0	0.0	0.0	0.0	0.0	0.0	0.0	0.0	0.0	0.0	0.0	0.0	0.0	0.0	0.0	0.0	0.0	0.0	0.0	0.0	0.0	0.0	0.0	0.0	0.0	0.0	0.0	0.0	0.0	0.0	0.0	0.0	0.0	0.0	0.0	0.0	0.0	0.0	0.0	0.0	0.0	0.0	0.0	0.0	0.0	0.0	0.0	0.0
530.0867929099073	-0.9656117054172456	280992.008017511	0.9324059656388012	743.739483315604	-9.020923886980311	553148.4190425617	81.377067774692	608.5210533960694	0.1598864379358247	0.0255636730358063	370297.872426262	618.9784636303895	494.5060795491973	0.7576859999999999	25.897936	0.0988825937462356	0.0421117677171634	0.0228748552	0.0066600764	0.0093690445	0.0346679032	-0.0273090093	-0.0243082345	0.04899155	0.0207666468	0.0354660805	-0.0145926094	0.0069605411	0.0336152198	-0.0046411809	0.0982706339	0.011647092	0.0153898877	-0.0532525322	-0.024935238	-0.0725515858	0.0325459542	-0.141069252	-0.0084832652	0.0831071167	0.0781874028	0.0113457655	0.1456925745	0.1088500343	-0.187106177	0.002168694	-0.0142485202	-0.1327493507	-0.1288591928	-0.0017896112	0.0556610685	-0.0034199145	-0.0361669595	0.0870699704	-0.0373782724	0.0702223197	-0.0012477917	0.0852518394	0.0437164839	-0.0561924994	0.0398581214	-0.0180714939	-0.0281579253	-0.0404385941	0.0185661225	-0.0623576892	-0.0468512614	-0.0049405476	-0.0157560235	-0.0058149747	-0.0117327927	0.0392079035	-0.1251300866	0.0429506651	0.0203398588	-0.115034769	-0.0792707276	0.0751802799	-0.0516025328	0.0107206114	-0.2007465038	-0.0321073966	0.0679048243	-0.0845060533	0.0373637518	-0.0057643462	0.0061822679	0.0525673344	0.1509400706	-6.4582e-06	-0.0172625483	0.0162996705	-0.0121366606	-0.0240999635	0.0145376803	-0.0386918026	0.0330421803	-0.0005753867	0.0404244513	0.0259217319	0.0370637954	0.0251094424	-0.0020800378	-0.018325909	-0.0456729273	0.0315441883	-0.0163781307	0.0001538588	-0.0494142042	0.0790210237	-0.0670755272	0.0128029816	-0.0678136831	-0.0055723224	-0.0606093081	0.0836578415	0.0435238364	-0.0097513761	0.0	0.0	0.0	0.0	0.0600099360249402	-0.02077243202352	0.0004314939321717	0.0036011924217174	0.2662073610585764	0.0133259100544194	0.0001775798787784	0.0708663590817712	0.4814175739384296	-0.0231186097881846	0.2317628804967633	0.0005344701185383	2.1767420295668667e-05	-0.0003160900687842	9.99129315840201e-08	4.738205863282881e-10	-0.0006709918050811	0.0003918949055677	4.502300024859929e-07	1.535816170099166e-07	0.0007970073824043	0.0001253278632503	6.352207676069542e-07	1.5707073306885916e-08	0.0	0.0	0.0	0.0	0.0	0.0	0.0	0.0	0.0	0.0	0.0	0.0	0.0	0.0	0.0	0.0	0.0	0.0	0.0	0.0	0.0	0.0	0.0	0.0	0.0	0.0	0.0	0.0	0.0	0.0	0.0	0.0	0.0	0.0	0.0	0.0	0.0	0.0	0.0	0.0	0.0	0.0	0.0	0.0	0.0	0.0	0.0	0.0	0.0	0.0	0.0	0.0	0.0	0.0
531.3665969456761	1.279804035768734	282350.4603496286	1.6378983699699394	746.8846428189959	3.145159503391824	557836.6696788591	9.892028301775904	609.954764370243	1.4337109741735503	2.055527157465671	372044.8145779586	620.6749126233552	499.1292732451151	0.7342659999999999	25.097437	0.143914541453224	0.0739569406247369	0.0135762509	0.0085502139	-0.0256661968	0.0198421785	0.0075873426	-0.0046942813	0.0274961916	0.0180575909	0.0090118348	-0.0142215147	0.0149895615	0.0631240333	-0.0517756247	0.0232770713	-0.0013765787	0.0193371041	-0.0075486738	0.0437298382	-0.1004275948	-0.0214715342	-0.0484358315	-0.026053987	-0.0418667348	0.0256442083	0.0415655618	0.022342495	-0.0599993707	-0.0322159366	-0.001788909	0.0515394359	0.0451729778	0.0875018604	0.1043450295	0.151676859	-0.1326133719	-0.0853660186	0.0089295552	0.0551952681	-0.048685382	-0.0486645953	-0.0595301118	0.0829818715	-0.0999867238	0.0160302172	-0.0074415293	-0.0185182299	-0.0419212221	-0.0008656023	0.0208139684	0.0201463381	0.0097507617	-0.0285551986	0.0349876198	-0.046099044	0.0562877866	-0.07987065	0.0133083261	0.0519834562	-0.0281692033	0.0084627599	0.0249204394	-0.041314365	-0.0129785613	0.0141999779	-0.0724616394	0.0980559402	0.0040838365	0.0289414998	-0.0787581877	0.1115684882	0.1004729439	-0.082661372	-0.0018016756	-0.0267256657	0.016470985	-0.0210072361	-0.0232394641	0.022350797	-0.0395143255	0.0212296378	-0.0199612788	0.0229263873	0.0128709227	0.0134565721	-0.0075113159	0.0056267909	-0.0065258032	-0.0220640027	-0.0175450232	0.0257052515	0.0687300298	0.0128074101	0.0268025465	0.0407665817	-0.0080955148	-0.0576321092	0.11560832	-0.0429033455	0.0828542262	0.0408077566	-0.0142254913	0.0	0.0	0.0	0.0	0.064228624520112	0.0042186884951717	1.7797332619294828e-05	0.0041253162077455	0.3083877015106395	0.042180340452063	0.0017791811206519	0.0951029744430152	0.457486207011982	-0.0239313669264475	0.20929362960621	0.0005727103229682	0.0010678846224092	0.0010461172021135	1.094361200557843e-06	1.1403775667780396e-06	-0.0010391048490157	-0.0003681130439346	1.0797388872479409e-06	1.3550721311479684e-07	0.0007395547168616	-5.745266554269999e-05	5.469411792322414e-07	3.3008087779613462e-09	0.0	0.0	0.0	0.0	0.0	0.0	0.0	0.0	0.0	0.0	0.0	0.0	0.0	0.0	0.0	0.0	0.0	0.0	0.0	0.0	0.0	0.0	0.0	0.0	0.0	0.0	0.0	0.0	0.0	0.0	0.0	0.0	0.0	0.0	0.0	0.0	0.0	0.0	0.0	0.0	0.0	0.0	0.0	0.0	0.0	0.0	0.0	0.0	0.0	0.0	0.0	0.0	0.0	0.0
531.3314728082108	-0.0351241374652318	282313.1339965425	0.0012337050326765	746.6368077686855	-0.2478350503104138	557466.522715013	0.0614222121623653	609.1173302646358	-0.8374341056071444	0.7012958812340379	371023.9220287174	619.8086127030222	498.3287560669207	0.717069	24.509647	0.1287070630591917	0.0883274323503762	0.0102742932	-0.007155908	0.0048865155	0.00777617	-0.0381203601	-0.0006098916	0.0492510252	0.0206576602	0.0101532885	0.0213343164	-0.0591905183	-0.0102364574	0.0221923076	0.0188927992	0.0209930451	-0.050630005	0.0002902906	-0.0415193679	0.0687496881	-0.0801540983	-0.0554959298	0.0196409615	0.0767867033	0.075321892	0.049560435	0.0010858029	0.0621085657	-0.0344576564	0.0239868731	0.0337666565	-0.1225697965	-0.14121194	0.0481633989	-0.0240888686	-0.0381267336	-0.0569908843	0.0495502507	0.1615199352	0.0121760845	-0.0634090132	0.0933584379	-0.0136649361	0.0940981418	0.0156619198	0.00412662	-0.05890571	0.0339880288	-0.0075355699	-0.0151297952	-0.0348304594	-0.0543797216	0.002776868	0.0278567994	0.0116589226	-0.0213612024	-0.0420154412	-0.0916921624	0.0438795022	-0.0402369695	-0.048764434	-0.0918148302	-0.0252805265	-0.0132505887	0.0151505743	0.0186309353	0.059618782	-0.1453401913	0.1067333933	0.0781931837	-0.0764934166	-0.0378044376	0.1573894262	0.0686269568	0.0162271193	0.0071194947	-0.0209608357	-0.0258136383	0.0089933444	-0.0312480085	0.0300707541	0.0126738409	0.0386732741	0.032383105	0.0364716513	0.0254394879	0.0111428718	-0.0123519317	-0.0256268715	-0.0144448756	-0.0157682519	-0.0107211583	0.0169154792	-0.0022241962	0.012280365	-0.0621951734	0.0254767415	-0.0166207457	0.0216176999	0.0820313413	0.038053716	-0.018669835	0.0	0.0	0.0	0.0	0.0667158534302245	0.0024872289101125	6.186307651299451e-06	0.0044510050989231	0.2232139284056558	-0.0851737731049837	0.0072545716249392	0.0498244578342852	0.4781003196422375	0.0206141126302554	0.2285799156420096	0.0004249416395328	0.0008658030317186	-0.0002020815906905	4.083696929604317e-08	7.496148897331191e-07	-0.0009002109653279	0.0001388938836878	8.103797820965895e-07	1.9291510925880142e-08	0.0006718912229632	-6.766349389840008e-05	4.514378154949845e-07	4.5783484065388254e-09	0.0	0.0	0.0	0.0	0.0	0.0	0.0	0.0	0.0	0.0	0.0	0.0	0.0	0.0	0.0	0.0	0.0	0.0	0.0	0.0	0.0	0.0	0.0	0.0	0.0	0.0	0.0	0.0	0.0	0.0	0.0	0.0	0.0	0.0	0.0	0.0	0.0	0.0	0.0	0.0	0.0	0.0	0.0	0.0	0.0	0.0	0.0	0.0	0.0	0.0	0.0	0.0	0.0	0.0
531.4013956803634	0.0699228721525742	282387.4433310382	0.0048892080500652	752.7637826374599	6.126974868774482	566653.312450657	37.539821042594085	609.1135242118344	-0.0038060528014511	1.4486037927434432e-05	371019.28537776094	620.8353916254258	500.165897246857	0.731025	24.986668	0.1490165031774041	0.0894014242132756	0.0052181795	-0.0115541668	-0.0317473467	-0.0041429091	0.0445595256	-0.0222318736	-0.0056993367	-0.016363029	0.0213011932	0.014658873	0.0277549025	0.0279232171	-0.058561392	-0.0177216071	-0.0251430588	-0.0095117846	0.0215286918	0.0141514864	0.0544712576	-0.0621908041	0.0743288169	-0.0125579981	-0.0140401832	-0.0044154026	-0.0114084152	0.1149879578	0.0249051979	-0.0239930454	0.0784159425	0.1825871955	0.1034571509	-0.0485600017	-0.0213444642	-0.0274107383	-0.0095430735	-0.1099059312	-0.0912755316	0.1452263684	-0.0472458376	0.0881164522	0.0041786204	-0.0270725057	0.0626574914	0.0202058486	0.0279701315	0.0140961286	-0.0533460441	0.0014984482	0.0158549801	-0.0264081676	-0.0838354149	0.004467368	-0.0131183788	0.0558910605	-0.0271337654	0.0985854039	-0.0508669265	0.0208624054	0.0030878124	-0.0680171806	-0.1061205475	0.0050203316	0.0364094225	-0.0009099346	0.0108568843	0.0421306985	-0.0202931255	-0.0039153907	-0.1090804862	-0.0067153976	0.1163083405	-0.0835247726	0.1038815825	0.0350244747	0.008685908	-0.0253594801	-0.0265785822	0.0277149131	-0.0360559521	0.0325669321	-0.019441836	0.0095612159	0.0056237829	0.0070585653	-0.0164967566	0.0159790195	0.0111147027	-0.0260659644	0.0307691018	-0.0036523381	0.0311758528	-0.0339239437	0.0162606486	-0.0410360665	-0.0542505453	0.0023383212	-0.0587309807	-0.0592460949	0.0811893783	0.0352642766	-0.0230751061	0.0	0.0	0.0	0.0	0.0659905073191282	-0.0007253461110963	5.261269808825268e-07	0.0043547470562359	0.3001774946237674	0.0769635662181116	0.0059233905250096	0.0901065282786019	0.4378160452718163	-0.0402842743704212	0.191682889497453	0.0016228227615513	0.0010929359345927	0.0002271329028741	5.158935556801536e-08	1.1945089571240187e-06	-0.0012931300373046	-0.0003929190719766	1.672185293379396e-06	1.5438539712303109e-07	0.0006727055776679	8.143547046999882e-07	4.52532794225503e-07	6.631735850670051e-13	0.0	0.0	0.0	0.0	0.0	0.0	0.0	0.0	0.0	0.0	0.0	0.0	0.0	0.0	0.0	0.0	0.0	0.0	0.0	0.0	0.0	0.0	0.0	0.0	0.0	0.0	0.0	0.0	0.0	0.0	0.0	0.0	0.0	0.0	0.0	0.0	0.0	0.0	0.0	0.0	0.0	0.0	0.0	0.0	0.0	0.0	0.0	0.0	0.0	0.0	0.0	0.0	0.0	0.0
531.5709086009778	0.1695129206143519	282567.63087086903	0.0287346302552075	750.7299316133772	-2.0338510240827645	563595.430220226	4.13654998816251	609.4039620329894	0.2904378211550238	0.0843541279572775	371373.1889415052	620.7921166441495	500.06885739312185	0.7591799999999999	25.949007	0.1297155596989006	0.0734764998252933	0.0161002467	-0.0101187811	-0.0035183013	0.0007804742	-0.0098028724	0.0053481806	0.0246575053	-0.0309505449	0.0150128163	-0.014417668	-0.0515035588	0.043773328	-0.021236907	0.021847659	-0.0432385259	0.0890097102	-0.0669963366	-0.0040140494	-0.0501843126	0.0853880429	-0.1343538734	0.1233803618	-0.0947168135	-0.1229665941	0.2107601332	-0.0405976996	-0.0262023296	-0.0186663	-0.0402188168	-0.1140147502	0.0070611817	0.0326495062	0.1699857168	-0.1317696033	0.0084864712	-0.1555575731	-0.0305583669	0.0514642341	0.0752019505	0.1328403858	-0.0020255268	0.0065207822	0.0427500559	0.0101391481	-0.0096975802	-0.0487744773	-0.0198826003	0.0112811179	0.0276043559	0.0129189799	0.061445454	0.0467531803	-0.0543002244	0.0068212153	0.074023843	-0.1596444686	0.064504205	0.0491211541	-0.0423656341	0.1035443606	0.0859004298	-0.0758327222	-0.2462471759	0.0953494258	0.0298669278	-0.0565938074	-0.0110196227	-0.0782744362	0.0096813482	0.0888763221	0.0572060195	-0.0852154495	-0.0546291484	0.1033848982	0.015045581	-0.0196682574	-0.0258328323	0.0100845194	-0.0392855934	0.0350885459	-0.0087677024	0.0297567042	0.013423101	0.0556017606	-0.0013464683	0.0241524901	-0.0209675366	-0.0253499455	-0.0118736037	0.035582318	0.0276999957	-0.0792072733	0.0639847948	0.0051445247	0.0802861567	-0.0306384484	0.0088905445	-0.0231923235	0.0803285329	0.0324420332	-0.0274320852	0.0	0.0	0.0	0.0	0.0698761359644919	0.0038856286453636	1.5098109969670904e-05	0.0048826743773281	0.2641966995289095	-0.0359807950948579	0.0012946176156581	0.0697998960419688	0.4980470199691353	0.060230974697319	0.2480508341001362	0.003627770312989	0.0008958026956935	-0.0001971332388992	3.886151387888908e-08	8.024624696117413e-07	-0.0008987016484649	0.0003944283888396	8.076646529535286e-07	1.5557375392268158e-07	0.0006719039801796	-8.015974882999736e-07	4.514549585811883e-07	6.425585332488263e-13	0.0	0.0	0.0	0.0	0.0	0.0	0.0	0.0	0.0	0.0	0.0	0.0	0.0	0.0	0.0	0.0	0.0	0.0	0.0	0.0	0.0	0.0	0.0	0.0	0.0	0.0	0.0	0.0	0.0	0.0	0.0	0.0	0.0	0.0	0.0	0.0	0.0	0.0	0.0	0.0	0.0	0.0	0.0	0.0	0.0	0.0	0.0	0.0	0.0	0.0	0.0	0.0	0.0	0.0
530.2557843170374	-1.3151242839403494	281171.1968016765	1.7295518822096168	746.4754611151559	-4.254470498221281	557225.6140470846	18.10051922023523	608.9264955970863	-0.4774664359031249	0.2279741974140328	370791.47704014834	619.3000223030722	499.23784501853794	0.729139	24.922203	0.0712031413573567	0.0410933261463571	0.0303540241	-0.0092827598	-0.0066223084	0.0212523582	-0.0399798113	0.0029883949	0.0571933305	-0.0346919691	0.0307327072	-0.0199395484	-0.0272241475	0.0350235645	0.0595428391	0.0175088758	-0.0083168857	0.0152623515	-0.0064536888	-0.0554278607	-0.0253868962	0.0558479412	0.0089201271	-0.0735912897	-0.0428201245	-0.0609116961	-0.014883398	0.0445014184	0.0430823459	0.0599607033	0.0650277699	-0.1008418836	-0.0226544163	-0.0670257213	-0.0379902105	0.0359985107	-0.1163540067	0.0642602504	0.0448560109	-0.1345303911	0.1220028765	0.0458171369	-0.0697426634	0.0059103313	-0.0467671576	0.0312550035	-0.024797101	-0.0617004046	0.0046749622	-0.0335134918	-0.0438307454	0.0301660373	0.0010638787	-0.0641013658	-0.043199783	-0.020115794	0.0213561033	-0.1090673955	-0.0110784412	-0.0775142039	-0.0368761024	-0.0875050924	0.0009415291	-0.0495852393	0.0268051044	-0.0273677177	-0.0037276208	-0.1487795893	-0.0524166577	-0.0576742663	-0.0219777287	0.0171746911	-0.00223657	0.0569654531	-0.0981212759	0.0433578753	0.0161345822	-0.0207324997	-0.0270795263	0.0128567573	-0.0393048877	0.0491903867	-0.0028653571	0.0276793074	0.0257840662	0.0116846382	0.0132336143	0.0127865338	-0.0013619028	-0.0449489593	-0.0065272969	-0.0503374303	0.0443920588	0.082973373	0.0046921764	0.0156472495	-0.0849561399	-0.0075828378	0.0824563097	0.0253524502	0.0794490053	0.0295896112	-0.0317316538	0.0	0.0	0.0	0.0	0.0685012325292149	-0.0013749034352769	1.890359456336473e-06	0.0046924188580215	0.2724091164762257	0.0082124169473161	6.744379211656585e-05	0.0742067267393578	0.5229558232999238	0.0249088033307885	0.2734827931233011	0.0006204484833719	0.0015708236526521	0.0006750209569586	4.5565329233330403e-07	2.4674869477312853e-06	-0.0009569728217786	-5.827117331370002e-05	9.15796981622896e-07	3.395529639355265e-09	0.0006727522027868	8.482226072000507e-07	4.525955263544917e-07	7.194815913652515e-13	0.0	0.0	0.0	0.0	0.0	0.0	0.0	0.0	0.0	0.0	0.0	0.0	0.0	0.0	0.0	0.0	0.0	0.0	0.0	0.0	0.0	0.0	0.0	0.0	0.0	0.0	0.0	0.0	0.0	0.0	0.0	0.0	0.0	0.0	0.0	0.0	0.0	0.0	0.0	0.0	0.0	0.0	0.0	0.0	0.0	0.0	0.0	0.0	0.0	0.0	0.0	0.0	0.0	0.0
530.0834031567355	-0.1723811603019385	280988.41430222616	0.0297152644270426	748.9857117789132	2.510250663757347	560979.5964489653	6.301358394894201	608.6467558897616	-0.2797397073246657	0.0782543038540896	370450.8734551311	619.8905210107789	498.04489143093855	0.737936	25.222889	0.1156265881206592	0.0646905537605311	0.0091993686	0.0028089356	-0.0106199043	0.0221381499	-0.0053944207	0.0293634483	-0.0366974744	-0.0626711252	0.0355571981	-0.0176999045	-0.0248483222	0.040845332	-0.0618510313	0.0348123352	-0.0176521702	-0.044942691	0.0809224427	-0.054142094	-0.0188715054	0.0084293233	0.0190819753	-0.0405220723	0.1565594492	0.0668752649	0.0187540115	-0.1643450326	0.007932209	-0.1147282743	0.0387439562	0.057857482	0.0846873448	-0.0505799657	-0.0290404732	-0.0174695783	-0.0050579036	-0.0578883916	-0.0156472387	0.0710244763	-0.0411629542	0.0005842208	0.0005304832	-0.1221858969	-0.0146887438	0.0321053458	-0.0023058953	-0.0298907397	-0.0337249591	0.0114718264	0.0201319408	-0.0330807415	-0.0782634283	0.0018092019	-0.0926590157	0.0092547362	-0.0265944774	-0.0305216765	-0.0911287036	0.0358862131	0.021737172	0.0240924293	-0.0102348464	0.1379330784	0.0058648797	-0.0017630141	-0.0249485025	0.0537272014	0.0045915139	0.0298893289	0.1753938395	0.0530930444	0.0010473255	0.0327894451	0.0218620519	0.0357945103	0.0121967677	-0.021337486	-0.0323274051	0.019199362	-0.0402646445	0.03517901	-0.0240101967	0.0378720827	0.0131357382	0.0264819455	0.00770933	0.0269235916	-0.0305340971	-0.0485658346	0.0216873404	0.0117235001	0.0053170267	0.0256318504	-0.0880956426	0.0171025979	-0.1221807707	0.1031701732	-0.0894593724	0.0246090909	0.0785510002	0.026709664	-0.0359648137	0.0	0.0	0.0	0.0	0.0653435138392239	-0.0031577186899909	9.971187325118469e-06	0.0042697748008568	0.3217527626371321	0.0493436461609064	0.0024347954164527	0.1035248402646266	0.5255611264632307	0.0026053031633068	0.2762144976493	6.78760457273679e-06	0.0010466714718369	-0.0005241521808152	2.747355086533301e-07	1.0955211699572224e-06	-0.0011328788603115	-0.0001759060385328	1.2834145121406828e-06	3.0942934392338084e-08	0.0011830923855678	0.000510340182781	1.3997075927885082e-06	2.604471021609445e-07	0.0	0.0	0.0	0.0	0.0	0.0	0.0	0.0	0.0	0.0	0.0	0.0	0.0	0.0	0.0	0.0	0.0	0.0	0.0	0.0	0.0	0.0	0.0	0.0	0.0	0.0	0.0	0.0	0.0	0.0	0.0	0.0	0.0	0.0	0.0	0.0	0.0	0.0	0.0	0.0	0.0	0.0	0.0	0.0	0.0	0.0	0.0	0.0	0.0	0.0	0.0	0.0	0.0	0.0
530.8603791141421	0.7769759574066484	281812.7421132107	0.6036916383879779	747.9145909445626	-1.071120834350609	559376.2353477725	1.147299841779944	610.086218576063	1.43946268630134	2.07205282525387	372205.1940964396	621.0796061809798	495.3138412704304	0.783158	26.768579	0.2123781834262091	0.1147962777556234	0.0533519132	-0.0075580006	0.055279125	0.0005524863	-0.0817577053	0.0283919111	0.0668508572	-0.0706741816	0.0086850988	-0.0458931612	0.0074039839	0.0280486916	-0.0562323231	0.0519444704	0.0723819846	0.0708412627	-0.0164890833	-0.1234588149	0.0013996662	0.0256804552	0.0108425969	-0.0717223957	0.1144216026	-0.0374007547	0.0021525179	-0.0096026896	0.0135493146	-0.0193979955	-0.113217483	0.0742535568	-0.0014502509	-0.0183434468	-0.0024492057	0.0547735511	-0.0362706933	-0.0171577277	0.1447089477	-0.0133373147	-0.0697031707	-0.0554496131	-0.0676112515	-0.0327598367	-0.0450282339	0.0095330078	-0.0560368379	-0.0170260378	-0.05448989	0.0590376325	-0.0071913098	-0.0552197701	0.0561465237	0.0357397563	-0.026494744	-0.0145495669	0.0122963929	0.0375410683	-0.151724924	-0.0746182225	0.0667595764	-0.0158986192	-0.0159789727	0.0767236346	-0.0031577317	-0.0949287626	-0.0408650579	0.1048601698	0.0052828927	0.0457256059	0.034234871	-0.0228811826	0.0592430146	-0.0597243068	-0.029475343	-0.0697617053	0.0274685368	-0.0155554725	-0.0428849171	0.0046591161	-0.0560205829	0.0590080843	0.005109961	0.0344101375	0.0477843949	0.0631442027	-0.0123827223	0.0200999529	-0.0327415991	-0.0840688011	-0.0110733168	-0.0330029036	0.013490101	-0.0174437819	0.0486332032	-0.0500525092	-0.005923083	0.0112098064	-0.0147368342	0.0371458236	0.0776347263	0.0238048705	-0.0401227057	0.0	0.0	0.0	0.0	0.0726987130274352	0.0073551991882113	5.409895509826417e-05	0.0052851028758453	0.2638544495932251	-0.0578983130439069	0.0033522146533302	0.0696191705701437	0.6140104672757616	0.0884493408125308	0.3770088539241991	0.0078232858901712	0.0004869154125307	-0.0005597560593061	3.13326845930006e-07	2.3708661895994178e-07	-0.0012353395654867	-0.0001024607051752	1.5260638420568687e-06	1.0498196104999277e-08	0.000671802542418	-0.0005112898431498	4.5131865599928885e-07	2.614173037081471e-07	0.0	0.0	0.0	0.0	0.0	0.0	0.0	0.0	0.0	0.0	0.0	0.0	0.0	0.0	0.0	0.0	0.0	0.0	0.0	0.0	0.0	0.0	0.0	0.0	0.0	0.0	0.0	0.0	0.0	0.0	0.0	0.0	0.0	0.0	0.0	0.0	0.0	0.0	0.0	0.0	0.0	0.0	0.0	0.0	0.0	0.0	0.0	0.0	0.0	0.0	0.0	0.0	0.0	0.0
532.3386315174812	1.47825240333907	283384.4186059046	2.185230167977737	748.7419696262905	0.8273786817278506	560614.5370798568	0.6845554829777158	610.214197969232	0.1279793931690847	0.0163787250759271	372361.3674032331	620.9840633076833	501.9766595746516	0.7572649999999999	25.883543	0.1805083598230424	0.105186212451337	0.0368149931	-0.0323287033	0.0079895574	-0.0078900878	-0.038707168	-0.0087667102	0.0692461021	-0.0078725868	0.0115213317	-0.0138759684	0.0144533335	-0.0031257917	-0.0563340928	0.0194952376	0.0005136991	0.0018625976	0.0923419326	-0.0168099385	-0.0391716306	-0.2459660819	0.0983967205	-0.0734517385	0.0283749452	-0.0194730554	-0.0825979518	-0.0022946278	0.0966545941	0.0241755207	0.0829681208	-0.0729328398	-0.1654041297	-0.0501666104	-0.1311997625	-0.0519108744	-0.0771348089	-0.1047448432	-0.0737685131	-0.0046405547	0.0174888188	0.0588108646	-0.0616622567	0.024536105	0.0415541831	0.0166500572	-0.0187909788	-0.0234943792	-0.0334022046	0.0451321962	0.0033591719	-0.0442143623	-0.0464615731	-0.0495582592	-0.0110892838	0.0161988775	-0.0108881775	0.1686395015	-0.1269995115	0.0667322368	-0.0060732951	-0.1246380344	0.0990834997	0.0112509602	0.1468848707	-0.0035585427	-0.1425684811	-0.047542796	-0.0282290466	-0.1064424497	0.0033167453	-0.031227072	0.0051120395	0.0743711498	-0.0136371489	0.0755736412	0.0246261002	-0.0150156038	-0.0427509351	0.0322540676	-0.060499152	0.0552019035	-0.0190321332	0.0588370454	0.0054195218	0.0213209647	0.0350121683	0.0034200094	-0.0428986507	-0.0827750478	0.0299513236	-0.0195191552	-0.0369369834	-0.0406558642	-0.0467181714	-0.0585518763	-0.1778172426	0.0413035155	-0.0470480247	-0.0484094935	0.0767003968	0.020877933	-0.0441966281	0.0	0.0	0.0	0.0	0.0733930491282421	0.0006943361008068	4.821026208837217e-07	0.0053865396603405	0.3452683163594372	0.0814138667662121	0.0066282177018265	0.1192102102816804	0.5588974271103382	-0.0551130401654234	0.3123663340305558	0.0030374471962755	-0.0002251367822761	-0.0007120521948068	5.070183281291812e-07	5.0686570733636065e-08	-0.0010825744583244	0.0001527651071623	1.1719674578163678e-06	2.3337177966309036e-08	0.0006708775085751	-9.250338429000896e-07	4.500766315119333e-07	8.556876105105076e-13	0.0	0.0	0.0	0.0	0.0	0.0	0.0	0.0	0.0	0.0	0.0	0.0	0.0	0.0	0.0	0.0	0.0	0.0	0.0	0.0	0.0	0.0	0.0	0.0	0.0	0.0	0.0	0.0	0.0	0.0	0.0	0.0	0.0	0.0	0.0	0.0	0.0	0.0	0.0	0.0	0.0	0.0	0.0	0.0	0.0	0.0	0.0	0.0	0.0	0.0	0.0	0.0	0.0	0.0
533.1890917708888	0.8504602534076184	284290.6075834653	0.7232826426261506	748.5001589366368	-0.2418106896536755	560252.4879281706	0.0584724096307862	611.403586326239	1.1893883570069193	1.4146446637836187	373814.34537258674	621.6558246354411	504.7982393873325	0.69221	23.659929	0.207255367843315	0.1155459859086928	0.0305339523	-0.0459122497	0.0029991727	-0.0158926267	-0.0377283068	-0.0070933261	0.0883300185	0.0203251509	-0.0229443194	-0.0171595252	0.0060616378	0.0353927137	-0.0557747292	0.035483784	0.0490640369	0.0550085834	0.0406415216	-0.0721500189	0.0051162051	-0.0282484526	-0.1028041677	-0.0371615442	0.0076072954	-0.04097609	-0.0034447834	-0.0186880556	0.0941342797	-0.0132867258	-0.0562267357	-0.0490418569	0.0676579029	0.0658441503	-0.0610772356	0.0434766494	0.0189021167	-0.131079161	-0.1881016174	-0.0148722796	-0.0664541549	-0.0153193204	-0.0501831572	0.0725280839	-0.0135999103	-0.0130681374	-0.0254570409	-0.027651031	-0.0508670182	0.0190924183	-0.0225272602	-0.0541231631	0.0418544787	0.0188493368	-0.0042037423	-0.0439353519	0.0244579292	0.0303413645	-0.0625627887	-0.0094175864	-0.0374072108	0.0112920772	0.0706910967	-0.0551220701	0.0012878105	-0.0466746769	-0.0415782554	-0.0500507677	-0.1477909589	-0.0781957327	0.0603399577	-0.0651930141	0.1270284702	-0.146472034	-0.0209002588	-0.010667658	0.008482574	-0.0221156384	-0.0411129947	0.0120744092	-0.0468871602	0.0606144561	0.0079613661	0.0411498914	0.0366602045	0.0563328372	0.0234841134	0.0418648454	-0.0074479943	-0.076990739	0.0032183644	0.0024805859	-0.045209587	-0.0478001027	-0.021005865	-0.0546587242	-0.0490703087	0.0274445309	-0.0578261145	0.0498244704	0.0757482289	0.0179315741	-0.0481780549	0.0	0.0	0.0	0.0	0.0671288704763526	-0.0062641786518894	3.92399341827881e-05	0.0045062852514309	0.2658933898892854	-0.0793749264701518	0.006300378952142	0.0706992947868155	0.5486572887809444	-0.0102401383293937	0.3010248205324566	0.0001048604330051	0.0012168066039171	0.0014419433861932	2.079200728986312e-06	1.4806183113362665e-06	-0.0012892439710354	-0.000206669512711	1.662150016851127e-06	4.2712287484202197e-08	0.0012497870975085	0.0005789095889334	1.5619677890987208e-06	3.351363121590382e-07	0.0	0.0	0.0	0.0	0.0	0.0	0.0	0.0	0.0	0.0	0.0	0.0	0.0	0.0	0.0	0.0	0.0	0.0	0.0	0.0	0.0	0.0	0.0	0.0	0.0	0.0	0.0	0.0	0.0	0.0	0.0	0.0	0.0	0.0	0.0	0.0	0.0	0.0	0.0	0.0	0.0	0.0	0.0	0.0	0.0	0.0	0.0	0.0	0.0	0.0	0.0	0.0	0.0	0.0
534.1253584237306	0.9362666528418232	285289.89851127873	0.8765952452236309	752.7130573000227	4.212898363385875	566576.9466299473	17.748512620219387	611.8056793867775	0.4020930605385047	0.1616788293332215	374306.1893299163	622.922324595057	508.450558084492	0.748352	25.578894	0.2397916921375625	0.1266187394399782	-0.0001068834	-0.0511654516	-0.0500477229	-0.0275708537	0.0289302609	-0.0636169623	0.0799799088	0.0703187755	-0.0325417916	0.0286527183	0.0344009124	0.0663628502	-0.0395309597	0.004705037	0.0415022592	0.0625047805	0.1088343205	-0.037498956	0.0205127258	-0.1025767688	-0.055027289	-0.04288815	-0.0883866571	0.0333081739	-0.016533929	-0.0423028611	0.1135643932	0.0103606025	0.0858953798	-0.0297844884	-0.0308944865	-0.0503679139	0.0020841702	-0.0676042895	0.0649583945	0.1438745552	-0.101001714	0.0396525066	-0.0234404933	-0.0078617148	-0.0862440472	-0.0731563396	-0.0399731984	-0.0225829144	0.0240437271	-0.0047570469	-0.0631016831	-0.0684136427	-0.0016120099	-0.0759576168	-0.0578609764	-0.0376191567	-0.0143197282	-0.0279071389	0.0548298156	0.0718828161	-0.0114818709	-0.0004632461	-0.112781711	-0.0482445269	0.1038455912	-0.005323988	0.0198004622	0.0448489368	-0.0550210987	-0.0903983482	-0.1322383952	0.0034094143	0.0123192718	-0.0861877122	-0.0630871187	-0.0278550549	0.1017687604	0.0539672056	0.0053373742	-0.0335442746	-0.0248389614	0.0303334511	-0.0443874327	0.0583032361	-0.0243660625	0.0249583824	-0.0017420915	0.0100537075	0.0286752006	0.0225238503	0.0283737208	-0.0223427132	0.0483938955	0.026386116	0.0341263786	-0.0486863202	0.0033893144	-0.0736502201	-0.0222125317	-0.0677313469	0.0058353472	-0.1210565595	0.0747784441	0.0149685348	-0.0520586536	0.0	0.0	0.0	0.0	0.0610042934664392	-0.0061245770099134	3.75104435503598e-05	0.0037215238213394	0.3339595796609558	0.0680661897716704	0.004633006190033	0.1115290008473222	0.4531942932648007	-0.0954629955161437	0.2053850674477821	0.0091131835129152	0.0002470374566927	-0.0009697691472244	9.404521989083402e-07	6.102750500919764e-08	-0.0012358903250602	5.335364597519989e-05	1.5274248955774069e-06	2.8466115388469634e-09	0.0008701512939114	-0.0003796358035971	7.571632742956836e-07	1.441233433728159e-07	0.0	0.0	0.0	0.0	0.0	0.0	0.0	0.0	0.0	0.0	0.0	0.0	0.0	0.0	0.0	0.0	0.0	0.0	0.0	0.0	0.0	0.0	0.0	0.0	0.0	0.0	0.0	0.0	0.0	0.0	0.0	0.0	0.0	0.0	0.0	0.0	0.0	0.0	0.0	0.0	0.0	0.0	0.0	0.0	0.0	0.0	0.0	0.0	0.0	0.0	0.0	0.0	0.0	0.0
534.4552169967511	0.3298585730204877	285642.37897504435	0.1088066781951124	754.2027074813843	1.4896501813616396	568821.7239722506	2.2190576628307657	612.1040765983353	0.2983972115578126	0.0890408958654779	374671.4005883007	623.5420364724066	506.2165801969279	0.768876	26.280411	0.1734316855538968	0.0966347373209307	0.000879278	-0.0392847273	-0.0298781754	-0.0193507993	0.0059961702	-0.0310332782	0.0149735452	-0.0287211292	-0.0349006481	0.0086134619	0.0038421346	-0.0194766329	-0.0519756577	-0.0396171835	-0.0002916194	0.1016530505	0.0417471078	-0.0222634869	0.0732039524	0.0674175238	-0.1199448769	0.0292412171	-0.0461735192	-0.0114706922	-0.0944728424	-0.065868225	-0.0317281924	0.0357360139	0.0385670479	-0.1267292745	-0.0116794439	-0.0591292683	-0.0352293296	-0.1160685245	-0.0522124794	-0.0386837131	0.0105862291	0.0512829184	-0.0123601392	0.0554256682	-0.0632724747	0.0497036756	0.0150432826	-0.0343103528	0.0139451967	-0.0105210746	-0.0296071207	0.0271499857	0.0656038625	-0.0120541785	0.050703072	0.0541144974	-0.0234653315	-0.0986969613	0.1026218075	-0.0306352486	0.0210415777	-0.0473252206	-0.1090928157	0.040238039	0.0788564972	-0.0285048842	0.0099609611	0.0451823858	0.0546659522	-0.0786209926	-0.0468639564	-0.0558712672	0.0686753442	-0.0482201306	-0.025725223	-0.0006329874	0.0811339717	-0.028333779	0.0045083913	-0.0322774236	-0.0275314158	0.020507385	-0.0453183763	0.0589283623	0.0010735301	0.0310708309	0.0222471523	0.0480727926	0.0068577919	0.0444083914	0.0071164032	-0.0056289318	-0.0161365051	0.0597038618	0.0133164323	-0.0777591897	0.0353718208	-0.0149983641	0.1216710658	-0.0780972171	0.0607693471	-0.0246745417	0.073791268	0.0119915711	-0.0558303029	0.0	0.0	0.0	0.0	0.0690283770662318	0.0080240835997925	6.438591761646055e-05	0.0047649168403978	0.2758865002595456	-0.0580730794014102	0.0033724825511624	0.0761133610254602	0.5238397097688647	0.070645416504064	0.2744080415307284	0.0049907748730326	0.0008869800709927	0.0006399426143	4.095265495971186e-07	7.867336463382152e-07	-0.0012351544775797	7.358474805000282e-07	1.5256065834851816e-06	5.414715145582394e-13	0.0007770476347193	-9.310365919209996e-05	6.038030266228587e-07	8.668291354958703e-09	0.0	0.0	0.0	0.0	0.0	0.0	0.0	0.0	0.0	0.0	0.0	0.0	0.0	0.0	0.0	0.0	0.0	0.0	0.0	0.0	0.0	0.0	0.0	0.0	0.0	0.0	0.0	0.0	0.0	0.0	0.0	0.0	0.0	0.0	0.0	0.0	0.0	0.0	0.0	0.0	0.0	0.0	0.0	0.0	0.0	0.0	0.0	0.0	0.0	0.0	0.0	0.0	0.0	0.0
533.1491555717593	-1.3060614249918672	284248.02208687994	1.7057964458517867	750.6558200291225	-3.5468874522617853	563484.1601435944	12.580410599012096	612.1883762343247	0.0842996359893959	0.0071064286279446	374774.6079964191	622.8940535237018	504.9563623791844	0.759213	25.950144	0.0809676071301458	0.0489542232177854	0.0119361089	-0.0341445453	-0.0321716235	-0.0093537054	-0.0410056151	-0.0447345657	0.0324215655	-0.0013008502	-0.0345412871	-0.0072669692	0.0250714191	0.0482962437	-0.0093403396	0.0177118946	0.0644706299	0.1180224702	0.007096454	-0.0307661952	-0.0965451568	0.0135682708	-0.0511220877	-0.0088032188	-0.183695079	0.0612208541	0.0038437416	0.0625121375	-0.0529666497	-0.0178611074	-0.039981514	-0.0023545067	-0.0613501276	-0.0150250259	-0.03004972	-0.0148968131	-0.1183792421	0.1043633409	-0.0424476412	-0.0125891815	-0.0084651774	0.0831460229	-0.0202587764	-0.022098381	0.0367270018	-0.0321256353	-0.0161014444	-0.0171462066	-0.0602873713	-0.0357147759	-0.0327370943	-0.0289472584	0.0739729618	-0.0894840485	0.0055468912	-0.0500602992	0.1047372897	-0.0096181215	0.1031346894	-0.0683107648	-0.1273267666	-0.0356050877	0.0391921737	-0.0671978893	-0.0056895146	0.0387262473	0.0008948973	-0.0410313241	-0.0816439543	0.0431071196	-0.0294500576	0.0070727624	0.0234368977	0.0320974066	0.0683145307	-0.0095051439	0.0060604025	-0.0330343691	-0.0252257833	0.0169797247	-0.042338628	0.0685254343	0.01132846	0.002240677	0.028924104	0.0303946698	0.0290455969	0.0195184856	0.0083375889	-0.0456623481	0.0193519713	-0.022428524	-0.0065362293	0.0702651345	0.0053256046	-0.0273081443	-0.0694181991	-0.0394503564	0.1119055916	0.015424651	0.0727869302	0.0090034526	-0.0594851094	0.0	0.0	0.0	0.0	0.0726853471689423	0.0036569701027105	1.337343033211846e-05	0.0052831596930696	0.2724917910652067	-0.0033947091943388	1.1524050514128887e-05	0.0742517761979242	0.5425698444461062	0.0187301346772414	0.2943820361022719	0.0003508179450276	0.0017751141532929	0.0008881340823002	7.887821481432185e-07	3.1510302572207693e-06	-0.0012341219908256	1.0324867540999032e-06	1.5230570882393426e-06	1.066028897391754e-12	0.0009915969287821	0.0002145492940628	9.832644691700933e-07	4.603139958284584e-08	0.0	0.0	0.0	0.0	0.0	0.0	0.0	0.0	0.0	0.0	0.0	0.0	0.0	0.0	0.0	0.0	0.0	0.0	0.0	0.0	0.0	0.0	0.0	0.0	0.0	0.0	0.0	0.0	0.0	0.0	0.0	0.0	0.0	0.0	0.0	0.0	0.0	0.0	0.0	0.0	0.0	0.0	0.0	0.0	0.0	0.0	0.0	0.0	0.0	0.0	0.0	0.0	0.0	0.0
532.875559901281	-0.2735956704782438	283956.3623401037	0.0748545909044397	757.1715545381818	6.515734509059257	573308.7630017668	42.45479619254568	610.9818479349685	-1.2065282993561368	1.4557105371472117	373298.818506029	622.5432893910803	505.1633373807789	0.740511	25.3109	0.1138047237794198	0.0636684377582853	-0.0017086902	-0.0261868276	-0.0548492642	-0.0173804752	0.0121737316	-0.0006960559	-0.0605825181	-0.0680940341	-0.0047142707	0.0080476873	0.0008931113	0.0332938845	-0.0680276427	0.0078247367	-0.0668159251	0.133719523	-0.0123943019	0.1173164639	0.0882151879	-0.0506422267	0.0306568089	-0.0781469064	-0.021062362	0.0411517368	0.1278654873	-0.1358931849	0.0163120777	0.0292473913	-0.1132768481	0.0435456743	-0.1824210172	0.0611203592	-0.0172371583	-0.0138778971	-0.0217418875	0.0751953719	0.0280723765	-0.0280486172	0.0112575803	-0.0424156889	0.06363496	-0.0480770698	0.1928732056	-0.0083996832	0.0215540682	-0.0029237369	-0.0419483774	0.0328243023	0.0399872557	0.0334969512	0.0212981894	0.0084851238	-0.0823007556	-0.008496492	0.1265741619	-0.0243213481	0.0584086344	0.0302191873	0.1004840124	-0.0463908009	-0.0787523666	-0.0268010045	-0.0034958274	0.1411135711	-0.200809971	0.0702801119	-0.0103970035	0.0345869661	0.1452226957	-0.076492047	-0.0347622305	0.0971875656	0.0524081186	0.0666615284	0.0052594459	-0.0365031829	-0.0287650469	0.026052485	-0.044004149	0.052676782	-0.0088403056	0.0261492444	0.0053228619	0.0301472479	0.0116078998	0.0315622058	-0.0002740595	-0.027302235	-0.0243956135	0.0161622492	0.0359326199	0.0536221066	-0.0660298872	0.0550894183	-0.0486252758	0.0343602975	0.0224577299	0.0171711748	0.0717656641	0.0060069587	-0.0630154242	0.0	0.0	0.0	0.0	0.060630014273002	-0.0120553328959403	0.0001453310512319	0.0036759986307444	0.3273786367414573	0.0548868456762505	0.0030125658282885	0.107176771794695	0.5152442924368472	-0.027325552009259	0.2654766808887473	0.0007466857926107	0.0016979545977409	-7.715955555200006e-05	5.953597012982183e-09	2.8830498159894613e-06	-0.0010362575575713	0.0001978644332543	1.073829725623636e-06	3.9150333947045396e-08	0.000875881053629	-0.0001157158751531	7.671676201062472e-07	1.3390163762447829e-08	0.0	0.0	0.0	0.0	0.0	0.0	0.0	0.0	0.0	0.0	0.0	0.0	0.0	0.0	0.0	0.0	0.0	0.0	0.0	0.0	0.0	0.0	0.0	0.0	0.0	0.0	0.0	0.0	0.0	0.0	0.0	0.0	0.0	0.0	0.0	0.0	0.0	0.0	0.0	0.0	0.0	0.0	0.0	0.0	0.0	0.0	0.0	0.0	0.0	0.0	0.0	0.0	0.0	0.0
531.7094897880233	-1.1660701132576603	282714.9815306401	1.3597195090327332	751.7171917779106	-5.454362760271238	565078.7364144679	29.75007312063368	609.3731020162033	-1.6087459187651802	2.588063431143624	371335.5774608502	620.4713669396881	498.9216364874829	0.73033	24.962887	0.1750962264918961	0.1029396650795079	0.0095180055	-0.0123022092	-0.003282623	-0.0077229215	-0.0143009902	-0.0245996184	-0.0018643516	-0.0350979287	0.0145743086	0.0119869455	-0.0014303681	0.0794421282	0.0053634389	0.0707506098	0.0245650418	0.0034651675	0.1221141895	-0.0160976999	0.0460815229	0.108249077	0.2124463062	-0.0088939033	0.0030030553	-0.0468890764	-0.0856078859	-0.0174310242	0.111493802	-0.0431873453	-0.0015001241	0.0206731647	-0.0598924648	0.059841983	-0.0993620088	-0.0637803867	-0.0409469013	-0.0037304088	0.0031367581	0.0845684037	-0.0855783036	0.02203758	-0.0682870189	-0.0467512501	0.0343573515	0.0116685853	-0.0004003508	-0.025266605	-0.057207311	0.0013210536	-0.0897824824	-0.0654851274	-0.0235909091	-0.0079533376	-0.0832343569	0.0278814248	-0.0455836077	0.033982418	-0.0278907653	0.0220652221	0.0866399713	0.0702399419	-0.0799560905	0.070320918	0.0638060527	-0.0100224037	-0.0229351511	-0.1499095851	0.0608000268	0.0375968406	0.0193683758	-0.1881165407	0.1140316827	0.0276046135	0.0580949519	-0.1074801647	0.0024371256	-0.0303778261	-0.0279954663	0.0042464473	-0.0404601902	0.0683270224	0.0257000532	0.0159185392	0.0333378118	0.0645552693	0.0248248962	0.0354009699	-0.0192422544	-0.0364459021	-0.0160249444	-0.0197677552	-0.0305110607	0.0123951946	0.0183536883	-0.040462959	-0.0199528253	0.020170581	-0.0447066643	0.0278525034	0.0707277074	0.003004877	-0.0664138589	0.0	0.0	0.0	0.0	0.067003532681511	0.006373518408509	4.062173690360317e-05	0.0044894733918023	0.2416617831436411	-0.0857168535978162	0.0073473789907094	0.0584004174321642	0.5693324958794932	0.0540882034426459	0.3241394908643731	0.002925533751653	0.0014591290492972	-0.0002388255484436	5.7037642589434084e-08	2.1290575825029505e-06	-0.0012347626561641	-0.0001985050985928	1.5246388170574234e-06	3.9404274167337256e-08	0.001016903427451	0.0001410223738219	1.034092580761591e-06	1.9887309918391887e-08	0.0	0.0	0.0	0.0	0.0	0.0	0.0	0.0	0.0	0.0	0.0	0.0	0.0	0.0	0.0	0.0	0.0	0.0	0.0	0.0	0.0	0.0	0.0	0.0	0.0	0.0	0.0	0.0	0.0	0.0	0.0	0.0	0.0	0.0	0.0	0.0	0.0	0.0	0.0	0.0	0.0	0.0	0.0	0.0	0.0	0.0	0.0	0.0	0.0	0.0	0.0	0.0	0.0	0.0
531.7616421439847	0.0521523559613115	282770.4440556672	0.0027198682323153	751.0807473046439	-0.6364444732666925	564122.2889717023	0.4050615675517177	609.0498632340983	-0.3232387821050224	0.1044833102567381	370941.7359054739	620.202248984889	502.1120784686005	0.704813	24.090731	0.1633880370106178	0.1061803423657785	0.0036148086	-0.0165073248	-0.0357602756	-0.0070149408	0.0224103623	-0.0467456554	0.0364047912	-0.0246992961	0.021715081	0.0079195308	0.003930309	0.0283298666	0.001998096	0.017730128	-0.0151759501	-0.0727403765	0.1083123921	-0.0941150329	-0.0600696171	-0.0382436234	0.0919896175	0.0658523578	-0.104471691	0.077373049	0.1118112334	0.0448440176	-0.1088556028	-0.1059313709	-0.0077792726	-0.1304122023	0.0327383571	0.1258207932	-0.0914804515	0.0170816692	0.0260177067	-0.087589873	0.0887009645	0.033108676	-0.1413415845	-0.052470612	0.0321758117	0.0813353253	0.1224284031	0.0278361652	0.0289728417	-0.0089283163	-0.025492091	-0.021930083	-0.0160527934	-0.060988354	-0.0655444086	0.05331429	-0.061656277	0.0023212222	-0.0625539051	-0.0248294513	-0.0753854582	0.1167887685	-0.1235596241	0.071295916	-0.02181573	-0.0790355675	0.0153660658	0.1126463415	-0.057600281	-0.0739456903	0.0134261683	-0.0339602681	-0.0031119389	0.0771911929	0.0801359581	0.0491828887	-0.02840855	-0.1822016508	0.0002008804	-0.0387630247	-0.0236341075	0.0174953319	-0.0395680824	0.0556286206	-0.0122345026	0.0249577917	0.009785385	0.0481769844	0.0297688953	0.0390728721	0.0016233028	-0.0389062893	0.0117897094	0.0157250506	-0.0236803408	-0.0505078509	-0.0353733192	-0.0568546532	-0.0654366569	0.0267402812	-0.0709467157	-0.0074600809	0.0696733014	0.0	-0.0696733014	0.0	0.0	0.0	0.0	0.0756901544603039	0.0086866217787928	7.545739792779908e-05	0.0057289994822246	0.3320649845896923	0.0904032014460512	0.0081727388316953	0.1102671539905525	0.5155232187853045	-0.0538092770941887	0.2657641891067609	0.0028954383013991	0.0015172274751069	5.809842580969992e-05	3.3754270815652052e-09	2.3019792112192585e-06	-0.0012341181769264	6.444792377000366e-07	1.523047674620141e-06	4.153534878264204e-13	0.0011679392562353	0.0001510358287842	1.3640821062554654e-06	2.2811821576560377e-08	0.0	0.0	0.0	0.0	0.0	0.0	0.0	0.0	0.0	0.0	0.0	0.0	0.0	0.0	0.0	0.0	0.0	0.0	0.0	0.0	0.0	0.0	0.0	0.0	0.0	0.0	0.0	0.0	0.0	0.0	0.0	0.0	0.0	0.0	0.0	0.0	0.0	0.0	0.0	0.0	0.0	0.0	0.0	0.0	0.0	0.0	0.0	0.0	0.0	0.0	0.0	0.0	0.0	0.0
532.2829793384108	0.5213371944261098	283325.170093375	0.2717924702920874	749.4454861504692	-1.6352611541747135	561668.5367113131	2.6740790423528167	610.9659014525844	1.916038218486051	3.6712024546992	373279.33273776906	621.9805170274319	496.9304102911939	0.708489	24.216373	0.2000834080856205	0.1228871017484203	0.0009921495	-0.0163860575	0.0110498608	-0.0132492706	-0.0156181291	-0.0072988157	0.0571659281	-0.0077739461	-0.0166652951	0.0121242969	-0.014391982	0.0229872933	-0.0370716779	0.0951065541	-0.11770799	0.0643454639	-0.0700719128	0.0042241789	-0.0639928601	-0.0253160119	-0.0011715806	0.006027164	-0.0148571119	-0.0364491363	0.0165171374	-0.0990033051	-0.1444071646	-0.0080399909	0.0193406955	0.0117941807	0.0162804557	0.061825307	-0.0275845931	0.11172295	0.0685848062	-0.0093581936	0.11959418	0.0150055552	0.0829835668	0.0053370213	0.003744253	0.0396410507	-0.0312355022	-0.0175932277	0.0018607485	-0.052708284	-0.0207670364	0.0538003198	-0.0483040456	0.0483600192	0.0402257708	0.0254214802	-0.0144249245	0.0056466159	0.03062392	-0.0837188044	-0.0528773972	0.03356371	-0.0616882905	0.0715980682	0.0630436445	0.0080784945	0.0809840931	0.087710976	-0.0043563024	0.1013434441	0.0599596278	0.0071231787	0.0030927689	0.0956860841	-0.0790544178	-0.0343078429	-0.049213662	-0.074768578	-0.0061255417	-0.0313660927	-0.0237816075	-0.0011843786	-0.0272669525	0.0698225403	0.0221061311	0.0095219135	0.0304874597	0.0658222514	0.0183706653	0.0497306549	-0.0143262019	-0.0363862999	-0.0060317334	0.0053401944	-0.05036862	-0.0591130236	-0.0037008172	-0.0416963294	0.0153626668	-0.0463377656	-0.0136097635	0.0310943415	0.0686026914	-0.003004877	-0.0727869302	0.0	0.0	0.0	0.0	0.0629268878809199	-0.012763266579384	0.0001629009737764	0.0039597932183778	0.222988836620388	-0.1090761479693043	0.0118976060558215	0.049724021257314	0.5630713077111267	0.0475480889258221	0.3170492975675183	0.0022608207604978	0.001523715395202	6.487920095100052e-06	4.209310716040308e-11	2.3217086055755868e-06	-0.0015778126687779	-0.0003436944918515	2.4894928177560397e-06	1.181259037290609e-07	0.0009042035759597	-0.0002637356802755	8.175841067783089e-07	6.955650905043346e-08	0.0	0.0	0.0	0.0	0.0	0.0	0.0	0.0	0.0	0.0	0.0	0.0	0.0	0.0	0.0	0.0	0.0	0.0	0.0	0.0	0.0	0.0	0.0	0.0	0.0	0.0	0.0	0.0	0.0	0.0	0.0	0.0	0.0	0.0	0.0	0.0	0.0	0.0	0.0	0.0	0.0	0.0	0.0	0.0	0.0	0.0	0.0	0.0	0.0	0.0	0.0	0.0	0.0	0.0
532.3152161487906	0.0322368103797998	283359.48934353364	0.0010392119434631	749.8508123125349	0.4053261620657622	562276.2407257685	0.1642892976549605	609.9297319665999	-1.0361694859844874	1.0736472036853568	372014.2779368484	620.0234681093604	500.5149623045829	0.718473	24.557634	0.1550933434679289	0.0893296431635338	0.0096552332	-0.0305689704	-0.0275889107	-0.0232045069	-0.0171240838	-0.0389193598	0.0404470896	0.0009537003	0.0103674226	0.0285858291	-0.0290391209	0.0279452768	0.0073858663	0.0718421296	-0.021966432	0.1281035139	-0.0479077862	-0.0687885777	-0.0034594647	0.0069813644	-0.0719577397	0.0109860012	-0.0130262132	-0.0020941734	-0.0022764046	0.0695988327	-0.0752531679	0.0373463863	0.026509061	-0.0191348224	-0.0339765634	-0.0440907465	-0.1039144795	0.1155118052	0.03067784	-0.0460818796	-0.133100536	0.0182379655	0.01521548	0.0138174388	-0.0125229258	0.154968369	0.0948629783	0.0147137026	0.0162117547	-0.0802386785	-0.0233221741	0.0042448526	-0.0268148944	0.0273823001	0.0592973962	-0.0156875731	-0.0088039795	0.0026843815	0.0752845129	-0.0368182913	-0.0285062958	-0.0463355326	-0.0892468274	-0.092261295	0.0058170695	-0.1129236558	0.0138986022	-0.0163388466	0.0211499058	0.0433542105	-0.000616556	-0.1200562213	-0.1261291619	-0.029047186	-0.0696426489	-0.0305730046	-0.1082824532	-0.0078170766	-0.003431201	-0.0377092277	-0.0216067037	0.0122532401	-0.0398228325	0.069278734	0.0004508757	0.0102376923	0.0323920043	0.017723804	0.0400329124	0.0204144618	0.0056055789	-0.0456942871	-0.0026018116	-0.0464183306	0.0231034951	0.096080214	-0.0824545771	0.0226672908	-0.1196825328	0.0141650102	0.0440280723	0.0369763762	0.0675161264	-0.0060069587	-0.0757482289	0.0	0.0	0.0	0.0	0.0636498625138131	0.0007229746328932	5.226923198070736e-07	0.0040513049980273	0.2997919310100343	0.0768030943896463	0.0058987153078249	0.0898752018987251	0.5337522895932523	-0.0293190181178744	0.284891506646039	0.0008596048233962	0.002172122719287	0.000648407324085	4.204320579270703e-07	4.718117107642752e-06	-0.00130597116897	0.0002718414998079	1.7055606941808684e-06	7.389780101780852e-08	0.0009489198786171	4.471630265739999e-05	9.004489360346918e-07	1.999547723348197e-09	0.0	0.0	0.0	0.0	0.0	0.0	0.0	0.0	0.0	0.0	0.0	0.0	0.0	0.0	0.0	0.0	0.0	0.0	0.0	0.0	0.0	0.0	0.0	0.0	0.0	0.0	0.0	0.0	0.0	0.0	0.0	0.0	0.0	0.0	0.0	0.0	0.0	0.0	0.0	0.0	0.0	0.0	0.0	0.0	0.0	0.0	0.0	0.0	0.0	0.0	0.0	0.0	0.0	0.0
532.4541158944438	0.1388997456532479	283507.3855329338	0.0192931393425369	751.6427259172712	1.7919136047362372	564966.787424346	3.210954366838816	610.0482538575267	0.118521890926786	0.0140474386288609	372158.8720346173	620.5685351378936	500.9958148605053	0.749104	25.604609	0.1274182666160637	0.0643058190294102	-0.0045143379	-0.0257482758	-0.0018950581	-0.0281300262	-0.0177323261	-0.0212671929	0.002151685	-0.0158758653	0.0050781597	-0.0037506642	0.0094045019	0.009058926	0.0167204148	0.0634559626	0.0618781678	0.0298130664	-0.010054541	0.025269572	-0.0169418156	-0.1058779523	0.044845965	-0.071864708	-0.0583558163	-0.0728068829	0.1640346566	0.016566964	0.0966121628	-0.0178383393	0.0192744497	0.0346417428	0.1045783013	0.0317409503	-0.0729982791	-0.0363323373	0.0858425224	0.1056026242	0.0433363301	0.0892245185	0.0884911066	-0.1809675466	-0.0041913122	-0.0618826118	-0.0818886459	0.0070679969	-0.0071486648	-0.0180605411	-0.0404858056	0.0345658899	-0.048600874	-0.0564358614	0.0048471991	0.0200467171	0.0156920764	0.065166588	-0.0051790572	0.0287596127	-0.1555720887	0.0189068974	0.1289017318	-0.1032468758	-0.0096478167	-0.0289535302	-0.0425034867	0.1152704446	-0.0093953181	0.037275188	0.035795734	0.0879912993	-0.0454591561	-0.0310131294	0.0036878769	-0.0136756024	-0.1218081217	-0.0934362174	-0.0067817353	-0.0390933159	-0.0277902402	0.0062095175	-0.0337453341	0.0625291138	0.0207444212	0.0132440995	0.033628062	0.0780551928	0.0247228216	0.0487178864	-0.0130945936	-0.0238079128	-0.0034591081	0.0156354804	-0.043269263	-0.0450850953	-0.0350142799	-0.0143275914	0.0263618477	0.0218689202	-0.1066366958	0.0389381933	0.0664138589	-0.0090034526	-0.0785510002	0.0	0.0	0.0	0.0	0.0684140318667232	0.00476416935291	2.269730962320773e-05	0.004680479756261	0.2533950919689545	-0.0463968390410798	0.0021526666730038	0.0642090726339549	0.5658555783866461	0.0321032887933938	0.3201925355912858	0.001030621151352	0.0016178313818762	-0.0005542913374108	3.072388867286533e-07	2.617378380183455e-06	-0.0014015443825972	-9.557321362719996e-05	1.9643266563897666e-06	9.134239163030404e-09	0.0011821347161527	0.0002332148375355	1.3974424871334244e-06	5.438916044675628e-08	0.0	0.0	0.0	0.0	0.0	0.0	0.0	0.0	0.0	0.0	0.0	0.0	0.0	0.0	0.0	0.0	0.0	0.0	0.0	0.0	0.0	0.0	0.0	0.0	0.0	0.0	0.0	0.0	0.0	0.0	0.0	0.0	0.0	0.0	0.0	0.0	0.0	0.0	0.0	0.0	0.0	0.0	0.0	0.0	0.0	0.0	0.0	0.0	0.0	0.0	0.0	0.0	0.0	0.0
531.7890731229282	-0.6650427715155729	282799.6182929431	0.4422818879451144	750.243281691415	-1.3994442258562003	562864.9817231038	1.95844414128226	609.0684382884799	-0.9798155690467638	0.9600385493464336	370964.3625191679	620.220701656485	497.8576548901054	0.75287	25.733316	0.0846001133823805	0.0500216550987783	-0.0015061314	-0.0208252662	-0.0026615524	-0.0278713391	-0.0270045856	-0.016365611	0.0823406962	0.0201205018	0.032318602	0.0246344811	0.004971095	0.007371062	0.0707610858	0.0340517258	-0.0617934924	-0.0096011042	-0.0373173106	-0.0010697975	-0.0718391739	-0.0273997679	-0.0901822762	-0.0557956734	0.0126483953	-0.0287868904	-0.0982467542	0.0632332224	0.1816883792	-0.0438205919	0.0221014989	-0.1027972778	-0.1459904609	-0.1302769014	0.0556373805	0.1096829415	-0.070133659	-0.0168271367	0.0064975704	0.0311780462	0.0242854176	0.0453349479	-0.1431331536	-0.0715929225	0.0912898533	0.0180871459	0.0257124272	-0.0325152057	0.0151764697	0.0214379967	-0.0903090392	0.0338056905	0.0552546768	-0.0064388207	-0.0174236439	-0.0106535807	-0.0332932335	0.0027792058	-0.0103064796	0.04959168	-0.0361620432	-0.0709031929	0.1283296749	-0.0520441954	0.057323291	-0.1513140785	-0.065784563	-0.0602099366	-0.1015112654	0.0216628696	-0.099060707	-0.0007884855	0.028922704	0.1039830272	0.1171765314	0.0668102729	-0.0120302036	-0.0407509689	-0.0148729077	-0.0026792225	-0.0304095935	0.0748064991	0.0207825653	-0.0042728119	0.0390367663	0.0718148823	0.0395561312	0.0396642397	0.0305230456	-0.0317785043	-0.0035465761	-0.0274166802	-0.0100701847	-0.0504733653	0.0310007582	-0.0801982107	0.0281370923	-0.0449054276	0.0052672363	0.0463531371	0.0652961456	-0.0119915711	-0.0811893783	0.0	0.0	0.0	0.0	0.0666710280463434	-0.0017430038203797	3.038062317858573e-06	0.0044450259807563	0.225445771091131	-0.0279493208778234	0.0007811645375315	0.0508257957028746	0.5257809311269739	-0.0400746472596722	0.2764455875367476	0.0016059773529871	0.0017349541356488	0.0001171227537726	1.3717739451277089e-08	3.010065852804875e-06	-0.0015044114693854	-0.0001028670867881	2.263253869218338e-06	1.0581637544291044e-08	0.001258807704082	7.667298792930007e-05	1.584596835856196e-06	5.878747078006594e-09	0.0	0.0	0.0	0.0	0.0	0.0	0.0	0.0	0.0	0.0	0.0	0.0	0.0	0.0	0.0	0.0	0.0	0.0	0.0	0.0	0.0	0.0	0.0	0.0	0.0	0.0	0.0	0.0	0.0	0.0	0.0	0.0	0.0	0.0	0.0	0.0	0.0	0.0	0.0	0.0	0.0	0.0	0.0	0.0	0.0	0.0	0.0	0.0	0.0	0.0	0.0	0.0	0.0	0.0
532.381652192054	0.5925790691258044	283430.2235907412	0.3511499531660048	752.7468532017299	2.5035715103149414	566627.8250051067	6.267870307260637	608.3899434625847	-0.6784948258951999	0.4603552287665576	370138.323306407	619.9452323741483	500.5728901571074	0.7727279999999999	26.412066	0.1742078824851623	0.1130633695902527	-0.0376704996	-0.0201203559	-0.0514565259	-0.0365332023	0.021333695	-0.0374067069	0.0074840399	0.0415589967	0.0454221743	0.0480202511	0.0019008778	0.0152261823	0.0207872951	-0.025702434	0.0230552897	0.0679361814	0.0260456482	0.055867078	0.0222889201	0.0204765899	0.0223944833	0.0010835123	0.0816465374	-0.0352216	-0.0093417861	0.00429592	-0.0047364275	-0.0134998695	0.0196777373	0.0328808672	-0.0477808424	0.0679952761	-0.0499146233	-0.0261349676	0.0525243978	-0.0059308173	-0.0534480943	-0.0424354924	-0.0781790267	0.0740504364	0.0709402419	-0.0844962153	0.0679960069	0.0283738481	0.0487260106	-0.0364000371	0.0238102186	-0.0460985445	-0.0041254203	-0.0051158362	-0.0041254512	-0.0451335905	-0.0058193533	0.0031518161	0.1038341314	-0.0461779142	-0.0213415838	-0.0408888582	0.0332008549	0.0045791892	-0.0614898212	-0.0153934398	0.0678866839	-0.0208733697	-0.0373093887	0.029454344	0.0244263329	-0.0784664708	0.0320660037	-0.0084082621	0.0173134622	0.0985629936	0.0263890122	0.0301103426	-0.0240725734	-0.0511602175	-0.006014065	0.0177768588	-0.0175223038	0.0504619942	-0.0019093502	-0.0102306669	0.0019707437	0.0123335373	0.0561237519	0.0418162951	-0.0002656124	0.011328335	-0.0103265947	0.0042044026	0.0110118383	0.0543676645	-0.1344930042	0.0414487413	-0.0659684777	-0.0113847497	0.0510233036	0.0170165099	0.0641632461	-0.0149685348	-0.0836578415	0.0	0.0	0.0	0.0	0.0608379078638989	-0.0058331201824444	3.402529106284129e-05	0.0037012510332562	0.3151286114454592	0.0896828403543281	0.0080430118540199	0.0993060417515431	0.4576595654022242	-0.0681213657247497	0.2094522778041527	0.0046405204682051	0.0018849105937987	0.0001499564581498	2.2486939340862676e-08	3.552887946614568e-06	-0.0014878596048621	1.6551864523299802e-05	2.2137262037804044e-06	2.7396421919767056e-10	0.0012139049022824	-4.49028017995999e-05	1.4735651117852433e-06	2.016261609454152e-09	0.0	0.0	0.0	0.0	0.0	0.0	0.0	0.0	0.0	0.0	0.0	0.0	0.0	0.0	0.0	0.0	0.0	0.0	0.0	0.0	0.0	0.0	0.0	0.0	0.0	0.0	0.0	0.0	0.0	0.0	0.0	0.0	0.0	0.0	0.0	0.0	0.0	0.0	0.0	0.0	0.0	0.0	0.0	0.0	0.0	0.0	0.0	0.0	0.0	0.0	0.0	0.0	0.0	0.0
532.7316385228133	0.3499863307592932	283802.99868320144	0.1224904317183533	749.9647064481463	-2.782146753583561	562447.0609178543	7.740340558475547	609.6770326671682	1.2870892045834808	1.6565986205553371	371706.0841618433	620.8125423115895	499.4495789162352	0.7923179999999999	27.081682	0.1795592248656371	0.1243736313260052	-0.0145851125	-0.0246515146	-0.0032344615	-0.0228770482	-0.0012695787	0.005494865	0.0224084949	-0.0217413031	0.0090533271	0.0403154235	0.0288470072	0.0377263019	0.0255279283	0.0874759882	0.0175944452	0.0384572868	0.0574282445	-0.026978887	0.0383626671	-0.0879801799	0.0142123789	0.0071453389	0.0347211269	-0.1728036993	-0.0080135598	-0.0599220487	-0.0964630059	-0.0543905598	0.0357117906	-0.028320822	-0.0522325517	0.0031541568	-0.019176643	0.1090885068	-0.0248518546	0.0702061716	0.0466881104	0.0543814499	-0.0642453861	0.0171717289	0.0327618343	0.0660182945	-0.0456223997	0.0065007433	0.0253991682	0.0055573149	-0.0296537116	0.0459006851	-0.0778307171	0.0128365145	0.0577434281	0.1125845446	-0.0098966327	0.0219676037	-0.0114548247	0.0783493307	-0.1335271325	-0.0182263927	0.110541065	0.0021818501	0.0309622686	-0.0375010718	-0.0470557406	0.0087424035	-0.0674823373	0.0715811915	0.0292511359	-0.054725949	-0.0835671433	0.0324202176	-0.0725511481	0.1163088721	0.0706793727	-0.0897383724	-0.0268601617	-0.0431231045	-0.0103909153	-0.0107295201	-0.0072245311	0.0629410857	0.0282034802	-0.0300644116	0.0370834729	0.080500554	0.0285094359	0.0611289135	0.0494379072	-0.0063516678	-0.0368688204	0.0038959793	-0.0238155801	-0.0565616991	-0.0185224984	-0.0659206034	0.0507273169	-0.0079463221	-0.0710938787	0.1180885025	0.0630154242	-0.0179315741	-0.0859512239	0.0	0.0	0.0	0.0	0.0592095012325302	-0.0016284066313686	2.6517081570855548e-06	0.0035057650362049	0.2007758676627418	-0.1143527437827173	0.0130765500106358	0.0403109490357268	0.5020665123734602	0.044406946971236	0.2520707828468499	0.0019719769393061	0.0022498939745825	0.0003649833807838	1.332128682483724e-07	5.062022896862639e-06	-0.0014841532979041	3.706306958000056e-06	2.2027110116796164e-06	1.3736711266919623e-11	0.0011991720404179	-1.4732861864500063e-05	1.4380135825200297e-06	2.1705721871844026e-10	0.0	0.0	0.0	0.0	0.0	0.0	0.0	0.0	0.0	0.0	0.0	0.0	0.0	0.0	0.0	0.0	0.0	0.0	0.0	0.0	0.0	0.0	0.0	0.0	0.0	0.0	0.0	0.0	0.0	0.0	0.0	0.0	0.0	0.0	0.0	0.0	0.0	0.0	0.0	0.0	0.0	0.0	0.0	0.0	0.0	0.0	0.0	0.0	0.0	0.0	0.0	0.0	0.0	0.0
532.067709612477	-0.6639289103363808	283096.0476122671	0.440801597980454	751.0469914300102	1.082284981863836	564071.5833360697	1.171340781968004	609.4595568087991	-0.2174758583690845	0.0472957489733701	371440.95138557785	620.2844491600094	497.4308054758599	0.8748479999999998	29.902571	0.1780076935571775	0.1177035665214016	-0.046762795	-0.0256968502	-0.0229298075	-0.036268738	-0.0073248187	-0.0723613671	0.0787987252	0.1139221279	0.0206881566	0.0568237522	0.0404288404	0.0483684518	0.0372753252	0.0500518424	0.100140795	-0.0774003031	-0.054831802	-0.0796834342	-0.0162609627	-0.06554263	0.0318069755	-0.1057700082	0.0036179283	0.1443658561	0.0051788685	-0.0376842388	0.1668385779	0.0100701486	-0.0326664184	0.0020051515	0.163425585	0.0222777355	-0.1261986225	-0.0505523346	0.0065242174	0.0290729131	-0.0115734305	0.0436557624	-0.1162575835	-0.0847044399	-0.0351220238	0.0066278787	-0.0020363025	0.0150429793	0.0374643299	-0.0055721485	-0.00925592	-0.060335775	-0.1224209163	-0.1034570816	0.004904106	-0.0307632543	0.0319455072	0.021550093	-0.0802041987	0.0193046463	-0.0324556392	0.0677243686	-0.0670045586	-0.0983084581	-0.0386469969	0.0992367229	0.0418676647	-0.0335995548	-0.0257334822	-0.05488052	-0.1036082207	0.0805631849	0.1283162435	-0.0113594081	0.0915209909	-0.1181895876	-0.0222909659	-0.045955633	-0.0305484099	-0.048947336	-0.0045135515	0.0089943783	-0.0071808024	0.0515710205	0.0080367804	-0.007670036	0.0035379673	0.0398889512	0.0651924076	0.0420265797	-0.018375396	0.0073498856	0.0531803017	0.0295340513	-0.0668408425	-0.0587173128	-0.0999807154	-0.1119095741	-0.0369173045	-0.046544621	-0.1030747097	-0.035932266	0.0618529466	-0.020877933	-0.0880647258	0.0	0.0	0.0	0.0	0.0490016661168226	-0.0102078351157076	0.0001041998977494	0.0024011632822245	0.3092183561872446	0.1084424885245027	0.0117597733173869	0.0956159918031416	0.4846455035624331	-0.0174210088110271	0.2348812641232843	0.0003034915479938	0.0015499932811791	-0.0006999006934034	4.898609806265602e-07	2.4024791717003525e-06	-0.001503983131291	-1.9829833386899925e-05	2.2619652592078813e-06	3.932222921522109e-10	0.0013181687357464	0.0001189966953284	1.7375688158992624e-06	1.4160213499103848e-08	0.0	0.0	0.0	0.0	0.0	0.0	0.0	0.0	0.0	0.0	0.0	0.0	0.0	0.0	0.0	0.0	0.0	0.0	0.0	0.0	0.0	0.0	0.0	0.0	0.0	0.0	0.0	0.0	0.0	0.0	0.0	0.0	0.0	0.0	0.0	0.0	0.0	0.0	0.0	0.0	0.0	0.0	0.0	0.0	0.0	0.0	0.0	0.0	0.0	0.0	0.0	0.0	0.0	0.0
534.4379631274061	2.370253514929118	285623.9364317707	5.618101725033839	755.2897104263305	4.242718996320377	570462.5466758902	18.00066448173779	610.0755623747863	0.6160055659871659	0.3794628573271686	372192.1918069117	622.2930821927866	496.6763772025098	1.095439	37.442429	0.7396538524232155	0.4605971553014635	-0.1362764921	-0.0209232424	-0.0349996001	-0.075619407	0.1363500391	-0.0139479354	0.038792199	0.1654256419	-0.0126524585	0.1438333776	0.0100580759	-0.0248405706	0.0340704526	-0.017865204	0.0620511202	-0.0155137975	0.0381157929	0.1706942445	-0.0005751483	-0.1018986609	0.0944472046	0.1122295034	-0.0199353699	-0.0532447426	0.1297618766	-0.0744605814	-0.0794177753	-0.0770135272	-0.1528176698	-0.0704208383	-0.0989208096	0.0120228686	-0.0899409937	0.0532026666	-0.0916042497	-0.0720280304	0.1005524899	0.0847544958	0.0289452342	0.05725821	-0.0278302242	-0.0198381818	-0.0824133556	-0.0198387384	0.1580335397	0.0042224959	0.046645108	-0.0304570241	-0.0173936623	0.0026877031	0.02160773	0.075774475	0.1979825894	-0.0218741706	0.0628648102	0.0393944913	0.036482993	0.1556679084	0.0098574253	0.2072860423	-0.0154283168	-0.0144299939	0.0351403477	0.1335547317	-0.1963691745	0.0424336154	0.0299862612	-0.1124991407	-0.0239780498	0.0442165532	0.1177212432	0.0697259426	-0.035773505	-0.0348438614	-0.1090261206	-0.0666077048	0.0531469321	-0.0303056844	0.0611776914	-0.0239593973	0.0383457188	-0.1359297896	0.0110745744	0.022855316	0.1197036336	0.0514405384	0.0824067782	0.0679999027	-0.057576433	0.0868218601	-0.1315536852	-0.1669387516	-0.11513782	-0.0634572229	0.0728462013	-0.08231734	-0.0048738447	0.1542928791	0.0606760837	-0.0238048705	-0.089993924	0.0	0.0	0.0	0.0	0.0577953225785421	0.0087936564617195	7.732839396674111e-05	0.0033402993119577	0.0330215123663748	-0.2761968438208698	0.0762846965366099	0.0010904202789626	0.1485762028439268	-0.3360693007185062	0.0220748880515196	0.1129425748854257	0.0036720576681712	0.0021220643869921	4.503157262540158e-06	1.3484007518374912e-05	-0.0016807226835111	-0.0001767395522201	2.8248287388687537e-06	3.1236869318961504e-08	0.0012450916465162	-7.30770892302e-05	1.550253208224422e-06	5.340260970358613e-09	0.0	0.0	0.0	1.0	0.0	0.0	0.0	0.0	0.0	0.0	0.0	0.0	0.0	0.0	0.0	0.0	0.0	0.0	0.0	0.0	0.0	0.0	0.0	0.0	0.0	0.0	0.0	0.0	0.0	0.0	0.0	0.0	0.0	0.0	0.0	0.0	0.0	0.0	0.0	0.0	0.0	0.0	0.0	0.0	0.0	0.0	0.0	0.0	0.0	0.0	0.0	0.0	0.0	0.0
537.0316823825594	2.59371925515336	288403.0278826422	6.7273795745533	759.5940976824079	4.304387256077348	576983.1932339515	18.52774965028108	611.8239434369132	1.7483810621268958	3.0568363384039725	374328.5377626951	622.8717166298314	511.89638852562587	1.10103	37.633537	0.5822918829801662	0.3658829312922981	-0.0472145615	-0.075000835	-0.0692323616	-0.0865526203	-0.0160698809	-0.0588655573	0.0631025651	0.0730770237	-0.0330157736	0.0546889209	-0.0651984549	0.0767917436	0.0643223401	-0.1125584531	-0.0420017646	0.0337717798	-0.0276987547	-0.1805158238	0.0683244705	-0.0136641531	-0.0040378421	0.1650855452	-0.0746475409	-0.1450923297	-0.0206030706	0.0455568082	0.0091668221	0.0455826065	-0.1056039426	-0.121967072	-0.0377238083	-0.0334022541	0.0142248217	-0.0349179946	0.0063508834	0.0462399385	-0.0567047029	-0.0499221986	-0.1288807195	-0.005468618	-0.0412181353	-0.0677710943	0.0681350803	-0.0363369681	0.0516757076	-0.0689947555	-0.0017752849	-0.0952440456	0.0062973161	0.1327101042	0.1271647678	0.0330413203	-0.0311386367	0.0595134804	-0.0633780364	0.1391692403	-0.0010243075	-0.080801461	-0.0814960749	0.1098626023	0.0013904322	-0.0854666746	-0.0714960161	-0.0232818541	0.0253526185	-0.090495301	-0.0835226127	-0.069305512	0.0088336242	-0.1408368174	0.0193235669	0.0100159409	-0.0017013868	-0.0378387724	-0.0681328481	-0.0581598905	0.01450423	0.0231434487	0.0271185341	0.0339955543	-0.0260450437	-0.0955857672	-0.0317650202	-0.0555236178	0.0326089029	-0.0048933534	0.1090312317	0.0578703521	0.0666885624	-0.0596521866	0.0002169631	0.0043872984	-0.0123915675	-0.178616809	-0.0762814053	-0.0670123246	0.0496072824	0.0794054356	0.0594851094	-0.026709664	-0.091734781	0.0	0.0	0.0	0.0	0.0405310826637475	-0.0172642399147946	0.0002980539798355	0.0016427686618955	0.3255040878297848	0.29248257546341	0.0855460569497093	0.1059529111939002	0.3424013496346134	0.1938251467906865	0.1172386842316047	0.0375681875284312	0.0022819665491675	-0.0013900911190037	1.9323533191329597e-06	5.207371331519428e-06	-0.0015185597088602	0.0001621629746509	2.3060235893735758e-06	2.6296830347628475e-08	0.0012672359690871	2.2144322570900096e-05	1.6058870013481218e-06	4.903710221240755e-10	0.0	0.0	0.0	0.0	1.0	0.0	0.0	0.0	0.0	0.0	0.0	0.0	0.0	0.0	0.0	0.0	0.0	0.0	0.0	0.0	0.0	0.0	0.0	0.0	0.0	0.0	0.0	0.0	0.0	0.0	0.0	0.0	0.0	0.0	0.0	0.0	0.0	0.0	0.0	0.0	0.0	0.0	0.0	0.0	0.0	0.0	0.0	0.0	0.0	0.0	0.0	0.0	0.0	0.0
538.2172762059623	1.1855938234028829	289677.83640656515	1.4056327140910658	762.3630768912179	2.7689792088100376	581197.4610070451	7.667245858822262	614.2645967671799	2.440653330266741	5.956788678542135	377320.9948415461	625.6483913794495	506.0766311661845	1.001229	34.222324	0.2007740202271574	0.0917361759341578	-0.0960929299	-0.0462355934	-0.088457172	-0.1033008653	0.0906183718	-0.045648714	-0.0285364532	0.0653771195	-0.09626341	0.0930736422	-0.0465987547	-0.0177941751	-0.1065018168	-0.1781512373	0.0614408367	0.0819217219	0.0493484098	-0.0270846716	-0.0115479094	0.0287305953	0.0516542224	0.0372022626	-0.0252840364	0.0198258402	0.0004821903	-0.1302583191	-0.1009031809	-0.0027624296	0.0591200123	0.0649738128	0.0556741999	-0.0410128399	-0.0352281901	-0.1184445678	-0.0082644047	-0.0200376327	0.0957011168	0.013653404	-0.1106056875	0.1573296122	-0.1016781642	-0.015516588	-0.0170948405	-0.0941016745	0.0855487754	-0.0107787582	-0.0218027878	-0.0760300193	0.1806690714	-0.0605106963	0.0324174729	-0.0854195737	0.0354580228	-0.0129084799	0.0549964734	0.0480878651	-0.0338593167	-0.0312956	-0.0540116604	0.1991297076	-0.0515057018	0.0007519766	-0.0793786879	0.1230797962	0.0077663036	-0.0094470035	0.0955707773	0.0485264483	0.1793715821	-0.0685699645	-0.008207601	-0.0563913767	0.0953999579	-0.0795498925	-0.0721773896	-0.0669903231	0.0235306895	0.0255697827	0.0206287233	0.0020611861	-0.0420078417	-0.0819396013	-0.0655364768	-0.0239248681	0.0131973558	0.0570337448	0.0509633151	0.0979342108	0.0086813136	0.1582173288	0.0126943347	-0.0814822373	-0.207113486	-0.0270350958	-0.0054962414	-0.0645840482	0.0710460021	-0.0113891649	0.0582803004	-0.0295896112	-0.0932836535	0.0	0.0	0.0	0.0	0.0272712906979961	-0.0132597919657513	0.000175822082975	0.0007437232963346	0.3853553260954925	0.0598512382657077	0.0035821707219385	0.1484987273501633	0.2904365299090301	-0.0519648197255833	0.0843533779055989	0.0027003424891123	0.0027768066037736	0.000494840054606	2.448666796425679e-07	7.710654914760673e-06	-0.0020500682768009	-0.0005315085679406	4.202779939545411e-06	2.825013577943736e-07	0.0017548507519426	0.0004876147828555	3.079501161593509e-06	2.377681764592164e-07	0.0	0.0	0.0	0.0	0.0	0.0	0.0	0.0	0.0	0.0	0.0	0.0	0.0	0.0	0.0	0.0	0.0	0.0	0.0	0.0	0.0	0.0	0.0	0.0	0.0	0.0	0.0	0.0	0.0	0.0	0.0	0.0	0.0	0.0	0.0	0.0	0.0	0.0	0.0	0.0	0.0	0.0	0.0	0.0	0.0	0.0	0.0	0.0	0.0	0.0	0.0	0.0	0.0	0.0
539.3982397422127	1.180963536250374	290950.4610369976	1.3946748739529886	765.633738054548	3.2706611633300327	586195.0208473802	10.697224445315362	614.9598192861663	0.6952225189863839	0.4833343509057728	378175.5793364743	625.9104990564791	512.577921383386	1.014959	34.691597	0.4821641831639811	0.295010072797116	-0.0148619414	-0.0864454011	-0.0398669887	-0.1138068043	-0.0172097605	-0.0408045567	-0.0205670581	-0.0678407908	-0.0903907508	0.0445916022	0.0575134042	-0.0127237017	-0.0445765862	0.0142171696	0.0907321304	0.0928215998	-0.0520153796	-0.0754969469	0.0079484293	0.0612829943	-0.1165323529	0.0954292819	-0.1116527305	0.1070007239	-0.0474564086	0.0074013383	-0.0545870099	-0.0319635863	0.0652623842	-0.1045780523	0.1312913458	0.0170988662	0.0819065299	0.0107114095	-0.027432181	-0.0851961862	-0.0409825827	-0.0991031519	0.0434852055	-0.0037410565	0.0974010518	-0.0012750461	0.117175275	-0.0913558399	0.0188530351	0.0064948627	-0.0701073792	0.0135539439	-0.0146557403	-0.0303867833	0.1557514923	-0.0234209134	0.0035756571	-0.0278619329	0.0588570759	-0.0130705806	0.0316941653	-0.0372006811	-0.1397900322	0.0021045598	0.0148478274	0.0004771008	-0.0386923769	-0.0105710093	0.1608168502	-0.0149422443	-0.0852094971	0.08417127	-0.0064148266	0.0381549011	-0.010273085	-0.0024559268	-0.0942500818	-0.0609283837	-0.038382043	-0.0372873567	-0.0039421894	-0.0116726334	-0.0003638492	0.0882338322	0.0396774024	-0.0627263615	0.021649741	0.0517375497	-0.0066530249	0.062499494	0.0950036237	0.0033825548	-0.0436840715	0.0069194598	-0.0118720436	0.0258057941	-0.0077450765	-0.0401462238	0.043847246	-0.0440411828	0.1421549422	0.1436587333	0.0570619372	-0.0324420332	-0.0946373001	0.0	0.0	0.0	0.0	0.0636629262229462	0.0363916355249501	0.0013243511361808	0.0040529681752682	0.1961483155830308	-0.1892070105124617	0.0357992928270627	0.0384741617060602	0.5116526716712144	0.2212161417621843	0.2617884564282915	0.0489365813761468	0.0027001924009166	-7.661420285699988e-05	5.869736079413529e-09	7.291039001967753e-06	-0.0019718809419617	7.818733483919973e-05	3.888314449271762e-06	6.113259329257136e-09	0.0012026643823511	-0.0005521863695915	1.4464016165759527e-06	3.049097867626407e-07	0.0	0.0	0.0	0.0	0.0	0.0	0.0	0.0	0.0	0.0	0.0	0.0	0.0	0.0	0.0	0.0	0.0	0.0	0.0	0.0	0.0	0.0	0.0	0.0	0.0	0.0	0.0	0.0	0.0	0.0	0.0	0.0	0.0	0.0	0.0	0.0	0.0	0.0	0.0	0.0	0.0	0.0	0.0	0.0	0.0	0.0	0.0	0.0	0.0	0.0	0.0	0.0	0.0	0.0
537.1732664237289	-2.2249733184837623	288555.1181603385	4.950506267964646	762.5256426130022	-3.1080954415457427	581445.355642372	9.660257273757423	613.4472137582148	-1.5126055279514503	2.287975483189286	376317.4840677169	624.7162069449747	515.6888116513892	0.857017	29.293104	0.3201847773249731	0.2226819849226677	-0.0055114523	-0.091039112	-0.0898215146	-0.0835124411	0.0085275705	-0.0715799898	-0.068884313	-0.052736961	-0.0583300403	0.0300819657	0.044300945	0.0789374105	-0.0607346845	-0.0490015987	0.0320093754	0.0366608732	-0.0131977778	0.061349564	-0.0306946715	0.0597471013	0.0907351085	0.0106524063	0.0174262351	0.1059314848	-0.0548977768	0.0168060115	0.0057696582	-0.0231537327	0.0030827023	-0.0176330444	-0.1325537219	-0.0008858684	-0.0561052275	0.0067660262	0.2033365933	0.0676688228	0.0479499104	-0.0090976632	0.032012019	-0.0709531033	-0.0768103136	-0.0464514502	0.1552990347	-0.0584927908	0.0265868616	0.0265790638	-0.1117782411	-0.0771354363	0.0232760488	-0.0641676183	-0.0155045268	-0.0718869282	-0.0477533974	0.0301294481	0.0133815885	0.0450072569	0.1011039388	-0.0053424431	0.0483619707	-0.0192063586	-0.0641695114	0.0267434611	0.0106578415	-0.0077202712	-0.0435213219	-0.0012322491	0.0710130923	0.0505079183	0.0141935982	-0.0766187223	-0.1279213871	0.0686444684	0.0319711394	-0.0186925793	-0.0173036461	-0.0489298095	-0.0102246637	0.0378127097	-0.0494474561	0.0984349995	-0.0088565656	-0.015196295	-0.0076332572	-0.0071410123	0.0312364545	0.048742583	0.0392120912	0.0149498566	0.0403455193	0.0515480997	0.0215788394	0.0539869319	-0.0865784579	-0.0321662807	-0.0403102474	0.0273907369	0.0152753126	-0.0703811974	0.0558303029	-0.0352642766	-0.0957928877	0.0	0.0	0.0	0.0	0.064849830931351	0.0011869047084047	1.408742786833473e-06	0.0042055005718248	0.4010522322894445	0.2049039167064136	0.0419856150816289	0.1608428930243465	0.5083097542776898	-0.0033429173935246	0.2583788062938453	1.1175096699929694e-05	0.0014090587758157	-0.0012911336251009	1.6670260378661911e-06	1.985446633703239e-06	-0.0023462732470544	-0.0003743923050926	5.5049981498431965e-06	1.4016959811262514e-07	0.0017521592224901	0.000549494840139	3.070061940957112e-06	3.019445793393852e-07	0.0	0.0	0.0	0.0	0.0	0.0	0.0	0.0	0.0	0.0	0.0	0.0	0.0	0.0	0.0	0.0	0.0	0.0	0.0	0.0	0.0	0.0	0.0	0.0	0.0	0.0	0.0	0.0	0.0	0.0	0.0	0.0	0.0	0.0	0.0	0.0	0.0	0.0	0.0	0.0	0.0	0.0	0.0	0.0	0.0	0.0	0.0	0.0	0.0	0.0	0.0	0.0	0.0	0.0
535.3904290398302	-1.782837383898709	286642.9115074535	3.178509137426793	761.3518112182617	-1.173831394740546	579656.5804453276	1.3778801432785353	612.0403662423719	-1.4068475158429692	1.9792199328335331	374593.4099100967	624.1466721154693	507.71688050427326	0.773475	26.437597	0.1868563432963308	0.1123659193116806	0.0022505094	-0.0562197419	-0.044048849	-0.0574572732	0.009707688	-0.0653673098	-0.084891233	-0.1210028049	-0.0282624029	0.0031003413	-0.0210638552	0.0117038179	-0.0897044309	0.0460744847	0.0530404413	0.0504076363	-0.0912575676	-0.1094982828	0.0422184793	-0.0326265993	0.0478505072	0.1033840038	0.0164827881	0.1209324329	-0.0818244784	-0.0023816276	0.0078882337	-0.0680416846	-0.0403215726	0.099523024	-0.0221285891	0.1314351013	0.1369227506	0.0740964001	0.0695770145	0.0948462005	0.0563116013	-0.0015522115	0.0680747752	-0.0930598401	0.0398388339	-0.0507125612	-0.1291928896	-0.0325591121	0.0017254355	-0.0145080823	-0.088686008	0.0525004294	0.0500643098	-0.0556681625	0.0661809377	0.0846166848	-0.0693036498	0.1543107735	-0.0132256098	-0.0427842342	0.0177537025	0.0179946169	0.0280857404	-0.0568683772	0.0146418364	0.0607281831	0.0344072314	-0.0562205872	0.0890992308	0.1651838281	0.0978775252	0.1981281059	-0.0017049874	-0.1243062397	-0.0236722121	-0.020298836	0.0206806746	-0.0453694578	-0.0092887349	-0.0402857428	-0.0150074329	0.0112668696	-0.0419089755	0.1069085999	0.0190245726	-0.0013088548	0.0323016435	0.03845874	-0.0076310187	0.0749697532	0.0296247366	0.0117540124	-0.0168351192	0.0617535035	0.0212816254	0.0031744034	0.0275972614	0.0264689817	0.1143947652	0.0558412706	-0.0342313334	0.0019539312	0.0545856841	-0.038053716	-0.096747998	0.0	0.0	0.0	0.0	0.0686944671984406	0.0038446362670896	1.4781228026220752e-05	0.0047189298236776	0.3456640826771746	-0.0553881496122699	0.0030678471174711	0.1194836580530525	0.6014726273334361	0.0931628730557463	0.3617693214313865	0.0086793209160011	0.0020945644653184	0.0006855056895026	4.699180503405719e-07	4.387200299374554e-06	-0.0023481730924856	-1.899845431200392e-06	5.513916872273387e-06	3.609412662453004e-12	0.0017539673747807	1.808152290599897e-06	3.0764015517951e-06	3.2694147060016544e-12	0.0	0.0	0.0	0.0	0.0	0.0	0.0	0.0	0.0	0.0	0.0	0.0	0.0	0.0	0.0	0.0	0.0	0.0	0.0	0.0	0.0	0.0	0.0	0.0	0.0	0.0	0.0	0.0	0.0	0.0	0.0	0.0	0.0	0.0	0.0	0.0	0.0	0.0	0.0	0.0	0.0	0.0	0.0	0.0	0.0	0.0	0.0	0.0	0.0	0.0	0.0	0.0	0.0	0.0
533.362086979137	-2.0283420606932623	284475.11582674045	4.114171515177389	755.5119722638811	-5.839838954380525	570798.3402340595	34.103719013100225	611.4109366093583	-0.6294296330136149	0.3961816629156539	373823.3334055327	622.3304095963787	507.9857335795172	0.750222	25.64282	0.1024989976682442	0.0601743529903946	0.0213057843	-0.0446966433	-0.0629652556	-0.0236436377	0.0185615077	-0.0658584548	-0.0355715879	-0.0733424145	-0.0164282748	0.0126591952	0.0348909008	0.0536515936	-0.0206636024	0.0800272487	-0.0476525764	0.0318847002	0.0059457979	-0.1134678076	0.0212882537	0.0173909731	0.066267835	0.008628945	-0.177562533	0.0515731502	0.0340045233	0.0362898331	0.1071805934	0.0867862326	0.0415557929	-0.0544192418	0.082536322	0.0561098751	-0.0279231132	0.0757405271	-0.0498165983	-0.0447561667	-0.0895186559	0.0084198309	0.056428316	-0.1001611879	0.0900057113	0.1027239113	-0.0196495154	-0.0102278077	0.0059622968	-0.0111991288	-0.0887942212	0.0089381735	-0.0634245038	-0.0352874653	0.0093901288	0.0083107438	-0.1390913287	0.0344234914	-0.0379402833	-0.057495651	0.0020182766	0.0367632009	-0.0765352399	-0.0254071508	-0.0003519545	-0.0231680438	0.0479451626	0.0740070679	0.0651921045	-0.1000214696	-0.0564445547	0.1028451198	-0.1079182333	-0.0383553148	0.057055469	-0.078463693	-0.1325338427	0.0357832993	0.0107749809	-0.0366973837	-0.021435591	0.0154689594	-0.064041992	0.0955418723	0.0160466068	0.0093742464	0.0210430435	0.0267696601	0.0069139687	0.0549227945	0.0095800659	0.0060252672	-0.000684674	0.0226064092	0.0030230655	-0.0017011736	0.0713511497	-0.0010377642	0.0407430376	-0.025476741	-0.0106633828	-0.0594918143	0.0533283702	-0.0408077566	-0.0975006321	0.0	0.0	0.0	0.0	0.0773078154542048	0.0086133482557641	7.418976817507608e-05	0.0059764983303013	0.394380057964085	0.0487159752869104	0.0023732462481548	0.155535630119755	0.6361530685095858	0.0346804411761496	0.4046907265741617	0.0012027330001723	0.0021920239885974	9.745952327900024e-05	9.498358677769993e-09	4.804969166586455e-06	-0.0023931606830649	-4.498759057929968e-05	5.727218054967658e-06	2.023883306130693e-09	0.0016866298296506	-6.733754513009991e-05	2.844720182267212e-06	4.534344984148242e-09	0.0	0.0	0.0	0.0	0.0	0.0	0.0	0.0	0.0	0.0	0.0	0.0	0.0	0.0	0.0	0.0	0.0	0.0	0.0	0.0	0.0	0.0	0.0	0.0	0.0	0.0	0.0	0.0	0.0	0.0	0.0	0.0	0.0	0.0	0.0	0.0	0.0	0.0	0.0	0.0	0.0	0.0	0.0	0.0	0.0	0.0	0.0	0.0	0.0	0.0	0.0	0.0	0.0	0.0
532.1860222660215	-1.1760647131154656	283221.9622953303	1.3831282094353623	756.881967326573	1.369995062691828	572870.3124641435	1.8768864717999856	610.4553878194785	-0.9555487898797992	0.9130734898407488	372655.7805178299	622.4804994970336	509.0414021510384	0.767402	26.230042	0.0883405875084793	0.0527978545429822	0.0212025923	-0.0366413802	-0.0708335695	-0.0071421678	0.0162413462	-0.018248052	-0.0501308306	-0.0998309572	0.0046132301	0.003364392	-0.0560027588	0.0015427594	0.0017405492	0.036523947	-0.0864860109	0.0789525259	-0.0536373957	0.0023061931	-0.0250381768	0.104920668	0.0249318737	0.0060142706	0.0251992245	0.0488638191	0.0918367294	-0.0887080315	0.0264339181	-0.0248743089	0.0897677262	-0.1489358941	-0.0794275168	0.0707044523	0.0721514706	-0.0314421912	0.0528945382	0.0378123808	0.0141293621	0.0137683548	-0.074039542	-0.1397770925	0.0767718716	0.0153538978	0.1013024773	-0.0007817445	-0.0019808061	-0.0301790678	-0.0012889878	0.0384277502	0.007857435	0.0292830113	0.0231707344	0.0310670911	-0.1780336773	0.0722580563	0.031157521	-0.1480780383	0.074964582	0.059471146	0.0441848828	0.0140425362	0.0312210212	0.0610404537	-0.0344375461	-0.0219495288	-0.0351735233	-0.1026735487	0.0361906426	0.0045465317	0.0090314196	0.0171634144	-0.116452406	0.0590147527	-0.0514029699	-0.044812092	0.013551288	-0.0336976103	-0.0274723815	0.0230096812	-0.0568030082	0.0997198478	-0.0088804698	0.0409988387	0.0130625653	0.0013006924	0.0468925666	0.0416095808	-0.0205463273	0.0444552964	0.0190790928	-0.0042013997	0.0439381234	0.0633152087	0.084547218	0.0912572591	0.0889762962	0.0166214831	0.0799309915	-0.0422116523	0.0520586536	-0.0435238364	-0.0980492148	0.0	0.0	0.0	0.0	0.0843034227532797	0.0069956072990749	4.893852148287008e-05	0.0071070670879181	0.4308848537335308	0.0365047957694458	0.0013326001141689	0.1856617571769662	0.6737272973704194	0.0375742288608336	0.4539084712220494	0.0014118226744863	0.0022696066214923	7.758263289489977e-05	6.019064926904783e-09	5.151114216321692e-06	-0.0023930156937315	1.4498933340002448e-07	5.726524110445251e-06	2.1021906799783457e-14	0.0017542213190048	6.759148935420005e-05	3.0772924360509404e-06	4.568609433118938e-09	0.0	0.0	0.0	0.0	0.0	0.0	0.0	0.0	0.0	0.0	0.0	0.0	0.0	0.0	0.0	0.0	0.0	0.0	0.0	0.0	0.0	0.0	0.0	0.0	0.0	0.0	0.0	0.0	0.0	0.0	0.0	0.0	0.0	0.0	0.0	0.0	0.0	0.0	0.0	0.0	0.0	0.0	0.0	0.0	0.0	0.0	0.0	0.0	0.0	0.0	0.0	0.0	0.0	0.0
528.5255596896175	-3.660462576404029	279339.2672452234	13.398986273254424	750.0613795144218	-6.820587812151189	562592.0730390775	46.52041810326534	609.0405983331377	-1.414789486340737	2.0016292906602877	370930.4504179864	620.9992745535715	488.75442276164347	0.851021	29.088161	0.2436087161389322	0.1550503979240869	-0.0259068241	0.0390417134	-0.0484933545	0.0165320629	0.0415749044	-0.0051442227	-0.0312087364	-0.0425360685	0.0316162837	0.0443248442	0.0367388499	-0.0226099971	0.0483229068	0.0857284522	-0.0402916001	0.0113634496	0.0020015352	0.0092022773	-0.0482211578	0.1533102466	0.1415746608	-0.0153277395	0.0461951086	-0.1025908772	-0.0068702796	-0.0400112075	0.0700620297	-0.0843111316	-0.0350029583	-0.0357015635	-0.004043775	-0.0126758879	-0.0365827928	0.0870243172	0.0439199182	-0.0679954558	-0.1008753074	0.0527668565	0.0054316101	0.0426274992	0.0983333257	0.0446582263	0.0534461398	0.0237664803	0.0301565687	0.0159666202	0.0244109899	0.0275092703	-0.0721145995	-0.0136257	0.0017395599	-0.0964339909	-0.0681153598	0.0541885034	-0.0013871312	-0.147443019	0.0210886381	-0.0744111532	0.0454328078	0.0542340669	-0.0210920674	0.0974772684	0.0872854486	-0.0400081738	-0.0766629809	-0.0595050852	0.0075158176	-0.0450196268	-0.0268289754	0.0271934114	0.085501747	0.0842713721	-0.0731324837	0.0336464378	-0.0100753896	-0.0484343484	-0.0047139549	-0.0068157476	-0.0108651024	0.0552613758	0.0385428019	-0.0082260202	0.0137022674	0.0343126071	0.0205322649	0.0603760273	-0.0357320032	0.0544534621	-0.0085384993	-0.0305487872	-0.0124369242	0.1242210587	-0.0449111657	0.1121250995	-0.0357164449	0.0497305128	-0.0126714087	0.0384653951	0.0507768297	-0.046199429	-0.0983925981	0.0	0.0	0.0	0.0	0.0804009951565234	-0.0039024275967563	1.5228941147925236e-05	0.0064643200221592	0.3633619457628896	-0.0675229079706412	0.0045593431008116	0.1320319036285931	0.6171083148433496	-0.0566189825270697	0.3808226722487987	0.0032057091824006	0.0045711226287531	0.0023015160072608	5.296975931677697e-06	2.0895162087098652e-05	-0.0023889965811541	4.0191125773997305e-06	5.707304664765979e-06	1.6153265909812703e-11	0.0017599741600559	5.7528410511000026e-06	3.097509044064471e-06	3.3095180159221376e-11	0.0	0.0	0.0	0.0	0.0	0.0	0.0	0.0	0.0	0.0	0.0	0.0	0.0	0.0	0.0	0.0	0.0	0.0	0.0	0.0	0.0	0.0	0.0	0.0	0.0	0.0	0.0	0.0	0.0	0.0	0.0	0.0	0.0	0.0	0.0	0.0	0.0	0.0	0.0	0.0	0.0	0.0	0.0	0.0	0.0	0.0	0.0	0.0	0.0	0.0	0.0	0.0	0.0	0.0
527.6596480707971	-0.8659116188204052	278424.70420219743	0.7498029316081748	745.7986741202218	-4.2627053941999975	556215.6623194808	18.17065727774176	609.4288153914423	0.3882170583045763	0.1507124843586588	371403.4810294167	621.0869110795788	485.5177076531682	0.75846	25.924389	0.1138214875884422	0.0654579314175051	-0.0066325381	0.0568365781	-0.0266543074	0.0399829294	0.0570139066	0.0399150411	-0.0402562548	-0.0787902323	0.0248270544	0.0457556475	0.0443456744	0.0111854746	-0.0261331861	0.079922625	-0.0973759475	-0.010773273	0.0132363549	0.008549472	0.0070511918	0.0808774068	0.0115579196	-0.0295930698	-0.0018963401	0.06118574	0.0737474845	0.0734528175	0.0740310101	-0.0136069707	0.1647329342	-0.0205727279	0.0390588492	0.062065009	0.0750615538	0.0236724909	-0.0951067794	0.000604515	-0.050911919	-0.0481322525	-0.0214177952	-0.0874469805	-0.0203851165	0.0037646878	0.115133681	0.0170376635	0.0538845165	0.0119463655	-0.0509513952	0.0480082251	-0.0300534164	-0.0039353978	-0.0325275399	-0.0097023704	-0.1068050186	0.0009624627	-0.0242234015	-0.1031761462	0.0234794075	-0.0161192332	0.0408610364	-0.0649016977	-0.0494476133	-0.0628629351	-0.0006215794	0.0382161525	0.0820858086	-0.0796621642	-0.0219429658	0.0182210559	-0.0359446763	0.0626550544	-0.0440871628	0.105910267	-0.0497398992	0.0504581517	-0.011852041	-0.0474688995	-0.0014520751	0.0024023922	-0.0222658558	0.0495424236	0.0110182027	-0.0071759484	0.0174678541	0.0234049758	0.0194278002	0.0723278237	-0.032941124	-0.0004107779	0.0029978989	-0.0352022576	-0.0040704777	0.0812789267	-0.0401044122	0.0760297082	-0.1227258659	0.1251626489	-0.0844779918	0.1006675911	0.0494831965	-0.0488320453	-0.0985300633	0.0	0.0	0.0	0.0	0.0850470473139637	0.0046460521574403	2.1585800649655747e-05	0.0072330002568235	0.3954832252874496	0.03212127952456	0.0010317765982949	0.1564069814837636	0.6116614465172177	-0.0054468683261319	0.3741297251555351	2.966837456221945e-05	0.0035820111771976	-0.0009891114515555	9.78341463598229e-07	1.2830804073568535e-05	-0.0023291698941205	5.982668703359995e-05	5.4250323956773016e-06	3.5792324814163166e-09	0.002143181773073	0.000383207613017	4.593228112432327e-06	1.468480746742633e-07	0.0	0.0	0.0	0.0	0.0	0.0	0.0	0.0	0.0	0.0	0.0	0.0	0.0	0.0	0.0	0.0	0.0	0.0	0.0	0.0	0.0	0.0	0.0	0.0	0.0	0.0	0.0	0.0	0.0	0.0	0.0	0.0	0.0	0.0	0.0	0.0	0.0	0.0	0.0	0.0	0.0	0.0	0.0	0.0	0.0	0.0	0.0	0.0	0.0	0.0	0.0	0.0	0.0	0.0
527.8501886325718	0.1905405617746964	278625.8216394416	0.0363057056814169	740.8361965179444	-4.962477602277431	548838.2700711743	24.62618395310516	610.7495182020981	1.3207028106558028	1.7442559140741372	373014.973984095	621.7368338907571	478.7096938923544	0.831566	28.423168	0.1857647476640778	0.1205821569926829	-0.0053404477	0.0723774502	0.0148311216	0.0413367921	-0.0088257633	-0.0072341979	0.0213806556	-0.0471481631	-0.0146028981	0.0332358145	0.1288780442	0.0436609086	0.0109145914	0.0641918233	0.0094142596	-0.0047557589	0.0562054406	-0.178984332	-0.0137822305	0.097485388	0.0355379015	-0.0223708341	0.0018623973	-0.0273568781	-0.0019819767	0.0002213233	0.0267831328	0.0664761059	-0.0190410224	0.1046604583	-0.0363253527	-0.0732427201	0.1572420917	0.0548143274	0.0972847974	-0.2166893761	0.0802362677	-0.1816244095	0.0401231374	-0.0647553236	-0.050829804	-0.0342067383	0.0129182306	-0.0117811169	0.0066112164	0.0627729686	-0.0916930526	0.0065799791	-0.0926067907	-0.0707653651	-0.0094602937	0.0036789435	-0.0364272768	-0.0623358313	-0.0610870908	-0.0873861962	-0.108462021	-0.0943326159	-0.0332692318	0.018223057	0.0001167352	-0.0296380531	0.0229792048	-0.0034496974	-0.034528545	0.0361955167	0.0126438925	0.0646208506	-0.105509641	0.0139116778	0.015210722	-0.0262343853	-0.0201249092	0.2145765765	-0.0074319355	-0.0273392215	-0.0067023157	-0.0291218586	-0.0039461428	0.0590850636	0.0462802847	-0.0044228476	0.0348191905	0.0637357404	-0.023761622	0.0812368377	-0.1281544533	0.0211044596	0.0045750872	-0.0146747465	-0.0503175865	0.0428023379	-0.0700463041	0.0797089121	0.0682817212	0.0881932468	-0.1028325733	0.0552852882	0.0481780549	-0.0514192365	-0.0984613227	0.0	0.0	0.0	0.0	0.0776528596371832	-0.0073941876767805	5.4674011399452656e-05	0.006029966609832	0.3446988654828971	-0.0507843598045525	0.0025790512007582	0.1188173078651963	0.7189685073429075	0.1073070608256898	0.5169157145508885	0.0115148053030483	0.0034847505522452	-9.726062495239978e-05	9.45962916613137e-09	1.2143486411373226e-05	-0.0025983512969178	-0.0002691814027972	6.7514294621944125e-06	7.24586276119221e-08	0.0021040410136816	-3.91407593913996e-05	4.426988587254296e-06	1.5319990457354356e-09	0.0	0.0	0.0	0.0	0.0	0.0	0.0	0.0	0.0	0.0	0.0	0.0	0.0	0.0	0.0	0.0	0.0	0.0	0.0	0.0	0.0	0.0	0.0	0.0	0.0	0.0	0.0	0.0	0.0	0.0	0.0	0.0	0.0	0.0	0.0	0.0	0.0	0.0	0.0	0.0	0.0	0.0	0.0	0.0	0.0	0.0	0.0	0.0	0.0	0.0	0.0	0.0	0.0	0.0
530.1838301056001	2.333641473028365	281094.8937054438	5.445882524637997	748.4391823904855	7.602985872541126	560161.2097373384	57.80539417805995	612.3662174208481	1.61669921875	2.6137163639068604	374992.38423831743	624.9978355006168	474.9799061107431	1.168004	39.922726	0.7168020189282717	0.4162849269048211	-0.1379469362	0.0778330375	0.0369290564	-0.004841092	0.1048912739	0.0357231721	0.043437429	0.0263597379	-0.0550096502	0.1121591709	0.1574137904	0.0009417308	0.0964906363	0.0690317419	0.1093282601	-0.0097361356	-0.0145341534	0.0762011815	-0.2376899062	-0.045854814	-0.0243460496	-0.1351371348	0.1310976724	0.0578374903	-0.0077838573	-0.0413182845	-0.062485749	0.0525664397	-0.0481478567	-0.1586124548	0.0091358797	-0.0713414854	0.0615852594	0.0402403926	0.1207784709	0.0993133121	0.0776017397	-0.0454137858	0.1011145594	0.1323685985	0.1631572341	-0.0185112721	-0.0469956794	-0.062202749	0.1121190375	0.0940856332	0.0003333045	-0.020234008	-0.175837294	-0.0649496756	-0.0191256861	-0.0679232229	0.094941049	-0.1047593018	0.0530144414	-0.0614763287	-0.0586241124	0.1546093874	-0.0305021404	-0.0308492963	0.1094540508	0.0139499519	0.013887596	-0.1305481104	-0.0684312104	-0.1200877841	0.1330607379	0.1134853414	0.0429089503	0.1744006511	-0.1371752978	0.0528774829	-0.0101167655	0.0882189808	-0.1004628441	-0.054573461	0.0580092126	-0.119328258	0.0430938757	-0.0162754825	0.1355051535	-0.0764481171	-0.0216882225	0.0259334438	0.0148355152	0.0352114357	-0.1109408901	0.1397076343	-0.0090291541	-0.0570356336	-0.1417602435	-0.0126782076	0.0180857044	0.027633295	-0.0102460672	0.0537084363	0.0431174109	0.0228841834	0.0468617084	-0.0539585958	-0.0981865202	0.0	0.0	0.0	0.0	0.0409124835328782	-0.036740376104305	0.0013498552362857	0.001673831308828	0.1826591932561427	-0.1620396722267544	0.0262568553753539	0.0333643808809848	0.4010937664179153	-0.3178747409249922	0.1608762094593092	0.1010443509181309	0.0067730691867419	0.0032883186344967	1.0813039441978242e-05	4.5874466208392585e-05	-0.0031260497727456	-0.0005276984758278	9.772187181682816e-06	2.784656813909832e-07	0.0019171135305617	-0.0001869274831199	3.675324289062746e-06	3.494188394554055e-08	0.0	0.0	0.0	0.0	0.0	1.0	0.0	0.0	0.0	0.0	0.0	0.0	0.0	0.0	0.0	0.0	0.0	0.0	0.0	0.0	0.0	0.0	0.0	0.0	0.0	0.0	0.0	0.0	0.0	0.0	0.0	0.0	0.0	0.0	0.0	0.0	0.0	0.0	0.0	0.0	0.0	0.0	0.0	0.0	0.0	0.0	0.0	0.0	0.0	0.0	0.0	0.0	0.0	0.0
528.1291485282534	-2.054681577346741	278920.3975251779	4.221716384288094	741.3687796456474	-7.070402744838134	549627.6674332764	49.990594974214616	608.7800807052416	-3.586136715606472	12.860376543020772	370613.1866634805	621.7683198168762	465.9889158988152	1.041791	35.608715	0.3093515661069242	0.1679309323917574	-0.1412966587	0.0879733058	0.0834256656	0.0195136634	0.1067372117	0.0387615499	0.1260493738	0.0573578397	0.0277559951	0.1276251526	0.0329305963	-0.0218055295	0.0009640232	-0.0181461339	0.116707072	0.0114784372	0.0676975117	-0.0175964412	0.1264287848	-0.0645159446	-0.0341704627	0.0466582363	0.1217643535	-0.0647647956	-0.0541550567	0.0665943233	-0.0650039373	0.1904448111	-0.0174789686	0.116370731	-0.0629787815	0.1278970108	0.1375010576	0.082497627	0.1189970716	0.0317983692	0.0155546056	0.0572515145	0.1057565072	-0.1131225765	-0.0720457146	0.1078663881	-0.0440456528	0.0040073285	0.1376106295	0.0217672818	0.0372672746	0.010775332	-0.0228188685	0.0137200207	0.0351336884	0.1310441394	0.0616505093	-0.0369376088	0.0209394145	0.1444886295	-0.0153346188	-0.0699015036	0.1025122185	0.0234618121	0.0445992899	-0.0251662345	0.0700315524	-0.0679855529	0.0466440473	0.1401001069	0.0211589069	-0.0639234718	-0.1809767314	-0.0692952648	-0.1037405871	-0.136369056	-0.0374357152	0.0441323807	-0.1056527079	-0.0710012511	0.0622148225	-0.0969901311	0.0182539958	-0.0973909039	0.0471194213	-0.1143641974	-0.0197971025	0.0031260484	0.0022649652	-0.0020308799	0.0163370116	0.0558560125	-0.0661554883	-0.0163401798	-0.0403841378	-0.1238800574	0.091239468	-0.0597915737	-0.1510964499	0.0470786837	-0.1109403115	-0.0188067892	0.0455344633	-0.0564477611	-0.0977062309	0.0	0.0	0.0	0.0	0.0303367190423671	-0.010575764490511	0.0001118467945587	0.0009203165222555	0.3134214509762216	0.1307622577200789	0.0170987680440523	0.09823300593204	0.3398683262902011	-0.0612254401277141	0.1155104792153026	0.0037485545188323	0.0085101477333219	0.00173707854658	3.0174418769884866e-06	7.242261444296388e-05	-0.0033351093110296	-0.000209059538284	1.1122954116516332e-05	4.3705890547519264e-08	0.0021067375210701	0.0001896239905083	4.43834298268459e-06	3.595725777632969e-08	0.0	0.0	0.0	0.0	0.0	0.0	0.0	0.0	0.0	0.0	0.0	0.0	0.0	0.0	0.0	0.0	0.0	0.0	0.0	0.0	0.0	0.0	0.0	0.0	0.0	0.0	0.0	0.0	0.0	0.0	0.0	0.0	0.0	0.0	0.0	0.0	0.0	0.0	0.0	0.0	0.0	0.0	0.0	0.0	0.0	0.0	0.0	0.0	0.0	0.0	0.0	0.0	0.0	0.0
532.4538414324998	4.324692904246376	283507.0932562256	18.70296871603896	748.4762228012085	7.1074431555611	560216.6560987643	50.515748209532326	612.1964362803446	3.416355575103012	11.671485415537427	374784.4765943541	623.2165188667469	493.5448239589912	1.125607	38.473598	0.5198905544342372	0.3344195506572053	-0.0278391465	0.0227575573	-0.0291041701	-0.019184816	0.0135649043	-0.0143256629	0.0448608716	-0.0140458654	-0.0413812637	0.0354948233	0.0229761584	0.038246969	-0.0134545484	-0.0088536592	0.018865858	0.0727362992	-0.0126100538	0.0165967154	0.0394540616	-0.0936338189	0.068873725	-0.0738724285	0.0027224998	0.0291060324	0.0633572262	-0.0637617692	-0.1281127897	0.0170561391	0.0150143917	0.0092409903	0.0319912455	-0.002122853	0.0758934859	-0.0955708327	-0.023444032	0.0713562612	-0.0378629226	-0.0331002982	-0.0844541201	-0.0041113056	-0.0119404366	-0.0008964744	-0.0965267287	-0.0364024743	0.0241268175	0.0077113479	-0.0540101768	-0.0229866014	-0.0239710428	-0.0042959264	0.0296387297	0.0166357992	0.0047670479	0.0340777402	0.0401145074	0.1109825846	-0.0035239261	-0.0101732957	-0.0169800181	-0.0368521631	-0.0895467366	0.0615413319	-0.0936417477	0.0501123379	-0.0410736259	0.0296886116	0.110867904	-0.0691313678	0.0464234727	0.0216608606	-0.1182281214	-0.1048586126	0.0292139228	-0.0335088875	-0.0334305939	-0.0496733215	0.0087031047	-0.0215990025	0.018224268	0.0249754967	0.0086913241	-0.0449285428	-0.0004880237	0.0050341036	-0.0233377603	0.0681971835	0.0032877481	0.061947599	-0.0067265204	-0.0208787074	0.0477729442	-0.0621386665	0.1121561703	0.0102432666	0.0391416783	-0.03947703	-0.0756410219	0.0853998606	0.0441966281	-0.0588844168	-0.09702146	0.0	0.0	0.0	0.0	0.0480184611399323	0.0176817420975652	0.0003126440036048	0.0023057726102471	0.3666737282602241	0.0532522772840025	0.0028358050359322	0.1344496229962526	0.5688384919240406	0.2289701656338394	0.3235772298944168	0.0524273367503878	0.0044038865110891	-0.0041062612222328	1.6861381225212815e-05	1.9394216402552525e-05	-0.0031017525829231	0.0002333567281064	9.620869085670123e-06	5.4455362552570814e-08	0.0021668469591074	6.010943803730004e-05	4.695225744192986e-06	3.6131445411600126e-09	0.0	0.0	0.0	0.0	0.0	0.0	1.0	0.0	0.0	0.0	0.0	0.0	0.0	0.0	0.0	0.0	0.0	0.0	0.0	0.0	0.0	0.0	0.0	0.0	0.0	0.0	0.0	0.0	0.0	0.0	0.0	0.0	0.0	0.0	0.0	0.0	0.0	0.0	0.0	0.0	0.0	0.0	0.0	0.0	0.0	0.0	0.0	0.0	0.0	0.0	0.0	0.0	0.0	0.0
531.3752900556149	-1.078551376884889	282359.6988816888	1.1632730725802891	752.5557205200196	4.079497718811126	566340.1124874058	16.64230163778518	609.9064147687266	-2.290021511618079	5.244198523673551	371985.8347760419	620.8873956895412	498.96402427624326	0.789462	26.984039	0.23469967301644	0.1341229466868035	-0.0196296913	-0.0109430036	-0.0628144719	-0.024215599	0.0289436918	-0.0705307159	-0.0158454687	-0.0146333273	0.0055069877	0.0538180656	-0.0328106813	0.0470611993	0.0127835579	0.0458055394	-0.0354056781	-0.0686206652	-0.0316177423	0.0281168492	0.0507247588	-0.0490549578	-0.125605564	0.010796665	0.0206517485	0.0587191079	-0.0602701624	-0.0178005685	-0.0754036588	0.0534066616	-0.06862888	-0.0681437931	-0.0666054172	0.0292461112	0.1362890116	-0.1032147131	-0.0592777687	0.1698154049	-0.0336983182	0.0245013422	-0.0130759729	-0.0021318944	0.0544853518	-0.0754922348	0.0387254779	0.0140327237	0.0540489559	-0.0443079853	-0.0430944505	-0.0034628331	-0.0129872914	0.0451054847	0.004187747	0.0813911501	0.0270221505	-0.0437125051	-0.0701187186	0.0070140256	0.1281561512	0.0601071539	-0.0727735363	0.0098674163	0.0373464321	0.0340116588	-0.0350041905	0.0079409272	0.1339734257	0.0046969018	0.0647622327	-0.0373362247	0.0434673629	-0.0194026437	-0.0835189153	0.076562924	0.0738704047	0.1246225722	-0.0277109704	-0.0300568389	-0.0169740935	0.0283819931	0.0178461321	0.0359461507	-0.0446743924	-0.0296944157	-0.039813638	-0.0628027546	-0.0312719141	0.0580989406	0.0108578586	0.032932156	0.0553741228	-0.0125379704	0.0564923697	-0.0316857453	0.0560116933	-0.0175754068	0.0341157869	-0.0684803221	-0.0703145384	-0.0696805748	0.0428485141	-0.0612662963	-0.0961336405	0.0	0.0	0.0	0.0	0.0660022962214696	0.0179838350815372	0.0003234183242399	0.0043563031065066	0.4734767772333725	0.1068030489731484	0.0114068912699607	0.2241802585793006	0.5593417345132963	-0.0094967574107442	0.3128631759683428	9.018840131852668e-05	0.0031955805057815	-0.0012083060053076	1.4600034024624095e-06	1.0211734768930749e-05	-0.0029180716267196	0.0001836809562034	8.515142018665974e-06	3.3738693671832063e-08	0.0027831806286165	0.0006163336695091	7.746094411506136e-06	3.798671921705528e-07	0.0	0.0	0.0	0.0	0.0	0.0	0.0	0.0	0.0	0.0	0.0	0.0	0.0	0.0	0.0	0.0	0.0	0.0	0.0	0.0	0.0	0.0	0.0	0.0	0.0	0.0	0.0	0.0	0.0	0.0	0.0	0.0	0.0	0.0	0.0	0.0	0.0	0.0	0.0	0.0	0.0	0.0	0.0	0.0	0.0	0.0	0.0	0.0	0.0	0.0	0.0	0.0	0.0	0.0
530.948376107899	-0.4269139477158887	281906.178091615	0.1822555187543646	749.9132596697126	-2.642460850306975	562369.8970284538	6.9825993454050606	610.8724592479002	0.9660444791736608	0.9332419357419096	373165.1614675775	622.4258400823837	499.1157183432732	0.774383	26.468634	0.1331878548649572	0.088672135447813	0.005186547	-0.0040338153	-0.058610505	0.0073111218	0.0303504083	-0.0282017765	0.0095531764	-0.0348362282	-0.0185719031	0.0437308898	-0.0707738133	0.036258943	-0.0095793417	-0.0603593654	-0.0929391006	-0.0782013519	-0.1311160807	-0.1154814253	0.0097040341	0.1083696728	0.086343151	-0.0145584241	0.034959595	0.1070427025	-0.0327640577	0.0064924822	-0.0278328574	0.0375982341	-0.0397070962	0.0319089511	0.089642725	0.0749246161	0.0310053953	-0.068131622	-0.0118351541	0.0030028184	-0.1526106076	-0.0660089073	0.0060815832	0.1115409538	-0.1225258704	-0.0267958539	0.0368436465	-0.0219619291	0.0268936662	-0.0519678048	0.0005923128	-0.0415267671	0.0414643935	0.093523117	-0.0322587692	-0.0637826539	0.0071632735	0.0462735698	-0.0684112657	-0.1322559998	0.0504416755	0.0035411624	-0.0842679801	0.0066566435	-0.099529415	0.1641337382	-0.0102310849	-0.0312393721	0.0733649988	-0.0515317384	0.0786903044	-0.090832435	-0.022040521	-0.084501814	-0.0317344179	-0.1827872691	-0.014926804	0.0380617407	-0.0162591489	-0.0076106275	-0.0291131798	0.0343578535	0.0246679958	0.0762721538	-0.0473503512	-0.0314183334	-0.0203979366	-0.0605022366	-0.0287639692	0.0781796443	-0.0193211195	0.0113993254	0.0567498291	-0.0455550771	0.0368910134	0.009718032	0.038371801	0.0896026465	0.0854507697	-0.0803239319	0.0294972548	-0.0375217083	0.0414904347	-0.0635911839	-0.0950446305	0.0	0.0	0.0	0.0	0.0738941585136672	0.0078918622921975	6.228149043901034e-05	0.0054603466624429	0.4523873270396024	-0.0210894501937701	0.0004447649094755	0.2046542936660361	0.6441552886134758	0.0848135541001795	0.4149360358487103	0.007193338959104	0.0032384877045823	4.2907198800800055e-05	1.8410277089313775e-09	1.0487802612730734e-05	-0.0030678252204019	-0.0001497535936822	9.411551582933969e-06	2.242613882076334e-08	0.0025879816555234	-0.0001951989730931	6.697649049325638e-06	3.8102639096600846e-08	0.0	0.0	0.0	0.0	0.0	0.0	0.0	0.0	0.0	0.0	0.0	0.0	0.0	0.0	0.0	0.0	0.0	0.0	0.0	0.0	0.0	0.0	0.0	0.0	0.0	0.0	0.0	0.0	0.0	0.0	0.0	0.0	0.0	0.0	0.0	0.0	0.0	0.0	0.0	0.0	0.0	0.0	0.0	0.0	0.0	0.0	0.0	0.0	0.0	0.0	0.0	0.0	0.0	0.0
534.2007210307768	3.2523449228777963	285370.41034980176	10.577747497368978	758.9211819784982	9.007922308785623	575961.3604556408	81.14266432111772	613.7700977243579	2.897638476457701	8.396308740248104	376713.7328605679	625.80235338713	496.4504518692703	0.964037	32.951077	0.4708750929932078	0.2682728909494139	-0.0673175054	-0.011492464	-0.0977288889	-0.0359006198	0.0959366565	-0.065917314	-0.0697084912	0.0052632111	-0.0903597423	0.0488995116	-0.0089404374	0.0279383741	0.0257209462	-0.1396286453	-0.0225049804	-0.1402682884	-0.0081251327	-0.0467223627	-0.0487814523	-0.0335744878	-0.1252161301	0.0574881658	-0.050616497	0.0562136661	0.0705813341	0.0872761091	-0.1243792412	0.0343332462	-0.1656533068	-0.0864296271	0.0059115064	-0.022171097	-0.1161977774	-0.1232699214	0.1135344691	0.0009549125	0.017473609	0.0289380814	0.0776928451	-0.067816154	0.0305792989	0.004132731	-0.1253366829	-0.0785140477	0.0774362921	0.0244664614	-0.0124593594	-0.1303358537	0.0944145719	0.078869813	-0.0630628285	-0.0232257377	0.0773779677	-0.0604292649	-0.1167093203	-0.0163977225	0.0659777313	-0.012216964	-0.0824067229	-0.0602863792	0.0217898714	-0.1430755675	-0.0586008828	0.0027558055	0.0523661512	0.0532288451	0.0274594848	-0.0190159964	0.1282439327	-0.0279570256	-0.0032481075	-0.073991137	-0.1129149645	-0.0656049095	-0.0790015126	0.0012417118	-0.0270836003	0.0605089585	0.11683805	0.0690133174	-0.0663493351	-0.0606503921	-0.0817486297	-0.1187299305	0.011950278	0.071929804	-0.0025646258	-0.0351027907	0.0455055994	-0.1223045994	0.0666415082	0.0911600783	-0.1666865503	0.0915805626	0.1112514281	-0.0668552151	-0.0173538364	-0.134595873	0.0401227057	-0.0658569168	-0.0937567092	0.0	0.0	0.0	0.0	0.0848340050215625	0.0109398465078953	0.0001196802416163	0.0071968084079984	0.3411295253504107	-0.1112578016891917	0.0123782984367115	0.1163693530657964	0.402530095019685	-0.2416251935937908	0.1620304773965566	0.0583827341792368	0.0018330896891081	-0.0014053980154742	1.97514358189882e-06	3.3602178083144307e-06	-0.003425299029949	-0.0003574738095471	1.173267344456956e-05	1.2778752451211633e-07	0.0029661548545487	0.0003781731990253	8.79807462116282e-06	1.4301496846102918e-07	0.0	0.0	0.0	0.0	0.0	0.0	0.0	0.0	0.0	0.0	0.0	0.0	0.0	0.0	0.0	0.0	0.0	0.0	0.0	0.0	0.0	0.0	0.0	0.0	0.0	0.0	0.0	0.0	0.0	0.0	0.0	0.0	0.0	0.0	0.0	0.0	0.0	0.0	0.0	0.0	0.0	0.0	0.0	0.0	0.0	0.0	0.0	0.0	0.0	0.0	0.0	0.0	0.0	0.0
536.2629221322587	2.0622011014819464	287577.921653829	4.252673382953353	757.2179988861084	-1.7031830923898497	573379.0978370825	2.9008326462026512	616.075746200627	2.3056484762690843	5.31601489612195	379549.3250566594	628.314158687735	495.16011995728064	0.953044	32.575325	0.2356959523987255	0.1296456968538481	-0.1018407068	-0.0122331867	-0.0281142371	-0.036508153	0.1012731331	0.0540882593	-0.0390766708	-0.0707770095	-0.133807766	0.0019539583	-0.0102333091	-0.1219900841	-0.0800297244	-0.1057727094	-0.0730828864	-0.0894476588	-0.1358561345	-0.0587331709	0.033465726	-0.0134727832	-0.0214468672	0.0523769046	0.0917381811	-0.0001782875	-0.0611847774	-0.0016417158	-0.0238528456	0.1576569628	0.113174942	0.0951455418	-0.083852478	0.0954330182	0.0129562037	-0.0890655174	-0.0952558312	-0.0364650385	-0.1156476734	-0.0386784563	0.0872375824	-0.0576104394	0.1591422828	0.049633366	-0.0508189118	-0.131004314	0.0331896957	0.0453670367	0.0450865084	0.0363477506	0.1971034089	0.0363876625	0.0032045099	-0.0089265949	0.0946079237	-0.0085279999	-0.0641406936	-0.0888428827	-0.07265688	0.0334394195	-0.0757000218	-0.0035195564	-0.0297012524	-0.0018168462	0.1014673546	0.0260050443	0.1599967523	0.0421988697	0.102958754	-0.1185931736	0.0077176997	-0.0904701379	-0.0286000767	0.0783236657	-0.0402524712	0.2497306352	-0.1324150664	0.0666840718	-0.067345331	0.0440925075	0.2004743729	0.0092594151	-0.078414509	-0.0379965114	-0.0964225071	-0.0066945752	0.0254656224	0.0336872249	0.0085568959	-0.0945205106	-0.1141578707	-0.0647942861	0.0236928582	0.0426735949	-0.1476544826	0.0834859344	0.1704689351	-0.0141300876	-0.0779112688	-0.1055548072	0.0387456454	-0.0680613876	-0.0922725718	0.0	0.0	0.0	0.0	0.1033053475649126	0.01847134254335	0.0003411904953537	0.0106719948355073	0.2434488962424126	-0.0976806291079981	0.0095415053029342	0.0592673650816489	0.4536892297261374	0.0511591347064523	0.2058339171694958	0.0026172570639129	0.003087440873031	0.0012543511839228	1.5733968926087804e-06	9.532291144462422e-06	-0.0033159368038275	0.0001093622261215	1.0995436886977735e-05	1.1960096502250097e-08	0.0029701383653228	3.983510774100037e-06	8.821721909162395e-06	1.5868358087371073e-11	0.0	0.0	0.0	0.0	0.0	0.0	0.0	0.0	0.0	0.0	0.0	0.0	0.0	0.0	0.0	0.0	0.0	0.0	0.0	0.0	0.0	0.0	0.0	0.0	0.0	0.0	0.0	0.0	0.0	0.0	0.0	0.0	0.0	0.0	0.0	0.0	0.0	0.0	0.0	0.0	0.0	0.0	0.0	0.0	0.0	0.0	0.0	0.0	0.0	0.0	0.0	0.0	0.0	0.0
538.6059328793776	2.3430107471189103	290096.35093286465	5.489699361114714	756.8170800345284	-0.4009188515799451	572772.0926319899	0.160735925552182	615.4191100812266	-0.6566361194004458	0.4311709933012764	378740.6810531688	629.2600598328096	495.2390921182245	1.015281	34.702599	0.6236510636348537	0.4252494686029581	-0.1308876421	-0.0350695189	0.0727883797	-0.0688118418	0.0591717171	0.0778460912	0.0292298537	-0.0062217396	-0.1370465227	0.0709045326	-0.0097298872	-0.1274217793	0.0794372585	0.011967085	-0.0140150272	-0.123654854	-0.2871751809	0.0549408045	-0.0751440758	-0.0389454325	-0.040043804	0.1018042624	-0.0472223338	-0.087435333	0.0431390527	-0.0550372558	0.1021774918	-0.0483320862	-0.0565882119	0.0437546259	0.0551380304	0.0106102001	-0.1996111763	0.0607840723	-0.0417429203	0.0414178942	0.0783674158	-0.1065878648	-0.0592220661	0.0242113946	-0.0960916062	0.0902153269	-0.01317096	-0.1622913199	0.0558350466	0.029167874	0.1524989719	0.0739037024	-0.0379450192	0.0681001009	0.1118571007	-0.0587828605	0.20971469	0.1531928644	-0.0745722585	-0.1002606294	0.037662093	0.13123432	0.0901002297	0.0047410584	0.0449829863	0.0173363537	0.0419447399	0.0225804475	0.0062239081	0.0378272004	-0.1373007649	-0.1357610656	0.0416999887	0.1027484026	0.050362611	-0.0336258529	-0.0138110046	-0.0378711277	-0.1796855283	0.1163407199	-0.0645551339	-0.0551833754	0.2624020411	0.0018098618	-0.0309537369	-0.0462751085	0.0201726411	0.1339518633	0.1318428017	-0.1268532876	0.0018227749	-0.1022845526	-0.240161344	-0.0391415305	-0.0471691887	0.1167148004	-0.0664804158	-0.0142922024	0.1860573043	-0.1480597176	-0.0805597243	-0.0441731745	0.037359574	-0.0702025453	-0.0905953245	0.0	0.0	0.0	0.0	0.0936784173331091	-0.0096269302318034	9.267778568801216e-05	0.0087756458740361	-0.163416361283879	-0.4068652575262916	0.1655393377819355	0.0267049071352632	0.4266463693049189	-0.0270428604212185	0.1820271244410692	0.0007313162997615	0.0043149124903421	0.0012274716173111	1.506686571304328e-06	1.8618469799310264e-05	-0.0041718668025525	-0.0008559299987249	1.740447261823962e-05	7.326161627173783e-07	0.0044890570583975	0.0015189186930746	2.015163327354841e-05	2.307113996171754e-06	0.0	0.0	0.0	0.0	0.0	0.0	0.0	1.0	0.0	0.0	0.0	0.0	0.0	0.0	0.0	0.0	0.0	0.0	0.0	0.0	0.0	0.0	0.0	0.0	0.0	0.0	0.0	0.0	0.0	0.0	0.0	0.0	0.0	0.0	0.0	0.0	0.0	0.0	0.0	0.0	0.0	0.0	0.0	0.0	0.0	0.0	0.0	0.0	0.0	0.0	0.0	0.0	0.0	0.0
539.6494085131836	1.043475633805997	291221.48410862894	1.088841398346827	758.6227507999965	1.805670765468108	575508.4780313537	3.2604469132661817	616.0229767893517	0.6038667081251106	0.3646550011818574	379484.3079324141	629.0927567331414	507.8114181177519	1.014664	34.681534	0.398873959039026	0.1859733713631591	-0.1122869453	-0.0744537065	0.0734878245	-0.0770323736	0.0982671453	0.1123627466	0.0052772354	-0.0756862061	-0.1353866569	0.0375847453	-0.0145938802	-0.1562499997	0.0049544895	0.0158878341	0.1025320233	0.005148847	-0.2219423834	0.1050225263	0.0704458528	-0.0374038993	-0.0398813426	-0.0272752908	-0.0246739263	-0.0192753009	-0.0837309817	0.062351792	0.1298752024	-0.079641033	0.0614926612	0.0359549536	-0.0986871375	-0.0488136402	0.0394829813	0.0399240683	0.0268233829	0.0030604268	-0.1085356021	0.0632127454	-0.0985617979	-0.1704602138	0.159307592	-0.0770739838	-0.0763058612	-0.1546199139	0.023931192	0.0501044966	0.0867328167	0.0979179495	0.0470948512	-0.0168948124	0.1300011624	0.0798915226	0.1502933898	0.1389896361	0.0269637242	-0.0185411656	0.1256119168	-0.0143812838	0.1133442435	-0.1601409537	0.0184276326	-0.0381969189	0.0190401464	-0.1165631137	0.0022140024	0.0118192364	-0.0978199394	0.0848859125	-0.098033453	-0.029674519	-0.0192131522	0.0836839098	0.08693594	0.0616524535	-0.1784981901	0.1533912579	-0.0764354419	-0.09154645	0.2339070513	-0.0092815942	-0.041243377	0.0200078384	0.0737423185	0.1395325117	0.1850510285	-0.2621700075	0.105130418	-0.0521256765	-0.1202397526	-0.1080275494	0.0530224761	0.1680388428	0.1456319837	0.0374876947	0.0200505843	-0.0664008609	-0.0067389437	0.0057176662	0.0359648137	-0.0722783984	-0.0887284774	0.0	0.0	0.0	0.0	0.1237519663123123	0.0300735489792032	0.0009044183482045	0.0153145491661636	-0.1894343560699951	-0.026017994786116	0.0006769360526903	0.0358853752596536	0.5120308789638557	0.0853845096589367	0.2621756210124986	0.007290514489697	0.0065711981571094	0.0022562856667672	5.090825010059558e-06	4.318064521999797e-05	-0.0034641600324902	0.0007077067700622	1.2000404730702503e-05	5.008488723920128e-07	0.0066730227338633	0.0021839656754658	4.4529232406656426e-05	4.769706071612788e-06	0.0	0.0	0.0	0.0	0.0	0.0	0.0	0.0	0.0	0.0	0.0	0.0	0.0	0.0	0.0	0.0	0.0	0.0	0.0	0.0	0.0	0.0	0.0	0.0	0.0	0.0	0.0	0.0	0.0	0.0	0.0	0.0	0.0	0.0	0.0	0.0	0.0	0.0	0.0	0.0	0.0	0.0	0.0	0.0	0.0	0.0	0.0	0.0	0.0	0.0	0.0	0.0	0.0	0.0
537.4221697510228	-2.227238762160823	288822.5885398972	4.960592503671676	763.9573044913155	5.334553691319002	583630.7630856367	28.457463085565188	618.3752012457459	2.3522244563941967	5.532959893258974	382387.8895157167	630.4065791309328	497.49871437554697	1.391802	47.572197	0.6649715485319312	0.3883398406279217	-0.0474052502	-0.0528926008	0.1255040944	-0.0943673824	-0.0645169854	0.1205759295	-0.0267770584	-0.1038838964	-0.1904514187	-0.0525281276	0.0887623097	-0.0079824991	0.035671243	0.0947805654	0.1728638612	0.0153963955	-0.0137456933	-0.0662271778	-0.1377313466	0.0960473602	0.0892049013	-0.0675548814	0.0306691032	-0.2260848549	-0.0794528343	-0.0589137001	-0.072994178	0.0115450684	-0.109160639	0.0013277661	0.0290497039	-0.1377227098	-0.0155088546	-0.0564558384	-0.0862386222	0.1422328497	-0.0074313246	0.0497304006	-0.0443286593	-0.0484949377	0.1371001529	-0.0755749804	0.0162897468	-0.1928177697	-0.0940320638	0.0585119659	-0.0531466009	0.0515891386	-0.094132858	-0.0344923789	0.1656682142	-0.1027965988	0.0722830252	0.0316680884	-0.0802615072	0.0566681032	-0.0939862088	-0.2413261936	0.0942973553	0.0777222136	0.0442205797	0.0649883046	-0.0100525017	-0.076289647	-0.0552303751	-0.1131769387	0.0558487921	0.0522256715	0.1224056924	0.0594279356	0.0142135802	0.1084454404	0.0112142297	-0.0169859247	-0.1145706609	0.0681212547	0.0130381741	-0.1128506498	0.1324890296	0.0264725522	0.0645924796	0.0464299033	0.1171857832	0.1692627359	-0.1307393379	-0.2526263397	0.0162870256	0.0985060813	0.4316983899	0.0754959175	0.0359801784	0.1675174979	-0.0035178195	-0.0077506859	0.0607217972	0.2328424814	0.079053163	0.0515824744	0.0345616891	-0.0742870158	-0.0866759375	0.0	0.0	0.0	0.0	0.0444432790166047	-0.0793086872957076	0.0062898678805683	0.0019752050497477	0.1414474407585686	0.3308817968285636	0.1094827634724988	0.0200073784971487	0.6978329062020805	0.1858020272382248	0.4869707649784416	0.034522393325834	0.0068439020977091	0.0002727039405997	7.436743921860501e-08	4.683899592302702e-05	-0.0030513730124508	0.0004127870200394	9.31087726111307e-06	1.703931239130082e-07	0.0073671125166129	0.0006940897827496	5.427434683243446e-05	4.817606265173877e-07	0.0	0.0	0.0	0.0	0.0	0.0	0.0	0.0	1.0	0.0	0.0	0.0	0.0	0.0	0.0	0.0	0.0	0.0	0.0	0.0	0.0	0.0	0.0	0.0	0.0	0.0	0.0	0.0	0.0	0.0	0.0	0.0	0.0	0.0	0.0	0.0	0.0	0.0	0.0	0.0	0.0	0.0	0.0	0.0	0.0	0.0	0.0	0.0	0.0	0.0	0.0	0.0	0.0	0.0
530.4627130612216	-6.959456689801186	281390.689948272	48.43403741721848	746.0492918559484	-17.908012635367186	556589.545878762	320.6969165484708	613.7246319029975	-4.650569342748327	21.6277952117106	376657.9238044698	625.3798927708676	476.8933530885096	1.394909	47.678394	0.64665537626748	0.323599179221098	-0.1248241021	0.0328589657	0.0663154001	-0.0340750375	0.0215944267	0.0601183625	0.0418022	0.0518862317	-0.0952332039	0.0680213105	0.1221016476	-0.0487827091	0.0782865729	0.0022300171	0.055109578	-0.0750015227	0.0262563254	0.1810459459	-0.3409980392	-0.1129711488	0.0496110181	0.1397921348	-0.019241768	0.0871869209	0.0256668106	0.1198972139	-0.0077255521	0.1929526741	0.0523979102	0.1648850083	0.0233997436	-0.0948375418	0.0760632632	-0.0470610376	-0.0121129963	0.0523266116	-0.0673587152	-0.0112844221	0.0817513702	0.1646947656	-0.0662268996	0.0147179837	0.0928929582	-0.1024081501	0.0314352196	0.0790710572	0.0309888247	-0.0403625082	-0.1581542677	-0.1223897124	0.0228046443	-0.2908432431	0.1295410339	0.0897159721	-0.0659749326	0.1520607495	0.0480560134	0.16765191	0.0364532043	0.0821666671	-0.0039193105	-0.0995989345	0.0034798572	-0.0082677033	0.1302666654	0.1275041005	0.1026530737	0.0436856573	-0.0688579798	0.1314534876	-0.0295007231	-0.0691885159	0.0029357231	0.13262247	-0.1041887952	-0.0239848345	0.1072787419	-0.1417797152	0.0617080812	-0.0176620861	0.1587473851	-0.0927437517	-0.0337295898	0.0077459476	-0.1253897839	-0.0173711942	-0.1142271939	0.1376647914	-0.0712893627	0.0342164335	-0.0944036656	0.0198005068	0.0771567511	-0.1509665964	-0.0515690031	0.1705472375	0.1880526206	-0.3058715032	0.0331505264	-0.0762265289	-0.0844420004	0.0	0.0	0.0	0.0	0.0550365648509796	0.0105932858343749	0.0001122177047687	0.003029023470596	0.2508010483698228	0.1093536076112542	0.0119582114975961	0.0629011658634022	0.5129785089525996	-0.1848543972494809	0.2631469506472322	0.0341711481824689	0.0082575991902945	0.0014136970925853	1.998539469584412e-06	6.818794438755237e-05	-0.0040509357932634	-0.0009995627808125	1.6410080801142568e-05	9.991257527858174e-07	0.0029432906785635	-0.0044238218380494	8.662960018518789e-06	1.9570199654802776e-05	0.0	0.0	0.0	0.0	0.0	0.0	0.0	0.0	0.0	1.0	0.0	0.0	0.0	0.0	0.0	0.0	0.0	0.0	0.0	0.0	0.0	0.0	0.0	0.0	0.0	0.0	0.0	0.0	0.0	0.0	0.0	0.0	0.0	0.0	0.0	0.0	0.0	0.0	0.0	0.0	0.0	0.0	0.0	0.0	0.0	0.0	0.0	0.0	0.0	0.0	0.0	0.0	0.0	0.0
529.1003016029529	-1.3624114582687523	279947.12915633566	1.856164981621989	753.5564243861608	7.507132530212402	567847.2847336556	56.35703882617327	607.4099857837857	-6.3146461192118295	39.87475561087702	368946.8908298588	622.5664017985638	477.64470127358936	1.393746	47.638664	0.625432767552737	0.3988481646702008	-0.2341437366	0.0541613632	0.012007313	-0.0332209758	0.233095051	0.0225522464	-0.0142994609	0.1240139391	0.0363339161	0.2136518972	0.0454561269	-0.1314427886	0.1257846667	-0.0659532317	0.1543318213	-0.0201586848	0.1071086273	0.0228871766	0.1195781462	-0.0287981941	-0.0385310139	0.0482588483	0.1285316612	0.0449978536	-0.1417790679	-0.1135368089	-0.0481535449	-0.1471108045	0.0372890779	0.0142836551	0.1454361227	-0.0637937741	-0.0612971947	-0.0486539018	-0.2106625928	-0.0936259263	0.0529173564	-0.1317881191	0.0358820962	-0.0642611816	0.0168472241	0.0839187379	0.0070258653	0.0037623651	0.2319384346	0.0944437374	0.1354191128	-0.0564877313	-0.0482676751	-0.09591673	-0.0113597668	0.1124947439	0.0580201829	-0.0087381524	0.0990661631	0.1086030173	-0.021987855	-0.0631019508	-0.0085231197	0.0163412649	0.0152518433	0.238243418	-0.0017401884	-0.0427333816	0.1197565291	0.0674402312	-0.0928920791	-0.1250327084	0.0937555169	0.0583443446	0.0163812668	0.1232109704	-0.1060001918	-0.1206330186	-0.14830722	-0.0652280329	0.0892416378	-0.1022352487	0.0229288269	-0.1347478299	0.0287717678	-0.1370229489	-0.0398475699	-0.1022265313	0.0900606901	-0.0543252728	0.0235148456	0.0386737736	-0.0518354404	0.0619436987	-0.0641293656	-0.0831886329	0.1334097128	0.0861676588	-0.1991000748	-0.0481246132	-0.0236342677	-0.1437750554	0.0317316538	-0.0780951336	-0.0820313413	0.0	0.0	0.0	0.0	0.00534759353242	-0.0496889713185596	0.0024689938706966	2.859675658798021e-05	0.330506443062518	0.0797053946926951	0.0063529499431183	0.1092345089058374	0.1645993566721273	-0.3483791522804722	0.0270929482168781	0.1213680337436604	0.010998155651609	0.0027405564613145	7.510649717652656e-06	0.000120959427737	-0.0041121304224587	-6.119462919530055e-05	1.6909616611310368e-05	3.744782642350331e-09	0.0030947245732739	0.0001514338947103	9.57732018442532e-06	2.2932224467160457e-08	0.0	0.0	0.0	0.0	0.0	0.0	0.0	0.0	0.0	0.0	1.0	0.0	0.0	0.0	0.0	0.0	0.0	0.0	0.0	0.0	0.0	0.0	0.0	0.0	0.0	0.0	0.0	0.0	0.0	0.0	0.0	0.0	0.0	0.0	0.0	0.0	0.0	0.0	0.0	0.0	0.0	0.0	0.0	0.0	0.0	0.0	0.0	0.0	0.0	0.0	0.0	0.0	0.0	0.0
529.4699456580266	0.3696440550737634	280338.42335511366	0.1366367274513754	748.8033196040562	-4.753104782104515	560706.4114500544	22.592005069664808	611.3169786837991	3.906992900013393	15.264593520755058	373708.4484270885	624.893228860726	478.7500969480396	1.197208	40.920914	0.560347091537993	0.3148907041312973	-0.1351663348	0.0785268897	-0.0403916827	0.0141666369	0.1564697991	0.0633243656	-0.0680103896	-0.0282898717	-0.0273267775	0.1221292488	0.1216579571	-0.0035465987	-0.0540386193	0.0242617149	-0.0428341135	-0.0443964075	-0.0102030433	0.0161787252	0.1376207099	0.1209969675	0.0838018477	0.0267463123	-0.0046285808	0.0095133771	-0.0592233438	-0.0403586184	0.0141539776	0.0958470712	-0.0810748207	-0.0655703187	0.039200634	-0.0025437055	0.1114315562	0.0815847236	0.0870233242	0.0593870347	0.008830742	0.0478042889	-0.0206657522	0.0106528798	-0.0233604915	0.1118493358	-0.052227524	-0.0447734879	0.1183353746	0.1292987885	-0.0422176808	0.0459364338	-0.0150253878	0.0317433767	-0.0001612623	0.127068392	-0.053445246	-0.0522850633	-0.0357853869	-0.0170494952	0.0635147524	-0.0924116465	0.0479237974	0.1594790489	-0.0692551541	0.001327222	0.0999645025	-0.080378235	-0.1033934425	-0.0451133521	-0.0309921476	0.0894545341	-0.0750580219	-0.0035462053	-0.0736115389	-0.1290816709	0.0835896585	0.0095966794	-0.0836378649	-0.082134264	0.0770586728	-0.0784355655	0.024823513	-0.0668836093	0.0414603443	-0.1043969227	-0.0344666067	-0.0511196635	-0.0713336001	0.0445190842	0.017534919	0.1252295114	0.0225817284	0.0451481777	0.0852187337	0.0256002371	0.1684764969	0.0722244725	0.0491452336	0.1995495937	-0.0079855142	0.081091089	0.0303054013	-0.0798910917	-0.0794490053	0.0	0.0	0.0	0.0	0.0598390121438967	0.0544914186114766	0.0029693147022911	0.0035807073743574	0.4836459518370049	0.1531395087744869	0.0234517091476911	0.2339134067283224	0.4075794933076366	0.2429801366355093	0.1661210433649098	0.0590393467994107	0.0095183354045861	-0.0014798202470229	2.189867963498917e-06	9.059870887419725e-05	-0.0035138127016922	0.0005983177207665	1.2346879702573436e-05	3.5798409498322e-07	0.0032113071558149	0.000116582582541	1.0312493648987983e-05	1.3591498551929149e-08	0.0	0.0	0.0	0.0	0.0	0.0	0.0	0.0	0.0	0.0	0.0	1.0	0.0	0.0	0.0	0.0	0.0	0.0	0.0	0.0	0.0	0.0	0.0	0.0	0.0	0.0	0.0	0.0	0.0	0.0	0.0	0.0	0.0	0.0	0.0	0.0	0.0	0.0	0.0	0.0	0.0	0.0	0.0	0.0	0.0	0.0	0.0	0.0	0.0	0.0	0.0	0.0	0.0	0.0
525.7217022598803	-3.7482433981463146	276383.30822702625	14.049328571747433	740.3586747850691	-8.444644818987172	548130.9673295036	71.31202611884689	609.3985663811025	-1.918412302696652	3.68030576313787	371366.61270734295	621.5701273753231	475.8093223245037	1.060747	36.256657	0.5499698683681775	0.3240793922479678	-0.0540325578	0.0923349423	-0.0577042444	0.0841201949	0.1071798628	-0.0239471035	-0.0277687092	-0.0151765663	0.0204694418	0.0715303869	0.1338846794	-0.0128556645	-0.0063634014	-0.0560012131	-0.0853437095	-0.0904963482	0.0796260362	0.0040906087	-0.0419091781	0.0542092342	-0.0153602861	-0.0268935362	-0.1036740074	-0.0079100316	-0.153813437	0.0682225613	0.1208233253	-0.0812743996	-0.0507631099	-0.0571900395	0.1128412877	0.0027934242	0.019370656	-0.0688258413	0.0179667527	0.0055880811	-0.000412225	0.1597584238	-0.0108242826	-0.0025425701	-0.0892284682	0.0113329543	-0.0967527684	0.0152282314	0.0837557614	0.1310136548	-0.0462500318	-0.01368672	-0.0267547831	0.0165021968	-0.0332879981	-0.0541382697	-0.0609283864	-0.0852357224	-0.1142435463	0.1024596347	0.0722040396	0.0145512297	-0.0145390293	-0.0430002903	0.1055247252	0.1326373852	-0.0459344828	0.0053238569	0.0998887744	-0.124794128	0.0271175544	0.0649389496	-0.0979026982	-0.0541342107	0.1161463805	-0.000614268	-0.0403415303	-0.0876358428	-0.0242288163	-0.0414685487	0.0215920274	-0.0104518697	0.0192070309	-0.0632224646	-0.0829367829	-0.0624044758	-0.066596436	-0.0739384697	-0.0828961292	0.0113445965	-0.0174042843	0.0644864124	0.0385739903	-0.0525367805	0.0738891706	0.0697145476	0.0859554941	0.0171814469	-0.1263624472	0.0253332751	-0.1304506825	-0.0903130396	0.0288721006	-0.0816127324	-0.0767003968	0.0	0.0	0.0	0.0	0.0655425841454331	0.0057035720015364	3.253073357670994e-05	0.0042958303364611	0.7471313278492886	0.2634853760122837	0.0694245433723345	0.5582052210538412	0.5180486763747041	0.1104691830670674	0.2683744310935829	0.0122034404075052	0.0072818834181076	-0.0022364519864785	5.001717487823629e-06	5.302582611491042e-05	-0.0041870821412994	-0.0006732694396072	1.753165685798837e-05	4.5329173830899355e-07	0.003707820475475	0.0004965133196601	1.3747932678351655e-05	2.465254765998928e-07	0.0	0.0	0.0	0.0	0.0	0.0	0.0	0.0	0.0	0.0	0.0	0.0	1.0	0.0	0.0	0.0	0.0	0.0	0.0	0.0	0.0	0.0	0.0	0.0	0.0	0.0	0.0	0.0	0.0	0.0	0.0	0.0	0.0	0.0	0.0	0.0	0.0	0.0	0.0	0.0	0.0	0.0	0.0	0.0	0.0	0.0	0.0	0.0	0.0	0.0	0.0	0.0	0.0	0.0
524.2493792131061	-1.4723230467742496	274837.4116053271	2.1677351540626093	739.2880992344448	-1.0705755506243122	546546.8936696782	1.1461320095945493	607.9681076901153	-1.430458690987166	2.046212066620716	369625.2199682996	621.0124853607407	480.22720628530107	0.917294	31.353373	0.3469419850100728	0.21569728666874	-0.0144319302	0.1157448101	-0.0802478882	0.1236096417	0.1130995131	0.0285779914	-0.0465739685	-0.0589159086	0.066685618	0.0345641457	0.1114776982	-0.1096886221	-0.1217447116	-0.0905862221	-0.087319316	-0.0609926973	0.1008784734	0.0139713541	0.0912185074	-0.0719723541	0.0087129964	-0.08286206	0.0070662797	-0.0645410826	0.1241261131	-0.0512381959	-0.0305098018	0.0011038328	0.0369954148	-0.170882085	-0.0521805538	0.0810315758	-0.0874549151	0.1323751385	-0.0520074307	0.021542152	0.0095472939	0.055242269	0.0776868778	-0.0649380369	-0.0846681015	0.0274673921	-0.047921124	0.0524883877	0.0697225044	0.1541998986	-0.0006027683	0.078742972	0.1024500539	0.0019459834	-0.0289033547	0.0212757853	-0.0891115852	-0.0871064998	-0.1007785731	0.041887945	-0.0326976891	0.0443019277	0.0418183803	-0.0353188138	0.0253640619	-0.0263417819	-0.0398335264	0.0105569467	-0.1261250427	-0.0642403459	-0.0057507742	-0.1101265302	-0.056507803	0.0349376737	-0.07642954	-0.0035608841	-0.1301729764	-0.1390148519	0.0210340412	-0.039172569	0.0265381416	0.0244262983	-0.0120658824	-0.0720489329	-0.1614550393	0.0234570578	-0.0590942969	0.008045355	-0.0148369063	-0.0474992814	-0.0412175929	0.0928305772	0.0328910806	0.1065260962	0.2084783161	-0.0234643491	0.0616991451	0.1444366637	0.001781395	0.0389961367	-0.0088051946	-0.0617454172	0.0274320852	-0.0832584543	-0.073791268	0.0	0.0	0.0	0.0	0.0766679795664799	0.0111253954210468	0.0001237744232746	0.0058779790908061	0.7804872757001249	0.0333559478508362	0.0011126192570277	0.6091603875298027	0.5840256281785088	0.0659769518038047	0.3410859343693018	0.0043529581693215	0.0036110070294313	-0.0036708763886763	1.3475333460941154e-05	1.3039371766602264e-05	-0.0031797380363745	0.0010073441049249	1.011073397996676e-05	1.0147421457269483e-06	0.0037592737805615	5.1453305086499816e-05	1.4132139357217151e-05	2.647442604324428e-09	0.0	0.0	0.0	0.0	0.0	0.0	0.0	0.0	0.0	0.0	0.0	0.0	0.0	0.0	0.0	0.0	0.0	0.0	0.0	0.0	0.0	0.0	0.0	0.0	0.0	0.0	0.0	0.0	0.0	0.0	0.0	0.0	0.0	0.0	0.0	0.0	0.0	0.0	0.0	0.0	0.0	0.0	0.0	0.0	0.0	0.0	0.0	0.0	0.0	0.0	0.0	0.0	0.0	0.0
521.5066762739692	-2.742702939136848	271969.2133983225	7.522419412349904	730.2282331739153	-9.05986606052943	533233.272524298	82.08117303473306	607.962674840837	-0.005432849278236	2.9515851280030108e-05	369618.6139996254	619.514267954432	463.579256323216	0.814135	27.827387	0.2650476957482396	0.1568340087847978	-0.0043775435	0.1590928176	0.0075699132	0.1569173833	0.0512011553	0.0557873558	-0.006183962	-0.0530882223	0.0797354948	0.0250803646	0.0995548761	-0.0890838197	-0.0992527476	-0.0429338903	-0.0882796162	-0.0196130543	0.0593278234	0.0876218392	0.0056464466	0.1063995019	-0.0810869785	0.1936508481	-0.0040549317	0.1297309526	0.0616579285	0.0806942454	0.0202191004	0.0620577074	-0.0533284989	0.0118100611	-0.0347067346	-0.0382765262	-0.0511185409	-0.0729500661	0.0333265363	-0.1274109041	-0.0134004744	0.0169107169	-0.070730022	-0.0908205271	0.0060159472	-0.110820413	-0.0888291204	0.072979753	0.0413778628	0.098627588	0.0065002354	0.0782150316	0.0474835919	-0.0308272578	0.0180770599	-0.0904029228	-0.08725013	-0.1303704376	-0.0821944445	-0.0091434566	0.1558687003	0.0971288899	0.0127956056	0.0148932573	-0.0964018361	-0.1145167055	-0.0263252768	0.0085499038	0.0978900565	0.1012839229	0.0203919888	-0.0110433741	0.0304254564	-0.1000817774	0.0416625367	-0.001066734	-0.0206368415	0.0016825472	0.0342487059	-0.0260178578	0.0262105983	-0.0146859083	0.0001427772	-0.1224317596	-0.1050883911	0.0421270075	-0.0292348216	0.0245863679	-0.0206606396	-0.049761661	-0.1078798912	0.0699459159	-0.0024364668	0.0347524506	0.0974432967	-0.0554704051	0.0575661284	0.0668220718	-0.0648769976	0.0547021754	-0.1081891122	-0.0435091394	0.0259856898	-0.0848267265	-0.0707277074	0.0	0.0	0.0	0.0	0.0820948141138302	0.0054268345473502	2.9450533204314686e-05	0.0067395585043843	0.7700541836605197	-0.0104330920396051	0.0001088494095068	0.5929834457730694	0.6963045734183879	0.1122789452398791	0.4848400589633632	0.0126065615441797	0.0058893133520933	0.002278306322662	5.190679699881645e-06	3.468401175914442e-05	-0.0031642798928304	1.5458143544099662e-05	1.0012667240170767e-05	2.3895420182999006e-10	0.0033148617683395	-0.0004444120122219	1.0988308543198878e-05	1.975020366072069e-07	0.0	0.0	0.0	0.0	0.0	0.0	0.0	0.0	0.0	0.0	0.0	0.0	0.0	0.0	0.0	0.0	0.0	0.0	0.0	0.0	0.0	0.0	0.0	0.0	0.0	0.0	0.0	0.0	0.0	0.0	0.0	0.0	0.0	0.0	0.0	0.0	0.0	0.0	0.0	0.0	0.0	0.0	0.0	0.0	0.0	0.0	0.0	0.0	0.0	0.0	0.0	0.0	0.0	0.0
521.1025437343077	-0.404132539661532	271547.86108636606	0.1633231096132797	725.8606321607317	-4.3676010131836165	526873.6573207771	19.075938610362552	607.2024001092869	-0.7602747315501119	0.5780176674335947	368694.75469847856	618.3416502988429	468.4171404052343	0.852713	29.146	0.180238497851478	0.1185591257085342	0.0723230749	0.1386348906	0.0532402175	0.157868133	-0.0076475171	0.0978851987	0.0125486506	-0.0698315291	0.0939057573	-0.0313504934	0.0123341304	-0.0612338911	-0.0982444015	-0.0242566804	-0.0095166864	-0.0478200415	0.027024375	0.0148890243	0.0625059288	0.1299479832	0.0220631102	-0.0010522913	0.1069695834	-0.0456163742	0.1446120243	0.0757837803	0.0176685681	0.0275149013	0.0999307197	-0.0140969339	-0.0231613887	-0.0673869914	-0.0272240317	0.1567109903	-0.0977940327	0.0140611343	0.016281592	-0.0645510401	-0.0245042588	0.122664352	0.0492084417	0.0062129475	-0.098506965	0.0884066393	-0.0198862191	0.0292481324	0.0127175815	0.0951635222	0.1023942769	0.0088286411	0.0464877435	0.0209806274	-0.0151772395	-0.1424743031	-0.0456944303	-0.0921864502	-0.0306409974	-0.0020155399	0.0732266772	0.0135206896	-0.173874818	-0.078654447	-0.0826835411	-0.099768176	-0.0426095343	0.0073729814	-0.0569984537	-0.0402785709	-0.1171502292	0.0380951098	0.004886258	0.0668840005	-0.035426009	0.00024297	0.0630899885	0.0089019386	0.0230848783	-0.0187392917	-0.0168671233	-0.1103230838	-0.107382581	0.0420277524	0.0033778942	0.039105897	-0.0654668683	-0.05241709	-0.0943452326	0.0151099104	-0.018349362	0.0408059188	0.148220974	-0.0959966603	0.0382549609	0.0972906043	0.0134237541	0.0538713959	0.0037912263	0.095139474	0.0245332508	-0.0863160901	-0.0675161264	0.0	0.0	0.0	0.0	0.0935194549941513	0.0114246408803211	0.0001305224192443	0.008745888462403	0.7772057486750583	0.0071515650145386	5.114488215717276e-05	0.6040487757735579	0.8127464615163262	0.1164418880979383	0.6605568107073092	0.0135587133038127	0.0063090581308527	0.0004197447787594	1.76185679295778e-07	3.980421449847857e-05	-0.0034831170140832	-0.0003188371212527	1.2132104133795864e-05	1.0165710988877249e-07	0.0031490355911781	-0.0001658261771614	9.916425154506406e-06	2.749832103196406e-08	0.0	0.0	0.0	0.0	0.0	0.0	0.0	0.0	0.0	0.0	0.0	0.0	0.0	0.0	0.0	0.0	0.0	0.0	0.0	0.0	0.0	0.0	0.0	0.0	0.0	0.0	0.0	0.0	0.0	0.0	0.0	0.0	0.0	0.0	0.0	0.0	0.0	0.0	0.0	0.0	0.0	0.0	0.0	0.0	0.0	0.0	0.0	0.0	0.0	0.0	0.0	0.0	0.0	0.0
522.2971224591606	1.1945787248529314	272794.2841291194	1.4270183298712555	736.097672544207	10.237040383475232	541839.7835249985	104.79699581290274	609.238402861894	2.036002752607033	4.1453072086234135	371171.4315217114	620.0183085735579	460.14629892925126	1.140379	38.978493	0.6557679378199126	0.4216935785405925	0.0823222749	0.1254810746	0.1822440714	0.1212264552	-0.1281353675	0.1623091358	-0.109718752	-0.0968361648	0.0425709652	-0.1290355302	0.0181524087	-0.0604201395	0.0226188002	-0.0628093778	-0.1412893328	-0.0251291021	0.0988611153	0.099380121	-0.0471080176	0.1415512387	-0.1742648549	-0.0331226006	0.077891887	0.0200312105	0.0097698698	-0.0680144771	0.0424531504	0.0552490857	-0.017804603	0.0414746164	0.07684917	0.1409883756	0.0266560054	0.006475627	-0.0726231394	0.0945681914	0.0915057792	0.002883198	-0.0329779813	-0.0498085968	-0.0909224075	-0.0222501816	-0.0394087789	0.0486198204	-0.1256138229	0.0472019382	0.0969954094	0.0801340624	-0.00813791	0.0904744149	0.0356867206	-0.0720033201	-0.0915149896	-0.3070920978	-0.0140066511	-0.0503749413	-0.0085876766	0.1030694211	0.1698913257	-0.0823476038	0.0615106256	0.0899568445	-0.0741806021	0.0019945229	0.1751528586	0.057451861	0.1666163172	0.0167838505	0.0695217557	0.0053387494	0.0238377765	-0.0344443738	0.0193375171	-0.1270886641	0.0914350974	0.080189378	0.0496561216	-0.1113196095	-0.0575122398	-0.0881398175	0.0692889649	0.0183127472	-0.0201848146	0.0217284231	-0.0823404901	-0.0907085385	-0.2678279634	-0.0566685562	-0.0672129913	-0.1264853938	0.0553581797	-0.013798003	-0.116828457	0.0839205184	0.0338412309	0.0847667026	0.0384580412	-0.0326723613	0.0230751061	-0.0877251596	-0.0641632461	0.0	0.0	0.0	0.0	0.1338106355650268	0.0402911805708754	0.0016233792317948	0.0179052861903164	0.7098313975061359	-0.0673743511689224	0.0045393031954332	0.5038606128855139	1.220473002527001	0.4077265410106747	1.489554349897273	0.1662409322445294	0.0084188495419189	0.0021097914110661	4.451219798208704e-06	7.087702760946806e-05	-0.0038680165305582	-0.000384899516475	1.4961551880671494e-05	1.481476377826889e-07	0.0034618619650257	0.0003128263738476	1.19844882648916e-05	9.78603401746384e-08	0.0	0.0	0.0	0.0	0.0	0.0	0.0	0.0	0.0	0.0	0.0	0.0	0.0	1.0	0.0	0.0	0.0	0.0	0.0	0.0	0.0	0.0	0.0	0.0	0.0	0.0	0.0	0.0	0.0	0.0	0.0	0.0	0.0	0.0	0.0	0.0	0.0	0.0	0.0	0.0	0.0	0.0	0.0	0.0	0.0	0.0	0.0	0.0	0.0	0.0	0.0	0.0	0.0	0.0
519.6753449252535	-2.6217775339071068	270062.4641231812	6.87371743730003	718.6110752650669	-17.486597279140028	516401.87749361567	305.78108440282745	602.9851244488499	-6.253278413044086	39.10349091104316	363591.060306595	613.3934652916471	442.5462805402866	1.242089	42.454975	0.7443249885596385	0.5217936778443673	-0.0256955205	0.1775757926	0.1812677779	0.153758607	-0.0847704708	0.1461684034	0.1364933792	0.069252926	0.1545798634	0.0069889485	-0.1626917534	-0.0741255494	0.1256880725	0.0071015969	-0.1146230922	0.0086106025	0.0258796225	0.1587065806	-0.0070002548	0.0336596009	0.0283879203	0.0173158395	0.0064697366	-0.0164172163	-0.0136731347	-0.0327583042	0.0913615506	0.1150647032	-0.0930176342	0.0657441128	0.0020524484	-0.1007232274	-0.085482646	-0.119753669	-0.0143913985	-0.0871265283	0.0014002484	-0.0122158643	0.0839942789	-0.1174627967	-0.0879534535	0.0438588239	-0.0755389442	0.1417930483	-0.0159913422	-0.1247548246	0.209044486	0.0628590381	-0.0653131696	0.1228302691	-0.010661987	-0.1643757661	0.0185092561	-0.0894309341	0.0002741543	0.0915624846	0.0720698678	0.0156329073	0.1002033683	0.0159537666	-0.0889651823	-0.0534578107	0.0229675944	0.0481512885	-0.0768730558	-0.0595642989	-0.065642307	-0.000612506	0.0833551776	-0.1486272205	0.0607623854	-0.0751657479	-0.0363014641	0.0908117173	0.0304944335	0.0221943777	0.0341343601	-0.1098732746	-0.0157718667	-0.2136161065	0.0495887185	0.006556905	-0.0686119935	-0.0312513544	-0.0145712819	-0.1132004364	-0.0585754193	-0.0156710001	-0.0995142756	-0.134847519	0.0122798301	-0.0267893432	-0.0193056998	-0.0868763055	-0.1649787771	-0.1697231244	-0.0890425071	-0.103298907	0.0216115948	-0.0890526243	-0.0606760837	0.0	0.0	0.0	0.0	0.1173945159145546	-0.0164161196504721	0.0002694889843786	0.0137814723668126	0.7221932450720914	0.0123618475659554	0.0001528152752439	0.5215630832277578	0.7701701182040352	-0.4503028843229657	0.5931620109744177	0.2027726876295822	0.0125776674893174	0.0041588179473985	1.7295766719603876e-05	0.0001581977194718	-0.0030957131717677	0.0007723033587905	9.583440041856031e-06	5.96452477999088e-07	0.0030881005308098	-0.0003737614342159	9.53636488838777e-06	1.3969760970712658e-07	0.0	0.0	0.0	0.0	0.0	0.0	0.0	0.0	0.0	0.0	0.0	0.0	0.0	0.0	1.0	0.0	0.0	0.0	0.0	0.0	0.0	0.0	0.0	0.0	0.0	0.0	0.0	0.0	0.0	0.0	0.0	0.0	0.0	0.0	0.0	0.0	0.0	0.0	0.0	0.0	0.0	0.0	0.0	0.0	0.0	0.0	0.0	0.0	0.0	0.0	0.0	0.0	0.0	0.0
525.9119000991717	6.236555173918191	276583.32666592114	38.89462043732576	728.7334644317627	10.122389166695823	531052.4621827193	102.462762442041	607.869432113713	4.884307664863059	23.856461365040023	369505.2464982479	618.9256596385984	473.794881350989	1.220443	41.715092	0.4447658010630796	0.3048906017770293	0.0330152682	0.0888967438	0.0212057102	0.0883837083	-0.0173197379	0.0619425273	0.0954875401	0.0737756309	0.046965737	-0.0083970045	-0.0654364802	0.053438239	-0.0044551997	0.0217337382	-0.0178239741	-0.1045131161	-0.0413244152	0.0289730008	0.190453423	-0.0008362991	0.027621011	-0.1179647789	-0.0020283146	0.0148902486	0.0597733735	0.1294468843	-0.0447094799	0.01575668	0.0622722577	-0.01160392	0.0249016649	-0.2609241406	0.015697501	0.056942408	0.0777282482	0.1133212006	0.0763236715	-0.0313549568	-0.0386741512	0.0135472489	-0.0042668477	-0.0549975542	0.1045373343	0.0466446533	-0.0062874081	-0.0475611111	0.0108212272	-0.0158170453	0.0360374405	0.0500098767	-0.104811488	0.0547374525	0.0488522612	0.0114010114	-0.0554114036	0.0128617265	-0.0119107089	-0.1100555044	-0.0446582355	-0.076103013	-0.2136389248	-0.0268327357	-0.06132839	-0.0414456672	-0.0254481999	-0.0757298757	-0.1660423922	0.1015213589	-0.0302231831	0.1140960662	-0.154273928	0.0449574434	0.1208420343	-0.0046391827	0.0376321102	-0.0063878122	0.0159115245	0.0003808241	0.0093681285	-0.1173557641	-0.0707635317	0.0012090379	-0.0435012691	-0.0818625959	-0.0822787248	-0.0166312613	-0.0409943272	0.025911038	0.056243774	-0.043798444	0.0552509454	-0.0399330163	0.0641502895	-0.0575887065	-0.0007334849	-0.1128375794	0.0708753325	0.1749357667	0.0201430573	-0.0902972493	-0.0570619372	0.0	0.0	0.0	0.0	0.1016235242547338	-0.0157709916598208	0.0002487241779341	0.0103273406819524	0.747918877616442	0.0257256325443506	0.0006618081698069	0.5593826474950384	0.7162717446688021	-0.0538983735352331	0.5130452122108896	0.0029050346697435	0.0067757777797026	-0.0058018897096147	3.36619242025341e-05	4.59111645199115e-05	-0.0041581943630706	-0.0010624811913029	1.7290580361072112e-05	1.1288662818724305e-06	0.0032111456963656	0.0001230451655557	1.0311456683287315e-05	1.5140112766654227e-08	0.0	0.0	0.0	0.0	0.0	0.0	0.0	0.0	0.0	0.0	0.0	0.0	0.0	0.0	0.0	0.0	0.0	0.0	0.0	0.0	0.0	0.0	0.0	0.0	0.0	0.0	0.0	0.0	0.0	0.0	0.0	0.0	0.0	0.0	0.0	0.0	0.0	0.0	0.0	0.0	0.0	0.0	0.0	0.0	0.0	0.0	0.0	0.0	0.0	0.0	0.0	0.0	0.0	0.0
526.0453265122659	0.1334264130941846	276723.6855453964	0.01780260771118	730.6379645211356	1.9045000893728457	533831.8351995882	3.627120590421177	608.278572704659	0.4091405909460945	0.1673960231597194	370002.8220116172	618.290888965578	476.7258717784024	0.780838	26.689285	0.1124131366830685	0.0562873581128346	0.026730352	0.0636429496	-0.0064985896	0.0771969247	-0.0174414221	-0.0183493377	0.0629777625	0.080758742	0.0450088653	0.0097572692	-0.0120499805	0.0314203637	0.0230326605	-0.0409343038	-0.0722748027	-0.0334623423	0.0658689626	0.0942983346	0.0487416612	-0.0369146051	-0.0013955629	0.1395111317	-0.0329530389	-0.0342809656	-0.103718427	0.018069377	0.0128567107	-0.0218957728	0.0468357049	0.0121088841	0.104009725	0.0857541282	-0.0621650737	-0.0027680663	0.1006681266	0.0921451508	0.040604864	0.0119290573	0.0945263997	0.070186311	0.0227280233	0.0728358935	0.0914872776	0.0583257978	0.0067912246	-0.0169868988	-0.0040588555	-0.0459280385	-0.0096944517	0.0278258736	-0.0647178846	0.0350789755	0.0243184742	-0.0163897547	-0.0115775031	0.0839230324	0.0307810659	0.0581283437	-0.015723744	0.084263707	-0.0165707311	-0.0445826047	0.0084343309	0.0790499612	0.1365691683	-0.0105449373	-0.0207130622	-0.0770624993	-0.0651784015	-0.0331640767	0.0188104793	0.0219350097	0.0081820233	-0.0019032946	0.0473084197	-0.0115065823	0.017744698	0.0104333306	-0.0109792504	-0.0779597348	-0.0533328966	-0.0004214068	-0.0229275019	-0.0768074203	-0.0776911509	-0.021136748	-0.0715869115	0.0224225164	0.0648436784	-0.0067778955	-0.0017172358	-0.0469661788	0.021825005	0.0038029739	0.0553002873	-0.1659044512	0.0280604345	0.0458928295	0.018669835	-0.0914578769	-0.0533283702	0.0	0.0	0.0	0.0	0.1063970353703069	0.0047735111155731	2.278640837049995e-05	0.0113203291355903	0.7570209161902426	0.0091020385738005	8.2847106198953e-05	0.5730806675495143	0.6975606546245672	-0.0187110900442348	0.4865908668802547	0.0003501048906434	0.0058821632073151	-0.0008936145723875	7.98547003983295e-07	3.459984399749147e-05	-0.0043987603642312	-0.0002405660011605	1.93490927419314e-05	5.787200091440162e-08	0.0036734950618067	0.0004623493654411	1.3494565969118212e-05	2.137669357237879e-07	0.0	0.0	0.0	0.0	0.0	0.0	0.0	0.0	0.0	0.0	0.0	0.0	0.0	0.0	0.0	0.0	0.0	0.0	0.0	0.0	0.0	0.0	0.0	0.0	0.0	0.0	0.0	0.0	0.0	0.0	0.0	0.0	0.0	0.0	0.0	0.0	0.0	0.0	0.0	0.0	0.0	0.0	0.0	0.0	0.0	0.0	0.0	0.0	0.0	0.0	0.0	0.0	0.0	0.0
525.3767593477382	-0.6685671645276443	276020.7392627313	0.4469820534845342	732.8207639421736	2.1827994210379984	537026.272064791	4.764613312483821	609.0709943648571	0.7924216601981016	0.6279320875511155	370967.47617659584	619.5458953627966	483.1354269726118	0.698517	23.875532	0.1052416075538143	0.056856801617677	0.0388737791	0.0394515087	-0.0310593252	0.0822090755	-0.0055534386	-0.0234900989	0.034378594	0.0332309336	0.0324293746	-0.0139145017	0.0307561561	0.0813056772	-0.0325143121	-0.0538222229	-0.0367358976	0.0323029314	-0.0572350881	0.0929112	0.1704898853	0.0607970077	0.0686375803	-0.1008582224	-0.0150940198	-0.0269833332	4.81834e-05	0.0073328457	-0.0040222197	-0.051848034	-0.0739303718	0.0629608257	-0.0388849736	-0.0628336402	0.0246666926	-0.092346795	0.018672812	0.0855096373	-0.0215515052	-0.0431259601	-0.035852382	0.0009557481	-0.0534583984	0.0416000623	-0.0337071495	0.0465696637	-0.0030202785	0.0263024918	-0.058370314	-0.0451488702	0.0308324555	0.1064193691	-0.0035851404	0.0375727646	0.0568501994	-0.0128801656	0.0395373757	0.0272438903	0.0956185975	-0.0966504947	0.0074856846	0.0242434239	-0.136953547	0.0106551512	-0.0202654404	-0.0030744616	-0.0987169934	-0.0306334175	-0.0124908182	-0.0004667695	-0.0043800946	-0.0931750511	-0.0228658263	-0.0525555102	0.0526718566	0.0036995675	0.0496352467	-0.0074126716	0.012472966	0.0293603351	-0.0088940533	-0.0727196699	-0.0703995869	-0.0038360283	-0.0084753927	-0.0997867934	-0.0710724788	-0.0267075709	-0.0296288481	0.0206833768	0.0632719699	-0.0094087173	0.0342896401	0.0344717913	0.0376219913	0.0130509071	0.0259679634	-0.0848774544	0.0599709103	0.1001273664	0.0171922707	-0.0925334274	-0.0494831965	0.0	0.0	0.0	0.0	0.1149533094495041	0.0085562740791972	7.320982611834201e-05	0.0132142633533934	0.8090762355793686	0.052055319389126	0.0027097562767039	0.6546043549792819	0.7053703039023134	0.0078096492777461	0.4975472656272419	6.099062184140157e-05	0.0062819234590807	0.0003997602517655	1.5980825889169557e-07	3.946256234574842e-05	-0.0041562346047661	0.000242525759465	1.727428608985522e-05	5.881874400412339e-08	0.0037676163467309	9.412128492420008e-05	1.4194932936153894e-05	8.858816275782454e-09	0.0	0.0	0.0	0.0	0.0	0.0	0.0	0.0	0.0	0.0	0.0	0.0	0.0	0.0	0.0	0.0	0.0	0.0	0.0	0.0	0.0	0.0	0.0	0.0	0.0	0.0	0.0	0.0	0.0	0.0	0.0	0.0	0.0	0.0	0.0	0.0	0.0	0.0	0.0	0.0	0.0	0.0	0.0	0.0	0.0	0.0	0.0	0.0	0.0	0.0	0.0	0.0	0.0	0.0
525.7626708880734	0.3859115403352007	276426.38609936065	0.1489277169638872	739.8100688934326	6.989304951258987	547318.9380361055	48.85038370169339	611.062277732489	1.991283367631809	3.965209450207077	373397.1072676175	621.2189125462583	478.2358769451525	0.741141	25.33242	0.2596012728733022	0.1544965131013276	0.0537152583	0.048287447	0.0037047439	0.0538545146	-0.0611455422	-0.0432649495	-0.0223038021	-0.0145800978	-0.0067311691	-0.0813219725	0.1030219155	0.1080415045	-0.0006559605	-0.0416390671	0.0183133332	-0.0219578903	0.0429498541	-0.0406490147	-0.0601057895	0.0492877409	-0.0187111534	-0.0800094911	-0.0487939621	-0.0330731045	-0.1337225446	0.0470926426	-0.0057065548	0.0503358762	-0.0960195961	-0.0691792823	-0.0599693688	-0.0297577949	-0.01529679	0.0472245596	-0.0459978176	-0.0801139093	0.0221857385	-0.1254651169	-0.080939687	0.1289102709	-0.0131012822	-0.0423823425	0.0085653788	0.0147714032	-0.0617758038	0.0564993671	-0.09548939	-0.107419992	-0.0021422908	0.0445673531	0.003360367	-0.0567215772	-0.0006243149	-0.1021634114	-0.0262252365	-0.0196025121	0.0017382763	-0.0642894201	-0.0545186062	-0.0573306842	0.0214556621	-0.0208874801	0.075840998	-0.0489526819	-0.0491949018	-0.111085477	0.0281895361	-0.0739679138	0.0396118261	0.043011985	0.0796590491	0.0013809603	0.1600206846	0.0367425877	0.0714038887	0.0230670871	-0.0026251679	0.0348677727	-0.0096283563	-0.0589985499	-0.0895830029	-0.0329217149	0.0120105384	-0.1103689081	-0.1044116995	-0.1060083837	-0.0522650924	-0.0295281815	0.0269620348	-0.0369752867	0.0254282919	0.06020118	-0.0140681441	-0.0069071007	0.0290669939	-0.0910716429	-0.0089839382	0.0295324109	0.0157107079	-0.0935229002	-0.0455344633	0.0	0.0	0.0	0.0	0.1245760670870055	0.0096227576375013	9.259746455009142e-05	0.015519196490866	0.9245311099765274	0.1154548743971588	0.0133298280220637	0.8547577733144298	0.8089676940473254	0.103597390145012	0.654428730012247	0.0107324192448578	0.0066061423280006	0.0003242188689199	1.0511787496369975e-07	4.364111645780119e-05	-0.0043659112193017	-0.0002096766145356	1.9061180774824457e-05	4.396428268311064e-08	0.0036829868163138	-8.462953041710013e-05	1.356439188914126e-05	7.1621574186188765e-09	0.0	0.0	0.0	0.0	0.0	0.0	0.0	0.0	0.0	0.0	0.0	0.0	0.0	0.0	0.0	0.0	0.0	0.0	0.0	0.0	0.0	0.0	0.0	0.0	0.0	0.0	0.0	0.0	0.0	0.0	0.0	0.0	0.0	0.0	0.0	0.0	0.0	0.0	0.0	0.0	0.0	0.0	0.0	0.0	0.0	0.0	0.0	0.0	0.0	0.0	0.0	0.0	0.0	0.0
526.3783425974393	0.6156717093658699	277074.1595556272	0.3790516537134922	743.717495073591	3.9074261801583816	553115.7124785368	15.26797935338712	608.2819792784335	-2.780298454055469	7.73005949362323	370006.96631488856	620.2841542179423	480.2900456054818	0.774567	26.474918	0.2940882432593502	0.1617997474080307	0.0272683592	0.0596432364	-0.0351504503	0.0579748959	0.0231424556	0.0075455835	-0.0436759986	-0.0210144625	0.0486545916	-0.036162274	0.0564230879	0.0157947441	-0.0377548992	-0.1212050523	-0.0123870473	-0.1444775866	0.04487185	0.070143112	0.0456098664	-0.0161893821	-0.0330145758	-0.0466141027	-0.0938329284	-0.0772758867	0.0165820628	0.0374696352	-0.0596635454	-0.0709185356	-0.0589809801	0.1285813657	-0.0522696861	-0.1058160273	-0.0223786111	0.0079870975	0.0703871201	-0.0376490378	-0.0277520702	0.0155550386	0.0091345684	0.0101940524	0.0615229959	0.0366983104	0.0671811836	0.0559108136	0.0029320192	0.0824579719	-0.0284052404	-0.0551034981	0.0962655469	0.0179700131	-0.0927434419	-0.0568727968	0.012005267	-0.02477485	-0.0851634175	0.0458309652	0.04123809	-0.0476901018	0.0830267018	-0.0688557703	-0.0409092782	0.002268183	-0.0054253648	0.0902802252	-0.0558507172	0.0134429881	-0.0934152201	-0.0458600513	0.0388294528	0.0790010203	0.0223291398	-0.0011616995	0.134935013	-0.0040595601	0.0609725867	0.0053137184	0.0086196687	0.0452544656	-0.0023170535	-0.0837033178	-0.1225980678	0.0101610621	-0.0213683882	-0.078880061	-0.0323594384	-0.0767363403	-0.0350736006	-0.0122637145	0.0340845508	0.0504450573	0.0474443933	-0.0024140575	-0.0242914176	-0.0052214165	-0.0120574616	-0.0558981791	0.0210648999	0.0153537413	0.0142254913	-0.094425375	-0.0414904347	0.0	0.0	0.0	0.0	0.1152755643048237	-0.0093005027821817	8.649935200137129e-05	0.0132884557257955	0.9273485752463556	0.0028174652698281	7.938110546687973e-06	0.8599753800114457	0.6743810433178652	-0.1345866507294602	0.4547897915864923	0.0181135665545737	0.0049813904723952	-0.0016247518556054	2.639818592293192e-06	2.481425103846967e-05	-0.0033909985224442	0.0009749126968575	1.1498870979218748e-05	9.50454766493964e-07	0.0040309947534085	0.0003480079370947	1.6248918702006855e-05	1.2110952428090868e-07	0.0	0.0	0.0	0.0	0.0	0.0	0.0	0.0	0.0	0.0	0.0	0.0	0.0	0.0	0.0	0.0	0.0	0.0	0.0	0.0	0.0	0.0	0.0	0.0	0.0	0.0	0.0	0.0	0.0	0.0	0.0	0.0	0.0	0.0	0.0	0.0	0.0	0.0	0.0	0.0	0.0	0.0	0.0	0.0	0.0	0.0	0.0	0.0	0.0	0.0	0.0	0.0	0.0	0.0
526.7768503798785	0.3985077824391965	277493.8500961449	0.1588084526646059	739.2552385057721	-4.462256567818827	546498.307658226	19.911733677042253	608.2547892951146	-0.0271899833188626	0.00073929519288	369973.8887004443	619.8133094730234	480.0336791371381	0.7279759999999998	24.882425	0.1907606120251177	0.1062606956919166	0.0549263056	0.0464221981	0.0137034103	0.067844551	-0.0123535739	-0.0082998974	-0.0300518857	-0.0186902521	0.0514959114	-0.0433665678	-0.0194321107	-0.0036553032	-0.0357427891	-0.0330365912	0.0175522801	-0.0500525752	0.0482533187	0.0078681617	0.0690059247	-0.0121710276	0.0397755114	0.0775240661	0.0455719546	0.0362328584	0.0664984144	-0.0297430523	-0.0114490054	0.1119094673	0.0413180455	-0.0563630868	-0.0298627808	0.1097288489	0.0169640365	-0.0622780548	-0.0136075883	-0.0928628893	0.0232669525	-0.0019347742	-0.0353574167	0.1711535576	0.0281682882	0.0099435755	-0.0429395567	0.0622495456	-0.0170721426	0.0359695271	-0.0302332829	0.015646355	0.0885495353	-0.0095903015	-0.0791998712	0.1235020294	0.0261989331	-0.0216662171	-0.0194822663	-0.0010804694	-0.0365178353	0.1039978458	0.0245527396	0.0487026045	-0.0584655894	-0.0622930726	-0.0096545773	0.0568235996	0.0325397533	-0.0243528673	0.1022959189	-0.0320847095	0.0245604519	-0.0902649667	-0.0188451232	-0.0007674392	0.0104681204	0.0163249776	0.0723236742	0.017187593	0.0044223635	0.0305259196	-0.0173257364	-0.0962975134	-0.09209918	0.030977438	-0.0013101167	-0.0124218602	-0.0477398684	-0.0752340047	-0.0256320326	0.0020763581	0.0150528561	0.0705635532	0.0452261081	-0.0706795461	-0.0230357999	0.0028655503	0.0474953043	4.76014e-05	-0.0200954168	0.0451853695	0.0127369662	-0.0952400122	-0.037359574	0.0	0.0	0.0	0.0	0.1138617442382496	-0.0014138200665741	1.9988871806476025e-06	0.0129644968009765	0.8863362826731702	-0.0410122925731853	0.0016820081421085	0.7855920059828939	0.7634057657592734	0.0890247224414082	0.5827883631945027	0.0079254012057697	0.0058400173260671	0.0008586268536719	7.372400738465064e-07	3.410580236876392e-05	-0.003523715092508	-0.0001327165700638	1.2416568053168664e-05	1.7613687969499576e-08	0.0042258468685518	0.0001948521151432	1.7857781756449053e-05	3.796734677581784e-08	0.0	0.0	0.0	0.0	0.0	0.0	0.0	0.0	0.0	0.0	0.0	0.0	0.0	0.0	0.0	0.0	0.0	0.0	0.0	0.0	0.0	0.0	0.0	0.0	0.0	0.0	0.0	0.0	0.0	0.0	0.0	0.0	0.0	0.0	0.0	0.0	0.0	0.0	0.0	0.0	0.0	0.0	0.0	0.0	0.0	0.0	0.0	0.0	0.0	0.0	0.0	0.0	0.0	0.0
526.6530243978432	-0.1238259820353278	277363.4081073952	0.0153328738270133	740.0595978328159	0.8043593270438123	547688.2083444693	0.6469939270023746	607.5651567319944	-0.6896325631201989	0.4755930721157351	369135.41967477294	618.7884531580415	482.24684469807073	0.720576	24.629499	0.2472085782365833	0.1619547946167994	0.0914808459	0.0313079704	0.0602336956	0.0498818446	-0.0888133958	0.0241634417	-0.0247913041	-0.0457982679	0.0656276204	-0.0827396226	-0.0395128053	-0.0067755429	-0.0158753603	-0.004620261	0.0420106214	0.0469867386	-0.0485303974	0.0186036412	0.0640872282	-0.0424828709	-0.0711726339	-0.0372520625	0.094603633	-0.0372457404	0.0344651593	-0.071269742	-0.0334826301	-0.0506924568	-0.0596302591	0.086949818	0.0464416374	-0.0496092699	0.0984329483	0.0751706002	0.0193516352	-0.0177302006	0.1178891735	0.035882281	-0.0751769487	0.1210013081	-0.0586368871	-0.0098903591	0.0991304398	0.0612914817	-0.0858110814	-0.0296906831	0.0317494606	0.0326905166	0.0414923234	0.0056451635	0.0592316095	0.0324473768	0.0030545273	-0.0339832023	0.0426117853	-0.0172623712	-0.0520302528	0.0015377882	0.0640811886	-0.049500854	-0.0590461252	0.0511105842	-0.0912195775	-0.0332459022	-0.0327115683	0.057046227	-0.0757428342	-0.013322469	0.100050428	0.1095624204	0.0017958561	-0.0196519676	0.1415716515	0.0330065694	0.096943967	0.0389951063	-0.0024213653	0.0018925552	-0.0296301204	-0.0905723638	-0.0634792891	0.0269031359	0.0271270377	-0.0014695301	-0.0210810225	-0.0933055871	-0.0313673212	-0.0262649026	-0.0090285303	0.0459873458	0.014793652	-0.0690082389	0.0118236551	-0.0048387148	0.0076018517	-0.0394301558	0.0227748052	0.0614940695	0.0112454789	-0.095966054	-0.0331505264	0.0	0.0	0.0	0.0	0.1119333026293531	-0.0019284416088965	3.7188870389233433e-06	0.0125290642375143	0.8896406023653469	0.0033043196921767	1.0918528628106754e-05	0.7914604013769773	0.9116337005205536	0.1482279347612801	0.8310760039247984	0.0219715206435943	0.0073793003644797	0.0015392830384126	2.3693922723447264e-06	5.445407386921023e-05	-0.0037399190230416	-0.0002162039305335	1.3986994298908434e-05	4.6744139578177615e-08	0.0041063761940134	-0.0001194706745383	1.6862325446759977e-05	1.4273242074660289e-08	0.0	0.0	0.0	0.0	0.0	0.0	0.0	0.0	0.0	0.0	0.0	0.0	0.0	0.0	0.0	0.0	0.0	0.0	0.0	0.0	0.0	0.0	0.0	0.0	0.0	0.0	0.0	0.0	0.0	0.0	0.0	0.0	0.0	0.0	0.0	0.0	0.0	0.0	0.0	0.0	0.0	0.0	0.0	0.0	0.0	0.0	0.0	0.0	0.0	0.0	0.0	0.0	0.0	0.0
525.9118229760521	-0.741201421791061	276583.2455459944	0.5493795476650902	738.1205180031913	-1.9390798296246885	544821.8990972994	3.760030585657311	605.5847188270143	-1.9804379049801355	3.922134295482108	366732.85167679394	615.5237360674636	482.8088963935411	0.660617	22.580097	0.1702751953623905	0.0882152044373988	0.1066322711	0.0197633848	0.094481884	0.0567422565	-0.1317662152	0.0273821227	-0.0253397336	0.0095287239	0.1107772663	-0.0842385671	-0.0938090109	0.0012317356	-0.0085688803	0.0616805736	0.0179702423	0.111754874	0.02677078	0.0216612831	0.0322587332	-0.0899847717	0.0044667829	0.0245164748	-0.0437367233	0.0489803381	-0.0103469793	0.1322263371	0.1304771792	0.0454028738	0.0749330188	0.0238553621	0.0344219699	0.1309102748	0.0184084469	-0.0662230797	-0.1709243119	0.1060015308	0.054226203	0.1194753006	-2.14626e-05	0.0689445449	0.0389006153	-0.1059293482	-0.0055672213	0.1209750201	-0.0932407135	-0.0683342219	0.0412164216	0.042709144	-0.0011857195	-0.0200673256	0.0343275341	0.0496561865	-0.0306102727	0.0258736043	0.0800199116	0.0586249848	-0.0560951777	0.1063657729	0.0557166613	-0.0576678072	-0.0652200395	-0.0320332126	-0.003330008	0.0698141281	0.1584818255	-0.0017159497	0.0168043684	0.104498217	-0.0594217902	-0.0766025605	0.1248650571	0.0480382252	0.0772127243	-0.0167725095	0.1095556384	0.0539156186	-0.0046574942	-0.0074186042	-0.0444863197	-0.0857211868	-0.0314068654	0.0299780241	0.048490886	0.0161179001	0.0231386494	-0.1162557871	-0.0377814634	-0.0367520966	-0.0339197329	0.0373058354	-0.0057856416	-0.0337016098	-0.0514412954	0.0197780615	-0.0134780707	0.0514518244	-0.0355584667	0.0643078473	0.0097513761	-0.0966028251	-0.0288721006	0.0	0.0	0.0	0.0	0.1204496240926005	0.0085163214632474	7.252773126536844e-05	0.0145081119440487	0.9087684358490122	0.0191278334836653	0.0003658740137788	0.8258600699954602	0.9864929677616914	0.0748592672411377	0.9731683754432696	0.00560390989188	0.0076273225503461	0.0002480221858664	6.151500468194709e-08	5.817604928701814e-05	-0.0040489621955486	-0.0003090431725069	1.6394094860981736e-05	9.55076824731912e-08	0.0033080060889	-0.0007983701051134	1.0942904284199472e-05	6.373948247387818e-07	0.0	0.0	0.0	0.0	0.0	0.0	0.0	0.0	0.0	0.0	0.0	0.0	0.0	0.0	0.0	0.0	0.0	0.0	0.0	0.0	0.0	0.0	0.0	0.0	0.0	0.0	0.0	0.0	0.0	0.0	0.0	0.0	0.0	0.0	0.0	0.0	0.0	0.0	0.0	0.0	0.0	0.0	0.0	0.0	0.0	0.0	0.0	0.0	0.0	0.0	0.0	0.0	0.0	0.0
526.2120134608546	0.3001904848024423	276899.0831105266	0.0901143271659253	735.752766091483	-2.367751911708297	541332.1328112684	5.606249115398293	605.7440351232439	0.1593162962295764	0.0253816822443101	366925.8360873897	615.6753221095953	481.2101237523734	0.642441	21.95883	0.1148182036850257	0.056809105660721	0.1046489255	0.0174785065	0.0891653545	0.050342585	-0.1246108585	0.0317222246	0.0394583983	0.0501293695	0.1041352395	-0.1010597821	-0.1266925399	-0.0230836344	0.0695918639	0.0238400279	0.0630700743	-0.0319133544	0.0283279935	0.0238507648	-0.0086753528	-0.0752190069	0.0230022646	0.0403644515	0.0320279788	-0.0176159393	0.085756093	0.2012283402	0.0063369146	0.0216269876	-0.0169835271	-0.0116405315	0.0290632084	0.0557655546	-0.0441999655	-0.085843041	-0.0952426836	0.0150542366	0.00119455	0.0173604972	-0.0461575946	0.1094508857	0.0088849881	0.1474606319	0.0281360838	0.115552488	-0.1011792329	-0.0891960528	0.0844800431	0.0113210035	-0.0227381206	-0.0144965617	-0.0281798101	0.0023627774	0.0234635253	0.0620909164	-0.0102968731	0.081470091	-0.0275385129	0.0419320703	0.017127407	-0.031581688	-0.0917540479	-0.086532368	-0.0337217787	-0.0597946486	0.1000186078	-0.0540300541	0.0304627574	-0.0712906574	0.0369249673	0.0201458109	0.1375829685	0.0353995581	-0.0124320116	-0.0574685191	0.1087408718	0.0522151763	-0.0041299822	-0.0085134776	-0.04839408	-0.0763525268	-0.0192684531	0.0402971193	0.0433532295	0.0229660621	0.0284382806	-0.1071622171	-0.0084366795	-0.0383318678	-0.012897449	0.0381262918	-0.0327419976	-0.111269606	0.0096129513	-0.0486463449	0.0170620134	-0.0307777956	-0.0694168209	0.0556058486	0.0082550055	-0.097149733	-0.0245332508	0.0	0.0	0.0	0.0	0.1117209190201293	-0.0087287050724711	7.619029224218445e-05	0.0124815637467022	0.8633408380930803	-0.0454275977559319	0.0020636666378747	0.7453574027192622	0.9735069018480688	-0.0129860659136226	0.9477156879458254	0.0001686379079129	0.0075811092358155	-4.621331453060016e-05	2.1356704399041796e-09	5.747321724536707e-05	-0.0036555883239814	0.0003933738715671	1.336332599442914e-05	1.5474300283176778e-07	0.0038219356016622	0.0005139295127622	1.4607191743253002e-05	2.641235440879924e-07	0.0	0.0	0.0	0.0	0.0	0.0	0.0	0.0	0.0	0.0	0.0	0.0	0.0	0.0	0.0	0.0	0.0	0.0	0.0	0.0	0.0	0.0	0.0	0.0	0.0	0.0	0.0	0.0	0.0	0.0	0.0	0.0	0.0	0.0	0.0	0.0	0.0	0.0	0.0	0.0	0.0	0.0	0.0	0.0	0.0	0.0	0.0	0.0	0.0	0.0	0.0	0.0	0.0	0.0
528.1522485252411	1.9402350643865705	278944.7976222681	3.764512105075158	739.0786034720285	3.325837380545522	546237.1821101638	11.0611942818339	607.9145434465531	2.170508323309264	4.711106381554791	369560.0921338311	617.7650743068609	486.25587343301714	0.666728	22.788977	0.1695027571597686	0.0928913149503695	0.1216918782	-0.0020723199	0.0902195993	0.0143605544	-0.1227307566	0.0139510081	0.0111323305	0.0781505111	0.0625327382	-0.1173366508	-0.1044379377	-0.0245867129	0.0042507544	0.0125876331	0.0802712211	0.0502917764	0.0609291877	-0.1029293301	-0.0548932838	-0.0403857199	0.0508728203	0.0056754643	0.0292273285	0.0379110805	0.0132996204	0.0299261467	-0.0623468786	0.0142303151	0.0296300146	-0.1102595703	0.0077120322	-0.000531751	-0.04137367	0.0260102697	-0.0688534681	0.0113155259	-0.0282669458	-0.0541877279	-0.0396093677	-0.0175647092	0.0956654222	0.0311478709	-0.0668305346	0.0737460242	-0.1080517079	-0.0741428286	0.0665462134	-0.0034989723	0.038120396	-0.041347839	0.0043802057	0.0317219521	0.0144656901	0.0153296845	0.0412631202	0.0384183089	-0.0647525945	-0.0039049925	-0.1067862909	0.0524129537	-0.0184237416	-0.013078799	0.0752512908	-0.0327098356	-0.0245607343	-0.0671216157	0.0227574025	-0.0493236536	0.0053945689	0.0501431597	-0.0011106077	0.0446748732	-0.042949038	-0.0033742843	0.1205125602	0.0706753854	0.000319761	-0.0074549597	-0.0654219627	-0.0771669955	-0.0100819722	0.0066953072	0.0665807285	0.0279809503	0.0108951482	-0.1030705188	0.0053147907	-0.0596614488	-0.0602121563	0.0593754588	-0.0110571547	-0.0592633863	-0.02953577	-0.0204825329	-0.0268402123	-0.0335986665	0.0183133148	0.0896891613	0.006756715	-0.0976062691	-0.0201430573	0.0	0.0	0.0	0.0	0.1238491714316012	0.0121282524114718	0.0001470945065563	0.0153386172642941	0.8867817961812534	0.0234409580881731	0.0005494785160914	0.78638195403845	1.0583173714069574	0.0848104695588886	1.1200356586217315	0.0071928157467991	0.0078281688840185	0.000247059648203	6.103846977019053e-08	6.128022807671546e-05	-0.0041749730554505	-0.0005193847314691	1.7430400013737687e-05	2.697604992832296e-07	0.0036059184393096	-0.0002160171623525	1.300264779095298e-05	4.66634144308695e-08	0.0	0.0	0.0	0.0	0.0	0.0	0.0	0.0	0.0	0.0	0.0	0.0	0.0	0.0	0.0	0.0	0.0	0.0	0.0	0.0	0.0	0.0	0.0	0.0	0.0	0.0	0.0	0.0	0.0	0.0	0.0	0.0	0.0	0.0	0.0	0.0	0.0	0.0	0.0	0.0	0.0	0.0	0.0	0.0	0.0	0.0	0.0	0.0	0.0	0.0	0.0	0.0	0.0	0.0
530.1760161773038	2.023767652062702	281086.60812963673	4.095635509535382	739.2183823721749	0.1397789001464389	546443.816836935	0.0195381409261481	607.0899787870088	-0.8245646595443077	0.67990687776942	368558.2423436108	617.1363228934151	493.14947102973497	0.683867	23.374777	0.1276940924640628	0.062342386683263	0.1230871361	-0.0441975065	0.0632309194	0.0036866478	-0.1296249815	-0.006805409	0.009839434	0.0742426773	0.0756769373	-0.1170073945	-0.097357044	-0.0187638229	0.0622019825	0.0259411704	0.0835546574	0.045351146	-0.0504815258	0.0206796848	0.0462200849	-0.0986405974	-0.1101309323	0.0856881731	0.1465554861	-0.032555792	0.0578984424	0.0980616288	-0.0483289307	0.0181039398	0.1000901559	-0.0980855911	0.0782919913	0.004317952	-0.0451701885	-0.0230159896	0.0876410013	0.0309651147	0.0620704286	-0.1421686768	0.0371372463	-0.0478675349	-0.0384510152	-0.0646593561	-0.0250083233	0.0801838667	-0.1132665689	-0.075065271	0.0861824538	-0.0096882147	0.0005097473	-0.0299778277	-0.0319696309	0.0722029922	0.0397381095	0.0723750515	0.1460875957	0.0193784759	-0.0783914203	0.0009676123	-0.0073197406	-0.0286137655	0.0010275199	-0.1101221231	-0.0363519463	-0.1352401754	0.1186700433	-0.0027415688	-0.0181195599	-0.0541558332	0.0966137428	0.0857185954	-0.0606695088	-0.0127401309	-0.0896987772	-0.0562083172	0.1221828417	0.077695558	-0.0122317458	0.0042486442	-0.0767562517	-0.0411227633	0.0077927337	0.0422535306	0.0565204597	-0.0155876102	0.0975456385	-0.1185543508	0.020961208	-0.0749322974	-0.0417832457	0.0301545221	-0.0741007803	-0.0145701394	-0.0907668882	0.0285057651	-0.0849578628	0.0603648245	-0.0117396466	0.0792740905	0.0052568531	-0.0979720086	-0.0157107079	0.0	0.0	0.0	0.0	0.1266742560710696	0.0028250846394684	7.98110322016038e-06	0.0160463671511589	0.859308665137803	-0.0274731310434503	0.0007547729293305	0.7384113819809128	1.0389274085977434	-0.019389962809214	1.0793701603356225	0.0003759706577427	0.0069759157941911	-0.0008522530898274	7.263353291203514e-07	4.866340116764485e-05	-0.0034869148482707	0.0006880582071798	1.215857515909068e-05	4.73424096467481e-07	0.003625725421741	1.9806982431399937e-05	1.3145884833858953e-05	3.923165530377858e-10	0.0	0.0	0.0	0.0	0.0	0.0	0.0	0.0	0.0	0.0	0.0	0.0	0.0	0.0	0.0	0.0	0.0	0.0	0.0	0.0	0.0	0.0	0.0	0.0	0.0	0.0	0.0	0.0	0.0	0.0	0.0	0.0	0.0	0.0	0.0	0.0	0.0	0.0	0.0	0.0	0.0	0.0	0.0	0.0	0.0	0.0	0.0	0.0	0.0	0.0	0.0	0.0	0.0	0.0
530.8250476710756	0.6490314937717585	281775.23123499966	0.4212418799076002	741.8640524727957	2.645670100620805	550362.272351359	6.9995702813189	608.8471577525651	1.7571789655562498	3.087677916993332	370694.86150337686	618.4880275640272	494.5913903606015	0.669542	22.885147	0.1778223081761204	0.0934378776712151	0.109283462	-0.0541009389	0.0507729452	-0.0141945181	-0.1119600353	-0.0321245193	-0.0485710245	0.0697598726	0.0434311119	-0.1020257906	-0.0297039053	-0.0122009519	-0.0098809539	-0.0293400421	0.1044109835	0.0214831966	0.0094268441	0.0219929889	0.0105173761	-0.0242109145	-0.0598692012	0.0144548181	-0.0059897282	-0.0335450364	0.0964921099	-0.0680985059	1.80655e-05	0.0410120942	0.1362316102	0.0185832729	0.0374205699	0.0323482044	0.0103404228	-0.06955269	0.0214774682	0.0379484532	0.0160778276	-0.0796199346	0.0235845972	-0.0447478878	0.0330061741	0.0697603294	-0.0098889767	0.0609764429	-0.0989017517	-0.0198307789	0.0150737076	-0.0102442379	0.0329658004	-0.074767715	-0.0059858191	0.0532610497	0.0476055688	0.021652674	0.0807369629	0.0549923175	-0.0992891273	0.0280121495	0.1012185708	-0.002814966	0.0200201736	-0.1037762656	-0.077024089	0.0208368214	0.0362464229	0.0072708172	-0.0326922859	0.0181588221	0.0382438065	-0.0623775059	-0.0904869617	-0.0266286837	-0.0386005387	-0.0515152595	0.116710078	0.0615041125	-0.0147171247	0.004272725	-0.0589455397	-0.0550955128	0.0083912765	0.0407243732	0.0614202404	0.0253061281	0.0492470618	-0.1238486149	0.0450573711	-0.0271628508	-0.0546833977	0.064063632	-0.0168084954	-0.0208933619	-0.0024621217	-0.0002833734	0.0415182223	0.0407170043	-0.0383009445	0.0282070817	0.0037557686	-0.0982466114	-0.0112454789	0.0	0.0	0.0	0.0	0.1325473071032235	0.0058730510321538	3.449272842628376e-05	0.0175687886203162	0.9024238371182918	0.0431151719804887	0.0018589180549071	0.8143687817993012	0.9859819380527456	-0.0529454705449977	0.9721603821662482	0.0028032228512312	0.00815714588145	0.0011812300872589	1.3953045190456703e-06	6.653902893125672e-05	-0.003236929064089	0.0002499857841816	1.047770976594409e-05	6.249289229293947e-08	0.00371228184267	8.655642092900021e-05	1.3781036479417373e-05	7.492014004038266e-09	0.0	0.0	0.0	0.0	0.0	0.0	0.0	0.0	0.0	0.0	0.0	0.0	0.0	0.0	0.0	0.0	0.0	0.0	0.0	0.0	0.0	0.0	0.0	0.0	0.0	0.0	0.0	0.0	0.0	0.0	0.0	0.0	0.0	0.0	0.0	0.0	0.0	0.0	0.0	0.0	0.0	0.0	0.0	0.0	0.0	0.0	0.0	0.0	0.0	0.0	0.0	0.0	0.0	0.0
531.1974857526354	0.3724380815598351	282170.76886992133	0.1387101245959704	742.9485915592738	1.0845390864781166	551972.6096999086	1.1762250300987878	609.0028210423023	0.1556632897372765	0.0242310597718312	370884.4360374825	618.4307566248384	501.07524714990655	0.654141	22.358746	0.1361485156816256	0.0648102271724749	0.1001443869	-0.0706079077	0.0089392078	-0.0114990856	-0.0842410712	-0.0830177355	-0.0064088915	0.0877429584	0.040929757	-0.1050775093	-0.0160337603	-0.0413104742	-0.0177753561	0.0631940461	0.1196446336	0.1146301549	0.0321453097	0.0316924411	-0.0040664525	-0.005829348	-0.0570863035	0.0334086081	-0.1085163969	0.0078940199	-0.0259531639	-0.0492735266	-0.0727407244	-0.0766529973	0.1066118524	0.0009772128	-0.0374865053	-0.0490300354	-0.1044386632	-0.0898316818	0.0240409136	-0.0294453924	-0.1102306045	-0.1473971006	-0.0868694606	0.0088644218	-0.1155920502	-0.0165225805	0.0435180567	0.0637745414	-0.1076497566	-0.0257802703	0.0063034379	0.0248660341	-0.0094319264	-0.1567709788	-0.0118400353	-0.0020833333	0.0114796025	0.0537537313	0.1426050798	0.0710583611	0.0712088785	-0.0046506945	-0.0547711639	0.006951698	0.0665547178	-0.0559516581	-0.0409098057	0.024897421	-0.0314229931	-0.0271672434	-0.0698682614	-0.0381687915	0.0587751306	-0.0590596262	-0.0760799234	-0.0226579127	0.0823830662	-0.0828140211	0.1101598211	0.0569435274	-0.0189257964	0.0087881111	-0.0520288685	-0.0324877223	0.0241930931	0.0551514327	0.0451323696	-0.0103858324	0.0900964486	-0.1133638443	0.0647814012	0.0092904924	-0.0257805679	0.0586697695	-0.0789596078	-0.0601004095	0.0034810718	-0.0320386022	0.0040174068	0.004993423	-0.035711911	0.007619168	0.0022538106	-0.0984298219	-0.006756715	0.0	0.0	0.0	0.0	0.1181547736406258	-0.0143925334625976	0.0002071450194719	0.0139605505340675	0.8683187616531143	-0.0341050754651774	0.0011631561724854	0.7539774718387979	0.9372537497964402	-0.0487281882563054	0.8784445915074881	0.0023744363307419	0.0078730566188904	-0.0002840892625596	8.070670910165753e-08	6.198502052425395e-05	-0.0036476374962746	-0.0004107084321855	1.3305259304228431e-05	1.686814162683535e-07	0.0037959385178757	8.36566752056996e-05	1.4409149231492364e-05	6.998439306471915e-09	0.0	0.0	0.0	0.0	0.0	0.0	0.0	0.0	0.0	0.0	0.0	0.0	0.0	0.0	0.0	0.0	0.0	0.0	0.0	0.0	0.0	0.0	0.0	0.0	0.0	0.0	0.0	0.0	0.0	0.0	0.0	0.0	0.0	0.0	0.0	0.0	0.0	0.0	0.0	0.0	0.0	0.0	0.0	0.0	0.0	0.0	0.0	0.0	0.0	0.0	0.0	0.0	0.0	0.0
531.4227828162986	0.2252970636632199	282410.1740962189	0.0507587668952689	746.1453545161656	3.196762956891803	556732.8900660545	10.219293402555625	609.6746316017511	0.6718105594487724	0.4513294277868726	371703.1564187309	620.5221305675076	497.18466666832217	0.7228069999999999	24.705763	0.2132693033780363	0.1348776081874482	0.0696741536	-0.0584682164	-0.0181968365	-0.0323973684	-0.0500825971	-0.0925083035	-0.0163195154	0.0735999552	0.0037278307	-0.0478475878	-0.0263282988	0.0458740187	0.0078338659	-0.0099254987	0.0624306553	0.0972549448	-0.025616092	0.0029631296	0.0709992621	0.0239443096	-0.0538894011	0.0866961492	-0.0584805532	0.0305012037	0.1085531232	0.0997308006	0.0009414801	0.0032490112	-0.0842257459	0.053727364	0.0666581279	0.002244407	0.0335830797	0.1550144005	-0.0351978413	-0.0746684259	0.0204179916	0.0283506148	0.0801500517	0.0625660326	-0.0046758561	-0.0802739938	0.0344316219	0.0185346079	-0.0520590568	-0.0331739604	-0.0162893664	-0.0577534425	0.0104205552	-0.058354176	-0.0230799098	0.0645323592	0.0233105238	0.0243689592	0.1395981022	-0.0939686549	0.0180017834	-0.0015158459	-0.0288819922	0.0104708088	-0.0314870347	-0.0836363744	-0.0234475183	0.0402970486	0.0002310271	0.1305637035	-0.076513428	-0.0019787406	-0.0988625194	0.0376811776	0.1135577205	-0.0940573314	-0.0184007386	-0.030892188	0.0793722244	0.0368135579	-0.0202619547	0.0286922799	-0.0332365513	-0.0033476378	0.0297788242	0.0492238235	0.0266650849	-0.0554812175	0.0090413912	-0.021938617	0.0675510995	0.0423876705	0.0112784079	0.0441225547	-0.0716156836	-0.0268177829	0.0084577786	-0.0163109485	0.0706443049	-0.0048965946	0.0171108649	0.0099066693	0.0007513285	-0.0985214698	-0.0022538106	0.0	0.0	0.0	0.0	0.1203199601068831	0.0021651864662573	4.688032433663817e-06	0.0144768928001219	0.7891035999414271	-0.0792151617116871	0.0062750418450087	0.6226844914405198	0.8332362478121382	-0.1040175019843019	0.694282644668051	0.0108196407190542	0.0082348604671754	0.0003618038482849	1.309020246338343e-07	6.781292691384823e-05	-0.0036880927602926	-4.0455264018000175e-05	1.360202820852269e-05	1.6366283867660996e-09	0.0036407685658629	-0.0001551699520127	1.3255195750175397e-05	2.4077714007654624e-08	0.0	0.0	0.0	0.0	0.0	0.0	0.0	0.0	0.0	0.0	0.0	0.0	0.0	0.0	0.0	0.0	0.0	0.0	0.0	0.0	0.0	0.0	0.0	0.0	0.0	0.0	0.0	0.0	0.0	0.0	0.0	0.0	0.0	0.0	0.0	0.0	0.0	0.0	0.0	0.0	0.0	0.0	0.0	0.0	0.0	0.0	0.0	0.0	0.0	0.0	0.0	0.0	0.0	0.0
530.8030247234004	-0.6197580928982234	281751.85105551087	0.3841000937128428	747.0490301404681	0.9036756243024228	558082.2534338139	0.8166296339583737	608.4035145509908	-1.2711170507602674	1.61573855673348	370154.8365179977	619.1978497727473	496.7491222357086	0.682285	23.320723	0.0600333119935935	0.0379459370580838	0.0786031574	-0.0631692464	-0.0247739401	-0.0381360693	-0.0494723038	-0.0595512276	-0.0117382367	0.0367007831	0.0200028121	-0.0627593729	-0.0425555971	0.0573871807	0.1065578713	-0.0215272289	0.0202350468	0.1015360188	-0.1296227217	-0.0028672092	-0.022218941	-0.0104899592	0.0188861914	-0.0710911304	0.1066962552	0.069967088	0.0422096128	-0.1008796387	-0.0916068349	-0.0188122888	0.1213016182	0.0606619076	-0.0200445548	0.0305517397	-0.0175677717	-0.02531901	0.0166777112	-0.0250253449	-0.0312333917	0.0265104486	0.0792143222	-0.0026803794	-0.0383725937	0.0439972273	-0.04448015	0.033699987	-0.0612817009	-0.0457874803	0.0045844824	-0.0718588099	-0.0280225892	0.03704436	-0.0233024082	0.0073388128	0.0318251665	0.0728672176	0.1603232604	-0.0530361711	0.01973175	-0.0063455061	-0.0202002308	-0.0622793282	0.015251651	0.0835766864	-0.0429110615	-0.053619723	-0.0641553915	0.0546852263	0.0723159913	-0.0217521851	0.011256863	0.0275617078	-0.1301978833	-0.0446136156	-0.0701461983	0.0557462381	0.0803496326	0.039207473	-0.0071653026	0.0298294754	-0.0387139961	0.0174468991	0.0503464327	0.0223824635	0.0390363096	-0.0925494019	-0.0196038284	0.0078502352	0.0864744496	-0.030170316	-0.0229398169	-0.0166016252	-0.1028516927	0.0784729774	-0.0974853027	0.0069799065	-0.10702728	0.0297120472	0.0231772007	0.1085334086	-0.0007513285	-0.0985214698	0.0022538106	0.0	0.0	0.0	0.0	0.1215657555905096	0.0012457954836264	1.55200638702417e-06	0.0147782329322915	0.7532544356468236	-0.0358491642946035	0.0012851625806214	0.5673922448216147	0.8248270450554998	-0.0084092027566384	0.6803396542549874	7.071469100225619e-05	0.0083113021159755	7.644164880010046e-05	5.8433256712779e-09	6.907774286301882e-05	-0.0035640800652112	0.0001240126950814	1.2702666711235873e-05	1.537914854135233e-08	0.0037308972111559	9.012864529300012e-05	1.3919594000210872e-05	8.123172702351431e-09	0.0	0.0	0.0	0.0	0.0	0.0	0.0	0.0	0.0	0.0	0.0	0.0	0.0	0.0	0.0	0.0	0.0	0.0	0.0	0.0	0.0	0.0	0.0	0.0	0.0	0.0	0.0	0.0	0.0	0.0	0.0	0.0	0.0	0.0	0.0	0.0	0.0	0.0	0.0	0.0	0.0	0.0	0.0	0.0	0.0	0.0	0.0	0.0	0.0	0.0	0.0	0.0	0.0	0.0
532.4378688343376	1.634844110937138	283490.08416885126	2.6727152670658407	753.3306740897042	6.281643949236127	567507.1045244482	39.45905070497484	609.7690985028836	1.365583951892745	1.8648195296670071	371818.3534890194	620.769391557507	500.800415537342	0.728574	24.902874	0.4183408873442648	0.2273085775256086	0.0792349639	-0.0811420053	-0.0470160486	-0.0539380709	-0.0332000347	-0.1275176678	-0.0553807054	0.0133993551	-0.0003157624	-0.0902359222	-0.0762667833	0.0842121327	0.0192836884	-0.0953637615	-0.0620270659	-0.0163884064	-0.0391687743	0.1394997343	-0.0312384369	0.0051297983	0.1108145679	-0.0789921163	0.060284701	0.0117242925	-0.0040359244	0.0871373607	0.0297268295	0.0024235138	0.0117432451	-0.0638383552	-0.0422458497	0.0101547233	0.0127005652	0.0420577525	0.0296336878	-0.0101383514	-0.0109363515	-0.0957705123	-0.0795891967	0.0446027551	-0.0040641051	0.0143631037	-0.0451185473	0.0149070385	-0.0676392257	-0.0334865368	-0.0246796832	-0.1171985005	0.093314942	0.0860723321	-0.120247777	0.0060781231	0.0337889844	0.0419408858	0.0648442004	-0.0222142158	0.0549381107	0.03794525	0.0648552002	-0.058746179	-0.0490103292	-0.0390990755	0.0515242362	-0.0828781539	-0.1080962053	-0.0283634257	0.1239691361	0.0064438186	-0.0529386742	0.0029210713	0.0678526972	0.0294723212	0.0020017134	0.0171986789	0.0723324567	0.043569014	-0.0272768436	0.0698932594	-0.0107193592	0.0161031889	-0.0388245265	-0.0035581965	-0.0101151907	-0.1361757937	-0.0094395784	-0.0535911503	0.073452852	-0.0458161915	0.0487718319	-0.0409930136	-0.073965321	0.0838676297	-0.0789245929	-0.0539207105	-0.0168598319	0.0649425343	0.031550643	0.0132633077	-0.0022538106	-0.0984298219	0.006756715	0.0	0.0	0.0	0.0	0.1471243359264207	0.0255585803359111	0.0006532410287872	0.0216455702217902	0.9483354752498344	0.1950810396030108	0.0380566120125914	0.8993401736173293	0.7761556528952269	-0.0486713921602728	0.6024175975212159	0.002368904414819	0.0068222699186606	-0.0014890321973149	2.2172168846404395e-06	4.65433668430613e-05	-0.0044472832443354	-0.0008832031791241	1.97783282553464e-05	7.800478556150933e-07	0.0043392593396182	0.0006083621284622	1.8829171616463776e-05	3.701044793471797e-07	0.0	0.0	0.0	0.0	0.0	0.0	0.0	0.0	0.0	0.0	0.0	0.0	0.0	0.0	0.0	0.0	0.0	0.0	0.0	0.0	0.0	0.0	0.0	0.0	0.0	0.0	0.0	0.0	0.0	0.0	0.0	0.0	0.0	0.0	0.0	0.0	0.0	0.0	0.0	0.0	0.0	0.0	0.0	0.0	0.0	0.0	0.0	0.0	0.0	0.0	0.0	0.0	0.0	0.0
535.3738629932392	2.9359941589016216	286625.1731763036	8.62006170110444	754.302528490339	0.9718544006348112	568972.3044869187	0.944500976033248	612.7146642463913	2.9455657435077	8.67635754932607	375419.259782568	624.4024185524847	496.0779299194859	0.877183	29.982374	0.3425770909557556	0.1688653469629347	0.0497888654	-0.0689431329	0.0132406054	-0.0807285904	-0.0656684946	0.0164044329	-0.0579679203	-0.0244345795	-0.0652736696	-0.0962535022	-0.0886652309	0.0430456251	-0.0192854077	-0.0626136457	-0.0432268603	0.1092390354	-0.0113956189	-0.0154929828	-0.0679241017	0.0194394357	-0.0897391109	-0.0301708791	0.1356123347	-0.1707953421	-0.1393899475	0.0032242175	-0.0158276416	0.004907194	0.0489607408	0.1209244285	0.0110280885	0.0933246673	-0.0412042504	0.035410715	0.0688882389	0.0158726969	0.0749681288	-0.0016144006	-0.0648766191	-0.0821099389	-0.0129942075	-0.0997118036	-0.0288925865	-0.0613496568	-0.0947186434	-0.0729091331	0.0184148223	-0.0122792171	0.0923468798	0.1057594999	-0.0026245541	-0.0213572844	-0.010624501	0.0197355121	0.1536321545	-0.0460261327	-0.163352449	-0.0124959051	0.0380853596	0.0784355889	0.1717745844	0.0097988612	0.0582878846	-0.0582319578	0.0439982438	0.0680956573	0.0575349341	0.0283806231	0.0315156151	-0.0072784928	0.0755472004	-0.0650663494	0.0716025252	-0.057291171	0.0634501294	0.033097658	0.0144765074	-0.0016983971	-0.0467087574	-0.0097907315	0.075702024	0.0274165684	-0.0420609942	-0.0115804859	-0.0731371168	-0.018500092	0.0195036222	0.0375922051	-0.0498513373	0.0768690806	-0.0109946537	-0.0496751943	-0.1401910493	0.0451480051	0.1255802163	7.55689e-05	0.1459868144	-0.0305834258	-0.0037557686	-0.0982466114	0.0112454789	0.0	0.0	0.0	0.0	0.1182621921578146	-0.0288621437686061	0.0008330233429196	0.0139859460939718	0.8430640225026167	-0.1052714527472177	0.0110820787635096	0.7107569460382925	0.7410271989725601	-0.0351284539226668	0.5491213096171181	0.0012340082749969	0.0087171728568969	0.0018949029382362	3.5906571453365623e-06	7.598910261702005e-05	-0.0036611023603616	0.0007861808839737	1.340367049304528e-05	6.180803823258249e-07	0.003554042351483	-0.0007852169881351	1.2631217036134814e-05	6.165657184561141e-07	0.0	0.0	0.0	0.0	0.0	0.0	0.0	0.0	0.0	0.0	0.0	0.0	0.0	0.0	0.0	0.0	0.0	0.0	0.0	0.0	0.0	0.0	0.0	0.0	0.0	0.0	0.0	0.0	0.0	0.0	0.0	0.0	0.0	0.0	0.0	0.0	0.0	0.0	0.0	0.0	0.0	0.0	0.0	0.0	0.0	0.0	0.0	0.0	0.0	0.0	0.0	0.0	0.0	0.0
536.014747790489	0.6408847972497824	287311.8098489015	0.4107333233458947	760.3349472318376	6.032418741498645	578109.2319820414	36.3900758727841	612.2246115361161	-0.4900527102752221	0.2401516588480908	374818.9749705482	623.236343131388	502.2201851797819	0.88058	30.098476	0.3562043349075617	0.2135250744972722	0.0881201271	-0.1148482651	0.0664289616	-0.1091971631	-0.1807776728	0.0788169893	-0.0075076149	-0.0323936222	-0.0689919476	-0.1179275827	-0.0968832564	0.0225902241	0.0356400144	0.0096901189	-0.0701923478	0.0434692172	-0.0150227767	0.0141786196	-0.033333096	-0.0390691381	0.0315515338	-0.0389040579	-0.0977113062	-0.0065637519	0.0189601935	0.0149010656	-0.1172253086	0.0440096269	-0.0319927103	-0.0583439904	0.0399257155	-0.0113796656	0.1070655474	0.1043788336	-0.034555126	0.09619387	-0.0117342506	0.0206161107	0.0361131282	0.0234376672	-0.084778274	0.0117182477	-0.0959925114	-0.0614600063	-0.1477521929	-0.0808320527	0.0221233677	0.0226756345	0.000848447	0.1444873879	0.0660703529	0.005201347	-0.0179056485	0.0139274699	0.0264555187	0.0904350587	0.053057955	-0.0417992091	0.0244875365	0.004221602	0.0323562409	-0.0246001924	0.0075579294	0.0611320845	0.0030576429	0.0150980288	0.0567065462	0.0923728584	-0.1092118757	0.138986934	-0.0671883686	-0.0103172931	-0.1225713086	-0.0340182843	0.0646827266	0.0524220954	0.0177483024	-0.0363586667	-0.0584730063	0.0371221327	0.1788894474	0.0272572143	-0.0125520531	-0.0768004909	-0.0722888443	-0.0057691801	0.0730582508	0.0076557113	-0.0792421357	-0.0359716426	-0.0349182074	0.0608270227	-0.0226605096	-0.1082404299	0.0742110787	0.0042169622	0.0824564627	0.022644407	-0.0052568531	-0.0979720086	0.0157107079	0.0	0.0	0.0	0.0	0.1128661433517805	-0.0053960488060341	2.911734271710205e-05	0.0127387663151046	0.6843983602617243	-0.1586656622408924	0.0251747923743409	0.4684011155289369	0.8747707164874754	0.1337435175149153	0.7652238064240111	0.0178873284772624	0.0096281963796277	0.0009110235227308	8.299638589688365e-07	9.270216552467594e-05	-0.0037240645075091	-6.296214714749965e-05	1.3868656456088996e-05	3.9642319734233994e-09	0.0037480388085191	0.0001939964570361	1.4047794910165276e-05	3.7634625342559416e-08	0.0	0.0	0.0	0.0	0.0	0.0	0.0	0.0	0.0	0.0	0.0	0.0	0.0	0.0	0.0	0.0	0.0	0.0	0.0	0.0	0.0	0.0	0.0	0.0	0.0	0.0	0.0	0.0	0.0	0.0	0.0	0.0	0.0	0.0	0.0	0.0	0.0	0.0	0.0	0.0	0.0	0.0	0.0	0.0	0.0	0.0	0.0	0.0	0.0	0.0	0.0	0.0	0.0	0.0
532.1508051379873	-3.863942652501692	283184.4794090081	14.930052821821809	751.4997079031808	-8.835239328656826	564751.8109785661	78.06145399464432	609.3180272835007	-2.906584252615403	8.44823201755184	371268.4583726568	619.4487639692493	496.951341339046	0.882058	30.149019	0.2032104196757037	0.1533255046644115	0.0801802853	-0.0888580637	-0.004893877	-0.0819504851	-0.1190710437	-0.0637626206	-0.0442961672	0.0638865376	-0.0046628304	-0.0944238465	-0.0956275051	0.0052830139	0.0645829076	-0.0336509563	0.0036954191	-0.0247095928	0.0143397132	0.0535050663	-0.0466123854	-0.0443008451	0.0450504605	0.0212708224	0.0983750508	0.1265432538	-0.007641291	0.0761572081	-0.0332270381	-0.0445302269	-0.1155900255	0.0419634306	0.0579709933	0.0860701412	0.0480382274	-0.0381495936	0.0305918117	-0.0008113968	0.0777712474	0.0350976052	-0.0147830873	-0.1271087453	-0.0331964724	-0.0069296059	-0.0576033611	0.006358986	-0.1124051393	-0.069063528	0.0316898148	-0.0758847904	-0.0129089551	-0.0363047858	-0.0596287283	-0.0608784477	-0.0015367767	0.084070414	0.0002246837	0.0706979734	0.0361764712	0.0050511695	0.0075350623	-0.002705606	-0.0581326644	0.0647915801	-0.0523886318	-0.0560792431	0.0252288597	0.0783366719	0.1037986772	0.0523915485	0.0640085692	0.0461233116	0.0788846017	0.0073651797	-0.0267534542	-0.0199326603	0.0797439663	0.0545123418	-0.0056767659	0.0205735632	-0.0193081306	0.0050338591	0.0531624249	-0.0022179715	0.0380638875	-0.1166607474	-0.0455891603	-0.0330841178	0.1064599985	-0.0103656293	-0.0352266802	0.029298472	-0.1316285812	0.1207521003	-0.0675572499	-0.0835054271	-0.1175295182	0.0555640985	-0.0127588155	0.0270765621	-0.006756715	-0.0976062691	0.0201430573	0.0	0.0	0.0	0.0	0.1160702125001478	0.0032040691483673	1.0266059107519207e-05	0.0134722942298294	0.8383947399435385	0.1539963796818142	0.0237148849551054	0.7029057399649936	0.8795201626963376	0.0047494462088621	0.7735557165893922	2.2557239290875483e-05	0.010140454128232	0.0005122577486043	2.6240800100514666e-07	0.0001028288099267	-0.0039440905624821	-0.000220026054973	1.5555850365060366e-05	4.841146486698162e-08	0.0036551121193632	-9.29266891559e-05	1.3359844605115746e-05	8.635369557477263e-09	0.0	0.0	0.0	0.0	0.0	0.0	0.0	0.0	0.0	0.0	0.0	0.0	0.0	0.0	0.0	0.0	0.0	0.0	0.0	0.0	0.0	0.0	0.0	0.0	0.0	0.0	0.0	0.0	0.0	0.0	0.0	0.0	0.0	0.0	0.0	0.0	0.0	0.0	0.0	0.0	0.0	0.0	0.0	0.0	0.0	0.0	0.0	0.0	0.0	0.0	0.0	0.0	0.0	0.0
532.9327123151888	0.7819071772015604	284017.2758556238	0.6113788337593125	747.5555383409773	-3.9441695622035695	558839.2829042684	15.556473535413096	607.5631003318426	-1.7549269516580353	3.079768605655764	369132.9208848407	618.3474357891799	499.73937950706073	0.8055879999999999	27.535244	0.4029443098759162	0.2059397692913689	0.0504729079	-0.0964962047	-0.0461595723	-0.0688175439	-0.0215254384	-0.0817631241	-0.0108422608	0.0626722891	0.0272751559	-0.0473563662	-0.1035325703	0.0376113741	0.0514165833	0.0424240126	-0.0078296068	0.0789322705	0.0105573773	-0.070375357	0.0340094454	0.0311275361	-0.0958783866	-0.0286507546	-0.0804231671	-0.0048584217	0.0486695039	0.0655278152	-0.0615780359	-0.0149924108	0.0387334048	0.0528048603	0.0063685852	0.0011202045	-0.0568534911	0.0438991222	0.1074659644	0.0101126119	-0.013530049	0.0935626149	0.0597578138	0.0138053113	-0.0209528445	-0.111381881	-0.0397192306	0.0342157358	-0.0462496448	-0.0972501168	0.0214090555	-0.0559348153	-0.0120959437	-0.0052192949	-0.0544088791	0.0668864052	-0.0315674173	0.0460769995	0.0806972575	-0.0992843796	0.0244756123	-0.1000715639	-0.0753746079	0.0090159313	0.0365587976	-0.1067840343	0.0196254839	0.0918879754	0.0460315584	0.0319726754	-0.0046377061	-0.0173797101	-0.0608704117	0.0494865204	0.0143876177	-0.0490110309	0.0367650345	-0.0101267264	0.0606339721	0.0215794903	-0.004591639	0.0420894814	-0.0402807986	0.0292572656	0.085045409	0.0371136866	0.0253914706	-0.0939138005	0.016004857	0.0356829798	0.1153420463	0.0208578453	-0.0464646794	0.0408659565	-0.103095216	0.0390922489	-0.0988748108	0.0423855482	-0.0380963173	-0.0044745118	0.0284738129	0.0829774303	-0.0082550055	-0.097149733	0.0245332508	0.0	0.0	0.0	0.0	0.1338361390992446	0.0177659265990968	0.0003156281479244	0.0179121121289923	0.7263939630489915	-0.112000776894547	0.012544174024982	0.5276481895540196	0.7147186607461151	-0.1648015019502224	0.5108227640187204	0.0271595350450491	0.0086677580405631	-0.0014726960876688	2.1688337666352813e-06	7.513002944974629e-05	-0.0039527864243986	-8.695861916500382e-06	1.562452051690987e-05	7.56180144708417e-11	0.0043412422584188	0.0006861301390555	1.884638434628116e-05	4.707745677204564e-07	0.0	0.0	0.0	0.0	0.0	0.0	0.0	0.0	0.0	0.0	0.0	0.0	0.0	0.0	0.0	0.0	0.0	0.0	0.0	0.0	0.0	0.0	0.0	0.0	0.0	0.0	0.0	0.0	0.0	0.0	0.0	0.0	0.0	0.0	0.0	0.0	0.0	0.0	0.0	0.0	0.0	0.0	0.0	0.0	0.0	0.0	0.0	0.0	0.0	0.0	0.0	0.0	0.0	0.0
532.4824769401356	-0.4502353750532393	283537.58824830205	0.202711892949331	750.8776129586356	3.322074617658359	563817.1896424586	11.036179765289932	607.7420184745297	0.1789181426870527	0.0320117017825845	369350.3610194956	619.1283912142417	505.10138639495	0.7171	24.510702	0.117526378519702	0.0587067954120409	0.0459345666	-0.1115377192	-0.0759914153	-0.0720411939	-0.0305595253	-0.0978728564	-0.0452825856	0.0284806273	0.0208418853	-0.0434886665	-0.0851240042	0.0656967125	0.0166973089	0.0923164715	0.0397846312	0.0262954911	0.022392796	-0.0095456049	-0.0212067112	-0.0363716835	0.0221458217	0.0226176899	-0.0539054784	0.0359027229	-0.1148448626	0.1105779521	-0.1025643453	-0.0481142195	0.116314463	0.0781455414	0.0685098956	-0.059586325	0.1488363547	0.027843452	0.0095657343	-0.0527408621	0.0374153371	0.1008572663	-0.0071347455	-0.0087533084	0.0111833357	-0.0538266857	0.0211241759	0.0256509301	-0.0437440978	-0.0799793309	-0.0315362717	-0.0618862889	-0.0287066807	-0.0640888415	-0.0934694373	0.0532095611	-0.0437413762	0.1611001792	0.00263302	0.0208408203	0.0691463641	-0.0657273646	-0.0348802047	-0.0024463378	0.0136353915	-0.0524205906	0.0626806138	-0.0032166674	0.0462896923	0.0783109948	0.0066003567	0.1372726235	-0.0803240353	0.1804814794	-0.0211984234	0.0156853921	0.1153870912	0.0194986089	0.0520919483	0.0087693049	-0.0055528132	0.0516981937	-0.0272367404	0.0427081428	0.0505748054	0.0301903186	0.0173806398	-0.0993483435	0.0009576213	0.0449918286	0.1190726838	0.0450654983	0.0175041946	0.0035347017	-0.0631352264	0.0743366178	0.0360055041	-0.0539770752	0.0145954534	-0.0095091853	-0.0102720994	-0.0020294776	-0.0097513761	-0.0966028251	0.0288721006	0.0	0.0	0.0	0.0	0.1363614794822041	0.0025253403829594	6.377344049805956e-06	0.0185944530865755	0.7624462341570251	0.0360522711080335	0.0012997662520471	0.5813242599802291	0.6846801034101162	-0.0300385573359989	0.4687868440056874	0.000902314926828	0.0082730885382421	-0.000394669502321	1.5576401606230665e-07	6.844399396159281e-05	-0.0039560346024887	-3.248178090099925e-06	1.5650209776087927e-05	1.0550660905005196e-11	0.0037609557449757	-0.000580286513443	1.414478811566572e-05	3.367324376839489e-07	0.0	0.0	0.0	0.0	0.0	0.0	0.0	0.0	0.0	0.0	0.0	0.0	0.0	0.0	0.0	0.0	0.0	0.0	0.0	0.0	0.0	0.0	0.0	0.0	0.0	0.0	0.0	0.0	0.0	0.0	0.0	0.0	0.0	0.0	0.0	0.0	0.0	0.0	0.0	0.0	0.0	0.0	0.0	0.0	0.0	0.0	0.0	0.0	0.0	0.0	0.0	0.0	0.0	0.0
533.7860077303749	1.3035307902392788	284927.50204873184	1.6991925211018386	764.468361554827	13.59074859619136	584411.8758183216	184.70844740487743	608.8932220720937	1.1512035975640629	1.3252697230444408	370750.9558853361	622.6983313538974	509.1157625267797	0.750113	25.639088	0.3202613211761599	0.1933751773681524	0.0296042717	-0.1035236915	-0.1199232326	-0.0927663196	0.070158143	-0.1170666226	-0.1352123602	-0.0524499877	0.0044247408	-0.0146522334	-0.0241423513	0.0268877181	-0.0239247118	0.0162485482	-0.004470593	0.0440018336	-0.0275976552	-0.0775489057	0.0309745014	-0.0395958914	-0.0121225829	0.0759086052	0.079323392	0.0204309977	-0.1430567325	0.0011365082	-0.0689181367	0.0490629123	0.0488947668	0.0565903277	-0.0531231162	-0.0122897062	-0.0427523582	-0.0487457947	0.1436148325	-0.0797010049	-0.0313088247	0.0035173548	-0.0160435816	0.0681019958	0.015875951	0.0367947884	-0.101133391	-0.0022106446	0.0077190087	0.0200000356	-0.0297336259	-0.0226615938	0.0521863923	-0.0058058163	-0.1001310825	0.0453888702	-0.1289176555	0.1808591367	-0.0024818799	-0.0017937134	0.0448049576	-0.0542447816	0.0134748645	0.0257288289	0.0880860524	-0.0264872626	0.1035071474	-0.0994678136	0.0709294345	0.0414307731	0.0407949637	-0.0762504556	0.1022514302	-0.0550730177	-0.0873037911	-0.14261815	0.0681007567	0.0306962944	0.0440218085	0.0047515672	-0.0031433805	0.0768362072	-0.0170734435	0.0324492129	-0.0130194621	-0.0061999674	-0.0089366389	-0.0828287252	-0.019098263	0.0592726476	0.1113423888	0.0495703686	0.0011174759	0.0809036097	-0.0211782857	0.0644283838	0.0122685945	-0.0152034232	0.0766499454	0.0135386219	0.0103586332	-0.047739833	-0.0112454789	-0.095966054	0.0331505264	0.0	0.0	0.0	0.0	0.1402170107949842	0.0038555313127801	1.4865121703827862e-05	0.0196608101162807	0.9195890815958164	0.1571428474387913	0.0246938745011712	0.8456440789902371	0.5784947846033077	-0.1061853188068084	0.3346562158132274	0.0112753219301035	0.0076235513924606	-0.0006495371457815	4.218985037499777e-07	5.811853583348795e-05	-0.0042930397829077	-0.0003370051804189	1.843019057762819e-05	1.135724916292425e-07	0.0036859455988206	-7.50101461551001e-05	1.358619495746495e-05	5.626522026209478e-09	0.0	0.0	0.0	0.0	0.0	0.0	0.0	0.0	0.0	0.0	0.0	0.0	0.0	0.0	0.0	0.0	0.0	0.0	0.0	0.0	0.0	0.0	0.0	0.0	0.0	0.0	0.0	0.0	0.0	0.0	0.0	0.0	0.0	0.0	0.0	0.0	0.0	0.0	0.0	0.0	0.0	0.0	0.0	0.0	0.0	0.0	0.0	0.0	0.0	0.0	0.0	0.0	0.0	0.0
532.1146840488593	-1.6713236815155597	283146.0369804174	2.793322848394724	756.2722645350865	-8.196097019740478	571947.7381050278	67.17600635699874	608.5789501534	-0.3142719186937484	0.09876683887945	370368.3385698145	620.7361915072104	503.7496943831189	0.8088969999999999	27.648354	0.4905611556685432	0.2713837301323528	0.0640081584	-0.0783657847	-0.0729736595	-0.0426597748	-0.0151065542	-0.0945304657	-0.1113853565	-0.0686227373	0.0152505	-0.0462449061	0.0246496016	0.0091527933	-0.0671425975	0.0590801625	-0.0434528487	-0.0496814174	0.013895939	-0.0728193072	0.0402697383	0.0894756769	0.0495551374	0.2446078045	0.0708541577	0.0192048407	0.0024364304	-0.0473101939	0.1040195492	-0.1120303976	-0.0681504721	0.0400529645	0.0617915839	-0.0798018838	0.0763461422	0.0441314278	-0.0475820831	0.0981519626	-0.0297484386	0.0041664195	0.0877435324	-0.0066659462	-0.0722090526	-0.1183467387	-0.1106988535	0.0165587375	-0.0450045788	0.044620345	-0.0432850499	0.0532124135	-0.0054217973	-0.0489619717	-0.0355009927	0.0940837812	-0.087038887	0.0838711778	-0.0726645037	-0.114051468	0.0561333267	0.0052384811	-0.0043650164	0.2712814925	0.0043970515	0.0926707027	-0.0221287741	-0.0938065833	0.0525941133	0.1231278213	-0.1418891166	0.0767365712	0.0023123445	-0.0496120938	0.0512581779	-0.0285603361	-0.0280601552	0.0377967459	0.0677477351	0.0285718227	-0.009589031	0.0290038403	-0.0283588578	0.0307999193	0.0790074514	0.0401621467	0.0252109774	-0.0482134911	-0.014682464	0.0863288967	0.0961457642	0.0617702214	-0.0375459938	0.0868655314	-0.1039834509	0.0007645346	0.0195929509	0.0170863313	0.059595169	0.0535072162	-0.0669085523	0.0428619229	-0.0127369662	-0.0952400122	0.037359574	0.0	0.0	0.0	0.0	0.1395292756702986	-0.0006877351246855	4.729796017263041e-07	0.0194684187690781	0.7621133204607844	-0.157475761135032	0.0247986153450576	0.5808167132237623	0.7753234197368783	0.1968286351335706	0.6011264051924876	0.0387415116085442	0.0096533664048225	0.0020298150123619	4.120148984409742e-06	9.318748294575568e-05	-0.0037741021058732	0.0005189376770344	1.4243846705556524e-05	2.692963126459628e-07	0.0035233178027119	-0.0001626277961086	1.2413768338906612e-05	2.6447800067172772e-08	0.0	0.0	0.0	0.0	0.0	0.0	0.0	0.0	0.0	0.0	0.0	0.0	0.0	0.0	0.0	0.0	0.0	0.0	0.0	0.0	0.0	0.0	0.0	0.0	0.0	0.0	0.0	0.0	0.0	0.0	0.0	0.0	0.0	0.0	0.0	0.0	0.0	0.0	0.0	0.0	0.0	0.0	0.0	0.0	0.0	0.0	0.0	0.0	0.0	0.0	0.0	0.0	0.0	0.0
530.7877408192517	-1.3269432296076502	281735.6258040051	1.760778334601581	745.7324696677072	-10.539794867379328	556116.9163166978	111.08727584643565	610.1558007498156	1.5768505964156248	2.4864578034163114	372290.1011886487	621.1507553674224	500.5859814302824	0.8428449999999998	28.808697	0.1471230179913853	0.0777546246410696	0.0852598516	-0.0625411843	-0.0727269506	0.0064810907	-0.0414590876	-0.071053944	-0.0109933422	-0.0084629103	-0.0315207533	-0.0557892661	0.0435667089	0.0796419034	0.0795508861	-0.0110761943	-0.0340564552	-0.0745229905	-0.00717378	0.0165156243	-0.0582762702	0.0397465955	-0.1116995405	-0.1258470984	0.0578708555	-0.0456061735	-0.0062245007	0.0314633673	0.0172401903	-0.0073376641	0.0932437606	-0.0099193244	0.0643352104	0.0052686759	-0.0159273818	0.060407249	0.082684534	-0.0596936384	-0.0431173563	0.0235031569	0.0212431758	0.1089181882	0.1721783344	0.0237922829	0.0867935233	-0.0165623536	-0.0735621236	0.0086917774	-0.0272327641	-0.0879330566	-0.0637007961	0.0614450599	-0.0575777286	-0.0388991489	0.0163176329	-0.0472939579	-0.0266089206	-0.1211993197	0.0505574601	-0.0105744325	-0.0093789805	-0.0792955854	0.0432589488	-0.0680362368	0.0099002478	-0.0672320161	-0.0018327426	-0.0769465551	-0.0169202963	-0.045824472	-0.0219558982	0.0735274042	0.0244195809	-0.0187780276	-0.0138184906	0.0439193181	0.0496514073	0.0518179037	-0.0237863575	0.0638860153	-0.0061843572	0.0826524787	0.0550203531	0.0162617349	0.0054602614	-0.1625010431	-0.0337799521	0.0850463586	0.057155735	0.0005179386	0.0347253641	-0.0933690212	-0.0723025222	0.0741798559	0.0719332034	0.0079561483	0.061174007	-0.0746913007	0.0058120852	-0.0053517577	-0.0142254913	-0.094425375	0.0414904347	0.0	0.0	0.0	0.0	0.1529765640054421	0.0134472883351434	0.0001808295635684	0.0234018291349111	0.7512794135863601	-0.0108339068744243	0.0001173735381636	0.564420757278665	0.7537877311017809	-0.0215356886350974	0.5681959435595707	0.0004637858849878	0.0082669696923814	-0.0013863967124411	1.922095844267492e-06	6.83427878947526e-05	-0.004326177763507	-0.0005520756576338	1.8715814041462432e-05	3.04787531751793e-07	0.0036109681155714	8.76503128594999e-05	1.3039090731673268e-05	7.682577344368215e-09	0.0	0.0	0.0	0.0	0.0	0.0	0.0	0.0	0.0	0.0	0.0	0.0	0.0	0.0	0.0	0.0	0.0	0.0	0.0	0.0	0.0	0.0	0.0	0.0	0.0	0.0	0.0	0.0	0.0	0.0	0.0	0.0	0.0	0.0	0.0	0.0	0.0	0.0	0.0	0.0	0.0	0.0	0.0	0.0	0.0	0.0	0.0	0.0	0.0	0.0	0.0	0.0	0.0	0.0
533.8198084654757	3.03206764622405	284963.5879101172	9.19343421127865	761.3067153385707	15.574245670863547	579587.9148196036	242.55712821641197	613.1118245268073	2.9560237769916284	8.738076570139853	375906.1093745905	627.0186470662741	492.7870356623059	1.146427	39.185215	0.52536628989957	0.3357565272185235	-0.0396266857	-0.0296518185	-0.1113511945	-0.063454466	0.1232898228	-0.057021061	-0.0874998434	-0.0152407676	-0.0959774061	-0.013327841	0.0055746708	0.0078278538	-0.0623549476	-0.1263558673	-0.0443007031	-0.0709736289	-0.0294216934	0.027602691	-0.0200747673	-0.0085922334	-0.0406327663	-0.0986059097	0.1117779728	0.0730824036	-0.1146925417	0.040318123	0.0592441736	-0.202900326	-0.1100861193	-0.0178491761	0.0545079986	0.0860856868	-0.062980539	0.014064077	0.0311805538	0.0268372968	0.0102994606	-0.0855677494	0.0696374788	0.0422924577	0.0650865031	-0.0710834662	0.0093017009	-0.0906926648	0.0322632613	0.0645932532	-0.0048242595	-0.0805755914	0.1473242384	0.1047735222	-0.1861253456	-0.0444268959	0.0247189547	-0.0113491565	0.0086458484	-0.052474895	-0.0009776353	-0.0241391464	-0.025528328	-0.0964019516	0.0954812204	0.1405885008	0.0623063767	-0.1612549005	-0.0385199027	0.1306838424	-0.0061979278	0.0388617953	0.0693606031	-0.0110290614	0.1222957062	0.0351085762	-0.0986318501	-0.005248449	-0.0390909842	0.0399172825	-0.0149540892	0.100729411	0.0696962561	0.0281696421	-0.0639973783	-0.0004663674	-0.1364922436	-0.1582047935	-0.0347938933	0.1276718727	0.0423760156	-0.0489128807	0.0356030136	-0.0237874874	0.0038360952	0.0580722254	-0.1013250576	0.0287458646	0.0331405648	0.0070664551	0.0659613209	-0.1250431165	-0.0157107079	-0.0935229002	0.0455344633	0.0	0.0	0.0	0.0	0.0967606454490095	-0.0562159185564326	0.0031602294991434	0.0093626225077089	0.7790118530052723	0.0277324394189122	0.0007690881961236	0.606859467122708	0.4290904073771457	-0.3246973237246351	0.1841185777030848	0.1054283520339405	0.0064053779639008	-0.0018615917284805	3.465523763547387e-06	4.102886686042596e-05	-0.0045667704330036	-0.0002405926694966	2.0855392187755893e-05	5.7884832615500235e-08	0.003843195881586	0.0002322277660146	1.4770154584239592e-05	5.392973530813184e-08	0.0	0.0	0.0	0.0	0.0	0.0	0.0	0.0	0.0	0.0	0.0	0.0	0.0	0.0	0.0	1.0	0.0	0.0	0.0	0.0	0.0	0.0	0.0	0.0	0.0	0.0	0.0	0.0	0.0	0.0	0.0	0.0	0.0	0.0	0.0	0.0	0.0	0.0	0.0	0.0	0.0	0.0	0.0	0.0	0.0	0.0	0.0	0.0	0.0	0.0	0.0	0.0	0.0	0.0
535.9064329697605	2.086624504284828	287195.70489837247	4.354001821881903	750.488276890346	-10.818438448224695	563232.6537498407	117.03861045802638	613.0714853311301	-0.0403391956771201	0.0016272507078769	375856.6461261181	625.9519204964315	489.1430266051527	1.111536	37.992634	0.4518481571444567	0.2241097410903549	0.0167608129	-0.0430373102	0.0247016724	-0.0416062657	-0.0063629259	0.0611660005	-0.0582147187	-0.107380718	-0.0790007929	-0.092014835	-0.0988229368	-0.1827498525	-0.1626118577	-0.1586508476	-0.0037618932	-0.0374417374	0.0290987367	0.0636742102	-0.0274122772	-0.1280436385	-0.0765338593	-0.0223650307	-0.0764645871	-0.0235764724	-0.1053147239	-0.1254066668	0.0998621745	-0.0918645759	0.0274819328	0.0170903257	-0.1134752924	-0.0589580112	0.0721428764	0.1507427392	-0.0780560847	-0.0076474283	-0.0030618688	-0.0361819446	-0.0494461506	-0.1136235914	0.0246638824	0.1119984416	-0.0251763291	-0.0813200653	-0.0522645041	0.016477488	0.0541782326	0.0913558124	0.2979121496	0.0510569784	0.0206761473	0.0575458489	0.0506572354	-0.0224607853	-0.0269605081	0.0907677399	0.0244333307	0.0120784182	0.0475251177	-0.0741157722	0.2371358016	0.0413528993	0.0194874343	0.0628382633	-0.0689633532	0.074576476	-0.0659402714	0.096183231	-0.0503306878	0.043031791	0.0199945763	0.150807331	-0.0078554192	0.0173002822	-0.0376834079	0.119792575	-0.0769094605	0.1101161772	0.1074136036	-0.0586868594	-0.0598501953	0.0495852624	-0.1451677864	-0.03277871	-0.0501560981	0.077719289	0.0848585492	-0.1351486807	-0.1461129032	-0.039246183	0.0688163919	-0.1105688249	-0.0227176796	-0.0444887545	0.0349141068	0.2095402344	0.1352751665	-0.0366728456	-0.0171922707	-0.0925334274	0.0494831965	0.0	0.0	0.0	0.0	0.2081536268875368	0.1113929814385273	0.012408396313764	0.0433279323864358	0.7997880763283973	0.020776223323125	0.0004316514555723	0.6396609670370783	0.5875154764806751	0.1584250691035294	0.3451744351043147	0.025098502520458	0.0065890189560141	0.0001836409921133	3.3724013984357124e-08	4.3415170802713136e-05	-0.005971092774871	-0.0014043223418673	3.565394892611666e-05	1.9721212398679367e-06	0.0054803102131908	0.0016371143316047	3.0033800032803387e-05	2.6801433347458293e-06	0.0	0.0	0.0	0.0	0.0	0.0	0.0	0.0	0.0	0.0	0.0	0.0	0.0	0.0	0.0	0.0	0.0	0.0	0.0	0.0	0.0	0.0	0.0	0.0	0.0	0.0	0.0	0.0	0.0	0.0	0.0	0.0	0.0	0.0	0.0	0.0	0.0	0.0	0.0	0.0	0.0	0.0	0.0	0.0	0.0	0.0	0.0	0.0	0.0	0.0	0.0	0.0	0.0	0.0
539.352683536422	3.4462505666614334	290901.31723793974	11.87664296821425	758.6482389177595	8.159962027413485	575547.150413018	66.58498028883	616.470852896891	3.3993675657608264	11.555699847146686	380036.31247142015	628.3232065301193	499.84970176500735	1.073751	36.701141	0.4906130273738146	0.2728271065878997	0.0377898061	-0.1109200472	0.0876100897	-0.1037451412	-0.0895051664	0.0798703246	-0.0323926076	-0.055714657	-0.1711403269	-0.1191789503	-0.1247510774	-0.1082129157	-0.1404437397	-0.0285762679	0.0293763204	-0.0567594606	-0.0125018866	0.1081215538	-0.0800783887	0.0660838323	0.0924564136	-0.0568992928	-0.1018125867	-0.0962780151	-0.0317848791	-0.1401854972	-0.0304096939	0.0122929312	-0.0280144039	0.0829074384	0.0952108673	-0.0095972476	-0.0025926847	0.0258371824	0.0135376703	-0.1120303052	-0.1449760781	-0.0339059334	0.0671772967	-0.1055319927	-0.0836722835	0.0407748631	0.169346926	-0.1604130754	-0.13778936	-0.0723819935	0.0678108838	0.1235521784	0.1470598594	-0.0160745374	-0.0398902684	-0.1617191721	0.086684213	-0.0296004415	-0.0395516541	0.0447996808	0.0576922562	-0.0462150012	0.0923268384	0.0621285538	0.0152888373	0.1372886072	0.0698645752	0.1062377816	-0.081961555	-0.0545376409	-0.094211368	-0.0729907236	-0.0517504595	0.0490065232	-0.07552627	-0.1612098437	-0.0236101082	-0.0059206579	-0.0583833397	0.1870686842	-0.1061697972	0.0696489045	0.1540838095	-0.0091936614	0.0518975229	0.1355960924	-0.0974912001	0.0458914804	-0.0263567445	0.0578306654	-0.0128450057	-0.1258586602	-0.0974883148	-0.0224186165	-0.0684526488	-0.0877586405	-0.0708107084	-0.0178186717	0.0420014951	0.0931348595	0.0738199815	-0.0564691097	-0.018669835	-0.0914578769	0.0533283702	0.0	0.0	0.0	0.0	0.2397833591820841	0.0316297322945473	0.0010004399650247	0.0574960593406443	0.6043798862910279	-0.1954081900373694	0.0381843607336806	0.3652750469531558	0.755877366129468	0.1683618896487928	0.5713505926268218	0.0283457258861122	0.0066658705342472	7.685157823310047e-05	5.906165076918361e-09	4.443382997934506e-05	-0.0057978931229591	0.0001731996519119	3.361556466525642e-05	2.999811942240335e-08	0.0071345232909079	0.0016542130777171	5.090142258850728e-05	2.7364209064902805e-06	0.0	0.0	0.0	0.0	0.0	0.0	0.0	0.0	0.0	0.0	0.0	0.0	0.0	0.0	0.0	0.0	0.0	0.0	0.0	0.0	0.0	0.0	0.0	0.0	0.0	0.0	0.0	0.0	0.0	0.0	0.0	0.0	0.0	0.0	0.0	0.0	0.0	0.0	0.0	0.0	0.0	0.0	0.0	0.0	0.0	0.0	0.0	0.0	0.0	0.0	0.0	0.0	0.0	0.0
539.6198070892482	0.2671235528262059	291189.5362030374	0.0713549924744948	749.851868547712	-8.796370370047498	562277.8247644951	77.37613168704955	614.6796713243738	-1.7911815725171891	3.2083314257251505	377831.0983394402	626.621532744214	504.1491980950889	1.123045	38.386024	0.8105279146663701	0.3992509660403127	-0.0279263267	-0.1439611421	0.134667142	-0.1166787062	-0.0605277502	0.236488075	0.0501109374	0.0062017384	-0.1649183921	-0.0605832269	-0.1091997421	-0.0371092263	0.0775519381	0.1334664606	-0.0189266404	0.0351819204	-0.0662080212	0.0123990958	0.0382609465	-0.0500802472	0.022250802	-0.0573809765	-0.1436077223	0.0009920792	0.0363626721	-0.0899382287	0.2094688733	0.0879494511	-0.0367233316	0.1117806895	-0.0492005289	-0.0347229248	0.0585483914	-0.0338994513	0.0224384776	-0.0499070074	0.1096686493	-0.0172887518	0.0021503652	0.1138415244	-0.0636662856	0.1299415285	-0.035546039	-0.1639609792	-0.0889195355	-0.0691252315	0.067042102	0.0902206951	-0.0947851461	0.0629035024	0.0497062248	0.0623915798	0.0450295576	0.059386593	-0.0058648666	0.0120690519	0.1036179435	-0.0246413156	0.0343534528	-0.0474258064	0.0592323952	-0.0001396522	0.0346518662	0.1229279953	-0.0841002918	-0.0504952973	-0.0664808472	0.0947954626	0.0338869619	-0.0651933661	0.094585771	-0.0944990957	-0.0555786861	0.1213318123	-0.1415367098	0.205254526	-0.0939550169	-0.0242264297	0.162782042	0.0258539944	0.0702016257	0.1499704785	0.0421605711	0.0594203959	0.0480437884	-0.0528169569	0.1191357854	-0.0702974445	0.0840204575	-0.0262469186	0.0388122961	-0.0036816488	0.1080460839	0.0413509584	-0.0966726064	-0.0799206536	0.0681486649	0.0677085366	-0.0201430573	-0.0902972493	0.0570619372	0.0	0.0	0.0	0.0	0.1495263086326304	-0.0902570505494537	0.0081463351738866	0.0223581169733006	0.3281081222041422	-0.2762717640868857	0.0763260876316798	0.1076549398563283	0.5630818330779874	-0.1927955330514805	0.3170611507424665	0.0371701175646045	0.0094755026500781	0.0028096321158308	7.894032626308415e-06	8.978515047163708e-05	-0.004815075548054	0.000982817574905	2.3184952533467528e-05	9.659303855423412e-07	0.0083661449397429	0.001231621648835	6.999238115278574e-05	1.5168918858790465e-06	0.0	0.0	0.0	0.0	0.0	0.0	0.0	0.0	0.0	0.0	0.0	0.0	0.0	0.0	0.0	0.0	1.0	0.0	0.0	0.0	0.0	0.0	0.0	0.0	0.0	0.0	0.0	0.0	0.0	0.0	0.0	0.0	0.0	0.0	0.0	0.0	0.0	0.0	0.0	0.0	0.0	0.0	0.0	0.0	0.0	0.0	0.0	0.0	0.0	0.0	0.0	0.0	0.0	0.0
533.5776360193413	-6.042171069906885	284705.09365998866	36.50783123801972	743.4886231013706	-6.363245446341352	552775.332681172	40.49089261038396	612.8719915954852	-1.8076797288886155	3.2677060022348186	375612.0780822165	623.7469201109463	485.1522601697379	1.176097	40.199364	0.5712112283892345	0.279009250098767	-0.0222571032	-0.0945540725	0.1486017013	-0.0536569837	-0.0756581232	0.1365283773	0.0651803459	0.0849961357	-0.1343900003	-0.0014891035	-0.0876510462	0.0205466019	0.1484739982	0.0159173283	0.009231173	-0.0965008386	0.0297045524	-0.0758633541	-0.0606278011	0.0506596295	0.1170510581	-0.0453242615	-0.0300141389	-0.1521902676	-0.1186614034	0.0682398895	0.0364519718	-0.1603932314	-0.029400789	-0.0337925641	-0.1010345788	0.0567937804	0.1203646419	-0.1441851917	-0.122563837	-0.0667621243	-0.0179963559	0.0577933508	0.0447640806	-0.0584174304	-0.0127846971	0.1655040448	-0.0668828523	-0.1266580398	-0.0623216264	-0.073564475	0.0364811574	-0.0541838886	-0.0986202554	0.0391168789	0.0038591586	-0.0477701756	0.0805433109	0.0971027753	-0.1292256289	0.0831854168	-0.0046843222	-0.1651368037	-0.0556617121	0.0411946034	0.0755804951	0.0621605596	-0.1033574427	-0.0290279393	-0.0482638815	-0.1470207109	0.1132446733	0.0402915517	-0.0715748674	-0.1652033107	0.1541754058	0.139758207	-0.0388196114	-0.0471975007	-0.110370899	0.1390695617	0.0018887614	-0.0316448781	0.1244260096	0.0606605718	0.0725228651	0.1445451117	-0.0033419199	0.1315976954	-0.1614257275	-0.1026394564	0.1105075389	-0.02369986	0.4883323869	0.0785599362	-0.0845366372	-0.1206835518	-0.073347997	-0.0637148911	-0.0493139995	-0.0134235903	0.0356437626	-0.0696210976	-0.0216115948	-0.0890526243	0.0606760837	0.0	0.0	0.0	0.0	0.0946323609151988	-0.0548939477174315	0.0030133454960041	0.0089552837323844	0.4752585734426731	0.1471504512385308	0.0216532552997032	0.2258707116307647	0.5867372895990997	0.0236554565211122	0.3442606470060977	0.0005595806232222	0.0062378698650915	-0.0032376327849865	1.0482266050420082e-05	3.891102045381665e-05	-0.0037564153016174	0.0010586602464366	1.411065591822534e-05	1.120761517385203e-06	0.0109800793665629	0.0026139344268199	0.000120562142896	6.8326531877148e-06	0.0	0.0	0.0	0.0	0.0	0.0	0.0	0.0	0.0	0.0	0.0	0.0	0.0	0.0	0.0	0.0	0.0	1.0	0.0	0.0	0.0	0.0	0.0	0.0	0.0	0.0	0.0	0.0	0.0	0.0	0.0	0.0	0.0	0.0	0.0	0.0	0.0	0.0	0.0	0.0	0.0	0.0	0.0	0.0	0.0	0.0	0.0	0.0	0.0	0.0	0.0	0.0	0.0	0.0
532.0999115297883	-1.4777244895529975	283130.3158500085	2.183669667024667	737.9922863551549	-5.496336746215775	544632.6147197089	30.20971762780181	614.3391934505348	1.467201855049666	2.152681283461181	377412.6446094536	624.442810150376	472.0925760698012	1.520677	51.9772	1.1007566120935948	0.5081709746917347	0.0339012388	-0.006578157	0.1339865848	-0.0394651688	-0.0668893831	0.0844540259	-0.0221817609	0.0227562734	-0.1343129973	-0.0585577495	0.0953409961	-0.0476919032	-0.0794906453	0.0540419521	0.0573385211	-0.0050951198	0.0881098141	-0.0697932808	0.0388285121	0.0243363736	0.0319586987	0.0002334916	0.1180633782	-0.1367267447	0.0877768989	0.0433583478	-0.0815871596	-0.0196687068	-0.0414306772	0.0413577125	0.014261063	0.0329180025	0.0104773868	-0.0484820855	-0.0380105847	0.0526856119	-0.055362645	0.024638457	-0.0268361353	0.0438422389	0.0815282848	0.0063666015	-0.0028502086	-0.1144415682	-0.0947679331	0.0601271494	-0.0701058445	0.0279217459	0.0070840753	-0.1009233783	0.0138836592	0.0139895996	0.0401199664	-0.0332838332	0.0128261012	0.062880724	-0.0908534365	-0.1310900463	-0.1004280855	0.177282235	-0.0432279154	-0.0579174269	-0.1573623149	-0.054328642	-0.0595956353	0.0502592605	0.0750227286	-0.0582720674	-0.0551102586	0.0061332421	0.0191300203	0.0624920936	-0.0320231009	0.073499211	0.0225459344	0.0510744107	0.0969988195	-0.1070410895	-0.0480120046	0.0047495465	0.1840071224	-0.0384915863	0.0108118833	0.0468935872	-0.2910460542	0.0728502957	0.124457391	-0.0692624643	-0.1323708578	0.1872152852	0.0641087652	-0.1269257437	0.0173660483	-0.040400028	-0.0099363018	-0.0540704422	0.093711967	-0.1088467553	-0.0230751061	-0.0877251596	0.0641632461	0.0	0.0	0.0	0.0	0.015685656411108	-0.0789467045040908	0.0062325821520562	0.0002460398170473	0.6939572203471869	0.2186986469045138	0.0478290981578652	0.481576623671994	0.7301493273981947	0.143412037799095	0.5331180403000362	0.020567012585689	0.0121413831421017	0.0059035132770102	3.485146901183571e-05	0.0001474131846033	-0.0044978095460084	-0.000741394244391	2.023029071216429e-05	5.496654256161023e-07	0.0044310024302462	-0.0065490769363167	1.963378253684773e-05	4.289040871779534e-05	0.0	0.0	0.0	0.0	0.0	0.0	0.0	0.0	0.0	0.0	0.0	0.0	0.0	0.0	0.0	0.0	0.0	0.0	1.0	0.0	0.0	0.0	0.0	0.0	0.0	0.0	0.0	0.0	0.0	0.0	0.0	0.0	0.0	0.0	0.0	0.0	0.0	0.0	0.0	0.0	0.0	0.0	0.0	0.0	0.0	0.0	0.0	0.0	0.0	0.0	0.0	0.0	0.0	0.0
538.5432776831287	6.443366153340435	290028.8619376875	41.51696738601311	753.8143961770194	15.8221098218645	568236.1438837243	250.3391592151411	613.5767001696411	-0.7624932808937501	0.5813960034081154	376476.3669910656	624.9621152949512	516.0336814896708	1.604293	54.835228	1.0637669243435803	0.6600870208122965	0.165247386	-0.1145648567	0.0271043174	-0.0476617022	-0.133321918	0.0174010904	-0.2365547243	0.0005368667	-0.089902625	-0.1795669059	0.1154557565	-0.0349716566	0.042175351	-0.0605877053	-0.0454747702	0.0056799924	0.1070546974	0.0364104744	0.0509536308	-0.0080740443	-0.0404167569	-0.0611409856	0.0123982905	-0.0336865593	0.0081518962	-0.0553337645	0.0362206076	0.0111894447	0.1515806342	0.0488925982	-0.0058761738	0.0373191225	0.0611168545	0.0714077662	-0.0779507058	0.1230219062	-0.073535609	0.0199997136	0.0252302121	0.0819973056	-0.0271224157	-0.0010211673	0.0276945021	-0.0734377134	-0.2001406064	0.1235154157	0.0137121351	-0.031918866	-0.027510373	-0.046426284	-0.0952515053	0.022133204	-0.1069167798	-0.0235689592	0.0688998744	0.0209849695	-0.0123380249	0.024432201	0.0801344904	0.0191337192	0.0611709077	0.0806983805	-0.0796619458	-0.0154585405	0.0067592925	0.0082461467	-0.1076605268	-0.0454918053	-0.1337931415	-0.0153299042	-0.1217477656	-0.003817303	0.1067937101	0.0502878971	0.1529599503	0.166101464	0.0530194874	-0.0812436611	-0.1103338259	0.1032233541	0.1558867631	0.0224825956	-0.0335127212	-0.0741986723	0.100900055	-0.0072838451	-0.0188446872	0.0447864431	-0.1007504836	0.0432572156	-0.0142358107	0.0345679062	0.0441940856	0.0996881678	0.1046514359	0.066481489	-0.010391302	-0.1350936376	-0.0245332508	-0.0863160901	0.0675161264	0.0	0.0	0.0	0.0	0.0555689260621221	0.039883269651014	0.0015906751980555	0.0030879055436975	0.876672961364207	0.1827157410170201	0.0333850420153987	0.7685554811870884	1.3214386794138306	0.5912893520156359	1.7462001834509686	0.3496230978070706	0.0092671606811504	-0.0028742224609513	8.26115475503695e-06	8.588026709025994e-05	-0.0053470289587147	-0.0008492194127062	2.859071868533361e-05	7.211736109172326e-07	0.0031568730707056	-0.0012741293595405	9.965847584546204e-06	1.6234056248433389e-06	0.0	0.0	0.0	0.0	0.0	0.0	0.0	0.0	0.0	0.0	0.0	0.0	0.0	0.0	0.0	0.0	0.0	0.0	0.0	1.0	0.0	0.0	0.0	0.0	0.0	0.0	0.0	0.0	0.0	0.0	0.0	0.0	0.0	0.0	0.0	0.0	0.0	0.0	0.0	0.0	0.0	0.0	0.0	0.0	0.0	0.0	0.0	0.0	0.0	0.0	0.0	0.0	0.0	0.0
528.881261128917	-9.662016554211732	279715.3883733137	93.35456389386157	750.3567546844482	-3.457641492571156	563035.2593005772	11.955284691149693	606.2502186001626	-7.32648156947846	53.67733218790756	367539.32755274494	621.3119818895383	487.9809338980109	1.56101	53.355778	1.0593254733513056	0.6992186550533883	-0.0199259407	0.0198699964	-0.0845189541	0.0371560002	0.0681221886	0.0221025566	-0.0971060007	0.0269513814	0.0402489151	-0.0106479099	0.0531761481	-0.0500948404	0.1450782039	0.0856286854	-0.0602119961	0.0566172104	0.1335938436	-0.0008392536	-0.0643638363	0.0051943259	0.0340727503	0.0635389176	0.014948181	-0.0366988096	-0.0847807945	-0.0855791475	0.1620125911	-0.0074474619	0.0275841014	0.0007374668	-0.0725023865	-0.0159135526	-0.1058985258	-0.1251265245	0.1531456189	0.0543415549	-0.0448236179	-0.0897213422	0.0476143986	0.0761507855	0.0160938781	-0.0159748182	-0.1410838099	0.0209601758	0.0008165485	0.0921924932	0.0919339452	0.0613974083	-0.145198095	0.0094218962	-0.1781624756	-0.0801997794	-0.140645546	0.0818604808	0.0502067895	0.0238295611	0.0715081502	-0.0442741868	0.095671249	0.1386282698	0.1433607489	0.0284616681	0.1026869519	-0.0408278983	-0.012980111	-0.0582586686	-0.1041810105	-0.0220397206	0.1030160101	-0.1215057463	-0.0306451109	-0.0462380646	-0.0972989897	0.0432036821	0.0326336123	0.0331629503	0.0349045508	-0.1015213578	-0.0301300443	0.0260817608	0.1566665529	0.0574873083	-0.1183825482	-0.1045357755	0.061226439	0.0868697976	0.0490890088	0.1241217924	-0.044766536	-0.0682946254	-0.0918361754	0.1247520469	0.0862756255	0.0250693019	0.0322417049	-0.0657584782	-0.1484454999	-0.2098610955	-0.0259856898	-0.0848267265	0.0707277074	0.0	0.0	0.0	0.0	0.0539695042917571	-0.0015994217703649	2.558149999517503e-06	0.0029127073934979	0.7671816965245881	-0.1094912648396189	0.0119883370761795	0.5885677554823452	0.724969676136169	-0.5964690032776616	0.5255810313169819	0.3557752718710471	0.0145536065400641	0.0052864458589137	2.7946509819225803e-05	0.0002118074633229	-0.0042222396483184	0.0011247893103963	1.7827307647831886e-05	1.265150992781784e-06	0.0037809535706688	0.0006240804999632	1.4295609903553147e-05	3.894764704343178e-07	0.0	0.0	0.0	0.0	0.0	0.0	0.0	0.0	0.0	0.0	0.0	0.0	0.0	0.0	0.0	0.0	0.0	0.0	0.0	0.0	1.0	0.0	0.0	0.0	0.0	0.0	0.0	0.0	0.0	0.0	0.0	0.0	0.0	0.0	0.0	0.0	0.0	0.0	0.0	0.0	0.0	0.0	0.0	0.0	0.0	0.0	0.0	0.0	0.0	0.0	0.0	0.0	0.0	0.0
522.2500240670479	-6.631237061869115	272745.0876380321	43.97330497070653	737.1351513453892	-13.221603339059016	543368.2313489899	174.8107948554165	604.8636866229798	-1.3865319771828126	1.92247092375048	365860.0793951423	618.2355898290648	478.0306129700622	1.18604	40.539188	0.6302853426876409	0.3971877237725641	0.0454563006	0.0762596014	-0.0624283006	0.1142765604	0.0780781726	-0.0271623788	-0.0912455784	-0.0313797164	0.0828204653	-0.0322478194	0.0929043005	-0.0361411638	-0.0031777869	0.012835572	-0.1248316128	-0.0038957553	-0.0424262034	-0.0188101614	0.0945001138	-0.0633627752	-0.0361352827	0.0563035406	0.003132921	0.0125648611	-0.1096752533	0.0405318417	0.0125785681	-0.0617944602	-0.0350065358	0.0626103847	-0.04157337	-0.028274395	0.0458722734	-0.0346279269	0.0322352122	-0.0918507905	-0.0122953239	-0.0537677308	-0.0524740354	0.1127800391	-0.0881500262	0.0275510158	-0.0593296446	0.0794501908	0.0131237311	0.1419841245	-0.0058575332	0.0319316232	0.0199927938	0.0802629499	-0.0537425485	0.0682825902	-0.1029409301	0.0870998286	-0.014070797	0.0247237912	0.0615096828	-0.0256835017	-0.0638749964	0.0057869652	0.0525525728	0.0121739871	0.0302425693	-0.0873998429	0.0297186633	0.0912513303	-0.0270245548	-0.0115240335	0.0153272103	-0.0229342919	0.0969541845	-0.0567244064	0.0473380306	0.0251181205	0.0474473885	0.021710739	0.0124557746	-0.0037158288	0.0337275344	-0.0054346542	-0.0975819157	-0.0220271931	-0.0222185274	-0.0276020626	-0.0163244624	0.0448193898	0.1135443948	0.0715675632	-0.0127140302	-0.0391573057	0.0547304621	0.0876461545	0.1891635995	-0.0372247027	0.01316881	0.0529674855	-0.0624954113	-0.0574471273	-0.0274320852	-0.0832584543	0.073791268	0.0	0.0	0.0	0.0	0.0650969156765484	0.0111274113847913	0.0001238192841263	0.0042376084305996	1.103906580759542	0.3367248842349539	0.1133836476630431	1.2186097390442234	0.6966630396314883	-0.0283066365046806	0.4853393907885847	0.0008012656702081	0.0114082402314554	-0.0031453663086086	9.893329215330717e-06	0.0001301479451785	-0.0049200752867111	-0.0006978356383926	2.420714082690531e-05	4.869745782109468e-07	0.0050202798349317	0.0012393262642629	2.5203209621021857e-05	1.535929589291835e-06	0.0	0.0	0.0	0.0	0.0	0.0	0.0	0.0	0.0	0.0	0.0	0.0	0.0	0.0	0.0	0.0	0.0	0.0	0.0	0.0	0.0	1.0	0.0	0.0	0.0	0.0	0.0	0.0	0.0	0.0	0.0	0.0	0.0	0.0	0.0	0.0	0.0	0.0	0.0	0.0	0.0	0.0	0.0	0.0	0.0	0.0	0.0	0.0	0.0	0.0	0.0	0.0	0.0	0.0
520.4513011893131	-1.7987228777348037	270869.5569096491	3.235403990886573	727.1147359439304	-10.020415401458765	528695.8392268117	100.40872481779198	605.5803749182705	0.7166882952907372	0.5136421126067429	366727.5904861531	617.4019227450951	467.3289357620337	0.83065	28.391865	0.1856653198085954	0.1273187428017194	0.0755372814	0.1104276649	-0.0080768284	0.1544745045	0.0084784885	-0.0054480642	-0.0391270815	-0.0226202541	0.0722106204	-0.0597747497	0.0880994238	-0.0282074918	-0.0237597687	0.0023143188	-0.0730928748	-0.0978869106	0.0174672723	-0.0008531134	0.0021331285	-0.0546233355	0.0464312646	-0.0488632069	-0.0189771962	-0.1675070532	0.0690340542	-0.0442712113	-0.0784680749	-0.0157184188	0.0651138877	-0.0550477384	-0.000665738	-0.0869257366	0.0245268604	0.0017307176	0.0388557928	-0.0133719541	0.1115398151	0.0179945149	0.0030069849	-0.0014556309	0.0525742255	0.0253425734	0.0529680526	0.0813001772	-0.0393045249	0.1146425648	-0.0023451709	0.0558816328	0.0183335095	0.045481825	-0.0423153568	0.0273953558	-0.0136603657	-0.0010821918	-0.0733551185	-0.020978266	-0.0649777193	-0.01438138	0.0441589701	0.0631541486	0.00909873	-0.0381184694	0.0022582717	0.0746692808	-0.0952795725	-0.0586906464	-0.0174271906	-0.0574072159	0.002935653	0.1436963786	-0.057860415	0.0561061172	0.0495909267	-0.0477629963	0.0745101132	0.0237116796	0.0188769247	-0.0077262329	0.0228593774	0.0001867273	-0.0785196407	0.0142893304	-0.0039789498	0.0388148364	0.0169810665	0.0635877152	-0.0410688595	0.0842749238	0.0025107699	-0.002615784	-0.0035517439	0.0440398279	0.0824848624	0.0265197288	0.0679243239	-0.0094125954	-0.0691730024	-0.0491292472	-0.0288721006	-0.0816127324	0.0767003968	0.0	0.0	0.0	0.0	0.0685832646423563	0.0034863489658078	1.215462911138976e-05	0.0047036641890034	1.0997511723079896	-0.0041554084515524	1.7267419399233857e-05	1.2094526409927977	0.8037143403004734	0.107051300668985	0.6459567408046252	0.0114599809749214	0.0102713757805571	-0.0011368644508982	1.2924607797162911e-06	0.0001055011604254	-0.0050677191695136	-0.0001476438828025	2.5681777581055616e-05	2.1798716128998543e-08	0.0051552167356759	0.0001349369007442	2.6576259591792883e-05	1.820796718245012e-08	0.0	0.0	0.0	0.0	0.0	0.0	0.0	0.0	0.0	0.0	0.0	0.0	0.0	0.0	0.0	0.0	0.0	0.0	0.0	0.0	0.0	0.0	0.0	0.0	0.0	0.0	0.0	0.0	0.0	0.0	0.0	0.0	0.0	0.0	0.0	0.0	0.0	0.0	0.0	0.0	0.0	0.0	0.0	0.0	0.0	0.0	0.0	0.0	0.0	0.0	0.0	0.0	0.0	0.0
518.4049277814828	-2.046373407830288	268743.6691481244	4.187644124274946	726.6560948303768	-0.4586411135536536	528029.0801541335	0.2103516710417354	605.618727327928	0.0383524096574774	0.0014709073265349	366774.0428902992	616.7904769094367	462.3975445300149	0.772275	26.396595	0.3095006725133606	0.1607978348559578	0.1015452087	0.1217922618	0.0293108492	0.1648783747	-0.0287380791	0.0058816577	-0.0837901683	-0.0482237591	0.0785392598	-0.1069744295	0.1476605144	-0.0386151905	0.0222243156	0.0796768921	-0.0989242203	-0.1242223553	0.0447125466	0.0533588465	-0.0436926446	0.0216947915	0.0419999479	0.0637989646	-0.0297728815	0.010178286	-0.0044791567	-0.0317445892	-0.0860574836	-0.1553268937	0.0168509338	-0.0315931819	0.0509671527	-0.0197182121	-0.1000438848	0.0245776137	0.0323634954	0.0301056754	-0.0495591973	0.065253682	-0.0690787606	-0.073496779	-0.036668071	-0.0466650593	0.0136037677	0.0919739164	-0.0869513824	0.1465494969	-0.0223771854	0.0436691532	-0.0459562828	0.0222279979	-0.0517476002	-0.0706155311	-0.0425153484	-0.0416240928	-0.0881961366	-0.0368630466	0.0938768851	-0.004508907	-0.0194246331	0.0718161962	-0.0274437825	0.0471823752	0.0072457059	0.049542506	-0.0140670094	0.0380009466	-0.0195246493	-0.0426792914	0.0143740541	0.0946572285	0.0052462449	0.1088411239	-0.0123234114	-0.1299865319	0.1065863712	0.0518354782	0.0300714633	-0.0211309899	0.0189463082	-0.0157075368	-0.0695971805	-0.0284804533	0.0453025052	0.0676753274	-0.0209103723	0.0511869211	-0.0431400635	0.0216835707	-0.0257384002	-0.0542750733	0.028360155	0.1101255253	0.0434501113	0.0203271805	-0.0516863748	0.0449625957	-0.0942869458	0.0068483742	-0.0303054013	-0.0798910917	0.0794490053	0.0	0.0	0.0	0.0	0.0848222139054968	0.0162389492631404	0.0002637034731708	0.0071948079718298	1.1675349212842718	0.0677837489762822	0.0045946366252796	1.3631377924182708	0.9441227048852312	0.1404083645847578	0.8913676818798054	0.0197145088453662	0.0114471414674959	0.0011757656869387	1.3824249505826676e-06	0.0001310370477768	-0.0047961531029341	0.0002715660665795	2.300308458678439e-05	7.374812851746175e-08	0.0049011562954106	-0.0002540604402653	2.4021333032042955e-05	6.454670730779823e-08	0.0	0.0	0.0	0.0	0.0	0.0	0.0	0.0	0.0	0.0	0.0	0.0	0.0	0.0	0.0	0.0	0.0	0.0	0.0	0.0	0.0	0.0	0.0	0.0	0.0	0.0	0.0	0.0	0.0	0.0	0.0	0.0	0.0	0.0	0.0	0.0	0.0	0.0	0.0	0.0	0.0	0.0	0.0	0.0	0.0	0.0	0.0	0.0	0.0	0.0	0.0	0.0	0.0	0.0
516.2297636678398	-2.17516411364295	266493.1688965538	4.73133892128012	719.2769307851792	-7.379164045197626	517359.3031597474	54.4520620059374	603.5117809639469	-2.106946363981137	4.439222980693335	364226.469762275	615.0274062077802	449.7255003375721	0.859135	29.365501	0.4327918028898185	0.2397304986766583	0.0509342731	0.1629372914	0.0206181725	0.1998230378	0.0304493645	0.0291160206	-0.0347465215	-0.0116568138	0.11008111	-0.0194673618	0.1202665233	-0.057251845	0.0071928067	0.0831339837	-0.0380663369	-0.0483827676	0.0459978181	0.0007462019	-0.0381596189	0.1031181863	0.0644254857	-0.0307539751	0.0577403575	0.0192885573	0.06668764	-0.1085535416	-0.0036283701	0.1300377857	0.037903107	0.0047175343	-0.0118389195	0.0398780159	-0.0411385626	-0.0322239497	0.0029827025	-0.0757780539	0.0511067683	-0.0225616835	0.0485173273	-0.0296127812	0.0498174482	0.0299252811	0.046048526	0.1193427613	-0.0101772545	0.1028654662	-0.0025404488	0.0948219094	-0.0591973784	-0.0389467769	-0.097967246	-0.0316806527	-0.0096611641	-0.0801428502	-0.0422413335	-0.0715469169	-0.1062725821	-0.0050855777	0.0632954781	0.0663737506	-0.0124607234	-0.016270934	0.0208550727	0.0705927238	-0.0381253429	-0.0150279627	0.1138927319	0.0470275293	0.052834267	-0.0528137928	-0.0655642756	-0.0259172132	-0.0860094392	0.0546476385	0.0723206646	0.016148529	0.0336540431	-0.0179841056	-0.0025365582	-0.0272061755	-0.0192069799	0.0522389206	-0.0080243861	0.0775674349	0.0447243198	0.1066385525	-0.1042181767	0.0293709793	0.0149911163	-0.0629650493	-0.0578369185	0.0082787037	-0.0442002403	0.0746267797	-0.1072787568	-0.0005844118	-0.0780715742	0.0349483965	-0.0317316538	-0.0780951336	0.0820313413	0.0	0.0	0.0	0.0	0.0692821471607061	-0.0155400667447906	0.0002414936744325	0.0048000159151977	0.9916793894116012	-0.1758555318726706	0.0309251680902198	0.983428011383766	0.780375315571149	-0.1637473893140821	0.6089856331527704	0.0268132075071775	0.0102103210689117	-0.0012368203985842	1.5297246983539793e-06	0.0001042506563302	-0.004820669627148	-2.4516524213900187e-05	2.323885565410724e-05	6.010599595307541e-10	0.005192795671778	0.0002916393763673	2.6965126888836325e-05	8.505352584796582e-08	0.0	0.0	0.0	0.0	0.0	0.0	0.0	0.0	0.0	0.0	0.0	0.0	0.0	0.0	0.0	0.0	0.0	0.0	0.0	0.0	0.0	0.0	0.0	0.0	0.0	0.0	0.0	0.0	0.0	0.0	0.0	0.0	0.0	0.0	0.0	0.0	0.0	0.0	0.0	0.0	0.0	0.0	0.0	0.0	0.0	0.0	0.0	0.0	0.0	0.0	0.0	0.0	0.0	0.0
515.8823455452945	-0.3474181225453776	266134.5944453146	0.120699351872955	714.0188635553633	-5.258067229815879	509822.9375128925	27.64727099326363	601.9985736634087	-1.51320730053817	2.289796334402016	362402.2826927785	613.088078686707	445.837121853226	0.728722	24.907951	0.1553333987452715	0.0962901326624564	0.0644844276	0.1741054098	0.0561803179	0.2103665959	-0.0240329543	0.0286333559	0.0509007157	0.0173578949	0.1377911559	-0.0258113946	0.027341069	-0.0572177357	0.0622673456	0.0950329226	-0.0374590911	-0.1598820727	0.0501069141	-0.0741271359	0.0026387601	-0.1000399403	0.072681041	0.0697012585	-0.0473383872	0.0586733703	0.0676099756	-0.0541429798	0.0438463294	0.0555312113	-0.0990614135	0.005900946	-0.0492313436	0.0067098452	0.1072806667	0.0021520518	-0.0151756841	0.0564460141	0.0593263654	-0.0133187745	0.0078022916	-0.0169727285	-0.0183444064	-0.0322542964	0.0836966312	0.1399828982	-0.0236926521	0.0406749936	0.0453142778	0.0448637621	-0.064749804	-0.0188771215	-0.020290339	0.0481905478	0.0019711366	-0.0009047204	-0.198835451	0.0208265036	-0.0246593699	0.0547884171	-0.0575285446	0.0293243	-0.0508798928	-0.0240981171	0.0064005887	0.0900652622	0.0164937565	0.0477160173	-0.016181772	0.0800147463	0.0142399746	-0.0344360378	-0.0130731013	0.1111852086	-0.0464972825	0.1286574499	0.0679147041	-0.0016701807	0.0407995985	-0.0287576752	0.0212766191	-0.0440830335	-0.0522836283	0.0194309334	-0.0011687769	0.1143202583	0.0063631068	0.0778165636	-0.0674360357	0.0326308949	0.0266043661	-0.1086708255	0.0317766226	0.0031886792	0.0619033483	-0.0431040897	-0.0078110759	0.0156707094	-0.1216903692	0.0283806433	-0.0331505264	-0.0762265289	0.0844420004	0.0	0.0	0.0	0.0	0.055981135824382	-0.0133010113363241	0.000176916902569	0.0031338875681879	1.0843892839533709	0.0927098945417697	0.008595124545946	1.1759001191529044	0.7667979306420563	-0.0135773849290927	0.5879790664369398	0.0001843453815127	0.0107324183148762	0.0005220972459644	2.725855342437153e-07	0.0001151848028854	-0.0047412137843902	7.945584275780015e-05	2.247910814929164e-05	6.3132309483522645e-09	0.0053061447418174	0.0001133490700394	2.815517202111644e-05	1.284801167879682e-08	0.0	0.0	0.0	0.0	0.0	0.0	0.0	0.0	0.0	0.0	0.0	0.0	0.0	0.0	0.0	0.0	0.0	0.0	0.0	0.0	0.0	0.0	0.0	0.0	0.0	0.0	0.0	0.0	0.0	0.0	0.0	0.0	0.0	0.0	0.0	0.0	0.0	0.0	0.0	0.0	0.0	0.0	0.0	0.0	0.0	0.0	0.0	0.0	0.0	0.0	0.0	0.0	0.0	0.0
517.2172904998939	1.3349449545994505	267513.72559205163	1.7820780318105285	716.3233386993409	2.304475143977584	513119.1255653706	5.310605689210505	603.0070261157122	1.0084524523034588	1.01697634855686	363617.4735449152	614.3710856272762	446.23907041447575	0.7273429999999999	24.8608	0.1907804381368827	0.1197613644287493	0.0721555492	0.1634507022	0.0731289989	0.1726346238	-0.0400359001	0.0633492318	0.0676000821	0.0186058732	0.0964049697	-0.0165624506	0.0081890174	-0.0348102294	0.0541965636	0.0965115181	-0.0440334735	-0.1460165823	-0.0346009333	-0.1169256986	0.0733696543	0.0086339328	-0.0982415453	-0.0131795403	-0.0463897272	-5.1111e-06	-0.0111010221	-0.1028772117	0.0290590334	0.1120385339	0.0308802153	-0.0891818344	-0.137703455	0.0432218047	0.067090835	0.0052979308	0.0458931312	-0.1238126797	0.0533647401	0.0195307525	-0.0329723482	-0.0200538574	0.063464308	-0.091124023	0.0774001218	0.099377794	-0.0074095305	0.0018782659	0.0492648783	0.0754896787	-0.0487089379	0.0607820046	-0.020405022	0.1173742925	0.0751567225	-0.0611058146	-0.1181690001	-0.118085964	-0.074435767	0.0085013597	-0.0802345866	-0.0124279381	0.0928711683	-0.0648179819	0.0354860219	0.0640326554	0.0237823474	-0.0300559503	0.0111314807	0.0694651422	0.0306286748	-0.0803797737	-0.0962277361	0.025256127	0.04434835	0.0588746922	0.0572077922	-0.0026318603	0.0336877655	-0.028264107	0.0087693967	-0.0305949891	0.0058104273	0.0151089254	-0.0090998816	0.0824094137	-0.0200487801	0.1559368091	-0.1225414707	0.0432849069	0.0219083789	-0.0845792835	-0.0256665385	-0.0773641409	0.0642176716	0.0150940577	0.0589321953	-0.1484443449	-0.0250122994	0.101933239	-0.0345616891	-0.0742870158	0.0866759375	0.0	0.0	0.0	0.0	0.0619104881198211	0.005929352295439	3.515721864342887e-05	0.0038329085392345	0.9754698725265598	-0.108919411426811	0.0118634381855629	0.9515414722069828	0.7310918311690386	-0.0357060994730176	0.5344952656020981	0.001274925539577	0.0108550818314984	0.0001226635166222	1.5046338310124778e-08	0.0001178328015685	-0.004903717703395	-0.0001625039190048	2.4046447314589537e-05	2.6407523691918825e-08	0.0047868006786121	-0.0005193440632053	2.2913460736761256e-05	2.697182559865907e-07	0.0	0.0	0.0	0.0	0.0	0.0	0.0	0.0	0.0	0.0	0.0	0.0	0.0	0.0	0.0	0.0	0.0	0.0	0.0	0.0	0.0	0.0	0.0	0.0	0.0	0.0	0.0	0.0	0.0	0.0	0.0	0.0	0.0	0.0	0.0	0.0	0.0	0.0	0.0	0.0	0.0	0.0	0.0	0.0	0.0	0.0	0.0	0.0	0.0	0.0	0.0	0.0	0.0	0.0
521.2082516125062	3.99096111261224	271658.0415489656	15.927770602383127	726.2039868388857	9.88064813954486	527372.2305006925	97.6272076574913	606.5101243047756	3.503098189063394	12.27169692221923	367854.5308841943	616.4299041977503	456.6026609306417	0.867421	29.648695	0.3087054784326755	0.1667825195965782	0.0969954231	0.1083124196	0.0537220755	0.1055816064	-0.096893679	-0.010011918	0.1060688243	0.0515638763	0.025075637	-0.0588243618	0.0635805145	0.1015356953	0.0486899354	0.0231458093	-0.0260942017	-0.1784738655	0.0592003457	-0.0638546357	0.0384385977	-0.0566577592	-0.0194267124	-0.0154374272	-0.0038274325	0.0573584163	-0.1026568344	-0.032256845	-0.0639844312	0.0769863402	0.0024592816	-0.0706598813	-0.0996427181	-0.0600671383	-0.0104237792	-0.0303303913	-0.0430467083	0.0089880653	-0.1317081628	0.0786601977	0.1222148437	-0.0781952088	0.0438520535	0.0234429544	0.0351949008	0.0525784155	-0.0619530879	0.0252775624	-0.0325766544	-0.0654968379	-0.0800902757	0.1130137204	-0.0594299986	-0.006942514	0.1121885804	-0.0988999489	-0.1681127673	0.1112371491	-0.0526791718	-0.049731663	-0.0779879851	0.0014388416	0.0123463664	-0.061649624	0.111536022	0.0072592742	-0.0199705556	0.0325916577	-0.057819656	0.0053474323	0.0237249615	-0.0802937414	-0.1062689919	0.055112845	-0.07473005	0.0414270178	0.060849637	0.0181305218	0.0209526568	0.0165117559	0.0348588768	0.0168480856	-0.0684950728	-0.0196573558	-0.0233262504	-0.0023143209	-0.0248758618	0.0870501377	-0.0792909003	-0.0179082266	0.1177391676	-0.2011490567	-0.0089134865	0.0171581167	0.1105689281	-0.1135925612	-0.0249667951	-0.1197296987	-0.0337909993	0.1190616511	-0.0359648137	-0.0722783984	0.0887284774	0.0	0.0	0.0	0.0	0.0626483513957367	0.0007378632759156	5.444422139449026e-07	0.0039248159326037	1.084404176132864	0.1089343036063041	0.0118666825021904	1.1759324172143957	0.7819209006294443	0.0508290694604056	0.6114002948411613	0.0025835943022107	0.0090629996343587	-0.0017920821971397	3.2115586013050576e-06	8.213796237238593e-05	-0.005449148373027	-0.0005454306696319	2.96932179912628e-05	2.974946153752114e-07	0.0054133726536414	0.0006265719750293	2.9304603487192533e-05	3.925924398921185e-07	0.0	0.0	0.0	0.0	0.0	0.0	0.0	0.0	0.0	0.0	0.0	0.0	0.0	0.0	0.0	0.0	0.0	0.0	0.0	0.0	0.0	0.0	0.0	0.0	0.0	0.0	0.0	0.0	0.0	0.0	0.0	0.0	0.0	0.0	0.0	0.0	0.0	0.0	0.0	0.0	0.0	0.0	0.0	0.0	0.0	0.0	0.0	0.0	0.0	0.0	0.0	0.0	0.0	0.0
525.5273963939037	4.31914478139754	276179.0443605552	18.655011642673603	737.7816291809082	11.5776423420225	544321.7323568352	134.04180219979224	606.7562589195153	0.2461346147397307	0.0605822485730756	368153.15773800586	620.7515163335585	453.031605894101	1.590574	54.366287	0.8686384166540084	0.60364121043891	-0.1284926649	0.1079100033	0.0002373454	0.0267156906	0.1399274054	0.0081958548	0.0393936541	0.1772394255	0.005849674	0.0983372147	0.0235546263	-0.0401537625	0.0080956692	-0.0351098498	0.0496543648	-0.0835857641	0.0247629861	-0.0941510408	-0.194848328	0.1324622691	-0.1005169107	-0.0142813512	-0.0629750524	0.0493413555	-0.0436130498	-0.0437088612	-0.0157246793	0.0361844186	0.1286966851	-0.0207966018	0.070077021	0.0835327508	-0.0759293783	0.0391477192	0.0020113649	-0.136607433	0.063934378	0.1459561539	0.0328495027	-0.0187680796	-0.0247171085	-0.1352909685	0.1031684937	-0.003059864	0.1153343461	0.0138667747	0.0944501915	-0.071804197	0.0239096661	-0.0826421071	-0.1252838905	-0.1321742399	0.1113470266	-0.1527408145	0.0432264217	-0.167793098	-0.2239848699	0.0271484291	-0.1155661196	0.0674493184	0.0988976884	0.0644307638	0.0770381197	0.1074336681	0.1340907519	-0.0050059745	-0.0544251946	0.0269445636	-0.0574678216	0.0374486262	-0.0140471249	-0.0476867247	0.1286030818	-0.0927988953	-0.0698715363	-0.0601670702	0.0791857679	0.0260299835	0.0329715996	-0.0816571546	0.0097867899	0.0097193573	-0.063521299	0.0166752704	0.0740900581	0.1587724669	-0.2175269155	-0.0112973411	0.120320378	0.1055364968	-0.0930152703	-0.0629448324	-0.1399635907	0.1153431538	0.0097443684	-0.2243839144	0.1270566051	-0.0056893217	-0.037359574	-0.0702025453	0.0905953245	0.0	0.0	0.0	0.0	0.062561772867923	-8.657852781369935e-05	7.495841478387511e-09	0.0039139754243775	0.8139257633284842	-0.2704784128043798	0.0731585717931764	0.6624751482098556	0.2425122647464093	-0.539408635883035	0.0588121985524325	0.2909616764651966	0.0089250236375734	-0.0001379759967853	1.903737568889722e-08	7.965604693124391e-05	-0.0050486783782808	0.0004004699947462	2.5489153367320047e-05	1.6037621669202147e-07	0.0060482224508855	0.000634849797244	3.658099481539541e-05	4.0303426506087445e-07	0.0	0.0	0.0	0.0	0.0	0.0	0.0	0.0	0.0	0.0	0.0	0.0	0.0	0.0	0.0	0.0	0.0	0.0	0.0	0.0	0.0	0.0	1.0	0.0	0.0	0.0	0.0	0.0	0.0	0.0	0.0	0.0	0.0	0.0	0.0	0.0	0.0	0.0	0.0	0.0	0.0	0.0	0.0	0.0	0.0	0.0	0.0	0.0	0.0	0.0	0.0	0.0	0.0	0.0
527.3872175299994	1.859821136095661	278137.27721403487	3.458934658268156	734.2650591714041	-3.5165700095041075	539145.1771199856	12.366264631743718	604.9456107995029	-1.810648120012388	3.278446614504395	365959.1920255837	619.5926768367452	461.1906861197004	1.572128	53.735794	1.2995260207255903	0.81711786800103	-0.175778885	0.0055595081	0.1652139898	0.009437381	0.1452319443	0.1648990528	0.0909456617	0.1537812788	0.0301755224	0.186925867	-0.0078301639	-0.0390284755	0.2002802032	0.0105102883	0.0095566051	0.0887617294	-0.0505623048	0.089355298	0.1605379041	0.0697920329	-0.0441495599	-0.0669062985	0.0537150021	0.0890728717	-0.0335411578	-0.1466010645	-0.051483233	0.0511977907	0.0083401865	-0.0708085165	0.0886483521	-0.0005851904	-0.1430550938	0.1232929717	-0.1976593601	-0.0675072977	-0.0847826526	0.0764387356	0.1565446985	0.0198104753	-0.0759080371	-0.1353923507	0.0547945095	-0.0075913902	0.1787207455	-0.0088058332	0.188832058	-0.0300137255	-0.1711286859	0.0752022687	0.0576432073	0.1943771318	0.0206107368	-0.1603710165	0.1698717242	-0.0466420062	-0.0574883363	0.0582090012	0.0035438303	-0.0001440001	-0.0948932903	0.1438185725	0.1071068352	0.0458331842	0.0377072489	0.0100717907	-0.0863282666	-0.018903127	-0.0023873434	0.012297974	-0.0364434213	-0.0746174586	-0.0309897579	-0.0493124181	-0.1556263009	-0.0211797567	0.126092407	-0.1282198825	-0.1257268891	-0.05690294	0.1101812325	-0.1717183756	0.0730894963	-0.1164266273	0.1836880325	0.052580309	-0.1252692412	-0.2612344039	0.0473927135	-0.1135938455	-0.0458999511	-0.0259001284	0.0695498675	0.1655958161	0.1634657785	0.1179392992	0.2008637297	0.1384774001	-0.0387456454	-0.0680613876	0.0922725718	0.0	0.0	0.0	0.0	0.0743622509536265	0.0118004780857035	0.0001392512830511	0.0055297443668901	0.4684652879078186	-0.3454604754206656	0.1193429400778723	0.2194597259745553	0.0209936248371178	-0.2215186399092915	0.0004407322838016	0.0490705078272623	0.0213403373855205	0.012415313747947	0.0001541400154599	0.0004554099997278	-0.0057980375743376	-0.0007493591960567	3.361723971343064e-05	5.615392047148935e-07	0.0047979668486908	-0.0012502556021947	2.3020485881135923e-05	1.5631390708192318e-06	0.0	0.0	0.0	0.0	0.0	0.0	0.0	0.0	0.0	0.0	0.0	0.0	0.0	0.0	0.0	0.0	0.0	0.0	0.0	0.0	0.0	0.0	0.0	1.0	0.0	0.0	0.0	0.0	0.0	0.0	0.0	0.0	0.0	0.0	0.0	0.0	0.0	0.0	0.0	0.0	0.0	0.0	0.0	0.0	0.0	0.0	0.0	0.0	0.0	0.0	0.0	0.0	0.0	0.0
524.6945423563592	-2.6926751736401684	275304.3627785492	7.250499590738111	736.9389389583042	2.673879786900102	543078.9997529913	7.149633114792934	604.1096918327103	-0.835918966792633	0.6987605190436631	364948.51976621215	616.7841152564027	456.4081124544654	1.258402	43.012562	0.9070490323620928	0.5750480430203168	-0.142899003	0.0433971663	0.0383923535	0.0223912362	0.097864975	0.0251566381	0.0837703291	0.1426675362	0.0561898517	0.1601612947	-0.0210984306	0.0101629864	0.1174126158	-0.141219797	0.0424922383	0.0478688804	-0.017215626	0.0157524133	0.0378218576	-0.0275523288	-0.0027271143	-0.0872286956	-0.0039869382	0.1021683662	0.078679073	-0.0046742675	-0.0755112993	-0.0726375382	-0.0630919537	0.0522860727	0.0531954465	-0.0044015684	0.0268484038	0.0355999521	-0.0276692795	0.0473803506	-0.2036318593	-0.0526671164	0.0487097738	0.0192029435	0.1036384909	-0.0682984482	-0.0492862773	0.0327600712	0.1604706628	-0.0237723815	0.1031592923	-0.1486393055	-0.0247578984	0.0379581937	0.0734358397	0.0350382034	0.0228791035	-0.0849259683	0.0072374025	0.1036563402	0.0426345907	-0.0800356521	-0.0268855009	-0.0785765898	-0.0762448157	0.03163498	-0.1280848399	-0.0427308519	-0.0820790545	0.1259817479	-0.0021898778	0.1076896707	0.0176213332	-0.0121956711	-0.0303916068	-0.042179127	-0.0779265098	0.0580975464	-0.1188851145	-0.0612799179	0.1041295262	0.0032181835	-0.0078013691	-0.0664293235	-0.002902226	-0.1365296243	-0.0209169115	-0.0932877441	0.0503646502	0.0434996773	0.0572493826	-0.2059265768	0.1101326666	-0.1013856456	0.0306511835	0.0585950001	0.084249255	-0.0335961911	-0.0154733403	0.0074453099	-0.0563202553	0.067625834	-0.0401227057	-0.0658569168	0.0937567092	0.0	0.0	0.0	0.0	0.0646699347062451	-0.0096923162473814	9.394099423925344e-05	0.00418220045491	0.8294020795840993	0.3609367916762807	0.1302753675855668	0.6879078096184286	0.1018280626538086	0.0808344378166908	0.0103689543438279	0.0065342063371404	0.0139444619567876	-0.0073958754287328	5.4698973357335023e-05	0.0001944480192642	-0.0053599832189612	0.0004380543553763	2.872942010754567e-05	1.9189161826423293e-07	0.0060757467970163	0.0012777799483255	3.691469914145383e-05	1.6327215963427185e-06	0.0	0.0	0.0	0.0	0.0	0.0	0.0	0.0	0.0	0.0	0.0	0.0	0.0	0.0	0.0	0.0	0.0	0.0	0.0	0.0	0.0	0.0	0.0	0.0	1.0	0.0	0.0	0.0	0.0	0.0	0.0	0.0	0.0	0.0	0.0	0.0	0.0	0.0	0.0	0.0	0.0	0.0	0.0	0.0	0.0	0.0	0.0	0.0	0.0	0.0	0.0	0.0	0.0	0.0
528.5333001424782	3.838757786119004	279347.4493594989	14.736061340489275	741.4663565226964	4.527417564392181	549772.3578550423	20.497509802366828	607.3711848443158	3.2614930116055803	10.637336664752038	368899.7561791881	618.199495243847	475.3311158645842	1.085634	37.1073	0.6577725701826946	0.3698609725269162	-0.0577702282	-0.0027789961	-0.0239105763	0.0043999897	0.0080653744	-0.0077371142	0.0371526507	0.0635744104	0.0046261262	0.0363441537	-0.0513506904	0.0305722764	-0.0454373172	-0.1840585468	0.0908795418	-0.0445490612	-0.1012613548	-0.0668676749	-0.0111928927	-0.0031697617	0.1019271867	-0.095486345	-0.0977260249	0.1212753169	-0.0518375889	-0.0220727589	-0.1445395514	-0.0050413854	-0.1025755262	-0.1611971102	-0.0341688106	0.0975576831	0.0167142651	0.0175502965	0.0098422837	0.0072646439	0.0229889782	0.080568666	-0.0759018989	0.0621189467	-0.0930918832	0.0015646772	0.0466096698	0.0086030636	0.053405532	-0.0441916309	-0.0335556889	-0.1047555066	0.1240859542	0.0342559806	0.1800944964	0.0716231521	0.0964170641	-0.0058010698	-0.0755180455	0.0441075207	0.0291636711	0.0456915756	-0.1573038906	-0.0551864276	-0.0079282427	0.098282238	0.0074858306	0.0030563856	-0.1031264608	-0.1319563218	0.1917024912	0.0541567641	-0.0359687973	0.0074636163	-0.0183892917	-0.0563984516	0.019915583	-0.1495612683	-0.0636314513	-0.0683588731	0.0646814313	0.0633970185	0.0444190654	-0.0403256729	-0.0821596338	-0.0710570462	-0.0524571153	-0.0052935312	0.0195343191	0.0613466839	0.0464609679	-0.070641086	0.097995005	-0.0216183835	0.016543678	0.0330294251	0.02804394	-0.121220549	0.0547507225	-0.0532006227	0.0240884727	0.0939667804	-0.0414904347	-0.0635911839	0.0950446305	0.0	0.0	0.0	0.0	0.0757394580853514	0.0110695233791063	0.0001225343478405	0.0057364655110627	1.1001002855238229	0.2706982059397236	0.073277518698985	1.2102206382095966	0.2595420563299484	0.1577139936761398	0.0673620790039781	0.0248737038012774	0.0110341793775693	-0.0029102825792183	8.469744690901522e-06	0.0001217531145363	-0.0061420588119762	-0.000782075593015	3.772488644977449e-05	6.116422331897641e-07	0.0067492055685375	0.0006734587715212	4.555177580637761e-05	4.535467169388442e-07	0.0	0.0	0.0	0.0	0.0	0.0	0.0	0.0	0.0	0.0	0.0	0.0	0.0	0.0	0.0	0.0	0.0	0.0	0.0	0.0	0.0	0.0	0.0	0.0	0.0	1.0	0.0	0.0	0.0	0.0	0.0	0.0	0.0	0.0	0.0	0.0	0.0	0.0	0.0	0.0	0.0	0.0	0.0	0.0	0.0	0.0	0.0	0.0	0.0	0.0	0.0	0.0	0.0	0.0
526.9031344400611	-1.6301657024171163	277626.9130827611	2.6574402173370903	737.0887799399239	-4.377576582772463	543299.8695133256	19.16317673803783	604.737889302135	-2.633295542180804	6.934245412469293	365707.9147576013	616.3906931023848	468.0362482213872	0.846425	28.93107	0.3311352424594279	0.1651549621396026	-0.1001498753	0.008995553	-0.0347919671	0.0096550797	0.0456245264	-0.0708821865	0.0575234694	0.120889502	0.0552117825	0.0826976458	-0.0572747552	-0.0791023016	-0.040618829	-0.1108521049	0.0928237365	0.0648759805	0.0488069743	-0.1073360517	-0.0137837352	-0.0399559557	0.0580631795	-0.0946186598	-0.0958822482	0.0720317703	-0.0122062914	0.0512615034	-0.0217034134	0.0936356657	-0.1099189405	0.005963059	0.0784193058	0.0290880621	-0.0751533604	0.0261060196	0.0966374058	0.0254736645	0.0527700462	-0.0343603042	-0.0477052375	-0.0455944655	-0.0515514223	0.0949385435	0.0227184441	0.0412085473	0.0867538816	-0.0479320677	0.0676338448	-0.0815540178	0.0889735376	-0.1374494566	0.0938500942	-0.0692538219	-0.0313807119	-0.0241307521	-0.038568957	0.0692190565	0.0240098683	-0.0304078962	-0.1074523483	-0.0774127587	-0.07916823	0.05288558	0.0586395849	0.091010786	0.0142828255	-0.0719542088	0.0450920814	-0.0337395943	-0.0123686161	0.0061732113	0.0381867117	-0.0703332329	0.0008568083	0.0138807014	-0.0739709177	-0.0856315573	0.0764896315	0.0787386852	0.0104596416	-0.0706765877	-0.0570316235	-0.025958725	-0.0454893246	0.0308126912	0.1055350535	0.0528446866	0.0121753825	-0.086274883	0.1040954336	0.0815551579	-0.0011040366	-0.0205043207	-0.046860818	-0.073534946	-0.0229338184	-0.0331652623	0.0379394549	-0.0280334721	-0.0428485141	-0.0612662963	0.0961336405	0.0	0.0	0.0	0.0	0.0763948711880573	0.0006554131027058	4.295663351985653e-07	0.0058361763438398	0.9774655175920371	-0.1226347679317857	0.0150392863056829	0.9554388380814692	0.1605885232364272	-0.0989535330935212	0.0257886737952565	0.0097918017116906	0.0099924382998834	-0.0010417410776859	1.08522447293818e-06	9.984882317697668e-05	-0.0052989565966405	0.0008431022153357	2.8078941013079868e-05	7.108213455039664e-07	0.0064562182949308	-0.0002929872736067	4.1682754671799165e-05	8.584154249548754e-08	0.0	0.0	0.0	0.0	0.0	0.0	0.0	0.0	0.0	0.0	0.0	0.0	0.0	0.0	0.0	0.0	0.0	0.0	0.0	0.0	0.0	0.0	0.0	0.0	0.0	0.0	0.0	0.0	0.0	0.0	0.0	0.0	0.0	0.0	0.0	0.0	0.0	0.0	0.0	0.0	0.0	0.0	0.0	0.0	0.0	0.0	0.0	0.0	0.0	0.0	0.0	0.0	0.0	0.0
527.4421887230213	0.5390542829602509	278195.26244493126	0.2905795199777903	742.5189539773123	5.430174037388383	551334.397015562	29.48679007632685	604.3710824205128	-0.3668068816222103	0.1345472884054102	365264.40526614233	616.8779689243862	477.0769128043851	0.800891	27.374685	0.0890178416285378	0.052716580958593	-0.0848572034	-0.0074689949	-0.066715028	-0.0060154466	0.0971676377	-0.0143870024	-0.0405428932	0.0271341783	0.0614446073	0.0901198874	-0.029860843	-0.0423642193	-0.0347890921	-0.0828562513	0.028378978	-0.018917232	0.0268263254	-0.0642248303	-0.0361212139	-0.0166795139	0.013583372	0.0776731442	-0.056521037	0.0828926965	-0.1252073147	0.0770356817	-0.0670434623	0.0116100219	-0.0232469385	-0.0885158241	0.0078991028	-0.0062018175	0.1230110615	-0.0148608937	-0.0446249524	-0.0112751868	0.080211531	-0.0615850758	0.0356468414	-0.0688353348	0.0374664607	0.0759010183	-0.0135704274	0.0494528391	0.1082846221	-0.0017336721	0.0129395671	-0.0382437316	0.0964278703	-0.0639158388	0.0669239938	0.0504932327	-0.0030510425	0.0032285822	-0.0674491914	0.0543305652	0.0864828918	-0.0222057666	-0.0838353204	-0.0046254952	0.0011056113	-0.0077179795	0.0639114387	-0.0066029185	0.1293131291	-0.0243591182	0.0926324497	0.0663392142	-0.0406177606	0.065256766	0.0112190468	0.0974207279	-0.0578907725	0.0255839897	-0.0673490555	-0.0806667971	0.0613388992	0.0682995728	0.0043912113	-0.0623604464	-0.0441407922	-0.0281314656	-0.0279782293	0.0346889052	0.0681263656	0.0802177679	0.0681274301	-0.0770210459	0.0393824108	0.0729284755	0.0715964585	0.038662739	-0.0106357211	0.058967036	-0.0344311709	0.0777402372	0.0198703399	-4.07973e-05	-0.0441966281	-0.0588844168	0.09702146	0.0	0.0	0.0	0.0	0.0809626100355132	0.0045677388474558	2.0864238178557744e-05	0.0065549442237625	0.9773023115459551	-0.0001632060460819	2.6636213477719385e-08	0.9551198081530672	0.1932355399805772	0.0326470167441499	0.0373399739115852	0.0010658277022928	0.0108491810950787	0.0008567427951952	7.340082171190542e-07	0.0001177047304338	-0.0053319871226475	-3.3030526006999975e-05	2.8430086676078763e-05	1.0910156482991015e-09	0.0063131940163161	-0.0001430242786147	3.985641868764941e-05	2.0455944273255383e-08	0.0	0.0	0.0	0.0	0.0	0.0	0.0	0.0	0.0	0.0	0.0	0.0	0.0	0.0	0.0	0.0	0.0	0.0	0.0	0.0	0.0	0.0	0.0	0.0	0.0	0.0	0.0	0.0	0.0	0.0	0.0	0.0	0.0	0.0	0.0	0.0	0.0	0.0	0.0	0.0	0.0	0.0	0.0	0.0	0.0	0.0	0.0	0.0	0.0	0.0	0.0	0.0	0.0	0.0
525.6102711680111	-1.83191755501025	276266.15715731017	3.355921928354732	742.3379082815987	-0.1810456957135784	551065.5700718993	0.0327775439364136	603.435753883722	-0.9353285367908484	0.8748394717353094	364134.7090652159	615.8843704567817	471.9330028599284	0.756735	25.865444	0.1394967038954968	0.1042546979104745	-0.0873477195	0.0148990524	-0.062845276	0.0060627753	0.0834883573	-0.0480852837	-0.0251710828	0.0212409659	0.0859220382	0.0763108485	-0.0458521738	-0.078194344	-0.086518523	-0.0066805479	0.0819448803	-0.036795921	0.0842188084	-0.0412160476	0.0013281712	-0.0200757559	-0.0230068963	0.0007898819	-0.150081535	0.0187408287	0.0587963027	-0.0100174558	0.0012363263	-0.1174596234	-0.0526427257	0.0347646311	0.0015585452	-0.1309932367	0.0398617078	-0.077653716	-0.0634150647	0.1062200823	0.0189321469	0.0171855332	0.0323680891	-0.0960344695	0.0588624602	-0.0077356496	0.00518519	0.0701931948	0.0920365126	-0.0291609746	0.017192034	0.0280132411	0.07292852	-0.1735914406	0.0247312069	-0.021467938	-0.023604799	0.0282355913	-0.0873269583	0.0479995076	0.0949164365	-0.0369232615	-0.0528358163	-0.0383809865	0.0172972291	0.0712517455	-0.161708881	0.0846936231	-0.0057981492	-0.0464232034	-0.071007199	0.0495865372	0.0391501906	0.0133979673	-0.0062684429	0.0782149853	-0.0012053082	0.0054697588	-0.0463149767	-0.0881282065	0.0469259654	0.06475432	0.0062788038	-0.0663867159	-0.0227120299	0.0122942635	-0.0290827995	0.0751557007	0.0844909645	0.0543064431	0.03550454	-0.0286666581	0.0654270792	0.0622935984	0.009324915	-0.0246066187	0.009559344	0.0058743912	0.0034867262	0.0773305415	-0.0516403128	-0.0780654716	-0.0455344633	-0.0564477611	0.0977062309	0.0	0.0	0.0	0.0	0.0818909697750882	0.000928359739575	8.618518060637656e-07	0.0067061309307044	0.9580474583340646	-0.0192548532118905	0.0003707493722114	0.9178549324203612	0.2960231967561384	0.1027876567755612	0.0876297330177234	0.0105653023854105	0.0110929933014789	0.0002438122064002	5.9444391989733853e-08	0.0001230545003866	-0.0052799152536722	5.207186897529959e-05	2.787750508596037e-05	2.711479538580768e-09	0.0062785614083222	-3.4632607993899736e-05	3.942033335807285e-05	1.1994175364591276e-09	0.0	0.0	0.0	0.0	0.0	0.0	0.0	0.0	0.0	0.0	0.0	0.0	0.0	0.0	0.0	0.0	0.0	0.0	0.0	0.0	0.0	0.0	0.0	0.0	0.0	0.0	0.0	0.0	0.0	0.0	0.0	0.0	0.0	0.0	0.0	0.0	0.0	0.0	0.0	0.0	0.0	0.0	0.0	0.0	0.0	0.0	0.0	0.0	0.0	0.0	0.0	0.0	0.0	0.0
524.5628298321623	-1.0474413358488164	275166.162441526	1.097133352044753	737.6510648454938	-4.686843436104937	544129.0934676909	21.96650139455993	604.3480330045643	0.9122791208422996	0.832253194324799	365236.5449964859	616.7590528445136	467.5932833203922	0.792249	27.079296	0.2012653245156563	0.1106122910678761	-0.0329076037	0.0414944287	-0.0211536398	0.0299729288	0.0499940531	0.0114527486	0.001942126	-0.0431064889	0.0726741591	0.0377579688	-0.034281384	-0.1043523309	-0.1368343533	-0.003383604	0.0372761206	-0.0307122091	-0.0909749166	-0.0658824118	0.0093789214	0.0564311501	-0.0633677579	-0.0693903079	-0.0681422133	-0.0119070587	0.0093377749	-0.037867046	0.0677452781	-0.0057730769	-0.0682946451	-0.0445156212	0.0402240116	0.0136710229	0.0427003638	-0.0111739137	0.053965005	0.0292904996	-0.0896650486	0.0247941194	-0.0036137057	0.0275046855	-0.027758649	-0.0523508989	0.0058735865	0.0582650914	0.0615318665	-0.0253317909	0.024568334	0.079924197	0.1260991252	-0.0655346097	0.125736132	0.0462459893	-0.0140649617	-0.014931752	-0.0779299661	-0.0771041965	0.0280933466	0.0010947534	-0.0590255985	-0.1010646557	0.0515060067	0.0900355032	-0.0575367831	-0.0277256414	-0.0145812082	-0.0518583394	-0.005813418	-0.0428414131	-0.0550649905	0.0078232833	0.0151634668	-0.1022146612	0.0524012606	0.0554576005	-0.0231149142	-0.0729774042	0.0307444224	0.0433407623	0.0052390248	-0.0525310757	-0.0310966454	0.0017625064	-0.0104743852	0.1100265604	0.0329148381	0.056036947	0.0774307407	-0.0225314556	-0.0039583007	0.0376410144	0.0570428617	-0.0431319903	0.0889916258	0.0256359279	0.0274580055	0.0536552149	0.0028356885	-0.0136501575	-0.0468617084	-0.0539585958	0.0981865202	0.0	0.0	0.0	0.0	0.090616331107185	0.0087253613320968	7.613193037565021e-05	0.0082113194633269	1.0250455421365243	0.0669980838024597	0.0044887432332014	1.050718363453961	0.3843077929873431	0.0882845962312046	0.1476924797508025	0.0077941699317068	0.011607556561424	0.0005145632599451	2.647753484853297e-07	0.0001347353693266	-0.0053910108469696	-0.0001110955932974	2.906299795214389e-05	1.2342230850101357e-08	0.0061590745985668	-0.0001194868097554	3.793419991071079e-05	1.4277097705523185e-08	0.0	0.0	0.0	0.0	0.0	0.0	0.0	0.0	0.0	0.0	0.0	0.0	0.0	0.0	0.0	0.0	0.0	0.0	0.0	0.0	0.0	0.0	0.0	0.0	0.0	0.0	0.0	0.0	0.0	0.0	0.0	0.0	0.0	0.0	0.0	0.0	0.0	0.0	0.0	0.0	0.0	0.0	0.0	0.0	0.0	0.0	0.0	0.0	0.0	0.0	0.0	0.0	0.0	0.0
526.009346586885	1.4465167547227793	276685.83269676176	2.0924107216937213	741.1528521401542	3.501787294660403	549307.5502354853	12.262514257045025	604.2865512831528	-0.0614817214114964	0.0037800020677208	365162.2360616864	615.4791796232524	467.7217480390945	0.8498989999999998	29.049812	0.321787265903845	0.2240039890501792	0.0192620604	0.0390126843	0.0047917137	0.0058994882	-0.065062902	0.0136592795	0.0271813378	-0.0670710137	0.0851527675	-0.0441345344	-0.066377612	-0.0322856811	-0.0542949905	0.0331638817	-0.0126721729	0.1246045065	-0.015016948	0.0224597544	0.0214306963	0.0367840338	-0.0291559896	0.02150394	-0.0563631343	-0.0418592353	0.0079852876	0.0539085525	0.027064795	0.0660134347	0.0193592156	0.030899864	0.0379078673	-0.0873345757	-0.0241513667	-0.0883436461	-0.0192909478	-0.0021502265	-0.0119415185	-0.0853367922	-0.0438588538	-0.0412687727	0.0565247995	0.0775946211	-0.0782521696	0.0791857131	-0.0406505409	-0.0778790488	-0.0154478691	0.0897004064	0.0425361686	-0.0309610251	0.0849251774	-0.0627611921	-0.0751473348	0.0481289728	0.0305942409	-0.0129768819	-0.0148764671	-0.076227957	0.0681012042	-0.0846397843	-0.0353443853	-0.0675552845	0.0025262359	0.0092462521	0.0680153182	-0.0367381712	0.0520655964	-0.0066085285	0.0332535557	0.0095177128	0.042526314	-0.031804486	-0.0656892222	0.0228742851	0.0299639204	-0.04597481	0.0002734223	0.0340949606	0.0083962113	-0.0413065032	-0.010495527	0.0340906614	-0.0031871101	0.1215201886	0.0642334739	0.0398763482	0.0108101516	0.0101793373	-0.0074775102	-0.0233750605	-0.0066597999	0.0481156607	-0.0052905603	0.0072065486	-0.0023765007	0.0415775498	0.0204500827	-0.0098326644	-0.0481780549	-0.0514192365	0.0984613227	0.0	0.0	0.0	0.0	0.085609859642318	-0.005006471464867	2.506475652852757e-05	0.0073290480679773	1.0904754650484136	0.0654299229118893	0.0042810748122557	1.189136739872554	0.5990325751433119	0.2147247821559688	0.3588400260828276	0.0461067320719282	0.0118296665622037	0.0002221100007796	4.933285244635769e-08	0.0001399410109729	-0.0052786786910261	0.0001123321559435	2.7864448723093025e-05	1.2618513258914805e-08	0.0057609949678676	-0.0003980796306992	3.3189063019795806e-05	1.5846739237761169e-07	0.0	0.0	0.0	0.0	0.0	0.0	0.0	0.0	0.0	0.0	0.0	0.0	0.0	0.0	0.0	0.0	0.0	0.0	0.0	0.0	0.0	0.0	0.0	0.0	0.0	0.0	0.0	0.0	0.0	0.0	0.0	0.0	0.0	0.0	0.0	0.0	0.0	0.0	0.0	0.0	0.0	0.0	0.0	0.0	0.0	0.0	0.0	0.0	0.0	0.0	0.0	0.0	0.0	0.0
525.1065724102905	-0.902774176594562	275736.91238848364	0.8150012139259895	733.2377456665039	-7.915106473650326	537637.5916700966	62.648910489221294	602.9817934486488	-1.3047578345040165	1.7023930066996105	363587.0432305489	614.6653625488282	465.3525187596519	0.758468	25.924671	0.2965589661157645	0.2125438921707027	-0.0324290747	0.0360209269	0.0006156162	0.0155851567	-0.0162317798	-0.0026198382	0.0740413052	0.0369584977	0.0956008582	0.0348002983	-0.0671776279	-0.0617812838	-0.0507097885	0.0828869816	0.0434733584	0.1009756261	0.0010161392	0.0044907226	-0.0753783661	-0.015004616	0.030695262	0.0145187186	0.0715983397	-0.0298541379	0.0305322834	0.0431952175	0.0270506557	-0.0031743417	-0.151060649	-0.0794028525	0.0715688025	0.0299548596	-0.0087533373	-0.0595210112	-0.0265283158	-0.1041754066	0.0306800147	0.0005647402	0.0441218213	0.005352487	0.1343131036	-0.1019809685	-0.0246263362	0.0842847172	0.0342051191	-0.0717261665	0.0320523135	0.0872326685	-0.0204596665	-0.0897161436	0.0505362054	-0.0254391408	-0.0104669192	0.0477627198	0.0007773043	0.0530207764	-0.0546397267	0.0501701267	0.0094184755	0.0095563208	0.0058165437	0.0247170828	-0.0447160404	-0.0480443787	-0.0360649653	0.0296239164	0.0764646958	0.0271283964	0.0125580052	0.0083961771	0.1109213267	-0.0157585203	-0.1236200833	0.033521778	-0.0118233257	-0.0718609076	0.0177977346	0.0426077593	0.0015886393	-0.0648128445	0.0014990585	0.0334139128	-0.0127940281	0.1166408826	0.0849231917	0.0502895164	0.0335572377	-0.0422955636	-0.0128472798	-0.0041076669	0.0002121682	-0.0349627291	0.0070260695	0.002977563	-0.0487701152	0.0245004428	-0.0175935458	-0.0401829483	-0.0494831965	-0.0488320453	0.0985300633	0.0	0.0	0.0	0.0	0.0855642941136807	-4.5565528637298014e-05	2.076217399996425e-09	0.0073212484271724	1.0087005586809852	-0.0817749063674284	0.0066871353114016	1.0174768170833317	0.4048837120961082	-0.1941488630472037	0.1639308203207242	0.0376937810225218	0.0120302481201958	0.0002005815579921	4.023296140653837e-08	0.0001447268698334	-0.0053200925271477	-4.14138361215996e-05	2.83033844974128e-05	1.7151058223067076e-09	0.0059307921972038	0.0001697972293362	3.517429608641348e-05	2.8831099090250226e-08	0.0	0.0	0.0	0.0	0.0	0.0	0.0	0.0	0.0	0.0	0.0	0.0	0.0	0.0	0.0	0.0	0.0	0.0	0.0	0.0	0.0	0.0	0.0	0.0	0.0	0.0	0.0	0.0	0.0	0.0	0.0	0.0	0.0	0.0	0.0	0.0	0.0	0.0	0.0	0.0	0.0	0.0	0.0	0.0	0.0	0.0	0.0	0.0	0.0	0.0	0.0	0.0	0.0	0.0
525.7009746906003	0.5944022803098505	276361.5147906472	0.3533140708375501	735.586034992763	2.348289326259078	541086.8148763743	5.5144627598223135	603.7029805326666	0.7211870840178563	0.5201108101541785	364457.28870402527	615.3294712152696	468.2758036721697	0.650428	22.23184	0.0332450902936882	0.016409783707044	-0.0442814899	0.025798312	-0.0197675986	0.013290233	0.0150917896	-0.0260800104	0.0610626843	0.0426454424	0.0951134717	0.015205554	-0.0396909938	-0.0715306634	-0.0733826286	-0.0193065497	0.0624359418	-0.0063479211	-0.0307467448	-0.0192234246	0.057764288	0.0658392545	-0.0161904862	0.0023165163	-0.0458054452	0.0172775542	0.1074864472	-0.0295554386	0.0631370978	-0.0624036109	-0.0397643744	-0.0095514504	-0.0096420157	-0.0786723446	0.0524939649	-0.0014930598	0.077657394	0.0613709178	-0.1245574734	-0.034947386	-0.0053994284	-0.0221310609	-0.0625123883	-0.0297140241	-0.0078258539	0.0808297098	0.0422278114	-0.0509553335	0.0326118206	0.0571315454	0.0527549963	-0.0917557963	0.0807743321	-0.0037085689	0.0276168572	0.01584481	-0.0188431375	-0.0167611757	0.0944137263	0.0071055173	-0.0084067802	0.0359957019	0.018041765	0.0188308364	-0.0910761096	0.0058505563	-0.1045447703	-0.0067345222	-0.1183784367	0.0010672082	-0.0392138468	-0.0398360804	-0.0128292435	-0.0553481818	-0.0172644617	0.036151978	-0.0160836081	-0.080816717	0.0182302042	0.0416177595	-0.0102162555	-0.0622635583	0.0105633709	0.0349160409	-0.0135002892	0.1194108822	0.0880826074	0.0542700042	0.0489356045	-0.032101031	0.0114349497	0.0009908423	0.0003868441	-0.0432049484	0.0423569976	-0.0116387501	0.0068577656	0.0459637084	-0.0234535721	-0.0597543969	-0.0507768297	-0.046199429	0.0983925981	0.0	0.0	0.0	0.0	0.0941174214936211	0.0085531273799403	7.3155987977486e-05	0.0088580890286079	1.0196209272222632	0.0109203685412779	0.0001192544490773	1.0396268352295877	0.4122607090855581	0.0073769969894499	0.1699588922557272	5.442008458235341e-05	0.0120091786844103	-2.10694357855e-05	4.439211243193079e-10	0.000144220372674	-0.0053570766235804	-3.698409643269982e-05	2.869826995091157e-05	1.3678233889432395e-09	0.0058609537817616	-6.983841544219976e-05	3.4350779231945606e-05	4.877404271477286e-09	0.0	0.0	0.0	0.0	0.0	0.0	0.0	0.0	0.0	0.0	0.0	0.0	0.0	0.0	0.0	0.0	0.0	0.0	0.0	0.0	0.0	0.0	0.0	0.0	0.0	0.0	0.0	0.0	0.0	0.0	0.0	0.0	0.0	0.0	0.0	0.0	0.0	0.0	0.0	0.0	0.0	0.0	0.0	0.0	0.0	0.0	0.0	0.0	0.0	0.0	0.0	0.0	0.0	0.0
526.1798073822162	0.4788326916158212	276865.1896967861	0.2292807465600521	734.5601360321045	-1.0258989606584237	539578.5934475039	1.052468677480034	604.6708667411312	0.9678862084646198	0.9368037125360176	365626.8570854709	616.1894328870271	472.5101884428643	0.638185	21.813347	0.0554332151423727	0.0394074689095647	-0.0390630338	0.0141895072	-0.0427407967	0.0134757837	0.0189079097	-0.0240461309	0.0630084382	0.0612218879	0.0628481407	0.0527135646	-0.015995224	-0.0881245335	-0.0067543824	0.0271594863	0.1069056545	0.0878920562	-0.0501778734	-0.0083329343	-0.0155725747	0.0396219479	0.0761834309	0.0037942704	0.0209049684	0.0248749958	-0.0077120828	0.0064623429	0.1064512301	-0.0986554568	0.0444984745	-0.0314951407	-0.0324136995	0.0114136224	-0.1230963006	0.0590888125	0.0752025712	0.0167180985	-0.0422552894	0.0353562533	0.0228249426	0.1535784953	0.1648915309	0.0675065476	0.042696073	0.0571216331	0.0589170584	-0.0391951309	0.0281061824	0.0206472955	0.017910167	-0.112386105	0.0689540314	-0.0160198861	0.0318005433	0.003788337	0.0886671563	-0.0586281025	0.0426108809	0.0045743864	-0.0313820832	-0.0895546076	-0.0340211656	0.0357434204	0.047475151	-0.0636171982	-0.0417922161	-0.0543653008	0.0055919313	-0.0864675713	-0.0926711265	-0.0781086857	-0.0008397412	0.0805259571	-0.0806096272	-0.0592676446	-0.0191800508	-0.0791782238	0.0169197625	0.0484389083	-0.0157660436	-0.049938585	0.019304095	0.0417705395	-0.0044203285	0.1088212128	0.0980266827	0.0514226334	0.067322012	-0.0349613251	-0.0120695178	-0.0007639798	0.0196050743	0.02483652	0.0215908666	0.0738664803	-0.0692139166	0.0538781399	0.0903705667	-0.035763313	-0.0520586536	-0.0435238364	0.0980492148	0.0	0.0	0.0	0.0	0.094330549841004	0.0002131283473829	4.5423692458169126e-08	0.0088982526333061	0.99444054346543	-0.0251803837568331	0.0006340517261413	0.9889119944878196	0.4137360804745498	0.0014753713889916	0.1711775442864431	2.1767207354552254e-06	0.0125537817507479	0.0005446030663375	2.965924998643161e-07	0.0001575974362454	-0.0053538462601856	3.2303633947993945e-06	2.8663669777703338e-05	1.0435247662459868e-11	0.0058844069850125	2.3453203250900157e-05	3.462624556526391e-05	5.500527427280336e-10	0.0	0.0	0.0	0.0	0.0	0.0	0.0	0.0	0.0	0.0	0.0	0.0	0.0	0.0	0.0	0.0	0.0	0.0	0.0	0.0	0.0	0.0	0.0	0.0	0.0	0.0	0.0	0.0	0.0	0.0	0.0	0.0	0.0	0.0	0.0	0.0	0.0	0.0	0.0	0.0	0.0	0.0	0.0	0.0	0.0	0.0	0.0	0.0	0.0	0.0	0.0	0.0	0.0	0.0
525.4835625309137	-0.696244851302481	276132.97449018067	0.4847568929652139	738.8325626373291	4.272426605224609	545873.5556132429	18.25362909703108	603.1561634243814	-1.5147033167498876	2.29432613777311	363797.357476819	615.4185800652755	469.7042673762401	0.649595	22.203354	0.0642538108550952	0.0397013610113229	-0.0406225104	0.0246144089	-0.0290826771	0.0057455752	0.0101335567	-0.0327326157	0.0284110136	0.0124235375	0.0890579617	0.0548445477	0.003461362	-0.0798667619	-0.0289622116	0.063138057	0.1386020522	0.0837361934	0.0303848865	0.0182318131	-0.0714758778	0.0701342271	0.0229481878	-0.1266882747	-0.099374634	-0.092944937	0.0382539885	0.0216957365	-0.0572653442	-0.0084792359	0.0098495055	-0.038729855	0.00753296	0.1004804569	-0.0655689881	0.00888988	-0.0019289328	-0.0488038882	-0.0723428897	-0.0008111507	0.0696868796	-0.021737592	0.0084334821	-0.0517679109	-0.0111893341	0.0737420183	0.0612336296	-0.0177801109	-0.0090594589	0.0616834316	-0.0049957643	-0.1715960028	0.0244880871	-0.0345433055	0.0224344896	-0.0323673894	0.0696460794	0.0074519634	-0.0391076908	-0.1015283478	0.025756235	-0.087691026	0.0590895046	0.0358443554	-0.0481862589	0.0509285178	-0.0559974662	-0.0412939673	0.0814761125	-0.0152103209	-0.1325558002	0.0083854477	0.0229464146	-0.0407803627	-0.0772905245	-0.0305098019	-0.0210046261	-0.0876970852	0.0013295938	0.0457380216	-0.0214033366	-0.0537979079	0.0421516407	0.0436796394	-0.0180271604	0.1137161978	0.0844273596	0.0653370142	0.0615793572	-0.0248149234	0.0183111496	0.0228352489	-0.0143360104	-0.0249185298	0.0071919818	0.0361967566	-0.0533635072	0.1082499832	-0.0588178011	-0.0147215139	-0.0533283702	-0.0408077566	0.0975006321	0.0	0.0	0.0	0.0	0.08689809669157	-0.0074324531494339	5.524135981853136e-05	0.0075512792086174	0.9612510252828912	-0.0331895181825387	0.001101544117189	0.9240035336074096	0.4339896339145923	0.0202535534400424	0.1883470023453218	0.0004102064269486	0.0125436257075103	-1.0156043237600013e-05	1.0314521424400095e-10	0.0001573425458901	-0.005354734966245	-8.887060593994189e-07	2.867318655872684e-05	7.897984600132435e-13	0.0058278860126479	-5.6520972364600304e-05	3.396425537641704e-05	3.194620317039911e-09	0.0	0.0	0.0	0.0	0.0	0.0	0.0	0.0	0.0	0.0	0.0	0.0	0.0	0.0	0.0	0.0	0.0	0.0	0.0	0.0	0.0	0.0	0.0	0.0	0.0	0.0	0.0	0.0	0.0	0.0	0.0	0.0	0.0	0.0	0.0	0.0	0.0	0.0	0.0	0.0	0.0	0.0	0.0	0.0	0.0	0.0	0.0	0.0	0.0	0.0	0.0	0.0	0.0	0.0
525.5220861658477	0.0385236349339948	276173.4630481046	0.0014840704485277	738.0053359440395	-0.8272266932896173	544651.8758818747	0.6843040020908745	602.8097009617883	-0.346462462593081	0.120036237986062	363379.5355736406	614.5073709358846	468.99070781405527	0.646351	22.092484	0.0411726462481719	0.0216589513150084	-0.0418385587	0.0217611152	-0.0154820715	0.0044774791	0.0188115379	-0.0252631446	0.0727127949	0.0497591848	0.0960562871	0.0700967315	-0.0188692097	-0.0362215741	-0.0374450176	0.0509977433	0.0782121558	-0.0003299355	0.0136503334	0.0150417354	-0.0977067135	0.0284363885	0.0271485863	-0.0441756448	0.0170118263	0.042253959	-0.0461141361	0.0108299481	0.0846223483	0.0152211165	-0.0503608478	0.0473582563	-0.1112174291	0.0383094966	0.0920385044	0.09982981	0.0768801686	-0.0373137793	-0.0496589484	-0.0687764604	0.0270430876	-0.0129666403	-0.0212722458	0.0205964593	0.0820897269	0.0856361613	0.0638831474	-0.0466768736	0.0146041215	0.0471370007	-0.0154496147	-0.1175378265	0.0459859479	-0.0170627014	0.0122635291	-0.0518102859	-0.0031048169	-0.0630971562	0.0529079034	0.0578022802	0.0113635728	-0.0897085718	0.0683482708	-0.0113352244	0.0373384174	-0.0739339817	-0.0862563345	0.0212812822	0.0902979384	0.0687446192	-0.0653547104	-0.0338620297	0.01860638	0.0155660996	0.0879092497	0.1178758964	-0.0199192557	-0.083930363	0.0060306373	0.0503481523	-0.0228209413	-0.042895939	0.0367048464	0.0390361731	-0.0190059782	0.1220056615	0.0829949679	0.0506098202	0.0610956577	-0.041585163	0.0178516559	0.0051003115	0.0056635456	-0.0781155281	0.0433258377	-0.0040326627	-0.0422661199	0.0528057795	0.0124384468	-0.0183610145	-0.0545856841	-0.038053716	0.096747998	0.0	0.0	0.0	0.0	0.0944447555164913	0.0075466588249212	5.695205941976247e-05	0.0089198118445698	0.9664953061402172	0.0052442808573259	2.7502481710515696e-05	0.934113176791072	0.4258387984400826	-0.0081508354745096	0.1813386822568932	6.643611893252538e-05	0.0121952423628788	-0.0003483833446314	1.213709548166301e-07	0.0001487239362893	-0.005355904675443	-1.1697091980003224e-06	2.8685714892432182e-05	1.3682196078865574e-12	0.0058829503806467	5.506436799880034e-05	3.460910518115116e-05	3.032084623107306e-09	0.0	0.0	0.0	0.0	0.0	0.0	0.0	0.0	0.0	0.0	0.0	0.0	0.0	0.0	0.0	0.0	0.0	0.0	0.0	0.0	0.0	0.0	0.0	0.0	0.0	0.0	0.0	0.0	0.0	0.0	0.0	0.0	0.0	0.0	0.0	0.0	0.0	0.0	0.0	0.0	0.0	0.0	0.0	0.0	0.0	0.0	0.0	0.0	0.0	0.0	0.0	0.0	0.0	0.0
526.8366768314195	1.3145906655718136	277556.88405477355	1.728148618008544	741.3626314435686	3.357295499529073	549618.5513009325	11.271433071158167	605.3880916480854	2.578390686297098	6.64809853118362	366494.7415093106	617.1644072797961	467.20939707500776	0.862927	29.495106	0.1667376350467699	0.1062231573048239	-0.0755896035	0.0177464859	-0.0478031143	-0.019924329	0.0186890124	-0.0530744634	0.0773951613	0.0755487499	0.0195532736	0.1087427921	-0.0095269265	0.1357263753	0.073955766	-0.0409288674	0.0802405409	-0.0129085449	-0.0866046248	0.022100636	-0.0391732772	0.0574785142	-0.0945744679	-0.0579433316	0.0946909392	-0.032254183	0.0962322851	-0.0294749226	0.0654192859	0.0283642107	-0.1293530051	0.110175315	-0.0690573492	0.0018955741	-0.0296230738	0.0199974243	-0.0249393877	0.1258189387	-0.0127484607	0.0103933943	-0.23702231	-0.0189266671	0.1328331393	0.0034541339	0.0662694172	0.0136256036	0.0896214319	-0.0679028628	-0.022342534	-0.106830127	-0.0710381526	0.004311371	0.0791337157	-0.0344092071	0.058999562	-0.0506046729	-0.012731247	-0.1173933488	-0.0477974048	-0.0066921598	0.1143158764	-0.0249850642	0.0203632786	0.0071392541	-0.083722963	-0.0924050829	-0.0801231576	0.0506288489	-0.040309448	-0.0256644748	0.1158367353	-0.0192427878	0.0322260148	0.0478539866	0.1312452483	0.0457322324	-0.056080414	-0.1093326933	0.0091062576	0.0914325124	-0.0203640171	0.0142924031	0.063073555	-0.0324512383	0.0925742688	0.0474123371	0.0404036545	-0.1006535263	-0.0891650125	0.0439099029	-0.0236402225	-0.093760924	0.0417740591	-0.0006095361	-0.0897027234	-0.0192385939	-0.0068893301	0.0022583598	0.0117117216	-0.0247082173	-0.0558303029	-0.0352642766	0.0957928877	0.0	0.0	0.0	0.0	0.0942641996535371	-0.0001805558629541	3.2600419647133375e-08	0.0088857393363219	1.0096505495482546	0.0431552434080374	0.0018623750336069	1.0193942322030924	0.3363122576053143	-0.0895265408347683	0.1131059346155832	0.0080150015138394	0.0128467383862997	0.0006514960234209	4.244470685332463e-07	0.000165038687166	-0.0053526532793928	3.251396050199702e-06	2.86508971293945e-05	1.0571576275254224e-11	0.0058601919012976	-2.275847934910067e-05	3.434184912003398e-05	5.179483822834417e-10	0.0	0.0	0.0	0.0	0.0	0.0	0.0	0.0	0.0	0.0	0.0	0.0	0.0	0.0	0.0	0.0	0.0	0.0	0.0	0.0	0.0	0.0	0.0	0.0	0.0	0.0	0.0	0.0	0.0	0.0	0.0	0.0	0.0	0.0	0.0	0.0	0.0	0.0	0.0	0.0	0.0	0.0	0.0	0.0	0.0	0.0	0.0	0.0	0.0	0.0	0.0	0.0	0.0	0.0
530.6103174396794	3.7736406082599383	281547.3089734373	14.24036344030844	755.3457768576486	13.983145414080012	570547.2426166846	195.5283556713069	608.7909362531016	3.4028446050161847	11.579351405887754	370626.404063928	620.2239551056597	477.7951603852197	0.910715	31.128511	0.2639344260470106	0.1713269003343772	0.0016111528	-0.0243994394	-0.0421459562	-0.0921994886	-0.0460608569	-0.0585638712	0.0576967162	-0.0421673508	-0.0441392651	0.0516291771	0.0119942128	0.1729086378	0.0225025256	-0.0495572251	-0.0336418591	0.0164059636	-0.0024627883	0.019874439	-0.0509260203	0.0905401219	-0.0523651284	0.0858047131	-0.0180004383	0.0060675682	0.0720127338	-0.024189361	0.1092293364	0.0300508239	-0.1229094775	-0.0199953115	-0.1364757323	0.0384747698	-0.0769617129	0.1289723931	-0.0236104553	0.0130774976	0.0083397218	0.0400535037	-0.0184946345	-0.002397995	-0.0008028801	0.0345388159	-0.0138243549	-0.0444222474	0.0229596985	-0.0578155335	-0.0923993871	-0.0793919745	-0.065645447	0.1258147898	0.0964897304	0.0131386702	-0.0289513488	-0.0923757273	-0.0527614658	-0.0393583753	-0.005190871	0.0367279402	0.1007566147	0.0083775549	0.0449865204	-0.1369896546	0.0562082665	-0.0546867484	-0.0680822632	0.0322110314	-0.0077804773	-0.0187411882	0.0029368732	-0.0917020648	0.088053364	-0.0140590581	0.0214646229	-0.0828281934	-0.0232936135	-0.0870869477	-0.0113850383	0.1076594884	0.0118375787	0.0609917849	0.039323981	-0.0881981258	0.113525921	0.0132168127	-0.0851982179	-0.1146183867	-0.0289911822	0.0544832242	-0.0862034759	-0.1383011018	0.0603425195	0.0211857473	-0.011646699	-0.0926399126	-0.0083297906	-0.0230352208	-0.0376785095	0.0359461385	-0.0570619372	-0.0324420332	0.0946373001	0.0	0.0	0.0	0.0	0.0952428825403615	0.0009786828868244	9.578201929629415e-07	0.009071206674597	1.1148615136608695	0.1052109641126148	0.0110693469695059	1.2429161946422052	0.4702328003920257	0.1339205427867114	0.2211188865645267	0.0179347117802873	0.0128794081034669	3.2669717167199686e-05	1.0673104197848221e-09	0.0001658791530956	-0.0057702597548621	-0.0004176064754692	3.329589763858122e-05	1.7439516835389057e-07	0.0058339833687169	-2.620853258069981e-05	3.403536194646539e-05	6.868871800336035e-10	0.0	0.0	0.0	0.0	0.0	0.0	0.0	0.0	0.0	0.0	0.0	0.0	0.0	0.0	0.0	0.0	0.0	0.0	0.0	0.0	0.0	0.0	0.0	0.0	0.0	0.0	0.0	0.0	0.0	0.0	0.0	0.0	0.0	0.0	0.0	0.0	0.0	0.0	0.0	0.0	0.0	0.0	0.0	0.0	0.0	0.0	0.0	0.0	0.0	0.0	0.0	0.0	0.0	0.0
532.5273757499249	1.9170583102454657	283585.4059231017	3.6751125648812	753.9231907980783	-1.4225860595703352	568400.1776231555	2.023751096883853	608.0464146167935	-0.7445216363080362	0.5543124669307958	369720.4423283376	619.211195178498	489.6710803095227	0.8863769999999999	30.296618	0.4227161793355006	0.2281108439318808	-0.0187294532	-0.0675769914	-0.1054666218	-0.0941469788	-0.0151302289	-0.0989170965	0.031320038	0.007636423	-0.0221587064	0.0326956095	-0.0368219141	0.1700598265	-0.0113146836	-0.0230726795	0.0221919962	0.0174037826	-0.1121578792	0.1508969491	-0.1029249873	-0.0763495334	0.1823486289	0.1283907883	0.1107215317	-0.0398208853	0.08696331	-0.044014441	0.0149670436	0.0106438025	0.0686937386	0.0371114304	0.0274757021	-0.030846167	-0.0273939456	0.0852291962	0.0071353618	-0.0322238094	-0.0123304429	0.0397981305	0.0138487425	-0.0268521744	0.03847239	0.0292610039	0.0331706031	-0.0190137039	0.027388331	-0.1069780251	-0.0781039219	-0.0903193622	-0.0204315809	0.0331564458	0.051832559	-0.0979389024	0.0584576511	0.0898884261	0.0059671791	-0.0293095931	-0.0366324645	0.2059418133	0.1486042892	0.0738632303	-0.1234158207	-0.0281711526	0.0512696832	-0.0242685272	-0.0669785508	0.0211286866	0.0120787477	-0.0049499909	-0.0061469419	0.1014070186	-0.0397459582	0.0694028276	-0.0354142197	-0.0194710549	-0.0138721577	-0.0884622399	-0.0285508719	0.1277880071	0.0169120274	0.0690558877	-0.0171601978	-0.0192244521	0.0431612898	0.0160784423	0.0224052686	-0.1605872604	-0.062863856	0.1030002308	-0.0889091575	-0.0486385918	0.015654348	-0.013109097	-0.0678207495	-0.0991889602	0.0428040834	-0.0291052175	0.0669864437	-0.0383607242	-0.0582803004	-0.0295896112	0.0932836535	0.0	0.0	0.0	0.0	0.0736345381972682	-0.0216083443430933	0.0004669205452496	0.0054220452155249	1.2681903109304358	0.1533287972695662	0.0235097200721317	1.6083066647378357	0.4078101060917447	-0.062422694300281	0.16630908263056	0.0038965927637063	0.0101312943776183	-0.0027481137258486	7.552129050197474e-06	0.0001026431257659	-0.0053320245220553	0.0004382352328067	2.8430485503799053e-05	1.9205011927322965e-07	0.0063547612785127	0.0005207779097958	4.038299090688437e-05	2.712096313312828e-07	0.0	0.0	0.0	0.0	0.0	0.0	0.0	0.0	0.0	0.0	0.0	0.0	0.0	0.0	0.0	0.0	0.0	0.0	0.0	0.0	0.0	0.0	0.0	0.0	0.0	0.0	0.0	0.0	0.0	0.0	0.0	0.0	0.0	0.0	0.0	0.0	0.0	0.0	0.0	0.0	0.0	0.0	0.0	0.0	0.0	0.0	0.0	0.0	0.0	0.0	0.0	0.0	0.0	0.0
532.1845100608374	-0.342865689087489	283220.35274869355	0.1175568807534387	753.1392763955253	-0.7839144025530231	567218.7696495753	0.6145217905300632	606.0962718914507	-1.9501427253428572	3.8030566492076674	367352.6908007153	618.2929727425253	486.78378316932367	0.777934	26.590021	0.333600050170128	0.2089494187651716	-0.0517067105	-0.0739631077	-0.0704526104	-0.1043900688	0.0162713198	-0.0666481162	0.0092840101	0.0068799653	0.0025924395	0.0733993664	-0.060030792	0.1020294653	0.0247071099	0.0325538518	-0.0142321442	0.0239451389	-0.0406145825	-0.0086181293	-0.0163727326	-0.0897539959	0.0265715952	0.0758577719	-0.006807077	-0.0080222345	-0.0254182834	-0.0425796465	0.121113946	0.1159532934	0.0569654207	0.0839948756	-0.0411056564	0.028501826	-0.0151531879	0.0184960095	0.0438664859	-0.1021275652	-0.0603606808	0.1051612149	-0.0465309259	-0.1687871382	-0.0138689484	-0.0304601027	0.0212526996	-0.008360946	0.0597289858	-0.1014170058	-0.0353243721	-0.0326411109	-0.058945076	0.0169310899	0.0900426677	0.049301506	-0.0167165794	0.0853256291	-0.0526162971	0.0338675499	-0.0702585481	0.1410799112	0.1072359305	0.0172340127	0.0559029324	-0.0531678402	0.055602655	0.0616253669	-0.0065824802	0.0176910609	-0.0143149786	0.0307222203	-0.0416636751	-0.0687632109	-0.0191754561	-0.0561840299	0.0323626535	0.0346212646	-0.0355758295	-0.110476735	-0.0250000212	0.11856769	-0.0072718874	0.0407260244	0.0402953715	-0.0145996208	0.0920781213	0.0635558079	0.0089549434	-0.1434229727	-0.0295829546	0.0891881836	-0.0966409703	-0.0225418079	0.0296590879	-0.0523528483	-0.0468300726	-0.0364364911	0.0441431353	0.0735771495	-0.0078243452	-0.0472980151	-0.0594851094	-0.026709664	0.091734781	0.0	0.0	0.0	0.0	0.0809018200411912	0.007267281843923	5.28133853990129e-05	0.0065451044859772	1.109182798937539	-0.1590075119928968	0.0252833888701712	1.230286481458913	0.3680562082118115	-0.0397538978799331	0.1354653724032563	0.0015803723966481	0.0122555174830376	0.0021242231054192	4.5123238015972135e-06	0.000150197708777	-0.0054557030322213	-0.000123678510166	2.976469557578869e-05	1.5296373876881382e-08	0.0060512357250305	-0.0003035255534822	3.661745379988541e-05	9.212776161667585e-08	0.0	0.0	0.0	0.0	0.0	0.0	0.0	0.0	0.0	0.0	0.0	0.0	0.0	0.0	0.0	0.0	0.0	0.0	0.0	0.0	0.0	0.0	0.0	0.0	0.0	0.0	0.0	0.0	0.0	0.0	0.0	0.0	0.0	0.0	0.0	0.0	0.0	0.0	0.0	0.0	0.0	0.0	0.0	0.0	0.0	0.0	0.0	0.0	0.0	0.0	0.0	0.0	0.0	0.0
530.6937889239013	-1.4907211369361448	281635.8976024063	2.222249508108192	750.7654435838972	-2.3738328116280627	563648.7512797259	5.635082217561993	605.4318920348335	-0.6643798566171881	0.4414005938786755	366547.77589287824	617.4179877030222	488.6241279577545	0.699074	23.894573	0.1176748439291969	0.0803668783533521	-0.0554156342	-0.0781284189	-0.0890182461	-0.0857626707	0.0142411204	-0.0988054177	0.0624992096	0.0553528103	0.0229617536	0.0863532634	-0.0487043802	0.0842927112	0.0066749555	0.0403543393	0.0544025389	0.0242517717	-0.009023704	0.0100069793	-0.0828471551	0.0166371472	0.0411561913	0.0493866444	-0.0453318211	0.0154306442	0.0251642247	-0.1029927452	0.038114166	-0.028557535	0.1433756918	-0.0022629829	-0.0199102566	0.0153473102	0.0822938645	-0.0662656113	0.0031702985	0.1294723409	0.0668717646	0.0394739079	-0.0515867203	0.0024748136	-0.0221403931	0.047633549	-0.1905543401	0.0073875092	0.062838256	-0.1024977395	-0.0338444252	-0.0349289593	-0.0764882171	-0.0978110849	0.0472190132	-0.0812754462	-0.0382484124	0.090663269	-0.0307179946	-0.0340338484	0.0348991201	0.120882445	0.0766853864	0.0886270448	0.0377518225	0.0141797502	-0.0852345733	0.0056090467	-0.0291311535	-0.0745221456	-0.0023040754	0.0895794439	0.026721847	-0.0872802383	-0.0980670149	-0.0163556702	0.0463917371	-0.1284532982	-0.0405013775	-0.1076401818	-0.0378200745	0.1217003849	-0.0228468443	0.0390802671	0.0687959016	0.010894218	0.0809577256	0.0414088275	0.0442428249	-0.154154787	-0.0531856948	0.1030986628	-0.0763951026	-0.0188900518	0.0005997412	-0.0825282351	-0.0227776475	-0.0635942303	0.0071259752	-0.0194183097	-0.0232324318	-0.1101299811	-0.0606760837	-0.0238048705	0.089993924	0.0	0.0	0.0	0.0	0.0838353003978369	0.0029334803566457	8.605307002826191e-06	0.0070283575927955	1.0338419539617547	-0.0753408449757842	0.0056762429216651	1.068829185771459	0.3946905647865435	0.026634356574732	0.1557806419315207	0.0007093889501499	0.0122374025921343	-1.8114890903300412e-05	3.281492724384761e-10	0.0001497540222019	-0.0052391208391833	0.000216582193038	2.7448387167564727e-05	4.6907846341149676e-08	0.0060718618815299	2.062615649939953e-05	3.686750670837582e-05	4.2543833193772134e-10	0.0	0.0	0.0	0.0	0.0	0.0	0.0	0.0	0.0	0.0	0.0	0.0	0.0	0.0	0.0	0.0	0.0	0.0	0.0	0.0	0.0	0.0	0.0	0.0	0.0	0.0	0.0	0.0	0.0	0.0	0.0	0.0	0.0	0.0	0.0	0.0	0.0	0.0	0.0	0.0	0.0	0.0	0.0	0.0	0.0	0.0	0.0	0.0	0.0	0.0	0.0	0.0	0.0	0.0
529.939402052578	-0.7543868713232769	280835.7698478439	0.5690995516249223	748.079545048305	-2.685898535592173	559623.0057196791	7.21405094349618	606.5499376943694	1.1180456595359374	1.2500260968071493	367902.8269170434	619.0998615465666	482.6517708347492	0.77119	26.35952	0.2836609664463659	0.1843323710440712	-0.0790128844	-0.0527454216	-0.1009877428	-0.0692571032	0.0602304879	-0.0731744947	0.0494178543	0.0376794408	-0.0156088439	0.1241129997	-0.0438026755	0.148603899	0.0258693585	0.0136588048	0.0602293384	-0.0676915302	-0.0062788248	-0.0018905507	0.0619182563	0.0521812891	-0.0823889675	0.1366133145	0.0104640377	-0.0694840983	0.1065597699	-0.035723327	0.0284834969	-0.0584581709	-0.0087794683	0.0359236217	-0.0079011768	-0.1097724307	0.01617252	0.0788628483	-0.0903951723	-0.0579844465	-0.0474163498	0.0338792163	-0.0554338741	0.0629276921	-0.0214450003	0.0285619303	-0.0200657621	-0.0259899904	0.1060363204	-0.0871198243	-0.0577278105	-0.0876841886	-0.0629879598	0.0080179085	0.0439710665	0.0668072331	0.0109886072	-0.018924896	-0.0530609991	-0.1145167053	0.0537414267	0.0222766333	0.0717522803	0.0688005698	-0.0309159741	-0.0301238576	-0.0700666196	-0.0148953449	-0.0397473637	0.0774398842	-0.154054138	-0.0838137092	0.0489890021	0.0566511199	0.0867014494	0.0560327489	0.0026732993	-0.0140372204	-0.0738759951	-0.1267997636	-0.0238424068	0.1278879062	-0.0306934567	0.0559138655	0.0996075458	-0.0175847852	0.0945504135	-0.0122522181	-0.0090715089	-0.1061625147	-0.0304924559	0.0674343973	-0.0211734726	-0.0376168582	0.0274375875	-0.0275363061	-0.0234682391	0.0250776294	-0.0440445896	-0.0241036763	0.0665168845	0.0473129546	-0.0618529466	-0.020877933	0.0880647258	0.0	0.0	0.0	0.0	0.0739703677152761	-0.0098649326825608	9.731689683145636e-05	0.0054716152999331	0.8774780807848117	-0.156363873176943	0.0244496608348951	0.7699677822577965	0.3075429785659764	-0.0871475862205671	0.0945826836652326	0.0075947017840711	0.012703864039821	0.0004664614476866	2.175862821779718e-07	0.0001613881615422	-0.0053389758615358	-9.985502235250032e-05	2.850466325006194e-05	9.971025489018336e-09	0.0061112368988166	3.93750172867002e-05	3.7347216433457534e-05	1.5503919863279391e-09	0.0	0.0	0.0	0.0	0.0	0.0	0.0	0.0	0.0	0.0	0.0	0.0	0.0	0.0	0.0	0.0	0.0	0.0	0.0	0.0	0.0	0.0	0.0	0.0	0.0	0.0	0.0	0.0	0.0	0.0	0.0	0.0	0.0	0.0	0.0	0.0	0.0	0.0	0.0	0.0	0.0	0.0	0.0	0.0	0.0	0.0	0.0	0.0	0.0	0.0	0.0	0.0	0.0	0.0
529.6745726733179	-0.2648293792600498	280555.152936662	0.0701346001192632	749.4266322544643	1.3470872061592445	561640.2771322681	1.814643940997919	605.4209910380482	-1.1289466563212045	1.274520552818828	366534.5763894924	617.3923641807155	481.6485248388009	0.7378639999999999	25.220407	0.2537498363704543	0.1733097562958301	-0.066105595	-0.0485623596	-0.1166639875	-0.070587912	0.02874811	-0.1221956974	0.0603675893	0.0276335393	-0.0018934476	0.150020631	-0.0311050054	0.2062479463	0.0774544777	-0.0304080032	0.0215207071	-0.076558884	0.0084523386	-0.0300044668	-0.0224280264	0.0754852305	-0.0883343039	0.08302539	0.0186428292	-0.0480852762	0.0246025566	-0.0416931114	0.0209109498	-0.0059184574	0.0326947124	0.0792342535	-0.0937353555	0.0786370832	-0.0076684011	-0.0274800048	0.0247232659	-0.0281247485	0.0696583219	-0.0496699084	-0.044550512	-0.0273758019	-0.1105142057	0.0238081996	0.0847100663	-0.0097395755	0.1105862177	-0.104400759	-0.0701505217	-0.1714725245	-0.0983516781	0.0446759619	0.0167931389	-0.0477972783	-0.0195094694	-0.0056187343	-0.0822014584	-0.0986167263	0.0529332297	-0.0458300115	0.0923532868	0.0220050496	0.0399105254	-0.0259135541	-0.0336922812	0.0160001777	0.0223921094	0.0540597567	-0.0239696021	-0.1068124959	0.0428732211	-0.0585196304	-0.0041074304	0.0320881679	0.0066923296	-0.0555934237	-0.0672578166	-0.1183495924	-0.0222160073	0.142940903	-0.0025750464	0.0703682203	0.0411435417	-0.0675803677	0.0796235037	-0.0521582138	-0.0329068798	-0.1565614934	-0.0795201233	0.0562686834	-0.0277138721	-0.1041043116	0.068285339	0.0324217002	-0.033331783	-0.058187958	-0.0295597815	-0.009949533	-0.0432129746	-0.016322477	-0.0630154242	-0.0179315741	0.0859512239	0.0	0.0	0.0	0.0	0.0747261427859626	0.0007557750706864	5.711959574711819e-07	0.005583996415668	1.0412990671762543	0.1638209863914426	0.0268373155822652	1.0843037473021373	0.3104562664865966	0.0029132879206201	0.0963830934007966	8.48724650843144e-06	0.0123245100150149	-0.0003793540248061	1.4390947613658716e-07	0.0001518935471102	-0.0061830949523014	-0.0008441190907655	3.8230663189175056e-05	7.125370393949429e-07	0.006612959522999	0.0005017226241823	4.373123365282316e-05	2.517255916164736e-07	0.0	0.0	0.0	0.0	0.0	0.0	0.0	0.0	0.0	0.0	0.0	0.0	0.0	0.0	0.0	0.0	0.0	0.0	0.0	0.0	0.0	0.0	0.0	0.0	0.0	0.0	0.0	0.0	0.0	0.0	0.0	0.0	0.0	0.0	0.0	0.0	0.0	0.0	0.0	0.0	0.0	0.0	0.0	0.0	0.0	0.0	0.0	0.0	0.0	0.0	0.0	0.0	0.0	0.0
533.4884560891047	3.8138834157867914	284609.9327803366	14.545706709213515	763.1715149470738	13.744882692609508	582430.7612266117	188.9218002335964	608.7345507052835	3.313559667235268	10.979677668328298	370557.75322236336	622.8111511230469	490.646793104086	0.800401	27.357952	0.3445912612494362	0.2231219763708468	-0.0706013252	-0.0601123981	-0.151394533	-0.1257064641	0.116581823	-0.0630419685	-0.0948418616	-0.0692962003	-0.0498621127	0.0928650362	-0.0069981859	0.118507003	-0.0756871547	-0.1328139616	-0.0684753704	0.0156873146	-0.0453740082	-0.0613258747	-0.104924943	-0.0919153691	-0.0158846878	0.0353093045	-0.0608314447	-0.1379296933	0.0837117901	0.0518637957	-0.0113164022	0.0469248917	0.0564286017	-0.0556368258	-0.0604020594	0.0122272907	0.0289267181	0.1243683379	-0.0424612977	-0.0307752517	-0.0115857625	0.0708691395	-0.0145384308	0.0090392634	0.0324671702	-0.0466729309	-0.1100015475	-0.0650296302	0.1181520742	0.00411148	-0.0820014706	-0.1128232617	0.1080347744	0.0630724987	-0.0012973133	0.0127840311	-0.1065043539	0.0875356444	-0.0388835479	-0.0333893125	-0.0738869481	0.0431555153	0.0575709562	0.0136011803	0.1085990135	-0.1643519582	0.0225485644	-0.0032142939	-0.0361102042	-0.0140665411	0.0253453456	0.026647867	-0.0239423877	0.1221543511	0.0082927401	0.00327475	0.0184609016	-0.0380145283	-0.0585408406	-0.1117858059	-0.0096959882	0.1437569077	0.0159571154	0.0746110033	-0.0627917286	-0.0638566271	0.0590810692	0.0027389687	-0.0539551924	-0.1848834929	-0.0502002093	0.0829299921	-0.0796702525	0.0048812378	0.0798454353	-0.0084471288	-0.0480892207	-0.0538514748	0.0495392134	0.0359746106	0.0417859184	-0.0270708985	-0.0641632461	-0.0149685348	0.0836578415	0.0	0.0	0.0	0.0	0.0602022542785363	-0.0145238885074262	0.0002109433373761	0.0036243114202175	1.2465003154124048	0.2052012482361505	0.0421075522776742	1.5537630363232249	0.2877856457493521	-0.0226706207372444	0.0828205778993715	0.0005139570446119	0.0111153161928587	-0.0012091938221561	1.4621496995407193e-06	0.0001235502540672	-0.0067401217983433	-0.0005570268460419	4.5429241856502526e-05	3.102789072113867e-07	0.0063352701158248	-0.0002776894071742	4.0135647440462775e-05	7.711140685675863e-08	0.0	0.0	0.0	0.0	0.0	0.0	0.0	0.0	0.0	0.0	0.0	0.0	0.0	0.0	0.0	0.0	0.0	0.0	0.0	0.0	0.0	0.0	0.0	0.0	0.0	0.0	0.0	0.0	0.0	0.0	0.0	0.0	0.0	0.0	0.0	0.0	0.0	0.0	0.0	0.0	0.0	0.0	0.0	0.0	0.0	0.0	0.0	0.0	0.0	0.0	0.0	0.0	0.0	0.0
535.380818266605	1.8923621775003312	286632.6205678196	3.581034610833795	757.6381969451904	-5.5333180018833446	574015.6374703592	30.617608109966287	610.1217808539263	1.3872301486428569	1.9244074853036828	372248.5874723665	622.3521219124472	492.1626595607151	0.8485089999999998	29.002302	0.4519911800430782	0.2676620195814219	-0.0418459785	-0.0878963182	-0.1273855284	-0.1198049753	0.0191585203	-0.0617859159	0.0061006293	-0.0596433129	-0.093907925	0.0776068201	-0.0491213703	0.1585492051	-0.0421591976	-0.0467514175	-0.0111808732	-0.12296253	0.0052894593	-0.0525156309	0.0276077034	0.0732574756	-0.0066743591	0.0643474856	0.0280825154	-0.0113520328	0.0002262687	-0.0097135341	-0.0388490215	-0.0072502686	0.1474884153	0.0077316388	-0.0441614229	-0.0464532146	-0.0314538484	0.1103044002	-0.0290872831	0.0870093603	0.1284031002	-0.1223914987	-0.0607228507	-0.0188731686	-0.0373657813	-0.0384300473	-0.1168450994	-0.0947626156	0.0476448015	-0.0942256968	-0.0938362328	-0.0915925958	0.0311810026	0.0322059848	-0.0165227516	0.0265887574	-0.0118694787	0.0166626613	-0.1291568461	-0.1334035192	-0.0435341914	0.0197567021	0.0718155194	0.0499652736	-0.0409597102	-0.0275632123	0.0615254703	-0.0139405962	0.0698688791	0.0226343508	0.0013863566	-0.0201554315	0.0522459682	0.040408848	-0.0707341962	0.0476242326	0.1184019956	-0.1292685054	-0.0478284026	-0.1115786955	-0.0467094029	0.1497885364	-0.0044927247	0.0846858719	0.0492852428	-0.0237533845	0.0284273638	-0.0376330622	-0.065259522	-0.09328497	-0.1079551705	0.1198948143	-0.0622771975	-0.0079297348	0.0350900787	-0.0264303415	-0.0466727096	0.0262745468	0.0223195369	-0.0537926695	0.0360088363	0.0111986411	-0.0652961456	-0.0119915711	0.0811893783	0.0	0.0	0.0	0.0	0.0425794138889159	-0.0176228403896204	0.000310564503398	0.0018130064871236	1.0028256165529823	-0.2436746988594225	0.0593773588642302	1.005659217214869	0.3926006272793074	0.1048149815299552	0.1541352525401056	0.0109861803531248	0.0104295085672288	-0.0006858076256299	4.7033209937212163e-07	0.0001087746489538	-0.0060324104397917	0.0007077113585516	3.638997571410789e-05	5.008553670229521e-07	0.0060112159147247	-0.0003240542011	3.613471677343951e-05	1.0501112525062403e-07	0.0	0.0	0.0	0.0	0.0	0.0	0.0	0.0	0.0	0.0	0.0	0.0	0.0	0.0	0.0	0.0	0.0	0.0	0.0	0.0	0.0	0.0	0.0	0.0	0.0	0.0	0.0	0.0	0.0	0.0	0.0	0.0	0.0	0.0	0.0	0.0	0.0	0.0	0.0	0.0	0.0	0.0	0.0	0.0	0.0	0.0	0.0	0.0	0.0	0.0	0.0	0.0	0.0	0.0
538.3982434818715	3.017425215266485	289872.66858436464	9.104854929725992	757.9134039742606	0.2752070290702022	574432.7279238508	0.0757389088496471	615.4210620274359	5.299281173509598	28.082380955913266	378743.0835869772	627.5249768708882	499.4535142624914	0.984687	33.656906	0.5718223961236816	0.3969438968482407	-0.047346602	-0.1218938337	-0.1071036887	-0.1459433547	0.0486142527	-0.0123891371	0.0063000972	-0.1028843957	-0.2253450891	0.0633989359	0.1162698102	0.2161848536	-0.0924468584	0.0181702871	0.0592747107	-0.0456367301	0.1097182838	-0.0911968059	0.0542318552	0.0256844801	-0.1204176079	-0.1005312182	-0.0580898901	0.0592445398	0.1169660784	0.0817498959	0.1232978015	0.0274321989	0.0677180278	0.0606955331	0.061654526	-0.0123244616	-0.1068288819	-0.0521552806	0.0408471453	-0.0121074791	0.1116517117	-0.0654542586	0.0860415849	-0.0101047075	0.0338534363	0.1830211996	-0.0363832033	-0.2055068019	0.0360471076	0.0178140014	-0.2483644885	-0.1015078763	-0.030384043	-0.0749197569	-0.0775618779	0.0207710859	-0.0141928558	-0.1338855589	-0.0457721801	-0.0504555804	-0.1191835832	-0.1268615478	0.0394046536	-0.1510217438	-0.0303229165	-0.088238723	0.0185733992	0.0573559555	0.0405108968	0.0288922357	-0.1372753963	0.0332455756	0.0027014939	-0.0202522059	0.0374777791	-0.0681498964	-0.1635089588	-0.0360235952	-0.1247101833	-0.0120910882	-0.0850513631	0.1768829748	0.0871240756	0.1500974163	0.0747838624	-0.0119048233	-0.0287121538	-0.1431791935	-0.213206248	0.0390112343	-0.1117290752	0.0137918066	0.0012108523	-0.0193187403	0.0235027745	-0.0575419087	0.0575382706	0.1273161076	-0.0146638596	0.0266713871	-0.121394793	0.1788337141	-0.0664138589	-0.0090034526	0.0785510002	0.0	0.0	0.0	0.0	0.0192226198747249	-0.023356794014191	0.0005455398266213	0.0003695091148481	0.6134470054125387	-0.3893786111404436	0.1516157028136607	0.3763172284496113	0.3793022060959004	-0.013298421183407	0.1438701635492169	0.0001768480059712	0.0080831088459597	-0.002346399721269	5.505591651971706e-06	6.533664861563196e-05	-0.0061310068099837	-9.85963701920006e-05	3.758924450406651e-05	9.721244215038024e-09	0.0064819912189764	0.0004707753042516	4.201621016288715e-05	2.216293870932806e-07	0.0	0.0	0.0	0.0	0.0	0.0	0.0	0.0	0.0	0.0	0.0	0.0	0.0	0.0	0.0	0.0	0.0	0.0	0.0	0.0	0.0	0.0	0.0	0.0	0.0	0.0	1.0	0.0	0.0	0.0	0.0	0.0	0.0	0.0	0.0	0.0	0.0	0.0	0.0	0.0	0.0	0.0	0.0	0.0	0.0	0.0	0.0	0.0	0.0	0.0	0.0	0.0	0.0	0.0
534.5910713954377	-3.807172086433866	285787.613615722	14.494559295721196	761.134109388079	3.2207054138183366	579325.1324739842	10.372943362598743	615.4732337264032	0.0521716989672995	0.0027218861731345	378807.30143363576	627.2630608809621	482.90854167529807	1.338377	45.746143	0.857726229751666	0.4007266584657437	-0.0626219472	-0.0932601821	0.0851767605	-0.1608401393	0.0096137009	-0.0029905219	0.0058996901	-0.1450065302	-0.2299158633	0.0435432869	0.0836437849	0.0024336229	0.0030342815	0.122982427	0.0280240016	-0.0509300732	0.1045867702	0.0239235797	-0.072373775	0.1864723678	-0.0780670504	-0.0112977325	0.0649495507	-0.0371229752	0.0743217522	0.0701702617	-0.1044223109	-0.1051049575	0.0647048123	0.0867912964	-0.0535422998	0.1689361747	0.1016207018	-0.1536943551	-0.1390870693	0.0114622352	-0.0508097019	0.0392278679	0.0441785158	-0.0993946469	-0.0479734494	-0.0367723001	0.0174261476	-0.2193728864	-0.0188484038	0.028353015	-0.1024451028	0.033652769	-0.108282847	-0.1122941396	-0.0613528139	-0.085171889	0.0180976361	-0.0812128619	-0.0351247283	-0.1119374032	-0.0243866624	-0.0998559634	0.0386808844	0.075821909	0.0575017654	0.0333045681	-0.2089984902	0.0310491927	0.0811262403	0.0803770341	0.170874538	-0.0842175721	-0.1139995795	-0.0582851517	0.0177489181	0.0815541147	0.0733775703	0.0061879761	-0.1585140758	0.1276377176	-0.1178403501	0.0462530012	0.1139778454	0.1368419769	0.1335765584	0.0528223982	0.0611110036	-0.0042382389	-0.3009096157	0.105800732	-0.2142281635	-0.0537623038	-0.0601244643	0.1877471453	-0.0493831757	-0.0522694502	0.0638392102	0.14275695	-0.1818293249	-0.0933794176	-0.1511614167	0.0392101783	-0.0675161264	-0.0060069587	0.0757482289	0.0	0.0	0.0	0.0	-0.0412529707093369	-0.0604755905840618	0.003657297056491	0.0017018075923454	0.4038178309022839	-0.2096291745102548	0.0439443908058508	0.1630688405546255	0.6522833533698247	0.2729811472739243	0.4254735730833835	0.0745187067669879	0.0112305812790222	0.0031474724330624	9.906582716888368e-06	0.0001261259558647	-0.0076041615410988	-0.001473154731115	5.782327274312608e-05	2.1701848618068023e-06	0.0081541704024673	0.0016721791834908	6.649049495247372e-05	2.796183221700292e-06	0.0	0.0	0.0	0.0	0.0	0.0	0.0	0.0	0.0	0.0	0.0	0.0	0.0	0.0	0.0	0.0	0.0	0.0	0.0	0.0	0.0	0.0	0.0	0.0	0.0	0.0	0.0	1.0	0.0	0.0	0.0	0.0	0.0	0.0	0.0	0.0	0.0	0.0	0.0	0.0	0.0	0.0	0.0	0.0	0.0	0.0	0.0	0.0	0.0	0.0	0.0	0.0	0.0	0.0
541.1052164060937	6.51414501065608	292794.85522188555	42.4340852198555	762.1475397382463	1.0134303501673685	580868.8723290617	1.027041074640355	615.3337328341897	-0.1395008922135048	0.0194604989283638	378635.602763658	629.4850744720688	502.4350190785508	1.57635	53.880119	1.0340491440049908	0.5722020841851885	-0.1395991983	-0.1576804536	0.1029433721	-0.1709245989	0.1125252269	0.1075585175	0.0447519284	-0.1071992065	-0.2399061842	0.078606576	-0.0035792075	-0.0630351802	0.0797846986	0.1002405353	0.0349262111	0.0289250848	-0.0821952427	0.006956717	0.1515630235	-0.0624319584	0.018998244	-0.0189970576	-0.090310023	0.0057196476	0.0800930298	-0.0256334854	-0.018273588	0.0192574231	0.0427766396	-0.0517736409	-0.0708208967	0.0005088525	-0.0458264855	-0.0785850803	0.0102588235	0.0720975105	0.0890913956	-0.0517576265	0.0994490289	-0.014477701	-0.16906747	-0.220565942	-0.0490249787	-0.244875661	0.0393167045	0.0203643418	0.0251597042	0.0968459196	-0.09389222	-0.0276250576	-0.0640857053	0.0509435797	0.0706946554	0.0990877046	0.0779945255	-0.0501643205	0.0201576095	-0.0353433224	0.0217800608	-0.0865737577	-0.0580530605	-0.0761639975	-0.0046390751	0.1494006144	-0.0220792066	-0.0333201271	-0.0094332677	0.0487104675	0.1175456328	-0.1215108321	-0.0999512104	0.0198081478	-0.05216885	-0.0432315724	-0.1939035546	0.1701835817	-0.1510580457	-0.0789760822	-0.0213035757	0.063742716	0.0655339552	0.1011126486	0.1374331887	-0.1292946411	0.1079325942	0.0182712313	-0.0377437497	0.0699210378	-0.0426367905	0.1211323977	0.117746669	-0.0548722057	0.1194840234	0.1428459285	-0.2118679048	-0.2285202567	0.0108860035	0.0481747805	-0.0686026914	-0.003004877	0.0727869302	0.0	0.0	0.0	0.0	-0.0998536464563812	-0.0586006757470443	0.0034340391980102	0.0099707507106359	0.1569606531397909	-0.246857177762493	0.060938466212863	0.0246366466340697	0.4492724853216714	-0.2030108680481532	0.2018457660671114	0.0412134125456647	0.0192320523322547	0.0080014710532325	6.40235390157176e-05	0.0003698718369105	-0.0069362653779341	0.0006678961631646	4.811177739312729e-05	4.460852847701275e-07	0.0099964116350161	0.0018422412325488	9.992824557668529e-05	3.393852758902926e-06	0.0	0.0	0.0	0.0	0.0	0.0	0.0	0.0	0.0	0.0	0.0	0.0	0.0	0.0	0.0	0.0	0.0	0.0	0.0	0.0	0.0	0.0	0.0	0.0	0.0	0.0	0.0	0.0	1.0	0.0	0.0	0.0	0.0	0.0	0.0	0.0	0.0	0.0	0.0	0.0	0.0	0.0	0.0	0.0	0.0	0.0	0.0	0.0	0.0	0.0	0.0	0.0	0.0	0.0
541.7971270558675	0.6919106497737175	293544.1268859918	0.4787403472702879	756.5839895520892	-5.563550186157158	572419.3332465558	30.953090673889356	615.7341197918413	0.4003869576515626	0.1603097158574742	379128.5062758336	630.8283669378525	497.83363637168605	1.337413	45.713184	0.9967957507945948	0.6325342703369232	-0.1642489697	-0.1900761333	0.2256813837	-0.1506183591	0.1147578041	0.2242559064	0.0261539124	-0.0942951144	-0.250131157	0.098213734	0.0263730912	-0.1817453417	0.0550272352	0.0777435678	-0.0583475882	0.1261810567	-0.0382844537	0.0733954034	0.1651824958	-0.0325517181	0.0290293671	-0.1192995896	0.003199393	0.0363107369	0.0149046252	0.168103181	0.0806686022	-0.1301753504	0.007659152	-0.0840070955	-0.0310869637	0.0837847728	-0.0113717952	-0.0788216168	0.0799246995	-0.1063506406	0.0895001828	-0.0149941771	0.0046489687	0.0381175972	-0.0460790806	-0.0125978929	0.1291243127	-0.2656374417	0.0619563975	0.0662141851	0.1110629771	0.1535361757	-0.0335347003	-0.0070062096	-0.0970622523	0.0861073788	0.0107874437	-0.008184974	0.2266443613	-0.0697512388	0.0234890643	0.0220987128	-0.0675804045	-0.1845480816	-0.1389627158	0.0084784961	0.0053587099	0.0686686294	0.0393003762	-0.1301596618	0.0357658506	-0.0908131914	0.0150055562	-0.086364937	0.1194743181	0.0689301082	0.060809626	-0.0136541182	-0.2253941392	0.2091791998	-0.134301832	-0.1429417416	-0.2024165928	0.0093617154	-0.0854802655	-0.0240246402	0.2635920098	-0.1390375826	0.1661739905	0.0664274551	-0.1244607305	0.0808714533	0.0634508094	0.1704181426	0.1571235788	-0.0180502957	-0.0051781224	-0.0805658896	0.060556408	0.1445928369	-0.0683468426	-0.0174384544	-0.0696733014	-0.0	0.0696733014	0.0	0.0	0.0	0.0	-0.1431287377926082	-0.043275091336227	0.0018727335301587	0.0204858355821051	0.3018183326448849	0.1448576795050939	0.0209837473116005	0.0910943059205383	0.3655571988279575	-0.0837152864937139	0.1336320656149428	0.0070082491927245	0.0310246601729157	0.011792607840661	0.0001390655996836	0.0009625295388449	-0.0088532123392091	-0.0019169469612749	7.837936872312425e-05	3.674685652341452e-06	0.0107858107022713	0.0007893990672551	0.0001163337125052	6.231508873833787e-07	0.0	0.0	0.0	0.0	0.0	0.0	0.0	0.0	0.0	0.0	0.0	0.0	0.0	0.0	0.0	0.0	0.0	0.0	0.0	0.0	0.0	0.0	0.0	0.0	0.0	0.0	0.0	0.0	0.0	1.0	0.0	0.0	0.0	0.0	0.0	0.0	0.0	0.0	0.0	0.0	0.0	0.0	0.0	0.0	0.0	0.0	0.0	0.0	0.0	0.0	0.0	0.0	0.0	0.0
536.3441793822448	-5.452947673622703	287665.07875721355	29.73463833126724	746.7528450420924	-9.83114450999676	557639.8115784593	96.65140237643946	614.1216509904984	-1.6124688013428568	2.600055635304069	377145.4022152956	627.6773545802984	490.7901346504816	1.651588	56.451763	1.4853214747825276	0.6473775974087302	-0.0457650479	-0.1508459925	0.2693382898	-0.0867979202	0.0344919354	0.3586081238	-0.0417729516	-0.0760819693	-0.2121070696	0.0192366287	0.0259439664	-0.1589722668	0.1933063759	0.1211143815	-0.2022355417	0.0366978558	0.0241871319	-0.0267828034	0.1287637184	-0.0656454031	0.0575344532	0.0182234725	-0.0125183247	-0.0260469687	0.0776093095	0.0234530755	-0.1328908343	0.0572495468	-0.0182703093	-0.0294891889	0.0029638314	-0.0037935067	-0.0230643988	0.0065703257	-0.1126109616	-0.1040640121	0.0475486616	-0.0038960053	-0.2077628139	-0.0317489916	0.0058777649	0.0113966196	-0.0333514092	-0.22467521	-0.0467826509	0.068058585	0.1395646141	0.1528357851	-0.1894560301	0.1222819728	0.0234886804	0.1526956517	-0.1334692962	-0.0001772464	-0.0295250365	0.0762568655	0.0381807031	0.0212620368	-0.073374185	-0.0346529195	-0.1161568633	-0.1059699425	-0.0561943916	0.0789819135	-0.024593659	-0.0116128165	0.1359741809	-0.0787652704	0.0556656691	0.0823672324	0.1072430899	0.0617223549	0.077740041	-0.0673222	-0.1448886059	0.2440569093	-0.020718216	-0.1537825503	-0.2620451011	0.0335272193	-0.1325461074	-0.126347362	0.1930381341	0.0129032799	-0.033584581	0.1724198374	0.2462683459	0.2040185235	-0.0430944916	-0.1943948112	0.2512994255	-0.133349937	-0.1864065735	-0.0183322901	-0.0265357524	0.0188114629	-0.0449707293	-0.0486127324	-0.0707277074	0.003004877	0.0664138589	0.0	0.0	0.0	0.0	-0.3370848820310783	-0.19395614423847	0.0376189858878542	0.1136262176939059	0.6146933698138213	0.3128750371689364	0.0978907888834633	0.3778479388930712	0.8314715688235736	0.4659143699956161	0.6913449697619348	0.2170762001684119	0.0390050114850327	0.0079803513121169	6.36860070648075e-05	0.0015213909209475	-0.0104291795111293	-0.0015759671719202	0.0001087677852753	2.4836725269701573e-06	0.0100906107187184	-0.0006951999835528	0.0001018204246767	4.833030171319516e-07	0.0	0.0	0.0	0.0	0.0	0.0	0.0	0.0	0.0	0.0	0.0	0.0	0.0	0.0	0.0	0.0	0.0	0.0	0.0	0.0	0.0	0.0	0.0	0.0	0.0	0.0	0.0	0.0	0.0	0.0	1.0	0.0	0.0	0.0	0.0	0.0	0.0	0.0	0.0	0.0	0.0	0.0	0.0	0.0	0.0	0.0	0.0	0.0	0.0	0.0	0.0	0.0	0.0	0.0
538.0081542415841	1.6639748593393051	289452.7740304361	2.76881233251326	744.2771269934518	-2.4757180486406014	553948.4417656268	6.129179856364828	609.9727625376165	-4.14888845288192	17.213275394456932	372066.7710377715	622.3369869375588	510.2474472078573	2.129927	72.80153699999998	2.0623747321639256	1.3819438185499244	0.0260780279	-0.1298912533	0.0065550105	-0.0392432246	-0.0678937663	0.1292492328	0.0868395079	0.1051222935	-0.0892933032	-0.0002325602	0.0042556243	0.0228697125	0.1009522921	0.0155862947	-0.2971713145	0.2091846835	0.104559583	-0.0053301423	-0.0564979577	-0.0493553348	-0.1108171475	0.0264403283	0.0368670532	0.1471068825	-0.0030577643	0.0251302243	-0.08329548	-0.1205879913	-0.0845549093	-0.0113749486	0.0037319535	-0.1234477675	0.030344369	0.0719619975	0.0521948832	0.0122570751	-0.1261763055	0.0125166754	0.0171461324	0.0182335496	-0.0873588386	0.1007853403	0.0246730364	-0.1035610231	-0.0344432597	-0.0212208529	0.0594540093	-0.0017133847	-0.107940925	0.2338148357	-0.0093352703	-0.2048681543	-0.1917103085	-0.0558524411	0.1313672125	0.1365654377	-0.0337941937	0.1301537329	-0.2093884706	0.0156530021	-0.0284039995	-0.0007210348	-0.1391566616	-0.0391235737	-0.0263515821	0.1113994171	-0.1207848293	0.0628145996	-0.1244529875	-0.1333815971	-0.0862662179	0.0008906949	0.0121256003	-0.0349780278	-0.0404216364	0.0234162115	0.0543983145	-0.2368888818	-0.1361665966	0.3120853101	0.0534740852	0.1675773816	-0.4214038921	-0.0661023169	0.1457507698	-0.1828591292	0.0483113986	0.1439752998	0.0830018329	-0.2380442769	0.0897833451	-0.2341597105	-0.072153668	-0.0215638209	-0.0235844159	-0.0105344416	-0.0098331197	0.0805591641	-0.0717656641	0.0060069587	0.0630154242	0.0	0.0	0.0	0.0	-0.5207890882065698	-0.1837042061754915	0.0337472353665674	0.2712212743950303	0.9518009934299982	0.3371076236161769	0.113641549900146	0.9059251310943316	0.7428465422181318	-0.0886250266054418	0.5518209852854348	0.0078543953408152	0.0146815116291376	-0.0243234998558951	0.0005916326452397	0.0002155467837165	-0.0083888674183316	0.0020403120927977	7.037309656234548e-05	4.162873436016533e-06	0.0073956651520749	-0.0026949455666435	5.4695863041615045e-05	7.262731607171459e-06	0.0	0.0	0.0	0.0	0.0	0.0	0.0	0.0	0.0	0.0	0.0	0.0	0.0	0.0	0.0	0.0	0.0	0.0	0.0	0.0	0.0	0.0	0.0	0.0	0.0	0.0	0.0	0.0	0.0	0.0	0.0	1.0	0.0	0.0	0.0	0.0	0.0	0.0	0.0	0.0	0.0	0.0	0.0	0.0	0.0	0.0	0.0	0.0	0.0	0.0	0.0	0.0	0.0	0.0
531.9994114692656	-6.008742772318442	283023.37380364496	36.10498970388912	746.9065354483469	2.6294084548950423	557869.3726954527	6.913788822673533	605.6827338877665	-4.290028649850001	18.404345816533823	366851.574129759	622.3533355024524	476.8637179797416	1.926617	65.852341	1.3481303012980732	0.8301872802440843	-0.1696132673	-0.0232731426	-0.0008192206	-0.0572371266	0.1917292592	0.0282316793	-0.0203472715	0.042348118	-0.005055214	0.1671979699	0.0107930339	-0.0255116903	0.1168637237	-0.2241605032	-0.097074241	0.2003167173	0.0535973848	-0.0510708017	-0.0714448973	-0.0694323945	0.0876026278	-0.0950937812	0.005391997	-0.0712088483	-0.0319597797	0.1237740032	0.0146911658	0.0019112411	0.0865358592	-0.0256746211	0.1020854791	-0.0487902919	0.1239560907	-0.0661972635	-0.012296068	0.0304009791	0.0801429516	-0.0773940055	0.092948014	-0.0244877876	0.0598632186	0.0093742002	0.0770328952	-0.061773546	0.1968375752	0.0263830612	0.1317140016	-0.1446410156	0.0443533899	0.0678715354	-0.0269469091	-0.1345337341	-0.2001982612	0.1060203797	0.172279599	0.1105182399	-0.161212326	-0.0753899383	0.0831610808	-0.0586669826	-0.0571690802	0.0039966354	-0.003862718	0.0516259902	0.1231228905	-0.0966230327	0.0189962861	0.0519951682	-0.0527043438	0.1246431852	-0.0187061704	0.0691744876	0.0424560208	0.1350411768	-0.1573289783	-0.0820800105	0.0927070143	-0.1862047363	-0.1766215348	0.1780189398	-0.1005607138	-0.0055547037	-0.1332037175	-0.1753674479	-0.0074454069	-0.210630958	-0.1234242683	-0.3370974157	-0.0216586846	0.1501664456	-0.1052931378	0.0313219988	0.0239093296	-0.1157619816	0.0619328151	0.0323859491	-0.1919965845	-0.0271119748	-0.0727869302	0.0090034526	0.0594851094	0.0	0.0	0.0	0.0	-0.510501311702015	0.0102877765045548	0.0001058383454076	0.2606115892494778	1.1383067383697352	0.1865057449397369	0.0347843928955262	1.2957422306179447	0.0436623604362154	-0.6991841817819164	0.0019064017188619	0.4888585200540479	0.0213859229306424	0.0067044113015048	4.494913089974532e-05	0.0004573576995953	-0.0097838694726077	-0.0013950020542761	9.572410185702488e-05	1.94603073143454e-06	0.0064520265464185	-0.0009436386056563	4.162864655568904e-05	8.904538180851535e-07	0.0	0.0	0.0	0.0	0.0	0.0	0.0	0.0	0.0	0.0	0.0	0.0	0.0	0.0	0.0	0.0	0.0	0.0	0.0	0.0	0.0	0.0	0.0	0.0	0.0	0.0	0.0	0.0	0.0	0.0	0.0	0.0	1.0	0.0	0.0	0.0	0.0	0.0	0.0	0.0	0.0	0.0	0.0	0.0	0.0	0.0	0.0	0.0	0.0	0.0	0.0	0.0	0.0	0.0
529.012765987729	-2.986645481536584	279854.50657798775	8.920051232382894	741.0030772890364	-5.903458159310503	549085.5605518216	34.85081823872975	606.6938500793195	1.011116191553015	1.0223559528206727	368077.4277240678	621.140074811663	476.7782688753508	1.478239	50.526665	1.1067020741320612	0.6332508904358986	-0.0660927353	0.039107499	-0.1372574318	0.0030685717	0.1797825433	-0.0146816867	-0.0773867786	-0.0901177781	-0.0012016806	0.0897930011	0.0830730386	0.0077761916	-0.081968185	-0.1476024192	-0.1920337847	0.1169921743	-0.0474342657	-0.0984757198	0.0366352642	-0.1302178357	0.0595883918	-0.0226511165	0.017073314	-0.0512912333	-0.0600475715	-0.1212221315	0.0641377933	-0.0568982851	0.0176875213	0.0406054415	0.0021598406	-0.0268675204	0.0433789119	-0.0659772406	0.075736139	0.051449007	-0.0094868373	0.0692740837	-0.0959590975	0.1260790975	0.0917999892	-0.0058170629	-0.0486581009	-0.0272968012	0.1444624869	0.1458584913	-0.046953061	-0.0353137503	0.121467645	0.1814732707	0.0875465129	0.0636946958	-0.1709247761	0.1536462479	0.0408176197	0.0887970326	-0.0859839042	0.0497876189	-0.0462161123	0.0128991005	0.0505630603	0.0867378907	-0.0081488058	0.0080680105	-0.0539678879	-0.0142073697	-0.0280070059	0.0249687846	0.0628584373	0.0028052237	0.0212673442	-0.0007255378	0.0675400332	0.0978269715	-0.0606502054	-0.0980745279	0.0731871102	-0.1028061937	-0.0147838167	0.1670820787	-0.2783203311	-0.0137228208	-0.0810072615	-0.001872572	-0.1530553132	-0.0427112073	0.1058995077	-0.1091973742	-0.1294052464	0.1540743971	-0.0329932585	0.0552570632	0.101596983	-0.001822881	-0.0100220251	0.0399245863	0.09789721	0.1369145941	-0.073791268	0.0119915711	0.0558303029	0.0	0.0	0.0	0.0	-0.4480432892376882	0.0624580224643267	0.0039010045701543	0.2007427890309267	1.4504511896324883	0.3121444512627531	0.0974341584541252	2.1038086535063005	0.3308818699716767	0.2872195095354612	0.1094828118759535	0.0824950466577909	0.0137914013822821	-0.0075945215483603	5.767675754850895e-05	0.0001902027520872	-0.0097893409212248	-5.471448617100014e-06	9.583119567196642e-05	2.9936749969565654e-11	0.0077496353668315	0.0012976088204129	6.005684831884559e-05	1.6837886508136154e-06	0.0	0.0	0.0	0.0	0.0	0.0	0.0	0.0	0.0	0.0	0.0	0.0	0.0	0.0	0.0	0.0	0.0	0.0	0.0	0.0	0.0	0.0	0.0	0.0	0.0	0.0	0.0	0.0	0.0	0.0	0.0	0.0	0.0	1.0	0.0	0.0	0.0	0.0	0.0	0.0	0.0	0.0	0.0	0.0	0.0	0.0	0.0	0.0	0.0	0.0	0.0	0.0	0.0	0.0
528.5800672352071	-0.432698752521901	279396.8874783761	0.1872282104340093	737.938226549966	-3.06485073907038	544552.8262037089	9.393310052780254	608.5053003008273	1.811450221507812	3.2813519050007005	370278.7004942001	620.8435089340784	477.7941997209504	1.165597	39.840443	0.55370669842089	0.3225080953124986	-0.0044068225	0.0408591781	-0.1040320629	0.0492619001	0.0485610599	-0.0843521258	-0.0166340797	-0.1581220128	-0.0341912887	0.0180339751	0.1653805085	0.0243980979	-0.0901359922	-0.0081239861	-0.1689059075	0.0460516975	-0.0501985797	-0.087033442	-0.031707094	-0.1551365692	0.0719041763	0.0710531752	-0.0059821774	0.0037658524	0.0355767684	0.0427333101	-0.0121029716	0.0522658613	0.0139351248	-0.0626121086	0.0296522218	0.0043425197	-0.076273184	-0.0306212527	0.0879373724	0.074187841	0.0142796615	0.0267164243	0.0267382285	0.0302141384	0.0014536685	-0.129750473	0.0637198585	-0.0343111305	0.0300502334	0.1439150393	-0.1223442862	0.062302519	0.0191590495	0.0883778767	0.0518137951	-0.08842658	-0.0734107834	0.0954321636	-0.0071430523	0.0335427775	-0.1012561852	0.1423285634	-0.0736852941	-0.0208970182	-0.0682415222	-0.0679949317	-0.0079034146	0.0390658921	0.0316999987	-0.0628570935	-0.0390402524	-0.0843502463	-0.0645092523	-0.0262326464	-0.1136910914	-0.0462554367	-0.0598575151	-0.0188792445	-0.0027822354	-0.0662318511	-0.0145997266	-0.1269427786	0.0359747485	0.1461083576	-0.219082023	0.0519384115	-0.0689313126	-0.0030896374	-0.0438642617	-0.0153232525	-0.0273941163	0.0303139509	-0.0783417495	0.1171047712	-0.1335010769	0.0608295364	0.0559024348	-0.0228554065	-0.0487403217	-0.0257165499	0.0293141851	0.014965888	-0.0747784441	0.0149685348	0.0520586536	0.0	0.0	0.0	0.0	-0.3815819565657392	0.066461332671949	0.0044171087405314	0.1456047895765376	1.482123463706131	0.0316722740736425	0.0010031329449959	2.196689961668259	0.6375000966196751	0.3066182266479984	0.4064063731900951	0.0940147369127633	0.0153734208361674	0.0015820194538852	2.5027855524715416e-06	0.0002363420682059	-0.0087872183256723	0.0010021225955525	7.721520590303109e-05	1.004249696516881e-06	0.0073546801157233	-0.0003949552511082	5.409131960461569e-05	1.5598965037794132e-07	0.0	0.0	0.0	0.0	0.0	0.0	0.0	0.0	0.0	0.0	0.0	0.0	0.0	0.0	0.0	0.0	0.0	0.0	0.0	0.0	0.0	0.0	0.0	0.0	0.0	0.0	0.0	0.0	0.0	0.0	0.0	0.0	0.0	0.0	1.0	0.0	0.0	0.0	0.0	0.0	0.0	0.0	0.0	0.0	0.0	0.0	0.0	0.0	0.0	0.0	0.0	0.0	0.0	0.0
523.9807739735238	-4.599293261683329	274555.8514938931	21.153498506965672	732.2885657991682	-5.649660750797807	536246.5436002027	31.91866659910524	607.5247502797663	-0.9805500210610488	0.9614783438028236	369086.3222024924	619.9076923571134	464.91991459863857	0.8275289999999998	28.285191	0.446375711222831	0.2456333501495601	-0.0193064271	0.09826966	-0.0754096789	0.1003095549	0.0835324495	-0.033764515	-0.0513171722	-0.1380827911	0.0009145663	-0.0198179578	0.1744729851	-0.054208865	-0.1297090478	0.0118302353	-0.0459442024	0.0681660769	-0.0377550646	0.0093183623	0.0121778211	-0.1313403776	-0.0445047785	0.0517420774	0.0372956853	-0.0105666219	-0.0063381783	0.0678004545	0.0170162215	-0.0348262344	-0.1337352813	0.0734491973	0.0962370764	-0.0246598736	-0.030567213	0.0125686409	0.0231370193	0.0139239259	0.0209898094	0.0462901853	-0.0488026074	-0.0270112092	-0.006232259	0.0981691542	0.1074668803	0.0019470723	0.0149898453	0.1758446752	-0.106065125	0.0818650481	0.0337659975	-0.0164247466	0.0866408309	-0.0912928667	-0.065594464	0.1346715439	0.0058661172	0.0906505908	0.0068060883	0.100043711	-0.0405836367	-0.0795437802	-0.0278675873	0.0085099806	0.0172037261	-0.0194579363	0.0215799974	0.0652031542	-0.085380921	-0.1021712091	0.0830220774	0.1084152429	0.135894037	-0.0477439933	-0.0003462639	0.0041753239	0.0033603122	-0.0492894558	0.0054584716	-0.1395941416	0.0578965859	0.1173847197	-0.2433759611	0.0252167565	-0.015551916	0.0329949226	-0.0647785023	-0.0056053144	0.0318681841	0.0031867344	-0.0697102104	0.0837321455	-0.1260853151	0.0375300869	-0.0156385865	-0.0615341576	-0.069639406	0.0692782643	0.0281534763	0.0028499318	-0.0757482289	0.0179315741	0.0481780549	0.0	0.0	0.0	0.0	-0.3507723898296291	0.03080956673611	0.0009492294024668	0.1230412694667892	1.684957829275504	0.2028343655693731	0.0411417798559301	2.839082886436819	0.6430834892839528	0.0055833926642776	0.4135563741896237	3.1174273643509514e-05	0.0185720409690109	0.0031986201328435	1.0231170754231776e-05	0.0003449207057546	-0.009685924356303	-0.0008987060306307	9.381713063602369e-05	8.076725294919891e-07	0.0074003216773105	4.5641561587200265e-05	5.476476092767169e-05	2.083152144118194e-09	0.0	0.0	0.0	0.0	0.0	0.0	0.0	0.0	0.0	0.0	0.0	0.0	0.0	0.0	0.0	0.0	0.0	0.0	0.0	0.0	0.0	0.0	0.0	0.0	0.0	0.0	0.0	0.0	0.0	0.0	0.0	0.0	0.0	0.0	0.0	0.0	0.0	0.0	0.0	0.0	0.0	0.0	0.0	0.0	0.0	0.0	0.0	0.0	0.0	0.0	0.0	0.0	0.0	0.0
523.2871398000394	-0.6936341734843836	273829.430680106	0.4811283666253639	727.1184631620134	-5.170102637154741	528701.2594710883	26.729961278714413	606.5382011970225	-0.9865490827437498	0.973279092662534	367888.5895113198	619.0430957765508	459.7113024162276	0.7745419999999998	26.474068	0.4898153491899771	0.266293909004394	0.0043637947	0.1254707564	-0.0412198806	0.1202157606	0.0425220408	-0.0327767201	0.0022047184	-0.1256267267	0.0253492933	0.0036808161	0.1454208834	-0.0454771199	-0.1250561536	0.0336678498	-0.0461453374	0.120751652	-0.0672519477	-0.0553222505	-0.0458540551	0.0120819991	0.074494415	-0.025424418	0.0521614065	0.0757110013	-0.0245171657	0.0527273686	0.0145784236	0.0458287832	0.0470172377	-0.0117509041	0.0212700584	0.0544417549	-0.1450603828	0.0463865314	-0.0266623048	0.0863838849	0.0455292759	-0.0096183476	0.0305788478	-0.0159251773	0.0024862488	0.0848218882	-0.0525252173	0.0231801076	0.0261805394	0.1412198735	-0.0698175873	0.109487168	0.0471792034	-0.0141544089	0.0733774777	-0.1096996915	-0.0328144353	0.0167618671	0.0812189344	-0.05241614	-0.0836320466	0.0887217536	-0.0713921686	-0.0103449361	-0.0748760831	0.0341169503	0.1099905705	-0.0459895871	0.031359378	-0.0423105433	-0.0007497548	-0.0377211791	-0.0722857614	-0.0404326579	-0.0517641006	-0.0308951529	-0.0307201141	-0.0885247866	0.0312030755	-0.0473322422	-0.0167391176	-0.1483000618	0.0249535151	0.0782422474	-0.1583439165	0.0707512048	-0.0362305998	0.0727013076	-0.00786948	0.0290395104	-0.034428409	0.0535905561	-0.1186931478	0.0851658425	-0.0357814423	0.0291718043	-0.0140734639	0.0437561305	-0.0338057026	-0.0233095419	0.0682734264	0.0270459678	-0.0767003968	0.020877933	0.0441966281	0.0	0.0	0.0	0.0	-0.3260899518707845	0.0246824379588446	0.0006092227435922	0.1063346567110905	1.4706925203272905	-0.2142653089482136	0.0459096226186734	2.1629364893466376	0.7820305402016317	0.1389470509176789	0.6115717658080558	0.01930628295872	0.01846273836153	-0.0001093026074809	1.1947060002123916e-08	0.0003408727078063	-0.0082378642422664	0.0014480601140365	6.786240727401139e-05	2.096878093863688e-06	0.0067192733715232	-0.0006810483057873	4.514863464126075e-05	4.638267948157518e-07	0.0	0.0	0.0	0.0	0.0	0.0	0.0	0.0	0.0	0.0	0.0	0.0	0.0	0.0	0.0	0.0	0.0	0.0	0.0	0.0	0.0	0.0	0.0	0.0	0.0	0.0	0.0	0.0	0.0	0.0	0.0	0.0	0.0	0.0	0.0	0.0	0.0	0.0	0.0	0.0	0.0	0.0	0.0	0.0	0.0	0.0	0.0	0.0	0.0	0.0	0.0	0.0	0.0	0.0
521.4297395227013	-1.8574002773381155	271888.9732587121	3.4499357902557075	726.271935571943	-0.8465275900704228	527470.9243994165	0.7166089607504378	606.5558735597799	0.0176723627573665	0.0003123124054279	367910.0277498677	618.6525543442347	457.74793583218496	0.698114	23.861748	0.2227159710975784	0.1200856817632653	0.0106377838	0.1411298578	-0.0391083087	0.1333061905	0.0402755101	0.0030119001	-0.0169052216	-0.1273318499	0.0281301976	-0.0295252479	0.1337743915	-0.1176625786	-0.1740333233	0.0010031361	-0.131797526	-0.0130936918	-0.0457897996	0.0371850496	-0.0320828189	0.0348230131	-0.0040439703	0.0399617223	0.0536536869	0.005389903	0.1239119597	0.1288489485	0.0461910421	-0.0427168643	-0.0837493225	-0.0023325922	-0.0081027136	0.0387656528	-0.0325318222	-0.0540111632	-0.1379934484	0.0470080377	0.0558418514	0.0138013299	-0.0517530985	0.0545842391	-0.0411250617	-0.0029999688	-0.0190931592	0.0316643228	-0.0041491569	0.1479049339	-0.0557693834	0.1433505884	0.08589663	0.044796067	0.0319000122	-0.1299327911	-0.036926134	-0.0277736034	0.0271811163	-0.0015527585	0.0831073307	0.0450298324	-0.040234713	0.0156034702	-0.1099114559	-0.0062822446	-0.0422628207	-0.069694594	-0.0345791176	0.0827417696	-0.0691981899	-0.0638917244	-0.0151611154	0.0149809814	0.1567725061	0.0658794518	-0.0175892304	-0.0365493781	0.0466895553	-0.0401468029	0.002038451	-0.1516008607	0.0369865145	0.053834362	-0.1612727152	0.047091371	-0.0043268616	0.0955014851	-0.0081754576	0.0250162197	0.011414041	0.0291722143	-0.0816835652	0.0077421406	0.0063427982	0.0921514517	-0.0372146854	0.0467363172	-0.0965167049	-0.0306269542	0.0666920273	-0.0149525975	-0.0776347263	0.0238048705	0.0401227057	0.0	0.0	0.0	0.0	-0.2921504384052582	0.0339395134655263	0.0011518905742766	0.0853518786603845	1.4820352043745828	0.0113426840472923	0.0001286564813966	2.1964283470056114	0.8645380723959164	0.0825075321942847	0.7474260786220468	0.0068074928687909	0.020245095541397	0.001782357179867	3.176797116623451e-06	0.0004098638934802	-0.0082970686704464	-5.92044281799986e-05	6.884134852210317e-05	3.5051643161206132e-09	0.0066623101517607	-5.696321976250002e-05	4.438637655825368e-05	3.2448084057108723e-09	0.0	0.0	0.0	0.0	0.0	0.0	0.0	0.0	0.0	0.0	0.0	0.0	0.0	0.0	0.0	0.0	0.0	0.0	0.0	0.0	0.0	0.0	0.0	0.0	0.0	0.0	0.0	0.0	0.0	0.0	0.0	0.0	0.0	0.0	0.0	0.0	0.0	0.0	0.0	0.0	0.0	0.0	0.0	0.0	0.0	0.0	0.0	0.0	0.0	0.0	0.0	0.0	0.0	0.0
522.0976658656621	0.6679263429607545	272585.9727023725	0.4461255996209274	727.9402736527579	1.6683380808149195	529897.0420056521	2.7833519518972087	605.4604990553959	-1.09537450438404	1.1998453048545812	366582.41591640905	617.012512069358	463.9284626717741	0.7769439999999999	26.556183	0.1844045141364518	0.101216102962697	0.0572145648	0.1128440413	-0.018295738	0.1225199337	-0.0023141384	0.0317946822	-0.0113171263	-0.1552547174	0.0466818588	-0.029152867	0.0417507934	-0.0376765594	-0.0494757939	0.0362081681	-0.0598165644	0.0313628617	-0.1281564463	0.0050067782	0.0770600943	-0.0068893523	-0.0072235974	-0.0581768061	0.0412730951	0.0443329313	0.0065450907	-0.0339502048	0.018677134	0.1062875106	0.0794011685	-0.0572000807	-0.0313864317	0.0266630091	0.0162819718	-0.0266913546	0.0227001001	0.0778995152	-0.0581405558	0.0300948243	-0.0467401852	0.1040468139	0.0695445042	-0.0058725594	0.0574580606	0.0494924117	-0.01822664	0.0518797873	-0.0253427261	0.1329655599	0.0302836833	0.0809626174	0.0722756148	0.0157756849	0.0017146594	0.009078221	0.069323637	-0.0652587347	-0.0065233215	0.0623359076	0.0065483349	-0.1020398357	-0.067964659	0.0145611032	0.0161801761	-0.0314846056	0.0552633509	-0.0835215311	0.0399346804	0.0035305839	0.0320305608	-0.0950431364	-0.1239975937	0.0253695859	0.04247592	-0.0050155529	0.0647595764	-0.0244053871	-0.0158247052	-0.1444105443	0.0197857422	0.0677618953	-0.1202103771	0.0399531495	-0.041449058	0.0892430427	0.0327573113	0.0289482878	-0.0451792508	0.0563801634	-0.0948118102	0.005659046	0.0407583377	0.048152066	-0.0485830056	0.0966445904	-0.0366936379	-0.0386221676	0.1328127731	0.0784414706	-0.0785510002	0.026709664	0.0359648137	0.0	0.0	0.0	0.0	-0.2724650445823471	0.019685393822911	0.0003875147299631	0.0742372005192604	1.4784285845417742	-0.0036066198328086	1.3007706618408572e-05	2.1857510795901938	0.9149865837519684	0.0504485113560519	0.8372004484460979	0.0025450522980417	0.0188309684320972	-0.0014141271092998	1.9997554812566168e-06	0.0003546053720906	-0.0076732686429574	0.0006238000274889	5.887905166699329e-05	3.891264742952768e-07	0.0064869575060559	-0.0001753526457047	4.2080617685374986e-05	3.0748550355673e-08	0.0	0.0	0.0	0.0	0.0	0.0	0.0	0.0	0.0	0.0	0.0	0.0	0.0	0.0	0.0	0.0	0.0	0.0	0.0	0.0	0.0	0.0	0.0	0.0	0.0	0.0	0.0	0.0	0.0	0.0	0.0	0.0	0.0	0.0	0.0	0.0	0.0	0.0	0.0	0.0	0.0	0.0	0.0	0.0	0.0	0.0	0.0	0.0	0.0	0.0	0.0	0.0	0.0	0.0
524.3691685519581	2.271502686296003	274963.0249278718	5.159724453849958	735.7588025842394	7.818528931481524	541341.0155801938	61.129394652413616	611.3463337124673	5.885834657071428	34.64304961038313	373744.3397436754	621.6666011494801	456.61407884438495	1.148938	39.271053	0.5931875213911504	0.343558000240219	0.0713750048	0.0990429707	0.110488065	0.0672651231	-0.1678427707	0.1166368567	-0.0993225744	-0.1560983596	-0.083155937	-0.1257329863	0.1334549561	0.0601416057	-0.0526910793	0.0330156536	-0.0474103451	0.0400460595	-0.0365877993	0.0873684906	0.0068588933	0.1579931676	0.0354990687	-0.0984307237	0.0588400671	0.0528263247	-0.0498346044	-0.0127495457	-0.0879437354	0.1678605588	0.0770270768	-0.0014264199	0.1618967482	-0.1760418675	0.0176722634	0.0515277811	0.0500413658	-0.0606684928	0.0271096997	0.0909900176	-0.10609131	-0.0862506346	0.0093567058	-0.056176059	-0.031957001	-0.0637954155	-0.1316082451	0.0754441664	-0.0929193313	0.036131478	-0.024821123	0.0766406944	0.105903602	-0.0182552124	-0.0237301447	-0.2001901861	0.017817267	-0.0074960665	-0.0447245726	0.0278428918	0.0332362752	0.0024923405	-0.1467124882	-0.0073079311	0.0904775981	-0.0539492828	0.0409724289	-0.0698711689	0.0566948031	0.1397339483	-0.0272170238	0.0992472011	-0.0806851323	-0.1387953558	0.1144353725	-0.0396124179	0.0699388042	0.0049836975	0.0340694985	-0.1950329461	0.0224287961	0.0695679604	0.0167934515	0.0099788507	-0.0813634409	0.0869465845	-0.0896606644	0.0660699502	-0.1601201122	0.1104448579	0.0561459025	-0.0940154565	0.0629212211	0.1032945237	-0.1470663494	-0.1163217086	0.1075768842	0.06259449	0.0296937343	0.0755723969	-0.0794490053	0.0295896112	0.0317316538	0.0	0.0	0.0	0.0	-0.2614910388064544	0.0109740057758926	0.0001204288027693	0.0683775633760786	1.4491595347192714	-0.0292690498225027	0.0008566772775121	2.100063357067776	1.2117448030106033	0.2967582192586349	1.4683254676232058	0.088065440697556	0.0224305305580292	0.003599562125932	1.295684749844411e-05	0.0005031287011146	-0.0090868392387677	-0.0014135705958102	8.257064735120834e-05	1.998181829339486e-06	0.0063763652971158	-0.0001105922089401	4.065803440226266e-05	1.2230636678250757e-08	0.0	0.0	0.0	0.0	0.0	0.0	0.0	0.0	0.0	0.0	0.0	0.0	0.0	0.0	0.0	0.0	0.0	0.0	0.0	0.0	0.0	0.0	0.0	0.0	0.0	0.0	0.0	0.0	0.0	0.0	0.0	0.0	0.0	0.0	0.0	1.0	0.0	0.0	0.0	0.0	0.0	0.0	0.0	0.0	0.0	0.0	0.0	0.0	0.0	0.0	0.0	0.0	0.0	0.0
522.5197166551378	-1.849451896820256	273026.8542933655	3.4204723186520414	743.4156554477555	7.656852863516065	552666.836764816	58.62739577353416	610.9612487007108	-0.3850850117564732	0.1482904662794831	373273.6474139319	619.0878978299019	445.4408638615169	1.458874	49.864735	0.9977437315157828	0.4684239698081786	0.1118478003	0.0970763174	0.2360550913	-0.0124668064	-0.2325020192	0.0830111317	-0.1509269679	0.0117884071	-0.0572532715	-0.2208690409	0.1892984741	-0.0546779823	0.0301955322	0.0129670231	0.197918321	0.0961996725	0.0786577921	-0.0030955827	-0.0114552616	-0.055417027	-0.0925271672	0.0781189518	0.029559942	0.0331923157	-0.02033857	-0.0722238378	-0.0525218044	0.0525481051	-0.1523231298	0.0323516726	0.0106586488	-0.1108949877	-0.0419731158	-0.0731601146	-0.0250902652	0.0043024142	0.04259247	0.0127306544	-0.0418515383	-0.0558690991	-0.0464982103	0.0031523221	0.0877643967	-0.0143746794	-0.1942341378	0.1389109434	-0.0273158137	-0.0548672318	-0.0466529318	-0.141975129	0.2360274267	0.0280812829	0.068570658	-0.1821250198	0.0515665472	0.1396986475	-0.0068781391	-0.0581292935	-0.0613609432	0.0069051937	-0.0208132051	-0.0775435256	0.0910874191	0.0637316845	0.0322510465	0.0620509139	0.0025020762	-0.0423828085	0.2288853261	0.0980697806	-0.0122848302	0.0435785356	0.0189847769	0.070127595	0.0765258979	0.0666775856	0.1502059972	-0.1168644378	0.032492927	-0.0078580643	0.0817098066	-0.2192298809	0.1570391268	0.1574416266	-0.2387333231	0.1051085188	-0.0764954801	-0.2045484524	-0.0307693655	0.0521731611	0.1085348839	0.0963262944	-0.1560501276	-0.1932840192	-0.1066451574	-0.1372082735	-0.0227450747	-0.1134727909	-0.0803285329	0.0324420332	0.0274320852	0.0	0.0	0.0	0.0	-0.1982299572337353	0.0632610815727191	0.0040019644417502	0.0392951159448885	1.6660363435210144	0.2168768088017429	0.0470355501960277	2.7756770979328715	1.520963326465349	0.3092185234547457	2.31332944045254	0.0956160952475331	0.0293868968176438	0.0069563662596145	4.839103153790441e-05	0.0008635897045708	-0.0098344092206041	-0.0007475699818364	9.671560471830294e-05	5.58860877742876e-07	0.0068401754093963	0.0004638101122805	4.678799963130984e-05	2.1511982025365026e-07	0.0	0.0	0.0	0.0	0.0	0.0	0.0	0.0	0.0	0.0	0.0	0.0	0.0	0.0	0.0	0.0	0.0	0.0	0.0	0.0	0.0	0.0	0.0	0.0	0.0	0.0	0.0	0.0	0.0	0.0	0.0	0.0	0.0	0.0	0.0	0.0	1.0	0.0	0.0	0.0	0.0	0.0	0.0	0.0	0.0	0.0	0.0	0.0	0.0	0.0	0.0	0.0	0.0	0.0
527.6261836025283	5.106466947390459	278389.38962296885	26.07600468479123	736.2209593977246	-7.194696050030871	542021.3010565061	51.76365125232981	605.5690145860925	-5.392234114618304	29.07618874685345	366713.8314267711	614.7783617980498	494.5362688101334	1.651189	56.438133	1.2658261620453182	0.790444176315306	0.2024815648	-0.0442820257	0.0510119457	0.0274691073	-0.1323170275	-0.0621319048	-0.1885525361	0.1578988388	0.0392055745	-0.1888156663	0.0138913458	0.0478985444	0.1998595105	-0.087394087	0.116288797	-0.0237771013	-0.0814840348	-0.0127224694	0.0127917369	-0.0870970873	0.069484254	0.0548976733	0.0356853345	0.034759584	-0.0096757311	0.0293754937	0.0061505655	-0.0694497262	0.0073379218	-0.0499245016	0.0156969699	0.0376073948	0.0815559936	0.0061974468	-0.0443365154	-0.0471094292	-0.0273427028	0.0520273273	-0.0807517243	-0.0085889848	-0.0617120392	0.0542741062	0.0964000248	0.0720229147	-0.1786208488	0.0800187895	0.0941442217	-0.1927810065	-0.0750927339	-0.0394139211	0.0093714557	0.0873476788	0.1044798679	0.0893898493	0.0225594736	-0.0079888122	-0.0264841685	0.1316930453	-0.0203348249	-0.0310962862	-0.0467437009	0.1269681633	-0.0293936754	-0.0139907924	0.06862028	-0.0938101095	0.0268655322	-0.1025945817	-0.0127071226	0.0479461302	0.0209508088	0.0558221024	0.0468419257	0.0904930023	0.1329890997	0.1710589728	0.10295818	0.0120595006	0.0366347132	0.1258042347	-0.0418715031	-0.3064884837	0.1004790126	0.0173627527	0.1889815454	-0.0321736366	-0.1290107885	-0.1795230017	0.0951775301	0.0007231023	-0.0552738813	-0.0647370738	0.0234502146	0.0656950841	-0.0665535876	-0.0090230082	0.1141834206	-0.0604072927	-0.0811893783	0.0352642766	0.0230751061	0.0	0.0	0.0	0.0	-0.1285689096255993	0.0696610476081359	0.0048526615538629	0.0165299645223155	1.915789423748123	0.2497530802271086	0.0623766010829285	3.670249116145165	1.9410239100074875	0.4200605835421385	3.767573819220755	0.1764508938457619	0.0192719879079366	-0.0101149089097072	0.0001023113822516	0.0003714095179236	-0.0098944445318249	-6.0035311220800816e-05	9.790003259335967e-05	3.6042385933784125e-09	0.007192260201827	0.0003520847924306	5.172860681078456e-05	1.239637010609691e-07	0.0	0.0	0.0	0.0	0.0	0.0	0.0	0.0	0.0	0.0	0.0	0.0	0.0	0.0	0.0	0.0	0.0	0.0	0.0	0.0	0.0	0.0	0.0	0.0	0.0	0.0	0.0	0.0	0.0	0.0	0.0	0.0	0.0	0.0	0.0	0.0	0.0	1.0	0.0	0.0	0.0	0.0	0.0	0.0	0.0	0.0	0.0	0.0	0.0	0.0	0.0	0.0	0.0	0.0
525.517546973423	-2.1086366291052627	276168.69217696384	4.446348433604405	733.4653078079224	-2.7556515898022558	537971.3577577703	7.593615684379698	606.7096612627414	1.1406466766488847	1.3010748409501454	368096.6130695504	617.3440188300341	472.15118224411503	1.435002	49.048782	1.2508183374678612	0.8002758363755924	0.0965762394	0.0583482725	-0.0265006913	0.0699127519	-0.017119331	-0.0950742235	-0.022994198	0.0375272648	0.0148686783	-0.0746231232	0.0476870249	0.0127730028	0.0445259545	0.0304798072	0.053152818	-0.007797519	-0.0508762159	0.0337223769	0.008613925	-0.0119186588	0.1179584506	0.036240186	-0.0673587726	0.071073635	-0.0213051159	0.0362038181	-0.1082553073	0.0108563608	-0.020289235	-0.0033981112	-0.0351637969	-0.0411265889	-0.0352076953	-0.077949677	0.0461332095	-0.0529447749	0.0225148341	-0.076420302	0.0445004096	0.0113595499	-0.014761743	-0.0994922908	-0.0517188096	0.045839731	-0.0664711184	0.0706516258	-0.0192661486	-0.0133598181	-0.0172051502	0.0045457438	-0.1539884551	-0.0090566376	0.1290200725	0.1023605565	0.0831097903	0.0172043843	0.0460788441	-0.0735563584	-0.1386414211	0.0653619859	-0.05940593	-0.0447898227	0.0826804147	0.0369776678	-0.0457308091	0.0138613248	0.0531975843	0.0533066462	0.0561445834	-0.0224735822	-0.04267852	-0.0772458261	-0.0308728762	-0.0223317646	0.1145474733	0.0376138884	-0.0296398777	-0.0590887764	0.0791462383	0.0270138283	-0.0276991083	-0.0468248586	0.0014085404	0.0018498513	0.0992111765	0.0475083738	-0.0774065271	0.0938541067	0.0922309295	-0.014519437	-0.1134529558	0.0046563515	-0.0258221417	-0.0083810002	0.0353637247	-0.0766243551	-0.0252578791	-0.0921228531	-0.0820313413	0.038053716	0.018669835	0.0	0.0	0.0	0.0	-0.1003250493957637	0.0282438602298356	0.0007977156406824	0.0100651155362624	1.5913097382504873	-0.3244796854976357	0.1052870663006445	2.5322666830508345	1.254162095640453	-0.6868618143670346	1.5729225621412526	0.4717791520355747	0.0220978579384079	0.0028258700304713	7.985541429115867e-06	0.000488315325466	-0.0087299244975518	0.0011645200342731	7.621158173295505e-05	1.356106910223423e-06	0.0069579907191043	-0.0002342694827226	4.841363484714158e-05	5.488219053516143e-08	0.0	0.0	0.0	0.0	0.0	0.0	0.0	0.0	0.0	0.0	0.0	0.0	0.0	0.0	0.0	0.0	0.0	0.0	0.0	0.0	0.0	0.0	0.0	0.0	0.0	0.0	0.0	0.0	0.0	0.0	0.0	0.0	0.0	0.0	0.0	0.0	0.0	0.0	1.0	0.0	0.0	0.0	0.0	0.0	0.0	0.0	0.0	0.0	0.0	0.0	0.0	0.0	0.0	0.0
524.2222581983303	-1.295288775092672	274808.97599055694	1.6777730108810749	728.7027735403606	-4.7625342675618185	531007.732165414	22.68173264970059	607.5722742694642	0.8626130067227678	0.7441011993672938	369144.068460969	617.2681231735344	475.7579823561348	0.901072	30.798901	0.2245549414384635	0.1152546603401003	0.1123874872	0.0424233528	-0.0211135893	0.0809750328	-0.0275288524	-0.0898319712	-0.0343065387	-0.0065870135	-0.0034029533	-0.1049441804	0.089015714	0.0714868451	0.0445694212	0.0365694102	0.0396595012	-0.0564985067	-0.0072036869	0.0582325746	0.1009846255	0.0159712408	0.0456004587	0.0197180454	-0.0050809947	-0.0474902688	-0.0145614571	-0.0468417186	-0.0663240222	0.0325895766	-0.0533470742	-0.0595104871	0.0324233831	0.1004926036	-0.0397745522	-0.0297703769	0.0428710638	-0.025671981	-0.1061080053	0.0168426079	0.0037356329	-0.0575608776	0.0026317365	0.0212863758	-0.0090487214	0.0297448697	-0.0804352945	0.0902668422	-0.0686899766	-0.0414230032	-0.0540107862	0.0444310467	-0.0336475719	0.1300361993	0.0919849726	0.0303086344	-0.0021436194	-0.0009889403	0.0679471309	-0.0124667018	-0.0278444637	0.0403496164	0.0210855319	0.0064298963	0.0295330765	0.0327586226	-0.0419980294	-0.0382707653	0.0547067786	-0.0689575726	0.0375641764	-0.0273167549	-0.0455145343	-0.0539995755	-0.0882726217	0.0083275069	0.1167608281	0.0437965722	-0.0231852201	-0.0557507747	0.0869601766	0.0507661325	-0.0534869166	-0.1167477414	0.0429680853	0.0301501291	-0.0011348758	0.0503024579	0.0385155388	0.0261626707	0.0042515186	-0.0641282871	0.0118268313	-0.0111896073	0.042289317	-0.0523378925	0.0290016922	-0.0408075166	-0.0043688436	-0.0133636622	-0.0828542262	0.0408077566	0.0142254913	0.0	0.0	0.0	0.0	-0.1094290274534159	-0.0091039780576522	8.288241647421274e-05	0.0119747120494004	1.6968441243456596	0.1055343860951723	0.0111375066484848	2.879279982326388	1.272043318655932	0.017881223015479	1.6180942045371969	0.0003197381365292	0.0230679262444176	0.0009700683060097	9.410325183245312e-07	0.0005321292212178	-0.0088813811521957	-0.0001514566546438	7.8878931170577e-05	2.2939118235921393e-08	0.0076771728438539	0.0007191821247496	5.893898287440778e-05	5.172229285593493e-07	0.0	0.0	0.0	0.0	0.0	0.0	0.0	0.0	0.0	0.0	0.0	0.0	0.0	0.0	0.0	0.0	0.0	0.0	0.0	0.0	0.0	0.0	0.0	0.0	0.0	0.0	0.0	0.0	0.0	0.0	0.0	0.0	0.0	0.0	0.0	0.0	0.0	0.0	0.0	0.0	0.0	0.0	0.0	0.0	0.0	0.0	0.0	0.0	0.0	0.0	0.0	0.0	0.0	0.0
523.4273011047884	-0.7949570935419388	273976.1395418428	0.6319567805726468	727.8814542378698	-0.8213193024907923	529811.4114234361	0.6745653966439616	605.665442863759	-1.9068314057051337	3.636006009783417	366830.6286793534	615.8589230644972	471.8789601458727	0.780853	26.689806	0.1289576391601103	0.0584327375274972	0.0930446125	0.057494371	-0.0083691772	0.1053421743	-0.0433999056	-0.0832391953	-0.0314858221	-0.005257991	0.0452703026	-0.0915707733	0.0383492999	-0.0038940721	-0.0086185639	-0.009697996	0.0470886394	0.0388199191	-0.0402655598	-0.0109400691	-0.049976107	-0.0160811348	0.0691468794	-0.0162603579	-0.0343878192	0.0329740697	-0.1034542541	-0.0112984192	-0.08332811	-0.064792468	0.0013006988	-0.0274887393	-0.0605209221	0.0370650865	0.0181277454	-0.0187154943	-0.0994432525	0.0079088464	0.1727779231	-0.0093400094	0.05998241	-0.0360326964	0.0742233706	-0.046624364	-0.0125540297	0.0641462816	-0.0674826716	0.0688697032	-0.0221256684	-0.0046762318	0.0236792684	-0.0079280671	-0.0176308512	0.0071095073	0.0466877672	0.0760184334	0.0633458182	0.0146318351	-0.0083951541	-0.042703985	-0.0887474252	0.0498237226	0.0340198351	0.0475741319	0.0416088286	0.0221370616	-0.0221771363	-0.0004631559	0.0689286477	0.1044238661	0.043349789	-0.0116752837	-0.0019671428	0.1079140887	0.0262142381	-0.0656308224	0.1091739668	0.0393200603	-0.0270225707	-0.0485342889	0.0876925829	0.029558654	-0.0407986308	-0.0649213431	0.0267613329	0.0540505536	0.0632902093	0.0428729786	-0.0669489379	0.0717098982	0.0339351278	0.0104215121	-0.0767937795	0.0045121749	-0.0384268426	-0.0238654014	0.0658123664	0.0207530448	-0.0032635448	-0.0743911391	-0.0836578415	0.0435238364	0.0097513761	0.0	0.0	0.0	0.0	-0.0967171857853514	0.0127118416680644	0.0001615909185939	0.0093542140262381	1.6753384023482027	-0.0215057219974568	0.0004624960786318	2.8067587623826284	1.301993250279736	0.0299499316238041	1.695186423773991	0.0008969984042705	0.0223245947125059	-0.0007433315319116	5.525417663341925e-07	0.0004983875290776	-0.009131357147222	-0.0002499759950263	8.33816833501223e-05	6.248799808938899e-08	0.0079796681943316	0.0003024953504776	6.367510449162734e-05	9.150343706062636e-08	0.0	0.0	0.0	0.0	0.0	0.0	0.0	0.0	0.0	0.0	0.0	0.0	0.0	0.0	0.0	0.0	0.0	0.0	0.0	0.0	0.0	0.0	0.0	0.0	0.0	0.0	0.0	0.0	0.0	0.0	0.0	0.0	0.0	0.0	0.0	0.0	0.0	0.0	0.0	0.0	0.0	0.0	0.0	0.0	0.0	0.0	0.0	0.0	0.0	0.0	0.0	0.0	0.0	0.0
523.0436847084067	-0.3836163963817398	273574.69611334713	0.1471615395729121	729.0316296032497	1.150175365379937	531487.1169619699	1.3229033711268714	606.0026219576725	0.3371790939135053	0.1136897413723324	367239.1778195738	616.4920155001762	463.8672020399596	0.747455	25.548231	0.3205715661390004	0.168986662484281	0.0751791156	0.0905019854	-0.0066598614	0.0836956476	-0.006131221	-0.0373506932	-0.00643473	-0.0167222091	0.0386560008	-0.0857477605	0.0801985837	-0.0147281956	-0.0500807212	0.075425477	0.0649004404	0.0140598487	0.0395354534	-0.0776622733	0.0494545617	-0.0071549313	-0.0372325989	0.0365308518	0.0716685878	-0.002285849	-0.0130331326	-0.010949764	0.0644836625	0.0479229002	-0.0414857689	-0.0165707827	0.0438378302	-0.0137220163	-0.0321069348	-0.039593131	-0.0178366082	-0.0006187428	0.0974784441	-0.100947134	0.0473640191	0.1063644212	-0.1317980195	-0.0040963459	0.0248014239	0.0602319454	-0.0638198761	0.0750097603	-0.0507711469	0.0469464986	-0.0068793643	-0.063355948	-0.0564833964	-0.0026269149	0.0633380248	-0.0326983662	0.0664453204	0.0201163329	-0.086375446	-0.0624017894	-0.1113379007	0.0839755715	0.0071917083	0.0069975883	0.0420095621	-0.0142369768	0.0148184742	0.0365167974	-0.0708877914	-0.0291544538	0.1060057476	-0.0378340515	0.0722082798	-0.0426645053	-0.0605264518	0.0823564744	0.0988930803	0.0155209519	-0.0384390141	-0.0496799627	0.071321208	-0.023410743	-0.0040862478	-0.0552439961	0.0346770302	0.0825571402	0.0204332858	0.0400768365	0.0185237042	0.0337588261	0.0306106653	-0.0197122038	-0.0023281696	0.0096145132	-0.0174222152	-0.0120500972	0.0036956883	-0.0352301833	-0.0189621016	-0.0700645192	-0.0844420004	0.046199429	0.0052568531	0.0	0.0	0.0	0.0	-0.0848090384384079	0.0119081473469435	0.0001418039732365	0.0071925730008473	1.565590209478799	-0.1097481928694037	0.0120446658380998	2.45107270401587	1.2288635232737877	-0.0731297270059483	1.510105558832867	0.0053479569719645	0.0237219425513878	0.0013973478388818	1.952580982827911e-06	0.0005627305584113	-0.0082702886739469	0.000861068473275	6.839767475041439e-05	7.414389156683103e-07	0.0077223745281545	-0.0002572936661771	5.963506835308944e-05	6.620003065485299e-08	0.0	0.0	0.0	0.0	0.0	0.0	0.0	0.0	0.0	0.0	0.0	0.0	0.0	0.0	0.0	0.0	0.0	0.0	0.0	0.0	0.0	0.0	0.0	0.0	0.0	0.0	0.0	0.0	0.0	0.0	0.0	0.0	0.0	0.0	0.0	0.0	0.0	0.0	0.0	0.0	0.0	0.0	0.0	0.0	0.0	0.0	0.0	0.0	0.0	0.0	0.0	0.0	0.0	0.0
524.4979435397324	1.4542588313257738	275098.0927774084	2.1148687484890054	731.2812908990043	2.249661295754549	534772.3264189141	5.060975945616038	604.7001432492498	-1.3024787084227682	1.6964507858946425	365662.2632456632	615.206714555554	466.849584947051	0.806296	27.559443	0.4022291922104262	0.2437341785345921	0.0262828974	0.0663033537	-0.0078169362	0.054523267	-0.0401309882	-0.0499878263	0.0767785254	-0.0483595978	0.0497187046	-0.0080562576	-0.0525392398	0.0256782061	0.0012052494	0.0303649401	-0.0057751836	-0.0326366033	-0.1169672581	0.0782972721	-0.0421173692	-0.0283216376	-0.1050692819	-0.0902697517	-0.0409675641	0.025153467	-0.0448025118	0.0100003544	-0.0415928656	0.0392990577	-0.0315906163	-0.0850737291	-0.0057315196	-0.1023512017	-0.0378122334	-0.0259842099	-0.0348976042	-0.0768296524	0.0667007146	0.0070720263	-0.0582176758	-0.0427667138	0.0326844873	-0.0175054882	-0.0326175651	0.0621929977	-0.0027769355	-0.0597965683	-0.012009615	0.051568031	-0.0014516224	0.0977329159	-0.0466130404	-0.0232963571	0.144972191	-0.0176902324	0.0537025345	-0.0221900938	0.0141926289	0.0185184091	-0.0573052618	-0.0474471718	0.0371389182	-0.0393174764	-0.0289131512	-0.0169468853	0.0246712681	-0.0965432394	-0.0259311161	0.073997564	0.1116332062	0.0476513158	0.0086150272	-0.0217456771	0.0349165114	-0.0395488223	0.0678201787	-0.0403614947	-0.0818984242	-0.0641272242	0.0503189361	-0.0552774274	0.0080530154	0.030972434	-0.0072117163	0.0422425702	0.0646798836	-0.0005425869	-0.0494525096	0.071441821	0.0434151389	-0.0271344253	-0.0447108823	0.0168765554	-0.0526559673	0.0122962053	0.039413294	-0.0215481097	-0.0058984581	-0.0619165952	-0.0852065205	0.0488320453	0.0007513285	0.0	0.0	0.0	0.0	-0.0675405200762355	0.0172685183621724	0.0002982017264246	0.0045617218521683	1.4863046942645326	-0.0792855152142664	0.0062861929227916	2.2091016441927858	0.9961837237320452	-0.2326797995417424	0.9923820114286438	0.0541398891147854	0.022536937573608	-0.0011850049777797	1.4042367973628996e-06	0.0005079135551967	-0.0082370581582367	3.323051571020065e-05	6.784912710217378e-05	1.1042671743658923e-09	0.0079640462165094	0.0002416716883548	6.342603213869768e-05	5.840520495230777e-08	0.0	0.0	0.0	0.0	0.0	0.0	0.0	0.0	0.0	0.0	0.0	0.0	0.0	0.0	0.0	0.0	0.0	0.0	0.0	0.0	0.0	0.0	0.0	0.0	0.0	0.0	0.0	0.0	0.0	0.0	0.0	0.0	0.0	0.0	0.0	0.0	0.0	0.0	0.0	0.0	0.0	0.0	0.0	0.0	0.0	0.0	0.0	0.0	0.0	0.0	0.0	0.0	0.0	0.0
525.498140634353	1.000197094620603	276148.29581016226	1.0003942280874951	731.2855535302843	0.0042626312800848	534778.5608020944	1.81700254299579e-05	604.8629357333858	0.1627924841360482	0.0265013928911855	365859.17102401005	615.9053709101856	465.8586165042199	0.731654	25.00816	0.3429699182723145	0.2013841430811223	-0.0054589649	0.0593580761	0.008339589	0.0325088563	-0.0203914298	-0.0243809862	0.154641891	-0.0436201647	0.0390995504	0.0149821661	-0.0667875455	0.018991578	-0.0563031724	0.0611050738	0.0135237887	-0.0752078527	-0.0199370572	-0.0405216111	0.0119635	0.0769655038	0.0201825314	0.0038154113	0.0434254675	0.0148188527	-0.1232359969	0.0677004104	-0.0971833088	-0.0595001702	0.0247676088	0.0090490057	0.0091713469	0.0124865786	-0.0579862906	-0.0430012461	-0.0308829669	-0.0686405384	-0.0430579387	0.0977983957	0.0242596725	0.0650811803	0.0597268598	-0.0102961065	-0.0190774881	0.0433472733	0.013345588	-0.0709109643	-0.0286304047	0.0843191998	-0.028178978	0.0484370576	-0.0858700899	0.0015781465	0.0867100132	-0.0005583046	-0.0253755486	0.0645122034	-0.011022808	-0.0709646436	-0.0544380271	0.0642772884	-0.0351559466	-0.0096680961	0.0336341138	-0.1195848811	0.061455607	0.0156692551	-0.0383637368	0.0456629541	-0.0098637626	-0.0403087821	-0.0033555827	-0.0317468305	0.0050171232	-0.1042507384	0.0351240679	-0.0772328722	-0.0943295246	-0.0761671074	0.0076911969	-0.0915058135	0.0555750491	0.0282142909	-0.0003910079	0.025406409	-0.0145545772	0.0319490897	0.0237466208	-0.0063519916	0.0434600506	-0.0495070794	0.0110215923	0.0540124687	-0.0233980364	-0.0086820922	0.0381202892	-0.0460944794	-0.0607374581	0.0025724561	-0.0859512239	0.0514192365	-0.0037557686	0.0	0.0	0.0	0.0	-0.074565053405962	-0.0070245333297265	4.9344068500438605e-05	0.0055599471894339	1.3228245243789445	-0.1634801698855881	0.0267257659458207	1.7498647222983807	0.9062923817466952	-0.0898913419853499	0.8213658812120975	0.0080804533639271	0.0233688804804017	0.0008319429067936	6.921290001643474e-07	0.0005461045749072	-0.007586174153968	0.0006508840042687	5.75500382943321e-05	4.236499870128571e-07	0.0077953956661388	-0.0001686505503706	6.0768193591655576e-05	2.8443008140306294e-08	0.0	0.0	0.0	0.0	0.0	0.0	0.0	0.0	0.0	0.0	0.0	0.0	0.0	0.0	0.0	0.0	0.0	0.0	0.0	0.0	0.0	0.0	0.0	0.0	0.0	0.0	0.0	0.0	0.0	0.0	0.0	0.0	0.0	0.0	0.0	0.0	0.0	0.0	0.0	0.0	0.0	0.0	0.0	0.0	0.0	0.0	0.0	0.0	0.0	0.0	0.0	0.0	0.0	0.0
525.6244948318412	0.1263541974881263	276281.10956722824	0.0159653832228684	734.3702586872237	3.0847051569393216	539299.6768443398	9.515405905248045	603.6481211911967	-1.214814542189174	1.4757743719142926	364391.0542176616	615.0725920024671	464.875605378978	0.656291	22.432226	0.2104810751660543	0.1616586649506028	-0.0517449123	0.0421813348	-0.002200961	0.0008974676	-0.0026090289	-0.023522984	0.1601988004	-0.011843178	0.0653334249	0.0646997052	-0.0741915638	0.0451966016	-0.0342986297	0.0682852222	0.0225877827	-0.0587135665	0.0723860198	0.0942770878	-0.0637701983	0.0112496635	0.0034920896	-0.0086775062	0.0045497067	-0.0688007462	0.063464526	0.0517470706	-0.0119300259	0.1180456436	0.1037184212	-0.0439410835	-0.0718319277	0.0104557092	0.0263927963	-0.0670081965	0.0027658577	0.0946757727	-0.0122412901	0.0104182047	-0.0655664253	-0.0170582234	-0.0797925487	0.1625575925	0.0880446037	0.0532364107	0.0557442214	-0.1158919375	-0.0443997579	0.0646467262	-0.0686463029	-0.0152700814	-0.0996100437	-0.025823852	0.0414548876	-0.0496607923	-0.0125027259	0.1004777887	0.0014644367	0.0061563416	0.0483964887	0.0668134095	-0.0204768618	-0.0973366043	-0.0643889064	-0.0500523164	0.0135241499	-0.1453727393	-0.0224839919	-0.0220390412	-0.0488355093	0.0135452437	-0.0582147008	-0.0099732204	0.111860851	0.0445062162	0.0057441378	-0.1059944358	-0.1093439156	-0.0788694815	-0.0137360201	-0.0944623305	0.0524837851	0.0454692268	0.0098281343	-0.0181138946	-0.0031555399	0.0008167503	0.0137029251	-0.0238895934	0.033244683	-0.0269036867	-0.0239036654	0.0734165491	-0.0238520691	0.018812694	0.05568867	-0.0623168194	-0.0665496567	-0.0276241929	-0.0866759375	0.0539585958	-0.0082550055	0.0	0.0	0.0	0.0	-0.0577255658050575	0.0168394876009045	0.000283568342661	0.003332240947514	1.31223030500081	-0.0105942193781345	0.000112237484232	1.7219483733625187	0.747099577183505	-0.1591928045631903	0.5581577782277719	0.0253423490246941	0.0234066431008584	3.776262045670012e-05	1.4260155037567864e-09	0.0005478709412509	-0.0080103895130017	-0.0004242153590336	6.416634015000762e-05	1.7995867084009085e-07	0.0078105089591249	1.5113292986100415e-05	6.100405020057033e-05	2.2841162488371207e-10	0.0	0.0	0.0	0.0	0.0	0.0	0.0	0.0	0.0	0.0	0.0	0.0	0.0	0.0	0.0	0.0	0.0	0.0	0.0	0.0	0.0	0.0	0.0	0.0	0.0	0.0	0.0	0.0	0.0	0.0	0.0	0.0	0.0	0.0	0.0	0.0	0.0	0.0	0.0	0.0	0.0	0.0	0.0	0.0	0.0	0.0	0.0	0.0	0.0	0.0	0.0	0.0	0.0	0.0
526.1530886467322	0.5285938148909963	276837.072692496	0.2794114211410169	733.9631872585842	-0.4070714286394832	538701.9602507795	0.1657071480145898	604.5359897204223	0.8878685292256705	0.7883105251893553	365463.76286725054	615.4335765408395	471.9763443840137	0.625751	21.388355	0.0336428544401866	0.0195238674549038	-0.0482610705	0.0246678232	-0.0423182297	0.0054605632	0.0144696628	-0.0559761696	0.147919953	-0.038139667	0.0445589358	0.07202618	-0.0420309213	0.0744190736	-0.0818717337	0.0680917348	0.0843149874	0.0202497114	0.0166639441	0.0946291317	0.0670344204	-0.0492219625	0.0598047883	-0.076192402	0.0304785419	-0.0189659813	-0.0579830219	-0.0090046108	-0.0970688866	-0.0416554717	-0.0204078812	0.0401723363	-0.0605151063	-0.018818378	-0.1186492584	-0.0656327656	0.0551803258	-0.0542884292	-0.0170211924	-0.0104757149	-0.0266661555	0.0096558456	0.0010826253	0.0907968055	-0.0370401159	0.0438972488	0.0718753885	-0.1065159816	-0.0934832409	0.0527678799	-0.0286402603	-0.0290622437	-0.0675693946	0.0285424227	0.0427548997	0.0008066854	0.0610950844	0.1097975059	0.0113911633	-0.0558870006	0.0203761471	-0.002363568	-0.0193886395	0.0720238647	0.0378809525	-0.0201368376	-0.070342013	-0.0087671756	0.0394856981	-0.0970457732	0.0655001484	0.0088663604	-0.0706827113	-0.0623874918	0.0230029664	-0.0166618347	-0.0034340784	-0.112591139	-0.1192916456	-0.0739560947	-0.0133259072	-0.0913111487	0.0413004235	0.0321001955	0.0079488264	-0.0165837982	-0.0208235629	-0.0050905562	0.078134159	-0.0346588128	0.0328793888	-0.0028201175	-0.0082837389	0.079085449	0.013696782	0.0185347535	0.0512309006	0.0007164015	-0.0720196046	0.0059351085	-0.0873804928	0.0564477611	-0.0127369662	0.0	0.0	0.0	0.0	-0.0576665307170998	5.903508795770257e-05	3.485141610173679e-09	0.0033254287649462	1.3007887072760551	-0.0114415977247548	0.0001309101584951	1.6920512609769105	0.7308475618553558	-0.0162520153281491	0.5341381586699182	0.0002641280022263	0.0233111462288846	-9.54968719737992e-05	9.119652556780194e-09	0.0005434095385044	-0.0080204348409638	-1.0045327962100378e-05	6.432737503814602e-05	1.0090861386615572e-10	0.0077982470330743	-1.2261926050600308e-05	6.081265678885212e-05	1.5035483047039046e-10	0.0	0.0	0.0	0.0	0.0	0.0	0.0	0.0	0.0	0.0	0.0	0.0	0.0	0.0	0.0	0.0	0.0	0.0	0.0	0.0	0.0	0.0	0.0	0.0	0.0	0.0	0.0	0.0	0.0	0.0	0.0	0.0	0.0	0.0	0.0	0.0	0.0	0.0	0.0	0.0	0.0	0.0	0.0	0.0	0.0	0.0	0.0	0.0	0.0	0.0	0.0	0.0	0.0	0.0
525.8008773926493	-0.3522112540828175	276466.56266687985	0.124052767502591	735.3869792529515	1.4237919943673203	540794.009254781	2.027183643224472	603.9061224286648	-0.6298672917574777	0.3967328052258995	364702.6047068255	615.2530733266271	469.7998080376129	0.632507	21.619272	0.1099242427415178	0.0613252014180564	-0.0604378851	0.0319930246	-0.042257843	-0.0012250046	0.0241017764	-0.0720114426	0.1298896921	-0.0423847991	0.0517047516	0.0968566237	0.009170384	-0.0019365667	-0.018976144	0.1179375353	0.0238803948	0.0007011297	0.1216981856	0.0271105473	-0.0231130609	-0.0620752128	-0.0008969421	0.0667256179	-0.069458025	0.0293956689	-0.0617092607	-0.0957599148	-0.0012948126	0.1257464233	0.0985276188	0.0292570101	0.0216573644	-0.002772346	0.1192059802	-0.0447296299	-0.0491878516	0.0019722998	-0.0309033048	-0.1212382799	-0.0692685743	0.0567986377	-0.0203835198	-0.0438120871	-0.0255037587	0.0471468532	0.0902042063	-0.0452839795	-0.0755734652	0.0675332499	-0.0594871214	-0.0988850416	-0.0354420759	0.032476608	-0.0108998235	-0.0213419779	0.0132033023	0.0386577909	0.0324054703	0.0050982819	-0.0184693553	0.0778290848	0.0654726958	-0.0523784208	0.0407056995	0.1014748652	0.0510361404	-0.0112596846	0.0434137064	0.0218090395	-0.0023622442	0.0328528602	-0.0751929287	0.0033261242	0.0194210801	0.1698230014	-0.0036846239	-0.1072193154	-0.1178635324	-0.0712042931	-0.0217853394	-0.0944762298	0.0577381062	0.043287409	0.0209200104	-0.0300968466	-0.0024767363	0.0027334278	0.0478137272	-0.0293233932	0.0519036757	0.0253113433	-0.0478530213	0.0697144778	-0.0148468033	0.0111538903	0.0329483161	-0.014111212	-0.0788831392	-0.0458674424	-0.0880647258	0.0588844168	-0.0171922707	0.0	0.0	0.0	0.0	-0.0572117427810638	0.0004547879360359	2.06832066763882e-07	0.0032731835120466	1.3238000290575656	0.0230113217815104	0.0005295209301322	1.7524465169328114	0.7492302601000773	0.0183826982447214	0.5613459826496295	0.0003379235947564	0.0244673150821734	0.0011561688532887	1.3367264173151382e-06	0.0005986495073303	-0.0081050290371711	-8.459419620729901e-05	6.569149569338668e-05	7.1561780319590024e-09	0.0076775013869854	-0.0001207456460888	5.894402754716274e-05	1.45795110494258e-08	0.0	0.0	0.0	0.0	0.0	0.0	0.0	0.0	0.0	0.0	0.0	0.0	0.0	0.0	0.0	0.0	0.0	0.0	0.0	0.0	0.0	0.0	0.0	0.0	0.0	0.0	0.0	0.0	0.0	0.0	0.0	0.0	0.0	0.0	0.0	0.0	0.0	0.0	0.0	0.0	0.0	0.0	0.0	0.0	0.0	0.0	0.0	0.0	0.0	0.0	0.0	0.0	0.0	0.0
525.2061711247402	-0.5947062679091459	275841.52218750987	0.3536755450904248	735.1781715137618	-0.2088077391897513	540486.9438703181	0.0436006719455352	604.4346030566826	0.5284806280177463	0.2792917741900315	365341.1893722895	615.6248560396352	470.73038226991446	0.628729	21.490135	0.0840290061385414	0.0455034362195867	-0.0513203918	0.0313565948	-0.0396668575	0.007961738	0.0281494757	-0.0622982114	0.1444469307	-0.0630664295	0.0394200621	0.1042962821	0.0081116841	0.0590826489	-0.0812539383	0.0911264779	0.0265455438	-0.0129373915	0.0698798351	0.0518147844	0.1275372057	-0.0400551477	-0.0002247095	-0.0522505516	0.0056038644	-0.0226273904	-0.029341831	-0.0535627062	0.0453753246	0.0588656228	-0.0663241715	0.0328941413	-0.0358214733	0.085827538	0.0678386662	0.0228707954	-0.0382797433	-0.0703035805	-0.11725713	-0.1133952815	0.0729725918	-0.025311982	0.0405943253	-0.1619544568	-0.0096119372	0.0361032708	0.0956087226	-0.0723089092	-0.1037685339	0.0733841962	-0.0394802852	-0.0448495338	-0.0184021765	0.0616179939	-0.00378374	-0.0877168312	0.0087388769	0.0081078887	0.0433044193	-0.0312153813	0.0337190876	-0.05146659	-0.0132724456	0.0227015995	0.0453123604	0.0605274494	-0.015091335	0.0397537891	0.0246442496	-0.0025529488	0.045812609	-0.0724579426	0.0120526533	0.002024035	0.004568037	0.1270363821	0.0040768331	-0.1101955336	-0.1178878606	-0.0672841989	-0.0135666591	-0.0835954611	0.0556161169	0.0255840734	0.0104322852	-0.0105820346	-0.0416398268	0.0116876296	0.1056938669	-0.0400811335	0.0166582803	-0.0153232285	0.0174186577	0.0369190732	0.0437993962	0.035704032	0.0849750232	-0.0204450281	-0.0584546209	0.0049322721	-0.0887284774	0.0612662963	-0.0216115948	0.0	0.0	0.0	0.0	-0.0538077842357864	0.0034039585452773	1.1586933777967022e-05	0.0028952776443649	1.3129504996063304	-0.0108495294512351	0.0001177122893132	1.7238390144165123	0.7871799948551512	0.0379497347550739	0.6196523443001559	0.0014401823679804	0.0242752333670537	-0.0001920817151196	3.689538528332549e-08	0.0005892869550249	-0.007754045615929	0.000350983421242	6.012522341390774e-05	1.23189361986809e-07	0.0077709519183627	9.345053137729992e-05	6.0387693717504925e-05	8.733001814699721e-09	0.0	0.0	0.0	0.0	0.0	0.0	0.0	0.0	0.0	0.0	0.0	0.0	0.0	0.0	0.0	0.0	0.0	0.0	0.0	0.0	0.0	0.0	0.0	0.0	0.0	0.0	0.0	0.0	0.0	0.0	0.0	0.0	0.0	0.0	0.0	0.0	0.0	0.0	0.0	0.0	0.0	0.0	0.0	0.0	0.0	0.0	0.0	0.0	0.0	0.0	0.0	0.0	0.0	0.0
527.105296161814	1.899125037073759	277839.9932418336	3.606675906440406	737.2212244033814	2.0430528896196165	543495.1337108208	4.174065109783065	606.3821086965405	1.947505639857923	3.792778217278417	367699.2617472631	617.0176637577831	470.8708500826384	0.657737	22.481655	0.2516012142540787	0.1313148678745582	-0.0198947182	0.0313563934	-0.0328475048	0.0051653457	-0.0282848852	-0.0652298246	0.1210266739	-0.0670598158	0.0074530614	0.0559627096	-0.0259844263	0.0994794539	-0.1034605836	0.0288455769	-0.054291819	-0.0373090885	0.0191093074	-0.0218194154	0.018541696	-0.0074379895	-0.0069875055	-0.0201121312	0.0613758002	0.0558573213	-0.1035535566	-0.0497526557	0.0060804968	0.0423556865	-0.0513593988	0.0704293141	0.0070142663	-0.0255508838	-0.1015051149	-0.034577089	-0.0998073554	0.0048579623	0.0410078333	-0.0909052152	-0.0058376485	-0.0328667699	0.0355577897	0.0583981661	-0.0251875167	0.0108178355	0.0493319762	-0.0812191117	-0.1345903183	0.0466907719	0.0039172256	0.0601933666	0.0291188491	0.0229407432	0.0430162899	-0.1022899467	-0.0492374844	0.0438826857	0.0087359381	0.0302584965	-0.0455193113	0.0314597362	0.0069223551	0.091961554	0.0474952193	-0.0302571454	-0.0059824457	0.0584987407	-0.0109423324	-0.026798938	0.0324650909	-0.0308929041	0.0377348428	0.015605064	-0.0047765745	0.0412564708	0.0142385479	-0.0978277508	-0.1220274422	-0.0630844967	0.0127753984	-0.0495455782	0.0214208911	0.0225589247	-0.0285351628	-0.0335150033	-0.0552718837	-0.0150374231	0.0553397773	-0.0001282526	0.0426008306	-0.0260407129	-0.0315271716	0.0213798827	0.0407580475	-0.022318795	0.069638442	-0.0388233203	-0.0759091507	-0.0012975644	-0.0893715933	0.0635911839	-0.0259856898	0.0	0.0	0.0	0.0	-0.0824334635133254	-0.0286256792775389	0.0008194295141005	0.0067952759068027	1.4013503428115968	0.0883998432052663	0.0078145322787156	1.96378278329818	0.8328488256623245	0.0456688308071733	0.693637166407113	0.0020856421072942	0.0231113634850769	-0.0011638698819767	1.354593102172687e-06	0.0005341351221393	-0.0080988972561002	-0.0003448516401712	6.559213676486737e-05	1.1892265372876746e-07	0.0080403676154967	0.000269415697134	6.46475113923281e-05	7.258481786219928e-08	0.0	0.0	0.0	0.0	0.0	0.0	0.0	0.0	0.0	0.0	0.0	0.0	0.0	0.0	0.0	0.0	0.0	0.0	0.0	0.0	0.0	0.0	0.0	0.0	0.0	0.0	0.0	0.0	0.0	0.0	0.0	0.0	0.0	0.0	0.0	0.0	0.0	0.0	0.0	0.0	0.0	0.0	0.0	0.0	0.0	0.0	0.0	0.0	0.0	0.0	0.0	0.0	0.0	0.0
528.413593700842	1.3082975390279898	279220.92600783845	1.7116424506266943	740.2015230110713	2.9802986076899742	547898.2946679096	8.8821797909988	607.9218219544243	1.5397132578838182	2.370716916503201	369568.9416083868	618.4545871361754	475.13555533064	0.632267	21.611074	0.1451147941130811	0.0887074859190751	-0.0114144358	0.0204718045	-0.0416722182	-0.0183943633	-0.0281166873	-0.0512410659	0.101818762	-0.0708144527	-0.016106432	0.0146505458	-0.0126502308	0.0228941405	-0.1548256361	0.0332061578	-0.0145150913	-0.084385207	0.0059186909	0.0102108706	0.0181583483	-0.091238699	-0.0969187905	-0.0069165549	0.0503797896	0.0820396086	-0.0593731262	-0.0708956971	-0.0442535946	0.0086620765	-0.0198764727	-0.027425317	0.0143203325	-0.1280827217	-0.0970588812	0.0325339343	-0.1010298859	-0.0539095971	0.0493221882	0.0006760898	0.1327003656	-0.0402127355	-0.031890938	0.0630814592	-0.003604428	-0.0096557777	0.0170982511	-0.0720795038	-0.1118510342	0.0732039473	0.0558698721	-0.0056194288	0.0008656136	-0.0338806838	0.0343008792	-0.0786680146	-0.0298203158	0.0561939069	0.0088431374	0.036451692	-0.0775735332	-0.040685169	0.0097243988	0.0371858115	0.0920889606	0.0112824461	0.0023305632	0.0934601979	-0.1160161009	-0.0567891669	0.0906617561	0.0395060245	-0.0650691258	0.0195875819	-0.0241965833	-0.0292788648	0.0268700466	-0.1010378972	-0.1215820728	-0.0530346108	0.0118772087	-0.06492041	0.0013742683	0.0258159042	-0.0368968339	0.0345644806	-0.0373660086	-0.0437131566	0.0733609109	0.0030057232	0.021914168	0.0321054465	-0.0108431759	-0.0228802202	0.0179819697	-0.0017827673	0.0216688631	-0.0246990817	0.0181059946	0.0018040433	-0.089993924	0.0658569168	-0.0303054013	0.0	0.0	0.0	0.0	-0.0924159724155089	-0.0099825089021835	9.965048398217302e-05	0.0085407119575041	1.4056452902466674	0.0042949474350706	1.8446573470019867e-05	1.975838681992638	0.8582797695845414	0.0254309439222168	0.7366441628780935	0.0006467329087749	0.0216385926727423	-0.0014727708123346	2.1690538656647192e-06	0.0004682286928568	-0.0086038520102522	-0.0005049547541519	7.402626941432083e-05	2.549793037407065e-07	0.0081707699260823	0.0001304023105856	6.676148118497097e-05	1.7004762606063442e-08	0.0	0.0	0.0	0.0	0.0	0.0	0.0	0.0	0.0	0.0	0.0	0.0	0.0	0.0	0.0	0.0	0.0	0.0	0.0	0.0	0.0	0.0	0.0	0.0	0.0	0.0	0.0	0.0	0.0	0.0	0.0	0.0	0.0	0.0	0.0	0.0	0.0	0.0	0.0	0.0	0.0	0.0	0.0	0.0	0.0	0.0	0.0	0.0	0.0	0.0	0.0	0.0	0.0	0.0
528.6676740582518	0.2540803574098618	279489.509594162	0.0645568280215231	740.3868878330503	0.1853648219789647	548172.7436751098	0.0343601172272933	605.3651748460761	-2.556647108348216	6.536444436625293	366466.9949164203	616.9515434551956	476.3375529548596	0.622179	21.266254	0.1715068833211195	0.1240813839917405	-0.0259620922	0.0049967012	-0.0332783434	-0.0285136289	-0.0127502658	-0.0230479449	0.1184469481	-0.0652966695	0.030234653	0.0520483369	-0.1074453865	-0.0294817912	-0.1347710327	0.0691117535	-0.0600876826	0.0473412693	0.0452794299	-0.0111575992	-0.0760036308	-0.0100535504	-0.097914884	0.0831071517	0.1196745379	-0.0105554005	0.0035952717	-0.0244505289	-0.0812767031	-0.1197040595	0.0127085511	-0.0102657081	-0.0657152534	0.0097091897	-0.0425342306	0.0441266573	0.0103403295	0.1837676294	-0.1627035803	-0.0188016482	0.0478654942	-0.0139433205	-0.0964018085	0.0131337178	0.1434699708	0.0151927551	0.0452844322	-0.1368753667	-0.0362995533	0.1318746655	0.0668825837	-0.0041659914	0.0261243676	-0.0626402128	-0.0442530744	-0.0233378344	0.0431115088	0.0638232521	-0.0071865123	-0.0076273931	-0.0352160648	0.0507101835	0.1001319242	0.0102606237	-0.0557575248	-0.1428354334	0.0091477206	0.122682229	-0.0585430385	-0.1448707969	-0.0638371976	-0.0234554281	-0.1656427045	0.1142464823	-0.0258406459	-0.0173419281	0.0164200075	-0.0993529002	-0.1418405407	-0.05357358	-0.0159906411	-0.0836902235	0.0510813407	0.0522856911	-0.028940975	0.0255675928	-0.0103403755	-0.0321219809	0.0391325402	0.0043073473	0.0247089324	0.0697208889	-0.0155116706	0.0189718499	0.0033156159	0.0200296561	0.0135121197	-0.0416517575	0.016964817	-0.0027744989	-0.0905953245	0.0680613876	-0.0345616891	0.0	0.0	0.0	0.0	-0.0888728262175817	0.0035431461979271	1.2553884979885969e-05	0.0078983792399004	1.2922757906687965	-0.1133694995778709	0.0128526434345368	1.6699767191486632	0.8580681388069848	-0.0002116307775565	0.736280930835683	4.478758600920809e-08	0.0222800104678219	0.0006414177950795	4.1141678784477286e-07	0.0004963988664462	-0.0081701011763948	0.0004337508338573	6.675055323252771e-05	1.8813978587198974e-07	0.0081832534325006	1.2483506418298554e-05	6.696563674053284e-05	1.558379324957012e-10	0.0	0.0	0.0	0.0	0.0	0.0	0.0	0.0	0.0	0.0	0.0	0.0	0.0	0.0	0.0	0.0	0.0	0.0	0.0	0.0	0.0	0.0	0.0	0.0	0.0	0.0	0.0	0.0	0.0	0.0	0.0	0.0	0.0	0.0	0.0	0.0	0.0	0.0	0.0	0.0	0.0	0.0	0.0	0.0	0.0	0.0	0.0	0.0	0.0	0.0	0.0	0.0	0.0	0.0
527.4938803539022	-1.1737937043495776	278249.79381081695	1.3777916603707037	738.5401162283761	-1.8467716046742453	545441.5032786232	3.4105653598310868	604.0546645135838	-1.310510332492299	1.717437331569077	364882.0377206183	615.1328451285685	482.560163943109	0.666899	22.794806	0.2232336667695265	0.1051739062406199	-0.020804655	-0.0063796104	-0.0674945252	-0.0236360925	-0.0175550728	-0.0406724641	0.1142829832	-0.038212327	0.0580458878	0.0391606763	-0.1133235929	-0.0296651579	-0.0857252337	0.0313270875	0.035601638	0.0086591385	0.0196434673	0.0735063356	-0.0355611129	0.0588768382	-0.0174468593	-0.0472460627	0.0325646639	-0.0655648418	-0.080443595	0.0890083203	-0.1145402493	-0.0408854483	0.0151824179	-0.064865474	-0.0325402165	0.0078193724	0.0203381621	-0.0994453996	-0.0254542376	0.0430688163	0.0984779377	0.1419076262	-0.0152216713	-0.0223298858	-0.0585949617	0.0434883746	0.1354875508	0.0498307756	0.0281726646	-0.1344686894	-0.0219653331	0.0708529849	0.0489715798	-0.0330915782	0.0039364181	-0.1225084248	0.0024504174	0.0034351075	-0.0039435751	0.0377541526	0.0874889749	-0.1196553109	0.0230514095	0.0086571089	-0.0130816379	0.033093418	-0.0432431339	-0.0296293982	0.0688448703	0.0161306944	0.0569776903	-0.0352478367	-0.0175940419	0.0851280159	-0.038627095	0.1092201142	-0.0008008073	-0.080682681	0.0227066921	-0.089908499	-0.1236956108	-0.0431967245	-0.0209661726	-0.0872449732	0.044235428	0.0411044407	0.0006209012	0.0187402863	0.0165234459	-0.0263580384	0.086035875	-0.0167174115	0.020755727	0.0326329806	-0.0055467594	0.0834525408	-0.0562959436	0.0546843601	-0.0994375331	-0.0329656715	0.0881268615	-0.0053288627	-0.0911756552	0.0702025453	-0.0387456454	0.0	0.0	0.0	0.0	-0.0741301670523029	0.0147426591652788	0.0002173459992635	0.0054952816672023	1.3267846758890016	0.0345088852202051	0.0011908631591412	1.760357576173883	0.9137382869926824	0.0556701481856976	0.8349176571163217	0.0030991653990175	0.0240400376115102	0.0017600271436883	3.097695546519601e-06	0.0005779234083628	-0.0080589737632952	0.0001111274130996	6.49470581174804e-05	1.2349301942209252e-08	0.0076881685053216	-0.0004950849271789	5.910793496621896e-05	2.451090851198349e-07	0.0	0.0	0.0	0.0	0.0	0.0	0.0	0.0	0.0	0.0	0.0	0.0	0.0	0.0	0.0	0.0	0.0	0.0	0.0	0.0	0.0	0.0	0.0	0.0	0.0	0.0	0.0	0.0	0.0	0.0	0.0	0.0	0.0	0.0	0.0	0.0	0.0	0.0	0.0	0.0	0.0	0.0	0.0	0.0	0.0	0.0	0.0	0.0	0.0	0.0	0.0	0.0	0.0	0.0
527.0087209829414	-0.4851593709607869	277738.1919920758	0.2353796152310664	742.8899538857596	4.349837657383546	551885.4835843861	18.92108764559197	603.8387585423023	-0.2159059712814723	0.0466153884349959	364621.2463179089	617.1457490160949	465.2444965438618	1.104791	37.762089	0.6649635297458973	0.4192679891875109	-0.1534986198	0.0186427466	6.6923e-05	-0.0410854501	0.1116265169	0.0233741556	0.1451075675	-0.0735289674	0.0433444226	0.1657107817	-0.1127809876	-0.0234584039	-0.0708766413	0.0794316798	-0.0623784526	0.0826049622	0.0778585654	0.1155238511	-0.0597069534	0.1584068585	0.0016941096	-0.0553783061	0.0393840569	-0.0550534398	-0.0411185213	-0.0572088311	0.0415784706	0.0096150891	0.0319993608	0.0150199951	0.1612548877	-0.0254681264	0.0794601331	-0.0252945373	0.0509757608	0.0810922933	0.1025789824	0.023200326	-0.002316676	0.0649744292	-0.0062539835	0.1305258441	0.0362029137	0.0189376437	0.1622116994	-0.1378896523	-0.0046293239	0.1342988652	0.018038459	0.0155496842	-0.1112800883	-0.0893271675	-0.0168826438	-0.1004450635	0.1509034134	-0.0459781968	-0.0330591211	-0.0783148681	0.0625343225	0.1255073454	0.0229691359	0.078523224	0.0125388882	0.015330882	0.0644529686	-0.0539531275	0.0574225976	0.1068004948	0.0050945033	0.0789799132	0.0452235727	-0.0009474476	-0.0418638237	0.0553615665	-0.0540045907	-0.1316635353	-0.1471034084	-0.0703573707	-0.1128325533	-0.1139541769	0.1111657703	0.0807036422	-0.0515254812	-0.0551690534	0.0218625171	-0.0502589173	-0.0647350699	-0.0600520532	0.0356501839	0.0785767074	-0.0144585804	0.0290814982	-0.0891973617	0.1933219994	0.0452655384	-0.0576125361	0.0415060012	-0.0430060889	-0.091734781	0.0722783984	-0.0428485141	0.0	0.0	0.0	0.0	-0.0769639110424122	-0.0028337439901092	8.030105001480575e-06	0.0059234436029443	1.0302203460595791	-0.2965643298294225	0.0879504017271744	1.061353961435119	0.6086093891859718	-0.3051288978067106	0.3704053886053217	0.093103644276738	0.0231829349309315	-0.0008571026805786	7.346250050551922e-07	0.0005374484720118	-0.0081986462443837	-0.0001396724810884	6.721780024054694e-05	1.9508401973417195e-08	0.0074762125045957	-0.0002119560007259	5.589375341387311e-05	4.492534624371787e-08	0.0	0.0	0.0	0.0	0.0	0.0	0.0	0.0	0.0	0.0	0.0	0.0	0.0	0.0	0.0	0.0	0.0	0.0	0.0	0.0	0.0	0.0	0.0	0.0	0.0	0.0	0.0	0.0	0.0	0.0	0.0	0.0	0.0	0.0	0.0	0.0	0.0	0.0	0.0	1.0	0.0	0.0	0.0	0.0	0.0	0.0	0.0	0.0	0.0	0.0	0.0	0.0	0.0	0.0
527.9412405283122	0.9325195453707238	278721.95345057314	0.8695927024984214	743.1599817505904	0.2700278648308085	552286.7584755379	0.0729150477850854	605.442632323171	1.6038737808686392	2.5724111049578635	366560.7810344104	617.3157445463023	465.68140437516206	1.279067	43.718899	0.9408965489209762	0.4744834449768654	-0.065480535	-0.0067200277	0.1262748305	-0.0544897556	-0.054317565	0.1811081959	0.1372672602	-0.1704894496	0.0178032912	0.0629932095	-0.1488427656	0.0360599294	-0.0881536137	0.1403209952	-0.0521767875	0.0645679298	0.0484609771	-0.020599799	0.0278256987	-0.0685222988	-0.0907884112	0.0426272869	0.0334712044	-0.1174299198	-0.1024612562	0.0450191591	-0.019016688	0.0393550653	-0.205003021	-0.0266184949	0.0770871706	-0.0820615053	-0.0341861657	0.020706497	0.025590128	-0.0086752495	0.0113669197	0.0075208565	0.0067458766	-0.0817732781	0.1126923955	0.0345134544	-0.0702826352	-0.0083422112	0.0391323841	-0.1887272173	-0.0291894453	0.1836877219	-0.0358352444	0.1080894252	0.1138716938	0.0798254906	-0.1172585286	-0.0533726396	-0.0505092682	0.1457748942	-0.004066233	-0.0915373931	0.0645019597	0.0330771572	0.0155973345	-0.0713092914	0.1227264181	-0.0982810009	0.0718363984	0.0224043864	0.0052254072	0.0151121639	0.1449328129	0.1150992935	0.1205878273	-0.0444619475	-0.0526007408	-0.0372038313	-0.0416463922	-0.0771763935	-0.052704551	-0.1260858805	-0.1247732635	-0.1095418089	0.1433275435	-0.0595829399	0.036772641	-0.0331809637	-0.1489596775	-0.0045016481	0.082615492	-0.1806887503	-0.0290529493	-0.0963534079	0.1553471752	0.0829937824	-0.0227353193	-0.0091418604	0.119630937	0.0587309926	0.0384787098	0.0170721822	-0.0922725718	0.0742870158	-0.0468617084	0.0	0.0	0.0	0.0	-0.0839745028347493	-0.0070105917923371	4.914839727878444e-05	0.0070517171263433	1.247831905420668	0.2176115593610887	0.0473547907675646	1.5570844641857746	0.8590474209528622	0.2504380317668904	0.7379624714457641	0.062719207755274	0.0312505176066444	0.0080675826757128	6.50858902294629e-05	0.0009765948506831	-0.0087282445422447	-0.000529598297861	7.618225278922439e-05	2.804743570972692e-07	0.0067566661581564	-0.0007195463464392	4.565253757277597e-05	5.177469446741447e-07	0.0	0.0	0.0	0.0	0.0	0.0	0.0	0.0	0.0	0.0	0.0	0.0	0.0	0.0	0.0	0.0	0.0	0.0	0.0	0.0	0.0	0.0	0.0	0.0	0.0	0.0	0.0	0.0	0.0	0.0	0.0	0.0	0.0	0.0	0.0	0.0	0.0	0.0	0.0	0.0	1.0	0.0	0.0	0.0	0.0	0.0	0.0	0.0	0.0	0.0	0.0	0.0	0.0	0.0
534.174235750089	6.232995221776832	285342.11413919163	38.85022943469282	754.5695689201355	11.409587169545034	569375.2343403191	130.17867937944666	608.0565786730066	2.613946349835601	6.832715519818861	369732.80286752223	617.6279519446811	497.4910451901291	1.451839	49.624283	1.1141919015331685	0.6780310848453487	0.088276695	-0.0759092625	-0.03367381	-0.1260399788	-0.1465230761	-0.0112407674	0.0204361963	-0.0089411815	-0.0292563091	-0.0452699573	-0.0452064724	0.1206447736	-0.006669804	0.0084950098	0.0062101975	0.0180147776	-0.0017490058	-0.0255023655	-0.0550777229	0.0034374387	0.0562721285	0.0562797668	-0.043996088	-0.0074721827	-0.0594012334	0.0694430106	0.0274196904	0.0294719303	-0.0956470573	0.0108423696	0.0274630731	0.0362075382	0.0528068623	-0.0186460649	-0.0145319341	-0.0050007742	0.0392129385	-0.0315494557	0.0129883274	-0.0236533223	0.0784348129	-0.1200585443	0.0752736983	-0.0200189032	-0.0817615166	-0.0892405155	-0.08884202	-0.075861974	-0.0303949085	-0.0202722224	0.0719054297	-0.0184318196	-0.0465734532	0.0145852623	-0.0634623137	0.023049057	0.0336695636	-0.0014756863	0.0234475554	-0.0432006777	-0.06160734	0.0375252152	-0.0055178523	-0.0009194369	0.0809829915	-0.0092342037	0.0756101931	-0.0373466819	-0.0311511682	0.0283427467	0.095139376	0.0120294694	0.0293761203	0.0601619927	0.0785555664	-0.0018238121	-0.054264666	-0.0007559689	0.0450378388	0.005164104	0.0368739412	-0.1220799935	0.0158050407	-0.0457710627	-0.0492417781	-0.0218155941	0.0963209678	-0.0105035413	0.001987474	-0.0063205389	0.0597194854	0.0462264262	0.0559862609	-0.0626649954	-0.0677275349	-0.0326145325	0.0453107802	0.0407449578	-0.0927889027	0.0762265289	-0.0507768297	0.0	0.0	0.0	0.0	-0.111005607230723	-0.0270311043959737	0.000730680604866	0.0123222448366615	1.5277960357918658	0.2799641303711979	0.0783799142945011	2.3341607269813403	1.3032683531423288	0.4442209321894665	1.698508400302318	0.1973322365952786	0.0249565345747845	-0.0062939830318599	3.961422240534034e-05	0.0006228286179824	-0.0094433115237293	-0.0007150669814846	8.917613253419861e-05	5.11320788009498e-07	0.0070071308363425	0.000250464678186	4.909988255762194e-05	6.273255501886658e-08	0.0	0.0	0.0	0.0	0.0	0.0	0.0	0.0	0.0	0.0	0.0	0.0	0.0	0.0	0.0	0.0	0.0	0.0	0.0	0.0	0.0	0.0	0.0	0.0	0.0	0.0	0.0	0.0	0.0	0.0	0.0	0.0	0.0	0.0	0.0	0.0	0.0	0.0	0.0	0.0	0.0	1.0	0.0	0.0	0.0	0.0	0.0	0.0	0.0	0.0	0.0	0.0	0.0	0.0
533.8733638822483	-0.3008718678406694	285020.7686629475	0.0905238808579332	746.4344937733241	-8.135075146811346	557164.4534946387	66.17944764426764	609.07746487728	1.020886204273438	1.042208642075828	370975.3582213343	617.9812057150934	501.845871625161	0.762012	26.045811	0.2355582526470591	0.1247444175442347	0.1092256746	-0.1050019714	-0.0603466647	-0.0953567255	-0.1087636803	-0.1150649812	-0.0139159856	0.0194857085	-0.0375469314	-0.0836829968	-0.0327000916	0.0871570018	-0.0110242809	0.0057073714	0.0377157618	0.1413982885	-0.0211181608	0.036594118	0.0271920329	-0.0402889342	-0.0201732772	0.0499169243	-0.0414922416	-0.0062287074	-0.1044821044	0.0581354481	0.0654239616	0.1242873258	0.0132918495	-0.0285617953	-0.0149315099	0.0673957307	-0.0421396966	0.0198867615	-0.0285189758	-0.0386578889	-0.0798112591	0.0404859194	0.0062858126	-0.034660278	-0.066601008	0.0006647354	-0.0170469444	-0.0150547674	-0.0947520483	-0.0702493789	-0.0741343667	-0.0819425546	0.0075151877	-0.0687582899	0.0942116456	0.0522065438	-0.016867179	0.0184427929	0.0768592797	0.0219344584	0.0879814469	0.0441973842	-0.0083620423	-0.0032627383	0.0461991349	-0.0259014561	0.104887466	0.0254196872	0.0735675414	-0.0395254439	0.0166158736	-0.0854604099	-0.1052698581	-0.0590141979	0.028907451	-0.0332441265	0.0361376942	0.1144733283	0.1040611329	0.0076704663	-0.072431881	0.0117376457	0.0282405422	0.0412590234	0.040318131	-0.1161076899	-0.0130515571	-0.0152754347	0.0278260174	-0.0269360081	0.0551142094	0.049590686	0.0423895018	0.0841954017	-0.0135012446	-0.0566808949	0.0580310451	0.0208057425	0.020393128	-0.0351714437	-0.000286296	0.0113644968	-0.0932836535	0.0780951336	-0.0545856841	0.0	0.0	0.0	0.0	-0.0996590640936716	0.0113465431370513	0.0001287440411609	0.0099319290560265	1.5528893682511438	0.0250933324592779	0.0006296753339118	2.4114653900274363	1.3642773068530687	0.0610089537107398	1.861252569994262	0.0037220924328792	0.0232922325257429	-0.0016643020490416	2.7699013104440687e-06	0.0005425280960332	-0.0100129402538466	-0.0005696287301172	0.0001002589725271	3.244768901750467e-07	0.0075353885239834	0.0005282576876408	5.678208020738072e-05	2.7905618455171045e-07	0.0	0.0	0.0	0.0	0.0	0.0	0.0	0.0	0.0	0.0	0.0	0.0	0.0	0.0	0.0	0.0	0.0	0.0	0.0	0.0	0.0	0.0	0.0	0.0	0.0	0.0	0.0	0.0	0.0	0.0	0.0	0.0	0.0	0.0	0.0	0.0	0.0	0.0	0.0	0.0	0.0	0.0	0.0	0.0	0.0	0.0	0.0	0.0	0.0	0.0	0.0	0.0	0.0	0.0
531.8382084030195	-2.03515547922882	282851.8799173336	4.141857824635087	741.4162983213153	-5.018195452008854	549698.1274164815	25.182285594562344	608.3570215446243	-0.7204433326556909	0.5190385955680386	370098.2656626465	617.5254744221394	498.33511721756014	0.632509	21.619358	0.092942434742513	0.0428745371302003	0.093990934	-0.0868695105	-0.0859624299	-0.0666778968	-0.0739749229	-0.1225100821	-0.0020349549	0.0255091881	-0.0193333628	-0.0385311698	6.33314e-05	0.0951086219	-0.0569892154	0.0214801362	0.1011874927	0.0541706017	0.0127814559	0.0888764385	-0.0409396672	-0.0568735307	0.0635730016	0.0561560466	0.0052198761	-0.0029611635	0.0551998785	-0.0967585695	-0.0067536047	-0.0678111188	0.0435063842	-0.1547679571	0.0488896863	-0.0337771115	-0.0306443329	0.1302042211	0.0093575437	-0.0676472757	0.0144120418	0.0111873839	0.0226622648	-0.0105856681	-0.0551066563	0.0310668753	-0.163619811	0.0005568616	-0.0551124025	-0.040902227	-0.1034853925	-0.0543367832	-0.0114318893	-0.1050480254	0.0113487861	0.035474037	0.0172746393	0.0245712744	0.0935614978	-0.0101107546	0.0756583655	0.0956669719	0.0364143659	0.0763315535	0.0382096396	0.023595913	0.0083298232	-0.0012105201	-0.0952615396	-0.0040436834	0.0102215273	-0.0263462597	-0.0236461679	0.0741501061	-0.0327502228	-0.0325631067	-0.1422239039	-0.07862893	0.09828643	0.0086011191	-0.0604396954	0.0225350984	0.0267257648	0.0391984742	0.0478285195	-0.1158705783	0.0019926909	-0.0114810444	0.0489378615	-0.0290328531	0.0577571837	0.0649277388	0.0128960563	0.0967607685	-0.0039679155	0.0036520715	0.0884785028	0.0126071262	0.013792005	-0.035935154	0.009737788	-0.0411481693	-0.0937567092	0.0798910917	-0.0582803004	0.0	0.0	0.0	0.0	-0.0862276242190489	0.0134314398746226	0.0001804035771056	0.0074352031784615	1.5831187833512388	0.030229415100095	0.0009138175372938	2.5062650821995067	1.365285457215819	0.0010081503627503	1.864004379685008	1.016367153913704e-06	0.0238174040833856	0.0005251715576427	2.758051649568605e-07	0.0005672687372712	-0.0098173576201736	0.0001955826336729	9.638051064238066e-05	3.8252566594466594e-08	0.0072906741271982	-0.0002447143967851	5.315392922899724e-05	5.988513599394399e-08	0.0	0.0	0.0	0.0	0.0	0.0	0.0	0.0	0.0	0.0	0.0	0.0	0.0	0.0	0.0	0.0	0.0	0.0	0.0	0.0	0.0	0.0	0.0	0.0	0.0	0.0	0.0	0.0	0.0	0.0	0.0	0.0	0.0	0.0	0.0	0.0	0.0	0.0	0.0	0.0	0.0	0.0	0.0	0.0	0.0	0.0	0.0	0.0	0.0	0.0	0.0	0.0	0.0	0.0
530.7759994024797	-1.0622090005398377	281723.1615417011	1.1282879608278409	745.8242095811027	4.407911259787397	556253.7515972765	19.42968167416052	608.5056109776312	0.1485894330069186	0.0220788196013175	370279.0785912603	618.7626650243774	503.3711403595559	0.683156	23.35046	0.2913518074263944	0.1640052170857346	0.1177506502	-0.0835649364	-0.0964949462	-0.0434279835	-0.0369756438	-0.0889460999	-0.0977492319	-0.0177035345	-0.026585151	-0.0772998056	0.015534882	0.1307801402	-0.0241101877	-0.0691601227	0.0601704142	0.0733061035	-0.0065451277	0.0128039385	0.099834567	0.0563705358	0.081636226	-0.0187245854	-0.0068792941	0.0685910295	0.0610652655	-0.0223282169	0.0394491608	0.0048451379	-0.0182600065	-0.0483363495	-0.0101078698	0.0765103562	0.0063375259	-0.0809190242	-0.0641349649	-0.0308253294	0.040737498	-0.0286747689	0.0450872329	0.001951563	-0.0007808615	0.0006538384	-0.0444512867	-0.0097527903	-0.0755299875	0.0151152496	-0.0854864165	-0.1075733179	0.0246633114	-0.0268605037	0.0229106703	0.0756531393	-0.0459806015	-0.0019249751	0.1066300652	-0.0345690208	0.064691078	-0.0185612241	0.0238828982	-0.0007456358	-0.0754027162	0.1044876815	0.0304555198	0.0100915864	-0.0347240098	-0.0058508804	0.0412188923	-0.0107219242	0.0133927693	-0.0356957034	0.0542227794	0.0008807496	-0.0877748201	-0.0038075433	0.1082908123	0.0273842355	-0.0282813786	0.0455202456	0.0313891148	0.0581888714	0.0454629701	-0.1498858361	0.025774961	-0.0092493255	0.0389928221	-0.0163934157	0.0705202849	0.0329713816	0.024388653	0.062079859	0.058173546	0.0550055016	0.0585591879	0.0954852288	0.0004905228	-0.0054225106	0.0372605087	0.0210978817	-0.0942079597	0.0816127324	-0.0618529466	0.0	0.0	0.0	0.0	-0.0855963655201037	0.0006312586989452	3.984875449939904e-07	0.0073267377902511	1.6347074430216535	0.0515886596704147	0.0026613898065898	2.6722684242703925	1.5080904834708235	0.1428050262550044	2.2743369063352623	0.0203932755236925	0.02565371068603	0.0018363066026443	3.3720219389154146e-06	0.0006581128719625	-0.0097542570823114	6.310053786220092e-05	9.514553122782208e-05	3.981677878499052e-09	0.0072635440116642	-2.713011553400011e-05	5.275907160938287e-05	7.36043168888194e-10	0.0	0.0	0.0	0.0	0.0	0.0	0.0	0.0	0.0	0.0	0.0	0.0	0.0	0.0	0.0	0.0	0.0	0.0	0.0	0.0	0.0	0.0	0.0	0.0	0.0	0.0	0.0	0.0	0.0	0.0	0.0	0.0	0.0	0.0	0.0	0.0	0.0	0.0	0.0	0.0	0.0	0.0	0.0	0.0	0.0	0.0	0.0	0.0	0.0	0.0	0.0	0.0	0.0	0.0
528.5788747269902	-2.1971246754894764	279395.6268076512	4.827356839644737	743.8100995744977	-2.0141100066049376	553253.4642290242	4.0566391187061415	608.3143045318997	-0.191306445731584	0.0365981561784515	370046.2930981288	618.4280666724184	499.4656573056664	0.68819	23.522524	0.289119134615594	0.1695446301377354	0.1332402747	-0.068644315	-0.06634217	-0.0084096527	-0.0409394675	-0.1053585422	-0.140514638	0.0008023008	-0.0261731074	-0.1013683575	0.0628483201	0.1020681445	0.0327835327	-0.0455254105	0.0615735574	-0.0621996286	0.016717677	0.0876339817	0.1130972489	-0.0246928393	-0.0662911672	0.0199121146	-0.0048476626	0.0629670348	-0.0209589907	0.061542827	0.0420695614	-0.1033828259	0.0155685865	-0.0556066573	0.0379473209	0.0576014083	0.0389275363	-0.0045190735	0.0628481198	-0.0135390292	-0.1001546311	-0.080083464	0.0387880184	0.0048085853	0.0718554975	0.1047784995	0.0499608357	-0.0009488907	-0.089723545	0.0578449524	-0.0764107162	-0.1420366766	-0.0097113072	-0.0146931749	-0.0448157916	0.059228103	0.0040741918	-0.0155374222	0.0119377008	0.0218075091	0.1342801715	0.0016496565	0.090189945	-0.1079480452	0.0010344423	0.0674543907	0.042084	-0.024826833	0.0618572904	0.0296997051	-0.0711047875	-0.0563097657	-0.0233936724	0.004963775	-0.0244556625	0.0759668815	-0.0376535725	-0.0019438715	0.1082940676	0.0606882016	-0.0241912454	0.0615953192	0.0519576839	0.0763798124	0.0207070749	-0.1995189127	0.0182882367	-0.0335747304	0.04810185	-0.0224949331	-0.0028118477	-0.0163784937	0.0621486525	0.0632962606	-0.014489278	-7.50679e-05	0.0608955508	0.0385797385	-0.0387295487	0.0412184225	-0.0306878959	-0.0126475784	-0.0946373001	0.0832584543	-0.0652961456	0.0	0.0	0.0	0.0	-0.0796286257019716	0.0059677398181321	3.561391853691939e-05	0.0063407180311846	1.744824784399512	0.1101173413778584	0.0121258288721278	3.0444135282548035	1.616530689052567	0.1084402055817435	2.6131714686487677	0.0117592781866107	0.0248458555355344	-0.0008078551504955	6.526299441822658e-07	0.0006173165372926	-0.010122704956138	-0.0003684478738266	0.000102469155629	1.3575383572734258e-07	0.0073791179440992	0.0001155739324349	5.44513816329268e-05	1.335733385848989e-08	0.0	0.0	0.0	0.0	0.0	0.0	0.0	0.0	0.0	0.0	0.0	0.0	0.0	0.0	0.0	0.0	0.0	0.0	0.0	0.0	0.0	0.0	0.0	0.0	0.0	0.0	0.0	0.0	0.0	0.0	0.0	0.0	0.0	0.0	0.0	0.0	0.0	0.0	0.0	0.0	0.0	0.0	0.0	0.0	0.0	0.0	0.0	0.0	0.0	0.0	0.0	0.0	0.0	0.0
527.8295117245706	-0.7493630024196136	278603.9934473986	0.5615449093953379	739.6681857654027	-4.141913809095058	547109.0250334822	17.155450001972333	607.0959226419998	-1.218381889899888	1.4844544296360227	368565.459288541	616.8068411690848	497.5330036988351	0.674346	23.049339	0.2159714387356346	0.1124476895559908	0.143509968	-0.0564403211	-0.0477901349	0.0052373068	-0.0445049052	-0.0802311968	-0.12053831	0.008554945	0.0057556962	-0.0996319986	0.0328736396	0.071944958	0.0154821076	-0.0554889576	0.0233975115	-0.0272076618	-0.0053725838	0.0180351711	0.0496283504	0.0165908098	0.0244923737	0.0192301672	0.0652464924	-0.030437564	-0.0084919638	-0.0135178503	0.0798748104	0.0018481771	0.0067376037	-0.0592765806	-0.0182313018	0.0637000827	0.0090253648	0.0011099214	0.0497375673	-0.0276280833	0.0891926631	-0.0024294484	0.0042931813	-0.0195568815	-0.0514756269	-0.0393993415	0.0210145094	0.0262209864	-0.0765750126	0.0435895538	-0.036479966	-0.0953566383	0.0313472384	-0.0303334784	-0.0069535937	0.0987883251	-0.0116820847	-0.0330051054	0.0067924996	-0.0453699567	-0.0010908695	0.0872768597	0.102219108	0.0120732824	0.0024779272	0.0473942668	0.0248818998	-0.0270531414	0.003434416	-0.057402623	0.0174298959	-0.0084315296	-0.007849937	-0.0626962402	0.0160128154	0.0600788141	0.0248935511	-0.0013552247	0.116606334	0.0636962718	-0.0158924196	0.0630429636	0.0271130704	0.0613950292	0.0164109124	-0.1988661357	-0.0056283361	0.0204189123	0.0955033231	-0.0540155348	-0.0205534103	-0.0041446636	0.0515774274	0.1038150105	0.0267397313	-0.0723846451	0.0577879232	0.0994422821	0.0079665107	0.0311197364	0.0063041099	0.0025314182	-0.0950446305	0.0848267265	-0.0686026914	0.0	0.0	0.0	0.0	-0.0851504266669849	-0.0055218009650132	3.04902858972218e-05	0.0072505951615695	1.6757775156022916	-0.0690472687972203	0.0047675253283555	2.808230281798189	1.693332086904178	0.0768013978516108	2.8673735565392584	0.0058984547119614	0.0240286690194296	-0.0008171865161048	6.677938021035042e-07	0.0005773769348452	-0.0104240847548717	-0.0003013797987336	0.0001086615429767	9.082978308476545e-08	0.0075525710516965	0.0001734531075972	5.704132949092397e-05	3.00859805351604e-08	0.0	0.0	0.0	0.0	0.0	0.0	0.0	0.0	0.0	0.0	0.0	0.0	0.0	0.0	0.0	0.0	0.0	0.0	0.0	0.0	0.0	0.0	0.0	0.0	0.0	0.0	0.0	0.0	0.0	0.0	0.0	0.0	0.0	0.0	0.0	0.0	0.0	0.0	0.0	0.0	0.0	0.0	0.0	0.0	0.0	0.0	0.0	0.0	0.0	0.0	0.0	0.0	0.0	0.0
530.0722773943921	2.2427656698215515	280976.6192620774	5.029997849730113	739.6542360305787	-0.0139497348239956	547088.388877979	0.0001945951016597	607.9131342679134	0.8172116259136146	0.6678348415283736	369558.3788154381	618.3486231753701	492.9840829755305	0.850657	29.075701	0.5076173071400841	0.2611082904755384	0.1260868188	-0.0571135048	-0.0428614984	-0.0062807229	-0.0723533299	-0.0686584605	-0.0184626741	-0.0136034357	-0.0312608803	-0.0602626956	-0.0206637565	0.1760293373	0.1267939318	-0.0286910594	-0.0551661385	-0.0320375514	0.0146658474	0.126605914	0.0764109261	0.013254518	0.0193710937	0.038730084	0.0867367696	0.0333610494	0.0087152967	-0.0010222863	0.0726787816	-0.0411843316	-0.0886172346	-0.0577382573	0.1173703398	0.040655941	0.0216786154	0.0279066088	-0.0589685138	0.0302164809	-0.0646438249	-0.0687624308	0.1339606809	-0.0147822542	0.0316189045	-0.0316488333	0.0326379067	-0.0082848828	-0.0693793013	-0.0231655491	-0.0662856287	-0.1210459548	-0.0875732771	0.104932321	-0.1199935375	0.0601685323	0.0178988037	-0.0668677969	0.0511773731	0.0247278968	0.0099258478	0.153517256	0.1288592854	-0.0065030881	-0.0496369715	0.1493473255	-0.0598858916	-0.0516721929	0.0732811534	0.0044426277	-0.037217991	0.0120591613	-0.0774695711	-0.0447461078	0.0412973127	0.0060937241	-0.1234117945	0.0769810771	0.0926433281	0.0615402299	-0.1194906829	0.0637633024	0.0163303433	0.0573748399	0.0289750233	-0.1555815514	-0.1243593425	-0.1098408613	0.0656502364	-0.0482141716	-0.086681499	-0.006328706	0.1047548969	-0.0343954341	-0.0497952137	-0.0511271666	0.0575144701	0.0317390018	-0.0682993074	0.0716642355	-0.0911695189	0.0657936979	-0.0954298563	0.0863160901	-0.0717656641	0.0	0.0	0.0	0.0	-0.0741889134974229	0.0109615131695619	0.0001201547709664	0.005503994885928	1.490668042489531	-0.1851094731127605	0.0342655170360838	2.2220912128995707	1.5163022554883412	-0.1770298314158367	2.299172529999031	0.0313395612111195	0.0215659148380439	-0.0024627541813856	6.065158157932745e-06	0.0004650886828017	-0.010446350987298	-2.226623242630038e-05	0.0001091262489498	4.957851064620306e-10	0.00734726167667	-0.0002053093750264	5.398225414546367e-05	4.215193947377174e-08	0.0	0.0	0.0	0.0	0.0	0.0	0.0	0.0	0.0	0.0	0.0	0.0	0.0	0.0	0.0	0.0	0.0	0.0	0.0	0.0	0.0	0.0	0.0	0.0	0.0	0.0	0.0	0.0	0.0	0.0	0.0	0.0	0.0	0.0	0.0	0.0	0.0	0.0	0.0	0.0	0.0	0.0	1.0	0.0	0.0	0.0	0.0	0.0	0.0	0.0	0.0	0.0	0.0	0.0
533.2109441153428	3.138666720950709	284313.9109243753	9.85122878520348	741.4842071396964	1.829971109117764	549798.8294375843	3.3487942602057	610.6911593588636	2.778025090950223	7.717423405948994	372943.69211907295	622.160311453683	491.4719294644015	0.994513	33.992741	0.7565770392293828	0.383293614626144	0.0603177865	-0.0440660071	-0.0342155388	-0.0414504336	0.000114187	-0.0289238313	0.0302162418	-0.0785910997	-0.0828340789	-0.0609127274	-0.0707911948	0.0384196223	-0.0547266685	-0.1015128784	-0.0402283491	-0.1595481821	-0.0169279655	0.1176996876	-0.0551813705	-0.0843770022	0.0545276157	0.0232387013	-0.1120045169	0.0080302348	0.047728447	-0.0337937982	0.0564528032	-0.0276702234	0.048392999	-0.0289236602	0.0684813918	-0.0668144023	-0.0101735209	0.011147078	-0.0820425552	0.0427060272	-0.0695179203	-0.065754764	0.0758640567	-0.0346210848	0.0618051224	0.0400850186	0.0710682483	-0.0687402747	-0.0423638152	-0.0176855989	-0.0568948638	-0.0115639654	0.1395439442	0.1203371755	-0.1455227397	-0.0385111443	0.1482645512	0.0469159213	-0.0676584681	0.0747821467	0.0243322257	0.1023243927	0.0548746853	-0.0056503957	0.0099449963	0.0503250607	-0.0930602573	0.0623965237	-0.0034606492	-0.0672778209	-0.1185658082	0.052518779	-0.0885867128	0.0481932286	-0.0039662377	0.057919772	-0.1627955546	0.0197561298	0.0240892781	0.0687744866	-0.1872116727	0.0651522445	0.0994570402	-0.0320919888	-0.0253526932	-0.1097926747	-0.1750411144	-0.0461851713	-0.0227335759	0.016903438	-0.0279878386	-0.0741885324	-0.0365887054	-0.0821312341	-0.0233125507	-0.1357870774	-0.0023856821	-0.0919573511	-0.0514638638	0.2382964631	0.0402949752	-0.0162907313	-0.0957928877	0.0877251596	-0.0747784441	0.0	0.0	0.0	0.0	0.0371850798231179	0.1113739933205408	0.0124041663881638	0.0013827301614516	1.6887179883848944	0.1980499458953633	0.0392237810691563	2.8517684442947244	1.2286630961786074	-0.2876391593097338	1.5096130039112017	0.0827362859684104	0.0235354298188461	0.0019695149808021	3.878989259604284e-06	0.0005539164567578	-0.0105492437241596	-0.0001028927368615	0.0001112865431517	1.0586915298870414e-08	0.0084651327730811	0.001117871096411	7.16584728658917e-05	1.2496357881913529e-06	0.0	0.0	0.0	0.0	0.0	0.0	0.0	0.0	0.0	0.0	0.0	0.0	0.0	0.0	0.0	0.0	0.0	0.0	0.0	0.0	0.0	0.0	0.0	0.0	0.0	0.0	0.0	0.0	0.0	0.0	0.0	0.0	0.0	0.0	0.0	0.0	0.0	0.0	0.0	0.0	0.0	0.0	0.0	1.0	0.0	0.0	0.0	0.0	0.0	0.0	0.0	0.0	0.0	0.0
534.9890759537839	1.778131838441027	286213.3113898835	3.1617528348776665	741.8607454572406	0.3765383175441457	550357.3656503727	0.1417811045789759	611.6322415069449	0.94108214808125	0.88563560943722	374093.9988508097	622.3637699901609	487.41051144977706	0.9586110000000002	32.765617	0.5615828478774745	0.3746822325544799	0.0262759433	-0.0587708054	0.0480343706	-0.0610798117	-0.0956649692	0.0653264028	0.0183721625	-0.0294741655	-0.1028304295	-0.0890349184	-0.1514740897	-0.0483461928	-0.1935296563	-0.0289667312	0.0514355408	-0.1426958492	0.0316855282	-0.026081769	-0.0305101459	0.0146822225	-0.0017033544	0.0184675467	0.0082572763	0.0275961822	-0.0662345878	0.0080067023	0.0858882337	0.0197626733	0.007622906	-0.0762912113	-0.0122459097	0.0050071664	0.0652980728	-0.0117164374	0.0010879293	0.006798991	-0.030953873	0.0944698049	-0.0339239789	0.2118121353	0.009782844	-0.0946016908	-0.0260498328	-0.095577935	-0.0880906023	-0.1065641063	-0.0037198343	0.0671806014	0.2031003618	-0.0557069657	-0.1016516055	0.0128519032	0.0407921653	-0.0339577957	-0.0823399518	0.013561856	-0.0169112221	0.1003783904	0.0298000356	0.0320017322	0.0323377098	0.0095804492	0.0243303262	-0.0713800081	0.0530043111	-0.0873474852	-0.075225393	0.0498282156	-0.0109099282	-0.0700900205	0.0127115415	0.0086868895	0.1268424549	-0.0045612921	-0.010788483	0.1223143752	-0.2023940107	0.093285904	0.0475857297	-0.1095328885	0.0626239931	-0.0275414737	-0.2432017373	0.0437858467	-0.0057541632	0.0775608274	-0.0967412693	-0.0281510713	-0.1044181173	0.033021089	0.0464058683	-0.1001263575	0.0075886899	-0.1131753719	-0.0576118582	0.2035235111	0.0402327788	0.0681399673	-0.0961336405	0.0890526243	-0.0776347263	0.0	0.0	0.0	0.0	0.0473952791365519	0.0102101993134339	0.00010424817002	0.0022463124844316	1.34252707268557	-0.3461909156993243	0.1198481501127367	1.8023789408936857	1.3655395586955734	0.136876462516966	1.8646982863625012	0.0187351659911584	0.0235736224143222	3.819259547610185e-05	1.4586743492011551e-09	0.000555715673733	-0.009962723376846	0.0005865203473135	9.925585708355376e-05	3.4400611781286577e-07	0.0092065252372464	0.0007413924641653	8.476010694405487e-05	5.496627859210962e-07	0.0	0.0	0.0	0.0	0.0	0.0	0.0	0.0	0.0	0.0	0.0	0.0	0.0	0.0	0.0	0.0	0.0	0.0	0.0	0.0	0.0	0.0	0.0	0.0	0.0	0.0	0.0	0.0	0.0	0.0	0.0	0.0	0.0	0.0	0.0	0.0	0.0	0.0	0.0	0.0	0.0	0.0	0.0	0.0	1.0	0.0	0.0	0.0	0.0	0.0	0.0	0.0	0.0	0.0
539.4883495477598	4.499273593975886	291047.67929776583	20.243462873448685	750.6808455330985	8.820100075857908	563521.7318502876	77.79416534814868	611.8486055693402	0.2163640623953142	0.0468134074962034	374358.716137146	623.1291081249266	493.8170310680055	1.264743	43.229298	1.1848913617516548	0.7423942578570631	-0.0689229026	-0.1246510896	0.1328804798	-0.1257781909	-0.0339953391	0.1224544355	-0.0150609557	0.0323195826	-0.1348343959	-0.0246612397	-0.2247257686	-0.1846419645	-0.0596295107	0.034863122	0.0498791078	-0.0919923558	0.0900817464	-0.0103422645	-0.0181326893	0.0466434791	-0.0859105157	-0.0766556819	0.010671691	-0.0140902409	0.0635396066	-0.0363474094	0.071901145	0.0952731781	-0.00607636	0.0101441625	0.0091222216	0.0291920655	-0.0455082781	0.0358112177	0.1267607628	-0.0043990044	0.0635489084	-0.0959678849	0.0641131097	0.0553044047	0.022426692	-0.0100917362	0.00528223	-0.1445173162	-0.0592586696	-0.1344382691	0.1784738051	0.0885201255	0.1232320307	-0.1508762878	-0.1006059811	0.0041029842	-0.0401067785	-0.0591949167	-0.120934939	-0.0604378907	0.0044290053	0.0027421765	0.0700098938	-0.0638461956	0.039538729	-0.0375964575	0.0332656053	0.01552264	0.0089459895	-0.0269226154	-0.0369684053	0.0255426243	0.0735682826	0.0044104831	-0.0413389436	-0.06905521	-0.015408496	0.0151763728	-0.1197414481	0.1833142487	-0.0859525247	0.1149235431	-0.1114714026	-0.1761304052	0.0474914441	0.053850875	-0.1863166668	0.0614166237	0.0816967475	0.117366883	-0.079120642	0.070667496	-0.0456675927	0.0884935993	0.1542044697	0.1803396635	-0.0421878126	-0.2366113746	-0.0602544369	-0.1161912711	0.0307428412	0.1437361144	-0.0964520353	0.0902972493	-0.0803285329	0.0	0.0	0.0	0.0	-0.083058754537447	-0.1304540336739989	0.0170182549018168	0.0068987567053118	1.0952378230164328	-0.2472892496691372	0.0611519730019248	1.199545888965775	1.477989813863232	0.1124502551676585	2.184453889883471	0.0126450598872715	0.0359081984031811	0.0123345759888589	0.0001521417648249	0.0012893987125622	-0.009234203868921	0.000728519507925	8.527052109279556e-05	5.307406734272857e-07	0.0100373862052797	0.0008308609680333	0.0001007491218339	6.903299482012329e-07	0.0	0.0	0.0	0.0	0.0	0.0	0.0	0.0	0.0	0.0	0.0	0.0	0.0	0.0	0.0	0.0	0.0	0.0	0.0	0.0	0.0	0.0	0.0	0.0	0.0	0.0	0.0	0.0	0.0	0.0	0.0	0.0	0.0	0.0	0.0	0.0	0.0	0.0	0.0	0.0	0.0	0.0	0.0	0.0	0.0	1.0	0.0	0.0	0.0	0.0	0.0	0.0	0.0	0.0
540.0772529468247	0.588903399064975	291683.4391505885	0.3468072134302812	746.5045674187796	-4.176278114318848	557269.0691770993	17.44129888813859	612.0454715843365	0.196866014996317	0.0387562278605301	374599.65928689286	624.5448322955828	491.7940881420765	1.496523	51.151608	1.2925316244029652	0.958935653976438	-0.1340458799	-0.1701947766	0.2288567512	-0.1358919021	0.0359158298	0.2069237717	-0.0691156349	0.1612607102	-0.150322411	0.0147931385	-0.1722957263	-0.1837538302	0.0317398303	0.0678804479	-0.0052111479	-0.146135506	0.1770563755	-0.0220159812	0.0074177281	0.0176323393	0.1420486123	0.0003195409	0.0778456239	0.1186394489	0.0844581729	0.0750812814	-0.0863622857	0.0186088882	-0.0437379581	-0.0070662386	-0.0566817183	-0.0225313162	-0.0037602999	0.1296043428	0.1424037039	0.0071805482	-0.1216854445	0.0490961124	-0.0235564763	0.0883412983	0.0007411345	-0.0889450102	-0.0639711624	-0.1685206172	-0.0145930498	-0.0842866427	0.2148274313	0.0444327744	0.0229584383	-0.1880740643	-0.1982821202	0.0493309714	-0.0829644825	-0.0379152475	-0.1565034866	-0.0131561397	0.0175546262	0.0911395653	-0.08840173	-0.0167196287	-0.1175037126	-0.0310156195	0.063088509	-0.1086048601	-0.1842689061	0.0653284352	0.1038349619	-0.0395435372	-0.0766381636	0.0148992928	-0.0282585751	-0.0741880976	0.0168800552	-0.076110264	-0.212849394	0.2028219413	-0.0252268126	0.1762294684	-0.3253610287	-0.1541679978	-0.170017282	0.0246492108	-0.0207149888	0.0418849149	0.0042371164	0.0187470389	-0.1657452924	0.1433598448	0.0242027905	0.0444017017	-0.2720130094	0.1866719675	0.1161989067	-0.2236326623	0.1362248283	0.0064117695	0.112242685	0.0020473456	-0.096747998	0.0914578769	-0.0828542262	0.0	0.0	0.0	0.0	-0.1318743344261292	-0.0488155798886821	0.0023829608398683	0.0173908400803345	0.9293259044944336	-0.1659119185219991	0.0275267647076504	0.8636466367643972	1.4175436706417628	-0.0604461432214691	2.0094300581765223	0.0036537362303503	0.0523304537341463	0.0164222553309651	0.0002696904701554	0.0027384763880216	-0.0110402799286204	-0.0018060760596994	0.0001218877809022	3.2619107334193117e-06	0.0121562144700314	0.0021188282647516	0.0001477735502414	4.489433215510698e-06	0.0	0.0	0.0	0.0	0.0	0.0	0.0	0.0	0.0	0.0	0.0	0.0	0.0	0.0	0.0	0.0	0.0	0.0	0.0	0.0	0.0	0.0	0.0	0.0	0.0	0.0	0.0	0.0	0.0	0.0	0.0	0.0	0.0	0.0	0.0	0.0	0.0	0.0	0.0	0.0	0.0	0.0	0.0	0.0	0.0	0.0	1.0	0.0	0.0	0.0	0.0	0.0	0.0	0.0
534.7632065682127	-5.3140463786120335	285971.6870991169	28.23908891403967	739.5662473133632	-6.938320105416437	546958.2341651707	48.14028588522597	609.5362647715556	-2.509206812780917	6.2961188293061685	371534.4580716599	622.0787831700834	479.5620199852888	1.834526	62.704647	1.0444910141958768	0.4502915455049467	-0.0233675513	-0.1154710274	0.2329675029	-0.0824014333	0.0673537069	0.2075185846	-0.0881786214	0.1908721313	-0.0921434293	0.0246956743	-0.0933689247	-0.1071566346	0.1838225107	0.0299234244	-0.06688665	-0.0140528972	0.2144118349	-0.1191137933	0.0075507775	-0.0226546831	-0.0693900656	0.0519284131	0.0935458939	0.1360544664	0.0776035657	-0.0103284095	-0.0295979392	0.0030423753	-0.0154291737	0.0325877412	-0.0917872969	-0.0174605056	-0.0042437379	0.0250632345	0.0947435966	-0.0324290076	0.0051625917	0.0277029421	-0.1931072478	0.0360259127	0.1091124736	0.1004400181	-0.0305796321	-0.116606463	0.0025174822	-0.0185420547	0.2308393156	-0.0675882924	-0.0823589682	-0.0920832737	-0.104383281	0.1570267629	-0.2274492641	-0.0510993882	-0.117623112	0.0401889664	0.0586969323	0.0260060891	-0.1772964877	-0.0371326642	0.0067314524	-0.096579358	-0.0863014493	-0.1147638633	-0.0859971923	0.1307590332	0.0805035262	-0.0375702951	0.0532424556	0.0576886122	-2.23931e-05	0.0139890198	-0.0073054318	0.0410743958	-0.1532606423	0.1557557081	0.0779745246	0.159015453	-0.2974960794	-0.0612592931	-0.161170371	-0.1457309017	-0.0625812758	0.2587498332	-0.266969955	-0.1092538664	0.1895676307	0.025164413	0.0095158295	-0.2450777381	-0.3554320776	-0.0609782672	-0.0344519128	0.36617142	-0.0246331971	-0.064010687	-0.0576997143	-0.0894772374	-0.09702146	0.0925334274	-0.0852065205	0.0	0.0	0.0	0.0	-0.2570982342027434	-0.1252238997766142	0.0156810250752635	0.0660995020301687	1.1756525157043145	0.2463266112098808	0.0606767993901438	1.3821588376818834	1.7231325274432692	0.3055888568015064	2.969185707133029	0.0933845494012515	0.0589777063344252	0.0066472526002789	4.418596713191463e-05	0.0034783698444696	-0.0114270392503639	-0.0003867593217435	0.0001305772260293	1.4958277295549238e-07	0.0118431934638963	-0.000313021006135	0.0001402612314232	9.798215028183e-08	0.0	0.0	0.0	0.0	0.0	0.0	0.0	0.0	0.0	0.0	0.0	0.0	0.0	0.0	0.0	0.0	0.0	0.0	0.0	0.0	0.0	0.0	0.0	0.0	0.0	0.0	0.0	0.0	0.0	0.0	0.0	0.0	0.0	0.0	0.0	0.0	0.0	0.0	0.0	0.0	0.0	0.0	0.0	0.0	0.0	0.0	0.0	1.0	0.0	0.0	0.0	0.0	0.0	0.0
535.6906186843742	0.927412116161463	286964.4389464476	0.860093233203083	746.1920122623444	6.625764948981214	556802.5191641267	43.900761159148026	607.7657318115234	-1.770532960032142	3.1347869625601787	369379.18476439663	618.7270964428894	507.0343311808094	2.009063	68.67038	2.348306624261367	1.619799440453847	0.0813726028	-0.101182519	0.0261258291	-0.0549156702	-0.1077690021	0.1136479299	-0.1178716184	0.1672162445	-0.0128415775	-0.1052526551	-0.0636357706	-0.0180388273	0.1233013431	-0.23764002	-0.0172916696	0.0535247334	0.1593566616	-0.0609067825	0.0249228851	0.0733013201	-0.0336712614	-0.0219020779	0.0629860915	0.0406469378	0.0895819042	-0.0402435517	0.1252345686	-0.0218530334	0.0133069718	-0.0253374258	0.0741841282	-0.0915583532	0.0780909195	-0.0040392166	-0.0118568767	0.0260554127	0.0066385492	0.0987799324	0.0649907655	-0.099006103	0.0476191395	-0.0746776423	0.0022836627	-0.0218177044	-0.0868369256	0.0115476199	0.1877267824	-0.1986075495	0.0953491631	0.0291299603	0.0518819718	0.0400336719	-0.0854119708	-0.1512981977	0.0081027279	0.0434943833	-0.1121868588	-0.013285512	-0.0058781112	0.1417876407	0.012189576	0.0519726793	-0.1539194203	-0.0524790803	0.0137764431	-0.0562874989	-0.101490302	0.1932194682	-0.0360677917	0.009339371	0.0186226488	0.0427237538	-0.1208465606	0.0796739685	0.0271511785	0.0946700772	0.2400396758	0.0812458816	-0.0883626325	0.0707513308	0.16960528	-0.0351530545	-0.2682133887	0.1898070124	0.0189158235	-0.1022270319	0.086441299	-0.0843416966	0.0139883446	0.073710884	0.2718337598	-0.0242144572	-0.0611619753	0.060676267	0.0211455462	-0.1396943826	-0.0709170888	0.0827606317	-0.0972723574	0.0935229002	-0.0873804928	0.0	0.0	0.0	0.0	-0.2251566041648942	0.0319416300378492	0.0010202677294748	0.0506954963990668	1.608803268179571	0.4331507524752565	0.1876195743698809	2.5882479557052687	2.037286218577151	0.3141536911338818	4.150535136404387	0.0986925416530424	0.033938525594377	-0.0250391807400481	0.0006269605721328	0.0011518235195201	-0.00836947352454	0.0030575657258238	7.004808707797602e-05	9.348708167733028e-06	0.0085587289174808	-0.0032844645464155	7.325184068292206e-05	1.078770735666038e-05	0.0	0.0	0.0	0.0	0.0	0.0	0.0	0.0	0.0	0.0	0.0	0.0	0.0	0.0	0.0	0.0	0.0	0.0	0.0	0.0	0.0	0.0	0.0	0.0	0.0	0.0	0.0	0.0	0.0	0.0	0.0	0.0	0.0	0.0	0.0	0.0	0.0	0.0	0.0	0.0	0.0	0.0	0.0	0.0	0.0	0.0	0.0	0.0	1.0	0.0	0.0	0.0	0.0	0.0
527.2480429095386	-8.442575774835518	277990.4987519387	71.27708571383955	731.7767175946917	-14.415294667652688	535497.1644136612	207.80072035525603	604.165624921414	-3.600106890109487	12.9607696202138	365016.1023366826	614.8331051934034	479.7244226345413	1.381584	47.222954	1.167756387439342	0.6138256151914325	-0.0123850035	0.0009122684	0.0061415789	0.0229286033	-0.020252453	0.0242810748	-0.1581604531	0.1857549603	0.0680839441	-0.0401320605	-0.012499271	-0.0662097933	0.1476127683	-0.1394305648	-0.0125514655	0.0879361568	0.0113203969	-0.1241331742	-0.0525281372	0.1179263734	0.079646772	0.0348197634	-0.0041048204	0.0501952443	-0.0065621423	-0.13338545	0.0248291015	0.0125554955	-0.0332479325	0.0904781105	-0.0773620725	-0.0405002729	-0.0498840363	0.045576749	-0.0259293112	0.0245356107	0.0339257205	0.085093035	0.0344543957	0.021013191	-0.0600713842	-0.0368090868	0.0239126348	0.04850636	-0.0425443745	0.0213126499	0.2008554413	-0.174312874	0.0008742705	-0.0554705147	0.1519125653	-0.1037200661	-0.1650274654	0.0388851993	-0.0788133939	-0.0854384572	-0.0498184882	-0.0068671108	0.0202740679	0.0875751641	-0.0302745776	0.0643428207	0.1270620211	0.0338637122	-0.0299334396	0.0395634626	-0.0106654679	-0.0315387687	0.0193665119	-0.0648449659	-0.0571757272	-0.0133310399	0.1142894004	-0.016094882	-0.0264274782	0.0563363255	0.2800589063	0.1260556771	-0.008487448	0.043921608	0.1036838906	0.1168754177	-0.0895053646	-0.0095099747	0.0269111318	-0.0604174338	-0.0275580923	-0.0408183335	-0.0518336645	0.1214569949	0.0061523192	0.1670846214	0.0544969499	-0.0632290852	0.0446639181	-0.0873266127	-0.1448134789	-0.0349371474	-0.0975006321	0.094425375	-0.0893715933	0.0	0.0	0.0	0.0	-0.2291232409154702	-0.003966636750576	1.5734207111020237e-05	0.0524974595276086	2.039810210184441	0.4310069420048701	0.1857669840563894	4.1608256935726935	1.9698991716564649	-0.067387046920686	3.8805027464928266	0.0045410140926907	0.0438262892789154	0.0098877636845383	9.776787068127636e-05	0.0019207436319591	-0.0102142347810132	-0.0018447612564731	0.0001043305921616	3.403144093384576e-06	0.0069833386232282	-0.0015753902942525	4.8767018326670736e-05	2.481854579225291e-06	0.0	0.0	0.0	0.0	0.0	0.0	0.0	0.0	0.0	0.0	0.0	0.0	0.0	0.0	0.0	0.0	0.0	0.0	0.0	0.0	0.0	0.0	0.0	0.0	0.0	0.0	0.0	0.0	0.0	0.0	0.0	0.0	0.0	0.0	0.0	0.0	0.0	0.0	0.0	0.0	0.0	0.0	0.0	0.0	0.0	0.0	0.0	0.0	0.0	1.0	0.0	0.0	0.0	0.0
524.7507926826821	-2.497250226856522	275363.39442110324	6.236258695534952	734.4387350218636	2.662017427171918	539400.2555005152	7.086336782566997	602.869944625658	-1.2956802957559148	1.678787428810135	363452.170132944	615.203234725608	480.52479324912616	1.004806	34.344563	0.5063211713941635	0.2952675878858599	-0.0176407121	0.0411587553	-0.0460263826	0.0635418505	0.069147127	0.0240995079	-0.1283279109	0.0904282594	0.094830111	-0.0213133138	0.0604379685	-0.0889709979	0.0920498222	-0.0524570517	0.0561839793	0.0124899112	-0.0453707113	-0.1630881406	0.0225961009	0.0469509996	0.0101827682	-0.0644686427	-0.058824284	-0.0017435947	0.0690040782	0.0090685209	0.0008673374	0.00972821	-0.0347358165	0.1241700886	0.0449029059	0.0300600149	-0.0163118424	0.0185528625	-0.0162806767	0.0638439372	0.0464025578	-0.0615231181	0.0538058623	-0.019543179	-0.010508109	0.0662839885	0.007812473	0.080274691	-0.0173177166	0.0953070894	0.1419150192	-0.0290143795	-0.0146286708	-0.0163013416	0.0524004985	-0.0714457268	-0.06126583	0.1174519308	-0.077236417	-0.1312167212	-0.0098054472	-0.2021065288	0.064167851	-0.0813524826	0.0272842203	0.001195779	0.0478576703	0.1014813335	-0.0022303516	0.0812642449	-0.0526475824	-0.0430112004	0.0296922862	-0.0184940566	0.0076966944	-0.1029859544	-0.0685433871	-0.0184849203	-0.013105057	0.0314015089	0.2354514222	0.1006455647	0.0490632071	0.0022523382	0.0170119247	0.1521345212	0.0641049746	-0.0568690242	0.0291683302	0.0182412159	0.0887822579	-0.0025709151	-0.0595541331	-0.0024094989	0.008830414	0.0556218187	0.056547779	0.0411837644	-0.023379759	-0.0030855713	-0.024965036	0.0122484016	-0.0977062309	0.0952400122	-0.0911756552	0.0	0.0	0.0	0.0	-0.235690798900535	-0.0065675579850647	4.313281788718817e-05	0.0555501526863724	2.1002717502151143	0.0604615400306731	0.0036555978228806	4.411141424751659	1.6858132469613594	-0.2840859246951055	2.841966303630401	0.0807048126098731	0.0422501792268163	-0.0015761100520991	2.4841228963278324e-06	0.001785077644698	-0.0108320100588281	-0.0006177752778149	0.0001173324419145	3.816462938792775e-07	0.0078935762669806	0.0009102376437523	6.230854628263939e-05	8.285325681039207e-07	0.0	0.0	0.0	0.0	0.0	0.0	0.0	0.0	0.0	0.0	0.0	0.0	0.0	0.0	0.0	0.0	0.0	0.0	0.0	0.0	0.0	0.0	0.0	0.0	0.0	0.0	0.0	0.0	0.0	0.0	0.0	0.0	0.0	0.0	0.0	0.0	0.0	0.0	0.0	0.0	0.0	0.0	0.0	0.0	0.0	0.0	0.0	0.0	0.0	0.0	1.0	0.0	0.0	0.0
524.2200328070592	-0.5307598756229481	274806.64279623417	0.2817060455712873	725.3942989894322	-9.044436032431465	526196.8890063697	81.80182314474459	604.0891702676536	1.2192256419955356	1.486511166099426	364923.7256346621	615.0161458180363	471.5063166812349	0.7664269999999999	26.196709	0.2028305563077367	0.1249739005130214	0.0011741626	0.0530351986	0.0099990348	0.0899366249	0.0327098398	0.0090100061	-0.0971683287	0.1150372617	0.0788343231	-0.0540946831	0.0461324591	-0.1272081869	0.0916619411	-0.0510392845	0.045935317	-0.0035535667	-0.0841659615	-0.1125195345	-0.0439806632	0.085218397	0.0175569539	0.0421883009	-0.1414180366	-0.0042755919	-0.0358637838	0.0030748598	0.0273631266	-0.0333281806	0.0526611291	-0.0064058146	-0.1539352241	-0.0579289911	0.0048018855	0.0420229985	0.1064369109	0.0260951534	0.0736680725	0.0740519856	0.0146881639	-0.0644774381	-0.0156805745	0.046012131	-0.1015714893	0.069771625	-0.0168310211	0.0968482223	0.1461133493	-0.0245679442	0.0478305905	-0.0342504398	0.1212880294	0.0347922786	0.0138358235	0.0810538576	-0.0776217311	-0.1163381778	-0.0222095988	-0.0632768749	-0.0546280767	0.0421328813	0.0932347462	-0.1239750826	0.063593935	0.035212578	-0.0641352944	-0.0203921578	0.0188773688	0.1476889353	-0.0341966113	-0.0818201381	-0.0190464958	0.0433149331	0.0112935388	-0.1236153433	-0.004722205	0.0266389931	0.2331961182	0.0940163074	0.0502209555	0.0113237141	0.0268854367	0.1648382668	0.0933161931	-0.0055694618	0.0322162422	0.0454698664	0.0262921072	0.0391991332	-0.0343238258	0.0354955959	-0.011076312	0.0137850296	0.0417367718	0.0177576362	0.0469827709	0.0451190123	-0.0509800841	0.0455975884	-0.097889106	0.095966054	-0.0927889027	0.0	0.0	0.0	0.0	-0.2265483494414013	0.0091424494591337	8.358438211281409e-05	0.0513241546346232	2.187299738781576	0.0870279885664615	0.0075738707939241	4.784280147273949	1.7168675996608158	0.0310543526994564	2.9476343547650914	0.0009643728215822	0.0411539478682652	-0.0010962313585511	1.201723191470794e-06	0.0016936474251438	-0.0108749464930948	-4.293643426669935e-05	0.0001182644612276	1.8435373875385942e-09	0.0082665237858165	0.0003729475188358	6.833541550146996e-05	1.3908985180585386e-07	0.0	0.0	0.0	0.0	0.0	0.0	0.0	0.0	0.0	0.0	0.0	0.0	0.0	0.0	0.0	0.0	0.0	0.0	0.0	0.0	0.0	0.0	0.0	0.0	0.0	0.0	0.0	0.0	0.0	0.0	0.0	0.0	0.0	0.0	0.0	0.0	0.0	0.0	0.0	0.0	0.0	0.0	0.0	0.0	0.0	0.0	0.0	0.0	0.0	0.0	0.0	0.0	0.0	0.0
525.0028987436039	0.7828659365446811	275628.04368918674	0.6128790746019805	725.3739287240164	-0.0203702654157496	526167.3364725144	0.000414947713108	607.4649635282198	3.375793260566184	11.395980138084065	369013.6819143413	617.5211619900582	476.5639485720649	0.886525	30.301706	0.3996594358337936	0.2270634793621717	0.0350557593	0.029260536	0.0078397347	0.0922825223	-0.0094225274	0.0507641058	-0.1523020857	0.1762044297	0.0014352624	-0.0919135455	0.0772955815	-0.0530241726	0.1295960878	-0.1198499838	0.0543299882	0.0270846729	0.008287502	0.0202994434	0.0957143699	0.0704835363	-0.0372594657	0.0414288902	-0.205331823	-0.0828281525	-0.0204853507	-0.1191298477	-0.0502805629	0.0587054793	0.005786466	0.1372261762	-0.0007210782	-0.0135023767	-0.0475684864	0.1515867857	0.0274203665	0.0016059137	-0.0526395184	0.0386107359	0.0170785142	0.1424423004	0.1337594374	0.0761014605	-0.0249639649	0.00406572	-0.0723921008	0.1026761077	0.0939055837	-0.1346365504	0.0111008922	-0.0347362776	0.148028394	0.0243509128	-0.0024241436	-0.0710542182	-0.0102552844	-0.0482844057	0.0519038937	-0.0559752566	0.0761219141	0.0071549815	0.0055445167	0.0198620862	0.0373872927	0.189586889	-0.0484311748	0.0244288702	-0.1180606831	-0.0240871846	-0.1283907182	0.0230581404	-0.0459166912	-0.0641572614	0.0222532936	0.0033180243	0.0046304364	0.0307639956	0.2662847803	0.0848736416	0.0410233797	0.0371720245	0.0592799372	0.1415218068	-0.0086625516	0.0354878968	0.0121616833	0.0171190513	-0.0696630621	0.0813047743	-0.0181739822	-0.0255815993	0.1002164462	0.0752279394	0.0852672226	-0.0020192104	0.0038282872	0.1381565064	0.0610539055	0.0314144012	-0.0980492148	0.0966028251	-0.0942079597	0.0	0.0	0.0	0.0	-0.2255672632697809	0.0009810861716203	9.625300761447272e-07	0.0508805902590186	2.0525339749832483	-0.1347657637983275	0.0181618110921466	4.212895718460533	1.8749151755871765	0.1580475759263606	3.5153069156470926	0.0249790362561987	0.0392221751293008	-0.0019317727389644	3.731745915006027e-06	0.0015383790218735	-0.0109143811496488	-3.943465655400005e-05	0.0001191237158798	1.555092137531939e-09	0.0081204309825852	-0.0001460928032312	6.594139934292964e-05	2.134310715597923e-08	0.0	0.0	0.0	0.0	0.0	0.0	0.0	0.0	0.0	0.0	0.0	0.0	0.0	0.0	0.0	0.0	0.0	0.0	0.0	0.0	0.0	0.0	0.0	0.0	0.0	0.0	0.0	0.0	0.0	0.0	0.0	0.0	0.0	0.0	0.0	0.0	0.0	0.0	0.0	0.0	0.0	0.0	0.0	0.0	0.0	0.0	0.0	0.0	0.0	0.0	0.0	0.0	0.0	0.0
520.3301232728174	-4.672775470786405	270743.4371851054	21.83483060038311	719.3759400418827	-5.997988682133723	517501.7431111424	35.975868231004235	602.1125235496161	-5.352439978603684	28.648613724555	362539.4910152869	613.0649461330328	455.6075224008499	1.112361	38.020844	0.5206777017020175	0.4114544219904447	-0.0249223755	0.1025919072	0.0332347821	0.122004599	0.0481618753	0.0146061922	-0.0419592551	0.1058765986	0.1139616556	0.0263364086	0.1251750817	-0.0768325341	0.0805363512	-0.0517782245	0.056242538	-0.0322860861	-0.0702288303	0.0241711137	-0.0798945092	0.0162937655	-0.0637574366	-0.0255852495	-0.0465726356	-0.0923071746	0.0068026509	0.076323112	-0.02329432	-0.0298610393	-0.0265371205	0.1128334267	-0.0517995947	0.0415262228	-0.0684769567	0.0197786735	0.0289484236	0.0596222458	-0.1379280428	0.0692135245	0.0335501572	-0.0565468579	-0.0616463229	-0.0739825968	-0.0303371292	0.1095102753	0.0225441937	0.1314671703	0.0860381702	-0.0045664748	-0.0690863966	0.0157428604	-0.0115223676	-0.1628930839	0.1605785055	0.0236314877	0.0264639538	0.0397345987	-0.0543592277	-0.0908782591	0.0789700641	-0.0839159067	0.0904383931	-0.0732715334	-0.1357605969	-0.0349841275	-0.0322045003	0.0563554791	0.0277134231	-0.01270179	-0.0924139656	-0.1380434822	0.0153639944	-0.0904222373	0.0806651763	-0.0964447893	-0.0225130111	0.021316842	0.1758288262	0.0480430273	0.0734294358	-0.0288725694	-0.0091356331	0.1514031379	0.0987927665	-0.1103116699	0.034373664	0.0184411592	-0.0058338092	-0.0190302336	-0.0118014893	-0.0763207277	-0.0378482866	-0.0510200709	-0.0226464306	-0.0276653239	-0.0907604659	0.0119852104	-0.0081166611	-0.1046632174	-0.0981865202	0.097149733	-0.0954298563	0.0	0.0	0.0	0.0	-0.2527159240867576	-0.0271486608169766	0.0007370497841552	0.0638653382870238	2.1328360318284894	0.080302056845241	0.0064484203335763	4.5489895386658965	1.4717913613541214	-0.4031238142330551	2.166169811356618	0.1625088096018067	0.0391804145930736	-4.176053622719639e-05	1.743942385982982e-09	0.0015351048876851	-0.0110021614857598	-8.778033611100099e-05	0.0001210475573587	7.705387407760304e-09	0.0081929535063819	7.252252379669893e-05	6.712448715773546e-05	5.259516457842763e-09	0.0	0.0	0.0	0.0	0.0	0.0	0.0	0.0	0.0	0.0	0.0	0.0	0.0	0.0	0.0	0.0	0.0	0.0	0.0	0.0	0.0	0.0	0.0	0.0	0.0	0.0	0.0	0.0	0.0	0.0	0.0	0.0	0.0	0.0	0.0	0.0	0.0	0.0	0.0	0.0	0.0	0.0	0.0	0.0	0.0	0.0	0.0	0.0	0.0	0.0	0.0	1.0	0.0	0.0
522.5479556842515	2.217832411434074	273056.3659897905	4.91878060520748	726.0820549964905	6.706114954607756	527195.1505879266	44.97197778441378	604.4594319879753	2.3469084383592644	5.507979218041921	365371.20491922577	615.8220826572045	465.6202616150425	0.872554	29.824171	0.338832669719478	0.1760451829507817	-0.0054212489	0.1149781816	-0.0308534391	0.0908312544	0.0596201291	0.0194904958	-0.0332268645	0.0056371597	0.0655886706	0.0022203012	0.0853088039	-0.0164092022	-0.0154155059	0.0022885856	0.0017981537	0.0060430552	-0.0926612755	-0.0208478898	0.023326716	0.0614597822	-0.0182860667	-0.0880326599	-0.0652719159	-0.1033972239	0.0285916149	0.0781599438	-0.0414226694	-0.1203231221	0.1051802035	0.0409137208	0.0021717008	0.0363432128	0.0103901896	0.0207417482	0.1065564328	-0.0837261304	-0.0560653764	0.0316548048	-0.0649828087	-0.0106789757	-0.0619371024	-0.0718993098	-0.1511054698	0.0654929443	0.0207822556	0.1013421868	0.0038754088	0.0252684197	-0.0029303664	0.0982931229	0.0059095247	0.0268373527	0.0412299227	0.0569269375	0.0390604234	-0.0515908627	0.0133652644	-0.1230007878	-0.0102722032	-0.0156769029	0.0522566229	-0.089539851	-0.0525196456	-0.0506317205	-0.0685474037	-0.014786419	0.0163177537	0.0649517426	-0.0538796733	0.0391986177	0.0233538965	-0.0777168838	0.0190010668	-0.1794100289	0.0175273474	-0.0049043104	0.1344698467	0.0102543524	0.0922772706	-0.0122671134	-0.0393102564	0.1177362529	0.1165843575	-0.0693569702	0.0071920468	0.0560726632	0.0438234169	0.0120323739	-0.0331074572	-0.0548783084	0.0653434423	-0.0389656705	-0.0232400883	0.0411650766	0.0070629616	0.0147024454	0.0831653289	0.0412464238	-0.0983009902	0.0976062691	-0.0964520353	0.0	0.0	0.0	0.0	-0.2496498462573413	0.0030660778294162	9.400833256038084e-06	0.0623250457363141	2.055442515585796	-0.0773935162426933	0.005989756356408	4.224843934877666	1.441586765272163	-0.0302045960819583	2.0781724018078584	0.0009123176244742	0.0360132574671544	-0.0031671571259192	1.0030884260260782e-05	0.0012969547133955	-0.0112606548377116	-0.0002584933519517	0.000126802347374	6.681881300327694e-08	0.0093306726198191	0.0011377191134372	8.706145153824184e-05	1.294404781080331e-06	0.0	0.0	0.0	0.0	0.0	0.0	0.0	0.0	0.0	0.0	0.0	0.0	0.0	0.0	0.0	0.0	0.0	0.0	0.0	0.0	0.0	0.0	0.0	0.0	0.0	0.0	0.0	0.0	0.0	0.0	0.0	0.0	0.0	0.0	0.0	0.0	0.0	0.0	0.0	0.0	0.0	0.0	0.0	0.0	0.0	0.0	0.0	0.0	0.0	0.0	0.0	0.0	0.0	0.0
520.8291043482818	-1.7188513359697026	271262.95593623345	2.954449915164832	728.6661542926516	2.5840992961611846	530954.3644116424	6.677569172420729	602.3929480032859	-2.0664839846893983	4.270356058977773	362877.2638040896	614.268341477473	462.8330819050301	0.838437	28.658035	0.1319731612574501	0.0646013623517616	-0.0412886672	0.1038168993	-0.0163446502	0.1042383951	0.0518149573	-0.0098951488	-0.0511192956	0.0324141714	0.0998731877	0.0366988424	0.1202511975	-0.0312501351	0.0576161948	0.0382208354	0.0133654104	-0.0189320517	-0.066497977	0.1019939919	-0.0832959421	-0.0616268825	-0.091124993	-0.0506242136	-0.0100782636	0.0021019594	0.0647741443	0.0728873101	-0.0376028098	0.0144662748	-0.0342790021	0.1072979949	-0.0733784865	0.0909951998	0.0978671688	-0.066833763	0.0223003924	0.0214129747	0.0178254282	-0.0748563889	-0.0192543297	0.0083973506	-0.0901594296	0.0200661777	0.0298591646	0.0950019569	0.034725233	0.1302555194	0.017377191	0.021311911	-0.1007672656	0.0194818384	-0.0314729356	-0.1062371014	0.0693885893	0.0833184236	0.0005630631	-0.0133763752	0.0596252746	-0.0522406104	0.0806095625	-0.0760197715	0.0475195334	-0.0626658438	-0.0532106126	0.0241581228	-0.000284147	0.0963443387	0.0387481433	0.0210449092	0.0388224865	0.0411599628	-0.0025419053	-0.055334965	0.0421408141	0.0402101805	-0.0024194304	-0.0078098962	0.124991699	0.0042775165	0.0880511997	-0.0244547975	-0.0160287283	0.1409465961	0.1181002279	-0.1088915032	0.0375462899	0.0547306602	-0.06846412	0.0113276221	0.0335604464	-0.037514752	-0.0590972284	-0.0356904507	-0.0799799065	-0.0387768639	-0.0057285289	0.033246283	-0.016658956	-0.0215093161	-0.0983925981	0.0979720086	-0.0972723574	0.0	0.0	0.0	0.0	-0.2372577298816054	0.0123921163757358	0.0001535645482697	0.0562912303885728	2.107508398009969	0.052065882424173	0.0027108561126078	4.4415916476825466	1.4197581767814569	-0.0218285884907061	2.015713280537806	0.0004764872754965	0.036501470088006	0.0004882126208516	2.383515631587892e-07	0.0013323573185855	-0.0108842205492436	0.0003764342884679	0.0001184662569645	1.4170277353440916e-07	0.009281588049802	-4.9084570017100815e-05	8.614787672622729e-05	2.409295013763672e-09	0.0	0.0	0.0	0.0	0.0	0.0	0.0	0.0	0.0	0.0	0.0	0.0	0.0	0.0	0.0	0.0	0.0	0.0	0.0	0.0	0.0	0.0	0.0	0.0	0.0	0.0	0.0	0.0	0.0	0.0	0.0	0.0	0.0	0.0	0.0	0.0	0.0	0.0	0.0	0.0	0.0	0.0	0.0	0.0	0.0	0.0	0.0	0.0	0.0	0.0	0.0	0.0	0.0	0.0
521.2359920219958	0.4068876737139817	271686.9593791541	0.1655575790203756	731.4288207462856	2.762666453633983	534988.119818302	7.632325934034569	600.8694013996698	-1.5235466036161824	2.321194253390405	361044.0375383975	614.3303843562765	456.9709899685878	1.08335	37.029221	0.8158490967065732	0.5618048702927485	-0.1159587444	0.1010483035	0.024176098	0.0697724679	0.1357144866	0.0337564761	0.1029519172	-0.0753893161	0.1161558454	0.1531179836	0.0127907202	-0.0212916119	0.0411086242	0.0095197262	-0.0371706655	-0.1014999379	-0.0591919693	0.0309645622	0.0076215017	-0.0359528474	0.0782923605	-0.1277423825	-0.017609178	-0.0666291782	0.0388087028	0.1510656182	-0.0204970572	-0.0230420207	0.0609197303	0.0019497391	0.0554678748	-0.1090656755	0.0997889089	-0.0572861844	-0.0797759207	-0.0443144144	-0.0553193483	-0.0712296397	-0.0954931185	0.0431217975	-0.0241112803	-0.093641924	-0.0775332902	0.0966467931	0.166862279	0.039280254	0.0021624063	0.0758742276	-0.0371540407	0.0909366735	-0.1597794362	-0.0023147165	0.0768856478	0.0870128031	0.0139054151	-0.0231978595	0.0083223426	-0.1103698898	0.0112169525	-0.0378820683	-0.0680795409	-0.0218754925	-0.0972764758	-0.0309172355	-0.0184964354	-0.0987749196	0.0317755724	0.0642962127	-0.0255279943	0.1276139934	0.1137526453	-0.0329881857	0.1045584136	0.0586507847	-0.0463726649	-0.0678950885	0.0405738148	-0.0749202148	0.0123983619	-0.0855940465	-0.0455932123	0.1534977498	0.165252675	-0.1722070483	-0.0339833012	0.0199372396	0.014716554	-0.1112716784	0.0086563306	-0.0907905896	-0.0054177995	-0.1201182037	-0.1000783385	0.0058707967	0.0436364117	-0.0050672664	0.001329536	-0.0351828727	-0.0984613227	0.0982466114	-0.097889106	0.0	0.0	0.0	0.0	-0.2020200434857741	0.0352376863958313	0.0012416945425309	0.040812097969994	1.8911724954769653	-0.2163359025330038	0.0468012227247693	3.576533407648572	0.9155020246768686	-0.5042561521045883	0.8381439571874457	0.2542742669353257	0.0373000962143729	0.0007986261263668	6.378036897157994e-07	0.0013912971776014	-0.0112553715256384	-0.0003711509763947	0.0001266833881801	1.3775304727881266e-07	0.0092509780391007	-3.061001070129958e-05	8.558059467992343e-05	9.36972755133675e-10	0.0	0.0	0.0	0.0	0.0	0.0	0.0	0.0	0.0	0.0	0.0	0.0	0.0	0.0	0.0	0.0	0.0	0.0	0.0	0.0	0.0	0.0	0.0	0.0	0.0	0.0	0.0	0.0	0.0	0.0	0.0	0.0	0.0	0.0	0.0	0.0	0.0	0.0	0.0	0.0	0.0	0.0	0.0	0.0	0.0	0.0	0.0	0.0	0.0	0.0	0.0	0.0	1.0	0.0
522.975349165148	1.7393571431522332	273503.2158344085	3.0253632714346983	724.648596913474	-6.780223832811657	525115.5890086665	45.9714352230272	604.0357498365411	3.166348436871317	10.025762423677431	364859.1870805925	614.1503849803953	459.0944004589791	1.056477	36.11071	0.8229085079605436	0.4865316256901947	-0.0254329274	0.0992679042	0.0145749106	0.0856179344	0.0391127989	-0.0214675555	0.0500210588	-0.0232076982	0.0543530159	0.0264554257	0.0420142387	-0.006839039	0.069236848	-0.0042407696	-0.0989698389	-0.0927399649	-0.1466757562	-0.0691580136	-0.0285992466	-0.0875179865	-0.0441037137	-0.0209195527	0.036264243	-0.0762938251	-0.0299652042	-0.1351636445	-0.0148497111	-0.0145747501	0.0715944748	0.0191216256	0.0507395015	0.0247044179	0.0796291091	-0.0383272401	-0.0718724407	0.0027218814	0.0040519094	0.0005447876	-0.0247073946	-0.0375307163	0.0268556221	-0.0161210737	-0.0306997625	0.0648964468	0.0441359729	0.0553004756	-0.0132531839	0.0217842342	-0.008849626	0.1760687517	0.0180048407	0.1327662868	0.1187123002	0.064885776	-0.0670389034	-0.0303815653	-0.1134493128	0.0285400844	-0.058257079	0.0224451122	0.1021420274	-0.0411109525	-0.1126354307	0.0346497669	0.0033523534	-0.0102872468	0.0913078937	0.0687044339	0.0661863296	-0.0369217106	-0.0114842365	0.0098756465	-0.0113252067	0.0794460032	-0.0031268706	-0.0174428164	0.0545865264	-0.03387312	0.1022879095	-0.0240822668	-0.078816142	0.0895295099	0.133349697	-0.1357683139	-0.0698884931	0.0312143869	0.0709032069	-0.0260836323	-0.0119296884	-0.1420926701	-0.0134451237	-0.2014194766	0.0049686316	-0.0544927093	0.0417108118	0.0574163416	-0.007895103	0.0404460389	-0.098507148	0.0984298219	-0.0983009902	0.0	0.0	0.0	0.0	-0.2522188903750617	-0.0501988468892875	0.0025199242290141	0.0636143686620273	2.1108403568771195	0.2196678614001541	0.0482539693321173	4.455647012221125	1.2439915275062106	0.328489502829342	1.547514920507235	0.1079053534690682	0.0335255916339868	-0.003774504580386	1.4246884827355635e-05	0.0011239652944088	-0.0114453634832412	-0.0001899919576028	0.0001309963452635	3.609694395374466e-08	0.009777527437947	0.0005265493988462	9.560004279980642e-05	2.77254269425399e-07	0.0	0.0	0.0	0.0	0.0	0.0	0.0	0.0	0.0	0.0	0.0	0.0	0.0	0.0	0.0	0.0	0.0	0.0	0.0	0.0	0.0	0.0	0.0	0.0	0.0	0.0	0.0	0.0	0.0	0.0	0.0	0.0	0.0	0.0	0.0	0.0	0.0	0.0	0.0	0.0	0.0	0.0	0.0	0.0	0.0	0.0	0.0	0.0	0.0	0.0	0.0	0.0	0.0	1.0
524.1167803421075	1.141431176959486	274698.399436177	1.3028651317351174	725.564006302356	0.9154093888820398	526443.1272415253	0.8379743492533896	604.5981144720904	0.5623646355493293	0.3162539833165299	365538.8800232069	614.7034073679071	469.379568802468	0.8676009999999998	29.654875	0.3008302981576564	0.1688090316616977	-0.005966141	0.068592296	-0.0082617585	0.0768361097	0.0201477465	-0.022365553	0.0316560693	0.0127558474	0.0587633592	-0.0123118235	-0.0077737627	-0.1195481601	-0.0147539946	0.0092971975	-0.0605952808	0.0117779169	-0.1665930534	-0.0542019722	-0.0782483505	-0.0279662596	0.0153621515	0.1109343747	-0.0031583349	-0.0457212931	-0.0270507052	-0.0275656329	0.0083065711	-0.0759115276	0.1092314477	-0.0064948686	0.0083318799	0.1113398038	0.025488444	0.00405107	-0.0663353436	-0.0772028792	0.0683204853	-0.0629004529	-0.0069657545	-0.0601513682	0.0283458232	0.0234718932	0.1199464338	0.0591297905	-0.006977928	0.0156342733	0.0479483432	0.0596773686	0.0536145475	0.0243701056	0.0873790212	-0.0769597056	0.0656967623	0.1467388777	-0.0003596701	-0.0862408708	-0.0478089231	0.0623477091	-0.0831162494	0.028090369	0.0313056102	0.0114412198	-0.0244816715	0.1063082943	0.0906816312	0.0011893919	0.0349171257	-0.0694577317	-0.0288284896	-0.0256124767	0.0455501747	0.1437091512	0.0156484829	0.0042769453	0.0090101293	-0.0036389032	0.0535141947	-0.0049491728	0.1333397175	-0.0072670089	-0.083531577	0.0902060923	0.1173394751	-0.0867739118	0.0114499037	0.018826918	-0.0125528139	0.0143345217	-0.0131329321	-0.0326836039	-0.0839278665	-0.2069840596	-0.0310805468	0.0080580152	-0.0108181514	0.019262043	0.1169902023	-0.0250437836	-0.0985300633	0.0985214698	-0.098507148	0.0	0.0	0.0	0.0	-0.2488329269931881	0.0033859633818735	1.1464748023388772e-05	0.0619178255559972	2.1783935425795704	0.0675531857024509	0.0045634328985498	4.745398426352371	1.3334398036945174	0.0894482761883068	1.7780617100768732	0.0080009941130596	0.0316275556077968	-0.00189803602619	3.602540756715128e-06	0.0010003022737242	-0.0119378878824711	-0.0004925243992299	0.0001425131670944	2.425802838367742e-07	0.0101958244702276	0.0004182970322806	0.0001039548366276	1.7497240721475865e-07	0.0	0.0	0.0	0.0	0.0	0.0	0.0	0.0	0.0	0.0	0.0	0.0	0.0	0.0	0.0	0.0	0.0	0.0	0.0	0.0	0.0	0.0	0.0	0.0	0.0	0.0	0.0	0.0	0.0	0.0	0.0	0.0	0.0	0.0	0.0	0.0	0.0	0.0	0.0	0.0	0.0	0.0	0.0	0.0	0.0	0.0	0.0	0.0	0.0	0.0	0.0	0.0	0.0	0.0
