global_signal	global_signal_derivative1	global_signal_derivative1_power2	global_signal_power2	csf	csf_derivative1	csf_power2	csf_derivative1_power2	white_matter	white_matter_derivative1	white_matter_derivative1_power2	white_matter_power2	csf_wm	tcompcor	std_dvars	dvars	framewise_displacement	rmsd	t_comp_cor_00	t_comp_cor_01	c_comp_cor_00	c_comp_cor_01	c_comp_cor_02	c_comp_cor_03	c_comp_cor_04	c_comp_cor_05	c_comp_cor_06	c_comp_cor_07	w_comp_cor_00	w_comp_cor_01	w_comp_cor_02	w_comp_cor_03	w_comp_cor_04	w_comp_cor_05	w_comp_cor_06	w_comp_cor_07	w_comp_cor_08	w_comp_cor_09	w_comp_cor_10	w_comp_cor_11	w_comp_cor_12	w_comp_cor_13	w_comp_cor_14	w_comp_cor_15	w_comp_cor_16	w_comp_cor_17	w_comp_cor_18	w_comp_cor_19	w_comp_cor_20	w_comp_cor_21	w_comp_cor_22	w_comp_cor_23	w_comp_cor_24	w_comp_cor_25	w_comp_cor_26	w_comp_cor_27	w_comp_cor_28	w_comp_cor_29	w_comp_cor_30	w_comp_cor_31	w_comp_cor_32	w_comp_cor_33	w_comp_cor_34	w_comp_cor_35	w_comp_cor_36	w_comp_cor_37	w_comp_cor_38	w_comp_cor_39	w_comp_cor_40	w_comp_cor_41	w_comp_cor_42	w_comp_cor_43	w_comp_cor_44	w_comp_cor_45	w_comp_cor_46	w_comp_cor_47	a_comp_cor_00	a_comp_cor_01	a_comp_cor_02	a_comp_cor_03	a_comp_cor_04	a_comp_cor_05	a_comp_cor_06	a_comp_cor_07	a_comp_cor_08	a_comp_cor_09	a_comp_cor_10	a_comp_cor_11	a_comp_cor_12	a_comp_cor_13	a_comp_cor_14	a_comp_cor_15	a_comp_cor_16	a_comp_cor_17	a_comp_cor_18	a_comp_cor_19	a_comp_cor_20	a_comp_cor_21	a_comp_cor_22	a_comp_cor_23	a_comp_cor_24	a_comp_cor_25	a_comp_cor_26	a_comp_cor_27	a_comp_cor_28	a_comp_cor_29	a_comp_cor_30	a_comp_cor_31	a_comp_cor_32	a_comp_cor_33	a_comp_cor_34	a_comp_cor_35	a_comp_cor_36	a_comp_cor_37	a_comp_cor_38	a_comp_cor_39	a_comp_cor_40	a_comp_cor_41	a_comp_cor_42	a_comp_cor_43	a_comp_cor_44	edge_comp_00	edge_comp_01	edge_comp_02	edge_comp_03	edge_comp_04	edge_comp_05	edge_comp_06	edge_comp_07	edge_comp_08	edge_comp_09	edge_comp_10	edge_comp_11	edge_comp_12	edge_comp_13	edge_comp_14	edge_comp_15	edge_comp_16	edge_comp_17	edge_comp_18	edge_comp_19	edge_comp_20	edge_comp_21	edge_comp_22	edge_comp_23	cosine00	cosine01	cosine02	non_steady_state_outlier00	non_steady_state_outlier01	non_steady_state_outlier02	trans_x	trans_x_derivative1	trans_x_derivative1_power2	trans_x_power2	trans_y	trans_y_derivative1	trans_y_power2	trans_y_derivative1_power2	trans_z	trans_z_derivative1	trans_z_derivative1_power2	trans_z_power2	rot_x	rot_x_derivative1	rot_x_power2	rot_x_derivative1_power2	rot_y	rot_y_derivative1	rot_y_derivative1_power2	rot_y_power2	rot_z	rot_z_derivative1	rot_z_derivative1_power2	rot_z_power2	motion_outlier00	motion_outlier01	motion_outlier02	motion_outlier03	motion_outlier04	motion_outlier05	motion_outlier06	motion_outlier07
761.0157081102509	n/a	n/a	579144.9079905465	1420.7418137076515	n/a	2018507.3012173076	n/a	771.3996807807315	n/a	n/a	595057.4675086144	850.1953253708987	708.1750746353813	n/a	n/a	n/a	n/a	0.0	0.0	0.0	0.0	0.0	0.0	0.0	0.0	0.0	0.0	0.0	0.0	0.0	0.0	0.0	0.0	0.0	0.0	0.0	0.0	0.0	0.0	0.0	0.0	0.0	0.0	0.0	0.0	0.0	0.0	0.0	0.0	0.0	0.0	0.0	0.0	0.0	0.0	0.0	0.0	0.0	0.0	0.0	0.0	0.0	0.0	0.0	0.0	0.0	0.0	0.0	0.0	0.0	0.0	0.0	0.0	0.0	0.0	0.0	0.0	0.0	0.0	0.0	0.0	0.0	0.0	0.0	0.0	0.0	0.0	0.0	0.0	0.0	0.0	0.0	0.0	0.0	0.0	0.0	0.0	0.0	0.0	0.0	0.0	0.0	0.0	0.0	0.0	0.0	0.0	0.0	0.0	0.0	0.0	0.0	0.0	0.0	0.0	0.0	0.0	0.0	0.0	0.0	0.0	0.0	0.0	0.0	0.0	0.0	0.0	0.0	0.0	0.0	0.0	0.0	0.0	0.0	0.0	0.0	0.0	0.0	0.0	0.0	0.0	0.0	0.0	0.0	0.0	0.0	0.0	1.0	0.0	0.0	0.0062384559369661	n/a	n/a	3.891833247746758e-05	-0.025689598386819	n/a	0.000659955465276	n/a	0.0727706736253139	n/a	n/a	0.0052955709398819	0.0002699999991675	n/a	7.289999955044998e-08	n/a	0.0001100003883232	n/a	n/a	1.2100085431254796e-08	-1.4877580179780253e-08	n/a	n/a	2.213423920057902e-16	0.0	0.0	0.0	0.0	0.0	0.0	0.0	0.0
599.0102019286822	-162.00550618156865	26245.78403314628	358813.2220146407	971.0587834772074	-449.68303023044416	942955.160968234	202214.82767723457	641.9273664356333	-129.4723143450982	16763.08018187592	412070.7437789879	681.5881934806324	522.7587026279906	9.808295	299.531158	0.2856239231649184	0.1551875379948725	0.0	0.0	0.0	0.0	0.0	0.0	0.0	0.0	0.0	0.0	0.0	0.0	0.0	0.0	0.0	0.0	0.0	0.0	0.0	0.0	0.0	0.0	0.0	0.0	0.0	0.0	0.0	0.0	0.0	0.0	0.0	0.0	0.0	0.0	0.0	0.0	0.0	0.0	0.0	0.0	0.0	0.0	0.0	0.0	0.0	0.0	0.0	0.0	0.0	0.0	0.0	0.0	0.0	0.0	0.0	0.0	0.0	0.0	0.0	0.0	0.0	0.0	0.0	0.0	0.0	0.0	0.0	0.0	0.0	0.0	0.0	0.0	0.0	0.0	0.0	0.0	0.0	0.0	0.0	0.0	0.0	0.0	0.0	0.0	0.0	0.0	0.0	0.0	0.0	0.0	0.0	0.0	0.0	0.0	0.0	0.0	0.0	0.0	0.0	0.0	0.0	0.0	0.0	0.0	0.0	0.0	0.0	0.0	0.0	0.0	0.0	0.0	0.0	0.0	0.0	0.0	0.0	0.0	0.0	0.0	0.0	0.0	0.0	0.0	0.0	0.0	0.0	0.0	0.0	0.0	0.0	1.0	0.0	0.0110342323523013	0.0047957764153352	2.299947142588535e-05	0.0001217542836045	0.0405247380398066	0.0662143364266256	0.0016422543931949	0.0043843383484183	-0.0693686098491497	-0.1421392834744636	0.0202035759066339	0.0048120040324035	-0.0004699558206358	-0.0007399558198032	2.2085847334946827e-07	5.475346152607736e-07	-0.0002590802333317	-0.0003690806216549	1.3622050528116744e-07	6.712256730320814e-08	0.0003404392179315	0.0003404540955116	1.15908991150676e-07	1.1589886110581137e-07	1.0	0.0	0.0	0.0	0.0	0.0	0.0	0.0
568.5569298408221	-30.453272087860118	927.40178085724	323256.9824700215	820.738177365477	-150.3206061117304	673611.1557852052	22596.284621798	630.107051937137	-11.82031449849626	139.71983484336087	397034.8969009099	655.3571116524716	465.81968898151234	2.281856	69.684586	0.1679524334959423	0.0761530922520649	0.0	0.0	0.0	0.0	0.0	0.0	0.0	0.0	0.0	0.0	0.0	0.0	0.0	0.0	0.0	0.0	0.0	0.0	0.0	0.0	0.0	0.0	0.0	0.0	0.0	0.0	0.0	0.0	0.0	0.0	0.0	0.0	0.0	0.0	0.0	0.0	0.0	0.0	0.0	0.0	0.0	0.0	0.0	0.0	0.0	0.0	0.0	0.0	0.0	0.0	0.0	0.0	0.0	0.0	0.0	0.0	0.0	0.0	0.0	0.0	0.0	0.0	0.0	0.0	0.0	0.0	0.0	0.0	0.0	0.0	0.0	0.0	0.0	0.0	0.0	0.0	0.0	0.0	0.0	0.0	0.0	0.0	0.0	0.0	0.0	0.0	0.0	0.0	0.0	0.0	0.0	0.0	0.0	0.0	0.0	0.0	0.0	0.0	0.0	0.0	0.0	0.0	0.0	0.0	0.0	0.0	0.0	0.0	0.0	0.0	0.0	0.0	0.0	0.0	0.0	0.0	0.0	0.0	0.0	0.0	0.0	0.0	0.0	0.0	0.0	0.0	0.0	0.0	0.0	0.0	0.0	0.0	1.0	0.047941687532031	0.0369074551797296	0.0013621602478437	0.0022984054034188	0.0011436390990553	-0.0393810989407513	1.3079103888880183e-06	0.0015508709537812	-0.0357692671813083	0.0335993426678414	0.001128915827711	0.0012794404746878	-0.0003551623512538	0.000114793469382	1.261402957481276e-07	1.317754061275618e-08	-0.0007771546799018	-0.0005180744465701	2.684011321889154e-07	6.039693964932691e-07	0.0008688620361318	0.0005284228182003	2.792306747947473e-07	7.549212378310973e-07	0.0	1.0	0.0	0.0	0.0	0.0	0.0	0.0
561.9929310570028	-6.563998783819329	43.08608003398163	315836.0545580411	774.9878837897343	-45.75029357574272	600606.2200208907	2093.0893622666454	628.9185653821557	-1.1884865549812955	1.4125002913713085	395538.5618823489	649.0449840109568	452.9671270445637	1.042725	31.843328	0.1592737227037935	0.0742784623057289	-0.0030842948	0.2227017203	-0.0592696865	-0.3772111201	0.1314459933	0.0310886305	0.2100351127	-0.1718805871	-0.1243487419	0.1958252522	-0.1002607689	0.1572720263	-0.0412027999	0.0340991403	-0.1033120915	0.1317129227	0.0322476009	-0.0779928348	0.0390287797	-0.0831887136	0.0115589887	-0.0063875715	0.0106057247	-0.0219422448	0.0466093037	-0.0985242351	0.1110240374	-0.1071115907	0.0897765809	-0.0070509054	0.092382743	-0.118957372	0.0117043222	-0.1199624918	0.0587863539	-0.018222402	0.0587367864	-0.056518628	0.0972559418	-0.1042730685	0.0852789855	-0.0666519746	0.1296045104	-0.0924991907	0.119962579	-0.1030846198	0.0452591331	-0.0629414661	0.0065608027	0.0392091182	-0.0199855299	0.0520836516	-0.0575337613	-0.0511534614	0.0054978004	0.0857200443	-0.0103182159	-0.016294794	-0.1268307769	0.2276710076	-0.0393836995	0.0483879623	-0.1183406458	0.0868474598	-0.3325056861	0.2001416991	-0.0816728306	-0.0123858608	0.070241645	-0.1369265124	0.117156498	-0.0872857073	0.0927604875	-0.1162957487	0.0458783177	-0.186453399	0.055982541	-0.0448204368	0.0508663968	-0.0284619982	0.078218446	-0.017270326	0.0502704477	-0.0444834918	0.117766981	-0.0468244232	0.0073642673	-0.0458611204	0.0520498624	-0.0761630437	0.1212497644	-0.0960440494	0.0562124556	-0.0342207578	0.0643756076	-0.0758053709	0.0536502579	-0.0720154637	-0.0314214506	0.0138193886	-0.0398603081	-0.0730866591	0.0623841664	-0.0997547429	0.1723656994	0.0939004741	0.0857657993	0.0315420072	-0.1480744065	0.1160011708	-0.0905906753	0.1588152484	-0.0367019991	0.0348676034	-0.0331631668	-0.0144945185	0.1205031709	-0.0895656487	0.0760550668	-0.0179522106	0.0827263979	-0.0077027676	0.1043225253	-0.0058902573	0.0199996745	-0.0506607803	0.0297674675	0.0982918074	0.0982833173	0.0982691678	0.0	0.0	0.0	0.0663980442035381	0.0184563566715071	0.0003406371015858	0.004408700274055	0.0311986362768266	0.0300549971777713	0.0009733549055337	0.0009033028553558	0.0016705255274018	0.0374397927087101	0.0014017380780711	2.790655537701062e-06	-0.0007735942218197	-0.0004184318705659	5.984480200328273e-07	1.7508523030527816e-07	-0.0012960374522563	-0.0005188827723545	2.692393314462919e-07	1.679713077651001e-06	0.0013979989161275	0.0005291368799956	2.7998583777158375e-07	1.9544009694936647e-06	0.0	0.0	0.0	0.0	0.0	0.0	0.0	0.0
561.4151222268655	-0.5778088301373145	0.333863044184652	315186.93946500635	759.6366402248167	-15.35124356491758	577047.8251720476	235.66067898942345	629.6023148528243	0.6837494706685447	0.4675133386395151	396399.0748680349	646.8460458296121	446.2903292490088	0.934955	28.552168	0.2720552652005975	0.1275524508502734	-0.0738139692	0.2263169644	0.0552463247	-0.2292115843	0.2281386698	0.1914869405	0.1915400134	-0.1045632473	0.0484520627	0.0230209186	-0.0695195244	0.1963962665	-0.1675662757	0.0424957353	0.0250197004	0.0916250766	0.0921467536	-0.0834440659	-0.0594655888	0.0111465347	-0.0455688835	-0.0590883169	-0.0196057957	0.0926237692	-0.0361866843	-0.0422753358	-0.0520286197	-0.0100138938	0.1351814026	0.0021603749	-0.1048293086	-0.0820252649	-0.0937138129	-0.0420935266	-0.0305279339	-0.0177167287	-0.1357010056	-0.0541121795	0.0392125941	-0.0379879851	0.0619842258	0.0181063185	0.0480785852	-0.0180177849	0.0925470115	0.0215668431	-0.0918330181	0.0495000735	-0.0698982133	0.0146521688	-0.0182086357	-0.0279762539	-0.1497632177	-0.0464736784	0.0812886096	-0.103950358	-0.0108720388	0.0268953417	-0.0455737107	0.2676187524	0.0455318383	0.1223581362	0.0155327786	-0.019752786	-0.1232183469	0.1392535316	0.0735243529	0.0246880284	0.0727715697	-0.0077021453	0.2293922474	0.0470497289	0.0934007775	-0.0347113089	-0.0513508764	0.0069970551	0.138766306	-0.062876479	-0.10057428	0.0845960243	-0.0342454487	0.0144632544	0.010173317	0.0770079899	0.0719101478	0.0599576125	-0.0676476532	0.0673717535	-0.0258348676	-0.0661545258	0.0423540763	0.068454376	-0.0040808399	-0.0887104646	-0.0097556652	0.0343144017	0.0243580644	-0.1532315631	0.0267526175	0.0075502443	0.1440301572	-0.0094178284	-0.0032510641	-0.0826503558	0.204397192	0.0863430515	0.1224748682	-0.0021384112	-0.1216917375	0.1222962151	-0.0943919619	0.255975207	0.0513787398	0.128714598	0.0699980361	-0.2154422698	0.1693168111	-0.1100844795	0.0726360257	-0.1647491139	0.010906983	0.0335208757	-0.0235991659	-0.0137636478	0.0625138597	-0.1173299223	-0.0041386938	0.0982691678	0.0981927721	0.0980654899	0.0	0.0	0.0	0.0043753942874076	-0.0620226499161305	0.0038468091026188	1.9144075170279057e-05	-0.0277038573933481	-0.0589024936701747	0.0007675037144709	0.0034695037605649	0.0785416548316391	0.0768711293042373	0.0059091705205087	0.0061687915436923	-0.0015449620125166	-0.0007713677906968	2.3869076201193428e-06	5.950082685246164e-07	-0.0007091785906163	0.00058685886164	3.444033234853967e-07	5.029342733885216e-07	0.0015249521099917	0.0001269531938642	1.611711343232116e-08	2.325478937768138e-06	0.0	0.0	0.0	0.0	0.0	0.0	0.0	0.0
560.9978946829317	-0.4172275439337909	0.1740788234170234	314718.6378386817	749.87181561548	-9.764824609336642	562307.7398544565	95.35179965110652	628.931433537576	-0.6708813152482662	0.4500817391492435	395554.7480916304	645.1624782617296	447.49538091161975	0.8389109999999999	25.619125	0.2777206245932376	0.1316022286891359	-0.0439675627	0.2070232531	0.0070935456	-0.073940998	0.2021969836	0.0066209748	0.1639046569	-0.0714592693	0.0990969146	0.0763859227	-0.0938374547	0.1609633766	-0.0171502991	0.153074167	-0.0067597493	-0.0076151362	-0.0302124929	-0.1590330944	0.0043272945	-0.0330866873	0.0345722613	0.0093214137	-0.0448913568	-0.113267724	-0.1997731871	-0.1385996275	0.005288546	0.0920096047	-0.0227327519	0.102476325	-0.1109091665	-0.0379396313	-0.0395423393	0.0186650267	0.0351324403	-0.0721392336	-0.0201665669	0.0261423269	-0.1135042628	0.1076530067	-0.0769399937	-0.158376165	-0.085269545	-0.0653708391	-0.0727896483	-0.0277178452	-0.0531886454	0.1127357128	0.0548147685	-0.10514125	-0.0691291736	-0.1081985322	0.0961270799	-0.0422339824	-0.0166754743	0.0432345336	0.0197274571	0.0670948533	-0.0527579641	0.1919761754	0.1081046008	-0.0405195228	0.1270688921	0.0086850935	-0.0457141024	0.0659154895	0.0093141422	0.0986540863	-0.1503886241	0.0351163629	0.0851526564	0.0070845264	0.1259140095	-0.0374370924	0.1757775103	-0.098953044	-0.135798407	0.0124504361	-0.0562582924	0.0068217235	-0.096915383	0.0610649101	0.0018210261	-0.0066410311	-0.0180486199	0.1180032873	0.043591058	-0.0667447271	-0.0600102209	0.0015486064	-0.082865647	0.068351598	-0.1046693856	0.0463194388	-0.0985601963	0.3053344828	-0.0274745111	0.0429919382	-0.0038131277	0.0729478719	-0.0714825849	0.0397321801	-0.0569291106	-0.0848090396	0.1766644129	0.088068655	0.0900518678	0.0023032529	-0.0592521017	-0.0163293801	-0.0485021366	0.2401917723	-0.0650019281	0.0945650526	-0.020106922	-0.119133254	0.1543141115	-0.0441866085	0.0495487672	0.028721434	-0.0195348148	-0.0562914308	-0.0567781951	0.1163161099	-0.0389097021	0.0295380002	0.0703618707	0.0982238939	0.0980117651	0.0976585564	0.0	0.0	0.0	0.0606406573695039	0.0562652630820963	0.0031657798296975	0.0036772893262055	0.0650160743984145	0.0927199317917626	0.0042270899301801	0.0085969857514691	0.0445951749459254	-0.0339464798857136	0.0011523634966311	0.0019887296284576	-0.0012486691371222	0.0002962928753943	1.5591746140014995e-06	8.778946800948135e-08	-0.0018292535465034	-0.0011200749558871	1.2545679068054888e-06	3.346168537395266e-06	0.0020043632753835	0.0004794111653918	2.29835065502324e-07	4.017472139706073e-06	0.0	0.0	0.0	0.0	0.0	0.0	0.0	0.0
561.6094891966077	0.6115945136759819	0.3740478491585609	315405.2183556746	751.8862334317381	2.01441781625806	565332.9080241661	4.057879138457892	629.6485319154452	0.7170983778692062	0.5142300835426468	396457.2737432754	646.4144523866169	443.00453592383343	0.769607	23.502686	0.1406499658791269	0.0764203480640779	-0.0173003263	0.1914961736	-0.0136576164	-0.0562660159	0.1948791899	0.1419143182	0.092297118	-0.1521798864	0.0238940259	0.0494492328	-0.0901021796	0.197543257	0.0654474323	0.0476240974	-0.0027298059	0.061420377	0.0443785537	0.0701184298	-0.0206558963	0.020403644	0.0197118641	0.0287310202	0.0351467278	-0.0162609609	-0.0460403017	0.0230877031	-0.0652510274	-0.0602816545	-0.0141657114	0.0428607742	-0.0554784709	0.0388273477	-0.1227536259	0.0505883115	0.0631667747	0.0637084801	0.0372381759	-0.2226586858	0.0109183972	-0.11899999	-0.0564221096	-0.05191984	-0.0375429093	0.0573336671	-0.0143263577	-0.0509040045	0.0159467765	0.0194750092	0.1552115028	-0.1675486847	-0.1522153455	-0.0149004372	0.1195767923	-0.0317781069	0.0566536059	-0.0414783267	0.0286379384	0.0344408082	-0.0440352735	0.2140745031	0.0309953636	-0.0605074829	0.0574166026	-0.0894954504	-0.1027639752	0.0844064783	0.0106662869	0.0512996031	0.0483573851	0.1479785788	0.0496244314	0.0938907242	0.0295241391	0.0154941381	-0.0053530364	-0.0323155471	0.0303423585	-0.030608906	0.0082451034	-0.0018058732	-0.0398254931	0.0042145296	0.0403107996	0.0663855308	-0.0303020463	-0.0199206096	0.1315121559	0.1278105203	0.0025010068	0.0564163103	-0.0497519721	0.044564153	0.051197593	0.1659300882	0.0791072789	0.0317338926	-0.0878020999	0.1457175557	0.0520185348	-0.0386571896	-0.0989004246	0.0426150474	0.1170790672	-0.1044544385	0.1551718422	0.0717541756	0.1052411525	0.0244517353	-0.0982352384	-0.0290562377	-0.0777454015	0.1777285999	0.0355677474	-0.0169836368	0.0575840104	-0.183301468	0.0602208343	0.0497202721	-0.0495078689	0.0566087343	0.0143610529	-0.1201925519	-0.0569353962	-0.1196396082	-0.0087424536	-0.0907832325	-0.037904169	0.0981559961	0.097740463	0.0970492106	0.0	0.0	0.0	0.0571711912045884	-0.0034694661649155	1.2037195469493483e-05	0.0032685451037516	0.0034140545359804	-0.0616020198624341	1.1655768374648345e-05	0.0037948088511317	0.0235160315665581	-0.0210791433793673	0.0004443302856079	0.0005530037406393	-0.0008259777428889	0.0004226913942333	6.822392317478418e-07	1.7866801475889114e-07	-0.0023718835325121	-0.0005426299860087	2.94447301715802e-07	5.625831491802078e-06	0.0021290286245897	0.0001246653492061	1.554144929270377e-08	4.53276288432231e-06	0.0	0.0	0.0	0.0	0.0	0.0	0.0	0.0
561.9001356617139	0.2906464651061924	0.0844753676787251	315731.7624566525	750.1795423855572	-1.7066910461809357	562769.345813804	2.912794327114177	629.4590960747373	-0.1894358407079153	0.0358859377447146	396218.7536312254	644.654781582882	444.5747647783031	0.741305	22.638393	0.1918751989916898	0.1064979185250201	0.0044012899	0.1319099552	-0.0289554785	0.0013398955	0.1031429966	0.0694410137	-0.0030154031	-0.0324759174	0.057191468	-0.0199210208	-0.0397040392	0.1056034556	0.0362705552	0.0553931777	-0.0481537	0.0144342782	-0.0371491437	0.0189644605	-0.0811393839	0.1126098568	-0.0171513573	-0.1403996702	0.0020557455	0.0337854163	-0.0510883677	0.003968088	0.0918641471	0.1445144568	0.0548436678	0.003100144	0.1709960871	-0.0954272614	-0.0859052718	0.1021105877	0.0882715678	-0.0854232006	-0.0157419115	0.0701089755	-0.1033317092	-0.0271329764	-0.0406251377	-0.0600583506	0.0828495787	0.177638984	0.0342635471	0.0741978392	0.0947006214	0.0217723164	0.0074711781	0.0506350546	0.022052948	0.0411935231	-0.1356386534	-0.1135047577	0.0225446745	-0.0291305432	0.051059912	-0.0434726794	-0.0303846366	0.0989352205	0.0397929407	-0.0638813015	0.0628800546	-0.109365679	0.1044455621	-0.0503937311	0.0531851399	0.2740083125	0.0082271798	-0.0938065152	-0.0180179526	0.0169458247	0.1236289203	0.0070206195	0.1408519281	0.0379999125	-0.0109993875	-0.031099989	0.025644263	0.0083606228	-0.0959844226	-0.1506610761	-0.0403734595	-0.0797941317	-0.041321304	0.0673508619	0.0830456486	0.0742052077	-0.0554598268	-0.0449339464	0.007931103	0.1045191558	0.0043126414	-0.0799685698	0.0070181151	-0.1918585216	0.0628233461	-0.0712430581	-0.0019024334	-0.0516104599	0.0527120101	0.0875849051	0.04290327	-0.0846756553	0.1118524083	0.0724508656	0.0589354011	0.0132520865	-0.0962930243	-0.0518403861	0.0919750786	0.0913625476	-0.0028599171	0.041071046	-0.0322599229	0.0077924924	-0.0090167394	-0.0378571947	-0.1139203248	0.040204471	0.073576806	-0.0274663262	-0.0541958528	0.106531863	-0.1014191856	-0.0394205063	-0.0514560484	0.0980654899	0.0973791159	0.0962387154	0.0	0.0	0.0	0.1234687046865019	0.0662975134819135	0.0043953602938845	0.0152445210369626	0.0180494599397462	0.0146354054037658	0.0003257830041165	0.0002141950913325	0.0245095241711936	0.0009934926046355	9.8702755546543e-07	0.0006007167750983	-0.0015370432653122	-0.0007110655224233	2.36250199944159e-06	5.056141771791206e-07	-0.0028029633410366	-0.0004310798085244	1.8582980131751957e-07	7.856603491195058e-06	0.0031858590436694	0.0010568304190797	1.1168905346921746e-06	1.0149697846130106e-05	0.0	0.0	0.0	0.0	0.0	0.0	0.0	0.0
562.8423563415962	0.9422206798823254	0.8877798095979115	316791.51809216035	752.9724137048302	2.79287131927299	566967.4558004779	7.800130206017652	629.0547125622235	-0.4043835125138457	0.1635260251930356	395709.8313967416	646.4232518474481	447.2546792673028	0.707694	21.611963	0.2034729101984921	0.1063837338055532	0.0146905735	0.1162603256	-0.0466776805	-0.0037344012	0.0908367629	0.1561100837	-0.0036101466	-0.0564281741	0.014127931	-0.0957118476	-0.0681262252	0.1141825491	0.0404616749	0.0199852514	-0.1036869466	0.0772214387	-0.0416486823	-0.0331584434	0.0307130927	-0.0300924788	-0.0859623586	-0.0904707242	0.0454686263	-0.1175937574	-0.1478747715	-0.1096613937	0.0366179392	0.0087766434	-0.0676026076	-0.0971006269	-0.1127269301	0.0649302119	-0.0163142328	-0.0038862059	-0.0752250553	-0.0239939738	0.1429737785	0.0225349903	0.1766430014	0.1305821375	0.0859639568	0.0073009003	-0.0073477982	0.0678868068	0.058341181	0.0031147384	0.0889070658	-0.0532332458	0.0385485227	-0.0409973655	0.1919408862	-0.0194567391	0.0907056427	-0.002669947	0.0071514807	-0.0374596227	0.1309231145	-0.122267208	-0.0717312082	0.1330258969	-0.0033065204	0.0375024852	-0.0064907197	-0.0953766961	-0.067022704	0.0474112332	-0.074719379	0.1068608677	0.0130792222	-0.0309158833	-0.1371128787	-0.0216040222	0.0264012223	0.0496356187	0.0086600664	-0.0706366417	-0.1333522897	0.0431540773	-0.1432597519	0.0154897602	-0.1178920257	0.0780111774	0.1402875886	-0.0779991346	0.0693805711	-0.113871289	-0.2224927652	-0.0009265844	-0.1042671932	0.1668199447	-0.0209292759	-0.1186831953	0.020018164	0.0249858887	-0.0697172154	-0.059621596	-0.0955365607	-0.0289365001	-0.1004399383	0.0002768465	0.1267831672	-0.0194085732	-0.1176515016	-0.07815467	0.0901587293	0.0590804536	0.0508912243	0.0404269006	-0.1366868142	-0.0045320754	-0.0591777365	0.006366766	-0.0158368187	-0.0346697833	-0.0275120175	0.1206437892	-0.1162068958	-0.0550168504	-0.1342168844	0.0080181338	0.008360916	-0.0844298641	0.0108026454	0.0021945219	-0.2054199967	0.1079064416	-0.0065887625	0.0979523964	0.0969280565	0.0952287508	0.0	0.0	0.0	0.1152686566240106	-0.0082000480624912	6.724078822716718e-05	0.013286863199904	0.106880978183355	0.0888315182436088	0.0114235434974308	0.0078910386334646	0.0075928926211616	-0.016916631550032	0.0002861724229995	5.7652018356490274e-05	-0.0021040226420753	-0.0005669793767631	4.4269112783655264e-06	3.2146561367467344e-07	-0.0034669613986013	-0.0006639980575647	4.4089342044969497e-07	1.2019821339391484e-05	0.0037453758561888	0.0005595168125193	3.130590634918692e-07	1.4027840304121988e-05	0.0	0.0	0.0	0.0	0.0	0.0	0.0	0.0
562.5753112301851	-0.2670451114111074	0.0713130915285707	316490.98080573964	751.0907892637283	-1.8816244411018488	564137.3737168104	3.5405105373518446	629.0801318143322	0.0254192521086906	0.0006461383777651	395741.8122435375	645.1805131004071	446.58841449903406	0.65614	20.037579	0.2207230831369827	0.1054897190121454	0.0144209674	0.0964288583	-0.0245164697	-0.0049500489	0.0821282091	0.1361745587	-0.0255459636	-0.0058472232	0.0728849531	-0.1196914607	-0.0454955684	0.081367662	0.0390468936	0.0157305939	-0.0536236578	-0.0041388157	-0.0373694877	-0.0920353193	-0.0680178066	0.0658556354	0.0589768568	0.0332046178	0.0256891	0.0557806768	0.0710030349	0.0668684696	0.0216369642	0.1088295115	0.0976223213	-0.1278446859	0.0118635532	0.1193107702	0.024801432	0.0466322205	0.0160248524	0.0819223295	0.1147913152	-0.0672309984	0.0411544666	0.0687015422	-0.1041905701	0.1364463656	0.0102931964	-0.0257571112	-0.0702677835	-0.0170724791	0.0226265165	-0.0594556748	-0.0116311178	-0.0090926776	-0.0730166701	-0.0228993619	-0.0343346669	0.0443918647	0.1230845434	-0.0346432192	-0.0145469293	-0.058217892	-0.03797865	0.0847748061	0.0054032197	0.0066963151	0.0480744811	-0.1116005944	0.0718282901	-0.0255463471	0.0506943747	0.0703614615	-0.0380205222	-0.1185641353	-0.0543447166	0.0499200577	-0.0384472176	-0.0179127654	0.0083373952	0.0101964709	-0.0058030193	0.0664437594	-0.0458389094	0.1117962142	-0.0312699644	0.0076041198	0.0488575768	-0.0151587786	0.0391757984	0.1246343024	0.0935759126	0.1326363502	-0.0658053034	0.0334936732	0.08018442	-0.1331295293	0.0542464331	0.0560438184	0.0634378161	-0.0778756087	0.0689403279	0.0434184207	-0.0306023849	-0.0671584222	-0.1087158901	0.0060997308	-0.0371697009	-0.0643452887	0.0716458828	0.0468897131	0.0256430332	0.0078913101	-0.1228452739	-0.0097826768	0.0796647124	-0.0115347859	0.0625895806	-0.018225673	-0.0405632082	0.1237628703	-0.1116338768	0.0205225332	-0.1216801408	0.0047690337	0.0467233609	-0.0129598823	-0.0731633078	0.0925909689	-0.1906790931	0.0384349339	-0.0172221105	0.0978167415	0.0963877005	0.0940214101	0.0	0.0	0.0	0.1609857552656848	0.0457170986416741	0.0020900531082125	0.0259164133984629	0.0265425043906333	-0.0803384737927217	0.0007045045393267	0.0064542703713438	0.0278038606743535	0.0202109680531918	0.0004084832296471	0.0007730546683988	-0.0016550013291286	0.0004490213129467	2.739029399417432e-06	2.0162013948037849e-07	-0.0041973892174576	-0.0007304278188562	5.335247985591714e-07	1.761807624282932e-05	0.0040550575773737	0.0003096817211849	9.590276843604217e-08	1.6443491955815862e-05	0.0	0.0	0.0	0.0	0.0	0.0	0.0	0.0
563.4408581479203	0.8655469177351733	0.7491714668008589	317465.6006304648	754.7016173608648	3.6108280971365048	569574.5312471052	13.038079547070431	629.9721774210972	0.8920456067650093	0.7957453645487537	396864.94432467833	646.4440189069437	452.1275268326635	0.675318	20.623224	0.1165879544234134	0.0790138304947633	0.02337708	0.0955188078	-0.0474418742	-0.0242731063	0.0028758631	0.0710548764	-0.0430006163	-0.0239809198	0.0433688664	-0.1324316573	-0.0431074146	0.1057843145	0.0307193518	-0.0241251277	-0.1321397833	0.1503492985	-0.0078580576	0.0084267043	-0.0522115175	-0.0599151102	-0.0220560658	-0.1219625748	0.0410766314	-0.0601887309	0.0351852647	-0.0615989642	0.0119213332	-0.0299078219	-0.0408294118	-0.1184405419	0.04884656	-0.0756927768	-0.036783687	0.1142210016	0.0027955591	0.0376721554	-0.0748902828	0.0863248645	0.0715004277	0.0627829154	0.0198805879	-0.0356383776	0.1174715393	0.054577333	0.2038751057	0.0264306364	0.0476236035	-0.005928898	-0.0189450535	-0.0639033113	-0.007722242	0.0528263287	0.0458378551	-0.0267969749	-0.0265338884	-0.0083272474	-0.0680932392	-0.0239113132	-0.0448261237	0.1041116854	-0.0198249639	0.002748006	-0.0508004705	-0.0636374071	-0.0147377778	0.0538911897	-0.0210780666	0.1676387135	0.0367110029	-0.0449504385	-0.1236771012	0.0400170324	0.0050659893	0.0781857216	-0.1168081964	-0.0103468274	-0.0485624905	0.0346121436	-0.0333636522	-0.0233549608	-0.0585566647	-0.0640293715	0.0505464412	0.0241694045	0.03498788	-0.0313130322	0.0180499853	-0.0743523741	-0.0248819881	0.0130185063	-0.0461518999	-0.0580366432	0.1754378735	0.0176479169	-0.2099363914	-0.0604275407	0.0049500816	-0.0508146489	0.0694557806	-0.0269477906	0.0628103896	0.1107845169	0.1308718464	-0.0601214883	0.0640325641	0.0560787656	0.0239679458	0.0465753655	-0.078583927	0.0327268647	-0.0006621199	-0.0606140082	-0.0067565331	-0.0446567995	-0.0659845007	0.1393857305	-0.1251035226	-0.0244946933	-0.1622603067	-0.0094869984	0.0725492545	-0.0321935737	0.0296511715	-0.0220988879	-0.111361117	0.0244600246	-0.0350920131	0.0976585564	0.0957585456	0.0926191957	0.0	0.0	0.0	0.1619684113997976	0.0009826561341128	9.656130779095184e-07	0.026233766291374	0.1027987538180639	0.0762562494274306	0.0105675837865469	0.0058150155767385	0.0150615213156584	-0.0127423393586951	0.0001623672123321	0.000226849424342	-0.0018232370649668	-0.0001682357358382	3.324193395068752e-06	2.8303262813020656e-08	-0.0039516185731733	0.0002457706442842	6.040320959191978e-08	1.5615289347848187e-05	0.0039369297674327	-0.0001181278099409	1.395417948145694e-08	1.5499415993697695e-05	0.0	0.0	0.0	0.0	0.0	0.0	0.0	0.0
562.4361479931058	-1.004710154814461	1.0094424951872982	316334.4205693228	754.8501501345785	0.1485327737136685	569798.7491581957	0.0220619848670758	628.7850431999274	-1.1871342211697993	1.409287659072426	395370.6305519345	644.6643718418879	456.0157696578814	0.759734	23.201166	0.1789551075900003	0.093987742157654	0.0219556629	0.0793329858	-0.0313041317	-0.0270435601	-0.0533634501	-0.0221288539	0.0061083914	0.0417205075	0.1243140172	-0.0968569826	-0.0579493672	0.0437231917	-0.0739427878	-0.0536894836	-0.0185472767	0.1268171827	0.033190865	0.0901598192	-0.0633912821	0.0368931204	-0.0910771149	0.0587028291	-0.0944021244	0.0302589528	0.0662846708	-0.0388774517	-0.0190034976	0.0740842101	-0.0132545497	0.0019883401	-0.1467801767	-0.0669835621	-0.0091360753	-1.38153e-05	-0.0052862376	0.0260470249	-0.0244192602	0.0210907649	0.097810687	-0.066173853	0.0811311472	0.0303148101	-0.0631820052	0.0243509776	-0.1054447772	-0.0112409355	0.0775587962	0.0372075145	0.0469492533	-0.0129664603	-0.0582750347	-0.0321811152	0.0551472692	-0.0234009146	-0.0101111559	0.1332776276	-0.0614086776	0.0300929419	-0.0376260236	0.0316091131	0.0234535625	-0.0075125292	-0.0773376053	0.0548023231	0.1036136001	0.0553475725	0.0475830346	0.0745957671	0.0797096326	0.0079018367	0.1436515858	0.1175169621	-0.1067888681	-0.044857306	-0.1047879639	-0.0140235308	-0.0128295827	0.0484720266	-0.0847668117	0.0073996929	-0.00460635	-0.052041947	-0.0843163665	0.1976596126	-0.104624118	-0.0139034962	-0.0118546976	-0.0243474965	0.0183913419	0.1215899497	0.1291393516	-0.0014054841	-0.0200287157	0.1169538544	0.0516320024	0.0557766393	-0.0729446741	0.0486457444	0.0510188098	-0.0690951589	-0.0912021469	0.0260900669	0.0062883888	-0.0561014613	0.0517610373	0.0550975805	0.0258410309	0.0260923883	0.0520043794	0.0628980835	0.0151323432	-0.0547558138	0.0243538233	-0.012770438	-0.0268738646	0.0554548516	0.0031289366	-0.0012435687	-0.0075845973	-0.0838240298	0.0542765619	0.080923574	-0.0167267806	-0.0789045471	0.012974572	-0.0964799464	-0.0467435484	0.0974778776	0.0950411715	0.0910250139	0.0	0.0	0.0	0.1783696724398993	0.0164012610401017	0.0002690013637055	0.0318157400463169	0.0244353721060122	-0.0783633817120517	0.0005970874099592	0.0061408195933487	0.0365501691822203	0.0214886478665619	0.000461761987133	0.0013359148672489	-0.001574666074556	0.0002485709904108	2.479573246357602e-06	6.178753727380606e-08	-0.0041707584904442	-0.0002191399172709	4.8022303341496896e-08	1.7395226385612383e-05	0.0047232551991767	0.000786325431744	6.18307684607388e-07	2.230913967654973e-05	0.0	0.0	0.0	0.0	0.0	0.0	0.0	0.0
561.0967346545198	-1.3394133385860414	1.7940280915822056	314829.5456399646	758.6667297351286	3.816579600550085	575575.2068069946	14.566279847335048	628.4977691920458	-0.2872740078815923	0.0825263556043531	395009.44587937807	644.6850471454244	454.753469532469	0.738692	22.558586	0.1204063854649985	0.0744700184903688	0.0181638953	0.0777515862	-0.0179584795	-0.1312779769	-0.0794050906	-0.1141480026	0.095018797	0.0071305568	0.011770695	-0.1365847857	-0.0595239664	0.0221061775	0.0568307816	0.0723246435	-0.0319109115	0.028948698	0.1298795908	0.0196651606	0.1932043686	0.0351833514	-0.0513374908	0.1760196514	0.0322408797	0.0302432682	-0.1168680183	0.0702475907	-0.0045127904	-0.0400089649	0.0847855062	0.1644447973	0.089064097	0.0158698	0.1673170257	0.0506760055	-0.0539992704	-0.0013303493	0.0567704099	0.0263262002	0.0258218183	0.0668317931	-0.0122865357	0.0028982378	-0.0653353139	-0.0810797687	-0.0564773507	0.0265506423	0.0860161035	0.0541151521	0.0454074311	-0.0529174397	-0.0472607359	0.1120915624	-0.1323290486	0.054203716	-0.0111654987	-0.0482550293	-0.0474661191	0.0275472223	-0.0315900841	-0.0028627887	0.0486256593	-0.1867406328	-0.0906196162	0.1177686551	-0.0054194366	0.1009031859	0.0132795185	-0.1019122906	0.0384682371	0.1579724776	-0.0088904529	0.0319536402	0.028376327	-0.1913593845	0.0472857919	0.0875134774	-0.0141271991	-0.0606229907	0.040037976	-0.0639995922	0.0377793763	0.1190850325	-0.1382566657	-0.0556245422	-0.142102011	-0.0654856071	-0.0087155139	-0.0321664215	0.017569072	-0.055575924	-0.0043309398	-0.1502302004	-0.0643242883	0.1339435381	0.0645485851	0.0159988597	0.0452076234	0.0209077582	0.0250531942	-0.0612626888	-0.1007496773	-0.0110504674	-0.0688668079	-0.0504801926	0.0563149766	0.0584131072	0.0299609449	0.0300745521	0.0704538822	-0.0803455475	-0.0392249176	-0.0481506803	-0.0155640196	-0.0261355362	-0.0242452857	0.0433523826	0.0110139263	-0.0089134899	-0.0605340116	0.0720668347	0.0423673669	0.0289077792	-0.0463900332	-0.0414713553	0.0271381275	-0.0269397415	0.0560530698	0.0972747467	0.0942362391	0.0892421688	0.0	0.0	0.0	0.167499934427667	-0.0108697380122322	0.0001181512044545	0.0280562280332727	0.0942249066268772	0.069789534520865	0.0088783330288437	0.004870579128639	0.0567877633175015	0.0202375941352812	0.0004095602163843	0.0032248500626045	-0.0016309004620786	-5.6234387522600005e-05	2.6598363172081912e-06	3.162306340041951e-09	-0.0039797653802033	0.0001909931102409	3.647836815949264e-08	1.5838532481464717e-05	0.0045802923210078	-0.0001429628781689	2.0438384534335856e-08	2.0979077745883015e-05	0.0	0.0	0.0	0.0	0.0	0.0	0.0	0.0
560.0135476158066	-1.083187038713163	1.173294160836191	313615.1735132413	754.9233672543892	-3.7433624807393926	569909.2904267054	14.01276266220738	627.6302288224211	-0.8675403696246349	0.7526262929284481	393919.70413168473	643.2003559955085	450.6819603256557	0.689962	21.070448	0.1394627781863042	0.0663202484358993	0.0213797437	0.0564987218	-0.0172245592	-0.057277707	-0.018404347	-0.0936862342	0.0612908924	-0.0358023822	0.0434259467	-0.0731444704	-0.0524550289	0.0078242276	0.0892546569	0.0528085349	-0.0418935497	-0.0778025297	0.16807111	-0.1056012018	0.1180427051	-0.098756066	0.0666109765	0.0975697682	0.101337542	-0.0576660688	0.0312346316	0.0458718627	-0.0645250244	-0.0600087048	-0.0219177861	-0.0212549464	-0.082594124	0.0697258183	0.0359817825	0.0354245082	0.0063334454	0.013533226	0.157647846	0.0072732053	-0.0535216735	0.0461623846	0.0949720692	-0.0998291413	-0.0894841839	0.0245852045	-0.0519248661	0.0530058313	-0.0365471974	-0.0294754392	-0.0347072537	-0.0244526403	0.005383402	-0.0536581109	-0.0670788441	0.0388466789	0.1205765396	-0.13558567	0.0384745885	0.1334975082	-0.0166241486	-0.0112953057	0.0457581085	-0.1678041769	-0.0449540928	0.0704940815	-0.0302916322	0.033922716	0.1258219722	-0.0717218873	-0.0064613445	0.0883946043	-0.1199357483	-0.0239860888	0.056977996	-0.0171206654	-0.0805044164	-0.0456664315	-0.0040823168	0.0316796219	-0.0497254038	-0.0183437521	-0.0010517727	0.0885352183	0.1277828196	-0.0809063729	-0.0835530509	0.0133013423	0.0692157334	-0.0154255142	-0.0084963845	-0.0676510786	0.0131699185	-0.0525094891	-0.1933885016	0.1929533326	-0.0129717404	-0.0753738782	-0.0809022265	-0.0448975249	-0.072006618	0.0908787878	0.0763896764	-0.0858995949	-0.0566607516	-0.0465839029	0.0391238887	0.0456163212	0.0120334073	0.0061398451	0.0554402718	-0.0625176881	0.0143743972	-0.0660647429	0.0172647805	-0.0070432756	0.0046208142	0.0491700969	0.0185551894	0.0817659587	-0.1554330629	0.0560175908	0.0626186514	0.0927059097	-0.0296929434	-0.0910659905	0.0394397206	-0.047479466	0.004142704	0.0970492106	0.0933444899	0.0872743556	0.0	0.0	0.0	0.1893948629249564	0.0218949284972893	0.0004793878939014	0.035870414102363	0.0436907791729623	-0.0505341274539149	0.0019088841847405	0.0025536980375285	0.0635989896434665	0.0068112263259649	4.63928040635186e-05	0.0040448314836697	-0.0019423775631797	-0.0003114771011011	3.77283059794391e-06	9.701798451034489e-08	-0.0045058541525362	-0.0005260887723329	2.7676939637473785e-07	2.030272164392772e-05	0.0049471763657565	0.0003668840447487	1.3460390229116614e-07	2.447455399389969e-05	0.0	0.0	0.0	0.0	0.0	0.0	0.0	0.0
560.3238542600031	0.3103066441965438	0.0962902134325204	313962.82165278523	755.0412675809561	0.1179003265668825	570087.3157502569	0.0139004870045775	627.8042816972311	0.174052874809945	0.0302944032296063	394138.2161173763	643.7163588918671	447.6488546744637	0.662651	20.236393	0.1281078334661003	0.0602581648107119	0.0293538448	0.0393553924	-0.0558654517	-0.0274671673	-0.0209791851	-0.0510093419	-0.0561730052	-0.0689379614	-0.0448649359	-0.0759595082	-0.0488604647	0.0155287321	0.1042288923	-0.0268607591	-0.0728472312	-0.0984752336	-0.0363358234	-0.090229207	0.0101007144	-0.0087655054	-0.0545703538	-0.1490965645	0.0961971825	-0.0672350971	0.0064647098	0.1201247298	0.1837006809	-0.0128770549	-0.0486689091	0.0999701191	0.0258632031	-0.0156924381	-0.0562253041	-0.0049729145	0.0044502672	-0.1069761634	-0.034025482	0.0192760403	-0.0497643596	-0.1287617557	0.0924099627	0.0787917328	-0.0204630662	-0.048518686	-0.0348781117	-0.0441390767	0.0317026796	0.0679303736	-0.1264402853	-0.0625729566	0.0732328977	0.0490065163	0.115273178	0.0415363141	0.0617990741	0.2038795608	0.0487208291	0.0728224441	-0.0279347069	-0.0137099446	-0.0230131961	-0.0922184868	-0.0588539754	-0.0138948706	-0.0301538795	-0.0434498806	0.0897882576	0.0937452335	-0.0712162753	-0.0114257181	-0.1690545332	-0.2278947105	0.0475725981	0.0121671455	-0.0737015267	-0.0363716237	0.0054868896	-0.0375914512	0.078208823	0.0654226684	-0.2054591525	-0.0442486536	-0.0728812814	0.0450256577	-0.1748892308	-0.0549766947	-0.0495493037	-0.0001716578	0.1219507047	-0.0204324979	0.001818882	0.04079165	-0.0536656711	-0.0048321795	0.0617577266	-0.0006714591	0.1351518604	-0.0987941661	-0.1194449141	-0.0802579272	0.0376432055	0.1260148583	0.0150680776	-0.0419632014	0.024532954	0.039145889	0.0059542612	0.0277374349	0.010401804	-0.0761293836	-0.0188206337	-0.0686969688	0.0275247045	-0.0340928015	-0.0104993415	0.0704046595	-0.0388093187	0.0010982632	-0.1804729397	0.0394966104	-0.0335089539	0.0276495787	-0.0155204883	-0.0881009593	0.0557421004	-0.0228542636	-0.0222310686	0.096801321	0.0923667455	0.0851256531	0.0	0.0	0.0	0.2116221463827798	0.0222272834578234	0.0004940521299144	0.0447839328396546	0.0750663862543206	0.0313756070813583	0.0056349623452828	0.0009844287197237	0.0583468683131229	-0.0052521213303435	2.7584778468650208e-05	0.0034043570419489	-0.0021779919031964	-0.0002356143400166	4.743648730389076e-06	5.5514117221505016e-08	-0.0051470089139606	-0.0006411547614243	4.11079428097179e-07	2.649170076038987e-05	0.0054554636962469	0.0005082873304904	2.583560103370574e-07	2.976208414106789e-05	0.0	0.0	0.0	0.0	0.0	0.0	0.0	0.0
560.3366869963603	0.0128327363571543	0.0001646791224122	313977.202794057	752.9985661056807	-2.042701475275408	567006.8405572111	4.172629317092326	627.5653233350906	-0.2389583621404654	0.0571010988368538	393838.2350526768	643.888836283795	448.8648297413536	0.664889	20.304741	0.0782603833838237	0.0497176649679273	0.0326241347	0.0278721552	-0.0544255419	0.0248854656	-0.0161417057	-0.0550181234	-0.0418197943	-0.0404460972	-0.0680008188	-0.0414833934	-0.0448700207	-0.037820616	0.0587253069	0.0053800066	-0.1563045038	0.0138044451	0.0112646043	0.0285585596	-0.1152325699	-0.1583083336	-0.0935025593	-0.0753348782	0.1057801436	0.1885223875	0.0609014741	0.1865660145	-0.0248848582	-0.1815151644	-0.1385126766	0.0138495022	-0.0697504778	0.0393499509	-0.0404418264	-0.0357688206	-0.0399423562	0.0700946403	0.0060806621	-0.0101927665	-0.0168746862	0.0541959733	-0.0404691328	0.1453204984	-0.0157762939	-0.0576192139	-0.0070563793	0.0123037283	0.0058072191	-0.0298660899	0.0198735796	0.0997296488	-0.0968007584	-0.0668422948	-0.073511809	0.0819023271	-0.018289675	0.0856474949	0.0136063443	0.0174996841	-0.0415525075	-0.0236442511	0.0152280762	-0.0224892086	-0.0682401951	-0.0476484787	-0.0220090592	-0.0647792029	0.1090954573	0.0942159385	-0.0206927515	-0.0941612442	-0.143850429	-0.0720140018	-0.029451193	0.1438205526	-0.1895726588	0.0532550687	0.0391192166	0.0586647007	0.1389072428	0.0365427512	0.2019031871	0.154288019	-0.0178781692	0.1574437155	-0.097008511	-0.0587839405	-0.0179983913	0.1551282812	0.1016929108	0.1177314408	0.0248889861	-0.0756451371	0.033733332	-0.0359294597	-0.097776238	0.0543046034	0.0985735532	0.0191152112	-0.0322140495	0.0937769878	-0.0718560077	-0.0687817067	-0.0336249162	-0.0358161258	0.0175251651	0.0272058394	-0.0042905867	-0.0048988715	-0.0300048759	-0.0085436298	0.0630712143	-0.0878180176	0.0493444298	-0.0217244903	0.0087091572	0.1434882377	-0.0876131841	-0.0177726829	-0.1376412356	-0.008661002	0.0102200877	0.0599715215	-0.0474055391	0.0347179215	0.0038826262	-0.0504866325	-0.0517616015	0.0965311352	0.0913039066	0.0828005146	0.0	0.0	0.0	0.2205910556089776	0.0089689092261978	8.044133270777616e-05	0.048660413814683	0.0283880043465671	-0.0466783819077535	0.0008058787907807	0.002178871337526	0.0576496644737005	-0.0006972038394224	4.860931937053358e-07	0.0033234838139302	-0.0023960997756284	-0.000218107872432	5.74129413476647e-06	4.7571044016813714e-08	-0.004927097567658	0.0002199113463026	4.836100023262207e-08	2.4276290441221376e-05	0.0054551651467725	-2.985494744001463e-07	8.91317886646036e-14	2.975882677856143e-05	0.0	0.0	0.0	0.0	0.0	0.0	0.0	0.0
560.8816577125591	0.5449707161988044	0.2969930815142378	314588.2339583884	752.7147573315123	-0.2838087741683921	566579.5059046374	0.0805474202949654	627.4923017383677	-0.0730215967229241	0.0053321535879653	393746.5887409147	644.0635092478084	450.9777280278828	0.724894	22.137218	0.1619493949882915	0.0758433937545825	0.0287256811	0.0187464086	-0.0188854844	0.0416316625	0.0298502266	-0.0301339427	-0.0848285218	0.0348250886	-0.0289365085	0.0096373039	-0.0452744944	-0.0551751032	-0.071969415	-0.0426384042	-0.0580841201	-0.0762219391	-0.053982148	-0.0828617272	-0.0824136956	0.0334806859	-0.0680077594	0.0445876914	-0.0284655493	-0.0177330739	0.1537870316	0.1727441287	0.0110983577	-0.1754719568	0.0357879205	0.0242948228	0.0225785439	-0.0206343258	0.0105055889	-0.1153220724	-0.1860687453	0.0308793612	0.0218467773	0.023229947	0.1184582211	0.0462510376	-0.0357251695	-0.0839527873	0.0447107924	0.0324748971	-0.0741077585	0.0519315941	-0.0417131653	0.0331946394	0.0362008754	-0.0202623745	-0.0140378195	-0.0032565245	-0.1218653812	0.0749391286	-0.0178880867	-0.0991187692	0.0042442057	-0.0875698002	-0.0430583717	-0.0118718575	0.0120321631	0.0711409807	-0.0301957531	0.0283306703	-0.0603419556	-0.0051617078	0.0182393605	0.019451712	-0.080142259	-0.1094827334	-0.089438329	-0.051447773	-0.1954286509	-0.0421110766	-0.1244601871	0.0868314091	0.0758480596	-0.0412750082	0.0645445007	-0.1014333374	0.1475982331	0.0939322405	-0.0279135122	0.0563646712	0.0168523799	0.0282815987	-0.107599123	-0.0196123628	0.0286749938	0.0306261287	0.0552531845	0.0794827595	-0.0253212606	0.1419470571	-0.086204976	-0.1681038669	-0.0853841503	-0.0504630735	0.0505807843	0.0047888634	-0.0347512092	-0.0194435168	-0.1093893465	-0.0192764504	0.0060517132	0.020060762	-0.0215693037	0.0353583886	0.0310237946	0.0940342911	-0.0035174139	-0.1073428554	0.0033511594	-0.0755185985	-0.0503516032	0.1481042582	0.0147547563	-0.0516889417	-0.062386669	-0.0930899546	0.0031024472	0.0710678205	0.132734672	-0.0742345259	0.1126259281	-0.0132147377	-0.0217559128	0.0962387154	0.0901569523	0.0803037594	0.0	0.0	0.0	0.2471320706762867	0.0265410150673091	0.0007044254808031	0.0610742603567491	0.0765135408967836	0.0481255365502164	0.0058543219405637	0.0023160672682462	0.0806948112100514	0.0230451467363509	0.0005310787880999	0.0065116525562258	-0.0025630279564712	-0.0001669281808427	6.569112305652935e-06	2.7865017559486448e-08	-0.0055901636221253	-0.0006630660544672	4.396565925868324e-07	3.124992932213305e-05	0.0059099248441507	0.0004547596973782	2.0680638235951227e-07	3.492721166350968e-05	0.0	0.0	0.0	0.0	0.0	0.0	0.0	0.0
560.2650822850603	-0.6165754274987876	0.3801652577953126	313896.9624278854	749.1879471353016	-3.526810196210704	561282.5801328074	12.438390160095784	627.6090547004633	0.1167529620955747	0.0136312541580907	393893.1255420091	643.3463809810389	450.3731784468112	0.70756	21.607874	0.1360029238261113	0.0681902743284719	0.0298524206	0.0039060992	-0.0129234156	0.0496327855	0.0613079325	-0.0294198037	-0.0531456287	0.0960197914	0.0642356334	0.0041033558	-0.0298580917	-0.0524741119	-0.062569851	0.0440591234	0.0177402302	0.001968924	0.007252685	-0.1014269258	0.0042653396	-0.0337316312	-0.2076219087	0.0256883841	-0.0479769921	-0.0206641695	0.0469965995	-0.0687430373	-0.0487998492	-0.0405065035	0.1579671767	-0.0114588092	0.1466394952	-0.0056881431	0.0459418383	0.0765377398	-0.0575246723	-0.054208192	0.0986197328	-0.0704142459	0.0493533756	-0.061703225	-0.0207547057	0.1417075571	-0.0867111479	0.0756160613	-0.0029346059	-0.0629235949	-0.0322972517	0.0863409516	-0.0621198739	0.1002717478	0.2155375394	-0.0328068876	0.0122754619	0.0786738219	-0.0854714082	-0.1573815455	-0.0108798106	0.1140571187	-0.0270537938	-0.014145776	0.0440477575	0.0997681551	0.066765994	0.0117236157	-0.0202019453	0.0157917478	0.047728655	0.0612876779	-0.0282613989	-0.0815236234	-0.0376259162	0.0603878582	0.0487677303	-0.2318224886	-0.0762380726	0.1077499147	0.0346986436	0.034428456	-0.0927675569	-0.1231262219	0.0671645939	-0.0567023169	-0.0587182761	0.0372688648	0.0450611851	0.0301868419	-0.1518291768	-0.0625807908	-0.0084961978	0.002060542	-0.1182733376	0.0179103784	0.0093309987	0.0489144705	0.2292936277	-0.032136714	-0.0319781127	0.0390472655	0.0087449188	0.0724507811	0.0875940537	0.0306153576	0.0177455646	-0.0200041659	-0.0073053247	0.0114778281	-0.0354589133	0.008292449	0.1084555266	0.0566358163	0.0765023238	-0.0348112236	0.0798766398	-0.0311525706	0.0218293124	0.1287315587	0.0363182715	-0.1014219178	-0.040316182	-0.1102716623	-0.1061298132	0.0735480071	-0.0408215791	-0.0281292942	0.2311760311	-0.1594567583	-0.0353398314	0.0959241289	0.0889269395	0.0776405624	0.0	0.0	0.0	0.2747119166246108	0.0275798459483241	0.0007606479025332	0.0754666371355671	0.0304068221270483	-0.0461067187697352	0.0009245748318659	0.0021258295157114	0.0578036208768395	-0.0228911903332119	0.0005240065948713	0.0033412585864733	-0.0024570668071313	0.0001059611493398	6.037177294706401e-06	1.1227765169432532e-08	-0.0057150452329857	-0.0001248816108604	1.5595416731088565e-08	3.266174201507258e-05	0.0064675854594472	0.0005576606152965	3.109853618528712e-07	4.182966167525285e-05	0.0	0.0	0.0	0.0	0.0	0.0	0.0	0.0
561.0804769227368	0.8153946376764907	0.6648684151515755	314811.3015838458	748.3454719999302	-0.8424751353713873	560020.9454627982	0.7097643537190373	627.4304213262237	-0.1786333742395527	0.0319098823922081	393668.9336056026	643.4807971103343	453.17851302260937	0.681099	20.799789	0.2098965670216549	0.0991101406679311	0.016920876	-0.013656707	0.0003627912	0.0636090356	0.0763389432	-0.0751516822	-0.0316198549	0.0763050578	0.0512235857	0.0762968068	-0.0355242303	-0.0592521119	-0.0468557625	0.1755825882	0.0718136778	-0.0220081431	0.0484819037	-0.0161893222	0.1050429194	0.0149304315	0.1169769732	-0.2132882487	-0.1760085901	0.0523465447	0.0627392709	0.1393735707	0.0194196612	-0.0171150674	-0.0398300347	0.160311506	0.0417818461	0.0251172546	-0.0263248281	0.0308944207	-0.0333814821	0.0358154446	0.1633058855	0.1246388665	-0.0202466212	-0.0569894654	0.1013983147	0.0810224145	0.0513596352	-0.0009823255	-0.0405065537	0.0224896149	-0.0084675877	0.0137815927	0.0678470977	-0.0367491058	-0.0605836079	0.0680688305	-0.0598228526	0.0026633634	0.0231855186	-0.0005210888	-0.2177136893	-0.0804155853	-0.0168927458	-0.008528848	0.1123285578	0.0355095307	0.0848616341	0.0737945175	-0.0036255926	0.0579258314	-0.0310071251	-0.0040080593	-0.1465338743	0.0703416562	-0.1317486496	-0.0854750838	0.018018757	0.0240841357	0.0153861478	0.1723798001	-0.2210029163	-0.1422471318	0.0113097722	-0.0124605487	0.2758325782	-0.0769918004	0.0172102443	0.0770841681	-0.0738717966	0.0817721847	0.0258463943	-0.054574492	0.107712623	-0.0302564596	0.0103441162	-0.0153764328	-0.1010472678	-0.0933306188	0.0997712976	-0.0263693023	0.0619625111	-0.031733729	0.1247552161	-0.0213768359	-0.0602646782	-0.0067742118	-0.0014763936	-0.0041554547	-0.0186936896	0.0052883056	-0.0536857461	0.0317822349	0.1153901688	-0.0093490159	0.0300754096	-0.0115854287	0.0034789581	-0.0877171811	-0.0438097617	0.1751968181	0.0241865858	-0.1195562339	-0.0333516463	0.0062127225	-0.1947991488	-0.1049760065	0.0141602391	0.0836874456	0.1485492149	-0.078013255	0.1065826394	0.0955874482	0.0876150011	0.0748164435	0.0	0.0	0.0	0.3045863463186862	0.0298744296940753	0.0008924815495462	0.0927728423637666	0.0972543280449969	0.0668475059179486	0.0094584043234838	0.0044685890474501	0.0763898338173305	0.018586212940491	0.0003454473114692	0.0058354067106393	-0.0029912094939214	-0.0005341426867901	8.947334236525519e-06	2.8530840985134694e-07	-0.0064482472691702	-0.0007332020361844	5.375852258650961e-07	4.157989284436094e-05	0.0070920091058554	0.0006244236464081	3.89904890193712e-07	5.029659315753591e-05	0.0	0.0	0.0	0.0	0.0	0.0	0.0	0.0
562.021003171673	0.9405262489361804	0.8845896249379618	315867.60800609365	751.6898680872887	3.3443960873585183	565037.6577850855	11.184985189138969	628.2703848239595	0.8399634977357664	0.7055386775285029	394723.67644684616	643.8606251029672	451.5227129500845	0.656863	20.059641	0.1688205654480717	0.0880952923923081	0.0104445228	-0.007326885	0.0326279638	0.0423088922	0.1034586811	0.1182000419	-0.0812952973	0.0705778936	0.1045197228	0.0987057778	-0.0150877563	-0.0053268424	-0.0647600662	0.0911823668	0.066619957	-0.0444775834	0.0106056868	0.030392121	0.0019173346	0.0188102022	-0.0198926028	-0.0398020366	0.0111863638	-0.0316742411	-0.0436238195	0.0879937518	-0.013413913	-0.0798198491	-0.0116790626	0.0150346393	-0.0279158499	0.0562963682	-0.0270539477	0.0390436994	0.097951708	-0.025182263	0.1347547638	-0.1776173357	-0.0708920751	-0.0345096961	-0.0796127722	-0.0935759607	0.009923831	-0.1124152552	-0.0021206722	0.0258221933	0.0292848822	-0.1128814942	-0.1300581545	0.0517472301	0.0570958361	0.0184544785	0.0046762248	0.040722661	0.0439615411	-0.0061792931	0.0260764205	-0.0809367515	0.0108802557	0.0340950015	0.1070307006	0.0861728146	0.145218474	-0.0551813827	0.0332044416	-0.0195962032	-0.0205068767	-0.0379072969	-0.060807871	0.0220954205	-0.0282297717	-0.0172510602	0.0350529419	0.020385708	0.0039666116	-0.0184863736	-0.0635764283	-0.0995877224	0.0143999903	-0.0587447165	0.0512258417	-0.0370857749	0.0238706675	-0.1286825943	-0.0756696432	-0.0341778971	0.0722442255	0.133845193	0.1242546349	0.0183876762	0.0846559389	0.0269637591	-0.0075082739	0.0006680701	-0.0016338544	0.1096374186	0.0173339146	0.1873309716	-0.0920365873	-0.1649676316	0.0780733156	-0.0667910434	0.0044915439	-0.0036162847	-0.0103569726	0.006567957	-0.0357037255	-0.0125349807	0.119155489	-0.0291854033	0.0162813071	-0.0665378975	0.0705228235	-0.0349517603	-8.55871e-05	0.0941306301	-0.0296479957	-0.0183695852	-0.0029391276	-0.0615767935	-0.1577160347	-0.0558592017	-0.0194558947	0.0005551193	0.1313537114	0.0159566681	0.0831993347	0.0952287508	0.0862223459	0.0718372561	0.0	0.0	0.0	0.2660863382688063	-0.0385000080498799	0.0014822506198408	0.0708019394133016	0.0303399686425365	-0.0669143594024603	0.00092051369723	0.0044775314942416	0.096868775697672	0.0204789418803414	0.0004193870605384	0.0093835597051658	-0.002975943562138	1.5265931783399987e-05	8.85624008503061e-06	2.3304867321542186e-10	-0.0060999333801805	0.0003483138889896	1.2132256526312898e-07	3.72091872426403e-05	0.0065970438043207	-0.0004949653015347	2.449906497233365e-07	4.352098695612613e-05	0.0	0.0	0.0	0.0	0.0	0.0	0.0	0.0
563.27140396913	1.2504007974570186	1.563502154281148	317274.67452935484	753.4591744860763	1.7693063987876485	567700.7276172396	3.1304451327909173	629.4705999053685	1.2002150814090555	1.440516241641746	396233.2361452245	644.1619360581884	454.5710470438004	0.664148	20.282112	0.1205193069317669	0.0725572080395262	-0.0022545431	-0.0267580887	0.0271996294	0.0283065528	0.0425584648	0.0674787646	-0.0617302162	0.1476909084	0.1071421505	0.1552585035	0.0045825965	0.0093518563	-0.0358985258	0.1680893632	0.0616907552	0.0584721452	-0.0714094047	0.1507667972	-0.0069569238	0.1035811262	0.0301304535	-0.0590355617	-0.1029044927	-0.0140038397	0.0376562589	-0.0212640174	0.0334392217	-0.0804703925	-0.0798569902	0.0697619052	-0.0111633519	-0.0403720744	0.110702296	-0.0500713641	0.0138138726	0.0275088904	-0.0039917651	0.0067698428	-0.1119720161	-0.0220972171	-0.0261038472	0.0185383441	-0.0904771426	0.1022363596	-0.0451841723	-0.0464991951	-0.1454385684	0.0080443918	0.0809743972	0.1262802611	0.0190288612	-0.0082862117	0.0127168068	-0.0606888135	-0.0230107691	0.0491359115	-0.0304416087	-0.0209787634	0.030118296	0.0176978038	0.1364729813	0.0097883509	0.1185705888	-0.0299226273	0.1406808964	0.0344363239	-0.0803671315	0.0070152924	-0.0318854047	0.0158058496	-0.0479072754	-0.0013539565	-0.0908152804	-0.0004682117	0.0529621167	0.022093285	-0.1387091372	-0.0736406946	0.0272658678	-0.0280283419	0.1184450955	-0.084416512	-0.0828479976	0.0241730947	0.0009989336	-0.0463610412	0.0200744813	-0.0489519222	-0.0119915494	-0.0121215286	-0.0456509274	0.1710615288	0.002560115	-0.1159053789	0.0870231985	0.0765720033	-0.1752638463	0.0267739457	-0.0541718498	0.034194879	0.0186163643	0.0320995849	-0.0324459021	0.0070247518	-0.0170195227	0.0185968445	-0.0359335831	0.0152441733	0.091231032	-0.0487919333	0.0785484231	-0.0511171919	-0.0780796567	-0.063930918	-0.0663449855	0.0507872677	-0.0359849305	-0.0077201163	0.0358992012	0.072992068	-0.0958448567	-0.1500313127	-0.0092396697	0.1028905486	0.1231584465	-0.0321995661	0.0607064796	0.0948481194	0.0847502568	0.068709175	0.0	0.0	0.0	0.2550486884042442	-0.011037649864562	0.0001218297145326	0.0650498334567252	0.0972484696403057	0.0669085009977692	0.0094572648473814	0.0044767475057684	0.0782443351685913	-0.0186244405290806	0.0003468697850212	0.0061221759859748	-0.0026609729591419	0.0003149706029961	7.080777089284401e-06	9.920648075172685e-08	-0.0060160008762852	8.393250389529972e-05	7.044665210134503e-09	3.61922665434643e-05	0.0066771150082364	8.007120391570043e-05	6.4113976965096805e-09	4.458386483321578e-05	0.0	0.0	0.0	0.0	0.0	0.0	0.0	0.0
563.6384842236979	0.3670802545678953	0.1347479132936308	317688.3408979878	755.681756181537	2.22258169546069	571054.916625612	4.939869392996915	630.1696300405316	0.6990301351630706	0.4886431298661007	397113.76262542047	644.7231618392216	454.01749748561696	0.675308	20.622936	0.1232107534019568	0.0541179039022989	-0.0168354199	-0.0178592937	0.0308963436	0.0123110058	-0.0495202712	0.0930902854	-0.0352461338	0.1117046846	0.068151839	0.030920461	0.0463596697	0.0153447706	0.0457791208	0.0876980244	-0.00341333	0.006028785	-0.0775611802	0.0250993486	-0.0185770955	0.0572733927	-0.0004664331	0.106289051	-0.0008470339	-0.083269222	0.1416447357	0.0315235577	-0.0365317938	0.1041476709	0.0645878016	-0.0103549482	-0.1099253136	0.1792491265	-0.0738609244	-0.0077249179	-0.0195511369	-0.0025268552	0.0090221938	0.0361546927	-0.0988202037	0.1769411678	-0.0560179968	0.0864736146	0.1858759282	-0.0296124149	0.0015149556	-0.028647794	-0.1667392867	0.0088059488	0.0052716544	-0.0205099864	0.018762893	0.0467504687	0.0073410134	-0.0789862967	0.0112089382	-0.043501135	0.071414956	-0.0351697198	0.0633147474	-0.0007409579	0.0582871471	-0.0659856021	0.070389238	-0.0995322659	0.0607667619	-0.0085356394	-0.0525591476	-0.1459456986	0.0247237542	0.0324990379	-0.0934365362	0.1030016067	-0.1871557433	0.0509431231	0.0046812457	0.0830570237	0.1019196118	-0.0323536202	-0.0428105127	0.032394189	-0.0883589674	0.0213526714	0.170887236	0.020056402	-0.0084895604	0.1411922163	-0.0706947614	0.0136578591	0.043948773	-0.1087201214	-0.0851782922	-0.0484262333	-0.0327153351	-0.1155619599	-0.0820583955	0.0440687305	-0.1069917864	-0.0986255626	0.0297237662	-0.084574738	-0.1066322986	0.0004471849	-0.0437441509	0.0069437092	0.0006215217	0.0192333246	-0.0091325946	0.0022012706	0.1029972592	-0.0989263247	-0.0178937189	-0.1012072421	0.0204186048	-0.0685447519	0.0100345568	-0.0383350162	-0.0637206533	0.1182027956	0.0314179551	0.001417433	-0.0590548467	-0.0794558076	-0.016465456	-0.0958991397	0.0465733031	0.0319303066	0.0649855842	0.0944456416	0.0832000901	0.0654386837	0.0	0.0	0.0	0.2427540204885616	-0.0122946679156826	0.0001511588591569	0.0589295144633609	0.0673651870010587	-0.029883282639247	0.0045380684196876	0.0008930105812971	0.1138148592863785	0.0355705241177871	0.001265262186014	0.0129538221943781	-0.0023698744080519	0.00029109855109	5.616304709939344e-06	8.47383664466974e-08	-0.0057111359416801	0.0003048649346051	9.294262835177196e-08	3.261707374435024e-05	0.0063638329193467	-0.0003132820888897	9.814566721909397e-08	4.049836942536074e-05	0.0	0.0	0.0	0.0	0.0	0.0	0.0	0.0
562.8910106356394	-0.7474735880584831	0.5587167648450229	316846.2898544115	754.4645231354912	-1.2172330460458625	569216.716670064	1.4816562883860886	628.856410095755	-1.3132199447766195	1.7245466233591082	395460.3845185204	643.8186115599367	456.1535298160885	0.661612	20.204689	0.1051155768330998	0.0596905163388488	-0.0112878432	-0.0158461269	0.0311790098	0.0121973998	-0.0767080685	0.0099479086	0.0008036762	0.1503410946	0.1359253666	-0.0316660704	-0.0088133978	-0.0114504857	0.0204251087	0.072430065	0.0709080136	-0.0412183904	-0.0504152411	-0.0362780302	-0.0486200656	0.0527758711	0.0763933269	0.0697022926	-0.0103584636	-0.0005291495	0.0692993271	-0.1255468762	-0.0403556526	0.1129824596	-0.0863196865	-0.0592764176	0.142535816	0.0219170382	0.107133239	0.001729353	0.0021627294	-0.0652468356	-0.0364962319	0.1149138057	-0.0136904702	0.0210731658	0.0371586082	0.0387974877	0.004295451	-0.027370571	-0.0883490827	-0.0275708138	-0.0353087193	-0.2092084139	-0.070808882	-0.0685200597	0.0529340129	-0.0071669776	0.0423590854	0.0654211425	-0.0538280206	-0.0234233082	-0.0072862911	0.0862970031	0.0346296899	-0.0230288561	0.0585978403	-0.0906513446	0.0719277798	0.050731799	0.1558211041	-0.0412999398	-0.0022597068	-0.0500165789	-0.0222592484	-0.1203204905	0.0042703872	0.0750720523	-0.0980586498	0.0362887212	0.0970973679	-0.0258280492	-0.0513917256	0.0705414264	0.0208988547	-0.0555830294	-0.0162750284	-0.0529331808	0.0114641051	-0.0388173354	0.1046085924	-0.0867329867	-0.0478004593	-0.1598999738	-0.1600937051	-0.0004936462	-0.0407587407	-0.0823719489	-0.0621886299	-0.058274153	0.0316159663	-0.0341756648	0.0113646724	0.097914638	0.005811436	-0.1303852398	-0.0623009168	0.0322765932	-0.0056456757	0.0126220659	-0.0013731089	0.01428602	-0.0170737323	-0.0165019598	0.0957683014	-0.0701749819	0.1037013707	-0.0761886046	-0.0088131847	0.0047845914	-0.0137530851	-0.0093071139	-0.0076510467	0.0919334291	0.0830480005	0.091168221	0.0349776608	0.0226346044	-0.1177895867	0.0789977888	0.0429661318	-0.066748951	-0.0141690318	0.0940214101	0.0815732739	0.0620325607	0.0	0.0	0.0	0.245777398184174	0.0030233776956123	9.140812690326514e-06	0.060406529458182	0.0168477616469431	-0.0505174253541156	0.0002838470725122	0.0025520102644086	0.1117086920069567	-0.0021061672794217	4.435940608907015e-06	0.0124788318699051	-0.0030077143096576	-0.0006378399016057	9.046345368519095e-06	4.068397400803692e-07	-0.0055759924967901	0.00013514344489	1.8263750696736632e-08	3.109169232425949e-05	0.00658022170293	0.0002163887835832	4.6824105660660017e-08	4.329931765971098e-05	0.0	0.0	0.0	0.0	0.0	0.0	0.0	0.0
562.7933159169847	-0.0976947186546794	0.0095442580530169	316736.316440835	759.6862462001776	5.221723064686444	577123.1926657169	27.266391764278385	629.2668023303547	0.4103922345997262	0.1684217862197567	395976.70851506974	644.8177134591123	455.228399058399	0.648484	19.803778	0.1630933249582137	0.0835980217366796	-0.0090592227	-0.0184000914	0.0033841691	-0.0476773102	-0.163369391	0.0207507588	-0.0093303578	0.0649864565	0.0513320903	-0.0990193325	0.0055078731	0.0085716528	0.0378573923	0.024037715	0.055827429	0.023487601	0.0493027267	0.0182828906	0.0581320782	-0.0222147283	-0.0472555327	0.0926530203	-0.0930731657	-0.0474956893	-0.0230615089	-0.0229298412	0.1366093898	0.1121172795	0.0142888978	0.0378885513	0.0329184786	0.0255818755	0.0233713533	0.0749657778	0.007376249	-0.0006442907	0.0088437512	0.0954522132	0.0319407141	-0.0089466018	0.0207529352	0.1078974251	-0.0347706913	0.0500416643	0.0238192466	0.027297505	0.0333261763	-0.0143193585	0.0135407428	-0.0402709946	-0.0650731752	-0.0320389421	-0.0484840111	-0.089731308	-0.0630444832	-0.0339374684	0.0701449055	0.0503400331	0.0302172489	-0.0279075707	0.0142130988	-0.107340124	-0.036896599	0.0494269005	0.0983140658	-0.0040914445	-0.0573551309	-0.048048876	0.0576278071	0.0161925684	-0.0404588165	0.0488978378	-0.0157363325	-0.0485930639	-0.0163450952	0.0207471434	-0.1367833085	0.0835728199	-0.0355770751	0.0660622556	-0.0946817957	-0.037371586	0.0300600896	-0.0520866898	-0.0118284169	-0.0537419101	-0.0633351954	-0.0486429126	-0.1187359663	-0.0040175186	-0.024797992	-0.039711821	0.0134399383	-0.0851702398	0.10019102	-0.0455255205	0.0122858742	-0.019257944	0.0960446645	0.1143228244	-0.0512244346	-0.0488206048	0.1146255877	0.0155752576	-0.0085612206	0.0122540662	-0.0179016804	-0.0020616643	0.1180539461	-0.0996176757	-0.0387809905	-0.096954526	-0.0265378691	-0.0427279214	0.0026202169	-0.0489356421	-0.035196335	0.0655948584	0.02157674	0.0401638162	-0.0216005801	-0.0303379535	0.0117818502	-0.0257329398	0.0307530105	0.0912782568	0.0049206143	0.0935755227	0.0798713069	0.0584978657	0.0	0.0	0.0	0.2253843532169241	-0.0203930449672498	0.0004158762830362	0.0507981066750112	0.0794006002989107	0.0625528386519676	0.0063044553278273	0.003912857623419	0.1295629326201179	0.0178542406131611	0.0003187739078726	0.0167865535091252	-0.0036039397234342	-0.0005962254137765	1.298838153014698e-05	3.554847440330778e-07	-0.0057636300897148	-0.0001876375929247	3.5207866278575693e-08	3.3219431811065835e-05	0.0061182206951146	-0.0004620010078153	2.134449312224448e-07	3.743262447412858e-05	0.0	0.0	0.0	0.0	0.0	0.0	0.0	0.0
561.4958878355228	-1.2974280814619306	1.683319626565986	315277.632056202	757.6809457263107	-2.005300473866896	574080.4155167165	4.021229990490798	627.9955376279038	-1.2712647024509351	1.6161139436976646	394378.3952805599	643.3544924245955	454.0194819147172	0.637804	19.477615	0.147584406122244	0.0916570377057309	-0.0105608847	-0.0077661513	-0.0086195399	-0.0232917917	-0.1610511108	-0.0471806565	0.0472257877	0.0654800802	0.0870839182	-0.0630575404	0.0016207115	-0.0500043414	0.0178127877	0.0284142369	-0.0145536007	0.0006138853	0.1038182447	0.0563241493	0.1088892281	-0.1671336326	-0.00423373	-0.0121341501	0.0477044938	0.0125158554	0.0230277675	-0.0481026759	-0.0897010557	0.0637658145	-0.1662603339	-0.0036822898	-0.0533574551	-0.0437192158	0.1166473488	-0.1075674096	0.0091079115	-0.026369797	-0.1063271471	0.0076919534	-0.0400874088	0.0785450466	-0.079938176	0.1619342721	0.0391960402	0.0414164296	0.0990721416	0.0248617945	-0.0152101699	-0.1239075824	0.155590775	0.1229285574	0.0260971446	-0.0046886961	0.0144621306	0.0604085988	0.0744147156	0.0381457144	-0.0386916279	-0.0427978118	0.0278412305	-0.0673521949	0.0418638753	-0.1113535696	-0.053741123	0.0637622753	0.0664739445	-0.0155948958	0.0386131073	-0.1103449559	0.037112944	0.0963042292	-0.0002396336	0.0265005624	-0.0108907806	0.0142763848	-0.1091752347	-0.0138175241	-0.0563175797	0.1600181443	-0.039207239	0.0014936532	0.0371475244	-0.0678867304	-0.0016660549	-0.0402955986	0.1965620778	-0.1335246121	-0.0189406011	0.1165382501	0.0183827745	0.0147477445	-0.0095756549	-0.095677328	-0.0382254225	-0.0112368547	-0.1249262095	0.0962922236	0.0821832541	-0.0268773589	-0.0099664741	0.0603198045	0.0289561988	0.0241520166	0.0235151024	0.0148773307	0.0061501309	0.0183616464	-0.0098110206	-0.0157078255	0.0974572698	-0.0822994237	0.0874687455	-0.0755392769	-0.0026069385	0.0047098043	0.0659414309	-0.1207434928	-0.0229685993	0.1326070811	0.1010660831	0.0697428099	-0.0250123297	0.0139003671	-0.0008028588	-0.0252046934	-0.0266810145	0.0133671808	-0.0003395946	0.093108082	0.078095757	0.054841925	0.0	0.0	0.0	0.2253355475563552	-4.880566056889024e-05	2.3819925035657282e-09	0.0507761089925224	0.0340951483568119	-0.0453054519420988	0.001162479141473	0.0020525839756778	0.1136255370939665	-0.0159373955261513	0.0002540005761569	0.0129107626798923	-0.0022802670293595	0.0013236726940747	5.199617725183998e-06	1.7521094010389748e-06	-0.0054261341164509	0.0003374959732639	1.1390353196934724e-07	2.944293144971239e-05	0.0061829070876445	6.468639252989964e-05	4.184329378532256e-09	3.822834005444459e-05	0.0	0.0	0.0	0.0	0.0	0.0	0.0	0.0
561.8980446653394	0.4021568298165903	0.1617301157681299	315729.4125987317	758.353392686484	0.6724469601732608	575099.8681991006	0.4521849142462589	628.314203096913	0.3186654690092609	0.1015476811388922	394778.7378133089	643.9000516461743	454.1882455784341	0.631763	19.293133	0.1607912762597655	0.0890084238624799	-0.0186360448	-0.0059924851	-9.16409e-05	-0.0732101716	-0.1214187017	-0.0482753089	0.0879072629	0.0651082349	-0.0086649686	-0.0468908793	-0.0095113761	-0.0208988368	0.0024774582	0.0302545384	0.0552381017	-0.0556260991	-0.0333710886	0.0753700958	-0.022530775	-0.0362377596	0.2592655639	-0.001091864	-0.1319972968	-0.033303083	0.0005864451	-0.0527230621	-0.1366356438	-0.0091998794	-0.0214210619	-0.0891686225	0.0263590294	-0.0560732657	-0.0593942769	-0.0539797072	-0.0221562921	0.0406945874	-0.0607439573	-0.0258516862	-0.0876515604	-0.042892477	0.0295815342	0.0374313382	0.0401605605	0.1678088939	-0.0103266504	-0.0952338967	-0.1015730645	-0.0882694042	-0.0314378893	0.0354601924	0.0400558282	0.1244812246	0.0969795409	0.1273501606	0.0436070101	0.084261392	-0.0805006863	0.1226283913	0.0336520869	-0.0481668139	0.0315407746	-0.1237829162	-0.0612235377	0.0927771965	0.0822265659	-0.0265983354	-0.0128266783	-0.1619454954	-0.0119593502	0.0402649043	0.0920774455	-0.040804664	-0.0528229629	0.1806574614	0.0843074539	-0.0189127839	-0.0302751503	-0.0332562083	-0.0742021292	-0.0104272353	0.0282707829	-0.0551428474	0.0757097551	0.0713103412	0.1226926451	0.0249989672	0.0814859356	-0.0840630388	0.0728973547	0.0838578467	-0.1611144536	0.0670281142	0.0038574767	-0.0198484594	-0.0153254964	-0.1194281669	0.0128590927	-0.0387788141	-0.1083717792	-0.0956634748	0.0995673963	-0.0458056458	0.0919599183	0.0166174276	0.0092412255	0.0223266692	-0.0143921405	-0.0142486829	0.1082950365	-0.0889355189	0.0061005338	-0.0637502953	-0.0859750619	-0.0167210386	-0.0357753199	-0.0676193559	-0.0084731441	0.0120637752	0.0327265942	0.1013818462	0.0350055383	-0.0069195262	-0.0117741923	0.0470891953	-0.0525272497	0.118251083	0.0126215279	0.0926191957	0.0762482601	0.051072316	0.0	0.0	0.0	0.2129545836870647	-0.0123809638692904	0.0001532882663326	0.045349654713331	0.0651821529433931	0.0310870045865812	0.0042487130623358	0.0009664018541661	0.1318604351572503	0.0182348980632837	0.0003325115073783	0.0173871743598594	-0.0036460302248678	-0.0013657631955083	1.329353640064954e-05	1.8653091062050427e-06	-0.0051227830816482	0.0003033510348027	9.202185031586896e-08	2.6242906501621028e-05	0.0058702531231433	-0.0003126539645011	9.77525015183175e-08	3.445987172977367e-05	0.0	0.0	0.0	0.0	0.0	0.0	0.0	0.0
561.3951203031014	-0.5029243622379909	0.2529329141324898	315164.4811001337	753.3184796339311	-5.034913052552838	567488.7317579775	25.350349446766938	628.0505537995195	-0.2636492973934992	0.0695109520160857	394447.4981278832	643.5814458612067	452.8414160987605	0.643451	19.650061	0.0847318264445119	0.045236723497188	-0.0164007141	0.0002319962	0.0217917787	-0.019558801	-0.0695908605	-0.0549679513	0.0518918387	0.042886442	0.0027027742	-0.0738659425	-0.0178685364	-0.0023596167	0.051741264	0.0288311694	0.0901001171	-0.0264823978	0.0321822039	0.0864474538	0.0710885997	0.1090496298	0.1287551007	0.0014017435	0.0393969585	0.1110274763	0.1882089358	0.0031093891	0.0145773534	0.0674350496	-0.0128692947	-0.0194909913	-0.0059777381	0.1289919603	0.0025971446	0.0163163147	0.0916719265	-0.0080618472	0.0769595869	-0.0309653534	0.1357119609	-0.2002868059	0.0034542543	-0.0860442128	0.046360213	0.0299996953	0.1164931552	-0.0166170357	0.0023330541	-0.0434301372	-0.0275953527	0.1151299234	0.0128964539	0.0667575287	0.0774190332	-0.0286487499	-0.1920203907	0.0005103721	0.0724055488	-0.0015466976	0.02610102	-0.0126710802	0.024794459	-0.083508853	0.024383277	0.0873107169	-0.0076918271	-0.0254887631	0.0451154029	-0.1967574451	0.0342817979	0.0624720048	-0.0561094524	0.0364588222	-0.0079071378	0.1150954939	0.0584744116	0.0586197442	0.111146151	-0.0833998922	0.0511454959	0.1276521367	-0.0401008603	-0.240053858	0.1099598553	-0.0535138166	0.0433183592	-0.0899836609	0.0058362489	0.0457300264	0.0138013098	0.0335882195	0.0497503197	0.0273623758	0.0529133034	0.0024591046	0.0510819945	-0.1392821813	-0.0106948824	0.0604322179	0.0484974185	0.0240675971	0.1106366123	0.0187938272	0.0374212217	0.0051412294	0.0165247766	0.0222562508	0.0032683336	-0.0271841511	0.1237677406	-0.0745621929	-0.0420021917	-0.0783731359	0.0446376237	0.0250872985	0.0667800785	-0.112312795	0.0148882237	0.1049295564	0.0698122012	0.0301014565	0.0091999099	0.03080114	-0.071853621	-0.0724640565	-0.0301854988	0.1671451835	0.0696711397	0.0921089764	0.0743305181	0.0471968518	0.0	0.0	0.0	0.2102084137753905	-0.0027461699116742	7.541449183784689e-06	0.0441875772219657	0.0340149736802288	-0.0311671792631643	0.0011570184344666	0.0009713930632222	0.1343190125982687	0.0024585774410184	6.044603033484613e-06	0.0180415971453738	-0.0031193558545384	0.0005266743703293	9.730380947242992e-06	2.773858923618699e-07	-0.0048600137536218	0.0002627693280263	6.904771975144571e-08	2.361973368539306e-05	0.0060480074213606	0.0001777542982173	3.1596590534724915e-08	3.6578393768832897e-05	0.0	0.0	0.0	0.0	0.0	0.0	0.0	0.0
561.1507517041492	-0.2443685989521782	0.0597160121538505	314890.1661381317	753.16081258186	-0.1576670520711331	567251.2096089676	0.0248588993088014	628.4605381788406	0.4099843793210311	0.1680871912872511	394962.648048038	643.5856526128196	453.3417586388795	0.635301	19.40118	0.0772254746075348	0.0385910748344048	-0.0264950466	-0.0094564693	0.0472536018	-0.0363553589	-0.0604113099	-0.0679809766	0.079564777	0.0728137215	0.0273340252	0.0241758719	0.0101957233	-0.0138143147	-0.0173577799	0.0615980498	0.1343050759	-0.0470642616	-0.0249410059	-0.0488725755	-0.0728700889	0.0165857631	0.1238283238	0.0246594963	-0.0021126376	0.0029544082	-0.0485831649	0.0870200839	0.0027598038	0.1018041469	-0.0130518505	-0.0527936505	0.1291103154	0.0105076625	0.0486606078	-0.0813595683	0.1558446857	0.023593972	-0.0685397408	0.060987564	0.1288219821	-0.1293475274	-0.1100272946	0.0175155411	-0.0054707653	-0.0319320118	0.0667823099	0.0019159187	0.0341048241	0.1941883354	-0.0751181164	0.1172547688	0.1059357117	-0.1248187322	0.0495746351	0.0830616285	0.133450555	-0.0584269053	-0.0187630052	-0.0275651713	0.0443946367	-0.0335518315	0.0461097116	-0.0608386866	0.06139251	0.1120020109	0.1471580237	0.0081023407	0.0393427258	-0.0975270514	-0.060060413	-0.0614780692	0.0674395821	-0.0693445911	-0.0555902932	0.0460903488	0.0758967048	-0.023611169	0.063560003	0.0207978305	0.1186920423	0.1114900835	-0.0314565397	0.024157606	0.0196601475	-0.0989457344	0.0578594053	0.0383284645	0.1064907842	-0.0410047802	0.0141492679	0.0517688971	0.0094291277	0.1197085166	0.0844446222	-0.043661016	0.0432039015	-0.091876748	0.1259302792	0.0513158967	0.036328729	0.2481725156	-0.0373321523	0.2005647161	0.0625535148	0.0210214159	0.0078588212	0.018539184	-0.0048356259	-0.0408139232	0.1021213846	-0.0660639757	0.0889862484	-0.0006708337	-0.0368946041	0.0112712223	0.0222571993	-0.0915032783	0.0105506111	0.0650450755	0.1889057926	0.1225131565	-0.0517837689	0.0168046806	-0.1080678332	0.0489197178	-0.0487257909	-0.0018464705	-0.0407642103	0.0915775417	0.0723442979	0.043223565	0.0	0.0	0.0	0.2264288289733826	0.016220415197992	0.0002631018691952	0.0512700145902573	0.0313255468429645	-0.0026894268372643	0.0009812898850107	7.233016712997462e-06	0.1404163984238522	0.0060973858255835	3.7178113906026594e-05	0.019716764946326	-0.002602936616063	0.0005164192384754	6.7752790272415005e-06	2.6668882986751225e-07	-0.0050279216016169	-0.000167907847995	2.819304541834548e-08	2.5279995632005853e-05	0.006408045269824	0.0003600378484633	1.2962725232615413e-07	4.106304418011375e-05	0.0	0.0	0.0	0.0	0.0	0.0	0.0	0.0
561.7160945511648	0.5653428470155859	0.3196125346716881	315524.9708778131	752.1101596070536	-1.0506529748064397	565669.6921841475	1.1038716734696208	629.1818629982197	0.721324819379106	0.5203094950522998	395869.81672591047	644.0942448860533	452.3861420299696	0.629706	19.230307	0.2302007736890778	0.1149949008035452	-0.0457611077	-0.017692269	0.0582034478	-0.004372652	-0.0655888194	-0.0558349148	0.0360304783	0.0383520643	0.008565844	0.0279668403	0.0492983568	0.0155823427	-0.0014083151	0.0945060988	0.094337507	-0.0724444798	-0.0899577728	0.0325170493	-0.0285763493	-0.0197554341	-0.0330540383	0.034378325	-0.0463266239	0.0649892486	-0.0669617054	0.0341971581	-0.0907935165	0.1008815078	-0.0884040294	0.0611753118	-0.1651781082	-0.0148263347	0.0475237926	-0.0553701823	-0.0549499388	-0.0334214632	-0.0955270529	-0.1856501405	-0.0096341036	0.0016518256	0.0293497146	-0.0235878906	-0.0338894375	-0.0753574315	0.0865220211	0.0975910529	0.0112133597	0.0890928367	0.0277137771	-0.1336632639	0.0564352132	-0.0710070717	-0.0113038833	-0.0790590893	-0.133817882	0.1165376705	-0.0386900904	0.0126701566	0.0659589252	-0.0206623251	0.0130424148	-0.0341622893	0.0648582541	0.0676258474	0.0176670095	-0.0106832972	-0.0020293306	-0.1599446743	-0.027404722	0.1012691402	0.0750040802	-0.0785364866	-0.0607215716	0.0835576358	0.0900432527	0.0597076281	0.08095671	0.0691597535	-0.0016710279	0.1480150011	-0.083537954	0.023611076	-0.0353006123	0.0587460569	0.0033137585	-0.1052009472	-0.0810138837	0.0958009854	0.0159865665	-0.0532873527	-0.0436489584	0.0849797003	0.0383362845	0.075807432	-0.0313512634	0.2498060454	0.0094840429	-0.0544011322	0.0971286465	0.0157730743	0.1088834381	0.0005583044	-0.0493893111	0.0355100388	0.0133391027	0.0225015744	0.0142499925	-0.0229719891	0.1073177766	-0.0366746983	-0.0610058942	-0.0170902868	-0.0558921116	0.0122597841	0.0455995871	-0.1221074071	-5.63078e-05	-0.0018948848	0.1500812537	0.0558160656	-0.0692582164	-0.0313895931	-0.0182978486	-0.0088861948	-0.0716504309	0.1848666224	0.0483251295	0.0910250139	0.0702914292	0.0391606907	0.0	0.0	0.0	0.2041794385388584	-0.0222493904345242	0.0004950353747078	0.0416892431220434	0.0880944720796463	0.0567689252366818	0.0077606360109915	0.0032227108725279	0.200216760793694	0.0598003623698417	0.0035760833395643	0.0400867513027192	-0.0036104261462819	-0.0010074895302189	1.3035176957755972e-05	1.0150351535007004e-06	-0.0054078628825247	-0.0003799412809078	1.4435537693786014e-07	2.924498095618836e-05	0.0059678341679901	-0.0004402111018339	1.9378581417781638e-07	3.561504465663009e-05	0.0	0.0	0.0	0.0	0.0	0.0	0.0	0.0
560.8674702389824	-0.8486243121824373	0.7201632232271148	314572.3191722758	748.2742322345949	-3.8359273724586274	559914.3266262725	14.714338806777349	627.6051724864318	-1.5766905117878878	2.485952969961952	393888.2525317238	642.9540242863019	449.90715764501823	0.652673	19.931698	0.2157915124009329	0.1240742354040718	-0.0325612423	-0.0214186548	0.0459278207	0.0376697515	-0.0007776036	-0.1286944068	0.0374573015	0.0706753555	0.0414976614	0.009506084	0.0046933112	-0.0147508737	-0.0723997638	0.037970962	0.0700211319	-0.0972857299	0.1413618775	-0.0116304637	-0.0745291735	0.0384796643	0.0386054654	0.076792345	0.1583992273	-0.0069896829	-0.0199048777	-0.0236818596	0.0244704078	0.0294979525	-0.0411904365	-0.0844791091	0.1427348459	0.0393260968	0.0725465984	0.0250958682	-0.0980924607	-0.009330232	-0.1243888322	0.0845052573	-0.078397176	0.0117184563	-0.0406217746	-0.113870858	-0.0589266498	-0.058957982	-0.0838203795	-0.0308492303	-0.0070943851	0.0219427782	-0.2391108877	-0.0109510166	-0.0240685192	-0.0993287845	-0.0304760016	-0.0297348092	-0.0201763651	0.1679131957	0.0226584977	-0.0562283946	0.0322259758	-0.0238264778	0.0550456092	0.0042513612	0.0345277936	0.118840848	0.0465610481	-0.0242640485	0.1121472623	-0.0799118535	-0.0275583647	-0.0224233134	0.0275092531	0.0676919984	0.0742608962	0.0602852928	-0.0178517903	-0.0836683415	0.0916258289	0.079338852	0.1511367255	-0.0539403855	-0.0557264615	0.0445583858	-0.1491144501	-0.0895374082	0.0183731776	0.0365631679	0.0468826243	-0.0763261211	0.0209285165	-0.0197322714	-0.0096685711	0.0425169577	0.0500808437	0.0107640664	-0.0482437945	-0.0128707986	0.0628638599	-0.0136948473	-0.0334674765	0.0409825429	-0.0365162682	-0.0475411452	-0.1399970073	0.0295562841	0.0051729903	0.0139570572	-0.0005423426	-0.0460890891	0.13517095	0.0267503981	0.0433924199	0.0127501104	-0.000326667	0.055059128	0.0242674915	-0.1169030878	-0.0038049189	-0.0010536636	0.182466317	-0.019436814	-0.1530832181	0.1078758105	-0.0860880891	-0.0162042806	-0.0868365881	0.0621217366	-0.043801283	0.0904515202	0.0681738033	0.0350166499	0.0	0.0	0.0	0.2252066793099914	0.0210272407711329	0.0004421448544471	0.0507180484058333	-0.0035464912947276	-0.0916409633743739	1.257760050357865e-05	0.0083980661681833	0.1574872553405129	-0.0427295054531811	0.0018258106362734	0.0248022355946879	-0.0025759358923106	0.0010344902539713	6.635445721294008e-06	1.0701700855616048e-06	-0.0054239779714173	-1.6115088892599584e-05	2.596960900163865e-10	2.941953703442013e-05	0.0061251048811711	0.0001572707131809	2.4734077224460257e-08	3.751690980534603e-05	0.0	0.0	0.0	0.0	0.0	0.0	0.0	0.0
561.5336962779988	0.6662260390164647	0.4438571350635679	315320.09205563186	750.5676762742817	2.293444039686733	563351.8366677748	5.259885563174601	629.1903217687016	1.5851492822697535	2.512698247080315	395880.4610074022	644.622684474526	452.229752051312	0.640037	19.545811	0.227085028938907	0.1289375027773713	-0.0329361666	-0.0305248775	0.0406351259	0.003317682	0.002730927	-0.0772573092	0.0120946918	0.037051324	-0.0418863914	0.0191379027	0.041332754	0.0182206146	-0.0321030463	0.0114701725	0.1335881173	-0.0415602575	0.0115475189	0.0425453866	0.0497599296	-0.0503234867	0.0767664094	-0.0055617245	0.0184713848	-0.0084064601	0.0361227375	-0.1156492315	0.0568880798	-0.0559437402	-0.0017826832	-0.0014691518	0.1112882752	-0.0427411212	0.1369005999	-0.1090779923	-0.1487379951	0.0322402435	-0.0846856279	-0.0643417135	0.0167515606	0.0180727306	-0.0549794019	0.0206594961	-0.1343515155	-0.0358992893	-0.0186962731	0.1457335943	0.0768483741	-0.1326501913	0.084444835	-0.0907903914	-0.0121903277	0.1182587711	0.0406264321	0.10677786	-0.0552554575	-0.0182132187	0.0839472729	-0.0466843032	0.0252326141	-0.0031292475	-0.0168255762	0.0230455532	0.0429583822	0.1189310775	0.0284698314	0.0336595935	-0.0426807708	-0.0606710534	-0.0099003648	-0.0144730329	-0.0094406426	-0.0770539238	0.032391667	0.0033765527	-0.0562451859	-0.0424859747	0.0841704534	-0.0192965402	-0.0337809371	0.0815486564	-0.0084724452	-0.005886089	-0.1333437829	0.0055514648	0.1816967953	-0.1464501935	-0.0336302432	-0.1036589697	0.0428886156	-0.0076393118	0.0269052385	-0.0036862162	0.0555864479	0.0161839985	0.0095466217	0.0288853876	0.0814586476	0.1168053877	-0.0592273983	-0.0681197889	0.0700039939	-0.0461347096	-0.0779136464	0.0356210699	-0.0027468515	-0.0012155661	0.0127637384	-0.0152731705	0.1140430653	0.030705026	-0.0572888673	0.0046735913	-0.0473739306	0.014006019	0.0379930231	-0.0885068808	-0.0192084998	-0.0888179321	0.128817168	-0.0333351566	-0.0929508634	-0.0278389737	0.0070142461	-0.0317233285	-0.0955359977	0.1356966885	-0.021004946	0.0898571929	0.0659933711	0.0308000317	0.0	0.0	0.0	0.2008583063511224	-0.0243483729588689	0.0005928432657441	0.0403440592302413	0.0837404198133668	0.0872869111080944	0.0070124579105189	0.0076190048507923	0.1791644775920815	0.0216772222515686	0.0004699019645439	0.0320999100308434	-0.0040212131871596	-0.001445277294849	1.6170155496586272e-05	2.088826459006044e-06	-0.0058444103831409	-0.0004204324117235	1.767634128277225e-07	3.415713272656516e-05	0.0061153641353362	-9.740745834900186e-06	9.488212942012531e-11	3.739767850775626e-05	0.0	0.0	0.0	0.0	0.0	0.0	0.0	0.0
561.9589363740735	0.4252400960746172	0.1808291393095497	315797.84617068	749.1129963742862	-1.4546798999954262	561170.2813368614	2.116093611450703	629.7400501352496	0.5497283665480381	0.3022012769875741	396572.5307443467	645.363940663396	452.0235202975895	0.682689	20.848347	0.1478406491479372	0.0782867446494341	-0.0333395409	-0.0361947314	0.0525534936	0.0608776052	0.0281048603	-0.019814096	-0.0261927321	0.034510319	-0.005102843	0.0239090814	0.0492108101	0.018498557	-0.1104790402	-0.0104457372	0.0770664651	0.0816120637	-0.0038900997	-0.051392957	-0.0366849336	-0.072782358	0.0124483415	0.0529448802	0.1940745392	0.0960311475	-0.0350566201	-0.0507478825	-0.0008275005	0.0526675385	-0.0435306385	-0.1062524194	-0.0624954406	0.120573677	-0.0885322266	-0.1878511582	-0.1192300119	0.1340247133	-0.1562927616	0.0815810743	-0.0890566046	-0.0434825414	0.0342942624	-0.0122121188	-0.0920213435	-0.08394919	-0.0037094086	-0.1303122408	0.0015694904	-0.0040933246	-0.0791395909	-0.0259450178	0.1474775806	0.0664376269	-0.0112178515	-0.0649238885	-0.0167130401	-0.1240706891	-0.0622324475	0.0284213181	0.0364138678	0.016575637	-0.0044944724	0.1211211441	0.0356278579	-0.011779442	0.0423282756	0.0232597105	-0.01533401	-0.0950886035	0.0501854583	-0.0464532799	0.0534858466	0.1332891845	0.0869401197	0.1113825357	-0.083062266	-0.0338433057	0.2032882798	0.1112478071	0.1258363395	0.1190031124	0.0026006754	0.1506155116	0.0087492645	-0.0678887032	0.0340227609	0.0417648643	0.005068991	-0.1926707233	0.0252995975	-0.0166602111	0.0326242713	-0.0483451884	-0.1538190318	-0.1202211927	0.0205845463	0.0446768972	0.0240454249	-0.0361384499	0.0009797337	0.0618738123	-0.0909838339	-0.0034529557	0.0454902837	0.0333248733	-0.0122042002	-0.0139061313	-0.0087781179	-0.0198675779	0.0674096412	0.1075930923	0.0494144914	-0.0280027722	0.0001280425	0.0692382801	0.0574065497	-0.090319841	-0.0276123292	-0.0534140244	0.0909695853	-0.1640808557	0.0145243228	-0.012381584	0.0476697227	0.0381278381	0.0333700595	0.0442365807	-0.0522373431	0.0892421688	0.0637521413	0.0265195758	0.0	0.0	0.0	0.2339458833774017	0.0330875770262792	0.0010947877534699	0.0547306763492328	0.021626008855776	-0.0621144109575908	0.0004676842590301	0.0038582000486084	0.1605957964665094	-0.0185686811255721	0.0003447959187431	0.0257910098427125	-0.0039593461178714	6.186706928820035e-05	1.5676421681103325e-05	3.827534262310983e-09	-0.0060231027592116	-0.0001786923760707	3.193096526579248e-08	3.6277766848022384e-05	0.0065562042907472	0.000440840155411	1.943400426227951e-07	4.2983814702012e-05	0.0	0.0	0.0	0.0	0.0	0.0	0.0	0.0
562.7988782080423	0.8399418339688509	0.7055022844509568	316742.57731223083	753.4399912192387	4.326994844952424	567671.8203684464	18.722884388244847	629.0853766787369	-0.6546734565126826	0.4285973346622633	395748.4111510283	645.0711516825922	454.01845298228056	0.682106	20.830519	0.1974775573546068	0.1096214815505685	-0.0231469564	-0.0446184509	0.0127329679	0.0309142013	0.0143354341	0.0466274873	-0.1017821397	0.0300117758	-0.088977361	0.0614860558	0.0384412366	-0.0195129577	-0.1282765844	0.0016939599	0.1116367037	0.021711555	-0.1612920207	-0.0219898791	-0.0030336461	0.1459397167	0.0363949081	-0.0309945924	0.0469444586	0.0809134936	0.1834656423	0.0464467161	-0.0425818225	-0.0345245226	-0.0338746499	-0.1514309145	-0.0309383631	-0.085083509	-0.0113379953	0.0461471549	0.0267601969	-0.1750579589	0.0570619379	0.0194508786	0.0067170809	0.0997874816	0.0514295283	-0.1220183504	0.0060513692	-0.0569784947	0.0240783556	0.0397734718	0.0038421924	0.1176089206	-0.0308244378	-0.0007574519	-0.0655764115	-0.1024035208	0.1364021709	0.0735963819	-0.0797562215	-0.0635270939	-0.0276344687	0.0613678796	0.0155610963	-0.0120693148	-0.0029269097	0.1255186094	-0.0108008834	-0.0381645528	0.0690797269	0.0355156395	-0.080699654	-0.0733921243	-0.1107570352	-0.0503796816	-0.0307656426	0.0520630253	0.0314196952	0.017073756	0.1171910649	0.0192081367	0.1576154075	0.0207856133	0.0389180938	-0.040984105	0.029407559	-0.1316107208	0.0165302798	0.1538812392	-0.0655279663	0.0427941442	-0.0855335886	-0.0077850168	-0.0782854592	-0.0813588518	0.0803115707	0.1425218845	0.0749716575	0.0754864952	-0.1406584431	-0.0310706456	-0.069312524	0.0166916271	-0.0405184107	-0.0902506882	-0.0284316215	-0.0980011809	0.051043463	0.0403067968	-0.0221095027	-0.0074504016	-0.0271460305	0.0226652342	0.0280017267	0.096915408	-0.0326141087	-0.0820770276	-0.0537487676	-0.0440176438	-0.0163779273	-0.001044961	0.0074334798	-0.0512163746	0.0826436603	-0.0933436707	0.0654233098	-0.0302654636	0.1223621323	-0.0201523333	0.0190222342	0.0854866638	-0.0069228562	0.0886065894	0.0614521788	0.022184154	0.0	0.0	0.0	0.2655631537921152	0.0316172704147135	0.0009996517884771	0.0705237886520146	0.1133068770052858	0.0916808681495097	0.0128384483766909	0.0084053815846477	0.1428335286200308	-0.0177622678464786	0.00031549815905	0.0204014168980491	-0.003609681442282	0.0003496646755893	1.302980011475506e-05	1.222653853550403e-07	-0.0059201830316035	0.000102919727608	1.0592470330925412e-08	3.504856712768601e-05	0.0072319629064278	0.0006757586156805	4.566497066665604e-07	5.230128747994763e-05	0.0	0.0	0.0	0.0	0.0	0.0	0.0	0.0
562.4446131832782	-0.3542650247641177	0.1255037077711209	316343.94289888744	753.8511658434597	0.4111746242210756	568291.5802435435	0.1690645716033427	629.737578805569	0.6522021268320941	0.4253676142443069	396569.4181599002	645.2450069380918	454.51400212412295	0.673398	20.564615	0.1637571112830804	0.0942921960605858	-0.0166370941	-0.0544749701	0.0196331299	0.0500239629	-0.034053857	0.0403115557	-0.1281995641	-0.0094193748	-0.0033646087	0.0631947024	0.0819015243	-0.005897508	-0.0825004218	-0.0533071779	-0.0160482655	-0.0110868497	0.0619094144	-0.0267511782	-0.0669207658	-0.0176036989	0.0363168739	0.022569904	-0.1105879836	0.0291839721	-0.0383280133	0.0612818108	0.0431330482	-0.0283677369	0.0795701712	0.0213682711	-0.1352811096	0.0046341923	0.0962554932	0.1765505944	0.0519794559	-0.0688320289	-0.223870377	0.1328900499	-0.0120596241	-0.0009317937	-0.1267889686	-0.0474197494	0.0066081111	0.0116176821	-0.0268241846	-0.0108168606	0.0329316127	0.0557199402	0.0843776634	0.0665350602	0.0246783481	-0.0354908408	-0.0751810387	0.0770292992	-0.0178332262	-0.0085350178	0.0973332837	-0.1444778855	0.0395151165	-0.0055419144	-0.032677187	0.0915025414	-0.0103483015	-0.0349636106	-0.0185325127	-0.0199902831	-0.0294693885	-0.0580863781	-0.0053767922	-0.0273531669	0.0820257029	0.0158640693	-0.0588274865	0.023540947	-0.1462208613	0.0915190238	-0.073245262	-0.0386813301	0.0249006371	-0.0790349564	-0.058758882	-0.0362503315	-0.1318689318	-0.1169150517	-0.1075003251	0.1652831066	0.0445939725	0.0263634488	-0.1771527654	-0.158624908	0.080709166	0.0084159348	-0.0074620641	-0.1251884619	-0.1169987092	0.0310643208	0.0090763036	-0.0162436347	0.1277373366	0.0176801694	0.0801410845	-0.0001028035	-0.0270176518	0.0480269233	-0.0347779618	-0.011571856	-0.0334443898	5.14379e-05	-0.0162691592	0.0926376357	0.0343624528	-0.1141496606	0.0430415498	-0.0038626521	0.0473648814	0.000382215	0.0039914841	0.0567640135	0.1419356303	-0.0685462418	0.1528205548	0.1236829467	0.0778814202	-0.0103318519	-0.0602384804	0.0187851892	-0.0760832049	0.0879506014	0.0590956024	0.0178027522	0.0	0.0	0.0	0.2798966115594794	0.0143334577673642	0.0002054480115688	0.0783421131624781	0.0285254047806375	-0.0847814722246483	0.0008136987178992	0.0071878980325788	0.1656121010525737	0.0227785724325429	0.0005188633620646	0.0274273680150478	-0.0041731326068161	-0.0005634511645341	1.7415035754071743e-05	3.1747721481483374e-07	-0.0057110837447371	0.0002090992868664	4.372251176803719e-08	3.261647753940033e-05	0.0071672411806578	-6.472172576999988e-05	4.188901786647066e-09	5.136934614171701e-05	0.0	0.0	0.0	0.0	0.0	0.0	0.0	0.0
562.2532973623547	-0.1913158209234779	0.0366017433356243	316128.77039484045	754.4463293507414	0.5951635072816543	569189.2638708074	0.3542196003997998	629.1377951292865	-0.5997836762825273	0.3597404583349834	395814.36526014	644.5654102456689	456.80530464130896	0.649705	19.841049	0.1504533290570634	0.1040455202296005	-0.0212210546	-0.0541404015	0.0037209569	0.0227876315	-0.0923726051	-0.0248399024	-0.0545895236	0.0123641281	0.0087131348	-0.0017325332	0.0514923653	-0.0371521769	-0.0885211507	-0.0805468399	-0.0520727037	0.1110936857	-0.0126056709	0.0041088441	0.033139735	-0.0857266165	-0.0227444	0.0504154315	-0.0497739469	0.0206598171	-0.0189585423	0.0269943536	-0.0175972441	0.0085648747	-0.0930701296	0.0209158096	0.1285549311	-0.0051565445	0.0221662378	-0.0693816746	0.0226451187	-0.0465027131	-0.0432215566	0.0783987427	0.0794876472	0.1100219447	0.0193247103	-0.0166940927	0.0699964932	0.0164629589	-0.0986358569	0.0840009953	0.063365951	-0.0191013598	-0.030177902	0.0787376828	-0.2272561557	0.0628954228	0.0863603702	-0.1868420807	0.0146361926	0.0151586578	-0.0424544609	0.1038002106	0.038225133	-0.0644129338	-0.0411684942	0.0382165081	-0.0954228809	0.0361442165	0.0715545985	0.0043126056	-0.0399452952	0.0462587121	-0.0115824185	-0.0640550366	0.0059617007	0.0330338293	-0.0381313756	0.0126064693	-0.0019509749	0.0094112126	-0.127311512	0.0993796541	0.111047916	-0.1037183619	0.0279519811	0.0264835976	0.0405504811	-0.0305769971	0.0037158804	-0.0707044634	-0.0657051563	0.0146450699	0.0017628719	0.007771369	0.0604108142	-0.0516418096	0.0024634639	-0.0834107408	0.0205222606	-0.0191705528	0.065172863	-0.0194458629	-0.0588758031	-0.0005719346	-0.0854007816	-0.104757681	0.0545852527	0.0587410352	-0.0339678192	-0.0081261211	-0.0330470691	0.0339987585	-0.0007227122	0.065660854	0.0058269756	-0.0830185522	-0.0632680342	-0.019610168	-0.0283293008	0.042221434	0.0518592055	-0.0185504559	0.072734886	-0.0018673165	0.1055916001	0.038576025	0.1884199572	0.043702589	-0.0236828505	0.0225393925	-0.03712279	0.0872743556	0.0566845832	0.0133844514	0.0	0.0	0.0	0.2836551549999626	0.0037585434404831	1.4126648793998936e-05	0.0804602469580527	0.1267073074335911	0.0981819026529536	0.0160547417570705	0.009639686008554	0.1715711820567804	0.0059590810042066	3.551064641469708e-05	0.0294366705123608	-0.0044483641155531	-0.0002752315087369	1.9787943304540517e-05	7.575238340164504e-08	-0.0058630332374589	-0.0001519494927218	2.3088648338412406e-08	3.437515874354779e-05	0.0075911362183874	0.0004238950377296	1.7968700301177934e-07	5.762534908611296e-05	0.0	0.0	0.0	0.0	0.0	0.0	0.0	0.0
561.5878012679289	-0.6654960944258619	0.4428850516960756	315380.85853294673	753.7792708198979	-0.6670585308435193	568183.1891177769	0.4449670835711143	628.0904121871544	-1.047382942132117	1.0970110274693297	394497.5658814295	644.1221886231552	454.4023409798741	0.619407	18.9158	0.1463599461399279	0.0904338912873274	-0.0169416487	-0.0402201329	0.0164542378	0.0278573553	-0.0453526888	-0.0103607236	-0.048301915	-0.0512590797	-0.0060085687	-0.0289590468	0.0461080253	-0.0659508852	-0.036651195	-0.0491030572	-0.0750409557	-0.104056351	-0.0277616379	-0.0381304709	0.0341547122	0.0722812799	-0.0378242428	-0.0097095526	-0.0116531663	-0.0927497498	0.0328185674	0.0564025666	0.0232293661	-0.0377796597	0.0453249128	-0.0640043056	-0.1015373533	0.0447448371	0.0550274708	0.0346358215	0.007834723	-0.0096735223	-0.1856384854	-0.0168357416	-0.1582101847	0.0021148302	0.0439052213	0.0704609725	0.1140992933	-0.0602816665	-0.1165672684	0.0107420169	-0.0176226098	-0.0054897809	0.0080094709	0.1054926856	0.0198164495	0.1060857818	-0.0075204697	0.0639549258	-0.0103777761	-0.1011533367	-0.0620279563	-0.0685558586	0.0225561112	-0.0510361716	-0.0389787893	0.0446812253	-0.0569487307	0.0257280361	-0.0153258915	-0.0323191303	0.0340090033	-0.0310682044	-0.0544530361	-0.01357442	-0.0415204476	-0.0817629953	-0.0476058613	0.0359770166	-0.0910158824	0.0047730196	0.0532744774	-0.0054448652	-0.0670210845	-0.142203418	-0.1358232195	0.0298975259	-0.1442578219	-0.0518432644	0.0024058344	0.0798149576	0.120058594	0.1070533226	0.043742853	-0.0807061413	0.0214682421	-0.0387597238	-0.0194357006	-0.1628841658	-0.0317518932	-0.0011610558	-0.0816308921	-0.099302136	-0.1157309216	-0.0664295331	-0.0290582669	-0.0741761548	-0.0498137771	0.0469455592	-0.0310901813	-0.0080984784	-0.0281977727	0.0029815299	0.0202958794	0.0926363203	0.0056668625	-0.1179148387	0.0388008361	0.0030933597	0.0076765814	-0.008973089	0.047922583	0.0419213282	0.0879824653	-0.0398620048	0.0752363518	0.1102816754	0.1479486838	-0.0220872236	-0.0087089665	0.0187517932	-0.1025526581	0.086578008	0.0542213423	0.0089384093	0.0	0.0	0.0	0.2825362300382892	-0.0011189249616733	1.2519930698557595e-06	0.079826721284249	0.0505324457617888	-0.0761748616718022	0.0025535280746681	0.0058026095507182	0.1671647415785031	-0.0044064404782772	1.9416717688600594e-05	0.0279440508270077	-0.0037652504325259	0.0006831136830271	1.4177110819636476e-05	4.666443039389857e-07	-0.0056746234295874	0.0001884098078715	3.5498255702175626e-08	3.2201351067622264e-05	0.0071694653287226	-0.0004216708896648	1.7780633919070397e-07	5.1401233099755465e-05	0.0	0.0	0.0	0.0	0.0	0.0	0.0	0.0
561.6288613385929	0.0410600706640025	0.0016859294029328	315426.9778884844	754.5381269334997	0.758856113601837	569327.7849963141	0.5758626011508842	627.9925641895395	-0.0978479976148491	0.0095742306372355	394374.6606773529	643.8307954066337	455.2294145540051	0.644834	19.692314	0.223381001127551	0.1095453299168036	-0.0248866121	-0.0580955086	0.0161322004	-0.0059402282	-0.075311657	-0.0938752072	-0.0240253263	-0.0397277331	-0.0270132512	0.023663995	0.0559214067	-0.0668405028	-0.0721551277	-0.0423329289	-0.0534361485	0.0107632491	-0.0220385378	-0.0382227758	-0.1100561683	-0.0830569506	-0.0317082969	0.0316466643	0.1456199573	-0.0443983567	0.0329508542	0.0027983156	0.0162621398	0.0234581318	0.0755837963	0.0270574253	-0.0002798541	-0.0823426761	-0.074606512	0.1567499564	-0.0065786718	-0.0660393108	-0.0187572561	0.0171358141	-0.0929057866	-0.0085549418	-0.0096184108	-0.0209764031	-0.2206078805	-0.089858361	-0.1163562641	0.0681746142	-0.0087502677	0.0152427293	0.0551982623	0.0953100447	-0.1409851071	0.1457530777	0.0640536557	0.049581518	-0.1224980066	0.1467022774	-0.0058296339	0.1170999431	0.0337912957	-0.0779984475	-0.0287480709	0.0377003658	-0.0994847845	0.0768077381	0.0416001751	-0.0053701252	0.0262574017	0.0591399205	-0.0601382208	-0.0825335917	0.0370996239	-0.0490314208	-0.0520315033	-0.0425519073	-0.0645607054	-0.071560686	0.0586858371	0.0203507079	0.0995523784	-0.0379075642	-0.0446080998	-0.0263463801	-0.007875879	-0.0022941167	-0.1747341954	0.0934585727	-0.0687824078	0.0351010509	-0.0239503821	-0.0015140859	-0.0640443777	-0.0232581217	-0.0278112628	-0.0615130645	-0.0034735755	0.1174075524	0.0194302173	0.1829557289	-0.0492557824	0.1631364268	-0.0107988965	-0.1030861794	0.0529599002	0.0641668218	-0.0419739985	-0.0202517838	-0.0386113152	0.0261675453	-0.0205738203	0.0878295493	0.0437040108	-0.0388838641	-0.0601006853	-0.031406124	-0.03404241	0.0511385242	0.0807462387	-0.0218755962	0.0595037513	0.0193373068	0.0565032272	0.0269388787	0.1744971403	0.1198445649	0.0441495326	-0.0057733156	-0.05573819	0.0858617188	0.051708149	0.004473841	0.0	0.0	0.0	0.3136465790469174	0.0311103490086281	0.0009678538154386	0.0983741765478342	0.1261402159109792	0.0756077701491904	0.0159113540700684	0.0057165349069328	0.1760254281362705	0.0088606865577673	7.85117662749998e-05	0.0309849513505573	-0.0043459674852632	-0.0005807170527373	1.8887433382964942e-05	3.3723229533989645e-07	-0.0063971101643895	-0.0007224867348021	5.21987081965001e-07	4.092301845533546e-05	0.0080223054494225	0.0008528401206998	7.27336271475419e-07	6.435738472383393e-05	0.0	0.0	0.0	0.0	0.0	0.0	0.0	0.0
561.4945681815104	-0.1342931570824248	0.0180346520391648	315276.15009734087	750.6529729392544	-3.885153994245343	563479.885782541	15.09442155900054	627.5837472561186	-0.4088169334208942	0.1671312850516638	393861.3598200318	643.5776637645725	454.27594173472863	0.691038	21.10331	0.0820918634889706	0.0488574525727909	-0.0245679879	-0.0702320186	0.040702009	0.0256754122	-0.0297897384	-0.005975427	-0.0092175901	-0.0422472668	-0.090941897	-0.0901948099	0.0535328507	-0.0656702542	-0.0471481486	-0.1029784742	-0.0674201232	-0.1133056668	0.0895880556	0.0139307518	0.0230111856	0.0637004637	-0.0151521519	-0.0064388756	0.1140406042	0.0291200409	-0.2189597088	0.0456540639	-0.0379116166	-0.1023935605	0.0132386157	-0.0377284747	0.019549933	-0.1063831031	0.0123243928	0.0855168583	-0.0065180785	0.0397488234	-0.0067716808	-0.1009319457	-0.011539945	0.0635027983	-0.0630833858	-0.0035104792	0.0775919099	0.0664650144	0.0162280673	-0.0351158531	-0.1201698106	0.0757763694	0.0929992417	0.1020446113	0.1081907347	0.0058305014	-0.0246361278	0.0496365659	-0.1236262102	0.0378297953	0.0141203142	-0.1607767368	0.0465478064	-0.060395562	-0.0567269097	0.0455320183	-0.0676152087	-0.0087123901	-0.027787758	-0.0581930497	0.0832304944	-0.077452674	-0.0227571536	0.0995375258	0.0228976665	0.0191476813	0.0588006965	-0.0116017164	0.0556661902	-0.0141239496	0.0067812901	-0.0493213027	0.0796160996	-0.08663993	0.0153368257	0.1328260057	-0.1824932944	0.021279223	-0.0012681706	0.0970188881	-0.0739947113	0.1275647975	0.0133001903	0.0298437591	-0.192985274	-0.0313396437	0.0289874934	-0.0493211634	-0.0950691736	-0.1201548843	-0.110540796	0.0052298045	-0.0431548919	-0.0126160809	0.0421910215	0.0204368924	-0.0241928464	0.065207216	-0.043701113	-0.0375401902	-0.0421220539	0.0212888351	-0.0443901411	0.0706168575	-0.0623186976	-0.0601452847	0.0726153978	-0.0139964099	0.0466344487	0.0101167861	0.0131784564	0.0512884644	0.020227768	-0.0313270379	0.0753477913	0.04964421	0.1092323177	-0.0711039397	-0.060154381	0.0298112825	-0.0787223162	0.0851256531	0.0491473187	0.0	0.0	0.0	0.0	0.3154083484555059	0.0017617694085885	3.103831449038345e-06	0.0994824262754298	0.0851292383337494	-0.0410109775772298	0.0072469872192843	0.00168190028184	0.2019490126893828	0.0259235845531123	0.0006720322360823	0.0407834037262165	-0.0042733299862558	7.263749900740003e-05	1.8261349171433e-05	5.276206262050041e-09	-0.0064201902874221	-2.308012303259971e-05	5.326920791999394e-10	4.121884332670907e-05	0.0081944984663833	0.0001721930169608	2.96504350900624e-08	6.714980511555825e-05	0.0	0.0	0.0	0.0	0.0	0.0	0.0	0.0
561.3714846280737	-0.123083553436686	0.0151495611266015	315137.94375352765	752.2215898224392	1.568616883184859	565837.320194998	2.460558926212581	628.225666309458	0.641919053339393	0.4120600710401425	394667.4878099625	643.6485917136883	456.4841236181881	0.644602	19.685221	0.0700714697907419	0.0332387805573877	-0.0270260452	-0.0875200337	0.0355237943	0.0270861889	-0.0378873126	-0.0637702868	0.0163904179	-0.0376781049	-0.0113569857	0.0400559012	0.0661316294	-0.0901305122	-0.0818190879	-0.0675286143	-0.0365163517	-0.0280612045	-0.0281612786	0.0654349581	0.0171637481	-0.0537536566	0.0445834803	-0.0072428194	0.0203736516	-0.0482672251	-0.0339870785	0.0147014542	-0.2137655143	0.0718914201	0.0640295304	0.0108657166	0.0123417754	-0.1035459674	0.0737485395	-0.0405499565	0.0379564582	0.0170667499	-0.0224228149	-0.1023081092	0.0764565889	0.0523938729	0.0423175147	0.0229702638	-0.0056588221	-0.0735133544	0.0384833287	-0.0442797205	-0.0460122539	-0.1705305842	0.0015056401	-0.0152315826	-0.1132909903	-0.0586423289	0.0380276513	0.0368542787	-0.122308399	0.0795382656	0.1412262517	-0.0178500579	0.0521502866	-0.079196347	-0.0180546828	0.0433547707	-0.0754677056	0.0424992774	0.0264093575	-0.0233839283	0.0511203585	0.0197286418	-0.0339289369	0.0426292985	0.1255886221	-0.1189743678	-0.0761228834	-0.0289763871	0.0992441867	0.0213296529	0.0175167256	0.0283731938	-0.0357457958	-0.0760052479	0.1033655889	0.0475908218	0.0927960399	-0.043099514	0.0192828418	-0.0924023911	-0.0437015392	0.0695359374	-0.0828407743	-0.0342344363	0.0011952975	-0.1087944349	0.1205784857	-0.1143509593	-0.0529001007	0.0106410754	-0.0831525853	0.0879385047	-0.0151084409	0.0025401727	0.0132351796	0.0520514278	-0.0535713728	0.0757392618	-0.0539248225	-0.0403953143	-0.0437580747	-0.0043667818	-0.0603430322	0.0803766163	0.0602297195	0.0047063049	-0.0165394879	0.008747392	-0.0118993553	0.0591288912	-0.0003647414	-0.0157927186	0.0797293867	0.0082048784	0.1050468885	0.082453037	0.0673900062	0.0802723668	-0.0358600603	-0.0339218459	-0.048701313	0.0843699804	0.0465412106	-0.004473841	0.0	0.0	0.0	0.326157038706981	0.010748690251475	0.0001155343421221	0.1063784138981071	0.1052378714836947	0.0201086331499453	0.0110750095944186	0.000404357127159	0.2039826482847644	0.0020336355953815	4.135673734803007e-06	0.0416089208012658	-0.0045109193525088	-0.000237589366253	2.0348393404838412e-05	5.6448706956502185e-08	-0.0067251384797168	-0.0003049481922946	9.2993399983805e-08	4.5227487571367584e-05	0.0083955711237144	0.0002010726573311	4.0430213526190397e-08	7.048561449334709e-05	0.0	0.0	0.0	0.0	0.0	0.0	0.0	0.0
561.9115024805072	0.5400178524334933	0.2916192809468821	315744.5366199011	748.5912734937368	-3.6303163287024063	560388.8947509747	13.179196646443318	628.801493902966	0.5758275935079382	0.3315774174451433	395391.3187346017	644.8390811661901	454.4498597332479	0.668305	20.409056	0.052429447014554	0.026837253766302	-0.0317060795	-0.0917130238	0.0495504472	0.0696437238	0.0393843358	0.0160571273	-0.0492497667	-0.0870444028	-0.1019020061	-0.0397535359	0.0906498866	-0.0501615726	-0.0428961809	-0.0278193473	-0.0051211728	0.0391725606	0.0269174574	0.0200479461	-0.0621496247	-0.0115305079	0.0158117079	-0.0631436022	-0.0405148528	-0.0242347218	0.0487943226	9.06234e-05	-0.0285543727	-0.0626240249	0.0780965692	0.0309515379	0.0551835103	0.2147870947	0.0772392537	0.0411067552	0.1440618627	0.0448009054	0.014059439	-0.0993702598	-0.0682514902	-0.1072363734	-0.005204323	0.0279062277	-0.056814715	-0.0434506381	0.1123903511	0.0414864248	0.0185138005	0.1209350106	-0.0446691398	-0.0682760693	-0.0568824078	-0.0873453982	0.0532604592	-0.0780818294	0.0104715122	0.1487269938	-0.1110276618	-0.101058145	0.0665452114	-0.0354554824	-0.0595454963	0.100524924	0.000212952	-0.0651267555	-0.0859919748	0.0488332421	0.0358605715	-0.0552744737	-0.0124464105	0.0075428083	0.0181854396	-0.0165946408	-0.0406298979	0.0295210985	-0.0510823166	0.1000979664	0.0087954194	-0.0751314268	0.0318435451	0.0013759546	0.0498709602	-0.0501075617	0.0880256014	-0.0484198326	0.0121699876	0.0751534333	0.1584191873	-0.0119005384	0.0649876021	0.0134053894	-0.031523585	0.0153204422	0.2037138281	-0.0099613385	0.1186195518	0.0930902999	-0.0334669574	-0.0135985706	0.0319959352	0.0748973283	-0.0189108978	0.031892804	0.0531931656	0.078914183	-0.0527300205	-0.0456528898	-0.0341085604	-0.0045616373	-0.0960063938	0.0207434802	-0.0852848622	-0.0127714699	0.0796781295	-0.0238657602	0.0240684959	0.0169341604	-0.0597273387	0.0342061905	-0.0169421257	-0.0188844609	-0.0340198749	-0.0157452726	0.0838373803	-0.0744190656	-0.0261666184	0.1295213516	0.0185842799	0.0835948747	0.0438922256	-0.0089384093	0.0	0.0	0.0	0.3224195364444426	-0.0037375022625383	1.3968923162479536e-05	0.1039543574810492	0.1049141704487226	-0.0003237010349721	0.0110069831609436	1.0478236004201144e-07	0.2255998137779329	0.0216171654931685	0.000467301843959	0.050895275976638	-0.0043582603966395	0.0001526589558693	1.899443368491629e-05	2.3304756807104993e-08	-0.0069170843277506	-0.0001919458480338	3.6843208577414685e-08	4.7846055597212966e-05	0.00820515436314	-0.0001904167605744	3.625854270764871e-08	6.732455812295537e-05	0.0	0.0	0.0	0.0	0.0	0.0	0.0	0.0
561.8755567965886	-0.0359456839186123	0.0012920921923767	315704.14132547646	748.8174060425669	0.2261325488300372	560727.5075923185	0.0511359296403691	628.4337712380739	-0.367722664892085	0.1352199582753366	394929.00483250775	643.9411373159597	455.4296846668681	0.643964	19.665741	0.0789467357863414	0.0380626353999569	-0.0338510023	-0.0944630173	0.0414650196	0.0759756598	-0.0160732551	-0.0343675808	-0.051226964	-0.0507807167	-0.0267518755	0.0862280631	0.0658600948	-0.0757324545	0.0233275972	-0.1232452798	-0.0131675151	-0.0102389431	0.058760701	0.0045258137	-0.053823971	-0.0580856009	-0.1690611528	0.0997085611	-0.0422783621	-0.0911495473	-0.0261023335	0.1295536999	0.0154302292	0.1054821593	-0.0517219028	0.0415898705	-0.0701189242	-0.0350723903	0.0110903707	0.0356561872	-0.0915726585	0.0327377258	-0.0064747586	-0.0093235127	-0.0987380176	-0.0085244119	-0.0038968756	-0.0627784601	0.0622365598	0.15284839	0.0884641554	0.1753222126	0.0504487324	0.0050598	-0.0834278655	0.0330568245	-0.0726231505	-0.0319281507	-0.0638496707	0.0282674847	0.0074295472	-0.0463229739	0.0653260112	-0.0686942653	0.051017237	-0.0792018217	-0.0509142068	0.0059075559	-0.0046172861	-0.0269622085	-0.0027997473	-0.0567200145	0.0275579733	0.1158367969	0.030494506	0.0658973043	0.1308933803	0.0329024486	-0.1507130225	-0.0319354555	-0.0992384562	0.0287359165	-0.0548393291	0.0882232229	-0.0063198553	-0.0353526058	-0.0761314335	0.0764204419	-0.0326113561	-0.05808404	-0.0630085362	-0.0633896326	-0.0313679588	0.0512731048	0.086805563	-0.0284260308	0.0059985323	0.0316347278	-0.0228820777	0.0509360766	-0.0995995835	0.000202284	-0.0435855797	-0.0675649084	0.0771228282	0.0010218172	0.093523166	-0.0823347511	0.0942016332	0.089229094	-0.0600399475	-0.0495124031	-0.0456118202	-0.0171317841	-0.0909629616	0.005124963	0.1013263001	0.0464744162	0.0137063441	0.0542105261	-0.0289437142	0.0640332684	-0.02794286	0.0324994398	0.0230651938	0.0193508633	0.0184457959	0.0428494104	-0.0016532022	0.1033241148	-0.0317385747	-0.0452565228	-0.0513761652	0.0828005146	0.0412028041	-0.0133844514	0.0	0.0	0.0	0.3341590979286764	0.0117395614842337	0.0001378173038421	0.1116623027285067	0.0866735528137496	-0.018240617634973	0.0075123047573578	0.0003327201317052	0.2149817298367082	-0.0106180839412246	0.0001127437065828	0.0462171441635834	-0.0041163641491213	0.0002418962475181	1.6944453808171128e-05	5.85137945633861e-08	-0.0070119907564285	-9.49064286779001e-05	9.007230204393341e-09	4.916801436823872e-05	0.0086353211414621	0.0004301667783221	1.850434571720151e-07	7.456877121618231e-05	0.0	0.0	0.0	0.0	0.0	0.0	0.0	0.0
562.0235270808242	0.1479702842356118	0.0218952050167677	315870.44499237	750.6545051298801	1.8370990873132769	563482.1860717853	3.374933056607275	628.8742064349419	0.4404351968680657	0.1939831626402118	395482.7675191779	644.3795010887426	457.9797076821327	0.65911	20.128265	0.2072247068107044	0.0991480547752659	-0.042211607	-0.110371512	0.0430272791	0.0343909409	-0.0452192068	-0.0558982763	-0.0382791279	-0.0656710345	-0.1027712619	-0.0472430585	0.1071434229	-0.038505545	0.0303513682	-0.0495889914	-0.0022686713	-0.0420966685	0.048821014	0.0182479827	0.0060669506	0.0022673832	-0.0477734907	0.0025679776	-0.0625915647	0.0285475969	-0.0747654479	-0.0357997568	-0.0116247751	0.0111125372	-0.0166298072	-0.0609629967	0.1368866694	-0.0271608523	-0.1625255309	0.0498909063	0.15498786	0.0854567149	-0.001469602	0.0442199824	0.0866169125	-0.0889660807	-0.0025987615	0.1042259963	0.0720284263	-0.1341236971	0.0182987498	-0.0574309371	-0.034902208	-0.1937384913	-0.0292299413	-0.097360613	-0.0035566291	-0.0160539255	-0.2083715721	0.0501366199	-0.0615282138	-0.0687471216	0.0137801321	-0.0520762845	0.0759054826	-0.0520941032	-0.0799661648	0.0171284953	-0.0339905596	0.0042294212	-0.0690682843	-0.0067159109	0.0003486493	-0.0404756061	0.0754238501	0.0298817618	0.0288070482	-0.0116139591	0.0364714547	-0.0027807113	0.0569831207	-0.0291467992	-0.0112942688	0.0160477916	-0.0728400521	-0.0447949909	0.0049763621	0.0651296324	0.0488138411	0.0303061097	-0.0627366141	0.0568934871	0.0704278182	-0.0302723268	-0.0040120618	-0.0551856175	0.0240559768	-0.0188291234	0.0868134088	-0.1250662777	0.1030807805	-0.1843915427	0.1568403601	0.0006427643	0.0280495169	-0.0734368911	-0.147946852	0.0300577972	-0.0015755386	0.1003496074	-0.0655649338	-0.0690305173	-0.0299548491	0.0075243028	-0.1134169944	0.0281069439	-0.1096530641	0.0380642787	0.0627422825	-0.0138505296	-0.0235049328	0.073657781	-0.0158173977	0.0750579591	0.0002495154	0.0100854179	-0.0142399599	-0.0153238045	0.057871654	-0.0925860908	-0.00588901	0.0863693838	0.0525470179	0.0819870831	0.0384754238	-0.0178027522	0.0	0.0	0.0	0.3458564826491113	0.0116973847204349	0.0001368288092978	0.119616706590415	0.1318852555525467	0.0452117027387971	0.0173937206321605	0.0020440980645413	0.2654102609898956	0.0504285311531874	0.0025430367542679	0.0704426066387245	-0.004619070743218	-0.0005027065940966	2.1335814530852484e-05	2.527139197483036e-07	-0.008087204521431	-0.0010752137650025	1.156084640450851e-06	6.5402876971454e-05	0.0090551425463286	0.0004198214048665	1.762500119840821e-07	8.199560653433041e-05	0.0	0.0	0.0	0.0	0.0	0.0	0.0	0.0
560.3940450782364	-1.6294820025877923	2.6552115967575225	314041.4857591485	750.1653956767149	-0.4891094531652697	562748.1208708022	0.2392280571756292	627.8124186017872	-1.0617878331547672	1.1273934026354957	394148.4329506256	643.5448371641644	453.9421291840465	0.668558	20.416782	0.0985001134535499	0.0696757157589183	-0.0340494669	-0.1058748851	0.0489125169	0.0519970233	-0.0242063402	-0.1262775553	0.0056968323	-0.0697320067	-0.037670176	0.0656161114	0.0645699129	-0.0861756532	-0.0296578082	-0.1575801336	-0.0427087478	-0.0954991684	-0.0388127609	0.0961662592	-0.0908909901	0.1056508866	-0.0327317974	0.0690667132	-0.0600410693	-0.0360262422	0.0038107572	-0.070736132	-0.0576541042	0.0087475772	0.0344846248	0.1639736595	0.0434812441	-0.0699186638	0.0481594343	-0.1587864591	0.0544124993	-0.0468629721	0.031462478	0.0042808008	0.0210732378	0.0373908824	0.0602069796	-0.1173416459	0.0671877557	-0.0479534989	0.0329765844	-0.1568282189	-0.0364200732	0.0581783731	0.0306772738	-0.0137745166	-0.0290663927	0.0196736555	-0.0822802167	0.0449810648	0.1151580955	0.0495744887	0.0492955753	0.0451810706	0.0403437881	-0.0824871642	-0.069992838	0.0487743577	-0.0426449684	0.0512381566	-0.0358461541	-0.1101899148	0.0531707914	0.067006321	0.0443070224	-0.0221576522	0.1823886767	-0.0361578276	-0.1112710453	-0.1826256339	0.1326795885	-0.0452413123	-0.0122862816	-0.1464189283	-0.0121643129	-0.0384367656	0.0422283837	0.0174825567	0.0005498113	-0.0096984053	0.0055740915	-0.080993574	0.0488387123	0.0369606817	0.0231798187	0.0979217545	0.1076913097	0.0631037876	0.0271265557	0.029956319	-0.133410749	0.0275506554	-0.0581034375	-0.0198592502	-0.0012025304	-0.0606018117	-0.0476804373	0.0993093174	-0.0329618192	0.1043642824	-0.0744638064	-0.0714332012	-0.0482977686	-0.023359849	-0.1022984057	0.0471979641	0.0798230018	0.0700966203	0.0733224853	0.0400581878	-0.0147373706	0.0853115273	0.0288011859	0.0729647804	0.0669723301	0.022893949	0.0096516098	0.0906251154	-0.0278909873	0.0447901745	0.0126080034	-0.1071459827	-0.0218844015	0.0811547674	0.0357125974	-0.022184154	0.0	0.0	0.0	0.3662512494047121	0.0203947667556008	0.0004159465110153	0.1341399776905126	0.0675973779245282	-0.0642878776280185	0.0045694055022714	0.004132931209915	0.2654553719547863	4.511096489068223e-05	2.034999153368364e-09	0.0704665544996539	-0.0043624741821595	0.0002565965610584	1.90311809900082e-05	6.58417951470483e-08	-0.0081040480078629	-1.6843486431900728e-05	2.8370303518162393e-10	6.567559411374664e-05	0.009057149660939	2.0071146103993465e-06	4.028509059278521e-12	8.203195998064744e-05	0.0	0.0	0.0	0.0	0.0	0.0	0.0	0.0
561.1690750071853	0.7750299289488112	0.6006713907663993	314910.7307444199	749.5386808233441	-0.6267148533707996	561808.2340503988	0.3927715074355828	628.8944905779003	1.082071976113184	1.1708797614894912	395508.2802792368	644.7597829668424	455.5129746481777	0.641983	19.605232	0.1680133542824383	0.1033443472718616	-0.0471230714	-0.1201079833	0.0592348248	0.0392012828	-0.0061979035	-0.0923906842	0.0234947609	-0.074445745	-0.1444544886	-0.0417753692	0.120030115	-0.0701093678	-0.0068000156	-0.0561715117	0.0042110743	0.0614704025	-0.0781279409	0.0788074805	0.0649361535	0.0015274864	-0.0203977079	-0.0002748769	-0.0654298971	-0.0315419042	0.009225921	-0.0630864706	0.014082177	0.0377312363	-0.0356351351	0.0399926876	-0.1425543101	-0.0414211613	-0.0879173264	-0.0614749345	0.0122069239	0.059662862	-0.0341924903	0.0102378242	-0.0493257933	-0.1040923341	-0.0430323578	0.0589607783	-0.0444192462	0.0034332938	0.1308008102	-0.1489678135	0.0717058879	0.0724644969	-0.1554973528	0.0322026575	-0.0574623434	0.2135460934	0.0834684402	-0.0266194028	0.117336592	-0.1093514598	7.55615e-05	0.0049381557	0.0757468262	-0.0842159895	-0.0793727095	0.0520510505	-0.0773848683	-0.0092319032	-0.0681203275	0.0243546476	-0.0900811829	-0.0038491829	0.0583932512	0.0678525799	0.0532019665	-0.0414433982	-0.0467563942	-1.74159e-05	-0.0234966864	-0.0099569966	0.0449114366	0.0465759239	-0.0997165484	0.0692374081	-0.0252483163	0.0313226899	0.0323221614	0.1074575253	-0.0011227955	-0.0046980585	0.0180739762	-0.0961933935	0.0437623759	-0.0140692776	0.013789024	0.0872508686	-0.0212751258	-0.0479323614	0.0525141414	0.0547142127	-0.0035502339	-0.0209433818	-0.0394589134	0.0554285446	-0.0788472968	0.0374456204	0.2587734797	0.1161764609	-0.0773500546	-0.0718535614	-0.0309761367	-0.0012602644	-0.1199949053	0.0469175253	-0.0856975484	0.0820406411	0.0102610393	0.0081254764	-0.0304351117	0.051612212	0.0438206246	0.0300013554	0.0368194501	0.0408877059	-0.0023945616	-0.023070761	0.0778663773	-0.06636757	-0.0083438451	0.0248697667	0.0467674782	0.0803037594	0.0329168701	-0.0265195758	0.0	0.0	0.0	0.3544379611109036	-0.0118132882938085	0.0001395537803126	0.1256262682764544	0.1503981223863064	0.0828007444617782	0.0226195952173264	0.0068559632834246	0.286664970202068	0.0212095982472816	0.000449847057811	0.0821768051409525	-0.0052684177097036	-0.000905943527544	2.7756225163918523e-05	8.207336750990471e-07	-0.0081967959380013	-9.274793013839926e-05	8.602178544957391e-09	6.718746364923461e-05	0.0091022526688479	4.510300790890043e-05	2.034281322430334e-09	8.285100364754873e-05	0.0	0.0	0.0	0.0	0.0	0.0	0.0	0.0
560.7878371346882	-0.3812378724970813	0.1453423154261008	314482.9982782016	747.9561524181246	-1.5825284052194777	559438.4059401248	2.5043961533265024	627.5282033194483	-1.3662872584520755	1.8667408726084889	393791.6459613348	643.197990070305	452.74965929777727	0.648129	19.792933	0.2061237667606766	0.120725457448808	-0.0426337894	-0.126746902	0.0623947171	0.0643467527	0.0357736924	-0.0604988932	-0.0115395231	-0.0500820741	-0.0759954838	0.0703926109	0.1076253631	-0.1244704669	0.0155032362	-0.0452075901	-0.0317710554	-0.0949658879	0.0460791569	0.0550239601	-0.0703647348	-0.0713454686	-0.0322755416	-0.0306134689	-0.2276949886	0.087405219	0.0703183627	-0.0610528786	-0.0814498625	-0.0235301741	0.0707743502	0.0769897543	0.1118832169	0.0656831019	-0.127852673	-0.0212706224	0.0165601185	-0.1160490564	0.0510807722	-0.0759111577	0.0181612472	0.0496377838	-0.1178656391	-0.1615775801	-0.0530510995	0.0004721684	-0.0117177298	0.0989264388	0.0611074594	-0.1221571967	0.1092266753	0.0497868907	0.0902655753	0.0335316999	-0.0047975858	-0.0209442618	-0.0662110689	-0.1010753451	-0.1024520954	0.1336245626	0.085700037	-0.0950165737	-0.042198401	0.0540540134	0.0271679863	-0.0432056599	-0.0978876601	-0.1171326438	0.0396538465	0.0298501345	0.0859127529	-0.0449487002	0.0863110714	-0.0297640464	-0.0176521917	-0.0331714031	-0.0028473217	0.1112479264	-0.1135483071	0.0052379897	-0.1118818028	-0.0103695859	0.1030287964	-0.0475054812	0.0561606795	-0.0277154122	0.1049966542	0.0342851035	0.0238788883	0.0608839199	0.056877084	-0.0191889895	0.028254108	0.161064646	-0.0523356017	0.0713023222	0.0202784679	0.0176851509	0.0760592606	0.0857809297	0.0845901469	-0.1410830633	0.0478050069	-0.2014186307	0.066620087	0.1063619344	-0.0728653683	-0.0764152827	-0.032768167	-0.0407780849	-0.1287396812	0.0201717592	0.0862821761	0.1113804117	0.0665093938	0.0028052134	0.0199472206	0.0387962979	-0.0134524157	0.0876133476	0.0890952573	0.0648226065	-0.0934477107	0.0329274534	-0.0545289806	0.0345946547	-0.0498967792	-0.1592140104	0.0481122051	0.079434255	0.0300908175	-0.0308000317	0.0	0.0	0.0	0.362963029934491	0.0085250688235873	7.267679844690167e-05	0.1317421610992261	0.0703339082792098	-0.0800642141070966	0.0049468586538282	0.006410278380587	0.2696035319749654	-0.0170614382271026	0.0002910926743772	0.0726860644533761	-0.0038253747356583	0.0014430429740452	1.463349186821281e-05	2.082373024941503e-06	-0.0076900533053996	0.0005067426326016	2.56788095696101e-07	5.913691983988732e-05	0.0090425773634371	-5.967530541080117e-05	3.5611420758723953e-09	8.176820537374505e-05	0.0	0.0	0.0	0.0	0.0	0.0	0.0	0.0
561.9828344743676	1.1949973396793894	1.4280186418408178	315824.7062438444	749.6009285225058	1.644776104381208	561901.5520418028	2.705288433543422	629.1544975348279	1.6262942153796305	2.644832874977247	395835.38176830177	645.1235995276787	454.65756715639776	0.636409	19.435013	0.1892998011517014	0.1139204900414148	-0.0464844907	-0.1156152506	0.0443802412	0.060386276	0.0016430117	-0.0337728015	-0.0493256812	-0.0334899356	-0.114221931	0.0161579407	0.1293728584	-0.032100281	0.0245675874	-0.0399279771	0.0219412416	-0.0212295607	-0.0552055814	-0.1616950837	0.0067076752	0.0631163906	-0.0387752871	-0.0821602627	-0.2255634142	-0.0015005507	-0.0500016024	-0.0861751421	-0.0995784433	-0.0608170696	-0.0327755689	0.0491027019	-0.0855762813	-0.0534969434	-0.0031320992	-0.1020899925	-0.0809822605	0.0671303561	0.0300873063	0.0742147731	-0.0029940126	-0.0226147732	0.105300852	-0.1176248268	-0.0042610757	0.0224993148	-0.1787581555	0.0052946367	0.0589128923	-0.1167318009	-0.0267396667	0.1619053228	-0.0254928192	-0.050428757	0.0059133177	-0.0010545631	0.0127197121	0.1115118647	0.0902355518	0.0369139834	0.0808416852	-0.0550398483	-0.0895001563	0.0609356705	-0.0007345617	-0.0364102727	-0.0809643919	-0.0281272579	-0.0706577773	0.0129481594	-0.022057539	-0.0595177436	0.0727748368	-0.0811646798	-0.0094240643	0.0263708804	0.1167635184	0.0921080153	-0.0546420471	0.0750073272	-0.0706954142	-0.0794133292	-0.0170670167	0.0252138264	-0.0407071043	0.1062882519	0.0359944638	-0.0118055968	0.0123070321	-0.121441966	0.0121634826	0.1180262168	0.0945031644	-0.0779042753	-0.187909652	-0.1280569422	0.0185330372	0.0177839453	-0.0871903443	-0.014501964	0.1368174635	0.1004920123	0.0939632171	-0.0891162152	-0.1075166607	0.1022871441	-0.068009561	-0.0732305924	-0.0287352774	-0.0059735813	-0.1206177416	0.0070488161	-0.0350567835	0.0939277389	-0.0032331105	0.0148970242	-0.0314096456	0.0526859693	-0.0027182853	-0.0003720201	-0.0100261669	0.0223491243	-0.0595159875	-0.0453668115	0.0370355017	0.0269922824	-0.0081541848	0.0100676674	0.0584404368	0.0785464546	0.0272370433	-0.0350166499	0.0	0.0	0.0	0.3443022759346661	-0.0186607539998248	0.0003482237398419	0.1185440572137909	0.152986207287185	0.0826522990079752	0.0234047796201175	0.0068314025313037	0.269289389095249	-0.0003141428797163	9.868574887649533e-08	0.0725167750792924	-0.0051055521299446	-0.0012801773942863	2.6066662551581846e-05	1.6388541608416611e-06	-0.0081343134592957	-0.000444260153896	1.973670843397857e-07	6.616705545407917e-05	0.0090135628063358	-2.9014557101299937e-05	8.418445237845945e-10	8.12443144637601e-05	0.0	0.0	0.0	0.0	0.0	0.0	0.0	0.0
562.1185427729015	0.1357082985339275	0.0184167422909735	315977.25612913026	749.215305088451	-0.3856234340547644	561323.5733787807	0.1487054328921892	628.728392042312	-0.4261054925159442	0.1815658907522553	395299.3909601111	644.6910317237846	453.56001495097	0.61919	18.909172	0.1341709007416784	0.0878177552685943	-0.0456711097	-0.1176524453	0.0383577837	0.0954431003	0.0011172926	0.0474945303	-0.1088230989	-0.0560198938	-0.0765553262	0.0459408396	0.0973233208	-0.0544080709	0.0162959909	-0.1108445076	-0.054889643	0.0297347601	-0.1113026268	0.016788961	0.0102061762	-0.0426971108	-0.0922992879	0.0712269889	-0.1252328335	0.1021749067	-0.1412567825	-0.091014926	0.1291032716	0.0063494022	0.0419096276	0.0651564894	0.0467422293	0.2609829886	0.008790437	0.1113747603	0.0930783128	0.1071108371	0.1311159323	0.0557929802	-0.0359316385	0.0009015028	-0.0088391376	-0.1287902274	0.023452799	0.0119489507	0.0029230566	0.0201982931	-0.0221818899	-0.0027898736	0.035278416	-0.0083817749	0.0708545495	-0.0535469357	-0.0134907495	0.0629894604	0.0286104196	0.0830741718	-0.019177643	0.0584423904	0.0571390779	-0.0421354179	-0.0774242995	0.1375834284	-0.004999537	-0.1344024499	-0.0507896874	-0.1163094696	-0.0664637005	0.0072591034	0.0809805818	-0.0458075562	0.0558247141	0.048401731	0.0249558315	-0.031937121	-0.0244193332	0.1318436226	-0.1955072518	-0.012113155	0.0641032167	0.0846108771	-0.0156237156	0.0219713496	0.1274666228	-0.1110999506	-0.0589902459	-0.0299466463	0.1463302483	-0.0804480407	-0.0274564659	0.0549072479	-0.0511014377	-0.0829012878	0.0330094587	0.0569584516	0.1205080248	0.0803685637	-0.025321578	-0.0652752859	0.0240632365	-0.0341632531	-0.0237789214	0.0412930818	-0.0216591145	0.1038220663	-0.0788728312	-0.085686288	-0.0268435412	-0.0426446016	-0.1057364576	-0.0006897884	0.0117550698	0.0781987509	0.0764167885	0.0489555547	0.0114395754	0.0381221504	-0.0563717375	0.0786797342	0.0035690225	0.0065261112	-0.0281797831	0.0186186841	-0.0664636702	-0.0514922529	0.0332265404	-0.0031704568	0.0369816946	0.0776405624	0.0243581765	-0.0391606907	0.0	0.0	0.0	0.3542760194680454	0.0099737435333792	9.94755600696247e-05	0.1255114979701228	0.0770539312697167	-0.0759322760174683	0.0059373083241182	0.0057657105411929	0.2752573912660949	0.0059680021708458	3.561704991122096e-05	0.075766631446616	-0.0043540960713025	0.0007514560586421	1.8958152598131868e-05	5.646862080699193e-07	-0.0082229402865128	-8.862682721710001e-05	7.8547145025697e-09	6.76167469555552e-05	0.0090194175008763	5.854694540501082e-06	3.4277448162573176e-11	8.134989205511369e-05	0.0	0.0	0.0	0.0	0.0	0.0	0.0	0.0
562.145230496723	0.0266877238215101	0.0007122346027732	316007.2601702138	750.4176758565243	1.2023707680732514	563126.6882379076	1.4456954639170605	628.682000084261	-0.0463919580510037	0.002152213771806	395241.05722994666	644.2811214942382	455.85108620602153	0.601339	18.364037	0.2112626400222519	0.1126001379633466	-0.0448612253	-0.1312377567	0.0474723087	0.0718179529	-0.0524833161	0.0055893108	-0.0613009147	-0.022474194	-0.0903297968	-0.0221285472	0.1111255982	-0.0586908847	0.049587795	-0.1163089969	0.0403131083	-0.0199658725	0.0128287326	-0.037471818	0.0403398858	-0.0165444903	-0.0668761809	-0.0016870046	-0.070679961	-0.0405210917	-0.0276839295	-0.1732875364	0.0447279914	-0.1697178973	0.1430498097	-0.0854420912	0.0730439218	-0.0286622021	0.1315372996	-0.1204112634	-0.0412114496	0.0031259379	0.0802916743	-0.0731302692	-0.0275908154	0.0434221513	0.0138761539	0.0106366677	0.1034553889	-0.0666454556	-0.0064203435	0.0132953327	0.0757686217	0.0220900351	-0.0944003555	-0.0670589995	-0.0412157006	-0.0668938384	0.0262638238	-0.0621514144	0.0587598834	-0.0381714114	-0.0271790582	-0.0678315072	0.0743610079	-0.0810024454	-0.1181564355	0.0525638626	-0.0039563722	-0.0318682367	-0.0267314182	-0.0425906076	-0.0549901976	0.0233612976	0.0221322974	-0.0254046051	-0.0045447152	-0.0106128758	0.04211527	-0.1200053343	-0.0318958503	-0.0059485457	-0.0143446865	-0.0145463849	-0.0583307668	-0.0622099037	0.0249762543	-0.0322152485	-0.0740558181	-0.0648679121	0.1344881824	-0.0300777801	-0.0033106677	-0.1613059209	0.1043529264	0.061419514	-0.0828590984	-0.1254739966	0.0854725685	0.0002514519	0.0366857174	0.0163659946	-0.0229841224	-0.0280250582	0.0042365124	-0.08520566	0.0149358331	-0.0271401873	-0.1361718297	0.1128864955	-0.0834760034	-0.099930335	-0.0344394629	-0.0101608144	-0.1318770254	-0.0114274998	-0.048048547	0.1321057394	0.0152266009	0.0201685193	-0.0313980611	0.0550514939	-0.0068180907	0.0142462147	0.0021366416	0.027551773	-0.0321644935	-0.0285942004	-0.0270459629	-0.0562806404	0.0549145121	-0.000383708	0.0714275057	0.0767167874	0.0214568693	-0.043223565	0.0	0.0	0.0	0.3577826610070218	0.0035066415389763	1.2296534882874748e-05	0.1280084325172654	0.1565089535784238	0.079455022308707	0.0244950525502132	0.0063131005700771	0.2871117097639484	0.0118543184978535	0.0001405248670485	0.0824331338835777	-0.0051890949012524	-0.0008349988299498	2.692670589420365e-05	6.972230460177013e-07	-0.008696436354052	-0.0004734960675392	2.241985259750869e-07	7.562800526007723e-05	0.0100398557569215	0.0010204382560451	1.0412942344005675e-06	0.0001007987036197	0.0	0.0	0.0	0.0	0.0	0.0	0.0	0.0
561.4760262999548	-0.6692041967681917	0.4478342569721605	315255.32810958754	750.5285309365711	0.1108550800468037	563293.0757498075	0.0122888487721832	628.3348302790549	-0.3471698052060219	0.1205268736467872	394804.6589418088	643.8299611861115	453.9348569639351	0.591171	18.053495	0.1122907628391726	0.0766226556780508	-0.048429952	-0.1300242532	0.0532447413	0.0567257824	-0.0520887278	0.0268573239	-0.0830207068	-0.1113746233	-0.0912207857	-0.0129233232	0.1083647917	-0.0842824773	0.0474526204	-0.0992496555	-0.0024731954	-0.1073083696	-0.1622379643	-0.0316595106	-0.0477132208	0.07690316	0.0435995122	0.0806170326	0.0204926037	0.0696152576	-0.028949072	0.1433986522	0.0692400869	-0.0695525443	0.0763772357	0.0063647863	0.0873257244	0.0590344558	-0.0512397215	-0.0281964197	0.0601392221	-0.0184406998	-0.0220298455	0.0169468783	0.1323263871	0.1084148675	-0.0735092968	0.0755778922	-0.0143412141	0.0437586274	0.0544778808	0.132028831	-0.0849620969	-0.0160160413	0.006453089	-0.1344612578	-0.0378241287	0.0386667595	0.0026436685	-0.1175286572	0.1674223519	-0.0139313929	0.0983128673	0.0228759375	0.0740796094	-0.0835850969	-0.0899195115	0.0481509637	0.0105739052	-0.0698717566	-0.0536700953	-0.1279362766	-0.0271334304	0.0039812803	0.0193451148	-0.0861889008	-0.0202194583	-0.0347826301	-0.0893615538	-0.0648831158	0.0562213721	0.0961675979	0.0800789564	-0.1227585329	0.056849346	0.0318353932	-0.0110228333	0.0810900996	0.000657259	0.017630945	0.0125477709	0.0237699315	0.0427253411	0.1218117191	-0.0289944353	-0.0305733211	-0.0293040023	0.0280876109	-0.0306190067	0.128631072	-0.082005334	-0.1007797976	0.1449477294	0.0215501249	-0.0220797286	0.0115681736	0.0062047746	0.127787331	0.0170163875	0.1141873005	-0.0880392641	-0.0994145866	-0.0407322901	-0.0406121533	-0.1211354834	-0.0120852749	0.0128783803	0.1277027037	0.079129317	0.0583468644	0.0123589851	0.0176006047	-0.0098617598	0.097419157	0.0169573548	0.0140655867	0.0211252061	0.047109066	-0.0815622874	-0.0802852119	0.0224544944	0.0019190374	0.0444196942	0.0757753421	0.0185357945	-0.0471968518	0.0	0.0	0.0	0.3611881052980266	0.0034054442910048	1.159705081913726e-05	0.1304568474087783	0.0909303418530385	-0.0655786117253852	0.0082683270695104	0.0043005543158288	0.2949358973847609	0.0078241876208124	6.12179119256755e-05	0.0869871835661542	-0.0045014564698812	0.0006876384313712	2.0263110350235316e-05	4.7284661229864454e-07	-0.0087089922704723	-1.255591642029992e-05	1.5765103715355715e-10	7.584654636714626e-05	0.0100493117931694	9.456036247900215e-06	8.941662152160277e-11	0.0001009886675163	0.0	0.0	0.0	0.0	0.0	0.0	0.0	0.0
561.1689481359098	-0.3070781640450377	0.0942969988332711	314910.5883519634	750.7221782372433	0.1936473006721826	563583.7888972713	0.0374992770576226	627.8990137690992	-0.4358165099557709	0.1899360303500285	394257.1714922074	643.7305250940524	455.5857579179432	0.611198	18.6651	0.143583902523965	0.0848802009423078	-0.0480512636	-0.1363303015	0.0626341817	0.0605692756	-0.0547691418	-0.0564864641	-0.0320725576	-0.0643195286	-0.0953867659	-0.009153251	0.0742661435	-0.0764072217	0.0529644263	-0.0933630951	-0.0371479421	-0.0429529103	-0.043935479	-0.0333672479	0.0107628416	-0.0396022823	-0.0100861458	-0.0218250875	0.0322327052	0.0149164043	0.0579404013	-0.0195011884	0.0284555994	-0.0310817117	-0.1061280499	-0.0066750046	-0.0169702762	-0.1096031529	0.0755836716	-0.1520425775	0.0315398636	-0.0317043039	0.048459201	-0.0703023951	0.0408904738	-0.0373176791	0.1221061365	-0.0417504878	-0.0835884369	0.008063434	-0.1019975099	-0.0594995883	-0.0582991964	-0.0312680288	-0.0077788915	0.0487718185	0.0453482556	-0.0682800896	-0.0317431677	-0.1704782237	-0.002330498	-0.0393164139	-0.0176638815	-0.0061566382	0.0660818945	-0.091275295	-0.0696056149	0.0031500444	-0.0678643467	-0.020627447	-0.042200727	-0.0742550738	-0.0149504764	-0.0216640593	0.0380371099	-0.0729799699	0.0816563694	-0.0821496695	0.028777475	-0.0693449057	0.057455542	-0.1068305195	0.0051429889	0.0969802615	0.0471405736	0.0111175609	0.0230340853	-0.0100484975	0.0110817162	0.0404987486	-0.0104840348	-0.1090076337	-0.0260594501	-0.0298672653	0.0390578978	-0.0734666259	0.099599803	0.0412504528	-0.0767787626	-0.05248552	0.0703081684	-0.0531567853	-0.1299156693	0.0916505937	-0.0239135871	-0.0047592916	-0.0007893205	-0.0257965505	-0.116383061	0.1210497088	-0.0889332963	-0.1005353971	-0.0452867738	-0.0085974414	-0.1539511012	-0.0001043941	-0.0248041434	0.1432554258	0.0061632326	0.0040435126	-0.0338800569	0.0519915025	-0.0024246202	0.0542833242	0.0233686717	0.0393277356	-0.0679041642	-0.0369919069	-0.0037424437	-0.0720801857	-0.0024202785	-0.0525619651	0.1189123985	0.0748164435	0.0155976434	-0.051072316	0.0	0.0	0.0	0.3598871113663904	-0.0013009939316361	1.6925852101541789e-06	0.1295187329276446	0.1662735254959955	0.075343183642957	0.0276468852808674	0.0056765953214563	0.2731377463087341	-0.0217981510760267	0.0004751593903332	0.0746042284586143	-0.0043922737700796	0.0001091826998015	1.9292068871329264e-05	1.1920861935966237e-08	-0.0089591727971196	-0.0002501805266473	6.259029591352104e-08	8.026677720864786e-05	0.0105927800441874	0.0005434682510179	2.953577398645637e-07	0.0001122069890645	0.0	0.0	0.0	0.0	0.0	0.0	0.0	0.0
561.1226415917442	-0.0463065441655317	0.0021442960325543	314858.6189068971	749.6174617383465	-1.104716498896778	561926.3389430414	1.2203985429347548	628.2357357058905	0.3367219367913776	0.1133816627165365	394680.1396179216	643.8610905722429	453.1793763085552	0.618803	18.897364	0.1484879525701279	0.0765992574178705	-0.0411323434	-0.1347799795	0.0688126505	0.0630758123	-0.03162277	-0.0118447105	-0.0228421066	-0.0656377421	-0.1097812259	-0.0259885269	0.1156347101	-0.0890913215	0.0607513319	-0.1062715951	-0.0198746164	-0.0369069718	-0.0676563647	-0.0050398996	-0.0901122509	0.036372082	0.0507145758	-0.0183834687	0.0653192133	-0.1012763297	-0.0599136935	-0.1404978684	0.0418778488	-0.0869627851	0.0356655786	-0.0123945115	-0.0048844019	-0.0791845919	-0.0721962997	-0.0556240145	0.0118214135	-0.0157958704	0.0870163702	-0.0680051845	0.020508971	-0.0190332852	-0.0684048383	0.0327945508	-0.0154396914	0.0370231743	0.0357761959	-0.092476517	0.1056373818	-0.0002338767	0.1292748293	0.0226996546	-0.0506727103	-0.0994599181	-0.0745725001	-0.0382096458	0.0247717806	0.0407357253	-0.0364490154	-0.0754079767	0.083847735	-0.0894623462	-0.1018587858	0.0406430289	0.0002960672	-0.0883485419	-0.0652141686	-0.0776793587	-0.0133987639	-0.0180545048	0.0348889124	-0.0598709042	0.0213622019	-0.024816757	0.026914655	-0.115426192	0.0845066007	-0.1592996637	0.0069179645	-0.0964615554	-0.0620198843	0.0397757122	0.0007458951	0.0530978402	0.0105489245	-0.0077040115	0.1146934721	0.0117690018	0.0288634119	0.0088848561	0.0375216786	0.0817936598	0.0001448031	0.0401236629	0.0079649902	0.0019644199	-0.0517577162	-0.0019601919	0.0376944412	0.1249990678	0.0675362827	0.0441302764	-0.0373608895	-0.0339921657	-0.0202998672	0.1083845907	-0.0858531988	-0.0976813118	-0.0298767019	-0.0348984054	-0.1088699131	-0.0267176908	-0.0297366946	0.0795648787	0.0694688113	0.0263080184	0.0476110849	0.0014405705	0.0044644824	0.0901001615	0.0179796623	-0.0156823023	-0.0050987077	-0.0042892927	-0.1074104939	-0.1171639013	0.0329655381	-0.0144076258	0.0757744585	0.0738403125	0.0126451226	-0.054841925	0.0	0.0	0.0	0.3561690986175705	-0.0037180127488198	1.3823618800387216e-05	0.1268564268100526	0.1173708972275733	-0.0489026282684222	0.0137759275160055	0.0023914670515594	0.2852961171731749	0.0121583708644407	0.0001478259820772	0.0813938744740899	-0.0046323357506471	-0.0002400619805674	2.1458534506723228e-05	5.762975451399043e-08	-0.0084931340697465	0.0004660387273731	2.1719209541153975e-07	7.213332632668874e-05	0.0096247019383591	-0.0009680781058282	9.371752189841092e-07	9.26348874022534e-05	0.0	0.0	0.0	0.0	0.0	0.0	0.0	0.0
561.7722534851645	0.6496118934202286	0.4219956120730144	315588.0647857999	750.4086722248005	0.7912104864540197	563113.175350188	0.6260140338748065	629.8961128167347	1.660377110844138	2.7568521502151264	396769.1129416325	644.3996957488912	455.1751089432965	0.675938	20.642174	0.1674425913360188	0.077248742768109	-0.04182519	-0.1142100213	0.0719901759	0.0743854256	-0.0359555414	-0.0679252573	-0.0262721107	-0.0046845242	0.0117580249	0.1007645569	0.1171336934	0.0070351191	0.0060567937	-0.0327059636	-0.0177340313	0.0078845487	-0.0583932089	0.0945350792	0.0640588835	0.0528863072	-0.13928063	0.1692309511	0.0146126143	0.0067183312	0.0346882778	0.015760018	0.0830536178	0.1195988094	-0.0597665235	-0.0384214097	-0.055640635	-0.1248125598	-0.1767051488	-0.0031836028	-0.0972450287	-0.0243874207	0.0749241362	0.0523496132	-0.0575703591	-0.1136878266	0.0463811647	-0.0636431448	-0.0918180556	-0.0451471023	-0.0215443124	0.016791206	0.0232861222	-0.1090700061	0.0879525537	-0.0921267493	0.0738654298	-0.1051109157	0.0180343675	0.0291917433	0.0454458673	-0.0163477342	-0.0939248201	-0.037955289	0.091102256	-0.0387948761	-0.0531034454	-0.0136854495	0.015671147	-0.0388985371	0.0032301286	-0.0191834949	-0.0643484233	0.0774735218	0.0277393398	0.0391082825	0.0721237935	0.1283409131	0.0300712627	-0.0080730097	0.0885979874	-0.0368604321	0.056888821	0.0145923649	-0.0960253127	0.0377138956	-0.1405624869	0.0251137296	-0.0552335824	0.0054357442	-0.1915614377	-0.0361369099	-0.0042606219	-0.078484492	0.2012131348	-0.1430547073	-0.0071360872	0.0986078883	-0.0361998325	0.1535425761	-0.0222238478	-0.0492087083	0.0696118278	-0.0443742451	-0.0960592196	0.0418864958	-0.0811043679	-0.1543059838	-0.1292780684	0.0980279117	-0.0737671628	-0.0717625722	-0.0177427887	-0.0237213171	-0.0402405406	-0.0250384992	-0.0375533809	0.0860791105	-0.0501570483	0.0540664672	-0.0158209901	-0.0332202434	0.0414473076	0.002425041	-0.0507172593	-0.0466426038	0.0285555536	-0.0071135754	-0.0748917574	-0.0224402212	0.1009876527	-0.0209008747	-0.004773281	0.0728471738	0.0096809523	-0.0584978657	0.0	0.0	0.0	0.3200226139227737	-0.0361464846947968	0.0013065683557911	0.1024144734219646	0.1201159948759027	0.0027450976483294	0.0144278522250278	7.535561098863635e-06	0.2613363850076524	-0.0239597321655224	0.0005740687654435	0.0682967061288679	-0.0052151344795472	-0.0005827987289001	2.719762763976205e-05	3.396543584075731e-07	-0.0074022883739954	0.0010908456957511	1.1899443319387014e-06	5.479387317178746e-05	0.0092065208264629	-0.0004181811118962	1.7487544234674278e-07	8.47600257280951e-05	0.0	0.0	0.0	0.0	0.0	0.0	0.0	0.0
561.2778375676296	-0.4944159175348659	0.2444470995118433	315032.8109445944	756.083598862654	5.674926637853446	571662.4084691026	32.20479234501861	627.6158283604984	-2.280284456236245	5.199697201352628	393901.6280086346	644.707414159235	452.823595693837	0.775279	23.675909	0.3555607796296679	0.1705869061200291	-0.0016857307	-0.0620578569	-0.0546302018	0.0491332956	-0.0575100478	-0.0579763517	-0.0788758069	-0.0643966621	-0.0274470692	0.0280154092	0.0550855238	-0.0533116192	0.1255537385	-0.1001517782	-0.0970581053	-0.006431012	0.1098383761	0.0761024458	0.1213367588	0.1664417305	0.0273822256	-0.1036340577	0.1680078826	-0.0359373229	0.0934683896	0.0160897116	0.0381611442	-0.0268495178	0.011480358	-0.0823873502	-0.0075786362	0.0855972183	0.1035733616	-0.0374885693	0.0770567366	-0.0695120003	-0.0047132788	0.0888458211	-0.1428253288	-0.1080187028	0.0131235558	-0.0683106852	0.0136077066	0.0429910829	0.0200701346	-0.0567460214	0.0526872565	0.0386691248	0.0642293923	-0.0311387812	0.0675121836	0.1171951482	-0.1149346244	0.0039217331	-0.0985787962	0.0687053181	0.0602936585	-0.0190131382	-0.0188841684	-0.0736218507	-0.1209061338	-0.0250401496	-0.0462457876	0.0266036056	-0.1656557508	-0.0799493579	-0.0547180245	0.0933090887	0.088765037	0.0571346672	-0.2629480027	0.0337415085	0.054279091	0.0702401413	0.0450826202	-0.0610688958	0.1658763076	-0.0752168415	0.049635971	-0.0070660215	0.0238278682	-0.174863664	-0.0635399756	-0.2325823345	0.0413087086	0.0199343476	0.0638257534	-0.0212984471	0.0080762348	-0.0229107037	0.1303034415	-0.0935499745	-0.07879126	-0.0609046604	-0.0099295395	0.0676491664	-0.0820112229	0.0326287773	0.0350022721	-0.02742831	0.0246501037	0.1024452208	0.0004217028	0.0486794322	-0.0519462883	-0.0678945912	-0.0099795793	0.0027152097	-0.0079714289	-0.0375648049	-0.0020150553	-0.0164543397	-0.0581936705	0.067897754	0.0026998743	-0.0886572215	0.0420709565	0.0568154146	-0.1995222973	-0.1256786739	-0.0638136099	-0.0314305846	-0.0938617371	0.0574789662	0.0404275395	0.018818038	-0.0770572894	0.0718372561	0.0067078633	-0.0620325607	0.0	0.0	0.0	0.2865497236021497	-0.033472890320624	0.0011204343864165	0.0821107440964683	0.0530882772460614	-0.0670277176298413	0.0028183651809546	0.0044927149306657	0.1556622069569897	-0.1056741780506626	0.0111670319066831	0.0242307226747206	-0.0041709804950563	0.0010441539844909	1.7397078290140097e-05	1.090257543328223e-06	-0.0066489010185084	0.0007533873554869	5.675925074076946e-07	4.420788475392204e-05	0.00801634229387	-0.0011901785325928	1.4165249394449856e-06	6.426174377248894e-05	0.0	0.0	0.0	0.0	0.0	0.0	0.0	0.0
561.4025923963148	0.1247548286852406	0.0155637672802837	315172.87074930285	751.6594206612065	-4.424178201447489	564991.8846687406	19.573352758163143	629.7310933611034	2.11526500060495	4.474346022784259	396561.2499457707	645.4393029588706	453.0558426279089	0.759911	23.206598	0.1785549351635364	0.1077187467592351	-0.0178244676	-0.085226114	0.0376851703	0.0662866869	-0.006232262	-0.0184121965	0.0022339781	0.0522260685	-0.0594669485	0.0926045539	0.0653880259	0.0156110094	0.0153030743	-0.0494856193	0.0245321803	0.109016221	-0.0533547842	0.1197542698	0.0271990018	-0.0873483145	0.0725751296	0.1015616001	0.0965241522	-0.0041528158	0.0405842724	0.0647532919	0.048527956	-0.0522985506	0.0806136232	0.0840024033	-0.0032578956	-0.101818812	-0.0226029592	0.1027751565	0.1097610021	0.1013866734	0.0112319672	0.0189698504	0.0576424312	0.0469476082	0.0879977665	0.1307220046	0.05283605	0.1295545691	0.0013946726	0.0311259924	-0.0445600437	-0.0060448833	0.021059136	-0.0240883691	0.0259100531	-0.0318359718	0.0427865229	0.0019470522	0.068220876	-0.0209876995	0.0123755936	0.0590832164	0.0276820156	-0.0182697119	-0.0602178779	-0.0025374921	-0.0135167532	0.0127027392	-0.0322387575	0.0185291499	-0.1741845944	0.0452267961	0.0503875094	0.0803877343	-0.0014508995	-0.0010502665	-0.0688159335	-0.0422611398	-0.058249479	-0.1215846906	0.0573464408	-0.0220550496	-0.0200792206	0.0189787672	0.1231036071	-0.0003620606	0.0455179431	0.0587410062	-0.0625337976	-0.0381952822	0.059289779	0.1333451717	-0.0567498626	-0.0597177494	-0.1489368668	-0.1497373241	-0.0534678822	0.030966579	0.0012681083	-0.0616098582	-0.0032123252	-0.0979124329	0.0462059921	0.0717245998	0.0450527969	0.0839323035	0.0304284375	0.0579440068	-0.0646120468	-0.0629004841	-0.0273606888	-0.0059583851	0.0172349803	-0.0565300935	0.0176436372	0.0705750772	-0.1299015988	-0.0318114417	0.0197021495	-0.0642207817	0.0629760719	-0.0883958578	-0.0409886603	0.0627853074	-0.0294152825	-0.155430365	0.059384394	0.1193286568	0.0879487089	-0.0409914752	-0.0339143281	0.0708107922	0.0037285945	-0.0654386837	0.0	0.0	0.0	0.2924138082060068	0.0058640846038571	3.4387488241194146e-05	0.0855058352295393	0.1442967704258109	0.0912084931797495	0.0208215579553191	0.0083189892281204	0.1726029992234146	0.0169407922664248	0.0002869904426141	0.029791795340918	-0.0047399571997938	-0.0005689767047374	2.246719425587708e-05	3.237344905339441e-07	-0.0066038111339639	4.508988454450004e-05	2.033097688236344e-09	4.361032149306557e-05	0.0086931070068581	0.000676764712988	4.5801047674586406e-07	7.557010943268539e-05	0.0	0.0	0.0	0.0	0.0	0.0	0.0	0.0
561.4442368814653	0.0416444851504138	0.001734263143443	315219.63112741086	753.8153126074833	2.1558919462768245	568237.5255215177	4.6478700840212746	628.6354141640452	-1.095679197058189	1.2005129028660777	395182.4839412006	644.1799815322927	451.8125603841698	0.691417	21.114889	0.1580888618629516	0.0814598621600336	-0.0138112365	-0.0671121097	0.0234349437	0.055040005	-0.0335340483	0.0892389874	-0.0342919526	0.0145633478	-0.0465456067	0.0410261462	0.0524792227	-0.0255996377	0.0651978951	0.016184244	0.049906056	0.0243112833	-0.0263088214	0.2618630072	0.0144143391	-0.0444840041	0.0910919505	-0.0848104659	0.1021653452	0.121052615	-0.116957545	-0.0715353223	0.0046874595	0.0160283477	-0.0617271004	-0.1268361929	-0.0627526927	-0.0275826312	0.0312512724	0.1028492455	-0.0570044703	-0.0942671555	0.1471862872	0.0448782389	0.1095199533	0.0206450589	-0.0065239275	0.062238221	0.0640062501	-0.0977830783	-0.0861197279	0.022250929	0.0036483702	-0.0239548905	-0.0026884378	0.1153422107	0.0066607843	-0.0750548025	0.0556552088	-0.0717607246	0.0784301592	-0.0443975196	-0.0439180509	0.141593971	0.0432164813	-0.0228830762	-0.0060412674	-0.0036899281	0.0228733048	-0.1403254136	0.0468610708	-0.0531637308	-0.0623001096	-0.0322476287	0.0498593968	0.123682625	0.0188138133	0.0365989324	0.216347627	0.1362634595	0.0269492819	-0.095047261	-0.0530711328	-0.1091897677	0.0259250664	0.0525324415	0.0821559959	-0.1135777741	-0.0059775755	0.0382398253	-0.092120463	0.0063871252	-0.0718117288	-0.0307300521	-0.0579565157	0.0387100484	0.0602909388	-0.1217710062	0.1712042196	0.0270545567	-0.0287172495	-0.0279576527	0.0346999854	-0.0667493056	-0.0550094361	0.0633899941	-0.0084988434	-0.107674054	-0.0593752306	0.0457279921	-0.0524382264	-0.0473249244	-0.0095314524	-0.00885876	0.0461034623	-0.0438760813	-0.0455568794	-0.0235926538	0.0060424841	-0.009648411	0.0385022344	-0.1546457546	0.0246943845	-0.0068719084	-0.0957306462	0.0304303398	0.0678865155	-0.0570362242	0.0527556081	-0.040688369	0.0674902869	0.120122936	-0.0231318067	0.0697680185	0.0007458907	-0.068709175	0.0	0.0	0.0	0.262912074006195	-0.0295017341998118	0.0008703523207963	0.0691227586582389	0.0937193603913613	-0.0505774100344496	0.0087833185121658	0.0025580744057928	0.1716403446272494	-0.0009626545961652	9.267038715179992e-07	0.0294604079037609	-0.0046743700977284	6.558710206540017e-05	2.184973581053741e-05	4.301667957337219e-09	-0.0057964159651002	0.0008073951688636	6.518869587044422e-07	3.359843804046849e-05	0.0080251480171367	-0.0006679589897214	4.461692119496335e-07	6.44030006969531e-05	0.0	0.0	0.0	0.0	0.0	0.0	0.0	0.0
560.5803927289455	-0.8638441525197322	0.7462267198425344	314250.3767121388	756.8025492302277	2.9872366227443763	572750.0985213711	8.923582640265227	627.9570613354708	-0.6783528285743614	0.4601625600348369	394330.0708810803	644.0419228201304	451.8089913679206	0.704947	21.52807	0.0772827114615803	0.0405063716584435	-0.0021524892	-0.0704807317	-0.0388483739	0.0221112175	-0.1156397654	-0.0356215304	-0.0570698768	-0.0277458019	-0.0865360786	0.0088675438	0.0647839194	-0.0319686599	0.093625559	-0.0389755957	-0.0170619943	-0.1277676296	-0.055998882	0.0008422453	0.0504673991	0.075444583	0.1048528278	-0.0841732454	0.2036531796	-0.0241671831	0.0922745461	-0.1175484046	0.0349003952	0.0099593558	0.0616006255	0.0884686482	-0.0882098318	0.0929135887	-0.0664434372	0.0133720264	0.0253159868	-0.0091365877	-0.0497919584	-0.0063860153	-0.0229458607	0.1420198011	0.1392371542	-0.0745676229	0.0248515291	-0.0430213639	-0.0555665282	0.0013756042	-0.0213180236	-0.0395196762	-0.0395062018	-0.1063844413	-0.0250165008	-0.0493598868	0.0234293689	0.0830862078	0.096909082	0.0107383237	0.0857696064	0.059311173	0.0137219892	-0.0700454413	-0.0603986465	-0.0437777203	-0.0472999679	0.0044792581	0.0110960878	-0.0948844704	-0.0539228867	0.0610625221	0.0051747925	0.0143790247	-0.1404671152	-0.1277561694	0.0746745142	-0.0151264113	-0.0145178663	-0.0917247766	0.1235296919	-0.1124178706	0.055534038	0.0788563793	-0.078441773	-0.0467785448	0.1262146249	0.0250502279	-0.0235156752	0.0479713386	0.0460880732	-0.0217351033	-0.1502322767	0.0668790323	0.0169778025	0.009893373	-0.0550623036	0.0224997549	-0.0576133619	0.1483534902	-0.1018178528	-0.0946902898	-0.0301024966	-0.1046324185	-0.0764896484	0.063741684	-0.0708259373	0.0463473343	-0.0592744846	-0.0449723383	-0.0260454267	-0.0063664665	-0.0341659509	-0.0556440798	0.0308969826	0.022851752	-0.075673234	0.0541372054	0.01865782	-0.0633217386	-0.0026061367	-0.1159289607	-0.1443166057	0.015174259	0.0579637391	-0.0677123562	0.0231538202	0.1645992855	-0.0116891818	-0.0126559406	-0.1118779616	0.068709175	-0.0022375003	-0.0718372561	0.0	0.0	0.0	0.2692925298312474	0.0063804558250524	4.0710216535445385e-05	0.0725184666229132	0.1198814438711508	0.0261620834797894	0.0143715605846318	0.0006844546120034	0.150717599013376	-0.0209227456138733	0.0004377612840228	0.0227157946523567	-0.0047061186164351	-3.1748518706699834e-05	2.214755243195701e-05	1.0079684400696694e-09	-0.0057229193369665	7.349662813370059e-05	5.401754347023469e-09	3.275180573742508e-05	0.0083962514011536	0.0003711033840169	1.377177216287955e-07	7.049703759137379e-05	0.0	0.0	0.0	0.0	0.0	0.0	0.0	0.0
560.5304470385239	-0.0499456904216231	0.0024945719916926	314194.38205720746	749.6172931599167	-7.18525607031097	561926.0862044005	51.62790479594064	627.922630323562	-0.0344310119088504	0.0011854945810674	394286.8296724607	643.7225708956195	450.2219555376664	0.667672	20.389725	0.1651122485717134	0.0837787157997326	-0.0133713994	-0.0878067713	0.0251928825	0.0672100576	0.0273191365	0.0695759481	-0.0328620884	-0.0174961884	-0.1519324019	-0.0374891861	0.0451208771	-0.0534545117	0.0585706744	-0.084944003	-0.0125972457	-0.0759161528	-0.016884114	-0.0198405146	-0.0103679991	0.0011097017	0.0119585805	-0.0796798382	-0.0935847098	-0.0930604324	-0.124695325	-0.0557567594	-0.1510123471	0.019952538	-0.1597827545	-0.0554759666	-0.1388232957	-0.0413911496	0.0111642163	0.0437433744	0.0220574625	0.0350124837	-0.0422476899	-0.0069306877	0.1267393392	-0.0173253077	0.0538198674	0.0402084376	0.0532576662	0.0444728663	0.0669983959	0.0035640379	-0.0494378456	0.102087263	-0.1151176805	0.0436926223	-0.1387062157	0.1443642311	-0.0036225095	-0.0425669914	0.0593879211	-0.0895172435	0.0630916958	-0.0615775466	0.0299030159	-0.0572502839	-0.053988661	0.0619272565	0.001347527	-0.0992556799	-0.0464703108	-0.0718363145	0.0330059502	-0.0244234925	0.0105972804	0.1384202684	0.043938044	-0.1596873731	-0.0079666772	0.0558713749	-0.0155991016	-0.0674674329	-0.0265874345	0.0788447286	-0.0348496261	-0.0877765887	-0.0242947391	0.0402934394	0.0375619042	0.0744438143	0.0790255065	0.0092971419	-0.0770305255	0.0215376104	-0.1390579327	0.1309345342	0.041116789	0.0733435927	0.0418650593	-0.0125686236	-0.0172793202	-0.0539236844	-0.0090641181	-0.0667318398	0.0276378993	0.0174337976	0.0287723882	0.075497779	0.1071029394	0.0470968155	-0.057362986	-0.0481524109	-0.0112409807	0.0110663406	-0.0502337248	-0.0334916361	-0.0781157598	0.0209820114	-0.055272911	-0.0322792739	0.0589393153	-0.1133422764	-0.0430046421	-0.111324366	-0.1309170186	0.0158723064	-0.0088696611	-0.122325604	0.0625803943	0.0228077867	-0.0685592055	0.0865599839	-0.0183643334	0.0676345058	-0.0052188299	-0.0748164435	0.0	0.0	0.0	0.2486038518419775	-0.0206886779892699	0.0004280213969437	0.0618038751506679	0.1930873081409032	0.0732058642697524	0.0372827085651	0.0053590985634814	0.1786183277984321	0.027900728785056	0.0007784506667372	0.0319045070255081	-0.0042879553954013	0.0004181632210337	1.838656147295112e-05	1.748604794253625e-07	-0.0058559833014404	-0.0001330639644739	1.7706018641511363e-08	3.4292540426748806e-05	0.0080811390361086	-0.000315112365045	9.929580260425366e-08	6.530480812091823e-05	0.0	0.0	0.0	0.0	0.0	0.0	0.0	0.0
561.0131813424939	0.4827343039700054	0.2330324082294055	314735.78964002593	745.3109283327307	-4.30636482718603	555488.3798921967	18.544778024824968	628.3934271078194	0.4707967842574589	0.2216496120671643	394878.2992323104	643.26528346393	449.3995314458142	0.640435	19.557974	0.1631726484667916	0.0942217248905006	-0.0129763574	-0.0865749306	0.0655816608	0.0967442533	0.1161901049	0.047184804	-0.0650404591	0.0206207038	-0.0970954718	0.1069768268	0.0610654129	-0.0544151583	0.0438088888	-0.0686466414	0.0608254481	0.066858544	0.080812533	0.114300803	0.0725093481	0.0843941223	0.0320384388	-0.0475093285	0.0040602517	0.2292846181	-0.0129085657	-0.0988497152	0.0694745143	-0.0048089094	-0.087337118	0.0172779554	-0.0366382198	-0.0682206456	0.1039339431	-0.0127119565	-0.0884637064	0.0828159857	0.0130849075	0.0372408135	-0.1083580081	-0.0902418863	-0.1078994525	0.0122036003	0.0613518487	0.0076861793	0.1544629445	0.0667566335	-0.1411253031	0.139017236	-0.0464758651	-0.1011501515	0.1947807912	-0.0731113683	-0.0360654481	0.0528859291	0.0780036255	0.0477091406	0.1325384451	0.0551259144	0.049250699	-0.0375307885	-0.0226939955	0.0883675054	0.0877521763	-0.1568594362	-0.003255196	-0.0726198331	0.0025144777	0.0480026853	0.0168843465	0.1873281001	0.0740102125	0.1138867844	0.0457513917	0.0719567399	-0.028894428	-0.0084628835	0.0224804787	-0.0592098197	0.1631061822	0.1357652633	0.127030056	-0.1171194892	-0.1561779999	0.0562808438	0.0758067174	-0.0243747794	0.0058983538	-0.0430231443	0.0285020804	-0.0528439682	-0.0088629069	-0.030559232	-0.0305571702	0.046467386	0.0318999816	0.0203926655	0.0162285661	-0.1366203454	-0.0833424473	0.0810817576	0.1234314419	0.1695613082	-0.0120369224	0.0479619628	-0.0614567974	-0.0525528617	-0.0246125321	-0.0171878292	-0.0085202022	-0.0588393522	-0.000170538	0.0175398297	-0.0565250007	0.0359793397	0.0236977948	-0.0780163482	-0.0195603843	-0.1354896543	-0.1266609373	-0.0275632109	0.087753775	-0.0655048858	-0.0501163424	0.0597959171	-0.003037448	-0.0202452191	-0.0689873658	0.0665442583	-0.0081953516	-0.0776405624	0.0	0.0	0.0	0.2728115687269081	0.0242077168849305	0.0005860135567809	0.0744261520312365	0.1076562350841214	-0.0854310730567818	0.0115898649524876	0.0072984682436331	0.1830071574011214	0.0043888296026892	1.9261825281441904e-05	0.0334916196600388	-0.004607090295923	-0.0003191349005217	2.1225280994787877e-05	1.018470847309955e-07	-0.0056393070007696	0.0002166763006707	4.694861927238281e-08	3.1801783448929025e-05	0.0085282284133639	0.0004470893772552	1.998889112545314e-07	7.273067987050733e-05	0.0	0.0	0.0	0.0	0.0	0.0	0.0	0.0
561.3915235899867	0.3783422474928102	0.1431428562379108	315160.4427586866	751.0223523565808	5.7114240238501	564034.5737392121	32.62036438021207	628.6253641044144	0.2319369965949818	0.0537947703895006	395169.8483954076	643.6993569258713	451.36384275581526	0.614438	18.764057	0.1046333976031934	0.0543409213022486	-0.0080026002	-0.0937600108	0.0410600891	0.0619640326	0.0253474671	0.1316011815	-0.099751311	-0.0002220109	-0.0570521741	0.0487835673	0.0582596907	0.0072821507	0.0533574731	-0.01915985	-0.0388772151	0.0139541386	-0.0727779045	-0.0593470695	0.0508531303	-0.0529395906	-0.1822226211	-0.044648274	0.0567987023	-0.0063120412	-0.0639560516	0.0711127081	-0.0633260954	0.0418038079	-0.0788765498	-0.0632941273	-0.0040818705	0.1521460404	-0.1005474955	-0.0932801892	-0.010622496	0.1130744189	0.1221066461	0.0546098512	-0.0177509726	-0.0695554839	0.0134029501	-0.0354211397	0.0026550754	-0.0186051329	0.0280717204	0.0833544037	-0.0117442174	0.1480523148	0.0338595964	0.0079202038	0.0490377667	-0.0449180598	0.1491598603	0.0368700666	-0.0688500992	-0.1195429278	0.0330166253	0.043476417	0.0559591098	-0.0145319444	-0.0095554473	0.0379830973	0.0159038117	-0.18514864	-0.0125354753	-0.0538088778	-0.0160357811	0.0888535763	-0.0190849977	0.0253833907	-0.1016472174	0.0071197772	0.1734870171	-0.0026698791	0.0628484395	0.1069655519	0.0637380157	0.136340486	-0.0251720064	0.0478827892	-0.0036367643	0.1264120637	0.1148816925	-0.0684116569	-0.0791214283	-0.0379066076	-0.0921535632	-0.106300951	0.151233122	0.0172288888	-0.0024014059	0.041799562	0.0262548138	0.0593202768	0.0249983831	0.0533515295	-0.1077713869	0.0493413838	0.0913057179	0.110100367	0.1047178103	0.0315571289	0.0884513017	0.0436996816	-0.062598398	-0.0445648268	-0.0104586516	-0.0186322735	-0.0038352319	-0.0579504371	-0.0558809972	-0.0024827469	-0.037175175	-0.0004246942	0.0609204764	-0.1179638319	-0.0493149795	-0.0794553581	-0.1182607095	-0.0456068892	0.0846728553	-0.0502491189	0.0066308338	-0.0055548675	-0.0640696832	0.0209760347	0.0066508806	0.0654386837	-0.0111643232	-0.0803037594	0.0	0.0	0.0	0.2482581343712695	-0.0245534343556385	0.0006028711386566	0.0616321012815033	0.1395536758577407	0.0318974407736193	0.0194752284454073	0.0010174467279065	0.195592376855842	0.0125852194547206	0.0001583877487234	0.0382563778841177	-0.0045259389027081	8.115139321489967e-05	2.0484122951046604e-05	6.585548620719264e-09	-0.0057001618843295	-6.085488355989967e-05	3.703316853088946e-09	3.249184550756283e-05	0.0079582886297544	-0.0005699397836094	3.248313569408422e-07	6.333435791447818e-05	0.0	0.0	0.0	0.0	0.0	0.0	0.0	0.0
561.5251228243627	0.1335992343759926	0.0178487554258514	315310.4635629156	749.3357625277537	-1.6865898288270955	561504.08500305	2.844585250703011	628.3766608584243	-0.2487032459901001	0.0618533045660122	394857.2279115832	643.4263611517259	452.2580361459566	0.642606	19.624256	0.1242244456343423	0.0593475239895351	-0.0012617617	-0.085955627	0.0434331613	0.1010398146	0.0299568122	0.0856290187	-0.0703630923	0.0802803205	0.0376204563	0.0824518638	0.0244737944	-0.0400272895	0.0010401051	-0.0036290831	-0.0149817102	-0.0221267024	-0.1047809656	0.0904514489	-0.0654406026	0.0252801881	-0.0562705784	-0.0149475167	0.1546156456	0.0209997744	-0.0965712831	0.1361815439	-0.0729701372	0.0193047157	-0.0123371424	-0.0277431082	0.0652925633	0.0063477205	0.0266180737	0.0633066072	-0.1394788965	-0.0448987407	0.0878343066	0.1132513042	0.0403292497	-0.0109853565	-0.159429444	-0.0972099594	-0.1119488832	0.0587781694	0.0389133666	-0.0606190272	-0.0353555403	-0.0356180758	0.0463594491	-0.1707501744	-0.0713893738	0.0664731509	0.0423200641	-0.0647786298	0.0049223165	-0.0659756587	-0.0798882016	-0.0354782975	0.0438920929	-0.0410626998	0.0294864308	0.0178515327	0.0619375243	-0.0791131401	0.0677368464	-0.093190686	-0.0691234066	0.1679708658	-0.0018582203	-0.0009844745	-0.0132208966	0.0464387153	0.0260411048	0.0034956365	0.1003741582	-0.0121430935	0.0236416994	-0.0293774282	0.0701786317	-0.0255550363	0.0523902452	0.0666774112	0.0251205779	-0.1315850311	-0.0092396893	0.0008199073	-0.148466439	-0.0190714462	-0.0942120094	-0.0454739551	-0.0956841488	-0.0018784844	-0.0421713029	0.1845639006	-0.0132595124	0.017409228	0.069081987	0.1638696197	-0.0544570079	-0.0047168916	-0.0628101626	-0.1044916812	0.1144813712	0.0456027005	-0.0683567812	-0.0534127599	-0.0319914951	-0.0137280094	0.0275434035	-0.0737403269	0.0159927959	0.0069427194	-0.0906933051	0.0294215384	-0.0034762999	-0.0616134868	0.0116433438	-0.0838261619	-0.1128400259	-0.0013818595	0.0796082929	-0.067638561	-0.0454557201	0.1366701912	-0.0012879225	-0.0514727065	-0.0573257152	0.0643180366	-0.0141230095	-0.0828005146	0.0	0.0	0.0	0.2720525822210931	0.0237944478498235	0.0005661757484779	0.0740126074931646	0.1254882882509491	-0.0140653876067916	0.0157473104881532	0.0001978351285292	0.1667713879136698	-0.0288209889421721	0.0008306494036048	0.0278126958266517	-0.0046993351338658	-0.0001733962311576	2.20837507003855e-05	3.0066252979694493e-08	-0.0059326323502879	-0.0002324704659584	5.4042517542915883e-08	3.5196126603682534e-05	0.0087032943573494	0.0007450057275949	5.550335341493551e-07	7.57473326706699e-05	0.0	0.0	0.0	0.0	0.0	0.0	0.0	0.0
562.1957556663555	0.6706328419927559	0.4497484087592806	316064.0676892644	753.4954414247717	4.159678897018011	567755.3802479116	17.30292852629698	629.4294407667312	1.0527799083068885	1.1083455353346603	396181.42090392	645.1072212583349	455.6774907537129	0.653584	19.959509	0.1571432233662801	0.0790349764233785	0.0156130762	-0.0817218408	0.0437303851	0.0411510208	-0.021332684	0.0942337555	-0.0661740724	0.1154943931	0.0570573985	0.0488998458	0.0411695986	-0.0107596464	0.0755265983	-0.02897551	0.0403640376	0.0165263548	-0.0275561175	0.1250423408	0.1097865907	0.0767908287	0.1487486346	0.1053206161	0.094021097	-0.0868940381	-0.1016783563	0.021084031	-0.0087330955	-0.01296755	-0.0814674173	0.0052209293	-0.0274087937	-0.058003131	-0.077417664	0.0491052862	-0.0893239788	0.091572143	-0.1272083817	-0.0275328637	0.0083504341	0.061763104	-0.0442048628	-0.0045527776	-0.1622823033	-0.1481342422	0.0547472209	0.0312854838	0.0769925605	0.0255048027	-0.0108045733	0.0628119687	-0.0725081545	0.0380059536	-0.0471317557	-0.1051043157	-0.0630829578	-0.0605697602	-0.0827735493	0.0155916053	0.0154340597	-0.0156780232	-0.0225188119	0.0141875438	0.0184541939	-0.0471261501	0.0094684451	-0.028117318	-0.1485685461	0.0034075259	-0.0011442303	0.1293956281	-0.0463055799	0.1946409732	0.0130652115	0.0846398463	0.0291591408	-0.1129903257	0.0409478428	-0.0920498244	-0.1234786864	-0.0258574957	-0.0062757678	0.1313457527	-0.0259940578	0.020337299	0.0025286489	-0.0988305381	0.0328907806	0.0969093971	-0.1815765918	-0.0058155869	0.0775234901	-0.003005118	0.0115648881	-0.0124861484	-0.0525145085	0.0085978103	0.0894520538	0.0702192009	-0.0725235589	0.1202006233	-0.0005819298	-0.1139835154	0.0289371399	0.0244969535	-0.0655672028	-0.0478775865	-0.0220241098	0.0058356392	0.0994525209	-0.0580036963	-0.0747915373	-0.0298645339	-0.0680218286	-0.0794759983	-0.003981131	-0.0667824013	0.0433690954	-0.0391248994	-0.0699596108	0.0185113537	-0.0277606101	-0.1182183326	0.0350311728	-0.0225017876	-0.008732457	-0.0647084397	0.0812574103	0.063182575	-0.0170686847	-0.0851256531	0.0	0.0	0.0	0.2608531770228666	-0.0111994051982264	0.000125426676794	0.0680443799629229	0.1490480167713599	0.0235597285204108	0.0222153113034755	0.0005550608079554	0.129505511512562	-0.0372658764011077	0.0013887455439426	0.0167716775121303	-0.0038348943206939	0.0008644408131719	1.4706414450890327e-05	7.472579194772961e-07	-0.0058099633737498	0.0001226689765381	1.5047677804905085e-08	3.375567440431416e-05	0.0079880398821287	-0.0007152544752206	5.115889643232387e-07	6.38087811584787e-05	0.0	0.0	0.0	0.0	0.0	0.0	0.0	0.0
561.9484440186604	-0.2473116476950281	0.0611630510856297	315786.0537349936	749.1694853440771	-4.325956080694596	561254.9177707094	18.713896012098548	628.660834874516	-0.7686058922151915	0.5907550175479106	395214.4453051235	644.3782327294217	451.34609886615175	0.692299	21.141811	0.116650984844552	0.0572302263782945	0.0202357194	-0.0621318618	0.0196577375	0.0829595743	0.0091498384	0.0292170917	-0.0654053516	0.1366166951	0.1201072099	-0.01826782	0.0438298831	-0.0399667299	0.0237375073	0.0520846012	0.0672125522	-0.0478421809	-0.0516590283	-0.0791977885	0.067471345	0.0155699615	0.0164967443	0.0678926204	-0.0492880331	-0.0333366152	0.0047773266	-0.0188334785	0.1509995193	0.0095429277	-0.1003245819	0.112089164	0.0024668927	0.0224713154	0.0148072639	0.1118194748	-0.0632175815	0.090090562	-0.023778188	0.0023625211	-0.083506487	0.1175569331	-0.0199184558	0.0212155733	0.1388491623	0.0299778233	-0.0477008523	-0.0852641746	-0.0269011221	0.0092491055	0.0183084596	-0.0687809478	0.1045844819	-0.1034901415	-0.0893796447	-0.135359877	-0.1138939315	-0.0128982435	-0.1503178407	-0.0267272409	0.0071534666	-0.0435868225	0.016370347	0.0788129502	0.1110995335	0.0420668699	0.0455818224	-0.0736248322	-0.1469698647	0.0455547821	-0.0439066271	-0.0064320688	-0.1750568267	0.1523653108	0.0193672299	-0.0122747139	-0.0293113888	-0.0666100893	-0.1160759871	0.0335164512	-0.0071678702	-0.015383369	-0.0120265498	0.0525187534	-0.0489680399	0.0233031527	0.0558996108	-0.0499493491	0.0883951127	0.0250021253	-0.0839653072	-0.0561888308	-0.1256235245	-0.0027994826	-0.0854527873	-0.0586211593	0.0894328144	0.0960567219	-0.0105846032	-0.0871995056	0.1063201434	-0.0901030297	0.011171945	0.0493467494	-0.1809316614	0.0175427413	-0.068017171	-0.0428435719	-0.0495581391	-0.0126189525	0.1523555877	-0.0091812255	0.0469607089	0.0036579994	-0.0488541473	-0.0234740357	-0.0109464747	-0.0159461482	-0.0023637854	-0.1630707511	0.0082624642	-0.0439901933	-0.1022580761	-0.0642448652	-0.1067069397	0.1189418342	-0.03885038	-0.0920606834	0.063042303	0.0620325607	-0.019998635	-0.0872743556	0.0	0.0	0.0	0.2638433584758388	0.0029901814529721	8.941185121698913e-06	0.0696133178118099	0.1049983215703207	-0.0440496952010392	0.0110246475325844	0.0019403756473044	0.1081696170862613	-0.0213358944263007	0.0004552203909702	0.0117006660605883	-0.0039916351658752	-0.0001567408451813	1.5933151297451538e-05	2.456769254814832e-08	-0.0054479808352121	0.0003619825385376	1.3103135820619744e-07	2.968049518083833e-05	0.0084348207736945	0.0004467808915657	1.9961316506833067e-07	7.114620148434829e-05	0.0	0.0	0.0	0.0	0.0	0.0	0.0	0.0
562.3690989478367	0.420654929176294	0.1769505694403129	316259.0034514018	752.52469159972	3.355206255642884	566293.4114672537	11.25740901790514	628.5168630954439	-0.1439717790721033	0.0207278731691865	395033.447195337	644.5855117442209	454.5156202554703	0.671736	20.513859	0.1792916077555391	0.0908088815209533	0.015139699	-0.0565842492	0.0005597464	0.039623696	-0.0291072908	-0.0032254376	-0.087841099	0.1070844918	0.0663815595	-0.0322789386	0.0348923435	-0.0469528276	-0.0423809646	0.0023927722	0.0534584201	-0.0046803818	0.0476220612	-0.0503655736	0.0443792584	0.0130105582	0.1233841505	0.0409935131	-0.0633812721	-0.0843771947	-0.1365601913	0.1456527728	0.1397738166	-0.0709274633	0.0727756891	-0.0459507981	-0.0134402289	-0.0267803114	-0.0558052913	0.0454023889	-0.0522436315	0.0243107936	-0.0162463115	0.0884540119	0.1764862739	0.0149103892	-0.0764559194	0.155189448	-0.0543761787	0.153908381	-0.0495426435	-0.0617981632	0.0895482984	-0.0460761888	-0.1918844074	0.0017569721	0.1394835368	0.0026452782	0.1085285548	-0.085541265	4.48057e-05	0.0961909218	-0.1166310013	0.0455001757	0.0036978832	-0.0382681602	-0.0142578684	0.088100256	-0.0190352905	0.0484039533	0.0527797606	0.0511519713	-0.093672773	-0.0654250867	-0.0414826814	-0.0388899492	-0.1279418595	0.0412338289	0.0105810633	0.091567815	-0.0831698705	-0.0723530259	-0.0983144891	-0.0373175635	-0.1260609091	0.0733065628	-0.0220131978	0.1147971684	-0.1782516946	-0.0297577338	-0.0143793322	0.0615193033	-0.029337809	-0.0254198814	-0.1461227308	0.1723854912	-0.0680839334	0.1183238664	-0.0682555608	0.0507028104	0.1614479611	-0.160387701	0.1622792764	0.0140808379	0.0078363841	0.0569527754	-0.009819253	-0.0060465858	0.0961349435	0.0116050512	-0.0552794415	-0.0305449963	-0.02036423	0.0222323946	0.1190658786	0.0595536725	-0.0964392878	-0.0484830247	-0.0620787861	-0.0493507073	0.0173363996	-0.0426629869	-0.0447662149	-0.17868367	-0.0048038615	-0.074068606	0.0204313428	-0.0397622338	-0.0203477898	-0.0481981623	-0.0839716805	-0.0351684311	0.0394336129	0.0608682583	-0.0229101613	-0.0892421688	0.0	0.0	0.0	0.2269611400170248	-0.0368822184588139	0.0013602980384436	0.0515113590778275	0.1640253504716895	0.0590270289013688	0.0269043155973605	0.003484190140923	0.1376387898498876	0.0294691727636262	0.0008684321433724	0.0189444364713415	-0.0041731767621931	-0.0001815415963178	1.7415404288508485e-05	3.295735119365133e-08	-0.0053460693630214	0.0001019114721907	1.0385948164075876e-08	2.8580457634236032e-05	0.0076400100895685	-0.0007948106841259	6.317240236008397e-07	5.836975416870848e-05	0.0	0.0	0.0	0.0	0.0	0.0	0.0	0.0
561.307916874414	-1.0611820734227422	1.12610739295379	315066.577545894	757.050032441721	4.525340842001015	573124.7516200108	20.47870973628245	628.4223100240251	-0.0945530714187725	0.0089402833147235	394914.599735932	644.5244481365106	453.9039544333583	0.68406	20.890196	0.1544349040906029	0.0953911614537346	0.028414626	-0.0586970145	-0.0072714216	-0.0085423813	-0.1099153847	-0.0548740016	-0.0478639851	0.0503590223	0.0471349924	-0.032618461	0.0087776003	-0.0452861262	-0.0836883233	-0.0953672697	0.1520631364	-0.0900635317	-0.100364534	-0.1328988308	0.1615479968	-0.1373961425	0.040644257	-0.0275913348	0.0243986332	0.0477816838	0.0962742286	-0.1162436008	0.0011415907	-0.0175878558	0.105421298	-0.0201468232	-0.0467105906	0.0551021646	-0.0640996335	0.1468257241	0.0549866414	0.0358218193	-0.0730610169	-0.0790018012	-0.0144891518	-0.0611143493	0.1216120803	-0.0163854416	-0.0211764821	0.1733448652	-0.0939717375	-0.0414336223	0.0379616736	0.1600552055	0.0674344512	0.0084057811	-0.1126193743	-0.0269080142	0.0223556701	0.0820775213	-0.0826441928	-0.0321008424	-0.0147364934	-0.0288692999	0.0007280065	-0.0506409269	-0.0383220253	0.0210195718	-0.0880727864	0.1180733005	0.1096511251	-0.0011544432	-0.1174547898	-0.1267117689	-0.047154486	-0.0180796234	0.0436471417	-0.067320318	0.181100218	-0.0835570209	-0.116616793	0.0616826339	0.0514378947	0.0338496039	-0.0078755322	-0.0281048821	-0.0972458844	-0.0383877577	0.0626981273	0.1937531509	-0.0028454752	0.1581650318	0.1138568844	0.0212322887	-0.039034029	0.0611128749	-0.0822192271	0.0914338054	-0.061749188	0.2167843915	0.0601289904	-0.0170485997	-0.1425087719	0.0298472526	-0.0663966221	-0.0793186113	0.0067570817	0.0218257573	0.015985204	0.0139897307	-0.057064977	-0.0320035443	-0.0307057129	-0.0061465333	0.0815881457	0.1200912455	0.0168952712	-0.0573385907	-0.0447586195	0.0015611462	0.0386861295	-0.0976421556	-0.0174348419	-0.1358397181	0.0322418697	-0.149285147	0.0261345573	0.0741291472	-0.0639502949	0.0078750813	0.0264824574	-0.1593815855	-0.0078682935	0.0596899362	-0.0258005812	-0.0910250139	0.0	0.0	0.0	0.2415832490234351	0.0146221090064102	0.0002138060717953	0.058362466208719	0.0789368307049613	-0.0850885197667282	0.0062310232417437	0.0072400561960928	0.1299785399818631	-0.0076602498680244	5.867942804056927e-05	0.0168944208558167	-0.0036878746609158	0.0004853021012773	1.3600419514624825e-05	2.3551812950416306e-07	-0.0048942023049549	0.0004518670580664	2.0418383816567318e-07	2.3953216201825857e-05	0.0076441214392135	4.111349644999804e-06	1.6903195903440012e-11	5.843259257744347e-05	0.0	0.0	0.0	0.0	0.0	0.0	0.0	0.0
561.0346946897736	-0.2732221846404172	0.0746503621796822	314759.9286456474	756.8190734731327	-0.2309589685883111	572775.109972731	0.0533420451713764	627.6803616414028	-0.7419483826223541	0.5504874024759271	393982.6363902822	644.3678326368597	453.5821825514669	0.671344	20.501867	0.1390639253245209	0.0728480219854029	0.0378324636	-0.0319732023	-0.044526124	-0.030149759	-0.1073229477	-0.1151816721	0.0476300442	-0.0196065186	-0.0124701254	-0.0788618423	-0.024068813	-0.0513668792	-0.0738707567	-0.0572042662	-0.0047985578	0.0003976592	0.0565834334	0.0243960195	0.0820395031	-0.1185056268	0.0734043283	-0.0805619772	-0.0351514773	-0.09381892	0.0430655686	0.0726366416	0.0994529387	0.0905890617	-0.1634977934	0.0198733719	-0.0333005103	0.0557213528	-0.0603020418	0.1011657964	0.0124127093	-0.1369897117	-0.0270981052	-0.2540395237	-0.0327124614	0.0039755451	0.0035607806	0.1540291196	0.0322232041	-0.1197226552	0.0098184011	-0.0570224654	0.0833559354	0.0543386072	0.0958054046	-0.0243416472	0.0344461301	0.0523183306	-0.0268280584	0.0862655122	-0.0099586591	-0.007106642	0.0105909036	-0.1005958005	-0.028577127	-0.05046071	-0.0378377201	0.0111598439	-0.1175843182	0.1378604872	0.0351271491	0.0259700907	-0.0267552357	-0.1018159159	-0.0391117937	0.0618855869	-0.1116180228	-0.1039630471	0.1328369941	0.0485503944	-0.0115256411	-0.0562309137	-0.1276351969	-0.0069464382	-0.0177345991	-0.0221880098	-0.1048073778	-0.0588581943	0.0225217438	0.0921960849	0.0240569533	-0.0035026098	-0.0724573325	0.2201433359	0.1395174824	-0.1205577845	0.0504665071	-0.0333294618	0.1264996633	0.0538297684	0.0516512774	0.124393012	-0.0327483396	-0.0032049641	0.1318088111	0.0735778076	-0.0642513308	0.0845858204	0.0226989348	-0.016083209	-0.0453000626	-0.0395837617	-0.0098413443	0.0153442372	0.084862592	0.0891767421	-0.0926246521	-0.0887561775	-0.0805214883	-0.0388876453	0.0124005154	-0.0883736168	-0.0164438764	-0.116159832	0.0230952661	-0.1009899012	0.0796313906	0.0515381164	-0.0278155894	-0.0602171333	-0.0463886311	-0.0836312821	0.0284137526	0.0584978657	-0.0286672319	-0.0926191957	0.0	0.0	0.0	0.1897805587165066	-0.0518026903069284	0.0026835187230355	0.0360166604667494	0.115143946430166	0.0362071157252047	0.0132581283995129	0.0013109552291383	0.1089431976225654	-0.0210353423592977	0.0004424856281728	0.0118686203082293	-0.0033038948641623	0.0003839797967535	1.091572127343802e-05	1.4744048431485918e-07	-0.004890875209629	3.327095325899969e-06	1.106956330762542e-11	2.392066031616352e-05	0.0074310527926311	-0.0002130686465823	4.5398248156455635e-08	5.522054560687047e-05	0.0	0.0	0.0	0.0	0.0	0.0	0.0	0.0
560.6945959767987	-0.34009871297485	0.1156671345671494	314378.4299575856	756.9245084726585	0.1054349995258689	572934.7115265757	0.0111165391250199	627.6420235152793	-0.038338126123449	0.0014698119146574	393934.50968235446	644.8520709513031	450.5867315789928	0.8147729999999999	24.881998	0.3661470975486882	0.1916934823634925	0.0778145598	0.0241653654	-0.1152459396	0.0022645729	-0.0617530498	-0.1011186219	0.0667315052	-0.1350224633	0.0176337914	-0.0496487138	-0.1035936469	-0.0194820845	-0.0425489549	-0.0881243125	-0.0391436213	-0.0144906863	0.0789001396	-0.0331531422	0.1269093919	-0.0304754844	-0.1031960245	0.0250159474	-0.1037530562	0.077020916	0.1394873468	-0.0996610194	-0.1130225065	-0.081783562	-0.0675728255	-0.1315151105	0.081364723	-0.0502196378	-0.0036435711	0.076445451	-0.0009719861	-0.0468177091	-0.1075026812	0.0339685138	-0.0230601774	0.0482319356	-0.0429231469	-0.0078489805	0.037760479	-0.0785770558	-0.2116003943	-0.0649490017	-0.0674398009	0.1626332535	0.1248856323	-0.0497850111	0.0371534228	-0.0508174396	0.104593497	-0.0240700816	0.0568043149	0.0080300586	-0.0782853734	-0.0570178997	-0.1178292147	-0.040076702	-0.0432163061	-0.0070828808	-0.0905590461	0.1162326224	-0.0707215171	-0.0473760086	0.0367423473	-0.0216275135	-0.0319834948	-0.0055694646	-0.028395048	0.1056085518	0.1321657679	0.0088205994	0.0039403487	0.0282571503	-0.0012251575	0.2250098961	0.0332963699	-0.2505126276	0.0575065315	-0.1094458155	-0.004347593	0.0907956606	-0.0373570122	0.1542025599	0.0302252782	-0.0876417332	-0.0654765272	0.0526318912	0.0347808808	0.1235775925	0.1327637658	0.0625050883	0.043809237	0.1891361014	0.0384320209	-0.0234781341	-0.0561706673	-0.0136627286	-0.0504048759	0.1572632016	-0.0942132903	-0.07177711	-0.0204639087	-0.0590131485	-0.0012259903	-0.0552921084	-0.0018089584	0.0347281814	0.0697920403	-0.1014220492	-0.0168328922	0.0121841708	-0.00734292	-0.0043264038	-0.0319418264	-0.0229450754	-0.0592602885	-0.1086100605	0.0743941376	0.148318191	-0.148021683	0.1750173185	-0.1871076092	-0.121559471	0.0416343986	0.0572923214	-0.0315074724	-0.0940214101	0.0	0.0	0.0	0.154209145464776	-0.0355714132517306	0.0012653254407253	0.0237804605449764	-0.018660520769032	-0.133804467199198	0.0003482150353714	0.0179036354424612	0.0047951076145409	-0.1041480900080245	0.0108468246523195	2.299305703502812e-05	-0.0028650866789581	0.0004388081852041	8.208721677943156e-06	1.925526234022033e-07	-0.004541190095652	0.000349685113977	1.222796789371077e-07	2.062240748484782e-05	0.0063670835500176	-0.0010639692426135	1.1320305492275451e-06	4.053975293290472e-05	0.0	0.0	0.0	0.0	0.0	0.0	0.0	0.0
561.7555867986965	1.0609908218978037	1.1257015241513766	315569.3392995479	755.7532158857622	-1.1712925868963566	571162.9233216714	1.3719263241183592	627.4112970132743	-0.2307265020050408	0.0532347187274821	393644.9356198791	645.0402480452492	452.9444064917772	0.770536	23.531065	0.2486745235341327	0.1143404079916343	0.1025923795	0.0555774787	-0.1479371102	0.0387593908	-0.0221646966	-0.0496695808	0.0409432882	-0.0558787806	0.0567076377	-0.0059743549	-0.1183477615	0.0233938663	0.1007346915	-0.002513885	0.0382902682	-0.103753335	0.0742710565	0.0496516951	-0.0255996255	-0.0485057583	-0.041111511	0.0435373327	-0.0243832223	-0.0823892529	0.1376191138	-0.1133485761	0.0142176705	0.0048188057	0.0439797625	0.0309659265	0.0080988577	-0.1564981371	-0.1745093782	-0.0645917112	0.0506537673	0.0976000208	0.000577312	0.0958711047	0.0822286861	0.0494527117	-0.0358911367	0.0781808435	0.0017473729	0.0825345972	-0.0257847384	0.0533814594	-0.0044082819	0.0329883827	-0.0503415156	-0.0409939032	-0.0101465574	-0.0128073354	0.1069899644	0.0285422177	-0.1029537856	0.0016022926	0.0075290117	-0.120094992	-0.1455922817	0.0011025543	-0.0604286911	-0.0808313593	0.0284932161	0.0519775727	-0.0342792266	-0.0518921625	-0.0206897968	0.0334217346	0.0280149235	0.0202963572	-0.0744454248	0.0131854766	-0.0562397553	-0.074618942	-0.005761454	-0.1634658944	-0.0269004894	0.1136940777	-0.1269107647	0.0496571846	0.0560623362	-0.0895354014	0.045562051	0.0893000197	-0.0405933041	0.0101629079	-0.06332624	-0.1339319805	0.0090942394	-0.0152691486	-0.1408266799	0.1542015228	-0.0164525651	-0.134789667	-0.0496685888	-0.0659172906	0.0743006304	-0.0064416681	-0.0412666694	0.0211509318	0.0660638703	-0.0446833265	-0.0332046275	-0.1202911675	-0.0078468104	-0.0665303707	0.0414416201	-0.0111236765	0.0210399299	-0.0568943616	-0.05469198	-0.062202383	-0.0338580223	-0.0290301713	-0.0535864712	0.016696827	-0.0549631179	0.0329658643	-0.1719852862	-0.0279112434	0.0561993236	0.0542740155	-0.1334903931	-0.0855398404	-0.0764272197	-0.0388888665	0.1003375829	0.0560735809	-0.034318686	-0.0952287508	0.0	0.0	0.0	0.1108423568770291	-0.0433667885877468	0.0018806783524143	0.0122860280780546	0.0236006679639615	0.0422611887329935	0.0005569915283451	0.0017860080731256	-0.0596407173710815	-0.0644358249856224	0.0041519755415777	0.0035570151685372	-0.0020060307632319	0.0008590559157261	4.02415942303276e-06	7.379770663441797e-07	-0.003899963044913	0.0006412270507389	4.1117213059943563e-07	1.520971175168708e-05	0.0058951520919274	-0.0004719314580902	2.2271930113514258e-07	3.4752818186955994e-05	0.0	0.0	0.0	0.0	0.0	0.0	0.0	0.0
561.3019716954522	-0.453615103244374	0.2057666618914041	315059.9034292021	755.1095481968525	-0.6436676889096589	570190.4297780547	0.4143080937463014	627.5231872558594	0.1118902425851047	0.0125194263857535	393785.3505437524	643.7668132718475	452.8096111898837	0.72335	22.090065	0.155025312251455	0.0934843329304595	0.0989577908	0.0775854155	-0.0923457493	0.0146547757	-0.0320331371	0.0252504154	0.0525106483	-0.0216200818	0.117127885	-0.0136015596	-0.1264158376	0.0223853337	0.101907188	-0.0014113307	-0.0046232118	-0.0311122618	0.100915497	0.0689694911	-0.011061006	-0.0744134583	0.0020327553	0.0654247092	-0.0202198061	-0.0238704866	-0.0059515696	0.0626565966	-0.1022286917	0.0423682248	0.0346620319	-0.0188562712	-0.0334948173	0.0012210604	0.0542239904	0.0544418302	0.0937176213	0.0398960804	-0.1159119634	0.1182452405	-0.0346288753	0.0802820407	0.0154408945	-0.1187278842	0.0060893752	0.0829191267	0.0741828332	-0.0533546911	-0.0590937176	-0.0472576174	0.053867485	-0.1244073172	0.0526133098	0.1489122857	0.0238368038	0.0023489054	-0.0199898857	-0.0008527301	0.0817623438	0.1224133341	-0.1131560323	0.0092173538	0.0071672621	-0.1082378803	0.0457082343	0.0454451822	0.0057558855	-0.0399864505	0.080984673	-0.0554763484	0.0666725494	0.1101819073	0.0368945488	0.0895286385	-0.0859033712	0.0026747164	-0.027184546	-0.034251644	0.0057116852	0.0880788537	-0.0596882027	0.0066995508	0.1351313541	0.08549402	0.002872468	-0.0963193806	-0.0260656132	0.0101612833	-0.0212377282	-0.013192211	-0.2319685281	-0.0531080913	-0.0137923017	0.0641248943	-0.0053662594	-0.0164584611	0.0013015607	0.0467987102	-0.0685722493	-0.00390305	-0.0287558719	-0.1710639075	0.0673320711	0.0618879935	0.1751194957	-0.1337838886	0.0105310218	-0.0635147416	0.0477260409	-0.0499832655	0.063892563	-0.0520290123	0.0301896057	-0.0501330694	0.0578302429	0.0418621694	0.0061094276	-0.080265016	-0.0105251016	0.148719814	-0.0294012896	0.0014935951	0.0708282157	0.1829172844	-0.188640998	-0.0710456622	0.0099914203	-0.136996338	0.082173677	0.054841925	-0.037098283	-0.0962387154	0.0	0.0	0.0	0.0957941702863962	-0.0150481865906329	0.0002264479196665	0.009176523060859	-0.061896695319902	-0.0854973632838635	0.0038312008915247	0.0073097991284929	-0.0543214617318028	0.0053192556392787	2.8294480555998265e-05	0.0029508212046797	-0.0017278546627887	0.0002781761004432	2.985481735720652e-06	7.73819428577854e-08	-0.0033929566017205	0.0005070064431925	2.5705553343870975e-07	1.1512154501158724e-05	0.0056971245008095	-0.0001980275911178	3.9214926843957933e-08	3.2457227577723896e-05	0.0	0.0	0.0	0.0	0.0	0.0	0.0	0.0
561.2051604948654	-0.0968112005867851	0.0093724085590547	314951.2321660676	762.4210343150972	7.311486118244716	581285.8335661027	53.457829257285184	628.3897610014519	0.8665737455925182	0.7509500565502465	394873.69173146185	645.3359288629496	452.2736797260201	0.671701	20.512791	0.1514884802162013	0.1045390397455781	0.109218251	0.0771953213	-0.1317282636	-0.0528692054	-0.1111306753	-0.0527379604	0.0950894162	-0.0117796355	0.0600144993	0.073680503	-0.1241667586	0.0584819162	0.0295546521	-0.0126628697	0.145497254	0.0130638864	-0.005684489	0.0059302308	0.0865630039	-0.0372188962	0.2286328828	0.0180989125	-0.0362743403	0.0615915769	-0.0149331624	0.0634722814	-0.0579897136	0.0305681434	0.2127868362	0.152377553	0.087559037	-0.0598290643	-0.0489470294	-0.0444531549	-0.0191116615	0.1128276316	-0.0393845394	-0.0414421739	0.0605203168	0.0508824369	0.0607554307	-0.0585502183	0.0985638731	-0.1244195455	-0.0236809952	0.0480505419	0.0146913646	0.0943574236	0.0232151409	0.1200278195	0.0484573316	-0.0544921835	0.0543783542	-0.0621198534	-0.1024572985	0.0083687151	0.0758748682	-0.0687224247	-0.1335949847	0.0166667677	-0.0409442427	-0.1565332659	-0.0445051344	0.1345660137	0.0769954457	0.0554586141	-0.1131905032	-0.0565877939	-0.0762921909	-0.0207617141	0.1039076183	-0.0059826539	0.0111817403	-0.1134272678	0.0844658672	-0.0074516482	0.0125992227	-0.1386174111	0.0361179015	0.0804126795	0.175710289	0.0588611843	0.0474626281	-0.0325401557	0.0576705804	0.0828174244	0.0822996349	0.0363104088	-0.0753400706	0.0685216828	-0.0284749453	-0.0865801058	0.0767698285	-0.0539626191	0.0113575756	0.0139535513	0.049299704	0.0029424954	0.0850857842	-0.0184583566	0.1450841515	-0.0647695676	-0.0449330669	-0.1356785172	-0.0026401133	-0.0647052213	0.0342133407	-0.0240583543	0.0686486651	-0.0479162846	-0.0312319747	-0.0335885874	-0.057872926	-0.0222549534	-0.0231130382	-0.0165971839	0.0200270323	0.0468386562	-0.0078606027	0.0915592211	0.0256991619	0.0420815258	-0.0315089474	-0.0573442652	-0.0438739113	-0.0342309128	0.1257880176	0.0535976373	-0.0398437026	-0.0970492106	0.0	0.0	0.0	0.1103381377930503	0.014543967506654	0.0002115269908346	0.0121745046516381	0.037709824950042	0.099606520269944	0.0014220308977628	0.0099214588802867	-0.0537113621470695	0.0006100995847332	3.722215032917443e-07	0.0028849104236936	-0.0020467701719852	-0.0003189155091964	4.189268136928325e-06	1.0170710200606273e-07	-0.0037149689416522	-0.0003220123399316	1.0369194706828869e-07	1.3800994237440468e-05	0.0057907545087787	9.363000796919988e-05	8.766578392312433e-09	3.353283778094084e-05	0.0	0.0	0.0	0.0	0.0	0.0	0.0	0.0
560.0080982364761	-1.1970622583892236	1.4329580504599084	313609.0700904347	762.6532879835405	0.2322536684432634	581640.0376721051	0.0539417665053533	627.8196828656492	-0.5700781358027598	0.3249890809203498	394157.5541935243	645.0662121365258	449.2733100891113	0.691525	21.118162	0.0948232328334445	0.0424796985800747	0.1155629676	0.0769267446	-0.1476574887	-0.0642224899	-0.1008254212	-0.0671754677	0.1352932202	-0.0547977311	-0.0025892002	-0.0660367628	-0.1167346981	0.0434639778	0.1122639617	-0.0973702647	-0.040834166	-0.0555651831	0.1830825071	0.0169090357	0.0401637339	-0.0075204146	0.071848667	-0.0655903136	-0.1308473884	0.0117181608	-0.0390265049	0.0307677099	0.0153049255	0.0021628596	0.1413708737	-0.2001834373	-0.0333853064	-0.0141461542	0.0389161663	0.0697149488	0.0119228061	-0.0393796729	0.0064769389	0.1140417138	-0.0245622937	0.0525212224	0.0902197523	0.0141612622	-0.0796988529	0.0807718366	0.0144504228	-0.0194179433	-0.044714401	0.0357816176	-0.0177743377	0.002227099	0.079726236	0.0771820977	0.1159461272	-0.0265371874	0.0893077548	-0.0326784666	0.0036985147	0.0589672705	-0.1261278954	0.0049741983	-0.0905437875	-0.180288582	-0.0777254475	0.0847449328	-0.0405839074	-0.022531593	0.0768710907	-0.0070747588	0.1359347764	0.0758166771	-0.0303172272	-0.0555667764	0.0128877651	0.0531078771	0.0008072348	0.0248935369	-0.1021695826	-0.0153679643	-0.0789956969	0.0221341984	-0.0209665938	-0.022591411	-0.0812888048	-0.0187910308	0.0341557271	0.2415054775	-0.0342945649	-0.1218575397	-0.0935972052	-0.0667786904	0.0600394636	-0.0577211741	-0.0380286494	0.1030340135	-0.0826171745	-0.0376671473	0.0110996713	0.0768133873	-0.1331624783	-0.0169965717	0.113844785	-0.0728986674	0.1330948742	-0.1380403758	-0.0014858057	-0.0589893491	0.0422033048	-0.0419407678	0.0467975192	-0.0406771968	-0.0104684473	-0.0385790735	0.0244152416	0.0175233221	0.0680553217	-0.0907045871	-0.0182424355	0.0680423456	-0.0264249715	0.0244230081	0.0766732832	0.1074523483	-0.0372941957	-0.074365261	-0.0187923568	-0.0709053486	0.0761425268	0.0523410045	-0.0425524154	-0.0976585564	0.0	0.0	0.0	0.097667498243041	-0.0126706395500093	0.0001605451066062	0.0095389402130544	0.0141503748979516	-0.0235594500520903	0.0002002331097525	0.0005550476867569	-0.0400062467451647	0.0137051154019047	0.0001878301881795	0.001600499778635	-0.0015900299347112	0.0004567402372739	2.5281951932777027e-06	2.0861164434510973e-07	-0.0032761367344236	0.0004388322072286	1.925737061011252e-07	1.0733071902639728e-05	0.0057929426208649	2.1881120861998865e-06	4.78783450177402e-12	3.3558184208633095e-05	0.0	0.0	0.0	0.0	0.0	0.0	0.0	0.0
560.0815029485914	0.0734047121152343	0.0053882517607204	313691.289945153	754.7398185250145	-7.913469458526038	569632.1936671718	62.62299887102438	627.2178536474178	-0.6018292182313871	0.3621984079170026	393402.2359340736	644.5262383769011	447.18694183100826	0.714067	21.806578	0.234867997855755	0.1176783588372138	0.1346341379	0.1059976696	-0.1658750468	0.0674548287	0.0001745596	-0.0999009769	0.1425796827	-0.0739055778	0.0091615979	0.0070373949	-0.1640718315	0.0433379286	0.1273487937	-0.0572194404	-0.0039713498	-0.0223906978	0.051689198	0.0260330935	-0.180895001	0.0004894951	-0.0260195313	-0.015782231	0.0369978357	0.0197448148	-0.0093312372	-0.0439541983	0.1340213817	0.0077045779	0.0228191773	-0.0002827485	-0.0118018209	0.0129953953	-0.0266480484	-0.0341509991	0.0262711586	0.0358079854	-0.0097903441	-0.0673872594	-0.0042625856	0.0732215414	0.1175405392	-0.0362053171	-0.0937136634	0.031106691	-0.093784912	-0.0200642852	-0.0152484603	-0.0181358093	-0.0359128776	-0.0562424432	-0.024995273	-0.0967539254	-0.0670599726	0.0193267509	-0.0414266547	0.0509330074	-0.0706956248	-0.0087641027	-0.1686961316	0.0134062541	-0.0517255928	-0.1397347335	0.0074690294	0.0387524638	-0.0221002517	-0.0294959578	0.1042267992	0.0764217853	0.1172191018	-0.1097767287	0.0320484704	-0.0770841215	-0.0090255579	0.0698113507	0.0267467856	-0.0837261787	-0.0320271017	0.0638795154	0.0766415984	0.0853879369	-0.014790604	0.022952374	-0.0402815139	0.0667135272	-0.0142568564	-0.0079344192	0.0987460935	-0.0677838354	-0.032674475	0.0113900855	-0.1021520862	-0.026932304	0.0239233239	0.03646542	-0.0315000107	0.0102494128	-0.0432135915	0.0290191249	0.1041094904	0.0616888324	-0.154552638	-0.0648668672	-0.149715554	-0.172131976	0.0052674953	-0.0783560488	0.0551255993	-0.0482887434	0.0189918657	-0.0338719296	0.0068371385	-0.0059765152	-0.0456117742	0.0233535339	-0.0862171117	0.010081635	0.0551569895	0.0427647599	-0.1015312157	0.0563119867	-0.0451778841	0.0245191415	0.0674052274	0.0518242604	0.0993587735	0.0001107197	0.0271454778	0.051072316	-0.0452219261	-0.0980654899	0.0	0.0	0.0	0.0727245660346511	-0.0249429322083898	0.0006221498671523	0.0052888625049283	-0.0097728844623361	-0.0239232593602877	9.550927071417038e-05	0.0005723223384195	-0.1487200936775821	-0.1087138469324174	0.011818700514845	0.0221176662634687	-0.0026058174935688	-0.0010157875588576	6.790284809789183e-06	1.031824364729882e-06	-0.0032959151831275	-1.9778448703900237e-05	3.9118703313281285e-10	1.0863056894370382e-05	0.0052827494413332	-0.0005101931795317	2.602970804406657e-07	2.7907441659906237e-05	0.0	0.0	0.0	0.0	0.0	0.0	0.0	0.0
559.7827759238869	-0.2987270247044762	0.0892378352887887	313356.7562210525	752.8110344724835	-1.9287840525310005	566724.4536235307	3.720207921297909	626.4566422994158	-0.7612113480020071	0.5794427163270327	392447.92468105815	643.9106713061062	445.46642103402513	0.683968	20.887398	0.1611975015449603	0.0694938262958445	0.1429482699	0.1159265935	-0.182049379	0.0559113812	0.0374464055	-0.0323557667	0.1677133153	-0.0062043839	0.04342523	0.0146583317	-0.2170910864	-0.0085206867	0.064100408	-0.0198302122	0.0534455377	-0.0113406351	-0.001928627	0.0125996988	0.0815951769	0.1274632707	-0.1433175705	-0.1352896187	0.0597318993	0.1184362661	0.0244425454	0.0834358294	0.0443708745	0.0982831594	0.1162723267	0.1246085574	0.045006282	-0.037603647	0.0904192438	-0.0973580515	-0.0725072211	-0.1109603043	0.084892512	-0.1064215528	-0.1019395791	0.1438432553	0.0430347671	0.0287367385	-0.0788378521	0.0041090741	0.028938155	-0.1350557198	0.0453869703	-0.0956569747	-0.1292412622	0.1480850638	0.0101646299	-0.0129433944	0.0506226875	0.1037337588	0.1364371742	0.0034741113	0.0957401408	-0.0728660496	-0.2110134613	-0.005808867	-0.0366688298	-0.0748569055	0.0586252451	0.0805466499	7.73577e-05	-0.0200618732	0.0522981712	0.0911614412	0.0605432528	0.0333751407	-0.0422151351	-0.053281794	0.0267351238	-0.1311674882	0.1061836534	0.2262514484	0.0754587339	-0.028474954	0.0677868722	0.0964158833	-0.0317556044	-0.0687477899	-0.0296598817	-0.0044316038	0.063194889	-0.0712300962	-0.1257631139	0.1177137066	0.0385924498	-0.0095291029	-0.1070985333	-0.057322157	-0.0169789325	-0.0603198509	0.0339559438	-0.0328921516	-0.0268023221	0.017038836	-0.076106318	0.1515480371	-0.078849396	-0.0287271878	-0.0742893344	-0.1895496917	0.0129781098	-0.0838348653	0.0668605358	-0.0317071113	0.0431368919	-0.0434010949	0.019094469	0.0824628352	0.0044794542	0.0165044802	0.0396336787	-0.0243676442	0.0619287292	0.0277025177	0.0079003154	0.1313139052	-0.065430312	-0.0607247079	0.0425926345	0.0647805173	0.1099924247	-0.0298752162	-0.0588458548	0.049791864	-0.0478497753	-0.0982691678	0.0	0.0	0.0	0.0409559121807632	-0.0317686538538879	0.0010092473676881	0.0016773867425583	-0.0033120651846019	0.0064608192777342	1.0969775787052018e-05	4.174218573954188e-05	-0.1163536544220988	0.0323664392554833	0.0010475863900788	0.0135381728973771	-0.0016791531632722	0.0009266643302965	2.819555345727036e-06	8.587067810440457e-07	-0.0028111217784241	0.0004847934047034	2.3502464524391458e-07	7.902405653130276e-06	0.0048821753931761	-0.000400574048157	1.6045956805696645e-07	2.383563656973421e-05	0.0	0.0	0.0	0.0	0.0	0.0	0.0	0.0
560.5984211247334	0.8156452008464612	0.665277093663864	314270.5897675439	750.7487136792837	-2.062320793199774	563623.6310910991	4.253167054064145	628.4539157563606	1.997273456944868	3.9891012618165016	394954.3242295028	645.6713177408944	445.00292233591495	0.714832	21.829924	0.099702720032144	0.0675738585103679	0.1383578895	0.1164125663	-0.1773470485	0.0674751151	0.0721797417	0.0537281168	0.0548149383	0.0469782096	0.049488854	0.0189392861	-0.137340834	0.0569970065	-0.0626599872	-0.0336389083	0.2330817449	0.0099973705	-0.0388211674	0.0068113097	0.0179025809	0.0044144988	-0.1176107437	-0.0430444351	0.0966579227	-0.010970622	-0.0198177557	0.0036462637	-0.1611136116	0.0510643716	0.0364543103	-0.0095754519	0.1182139234	0.0227254389	-0.0539974337	-0.1799702862	-0.0367999808	-0.046800521	-0.0019999681	-0.0369968449	-0.1246157854	0.0881808334	-0.0389400052	0.1792632929	-0.047248527	0.1433714515	0.1260771034	-0.0028474291	0.031461131	0.0387225427	0.0055803722	-0.040025428	0.0591244381	-0.0222893241	-0.1626911328	-0.1263465706	-0.0588657031	0.0489577008	-0.1646735607	0.0380529181	-0.1821376208	0.0522606473	-0.0737464553	0.0802314484	0.1406852493	0.0204098048	0.096045834	0.0727347019	-0.0407339028	-0.024149958	-0.0015870956	0.0082420755	0.0310270022	-0.0288274074	0.028585913	-0.0371125008	0.0524712866	0.0444494145	0.1826631814	0.063853082	-0.0530936537	-0.0154988689	0.1335776439	0.0508641977	0.053588895	-0.0383598805	0.1344458416	0.0116849396	-0.0725339419	0.0864668671	0.1334731872	-0.0767135575	-0.1064795864	0.0644795731	-0.0365953221	-0.0359469457	0.0630987109	0.0168976653	0.0638580611	-0.2060667894	-0.1604487848	-0.0526203664	-0.1120345627	-0.0761643282	0.0247082843	-0.181768644	0.0106256852	-0.0661797031	0.0437093831	-0.0155274139	0.0528178592	0.0621475095	-0.0368203695	0.0680208999	-0.0623606718	-0.0274693956	-0.0128096305	0.0574913982	0.0445434549	-0.0966608762	0.0898895231	0.024016663	-0.1285559941	-0.0558386851	0.0864187578	0.0035993635	0.0073809614	0.1552244756	0.0046611828	0.0484999434	-0.050433542	-0.0982691678	0.0	0.0	0.0	0.0417372125580186	0.0007813003772553	6.104302794994291e-07	0.0017419949121132	0.0573013417858163	0.0606134069704182	0.0032834437704549	0.0036739851045615	-0.1159511085523234	0.0004025458697753	1.6204317727322908e-07	0.0134446595745126	-0.0019877711748059	-0.0003086180115336	3.951234243389228e-06	9.52450770430149e-08	-0.0027497596778573	6.136210056680025e-05	3.765307385970107e-09	7.561178285969881e-06	0.0052703046173695	0.0003881292241934	1.506442946729706e-07	2.777611075986627e-05	0.0	0.0	0.0	0.0	0.0	0.0	0.0	0.0
561.0969156207349	0.4984944960015127	0.2484967625438022	314829.74871910206	753.6287553655277	2.880041686243999	567956.3009137944	8.294640114503176	627.4914593451846	-0.9624564111760492	0.9263223434138804	393745.53155114944	645.1970946452726	445.3711421510448	0.71308	21.776445	0.1615381020277421	0.1178970288532724	0.1477704835	0.1167962825	-0.186805616	0.0508721163	0.0496943561	0.0882887536	0.0076279319	-0.0112578544	0.0576834923	0.0080108498	-0.1932555847	0.0417060619	-0.0405123923	-0.0941894905	0.1257120448	0.0022443022	-0.0813647843	-0.1640597318	0.0307577584	0.1045090492	0.1192088478	-0.0130563704	-0.0170918213	-0.0432373272	-0.102310378	-0.0293907725	-0.0642902897	0.0055322207	-0.0023818751	-0.0559052193	-0.1612274858	-0.0057875857	-0.0989814257	-0.1303778202	0.0013854939	0.0279326127	0.136077964	0.064848312	-0.0208656555	-0.167756456	-0.188797814	0.0261921887	0.0032459382	0.0168589029	-0.0373867599	0.1359530811	-0.0159664219	-0.0236249234	0.0352765721	-0.0377823894	-0.0898502028	-0.1267931292	-0.020645704	0.0912094416	-0.0354769861	0.0321113309	-0.0897267731	0.0448382413	-0.2145251262	0.0466515058	-0.0499450289	0.0689082677	0.1073762328	-0.0753238212	0.0571591615	0.0176647573	-0.0193601606	-0.0783699604	-0.1506597727	-0.0142097206	0.0792713014	0.0387569399	0.0412693977	0.0600390742	0.0419874026	0.0822997857	0.0040375517	-0.084275385	-0.1001600271	0.0790465608	-0.1253480159	0.0261679095	0.005390362	0.0307246543	0.018806374	0.0804977669	0.0726554319	-0.0042595646	0.164839002	0.2176254195	0.0764042083	0.0112756836	-0.1321118538	0.0107419838	-0.0787075878	-0.0907508848	0.0054858037	0.0942023355	0.1123413333	0.0629456227	-0.0099536005	0.0641644098	-0.0488954718	-0.1968779931	0.0061239071	-0.085100484	0.0506695283	-0.0221085126	-0.0299723821	0.0982715209	0.0048130149	-0.0191037142	0.0213434877	0.0198273718	0.0188847074	0.0233795688	0.1100624395	0.0704975954	0.1281883044	-0.0355561442	0.0396002252	0.0519970301	0.0931091555	0.0307373225	0.0344427961	0.0542300663	-0.1043044669	0.0471968518	-0.052970846	-0.0980654899	0.0	0.0	0.0	0.0413947041105302	-0.0003425084474883	1.1731203660091325e-07	0.0017135215283983	-0.0552891948283615	-0.1125905366141778	0.0030568950647685	0.0126766289350685	-0.1499443657672543	-0.0339932572149309	0.0011555415360804	0.0224833128253441	-0.0020538461192706	-6.607494446470019e-05	4.218283881642904e-06	4.3658982860132145e-09	-0.0028092663271417	-5.9506649284400085e-05	3.541041309056593e-09	7.891977296812217e-06	0.0051036502160957	-0.0001666544012738	2.7773689463928834e-08	2.6047245528253683e-05	0.0	0.0	0.0	0.0	0.0	0.0	0.0	0.0
561.4478871984903	0.3509715777554447	0.1231810483921461	315223.7300396487	758.1950915114685	4.566336145940795	574859.7967920841	20.85142579772544	627.8668208029418	0.375361457757208	0.1408962239696162	394216.74466519343	645.4439079462489	447.2767128135847	0.72792	22.229637	0.1684352363019651	0.1171840995555994	0.1638092782	0.1079321934	-0.2195455851	0.005347936	-0.0337377432	0.0463867772	0.0206537851	-0.02792792	0.0708718276	0.0022917538	-0.1633691799	0.0056851078	0.0002753741	-0.1293414302	-0.0166738983	-0.0176492295	-0.0279414521	0.0231521918	-0.1514105435	0.0902444495	0.0515195326	-0.0767496159	-0.0709056341	-0.0502825632	-0.0200265851	0.22097815	-0.0602448405	0.0933331073	0.1029336973	-0.0734456545	-0.0695849189	0.0165273558	-0.0294512301	0.0152653016	0.0086993557	-0.0764135198	-0.0439639698	0.0342983191	-0.0678875804	-0.1045410234	0.0121204717	0.033411009	0.1353671925	-0.1181984544	-0.0128564398	0.0512862553	-0.004433618	-0.1669662751	0.0470440256	0.0346920102	-0.0058281673	-0.005852593	0.0287289923	-0.0490493014	-0.0027702069	-0.0717474518	-0.0298702898	0.086416628	-0.2037607879	-0.0109717565	-0.0942264984	-0.0337524163	0.0111112873	-0.0210201437	0.0982715215	-0.0176899612	0.0660997566	0.0606200084	-0.0788781147	-0.0295443057	0.0138300719	-0.0274034563	-0.1607397821	0.1840761741	0.0584789545	0.0589913151	0.0501516409	-0.1115629992	-0.0662084326	-0.035994515	-0.0465747278	-0.0066276584	-0.0234205331	-0.0923051984	-0.0603985888	0.124296061	-0.0520160503	0.0587026418	0.0271417439	-0.0503789675	0.0716790108	0.0049584007	0.0638455364	-0.0868014827	0.0805951151	0.039313045	-0.0328823264	-0.0336442864	0.0937899471	-0.0276670789	0.0014255821	-0.1130707903	0.1122277193	-0.1924300629	-0.005782853	-0.0753084354	0.0458096215	-0.0037137906	-0.060593929	0.0250805701	-0.010982588	-0.0247228513	-0.0090217117	-0.0178891006	-0.0284823218	0.1113191314	-0.0240356604	0.0384295417	0.0053290156	0.0928395391	0.02474604	-0.00212679	0.0641012802	-0.0332052315	-0.1125879516	0.1041179034	-0.0455038855	0.0458828894	-0.0554593497	-0.0976585564	0.0	0.0	0.0	0.0538136528074346	0.0124189486969044	0.0001542302867363	0.0028959092284791	0.0574427272105992	0.1127319220389607	0.0032996669093913	0.0127084862465983	-0.1376344975869443	0.01230986818031	0.0001515328546166	0.0189432549260105	-0.0022770561008104	-0.0002232099815397	5.184984486237862e-06	4.9822695858997765e-08	-0.0030030705344612	-0.0001938042073195	3.756007077473983e-08	9.018432634949078e-06	0.0053061259749522	0.0002024757588564	4.09964329245155e-08	2.8154972862062436e-05	0.0	0.0	0.0	0.0	0.0	0.0	0.0	0.0
560.4384960879848	-1.0093911105054758	1.0188704139674776	314091.3078973622	757.3034900689275	-0.8916014425409458	573508.5760705782	0.7949531323410954	627.3331644513966	-0.5336563515452326	0.2847891015445689	393546.8992206029	644.8378421559054	445.9162313917409	0.684333	20.898527	0.1663271049990433	0.1152862957670162	0.1775275834	0.1166919712	-0.2336840428	0.0506378521	-0.0446525729	0.0280495328	0.0848415088	-0.0816297179	0.0406382065	-0.0406257258	-0.1971657725	0.0277376907	0.0517286532	-0.0936123485	-0.0326839381	0.087884236	-0.0801551318	-0.0593732454	-0.0321985553	-0.0128419834	-0.0817090849	0.0799581018	0.0324294232	0.0494755027	0.0385273974	-0.0655025513	0.0573355205	-0.0765935222	0.0109184613	0.1578730016	0.040014605	0.0359363487	0.0366698875	-0.0343026843	0.0251425097	0.0131262833	-0.0795392861	0.0628371765	-0.0724212697	-0.0842374264	0.0705374841	-0.0334894312	0.0195285111	-0.0736476656	0.1380460664	0.0725916305	0.0127609504	-0.0424040799	0.0897747302	-0.0578646219	0.0506582138	0.1813386661	0.0587858583	0.0044324663	0.0673300686	-0.0928323599	0.0151722367	0.1013480694	-0.2147831745	0.0064778973	-0.0664061169	-0.0515040369	-0.00311899	-0.014516803	0.0245884497	-0.0011539929	0.0325782915	0.0337290712	0.091459734	-0.1143883296	-0.0066242514	0.0103199212	-0.0410358742	-0.1237639299	-0.0721313515	0.1068658454	0.0138380282	-0.030441377	0.0736138284	0.0317916409	-0.0618348529	-0.0054600973	0.0340146025	0.0037327055	-0.0223507851	-0.175824018	0.0146319723	-0.0745188251	0.0008418709	-0.0098738812	-0.0396859474	-0.0314837038	-0.0522678707	0.0050260031	0.005345934	0.1281225547	0.0378559133	0.037292178	0.0033008478	-0.1321454761	0.0582892962	0.1344410935	0.2157143349	-0.2048696387	-0.0084496591	-0.0798652952	0.047464662	-0.0288263396	-0.0629911307	-0.0185350217	0.0340385493	0.0217268729	0.0646917808	0.0486121202	0.0422404326	0.0802205703	-0.0044034459	0.0954928431	-0.0388165856	0.0173248435	-0.0307603965	0.0304997378	-0.0782960584	-0.0284352265	0.017784851	0.0324852183	-0.1511297208	0.0445583587	-0.0578967605	-0.0970492106	0.0	0.0	0.0	0.0618538121923535	0.0080401593849189	6.464416293489947e-05	0.0038258940827269	-0.0503999803989501	-0.1078427076095493	0.0025401580242145	0.0116300495845587	-0.1431043929666344	-0.0054698953796901	2.9919755464755267e-05	0.0204788672863489	-0.0016966372890364	0.0005804188117739	2.878578090548785e-06	3.368859970611419e-07	-0.002748082888363	0.0002549876460982	6.501869966270091e-08	7.551959561313529e-06	0.0053702063695777	6.408039462550003e-05	4.1062969753598124e-09	2.8839116451852897e-05	0.0	0.0	0.0	0.0	0.0	0.0	0.0	0.0
560.8000388503895	0.3615427624046106	0.1307131690471567	314496.68357459834	757.9388491072745	0.6353590383469054	574471.2989860597	0.4036811076091045	627.495221001279	0.1620565498824362	0.0262623253597985	393750.252379444	644.6191463830336	450.2025622865428	0.687119	20.983633	0.1145339374490291	0.0947826732074511	0.1789324704	0.1082207796	-0.2192543456	0.0253249319	-0.030546	-0.003679994	0.096075602	-0.0003737838	0.0422663874	0.0284616652	-0.1884517589	-0.0074376832	0.0616934118	-0.0893814325	-0.0059145469	0.0436778329	0.0459127422	0.0071277144	-0.1105940244	0.0244978252	0.0349972815	-0.0921654199	-0.0596663888	-0.0418023733	0.0649538799	0.0621688752	0.031621557	0.1163531482	-0.1476069109	-0.0017027909	0.1221429558	0.0213598219	0.0258078812	0.0229389326	-0.1890203222	0.047661702	0.0272878999	0.075841363	0.0513828461	-0.090506669	0.1050346935	-0.088578088	0.027118704	-0.0524971411	0.007625191	0.038935061	-0.0496536864	-0.0183256732	0.0111710357	0.0341354865	-0.0286250087	-0.0029003333	0.0023812128	-0.1091286784	-0.0533625145	-0.0350085588	0.0508252447	-0.0166520267	-0.213999476	-0.0288018613	-0.0356575855	-0.0956240706	0.028150027	0.0185656764	0.0664878134	0.0006063918	0.0482807387	0.1091449815	0.015545644	-0.0294800099	-0.017181689	-0.0376210435	-0.0253219622	0.1169649583	0.0538345225	-0.0202143927	-0.0866846642	-0.0359894013	0.1120665584	-0.1035647683	-0.0096086122	-0.0215625535	0.0278005581	0.0508817964	0.0598918275	-0.0490396805	-0.0466804006	-0.0919877036	0.0846462504	-0.13251991	0.1155329779	-0.0435871941	-0.0828057044	-0.0005048432	-0.0249296264	-0.0871494164	-0.0067995388	-0.0905974576	0.1202843716	0.0212920398	0.0195520914	-0.0940695705	0.0416682753	-0.2098373658	-0.0132380979	-0.071614371	0.0439778614	-0.0063464087	0.000593918	-0.0583137982	0.0222162703	0.0472404054	-0.0657440238	-0.0329419861	-0.0186065749	0.0644383759	0.0353640813	0.0281392406	-0.002374395	0.1213609075	-0.0506338523	-0.1063042523	0.0359944419	-0.0119627541	0.1065596398	-0.0270466354	-0.0562285772	0.043223565	-0.0602808329	-0.0962387154	0.0	0.0	0.0	0.0496404392220739	-0.0122133729702796	0.0001491664793111	0.0024641732061604	0.0432807917408126	0.0936807721397627	0.0018732269337115	0.0087760870687021	-0.1476710614980163	-0.0045666685313818	2.0854461475513527e-05	0.0218067424039509	-0.0016932452589003	3.3920301361000608e-06	2.867079506788344e-06	1.1505868444210996e-11	-0.0027480076254549	7.526290810022651e-08	5.664505335703141e-15	7.551545909558278e-06	0.0052922111864698	-7.799518310789948e-05	6.0832485880347675e-09	2.800749924219609e-05	0.0	0.0	0.0	0.0	0.0	0.0	0.0	0.0
560.607523219574	-0.1925156308154783	0.0370622681082815	314280.7950903852	753.7877760593246	-4.151073047949808	568196.0113364626	17.231407449415308	627.3447800897919	-0.1504409114870668	0.0226324678490594	393561.4731059094	644.8111913852501	446.7882145798725	0.711157	21.717693	0.1258225040489074	0.0829291137895439	0.1787487077	0.1140093501	-0.1874268267	0.0224530849	0.0734109894	0.0764375822	0.0280605847	0.0329961222	0.086873276	0.0166742164	-0.1975711692	0.0082937127	0.0455174167	-0.0041680157	0.0442784196	0.0669467691	0.0770420242	0.0419033731	-0.1066125312	0.0710862669	0.0659978272	0.1550732575	-0.0498152776	-0.0688987784	0.0197446897	-0.0263261453	-0.0365576066	-0.2104455972	-0.1100764542	0.056993919	-0.076727714	0.0128612611	-0.0185914638	0.0366879598	-0.0343415947	-0.0590403701	0.1141260553	0.1389141593	0.0851795446	0.0426651546	-0.1100318598	0.0456297409	-0.0494444233	-0.0926409608	0.0982396362	-0.0235622593	-0.1305083722	0.1164905591	0.086714882	0.1017433352	0.0304089929	0.0134399063	-0.0588999505	-0.1016053627	-0.0105734172	0.1056038301	0.0806269956	0.0304826306	-0.2118500903	0.0343167635	-0.0110841048	0.0266188618	0.1263210314	-0.012968653	-0.0348199552	0.0121864151	0.0089275424	-0.0940759397	0.0509187823	-0.0408998875	-0.0012643463	0.2018686571	-0.0710223566	0.0061063483	-0.040166975	-0.0684563722	-0.089279301	-0.1980341644	0.020947213	-0.1450335841	0.1175551367	0.1163739392	0.0527983981	0.0733264939	-0.036831795	-0.0402995836	-0.0864978984	-0.0302433382	-0.0282608562	-0.0504979073	0.0585846343	0.0992174554	-0.0323015757	-0.0350585072	-0.1143684903	0.088763704	-0.0111046547	0.0360719	-0.0458660097	0.1184045572	0.0462189829	0.1051980023	-0.0100796136	-0.2175711091	-0.0093969889	-0.0719851397	0.0462887199	-0.0225952263	0.0435620561	0.009434535	0.0175775663	0.0556162158	0.0938156166	0.0048310886	0.056976805	0.0446579132	0.0779041894	0.0739264123	0.1132878673	-0.0031440065	-0.1350675988	0.0026479163	-0.0286306296	-0.1149740289	0.1230817613	0.003142143	0.0380264671	0.0418788155	-0.0626093705	-0.0952287508	0.0	0.0	0.0	0.0555771005011394	0.0059366612790654	3.524394714235557e-05	0.0030888141001137	-0.031666814820241	-0.0749476065610535	0.0010027871608594	0.0056171437292304	-0.1440743658313579	0.0035966956666583	1.2936219718559156e-05	0.0207574228897079	-0.0012257356331787	0.0004675096257216	1.5024278424439884e-06	2.1856525014235054e-07	-0.0027450445355041	2.963089950799771e-06	8.779902056530589e-12	7.535269501900921e-06	0.0049358530912996	-0.0003563580951702	1.2699109199333334e-07	2.436264573889182e-05	0.0	0.0	0.0	0.0	0.0	0.0	0.0	0.0
561.3353277836937	0.727804564119765	0.5296994835535611	315097.3502180269	754.9447749635708	1.1569989042461657	569941.6132447965	1.338646464426828	628.1294408747581	0.7846607849661495	0.615692547463694	394546.5944936362	645.2619627890126	445.4276689176974	0.730016	22.293646	0.1889913254657972	0.1090538326012194	0.1810107828	0.0985302108	-0.1983292452	0.0167234639	0.0215158695	0.055625446	-0.0463826283	0.09297609	0.0592789224	0.0920720708	-0.1905520664	0.0276129549	0.0079586667	-0.0789944617	0.1716787982	0.0378233021	-0.0559608943	0.0217399393	-0.0182547778	-0.1033163951	-0.0152988398	0.0795817285	0.0727009232	0.0594590672	0.1111094817	0.0007981339	0.0380434994	0.0124800216	-0.0296645602	0.0674486949	-0.0382092293	0.0137121167	0.1406334151	0.0463570922	0.0957365217	-0.0034419529	-0.0542294671	-0.145503168	0.1219964217	-0.0311986824	-0.0527930035	-0.1260630247	0.0662399343	0.0361074262	-0.0854112884	-0.0497611978	0.1180514625	-0.0230711394	-0.0624783365	-0.1076457151	0.0460258685	0.0005133475	-0.1019181081	-0.0836967937	-0.0954165937	-0.0069799635	-0.0194014491	-0.0333878738	-0.2109296774	0.019287317	-0.0350756579	0.0573607845	0.0724148178	-0.0143533454	0.0670975528	0.0286305638	-0.0617829316	-0.0702244982	-0.0533745372	-0.0120927018	0.0848248496	0.0174127085	-0.0355273781	0.0431085329	-0.1034446009	-0.0329498462	0.1137334602	0.0497124369	0.0320746703	0.0721847745	0.0063069134	-0.0654299959	0.013559157	-0.0624993977	-0.1209947704	-0.2163859117	0.0068873132	0.0670104127	-0.0541699012	-0.081567888	0.0733100963	-0.0141836209	0.0442314013	0.0160392172	0.1134297991	-0.0715290507	-0.0114469784	0.0063542198	0.1030650275	-0.1897912972	-0.0556503657	0.0274703232	-0.2059951827	-0.2049671418	-0.0272935958	-0.0655799362	0.010802776	0.0055107255	0.0217516856	0.0886639406	0.0236041363	0.0299356634	-0.0597873214	-0.0104864308	-0.0048263458	0.1186879535	0.0418937202	-0.0817552611	0.1400510252	-0.0455416886	-0.0470695263	-0.0139843844	0.0873797528	0.0136586717	0.090961628	0.0804286477	-0.1388567922	0.0405244201	-0.0648802281	-0.0940214101	0.0	0.0	0.0	0.0589373902092376	0.0033602897080982	1.129154692235069e-05	0.0034736159646759	0.0547873799176272	0.0864541947378682	0.0030016569982384	0.0074743277877732	-0.1268475001898821	0.0172268656414757	0.0002967648998294	0.0160902883044221	-0.0020438582454141	-0.0008181226122354	4.1773565273472034e-06	6.693246086508748e-07	-0.0029337219168739	-0.0001886773813697	3.559915424056489e-08	8.60672428554627e-06	0.0055680526052615	0.0006321995139618	3.996762254536625e-07	3.100320981495938e-05	0.0	0.0	0.0	0.0	0.0	0.0	0.0	0.0
561.6164767727263	0.2811489890325447	0.0790447540340219	315413.0669826102	760.0060763089162	5.061301345345441	577609.2360264743	25.61677130839557	627.6967493648023	-0.4326915099558164	0.1872219427878443	394003.2091631394	645.7610667712416	445.22487648881	0.766928	23.420889	0.1381811127789782	0.0678918066781565	0.1921743996	0.0886892256	-0.2023628763	-0.03954896	0.0222104159	0.1546384086	-0.0494282198	-0.0207167737	0.0133878643	0.0073245578	-0.2034997388	-0.0012265796	-0.0443164032	-0.0894170028	0.0699870933	0.0625171313	-0.0469831766	-0.0243905475	0.0133648547	-0.0761911796	0.0231562744	0.1400058746	0.030092068	-0.1046354528	-0.0983809405	-0.0266853544	0.0706493407	-0.0503146606	-0.0668127244	-0.0543066699	0.0332279491	0.0409854699	0.0813649427	0.026628409	-0.0641889885	-0.1505178112	-0.0190794693	-0.1299818552	-0.1213870992	-0.0255419918	-0.0559211902	-0.0456646688	0.0526776723	0.0313982991	-0.0086987467	-0.0408100893	-0.0127037746	-0.035351684	0.023029943	0.0618261285	-0.1502717428	0.0460945634	0.05614152	0.2106908723	0.0003003742	-0.0661020261	-0.050988041	-0.0870405439	-0.2041396241	0.0435641372	-0.0141616754	0.0810747825	-0.0007187738	-0.1191418995	0.0208273893	0.0454717914	-0.0125229097	-0.1816984586	-0.0594556479	-0.027147147	0.1048102627	0.0288794448	0.0098036073	0.0312798033	-0.1017055824	-0.0205847607	-0.1091964558	-0.0352256259	0.0370621436	-0.0902094627	-0.1096784363	0.0125895398	-0.0246025305	-0.1762253036	0.0097415791	-0.032371587	-0.0008610004	0.0486724361	0.1055353896	0.0372704008	-0.0979501558	-0.0136265787	0.1221015499	0.0688331181	-0.0962763258	0.0071931904	-0.0866617346	0.0571915441	-0.0376969894	-0.0261709956	-0.086718331	-0.093847716	0.0019925014	-0.2092775964	-0.0337484774	-0.0609207478	0.006532095	0.0079470401	-0.0443815962	0.0740760453	-0.0273459181	-0.0837633804	0.096875524	-0.0439601305	0.0499227777	0.0881204356	-0.0042129645	0.1070364172	0.0859419668	-0.0333786279	0.0144758754	-0.004893781	0.1405425241	-0.0305966863	-0.0381441252	0.1029112289	-0.0011700849	0.0391606907	-0.0670913137	-0.0926191957	0.0	0.0	0.0	0.0927191798697322	0.0337817896604946	0.0011412093126659	0.0085968463157157	0.0057664703107178	-0.0490209096069094	3.3252179844389834e-05	0.0024030495786887	-0.1211303186726979	0.0057171815171842	3.268616450043279e-05	0.0146725541017493	-0.0019218049365163	0.0001220533088977	3.69333421401842e-06	1.4897010212901764e-08	-0.0027487153462046	0.0001850065706693	3.422743119081475e-08	7.555436054460673e-06	0.0048818878449408	-0.0006861647603207	4.708220783059637e-07	2.383282893058073e-05	0.0	0.0	0.0	0.0	0.0	0.0	0.0	0.0
562.3970645966177	0.7805878238914374	0.6093173508075698	316290.45826689224	759.9155544784834	-0.0905218304328627	577471.6499383409	0.0081942017849159	627.9862761100836	0.2895267452813641	0.0838257362332199	394366.7629826102	645.1511794417336	447.4263263806053	0.783991	23.941954	0.1391337108220225	0.0761919265744685	0.1734226683	0.0626852589	-0.175210736	-0.0622108852	0.0004754558	0.1104176061	-0.0297248147	0.0339265642	-0.0082213904	0.1163017289	-0.1607785338	0.0043168929	0.0456498786	-0.0555683451	-0.0027797601	0.1012998105	-0.1087037302	-0.0958609011	0.044939533	0.0387754137	-0.1092220135	0.0048502096	0.0001615046	0.0156889821	-0.0170058795	-0.028256445	0.049538526	0.0044301316	-0.0007642372	-0.0612931016	0.0862649844	-0.0812408399	0.0401951113	0.0093214976	0.1131492516	0.0949918055	-0.0211413841	0.0081869713	-0.0788631303	-0.0862812632	-0.0378844317	0.0354507572	-0.1800731015	0.0606586674	-0.0403590353	0.0903564852	-0.1504110351	-0.0351349716	-0.043386081	0.0717163984	-0.0803319398	-0.0899385178	-0.0996074791	0.0493367899	0.167306958	0.1141182026	0.0395385357	-0.0440896268	-0.175802581	0.0069663478	-0.0104419487	-0.0346937862	-0.0227217507	-0.1259420279	0.1114490684	0.0394223062	-0.025128897	0.053495363	-0.035057086	-0.0496312291	0.0174914266	-0.0538353562	-0.0302211949	-0.1787107762	0.0025799784	0.0481136318	-0.0504446518	0.1231719389	0.0934526348	0.0443563311	-0.0341395267	-0.0188857565	-0.0701100466	0.0142026552	-0.014707552	0.0288327042	0.1975736863	-0.0127250288	0.0716543615	0.0419973785	0.0348296435	0.0156721409	0.0005209615	-0.0753751272	-0.0279928201	-0.0674525859	-0.0172580355	0.0317173224	-0.1607423418	0.2135307448	0.0935703674	0.0731370971	-0.0178788856	-0.1822519646	-0.0396470226	-0.0320108485	-0.018886487	-0.0056233211	-0.0914231424	-0.0194307827	0.0830050063	0.007176306	-0.023977507	-0.0047781253	0.0491587394	0.1125646025	-0.124440527	-0.0532241745	0.0042628101	0.018751452	0.0122020905	-0.0207613328	-0.0387049104	0.1194768634	-0.1438715208	0.0062361578	-0.0390137163	0.0377879414	-0.0692405903	-0.0910250139	0.0	0.0	0.0	0.097327650778638	0.0046084709089058	2.123800411823106e-05	0.0094726716060885	0.0558255667938851	0.0500590964831672	0.0031164939078585	0.002505913140711	-0.0811345257008184	0.0399957929718794	0.0015996634554494	0.0065828112606967	-0.0021391229767398	-0.0002173180402234	4.575847109616143e-06	4.722713060658271e-08	-0.0026919045644142	5.68107817903998e-05	3.227464927636421e-09	7.246350183914004e-06	0.0054971660320883	0.0006152781871475	3.785672475795142e-07	3.0218834384345427e-05	0.0	0.0	0.0	0.0	0.0	0.0	0.0	0.0
565.1363874423474	2.7393228457297027	7.503889653136677	319379.136411387	767.7338861969282	7.818331718444824	589415.3200150379	61.1263108596404	630.148111150961	2.161835040877349	4.673530743965171	397086.6419871239	645.7409169052073	453.1555647368016	1.009611	30.832054	0.4801251556898553	0.2521903323323611	0.0715006513	0.0424347953	-0.0376136416	-0.2394096005	-0.0226430785	0.1974786405	-0.0648622262	0.0553221055	-0.1482955374	0.0843609639	-0.0421220696	0.0671841652	0.0818370788	-0.0027848212	-0.1319161346	0.1413893847	-0.099147952	0.0428139861	0.1291137337	-0.0105590906	0.0435711394	-0.1188154664	-0.0527706802	0.0024624006	-0.0687202476	0.0036473465	0.1053864539	0.0306227748	-0.0600694399	-0.0209997745	-0.0137831911	0.3023508664	-0.0070309184	-0.1275657701	0.0987265748	0.01691959	-0.1304600503	0.0078182977	0.0210082755	0.149315642	-0.0963673693	0.1419899909	0.041483303	-0.0327782316	-0.0957142097	0.1673015361	0.0885261315	-0.0366246419	-0.0661972748	0.084430158	-0.0324563682	-0.0380559321	-0.0636713919	0.053954282	-0.1216667909	0.0517659194	0.0717934786	0.0938917424	-9.02563e-05	0.0598681335	0.0669305694	-0.0788797681	-0.1537773896	-0.2897285042	0.1006030735	0.068834474	-0.0030466103	-0.1756416985	0.1594572421	0.1195867123	-0.1168638563	-0.080789677	0.091842205	-0.0773254978	-0.0777154567	0.0599226838	-0.1003137112	0.0777039481	0.0552872366	0.0952841176	-0.0137178756	0.1685686739	-0.0545096423	0.076728212	0.1519337446	0.031927818	-0.0141679147	0.0989573621	0.0325067142	-0.0169161768	0.1935165417	0.0715785637	-0.0612172736	-0.1315742979	0.0529193955	0.0648305733	0.0818062505	-0.0626386214	0.0236226436	-0.1205509856	-0.0419551612	-0.0744439812	0.0280497063	-0.1006219379	0.0037516754	0.0499897514	0.0158005452	0.016182072	-0.1002708318	-0.0601698862	-0.1154787447	-0.0504780888	-0.011712662	0.075699464	0.1166332779	-0.1839065879	-0.2644233303	-0.0387000511	0.0667095431	-0.1252189076	0.1269569964	-0.0398833255	0.0107474736	-0.00561492	-0.0715737521	0.136161004	0.1023675809	0.0364064884	-0.0713260778	-0.0892421688	0.0	0.0	0.0	0.0731408886735067	-0.0241867621051313	0.0005849994611302	0.0053495895959503	0.1442687589669162	0.0884431921730311	0.0208134748138541	0.0078221982417557	0.1245615821073045	0.2056961078081229	0.0423108887674109	0.0155155877370747	-0.0029629364419036	-0.0008238134651637	8.778992358760364e-06	6.786686253851873e-07	-0.0014129721839624	0.0012789323804518	1.6356680337681075e-06	1.9964903926514744e-06	0.0043639300056325	-0.0011332360264558	1.2842238916573315e-06	1.904388509405967e-05	0.0	0.0	0.0	0.0	0.0	0.0	0.0	0.0
564.8969622781595	-0.2394251641878781	0.0573244092463924	319108.5779910924	762.0410379403792	-5.692848256549041	580706.5435052504	32.40852127209346	629.9958612762721	-0.1522498746888914	0.0231800243427831	396894.78522523184	643.9613228818023	451.0651125078616	0.984907	30.077644	0.6266692511161345	0.247409175850668	-0.0549839639	0.0762762978	0.0878382858	-0.2637220169	-0.0529519183	0.1810924372	-0.0242672436	0.0314280401	-0.0774094312	0.0355230079	0.011486234	0.0615517727	0.0014196305	0.0930986698	-0.1319843596	0.0932817919	-0.0371318451	0.019714712	-0.2089967456	0.0116168707	-0.1089087698	-0.0082150937	0.0236273365	0.0144520515	-0.2075622183	0.0004020098	-0.1675733233	-0.051348669	0.0216128334	0.0713091094	0.0850163277	0.0297660928	0.0922002309	0.0468847957	0.0666935415	-0.0278041221	-0.1140209604	0.0040980765	0.0583886566	-0.0351258481	0.1295742722	0.0152332537	0.0058036785	0.0417774901	-0.0904999145	-0.0363001233	0.0782707942	0.1147719306	0.0105278952	-0.033953457	0.0612866161	-0.035986691	-0.0934294869	0.0565060495	-0.0810571265	0.0829479136	-0.0034516183	-0.0250268852	0.0961751875	0.0713560701	0.140404156	-0.0979044272	-0.0771762021	-0.1658349424	0.1258086085	0.108041224	0.2125899303	0.0366772719	0.1381353108	-0.0557017769	0.1276534689	-0.1103943281	0.0432491558	0.0348554671	0.1050757924	0.0213569499	0.0718459773	0.0332633558	0.0649622914	-0.161826985	-0.0157464137	0.1084268969	-0.1219204218	-0.0366566968	-0.111628098	-0.0502672029	-0.050669098	-0.0371098186	-0.1216624621	0.1135572841	-0.0495432101	0.0593869388	0.0105834476	0.0183817888	0.1328552278	0.0724386496	0.0898017861	-0.0651281494	0.0520708952	-0.0938248511	0.1055964012	0.014992208	-0.0476818023	0.0047510819	0.0818189428	0.1540529481	0.032088798	0.0076340202	-0.166415573	-0.0600346992	0.0824548825	-0.0500224954	0.0294311007	0.1889844251	-0.2013846467	-0.1927381241	-0.391712022	-0.0104700583	0.1102603139	-0.0576924756	-0.2461949058	0.2558151254	0.0821010637	0.2172453277	0.2489114391	0.0890926114	0.1172984133	0.0350166499	-0.0733458549	-0.0872743556	0.0	0.0	0.0	0.1242794971677767	0.05113860849427	0.0026151572787302	0.0154453934162754	0.2516804839182782	0.1074117249513619	0.0633430659853386	0.011537278657027	0.302079076217737	0.1775174941104325	0.0315124607152474	0.0912517682885613	-0.0009571019924765	0.0020058344494271	9.160442240024864e-07	4.023371838508517e-06	0.0007951778221102	0.0022081500060725	4.8759264493184224e-06	6.323077687759209e-07	0.0027658859899308	-0.0015980440157016	2.5537446761200145e-06	7.650125309295482e-06	0.0	0.0	1.0	0.0	0.0	0.0	0.0	0.0
562.2271967005471	-2.669765577612452	7.127648239404349	316099.4207097557	752.2949616384207	-9.74607630195851	565947.7093065528	94.98600328359728	629.1832009104501	-0.812660365822012	0.6604168701779662	395871.50030791975	643.8381577469532	449.13770821405495	0.766028	23.393385	0.1795413811809506	0.0931169879453143	-0.0442870203	0.0628423367	0.0671244711	-0.1442749432	0.0089772497	0.0666161502	0.0317759143	-0.0189502315	-0.0908985788	-0.1976746756	0.0106632161	0.0237821178	0.052577703	0.0554034273	-0.1731138793	0.1002180188	0.1738782841	0.1114877316	0.0175748601	0.0648896923	-0.0280258034	-0.0777405012	0.0688555165	-0.0344654683	0.10649652	-0.0607797776	-0.1485718859	0.0628569958	-0.0374650274	0.0337612409	-0.0064794207	0.0463442977	0.0013572792	0.0383441516	-0.0161865551	-0.0914255446	-0.0150059959	-0.0778996638	0.1973269587	-0.0501235604	0.0271364578	0.0443381495	-0.1147704333	0.0462640504	-0.1639512943	0.0745830434	-0.074688534	0.0210275094	-0.0656902428	0.1268031597	-0.0223156982	-0.1092077123	0.0155011041	0.0184603443	0.0018662277	-0.1189777854	-0.0170310361	-0.0459317203	0.0714963711	0.0382326222	0.1081667881	-0.0902762425	-0.0935550182	-0.0451248402	0.005978968	0.0944164914	0.2072842681	0.0220070108	0.1263842807	0.0710015722	-0.0392747769	-0.0186086716	-0.013523441	0.0878205175	-0.0633769563	0.0321367118	0.0386212516	-0.005662735	-0.0001622288	-0.1156555246	-0.0083642756	-0.132140219	0.0812583349	-0.0088536314	0.0251483141	-0.0460189385	-0.102764662	0.1089616149	-0.0343710455	0.16552834	0.0578108133	0.1058492153	-0.0134327772	-0.0127032777	0.0793157831	-0.0584163179	-0.0874082393	0.0307371261	0.0298485479	0.1596265036	-0.043702932	0.0077370276	-0.1625067792	0.0127551385	0.062486174	0.1669339232	0.0199326973	0.0646558502	-0.1472742674	-0.0238038648	-0.0475845482	-0.0883956567	0.1291496119	-0.0055626182	-0.0482800635	-0.0816541893	-0.182499295	0.0484361351	-0.0587671808	0.027039894	-0.1302289502	0.0346181149	0.1854966216	-0.0061956244	0.0321130478	0.0377600769	0.058444717	0.033618746	-0.0752980608	-0.0851256531	0.0	0.0	0.0	0.1837754436605934	0.0594959464928167	0.0035397676490761	0.0337734136926479	0.2773754237473014	0.0256949398290232	0.076937125698995	0.0006602299328171	0.3117088710860827	0.0096297948683456	9.273294920641714e-05	0.0971624203137601	-0.0018731854556032	-0.0009160834631267	3.508823751083368e-06	8.39208911414208e-07	0.0015714137918396	0.0007762359697294	6.025422807017419e-07	2.4693413051837096e-06	0.00276798055689	2.094566959199868e-06	4.387210746571781e-12	7.661716363321075e-06	0.0	0.0	0.0	0.0	0.0	0.0	0.0	0.0
561.828690262195	-0.3985064383521148	0.1588073814080879	315651.47720173345	748.1819546777498	-4.113006960670873	559776.2373054185	16.916826258527053	629.9779437850007	0.7947428745505931	0.6316162366489397	396872.20965557743	643.2244147703994	451.3635639325432	0.737913	22.534811	0.1621294814810063	0.0711634658042767	-0.028565492	0.0197185151	0.0747436862	-0.0751043258	0.0351188513	0.0067639694	-0.0153469374	0.105469892	0.0230789562	-0.031519529	-0.0011204466	-0.0013185795	0.0094594252	0.1013646136	-0.1175203397	0.1260295248	-0.0889929819	-0.027552695	0.0102918068	0.0392789884	0.1102597337	-0.1586086291	-0.0319337327	-0.0383919954	0.029911528	-0.0629377904	-0.1095376469	0.0034771255	0.0419269788	-0.1059994927	0.0908647887	-0.0855508572	0.0069163528	0.0168645351	-0.0442698487	0.2651387889	0.0406611061	-0.0450733461	-0.1188709765	0.0594006615	-0.0686092814	-0.0943840001	-0.0573861108	-0.0419408463	0.0188943569	0.0254874062	0.0994730006	-0.0584300864	0.0645041274	0.0105977777	-0.0043800027	0.0255184459	-0.0340818397	0.0246774184	0.0912341127	0.0127519822	0.1138427476	-0.144125134	0.0649837677	-0.0099004321	0.1535754894	-0.0837554004	-0.0265261627	-0.0970326284	0.0848668616	0.0945345416	0.0502287049	0.1357249346	-0.0109536278	0.0441193126	0.0250051914	0.0162127379	0.0068138625	0.0632111897	0.0815892523	0.0251822488	0.1263029879	0.0160149775	-0.0616220007	-0.1022814728	-0.0223785994	0.0746008597	-0.0002631723	0.1528383114	0.2035606552	0.0584052976	0.157878652	-0.0326989401	0.1017173867	-0.1365399177	0.0311122038	-0.1666989588	0.0262587981	0.0367737751	-0.0578256476	-0.0646453707	0.0071792913	0.2079780605	0.1048878567	-0.0245707285	0.0939690876	0.0680199911	-0.0986493209	0.0170682816	0.0325058003	0.18741006	-0.0097264131	0.0424154067	-0.0457488694	-0.1007326449	0.1480276987	-0.0141497363	-0.0064368863	0.0959011545	-0.1008281487	-0.0810454232	-0.0850488694	-0.0141398225	-0.0285622303	0.0542766267	0.037825888	0.0580404918	0.1048930641	0.0977775716	0.1302396883	-0.0751356647	-0.0749067474	0.0322130987	-0.0771808971	-0.0828005146	0.0	0.0	0.0	0.2165479080025676	0.0327724643419742	0.0010740344190459	0.0468929964602884	0.2433275901154132	-0.0340478336318882	0.0592083161113745	0.0011592549750247	0.2988910284568788	-0.0128178426292038	0.000164297089667	0.0893358468920107	-0.0022136733541928	-0.0003404878985895	4.900349719063201e-06	1.1593200908596164e-07	0.0009601679555022	-0.0006112458363374	3.736214724398076e-07	9.219225027732748e-07	0.0034660736395218	0.0006980930826318	4.873339520183694e-07	1.2013666474587898e-05	0.0	0.0	0.0	0.0	0.0	0.0	0.0	0.0
562.2897755975065	0.4610853353115089	0.2125996864393266	316169.7917414942	749.6217013320083	1.4397466542585562	561932.6951078947	2.0728704284487067	628.774458191458	-1.2034855935426094	1.448377573864607	395357.3192739617	643.3090798973905	451.7669956290204	0.691368	21.11338	0.2254647385624852	0.1086171841719467	-0.0188734064	-0.018218747	0.049218337	-0.0638844722	0.0223435043	0.0243597065	-0.001466239	0.0983960857	-0.0314036009	-0.0948424193	0.0167264415	-0.0438234137	0.0791348242	0.1930013602	-0.1138591291	-0.0057753761	-0.0516547253	0.0449247017	0.0146417929	0.0693360767	-0.0949332378	-0.0023032963	0.0122849917	-0.0639463374	0.1094189442	-0.0185187384	-0.0800878539	0.0485190474	0.0386334206	0.0253937439	0.0219590105	-0.0160180919	-0.1460014091	0.0538128348	-0.0843155472	0.0484118278	-0.1058226994	-0.0089140102	-0.013672423	0.0825260091	0.0971786445	-0.0085413088	-0.1163758171	0.0395384855	0.1763031811	-0.0665530325	-0.0161091242	0.0051304342	-0.0580013471	-0.084035236	-0.0148154354	0.007352957	-0.0399197441	0.0868859215	-0.0378074582	0.1017300919	-0.1173843419	0.0131221519	0.0658767638	-0.0203398433	0.1522393032	-0.0744987635	0.0078800201	-0.0617893153	-0.0601465015	0.0504479953	0.0321739754	0.0766652163	0.0549058724	0.0707936011	-0.0627048163	0.00333984	-0.0535216611	-0.0388672638	0.0322296482	0.0415023844	0.1209166643	0.0025093051	-0.0877066258	-0.0246726726	-0.0362851274	0.0124965843	0.1372090088	0.1057711435	-0.006602285	-0.0237311299	0.0538645045	-0.038686204	-0.0077173506	-0.0849270542	-0.1461585597	0.0386203576	0.0203570992	-0.0197772944	-0.0238575782	-0.0922570925	0.0687132841	-0.0071029705	-0.0744648921	-0.043973474	-0.0268949106	-0.0776667	-0.0816006311	0.0284826387	-0.0067551769	0.1875547234	-0.0197228873	0.0863889831	0.0075631012	-0.0724687782	-0.062375257	-0.0192976103	0.0222899409	-0.0355025055	-0.1101231899	-0.0505453593	0.0089400673	0.0567787523	-0.0972388825	0.1319598325	0.0348903849	-0.0086746692	0.1200578141	-0.0504896486	0.1057321822	0.0305260166	0.0186780961	0.0308000317	-0.0789926291	-0.0803037594	0.0	0.0	0.0	0.2617407278898298	0.0451928198872622	0.0020423909693625	0.0685082086362979	0.3067896328893909	0.0634620427739776	0.0941198788484072	0.0040274308730461	0.3181944512878942	0.0193034228310153	0.0003726221329929	0.101247708830404	-0.0029416475655695	-0.0007279742113767	8.653290400020965e-06	5.299464524295286e-07	0.000531738403408	-0.0004284295520942	1.835518811076369e-07	2.827457296588889e-07	0.0042597989374555	0.0007937252979336	6.299998485799405e-07	1.814588698754701e-05	0.0	0.0	0.0	0.0	0.0	0.0	0.0	0.0
561.7474412877409	-0.5423343097655788	0.2941265035489068	315560.18779332394	747.9644834410469	-1.6572178909614197	559450.8684892321	2.746371138122615	630.0414179168971	1.266959725439051	1.6051869458845955	396952.1882907342	643.6112253102293	452.8169097941855	0.670229	20.467815	0.1482786808768224	0.0777819276812825	-0.0109843242	-0.0554829458	0.0796201152	-0.0616435111	0.0274708728	0.0049720541	0.048642531	0.1401961479	-0.0408741093	-0.0358941421	0.0496283321	-0.0685240151	0.0226414432	0.1340348913	-0.0038284689	0.108955708	0.0033702362	-0.0323563111	0.010406709	0.0107294609	0.0291876684	0.1425547462	-0.020995384	0.0217704617	-0.102556638	-0.1149975589	-0.1071014288	0.037208626	0.0382296637	0.1697197493	-0.0495502383	-0.0411265419	0.1070936921	-0.0119351548	-0.0687014903	0.0328577427	0.0203743019	0.0263355034	0.0044058843	-0.0075938318	0.0841742053	0.0970324558	0.0605757659	-0.0514442104	-0.0266997225	0.0103638145	0.1234044607	-0.0076876086	0.0012705239	-0.0283979776	0.1433875836	0.0294322114	-0.0189080718	0.0752007449	0.0162197593	-0.0832060877	0.0499969979	-0.0051301534	0.0775839623	-0.0718731063	0.1307445932	-0.0606469218	0.0217207534	0.0025309397	0.0181724699	0.0907486665	-0.0082207814	0.0279893079	-0.0252848695	-0.0204293461	0.1285912409	0.0694893072	-0.0907209897	-0.0428203178	0.0125282049	-0.0034158886	-0.0010726787	-0.1012776598	-0.1322140387	0.0092212935	-0.0517253234	0.0033768463	-0.0010149536	0.0670581933	-0.0455621768	-0.1376109941	0.0217175982	0.0100123153	-0.0243453882	0.0963819499	0.0508555045	-0.1942244924	-0.0995721723	-0.0195192132	-0.0112699193	0.0689001884	0.0496910754	-0.1219720113	-0.0641746866	-0.0165731504	0.0532984148	0.0865326441	-0.0348642462	0.0402578637	-0.0292608326	0.1843116062	-0.0236576428	0.0508676869	0.0348916679	-0.0778976633	0.1048714157	0.0053866165	0.043170795	0.0266370126	-0.0638186334	-0.0580962799	0.0830043107	0.0488819879	-0.0507776051	0.0977882028	0.123036402	0.0709036079	0.0343716577	0.0156778391	0.0334007217	-0.0470539739	-0.1373709456	0.0293798706	-0.0807315878	-0.0776405624	0.0	0.0	0.0	0.2824325252165636	0.0206917973267337	0.0004281504766106	0.0797681313002048	0.2430280008796046	-0.0637616320097862	0.059062609211537	0.0040655457165514	0.3508962554011816	0.0327018041132873	0.0010694079922638	0.1231281820545712	-0.0029029400430125	3.870752255700008e-05	8.427060893325415e-06	1.4982723025006701e-09	0.0001869719204508	-0.0003447664829572	1.1886392777067729e-07	3.4958499037060284e-08	0.0044987938804816	0.0002389949430261	5.711858279204883e-08	2.023914637905869e-05	0.0	0.0	0.0	0.0	0.0	0.0	0.0	0.0
561.4919985701086	-0.2554427176322633	0.0652509819913562	315273.2644582549	750.4482901051359	2.483806664089002	563172.6361217223	6.169295544572936	629.9641928343647	-0.0772250825324363	0.0059637133721416	396854.8842534526	644.201507940938	453.93155126986295	0.655144	20.007166	0.2055330690464547	0.1266506263046019	-0.0113983424	-0.0776196397	0.0515451723	-0.0627056574	0.0020234636	-0.0545913816	0.0688257713	0.0697593079	-0.0877484809	-0.0621121992	0.0883600261	-0.0535984355	0.0759925691	0.1493179825	-0.0796849888	0.066947214	-0.034098487	0.0694939565	-0.0609357652	-0.0566068517	-0.0367976158	0.0032991767	-0.0040464518	-0.1035263527	0.1023137005	-0.0078119953	-0.0520942729	-0.0232977729	0.0118679069	0.0006858492	0.0593057101	-0.0239137125	-0.0743759206	-0.0302856751	0.0166412618	-0.0547523095	-0.0531557799	-0.0594359708	-0.088362756	-0.0542817346	0.0991393768	0.0493134741	0.0994796784	-0.0348704752	0.0648688157	-0.0206909028	-0.1704512771	-0.009041394	0.0638256448	-0.1009478662	0.0402623418	-0.0650693165	0.075801905	0.0118453917	-0.045583841	0.0484431489	-0.05899379	0.0206344534	0.0898666125	-0.0682179333	0.1076101393	-0.0993733829	-0.007356239	-0.0124912543	-0.0887190258	0.0912813261	-0.0413487902	0.0665273488	0.0495849585	0.0020276133	-0.0365619221	-0.0537843128	-0.0129075362	0.0525811617	0.0347495152	-0.025287269	0.0223788804	-0.0316052284	-0.0431478126	-0.0376750678	-0.0523991002	-0.0306098806	0.1357496229	0.0165487124	-0.0585326274	-0.0215062121	-0.0037554857	-0.0687841866	0.0944383667	-0.1370620911	-0.1430258697	0.0633385807	0.1286874441	-0.0420709192	0.0497743671	0.0452764325	-0.0351434637	-0.0713136974	-0.0213539485	-0.0685158407	-0.0087428921	0.0261399684	0.0047396092	0.0575260065	-0.0471168145	0.1869674319	-0.0236257506	0.0870783566	0.0317518938	-0.0528194444	-0.0690656115	0.0245951423	-0.0120394431	-0.0323968681	-0.0393051258	0.02321458	0.1083513494	0.0211034036	-0.0804459092	0.1236325925	0.0383382472	0.021847674	0.0658246016	-0.055706045	0.0274454673	0.0694203391	-0.079516873	0.0279529424	-0.0823961712	-0.0748164435	0.0	0.0	0.0	0.2890451345410838	0.0066126093245202	4.372660207873197e-05	0.0835470898018732	0.3539992913687371	0.1109712904891324	0.125315498289568	0.0123146273128234	0.3895869965195686	0.0386907411183869	0.00149697344829	0.1517780278571383	-0.0034671966193704	-0.0005642565763579	1.202145239737353e-05	3.183854839631389e-07	-0.0001449544670879	-0.0003319263875387	1.1017512674449127e-07	2.1011797528737085e-08	0.0045877794788733	8.898559839169966e-05	7.918436721128862e-09	2.1047720546770965e-05	0.0	0.0	0.0	0.0	0.0	0.0	0.0	0.0
560.8986193583221	-0.5933792117865551	0.3520988889804333	314607.2611980719	742.8313451049463	-7.616945000189617	551798.4072704238	58.0178511359136	629.7690761329853	-0.1951167013793338	0.0380705271571521	396609.0892533939	643.8325104708148	449.8551197259322	0.666002	20.338755	0.1935047675184535	0.1023689978773588	-0.014444677	-0.0950067883	0.0887646213	-0.0184211578	0.0992277958	-0.0484720269	0.0636038743	0.1098460271	-0.0538923922	-0.0326078084	0.0605823983	-0.0802625558	0.0245478154	0.1196515563	0.0398277051	0.0789383593	1.97984e-05	-0.0359530354	-0.1145093469	-0.139783681	-0.0096483488	0.1247611827	0.0228763359	0.0920083578	-0.073810522	0.0112518568	0.1288258686	0.0454117	0.0592032568	-0.0713163412	-0.0427783827	-0.0930540811	-0.0526343683	0.020317731	0.0467602159	-0.1753366076	0.0785356331	-0.0807070346	-0.0744085589	0.0365941426	-0.021377597	0.0645020586	0.0086114792	0.0736613926	0.0255573695	-0.0108918014	0.0201380522	0.0729618688	-0.052457024	-0.0353900586	-0.1223645188	0.0693133129	0.0216706539	0.0228848071	0.0384340008	-0.1116144914	-0.0092364536	0.0679924131	0.0794701646	-0.0550283473	0.1339244678	-0.0022712658	0.077029576	0.0010124965	-0.0362156053	0.051872094	-0.0369494751	-0.0210116465	0.0562293517	-0.1440947659	0.0911751847	0.0404746833	-0.0318307331	-0.0253658431	-0.08869837	-0.0433746607	-0.1010644529	0.0073312575	-0.0009602943	0.1101559118	-0.0454925737	-0.0321654774	-0.0165156413	-0.0388933878	-0.0240267084	0.07270955	-0.1046778943	0.1551122887	0.0524853075	-0.0257422144	-0.113537149	-0.0587570695	-0.00815619	0.1014631697	0.0050589025	-0.0501938551	-0.040880852	-0.0047846819	-0.0785436391	0.0797239203	-0.1092778388	0.1787120792	0.080846849	0.0633739445	-0.0616940571	0.1767327536	-0.0408239358	0.0409141859	0.0460169196	-0.0415962869	0.0700858482	0.0671304769	0.0991745662	0.0062979378	-0.0014213388	0.0038037106	0.1483409653	0.0371306307	-0.0272698186	0.1197699942	0.0523531324	0.032779287	-0.0885359071	0.0200292538	-0.0089374888	0.0446059705	-0.1074465172	0.0265195758	-0.0839848456	-0.0718372561	0.0	0.0	0.0	0.3268173732427613	0.0377722387016774	0.0014267420165365	0.1068095954532983	0.2694025902421657	-0.0845967011265714	0.0725777556291882	0.0071566018414984	0.4204507443944578	0.0308637478748892	0.0009525709328847	0.1767788284618536	-0.0031788021415577	0.0002883944778127	1.010478305517182e-05	8.317137483285989e-08	-8.802312327849116e-05	5.693134380940884e-05	3.241177907945114e-09	7.748070231700451e-09	0.0050478952535575	0.0004601157746842	2.1170652611324161e-07	2.548124649088833e-05	0.0	0.0	0.0	0.0	0.0	0.0	0.0	0.0
561.3471578233546	0.4485384650324704	0.2011867546136846	315110.63159635814	745.01798646555	2.186641360603744	555051.8001571825	4.781400439902993	629.6810129891454	-0.0880631438399177	0.00775511730297	396498.1781190363	644.2681433437402	450.5304893555849	0.619979	18.933279	0.1586768668094462	0.0895327457499506	-0.0232339406	-0.0993827396	0.0953586811	-0.0475266119	0.0839379441	-0.0834047499	0.0234875484	0.1311426634	-0.0609559674	-0.0505565592	0.0794839263	-0.0719248797	-0.0585819943	0.1472733251	0.0094492171	0.0623564555	-0.0158842812	-0.0751038834	0.0838034397	-0.0388241545	-0.1364172722	0.0414811488	-0.0471867451	0.0055610665	-0.0225199759	0.1052382756	0.0575421482	0.080720931	-0.0050055825	0.0018007842	0.1022653076	-0.0461264025	0.0048701181	-0.0596412994	-0.080289282	-0.0813307256	-0.050819076	0.0405333642	0.127117438	-0.0160439541	-0.0348700009	-0.1058165599	0.0289566463	0.0443036779	0.0896188765	-0.0283700655	-0.0768090083	-0.1237669361	-0.0405527816	-0.0401099728	-0.1174395231	-0.0450302142	0.0322238551	0.016641554	-0.0030050308	0.082662591	0.0978264751	-0.0450770169	0.0889693884	-0.0525212053	0.1182964193	0.0250220154	0.0347202957	0.0817299006	-0.0914562309	0.0998255482	-0.0584971058	0.0344861372	-0.0106120838	-0.0418378072	0.0640963167	0.0350053237	-0.1198899657	-0.0204286497	0.0016528076	0.1083224739	-0.0543850416	0.089010666	0.0857043548	0.0590332375	-0.1031305189	0.0447531829	-0.0128989027	-0.0855300607	0.0255982467	-0.0550487884	-0.1080858133	0.0333346089	0.0331958851	-0.0293156469	-0.0312527249	0.0319755987	0.0438361189	0.0122931533	-0.0795624236	-0.1009369573	0.0874745206	0.0074301432	-0.0270499365	-0.0048853213	-0.0525684098	0.0060021901	-0.0711983638	0.0719989888	-0.0632346595	0.1857979345	-0.0148135407	0.0554428248	0.0413322351	-0.0185960326	-0.0524497076	0.0806749044	0.0402777355	-0.0302930767	-0.0506746417	0.0507807378	0.1371344902	0.0115237261	-0.0076330889	0.1103200866	-0.0018280662	-0.0011187534	0.0038555716	-0.0055952086	0.0223401518	0.1587823078	-0.0797249416	0.0250801009	-0.0854961475	-0.068709175	0.0	0.0	0.0	0.2994578355554296	-0.0273595376873316	0.0007485443024645	0.0896749952755427	0.3441120537512887	0.074709463509123	0.1184131055369298	0.0055815039378209	0.4430872462280888	0.022636501833631	0.0005124112152639	0.196326307769991	-0.0036243810689265	-0.0004455789273687	1.3136138132792798e-05	1.9854058051513006e-07	-0.0002620426206405	-0.000174019497362	3.0282785462126216e-08	6.866633503214102e-08	0.0049880664027011	-5.982885085639971e-05	3.5794913947973206e-09	2.488080643775549e-05	0.0	0.0	0.0	0.0	0.0	0.0	0.0	0.0
560.8772581490313	-0.469899674323301	0.2208057039291444	314583.2987087751	740.3604851788695	-4.657501286680599	548133.648014291	21.69231823543144	628.2625303015245	-1.4184826876208945	2.012093135080196	394713.8069808741	642.4604888983757	448.7612562677135	0.64398	19.666214	0.1784268859820991	0.0946117710146369	-0.0243099913	-0.0904729034	0.1083994034	-0.014340967	0.1115265719	-0.0705421579	0.0390805117	0.1226183613	-0.0500616401	-0.1009561822	0.0525414354	-0.1461178568	-0.0441989737	0.1430621049	0.003735983	-0.0105886724	0.0705282985	-0.1139171275	-0.2346459112	-0.0399057637	0.0301096518	-0.0876749618	0.0559872543	0.0344974898	0.0793183674	-0.0333195541	0.0263824251	0.1010400072	0.0304341794	0.0693205768	-0.1194675205	-0.1087076644	-0.1149464358	0.0357534605	0.1331108801	-0.0615896946	0.0486036557	0.0472869464	-0.0303123588	-0.0173743449	-0.096824147	-0.0167659997	-0.0751081743	-0.075615901	0.0092459548	0.0153319853	-0.0016429793	-0.0063051378	0.0738989405	0.0788143958	0.1230452572	-0.0154942394	-0.0564899138	-0.1898711724	0.1002462112	-0.0060258961	-0.0146200238	-0.0501434382	0.0857865594	-0.0900709769	0.1472369281	0.0471155842	0.068464984	0.0272279358	-0.0591167419	0.0493202898	0.1299810183	0.0218629755	-0.0126086431	-0.1621477263	0.0511678475	-0.0119174119	0.04242648	-0.0003965359	-0.03633324	-0.1554814093	0.0391078745	-0.0011386987	-0.0368300953	0.0660323477	0.0306801452	-0.1179247832	0.108847551	0.0188922506	-0.0622074881	0.0930688735	0.0329384536	0.135112419	-0.0595604847	-0.1586028099	0.0734154513	0.0269662778	-0.1360927218	-0.1323768075	-0.0447911111	0.0397118183	-0.0005995265	0.0305770627	0.0293653688	0.0271648588	0.0504626803	-0.0080952955	0.0382225489	0.0664886958	-0.0560684685	0.1872963311	-0.0279377221	0.0217035205	0.0691920742	0.0157264812	0.0193400063	0.0824603541	0.1654210957	0.0321995465	0.0014726896	0.0226225083	0.1034344871	-0.0083449745	0.0096251112	0.0104873651	-0.0745138726	0.0310174091	-0.1161377791	-0.050548123	-0.0539016958	0.1190667187	-0.0741810707	0.0236348494	-0.0869286846	-0.0654386837	0.0	0.0	0.0	0.3205370707553925	0.0210792351999629	0.0004443341566153	0.1027440137284475	0.2614214101703709	-0.0826906435809178	0.0683411536954653	0.0068377425358263	0.4623054495751972	0.0192182033471083	0.0003693393398908	0.2137263287069252	-0.0031079295491216	0.0005164515198048	9.659226082303191e-06	2.667221723087909e-07	0.0001680027752983	0.0004300453959388	1.849390425681593e-07	2.8224932507931083e-08	0.0048257872413626	-0.0001622791613385	2.6334526204727e-08	2.328822249889805e-05	0.0	0.0	0.0	0.0	0.0	0.0	0.0	0.0
560.1429748241962	-0.7342833248350189	0.5391720011307699	313760.1522449001	745.2604276174269	4.899942438557446	555413.10497251	24.00943590117629	628.8109450618778	0.5484147603532392	0.3007587493733008	395403.2046296119	643.112989402373	449.3195699816165	0.676154	20.648781	0.2110644773918561	0.1033155884504509	0.0079858589	-0.0740429864	0.0454597227	-0.0578357762	0.1058960674	-0.1409585719	0.0105625649	0.0703436011	-0.0565543669	-0.0938682669	0.0267392134	-0.1312848262	-0.0609398039	0.1199221672	-0.0322571334	0.0802869079	0.0255153606	-0.015810937	-0.1316255863	-0.0525212764	0.1037912419	-0.0380493908	-0.0987577922	0.0984033663	-0.0751541381	0.0588627435	0.1612079315	-0.0526346978	0.0690749673	-0.0130308936	-0.0804798641	0.0002782098	0.0443340142	0.0254471145	-0.1323378539	-0.0587206023	0.0774122105	-0.0160993852	-0.0255667726	-0.0105447643	0.0053190299	0.0357274112	-0.0527218702	0.0264439244	0.0696839787	-0.0476219234	-0.0269454435	-0.0164682369	-0.0869875684	-0.0210725852	-0.0595400782	0.0670645769	0.0808285223	0.1200761008	-0.0953139329	0.0833422899	0.0870971436	-0.0235941665	0.0399174808	-0.1075024154	0.1341176563	0.0501965642	-0.0234633389	0.0889601104	-0.0655792071	0.0627413105	0.0486274374	0.0055304604	-0.0023934067	-0.1019838819	0.1123763488	-0.0499489447	-0.0422822365	0.1760673094	-0.0590252584	0.0410935351	-0.1275684004	-0.1545736037	-0.0402513306	0.1336997996	-0.0996313645	-0.0416737055	-0.087296815	0.021631359	-0.0298103094	0.0213399443	-0.1005004564	-0.0256745238	0.0011098485	-0.0537850707	-0.0460900015	-0.1155361616	0.0147767658	-0.0055939261	-0.003498343	-0.030684555	-0.0061557479	0.0667362827	-0.1468380793	-0.0750757219	0.0320948787	0.0908687062	-0.0855162455	0.0436864704	-0.0547290906	0.193722392	-0.0528208361	0.0616284388	0.0646298282	0.0828743536	-0.0155779609	0.0599623145	0.0191462338	0.012637782	-0.0622923759	0.0519802543	0.0804944742	-0.015071209	-0.0442967549	-0.0219381636	-0.0332421815	0.0408972571	-0.0355745165	-0.0378735952	-0.0322568222	0.0677966629	-0.1781809926	0.022184154	-0.0882811372	-0.0620325607	0.0	0.0	0.0	0.2878485066309935	-0.032688564124399	0.0010685422245149	0.0828567627696931	0.3120855730440581	0.0506641628736871	0.0973974049022381	0.0025668573996915	0.3897477504181523	-0.0725576991570449	0.0052646197069642	0.1519033089560103	-0.0029596322957681	0.0001482972533535	8.759423326153554e-06	2.1992075352192167e-08	-0.0001822476184203	-0.0003502503937186	1.2267533830003433e-07	3.3214194419871265e-08	0.0042212538637002	-0.0006045333776623	3.654606047079095e-07	1.7818984181803868e-05	0.0	0.0	0.0	0.0	0.0	0.0	0.0	0.0
559.4530376609554	-0.6899371632408702	0.4760132892208591	312987.70134807035	741.8246704017591	-3.435757215667764	550303.8416166786	11.8044276450131	626.3305427483753	-2.480402313502509	6.152395636828599	392289.9487794743	641.719634078319	448.546896416208	0.673092	20.555264	0.2706315820858863	0.1482885309387912	0.0528364759	-0.0590654606	0.0018362611	-0.0140691277	0.156368188	-0.1615689085	0.0106057551	0.0527878146	-0.0228155121	-0.1417754357	-0.0680077176	-0.1768720334	-0.1347606788	0.1562354212	-0.0507929121	-0.0505654747	0.1362195207	0.0255725094	0.0988516404	-0.0046614854	-0.0672567338	-0.05303468	0.052338371	0.0500510079	-0.0317082839	-0.0196645375	-0.0134005465	0.0605331304	0.1404337302	-0.1022393563	-0.1888517624	0.1632719179	0.0199137329	-0.0112254802	-0.0148839327	-0.0031338388	-0.00731825	-0.0504568228	0.0893303521	-0.0956201635	0.0524055105	-0.0766283738	0.0635441392	-0.0985441701	-0.0361516041	-0.060167588	-0.0258235171	0.0211808437	0.1054602036	-0.1304726331	-0.0836090799	0.0282534425	0.02508486	-0.0914787864	0.0541147993	0.0387222791	0.0714100153	0.0143328985	-0.0264179163	-0.1067378906	0.2056742076	0.0865061261	-0.0126414794	0.1402585038	-0.1388283184	0.0165013714	0.0940658261	-0.0086004425	0.012995683	0.0954511103	-0.0199145253	0.0634417463	0.0305081025	0.0038332454	-0.0602628581	0.0494764796	0.136593661	0.0310875977	-0.0328504728	0.1008663272	-0.0132046937	0.0139653997	0.0386395028	-0.1391916314	0.0071911877	0.1379685098	-0.0629117406	-0.0264469621	-0.0573114267	0.1339746951	0.0731661519	-0.1159376715	0.0457217023	0.0274742884	0.0258058167	0.034949543	-0.1226766737	0.0117859006	0.0948008325	-0.0153338394	-0.0915756267	0.0009523761	0.024355667	-0.0029008932	-0.0631567885	0.1951254577	-0.0973268605	0.0240577063	0.0693149629	0.0965101905	0.0054611013	0.0346028974	0.1298734905	0.0061362154	-0.0244378035	-0.0383953737	0.0656396586	-0.0013968083	-0.0084750267	-0.1176767104	-0.0342627152	0.0900176724	-0.1391258275	-0.1253026088	-0.0615526681	-0.0762646183	-0.0581540136	0.020728349	-0.0895522592	-0.0584978657	0.0	0.0	0.0	0.2929525364097287	0.0051040297787351	2.605111998221567e-05	0.0858211885888934	0.2191359136304385	-0.0929496594136196	0.048020548642647	0.0086396391851078	0.2965032797533808	-0.0932444706647714	0.0086945313095534	0.0879141949045116	-0.0023892456048331	0.0005703866909349	5.708494560214287e-06	3.2534097719577893e-07	0.0005461162004161	0.0007283638188363	5.30513852589944e-07	2.982429043569179e-07	0.004509171798504	0.0002879179348037	8.289673718168514e-08	2.03326303084238e-05	0.0	0.0	0.0	0.0	0.0	0.0	0.0	0.0
559.4177974749731	-0.0352401859822748	0.0012418707080653	312948.27213175	743.7459690345908	1.921298632831622	553158.0664552024	3.69138843652066	627.8631873206755	1.532644572300228	2.3489993850013486	394212.1819924776	642.8750548537378	450.6925114424332	0.691618	21.121002	0.1524329160620151	0.0843063387427564	0.0589697942	-0.0479910997	0.0250526602	-0.063920203	0.1571017433	-0.1893334806	0.0541687799	0.112098675	-0.0939014919	0.001631087	-0.0418524709	-0.1525959311	-0.1090320486	0.1868397072	-0.0117321071	0.0038802333	0.0538125281	0.0291983241	0.0216867457	-0.036760563	0.0572461308	-0.052360371	0.0446973595	-0.0814477369	-0.0062289574	0.0418358122	-0.0110400631	-0.0068658068	-0.0401444837	0.0407093885	0.0062985004	0.0170490475	0.0986033776	0.0020699518	0.0642755172	0.1299402924	0.0278954876	0.0283828215	0.0201446024	-0.1083075483	0.0358409083	-0.0362919174	0.0854532235	0.0689876194	-0.0316688588	0.1198750684	0.0853075212	-0.0355089364	0.0194258988	-0.0731451051	-0.0903829924	-0.0016451353	-0.0775038465	-0.0503041537	0.1879582569	0.0450085346	-0.0872244415	0.0011366503	-0.0122268864	-0.0936599689	0.2376776446	0.0423029687	-0.0186807256	0.1245346334	-0.0485109846	0.099990922	-0.0087969984	0.090004171	-0.0825834422	0.0790905962	0.021693016	-0.0730503638	0.0222641733	0.025569438	-0.0065880772	-0.0987482522	0.0129449974	0.0005054319	0.0789720624	-0.0186166676	-0.0010661619	-0.0116063743	-0.0149178639	-0.0724396975	0.0159973221	-0.0334678319	0.1728631581	-0.0274386352	0.0621737591	0.0560480055	0.048768193	-0.0087715035	-0.0164289286	0.1191972504	0.0279090177	0.0029559823	-0.0014853995	-0.049634344	0.1248952093	-0.0719101094	0.0267380498	-0.0698480354	0.1266962395	-0.0182559941	-0.0633224967	0.2021889842	-0.0940349935	0.0535251457	0.0683528207	0.008203607	-0.0079724331	0.0930892498	0.0124854291	0.0190856125	-0.029326123	0.0567591197	0.0777420911	-0.0673241047	0.018437295	-0.0263371119	-0.0415767338	-0.0053496984	-0.0466230607	0.0119984114	-0.1354515967	-0.0337368675	0.0771368698	0.0192677695	-0.0907408796	-0.054841925	0.0	0.0	0.0	0.2626864279440326	-0.0302661084656961	0.0009160373216572	0.0690041594259954	0.2875881495809551	0.0684522359505165	0.0827069437793977	0.0046857086066251	0.2972313755293783	0.0007280957759974	5.301234590253618e-07	0.0883464905990863	-0.0028686116688373	-0.0004793660640041	8.228932906589519e-06	2.297918233188785e-07	0.0002839920150587	-0.0002621241853574	6.870908854928059e-08	8.065146461710089e-08	0.0041909325304695	-0.0003182392680345	1.0127623171913468e-07	1.756391547494748e-05	0.0	0.0	0.0	0.0	0.0	0.0	0.0	0.0
560.6900099669931	1.272212492020003	1.6185246248517464	314373.2872767868	742.4835187204229	-1.262450314167836	551281.7755714606	1.593780795742468	627.1979702299675	-0.6652170907079835	0.4425137777699935	393377.2938605912	642.8047031821739	449.2500775368317	0.716163	21.870583	0.1705236334987984	0.1190535741272237	0.0952891446	-0.0218801002	-0.0169622213	-0.0178031623	0.2275371482	-0.0848984535	-0.0264873325	0.0607164971	-0.0934663931	-0.1136738226	-0.0898968486	-0.1559609842	-0.0617944516	0.2302505683	0.0012695861	-0.0155218936	0.0860768883	-0.0699113747	0.0899653548	0.0481331203	0.0025018183	0.007161247	-0.0474719855	-0.0879623327	-0.0190146228	0.0224543253	-0.0068328471	-0.2160200369	-0.1042146096	0.0451716714	0.0516847926	0.0467397984	-0.1124117263	-0.0441576842	-0.0165782182	-0.0146687683	0.018588363	0.0401891138	-0.0680753871	-0.0115914064	0.0659069598	-0.0268183426	-0.0194069472	0.0085173479	-0.0191785561	0.0379834629	-0.0345960185	-0.0433917047	-0.0804527999	0.0929047582	-0.0046598571	-0.0534872533	0.0350265328	-0.0438516487	0.0080164651	-0.2041571426	0.1133631085	0.0398077064	-0.0423194199	-0.063689593	0.250747208	0.0956752046	0.0683538964	0.044155698	-0.1487254378	0.0649329081	0.0103036741	-0.0261693692	-0.0102392095	0.0359093942	-0.1024992416	-0.0166557116	0.0975961976	0.0059784121	-0.0276700269	0.0562484169	-0.049888958	-0.0736105427	-0.0557357202	-0.1226486499	0.0375003424	0.071985711	-0.0244386636	0.0010910299	0.0046003734	-0.1093145975	0.0721318728	-0.0549953383	0.083455051	-0.0029531808	-0.01589952	0.0142653064	-0.0757914201	-0.1141853933	-0.029024729	-0.0656721157	-0.0030980297	0.0082673139	-0.0974473284	0.0825808624	-0.0411659508	-0.0300142902	0.0582704155	-0.0649556849	-0.0590150606	0.1988976328	-0.1097075981	0.0559316153	0.067080545	0.0239738185	-0.0942169222	0.039095391	0.0749876994	-0.0153601584	-0.0477549698	0.0281410369	0.0685113062	-0.0048582739	-0.0740059163	-0.1979513525	-0.0638202378	-0.1074461901	-0.0286723721	-0.108116268	-0.110245074	-0.0142027762	0.1984103879	0.0178027522	-0.0918459034	-0.051072316	0.0	0.0	0.0	0.2393772487169769	-0.0233091792270556	0.000543317836239	0.0573014672033094	0.2768449644661643	-0.0107431851147907	0.0766431343502717	0.0001154160264106	0.1879358448090613	-0.1092955307203169	0.0119455130354357	0.0353198817640955	-0.0025190130873702	0.000349598581467	6.345426934342348e-06	1.2221916816380838e-07	0.0004772236284702	0.0001932316134115	3.733845642161139e-08	2.277423915702635e-07	0.0041916171043236	6.845738541004509e-07	4.686413617179456e-13	1.7569653949258162e-05	0.0	0.0	0.0	0.0	0.0	0.0	0.0	0.0
560.9974092678849	0.3073993008918023	0.0944943301887688	314718.09320527874	747.134569138101	4.651050417678107	558210.0644011758	21.63226998778369	627.2904226657564	0.092452435788914	0.0085474528833032	393493.27436818334	644.0256733613855	447.70231961633846	0.783329	23.921734	0.1095892333892253	0.0589048697513835	0.1339535715	-0.0032867028	-0.0804273053	-0.0256846429	0.2005996643	-0.0549641103	-0.0862171434	0.0721376925	-0.0651834267	0.0538537331	-0.1323700876	-0.1524974488	-0.1816839459	0.084189374	-0.0445675807	-0.0370410727	-0.1160248804	-0.0494623786	0.0102963296	-0.1407111032	-0.0944995631	-0.0718852763	-0.0114651786	0.0265949874	0.0793465192	-0.0346084091	-0.0620692781	-0.0290250642	-0.0674830436	0.0310271102	-0.0483589303	-0.0151217395	0.0125805751	0.1596601038	0.0773638762	0.069507164	0.083336162	0.0326588083	0.1695279602	0.0060593746	-0.0955038973	-0.0646405598	0.0533578899	0.0070752703	0.0531298718	-0.133216097	0.1581404812	-0.0190282564	-0.0394885868	-0.0455344445	0.0625899468	-0.0296891072	-0.0142080115	0.0848402455	0.031738008	0.0487018477	0.0040843653	-0.0342933588	-0.1043478907	-0.039380367	0.2357769525	0.1937420844	-0.0547018256	-0.0326815731	-0.0502448349	-0.0284379071	-0.084118165	0.017598529	-0.1665530397	0.0220342833	0.0419073193	-0.0618526043	0.0495125116	-0.0265218981	-0.0790648791	-0.0038048417	-0.0243331781	0.1373793502	-0.0044426383	-0.0343981092	-0.0010750927	-0.1593585789	0.1470288883	0.0631774987	-0.0834405209	-0.0532199628	0.0156505756	-0.00686256	-0.0964267149	0.0425568148	-0.002505066	-0.0598391603	0.0537359674	0.0997877993	-0.0450064984	-0.0955167234	0.1170805127	0.027808393	0.1114117863	-0.0303788875	0.0279109867	-0.0829794072	-0.0374418667	-0.0967514296	-0.0695632604	0.2010359639	-0.1323974375	0.0927240184	-0.017561687	0.1284987668	0.085749225	0.0050471855	-0.0248624419	0.0128264215	-0.0153446469	0.054562537	0.0533037182	-0.0609965297	0.0533937529	-0.1494877038	0.1020402091	-0.0617055388	0.0463357963	0.0719042909	0.0114005506	-0.1474971429	0.198891141	0.0163336343	-0.0928663126	-0.0471968518	0.0	0.0	0.0	0.2498113234640158	0.0104340747470388	0.0001088699158267	0.0624056973308431	0.245467742269966	-0.0313772221961982	0.0602544124951144	0.0009845300727495	0.1456548673972832	-0.0422809774117781	0.0017876810508952	0.0212153403965201	-0.0022628907048845	0.0002561223824856	5.12067434225267e-06	6.559867481015116e-08	0.0004430087682307	-3.421486023949999e-05	1.170656661208517e-09	1.962567687292821e-07	0.0039720151663646	-0.000219601937959	4.8225011155348586e-08	1.5776904481830398e-05	0.0	0.0	0.0	0.0	0.0	0.0	0.0	0.0
563.4554280576552	2.4580187897703354	6.041856370864024	317482.0194076355	754.487476462838	7.352907324736975	569251.3521392616	54.06524612617066	630.5218085635025	3.2313858977461223	10.441854820152512	397557.7510741901	646.2745078507063	446.7799706624902	0.978165	29.871746	0.5669798697048636	0.2528299800860954	0.0251387895	0.0056661363	-0.0215961391	-0.1102523815	0.1054695029	0.0744087614	-0.1434353829	0.0701241785	-0.1815134812	0.0847647234	-0.0049670282	-0.0495483365	-0.0906301333	0.1094442171	-0.1304790772	0.1404727879	-0.167111515	-0.0390506448	0.0628428563	0.052357413	-0.075379245	0.0265496395	0.0189372477	0.0138517639	0.0223391813	-0.0042597914	-0.021558088	-0.0293939081	0.0192307389	-0.1364217715	-0.0549987593	-0.0434458792	0.0578667681	0.0245914047	0.0513240096	-0.0569937438	-0.0770654171	-0.001624913	0.0319324022	-0.0452095842	-0.0278691447	-9.96197e-05	-0.00764439	0.0166558241	-0.0409967812	-0.048591984	-0.0372887095	-0.0731053839	-0.1029248308	0.0990158799	0.0733053374	0.0665001076	-0.0594060861	-0.0545226284	-0.1825987548	-0.0406394503	-0.0412070411	0.0410320718	-0.0117766378	0.0053886496	0.1458056539	0.1241632648	-0.1181027163	-0.1807506117	-0.0434465619	0.1280148988	-0.0856380141	-0.072183573	-0.1110750135	-0.0316798716	-0.043084859	-0.0297670615	-0.0907198201	-0.0436228655	0.0194826875	0.0361476255	0.0785131684	0.1238771831	0.029121628	-0.0213138862	-0.0435086533	-0.0776739105	-0.120654307	-0.0254682572	-0.0903292717	-0.0072752835	-0.039523703	-0.04767301	-0.0601263103	0.0556868861	0.0794545885	0.0510140658	0.0571472921	-0.0898991641	0.0063079203	-0.0548064367	-0.0729550298	0.0006147418	-0.1111381094	-0.0061586774	0.0290379216	-0.0509702196	0.1056045354	-0.0202086893	-0.0083221459	0.2059323086	-0.0595067937	0.0823623731	-0.1611219018	0.0237269626	0.0055229651	-0.0554536951	-0.0775350119	-0.2232081469	0.0332105563	0.0406953689	-0.1475728271	-0.0327207691	0.300642622	0.128554351	-0.0175597656	-0.1750246337	-0.0251188146	-0.0870201938	-0.1361176669	-0.2355542394	0.1423929378	0.0148607543	-0.0938011671	-0.043223565	0.0	0.0	0.0	0.1874791564838318	-0.062332166980184	0.0038852990404455	0.035148434115889	0.393038425336087	0.147570683066121	0.1544792037906708	0.0217771065006015	0.3239863692967617	0.1783315018994785	0.0318021245697237	0.1049671674900976	-0.0011649313854885	0.001097959319396	1.357065132896156e-06	1.205514667048528e-06	0.0012441682690258	0.0008011595007951	6.418565457142538e-07	1.5479546816506556e-06	0.0022962236313741	-0.0016757915349904	2.808277268745815e-06	5.272642965280859e-06	0.0	0.0	0.0	1.0	0.0	0.0	0.0	0.0
564.7961128736924	1.3406848160371965	1.797435775952691	318994.6491172327	757.5863111483976	3.098834685559609	573937.0188394367	9.602776408427324	631.2255971722898	0.7037886087872494	0.4953184058586919	398445.75452551385	644.703503472162	452.4667639442112	1.027876	31.389835	0.5350091231776455	0.339437887808156	-0.0827367601	-0.0250222344	0.1364620001	-0.188747498	-0.1005363654	0.2164505998	-0.0140009373	0.0629081487	-0.0916611689	0.0082819421	0.1066200425	0.0438142946	0.0472121199	0.0811308366	-0.0836637525	0.040634908	0.0545452788	-0.0913101003	-0.0463697995	-0.0582952782	0.128184762	-0.0032136317	0.0806789429	-0.050963806	0.0245339572	-0.0754021974	0.0006825357	-0.0428963712	0.1150649683	-0.0030741189	0.0263352607	0.036835621	0.0995610087	-0.1341106761	0.0080755122	-0.1166153086	0.1218098893	0.0344358629	0.0245299892	0.116463966	-0.0077599918	-0.0099141106	0.0018299734	-0.0276460497	0.0424890829	0.1228211769	-0.0625250462	0.1751399987	0.0981798292	-0.0087018686	0.0845923323	0.1311300039	-0.032933257	0.0665564182	-0.0175266075	-0.0157337859	-0.1296376851	-0.0130386496	0.1406302655	0.0363196619	0.0555541813	-0.0874092512	-0.0396403634	-0.1493367408	0.0572980509	0.117352326	0.1232072389	-0.0966153948	0.0012640251	-0.1284354744	-0.1014852441	-0.0254225232	-0.0033565431	-0.1505478101	-0.0545236757	-0.0829159956	-0.0397308066	-0.148696357	0.0556598043	0.0267793554	0.1888200834	-0.0266277736	0.0174119653	-0.1150572685	0.0078707363	0.1369473355	-0.1152352675	-0.1342034707	0.0030135693	0.0248378209	0.0666904093	0.0229513638	-0.0745023386	0.0525808354	-0.0647289818	0.0692723988	0.0071110953	-0.0121515282	-0.0268342792	-0.0549359027	0.0613640748	0.0296030958	-0.0431518154	0.0771511658	0.0303516556	0.1525337035	0.0770681265	-0.0435499774	-0.0914323779	-0.0723950583	0.111983481	-0.0854186248	0.0223458368	-0.0306748543	0.1783975352	0.0441962075	-0.1393169906	-0.0122575744	0.0565227456	0.0330516323	0.0053165125	-0.1083161436	-0.0262334483	-0.1245497742	-0.0282557451	-0.0976455776	-0.0687132102	0.0133844514	-0.0946496056	-0.0391606907	0.0	0.0	0.0	0.1783693192579249	-0.0091098372259068	8.298913428251888e-05	0.0318156140525355	0.3546016200866688	-0.0384368052494182	0.1257423089680902	0.0014773879977817	0.625800258211612	0.3018138889148503	0.0910916235419055	0.3916259631777202	-0.0027708274426944	-0.0016058960572058	7.677484717188387e-06	2.5789021465494545e-06	0.0025059979658541	0.0012618296968283	1.5922141837977997e-06	6.280025804864888e-06	0.0014509775496589	-0.0008452460817152	7.144409386548988e-07	2.1053358496141454e-06	0.0	0.0	0.0	0.0	1.0	0.0	0.0	0.0
565.475605485713	0.6794926120205673	0.4617102097905332	319762.6603994337	754.816105823097	-2.7702053253005943	569747.3536099448	7.674037544323771	633.7691046520672	2.5435074797774178	6.469430299683671	401663.2780114829	646.3541062298943	455.89033143624016	0.871244	26.606529	0.6039707998392455	0.3626949924436278	-0.1475262738	-0.026717374	0.1953597761	-0.1251081675	-0.1846139807	0.1859998321	0.0986099887	0.0869663778	0.003317616	-0.0291853507	0.1819670987	0.0951105459	0.0692246287	0.0732539036	0.0560407113	0.1416440913	0.0070111447	-0.0457152436	0.0230206576	-0.0529914785	0.096572055	0.0565653344	0.0531646222	-0.1674027343	0.0828727085	0.0165121473	0.0176048765	0.1095391566	-0.029141161	-0.1265375954	0.0994779525	0.0359101132	-0.0106458862	-0.1063611209	0.0089399711	-0.0415585841	0.0884510877	0.0744242818	-0.0421400276	0.0547360542	-0.0175811817	-0.056154128	0.0001042237	-0.0449831408	0.0046257417	-0.1426050487	0.0810409452	0.0121225791	0.1902478219	0.0735829853	0.024471051	-0.0795136264	-0.0986009163	0.0433839388	-0.026772364	-0.0283950682	0.012227854	-0.0476181159	0.192764525	0.033649861	-0.0438937176	-0.1315707991	0.0117081057	-0.0693217566	0.1193119557	0.1726882479	-0.042241788	-0.0258202454	0.0086931338	-0.1434433571	-0.1137809473	0.0508109542	0.0989606254	-0.0402875347	0.0037632581	-0.0793439695	0.0108345218	-0.0297321044	-0.0957174878	-0.0465532112	0.0468409665	0.0177150549	0.0839982075	-0.0867849266	0.0935146088	0.0200460766	-0.0089842274	-0.0452308767	0.0926757276	-0.0936942936	0.0725962846	0.0660345799	0.0940392017	0.0908303485	-0.0775283148	-0.0470676371	-0.0317029451	0.0154589733	0.1151764343	0.0827687579	-0.1137478748	0.0512923414	-0.0289136405	0.1261663692	0.0315194964	0.0646021457	0.2168806226	0.038609313	-0.0020962274	-0.0796374189	-0.0017581053	-0.033843479	-0.1570383411	0.0554792197	0.0703170057	0.0613535187	-0.0562394168	-0.0196870951	0.1108146731	0.0111026461	0.1645815224	-0.1231781181	-0.0050422875	-0.0618823366	0.0766106083	0.0231524983	-0.0329042707	0.0119050657	-0.0954108466	-0.0350166499	0.0	0.0	0.0	0.1204365562928018	-0.0579327629651231	0.0033562050247731	0.0145049640916692	0.4262938130585354	0.0716921929718666	0.1817264150519855	0.0051397705331153	0.8583015569520427	0.2325012987404306	0.0540568539159869	0.7366815626663006	-0.0066740781495815	-0.0039032507068871	4.454331914672122e-05	1.5235366080814646e-05	0.0020061261418462	-0.0004998718240078	2.498718404369849e-07	4.02454209699872e-06	0.0010172091773174	-0.0004337683723415	1.8815500084379424e-07	1.0347145104187417e-06	0.0	0.0	0.0	0.0	0.0	1.0	0.0	0.0
565.557710416418	0.0821049307049861	0.0067412196460705	319855.52381146094	748.5453576861687	-6.270748136928319	560320.1525135143	39.32228219678998	634.2892446332273	0.5201399811601277	0.270545600001258	402322.8458573901	647.5185906582747	452.376191976796	0.809612	24.724382	0.5252827460759408	0.2617946346998536	-0.1834952832	0.034500282	0.1815940048	-0.0310988639	-0.1372092326	0.1728946886	0.130160466	0.0510105171	0.1194138114	-0.0119040722	0.1598014922	0.1829904268	0.052986995	-0.0146781035	0.1015039493	0.0808432811	0.0482081203	0.0018047911	-0.0356617586	0.1154650208	-0.0895098132	0.1464250426	-0.0854587613	0.1810910638	0.1213117467	-0.0455580636	-0.026010144	-0.054868503	-0.0228930381	-0.0081841281	-0.0491345544	0.0065937423	-0.0347924514	0.0227384738	0.0212701025	0.0940801762	0.0164682488	-0.0269151811	0.0045731299	-0.0376036892	0.0262434394	0.1246378939	0.0687538525	-0.0429076061	-0.022093962	0.0273148579	0.0160950685	-0.0328915657	-0.0726418389	-0.045277771	-0.085413412	0.0173142463	-0.0580430266	0.0515754027	0.0240826515	0.0422684544	0.0800859981	0.0159070706	0.1641264365	0.1211755876	-0.1421092522	-0.0668764249	0.1039588138	0.0274600509	0.00953016	0.0775083721	-0.022336748	-0.082872909	0.1381957929	-0.0863656313	0.0358554389	0.1490281993	-0.0373813603	-0.0074687106	-0.0328955688	0.0773889227	-0.0017469843	0.0089367535	0.0464292164	-0.0499111372	0.0165817588	-0.1191876721	0.0065234575	0.1862504219	-0.1061818267	-0.0110056803	0.084211617	-0.0102812788	0.0165497413	0.0687528483	0.0651512763	-0.0407940504	0.0221519551	0.0171176011	0.0689424352	-0.0550274162	-0.0028944777	-0.0933215873	-0.0824820968	-0.0786852021	-0.051076873	0.0211637852	-0.0259807432	0.129442121	0.1090640191	-0.0071590089	0.2200795806	0.0510869988	0.0914013436	-0.0550714532	-0.0156711856	-0.0493583631	0.0760306266	0.0399149524	0.0996257212	0.071692796	0.0310721552	0.1537722512	0.0538198906	-0.0559622013	0.0311383198	-0.1504170592	0.0164799181	0.0786100127	-0.042770158	-0.0989558393	-0.0526899232	0.0104229379	-0.0960841886	-0.0308000317	0.0	0.0	0.0	0.068981655066679	-0.0514549012261228	0.00264760686019	0.0047584687357382	0.3684937195290132	-0.0578000935295222	0.135787621332327	0.0033408508120215	0.9616939770455986	0.1033924200935558	0.0106899925328023	0.9248553054857802	-0.0065523068046207	0.0001217713449608	4.293272446187873e-05	1.4828260453562169e-08	0.0058148757841134	0.0038087496422671	1.4506573837470522e-05	3.381278038466843e-05	-0.0013049764599894	-0.0023221856373068	5.39254613411399e-06	1.7029635611264664e-06	0.0	0.0	0.0	0.0	0.0	0.0	1.0	0.0
565.1049235538989	-0.4527868625191331	0.2050159428699203	319343.57462485787	746.4050339992691	-2.140323686899592	557120.4747794501	4.580985484703462	633.3610959753526	-0.9281486578747716	0.8614599311147401	401146.2778950998	646.9409460306962	452.2010248059812	0.73118	22.329178	0.2471332971582625	0.1385508878089654	-0.1890022285	0.0154638939	0.1528715158	0.0241117143	-0.1393140716	0.0938640883	0.099253787	0.0122060785	0.1327481981	0.0092990946	0.1431581018	0.0894079403	-0.0829185084	-0.0045357962	0.0915977661	0.1149743618	0.1257542346	0.047948575	-0.0954327158	-0.1127083927	-0.0451640372	-0.0843157313	0.0518946301	-0.0627501228	-0.0238610936	0.0881948105	0.0877697671	0.0285515362	-0.0231339226	0.0089155166	0.1077566958	-0.0756731198	0.0441374387	0.0388757963	0.0122976634	0.0995533541	0.0417943601	-0.0849038739	-0.0792928512	0.0860424927	0.0022860183	-0.0625696302	0.0344288751	0.0042826432	-0.1067296917	0.1118752303	-0.1113481457	0.0447635842	-0.0343345874	0.0887604842	-0.0345746965	0.0392291032	0.1082622659	-0.0210662989	-0.0070768969	-0.0427096712	-0.0191097512	0.0729887881	0.1503246161	0.0566237086	-0.1121757966	0.0123065515	0.0233298359	0.1029725721	0.1614982104	0.1551680819	0.008853163	0.1391223573	0.0350144517	-0.0187380624	-0.0151863846	0.0178908556	-0.008055255	-0.021448788	-0.0349986878	-0.1236495588	-0.1319270831	0.0620847812	0.1371148043	0.0538980038	0.0910475304	0.0185916053	-0.0863356981	-0.0217656854	0.0101633035	0.0600130504	-0.0131647176	0.1223327761	0.0794292997	-0.0145981162	-0.072849574	0.0083654548	0.0810626455	-0.0176464718	-0.0106794278	0.0234638678	-0.0945269075	-0.02176378	-0.0187021212	-0.0592825728	0.1052912741	-0.0881231269	0.0871669721	0.1351948433	0.0867898136	-0.0234953057	0.2531539826	0.0900374215	0.076821521	0.1096462957	0.0573433983	0.0186323702	-0.1274628473	0.0795787849	0.0556084436	0.0795890591	-0.0807417058	0.0368788482	0.0458207858	0.0246328044	0.0416799714	-0.0293559761	-0.0221173184	-0.0184303077	0.0172544242	-0.0245874659	-0.1877729955	0.0089384093	-0.0966690114	-0.0265195758	0.0	0.0	0.0	0.0676382843846994	-0.0013433706819795	1.8046447892023204e-06	0.0045749375145054	0.4581417288153346	0.0896480092863213	0.2098938436819035	0.0080367655690003	1.0055680330342651	0.0438740559886665	0.0019249327888966	1.0111670690604009	-0.0072512338888415	-0.0006989270842207	5.258039291068342e-05	4.88499069057389e-07	0.0042979096231781	-0.0015169661609352	2.301186333422781e-06	1.847202712900692e-05	-0.0013344404388592	-2.946397886979986e-05	8.681260508400124e-10	1.780731284862734e-06	0.0	0.0	0.0	0.0	0.0	0.0	0.0	0.0
564.8446209651171	-0.2603025887817694	0.0677574377264909	319049.4458332268	746.8856397424854	0.4806057432163015	557838.1588535417	0.2309818804124936	633.5145706041724	0.1534746288198221	0.0235544616913821	401340.7111677889	647.7766439118211	452.552534224676	0.75702	23.118292	0.1973305414228083	0.1076305703572321	-0.1675473948	0.0290511126	0.1078607048	-0.0009011938	-0.102228924	-0.0234151849	0.0273321	-0.0994834715	0.0366016881	-0.0485483738	0.1504404346	0.1717261377	-0.0765161853	-0.0333487361	0.0401334942	0.0941012472	0.0866735527	-0.1785183957	0.0902068981	-0.1283393724	0.0359368876	-0.0502366688	0.0041640106	0.1204611767	0.0679075763	0.1351521172	-0.0247414184	-0.2073754397	-0.0242126177	-0.024136525	-0.0732571139	0.0051841005	-0.0090449312	-0.083315434	0.0099071556	-0.0835678256	0.0153970312	0.0161211136	-0.0429593484	0.0701703078	0.0170793181	-0.0403971202	-0.0304070456	-0.0509287999	0.0228217659	-0.0259218382	-0.0226802348	-0.0158048011	-0.1295072816	-0.0244869942	0.0048289921	0.0574531819	-0.0075309991	-0.1525984056	0.060253673	0.1562381892	0.0228617382	0.0603489719	0.1187699581	0.1096701675	-0.1593769144	0.0037495928	-0.0430860221	0.1231819405	-0.049071413	0.1519414956	-0.0355185633	-0.0093070421	-0.0821646408	-0.0856684051	-0.0165161473	0.0325755867	0.0715877968	0.1193699173	-0.0692755052	0.1495711444	-0.0097451349	0.0458971577	-0.0405941342	0.0271258037	0.0599087267	0.010930384	0.0099343149	-0.0283702512	-0.0175303362	-0.0593729047	-0.0260004419	0.0250402914	0.0672816288	-0.0099011691	0.0435616691	-0.0707443863	-0.0836622569	0.0192050757	-0.1275980707	0.0624697255	0.0186622365	0.0474107031	-0.1471940687	-0.0542632514	0.0569922884	0.0175629439	0.0335606458	0.1265755988	0.0952368323	-0.0170713525	0.2030345065	0.0907687105	-0.0050378429	0.1041720492	-0.1224139373	-0.1088972554	-0.0990866027	0.0319937991	0.0314870096	0.0157688029	0.0705808065	0.1894672178	-0.0395656892	-0.0377748591	-0.0450366048	-0.0436283091	-0.0264642002	0.0803748445	0.0428906449	-0.0847128606	0.015212994	0.007451822	-0.0971647762	-0.022184154	0.0	0.0	0.0	0.0521080979352888	-0.0155301864494106	0.0002411866911534	0.0027152538704336	0.4850055252221352	0.0268637964068005	0.2352303594959992	0.000721663557386	0.947582005939708	-0.0579860270945571	0.0033623793382107	0.8979116579807208	-0.0059992503536491	0.0012519835351923	3.599100480575885e-05	1.567462772392859e-06	0.0042910985984756	-6.811024702500258e-06	4.6390057498068726e-11	1.8413527181839257e-05	-0.0020146565084051	-0.0006802160695458	4.626939012684724e-07	4.058840846859028e-06	0.0	0.0	0.0	0.0	0.0	0.0	0.0	0.0
563.2474315085499	-1.5971894565672071	2.551014160169451	317247.6691009786	749.3556585851705	2.4700188426851355	561533.9030536147	6.100993083219616	632.1080843495057	-1.4064862546666743	1.9782035845662895	399560.6303000018	647.1934887614023	450.0557082435359	0.772584	23.593607	0.3112047737019902	0.1551982453656306	-0.1368627602	0.0283599439	0.0650719335	-0.0489274424	-0.068319953	-0.1449438313	0.0329061334	-0.1058280167	-0.0310779548	0.0510866447	0.1072179321	0.0973364791	0.0557879411	0.0143274019	-0.0277008678	-0.0057138802	0.1334226436	-0.1227104864	0.1163432366	0.0141421621	0.0561829267	0.101946214	-0.0205293552	0.0536381458	0.0721271593	0.1226561712	0.0634814845	-0.0105536196	0.0583641026	-0.0635817058	-0.031919132	-0.0206968174	-0.1381773634	-0.0142364266	-0.0260687644	0.0826840824	0.002732862	-0.1390659982	0.1026478781	0.027914833	-0.0173117128	-0.1318945116	0.0202393261	0.1962124646	-0.0151439494	-0.010525296	-0.0049742452	-0.0308644474	0.0132023572	-0.0407053348	0.0120681961	0.0010313805	-0.1245419975	0.0830429094	0.0244565436	0.1213498503	-0.0656501465	0.076307715	0.0777528861	0.0681589287	-0.0953909094	-0.1067918742	-0.071275168	0.1118447079	-0.1901120575	0.0840254312	-0.0419380069	0.0058048066	-0.0692217949	-0.0437655941	-0.0947146647	0.1282059577	-0.0641304974	-0.0139480528	0.0404269403	0.0164186559	-0.0563826439	0.0247804118	0.0640071125	0.1309860737	0.0488894606	0.0665898492	-0.0031656709	-0.0692229348	-0.0254805624	0.1015788385	0.0636447127	0.118106733	0.0295533078	0.1082908268	-0.0268103395	0.1639988533	-0.0487072796	0.0735037165	-0.0099070174	-0.0938731077	-0.0091302687	0.0455153158	-0.0238903833	-0.142513421	0.1031113887	-0.0639487987	-0.0775636013	0.1114587421	0.080409284	0.020481652	0.1659472453	-0.0038268876	-0.0607432347	-0.0233927822	0.0520573077	-0.0990926675	-0.1149890902	0.0892010737	0.084761669	0.0605844043	0.0568891244	0.1401807886	-0.027710549	-0.2428277195	-0.1724187962	-0.1127865934	-0.0888970148	0.0371097113	-0.0649164942	0.0435549997	-0.1386910889	0.0059635183	-0.0975710262	-0.0178027522	0.0	0.0	0.0	0.1033962359580442	0.0512881380227554	0.0026304731018412	0.0106907816102915	0.3774646371466872	-0.1075408880754479	0.1424795522962802	0.011565042608056	0.8721236950012212	-0.0754583109384867	0.0056939566896893	0.7605997393825832	-0.0055838815382997	0.0004153688153494	3.117973303376422e-05	1.7253125276476406e-07	0.0049022568745848	0.0006111582761092	3.735144384567696e-07	2.403212246441393e-05	-0.0015028348665577	0.0005118216418473	2.6196139306336804e-07	2.2585126361415e-06	0.0	0.0	0.0	0.0	0.0	0.0	0.0	0.0
563.2221057852832	-0.0253257232666328	0.000641392258978	317219.1404452088	742.4706973669664	-6.8849612182041255	551262.7364485895	47.40269097617484	632.6674843577157	0.559400008209991	0.312928369185338	400268.1457635205	646.4336743285997	451.2902063307555	0.7342619999999999	22.423296	0.254578112796186	0.1093980855271019	-0.1477499468	0.0211152663	0.1333824669	0.0343056558	-0.0307738921	-0.0383034413	0.168939364	-0.0454117627	-0.0300625574	0.057035494	0.1103004139	0.1122675108	0.0621723284	0.0244948892	0.0378135641	0.0326448866	0.1230671064	-0.0055840307	0.0327116194	0.2022052435	-0.1204006333	-0.0508279717	0.0526445377	0.0103717396	-0.1120512957	0.0182370552	-0.0014388299	-0.0592385886	-0.0007692054	0.102968251	-0.053808171	-0.0491657323	-0.0535605514	-0.0093140406	-0.0040872411	-0.0167004302	0.0180688714	0.0412664344	0.0210950563	-0.1029768047	-0.0447423389	-0.1044575734	0.1326386766	-0.0615123035	0.0403034816	0.0675793845	0.0279451454	-0.10025491	-0.0739274165	0.0440309787	-0.1034655799	-0.0640327769	0.1506541366	0.1491689091	-0.0864687318	-0.0325628836	-0.0505709338	0.0301571024	0.1175412411	0.0648727132	-0.0931935863	-0.0727145167	0.0827102196	0.0784671931	-0.0979569039	0.0855390245	0.0126441712	0.043802185	-0.0577733819	0.1241519128	0.004798762	0.069767543	0.0037694997	-0.0185392818	0.0619005689	0.119417616	-0.0333507368	-0.071862519	0.036980355	0.0467323749	-0.0530525484	-0.0339328607	-0.0988956126	0.0134691757	-0.1091749222	-0.1257943575	-0.0172139111	0.0061485125	0.0286219277	0.2222026056	0.0185894824	-0.0052018273	0.025873715	-0.1433423295	-0.1437405033	0.0062090364	-2.73734e-05	0.0445756098	0.0420792739	-0.0606638013	-0.0778786152	-0.0610184219	0.0747989834	0.1097504261	0.0794194897	0.0100514612	0.1644492347	-0.0183877519	0.0331835673	-0.0550104117	-0.0645464205	-0.0029263004	-0.0417433135	-0.0278460378	0.1246961656	0.1112183708	0.0148310696	0.0141242781	-0.0088198982	-0.0462838666	0.0603123142	0.0309959582	0.0364226753	0.0084333434	0.0196155118	-0.0725652373	0.0524392028	0.004473841	-0.0978873873	-0.0133844514	0.0	0.0	0.0	0.0751662985598784	-0.0282299373981658	0.0007969293655043	0.0056499724391927	0.4520036824092841	0.0745390452625969	0.2043073289115529	0.0055560692686594	0.9436134708019496	0.0714897758007283	0.0051107880440384	0.8904063822789018	-0.0048044832439602	0.0007793982943394	2.308305924149433e-05	6.074617012193212e-07	0.0055206679325634	0.0006184110579785	3.8243223663021086e-07	3.047777442163384e-05	-0.0012942571321819	0.0002085777343757	4.3504671277341744e-08	1.6751015242037162e-06	0.0	0.0	0.0	0.0	0.0	0.0	0.0	0.0
562.5827013047322	-0.639404480551093	0.4088380897488131	316499.2958073295	739.4964218259607	-2.9742755410056816	546854.9578933993	8.84631499382464	632.2952086862209	-0.3722756714947763	0.1385891755868866	399797.2309275516	646.1998117427847	448.37952831309775	0.686177	20.954861	0.1228820143801951	0.0667006234529608	-0.1519844298	0.0359184148	0.1205327081	0.055592136	0.0305459765	-0.0594837836	0.0938437345	0.0124846091	0.0678777266	0.0895348504	0.0863252294	0.0942378445	-0.0792757159	0.0408536974	0.0687023116	-0.0514207302	0.0757004831	-0.0129222391	0.1040299618	0.0873308098	-0.1120979224	-0.0685025612	0.0349642763	0.0288568073	-0.0542712249	0.0301739419	0.0522991178	0.1147709078	0.0113760531	-0.0837030734	0.1228745088	-0.0174587267	0.0718824839	0.0664697678	0.0612687579	0.0097024744	-0.1315080212	-0.0708806503	0.0333414294	0.021439798	0.0807659176	0.0622402541	0.0677486218	0.0203319579	-0.0139242744	0.0266068523	-0.001130023	-0.0297878338	0.1139880858	0.1062990328	-0.0464812378	-0.0326973276	-0.0676550071	0.0189911441	-0.0015539592	-0.0733182181	0.0490826742	0.145918447	0.0938283938	0.0714585767	-0.0303980744	0.0398768908	0.0687337912	0.1322047841	0.0615426059	0.0198456744	-0.000347819	0.0874852468	-0.039814829	0.0083851959	-0.0265433938	-0.002320976	0.1505725463	-0.0839964583	0.0957911292	0.0739751969	-0.0257187926	0.0951920949	0.0318803501	0.0011421071	-0.0207309301	0.0374915704	-0.0759577513	-0.0178828668	0.086245018	0.0203218267	-0.001844168	0.1231334181	-0.1277443653	-0.0221680758	0.1044518883	-0.0496623801	0.083091931	-0.0902509022	0.0272021729	-0.0661898823	-0.1617297085	-0.1119539265	0.0057880163	-0.0125914932	-0.0104233537	-0.0494874457	0.0585191208	0.104734935	0.0925919656	0.0059807314	0.1369221798	-0.0346441467	0.0923818597	0.1098536352	0.0421728635	0.0383180349	-0.0347367494	0.011043836	0.0430416359	0.106781926	-0.009620246	-0.0197969305	-0.0435302834	0.0373979376	-0.0711033933	0.0091524936	0.0353022935	0.0241412567	-0.0571342798	0.050210686	0.0358781941	0.0029831333	-0.0981135679	-0.0089384093	0.0	0.0	0.0	0.0816897714080511	0.0065234728481727	4.2555698000846455e-05	0.0066732187526996	0.4029820768855359	-0.0490216055237482	0.1623945542909799	0.0024031178081259	0.9449405599461188	0.0013270891441692	1.7611655965718342e-06	0.8929126618312846	-0.0041648872447043	0.0006395959992559	1.7346285761100576e-05	4.090830422641533e-07	0.005921840411222	0.0004011724786586	1.6093935763308538e-07	3.506819385598195e-05	-0.0015736855915495	-0.0002794284593675	7.808026390455045e-08	2.4764863410504995e-06	0.0	0.0	0.0	0.0	0.0	0.0	0.0	0.0
563.1229702010668	0.5402688963346236	0.2918904803466323	317107.47956807155	741.2300014375891	1.733579611628329	549421.9150311683	3.0052982698534283	632.3492431100491	0.0540344238281704	0.0029197189584423	399865.565261852	646.5881923967672	450.3701400927876	0.708223	21.628109	0.1406876496334066	0.0659950702960321	-0.1433057569	0.026599866	0.0804758735	0.0502201948	-0.0039888098	-0.0225113768	0.0091418704	-0.1126548849	-0.0343122098	-0.0479022559	0.0703958122	0.0889409479	-0.0128023897	-0.0315590494	-0.0098037015	-0.0307748939	0.0489749284	-0.1401965959	-0.0291396477	0.0560807238	-0.0207386655	-0.055413197	-0.083711129	0.0214365898	0.0604837871	0.067630213	-0.0190227803	-0.0214845306	-0.0649973658	-0.0254474632	0.0745229794	0.1259283578	-0.1025440138	0.0050590865	0.0362954976	0.0154335391	-0.0192924403	0.0588363234	0.0581665814	0.0708634964	-0.0358423966	0.0722552261	-0.1410147309	-0.0523563692	0.0138022913	-0.0918601887	0.060594365	0.0239310709	0.0727306153	-0.0656968382	0.0070404291	0.0180127083	0.0066707114	-0.0170489256	-0.0243376209	0.0679689274	0.0079579212	-0.0838211223	0.0741161131	0.0749447535	-0.1053874661	0.0532188018	-0.0164219361	0.0702743477	-0.0757869332	0.0387048982	0.1065715221	0.0205252048	-0.0299361669	-0.0821678371	-0.1240142542	-0.0198017195	-0.0518997132	0.0103842988	0.0485197384	0.1468349109	-0.0460177177	0.069592544	-0.0772951081	0.0155590457	0.0183127175	0.0613385478	0.087881459	0.0747245539	0.0186562317	0.0547032754	-0.0405377394	-0.0389326498	-0.0778934291	-0.0235882651	0.0503120278	0.0312201527	0.0254651863	0.0224095015	-0.0567402605	0.0810030775	0.134728578	0.0299309672	-0.0084766607	-0.0390541031	-0.0044258618	0.0386601461	-0.0485528228	0.1046338571	0.0980500389	-0.0231437017	0.1356141489	-0.0363687728	-0.0165886937	0.0876711332	-0.0911798937	-0.1061677364	-0.0043899739	-0.0784295928	0.0198809436	0.0181044755	0.0858843558	-0.0232476329	-0.0507510268	0.0506816754	-0.0260815297	0.0560195813	0.0114134691	0.031655151	0.0387302529	-0.0358727416	0.1588259825	0.0014917384	-0.0982493596	-0.004473841	0.0	0.0	0.0	0.0539571109277119	-0.0277326604803391	0.0007691004573177	0.0029113698196654	0.4374354462670027	0.0344533693814668	0.1913497696508118	0.0011870346617357	0.9959073303400744	0.0509667703939555	0.0025976116843901	0.991831410625094	-0.0038880221264554	0.0002768651182489	1.5116716055806772e-05	7.665429370297744e-08	0.0061292503523742	0.0002074099411522	4.3018883688759066e-08	3.756770988207926e-05	-0.0016401075197013	-6.642192815180009e-05	4.411872539402894e-09	2.6899526761807504e-06	0.0	0.0	0.0	0.0	0.0	0.0	0.0	0.0
562.3641762323335	-0.7587939687332437	0.5757682869859467	316253.4667094711	739.5455377686699	-1.684463668919193	546927.6024335511	2.8374178519087088	631.9806469942616	-0.3685961157874544	0.1358630965735985	399399.5381752856	645.5031432428053	447.3164811378264	0.696745	21.277601	0.1490055163065823	0.0805025000494268	-0.139015051	0.0375155875	0.1248831546	0.055347313	0.0154519366	-0.056708798	0.0843614557	-0.0175457871	0.0704456597	0.1007134281	0.071548232	0.0520449588	0.0196214363	0.084591779	0.0312736138	-0.093785245	0.0503348457	-0.127725638	-0.0680915059	-0.011227261	-0.0773611665	-0.0486098191	0.0653699552	0.0719630422	-0.0869103707	-0.0450397583	0.0001573295	0.0705680555	-0.0544973043	0.0316470732	0.1276634707	-0.0100108763	0.0350290592	-0.0341706537	-0.0192755595	-0.067494227	-0.0158427872	0.0984624863	-0.0382992482	-0.1245253511	0.0324136685	0.1080492207	0.0525682861	-0.0485007148	0.018402607	0.0213553875	0.0645393398	0.101546859	0.007949881	0.014779576	-0.0844042822	0.0791558396	0.1265591266	-0.0398664711	-0.0619312538	-0.0401361325	0.0495088884	-0.0112505271	0.0942621905	0.0405097198	-0.0218048986	-0.038318005	0.1107135289	0.0586998914	-0.0593017597	-0.0237660093	0.0674756645	0.0198320486	-0.0904588635	-0.0090488027	0.0296107747	-0.0188543835	0.0903486661	-0.0540173474	0.0146596628	0.0479550589	-0.0089793988	0.0556594106	0.0511164618	-0.0012659893	-0.0745022531	-0.073044443	-0.0178325631	-0.0041909732	-0.0258672187	-0.0568287789	-0.1027902566	-0.0654576831	0.0262881393	0.0350602017	-0.0657167514	-0.0954533023	-0.020307612	-0.0876057626	-0.0273197508	0.0428941279	0.083903927	-0.0809467156	0.0289411919	0.0438760694	-0.0205885371	0.0196177881	0.175904729	0.0940165813	0.0951171614	-0.0081225455	0.1139624951	-0.1063785744	0.0332559308	-0.0673815777	0.0965830093	0.0025636042	-0.000766817	0.0055819776	0.0374372199	0.1011015108	0.0557173426	-0.0144777982	-0.020865161	-0.0273543182	-0.0190684303	0.0686714637	0.057915253	-0.0204786033	-0.0242559033	-0.0161825855	0.1054419545	0.0	-0.0982946374	-0.0	0.0	0.0	0.0	0.0715162018926349	0.0175590909649229	0.0003083216755144	0.0051145671331481	0.3758001101102195	-0.0616353361567831	0.1412257227588531	0.0037989146631596	0.9626484317841032	-0.0332588985559711	0.0011061543331563	0.9266920032163932	-0.0034452626959193	0.000442759430536	1.1869835043893124e-05	1.9603591332865145e-07	0.0061897773838051	6.052703143089987e-05	3.6635215338371405e-09	3.831334406106511e-05	-0.0018678648703124	-0.000227757350611	5.1873410757387496e-08	3.4889191737471586e-06	0.0	0.0	0.0	0.0	0.0	0.0	0.0	0.0
563.0473245603226	0.6831483279891017	0.4666916380343053	317022.2896945373	736.744632001193	-2.80090576747682	542792.6527825734	7.845073118284914	632.6544535138966	0.6738065196349226	0.4540152259025273	400251.6575509671	646.3763629773613	446.06500128455787	0.679263	20.743715	0.1594953712672166	0.0831056156252521	-0.1347691322	0.0414443096	0.081676157	0.1080984153	0.0909273404	0.0091609506	0.0273761152	-0.0519864968	0.0262592921	-0.0071149058	0.0907941972	0.0921834183	-0.0262535297	0.0628161221	0.0855659671	-0.0544094776	0.0177366617	-0.0204155874	-0.1458843575	0.0860146072	0.0214000001	-0.065265794	0.0534392135	-0.0656848106	0.0374122758	0.0182072975	0.1200166002	-0.0776328946	-0.0565172801	0.1253261963	-0.0188118359	-0.0030613865	0.0642768919	-0.0095650387	-0.0488950296	0.1063453933	-0.0342961471	-0.034960454	0.0435245042	0.0556944737	0.1680202921	0.0058867755	0.0760023246	0.0492073773	0.0202960895	-0.0421686338	0.005061593	0.0404236244	-0.0472845663	0.008596561	-0.0090211769	0.0604600326	0.0249416712	0.0846386762	0.0223155445	-0.008817208	0.0589471469	-0.0155800386	0.0807473892	0.0921167109	-0.050654682	0.0764588743	0.1238668196	0.0489319713	-0.0191472223	0.0041324743	0.0211344614	0.0181094499	-0.0168439701	-0.0333078286	-0.1129291489	-0.0805592767	-0.0486339097	0.0313747615	0.0094970396	-0.118122786	-0.010614076	-0.033313453	0.0837679104	0.0116954161	0.0636540459	0.0024213067	-0.0054276759	0.1643346256	-0.0322149804	-0.0952845884	0.0493886399	-0.036152821	-0.0438083363	0.043462257	-0.0311100867	0.017581167	-0.0322514216	0.0093122036	0.0100579653	-0.0096768213	-0.1096524733	-0.0959719321	0.082026715	-0.0173443671	0.0229719236	-0.0299501224	0.0403475301	0.0888888341	0.1013277097	-0.013126145	0.0861913875	-0.0798210465	0.0755123144	0.0772984528	-0.0988393026	0.0283448965	0.029987395	-0.0735401954	-0.0235936204	0.0762444519	-0.024313702	-0.0330349333	-0.0346195993	0.0032504814	-0.0848212396	0.0757835511	0.0111259741	0.0188475728	-0.0608764463	-0.0179167194	0.1147646243	-0.0014917384	-0.0982493596	0.004473841	0.0	0.0	0.0	0.0429271252248071	-0.0285890766678277	0.0008173353047189	0.0018427380800662	0.4460247841003024	0.0702246739900828	0.1989381080317213	0.0049315048370134	0.9583633320139172	-0.0042850997701859	1.836208004044798e-05	0.9184602761488178	-0.0029037400204459	0.0005415226754734	8.431706106339155e-06	2.932468080518696e-07	0.0065780703296451	0.00038829294584	1.5077141178910537e-07	4.32710092617572e-05	-0.0020659796657814	-0.000198114795469	3.924947218372371e-08	4.268271979422225e-06	0.0	0.0	0.0	0.0	0.0	0.0	0.0	0.0
563.0968068645076	0.0494823041849485	0.0024484984274517	317078.01390100457	740.531653014369	3.787021013175945	548387.1291161939	14.34152815423616	632.8001874265418	0.1457339126452552	0.0212383732948948	400436.07720706647	646.940828329715	445.687323873976	0.694277	21.202219	0.1654622370981388	0.0997418293005165	-0.1202239662	0.0527515426	0.0705917014	0.0449571124	0.042393683	-0.021234009	-0.0250520215	-0.0883623435	0.0498550826	-0.0030396487	0.0341552274	0.0754220197	-0.0821625655	0.0167785875	-0.0691178689	-0.048416062	0.0251083375	-0.0237987687	-0.1108626791	0.0810886667	0.1755998501	0.0686676519	0.0106703718	0.0879214698	0.0438893465	0.0298900623	-0.0936810015	-0.0027620858	-0.0185243921	0.0493229161	-0.0084772423	0.1311820862	0.1377950325	-0.0043295242	-0.055760494	0.0378158329	-0.0727539315	0.1326474578	-0.0316959902	0.0168197509	-0.0332146498	0.0659889337	-0.0245196924	0.0385194808	-0.0019584771	-0.0719080415	0.0575130118	-0.0276582022	0.0114659175	-0.0276035056	-0.02441632	-0.0379767615	0.104409472	0.0577631676	0.1075445193	-0.057155064	-0.1177668813	-0.0954268969	0.0527894641	0.0943519661	-0.0163149269	0.0705984411	-0.0154908482	0.0451088847	-0.0261681423	-0.0536821294	0.0790621186	-0.0041857743	-0.0981850796	-0.0572967636	-0.0702174822	0.0532027474	-0.1155196669	0.1360286935	-0.0060191326	0.0835742949	0.0475857849	-0.0748062501	0.0495500182	0.0382709002	0.0022137052	0.0106528426	0.0454896225	-0.0140218643	0.0712260589	0.0392750333	0.1325611262	-0.1200454234	-0.0873770631	0.0266652522	-0.0180407408	-0.0887796303	-0.0427229748	0.0703834171	0.0069136214	0.0817507937	0.1067156478	-0.0999974708	-0.0411370082	0.0734859953	-0.05033519	-0.0552350803	0.0126243522	0.0707441614	0.1057673724	-0.0168989891	0.0568577592	-0.0942179542	-0.038372286	0.0898045034	0.0944506217	-0.0991122915	0.023184891	-0.0369153395	0.0164473549	0.0129116797	0.1038261657	-0.0218759822	-0.0263920988	-0.0015201438	-0.003834735	0.0323620729	-0.0323093807	0.0421456739	-0.0016167141	0.0366362016	0.1291792821	-0.0029831333	-0.0981135679	0.0089384093	0.0	0.0	0.0	0.0433953344926578	0.0004682092678506	2.192199185012859e-07	0.0018831550557296	0.3609798289608932	-0.0850449551394091	0.1303064369166357	0.0072326443946641	0.9312748103089632	-0.027088521704954	0.0007337880081597	0.8672727723159954	-0.0024629465182429	0.0004407935022029	6.0661055517248245e-06	1.94298911584386e-07	0.0069229566364115	0.0003448863067663	1.1894656459496709e-07	4.792732858963403e-05	-0.0023375108765305	-0.0002715312107491	7.372919841087228e-08	5.463957097898387e-06	0.0	0.0	0.0	0.0	0.0	0.0	0.0	0.0
563.8743908035002	0.7775839389926205	0.6046367821792793	317954.3286040185	742.9621429923195	2.430489977950515	551992.7459197398	5.907281532917894	633.2516282883365	0.4514408617947083	0.2037988516979489	401007.6247298296	647.1024201252352	449.4601558851159	0.699616	21.365276	0.2274413496766865	0.1350053857025484	-0.1238621263	0.0508833928	0.058601079	0.035417016	-0.0240705201	-0.0107913541	0.0379420175	-0.0919019302	0.0719809156	0.0949088249	0.0788527579	0.1118773641	0.0540436213	0.001374259	-0.0352732991	-0.0121134689	-0.0426688704	0.0039743948	0.0490139625	0.040324421	0.0417766901	0.0172899995	-0.0572038445	-0.0086279085	0.0675474273	0.0671171191	0.0468114265	0.0433341827	-0.0591903847	-0.0379299932	0.0528128526	-0.0862301041	0.0984201832	-0.0423663125	0.048467217	-0.0259077953	0.0158578568	-0.1057634877	0.0755288421	-0.1068924332	0.0958094787	-0.041410901	-0.0141338074	-0.0600905368	0.0919558802	-0.1053447988	0.0488040409	0.0876957984	0.1120113754	-0.0077410888	-0.0191947713	-0.0481263649	0.0292176253	0.0072581435	0.1349584164	-0.0119331173	0.0806690696	0.074223316	0.0723339329	0.07105178	-0.0681479477	-0.0573749908	-0.0098600442	0.0147194286	-0.0741358652	-0.0061898357	-0.0437956313	0.005627272	-0.136542576	-0.0207328365	-0.0439346084	0.0067563747	-0.0533545721	0.0070790836	0.054882232	0.0095864815	0.0110820647	0.0306236983	0.0096579858	0.0085332908	0.0145997649	-0.03683486	-0.0382119947	0.0034155173	0.0465749966	-0.1399718887	0.0038303873	-0.0270856398	-0.0878162314	-0.0830641021	0.0901975963	0.0438809441	0.1387651568	0.0707590777	0.0908370131	-0.0306858639	-0.0967243997	-0.0077079111	0.0252437612	0.1446206755	0.0179000592	0.0939604348	-0.0183422175	0.0757231349	0.1087224617	-0.0339509902	0.050180104	-0.0691637036	0.0022184547	-0.0906608732	-0.0645092822	-0.0157405392	-0.0406674402	-0.0664528801	-0.0238767719	0.0639071557	0.0080209435	-0.089607153	0.0050288483	0.0055794644	-0.004708283	0.0873063917	0.0546508941	-0.0322433767	0.052542231	0.005131764	0.1104697199	-0.004473841	-0.0978873873	0.0133844514	0.0	0.0	0.0	-0.0023051625932737	-0.0457004970859315	0.0020885354339012	5.31377458142833e-06	0.4815689702712973	0.1205891413104041	0.2319086731281576	0.0145417410019806	0.9629463902902842	0.0316715799813209	0.0010030889785132	0.9272657505730882	-0.0026988565770377	-0.0002359100587947	7.2838268234196515e-06	5.565355584056597e-08	0.0072023419438733	0.0002793853074618	7.805615002552451e-08	5.187372947647662e-05	-0.0024118181362545	-7.43072597239997e-05	5.521568847689949e-09	5.8168667223661295e-06	0.0	0.0	0.0	0.0	0.0	0.0	0.0	0.0
563.2657813757477	-0.6086094277525262	0.3704054355492575	317268.3404688316	739.4582489541492	-3.503894038170301	546798.5019463365	12.277273430725382	632.6399494002351	-0.6116788881014372	0.3741510621490105	400233.305577132	646.3932444649716	446.3672640696816	0.682325	20.837223	0.2413104295691748	0.1392245672901347	-0.1200207109	0.0667727072	0.0929873593	0.048717405	0.0435455756	0.0242365125	0.0364741189	-0.0107864668	0.1529552034	0.0042142454	0.0433394647	0.1046143063	-0.0266632186	0.0326513775	-0.0444306691	-0.1030407903	0.0673810969	0.0568775457	-0.0495117016	0.0994904522	0.0034094995	0.0262937073	0.0071820606	0.0618891712	0.0429624723	-0.0835167083	0.0298891778	0.0776514278	-0.0242933159	-0.0812136902	0.0024801817	0.0435280263	0.0717991666	0.0643283858	-0.1088160929	0.0142046113	0.1587291282	-0.066640703	-0.0482880448	-0.088332352	-0.0399530196	0.0444829536	0.0344002384	0.096202524	-0.1341561933	0.0268283058	0.0027556586	0.0391864366	-0.0140855936	0.0090918616	-0.028355325	-0.0086574185	0.0275947462	-0.0560423831	-0.0437314992	0.0600826586	0.065828148	-0.01822956	0.0663927504	0.1068435499	-0.0163982394	-0.0216357005	0.1068127444	0.0597866895	-0.013205128	-0.1325650637	0.0807168307	0.0271246314	0.0035593269	-0.0142592538	-0.0375706171	0.1264764274	-0.0311309407	-0.0021780601	0.0286156414	-0.0694350635	-0.0144810279	0.0052420157	0.0758963236	-0.0475682584	-0.0323147875	-0.0513961577	-0.0662657096	0.0582823455	0.0471591879	0.0764875131	-0.0609540202	0.0360576717	0.1250455256	0.0639370295	0.0726194759	-0.071513709	-0.0119714016	0.0408704286	0.1151124721	-0.0226845063	-0.1419482731	-0.0460690809	0.0110357703	0.0202809909	-0.016044463	0.0028248346	-0.0134564769	0.0613351827	0.1228163144	-0.0440881434	0.0153876828	-0.1369837624	0.0871698102	0.0295837869	0.058184534	0.0489053465	0.0946598287	-0.025027194	-0.0402259808	0.0312173569	-0.0106649021	-0.0252806832	-0.0533352888	0.0341494443	-0.0170213816	0.0061009642	0.0500177936	0.0090413911	-0.0605366914	0.0543639303	0.0546818724	-0.0059635183	-0.0975710262	0.0178027522	0.0	0.0	0.0	-0.0093566543513645	-0.0070514917580908	4.972353601442248e-05	8.754698065090825e-05	0.3707451563101784	-0.1108238139611189	0.1374519709274586	0.0122819177408886	0.9705287403277794	0.0075823500374951	5.74920320911033e-05	0.9419260358022262	-0.0015072434010645	0.0011916131759732	2.2717826700524813e-06	1.4199419611529365e-06	0.0080641269432877	0.0008617849994143	7.426733852156762e-07	6.503014335745861e-05	-0.0026754754371163	-0.0002636573008617	6.951517229772968e-08	7.158168814612656e-06	0.0	0.0	0.0	0.0	0.0	0.0	0.0	0.0
563.7530642436133	0.4872828678655878	0.2374445933153119	317817.5174440636	743.2968512241196	3.838602269970352	552490.2090396909	14.734867387021536	632.9748699357025	0.3349205354674041	0.1121717650777726	400657.1859701195	647.4486118193869	448.0824117836745	0.659833	20.150345	0.1964633856016883	0.1003224969277379	-0.1206170887	0.0709610956	0.0625058291	0.0072157367	0.012084532	-0.0008003881	-0.0389517737	-0.1048229114	0.1008218041	-0.0364382112	0.0348379656	0.0954483809	-0.1336105773	-0.0062561638	-0.0279839445	-0.0703008397	0.0365567631	-0.0362159784	0.0554303011	-0.0313824489	-0.027684925	0.1141122425	-0.0327504496	-0.1014666877	-0.0617591661	0.1507885585	-0.0156008329	0.0057108222	0.0672537211	-0.0421552829	-0.0956574623	-0.0363949462	0.0483480764	-0.0372043469	0.0330485521	-0.0576414875	-0.0765268609	0.041561476	-0.079699745	-0.1190778448	0.0187783523	0.0658215812	-0.0666628697	-0.0713259028	0.1106347496	-0.0643823216	-0.0203769042	-0.1879904502	0.0823466773	-0.0276242729	0.0324274801	-0.0884642624	0.1075641492	-0.0626614391	-0.0091096833	0.057067065	0.0461035175	-0.0023650625	0.0362605818	0.1120462608	-0.0454312077	0.0791048148	-0.0293131235	0.1072921445	0.0161162834	-0.01171982	0.0185393428	0.002661538	-0.1005255721	-0.002168441	-0.017523939	-0.0178110108	-0.0653440487	0.0383894138	-0.003790258	-0.0182043204	0.0341556008	0.0387427762	-0.1897489167	-0.0049017865	-0.0623450632	0.092573067	-0.0746924051	-0.1380002371	-0.0493923374	-0.0183203752	0.0283185598	0.0016364511	0.0097346154	-0.0870737146	-0.0212614346	0.0078822266	0.0248042773	-0.0274715765	0.0005038952	0.0779033765	-0.0018071832	0.0031047941	-0.0283921926	0.0842772128	0.013485417	0.032873061	0.0527726993	0.0630034361	0.1244791494	-0.0532725797	-0.0049473943	-0.0594209001	0.0556446499	0.0984180198	-0.0608733262	0.0408676833	-0.0262205184	-0.0233200677	-0.0944382277	0.0426118708	-0.0876815717	-0.0585319844	-0.0215276097	0.0405298622	-0.0518472838	0.0299356851	-0.03478158	-0.0498156277	0.0137287379	0.0078270982	-0.1061026591	-0.007451822	-0.0971647762	0.022184154	0.0	0.0	0.0	-0.0493218952707081	-0.0399652409193436	0.0015972204817411	0.0024326493530946	0.4394576013280158	0.0687124450178374	0.1931229833649732	0.0047214001003293	0.965303356498552	-0.0052253838292273	2.730463616275043e-05	0.9318105700673708	-0.0024038039676969	-0.0008965605666323	5.778273515115359e-06	8.038208496402099e-07	0.0074980416714991	-0.0005660852717885	3.2045253493597254e-07	5.622062890753702e-05	-0.0028640359154009	-0.0001885604782846	3.55550539709172e-08	8.202701724706271e-06	0.0	0.0	0.0	0.0	0.0	0.0	0.0	0.0
562.849575199439	-0.9034890441743072	0.8162924529430035	316799.6443021889	741.145978723682	-2.150872500437572	549297.3617782844	4.6262525131385726	631.7194878232162	-1.2553821124862452	1.5759842483504276	399069.5112956266	646.3355600439616	445.7779624814573	0.694383	21.205444	0.2170613909194913	0.1060745407988422	-0.1095024087	0.0725759913	0.0566741272	0.0439550105	0.0309536036	-0.0033852625	-0.009561446	-0.1385411834	0.0819123547	-0.0047078668	0.001150066	0.05532966	-0.0662383009	-0.0732030404	-0.1142244259	-0.1701133302	0.0394657028	-0.1973226599	0.0094117135	-0.0448842004	0.0734506134	0.113338632	0.0163470447	0.0868155423	0.0360546737	0.0726336071	-0.0354115511	0.0800349483	-0.0960305267	0.0488707639	0.0271171281	0.034890116	0.0299524985	0.0248643753	0.0405845238	0.0020582593	-0.0633051667	-0.0317759032	0.0474195313	0.0001019127	0.0052763808	-0.0613935053	0.0075812894	0.0630089026	0.115027301	0.068318974	0.0273070855	-0.0599246508	0.0483067189	0.0244371089	0.0915929328	0.0142571525	-0.0331781924	-0.0205797828	-0.0106545847	-0.0378269148	0.0772492067	-0.0398221497	0.0300838582	0.083644467	-0.0397050472	0.0454184327	-0.0404916941	0.0542107413	-0.0292020168	-0.11782198	0.1533300609	-0.1000921227	-0.1013418606	-0.082130349	-0.0048571538	0.0680794993	0.0005899476	-0.0471669238	0.0092851638	0.0482827168	-0.0076389437	0.0819814517	0.059177927	-0.0256590654	-0.0795764298	0.0667331601	0.0506209826	-0.0690951066	0.0535415097	-0.1060353895	0.0757687172	0.0907947026	-0.0881980939	-0.1372167194	0.0437603958	0.0369806311	-0.1363002389	0.0644601193	0.0008454133	-0.0486155397	0.0345617536	0.0002203432	0.1445051394	-0.0170029908	0.0816972851	0.0683006979	0.0343961638	0.0486286256	0.1189033468	-0.0546661564	-0.0148021958	-0.0969581953	-0.0315020032	0.1150498383	0.0428033779	-0.0784443752	0.0912708501	-0.0687500143	-0.0770805179	-0.1099439096	0.1038402031	-0.0081054918	-0.0654638768	0.0507915786	0.0493090117	0.0239158111	0.0637830338	0.0327940048	0.0170919919	-0.0194853193	0.1046521355	-0.0089384093	-0.0966690114	0.0265195758	0.0	0.0	0.0	-0.0295005810637718	0.0198213142069363	0.00039288449689	0.0008702842831001	0.3774455065765068	-0.062012094751509	0.1424651104347958	0.0038454998954701	0.983865866514833	0.0185625100162809	0.0003445667781045	0.9679920432929832	-0.0009921457104974	0.0014116582571995	9.843531108583904e-07	1.99277903511953e-06	0.0081071907439498	0.0006091490724506	3.7106259246754797e-07	6.572654175878531e-05	-0.003176538024646	-0.0003125021092451	9.765756828263645e-08	1.0090393822021913e-05	0.0	0.0	0.0	0.0	0.0	0.0	0.0	0.0
563.1236508088599	0.2740756094209473	0.0751174396794636	317108.2461002988	743.7813694552055	2.6353907315235574	553210.725548661	6.945284307800271	632.1184971092022	0.399009285985926	0.1592084103029984	399573.7943875964	646.5709921173197	446.7625076169553	0.690696	21.092855	0.1852463415600239	0.1056655178931848	-0.103765269	0.0576865267	0.0392726948	-0.0071076825	-0.0066395424	-0.0617355721	-0.0571583025	-0.1194580062	0.0306348415	0.0119561066	0.0112806219	0.0521473345	-0.0521862007	-0.0182576147	-0.1243568927	-0.0389098287	0.0557555008	0.0721387771	-0.0534769224	0.0088735577	0.0170698485	0.0811485778	-0.0238149653	-0.0060261382	0.0228982894	0.0243650063	-0.0382306781	0.0176137969	0.0028793542	0.107590495	0.0026243704	0.0346638647	0.0515812353	-0.0722121338	-0.0449905794	-0.1097664368	-0.0191761156	-0.1525973275	0.0926561485	-0.0049086461	-0.0141442708	-0.0219597129	-0.1092367197	-0.0121133075	0.0470694129	0.1204573615	-0.0614812471	-0.0564074887	-0.0437683739	0.0316465586	0.0163134559	-0.0087979388	0.0734479532	-0.0192049007	-0.0003942588	-0.0514019517	-0.1886258355	-0.0684065026	0.0212836351	0.0691049611	-0.0217667806	0.0056170666	-0.0830194312	0.0356792736	-0.0326008604	-0.0535259161	0.1154850012	0.0183147357	-0.0660819515	0.0009086079	0.0078715535	-0.0315293851	-0.1355564039	-0.036485738	0.0245490479	-0.0335500582	-0.0099558091	-0.0683879345	-0.0303396297	0.0177851681	0.0418697918	-0.0447448598	0.0345917566	-0.0483776441	0.0003432444	-0.1146568399	-0.0198047978	0.072643584	-0.019619543	0.0240392684	-0.0423240901	0.1299548212	0.0326872765	0.1025499656	0.1019187221	0.132871736	0.0529055293	-0.0678579891	-0.0566577943	0.1208372022	0.0203470393	-0.1699691044	-0.0420435711	0.0574124155	0.1029382458	-0.0496087816	0.0055066754	-0.0715492625	-0.0584678089	-0.0173255711	0.0468586128	-0.0881292768	-0.0106213034	-0.0488523689	-0.0665277719	0.0305120853	0.0378271014	-0.077825367	-0.0102063754	0.061160404	-0.1125358106	0.0149733532	-0.0128427022	-0.0218825995	-0.0688012651	-0.0039851552	0.0081333073	-0.0104229379	-0.0960841886	0.0308000317	0.0	0.0	0.0	-0.0092182438555283	0.0202823372082434	0.0004113732026288	8.497601977998526e-05	0.427425531783399	0.0499800252068922	0.1826925852203214	0.0024980029196815	1.0003330142986613	0.0164671477838282	0.0002711669561344	1.0006661394958456	-0.0024961146109066	-0.0015039689004092	6.230588150781406e-06	2.261922453398058e-06	0.0079362083491065	-0.0001709823948432	2.923497934634972e-08	6.298340296042772e-05	-0.0028811526926773	0.0002953853319686	8.725249434225908e-08	8.301040838521657e-06	0.0	0.0	0.0	0.0	0.0	0.0	0.0	0.0
563.0952069345194	-0.0284438743404962	0.0008090539874979	317076.21207262925	741.746174794323	-2.035194660882553	550187.3878220103	4.142017307684849	632.5268013473105	0.4083042381083714	0.1667123508572577	400090.15442266007	646.4633768570675	447.0731949474501	0.658209	20.100752	0.129634570657404	0.0628217359851352	-0.0946842355	0.0576261868	0.0367828644	0.0631994886	-0.0064918744	-0.0034882085	-0.0177436012	-0.0928705206	0.0487625245	0.0903408814	0.0324261878	0.0727239869	0.0720199758	-0.0081480949	0.0229143866	-0.0511152437	0.0171675494	-0.0904370748	-0.0237666262	0.0692690338	-0.0804930623	-0.0384903564	-0.0980718003	0.0245172557	0.0144010334	-0.1190533366	-0.006121162	0.0094558949	0.0519686705	-0.0702055888	-0.088583536	-0.0095476085	0.0695853457	-0.0094526058	-0.0074617734	0.007370393	-0.0210347792	-0.0948518279	0.0107172374	0.0621366067	-0.0840652892	-0.0317342261	-0.1232142686	-0.0762781098	-0.0002500654	-0.0088281257	0.0088919045	-0.0250121773	0.0443420566	0.1108494335	-0.0138895179	0.216225306	-0.0393234428	-0.1893796363	-0.0776634186	-0.025997977	0.0196537451	-0.0149882074	0.0422792425	0.0639231103	-0.0559887983	-0.0570944064	0.0696759659	-0.0316585334	-0.086485271	-0.0600410897	0.0323356558	-0.0601512183	-0.0136236515	0.0459132689	0.0554393545	-0.0134914091	-0.0232512932	-0.0357572403	-0.0086054438	0.0477390555	0.0528928148	0.03739506	0.0295269182	0.0042703341	-0.0665549751	-0.0528989857	0.0060539907	0.0348621579	0.1075184126	0.0124474219	-0.0060758035	-0.0474899505	-0.0454938259	0.0091959892	0.0607056325	-0.0604711567	0.0085165517	-0.0933897133	0.0820480965	0.0345832624	-0.0891049953	0.1555619544	-0.1338512212	0.046453461	0.0135827992	-0.1458914539	0.02280667	0.0432154527	0.1088705447	-0.0612911994	-0.0099309058	-0.0822771096	0.0019235408	-0.094287143	-0.0536795222	-0.0251042353	0.1008445898	-0.0568386139	-0.0427218062	-0.0367092503	0.0056644116	-0.0813863025	-0.0337222271	-0.0256627719	0.0614735744	0.029443661	0.0682697806	-0.0786938327	0.0573186278	-0.0484747012	-0.0005351313	-0.0119050657	-0.0954108466	0.0350166499	0.0	0.0	0.0	-0.0525655641100684	-0.0433473202545401	0.0018789901732496	0.0027631385302097	0.4177820554663043	-0.0096434763170946	0.1745418458696502	9.299663547836576e-05	1.0221765521742157	0.0218435378755543	0.0004771401469207	1.0448449038147671	-0.0019018775464317	0.0005942370644748	3.6171382016210632e-06	3.531176887957463e-07	0.0080512218032318	0.0001150134541252	1.32280946298322e-08	6.482217252483511e-05	-0.0032679068982814	-0.000386754205604	1.4957881555245824e-07	1.067921549583516e-05	0.0	0.0	0.0	0.0	0.0	0.0	0.0	0.0
563.3164329013646	0.2212259668451679	0.0489409284065793	317325.4035767176	741.3155656250768	-0.4306091692461677	549548.7678380276	0.1854242566388747	632.1481234660191	-0.3786778812914235	0.1433969377793614	399611.2500016093	646.2455094281365	446.68742995469466	0.659355	20.135752	0.137248833260106	0.073960427890657	-0.0938900503	0.0703703166	0.0618369949	0.026553314	0.0526707325	-0.0037227837	0.0255753136	-0.0185318892	0.1198759916	0.0809271794	0.0007776069	0.0791121557	0.024158043	0.0470950098	-0.0396654166	-0.1347925327	-0.0474876731	0.0380722005	0.039648485	0.1579002971	-0.0301518384	-0.0505410499	-0.0336182139	-0.0984808689	-0.0489993749	-0.0163597539	-0.0322843563	0.0464260566	-0.0071332309	-0.0586096556	0.1329145037	0.0192291206	-0.0632296913	-0.0176451589	-0.0306542729	-0.0746387235	-0.0348550908	-0.0638561011	0.0850631278	0.0556352652	-0.1898297191	-0.0262131802	0.0861334565	-0.0737182939	-0.0877888142	0.0153311516	0.0686853501	0.0674006521	-0.0119898203	-0.0403184591	0.0411163666	0.0238091148	-0.0038618809	0.069804065	0.1447242653	0.1090722609	-0.1123617867	0.0773132465	0.029681311	0.0854561812	0.0355669671	-0.0214388963	0.1049567712	0.0329906756	0.0136650614	-0.1317219131	-0.0273186131	0.014275609	-0.0476383237	0.0852249963	-0.0756365902	-0.0384461009	-0.0729463658	-0.0854141577	0.1192625877	-0.0257865436	-0.0397205633	-0.0223073782	0.050362737	-0.0919594032	-0.0758035831	0.0117858723	-0.0210524788	0.0131889377	0.096327584	0.1017696491	0.033586045	0.0837268965	0.0455210619	0.1584343009	0.0483598321	0.0501887506	0.1088204141	-0.0063811918	-0.0828495674	0.0616566088	0.2053478767	-0.0357301071	0.0356911909	-0.0488955938	-0.0825665776	-0.0628675912	-0.0646699294	0.0312007179	0.1115374074	-0.0544036593	-0.0518003082	-0.1178516807	0.0700068928	-0.0260725178	0.0570148785	0.0743280312	0.0423752779	-0.0259463282	-0.0680581523	0.0256982951	-0.0028867132	-0.0534106239	0.0508935567	0.0628846051	-0.0204732326	-0.0319834806	-0.0045726211	0.024202124	-0.0621855276	0.0194992185	0.0445842581	-0.0133844514	-0.0946496056	0.0391606907	0.0	0.0	0.0	-0.0488749663218186	0.0036905977882498	1.3620512034634334e-05	0.0023887623329589	0.3860643505940118	-0.0317177048722925	0.149045682799576	0.0010060128023658	0.976223651838012	-0.0459529003362036	0.002111669049309	0.953012618407944	-0.0013360977201623	0.0005657798262693	1.785157117822896e-06	3.201068118134323e-07	0.0082530421988749	0.0002018203956431	4.0731472097537426e-08	6.811270553640984e-05	-0.0036180592816361	-0.0003501523833547	1.2260669156897696e-07	1.3090352965433132e-05	0.0	0.0	0.0	0.0	0.0	0.0	0.0	0.0
563.783447291089	0.4670143897244543	0.2181024402097044	317851.7754394241	740.372561952603	-0.9430036724738784	548151.5304922609	0.8892559262992217	631.9330070563122	-0.2151164097068658	0.0462750697251721	399339.3254072332	646.04855036762	447.7717013317606	0.63293	19.328783	0.186065359386066	0.0983435723086181	-0.0911179748	0.0679252828	0.0406779922	0.0353678899	0.0228576431	0.0357084452	-0.0200977551	-0.0698189807	0.1220526262	-0.0251194888	-0.0211787193	0.0868432686	-0.0210428535	0.0214579652	0.1059843222	-0.146779974	0.033555532	0.0145105803	-0.0699440341	-0.0995303514	-0.0893500724	-0.048444471	0.0375198941	-0.10625076	-0.0359194436	-0.0311050201	0.1103022243	-0.0809715924	-0.1599074249	0.0693101566	0.0021248242	-0.0833244944	-0.0483328152	-0.0180933283	0.0678989663	0.1348424639	-0.0348112862	0.0351181316	0.0526157056	0.0084960767	-0.1325840436	0.0458244161	0.0582236533	-0.1378091426	-0.0216787661	-0.0372348809	-0.0153370088	0.0309608292	-0.0070912296	0.0322982347	0.0310459846	-0.06200621	0.0370663887	0.0408343682	-0.0258469549	-0.0831617107	0.0936958387	0.097070552	0.0214155169	0.0906650626	-0.0147404467	0.066367852	0.0905066554	0.0536372904	0.0342430141	-0.0648506909	0.0532778032	-0.0420825589	-0.0086826956	0.0701578856	-0.0301799951	-0.0937747966	0.062341087	-0.0767491782	-0.0600337223	-0.1711490785	-0.0188623503	0.04579306	0.059420366	0.0632275817	0.007073772	0.1298101437	0.002464988	0.0973706048	-0.0650505703	-0.0740080387	0.0110546949	-0.0785003861	-0.0210045511	-0.0357665409	-0.0401351723	0.07205322	0.1153679398	-0.0985801844	0.0026257383	0.0086887709	0.1223796789	0.0805577378	0.1169688108	0.0130074921	0.0193097243	0.0504805506	-0.0195167919	0.0397584429	0.1111572314	-0.085034349	-0.0558594645	-0.0651675553	0.0789814545	0.024809319	-0.0987434879	0.0541622145	0.0837615259	-0.0120128331	-0.0972738188	-0.0282042608	-0.1000851079	-0.0638730664	0.0036944328	0.0034627227	-0.0495595427	0.0163004199	-0.0320529891	-0.0367802793	-0.0577996533	0.0171376129	-0.0655301939	-0.0148607543	-0.0938011671	0.043223565	0.0	0.0	0.0	-0.089224615630755	-0.0403496493089364	0.0016280941993541	0.0079610320344559	0.4358321457089289	0.0497677951149171	0.189949659233249	0.0024768334306003	1.0403517986454744	0.0641281468074624	0.0041124192129594	1.082331864944874	-0.0017619226774171	-0.0004258249572547	3.1043715211966423e-06	1.813268942210522e-07	0.0083344366003819	8.139440150699978e-05	6.6250485966826885e-09	6.946283344578539e-05	-0.0037472352859693	-0.0001291760043331	1.6686440095490897e-08	1.4041772288413424e-05	0.0	0.0	0.0	0.0	0.0	0.0	0.0	0.0
563.021987997001	-0.7614592940880129	0.579820256553015	316993.7589680952	739.5326647968412	-0.8398971557617188	546908.5623015171	0.7054272322566248	632.1714741124516	0.2384670561393704	0.0568665368637776	399640.7726815101	646.5540271382221	443.32580987681513	0.624629	19.075274	0.1544505752252465	0.0932245165144277	-0.0767065416	0.0725707278	0.0448957036	0.0386260904	0.0277818876	-0.0036956318	-0.033006472	-0.0729058301	0.1535780845	-0.0123957446	-0.0176084974	0.060338037	-0.1086096736	-0.0301953962	-0.019241229	-0.1234638977	-0.020337336	0.1024498985	-0.2216042024	0.0021776251	0.0585421563	0.0246589223	0.010502799	-0.1086201777	0.0356602999	-0.0891947216	0.0227204769	-0.074238673	0.0565369842	-0.0029665773	0.023358783	0.0974429112	-0.0257093355	0.0049522043	-0.0183480766	0.1015185577	-0.0066573291	-0.0629003213	-0.0568614872	-0.0159211702	-0.0691017263	0.0202386042	-0.024677419	-0.0372124001	0.0142410885	-0.126919224	0.041693146	-0.0393486086	-0.0866733815	0.049880295	-0.0168319659	0.0015873427	-0.1213323152	0.0039047513	0.033936242	-0.118048769	0.0592844331	0.1827147084	0.0176922447	0.0901527118	0.0003501907	0.0844024838	0.0167590742	0.0333268507	0.0884606573	-0.1379241815	0.0951305538	-0.0095873665	0.0416767066	-0.0444322267	0.0287012819	-0.0461256331	-0.0551438803	0.0601173998	-0.053900364	-0.1515021393	0.0837333379	-0.1191852367	-0.0878341318	-0.0110389461	-0.0413515499	0.084674811	0.0839189519	0.0461124534	0.0407269488	0.0253991103	0.0326557598	-0.0834308912	0.0408017794	-0.0252729016	0.0253718949	-0.0257551543	0.0482149376	-0.0452939162	0.0740098222	-0.0206121028	-0.0214605136	0.0852685503	-0.0357844428	-0.0174544914	-0.1150134811	-0.0645622174	0.0564312898	0.0254064762	0.1097431057	-0.0654269559	-0.0743320983	-0.1153431157	0.0501163674	0.0973229336	0.0451351576	0.0505054445	0.0690855868	-0.0122737225	-0.0309357948	-0.0779695711	-0.0821102293	-0.0609622249	-0.033545155	-0.00749542	-0.0367604142	-0.0173061941	0.0045838181	-0.0725869731	0.025519457	-0.0385236162	-0.1475578046	-0.0163336343	-0.0928663126	0.0471968518	0.0	0.0	0.0	-0.0815063223423351	0.0077182932884199	5.957205128606768e-05	0.0066432805817726	0.3960427797313599	-0.039789365977569	0.1568498833773424	0.0015831936448969	1.0040670372647469	-0.0362847613807275	0.0013165839084563	1.0081506153216069	-0.0005540260587029	0.0012078966187142	3.069448737218692e-07	1.4590142415011977e-06	0.0085376798880538	0.0002032432876719	4.130783398368298e-08	7.289197787087835e-05	-0.0037452121007848	2.023185184499981e-06	4.093278290780224e-12	1.4026613679864896e-05	0.0	0.0	0.0	0.0	0.0	0.0	0.0	0.0
563.8611540959214	0.8391660989203729	0.704199741577237	317939.4010983844	744.9272909584286	5.394626161587325	554916.6688146633	29.1019914232824	632.7128569206305	0.5413828081789234	0.2930953449916969	400325.5593126663	647.80348166615	446.2866877016814	0.642458	19.619741	0.1758804523740144	0.0974821226632715	-0.0694534669	0.0754471771	0.0029525596	-0.0243721894	0.0219248957	-0.0399634857	-0.1466196153	-0.100833355	0.0863106046	0.010694488	-0.009443877	0.0536550779	-0.1129027982	-0.0237468209	-0.0422218509	-0.0851580907	-0.0537379162	-0.0325305473	0.0845236179	0.0442807884	0.0480265707	-0.0162455804	-0.0097229976	0.0747870269	-0.0887452687	-0.0009794245	-0.0169486477	-0.0952359698	-0.013414055	0.0095842556	0.020654841	-0.1243975963	-0.0617725451	0.0923377224	0.0281428321	-0.0468492684	0.0658593605	0.0726982569	-0.0770601574	0.0750355427	0.0874219974	0.0395736716	-0.0091999265	0.0375710847	-0.0054350862	0.0251184914	0.0019645752	-0.0565148284	-0.0096702094	-0.1372570231	0.0439301667	-0.1088078016	-0.0386925192	0.0741971219	-0.0210250241	-0.0958187596	-0.0454402135	-0.0245089577	-0.0005454839	0.0997295455	-0.0012932448	0.1021012255	-0.0877619302	0.0219403453	-0.0045423714	-0.0988750526	-0.0223552472	-0.0435808866	-0.0693162198	-0.0010195686	-0.0391972507	-0.0707244317	0.1056857336	0.0333428866	0.1258508217	-0.0157433772	0.0082360136	0.005597047	-0.1254777874	-0.1192107317	0.0326334868	-0.039919121	-0.1141097986	0.0267305469	-0.0729630723	0.0131864062	-0.0300629992	0.0202544003	-0.052866714	-0.1017531837	-0.1351958153	-0.0588376406	-0.1311694677	0.0162336089	0.0019795041	-0.0399027148	0.0112960793	-0.0806885672	0.0225344115	-0.016301356	-0.0386180982	0.0082064732	0.0038160869	0.0189628023	0.1072411211	-0.0522854374	-0.108832286	-0.0535222966	-0.0063737266	0.1041721727	-0.0274137783	0.0119308432	-0.0868787114	-0.0274636765	-0.1259459668	-0.0485572235	-0.0503916463	-0.0053327106	0.0012153981	0.0125734598	0.0562915494	-0.0129749021	-0.0558334925	-0.1043412955	0.0623800608	0.0179761371	-0.046395539	-0.0178027522	-0.0918459034	0.051072316	0.0	0.0	0.0	-0.0776758979339433	0.0038304244083917	1.4672151148403609e-05	0.0060335451198443	0.4769959487150288	0.0809531689836689	0.2275251350905504	0.0065534155684984	0.9579533554963432	-0.0461136817684036	0.0021264716462376	0.9176746313067032	-0.0012783326849474	-0.0007243066262445	1.634134453404829e-06	5.2462008882169e-07	0.0085551308222213	1.745093416750075e-05	3.0453510331844514e-10	7.319026338532091e-05	-0.0039031180846438	-0.0001579059838589	2.4934299738478693e-08	1.5234330782673484e-05	0.0	0.0	0.0	0.0	0.0	0.0	0.0	0.0
563.994083616773	0.1329295208515759	0.0176702575138295	318089.3263547235	744.6520639095667	-0.2752270488618933	554506.6962847774	0.075749928425227	631.6084243639381	-1.1044325566924726	1.2197712722822718	398929.20172749646	647.445808927174	445.8266830672388	0.68696	20.978758	0.1657180314279158	0.084668279184316	-0.0562196478	0.0678293444	0.0003361152	-0.0013396675	0.0236410236	0.0276926367	-0.168488946	-0.1657541495	0.0095851729	-0.023197421	-0.0391411442	0.0646200047	-0.1180661955	-0.0638463394	-0.0736294329	-0.1509457375	0.0379750187	-0.0644580264	0.0011635113	-0.0516030517	0.0169079087	0.0548130537	0.0008250974	0.0448525874	0.0184380468	-0.1790024057	0.1203731446	0.0915183309	-0.1480674686	0.0326810411	0.0281396132	-0.0089059748	-0.0703678046	0.0262568803	0.0093082453	-0.0613440489	0.039144769	-0.0818919129	-0.0535660951	0.1055036819	0.010528439	0.0627614665	0.0659635729	0.0002680991	0.0284927454	0.103933327	-0.2091579036	-0.0648892563	0.0387486284	0.0245221169	-0.0042340162	0.0804460646	0.0935337067	-0.0983074828	0.0613394906	0.0486158848	0.0066680356	-0.1123963304	-0.0084672786	0.133302977	-0.0053673794	0.0965090479	-0.0800922295	-0.034858187	-0.0357031401	-0.1411179171	0.1037774043	-0.1676349288	0.002214766	0.0395873361	-0.0139700908	0.0215571423	-0.0036490628	-0.1021344663	-0.0379382001	-0.0779191602	-0.1664772589	0.0501408492	0.1185033506	0.0168654229	-0.1302337287	-0.0948805018	0.1224495924	0.0207685302	0.0369546513	0.0442493557	0.0098940231	0.0410827741	0.0785106692	-0.1089836241	-0.1640256572	-0.0382754039	-0.0683669377	-0.0898149466	-0.0677811828	-0.0021294479	-0.0021965876	0.0217123994	-0.0186123727	-0.0411538389	0.0237704734	-0.0060210087	-0.0718024382	0.0084447738	0.1043764432	-0.0524969525	-0.1173340027	-0.1014158287	-0.1017753422	0.0139448456	-0.0136942779	-0.0937996713	0.1259664729	-0.0764467753	-0.0303928767	-0.0621776351	0.0333485154	-0.0609205175	0.032485679	0.0303825393	0.038609705	-0.0084605099	-0.0730770471	0.0193236106	-0.0244476457	-0.0009233234	-0.0911769247	-0.0192677695	-0.0907408796	0.054841925	0.0	0.0	0.0	-0.0702949739134624	0.0073809240204809	5.447803939611202e-05	0.0049413833574943	0.408014618740296	-0.0689813299747328	0.1664759291057891	0.0047584238850829	0.9828089570800104	0.0248556015836671	0.0006178009300859	0.9659134461166976	-0.0005600242115724	0.000718308473375	3.136271175472883e-07	5.159670629223232e-07	0.0088528258935345	0.0002976950713131	8.862235548417065e-08	7.837252630123492e-05	-0.0041771180569363	-0.0002739999722925	7.507598481629077e-08	1.744831526158329e-05	0.0	0.0	0.0	0.0	0.0	0.0	0.0	0.0
564.6047469363704	0.6106633195973927	0.3729096899017074	318778.5202630828	743.1472712342844	-1.5047926752822605	552267.8667429631	2.264400995583143	632.9859019591745	1.377477595236428	1.8974445253783323	400671.1520790697	646.5797746258227	448.3567465989486	0.694084	21.196323	0.1600822261369146	0.0704297187286598	-0.0508418555	0.0595209712	0.015328907	-8.5496e-06	0.0124472647	0.001979649	-0.138326159	-0.0380385876	0.0966696657	0.1088877981	-0.0041339804	0.0709910127	-0.022216761	0.0421456712	-0.0443266939	-0.1305032269	0.013360359	0.0369498499	0.0091849495	-0.0692613632	-0.0277806454	0.0181296415	0.0218728944	0.0504568442	0.0584205526	0.0279522254	-0.0550744654	0.0709988332	0.0081598082	0.0299912248	-0.0564026315	-0.104015864	0.1265674081	0.0094342631	0.0364264095	0.0749806064	0.1521951524	0.0394521031	-0.0480479567	0.0675621771	-0.0990178281	0.0884193028	-0.0321216375	-0.089886259	0.0658383373	-0.0118707313	0.1755789204	0.022458793	-0.0387605255	0.023103056	0.0034338887	-0.0488686262	0.0359461226	0.0509556909	-0.0351497377	-0.0647445948	-0.0022033241	-0.0295202849	0.0238833082	0.0783126549	0.0366134248	-0.0536941598	0.0104041935	-0.068134737	0.0603293179	-0.1592067617	0.0258374675	-0.0015953705	-0.1514875339	0.0658671924	0.0125588219	0.0092202096	0.0071356434	-0.0871080836	-0.0383671512	-0.068324566	-0.0116702276	0.0465090224	-0.0848790575	0.1069646708	0.1067284309	-0.0714640554	0.0045415374	0.0349305819	-0.0581422674	-0.0182549912	-0.0165126784	0.0154143747	0.0349736271	-0.0533498955	0.1163519607	-0.1260731033	0.0188061165	0.0766542972	-0.0101434924	0.0242637451	0.0653516984	0.0234706274	-0.08231433	0.0167983556	-0.0481317124	-0.0716916589	0.0585874843	0.0108947169	0.0958666444	-0.0358258327	-0.1075592704	-0.1033725293	-0.0295285721	-0.0977323641	0.0964746265	-0.0003305009	-0.0484994445	-0.0063036766	-0.0743369362	0.006880209	-0.0199960041	-0.0636126118	0.0232911589	-0.0522644852	0.0676354729	-0.0203941272	-0.0400212308	-0.1016860836	0.0863924969	0.0473731127	-0.0238230543	-0.020728349	-0.0895522592	0.0584978657	0.0	0.0	0.0	-0.0634139139181257	0.0068810599953366	4.734898665942306e-05	0.0040213244784154	0.4387890050185206	0.0307743862782245	0.1925357909251432	0.0009470628508013	0.951908760666072	-0.0309001964139383	0.0009548221384199	0.9061302886328172	-0.0015147874985388	-0.0009547632869663	2.294581165729435e-06	9.11572934138884e-07	0.0084099671723285	-0.000442858721206	1.961238469482139e-07	7.072754783964302e-05	-0.0037442083961204	0.0004329096608158	1.8741077442773746e-07	1.40190965135785e-05	0.0	0.0	0.0	0.0	0.0	0.0	0.0	0.0
565.1436639621359	0.5389170257654996	0.2904315606599321	319387.36091654754	740.8206522479747	-2.3266189863096542	548815.2387971147	5.413155907456563	633.32323759636	0.337335637185447	0.1137953321153115	401098.3232795354	647.1113126629862	448.8632605594137	0.702531	21.454275	0.160461142326093	0.076674393805502	-0.0436341451	0.0639517853	0.0317714886	0.013442921	0.028281462	0.0960868432	-0.0917675477	-0.0566313586	0.0395091709	-0.0737461427	-0.0067502999	0.085047444	0.0546227892	0.0157288472	-0.0602944958	-0.1485359457	-0.0313908874	0.0267235246	0.0647134907	0.044304308	0.006946801	0.1053083867	0.0347362164	-0.0666739933	0.0123727062	-0.1499708869	0.0524085697	-0.0889276989	-0.0038556889	0.0239176095	-0.0139929061	-0.0657751108	0.0131036236	0.0810530548	0.0371143052	-0.0731938173	0.0794858445	0.0968614584	0.0985732346	-0.0560244893	0.0032361863	0.0690104067	0.0371889709	-0.0918169806	-0.0462926223	0.093955593	-0.0016525905	-0.0468359991	-0.0913602739	0.0053188224	-0.013731492	0.1167313195	-0.0372830827	-0.0438294548	-0.0201442696	0.0337058496	-0.0944731549	-0.1262726873	0.0213685125	0.0930500111	0.0276994549	-0.039824112	0.0354263091	-0.0779723189	-0.0626985502	-0.1293967373	-0.0170330769	-0.1591687156	0.0455246952	0.1068986232	-0.0517912183	0.0029901092	-0.0741045614	-0.1269408199	-0.0371899032	-0.1161789117	-0.0041078393	-0.0548556228	0.042041193	-0.0982302342	-0.1119153894	-0.0393753371	-0.0165331921	-0.0293108094	-0.0890527576	-0.0519445542	-0.0572454673	-0.058544268	0.0080805861	0.0195418306	0.0564087981	-0.0580438666	-0.0384254846	-0.0613360519	0.0142487391	-0.1070397617	0.1332117331	0.1050392196	0.0160836328	-0.0321044426	0.0465373002	0.0207283596	-0.036106625	0.0020554139	0.0976256357	-0.0588235481	-0.1227160171	-0.0850772534	0.0328770441	-0.0927670678	-0.1389819323	-0.0094293807	0.1419683204	-0.0612256929	-0.0374835082	-0.033575716	0.0113089648	0.0532350225	0.043665106	-0.0239404577	0.1265007691	-0.0524499618	0.0015942018	7.80679e-05	0.0275518441	0.019830243	-0.0484044127	-0.022184154	-0.0882811372	0.0620325607	0.0	0.0	0.0	-0.0906077372398641	-0.0271938233217383	0.0007395040268539	0.0082097620477282	0.4093472921517218	-0.0294417128667988	0.167565205591947	0.000866814456531	1.0072178967488128	0.0553091360827407	0.0030591005342191	1.0144878915311022	-0.0017709651251627	-0.0002561776266239	3.136317474542538e-06	6.56269763826544e-08	0.0089321447472789	0.0005221775749504	2.726694197810808e-07	7.978320978634204e-05	-0.0039361825956424	-0.0001919741995219	3.6854093282112575e-08	1.549353342623814e-05	0.0	0.0	0.0	0.0	0.0	0.0	0.0	0.0
564.1675788998014	-0.976085062334505	0.9527420489125544	318285.0570816636	741.5452282503716	0.724576002396816	549889.3255408957	0.5250103832493507	632.7291592488247	-0.5940783475352873	0.3529290830102576	400346.1889637245	646.1080816948454	447.3523649464483	0.687577	20.997595	0.0905656804313207	0.0587249109560822	-0.0386068445	0.0679363936	0.0167065164	-0.0232733345	0.010317287	-0.0191648552	-0.0557723355	0.057850695	0.2062216271	0.0322813865	-0.0356950469	0.0774876466	-0.0203899733	0.0154387056	-0.0438854641	-0.1271404837	-0.0637783814	0.0943466666	-0.0262904699	-0.0853476103	-0.1008345679	0.0653578569	-0.0536717306	-0.0141213419	0.0336400375	-0.0124291947	-0.1149674156	0.0175202241	0.0262232076	-0.1458467056	0.0065852885	0.098021094	-0.0151065078	0.0486494073	-0.0647725281	0.0082664185	0.0900286018	-0.0630775528	-0.071795792	-0.0726786894	0.0415977732	0.0557597308	0.0836433147	0.0098804335	-0.0231691036	-0.0320689835	0.0059132939	0.0140599355	-0.1396854306	0.0385208444	0.0699084956	-0.0336464291	-0.0113630282	-0.0778046478	0.0684407269	0.1144910226	-0.0172562628	0.0797481353	0.0083475366	0.0662571275	0.0600065791	-0.0665851855	0.055262194	0.0340536983	0.0764369596	-0.2343234145	-0.0184167155	0.0543283049	0.0353787963	-0.0368049392	0.0568339828	0.049483202	0.0025830897	0.0540146623	-0.0016230782	0.0083495931	0.0243821258	0.070285268	-0.0239173133	-0.0881748028	0.0037907592	0.0617912437	0.100140562	-0.0329385684	-0.0384156707	0.0980060305	-0.045025119	-0.0187540753	0.1444694522	0.0628600912	0.0664414248	-0.1146609467	0.0731584684	0.012661741	0.1485547118	0.00393807	-0.0353743893	-0.0165596794	-0.1198333574	-0.0424127729	0.0629496658	0.006108667	0.0185254129	-0.0011322063	0.0986420222	-0.0541583402	-0.1321953242	-0.1203697311	0.0326316636	-0.070907645	0.1322658075	0.0597855568	0.0230659762	0.028450178	-0.0827580126	-0.0205378231	0.0296537701	0.0442774831	0.023940835	-0.0334835287	0.1260729447	-0.0497176258	0.0066988847	-0.0243780442	-0.0278043294	0.0382187865	-0.0303239905	-0.0236348494	-0.0869286846	0.0654386837	0.0	0.0	0.0	-0.0855358675814983	0.0050718696583657	2.572386183145161e-05	0.0073163846429196	0.407600518367559	-0.0017467737841627	0.1661381825735028	3.051218653038322e-06	0.9918179275529156	-0.0153999691958971	0.0002371590512345	0.9837028014153606	-0.0008279788191704	0.0009429863059923	6.855489249948099e-07	8.892231732890038e-07	0.0088669333267838	-6.521142049509959e-05	4.252529362988695e-09	7.862250662162923e-05	-0.0042949262250129	-0.0003587436293705	1.2869699161391873e-07	1.844639127830356e-05	0.0	0.0	0.0	0.0	0.0	0.0	0.0	0.0
564.8569711944139	0.6893922946125031	0.4752617358710922	319063.39790692687	741.2105354932869	-0.3346927570846674	549393.0579262452	0.1120192416449361	633.4917621983891	0.7626029495644389	0.5815632586843821	401311.8127732204	648.0134474471724	446.7390668454378	0.701477	21.422102	0.2788160376110626	0.1552554469033275	-0.0157030777	0.0676856247	-0.0078346168	-0.0585044759	0.047422637	-0.0663368507	-0.0712032545	-0.0415333606	0.0970569997	-0.0969131326	-0.0231905134	0.0794734473	0.0470003069	0.0508235705	0.0054457037	-0.07322382	-0.0735913745	0.1295721941	0.1882185545	-0.0138595609	-0.0638160073	0.0866786838	-0.020815323	0.0771413439	-0.0173572623	0.0555126093	-0.0414254854	-0.0378414883	-0.0163222707	0.0270429815	-0.1064743662	0.0126604201	-0.0254385216	0.0378690655	0.1335216714	-0.0289744931	0.0995476355	0.0522871405	-0.1092006113	-0.0155044035	0.083739442	0.0181910311	0.0332195031	0.0430971738	0.0158100936	-0.0523841972	-0.0278807744	0.005262709	-0.0360344974	0.0803414336	-0.0730780742	0.0595821804	-0.1129087407	-0.0097206115	-0.1741320878	0.0273482561	-0.0014081324	-0.0725673331	-0.0103081143	0.0938223433	0.057871548	-0.0590475357	-0.046192421	0.0242158621	-0.0271682454	-0.1252719852	-0.1660506239	-0.0636348195	0.0769857816	0.0652911633	-0.0382320112	-0.0109512546	-0.0052166895	-0.036765436	0.0230806146	0.097207803	0.0275928036	0.0279638735	-0.103551255	0.0034776127	0.0984870274	0.0334317053	-0.0398082387	-0.0188739044	-0.166600137	0.0009804601	0.0312003366	0.0655173279	0.0549618854	0.0342922883	-0.0061778609	-0.0681626146	-0.0337026366	-0.0944754176	-0.0218754239	-0.0436647938	-0.0760204128	-0.0310624301	-0.0500912265	-0.0420755271	-0.0782669948	0.1416254758	0.0097033248	-0.01202826	0.0892764767	-0.0245622961	-0.1851185541	-0.0418260762	0.025690084	-0.080292991	-0.1573239008	0.0505028738	-0.047913725	-0.0535244917	-0.0558503667	0.0163762149	0.0008570457	0.088530896	0.0272963872	-0.0010701752	0.0116825146	-0.0066954755	0.0168361792	0.0754768625	-0.0386118334	-0.0425692409	-0.092544788	-0.0250801009	-0.0854961475	0.068709175	0.0	0.0	0.0	-0.1240929940216091	-0.0385571264401108	0.0014866519993186	0.0153990711652471	0.5333008720596553	0.1257003536920962	0.2844098201395887	0.015800578918318	0.91129039673487	-0.0805275308180456	0.0064846832196512	0.8304501871811968	-0.001018967412739	-0.0001909885935686	1.0382945882240118e-06	3.647664287331192e-08	0.0087941228412176	-7.281048556619964e-05	5.301366808385766e-09	7.733659654642512e-05	-0.0038781047709315	0.0004168214540814	1.737401245825327e-07	1.5039696614321662e-05	0.0	0.0	0.0	0.0	0.0	0.0	0.0	0.0
564.1587752493319	-0.6981959450819204	0.487477577728836	318275.12369082624	739.294306869027	-1.9162286242599291	546556.072168955	3.6719321404331016	633.1954716235135	-0.2962905748755702	0.0877881047600958	400936.5052845237	646.8890423536566	446.1180695471557	0.7496169999999999	22.892208	0.3362887548897277	0.1703290356998017	-0.0338810531	0.0677467718	0.0082748883	-0.0035731246	0.0417573158	-0.0232927623	-0.0803393334	0.008915492	0.126406723	-0.0283582136	0.001125339	0.0551677352	-0.1003459031	-0.0324168008	-0.0067225933	-0.0974817141	-0.0380546971	0.0939684417	-0.0057796238	0.026330337	0.0228492982	-0.0131671799	0.0407460303	0.0673795733	-0.1151256112	-0.0794462108	0.0253198343	-0.017678561	0.0416620615	0.0354676661	-0.0676666073	0.1031635479	-0.1458555629	0.0113377018	-0.0961091172	0.0071228571	-0.0393732473	0.0573139402	-0.0039854484	0.0430374134	0.0327542034	-0.0310264526	-0.127252574	0.0503731383	0.0812337738	-0.0680237798	0.2153054303	-0.0104716575	0.0534109395	0.1533305714	-0.0093098419	0.0297166006	-0.0867108836	0.0929752997	0.0025266607	0.0131214117	-0.0085784597	0.0320771697	0.0172599767	0.0844107843	0.0368815943	0.0698254661	-0.0065091316	0.0338824828	0.0962865665	-0.1323462684	0.0182432263	0.0049449038	0.1088333155	-0.028267622	0.0089056341	0.005635505	0.1187777182	0.0627499343	-0.0763329256	0.0486454387	0.0757882826	-0.0938284254	-0.0800305089	-0.0149735297	-0.0117029232	0.0922042799	-0.0181004769	-0.0021601845	-0.0332945876	-0.0050293217	-0.0221351639	0.0107832877	-0.0469442484	0.0208199286	0.0036325525	0.0327534633	-0.102837875	0.0184670179	0.068600808	-0.0389886868	-0.0185827288	-0.0325451043	0.0207888266	0.0567876787	-0.0474358274	-0.038634466	-0.0240307727	-0.0063420673	0.0819227646	-0.0508666395	-0.1419158423	-0.0273931162	0.0356004496	0.0743121097	0.0712337969	0.0696545567	0.0807114372	0.0232919709	0.0042157494	0.01724324	-0.0907122158	-0.0241182012	-0.0179275864	0.0264864044	0.0051899347	-0.0655807425	-0.0511863049	-0.1027849324	-0.0030030231	0.0567057762	-0.0750522051	-0.0265195758	-0.0839848456	0.0718372561	0.0	0.0	0.0	-0.0766206854816005	0.0474723085400086	0.0022536200781177	0.0058707294436703	0.4351829949258672	-0.098117877133788	0.1893842390726473	0.0096271178132411	1.028783277451126	0.117492880716256	0.0138045770190043	1.0583950319630806	-0.0016420771146761	-0.0006231097019371	2.6964172505429856e-06	3.8826570064814166e-07	0.009532954976487	0.0007388321352693	5.458729241067408e-07	9.087723058372826e-05	-0.0039802767037185	-0.0001021719327869	1.0439103849431212e-08	1.5842602638164206e-05	0.0	0.0	0.0	0.0	0.0	0.0	0.0	0.0
567.3485317011229	3.189756451790913	10.174546221741757	321884.35642342	750.1462949836779	10.851988114650908	562719.463877739	117.76564604052456	633.6458396709071	0.4503680473935674	0.2028313781130945	401507.0501322489	650.2667044280769	453.6468177297841	1.031826	31.510471	0.432591612474539	0.313354093759123	0.0076354685	0.096710003	-0.0810278837	-0.2066156928	0.114282762	-0.0852700074	-0.2372441448	-0.0958138643	0.0434633268	-0.0766036403	-0.0602698022	0.0598153655	-0.0252763767	0.0584077908	-0.1032874498	-0.0072189544	-0.1375715579	0.1724175909	-0.0885242004	-0.0160285868	0.0467382389	-0.0583325136	-0.1866213695	0.115337979	-0.126100532	0.0657861828	0.0777727106	-0.046624017	-0.0927957899	-0.1380401472	0.0257825856	-0.0360579435	-0.0602213054	-0.1894588686	0.0217869717	-0.025215029	-0.0467683199	-0.0974351844	0.023871814	-0.0165951808	0.0248165511	-0.0231349968	-0.0885349165	0.0450095414	-0.2128187501	0.0190418189	0.0237708429	0.002441718	0.0813739522	-0.1757055023	0.1679156186	0.1515136051	-0.0178063592	0.0371920322	-0.0356440174	-0.0669653475	0.1082219839	-0.0968958306	-0.0705906798	0.1324617343	0.1097468073	0.0751780117	-0.1358320374	-0.0144035131	-0.157580662	-0.1129341442	-0.1391974769	-0.0071056484	0.1978826862	-0.1027170119	-0.0206783585	-0.1323415317	-0.1376901705	0.3138451299	0.2244555587	-0.0211505903	-0.054828793	0.1280076405	-0.0353021363	0.115901187	0.1000596828	-0.0128322145	-0.1345944203	0.0001985379	0.0684625806	0.0346529022	-0.0581669965	0.0346682375	0.0398413118	0.0368556216	-0.0317609332	0.0203700491	-0.0321107265	0.0442613338	0.1184203223	0.0603831949	0.0359032636	0.1293827897	-0.0121925414	-0.0316741493	0.0112381889	0.176897893	-0.0834269251	-0.0386382089	0.0960121832	0.0216721352	-0.2558633942	-0.0298017698	-0.1055019968	0.0154151593	-0.1162886648	-0.0912310976	-0.2460603279	0.0461579767	-0.1814705221	0.0263154994	0.1382817235	0.2994887958	-0.0420729897	-0.2417578481	-0.1205379034	-0.0999114288	-0.1049256136	0.192877189	0.0293562845	0.1063047516	-0.0180148851	-0.0279529424	-0.0823961712	0.0748164435	0.0	0.0	0.0	-0.0785142397379701	-0.0018935542563695	3.585547721815421e-06	0.0061644858416314	0.4644243924947062	0.0292413975688389	0.2156900163440769	0.0008550593317789	0.7197408414064057	-0.3090424360447203	0.095507227276455	0.5180268787884008	-0.0015674013266086	7.46757880675001e-05	2.456746918654399e-06	5.5764733235021915e-09	0.0082801729489456	-0.0012527820275414	1.5694628085307427e-06	6.856126406445046e-05	-0.0045011033802018	-0.0005208266764833	2.7126042693664026e-07	2.025993163926407e-05	0.0	0.0	0.0	0.0	0.0	0.0	0.0	0.0
564.9819020686807	-2.366629632442141	5.600935817153223	319204.5496651443	741.6260732014974	-8.520221782180442	550009.2324522728	72.59417921754208	633.6720800889277	0.0262404180206203	0.0006885595378968	401540.3050842284	648.2902671653079	444.0926741143932	0.986179	30.116478	0.2348152717251826	0.1020931452182632	0.0240770002	0.0965889658	-0.0344683969	-0.1057067966	0.0782042212	-0.1235530202	-0.1261090815	0.0094694651	0.0842626595	-0.0048601702	-0.0662532939	0.0628333288	-0.054199075	0.0889090688	-0.1193579654	-0.064226834	-0.1039754945	0.1951931062	0.0840273788	-0.0837779671	-0.0395075325	0.1252959468	-0.0913402876	-0.1360466165	0.1885557941	0.0407698987	0.1257938756	0.0637784509	0.1461641831	-0.0698045322	-0.0357756385	-0.1263891767	0.0429282188	-0.1340041164	0.0407667839	0.1053477901	-0.0534071545	0.1287874818	-0.0073064744	0.0307993922	-0.0265696029	-0.0995102529	0.0003713602	0.0123970483	0.0101938299	0.0623514742	0.0214666328	0.1815647745	-0.005596694	0.0908379123	-0.0602115031	-0.0418902982	0.0252368256	0.0041873122	0.0214130531	0.0019617671	-0.0217621637	0.0318883951	-0.0393129289	0.1004642444	0.1524109813	-0.0505154226	-0.1357354804	-0.003932358	0.0291603478	-0.1095286451	-0.1476504425	0.0361746998	0.0476538783	0.0655564531	-0.0385823139	0.0260713522	-0.2541205838	-0.1909171253	-0.0552493083	-0.0133741362	0.0575562369	0.1073525894	-0.1065634335	0.1185635704	0.0785401588	-0.0795115932	-0.0956628364	-0.0823088363	-0.0260676456	0.0574696887	0.0380737012	-0.109129675	0.0776252542	-0.0612783028	0.0231379556	0.0775742304	0.104858321	-0.0198845697	-0.1318866532	-7.34213e-05	-0.065472426	-0.074489066	0.1528615381	0.0599685625	0.0144562724	-0.0218020071	-0.0080818796	-0.0534696149	0.090896364	0.0371078299	-0.2494727871	-0.0465358909	-0.0696528461	-0.0733143175	0.0614147611	0.0440051755	-0.0628088473	0.0063827964	0.2146907194	0.0724489435	-0.0179195336	0.0721770039	0.0457419002	-0.0390449573	0.0807399878	-0.1535187343	-0.0062813389	0.0217784288	0.2065818157	-0.0266186458	0.0541258983	-0.0293798706	-0.0807315878	0.0776405624	0.0	0.0	0.0	-0.0506623923805591	0.027851847357411	0.0007757254012205	0.0025666780017217	0.4553757821002477	-0.0090486103944584	0.2073671029234123	8.187735007070202e-05	0.7937739325642639	0.0740330911578581	0.0054808985863877	0.6300770560185366	-0.0003838365218486	0.00118356480476	1.473304755048308e-07	1.4008256470665768e-06	0.0092284653598186	0.000948292410873	8.992584965193275e-07	8.516457289737185e-05	-0.0041553261395257	0.000345777240676	1.1956190016957753e-07	1.7266735325825556e-05	0.0	0.0	0.0	0.0	0.0	0.0	0.0	0.0
566.1083965207652	1.1264944520844438	1.2689897505770311	320478.7166113119	746.4837626811094	4.857689479611963	557238.0079465469	23.597147080332743	634.5051317063053	0.8330516173775777	0.6939749972153981	402596.7621616359	648.5324376113672	450.0916509960009	0.878591	26.830891	0.4734885164583872	0.2500018059868095	0.001006048	0.0451240646	-0.0205010754	-0.1024175235	-0.0441056067	-0.0049546227	-0.1855270961	0.0018777169	0.0729045516	-0.1424206324	-0.0092430912	0.0349578599	-0.1338219163	-0.0355404137	-0.0231455884	0.115038863	-0.1037862928	0.0892683156	-0.0155465823	0.0204505419	0.1297571742	0.0658296038	0.0642130278	0.1197109526	-0.0004260609	-0.0236976411	0.0519023067	-0.0220856412	-0.0882847615	0.0694368465	-0.0977891486	-0.0170396628	0.0490762339	-0.1201208417	0.0102282594	-0.0808717958	0.0609295059	0.0615311424	-0.0275302593	0.0297244021	-0.0305000835	-0.0282906658	0.1379945289	0.1804154336	-0.0458127034	0.0418066789	0.0771563381	-0.0672910484	0.0001026082	-0.0346681104	0.003417067	-0.0691507637	-0.0247445111	-0.0101143278	-0.063131363	-0.0039184364	0.0493379578	0.0055076839	0.0126211488	0.0712708986	0.0385614072	0.0340679528	-0.1614523988	-0.079031042	0.1752058828	-0.0198382905	-0.0598779307	-0.0497572361	0.0417455008	-0.0968721072	0.0458411897	0.052975377	0.0874637243	0.079519737	0.0016946566	-0.028726546	0.0080688596	-0.0566696754	0.0086592023	0.0213273756	0.066141972	-0.0740429617	-0.1382732325	0.042814533	0.0773336987	-0.1286377163	-0.0684039763	0.0187898755	0.052085308	0.0063347904	-0.0780077657	-0.0008387871	-0.109391089	0.0393163602	-0.1647745458	-0.0208211892	-0.0911823992	-0.0576522068	0.1606959486	0.0070411272	-0.1169173446	-0.0355784339	0.065576901	-0.0194208684	0.0603800392	0.0015022935	-0.1589924387	0.0765576993	-0.0266772782	0.0850037351	-0.071497653	-0.02510875	-0.1262161634	0.0060623245	0.117169593	0.0342893302	-0.0991366055	0.0393964203	0.0232033373	-0.0095980325	0.0995556459	-0.0545596996	-0.0930015152	0.0004807743	0.1500234597	0.0252515986	-0.0125037206	-0.0308000317	-0.0789926291	0.0803037594	0.0	0.0	0.0	-0.0845724976169748	-0.0339101052364157	0.0011498952371447	0.0071525073531732	0.5385331428299054	0.0831573607296576	0.2900179459262553	0.0069151466435224	0.9362994288802328	0.1425254963159689	0.0203135171001132	0.8766566205214501	-0.0026842871514834	-0.0023004506296348	7.2053975116188665e-06	5.292073099387147e-06	0.0077020939312422	-0.0015263714285764	2.329809737974361e-06	5.9322250925677926e-05	-0.00370423711421	0.0004510890253157	2.034813087602683e-07	1.3721372598290828e-05	0.0	0.0	0.0	0.0	0.0	0.0	0.0	0.0
564.3835898819973	-1.7248066387678591	2.97495794113768	318528.8365280905	749.1233889021963	2.639626221086928	561185.8518003112	6.967626587049656	632.9806427812155	-1.5244889250898268	2.324066482721536	400664.4941357207	647.5521083412636	448.5153439138247	0.730091	22.29594	0.2487814629454643	0.1120573226620833	0.0136425665	0.0479688377	-0.0445570337	-0.1492927504	-0.0742555731	-0.0289754632	-0.1100415174	-0.047077291	0.0657031547	-0.1046955125	-0.0496841677	-0.0052781516	-0.0581352271	-0.041876218	-0.1157008127	0.0085427762	-0.1284997022	0.0248843928	0.0774931932	-0.0495841436	0.0779046451	0.0115130299	0.0105487571	0.0610586633	-0.0827723277	-0.0974306206	-0.0275017228	-0.0426387252	0.1119660694	0.0221599814	0.1136164812	0.0270012878	-0.0342054131	0.0352855541	-0.05997213	-0.0921378447	0.0386568571	-0.0388037975	-0.1327376831	-0.056779291	0.0268612486	-0.0514734559	0.0843270825	-0.0681429989	0.0495694718	0.0079129089	-0.0442405126	-0.0452047002	-0.1113321896	-0.0174601826	-0.0299677847	-0.0075621494	0.083619959	-0.01701712	0.0556571717	0.1131648776	-0.019453453	-0.0173092709	-0.0172770528	0.0287599265	0.0673904454	-0.0390438694	-0.2478923209	-0.0431534245	0.0705938605	-0.1286672705	-0.0549836403	-0.0299117541	-0.0248454789	-0.100216061	0.0574781812	0.0253759923	0.0700076471	-0.0494180413	0.0152837839	0.1033562691	0.0310198748	-0.0806760596	-0.0050134546	-0.0358680321	-0.0348403547	-0.0391938432	-0.0483728927	-0.049590331	0.0252195393	-0.0157289821	0.0518891407	-0.0357870578	0.0827832026	0.068121919	-0.1482142459	0.0034678969	0.1157416096	-0.0006538047	-0.0091479466	0.105978444	0.0379816957	0.0123512828	0.0324296195	-0.0358356477	0.0575777082	-0.0386846515	0.0718209534	-0.0232201185	0.0576593707	-0.0017332569	-0.1694330849	-0.0256711171	-0.0860166095	0.0247247186	0.0208668281	-0.1150166264	-0.0422827986	-0.0194878309	0.1181965802	0.0055940424	0.0369647972	-0.0267567959	0.0747622059	0.0753930791	0.1212964975	0.00470122	-0.1135608003	0.0459017709	-0.0211965319	0.0716509627	0.0116817347	-0.0322130987	-0.0771808971	0.0828005146	0.0	0.0	0.0	-0.0496384359974371	0.0349340616195377	0.0012203886612376	0.0024639743282716	0.4706562709075683	-0.0678768719223371	0.2215173253446183	0.0046072697419613	0.9622695931804373	0.0259701643002044	0.0006744494337796	0.9259627699596442	-0.0015210817895573	0.0011632053619261	2.3136898105228384e-06	1.3530467140136294e-06	0.0085966917718305	0.0008945978405883	8.003052963852508e-07	7.390310941985824e-05	-0.0033620330146567	0.0003422040995533	1.1710364575108493e-07	1.1303265991641615e-05	0.0	0.0	0.0	0.0	0.0	0.0	0.0	0.0
565.1228993831817	0.7393095011843798	0.5465785385414964	319363.8914072537	753.7159386880743	4.592549785877964	568087.716232445	21.091513535767728	634.7504748859237	1.7698321047082572	3.1323056788560595	402908.1653679057	649.2491219676162	451.44242055312446	0.762174	23.275696	0.607760374438578	0.3066504273889835	-0.004669628	0.0165027158	-0.0101814331	-0.1763667334	-0.1778544864	-0.0471436015	0.0334636473	-0.1107900799	-0.0246309076	0.0442702229	0.0471066169	0.0659666162	-0.0132222317	-0.1348907421	-0.0606979105	-0.011485223	-0.1596454005	0.0239859395	0.0556124111	-0.0612284816	0.1489664725	-0.1534487682	-0.0370949441	-0.0627462729	-0.0005794363	0.0898438975	0.01265054	-0.0355677046	-0.0563194229	0.0442633324	-0.0207826489	-0.0552108761	0.0438557732	0.0632114896	0.031340815	-0.1585566517	0.1099525751	0.0677164133	-0.0476234009	-0.0712045701	0.1108586989	0.099486943	-0.1381819977	0.0062889124	0.0592884792	-0.0354818055	-0.1030135233	0.103116902	-0.0314048264	-0.0541784317	-0.0217303011	-0.0649995491	-0.1692943991	-0.0521477514	-0.0632830041	-0.1693504828	0.0682800018	0.0351295087	0.0163448533	0.0424255258	-0.0746849609	-0.0865225161	-0.1943643785	-0.0111629787	0.0717073027	0.0032679364	-0.1075211931	-0.0244805865	-0.1157185099	0.0052205101	0.0914789585	-0.141588246	0.0937186661	0.0317620482	0.0280449277	0.0584919513	-0.0635089399	-0.1991725708	-0.0717889831	-0.0190559282	0.0227067539	0.0377922923	0.0053348049	0.0009482855	-0.0651678001	-0.0227246089	-0.0741033742	-0.0520898658	-0.0310656096	-0.1343239322	0.0829938764	0.0727836431	-0.0006937093	-0.0106738655	-0.0275136078	-0.0322149423	-0.1199089754	0.0442129088	0.0136956946	0.0496041679	-0.0709062604	0.1302967198	0.0487186922	-0.0098660775	0.040097113	-0.0850323106	-0.1129260824	0.1738618936	-0.0506772229	-0.0204121422	-0.0350716306	-0.0634797719	-0.0558264423	-0.016597968	0.0869068267	-0.0157361022	0.0562930195	-0.0965845491	0.0640935468	0.1821217443	-0.0017792388	0.0791086986	-0.0130706597	0.0257053478	-0.0203594534	-0.0320698942	-0.0719156556	-0.033618746	-0.0752980608	0.0851256531	0.0	0.0	0.0	-0.1594824430028154	-0.1098440070053782	0.0120657058749975	0.0254346496261462	0.6233787522734815	0.1527224813659132	0.3886010687860426	0.0233241563145617	1.1580281435667388	0.1957585503863015	0.0383214100493461	1.3410291812926274	-0.0031870602942975	-0.0016659785047401	1.0157353319487668e-05	2.775484378256392e-06	0.0091013473362817	0.0005046555644511	2.5467723873155826e-07	8.2834523335642e-05	-0.004180105659085	-0.0008180726444283	6.692428515619121e-07	1.7473283321114443e-05	0.0	0.0	0.0	0.0	0.0	0.0	0.0	1.0
563.6164174872308	-1.5064818959508557	2.2694877028276847	317663.46606114047	743.4982913515103	-10.217647336564028	552789.7092426153	104.40031709439396	633.8797334114007	-0.8707414745230153	0.7581907154545149	401803.51642970846	647.6544080897256	445.69317677953967	0.698921	21.34404	0.3866706303708231	0.1737470524724749	-0.0058005163	0.0036782606	0.0137562869	-0.0571482137	-0.056265017	-0.028566737	0.0371375625	-0.1136563628	-0.0544606403	-0.0107003698	0.0240300736	0.0682218886	0.055872673	-0.0509741265	-0.0066923326	-0.0563410185	-0.0796483572	0.0565957005	0.0568190584	-0.0739299883	0.0388436382	-0.0801096404	0.039237209	0.1695767299	-0.0584742584	-0.0648821086	0.0534802118	0.0725262767	0.1926210829	0.0758830063	-0.0336881773	0.0470308582	-0.0478071635	0.060147346	-0.0387300001	0.0803389181	-0.1006706784	0.0566406947	0.0668626793	-0.0889415652	0.0252309148	-0.0487001631	-0.1193095834	-0.0223078209	0.1051255724	-0.0118518565	-0.1432599503	-0.0348145225	0.0391303931	0.1571849986	0.041109733	-0.0850481589	0.0344478808	-0.0288173285	0.0460756037	-0.0220419792	-0.1313196146	-0.0598664087	0.0124548358	0.0366364514	-0.0324522389	-0.0922848975	-0.0681210637	-0.0353614712	0.0190828571	-0.0635237529	-0.0326707502	0.0237402957	-0.0406901659	0.0040712989	0.1200277014	-0.0390368784	0.1167554541	-0.0276529188	-0.1386341836	0.1219694944	0.0104085518	-0.1550964565	-0.016606502	0.202540446	0.0254859238	0.0102466534	0.0516452364	-0.0202330887	-0.0166285376	0.0144451341	0.0784843154	-0.0444972606	-0.140777941	0.0200465562	-0.0843579152	0.0683765252	0.0113181423	-0.0660564284	0.0174832327	-0.1024747931	-0.0502311272	-0.0166679191	-0.03681616	0.0932743454	0.0646028929	-0.0988049364	-0.1088881725	-0.00860677	0.0148386341	-0.0641434152	-0.0467944407	0.1553803526	-0.0801570844	-0.1161588391	0.0628464731	-0.032100925	0.0180271516	0.0381507449	0.1910135805	0.0070799167	0.0601212755	-0.0917532732	0.0192466808	-0.0607783749	-0.0797141721	0.0105234155	-0.0226422701	0.0052351011	-0.0052212247	0.0362673374	0.0442222828	-0.0350166499	-0.0733458549	0.0872743556	0.0	0.0	0.0	-0.078546882539797	0.0809355604630183	0.0065505649474629	0.0061696127567206	0.5299157708440134	-0.093462981429468	0.2808107241892049	0.008735328897685	1.1896180346564904	0.0315898910897516	0.0009979212190623	1.4151910683799709	-0.004736377955801	-0.0015493176615035	2.243327614019766e-05	2.4003852162466743e-06	0.0078451299987485	-0.0012562173375331	1.5780819991190011e-06	6.154606469726364e-05	-0.00337199671035	0.0008081089487349	6.530400730255868e-07	1.1370361814611222e-05	0.0	0.0	0.0	0.0	0.0	0.0	0.0	0.0
563.8967086022727	0.2802911150419049	0.0785631091714344	317979.49797247647	738.2711721936112	-5.2271191578990965	545044.3236921286	27.32277469087576	633.5837116072663	-0.2960218041343978	0.0876289085229837	401428.3196140396	646.8659264228982	449.2621361442234	0.643638	19.655771	0.1817497514626971	0.1080946998793575	-0.0039466338	-0.008375422	0.0209535856	0.0259367812	-0.0480223246	-0.0171531066	0.0381787766	-0.0627455593	-0.029416928	0.0157748338	0.0311950747	0.0387280105	0.0870569554	-0.0147050398	0.025123371	-0.014845605	-0.1049497785	0.0137404447	0.0169234768	-0.1429419437	0.0232544413	-0.0491570376	0.0609099307	0.0968611866	-0.030731721	0.0080833249	-0.0877280116	0.0572626127	0.0349579975	0.0902466588	0.0823106062	0.0069738371	-0.008515204	0.0266645167	0.0165096904	-0.0280207978	0.0007677515	-0.0155237079	0.0349705228	0.0249560613	-0.047037539	-0.0074649516	0.0430897601	0.0125739065	-0.0357592303	-0.0453690917	-0.1113155364	-0.0143851614	-0.0257721726	-0.0467959805	-0.0512879862	0.0429930626	0.0421725625	0.0937006212	0.0085103116	0.0009922951	0.0187432699	0.0554574639	0.0231786633	-0.0092052092	-0.0509010393	-0.1000043465	0.0106779466	-0.0337800547	0.0216579836	-0.0098949601	-0.0477955016	0.0612113349	-0.0674957833	0.00345481	0.0593664836	-0.0839223321	0.0849399604	0.0193305221	-0.0526116627	0.0524553582	0.0564266351	-0.0022758594	0.0613343119	-0.0076651962	0.0755743576	0.0013324043	0.0637399347	-0.0131122161	0.006051159	-0.0158904036	-0.0273647439	0.0499487823	-0.0473354835	-0.0376407487	-0.1643673161	-0.0610952948	-0.0356309857	0.0188511089	-0.0392504134	0.0084977963	0.0956867521	0.0405874131	0.0359056471	0.0075679287	-0.059755802	0.0212650798	0.0022888968	-0.0033370552	0.0065187593	-0.0732534347	-0.0318519911	0.1581395516	-0.0254805496	-0.146689917	-0.0217916013	0.0348832855	-0.0509756688	0.0159793679	0.0765562809	0.0165220358	-0.0165970464	-0.1227251307	0.0423947441	0.0153113599	0.0487911032	0.1049106988	0.0159070203	-0.0239391572	0.0410845644	-0.0272376423	-0.0025744726	-0.0364064884	-0.0713260778	0.0892421688	0.0	0.0	0.0	-0.0881395302066039	-0.0095926476668068	9.20188892594958e-05	0.0077685767850408	0.6292692721521149	0.0993535013081015	0.3959798168748524	0.0098711182221789	1.2328577485941992	0.0432397139377087	0.0018696728614148	1.5199382282687577	-0.0043664189658555	0.0003699589899454	1.906561458538261e-05	1.368696542414944e-07	0.0076811206400722	-0.0001640093586763	2.6899069733411273e-08	5.899961428734316e-05	-0.0034293061327298	-5.730942237979972e-05	3.2843698935062884e-09	1.1760140551978216e-05	0.0	0.0	0.0	0.0	0.0	0.0	0.0	0.0
563.8340409872515	-0.0626676150212688	0.0039272299724539	317908.82577601355	734.7673706438557	-3.503801549755508	539883.0889628852	12.2766253000691	633.4225690183387	-0.1611425889276461	0.0259669339663043	401224.150941792	646.568360238705	446.6915646387183	0.631735	19.292271	0.2115492641413961	0.1215793600563977	0.0018464417	-0.0097748278	0.0362297162	0.0826012169	0.0180350085	0.0703836071	0.0959947187	-0.0304047822	0.0206760767	0.0396845912	0.012341529	-0.0010048701	0.0404072423	-0.0550368573	0.0911464363	-0.086577272	-0.0069468008	0.0147752018	0.0611081273	-0.0896279184	0.0001710281	-0.1314086668	-0.0415510818	-0.002801528	-0.0143103073	0.062234096	-0.0335966354	-0.0327955198	0.0300443713	-0.0236333272	-0.021192868	0.0227791385	0.0915944978	0.0125079489	-0.1052105606	-0.0345112741	0.0103416371	-0.0307178974	0.0303497813	-0.0277566876	-0.0321748791	0.019630874	0.0486811063	0.0224830121	-0.0305593729	-0.0171859228	0.0450586549	-0.0326178945	0.0035282523	-0.0505228129	-0.021997855	0.0295585367	-0.0267196508	-0.1160392826	0.1014230021	-0.0347229152	-0.0846928789	0.010205196	0.0058475671	-0.0201835984	-0.0403466538	-0.0101833145	0.118974244	-0.0126279442	-0.018417356	-0.0497102979	-0.024820507	-0.0121955524	-0.0609694173	0.091384112	0.0617632342	-0.0904392218	0.0310070146	0.0145863025	-0.12877676	0.0520398095	0.0072341026	0.0059257286	0.0154957604	-0.0557548907	0.0659363477	-0.0096420152	0.0056553945	-0.0221882483	0.113761253	0.0554451197	-0.0905713854	0.0394975436	-0.0329799402	0.0051501867	0.0449025959	-0.0611354645	0.0026258891	0.0941446323	0.0508032952	-0.0958844907	0.0422493623	-0.0081327237	0.0666762765	0.0135051951	-0.0332720662	-0.0420429899	0.0544999987	-0.0060015684	-0.0010030069	-0.078554606	-0.0157314915	0.1052829232	0.0410117079	-0.1177150872	0.0531388917	0.0423919301	0.0742331056	0.0188824063	0.051318594	-0.0042193876	0.045140218	-0.0244407253	0.0291727008	0.0346807887	0.0735401934	0.0457228718	0.0802427806	0.0587082471	-0.0506242562	0.0163977538	0.0963925375	-0.0377879414	-0.0692405903	0.0910250139	0.0	0.0	0.0	-0.0733400188938446	0.0147995113127592	0.0002190255350964	0.0053787583713494	0.5191893199624076	-0.1100799521897073	0.2695575499630272	0.0121175958740882	1.2797240388748037	0.0468662902806045	0.0021964491646658	1.63769361567404	-0.0041817414109803	0.0001846775548751	1.7486961228307513e-05	3.4105799274682475e-08	0.0079641174706619	0.0002829968305897	8.008720612381541e-08	6.342716708650209e-05	-0.0031009103110282	0.0003283958217016	1.0784381571106904e-07	9.615644757041008e-06	0.0	0.0	0.0	0.0	0.0	0.0	0.0	0.0
564.7642068869433	0.930165899691815	0.8652086009494836	318958.60938063805	733.4924338958548	-1.2749367480008686	538011.1505824649	1.6254637114030304	634.0380607672497	0.6154917489110403	0.3788300929775711	402004.2625014946	647.1734413036893	448.3916846607042	0.592448	18.092522	0.1829280246539208	0.1222354301480169	0.0042079718	-0.0125554062	0.0250199224	0.0972346459	0.0486580395	0.0389471154	0.0426191777	-0.0098482661	0.0253880453	0.0339012119	0.0132382823	0.0224577241	0.0555940153	-0.016701383	0.1124983183	-0.0158408633	-0.0383627574	0.0594385162	-0.0133664281	0.0457922275	-0.038945042	-0.0449300942	0.0040516438	-0.1441717724	0.0181440984	0.0768577045	-0.0463867309	-0.0400948403	-0.0571363912	0.0585927614	0.0218544104	-0.0582765498	0.1203656606	0.0711295436	0.0333735625	0.0573955791	-0.0203624104	-0.063536498	-0.0060595959	-0.006679123	0.0560629813	-0.0589978161	-0.0640026364	-0.0171454421	-0.0312620414	-0.1162234035	-0.1259423044	0.0534551392	-0.1086819302	-0.0212997306	0.034580261	-0.0110835462	-0.1050058726	-0.008177723	-0.0043688755	-0.0050599351	-0.0951094589	0.0521915658	0.0014168803	0.0030918942	-0.0290468187	-0.0161620715	0.152093984	-0.0152318963	0.0353532084	0.0207338281	-0.0486145424	0.0539548022	-0.0320259079	0.1614794253	0.0214935725	-0.136522365	-0.1003351646	0.0098319189	-0.0307928713	-0.0356769046	0.0245694928	-0.0103041611	0.0984478173	-0.0876713452	0.0086520989	0.0339572615	-0.0165834377	-0.0072358963	-0.0156642873	-0.0471567645	0.0759905883	-0.0275280212	-0.0159502555	-0.0663277477	0.0359780594	0.0987583463	0.0185162347	0.0385123239	0.0617886588	-0.0700814246	-0.0718685901	-0.0514648654	-0.1164010833	0.0229221786	-0.0224844608	0.0761579083	-0.0019837641	-0.0022893384	-0.0086146176	-0.0852789488	-0.0266774834	0.1882890758	0.0648679617	-0.0563549023	-0.0123758168	0.0842408473	-0.0189799342	0.0385828803	0.0185041916	0.0240082456	-0.0418086511	-0.0396355956	0.0504214029	0.0347412838	0.0192214615	0.0979213776	0.017248034	0.0645749237	-0.0668285325	0.0310688274	0.0511021506	-0.0391606907	-0.0670913137	0.0926191957	0.0	0.0	0.0	-0.1041293428299638	-0.0307893239361192	0.0009479824684432	0.0108429200382001	0.6311184555829215	0.1119291356205138	0.398310504977372	0.0125281314007553	1.2835620536767465	0.0038380148019427	1.4730357619931958e-05	1.647531545638867	-0.0047712367706405	-0.0005894953596601	2.2764700321511988e-05	3.475047790609084e-07	0.0079593622228602	-4.755247801699683e-06	2.261238165556967e-11	6.335144699469406e-05	-0.0032340907094732	-0.000133180398445	1.7737018529969008e-08	1.0459342717100866e-05	0.0	0.0	0.0	0.0	0.0	0.0	0.0	0.0
564.5618826095847	-0.2023242773585707	0.0409351132086678	318730.1192956785	734.049202349201	0.5567684533461943	538828.2314694982	0.3099911106415133	633.834825309821	-0.2032354574287183	0.0413046511562603	401746.5857755313	647.2988230697852	447.00265384757	0.613338	18.730461	0.2066174450754011	0.1086627669324385	0.0099395125	-0.0110834858	0.0086399051	0.1058464605	0.0377598525	0.0428304078	0.0095695246	-0.0172229293	0.0075462063	-0.0170757694	0.012211077	-0.0076731803	-0.04251806	-0.062945245	0.1680359728	-0.0027676399	0.0393865955	0.0463171317	0.0103506985	-0.0301613251	-0.1178492374	-0.0499624766	-0.0700737982	-0.076137787	0.0958420181	-0.0436396222	-0.0676299346	-0.0912433699	-0.0933438406	-0.075367335	-0.0254697701	0.1283991427	0.0306261032	-0.0093716629	-0.0629759117	-0.0474489734	0.0198060321	0.0460528778	0.0013241204	-0.0027237213	-0.0937106689	-0.0307465116	-0.0299370943	0.1046101964	0.150936551	0.0220281601	0.072354462	0.0136334786	0.0762563237	-0.0599681431	-0.0332020174	-0.0024876346	0.0459829919	0.0820033857	-0.0101577372	0.0217111599	0.0520669361	0.0626453026	-0.0109207381	-0.0057222611	-0.0499942281	0.0853566058	0.1027947775	0.0486482277	0.0762900784	0.0110021343	0.015716926	0.0072974155	0.0962648569	0.114059088	-0.0045299302	-0.0232725609	0.0002672914	0.026214237	-0.1555015547	0.1195843928	-0.0055110237	0.0569086783	-0.0224592575	-0.0325741262	-0.0034610718	-0.0177905729	0.0701145358	-0.0022768812	0.1259330482	-0.0552569234	-0.0241747744	-0.112730886	0.0509694762	-0.0172960925	0.0575327127	0.0930461124	-0.0071682141	0.0650300369	-0.0759080174	0.0289482014	-0.0209132705	0.1347878889	-0.1201045004	-0.0109122908	-0.0129192933	0.1206217874	-0.011733163	-0.00768662	-0.0163661923	-0.0747657969	-0.0143219566	0.1435681843	0.0769080638	0.0439790569	0.0575604084	0.0916694011	0.0740325113	0.0671043422	0.0631283409	-0.0199921878	-0.0850181919	-0.0680457152	-0.0517949739	0.0311536529	-0.0439338366	0.0084584472	0.0016030046	0.0020319657	0.0047732674	0.0546037316	-0.0102419028	-0.0405244201	-0.0648802281	0.0940214101	0.0	0.0	0.0	-0.0728828245669177	0.0312465182630461	0.0009763449035628	0.0053119061168521	0.5402080281642441	-0.0909104274186773	0.2918247136931007	0.0082647058134466	1.316971530102819	0.0334094764260726	0.0011161931150643	1.7344140111013606	-0.0040401789896497	0.0007310577809908	1.632304626840687e-05	5.344454791471926e-07	0.0079941509780729	3.478875521270054e-05	1.210257489249199e-09	6.390644986022391e-05	-0.0029789167863246	0.0002551739231486	6.511373105504769e-08	8.873945219846481e-06	0.0	0.0	0.0	0.0	0.0	0.0	0.0	0.0
565.0205062077134	0.4586235981287245	0.2103356047605378	319248.17243522074	736.8672073172323	2.818004968031346	542973.2812194971	7.941151999849347	634.658226026687	0.82340071686599	0.6779887405354262	402791.0638633413	648.3244224319712	450.58984430354576	0.622739	19.017561	0.190349271776896	0.1065003296314571	0.0144533199	-0.0226017176	0.0025254918	0.0946015	-0.000759233	0.0650643266	0.0293539638	-0.0488238671	-0.0308859399	0.0413519677	0.0335969363	0.0115686291	-0.0230790496	-0.0968955015	0.0677333769	0.0473761109	-0.0362775109	0.0086719573	-0.0417397924	-0.0476071415	0.0174390008	-0.0722063262	-0.0156617332	-0.0136453489	0.069381733	0.0356605656	-0.0463836133	0.0174831666	0.1092710857	-0.0862480148	-0.031161681	-0.0776629314	0.0145380849	0.1048688488	-0.1264019267	0.0155661464	-0.0375876873	0.0881159718	0.0036478882	-0.0155428997	0.0401342571	-0.1191751766	0.0198587562	-0.0949181879	-0.0464416188	0.0756916118	-0.053590895	-0.0278770472	0.0029238987	-0.1530742739	0.0612222445	-0.0709453021	-0.0414055687	0.0701571113	-0.0708368494	-0.0932460538	-0.0059113729	-0.1437440415	0.0049082955	-0.0136914454	-0.0939586276	0.0609709012	0.0171799509	0.0070299749	0.0589945847	0.0684755151	-0.039813866	0.0686848183	-0.030247302	0.0987068673	0.0787656033	-0.0803551721	-0.0253091627	0.073667974	-0.036210258	0.0347609031	0.0747166151	-0.023289124	0.0348485283	-0.0373060251	-0.0233980743	-0.0691207693	-0.0318485941	0.0244018801	-0.0768392167	0.1142904305	-0.0012180891	-0.1474962086	-0.0462625403	-0.1043281001	-0.0513662348	-0.0430365586	0.0605391368	0.0966393359	-0.0846447421	-0.0272679282	0.0661062611	-0.021910279	0.0495435427	-0.064863393	0.0628875862	-0.0201448582	-0.1214968029	-0.0088704851	-0.025864992	-0.0931805705	0.0115001691	0.2091952981	0.0321271129	0.060864403	-0.0111227908	0.0236072307	-0.0062831997	0.0266490253	-0.043633389	-0.0503445753	-0.0562710206	-0.0025411787	-0.0147702862	0.0504625355	0.0403764166	0.0534254234	-0.0403525208	-0.0143011666	0.0650071561	0.0004550246	-0.042040136	-0.0418788155	-0.0626093705	0.0952287508	0.0	0.0	0.0	-0.0836353541382948	-0.010752529571377	0.0001156168921833	0.0069948724618379	0.6103406442655626	0.0701326161013184	0.372515702042502	0.0049185838412149	1.3631103030038645	0.0461387729010454	0.0021287863648142	1.8580696981552876	-0.0049760774897023	-0.0009358985000526	2.4761347183521944e-05	8.759060024007067e-07	0.0077788419242013	-0.0002153090538716	4.635798867908402e-08	6.051038168171178e-05	-0.0030942162964635	-0.0001152995101389	1.3293977038270304e-08	9.574174489300298e-06	0.0	0.0	0.0	0.0	0.0	0.0	0.0	0.0
564.3628826346358	-0.6576235730776716	0.4324687638674437	318505.46329567564	739.1791668777946	2.3119595605622862	546385.8407461506	5.34515700967536	634.047695787818	-0.6105302388689324	0.3727471725733557	402016.4805338415	648.6976300577212	448.4454680608666	0.669604	20.448734	0.2090929892708242	0.0963018353525119	0.0203270585	-0.028612078	-0.0192436145	0.0370805398	0.0004088693	0.0433258442	-0.0047227587	-0.1068137654	-0.0632992385	0.009658664	-0.0072282861	0.0101176603	-0.045468294	-0.0923742648	0.0237000526	0.0744791782	0.0530567563	-0.0613837292	-0.0677297865	-0.0095393712	0.0162435197	0.0571726587	-0.038603431	-0.0422266884	0.0252344185	-0.0176707197	-0.0196033025	0.2087418505	-0.0558952767	0.1383337175	0.0087023089	0.1139733446	-0.0068876425	0.0830514107	-0.0387230015	0.0543357451	0.056756952	0.0887468429	-0.0306387033	0.0156583347	0.0908517299	-0.052552677	-0.0395375386	0.0291734309	-0.0558603972	-0.0616276428	-0.0854886262	-0.0042171272	0.0023023517	0.0898500288	0.1149373054	0.0346954266	0.0011031808	0.0207956316	-0.0262721587	0.1043403738	0.0027794962	-0.1093246312	-0.0152812818	-0.0065966187	-0.0754454378	0.0415575654	-0.036602689	-0.0232407825	0.0068379729	0.0631266715	0.0530256389	0.0236209304	0.0305294398	0.0326688636	0.0896327668	0.0416731397	-0.0831724314	0.0254316217	0.0325487895	-0.0035458149	-0.0825048244	0.0256318514	0.0953694498	-0.021329091	-0.0337932726	-0.0364796697	0.1741119071	-0.0594036174	-0.0675593106	0.0448961211	-0.0142641415	-0.0524115271	-0.0341259616	-0.0777999838	-0.0655200256	-0.0258030303	-0.1140153876	-0.0395234959	0.0689069029	0.0182077046	-0.0376578618	-0.0508704518	0.0232576326	-0.0026763805	0.0708449239	-0.0209919397	-0.0762615916	-0.0066066332	-0.0381541315	-0.0619595852	0.0189054117	0.1357609642	-0.0585384268	-0.0176409495	0.1134857378	-0.0477782468	0.0529143522	0.0039897203	0.0151294567	-0.0339787251	0.0772748495	-0.0404060321	0.0006272755	0.018799185	-0.102425113	0.0045278014	-0.021891493	0.030060038	-0.1058161509	0.0768560583	0.0215208857	-0.043223565	-0.0602808329	0.0962387154	0.0	0.0	0.0	-0.0359984533051545	0.0476369008331403	0.0022692743209864	0.0012958886403633	0.5465483418241206	-0.0637923024414419	0.2987150899506958	0.0040694578507804	1.3415138245703275	-0.0215964784335369	0.0004664078807302	1.7996593415133075	-0.0045349230338191	0.0004411544558832	2.056552692266303e-05	1.9461725394560243e-07	0.0070568144069282	-0.000722027517273	5.213237356995559e-07	4.97986295738294e-05	-0.0027360521183657	0.0003581641780977	1.2828157847247242e-07	7.485981194413435e-06	0.0	0.0	0.0	0.0	0.0	0.0	0.0	0.0
565.4270574879229	1.0641748532871134	1.1324681183686494	319707.7573394508	740.852983774629	1.6738168968344098	548863.1435677707	2.801663004128373	635.6190464256084	1.571350637790374	2.4691428268842155	404011.5721789998	649.2847073266032	452.6041855521824	0.64157	19.592628	0.2183676854205254	0.1261466644964315	0.0270683391	-0.0321580161	-0.0293284077	0.0408365586	-0.057314631	0.0119395117	0.0435653824	-0.0708533591	-0.0228085594	0.0708040117	0.0583317043	0.0161453905	0.1308920876	-0.0332536933	-0.016683147	0.1009402314	-0.0307629971	-0.0041624092	-0.0716289281	-0.1588480629	0.0260434982	-0.0494422103	0.0632102706	-0.1139838236	0.005017214	0.0280663524	-0.131809274	-0.085815119	0.0843447256	0.042532564	-0.0177036503	0.006765401	0.0159690977	0.0386049338	-0.0017219172	0.0767732459	-0.0414266573	0.0128526809	-0.1476643045	-0.0612963023	-0.0617962662	0.0435138881	0.0970421912	0.0690275471	-0.1485952968	-0.0303148688	0.0432451125	-0.0183284752	0.0117002781	-0.0032700662	-0.0314443426	-0.0719838606	0.007236392	-0.0490561632	-0.0228027869	-0.0113269947	0.0327403175	-0.0112311816	0.0052947672	-0.0304781829	-0.0938557381	-0.0856705778	-0.0010290878	-0.0826880996	0.0111135344	0.0870237667	-0.0689047587	0.0894549998	-0.0288738003	0.0116061504	0.0582106053	-0.0861168184	-0.0413448469	0.0948287589	-0.1480277916	-0.1023401685	0.0554143777	0.0447041358	-0.0357438966	-0.1509570515	0.0632626051	0.0423455941	0.0034196433	-0.0527898999	0.0211162167	0.0415524883	0.1123662052	0.0597438438	0.024350273	0.0608296551	-0.1107073254	-0.0992283854	-0.0091399122	-0.0747965423	0.067226238	0.0761179241	0.0142308343	0.0483143507	0.0678782481	0.0172791069	-0.0259494222	0.0376459948	0.0236449661	-0.0044553155	-0.0436691491	-0.0724226042	0.0265970525	0.1795072472	-0.0268928739	-0.1340077347	-0.0220045251	0.0246342978	-0.0355074947	0.0206331653	-0.0452809932	0.0135412047	0.014856598	-0.0579903765	0.039854904	-0.0738853828	-0.0118707287	0.1029824463	-0.0046935434	-0.0819666419	0.0163311111	-0.0035050259	-0.0148403248	-0.0445583587	-0.0578967605	0.0970492106	0.0	0.0	0.0	-0.0601386552225449	-0.0241402019173904	0.0005827493486123	0.0036166578519761	0.6563378416460779	0.1097894998219572	0.430779362376632	0.0120537342711555	1.3609790475473602	0.0194652229770326	0.0003788949055456	1.85226396786292	-0.0053688919115375	-0.0008339688777183	2.8825000357772788e-05	6.955040890028872e-07	0.0073349786705183	0.0002781642635901	7.73753575386228e-08	5.3801912096958415e-05	-0.0029233741911401	-0.0001873220727743	3.50895589484976e-08	8.546116661424035e-06	0.0	0.0	0.0	0.0	0.0	0.0	0.0	0.0
564.6896461434462	-0.7374113444766408	0.543775490962847	318874.3964616105	735.8707142476015	-4.982269527027484	541505.7080872753	24.823009639946665	634.1905629926023	-1.4284834330061358	2.0405649183729957	402197.6701888738	648.1735783956954	449.21437575713446	0.653884	19.96867	0.2312441373342449	0.1333851580310659	0.0303602505	-0.033043846	0.0007269176	0.070968866	-0.0015340268	0.0630685914	0.1366315701	0.0285672643	-0.0196238546	-0.0430165898	0.0269474992	-0.0071633247	0.0866223233	-0.0017411268	0.0631708425	0.053379644	0.0484227108	-0.0307512874	0.0134211377	-0.0136768428	-0.0064034647	-0.0201489192	-0.1198903074	-0.081538416	0.0200120796	-0.1453994255	0.0169871549	-0.0988053067	-0.0538791521	-0.0763162457	-0.0608358258	0.0395540851	0.0360894874	0.0613451099	-0.0407428234	-0.1350471177	-0.0959950317	0.0468717655	0.0273815894	-0.0079722659	-0.0390364682	-0.0372371783	0.0316256934	0.1166891993	0.055053796	0.0143639002	-0.1000160867	0.0023365342	0.017780652	0.0146106483	0.0033833534	-0.0638970226	-0.0162693786	0.1081113997	0.1299719603	0.0762567116	-0.0506088377	-0.0377393943	-0.0064501987	-0.0447188365	-0.0459955785	-0.0485424222	0.0982017872	-0.0120083094	-0.0394250718	0.0374580451	-0.087639727	-0.01341784	0.1077671369	-0.0006488823	0.0263751326	-0.0205050594	-0.0114553509	0.0271182519	-0.1082583603	0.0172283744	-0.1067480077	0.0626632076	-0.0226465498	-0.1491165226	-0.0865230333	-0.127674781	-0.055144615	-0.0297082401	0.1048366537	0.0408716529	0.0617786894	-0.0731008158	-0.0012398359	0.048995561	-0.005435019	0.04318596	-0.064637687	0.1138117951	-0.1240464359	0.0114421005	0.0141005225	-0.0261470126	0.0063129275	0.0325960751	0.0152836788	0.0408555045	-0.0743586421	-0.0078018988	-0.053461756	-0.0509806231	0.033584125	0.1004955355	0.0628856106	-0.0858003203	0.0623561595	0.0509736134	0.0952169391	0.0508432432	0.033540021	0.0396963279	0.0300976564	0.0665673612	0.018811264	-0.0526617596	0.0603619109	-0.0032353209	0.0908577585	0.1248688386	-0.0699017943	0.0042500647	0.1004465746	-0.0458828894	-0.0554593497	0.0976585564	0.0	0.0	0.0	-0.0099215642869125	0.0502170909356324	0.0025217562220375	9.843743789933754e-05	0.538548760406897	-0.1177890812391808	0.2900347673358054	0.0138742676591703	1.3668538638996068	0.0058748163522466	3.451346717262435e-05	1.8682894852572849	-0.0049778129928816	0.0003910789186559	2.477862219210087e-05	1.529427206170681e-07	0.0067569364535611	-0.0005780422169572	3.341328045847952e-07	4.565619023746285e-05	-0.0027452323506095	0.0001781418405306	3.1734515347629766e-08	7.536300658832961e-06	0.0	0.0	0.0	0.0	0.0	0.0	0.0	0.0
565.197967413571	0.5083212701247248	0.2583905136612134	319448.742368432	737.1935170491537	1.3228028015521431	543454.2815793009	1.7498072517941985	634.7013644328159	0.5108014402136405	0.2609181113243293	402845.8220128782	648.4972905742209	451.01034602082296	0.645141	19.701662	0.1608125694759331	0.1132732820197053	0.0312377077	-0.0304963034	-0.0286129195	0.0714094292	-0.0089865273	0.0256546472	0.0416789902	0.0148066839	-0.0309945206	-0.0323358422	0.0287648971	-0.0284345108	-0.0085769903	-0.0015110828	0.0789247948	0.1129559353	-0.0020648953	0.0388528826	0.0602417939	0.0094556747	-0.0289894174	-0.0901887826	0.0945725943	-0.1698571233	-0.013792588	0.0701083444	0.0403630058	-0.0302175834	0.1045652716	0.0757870951	0.0192626758	0.0479339196	-0.018805035	0.0059826752	0.0388010552	-0.0054605627	-0.0734107034	0.063740549	0.0336131345	0.0419200276	0.025899047	0.0069456357	-0.0235103115	0.1163332027	-0.0522317687	0.033859812	0.0814120963	-0.0225612553	0.0291941926	0.0020912564	0.0548323975	-0.0105272424	0.1052035686	-0.0608276757	0.0817631498	-0.0472372962	-0.0327763031	-0.0500452681	-0.0060785454	-0.0483652902	-0.0422633491	0.0459245772	0.043262694	0.0072608631	0.0848448322	0.1525122133	-0.0672896199	0.1169768961	0.069802619	0.060615598	-0.0761906021	-0.081804023	-0.0566734095	-0.007357332	-0.0827435402	-0.0249176086	0.0587425162	-0.0114556784	0.0149336843	-0.0141915251	-0.0449135604	0.0394133398	0.0023549692	-0.1254461942	0.028495187	0.0217625874	0.0470106714	0.0442521095	-0.0347217047	0.0761107179	-0.020927513	0.0131520289	-0.0636624437	-0.0484241826	0.057431893	-0.0710447998	0.0241186462	-0.0297084223	0.0348008485	0.0018501388	-0.028216342	-0.0241646664	0.0022317897	-0.0069856168	-0.0604963673	-0.0478821473	0.0384502778	0.1628517627	0.0624108305	0.0252626201	-0.0010008472	0.0967536393	-0.0677887607	0.0376360623	-0.041831085	0.0697231576	-0.0755788943	0.0411355395	-0.0300889463	0.0074038059	-0.0225550433	0.0478600294	-0.064318449	-0.0340972958	0.023481086	0.049103314	-0.0117240442	-0.0471968518	-0.052970846	0.0980654899	0.0	0.0	0.0	-0.0102188030799652	-0.0002972387930526	8.835090009542578e-08	0.0001044239363871	0.6437413634508857	0.1051926030439887	0.4144029430176053	0.0110654837351701	1.3732982083666485	0.0064443444670416	4.152957560989064e-05	1.8859479691030467	-0.005477025521751	-0.0004992125288694	2.999780856591181e-05	2.492131489801818e-07	0.0063080395496453	-0.0004488969039157	2.015084303451907e-07	3.979136295988928e-05	-0.0027157741199577	2.9458230651800175e-05	8.677873531346595e-10	7.375429070632019e-06	0.0	0.0	0.0	0.0	0.0	0.0	0.0	0.0
564.7397923968737	-0.4581750166972824	0.209924345925555	318931.033116464	739.8744474686916	2.680930419537958	547414.1980171017	7.187387914403972	633.000639734859	-1.7007246979569572	2.892464498240784	400689.8099047407	647.6074213669382	450.0470376636671	0.640514	19.560375	0.2349575531048206	0.1377223113040736	0.0450100479	-0.0283650044	-0.0435231659	0.043684726	-0.0254760028	0.0177352372	-0.0272387466	0.0001518891	-0.0084061586	-0.038741717	-0.009073679	-0.0594044118	-0.0343357096	-0.0873420523	0.0391103437	0.027613439	0.0410249298	0.0324265814	-0.0136756068	0.0260890363	-0.0541261974	-0.0689988516	0.0421840111	-0.0362176068	0.0481637636	0.0587079239	0.0123440363	-0.0307894732	0.0093449451	-0.0321103501	-0.0300581453	-0.0078350793	-0.0162390043	0.0009407123	0.0308478039	0.0045545053	-0.0119165137	0.0338877222	0.0530666309	-0.0018743547	-0.0569751541	-0.1209358175	0.0533081204	-0.0095469462	-0.005935983	0.0839959296	0.0353973825	-0.0077418086	0.0761996463	0.0229470376	0.0315216436	0.1785626438	-0.0264474961	0.0485226542	0.0713668847	0.1338488997	-0.0708005539	0.0507678049	-0.0378040257	-0.0542742067	-0.0546187464	0.0880412642	-0.0318069895	0.0065093592	0.0333490592	0.0125941043	0.0181123442	0.0133937278	0.0951954317	0.0546709836	-0.060514421	0.0116046391	-0.017759965	-0.0061474082	-0.0300476979	-0.0059498068	0.0461075896	0.0205109362	0.0755156254	0.0089852981	0.0512221137	-0.060822202	0.0019022579	-0.026853846	-0.0062152169	0.0436553149	0.0060497262	-0.0115283214	0.0240466578	0.0275666246	-0.0006704064	0.0289261658	-0.0457262574	0.0424866164	-0.0515851773	-0.0628571079	0.0322372601	0.0688083346	0.1411540741	-0.0326991318	0.0556724953	-0.0216595255	0.0091391708	-0.0167949684	-0.0517766679	-0.0464021807	0.0125703863	0.1098010358	0.0351884725	0.1044739125	0.0663919459	-0.0305620434	0.1061337214	0.0498357912	0.0237806892	-0.080922472	0.0068664432	0.035829645	-0.105788783	-0.0161967302	0.0352448523	-0.052128186	0.0494298782	0.0193007402	0.0294481787	0.0048280632	0.1304731987	-0.0484999434	-0.050433542	0.0982691678	0.0	0.0	0.0	-0.0265859243345687	-0.0163671212546035	0.0002678826581628	0.0007068113727234	0.5353596052987939	-0.1083817581520918	0.2866099069856804	0.0117466055001385	1.3751381767088589	0.0018399683422103	3.38548350033627e-06	1.8910050050421647	-0.0042624792993611	0.0012145462223899	1.816872977748189e-05	1.4751225263215772e-06	0.0072077854285035	0.0008997458788581	8.095426465223134e-07	5.195217078334738e-05	-0.0026626921140875	5.308200587020003e-05	2.81769934720395e-09	7.089929294423759e-06	0.0	0.0	0.0	0.0	0.0	0.0	0.0	0.0
564.549119424019	-0.1906729728547134	0.0363561825772542	318715.70824243524	742.5263490496941	2.6519015810024484	551345.3790330682	7.0325819953232855	632.5399821323631	-0.4606576024958713	0.2122054267372441	400106.82899601024	647.4012830016616	452.043800698156	0.612057	18.691332	0.1797354105916071	0.0882301051590278	0.044180218	-0.028677882	-0.0333160151	0.0041221137	-0.0641288007	-0.0432839113	0.0231716169	0.0218230972	0.0229787336	0.0625762756	-0.0258055628	-0.0728716129	-0.0475543569	-0.0464680801	0.0360784417	0.0621049956	0.1158497931	0.0349702776	0.0195106087	0.0096213924	0.0400146953	-0.069545891	0.1521446834	0.0155706587	0.0302573403	-0.0268699677	-0.0296618109	0.0725478703	-0.044179751	0.0203520997	0.0127312201	-0.1099323588	-0.1586250939	0.0518005679	0.0180726346	-0.0627909409	-0.0116697953	-0.0140343869	0.0278871734	0.1115230114	-0.065119553	0.0148560984	0.0598096234	0.0213188394	0.0053577105	-0.0241814759	0.0135306133	-0.0696812702	-0.0075551642	-0.1097071021	-0.0324765543	-0.0252553255	0.0033987078	0.0426345206	-0.004373794	-0.0042341368	0.0676298035	0.0053030354	-0.0359570094	-0.0710875444	-0.0228426123	0.047663686	-0.0397010241	0.0680413301	0.0455856285	0.0600014233	-0.0001424926	0.0697147268	0.0037385559	0.0703436436	-0.0061537416	0.1004539823	0.0553082102	0.0009530194	-0.0046919665	-0.1043695742	0.0370473514	-0.0342743845	0.0343226752	-0.0057598938	0.0138538349	-0.0435548716	0.0621547724	0.0484077081	0.0495271357	0.029331121	-0.1066815007	0.1302061115	-0.0527973002	0.0629347211	-0.0563052408	0.0240830256	-0.0038749931	-0.0564384216	-0.1012774281	-0.0210684259	0.0474340717	0.0846696359	-0.0352956638	-0.0486848047	-0.0935001497	0.1207561717	0.0316968504	-0.0174249351	-0.0518983778	-0.0626722423	0.0201877492	0.1553386185	0.0212974102	0.0687068454	0.0290133764	0.0191349595	-0.057154568	0.0790319467	-0.0749809966	-0.0339819814	-0.0125182664	0.0235714352	-0.0573298444	0.0273796811	0.0285056728	0.0291656789	-0.0063004172	-0.075921345	0.0136914431	-0.0260971922	0.080026278	-0.049791864	-0.0478497753	0.0982691678	0.0	0.0	0.0	-0.0514816279465009	-0.0248957036119322	0.0006197960583331	0.0026503580160219	0.594308008542356	0.0589484032435621	0.3532020090175811	0.0034749142449656	1.3927511058220716	0.0176129291132127	0.000310215271947	1.9397556427686036	-0.0047682261371865	-0.0005057468378254	2.2735980495348492e-05	2.5577986397039214e-07	0.0064050544728968	-0.0008027309556066	6.443769870892449e-07	4.1024722800775306e-05	-0.0029197818131134	-0.0002570896990259	6.609511334522803e-08	8.525125836187774e-06	0.0	0.0	0.0	0.0	0.0	0.0	0.0	0.0
563.671312029181	-0.877807394837987	0.7705458224322536	317725.3480046983	739.783886891491	-2.742462158203125	547280.1993042823	7.521098689176142	634.2274529651203	1.6874708327571852	2.847557811406228	402244.4620946238	647.7150508867913	449.245473160951	0.614672	18.7712	0.1620943210096429	0.078028390483401	0.0477322699	-0.0261623287	-0.0385236396	0.0300601686	-0.0423433525	-0.0133363701	0.066966736	0.029962615	-0.0021674464	-0.015862232	-0.0011805514	-0.0436435648	-0.0698603194	-0.1563407456	0.0725141816	0.0203390303	0.0425434943	0.0244812545	0.0157383885	0.0470620649	-0.055921323	-0.1161977082	0.0417421079	0.0407012458	0.1133575382	0.023539307	-0.0243596396	-0.0498811678	-0.0097634644	0.0299335107	0.0927490001	-0.0026471263	-0.0044190858	-0.0189221401	-0.0825622605	0.0167525106	0.0508761958	0.0937303239	-0.0107207082	0.0494646993	0.0075243792	-0.0411086217	-0.0551868519	-0.0156891548	0.0417332733	-0.0041765928	0.0450637395	0.0183334743	0.0407042463	0.0053041895	-0.0954338854	0.0161825505	-0.0169480515	-0.0931748655	-0.0981373464	-0.0355536043	0.0276939325	0.0800073847	-0.0230130068	-0.066002437	-0.0653402372	0.0557510657	-0.0090294022	0.0809665031	0.0677934764	-0.0005673824	0.0488264152	0.0599668072	0.0442034122	0.0501170767	0.0122806687	0.0804597214	0.0684067184	-0.0238585961	0.0050619718	0.1141972383	0.0595865942	-0.0315983001	0.0634233117	-0.0023569649	0.023105045	-0.0301491154	0.0257904518	0.0645503165	-0.0044944415	-0.0496055348	-0.109978514	-0.0407417359	0.0222235999	-0.0526895563	0.0810437804	0.0785848815	-0.0025665578	-0.0635977204	-0.0286032329	-0.0496911692	-0.0258594065	0.1316309152	0.0436687257	-0.0533997274	0.0476782062	0.0085235162	0.0251876753	-0.0215483119	-0.0534417609	-0.058693374	0.0134228652	0.1017086641	0.0236821181	0.0849966413	-0.0014540842	-0.0107406613	0.1150235072	0.0387526961	0.0555847806	-0.1142699496	-0.0177187029	0.0156509074	-0.0864810034	0.0196495622	0.0055794896	-0.0422811459	0.0490655965	0.0165861792	0.0507759681	-0.0674506062	0.0544742386	-0.051072316	-0.0452219261	0.0980654899	0.0	0.0	0.0	-0.046108480814226	0.0053731471322749	2.8870710105073992e-05	0.0021259920029958	0.5510462949119557	-0.0432617136304003	0.303652019136194	0.0018715758662387	1.4272085197172544	0.0344574138951827	0.0011873133723439	2.0369241587535165	-0.0036417917420958	0.0011264343950907	1.326264709279716e-05	1.2688544464433525e-06	0.006594913997562	0.0001898595246651	3.6046639106095634e-08	4.34928906352392e-05	-0.0026560348058336	0.0002637470072797	6.956248384905086e-08	7.05452088979953e-06	0.0	0.0	0.0	0.0	0.0	0.0	0.0	0.0
563.8511017161811	0.1797896870001523	0.0323243315516127	317928.0649065512	740.923760612056	1.1398737205649925	548968.0190395112	1.299312098834678	633.3156292670596	-0.9118236980606298	0.8314224563449626	401088.68627393176	647.5507575573853	449.8101454672606	0.635363	19.403061	0.0949202414513727	0.0527154259594182	0.0415942059	-0.0336250735	-0.0267027925	-0.001898433	-0.0218203379	-0.0493497787	0.0513123201	0.0108798921	-0.0280653744	0.0813117623	0.0067913551	-0.0537313351	-0.1050970477	-0.1247765889	0.005934603	-0.0058576925	0.0590886546	0.0592186662	0.047314416	-0.1690218677	0.0043232188	-0.0120391248	0.0646028623	-0.0913796247	-0.0777578832	-0.0552944925	-0.0074113863	0.1193742955	-0.0149418285	0.0446293529	0.0453019755	0.0204883151	0.0089578146	-0.1510200722	0.0270291361	0.0937785594	0.1118997812	-0.0042750793	0.1072433527	-0.0939517895	-0.0227862161	0.0921444333	-0.0730872978	0.0303233675	-0.0531303927	0.0050299803	-0.1992962905	-0.003769381	-0.0041742638	-0.0187795032	-0.0094212013	-0.0036148575	-0.0318315234	0.03481057	-0.0146557739	0.0850570197	0.0626886697	-0.078273786	-0.0271823414	-0.0632738443	-0.0350281708	0.0490904786	-0.0581230094	0.0463562956	0.0520728568	0.0196754384	0.0156218389	0.0605119391	-0.0530732746	0.1269502891	0.136437104	0.0007382242	0.0549130852	0.0144029656	-0.0179694438	-0.1553853449	-0.0713453825	0.0284593945	0.0159270276	0.0045553064	0.0550672875	0.0953140435	0.124911908	-0.063488966	0.0176166894	0.0190646703	-0.097923141	-0.0214765466	0.1164579447	0.0428912259	0.007163461	0.0500452368	-0.0873196701	-0.0134428612	0.0894274865	-0.0725312815	-0.0258284864	0.0059831352	-0.0412944716	0.0077788739	-0.0153450503	0.1085899762	-0.1210774495	-0.0183377258	-0.0582112297	-0.0549999553	0.0138271324	0.1176421933	-0.0141976722	0.0606590462	0.0708555799	0.0125520313	-0.0820011152	0.0254487958	-0.0606646703	-0.0836747303	0.0677082465	0.0124917068	-0.0404256396	0.0768056158	-0.0122825184	0.0464824798	0.0492795203	-0.0379886985	-0.0387294943	-0.0057662884	0.1241950569	-0.0523410045	-0.0425524154	0.0976585564	0.0	0.0	0.0	-0.0460048520515812	0.0001036287626447	1.0738920447291465e-08	0.0021164464122878	0.5931240821173844	0.0420777872054287	0.3517961767875898	0.0017705401761053	1.3972895307583002	-0.0299189889589541	0.000895145900326	1.9524180327667509	-0.0038890844348348	-0.0002472926927389	1.5124977741274316e-05	6.115367588210542e-08	0.0063907321647043	-0.0002041818328576	4.1690220869129657e-08	4.084145760098611e-05	-0.0026511126009434	4.922204890200378e-06	2.422810098111252e-11	7.028398022880878e-06	0.0	0.0	0.0	0.0	0.0	0.0	0.0	0.0
564.2907569417531	0.4396552255719825	0.1932967173727508	318424.05836989667	737.2028667042091	-3.7208939078468575	543468.0666769039	13.84505147345186	633.6610749101217	0.3454456430620212	0.1193326923105333	401526.3578562508	647.9384627432194	449.4706597017205	0.698249	21.323521	0.225690282094099	0.1034510943575713	0.0589595536	-0.0675298361	-0.04717282	0.0885266961	-0.0099998865	0.0610700422	0.037628577	-0.0593536316	-0.1319111721	-0.0281510629	-0.0243034926	-0.0326831645	0.0419891566	-0.0694054371	-0.0316348374	0.0742687911	0.0648960944	-0.0519542765	-0.041312739	0.1240072631	-0.0104527912	-0.0155997183	-0.0003962945	-0.0346383556	-0.082107848	-0.021903202	-0.0783115841	-0.0291862031	0.0253974481	-0.0467482871	-0.0133128088	-0.0094880929	-0.0072803052	0.0228225264	-0.0098536139	0.1375971525	0.0463293336	0.0414917308	0.0146410039	0.0012240207	-0.0342157502	0.0068517875	0.0448758213	-0.0168601792	0.0201613055	-0.0213219694	-0.0462483606	0.0338642126	-0.0890354723	-0.1027879446	-0.064875538	-0.0327206435	0.0932455705	0.0910678291	-0.1486392709	-0.0891845485	-0.0363426426	-0.0585138618	-0.0439058013	-0.0544321147	-0.0952932342	0.0310586802	0.0088930373	-0.0795247089	-0.0730766392	0.1109471166	0.1214074661	-0.0035247673	-0.0342798336	0.1030449405	-0.0046713105	0.0365075825	-0.0624026138	0.0197584796	0.0520338694	0.0178886178	-0.0052639453	-0.0357335915	-0.006778627	-0.0052609473	-0.0365407851	0.0492539998	-0.0040686138	0.0197230165	-0.0537063741	0.0323747438	-0.0110339443	-0.1078918403	-0.009633259	0.0862566806	-0.0934675514	-0.0729789989	0.0803397743	-0.0626219061	-0.0415974972	-0.030412206	0.0336448937	0.0510547856	-0.0035126228	0.0003382294	-0.0041992386	-0.052517568	0.0135574215	-0.0192536256	-0.0880952156	-0.0420729242	0.0586405562	0.0527902571	-0.073394563	-0.0079653768	0.0082366336	-0.0609185662	0.1008297364	-0.1470583786	0.0363357138	-0.1240856392	0.0256085508	-0.0507893094	-0.0146285833	0.0185694905	-0.1253937172	0.0034726734	0.0116267712	0.0811949962	-0.0514356007	-0.0212540828	-0.0927670557	-0.0535976373	-0.0398437026	0.0970492106	0.0	0.0	0.0	0.004496425922511	0.0505012779740922	0.0025503790770165	2.0217846076628896e-05	0.5907273758193554	-0.002396706298029	0.348958832542422	5.7442010790119535e-06	1.466521910483678	0.0692323797253777	0.0047931224024388	2.150686513928697	-0.0030543682117352	0.0008347162230995	9.329165172858484e-06	6.967511731056606e-07	0.0056084026994494	-0.0007823294652549	6.120393922060187e-07	3.145418083919131e-05	-0.0021969599273659	0.0004541526735774	2.0625465091759126e-07	4.82663292245158e-06	0.0	0.0	0.0	0.0	0.0	0.0	0.0	0.0
564.17897731637	-0.1117796253830647	0.0124946846507782	318297.9184457452	737.7456024457823	0.5427357415732104	544268.5739280903	0.2945620851810225	633.9617751940161	0.3007002838944572	0.0904206607342071	401907.5324071482	647.4595301519091	449.6690150343853	0.678446	20.718773	0.2488003683376465	0.1136674427894191	0.0602299872	-0.07456736	-0.037183168	0.0621097045	-0.0390271362	-0.0266504493	0.0488981722	0.0620057421	-0.0697518783	0.1442540567	0.0040769119	-0.0783418966	0.0947985137	-0.028692323	-0.0030027899	0.0834009531	0.017925569	0.0027764328	0.0339376801	-0.0040247177	-0.0101641575	-0.0921546659	-0.0355124325	0.0593826342	0.02892029	-0.0353372673	-0.011830652	0.0626247885	0.049264421	0.0401057623	0.0016079723	-0.0853531956	0.0092493029	0.0358350888	-0.0044251466	-0.0153898008	-0.00193236	0.0437847722	-0.0928963986	0.0976540629	-0.2005577478	0.0788598682	-0.0582892354	-0.0554385126	-0.0558278457	0.0652805347	0.0316206572	0.0006575781	-0.1208619801	-0.1315152057	-0.0451765965	0.0756021032	0.0063014168	-0.0416458756	-0.0852164633	0.0892455927	-0.0507110565	0.0445758565	-0.0174529847	-0.1084364941	-0.0178498042	-0.0458407799	0.0341980955	-0.0801621848	0.0077093234	0.0241773113	-0.0226803634	0.0808641353	-0.069143545	0.0224734229	0.0485176918	0.0447971656	0.0129642307	0.0319304156	-0.0068361784	-0.0182001896	-0.0039284851	0.065373536	-0.011602927	0.0258851229	0.0645350151	-0.0840489162	-0.0926098314	0.0569568512	0.0234556695	0.1075528014	-0.051528602	0.0526711325	-0.0329497398	-0.0219443252	0.0469853626	-0.0324550536	-0.0310649117	-0.02409314	0.0516377479	0.1197004095	0.1094664138	0.0245923368	-0.1228913812	-0.0625725499	-0.0468882936	-0.0632799127	0.0227909568	-0.01424831	-0.1057350298	-0.0028490161	0.0873585201	0.0127890948	-0.0236488761	-0.1108178176	0.0949203845	0.0336868119	-0.0688264502	0.0093758944	-0.0655718046	0.0118818825	0.0369846751	-0.039109785	0.0430134546	-0.0716823282	0.005957506	0.0251031448	0.0083498792	-0.1172843398	0.004069504	0.0523069054	0.0080472571	-0.054841925	-0.037098283	0.0962387154	0.0	0.0	0.0	0.0329426897203717	0.0284462637978606	0.0008091899240574	0.0010852208060126	0.5841094653364394	-0.006617910482916	0.3411838674956211	4.379673915989008e-05	1.4301889785360231	-0.0363329319476548	0.0013200819439129	2.045440514325913	-0.0046749121503203	-0.0016205439385851	2.1854803613212373e-05	2.626162656884909e-06	0.0044818016496479	-0.0011266010498014	1.2692299254138405e-06	2.008654602678664e-05	-0.0013960396735682	0.0008009202537976	6.414732529433718e-07	1.9489267701764065e-06	0.0	0.0	0.0	0.0	0.0	0.0	0.0	0.0
565.2870057751841	1.108028458814033	1.227727065541801	319549.398898273	737.5517433694324	-0.193859076349895	543982.574147289	0.0375813414832344	635.0280491651687	1.0662739711525546	1.136940181557439	403260.6232265199	649.5198295161409	451.07636798361074	0.677446	20.688219	0.1434177538043521	0.071378736729931	0.0756712464	-0.0815532719	-0.0392938804	0.1005382173	-0.0066832801	0.1016810156	0.0889242625	0.0505665152	-0.120414037	-0.0540298916	0.0276473726	-0.0363551171	0.1155599219	0.0127232882	0.1955401966	0.1041457348	-0.0413941531	-0.0195784981	-0.0303125526	0.0445722721	-0.0405987434	-0.0097915453	-0.0155369561	-0.0030188157	-0.0841022553	0.0832823482	0.0386394914	0.0160893489	-0.0464645766	0.0164944587	-0.0173901794	-0.0025861198	-0.0252524489	0.0432411332	0.0241051267	-0.0505757461	-0.0123396998	-0.0188836861	0.0792184558	0.0454298218	-0.0135055411	-0.1018452988	0.0217771756	-0.0407300729	-0.0446485041	0.0244425816	-0.1487091507	-0.0580314738	0.0332070773	0.0635258843	0.0624612348	0.1351796276	-0.0390062532	0.1085522169	0.0357630856	0.0462440305	-0.0264671685	-0.0805890688	-0.0176192048	-0.0518891484	-0.0741695821	0.0094022543	0.1503572876	-0.0714089746	-0.0743529619	0.13549966	-0.1005315387	-0.0661408709	0.1489683306	-0.0011469513	0.0180764635	-0.086578819	-0.0117355938	0.0242618502	0.0804182667	0.0211257362	-0.0122667473	0.0525398697	0.0860955921	-0.0290614084	-0.0488437004	-0.0051643156	-0.0011302329	0.0286191621	-0.0839971585	0.0429157871	-0.029711931	0.0610739167	-0.027649725	-0.0533060494	-0.0307663684	-0.0009199054	-0.0587440154	0.0410860232	-0.0544398622	-0.0071622526	0.0624667809	0.0965569342	0.0763913649	0.0221266323	0.0912114475	-0.0114727337	0.0026809682	-0.0156248288	-0.1146171341	-0.0094334741	0.0906834666	0.0590455682	0.0376483481	-0.0399873625	-0.0913015136	0.0451225166	0.0908442125	-0.0277996217	-0.0305345467	0.0512618313	-0.0221393387	0.0626187618	0.0528961078	-0.039714934	0.0635710082	-0.0475518143	-0.0405488088	0.0985657914	0.0792514989	0.0203952093	0.0403267374	-0.0560735809	-0.034318686	0.0952287508	0.0	0.0	0.0	0.0398595950658915	0.0069169053455198	4.78435795588804e-05	0.0015887873188168	0.6047070733770141	0.0205976080405747	0.3656706445921935	0.0004242614569931	1.4696522881588407	0.0394633096228176	0.0015573528063863	2.1598778480905163	-0.00536802499726	-0.0006931128469396	2.8815692371208222e-05	4.804054185928558e-07	0.005109250954846	0.000627449305198	3.936926305935783e-07	2.6104445319594764e-05	-0.0011878032097972	0.000208236463771	4.336242484385099e-08	1.4108764652045311e-06	0.0	0.0	0.0	0.0	0.0	0.0	0.0	0.0
565.1255251296878	-0.1614806454962263	0.0260759988698779	319366.85915310547	737.6788403013218	0.1270969318893549	544170.071428303	0.0161536300956873	634.1767844951258	-0.8512646700428377	0.7246515384631413	402180.19399257726	648.7051829042763	450.9641685651696	0.658857	20.12055	0.1285069297290583	0.0650449824142024	0.0684622938	-0.0720133137	-0.037749223	0.0661928913	0.0066211387	0.036622082	-0.0086807564	0.0841711044	-0.018571264	-0.0452663873	0.0107495429	-0.0700081207	-0.0760637855	-0.0447901436	0.050698686	0.1266477719	0.0296029677	0.1117294609	0.0014906315	-0.0228017666	-0.0408297067	0.0124430806	-0.0042708618	-0.0561645758	-0.0452077032	-0.0085585679	0.0604208617	0.0088590985	0.0826411374	-0.0225950468	0.0240170113	0.0077809704	0.0310797644	-0.0203383359	0.0730676423	-0.0448555476	0.0295998808	-0.0285403391	-0.0635321499	-0.0073240225	-0.0202531243	-0.0694685784	0.0064751271	0.0079957002	-0.0265202402	0.109516257	-0.0156199586	0.0597445218	0.0444155406	-0.0479157236	0.1268663104	-0.0461306504	-0.0110429267	-0.0004446647	0.0154487475	-0.039982743	0.0511552309	0.0200612057	-0.0306638492	-0.0667769585	-0.0333265591	0.1073018584	0.008849074	-0.0181981748	0.0775455971	0.0783169382	-0.0342767286	0.0344088104	0.1723316468	0.0231471987	0.0018369753	-0.0335394654	-0.0044501872	-0.0513735359	0.01571046	-0.0809229854	-0.007958005	-0.0074413167	-0.0518157472	0.0516700751	0.0408365735	-0.116582857	-0.0665006439	-0.1554806999	0.0027058939	0.0321418292	-0.0143355529	0.0498769888	0.0665303927	-0.0630847876	-0.0019708352	-0.0363874969	-0.0347485501	0.0625102327	0.033752713	0.0581474979	0.0190663774	0.0178531067	-0.022337139	-0.0140698056	0.0745761623	-0.031895264	-0.0451555178	-0.018368722	-0.1124754639	0.0071340027	0.0720117825	0.0381829158	0.0250014906	0.1039255834	0.1274366891	0.0246514819	-0.0099809967	0.0320822375	-0.012645832	0.0076342104	-0.0591500605	0.0369711003	-0.0394341634	-0.0717601544	0.0775850582	-0.0632506709	-0.0586359397	-0.0142982785	0.0418918592	0.1292298853	0.056538431	-0.0572923214	-0.0315074724	0.0940214101	0.0	0.0	0.0	0.0509412682019814	0.0110816731360899	0.0001228034794951	0.0025950128060262	0.5640590595659347	-0.0406480138110794	0.3181626226784066	0.0016522610267857	1.4361044100157017	-0.033547878143139	0.0011254601279069	2.0623958764665464	-0.0049422934465179	0.000425731550742	2.4426264511493783e-05	1.8124735329727322e-07	0.0053230447767529	0.0002137938219068	4.570779828555912e-08	2.8334805695316328e-05	-0.0014128651299232	-0.0002250619201259	5.0652867890801936e-08	1.996187875352901e-06	0.0	0.0	0.0	0.0	0.0	0.0	0.0	0.0
565.6335668989046	0.5080417692167885	0.2581064392689245	319941.3320027776	742.8761958476133	5.197355546291533	551865.0423570215	27.01250467456736	634.4706513801507	0.2938668850248405	0.0863577461142028	402553.0074627527	649.1854035846401	454.12944693772687	0.649166	19.824591	0.241056767407889	0.1250977716608828	0.072683488	-0.0788772883	-0.0709960372	0.0082002256	-0.0551359991	0.0355427735	-0.0710944714	0.0504376475	-0.0687734769	-0.0403261325	0.0273262441	-0.0745776312	-0.0060623033	-0.0565650664	0.0323721731	0.1564902166	0.0509661971	-0.0409557058	0.0098624623	0.1478794157	0.0095636517	0.0353627428	-0.049773374	-0.0302808383	-0.0156315627	-0.0588292748	-0.0384136431	0.0365380038	0.0225486781	0.1025786212	-0.0370590298	0.06058136	-0.0627111363	-0.026395994	-0.0091029857	-0.068739972	-0.060485314	-0.1349578973	-0.0843385028	-0.0252734112	0.0543348635	0.0493541763	-0.0877447447	-0.0058759445	-0.0726980963	0.0679590886	0.0806498753	0.0791841579	0.0532020155	-0.0769486657	-0.0266359365	0.0113498535	0.0040501846	-0.0262230534	0.1395332615	-0.1426368953	0.050737939	-0.0324964754	-0.0246786642	-0.079444895	-0.0603080439	0.0524932031	-0.0457896193	-0.0251413211	0.015316056	0.1109651144	-0.0303080324	0.0164258128	0.1200216083	0.0014861431	-0.0118791135	0.0486917948	-0.0438598737	-0.0342208199	0.0523815058	0.0540872524	-0.009034796	-0.057500563	-0.0381620995	-0.0378717805	-0.0931332543	-0.0675221277	0.0430931667	0.0073034122	0.0581015692	-0.0127419474	0.0953804493	0.0707015411	-0.0372644986	0.020661712	-0.0033798806	-0.0057455554	-0.1471769938	0.0247936379	0.0835100949	0.1271951077	0.0096019399	-0.0221621549	0.0440296272	0.1297469625	-0.0639035787	-0.0166293182	-0.0196896317	-0.018029639	-0.1141851473	0.0089391476	0.0667735523	0.0279397879	-0.0339697217	0.079264392	-0.017349237	-0.0041730491	-0.1018085829	-0.1151724888	-0.0626520847	-0.1036768276	0.0180568721	0.1386306084	-0.0357933319	0.0115747062	0.0122960209	0.0321334911	-0.0186994618	-0.0284323839	-0.016233536	-0.0264972658	0.0489088002	-0.0584978657	-0.0286672319	0.0926191957	0.0	0.0	0.0	0.0270907988054318	-0.0238504693965496	0.0005688448904357	0.0007339113799163	0.6440289039456957	0.0799698443797609	0.4147732291174941	0.0063951760101231	1.4266556210354082	-0.0094487889802934	8.927961319411481e-05	2.0353462610319264	-0.0033949327591192	0.0015473606873987	1.1525568438940704e-05	2.394325096906978e-06	0.0043284499478675	-0.0009945948288854	9.892188736455784e-07	1.873547895119416e-05	-0.0014266629066648	-1.3797776741600149e-05	1.90378643011042e-10	2.035367049253256e-06	0.0	0.0	0.0	0.0	0.0	0.0	0.0	0.0
564.8098576321294	-0.8237092667752677	0.6784969561714491	319010.17527842626	740.9394101316824	-1.9367857159309096	548991.2094862855	3.7511389094340064	634.219284084624	-0.2513672955267338	0.0631855172604243	402234.10030481295	648.1890564303552	451.9815652474113	0.62275	19.017893	0.1828775472491617	0.0949068580496643	0.0725378238	-0.0703901044	-0.05870587	0.0306340879	-0.0932095194	0.0347951442	-0.0184650711	0.0423690918	-0.0418595451	-0.0492820165	0.0050343463	-0.0692644182	0.003564888	-0.0543772242	0.015369382	0.1056648931	-0.0012201405	0.0194732147	0.0381246346	0.074397885	-0.0206513909	0.1028174169	-0.1166796229	-0.0168260788	-0.057889224	0.0616877682	-0.0072394155	0.1192870652	0.0177665627	0.0347438906	-0.0017094395	0.0254124423	-0.0228717515	0.0707558151	0.045244812	0.0169688007	0.0632771221	-0.0622293955	0.0137498232	-0.0302978854	-0.0193066641	0.0049551682	-0.0554207817	-0.0007853273	-0.0318289869	0.0233350536	0.0240039007	0.0301959045	0.0643740921	0.1469506841	0.0066324118	-0.0341267897	0.0415139957	-0.0106434049	-0.0014887511	0.0327300964	-0.0308299098	0.0859515723	-0.034492528	-0.0924363959	-0.0433292123	0.0121437635	-0.0412564209	-0.0227398532	0.0211379297	0.0365222772	-0.0134503073	-0.0087352036	0.0649746289	-0.022880008	-0.0057750907	0.0911072985	-0.02780189	-0.0456204977	0.0915002132	0.0123559307	-0.0841362429	0.0219963634	-0.0663538833	-0.0091373191	-0.0267119819	0.0060962926	0.0193429545	-0.0453878422	-0.069033631	0.0594848749	0.0221052598	0.1722209433	0.0143218834	-0.0040258684	0.0733696949	0.0098606413	0.0182578753	-0.0212326703	0.1479466907	-0.0307412569	-0.0336351893	0.0407464703	-0.0309991602	0.1371472749	0.0722832321	-0.0164783743	-0.0579088268	-0.0188871382	-0.106791913	-0.0068589787	0.061383604	0.0048647111	-0.0499261543	0.0384128087	0.0063692922	-0.0873532757	0.0778748599	-0.0498844741	-0.0197060578	-0.0459941678	0.0482311782	-0.0005997076	-6.25853e-05	0.041236262	-0.014973812	-0.0400513711	-0.045755927	0.0721213782	-0.0251418497	-0.0103863427	-0.033723465	-0.0596899362	-0.0258005812	0.0910250139	0.0	0.0	0.0	0.0247858277888894	-0.0023049710165423	5.312891387100499e-06	0.0006143372591804	0.5826039567251371	-0.0614249472205585	0.3394273703917854	0.0037730241410484	1.481834055354554	0.0551784343191457	0.0030446596139122	2.1958321676085237	-0.0035582352163718	-0.0001633024572526	1.2661037855028472e-05	2.666769254473728e-08	0.0052259719430185	0.000897521995151	8.05545731779833e-07	2.731078274921656e-05	-0.0016452223481195	-0.0002185594414546	4.776822944899041e-08	2.706756574751841e-06	0.0	0.0	0.0	0.0	0.0	0.0	0.0	0.0
564.5564219455615	-0.2534356865678546	0.0642296472261198	318723.9535599749	744.3719273693157	3.4325172376333057	554089.5662555099	11.78217458664978	633.1986722963046	-1.0206117883193428	1.041648422456407	400940.5585978029	647.6984303566512	451.0803306154583	0.602654	18.404177	0.1295056739139867	0.0688589504181188	0.0648047417	-0.0655221505	-0.0641090459	-0.0338768243	-0.1071742334	-0.0251574191	-0.0256922654	0.034410379	-0.0736868265	0.0241651269	-0.0165151565	-0.0710397077	0.0793513778	-0.0563230593	-0.0527288586	0.0523528091	-0.0461234069	-0.0398752372	-0.0753791855	-0.0727983362	0.0700399021	0.0227668926	-0.0179230483	-0.0073886046	0.0409723033	-0.0088195863	0.0500365927	-0.0870496915	-0.0452528218	0.0572022068	-0.010878415	0.0535523342	-0.0324854707	0.0089053272	0.0155028223	-0.0324291273	-0.0440172986	-0.0040440731	0.0400362846	0.0184914789	0.0115254336	-0.0598478409	-0.029619419	-0.0533418727	0.0331436813	-0.0496155425	0.0315677099	0.0431764213	0.0141115915	0.0772079862	-0.0352093738	-0.153165856	-0.0548628383	0.0364142504	-0.051634213	0.0104452588	0.0400037601	0.0838617628	-0.0369178784	-0.0977829725	-0.0350307241	-0.0376888439	-0.0656625981	-0.0252120498	-0.0073929131	0.0146729825	0.0022213034	0.0274265015	-0.0473468776	-0.1015667553	0.0103353684	0.0029940993	0.0362882848	0.0235125705	-0.0294020506	-0.0470398912	-0.0902894535	-0.0753010716	-0.0027073611	-0.0096406248	-0.0004176168	0.0560550849	0.0983339376	0.057825173	-0.0489935584	-0.0959705808	0.0539227639	0.0019952066	-0.0477388752	0.0528071237	0.0904007606	0.0711223058	0.072855158	-0.0543628538	-0.0335031823	0.0817440565	-0.0608472225	-0.0095164853	-0.0792224834	-0.0392099161	-0.0564171129	0.0509480444	-0.0503178715	-0.0208913961	-0.0995844372	-0.0047339323	0.0504044211	-0.0172513816	-0.0615816133	-0.0606645408	0.0840536561	-0.0239837151	-0.0530069412	-0.0286517961	-0.0372303335	-0.043605221	0.0390753028	-0.0102788341	-0.0379466495	-0.0510020923	-0.1770818942	-0.0130051297	0.0698625003	-0.0699951266	-0.1154609554	-0.0086987826	-0.0808540291	-0.0608682583	-0.0229101613	0.0892421688	0.0	0.0	0.0	0.0261732410135948	0.0013874132247053	1.9249154560874288e-06	0.0006850385451557	0.6152010172417306	0.0325970605165935	0.3784722916152601	0.0010625683543224	1.444512268715911	-0.0373217866386428	0.0013929157579003	2.0866156944707885	-0.0027840026111917	0.0007742326051801	7.750670539122203e-06	5.994361269239649e-07	0.0049990490222795	-0.000226922920739	5.1494011956718815e-08	2.499049112715362e-05	-0.0018080550928813	-0.0001628327447617	2.6514502766661468e-08	3.269063218894006e-06	0.0	0.0	0.0	0.0	0.0	0.0	0.0	0.0
565.1397347858531	0.583312840291569	0.3402538696490175	319382.9198338244	741.2712124998465	-3.1007148694692432	549483.0104809925	9.614432701747669	633.9470144626314	0.7483421663267791	0.5600159979026567	401888.81714608375	647.6561058628705	452.7692938628404	0.616531	18.827974	0.1383815359830522	0.0699080860171685	0.0598775354	-0.0554962867	-0.044383549	0.0097295793	-0.0810886515	0.0158529738	0.0235605818	-0.0010295193	-0.0843740348	0.0252383178	-0.0193499673	-0.056014597	0.1705169311	-0.0202914769	-0.0206598156	-0.0035945247	-0.0265219208	-0.1268306649	0.059328845	0.0309934861	0.002579586	0.1224963526	0.0200038826	0.0046229518	-0.0220461853	0.0866810582	-0.0909287386	-0.0715395698	-0.0110184401	0.0007097335	0.0169335942	-0.1204055266	-0.0065383012	-0.0347080812	0.0618926926	0.0072433962	-0.0640480431	-0.0159222291	-0.080481499	-0.035692235	-0.0975046713	-0.0232749092	0.0215101397	-0.0610224999	-0.0191079567	-0.0671518555	0.0414819441	-0.0476693657	0.0141181718	0.0532170887	0.0743659681	-0.0001102134	0.0791552292	-0.0326903259	0.0397736861	0.0073536817	0.0644468368	0.005310919	-0.0374438685	-0.0883590848	-0.0400832674	-0.1038029122	0.0261195062	-0.0641277981	-0.0797188786	0.0159451415	-0.0004949146	-0.0359178194	-0.0803713348	-0.0727396364	-0.0095299901	0.0721797668	0.0303870136	-0.0178602867	0.0296424935	-0.0015867518	0.1081064807	0.0877276196	-0.0665692002	-0.0561181864	-0.0039886514	0.0953075903	-0.0738886529	-0.002784914	-0.0087837909	-0.0199614543	0.0657372698	0.0535387836	-0.0458048971	-0.0098300176	-0.0230643343	0.0612807521	-0.0356598547	-0.057196013	-0.022863101	0.016950413	0.0294532067	0.0710132799	0.0141818747	-0.0376884232	0.0287218363	0.091182648	0.0152777622	-0.0201390631	-0.0864416333	-0.0177472053	0.0499665409	-0.0204957053	-0.0187749278	-0.1047565012	-0.0429961794	-0.0050768022	0.0145016549	-0.0803094217	-0.0890058149	-0.0707648401	-0.0129567394	-0.0037678013	-0.0062071979	-0.0957309241	-0.0611373858	0.0253115786	0.1090503215	-0.0548920094	-0.0674476062	-0.0981688653	-0.1550810622	-0.0620325607	-0.019998635	0.0872743556	0.0	0.0	0.0	-0.0106283433720903	-0.0368015843856851	0.0013543566132967	0.000112961682835	0.5748080425572937	-0.0403929746844369	0.3304042857885475	0.0016315924038575	1.4702447034742363	0.0257324347583252	0.0006621581985914	2.161619488094045	-0.0030700071778878	-0.0002860045666961	9.424944072282614e-06	8.179861217102394e-08	0.0050389038530735	3.985483079400019e-05	1.588407537618386e-09	2.539055204051896e-05	-0.0021912865384833	-0.0003832314456019	1.468663408981986e-07	4.801736693738122e-06	0.0	0.0	0.0	0.0	0.0	0.0	0.0	0.0
563.9062894759056	-1.2334453099474558	1.5213873326313754	317990.30331048387	738.9911335879152	-2.280078911931241	546107.895521552	5.198759844633553	632.4992233951535	-1.4477910674778514	2.0960989750686565	400055.26759547234	646.2777415454453	450.590234930619	0.647269	19.766649	0.1840436810065441	0.0960688728510245	0.0638580422	-0.0661942192	-0.0367790034	0.0299556371	-0.0128129652	0.0136136425	0.08060423	0.1154470891	-0.0421540628	0.0909606083	-0.0432689608	-0.1041025521	0.0862923497	0.0344730166	0.026501908	-0.0974992583	-0.0049968073	-0.0317440192	0.0085968424	-0.0163880835	-0.0806755743	0.0012132964	0.0665073095	0.1028776539	0.003539772	-0.1040518996	-0.0489688003	0.0345596034	-0.004632657	-0.0375822233	-0.0658363508	-0.0954331247	0.0461081588	-0.0163402399	0.0424882042	0.0273600206	-0.0385683756	0.110434174	0.0314697373	-0.034648351	0.0675992583	0.095328594	-0.0742697634	-0.0069030105	-0.0622921586	0.0967728121	-0.0085703132	0.0372187011	0.0259426459	0.0193824909	-0.1141638757	0.1198749552	-0.1873241308	0.1164612797	0.0999633085	-0.0038031255	-0.0128133622	0.0124230133	-0.0229077703	-0.1111311031	0.0322665061	-0.0688406463	0.0953089734	0.0183696849	-0.0183352813	-0.0848614293	-0.0002716448	-0.0288916357	-0.0086666328	-0.0405020549	0.0753377263	-0.0301019762	0.0584012587	-0.1025746722	-0.007750912	-0.0206362376	0.0576038523	0.0662401964	-0.0137387859	0.0376657702	0.0371530855	0.0061329748	-0.0064646546	0.0734293971	-0.0565891214	0.0762760763	0.0027976831	-0.0319270904	-0.0199610643	0.1334814075	0.0939409341	-0.0786135844	-0.0462129122	-0.0547152854	-0.0687824909	-0.058017459	-0.0340897678	-0.0644952549	-0.0818857421	0.0147197662	0.0281764441	0.0789765493	-0.0116454369	-0.0239516473	-0.0922136917	0.0050215347	0.0370115047	-0.1067563314	0.0562556339	-0.0652409905	0.0851657621	0.0767177358	0.0090101682	-0.088556728	-0.0376313898	-0.0896329962	0.0303377799	0.1096497326	-0.0263439271	-0.0710992184	-0.0019125204	-0.0115505112	0.2212550662	0.0426992096	-0.1182412442	-0.0480156657	-0.0137733081	-0.063182575	-0.0170686847	0.0851256531	0.0	0.0	0.0	0.0178983995040056	0.0285267428760958	0.0008137750591188	0.0003203527048049	0.5443959455345748	-0.0304120970227188	0.2963669455144838	0.0009248956453192	1.442417421529072	-0.0278272819451643	0.0007743576204556	2.080568017930577	-0.0017168755493006	0.0013531316285872	2.947661651786237e-06	1.830965204283048e-06	0.0046427386904943	-0.0003961651625791	1.5694683604140368e-07	2.155502254821273e-05	-0.0019950321463984	0.0001962543920849	3.851578641261366e-08	3.980153265163006e-06	0.0	0.0	0.0	0.0	0.0	0.0	0.0	0.0
564.1199312327163	0.2136417568107163	0.0456428002531692	318231.2968140046	738.722687775234	-0.2684458126811933	545711.2094338658	0.0720631543460663	633.3406535730953	0.8414301779417883	0.7080047443511496	401120.3834683956	647.3540368963955	448.7846381291099	0.633224	19.337734	0.155116962954683	0.0992946799551671	0.0632690059	-0.061062016	-0.0485663709	0.0361791803	-0.0165849947	-0.001535656	0.0220012733	0.116470755	-0.0337494568	0.0033308698	-0.0350792084	-0.0916190405	0.0288090814	0.0235594422	0.1022877505	0.0305181998	0.072648406	0.0741650337	0.0032902228	-0.0540935056	-0.083316767	-0.0755113638	-0.0787849153	0.0094026533	-0.0077562706	-0.0226357672	0.0389994812	-0.0037447694	0.0403884537	0.0218670299	-0.0957515256	0.1313367873	0.0191539302	-0.026555264	0.0511873338	0.1236004184	-0.0037098089	0.0563701881	-0.0328524653	0.0773408305	0.0653347928	-0.0150028721	-0.001716002	-0.110571919	-0.0497882488	-0.0832249739	-0.046630875	-0.0970368195	0.0099135314	-0.05720247	0.0407027423	0.0089690283	0.0379689356	-0.0446098022	0.0037110311	0.027089521	-0.0202231877	0.0024261825	-0.0355936977	-0.0902510322	0.0242551005	0.0113290101	0.0337288182	0.0485952295	0.0315263656	0.0447033462	-0.0036457404	0.049492166	0.0370926287	0.0894311906	-0.0069622221	-0.0327301518	0.0535272569	0.0528552549	0.0034978523	0.0741350443	-0.0603571512	0.0498452275	-0.0273910759	0.1164502671	0.0436848422	0.0863757048	0.0771669338	0.0182348873	-0.0358957793	-0.0171321358	0.0533317089	-0.0808974469	-0.073281699	0.0144931843	0.011932629	0.0150248196	0.0724358952	-0.090864399	-0.0039858172	0.126956488	-0.0831105672	-0.0024216131	0.0352427637	-0.0296282582	0.0008130713	-0.1113978678	-0.0638743999	-0.0187124226	-0.0922486398	0.0058852971	0.030739284	-0.0282829953	0.0611284731	0.0189172744	-0.0568032781	0.1215501042	-0.0848264987	-0.0889414511	-0.0315659876	-0.0532376888	-0.1251763593	0.0386538997	-0.0104120006	-0.0178767637	-0.114409716	0.0875139307	0.087156681	0.0122032523	-0.0874737492	-0.0908203995	-0.0720096414	-0.0643180366	-0.0141230095	0.0828005146	0.0	0.0	0.0	-0.0151324529396248	-0.0330308524436303	0.0010910372131528	0.0002289911319699	0.634549985253301	0.0901540397187261	0.4026536837849644	0.0081277508776056	1.4330023300437205	-0.0094150914853514	8.86439476775377e-05	2.053495677910732	-0.0020940226207485	-0.0003771470714478	4.384930736206416e-06	1.422399135017273e-07	0.0046520450983504	9.30640785610018e-06	8.660922718408314e-11	2.1641523597085985e-05	-0.0019311460395629	6.388610683549984e-05	4.081434646596899e-09	3.7293250261194735e-06	0.0	0.0	0.0	0.0	0.0	0.0	0.0	0.0
563.2783672807783	-0.841563951938042	0.708229885201575	317282.5190464994	735.7322725499951	-2.990415225238962	541301.9768715802	8.942583219340992	633.0101321060046	-0.3305214670907617	0.1092444402078294	400701.8273488613	647.0568433755246	447.9098070476366	0.657503	20.079206	0.1715671076530398	0.1004933275925254	0.0689608654	-0.052642281	-0.0493794337	0.0566475002	-0.0065267428	0.0011724945	-0.0064585557	0.0408645781	-0.0715011016	-0.0651483839	-0.042947944	-0.0870253014	-0.0118822161	-0.0895264056	-0.0368088534	0.0069530344	-0.0493912392	-0.0291210463	0.0372650489	0.0317076107	-0.0503355006	0.0472333878	0.0024754484	-0.0108597142	-0.1100075414	0.0594187223	-0.0782036496	-0.0346645243	-0.0541382784	0.008076184	0.0220624533	-0.0444347197	-0.0455129112	0.0120126735	0.0161053524	0.1351209418	0.0465293899	-0.015642502	-0.0256546027	0.1194045705	0.0323721292	-0.0023677265	0.066999641	-0.0378447337	0.0992435115	-0.1051539728	0.0737368355	0.0274146077	0.0673175188	0.1456021094	0.0232489267	0.0263880776	0.1159069681	-0.0494487876	0.0954551533	0.0287212623	-0.0702591484	0.0463340394	-0.0436440053	-0.0801053588	-0.0316002588	0.0750126653	-0.0207762862	-0.0048883232	0.0355040696	-0.0194802236	0.0791126098	-0.0275825993	0.0079430042	0.0327930123	-0.028873516	0.0643144725	0.0519997329	-0.012045989	0.1024521563	0.0624067492	0.0184045516	0.0293929566	-0.0651188516	-0.0006089276	-0.0482390608	0.1207416608	0.0697651562	0.0316697695	-0.0524601214	-0.0821604556	0.0838368008	0.0474975779	0.0383117253	-0.0513283292	-0.021945613	-0.0877667012	0.0732912957	-0.0296984706	-0.0623045505	-0.0656941999	0.0071968248	0.0105329658	-0.0139211136	0.0209050819	0.1262830661	0.0792783912	-0.0204711231	-0.0287515289	-0.0910860309	-0.0039615343	0.0476323378	-0.034155346	-0.0095211469	0.1159124312	0.0654505194	-0.0075746552	0.0378031996	-0.0276367123	0.033423179	-0.162237841	0.0011545045	0.0632967088	-0.0647519313	0.0282857104	-0.0051521169	-0.0859290946	0.0673858183	0.0054979685	-0.0247876424	-0.0531932233	-0.0014820233	-0.0654386837	-0.0111643232	0.0803037594	0.0	0.0	0.0	0.0050845047704086	0.0202169577100334	0.0004087253790492	2.585218876030781e-05	0.549745525928131	-0.08480445932517	0.3022201432779973	0.0071917963214344	1.4808868392512269	0.0478845092075064	0.0022929262220437	2.193025830667489	-0.0022840238797083	-0.0001900012589598	5.216765083077755e-06	3.610047840630905e-08	0.004783173368194	0.0001311282698436	1.7194623152175992e-08	2.287874747020034e-05	-0.0018790519401597	5.2094099403200006e-05	2.7137951926304833e-09	3.5308361938179327e-06	0.0	0.0	0.0	0.0	0.0	0.0	0.0	0.0
564.1391512210321	0.860783940253782	0.7409489917988266	318252.9819403865	741.5242532214279	5.791980671432839	549858.2181155963	33.5470400982516	634.1254528484513	1.1153207424467837	1.2439403585320448	402115.0899502535	648.1026129346841	450.40823649738144	0.746855	22.807861	0.3220014686585685	0.1477527017640287	0.056761384	-0.0377594854	-0.0528598771	-0.038391937	-0.0296453208	-0.0412375604	-0.0141656899	0.0060898543	-0.0381591411	0.0700603848	-0.0114867808	-0.0695629858	0.0743027706	-0.0096491868	-0.0055468656	0.0346368416	-0.0729904237	-0.0261673399	-0.021597168	0.0525603739	0.0316342795	0.0397793628	-0.0485693549	0.003869331	0.0583079926	0.0628241113	-0.0752573544	0.114913895	-0.0336048429	0.0471570686	0.0028113569	0.0451170516	-0.0710612182	-0.1069792277	0.1007318369	-0.0356846284	-0.0625089291	-0.033773101	0.0051670347	0.0716130777	-0.0253040358	-0.0349946696	0.0393459398	0.0658042249	0.046490852	-0.0123824846	-0.0655635317	-0.0231500402	-0.1645458272	0.0326300718	-0.0184660122	-0.0114826737	0.0112620799	0.0485689806	-0.0480587886	-0.099665827	0.0002429092	-0.1142947546	-0.0370587719	-0.0869943524	0.0036538134	-0.0709324803	-0.041478413	-0.0781124618	-0.0187057825	0.0189693634	-0.0015728765	0.0179072543	-0.0768167808	-0.0544028767	0.0335220783	0.0314002699	-0.0521621647	0.0674292955	0.0608216578	0.0577586238	0.0420548821	0.0194134777	-0.0202652149	0.054935622	0.0398170373	0.0204034282	0.1148612529	-0.0300581382	0.0504100568	-0.035411347	0.0018254866	0.0706742428	-0.0376863789	0.0077485087	-0.0052388701	0.1258750967	0.0016772257	-0.0149955075	-0.01700431	-0.0317304573	-0.002147172	-0.0640903772	-0.0623559047	-0.1200048302	-0.069633134	0.0051669173	-0.0206805278	-0.0199315134	-0.0663919139	0.0005762971	-0.0091209128	0.0163614847	-0.069367383	-0.0620476605	-0.0984818182	-0.0545121207	-0.1158143826	0.0819337987	-0.0636489697	0.0191541205	0.0755450629	0.016175201	-0.0174434338	-0.0975573347	-0.1301625363	0.1188452247	-0.0586899187	-0.0143609875	-0.0955716602	0.009491857	-0.0154213196	-0.0665442583	-0.0081953516	0.0776405624	0.0	0.0	0.0	-0.0214509591693001	-0.0265354639397087	0.0007041308464955	0.0004601436492829	0.6061049384124146	0.0563594124842836	0.3673631963679169	0.0031763833755736	1.4116834153103357	-0.0692034239408911	0.0047891138851427	1.9928500650622536	-0.0045669157508543	-0.002282891871146	2.0856719475401096e-05	5.211595295344485e-06	0.0055735960877871	0.000790422719593	6.247680756489514e-07	3.106497334979567e-05	-0.0022038007152943	-0.0003247487751346	1.0546176695142305e-07	4.856737592731668e-06	0.0	0.0	0.0	0.0	0.0	0.0	0.0	0.0
563.2238171783476	-0.9153340426844352	0.8378364096970314	317221.06823694875	738.5430437483877	-2.981209473040167	545445.827469133	8.88760992214443	633.7654023567133	-0.3600504917380931	0.1296363566008426	401658.5852243666	648.114420714045	446.935711317477	0.836215	25.536789	0.4024278842267308	0.2606952506249586	0.0736249735	-0.0179057961	-0.0422171116	-0.0658834117	0.0452223481	-0.1059533595	-0.0339800855	0.0914180413	-0.0104862805	0.0458908949	-0.0535172459	-0.0506009107	0.0832267856	0.0458991003	-0.0234684817	-0.0397857389	-0.0388397842	0.068155516	0.0186721076	0.0967431709	-0.0223573524	-0.0459353019	0.008055492	0.0862297724	0.0888650962	0.0334151809	0.0038047946	-0.0909183073	-0.0901568582	0.0958148615	-0.0623577306	-0.0132443174	-0.0375524508	0.0198155918	0.0291597869	-0.0054548002	-0.0983444482	-0.0638877986	-0.0600984175	0.0379891891	0.000861791	0.0330170732	-0.0008662932	-0.0444409603	-0.0724127279	0.0329220873	0.046067859	0.0325757418	-0.0173456338	-0.0350629474	0.0777358055	-0.0844891051	0.1131267743	-0.0052194117	0.0362363184	-0.0450955351	0.0012616118	-0.0252133206	-0.038910709	-0.0358243678	0.087688924	-0.0622067975	-0.0031396994	0.0166810917	-0.1043877961	-0.107966574	-0.1101130007	0.0302156864	0.1154290407	0.0041377991	-0.0264890276	0.009662559	0.0234941908	0.0780797322	0.0304014596	0.0580688046	0.0455144312	-0.0208681054	0.0884100145	-0.0307715402	-0.0124348684	-0.0403443559	-0.0335967838	0.1300902473	-0.0611385431	-0.0401235412	0.065005561	0.0889897547	-0.0077026708	-0.0035964961	0.0538341976	0.0457981543	-0.0844232494	-0.0244080096	-0.0030699961	0.0785996573	-0.0014584855	0.0523645022	-0.0273600961	0.0537338443	0.0085914724	-0.1563016404	0.0373053663	-0.0374755377	-0.0388792123	0.0561019488	-0.0964813692	-0.0711367124	0.0201963669	-0.0366115346	-0.043180806	0.0361881831	0.0218418989	-0.0331413308	0.3181819587	-0.047131568	-0.0325408436	0.121652304	-0.1146589058	-0.0736184551	-0.1288243388	0.0266172079	0.1991194167	0.0240866218	0.0462265077	-0.0789896876	-0.0744794216	-0.0676345058	-0.0052188299	0.0748164435	0.0	0.0	0.0	-0.0028300244833587	0.0186209346859414	0.000346739208578	8.009038576409676e-06	0.564364313666033	-0.0417406247463816	0.3185070785397325	0.0017422797542182	1.2877200729475078	-0.1239633423628279	0.0153669102497636	1.6582229862719349	-0.0009557158980313	0.003611199852823	9.133928777497744e-07	1.3040764377028856e-05	0.0061601773045367	0.0005865812167496	3.440775238434414e-07	3.794778442332904e-05	-0.0023680792943533	-0.0001642785790589	2.6987451537644072e-08	5.607799544344823e-06	0.0	0.0	0.0	0.0	0.0	0.0	0.0	0.0
563.8200041855467	0.5961870071990916	0.3554389475530096	317892.99711978994	739.4142635993238	0.871219850936086	546733.4532141304	0.7590240286650959	633.8856446392768	0.1202422825635949	0.0144582065161034	401811.0104797516	648.7825053360036	448.24999347147735	0.817933	24.978498	0.4964406021668358	0.2617905815566267	0.069454389	-0.0680930351	-0.042943142	-0.0261389719	-0.00332729	-0.0468804207	-0.0371616904	0.0830554951	-0.0477397903	-0.0296504808	-0.0300019649	-0.0906754057	-0.0948610018	0.0114825172	0.0232232342	0.0362382385	-0.1642694466	-0.0441189699	0.0063479561	0.1225643428	0.0148715958	0.0414615043	0.0414098533	-0.0750061944	-0.0318629774	-0.1113802985	0.017772283	0.0074856954	0.0562144622	0.0051541128	-0.0198279996	0.0733615282	0.0703745949	0.0968070216	-0.1191210253	-0.0561659912	-0.0523134756	0.0350394753	0.0706427686	-0.0384999982	0.0809177183	0.038535323	0.0522338011	0.0060145084	0.0612695823	0.052031472	0.0285045824	0.0343454653	-0.0167891892	0.0080765458	-0.0808218802	0.0196365385	-0.0046543011	-0.128486739	0.0074671737	0.0189777814	0.0488215696	0.0142286869	-0.0385805739	-0.0438789582	0.0369894242	0.0793197945	-0.0474278658	0.0239587633	0.0972662291	0.0001209447	-0.1034165147	-0.0086010031	0.0181097156	-0.0444483679	-0.0447527521	-0.0292694965	-0.0485970118	-0.0776270621	0.0815849957	-0.0033218228	0.0547280165	-0.1483394123	0.082344842	-0.0379746823	-0.197134832	0.0031430783	0.0203487605	0.0232372993	0.1010341654	0.0150345869	-0.0624560033	-0.0541845395	-0.0812287618	0.0740852183	0.0642702755	-0.0706913188	-0.0103043891	0.1181538037	0.0476242232	0.0746116029	0.0117973798	-0.1544151416	-0.0886396973	-0.0002708447	0.0358676077	-0.066886594	0.0539879293	-0.0207058667	-0.0879891103	0.0601321418	0.0195903381	-0.0317462336	-0.0026101508	0.0968980389	0.0208916848	0.0519268554	-0.1554031456	0.0076837887	0.0958048469	0.0468175613	-0.0977257085	-0.006568138	-0.0017000208	0.0789137556	0.0688221927	0.0680905154	-0.1418704813	-0.0645821302	0.0593025676	0.0730859196	-0.0006250143	-0.068709175	-0.0022375003	0.0718372561	0.0	0.0	0.0	0.0324259209417476	0.0352559454251063	0.001242981687818	0.0010514403489204	0.5828438664278934	0.0184795527618604	0.339706972632616	0.0003414938702783	1.391493566260067	0.1037734933125591	0.0107689379142917	1.9362543449431595	-0.003973053125168	-0.0030173372271367	1.578515113540721e-05	9.104323942264988e-06	0.0040369755478992	-0.0021232017566375	4.507985699388566e-06	1.6297171574336044e-05	-0.0007299860647813	0.001638093229572	2.683349428769625e-06	5.328796547748883e-07	0.0	0.0	0.0	0.0	0.0	0.0	0.0	0.0
563.0190004194102	-0.8010037661365459	0.6416070333649303	316990.3948332718	741.8678395253307	2.45357592600692	550367.8913219819	6.020034824680715	633.1438261589118	-0.7418184803650547	0.5502946578111191	400871.1046031463	647.6851880309584	448.0448433067488	0.728514	22.247755	0.1057961025491624	0.0497643406237836	0.0804422493	-0.0745261198	-0.0626034014	-0.0425411915	-0.0147502855	0.0390491603	-0.0522171872	0.0484263936	-0.1103483504	-0.0959875039	-0.0369216501	-0.0772901757	-0.006700537	0.0110186146	-0.081825026	0.1075813041	0.0535091391	-0.0521637587	0.0278666151	0.0739255843	0.0552027386	0.0388884372	0.0504784052	0.0844694287	0.016160666	-0.0170209517	0.0058366936	-0.1221238854	-0.0409492857	0.0769152351	0.0971055816	-0.029556017	-0.1553825178	0.0827259404	-0.1187751323	0.08507307	-0.0348041638	-0.0739590961	-0.0469717558	-0.0651264505	-0.0661930194	0.0849990765	0.10008408	0.0059869399	-0.0479676166	-0.1097287537	-0.0409197049	0.0184944289	0.0548275433	0.0089221364	0.0090791106	0.0486554205	-0.0803609228	-0.1144291811	-0.054299521	-0.0341044349	0.0045535278	0.0221003627	-0.0400871075	-0.0665003346	0.03250531	0.0176623905	-0.0886430212	-0.0516524909	-0.0739037813	0.0519759438	0.0118318385	-0.0282464709	0.0282561618	-0.048296387	-0.06293293	0.1599960859	0.0450591498	0.0002650315	0.0125075001	-0.0410180809	0.0334900918	-0.1324985678	0.0900183282	-0.1117708038	-0.0026302394	0.0545620637	0.0050404109	0.1252672558	0.040766302	0.0060030829	-0.0272060572	0.0393513956	0.0294720716	-0.0768994849	-0.0969877208	-0.0006807473	0.0188854088	-0.1154715376	0.0911077688	0.0019378122	0.0321460075	0.0874439835	0.0327182249	-0.0750307311	0.0082519555	0.0255556703	0.0542897253	-0.0229126681	-0.107169574	0.0634832352	0.0331320408	-0.0726036472	-0.0936885674	0.0297057135	-0.0930217414	-0.1053428524	0.0804339934	-0.0405026846	0.1395384455	-0.0017059513	0.078888882	-0.0280085241	-0.0056250838	0.0159830259	0.0232021735	0.0327264761	-0.0904863104	0.1047892378	0.0799447397	0.1069090496	-0.0253807352	-0.0697680185	0.0007458907	0.068709175	0.0	0.0	0.0	0.0472518936582986	0.0148259727165509	0.0002198094669919	0.0022327414542951	0.569615575562409	-0.0132282908654843	0.3244619039232945	0.0001749876792218	1.430937422113189	0.039443855853122	0.0015558177645618	2.047581906003938	-0.0033938876936863	0.0005791654314816	1.1518473677355312e-05	3.354325970233835e-07	0.0040159784855318	-2.0997062367400336e-05	4.4087662806049934e-10	1.6128083196254287e-05	-0.0005641888963503	0.000165797168431	2.7488701059737392e-08	3.183091107649695e-07	0.0	0.0	0.0	0.0	0.0	0.0	0.0	0.0
562.8596003503925	-0.1594000690176926	0.0254083820028451	316810.9297066036	741.1475772497789	-0.7202622755518178	549299.731263217	0.5187777455830827	632.8615162537161	-0.2823099051956887	0.0796988825715987	400513.6987549526	646.9376245090091	449.0288507506899	0.690201	21.077742	0.1282748757412934	0.0647649908812387	0.07126534	-0.0843275092	-0.0379239032	-0.039902516	-0.0328198151	-0.0302117776	0.0536714096	0.1364672438	-0.0516089943	0.1208966731	-0.0064197405	-0.1214881713	0.0673538222	0.0495453731	0.0133721248	-0.0255377069	0.0052753712	-0.1256195555	0.0361083952	0.0176276898	0.0238053463	-0.0569564548	0.0252915183	-0.1314539764	0.0240756622	-0.0085438172	0.0405625318	0.0879841344	0.0847755704	0.0702389494	-0.0950650862	-0.0393474447	0.0134882098	-0.0624527328	-0.1414998396	-0.0141702772	0.0071272617	-0.1302150731	0.0415901478	-0.0534027802	-0.0878985843	0.0549964529	0.0229784774	0.1192004361	0.0280934832	-0.0159977943	0.0229935908	0.0086774669	0.0375458534	-0.0189897091	0.0556772876	-0.0543112321	-0.0433640298	-0.0543456766	-0.0603891679	0.0741314734	0.1315817389	0.101502871	-0.0170917821	-0.1358220464	0.0388184523	-0.0848798535	0.0376974791	-0.0122001527	-0.0545972358	0.0220653005	-0.0766696834	0.008743909	-0.1237462952	0.0037367365	-0.0173597934	0.0136947006	-0.0017200124	-0.0615628787	-0.0342896821	-0.0386918393	0.0193837722	-0.0384792901	-0.023165369	0.0055017139	-0.1349615008	-0.0087120081	0.006821451	-0.0117941292	0.1191617352	0.0240268021	-0.1278982664	0.0332214768	0.0251099425	0.0538069179	-0.0186872867	0.1004457522	-0.0301201941	-0.0288638964	0.1033115778	0.0434767753	-0.0324471403	-0.0086290977	0.0619695138	0.0337425161	0.0575463055	-0.0051623949	-0.0059464687	-0.0196389582	-0.1125366463	0.0654281103	0.051158391	-0.1113519323	-0.0422424618	-0.0956809547	0.0493654116	0.0705749379	-0.1331777493	-0.0802626907	0.0623250659	0.0637456704	0.0204446948	-0.0506834976	0.0496546647	0.0213802527	0.0127807615	0.1225689852	-0.0213051492	-0.0890507927	0.0433305906	-0.0010487303	-0.0018888275	-0.0708107922	0.0037285945	0.0654386837	0.0	0.0	0.0	0.0669899475590085	0.0197380539007099	0.0003895907717873	0.0044876530739587	0.6215677510850526	0.0519521755226435	0.3863464691889299	0.0026990285415355	1.424597592082094	-0.006339830031095	4.019344482317481e-05	2.0294782993661	-0.0029101584605859	0.0004837292331004	8.469022265719695e-06	2.339939709559012e-07	0.0035812090795142	-0.0004347694060175	1.8902443640889635e-07	1.2825058471194944e-05	-0.0004777912097314	8.639768661889997e-05	7.464560253097646e-09	2.2828444009659465e-07	0.0	0.0	0.0	0.0	0.0	0.0	0.0	0.0
562.5577161186753	-0.3018842317171675	0.0911340893594644	316471.1839646601	734.3163059402561	-6.831271309522776	539220.4371697438	46.66626770430903	633.7832712899267	0.921755036210584	0.849632346779575	401681.2349669608	647.6117839072309	446.7517589506896	0.711939	21.741587	0.1471402013282312	0.0825307113892142	0.0780605159	-0.07953964	-0.0372594346	0.0584972655	0.0524693975	0.0355740906	0.0822577474	0.1074669226	-0.0769723132	-0.1361815751	-0.0126055273	-0.0754602454	0.123635543	0.0633483936	0.0829459841	-0.0069113105	0.0208006133	-0.0209913504	-0.0892615444	-0.0056866905	0.0486586683	0.1036253201	0.0001837752	0.0943643136	-0.0406598438	-0.0234866404	0.0264266273	0.0280420097	-0.085857325	-0.0819312793	0.0331960872	-0.0061767315	0.0009383914	0.0606682508	0.0409304168	-0.0116932803	0.0083915543	0.0327734386	0.0573783112	-0.0179574887	0.1218685945	0.0160339213	-0.0352895426	0.0251753015	-0.0153053641	-0.159396769	0.0668493669	-0.0100802994	0.0539393837	-0.0481304664	-0.1782175153	0.01024055	-0.0220239041	-0.0072836394	0.0753994935	-0.0432883646	-0.0039304639	0.0148989151	-0.022507816	-0.0781622043	0.0139713423	-0.0314657506	0.1034196771	-0.0244528399	-0.0529896645	0.0036403349	0.0153751038	-0.1250017046	0.1215007785	-0.1140837625	0.0368086485	-0.028403245	0.0364264382	0.0033912676	0.0657909363	-0.0361537611	-0.0779101087	0.01477933	0.080535319	0.007200146	-0.0258973482	-0.0240472624	0.0254646366	0.0437129862	-0.0726503227	-0.0439803296	0.0565730182	-0.0266949456	-0.0731245931	-0.0572628373	0.0124115794	-0.078759082	0.0173261136	0.0660502037	-0.0146318334	-0.0668068103	-0.0323413831	-0.0178132746	0.0129728325	0.0611657745	-0.1377437009	-0.0911339424	0.13671142	-0.0197767842	-0.1177354612	0.0726568008	0.051878317	-0.0922650837	0.033421707	0.0111848879	-0.1463369022	0.0499977803	0.1004053658	-0.0165130687	0.1186620594	0.0809592279	-0.0454719893	0.0213164856	0.0123429947	-0.0251137846	0.082729797	0.0375661608	-0.0509442215	0.1615549362	0.087984942	0.0304015884	0.0205812293	-0.0718372561	0.0067078633	0.0620325607	0.0	0.0	0.0	0.0674774304578562	0.0004874828988477	2.376395766689589e-07	0.0045532036211948	0.5970408611369038	-0.0245268899481487	0.3564577898670956	0.0006015683305286	1.4788734060889936	0.0542758140068997	0.0029458639861115	2.1870665512372613	-0.003753776441499	-0.000843617980913	1.4090837572752896e-05	7.116912977198955e-07	0.0037477665149534	0.0001665574354391	2.7741379300083208e-08	1.4045753850605952e-05	-0.000130966336597	0.0003468248731344	1.2028749262469268e-07	1.71521813216387e-08	0.0	0.0	0.0	0.0	0.0	0.0	0.0	0.0
562.8372006500678	0.279484531392427	0.0781116032876445	316785.71443560463	736.4245330042809	2.108227064024732	542321.0928105732	4.44462135348634	633.0608211010958	-0.7224501888308623	0.5219342753417486	400766.0032131937	647.276206267396	446.7717919515527	0.715896	21.862442	0.1104767004708755	0.0522115129683696	0.0645914116	-0.0745335538	-0.0254832716	0.0324288634	0.0209828695	-0.017550734	-0.0055045402	0.063778126	-0.0983171534	-0.0172309168	-0.0328870853	-0.106417322	-0.0764111644	-0.0551643842	-0.0291043066	0.0324034223	0.0600061669	-0.0040321275	-0.1017476024	0.0437593599	0.0503571734	0.0238085106	0.0543587634	0.004381701	-0.0134742967	0.0380207205	-0.0691271576	0.0533675547	0.0582293242	-0.005099654	-0.0312100272	-0.0617049335	-0.0426409758	-0.0898584091	0.0608502069	0.018412149	0.0179955919	0.0306936266	0.0861388172	-0.0233382871	0.0421116614	0.0344307097	0.0653152745	-0.0781768447	-0.0273115937	0.099107127	-0.0396369791	0.1150908381	-0.0168433189	-0.0652770743	0.0549744888	0.0631594255	-0.0271518535	0.0448828399	0.0513956041	0.0139077291	0.0738144748	0.1337612988	-0.0376461584	-0.1011494055	0.0018711258	0.095890656	-0.0397096856	0.0021927008	0.0387948431	0.0583966619	0.0952831281	0.0245119045	0.0117091873	0.049969985	-0.005446336	0.0032412524	-0.0878328647	-0.037781719	0.0810400857	-0.0946175072	0.0409065915	-0.052992652	0.0219819314	0.0644395457	0.0663626828	0.0319974252	0.0283540601	0.0488085177	-0.0378982793	0.0502796843	-0.0308442543	-0.0185933047	0.0256542582	0.0694368643	0.043045297	0.0064768999	0.0055685841	0.0264705177	-0.0236375636	0.0275580562	0.095618329	-0.1482011988	-0.0088657615	0.0339945408	0.0783544383	0.1000600864	0.0701832503	-0.0206388411	-0.1094692934	0.054644403	0.0568934084	-0.0952346429	-0.0305641881	0.1185287477	0.0832483977	0.0030094189	-0.0866840207	0.0562708361	-0.0129460636	0.0016830284	-0.0049131191	-0.0257494084	-0.0321202161	0.0525909996	0.0225875007	-0.0265813307	-0.0988769251	-0.0632814397	0.0747304166	0.0941729596	0.0647224867	-0.0728471738	0.0096809523	0.0584978657	0.0	0.0	0.0	0.0472318576990034	-0.0202455727588528	0.000409883216334	0.0022308483816989	0.5670517504567556	-0.0299891106801482	0.3215476876960706	0.0008993467593861	1.4679736801967491	-0.0108997258922445	0.000118804024526	2.154946725750388	-0.0035142936948212	0.0002394827466777	1.2350260173460042e-05	5.7351985956343305e-08	0.0042851227257518	0.0005373562107984	2.887516972836151e-07	1.8362276774754535e-05	-0.0003409732019134	-0.0002100068653164	4.4102883480020586e-08	1.1626272442307625e-07	0.0	0.0	0.0	0.0	0.0	0.0	0.0	0.0
563.8181319529001	0.980931302832346	0.9622262208763634	317890.8859188579	737.2941726588604	0.8696396545794869	543602.6970367134	0.7562731288171293	633.5493510828609	0.4885299817650548	0.2386615430833647	401384.7802575141	647.4807249486248	447.3779125737107	0.72613	22.174973	0.2322926081705243	0.1120004353415375	0.0634123148	-0.0670718754	-0.0334516327	0.0736185682	-0.013503994	0.0542701978	0.0055094147	-0.0533501016	-0.145353863	0.0391877878	-0.0010074529	-0.0430646776	0.1298942655	0.0166480079	-0.0359404016	-0.0217872219	0.0399702628	-0.0820982987	0.0248274518	0.0032068237	0.0181282378	0.036994108	-0.0049010868	0.0900596164	-0.0527229537	0.035086008	-0.0873290001	-0.0344815522	0.0315985284	-0.0338774912	-0.0264844036	-0.0519456996	0.116250074	-0.0672341102	0.0428008846	-0.0046274105	0.0693874833	0.0183069876	-0.010946382	-0.0449528556	-0.0151724015	0.0171581743	-0.2085063124	0.0340106761	0.0331983321	0.0288643823	-0.023859176	-0.0012117981	-0.0328158475	-0.0952760893	0.0630836461	-0.0107447728	0.0366432676	-0.0070059591	-0.0826073651	0.0092217029	-0.0197505721	0.0594621077	-0.0255269054	-0.0694309796	-0.0439487209	-0.0624956862	0.0529394774	-0.1271410509	-0.0743307692	0.037946697	0.0926449776	-0.1005666452	-0.1119312082	0.0119474793	0.0036182682	-0.0103986266	0.0503584943	0.0015668202	0.0359821052	0.0114441818	0.0361203409	0.0454047928	-0.0977597	0.0444453991	0.130988226	0.0028861354	-0.1443798424	-0.0354383181	-0.0484871601	-0.0390921539	0.0181171777	-0.0711454562	-0.0062122777	-0.0726825151	0.0131549164	-0.0093221009	-0.1011761716	0.0781045708	0.0616264497	0.0115606453	-0.0516843995	0.0413287579	-0.0401607682	0.0456196622	0.0105070126	0.0424631291	0.0342867329	-0.0266172228	-0.0984287303	0.0193780245	0.0609182508	-0.0426099079	-0.0827825422	-0.0637760568	-0.1207115877	-0.0582909064	0.0449983263	-0.0135926428	-0.0196237202	0.0205706297	0.0679727094	-0.0720990423	0.0228430283	-0.007318606	-0.0215964241	0.0577466413	-0.0359575756	0.059878107	0.0589956588	0.0150205435	-0.0062448922	-0.0738403125	0.0126451226	0.054841925	0.0	0.0	0.0	0.0237001374016756	-0.0235317202973278	0.0005537418601516	0.0005616965128583	0.6344353136244365	0.0673835631676809	0.4025081671737371	0.0045405445851728	1.5413593768808198	0.0733856966840706	0.0053854604778064	2.375788728698429	-0.0036449961647135	-0.0001307024698922	1.3285997040776123e-05	1.7083135635947557e-08	0.004798962355565	0.0005138396298131	2.640311651665657e-07	2.303003969012997e-05	-0.0010562636626368	-0.0007152904607234	5.116404432018939e-07	1.1156929250069078e-06	0.0	0.0	0.0	0.0	0.0	0.0	0.0	0.0
563.246572112536	-0.5715598403641025	0.3266806511170382	317246.7009965222	733.6855322160061	-3.6086404428542656	538294.4601830841	13.022285845803436	632.8511744676438	-0.6981766152171076	0.4874505860360171	400500.6090250761	646.8128892430719	448.5526787343233	0.69827	21.324148	0.267996495959573	0.1475291266647501	0.0602055674	-0.0544052584	-0.015088977	0.0489743919	0.0368889952	-0.0206709235	0.0505758493	0.0764828738	-0.0104678151	-0.0224666663	-0.0319113396	-0.1195039062	0.1079466288	0.0348672727	0.026532368	-0.1278927284	-0.0185899015	-0.0286634245	-0.1000775829	-0.0543909073	-0.0585108412	0.0382302488	0.0629382913	0.0128576446	0.0152590934	0.0247282944	0.0503944258	0.0112582046	-0.0179728685	-0.0449451307	0.0073885817	0.0883380594	0.088889503	-0.0523991879	0.0526911166	-0.031930197	-0.007620735	0.0521452385	-0.0395367617	-0.0258295268	0.043349687	0.0065021701	0.0961646519	0.0003026903	0.0026860172	0.0839555708	0.0569728347	0.0359399227	0.0684526689	0.0194280177	-0.0443740777	-0.0835484676	0.0001226599	-0.038120979	-0.0204870842	0.0096576568	-0.0458062844	-0.0098925075	-0.0280232096	-0.0995708667	0.05261173	-0.0144537153	0.1073481711	-0.0181217934	-0.0153151022	-0.1028782602	0.0227182937	-0.0089046904	0.0172503716	-0.1506557059	-0.0118930624	-0.0433447697	0.0427541258	-0.000959425	-0.0589155905	-0.0297184268	-0.0247137876	-0.0053498513	0.0366621343	0.0716280503	0.0276287754	0.0863969341	0.0266833125	-0.0694175942	-0.0128671793	-0.0386094708	-0.0080150544	-0.0120351526	0.0244542174	0.0030280123	0.097650838	-0.0136665026	0.0367243547	0.0765586055	-0.0310339414	0.0603121821	-0.0842867599	-0.0974768966	-0.0338113645	-0.0984293458	-0.0408906985	0.0216230338	0.0387139897	-0.0162612486	-0.0864443676	0.045454202	0.0252660631	-0.154054156	0.063777843	-0.0194451967	0.0419888482	0.0782750651	-0.0240183499	0.0448032619	-0.0504476163	0.078284027	-0.0464914613	0.0009663488	0.0146060522	0.0089732445	0.0476350157	-0.0026861694	0.0195797874	0.0328669786	-0.0543341194	0.0437676092	0.0650020367	-0.0748164435	0.0155976434	0.051072316	0.0	0.0	0.0	0.0465754137390064	0.0228752763373308	0.0005232782675092	0.0021692691649596	0.5496670979224945	-0.084768215701942	0.3021339185385371	0.0071856503932909	1.4596743795810596	-0.0816849972997602	0.0066724387838618	2.1306492944053512	-0.0024240498356737	0.0012209463290397	5.876017605829693e-06	1.4907099383957633e-06	0.0044888521424404	-0.0003101102131245	9.61683442841844e-08	2.0149793556691773e-05	-0.0010985672528832	-4.230359024639998e-05	1.7895937477353075e-09	1.2068500091073407e-06	0.0	0.0	0.0	0.0	0.0	0.0	0.0	0.0
563.0888388696127	-0.1577332429233138	0.0248797759231051	317069.0404595286	733.8361463726692	0.1506141566630958	538515.4897230896	0.0226846241873355	633.2712859837354	0.4201115160916515	0.176493685952826	401032.521651494	647.1297692776255	448.4354468822479	0.647736	19.780933	0.1454895638475171	0.0748734573409766	0.0543872446	-0.0456691923	-0.022075006	0.0610202655	0.0249014717	0.0151685672	0.0120253272	0.0440993297	-0.069199872	-0.1077887687	-0.0332394961	-0.0688485886	-0.0230613304	0.0379869914	0.0031176778	-0.0180696921	0.102522069	-0.0294724288	-0.0272998209	0.0782783727	0.0015450838	-0.0157603147	0.026134232	-0.0104122353	-0.0312527033	-0.0791979343	0.0397405549	-0.0431564418	0.0806077191	-0.1252970463	-0.042192747	-0.011131427	-0.0521913662	-0.0487674153	0.0864661221	0.0757104829	-0.0446659896	-0.0437102324	-0.0198193915	0.0233437747	0.0312910846	0.048863251	-0.0164476519	0.0850507976	0.0149805457	0.0867727877	-0.0385050946	-0.1234645742	0.0448859277	-0.0111609255	-0.070851042	-0.0406211301	-0.0381577607	-0.1142343672	-0.0861567055	0.0239847195	0.0392246841	0.0546334393	-0.023199247	-0.0740942327	0.0273949878	0.0337076296	0.0235159023	0.0274265577	0.0036119307	0.0386625416	0.1203339418	0.0400365809	0.0680950272	-0.0154066279	-0.0545225408	0.0434520793	0.0587758604	-0.0453118374	0.0102574106	-0.0212462433	0.032974684	0.0161491728	-0.0594227756	0.0187214963	-0.0691130537	0.0240689607	-0.1250420046	0.0742718503	0.0680093685	0.0243786532	0.0715145129	-0.0095749122	-0.0275662112	0.0263987788	-0.0534024469	-0.0124026687	0.0221765179	-0.0551662773	-0.0492861622	-0.0155535971	-0.1193725351	0.061524013	0.0353492976	-0.0668495338	-0.0151192539	-0.0160486142	0.0220481686	-0.0202541196	-0.0806649228	0.0348777581	0.0243226282	-0.0892473621	0.0296100642	0.0824055775	-0.1551777748	0.0358373558	0.0150942197	0.0285694737	0.0070696252	0.0066873706	-0.1070985414	-0.0003724933	-0.0466892238	0.0654771874	0.0039977899	-0.0068319313	-0.0465018082	0.0520038234	0.0504797358	-0.0332736947	-0.0709424831	-0.0757753421	0.0185357945	0.0471968518	0.0	0.0	0.0	0.0077639264414415	-0.0388114872975649	0.001506331546249	6.027855378811447e-05	0.5927879154173894	0.0431208174948949	0.351397512664894	0.001859404901428	1.494771057951752	0.0350966783706923	0.0012317768326558	2.2343405156902	-0.0027770615126902	-0.0003530116770165	7.712070645265183e-06	1.2461724411000173e-07	0.0043131043012154	-0.000175747841225	3.088730369524804e-08	1.860286871316278e-05	-0.001139019348329	-4.0452095445799984e-05	1.6363720259561116e-09	1.29736507586782e-06	0.0	0.0	0.0	0.0	0.0	0.0	0.0	0.0
562.4174201788159	-0.6714186907968269	0.450803058351325	316313.3545205947	736.0129216032208	2.176775230551584	541715.0207669088	4.738350404342903	632.7811506153208	-0.4901353684145988	0.2402326793709145	400411.98457404936	646.8804031524489	446.482815937374	0.686167	20.95454	0.1237213411589837	0.0669626472777101	0.0506519085	-0.0522052002	-0.0226527558	0.0117622549	0.030180395	-0.0340810466	0.0099353241	0.0136844238	-0.0617231967	0.0101367742	-0.0502310448	-0.1053181769	-0.038461421	-0.0366162484	-0.1081829684	0.0214276987	0.0425848718	-0.0149735623	0.0152025728	0.0269856745	0.0689872511	0.0480162624	0.0015631252	-0.0364897205	-0.1063644725	0.0743173929	0.0377396371	0.0967011724	0.00601098	-0.1611233474	0.0496570251	0.0009121062	-0.0032230211	-0.0461058947	-0.049599292	0.0760101003	0.0471959007	-0.0882324941	0.0542623362	0.1284913387	0.0733766735	-0.0166484409	0.018032321	-0.1091827029	0.022229744	-0.0984797023	-0.0798932332	0.08794184	-0.0297063092	0.0293529105	-0.0298718123	-0.0054351652	-0.1142615619	0.0473418201	-0.056748815	0.047873284	-0.0172920976	0.0472829974	-0.0459405638	-0.0896638378	0.0249070474	0.0283464777	-0.0504032877	-0.006433429	-0.0083373316	-0.0096239814	0.1076501026	0.0058766558	-0.0042425186	0.0159749044	-0.0244019375	0.057756118	-0.0219244127	0.0124976138	0.1134577772	-0.0116941367	-0.096051936	0.008971523	0.0232689174	0.0116496353	0.0252282035	0.1724098282	-0.0086857836	-0.008426699	0.0498213052	0.0866522417	-0.0472206087	0.0061769902	-0.0034676792	-0.0510301151	0.0471527353	-0.0408848897	0.1208258559	0.0859627891	0.0102583956	-0.0198553088	-0.0706855269	-0.0758040323	0.0146637227	-0.0026985094	-0.0356368828	0.0661512219	-0.009856657	-0.0232256506	-0.0790914962	0.0367562648	0.0349789371	-0.1322608536	-0.076190998	0.0526065946	0.087708616	-0.0885596297	-0.0008184397	0.0029353598	-0.0203711032	-0.0178887751	0.0843858615	-0.0606811958	0.0055026554	0.0950860651	-0.0028373777	-0.0336622923	-0.0297091545	-0.0103451337	-0.0006323178	0.05150829	0.0197007777	-0.0767167874	0.0214568693	0.043223565	0.0	0.0	0.0	0.0290770384092411	0.0213131119677996	0.0004542487417519	0.0008454741626524	0.5392722712976337	-0.0535156441197557	0.2908145825905086	0.0028639241655523	1.4909810133371335	-0.0037900446146184	1.4364438180797968e-05	2.2230243821318254	-0.0023842000998812	0.000392861412809	5.684410116273524e-06	1.5434008967428357e-07	0.0046742090657005	0.0003611047644851	1.3039665093383977e-07	2.184823038987674e-05	-0.0009909347164869	0.0001480846318421	2.1929058187810315e-08	9.819516123389727e-07	0.0	0.0	0.0	0.0	0.0	0.0	0.0	0.0
563.4671388826458	1.0497187038299671	1.1019093571704663	317495.21660059487	736.8537393246057	0.8408177213849513	542953.433156654	0.7069744405949815	634.3225582696696	1.5414076543487454	2.3759375568849013	402365.1079297784	647.987015126151	448.74765284787054	0.661622	20.204973	0.2503975485293518	0.1272707386174734	0.0480317023	-0.0479964773	-0.0122719851	0.0281782654	-0.0195528635	-0.0331997513	0.1024188139	0.0514077603	-0.0804240874	0.0777286888	-0.0015216715	-0.0488749858	0.0981411932	0.0073067849	-0.0167994709	0.1140112695	0.0017234849	-0.0126394553	-0.0742273339	-0.016481607	-0.0042703538	0.0352558402	0.0162286425	0.0252761901	0.0585035241	-0.0189612253	0.0800447661	-0.0389233011	0.0504812142	-0.0166795747	-0.0234527904	0.0108947147	0.1206544133	-0.0685441815	0.0490404702	-0.0614857231	-0.0355073805	0.0013151887	-0.0073719057	-0.047658964	-0.0846236796	-0.0288797584	-0.000893994	0.0814910682	-0.080555104	-0.1785216007	-0.0154066535	-0.1663274219	-0.0455831147	0.0034690679	-0.0420157341	-0.0405990884	0.0261485981	-0.0369413751	-0.0137274487	-0.1038820061	-0.0324779457	-0.0476197633	-0.0283785442	-0.0830582712	-0.0256262352	-0.0683683363	0.0125173432	-0.0462061892	-0.0549577274	0.0526465907	-0.0193270841	0.0193464591	-0.0590276429	-0.1156862118	0.0216644812	0.0283048802	-0.0358755416	0.0637366154	-0.063798994	-0.0371058872	0.0438928121	0.0203033273	-0.0050601829	0.0235236662	-0.0117242275	-0.0830241889	-0.1436709416	-0.0429779804	0.0564752554	-0.069048334	0.0119695596	-0.0325538478	-0.0238411273	-0.0301044217	-0.0513407072	0.0167622016	0.0200356414	-0.0189783555	0.0052420428	0.0301916337	-0.0841195494	0.0732028904	-0.002469322	0.0101358502	-0.1660343997	-0.0458617275	-0.0224189045	-0.017792587	-0.0772568999	0.0179319862	0.0502251321	-0.0973926187	-0.0189677372	-0.0938954791	-0.0941321883	0.0150310363	-0.0259746212	0.0270163126	-0.024769545	0.0355784868	0.0137515321	-0.0725264028	0.019397268	-0.0237283215	0.0372590385	0.0525398401	0.0396975109	-0.022570083	0.0612245037	-0.061304322	-0.0485052019	-0.0776405624	0.0243581765	0.0391606907	0.0	0.0	0.0	0.0001914345806426	-0.0288856038285984	0.0008343781085427	3.664719866580813e-08	0.634824570412519	0.0955522991148853	0.4030022351994393	0.0091302418661405	1.5375088599377165	0.0465278466005829	0.0021648405092873	2.3639334943869765	-0.003043572008209	-0.0006593719083277	9.263330569153364e-06	4.347713134918445e-07	0.00416817510888	-0.0005060339568204	2.560703654554116e-07	1.73736837382868e-05	-0.0014141648310443	-0.0004232301145574	1.7912372986827005e-07	1.999862169362554e-06	0.0	0.0	0.0	0.0	0.0	0.0	0.0	0.0
562.6682694330672	-0.7988694495786604	0.6381923974701118	316595.5814268027	736.782050558606	-0.0716887659997382	542847.7900253442	0.0051392791705652	633.4073821211283	-0.9151761485412636	0.8375473828588208	401204.91172554105	647.2956771765909	448.9955047939135	0.634193	19.367332	0.2904507229825131	0.1435696574052557	0.0456945574	-0.0493412613	-0.0089462517	-0.0061923149	0.0342542294	-0.0442579234	0.1178918057	0.1122192728	0.0126222528	0.0398679347	-0.0533747222	-0.0453191035	0.0718283572	0.051901155	0.0631250558	-0.0690894425	-0.0433057976	-0.0085914178	-0.0216636149	0.0090244387	-0.0082253935	0.102509058	-0.0791269238	0.0154917635	-0.0319486729	0.0839944693	0.056782223	0.0613222256	-0.0807957014	-0.0841450891	0.0280963105	-0.059431072	-0.0410802304	0.0065835113	-0.0873033295	0.0119016255	-0.057186047	-0.040089809	-0.0196888834	0.0549976977	0.1074711874	-0.0577663057	0.0055455706	-0.0027491329	-0.0074033254	0.0526025479	0.0946406453	0.063136835	-0.0106815959	0.0182356956	0.0518205122	0.0139283495	0.035621629	-0.0289962384	0.012778005	0.0422660266	0.031608431	0.0649291366	-0.026279474	-0.0561347734	0.0554372355	-0.0511346328	0.0917833515	0.0663107692	-0.021528192	-0.0349791284	-0.0732841859	-0.0267802942	0.0108299784	-0.0658649807	0.0217745219	0.0342401434	0.0296628997	0.0269679153	0.0708123618	-0.0226845236	-0.0627400374	0.0610510495	-0.0217162427	0.0064980397	-0.0690066677	0.1258680445	-0.0223597367	0.0585244111	-0.0113853273	-0.0053783949	-0.0489625242	0.0377159179	-0.0150299221	-0.062935006	0.1012663042	0.055388928	0.0453776297	0.0887877003	-0.0115045796	-0.0620010432	-0.0542483034	-0.1323263126	0.0632862896	-0.0414846416	0.0817698891	0.0009420542	0.0772590035	-0.0147825757	-0.068613459	0.048478827	0.0190938392	-0.1659980854	0.0567697708	-0.004235655	-0.0168047414	0.0722971709	-0.0270815179	0.0184154306	-0.0366262003	0.0175760968	-0.0116696848	0.0219131116	0.0190897424	0.0048299222	0.0317155721	0.0194738819	0.057745102	0.0693037346	-0.1084571082	-0.0107822327	0.0615905304	-0.0785464546	0.0272370433	0.0350166499	0.0	0.0	0.0	0.0289277338745677	0.0287362992939251	0.00082577489711	0.0008368137871178	0.5620655882615893	-0.0727589821509298	0.3159177255078463	0.0052938694836393	1.4708835152214732	-0.0666253447162432	0.0044389365585582	2.1634983153502776	-0.0017796806729712	0.0012638913352377	3.167263297747224e-06	1.5974213072891883e-06	0.0048898756895061	0.000721700580626	5.208517280760495e-07	2.391088425882276e-05	-0.0009531548104799	0.0004610100205644	2.125302390607886e-07	9.08504092740974e-07	0.0	0.0	0.0	0.0	0.0	0.0	0.0	0.0
562.346321959653	-0.321947473414184	0.1036501756377767	316233.3858215497	737.52414794538	0.7420973867740486	543941.8688025589	0.5507085314568718	633.2663663881015	-0.1410157330268475	0.0198854369610991	401026.2907983892	647.2259441041258	446.87346358091935	0.589253	17.994944	0.1197957007056803	0.0600521842549873	0.0462482391	-0.0383011808	-0.0325771424	-0.0110448971	0.0245164186	-0.079654979	0.0286336582	0.1146686315	-0.0183102202	-0.0045162759	-0.0133059806	-0.0672109875	0.0747078134	0.0402734048	0.0115900232	-0.0638957576	-0.0369464597	0.0301029391	0.0154967215	-0.0505770579	0.0019640031	0.0357166174	0.0660310861	0.0077400864	-0.0202208222	0.0425340263	0.192309531	-0.0798004146	0.0516155001	-0.0816976866	-0.016085701	-0.0206224997	-0.0932588425	-0.0809832149	-0.0574371895	0.0795592565	-0.0121053481	0.0009804995	0.0084999754	-0.0225646921	0.1589881626	-0.0244906393	-0.036472008	-0.0872144044	-0.0356253469	0.0726326093	0.0407859916	-0.0458998386	0.0394933217	0.0703769466	-0.0160430772	-0.0506866595	0.0553486459	0.0212705662	-0.0321908864	-0.0054165752	-0.1602257138	-0.1248437207	-0.0236622144	-0.0737886089	0.0367597364	-0.0373328649	0.0184691403	0.0653461686	-0.0428666456	-0.0062502557	-0.0504485225	0.0033471612	0.0455441457	-0.0785089008	-0.0477267556	0.0068955701	0.051272508	-0.0331363238	-0.0470579118	-0.0368169961	0.0039577549	-0.0318273598	0.0417832983	0.1230993747	-0.0496715096	0.1515014023	-0.0471851803	0.0228864032	-0.1079890609	0.0071502613	0.0579121709	-0.0704955916	0.0309370726	0.0218140922	-0.0036915781	0.0531290282	0.1225740286	-0.0542902811	-0.0147739752	-0.0098061889	-0.0383488802	0.0167047425	0.0415423798	-0.0592088158	0.0155147648	-0.1266317895	-0.0499269145	-0.0165683621	-0.0665474332	0.0417050511	0.0174480776	-0.116293375	0.0455859286	0.046679909	-0.1248252266	0.0743169765	0.0365507715	0.0214178818	0.0537408591	0.0226805591	-0.0899056406	-0.0472531326	0.0026945756	0.0403377184	-0.0355070682	0.0304653319	0.0217630007	0.0825438476	-0.0019245097	-0.0381334341	-0.0127258081	-0.079434255	0.0300908175	0.0308000317	0.0	0.0	0.0	0.0048414832355234	-0.0240862506390443	0.0005801474698468	2.343995991985413e-05	0.6064241066634821	0.0443585184018928	0.3677501971426023	0.001967678154811	1.4891920001807364	0.0183084849592631	0.0003352006215035	2.2176928134023024	-0.001989187387089	-0.0002095067141177	3.956866460953963e-06	4.3893063260437576e-08	0.0046902220187903	-0.0001996536707157	3.9861588230293056e-08	2.199818258554536e-05	-0.0012048433597559	-0.0002516885492759	6.334712583665745e-08	1.451647521547885e-06	0.0	0.0	0.0	0.0	0.0	0.0	0.0	0.0
562.2083490959078	-0.1379728637451762	0.0190365111300449	316078.22779314616	734.3415146113941	-3.1826333339859048	539257.4600817563	10.129154938598235	632.663278117222	-0.6030882708794252	0.3637154624723349	400262.8234780295	646.9197483041575	445.89595009347664	0.631178	19.275272	0.1260650958805242	0.0578956720783075	0.0377423143	-0.0398717567	-0.0016616821	0.0188514735	0.0456470241	-0.037745858	0.0353417972	0.0525874264	-0.0175001064	-0.0608590482	-0.0433745654	-0.0845100713	-0.0616892787	0.0184899779	-0.0037477189	-0.0658299009	0.0038933098	0.0371276768	0.052756433	0.0416126636	-0.0435893731	0.011936829	-0.0474296629	-0.0859710281	-0.0383282507	-0.0119510455	0.0508072061	0.006691139	-0.0105045999	-0.0190203234	0.0800098797	0.0341602883	-0.0030029825	-0.1447618807	0.0765716333	-0.0106389392	0.0086941593	0.0100506756	0.0585426041	-0.0338183738	0.0559901704	0.0445519591	-0.0059322746	0.0422482276	0.045816109	-0.0068840275	0.0136235336	0.0172330159	-0.0313691497	-0.0980048259	-0.0215304773	0.0386129151	-0.0361692826	-0.0521622858	-0.0890132913	0.003551519	-0.0369441578	-0.0175562616	-0.0281400934	-0.0639065976	0.0561125133	0.0629405422	-0.0001892157	0.0553751002	0.0224232046	-0.0130967183	0.0490548968	0.0123300555	0.0445270635	0.0259888632	-0.0258152033	-0.0399534479	0.028666246	-0.0851636558	0.0920166632	-0.0035821184	-0.0129437986	0.006608874	-0.0973946067	0.0430044397	0.0049255269	0.011550742	-0.028794945	-0.0738703693	0.0386108237	-0.0655778206	0.0129025582	-0.0612875431	0.0790926921	0.0129274729	0.0876571002	0.0411995414	-0.0080005207	0.0365598085	-0.0267578941	-0.0654057135	0.0277879894	-0.0439516003	-0.0443623943	-0.1274247204	-0.0767632096	0.0304231019	0.0318444539	-0.0174519368	-0.061037561	0.0527587268	0.0241850532	-0.1159711543	-0.0068652489	0.1282520766	0.0239514288	-0.0106338583	-0.0723867998	0.0379855966	0.0069105723	-0.0403043402	-0.0239917352	-0.0165328456	-0.0819489888	0.0233875877	0.0764948394	-0.0279503811	-0.0029989637	-0.0404844911	0.0462072569	0.0399885304	0.0471799462	-0.0803037594	0.0329168701	0.0265195758	0.0	0.0	0.0	0.0290408217275768	0.0241993384920534	0.0005856079834529	0.0008433693266128	0.5617864385790341	-0.044637668084448	0.3156040025713148	0.0019925214120173	1.4667146785947835	-0.0224773215859528	0.0005052299856783	2.1512519484054	-0.0025028914015622	-0.0005137040144731	6.2644653680139935e-06	2.638918144858815e-07	0.0045639583947676	-0.0001262636240227	1.594250275134585e-08	2.0829716229169645e-05	-0.0011497956438904	5.5047715865499816e-05	3.0302510220088e-09	1.3220300227093398e-06	0.0	0.0	0.0	0.0	0.0	0.0	0.0	0.0
563.3759890037338	1.167639907826015	1.363382954347944	317392.50498593523	736.5176338339752	2.1761192225810646	542458.2249483976	4.735494870886817	632.6322545954612	-0.0310235217608578	0.0009624589024464	400223.5695545364	647.6235724649207	447.671972205826	0.647795	19.782715	0.1746465734081868	0.0845406205756548	0.0420008986	-0.0493970526	-0.0248221877	0.0099579994	0.0503278202	0.0222006878	0.0022504238	-0.0434474877	-0.0939164113	-0.0309365015	-0.0332190294	-0.0749638398	-0.0136331638	-0.0245330205	-0.0845017112	0.0644669581	0.0700909289	-0.0282165237	-0.0132910192	0.0551779058	-0.0551956222	-0.0301932018	-0.0917346323	0.0903611702	0.0070367235	-0.0345262386	0.1520415473	0.0794289261	-0.0741210813	-0.0962946284	-0.0447808846	-0.0436834943	0.0871888279	0.0209484241	0.0368975447	0.0640481948	-0.0307734185	-0.0373993056	-0.067341461	0.125788891	-0.0227233173	-0.0020979369	0.0436409299	-0.0984549911	0.1192839008	-0.0609160497	-0.0224851169	0.074653679	-0.0727216258	-0.0727365722	-0.0534755415	-0.1011935619	0.0285281546	0.0088766594	0.0391553578	-0.0531050722	-0.1592457381	-0.0043032745	-0.0386906577	-0.0564424995	0.0052031046	0.0313859367	-0.0496081837	-0.0783908251	-0.0715188141	0.0422818986	0.0666109727	-0.0143382623	0.0110527849	0.0843878303	-0.0127363093	0.0612851566	-0.0307139144	-0.0124568673	0.0679967448	0.0155105501	-0.1279662119	0.086608736	0.0680658182	0.1297359953	-0.033288826	-0.0160153669	-0.0427709904	0.0930047278	0.0621273849	0.0568799731	0.05111171	-0.0337331415	-0.0198084989	-0.1285261291	0.0173886863	-0.0239231249	0.1066570306	0.0348349507	-0.0365170305	0.0027803362	-0.00297838	-0.1118040013	-0.0477704993	0.054411594	-0.1289719781	-0.0561665869	0.0213581856	-0.0174055818	-0.0556883527	0.0395519603	0.0126124884	-0.1084632832	-0.0878501927	0.0369876708	-0.0624932359	-0.0676538869	-0.0387844427	-0.1490970782	0.0020186295	-0.0823059613	0.0513506787	-0.0067383973	0.0372416991	0.1096032485	-0.0790445481	0.0128821705	-0.0341698374	0.0820100616	-0.0449177191	-0.1244106928	-0.0648010153	-0.0811547674	0.0357125974	0.022184154	0.0	0.0	0.0	-0.0004880270265203	-0.029528848754097	0.0008719529087423	2.381703786142456e-07	0.6173466039820852	0.055560165403051	0.3811168294482135	0.0030869319796143	1.4668505601084971	0.0001358815137135	1.8463785769092757e-08	2.151650565690612	-0.0015209198165664	0.0009819715849958	2.313197088424372e-06	9.642681937391637e-07	0.005116096544836	0.0005521381500684	3.048565367609552e-07	2.6174443856082856e-05	-0.0014041194635727	-0.0002543238196823	6.468060525779505e-08	1.971551467983687e-06	0.0	0.0	0.0	0.0	0.0	0.0	0.0	0.0
563.002446761972	-0.373542241761811	0.1395338063804393	316971.7550599671	736.2303797643889	-0.2872540695863108	542035.1720880163	0.0825149004938971	632.963153616306	0.3308990208448676	0.1094941619960921	400642.3538358994	647.0706677368029	445.7829803819242	0.615104	18.784395	0.2078262719074176	0.1092349964349379	0.0354172463	-0.0412815546	-0.01273856	0.0101876775	-0.0010197405	0.0140518682	-0.024159532	-0.0073341479	-0.0554314986	0.0432699624	-0.0047684152	-0.0606040099	0.0330188539	0.0296916615	-0.0680098903	-0.0501002306	0.0633452175	-0.0278798647	-0.0178353111	0.0058228557	0.0607369103	0.0239209743	0.0506501192	-0.0400260868	0.0177902206	-0.1003641381	-0.0872331103	-0.0106307606	-0.0298094924	0.0915174982	0.1016362845	0.0448136657	-0.0205937601	0.028759823	0.0712729686	0.0647077301	0.0178278674	-0.0314648692	-0.0329337969	-0.0757881906	-0.0231285795	-0.0570480972	-0.0025578176	0.0960965247	0.0800814988	0.1279576344	0.0026692892	-0.0246947562	-0.0961116455	0.0122727601	0.0327338711	0.0050104309	0.1487878517	-0.0127674235	-0.0708039917	0.0444063757	0.0150028267	-0.0255537746	-0.0074120333	-0.049704083	-5.042e-05	-0.0292717271	-0.0168405973	-0.0275654306	-0.056875653	-0.0340348457	0.0984690791	-0.0185412991	-0.054601222	-0.0121500747	-0.0242601169	0.0198548929	0.0162262527	-0.0366975783	-0.0080306009	-0.0538591937	0.0153672557	-0.0659775324	-0.0212818421	-0.0618482954	0.0041023165	-0.0750576752	0.0396116765	-0.0434516365	0.0464774702	-0.1027322608	0.1340337915	-0.006916123	0.0493939876	0.0650832936	-0.1466903625	0.0326942877	-0.0149289501	0.0060306849	0.0376853024	0.0426373781	-0.0256329261	-0.0495026143	0.03607238	-0.0200317584	0.0828164711	-0.0704869909	0.1259584007	-0.0134266343	-0.0562030576	0.0418429614	0.0324701749	-0.1528127924	-0.0774181318	-0.0552663488	0.0446925602	-0.0595000984	-0.0061373095	0.0414693576	0.0285018004	0.0014096434	0.0425176279	-0.078040983	0.0175715209	-0.016257691	-0.0610437588	-0.024432954	0.0008179678	-0.0725876664	0.0245029606	0.0139388791	-0.0154686207	-0.0819870831	0.0384754238	0.0178027522	0.0	0.0	0.0	0.0177663977778195	0.0182544248043397	0.0003332240249372	0.0003156448899997	0.5327896707182731	-0.084556933263812	0.2838648332240859	0.0071498749629807	1.4822785430025078	0.0154279828940107	0.0002380226561778	2.197149679045637	-0.0027326640965548	-0.0012117442799884	7.4674530645996604e-06	1.4683242000846058e-06	0.0047311770064599	-0.000384919538376	1.481630510236698e-07	2.238403586645486e-05	-0.0012090446630321	0.0001950748005406	3.8054177805954924e-08	1.4617889972064045e-06	0.0	0.0	0.0	0.0	0.0	0.0	0.0	0.0
563.8022023764627	0.7997556144906639	0.6396090429093394	317872.9234045498	736.8114133630909	0.5810335987019926	542891.0588621156	0.3376000428205881	633.4095143005911	0.4463606842850822	0.1992378604754468	401207.6128065108	647.5149879751935	450.2539161433344	0.584112	17.837942	0.2261020821956521	0.1268120483951007	0.0320671551	-0.0426511568	-0.0065510596	0.0113175821	0.0051557682	0.0205919659	0.0047494205	-0.0318748378	-0.0658986036	0.0135297295	-0.0032483027	-0.0179919888	0.0553121086	-0.0093882179	-0.0716890753	-0.073654315	-0.0334704034	-0.0443616513	0.0678121299	0.0478380292	0.1052747092	-0.0627874303	0.0115474032	-0.005571486	-0.0017489698	0.0015162002	0.0382214458	-0.0249751781	-0.0130431952	-0.0093564078	0.0044378962	-0.0672809545	0.074027922	0.0415018495	-0.1083481581	0.0553444421	-0.0578551172	-0.0787250354	0.0416348336	0.0144434986	-0.0120045977	-0.0030065063	-0.0140023997	0.0506072763	0.0100704997	0.0052449379	0.0211903084	0.0403774249	0.0819805734	0.0192780065	-0.0093235464	-0.0480402604	0.1330005515	-0.1017729347	-0.1017385091	0.0019615744	0.0509330343	0.0422278027	-0.0168546414	-0.0350030598	-0.0014805889	-0.0569949798	-0.0011828225	-0.0459099908	-0.0815891053	-0.0390564477	0.0096626941	-0.0196566346	-0.0899278755	0.0306961845	-0.0400786959	-0.0403060762	-0.0107205822	0.0341988365	-0.0326310339	-0.0557438271	-0.0096838139	-0.0974658727	-0.0057445917	0.0106595894	-0.0349057245	0.0261829206	-0.0910037527	0.0881894329	0.1159619775	0.0158170108	-0.0572526271	0.0009011699	-0.0288337905	-0.0874968299	0.016435422	0.0186585364	0.01082533	0.0246011941	0.0444150532	0.0164403079	-0.0472849558	-7.41028e-05	-0.0527296172	0.0209051128	0.0675217097	-0.0427132207	-0.0360101485	-0.0099798416	-0.058573221	0.0356109173	0.0494657682	-0.0654149148	-0.0601824355	-0.0874350817	-0.1229120949	-0.0482112331	0.0015204944	0.0379002803	-0.0107538946	0.0257458564	-0.013220099	-0.0518893689	0.00826326	-0.0922765057	0.0216624349	0.0284715151	-0.0515498887	-0.0500028277	0.0866899578	0.0030294262	-0.075147944	-0.0828005146	0.0412028041	0.0133844514	0.0	0.0	0.0	0.0055290048469913	-0.0122373929308281	0.0001497537857434	3.056989459805329e-05	0.6063359286435315	0.0735462579252583	0.3676432583640137	0.0054090520548086	1.5149307948830284	0.0326522518805205	0.0010661695528689	2.2950153132849245	-0.0042839488246591	-0.0015512847281043	1.8352217532298083e-05	2.406484307649632e-06	0.0043880731470202	-0.0003431038594396	1.1772025836241737e-07	1.925518594359976e-05	-0.0009501096613952	0.0002589350016369	6.70473350727014e-08	9.027083686765016e-07	0.0	0.0	0.0	0.0	0.0	0.0	0.0	0.0
563.0166708000291	-0.7855315764335273	0.6170598575741426	316987.7715987484	733.2480908519817	-3.5633225111091638	537652.762738076	12.697267318177314	633.2347880405663	-0.1747262600248404	0.0305292659422681	400986.2967847809	646.568322269554	447.31306648720863	0.591007	18.048491	0.2155217207433485	0.1295789761394798	0.0338176018	-0.0344015254	0.0054904942	0.0437954376	0.0347752963	-0.0076634955	0.0327181263	0.0339452209	-0.011681275	0.0493357504	-0.0338754295	-0.0430248975	0.1162929385	0.063003156	-0.0050995241	-0.0522985844	0.0846830372	0.0563013812	-0.0258069199	-0.0459505115	0.0666242476	-0.0428358405	-0.0297584171	0.0614668985	-0.0180912467	0.0089982955	0.0301888067	0.0538976522	0.1040818227	-0.0507278106	-0.0514427464	0.0006032055	0.0103007456	0.007793281	-0.0923047197	-0.0449114636	-0.011971094	0.0064756449	0.0002856734	0.026428668	-0.0230150439	-0.0227666032	-0.036470415	0.0153227818	0.1104587206	-0.0312704167	0.0338643125	0.0163207779	0.0070056139	0.0642515272	-0.1007837589	-0.1456658043	-0.0688633539	0.0548808396	-0.0009693681	-0.0027968724	0.05050493	-0.0190034009	-0.0202712642	-0.0549843306	0.0308188137	-0.0672991305	0.0810363428	-0.0336358628	-0.0444198693	-0.0527726604	0.0694009149	0.0110618774	-0.0089631184	-0.054344759	0.0039490646	0.0138253366	0.0461514699	0.0162742111	-0.0644204549	0.0596195866	0.006036408	-0.0719406712	-0.1170697113	0.0947552223	0.0606308754	-0.0388483996	-0.0542621401	-0.0158895216	0.037526201	0.0506652171	-0.0590613315	0.0184299575	-0.0518779689	-0.041538684	-0.0229367044	0.0110205028	0.0847968352	0.0311225439	-0.0305374079	-0.0134416066	-0.008847635	-0.0900938609	0.0951846732	0.0564493382	0.0026564774	-0.0500832084	-0.0890573778	-0.0134660328	-0.0455140961	0.0342996886	0.0337693624	-0.1331434653	-0.0094994674	-0.0552227175	0.0489596313	0.0009148759	0.0184948736	0.0631513715	-0.0091612804	0.0101946279	0.029127241	-0.0343867629	0.0136137471	-0.025784815	0.0983809541	-0.0282067298	0.031201087	0.0071357437	0.0184998993	0.0200564501	0.038519557	-0.0835948747	0.0438922256	0.0089384093	0.0	0.0	0.0	0.0050451816773318	-0.0004838231696594	2.340848594993649e-07	2.545385815728452e-05	0.5334789718335458	-0.0728569568099857	0.2845998133885771	0.0053081361556121	1.512147928230135	-0.0027828666528932	7.744346807785503e-06	2.28659135685069	-0.0027077244578671	0.0015762243667919	7.33177173973168e-06	2.4844832544688405e-06	0.0055389093171818	0.0011508361701615	1.3244238905522187e-06	3.067951642396335e-05	-0.0010110106066578	-6.090094526260009e-05	3.708925133878212e-09	1.022142446774573e-06	0.0	0.0	0.0	0.0	0.0	0.0	0.0	0.0
563.7483312063566	0.7316604063274781	0.5353269501872904	317812.18093795195	736.4698773749969	3.2217865230152256	542387.880280743	10.379908399882536	633.3579784832169	0.1231904426506389	0.0151758851604603	401142.3289083471	647.4577517324229	447.5383219096972	0.592885	18.105848	0.2387371813108274	0.1247172246853321	0.0242341102	-0.0189517671	-0.0020185455	0.0244642619	0.0422555753	0.0203568403	0.0661460497	0.0427558073	-0.0447452933	0.0505620744	-0.0059668618	-0.0152725737	0.0854526214	0.0417184813	0.0219606271	-0.0178793464	0.0634378494	0.0088146924	0.075335555	0.0122460894	0.0214954289	0.0173836983	-0.0124721349	-0.0343575418	-0.092105092	-0.0253269119	-0.0277035272	-0.0796481067	-0.0006595511	-0.0631547036	-0.0074028441	0.0393912506	-0.0730925185	-0.0854984493	0.0138712685	-0.1087453978	-0.0534656759	0.0280494957	0.0064193708	-0.0268828573	-0.0108114519	-0.0364256787	0.0928419327	0.0298864075	0.0194896411	0.0067670951	-0.0538681812	0.0562185179	0.0149948298	-0.0229023236	-0.0354683169	-0.0492502783	-0.065384362	0.0245933008	-0.0455205688	-0.0490856321	-0.0277767567	-0.0050073535	-0.008264547	-0.0264745357	0.008566366	-0.0434467189	0.0892709315	-0.0165699554	-0.0903721613	0.0261811433	0.0047615788	-0.0684982134	0.0272563785	0.0260424825	-0.0204208027	-0.0282407691	0.0388718804	0.0178792293	0.0162083288	0.0433988428	0.0098279532	-0.0248618579	-0.0577920835	-0.069399034	-0.0046249704	0.0061829278	-0.0591192056	-0.0795618302	0.0303553017	-0.0009677851	0.0048903681	-0.027735054	0.0408524725	0.1046692341	-0.0357682492	0.0660910686	0.0222163568	-0.0228723473	-0.098469348	3.76383e-05	0.0357659929	-0.142610018	0.0319332001	0.028411577	-0.0885422263	0.0680448344	0.0102621136	-0.007520974	-0.0432686788	0.0208752392	0.0264439117	-0.0761896195	0.0165141441	-0.0657725275	-0.1004950211	0.0343842775	-0.0657560584	0.0640203743	-0.0933710046	0.0437751299	0.0004114007	0.0297959327	0.0297336188	-0.0112529378	0.0716725717	0.0273085774	0.0585228758	-0.0106132738	0.0252826507	-0.0581769176	0.0117373015	-0.0843699804	0.0465412106	0.004473841	0.0	0.0	0.0	-0.0274896220235376	-0.0325348037008694	0.0010585134518541	0.0007556793189969	0.6313708907166244	0.0978919188830786	0.3986292016443037	0.0095828277826112	1.5200486886051294	0.0079007603749943	6.242201450308038e-05	2.310548015730174	-0.0034020492342275	-0.0006943247763604	1.157393899210792e-05	4.820868950679196e-07	0.004695054447986	-0.0008438548691958	7.12091040265461e-07	2.204353626955312e-05	-0.0014810249281393	-0.0004700143214815	2.2091346239771481e-07	2.193434837770019e-06	0.0	0.0	0.0	0.0	0.0	0.0	0.0	0.0
563.129544337428	-0.6187868689286233	0.3828971891584892	317114.88370567927	734.1125285790401	-2.357348795956796	538921.204616712	5.557093345798954	633.7259823959486	0.3680039127316377	0.1354268797857948	401608.6207637101	647.5922290492931	445.9716878585194	0.607506	18.552368	0.2149410357427083	0.1324016783719917	0.0254701323	-0.0181623696	-0.0133981468	0.051790076	0.0628901059	0.0121391057	0.0137772691	0.0718592094	-0.0010450736	-0.0550813209	-0.0284464397	-0.0113195131	0.0390589277	0.0122101232	0.0497035962	0.0499491592	0.0523311695	0.0251370836	-0.0976672793	-0.0120694003	0.0442947677	0.1248841573	-0.0063155829	0.1026796401	-0.0244601234	-0.0371108994	-0.0246635502	-0.0889428875	-0.0888438282	-0.0413160036	0.1358158586	0.0867398436	-0.0791370805	0.0604217932	-0.0236629372	-0.0993199048	-0.0529428406	-0.0351379213	0.0153067931	0.0139010296	0.0931622233	0.0071629317	-0.0565534079	0.0338546193	0.0817283328	0.0529110719	0.0302000336	-0.0416889942	0.057128144	0.0544667584	-0.0336754016	-0.0992308631	0.0003919296	-0.06500026	0.0889198821	0.005191398	0.0394258273	-0.1101917772	-0.0133395043	-0.0054168787	0.0132808494	0.0148517904	0.0737579545	0.021546068	0.0196517539	-0.0028287727	0.0782757987	-0.1032952618	0.1330861519	-0.1444031509	-0.016063442	-0.000620539	0.0595772242	0.0412375608	0.0223872659	0.0278331836	-0.0595815516	-0.0263724097	0.0072384226	-0.0886142314	0.0162037837	-0.0039378029	-0.0240679489	0.0240729928	-0.0006204155	-0.0966916337	0.0731776899	0.0379531238	-0.0388574035	-0.0293166207	-0.0723764021	0.0241305628	0.0593186986	0.0779424143	-0.0382647686	-0.0206564679	0.0332560773	-0.0870810172	-0.0240119562	0.1240808646	0.0527498449	-0.0829389732	-0.0099135061	-0.0071993606	-0.0365317533	0.0402461961	0.0243956166	-0.1265506308	0.077904606	0.0241417351	-0.0516087104	0.0421237494	0.0690376893	0.0675424366	-0.0106320575	0.062197898	-0.0655055446	-0.0172635014	0.033970965	0.0349859577	-0.0091424521	-0.0886566435	0.0089825451	0.0721331968	-0.0509960338	-0.0032978833	0.0279956838	-0.0851256531	0.0491473187	0.0	0.0	0.0	0.0	0.0112994428146464	0.038789064838184	0.0015045915510208	0.0001276774079214	0.5107156683165357	-0.1206552224000887	0.2608304938640057	0.0145576826924148	1.510122089914674	-0.0099265986904555	9.853736156135354e-05	2.2804687264482624	-0.0033058332896028	9.621594462470026e-05	1.092853373864607e-05	9.257508000023389e-09	0.0052480533608918	0.0005529989129058	3.058077976749969e-07	2.7542064078767715e-05	-0.0012188367893902	0.0002621881387491	6.874262010071737e-08	1.4855631191710106e-06	0.0	0.0	0.0	0.0	0.0	0.0	0.0	0.0
563.7581991223118	0.6286547848837927	0.3952068385572876	317823.30707763217	738.6806801370105	4.568151557970396	545649.1472076764	20.868008656587357	633.9484936199357	0.2225112239871123	0.0495112448002428	401890.6925629856	648.1846782417593	448.8977822391883	0.587622	17.945127	0.152654393531319	0.0780404527136566	0.0231601932	-0.0170181613	-0.0264697999	-0.0043396205	0.0041899454	-0.0156806595	-0.0518411217	0.042577613	0.0055724428	0.0152069748	0.0009550572	-0.0430202357	-0.004310249	0.0283559659	0.0868774435	0.0798959777	-0.006074605	0.0442276477	0.0593862255	0.0332937803	0.0200562938	-0.0407292853	-0.046378797	0.0200733621	0.0336194873	0.0363155656	-0.0375007542	-0.0302313888	-0.030027722	-0.0360906144	0.0423722231	-0.0311216653	-0.0115965357	0.0598025192	0.0151386092	-0.0105617014	-0.0659735674	-0.112424819	0.0842503119	0.0060771585	0.0645403742	0.0231689159	-0.0687525209	-0.1333355413	0.1145033093	0.1322460565	0.0106860081	0.0336545605	-0.0324309298	-0.0466807476	0.0899213568	0.0019307467	-0.0458787465	0.0897759167	0.0089500795	0.0553594189	0.0167871221	-0.0021644717	-0.0102423671	-0.0297145353	0.0034823018	0.0765241292	0.0183236961	0.0357656129	0.0290611101	0.0709395409	-0.0256066762	0.0018012663	0.0830233761	0.0278994096	-0.0463266629	-0.0274988076	0.0588834876	-0.0021610759	0.0720110967	0.0491057789	0.0072155617	-0.0210477274	-0.0355997583	0.0068134106	0.04082786	-0.0022881394	-0.0250309215	0.012646392	-0.0030396765	-0.0901828645	0.0381900678	0.0319959865	-0.0280127214	-0.0327744416	0.0882809155	-0.0376382854	0.0577055884	0.1086249201	-0.000753765	0.0442325421	0.1569976495	-0.0046494714	-0.0101970819	0.0051221351	0.1662657786	-0.0290789138	-0.0483206481	-0.0071274336	-0.0341726259	0.0325314919	0.0184634385	-0.0765527907	0.0661713506	0.0817628396	-0.057171798	0.0180628025	0.0091178352	0.0723300513	0.0088269259	0.0609457192	-0.1090078413	-0.0285822705	0.0003461514	0.0904709617	0.0159939262	-0.0708572899	-0.0027342975	-0.0143420449	0.0289042168	-0.0295486546	-0.0621399189	-0.0858617188	0.051708149	-0.004473841	0.0	0.0	0.0	-0.0087519943038785	-0.0200514371185249	0.0004020601305181	7.65974042951217e-05	0.5812304149526568	0.0705147466361211	0.3378287952660376	0.0049723294931563	1.518721319012727	0.0085992290980529	7.394674108080135e-05	2.306514444823757	-0.00288909391835	0.0004167393712527	8.346863669046956e-06	1.73671703552179e-07	0.0055088691916382	0.0002608158307463	6.802489756793466e-08	3.0347639770580516e-05	-0.0016110612009634	-0.0003922244115732	1.53839989033943e-07	2.5955181932496327e-06	0.0	0.0	0.0	0.0	0.0	0.0	0.0	0.0
564.0807119869165	0.3225128646047324	0.1040145478355504	318187.04963566666	738.642584938673	-0.038095198337487	545592.8682848848	0.0014512441363724	633.2416739944863	-0.7068196254493841	0.4995939829204077	400995.0176833393	647.763622271234	449.7573707176292	0.605775	18.499487	0.1472946276960552	0.0591790078475283	0.015372653	-0.0210142911	-0.0122113166	0.01426578	0.0014783301	0.025229713	-0.0371320796	0.0440598473	-0.0195480452	-0.039706492	-0.0268364397	-0.0565948612	-0.0935853812	-0.0121203134	-0.0375247026	0.0253028102	0.0272823472	-0.0299568586	0.0762149671	0.087375023	0.0271070335	0.0717592303	0.0015986693	0.0613127328	0.1157307527	-0.0682589225	0.0979989766	0.0005979095	0.0284192725	0.0101669292	0.016966763	0.0215311796	-0.0738601111	0.0014017866	0.1452406507	0.0271980232	-0.0267547632	-0.0450750891	0.048452295	-0.0070648366	-0.1264963115	0.0003113997	-0.0662220986	-0.0367340749	-0.0292947113	-0.0254175083	0.0276139635	0.0419034451	-0.0739630438	-0.0305275199	0.0303232798	0.0974959249	0.0653499191	-0.0162956025	-0.0314434251	-0.0370783593	0.0507995239	-0.0447265888	-0.0181730827	-0.0364466128	0.0236088955	0.0840534498	-0.0701625257	0.0123040704	0.0261113311	0.0294214908	0.0434922403	-0.0489684906	0.0430811395	0.0045863863	-0.057695653	0.087648735	-0.0140728778	-0.0855026852	0.0260037237	-0.0232797371	0.0200286837	0.0246155167	-0.0084307158	0.0456907984	0.0074621629	-0.114015275	0.0144693404	0.0364265159	0.0152563106	0.0405126403	0.1036512196	0.0273602671	-0.0589499954	-0.0087529874	0.0299296556	0.0218539084	-0.0358574984	-0.0043237534	0.0149663276	0.0064922771	0.0796565674	0.0702319526	-0.0626206917	-0.001682929	-0.0552345527	0.0187561514	-0.0318263344	-0.0030688175	-0.0351590345	0.0374563123	0.0380385622	-0.0817113373	-0.0131465993	0.1266241474	0.0435288634	-0.0638684349	-0.0462028704	0.0587774713	-0.0343715481	-0.0479335903	-0.0218322816	0.0724494302	0.0035481413	0.030556488	0.0356009883	-0.1117065903	-0.0184511475	-0.0417149944	0.0559171974	-0.0153722661	0.0803993819	-0.086578008	0.0542213423	-0.0089384093	0.0	0.0	0.0	0.0116256710296482	0.0203776653335267	0.0004152492444452	0.0001351562268896	0.5424625524410516	-0.0387678625116052	0.2942656208008606	0.0015029471637187	1.4980935725164386	-0.0206277464962882	0.0004255039255151	2.244284352015066	-0.0033930163805336	-0.0005039224621836	1.1512560158569333e-05	2.539378478931817e-07	0.005089048209788	-0.0004198209818501	1.762496568016657e-07	2.589841168154645e-05	-0.0011843775779045	0.0004266836230589	1.820589141866695e-07	1.40275024704293e-06	0.0	0.0	0.0	0.0	0.0	0.0	0.0	0.0
564.9686086894081	0.8878967024916165	0.788360554295486	319189.5288044456	741.6518728868017	3.0092879481286445	550047.5005565006	9.055813954752308	633.6283268481229	0.3866528536366331	0.1495004292253516	401484.8565843517	648.7220298267496	450.559348245289	0.620574	18.951429	0.2003408260875846	0.097771192363901	0.0180798644	-0.0191336162	-0.0291513707	-0.0133560978	-0.0193585561	0.0578008932	-0.0400774781	-0.0416385695	-0.0575723465	0.0352943088	-0.0203485633	-0.0230886338	-0.0395306207	-0.0096215054	-0.0006788076	0.0447623891	-0.040725657	-0.1250874595	0.0339465603	0.0381254836	0.004732182	-0.0247805554	0.0588221861	0.0490687775	-0.0488432476	-0.0362280302	-0.0159464058	0.0882816041	0.0040511507	-0.039624356	-0.0022699026	-0.0678292848	0.0584731138	-0.0285207607	0.0595899674	0.0101894715	0.0552581577	0.0478229474	-0.0324671228	0.0277850742	0.0615055795	0.059137229	0.1161722508	-0.0459495878	0.026110685	0.0149257276	-0.0313913532	-0.0041166239	0.1058860595	0.068339209	0.0060493955	0.0252850408	0.0237813581	-0.0144327493	-0.0456300893	0.0117495444	-0.0589803108	-0.0541671937	-0.020396941	-0.0099220316	-0.0142024603	0.0366660756	-0.0352311485	-0.0616594341	0.0139621367	0.0685212263	0.0287467533	-0.0622698572	-0.1282598291	-0.0214572105	-0.0233462977	0.0163692712	0.0343217861	-0.0487399375	0.1293196717	-0.0019951835	-0.0221539707	0.0422365846	0.0139265615	0.0509749822	0.0067857154	-0.0319830198	0.0161062646	0.0126032705	-0.0138798638	0.0454375691	-0.0243541894	-0.0232521987	0.0007542728	0.0648972963	-0.0414856378	-0.0856345849	0.0375997032	-0.0372981998	-0.0129911952	-0.0224929156	-0.0212274959	-0.0090807227	-0.0045415419	-0.0371143977	0.0460385946	0.037860119	0.0252835316	-0.0013183677	-0.0334273795	0.0217664802	0.0419731802	-0.0236421557	-0.064480154	0.0294481757	-0.0956035131	-0.1371722371	0.0043975502	0.0240984469	-0.076784831	-0.0182833171	0.0354635028	-0.0380006331	0.090843292	0.066749207	-0.0145779353	-0.0435134797	-0.1062536458	0.0452160156	0.0129527061	-0.0359962186	-0.0418641781	-0.0872743556	0.0566845832	-0.0133844514	0.0	0.0	0.0	-0.0077971558279443	-0.0194228268575925	0.00037724620314	6.079563900524576e-05	0.5789090842781945	0.0364465318371429	0.3351357278598177	0.0013283496829558	1.5511083473497678	0.0530147748333291	0.0028105663506285	2.405937105218128	-0.0043796438921396	-0.000986627511606	1.9181280621955704e-05	9.734338466578475e-07	0.0057590266026643	0.0006699783928763	4.488710469211098e-07	3.316638741019511e-05	-0.0013569055246126	-0.000172527946708	2.9765892395312972e-08	1.841192602724195e-06	0.0	0.0	0.0	0.0	0.0	0.0	0.0	0.0
564.4747295645257	-0.4938791248824827	0.243916589994687	318631.72031694435	739.6093058556131	-2.0425670311885824	547021.9253082218	4.172080076898539	633.5765422989837	-0.0517845491392563	0.002681639529556	401419.2349515358	647.1819386371101	448.6407869230146	0.61986	18.929621	0.0983723172457309	0.0602650359219635	0.010841546	-0.0122453049	-0.0293452894	0.0098464742	-0.0270362186	0.0303452611	-0.0353179571	0.0003584644	-0.002712246	0.0537001243	-0.0208091661	-0.0294616127	0.0343037936	-0.0141581078	-0.0099830872	0.0304181029	0.0192767515	-0.0661154708	-0.0307005336	-0.065661269	0.0430863139	-0.0076000131	0.006354718	0.0814520448	0.0154064752	-0.0117259753	0.024927137	0.0019065155	-0.0580574089	-0.080019523	0.0612002084	-0.0263819616	0.0727928988	0.1325015289	-0.0002227555	0.0568136287	0.0182002229	-0.025310591	0.0151308053	-0.0600890245	-0.0024295794	0.0039248518	0.0105233801	0.023568951	0.0566017777	-0.0680512186	0.0297912632	-0.0724676756	0.0923921533	0.0109584547	0.1095017074	0.0159388488	0.0756478171	0.0478025261	-0.0795509853	-0.0260706645	-0.0447798633	0.129647724	-0.007919949	-0.0355158269	0.0032818174	-0.0117066936	0.0104041817	-0.0593940645	-0.0217353379	-0.0296188366	0.0816083491	-0.0509365213	-0.1051549456	-0.0443862392	-0.0288238841	0.0783065498	0.0459346089	0.0262646874	-0.0380468116	-0.0167399743	-0.0717221366	0.0590481746	0.0113452951	0.0454078466	0.0461710862	-0.0514719368	0.0051777378	0.0101158047	-0.0033025046	-0.0419778106	-0.0427200298	-0.0094670124	-0.0392230094	-0.0575466653	-0.050845666	-0.0517271625	0.0701354786	-0.0127514717	0.041912226	-0.0470605674	0.0150745615	0.0603049987	-0.0274522988	-0.0221014727	0.1251234094	0.0148676807	0.0169871462	-0.0035201612	-0.0272797389	0.0247493089	0.0388741082	-0.0936099941	-0.0308227023	-0.0770743598	0.0655250676	-0.0718266817	0.0559472514	0.0992661874	-0.0160507813	0.0224280238	0.0191358047	-0.0649516276	0.0045349686	-0.0592272984	0.0057463441	-0.1061256504	0.0362475757	-0.0742716268	0.0405705373	0.0174208422	0.0107893798	-0.0879506014	0.0590956024	-0.0178027522	0.0	0.0	0.0	-0.0022232117645017	0.0055739440634426	3.1068852422387005e-05	4.942670549818762e-06	0.5473991738347195	-0.031509910443475	0.2996458555149334	0.0009928744561558	1.5393397647809195	-0.0117685825688482	0.0001384995356797	2.3695669114357765	-0.0035354615381272	0.0008441823540123	1.2499488287576747e-05	7.126438468259168e-07	0.0058720103335876	0.0001129837309232	1.2765323453348621e-08	3.4480505357759554e-05	-0.0013901370430762	-3.323151846360006e-05	1.1043338193965921e-09	1.9324809985326406e-06	0.0	0.0	0.0	0.0	0.0	0.0	0.0	0.0
566.2832677849392	1.8085382204135385	3.2708104946965686	320676.7393731892	741.1573867318016	1.5480808761884646	549314.2719071133	2.3965543992204443	634.07093927164	0.4943969726563182	0.2444283665717322	402045.9560288198	648.8591968227306	452.7883478226869	0.667474	20.383694	0.3255671912894171	0.1601824767844256	0.0094457893	0.003608221	-0.0029005355	0.0018640165	-0.0491154526	0.037964852	-0.0142340222	0.0402255091	-0.0348259049	0.0464301705	0.0049859503	0.0310746179	0.0463203359	0.0063907733	0.0432515318	-0.0257905986	-0.1225111502	-0.101825629	0.0046727878	-0.0294842365	-0.0747383248	-0.0677811702	0.0977020541	0.0052505842	0.0431395642	-0.0202251278	-0.0127379584	0.072475039	-0.0170591257	0.0568197773	0.0022849078	0.1094309	-0.0526759973	-0.1207433358	-0.0637244218	-0.0386248218	-0.0191219516	0.0745882406	0.0890911856	-0.0031042451	-0.0305474602	0.0490602208	-0.0100814378	0.0067733986	-0.0365264421	-0.0920054688	-0.0167972282	0.0271124222	0.102396897	-0.0207342193	-0.0187205829	0.027769379	0.0090894236	0.0530361147	-0.0092472406	0.0433259016	0.0103476486	0.0315781399	-0.0040314909	0.0132899865	-0.0342329776	-0.0461547762	0.0375783462	-0.0397362557	0.0032959479	0.0087906241	-0.0706068625	-0.0482907402	-0.0296047596	-0.0557535921	-0.0481536014	-0.0925393378	0.0098816748	-0.0614927597	0.0144175883	0.0127890763	0.1164705998	0.0711401753	0.0377064234	0.0515348367	-0.0049059896	-7.77066e-05	0.1002351869	-0.0069106498	0.0505371881	0.0156957055	-0.1468344922	0.0119811649	0.0211365899	0.0240066218	-0.0430010397	0.0337240994	-0.1112774936	-0.0229203617	-0.0376682526	0.1145177053	0.0526407006	0.0146350717	0.0993636735	-0.027019466	-0.0637992272	-0.0273308449	-0.0038887495	-0.00112338	-0.0088798997	-0.0128565135	0.034412418	0.0200113251	0.0217992874	-0.0706764479	-0.0721562467	-0.0107939727	-0.04170685	0.0598822503	-0.1532487244	0.0375900911	-0.0222928149	0.0370960838	0.1088923534	-0.0237438349	0.0650760373	-0.0174845181	-0.0013895093	-0.0463874074	0.0208988897	-0.063903814	0.0064054271	-0.0886065894	0.0614521788	-0.022184154	0.0	0.0	0.0	-0.0465724340039059	-0.0443492222394042	0.00196685351324	0.0021689916090481	0.6235942837269306	0.0761951098922111	0.3888698306969036	0.0058056947714861	1.5852897291338763	0.0459499643529568	0.002111399224038	2.513143525297359	-0.0054530950446171	-0.0019176335064898	2.973624556562757e-05	3.677318265212748e-06	0.0063101355760808	0.0004381252424932	1.9195372810972546e-07	3.981781098852057e-05	-0.00221583619019	-0.0008256991471138	6.81779081544457e-07	4.909930021755734e-06	0.0	0.0	0.0	0.0	0.0	0.0	0.0	0.0
566.085533317079	-0.1977344678601866	0.0390989197799512	320452.8310308818	741.2394382308864	0.0820514990848551	549435.9047888401	0.0067324485020719	635.0994982153968	1.0285589437568206	1.0579335007821464	403351.3726334488	649.7618525565398	451.0757062891256	0.682261	20.835266	0.351525013842094	0.1838815812752257	0.011456334	0.0125899241	-0.0312312404	-0.0018277568	-0.0562052663	0.0764271601	0.0138380893	0.0386522634	0.0542455787	-0.114857679	0.0189245992	0.0673435837	0.0437337572	0.0233834736	0.1176266829	-0.0033573872	0.0208134336	-0.0126232427	-0.0467482442	-0.0903354109	-0.0352501022	0.0251363946	-0.005646434	0.0010314092	-0.0386278788	0.0403738077	-0.0187827232	-0.0783433262	0.0148094654	-0.0748950539	0.0466264877	0.0648752567	-0.0497028732	-0.0068079525	0.1035646282	0.0542832535	0.0223076123	-0.0446792312	-0.0244735327	-0.0244333549	0.0658279625	0.0268169435	-0.0107692505	-0.0063986704	0.0210613369	0.0217109256	0.030133575	0.0546606826	-0.0096703136	0.0292853028	-0.0520020478	0.1301676595	0.0962679312	0.0852468041	-0.0886255057	-0.0550609531	-0.0851840255	-0.040187735	0.0043901613	0.0521580181	-0.044712457	-0.0103556528	0.0803132559	0.0173614308	0.0315480607	0.0430726146	-0.005555245	-0.0962125897	0.0719722229	-0.0820698472	-0.0670842544	-0.0607830308	0.0317050908	0.0432415787	-0.0662062242	0.0300935529	0.0082090176	0.0723824532	-0.0692206883	0.0050630732	0.0787170215	0.0424405113	0.0359883752	-0.0299323681	-0.1330495856	-0.0152770598	0.0567084946	0.00475099	0.0490039443	0.0748894206	-0.0621002531	0.0139671135	0.0635034921	0.0159737904	0.0778018385	-0.0361698632	-0.0041295932	0.0331157903	0.0042082933	-0.0259466281	0.0178500142	-0.0115049021	0.0682017171	-0.0081247999	0.0091411641	-0.0384059598	0.0020111209	0.1079456785	0.0760026668	-0.0042055816	-0.0124083151	-0.0209312918	0.2131654475	0.0859117268	-0.0213503988	0.0638699434	-0.0653405157	0.0508644833	0.0543947146	-0.0451123946	5.71033e-05	-0.1906579736	-0.0388189893	0.061039003	-0.0218085628	-0.01626926	-0.0108708703	-0.0892421688	0.0637521413	-0.0265195758	0.0	0.0	0.0	-0.045536021323997	0.0010364126799089	1.0741512430759489e-06	0.0020735292380195	0.5583533947419568	-0.0652408889849738	0.3117585134198674	0.0042563735955496	1.6249247562416826	0.0396350271078063	0.0015709353738365	2.640380463447092	-0.006344040142572	-0.0008909450979549	4.024684533056496e-05	7.937831675698664e-07	0.0092811118516251	0.0029709762755443	8.826700029847081e-06	8.61390372023759e-05	-0.0032661685180789	-0.0010503323278888	1.1031979990085154e-06	1.0667856788489718e-05	0.0	0.0	0.0	0.0	0.0	0.0	0.0	0.0
566.1330011775805	0.047467860501456	0.0022531977805856	320506.57502233435	742.7923453948782	1.5529071639917902	551740.468377224	2.411520659977025	634.6421402922774	-0.4573579231193889	0.2091762698400809	402770.64623476274	649.477414943005	452.2361356963282	0.666149	20.343216	0.2526177831452195	0.1194520892790314	-0.0034116063	0.0214534973	-0.0189956307	-0.0398996057	-0.0947914751	-0.0072815599	-0.095794776	0.0485441997	0.0458920473	-0.0328802866	0.0026648008	-0.0024191859	-0.098250126	-0.0178697729	0.1140109344	0.1005142839	-0.0407309789	0.0374876598	0.0290264897	-0.0180758138	-0.0628192007	0.0503515446	0.0308533104	-0.0210310015	0.064615934	0.0196931466	0.0018012213	-0.0524115633	0.0444582507	-0.0898713025	-0.0360779099	-0.0092275773	-0.0642225885	0.0428294564	-0.0370254105	0.0146266614	0.0372297093	0.0364619373	-0.0497905451	0.1036245921	0.049947492	0.1012615365	-0.0893606751	0.0147359857	0.0273577525	0.072142686	0.0127630593	-0.0237411839	-0.0313954813	0.048861342	0.1050598403	-0.0114963456	0.0230908507	0.0082943016	0.1290476859	0.069306431	0.1588648493	-0.1530812673	0.0001650009	0.0075224002	-0.0112060364	0.0740291148	-0.0436223279	0.0700556686	0.1484397112	0.0728363896	-0.0871654934	0.0026598337	0.0641969202	-0.0517565848	-0.0690260905	0.0174647922	-0.0091850739	-0.0111256177	-0.0090123092	0.0128625627	0.0449716373	0.0719407684	-0.0875453179	0.0482417498	0.0039221693	-0.0026468565	0.0257773339	0.0395241994	-0.0587351852	0.0341532005	0.0407574315	0.0345650971	0.0772156457	0.0283252419	-0.0205164911	-0.0432662553	0.0576713379	0.0004268826	-0.087895723	0.0520277819	0.0577891574	-0.0034147474	-0.1127246812	0.0880101621	0.1050095838	0.0015030362	-0.0621045898	-0.0039196687	0.017951817	-0.0447238143	-0.0170006133	0.0842557175	0.0411350341	0.0896924139	0.1078083847	0.0431863686	-0.0601390784	0.0337734576	-0.1403570377	-0.0333378511	-0.0996638883	0.0646522175	0.0283623684	0.0015585521	-0.0375025457	-0.1066315515	-0.0090183693	-0.1474666985	-0.0587843698	-0.0590199364	-0.1023157145	-0.0898571929	0.0659933711	-0.0308000317	0.0	0.0	0.0	-0.0804846212157599	-0.0349485998917629	0.0012214046343945	0.0064777742522443	0.610570721444148	0.0522173267021912	0.3727966058848274	0.0027266492079233	1.5754977723765222	-0.0494269838651604	0.0024430267340068	2.482193230763384	-0.0049358919798672	0.0014081481627047	2.4363029636917348e-05	1.9828812481289034e-06	0.00863188772268	-0.000649224128945	4.214919696045235e-07	7.450948565695373e-05	-0.0035292936801511	-0.0002631251620722	6.923485091552163e-08	1.2455913880754495e-05	0.0	0.0	0.0	0.0	0.0	0.0	0.0	0.0
566.5653120448178	0.4323108672373337	0.1868926859314955	320996.2528124418	744.826256518094	2.0339111232158302	554766.1523987576	4.13679445714108	634.8515512652102	0.2094109729328011	0.0438529555846623	403036.4921438439	649.9036620348593	453.41551493561786	0.666359	20.349655	0.1728124789688528	0.1091632626893703	0.008458669	0.0145094005	-0.038501927	-0.0051627447	-0.1201578604	0.0803256662	-0.0919619734	0.0102609389	4.85881e-05	-0.0523578024	0.020134098	0.0326195225	-0.0447183563	-0.094743532	-0.0013824651	0.0719521748	0.0793324681	0.0025988187	-0.0034759623	0.0746296771	0.012917229	0.0291799674	-0.0687496012	-0.0617035015	-0.0007384897	-0.0109418692	-0.059928571	-0.0137494497	-0.0178077001	-0.0272208435	0.0261899286	0.037313849	0.0337599999	0.0206222896	0.0575540371	-0.056589327	0.0560904061	0.0497350228	0.0449728652	0.1450446224	0.1301829072	0.0383742768	-0.016177426	-0.0593005355	-0.0364604021	-0.1075511393	0.0731919912	-0.0168225209	-0.0259715401	-0.0229812213	0.0425831996	-0.0689918104	0.0606486819	0.0358272587	-0.0356925559	0.0728471791	0.0286234637	0.1264200813	-0.0052771516	0.0172871643	-0.0957505022	0.0266200508	-0.070735142	0.0008324871	0.0579299463	0.0786581193	0.0415348636	-0.0797221719	-0.0127115968	0.013038517	-0.058532611	0.0491349309	-0.057382928	0.01635962	0.0965881071	0.0176886695	-0.0576114623	0.0194743618	-0.1023701062	-0.0611655664	0.0602572879	-0.0889825245	0.0175299237	-0.0117455737	-0.0426157343	-0.0511325615	-0.0343919375	-0.0461009698	-0.0477038643	0.0673512343	-0.0303563561	-0.04476189	0.0293276027	-0.0009804703	-0.0036882874	-0.0331257601	0.0065592053	-0.0142170669	0.0423845247	0.0364801467	-0.1097910951	-0.0193429571	-0.045756636	-0.0091566113	0.0123450399	-0.0534990825	0.0099628347	0.1217470884	-0.011580347	0.0530532972	-0.0760946737	-0.1265652661	0.1118909488	0.0368979786	-0.1292977221	-0.0619873061	0.0338177373	0.0542681427	0.0550403518	0.0725421538	-0.01633274	-0.150010373	-0.0460194459	0.0348708168	0.0268119609	-0.1390089766	-0.0371517416	-0.0904515202	0.0681738033	-0.0350166499	0.0	0.0	0.0	-0.0897948792787701	-0.0093102580630101	8.668090519984637e-05	0.0080631203446888	0.5919420647693414	-0.0186286566748066	0.3503954080433912	0.0003470268495078	1.6612723260281683	0.0857745536516461	0.0073572740541391	2.759825741227041	-0.0058513678607048	-0.0009154758808375	3.423850584128906e-05	8.380960883953791e-07	0.0087501005991654	0.0001182128764853	1.3974284166952286e-08	7.656426049551469e-05	-0.0033810022258863	0.0001482914542648	2.199035540796936e-08	1.1431176051448116e-05	0.0	0.0	0.0	0.0	0.0	0.0	0.0	0.0
565.6230558318738	-0.9422562129440166	0.8878467708316	319929.441288587	746.471635254674	1.6453787365799144	557219.902239787	2.707271186789316	633.6572222954404	-1.1943289697697992	1.4264216880313898	401521.4753671732	648.4065702652164	451.9099100711553	0.629681	19.229534	0.2079635815389777	0.0969670650998879	0.0020719312	0.0126522487	-0.0394160688	-0.046081177	-0.1449578803	0.0123165868	-0.0826956035	-0.0090412056	0.0338897822	0.0912219004	0.0093314028	-0.01127086	-0.0005379141	-0.0566541337	-0.0114417973	0.0101913449	-0.0022550596	-0.0521921264	-0.050871512	-0.0352154448	0.0263425596	0.0242040326	0.06634328	0.0597692902	0.0541154288	-0.0194245191	-0.0612324486	0.0111929802	-0.0152940692	-0.0546852013	0.0206106154	-0.0381109389	-0.072557647	-0.049994897	-0.067424992	-0.0555504386	-0.0604403009	-0.0397766767	-0.0502666198	-0.1688892871	0.0554052758	0.0751805608	0.0720394667	0.0466273067	-0.1072422293	0.0788266239	0.1133847537	0.0437267214	-0.0373409831	0.0565720724	0.1501166004	-0.0159145358	-0.0054813367	0.0679273222	0.0413113968	0.0547879353	-0.065406767	0.0637736119	-0.0022495381	-0.0218100105	-0.0473173121	-0.0340723558	-0.0596895588	-0.0065466516	0.0246815994	-0.0248611573	0.0106901607	-0.0387731283	-0.0654496467	-0.1260891681	0.0328177781	0.0707931387	0.0373289936	0.0907763248	-0.00620933	-0.0612325777	0.0645164931	0.0565916624	-0.0131369236	-0.0134641906	0.0128131237	-0.0584799891	0.017796817	-0.009150167	-0.0364252938	-0.0020164474	-0.0382609715	0.009604857	0.1163343585	0.1007066449	0.006859121	0.0498358147	-0.0612601064	-0.07043258	0.0880170858	0.0122810102	0.049791421	-0.1401931985	0.0147379317	-0.0442361767	0.1637756047	-0.028123035	-0.0553456984	-0.008585159	0.0145347637	-0.0460939009	0.0086813453	0.0462339543	-0.0367624294	-0.0368507663	0.1453822194	-0.086387514	0.0791001123	0.1143815538	-0.1021608223	-0.0180902596	0.0521269467	-0.068564768	0.0402520835	-0.0557435323	-0.0399511901	-0.209559008	0.0172577964	-0.1060978701	-0.0582299038	0.0232001702	-0.0070875154	-0.0910250139	0.0702914292	-0.0391606907	0.0	0.0	0.0	-0.069206956277199	0.0205879230015711	0.0004238625735186	0.0047896027971541	0.5490791185420676	-0.0428629462272738	0.3014878784189339	0.0018372321592821	1.6273030406826905	-0.0339692853454778	0.0011539123468824	2.64811518621513	-0.0050613168429251	0.0007900510177796	2.5616928184477303e-05	6.241806106947391e-07	0.0095742715965754	0.00082417099741	6.792578329717956e-07	9.166667660499049e-05	-0.0027843557017829	0.0005966465241033	3.559870747246688e-07	7.752636674050946e-06	0.0	0.0	0.0	0.0	0.0	0.0	0.0	0.0
566.3071798251076	0.6841239932338112	0.4680256381181758	320703.82192146673	743.1922898682409	-3.2793453864330786	552334.7797195994	10.754106163519918	634.9588109379321	1.3015886424916516	1.6941329942632606	403172.69158771256	649.0244440889518	455.26341169606087	0.607022	18.537582	0.2274113292173694	0.1175654068729954	-0.0008054721	0.0180530216	-0.0133207089	-0.0074778975	-0.1419296023	-0.0102386124	-0.0019078867	-0.0251457439	0.0182368158	0.071499753	0.0142801837	0.0521331482	0.0627018969	-0.0163766045	-0.027073914	0.0440842383	-0.0743000112	-0.0249056079	0.0263363005	0.0211516834	-0.0554734581	0.0111587425	0.0815736213	-0.0045279987	0.0319551335	-0.0108342374	-0.0168460058	0.0375431333	-0.0267107171	-0.0287050801	0.0226774566	-0.0346337256	0.0906334897	0.1088319965	-0.0239597748	0.0517708732	0.0917516639	-0.0899989457	-0.0268877229	0.0051792417	-0.0271883636	-0.0680549163	0.0139860003	0.0015496414	-0.0195342913	-0.0214968388	0.0855556999	-0.0434560168	-0.0292108031	-0.0373521477	0.0390876366	-0.0158824354	0.0563426552	-0.1847746517	0.0548930555	-0.041882445	0.0160265735	-0.0617665534	-0.0018164313	0.0109496185	-0.054211582	-0.0832143482	0.0041587772	-0.0304391557	0.0003565596	0.0206503817	-0.0661147082	0.0362688764	-0.1323892366	-0.0249434694	-0.0292102049	0.073884961	0.0194709042	0.0284292989	0.0253636041	-0.056597031	0.0848918945	0.0640203466	0.0212580339	-0.0243568168	-0.0507538206	-0.0262006371	-0.0023770246	-0.0105498853	0.0100128648	-0.0809843963	-0.0589190959	0.0304440706	-0.00649691	0.0211249588	0.0231777721	-0.0599179081	0.0829285079	0.0173733919	0.0569018469	-0.0100495152	-0.0405582192	0.0537363271	-0.0447567256	-0.0489371175	0.0214460582	-0.0523643802	0.0085749614	0.0010117117	0.0180502717	-0.0590903257	0.0175993093	0.0660157096	-0.0002624825	-0.1010245032	-0.0408868684	-0.0462575435	0.0157635142	0.0668125001	-0.2208299591	-0.0075769931	-0.0144759558	-0.0208808959	0.0987599199	-0.070317736	0.0382862181	-0.076555432	0.0247775341	-0.1444119624	-0.0144241312	-0.1480634166	-0.078368078	-0.0915775417	0.0723442979	-0.043223565	0.0	0.0	0.0	-0.1032230069021693	-0.0340160506249703	0.0011570917001205	0.0106549891539252	0.6266780216490275	0.0775989031069599	0.392725342817939	0.0060215897634033	1.6494466369596097	0.0221435962769191	0.0004903388560751	2.7206742081773663	-0.005237266508638	-0.0001759496657128	2.7428960482501265e-05	3.0958284864481134e-08	0.008221864464645	-0.0013524071319304	1.829005050496212e-06	6.759905527499221e-05	-0.00312905448831	-0.0003446987865271	1.1881725343325526e-07	9.790981990812956e-06	0.0	0.0	0.0	0.0	0.0	0.0	0.0	0.0
565.0523440723948	-1.2548357527127791	1.574612766286247	319284.15154170804	742.1527494994349	-1.0395403688060014	550790.7035895709	1.0806441783773175	634.283906487659	-0.6749044502730612	0.455496016998383	402316.07402924536	647.8946120826306	451.9945742477541	0.651255	19.88839	0.3342291752710876	0.1870240233705509	-0.015501269	0.0306505466	0.002197394	-0.0307013768	-0.0525671882	-0.0357385031	-0.0191484631	0.0534148866	0.0313779563	0.1641500566	0.0014034703	0.0340391115	0.0482906982	0.0282066757	-0.007619868	-0.0419311297	-0.0006934076	0.0667916238	0.0059962351	-0.0286934562	-0.0011363143	0.1626489513	0.0235825395	-0.0818476906	0.0205793218	0.1149090872	-0.1445419305	-0.0218522467	0.0173158828	-0.0407340646	0.001549982	0.007011836	-0.085819885	0.0866769376	-0.0508762739	-0.1029137859	0.103295778	0.0370437057	-0.064062103	-0.0559731367	0.0087311642	0.0392986663	0.0861205185	-0.0530302401	-0.0586708593	0.0892263982	0.0724289468	0.0545813592	-0.0195533967	-0.0085349367	0.0670489663	0.0310341594	-0.0780137581	-0.0855142358	0.0186095812	0.1185865673	0.1270197493	-0.0714279853	0.0124207193	0.0045778199	0.0266332868	-0.0792532337	0.039208936	0.0334294901	-0.0296734293	-0.0849643253	-0.0531547792	-0.0671559691	0.0227817097	-0.0312330624	0.005465973	0.0817062427	-0.0228815543	0.0189471591	0.0373713291	-0.0323362415	0.0951678151	0.0068520481	-0.0392297615	-0.2190715227	0.0405920435	-0.0072785493	0.0481420037	-0.0564174976	-0.1521202003	0.059393674	-0.0573946271	0.0435405341	0.0957793721	0.0156414827	0.0118873231	-0.051034468	0.0669653424	0.0300151309	-0.0126534109	0.0172380911	0.0510021558	-0.0694979452	0.0966427431	0.1091956404	0.0765865217	0.0270991822	0.0439206939	0.0028736521	0.040701377	-0.0270351538	-0.0246711275	-0.0233978354	0.0610666032	-0.06896329	-0.0166508764	-0.0442943705	0.0899322121	0.1208063841	-0.0940690617	-0.0060207014	0.041263623	0.0835890698	0.0281764459	-0.0437572651	0.0849694732	-0.0801904779	0.1139876544	0.0407117585	-0.0591779451	-0.0924745948	0.0118196496	-0.0921089764	0.0743305181	-0.0471968518	0.0	0.0	0.0	-0.0877329647352951	0.0154900421668742	0.0002399414063315	0.0076970731012445	0.5255014625415555	-0.101176559107472	0.2761517871333138	0.0102366961128277	1.5464254089662433	-0.1030212279933664	0.0106133734172611	2.391431545496413	-0.003528794152548	0.0017084723560899	1.2452388171056955e-05	2.9188777915237155e-06	0.0081093195249746	-0.0001125449396703	1.26663634454139e-08	6.576106315813428e-05	-0.0026592448640029	0.0004698096243071	2.2072108309157865e-07	7.071583246725801e-06	0.0	0.0	0.0	0.0	0.0	0.0	0.0	0.0
564.7979149166547	-0.2544291557401266	0.0647341952906336	318996.6846942007	746.9856118256191	4.832862326184227	557987.5042744945	23.35655826385081	634.4364411750726	0.1525346874135493	0.0232668308643492	402509.5978908913	649.7685588366713	451.0805974877399	0.678942	20.733894	0.3119012538937744	0.1939188766270836	-0.0250680763	0.0428122632	0.0078627855	-0.1479261298	-0.0264781948	-0.1280442706	-0.0395082707	0.0748611567	0.0739720568	0.2924683709	0.0182427502	0.0356860942	0.0337420644	0.0698472703	0.0693702947	0.0688022744	-0.0407080396	0.0621749564	0.0331124388	-0.1178657437	0.0511254177	0.0383677061	-0.0087988969	0.0560369646	0.0185539165	-0.033243154	-0.0940607403	0.0636511399	-0.0097526321	-0.0016436317	0.0388530573	0.0007719185	-0.0780836563	-0.0249473277	-0.2053940407	-0.0017017048	0.0653126481	0.0397953459	0.0438663175	-0.0414321058	0.0031260814	-0.0815689086	0.0795141913	-0.0641165822	-0.0964385145	-0.0505399141	0.0180624737	0.0824877454	-0.0739479838	0.0517019251	-0.0527588852	0.1509734956	-0.0639102333	0.0274050103	0.0724017937	0.0656215586	0.0254628351	-0.1130958122	0.0208304203	0.0446804764	0.0659961816	-0.0958184718	-0.0173150152	0.0638216219	-0.0321992781	0.0179844161	-0.2283276001	-0.0207641153	0.0043203697	0.0244500065	0.1461037547	0.0596892779	-0.017313791	0.0810627548	0.0661969477	-0.0287488484	-0.0438818904	0.0110636056	0.2001712249	-0.0353511862	0.0163256347	0.0546220291	0.1144491278	-0.0153818328	-0.03176625	0.1249689413	-0.105636456	-0.0732548938	0.1091121177	0.0418904174	0.0831843779	-0.0313934479	-0.0341228117	-0.0522562685	-0.0156408661	0.0155697777	0.0518895758	0.0204508829	0.0171906345	0.0122682201	0.0556720655	-0.0047839194	0.0032649056	0.0116268161	0.0625747869	0.0137261347	-0.0964987893	-0.0027511071	0.0757458734	-0.0586388202	-0.0269402736	0.014875081	-0.1413124977	0.1087120161	0.0150212217	0.0673246796	0.0134388643	0.1034234846	0.0113709553	0.0279051027	-0.0255254013	0.1186945385	0.0677764051	0.0267848172	-0.1584001028	-0.0933315687	-0.0045763894	-0.0926191957	0.0762482601	-0.051072316	0.0	0.0	0.0	-0.0683223370034653	0.0194106277318298	0.0003767724689436	0.004667941733615	0.6299270413441889	0.1044255788026333	0.3968080774166434	0.0109047015082649	1.386465658254167	-0.1599597507120762	0.0255871218478695	1.9222870215181609	-0.0033724346632653	0.0001563594892826	1.1373315557993338e-05	2.4448289888746737e-08	0.0082221106008493	0.0001127910758746	1.27218267969723e-08	6.760310273259844e-05	-0.0029522002317902	-0.0002929553677873	8.582284751539239e-08	8.715486208582112e-06	0.0	0.0	0.0	0.0	0.0	0.0	0.0	0.0
563.9681353438318	-0.8297795728228721	0.688534139474108	318060.0576831986	737.6110576413712	-9.374554184247929	544070.0723548222	87.88226615340031	634.0543690909327	-0.3820720841398497	0.1459790774789684	402024.9429633008	648.6519059192857	447.5228323024252	0.656929	20.061672	0.1439453415337055	0.0619607391960829	-0.0345154057	0.0563600288	0.0308828738	-0.1176980386	0.0777483009	-0.1068175204	-0.0774441748	0.0233638242	0.08637891	-0.0113461184	0.021892507	0.0403784567	-0.0159619114	0.124107249	0.027436097	-0.0964772463	-0.0678597207	0.0471535568	0.0240077361	-0.0717262622	-0.0408151565	-0.0570816644	0.0894203751	0.0738631191	-0.0808260087	-0.0292182392	-0.0543433828	-0.0787937589	-0.0858688274	-0.0755758191	-0.0113613211	0.0151902089	-0.0083264637	0.0128193417	0.121835592	0.0278361975	-0.0944797651	0.0470661059	-0.0049468027	0.013963818	0.0370882384	-0.2128204227	-0.0516327305	0.0914872432	-0.0309590169	0.1098512627	0.0034987194	-0.0240963561	-0.0292886584	0.0548276841	0.0733843957	-0.0006554226	-0.0212696851	-0.1021832814	0.0469356479	-0.0231620328	0.0923467555	-0.0240798202	0.032147581	0.0858867262	0.116824028	-0.005256926	-0.0225496383	0.0536900098	-0.0223291093	-0.0731855248	-0.1254517665	0.0487997961	0.0863949397	-0.0326822334	0.0255530086	-0.053402076	0.0916358221	0.0651058897	-0.0129765027	0.0339654157	0.0206312578	0.0662108266	0.1406610855	-0.0352976762	0.0491154393	0.089504071	0.0330425701	-0.0835581343	0.0096159397	-0.0521566423	0.1229814549	0.0128517758	-0.0977457716	0.0244289007	-0.0207930467	0.0893811287	-0.04850296	-0.0244903406	-0.1424415077	-0.0600694568	-0.1507527288	0.0558785373	-0.070358903	0.0296311865	0.0962601009	-0.0216266242	-0.0063569973	0.0066745696	0.0792254328	0.0327552522	-0.1407112224	0.0320984487	0.0771798153	0.0017796282	-0.1333321174	0.0354018759	-0.0540266047	0.1470879949	0.1630710279	0.0891538521	-0.0332972212	0.1131372756	-0.052002036	-0.0277403545	-0.0650645149	0.0554336259	0.0460724948	0.0447447645	-0.0803740814	0.008079727	-0.0077700048	-0.093108082	0.078095757	-0.054841925	0.0	0.0	0.0	-0.0841173540332533	-0.015795017029788	0.0002494825629712	0.0070757292495556	0.609701147892892	-0.0202258934512968	0.3717354897419101	0.0004090867659032	1.3398503145584613	-0.0466153436957057	0.0021729902678687	1.7951988654224076	-0.0039782075707437	-0.0006057729074783	1.582613547592249e-05	3.6696081543483394e-07	0.0085421310514171	0.0003200204505677	1.0241308878161713e-07	7.29680028995842e-05	-0.0032525886208823	-0.000300388389092	9.023318430134665e-08	1.057933273669302e-05	0.0	0.0	0.0	0.0	0.0	0.0	0.0	0.0
563.8424601115839	-0.125675232247886	0.01579426400056	317918.3198246832	739.0510639694502	1.4400063280789936	546196.4751543764	2.073618224907546	633.314358223434	-0.7400108674986541	0.5476160840161106	401087.07633196015	648.3561844735775	448.418903006678	0.707259	21.598679	0.1945768806766707	0.1314946058180958	-0.0415200525	0.0546999046	0.0270443485	-0.1127709993	0.0666551352	-0.1421631197	-0.1568312555	0.016148471	0.0319760005	0.0729692266	-0.0015456703	0.0176742747	-0.2417212555	0.0613270137	-0.1292375777	-0.0156004932	-0.0594474918	0.0859271732	0.0523002316	0.1180307293	-0.0051902642	0.0597159019	0.0841887499	0.0010146268	0.0487201145	-0.0019488657	0.0631099243	-0.0859864541	-0.0169345987	0.0096306855	0.1058202767	0.0554895031	0.0196181298	0.0340787989	-0.1067665457	0.1134562769	-0.0146109311	0.017530181	-0.010667166	-0.0140141148	-0.054474656	0.0458487172	-0.0610996321	0.0671168331	-0.0057967622	0.0142135302	-0.1277577175	0.0409455897	0.1049303617	0.003200714	-0.0491467412	-0.0013647567	0.0440777487	0.0765741443	0.0282895735	-0.0234453526	0.0964099414	0.1413398857	0.0184160023	0.0890542359	0.1140625054	0.1057637693	-0.1682214007	0.080146795	0.0370054454	-0.0493587619	-0.054513794	0.0684725938	0.0354784713	0.0315961052	-0.0804604484	0.1245891944	-0.1084512307	-0.0665985841	0.0054138584	0.0339890353	0.0543140454	-0.1146006677	0.1779914414	-0.0145516169	0.0092576836	0.0790380473	0.0112822714	0.0724383438	0.1038660775	-0.003220495	-0.0141664592	-0.0633042448	-0.0288193484	-0.0301778117	-0.0888361282	-0.0098855799	0.0031754587	0.0194044432	0.0524378292	0.0038091541	-0.0373185147	0.0490714467	-0.1090775239	0.0837406832	0.0283505466	-0.0060670056	0.0569850325	0.0035646748	0.0806654892	0.0317001133	-0.1500581129	-0.0168067714	-0.0193564984	0.1119513492	0.0951158905	0.0175235037	-0.1775695446	-0.0132866036	0.2397580059	-0.0955132777	-0.0351419691	0.1340955701	-0.1213905171	0.1058834052	-0.1876315911	0.0256412935	0.16739731	-0.16304182	-0.0297500045	-0.1512511665	-0.0202843436	-0.0935755227	0.0798713069	-0.0584978657	0.0	0.0	0.0	-0.0638693436385153	0.0202480103947379	0.0004099819249454	0.0040792930568147	0.5801030124275854	-0.0295981354653065	0.3365195050275593	0.0008760496230226	1.31565785759949	-0.0241924569589713	0.0005852749737116	1.7309555982632798	-0.0017603927291182	0.0022178148416254	3.098982560732224e-06	4.91870267173434e-06	0.0085301566551565	-1.1974396260598652e-05	1.4338616580583898e-10	7.276357256151074e-05	-0.0034335649401493	-0.000180976319267	3.27524281354312e-08	1.1789368198222466e-05	0.0	0.0	0.0	0.0	0.0	0.0	0.0	0.0
565.2403174196887	1.3978573081047898	1.954005053821969	319496.61643671046	740.2531429746616	1.2020790052114307	547974.7156838648	1.4449939347701029	634.947719337666	1.633361114231889	2.6678685294848368	403158.6062921034	649.1798356677531	450.4406997514808	0.8154979999999998	24.904123	0.4841274928711925	0.315753083358481	-0.0309563885	0.0296620251	0.0248232044	-0.0350670433	-0.0200759087	0.020623545	-0.0412277246	-0.0719306903	-0.0764345739	0.0730707571	0.0524774119	0.0651024556	0.0386680862	-0.049005333	-0.0943441177	0.0635546754	-0.0345501698	-0.0093857144	0.0717901115	0.0627515982	-0.0109540992	0.0424389319	0.1074524816	-0.0661915422	0.0181961463	0.062837875	0.0261336231	-0.0167433423	-0.0579397398	0.0644161862	-0.0641387318	-0.0249765102	0.0997168596	-0.0132027205	0.0680813848	-0.0153810377	-0.0830029851	0.0198605411	0.1053762488	-0.1311087368	-0.1162975576	0.0458306984	-0.0720885455	0.0241565054	-0.0758375587	-0.0737654992	-0.0225427813	0.0009349848	0.027835339	0.0026246641	0.0147847645	0.0117410496	0.0640319714	0.0291288228	0.0712915821	0.0828419087	-0.0821221623	-0.068573066	0.0367426198	0.0465685415	-0.0447400136	-0.042779792	-0.086570017	-0.1006606795	-0.0473694284	0.0823759912	-0.0258051492	-0.0325129141	-0.1171138145	0.0736336857	-0.0104440543	0.0375137255	-0.0658963652	0.01570222	-0.0035821551	-0.0430437335	0.076848367	0.0003410923	0.0896222974	-0.0308319113	-0.0358179395	-0.0280434015	-0.0723182935	-0.1019928637	-0.0573899506	-0.0845548307	0.0422631131	-0.0240577348	-0.0765467038	0.0082946853	0.0524782135	0.0509673179	-0.0378723154	0.0554297269	0.0659922832	0.0259672083	0.0481392538	-0.0036761084	-0.0162633914	-0.0139396786	-0.0752885956	0.0620237116	-0.0398445305	0.0084472188	0.051987639	0.0021707832	-0.0312519911	0.094316779	-0.0521948953	-0.0980954986	-0.0468225013	-0.0813852891	0.0073313802	0.0652787832	0.1067247587	0.0442387788	0.0490050123	-0.0698674762	0.0462172288	0.0204849554	-0.0247934822	-0.0186666216	-0.0458709272	-0.033331793	-0.0035363276	-0.0561268188	0.0245059839	-0.0940214101	0.0815732739	-0.0620325607	0.0	0.0	0.0	-0.0558854401802051	0.0079839034583102	6.374271443161761e-05	0.0031231824241352	0.6261870784123147	0.0460840659847292	0.3921102571705503	0.0021237411376848	1.499863494569368	0.1842056369698781	0.0339317166914785	2.249590502341837	-0.0056842104460599	-0.0039238177169417	3.231024839509649e-05	1.5396345475785576e-05	0.0088029123497572	0.0002727556946006	7.439566893711e-08	7.749126583750783e-05	-0.0027130606225262	0.0007205043176231	5.191264717135289e-07	7.360697941502252e-06	0.0	0.0	0.0	0.0	0.0	0.0	0.0	0.0
564.2646395719238	-0.9756778477649276	0.9519472626192016	318394.5834712331	737.7397396159622	-2.5134033586994065	544259.9234086277	6.317196443521457	634.4559532503112	-0.4917660873547902	0.2418338846722391	402534.356614761	648.1302195050475	450.312190914154	0.674071	20.585157	0.2775068273232086	0.1561992708644346	-0.0404333249	0.0419339002	0.0360046347	-0.0544856437	-0.0004628646	-0.0101668034	0.0018295461	0.0738031852	0.0704314052	-0.0068556863	0.0047787065	0.0579844629	-0.012538881	0.074616352	0.0186148394	0.0065859236	-0.0939173589	-0.0337852087	0.1196495881	-0.064431226	-0.0066474524	-0.0479333117	-0.0437991316	0.0809990891	0.0128245689	0.0261368139	-0.1021436266	-0.0001988252	0.0682407591	0.0292851985	0.0552717129	0.0023579429	0.0216046791	0.0369719519	-0.0026099384	-0.0361553124	-0.1112990828	0.0962625799	0.042223995	-0.0013744371	-0.1118370027	0.0331648067	0.0274444537	-0.1428230567	0.0105039853	-0.0042400893	-0.0537622973	-0.0090703103	0.0381222151	-0.0081005239	-0.0824557022	-0.1378822609	-0.0185863297	-0.0265318359	0.0347513088	0.0007738352	0.0532966357	0.018219705	0.0340974376	0.0459902648	0.0737160417	-0.0545684677	0.0036938327	0.0267377533	0.0173368573	-0.0227836226	-0.1054935781	0.0232589788	-0.0046717858	-0.0250201064	0.04218542	-0.0293546828	0.068707783	-0.0672198569	-0.0544460208	0.1807979279	0.0370064819	0.0148778683	0.0543828947	-0.0836010689	0.0293234365	0.0305163945	0.004381721	-0.0230472092	0.0738796663	0.0263811697	0.0080188554	0.0188887876	-0.1011169546	-0.0758111138	0.0519712752	-0.0474309299	0.0361511947	-0.0534840765	-0.0167411297	0.0571237574	0.1383437125	-0.0134970626	0.028620287	0.0416272396	-0.0343695961	0.0278476523	-0.0856226773	0.014132674	0.0569947303	0.0186590045	-0.0570443382	-0.0254410897	0.0664545263	-0.0045496861	0.0156676127	0.0276722979	-0.0318560418	0.1142269786	0.0548099943	0.077132344	0.0024534977	0.0381778394	-0.0108597184	0.0059886237	0.0234538446	0.0491640057	0.0543028667	0.0240081271	-0.0924833355	0.007983342	0.0393629235	-0.0944456416	0.0832000901	-0.0654386837	0.0	0.0	0.0	-0.0365595865585817	0.0193258536216234	0.0003734886182044	0.0013366033693344	0.5725833876089297	-0.053603690803385	0.3278517357657178	0.0028733556677449	1.4392568394628429	-0.0606066551065251	0.0036731666432012	2.0714602499405714	-0.0035082654094216	0.0021759450366383	1.2307926182944106e-05	4.734736802470854e-06	0.008165274523894	-0.0006376378258632	4.065819969715494e-07	6.667170805055238e-05	-0.0026472309291942	6.58296933320002e-05	4.333548524185192e-09	7.007831592482386e-06	0.0	0.0	0.0	0.0	0.0	0.0	0.0	0.0
563.9464031299292	-0.3182364419945998	0.1012744330133822	318035.5456031846	735.829000413043	-1.910739202919217	541444.3178488581	3.6509243015723647	634.6846264864491	0.228673236137979	0.0522914489258159	402824.5750982434	648.360380606699	449.3069590008777	0.650101	19.853144	0.2263888503186037	0.1193304124896606	-0.0401762008	0.041061022	0.0233438417	-0.0223296735	0.0100499714	-6.57791e-05	-0.0347971357	0.0110405376	0.0592867621	-0.0671911968	0.0139584885	0.0809554093	-0.0630057675	-0.0591712619	0.0305985819	-0.030896194	0.0710466772	0.0889806685	0.0158692914	-0.0690389121	0.012122736	-0.0116097101	-0.0837529297	-0.1568860439	0.0147899614	-0.0194422071	0.0320024517	-0.0010432376	-0.0131128059	0.0414188669	0.0121052079	0.0161587412	0.0432873749	0.0887857956	-0.0441937595	0.0086136652	-0.0655422093	0.007798249	-0.0186363736	-0.0644565952	0.0369146029	0.0608130705	-0.0833185136	-0.1221153382	0.029705444	0.0952647387	0.0881974679	-0.155495115	-0.0767757343	-0.0818388946	0.0418121557	-0.0611880863	-0.0682364695	-0.0017670766	0.0164654257	-0.0041544184	0.0262819887	0.0253415161	0.013445862	0.0702593133	-0.0099321726	0.0276271352	-0.019442473	0.0943999978	0.0907789896	-0.0032471857	0.0064359848	0.0584593118	0.0188368314	0.0727878042	-0.0075578715	0.0232607447	-0.0143491216	0.0436370597	-0.1482464477	9.29337e-05	-0.0719861188	-0.0685436916	-0.0990883464	-0.0342923135	-0.0889520976	0.0259351701	0.0054828386	-0.0240322815	0.0134542487	-0.0730603535	0.0355349491	-0.0192034607	0.0025534186	-0.0771290232	0.1271479838	0.074824898	0.062787492	-0.0547109247	0.0902299523	0.0017945446	0.0985377475	0.0335503454	-0.0229239581	-0.0301865788	0.0537133913	0.0173419644	-0.0551430148	0.0126412473	0.0554505882	-0.0081341505	-0.0346729534	0.0326275569	0.0651539448	0.0686590624	-0.0856930896	0.0151614426	0.0266818956	0.0784438222	0.0220609974	0.0299621206	-0.0849323359	-0.0391013973	-0.0196657425	0.1290606004	-0.0068846805	0.0128958611	-0.0075033795	0.0044712243	-0.0052065574	-0.0801876478	-0.0747577409	-0.0948481194	0.0847502568	-0.068709175	0.0	0.0	0.0	-0.0762293836165355	-0.0396697970579538	0.0015736927986192	0.0058109189265569	0.6231746874451431	0.0505912998362134	0.3883466910723518	0.0025594796191176	1.5311324599955043	0.0918756205326614	0.0084411296482615	2.3443666100518845	-0.0039291776182182	-0.0004209122087965	1.5438436755506842e-05	1.771670875140323e-07	0.008460189935832	0.000294915411938	8.697510019856072e-08	7.157481375035306e-05	-0.0028164459662951	-0.0001692150371008	2.863372878105895e-08	7.932367881059938e-06	0.0	0.0	0.0	0.0	0.0	0.0	0.0	0.0
563.0340276175011	-0.9123755124280706	0.8324290756783844	317007.316255185	735.5498655787054	-0.279134834337583	541033.6047528517	0.0779162557406699	633.8584828064505	-0.8261436799986086	0.6825133800016434	401776.5762256953	648.079582646208	448.12881400274193	0.649783	19.843439	0.1130183505218899	0.0561322400607353	-0.04332855	0.044292649	0.0378094356	-0.0411231947	0.0121167973	-0.0298782297	-0.0281224595	-0.0553350518	0.0632801542	-0.0592331801	0.0118894883	0.0380299739	-0.0796006995	-0.0370310407	-0.0707555082	0.0233617289	0.0847330965	-0.0315039936	-0.0048340928	0.0525654776	0.0555412061	-0.0431891743	-0.0330760817	-0.0531381112	0.0451157206	-0.0117781693	-0.0762776884	0.0082471427	-0.0581576668	0.0193300702	0.0400982571	-0.0036239856	-0.014610577	-0.0324026573	0.0226642092	-0.0204003669	0.0203864398	0.0313409936	-0.1313525317	-0.0406829572	0.095821536	-0.0052194333	-0.0435605188	0.0374986426	0.1247104416	0.0665274249	0.1313216925	-0.0736413898	0.0259457267	0.0180239199	-0.062190779	-0.0291672255	-0.068914477	0.020039733	0.0504874691	0.0015205835	-0.1293129622	-0.058776857	0.0229574311	0.0423647432	-0.0053296251	0.0186822427	-0.0673997624	0.0558737207	0.0568386021	-0.0229052573	0.0626102078	0.103143953	-0.0179261067	0.011518309	-0.0134285475	0.0726556691	0.0064661169	0.0778264371	0.0052429163	0.0486426726	-0.0240660407	-0.0130903786	-0.0539311652	-0.0680853108	-0.0255055233	-0.0408058283	0.0566221036	-0.0176896628	0.0465866932	-0.0774699173	0.112131447	-0.0408246578	0.0765956235	-0.0202161454	0.0649206497	0.0184489954	-0.0929566591	-0.0450048486	-0.025212597	-0.0323119221	-0.0184319935	-0.0322236808	-0.0270423541	0.0448664637	-0.0251389363	-0.0479114619	0.0677230902	0.0110091528	0.0587633022	-0.0117508417	-0.0436403464	0.0104097032	-0.0189663597	0.1004540476	0.0355576814	-0.0649736879	-0.0321225645	0.0916704306	-0.003906187	-0.0495257762	0.1105422593	0.0018156511	-0.0606660113	0.1224455127	0.0240397072	0.0441779625	0.0518747981	0.0525441324	0.0081791478	0.0290028144	0.0810230918	-0.0952287508	0.0862223459	-0.0718372561	0.0	0.0	0.0	-0.0505737613042498	0.0256556223122857	0.0006582109562306	0.0025577053324592	0.5995974010441643	-0.0235772864009788	0.3595170433389164	0.0005558884340337	1.512211802117264	-0.0189206578782403	0.0003579912945454	2.286784534462743	-0.0033481091495638	0.0005810684686543	1.1209834877392833e-05	3.376405652643691e-07	0.0086201005972539	0.0001599106614218	2.5571419636389253e-08	7.430613430677703e-05	-0.0026601294177637	0.0001563165485313	2.443486334476942e-08	7.076288519251842e-06	0.0	0.0	0.0	0.0	0.0	0.0	0.0	0.0
563.4239374122726	0.3899097947714836	0.1520296480587404	317446.53324914846	737.424735687064	1.8748701083585504	543795.2408031361	3.5151379232164017	633.3622552652274	-0.4962275412231065	0.2462417726683299	401147.7463946551	648.2526173311121	447.5640249542568	0.61508	18.783663	0.1635039369699865	0.0777124490197057	-0.0373211771	0.0366963395	0.0263733106	-0.033035962	0.0183527704	-0.0163598345	0.0010249063	-0.1024135427	0.0027098999	-0.0252987651	0.0127457987	0.0429966645	-0.0299440349	-0.0427461317	-0.1109441607	-0.0177449274	0.069604376	0.0065373377	0.0482942675	-0.0757763824	-0.0373824443	-0.016574376	-0.0622540886	0.05795631	-0.0454967478	0.0341562007	0.0462986106	0.0826751052	-0.0068456084	0.1106555743	-0.0070728271	-0.0164257406	0.0097228563	-0.0537147927	-0.1148072803	0.047972196	-0.0705735012	0.0258127351	0.0259586858	-0.066084317	-0.052229703	-0.0176540232	0.0421534478	0.0223678735	-0.100056271	-0.0574265175	-0.0645366957	-0.026289402	0.0189765993	-0.0983127806	0.0083370249	-0.0333938456	0.0044089267	-0.0380263434	0.1016187461	-0.1523535065	-0.0957148842	0.0562528766	0.0083939526	0.0429871003	-0.0276407513	0.012190475	-0.0820570972	0.0079601704	-0.0702471218	-0.0175773479	-8.36135e-05	0.0816102754	-0.0454785818	0.0928701747	0.0787014217	0.0450093769	-0.026670257	0.0251177222	-0.0462564915	0.0184759973	-0.0563942905	0.0160162256	0.0515792975	0.0904147196	-0.0248467997	0.0898138541	-0.0140791693	0.0092183565	0.0369236671	0.0257833491	-0.0330088237	-0.0236179819	-0.0132169456	-0.0392063322	-0.0218405984	0.0445156204	-0.0343328618	0.0319477492	0.1258713224	-0.0477511972	0.0333878653	-0.0366816265	0.0805446139	-0.0345796226	-0.0916979133	-0.0032980319	-0.0526849328	0.0122248823	0.0625720294	-0.0184721639	-0.0417868564	0.0487118681	-0.0524345434	-0.0082748994	-0.0753826452	-0.1016131159	0.0396293992	0.0319768467	0.0437472487	0.010881003	0.0728769331	-0.0874771981	0.0156762627	0.1073554936	-0.0810625247	0.0522732506	-0.0451158895	0.0082299384	-0.0295633617	-0.0147434281	-0.031690032	-0.0955874482	0.0876150011	-0.0748164435	0.0	0.0	0.0	-0.0744383721129366	-0.0238646108086867	0.00056951964905	0.005541071242824	0.6259752445106272	0.0263778434664629	0.3918450067401395	0.0006957906259412	1.5399611161259656	0.0277493140087017	0.0007700244279535	2.3714802391799297	-0.0042631612562599	-0.0009150521066961	1.817454389687549e-05	8.373203579689712e-07	0.009286138710294	0.0006660381130401	4.436067680220178e-07	8.623237214682071e-05	-0.0027892825717502	-0.0001291531539864	1.6680537184660495e-08	7.780097265069408e-06	0.0	0.0	0.0	0.0	0.0	0.0	0.0	0.0
562.5451080431179	-0.8788293691546869	0.772341060088825	316456.9985832432	738.7590053726292	1.334269685565232	545764.8680191564	1.7802755938183432	633.4227199858269	0.0604647205994979	0.0036559824371753	401224.3421942433	647.3869384867237	445.93657489030255	0.615731	18.803524	0.1608346254743741	0.0776680171291371	-0.0496264126	0.0436572657	0.027312426	-0.0746196695	0.0057534727	-0.0574933704	-0.0128873922	-0.0718428166	0.077210736	0.0637441648	-0.0025828139	0.0317711788	0.0218788646	-0.0456004816	-0.0784094022	-0.0096736162	0.0977170986	0.0748648216	0.0240538732	-0.0997746737	0.0114382135	-0.0539490753	-0.010845062	0.0181181949	-0.0224510256	-0.0715390676	0.0343224246	0.019387846	0.0167063341	0.1144919654	-0.053339284	-0.0476462985	-0.0541973143	-0.0065758519	-0.090424405	-0.0805160849	-0.0369917007	0.0251027606	0.0225704142	0.0159045124	-0.0933250148	-0.1092379179	0.0821963427	0.0202896291	0.0386999129	-0.0172431517	0.1370421424	0.0458829378	-0.0911021579	0.0410558218	0.060303165	0.0437210989	-0.0387258509	0.0255256645	-0.0195147792	-0.0131330246	-0.0826131732	0.0617328759	0.0167795676	0.018021944	0.0186691282	-0.0751139035	-0.0760432605	0.0139373515	-0.0468186263	-0.0911697807	0.0137943925	0.1023076476	-0.001440696	0.0434090311	0.1223284182	0.1249104679	0.0929941699	0.020500925	-0.1565956875	-0.04034091	-0.0387110155	-0.0411334902	-0.0127328358	0.0095718494	-0.003437078	-0.0796420825	-0.0190266598	0.0016998866	0.0119976346	-0.0252185494	-0.0510187905	0.0404412381	0.0036722492	0.0997143125	0.0015109443	0.091271893	-0.0217325816	-0.0126347739	-0.0647111867	-0.0078989459	0.0839681856	-0.022805919	0.0483876808	-0.0057150588	-0.0129969691	0.0208246214	0.0254408208	0.0126556576	0.0679721613	0.00136556	-0.0459956325	-0.0096568643	-0.0163810859	-0.0662865936	0.08530759	-0.0316055016	0.0021812683	0.1171880348	0.0867667704	0.0237427608	0.0661166455	-0.1252552981	-0.0515953355	-0.0483559514	-0.0238671405	0.0714133521	0.0300417522	-0.0745532677	0.0112860898	0.0724676419	0.0503566382	-0.0959241289	0.0889269395	-0.0776405624	0.0	0.0	0.0	-0.0448614825985771	0.0295768895143594	0.0008747923933446	0.0020125526209424	0.5875680866718795	-0.0384071578387477	0.3452362564752533	0.0014751097732504	1.4884354547132688	-0.0515256614126968	0.0026548937840158	2.215440102847495	-0.0039350777673689	0.000328083488891	1.5484837035241005e-05	1.0763877568289123e-07	0.0090241941025572	-0.0002619446077368	6.861497752238612e-08	8.143607920062815e-05	-0.0025528123342066	0.0002364702375435	5.591817324392648e-08	6.51685081367735e-06	0.0	0.0	0.0	0.0	0.0	0.0	0.0	0.0
563.2420085085422	0.6969004654242781	0.4856702587085754	317241.5601487367	735.3248815956356	-3.434123776993601	540702.6814936355	11.7932061157128	633.5260196652033	0.1032996793763914	0.0106708237592652	401355.21759283554	647.7276664674613	446.14774761199953	0.59934	18.30299	0.1795245694296415	0.0873330739799338	-0.0494625547	0.0362902111	0.0424035194	-0.0112404583	0.0448239034	-0.0335345386	0.0377809608	-0.0966700975	0.0302556333	0.0549305066	0.0074042736	0.0502670166	0.0478149511	-0.0257245885	-0.0738684048	-0.0365461563	-0.0207917962	-0.0123453224	0.0290141754	-0.0455575326	-0.0360220387	-0.0474300328	-0.110949369	0.0343581499	-0.0124762715	0.0214579503	-0.0009360334	-0.010766849	0.0282379049	0.1180123902	0.0586661934	0.0324698208	-0.0682205715	0.0192060689	-0.1355850078	-0.1199218166	-0.0471942395	-0.0002711419	0.0174357103	-0.0033153586	0.0254641785	0.0638232335	0.0258582846	0.1052365193	0.0172224912	-0.0693050775	-0.0771123794	0.0343166623	0.0011241702	-0.0167685667	-0.0523876489	-0.021134686	0.0098472298	-0.0266090199	-0.0403575077	0.021800415	0.0717173903	-0.0038222772	0.0151650484	0.0316694376	-0.0100307605	-0.0532100478	-0.0232980521	0.0028685478	-0.0928319496	-0.0381637496	-0.0390014549	0.0835959945	-0.0188777208	-0.0051544877	0.0658937298	0.0070951455	0.0162351274	-0.0015646843	-0.0847601623	0.1194729633	-0.0505413732	-0.0699544707	0.0283211385	-0.0521581393	-0.0748048347	0.0267315058	-0.0165072191	0.047854745	0.0598949304	-0.0160063127	-0.1175759039	-0.0107822197	0.0042332245	-0.0657443402	-0.0563206877	0.048626476	-0.0309864351	-0.0300409251	0.0644860572	-0.0452741174	0.0427479559	-0.0170192495	0.014296757	-0.0987318958	-0.0814899996	0.0893343039	0.0001381015	0.0186632557	0.0678286336	-0.0125684776	-0.0346551846	0.0246160559	-0.0153103612	-0.0773777853	-0.0663689252	-0.0156196415	-0.0450806307	0.0807401798	0.0039599892	0.0464517615	0.0254989049	-0.1132307413	-0.0158138807	0.0305268118	-0.0397768514	0.1177231764	0.0214734959	-0.085169913	0.0335884193	-0.0186656344	-0.0156283703	-0.0962387154	0.0901569523	-0.0803037594	0.0	0.0	0.0	-0.0814924625265689	-0.0366309799279918	0.0013418286904849	0.0066410214486442	0.6370533717254574	0.0494852850535778	0.4058369984267738	0.0024487934368338	1.5345098956682506	0.0460744409549818	0.0021228541093141	2.354720619903785	-0.0039942335412374	-5.91557738685005e-05	1.595390158194586e-05	3.4994055819811672e-09	0.0084939623533548	-0.0005302317492024	2.8114570786223744e-07	7.21473964602086e-05	-0.0029101020809975	-0.0003572897467908	1.2765596316190525e-07	8.46869412182598e-06	0.0	0.0	0.0	0.0	0.0	0.0	0.0	0.0
563.1960113374092	-0.0459971711329671	0.0021157397522354	317189.7471863672	733.8342453578733	-1.49063623776226	538512.6996599594	2.221996393330025	633.6762165440922	0.1501968788888916	0.0225591024279643	401545.5474136352	647.8420698396638	443.6039286240288	0.62278	19.018791	0.1772818637515806	0.0882007581872839	-0.0438768911	0.0385106726	0.0388669046	0.0363635612	0.0700903543	0.0736644478	0.084978308	-0.0781998176	0.0474291395	-0.0059546231	0.024683512	0.0642242855	0.0418591774	0.0108082034	-0.0202811287	-0.0926041157	0.0589622057	0.0995731886	-0.1110986292	-0.0401094502	-0.0615420951	0.0220115648	-0.0596929295	0.0583591544	0.0239557563	0.0356099718	-0.0247562487	-0.0437072823	0.1447350444	-0.0052400406	-0.033228363	-0.0121327606	0.0694398153	-0.0972804173	-0.0294060313	0.0202139316	-0.0388809655	-0.0124599741	-0.0304468407	0.0511054799	-0.05600581	0.0782583449	0.0777563715	0.0780573084	0.0455792228	-0.0393033853	0.0607050761	0.0656213041	0.0003168087	0.0209603903	-0.0589106009	-0.0401366848	0.0993853513	-0.0346954429	-0.0479299477	-0.0157007144	0.0968815048	-0.1200867564	0.0249277193	0.0696405151	-0.005817824	-0.0371332979	0.0558203373	-0.0360607786	-0.1023324972	-0.0720461321	0.0579721769	0.0028748475	0.0631287553	-0.0160453752	0.0847241776	-0.0266675569	-0.044760806	0.0147004488	-0.1100189326	-0.023559753	0.0698306957	0.0388302218	-0.0897958176	-0.0165312062	0.0904962403	-0.0346670958	-0.0922236202	0.0202758311	0.0497414406	0.0325200683	0.0002144517	0.0216546808	-0.0047678454	0.003302637	-0.0895442936	-0.0358174348	0.0747683441	0.0009620173	-0.009031147	0.0175534002	-0.0189235647	-0.0260214338	0.0172029345	0.0307273643	-0.0272447669	-0.018013994	-0.0202761123	0.0079180154	0.0615040772	-0.0184902198	-0.0272818701	0.02262748	0.0338170385	-0.0507574098	0.0080751061	-0.0132680372	0.108302671	0.0665158839	0.0387212434	0.0118526441	0.0716665917	-0.0398873322	-0.0175583179	-0.0184916062	0.0750163305	-0.0157257757	0.0818929448	0.0484302186	0.0212147266	0.009563225	0.0954432039	-0.0965311352	0.0913039066	-0.0828005146	0.0	0.0	0.0	-0.0594433842913133	0.0220490782352556	0.0004861618510244	0.0035335159360047	0.5803726455296072	-0.0566807261958501	0.3368324076790351	0.0032127047220889	1.5739244178800504	0.0394145222117998	0.0015535045611844	2.4772380731990555	-0.0041778477658583	-0.0001836142246208	1.7454411954687186e-05	3.3714183483134135e-08	0.009486260452076	0.0009922980987212	9.84655516725709e-07	8.998913736462115e-05	-0.0029032636621661	6.838418831400014e-06	4.6763972113646326e-11	8.428939892054114e-06	0.0	0.0	0.0	0.0	0.0	0.0	0.0	0.0
564.0935089747109	0.8974976373016261	0.8055020089620012	318201.4868674022	734.7228880588364	0.8886427009630324	539817.7222375174	0.7896858499748735	633.0118442771709	-0.6643722669213048	0.4413905090541534	400703.9949951852	647.9464047651047	444.51382456240447	0.618161	18.877739	0.1435676937189039	0.0709737774095983	-0.0496406736	0.0415255972	0.0304426788	0.0128065674	0.0586657072	0.0136478803	0.0570476506	-0.0132068133	0.0945847042	-0.1105601241	0.0011214391	0.0235128696	-0.0650500326	0.0696724074	0.1277812818	-0.0760955016	0.0626388047	0.1326698468	0.011098504	0.0753103211	-0.0742588067	-0.0504164407	-0.0059596622	0.0023729154	-0.0920166953	0.0239636704	0.0199644097	-0.0446206782	0.0054678754	0.0064995689	0.091119774	-0.0102254114	-0.0350765412	-0.0223564104	0.085533422	-0.0442345827	0.0264939028	0.0176052682	-0.0973732806	-0.0253326559	-0.0882681286	-0.0644345918	-0.0102276948	0.0510238953	-0.039169863	-0.2145158405	-0.051475931	-0.0103092473	0.1021741202	0.0133810203	-0.0444733256	0.0506704541	0.0031565728	-0.0255962732	0.039263926	0.015112204	0.0453450372	-0.062758719	0.0212749735	0.066702261	0.0174499742	0.0707465893	0.0971883197	0.0591519383	0.0237459054	-0.0329591663	0.0091095468	-0.0039477884	0.1205454212	0.0370206864	0.0181875284	-0.1099737641	0.0771854288	-0.026257051	0.0798082	0.0276199284	-0.0274774261	-0.0102086365	0.0083103641	-0.0310073438	0.0246804589	-0.0741312108	-0.0531983716	-0.1398650085	-0.0464530747	0.0347371434	-0.0198955015	0.0323137441	0.0127931122	-0.0055143043	-0.0739114622	0.0999381474	0.0385661442	-0.0446776026	-0.0238600564	-0.0294167772	-0.0419305378	0.059386221	-0.0555103472	-0.0526727156	-0.1000244203	-0.0144304568	0.030283881	0.0173020711	0.0596035836	-0.0116126929	-0.0262806679	0.0414520252	0.0582837306	0.0182124166	-0.0040517863	0.0770584581	-0.0143836625	0.0894000171	-0.0265697615	0.0585450625	-0.0349311151	-0.0502209726	0.0068441985	0.0311936867	-0.0191187859	0.0407895059	-0.0139760443	0.0037042776	-0.0638637028	0.0625097993	0.0574126797	-0.096801321	0.0923667455	-0.0851256531	0.0	0.0	0.0	-0.057765711781343	0.0016776725099703	2.814585050710047e-06	0.0033368774576051	0.6358452168788347	0.0554725713492274	0.4042991398276923	0.0030772061720951	1.5426463503473542	-0.0312780675326962	0.0009783175085799	2.379757762240012	-0.0046073029200491	-0.0004294551541908	2.1227240197092964e-05	1.844317294610441e-07	0.0091281487581351	-0.0003581116939408	1.2824398533722014e-07	8.332309975064338e-05	-0.0025880428637576	0.0003152207984084	9.936415174929197e-08	6.69796586464664e-06	0.0	0.0	0.0	0.0	0.0	0.0	0.0	0.0
564.4127456735825	0.3192366988716912	0.1019120699064948	318561.7474787921	735.4883903167532	0.7655022579168644	540943.1722907288	0.5859937068758176	633.3556639004597	0.3438196232888231	0.1182119333584682	401139.3969947921	648.0182700035442	448.4558611672858	0.609084	18.600533	0.0952117670263348	0.0551797038681904	-0.0401827206	0.0379547069	0.0119558928	0.032732653	0.0391880321	0.0570853006	-0.0051531145	-0.0257831913	0.0266446764	-0.1328110013	0.000846021	0.0387970816	-0.0639130614	-0.0350977861	0.0294522559	0.0105660576	0.0557604922	0.0523691147	-0.019761129	-0.0247244219	0.0056105129	-0.0125219355	0.0378752175	-0.0219252355	-0.0706148558	-0.0025170771	0.0449449404	-0.0623226314	0.0916813425	-0.0082915637	0.0037817758	0.1091773637	-0.0394803012	-0.0473219569	0.0307663595	-0.074522518	0.0074598204	0.0649118818	0.0575003708	-0.0552716512	0.0362674595	-0.024496356	-0.0253176144	-0.1243943763	-0.0202166711	-0.0614685803	-0.0938723161	0.0417122727	-0.0462483443	-0.0270203598	-0.0218118354	0.0059586378	0.027404849	-0.0420223101	-0.0393243785	-0.042846043	0.022197875	-0.1665313072	0.0121998012	0.0639406867	-0.0255273492	0.1075094243	0.0032384378	0.041578055	0.0223701879	0.0035933284	0.0664312505	-0.0324722672	0.1151790888	0.0251956183	-0.0248736234	-0.0853598457	0.0467697073	-0.0032075124	-0.0133408558	0.0390383842	0.021507463	-0.0967862183	0.0025053277	0.0264288407	-0.0386781645	-0.0067408444	0.0197825268	-0.110058171	-0.1125044727	0.0361764416	-0.0714800475	-0.0979475312	-0.0136501401	-0.0103177069	0.0184725114	-0.038292264	0.0981036829	-0.0164308247	-0.0104097001	0.075522255	0.0268068493	0.0698399404	0.0294578279	0.0154423614	-0.0201495158	0.0681619528	-0.0280844834	0.0147870604	0.0583349702	-0.0168750951	-0.0139132341	0.0650679265	0.0544169876	0.1016256839	-0.0650881289	0.0039576328	0.1122283238	0.0351415944	0.021695987	0.0043302273	-0.0952822264	-0.024275432	-0.0622105273	0.0459507565	0.0165006363	-0.0417506381	-0.0309389047	0.0482933686	0.0554923627	0.0455022638	-0.0351514021	-0.0970492106	0.0933444899	-0.0872743556	0.0	0.0	0.0	-0.0557792692270169	0.0019864425543261	3.945954021637616e-06	0.0031113268755	0.6168051354711963	-0.0190400814076383	0.3804485751436408	0.0003625247000094	1.5937803610622296	0.0511340107148754	0.0026146870517889	2.540135839307651	-0.0045644681347517	4.28347852974003e-05	2.0834369353163665e-05	1.8348188314743806e-09	0.0094303474359007	0.0003021986777655	9.13240408432763e-08	8.89314527617989e-05	-0.0024720516798307	0.0001159911839269	1.345395474876403e-08	6.111039507753785e-06	0.0	0.0	0.0	0.0	0.0	0.0	0.0	0.0
563.9270611580487	-0.485684515533876	0.2358894486293759	318013.7303063536	733.9603627522787	-1.5280275644745416	538697.8140914565	2.3348682377939998	633.3321970711767	-0.0234668292830519	0.0005506920765999	401109.6718470037	647.5290546819452	449.1408635408982	0.65181	19.905342	0.177946330192829	0.0969501258754767	-0.0506153275	0.0385062554	0.0457462165	0.0138669803	0.0446420797	-0.0184261373	-0.019512119	-0.0359630559	0.0491062556	-0.0794880305	0.0030747325	0.0388653804	-0.0990593492	-0.0214164791	-0.0372515966	0.002161918	0.0848294312	0.062787539	0.0304380083	0.008395841	-0.0237110655	0.0189244461	0.0681889895	-0.0073353797	0.0259095604	-0.0324066826	-0.0037655722	0.0226018098	-0.047983541	0.0657610694	-0.0740622747	0.0046402637	-0.0612315243	-0.0841354211	0.1226659212	-0.1424845904	0.0542343459	0.0603043828	0.0194133984	0.1055259508	-0.0228397228	-0.0846967252	0.0133853411	0.0292771991	-7.48575e-05	-0.0455297658	-0.0217873846	-0.0322545782	-0.1027148699	0.0698034086	0.0402155227	-0.0818757798	-0.0390651796	0.0447845632	0.0083079358	-0.0507767559	-0.0933812894	0.0439681468	0.0255081296	0.0395636819	0.0005117911	0.0636374874	-0.0446295149	0.0328959948	0.054849842	-0.0161761319	0.1069596775	0.0176481865	0.0191613394	0.0618499567	-0.0046688196	0.0117875757	0.02367195	-0.0028374266	0.0336351796	-0.0159961794	-0.0078879319	0.0199967306	-0.0488593463	0.0152694259	0.0521430776	-0.0832205994	0.1099990364	-0.1070035013	-0.0791756312	-0.0291107224	-0.0398335726	0.0276147787	-0.0330000581	0.0349594098	0.0125778065	0.0837299834	-0.1005084669	-0.0594231631	-0.1266510865	-0.0153739712	-0.012488948	-0.0415364641	-0.0606879968	0.0357521659	-0.1270161546	-0.000989989	-0.0994078775	0.0179435323	0.0564959511	0.0039169131	-0.0158478995	0.0229446762	-0.0166404132	0.1122061663	0.1000819006	-0.0633992121	-0.0579139993	0.0658587934	-0.0296229252	-0.016502968	0.0831967224	0.018270566	-0.0604824028	0.1107006848	0.0334484922	0.0090716504	0.0021692569	-0.0394086405	0.005040536	0.0903505457	0.1455819442	-0.0972747467	0.0942362391	-0.0892421688	0.0	0.0	0.0	-0.0217603544442681	0.0340189147827487	0.0011572865629959	0.0004735130255401	0.6094632536837707	-0.0073418817874255	0.3714454575908082	5.39032281805312e-05	1.514833879792235	-0.0789464812699947	0.0062325469049136	2.2947216833663955	-0.0041080359086006	0.0004564322261511	1.6875959026351954e-05	2.08330377069249e-07	0.0088080856280163	-0.0006222618078843	3.8720975755156075e-07	7.758237243046732e-05	-0.002397964666813	7.408701301769979e-05	5.488885497884818e-09	5.750234543283583e-06	0.0	0.0	0.0	0.0	0.0	0.0	0.0	0.0
564.9065548658579	0.9794937078091834	0.959407923637782	319119.41573041247	736.1727909591963	2.2124282069175933	541950.3781486525	4.894838570764597	634.3849724423569	1.052775371180246	1.1083359821637049	402444.29326068994	648.7582138349425	449.8762317802595	0.614104	18.753855	0.2044175575884049	0.1187381815200376	-0.0430025547	0.0337811809	0.0328487944	-0.0240722208	0.0223333919	0.0166228379	-0.01863466	-0.0973782406	0.0234644018	-0.027063446	0.0363027654	0.0484531307	-0.0640850328	-0.0363106141	-0.0319450754	0.0041567638	0.0594241488	-0.0670578428	0.0216421984	0.0142556207	0.0107758791	-0.0604492609	-0.0429445751	-0.0198751929	0.0604167932	0.0397550386	0.0050269382	0.1392310756	-0.0509341853	0.0059804185	-0.049066411	-0.0430134755	-0.0563152274	0.0097978965	0.0152334359	0.0460095446	0.0869424614	0.031248514	-0.0276723579	-0.0240837287	-0.0360224362	-0.0098578319	-0.0540913172	0.0789349997	-0.1258220513	-0.0644767383	0.0316558771	0.0732434323	-0.067340373	-0.0304177676	-0.0493182669	0.0592086092	-0.005324659	0.0276330648	-0.016517799	-0.0771663455	0.0928619755	-0.0468983898	0.0296556646	0.0450006101	-0.0406081797	0.02042959	-0.0534721967	0.0049562679	-0.0002767109	0.0273012209	0.0344808481	0.0693906374	-0.049872955	0.0852922032	0.0031587719	0.0039509138	-0.0106038113	0.0060156355	0.0426062766	-0.004922201	-0.0328859147	0.0629596838	0.0265617091	0.0665659012	-0.020984737	-0.0578940355	0.0418058188	0.0300193776	-0.0403246474	0.0725087307	-0.0425010346	-0.041817283	0.0401000908	-0.0056071321	0.0016821984	0.0227254752	-0.1173582999	0.0208389221	0.0250587091	-0.0730890966	-0.0026195132	0.0959047177	0.1004892325	0.0386338257	-0.0405862794	-0.0455138007	0.0538659406	0.0225014625	0.0506464942	-0.0097365974	0.006229365	0.0665538896	-0.0785018486	0.0036735725	-0.0631285738	-0.0990965805	0.0163803409	-0.0166703485	0.0005103888	0.0321681276	0.0706371323	-0.0461030612	0.0176188906	0.0421824887	-0.0871221162	0.0687579566	-0.1056077849	0.0062244287	-0.0155305489	0.07545317	-0.0089536716	-0.0974778776	0.0950411715	-0.0910250139	0.0	0.0	0.0	-0.0426066625639975	-0.0208463081197293	0.0004345685622226	0.0018153276948423	0.6694214141880934	0.0599581605043226	0.4481250297735869	0.0035949810110621	1.5681314812030678	0.0532976014108328	0.002840634316148	2.459036342340127	-0.0054402236582976	-0.001332187749697	2.959603345230092e-05	1.774724200442757e-06	0.008751165131112	-5.692049690430093e-05	3.2399429678325313e-09	7.65828911519905e-05	-0.0023807631623439	1.720150446909985e-05	2.958917560004621e-10	5.668033235173728e-06	0.0	0.0	0.0	0.0	0.0	0.0	0.0	0.0
563.7635073046589	-1.143047561198955	1.3065577271628788	317829.2921684502	734.9424828103504	-1.230308148845893	540140.4530394422	1.5136581411166077	633.6808683952399	-0.7041040471169708	0.4957625091664975	401551.4429701454	647.1948994288301	447.9022622336512	0.632539	19.316837	0.2709943841471696	0.1552810055464465	-0.0528363544	0.0332864882	0.0380753502	0.0132219596	0.0029849545	0.0102115852	-0.0024684915	-0.0557011726	0.0374393593	-0.0063450027	0.0153006604	0.0419215808	0.0133927157	0.0181062297	-0.0746162164	-0.000255822	-0.0192069853	-0.0239279038	-0.041480989	-0.028859146	0.0240304337	0.0105282356	-0.089817763	-0.0034202798	0.0412197881	0.0214857337	0.1503534664	0.0302865663	-0.0215303322	0.0113879913	-0.0088373454	-0.0424103967	0.0164329042	-0.0563711675	-0.0122656577	0.0654622625	0.0969736129	0.0459783355	-0.1489213181	-0.1056230728	-0.0485231634	-0.0167460333	0.0146814417	-0.1105684343	0.0431077919	0.0521794698	-0.0112040379	-0.0094096403	0.0700537563	-0.0103241156	-0.0145112496	0.0225967145	-0.0208112835	0.0949339224	-0.1008848791	0.0122475344	0.0146607994	0.0411676512	0.0278248253	0.0261015115	0.010760108	-0.0343878798	-0.0017383188	-0.0070404859	0.0142937101	-0.0407429583	0.0337815066	0.0798694824	-0.0790893044	-0.0371876426	-0.0435211877	0.0667136669	-0.0325976707	-0.0165274709	-0.0381237411	-0.0158227171	-0.0486986076	-0.0299449303	-0.0633589996	0.1062989223	-0.0059598733	0.0311874289	-0.0801176334	0.0604911228	-0.0029031046	-0.0106905419	0.0484597189	-0.05415495	0.1415161936	-0.097537412	0.0347475935	-0.0450052966	-0.0279968308	-0.0277756871	-0.0113372069	0.0297214797	0.0045817374	0.1043016401	0.0677560746	-0.0068068546	0.007860951	0.0603449079	0.0405041667	0.0178781273	0.0590372336	0.003879033	0.0071726453	-0.0045940828	-0.0340647276	-0.059862843	0.1376229361	0.025125016	0.0446628999	-0.1777189574	0.0753743077	-0.0413915278	0.0386926841	-0.0497256718	-0.0395809407	-0.113681316	-0.0305002671	0.0157474817	0.0364419099	-0.0336445207	-0.011274445	0.0358537365	-0.0462967406	-0.0976585564	0.0957585456	-0.0926191957	0.0	0.0	0.0	-0.0224373120380221	0.0201693505259753	0.0004068027006396	0.0005034329714915	0.5887468698626321	-0.0806745443254612	0.3466228767730471	0.0065083821021208	1.5339063170265348	-0.0342251641765329	0.0011713618629106	2.3528685894139083	-0.0032822130764572	0.0021580105818403	1.0772922679266635e-05	4.657009671335141e-06	0.0084870380707564	-0.0002641270603556	6.976310401209086e-08	7.20298152144685e-05	-0.0026771320225319	-0.0002963688601879	8.783450128913419e-08	7.167035866065741e-06	0.0	0.0	0.0	0.0	0.0	0.0	0.0	0.0
564.4680644648471	0.7045571601881875	0.4964007919724433	318624.1958006908	735.9242275885816	0.9817447782312456	541584.4687518505	0.9638228095843177	633.7387804959727	0.0579121007327785	0.0033538114112834	401624.8419045227	647.8937064624918	450.57532580417137	0.630458	19.253269	0.1785471245405092	0.1057580748256509	-0.0526332607	0.0364207974	0.0615662715	-0.0179121311	0.0208249512	-0.0091908269	0.087594634	-0.0197349262	0.0463453103	0.0082513659	0.0226787325	0.0287606096	0.0149856289	0.0586533619	-0.0141006889	-0.0081164023	-0.0381312525	-0.0529730054	0.0129919554	-0.0785357388	0.057853893	-0.0449014248	-0.0313011074	-0.1069923595	0.0239296254	-0.0630151289	0.0570265795	-0.002163435	0.0069134578	-0.0200281826	0.01246079	-0.0243340317	0.0001402208	0.0799755216	0.0128685788	-0.0688355183	-0.0579538465	-0.0099342987	-0.0322232962	-0.0682420505	-0.0961451951	-0.027197004	0.0062975996	-0.073369926	-0.021347792	0.0109350262	-0.0185214951	-0.0188608469	-0.0933629406	0.0057045794	-0.0023828767	0.0270727716	-0.134250194	0.0700610366	0.0210477349	-0.0098485145	0.0956994471	0.125426799	0.0313680944	0.0294851702	0.0426711118	-0.0573913899	0.0370296496	0.0201737855	-0.0039326784	-0.0024175529	-0.080369551	0.0217979274	-0.0359294703	-0.0435026331	0.0333026748	-0.0910758844	-0.0170634809	-0.054088316	-0.0820278407	-0.0791459007	-0.0505215418	-0.0029268321	-0.0337536346	-0.0463838062	-0.061193538	-0.0486868702	0.0102509132	-0.0228817433	0.0655075378	0.0942404444	0.0400449053	0.052206407	-0.0265160312	-0.0217457808	0.1144257341	-0.005677755	-0.0197881692	-0.0608019507	-0.0354188066	-0.0245295163	0.0520829147	-0.0357938495	-0.0509185524	0.0140344463	-0.0157030467	0.0457452076	0.0178184081	0.0230070586	0.0599945734	0.0035786544	0.009795406	0.0371100297	0.0188722202	-0.0681096965	0.0628087587	0.1158263693	-0.1039135875	-0.2088379547	-0.0088782939	-0.0117219434	0.0241956207	0.0934905535	0.0203002368	-0.090981625	0.055830027	0.0895581053	0.0302680589	0.018772402	0.0142535719	0.077195297	0.0628809458	-0.0978167415	0.0963877005	-0.0940214101	0.0	0.0	0.0	-0.0302135541503218	-0.0077762421122997	6.04699413891033e-05	0.0009128588543944	0.6600690294525293	0.0713221595898971	0.435691123642404	0.0050868504485667	1.5237067176522174	-0.0101995993743173	0.0001040318273965	2.321682161418494	-0.0046582236977325	-0.0013760106212752	2.1699048018116644e-05	1.8934052298624368e-06	0.0085350546682851	4.801659752869981e-05	2.305593638233141e-09	7.284715819061527e-05	-0.002316176772056	0.0003609552504759	1.3028869284611974e-07	5.364674839411752e-06	0.0	0.0	0.0	0.0	0.0	0.0	0.0	0.0
564.2480941529992	-0.2199703118478737	0.0483869380944508	318375.91175529186	734.1102654798975	-1.813962108684109	538917.8818829656	3.2904585317416988	633.9877412239007	0.2489607279279653	0.0619814440504223	401940.4560221837	648.3216742241423	446.74985246451007	0.624736	19.07855	0.2005324696391926	0.1052983891085231	-0.0419034677	0.0342447053	0.0344405914	0.0215543574	0.0232946313	0.0453881099	0.1031666914	0.0010792266	0.041120054	-0.1671563434	0.0161097518	0.0911128553	0.037683745	0.0338490464	0.0681541744	-0.0118983918	-0.062603222	-0.053290133	-0.0516800814	0.0373443046	-0.0919481568	-0.0207374401	0.0775400398	-0.0596787145	0.0451219396	-0.00501644	0.0055386517	-0.0302579483	0.1022366157	0.0085750064	-0.1165973442	0.0429392673	0.0241874668	0.0777276153	-0.1314699495	0.0406276033	0.0759258974	-0.0806109371	0.0899909149	-0.0107711189	-0.0253957937	0.0356881421	0.0872102332	-0.0149433695	0.0286542812	0.0339709342	-0.1618810483	-0.1475069245	0.1091903354	0.0893496616	0.0596225902	0.0561297281	-0.0340559794	0.009256912	0.0573887104	-0.0311063989	-0.0794316226	0.0925410725	0.0265198156	0.0713911271	-0.0028264756	-0.003907688	0.0895974483	0.0116567557	0.0052665948	0.0298334935	-0.0327813008	-0.0436916656	0.0190568172	-0.001806894	-0.0780969582	-0.0317814343	-0.0633192275	-0.0465327842	-0.0926551869	0.0007425087	0.0666138562	-0.0649971293	0.0091233615	0.0253319679	-0.119551937	0.0581868102	0.0289749123	0.0758075469	-0.0416581141	0.0826626047	-0.082469573	0.0466858087	0.0001490728	0.0317148615	-0.0312444441	-0.0689277005	0.0293787274	0.0052899128	0.0949821671	-0.0001790885	-0.1366835868	0.0759596053	0.0874598196	-0.0366012804	0.1209018048	-0.0028429427	-0.0464399678	0.0132614709	0.0570944274	-0.0139177711	0.0037438049	0.0788001499	0.047776002	0.0110589965	-0.0062099208	0.1233081352	0.1127922738	-0.252092353	0.0788698153	0.004424831	-0.0640626298	0.0308158919	0.0048244636	-0.0533767801	0.0156286013	0.0123227526	-0.0477958297	0.1344173072	0.048034063	0.0287759262	0.0186807089	-0.0979523964	0.0969280565	-0.0952287508	0.0	0.0	0.0	-0.0412262629562718	-0.0110127088059499	0.0001212797552446	0.0016996047573396	0.639349857604472	-0.0207191718480572	0.4087682404188587	0.0004292840820693	1.5984557983610728	0.0747490807088553	0.0055874250668189	2.5550609393141346	-0.0050801823039529	-0.0004219586062204	2.58082522413962e-05	1.7804906536346285e-07	0.0098893492377094	0.0013542945694243	1.8341137807721503e-06	9.779922834538349e-05	-0.0024209537619379	-0.0001047769898818	1.0978217608711771e-08	5.86101711744127e-06	0.0	0.0	0.0	0.0	0.0	0.0	0.0	0.0
564.3135450582116	0.0654509052124012	0.0042838209931227	318449.77713616623	734.6999213740511	0.5896558941535659	539783.9744670369	0.3476940735100413	633.9151670202745	-0.0725742036262317	0.0052670150319817	401848.43897834246	648.3744235530942	449.5963775178661	0.644056	19.668552	0.1783231420630943	0.0893738651042448	-0.0534060165	0.0349325354	0.0328943772	0.0279113408	0.0287333828	0.0103395323	0.0243198701	-0.0028836836	0.0339181757	-0.034625269	-0.0107033917	0.0271863915	-0.1296468032	0.0020174697	0.0593241205	-0.0528940157	-0.003006597	-0.0014073483	-0.0766002582	0.0955056566	0.0104200788	-0.0205465739	0.025084996	0.025338828	-0.0307063734	0.0295172176	-0.0285361632	-0.0054371225	0.0770383137	0.0742343139	-0.0591577541	-0.0982165867	0.0419865595	-0.0161672396	0.1429502636	-0.0180202374	0.0724773091	0.0527372293	0.0024612705	0.1089503204	0.1313755902	0.0808080377	0.0512420887	0.0323560389	-0.0884280234	0.000164934	0.0664135397	-0.0731357042	0.1332507142	-0.0665331993	0.0435318532	0.0613159492	0.0824512761	0.0544630068	-0.0439763846	0.088530069	-0.017993926	0.0406958263	0.0269766827	0.0550213668	-0.0014050338	0.0990837754	0.0062643959	0.0757331863	0.1047977274	0.0237143207	0.0683836492	0.0051734525	0.0410829955	-0.0205258988	0.0115457635	-0.1142363939	-0.0425002838	-0.0385990459	0.1013946563	-0.0542456056	0.0397471999	0.0059157616	-0.0919481887	0.0427730452	0.0214480427	-0.0346148791	-0.0797411926	0.0793602195	-0.0599064473	-0.0291124231	0.0015398998	0.0391212411	-0.041403866	0.0596058915	-0.0471015628	-0.1514270906	-0.1369816541	0.0245696318	-0.0333608078	-0.0167216297	-0.0392356553	0.0292900569	0.0860369476	-0.0843373913	-0.0184142802	0.0070444911	0.0622482699	0.0174730901	0.0506252206	-0.001693904	0.0249575587	0.0376855184	0.0210043242	0.1282369141	0.152040564	0.0960631072	-0.0308204737	-0.1667641017	-0.0242606007	-0.0502635492	-0.068453023	0.0604845543	-0.0503872808	-0.0676895719	0.0466765068	-0.0125895626	-0.0625118437	-0.0216855502	0.0678709197	0.1245383536	-0.0188651388	-0.0980654899	0.0973791159	-0.0962387154	0.0	0.0	0.0	-0.0177824036147029	0.0234438593415689	0.0005496145408272	0.0003162138783161	0.6060164619885455	-0.0333333956159265	0.3672559522011142	0.0011111152632878	1.5764143586713288	-0.0220414396897439	0.0004858250635966	2.485082230225137	-0.0045670410833339	0.000513141220619	2.085786425685968e-05	2.633139122983577e-07	0.0084520971682089	-0.0014372520695004	2.0656935112834675e-06	7.143794654084492e-05	-0.0023812581037403	3.9695658197599903e-05	1.5757452797406803e-09	5.670390156628849e-06	0.0	0.0	0.0	0.0	0.0	0.0	0.0	0.0
565.1393622416274	0.8258171834157793	0.6819740204247708	319382.49875487335	736.4000190878814	1.7000977138303597	542284.9881126322	2.8903322365712154	633.8423598567996	-0.072807163474863	0.0053008830532554	401756.1371488366	648.9277058727337	450.158754885715	0.653295	19.950684	0.1552950002869821	0.096055375658907	-0.0425968544	0.0312459571	0.0196973198	0.0313171494	0.0135605973	0.0136642547	-0.0298322608	-0.126230174	-0.026106753	0.0096128544	0.0127184745	0.0606332364	-0.0809167329	-0.0218200588	-0.0319993755	0.0059293792	-0.0562039986	-0.0797783684	-0.0135194854	0.0302448833	0.0451749595	0.0110812491	0.0417519052	-0.006394983	-0.0584986244	0.0513383786	-0.0526196151	0.0418809738	-0.1149945872	-0.0308929654	-0.0962661105	0.0481977864	0.124191837	-0.0012520632	0.0085121528	0.0957874825	0.0304784141	-0.0951976627	-0.0283290136	0.0383299789	0.0141753969	-0.1055550251	0.0189061002	0.0749118149	0.0567304959	0.0404892823	-0.0633119227	0.0338540582	-0.1250326846	-0.0230922001	-0.0147295799	0.1152232124	-0.0804016748	-0.0087527585	-0.0135740742	-0.0005733697	-0.1315214698	0.0167732288	0.0100828002	0.0841357897	-0.0357352366	0.0649165676	-0.0374939074	-0.0788534598	0.017583489	0.0573627842	0.0545260847	-0.0751981171	-0.1176649931	0.139809047	-0.00385949	-0.0486128535	-0.0674832759	0.0748350568	0.0505488244	-0.0237181156	-0.0182079545	0.0621964147	0.1165967501	-0.0162740576	-0.003369686	0.044976901	0.023495154	-0.0460822059	0.0475570823	0.0060163781	0.0952000135	-0.0052290127	0.0512230785	0.0105340374	-0.0400428725	-0.0609600593	-0.0900622009	0.0860763899	-0.0494378226	-0.0564947876	-0.0869163072	-0.0728343867	-0.064018544	-0.0578245272	0.0138004347	0.0154476348	0.0142147201	0.0217149589	0.0551649441	-0.0087898795	0.0285275157	0.0943201451	-0.0755295385	0.0412960825	-0.0330223772	-0.0246601709	-0.0130853618	-0.2422314568	-0.0515389389	-0.0475458868	0.0529678029	0.0317739083	0.0078006702	0.0163640352	-0.0214038922	0.0755763696	-0.144490034	0.0817539479	0.0366997672	0.0915993512	-0.0116014256	-0.0981559961	0.097740463	-0.0970492106	0.0	0.0	0.0	-0.0349472258952516	-0.0171648222805487	0.0002946311239228	0.0012213085977737	0.6863218466874486	0.080305384698903	0.4710376772404696	0.0064489548116388	1.5818704453917292	0.0054560867204003	2.9768882300528736e-05	2.502314106003828	-0.0054131119512091	-0.0008460708678752	2.9301780996322792e-05	7.15835913467095e-07	0.0085823218075844	0.0001302246393755	1.6958456700479136e-08	7.365624760893878e-05	-0.0024523367282322	-7.107862449190006e-05	5.052170859660535e-09	6.013955428636611e-06	0.0	0.0	0.0	0.0	0.0	0.0	0.0	0.0
564.6227988028573	-0.5165634387700493	0.2668377862739384	318798.90492797195	735.1656780122961	-1.2343410755853483	540468.574127279	1.5235978908771943	633.5142577584866	-0.3281020983130247	0.1076509869174097	401340.3147832861	647.5360835643772	447.6424904014753	0.62137	18.975744	0.166692169657914	0.094929077449026	-0.0470119438	0.0338047751	0.0290131051	0.0366610919	0.0120108773	0.0190816018	-0.0372578848	-0.0855890492	-0.0159069078	0.0503466731	0.0074062435	0.0302908735	-0.0141636912	0.0155023527	-0.0103036965	-0.0331137194	0.0205709628	0.0178605973	-0.0203709168	0.0029179136	0.0332760545	-0.0643147149	-0.0342505391	0.0473335115	-0.0285160007	-0.0187016188	-0.0261323442	0.0067258722	-0.0303701278	0.0198826819	0.0014965635	-0.0224569621	0.0318907801	-0.0358506929	0.0523170146	0.0997644398	0.0481616534	-0.0730409388	-0.0427063839	0.0889249933	-0.0038614136	-0.0105774735	-0.0081073897	0.042750793	-0.0150232753	0.0313627068	-0.0294605279	0.044349293	-0.0005302676	-0.0021033929	-0.0689751526	-0.0846162696	-0.0453018127	-0.0356678983	-0.0079627758	0.0687681085	-0.0371234604	0.0634357618	0.0219923537	0.0416183668	0.0018140156	0.0014701178	0.0078745999	-0.0441989657	-0.0127864219	-0.0356117826	0.0745667805	0.0125686516	-0.0620753367	0.0689974613	0.0502782909	-0.0046796037	0.0005317313	-0.0218903143	0.0035846074	0.0063851754	-0.0257633993	0.0177194146	0.0105627833	0.0463332646	0.1187338023	-0.033372131	-0.005486742	0.0035752937	0.0573192551	-0.0202333828	0.0772663042	0.057399458	0.0083478401	0.0037621728	-0.0272000812	-0.0304545702	0.0132973143	-0.0458014923	0.0090696897	-0.0003274127	-0.0723163275	0.0133365637	-0.0255342174	-0.0635581024	-0.0025814196	0.0166289759	-0.0482677201	0.0204299645	0.0541878412	-0.0020083875	0.0295903817	0.0223079435	-0.0602928812	-0.0679607897	0.1307531388	-0.012459402	0.0522445016	-0.0924854471	0.0584205455	0.0086007018	0.0331410289	-0.0620479227	-0.0163163038	-0.1359430335	-0.0306326619	-0.0481822648	-0.0346575584	-0.0402444629	0.0174562806	0.0710419404	-0.0650221534	-0.0982238939	0.0980117651	-0.0976585564	0.0	0.0	0.0	-0.0200141099409876	0.014933115954264	0.0002229979521034	0.0004005645967299	0.6115408572291585	-0.07478098945829	0.373982220060574	0.0055921963843608	1.570097629887954	-0.011772815503775	0.0001385991848859	2.465206567379771	-0.0045700175098658	0.0008430944413433	2.0885060040480004e-05	7.108082370239718e-07	0.0089570899841286	0.0003747681765441	1.404511861502637e-07	8.022946098377687e-05	-0.002366094371288	8.624235694420015e-05	7.437744131290828e-09	5.598402573840756e-06	0.0	0.0	0.0	0.0	0.0	0.0	0.0	0.0
565.423329006904	0.8005302040467086	0.6408486075910649	319703.5409852497	734.9674239728436	-0.1982540394525358	540177.1143012776	0.0393046641592476	633.9588257916206	0.4445680331340327	0.1976407360846624	401903.7927990903	648.114721655978	449.3557193170423	0.619134	18.907444	0.1639168668383891	0.0922125537780234	-0.0487266321	0.0344809056	0.0431975985	0.0277175832	0.0261758862	0.0215433392	0.0467869847	-0.0437020765	0.0370819782	0.0164174906	0.0160686823	0.0368077482	0.0350590806	0.0353864217	-0.0061576897	-0.0224581818	-0.1184681953	-0.0491191354	-0.0113729797	-0.0749899054	0.0320217261	-0.016727095	-0.0892012076	-0.0556861203	0.0329004392	0.0063035981	-0.0649881351	0.016081625	0.0218990617	0.0542340062	0.0627220514	0.022840926	0.0247920584	0.0589152985	0.0962815231	0.0225871025	0.0820481127	-0.0305063384	0.0119473116	0.0870745679	-0.004804216	-0.0169289472	-0.1398942222	-0.0087483811	0.0308109621	0.0431382233	-0.0491650784	-0.04523187	-0.0427366564	-0.0126912743	-0.0213424021	0.0748790288	0.0167451871	0.0188151949	0.0569047358	-0.1037579398	0.0284925192	-0.0276374672	0.0322202291	0.0446745914	0.015876876	-0.0296781867	0.0617448306	-0.0403760184	0.0102526852	-0.0074195243	-0.0287634245	0.0164800518	-0.0557182416	-0.0302276608	0.0318484011	-0.1650624914	-0.0935748277	-0.0331840588	-0.0173871134	0.0305850705	-0.0441173559	0.0242691997	-0.0656989847	-0.0641956938	0.0478102604	0.0174657399	0.0953257252	0.0342686212	0.0285901649	-0.003112184	0.0482630025	0.0298652868	-0.062774856	-0.0416880014	0.0134036744	-0.0629593675	-0.0555179067	0.082021401	0.0445303557	0.0055010205	0.0085634523	0.0792317436	-0.1048587713	0.0416554539	-0.0579370937	0.0015918889	0.0613065725	0.0213910063	0.0558806206	-0.0069555376	0.0269205014	0.0555841983	-0.003552932	-0.0693342602	0.0807401218	0.1245657797	-0.091339585	-0.2717293761	-0.0634381605	0.0004809527	-0.0294723733	0.0540204717	0.0310860159	-0.1552792882	0.0941332425	0.0617978896	-0.0227493055	-0.0416522177	0.0534337568	0.0462010488	0.0237247131	-0.0982691678	0.0981927721	-0.0980654899	0.0	0.0	0.0	-0.0350249919630556	-0.015010882022068	0.0002253265790804	0.0012267500620121	0.6889254296151535	0.0773845723859949	0.4746182475704237	0.0059883720433632	1.5622423764365578	-0.0078552534513962	6.170500678567286e-05	2.4406012427341435	-0.0051844394066271	-0.0006144218967613	2.687841196098796e-05	3.775142672197538e-07	0.0083659707058509	-0.0005911192782776	3.494220011515476e-07	6.998946585115542e-05	-0.0024338763758276	-6.77820045396002e-05	4.594400139406383e-09	5.923754212811693e-06	0.0	0.0	0.0	0.0	0.0	0.0	0.0	0.0
566.016900138802	0.5935711318979884	0.3523266886226591	320375.13124273863	735.1283779024328	0.1609539295892545	540413.7319974621	0.0259061674502227	634.1154852132881	0.1566594216675412	0.0245421743972084	402102.44858728384	648.3920708591745	449.4792256438214	0.619384	18.915104	0.1531363457395964	0.0667276897327176	-0.0501838635	0.030685062	0.0211844019	0.0539774411	0.032164906	0.0711937024	0.0683674143	-0.0303373768	0.0089464001	-0.1096993789	0.0288121197	0.0626195304	0.0236137169	0.0638231978	0.0713850686	-0.017335925	-0.1113675191	-0.0228380076	-0.1229738091	0.0751052235	-0.0498346972	-0.047375179	-0.0266065946	-0.0431865098	0.0446759086	-0.0346633111	0.0608280089	-0.052898724	-0.0295424243	-0.0075822503	-0.0978031494	-0.0282837836	0.1080468127	0.0696208239	-0.0115287083	-0.0223556185	-0.0086060771	-0.016951617	0.1183265746	0.044354066	-0.0073353212	0.0730874904	-0.0134994683	-0.0097125957	0.0547712319	0.0783073883	-0.0328558987	-0.0239114465	0.0409981441	0.0075884574	-0.0118700527	0.0146442266	-0.0139330304	0.0258395807	-0.0392351699	0.0130470419	-0.0680963491	0.0033538403	0.0222007391	0.0668014084	-0.0090410351	0.001791778	0.1177551385	-0.0419937268	0.0358151547	0.0354194053	-0.0061698909	-0.0636521742	0.0032917604	-0.0249075717	-0.0561063757	-0.1633978075	-0.1466861284	-0.0447517951	-0.0164825753	-0.0158482136	-0.0095639943	-0.037291922	0.028084619	0.0035384427	-0.0502152897	-0.0174651618	-0.0422429844	0.120364433	-0.0180927543	0.0044042623	-0.0504704635	-0.0103159612	-0.0224130447	0.0113801506	0.0227985021	-0.0143532518	0.0352246968	0.0133584687	-0.0542511992	0.0269585621	-0.0386369416	0.0557134255	0.0005529199	0.0452978325	0.0212440792	-0.0380411763	0.0033259265	0.0225187637	0.062574064	-0.0207266592	0.0312832288	0.0702255668	0.0288307438	-0.0344413308	0.0115490243	0.1238276242	0.0581987012	-0.2704438526	-0.0433916289	-0.0449262134	-0.0797623049	0.0383737373	0.0484271285	-0.0375593454	0.0742177892	0.0130538978	-0.0501111122	0.1397367106	0.0230792299	-0.0091086715	-0.0305137047	-0.0982918074	0.0982833173	-0.0982691678	0.0	0.0	0.0	-0.0545419279481222	-0.0195169359850666	0.0003809107902451	0.0029748219042981	0.674088597176592	-0.0148368324385614	0.4543954368435057	0.0002201315968099	1.6186347774130212	0.0563924009764633	0.0031801028878902	2.619978542650901	-0.0046163586212471	0.00056808078538	2.1310766919962423e-05	3.227157787179577e-07	0.0088103398369154	0.0004443691310644	1.974639246430184e-07	7.762208804193848e-05	-0.0026692299861732	-0.0002353536103455	5.5391321902708425e-08	7.124788719086181e-06	0.0	0.0	0.0	0.0	0.0	0.0	0.0	0.0
