#!ascii label  , from subject sub-v1s12x0050113_ses-1 vox2ras=TkReg
2577
33604  -13.243  -46.787  48.896 0.6250000000
33580  -13.745  -46.206  50.332 0.6250000000
33592  -13.754  -46.315  49.551 0.6250000000
33581  -14.281  -45.941  50.094 0.5000000000
33605  -13.833  -46.376  48.755 0.6250000000
33606  -14.336  -45.977  48.597 0.6250000000
33593  -14.292  -45.957  49.317 0.5000000000
34555  -14.697  -45.565  50.535 0.5000000000
33616  -14.073  -46.430  47.887 0.6250000000
34574  -14.744  -45.480  48.907 0.6250000000
34565  -14.699  -45.515  49.772 0.5000000000
33630  -14.029  -46.726  46.923 0.5000000000
35501  -15.728  -44.446  49.991 0.5000000000
34566  -15.156  -45.076  50.255 0.5000000000
34585  -15.333  -44.850  48.339 0.5000000000
34575  -15.210  -44.971  49.381 0.5000000000
35510  -15.883  -44.320  49.060 0.5000000000
35511  -16.762  -43.508  48.803 0.6250000000
35503  -17.166  -43.255  49.685 0.5000000000
36436  -17.928  -42.965  50.203 0.1250000000
110051  -17.841  -42.795  49.151 0.3750000000
114276  -17.483  -42.987  48.223 0.6250000000
36427  -18.821  -42.837  50.827 0.1250000000
36447  -18.322  -42.520  48.229 0.5000000000
36437  -18.770  -42.569  49.897 0.2500000000
36458  -18.735  -42.282  47.311 0.6250000000
37341  -18.628  -42.631  46.087 0.6250000000
51367  -35.895  -25.764  50.887 0.3750000000
51372  -35.244  -26.086  50.657 0.3750000000
51373  -36.009  -25.622  50.389 0.3750000000
52145  -36.611  -25.455  50.483 0.3750000000
36448  -19.304  -42.073  48.418 0.3750000000
126665  -18.788  -42.434  49.042 0.2500000000
51382  -35.642  -25.661  49.925 0.3750000000
52154  -36.595  -25.468  49.788 0.3750000000
37327  -19.479  -41.803  47.567 0.6250000000
52161  -33.926  -25.895  48.516 0.7500000000
51387  -34.355  -26.066  49.225 0.5000000000
52153  -35.145  -25.575  49.262 0.5000000000
108096  -36.058  -25.449  49.124 0.5000000000
52155  -37.295  -25.305  49.375 0.5000000000
53103  -38.774  -24.717  48.757 0.3750000000
116486  -19.301  -41.891  46.852 0.7500000000
52162  -34.682  -25.589  48.655 0.7500000000
52163  -35.443  -25.403  48.308 0.7500000000
109460  -36.897  -25.431  48.937 0.6250000000
52166  -38.326  -25.227  48.402 0.5000000000
52167  -38.918  -25.087  48.033 0.3750000000
52180  -39.478  -25.391  47.343 0.3750000000
38139  -19.688  -41.517  46.155 0.7500000000
52174  -33.537  -25.731  47.502 0.8750000000
109048  -34.508  -25.455  47.908 0.8750000000
52175  -35.134  -25.375  47.334 0.8750000000
52176  -36.044  -25.529  47.486 0.7500000000
52177  -36.959  -25.883  47.454 0.7500000000
107297  -37.296  -25.608  48.109 0.5000000000
51394  -38.404  -26.149  47.135 0.5000000000
51395  -39.049  -26.078  46.942 0.3750000000
129764  -39.904  -25.571  46.785 0.3750000000
52181  -40.157  -25.101  47.094 0.3750000000
123119  -34.333  -25.342  47.087 0.8750000000
108368  -35.672  -25.563  46.777 0.7500000000
51403  -36.557  -26.058  46.598 0.7500000000
51393  -37.748  -26.103  47.332 0.5000000000
51404  -38.074  -26.573  46.556 0.6250000000
51406  -39.179  -26.350  46.360 0.5000000000
51396  -39.557  -25.937  46.643 0.3750000000
51414  -34.641  -25.732  44.996 1.0000000000
50605  -37.363  -26.728  45.939 0.8750000000
50607  -38.286  -26.686  46.121 0.6250000000
50608  -38.731  -26.636  46.014 0.5000000000
51431  -34.427  -26.237  44.269 1.0000000000
50620  -36.277  -26.830  44.742 1.0000000000
49756  -37.203  -27.029  44.494 0.7500000000
49757  -37.701  -26.906  44.897 0.7500000000
50622  -38.191  -26.796  45.597 0.6250000000
50623  -38.710  -26.790  45.411 0.5000000000
108913  -35.051  -27.067  43.879 1.0000000000
50635  -35.937  -27.287  44.060 1.0000000000
49772  -36.811  -27.452  43.801 0.7500000000
48898  -37.434  -27.788  43.402 0.6250000000
49758  -38.165  -27.009  44.801 0.6250000000
50634  -34.116  -26.661  43.680 1.0000000000
50645  -34.728  -27.450  43.310 1.0000000000
50646  -35.591  -27.651  43.512 1.0000000000
48907  -36.555  -27.876  43.180 0.8750000000
48908  -37.230  -28.318  42.911 0.7500000000
48906  -35.719  -28.376  42.453 1.0000000000
48922  -36.585  -28.680  42.058 0.8750000000
48066  -36.325  -29.168  41.524 0.8750000000
49781  -34.325  -27.835  42.759 1.0000000000
48920  -35.362  -28.613  41.676 1.0000000000
48934  -35.722  -29.183  41.289 0.8750000000
48080  -35.980  -29.734  41.044 0.8750000000
124462  -33.765  -28.339  41.527 1.0000000000
48933  -34.855  -29.057  41.038 1.0000000000
48079  -35.242  -29.669  40.733 1.0000000000
48093  -36.249  -30.390  39.942 1.0000000000
49801  -33.091  -27.921  40.882 1.0000000000
48943  -33.718  -29.431  40.167 1.0000000000
48944  -34.383  -29.576  40.447 1.0000000000
48103  -35.467  -30.607  39.320 1.0000000000
40637  -25.041  -39.437  36.969 0.1250000000
40656  -25.485  -38.980  36.635 0.1250000000
107005  -33.094  -29.608  39.556 1.0000000000
48101  -33.533  -30.290  38.944 1.0000000000
48117  -34.114  -30.873  38.178 1.0000000000
110775  -31.934  -29.275  38.617 1.0000000000
48100  -32.645  -29.880  38.644 1.0000000000
48129  -33.448  -30.646  37.458 1.0000000000
48130  -34.317  -31.134  37.201 1.0000000000
40640  -28.053  -39.722  36.982 0.1250000000
40641  -28.672  -39.466  36.981 0.1250000000
129231  -29.019  -39.637  37.487 0.1250000000
112840  -29.509  -39.177  37.082 0.1250000000
122616  -31.225  -29.067  37.669 1.0000000000
48977  -31.749  -29.665  37.121 1.0000000000
49002  -32.288  -29.853  35.105 1.0000000000
49012  -28.709  -29.379  34.769 0.8750000000
48987  -30.025  -28.670  36.261 1.0000000000
49001  -31.443  -29.249  35.031 1.0000000000
49015  -31.921  -29.750  34.192 1.0000000000
43266  -30.121  -37.075  34.288 0.3750000000
48162  -28.422  -29.979  34.259 0.8750000000
49014  -30.662  -29.164  34.374 0.8750000000
48189  -30.963  -30.293  33.005 0.8750000000
47386  -31.889  -31.516  32.511 0.8750000000
44114  -29.159  -35.494  33.727 0.6250000000
44964  -28.736  -34.531  33.840 0.6250000000
107144  -20.052  -41.607  48.197 0.5000000000
119404  -33.703  -27.703  50.132 0.5000000000
50585  -33.544  -27.462  49.649 0.5000000000
51380  -34.096  -26.727  49.642 0.5000000000
128648  -32.872  -27.951  49.371 0.5000000000
51386  -33.625  -26.652  49.137 0.5000000000
38140  -20.378  -41.178  46.767 0.7500000000
50593  -32.962  -27.369  49.014 0.6250000000
53111  -39.880  -24.721  47.584 0.3750000000
38147  -19.734  -41.473  45.600 0.8750000000
51392  -33.069  -26.485  48.426 0.6250000000
52193  -40.194  -25.373  46.580 0.3750000000
38930  -20.141  -41.158  45.256 0.8750000000
50599  -32.497  -27.361  48.239 0.6250000000
116616  -31.696  -27.948  47.093 0.7500000000
51400  -32.408  -26.717  46.861 0.8750000000
51401  -32.872  -25.982  46.651 0.8750000000
52192  -34.847  -25.324  46.401 0.8750000000
51407  -39.629  -26.198  46.234 0.3750000000
38937  -20.575  -40.702  44.778 0.8750000000
50604  -31.981  -27.174  46.645 0.8750000000
52191  -33.715  -25.408  46.310 0.8750000000
113648  -34.372  -25.339  45.708 1.0000000000
120839  -39.947  -26.147  45.880 0.2500000000
50609  -39.332  -26.539  45.827 0.3750000000
39708  -20.599  -40.316  43.372 0.7500000000
50618  -31.027  -27.552  45.896 0.8750000000
49755  -30.545  -27.388  45.183 0.8750000000
129080  -32.681  -25.789  45.578 1.0000000000
52220  -33.869  -25.671  44.669 1.0000000000
51417  -39.672  -26.545  45.241 0.3750000000
49759  -38.761  -27.047  44.680 0.3750000000
40568  -21.230  -39.122  42.287 0.7500000000
50633  -30.929  -26.589  44.703 0.8750000000
51429  -32.610  -25.766  44.504 1.0000000000
51430  -33.520  -25.858  44.166 1.0000000000
49774  -37.767  -27.345  44.078 0.6250000000
118420  -38.283  -27.472  43.949 0.5000000000
40582  -21.349  -38.938  41.157 0.5000000000
51441  -31.812  -26.041  44.127 1.0000000000
51442  -33.019  -26.050  43.541 1.0000000000
48909  -37.511  -28.120  42.964 0.5000000000
48899  -37.820  -27.776  43.508 0.5000000000
119666  -22.529  -38.308  39.618 0.6250000000
50655  -33.532  -27.327  42.466 1.0000000000
48068  -36.883  -29.151  41.896 0.7500000000
48057  -37.191  -28.468  42.407 0.6250000000
41514  -22.992  -38.051  38.959 0.6250000000
49790  -33.300  -27.593  41.795 1.0000000000
48094  -36.650  -29.790  40.647 1.0000000000
48082  -36.854  -29.295  41.390 0.8750000000
41523  -23.369  -38.318  38.082 0.5000000000
49800  -31.888  -27.042  40.787 1.0000000000
48105  -36.560  -29.930  39.504 1.0000000000
41537  -23.870  -38.667  37.518 0.3750000000
40655  -24.736  -38.404  36.982 0.5000000000
49809  -32.216  -28.062  40.072 1.0000000000
48942  -33.116  -28.904  40.214 1.0000000000
122194  -36.222  -30.627  37.783 1.0000000000
48104  -36.161  -30.557  39.083 1.0000000000
48952  -28.528  -29.131  39.242 1.0000000000
49818  -28.938  -28.407  39.199 1.0000000000
49832  -29.207  -28.424  38.454 1.0000000000
49833  -30.079  -28.267  38.652 1.0000000000
49821  -31.931  -28.572  39.520 1.0000000000
107900  -35.199  -31.247  36.950 1.0000000000
48131  -35.013  -31.185  37.762 1.0000000000
40657  -26.239  -39.117  36.514 0.1250000000
40639  -26.762  -39.794  36.848 0.1250000000
48964  -28.616  -28.847  38.579 1.0000000000
48965  -31.202  -28.811  38.263 1.0000000000
48953  -32.299  -29.182  39.178 1.0000000000
48142  -34.564  -31.201  36.347 1.0000000000
40659  -28.055  -39.195  36.568 0.1250000000
41558  -29.350  -38.194  35.775 0.1250000000
42415  -29.803  -37.635  34.935 0.1250000000
126573  -28.197  -29.247  37.832 1.0000000000
120717  -28.674  -28.782  37.235 1.0000000000
107868  -29.540  -28.584  37.134 1.0000000000
48167  -34.599  -31.042  34.458 0.8750000000
48151  -33.829  -30.807  35.058 1.0000000000
48986  -28.953  -28.735  36.456 1.0000000000
111879  -34.299  -30.960  33.617 0.8750000000
48191  -33.429  -30.894  32.904 0.7500000000
43264  -28.810  -36.148  34.250 0.6250000000
44956  -28.121  -34.683  34.619 0.7500000000
45825  -28.566  -33.513  33.958 0.6250000000
47342  -27.370  -31.162  34.972 0.7500000000
121680  -27.733  -30.090  35.069 0.7500000000
47374  -33.560  -31.537  31.949 0.7500000000
47387  -33.232  -32.505  31.988 0.7500000000
118021  -28.130  -33.916  34.341 0.7500000000
49729  -32.157  -28.555  48.561 0.6250000000
128563  -30.921  -30.679  47.754 0.6250000000
38148  -20.239  -41.093  46.066 0.8750000000
110334  -31.819  -28.967  48.012 0.6250000000
47263  -30.422  -31.563  46.294 0.7500000000
38931  -20.825  -40.677  45.751 0.8750000000
49728  -32.029  -28.192  47.974 0.6250000000
48871  -31.198  -29.488  47.424 0.7500000000
48037  -30.577  -30.881  46.507 0.7500000000
39697  -21.193  -40.191  45.059 0.8750000000
49744  -31.534  -28.742  47.328 0.7500000000
48870  -31.035  -29.210  46.822 0.7500000000
48036  -30.471  -30.478  45.940 0.7500000000
110910  -20.951  -40.180  44.161 0.7500000000
49743  -31.136  -28.444  46.496 0.8750000000
48882  -30.644  -29.435  46.024 0.7500000000
40549  -21.233  -39.456  43.391 0.7500000000
111687  -30.587  -28.363  45.612 0.8750000000
50637  -39.370  -26.885  44.566 0.3750000000
49780  -29.440  -27.969  43.924 0.8750000000
114639  -38.629  -27.567  43.370 0.3750000000
41454  -22.823  -37.872  41.847 0.7500000000
124619  -22.770  -37.941  40.915 0.7500000000
50641  -30.115  -27.102  44.414 1.0000000000
50642  -30.898  -26.371  43.821 1.0000000000
48083  -37.606  -28.564  41.792 0.3750000000
48925  -38.158  -28.051  42.475 0.3750000000
48910  -38.136  -27.972  43.115 0.3750000000
41477  -22.124  -38.267  41.156 0.7500000000
41502  -23.119  -37.857  40.077 0.7500000000
50652  -29.989  -26.777  43.458 1.0000000000
50643  -32.028  -26.037  43.188 1.0000000000
48069  -37.379  -28.604  42.097 0.3750000000
42326  -23.812  -37.622  39.344 0.6250000000
50664  -31.432  -26.576  41.777 1.0000000000
117344  -36.931  -29.220  40.371 1.0000000000
125769  -37.054  -29.363  41.113 0.8750000000
42354  -23.812  -37.690  38.414 0.6250000000
42355  -24.657  -37.439  38.028 0.6250000000
49807  -28.924  -28.131  40.087 1.0000000000
49808  -29.834  -27.437  40.213 1.0000000000
42366  -24.112  -37.913  37.624 0.5000000000
119663  -25.300  -37.590  37.507 0.6250000000
48145  -36.519  -30.631  37.141 1.0000000000
48119  -36.331  -30.263  38.443 1.0000000000
123447  -25.245  -37.840  37.046 0.5000000000
48951  -28.282  -29.660  38.780 1.0000000000
49819  -29.913  -27.912  39.373 1.0000000000
122862  -35.947  -31.169  36.818 1.0000000000
42385  -26.683  -38.111  36.836 0.5000000000
41555  -26.631  -38.654  36.544 0.3750000000
116374  -27.973  -30.433  38.151 1.0000000000
48143  -35.587  -31.199  36.137 1.0000000000
41556  -27.520  -38.497  36.582 0.2500000000
42387  -28.573  -37.733  36.020 0.2500000000
48127  -27.691  -29.992  37.221 1.0000000000
48985  -28.175  -29.277  36.821 0.8750000000
48152  -34.813  -31.156  35.411 1.0000000000
43251  -28.523  -36.672  35.230 0.6250000000
48139  -27.608  -29.954  36.233 0.8750000000
48192  -34.323  -30.991  32.719 0.8750000000
44102  -28.246  -35.613  34.972 0.7500000000
45809  -27.305  -32.882  35.331 0.7500000000
46592  -27.304  -32.120  35.077 0.7500000000
48138  -27.206  -30.789  35.777 0.8750000000
47388  -33.929  -32.253  31.635 0.7500000000
109683  -20.841  -41.055  47.585 0.6250000000
38923  -20.929  -40.848  46.560 0.6250000000
42283  -29.181  -36.419  44.454 0.8750000000
41460  -28.656  -36.784  43.444 1.0000000000
42295  -29.058  -35.959  43.610 1.0000000000
44881  -29.670  -34.526  44.717 0.8750000000
45683  -29.724  -33.388  45.230 0.8750000000
47275  -30.101  -32.004  45.721 0.7500000000
40570  -27.780  -38.406  42.520 1.0000000000
43177  -29.284  -35.512  43.336 0.8750000000
45690  -29.667  -33.934  44.733 0.8750000000
46508  -29.693  -32.537  44.850 0.7500000000
48048  -30.306  -31.288  45.785 0.7500000000
51408  -40.214  -25.588  46.155 0.2500000000
129895  -27.231  -38.765  41.811 1.0000000000
42294  -28.644  -36.089  42.838 1.0000000000
44039  -29.498  -35.017  43.172 0.8750000000
45689  -29.598  -33.376  44.281 0.8750000000
47274  -29.887  -31.629  45.050 0.8750000000
118291  -22.678  -38.140  43.443 1.0000000000
41482  -27.642  -38.536  41.761 1.0000000000
122763  -28.352  -37.166  41.749 1.0000000000
43176  -28.895  -35.665  42.439 1.0000000000
44897  -29.611  -34.776  42.181 0.8750000000
45701  -29.471  -33.463  43.286 0.8750000000
47281  -29.668  -31.795  44.023 0.8750000000
48905  -30.107  -30.218  44.647 0.8750000000
51418  -40.110  -26.035  45.136 0.2500000000
40569  -21.887  -38.609  42.976 0.7500000000
127182  -22.478  -38.060  42.659 1.0000000000
41507  -27.940  -38.316  40.997 1.0000000000
42306  -28.492  -37.512  40.973 1.0000000000
43182  -29.352  -35.740  41.183 1.0000000000
46530  -29.253  -32.978  42.713 0.8750000000
47289  -29.361  -32.199  42.938 0.8750000000
48896  -30.327  -29.260  45.124 0.8750000000
50647  -39.483  -26.755  43.691 0.2500000000
40583  -21.906  -38.389  42.042 0.6250000000
44044  -29.631  -35.397  41.275 1.0000000000
109576  -29.622  -34.141  42.284 0.8750000000
46541  -29.270  -33.210  42.109 0.8750000000
48065  -29.577  -31.285  43.128 0.8750000000
117558  -29.909  -29.920  43.944 0.8750000000
111177  -29.628  -29.171  43.669 0.8750000000
49785  -39.021  -27.211  43.150 0.3750000000
41478  -23.534  -37.742  41.092 0.8750000000
47297  -29.166  -32.577  42.149 0.8750000000
48084  -37.997  -28.112  41.181 0.3750000000
126829  -38.334  -27.772  41.919 0.3750000000
41503  -24.146  -37.668  40.313 0.7500000000
42328  -25.658  -37.889  39.682 0.7500000000
48931  -29.241  -29.888  42.303 1.0000000000
48918  -29.135  -28.701  42.904 1.0000000000
49789  -29.273  -27.321  42.815 1.0000000000
107709  -38.157  -27.852  41.488 0.3750000000
42344  -24.392  -37.503  38.824 0.6250000000
127179  -29.052  -30.745  41.204 1.0000000000
48917  -28.812  -28.875  41.817 1.0000000000
50663  -30.310  -26.662  42.433 1.0000000000
48121  -36.738  -29.180  39.357 1.0000000000
48945  -37.432  -28.516  40.569 0.8750000000
42356  -25.634  -37.554  38.183 0.6250000000
48089  -28.663  -30.084  40.565 1.0000000000
49798  -28.919  -27.893  41.061 1.0000000000
48120  -36.665  -29.512  38.539 1.0000000000
48967  -36.763  -28.735  38.718 0.8750000000
42357  -26.588  -37.711  38.147 0.7500000000
48941  -28.690  -28.988  40.846 1.0000000000
112060  -36.973  -29.838  37.224 1.0000000000
110110  -26.020  -37.692  37.678 0.5000000000
42369  -26.912  -37.721  37.429 0.6250000000
47320  -28.230  -31.378  38.551 1.0000000000
48098  -28.466  -30.787  39.169 1.0000000000
112790  -28.620  -29.080  39.947 1.0000000000
48144  -36.454  -30.774  36.373 1.0000000000
42368  -25.927  -37.807  37.144 0.5000000000
109031  -28.113  -37.907  36.579 0.7500000000
47327  -27.872  -31.449  37.876 1.0000000000
48169  -36.146  -30.740  35.026 1.0000000000
129168  -27.486  -33.293  36.861 0.7500000000
124960  -27.637  -30.813  37.441 0.8750000000
122043  -35.054  -30.778  33.070 0.8750000000
48168  -35.525  -30.970  34.586 0.8750000000
128652  -28.540  -37.231  35.676 0.5000000000
44094  -28.077  -35.842  36.139 0.6250000000
45791  -27.550  -33.996  36.400 0.7500000000
46575  -27.289  -32.440  36.810 0.7500000000
48126  -27.362  -30.738  36.707 0.8750000000
47341  -27.093  -31.576  35.569 0.7500000000
44947  -27.569  -33.804  35.236 0.7500000000
38141  -21.191  -40.855  47.231 0.6250000000
38932  -21.492  -40.488  46.382 0.7500000000
39692  -21.492  -40.233  45.748 0.8750000000
39698  -21.887  -39.644  45.304 0.8750000000
121679  -22.377  -38.963  44.765 1.0000000000
41418  -22.934  -38.373  44.244 1.0000000000
41433  -23.710  -38.005  43.771 1.0000000000
41459  -27.280  -38.783  42.283 1.0000000000
127275  -28.234  -37.566  42.947 1.0000000000
40528  -21.576  -39.514  44.438 0.8750000000
113748  -25.372  -38.121  42.900 1.0000000000
40550  -22.048  -38.776  43.902 1.0000000000
114204  -24.374  -37.796  42.942 1.0000000000
41457  -25.845  -38.309  42.055 1.0000000000
124709  -27.202  -38.663  41.364 1.0000000000
41455  -23.920  -37.688  42.038 1.0000000000
41456  -24.979  -37.761  42.110 1.0000000000
41481  -26.380  -38.474  41.257 1.0000000000
42331  -28.952  -36.911  40.405 1.0000000000
43194  -29.630  -36.099  40.619 1.0000000000
41479  -24.533  -37.720  41.244 1.0000000000
41480  -25.490  -38.025  41.251 0.8750000000
41506  -27.075  -38.479  40.618 1.0000000000
127303  -28.366  -38.060  40.559 1.0000000000
44896  -29.758  -34.592  41.438 1.0000000000
46540  -29.284  -33.069  41.662 1.0000000000
41505  -26.053  -38.207  40.478 1.0000000000
42329  -26.731  -38.163  39.812 1.0000000000
107058  -27.891  -38.215  40.101 1.0000000000
43212  -29.468  -36.572  40.268 1.0000000000
44052  -29.829  -35.539  40.750 1.0000000000
45727  -29.617  -33.732  41.174 1.0000000000
110082  -29.166  -32.281  41.606 1.0000000000
47296  -29.321  -31.685  42.202 1.0000000000
50693  -37.777  -27.156  39.348 0.5000000000
50683  -38.344  -27.155  40.390 0.5000000000
49810  -38.254  -27.475  40.973 0.3750000000
41504  -25.104  -37.799  40.444 0.7500000000
42347  -28.385  -37.766  39.454 1.0000000000
118476  -29.375  -36.536  39.704 1.0000000000
44066  -29.540  -35.744  39.629 1.0000000000
44916  -29.599  -34.915  39.984 1.0000000000
45741  -29.397  -33.314  40.721 1.0000000000
47303  -29.225  -32.022  41.159 1.0000000000
112999  -37.448  -28.054  39.908 0.7500000000
112561  -26.324  -37.824  38.929 1.0000000000
42346  -27.451  -37.989  39.231 1.0000000000
43211  -28.699  -37.235  38.940 1.0000000000
126936  -29.102  -36.829  39.146 1.0000000000
114915  -29.523  -34.036  40.383 1.0000000000
46556  -29.193  -32.789  40.564 1.0000000000
109496  -36.920  -28.087  38.119 0.8750000000
129925  -37.054  -28.179  39.101 0.8750000000
125166  -27.206  -37.811  38.585 1.0000000000
108891  -28.076  -37.689  38.685 1.0000000000
43224  -29.195  -36.250  38.984 1.0000000000
129189  -29.388  -35.084  39.463 1.0000000000
45740  -29.091  -33.323  39.973 1.0000000000
47302  -29.049  -31.284  40.707 1.0000000000
109605  -37.442  -29.163  36.308 1.0000000000
48979  -36.990  -28.463  37.140 1.0000000000
42358  -27.602  -37.620  38.028 1.0000000000
42359  -28.354  -37.210  38.018 1.0000000000
43230  -28.921  -36.042  38.169 1.0000000000
44930  -28.750  -34.364  38.606 1.0000000000
45759  -28.814  -33.647  39.130 1.0000000000
46568  -28.713  -32.831  39.152 1.0000000000
115279  -28.718  -30.708  39.977 1.0000000000
49856  -37.571  -28.457  35.864 1.0000000000
48990  -37.080  -30.046  36.648 1.0000000000
43229  -28.553  -36.647  37.577 1.0000000000
44087  -28.692  -35.163  37.938 1.0000000000
45758  -28.353  -33.463  38.285 1.0000000000
47321  -28.601  -31.895  39.189 1.0000000000
110471  -36.299  -29.277  33.904 1.0000000000
49004  -37.173  -29.266  35.447 1.0000000000
49003  -36.989  -30.122  35.895 1.0000000000
42370  -27.897  -37.571  37.310 0.7500000000
44939  -28.365  -34.343  37.827 0.8750000000
46567  -28.162  -32.320  38.328 1.0000000000
49030  -35.702  -29.253  33.191 1.0000000000
49016  -36.270  -30.191  34.461 1.0000000000
114378  -36.672  -30.109  35.151 1.0000000000
42371  -28.151  -37.254  36.918 0.6250000000
43239  -28.278  -36.793  36.407 0.6250000000
44938  -28.040  -34.874  36.986 0.7500000000
45775  -27.878  -33.828  37.349 0.7500000000
48209  -35.215  -30.148  32.820 1.0000000000
38924  -21.521  -40.661  46.963 0.6250000000
39693  -22.105  -39.911  46.090 0.8750000000
40512  -22.686  -39.193  45.608 1.0000000000
129937  -23.588  -38.299  44.397 1.0000000000
50699  -37.485  -27.662  37.579 0.6250000000
49851  -37.807  -28.374  36.548 1.0000000000
49842  -37.457  -27.982  37.416 0.8750000000
49834  -37.239  -27.320  38.158 0.7500000000
50718  -36.761  -27.583  34.879 1.0000000000
49867  -37.135  -28.433  35.054 1.0000000000
49886  -36.032  -28.069  33.546 1.0000000000
49866  -36.614  -28.349  34.336 1.0000000000
51506  -37.507  -27.234  37.285 0.7500000000
50704  -37.679  -27.726  36.466 1.0000000000
51505  -37.314  -26.587  36.634 0.7500000000
50711  -37.212  -27.628  35.605 1.0000000000
51517  -36.737  -26.677  35.293 1.0000000000
50737  -35.348  -27.269  33.115 1.0000000000
50728  -36.275  -27.325  34.330 1.0000000000
51535  -35.747  -26.719  33.719 1.0000000000
51494  -37.497  -26.058  37.260 0.6250000000
52322  -37.411  -25.715  36.537 0.6250000000
52343  -37.071  -25.941  35.884 0.8750000000
51527  -36.286  -26.319  34.502 1.0000000000
122356  -35.257  -25.937  33.191 1.0000000000
52323  -37.949  -25.105  36.754 0.3750000000
52342  -36.753  -25.716  35.017 0.8750000000
107020  -36.532  -25.433  34.153 1.0000000000
127036  -35.933  -25.912  33.813 1.0000000000
122887  -34.816  -25.586  32.500 1.0000000000
52344  -37.662  -25.111  35.975 0.6250000000
52345  -38.641  -24.739  35.965 0.3750000000
52362  -37.369  -25.167  35.243 0.7500000000
113890  -38.324  -24.855  35.175 0.6250000000
122759  -37.108  -25.138  34.619 0.7500000000
52383  -37.384  -24.998  33.931 0.6250000000
52363  -37.928  -24.932  34.495 0.5000000000
52382  -35.974  -25.417  33.360 1.0000000000
107559  -36.825  -25.058  33.319 0.7500000000
52396  -35.394  -25.299  32.667 0.7500000000
52397  -36.266  -25.077  32.613 0.7500000000
52411  -35.647  -24.991  31.922 1.0000000000
111024  -34.934  -24.958  31.323 1.0000000000
52430  -34.896  -24.879  30.370 1.0000000000
108464  -38.397  -24.951  33.640 0.6250000000
126723  -38.162  -25.094  32.275 0.6250000000
107552  -38.857  -25.065  32.703 0.6250000000
107553  -37.284  -25.035  32.409 0.6250000000
52431  -35.963  -24.954  30.886 0.8750000000
127444  -36.589  -25.082  30.299 0.8750000000
52449  -34.774  -24.810  29.292 0.8750000000
52450  -35.996  -24.915  29.769 0.8750000000
52413  -37.892  -25.169  31.420 0.7500000000
107551  -39.556  -25.326  32.022 0.3750000000
52432  -37.089  -25.147  30.742 0.8750000000
52433  -38.832  -25.480  30.904 0.6250000000
111072  -38.027  -25.326  30.453 0.8750000000
52452  -38.780  -25.549  30.126 0.8750000000
121152  -38.116  -25.396  29.792 0.8750000000
52467  -37.806  -25.260  29.156 0.8750000000
107547  -39.697  -25.587  31.289 0.5000000000
108720  -39.520  -25.687  30.510 0.6250000000
125993  -40.162  -25.783  30.768 0.6250000000
54104  -45.866  -23.555  32.035 0.1250000000
52453  -39.479  -25.618  29.763 0.6250000000
52434  -40.177  -25.767  30.158 0.6250000000
52454  -40.304  -25.557  29.375 0.8750000000
126958  -40.812  -25.728  29.793 0.7500000000
52456  -42.395  -25.640  29.543 0.3750000000
52457  -43.131  -25.293  29.592 0.2500000000
53266  -43.785  -24.694  29.692 0.2500000000
53279  -44.279  -24.060  29.484 0.2500000000
109612  -38.687  -25.475  29.383 0.8750000000
52469  -39.549  -25.358  28.792 1.0000000000
52470  -40.652  -25.360  28.485 0.7500000000
121511  -41.417  -25.369  28.275 0.7500000000
52471  -42.038  -25.473  28.665 0.5000000000
53277  -42.845  -25.134  28.875 0.3750000000
53291  -43.269  -24.469  28.430 0.2500000000
52468  -38.475  -25.214  28.574 0.8750000000
122448  -39.146  -24.984  27.881 1.0000000000
52483  -40.167  -25.113  27.834 0.8750000000
53288  -41.062  -25.216  27.645 0.8750000000
53289  -41.922  -25.020  27.610 0.7500000000
53290  -42.629  -24.808  28.074 0.6250000000
53304  -39.803  -24.812  27.088 0.8750000000
53305  -40.635  -25.000  27.097 0.8750000000
123142  -41.338  -24.803  26.923 0.8750000000
53306  -42.016  -24.304  26.861 0.8750000000
53322  -40.564  -24.412  26.536 0.8750000000
54957  -39.201  -22.341  25.395 0.8750000000
54956  -38.162  -22.692  25.085 0.8750000000
54105  -46.552  -23.145  32.385 0.1250000000
54888  -47.733  -22.406  33.183 0.1250000000
54109  -45.691  -23.314  31.183 0.1250000000
54110  -46.218  -23.029  31.681 0.1250000000
114798  -44.695  -23.731  29.738 0.2500000000
53268  -45.090  -23.729  30.447 0.1250000000
125386  -43.419  -24.776  29.074 0.2500000000
53278  -43.906  -24.118  28.879 0.2500000000
54136  -43.031  -24.065  27.685 0.5000000000
54137  -43.590  -23.730  28.138 0.5000000000
54147  -42.610  -23.572  26.936 0.8750000000
54148  -43.287  -23.240  27.470 0.6250000000
53323  -41.404  -24.169  26.487 0.8750000000
54161  -41.803  -23.520  26.382 0.8750000000
54944  -42.181  -22.684  26.419 0.8750000000
111441  -40.939  -23.630  26.055 1.0000000000
54943  -41.232  -22.683  25.934 0.8750000000
54160  -39.987  -23.757  25.992 0.8750000000
54176  -40.213  -22.875  25.749 0.8750000000
55766  -48.350  -21.916  33.784 0.1250000000
114130  -47.394  -22.228  32.478 0.1250000000
55765  -47.797  -21.789  32.809 0.1250000000
54901  -46.179  -22.605  31.023 0.1250000000
54893  -46.842  -22.416  31.767 0.1250000000
54119  -45.184  -23.150  29.659 0.1250000000
54128  -44.534  -23.402  29.093 0.2500000000
54915  -44.981  -22.426  29.055 0.2500000000
54127  -44.072  -23.412  28.507 0.3750000000
54924  -44.360  -22.740  28.515 0.5000000000
129671  -44.593  -22.040  28.473 0.3750000000
111488  -43.816  -22.950  28.011 0.5000000000
54923  -44.115  -22.164  27.972 0.5000000000
54931  -43.515  -22.371  27.448 0.6250000000
54930  -42.906  -22.612  26.928 0.8750000000
55822  -43.079  -21.763  27.022 0.8750000000
55840  -42.504  -21.906  26.605 0.8750000000
113507  -42.327  -21.143  26.475 1.0000000000
129204  -40.593  -22.358  25.730 0.8750000000
54959  -40.778  -21.826  25.758 0.8750000000
55851  -40.907  -20.985  25.771 1.0000000000
56678  -41.617  -20.690  26.153 1.0000000000
54958  -40.037  -22.017  25.540 0.8750000000
116887  -46.538  -21.939  31.005 0.1250000000
127253  -46.886  -21.824  31.428 0.1250000000
54908  -46.125  -22.155  30.329 0.2500000000
55801  -46.344  -21.381  30.511 0.1250000000
57464  -41.561  -19.953  26.258 1.0000000000
55791  -46.782  -21.271  31.233 0.1250000000
54916  -45.378  -21.745  29.362 0.2500000000
55800  -45.893  -21.548  29.847 0.2500000000
55810  -45.447  -21.003  29.435 0.2500000000
55815  -44.353  -21.402  28.169 0.5000000000
55809  -44.916  -21.412  28.834 0.3750000000
55823  -43.701  -21.396  27.525 0.6250000000
55816  -44.534  -20.799  28.475 0.5000000000
128414  -43.499  -20.691  27.513 0.8750000000
127705  -42.742  -21.416  26.754 0.8750000000
114336  -42.963  -20.804  27.006 0.8750000000
56663  -43.273  -20.004  27.641 0.8750000000
56679  -42.155  -20.308  26.579 0.8750000000
57474  -41.216  -19.148  26.036 1.0000000000
56637  -46.452  -20.756  30.803 0.1250000000
56650  -44.917  -20.521  28.988 0.3750000000
56636  -46.031  -20.645  30.118 0.2500000000
56651  -45.407  -20.164  29.587 0.3750000000
57419  -45.722  -19.732  30.289 0.2500000000
115607  -43.856  -19.872  28.132 0.6250000000
56657  -43.997  -20.598  27.941 0.6250000000
56658  -44.358  -20.137  28.541 0.3750000000
57435  -44.759  -19.635  29.160 0.5000000000
57446  -44.116  -19.408  28.564 0.5000000000
58213  -44.801  -18.901  29.671 0.3750000000
57445  -43.491  -19.242  28.063 0.7500000000
59024  -44.040  -18.121  29.058 0.6250000000
57451  -42.485  -19.773  27.092 0.8750000000
57452  -42.797  -19.110  27.535 0.8750000000
58236  -43.134  -18.345  27.936 0.7500000000
59023  -43.629  -17.752  28.474 0.7500000000
107428  -44.010  -17.222  28.932 0.7500000000
57465  -41.892  -19.593  26.582 0.8750000000
58251  -42.082  -18.886  26.860 0.8750000000
58235  -42.537  -18.423  27.381 0.8750000000
59036  -42.659  -17.829  27.473 0.7500000000
59037  -43.119  -17.367  27.836 0.7500000000
59868  -43.646  -16.799  28.278 0.7500000000
117583  -42.161  -17.968  26.940 0.8750000000
59050  -42.599  -17.094  27.004 0.7500000000
59879  -43.193  -16.446  27.591 0.7500000000
58250  -41.613  -18.235  26.217 1.0000000000
59892  -42.283  -16.528  26.207 0.8750000000
57436  -45.214  -19.463  29.810 0.3750000000
58202  -45.234  -18.874  30.444 0.3750000000
115016  -44.408  -18.392  29.536 0.6250000000
59010  -44.224  -17.724  29.627 0.6250000000
59852  -44.138  -16.803  29.618 0.5000000000
60760  -44.009  -16.127  28.831 0.6250000000
59880  -43.707  -15.878  28.013 0.7500000000
59893  -42.831  -16.100  26.841 0.7500000000
60771  -43.381  -15.581  27.351 0.7500000000
61555  -44.167  -15.029  29.132 0.5000000000
60772  -43.804  -14.956  27.772 0.6250000000
60780  -42.609  -15.747  26.121 0.8750000000
60781  -43.107  -15.304  26.675 0.8750000000
60792  -42.465  -15.353  25.604 0.7500000000
115733  -43.980  -15.129  28.412 0.6250000000
61543  -44.598  -14.059  29.130 0.3750000000
61565  -44.182  -14.228  28.145 0.6250000000
61556  -44.702  -13.635  28.474 0.5000000000
60782  -43.625  -14.763  27.132 0.7500000000
109197  -44.085  -14.052  27.546 0.5000000000
107239  -42.862  -15.001  26.050 0.7500000000
61575  -43.417  -14.569  26.466 0.8750000000
60799  -42.123  -15.231  25.016 0.8750000000
61585  -42.723  -14.693  25.292 0.7500000000
61586  -43.234  -14.423  25.855 0.6250000000
61597  -43.474  -13.947  25.269 0.7500000000
62460  -43.547  -13.644  24.413 0.8750000000
62486  -45.976  -12.619  22.767 0.8750000000
63303  -47.517  -12.598  22.316 0.7500000000
63304  -48.528  -12.513  22.658 0.6250000000
63294  -49.496  -12.139  23.311 0.6250000000
63291  -46.891  -12.757  22.959 0.8750000000
61566  -44.772  -13.448  27.828 0.5000000000
62433  -45.559  -13.033  28.084 0.5000000000
62425  -45.349  -13.240  28.814 0.2500000000
61576  -43.951  -13.975  26.856 0.5000000000
61577  -44.721  -13.488  27.143 0.5000000000
61587  -43.773  -13.938  26.112 0.7500000000
62450  -44.540  -13.549  26.414 0.7500000000
125192  -44.320  -13.558  25.609 0.7500000000
122376  -44.119  -13.530  24.923 0.7500000000
107613  -44.863  -13.232  25.025 0.7500000000
62461  -45.366  -12.959  24.213 0.7500000000
62462  -46.471  -12.826  24.456 0.7500000000
109328  -44.352  -13.282  24.294 0.7500000000
62476  -44.512  -13.054  23.498 0.8750000000
62479  -47.125  -12.817  23.800 0.7500000000
62464  -47.853  -12.723  24.098 0.6250000000
62477  -45.313  -12.792  23.242 0.8750000000
63292  -47.773  -12.781  23.215 0.7500000000
63293  -48.585  -12.531  23.698 0.5000000000
62426  -46.277  -12.780  28.416 0.2500000000
119126  -45.297  -13.201  26.616 0.6250000000
108314  -45.719  -12.978  27.240 0.3750000000
62434  -46.513  -12.711  27.655 0.1250000000
62451  -45.179  -13.227  25.852 0.7500000000
62443  -46.781  -12.660  26.835 0.2500000000
62452  -46.129  -12.827  26.183 0.3750000000
62453  -47.103  -12.625  26.033 0.3750000000
107695  -45.811  -12.934  25.185 0.7500000000
109884  -46.768  -12.740  25.297 0.6250000000
124968  -47.459  -12.617  25.401 0.5000000000
62463  -47.280  -12.737  24.619 0.7500000000
62454  -47.882  -12.580  24.923 0.5000000000
117371  -48.339  -12.387  25.275 0.2500000000
63282  -48.455  -12.446  24.606 0.5000000000
63275  -49.725  -11.587  25.128 0.2500000000
63283  -49.211  -12.097  24.408 0.5000000000
62435  -47.338  -12.544  27.326 0.1250000000
62428  -47.913  -12.413  27.853 0.1250000000
62444  -47.501  -12.534  26.570 0.1250000000
62436  -48.000  -12.451  27.075 0.1250000000
63256  -48.603  -12.246  27.623 0.1250000000
128172  -47.628  -12.546  25.975 0.2500000000
62445  -48.039  -12.453  26.321 0.2500000000
63266  -48.611  -12.241  26.811 0.1250000000
63249  -49.815  -11.668  27.639 0.1250000000
119848  -47.979  -12.490  25.630 0.2500000000
63267  -49.280  -11.866  26.561 0.2500000000
63258  -49.879  -11.588  26.977 0.1250000000
63274  -49.473  -11.724  25.869 0.2500000000
64097  -50.454  -11.110  26.681 0.1250000000
64848  -51.458  -10.132  26.642 0.1250000000
64103  -50.342  -11.085  25.661 0.2500000000
64859  -51.652  -9.615  25.847 0.1250000000
64849  -52.183  -9.507  26.683 0.1250000000
65658  -52.864  -8.891  26.715 0.1250000000
118864  -52.252  -9.152  25.934 0.1250000000
117833  -13.564  -47.121  47.323 0.3750000000
34584  -14.443  -46.144  47.242 0.6250000000
33617  -14.710  -45.637  47.928 0.6250000000
34593  -14.534  -46.395  46.365 0.3750000000
35502  -16.436  -43.809  49.775 0.5000000000
112878  -16.100  -44.115  48.153 0.6250000000
36456  -16.844  -43.501  47.674 0.6250000000
36457  -17.812  -42.876  47.405 0.6250000000
37357  -19.151  -42.096  46.168 0.7500000000
36438  -19.507  -42.190  49.560 0.1250000000
51381  -34.702  -26.199  49.982 0.5000000000
37343  -19.682  -41.571  46.615 0.6250000000
52164  -36.470  -25.468  48.270 0.6250000000
52178  -38.031  -25.693  47.909 0.6250000000
52179  -38.709  -25.611  47.608 0.5000000000
119517  -37.476  -26.410  46.710 0.6250000000
51415  -35.618  -26.125  45.244 0.8750000000
51432  -35.366  -26.572  44.490 0.8750000000
51416  -36.503  -26.453  45.600 0.8750000000
50621  -37.046  -26.874  45.008 0.8750000000
112912  -37.556  -26.856  45.266 0.7500000000
50636  -36.653  -27.231  44.216 1.0000000000
49773  -37.334  -27.338  43.967 0.7500000000
49771  -36.183  -27.477  43.747 1.0000000000
48897  -37.097  -27.857  43.253 0.7500000000
50644  -33.839  -27.004  43.065 1.0000000000
49783  -35.730  -27.899  43.144 1.0000000000
49782  -35.200  -28.062  43.009 1.0000000000
116270  -36.882  -28.278  42.626 0.8750000000
107120  -36.213  -28.203  42.712 1.0000000000
49792  -34.864  -28.277  42.251 1.0000000000
48921  -36.121  -28.763  41.933 1.0000000000
48067  -36.709  -29.011  41.691 0.7500000000
48081  -36.459  -29.542  41.176 0.8750000000
49791  -33.976  -28.150  42.146 1.0000000000
48919  -34.441  -28.561  41.566 1.0000000000
123734  -36.271  -30.015  40.684 1.0000000000
48932  -33.923  -28.904  40.865 1.0000000000
48092  -35.701  -30.183  40.341 1.0000000000
48091  -34.811  -30.159  40.039 1.0000000000
48090  -33.929  -30.031  39.811 1.0000000000
110748  -34.947  -30.927  38.520 1.0000000000
48102  -34.440  -30.535  39.132 1.0000000000
39796  -25.543  -40.136  37.414 0.1250000000
41554  -25.801  -38.350  36.717 0.3750000000
48116  -33.245  -30.427  38.219 1.0000000000
48966  -31.910  -29.605  38.045 1.0000000000
48115  -32.589  -30.165  37.768 1.0000000000
48140  -33.043  -30.430  35.719 1.0000000000
48128  -32.757  -30.270  36.787 1.0000000000
48141  -33.663  -30.837  36.551 1.0000000000
111769  -27.504  -39.638  36.792 0.1250000000
40661  -29.887  -38.617  36.294 0.1250000000
48976  -30.664  -28.884  37.060 1.0000000000
48988  -31.095  -29.087  36.133 1.0000000000
48989  -32.019  -29.839  36.010 1.0000000000
49013  -29.141  -29.590  33.902 0.8750000000
110837  -29.345  -28.831  35.487 1.0000000000
48999  -28.353  -29.299  35.804 1.0000000000
49000  -30.419  -28.855  35.285 0.8750000000
129984  -31.265  -29.375  34.299 1.0000000000
48150  -32.923  -30.298  34.649 1.0000000000
48164  -31.754  -30.133  33.229 0.8750000000
48165  -32.690  -30.346  33.595 1.0000000000
43252  -29.276  -37.037  34.443 0.5000000000
43265  -29.602  -36.355  33.893 0.6250000000
119988  -30.009  -29.483  33.756 0.8750000000
111493  -29.698  -29.099  34.519 0.8750000000
48190  -32.351  -30.750  32.709 0.8750000000
44115  -29.883  -35.653  33.751 0.5000000000
44113  -28.602  -35.307  34.166 0.6250000000
37314  -20.149  -41.793  49.195 0.2500000000
37328  -20.055  -41.455  47.307 0.6250000000
50598  -32.202  -27.370  47.400 0.7500000000
110431  -32.306  -26.427  46.297 0.8750000000
52205  -33.697  -25.442  45.319 1.0000000000
38945  -20.447  -40.721  44.010 0.7500000000
50619  -31.716  -26.745  45.917 1.0000000000
49770  -30.067  -28.133  44.800 0.8750000000
121216  -31.121  -26.847  45.379 1.0000000000
109765  -33.215  -25.557  44.810 1.0000000000
51428  -31.763  -26.220  45.021 1.0000000000
39717  -20.691  -39.914  42.531 0.7500000000
39730  -20.749  -39.745  41.518 0.6250000000
41476  -21.824  -38.672  40.513 0.5000000000
50653  -31.132  -26.279  42.801 1.0000000000
107108  -32.995  -26.630  42.901 1.0000000000
48924  -37.676  -28.266  42.525 0.3750000000
41501  -22.365  -38.273  40.338 0.7500000000
50654  -32.491  -26.590  42.257 1.0000000000
118397  -37.207  -28.992  41.643 0.6250000000
50665  -32.523  -27.045  41.438 1.0000000000
122954  -31.065  -27.312  40.296 1.0000000000
42367  -24.755  -37.709  37.364 0.5000000000
122539  -31.094  -27.870  39.629 1.0000000000
111211  -32.541  -28.951  39.733 1.0000000000
48118  -35.745  -30.919  38.319 1.0000000000
48132  -35.793  -31.100  37.451 1.0000000000
49820  -31.291  -28.511  38.978 1.0000000000
40658  -27.091  -39.192  36.471 0.2500000000
48975  -30.123  -28.534  37.863 1.0000000000
110306  -33.932  -30.986  35.822 1.0000000000
41557  -28.549  -38.444  36.363 0.2500000000
40660  -29.018  -38.889  36.478 0.2500000000
42403  -29.013  -37.530  35.221 0.5000000000
41573  -30.280  -38.154  35.545 0.1250000000
48166  -33.689  -30.735  34.076 0.8750000000
47373  -32.728  -31.619  32.185 0.7500000000
120252  -27.851  -31.825  34.486 0.7500000000
117749  -27.812  -32.950  34.575 0.7500000000
47353  -28.080  -30.796  34.382 0.7500000000
48026  -30.842  -30.346  47.300 0.6250000000
48855  -31.390  -29.800  48.082 0.6250000000
48047  -30.194  -30.857  45.236 0.8750000000
48904  -29.961  -29.135  44.346 0.8750000000
49784  -38.625  -27.664  42.779 0.3750000000
122554  -38.493  -27.721  42.254 0.3750000000
110898  -37.383  -28.880  41.187 0.5000000000
42327  -24.709  -37.620  39.596 0.7500000000
49799  -30.038  -26.941  41.375 1.0000000000
42345  -25.196  -37.550  38.872 0.7500000000
48133  -36.644  -29.990  37.750 1.0000000000
42386  -27.456  -37.894  36.885 0.6250000000
48153  -35.717  -31.085  35.359 1.0000000000
115412  -35.020  -31.029  33.730 0.8750000000
44948  -27.791  -34.841  35.731 0.7500000000
46584  -27.040  -32.304  35.848 0.7500000000
46635  -33.924  -33.087  31.905 0.7500000000
42293  -28.451  -36.559  42.230 1.0000000000
44034  -29.626  -34.785  43.965 0.8750000000
46509  -29.989  -32.737  45.850 0.7500000000
41483  -28.183  -38.047  41.785 1.0000000000
44889  -29.584  -34.444  43.081 0.8750000000
41458  -26.694  -38.746  42.007 1.0000000000
120415  -29.564  -33.936  42.966 0.8750000000
46519  -29.476  -32.738  43.664 0.8750000000
42332  -29.369  -36.288  40.576 1.0000000000
42307  -28.621  -36.623  41.186 1.0000000000
45717  -29.421  -33.584  42.465 0.8750000000
48056  -29.812  -30.800  43.924 0.8750000000
124924  -23.315  -37.785  42.824 1.0000000000
45716  -29.535  -33.713  41.840 1.0000000000
48064  -29.479  -30.811  42.525 0.8750000000
48078  -29.274  -30.814  41.858 1.0000000000
48077  -28.885  -29.897  41.447 1.0000000000
124242  -28.849  -27.833  42.084 1.0000000000
48954  -37.869  -27.978  40.755 0.6250000000
113003  -37.004  -28.609  39.686 0.8750000000
111092  -37.170  -29.183  36.946 1.0000000000
48978  -36.753  -29.087  37.697 1.0000000000
112804  -27.759  -32.941  37.563 1.0000000000
111474  -27.673  -32.159  37.575 1.0000000000
48154  -36.307  -30.782  35.641 1.0000000000
45774  -27.232  -33.153  36.077 0.7500000000
47326  -27.421  -31.524  37.159 1.0000000000
48193  -35.667  -30.386  33.696 1.0000000000
47334  -27.079  -31.550  36.331 0.8750000000
40529  -23.415  -38.651  44.959 1.0000000000
110052  -26.148  -38.603  42.779 1.0000000000
42330  -28.631  -37.694  40.200 1.0000000000
42348  -29.072  -37.147  39.735 1.0000000000
43213  -29.692  -36.153  40.273 1.0000000000
44067  -29.782  -35.475  40.270 1.0000000000
44904  -29.814  -34.731  40.684 1.0000000000
49822  -37.874  -27.554  40.113 0.5000000000
46547  -29.131  -32.148  40.642 1.0000000000
48968  -37.340  -27.643  39.130 0.7500000000
121336  -28.926  -36.750  38.469 1.0000000000
44915  -29.165  -34.348  39.498 1.0000000000
44079  -29.120  -35.294  38.880 1.0000000000
46555  -28.943  -32.430  39.948 1.0000000000
47308  -28.864  -31.562  39.942 1.0000000000
48991  -37.544  -28.490  36.854 1.0000000000
49017  -36.763  -29.284  34.665 1.0000000000
44086  -28.422  -35.925  37.263 0.7500000000
50705  -37.880  -27.994  37.089 0.7500000000
50692  -37.479  -27.204  38.330 0.6250000000
113322  -37.505  -27.549  37.678 0.6250000000
51495  -37.628  -26.649  38.128 0.6250000000
51518  -37.077  -26.895  36.057 0.8750000000
127254  -36.453  -26.934  34.802 1.0000000000
123740  -34.845  -25.140  32.047 1.0000000000
107558  -37.828  -25.023  33.063 0.6250000000
52412  -36.695  -25.043  31.682 0.8750000000
52414  -38.856  -25.313  31.742 0.7500000000
52451  -37.220  -25.173  29.876 0.8750000000
52435  -40.911  -25.862  30.482 0.6250000000
115222  -41.164  -25.582  29.030 0.7500000000
52455  -41.548  -25.775  29.640 0.5000000000
53307  -42.487  -24.380  27.392 0.7500000000
54175  -39.202  -23.171  25.664 0.8750000000
54966  -37.634  -22.144  24.336 0.8750000000
122485  -47.475  -22.861  33.421 0.1250000000
122238  -45.715  -22.924  30.321 0.1250000000
54907  -45.592  -22.349  29.718 0.2500000000
55839  -41.691  -21.710  26.108 0.8750000000
58226  -44.327  -18.866  29.091 0.6250000000
58225  -43.805  -18.647  28.527 0.7500000000
59049  -41.945  -17.394  26.236 1.0000000000
127716  -44.259  -14.423  28.660 0.5000000000
62478  -46.203  -12.782  23.598 0.8750000000
63273  -48.631  -12.229  25.961 0.2500000000
114849  -48.921  -12.102  25.246 0.3750000000
63257  -49.237  -11.962  27.310 0.1250000000
63268  -50.000  -11.384  26.337 0.2500000000
124497  -50.511  -10.920  26.158 0.2500000000
64098  -50.869  -10.597  26.331 0.2500000000
64090  -50.967  -10.749  27.065 0.1250000000
121608  -51.143  -10.109  25.911 0.2500000000
38178  -18.891  -42.100  44.038 0.6250000000
126764  -19.072  -41.847  43.230 0.6250000000
38179  -19.515  -41.544  43.796 0.6250000000
38195  -19.467  -41.483  42.861 0.5000000000
38957  -19.884  -41.027  42.337 0.5000000000
39742  -20.469  -40.475  40.927 0.2500000000
39743  -20.808  -40.655  40.197 0.3750000000
53105  -39.914  -24.079  48.059 0.2500000000
113569  -19.505  -41.677  44.806 0.7500000000
38936  -20.034  -41.166  44.339 0.6250000000
38944  -19.998  -40.966  43.367 0.6250000000
39707  -20.281  -40.530  42.694 0.6250000000
39729  -20.313  -40.464  41.872 0.6250000000
125289  -20.954  -39.823  40.393 0.3750000000
40593  -21.466  -39.156  40.229 0.3750000000
40604  -21.554  -39.664  39.555 0.3750000000
40620  -23.315  -39.218  37.956 0.3750000000
41500  -21.957  -38.842  39.695 0.6250000000
41513  -22.371  -38.635  39.079 0.5000000000
125794  -29.113  -33.928  33.640 0.5000000000
45838  -33.236  -33.304  33.184 0.7500000000
46634  -33.179  -33.041  32.385 0.6250000000
118443  -34.722  -33.568  32.833 0.1250000000
45850  -35.619  -33.385  32.613 0.1250000000
51433  -39.876  -26.464  44.464 0.2500000000
40619  -22.695  -38.841  38.506 0.5000000000
45827  -29.880  -33.619  33.948 0.5000000000
46607  -30.305  -32.752  34.176 0.6250000000
117932  -30.093  -32.088  33.713 0.7500000000
47356  -30.377  -31.645  33.424 0.7500000000
46617  -31.081  -32.107  33.408 0.7500000000
46619  -32.603  -32.946  32.927 0.7500000000
46636  -34.862  -33.225  31.930 0.3750000000
122861  -31.622  -31.970  32.740 0.7500000000
46633  -32.433  -32.364  32.488 0.7500000000
46645  -34.545  -32.585  31.520 0.2500000000
46646  -35.361  -32.588  31.345 0.2500000000
46647  -36.304  -32.473  31.251 0.2500000000
38907  -26.686  -40.307  50.005 0.3750000000
38906  -26.091  -40.700  49.926 0.3750000000
39659  -26.079  -40.276  49.038 0.3750000000
40513  -23.653  -39.016  45.850 0.7500000000
40514  -24.730  -39.089  46.061 0.7500000000
40530  -24.426  -38.745  45.188 0.8750000000
49793  -38.998  -27.243  42.418 0.2500000000
44965  -29.619  -34.730  33.710 0.5000000000
45826  -29.212  -32.996  33.783 0.5000000000
46606  -29.293  -32.136  33.734 0.6250000000
47370  -29.681  -30.360  33.387 0.7500000000
124885  -31.574  -30.733  32.714 0.7500000000
126735  -34.376  -31.897  31.459 0.6250000000
47399  -34.870  -31.918  31.130 0.3750000000
47400  -35.670  -31.821  30.712 0.2500000000
47401  -36.755  -31.818  30.710 0.2500000000
38916  -25.308  -40.803  49.442 0.3750000000
39669  -25.208  -40.314  48.567 0.3750000000
39668  -24.442  -40.247  48.190 0.5000000000
112231  -25.967  -39.972  48.186 0.5000000000
39677  -23.946  -39.845  47.539 0.5000000000
110906  -25.173  -39.796  47.638 0.5000000000
111045  -26.882  -39.824  48.439 0.5000000000
39676  -22.870  -40.220  47.704 0.5000000000
40483  -24.667  -39.452  46.928 0.5000000000
39684  -22.256  -40.211  46.920 0.6250000000
39685  -23.137  -39.788  47.084 0.5000000000
40497  -23.824  -39.348  46.694 0.7500000000
122068  -25.556  -39.404  46.697 0.7500000000
39694  -22.907  -39.513  46.415 0.6250000000
40515  -25.793  -39.129  45.756 0.7500000000
107688  -25.170  -38.915  45.278 0.7500000000
41419  -24.234  -38.360  44.475 0.8750000000
41420  -25.208  -38.637  44.493 0.8750000000
41434  -24.819  -38.160  43.744 0.8750000000
49802  -38.618  -27.454  41.741 0.2500000000
113299  -28.624  -31.452  33.973 0.7500000000
47354  -28.927  -30.390  33.704 0.7500000000
48208  -34.507  -30.650  32.224 0.7500000000
116602  -34.458  -30.390  31.482 0.7500000000
47355  -29.559  -31.227  33.557 0.6250000000
48222  -34.876  -31.215  30.707 0.5000000000
47409  -35.423  -31.096  30.359 0.3750000000
47410  -36.185  -31.158  30.299 0.3750000000
39678  -26.404  -39.610  47.386 0.6250000000
39686  -26.457  -39.359  46.434 0.7500000000
118463  -25.736  -38.943  44.951 0.7500000000
40551  -25.714  -38.529  43.576 0.8750000000
115848  -35.298  -28.270  32.797 0.8750000000
49898  -34.735  -28.541  32.024 0.8750000000
116250  -35.171  -29.217  32.565 0.8750000000
48231  -34.554  -30.461  30.917 0.5000000000
49049  -34.608  -29.666  30.533 0.5000000000
108558  -26.626  -39.217  45.787 0.7500000000
108166  -26.435  -39.058  45.088 0.7500000000
47251  -30.649  -31.317  47.030 0.6250000000
40532  -27.035  -38.895  44.478 0.8750000000
40531  -26.184  -38.801  44.207 0.8750000000
124303  -26.345  -38.756  43.352 0.8750000000
50674  -39.135  -26.684  41.215 0.2500000000
52255  -39.709  -24.973  41.767 0.2500000000
128341  -38.763  -26.895  40.641 0.3750000000
50736  -34.678  -27.342  32.372 0.7500000000
50759  -33.701  -27.589  30.347 0.6250000000
49936  -34.141  -28.185  29.791 0.6250000000
49923  -34.234  -28.668  30.591 0.6250000000
110469  -30.343  -32.781  46.770 0.5000000000
111210  -27.690  -38.673  44.765 0.7500000000
111183  -30.748  -31.389  47.772 0.5000000000
41435  -26.781  -38.869  42.805 0.8750000000
51483  -38.050  -26.731  39.064 0.5000000000
51484  -38.496  -26.832  39.932 0.3750000000
52447  -33.545  -25.839  30.314 0.7500000000
51557  -34.011  -26.664  31.755 0.6250000000
51545  -34.592  -26.222  32.502 0.8750000000
50769  -33.509  -26.796  28.949 0.6250000000
50758  -33.431  -26.691  30.425 0.6250000000
50745  -33.575  -26.991  31.046 0.6250000000
51586  -33.860  -26.392  27.956 0.5000000000
50793  -34.493  -26.917  27.326 0.5000000000
49968  -36.596  -28.156  26.846 0.2500000000
127116  -27.814  -38.392  44.236 0.8750000000
44872  -29.773  -34.167  45.504 0.6250000000
40553  -27.338  -38.727  43.042 0.8750000000
52429  -34.090  -25.209  30.970 0.7500000000
52410  -34.238  -25.620  31.854 0.8750000000
52464  -33.871  -25.522  28.765 0.6250000000
52448  -34.024  -25.240  29.889 0.6250000000
51587  -34.229  -25.978  27.350 0.6250000000
51601  -34.673  -26.015  26.745 0.6250000000
50810  -35.229  -26.944  26.587 0.6250000000
40555  -28.145  -37.948  44.165 0.8750000000
118873  -29.705  -34.890  45.428 0.6250000000
41436  -28.598  -37.394  44.222 0.8750000000
129770  -28.997  -36.416  43.824 0.7500000000
42284  -29.332  -35.889  44.412 0.7500000000
110930  -29.490  -35.345  44.097 0.7500000000
44028  -29.613  -35.132  44.757 0.7500000000
52482  -34.659  -25.171  27.288 0.6250000000
52496  -35.157  -25.281  26.591 0.6250000000
119618  -35.752  -26.831  26.063 0.3750000000
51617  -35.943  -26.165  25.697 0.3750000000
50830  -36.364  -27.162  25.664 0.3750000000
51618  -36.597  -26.354  25.145 0.3750000000
50831  -37.120  -27.342  25.153 0.3750000000
51631  -39.042  -26.646  24.126 0.5000000000
51642  -38.712  -26.121  23.791 0.5000000000
52527  -39.803  -25.345  23.103 0.5000000000
53276  -35.659  -24.725  28.681 0.7500000000
53285  -35.409  -24.655  27.735 0.6250000000
53301  -35.308  -24.728  27.019 0.6250000000
52497  -35.712  -25.314  26.044 0.5000000000
52510  -36.905  -25.451  24.713 0.5000000000
51629  -37.345  -26.528  24.613 0.5000000000
51630  -38.188  -26.511  24.211 0.5000000000
52517  -38.109  -25.703  23.805 0.5000000000
52526  -38.844  -25.487  23.427 0.5000000000
53348  -38.971  -24.597  23.023 0.5000000000
54189  -38.775  -23.561  22.917 0.5000000000
54190  -39.670  -24.046  22.710 0.3750000000
52364  -39.054  -24.889  34.256 0.3750000000
126712  -39.220  -24.970  33.405 0.2500000000
52466  -36.781  -24.938  28.977 0.7500000000
53286  -36.444  -24.767  28.026 0.7500000000
53302  -36.067  -24.573  27.198 0.6250000000
53318  -36.181  -24.684  25.980 0.6250000000
52509  -36.287  -25.345  25.458 0.6250000000
52516  -37.561  -25.894  24.218 0.5000000000
111805  -37.472  -25.109  24.116 0.5000000000
53347  -38.081  -24.855  23.553 0.6250000000
108279  -38.068  -23.937  23.421 0.5000000000
58261  -40.896  -18.265  25.756 0.8750000000
54188  -37.978  -23.070  23.435 0.5000000000
123224  -37.892  -22.377  23.530 0.5000000000
54973  -38.282  -21.839  23.327 0.5000000000
58260  -40.309  -18.649  25.436 0.6250000000
59060  -41.120  -17.540  25.770 0.8750000000
59903  -41.471  -16.734  25.728 0.7500000000
118274  -38.578  -22.635  23.020 0.3750000000
55867  -38.125  -21.245  23.770 0.5000000000
57482  -38.633  -20.010  23.958 0.5000000000
57483  -39.069  -19.451  24.440 0.6250000000
59066  -39.503  -17.603  24.497 0.6250000000
59067  -39.904  -17.038  24.811 0.6250000000
59916  -40.974  -16.177  25.126 0.7500000000
54979  -39.155  -21.988  22.789 0.2500000000
55868  -38.742  -21.081  23.134 0.3750000000
57491  -38.911  -19.706  23.222 0.5000000000
117797  -39.002  -19.024  23.096 0.3750000000
59941  -39.094  -16.791  23.171 0.6250000000
60797  -40.553  -15.783  24.373 0.6250000000
53287  -37.503  -24.995  28.302 0.7500000000
110474  -37.243  -24.655  27.211 0.6250000000
53319  -36.923  -24.416  26.191 0.6250000000
53335  -36.752  -24.539  25.333 0.6250000000
128857  -37.071  -24.587  24.611 0.6250000000
53341  -37.421  -24.124  24.076 0.6250000000
54187  -37.551  -23.367  23.857 0.6250000000
58259  -39.640  -19.021  24.953 0.7500000000
55858  -37.695  -21.904  23.851 0.6250000000
56694  -38.342  -20.745  24.257 0.5000000000
57472  -39.501  -19.860  25.073 0.6250000000
59904  -41.928  -15.908  25.538 0.7500000000
59927  -39.849  -16.034  23.962 0.6250000000
60798  -41.387  -15.544  24.745 0.7500000000
126267  -39.700  -15.958  22.423 0.5000000000
60809  -39.449  -16.033  23.182 0.6250000000
59098  -40.424  -16.910  21.568 0.3750000000
59955  -41.604  -16.686  20.912 0.2500000000
59108  -43.160  -17.234  21.039 0.1250000000
128392  -38.202  -24.904  27.832 0.8750000000
108323  -37.764  -24.300  26.482 0.6250000000
53303  -38.617  -24.597  27.033 0.8750000000
53336  -37.518  -23.971  25.669 0.6250000000
53320  -38.510  -24.082  26.211 0.8750000000
53321  -39.480  -24.276  26.464 0.8750000000
60731  -44.407  -15.587  30.530 0.2500000000
61529  -44.528  -14.907  30.709 0.2500000000
54159  -39.153  -23.781  25.976 0.7500000000
60745  -44.206  -15.798  29.737 0.2500000000
108890  -37.201  -23.930  24.836 0.6250000000
54174  -38.344  -23.520  25.587 0.7500000000
54182  -37.385  -23.296  24.354 0.7500000000
128972  -37.496  -22.770  24.501 0.7500000000
55848  -38.407  -21.826  24.890 0.7500000000
55849  -39.239  -21.485  25.242 0.7500000000
56685  -40.171  -20.375  25.469 0.7500000000
56686  -40.946  -20.099  25.886 0.7500000000
54972  -37.486  -22.632  23.950 0.6250000000
56684  -39.348  -20.674  25.160 0.7500000000
55859  -37.989  -21.434  24.307 0.7500000000
55860  -38.615  -21.036  24.819 0.6250000000
60811  -40.963  -15.218  23.981 0.7500000000
60833  -40.295  -15.663  21.929 0.5000000000
60822  -40.073  -15.441  22.742 0.6250000000
61620  -41.522  -14.450  22.834 0.6250000000
60834  -41.080  -15.305  21.362 0.3750000000
59968  -41.553  -15.935  20.751 0.5000000000
59954  -40.797  -16.280  21.280 0.3750000000
59969  -42.445  -16.552  20.561 0.2500000000
58997  -44.449  -17.451  30.273 0.3750000000
59840  -44.333  -16.504  30.395 0.2500000000
61518  -44.662  -14.675  31.199 0.2500000000
61542  -44.511  -14.746  29.932 0.2500000000
61611  -42.091  -14.350  23.848 0.7500000000
60823  -40.771  -14.985  22.286 0.5000000000
61629  -41.462  -14.592  21.800 0.6250000000
115943  -42.241  -15.637  20.352 0.5000000000
60851  -42.690  -15.187  19.937 0.5000000000
60872  -47.818  -14.954  19.590 0.2500000000
61673  -47.867  -13.963  18.615 0.1250000000
62532  -49.213  -13.301  18.485 0.1250000000
63350  -48.741  -12.736  17.900 0.1250000000
63361  -48.211  -12.024  17.446 0.2500000000
64178  -49.451  -11.607  16.975 0.1250000000
122582  -48.648  -11.605  17.145 0.2500000000
61596  -42.808  -14.138  24.554 0.7500000000
61612  -42.870  -13.784  23.764 0.7500000000
111516  -42.315  -13.967  23.097 0.7500000000
61621  -42.244  -13.947  22.123 0.5000000000
61630  -41.979  -14.428  21.080 0.5000000000
60866  -43.068  -14.707  19.749 0.5000000000
61645  -43.240  -14.033  19.879 0.5000000000
60868  -44.184  -15.301  19.400 0.3750000000
61654  -43.646  -14.648  19.464 0.5000000000
61656  -45.677  -14.973  19.029 0.3750000000
61657  -46.488  -14.812  18.957 0.2500000000
61658  -47.321  -14.542  18.900 0.2500000000
62530  -47.490  -13.308  18.164 0.1250000000
63349  -47.816  -12.639  17.827 0.2500000000
64176  -47.872  -11.125  17.218 0.3750000000
64177  -48.554  -10.995  16.789 0.2500000000
64930  -48.630  -10.300  16.402 0.2500000000
62475  -43.678  -13.401  23.623 0.7500000000
113081  -43.175  -13.449  22.031 0.6250000000
62508  -43.084  -13.701  20.539 0.5000000000
62517  -43.848  -13.876  19.496 0.3750000000
61655  -44.332  -14.535  19.156 0.3750000000
62518  -44.472  -13.708  19.087 0.3750000000
61669  -45.055  -14.378  18.827 0.3750000000
61670  -45.845  -14.251  18.632 0.3750000000
112997  -46.006  -13.522  18.407 0.3750000000
62529  -46.641  -13.197  18.186 0.3750000000
63347  -45.804  -12.554  18.497 0.3750000000
113456  -47.076  -12.598  17.928 0.3750000000
63360  -47.141  -11.635  17.678 0.3750000000
64922  -47.180  -10.516  17.527 0.3750000000
65742  -47.292  -9.712  17.651 0.3750000000
65743  -47.703  -9.029  17.480 0.5000000000
66501  -48.311  -8.407  17.051 0.3750000000
64923  -47.765  -10.088  16.977 0.3750000000
65749  -48.215  -9.285  16.589 0.3750000000
65754  -48.667  -8.530  16.081 0.3750000000
66507  -49.004  -7.791  15.969 0.3750000000
66511  -49.178  -8.127  15.244 0.2500000000
67273  -49.419  -7.586  14.775 0.2500000000
67274  -49.778  -7.496  14.073 0.1250000000
61622  -42.992  -13.579  22.914 0.7500000000
107643  -43.814  -13.209  22.797 0.7500000000
63329  -44.385  -12.766  20.329 0.6250000000
62509  -43.686  -13.327  20.281 0.6250000000
116672  -44.139  -13.247  19.683 0.6250000000
63338  -44.625  -12.832  19.471 0.3750000000
62528  -45.203  -13.363  18.708 0.3750000000
67231  -53.136  -8.220  18.916 0.5000000000
113169  -53.983  -7.069  19.223 0.1250000000
68002  -54.209  -6.366  19.482 0.1250000000
112874  -54.409  -5.702  20.061 0.1250000000
68818  -54.489  -5.540  19.025 0.1250000000
67239  -51.855  -8.081  17.835 0.6250000000
67240  -52.861  -8.026  17.943 0.2500000000
67241  -53.681  -7.472  18.471 0.2500000000
117441  -54.173  -6.734  18.607 0.1250000000
128218  -54.344  -6.197  18.785 0.1250000000
63348  -46.502  -12.183  18.125 0.3750000000
64168  -46.411  -11.317  18.224 0.3750000000
64916  -46.551  -10.647  18.622 0.5000000000
67250  -51.340  -7.498  17.286 0.7500000000
67251  -52.385  -7.542  17.267 0.5000000000
68006  -53.990  -6.945  17.889 0.2500000000
68007  -54.283  -6.156  18.022 0.3750000000
64175  -46.712  -10.756  17.969 0.3750000000
66494  -48.335  -8.393  17.917 0.5000000000
119192  -48.778  -8.014  17.526 0.5000000000
67249  -50.321  -7.496  17.413 0.6250000000
67260  -50.714  -7.003  16.777 0.7500000000
68013  -51.848  -6.932  16.601 0.7500000000
68014  -52.931  -6.983  16.848 0.3750000000
68015  -53.746  -6.676  17.263 0.3750000000
67258  -49.397  -7.357  16.373 0.5000000000
68020  -49.930  -6.810  16.238 0.6250000000
68022  -51.978  -6.228  16.007 0.7500000000
67267  -49.393  -7.274  15.496 0.2500000000
68028  -49.798  -6.454  15.463 0.3750000000
64121  -50.682  -11.175  23.951 0.3750000000
64129  -50.660  -11.325  23.073 0.3750000000
64122  -51.175  -10.579  23.536 0.2500000000
107464  -44.577  -12.854  22.682 0.7500000000
64128  -50.055  -11.803  22.619 0.3750000000
64897  -51.887  -9.604  22.388 0.2500000000
109972  -43.954  -13.010  21.974 0.6250000000
64127  -49.240  -12.101  22.141 0.6250000000
64130  -51.078  -10.863  22.625 0.3750000000
64896  -51.472  -10.352  22.069 0.2500000000
65717  -52.209  -9.200  21.879 0.2500000000
62496  -44.143  -12.867  21.143 0.7500000000
63320  -48.120  -12.098  21.654 0.7500000000
64145  -50.466  -11.444  22.158 0.5000000000
64894  -50.169  -11.333  21.158 0.7500000000
65716  -51.865  -9.879  21.490 0.2500000000
65725  -52.242  -9.365  20.977 0.3750000000
65726  -52.588  -8.692  21.473 0.2500000000
66475  -52.994  -8.108  21.957 0.1250000000
71115  -57.722  -2.270  21.702 0.1250000000
63317  -44.917  -12.523  21.146 0.7500000000
64143  -48.914  -11.777  21.179 0.7500000000
64144  -49.805  -11.721  21.650 0.7500000000
64905  -50.506  -10.877  20.714 0.7500000000
65724  -51.645  -9.995  20.489 0.3750000000
116582  -52.619  -8.719  20.548 0.2500000000
112576  -53.010  -8.129  21.008 0.1250000000
67227  -53.642  -6.839  21.051 0.1250000000
124662  -54.029  -6.367  21.504 0.1250000000
70361  -56.955  -3.294  21.694 0.1250000000
112316  -57.335  -2.999  22.115 0.1250000000
115358  -57.413  -2.622  21.151 0.1250000000
63330  -45.135  -12.257  20.322 0.5000000000
113441  -48.104  -11.582  20.947 0.7500000000
64893  -49.403  -11.269  20.706 0.7500000000
65723  -50.219  -10.287  20.028 0.7500000000
66480  -51.502  -9.557  19.749 0.6250000000
128601  -52.614  -8.732  19.929 0.5000000000
67226  -53.388  -7.540  20.512 0.1250000000
68001  -54.121  -6.207  20.669 0.1250000000
115776  -55.247  -4.715  21.317 0.1250000000
129941  -55.894  -4.215  21.547 0.1250000000
69643  -56.260  -3.657  21.216 0.1250000000
70371  -56.689  -3.008  20.742 0.1250000000
71880  -57.830  -1.550  21.604 0.1250000000
63339  -45.183  -12.302  19.253 0.3750000000
64903  -48.891  -10.448  20.053 0.7500000000
64904  -49.775  -10.751  20.308 0.7500000000
65733  -50.816  -9.879  19.875 0.7500000000
113938  -51.835  -9.043  19.232 0.6250000000
67232  -53.577  -7.624  19.497 0.2500000000
68817  -54.776  -4.828  20.185 0.1250000000
69646  -55.954  -3.483  20.268 0.1250000000
70372  -57.159  -2.476  20.174 0.1250000000
64159  -45.649  -11.703  19.014 0.5000000000
64160  -46.073  -11.172  18.839 0.5000000000
65722  -49.510  -9.971  19.822 0.7500000000
65731  -49.271  -9.251  19.359 0.7500000000
66497  -51.106  -8.443  18.588 0.7500000000
66490  -52.295  -8.488  18.599 0.6250000000
69649  -55.171  -4.071  18.794 0.1250000000
64167  -46.032  -11.758  18.505 0.5000000000
64910  -47.197  -10.214  19.278 0.5000000000
66487  -48.815  -8.686  18.710 0.7500000000
66496  -50.156  -7.962  18.183 0.7500000000
68824  -54.078  -6.029  17.077 0.3750000000
68825  -54.448  -5.483  17.619 0.3750000000
69648  -54.736  -4.888  18.302 0.3750000000
64917  -46.940  -9.982  18.222 0.5000000000
65729  -47.627  -9.540  18.796 0.5000000000
68828  -52.899  -6.051  16.081 0.5000000000
68829  -53.675  -5.756  16.419 0.3750000000
68833  -51.266  -5.586  15.582 0.6250000000
126633  -52.625  -6.543  16.401 0.5000000000
68029  -50.271  -5.760  15.231 0.5000000000
68021  -50.794  -6.299  16.083 0.7500000000
68837  -49.966  -5.568  14.256 0.3750000000
68042  -50.412  -6.139  12.871 0.2500000000
63284  -50.030  -11.686  24.235 0.3750000000
62497  -44.715  -12.667  21.917 0.7500000000
62485  -45.241  -12.649  22.529 0.7500000000
63301  -45.590  -12.413  21.922 0.7500000000
63318  -46.215  -12.094  21.509 0.7500000000
63319  -47.061  -12.109  21.638 0.7500000000
108532  -45.562  -12.234  21.162 0.7500000000
64142  -47.337  -11.651  21.030 0.7500000000
63331  -45.932  -11.836  20.759 0.7500000000
64151  -46.517  -11.250  20.324 0.7500000000
64153  -48.486  -11.141  20.524 0.7500000000
71126  -57.776  -2.163  20.484 0.1250000000
118280  -45.978  -11.258  19.468 0.5000000000
64152  -47.570  -11.103  20.508 0.7500000000
64902  -47.899  -10.525  20.050 0.7500000000
70374  -55.747  -3.427  19.279 0.1250000000
70375  -56.444  -2.893  19.753 0.1250000000
70376  -56.982  -2.441  19.244 0.1250000000
71129  -57.661  -2.083  19.615 0.1250000000
71130  -58.047  -1.854  19.989 0.1250000000
64909  -46.482  -10.787  19.420 0.5000000000
65721  -48.861  -9.708  19.645 0.7500000000
112306  -56.267  -2.862  18.825 0.1250000000
70380  -56.770  -2.467  18.534 0.1250000000
71133  -57.450  -2.082  18.679 0.1250000000
64911  -48.151  -9.868  19.590 0.5000000000
69652  -54.268  -5.337  16.865 0.3750000000
69665  -50.480  -4.721  14.054 0.5000000000
68838  -50.721  -5.075  14.852 0.5000000000
68843  -50.251  -5.316  13.363 0.2500000000
63302  -46.557  -12.471  22.198 0.7500000000
69666  -51.222  -4.398  14.477 0.6250000000
69677  -50.535  -4.908  12.836 0.2500000000
49029  -30.973  -29.630  33.654 0.7500000000
47372  -31.037  -31.286  32.833 0.7500000000
46605  -28.474  -32.457  34.084 0.6250000000
123922  -30.575  -31.991  47.128 0.5000000000
50656  -39.329  -26.762  42.921 0.2500000000
40554  -27.813  -38.340  43.457 0.8750000000
50673  -38.713  -27.112  41.146 0.2500000000
127448  -35.341  -26.599  33.257 0.8750000000
55850  -40.096  -21.218  25.459 0.7500000000
57473  -40.288  -19.516  25.481 0.7500000000
61595  -42.297  -14.699  24.612 0.6250000000
64120  -50.226  -11.693  23.424 0.5000000000
48163  -29.563  -29.879  33.503 0.7500000000
48188  -30.216  -29.939  33.266 0.7500000000
45849  -33.868  -33.421  32.581 0.6250000000
112601  -34.124  -31.388  31.793 0.7500000000
51546  -35.036  -26.648  32.899 0.8750000000
54173  -37.494  -23.289  25.013 0.7500000000
38161  -18.992  -42.222  44.946 0.6250000000
40605  -22.114  -39.336  38.950 0.3750000000
44957  -30.476  -34.233  34.521 0.3750000000
117630  -30.877  -32.531  34.309 0.6250000000
47371  -30.276  -30.716  33.197 0.7500000000
111600  -35.875  -33.059  31.855 0.1250000000
48221  -34.470  -31.170  31.360 0.5000000000
38915  -24.318  -40.887  48.937 0.5000000000
126352  -35.614  -30.595  30.123 0.3750000000
40552  -26.871  -38.818  43.586 0.8750000000
51475  -38.980  -26.137  40.519 0.2500000000
50746  -34.055  -27.841  31.348 0.6250000000
45673  -29.984  -33.492  46.062 0.5000000000
51572  -33.377  -26.458  29.796 0.6250000000
130023  -33.518  -25.886  29.522 0.7500000000
51556  -33.625  -26.091  31.125 0.6250000000
50768  -33.431  -27.060  29.804 0.6250000000
116674  -34.754  -27.621  27.949 0.5000000000
50781  -34.068  -27.174  28.125 0.5000000000
50794  -35.558  -27.738  27.300 0.2500000000
52481  -34.137  -25.531  27.868 0.6250000000
52465  -34.650  -24.891  28.243 0.6250000000
51602  -35.345  -26.069  26.225 0.5000000000
50812  -36.958  -28.048  25.921 0.2500000000
49987  -37.812  -27.873  25.408 0.2500000000
50837  -37.955  -27.261  24.762 0.5000000000
127740  -39.736  -24.683  22.831 0.3750000000
53317  -35.725  -24.759  26.527 0.5000000000
112906  -36.395  -24.522  26.613 0.6250000000
59059  -40.216  -17.723  25.292 0.6250000000
59058  -39.709  -18.271  24.925 0.6250000000
59902  -40.593  -16.912  25.282 0.7500000000
56702  -38.433  -20.647  23.716 0.5000000000
56703  -38.747  -20.338  23.344 0.3750000000
56695  -38.871  -20.291  24.655 0.5000000000
58268  -38.871  -19.158  23.679 0.5000000000
58269  -39.143  -18.459  24.200 0.6250000000
59073  -39.069  -17.544  23.588 0.6250000000
59915  -40.166  -16.412  24.638 0.6250000000
56710  -39.477  -20.428  22.815 0.3750000000
58277  -39.027  -18.354  23.292 0.6250000000
59942  -39.380  -16.587  22.525 0.6250000000
59926  -39.439  -16.729  23.984 0.6250000000
60810  -40.198  -15.530  23.569 0.6250000000
59953  -39.960  -16.400  21.886 0.3750000000
59089  -39.763  -17.172  21.979 0.3750000000
59099  -41.257  -17.188  21.320 0.2500000000
61609  -40.730  -14.972  23.156 0.6250000000
61594  -41.716  -14.965  24.320 0.7500000000
61610  -41.384  -14.766  23.631 0.6250000000
128364  -41.524  -14.843  21.233 0.5000000000
60852  -43.031  -16.018  19.963 0.2500000000
129873  -42.186  -14.915  20.430 0.5000000000
61644  -42.634  -14.333  20.338 0.5000000000
61659  -48.059  -14.442  19.117 0.1250000000
62531  -48.322  -13.357  18.301 0.1250000000
62494  -42.678  -13.760  21.185 0.5000000000
114971  -44.909  -15.127  19.169 0.2500000000
128086  -44.782  -15.753  19.606 0.3750000000
61671  -46.606  -14.088  18.526 0.3750000000
61672  -47.201  -13.869  18.431 0.2500000000
62495  -43.424  -13.308  21.186 0.5000000000
65738  -47.393  -9.363  18.072 0.5000000000
66502  -48.913  -7.812  16.796 0.3750000000
68035  -49.499  -6.904  14.720 0.2500000000
68036  -49.697  -6.484  14.062 0.1250000000
68005  -53.313  -7.327  17.535 0.2500000000
129260  -54.489  -5.527  18.201 0.2500000000
67238  -50.951  -7.838  17.917 0.7500000000
65739  -47.924  -8.912  18.373 0.5000000000
66495  -49.199  -8.125  18.209 0.5000000000
66503  -49.455  -7.704  17.581 0.6250000000
67248  -49.575  -7.436  17.030 0.6250000000
67259  -49.973  -7.175  16.800 0.6250000000
68823  -53.377  -6.373  16.639 0.3750000000
115732  -49.731  -6.197  14.721 0.2500000000
64882  -51.573  -10.052  22.978 0.2500000000
64895  -50.825  -11.030  21.665 0.5000000000
64906  -51.245  -10.556  21.132 0.5000000000
67225  -53.327  -7.472  21.523 0.1250000000
115335  -50.859  -10.399  20.407 0.7500000000
66481  -52.236  -9.227  20.034 0.6250000000
129692  -57.827  -2.213  21.064 0.1250000000
65732  -50.077  -9.524  19.552 0.7500000000
123549  -52.611  -8.732  19.416 0.5000000000
66491  -53.034  -8.260  19.934 0.2500000000
67233  -53.793  -6.927  20.071 0.1250000000
69642  -55.511  -4.122  20.746 0.1250000000
64150  -45.663  -11.723  19.862 0.7500000000
68819  -54.828  -4.646  19.223 0.1250000000
69645  -55.250  -4.042  19.766 0.1250000000
66488  -49.919  -8.688  18.902 0.7500000000
66489  -50.842  -9.148  19.347 0.7500000000
65730  -48.429  -9.254  19.144 0.5000000000
64141  -46.616  -11.761  21.080 0.7500000000
71893  -58.128  -1.581  20.280 0.1250000000
64901  -47.085  -10.689  19.973 0.6250000000
72738  -58.141  -1.023  20.088 0.1250000000
70378  -55.650  -3.462  18.345 0.1250000000
106948  -8.544  -47.584  49.016 0.1250000000
124994  -9.302  -47.151  49.177 0.2500000000
33589  -9.043  -46.858  49.069 0.2500000000
34573  -8.374  -46.967  48.903 0.2500000000
32658  -9.165  -47.899  48.977 0.2500000000
33603  -7.954  -47.546  48.851 0.1250000000
32670  -10.461  -48.713  48.513 0.2500000000
33628  -7.640  -47.326  47.332 0.1250000000
33590  -9.948  -47.234  49.616 0.2500000000
33602  -7.836  -46.947  48.524 0.3750000000
32659  -10.058  -47.916  48.808 0.2500000000
120472  -10.934  -48.130  48.746 0.2500000000
34583  -7.733  -46.594  47.748 0.3750000000
33574  -9.549  -46.544  49.794 0.3750000000
33575  -10.159  -46.694  50.367 0.3750000000
34563  -8.434  -46.491  48.803 0.3750000000
34564  -9.174  -46.345  49.188 0.3750000000
33576  -10.705  -47.143  50.257 0.3750000000
35499  -8.998  -46.170  48.849 0.3750000000
32645  -10.718  -47.574  49.483 0.2500000000
32660  -11.439  -47.634  49.342 0.2500000000
35516  -8.185  -45.831  47.523 0.3750000000
117135  -11.592  -47.971  48.646 0.2500000000
32671  -11.311  -48.691  48.065 0.2500000000
32672  -12.162  -47.917  48.165 0.2500000000
32691  -12.929  -48.596  46.414 0.2500000000
122737  -13.150  -47.457  47.576 0.2500000000
32702  -13.452  -48.481  45.843 0.2500000000
33629  -13.658  -47.493  46.384 0.2500000000
33642  -13.984  -47.809  45.574 0.2500000000
33654  -14.438  -47.850  44.873 0.1250000000
35568  -17.455  -46.039  42.009 0.1250000000
34553  -9.567  -45.854  50.052 0.3750000000
33557  -10.424  -46.264  50.728 0.3750000000
109757  -10.752  -46.787  50.661 0.3750000000
35500  -9.545  -45.705  49.518 0.3750000000
107277  -11.266  -46.962  50.615 0.3750000000
35509  -9.257  -45.808  48.806 0.3750000000
129792  -9.755  -45.381  49.315 0.2500000000
32647  -11.930  -47.245  49.945 0.2500000000
32662  -12.713  -47.204  48.999 0.3750000000
126550  -14.103  -47.088  46.134 0.2500000000
34607  -14.412  -47.088  45.504 0.2500000000
34622  -14.756  -47.018  44.734 0.2500000000
121188  -15.191  -46.187  44.776 0.2500000000
35555  -16.010  -45.885  43.123 0.1250000000
35567  -16.666  -45.860  42.481 0.1250000000
35581  -17.866  -45.370  41.769 0.1250000000
34537  -9.913  -45.548  50.427 0.2500000000
35487  -9.895  -45.356  50.227 0.2500000000
34538  -10.202  -45.576  50.723 0.2500000000
33558  -11.114  -46.472  51.076 0.3750000000
33577  -11.781  -46.960  50.507 0.3750000000
36435  -9.928  -45.077  49.930 0.2500000000
33560  -12.325  -46.563  50.901 0.5000000000
32648  -12.546  -47.005  49.760 0.3750000000
33615  -13.469  -46.942  48.140 0.5000000000
34608  -15.331  -45.646  45.706 0.3750000000
35542  -15.734  -45.319  44.923 0.2500000000
35554  -15.564  -45.993  43.955 0.2500000000
36494  -16.477  -45.071  43.094 0.1250000000
124450  -16.952  -44.390  43.143 0.2500000000
36503  -17.147  -44.998  42.250 0.1250000000
36504  -18.001  -44.483  41.797 0.1250000000
115428  -18.771  -44.647  41.344 0.1250000000
35583  -19.442  -45.136  41.301 0.1250000000
118872  -20.801  -44.783  41.034 0.1250000000
36515  -21.487  -44.590  41.084 0.1250000000
36513  -19.288  -44.309  41.017 0.1250000000
36514  -20.119  -44.599  40.786 0.1250000000
37407  -20.787  -43.457  40.083 0.1250000000
125652  -20.842  -42.851  39.914 0.1250000000
35473  -10.855  -45.397  51.931 0.1250000000
34521  -11.482  -45.569  52.397 0.1250000000
34529  -11.825  -45.927  52.171 0.1250000000
34530  -12.312  -45.927  52.122 0.2500000000
35472  -10.590  -44.860  51.645 0.1250000000
34527  -10.563  -45.444  51.282 0.2500000000
34528  -11.124  -45.949  51.713 0.2500000000
33546  -11.767  -46.225  51.620 0.2500000000
34531  -12.803  -45.862  51.961 0.3750000000
46409  -30.748  -32.805  52.134 0.1250000000
47182  -30.563  -31.394  53.108 0.1250000000
47183  -31.443  -31.432  52.398 0.1250000000
35478  -10.342  -45.006  51.018 0.2500000000
33548  -12.895  -46.151  51.349 0.2500000000
125442  -31.288  -32.212  52.062 0.1250000000
36414  -10.223  -44.822  50.443 0.2500000000
33547  -12.333  -46.246  51.514 0.5000000000
33561  -12.936  -46.379  50.805 0.5000000000
33559  -11.768  -46.611  51.000 0.3750000000
33578  -12.373  -46.803  50.379 0.5000000000
112157  -13.470  -46.220  50.730 0.5000000000
33591  -13.138  -46.645  49.656 0.5000000000
35522  -15.346  -45.301  46.520 0.3750000000
35531  -15.756  -44.944  45.942 0.5000000000
118340  -16.274  -44.703  44.784 0.2500000000
37389  -17.499  -44.029  42.728 0.1250000000
37398  -18.627  -43.802  41.545 0.1250000000
37391  -18.689  -42.812  41.927 0.1250000000
38225  -19.620  -42.752  40.853 0.1250000000
37406  -19.984  -43.412  40.497 0.1250000000
38226  -20.231  -42.639  40.357 0.1250000000
38994  -21.166  -41.350  39.774 0.2500000000
46593  -31.061  -32.821  35.342 0.5000000000
34522  -12.246  -45.554  52.668 0.1250000000
47967  -30.213  -30.759  53.516 0.1250000000
49657  -32.620  -28.604  53.290 0.2500000000
48815  -32.948  -28.988  52.681 0.2500000000
34532  -13.392  -45.795  51.698 0.2500000000
45587  -30.070  -33.440  52.334 0.1250000000
45572  -30.104  -32.686  52.631 0.1250000000
47968  -31.264  -30.675  53.033 0.1250000000
47969  -32.052  -30.139  52.704 0.1250000000
49658  -33.397  -28.346  52.973 0.2500000000
33549  -13.484  -46.048  51.158 0.5000000000
43940  -30.139  -34.989  51.118 0.1250000000
44783  -30.538  -34.241  51.043 0.1250000000
45588  -30.780  -33.414  51.605 0.1250000000
45598  -31.090  -33.269  51.103 0.1250000000
47974  -32.362  -30.253  52.079 0.1250000000
122441  -33.101  -29.198  52.175 0.2500000000
49669  -33.489  -28.545  52.268 0.2500000000
49680  -33.927  -27.838  51.470 0.2500000000
50569  -34.301  -27.359  51.257 0.2500000000
33562  -13.972  -45.944  50.929 0.3750000000
43086  -30.481  -34.809  50.458 0.1250000000
117689  -30.747  -33.745  51.197 0.1250000000
44784  -30.819  -33.747  50.849 0.1250000000
46419  -31.692  -32.383  51.058 0.1250000000
47200  -32.224  -31.367  51.263 0.1250000000
47201  -32.484  -30.664  50.969 0.2500000000
48821  -33.279  -29.034  51.617 0.2500000000
48828  -33.503  -28.446  51.171 0.2500000000
50570  -34.667  -26.740  51.077 0.2500000000
43097  -30.373  -35.363  49.831 0.1250000000
44795  -30.638  -34.246  50.522 0.1250000000
44796  -30.803  -33.821  50.482 0.1250000000
125238  -31.094  -33.200  50.240 0.1250000000
46420  -32.149  -31.561  50.776 0.1250000000
47982  -32.766  -29.786  51.238 0.2500000000
129008  -32.734  -29.300  50.533 0.2500000000
48834  -33.149  -28.594  50.543 0.2500000000
49704  -33.435  -28.009  50.315 0.2500000000
115220  -34.105  -27.397  50.653 0.2500000000
50586  -34.156  -27.104  50.132 0.3750000000
116557  -30.048  -35.912  49.175 0.2500000000
43965  -30.530  -34.733  49.568 0.2500000000
121110  -30.811  -33.615  49.708 0.1250000000
46444  -31.414  -32.252  50.079 0.1250000000
46445  -31.705  -31.449  49.824 0.2500000000
126512  -32.422  -29.932  50.300 0.2500000000
47995  -32.221  -29.833  49.850 0.2500000000
49703  -33.116  -28.046  49.830 0.3750000000
34594  -15.280  -45.060  47.356 0.3750000000
43122  -30.211  -35.697  48.425 0.2500000000
118263  -30.662  -33.554  49.077 0.2500000000
120710  -30.767  -32.731  48.999 0.2500000000
46457  -31.374  -31.376  49.254 0.2500000000
48003  -31.966  -29.754  49.349 0.3750000000
48840  -32.816  -28.456  49.953 0.3750000000
48845  -32.447  -28.470  49.249 0.3750000000
35523  -15.757  -44.594  46.745 0.5000000000
35532  -16.146  -44.635  45.459 0.5000000000
36486  -17.349  -43.568  44.747 0.5000000000
36485  -16.700  -44.367  44.121 0.3750000000
36495  -17.303  -43.762  43.713 0.2500000000
37380  -17.756  -43.356  43.341 0.2500000000
37390  -18.120  -43.327  42.510 0.1250000000
38210  -19.253  -42.415  41.516 0.1250000000
38956  -19.498  -41.660  41.902 0.2500000000
38211  -19.711  -42.032  41.056 0.1250000000
120087  -20.180  -41.814  40.568 0.1250000000
38993  -20.500  -41.237  40.410 0.1250000000
39760  -21.352  -40.528  39.632 0.2500000000
46594  -31.517  -32.758  35.404 0.2500000000
35458  -12.112  -44.598  53.577 0.1250000000
35467  -12.409  -45.080  53.168 0.1250000000
35457  -11.460  -44.551  53.168 0.1250000000
34519  -12.760  -45.206  53.004 0.1250000000
35464  -10.741  -44.210  52.132 0.1250000000
35466  -11.815  -45.136  52.997 0.1250000000
120507  -12.656  -45.611  52.473 0.1250000000
34523  -13.203  -45.463  52.393 0.1250000000
119978  -29.207  -36.541  50.743 0.1250000000
43077  -29.047  -35.982  51.399 0.1250000000
43930  -29.592  -34.699  51.802 0.1250000000
45586  -29.064  -33.587  52.623 0.1250000000
128280  -29.813  -31.309  53.456 0.1250000000
50533  -32.105  -27.877  53.720 0.2500000000
126339  -33.073  -27.839  53.505 0.2500000000
50545  -33.809  -27.725  53.168 0.2500000000
43939  -29.496  -35.292  51.431 0.1250000000
45571  -29.297  -32.865  52.814 0.1250000000
46398  -29.741  -32.012  53.095 0.1250000000
48808  -31.097  -29.426  53.506 0.2500000000
48814  -32.182  -29.455  53.122 0.2500000000
109781  -34.169  -27.160  53.317 0.2500000000
50556  -34.454  -27.418  51.864 0.2500000000
34540  -14.003  -45.722  51.381 0.3750000000
33563  -14.343  -45.806  50.728 0.3750000000
41359  -29.227  -37.526  49.521 0.1250000000
42216  -29.629  -36.583  49.964 0.1250000000
44782  -30.162  -34.407  51.616 0.1250000000
49659  -33.803  -27.976  52.620 0.2500000000
49670  -33.937  -27.883  52.073 0.2500000000
34541  -14.477  -45.626  51.149 0.3750000000
40465  -29.040  -38.178  48.695 0.2500000000
41374  -29.149  -37.777  49.068 0.1250000000
43096  -29.973  -36.144  49.484 0.1250000000
120676  -28.596  -38.593  48.324 0.3750000000
42238  -29.452  -37.155  48.673 0.2500000000
124651  -29.662  -36.555  49.057 0.1250000000
40501  -28.494  -38.351  47.125 0.3750000000
40487  -29.066  -38.088  47.939 0.3750000000
41395  -29.418  -37.628  47.915 0.3750000000
42249  -29.776  -36.837  48.219 0.3750000000
35518  -16.377  -43.862  46.918 0.5000000000
40502  -28.886  -38.010  47.326 0.3750000000
41401  -29.314  -37.586  47.320 0.3750000000
43121  -30.124  -36.321  47.886 0.3750000000
118151  -30.456  -34.362  48.373 0.2500000000
45652  -30.532  -33.385  48.301 0.2500000000
46469  -30.650  -32.486  48.338 0.3750000000
47227  -31.534  -30.587  49.006 0.3750000000
119880  -32.121  -29.104  49.116 0.3750000000
48856  -31.999  -28.999  48.623 0.3750000000
108818  -17.342  -43.324  46.792 0.5000000000
115190  -28.335  -38.303  46.370 0.3750000000
40519  -28.819  -37.601  46.080 0.5000000000
42266  -29.879  -36.624  46.308 0.3750000000
43155  -30.080  -35.691  46.237 0.5000000000
118376  -30.210  -34.454  46.727 0.3750000000
117194  -30.448  -33.103  47.544 0.3750000000
48014  -31.723  -29.743  48.784 0.3750000000
35524  -16.274  -44.254  46.129 0.5000000000
36467  -16.990  -43.625  46.188 0.5000000000
123125  -17.736  -43.272  46.200 0.5000000000
109908  -29.038  -37.264  45.632 0.6250000000
41422  -29.101  -36.968  45.002 0.6250000000
43165  -29.538  -35.979  45.250 0.6250000000
44019  -29.865  -35.207  45.966 0.3750000000
119744  -30.022  -34.110  46.222 0.2500000000
36476  -16.729  -44.025  45.334 0.5000000000
36477  -17.559  -43.413  45.632 0.5000000000
37371  -17.844  -43.126  44.240 0.5000000000
37381  -18.233  -42.742  43.638 0.3750000000
38177  -18.595  -42.407  42.944 0.3750000000
38194  -19.045  -42.058  42.367 0.2500000000
46608  -31.613  -32.630  34.389 0.3750000000
45812  -33.576  -33.212  35.403 0.1250000000
35459  -12.669  -44.721  53.540 0.1250000000
36398  -11.442  -43.914  53.622 0.1250000000
127808  -13.301  -44.990  52.982 0.1250000000
34533  -14.588  -45.353  51.639 0.1250000000
110348  -13.968  -45.427  51.948 0.1250000000
42206  -28.532  -36.904  51.189 0.1250000000
117119  -28.906  -35.188  51.813 0.1250000000
115324  -14.743  -45.554  50.998 0.3750000000
123461  -28.366  -38.508  50.268 0.1250000000
42214  -28.492  -37.869  50.648 0.1250000000
40448  -28.428  -38.722  49.742 0.1250000000
41373  -28.864  -38.277  49.307 0.1250000000
40454  -28.479  -38.831  49.233 0.2500000000
115235  -27.731  -39.426  48.354 0.2500000000
40485  -28.259  -38.751  47.562 0.2500000000
39680  -28.024  -39.096  47.919 0.2500000000
40500  -28.124  -38.675  46.741 0.3750000000
40517  -28.008  -38.611  45.726 0.5000000000
40518  -28.435  -38.004  45.708 0.3750000000
36468  -18.203  -42.844  46.537 0.5000000000
40536  -28.719  -37.584  45.472 0.7500000000
41437  -28.998  -36.900  44.394 0.6250000000
126351  -29.504  -35.585  44.810 0.5000000000
113929  -18.234  -43.040  45.883 0.6250000000
37356  -18.712  -42.568  45.517 0.5000000000
45828  -32.489  -32.988  33.872 0.5000000000
34524  -13.913  -44.967  52.583 0.1250000000
34520  -13.108  -44.668  53.490 0.1250000000
34556  -15.173  -45.177  50.971 0.1250000000
43929  -28.442  -34.789  51.900 0.1250000000
45585  -28.303  -33.388  52.360 0.1250000000
34542  -15.058  -45.168  51.460 0.1250000000
35488  -15.732  -44.506  50.847 0.3750000000
41357  -27.945  -38.489  50.855 0.1250000000
118801  -27.857  -37.693  51.378 0.1250000000
39653  -27.505  -39.606  49.849 0.2500000000
39661  -27.268  -39.846  49.533 0.2500000000
39679  -27.418  -39.412  47.670 0.5000000000
37342  -18.789  -42.345  46.526 0.5000000000
40516  -27.304  -39.057  45.455 0.6250000000
35461  -14.900  -44.164  53.343 0.1250000000
34525  -14.776  -44.858  52.297 0.1250000000
35474  -15.671  -44.382  52.045 0.1250000000
35475  -16.440  -43.889  52.179 0.1250000000
34534  -15.171  -44.888  51.958 0.1250000000
35480  -16.622  -43.864  51.582 0.1250000000
39642  -26.554  -39.909  51.176 0.1250000000
120041  -26.996  -37.592  51.752 0.1250000000
43075  -27.689  -35.877  51.671 0.1250000000
116979  -28.287  -35.330  51.741 0.1250000000
35479  -15.687  -44.464  51.532 0.1250000000
127205  -26.173  -40.659  50.355 0.1250000000
39646  -26.818  -40.038  50.487 0.2500000000
40441  -27.484  -39.031  50.994 0.1250000000
44771  -28.188  -34.184  51.998 0.1250000000
35489  -16.411  -43.940  50.663 0.2500000000
38146  -19.272  -41.954  45.554 0.6250000000
129363  -34.307  -33.379  32.241 0.3750000000
46648  -37.288  -32.265  31.419 0.1250000000
47402  -37.682  -31.546  31.017 0.1250000000
35470  -16.336  -43.871  52.723 0.1250000000
35476  -17.392  -43.621  52.283 0.1250000000
38889  -25.906  -40.716  50.949 0.1250000000
35490  -17.145  -43.448  50.455 0.2500000000
114265  -25.642  -41.002  50.507 0.2500000000
38904  -23.708  -41.451  49.601 0.3750000000
38913  -22.337  -40.863  48.635 0.3750000000
38919  -22.731  -40.652  48.296 0.3750000000
38134  -21.573  -40.818  48.103 0.5000000000
121512  -21.996  -40.602  47.705 0.3750000000
48234  -37.108  -30.983  30.468 0.1250000000
122883  -37.893  -30.581  30.878 0.1250000000
128612  -37.368  -30.115  30.418 0.1250000000
48233  -36.446  -30.225  30.065 0.2500000000
107966  -37.175  -29.357  30.104 0.1250000000
49926  -38.577  -28.738  30.549 0.1250000000
125324  -36.301  -29.328  29.809 0.1250000000
49051  -36.857  -28.723  29.590 0.1250000000
49052  -37.787  -28.679  30.082 0.1250000000
49939  -37.514  -28.357  29.394 0.1250000000
107566  -39.165  -28.374  29.341 0.1250000000
49911  -34.371  -28.903  31.345 0.5000000000
49924  -34.666  -28.928  29.977 0.3750000000
49925  -35.663  -28.737  29.554 0.2500000000
49937  -35.374  -28.232  29.057 0.2500000000
114117  -33.711  -27.556  29.538 0.5000000000
125520  -34.384  -27.865  28.844 0.3750000000
126307  -38.654  -27.099  24.536 0.3750000000
51644  -40.299  -26.048  23.611 0.3750000000
52528  -40.810  -25.432  23.176 0.2500000000
107557  -39.908  -25.156  32.746 0.3750000000
107550  -40.264  -25.489  31.892 0.2500000000
107546  -40.563  -25.763  31.251 0.5000000000
70434  -52.582  -3.895  9.741 0.1250000000
68886  -53.354  -5.526  9.342 0.1250000000
69699  -52.776  -4.640  9.329 0.1250000000
69705  -53.332  -4.641  8.676 0.1250000000
70426  -52.230  -3.732  10.482 0.2500000000
69670  -50.574  -4.595  13.391 0.3750000000
70401  -51.422  -3.733  13.270 0.3750000000
69678  -50.875  -4.232  12.812 0.3750000000
70410  -52.158  -3.263  12.264 0.3750000000
70411  -52.790  -2.728  11.926 0.3750000000
70419  -51.608  -3.837  11.723 0.1250000000
70421  -52.762  -2.803  10.983 0.2500000000
70427  -52.866  -3.012  10.072 0.2500000000
71186  -53.585  -2.460  9.689 0.2500000000
69660  -51.680  -4.931  15.204 0.5000000000
69661  -52.636  -4.905  15.345 0.5000000000
69667  -52.148  -4.309  14.816 0.5000000000
70396  -51.848  -3.725  14.013 0.3750000000
70402  -52.096  -3.344  13.140 0.3750000000
111004  -52.827  -2.826  12.900 0.3750000000
71181  -54.158  -1.728  11.211 0.2500000000
71180  -53.504  -2.322  10.628 0.2500000000
111010  -54.172  -1.781  10.282 0.2500000000
71187  -54.230  -1.896  9.445 0.2500000000
71993  -55.523  -0.904  8.455 0.2500000000
71200  -56.145  -1.757  6.796 0.2500000000
69655  -53.187  -5.378  15.847 0.5000000000
70391  -53.298  -3.845  15.079 0.5000000000
109453  -52.763  -3.160  13.819 0.5000000000
70403  -53.653  -2.506  13.658 0.5000000000
71163  -53.539  -2.233  12.571 0.5000000000
71964  -54.732  -1.135  11.779 0.3750000000
71974  -54.799  -1.154  10.844 0.3750000000
71975  -55.412  -0.584  10.439 0.3750000000
71984  -54.799  -1.256  9.850 0.3750000000
71985  -55.347  -0.670  9.395 0.3750000000
71188  -54.815  -1.580  8.781 0.3750000000
71994  -55.858  -0.296  8.193 0.3750000000
72000  -55.805  -1.244  7.628 0.2500000000
72001  -56.264  -0.780  7.367 0.2500000000
109436  -55.869  -0.206  12.211 0.2500000000
71976  -55.890  0.136  9.913 0.3750000000
71986  -55.645  -0.121  8.958 0.3750000000
72829  -56.041  0.353  8.977 0.3750000000
127610  -16.220  -43.955  47.556 0.5000000000
47239  -31.226  -30.600  48.353 0.3750000000
42275  -29.352  -36.419  45.123 0.6250000000
121105  -14.885  -45.694  46.956 0.5000000000
129746  -15.005  -45.849  46.242 0.3750000000
35517  -15.791  -44.389  47.521 0.3750000000
37372  -18.481  -42.625  44.644 0.5000000000
38975  -19.998  -41.191  41.290 0.2500000000
45829  -33.378  -33.290  34.285 0.3750000000
45810  -30.678  -33.277  35.085 0.3750000000
46618  -31.895  -32.529  33.226 0.6250000000
39652  -27.078  -39.980  49.964 0.2500000000
39660  -26.818  -40.123  49.415 0.1250000000
124333  -25.368  -41.095  50.126 0.2500000000
38905  -24.633  -41.278  49.871 0.2500000000
39667  -23.563  -40.491  48.282 0.3750000000
39670  -27.419  -39.737  48.985 0.1250000000
49037  -34.710  -29.713  31.916 0.5000000000
48232  -34.929  -30.497  30.377 0.3750000000
39687  -27.199  -39.294  46.851 0.5000000000
49045  -34.392  -29.676  31.041 0.3750000000
49050  -35.321  -29.766  29.977 0.2500000000
40499  -27.659  -38.995  46.343 0.6250000000
112182  -30.582  -32.216  47.680 0.3750000000
40534  -28.145  -38.314  44.897 0.7500000000
41421  -28.855  -37.315  44.988 0.6250000000
43166  -29.683  -35.512  45.501 0.5000000000
51632  -39.876  -26.651  24.144 0.2500000000
51643  -39.435  -26.090  23.648 0.5000000000
107930  -52.288  -5.551  15.665 0.5000000000
69671  -50.949  -4.096  13.727 0.3750000000
50782  -35.487  -28.042  28.351 0.3750000000
32680  -7.727  -47.768  48.092 0.1250000000
126981  -7.629  -47.196  47.946 0.2500000000
117442  -8.326  -46.126  48.429 0.3750000000
34554  -9.876  -46.027  50.435 0.3750000000
32646  -11.312  -47.290  50.114 0.3750000000
32661  -12.118  -47.518  49.175 0.3750000000
32682  -11.894  -48.843  47.244 0.2500000000
32683  -12.622  -48.114  47.205 0.2500000000
32673  -12.930  -47.391  48.194 0.2500000000
121647  -13.190  -47.869  46.747 0.2500000000
32703  -14.146  -48.639  45.168 0.2500000000
34651  -17.476  -46.714  42.359 0.1250000000
36445  -8.963  -45.651  48.112 0.3750000000
125667  -14.848  -46.354  45.541 0.1250000000
35543  -16.092  -45.213  43.972 0.1250000000
34636  -15.800  -46.777  43.340 0.1250000000
35569  -18.337  -45.938  41.828 0.1250000000
35477  -10.130  -45.139  50.578 0.2500000000
34539  -10.664  -45.943  51.058 0.3750000000
37289  -10.324  -44.482  50.127 0.1250000000
33579  -13.026  -46.515  50.287 0.5000000000
35582  -18.570  -45.273  41.521 0.1250000000
129991  -20.324  -43.999  40.403 0.1250000000
35584  -20.318  -45.204  41.406 0.1250000000
36522  -20.988  -44.251  40.417 0.1250000000
36521  -19.743  -43.989  40.617 0.1250000000
37399  -19.254  -43.341  41.087 0.1250000000
35465  -11.046  -44.859  52.480 0.1250000000
47970  -32.624  -29.627  52.427 0.2500000000
44773  -29.730  -34.130  52.161 0.1250000000
122191  -31.517  -30.004  53.217 0.1250000000
47184  -31.933  -30.710  52.389 0.1250000000
43084  -29.655  -35.823  50.823 0.1250000000
46410  -31.771  -31.877  51.629 0.1250000000
47192  -32.479  -30.440  51.483 0.1250000000
47975  -32.774  -29.682  51.809 0.2500000000
48822  -33.641  -28.309  51.708 0.2500000000
48827  -33.085  -29.192  50.963 0.2500000000
49690  -33.747  -27.918  50.887 0.2500000000
43952  -30.615  -34.442  50.128 0.1250000000
45599  -31.185  -33.169  50.755 0.1250000000
46429  -31.576  -32.371  50.585 0.1250000000
116894  -32.344  -30.766  50.526 0.2500000000
47987  -32.593  -29.915  50.747 0.2500000000
42239  -29.689  -36.666  48.615 0.2500000000
43109  -30.281  -35.462  49.106 0.2500000000
44807  -30.741  -34.037  49.975 0.1250000000
47206  -32.182  -30.752  50.064 0.2500000000
43108  -29.948  -36.180  48.600 0.2500000000
43975  -30.451  -34.992  48.849 0.2500000000
44822  -30.607  -34.246  49.302 0.3750000000
45627  -31.006  -32.918  49.637 0.2500000000
46456  -30.929  -32.016  48.954 0.2500000000
47216  -31.869  -30.633  49.576 0.2500000000
111840  -32.325  -29.030  49.623 0.2500000000
42258  -29.946  -36.889  47.756 0.3750000000
118796  -30.328  -35.193  48.157 0.3750000000
43134  -30.304  -35.774  47.701 0.3750000000
116726  -30.380  -34.010  47.494 0.2500000000
47226  -30.956  -31.508  48.514 0.2500000000
41358  -28.821  -37.976  50.045 0.1250000000
43076  -28.358  -36.029  51.763 0.1250000000
44772  -28.879  -34.311  52.258 0.1250000000
45570  -28.505  -32.811  52.682 0.1250000000
126724  -29.456  -30.877  53.625 0.1250000000
49648  -30.537  -28.701  53.790 0.2500000000
41384  -28.802  -38.409  49.013 0.2500000000
124654  -29.524  -36.945  49.137 0.1250000000
40475  -28.968  -38.218  48.348 0.2500000000
39672  -28.327  -38.937  48.617 0.3750000000
41385  -29.241  -37.692  48.646 0.2500000000
40464  -28.555  -38.751  49.048 0.2500000000
125459  -28.753  -38.402  48.161 0.3750000000
41386  -29.484  -37.270  48.346 0.2500000000
41390  -29.276  -37.760  48.312 0.3750000000
41396  -29.699  -37.249  47.583 0.3750000000
128989  -28.983  -37.664  46.752 0.3750000000
41409  -29.235  -37.335  46.403 0.3750000000
42262  -30.034  -36.831  47.090 0.3750000000
43145  -30.316  -35.752  46.942 0.3750000000
43989  -30.309  -34.984  47.403 0.3750000000
41402  -29.666  -37.109  46.784 0.5000000000
43144  -30.180  -36.266  46.620 0.3750000000
118546  -29.628  -36.403  45.684 0.5000000000
37355  -18.085  -43.073  45.174 0.5000000000
35468  -14.586  -44.504  52.863 0.1250000000
40453  -28.028  -39.192  49.745 0.2500000000
39647  -27.458  -39.563  50.205 0.2500000000
39663  -28.283  -39.061  49.022 0.2500000000
39662  -27.710  -39.491  49.464 0.2500000000
122829  -27.991  -39.119  47.827 0.3750000000
39671  -27.947  -39.357  48.917 0.2500000000
40484  -27.854  -39.042  47.188 0.3750000000
42205  -27.666  -36.765  51.708 0.1250000000
45584  -27.946  -32.879  52.049 0.1250000000
40446  -27.188  -39.563  50.755 0.1250000000
34526  -15.576  -44.306  52.484 0.1250000000
39645  -26.216  -40.418  51.010 0.1250000000
40439  -26.072  -39.366  51.756 0.1250000000
40440  -26.878  -39.202  51.384 0.1250000000
43928  -27.894  -34.928  51.547 0.1250000000
44770  -27.858  -34.259  51.453 0.1250000000
38897  -26.445  -40.393  50.360 0.1250000000
38890  -26.241  -40.492  50.695 0.1250000000
38896  -25.861  -40.794  50.684 0.1250000000
120015  -27.937  -33.598  51.777 0.1250000000
111031  -17.193  -43.591  51.184 0.2500000000
38914  -23.221  -40.992  48.882 0.3750000000
38895  -24.852  -41.340  50.558 0.2500000000
38107  -25.039  -41.150  50.783 0.2500000000
48235  -38.026  -29.452  30.696 0.1250000000
49938  -36.400  -28.209  29.002 0.1250000000
49948  -37.360  -28.246  28.474 0.1250000000
126965  -34.810  -28.393  29.453 0.3750000000
107545  -41.411  -25.799  31.137 0.2500000000
69698  -52.313  -4.661  9.970 0.1250000000
68885  -52.712  -5.312  9.774 0.1250000000
70435  -53.101  -3.495  9.132 0.1250000000
70409  -51.525  -3.716  12.528 0.3750000000
70420  -52.170  -3.362  11.383 0.3750000000
69668  -52.859  -4.296  15.086 0.5000000000
70397  -52.745  -3.750  14.561 0.5000000000
71173  -53.510  -2.257  11.567 0.3750000000
70436  -53.939  -2.643  8.694 0.2500000000
112849  -55.287  -1.646  7.956 0.2500000000
112751  -53.484  -3.241  14.522 0.5000000000
71174  -54.172  -1.700  12.168 0.5000000000
118688  -55.170  -0.663  12.252 0.3750000000
71965  -55.347  -0.578  11.453 0.3750000000
72837  -56.249  0.134  8.162 0.3750000000
71966  -56.076  -0.128  11.090 0.2500000000
43254  -31.474  -36.993  35.152 0.2500000000
44949  -30.939  -33.832  35.514 0.1250000000
45792  -31.342  -33.214  35.929 0.2500000000
44951  -31.772  -33.375  36.745 0.1250000000
45811  -32.411  -32.874  35.239 0.2500000000
125186  -31.461  -32.857  35.817 0.2500000000
54008  -41.072  -23.526  45.416 0.1250000000
54790  -41.311  -22.837  45.629 0.1250000000
52194  -40.745  -24.406  46.123 0.1250000000
53127  -40.699  -24.298  45.171 0.1250000000
118407  -40.748  -24.166  44.182 0.1250000000
53138  -40.724  -23.955  43.209 0.1250000000
122547  -40.402  -25.093  46.312 0.1250000000
52207  -40.377  -25.166  44.923 0.1250000000
52221  -40.443  -24.940  43.911 0.1250000000
125111  -40.040  -26.201  43.722 0.1250000000
128805  -40.245  -25.535  43.633 0.1250000000
54783  -41.090  -22.212  46.154 0.1250000000
109671  -40.806  -23.800  42.388 0.1250000000
53998  -41.013  -23.432  46.349 0.1250000000
52231  -40.328  -24.749  43.132 0.1250000000
52182  -40.481  -24.792  46.727 0.1250000000
51443  -39.705  -26.374  43.237 0.1250000000
51444  -40.030  -25.675  43.102 0.1250000000
51450  -39.612  -26.284  42.785 0.1250000000
128409  -39.545  -26.285  42.445 0.1250000000
123822  -39.360  -26.716  42.396 0.1250000000
56432  -41.040  -20.767  45.557 0.1250000000
55545  -40.290  -21.197  47.393 0.1250000000
55546  -40.667  -21.726  46.870 0.1250000000
54773  -40.471  -22.150  47.637 0.1250000000
54774  -40.834  -22.771  47.031 0.1250000000
55537  -40.090  -21.482  48.162 0.1250000000
54767  -40.135  -22.530  48.370 0.1250000000
53961  -38.867  -23.716  49.756 0.1250000000
53097  -39.395  -23.946  48.988 0.1250000000
53973  -39.753  -22.928  49.049 0.1250000000
51457  -39.459  -26.268  41.948 0.1250000000
53090  -37.975  -24.714  50.021 0.1250000000
50666  -39.140  -27.006  41.808 0.1250000000
55555  -40.431  -21.018  46.731 0.1250000000
56430  -39.765  -20.584  46.640 0.1250000000
56419  -40.036  -20.662  47.026 0.1250000000
56443  -39.242  -20.710  46.061 0.1250000000
55536  -39.601  -20.823  48.652 0.1250000000
53950  -38.858  -22.823  50.044 0.1250000000
55527  -38.685  -20.527  49.993 0.1250000000
56416  -37.674  -19.932  47.598 0.1250000000
51474  -38.538  -25.969  39.625 0.2500000000
52291  -38.854  -25.060  39.237 0.2500000000
52304  -38.155  -25.161  37.773 0.3750000000
52290  -38.263  -25.762  38.748 0.2500000000
52324  -39.034  -24.679  36.800 0.2500000000
53337  -43.943  -24.738  25.049 0.1250000000
52346  -39.826  -24.698  35.905 0.2500000000
51620  -42.379  -26.482  25.254 0.1250000000
51603  -43.529  -26.571  26.357 0.1250000000
51645  -41.102  -25.984  23.756 0.1250000000
52518  -41.685  -25.868  24.047 0.1250000000
122444  -42.842  -25.670  24.810 0.1250000000
116987  -43.406  -25.055  24.735 0.1250000000
53342  -43.018  -24.067  23.900 0.1250000000
113889  -39.427  -24.812  35.111 0.2500000000
52365  -40.093  -24.905  34.321 0.2500000000
53351  -42.243  -24.629  23.516 0.1250000000
54199  -41.939  -23.117  22.853 0.1250000000
54192  -42.498  -23.635  23.307 0.1250000000
54198  -40.448  -23.705  22.616 0.1250000000
119893  -40.585  -22.962  22.580 0.1250000000
55875  -41.281  -21.718  22.681 0.1250000000
54980  -40.301  -22.099  22.603 0.2500000000
57499  -39.529  -19.440  22.741 0.2500000000
118477  -39.981  -18.067  22.202 0.3750000000
59100  -42.238  -17.342  21.161 0.1250000000
59972  -44.827  -16.430  20.221 0.1250000000
59985  -44.095  -16.097  19.864 0.1250000000
129215  -44.744  -16.118  19.897 0.1250000000
111395  -45.627  -16.533  20.592 0.1250000000
69654  -55.133  -4.174  17.874 0.1250000000
69653  -54.731  -4.830  17.365 0.2500000000
70383  -55.598  -3.577  17.495 0.1250000000
69657  -54.574  -4.570  16.603 0.2500000000
69656  -53.918  -5.063  16.202 0.2500000000
69658  -55.149  -4.226  17.070 0.2500000000
113512  -55.075  -4.028  16.552 0.2500000000
69663  -54.130  -4.364  16.002 0.2500000000
70386  -54.699  -3.884  16.045 0.2500000000
69662  -53.443  -4.537  15.599 0.3750000000
70392  -54.024  -3.623  15.356 0.3750000000
71159  -54.558  -2.123  13.919 0.3750000000
71164  -54.220  -1.758  13.120 0.3750000000
71954  -54.737  -1.182  12.667 0.3750000000
70393  -54.925  -3.068  15.332 0.3750000000
70398  -54.260  -2.789  14.590 0.3750000000
71165  -54.966  -1.433  13.458 0.3750000000
112570  -38.374  -20.783  45.747 0.1250000000
52156  -37.991  -24.995  49.286 0.2500000000
52165  -37.620  -25.367  48.696 0.3750000000
119122  -38.595  -24.400  49.532 0.2500000000
53104  -39.381  -24.647  48.119 0.1250000000
53112  -40.413  -24.315  47.331 0.1250000000
125836  -40.242  -25.668  45.653 0.1250000000
44103  -30.414  -36.260  34.118 0.3750000000
117650  -30.510  -35.320  34.174 0.2500000000
53984  -40.407  -23.301  47.754 0.1250000000
53974  -39.953  -23.395  48.480 0.1250000000
51434  -40.251  -25.795  44.312 0.1250000000
54197  -39.637  -23.003  22.640 0.1250000000
55874  -39.621  -21.331  22.721 0.2500000000
59088  -39.180  -17.511  22.738 0.3750000000
59090  -40.722  -17.674  21.729 0.2500000000
60867  -43.430  -15.373  19.644 0.2500000000
44958  -31.080  -34.809  35.156 0.2500000000
53349  -40.443  -24.628  22.776 0.1250000000
58290  -39.351  -18.518  22.714 0.2500000000
46585  -31.866  -32.841  36.177 0.1250000000
72846  -56.463  -0.174  7.509 0.2500000000
111570  -41.380  -26.354  24.356 0.1250000000
43253  -30.851  -36.830  34.578 0.2500000000
44104  -31.228  -36.025  34.881 0.2500000000
44095  -31.632  -35.294  35.955 0.1250000000
44950  -31.335  -34.064  36.214 0.1250000000
55563  -41.379  -21.395  45.544 0.1250000000
112333  -40.436  -25.083  45.786 0.1250000000
53113  -40.757  -24.181  46.766 0.1250000000
53985  -40.768  -23.653  47.092 0.1250000000
56444  -40.188  -20.653  45.853 0.1250000000
56431  -40.422  -20.722  46.208 0.1250000000
55544  -39.783  -20.701  47.801 0.1250000000
54766  -39.764  -21.864  48.902 0.1250000000
53091  -38.392  -24.145  50.170 0.1250000000
53949  -38.565  -23.531  50.231 0.1250000000
53962  -39.297  -23.203  49.520 0.1250000000
55528  -39.338  -21.149  49.494 0.1250000000
56394  -38.939  -20.254  49.157 0.1250000000
54757  -39.371  -22.296  49.562 0.1250000000
55520  -38.924  -21.640  50.126 0.1250000000
119483  -38.515  -22.119  50.558 0.1250000000
56383  -37.984  -20.027  50.286 0.1250000000
57233  -37.589  -19.716  49.255 0.1250000000
129943  -37.380  -20.134  46.783 0.1250000000
56403  -37.421  -19.843  48.437 0.1250000000
56415  -36.871  -20.074  47.579 0.1250000000
53343  -43.519  -24.395  24.500 0.1250000000
51619  -41.643  -26.714  24.938 0.1250000000
51633  -42.055  -26.120  24.555 0.1250000000
51621  -43.181  -26.186  25.598 0.1250000000
121705  -42.239  -25.440  24.100 0.1250000000
52529  -41.598  -25.382  23.548 0.1250000000
52511  -43.618  -25.445  25.280 0.1250000000
52519  -42.915  -24.902  24.222 0.1250000000
53350  -41.372  -24.752  22.996 0.1250000000
54191  -41.764  -23.975  22.937 0.1250000000
53359  -41.081  -24.128  22.717 0.1250000000
54981  -41.247  -22.598  22.661 0.1250000000
54974  -42.612  -22.724  23.220 0.1250000000
56711  -40.472  -21.080  22.630 0.2500000000
54982  -42.001  -22.244  22.861 0.1250000000
57500  -40.627  -20.041  22.610 0.2500000000
58291  -40.329  -18.980  22.421 0.2500000000
111683  -55.515  -3.631  16.815 0.1250000000
57232  -36.850  -19.807  49.247 0.1250000000
34623  -15.230  -46.904  44.015 0.1250000000
33670  -16.427  -47.519  43.158 0.1250000000
37315  -20.751  -41.400  48.877 0.3750000000
39014  -22.511  -41.164  39.380 0.1250000000
128888  -22.271  -40.755  39.134 0.1250000000
39780  -23.369  -40.073  38.254 0.1250000000
39761  -22.030  -40.266  39.054 0.1250000000
39779  -22.671  -39.704  38.552 0.1250000000
128071  -23.795  -39.206  37.567 0.1250000000
108463  -39.802  -24.978  33.655 0.2500000000
107556  -40.732  -25.327  32.529 0.2500000000
107549  -41.031  -25.594  31.831 0.2500000000
52436  -41.875  -25.836  30.355 0.2500000000
58201  -44.684  -18.225  30.066 0.2500000000
58998  -45.030  -17.955  30.744 0.2500000000
113154  -20.579  -41.266  48.043 0.3750000000
64112  -50.531  -11.069  24.826 0.2500000000
33655  -14.999  -47.779  44.239 0.1250000000
39013  -21.837  -41.165  39.406 0.1250000000
120623  -22.172  -41.835  39.587 0.1250000000
39762  -22.794  -40.535  38.870 0.1250000000
53078  -36.871  -24.609  51.829 0.2500000000
53071  -35.445  -24.711  52.820 0.1250000000
51346  -32.975  -26.336  53.853 0.1250000000
51352  -33.885  -26.485  53.547 0.1250000000
51353  -34.774  -26.679  53.064 0.1250000000
51354  -35.315  -26.392  52.482 0.1250000000
52129  -36.482  -25.357  51.739 0.1250000000
117875  -32.556  -27.062  53.849 0.1250000000
50546  -34.366  -27.438  52.672 0.1250000000
52128  -35.862  -25.732  52.284 0.1250000000
51359  -34.941  -26.937  52.246 0.1250000000
52136  -35.891  -25.881  51.453 0.1250000000
50557  -34.827  -26.864  51.580 0.1250000000
51366  -35.313  -26.307  51.257 0.1250000000
53926  -35.614  -23.701  52.645 0.1250000000
53927  -36.453  -23.692  52.256 0.1250000000
53937  -37.184  -23.742  51.739 0.2500000000
53077  -36.260  -24.722  52.365 0.1250000000
53070  -34.494  -24.566  53.294 0.1250000000
53084  -37.369  -24.567  51.237 0.2500000000
52119  -33.387  -25.614  53.737 0.1250000000
115414  -36.946  -25.120  51.297 0.2500000000
51345  -31.980  -26.135  54.108 0.1250000000
48807  -30.041  -29.404  53.820 0.1250000000
117209  -30.007  -27.920  54.022 0.1250000000
51344  -31.023  -26.214  54.112 0.1250000000
122851  -31.332  -25.695  54.117 0.1250000000
112868  -29.528  -27.113  54.298 0.1250000000
53085  -37.828  -24.484  50.633 0.2500000000
52110  -32.522  -25.418  53.971 0.1250000000
52138  -37.218  -25.121  50.727 0.2500000000
128626  -37.584  -24.903  50.355 0.2500000000
52146  -37.347  -25.183  50.029 0.2500000000
112865  -29.160  -26.223  54.447 0.1250000000
52108  -30.707  -25.285  54.179 0.1250000000
52280  -39.069  -25.183  40.087 0.1250000000
53185  -39.620  -24.559  39.657 0.1250000000
127669  -40.405  -24.257  40.187 0.1250000000
53173  -41.354  -24.095  39.845 0.1250000000
53186  -40.535  -24.353  39.281 0.1250000000
53187  -41.577  -24.415  38.947 0.1250000000
53198  -39.607  -24.538  38.766 0.1250000000
117765  -38.774  -24.882  38.456 0.1250000000
126222  -42.964  -24.340  39.444 0.1250000000
52292  -43.268  -24.780  38.057 0.1250000000
53200  -41.765  -24.608  38.059 0.1250000000
53199  -40.663  -24.482  38.343 0.1250000000
52306  -40.998  -24.573  37.400 0.1250000000
53189  -43.588  -24.542  39.025 0.1250000000
52325  -40.319  -24.629  36.683 0.1250000000
53201  -42.537  -24.727  37.846 0.1250000000
53188  -42.591  -24.569  38.706 0.1250000000
52307  -42.045  -24.739  37.237 0.1250000000
52347  -40.889  -24.743  35.890 0.1250000000
52326  -41.434  -24.721  36.569 0.1250000000
52293  -44.125  -24.752  38.216 0.1250000000
52309  -43.781  -24.877  37.343 0.1250000000
52308  -42.942  -24.825  37.227 0.1250000000
52328  -43.424  -24.873  36.586 0.1250000000
52327  -42.467  -24.817  36.425 0.1250000000
118768  -43.103  -24.839  36.009 0.1250000000
113887  -41.417  -24.774  35.211 0.1250000000
52348  -42.384  -24.763  35.487 0.1250000000
108462  -40.617  -25.080  33.454 0.1250000000
113888  -40.476  -24.814  35.113 0.1250000000
115611  -43.800  -24.894  36.003 0.1250000000
108460  -42.613  -24.866  33.750 0.1250000000
52349  -43.257  -24.737  35.398 0.1250000000
129255  -42.719  -24.710  34.752 0.1250000000
108461  -41.558  -25.040  33.436 0.1250000000
52367  -41.949  -24.813  34.500 0.1250000000
52366  -41.031  -24.896  34.341 0.1250000000
113844  -44.019  -24.774  35.315 0.1250000000
52368  -43.404  -24.696  34.562 0.1250000000
128739  -41.078  -25.231  32.937 0.1250000000
107555  -42.222  -25.177  32.739 0.1250000000
124250  -41.406  -25.336  32.511 0.1250000000
113979  -44.774  -24.790  35.226 0.1250000000
108343  -44.949  -24.659  34.452 0.1250000000
108444  -44.188  -24.680  34.469 0.1250000000
52385  -44.288  -24.627  33.624 0.1250000000
107554  -42.915  -25.025  32.919 0.1250000000
52384  -43.500  -24.766  33.624 0.1250000000
107548  -41.951  -25.521  31.815 0.1250000000
52398  -42.788  -25.281  32.146 0.1250000000
56712  -41.406  -20.835  22.688 0.1250000000
55876  -42.046  -21.396  22.898 0.1250000000
112456  -41.609  -20.117  22.704 0.1250000000
112123  -44.348  -24.549  32.947 0.1250000000
52399  -43.591  -24.896  32.659 0.1250000000
52415  -42.693  -25.507  31.464 0.1250000000
107424  -43.405  -25.245  31.598 0.1250000000
107466  -42.275  -25.698  30.985 0.1250000000
61486  -46.174  -14.639  34.124 0.1250000000
52400  -44.145  -24.805  32.132 0.1250000000
52416  -44.109  -24.995  31.299 0.1250000000
107374  -43.011  -25.502  30.897 0.1250000000
52437  -42.712  -25.665  30.251 0.1250000000
60692  -45.608  -15.009  33.441 0.1250000000
61485  -45.702  -13.971  33.526 0.1250000000
60705  -45.236  -15.394  32.629 0.1250000000
61503  -45.215  -14.493  32.748 0.1250000000
62358  -45.889  -13.019  33.015 0.1250000000
60719  -44.791  -14.831  31.944 0.1250000000
62384  -45.385  -13.337  31.616 0.1250000000
61530  -44.781  -14.230  30.604 0.1250000000
62412  -45.102  -13.546  29.740 0.1250000000
52438  -43.377  -25.282  30.288 0.1250000000
126508  -43.587  -25.249  30.893 0.1250000000
53253  -43.985  -24.908  30.514 0.1250000000
59795  -45.998  -15.873  33.061 0.1250000000
59826  -45.079  -16.726  31.738 0.1250000000
59825  -44.586  -16.199  31.179 0.1250000000
62385  -45.734  -12.913  30.895 0.1250000000
62395  -45.266  -13.475  30.698 0.1250000000
62397  -46.719  -12.585  29.755 0.1250000000
62413  -46.024  -12.856  29.215 0.1250000000
58983  -45.324  -17.623  31.515 0.1250000000
59810  -45.473  -16.320  32.430 0.1250000000
58982  -44.721  -17.111  31.003 0.1250000000
63218  -46.441  -12.570  30.665 0.1250000000
58968  -45.717  -17.238  32.229 0.1250000000
62414  -46.941  -12.574  28.892 0.1250000000
58189  -45.566  -18.441  31.270 0.1250000000
63362  -49.147  -12.187  17.469 0.1250000000
64187  -49.222  -11.006  16.510 0.1250000000
69711  -54.465  -4.358  7.525 0.1250000000
70445  -54.089  -3.470  7.859 0.1250000000
71160  -55.235  -1.816  14.163 0.2500000000
71161  -55.901  -1.577  14.425 0.2500000000
115753  -56.062  -0.530  13.001 0.2500000000
71955  -55.386  -0.766  12.939 0.2500000000
71193  -54.668  -2.431  7.894 0.1250000000
70451  -54.734  -3.309  7.200 0.1250000000
71154  -54.871  -2.403  14.597 0.2500000000
71946  -56.574  -0.669  13.415 0.2500000000
71956  -56.725  -0.274  12.625 0.2500000000
72808  -56.782  0.037  11.724 0.1250000000
71199  -55.439  -2.298  7.176 0.1250000000
71208  -55.904  -2.596  6.400 0.1250000000
70458  -56.128  -3.356  5.930 0.1250000000
72809  -56.796  0.306  10.688 0.1250000000
71209  -56.589  -2.363  5.853 0.1250000000
115578  -56.479  0.516  9.748 0.1250000000
72013  -56.936  -1.203  6.094 0.1250000000
71210  -57.083  -1.801  5.543 0.1250000000
50578  -34.546  -26.682  50.581 0.2500000000
123214  -44.580  -15.338  31.275 0.1250000000
61519  -44.931  -14.078  31.362 0.1250000000
64188  -49.996  -11.263  16.500 0.1250000000
65755  -48.921  -9.707  15.893 0.2500000000
48809  -31.625  -28.719  53.565 0.1250000000
50532  -31.029  -27.904  53.837 0.1250000000
115213  -31.560  -27.032  54.018 0.1250000000
72012  -56.625  -1.429  6.428 0.1250000000
71945  -55.770  -1.103  13.647 0.2500000000
52121  -35.171  -25.758  52.969 0.1250000000
52120  -34.280  -25.702  53.400 0.1250000000
51360  -35.438  -26.467  51.858 0.1250000000
52109  -31.623  -25.202  54.049 0.1250000000
50531  -30.515  -27.066  54.108 0.1250000000
50530  -28.721  -27.176  54.328 0.1250000000
51343  -30.078  -26.184  54.244 0.1250000000
52305  -39.597  -24.576  37.729 0.1250000000
122635  -41.734  -24.798  35.919 0.1250000000
62372  -45.412  -13.603  32.564 0.1250000000
115332  -45.083  -14.059  32.067 0.1250000000
60720  -44.878  -15.809  31.905 0.1250000000
63206  -46.024  -12.629  31.517 0.1250000000
62396  -45.837  -12.907  30.113 0.1250000000
71934  -56.613  -1.324  14.667 0.2500000000
70452  -55.404  -3.313  6.560 0.1250000000
71148  -55.692  -2.714  15.719 0.2500000000
110767  -57.443  0.268  11.447 0.1250000000
73592  -57.479  0.513  10.786 0.1250000000
35530  -8.798  -45.588  46.060 0.1250000000
36474  -9.306  -45.068  46.122 0.1250000000
36455  -9.361  -44.949  47.197 0.1250000000
36466  -9.422  -44.844  46.653 0.1250000000
113688  -9.505  -45.137  45.549 0.1250000000
37369  -10.373  -44.246  45.268 0.1250000000
36446  -9.711  -45.281  48.673 0.1250000000
37325  -9.996  -44.621  47.828 0.1250000000
37298  -10.103  -44.841  49.467 0.1250000000
36426  -17.983  -43.254  51.064 0.1250000000
38125  -21.212  -41.063  48.511 0.2500000000
50811  -36.062  -27.588  26.369 0.1250000000
49969  -37.352  -28.344  26.592 0.1250000000
49988  -38.468  -28.124  25.711 0.1250000000
110293  -38.084  -28.459  26.902 0.1250000000
50839  -40.330  -27.155  24.803 0.1250000000
119577  -38.725  -27.662  25.130 0.1250000000
127916  -39.386  -28.193  26.178 0.1250000000
50832  -39.654  -27.664  25.294 0.1250000000
49990  -40.445  -27.639  25.590 0.1250000000
50838  -39.389  -27.192  24.646 0.1250000000
49957  -36.460  -28.142  27.911 0.1250000000
34592  -8.012  -46.007  46.747 0.2500000000
109888  -9.464  -45.184  47.880 0.1250000000
124644  -8.833  -45.356  47.360 0.1250000000
36465  -8.899  -45.283  46.636 0.1250000000
36475  -9.853  -44.588  45.761 0.1250000000
124481  -9.872  -44.961  48.284 0.1250000000
37312  -10.190  -44.651  48.759 0.1250000000
37299  -10.454  -44.154  49.604 0.1250000000
122237  -39.827  -28.016  25.957 0.1250000000
31063  -11.050  -50.082  47.833 0.1250000000
31898  -11.417  -49.605  47.497 0.1250000000
31908  -13.140  -49.329  46.062 0.1250000000
31907  -12.473  -49.117  46.553 0.1250000000
31074  -13.627  -50.184  46.046 0.1250000000
31916  -13.829  -49.373  45.554 0.1250000000
31917  -14.588  -49.403  45.032 0.1250000000
41561  -32.294  -37.529  36.541 0.1250000000
42405  -31.389  -37.568  35.547 0.1250000000
43240  -31.880  -36.425  35.788 0.1250000000
38106  -24.091  -41.608  50.913 0.1250000000
38117  -24.043  -41.703  50.392 0.1250000000
38105  -23.444  -41.940  50.853 0.1250000000
38104  -22.739  -42.058  50.715 0.1250000000
109692  -22.039  -42.214  50.965 0.1250000000
37302  -21.906  -41.950  50.272 0.1250000000
38115  -22.422  -41.700  49.873 0.1250000000
38116  -23.225  -41.817  50.178 0.1250000000
111949  -20.997  -41.675  49.847 0.1250000000
38126  -21.989  -41.078  49.067 0.1250000000
59986  -45.266  -16.131  19.947 0.1250000000
60869  -45.494  -15.595  19.522 0.1250000000
60870  -46.283  -15.452  19.498 0.1250000000
121609  -50.861  -10.481  25.740 0.1250000000
64113  -51.108  -10.413  24.367 0.1250000000
64858  -51.333  -9.782  25.214 0.1250000000
64868  -51.409  -9.749  24.520 0.1250000000
64869  -51.676  -9.290  24.542 0.1250000000
64875  -51.803  -9.273  23.955 0.1250000000
64883  -51.894  -9.385  23.239 0.1250000000
65697  -52.156  -8.913  23.514 0.1250000000
114032  -49.347  -9.161  15.351 0.1250000000
66519  -49.611  -8.067  14.576 0.1250000000
68855  -50.759  -5.009  12.059 0.1250000000
111965  -51.175  -4.264  12.058 0.1250000000
71142  -56.588  -2.476  16.839 0.1250000000
70387  -55.324  -3.464  16.185 0.1250000000
71156  -56.137  -1.953  15.227 0.1250000000
114285  -56.371  -1.087  14.011 0.1250000000
71150  -57.099  -1.874  16.456 0.1250000000
71924  -56.910  -1.611  15.533 0.1250000000
71935  -56.992  -0.772  14.061 0.1250000000
111673  -57.286  -0.934  14.948 0.1250000000
72772  -57.562  -0.394  14.287 0.1250000000
72780  -57.346  -0.288  13.259 0.1250000000
72781  -57.823  0.025  13.674 0.1250000000
72794  -57.886  0.088  12.743 0.1250000000
73583  -57.834  0.321  11.940 0.1250000000
72766  -57.721  -0.444  15.324 0.1250000000
72793  -57.432  0.012  12.250 0.1250000000
42404  -30.729  -37.531  35.001 0.1250000000
60871  -47.073  -15.245  19.496 0.1250000000
66512  -49.790  -8.748  14.769 0.1250000000
64874  -51.530  -9.814  23.813 0.1250000000
38127  -22.809  -41.368  49.402 0.1250000000
69685  -51.352  -4.682  11.337 0.1250000000
64104  -50.977  -10.411  25.106 0.1250000000
53938  -37.765  -23.810  51.184 0.1250000000
71155  -55.425  -2.247  14.923 0.1250000000
37316  -21.574  -41.420  49.453 0.1250000000
31890  -10.807  -49.446  48.149 0.1250000000
31081  -14.263  -49.956  45.585 0.1250000000
60853  -46.844  -15.851  20.098 0.1250000000
70388  -55.902  -2.951  16.513 0.1250000000
71149  -56.415  -2.303  16.067 0.1250000000
71925  -57.553  -1.182  15.932 0.1250000000
38885  -25.608  -40.659  51.215 0.1250000000
40447  -27.876  -39.100  50.340 0.2500000000
40463  -28.119  -39.189  49.339 0.2500000000
40474  -28.624  -38.635  48.675 0.3750000000
40486  -28.651  -38.445  47.882 0.2500000000
40498  -27.100  -39.240  46.170 0.7500000000
40533  -27.422  -38.638  43.902 0.8750000000
40535  -28.503  -37.788  44.932 0.7500000000
40638  -25.869  -39.621  36.842 0.1250000000
41348  -27.305  -38.438  51.449 0.1250000000
41391  -29.652  -37.251  47.976 0.3750000000
41410  -29.459  -36.899  45.831 0.3750000000
42215  -29.065  -37.302  50.311 0.1250000000
42308  -28.726  -36.028  41.659 1.0000000000
42389  -31.955  -37.252  35.875 0.1250000000
43085  -30.182  -35.625  50.263 0.1250000000
43133  -30.229  -36.377  47.352 0.3750000000
43154  -29.966  -36.024  45.989 0.5000000000
43183  -29.350  -35.248  42.197 0.8750000000
43951  -30.556  -34.740  50.123 0.1250000000
43964  -30.445  -35.101  49.691 0.2500000000
44006  -30.165  -35.156  46.536 0.3750000000
44774  -30.424  -33.954  51.685 0.1250000000
44861  -29.916  -34.682  46.072 0.3750000000
44880  -29.660  -34.084  43.865 0.8750000000
45662  -30.257  -33.675  46.781 0.2500000000
46399  -30.680  -32.084  52.604 0.1250000000
46418  -31.287  -32.728  51.511 0.1250000000
46430  -31.955  -31.539  50.334 0.2500000000
46491  -30.379  -32.099  46.457 0.6250000000
46548  -29.297  -32.768  41.152 1.0000000000
47181  -29.136  -31.438  53.404 0.1250000000
47191  -32.142  -31.032  51.842 0.1250000000
48055  -29.596  -30.100  43.198 0.8750000000
48099  -28.466  -29.889  39.630 1.0000000000
48833  -32.554  -29.105  50.152 0.2500000000
48883  -30.738  -29.990  46.699 0.7500000000
48923  -36.931  -28.593  42.223 0.7500000000
48935  -38.021  -28.207  41.848 0.3750000000
48936  -38.025  -28.092  41.981 0.3750000000
48974  -28.920  -28.566  37.860 1.0000000000
49717  -32.474  -28.074  48.774 0.5000000000
49775  -38.970  -27.235  43.915 0.3750000000
49989  -39.152  -28.058  25.745 0.1250000000
50534  -33.454  -27.139  53.595 0.2500000000
50603  -31.466  -27.589  46.452 0.8750000000
50606  -37.894  -26.846  45.873 0.7500000000
50624  -39.195  -26.799  45.203 0.3750000000
51402  -35.718  -25.794  46.042 0.8750000000
51405  -38.627  -26.447  46.501 0.6250000000
52137  -36.508  -25.496  51.064 0.3750000000
52206  -35.052  -25.551  45.650 1.0000000000
54894  -47.189  -22.705  32.718 0.1250000000
56392  -37.242  -19.728  49.956 0.1250000000
56393  -38.161  -19.830  49.640 0.1250000000
60850  -41.699  -15.156  20.793 0.5000000000
109423  -30.359  -30.093  45.390 0.7500000000
113737  -29.910  -31.110  44.586 0.8750000000
116883  -28.632  -37.953  46.568 0.3750000000
117594  -41.208  -23.421  22.672 0.1250000000
118573  -32.673  -26.541  47.546 0.7500000000
118984  -29.252  -31.533  41.452 1.0000000000
120714  -31.171  -32.099  49.504 0.2500000000
126227  -39.928  -25.834  46.380 0.3750000000
127452  -34.474  -25.158  31.577 1.0000000000
128552  -8.438  -45.564  46.871 0.1250000000
129349  -37.790  -26.717  46.268 0.8750000000
