#!ascii label  , from subject sub-v1s12x0050113_ses-1 vox2ras=TkReg
5848
24972  -16.518  -57.135  47.744 0.1000000015
25882  -17.023  -56.397  46.068 0.1000000015
26732  -16.883  -55.795  48.094 0.1000000015
26746  -17.052  -55.879  46.511 0.1000000015
27684  -17.515  -54.925  45.652 0.1000000015
110102  -17.276  -55.284  46.205 0.1000000015
127671  -18.170  -54.760  44.050 0.1000000015
27694  -18.124  -54.279  44.274 0.1000000015
28532  -18.304  -53.451  43.991 0.1000000015
27705  -18.363  -54.386  43.527 0.1000000015
119642  -18.478  -53.280  43.239 0.1000000015
28558  -18.730  -53.359  41.777 0.1000000015
28542  -18.698  -52.879  42.481 0.1000000015
28575  -19.008  -53.138  40.923 0.1000000015
27798  -28.695  -54.667  34.616 0.2000000030
29513  -27.043  -53.038  35.354 0.2000000030
30332  -27.532  -51.332  36.631 0.2000000030
29376  -19.848  -52.449  52.042 0.2000000030
108092  -20.551  -52.441  51.263 0.3000000119
29381  -17.697  -52.984  50.542 0.1000000015
29387  -17.983  -52.700  49.833 0.1000000015
109703  -18.965  -52.509  51.579 0.2000000030
29382  -18.578  -52.567  50.610 0.1000000015
107870  -20.293  -52.372  50.341 0.3000000119
28516  -17.347  -53.375  48.684 0.1000000015
29394  -17.902  -52.678  48.917 0.1000000015
29388  -18.696  -52.476  49.569 0.1000000015
110034  -19.408  -52.402  50.169 0.2000000030
115825  -17.049  -55.177  47.767 0.1000000015
27669  -17.146  -54.305  48.273 0.1000000015
125552  -17.603  -52.914  48.201 0.1000000015
28518  -17.374  -53.576  47.855 0.2000000030
117247  -17.081  -55.225  46.893 0.1000000015
27672  -17.220  -54.419  47.348 0.2000000030
113375  -17.945  -54.919  44.395 0.1000000015
27678  -17.627  -54.154  45.765 0.1000000015
28527  -18.075  -53.421  44.728 0.1000000015
126729  -18.512  -52.665  43.745 0.3000000119
29417  -18.761  -52.380  43.163 0.1000000015
29424  -19.066  -52.195  42.548 0.1000000015
29435  -19.133  -52.437  41.751 0.1000000015
30267  -19.707  -51.737  41.478 0.1000000015
125828  -19.877  -51.730  40.737 0.1000000015
30279  -20.265  -51.330  40.253 0.1000000015
29522  -29.682  -53.280  33.805 0.2000000030
28645  -28.067  -53.597  33.362 0.2000000030
28646  -28.823  -53.611  33.467 0.2000000030
28635  -28.320  -54.137  33.970 0.2000000030
29521  -26.965  -53.019  34.277 0.2000000030
28634  -27.611  -53.796  33.988 0.2000000030
28626  -27.329  -53.707  34.684 0.2000000030
30344  -27.070  -51.875  35.756 0.1000000015
30206  -22.206  -51.716  50.682 0.3000000119
29384  -21.085  -52.376  50.519 0.3000000119
29385  -21.630  -52.164  50.601 0.3000000119
111126  -18.804  -52.322  48.668 0.2000000030
29389  -19.815  -52.277  49.361 0.2000000030
29390  -20.848  -52.214  49.674 0.3000000119
29392  -22.092  -51.828  50.027 0.3000000119
29396  -20.605  -52.072  48.853 0.3000000119
29397  -21.579  -51.659  49.075 0.3000000119
29398  -21.958  -51.615  49.560 0.3000000119
128470  -17.601  -52.960  47.611 0.2000000030
29400  -18.097  -52.531  47.917 0.2000000030
29395  -19.732  -52.109  48.391 0.2000000030
29403  -21.121  -51.773  48.399 0.3000000119
28520  -17.463  -53.568  47.084 0.2000000030
29401  -18.561  -52.154  47.166 0.2000000030
123374  -20.654  -51.642  47.580 0.2000000030
28521  -17.633  -53.407  46.304 0.2000000030
112943  -18.183  -52.400  46.217 0.2000000030
29406  -19.114  -51.743  46.601 0.2000000030
30232  -20.825  -51.360  47.008 0.3000000119
108685  -21.173  -51.044  45.878 0.3000000119
28523  -17.822  -53.339  45.515 0.2000000030
29410  -18.873  -51.788  45.772 0.3000000119
30244  -19.645  -51.440  45.505 0.3000000119
29412  -18.420  -52.542  44.428 0.3000000119
29418  -18.909  -51.848  43.954 0.3000000119
30249  -20.527  -51.122  44.441 0.3000000119
110810  -19.291  -51.723  43.102 0.3000000119
30252  -19.781  -51.335  43.772 0.3000000119
30257  -19.542  -51.723  42.308 0.1000000015
30258  -20.705  -50.860  42.701 0.2000000030
30268  -20.279  -51.211  41.167 0.1000000015
31096  -21.345  -50.296  41.073 0.3000000119
31106  -21.246  -50.338  40.168 0.2000000030
31941  -21.824  -49.746  40.499 0.3000000119
32762  -22.628  -49.090  38.705 0.2000000030
31985  -23.678  -48.695  37.919 0.1000000015
113717  -25.881  -49.136  37.469 0.1000000015
31163  -26.899  -50.097  36.356 0.1000000015
29512  -26.630  -52.033  34.263 0.2000000030
31179  -26.720  -50.471  35.571 0.1000000015
29533  -27.427  -53.195  33.420 0.2000000030
31180  -27.138  -50.887  36.059 0.1000000015
122195  -26.785  -52.295  34.955 0.2000000030
30207  -23.107  -50.964  50.396 0.3000000119
30214  -22.459  -51.388  49.613 0.3000000119
30224  -22.190  -51.274  48.897 0.3000000119
30225  -22.993  -51.036  49.114 0.3000000119
38909  -38.001  -41.677  49.253 0.6000000238
38901  -37.986  -40.984  49.485 0.5000000000
39655  -37.835  -40.133  49.645 0.4000000060
40457  -37.607  -39.268  49.906 0.4000000060
30233  -21.362  -51.395  47.590 0.3000000119
30223  -21.661  -51.466  48.372 0.3000000119
30234  -22.121  -51.150  47.826 0.3000000119
38910  -38.455  -41.214  48.922 0.8000000119
39656  -38.274  -40.300  49.326 0.4000000060
41377  -37.955  -38.578  50.055 0.4000000060
129376  -21.787  -50.925  46.364 0.3000000119
119774  -38.474  -42.485  47.478 0.8999999762
117815  -38.881  -41.019  48.267 0.8000000119
39665  -38.705  -40.358  48.768 0.6000000238
40458  -38.106  -39.448  49.673 0.4000000060
107991  -21.189  -50.985  45.036 0.4000000060
30246  -21.784  -50.832  45.547 0.3000000119
38143  -38.219  -43.149  46.931 0.8999999762
124461  -38.808  -41.784  47.286 0.8000000119
128973  -38.884  -41.381  47.821 0.8000000119
40467  -38.518  -39.599  49.215 0.5000000000
41388  -38.366  -38.843  49.583 0.4000000060
31083  -21.826  -50.751  44.759 0.4000000060
31084  -22.322  -50.642  45.206 0.4000000060
116331  -38.224  -43.060  46.234 0.8999999762
38926  -38.661  -42.020  46.345 0.8999999762
39682  -38.971  -40.889  47.525 0.8000000119
39674  -38.973  -40.367  48.165 0.8000000119
30253  -20.604  -51.024  43.584 0.3000000119
30254  -21.362  -50.691  43.320 0.3000000119
31090  -21.991  -50.597  43.902 0.4000000060
37377  -37.868  -43.211  45.540 0.8999999762
38157  -38.306  -42.454  45.624 0.8999999762
118690  -38.657  -41.121  46.005 0.8999999762
119341  -38.637  -40.326  46.605 0.8999999762
40489  -38.818  -39.900  47.562 0.8999999762
31092  -21.417  -50.475  42.461 0.3000000119
31093  -21.916  -50.171  42.189 0.4000000060
37376  -37.438  -43.160  44.942 0.8999999762
114116  -38.125  -41.939  45.023 0.8999999762
38941  -38.246  -40.983  45.145 0.8999999762
31942  -22.460  -49.475  41.176 0.3000000119
38172  -37.528  -42.348  44.510 0.8999999762
38940  -37.656  -41.307  44.301 0.8999999762
39701  -37.885  -40.421  44.458 0.8999999762
32751  -22.670  -48.641  39.492 0.3000000119
38203  -36.848  -41.832  42.981 0.8999999762
38949  -37.262  -41.137  43.283 0.8999999762
39710  -37.628  -40.380  43.649 1.0000000000
39721  -37.410  -40.359  42.646 1.0000000000
40573  -37.714  -39.706  42.052 1.0000000000
32777  -24.254  -47.922  37.600 0.2000000030
38966  -36.904  -41.031  42.210 1.0000000000
39734  -37.316  -40.380  41.568 1.0000000000
39735  -37.927  -39.884  41.060 1.0000000000
31987  -26.630  -49.505  37.307 0.1000000015
32000  -26.553  -49.433  36.610 0.1000000015
30371  -31.040  -51.210  33.869 0.2000000030
39748  -37.528  -40.571  40.710 1.0000000000
39749  -38.179  -40.556  40.431 1.0000000000
30343  -26.698  -51.336  35.106 0.1000000015
29541  -27.387  -52.683  32.820 0.2000000030
30370  -30.392  -51.609  33.371 0.2000000030
29536  -30.073  -52.435  33.569 0.2000000030
115362  -37.675  -42.191  39.582 1.0000000000
38232  -38.769  -42.368  39.782 1.0000000000
28653  -27.857  -53.170  32.884 0.2000000030
29535  -29.302  -52.963  33.048 0.2000000030
37420  -39.616  -43.239  39.425 1.0000000000
30216  -23.808  -50.642  49.976 0.4000000060
36443  -36.430  -44.193  49.420 0.4000000060
123641  -23.928  -50.701  49.224 0.5000000000
36444  -36.917  -44.255  48.607 0.5000000000
30235  -22.859  -50.923  48.310 0.4000000060
37323  -37.449  -43.583  48.448 0.5000000000
38120  -37.602  -42.256  49.344 0.5000000000
38900  -37.340  -40.806  49.559 0.3000000119
31058  -23.543  -50.728  48.607 0.5000000000
36454  -37.674  -43.659  47.663 0.6999999881
37324  -37.901  -42.954  48.245 0.6999999881
39650  -37.197  -39.979  49.704 0.3000000119
40449  -36.907  -39.188  50.128 0.3000000119
41376  -37.372  -38.637  50.174 0.3000000119
43941  -37.796  -35.715  50.013 0.4000000060
43955  -38.741  -35.935  50.091 0.5000000000
30241  -22.370  -50.881  46.912 0.3000000119
37337  -38.085  -43.066  47.560 0.8000000119
41363  -37.545  -38.015  50.249 0.4000000060
31078  -22.587  -50.721  45.935 0.4000000060
30242  -23.361  -50.561  46.711 0.4000000060
36482  -37.241  -44.603  46.113 0.8000000119
36473  -37.730  -43.838  46.432 0.8000000119
40476  -38.797  -39.546  48.473 0.8000000119
41393  -38.663  -38.980  49.083 0.5000000000
116860  -38.316  -38.061  49.847 0.5000000000
31087  -22.645  -50.408  44.483 0.4000000060
37368  -37.605  -43.899  45.921 0.8000000119
118238  -38.604  -38.263  49.295 0.6000000238
42241  -38.559  -37.433  49.481 0.5000000000
109203  -22.156  -50.307  42.970 0.4000000060
114943  -22.628  -50.267  43.665 0.4000000060
31088  -23.278  -50.008  43.905 0.4000000060
37385  -36.692  -43.862  44.718 0.8999999762
117211  -38.410  -40.364  45.707 0.8999999762
115115  -38.461  -38.439  46.958 0.8999999762
41398  -38.520  -38.048  47.537 0.8999999762
31936  -22.590  -49.798  42.147 0.4000000060
31937  -23.414  -49.389  42.494 0.4000000060
37384  -36.417  -43.394  43.671 0.8999999762
111562  -38.112  -39.969  45.028 0.8999999762
112422  -38.328  -39.414  45.780 1.0000000000
41404  -38.395  -38.413  46.169 0.8999999762
31947  -22.522  -49.033  40.361 0.3000000119
126930  -22.820  -49.116  40.982 0.3000000119
40537  -37.939  -39.511  44.094 1.0000000000
41425  -38.273  -38.369  44.186 1.0000000000
32752  -23.062  -48.002  39.509 0.4000000060
38202  -36.436  -42.559  42.845 0.8999999762
40558  -38.159  -38.759  43.266 1.0000000000
32763  -23.640  -47.746  38.278 0.3000000119
125644  -36.061  -42.561  41.063 0.8999999762
40587  -38.745  -39.429  41.121 1.0000000000
120559  -38.222  -39.305  41.631 1.0000000000
32778  -25.275  -47.976  36.828 0.2000000030
38231  -36.583  -42.196  40.048 1.0000000000
31196  -26.424  -50.445  34.727 0.1000000015
37442  -37.450  -42.877  38.041 1.0000000000
37430  -37.725  -42.888  38.668 1.0000000000
38244  -37.584  -42.486  39.326 1.0000000000
39750  -39.070  -40.709  40.384 1.0000000000
108667  -26.677  -51.435  32.519 0.2000000030
30382  -29.229  -51.860  32.049 0.2000000030
31230  -30.359  -50.652  32.355 0.2000000030
37443  -38.016  -42.901  37.436 1.0000000000
125918  -38.161  -43.103  38.110 1.0000000000
38245  -38.538  -42.884  39.299 1.0000000000
39005  -39.612  -41.897  40.315 1.0000000000
30395  -28.677  -51.410  31.451 0.2000000030
31229  -29.591  -51.071  31.795 0.2000000030
38284  -37.174  -41.950  35.967 1.0000000000
38285  -37.890  -42.153  36.309 1.0000000000
38263  -38.688  -42.822  37.322 1.0000000000
115490  -39.383  -43.272  38.871 1.0000000000
37432  -39.988  -43.337  38.859 1.0000000000
31271  -28.945  -50.033  30.531 0.2000000030
31247  -29.988  -50.332  31.543 0.2000000030
39041  -37.849  -41.707  35.858 1.0000000000
39032  -38.553  -41.865  36.291 1.0000000000
38254  -40.001  -43.043  38.160 1.0000000000
39806  -38.218  -40.969  35.652 1.0000000000
39803  -38.992  -40.917  36.272 1.0000000000
41581  -36.901  -38.929  34.608 0.8999999762
113535  -38.224  -39.886  35.506 1.0000000000
125083  -38.746  -40.214  35.883 1.0000000000
41582  -37.504  -38.341  34.773 0.8999999762
41574  -38.158  -38.558  35.202 0.8999999762
117701  -38.320  -39.148  35.446 1.0000000000
42417  -37.462  -37.480  34.376 0.8000000119
42406  -38.110  -37.846  34.953 0.8000000119
41625  -37.491  -38.128  30.192 0.3000000119
43267  -38.293  -37.119  34.653 0.8000000119
31048  -24.666  -50.293  49.746 0.5000000000
35507  -36.307  -45.075  48.660 0.5000000000
31060  -25.075  -50.345  48.963 0.5000000000
34582  -36.530  -45.653  47.651 0.5000000000
31070  -24.597  -50.235  47.645 0.5000000000
31059  -24.307  -50.455  48.431 0.5000000000
34591  -36.570  -46.012  46.796 0.5000000000
35508  -36.827  -44.890  47.926 0.6000000238
117721  -37.207  -42.806  49.547 0.6000000238
112154  -37.429  -41.575  49.480 0.4000000060
31069  -23.649  -50.557  47.763 0.5000000000
107109  -24.148  -50.272  47.055 0.5000000000
111734  -36.457  -46.198  46.280 0.6000000238
36463  -37.438  -44.435  47.063 0.6999999881
38899  -36.783  -41.467  49.529 0.3000000119
31079  -24.255  -50.120  46.299 0.6999999881
31911  -24.867  -49.954  46.885 0.4000000060
35528  -36.863  -45.271  46.181 0.6999999881
36472  -37.381  -44.514  46.506 0.8000000119
38892  -36.711  -40.659  49.497 0.3000000119
40456  -36.308  -39.552  49.931 0.3000000119
41361  -36.367  -38.810  50.289 0.3000000119
41362  -36.897  -38.410  50.349 0.3000000119
114830  -37.129  -37.063  50.142 0.2000000030
117184  -38.108  -35.121  49.875 0.4000000060
128822  -22.948  -50.432  45.195 0.4000000060
31920  -24.415  -49.859  45.516 0.4000000060
35539  -36.686  -45.260  45.884 0.8000000119
39654  -36.016  -39.996  49.778 0.3000000119
40455  -35.993  -39.229  50.098 0.3000000119
41375  -35.956  -38.528  50.207 0.3000000119
42228  -35.993  -37.775  50.107 0.2000000030
42230  -38.276  -37.198  49.935 0.4000000060
128903  -38.505  -36.424  49.867 0.5000000000
43943  -38.722  -35.012  49.858 0.6000000238
115960  -23.918  -49.711  44.131 0.4000000060
31928  -24.386  -49.630  44.738 0.5000000000
35563  -35.970  -45.687  44.658 0.8000000119
41387  -35.708  -38.273  49.544 0.2000000030
129908  -38.597  -37.620  48.054 0.8000000119
43112  -38.769  -36.848  48.813 0.8000000119
43113  -38.922  -36.050  49.059 0.8000000119
43968  -39.233  -35.181  49.410 0.8000000119
31933  -23.809  -49.457  43.363 0.4000000060
31929  -24.503  -49.256  43.937 0.4000000060
108520  -35.873  -45.251  44.212 0.8000000119
126203  -38.486  -37.521  46.669 0.8999999762
43136  -38.665  -36.542  47.015 0.8000000119
43124  -38.963  -35.906  48.448 0.8000000119
31943  -23.146  -49.173  41.570 0.4000000060
32732  -23.783  -48.783  42.052 0.4000000060
110829  -35.857  -44.180  43.288 0.8999999762
117519  -38.295  -38.373  45.223 1.0000000000
43147  -38.772  -36.599  46.046 0.8000000119
32746  -23.006  -48.276  40.172 0.4000000060
33695  -23.528  -48.066  40.814 0.4000000060
36519  -35.526  -44.168  42.471 0.8999999762
41440  -38.524  -37.995  43.334 1.0000000000
42277  -38.513  -37.478  44.690 1.0000000000
43157  -38.798  -36.716  45.092 1.0000000000
33712  -23.405  -47.536  39.066 0.5000000000
33705  -23.521  -47.511  40.000 0.5000000000
37403  -35.687  -43.170  41.737 0.8999999762
41462  -38.784  -38.178  42.515 1.0000000000
42298  -39.018  -37.433  43.043 1.0000000000
33730  -24.663  -47.259  37.318 0.4000000060
116929  -35.878  -42.834  39.861 0.8999999762
40598  -39.432  -39.932  40.749 1.0000000000
32794  -25.556  -48.235  36.284 0.1000000015
37428  -35.787  -42.731  38.908 0.8999999762
38243  -36.598  -42.403  39.649 0.8999999762
109022  -26.185  -50.099  33.905 0.1000000015
38262  -35.879  -42.277  37.472 1.0000000000
37429  -36.882  -42.621  38.595 0.8999999762
127315  -37.421  -42.602  39.125 0.8999999762
39751  -40.010  -40.845  40.572 1.0000000000
110168  -26.249  -49.911  32.560 0.1000000015
31215  -32.179  -50.362  33.790 0.2000000030
108602  -37.047  -42.611  37.407 1.0000000000
37412  -40.400  -43.344  39.948 1.0000000000
30394  -27.802  -51.494  31.451 0.2000000030
32044  -30.772  -50.016  32.002 0.2000000030
32036  -31.856  -50.049  33.071 0.2000000030
32046  -32.314  -49.405  32.653 0.2000000030
38283  -36.212  -41.782  35.895 1.0000000000
38273  -37.535  -42.438  36.748 1.0000000000
119513  -40.275  -43.344  39.452 1.0000000000
31269  -27.774  -50.249  30.611 0.2000000030
32052  -29.638  -49.922  30.811 0.2000000030
128170  -36.769  -41.263  35.049 1.0000000000
39033  -39.369  -41.781  36.761 1.0000000000
38264  -39.706  -42.484  37.404 1.0000000000
128823  -40.259  -43.161  38.694 1.0000000000
32069  -30.064  -49.258  30.573 0.2000000030
39056  -36.884  -40.818  34.872 0.8999999762
39040  -37.325  -41.321  35.335 0.8999999762
39030  -40.092  -41.632  37.295 1.0000000000
38265  -40.383  -42.425  37.908 1.0000000000
39800  -40.344  -40.536  37.358 1.0000000000
39827  -35.489  -40.253  33.467 0.8999999762
40683  -35.885  -39.448  33.755 0.8999999762
39805  -37.554  -40.359  35.191 0.8999999762
40663  -39.347  -39.856  36.378 0.8999999762
123174  -39.951  -39.915  36.964 1.0000000000
41605  -34.784  -38.884  32.227 0.8000000119
40682  -35.445  -39.444  33.232 0.8000000119
41592  -36.297  -38.713  34.065 0.8000000119
41575  -38.726  -38.678  35.635 1.0000000000
122885  -36.540  -41.410  28.530 0.3000000119
42457  -34.479  -37.890  30.706 0.6000000238
41618  -34.768  -37.938  31.698 0.8000000119
42425  -35.794  -37.664  32.943 0.8000000119
127175  -36.798  -37.530  33.904 0.8000000119
119231  -38.577  -38.113  35.386 0.8999999762
39868  -36.988  -39.891  29.398 0.3000000119
42487  -35.573  -37.581  29.971 0.5000000000
42472  -35.153  -37.504  30.433 0.6000000238
42442  -35.445  -37.422  32.039 0.6999999881
42426  -36.460  -37.258  33.267 0.8000000119
43274  -37.128  -36.958  33.653 0.8000000119
41640  -36.397  -37.812  29.845 0.3000000119
42459  -35.966  -36.875  31.450 0.6000000238
43302  -36.693  -36.478  31.830 0.6000000238
43287  -36.881  -36.635  32.764 0.6999999881
122514  -37.883  -36.696  34.015 0.8000000119
41624  -36.716  -37.140  30.379 0.4000000060
43313  -36.866  -36.550  30.986 0.5000000000
43288  -37.515  -36.077  32.202 0.5000000000
43289  -38.275  -35.883  32.800 0.6000000238
43275  -38.417  -36.165  33.553 0.8999999762
121299  -37.727  -36.389  30.509 0.4000000060
43303  -37.674  -36.105  30.894 0.4000000060
44149  -37.893  -35.797  31.407 0.4000000060
120588  -38.317  -35.565  32.052 0.5000000000
43324  -38.028  -36.093  29.422 0.4000000060
44156  -38.195  -35.662  30.643 0.5000000000
35506  -35.560  -45.608  49.123 0.3000000119
35498  -35.791  -44.703  49.550 0.3000000119
107980  -25.990  -50.199  49.003 0.6000000238
34572  -35.975  -46.090  48.268 0.4000000060
114698  -25.760  -50.135  48.353 0.6999999881
34581  -36.199  -46.422  47.340 0.5000000000
31071  -25.062  -50.246  48.188 0.6999999881
31903  -25.503  -49.966  47.543 0.6999999881
33639  -35.836  -47.318  45.981 0.6000000238
33640  -36.137  -47.018  46.118 0.5000000000
37297  -36.617  -43.023  49.913 0.2000000030
109102  -25.043  -49.667  46.078 0.6000000238
33650  -35.725  -47.306  45.318 0.6999999881
34604  -36.274  -46.614  46.053 0.6999999881
38891  -36.225  -41.465  49.515 0.2000000030
43954  -37.873  -34.843  49.703 0.4000000060
122545  -38.761  -34.035  49.741 0.4000000060
44786  -39.136  -34.188  49.976 0.5000000000
31922  -25.917  -49.139  45.851 0.6999999881
33667  -35.488  -47.328  44.623 0.8000000119
34632  -36.024  -46.532  44.957 0.8000000119
42240  -35.896  -37.441  49.445 0.2000000030
43098  -36.284  -37.077  49.834 0.2000000030
43099  -36.834  -36.703  49.955 0.2000000030
43953  -37.496  -35.518  49.801 0.3000000119
44785  -38.544  -34.676  49.701 0.4000000060
44798  -39.229  -34.368  49.781 0.6999999881
44799  -39.863  -33.882  49.453 0.6000000238
31930  -25.129  -49.045  44.484 0.4000000060
33680  -35.412  -47.249  43.658 0.8000000119
34646  -35.618  -46.767  43.538 0.8000000119
40466  -35.809  -39.566  49.683 0.3000000119
128874  -35.771  -38.933  49.855 0.2000000030
44810  -39.521  -34.435  49.487 0.8000000119
44824  -39.823  -34.471  48.934 0.8000000119
44811  -40.268  -33.952  49.128 0.8000000119
32719  -25.153  -48.634  43.768 0.5000000000
33692  -35.222  -47.327  42.953 0.8000000119
35578  -35.831  -45.973  43.858 0.8000000119
31938  -24.005  -49.006  42.721 0.4000000060
31934  -24.515  -48.829  43.213 0.4000000060
34679  -34.344  -46.665  41.374 0.8999999762
35590  -35.183  -45.987  42.331 0.8000000119
43137  -38.956  -35.811  47.527 0.8000000119
119002  -39.527  -35.250  47.241 0.8999999762
109793  -39.454  -35.161  47.965 0.8999999762
44839  -40.124  -34.604  48.233 0.8000000119
32742  -24.102  -48.050  41.601 0.4000000060
34678  -33.892  -46.442  40.791 0.8999999762
35599  -34.699  -45.988  41.581 0.8999999762
43158  -39.371  -36.063  45.512 0.8999999762
44008  -39.979  -35.485  45.939 0.8999999762
33706  -24.126  -47.479  40.810 0.5000000000
121513  -34.598  -45.202  41.206 0.8999999762
129318  -39.663  -37.268  42.990 1.0000000000
43168  -38.836  -36.849  44.320 1.0000000000
33721  -24.088  -47.106  38.035 0.4000000060
33713  -23.905  -46.936  39.334 0.5000000000
36535  -34.776  -43.915  40.272 0.8999999762
40588  -39.651  -39.069  41.179 1.0000000000
42299  -39.492  -37.700  42.572 1.0000000000
33731  -25.011  -47.062  36.779 0.4000000060
34691  -24.320  -46.505  38.638 0.5000000000
37427  -34.709  -43.197  38.678 0.8999999762
37410  -35.374  -43.425  40.527 0.8999999762
111627  -41.250  -40.506  41.398 1.0000000000
40589  -40.472  -39.889  40.982 1.0000000000
37440  -34.586  -42.870  37.958 0.8999999762
38986  -41.147  -42.312  41.077 1.0000000000
32026  -26.082  -49.524  34.612 0.1000000015
127320  -35.155  -42.482  37.747 0.8999999762
38253  -36.478  -42.570  38.123 0.8999999762
38234  -40.775  -43.244  40.454 1.0000000000
39736  -40.859  -41.153  40.989 1.0000000000
129702  -26.130  -49.836  33.265 0.1000000015
32857  -33.468  -48.345  32.649 0.2000000030
38282  -35.274  -41.784  35.724 0.8999999762
38270  -34.598  -42.064  36.385 0.8999999762
37413  -40.894  -43.272  40.198 1.0000000000
39006  -40.562  -42.743  40.665 1.0000000000
31243  -26.852  -50.540  31.478 0.2000000030
32855  -31.972  -49.061  31.938 0.2000000030
32856  -32.722  -48.708  32.280 0.2000000030
38272  -36.612  -42.180  36.666 1.0000000000
38246  -41.616  -42.910  39.578 1.0000000000
38256  -41.056  -42.892  39.014 1.0000000000
32067  -28.319  -49.683  30.214 0.2000000030
32054  -31.207  -49.363  31.623 0.2000000030
32866  -32.345  -48.344  31.594 0.2000000030
39039  -35.824  -41.549  35.121 1.0000000000
122952  -41.500  -41.667  38.458 1.0000000000
38255  -40.529  -42.951  38.537 1.0000000000
32068  -29.216  -49.409  30.172 0.2000000030
32878  -30.391  -48.614  30.259 0.2000000030
39054  -35.463  -41.289  34.389 0.8999999762
39031  -40.889  -41.362  37.895 1.0000000000
39066  -35.190  -40.956  33.713 0.8999999762
41542  -40.731  -38.686  37.270 1.0000000000
39836  -35.007  -39.794  32.737 0.8999999762
40644  -40.520  -39.561  37.346 1.0000000000
39123  -35.095  -41.653  27.803 0.3000000119
41617  -34.319  -38.796  31.456 0.8000000119
40691  -34.420  -39.664  32.074 0.8999999762
41562  -39.293  -38.879  36.136 0.8999999762
122785  -39.959  -39.033  36.792 1.0000000000
39882  -35.635  -40.217  28.057 0.3000000119
41638  -34.187  -38.297  29.875 0.6000000238
42407  -38.773  -37.523  35.216 1.0000000000
42390  -40.077  -37.554  36.175 1.0000000000
40736  -36.220  -39.584  28.735 0.3000000119
111883  -35.754  -38.158  29.277 0.4000000060
41652  -34.561  -38.591  28.819 0.6000000238
43268  -39.442  -36.174  34.329 0.8999999762
43255  -39.069  -36.816  34.862 0.8999999762
41654  -35.878  -38.824  28.825 0.3000000119
40721  -36.648  -38.757  29.503 0.3000000119
115433  -38.677  -36.454  34.228 0.8999999762
44125  -38.973  -35.723  33.213 0.8999999762
44157  -38.606  -35.255  31.217 0.5000000000
31873  -28.436  -49.302  50.223 0.6000000238
34570  -34.487  -46.699  49.136 0.4000000060
34562  -34.752  -45.923  49.471 0.3000000119
33601  -34.908  -46.979  48.319 0.5000000000
34571  -35.265  -46.448  48.735 0.3000000119
35497  -35.017  -45.032  49.706 0.2000000030
31894  -26.631  -50.028  48.529 0.6999999881
34580  -35.596  -46.721  47.844 0.4000000060
31913  -27.150  -49.240  46.963 0.6999999881
31904  -26.228  -49.920  47.871 0.6999999881
120389  -35.285  -47.431  46.546 0.6000000238
33626  -35.783  -47.173  46.654 0.6000000238
36434  -35.929  -43.928  50.009 0.2000000030
37296  -35.979  -43.285  50.191 0.3000000119
107224  -26.303  -49.623  47.224 0.6999999881
34631  -33.448  -47.144  44.629 0.6999999881
33638  -35.359  -47.537  45.817 0.6000000238
37288  -35.530  -43.014  50.185 0.2000000030
129971  -36.320  -42.065  49.791 0.2000000030
123292  -26.377  -49.286  46.558 0.6999999881
33666  -34.935  -47.665  44.297 0.6999999881
38898  -35.827  -41.633  49.463 0.2000000030
109878  -35.927  -40.931  49.530 0.2000000030
45601  -39.096  -33.560  49.743 0.4000000060
44787  -39.401  -33.664  49.708 0.5000000000
45603  -40.015  -33.117  49.694 0.5000000000
32706  -25.813  -48.791  44.973 0.6000000238
32707  -26.599  -48.555  45.299 0.6000000238
33664  -33.234  -47.317  43.725 0.8000000119
32728  -34.645  -47.769  43.393 0.8000000119
39681  -35.472  -40.769  47.447 0.2000000030
39673  -35.650  -40.791  48.567 0.2000000030
39664  -35.847  -40.404  49.480 0.2000000030
43110  -36.178  -36.768  49.215 0.2000000030
43967  -36.961  -35.542  49.226 0.2000000030
44797  -37.726  -34.959  49.521 0.4000000060
45616  -40.582  -33.375  49.318 0.6000000238
114566  -25.763  -48.444  44.291 0.5000000000
33691  -33.629  -47.632  42.441 0.8000000119
120207  -34.636  -47.669  42.781 0.8000000119
107849  -35.500  -39.897  47.989 0.2000000030
110933  -35.515  -39.226  48.444 0.2000000030
41397  -35.619  -38.138  47.692 0.2000000030
125646  -35.911  -37.156  48.681 0.2000000030
114885  -36.156  -36.583  48.515 0.2000000030
43977  -36.788  -35.455  48.402 0.2000000030
44812  -41.140  -33.760  48.707 0.8000000119
32734  -25.189  -48.071  42.988 0.4000000060
32727  -25.816  -48.025  43.682 0.4000000060
120587  -33.507  -47.461  41.928 0.8000000119
33700  -33.715  -47.290  41.687 0.8000000119
41403  -35.643  -38.204  46.923 0.2000000030
42259  -35.826  -37.483  47.318 0.2000000030
43135  -35.969  -36.625  46.909 0.1000000015
44840  -41.182  -34.589  47.803 0.8000000119
44825  -40.726  -34.142  48.489 0.8000000119
33709  -32.719  -46.656  40.788 0.8000000119
33710  -33.357  -46.962  41.222 0.8000000119
108026  -35.610  -38.209  46.012 0.2000000030
115880  -35.810  -37.435  46.430 0.1000000015
111179  -40.081  -35.170  46.760 0.8999999762
43992  -40.230  -34.881  47.518 0.8999999762
43994  -41.879  -35.298  47.410 0.8999999762
43979  -42.235  -34.768  47.777 0.8999999762
33686  -24.862  -47.766  42.097 0.5000000000
33696  -25.343  -47.299  41.561 0.5000000000
33716  -32.380  -46.564  39.748 0.8000000119
33718  -33.419  -46.626  40.766 0.8999999762
42287  -39.390  -36.829  43.653 1.0000000000
44021  -40.115  -35.961  45.096 1.0000000000
44023  -41.255  -35.926  46.146 0.8999999762
44010  -41.552  -35.722  46.873 0.8999999762
44011  -42.305  -35.898  46.999 0.8999999762
34673  -24.306  -46.915  40.124 0.6000000238
35617  -33.397  -45.766  38.910 0.8999999762
35609  -33.928  -45.671  40.110 0.8999999762
42288  -40.255  -37.145  43.421 1.0000000000
125239  -40.602  -36.384  44.770 1.0000000000
43171  -41.287  -36.736  45.050 1.0000000000
43160  -41.631  -36.612  45.881 1.0000000000
35618  -33.791  -45.209  39.341 0.8999999762
36526  -34.389  -44.912  40.566 0.8999999762
41487  -40.498  -38.857  41.480 1.0000000000
41464  -40.574  -38.294  42.150 1.0000000000
41441  -40.796  -37.957  42.999 1.0000000000
34697  -24.886  -46.297  37.234 0.4000000060
37426  -33.835  -43.781  38.219 0.8999999762
36545  -34.083  -44.170  39.061 0.8999999762
41488  -41.075  -38.824  41.887 1.0000000000
33739  -25.291  -47.342  36.074 0.2000000030
37439  -33.764  -43.079  37.421 0.8999999762
32833  -25.526  -47.788  34.631 0.2000000030
38260  -33.969  -42.485  36.840 0.8999999762
37438  -33.014  -43.622  37.026 0.8999999762
38217  -41.271  -42.968  40.979 1.0000000000
32834  -25.762  -48.604  34.426 0.1000000015
38281  -34.322  -41.810  35.607 1.0000000000
38247  -42.078  -43.003  40.087 1.0000000000
110507  -41.992  -42.826  41.141 1.0000000000
32050  -26.512  -49.920  31.703 0.2000000030
39020  -42.374  -42.459  39.658 1.0000000000
37414  -41.381  -43.172  40.083 1.0000000000
32065  -26.620  -49.139  31.216 0.1000000015
32091  -28.559  -48.979  29.754 0.2000000030
32895  -28.802  -48.343  29.355 0.2000000030
39038  -34.966  -41.622  34.890 1.0000000000
39037  -34.023  -41.615  34.826 1.0000000000
126377  -42.357  -40.428  38.900 1.0000000000
39788  -42.119  -41.501  38.915 1.0000000000
32092  -29.179  -48.797  29.724 0.2000000030
32896  -29.711  -48.257  29.566 0.2000000030
33826  -30.685  -47.924  29.874 0.2000000030
109994  -34.107  -41.150  33.612 1.0000000000
39052  -33.707  -41.444  34.114 1.0000000000
40624  -41.966  -39.826  38.496 1.0000000000
39801  -41.015  -40.159  37.793 1.0000000000
39854  -31.349  -40.239  30.092 0.8000000119
39835  -34.497  -40.262  32.583 0.8999999762
40645  -41.129  -39.214  37.794 1.0000000000
38361  -33.134  -42.588  27.894 0.3000000119
37546  -32.921  -43.463  28.540 0.3000000119
39834  -33.856  -40.294  32.126 0.8999999762
37548  -35.090  -43.185  28.450 0.3000000119
40706  -33.253  -39.348  30.117 0.6999999881
40698  -33.878  -39.568  31.424 0.8999999762
43256  -40.358  -36.723  35.653 0.8999999762
123267  -40.710  -37.535  36.666 1.0000000000
39124  -35.843  -41.199  28.096 0.3000000119
41637  -33.693  -38.808  29.795 0.6000000238
43269  -40.729  -36.157  35.062 0.8999999762
42408  -39.514  -37.166  35.508 0.8999999762
40735  -35.482  -39.300  28.319 0.4000000060
40734  -34.717  -39.076  28.202 0.5000000000
127843  -40.096  -35.347  33.241 0.8999999762
41653  -35.200  -38.565  28.702 0.4000000060
44150  -39.034  -35.130  32.034 0.5000000000
33588  -33.649  -46.858  49.504 0.4000000060
31883  -28.766  -49.485  49.629 0.6000000238
33599  -33.230  -47.500  49.249 0.4000000060
33600  -34.104  -47.269  48.846 0.4000000060
34561  -33.934  -46.084  49.655 0.2000000030
31895  -28.053  -49.683  48.517 0.6999999881
120371  -28.567  -49.322  47.906 0.6000000238
33624  -33.854  -47.361  47.910 0.5000000000
33612  -34.419  -47.254  48.065 0.6000000238
108109  -27.695  -49.482  47.752 0.6999999881
129688  -32.912  -46.709  46.850 0.6000000238
35496  -34.021  -45.204  49.805 0.2000000030
32697  -28.624  -48.608  46.506 0.8000000119
34602  -32.925  -46.450  46.121 0.6999999881
34603  -33.806  -47.182  46.424 0.6000000238
37287  -35.126  -43.294  50.127 0.2000000030
36423  -35.055  -43.743  50.051 0.2000000030
32695  -26.869  -48.857  46.090 0.6999999881
32708  -27.434  -48.360  45.542 0.6999999881
34616  -32.845  -46.406  45.240 0.6999999881
34617  -33.650  -47.042  45.538 0.6999999881
37295  -34.702  -43.044  49.699 0.2000000030
38100  -35.180  -42.939  50.114 0.2000000030
108053  -39.038  -32.842  49.526 0.3000000119
46432  -39.614  -32.560  49.602 0.3000000119
32721  -27.139  -48.026  44.727 0.6999999881
35562  -31.954  -45.676  43.474 0.8000000119
115111  -32.752  -46.514  44.327 0.8000000119
38119  -35.320  -42.336  49.675 0.2000000030
38109  -35.362  -42.517  49.673 0.2000000030
45641  -37.335  -34.212  48.002 0.1000000015
45628  -37.711  -34.341  48.743 0.3000000119
44809  -37.870  -34.427  49.089 0.4000000060
45614  -38.433  -33.809  49.329 0.3000000119
45602  -39.526  -33.064  49.699 0.5000000000
127990  -40.470  -32.935  49.598 0.5000000000
110944  -26.423  -48.278  44.620 0.5000000000
128288  -26.751  -47.955  44.368 0.6999999881
33660  -26.989  -47.684  43.974 0.6999999881
34667  -32.226  -46.540  41.928 0.8000000119
34658  -32.640  -47.093  42.348 0.8000000119
128999  -35.382  -42.163  48.329 0.2000000030
112390  -35.702  -41.814  49.478 0.2000000030
43991  -36.670  -35.344  47.583 0.1000000015
122111  -36.962  -34.860  48.022 0.2000000030
44823  -37.215  -34.826  48.672 0.2000000030
45630  -41.458  -33.424  48.959 0.6999999881
45617  -40.971  -32.859  49.436 0.5000000000
32720  -26.366  -47.984  44.113 0.5000000000
33675  -26.860  -47.452  43.166 0.6999999881
114625  -32.178  -46.572  41.092 0.8000000119
39688  -35.310  -40.671  46.501 0.2000000030
39689  -35.396  -39.841  47.017 0.2000000030
44007  -36.178  -35.859  46.232 0.1000000015
33674  -26.068  -47.602  43.088 0.5000000000
34677  -31.805  -46.425  40.317 0.8000000119
40503  -35.249  -39.805  46.093 0.2000000030
44020  -36.136  -35.932  45.238 0.1000000015
43146  -35.928  -36.654  45.916 0.1000000015
44827  -42.519  -34.384  48.074 0.8999999762
44813  -41.995  -33.939  48.490 0.8000000119
33687  -25.700  -47.510  42.321 0.5000000000
33688  -26.532  -47.248  42.441 0.5000000000
33708  -31.988  -46.473  40.108 0.8000000119
41411  -35.366  -39.005  45.587 0.1000000015
42267  -35.783  -37.429  45.521 0.1000000015
43156  -35.918  -36.743  45.147 0.1000000015
43995  -42.703  -35.337  47.371 0.8999999762
43980  -43.003  -34.841  47.691 0.8999999762
33707  -24.891  -47.085  40.840 0.5000000000
34663  -25.696  -46.798  40.997 0.5000000000
33714  -31.233  -46.935  38.870 0.6999999881
33724  -32.053  -47.048  38.852 0.8000000119
33725  -32.604  -46.728  39.119 0.8999999762
41424  -35.577  -38.193  45.081 0.1000000015
43149  -41.937  -36.383  46.565 0.8999999762
43150  -42.640  -36.359  46.498 0.8999999762
43138  -43.039  -35.776  46.871 0.8999999762
34681  -24.575  -46.381  39.467 0.6000000238
113224  -25.169  -45.936  39.572 0.6000000238
35593  -25.747  -45.734  39.989 0.6000000238
33722  -31.235  -46.993  38.205 0.6999999881
34694  -32.372  -46.885  38.450 0.8999999762
115447  -32.876  -46.361  38.602 0.8999999762
41442  -41.622  -38.425  43.501 1.0000000000
42279  -41.606  -37.450  44.712 1.0000000000
42280  -42.258  -37.956  45.214 1.0000000000
41412  -42.963  -38.094  45.310 1.0000000000
34692  -24.832  -45.894  38.113 0.4000000060
35614  -25.933  -44.757  38.951 0.5000000000
34710  -31.809  -46.717  37.341 0.8999999762
35624  -32.747  -45.384  37.418 0.8999999762
41465  -41.287  -38.622  42.618 1.0000000000
41426  -41.956  -38.229  44.435 1.0000000000
41443  -42.444  -39.083  44.136 1.0000000000
41427  -42.675  -38.635  44.922 1.0000000000
41413  -43.603  -38.101  45.268 1.0000000000
34705  -25.156  -46.438  36.385 0.3000000119
35620  -25.265  -45.390  37.475 0.4000000060
35627  -25.289  -45.637  36.644 0.3000000119
36556  -32.410  -45.037  36.759 0.8999999762
36553  -33.225  -44.660  37.862 0.8999999762
126543  -41.630  -39.359  42.303 1.0000000000
126536  -42.231  -39.850  42.763 1.0000000000
39711  -43.334  -40.411  43.774 1.0000000000
39712  -43.896  -40.861  44.029 1.0000000000
33756  -25.370  -47.208  35.121 0.3000000119
125696  -25.368  -45.811  35.974 0.3000000119
126498  -32.553  -44.174  36.727 0.8999999762
111733  -33.309  -43.890  37.578 0.8999999762
125997  -41.715  -42.545  41.306 1.0000000000
39722  -41.929  -40.450  42.114 1.0000000000
38967  -42.613  -41.449  42.156 1.0000000000
126677  -43.298  -41.440  42.690 1.0000000000
38950  -43.608  -41.217  43.421 1.0000000000
37452  -32.160  -42.926  35.702 0.8999999762
38218  -42.814  -42.210  41.565 1.0000000000
38219  -43.516  -42.018  41.650 1.0000000000
32845  -25.928  -48.552  33.502 0.1000000015
38310  -29.589  -42.269  32.191 0.8000000119
38295  -31.374  -42.335  34.334 0.8999999762
38278  -31.797  -42.592  35.026 0.8999999762
38248  -42.699  -42.758  40.457 1.0000000000
118540  -43.314  -42.289  40.752 1.0000000000
32863  -26.496  -48.416  31.852 0.1000000015
33814  -26.701  -47.765  31.619 0.1000000015
38321  -29.166  -42.154  31.255 0.6999999881
38304  -30.350  -41.994  32.918 0.6999999881
39051  -32.212  -41.876  34.497 0.8999999762
39036  -33.111  -41.679  34.771 0.8999999762
39770  -42.902  -41.288  39.573 1.0000000000
32875  -26.997  -48.790  30.538 0.1000000015
32894  -28.102  -48.451  29.517 0.1000000015
39083  -29.654  -41.664  31.534 0.6999999881
110724  -32.923  -41.513  34.111 0.8999999762
40625  -42.470  -39.419  38.848 1.0000000000
33848  -28.321  -47.719  29.149 0.2000000030
34843  -30.496  -46.595  28.998 0.3000000119
34844  -31.402  -46.243  29.540 0.2000000030
39119  -29.468  -41.785  28.874 0.4000000060
39096  -29.907  -40.924  30.208 0.8000000119
39084  -30.089  -41.104  31.197 0.8000000119
39064  -33.291  -41.169  33.421 1.0000000000
41527  -41.834  -38.950  38.329 1.0000000000
36673  -30.256  -44.544  28.327 0.3000000119
35735  -31.312  -45.394  29.132 0.2000000030
39106  -29.928  -41.056  29.229 0.6999999881
39842  -31.554  -40.385  31.056 0.8000000119
39075  -33.346  -40.747  32.673 1.0000000000
41544  -42.106  -37.969  38.100 1.0000000000
36674  -31.683  -44.179  28.817 0.3000000119
118094  -31.883  -43.530  28.512 0.3000000119
39844  -33.283  -40.029  31.390 0.8999999762
43241  -41.597  -36.616  36.414 0.8999999762
42375  -41.677  -37.519  37.513 1.0000000000
38378  -34.248  -41.776  27.656 0.3000000119
38376  -32.485  -41.760  27.721 0.4000000060
39137  -32.890  -40.996  27.642 0.4000000060
39880  -32.650  -40.264  28.034 0.5000000000
39867  -32.073  -39.839  29.490 0.6000000238
39856  -32.868  -39.798  30.698 0.8999999762
122033  -33.438  -39.525  30.856 0.8999999762
42391  -40.845  -36.940  36.298 0.8999999762
39139  -34.536  -41.033  27.617 0.3000000119
39138  -33.741  -41.052  27.573 0.5000000000
40747  -33.722  -39.805  27.820 0.5000000000
40720  -33.379  -39.164  29.260 0.5000000000
39895  -34.820  -40.299  27.679 0.4000000060
40748  -34.337  -39.669  27.803 0.5000000000
44116  -40.262  -35.868  34.376 0.8999999762
32640  -28.442  -48.441  51.070 0.6000000238
31874  -29.240  -49.023  49.981 0.5000000000
34560  -33.182  -46.086  50.015 0.3000000119
108012  -29.790  -49.052  48.747 0.6000000238
31886  -30.653  -48.316  49.057 0.6000000238
32667  -32.109  -48.114  49.055 0.5000000000
33587  -32.775  -47.166  49.987 0.4000000060
32686  -29.642  -48.691  47.534 0.6000000238
32677  -30.657  -48.442  48.370 0.6000000238
32678  -31.444  -48.144  48.489 0.6000000238
32679  -32.609  -47.801  48.712 0.5000000000
32698  -29.306  -48.445  46.795 0.6999999881
33622  -30.459  -47.490  47.065 0.6999999881
32688  -31.055  -47.909  47.848 0.6999999881
34589  -32.382  -46.981  47.433 0.5000000000
32699  -29.870  -48.223  47.093 0.6999999881
34601  -32.001  -46.388  46.636 0.6999999881
36421  -33.533  -44.367  49.746 0.2000000030
35486  -34.576  -44.343  49.825 0.2000000030
33645  -28.621  -47.737  45.369 0.8000000119
35537  -31.509  -45.711  45.250 0.8000000119
34615  -32.172  -45.993  45.717 0.8000000119
37286  -34.627  -43.383  49.802 0.2000000030
46458  -38.447  -33.093  48.788 0.3000000119
46446  -38.843  -32.643  49.136 0.3000000119
33677  -28.107  -47.096  43.932 0.8000000119
32722  -27.906  -47.895  45.054 0.8000000119
115542  -30.962  -45.237  43.825 0.8000000119
35549  -31.648  -45.547  44.381 0.8000000119
38118  -34.648  -42.929  49.452 0.2000000030
45653  -37.260  -34.011  47.102 0.2000000030
45629  -38.274  -33.771  48.994 0.2000000030
46433  -40.238  -32.277  49.646 0.3000000119
33661  -27.689  -47.614  44.271 0.6999999881
35576  -31.561  -45.535  42.657 0.8000000119
128343  -34.914  -42.724  48.970 0.2000000030
107943  -36.971  -34.421  46.667 0.1000000015
33689  -27.219  -46.919  42.687 0.6999999881
33676  -27.534  -47.234  43.489 0.6999999881
35589  -30.893  -45.343  41.277 0.8000000119
38136  -35.485  -41.623  47.881 0.2000000030
44862  -36.626  -35.134  45.553 0.1000000015
45631  -42.262  -33.605  48.737 0.6999999881
34654  -26.881  -46.634  41.900 0.6000000238
34642  -27.838  -46.541  43.043 0.8000000119
113276  -31.237  -46.439  39.861 0.8000000119
34664  -26.409  -46.366  41.180 0.5000000000
34665  -27.124  -45.747  41.365 0.8000000119
35595  -27.424  -44.994  40.715 0.6000000238
35607  -30.620  -46.071  39.575 0.6999999881
34684  -30.949  -46.708  39.182 0.6999999881
40520  -34.980  -39.887  45.141 0.1000000015
42276  -35.833  -37.342  44.553 0.1000000015
43167  -36.097  -36.420  44.497 0.1000000015
44029  -36.432  -35.717  44.433 0.1000000015
35594  -26.553  -45.532  40.506 0.5000000000
35604  -26.968  -44.775  39.954 0.6000000238
36524  -27.697  -44.663  40.089 0.6999999881
34683  -30.382  -46.310  38.790 0.6999999881
34693  -30.818  -46.808  38.456 0.6999999881
41423  -35.263  -38.967  44.648 0.1000000015
41439  -35.528  -38.198  44.175 0.1000000015
123678  -36.079  -36.840  43.857 0.1000000015
43996  -43.425  -35.241  47.198 0.8000000119
35603  -26.208  -45.063  39.653 0.5000000000
36530  -26.628  -44.558  39.122 0.6000000238
36542  -27.168  -44.383  38.501 0.6999999881
111473  -29.905  -46.421  37.069 0.6999999881
34699  -31.189  -46.812  37.419 0.6999999881
41438  -35.454  -38.235  43.410 0.1000000015
42271  -43.289  -37.422  45.552 1.0000000000
43152  -43.708  -35.958  46.258 0.8999999762
36540  -25.708  -44.736  37.609 0.4000000060
36541  -26.229  -44.443  38.195 0.6000000238
35628  -26.232  -44.652  36.275 0.5000000000
36550  -26.979  -44.305  37.544 0.6000000238
34708  -30.735  -46.503  36.503 0.6999999881
35632  -31.807  -45.630  36.297 0.8999999762
40538  -43.133  -39.305  44.637 1.0000000000
41428  -43.899  -38.747  44.990 1.0000000000
41414  -43.971  -38.130  45.177 1.0000000000
123469  -44.118  -37.014  45.249 0.8999999762
115280  -25.691  -45.161  36.031 0.4000000060
35642  -26.327  -44.993  35.365 0.4000000060
36562  -26.829  -44.598  35.860 0.6000000238
34726  -31.079  -46.116  35.783 0.6999999881
114224  -31.501  -45.193  35.742 0.8000000119
39713  -44.525  -41.040  43.970 1.0000000000
40541  -45.028  -40.048  43.980 1.0000000000
41444  -44.702  -38.903  44.150 1.0000000000
42290  -44.536  -37.894  44.149 1.0000000000
34743  -25.591  -46.391  34.831 0.3000000119
35658  -26.103  -45.712  34.647 0.4000000060
35659  -26.949  -45.393  34.530 0.4000000060
36563  -31.503  -44.317  35.522 0.8000000119
38969  -43.832  -41.781  42.912 1.0000000000
38952  -44.963  -41.641  43.683 1.0000000000
39714  -45.289  -40.970  43.832 1.0000000000
40561  -45.802  -40.291  43.520 1.0000000000
41446  -46.172  -39.567  43.118 1.0000000000
32844  -25.712  -47.827  33.953 0.1000000015
33776  -25.876  -47.131  33.748 0.1000000015
34761  -26.565  -46.596  33.382 0.2000000030
37481  -29.383  -43.278  32.448 0.6999999881
37471  -29.806  -43.766  33.128 0.6999999881
37462  -30.632  -43.657  34.273 0.8000000119
38238  -43.905  -41.942  41.499 1.0000000000
38221  -45.413  -42.046  42.527 1.0000000000
38953  -45.496  -42.005  43.287 1.0000000000
114956  -46.128  -41.750  43.296 1.0000000000
40562  -46.746  -40.344  43.110 1.0000000000
41467  -46.395  -38.946  42.638 1.0000000000
32854  -26.233  -48.476  32.688 0.1000000015
33803  -26.540  -47.730  32.339 0.1000000015
33804  -26.928  -47.145  31.894 0.3000000119
33815  -27.009  -47.343  30.937 0.1000000015
38303  -29.926  -42.806  33.006 0.8000000119
128993  -30.429  -42.555  33.466 0.8000000119
39021  -43.042  -42.263  40.128 1.0000000000
123419  -43.943  -41.712  40.932 1.0000000000
39008  -44.680  -41.300  41.329 1.0000000000
39009  -45.668  -41.271  41.394 1.0000000000
38990  -46.840  -41.750  41.952 1.0000000000
38992  -48.163  -41.047  41.979 1.0000000000
126060  -27.327  -47.191  30.022 0.1000000015
34841  -27.631  -46.511  29.586 0.2000000030
38320  -28.747  -42.738  30.808 0.6000000238
37494  -28.993  -42.922  31.667 0.6999999881
39072  -30.197  -41.497  32.080 0.8000000119
127224  -30.877  -41.707  33.118 0.8000000119
40610  -43.017  -40.005  39.377 1.0000000000
40599  -44.284  -39.912  40.212 1.0000000000
39753  -45.370  -40.594  40.865 1.0000000000
33825  -27.095  -47.970  30.277 0.1000000015
115282  -27.859  -47.083  29.122 0.2000000030
34842  -28.064  -46.334  28.919 0.3000000119
36671  -28.754  -44.296  28.636 0.3000000119
38330  -28.636  -42.710  29.954 0.5000000000
37508  -28.514  -43.268  30.358 0.6000000238
117593  -30.857  -41.391  32.629 0.8000000119
41528  -42.640  -38.454  38.652 1.0000000000
40611  -43.792  -39.509  39.754 1.0000000000
40600  -45.109  -39.871  40.419 1.0000000000
34860  -28.737  -46.135  28.573 0.4000000060
36672  -29.459  -44.454  28.302 0.4000000060
37542  -28.709  -43.465  28.897 0.3000000119
38358  -29.144  -42.708  28.694 0.3000000119
39085  -30.924  -40.860  31.769 0.8000000119
39073  -31.502  -41.030  32.494 0.8000000119
42361  -42.935  -37.600  38.249 1.0000000000
37545  -30.909  -43.774  28.375 0.3000000119
126075  -29.722  -43.066  28.236 0.3000000119
38359  -29.953  -42.342  28.329 0.3000000119
39832  -31.950  -40.633  31.928 0.8999999762
42376  -42.422  -37.250  37.703 1.0000000000
111984  -31.229  -42.991  28.129 0.4000000060
39120  -30.290  -41.505  28.510 0.4000000060
39121  -31.134  -41.267  28.247 0.5000000000
43242  -42.402  -36.426  36.489 0.8999999762
43233  -42.002  -36.856  37.116 1.0000000000
129652  -32.025  -42.616  27.999 0.3000000119
126501  -31.673  -41.703  27.902 0.4000000060
39879  -31.371  -40.659  28.503 0.5000000000
108057  -41.946  -36.181  35.799 0.8999999762
44117  -41.136  -35.664  34.470 0.8000000119
112482  -41.168  -36.402  35.732 0.8999999762
32641  -29.152  -48.226  50.813 0.2000000030
31867  -28.864  -48.757  50.516 0.4000000060
31868  -29.572  -48.428  50.258 0.4000000060
32642  -30.028  -48.000  50.509 0.4000000060
31875  -29.807  -48.628  49.593 0.5000000000
32653  -30.174  -48.281  49.837 0.5000000000
32656  -32.437  -47.850  49.496 0.4000000060
32655  -31.962  -47.878  50.135 0.4000000060
33573  -32.396  -46.392  50.300 0.3000000119
33647  -30.088  -46.916  46.189 0.8000000119
33636  -31.425  -47.040  47.315 0.6999999881
125066  -33.513  -45.594  49.734 0.2000000030
33646  -29.334  -47.407  45.727 0.8000000119
34600  -30.945  -46.534  46.554 0.8000000119
34552  -33.098  -45.159  49.763 0.2000000030
33663  -28.975  -46.979  45.024 0.8000000119
34613  -29.710  -46.500  45.408 0.8000000119
34614  -30.620  -46.050  45.656 0.8000000119
113195  -31.429  -46.074  45.987 0.8000000119
127537  -32.898  -44.129  49.907 0.2000000030
112694  -38.183  -33.171  47.195 0.2000000030
110687  -38.325  -33.097  48.021 0.3000000119
47217  -39.131  -32.129  48.893 0.3000000119
34628  -28.654  -46.632  44.324 0.8000000119
34629  -29.393  -46.021  44.649 0.8000000119
35561  -29.771  -45.309  43.812 0.8000000119
37294  -33.682  -43.679  49.618 0.2000000030
46470  -37.783  -33.651  47.558 0.2000000030
45642  -38.015  -33.712  48.352 0.3000000119
125947  -39.648  -31.852  49.161 0.3000000119
47208  -40.677  -31.826  49.536 0.3000000119
34643  -28.373  -46.314  43.589 0.8000000119
35560  -28.953  -45.430  43.366 0.8000000119
35574  -29.771  -44.857  42.810 0.8000000119
45663  -37.228  -34.026  46.205 0.1000000015
46436  -42.191  -32.606  49.282 0.5000000000
116080  -27.962  -46.847  43.489 0.8000000119
107339  -29.332  -44.751  42.057 0.8000000119
35575  -30.840  -45.075  42.215 0.8000000119
38135  -35.234  -42.524  47.579 0.2000000030
44873  -37.051  -34.847  44.704 0.1000000015
115688  -36.895  -34.604  46.073 0.1000000015
125213  -42.590  -33.201  49.057 0.6999999881
34656  -28.319  -45.707  42.887 0.8000000119
35587  -28.883  -44.709  41.382 0.8000000119
35588  -29.997  -44.836  41.100 0.8000000119
35596  -30.073  -45.151  40.116 0.8000000119
38920  -35.362  -41.720  46.833 0.2000000030
122841  -36.671  -35.310  44.784 0.1000000015
45643  -43.501  -34.076  48.288 0.6999999881
35586  -27.913  -45.078  41.488 0.8000000119
36517  -29.347  -44.709  40.622 0.6999999881
35606  -29.880  -45.432  39.298 0.6999999881
126395  -35.064  -40.506  45.773 0.1000000015
119516  -36.462  -35.989  43.583 0.1000000015
43981  -43.596  -34.723  47.562 0.8000000119
36532  -28.332  -44.613  39.647 0.6999999881
35605  -29.062  -44.872  39.036 0.6999999881
35623  -29.439  -45.856  37.546 0.6999999881
125159  -34.434  -41.423  44.611 0.2000000030
121323  -35.054  -41.324  45.927 0.2000000030
44012  -44.177  -35.574  46.135 0.8000000119
36543  -28.114  -44.595  38.782 0.6999999881
35615  -28.838  -45.028  38.146 0.6999999881
34707  -29.973  -46.416  36.274 0.6999999881
122459  -34.809  -40.915  45.189 0.1000000015
112198  -35.156  -38.870  43.756 0.1000000015
42285  -35.820  -37.557  43.601 0.1000000015
43163  -43.915  -36.468  45.691 0.8999999762
44025  -44.581  -35.120  45.514 0.8999999762
36554  -26.890  -44.421  36.603 0.6000000238
35622  -28.601  -45.222  37.257 0.6000000238
35644  -28.252  -45.499  35.469 0.6000000238
34724  -29.693  -46.219  35.332 0.6999999881
35645  -30.517  -46.056  35.174 0.6999999881
39700  -34.638  -40.539  44.415 0.1000000015
43172  -44.370  -37.034  44.622 1.0000000000
35643  -27.295  -44.972  35.251 0.5000000000
34723  -28.932  -46.039  34.971 0.5000000000
34748  -30.010  -46.186  34.913 0.6999999881
35661  -30.304  -45.730  34.605 0.6999999881
41466  -45.671  -38.776  43.011 1.0000000000
42301  -44.673  -37.574  43.072 1.0000000000
34745  -27.603  -45.972  33.787 0.4000000060
34764  -29.099  -45.939  33.924 0.5000000000
35676  -30.026  -45.308  33.950 0.6999999881
36573  -30.556  -44.737  34.409 0.6999999881
42310  -45.440  -37.729  41.975 1.0000000000
34762  -27.522  -46.377  33.052 0.4000000060
34782  -27.419  -46.550  32.329 0.4000000060
34783  -28.139  -46.179  32.798 0.4000000060
35674  -28.799  -45.882  33.225 0.6000000238
35687  -29.112  -45.267  32.898 0.6000000238
36589  -30.181  -44.253  33.772 0.6999999881
40576  -47.627  -40.109  42.648 1.0000000000
40575  -46.993  -39.536  42.623 1.0000000000
41489  -47.001  -38.638  42.057 1.0000000000
34802  -27.902  -46.075  31.977 0.3000000119
35698  -28.212  -45.316  31.593 0.4000000060
36601  -29.282  -44.291  32.632 0.6999999881
36614  -28.850  -43.832  31.920 0.6000000238
39772  -46.059  -40.016  40.277 1.0000000000
39754  -46.367  -40.754  40.683 1.0000000000
39011  -47.386  -41.302  41.220 1.0000000000
39738  -48.559  -40.519  41.933 1.0000000000
41469  -48.767  -38.993  42.197 1.0000000000
35733  -27.953  -45.673  29.291 0.3000000119
110541  -28.028  -45.040  30.631 0.4000000060
36613  -28.422  -44.411  31.295 0.6000000238
112665  -46.615  -39.695  39.553 1.0000000000
39774  -47.828  -40.351  39.797 1.0000000000
39775  -48.439  -40.502  40.465 1.0000000000
39739  -48.981  -40.113  41.633 1.0000000000
40591  -49.488  -39.488  41.423 1.0000000000
124028  -28.327  -45.659  28.781 0.3000000119
35717  -28.061  -44.931  29.682 0.3000000119
36650  -28.384  -44.172  29.253 0.4000000060
36629  -28.298  -44.081  30.265 0.4000000060
41529  -43.777  -38.005  38.746 1.0000000000
41518  -44.316  -38.671  39.395 1.0000000000
40626  -46.612  -39.197  38.881 1.0000000000
40614  -47.270  -39.696  38.925 1.0000000000
40627  -47.336  -39.361  38.329 1.0000000000
40616  -48.082  -39.916  38.957 1.0000000000
128955  -48.379  -40.090  39.611 1.0000000000
42377  -43.833  -37.270  38.043 1.0000000000
42362  -44.840  -37.605  38.169 1.0000000000
41530  -45.082  -38.156  38.755 1.0000000000
42363  -45.737  -38.028  38.096 1.0000000000
41532  -46.990  -38.981  38.006 1.0000000000
43234  -42.829  -36.708  37.216 1.0000000000
43235  -43.745  -36.793  37.345 1.0000000000
42379  -45.716  -37.734  37.465 1.0000000000
41545  -46.553  -38.425  37.538 1.0000000000
126114  -42.768  -36.073  35.781 1.0000000000
44118  -41.849  -35.607  34.639 0.8000000119
33572  -31.914  -47.103  50.463 0.4000000060
46471  -38.611  -32.578  47.724 0.2000000030
46459  -38.706  -32.547  48.452 0.2000000030
46478  -37.645  -33.627  46.754 0.1000000015
123036  -37.865  -33.425  46.499 0.1000000015
47228  -38.954  -32.068  48.167 0.3000000119
47219  -40.682  -31.479  49.165 0.3000000119
47988  -41.101  -31.507  49.258 0.3000000119
47989  -41.647  -31.449  49.080 0.3000000119
44874  -37.236  -34.269  44.674 0.1000000015
46492  -37.555  -33.632  46.039 0.1000000015
118790  -37.799  -33.380  45.944 0.1000000015
47211  -42.486  -32.065  49.181 0.6000000238
45633  -43.849  -33.535  48.687 0.6999999881
108571  -35.055  -42.574  46.739 0.2000000030
108177  -36.864  -35.139  43.942 0.1000000015
44841  -44.162  -34.409  47.460 0.6999999881
38171  -34.704  -41.833  45.293 0.2000000030
44013  -44.609  -34.845  46.184 0.8000000119
42296  -35.673  -37.787  42.602 0.1000000015
112070  -44.497  -36.172  44.157 0.8999999762
44031  -44.629  -35.313  44.584 0.8999999762
121636  -44.495  -36.136  43.191 1.0000000000
44030  -44.674  -35.417  43.662 0.8999999762
43185  -44.806  -37.368  42.130 1.0000000000
42311  -46.223  -37.743  41.690 1.0000000000
42312  -48.252  -38.310  42.011 1.0000000000
41470  -49.317  -39.005  41.962 1.0000000000
126232  -48.571  -39.700  39.166 1.0000000000
40646  -47.561  -39.087  37.817 1.0000000000
40630  -48.744  -39.219  38.761 1.0000000000
126657  -47.221  -38.805  37.432 1.0000000000
41546  -47.043  -38.567  36.953 1.0000000000
113131  -47.581  -38.666  37.085 1.0000000000
43243  -43.469  -36.347  36.463 1.0000000000
43244  -44.622  -36.700  36.684 1.0000000000
42393  -45.557  -37.344  36.728 1.0000000000
41564  -46.474  -38.075  36.641 1.0000000000
41565  -47.192  -38.346  36.339 1.0000000000
41566  -47.702  -38.322  36.210 0.8999999762
127641  -43.544  -36.029  35.639 1.0000000000
43245  -45.427  -37.000  35.996 0.8999999762
126119  -45.921  -37.572  34.699 0.8999999762
42395  -46.718  -38.008  35.641 0.8999999762
44106  -43.091  -35.727  35.111 0.8000000119
44107  -43.955  -35.882  35.032 0.8000000119
43258  -44.500  -36.369  35.720 0.8999999762
43270  -44.743  -36.506  34.787 0.8000000119
43271  -45.441  -37.220  34.353 0.8999999762
42418  -46.193  -37.883  33.956 0.8999999762
44121  -44.249  -36.085  34.248 0.8000000119
47218  -40.146  -31.464  48.995 0.2000000030
47240  -38.826  -32.264  47.475 0.1000000015
48004  -40.747  -31.180  48.710 0.2000000030
47996  -41.371  -31.190  48.801 0.2000000030
46480  -38.676  -32.528  46.710 0.1000000015
47252  -39.170  -32.049  47.075 0.1000000015
112860  -39.851  -31.782  47.009 0.1000000015
47990  -42.341  -31.506  48.924 0.2000000030
121167  -43.096  -31.693  48.960 0.3000000119
126805  -44.021  -32.902  48.939 0.5000000000
47230  -44.711  -31.510  48.372 0.4000000060
45645  -45.116  -33.112  47.872 0.6999999881
46461  -45.048  -32.302  48.259 0.4000000060
112893  -45.463  -33.577  46.541 0.6999999881
44864  -45.132  -34.396  45.734 0.6999999881
44036  -44.640  -35.489  42.915 1.0000000000
44875  -45.009  -34.702  44.011 0.8999999762
44042  -44.499  -35.945  42.328 1.0000000000
44891  -44.738  -35.126  42.272 1.0000000000
44048  -45.110  -36.181  41.014 1.0000000000
119649  -45.123  -35.417  40.909 0.8999999762
43187  -46.365  -37.076  41.030 1.0000000000
44055  -45.684  -35.736  40.561 0.8999999762
41491  -49.739  -38.629  41.638 1.0000000000
113490  -48.046  -37.525  41.530 1.0000000000
40602  -49.936  -39.082  40.050 1.0000000000
40629  -48.190  -39.452  38.426 1.0000000000
40648  -48.305  -38.884  37.888 1.0000000000
41533  -48.966  -38.675  38.470 1.0000000000
113297  -48.222  -38.443  37.206 0.8999999762
41577  -47.332  -38.188  35.660 0.8999999762
41579  -47.930  -37.981  35.682 0.8999999762
41568  -48.444  -37.971  37.012 0.8999999762
42409  -46.535  -37.893  34.724 0.8999999762
42411  -47.759  -37.903  34.907 0.8999999762
43278  -44.541  -36.704  33.399 0.8000000119
113593  -44.878  -36.781  34.068 0.8999999762
42419  -47.012  -38.210  34.045 0.8999999762
115553  -47.471  -38.120  33.415 0.8999999762
129416  -44.964  -37.390  32.992 0.8999999762
42427  -45.534  -37.894  32.526 0.8999999762
129463  -45.965  -38.322  31.737 0.8999999762
43305  -44.489  -37.512  31.518 0.8000000119
42444  -45.222  -38.005  31.647 0.8000000119
47229  -40.169  -31.301  48.384 0.1000000015
48005  -41.330  -30.999  48.394 0.2000000030
47998  -42.905  -31.114  48.491 0.2000000030
47242  -40.321  -31.373  47.674 0.1000000015
48016  -41.660  -30.929  47.907 0.1000000015
47999  -43.525  -31.108  48.553 0.1000000015
47220  -43.953  -31.566  48.753 0.3000000119
47231  -45.402  -31.518  47.995 0.3000000119
45655  -45.276  -33.377  47.174 0.6999999881
45656  -45.856  -32.880  46.714 0.4000000060
45664  -45.699  -33.783  45.914 0.8000000119
45675  -46.405  -33.371  45.418 0.6000000238
45686  -46.430  -33.547  44.462 0.6000000238
44892  -45.365  -34.455  42.556 0.8999999762
45710  -45.911  -33.819  42.987 0.8000000119
44901  -45.177  -34.747  41.475 0.8000000119
45725  -45.859  -33.997  42.015 0.8000000119
44907  -45.610  -34.897  40.589 0.8999999762
43198  -47.648  -36.316  40.548 0.8999999762
43197  -46.551  -36.234  40.471 0.8999999762
41492  -50.293  -38.170  41.233 1.0000000000
121019  -49.296  -37.107  41.667 1.0000000000
41511  -50.432  -38.451  40.473 1.0000000000
41547  -48.603  -38.359  37.744 0.8999999762
41534  -49.744  -38.372  38.960 0.8999999762
120076  -48.867  -37.893  37.709 0.8999999762
42396  -48.236  -37.771  36.133 0.8999999762
42421  -47.902  -37.730  34.461 0.8999999762
42412  -48.111  -37.580  35.234 0.8999999762
121157  -46.866  -38.239  33.413 0.8999999762
42431  -47.843  -37.675  33.746 0.8999999762
42429  -47.169  -38.250  32.696 0.8999999762
42446  -47.089  -38.224  31.861 0.8999999762
42430  -47.685  -37.865  32.895 0.8999999762
43315  -44.528  -38.059  29.830 0.6999999881
42460  -45.004  -38.210  30.616 0.6999999881
42461  -45.867  -38.520  30.984 0.8000000119
42462  -47.022  -38.226  31.035 0.8999999762
42476  -45.393  -38.421  29.337 0.8999999762
42477  -46.249  -38.391  29.652 0.8000000119
42478  -46.838  -38.067  30.213 0.8999999762
48006  -42.145  -30.898  48.177 0.2000000030
48007  -44.230  -30.795  48.268 0.1000000015
47232  -45.903  -31.464  47.481 0.3000000119
48009  -45.615  -30.944  47.709 0.2000000030
46483  -46.506  -32.410  46.285 0.5000000000
47245  -46.875  -31.058  46.458 0.2000000030
46499  -46.840  -32.685  45.664 0.5000000000
46484  -47.121  -31.948  45.819 0.5000000000
45698  -46.508  -33.411  43.484 0.6999999881
46500  -47.479  -32.237  45.245 0.5000000000
45711  -46.408  -33.374  42.544 0.8000000119
46526  -47.053  -32.946  43.088 0.6999999881
44056  -46.406  -35.181  40.127 0.8999999762
45726  -46.325  -33.460  41.522 0.8999999762
113506  -47.117  -35.705  40.106 0.8999999762
44918  -46.791  -34.360  39.720 0.8999999762
42315  -50.473  -37.311  41.361 1.0000000000
43200  -49.477  -36.017  41.165 1.0000000000
42364  -50.079  -37.747  38.773 0.8999999762
128164  -51.026  -37.213  39.470 0.8999999762
42316  -51.113  -36.966  40.999 1.0000000000
111646  -50.363  -37.016  38.566 0.8999999762
42380  -48.955  -37.443  37.377 0.8999999762
43261  -48.456  -37.209  36.041 0.8999999762
43246  -49.013  -36.787  36.962 0.8999999762
43273  -48.094  -37.280  34.560 0.8999999762
43280  -47.840  -37.215  33.140 0.8999999762
42463  -47.378  -37.782  31.699 0.8999999762
43293  -47.681  -37.379  32.399 0.8999999762
127783  -47.748  -36.879  32.781 0.8999999762
43306  -47.218  -37.548  30.928 0.8999999762
43292  -47.465  -36.956  31.686 0.8999999762
42501  -45.167  -38.285  28.153 0.6999999881
42492  -46.445  -37.722  29.432 0.8999999762
43316  -46.843  -37.139  30.203 0.8999999762
43327  -46.093  -37.337  28.646 0.8000000119
43328  -46.420  -36.634  29.529 0.8000000119
48841  -42.914  -30.842  48.061 0.1000000015
47277  -48.099  -31.827  44.874 0.4000000060
47284  -48.198  -31.944  44.089 0.5000000000
46535  -47.404  -32.311  42.694 0.6000000238
46544  -46.699  -32.859  40.962 0.8999999762
46545  -47.272  -32.103  41.574 0.8000000119
44070  -48.240  -35.000  39.707 0.8999999762
44919  -47.601  -34.310  39.390 0.8999999762
44059  -49.837  -35.356  40.846 1.0000000000
43236  -49.672  -36.828  37.860 0.8999999762
44090  -49.929  -35.920  37.619 0.8999999762
43260  -48.345  -36.927  35.339 0.8999999762
114251  -48.730  -36.418  36.166 0.8999999762
44108  -48.454  -36.074  35.540 0.8999999762
119193  -48.184  -36.635  34.856 0.8999999762
43272  -47.941  -36.703  34.080 0.8999999762
44131  -47.625  -36.246  33.306 0.8999999762
44162  -46.525  -35.967  30.450 0.8999999762
110185  -47.010  -36.484  31.039 0.8999999762
45001  -46.612  -35.507  31.216 0.8999999762
44184  -45.587  -36.794  28.059 0.8000000119
44173  -45.919  -36.063  28.988 0.8999999762
44183  -44.905  -36.165  27.595 0.6999999881
44172  -45.300  -35.260  28.654 0.6999999881
45013  -44.605  -34.666  28.116 0.6000000238
45017  -44.072  -35.448  27.137 0.5000000000
45749  -47.086  -33.604  39.441 0.8999999762
46552  -47.105  -32.255  40.308 0.8999999762
44909  -49.253  -34.835  40.074 0.8999999762
44921  -49.742  -34.097  39.737 0.8999999762
43216  -51.728  -36.600  40.122 0.8999999762
43226  -51.241  -36.447  38.927 0.8999999762
44081  -51.457  -35.734  38.567 0.8999999762
44097  -49.288  -35.937  36.866 0.8999999762
44959  -48.478  -34.981  35.636 0.8999999762
44122  -48.078  -35.837  34.929 0.8999999762
44966  -47.709  -35.527  34.274 0.8999999762
44982  -47.073  -35.489  32.849 0.8999999762
44992  -46.431  -34.743  31.766 0.8999999762
44161  -46.085  -35.423  29.882 0.8000000119
117548  -45.678  -35.031  29.421 0.8000000119
113183  -45.683  -34.341  30.095 0.6999999881
45868  -43.451  -34.403  26.926 0.5000000000
47311  -47.581  -31.665  39.602 0.8000000119
114178  -49.844  -33.340  39.284 0.8999999762
115017  -48.970  -33.449  39.002 0.8999999762
44912  -52.252  -35.050  40.389 0.8999999762
43227  -51.954  -35.890  39.212 0.8999999762
44098  -49.815  -35.125  37.138 0.8999999762
114001  -50.890  -35.580  38.053 0.8999999762
44967  -47.970  -34.707  35.004 0.8999999762
112466  -47.433  -34.362  34.438 0.8999999762
45834  -47.497  -33.479  34.275 0.8999999762
44972  -47.132  -35.029  33.736 0.8999999762
117490  -46.290  -33.978  32.442 0.8999999762
45842  -46.723  -33.249  33.025 0.8000000119
44991  -46.158  -34.718  30.846 0.8999999762
45856  -45.792  -33.515  30.797 0.8000000119
124022  -45.644  -32.950  30.503 0.8000000119
118975  -44.967  -33.913  29.012 0.6999999881
45860  -45.370  -33.297  29.922 0.6999999881
45864  -43.958  -33.946  27.713 0.4000000060
45865  -44.453  -33.333  28.476 0.6000000238
46657  -45.062  -32.645  29.169 0.6999999881
46661  -44.020  -32.717  27.906 0.5000000000
46662  -44.648  -32.147  28.415 0.5000000000
120800  -43.638  -32.177  27.368 0.5000000000
127329  -43.319  -31.786  26.879 0.3000000119
47312  -48.189  -31.080  39.094 0.8000000119
45752  -50.677  -33.718  39.890 0.8000000119
45751  -49.332  -32.646  38.794 0.8999999762
45737  -51.660  -33.930  40.199 0.8999999762
45753  -51.433  -33.096  39.739 0.8999999762
44063  -52.860  -34.778  39.554 0.8999999762
45738  -52.447  -34.230  40.152 0.8999999762
44953  -50.549  -34.382  37.155 0.8999999762
44091  -51.662  -35.004  38.095 0.8999999762
44952  -49.762  -34.345  36.682 0.8999999762
44954  -51.376  -34.374  37.513 0.8999999762
45805  -53.878  -32.613  37.376 0.8999999762
47337  -54.328  -31.866  36.838 0.8999999762
44960  -49.109  -34.158  36.098 0.8999999762
45801  -49.808  -33.653  36.299 0.8999999762
46588  -53.611  -32.232  36.705 0.8000000119
45818  -48.534  -33.859  35.457 0.8999999762
46600  -52.218  -32.083  35.979 0.8000000119
46601  -53.090  -31.812  36.112 0.8000000119
47348  -53.990  -31.435  36.177 0.8000000119
46612  -48.003  -32.886  34.262 0.8999999762
47346  -51.653  -31.728  35.329 0.8000000119
47347  -52.507  -31.515  35.480 0.8000000119
109525  -53.293  -31.229  35.550 0.8000000119
47362  -53.987  -30.837  35.441 0.8000000119
46623  -47.378  -32.955  33.732 0.8000000119
47360  -51.194  -31.288  34.534 0.8000000119
112879  -52.019  -31.263  34.902 0.8000000119
48174  -52.978  -30.522  34.334 0.8000000119
45851  -46.359  -33.091  32.108 0.8000000119
48196  -51.144  -30.740  33.746 0.8000000119
48173  -51.995  -30.702  34.256 0.8000000119
48197  -52.443  -30.160  33.577 0.6999999881
109810  -45.751  -32.382  30.206 0.6999999881
46653  -45.997  -32.668  30.878 0.8000000119
124913  -51.705  -30.362  33.501 0.8000000119
48213  -51.860  -29.983  32.762 0.6999999881
46658  -45.642  -31.947  29.523 0.6999999881
128041  -45.418  -32.534  29.729 0.6999999881
48212  -51.017  -30.291  32.428 0.6999999881
48214  -52.847  -29.770  32.827 0.6999999881
46663  -45.405  -31.616  28.792 0.5000000000
48226  -51.588  -29.907  31.805 0.6999999881
48227  -52.471  -29.725  31.966 0.6999999881
46666  -44.312  -31.719  27.712 0.5000000000
47420  -43.953  -31.380  27.038 0.4000000060
47425  -43.427  -31.155  26.392 0.3000000119
48283  -43.604  -30.411  25.784 0.3000000119
49138  -43.835  -29.033  23.000 0.3000000119
50034  -44.905  -28.880  21.880 0.3000000119
49152  -45.385  -29.312  21.303 0.3000000119
46561  -49.720  -31.818  38.698 0.6999999881
49829  -53.037  -27.875  38.783 0.3000000119
46553  -52.298  -33.348  39.917 0.8999999762
44083  -52.969  -34.668  38.897 0.8999999762
45755  -53.064  -34.249  39.796 0.8999999762
47318  -53.785  -31.245  38.796 0.6999999881
48113  -54.014  -29.930  38.520 0.6999999881
44943  -52.235  -34.274  37.845 0.8999999762
44944  -53.005  -34.131  38.223 0.8999999762
45766  -53.681  -33.602  38.969 0.8999999762
46573  -54.200  -32.337  38.316 0.8999999762
125419  -54.222  -31.732  38.497 0.8000000119
47323  -54.392  -30.878  38.284 0.8999999762
48971  -54.401  -28.906  38.193 0.5000000000
49830  -53.728  -28.033  38.337 0.4000000060
45802  -50.509  -33.720  36.686 0.8999999762
115308  -51.128  -33.844  37.094 0.8999999762
45803  -51.867  -33.709  37.303 0.8999999762
45785  -53.566  -33.424  37.916 0.8999999762
45804  -53.207  -32.926  37.187 0.8999999762
46579  -54.280  -32.208  37.579 0.8999999762
47330  -54.536  -31.567  37.817 0.8999999762
47331  -55.043  -30.929  37.173 0.8999999762
48123  -54.681  -29.943  38.047 0.8000000119
45819  -49.441  -33.200  35.659 0.8999999762
45820  -50.431  -33.081  36.115 0.8999999762
45821  -51.364  -33.197  36.645 0.8999999762
46586  -51.987  -32.627  36.429 0.8999999762
46587  -52.777  -32.470  36.565 0.8999999762
112555  -54.598  -31.627  37.161 0.8999999762
47338  -54.831  -31.184  36.620 0.8000000119
45836  -48.721  -32.895  34.861 0.8999999762
46598  -50.218  -32.495  35.438 0.8999999762
46599  -51.233  -32.422  35.874 0.8000000119
47349  -54.627  -30.815  35.842 0.8000000119
46624  -48.118  -32.358  33.593 0.8000000119
110041  -48.596  -32.403  34.141 0.8000000119
46613  -49.252  -32.204  34.403 0.8000000119
46614  -49.971  -32.015  34.782 0.8000000119
46615  -50.757  -31.878  35.102 0.8000000119
121376  -53.393  -30.810  34.978 0.8000000119
46640  -47.509  -32.415  32.998 0.8000000119
46625  -48.958  -31.826  33.597 0.8000000119
47359  -49.769  -31.637  34.093 0.8000000119
126655  -50.404  -31.580  34.473 0.8000000119
48175  -53.938  -30.397  34.552 0.8000000119
107014  -47.019  -32.452  32.304 0.8000000119
122411  -47.733  -31.973  32.372 0.8000000119
47393  -49.067  -31.317  32.737 0.8000000119
47377  -49.740  -31.262  33.335 0.8000000119
47378  -50.432  -31.185  33.878 0.8000000119
48198  -53.367  -30.034  33.656 0.6999999881
46654  -46.443  -31.965  30.633 0.8000000119
47404  -47.155  -31.633  30.983 0.8000000119
47394  -49.772  -30.929  32.658 0.6999999881
47395  -50.482  -30.749  33.056 0.6999999881
127575  -51.223  -30.413  33.096 0.6999999881
114664  -53.762  -29.769  32.846 0.6999999881
46659  -46.267  -31.632  29.918 0.6999999881
48211  -50.227  -30.563  32.219 0.6999999881
47415  -46.200  -31.186  29.155 0.5000000000
119473  -50.047  -30.437  31.568 0.6999999881
48225  -50.740  -30.196  31.644 0.6999999881
48240  -52.251  -29.704  31.126 0.6999999881
47421  -44.736  -30.941  27.283 0.4000000060
47418  -45.096  -31.267  28.021 0.5000000000
48238  -50.371  -30.175  30.939 0.6999999881
48249  -50.727  -29.880  30.146 0.6999999881
48239  -51.356  -29.863  30.877 0.6999999881
47426  -44.286  -30.559  26.493 0.3000000119
48284  -44.216  -29.985  25.847 0.3000000119
48295  -43.087  -30.150  25.017 0.3000000119
49124  -43.412  -29.576  24.385 0.3000000119
49125  -44.148  -29.261  24.580 0.3000000119
50855  -50.406  -27.833  21.504 0.3000000119
125416  -43.774  -29.182  23.816 0.3000000119
50007  -44.495  -28.829  23.759 0.3000000119
50020  -44.584  -28.733  22.715 0.3000000119
50035  -45.446  -28.536  22.501 0.3000000119
50036  -46.470  -28.433  21.950 0.3000000119
50037  -47.244  -28.440  21.732 0.3000000119
50690  -53.222  -27.230  38.632 0.3000000119
126604  -53.354  -33.746  39.468 0.8999999762
46572  -53.980  -32.981  38.734 0.8999999762
45767  -54.071  -32.909  38.052 0.8999999762
49839  -54.353  -28.089  37.911 0.6000000238
50697  -53.781  -27.411  38.143 0.4000000060
48124  -55.160  -30.111  37.502 0.8000000119
123726  -54.833  -28.586  37.752 0.6999999881
48136  -55.454  -30.227  36.970 0.8000000119
47350  -55.182  -30.665  35.996 0.8000000119
47363  -54.570  -30.514  35.176 0.8000000119
48157  -55.167  -30.378  35.325 0.8000000119
46641  -48.289  -31.852  32.877 0.8000000119
47392  -48.348  -31.367  32.015 0.8000000119
48199  -54.274  -29.951  33.673 0.6999999881
48176  -54.931  -30.152  34.446 0.6999999881
46651  -47.458  -31.822  31.723 0.8000000119
48224  -49.369  -30.809  31.936 0.6999999881
125080  -55.021  -29.930  33.539 0.6999999881
47411  -46.971  -31.285  30.252 0.6999999881
129722  -47.590  -31.173  30.602 0.6999999881
48236  -48.232  -30.830  30.538 0.6999999881
47406  -48.729  -30.849  31.200 0.6999999881
48228  -53.343  -29.719  32.039 0.6999999881
123052  -54.195  -29.855  32.003 0.6999999881
48215  -54.640  -29.839  32.814 0.6999999881
125987  -46.696  -31.120  29.669 0.6999999881
107347  -47.666  -30.561  29.402 0.6000000238
112705  -48.471  -30.432  29.753 0.6999999881
48237  -49.021  -30.483  30.442 0.6999999881
127348  -52.171  -29.655  30.414 0.6999999881
129577  -53.794  -29.798  31.389 0.6999999881
47419  -45.856  -30.857  28.345 0.5000000000
48257  -46.651  -30.546  28.567 0.5000000000
48258  -47.446  -30.314  28.731 0.5000000000
49061  -47.973  -29.834  28.239 0.6999999881
48260  -49.121  -29.954  29.140 0.6999999881
48261  -50.096  -29.830  29.409 0.6999999881
48250  -51.682  -29.666  29.956 0.6999999881
48241  -53.781  -29.811  30.654 0.6999999881
48268  -45.588  -30.540  27.522 0.4000000060
117694  -46.375  -30.302  27.842 0.5000000000
48270  -47.151  -30.012  28.056 0.5000000000
49062  -48.846  -29.713  28.375 0.6999999881
120605  -50.491  -29.536  27.709 0.6999999881
49065  -51.738  -29.602  28.580 0.6999999881
48262  -51.990  -29.607  29.246 0.6999999881
48263  -52.616  -29.615  28.727 0.6999999881
48276  -45.141  -30.284  26.826 0.4000000060
127772  -45.727  -30.046  27.008 0.4000000060
48269  -46.145  -30.058  27.310 0.5000000000
49086  -50.139  -29.422  26.767 0.6000000238
116943  -51.492  -29.590  27.809 0.6999999881
49066  -52.446  -29.624  27.948 0.6999999881
48271  -53.310  -29.661  28.121 0.6999999881
49081  -44.856  -29.862  26.154 0.4000000060
49082  -45.581  -29.743  26.458 0.4000000060
123467  -50.261  -29.373  25.903 0.6000000238
109120  -51.214  -29.543  26.986 0.6999999881
49074  -52.189  -29.642  27.167 0.6999999881
49101  -44.563  -29.517  25.390 0.3000000119
49102  -45.435  -29.347  25.634 0.4000000060
49991  -45.801  -28.877  24.886 0.4000000060
49087  -50.990  -29.552  26.130 0.6000000238
49107  -50.790  -29.343  25.366 0.6000000238
49108  -51.663  -29.426  25.549 0.6000000238
49126  -44.948  -29.017  24.754 0.3000000119
125191  -46.931  -28.552  24.267 0.4000000060
50010  -47.473  -28.521  23.733 0.3000000119
50024  -48.091  -28.477  23.082 0.3000000119
50856  -51.159  -27.443  21.194 0.3000000119
50863  -51.274  -27.315  20.303 0.3000000119
50008  -45.372  -28.660  24.079 0.3000000119
50021  -45.811  -28.483  23.410 0.3000000119
50023  -47.136  -28.435  22.709 0.3000000119
50038  -47.841  -28.386  22.268 0.3000000119
50039  -48.736  -28.329  22.324 0.3000000119
50848  -51.160  -27.801  22.157 0.3000000119
50857  -51.926  -26.927  20.933 0.3000000119
110732  -46.222  -28.427  22.697 0.3000000119
50048  -47.474  -28.545  21.073 0.3000000119
51664  -52.664  -26.313  20.690 0.3000000119
51674  -52.710  -26.334  19.823 0.3000000119
116037  -52.954  -26.622  38.971 0.4000000060
51481  -53.309  -26.743  38.541 0.4000000060
49840  -54.934  -28.156  37.512 0.6999999881
51488  -53.827  -26.831  37.943 0.4000000060
48982  -55.491  -29.509  37.194 0.6999999881
48996  -55.803  -29.794  36.517 0.6999999881
50703  -55.622  -28.014  36.788 0.6999999881
51499  -54.898  -27.092  36.967 0.5000000000
50708  -55.528  -27.553  36.616 0.6000000238
121656  -55.825  -30.229  35.923 0.8000000119
48148  -56.154  -29.709  35.928 0.6999999881
49849  -55.874  -28.468  36.553 0.5000000000
50709  -56.008  -27.979  36.303 0.4000000060
51511  -56.042  -27.424  35.997 0.6999999881
48177  -55.733  -30.122  34.686 0.6999999881
48158  -55.742  -30.210  35.382 0.6999999881
48178  -56.261  -29.995  34.828 0.6999999881
48200  -55.708  -30.030  33.802 0.6999999881
108465  -55.103  -30.033  31.973 0.6999999881
48216  -55.493  -29.983  32.855 0.6999999881
48242  -55.242  -30.192  30.468 0.6999999881
127308  -54.013  -29.770  29.030 0.6999999881
107723  -54.553  -30.030  30.126 0.6999999881
49070  -46.841  -29.737  27.291 0.5000000000
49072  -48.536  -29.506  27.652 0.6999999881
49073  -49.475  -29.482  27.659 0.6999999881
48264  -54.221  -29.773  28.376 0.6999999881
49071  -47.703  -29.597  27.539 0.5000000000
122222  -48.252  -29.323  27.060 0.6000000238
49085  -49.046  -29.272  26.938 0.5000000000
49075  -53.096  -29.665  27.362 0.6999999881
122077  -46.167  -29.387  26.136 0.4000000060
49083  -46.838  -29.379  26.502 0.4000000060
49104  -47.500  -29.011  26.088 0.4000000060
49105  -48.419  -29.053  26.299 0.4000000060
49106  -49.458  -29.192  26.101 0.5000000000
49089  -52.851  -29.624  26.614 0.6999999881
126799  -53.710  -29.663  26.815 0.6999999881
118031  -46.178  -29.092  25.503 0.4000000060
49103  -46.780  -29.052  25.801 0.4000000060
125399  -48.081  -28.794  25.489 0.4000000060
128256  -49.345  -28.861  24.829 0.4000000060
50013  -50.581  -29.118  24.658 0.4000000060
49109  -52.729  -29.434  25.738 0.6000000238
122382  -47.336  -28.806  25.442 0.4000000060
49993  -47.643  -28.640  24.698 0.4000000060
50012  -49.194  -28.739  24.204 0.3000000119
125204  -49.902  -28.943  24.449 0.3000000119
107792  -51.062  -28.943  24.107 0.3000000119
49128  -52.259  -29.130  24.938 0.5000000000
107999  -49.710  -28.435  22.879 0.3000000119
50026  -50.597  -28.605  23.414 0.3000000119
50041  -51.158  -28.262  22.903 0.3000000119
50849  -51.951  -27.332  21.899 0.3000000119
50028  -53.170  -27.752  23.311 0.3000000119
51655  -52.812  -26.629  21.831 0.3000000119
51665  -53.324  -25.761  20.386 0.3000000119
51649  -53.374  -26.238  22.444 0.3000000119
51656  -53.396  -25.768  21.545 0.3000000119
52543  -53.891  -25.134  21.038 0.3000000119
112743  -53.460  -25.598  22.531 0.3000000119
52539  -53.748  -24.976  21.876 0.3000000119
53357  -53.145  -24.783  22.956 0.3000000119
49009  -56.468  -29.218  35.522 0.6000000238
49862  -56.292  -28.503  35.949 0.6000000238
50714  -56.457  -27.869  35.652 0.6999999881
124299  -56.107  -26.833  35.629 0.6000000238
52334  -54.957  -25.881  36.259 0.4000000060
49021  -56.596  -29.656  35.011 0.6000000238
50715  -56.930  -27.671  34.842 0.6999999881
48201  -56.418  -30.011  33.984 0.6000000238
48179  -56.842  -29.747  34.445 0.6000000238
51523  -56.596  -26.409  34.903 0.6000000238
48202  -57.131  -29.818  33.818 0.6999999881
108934  -56.109  -30.136  32.040 0.6999999881
48217  -56.333  -30.055  33.014 0.6999999881
111631  -57.050  -29.916  33.154 0.6999999881
107467  -55.668  -30.190  31.151 0.6999999881
111651  -57.020  -30.029  32.240 0.6000000238
48253  -55.391  -30.128  29.752 0.6999999881
49076  -54.611  -29.664  26.887 0.6999999881
49110  -53.817  -29.273  25.584 0.6999999881
129436  -53.465  -29.541  26.206 0.6999999881
49129  -53.261  -28.969  24.982 0.6000000238
108665  -52.442  -28.390  23.680 0.3000000119
119647  -52.786  -28.687  24.349 0.4000000060
50014  -51.892  -28.860  24.231 0.5000000000
127147  -53.223  -28.247  23.900 0.5000000000
125949  -52.741  -27.325  22.542 0.3000000119
50850  -53.433  -26.955  22.844 0.3000000119
51646  -53.668  -26.508  23.369 0.3000000119
52535  -53.412  -25.646  23.339 0.3000000119
109907  -53.486  -24.846  22.582 0.3000000119
52534  -52.967  -25.315  23.659 0.4000000060
49863  -56.731  -28.428  35.234 0.6999999881
49010  -56.986  -29.065  34.749 0.6999999881
49875  -57.311  -28.266  34.527 0.6999999881
49894  -57.612  -28.742  34.252 0.6999999881
51524  -57.376  -26.783  34.409 0.6999999881
116258  -57.821  -29.543  33.250 0.6999999881
49034  -58.143  -28.798  33.597 0.8000000119
49876  -58.074  -28.144  33.863 0.6999999881
113906  -58.079  -26.172  33.681 0.6999999881
52374  -57.418  -25.711  34.153 0.6000000238
48218  -57.625  -29.799  32.532 0.6000000238
49921  -58.422  -27.808  31.890 0.8999999762
51551  -58.349  -26.907  32.339 0.8999999762
52406  -58.002  -25.320  32.837 0.8000000119
119204  -57.613  -24.931  33.650 0.6000000238
107744  -56.848  -30.090  31.102 0.6999999881
49048  -58.098  -29.019  31.036 0.8000000119
50755  -58.070  -27.162  31.858 0.8999999762
51565  -57.983  -26.838  31.976 0.8999999762
51550  -58.094  -26.186  32.473 0.8999999762
48243  -56.087  -30.207  30.310 0.6999999881
48244  -56.876  -29.888  30.017 0.6999999881
49047  -57.495  -29.442  30.592 0.6999999881
49054  -57.585  -28.899  30.357 0.8999999762
118919  -57.403  -28.256  31.281 0.8999999762
109928  -55.610  -29.913  29.024 0.6999999881
126778  -56.222  -29.795  28.962 0.6999999881
49058  -57.068  -29.240  28.981 0.6999999881
49933  -57.040  -28.590  30.579 0.8999999762
49077  -55.567  -29.514  26.984 0.6999999881
48266  -56.006  -29.751  28.415 0.6999999881
49067  -56.474  -29.324  27.968 0.6999999881
49068  -56.970  -28.980  28.412 0.6999999881
48274  -55.800  -29.650  27.727 0.6999999881
49111  -54.849  -29.081  25.544 0.6999999881
49091  -55.254  -29.323  26.251 0.6999999881
49092  -56.110  -28.846  26.476 0.6999999881
49996  -54.350  -28.734  24.904 0.5000000000
49112  -55.717  -28.548  25.784 0.6999999881
50015  -53.747  -28.445  24.351 0.5000000000
50016  -54.741  -27.978  24.397 0.5000000000
50029  -53.921  -27.839  23.957 0.5000000000
50843  -53.941  -27.247  23.663 0.4000000060
51647  -53.926  -26.568  24.144 0.3000000119
52524  -53.472  -25.993  24.291 0.4000000060
53238  -57.817  -24.587  33.077 0.8999999762
53233  -57.487  -24.218  33.568 0.6999999881
51564  -57.564  -26.546  31.971 1.0000000000
114916  -57.650  -25.491  32.388 0.8999999762
125125  -57.699  -23.877  33.101 0.6999999881
50753  -57.053  -27.484  31.677 0.8999999762
53263  -57.448  -23.750  32.305 0.8999999762
53250  -57.639  -23.848  32.711 0.8999999762
49059  -57.216  -28.988  29.151 0.6999999881
49946  -57.091  -28.822  29.402 0.8000000119
50752  -56.069  -27.617  31.664 0.8999999762
51563  -56.656  -26.684  31.910 1.0000000000
52422  -56.288  -25.579  31.841 1.0000000000
53262  -57.283  -24.049  31.964 0.8999999762
54107  -57.439  -23.097  32.394 0.8999999762
49955  -56.981  -28.870  28.577 0.6999999881
49975  -56.494  -28.370  26.849 0.6999999881
49079  -56.641  -28.683  27.610 0.6999999881
124867  -56.744  -28.624  27.923 0.6999999881
49954  -56.560  -28.572  28.587 0.6999999881
122471  -56.532  -28.266  27.212 0.6999999881
129612  -56.432  -27.949  26.966 0.6999999881
50790  -56.454  -28.317  27.569 0.6999999881
49998  -55.818  -27.759  25.539 0.6000000238
117451  -55.976  -27.620  25.918 0.6999999881
50841  -55.363  -27.573  24.904 0.6000000238
50835  -55.536  -27.365  25.353 0.6000000238
123552  -54.927  -27.416  24.489 0.5000000000
51627  -55.059  -26.941  25.093 0.4000000060
50840  -54.461  -27.063  24.232 0.4000000060
51626  -54.248  -26.621  25.302 0.4000000060
118718  -53.672  -26.363  24.917 0.4000000060
51637  -52.910  -26.100  24.914 0.4000000060
51636  -51.899  -26.119  24.882 0.4000000060
52523  -52.543  -25.657  24.346 0.4000000060
54898  -57.360  -22.217  32.386 0.8000000119
53260  -56.404  -24.302  31.559 0.8999999762
54115  -56.807  -22.909  31.642 0.6999999881
50777  -55.603  -28.294  29.304 0.8999999762
50766  -55.216  -28.196  30.516 0.8999999762
51562  -55.515  -26.789  31.819 1.0000000000
113706  -55.605  -24.879  31.528 1.0000000000
54114  -56.288  -23.322  31.365 0.8999999762
54913  -56.217  -22.557  31.376 0.8000000119
50778  -55.947  -28.211  28.177 0.6999999881
111573  -54.506  -28.036  29.925 0.8999999762
50750  -54.048  -27.294  31.075 0.8999999762
51560  -53.794  -26.470  31.074 1.0000000000
53273  -54.505  -24.233  30.773 1.0000000000
54124  -54.842  -23.512  30.628 0.8999999762
110105  -55.880  -27.862  27.396 0.6999999881
50789  -54.888  -28.016  28.621 0.6999999881
50776  -53.676  -27.781  29.520 0.8000000119
51571  -53.302  -26.974  30.694 1.0000000000
52443  -53.339  -25.233  30.600 1.0000000000
53272  -53.730  -24.413  30.460 1.0000000000
54133  -54.465  -23.054  30.236 0.8999999762
50818  -55.555  -27.308  26.074 0.6999999881
50800  -55.292  -27.476  26.855 0.6999999881
50788  -53.781  -27.755  28.464 0.8000000119
50775  -52.759  -27.532  29.242 0.8999999762
52442  -52.685  -25.606  30.254 1.0000000000
53283  -53.489  -23.695  29.928 0.8000000119
54920  -53.598  -22.778  29.718 0.8000000119
51609  -55.515  -27.278  25.570 0.6000000238
50799  -54.075  -27.473  27.419 0.6999999881
50787  -52.818  -27.548  28.206 0.8000000119
50774  -51.914  -27.244  28.915 0.8000000119
52461  -51.531  -25.513  29.302 1.0000000000
53281  -51.761  -24.544  29.201 1.0000000000
53282  -52.552  -24.134  29.529 1.0000000000
51608  -54.931  -26.944  25.698 0.5000000000
50817  -54.549  -27.141  26.465 0.6000000238
50798  -53.052  -27.253  27.006 0.5000000000
50786  -51.814  -27.328  27.962 0.8000000119
51580  -50.626  -26.397  28.226 0.8999999762
53295  -51.007  -24.934  28.694 1.0000000000
109763  -51.459  -24.072  28.680 1.0000000000
51625  -53.278  -26.494  25.473 0.5000000000
51592  -51.630  -27.193  27.013 0.5000000000
51590  -50.208  -26.349  27.625 0.6999999881
53310  -49.976  -24.981  27.786 0.8000000119
51606  -51.249  -26.886  26.134 0.5000000000
51623  -50.455  -26.544  25.668 0.6000000238
51622  -49.690  -26.334  26.026 0.6000000238
53327  -49.071  -24.982  26.725 0.6000000238
126734  -51.318  -26.493  25.413 0.4000000060
114556  -50.362  -25.952  24.461 0.6000000238
111269  -49.068  -25.693  24.898 0.6000000238
51635  -50.844  -26.239  24.942 0.4000000060
55795  -56.759  -21.571  31.816 0.6999999881
111515  -55.480  -22.974  30.855 0.8999999762
110826  -54.261  -22.362  30.177 0.6999999881
54131  -52.073  -23.651  28.939 0.8999999762
54132  -52.855  -23.232  29.270 0.8000000119
54140  -51.507  -23.242  28.315 0.8999999762
53309  -49.571  -24.622  27.326 0.6999999881
114811  -50.262  -24.172  27.727 0.8000000119
111868  -50.930  -24.081  28.230 0.8999999762
52501  -48.899  -25.241  26.033 0.6000000238
54151  -49.812  -23.891  27.293 0.8000000119
52521  -49.523  -25.636  24.240 0.5000000000
52513  -48.612  -25.148  25.234 0.6000000238
53326  -48.656  -24.498  25.936 0.6000000238
52520  -48.698  -25.269  24.343 0.5000000000
53339  -48.324  -24.438  25.161 0.5000000000
55806  -55.556  -21.583  31.045 0.6000000238
56625  -56.620  -21.068  31.788 0.6000000238
54911  -54.911  -21.985  30.596 0.6999999881
55805  -54.780  -21.251  30.662 0.6999999881
54927  -52.253  -22.773  28.725 0.8999999762
55813  -52.693  -21.592  29.254 0.6999999881
55819  -52.272  -21.926  28.701 0.8000000119
54152  -50.303  -23.502  27.424 0.8000000119
54934  -51.189  -22.614  27.681 0.8000000119
54164  -49.214  -23.967  26.748 0.6999999881
54947  -49.504  -22.987  26.416 0.8000000119
54180  -48.795  -23.509  25.977 0.6000000238
54970  -48.802  -22.277  25.000 0.6000000238
53344  -47.847  -24.208  23.823 0.5000000000
54969  -48.152  -22.875  24.489 0.5000000000
54983  -47.816  -22.336  22.828 0.5000000000
55878  -48.212  -21.610  22.515 0.5000000000
55886  -48.087  -21.509  21.684 0.4000000060
116862  -55.400  -20.927  31.006 0.6000000238
56624  -55.628  -20.266  31.401 0.6000000238
56623  -54.761  -19.783  31.119 0.6000000238
123181  -53.462  -22.023  29.699 0.6999999881
55804  -54.071  -21.632  30.225 0.6999999881
57425  -53.768  -19.746  30.617 0.6999999881
110622  -53.174  -21.171  29.810 0.6999999881
56655  -52.847  -20.162  29.946 0.6999999881
116296  -52.112  -19.894  29.124 0.8000000119
57439  -52.390  -19.274  29.635 0.6999999881
55818  -51.750  -22.261  28.179 0.8999999762
55827  -51.910  -21.316  28.134 0.8999999762
56667  -51.962  -20.437  27.795 0.6999999881
54933  -50.586  -22.895  27.283 0.8000000119
55825  -50.885  -22.185  27.052 0.6999999881
56666  -51.698  -20.972  27.294 0.6999999881
54948  -50.244  -22.555  26.724 0.8000000119
110911  -51.122  -21.381  26.684 0.6999999881
55856  -51.079  -20.842  26.043 0.6000000238
54963  -49.141  -22.615  25.729 0.6000000238
55865  -50.007  -21.041  25.057 0.6000000238
56690  -50.756  -20.642  25.389 0.6000000238
55863  -48.569  -22.020  24.186 0.6000000238
56699  -49.735  -20.810  24.236 0.6000000238
56708  -50.210  -20.196  23.798 0.5000000000
54977  -47.945  -22.582  23.666 0.5000000000
55871  -48.362  -21.776  23.354 0.5000000000
56714  -48.662  -20.978  22.174 0.5000000000
56707  -49.499  -20.616  23.420 0.5000000000
56723  -49.185  -20.423  21.842 0.4000000060
57515  -49.711  -19.774  20.943 0.4000000060
56726  -49.093  -20.323  21.087 0.4000000060
114603  -49.731  -19.602  20.293 0.4000000060
111271  -55.295  -19.353  31.714 0.6000000238
58194  -54.701  -18.494  31.995 0.6000000238
57409  -54.237  -19.027  31.193 0.6999999881
58193  -53.677  -18.156  31.391 0.6999999881
57424  -52.846  -19.338  30.233 0.6999999881
58204  -52.623  -18.090  30.044 0.6999999881
58216  -52.440  -18.524  29.472 0.6999999881
125961  -52.476  -18.194  28.874 0.6999999881
113711  -52.048  -19.745  28.207 0.6999999881
58229  -52.182  -18.903  28.701 0.6999999881
58230  -52.704  -18.206  28.096 0.6999999881
57455  -52.289  -19.635  27.313 0.6999999881
58241  -53.552  -18.308  27.275 0.6000000238
56681  -51.595  -20.577  26.512 0.6000000238
56692  -52.137  -19.915  26.191 0.6000000238
57468  -53.528  -18.965  26.326 0.6000000238
56691  -51.463  -20.282  25.741 0.6000000238
57488  -52.531  -19.153  24.879 0.6999999881
57489  -53.277  -18.897  25.191 0.6999999881
57479  -53.785  -18.844  25.754 0.6999999881
57486  -50.915  -19.803  24.162 0.6000000238
57494  -51.415  -19.285  23.684 0.6000000238
57495  -52.188  -18.895  24.033 0.6000000238
58273  -53.930  -18.551  25.076 0.6000000238
107006  -54.068  -18.204  24.281 0.6000000238
124232  -54.204  -17.831  23.562 0.6000000238
56715  -49.326  -20.494  22.617 0.4000000060
125896  -50.496  -19.511  22.517 0.4000000060
57505  -51.207  -19.143  22.842 0.6000000238
58280  -51.907  -18.775  23.188 0.6000000238
111875  -52.385  -18.417  22.765 0.6000000238
58281  -52.671  -18.459  23.444 0.6000000238
57504  -49.822  -19.938  22.207 0.4000000060
58303  -50.926  -18.951  21.234 0.5000000000
58296  -51.790  -18.636  22.293 0.6999999881
58297  -52.561  -18.167  22.135 0.6000000238
57512  -50.288  -19.467  21.614 0.4000000060
57516  -50.326  -19.303  20.743 0.4000000060
58987  -54.111  -17.647  32.229 0.6999999881
59813  -53.865  -16.129  32.861 0.6000000238
58986  -53.493  -17.259  31.403 0.6000000238
59001  -53.137  -17.672  30.637 0.6000000238
59842  -53.536  -16.793  30.536 0.6999999881
59000  -53.080  -17.327  29.703 0.6999999881
123658  -54.151  -16.318  30.103 0.6999999881
124161  -55.679  -15.996  29.489 0.6999999881
59872  -55.828  -16.359  28.718 0.6999999881
59873  -56.605  -16.202  28.455 0.6000000238
59014  -53.842  -16.965  28.886 0.6999999881
111693  -53.922  -17.341  28.134 0.6999999881
59028  -54.922  -16.932  28.154 0.6999999881
59029  -56.058  -16.758  27.853 0.6000000238
59030  -56.787  -16.476  27.705 0.6000000238
59040  -53.453  -17.762  27.839 0.6999999881
58242  -54.751  -18.047  26.927 0.6999999881
59042  -55.421  -17.427  27.321 0.6000000238
58243  -55.602  -17.790  26.749 0.6000000238
58256  -56.139  -17.614  26.510 0.6000000238
59055  -56.711  -17.139  26.530 0.6000000238
58255  -55.008  -18.275  26.486 0.6999999881
57480  -54.455  -18.558  25.672 0.6000000238
110147  -55.628  -18.026  26.404 0.6000000238
58264  -55.218  -18.373  25.973 0.6000000238
60722  -54.082  -15.647  32.597 0.5000000000
59829  -54.134  -16.004  30.980 0.6999999881
114087  -57.128  -15.991  28.277 0.6000000238
58265  -55.979  -17.960  26.083 0.6000000238
123194  -55.436  -17.872  24.742 0.6000000238
59885  -57.261  -16.184  27.685 0.6000000238
59070  -56.170  -17.653  24.905 0.6000000238
108958  -52.076  -18.304  21.511 0.5000000000
58307  -50.888  -18.792  20.446 0.4000000060
59093  -53.849  -17.658  22.719 0.6000000238
107280  -53.013  -18.055  22.793 0.6000000238
58274  -54.815  -18.220  25.082 0.6000000238
59078  -54.875  -17.442  23.184 0.6000000238
58266  -56.409  -17.653  25.702 0.6000000238
59096  -55.870  -17.068  23.243 0.6000000238
59080  -56.598  -17.100  24.171 0.6000000238
59043  -57.102  -16.597  27.060 0.5000000000
25878  -16.729  -56.647  47.003 0.1000000015
25888  -17.276  -56.212  45.394 0.1000000015
127798  -16.476  -57.093  48.364 0.1000000015
26738  -16.904  -55.894  47.351 0.1000000015
26755  -17.329  -55.688  45.658 0.1000000015
26756  -17.624  -55.216  44.958 0.1000000015
26774  -18.167  -55.121  43.940 0.1000000015
28541  -18.546  -53.832  42.563 0.1000000015
28557  -18.669  -54.197  41.703 0.1000000015
29450  -19.459  -52.308  40.838 0.1000000015
29383  -19.651  -52.441  51.028 0.2000000030
28514  -17.437  -53.164  49.612 0.1000000015
29378  -21.099  -52.350  51.322 0.3000000119
27677  -17.394  -54.475  46.429 0.1000000015
27685  -17.775  -54.376  45.004 0.1000000015
29413  -18.846  -51.781  44.920 0.3000000119
116104  -20.181  -51.231  42.064 0.2000000030
31105  -20.763  -50.742  40.690 0.2000000030
118220  -30.091  -53.701  34.473 0.2000000030
29391  -21.525  -52.032  49.815 0.3000000119
124723  -21.177  -51.954  49.179 0.3000000119
128534  -18.909  -52.147  47.918 0.2000000030
126200  -20.439  -51.910  48.131 0.2000000030
29402  -19.654  -51.841  47.498 0.2000000030
29405  -17.833  -52.740  47.018 0.2000000030
29407  -20.104  -51.503  46.849 0.2000000030
29409  -18.287  -52.459  45.258 0.2000000030
30238  -19.652  -51.524  46.176 0.3000000119
30239  -20.492  -51.277  46.216 0.2000000030
30240  -21.234  -51.142  46.721 0.3000000119
30248  -19.652  -51.382  44.649 0.3000000119
30245  -20.487  -51.173  45.300 0.3000000119
115999  -19.983  -51.267  42.928 0.3000000119
30250  -21.261  -50.904  44.206 0.4000000060
31095  -20.869  -50.683  41.721 0.3000000119
110285  -21.487  -50.307  41.801 0.3000000119
122487  -21.590  -49.970  39.676 0.2000000030
31957  -22.105  -49.411  39.485 0.3000000119
31970  -22.303  -49.731  38.634 0.1000000015
31986  -24.864  -48.910  37.536 0.1000000015
127597  -23.076  -48.951  38.274 0.1000000015
31971  -24.331  -49.590  37.800 0.1000000015
32795  -25.969  -48.875  36.041 0.1000000015
30356  -26.511  -51.242  34.308 0.1000000015
30368  -26.547  -51.568  33.472 0.2000000030
112407  -22.605  -51.506  50.074 0.3000000119
30215  -23.128  -51.100  49.680 0.4000000060
38121  -38.155  -42.214  48.750 0.8000000119
122892  -38.294  -42.510  48.051 0.8000000119
38130  -38.630  -41.811  48.111 0.8000000119
108753  -21.738  -51.073  47.108 0.3000000119
36464  -37.763  -43.768  47.004 0.6999999881
117203  -38.545  -42.518  46.869 0.8999999762
37367  -37.233  -43.859  45.434 0.8000000119
39690  -38.854  -41.259  46.762 0.8000000119
38173  -37.953  -42.641  45.100 0.8999999762
119253  -38.614  -38.947  47.644 0.8999999762
31097  -21.913  -49.959  41.496 0.3000000119
108434  -37.060  -42.976  44.253 0.8999999762
129829  -37.174  -42.448  44.052 0.8999999762
109161  -37.198  -41.940  43.822 0.8999999762
38189  -36.876  -42.521  43.613 0.8999999762
38965  -36.523  -41.805  41.984 0.8999999762
40557  -37.752  -39.596  43.043 1.0000000000
112091  -23.071  -48.335  38.674 0.3000000119
122219  -25.126  -48.332  37.243 0.1000000015
38216  -36.462  -41.893  41.069 1.0000000000
38985  -36.827  -41.097  40.950 1.0000000000
32779  -25.983  -48.831  36.876 0.1000000015
31213  -30.682  -50.918  33.134 0.2000000030
30383  -30.003  -51.325  32.621 0.2000000030
30357  -30.764  -51.923  34.114 0.2000000030
117554  -36.925  -41.686  40.160 1.0000000000
116026  -26.868  -52.126  32.830 0.2000000030
30369  -29.702  -52.149  32.795 0.2000000030
29542  -28.011  -52.733  32.412 0.2000000030
37431  -38.716  -43.179  38.583 1.0000000000
38233  -39.954  -43.058  40.189 1.0000000000
123219  -22.835  -50.842  47.502 0.4000000060
37310  -37.015  -43.496  49.319 0.5000000000
37311  -37.636  -42.900  48.987 0.6999999881
36453  -37.288  -44.335  47.780 0.6999999881
38111  -36.853  -42.247  49.755 0.4000000060
39649  -36.652  -39.929  49.708 0.3000000119
43087  -37.332  -36.234  49.986 0.2000000030
43088  -37.743  -36.598  50.110 0.3000000119
43089  -38.230  -36.543  50.057 0.4000000060
43101  -38.833  -36.057  49.506 0.6999999881
118289  -38.030  -37.856  50.188 0.4000000060
42217  -36.970  -37.796  50.309 0.2000000030
31085  -23.612  -50.291  45.634 0.4000000060
36481  -36.988  -44.585  45.764 0.8000000119
35551  -36.340  -45.273  45.396 0.8000000119
108561  -38.666  -38.449  48.458 0.8000000119
110814  -23.556  -50.087  44.739 0.4000000060
42251  -38.676  -37.562  48.774 0.8000000119
31932  -22.996  -49.902  43.094 0.4000000060
35564  -36.146  -44.819  44.847 0.8000000119
36499  -36.003  -44.407  44.102 0.8999999762
107755  -38.493  -39.248  46.793 0.8999999762
42260  -38.536  -37.279  47.442 0.8000000119
40521  -38.151  -39.129  44.875 1.0000000000
32740  -23.103  -48.722  40.861 0.4000000060
37395  -35.953  -43.318  42.698 0.8999999762
42268  -38.498  -37.477  45.629 1.0000000000
126741  -23.802  -47.120  38.671 0.5000000000
37411  -35.863  -42.870  40.617 0.8999999762
41486  -38.860  -38.784  41.708 1.0000000000
32818  -25.881  -48.977  35.209 0.1000000015
32016  -26.378  -49.664  35.607 0.1000000015
119044  -38.241  -43.018  39.030 1.0000000000
30380  -27.386  -52.069  32.139 0.2000000030
31212  -26.292  -50.637  33.102 0.1000000015
30393  -27.044  -51.239  31.720 0.2000000030
30381  -28.304  -52.122  31.876 0.2000000030
31214  -31.389  -50.628  33.509 0.2000000030
37444  -38.737  -43.059  37.886 1.0000000000
31246  -29.076  -50.644  31.014 0.2000000030
31245  -28.173  -50.922  30.918 0.2000000030
120166  -36.602  -41.524  35.348 1.0000000000
38274  -38.308  -42.528  36.796 1.0000000000
37445  -39.411  -43.154  38.346 1.0000000000
109577  -39.290  -42.855  37.658 1.0000000000
39034  -39.686  -40.756  36.826 1.0000000000
40670  -36.938  -39.888  34.777 0.8999999762
40664  -37.660  -39.274  35.078 0.8999999762
42416  -36.832  -38.116  34.297 0.8000000119
33627  -36.264  -46.665  46.554 0.5000000000
35515  -37.030  -45.196  47.106 0.6000000238
35521  -36.737  -45.626  46.410 0.6999999881
34605  -36.472  -46.004  46.041 0.6999999881
126675  -37.123  -45.038  46.580 0.6999999881
117687  -36.475  -45.798  45.892 0.8000000119
39648  -36.187  -40.536  49.547 0.3000000119
41360  -36.406  -38.134  50.356 0.3000000119
42229  -36.564  -37.459  50.153 0.2000000030
42219  -37.902  -37.310  50.177 0.3000000119
34633  -36.096  -45.995  44.952 0.8000000119
43100  -38.651  -36.635  49.596 0.8000000119
43956  -39.050  -35.175  49.823 0.6999999881
31921  -25.117  -49.360  45.263 0.6000000238
113585  -35.876  -46.406  44.366 0.8000000119
41392  -35.575  -38.434  48.509 0.2000000030
42250  -35.765  -37.636  48.145 0.2000000030
43123  -38.645  -36.740  48.034 0.8000000119
43978  -39.368  -35.151  48.748 0.8999999762
36508  -35.525  -45.187  42.750 0.8999999762
32741  -23.538  -48.564  41.381 0.4000000060
36518  -35.010  -44.938  41.899 0.8999999762
43148  -39.269  -35.736  46.540 0.8999999762
36527  -34.865  -44.337  41.030 0.8999999762
37402  -35.303  -43.777  41.435 0.8999999762
43169  -39.377  -36.376  44.585 1.0000000000
34696  -24.498  -46.549  37.882 0.4000000060
37417  -35.537  -43.079  39.751 0.8999999762
32817  -25.545  -48.160  35.387 0.1000000015
37441  -35.436  -42.608  38.190 0.8999999762
115023  -26.370  -50.803  33.911 0.1000000015
38271  -35.580  -41.979  36.587 1.0000000000
107114  -26.073  -49.217  32.989 0.1000000015
32037  -32.648  -49.736  33.376 0.2000000030
37433  -40.509  -43.216  39.121 1.0000000000
32045  -31.525  -49.704  32.354 0.2000000030
32066  -27.485  -49.415  30.357 0.1000000015
32051  -26.995  -49.974  30.917 0.2000000030
39055  -36.261  -41.193  34.704 0.8999999762
39815  -36.377  -40.461  34.444 0.8999999762
39814  -35.796  -40.798  34.089 0.8999999762
41591  -35.689  -38.582  33.350 0.8999999762
121510  -35.197  -38.962  32.847 0.8000000119
41606  -35.224  -38.193  32.548 0.8000000119
42458  -35.231  -37.373  31.132 0.6000000238
41639  -35.020  -38.019  29.252 0.6000000238
114802  -36.276  -37.944  33.689 0.8000000119
42473  -35.851  -37.102  30.728 0.6000000238
42443  -36.137  -36.967  32.383 0.6000000238
116358  -37.661  -36.377  33.181 0.6000000238
115160  -37.779  -37.488  30.199 0.4000000060
42474  -37.588  -36.811  30.427 0.4000000060
128025  -37.274  -36.189  31.442 0.4000000060
43276  -39.046  -35.986  33.806 0.8999999762
42475  -38.258  -37.409  30.033 0.4000000060
44137  -38.820  -35.504  32.590 0.5000000000
36433  -35.310  -44.177  49.944 0.2000000030
31049  -25.676  -50.152  49.639 0.5000000000
33614  -35.895  -46.898  47.139 0.5000000000
37309  -36.416  -43.605  49.871 0.3000000119
31912  -25.673  -49.616  46.679 0.6999999881
33649  -35.194  -47.548  45.113 0.6999999881
33651  -36.079  -47.018  45.639 0.6999999881
38110  -36.125  -42.666  50.064 0.2000000030
34618  -36.204  -46.457  45.594 0.8000000119
32729  -35.079  -47.571  43.146 0.8000000119
121436  -35.547  -47.183  44.270 0.8000000119
43111  -36.641  -36.352  49.563 0.2000000030
117340  -37.082  -35.901  49.825 0.2000000030
124261  -37.345  -35.336  49.611 0.2000000030
32736  -34.743  -47.471  42.550 0.8000000119
34659  -35.281  -46.766  42.661 0.8000000119
116210  -35.661  -39.818  48.921 0.2000000030
115120  -35.594  -39.043  49.218 0.3000000119
33701  -34.307  -47.266  41.937 0.8000000119
124338  -34.438  -47.042  41.759 0.8000000119
34670  -34.800  -46.719  41.953 0.8000000119
32733  -24.415  -48.426  42.459 0.4000000060
34669  -33.952  -47.013  41.388 0.8000000119
35598  -34.279  -45.908  40.904 0.8999999762
35608  -33.569  -45.907  39.530 0.8999999762
34686  -33.156  -46.310  39.343 0.8999999762
44009  -40.712  -35.455  46.428 0.8999999762
42300  -40.095  -37.672  42.601 1.0000000000
37416  -34.769  -43.504  39.471 0.8999999762
38261  -34.769  -42.374  37.244 0.8999999762
32865  -31.604  -48.689  31.254 0.2000000030
38266  -41.041  -42.362  38.413 1.0000000000
32876  -27.515  -48.597  29.948 0.1000000015
32879  -31.198  -48.329  30.563 0.2000000030
39053  -34.631  -41.354  34.091 1.0000000000
39065  -34.622  -40.969  33.496 0.8999999762
41563  -40.345  -38.168  36.762 1.0000000000
40707  -33.855  -38.855  30.600 0.6999999881
41651  -34.012  -38.647  29.171 0.6000000238
41576  -39.204  -38.018  35.822 1.0000000000
40749  -35.033  -39.671  27.863 0.4000000060
106919  -39.885  -36.428  34.998 0.8999999762
44138  -39.570  -35.313  32.799 0.8000000119
44126  -39.723  -35.657  33.644 0.8999999762
33625  -34.829  -47.327  47.297 0.6000000238
33613  -35.290  -47.111  47.453 0.5000000000
122136  -27.345  -49.809  48.301 0.6999999881
121132  -26.897  -49.715  47.758 0.6999999881
110937  -34.414  -47.390  46.970 0.6000000238
126737  -34.789  -47.535  46.318 0.6000000238
36424  -35.465  -43.504  50.178 0.2000000030
33637  -34.588  -47.518  45.705 0.6999999881
33648  -34.343  -47.522  44.903 0.6999999881
38101  -36.100  -42.368  50.105 0.2000000030
33665  -34.037  -47.713  44.021 0.8000000119
38908  -35.717  -41.417  49.414 0.2000000030
46421  -39.955  -32.690  49.691 0.4000000060
33678  -33.130  -47.441  42.810 0.8000000119
126651  -35.551  -41.635  48.666 0.2000000030
43966  -36.520  -36.132  48.832 0.2000000030
33690  -33.101  -47.468  42.032 0.8000000119
40488  -35.472  -38.953  47.584 0.2000000030
127780  -36.103  -36.345  47.467 0.1000000015
43990  -36.267  -35.884  47.136 0.2000000030
44826  -41.711  -34.222  48.230 0.8999999762
33698  -32.452  -46.645  41.015 0.8000000119
33717  -32.991  -46.552  39.914 0.8000000119
43993  -40.969  -35.132  47.162 0.8999999762
33697  -26.156  -47.057  41.696 0.5000000000
33723  -31.579  -47.047  38.642 0.8000000119
43170  -40.067  -36.500  44.233 1.0000000000
44022  -40.552  -35.715  45.766 1.0000000000
34674  -25.181  -46.434  40.232 0.5000000000
35633  -32.154  -46.036  36.980 0.8999999762
42278  -40.805  -36.937  44.298 1.0000000000
42269  -41.906  -37.308  45.566 1.0000000000
43161  -42.243  -36.934  46.123 1.0000000000
38268  -32.857  -42.541  36.038 0.8999999762
38280  -33.395  -41.938  35.503 0.8999999762
38279  -32.560  -42.218  35.298 0.8999999762
108893  -42.697  -42.687  41.007 1.0000000000
38987  -42.345  -42.185  41.633 1.0000000000
109700  -26.317  -49.183  32.164 0.1000000015
33847  -27.625  -47.743  29.571 0.1000000015
123045  -41.501  -39.751  38.144 1.0000000000
33849  -29.130  -47.629  28.943 0.2000000030
33851  -31.010  -47.140  29.607 0.2000000030
33850  -30.099  -47.404  29.203 0.3000000119
39825  -34.122  -40.756  32.989 0.8999999762
41543  -41.375  -38.328  37.747 1.0000000000
107333  -31.958  -40.188  28.568 0.6000000238
39853  -30.591  -40.602  29.677 0.6999999881
39855  -32.129  -39.995  30.457 0.8999999762
38362  -33.907  -42.415  27.804 0.3000000119
42374  -41.014  -37.891  37.150 1.0000000000
40719  -32.821  -39.541  29.516 0.6999999881
31882  -28.160  -49.797  49.295 0.6000000238
107607  -29.033  -49.455  48.776 0.6000000238
33611  -33.443  -47.490  48.603 0.5000000000
127326  -33.215  -47.529  48.474 0.5000000000
32668  -32.770  -47.827  48.975 0.5000000000
108237  -32.804  -47.424  48.192 0.5000000000
34590  -33.400  -47.120  47.382 0.5000000000
31914  -28.151  -49.065  47.094 0.8000000119
32685  -28.975  -48.909  47.287 0.6999999881
31905  -29.361  -49.136  48.043 0.6000000238
32710  -29.016  -48.181  46.022 0.8000000119
32709  -28.249  -48.246  45.794 0.8000000119
32696  -27.767  -48.714  46.316 0.8000000119
35538  -32.237  -45.842  44.853 0.8000000119
36422  -34.759  -44.109  50.010 0.2000000030
35550  -32.267  -45.904  44.084 0.8000000119
124415  -34.833  -42.843  49.732 0.2000000030
38108  -34.077  -43.430  49.250 0.2000000030
34666  -31.643  -45.857  41.561 0.8000000119
34657  -32.233  -46.282  42.707 0.8000000119
113349  -36.941  -34.620  47.345 0.1000000015
129275  -26.436  -47.713  43.626 0.6999999881
34676  -31.543  -46.166  40.620 0.8000000119
44849  -36.634  -35.117  46.648 0.1000000015
46435  -41.462  -32.461  49.453 0.4000000060
114880  -41.818  -33.088  49.221 0.6999999881
40504  -35.414  -38.990  46.537 0.2000000030
34685  -31.404  -46.607  39.549 0.8000000119
34675  -25.950  -46.223  40.571 0.6000000238
33732  -31.826  -47.081  38.048 0.6999999881
42270  -42.583  -37.459  45.637 1.0000000000
34682  -24.915  -45.818  38.902 0.6000000238
35602  -25.521  -45.344  39.268 0.6000000238
113704  -30.508  -46.623  37.169 0.6999999881
40559  -41.942  -39.200  43.158 1.0000000000
40522  -43.344  -38.747  45.039 1.0000000000
34709  -31.450  -46.449  36.682 0.6999999881
40560  -42.721  -39.802  43.491 1.0000000000
43162  -43.513  -36.668  45.830 1.0000000000
36548  -25.674  -44.890  36.835 0.3000000119
36555  -32.048  -44.483  36.170 0.8999999762
36552  -32.893  -44.455  37.209 0.8999999762
39723  -42.889  -40.654  42.888 1.0000000000
38951  -44.260  -41.520  43.620 1.0000000000
40539  -43.714  -39.410  44.632 1.0000000000
35641  -25.656  -45.656  35.356 0.4000000060
37447  -31.953  -43.682  35.830 0.8999999762
38237  -43.179  -42.460  41.001 1.0000000000
38294  -30.727  -42.773  34.066 0.8999999762
39007  -43.512  -41.552  40.348 1.0000000000
38342  -28.914  -42.194  29.410 0.6000000238
39105  -29.350  -41.504  29.762 0.5000000000
107363  -31.471  -41.440  33.219 0.8999999762
39074  -32.398  -40.955  32.813 1.0000000000
33871  -28.552  -46.970  28.771 0.2000000030
35748  -30.552  -45.316  28.589 0.3000000119
118999  -29.375  -45.864  28.442 0.4000000060
34824  -31.687  -46.884  30.102 0.2000000030
39841  -30.686  -40.617  30.683 0.8000000119
37543  -29.255  -43.608  28.411 0.4000000060
35749  -31.114  -44.663  28.699 0.3000000119
34845  -32.048  -45.428  29.842 0.2000000030
39843  -32.460  -40.225  31.270 0.8999999762
39122  -31.959  -40.920  27.940 0.5000000000
40732  -32.813  -39.657  28.722 0.5000000000
31884  -29.497  -49.108  49.328 0.6000000238
123011  -30.275  -48.659  48.640 0.5000000000
32676  -29.975  -48.876  48.246 0.6000000238
31885  -30.144  -48.646  49.026 0.5000000000
127046  -29.585  -49.179  48.473 0.6000000238
31876  -30.252  -48.341  49.313 0.5000000000
31896  -30.898  -48.361  48.762 0.6000000238
32666  -31.300  -48.248  49.080 0.6000000238
108041  -31.783  -48.161  48.830 0.5000000000
32687  -30.276  -48.340  47.713 0.6000000238
33623  -31.883  -47.554  48.034 0.6000000238
122893  -32.155  -47.906  48.575 0.5000000000
33635  -29.662  -47.816  46.474 0.8000000119
117368  -33.700  -43.857  49.724 0.2000000030
33662  -28.316  -47.374  44.650 0.8000000119
34630  -30.824  -45.516  44.797 0.8000000119
113022  -30.625  -44.999  43.090 0.8000000119
37308  -33.960  -43.536  48.973 0.2000000030
38128  -35.020  -42.748  48.577 0.2000000030
44863  -37.109  -34.487  45.414 0.1000000015
35597  -30.816  -45.704  40.379 0.8000000119
45632  -43.043  -33.679  48.674 0.6999999881
44814  -42.756  -34.089  48.356 0.6999999881
34655  -27.626  -45.954  42.251 0.8000000119
35616  -29.645  -45.699  38.447 0.6999999881
34698  -30.241  -46.501  37.870 0.6999999881
44828  -43.212  -34.437  47.957 0.6999999881
36525  -28.389  -44.664  40.587 0.6999999881
43151  -43.289  -36.197  46.364 0.8000000119
108135  -43.827  -35.362  46.759 0.8000000119
42272  -43.810  -37.378  45.389 0.8999999762
36549  -26.240  -44.463  37.163 0.5000000000
36551  -27.887  -44.633  37.873 0.6999999881
34725  -30.317  -46.292  35.642 0.6999999881
39704  -44.642  -40.420  44.084 1.0000000000
40540  -44.359  -39.490  44.407 1.0000000000
42281  -44.210  -37.714  44.998 1.0000000000
44024  -44.316  -36.142  45.204 0.8999999762
35629  -27.548  -44.804  36.041 0.6000000238
35662  -30.954  -45.226  35.126 0.8000000119
42291  -44.942  -38.455  43.446 1.0000000000
43174  -44.486  -36.932  43.613 0.8999999762
34744  -25.982  -46.481  34.140 0.3000000119
119110  -26.605  -46.028  34.042 0.3000000119
37463  -31.124  -43.082  34.714 0.8999999762
38970  -44.637  -41.929  43.245 1.0000000000
39715  -46.271  -41.157  43.374 1.0000000000
33789  -26.772  -46.951  32.677 0.4000000060
37472  -30.255  -43.261  33.649 0.8000000119
38988  -45.003  -41.752  41.969 1.0000000000
38222  -46.226  -42.029  42.565 1.0000000000
38972  -47.536  -41.299  42.631 1.0000000000
42302  -45.217  -38.019  42.667 1.0000000000
34801  -27.357  -46.597  31.431 0.4000000060
34823  -27.421  -46.545  30.475 0.3000000119
39771  -43.605  -40.488  40.002 1.0000000000
109346  -47.818  -40.893  40.586 1.0000000000
35697  -27.709  -45.877  31.000 0.3000000119
35716  -27.693  -45.731  30.054 0.2000000030
41517  -43.216  -38.966  39.237 1.0000000000
40613  -45.821  -39.393  39.791 1.0000000000
44105  -41.521  -35.947  35.147 0.8999999762
126759  -30.110  -45.851  45.023 0.8000000119
47209  -41.253  -31.850  49.498 0.3000000119
35573  -28.885  -45.055  42.732 0.8000000119
112064  -30.182  -44.806  41.922 0.8000000119
45674  -37.336  -33.971  45.508 0.1000000015
118820  -43.353  -33.117  49.024 0.6999999881
44829  -43.761  -34.352  47.875 0.6999999881
45644  -44.280  -33.851  48.080 0.6999999881
43997  -43.846  -34.931  47.184 0.6999999881
35631  -29.271  -45.937  36.686 0.6999999881
44850  -44.291  -34.807  46.778 0.6999999881
40556  -34.779  -39.486  43.250 0.1000000015
35630  -28.425  -45.370  36.354 0.6000000238
34722  -27.995  -45.655  34.641 0.5000000000
34706  -29.135  -46.014  35.804 0.6999999881
34747  -29.418  -46.048  34.617 0.6999999881
34746  -28.669  -45.933  34.204 0.5000000000
35675  -29.419  -45.631  33.615 0.6000000238
34763  -28.364  -46.017  33.467 0.5000000000
36588  -29.678  -44.797  33.310 0.6999999881
44047  -44.675  -36.547  41.728 1.0000000000
35686  -28.502  -45.653  32.476 0.5000000000
36600  -28.725  -44.797  32.153 0.6000000238
40577  -48.388  -39.724  42.305 1.0000000000
39755  -47.225  -40.870  40.505 1.0000000000
40601  -49.551  -39.595  40.487 1.0000000000
123591  -38.512  -32.685  47.196 0.1000000015
47241  -39.480  -31.695  47.791 0.2000000030
46493  -37.516  -33.739  45.327 0.1000000015
46449  -43.656  -32.348  49.039 0.6000000238
111711  -44.530  -33.046  48.498 0.6000000238
38925  -34.929  -42.240  46.048 0.2000000030
44842  -44.753  -34.014  46.974 0.6999999881
45654  -44.707  -33.777  47.521 0.6999999881
44851  -44.977  -34.236  46.379 0.6999999881
114931  -45.089  -34.568  44.905 0.8000000119
117760  -47.955  -38.635  37.074 1.0000000000
42394  -46.045  -37.653  36.058 0.8999999762
41578  -47.628  -38.096  35.415 0.8999999762
43259  -45.385  -37.011  35.163 0.8999999762
43279  -45.383  -37.481  33.487 0.8999999762
46460  -44.368  -32.272  48.703 0.4000000060
127748  -45.616  -32.737  47.296 0.5000000000
46462  -45.612  -32.221  47.704 0.4000000060
44865  -45.828  -33.995  45.177 0.8999999762
44884  -44.992  -34.892  43.146 1.0000000000
44876  -45.651  -34.136  44.308 0.8000000119
44900  -44.743  -35.629  41.545 1.0000000000
43188  -47.356  -36.999  40.985 1.0000000000
42314  -49.713  -37.685  41.720 1.0000000000
41521  -50.219  -38.525  39.683 1.0000000000
41607  -46.610  -38.483  31.329 0.8999999762
46472  -46.135  -32.101  47.000 0.3000000119
45665  -46.173  -33.135  46.104 0.5000000000
45697  -46.005  -33.812  43.750 0.6999999881
45676  -47.060  -32.920  44.913 0.6000000238
44902  -45.845  -34.141  41.002 0.8999999762
43199  -48.595  -36.160  40.835 1.0000000000
42351  -50.832  -37.933  40.049 1.0000000000
41628  -46.479  -38.507  30.521 0.8999999762
42491  -45.865  -38.122  28.763 0.8000000119
47244  -46.413  -31.271  46.923 0.2000000030
47255  -46.735  -31.670  46.387 0.3000000119
45699  -47.164  -33.039  44.013 0.6000000238
46516  -47.661  -32.433  44.486 0.5000000000
46534  -46.846  -32.831  42.079 0.6999999881
46527  -47.615  -32.445  43.612 0.6000000238
45736  -46.367  -33.605  40.552 0.8999999762
44057  -47.936  -35.671  40.111 0.8999999762
45748  -46.546  -33.772  39.894 0.8999999762
43201  -51.502  -36.559  40.614 0.8999999762
42502  -45.544  -37.855  27.973 0.8000000119
47291  -47.994  -31.845  43.207 0.6000000238
46551  -46.723  -33.069  39.957 0.8999999762
44920  -48.613  -34.243  39.357 0.8999999762
44060  -50.759  -35.313  40.939 0.8999999762
44109  -49.076  -35.301  36.324 0.8999999762
44143  -46.991  -35.778  31.926 0.8999999762
120820  -47.702  -31.726  42.408 0.6000000238
46559  -47.449  -32.656  39.277 0.8999999762
45750  -47.962  -33.514  39.029 0.8999999762
128547  -50.456  -34.280  40.215 1.0000000000
44061  -51.583  -35.273  40.724 0.8999999762
43217  -52.183  -35.974  39.858 0.8999999762
44981  -46.668  -34.853  32.445 0.8999999762
45006  -45.367  -34.321  29.450 0.6999999881
109431  -47.982  -31.924  38.885 0.8999999762
47299  -47.719  -31.278  41.731 0.5000000000
44911  -51.064  -34.557  40.513 0.8999999762
46560  -48.725  -31.804  38.702 0.8000000119
44071  -52.490  -35.339  39.427 0.8999999762
44082  -52.252  -35.268  38.776 0.8999999762
44971  -46.644  -34.404  33.145 0.8999999762
45843  -46.919  -33.870  33.880 0.8999999762
45835  -47.990  -33.635  34.776 0.8999999762
45857  -46.066  -33.803  31.622 0.8000000119
46649  -46.064  -33.036  31.429 0.8000000119
44092  -52.469  -34.678  38.390 0.8999999762
116064  -54.608  -31.194  36.347 0.8000000119
47361  -52.702  -31.009  34.928 0.8000000119
46650  -46.617  -32.355  31.455 0.8000000119
107724  -53.088  -29.678  31.259 0.6999999881
49143  -43.352  -29.513  22.419 0.3000000119
50046  -45.809  -28.699  21.650 0.3000000119
47324  -54.807  -30.721  37.763 0.8999999762
45784  -52.750  -33.616  37.573 0.8999999762
109573  -52.348  -33.089  36.962 0.8999999762
46597  -49.505  -32.541  35.024 0.8999999762
107578  -49.556  -30.483  31.066 0.6999999881
108391  -49.846  -30.163  30.306 0.6999999881
49100  -43.820  -29.768  25.209 0.3000000119
125960  -45.108  -28.573  23.297 0.3000000119
129110  -45.958  -28.450  22.141 0.3000000119
50047  -46.693  -28.717  21.201 0.3000000119
50698  -54.393  -27.587  37.660 0.6999999881
119471  -55.302  -28.753  37.397 0.6999999881
48147  -55.366  -30.546  36.482 0.6999999881
47405  -47.915  -31.268  31.178 0.6999999881
48247  -47.171  -30.872  29.740 0.6999999881
47412  -47.679  -30.845  30.055 0.6999999881
47416  -46.952  -30.733  29.225 0.6000000238
48259  -48.258  -30.154  28.933 0.6999999881
48248  -49.310  -30.178  29.805 0.6999999881
109552  -52.943  -29.665  30.455 0.6999999881
107577  -54.600  -30.011  31.089 0.6999999881
49057  -51.147  -29.672  29.318 0.6999999881
48251  -52.661  -29.633  29.627 0.6999999881
48252  -53.722  -29.778  29.705 0.6999999881
49063  -49.803  -29.657  28.489 0.6999999881
49064  -50.794  -29.621  28.558 0.6999999881
111596  -53.432  -29.682  28.915 0.6999999881
48277  -46.210  -29.713  26.803 0.5000000000
49088  -51.950  -29.604  26.368 0.6999999881
49992  -46.695  -28.745  25.004 0.4000000060
50009  -46.202  -28.578  24.226 0.3000000119
50022  -46.632  -28.477  23.531 0.3000000119
50011  -48.344  -28.617  23.993 0.3000000119
50050  -49.632  -28.143  21.872 0.3000000119
49848  -55.471  -28.323  37.096 0.8000000119
48983  -55.738  -28.964  36.877 0.6999999881
51510  -55.419  -26.819  36.275 0.6000000238
48159  -56.231  -29.916  35.432 0.6999999881
110039  -54.670  -29.894  29.187 0.6999999881
49084  -47.581  -29.330  26.811 0.5000000000
48272  -53.972  -29.726  27.523 0.6999999881
116030  -48.979  -28.891  25.475 0.4000000060
49995  -49.911  -29.135  25.239 0.6000000238
49994  -48.608  -28.723  24.792 0.3000000119
49127  -51.367  -29.175  24.797 0.5000000000
50025  -48.992  -28.546  23.386 0.3000000119
108861  -49.822  -28.732  23.743 0.3000000119
120953  -50.409  -28.911  24.075 0.3000000119
50042  -52.035  -27.941  22.864 0.3000000119
50027  -51.529  -28.548  23.538 0.3000000119
50721  -57.787  -27.529  34.178 0.6999999881
48265  -55.212  -29.844  28.365 0.6999999881
48273  -54.902  -29.771  27.623 0.6999999881
49090  -54.286  -29.512  26.208 0.6999999881
122410  -58.164  -26.870  33.784 0.6999999881
124553  -58.140  -29.389  32.360 0.8000000119
49907  -58.487  -28.051  32.919 0.8000000119
51540  -58.422  -27.385  33.252 0.8000000119
51539  -58.482  -26.557  33.084 0.8000000119
52390  -57.951  -25.419  33.391 0.6000000238
48229  -57.805  -29.626  31.623 0.8000000119
49040  -58.400  -28.806  31.750 0.8999999762
123526  -58.298  -25.888  33.084 0.8999999762
50754  -57.683  -27.440  31.673 0.8999999762
49920  -57.905  -28.290  31.306 0.8999999762
48254  -56.182  -30.028  29.519 0.6999999881
49053  -57.263  -29.322  29.652 0.6999999881
49919  -56.734  -28.119  31.363 0.8999999762
48267  -56.603  -29.463  28.650 0.6999999881
48255  -56.737  -29.639  29.261 0.6999999881
49078  -56.347  -29.125  27.210 0.6999999881
49997  -55.292  -28.299  25.065 0.6999999881
50819  -56.405  -27.934  26.549 0.6999999881
50844  -54.477  -27.488  24.132 0.5000000000
51639  -54.642  -26.900  24.632 0.3000000119
53249  -57.578  -24.505  32.510 0.8999999762
109557  -57.199  -25.794  32.043 0.8999999762
52423  -57.184  -24.722  31.974 0.8999999762
114897  -57.571  -22.644  32.763 0.6999999881
49945  -56.322  -28.493  29.927 0.8000000119
53261  -56.972  -23.705  31.703 0.8999999762
54116  -57.221  -23.328  31.947 0.8000000119
49932  -55.978  -28.265  31.065 0.8999999762
50751  -54.981  -27.685  31.388 0.8999999762
50801  -56.073  -27.692  26.517 0.6999999881
51640  -55.100  -27.209  24.806 0.4000000060
51638  -54.244  -26.568  24.709 0.4000000060
52522  -51.391  -25.705  24.274 0.4000000060
52421  -55.130  -25.778  31.635 1.0000000000
53274  -55.477  -23.952  31.092 0.8999999762
54904  -56.736  -22.184  31.701 0.6999999881
121349  -54.394  -27.845  30.780 0.8999999762
51561  -54.546  -26.705  31.505 1.0000000000
53259  -54.798  -24.900  31.263 0.8999999762
52420  -54.291  -25.743  31.273 1.0000000000
50765  -53.727  -27.583  30.433 0.8999999762
128995  -53.707  -25.700  30.916 1.0000000000
52444  -54.019  -25.007  30.931 1.0000000000
54123  -54.212  -23.731  30.377 0.8999999762
128353  -54.989  -22.556  30.582 0.8000000119
108523  -54.815  -27.726  27.717 0.6999999881
50764  -52.955  -27.300  30.052 0.8999999762
121377  -53.204  -26.104  30.663 1.0000000000
53271  -52.948  -24.672  30.142 1.0000000000
51576  -52.209  -26.973  29.659 1.0000000000
52462  -52.089  -26.053  29.784 1.0000000000
113160  -52.210  -25.071  29.757 1.0000000000
51575  -51.557  -26.505  29.224 1.0000000000
51581  -51.174  -26.844  28.558 0.8000000119
52475  -50.948  -25.996  28.759 0.8999999762
51607  -53.832  -26.797  26.020 0.4000000060
51591  -50.870  -26.992  27.804 0.6999999881
52488  -50.345  -25.605  28.120 0.8000000119
53294  -50.469  -24.762  28.145 0.8000000119
51624  -52.216  -26.499  25.489 0.4000000060
50816  -52.560  -26.907  26.159 0.5000000000
113598  -50.528  -26.945  27.015 0.6000000238
51605  -50.263  -26.722  26.355 0.6000000238
121396  -49.826  -26.354  26.863 0.6000000238
52487  -49.670  -25.555  27.322 0.6999999881
52502  -49.325  -25.719  26.473 0.6000000238
51634  -49.789  -26.142  25.110 0.6000000238
55807  -56.259  -21.766  31.469 0.6000000238
54912  -55.597  -22.279  31.030 0.6999999881
54919  -52.895  -22.398  29.179 0.6999999881
54139  -50.826  -23.397  27.773 0.8000000119
54165  -49.940  -23.273  26.999 0.8000000119
53345  -48.236  -24.646  24.493 0.5000000000
54962  -48.460  -23.167  25.258 0.5000000000
54185  -48.010  -23.853  24.688 0.5000000000
56642  -56.063  -21.045  31.398 0.6000000238
56641  -54.734  -20.468  30.827 0.6000000238
117467  -52.172  -21.215  28.836 0.8000000119
55826  -51.445  -21.792  27.502 0.8000000119
54964  -49.902  -22.177  26.123 0.6999999881
55854  -49.580  -21.795  25.423 0.6000000238
54195  -47.761  -23.448  23.850 0.5000000000
55877  -47.729  -22.168  22.014 0.5000000000
55879  -48.824  -21.087  22.999 0.5000000000
57410  -56.294  -19.689  32.161 0.5000000000
56640  -53.872  -20.764  30.371 0.6000000238
56654  -52.386  -20.754  29.303 0.8000000119
57423  -52.580  -18.771  30.054 0.6000000238
56661  -52.057  -20.552  28.612 0.6999999881
55855  -50.427  -21.380  25.888 0.6999999881
55864  -49.282  -21.506  24.638 0.6000000238
56701  -51.195  -20.035  24.960 0.6000000238
56700  -50.465  -20.410  24.601 0.5000000000
55872  -49.039  -21.276  23.820 0.5000000000
56716  -49.995  -20.024  22.999 0.5000000000
56734  -49.129  -20.122  20.325 0.4000000060
58205  -53.167  -18.672  30.621 0.6000000238
59013  -52.618  -17.914  29.383 0.6999999881
59027  -53.031  -17.585  28.656 0.6999999881
58240  -52.470  -18.906  27.657 0.6999999881
57467  -52.673  -19.481  26.592 0.6000000238
57456  -53.100  -18.981  26.904 0.6000000238
59041  -54.366  -17.633  27.515 0.6000000238
58254  -54.098  -18.525  26.643 0.6000000238
57477  -51.970  -19.688  25.359 0.6000000238
57478  -52.893  -19.347  25.781 0.6000000238
57487  -51.677  -19.459  24.519 0.6999999881
58272  -53.153  -18.584  24.355 0.6000000238
106992  -50.685  -19.630  23.347 0.5000000000
58283  -54.827  -17.849  24.141 0.6000000238
58282  -53.484  -18.116  23.520 0.6000000238
59079  -55.628  -17.530  24.044 0.6000000238
57513  -51.012  -19.028  22.025 0.4000000060
58298  -53.205  -17.789  22.132 0.6999999881
58973  -54.430  -17.010  33.257 0.6000000238
59828  -53.804  -16.030  31.975 0.6000000238
121501  -53.678  -16.558  31.389 0.6999999881
59855  -54.718  -16.393  29.264 0.6999999881
59856  -56.403  -15.868  29.246 0.6000000238
59062  -56.939  -17.231  26.030 0.6000000238
58304  -52.856  -17.787  21.368 0.6999999881
26805  -28.658  -55.214  41.627 0.1000000015
27724  -29.060  -54.231  42.375 0.1000000015
26817  -28.423  -55.133  40.820 0.1000000015
24988  -29.826  -58.114  46.378 0.1000000015
26770  -28.996  -55.495  44.707 0.1000000015
109871  -30.135  -59.619  45.509 0.1000000015
27710  -29.104  -54.299  43.682 0.1000000015
23174  -29.894  -59.466  45.914 0.1000000015
27725  -29.143  -53.863  42.947 0.1000000015
23164  -28.720  -59.294  46.329 0.1000000015
119329  -28.652  -55.899  40.256 0.1000000015
24994  -29.599  -57.494  46.011 0.1000000015
25892  -29.044  -56.381  46.032 0.1000000015
24086  -30.549  -58.727  46.153 0.1000000015
23175  -30.810  -59.230  45.938 0.1000000015
26759  -28.899  -55.657  45.441 0.1000000015
23166  -30.210  -59.055  46.211 0.1000000015
27698  -29.040  -54.794  44.340 0.1000000015
27687  -28.986  -55.098  44.970 0.1000000015
23165  -29.494  -59.187  46.307 0.1000000015
23155  -28.277  -58.757  46.729 0.1000000015
26830  -28.857  -55.920  39.453 0.1000000015
108981  -29.144  -57.179  46.497 0.1000000015
24987  -29.235  -57.835  46.810 0.1000000015
24981  -28.788  -57.794  47.062 0.1000000015
24980  -28.225  -57.609  47.239 0.1000000015
24080  -29.081  -58.275  46.867 0.1000000015
24085  -29.679  -58.596  46.481 0.1000000015
24078  -27.839  -58.224  47.122 0.1000000015
23156  -29.014  -58.767  46.699 0.1000000015
24072  -27.005  -58.203  46.982 0.1000000015
26831  -29.704  -56.093  39.224 0.1000000015
26832  -30.568  -55.962  38.812 0.1000000015
25887  -28.779  -56.282  46.461 0.1000000015
25886  -28.281  -56.236  46.802 0.1000000015
26750  -28.854  -55.725  45.979 0.1000000015
107756  -28.663  -57.060  46.963 0.1000000015
27686  -28.625  -55.171  45.483 0.1000000015
24979  -27.317  -57.560  47.212 0.1000000015
25880  -27.880  -56.871  47.194 0.1000000015
24978  -26.492  -57.466  47.139 0.1000000015
24977  -25.683  -57.734  47.237 0.1000000015
26749  -28.476  -55.688  46.247 0.1000000015
26758  -27.917  -55.345  46.034 0.1000000015
26748  -27.950  -55.772  46.542 0.1000000015
25885  -27.546  -56.300  46.857 0.1000000015
25879  -27.021  -56.881  47.156 0.1000000015
25884  -26.762  -56.483  46.682 0.1000000015
27697  -28.794  -54.710  44.660 0.1000000015
24986  -26.221  -57.046  47.005 0.1000000015
24077  -25.077  -58.147  47.567 0.1000000015
24976  -25.019  -57.828  47.132 0.1000000015
114733  -28.265  -55.317  39.944 0.1000000015
26856  -31.512  -55.368  37.631 0.1000000015
25897  -25.575  -56.301  45.019 0.1000000015
108245  -26.001  -55.686  44.547 0.1000000015
26767  -26.266  -55.856  45.354 0.1000000015
26757  -27.090  -55.528  45.693 0.1000000015
26768  -26.833  -55.241  44.925 0.1000000015
25891  -26.514  -56.132  46.053 0.1000000015
26769  -27.750  -54.974  45.319 0.1000000015
27696  -28.309  -54.637  44.885 0.1000000015
27695  -27.504  -54.555  44.440 0.1000000015
25883  -25.990  -56.708  46.466 0.1000000015
27709  -28.997  -54.290  44.104 0.1000000015
27707  -26.957  -54.371  43.574 0.1000000015
24985  -25.530  -57.316  46.781 0.1000000015
24993  -25.319  -57.024  46.175 0.1000000015
24084  -24.449  -58.010  46.679 0.1000000015
24076  -24.563  -58.344  47.441 0.1000000015
126051  -29.237  -55.973  38.895 0.1000000015
24069  -24.796  -58.602  47.933 0.1000000015
109443  -30.008  -55.694  37.624 0.1000000015
26866  -31.174  -55.229  36.884 0.1000000015
115302  -31.453  -54.147  36.071 0.1000000015
127626  -32.067  -52.203  35.855 0.1000000015
30358  -31.443  -51.531  34.594 0.1000000015
31197  -31.735  -50.922  34.236 0.1000000015
32027  -32.976  -50.082  34.056 0.1000000015
32038  -33.427  -49.417  33.683 0.1000000015
32836  -34.803  -48.678  34.391 0.1000000015
33805  -33.074  -47.961  31.973 0.1000000015
25890  -25.771  -56.456  45.769 0.1000000015
26777  -26.507  -55.072  44.044 0.1000000015
110598  -24.715  -57.182  45.194 0.1000000015
28534  -28.353  -53.627  43.285 0.1000000015
24992  -24.704  -57.448  45.901 0.1000000015
28546  -28.916  -53.394  42.543 0.1000000015
24083  -23.872  -58.486  46.407 0.1000000015
27740  -28.985  -53.787  41.563 0.1000000015
28563  -29.131  -53.026  41.750 0.1000000015
26842  -28.797  -55.739  38.506 0.1000000015
24068  -24.104  -58.811  47.838 0.1000000015
26854  -29.221  -55.696  37.699 0.1000000015
26864  -29.654  -55.533  36.876 0.1000000015
27792  -30.881  -54.549  35.773 0.1000000015
27783  -31.306  -54.776  36.416 0.1000000015
28628  -31.221  -53.712  35.591 0.1000000015
29524  -31.167  -52.291  34.859 0.1000000015
32837  -35.456  -48.345  34.641 0.1000000015
33790  -34.199  -47.984  33.045 0.1000000015
32848  -34.524  -48.373  33.725 0.1000000015
33777  -35.109  -48.169  34.062 0.1000000015
33807  -34.468  -47.223  32.770 0.1000000015
33792  -36.150  -47.327  33.724 0.1000000015
115895  -36.330  -47.660  34.320 0.1000000015
34765  -35.145  -46.990  32.987 0.1000000015
25902  -25.324  -56.178  44.222 0.1000000015
25896  -24.964  -56.708  44.754 0.1000000015
25901  -24.747  -56.663  43.937 0.1000000015
26775  -24.972  -56.028  43.444 0.1000000015
25889  -25.138  -56.837  45.481 0.1000000015
25011  -24.380  -57.315  43.672 0.1000000015
25000  -24.537  -57.260  44.532 0.1000000015
24097  -24.091  -58.026  44.339 0.1000000015
26776  -25.648  -55.555  43.637 0.1000000015
129690  -24.201  -57.996  45.925 0.1000000015
24089  -24.332  -57.712  45.228 0.1000000015
27723  -26.558  -54.177  42.726 0.1000000015
27706  -26.167  -54.904  43.187 0.1000000015
120898  -23.823  -58.467  45.380 0.1000000015
28533  -27.446  -53.749  43.045 0.1000000015
27741  -29.116  -53.533  42.257 0.1000000015
24075  -23.991  -58.590  47.239 0.1000000015
23172  -23.475  -59.098  46.101 0.1000000015
26841  -28.165  -55.393  38.345 0.1000000015
26865  -30.490  -55.221  36.317 0.1000000015
28637  -30.860  -53.217  34.985 0.1000000015
33794  -37.929  -47.416  33.827 0.1000000015
33816  -31.959  -47.990  30.903 0.1000000015
33806  -33.763  -47.548  32.415 0.1000000015
34766  -35.837  -46.912  33.108 0.1000000015
33793  -36.963  -47.429  33.981 0.1000000015
33828  -32.182  -47.178  30.682 0.1000000015
33818  -33.327  -47.136  31.769 0.1000000015
34784  -33.990  -46.764  32.185 0.1000000015
33827  -31.473  -47.592  30.275 0.1000000015
34803  -32.844  -46.690  31.149 0.1000000015
34804  -33.549  -46.332  31.575 0.1000000015
34806  -35.019  -46.098  31.910 0.1000000015
34786  -35.444  -46.529  32.496 0.1000000015
35699  -33.070  -45.856  31.015 0.1000000015
35700  -33.801  -45.666  31.300 0.1000000015
35701  -34.579  -45.671  31.338 0.1000000015
35719  -34.144  -45.222  30.804 0.1000000015
25028  -24.219  -57.406  42.847 0.1000000015
25914  -24.490  -56.565  42.957 0.1000000015
25010  -24.032  -58.068  43.296 0.1000000015
24135  -23.337  -58.703  41.923 0.1000000015
26787  -24.843  -55.688  42.676 0.1000000015
24105  -23.754  -58.604  43.719 0.1000000015
26788  -25.448  -55.273  42.855 0.1000000015
26804  -24.725  -55.419  41.939 0.1000000015
23183  -23.628  -58.876  44.410 0.1000000015
23194  -23.436  -59.174  43.671 0.1000000015
27722  -25.791  -54.622  42.408 0.1000000015
28545  -28.089  -53.135  42.341 0.1000000015
29438  -28.811  -52.650  41.105 0.1000000015
29425  -28.795  -52.865  41.840 0.1000000015
27760  -28.103  -54.628  39.563 0.1000000015
120534  -28.540  -53.970  40.425 0.1000000015
26829  -28.216  -55.426  39.079 0.1000000015
27791  -30.037  -54.916  35.474 0.1000000015
26872  -29.495  -55.318  35.953 0.1000000015
27799  -29.626  -54.520  34.775 0.1000000015
34767  -36.607  -47.037  33.177 0.1000000015
33796  -39.878  -47.348  33.744 0.1000000015
34787  -36.254  -46.599  32.507 0.1000000015
34768  -37.466  -47.146  33.164 0.1000000015
33808  -39.400  -46.907  32.885 0.1000000015
34770  -40.374  -46.649  33.243 0.1000000015
34807  -35.867  -46.193  31.849 0.1000000015
34788  -37.132  -46.743  32.486 0.1000000015
34790  -39.320  -46.344  32.276 0.1000000015
34810  -38.862  -46.083  31.747 0.1000000015
35718  -32.740  -45.361  30.438 0.1000000015
120879  -33.407  -45.266  30.741 0.1000000015
35702  -35.435  -45.751  31.267 0.1000000015
35704  -37.326  -45.839  31.073 0.1000000015
35705  -38.333  -45.651  31.128 0.1000000015
36632  -34.520  -44.847  30.153 0.1000000015
35703  -36.344  -45.835  31.155 0.1000000015
36634  -36.349  -44.939  29.976 0.1000000015
36635  -37.114  -44.876  30.025 0.1000000015
24146  -21.344  -58.572  40.204 0.1000000015
24147  -22.203  -58.639  40.424 0.1000000015
23238  -20.535  -59.088  40.609 0.1000000015
23239  -21.500  -59.260  40.733 0.1000000015
25042  -23.496  -58.025  41.452 0.1000000015
24134  -22.834  -58.757  41.220 0.1000000015
23205  -21.949  -59.978  41.783 0.1000000015
23206  -22.771  -59.487  42.016 0.1000000015
25930  -24.418  -56.066  42.009 0.1000000015
24118  -23.496  -58.878  42.860 0.1000000015
22266  -22.724  -60.106  44.972 0.1000000015
110909  -23.343  -59.332  45.169 0.1000000015
23193  -22.904  -59.761  43.206 0.1000000015
28543  -26.220  -53.960  41.896 0.1000000015
28562  -27.449  -52.903  41.703 0.1000000015
28544  -27.023  -53.465  42.238 0.1000000015
23162  -23.566  -59.069  46.958 0.1000000015
28578  -29.071  -52.875  40.955 0.1000000015
26853  -28.447  -55.479  37.718 0.1000000015
117818  -28.123  -55.324  36.911 0.1000000015
26852  -27.855  -55.152  37.769 0.1000000015
26863  -28.796  -55.434  36.411 0.1000000015
35688  -39.599  -45.648  32.095 0.1000000015
35677  -40.822  -45.703  33.223 0.1000000015
35706  -39.164  -45.230  31.479 0.1000000015
35689  -40.368  -45.177  32.640 0.1000000015
129617  -33.088  -44.901  30.325 0.1000000015
36602  -39.826  -44.666  32.127 0.1000000015
36630  -32.572  -44.832  29.902 0.1000000015
36653  -34.979  -44.420  29.463 0.1000000015
111497  -38.291  -44.355  30.377 0.1000000015
36616  -39.359  -44.208  31.498 0.1000000015
36652  -33.964  -44.358  29.537 0.1000000015
36654  -35.944  -44.395  29.461 0.1000000015
36655  -36.871  -44.356  29.575 0.1000000015
37509  -38.246  -43.682  30.127 0.1000000015
23237  -19.695  -59.147  40.818 0.1000000015
23223  -20.882  -59.709  41.159 0.1000000015
23224  -21.572  -59.723  41.281 0.1000000015
25051  -23.531  -57.208  40.935 0.1000000015
22285  -21.470  -60.423  42.361 0.1000000015
22286  -22.211  -60.178  42.565 0.1000000015
25943  -23.406  -56.450  40.375 0.1000000015
22275  -22.245  -60.416  43.417 0.1000000015
26803  -24.424  -55.527  41.288 0.1000000015
116244  -24.830  -54.868  41.431 0.1000000015
110409  -22.169  -60.640  44.324 0.1000000015
116724  -22.679  -60.147  44.010 0.1000000015
26816  -24.425  -54.900  40.660 0.1000000015
28592  -28.851  -52.836  40.248 0.1000000015
27770  -27.866  -54.647  38.729 0.1000000015
26862  -28.178  -55.233  36.032 0.1000000015
35690  -41.294  -44.527  33.353 0.1000000015
35678  -41.861  -45.067  34.053 0.1000000015
36617  -40.088  -43.578  32.222 0.1000000015
36636  -38.881  -43.717  30.825 0.2000000030
37496  -40.341  -42.525  32.272 0.2000000030
37482  -41.144  -42.736  32.901 0.2000000030
37525  -34.545  -43.857  28.870 0.1000000015
37527  -36.517  -43.637  29.037 0.1000000015
37528  -37.534  -43.543  29.489 0.1000000015
37529  -38.216  -42.862  30.007 0.2000000030
37510  -38.642  -43.054  30.525 0.2000000030
38322  -39.806  -42.120  31.783 0.2000000030
38343  -37.169  -42.962  28.967 0.1000000015
38344  -37.707  -42.551  29.449 0.1000000015
38345  -38.281  -41.970  30.072 0.2000000030
38333  -39.386  -41.685  31.264 0.2000000030
22291  -15.297  -60.610  41.929 0.1000000015
22292  -16.088  -60.243  41.615 0.1000000015
127112  -16.777  -60.106  41.425 0.1000000015
125341  -17.185  -59.496  41.409 0.1000000015
22294  -18.531  -60.331  41.354 0.1000000015
23221  -18.075  -59.597  41.247 0.1000000015
24144  -19.682  -58.509  40.565 0.1000000015
24145  -20.453  -58.244  40.203 0.1000000015
21405  -18.974  -60.912  41.846 0.1000000015
112161  -19.052  -59.546  41.057 0.1000000015
23222  -20.015  -59.680  41.111 0.1000000015
23236  -19.141  -58.823  40.854 0.1000000015
22283  -19.827  -60.748  42.065 0.1000000015
22296  -20.354  -60.209  41.611 0.1000000015
22297  -21.165  -60.119  41.730 0.1000000015
24161  -21.889  -58.011  39.801 0.1000000015
22284  -20.677  -60.616  42.243 0.1000000015
25050  -22.859  -57.269  40.186 0.1000000015
117890  -22.426  -57.914  40.046 0.1000000015
26815  -23.995  -55.681  40.499 0.1000000015
28559  -25.007  -54.126  40.783 0.1000000015
28561  -26.643  -53.170  41.478 0.1000000015
29455  -28.168  -52.203  40.518 0.1000000015
29436  -27.251  -52.399  41.009 0.1000000015
113591  -28.431  -52.590  39.027 0.1000000015
28607  -28.387  -53.474  39.520 0.1000000015
27775  -27.709  -54.252  37.907 0.1000000015
128774  -27.757  -55.041  36.410 0.1000000015
26871  -28.337  -55.035  35.264 0.1000000015
36604  -41.763  -43.258  33.528 0.2000000030
37483  -42.352  -42.251  33.397 0.2000000030
36619  -43.752  -42.823  33.064 0.2000000030
37524  -33.227  -44.118  29.206 0.2000000030
38323  -40.605  -41.581  32.285 0.2000000030
39077  -42.121  -41.282  32.556 0.2000000030
38313  -42.718  -41.677  32.820 0.2000000030
37549  -35.900  -43.199  28.647 0.2000000030
39086  -40.142  -41.141  31.835 0.2000000030
39076  -41.465  -41.294  32.488 0.2000000030
38364  -37.155  -42.036  28.857 0.2000000030
39097  -38.879  -41.273  30.816 0.2000000030
23203  -15.625  -59.755  42.145 0.1000000015
23204  -16.079  -59.040  42.453 0.1000000015
24116  -16.874  -58.663  41.954 0.1000000015
113483  -17.696  -58.811  41.440 0.1000000015
109975  -18.166  -58.171  41.479 0.1000000015
111145  -18.485  -58.844  41.107 0.1000000015
24133  -18.870  -58.089  40.918 0.1000000015
25049  -21.145  -57.847  39.805 0.1000000015
25055  -21.643  -57.302  39.467 0.1000000015
25942  -22.673  -56.557  39.696 0.1000000015
27749  -23.857  -54.996  39.909 0.1000000015
28577  -25.502  -53.400  40.484 0.1000000015
118296  -28.746  -52.301  40.280 0.1000000015
29454  -27.359  -51.995  40.273 0.1000000015
119940  -28.689  -52.465  39.762 0.1000000015
30281  -28.297  -51.948  39.789 0.1000000015
122943  -28.026  -53.584  38.663 0.1000000015
29488  -28.305  -51.875  38.555 0.1000000015
27782  -27.615  -54.827  37.092 0.1000000015
28612  -27.498  -53.862  37.160 0.1000000015
125657  -27.502  -54.496  36.492 0.1000000015
27797  -27.847  -54.424  34.701 0.1000000015
123186  -42.708  -41.399  31.363 0.2000000030
38324  -43.076  -41.728  31.868 0.2000000030
39125  -37.127  -40.931  29.101 0.2000000030
39845  -40.532  -40.389  31.586 0.2000000030
39089  -42.522  -41.186  32.113 0.2000000030
39107  -37.628  -41.241  29.530 0.2000000030
39858  -39.061  -40.067  31.120 0.2000000030
39098  -39.674  -40.656  31.416 0.2000000030
39108  -38.269  -40.990  30.243 0.2000000030
24103  -16.612  -58.337  42.942 0.1000000015
25026  -17.883  -57.557  42.190 0.1000000015
25039  -18.401  -57.437  41.611 0.1000000015
25040  -18.918  -57.191  41.084 0.1000000015
25047  -19.605  -57.629  40.403 0.1000000015
25048  -20.394  -57.599  39.931 0.1000000015
25940  -19.335  -56.771  40.556 0.1000000015
25954  -20.402  -56.409  39.489 0.1000000015
26827  -22.303  -55.728  39.133 0.1000000015
26840  -21.899  -54.977  38.772 0.1000000015
27757  -23.039  -54.954  39.359 0.1000000015
27759  -24.376  -54.264  39.977 0.1000000015
28605  -23.212  -53.591  38.857 0.1000000015
28576  -24.882  -53.483  39.950 0.1000000015
29452  -25.587  -52.693  39.900 0.1000000015
115339  -26.566  -52.213  40.230 0.1000000015
29470  -26.033  -51.873  39.542 0.1000000015
30280  -27.753  -51.730  39.759 0.1000000015
30295  -27.298  -51.265  39.190 0.1000000015
30296  -27.968  -51.433  39.124 0.1000000015
30323  -28.101  -51.234  38.036 0.1000000015
29496  -28.034  -52.015  37.821 0.1000000015
115192  -27.823  -51.708  37.240 0.1000000015
28619  -27.293  -53.632  36.213 0.1000000015
118458  -27.359  -53.984  35.278 0.1000000015
53223  -55.895  -24.985  35.094 0.3000000119
39099  -42.216  -40.887  31.417 0.2000000030
38334  -42.356  -41.474  30.580 0.2000000030
115796  -42.832  -42.079  30.854 0.2000000030
39883  -36.432  -40.550  28.617 0.2000000030
39846  -41.411  -40.441  31.442 0.2000000030
39110  -41.860  -40.777  30.571 0.2000000030
37531  -42.038  -42.510  29.928 0.2000000030
39869  -37.763  -40.285  30.063 0.2000000030
116918  -39.438  -39.174  31.111 0.2000000030
39860  -40.697  -40.011  31.078 0.2000000030
123783  -41.335  -40.760  29.829 0.2000000030
39857  -38.534  -39.399  30.837 0.2000000030
40711  -40.086  -39.406  30.797 0.2000000030
39870  -40.291  -39.813  29.618 0.2000000030
38379  -39.793  -42.012  27.838 0.2000000030
40723  -39.892  -39.092  30.088 0.2000000030
39911  -38.253  -40.737  26.762 0.2000000030
39156  -38.473  -41.582  26.723 0.2000000030
117187  -35.417  -38.809  24.071 0.2000000030
44254  -39.414  -35.606  24.422 0.2000000030
122197  -40.031  -35.455  24.600 0.3000000119
45036  -40.642  -34.789  24.769 0.3000000119
38347  -41.711  -41.561  29.771 0.2000000030
39109  -40.989  -41.530  29.077 0.2000000030
39885  -40.717  -40.664  29.190 0.2000000030
39126  -40.318  -41.389  28.426 0.2000000030
40709  -38.961  -38.687  30.870 0.2000000030
41627  -39.157  -38.376  30.468 0.2000000030
40738  -39.646  -39.572  28.935 0.2000000030
39884  -40.039  -40.526  28.589 0.2000000030
39142  -39.620  -41.203  27.876 0.2000000030
111399  -39.143  -41.800  27.306 0.2000000030
41642  -39.430  -38.584  29.805 0.2000000030
40752  -39.045  -39.759  28.112 0.2000000030
39896  -38.683  -40.214  27.433 0.2000000030
39141  -38.922  -41.001  27.338 0.2000000030
118926  -43.439  -35.495  26.469 0.4000000060
40751  -38.512  -39.399  27.707 0.2000000030
40767  -37.932  -39.842  26.879 0.2000000030
39910  -37.532  -40.494  26.240 0.2000000030
122843  -36.157  -40.051  25.372 0.2000000030
45023  -42.215  -35.696  25.490 0.4000000060
41698  -35.921  -38.576  25.702 0.2000000030
41697  -35.594  -38.729  24.779 0.2000000030
41708  -35.687  -38.188  24.268 0.2000000030
44238  -40.825  -35.932  24.938 0.4000000060
42549  -36.172  -37.404  24.285 0.2000000030
43421  -36.719  -36.784  23.636 0.2000000030
43406  -38.040  -35.944  24.215 0.2000000030
44253  -38.662  -35.652  24.157 0.2000000030
43405  -36.779  -36.668  24.617 0.2000000030
47257  -47.920  -30.988  45.565 0.2000000030
47267  -47.771  -31.572  45.463 0.4000000060
40708  -38.307  -38.708  30.583 0.2000000030
41626  -38.475  -38.126  30.436 0.2000000030
40737  -39.020  -38.994  28.638 0.2000000030
118406  -43.045  -36.173  25.949 0.4000000060
41668  -38.406  -38.489  28.146 0.2000000030
40750  -37.830  -38.927  27.295 0.2000000030
125294  -37.336  -39.230  26.721 0.2000000030
44216  -42.397  -36.465  25.773 0.4000000060
126995  -42.666  -35.917  25.698 0.4000000060
40765  -36.625  -38.976  26.350 0.2000000030
44239  -41.591  -36.213  25.387 0.4000000060
42534  -36.138  -37.586  25.916 0.2000000030
42533  -35.837  -37.893  25.092 0.2000000030
43422  -37.467  -36.274  23.842 0.2000000030
44237  -39.070  -35.864  24.721 0.2000000030
48041  -48.229  -30.353  45.290 0.2000000030
47268  -48.271  -31.170  45.123 0.3000000119
48912  -49.041  -29.930  43.813 0.2000000030
42500  -38.503  -37.526  29.497 0.2000000030
44195  -43.600  -36.528  26.470 0.6000000238
41656  -38.869  -38.132  29.170 0.2000000030
41682  -37.064  -38.503  26.903 0.2000000030
44215  -41.638  -36.728  25.822 0.5000000000
43391  -36.303  -37.104  25.317 0.2000000030
43407  -38.342  -35.886  24.621 0.2000000030
43393  -37.516  -36.099  24.849 0.2000000030
48051  -48.728  -29.909  44.581 0.2000000030
48913  -49.108  -29.123  43.497 0.1000000015
48928  -49.138  -28.941  42.626 0.1000000015
48927  -48.849  -29.696  42.991 0.1000000015
48939  -49.265  -28.737  41.594 0.2000000030
48956  -48.995  -29.435  39.799 0.4000000060
48957  -49.840  -28.908  39.508 0.3000000119
48959  -51.326  -29.053  38.901 0.3000000119
112150  -52.452  -28.037  39.052 0.3000000119
48962  -53.662  -28.867  38.553 0.4000000060
47315  -51.773  -31.696  39.047 0.5000000000
45754  -52.992  -33.527  39.866 0.8000000119
50702  -55.080  -27.719  37.193 0.5000000000
128200  -53.001  -32.004  39.462 0.8000000119
117469  -53.376  -32.100  39.321 0.8000000119
44119  -42.531  -35.527  34.486 0.6999999881
44120  -43.396  -35.644  34.387 0.6999999881
44139  -40.415  -35.071  32.822 0.6000000238
44970  -42.147  -34.958  33.035 0.6999999881
44141  -42.821  -35.215  32.764 0.5000000000
43277  -43.926  -36.253  32.823 0.6000000238
44978  -40.915  -34.720  32.196 0.6000000238
44979  -41.736  -34.762  32.334 0.5000000000
125298  -39.271  -34.866  31.395 0.4000000060
42488  -38.086  -36.676  29.973 0.3000000119
129072  -45.147  -38.037  27.654 0.6000000238
43362  -43.742  -37.463  26.761 0.5000000000
125673  -44.431  -37.523  27.127 0.6000000238
41655  -38.270  -37.622  28.631 0.2000000030
41667  -37.560  -37.927  27.622 0.2000000030
43361  -42.866  -37.301  26.559 0.5000000000
41666  -36.980  -37.162  27.325 0.2000000030
44214  -40.798  -36.448  25.449 0.4000000060
41681  -36.399  -38.114  26.453 0.2000000030
42521  -36.517  -37.309  26.632 0.2000000030
43392  -36.779  -36.390  25.577 0.2000000030
44236  -38.170  -35.746  25.327 0.2000000030
114385  -39.198  -35.964  25.148 0.2000000030
115752  -39.965  -36.106  24.864 0.2000000030
49787  -49.354  -28.306  43.232 0.1000000015
49804  -49.741  -28.061  41.611 0.2000000030
49805  -50.365  -27.651  41.041 0.3000000119
49815  -51.120  -27.611  40.106 0.3000000119
49827  -51.677  -28.169  39.314 0.3000000119
49816  -52.039  -27.211  39.677 0.1000000015
44142  -43.369  -35.773  32.356 0.6000000238
43291  -44.609  -37.236  32.436 0.6999999881
44988  -40.653  -34.524  31.341 0.4000000060
44989  -41.489  -34.624  31.549 0.5000000000
44151  -42.822  -35.249  31.968 0.5000000000
44152  -43.324  -36.069  31.446 0.6000000238
43304  -43.977  -37.254  30.808 0.6000000238
44158  -39.128  -34.781  30.645 0.4000000060
44987  -39.834  -34.581  31.009 0.4000000060
115969  -42.054  -34.781  30.920 0.5000000000
110448  -42.582  -35.694  30.115 0.5000000000
44160  -43.217  -36.421  30.427 0.6000000238
119611  -38.591  -35.122  30.250 0.4000000060
44996  -38.991  -34.650  29.777 0.4000000060
44997  -39.685  -34.416  30.118 0.4000000060
45000  -41.930  -34.957  30.060 0.5000000000
44169  -41.524  -35.011  29.156 0.5000000000
44171  -43.019  -36.885  29.361 0.5000000000
44167  -38.259  -35.563  29.798 0.4000000060
45003  -38.857  -34.596  29.023 0.4000000060
44182  -42.192  -36.822  27.927 0.5000000000
43325  -42.922  -37.333  28.214 0.5000000000
42489  -44.582  -38.300  28.099 0.6000000238
115695  -38.058  -36.076  30.230 0.3000000119
44178  -38.069  -35.426  28.826 0.3000000119
44179  -38.451  -34.816  28.313 0.3000000119
45012  -41.037  -35.162  28.302 0.5000000000
43343  -44.536  -37.972  27.529 0.6000000238
43340  -37.587  -36.037  28.304 0.3000000119
120122  -37.159  -36.487  27.569 0.3000000119
44191  -37.806  -35.394  27.740 0.3000000119
44192  -38.325  -34.934  27.127 0.2000000030
44180  -40.751  -35.959  27.144 0.4000000060
43341  -42.201  -37.183  26.942 0.5000000000
42510  -37.552  -36.998  28.132 0.2000000030
44194  -41.570  -36.834  26.559 0.5000000000
43360  -42.311  -37.054  26.193 0.5000000000
43358  -36.782  -36.564  26.890 0.2000000030
43376  -36.482  -36.791  26.156 0.2000000030
45022  -39.295  -35.233  26.603 0.2000000030
44213  -39.793  -36.035  25.554 0.3000000119
120206  -41.005  -36.619  26.152 0.4000000060
44235  -37.260  -35.892  25.783 0.2000000030
44212  -38.643  -35.528  25.968 0.2000000030
117917  -49.306  -27.484  43.893 0.1000000015
50660  -50.285  -26.790  42.531 0.1000000015
51489  -54.477  -27.182  37.438 0.4000000060
44998  -40.492  -34.385  30.437 0.4000000060
44999  -41.328  -34.502  30.698 0.4000000060
114240  -41.136  -34.485  29.833 0.4000000060
44170  -42.241  -36.027  29.085 0.5000000000
45004  -39.552  -34.374  29.127 0.4000000060
128159  -40.899  -34.589  29.119 0.4000000060
45010  -39.741  -34.563  28.166 0.3000000119
45011  -40.379  -34.903  27.905 0.4000000060
126817  -41.681  -35.804  28.457 0.4000000060
43359  -37.189  -35.935  27.259 0.2000000030
45015  -39.113  -34.648  27.626 0.2000000030
44211  -37.586  -35.541  26.560 0.2000000030
44193  -40.273  -36.083  26.270 0.3000000119
43377  -36.915  -36.126  26.417 0.2000000030
50671  -50.719  -26.969  41.623 0.1000000015
50681  -52.180  -26.542  40.123 0.2000000030
50689  -52.800  -26.922  39.124 0.2000000030
51471  -52.475  -26.071  40.178 0.2000000030
51438  -48.217  -26.341  44.434 0.1000000015
51447  -49.437  -25.649  43.801 0.1000000015
50672  -51.396  -26.494  41.193 0.1000000015
51480  -52.971  -26.105  39.092 0.2000000030
51522  -55.703  -26.009  35.462 0.4000000060
51448  -50.418  -25.780  42.997 0.1000000015
127541  -51.106  -25.478  42.358 0.1000000015
52258  -52.017  -24.974  41.508 0.1000000015
114047  -52.591  -25.499  40.442 0.1000000015
51470  -51.982  -26.175  40.700 0.1000000015
52272  -53.023  -25.381  39.549 0.2000000030
51487  -53.241  -25.666  38.822 0.2000000030
124107  -53.354  -26.295  38.506 0.2000000030
119451  -53.618  -25.954  38.106 0.3000000119
111318  -54.758  -26.436  36.803 0.5000000000
53222  -55.272  -25.228  35.776 0.3000000119
52271  -52.842  -24.999  40.310 0.2000000030
51498  -54.242  -26.408  37.410 0.4000000060
52314  -53.951  -25.304  37.658 0.3000000119
53158  -52.128  -24.497  41.292 0.1000000015
53181  -53.154  -24.586  39.792 0.2000000030
116412  -53.295  -24.971  39.175 0.1000000015
53169  -52.854  -24.106  40.233 0.1000000015
122653  -53.518  -24.636  38.945 0.1000000015
53232  -56.874  -24.738  34.280 0.5000000000
60734  -55.192  -15.417  30.972 0.6000000238
60735  -56.075  -15.565  30.173 0.5000000000
126667  -56.102  -15.138  31.001 0.5000000000
60723  -54.498  -15.339  31.992 0.5000000000
61522  -55.222  -14.448  32.640 0.5000000000
59843  -54.958  -15.871  30.110 0.6000000238
60724  -55.616  -14.846  31.739 0.5000000000
54090  -55.577  -24.271  35.860 0.3000000119
60707  -54.516  -14.985  33.043 0.5000000000
59799  -54.336  -16.108  33.868 0.4000000060
60695  -54.411  -14.722  34.028 0.3000000119
60677  -54.124  -14.411  34.603 0.3000000119
61489  -54.586  -13.818  34.103 0.3000000119
61506  -55.028  -14.103  33.539 0.5000000000
111831  -56.038  -14.126  32.174 0.5000000000
60749  -56.801  -15.440  29.731 0.5000000000
61469  -53.065  -13.889  34.714 0.3000000119
127914  -52.361  -14.368  34.361 0.3000000119
62362  -54.602  -13.217  33.916 0.3000000119
61490  -55.069  -13.414  33.528 0.5000000000
60725  -56.411  -14.603  31.390 0.5000000000
61507  -55.580  -13.713  32.940 0.5000000000
126033  -50.512  -30.119  38.676 0.4000000060
48112  -53.324  -30.210  38.717 0.5000000000
48109  -49.605  -29.873  38.893 0.5000000000
119520  -52.192  -30.974  38.840 0.5000000000
48108  -48.652  -30.263  39.302 0.4000000060
48060  -48.721  -30.511  43.339 0.2000000030
109724  -48.792  -30.649  44.135 0.3000000119
48072  -48.458  -30.256  42.429 0.3000000119
47285  -48.476  -31.266  43.672 0.3000000119
48938  -48.740  -29.499  42.036 0.3000000119
117343  -50.563  -31.906  38.821 0.5000000000
29504  -27.360  -52.364  36.402 0.1000000015
29523  -30.458  -52.789  34.297 0.1000000015
40722  -37.635  -39.185  30.235 0.2000000030
32846  -33.093  -49.076  32.982 0.1000000015
42499  -38.121  -36.868  29.145 0.3000000119
38363  -35.899  -42.296  28.272 0.1000000015
37547  -34.012  -43.160  28.273 0.1000000015
37526  -35.497  -43.835  28.934 0.1000000015
44127  -40.669  -35.371  33.651 0.6999999881
34825  -32.292  -46.214  30.419 0.1000000015
36675  -32.480  -44.224  29.186 0.1000000015
44128  -41.778  -35.286  33.866 0.6999999881
44140  -41.283  -34.965  33.004 0.6999999881
44129  -42.836  -35.329  33.632 0.6999999881
44130  -43.758  -35.822  33.615 0.6999999881
43314  -43.794  -37.566  29.626 0.6000000238
43344  -45.006  -37.491  27.431 0.6999999881
47278  -48.470  -31.290  44.481 0.3000000119
44196  -44.367  -36.910  26.949 0.6000000238
47305  -47.483  -31.447  40.690 0.6999999881
47306  -47.794  -30.851  39.987 0.6000000238
124805  -48.153  -30.541  39.635 0.5000000000
107212  -50.428  -32.732  39.167 0.6999999881
46562  -51.242  -32.283  39.180 0.6999999881
47313  -49.134  -30.925  38.733 0.5000000000
50688  -52.477  -26.657  39.645 0.2000000030
49828  -52.572  -27.264  39.263 0.2000000030
46563  -52.078  -32.523  39.534 0.6999999881
48961  -53.026  -29.097  38.774 0.5000000000
115780  -53.544  -33.001  39.407 0.8000000119
51479  -52.709  -26.313  39.480 0.2000000030
54097  -57.485  -23.405  33.475 0.5000000000
28627  -30.497  -54.154  35.123 0.1000000015
47292  -48.198  -31.105  42.685 0.4000000060
47300  -48.071  -30.674  41.885 0.5000000000
60736  -56.658  -15.078  30.587 0.5000000000
27708  -28.462  -54.139  44.170 0.1000000015
26843  -29.747  -55.880  38.390 0.1000000015
26855  -30.619  -55.500  37.195 0.1000000015
111670  -27.747  -54.017  43.757 0.1000000015
29505  -32.292  -52.613  36.288 0.1000000015
118514  -31.596  -52.709  35.624 0.1000000015
33791  -34.949  -47.651  33.480 0.1000000015
33778  -35.673  -47.775  34.094 0.1000000015
34805  -34.247  -46.135  31.837 0.1000000015
35720  -34.988  -45.340  30.689 0.1000000015
125016  -33.148  -44.536  29.814 0.1000000015
25913  -24.107  -57.107  41.937 0.1000000015
113599  -23.874  -58.072  42.352 0.1000000015
27721  -25.150  -55.044  42.160 0.1000000015
23182  -23.174  -59.606  44.224 0.1000000015
29437  -28.202  -52.606  41.439 0.1000000015
34769  -38.374  -47.146  33.015 0.1000000015
34789  -38.633  -46.654  32.339 0.1000000015
120728  -37.906  -46.846  32.532 0.1000000015
34791  -40.042  -46.155  32.597 0.1000000015
34808  -36.789  -46.297  31.783 0.1000000015
34809  -37.867  -46.385  31.800 0.1000000015
35722  -36.806  -45.373  30.503 0.1000000015
36615  -38.699  -44.753  30.866 0.1000000015
35723  -37.784  -45.092  30.468 0.1000000015
36633  -35.435  -44.935  30.027 0.1000000015
23225  -22.193  -59.393  41.163 0.1000000015
25041  -22.904  -58.003  40.662 0.1000000015
25929  -24.053  -56.334  41.163 0.1000000015
27739  -25.442  -54.388  41.623 0.1000000015
28560  -25.821  -53.673  41.146 0.1000000015
37495  -39.579  -43.154  31.609 0.2000000030
114702  -21.731  -60.612  42.965 0.1000000015
27789  -27.677  -54.719  35.692 0.1000000015
36603  -40.717  -44.032  32.776 0.1000000015
38311  -41.078  -41.911  32.674 0.2000000030
128578  -36.558  -42.848  28.694 0.1000000015
38332  -38.761  -42.266  30.604 0.2000000030
113250  -37.799  -41.787  29.591 0.1000000015
23220  -16.367  -59.485  41.747 0.1000000015
109874  -16.683  -60.751  41.408 0.1000000015
22293  -17.517  -60.410  41.358 0.1000000015
22295  -19.471  -60.280  41.451 0.1000000015
25056  -22.268  -57.360  39.638 0.1000000015
25956  -22.099  -56.730  39.299 0.1000000015
26828  -23.224  -55.717  39.824 0.1000000015
29453  -26.232  -52.931  40.691 0.1000000015
29472  -28.472  -51.896  39.388 0.1000000015
28606  -27.926  -52.948  38.058 0.1000000015
36590  -42.376  -43.727  34.066 0.2000000030
38312  -41.874  -41.718  32.936 0.2000000030
37484  -43.221  -42.374  33.330 0.2000000030
37497  -43.383  -42.239  32.496 0.2000000030
39088  -41.849  -40.853  32.118 0.2000000030
39087  -41.036  -40.836  32.046 0.2000000030
24117  -17.285  -57.886  42.583 0.1000000015
24132  -17.577  -58.198  41.889 0.1000000015
25054  -20.826  -57.149  39.527 0.1000000015
25955  -21.371  -56.408  39.204 0.1000000015
29471  -26.918  -51.665  39.735 0.1000000015
30311  -28.172  -51.396  38.750 0.1000000015
110312  -27.601  -52.723  37.165 0.1000000015
39859  -39.983  -39.818  31.245 0.2000000030
127280  -38.384  -40.184  30.644 0.2000000030
25941  -19.965  -57.005  39.875 0.1000000015
123499  -20.692  -55.790  39.198 0.1000000015
123859  -22.433  -54.845  38.931 0.1000000015
27758  -23.559  -54.276  39.423 0.1000000015
28591  -24.088  -53.568  39.317 0.1000000015
29469  -24.681  -52.796  39.191 0.1000000015
31121  -27.538  -50.948  38.692 0.1000000015
30310  -27.863  -50.936  38.472 0.1000000015
37511  -42.586  -43.101  30.458 0.2000000030
39872  -41.284  -40.327  30.650 0.2000000030
39871  -40.806  -40.072  30.220 0.2000000030
40710  -39.549  -38.758  30.703 0.2000000030
124512  -39.272  -42.495  27.422 0.2000000030
44271  -38.958  -35.212  23.889 0.2000000030
39897  -39.351  -40.404  27.997 0.2000000030
40766  -37.108  -39.754  26.295 0.2000000030
40780  -36.336  -39.531  25.810 0.2000000030
40779  -35.718  -39.437  25.152 0.2000000030
45037  -41.486  -35.383  25.160 0.3000000119
42563  -35.843  -37.867  23.649 0.2000000030
41641  -38.887  -38.035  29.971 0.2000000030
124901  -49.028  -29.323  44.111 0.2000000030
44217  -43.021  -36.944  26.187 0.4000000060
126460  -36.834  -37.799  26.995 0.2000000030
49795  -49.505  -28.197  42.346 0.1000000015
48087  -48.295  -30.077  41.451 0.2000000030
48948  -48.759  -29.394  40.950 0.3000000119
48949  -49.432  -28.771  40.461 0.3000000119
115150  -49.776  -28.266  40.965 0.3000000119
48096  -48.233  -30.093  40.264 0.4000000060
48958  -50.471  -29.284  38.927 0.4000000060
49826  -50.750  -28.486  39.453 0.3000000119
49814  -50.193  -28.248  40.221 0.3000000119
48960  -52.191  -29.037  38.830 0.3000000119
120222  -51.797  -29.956  38.726 0.4000000060
48110  -51.070  -29.810  38.710 0.4000000060
46564  -52.878  -32.635  39.665 0.6999999881
120679  -51.044  -31.560  38.805 0.4000000060
48111  -52.599  -30.102  38.749 0.5000000000
47317  -52.989  -31.246  39.020 0.6000000238
129803  -39.932  -34.796  31.978 0.6000000238
44980  -42.358  -34.910  32.381 0.5000000000
43290  -43.906  -36.685  31.932 0.6000000238
44990  -42.229  -34.827  31.708 0.5000000000
124084  -38.261  -37.166  29.709 0.2000000030
121158  -43.609  -37.800  27.506 0.5000000000
43342  -42.917  -37.476  27.237 0.5000000000
50659  -49.714  -27.502  42.924 0.1000000015
50670  -50.012  -27.524  42.018 0.1000000015
50680  -51.672  -26.808  40.418 0.2000000030
44159  -42.679  -35.372  31.030 0.5000000000
128173  -42.316  -35.124  30.555 0.5000000000
44168  -38.498  -34.962  29.333 0.4000000060
43326  -43.860  -37.959  28.348 0.5000000000
42490  -44.565  -38.280  28.818 0.6000000238
45009  -39.112  -34.509  28.447 0.3000000119
44181  -41.524  -36.382  27.563 0.4000000060
45016  -39.911  -35.050  27.265 0.3000000119
116597  -49.290  -26.556  44.135 0.1000000015
50650  -49.772  -26.632  43.429 0.1000000015
50679  -51.103  -27.099  40.870 0.1000000015
45005  -40.365  -34.350  29.551 0.4000000060
124652  -40.352  -34.519  28.686 0.4000000060
51461  -50.992  -26.217  42.077 0.1000000015
51463  -52.251  -25.575  40.881 0.2000000030
52224  -48.244  -25.741  44.155 0.1000000015
52225  -48.701  -25.350  44.007 0.1000000015
51439  -48.760  -26.155  44.328 0.1000000015
51462  -51.651  -25.684  41.550 0.1000000015
51472  -52.763  -25.737  39.861 0.2000000030
52259  -52.482  -25.011  40.948 0.1000000015
62342  -54.075  -13.670  34.428 0.3000000119
62341  -53.703  -13.566  34.454 0.3000000119
61505  -52.177  -14.111  32.791 0.3000000119
47314  -50.250  -30.981  38.646 0.5000000000
32634  -29.731  -47.559  50.842 0.3000000119
32654  -30.814  -48.235  49.517 0.3000000119
31872  -27.550  -49.467  50.442 0.5000000000
31866  -28.015  -48.967  50.796 0.4000000060
31028  -26.669  -49.561  50.678 0.4000000060
31039  -27.140  -49.875  50.102 0.6000000238
31051  -27.510  -49.963  49.612 0.5000000000
32643  -30.731  -47.949  50.274 0.3000000119
33571  -31.086  -47.101  50.521 0.3000000119
114264  -31.253  -48.109  49.946 0.4000000060
109489  -31.622  -48.162  49.524 0.4000000060
31061  -27.423  -49.982  48.973 0.6000000238
31865  -27.111  -49.107  51.152 0.4000000060
31038  -26.235  -49.910  50.207 0.4000000060
46665  -43.423  -33.200  27.367 0.4000000060
52564  -56.703  -25.164  19.851 0.2000000030
53395  -55.472  -24.608  20.134 0.2000000030
53386  -55.676  -23.772  20.803 0.2000000030
53387  -56.733  -23.513  21.139 0.2000000030
54214  -57.485  -22.903  21.561 0.2000000030
118105  -57.125  -22.861  21.456 0.2000000030
53385  -54.914  -23.952  20.926 0.3000000119
53372  -55.233  -23.199  21.285 0.2000000030
54212  -55.691  -23.025  21.321 0.2000000030
54202  -54.005  -23.643  21.875 0.3000000119
54211  -54.836  -23.228  21.332 0.2000000030
55001  -56.119  -22.577  20.915 0.2000000030
126753  -55.426  -22.600  20.817 0.2000000030
53364  -53.479  -24.169  22.426 0.3000000119
54201  -53.357  -23.621  22.161 0.2000000030
54228  -53.281  -23.226  21.291 0.2000000030
54227  -52.311  -23.422  20.746 0.2000000030
55009  -54.040  -22.498  19.893 0.2000000030
54999  -54.051  -22.786  20.839 0.2000000030
54096  -56.978  -23.686  34.193 0.4000000060
54880  -56.601  -22.139  35.347 0.4000000060
118007  -57.548  -22.648  33.290 0.5000000000
54891  -57.610  -21.956  32.958 0.5000000000
54905  -57.126  -22.578  31.951 0.5000000000
108108  -50.482  -25.564  23.856 0.4000000060
53354  -51.042  -24.591  22.586 0.3000000119
53369  -50.703  -24.314  21.920 0.3000000119
107364  -54.206  -22.652  18.140 0.2000000030
52533  -52.143  -25.208  23.756 0.3000000119
53356  -52.592  -24.731  23.179 0.3000000119
53363  -52.132  -24.318  22.708 0.3000000119
53370  -51.637  -23.982  22.010 0.2000000030
54208  -50.699  -24.079  21.154 0.2000000030
54239  -52.047  -23.310  19.735 0.2000000030
54881  -57.039  -21.800  34.558 0.4000000060
107679  -57.392  -21.888  33.766 0.4000000060
55751  -57.105  -21.158  34.273 0.3000000119
56595  -57.298  -20.511  33.021 0.4000000060
55770  -57.454  -21.175  33.350 0.4000000060
55784  -57.351  -21.259  32.568 0.4000000060
107356  -56.393  -20.520  31.793 0.4000000060
55796  -57.065  -21.792  32.029 0.4000000060
52531  -49.777  -25.286  23.397 0.4000000060
53362  -50.046  -24.599  22.225 0.3000000119
108413  -53.442  -22.616  18.410 0.2000000030
53353  -48.281  -24.799  23.684 0.4000000060
53368  -49.140  -24.515  21.716 0.2000000030
54225  -50.033  -23.962  20.228 0.2000000030
55007  -51.942  -23.082  18.841 0.2000000030
107454  -52.061  -22.756  17.993 0.2000000030
54207  -47.980  -23.947  21.194 0.3000000119
53383  -48.629  -24.166  20.976 0.2000000030
54248  -50.087  -23.276  18.778 0.2000000030
54224  -49.039  -23.915  20.260 0.2000000030
55731  -56.727  -21.424  35.089 0.4000000060
56576  -56.747  -20.597  34.080 0.2000000030
56594  -56.942  -20.108  33.309 0.2000000030
56574  -55.589  -19.854  34.073 0.2000000030
57398  -56.681  -19.689  32.716 0.4000000060
57382  -56.657  -19.492  33.088 0.3000000119
55888  -47.775  -22.156  20.448 0.2000000030
124621  -47.973  -22.201  19.793 0.2000000030
54200  -47.604  -23.720  22.484 0.3000000119
54997  -47.589  -22.815  20.925 0.2000000030
55006  -48.354  -22.648  19.411 0.2000000030
55021  -49.438  -22.657  18.266 0.2000000030
54223  -48.250  -23.657  20.500 0.2000000030
54235  -48.580  -23.355  19.752 0.2000000030
111749  -56.442  -21.281  35.966 0.2000000030
56562  -56.283  -20.790  34.996 0.2000000030
56563  -56.565  -21.065  35.139 0.2000000030
56575  -56.144  -20.310  33.977 0.2000000030
57381  -54.745  -19.796  34.018 0.2000000030
58148  -56.209  -18.944  33.374 0.3000000119
57365  -55.450  -18.968  34.211 0.3000000119
58164  -56.072  -18.287  33.597 0.4000000060
58177  -55.227  -17.955  32.880 0.4000000060
58178  -56.125  -18.407  33.168 0.4000000060
54976  -47.595  -23.158  23.068 0.4000000060
55889  -48.021  -21.454  20.838 0.2000000030
55892  -48.229  -21.852  19.181 0.2000000030
55030  -49.708  -22.292  17.477 0.2000000030
55035  -49.814  -22.126  16.707 0.2000000030
56725  -48.485  -20.763  20.519 0.2000000030
56733  -48.579  -20.533  19.660 0.2000000030
56738  -48.533  -20.715  18.224 0.2000000030
56740  -48.697  -20.464  17.437 0.2000000030
56742  -48.803  -20.210  16.673 0.2000000030
57524  -48.664  -20.213  18.818 0.2000000030
58322  -50.124  -18.287  17.300 0.2000000030
58324  -49.512  -18.774  16.786 0.2000000030
112078  -49.163  -19.222  17.176 0.2000000030
107777  -49.061  -19.785  15.761 0.2000000030
58308  -51.510  -18.277  20.167 0.3000000119
58318  -50.138  -18.526  18.128 0.3000000119
59128  -50.715  -17.779  16.203 0.2000000030
57531  -49.980  -18.974  18.960 0.3000000119
108695  -50.728  -18.263  18.777 0.3000000119
61508  -56.034  -13.453  32.306 0.4000000060
63278  -60.261  -13.232  25.480 0.4000000060
61592  -59.848  -14.379  25.084 0.4000000060
60804  -59.168  -15.106  24.464 0.4000000060
110688  -59.301  -14.990  25.149 0.4000000060
59932  -57.374  -16.510  23.938 0.4000000060
60803  -58.623  -15.624  24.766 0.4000000060
59114  -54.159  -16.951  20.980 0.5000000000
59962  -55.530  -16.436  21.875 0.5000000000
59950  -57.577  -15.961  23.134 0.4000000060
60816  -58.815  -15.338  23.962 0.4000000060
59113  -53.425  -17.324  20.803 0.6000000238
59120  -53.062  -17.204  20.035 0.5000000000
59977  -54.565  -16.410  20.429 0.5000000000
59964  -57.424  -15.501  22.194 0.5000000000
59111  -52.209  -17.673  19.865 0.4000000060
59122  -51.574  -17.351  18.211 0.4000000060
59998  -52.743  -16.573  17.581 0.3000000119
59056  -57.262  -16.753  26.403 0.5000000000
111458  -56.986  -17.168  25.269 0.5000000000
59071  -57.639  -16.600  25.220 0.5000000000
59924  -58.809  -15.427  25.222 0.4000000060
59951  -58.329  -15.577  23.488 0.4000000060
59963  -56.396  -15.835  21.828 0.5000000000
58309  -52.170  -18.024  20.747 0.5000000000
62389  -56.477  -13.097  31.784 0.4000000060
61534  -56.919  -14.435  30.965 0.4000000060
60737  -57.191  -14.911  30.007 0.4000000060
60764  -57.824  -15.268  28.464 0.4000000060
59886  -57.604  -16.052  27.381 0.4000000060
59887  -58.020  -15.761  26.998 0.4000000060
121310  -57.959  -16.066  26.491 0.4000000060
60796  -58.863  -15.271  25.712 0.4000000060
60829  -58.911  -14.912  22.970 0.4000000060
60828  -58.228  -15.269  22.609 0.4000000060
60817  -59.234  -14.868  23.647 0.4000000060
60840  -58.165  -14.906  21.750 0.5000000000
59979  -56.241  -15.522  20.911 0.5000000000
60857  -55.978  -15.369  20.076 0.5000000000
61524  -57.014  -13.573  31.234 0.4000000060
61536  -57.800  -13.596  29.957 0.4000000060
62448  -59.954  -13.669  26.177 0.4000000060
61548  -58.296  -14.004  29.277 0.4000000060
61582  -59.748  -14.276  25.983 0.4000000060
60776  -58.376  -15.183  27.354 0.4000000060
60787  -58.432  -15.353  26.821 0.4000000060
61581  -59.267  -14.609  26.472 0.4000000060
61591  -59.320  -14.797  25.803 0.4000000060
61601  -59.569  -14.715  24.564 0.4000000060
115594  -59.581  -14.602  23.873 0.4000000060
62468  -60.189  -13.882  24.291 0.4000000060
114103  -58.711  -14.722  22.150 0.4000000060
60830  -59.515  -14.340  22.899 0.4000000060
60860  -58.850  -14.414  21.390 0.4000000060
60841  -59.264  -14.281  21.978 0.4000000060
61572  -59.625  -14.115  26.607 0.4000000060
61616  -59.972  -14.017  23.411 0.4000000060
108220  -59.658  -13.943  21.997 0.4000000060
55025  -57.262  -22.654  19.628 0.2000000030
55002  -57.034  -22.620  21.186 0.2000000030
107142  -56.525  -22.461  19.690 0.2000000030
55000  -54.812  -22.500  20.443 0.2000000030
109278  -55.599  -22.367  20.182 0.2000000030
54250  -56.570  -22.833  18.885 0.2000000030
31040  -27.958  -49.729  49.918 0.5000000000
31050  -26.685  -50.093  49.472 0.6000000238
32644  -31.342  -47.681  50.311 0.4000000060
54102  -57.660  -23.192  33.026 0.6000000238
52530  -48.944  -25.188  23.546 0.4000000060
56610  -56.739  -20.415  32.200 0.4000000060
53352  -47.905  -24.371  22.915 0.3000000119
54194  -47.648  -23.821  23.233 0.3000000119
120263  -47.524  -22.928  22.254 0.3000000119
55885  -47.672  -22.121  21.219 0.2000000030
56722  -48.532  -20.882  21.358 0.2000000030
58195  -55.798  -18.790  32.491 0.4000000060
57526  -50.185  -19.167  19.929 0.3000000119
125206  -57.220  -15.371  29.347 0.5000000000
59858  -57.393  -15.548  28.745 0.4000000060
59874  -57.533  -15.753  28.052 0.4000000060
111478  -51.519  -18.509  20.950 0.4000000060
59102  -53.781  -17.397  21.671 0.5000000000
59094  -54.517  -17.217  22.229 0.5000000000
59095  -55.292  -16.929  22.476 0.5000000000
59081  -57.327  -16.772  24.656 0.5000000000
126216  -51.324  -25.297  23.662 0.3000000119
54989  -47.555  -22.695  21.579 0.2000000030
59910  -57.735  -16.398  26.209 0.5000000000
61523  -56.598  -13.924  31.741 0.4000000060
54886  -57.123  -22.661  34.183 0.4000000060
53394  -55.080  -24.436  20.393 0.3000000119
54229  -56.344  -22.968  21.428 0.2000000030
54213  -56.391  -22.875  21.311 0.2000000030
52540  -53.900  -24.175  22.138 0.3000000119
53371  -54.389  -23.604  21.536 0.3000000119
54990  -54.846  -22.850  21.132 0.2000000030
119676  -52.891  -24.158  22.714 0.3000000119
54210  -54.058  -23.241  21.557 0.2000000030
54209  -52.501  -23.549  21.733 0.2000000030
127424  -52.580  -23.850  22.356 0.3000000119
54998  -53.093  -22.937  20.167 0.2000000030
55010  -54.845  -22.374  19.610 0.2000000030
55008  -53.334  -22.665  19.219 0.2000000030
54885  -56.591  -23.096  34.918 0.4000000060
52532  -50.744  -25.125  23.237 0.3000000119
52538  -50.156  -24.944  22.810 0.3000000119
113628  -50.030  -24.371  21.577 0.3000000119
55023  -54.133  -22.464  18.997 0.2000000030
55024  -54.878  -22.470  18.860 0.2000000030
128478  -55.346  -22.506  18.857 0.2000000030
53355  -51.709  -24.833  23.225 0.3000000119
53384  -49.566  -24.232  20.936 0.2000000030
107993  -51.680  -23.740  21.206 0.2000000030
54226  -51.186  -23.725  20.245 0.2000000030
128270  -52.621  -22.950  19.302 0.2000000030
57383  -56.926  -20.016  32.920 0.4000000060
56611  -57.039  -20.455  32.581 0.4000000060
52537  -49.230  -24.889  22.704 0.3000000119
128052  -52.838  -22.658  17.990 0.2000000030
122423  -52.716  -22.773  18.600 0.2000000030
53361  -48.506  -24.797  23.012 0.3000000119
112922  -48.442  -24.551  22.295 0.2000000030
53367  -48.351  -24.305  21.600 0.3000000119
54237  -50.357  -23.675  19.558 0.2000000030
54238  -51.116  -23.455  19.206 0.2000000030
54249  -51.120  -23.020  18.370 0.2000000030
53360  -47.866  -24.149  21.964 0.3000000119
54206  -47.603  -23.449  21.563 0.3000000119
54236  -49.470  -23.600  19.541 0.2000000030
57367  -56.497  -19.722  33.509 0.2000000030
57397  -56.425  -19.059  32.794 0.4000000060
58179  -56.414  -18.930  33.097 0.4000000060
54234  -47.911  -22.929  20.184 0.2000000030
115737  -48.101  -21.408  19.904 0.2000000030
55020  -48.705  -22.336  18.671 0.2000000030
54222  -47.796  -23.410  20.833 0.2000000030
54247  -49.011  -23.083  18.985 0.2000000030
55029  -48.982  -22.003  17.901 0.2000000030
55022  -50.362  -22.747  17.904 0.2000000030
57366  -55.965  -19.283  33.749 0.2000000030
58147  -55.901  -18.407  34.029 0.3000000119
58974  -55.610  -17.679  33.718 0.4000000060
115730  -48.295  -20.988  19.031 0.2000000030
55899  -48.521  -21.535  18.430 0.2000000030
55901  -48.745  -21.248  17.640 0.2000000030
55902  -49.240  -21.665  17.136 0.2000000030
55903  -48.897  -20.959  16.838 0.2000000030
57529  -48.717  -19.962  18.009 0.2000000030
57533  -48.833  -19.757  17.258 0.2000000030
56743  -48.994  -20.646  15.922 0.2000000030
127273  -48.874  -20.016  16.187 0.2000000030
57525  -49.279  -19.709  19.503 0.2000000030
58327  -49.518  -18.930  15.823 0.2000000030
59125  -50.695  -17.698  16.953 0.2000000030
58325  -50.131  -18.248  16.416 0.2000000030
57530  -49.169  -19.543  18.541 0.2000000030
57534  -49.143  -19.394  17.784 0.2000000030
58316  -51.394  -18.003  19.352 0.4000000060
58315  -50.786  -18.574  19.616 0.3000000119
58319  -51.267  -17.768  18.649 0.3000000119
59121  -50.803  -17.805  17.922 0.2000000030
59126  -51.400  -17.270  17.381 0.2000000030
59129  -51.320  -17.352  16.499 0.2000000030
112272  -57.925  -16.075  23.887 0.4000000060
59933  -57.827  -16.342  24.536 0.4000000060
59948  -56.090  -16.499  22.538 0.5000000000
59923  -58.370  -15.863  25.435 0.4000000060
59103  -54.450  -17.004  21.579 0.5000000000
59961  -54.916  -16.519  21.236 0.5000000000
59976  -53.815  -16.835  20.234 0.5000000000
107886  -56.822  -16.085  22.589 0.5000000000
117068  -55.658  -16.025  21.309 0.5000000000
59112  -52.759  -17.607  20.570 0.6000000238
59989  -53.470  -16.727  19.469 0.5000000000
59988  -52.666  -17.084  19.155 0.5000000000
59978  -55.374  -15.927  20.641 0.5000000000
107354  -51.873  -17.489  18.965 0.4000000060
112794  -52.071  -16.898  17.814 0.3000000119
59993  -52.675  -16.733  18.340 0.4000000060
111292  -53.199  -16.622  18.807 0.5000000000
59130  -52.119  -16.846  16.897 0.3000000119
59922  -57.929  -16.311  25.665 0.4000000060
59911  -58.210  -15.984  26.019 0.4000000060
59991  -55.083  -15.819  19.809 0.5000000000
59990  -54.236  -16.317  19.612 0.4000000060
61535  -57.374  -14.097  30.471 0.4000000060
61547  -57.729  -14.513  29.645 0.4000000060
60750  -57.593  -15.110  29.208 0.4000000060
60751  -58.097  -14.744  28.867 0.4000000060
59875  -57.948  -15.487  27.723 0.4000000060
59900  -58.550  -15.547  26.017 0.4000000060
60839  -57.315  -15.100  21.209 0.5000000000
60765  -58.351  -14.899  28.051 0.4000000060
55012  -57.188  -22.492  20.520 0.2000000030
33570  -30.326  -47.238  50.712 0.2000000030
35494  -30.093  -44.983  50.360 0.2000000030
35495  -30.430  -45.184  50.254 0.2000000030
37333  -31.994  -43.558  47.316 0.1000000015
37348  -30.736  -43.407  46.466 0.1000000015
37349  -31.630  -43.451  46.468 0.1000000015
31037  -25.272  -49.916  50.303 0.4000000060
31027  -25.772  -49.555  50.849 0.3000000119
113472  -29.570  -47.997  50.683 0.2000000030
33556  -29.407  -47.301  51.096 0.1000000015
33569  -29.763  -46.974  51.008 0.2000000030
34549  -30.719  -46.392  50.570 0.2000000030
34550  -31.559  -46.123  50.402 0.2000000030
35483  -29.170  -46.007  50.935 0.1000000015
34548  -29.713  -46.276  50.877 0.2000000030
115027  -30.278  -45.878  50.605 0.2000000030
119894  -30.895  -45.545  50.234 0.2000000030
34551  -32.346  -45.501  50.071 0.2000000030
34557  -26.067  -47.093  50.344 0.1000000015
34558  -26.937  -46.707  50.659 0.1000000015
117494  -28.043  -45.733  50.546 0.1000000015
118669  -29.858  -45.583  50.638 0.2000000030
36419  -31.026  -44.781  49.859 0.2000000030
34568  -25.876  -47.126  49.260 0.1000000015
34569  -26.634  -46.672  49.623 0.1000000015
35504  -27.402  -46.041  49.909 0.1000000015
35505  -28.075  -45.263  49.847 0.1000000015
35493  -28.725  -45.256  50.390 0.1000000015
36431  -30.681  -44.615  49.906 0.2000000030
36420  -32.367  -44.166  49.965 0.2000000030
34577  -24.673  -47.243  48.113 0.1000000015
34578  -25.639  -46.922  48.247 0.1000000015
113026  -26.878  -46.034  49.160 0.1000000015
35514  -27.433  -45.307  49.028 0.1000000015
36440  -29.087  -44.460  49.423 0.1000000015
37285  -33.091  -43.930  50.043 0.1000000015
115640  -25.755  -46.415  47.544 0.1000000015
35520  -26.529  -45.482  47.905 0.1000000015
36450  -27.823  -44.590  48.419 0.1000000015
110273  -33.119  -43.557  48.910 0.1000000015
37307  -33.105  -43.567  49.601 0.1000000015
35519  -26.069  -45.712  47.422 0.1000000015
36460  -26.601  -44.822  47.398 0.1000000015
36461  -27.421  -44.336  47.701 0.1000000015
37321  -33.598  -43.601  48.471 0.1000000015
36459  -25.894  -45.178  46.794 0.1000000015
36470  -26.316  -44.303  46.633 0.1000000015
37334  -33.134  -43.623  47.541 0.1000000015
37336  -34.711  -43.245  47.785 0.1000000015
37362  -29.240  -43.164  45.994 0.1000000015
38151  -28.816  -42.805  45.153 0.1000000015
37365  -32.182  -43.323  45.721 0.1000000015
37350  -32.599  -43.527  46.504 0.1000000015
37351  -33.621  -43.440  46.344 0.1000000015
111481  -34.837  -43.077  47.079 0.1000000015
38149  -26.995  -42.666  45.080 0.1000000015
38150  -27.887  -42.693  45.138 0.1000000015
38152  -29.769  -42.922  45.100 0.1000000015
37363  -30.264  -43.207  45.787 0.1000000015
37364  -31.219  -43.268  45.694 0.1000000015
37366  -32.983  -43.389  45.802 0.1000000015
38156  -34.292  -42.618  45.478 0.1000000015
31857  -26.644  -48.628  51.910 0.2000000030
32631  -27.569  -48.455  51.511 0.3000000119
31036  -24.360  -50.081  50.441 0.3000000119
31863  -25.324  -49.118  51.547 0.1000000015
31864  -26.215  -49.149  51.413 0.1000000015
129914  -28.085  -48.112  51.479 0.2000000030
33551  -25.067  -47.937  52.254 0.1000000015
33552  -25.842  -47.755  52.257 0.1000000015
114826  -26.939  -48.103  52.101 0.1000000015
33554  -27.610  -47.600  51.772 0.1000000015
32632  -28.608  -47.827  51.323 0.1000000015
32633  -29.301  -47.732  51.000 0.1000000015
33566  -24.777  -47.753  51.806 0.1000000015
33567  -25.620  -47.557  51.942 0.1000000015
111656  -26.390  -47.348  51.932 0.1000000015
33568  -27.111  -47.080  51.873 0.1000000015
34535  -27.866  -46.931  51.603 0.1000000015
34536  -28.515  -46.918  51.402 0.1000000015
33584  -23.645  -47.714  50.589 0.1000000015
33585  -24.529  -47.603  50.850 0.1000000015
33586  -25.411  -47.449  51.095 0.1000000015
34543  -26.237  -47.149  51.392 0.1000000015
34544  -26.962  -46.914  51.569 0.1000000015
34559  -27.438  -46.577  51.158 0.1000000015
34546  -28.374  -46.443  51.227 0.1000000015
113085  -31.703  -44.342  49.744 0.2000000030
33596  -23.457  -47.706  49.573 0.1000000015
33597  -24.323  -47.582  49.781 0.1000000015
33598  -25.235  -47.455  50.001 0.1000000015
36442  -30.388  -44.504  49.997 0.1000000015
36432  -31.323  -44.156  49.676 0.2000000030
33595  -23.110  -47.659  48.728 0.1000000015
34567  -25.030  -47.463  48.980 0.1000000015
37304  -30.681  -44.088  49.637 0.1000000015
108144  -31.866  -43.880  49.794 0.1000000015
37293  -32.553  -43.822  49.864 0.1000000015
33609  -22.376  -47.742  48.205 0.1000000015
33621  -23.036  -47.507  47.927 0.1000000015
34576  -23.749  -47.374  48.036 0.1000000015
34587  -24.240  -46.951  47.380 0.1000000015
36462  -28.123  -44.094  47.896 0.1000000015
37329  -27.905  -43.791  47.234 0.1000000015
37317  -29.522  -43.874  48.247 0.1000000015
37318  -30.955  -43.771  48.973 0.1000000015
37306  -32.133  -43.611  49.425 0.1000000015
127517  -32.385  -43.688  49.815 0.1000000015
34588  -25.161  -46.801  47.404 0.1000000015
36471  -27.065  -43.955  47.012 0.1000000015
37330  -28.794  -43.761  47.544 0.1000000015
114241  -30.424  -43.707  48.022 0.1000000015
122076  -31.385  -43.617  48.111 0.1000000015
37320  -32.664  -43.572  48.638 0.1000000015
34586  -23.362  -47.149  47.335 0.1000000015
34598  -24.732  -46.584  46.693 0.1000000015
35527  -25.370  -45.516  46.177 0.1000000015
37345  -27.623  -43.426  46.484 0.1000000015
37346  -28.491  -43.420  46.659 0.1000000015
37331  -29.689  -43.627  47.397 0.1000000015
37332  -31.078  -43.530  47.246 0.1000000015
128079  -32.177  -43.570  48.120 0.1000000015
34596  -22.832  -46.976  46.583 0.1000000015
34597  -23.815  -46.763  46.649 0.1000000015
35525  -24.284  -46.347  46.013 0.1000000015
35536  -25.266  -45.013  45.683 0.1000000015
36469  -25.703  -44.668  46.151 0.1000000015
37344  -26.779  -43.566  46.274 0.1000000015
35535  -24.738  -45.665  45.561 0.1000000015
36478  -24.890  -44.768  45.155 0.1000000015
35534  -23.806  -46.091  45.265 0.1000000015
31024  -23.198  -50.251  51.305 0.3000000119
31025  -24.000  -49.767  51.170 0.2000000030
31035  -23.673  -50.336  50.629 0.3000000119
31855  -24.900  -48.608  51.994 0.1000000015
32629  -25.379  -48.164  52.274 0.1000000015
32639  -23.444  -48.285  51.946 0.1000000015
32627  -23.769  -48.504  52.037 0.1000000015
32651  -21.473  -48.603  50.813 0.1000000015
32652  -22.258  -48.260  51.076 0.1000000015
33583  -22.754  -47.904  50.209 0.1000000015
33594  -22.267  -47.902  49.212 0.1000000015
127729  -22.884  -47.797  49.416 0.1000000015
33619  -21.707  -47.839  47.522 0.1000000015
33607  -20.947  -48.307  47.995 0.1000000015
34595  -21.999  -47.127  46.160 0.1000000015
34612  -23.449  -46.579  45.907 0.1000000015
34611  -22.661  -46.687  45.604 0.1000000015
31022  -22.066  -51.288  51.547 0.1000000015
31023  -22.485  -50.474  51.776 0.1000000015
31016  -22.914  -49.671  52.009 0.2000000030
31861  -23.642  -49.417  51.816 0.2000000030
30196  -21.605  -51.989  51.403 0.2000000030
30197  -22.623  -51.066  51.004 0.2000000030
31853  -23.317  -49.002  52.094 0.2000000030
32638  -22.639  -48.455  51.852 0.1000000015
32626  -22.994  -48.699  52.155 0.2000000030
32636  -20.943  -48.912  51.531 0.1000000015
47253  -41.490  -31.640  46.793 0.1000000015
30195  -20.904  -51.995  52.113 0.2000000030
31015  -22.290  -49.816  52.191 0.1000000015
31852  -22.595  -49.221  52.205 0.1000000015
31851  -21.811  -49.491  52.276 0.1000000015
32625  -22.197  -48.879  52.221 0.1000000015
32624  -21.324  -49.118  52.212 0.1000000015
32637  -21.804  -48.677  51.727 0.1000000015
45024  -42.786  -34.954  26.120 0.3000000119
45872  -42.025  -34.584  25.650 0.3000000119
45884  -41.315  -34.115  25.275 0.2000000030
119014  -42.380  -33.835  26.229 0.3000000119
46669  -41.815  -33.377  25.949 0.2000000030
46677  -41.256  -32.818  25.494 0.2000000030
49160  -47.379  -29.448  20.325 0.2000000030
48326  -45.149  -30.217  21.110 0.2000000030
48333  -45.999  -29.666  20.823 0.2000000030
46670  -42.341  -32.859  26.543 0.3000000119
47424  -42.652  -31.846  26.387 0.2000000030
46678  -41.895  -32.340  26.006 0.3000000119
125305  -42.130  -31.614  25.748 0.2000000030
49174  -49.131  -29.281  19.631 0.2000000030
50068  -49.514  -28.657  19.761 0.2000000030
47445  -41.963  -31.165  25.103 0.2000000030
48294  -42.401  -30.542  24.719 0.2000000030
50067  -48.708  -28.827  19.967 0.2000000030
46687  -40.279  -32.693  24.212 0.2000000030
47444  -41.391  -31.451  24.574 0.2000000030
48293  -41.835  -30.841  24.311 0.2000000030
110465  -42.189  -30.371  23.991 0.2000000030
49159  -46.684  -29.229  20.715 0.2000000030
48318  -42.364  -30.184  22.487 0.2000000030
49150  -43.625  -29.808  21.760 0.2000000030
49151  -44.516  -29.582  21.557 0.2000000030
49153  -46.075  -29.069  21.065 0.2000000030
50878  -55.349  -27.560  18.875 0.2000000030
129117  -53.467  -28.008  18.764 0.2000000030
113129  -52.699  -27.882  18.852 0.2000000030
50069  -50.357  -28.434  19.569 0.2000000030
47433  -42.745  -30.966  25.621 0.2000000030
110840  -49.137  -28.357  20.361 0.2000000030
50056  -49.933  -28.047  20.037 0.2000000030
107129  -48.198  -28.553  20.630 0.2000000030
49123  -42.710  -29.964  24.140 0.2000000030
49137  -43.128  -29.519  23.365 0.2000000030
114803  -55.735  -26.690  18.950 0.2000000030
124883  -53.012  -26.564  19.223 0.2000000030
51676  -54.269  -25.856  19.272 0.2000000030
51677  -55.221  -25.845  19.140 0.2000000030
50874  -51.536  -27.457  19.590 0.2000000030
50873  -50.739  -27.774  19.810 0.2000000030
50049  -49.713  -27.970  20.884 0.2000000030
107092  -48.887  -28.220  21.250 0.2000000030
52553  -53.999  -25.349  20.010 0.2000000030
52562  -54.840  -25.071  19.744 0.2000000030
52544  -54.230  -24.352  21.507 0.2000000030
50040  -50.438  -28.205  22.463 0.2000000030
59994  -53.312  -16.330  18.161 0.3000000119
108071  -53.843  -16.284  18.815 0.4000000060
59995  -54.067  -15.923  18.009 0.5000000000
60878  -54.906  -15.582  17.737 0.5000000000
61681  -61.313  -14.844  17.349 0.1000000015
107047  -61.377  -14.474  17.164 0.1000000015
62538  -60.819  -13.391  17.305 0.1000000015
60899  -61.623  -15.535  16.842 0.1000000015
61684  -61.906  -15.142  16.677 0.1000000015
108681  -60.428  -12.441  25.040 0.3000000119
60873  -54.763  -15.727  18.789 0.5000000000
60874  -55.740  -15.267  19.208 0.5000000000
60875  -56.683  -14.858  19.478 0.5000000000
63368  -60.665  -13.158  18.129 0.2000000030
62542  -61.339  -13.993  16.842 0.1000000015
60900  -62.259  -15.916  16.304 0.1000000015
63372  -61.044  -13.479  16.480 0.1000000015
61685  -62.445  -15.335  15.697 0.1000000015
61687  -61.893  -14.561  16.279 0.1000000015
62546  -62.251  -14.422  15.246 0.1000000015
53207  -54.187  -24.310  38.096 0.1000000015
54080  -54.798  -23.404  37.746 0.2000000030
127291  -55.266  -23.584  36.792 0.2000000030
62432  -58.748  -13.302  28.915 0.3000000119
62418  -58.273  -12.983  29.545 0.3000000119
127760  -58.713  -14.519  27.897 0.3000000119
60766  -58.757  -14.683  27.502 0.3000000119
61561  -59.122  -14.152  27.645 0.3000000119
111967  -59.210  -13.319  28.203 0.3000000119
117643  -59.504  -14.008  27.077 0.3000000119
62441  -59.757  -13.623  26.759 0.3000000119
63263  -59.873  -12.911  26.885 0.3000000119
64100  -59.548  -11.189  26.927 0.2000000030
64116  -60.404  -11.514  24.717 0.2000000030
109562  -60.268  -12.494  25.765 0.3000000119
128748  -60.515  -12.866  23.881 0.2000000030
62490  -60.219  -13.331  21.937 0.1000000015
60858  -56.916  -14.954  20.328 0.4000000060
62515  -60.626  -12.738  20.234 0.2000000030
63335  -60.751  -12.324  20.124 0.2000000030
126194  -57.753  -14.679  20.455 0.4000000060
61650  -59.027  -14.208  20.533 0.3000000119
61636  -59.623  -13.879  21.376 0.3000000119
64164  -60.828  -11.823  19.753 0.1000000015
118230  -60.911  -11.180  19.421 0.1000000015
113685  -60.719  -12.035  19.186 0.3000000119
64173  -60.824  -11.400  18.831 0.2000000030
63358  -60.682  -12.850  18.802 0.2000000030
63357  -60.619  -12.345  18.577 0.2000000030
64185  -60.870  -10.679  18.304 0.2000000030
64184  -60.559  -11.684  18.117 0.2000000030
122210  -60.176  -11.965  17.317 0.2000000030
63371  -60.414  -12.728  16.641 0.1000000015
64193  -59.989  -11.572  16.361 0.2000000030
54091  -56.278  -23.957  35.002 0.3000000119
63240  -58.027  -12.151  29.524 0.3000000119
63252  -58.604  -12.271  29.018 0.3000000119
61560  -58.688  -14.221  28.428 0.3000000119
63253  -59.147  -12.278  28.395 0.2000000030
64084  -58.676  -11.487  28.460 0.2000000030
64093  -59.247  -11.487  27.780 0.3000000119
64101  -60.041  -12.024  26.415 0.1000000015
64853  -59.877  -11.012  26.095 0.2000000030
65671  -59.292  -9.855  25.002 0.1000000015
64871  -60.235  -10.563  24.402 0.1000000015
65690  -59.925  -9.868  24.030 0.1000000015
64124  -60.509  -11.336  23.712 0.1000000015
65701  -60.040  -9.496  23.313 0.1000000015
64125  -60.644  -11.693  22.733 0.1000000015
64133  -60.738  -11.965  21.766 0.1000000015
64886  -60.450  -9.801  22.873 0.1000000015
64879  -60.624  -10.697  22.914 0.1000000015
109915  -60.986  -11.014  21.553 0.1000000015
64148  -61.100  -10.950  20.761 0.1000000015
116500  -61.006  -11.032  20.043 0.1000000015
64919  -60.991  -10.481  18.950 0.1000000015
117872  -61.031  -9.917  18.452 0.1000000015
64926  -60.443  -10.841  17.387 0.2000000030
64939  -60.171  -10.507  16.537 0.2000000030
63375  -61.089  -13.146  15.644 0.1000000015
62548  -61.971  -13.585  14.765 0.1000000015
61692  -62.580  -15.014  14.661 0.1000000015
127900  -55.722  -22.709  36.703 0.2000000030
54085  -56.053  -23.078  35.934 0.2000000030
62401  -57.372  -13.088  30.647 0.3000000119
62402  -57.699  -12.598  30.027 0.3000000119
64075  -58.104  -11.552  29.054 0.2000000030
109688  -55.761  -13.931  26.809 0.2000000030
62447  -56.693  -13.177  26.201 0.2000000030
64840  -58.768  -10.974  27.967 0.2000000030
62456  -56.608  -13.509  25.409 0.1000000015
63277  -57.463  -12.143  25.462 0.1000000015
108857  -59.040  -10.727  27.349 0.2000000030
62467  -56.464  -13.570  24.745 0.1000000015
63285  -57.057  -12.961  24.790 0.1000000015
64105  -57.844  -11.184  25.963 0.1000000015
64850  -58.356  -10.628  26.476 0.1000000015
64851  -58.829  -10.406  26.791 0.1000000015
63286  -57.574  -12.114  24.478 0.1000000015
64123  -58.109  -11.182  24.109 0.1000000015
64106  -58.345  -10.579  25.623 0.1000000015
64860  -58.843  -10.014  25.187 0.1000000015
114924  -57.940  -11.364  23.143 0.1000000015
64870  -58.742  -10.045  24.209 0.1000000015
64876  -58.367  -10.689  22.724 0.1000000015
64877  -58.864  -9.927  23.273 0.1000000015
65700  -59.604  -9.479  23.623 0.1000000015
125087  -59.648  -9.237  23.185 0.1000000015
65709  -60.534  -9.407  22.232 0.1000000015
64900  -61.029  -9.926  21.420 0.1000000015
64913  -61.008  -10.301  19.624 0.1000000015
64885  -58.810  -9.865  22.418 0.1000000015
65707  -59.403  -9.303  22.978 0.1000000015
66467  -59.772  -8.995  22.656 0.1000000015
65719  -60.613  -8.936  21.561 0.1000000015
65728  -60.929  -9.197  20.807 0.1000000015
64947  -59.897  -10.669  15.719 0.1000000015
63374  -60.413  -12.297  15.487 0.1000000015
64195  -59.984  -11.470  15.319 0.1000000015
60927  -62.104  -16.050  14.059 0.1000000015
61711  -62.437  -14.677  13.820 0.1000000015
119214  -62.443  -15.511  14.259 0.1000000015
63378  -61.319  -12.688  14.622 0.1000000015
54864  -55.449  -22.339  37.412 0.2000000030
54874  -56.095  -21.920  36.598 0.2000000030
62376  -55.465  -13.151  32.917 0.3000000119
129623  -55.044  -13.021  33.455 0.3000000119
63211  -56.229  -12.399  31.572 0.3000000119
62390  -56.814  -12.661  31.148 0.3000000119
63224  -56.506  -12.116  30.770 0.3000000119
63225  -57.138  -12.227  30.436 0.3000000119
63238  -56.977  -11.894  29.871 0.3000000119
62431  -55.359  -13.125  28.492 0.2000000030
63259  -56.102  -12.621  28.202 0.2000000030
63239  -57.581  -11.926  29.728 0.3000000119
62438  -55.598  -13.515  27.585 0.2000000030
63260  -56.719  -12.291  27.625 0.2000000030
64083  -57.881  -11.310  28.531 0.2000000030
61570  -55.127  -14.193  27.085 0.2000000030
62439  -56.332  -13.251  27.065 0.2000000030
64091  -57.266  -11.638  28.096 0.2000000030
109770  -56.824  -12.628  26.848 0.2000000030
63269  -57.088  -12.407  26.230 0.2000000030
64099  -57.791  -11.110  26.830 0.2000000030
64838  -58.329  -10.754  27.317 0.2000000030
63270  -57.492  -11.748  26.306 0.1000000015
110195  -57.168  -12.616  24.031 0.1000000015
63297  -57.536  -12.017  23.628 0.1000000015
64884  -58.191  -10.657  21.873 0.1000000015
114584  -61.032  -9.505  18.988 0.1000000015
66466  -59.326  -9.083  22.169 0.1000000015
66477  -60.225  -8.357  21.315 0.1000000015
66478  -60.634  -8.557  20.965 0.1000000015
65763  -60.229  -9.743  16.142 0.2000000030
62560  -62.514  -13.907  13.399 0.1000000015
111778  -62.219  -13.126  13.755 0.1000000015
63377  -60.568  -11.758  14.409 0.1000000015
128144  -62.430  -13.686  14.023 0.1000000015
55674  -55.104  -21.422  37.916 0.1000000015
54865  -55.664  -21.449  37.283 0.1000000015
55712  -55.993  -21.097  36.817 0.1000000015
58941  -55.710  -17.614  34.261 0.3000000119
58957  -55.114  -16.842  34.402 0.2000000030
59785  -54.507  -15.995  34.690 0.2000000030
122707  -54.340  -15.440  34.192 0.2000000030
63199  -55.226  -12.788  32.797 0.3000000119
61531  -51.669  -14.783  30.896 0.2000000030
63200  -55.902  -12.804  32.266 0.3000000119
63210  -55.645  -12.545  31.907 0.3000000119
61546  -53.229  -14.209  29.428 0.2000000030
62400  -54.469  -13.065  30.654 0.2000000030
63236  -55.240  -12.623  30.423 0.2000000030
63223  -55.873  -12.254  31.094 0.3000000119
62429  -53.921  -13.798  29.109 0.2000000030
62416  -54.555  -13.251  29.728 0.2000000030
63237  -56.060  -12.127  30.087 0.3000000119
62437  -54.840  -13.786  27.914 0.2000000030
63250  -55.825  -12.489  29.090 0.2000000030
63251  -56.499  -12.032  29.175 0.2000000030
123544  -56.738  -11.975  28.441 0.2000000030
64073  -57.235  -11.701  28.972 0.2000000030
64074  -57.616  -11.764  29.231 0.2000000030
63296  -56.855  -12.536  23.324 0.1000000015
63307  -57.251  -11.934  22.789 0.1000000015
64132  -57.758  -11.375  22.292 0.1000000015
64898  -57.987  -10.706  21.028 0.1000000015
64899  -58.615  -9.773  21.444 0.1000000015
66483  -59.627  -8.132  21.021 0.1000000015
125720  -60.061  -7.915  20.670 0.1000000015
65736  -61.020  -9.391  19.931 0.1000000015
65746  -60.930  -9.861  17.801 0.1000000015
120442  -60.923  -9.013  17.424 0.1000000015
65751  -60.625  -9.786  16.994 0.2000000030
64949  -59.884  -10.792  14.727 0.1000000015
58940  -55.261  -17.131  34.852 0.2000000030
59769  -53.870  -15.675  35.592 0.2000000030
60663  -53.494  -15.232  35.472 0.2000000030
119838  -53.540  -13.240  32.682 0.2000000030
62375  -54.369  -12.825  32.671 0.3000000119
62386  -52.839  -13.718  32.190 0.2000000030
62387  -53.601  -13.313  31.842 0.2000000030
62388  -54.387  -12.903  31.600 0.3000000119
62482  -56.394  -13.083  23.998 0.1000000015
62481  -55.525  -13.462  23.593 0.1000000015
64147  -57.641  -11.405  21.419 0.1000000015
123585  -58.190  -10.094  20.683 0.1000000015
112200  -58.561  -9.341  20.634 0.1000000015
67229  -59.515  -7.728  20.143 0.1000000015
67237  -60.604  -8.188  19.776 0.1000000015
66492  -60.923  -8.727  19.414 0.1000000015
67245  -60.716  -8.179  18.910 0.1000000015
65747  -61.027  -9.201  18.150 0.1000000015
63382  -62.250  -12.661  12.937 0.1000000015
62585  -62.338  -13.729  12.547 0.1000000015
64199  -61.014  -11.626  13.453 0.1000000015
62593  -62.191  -13.443  11.931 0.1000000015
63383  -62.473  -13.327  12.924 0.1000000015
61709  -61.220  -14.257  12.803 0.1000000015
61724  -62.058  -14.048  12.338 0.1000000015
62559  -60.098  -14.229  13.217 0.1000000015
60676  -52.470  -15.427  35.199 0.2000000030
63295  -56.012  -12.848  23.105 0.1000000015
63305  -55.857  -12.768  22.324 0.1000000015
64131  -57.038  -11.914  21.934 0.1000000015
67228  -58.913  -7.820  19.715 0.1000000015
119987  -59.775  -7.550  19.425 0.1000000015
67244  -60.365  -7.689  18.420 0.1000000015
67255  -60.780  -8.039  18.033 0.1000000015
66504  -60.914  -8.204  17.050 0.1000000015
113841  -59.902  -9.795  15.201 0.1000000015
64200  -61.728  -11.935  12.832 0.1000000015
125194  -62.399  -13.145  12.253 0.1000000015
62584  -60.541  -13.781  12.481 0.1000000015
62592  -61.868  -13.245  11.451 0.1000000015
63421  -61.728  -12.818  11.123 0.1000000015
63306  -56.562  -12.443  22.494 0.1000000015
63323  -56.223  -12.411  21.595 0.1000000015
64146  -56.953  -11.911  21.015 0.1000000015
117487  -58.322  -8.536  19.363 0.1000000015
68008  -59.071  -7.044  18.836 0.1000000015
124207  -59.535  -7.290  19.005 0.1000000015
119322  -60.681  -8.888  16.636 0.1000000015
68009  -59.568  -7.103  18.411 0.1000000015
67254  -60.481  -7.460  17.562 0.1000000015
68017  -59.643  -6.769  17.595 0.1000000015
68010  -60.033  -7.203  17.994 0.1000000015
125253  -62.153  -12.447  12.147 0.1000000015
64212  -60.956  -11.168  12.689 0.1000000015
63435  -61.713  -12.476  11.048 0.1000000015
64214  -61.946  -12.313  11.526 0.1000000015
64213  -61.730  -11.723  11.985 0.1000000015
66498  -57.928  -8.148  18.588 0.1000000015
67234  -58.687  -7.686  19.046 0.1000000015
66509  -60.751  -7.978  16.308 0.1000000015
68018  -60.190  -6.844  17.129 0.1000000015
127840  -60.757  -7.561  16.740 0.1000000015
117215  -60.354  -8.827  15.746 0.1000000015
123676  -60.292  -10.970  13.708 0.1000000015
67264  -60.630  -7.142  16.821 0.1000000015
110806  -59.767  -9.897  14.042 0.1000000015
64951  -60.166  -10.336  13.034 0.1000000015
64239  -61.645  -11.740  11.112 0.1000000015
129058  -61.399  -11.146  10.992 0.1000000015
67243  -58.423  -7.406  18.335 0.1000000015
68023  -58.893  -6.582  17.230 0.1000000015
66516  -60.474  -7.835  15.356 0.1000000015
67279  -60.580  -6.819  14.925 0.1000000015
116727  -60.041  -8.803  14.750 0.1000000015
124557  -59.863  -9.523  13.196 0.1000000015
65770  -60.140  -9.701  12.422 0.1000000015
64953  -60.588  -10.473  12.262 0.1000000015
64967  -60.562  -10.050  11.617 0.1000000015
64954  -61.212  -10.965  11.633 0.1000000015
67253  -58.128  -7.031  17.634 0.1000000015
66526  -60.253  -7.723  14.272 0.1000000015
117907  -59.868  -8.786  13.727 0.1000000015
118566  -59.942  -8.772  12.788 0.1000000015
118631  -60.267  -8.897  11.790 0.1000000015
128208  -60.473  -6.941  14.232 0.1000000015
127203  -60.274  -7.356  12.977 0.1000000015
66533  -60.095  -7.918  13.285 0.1000000015
36430  -29.501  -44.762  50.163 0.1000000015
36452  -29.463  -44.133  48.973 0.1000000015
36429  -28.711  -44.830  49.855 0.1000000015
37303  -30.118  -43.887  48.991 0.1000000015
36441  -29.882  -44.250  49.643 0.1000000015
127072  -30.361  -43.543  47.141 0.1000000015
62457  -60.234  -13.751  24.989 0.3000000119
61637  -59.948  -13.579  21.360 0.2000000030
109668  -60.435  -13.161  24.486 0.3000000119
62501  -60.365  -13.102  20.909 0.2000000030
61626  -59.899  -13.783  22.383 0.3000000119
62514  -60.450  -13.233  19.964 0.2000000030
112517  -60.172  -13.524  22.756 0.2000000030
61666  -60.541  -13.535  19.128 0.2000000030
62539  -61.067  -13.838  17.691 0.1000000015
115676  -60.162  -13.440  20.462 0.2000000030
63309  -60.496  -12.793  21.736 0.1000000015
63344  -60.686  -12.549  19.406 0.2000000030
61559  -54.103  -14.061  28.242 0.2000000030
62430  -54.659  -13.481  28.808 0.2000000030
62455  -56.059  -14.068  25.178 0.1000000015
62398  -52.896  -13.869  31.205 0.2000000030
61521  -52.052  -14.388  31.629 0.2000000030
110209  -52.674  -14.642  34.998 0.2000000030
61545  -52.501  -14.565  29.752 0.2000000030
61569  -54.372  -14.439  27.404 0.2000000030
35485  -32.401  -44.585  49.760 0.2000000030
37322  -34.388  -43.367  48.558 0.1000000015
49144  -44.076  -29.159  22.130 0.2000000030
50862  -50.501  -27.685  20.555 0.2000000030
50055  -47.384  -28.875  20.644 0.2000000030
107269  -48.044  -28.365  21.519 0.2000000030
50864  -52.003  -26.812  20.037 0.2000000030
51675  -53.430  -26.008  19.569 0.2000000030
53217  -54.908  -24.849  36.477 0.2000000030
52315  -54.495  -25.600  37.004 0.1000000015
122412  -34.050  -43.097  45.879 0.1000000015
52554  -54.500  -24.669  20.569 0.2000000030
61456  -53.339  -14.552  35.125 0.2000000030
60664  -53.829  -15.054  35.092 0.2000000030
61488  -52.564  -13.900  33.851 0.2000000030
63190  -54.609  -12.933  33.547 0.3000000119
62374  -53.885  -12.972  33.522 0.2000000030
62373  -53.042  -13.519  33.191 0.2000000030
119177  -30.158  -46.562  50.791 0.2000000030
46671  -42.999  -32.526  26.976 0.3000000119
60777  -58.794  -14.894  26.937 0.3000000119
60859  -58.306  -14.578  20.903 0.4000000060
61635  -59.384  -14.041  21.007 0.3000000119
62483  -60.359  -13.320  23.531 0.3000000119
59999  -53.479  -16.260  17.404 0.4000000060
112380  -29.351  -45.376  50.619 0.1000000015
31026  -24.851  -49.565  50.982 0.2000000030
34547  -29.123  -46.729  51.140 0.2000000030
35484  -31.582  -45.095  49.958 0.2000000030
35482  -28.609  -45.802  50.858 0.1000000015
35491  -27.579  -46.260  50.703 0.1000000015
35492  -27.945  -46.212  51.092 0.1000000015
34579  -26.364  -46.529  48.764 0.1000000015
35513  -26.728  -45.742  48.509 0.1000000015
36439  -28.285  -44.749  49.179 0.1000000015
126265  -31.920  -43.989  49.826 0.1000000015
35512  -26.210  -46.176  48.036 0.1000000015
36449  -27.056  -44.998  48.177 0.1000000015
36451  -28.720  -44.218  48.520 0.1000000015
34599  -25.499  -46.142  46.825 0.1000000015
36480  -26.002  -43.816  45.994 0.1000000015
122438  -34.084  -43.609  47.891 0.1000000015
37335  -34.230  -43.477  47.131 0.1000000015
37361  -28.228  -43.038  45.880 0.1000000015
37347  -29.212  -43.463  46.827 0.1000000015
38165  -28.440  -42.508  44.407 0.1000000015
38153  -30.733  -43.009  44.985 0.1000000015
38154  -31.804  -43.022  44.864 0.1000000015
38155  -33.588  -43.083  45.526 0.1000000015
38167  -30.234  -42.752  44.326 0.1000000015
107074  -32.831  -43.119  45.119 0.1000000015
32630  -26.196  -48.146  52.302 0.1000000015
31862  -24.446  -49.190  51.664 0.1000000015
31856  -25.774  -48.642  52.061 0.1000000015
33550  -24.256  -48.133  52.096 0.1000000015
32628  -24.562  -48.281  52.091 0.1000000015
33553  -26.634  -47.596  52.167 0.1000000015
34545  -27.601  -46.734  51.436 0.1000000015
33565  -23.916  -47.844  51.598 0.1000000015
33610  -24.067  -47.547  48.837 0.1000000015
37292  -31.127  -44.197  49.791 0.1000000015
37305  -31.482  -43.856  49.640 0.1000000015
33620  -22.581  -47.478  47.394 0.1000000015
37319  -31.789  -43.622  48.941 0.1000000015
35526  -24.992  -46.133  46.200 0.1000000015
37359  -26.479  -43.161  45.588 0.1000000015
114772  -29.910  -43.407  46.584 0.1000000015
31854  -24.064  -48.747  51.958 0.1000000015
33564  -23.058  -47.946  51.368 0.1000000015
33582  -21.883  -48.187  50.114 0.1000000015
33608  -21.612  -48.049  48.499 0.1000000015
33618  -20.825  -48.068  47.134 0.1000000015
33634  -22.126  -47.445  46.851 0.1000000015
33633  -21.446  -47.664  46.620 0.1000000015
127133  -23.230  -46.414  45.427 0.1000000015
35533  -22.983  -46.203  44.981 0.1000000015
31014  -21.680  -50.479  52.206 0.1000000015
114311  -21.467  -51.467  51.989 0.2000000030
45883  -40.665  -33.342  24.916 0.2000000030
45867  -42.891  -33.591  26.743 0.3000000119
46688  -40.924  -32.238  24.795 0.2000000030
47432  -41.527  -31.876  25.367 0.2000000030
49175  -49.962  -29.195  19.448 0.2000000030
49161  -47.994  -29.049  20.133 0.2000000030
47443  -40.829  -31.673  23.820 0.2000000030
126553  -41.408  -31.090  23.871 0.2000000030
48308  -42.333  -30.062  23.254 0.2000000030
49142  -42.764  -29.801  22.645 0.2000000030
114863  -54.737  -26.652  18.836 0.2000000030
50876  -53.206  -27.230  18.845 0.2000000030
116940  -53.755  -26.583  18.941 0.2000000030
50875  -52.346  -27.060  19.255 0.2000000030
122492  -51.165  -28.167  19.348 0.2000000030
60000  -54.272  -15.980  17.192 0.5000000000
60879  -55.683  -15.212  18.292 0.5000000000
63367  -60.464  -12.638  17.753 0.2000000030
64107  -60.272  -11.693  25.580 0.2000000030
62545  -61.627  -13.881  15.881 0.1000000015
53208  -54.562  -24.510  37.313 0.1000000015
62440  -59.558  -13.492  27.366 0.3000000119
63262  -59.546  -12.594  27.667 0.3000000119
64094  -59.695  -12.021  27.154 0.3000000119
64852  -59.309  -10.502  26.478 0.2000000030
64862  -60.126  -10.794  25.267 0.2000000030
63298  -60.532  -12.472  23.290 0.1000000015
63299  -60.565  -12.447  22.418 0.1000000015
63308  -60.423  -13.039  22.599 0.1000000015
63324  -60.656  -12.505  20.902 0.1000000015
64157  -60.914  -11.630  20.287 0.1000000015
61649  -58.471  -14.389  20.068 0.3000000119
61651  -59.771  -13.793  20.547 0.3000000119
64825  -58.382  -11.046  28.317 0.2000000030
65659  -59.124  -9.987  25.832 0.1000000015
123703  -59.469  -10.057  25.341 0.1000000015
65689  -59.541  -9.795  24.343 0.1000000015
65672  -59.761  -10.152  24.867 0.1000000015
65688  -59.200  -9.714  24.330 0.1000000015
64878  -60.346  -10.197  23.581 0.1000000015
66453  -59.817  -9.192  22.946 0.1000000015
116757  -60.803  -11.125  22.247 0.1000000015
117671  -60.875  -11.791  20.868 0.1000000015
65708  -60.119  -9.242  22.762 0.1000000015
64887  -60.809  -10.279  22.231 0.1000000015
114053  -61.095  -10.135  20.435 0.1000000015
113055  -62.483  -14.221  14.258 0.1000000015
60044  -62.424  -16.412  14.508 0.1000000015
63276  -56.997  -12.899  25.594 0.1000000015
64114  -57.880  -11.238  25.072 0.1000000015
118974  -58.780  -10.248  26.024 0.1000000015
64115  -58.388  -10.545  24.872 0.1000000015
122366  -58.442  -10.660  23.480 0.1000000015
65699  -59.313  -9.510  23.646 0.1000000015
66476  -59.774  -8.604  21.839 0.1000000015
66468  -60.090  -8.897  22.241 0.1000000015
66485  -60.807  -8.633  20.285 0.1000000015
62417  -55.261  -12.821  29.439 0.2000000030
63261  -57.235  -11.805  27.088 0.2000000030
64092  -57.774  -11.137  27.686 0.2000000030
109981  -59.131  -8.732  21.306 0.1000000015
66484  -60.442  -8.162  20.566 0.1000000015
66499  -60.925  -8.680  18.517 0.1000000015
64197  -61.570  -12.274  13.670 0.1000000015
116138  -54.754  -16.521  35.066 0.3000000119
63209  -55.025  -12.623  32.139 0.3000000119
61533  -53.072  -14.048  30.292 0.2000000030
62415  -53.803  -13.631  29.994 0.2000000030
64907  -57.851  -10.699  20.239 0.1000000015
66482  -58.873  -8.360  20.369 0.1000000015
66505  -60.899  -8.463  17.730 0.1000000015
58925  -54.203  -16.279  35.528 0.1000000015
67230  -60.156  -7.828  19.995 0.1000000015
67236  -60.258  -7.797  19.234 0.1000000015
65727  -58.078  -9.907  20.058 0.1000000015
67235  -59.247  -7.469  19.380 0.1000000015
68003  -59.907  -7.396  18.796 0.1000000015
120333  -60.778  -7.788  17.278 0.1000000015
108699  -61.406  -13.633  11.854 0.1000000015
63422  -62.123  -12.934  11.525 0.1000000015
62590  -60.422  -13.169  11.702 0.1000000015
62591  -61.335  -13.057  11.068 0.1000000015
67271  -60.683  -7.057  16.032 0.1000000015
59138  -52.777  -17.366  15.384 0.2000000030
60006  -53.646  -16.477  16.559 0.2000000030
61674  -59.236  -14.400  18.871 0.3000000119
60881  -57.459  -14.636  18.728 0.3000000119
61663  -58.501  -14.437  19.220 0.3000000119
107309  -58.619  -14.651  18.266 0.3000000119
61664  -59.286  -14.197  19.643 0.2000000030
58146  -55.234  -17.955  34.703 0.2000000030
58939  -54.552  -17.102  35.328 0.2000000030
113374  -50.957  -15.865  32.990 0.1000000015
60721  -50.742  -15.562  31.720 0.1000000015
59768  -53.265  -15.759  35.733 0.1000000015
60675  -51.925  -14.982  34.487 0.1000000015
114848  -51.206  -15.209  33.002 0.1000000015
61504  -51.353  -14.851  32.381 0.1000000015
60005  -52.925  -16.558  16.931 0.2000000030
60876  -57.652  -14.600  19.716 0.3000000119
61544  -51.763  -14.919  30.136 0.1000000015
61520  -51.288  -14.939  31.470 0.1000000015
61558  -53.394  -14.382  28.568 0.1000000015
59784  -52.493  -16.363  35.322 0.1000000015
61568  -53.605  -14.638  27.724 0.1000000015
60001  -55.006  -15.752  16.984 0.3000000119
114669  -59.526  -14.006  20.260 0.2000000030
59131  -52.777  -16.846  16.259 0.2000000030
128222  -53.403  -16.914  15.854 0.2000000030
60007  -54.600  -16.280  16.461 0.2000000030
60887  -55.872  -15.416  17.314 0.4000000060
60889  -57.638  -14.868  17.746 0.4000000060
60706  -50.916  -15.506  32.474 0.1000000015
125691  -16.732  -55.549  50.400 0.1000000015
25863  -16.539  -56.165  50.374 0.1000000015
29372  -20.027  -52.122  52.573 0.1000000015
113189  -19.391  -52.352  52.766 0.1000000015
27667  -17.038  -54.071  49.277 0.1000000015
26729  -16.969  -55.192  48.787 0.1000000015
25868  -16.734  -55.958  49.526 0.1000000015
30177  -19.071  -51.479  53.540 0.1000000015
31006  -18.168  -50.837  53.782 0.1000000015
30187  -20.880  -50.982  52.431 0.1000000015
31849  -19.992  -49.975  52.571 0.1000000015
31013  -20.123  -50.545  52.819 0.1000000015
30186  -20.235  -51.441  52.774 0.1000000015
31011  -18.736  -50.326  53.055 0.1000000015
29377  -20.533  -52.326  51.867 0.1000000015
31850  -20.839  -49.887  52.417 0.1000000015
48008  -45.081  -30.805  48.021 0.1000000015
48019  -46.035  -30.729  47.282 0.1000000015
48020  -46.598  -30.560  46.752 0.1000000015
47256  -47.381  -31.198  45.989 0.1000000015
117092  -47.257  -29.353  46.090 0.1000000015
48861  -46.906  -29.914  46.503 0.1000000015
48874  -47.422  -29.988  46.160 0.1000000015
49732  -46.531  -29.306  46.341 0.1000000015
49749  -47.711  -28.696  45.604 0.1000000015
49762  -48.349  -28.292  45.090 0.1000000015
31007  -18.936  -50.796  53.614 0.1000000015
30176  -18.323  -51.364  53.985 0.1000000015
31008  -19.614  -51.002  53.291 0.1000000015
31012  -19.472  -50.351  53.143 0.1000000015
48031  -47.692  -30.477  45.860 0.1000000015
48875  -47.827  -29.689  45.776 0.1000000015
48885  -48.329  -29.296  45.242 0.1000000015
48901  -48.733  -28.883  44.608 0.1000000015
29371  -19.270  -52.084  53.205 0.1000000015
30185  -19.688  -51.661  53.120 0.1000000015
48030  -47.188  -30.535  46.314 0.1000000015
60008  -55.635  -16.104  16.427 0.2000000030
60020  -56.887  -16.825  15.731 0.2000000030
58145  -54.149  -18.115  35.072 0.1000000015
60895  -56.637  -15.743  16.667 0.2000000030
60009  -56.488  -16.354  16.156 0.2000000030
60010  -57.315  -16.286  16.267 0.2000000030
58144  -52.937  -18.135  34.896 0.1000000015
124646  -56.436  -14.890  18.735 0.2000000030
60880  -56.646  -14.910  17.999 0.3000000119
60888  -56.901  -15.197  17.299 0.3000000119
60896  -57.729  -15.460  16.901 0.3000000119
109633  -58.313  -16.214  16.411 0.2000000030
55769  -55.500  -20.503  34.131 0.1000000015
56561  -55.715  -20.804  35.988 0.1000000015
58163  -53.367  -18.887  34.366 0.1000000015
57364  -54.536  -18.918  34.456 0.1000000015
58162  -52.285  -18.615  33.921 0.1000000015
56593  -54.832  -20.610  33.768 0.1000000015
56550  -56.187  -20.873  36.088 0.1000000015
57380  -53.712  -19.669  33.841 0.1000000015
123355  -58.425  -15.073  17.467 0.3000000119
56592  -53.941  -20.493  33.523 0.1000000015
60018  -55.068  -16.732  15.805 0.2000000030
60890  -59.180  -15.102  17.575 0.2000000030
60891  -60.008  -15.260  17.463 0.2000000030
60892  -60.771  -15.186  17.449 0.2000000030
60882  -59.599  -14.659  18.217 0.2000000030
60884  -60.884  -14.516  17.952 0.2000000030
61678  -61.046  -14.160  18.007 0.2000000030
61667  -60.739  -13.728  18.593 0.2000000030
62536  -60.768  -13.542  18.378 0.2000000030
60883  -60.339  -14.609  18.160 0.2000000030
61677  -60.752  -14.040  18.526 0.2000000030
61676  -60.443  -14.035  18.852 0.1000000015
62525  -60.667  -13.205  18.964 0.2000000030
61675  -59.882  -14.263  18.911 0.1000000015
108435  -60.647  -12.851  19.605 0.1000000015
61665  -59.827  -14.005  19.643 0.1000000015
61652  -60.229  -13.638  19.721 0.1000000015
32030  -45.168  -49.291  35.679 0.1000000015
33765  -45.556  -48.140  35.659 0.1000000015
33784  -45.322  -47.537  34.749 0.1000000015
33764  -45.636  -47.014  35.852 0.1000000015
32849  -44.627  -48.685  33.719 0.1000000015
123830  -45.254  -46.492  34.436 0.1000000015
126466  -44.853  -47.439  33.677 0.1000000015
34729  -45.182  -46.331  35.944 0.1000000015
111492  -45.332  -46.218  35.313 0.1000000015
34772  -45.120  -45.490  34.801 0.1000000015
34752  -44.872  -45.283  35.523 0.1000000015
34793  -44.887  -46.132  33.678 0.1000000015
35665  -44.373  -44.458  35.212 0.1000000015
33810  -44.296  -47.382  32.795 0.1000000015
34792  -44.203  -46.315  32.612 0.1000000015
35679  -43.188  -44.140  34.551 0.1000000015
114126  -43.199  -46.188  31.355 0.1000000015
116886  -44.795  -45.063  34.269 0.1000000015
35666  -44.626  -44.552  34.888 0.1000000015
35680  -44.528  -44.347  34.292 0.1000000015
35692  -44.446  -45.202  33.421 0.1000000015
36591  -43.342  -43.369  34.185 0.1000000015
36592  -44.190  -43.787  34.288 0.1000000015
35691  -44.253  -44.206  33.428 0.1000000015
110693  -43.856  -45.343  32.301 0.1000000015
122131  -59.978  -27.660  21.423 0.1000000015
37473  -42.906  -42.850  33.811 0.1000000015
36605  -44.047  -43.385  33.537 0.1000000015
35708  -43.752  -44.001  32.427 0.1000000015
34811  -43.191  -47.345  31.328 0.1000000015
114269  -42.578  -47.038  30.637 0.1000000015
50051  -59.756  -28.447  21.413 0.1000000015
50052  -60.400  -27.699  22.215 0.1000000015
36618  -43.492  -43.215  31.925 0.1000000015
49145  -59.821  -29.556  22.640 0.1000000015
33829  -42.850  -47.890  29.741 0.1000000015
47482  -58.297  -30.790  21.600 0.1000000015
48319  -59.053  -30.217  21.981 0.1000000015
49155  -60.111  -28.624  22.391 0.1000000015
50043  -60.780  -27.745  23.271 0.1000000015
33852  -41.982  -47.275  29.229 0.1000000015
47469  -58.763  -30.991  22.370 0.1000000015
48320  -59.489  -30.428  22.872 0.1000000015
49146  -60.506  -28.745  23.480 0.1000000015
122206  -59.186  -31.124  23.048 0.1000000015
50866  -59.898  -27.109  21.030 0.1000000015
50059  -59.464  -28.017  20.737 0.1000000015
35707  -43.260  -45.079  31.425 0.1000000015
49164  -58.953  -28.967  20.625 0.1000000015
124120  -43.263  -44.188  31.404 0.1000000015
48329  -58.521  -30.028  20.989 0.1000000015
49154  -59.429  -29.367  21.591 0.1000000015
51668  -60.394  -26.098  21.579 0.1000000015
50851  -61.087  -26.734  23.032 0.1000000015
36638  -42.973  -43.695  30.927 0.1000000015
35725  -42.626  -44.884  30.664 0.1000000015
122522  -42.751  -45.833  30.831 0.1000000015
34826  -42.033  -47.036  29.906 0.1000000015
47481  -57.556  -31.228  21.371 0.1000000015
50858  -60.553  -26.835  21.950 0.1000000015
50845  -61.619  -27.038  23.747 0.1000000015
37512  -43.204  -42.623  31.375 0.1000000015
111263  -41.194  -46.844  28.703 0.1000000015
34881  -41.058  -46.967  27.361 0.1000000015
43438  -45.854  -36.519  22.018 0.1000000015
111260  -45.310  -37.054  21.616 0.1000000015
34827  -42.156  -46.046  30.239 0.1000000015
49163  -58.047  -29.508  20.212 0.1000000015
52558  -60.025  -25.377  21.322 0.1000000015
51650  -61.261  -25.856  22.460 0.1000000015
51651  -61.773  -26.252  23.115 0.1000000015
36637  -42.224  -44.133  30.196 0.1000000015
47480  -56.742  -31.522  21.174 0.1000000015
47496  -57.119  -30.862  20.803 0.1000000015
52557  -59.117  -25.642  20.676 0.1000000015
52559  -60.922  -25.182  21.884 0.1000000015
114935  -41.450  -46.283  29.530 0.1000000015
47479  -55.879  -31.751  21.030 0.1000000015
53388  -58.234  -23.142  21.624 0.1000000015
53389  -58.925  -23.740  21.439 0.1000000015
53390  -59.541  -24.576  21.288 0.1000000015
50030  -61.110  -27.968  24.172 0.1000000015
111284  -41.926  -43.525  29.836 0.1000000015
128090  -40.804  -46.802  28.050 0.1000000015
45947  -53.310  -33.168  21.718 0.1000000015
38346  -41.203  -42.417  29.171 0.1000000015
34880  -39.581  -45.711  27.181 0.1000000015
35768  -40.266  -46.327  27.692 0.1000000015
45946  -52.618  -33.290  21.695 0.1000000015
35783  -39.057  -45.380  26.415 0.1000000015
120597  -49.520  -34.432  23.686 0.1000000015
45926  -50.844  -33.972  22.108 0.1000000015
45068  -48.782  -34.352  23.784 0.1000000015
45091  -49.300  -34.248  22.997 0.1000000015
44273  -47.421  -34.967  23.775 0.1000000015
45067  -47.968  -34.392  23.741 0.1000000015
45066  -46.844  -34.850  23.173 0.1000000015
44284  -46.197  -35.161  22.631 0.1000000015
114331  -45.781  -35.816  22.181 0.1000000015
42583  -43.920  -37.600  20.939 0.1000000015
126565  -42.016  -38.728  20.446 0.1000000015
41748  -42.743  -38.596  20.629 0.1000000015
42584  -44.694  -37.691  21.330 0.1000000015
40843  -42.221  -39.545  20.859 0.1000000015
41733  -43.178  -39.251  20.987 0.1000000015
118910  -43.972  -38.952  21.168 0.1000000015
128199  -41.448  -40.077  21.018 0.1000000015
51667  -59.562  -26.396  20.771 0.1000000015
50058  -58.731  -28.191  20.153 0.1000000015
50865  -59.142  -27.365  20.338 0.1000000015
50074  -58.206  -28.741  19.969 0.1000000015
50057  -57.564  -29.054  19.804 0.1000000015
48339  -56.685  -30.352  20.278 0.1000000015
35724  -41.813  -45.149  29.906 0.1000000015
47495  -56.257  -31.054  20.634 0.1000000015
124518  -58.602  -24.832  20.817 0.1000000015
119226  -61.465  -25.165  22.212 0.1000000015
128501  -62.203  -27.059  23.880 0.1000000015
35737  -41.071  -45.274  29.313 0.1000000015
34846  -40.800  -46.045  28.991 0.1000000015
53375  -59.807  -23.742  21.476 0.1000000015
52545  -60.470  -24.490  21.597 0.1000000015
52546  -61.174  -24.643  21.825 0.1000000015
50031  -61.945  -27.704  24.184 0.1000000015
36658  -41.489  -44.337  29.573 0.1000000015
34863  -40.480  -46.212  28.386 0.1000000015
46733  -54.564  -32.511  21.360 0.1000000015
47493  -54.065  -31.884  20.818 0.1000000015
53374  -58.953  -23.144  21.544 0.1000000015
124341  -61.104  -29.159  24.716 0.1000000015
50017  -61.361  -28.543  24.486 0.1000000015
37530  -41.251  -43.448  29.260 0.1000000015
35750  -39.907  -45.575  28.051 0.1000000015
46732  -53.711  -32.573  21.328 0.1000000015
46746  -53.319  -32.158  20.957 0.1000000015
111708  -40.626  -43.771  28.701 0.1000000015
36703  -39.017  -45.014  27.029 0.1000000015
45927  -51.936  -33.766  22.012 0.1000000015
121208  -52.078  -33.063  21.393 0.1000000015
38365  -40.445  -42.379  28.445 0.1000000015
35782  -38.574  -45.165  25.733 0.1000000015
36713  -38.099  -44.628  25.720 0.1000000015
45925  -49.836  -33.980  22.229 0.1000000015
45944  -50.273  -33.439  21.521 0.1000000015
45945  -51.236  -33.318  21.470 0.1000000015
36723  -37.416  -44.471  24.449 0.1000000015
45924  -49.047  -33.943  22.367 0.1000000015
36730  -37.212  -44.350  23.602 0.1000000015
45089  -47.250  -34.392  23.232 0.1000000015
110245  -47.549  -34.020  22.971 0.1000000015
45088  -46.580  -34.379  22.817 0.1000000015
43452  -45.231  -36.156  21.697 0.1000000015
42598  -42.284  -37.943  20.292 0.1000000015
43450  -43.479  -36.883  20.671 0.1000000015
43451  -44.440  -36.710  21.188 0.1000000015
40842  -41.276  -39.257  20.478 0.1000000015
51666  -58.730  -26.640  20.064 0.1000000015
129597  -58.211  -28.223  19.828 0.1000000015
50881  -58.302  -27.607  19.775 0.1000000015
49182  -56.738  -28.910  19.558 0.1000000015
115528  -55.815  -29.088  19.438 0.1000000015
49181  -56.269  -29.716  19.805 0.1000000015
48338  -55.709  -30.450  20.102 0.1000000015
47494  -55.395  -31.247  20.533 0.1000000015
51657  -61.779  -25.597  22.509 0.1000000015
50852  -62.291  -26.638  23.509 0.1000000015
119807  -54.654  -31.391  20.496 0.1000000015
53376  -60.588  -24.035  21.553 0.1000000015
52547  -61.696  -24.889  22.032 0.1000000015
50018  -62.130  -28.599  24.483 0.1000000015
36657  -40.829  -44.444  28.960 0.1000000015
35736  -40.480  -45.361  28.681 0.1000000015
53373  -58.251  -22.876  21.530 0.1000000015
54216  -59.734  -23.467  21.360 0.1000000015
54217  -60.577  -23.836  21.423 0.1000000015
49131  -61.489  -29.210  24.707 0.1000000015
37550  -40.198  -43.405  28.301 0.1000000015
46731  -52.856  -32.675  21.292 0.1000000015
114172  -52.673  -32.094  20.794 0.1000000015
37551  -40.733  -43.083  28.765 0.1000000015
46729  -50.685  -32.822  20.963 0.1000000015
37613  -36.626  -43.774  23.555 0.1000000015
126611  -48.522  -33.711  22.137 0.1000000015
45943  -49.211  -33.465  21.630 0.1000000015
37614  -36.946  -43.984  22.839 0.1000000015
112285  -36.411  -43.481  22.909 0.1000000015
126353  -46.968  -33.965  22.857 0.1000000015
45923  -47.809  -33.651  22.294 0.1000000015
37623  -36.742  -43.367  22.113 0.1000000015
45921  -46.435  -33.801  22.477 0.1000000015
44291  -44.598  -35.641  21.363 0.1000000015
44292  -45.338  -35.204  21.968 0.1000000015
41747  -41.500  -38.271  20.110 0.1000000015
110439  -42.606  -37.080  20.248 0.1000000015
40824  -40.643  -40.162  20.887 0.1000000015
129488  -57.708  -27.554  19.525 0.1000000015
115714  -57.828  -26.849  19.538 0.1000000015
50071  -56.002  -28.305  19.207 0.1000000015
50072  -56.741  -28.096  19.340 0.1000000015
113850  -54.090  -28.680  18.912 0.1000000015
115976  -55.086  -28.589  19.069 0.1000000015
49178  -52.834  -29.454  19.210 0.1000000015
48355  -55.020  -30.152  19.772 0.1000000015
52556  -58.030  -24.047  21.132 0.1000000015
48353  -53.370  -30.264  19.617 0.1000000015
48337  -54.848  -30.797  20.090 0.1000000015
51652  -62.234  -26.087  22.860 0.1000000015
47504  -52.906  -30.986  19.906 0.1000000015
53377  -61.223  -24.291  21.618 0.1000000015
53378  -61.786  -24.538  21.566 0.1000000015
51658  -62.191  -25.422  22.181 0.1000000015
50853  -62.868  -26.643  23.044 0.1000000015
50846  -62.788  -27.291  23.814 0.1000000015
36676  -40.120  -44.477  28.310 0.1000000015
54993  -58.296  -22.770  21.426 0.1000000015
55004  -58.342  -22.623  21.147 0.1000000015
54230  -59.455  -23.008  21.260 0.1000000015
54231  -60.243  -23.489  21.167 0.1000000015
54232  -61.020  -23.860  21.154 0.1000000015
123122  -62.688  -28.095  24.183 0.1000000015
37565  -39.568  -43.862  27.780 0.1000000015
36689  -39.443  -44.850  27.639 0.1000000015
129742  -52.226  -32.516  21.034 0.1000000015
46745  -51.918  -32.095  20.637 0.1000000015
55003  -57.823  -22.627  21.198 0.1000000015
111741  -39.718  -42.895  27.852 0.1000000015
37564  -39.068  -43.292  27.318 0.1000000015
36688  -38.951  -44.248  27.190 0.1000000015
36702  -38.528  -44.616  26.437 0.1000000015
46744  -51.080  -32.168  20.544 0.1000000015
38391  -38.612  -42.576  26.818 0.1000000015
37579  -37.885  -43.140  26.166 0.1000000015
37593  -37.404  -43.535  25.493 0.1000000015
36701  -37.897  -44.010  26.048 0.1000000015
46728  -49.748  -32.875  20.962 0.1000000015
38390  -37.906  -42.184  26.159 0.1000000015
38404  -37.324  -42.714  25.600 0.1000000015
37592  -36.845  -43.119  24.961 0.1000000015
45942  -48.215  -33.211  21.573 0.1000000015
46727  -48.789  -32.762  20.984 0.1000000015
39155  -37.793  -41.294  26.162 0.1000000015
39172  -37.074  -41.027  25.667 0.1000000015
127081  -36.795  -42.388  25.132 0.1000000015
38431  -36.044  -42.912  22.576 0.1000000015
38441  -36.213  -42.561  21.786 0.1000000015
45941  -47.301  -33.127  21.745 0.1000000015
38442  -37.036  -42.756  21.303 0.1000000015
116000  -37.738  -40.826  20.558 0.1000000015
45087  -45.783  -34.322  22.308 0.1000000015
39222  -37.166  -41.347  20.628 0.1000000015
39987  -38.930  -39.979  20.521 0.1000000015
41745  -39.834  -38.586  19.857 0.1000000015
112408  -43.789  -35.948  20.833 0.1000000015
45103  -45.115  -34.488  21.869 0.1000000015
39986  -38.609  -40.754  20.644 0.1000000015
40841  -40.285  -39.325  20.316 0.1000000015
41746  -40.978  -37.833  19.786 0.1000000015
43467  -42.923  -36.206  20.389 0.1000000015
44290  -44.013  -34.920  21.049 0.1000000015
124936  -39.370  -40.511  20.758 0.1000000015
39988  -39.781  -40.001  20.647 0.1000000015
51680  -58.234  -25.862  20.031 0.1000000015
129433  -57.219  -26.782  19.329 0.1000000015
50879  -56.271  -27.486  19.090 0.1000000015
119717  -51.633  -28.589  19.145 0.1000000015
117210  -52.333  -28.628  18.973 0.1000000015
116373  -57.543  -23.472  21.361 0.1000000015
49176  -50.956  -29.073  19.259 0.1000000015
49177  -51.921  -29.333  19.196 0.1000000015
50859  -62.562  -26.168  22.115 0.1000000015
48351  -51.457  -30.070  19.436 0.1000000015
48352  -52.419  -30.191  19.514 0.1000000015
53391  -61.607  -24.308  21.047 0.1000000015
53392  -62.031  -24.639  20.981 0.1000000015
48350  -50.481  -29.997  19.432 0.1000000015
47502  -51.014  -30.848  19.695 0.1000000015
47491  -52.382  -31.540  20.296 0.1000000015
110817  -57.996  -22.602  20.465 0.1000000015
55013  -58.695  -22.653  20.706 0.1000000015
54241  -59.904  -23.260  20.533 0.1000000015
47489  -50.590  -31.565  20.047 0.1000000015
47490  -51.505  -31.535  20.153 0.1000000015
46743  -50.185  -32.234  20.489 0.1000000015
37605  -37.062  -43.854  24.779 0.1000000015
47486  -47.432  -31.539  20.540 0.1000000015
46742  -49.302  -32.236  20.513 0.1000000015
114645  -37.242  -41.861  25.613 0.1000000015
38413  -36.279  -42.542  24.395 0.1000000015
37604  -36.564  -43.454  24.233 0.1000000015
46726  -47.696  -32.381  20.955 0.1000000015
39185  -36.470  -41.609  24.996 0.1000000015
45939  -45.793  -33.492  22.084 0.1000000015
46725  -46.642  -32.531  21.462 0.1000000015
39922  -35.734  -40.250  24.766 0.1000000015
39184  -35.806  -41.659  24.174 0.1000000015
40838  -36.805  -39.757  20.359 0.1000000015
41744  -38.898  -38.553  19.746 0.1000000015
111579  -45.157  -33.828  21.866 0.1000000015
40791  -35.396  -39.569  24.197 0.1000000015
40839  -38.434  -39.295  20.035 0.1000000015
41755  -39.356  -37.781  19.623 0.1000000015
43475  -41.098  -36.356  19.676 0.1000000015
121114  -44.724  -34.902  21.561 0.1000000015
45102  -44.553  -34.255  21.531 0.1000000015
42597  -41.633  -37.298  19.873 0.1000000015
45101  -43.832  -33.945  21.183 0.1000000015
51679  -57.239  -26.065  19.517 0.1000000015
51678  -56.213  -25.937  19.262 0.1000000015
52565  -57.662  -25.078  20.296 0.1000000015
51669  -62.454  -25.651  20.978 0.1000000015
50053  -62.751  -27.203  21.885 0.1000000015
48349  -49.542  -30.005  19.493 0.1000000015
54240  -58.559  -22.804  20.003 0.1000000015
53398  -61.331  -24.231  20.359 0.1000000015
48348  -48.712  -29.934  19.631 0.1000000015
47500  -49.037  -30.848  19.700 0.1000000015
128175  -55.972  -22.360  19.705 0.1000000015
110763  -57.999  -23.056  19.444 0.1000000015
54252  -58.813  -23.391  19.327 0.1000000015
48335  -48.204  -30.502  19.836 0.1000000015
126372  -55.438  -22.389  19.349 0.1000000015
124326  -55.850  -22.522  18.951 0.1000000015
113631  -47.750  -31.022  20.161 0.1000000015
115496  -48.840  -31.646  20.158 0.1000000015
38422  -35.800  -42.275  23.681 0.1000000015
39200  -35.480  -41.623  23.344 0.1000000015
38430  -35.674  -42.351  22.979 0.1000000015
39221  -36.432  -41.073  20.715 0.1000000015
46724  -45.839  -32.745  21.737 0.1000000015
47477  -46.615  -31.623  20.897 0.1000000015
39944  -35.427  -40.717  23.879 0.1000000015
39959  -35.159  -40.900  22.836 0.1000000015
118610  -37.039  -38.223  19.902 0.1000000015
42596  -38.288  -37.665  19.652 0.1000000015
43472  -38.888  -36.908  19.602 0.1000000015
108183  -45.118  -33.034  21.767 0.1000000015
113642  -35.080  -39.985  23.217 0.1000000015
40812  -35.147  -39.341  22.587 0.1000000015
42609  -39.803  -37.090  19.590 0.1000000015
44297  -41.744  -35.015  20.139 0.1000000015
45110  -42.397  -34.069  20.596 0.1000000015
115856  -41.540  -35.698  19.869 0.1000000015
44298  -42.476  -34.824  20.433 0.1000000015
45111  -43.177  -34.443  20.750 0.1000000015
52555  -57.135  -24.300  20.681 0.1000000015
115188  -62.355  -25.622  19.861 0.1000000015
50867  -62.529  -26.685  20.795 0.1000000015
49166  -62.608  -28.509  21.530 0.1000000015
54253  -59.762  -23.716  19.415 0.1000000015
53405  -60.582  -24.340  19.037 0.1000000015
53397  -61.017  -24.276  19.650 0.1000000015
48347  -48.006  -29.701  19.894 0.1000000015
109599  -47.483  -30.222  20.116 0.1000000015
47485  -47.010  -30.818  20.434 0.1000000015
38440  -35.753  -42.294  22.296 0.1000000015
113249  -35.101  -40.180  22.234 0.1000000015
120832  -35.301  -41.039  21.896 0.1000000015
39212  -35.738  -41.802  21.723 0.1000000015
124693  -43.511  -32.136  21.447 0.1000000015
115724  -44.237  -31.836  21.520 0.1000000015
117488  -45.946  -32.053  21.383 0.1000000015
40823  -35.279  -39.423  21.651 0.1000000015
40837  -36.112  -39.489  20.485 0.1000000015
124126  -41.624  -33.850  20.474 0.1000000015
109493  -42.100  -33.277  20.735 0.1000000015
45937  -43.652  -33.042  21.340 0.1000000015
41716  -35.521  -38.450  23.537 0.1000000015
42574  -35.693  -37.983  22.788 0.1000000015
41731  -35.589  -38.616  21.121 0.1000000015
42594  -36.556  -37.411  20.541 0.1000000015
42595  -37.405  -37.400  19.941 0.1000000015
43473  -39.398  -36.415  19.624 0.1000000015
44296  -40.887  -35.103  19.814 0.1000000015
45956  -42.994  -33.545  20.907 0.1000000015
52563  -55.747  -25.155  19.633 0.1000000015
53396  -56.218  -24.437  20.337 0.1000000015
52568  -62.060  -25.808  18.297 0.1000000015
51683  -62.264  -26.245  18.384 0.1000000015
50882  -62.288  -27.236  19.563 0.1000000015
119189  -62.259  -25.854  19.048 0.1000000015
51681  -62.415  -26.272  19.560 0.1000000015
50061  -62.312  -27.779  20.579 0.1000000015
53420  -60.724  -24.960  18.150 0.1000000015
53406  -61.310  -24.917  18.703 0.1000000015
50060  -61.983  -28.699  20.394 0.1000000015
53403  -58.165  -23.844  18.466 0.1000000015
53404  -59.226  -24.128  18.614 0.1000000015
49157  -62.549  -29.493  21.742 0.1000000015
55034  -55.136  -22.748  18.291 0.1000000015
54260  -55.885  -23.183  18.126 0.1000000015
54251  -57.294  -23.272  18.761 0.1000000015
48325  -44.102  -30.371  21.496 0.1000000015
47474  -43.659  -31.215  21.522 0.1000000015
43436  -36.606  -36.708  22.726 0.1000000015
43449  -37.067  -36.039  21.267 0.1000000015
125181  -37.630  -35.459  21.061 0.1000000015
45106  -38.683  -34.612  20.828 0.1000000015
45107  -39.486  -34.429  20.425 0.1000000015
117158  -40.821  -33.747  20.425 0.1000000015
108270  -41.918  -31.980  21.312 0.1000000015
42564  -36.172  -37.315  23.238 0.1000000015
43448  -36.546  -36.612  21.830 0.1000000015
43462  -36.603  -36.704  21.069 0.1000000015
44288  -37.713  -35.961  20.446 0.1000000015
44303  -39.581  -35.770  19.720 0.1000000015
45108  -40.365  -34.366  20.163 0.1000000015
52578  -61.994  -26.016  17.223 0.1000000015
51691  -62.184  -26.299  17.489 0.1000000015
50077  -62.058  -27.571  18.649 0.1000000015
53421  -61.372  -25.393  17.847 0.1000000015
50075  -61.801  -28.299  19.377 0.1000000015
53419  -59.795  -24.803  18.008 0.1000000015
53417  -57.203  -23.933  17.975 0.1000000015
48341  -61.423  -30.590  20.732 0.1000000015
49165  -61.945  -29.561  20.794 0.1000000015
54259  -54.529  -23.048  17.556 0.1000000015
54261  -56.642  -23.437  18.269 0.1000000015
49156  -62.166  -30.145  21.465 0.1000000015
124183  -39.956  -34.536  24.378 0.1000000015
45896  -40.127  -33.684  24.449 0.1000000015
46686  -39.929  -33.214  24.110 0.1000000015
48307  -41.773  -30.604  23.537 0.1000000015
43423  -38.069  -35.781  23.685 0.1000000015
44269  -37.679  -35.737  22.902 0.1000000015
46713  -40.306  -32.156  22.328 0.1000000015
47466  -40.885  -31.669  21.978 0.1000000015
47472  -41.637  -31.428  21.714 0.1000000015
48323  -42.184  -30.677  21.974 0.1000000015
43437  -37.034  -36.081  22.293 0.1000000015
44282  -37.523  -35.471  21.858 0.1000000015
44289  -38.055  -34.958  21.364 0.1000000015
45099  -38.604  -34.352  21.746 0.1000000015
45100  -39.178  -33.950  21.061 0.1000000015
45953  -40.584  -33.191  20.742 0.1000000015
46722  -41.202  -32.057  21.413 0.1000000015
115360  -62.233  -26.396  16.665 0.1000000015
52585  -61.031  -25.701  16.749 0.1000000015
50078  -62.262  -27.409  17.668 0.1000000015
52584  -60.118  -25.689  16.673 0.1000000015
52577  -61.130  -25.455  17.440 0.1000000015
118776  -61.897  -28.373  18.185 0.1000000015
49188  -61.459  -29.260  18.708 0.1000000015
123945  -58.626  -25.185  17.223 0.1000000015
52576  -60.427  -25.333  17.404 0.1000000015
49183  -61.451  -29.299  19.740 0.1000000015
53425  -56.444  -24.742  16.833 0.1000000015
53426  -57.191  -25.100  16.806 0.1000000015
116524  -61.243  -30.031  20.053 0.1000000015
55038  -53.124  -23.058  16.975 0.1000000015
54264  -53.948  -23.363  16.960 0.1000000015
53415  -55.505  -23.816  17.311 0.1000000015
53416  -56.348  -24.005  17.557 0.1000000015
108295  -51.258  -22.713  17.567 0.1000000015
55033  -52.607  -22.742  17.419 0.1000000015
54258  -53.860  -22.910  17.415 0.1000000015
45065  -38.878  -34.547  23.285 0.1000000015
45895  -39.701  -33.756  23.991 0.1000000015
46698  -39.785  -32.990  23.654 0.1000000015
44270  -38.407  -35.245  23.278 0.1000000015
45906  -39.282  -33.669  23.246 0.1000000015
46712  -39.727  -32.766  22.765 0.1000000015
47455  -40.749  -31.545  22.772 0.1000000015
44283  -38.087  -35.004  22.296 0.1000000015
45064  -38.542  -34.596  22.626 0.1000000015
129310  -39.098  -33.746  21.761 0.1000000015
50899  -62.515  -26.865  16.360 0.1000000015
129457  -62.646  -27.501  16.141 0.1000000015
120402  -62.035  -26.287  15.705 0.1000000015
52595  -60.697  -25.978  16.003 0.1000000015
51693  -62.020  -26.147  16.365 0.1000000015
113370  -62.526  -27.547  16.750 0.1000000015
124556  -58.266  -26.028  15.943 0.1000000015
52594  -59.843  -25.989  16.048 0.1000000015
52591  -55.964  -25.543  15.546 0.1000000015
52582  -57.379  -25.739  16.080 0.1000000015
52583  -59.050  -25.749  16.539 0.1000000015
53430  -53.355  -24.650  15.993 0.1000000015
52580  -55.814  -25.031  16.319 0.1000000015
48356  -60.974  -30.798  19.679 0.1000000015
110938  -61.147  -30.102  19.154 0.1000000015
55036  -50.507  -22.603  16.420 0.1000000015
54263  -52.363  -23.509  16.446 0.1000000015
53423  -54.087  -24.184  16.514 0.1000000015
108556  -55.045  -24.498  16.552 0.1000000015
47497  -60.891  -31.349  20.183 0.1000000015
55031  -50.555  -22.464  17.122 0.1000000015
107015  -52.167  -22.963  16.862 0.1000000015
47498  -61.150  -31.535  20.998 0.1000000015
50094  -62.782  -27.955  15.616 0.1000000015
50901  -62.628  -27.085  15.719 0.1000000015
108750  -62.319  -26.515  15.874 0.1000000015
51700  -59.298  -26.351  14.828 0.1000000015
51696  -61.056  -26.251  15.227 0.1000000015
50083  -62.450  -28.616  17.137 0.1000000015
52600  -57.154  -25.988  14.492 0.1000000015
51695  -60.094  -26.256  15.386 0.1000000015
49192  -62.045  -29.446  17.774 0.1000000015
115748  -55.291  -25.641  14.838 0.1000000015
52601  -57.699  -26.097  15.261 0.1000000015
48363  -61.684  -30.323  18.255 0.1000000015
55041  -50.214  -22.895  15.524 0.1000000015
54267  -50.928  -23.612  15.506 0.1000000015
52587  -52.661  -24.884  15.409 0.1000000015
52588  -53.555  -25.275  15.260 0.1000000015
52590  -55.124  -25.251  15.791 0.1000000015
54268  -51.699  -23.917  15.800 0.1000000015
53429  -52.528  -24.251  15.966 0.1000000015
46747  -60.817  -32.230  20.049 0.1000000015
117054  -61.327  -31.136  18.709 0.1000000015
46748  -60.942  -32.708  21.061 0.1000000015
47483  -61.492  -31.738  21.829 0.1000000015
45957  -61.116  -33.999  20.341 0.1000000015
126894  -61.438  -32.629  22.432 0.1000000015
50902  -62.802  -27.560  14.956 0.1000000015
51698  -62.205  -26.582  15.050 0.1000000015
121367  -62.518  -26.840  15.258 0.1000000015
51702  -61.285  -26.465  14.255 0.1000000015
51703  -61.904  -26.531  14.452 0.1000000015
116024  -62.726  -28.491  16.208 0.1000000015
52618  -54.700  -25.290  12.457 0.1000000015
52620  -56.277  -25.541  12.721 0.1000000015
52610  -58.560  -26.066  13.320 0.1000000015
51710  -59.404  -26.300  13.908 0.1000000015
49193  -62.581  -29.771  17.046 0.1000000015
53441  -52.257  -24.684  12.628 0.1000000015
52606  -54.507  -25.463  13.382 0.1000000015
52608  -56.553  -25.773  13.715 0.1000000015
48368  -62.455  -30.592  17.362 0.1000000015
55047  -50.304  -22.418  13.489 0.1000000015
54274  -50.937  -23.959  13.465 0.1000000015
53437  -52.178  -24.927  13.501 0.1000000015
52598  -54.281  -25.531  14.428 0.1000000015
52599  -56.248  -25.801  14.687 0.1000000015
114441  -49.224  -20.950  15.154 0.1000000015
55044  -49.846  -22.563  14.436 0.1000000015
54271  -50.812  -24.022  14.233 0.1000000015
52597  -52.740  -25.212  14.739 0.1000000015
55904  -49.274  -21.507  16.322 0.1000000015
55906  -49.328  -21.497  15.522 0.1000000015
47511  -61.813  -32.291  18.413 0.1000000015
47505  -61.017  -31.774  19.282 0.1000000015
46750  -60.981  -33.200  19.861 0.1000000015
50903  -62.607  -26.987  14.540 0.1000000015
50092  -62.926  -28.835  15.565 0.1000000015
54282  -52.031  -23.633  11.547 0.1000000015
53458  -53.114  -24.525  11.373 0.1000000015
52619  -55.549  -25.323  12.102 0.1000000015
52622  -58.788  -25.865  12.464 0.1000000015
51712  -61.211  -26.433  13.132 0.1000000015
51713  -61.806  -26.558  13.584 0.1000000015
50904  -62.909  -27.611  14.068 0.1000000015
49208  -62.967  -29.591  15.797 0.1000000015
55051  -51.226  -23.004  12.413 0.1000000015
53456  -51.740  -24.125  12.236 0.1000000015
52642  -57.401  -25.434  11.324 0.1000000015
52643  -59.051  -25.681  11.580 0.1000000015
51723  -60.473  -26.226  12.635 0.1000000015
113486  -61.780  -26.503  12.687 0.1000000015
129590  -62.695  -27.157  13.776 0.1000000015
49207  -62.804  -29.610  16.431 0.1000000015
56749  -50.000  -20.354  13.954 0.1000000015
55910  -50.509  -21.643  13.215 0.1000000015
52655  -57.699  -25.329  10.453 0.1000000015
110318  -58.368  -25.478  11.006 0.1000000015
52624  -60.564  -26.036  11.862 0.1000000015
116351  -63.010  -29.021  14.054 0.1000000015
56745  -49.193  -20.265  15.165 0.1000000015
52671  -57.940  -25.134  9.580 0.1000000015
110575  -59.539  -25.517  10.561 0.1000000015
52646  -61.914  -26.145  10.384 0.1000000015
47521  -62.335  -31.648  17.761 0.1000000015
47512  -62.632  -32.775  17.653 0.1000000015
45959  -61.677  -34.066  19.014 0.1000000015
50095  -63.016  -28.561  15.038 0.1000000015
55915  -52.159  -21.450  11.882 0.1000000015
53480  -53.135  -23.995  10.642 0.1000000015
53459  -54.038  -24.572  10.856 0.1000000015
57553  -50.822  -19.928  13.603 0.1000000015
55914  -51.542  -21.757  12.287 0.1000000015
55063  -52.857  -22.652  10.035 0.1000000015
53460  -55.048  -24.753  10.646 0.1000000015
123265  -63.037  -28.368  14.362 0.1000000015
48369  -62.901  -30.645  16.599 0.1000000015
58328  -50.416  -18.276  15.504 0.1000000015
55911  -51.097  -21.285  12.792 0.1000000015
53501  -55.693  -24.229  9.361 0.1000000015
53483  -56.415  -24.829  9.836 0.1000000015
50912  -62.868  -27.603  13.223 0.1000000015
129555  -63.105  -29.099  14.620 0.1000000015
57539  -49.882  -19.028  14.934 0.1000000015
49233  -62.980  -29.737  14.652 0.1000000015
119746  -62.970  -31.620  16.866 0.1000000015
46760  -62.319  -33.471  18.006 0.1000000015
56762  -53.300  -20.434  12.005 0.1000000015
125151  -53.459  -20.606  11.320 0.1000000015
121484  -53.708  -19.018  13.583 0.1000000015
55924  -52.981  -21.242  10.728 0.1000000015
48390  -63.102  -30.519  15.999 0.1000000015
113601  -52.189  -19.184  13.542 0.1000000015
124240  -52.165  -20.399  12.604 0.1000000015
55078  -53.427  -22.220  9.423 0.1000000015
58329  -51.092  -18.011  15.063 0.1000000015
57544  -51.291  -19.049  13.950 0.1000000015
55079  -54.028  -22.508  8.937 0.1000000015
48391  -63.079  -30.323  15.523 0.1000000015
48407  -63.044  -30.460  15.183 0.1000000015
120315  -63.147  -31.444  16.163 0.1000000015
48406  -62.888  -31.117  15.407 0.1000000015
47543  -63.109  -31.054  15.641 0.1000000015
47542  -63.091  -32.394  16.351 0.1000000015
47557  -62.964  -31.900  15.753 0.1000000015
46789  -62.843  -32.843  16.048 0.1000000015
46774  -62.882  -33.193  16.562 0.1000000015
45992  -62.540  -33.433  16.396 0.1000000015
46761  -62.766  -33.350  17.166 0.1000000015
57556  -55.055  -19.434  13.194 0.1000000015
57572  -54.716  -19.800  12.600 0.1000000015
59140  -54.649  -17.298  15.244 0.1000000015
58360  -54.480  -18.982  13.626 0.1000000015
59154  -53.369  -17.846  14.699 0.1000000015
56779  -54.866  -20.047  11.357 0.1000000015
127413  -53.506  -20.738  10.769 0.1000000015
58340  -52.514  -18.069  14.560 0.1000000015
56807  -54.127  -20.892  9.264 0.1000000015
56806  -53.547  -21.492  9.475 0.1000000015
60898  -59.425  -15.550  17.037 0.1000000015
60011  -59.174  -16.108  16.583 0.1000000015
60021  -57.876  -16.951  15.760 0.1000000015
59142  -56.450  -17.305  15.249 0.1000000015
58344  -56.780  -18.398  14.211 0.1000000015
59143  -57.836  -17.626  15.088 0.1000000015
60017  -54.166  -16.781  15.844 0.1000000015
112194  -55.720  -19.869  11.327 0.1000000015
57573  -55.641  -19.687  12.660 0.1000000015
56765  -56.210  -19.860  12.069 0.1000000015
56808  -55.335  -20.015  8.889 0.1000000015
60012  -59.880  -15.961  16.764 0.1000000015
59158  -57.034  -17.765  14.783 0.1000000015
110798  -58.538  -17.443  15.434 0.1000000015
58363  -57.382  -18.928  13.754 0.1000000015
58331  -58.644  -17.991  14.876 0.1000000015
56780  -56.890  -19.827  11.289 0.1000000015
56766  -57.208  -19.917  12.140 0.1000000015
56809  -55.604  -19.791  9.555 0.1000000015
56818  -55.813  -20.151  8.063 0.1000000015
56819  -56.837  -19.892  7.045 0.1000000015
57618  -56.922  -19.440  8.008 0.1000000015
106915  -57.567  -19.328  6.891 0.1000000015
56833  -56.981  -20.515  5.682 0.1000000015
56838  -56.701  -20.724  5.264 0.1000000015
55984  -55.982  -21.206  5.001 0.1000000015
60002  -60.591  -15.877  16.855 0.1000000015
59132  -59.941  -17.186  15.962 0.1000000015
58346  -58.888  -18.655  14.367 0.1000000015
116248  -60.334  -16.593  16.403 0.1000000015
57559  -57.909  -19.450  13.275 0.1000000015
120675  -59.371  -18.367  14.803 0.1000000015
108147  -56.138  -19.741  10.415 0.1000000015
112638  -58.280  -20.088  12.197 0.1000000015
57560  -58.923  -19.603  13.299 0.1000000015
115401  -57.063  -19.671  10.327 0.1000000015
128442  -58.848  -20.084  12.453 0.1000000015
57609  -56.697  -19.623  9.347 0.1000000015
56793  -58.094  -19.880  10.682 0.1000000015
56782  -58.987  -20.220  11.362 0.1000000015
113963  -58.164  -19.405  8.592 0.1000000015
56794  -59.253  -19.967  10.481 0.1000000015
57610  -59.631  -19.292  8.750 0.1000000015
57619  -58.247  -19.007  7.332 0.1000000015
57620  -59.307  -18.817  7.770 0.1000000015
57621  -60.024  -18.738  8.105 0.1000000015
57640  -57.633  -18.872  5.979 0.1000000015
57632  -59.045  -18.267  7.087 0.1000000015
58419  -59.811  -18.184  7.502 0.1000000015
56836  -54.931  -20.799  5.337 0.1000000015
119620  -56.872  -19.120  5.549 0.1000000015
59247  -58.685  -17.831  6.712 0.1000000015
59238  -59.531  -17.856  7.259 0.1000000015
60893  -61.186  -15.174  17.312 0.1000000015
59145  -60.465  -17.912  15.478 0.1000000015
57561  -60.029  -19.806  13.284 0.1000000015
56768  -60.086  -20.219  12.170 0.1000000015
57597  -59.966  -19.595  9.845 0.1000000015
57611  -60.221  -19.202  8.964 0.1000000015
58392  -60.371  -18.802  9.134 0.1000000015
59218  -60.104  -18.056  8.706 0.1000000015
40801  -35.236  -39.136  23.439 0.1000000015
39923  -36.793  -40.274  25.775 0.1000000015
39171  -36.363  -40.706  25.220 0.1000000015
120362  -37.118  -36.319  23.080 0.1000000015
37474  -43.731  -43.076  33.869 0.1000000015
45047  -39.421  -34.754  24.004 0.1000000015
54992  -57.742  -22.800  21.462 0.1000000015
55040  -49.727  -22.135  15.932 0.1000000015
59136  -51.192  -17.658  15.702 0.1000000015
55011  -56.415  -22.430  20.410 0.1000000015
119560  -53.367  -22.727  17.680 0.1000000015
57538  -49.387  -19.545  15.223 0.1000000015
59137  -51.953  -17.189  15.951 0.1000000015
48334  -46.743  -29.935  20.439 0.1000000015
48327  -46.142  -30.554  20.720 0.1000000015
49173  -48.487  -29.311  19.806 0.1000000015
46699  -40.231  -32.241  23.269 0.1000000015
48317  -41.811  -30.523  22.766 0.1000000015
49149  -42.843  -30.021  22.025 0.1000000015
50877  -54.231  -27.606  18.751 0.1000000015
50070  -51.901  -27.910  19.071 0.1000000015
47456  -41.245  -30.998  23.166 0.1000000015
58330  -51.807  -17.678  15.161 0.1000000015
59139  -53.757  -17.321  15.278 0.1000000015
60019  -55.995  -16.746  15.737 0.1000000015
60897  -58.737  -15.528  16.947 0.1000000015
32839  -44.974  -49.032  34.690 0.1000000015
36576  -44.308  -44.050  34.799 0.1000000015
48328  -57.846  -30.666  21.007 0.1000000015
48340  -57.590  -30.224  20.490 0.1000000015
46735  -56.391  -32.237  21.586 0.1000000015
45928  -52.897  -33.743  22.147 0.1000000015
45092  -50.286  -34.423  23.045 0.1000000015
45090  -48.387  -34.060  22.952 0.1000000015
42599  -43.113  -37.741  20.576 0.1000000015
125621  -44.186  -38.237  21.134 0.1000000015
41734  -43.540  -38.385  20.863 0.1000000015
49162  -57.169  -29.671  19.955 0.1000000015
47478  -55.008  -31.885  20.936 0.1000000015
46734  -55.479  -32.446  21.461 0.1000000015
45949  -54.998  -33.137  21.902 0.1000000015
48336  -53.927  -31.073  20.112 0.1000000015
54215  -58.841  -22.920  21.476 0.1000000015
47492  -53.227  -31.618  20.490 0.1000000015
36712  -37.593  -44.286  25.283 0.1000000015
36722  -36.872  -44.061  24.147 0.1000000015
50073  -57.578  -28.234  19.600 0.1000000015
49180  -54.728  -29.462  19.374 0.1000000015
114510  -55.478  -29.698  19.641 0.1000000015
52548  -62.178  -24.896  21.505 0.1000000015
54994  -58.783  -22.730  21.272 0.1000000015
46730  -51.545  -32.674  21.005 0.1000000015
38423  -36.105  -43.028  23.492 0.1000000015
45922  -47.068  -33.629  22.420 0.1000000015
119410  -40.709  -38.536  19.987 0.1000000015
50880  -57.141  -27.414  19.326 0.1000000015
122302  -53.192  -28.710  18.892 0.1000000015
49179  -53.761  -29.494  19.258 0.1000000015
48354  -54.289  -30.233  19.703 0.1000000015
123359  -59.232  -22.795  20.843 0.1000000015
37580  -38.461  -43.655  26.690 0.1000000015
128376  -48.549  -32.174  20.572 0.1000000015
39213  -36.471  -41.882  21.053 0.1000000015
45940  -46.498  -33.239  21.988 0.1000000015
108019  -37.871  -40.046  20.404 0.1000000015
39985  -36.986  -40.567  20.505 0.1000000015
40840  -39.378  -39.319  20.162 0.1000000015
125832  -38.722  -41.456  20.760 0.1000000015
44299  -43.151  -35.325  20.571 0.1000000015
115465  -56.642  -26.735  19.169 0.1000000015
47503  -51.962  -30.894  19.799 0.1000000015
52560  -62.261  -25.088  20.472 0.1000000015
50044  -63.090  -27.755  22.840 0.1000000015
47501  -50.050  -30.833  19.657 0.1000000015
54242  -60.687  -23.768  20.530 0.1000000015
47488  -49.667  -31.592  20.032 0.1000000015
46741  -48.105  -31.690  20.372 0.1000000015
39931  -35.924  -40.996  24.610 0.1000000015
120488  -37.434  -39.167  19.992 0.1000000015
122970  -37.963  -38.483  19.737 0.1000000015
41756  -40.246  -37.841  19.699 0.1000000015
128589  -41.000  -35.728  19.700 0.1000000015
42610  -40.675  -37.151  19.641 0.1000000015
43466  -42.053  -36.379  19.978 0.1000000015
45938  -44.460  -33.445  21.567 0.1000000015
120113  -42.333  -35.584  20.222 0.1000000015
54254  -60.428  -23.832  19.826 0.1000000015
53399  -61.888  -24.739  20.095 0.1000000015
47487  -48.376  -31.179  19.979 0.1000000015
39205  -35.446  -41.693  22.489 0.1000000015
39984  -36.056  -40.283  20.653 0.1000000015
39970  -35.793  -41.107  21.135 0.1000000015
116079  -45.092  -32.091  21.557 0.1000000015
127580  -37.665  -37.929  19.741 0.1000000015
110733  -36.525  -38.986  20.197 0.1000000015
43465  -38.639  -35.983  19.882 0.1000000015
46723  -44.351  -32.605  21.560 0.1000000015
126540  -35.346  -38.692  22.888 0.1000000015
44304  -40.437  -35.731  19.666 0.1000000015
43474  -40.170  -36.424  19.599 0.1000000015
122316  -41.909  -34.443  20.370 0.1000000015
45109  -41.233  -34.407  20.181 0.1000000015
52566  -62.113  -25.393  19.420 0.1000000015
112141  -60.038  -24.386  18.632 0.1000000015
124988  -61.518  -24.665  19.523 0.1000000015
47475  -44.615  -31.135  21.376 0.1000000015
47476  -45.571  -31.274  21.147 0.1000000015
39983  -35.416  -40.279  21.331 0.1000000015
47473  -42.622  -31.488  21.512 0.1000000015
41724  -35.372  -38.630  22.099 0.1000000015
41742  -35.892  -38.964  20.546 0.1000000015
40836  -35.618  -39.502  20.868 0.1000000015
41743  -36.176  -38.301  20.489 0.1000000015
43464  -37.960  -36.714  19.887 0.1000000015
45954  -41.257  -33.181  20.668 0.1000000015
45955  -42.633  -32.562  21.153 0.1000000015
42581  -35.725  -37.874  21.754 0.1000000015
41732  -35.923  -37.825  20.999 0.1000000015
42582  -36.167  -37.214  21.401 0.1000000015
43463  -37.158  -36.655  20.471 0.1000000015
109353  -39.939  -35.042  19.841 0.1000000015
52567  -61.719  -25.570  17.964 0.1000000015
125330  -62.254  -26.653  17.759 0.1000000015
53407  -61.793  -25.203  18.964 0.1000000015
48324  -43.126  -30.543  21.693 0.1000000015
42575  -36.101  -37.233  22.292 0.1000000015
44295  -38.239  -35.304  20.590 0.1000000015
112029  -39.061  -35.165  20.168 0.1000000015
45952  -39.971  -33.636  20.670 0.1000000015
46739  -40.846  -32.629  21.015 0.1000000015
46740  -41.632  -32.561  20.988 0.1000000015
52586  -61.631  -25.806  17.052 0.1000000015
117661  -58.843  -24.646  17.861 0.1000000015
52575  -59.475  -25.261  17.315 0.1000000015
53418  -57.846  -24.665  17.492 0.1000000015
124774  -56.995  -24.493  17.350 0.1000000015
112332  -55.169  -23.253  17.655 0.1000000015
47467  -41.389  -31.112  22.391 0.1000000015
45935  -39.887  -32.721  21.850 0.1000000015
45936  -40.205  -32.929  21.153 0.1000000015
46721  -40.535  -32.329  21.594 0.1000000015
123393  -39.580  -33.326  21.384 0.1000000015
50893  -62.396  -26.790  17.066 0.1000000015
51697  -61.587  -26.047  16.021 0.1000000015
53427  -58.021  -25.462  16.702 0.1000000015
53424  -55.830  -24.422  16.888 0.1000000015
53422  -53.235  -23.812  16.489 0.1000000015
122502  -51.927  -22.736  17.306 0.1000000015
45086  -38.904  -33.980  22.498 0.1000000015
45920  -39.360  -33.313  22.242 0.1000000015
128766  -58.518  -26.250  15.211 0.1000000015
52593  -59.166  -26.194  15.672 0.1000000015
52592  -56.801  -25.832  15.388 0.1000000015
52581  -56.575  -25.387  16.180 0.1000000015
53431  -54.243  -24.993  15.975 0.1000000015
55037  -51.313  -23.193  16.290 0.1000000015
55032  -51.357  -22.703  16.877 0.1000000015
51701  -60.308  -26.394  14.518 0.1000000015
108066  -61.761  -26.367  15.161 0.1000000015
113957  -58.297  -26.193  14.351 0.1000000015
52609  -57.546  -25.932  13.576 0.1000000015
52589  -54.482  -25.404  15.304 0.1000000015
54270  -50.454  -23.531  14.765 0.1000000015
55043  -49.592  -22.174  15.203 0.1000000015
123896  -51.997  -24.487  15.415 0.1000000015
53433  -51.238  -24.275  14.993 0.1000000015
51711  -60.406  -26.373  13.563 0.1000000015
52617  -53.788  -25.247  12.799 0.1000000015
52639  -54.837  -25.066  11.521 0.1000000015
53442  -53.009  -24.903  12.229 0.1000000015
53443  -53.923  -24.968  11.864 0.1000000015
108843  -57.057  -25.746  12.973 0.1000000015
52607  -55.363  -25.481  13.002 0.1000000015
108940  -57.836  -25.785  12.728 0.1000000015
52611  -59.546  -26.165  13.001 0.1000000015
53438  -52.933  -25.136  13.124 0.1000000015
53440  -51.559  -24.408  13.052 0.1000000015
54278  -51.227  -23.741  12.684 0.1000000015
54281  -51.546  -23.518  12.118 0.1000000015
52605  -53.624  -25.394  13.690 0.1000000015
108761  -55.822  -25.716  14.117 0.1000000015
128238  -55.845  -25.615  13.482 0.1000000015
115681  -49.880  -21.462  13.880 0.1000000015
54277  -50.769  -23.143  13.075 0.1000000015
53436  -51.479  -24.609  14.054 0.1000000015
52604  -52.826  -25.258  13.965 0.1000000015
120666  -52.205  -25.059  14.245 0.1000000015
55908  -49.465  -21.592  14.763 0.1000000015
56748  -49.484  -20.756  14.556 0.1000000015
53434  -52.002  -24.853  14.844 0.1000000015
126268  -61.332  -32.868  19.043 0.1000000015
51704  -62.282  -26.791  13.943 0.1000000015
49219  -63.107  -29.571  15.166 0.1000000015
126545  -51.440  -22.428  12.200 0.1000000015
53457  -52.374  -24.372  11.803 0.1000000015
55922  -51.853  -22.220  11.734 0.1000000015
53479  -52.571  -24.010  11.161 0.1000000015
54293  -52.548  -23.336  10.719 0.1000000015
52621  -57.161  -25.566  12.206 0.1000000015
52641  -56.391  -25.340  11.585 0.1000000015
52623  -59.733  -25.946  12.164 0.1000000015
109812  -58.072  -25.610  11.896 0.1000000015
119877  -62.225  -26.731  12.846 0.1000000015
55050  -50.933  -22.230  12.735 0.1000000015
52640  -55.573  -25.144  11.309 0.1000000015
52653  -55.963  -25.036  10.694 0.1000000015
52654  -56.821  -25.239  10.661 0.1000000015
51724  -61.338  -26.296  12.036 0.1000000015
57543  -50.332  -19.448  14.246 0.1000000015
57542  -49.607  -19.870  14.615 0.1000000015
56752  -50.569  -20.829  13.358 0.1000000015
52656  -58.644  -25.348  10.041 0.1000000015
52670  -57.197  -25.131  9.969 0.1000000015
52644  -60.097  -25.790  11.323 0.1000000015
52645  -61.178  -25.946  11.054 0.1000000015
51733  -61.862  -26.252  11.142 0.1000000015
50102  -62.962  -28.277  13.584 0.1000000015
123716  -59.695  -25.288  9.451 0.1000000015
53502  -57.273  -24.753  9.259 0.1000000015
52657  -60.588  -25.662  10.568 0.1000000015
56761  -52.519  -20.746  12.154 0.1000000015
55055  -52.079  -22.825  11.206 0.1000000015
55923  -52.383  -21.908  11.149 0.1000000015
54294  -53.098  -23.392  10.132 0.1000000015
53481  -53.880  -23.874  10.043 0.1000000015
128390  -54.457  -24.366  10.327 0.1000000015
55062  -52.465  -22.603  10.666 0.1000000015
56753  -51.444  -20.391  12.993 0.1000000015
116923  -51.577  -19.653  13.393 0.1000000015
56760  -51.814  -20.992  12.436 0.1000000015
54314  -53.505  -23.029  9.558 0.1000000015
55936  -53.020  -21.734  9.926 0.1000000015
53482  -55.579  -24.648  10.074 0.1000000015
58338  -50.711  -18.620  14.660 0.1000000015
53500  -54.843  -24.179  9.811 0.1000000015
54315  -54.323  -23.373  9.277 0.1000000015
109318  -55.066  -23.684  9.060 0.1000000015
53512  -56.611  -24.225  8.821 0.1000000015
47522  -63.004  -32.604  17.066 0.1000000015
57555  -54.175  -19.506  13.155 0.1000000015
57571  -53.779  -19.954  12.576 0.1000000015
56763  -54.247  -20.181  11.879 0.1000000015
58359  -52.932  -18.692  13.886 0.1000000015
57554  -53.124  -19.478  13.178 0.1000000015
58341  -53.810  -18.437  14.127 0.1000000015
57570  -52.851  -20.119  12.549 0.1000000015
56777  -52.761  -21.023  11.523 0.1000000015
56754  -52.209  -19.836  13.002 0.1000000015
130017  -53.152  -18.261  14.329 0.1000000015
58358  -52.083  -18.609  14.058 0.1000000015
58339  -51.562  -18.298  14.556 0.1000000015
54329  -55.794  -23.549  8.538 0.1000000015
58361  -55.224  -18.960  13.649 0.1000000015
59155  -54.251  -17.836  14.657 0.1000000015
59141  -55.548  -17.298  15.220 0.1000000015
59156  -55.181  -17.850  14.629 0.1000000015
58342  -54.791  -18.450  14.125 0.1000000015
56764  -55.241  -19.926  12.022 0.1000000015
56792  -55.036  -19.948  10.459 0.1000000015
56791  -54.293  -20.404  10.047 0.1000000015
56778  -54.131  -20.383  10.883 0.1000000015
55089  -53.928  -21.727  8.909 0.1000000015
55952  -54.487  -21.263  8.608 0.1000000015
107396  -54.803  -20.175  9.448 0.1000000015
124192  -53.564  -20.912  10.114 0.1000000015
59144  -58.989  -16.883  15.980 0.1000000015
126463  -59.660  -16.553  16.351 0.1000000015
116420  -57.206  -17.309  15.334 0.1000000015
59157  -56.127  -17.823  14.652 0.1000000015
57557  -55.976  -19.279  13.311 0.1000000015
58343  -55.789  -18.545  14.039 0.1000000015
58362  -56.568  -18.920  13.688 0.1000000015
57574  -56.578  -19.670  12.696 0.1000000015
56817  -54.867  -20.570  8.650 0.1000000015
58345  -57.828  -18.338  14.404 0.1000000015
57558  -56.968  -19.385  13.247 0.1000000015
113408  -59.428  -17.757  15.382 0.1000000015
57575  -57.537  -19.739  12.721 0.1000000015
57608  -55.979  -19.751  8.798 0.1000000015
55961  -55.242  -21.128  7.938 0.1000000015
56825  -56.329  -20.703  7.117 0.1000000015
56826  -57.047  -20.413  6.272 0.1000000015
57630  -57.431  -19.595  6.107 0.1000000015
57631  -58.131  -18.626  6.524 0.1000000015
57639  -57.121  -19.632  5.599 0.1000000015
128717  -56.624  -19.907  5.385 0.1000000015
56837  -55.987  -20.353  5.224 0.1000000015
55983  -55.056  -21.650  5.163 0.1000000015
58364  -58.365  -19.035  13.815 0.1000000015
57545  -59.406  -19.279  13.873 0.1000000015
126170  -58.467  -19.837  12.774 0.1000000015
114314  -59.830  -18.910  14.408 0.1000000015
56781  -57.880  -20.037  11.590 0.1000000015
57576  -59.469  -20.043  12.681 0.1000000015
57595  -57.711  -19.646  9.733 0.1000000015
56767  -59.280  -20.257  12.099 0.1000000015
56795  -60.020  -20.056  10.803 0.1000000015
57596  -58.844  -19.647  9.670 0.1000000015
57633  -59.665  -18.279  7.436 0.1000000015
58411  -60.075  -18.476  8.202 0.1000000015
57622  -60.287  -18.963  8.730 0.1000000015
57645  -57.447  -18.632  5.848 0.1000000015
58427  -58.081  -18.128  6.258 0.1000000015
125926  -58.761  -18.028  6.726 0.1000000015
58418  -59.353  -17.960  7.068 0.1000000015
58426  -57.708  -18.076  6.066 0.1000000015
59246  -58.064  -17.759  6.325 0.1000000015
59237  -58.454  -17.528  6.714 0.1000000015
57577  -60.569  -20.053  12.559 0.1000000015
124304  -60.361  -19.690  10.554 0.1000000015
57612  -60.366  -19.305  9.751 0.1000000015
24079  -28.567  -58.262  47.025 0.1000000015
24974  -26.631  -57.859  47.111 0.1000000015
24984  -24.973  -57.497  46.563 0.1000000015
26747  -27.297  -55.875  46.339 0.1000000015
26790  -29.068  -54.656  43.109 0.1000000015
27784  -31.887  -54.126  36.583 0.1000000015
27790  -29.143  -55.087  35.227 0.1000000015
28535  -28.990  -53.875  43.490 0.1000000015
28636  -29.206  -54.077  34.109 0.2000000030
29532  -26.896  -52.498  33.479 0.2000000030
29534  -28.450  -53.181  32.857 0.2000000030
29543  -28.843  -52.580  32.418 0.2000000030
31228  -26.525  -50.645  32.146 0.2000000030
31231  -31.067  -50.323  32.775 0.2000000030
31244  -27.429  -50.777  31.127 0.2000000030
31270  -28.441  -50.342  30.614 0.2000000030
32035  -26.007  -49.310  33.781 0.1000000015
32053  -30.438  -49.657  31.251 0.2000000030
32090  -27.956  -49.080  29.857 0.2000000030
32723  -35.263  -47.465  43.861 0.8000000119
32735  -33.983  -47.766  42.959 0.8000000119
32743  -34.120  -47.542  42.250 0.8000000119
32847  -33.821  -48.707  33.353 0.2000000030
32864  -30.857  -49.011  30.903 0.2000000030
32877  -29.706  -48.864  30.058 0.2000000030
33555  -28.911  -47.311  51.262 0.1000000015
33679  -33.782  -47.726  43.176 0.8000000119
33681  -35.727  -46.929  44.275 0.8000000119
33699  -33.106  -47.185  41.537 0.8000000119
33702  -34.926  -46.940  42.187 0.8000000119
33715  -31.707  -46.816  39.244 0.8000000119
33775  -25.596  -47.122  34.375 0.3000000119
33817  -32.639  -47.561  31.332 0.1000000015
33824  -26.722  -48.224  31.032 0.1000000015
34619  -36.281  -45.918  45.505 0.8000000119
34644  -28.964  -45.902  43.998 0.8000000119
34645  -32.585  -46.645  43.345 0.8000000119
34668  -32.688  -47.084  41.626 0.8000000119
34687  -33.462  -46.296  40.074 0.8999999762
34700  -32.468  -46.420  37.799 0.8999999762
34721  -25.329  -46.455  35.603 0.3000000119
34785  -34.696  -46.577  32.408 0.1000000015
34861  -29.486  -46.692  28.654 0.4000000060
34862  -30.087  -45.975  28.549 0.3000000119
35548  -30.162  -45.507  44.459 0.8000000119
35572  -28.434  -45.123  42.182 0.8000000119
35577  -35.634  -46.038  43.096 0.8000000119
35613  -25.431  -45.109  38.377 0.4000000060
35621  -27.713  -44.705  36.939 0.6999999881
35625  -33.086  -45.608  38.175 0.8999999762
35660  -29.716  -45.905  34.292 0.6000000238
35721  -35.884  -45.396  30.578 0.1000000015
35734  -30.782  -45.933  28.900 0.2000000030
36490  -36.676  -44.487  45.328 0.8000000119
36509  -35.768  -45.148  43.480 0.8000000119
36531  -27.456  -44.543  39.373 0.6999999881
36533  -29.243  -44.749  39.883 0.6999999881
36534  -34.233  -44.561  39.816 0.8999999762
36544  -33.555  -44.872  38.612 0.8999999762
36574  -31.044  -44.041  34.906 0.8000000119
36575  -43.949  -43.675  34.498 0.1000000015
36577  -44.383  -44.132  34.646 0.1000000015
36631  -33.687  -44.821  30.288 0.1000000015
36651  -31.867  -44.739  29.345 0.3000000119
36656  -37.665  -44.366  29.940 0.1000000015
37418  -36.565  -42.569  39.228 0.8999999762
37419  -38.960  -43.240  39.055 1.0000000000
37421  -40.686  -43.280  39.766 1.0000000000
37434  -41.012  -43.106  39.534 1.0000000000
37448  -32.501  -43.424  36.366 0.8999999762
37449  -33.233  -42.847  36.724 0.8999999762
37451  -31.567  -43.408  35.313 0.8999999762
37493  -28.596  -43.517  31.088 0.6000000238
37523  -28.489  -43.397  29.616 0.5000000000
37544  -29.985  -43.744  28.166 0.4000000060
38129  -35.381  -42.156  48.910 0.2000000030
38142  -34.506  -43.023  46.338 0.1000000015
38190  -45.005  -42.144  42.895 1.0000000000
38204  -43.486  -41.859  42.163 1.0000000000
38205  -45.712  -42.206  42.933 1.0000000000
38206  -46.301  -42.067  43.075 1.0000000000
38215  -36.109  -42.543  41.914 0.8999999762
38220  -44.501  -41.935  42.305 1.0000000000
38235  -41.366  -43.136  40.609 1.0000000000
38236  -42.039  -43.023  40.557 1.0000000000
38269  -33.683  -42.220  36.229 0.8999999762
38275  -39.017  -42.482  36.970 1.0000000000
38331  -28.937  -42.069  30.338 0.6000000238
38341  -28.702  -42.852  29.246 0.5000000000
38360  -30.935  -42.177  28.033 0.4000000060
38377  -33.399  -41.797  27.622 0.4000000060
38933  -38.480  -41.726  45.615 0.8999999762
38954  -46.790  -41.582  43.060 1.0000000000
38968  -43.105  -41.811  42.129 1.0000000000
38971  -46.956  -41.847  42.627 1.0000000000
38989  -45.983  -41.788  41.983 1.0000000000
38991  -47.549  -41.498  41.959 1.0000000000
39003  -37.716  -41.337  40.135 1.0000000000
39004  -38.627  -41.334  40.127 1.0000000000
39010  -46.616  -41.340  41.279 1.0000000000
39023  -41.667  -42.382  38.959 1.0000000000
39062  -30.937  -42.050  33.614 0.8000000119
39063  -32.309  -41.435  33.688 0.8999999762
39095  -29.462  -41.515  30.741 0.6999999881
39140  -35.214  -40.913  27.754 0.4000000060
39702  -43.572  -39.994  44.263 1.0000000000
39703  -44.109  -40.262  44.276 1.0000000000
39724  -47.247  -40.928  42.957 1.0000000000
39725  -48.074  -40.544  42.432 1.0000000000
39726  -48.671  -40.101  42.125 1.0000000000
39737  -41.717  -41.631  41.564 1.0000000000
39752  -44.332  -40.736  40.653 1.0000000000
39756  -48.067  -41.131  41.225 1.0000000000
39757  -49.149  -40.172  40.907 1.0000000000
39773  -47.061  -40.211  39.797 1.0000000000
39776  -48.918  -39.944  40.004 1.0000000000
39787  -41.635  -40.663  38.329 1.0000000000
39826  -34.864  -40.558  33.125 0.8999999762
39833  -32.923  -40.521  32.018 1.0000000000
39865  -30.696  -40.807  28.826 0.5000000000
39866  -31.291  -40.320  29.159 0.5000000000
39881  -33.242  -39.803  28.102 0.5000000000
39893  -33.364  -40.354  27.730 0.5000000000
39894  -34.063  -40.341  27.610 0.5000000000
40574  -38.155  -39.001  42.371 1.0000000000
40578  -49.021  -39.568  42.030 1.0000000000
40590  -41.180  -39.537  41.582 1.0000000000
40597  -38.625  -40.038  40.705 1.0000000000
40612  -44.775  -39.262  39.901 1.0000000000
40615  -47.650  -39.951  39.093 1.0000000000
40617  -49.215  -39.449  39.588 1.0000000000
40628  -47.763  -39.536  38.406 1.0000000000
40647  -47.901  -39.081  37.762 1.0000000000
40662  -38.798  -39.431  35.810 0.8999999762
40669  -36.392  -39.577  34.302 0.8999999762
40705  -32.609  -39.687  30.059 0.8999999762
40733  -33.823  -39.244  28.419 0.5000000000
41429  -44.269  -38.519  44.748 1.0000000000
41445  -45.290  -39.388  43.645 1.0000000000
41463  -39.740  -38.267  41.933 1.0000000000
41468  -47.955  -39.235  42.372 1.0000000000
41490  -49.159  -38.368  41.946 1.0000000000
41510  -50.025  -38.978  40.929 1.0000000000
41519  -45.486  -38.749  39.295 1.0000000000
41520  -49.469  -38.917  39.240 1.0000000000
41531  -46.170  -38.557  38.425 1.0000000000
41548  -49.229  -38.108  38.307 0.8999999762
41567  -48.059  -38.204  36.511 0.8999999762
42218  -37.474  -37.423  50.162 0.2000000030
42263  -42.949  -36.838  45.999 1.0000000000
42286  -38.658  -37.405  43.818 1.0000000000
42289  -41.206  -37.631  43.840 1.0000000000
42303  -46.000  -38.287  42.374 1.0000000000
42313  -48.888  -37.635  41.800 1.0000000000
42334  -50.813  -37.720  40.766 1.0000000000
42335  -51.264  -37.209  40.387 1.0000000000
42378  -44.741  -37.146  37.480 1.0000000000
42381  -49.474  -37.506  38.122 0.8999999762
42392  -41.299  -37.166  36.904 1.0000000000
42397  -48.543  -37.473  36.675 0.8999999762
42410  -47.233  -38.152  34.878 0.8999999762
42420  -47.604  -38.000  34.158 0.8999999762
42428  -46.291  -38.083  33.042 0.8999999762
42445  -46.505  -38.297  32.183 0.8999999762
42447  -47.432  -37.944  32.310 0.8999999762
42471  -34.787  -37.790  29.858 0.6000000238
43159  -40.921  -36.114  45.393 1.0000000000
43180  -44.504  -36.776  42.619 1.0000000000
43186  -45.380  -37.082  41.365 1.0000000000
43189  -48.452  -36.907  41.270 0.8999999762
43190  -49.926  -36.739  41.546 1.0000000000
43191  -50.624  -36.611  41.250 1.0000000000
43196  -45.753  -36.475  40.790 1.0000000000
43202  -52.031  -35.918  40.482 0.8999999762
43225  -50.589  -36.251  38.293 0.8999999762
43257  -42.281  -35.791  35.176 0.8000000119
43942  -38.248  -35.841  50.006 0.5000000000
43976  -36.317  -36.072  47.969 0.2000000030
44049  -50.355  -35.996  41.243 1.0000000000
44050  -51.239  -36.101  41.019 0.8999999762
44058  -48.877  -35.500  40.463 1.0000000000
44062  -52.492  -35.362  39.970 0.8999999762
44069  -47.285  -35.058  39.733 0.8999999762
44144  -47.513  -36.494  32.464 0.8999999762
44808  -37.487  -34.897  49.227 0.4000000060
44885  -45.504  -34.282  43.465 0.8999999762
44908  -46.209  -34.322  40.245 0.8999999762
44910  -50.211  -34.718  40.488 1.0000000000
44913  -52.715  -34.778  40.028 0.8999999762
44922  -53.332  -34.213  39.202 0.8999999762
44932  -53.456  -33.917  38.609 0.8999999762
44942  -50.716  -35.053  37.612 0.8999999762
45600  -38.324  -34.340  49.492 0.4000000060
45604  -40.375  -32.640  49.638 0.4000000060
45615  -38.753  -33.499  49.585 0.4000000060
46431  -38.611  -33.233  49.305 0.3000000119
46434  -40.805  -32.285  49.632 0.4000000060
46447  -39.375  -32.279  49.379 0.3000000119
46448  -42.888  -32.543  49.158 0.6000000238
46479  -38.228  -33.058  46.591 0.1000000015
46565  -53.993  -32.287  38.991 0.8000000119
47207  -40.038  -31.881  49.469 0.3000000119
47210  -41.899  -31.953  49.314 0.3000000119
47243  -41.167  -31.291  47.499 0.1000000015
47316  -52.546  -31.876  39.318 0.6999999881
47997  -42.165  -31.108  48.533 0.2000000030
48015  -40.873  -31.070  48.152 0.1000000015
48086  -47.834  -30.685  41.002 0.5000000000
48842  -43.536  -30.737  48.155 0.1000000015
48972  -55.024  -29.248  37.716 0.8000000119
48997  -56.081  -29.104  36.234 0.6999999881
49033  -57.443  -29.341  34.106 0.6999999881
49041  -58.445  -28.737  32.657 0.8999999762
49974  -56.316  -28.037  26.141 0.6999999881
50741  -58.463  -27.400  32.354 0.8999999762
50885  -62.259  -26.812  18.544 0.1000000015
50911  -62.622  -27.070  13.020 0.1000000015
51570  -52.670  -26.562  30.237 1.0000000000
52282  -53.556  -25.022  38.468 0.1000000015
52373  -56.485  -25.604  34.746 0.6000000238
52514  -49.161  -25.763  25.641 0.6000000238
54179  -48.371  -23.914  25.427 0.6000000238
54265  -54.723  -23.652  17.058 0.1000000015
54273  -50.410  -23.339  13.882 0.1000000015
54991  -55.598  -22.866  21.235 0.2000000030
55054  -51.638  -22.954  11.821 0.1000000015
55694  -55.479  -21.023  37.391 0.1000000015
55843  -50.524  -21.911  26.498 0.8000000119
55935  -52.668  -22.042  10.442 0.1000000015
56577  -57.209  -20.654  33.590 0.3000000119
56626  -56.966  -21.075  32.122 0.5000000000
56682  -52.048  -20.166  26.977 0.6000000238
57469  -54.391  -18.613  26.178 0.6999999881
57511  -49.634  -19.959  21.550 0.4000000060
57536  -49.028  -19.491  16.503 0.2000000030
58257  -56.457  -17.536  26.197 0.6000000238
58317  -49.584  -19.056  18.190 0.2000000030
58321  -49.578  -18.855  17.560 0.2000000030
58332  -60.158  -18.477  14.944 0.1000000015
58972  -53.708  -16.767  32.189 0.6000000238
59054  -56.302  -17.125  27.062 0.6000000238
59063  -57.444  -16.777  25.837 0.5000000000
59104  -54.927  -16.822  21.874 0.5000000000
59123  -52.165  -17.102  18.501 0.4000000060
59770  -54.244  -15.807  35.187 0.2000000030
59798  -54.245  -15.500  33.375 0.5000000000
59857  -56.984  -15.755  28.980 0.5000000000
59898  -57.584  -16.328  26.782 0.5000000000
59899  -58.299  -15.680  26.447 0.4000000060
59912  -58.533  -15.632  25.701 0.4000000060
59934  -58.318  -15.860  24.306 0.4000000060
59949  -56.722  -16.575  23.252 0.4000000060
60662  -53.057  -15.053  35.517 0.2000000030
60694  -51.424  -15.476  33.694 0.1000000015
60788  -58.770  -15.169  26.323 0.4000000060
61470  -53.587  -13.947  34.715 0.3000000119
61471  -53.760  -14.310  34.791 0.2000000030
61487  -51.762  -14.636  33.529 0.1000000015
61532  -52.330  -14.439  30.627 0.2000000030
61571  -59.206  -14.425  27.052 0.3000000119
61602  -59.867  -14.364  24.241 0.4000000060
62360  -53.436  -13.442  34.047 0.3000000119
62361  -54.113  -13.089  34.156 0.3000000119
62399  -53.697  -13.482  30.899 0.3000000119
63222  -55.140  -12.561  31.354 0.3000000119
63271  -60.078  -12.984  26.221 0.3000000119
64824  -58.253  -10.915  27.971 0.2000000030
64839  -58.603  -10.761  27.674 0.2000000030
64861  -59.614  -10.370  25.652 0.1000000015
68016  -58.986  -6.902  18.040 0.1000000015
107998  -44.197  -41.934  42.592 1.0000000000
108058  -58.157  -16.130  25.034 0.4000000060
108987  -29.752  -45.249  28.326 0.4000000060
109674  -47.194  -37.730  41.507 1.0000000000
109898  -46.001  -37.594  35.378 0.8999999762
110059  -60.512  -12.336  24.186 0.2000000030
110161  -26.164  -47.655  33.158 0.1000000015
111982  -59.194  -22.972  20.131 0.1000000015
112233  -28.802  -55.532  37.118 0.1000000015
112235  -28.312  -44.974  28.934 0.3000000119
112358  -55.710  -18.031  25.452 0.6000000238
112655  -50.410  -37.987  39.402 1.0000000000
112887  -56.570  -27.200  35.252 0.6999999881
113147  -30.441  -43.005  28.115 0.3000000119
113741  -59.909  -13.339  26.513 0.4000000060
113793  -45.626  -41.579  43.511 1.0000000000
113974  -48.362  -32.653  38.818 0.8999999762
114672  -48.632  -40.647  41.360 1.0000000000
114923  -48.554  -30.710  44.751 0.3000000119
115182  -43.499  -35.669  46.697 0.8000000119
115549  -40.437  -41.821  40.710 1.0000000000
116957  -30.822  -46.835  37.829 0.6999999881
117791  -32.986  -46.621  40.554 0.8000000119
118334  -49.170  -36.564  41.390 1.0000000000
118531  -31.629  -41.800  33.901 0.8000000119
119316  -51.826  -34.622  40.466 0.8999999762
119718  -51.681  -36.439  39.552 0.8999999762
119869  -51.242  -30.743  38.700 0.5000000000
119908  -39.575  -31.698  48.605 0.3000000119
120106  -54.142  -15.232  34.696 0.2000000030
120417  -53.775  -33.384  38.453 0.8999999762
120545  -34.716  -42.466  27.973 0.3000000119
121030  -43.355  -35.602  33.059 0.6999999881
121145  -35.978  -36.831  47.855 0.2000000030
121279  -60.074  -13.887  25.574 0.4000000060
121447  -35.856  -47.033  44.970 0.8000000119
121556  -53.787  -16.072  35.788 0.1000000015
121628  -39.752  -38.328  36.356 1.0000000000
121684  -45.826  -38.558  30.184 0.8999999762
122325  -39.139  -32.994  49.630 0.5000000000
122344  -28.863  -45.221  28.418 0.4000000060
122712  -55.188  -25.614  13.876 0.1000000015
123254  -44.826  -39.486  44.091 1.0000000000
123262  -28.761  -55.287  35.728 0.1000000015
123778  -35.552  -47.323  33.483 0.1000000015
123886  -43.083  -39.724  44.122 1.0000000000
123956  -36.001  -40.160  33.991 0.8999999762
124272  -53.392  -25.393  14.445 0.1000000015
124791  -44.054  -44.000  35.009 0.1000000015
125123  -39.180  -42.679  31.077 0.2000000030
125504  -53.742  -16.692  29.700 0.6999999881
125506  -51.462  -18.673  21.602 0.5000000000
126093  -28.301  -47.292  51.515 0.1000000015
126552  -43.127  -37.070  37.763 1.0000000000
126574  -33.730  -43.829  28.863 0.1000000015
126755  -35.712  -44.694  43.022 0.8999999762
127317  -24.012  -49.998  45.145 0.4000000060
127335  -25.183  -55.648  43.149 0.1000000015
127396  -53.520  -29.527  38.644 0.6999999881
127646  -25.591  -48.627  37.142 0.1000000015
127733  -22.621  -51.379  50.447 0.3000000119
128034  -26.971  -49.350  30.707 0.1000000015
128168  -55.288  -29.228  19.370 0.1000000015
128275  -24.650  -47.520  41.397 0.5000000000
128312  -18.794  -53.677  41.306 0.1000000015
128709  -27.580  -47.123  29.538 0.2000000030
129342  -35.348  -47.295  46.965 0.5000000000
129431  -34.531  -38.226  29.344 0.6000000238
129603  -35.726  -37.782  48.871 0.2000000030
130019  -59.000  -12.791  28.693 0.3000000119
