#!ascii label  , from subject sub-v1s12x0050113_ses-1 vox2ras=TkReg
3525
81928  -52.204  11.838  22.427 0.6000000238
81160  -53.827  10.792  20.097 0.6000000238
81971  -53.718  10.647  18.654 0.5000000000
81979  -53.323  10.678  17.784 0.5000000000
81184  -52.213  10.806  17.087 0.4000000060
108707  -50.444  10.728  16.003 0.4000000060
81989  -50.725  10.893  16.965 0.4000000060
81189  -49.142  10.721  16.044 0.3000000119
81188  -48.168  10.711  16.026 0.4000000060
117560  -46.967  10.476  15.182 0.2000000030
81997  -45.515  10.891  15.643 0.2000000030
81996  -44.492  11.112  15.429 0.2000000030
81943  -52.803  11.398  21.777 0.6000000238
81141  -53.216  10.940  21.059 0.6000000238
81958  -53.793  11.255  20.593 0.6999999881
81966  -53.919  11.144  19.974 0.6000000238
82685  -51.495  12.445  22.943 0.6000000238
81944  -53.579  11.541  21.355 0.6999999881
82706  -53.793  11.506  20.369 0.6000000238
82678  -51.701  12.908  23.314 0.6000000238
81929  -53.186  11.886  22.222 0.6999999881
81964  -53.289  11.499  19.312 0.6000000238
81970  -52.727  11.295  18.552 0.6000000238
81978  -51.028  11.204  17.766 0.4000000060
125827  -52.115  11.100  17.944 0.4000000060
81988  -49.555  10.967  16.859 0.4000000060
81187  -47.301  10.713  15.938 0.3000000119
81987  -48.540  11.061  16.794 0.3000000119
81195  -46.084  10.474  15.034 0.2000000030
81194  -45.234  10.622  14.820 0.2000000030
81965  -53.839  11.116  19.593 0.6000000238
82686  -52.433  12.391  22.729 0.6999999881
82688  -53.669  12.048  21.882 0.6999999881
81969  -51.388  11.555  18.487 0.4000000060
81968  -50.246  11.680  18.372 0.4000000060
81998  -46.424  10.760  15.811 0.3000000119
81983  -45.039  11.495  16.323 0.2000000030
82687  -53.187  12.507  22.416 0.6999999881
82691  -53.812  11.961  21.206 0.6999999881
83410  -53.532  12.766  21.238 0.6999999881
82705  -53.443  12.006  19.919 0.6000000238
81963  -51.936  11.954  19.259 0.5000000000
121481  -53.630  12.261  20.700 0.6000000238
81976  -48.875  11.465  17.528 0.4000000060
81977  -49.888  11.321  17.632 0.4000000060
82698  -52.967  12.563  20.263 0.6000000238
81967  -49.232  11.845  18.244 0.4000000060
82710  -50.661  12.083  19.061 0.5000000000
82704  -52.814  12.104  19.777 0.6000000238
81986  -47.649  11.127  16.656 0.4000000060
82703  -50.989  12.468  19.672 0.6999999881
82709  -49.656  12.283  18.904 0.5000000000
81975  -47.965  11.588  17.400 0.4000000060
81984  -45.913  11.313  16.442 0.3000000119
81974  -47.110  11.671  17.257 0.4000000060
82715  -47.427  12.167  17.927 0.5000000000
81985  -46.795  11.198  16.529 0.3000000119
82005  -43.800  11.122  14.764 0.2000000030
108067  -46.297  11.746  17.107 0.4000000060
81982  -44.167  11.782  16.318 0.2000000030
122330  -49.487  17.691  15.337 0.8000000119
82679  -52.424  12.934  22.927 0.6000000238
126972  -52.890  13.011  22.654 0.8000000119
83406  -53.624  12.576  21.837 0.6999999881
83401  -52.464  13.634  22.860 0.6999999881
83409  -53.368  13.373  21.670 0.8000000119
115601  -53.123  13.044  20.721 0.8000000119
109744  -52.680  13.698  20.788 0.8000000119
84041  -52.554  14.497  20.899 0.8999999762
84587  -52.566  15.218  21.350 0.8999999762
82716  -48.303  12.023  18.102 0.5000000000
82702  -49.248  13.005  19.357 0.5000000000
122057  -49.798  13.323  19.872 0.5000000000
84040  -52.114  14.292  20.647 0.8999999762
84593  -52.483  15.547  20.508 0.8999999762
115244  -48.727  12.539  18.729 0.6000000238
84039  -51.018  14.044  20.552 0.8000000119
84592  -52.188  15.190  20.305 0.8999999762
111306  -47.826  12.728  18.509 0.6000000238
109626  -49.149  13.739  19.709 0.6999999881
83415  -49.971  13.905  20.214 0.6999999881
84603  -51.798  15.698  19.468 0.8999999762
85202  -52.124  16.214  18.936 0.8999999762
85203  -52.357  16.517  19.267 0.8999999762
83429  -47.400  13.431  18.712 0.6000000238
84049  -48.483  14.286  19.482 0.6999999881
82723  -45.515  11.884  16.990 0.4000000060
111567  -45.910  12.266  17.480 0.5000000000
82708  -46.941  12.844  18.267 0.5000000000
84048  -47.691  14.087  19.110 0.6999999881
84602  -50.615  15.432  19.713 0.8000000119
85214  -52.199  16.712  18.500 0.8999999762
84601  -49.632  15.220  19.648 0.8000000119
84615  -51.742  16.184  18.736 0.8000000119
85213  -51.922  16.557  18.256 0.8999999762
82722  -44.755  12.102  16.912 0.4000000060
84614  -50.988  15.996  18.944 0.8000000119
85212  -51.348  16.407  18.180 0.8000000119
114438  -44.949  13.100  17.838 0.6000000238
83427  -45.271  13.708  18.207 0.6999999881
122563  -44.493  12.658  17.374 0.3000000119
83434  -44.627  13.698  18.010 0.4000000060
84065  -45.300  15.047  18.102 0.6999999881
84628  -46.393  15.836  17.989 0.6999999881
85226  -46.825  16.536  17.619 0.6999999881
85250  -47.284  17.226  17.098 0.8000000119
85251  -48.277  17.237  17.030 0.8000000119
85819  -48.872  17.577  16.258 0.8000000119
86453  -49.587  18.115  14.403 0.8000000119
86443  -48.657  18.359  15.097 0.8000000119
83405  -53.215  13.156  22.313 0.8000000119
84031  -52.963  13.984  22.183 0.8999999762
84578  -51.597  15.429  23.284 0.8000000119
85184  -52.141  15.548  22.311 0.8000000119
84585  -51.434  16.163  22.961 0.8000000119
128037  -52.338  15.889  21.692 0.8999999762
85183  -51.768  16.547  22.185 0.8999999762
85191  -51.854  17.140  21.599 0.8999999762
85768  -51.316  17.694  22.461 0.8999999762
85192  -52.479  16.243  21.097 0.8999999762
85781  -52.209  17.123  20.720 0.8999999762
85786  -52.369  17.225  19.690 0.8999999762
82714  -46.589  12.275  17.710 0.5000000000
120049  -52.368  17.052  18.880 0.8999999762
84599  -47.945  14.877  19.208 0.8000000119
125261  -49.250  15.517  19.333 0.8000000119
85792  -52.266  17.310  18.093 0.8999999762
85232  -52.169  16.875  17.627 0.8999999762
82713  -45.254  12.491  17.455 0.4000000060
122165  -45.916  12.974  18.036 0.6000000238
84612  -48.891  15.794  19.022 0.8000000119
84613  -49.819  15.871  19.142 0.8000000119
85231  -51.780  16.678  17.431 0.8000000119
84054  -45.599  14.433  18.328 0.6999999881
84629  -47.255  15.980  18.165 0.8000000119
85227  -47.759  16.643  17.686 0.8000000119
86363  -51.047  18.763  22.561 0.8000000119
87000  -50.183  19.879  22.621 0.8000000119
85777  -51.501  18.103  21.588 0.8999999762
86376  -50.756  19.602  22.411 0.8999999762
85780  -51.800  18.006  20.520 0.8999999762
124155  -51.971  18.047  19.686 0.8999999762
86389  -51.699  18.560  19.273 0.8999999762
86394  -51.957  18.232  18.393 0.8999999762
83428  -46.601  13.542  18.497 0.6000000238
108742  -47.053  13.989  18.787 0.8000000119
110311  -48.240  15.504  19.028 0.8000000119
85211  -50.352  16.362  18.311 0.8000000119
84611  -47.583  15.432  18.731 0.8000000119
85255  -52.200  16.878  16.691 0.8000000119
85797  -52.530  17.170  17.040 0.8999999762
84055  -46.436  14.388  18.580 0.6999999881
85209  -48.223  16.109  18.423 0.8000000119
85210  -49.283  16.316  18.397 0.8000000119
85254  -51.467  16.738  16.452 0.8000000119
85822  -52.444  17.201  16.061 0.8000000119
111606  -45.941  13.782  18.399 0.6999999881
85229  -49.813  16.711  17.584 0.8000000119
85821  -52.098  16.883  15.698 0.8000000119
86445  -52.522  17.889  15.552 0.8000000119
86460  -50.275  18.193  13.264 0.8000000119
86454  -50.671  17.742  13.757 0.8000000119
129979  -51.141  19.092  21.951 0.8999999762
86377  -51.265  18.862  21.122 0.8999999762
87029  -51.057  19.345  19.750 0.8999999762
87035  -51.242  19.255  18.780 0.8999999762
117039  -50.897  19.668  17.899 1.0000000000
87732  -49.919  21.469  17.880 1.0000000000
86398  -51.677  18.768  17.775 0.8999999762
89077  -49.902  22.765  17.254 1.0000000000
108408  -50.138  21.922  17.169 1.0000000000
110157  -50.256  21.107  17.332 1.0000000000
107293  -50.211  22.767  16.995 1.0000000000
109483  -51.404  19.196  17.005 1.0000000000
114877  -51.996  18.463  16.981 0.8999999762
84610  -46.796  15.263  18.476 0.8000000119
85228  -48.759  16.731  17.694 0.8000000119
87734  -50.425  21.235  16.563 1.0000000000
87043  -50.728  20.225  16.995 1.0000000000
86418  -52.000  18.704  16.094 0.8999999762
86419  -52.395  17.856  16.529 0.8999999762
85253  -50.360  16.895  16.720 0.8000000119
85830  -52.505  17.173  15.111 0.8000000119
86444  -52.396  18.551  15.041 0.8999999762
85259  -50.773  16.872  15.959 0.8000000119
85829  -52.083  16.944  14.839 0.8000000119
86456  -52.580  17.800  14.593 0.8000000119
86455  -52.373  18.475  14.156 0.8000000119
85820  -49.876  17.213  16.057 0.8000000119
85260  -51.506  16.843  15.445 0.8000000119
85836  -52.422  17.281  14.396 0.8000000119
87101  -52.327  18.256  13.353 0.8000000119
117396  -50.570  17.153  15.312 0.8000000119
85835  -52.027  17.219  14.121 0.8000000119
85841  -52.298  17.720  13.771 0.8000000119
85834  -50.487  17.469  14.566 0.8000000119
85840  -51.864  17.589  13.380 0.8000000119
86462  -52.195  17.968  12.908 0.8000000119
108690  -50.996  18.120  12.507 0.8000000119
129088  -51.230  17.807  13.044 0.8000000119
87694  -49.589  20.553  21.142 0.8000000119
87695  -50.043  20.453  21.249 0.8999999762
87023  -50.491  20.149  21.093 0.8999999762
87024  -50.932  19.506  20.697 0.8999999762
87010  -50.390  20.146  21.913 0.8000000119
87721  -50.210  20.463  19.655 0.8999999762
87028  -50.675  19.882  19.461 0.8999999762
125910  -49.841  20.988  18.817 0.8999999762
87034  -50.459  20.146  18.801 0.8999999762
108718  -49.646  21.645  18.173 1.0000000000
87041  -50.268  20.588  17.971 0.8999999762
89696  -49.122  23.215  17.066 0.8999999762
88456  -49.851  22.175  17.590 1.0000000000
89712  -49.487  23.742  16.391 1.0000000000
89697  -49.835  23.317  16.892 1.0000000000
89723  -48.899  23.965  15.773 0.8999999762
90299  -49.805  24.303  15.745 1.0000000000
89698  -50.177  23.325  16.632 1.0000000000
88457  -50.363  22.292  16.438 1.0000000000
87735  -50.886  20.334  15.915 1.0000000000
87044  -51.303  19.553  16.259 0.8999999762
90309  -50.091  24.696  14.877 1.0000000000
89087  -50.486  23.853  15.359 1.0000000000
126305  -50.508  23.404  15.794 1.0000000000
87740  -50.613  21.473  15.589 1.0000000000
89092  -50.547  23.654  14.526 1.0000000000
109329  -50.615  22.186  15.057 1.0000000000
87741  -51.212  20.320  14.964 1.0000000000
123373  -51.916  19.383  14.451 0.8999999762
87100  -52.162  18.677  12.714 0.8000000119
86461  -51.901  17.915  12.571 0.8000000119
86465  -50.707  18.492  11.842 0.8000000119
87121  -50.216  18.943  10.321 0.8000000119
87117  -50.480  18.735  11.080 0.8000000119
87708  -49.700  20.681  20.553 0.8000000119
111829  -50.567  20.057  20.205 0.8999999762
87709  -50.118  20.509  20.464 0.8999999762
88420  -49.404  20.984  19.991 0.8999999762
88432  -49.121  21.270  19.437 0.8999999762
88449  -49.506  21.439  18.594 0.8999999762
88448  -49.284  21.533  18.724 1.0000000000
89076  -49.465  22.678  17.514 0.8999999762
89060  -49.540  22.027  17.990 1.0000000000
90321  -49.838  24.849  14.563 1.0000000000
90337  -48.633  24.376  13.069 0.8000000119
110955  -49.337  24.731  13.876 0.8000000119
90322  -50.170  24.754  14.238 0.8999999762
89097  -50.549  23.371  13.662 1.0000000000
87748  -50.869  21.249  14.581 1.0000000000
87749  -51.521  20.157  14.066 1.0000000000
87082  -52.125  19.086  13.614 0.8999999762
90352  -49.943  24.795  12.760 1.0000000000
90339  -50.210  24.679  13.426 1.0000000000
89102  -50.497  23.156  12.797 1.0000000000
126549  -51.293  20.754  12.695 1.0000000000
87783  -51.829  19.527  12.463 1.0000000000
86467  -51.997  18.264  12.167 0.8999999762
86466  -51.738  18.289  11.903 0.8000000119
86469  -51.528  18.516  11.171 0.8000000119
109943  -49.504  24.740  12.944 0.8000000119
90927  -49.579  24.932  11.919 0.8000000119
116204  -50.446  23.917  11.367 1.0000000000
88484  -50.752  21.954  11.534 1.0000000000
88485  -51.193  20.881  11.843 1.0000000000
123524  -51.640  19.938  12.024 1.0000000000
87799  -51.632  19.780  11.321 0.8999999762
87112  -52.009  18.885  11.792 0.8999999762
86470  -51.820  18.556  11.443 0.8999999762
118453  -51.640  18.781  10.690 0.8999999762
87122  -51.243  18.644  10.410 0.8999999762
87130  -50.942  18.717  9.662 0.8999999762
90350  -47.881  24.378  12.258 0.8000000119
90940  -49.422  25.329  11.098 0.8999999762
90956  -49.791  25.414  10.676 1.0000000000
89758  -50.311  24.437  10.512 1.0000000000
90364  -50.033  24.869  11.786 0.8999999762
124491  -50.278  24.796  11.195 1.0000000000
108848  -50.407  23.222  10.468 1.0000000000
121548  -50.961  20.996  10.074 0.8999999762
88493  -51.157  20.903  11.005 0.8999999762
87830  -51.443  19.719  9.628 0.8999999762
87118  -51.840  18.884  10.905 0.8999999762
87131  -51.505  19.034  9.332 0.8999999762
87123  -51.674  18.986  10.110 0.8999999762
86478  -51.212  18.777  9.172 0.8999999762
86473  -51.425  18.866  9.791 0.8999999762
86477  -50.707  18.805  8.924 0.8999999762
114835  -48.600  25.658  10.080 0.8999999762
90968  -49.696  25.546  9.812 1.0000000000
89763  -49.872  24.427  8.996 1.0000000000
89124  -49.722  23.454  8.378 1.0000000000
90939  -48.615  25.336  10.854 0.8999999762
90955  -49.261  25.622  10.334 0.8999999762
90385  -50.085  24.913  9.748 1.0000000000
89770  -50.051  23.519  9.097 1.0000000000
88498  -50.551  21.822  9.383 1.0000000000
87829  -50.999  20.652  9.113 1.0000000000
87155  -50.972  18.950  7.254 1.0000000000
87860  -51.206  19.353  8.031 0.8999999762
86491  -50.884  18.689  7.604 1.0000000000
86492  -51.141  18.861  7.997 0.8999999762
87153  -48.754  19.275  7.497 0.8999999762
86484  -50.555  18.760  8.072 0.8999999762
87138  -49.802  19.089  8.686 0.8999999762
90981  -48.906  25.446  8.515 0.8999999762
90398  -48.741  25.065  8.007 1.0000000000
90407  -48.983  24.038  7.365 1.0000000000
89781  -49.148  23.345  7.037 1.0000000000
90982  -49.275  25.624  8.999 0.8999999762
90395  -49.280  25.127  8.507 1.0000000000
113942  -49.487  24.446  8.376 1.0000000000
89775  -49.334  23.835  7.748 1.0000000000
89133  -49.947  22.213  8.048 1.0000000000
89132  -49.524  22.878  7.503 1.0000000000
87867  -50.605  19.604  6.586 1.0000000000
87170  -50.416  18.808  6.479 1.0000000000
87167  -47.643  19.219  6.412 0.8000000119
86489  -49.530  18.683  6.830 1.0000000000
87168  -48.587  18.926  6.585 0.8999999762
89792  -48.927  22.865  6.298 1.0000000000
89137  -49.401  22.419  6.677 1.0000000000
88517  -50.369  20.737  6.834 1.0000000000
89143  -49.235  21.976  5.876 1.0000000000
87169  -49.898  18.737  5.719 1.0000000000
88525  -49.541  20.964  5.535 1.0000000000
123986  -49.522  18.595  5.622 1.0000000000
86504  -48.225  18.696  4.877 0.8999999762
87182  -47.493  19.074  5.499 0.6999999881
87196  -49.292  18.792  4.991 1.0000000000
86511  -48.600  18.838  4.552 1.0000000000
124643  -48.082  18.885  4.265 1.0000000000
87194  -47.507  19.053  4.544 0.8999999762
82697  -51.873  12.557  20.000 0.6000000238
83417  -52.113  13.286  20.505 0.6999999881
83416  -50.750  13.162  20.202 0.6000000238
111307  -50.122  12.694  19.575 0.5000000000
84027  -52.264  14.641  22.705 0.8000000119
84034  -52.908  14.197  21.480 0.8999999762
83418  -53.108  13.572  21.080 0.6999999881
83423  -48.322  13.399  19.134 0.6999999881
84591  -51.363  14.934  20.295 0.8999999762
84604  -52.339  15.890  19.706 0.8999999762
84051  -50.264  14.678  20.153 0.8000000119
84050  -49.336  14.509  19.822 0.8000000119
85252  -49.312  17.110  16.889 0.8000000119
114722  -52.662  14.738  21.989 0.8999999762
85196  -52.562  16.360  20.089 0.8999999762
86399  -52.243  17.905  17.464 0.8999999762
85230  -50.896  16.624  17.440 0.8000000119
87062  -51.726  19.391  15.329 0.8999999762
128665  -52.210  18.954  14.709 0.8999999762
85828  -51.377  17.076  14.676 0.8000000119
89713  -50.094  23.861  16.242 1.0000000000
89733  -50.365  24.365  14.750 1.0000000000
88464  -50.670  22.392  14.268 1.0000000000
90338  -49.921  24.907  13.689 0.8000000119
89747  -50.441  24.119  13.131 1.0000000000
88470  -50.724  22.115  13.251 1.0000000000
88471  -51.085  21.058  13.667 1.0000000000
87766  -51.729  19.817  13.177 1.0000000000
90353  -50.233  24.564  12.564 1.0000000000
88477  -50.751  21.975  12.358 1.0000000000
89108  -50.487  22.981  11.939 1.0000000000
90363  -48.908  25.015  11.556 0.8000000119
89114  -50.502  22.843  11.222 1.0000000000
88492  -50.683  22.039  10.742 1.0000000000
87814  -51.555  19.736  10.474 0.8999999762
89764  -50.207  23.965  9.720 1.0000000000
125643  -50.546  22.214  10.066 1.0000000000
89125  -50.162  22.586  8.840 1.0000000000
88503  -50.513  21.458  8.550 1.0000000000
87846  -50.974  20.340  8.245 1.0000000000
86498  -50.046  18.539  6.340 1.0000000000
86490  -50.380  18.599  7.182 0.8999999762
88508  -49.868  21.821  7.194 1.0000000000
88509  -50.463  21.107  7.694 1.0000000000
87874  -50.204  19.305  5.824 1.0000000000
86496  -48.411  18.695  5.699 1.0000000000
87873  -49.756  19.916  5.291 1.0000000000
86505  -48.960  18.562  5.219 1.0000000000
87884  -48.814  19.890  4.093 1.0000000000
84624  -42.732  15.397  17.586 0.5000000000
108611  -44.083  14.797  17.829 0.5000000000
84626  -44.678  15.416  17.785 0.6000000238
83426  -44.775  14.457  18.085 0.6000000238
85219  -40.095  16.172  17.454 0.3000000119
85220  -40.999  16.435  17.398 0.3000000119
84622  -40.885  15.495  17.529 0.4000000060
123004  -41.552  16.043  17.486 0.4000000060
85245  -42.659  17.032  17.129 0.5000000000
85223  -43.822  16.369  17.415 0.6000000238
121183  -44.335  16.105  17.529 0.6000000238
85224  -45.062  16.261  17.504 0.6999999881
84627  -45.554  15.684  17.844 0.6000000238
85811  -39.647  17.711  16.727 0.2000000030
119335  -39.298  16.447  17.363 0.1000000015
85794  -39.800  16.998  17.200 0.2000000030
85796  -41.165  17.228  17.106 0.2000000030
108038  -42.013  17.599  16.774 0.4000000060
85221  -41.786  16.774  17.268 0.4000000060
85813  -43.233  17.631  16.714 0.5000000000
85814  -44.100  17.636  16.711 0.6000000238
85246  -43.552  16.990  17.145 0.6000000238
85247  -44.465  16.885  17.192 0.6999999881
85816  -45.904  17.699  16.650 0.6999999881
85249  -46.356  17.137  17.129 0.6999999881
86409  -38.876  18.027  16.500 0.1000000015
86435  -40.250  18.794  15.878 0.3000000119
83388  -51.223  14.025  24.389 0.6000000238
85812  -40.433  17.498  16.909 0.2000000030
86411  -40.351  18.186  16.437 0.3000000119
112828  -41.158  17.938  16.605 0.3000000119
86437  -42.495  18.780  15.716 0.5000000000
84026  -51.636  14.472  23.662 0.6000000238
86412  -41.865  18.372  16.213 0.3000000119
86413  -42.741  18.171  16.339 0.6000000238
86414  -43.754  18.353  16.203 0.6000000238
86439  -44.416  18.723  15.772 0.6000000238
86415  -44.657  18.284  16.256 0.6000000238
86417  -46.326  18.258  16.138 0.6999999881
128664  -47.079  18.249  16.088 0.6999999881
85818  -47.781  17.824  16.364 0.6999999881
82635  -49.608  12.383  27.237 0.2000000030
82636  -49.991  13.059  27.357 0.2000000030
82647  -49.156  12.264  26.286 0.3000000119
82649  -50.187  13.375  26.419 0.3000000119
83981  -50.034  14.086  26.326 0.3000000119
85170  -51.102  17.147  23.350 0.6999999881
111398  -50.312  12.914  24.773 0.5000000000
111100  -50.734  13.234  24.711 0.5000000000
84010  -50.888  14.649  25.103 0.5000000000
84563  -51.238  15.460  24.176 0.6000000238
85171  -51.173  16.248  23.829 0.6999999881
125303  -38.954  18.600  16.019 0.2000000030
86434  -39.479  18.942  15.682 0.3000000119
83399  -51.143  13.362  24.127 0.6000000238
84011  -51.177  14.809  24.503 0.6000000238
121245  -40.900  19.150  15.401 0.3000000119
87060  -42.363  19.336  15.115 0.6000000238
87061  -43.139  19.166  15.285 0.6000000238
86438  -43.844  18.947  15.521 0.6000000238
86450  -44.641  19.171  15.153 0.6000000238
86440  -45.117  18.742  15.701 0.6000000238
117127  -45.917  18.720  15.660 0.6000000238
128400  -47.325  18.824  15.265 0.6000000238
85827  -48.517  18.044  15.768 0.6999999881
83990  -47.107  14.467  25.475 0.1000000015
84008  -47.772  15.093  25.105 0.2000000030
83349  -48.496  13.323  28.701 0.1000000015
110282  -47.250  13.694  26.982 0.1000000015
83372  -47.784  14.178  26.556 0.1000000015
81844  -47.819  11.912  31.148 0.1000000015
82616  -48.334  12.878  29.738 0.1000000015
83341  -48.934  13.111  29.093 0.1000000015
83360  -48.387  13.839  27.627 0.1000000015
83991  -48.457  14.715  26.143 0.2000000030
81076  -47.670  10.302  30.000 0.1000000015
82617  -48.731  12.643  29.840 0.1000000015
80330  -44.464  9.519  26.799 0.1000000015
81087  -46.864  10.109  28.792 0.1000000015
81098  -45.663  10.119  27.360 0.2000000030
85154  -50.787  16.924  24.314 0.5000000000
85756  -50.620  17.819  24.073 0.6000000238
85767  -50.841  18.310  23.316 0.6999999881
81867  -49.243  11.767  27.894 0.2000000030
83993  -49.897  14.778  26.002 0.3000000119
112990  -50.342  16.464  24.930 0.5000000000
85742  -50.332  17.289  24.482 0.5000000000
81879  -48.303  11.470  26.940 0.2000000030
81895  -48.364  11.874  26.066 0.3000000119
82648  -49.844  12.728  26.482 0.3000000119
83994  -50.456  14.425  25.736 0.4000000060
85155  -50.898  16.177  24.526 0.5000000000
126644  -48.623  12.197  25.506 0.3000000119
118378  -50.027  12.883  25.615 0.3000000119
83373  -50.405  13.783  25.886 0.4000000060
84562  -50.879  15.534  24.891 0.5000000000
83387  -50.809  13.775  25.125 0.4000000060
87057  -39.329  19.413  15.102 0.2000000030
87075  -39.871  19.639  14.725 0.3000000119
87059  -41.567  19.465  14.898 0.5000000000
87077  -42.241  19.653  14.375 0.6000000238
87078  -43.027  19.526  14.598 0.6000000238
86449  -43.821  19.375  14.855 0.6000000238
87079  -45.182  19.418  14.606 0.6000000238
86451  -45.536  19.142  15.133 0.6000000238
122052  -46.252  19.077  15.171 0.6000000238
86442  -47.866  18.913  14.850 0.6000000238
108402  -48.733  18.648  14.444 0.6999999881
85168  -47.521  16.833  23.522 0.3000000119
84559  -48.118  15.888  24.709 0.2000000030
85169  -48.485  17.149  24.008 0.4000000060
84558  -47.187  15.379  24.296 0.1000000015
85152  -48.767  16.673  24.684 0.3000000119
82627  -47.487  12.963  29.076 0.1000000015
107180  -47.364  13.327  27.877 0.1000000015
82604  -47.080  12.368  31.464 0.1000000015
83350  -49.066  13.489  28.320 0.2000000030
81088  -47.827  10.476  28.832 0.1000000015
114490  -49.114  11.462  28.814 0.1000000015
83351  -49.457  13.340  27.890 0.3000000119
83992  -49.324  14.887  26.165 0.2000000030
117070  -46.034  9.926  28.250 0.2000000030
81856  -49.465  12.060  28.823 0.2000000030
82628  -49.628  12.659  28.217 0.2000000030
81099  -46.521  10.421  27.594 0.2000000030
81854  -48.597  10.915  29.367 0.2000000030
84548  -49.557  15.480  25.678 0.4000000060
124134  -49.805  16.070  25.331 0.4000000060
81866  -48.358  10.993  28.094 0.2000000030
86362  -50.514  19.208  23.088 0.6999999881
81878  -47.236  10.991  26.972 0.2000000030
87092  -40.030  20.007  14.172 0.4000000060
87076  -40.684  19.627  14.635 0.4000000060
87093  -40.810  20.072  13.879 0.6000000238
87094  -42.120  19.974  13.690 0.6000000238
87763  -43.734  20.144  13.338 0.6000000238
87764  -44.397  19.859  13.775 0.6000000238
87795  -43.007  20.967  11.794 0.6000000238
87780  -43.321  20.554  12.588 0.6000000238
109138  -45.147  19.739  13.956 0.6000000238
87080  -46.113  19.472  14.403 0.6000000238
87081  -47.302  19.368  14.223 0.6000000238
124538  -48.311  19.110  14.024 0.6999999881
108376  -43.895  20.791  11.993 0.6000000238
87781  -44.097  20.466  12.644 0.6000000238
127609  -45.330  20.491  12.321 0.6000000238
87108  -46.493  20.119  13.038 0.6000000238
107167  -47.149  20.037  12.983 0.6000000238
87098  -47.843  19.626  13.351 0.6000000238
86459  -49.307  18.619  13.733 0.6999999881
87823  -43.750  21.060  9.221 0.4000000060
122774  -44.348  21.046  9.802 0.5000000000
87809  -44.420  21.011  10.574 0.5000000000
122391  -44.663  20.609  12.201 0.6000000238
121605  -43.670  20.375  7.619 0.5000000000
87824  -44.821  20.720  9.054 0.5000000000
107477  -45.087  20.806  9.998 0.5000000000
109825  -42.984  19.703  5.943 0.6000000238
87149  -45.022  19.784  7.015 0.6000000238
87855  -44.544  20.245  7.627 0.6000000238
87179  -44.564  19.580  4.699 0.6000000238
87164  -44.660  19.614  6.302 0.6000000238
87165  -45.623  19.557  6.290 0.6000000238
87856  -45.371  20.170  7.676 0.6000000238
128886  -44.468  19.583  3.980 0.6999999881
87180  -45.193  19.534  5.490 0.6999999881
107697  -44.524  19.560  3.176 0.6999999881
109876  -46.037  19.430  3.427 0.6999999881
87181  -46.417  19.394  5.247 0.8000000119
87193  -46.755  19.312  4.030 0.8000000119
87203  -45.137  19.556  2.254 0.6999999881
124627  -45.397  19.452  3.001 0.6999999881
87215  -46.339  19.838  2.356 0.6999999881
87225  -45.798  20.031  1.737 0.6999999881
87214  -45.615  19.791  1.820 0.6999999881
87902  -46.448  20.017  2.304 0.6999999881
87901  -45.888  20.136  1.805 0.6999999881
87213  -44.896  19.690  1.433 0.6999999881
84007  -46.920  14.863  24.664 0.1000000015
84577  -47.364  16.055  23.922 0.1000000015
83371  -46.611  13.851  26.122 0.1000000015
84009  -48.755  15.384  25.518 0.2000000030
82615  -47.130  12.650  30.466 0.1000000015
83348  -46.336  12.941  28.151 0.1000000015
84560  -49.074  16.095  25.239 0.3000000119
83979  -49.220  14.308  26.819 0.2000000030
83362  -49.674  13.765  27.066 0.3000000119
84561  -49.571  16.710  25.010 0.4000000060
85153  -49.359  17.321  24.485 0.3000000119
85755  -49.986  17.927  24.262 0.5000000000
86356  -50.262  18.605  23.682 0.8000000119
86361  -49.838  19.326  23.205 0.8000000119
86999  -49.652  19.915  22.592 0.6999999881
108387  -45.261  20.672  11.651 0.6000000238
107093  -45.890  20.299  12.711 0.6000000238
87782  -46.819  20.331  12.323 0.6000000238
87109  -47.801  20.000  12.465 0.6000000238
87110  -48.701  19.462  12.607 0.6000000238
87111  -49.717  18.751  12.740 0.6999999881
87810  -45.868  20.700  10.340 0.5000000000
107352  -45.923  20.688  11.143 0.5000000000
87797  -46.719  20.541  11.379 0.6000000238
87115  -48.574  19.772  11.750 0.6999999881
87116  -49.383  19.413  11.038 0.6999999881
87825  -45.895  20.612  9.366 0.5000000000
87826  -46.632  20.547  9.971 0.5000000000
87811  -46.506  20.611  10.689 0.6000000238
87812  -47.389  20.425  10.581 0.6000000238
87813  -48.421  20.023  10.862 0.6999999881
87857  -46.236  20.153  7.783 0.5000000000
87842  -45.619  20.442  8.436 0.5000000000
87177  -42.477  19.698  5.333 0.4000000060
87190  -43.793  19.655  4.035 0.6000000238
87166  -46.653  19.445  6.308 0.6000000238
118668  -43.775  19.765  3.077 0.6000000238
87202  -44.195  19.648  2.101 0.6000000238
87212  -44.223  19.850  1.115 0.6000000238
87205  -46.876  19.541  3.168 0.6999999881
87224  -45.239  19.928  1.206 0.6999999881
84576  -46.594  15.646  23.657 0.1000000015
83359  -46.156  13.300  26.961 0.1000000015
83989  -46.020  14.009  25.250 0.1000000015
84025  -46.385  14.967  23.996 0.1000000015
85765  -47.374  17.603  22.977 0.4000000060
83386  -45.370  14.139  24.669 0.1000000015
126308  -49.979  17.182  24.691 0.5000000000
86355  -49.730  18.599  23.724 0.6000000238
89059  -49.091  22.135  18.251 0.8000000119
117654  -46.749  20.477  9.237 0.5000000000
87827  -47.426  20.369  9.584 0.8000000119
87128  -49.005  19.584  9.318 0.8000000119
87120  -49.179  19.558  10.194 0.6999999881
87843  -46.493  20.393  8.563 0.5000000000
87858  -47.137  20.103  7.911 0.6000000238
87845  -48.163  20.059  9.017 0.6999999881
87137  -48.879  19.506  8.413 0.8000000119
87188  -42.068  19.887  4.759 0.4000000060
87151  -46.876  19.659  7.136 0.6000000238
87152  -47.829  19.535  7.274 0.6999999881
87201  -43.144  20.017  3.494 0.6000000238
87892  -42.918  20.663  2.976 0.4000000060
110226  -43.218  20.719  2.142 0.6000000238
87899  -43.229  20.960  1.426 0.5000000000
87900  -43.617  20.197  1.626 0.6000000238
111324  -47.588  19.224  3.856 0.8000000119
87910  -43.708  20.292  0.839 0.6000000238
87222  -44.093  19.898  0.713 0.6999999881
84006  -46.204  14.500  24.627 0.1000000015
85182  -46.517  16.838  22.920 0.3000000119
82625  -45.511  12.932  28.770 0.1000000015
83358  -45.470  13.064  27.621 0.1000000015
125730  -44.963  13.209  26.761 0.1000000015
129938  -45.327  13.830  25.145 0.1000000015
82624  -44.757  13.457  30.072 0.1000000015
113724  -44.064  13.437  26.725 0.1000000015
85766  -48.241  18.234  23.152 0.5000000000
85754  -49.037  18.006  23.857 0.4000000060
86354  -49.083  18.815  23.309 0.8000000119
86998  -49.095  19.503  22.759 0.8000000119
89710  -45.845  23.072  16.100 0.5000000000
125585  -46.743  23.097  16.212 0.6999999881
89073  -46.601  22.407  17.511 0.6000000238
89058  -48.212  22.138  18.368 0.8999999762
89721  -46.542  23.415  15.416 0.6000000238
89695  -48.165  22.984  17.017 0.6999999881
89075  -48.675  22.631  17.684 0.6999999881
127731  -47.162  23.344  15.874 0.6999999881
89731  -46.527  23.588  14.556 0.5000000000
89732  -47.444  23.726  14.755 0.6000000238
90320  -49.173  24.591  14.565 0.8000000119
90335  -46.399  23.678  13.037 0.6000000238
90318  -47.028  23.663  13.900 0.5000000000
90336  -47.527  23.829  13.052 0.6999999881
90348  -45.819  24.138  12.280 0.5000000000
90349  -46.827  24.122  12.262 0.5000000000
90361  -47.191  24.643  11.486 0.6999999881
90362  -48.219  24.828  11.544 0.6999999881
87891  -42.426  21.123  3.374 0.4000000060
88540  -42.827  21.210  2.369 0.5000000000
88553  -42.695  21.589  1.816 0.5000000000
88565  -42.983  21.434  1.016 0.5000000000
87207  -48.243  19.579  3.707 0.8999999762
88544  -48.220  20.290  3.689 0.8999999762
88535  -48.614  20.858  4.368 0.8999999762
89154  -48.353  21.790  4.780 0.8999999762
89142  -48.676  22.336  5.539 0.8999999762
89141  -48.057  22.578  5.264 0.8999999762
87909  -43.388  20.868  0.627 0.5000000000
87233  -44.951  20.029  0.775 0.6999999881
87918  -43.761  20.380  0.284 0.6000000238
85166  -46.117  16.029  23.123 0.2000000030
85167  -46.798  16.272  23.413 0.2000000030
84575  -45.783  15.360  23.441 0.1000000015
84005  -44.712  14.269  24.265 0.1000000015
84574  -44.907  15.177  23.286 0.1000000015
113036  -43.913  13.546  25.717 0.1000000015
87707  -49.257  20.758  20.625 0.6999999881
114505  -48.525  21.361  19.503 0.8000000119
90305  -43.689  23.890  14.547 0.4000000060
89729  -44.541  23.682  14.825 0.4000000060
89720  -45.316  23.395  15.492 0.5000000000
89083  -46.200  22.731  16.770 0.6999999881
89074  -47.643  22.505  17.637 0.6000000238
88446  -47.764  21.630  19.087 0.8000000119
90317  -44.982  23.762  13.933 0.4000000060
89730  -45.655  23.591  14.716 0.5000000000
90332  -43.609  24.834  13.164 0.3000000119
90316  -43.982  23.984  13.871 0.4000000060
90333  -44.423  24.203  13.095 0.4000000060
89740  -45.984  23.651  13.901 0.4000000060
90346  -44.199  25.008  12.519 0.4000000060
90334  -45.364  23.806  13.051 0.4000000060
90925  -44.421  25.513  11.972 0.4000000060
90347  -44.901  24.513  12.367 0.4000000060
90926  -45.333  24.735  11.715 0.5000000000
90937  -45.773  24.780  11.159 0.5000000000
90360  -46.231  24.519  11.619 0.5000000000
126174  -46.490  24.806  11.104 0.5000000000
90938  -47.076  25.017  10.733 0.6000000238
108673  -46.282  24.880  10.475 0.6000000238
90954  -47.848  25.372  10.346 0.6999999881
90966  -48.035  25.577  9.472 0.6999999881
108010  -48.644  25.619  8.850 0.6999999881
89780  -48.638  23.749  6.737 0.8999999762
89790  -47.705  23.287  5.751 0.8999999762
87216  -47.052  19.851  2.919 0.6999999881
87894  -47.085  20.073  2.824 0.8000000119
87895  -47.681  19.901  3.277 0.8000000119
89153  -47.653  22.010  4.532 0.8999999762
88573  -43.169  21.329  0.320 0.5000000000
84584  -45.334  15.827  22.914 0.2000000030
84572  -42.396  15.005  23.530 0.1000000015
121101  -44.425  15.717  22.717 0.2000000030
85181  -45.732  16.420  22.743 0.2000000030
84022  -42.730  14.511  24.128 0.1000000015
84573  -43.965  15.007  23.248 0.2000000030
83384  -43.510  13.821  25.124 0.1000000015
114513  -48.430  18.885  22.769 0.6999999881
87693  -49.058  20.464  21.300 0.6999999881
87719  -48.042  20.805  20.343 0.8999999762
87718  -47.248  20.884  20.067 0.6999999881
110133  -48.707  20.720  20.657 0.8000000119
89718  -43.005  23.679  15.538 0.4000000060
89719  -43.746  23.679  15.219 0.4000000060
89082  -44.610  22.642  16.885 0.4000000060
127013  -45.277  21.954  18.046 0.5000000000
88445  -46.598  21.589  18.844 0.5000000000
88430  -47.043  21.249  19.538 0.8000000119
88431  -47.923  21.192  19.806 0.8000000119
90315  -43.240  24.390  14.034 0.3000000119
119968  -44.407  23.438  15.663 0.4000000060
89072  -45.529  22.392  17.385 0.5000000000
89057  -47.132  22.051  18.274 0.6999999881
90331  -42.944  25.075  13.654 0.3000000119
90919  -43.805  26.072  12.417 0.3000000119
117739  -43.849  26.401  12.106 0.4000000060
126626  -44.058  25.742  11.658 0.5000000000
90936  -44.869  24.998  11.412 0.5000000000
108016  -45.379  24.790  10.703 0.5000000000
90952  -45.684  24.699  9.878 0.6000000238
89179  -45.337  21.662  2.540 0.8000000119
88554  -45.142  21.393  1.513 0.8000000119
90406  -48.620  24.501  7.388 0.8999999762
118200  -45.468  20.516  1.399 0.6999999881
88555  -45.759  20.735  2.030 0.6999999881
88541  -46.041  21.102  2.845 0.8000000119
89152  -46.782  22.175  4.384 0.8000000119
88567  -45.112  20.740  0.781 0.6999999881
89804  -47.234  22.721  5.105 0.8999999762
87927  -43.440  21.176  -0.168 0.5000000000
87935  -44.199  21.626  -0.594 0.5000000000
89190  -42.755  21.837  0.710 0.4000000060
108644  -42.908  21.758  0.099 0.5000000000
88578  -43.405  21.797  -0.603 0.5000000000
84583  -43.106  15.320  22.924 0.1000000015
85179  -43.627  15.880  22.452 0.2000000030
86360  -47.491  18.440  22.412 0.5000000000
87022  -48.065  20.337  20.922 0.8000000119
90373  -43.887  24.537  10.151 0.5000000000
90374  -44.805  24.565  10.055 0.6000000238
89191  -44.826  22.735  -0.016 0.6000000238
88579  -44.556  21.867  -0.403 0.6999999881
88582  -43.863  21.942  -0.812 0.5000000000
85178  -42.733  15.932  22.343 0.1000000015
85190  -44.246  16.459  22.206 0.2000000030
85189  -43.384  16.506  21.965 0.1000000015
85762  -44.912  17.116  22.021 0.3000000119
85776  -45.649  17.788  21.910 0.4000000060
113158  -48.452  20.006  21.540 0.8000000119
85775  -44.051  17.169  21.742 0.3000000119
85764  -46.520  17.689  22.398 0.4000000060
86375  -48.228  19.350  22.066 0.8000000119
83980  -49.616  14.326  26.496 0.3000000119
109581  -44.211  13.282  17.684 0.5000000000
108931  -48.606  23.495  16.451 0.6999999881
90306  -48.536  24.153  14.997 0.6999999881
128746  -48.230  23.594  16.033 0.6999999881
108230  -49.559  19.136  11.859 0.6999999881
87129  -49.970  19.067  9.530 0.8000000119
88447  -48.752  21.647  18.921 0.8999999762
90319  -48.277  24.150  14.055 0.6999999881
88524  -48.949  21.451  5.122 0.8999999762
88536  -49.218  20.434  4.779 0.8999999762
86510  -48.181  19.102  3.944 0.8000000119
109479  -42.276  16.155  17.459 0.5000000000
85222  -43.116  16.262  17.436 0.6000000238
84625  -43.707  15.551  17.630 0.6000000238
85795  -40.496  16.881  17.271 0.2000000030
84623  -41.827  15.359  17.550 0.5000000000
85248  -45.455  17.037  17.134 0.6999999881
85225  -45.934  16.428  17.566 0.6999999881
129915  -42.657  17.612  16.743 0.5000000000
85815  -45.016  17.659  16.697 0.6999999881
85817  -46.780  17.756  16.594 0.6999999881
86410  -39.587  18.405  16.241 0.2000000030
87058  -40.082  19.287  15.255 0.4000000060
116686  -41.049  18.607  16.058 0.3000000119
108246  -43.206  18.679  15.801 0.6000000238
86416  -45.495  18.270  16.208 0.6000000238
86441  -46.789  18.700  15.572 0.6000000238
85826  -47.720  18.466  15.606 0.6999999881
82662  -50.451  13.293  25.482 0.4000000060
86433  -38.715  19.064  15.527 0.2000000030
116747  -38.154  18.508  16.107 0.1000000015
86436  -41.708  18.973  15.578 0.3000000119
86452  -46.938  19.111  14.949 0.6000000238
83361  -49.189  13.898  27.560 0.2000000030
81053  -47.141  11.788  31.842 0.1000000015
82618  -49.212  12.642  29.066 0.1000000015
81075  -46.671  9.855  29.834 0.1000000015
81865  -47.356  10.580  27.999 0.2000000030
81877  -46.156  10.699  26.573 0.2000000030
84549  -50.328  15.390  25.462 0.4000000060
126664  -47.464  11.510  25.965 0.2000000030
120793  -41.485  19.805  14.164 0.6000000238
87095  -42.923  19.841  13.859 0.6000000238
124345  -41.457  20.132  13.587 0.6000000238
87096  -43.735  19.696  14.120 0.6000000238
87761  -41.883  20.366  13.083 0.6000000238
87762  -42.739  20.271  13.187 0.6000000238
87765  -44.886  20.205  13.069 0.6000000238
87779  -42.449  20.629  12.481 0.6000000238
110579  -45.868  19.939  13.473 0.6000000238
87097  -46.779  19.778  13.595 0.6000000238
87099  -48.775  19.174  13.325 0.6999999881
107483  -43.738  21.088  11.171 0.5000000000
87796  -44.524  20.836  11.419 0.6000000238
87798  -47.642  20.278  11.576 0.6000000238
107482  -45.174  20.777  10.855 0.5000000000
87148  -44.125  19.901  6.946 0.5000000000
87841  -44.167  20.658  8.332 0.5000000000
87178  -43.520  19.621  5.199 0.6000000238
125094  -44.328  19.581  5.611 0.6000000238
87163  -43.779  19.694  6.159 0.6000000238
124389  -44.901  20.460  8.212 0.5000000000
87150  -45.932  19.725  7.061 0.6000000238
87192  -45.681  19.504  4.472 0.6999999881
88556  -46.424  20.275  2.399 0.8000000119
87828  -48.278  20.108  9.938 0.6999999881
87189  -42.861  19.774  4.453 0.4000000060
87206  -47.628  19.526  3.497 0.8000000119
83370  -45.414  13.576  25.825 0.1000000015
87844  -47.334  20.294  8.725 0.6000000238
87883  -42.435  20.355  3.942 0.4000000060
126298  -41.914  20.276  4.464 0.4000000060
87919  -44.439  20.426  0.102 0.6999999881
82634  -44.698  13.273  28.108 0.1000000015
83385  -44.526  13.777  25.051 0.1000000015
84004  -43.753  14.290  24.165 0.1000000015
89709  -44.944  23.059  16.159 0.5000000000
88534  -47.985  21.166  4.043 0.8000000119
88574  -44.812  21.133  0.117 0.6999999881
123733  -43.186  14.784  23.551 0.1000000015
90304  -43.049  24.033  14.770 0.4000000060
88542  -46.862  20.716  3.075 0.8000000119
89169  -47.247  21.371  3.802 0.8000000119
81179  -46.696  10.159  18.783 0.1000000015
80386  -47.340  9.748  18.362 0.2000000030
80399  -47.889  9.314  17.657 0.2000000030
79635  -48.452  8.863  16.942 0.2000000030
81960  -44.173  11.209  19.967 0.1000000015
81166  -44.662  10.644  19.274 0.1000000015
81167  -45.529  10.576  19.239 0.1000000015
81178  -45.926  10.137  18.715 0.1000000015
80385  -46.407  9.702  18.253 0.1000000015
80398  -46.931  9.301  17.663 0.2000000030
79634  -47.460  8.801  17.016 0.2000000030
79646  -48.902  8.385  16.199 0.2000000030
80371  -42.432  10.234  19.082 0.1000000015
81165  -43.725  10.606  19.298 0.1000000015
81177  -45.115  10.149  18.717 0.1000000015
80384  -45.542  9.668  18.228 0.1000000015
78853  -47.970  7.163  14.962 0.2000000030
80370  -41.609  10.154  19.225 0.1000000015
80382  -42.987  9.693  18.521 0.1000000015
80380  -41.149  9.616  18.780 0.1000000015
79623  -41.543  8.945  18.226 0.1000000015
79624  -42.465  8.975  18.095 0.1000000015
79626  -40.098  8.338  17.888 0.1000000015
79627  -41.021  8.343  17.750 0.1000000015
81154  -47.795  10.778  20.009 0.1000000015
81180  -47.969  10.009  18.857 0.1000000015
121633  -48.946  9.785  18.732 0.2000000030
80388  -49.817  9.478  18.219 0.2000000030
80401  -50.377  9.139  17.405 0.2000000030
81953  -45.498  11.452  20.494 0.1000000015
81962  -46.099  10.961  19.786 0.1000000015
81169  -47.625  10.415  19.378 0.1000000015
121540  -47.315  10.196  18.934 0.1000000015
80387  -48.207  9.617  18.284 0.2000000030
80400  -49.005  9.314  17.726 0.2000000030
79636  -49.481  8.878  16.811 0.2000000030
123667  -50.401  8.845  16.580 0.2000000030
81961  -45.116  11.116  19.823 0.1000000015
79647  -49.838  8.537  16.058 0.2000000030
81151  -42.596  11.035  20.446 0.1000000015
81152  -43.347  11.066  19.948 0.1000000015
78849  -47.549  7.545  15.747 0.2000000030
78850  -48.408  7.783  15.593 0.2000000030
79653  -50.158  8.405  15.340 0.2000000030
111834  -47.083  6.870  15.270 0.2000000030
81170  -48.399  10.322  19.431 0.1000000015
110025  -45.270  11.847  21.988 0.1000000015
81936  -45.802  11.744  21.248 0.1000000015
110811  -46.400  11.407  20.561 0.1000000015
129561  -47.332  10.668  19.690 0.1000000015
81155  -48.749  10.673  20.152 0.1000000015
113089  -49.360  10.258  19.501 0.4000000060
80373  -50.076  9.795  18.903 0.4000000060
80389  -50.891  9.406  18.251 0.3000000119
79637  -51.412  8.954  16.745 0.2000000030
81934  -43.888  11.480  21.480 0.1000000015
81952  -44.756  11.432  20.447 0.1000000015
79648  -50.922  8.741  15.981 0.2000000030
81951  -43.500  11.339  20.652 0.1000000015
128731  -48.700  7.601  15.051 0.2000000030
78857  -49.317  7.970  14.896 0.2000000030
79657  -50.284  8.394  14.676 0.2000000030
81172  -51.755  10.192  19.873 0.4000000060
80375  -52.701  9.714  19.083 0.3000000119
81157  -51.406  10.673  20.738 0.4000000060
82681  -47.198  12.261  22.746 0.2000000030
81924  -47.928  12.108  22.287 0.3000000119
81956  -49.164  11.141  20.846 0.3000000119
114735  -50.680  10.540  20.297 0.4000000060
80374  -51.314  9.737  19.035 0.4000000060
80390  -52.231  9.389  18.320 0.3000000119
81920  -43.976  11.368  22.436 0.2000000030
111599  -44.534  11.643  21.974 0.2000000030
107391  -46.998  12.088  22.055 0.2000000030
81938  -47.605  11.693  21.419 0.2000000030
81955  -48.188  11.207  20.750 0.2000000030
81156  -49.741  10.625  20.245 0.4000000060
81171  -50.439  10.234  19.618 0.5000000000
79638  -52.608  9.150  16.959 0.2000000030
81919  -43.327  11.245  22.000 0.1000000015
79649  -52.188  9.089  16.087 0.2000000030
115972  -43.251  10.544  23.480 0.1000000015
122480  -52.513  9.255  15.297 0.2000000030
79658  -51.284  8.727  14.361 0.2000000030
79669  -51.756  9.074  13.695 0.2000000030
110315  -52.420  9.273  14.423 0.2000000030
80428  -52.024  9.516  12.944 0.2000000030
119492  -52.039  9.908  12.279 0.1000000015
80438  -51.197  9.351  12.639 0.2000000030
81941  -50.593  11.455  21.784 0.4000000060
81140  -52.153  10.969  21.254 0.5000000000
82682  -47.793  12.341  23.221 0.3000000119
81925  -48.957  11.974  22.299 0.3000000119
81940  -49.565  11.520  21.628 0.5000000000
81957  -50.292  11.003  20.975 0.4000000060
81158  -52.585  10.512  20.539 0.5000000000
81173  -52.917  10.028  19.628 0.4000000060
80391  -53.590  9.620  18.270 0.3000000119
128303  -44.260  11.366  22.972 0.2000000030
81921  -44.768  11.670  22.753 0.2000000030
81923  -46.483  12.179  22.722 0.2000000030
125913  -53.592  9.934  19.048 0.4000000060
80403  -52.932  9.278  17.648 0.3000000119
81128  -43.845  11.056  23.197 0.2000000030
81915  -44.468  11.310  23.501 0.2000000030
81916  -45.360  11.703  23.619 0.2000000030
82660  -47.020  12.132  24.344 0.3000000119
80392  -53.932  10.079  18.655 0.4000000060
81182  -54.000  10.149  18.367 0.4000000060
80404  -54.107  9.939  17.811 0.3000000119
119385  -53.653  9.598  17.188 0.3000000119
79584  -41.716  8.262  24.702 0.1000000015
80336  -42.655  9.508  24.263 0.1000000015
81119  -43.239  10.095  24.246 0.1000000015
81108  -43.768  10.125  24.974 0.2000000030
81893  -45.827  11.090  25.613 0.2000000030
81905  -45.622  11.421  24.630 0.2000000030
81181  -54.046  10.146  17.672 0.3000000119
80406  -53.703  9.798  16.252 0.3000000119
79650  -53.000  9.438  15.844 0.2000000030
81191  -53.755  10.065  15.948 0.3000000119
80412  -53.782  9.970  15.824 0.2000000030
80411  -53.626  9.867  15.496 0.2000000030
81199  -50.919  10.671  14.978 0.2000000030
81213  -52.265  10.530  14.571 0.2000000030
81214  -53.166  10.170  14.324 0.2000000030
80419  -53.485  9.966  14.828 0.3000000119
80418  -53.120  9.740  14.286 0.2000000030
81198  -49.687  10.594  15.213 0.2000000030
81225  -52.279  10.553  13.537 0.2000000030
80429  -53.096  9.991  13.875 0.2000000030
79659  -52.729  9.734  13.471 0.2000000030
81212  -50.192  10.603  14.355 0.2000000030
120705  -51.313  10.652  14.199 0.2000000030
80440  -52.645  10.284  12.983 0.2000000030
81232  -52.414  10.813  12.529 0.2000000030
80439  -52.463  10.157  12.551 0.1000000015
81224  -50.959  10.839  13.569 0.2000000030
82019  -51.812  11.061  12.835 0.2000000030
81139  -51.182  11.097  21.322 0.5000000000
82683  -49.355  12.292  23.096 0.3000000119
81942  -51.663  11.430  21.855 0.5000000000
82675  -48.719  12.434  23.806 0.3000000119
82676  -49.853  12.635  23.911 0.4000000060
81159  -53.517  10.609  20.281 0.5000000000
117784  -46.633  11.627  25.064 0.2000000030
82674  -47.752  12.345  24.083 0.2000000030
81174  -53.766  10.508  19.166 0.5000000000
79585  -42.542  8.641  25.067 0.1000000015
80329  -43.740  9.287  26.085 0.1000000015
81892  -44.976  10.870  25.216 0.1000000015
81894  -46.634  11.197  25.995 0.2000000030
81190  -52.815  10.500  16.102 0.3000000119
80337  -43.186  9.418  25.024 0.1000000015
123684  -51.874  10.636  15.511 0.2000000030
81185  -53.654  10.316  16.824 0.3000000119
81197  -48.663  10.542  15.318 0.2000000030
81223  -49.645  10.748  13.644 0.2000000030
81211  -49.085  10.494  14.507 0.2000000030
81927  -51.067  11.854  22.488 0.5000000000
82646  -48.599  12.356  24.742 0.2000000030
82661  -49.529  12.595  24.727 0.4000000060
123075  -51.578  10.723  16.331 0.3000000119
81196  -47.807  10.519  15.297 0.2000000030
115248  -48.267  10.458  14.703 0.2000000030
82684  -50.413  12.383  23.115 0.4000000060
83400  -51.747  13.485  23.547 0.5000000000
83433  -43.464  13.517  17.571 0.4000000060
85763  -45.717  17.045  22.401 0.2000000030
86373  -44.517  18.633  21.167 0.2000000030
111015  -45.529  18.647  21.402 0.3000000119
87006  -46.480  19.267  21.293 0.5000000000
87021  -46.998  20.005  20.813 0.5000000000
123926  -40.212  20.262  13.542 0.4000000060
107300  -44.748  17.877  21.585 0.2000000030
119536  -43.829  17.924  21.354 0.2000000030
86383  -43.583  18.659  20.928 0.2000000030
87760  -40.936  20.409  13.095 0.4000000060
87777  -40.617  20.673  12.212 0.4000000060
87778  -41.561  20.656  12.377 0.4000000060
87791  -39.358  20.684  11.089 0.3000000119
87792  -40.308  20.822  11.308 0.4000000060
87793  -41.289  20.889  11.547 0.4000000060
129282  -42.530  21.119  11.370 0.4000000060
107481  -40.807  20.893  9.781 0.3000000119
107484  -41.020  20.989  10.642 0.3000000119
87807  -42.034  21.220  10.913 0.4000000060
87808  -42.930  21.213  10.932 0.3000000119
88523  -40.424  21.693  5.440 0.3000000119
89149  -41.477  22.318  4.142 0.3000000119
88533  -41.872  21.594  3.916 0.3000000119
110365  -42.405  21.724  2.801 0.3000000119
89164  -41.546  22.961  3.617 0.3000000119
89820  -41.888  22.906  2.741 0.3000000119
89165  -41.971  22.300  3.231 0.3000000119
89813  -41.354  23.647  3.173 0.3000000119
89177  -42.331  22.201  2.287 0.3000000119
89183  -42.556  21.993  1.442 0.4000000060
127523  -38.604  20.549  10.808 0.3000000119
107486  -39.007  20.570  10.355 0.3000000119
107480  -41.706  21.142  9.960 0.3000000119
107479  -42.642  21.259  10.073 0.3000000119
127053  -43.194  21.226  9.674 0.3000000119
107478  -43.591  21.240  10.200 0.3000000119
87806  -39.004  20.390  9.524 0.3000000119
87835  -38.664  20.370  8.093 0.3000000119
87836  -39.255  20.217  8.233 0.3000000119
87837  -39.969  20.338  8.529 0.3000000119
87838  -41.430  20.525  8.328 0.3000000119
87854  -42.772  20.434  7.650 0.3000000119
88514  -38.927  21.113  6.987 0.3000000119
87850  -38.836  20.633  7.416 0.3000000119
87144  -39.786  20.071  7.074 0.3000000119
87135  -39.993  20.128  7.695 0.3000000119
87852  -40.962  20.204  7.593 0.4000000060
87853  -41.884  20.379  7.644 0.4000000060
121380  -42.274  20.178  7.039 0.5000000000
87147  -43.105  20.046  6.799 0.5000000000
128536  -38.987  21.719  6.916 0.3000000119
87871  -39.937  20.975  5.909 0.3000000119
87865  -39.633  20.456  6.550 0.3000000119
87160  -40.540  19.972  6.287 0.3000000119
87161  -41.140  19.855  6.219 0.3000000119
87162  -42.118  19.793  6.219 0.5000000000
88522  -39.846  21.762  6.012 0.3000000119
87872  -40.719  20.778  5.323 0.3000000119
107278  -41.433  20.265  4.920 0.3000000119
87176  -41.633  19.827  5.511 0.3000000119
87881  -41.392  21.000  4.661 0.3000000119
87882  -41.900  20.778  4.229 0.3000000119
90443  -40.957  24.388  2.741 0.2000000030
120177  -41.111  24.363  1.973 0.3000000119
89819  -41.585  23.594  2.275 0.3000000119
110894  -41.912  23.341  1.552 0.3000000119
89828  -42.215  22.750  1.911 0.3000000119
108047  -42.396  22.545  1.136 0.3000000119
87805  -38.180  20.417  10.003 0.3000000119
122567  -42.241  21.143  9.598 0.3000000119
87819  -38.233  20.320  9.209 0.3000000119
87822  -42.759  21.100  9.192 0.3000000119
87821  -41.821  20.896  9.133 0.3000000119
87839  -42.337  20.694  8.392 0.3000000119
89835  -42.048  23.314  0.793 0.3000000119
90449  -40.682  24.883  1.448 0.2000000030
89827  -41.374  24.104  1.237 0.3000000119
89834  -41.501  24.111  0.286 0.3000000119
90448  -40.426  25.112  2.256 0.2000000030
129606  -39.904  25.604  2.164 0.2000000030
89189  -42.542  22.464  0.257 0.3000000119
89197  -42.551  22.800  -0.434 0.3000000119
126578  -39.791  25.586  2.684 0.2000000030
91037  -40.008  25.564  1.557 0.2000000030
91038  -40.340  25.265  0.914 0.2000000030
124235  -43.567  22.316  -1.021 0.4000000060
90453  -40.870  24.779  0.650 0.3000000119
89839  -42.341  23.462  -0.744 0.3000000119
89204  -43.193  22.501  -1.045 0.4000000060
110514  -42.138  23.399  -0.072 0.3000000119
88566  -44.789  21.707  0.481 0.5000000000
89199  -44.896  22.767  -0.897 0.5000000000
122905  -44.393  23.138  -1.473 0.4000000060
89849  -44.935  23.215  -1.439 0.4000000060
89852  -43.443  23.959  -1.758 0.3000000119
89853  -44.153  23.653  -1.634 0.3000000119
90468  -44.725  24.219  -1.562 0.4000000060
90460  -41.735  24.221  -0.769 0.3000000119
89845  -42.441  23.981  -1.434 0.3000000119
91067  -44.079  24.464  -1.737 0.3000000119
90467  -42.880  24.250  -1.874 0.3000000119
90474  -43.754  24.359  -1.807 0.3000000119
89803  -46.294  22.869  4.955 0.6999999881
89151  -45.857  22.376  4.233 0.6999999881
89167  -45.541  21.965  3.429 0.6999999881
89178  -44.701  22.294  2.243 0.6999999881
118912  -44.660  22.585  0.581 0.6999999881
89836  -44.802  23.438  0.213 0.6000000238
90461  -45.126  24.115  -0.286 0.6999999881
90462  -45.230  24.131  -0.749 0.6000000238
118534  -45.324  24.995  -0.385 0.6000000238
91044  -39.912  25.755  0.684 0.2000000030
112512  -45.145  24.556  -1.030 0.6000000238
91045  -40.428  25.371  0.168 0.2000000030
90459  -41.023  24.862  -0.293 0.3000000119
126340  -41.822  24.655  -1.705 0.3000000119
90466  -42.327  24.794  -2.214 0.3000000119
90473  -42.958  24.795  -2.326 0.3000000119
89801  -44.591  23.426  4.489 0.6999999881
89802  -45.382  23.084  4.771 0.6999999881
90437  -43.495  24.542  3.724 0.6999999881
89800  -43.918  23.893  4.112 0.6999999881
89815  -44.378  23.213  3.635 0.6999999881
89822  -44.283  23.052  2.747 0.6999999881
89814  -43.812  23.781  3.204 0.6999999881
89821  -43.857  23.674  2.102 0.6999999881
91033  -43.437  25.420  2.381 0.6999999881
90450  -43.649  24.727  1.696 0.6999999881
91039  -43.817  25.676  1.424 0.6999999881
125170  -45.157  25.299  0.299 0.6999999881
91593  -39.474  26.328  0.373 0.2000000030
91051  -40.029  25.987  -0.222 0.2000000030
91057  -40.058  26.144  -1.271 0.2000000030
91608  -44.840  25.742  -0.969 0.4000000060
91061  -44.882  24.960  -1.190 0.4000000060
91052  -40.525  25.521  -0.847 0.2000000030
90465  -41.170  25.028  -1.371 0.3000000119
90472  -42.138  25.536  -2.660 0.3000000119
91607  -43.593  25.746  -1.793 0.3000000119
91066  -43.425  25.042  -2.182 0.3000000119
90980  -47.758  25.362  8.621 0.6000000238
90992  -47.449  25.097  7.907 0.6000000238
90993  -48.025  24.925  7.470 0.8000000119
89779  -47.329  23.993  6.284 0.8000000119
89789  -46.810  23.400  5.605 0.8000000119
89788  -45.842  23.523  5.475 0.8000000119
91027  -43.232  25.283  3.329 0.6999999881
91576  -43.161  26.077  2.832 0.6999999881
111222  -43.542  26.162  2.045 0.6999999881
91040  -44.883  25.938  0.722 0.6999999881
91046  -45.684  25.926  0.243 0.6999999881
91592  -39.058  26.911  0.094 0.2000000030
91594  -45.800  26.513  0.209 0.6999999881
91053  -45.351  25.397  -0.603 0.6000000238
125376  -45.322  26.513  -0.438 0.5000000000
91065  -41.368  25.944  -2.642 0.3000000119
91618  -42.919  25.645  -2.461 0.3000000119
91599  -44.271  26.411  -0.835 0.4000000060
123759  -46.649  24.873  7.638 0.6000000238
91002  -47.083  24.815  7.270 0.6000000238
90405  -47.463  24.587  6.861 0.6999999881
123659  -42.686  30.495  4.432 0.6999999881
93860  -42.158  29.838  4.265 0.6999999881
93305  -42.234  29.181  3.941 0.6999999881
92166  -42.571  27.564  3.512 0.6999999881
93312  -43.066  29.015  3.317 0.6999999881
91575  -42.829  26.795  3.164 0.6999999881
89787  -44.930  23.731  5.298 0.6999999881
93306  -43.278  29.780  3.796 0.6999999881
93313  -44.435  29.244  3.283 0.6999999881
92170  -43.142  27.647  2.726 0.6999999881
93871  -45.188  29.801  3.775 0.6999999881
92753  -43.942  28.724  2.847 0.6999999881
92178  -44.549  27.433  1.786 0.6999999881
91586  -44.487  26.676  1.430 0.6999999881
92190  -38.892  27.607  0.073 0.2000000030
93314  -46.549  29.187  2.973 0.6999999881
92761  -46.146  28.683  2.386 0.6999999881
92179  -45.517  27.659  1.478 0.6999999881
92191  -39.421  27.262  -0.880 0.2000000030
91598  -39.587  26.537  -0.568 0.2000000030
92173  -46.031  28.295  1.870 0.6999999881
92768  -46.001  28.481  1.622 0.6999999881
91587  -45.649  26.878  0.812 0.6999999881
92784  -39.255  28.292  -0.602 0.2000000030
91605  -40.141  26.472  -2.166 0.2000000030
91058  -40.769  25.845  -1.999 0.2000000030
93332  -46.284  29.002  1.686 0.6999999881
92186  -45.540  27.748  0.481 0.6000000238
92195  -45.795  26.962  -0.011 0.5000000000
91614  -40.404  26.976  -2.682 0.2000000030
92194  -45.093  27.117  -0.245 0.5000000000
114930  -41.023  27.062  -2.989 0.3000000119
92216  -41.939  26.782  -2.761 0.2000000030
91606  -42.675  26.252  -2.371 0.4000000060
92205  -43.163  26.592  -1.562 0.4000000060
91001  -46.176  24.766  7.128 0.6000000238
109085  -46.536  24.463  6.615 0.6000000238
107769  -45.272  24.748  7.006 0.6000000238
90417  -46.392  23.918  6.035 0.6999999881
90414  -43.888  24.704  5.265 0.6999999881
90428  -43.629  24.608  4.572 0.6999999881
91567  -42.511  26.705  4.096 0.6999999881
94429  -43.393  31.191  4.801 0.6999999881
93861  -44.199  30.474  4.317 0.6999999881
93872  -46.668  29.870  3.545 0.6999999881
93315  -46.737  29.585  3.012 0.6999999881
93321  -46.513  29.228  2.478 0.6999999881
123867  -45.716  29.478  1.589 0.6000000238
92783  -38.771  28.259  0.217 0.2000000030
92202  -39.723  27.947  -1.698 0.2000000030
118325  -39.850  27.104  -1.987 0.2000000030
92185  -44.376  27.744  0.117 0.4000000060
92215  -41.375  27.330  -2.954 0.4000000060
92204  -42.271  27.043  -2.227 0.4000000060
92193  -43.727  27.122  -0.579 0.4000000060
91000  -44.388  24.996  6.778 0.6000000238
90416  -45.523  24.216  6.041 0.6000000238
91542  -42.459  26.272  7.302 0.5000000000
91543  -43.059  25.885  6.832 0.6000000238
90999  -43.672  25.382  6.625 0.6000000238
119763  -44.841  24.638  6.417 0.6999999881
92724  -40.957  28.002  6.950 0.5000000000
92135  -41.971  26.898  6.958 0.6000000238
92142  -42.060  27.031  6.313 0.6000000238
91549  -42.629  26.383  6.069 0.6999999881
91010  -43.835  25.082  5.985 0.6999999881
90415  -44.502  24.431  5.686 0.6999999881
92730  -40.637  28.790  6.696 0.5000000000
92141  -41.536  27.541  6.613 0.6000000238
92151  -41.635  27.750  5.914 0.6999999881
92152  -42.099  27.193  5.545 0.6999999881
91559  -42.974  25.729  5.472 0.6999999881
92731  -41.188  28.303  6.293 0.5000000000
92158  -41.732  27.902  5.185 0.6999999881
92159  -42.158  27.533  4.513 0.6999999881
91558  -42.455  26.567  5.078 0.6999999881
110731  -43.397  25.171  5.089 0.6999999881
93837  -39.556  30.149  7.438 0.5000000000
93844  -40.061  30.244  6.725 0.5000000000
93291  -40.473  29.610  6.447 0.5000000000
126009  -40.767  29.802  5.909 0.6000000238
93859  -41.597  30.287  4.824 0.6000000238
91020  -43.129  25.265  4.285 0.6999999881
94430  -44.771  31.069  4.820 0.6999999881
93862  -46.135  30.526  4.427 0.6999999881
93894  -46.315  29.592  2.069 0.6000000238
93331  -44.519  29.579  1.425 0.5000000000
116400  -38.913  28.955  0.083 0.2000000030
92787  -43.038  27.818  -0.227 0.3000000119
92775  -43.508  28.426  0.420 0.3000000119
92793  -39.702  28.882  -1.522 0.2000000030
92774  -42.426  28.569  0.014 0.3000000119
92213  -40.231  27.669  -2.537 0.2000000030
92795  -41.892  27.909  -1.910 0.3000000119
92192  -42.611  27.361  -1.170 0.3000000119
94919  -35.702  32.669  11.081 0.4000000060
94382  -36.626  31.560  10.273 0.4000000060
94923  -36.261  32.347  9.959 0.4000000060
94383  -37.191  31.421  9.495 0.4000000060
94391  -38.428  31.309  8.196 0.4000000060
94934  -38.542  32.506  7.743 0.5000000000
93836  -39.018  30.920  7.724 0.5000000000
93828  -39.045  30.014  8.159 0.5000000000
93843  -39.703  30.968  6.990 0.5000000000
94409  -40.716  31.836  6.131 0.6000000238
94955  -41.385  32.593  6.018 0.6000000238
94956  -42.390  32.579  5.714 0.6000000238
94408  -40.289  31.046  6.389 0.5000000000
93851  -40.546  30.363  6.141 0.6999999881
93852  -41.000  30.359  5.558 0.6999999881
94428  -42.153  31.160  4.949 0.6000000238
94421  -47.402  31.750  5.114 0.6999999881
93863  -47.255  30.724  4.221 0.6999999881
93864  -47.354  31.193  4.225 0.6000000238
93883  -46.727  29.845  2.689 0.6000000238
94453  -46.529  30.560  2.912 0.6000000238
93893  -45.222  30.005  1.801 0.6999999881
93340  -43.995  29.041  0.952 0.5000000000
93363  -40.918  29.099  -3.182 0.3000000119
92786  -42.162  28.192  -0.869 0.3000000119
92813  -41.208  28.527  -3.162 0.3000000119
92794  -41.674  28.543  -2.598 0.4000000060
129741  -41.938  28.901  -0.652 0.4000000060
115463  -41.263  28.049  -3.030 0.3000000119
92785  -41.820  28.860  -1.732 0.3000000119
95442  -36.838  33.494  8.751 0.4000000060
94926  -36.582  32.763  9.265 0.4000000060
119024  -37.209  32.872  8.673 0.5000000000
94935  -39.176  32.366  7.349 0.5000000000
116905  -39.568  32.949  7.028 0.5000000000
94944  -39.688  32.312  6.918 0.5000000000
94958  -45.056  32.439  5.663 0.6000000238
94419  -44.232  31.739  5.288 0.6000000238
94969  -47.734  32.225  4.956 0.6999999881
93892  -43.701  30.159  1.731 0.4000000060
93338  -41.944  29.350  0.033 0.4000000060
93330  -43.095  29.621  1.271 0.3000000119
93916  -41.938  29.730  -2.182 0.4000000060
117506  -41.853  29.533  -0.950 0.4000000060
93375  -41.412  29.207  -3.191 0.3000000119
92802  -41.448  28.797  -3.019 0.3000000119
93353  -41.768  29.355  -2.789 0.4000000060
81142  -53.631  10.857  20.805 0.5000000000
82677  -50.872  12.889  23.859 0.5000000000
107816  -44.036  14.034  17.919 0.4000000060
81110  -45.163  10.378  26.323 0.1000000015
114670  -49.346  12.492  25.558 0.2000000030
87840  -43.257  20.759  8.390 0.3000000119
109519  -47.248  18.990  21.771 0.4000000060
89184  -44.622  22.294  1.349 0.6000000238
88583  -44.221  22.368  -1.016 0.4000000060
86374  -46.479  18.443  21.840 0.3000000119
87007  -47.592  19.661  21.381 0.6000000238
89192  -44.687  21.986  -0.274 0.5000000000
89841  -45.127  23.378  -0.638 0.5000000000
87794  -42.149  20.919  11.762 0.4000000060
81168  -46.901  10.538  19.393 0.1000000015
117148  -46.233  10.472  19.178 0.1000000015
81176  -44.292  10.125  18.746 0.1000000015
79645  -47.973  8.248  16.319 0.2000000030
79652  -49.216  8.096  15.482 0.2000000030
80372  -43.122  10.297  19.001 0.1000000015
81163  -42.032  10.596  19.779 0.1000000015
81164  -42.851  10.694  19.576 0.1000000015
109955  -43.612  10.071  18.751 0.1000000015
80383  -44.697  9.635  18.249 0.1000000015
80381  -42.028  9.624  18.636 0.1000000015
114196  -43.876  9.601  18.328 0.1000000015
79622  -40.611  8.974  18.362 0.1000000015
79628  -41.946  8.348  17.631 0.1000000015
79621  -39.625  8.958  18.554 0.1000000015
81935  -44.832  11.673  21.195 0.1000000015
81153  -46.981  10.973  19.990 0.1000000015
109052  -46.140  12.007  21.996 0.2000000030
81937  -46.705  11.744  21.308 0.2000000030
81954  -47.286  11.313  20.656 0.2000000030
80402  -51.796  9.142  17.533 0.3000000119
79654  -51.419  8.809  15.171 0.2000000030
81939  -48.555  11.621  21.521 0.3000000119
81922  -45.660  12.009  22.734 0.2000000030
79639  -53.123  9.403  16.483 0.2000000030
81120  -43.925  10.735  24.085 0.1000000015
81127  -42.535  10.355  22.949 0.1000000015
80410  -53.187  9.627  14.982 0.2000000030
121555  -48.504  12.277  22.941 0.3000000119
81926  -49.971  11.891  22.419 0.5000000000
82673  -46.911  12.260  23.499 0.2000000030
108054  -46.108  12.098  23.330 0.2000000030
81904  -44.757  11.153  24.315 0.1000000015
81917  -46.247  11.952  24.077 0.2000000030
81906  -47.739  12.046  25.076 0.2000000030
80407  -54.011  9.947  16.761 0.3000000119
79579  -42.102  7.712  25.733 0.1000000015
109997  -44.336  10.647  24.836 0.1000000015
81201  -53.599  10.056  15.205 0.2000000030
81200  -53.118  10.343  15.220 0.2000000030
81226  -52.772  10.289  13.393 0.2000000030
79580  -42.778  7.917  26.340 0.1000000015
79581  -43.148  8.695  25.827 0.1000000015
107485  -39.922  20.755  10.297 0.3000000119
87776  -39.653  20.646  11.994 0.3000000119
107689  -39.966  20.578  9.327 0.3000000119
127694  -41.319  20.900  9.471 0.3000000119
109842  -40.862  20.639  8.978 0.3000000119
89140  -40.873  22.453  4.926 0.3000000119
113340  -41.211  22.983  4.362 0.3000000119
88532  -41.109  21.616  4.748 0.3000000119
87820  -39.320  20.272  8.843 0.3000000119
87851  -39.307  20.261  7.615 0.3000000119
88502  -38.260  20.900  7.957 0.3000000119
87834  -37.977  20.513  8.649 0.3000000119
121249  -40.632  20.345  8.216 0.3000000119
89130  -38.627  21.439  7.400 0.3000000119
88515  -39.359  21.259  6.500 0.3000000119
126240  -39.316  20.358  7.111 0.3000000119
87159  -40.099  20.030  6.560 0.3000000119
87145  -40.510  19.970  6.879 0.3000000119
87146  -41.452  20.043  6.900 0.4000000060
108143  -40.231  20.276  6.020 0.3000000119
87175  -40.886  20.013  5.697 0.3000000119
89840  -42.768  22.930  -1.019 0.3000000119
89150  -45.028  22.703  4.006 0.6999999881
89829  -44.130  24.037  0.926 0.6999999881
90454  -44.189  25.031  0.750 0.6999999881
91059  -41.598  25.314  -2.240 0.3000000119
91617  -42.309  25.981  -2.688 0.3000000119
91019  -42.818  25.964  3.726 0.6999999881
91580  -43.545  26.955  2.241 0.6999999881
91588  -45.659  27.363  0.627 0.6999999881
91615  -40.813  26.437  -2.737 0.2000000030
94418  -42.850  31.842  5.332 0.6000000238
93304  -41.609  29.339  4.665 0.6999999881
92754  -45.506  28.830  2.923 0.6999999881
92776  -44.934  28.469  0.638 0.5000000000
92203  -41.620  27.760  -2.765 0.4000000060
92134  -41.350  27.305  7.280 0.5000000000
93298  -41.159  29.591  5.385 0.6999999881
94417  -41.612  31.757  5.560 0.6000000238
93337  -39.187  29.874  -0.096 0.2000000030
93339  -42.699  29.090  0.674 0.3000000119
95437  -36.124  33.631  9.300 0.4000000060
118394  -41.278  33.206  6.327 0.5000000000
94945  -40.431  32.749  6.554 0.5000000000
129944  -40.517  12.600  15.878 0.1000000015
82719  -41.098  12.569  16.118 0.1000000015
82734  -41.540  12.280  15.473 0.1000000015
109274  -42.329  11.890  15.229 0.1000000015
81995  -43.389  11.613  15.573 0.1000000015
116284  -43.828  11.235  13.723 0.1000000015
82735  -42.698  12.112  16.021 0.1000000015
82732  -39.911  12.694  15.645 0.1000000015
82014  -45.629  10.937  13.454 0.1000000015
81220  -46.411  10.780  13.523 0.1000000015
82006  -44.515  10.852  14.376 0.1000000015
82007  -45.182  10.728  14.049 0.1000000015
83447  -39.599  13.151  16.352 0.1000000015
83477  -37.491  13.438  13.106 0.1000000015
83478  -38.296  13.291  13.550 0.1000000015
83473  -39.235  12.775  14.882 0.1000000015
111077  -39.019  13.020  13.929 0.1000000015
82028  -47.610  11.637  12.008 0.1000000015
81233  -52.389  10.727  12.025 0.1000000015
83450  -42.973  12.914  17.184 0.1000000015
82721  -43.353  12.265  16.582 0.1000000015
82032  -52.220  11.420  11.478 0.1000000015
83472  -38.421  13.060  14.580 0.1000000015
122688  -38.277  13.118  15.397 0.1000000015
83463  -38.954  12.979  15.774 0.1000000015
81208  -45.847  10.566  14.206 0.1000000015
81209  -46.681  10.470  14.353 0.1000000015
120137  -49.780  11.696  12.176 0.1000000015
82038  -49.783  12.317  11.259 0.1000000015
82040  -52.073  11.861  10.432 0.1000000015
124838  -37.775  13.191  14.901 0.1000000015
82016  -47.963  11.070  12.845 0.1000000015
82029  -48.704  11.629  12.065 0.1000000015
82030  -51.004  12.077  11.731 0.1000000015
82789  -51.498  12.370  10.160 0.1000000015
82039  -51.874  12.125  11.087 0.1000000015
81222  -48.373  10.608  13.804 0.1000000015
112344  -42.503  12.586  16.616 0.1000000015
81210  -47.552  10.449  14.503 0.1000000015
82018  -50.606  11.346  12.750 0.1000000015
126017  -40.064  14.060  17.223 0.1000000015
83431  -40.766  13.902  17.270 0.2000000030
83448  -40.963  13.176  16.809 0.2000000030
83432  -41.696  13.660  17.256 0.2000000030
123574  -42.294  13.084  17.099 0.2000000030
82031  -51.929  11.618  12.042 0.1000000015
83446  -38.278  13.281  16.031 0.1000000015
84076  -39.469  13.786  16.901 0.1000000015
82017  -49.102  11.126  12.889 0.1000000015
83471  -37.625  13.285  14.086 0.1000000015
107140  -42.638  13.679  17.429 0.3000000119
84062  -41.301  14.577  17.500 0.3000000119
82712  -43.746  12.775  17.283 0.1000000015
110973  -38.812  13.494  16.436 0.1000000015
84075  -38.723  14.159  16.969 0.1000000015
84060  -39.502  14.603  17.332 0.1000000015
84061  -40.419  14.639  17.454 0.2000000030
83462  -37.532  13.331  15.670 0.1000000015
109106  -40.015  15.296  17.512 0.2000000030
124037  -44.100  12.314  16.909 0.3000000119
84063  -42.236  14.523  17.538 0.3000000119
84059  -38.008  14.611  17.101 0.1000000015
111645  -39.194  15.579  17.470 0.1000000015
84064  -43.261  14.499  17.681 0.4000000060
90989  -43.859  25.202  7.273 0.4000000060
90990  -44.810  24.783  7.413 0.4000000060
90988  -43.013  25.535  7.643 0.4000000060
90975  -42.732  24.984  8.586 0.4000000060
90978  -45.303  24.697  8.242 0.4000000060
90979  -46.619  24.950  8.297 0.5000000000
90976  -43.648  24.921  8.075 0.4000000060
90991  -45.810  24.768  7.601 0.5000000000
91541  -41.748  26.591  7.644 0.4000000060
90383  -44.151  24.480  9.412 0.5000000000
90394  -44.340  24.603  8.571 0.4000000060
90964  -46.046  24.777  9.072 0.5000000000
91533  -41.388  26.116  8.466 0.4000000060
92127  -41.026  26.931  8.010 0.4000000060
92723  -40.396  28.458  7.362 0.4000000060
90382  -43.445  24.487  9.589 0.4000000060
90963  -42.257  24.712  9.512 0.4000000060
90384  -45.059  24.575  9.199 0.5000000000
90974  -41.799  25.283  8.969 0.4000000060
90392  -42.919  24.568  9.321 0.4000000060
90965  -47.025  25.173  9.177 0.5000000000
91532  -40.652  26.466  8.876 0.4000000060
92126  -40.350  27.331  8.431 0.4000000060
92718  -40.092  28.133  8.054 0.4000000060
126331  -46.431  24.937  9.719 0.5000000000
90948  -41.659  25.102  10.478 0.4000000060
90372  -42.892  24.505  10.060 0.4000000060
90961  -41.034  25.613  9.375 0.4000000060
90947  -40.918  25.400  10.216 0.4000000060
91524  -40.389  26.078  9.798 0.4000000060
92125  -39.726  27.786  8.854 0.4000000060
92717  -39.487  28.678  8.472 0.4000000060
93284  -39.516  29.391  7.901 0.4000000060
93285  -40.074  29.346  7.181 0.4000000060
90950  -43.596  25.073  10.835 0.4000000060
90953  -47.097  25.238  9.985 0.5000000000
90949  -42.545  25.006  10.649 0.4000000060
90933  -41.218  25.637  11.015 0.4000000060
92119  -39.424  27.414  9.750 0.4000000060
123697  -47.278  33.184  4.784 0.5000000000
90935  -43.218  25.793  11.322 0.4000000060
91517  -40.404  25.966  10.720 0.4000000060
91516  -39.787  26.590  10.268 0.4000000060
119756  -38.763  27.682  10.738 0.4000000060
93271  -38.905  28.970  9.059 0.4000000060
92709  -38.638  28.558  9.821 0.4000000060
95472  -42.051  33.233  6.113 0.4000000060
95473  -43.071  33.235  6.046 0.5000000000
94959  -46.610  32.491  5.557 0.6000000238
95476  -47.007  33.526  5.869 0.6000000238
91510  -42.956  26.571  11.585 0.3000000119
91511  -43.585  26.644  11.871 0.3000000119
91497  -41.642  26.940  11.969 0.3000000119
91508  -40.852  26.269  11.538 0.4000000060
90934  -42.188  25.616  11.159 0.3000000119
92107  -39.378  27.089  11.775 0.4000000060
91496  -40.424  26.858  12.057 0.4000000060
92112  -38.723  27.614  11.327 0.4000000060
92113  -39.185  27.179  10.759 0.4000000060
107832  -38.211  28.883  10.310 0.4000000060
93260  -37.760  29.543  10.352 0.4000000060
93818  -38.040  29.990  9.433 0.4000000060
93827  -38.379  30.564  8.623 0.4000000060
95949  -42.120  34.459  6.612 0.4000000060
95457  -41.700  33.762  6.444 0.4000000060
95950  -43.193  34.625  6.656 0.4000000060
95459  -43.746  33.931  6.442 0.5000000000
95461  -46.442  34.290  6.323 0.4000000060
95953  -46.828  35.069  6.330 0.4000000060
90918  -43.253  25.855  13.133 0.2000000030
90910  -42.505  25.719  13.786 0.2000000030
91489  -43.568  26.864  12.618 0.2000000030
92098  -43.334  27.768  11.982 0.2000000030
92087  -43.577  27.452  12.233 0.2000000030
92096  -41.231  27.570  12.358 0.2000000030
92685  -40.644  28.224  12.783 0.2000000030
92684  -39.409  28.242  12.844 0.3000000119
92683  -38.432  28.499  12.490 0.4000000060
93253  -37.471  29.583  11.371 0.4000000060
93826  -37.646  30.719  9.392 0.3000000119
95456  -40.855  33.677  6.581 0.4000000060
96385  -43.907  35.610  6.957 0.4000000060
95460  -45.116  34.079  6.480 0.4000000060
95952  -45.923  35.039  6.648 0.3000000119
96810  -45.934  36.698  6.563 0.3000000119
95958  -46.917  35.276  5.822 0.5000000000
90907  -41.268  25.807  14.795 0.2000000030
90909  -41.918  25.582  14.365 0.2000000030
90314  -42.454  24.834  14.317 0.2000000030
91483  -41.983  26.445  14.194 0.2000000030
91488  -42.998  26.648  13.342 0.2000000030
92086  -43.372  27.929  12.378 0.2000000030
92686  -43.175  28.359  12.087 0.2000000030
124468  -42.145  28.461  12.323 0.2000000030
92097  -42.613  27.814  11.970 0.2000000030
92675  -40.064  28.916  13.197 0.3000000119
93245  -38.969  29.034  13.133 0.3000000119
93810  -37.277  30.224  10.757 0.3000000119
93817  -37.136  30.822  10.151 0.3000000119
94390  -37.813  31.335  8.773 0.3000000119
118236  -41.193  35.923  7.299 0.4000000060
96384  -42.615  35.326  6.861 0.4000000060
114774  -39.534  34.477  7.204 0.4000000060
95948  -41.316  34.281  6.638 0.4000000060
96380  -45.486  37.100  7.134 0.3000000119
115852  -40.990  25.248  15.140 0.2000000030
90302  -41.402  24.459  15.423 0.3000000119
129599  -42.678  23.560  15.969 0.3000000119
89707  -43.200  23.288  16.239 0.3000000119
89071  -44.638  22.150  17.667 0.4000000060
92670  -42.166  28.075  14.338 0.2000000030
120885  -41.038  26.641  15.039 0.2000000030
89717  -42.201  23.834  15.695 0.3000000119
89708  -44.111  23.148  16.281 0.3000000119
92083  -41.797  27.256  14.459 0.2000000030
92084  -42.804  27.499  13.493 0.2000000030
92673  -43.199  28.444  13.177 0.2000000030
92677  -43.221  28.753  12.423 0.2000000030
93246  -42.054  29.258  12.540 0.2000000030
92676  -41.134  28.880  12.885 0.2000000030
93235  -38.614  29.859  13.183 0.2000000030
93243  -37.491  29.864  12.277 0.4000000060
93806  -37.106  30.335  11.611 0.4000000060
93809  -36.806  30.872  10.971 0.3000000119
127110  -39.013  34.837  7.459 0.4000000060
95938  -37.946  33.985  7.935 0.4000000060
95944  -38.635  34.306  7.572 0.4000000060
108045  -40.297  35.927  7.478 0.4000000060
95443  -37.590  33.411  8.283 0.4000000060
95444  -38.389  33.343  7.738 0.4000000060
95945  -40.056  35.099  7.170 0.4000000060
96379  -44.536  36.672  7.270 0.3000000119
90298  -40.805  24.189  15.995 0.3000000119
89694  -41.758  22.907  16.837 0.3000000119
89080  -42.732  22.807  16.803 0.3000000119
121672  -43.989  22.342  17.352 0.3000000119
89055  -44.673  21.676  18.330 0.4000000060
89056  -46.089  21.989  18.129 0.5000000000
90906  -40.578  25.813  15.370 0.2000000030
92671  -42.653  28.893  14.466 0.2000000030
93240  -43.592  29.808  12.898 0.2000000030
93231  -43.370  29.155  13.043 0.2000000030
93802  -43.404  30.134  12.141 0.2000000030
107806  -42.829  29.697  12.313 0.2000000030
93247  -43.021  29.028  12.245 0.2000000030
93794  -41.207  30.571  13.159 0.2000000030
93238  -41.850  29.930  12.785 0.2000000030
128299  -37.954  30.026  12.871 0.3000000119
123910  -37.143  30.604  12.219 0.3000000119
94370  -36.507  31.642  11.951 0.3000000119
95936  -36.513  34.345  8.815 0.3000000119
96374  -38.526  35.217  7.687 0.4000000060
88427  -43.590  20.877  19.125 0.3000000119
88428  -44.412  20.908  19.251 0.3000000119
121597  -41.793  21.862  17.934 0.3000000119
88442  -43.189  21.324  18.579 0.3000000119
122946  -44.774  21.303  18.880 0.3000000119
88429  -46.131  21.163  19.358 0.4000000060
94374  -43.498  31.468  12.128 0.2000000030
94373  -42.567  31.489  12.642 0.2000000030
93801  -42.418  30.550  12.626 0.2000000030
94908  -41.837  32.299  13.033 0.2000000030
94364  -41.562  31.414  13.092 0.2000000030
93237  -40.844  29.661  13.165 0.2000000030
116641  -40.917  32.192  13.265 0.2000000030
118782  -40.138  32.057  13.385 0.2000000030
94363  -40.591  31.377  13.332 0.2000000030
94362  -39.671  31.394  13.416 0.2000000030
93793  -40.162  30.550  13.379 0.2000000030
93791  -38.270  30.623  13.133 0.2000000030
113615  -39.297  32.289  13.388 0.2000000030
94907  -38.365  32.039  13.264 0.2000000030
94372  -37.878  31.372  13.034 0.3000000119
94371  -37.081  31.380  12.479 0.3000000119
95904  -35.454  33.705  12.733 0.3000000119
94905  -36.539  32.331  12.430 0.3000000119
95427  -34.645  33.910  11.223 0.3000000119
119434  -34.895  34.017  10.363 0.3000000119
96368  -35.485  35.360  9.626 0.3000000119
96369  -36.313  35.384  9.013 0.3000000119
94916  -36.144  32.140  11.556 0.3000000119
95930  -35.755  34.497  9.363 0.3000000119
96798  -37.475  36.432  8.791 0.3000000119
96802  -38.714  36.172  7.938 0.3000000119
96803  -39.587  36.464  7.859 0.4000000060
118660  -37.064  35.043  8.415 0.4000000060
96804  -40.994  36.788  7.693 0.3000000119
87704  -44.129  19.952  20.150 0.2000000030
89068  -40.314  22.681  17.531 0.3000000119
88440  -41.278  21.430  18.465 0.3000000119
88441  -42.246  21.342  18.517 0.3000000119
87716  -44.878  20.454  19.825 0.2000000030
87717  -45.834  20.688  19.788 0.4000000060
117954  -43.941  33.050  12.309 0.2000000030
94910  -43.896  32.212  12.051 0.2000000030
94375  -44.396  31.536  11.867 0.2000000030
94909  -42.916  32.616  12.583 0.2000000030
94896  -41.230  33.004  13.211 0.2000000030
95400  -39.410  34.131  13.516 0.2000000030
121204  -39.037  34.707  13.808 0.2000000030
94895  -40.252  32.908  13.338 0.2000000030
119054  -38.614  33.617  13.442 0.2000000030
122477  -37.984  33.929  13.465 0.2000000030
95891  -34.829  34.819  13.264 0.2000000030
96344  -34.032  35.891  13.121 0.2000000030
97236  -34.408  37.237  13.493 0.2000000030
94893  -38.497  32.809  13.344 0.2000000030
95399  -37.163  33.970  13.380 0.3000000119
95398  -36.235  33.773  13.149 0.3000000119
96775  -33.966  36.616  13.002 0.2000000030
96361  -33.799  36.069  11.924 0.3000000119
97243  -34.510  37.623  11.838 0.3000000119
122812  -35.082  38.590  11.732 0.2000000030
123879  -35.469  33.269  12.200 0.3000000119
95903  -34.723  34.275  12.744 0.3000000119
95922  -34.566  34.631  10.640 0.3000000119
96789  -34.663  36.300  10.831 0.3000000119
96793  -36.015  36.105  9.534 0.3000000119
96794  -36.812  36.520  9.261 0.3000000119
97253  -37.166  37.619  9.875 0.3000000119
95929  -35.041  34.596  9.918 0.3000000119
87705  -44.995  19.856  20.414 0.2000000030
87706  -46.513  20.448  20.267 0.4000000060
112101  -42.533  35.363  13.227 0.2000000030
95898  -43.534  35.363  12.785 0.2000000030
95905  -43.189  34.435  12.705 0.2000000030
95417  -43.537  33.774  12.515 0.2000000030
95897  -42.421  34.502  12.991 0.2000000030
95403  -42.551  33.680  12.813 0.2000000030
95896  -41.443  34.569  13.352 0.2000000030
95402  -41.690  33.760  13.109 0.2000000030
95895  -40.383  34.358  13.497 0.2000000030
96337  -40.461  35.764  14.145 0.2000000030
96336  -38.988  35.343  14.172 0.2000000030
96348  -37.551  35.115  13.994 0.2000000030
95894  -37.118  34.656  13.681 0.3000000119
96777  -35.188  36.038  14.081 0.2000000030
111689  -34.521  38.030  13.354 0.2000000030
96767  -37.948  36.420  14.715 0.2000000030
96334  -37.193  35.896  14.399 0.2000000030
96346  -35.609  35.175  13.703 0.2000000030
97240  -34.212  37.672  12.719 0.2000000030
97726  -34.733  38.581  12.265 0.2000000030
97732  -36.079  38.412  10.918 0.3000000119
97249  -36.752  38.227  10.483 0.3000000119
124777  -45.759  19.253  21.078 0.2000000030
96778  -42.609  36.246  13.556 0.2000000030
97232  -42.816  38.099  14.481 0.2000000030
97216  -41.881  38.396  14.965 0.2000000030
96771  -42.517  37.176  14.044 0.2000000030
96770  -41.105  36.636  14.385 0.2000000030
96338  -41.493  35.993  13.920 0.2000000030
97227  -36.206  38.342  14.639 0.2000000030
97226  -35.551  37.555  14.398 0.2000000030
97714  -35.018  38.764  13.609 0.2000000030
97715  -35.586  40.076  13.450 0.2000000030
99482  -35.419  43.312  11.675 0.2000000030
98716  -35.655  41.978  11.324 0.2000000030
124214  -36.983  37.084  14.880 0.2000000030
98223  -35.464  40.359  12.762 0.2000000030
98232  -35.719  40.663  12.009 0.2000000030
98238  -35.507  39.651  11.804 0.2000000030
97727  -35.878  39.080  11.287 0.2000000030
97733  -36.706  39.243  10.726 0.2000000030
97250  -37.502  38.568  10.157 0.3000000119
97231  -40.701  37.333  14.801 0.2000000030
110727  -34.318  42.931  12.410 0.2000000030
97701  -37.605  39.596  14.877 0.2000000030
107914  -36.672  39.486  14.558 0.2000000030
98693  -36.381  41.545  13.336 0.2000000030
99092  -36.325  43.070  12.576 0.2000000030
98709  -35.993  41.731  12.092 0.2000000030
99096  -33.786  42.512  11.827 0.2000000030
98239  -35.932  40.870  11.226 0.2000000030
97700  -37.047  38.733  14.905 0.2000000030
97687  -42.792  39.473  15.460 0.2000000030
98700  -32.968  40.844  13.592 0.2000000030
124792  -35.596  41.915  15.422 0.2000000030
99077  -35.218  42.211  14.893 0.2000000030
98692  -34.342  41.446  14.800 0.2000000030
99084  -34.043  41.657  14.110 0.2000000030
99090  -34.154  42.296  13.349 0.2000000030
99095  -32.983  41.715  11.872 0.2000000030
110240  -38.070  42.390  14.248 0.2000000030
99471  -37.322  43.422  13.860 0.2000000030
116446  -35.779  42.930  14.293 0.2000000030
99470  -35.806  43.178  13.510 0.2000000030
97728  -36.329  39.998  11.024 0.2000000030
97681  -33.088  38.570  15.702 0.2000000030
98202  -32.825  39.178  15.103 0.2000000030
98212  -31.898  39.233  13.921 0.2000000030
98203  -34.741  40.224  15.976 0.2000000030
98680  -33.984  40.391  15.388 0.2000000030
98213  -32.702  39.856  14.326 0.2000000030
97699  -32.221  38.964  14.626 0.2000000030
85218  -38.538  16.268  17.370 0.1000000015
121329  -46.563  20.892  19.816 0.4000000060
89081  -43.658  22.737  16.807 0.3000000119
88444  -45.527  21.522  18.704 0.4000000060
91499  -43.665  26.961  12.191 0.2000000030
81221  -47.303  10.683  13.628 0.1000000015
128261  -45.636  20.260  20.202 0.3000000119
93277  -39.125  29.358  8.475 0.4000000060
128251  -38.723  12.939  15.198 0.1000000015
121006  -38.717  14.846  17.320 0.1000000015
111171  -37.914  13.809  16.521 0.1000000015
91498  -43.421  27.295  11.930 0.3000000119
92108  -42.826  27.242  11.771 0.2000000030
90313  -41.650  25.031  14.787 0.3000000119
89716  -41.563  23.851  15.931 0.3000000119
89705  -41.233  23.525  16.392 0.3000000119
89706  -42.216  23.398  16.276 0.3000000119
91481  -40.340  26.467  15.842 0.2000000030
89704  -40.361  23.839  16.598 0.3000000119
115548  -41.281  22.458  17.406 0.3000000119
89069  -42.278  22.347  17.395 0.3000000119
89053  -42.765  21.787  17.943 0.3000000119
89070  -43.215  22.301  17.380 0.3000000119
89054  -43.793  21.816  17.975 0.3000000119
93239  -43.349  29.518  12.316 0.2000000030
121307  -45.244  21.021  19.319 0.3000000119
95401  -40.816  33.720  13.318 0.2000000030
94906  -37.532  32.317  13.030 0.3000000119
95416  -36.879  33.123  13.018 0.3000000119
96362  -33.861  35.297  11.877 0.3000000119
97247  -34.785  37.169  11.213 0.2000000030
96765  -35.775  36.696  14.419 0.2000000030
115993  -35.752  39.227  14.194 0.2000000030
99479  -35.943  43.375  12.263 0.2000000030
98694  -37.289  42.030  13.825 0.2000000030
98703  -36.899  42.935  13.310 0.2000000030
99466  -37.919  43.402  14.366 0.2000000030
80319  -43.942  8.522  27.612 0.1000000015
80312  -44.504  9.046  28.995 0.1000000015
81085  -45.276  9.441  28.406 0.1000000015
86429  -34.656  18.653  15.857 0.1000000015
87053  -35.170  19.127  15.266 0.1000000015
87054  -36.009  19.101  15.367 0.1000000015
86431  -36.363  18.633  15.948 0.1000000015
86430  -35.522  18.646  15.926 0.1000000015
86432  -37.221  18.625  15.958 0.1000000015
121246  -37.812  19.229  15.327 0.1000000015
87071  -35.719  19.422  14.677 0.1000000015
121405  -36.422  19.416  14.862 0.1000000015
87055  -36.834  19.139  15.366 0.1000000015
87052  -34.245  19.095  15.079 0.1000000015
87072  -37.172  19.637  14.595 0.1000000015
87073  -37.996  19.697  14.597 0.1000000015
87056  -38.612  19.556  14.874 0.1000000015
87074  -39.284  19.831  14.458 0.1000000015
87017  -41.345  19.240  20.284 0.2000000030
87702  -42.042  19.791  19.910 0.2000000030
87051  -33.300  19.127  14.912 0.1000000015
87070  -34.837  19.421  14.427 0.1000000015
87069  -33.811  19.452  14.096 0.1000000015
87087  -34.564  19.617  13.457 0.1000000015
87088  -35.466  19.662  13.810 0.1000000015
112413  -36.328  19.694  14.163 0.1000000015
87090  -37.800  20.033  13.961 0.1000000015
120794  -38.575  19.989  14.180 0.1000000015
110535  -33.128  19.657  13.479 0.1000000015
87106  -35.191  19.817  12.842 0.1000000015
87756  -36.805  20.243  12.768 0.1000000015
87757  -37.607  20.289  13.158 0.1000000015
122070  -38.425  20.291  13.393 0.1000000015
87758  -39.032  20.492  12.711 0.2000000030
87759  -39.966  20.470  12.875 0.3000000119
87701  -41.125  19.842  19.807 0.2000000030
87713  -41.885  20.352  19.466 0.2000000030
88426  -42.661  20.794  19.118 0.2000000030
123304  -40.250  20.695  19.350 0.2000000030
88424  -40.727  21.023  18.929 0.2000000030
88425  -41.657  20.887  18.960 0.2000000030
87753  -31.789  20.612  13.475 0.1000000015
87754  -32.387  20.530  13.054 0.1000000015
87104  -33.743  19.888  12.399 0.1000000015
87772  -34.888  19.910  11.973 0.1000000015
87773  -35.845  20.082  12.112 0.1000000015
107235  -36.796  20.308  11.820 0.2000000030
127019  -37.410  20.377  12.420 0.2000000030
114569  -38.136  20.435  12.534 0.2000000030
87774  -37.637  20.447  11.713 0.2000000030
86368  -39.291  18.620  21.814 0.1000000015
87015  -39.508  19.652  20.551 0.1000000015
87699  -39.284  20.252  20.167 0.1000000015
87700  -40.124  20.079  19.809 0.1000000015
88423  -39.016  21.414  19.450 0.1000000015
88439  -40.305  21.601  18.532 0.2000000030
127113  -31.680  21.805  13.481 0.1000000015
88469  -32.082  21.332  13.148 0.1000000015
126176  -30.397  22.319  14.290 0.1000000015
87755  -33.019  20.023  12.753 0.1000000015
87786  -34.213  20.494  11.680 0.1000000015
87787  -35.280  20.144  11.237 0.2000000030
87788  -36.152  20.176  11.085 0.2000000030
87789  -37.001  20.362  10.932 0.2000000030
87804  -37.271  20.398  10.127 0.2000000030
87790  -37.859  20.472  10.860 0.2000000030
120326  -39.403  18.280  22.443 0.2000000030
89051  -39.851  22.279  18.158 0.2000000030
89692  -39.912  23.419  17.195 0.2000000030
89693  -40.780  23.097  16.936 0.2000000030
89096  -32.034  22.332  13.313 0.1000000015
88475  -32.650  21.865  12.774 0.1000000015
88476  -33.318  21.577  12.256 0.1000000015
87769  -32.799  20.939  12.612 0.1000000015
89744  -32.412  23.784  13.149 0.2000000030
89100  -32.594  22.586  12.912 0.2000000030
89105  -33.767  22.364  12.009 0.2000000030
87770  -33.582  20.530  12.110 0.1000000015
88482  -34.654  20.703  11.307 0.1000000015
107714  -34.642  20.164  11.583 0.1000000015
115661  -32.838  23.193  12.805 0.2000000030
89101  -33.122  22.471  12.528 0.2000000030
89106  -34.492  22.292  11.532 0.2000000030
118048  -34.732  21.465  11.262 0.2000000030
88490  -35.868  20.480  10.582 0.2000000030
88491  -36.366  20.797  10.117 0.2000000030
87817  -36.922  20.630  9.739 0.2000000030
88497  -37.340  20.925  9.120 0.2000000030
87818  -37.611  20.489  9.413 0.2000000030
112458  -38.673  20.256  8.723 0.2000000030
88422  -38.325  21.739  19.913 0.1000000015
120163  -38.536  24.055  19.288 0.1000000015
89046  -38.664  22.193  19.201 0.2000000030
89682  -38.562  23.819  18.746 0.1000000015
90291  -39.144  24.542  17.543 0.1000000015
90297  -40.067  24.663  16.337 0.1000000015
89746  -33.840  24.197  12.249 0.2000000030
89751  -34.205  23.226  11.890 0.2000000030
89752  -34.916  23.138  11.400 0.2000000030
89107  -35.217  22.130  10.982 0.2000000030
89113  -35.899  21.485  10.400 0.2000000030
89112  -35.738  22.475  10.579 0.2000000030
89118  -36.718  21.588  9.697 0.2000000030
89122  -37.765  21.303  8.515 0.2000000030
90896  -39.186  25.261  17.768 0.1000000015
91476  -39.990  26.302  16.736 0.1000000015
90904  -39.933  25.631  16.133 0.1000000015
92072  -41.283  27.626  16.176 0.1000000015
90358  -34.318  24.952  11.862 0.2000000030
118513  -34.613  24.053  11.680 0.2000000030
120009  -35.265  23.930  11.178 0.2000000030
89756  -35.475  23.111  10.887 0.2000000030
90359  -35.024  24.797  11.390 0.2000000030
128491  -35.913  23.096  10.504 0.2000000030
119398  -36.227  22.491  10.211 0.2000000030
90370  -36.121  24.333  10.435 0.2000000030
122305  -36.646  22.760  9.785 0.2000000030
128974  -37.372  21.736  9.085 0.2000000030
90381  -37.252  24.413  9.347 0.2000000030
123187  -37.783  22.493  8.620 0.2000000030
89123  -38.251  21.891  7.969 0.2000000030
89769  -38.100  23.561  8.406 0.2000000030
89773  -38.622  23.609  7.788 0.2000000030
89774  -39.074  23.667  7.249 0.2000000030
89131  -39.558  23.394  6.589 0.2000000030
89136  -39.461  22.254  6.520 0.2000000030
108179  -40.200  22.703  5.795 0.2000000030
92045  -44.154  26.965  19.609 0.1000000015
92058  -43.719  27.368  18.672 0.1000000015
92654  -45.866  28.594  17.939 0.1000000015
93194  -48.809  29.189  19.294 0.1000000015
93744  -48.114  30.792  18.907 0.1000000015
93743  -46.072  30.955  18.601 0.1000000015
93742  -44.801  30.685  18.377 0.1000000015
93757  -43.011  30.879  17.698 0.1000000015
91461  -40.356  26.176  18.400 0.1000000015
92064  -42.373  27.866  17.360 0.1000000015
124609  -45.092  28.874  17.312 0.1000000015
93212  -47.038  29.815  17.002 0.1000000015
94319  -48.982  31.084  17.931 0.1000000015
94317  -47.114  31.682  18.611 0.1000000015
94333  -45.502  32.650  18.351 0.1000000015
94331  -43.641  31.924  17.954 0.1000000015
94329  -41.543  31.582  17.580 0.1000000015
108963  -41.694  27.721  16.946 0.1000000015
93210  -43.452  29.329  16.037 0.1000000015
115053  -44.016  29.245  16.499 0.1000000015
92659  -41.858  28.274  15.382 0.1000000015
93223  -43.677  29.715  15.190 0.1000000015
90972  -37.939  25.287  8.290 0.2000000030
90973  -38.442  25.098  7.757 0.1000000015
90391  -38.347  24.437  8.107 0.2000000030
90397  -39.288  24.187  6.906 0.2000000030
90404  -39.621  24.406  6.299 0.2000000030
89785  -40.119  23.841  5.764 0.2000000030
89786  -40.706  23.475  4.959 0.2000000030
129947  -48.175  30.259  17.058 0.1000000015
93206  -48.943  29.725  18.518 0.1000000015
113572  -45.789  29.712  16.536 0.1000000015
93766  -47.644  30.562  16.257 0.1000000015
94869  -48.452  31.892  16.915 0.1000000015
94867  -46.744  32.629  17.848 0.1000000015
94865  -44.768  33.177  18.337 0.1000000015
94863  -43.310  32.742  18.418 0.1000000015
93775  -44.560  30.156  15.024 0.1000000015
107676  -46.401  30.770  15.072 0.1000000015
94343  -47.815  31.583  14.956 0.1000000015
93774  -43.975  30.076  14.080 0.1000000015
91531  -37.630  26.136  7.994 0.1000000015
91539  -37.801  26.495  7.276 0.1000000015
90971  -37.301  25.819  8.692 0.1000000015
90986  -38.166  25.770  7.575 0.1000000015
90997  -38.887  25.699  6.415 0.1000000015
90403  -39.173  24.938  6.747 0.1000000015
90412  -39.938  24.747  5.556 0.2000000030
90413  -40.365  24.298  5.125 0.2000000030
90427  -40.609  24.323  4.422 0.2000000030
129893  -46.618  32.398  13.098 0.1000000015
94353  -46.733  31.557  13.733 0.1000000015
94368  -47.576  32.206  14.258 0.1000000015
107316  -44.109  30.396  12.872 0.1000000015
93796  -44.756  30.913  12.544 0.1000000015
93786  -44.819  30.618  13.838 0.1000000015
91538  -37.320  26.739  7.673 0.1000000015
91540  -38.369  26.138  6.848 0.1000000015
90998  -39.445  25.253  6.009 0.1000000015
90426  -40.149  24.977  4.780 0.1000000015
89799  -41.113  23.644  4.046 0.2000000030
95420  -46.354  33.786  12.769 0.1000000015
95406  -46.558  33.469  13.229 0.1000000015
124111  -46.003  32.245  12.537 0.1000000015
95899  -46.126  35.523  12.958 0.1000000015
116636  -44.161  30.622  12.091 0.1000000015
94912  -45.862  32.911  12.387 0.1000000015
95907  -45.686  35.298  12.583 0.1000000015
96773  -45.448  36.903  13.236 0.1000000015
97234  -44.669  38.153  14.230 0.1000000015
96756  -41.214  37.326  17.034 0.1000000015
93803  -43.948  30.671  11.917 0.1000000015
97703  -44.142  38.389  14.744 0.1000000015
97688  -43.490  39.087  15.574 0.1000000015
120418  -41.658  38.751  17.201 0.1000000015
97179  -40.315  38.218  18.065 0.1000000015
97157  -40.423  37.824  21.401 0.1000000015
98199  -42.929  40.522  16.488 0.1000000015
98191  -42.681  40.779  16.968 0.1000000015
97668  -42.502  40.229  17.177 0.1000000015
91009  -39.608  25.483  5.179 0.1000000015
90436  -40.800  24.374  3.583 0.1000000015
96716  -37.832  36.741  21.589 0.1000000015
97140  -37.173  37.099  22.158 0.1000000015
114123  -37.658  37.607  22.926 0.1000000015
97128  -38.197  38.136  23.615 0.1000000015
97616  -38.952  39.428  24.318 0.1000000015
97621  -39.870  38.795  23.208 0.1000000015
97143  -40.117  38.025  22.711 0.1000000015
95418  -44.730  33.993  12.340 0.1000000015
96354  -45.057  36.313  12.714 0.1000000015
96780  -44.920  37.231  13.282 0.1000000015
98147  -39.291  40.447  23.371 0.1000000015
96779  -43.890  37.320  13.547 0.1000000015
98208  -43.152  40.199  16.023 0.1000000015
98184  -40.935  40.330  18.446 0.1000000015
98650  -39.412  41.158  20.970 0.1000000015
97686  -41.273  39.262  15.373 0.1000000015
98677  -41.575  41.176  16.519 0.1000000015
98668  -40.681  40.831  17.668 0.1000000015
98662  -39.841  40.614  19.205 0.1000000015
98175  -37.092  39.229  19.545 0.1000000015
97230  -39.572  37.145  15.023 0.1000000015
97214  -39.156  37.928  15.296 0.1000000015
112410  -39.629  41.481  16.375 0.1000000015
112478  -39.111  40.657  17.046 0.1000000015
98182  -37.855  39.243  18.152 0.1000000015
97652  -35.485  38.445  19.558 0.1000000015
91018  -39.669  25.578  4.317 0.1000000015
90435  -40.260  25.043  3.954 0.1000000015
90442  -40.338  25.056  3.118 0.1000000015
97125  -35.266  37.836  23.664 0.1000000015
97126  -36.269  37.942  23.710 0.1000000015
97599  -32.586  38.578  24.809 0.1000000015
97600  -33.593  38.720  24.998 0.1000000015
97590  -34.774  38.972  25.311 0.1000000015
97601  -35.702  38.975  25.234 0.1000000015
97614  -37.111  38.696  24.651 0.1000000015
97603  -37.790  39.608  25.257 0.1000000015
97604  -38.474  39.840  24.860 0.1000000015
98123  -38.350  40.505  24.743 0.1000000015
98159  -39.786  39.911  22.046 0.1000000015
98121  -35.877  39.708  26.105 0.1000000015
123249  -38.039  40.231  25.308 0.1000000015
98620  -37.945  40.947  24.298 0.1000000015
98621  -38.663  40.823  23.825 0.1000000015
98633  -38.923  41.089  22.748 0.1000000015
98641  -39.162  41.120  21.729 0.1000000015
98168  -35.131  39.269  21.008 0.1000000015
97629  -33.728  39.061  21.347 0.1000000015
98169  -36.124  39.599  20.951 0.1000000015
97628  -32.785  38.855  21.360 0.1000000015
98206  -40.762  40.307  15.543 0.1000000015
98685  -39.942  41.211  15.474 0.1000000015
97643  -35.305  38.918  20.366 0.1000000015
97641  -33.366  38.538  20.732 0.1000000015
97213  -38.144  37.854  15.244 0.1000000015
122845  -39.100  40.636  15.164 0.1000000015
99081  -39.449  41.830  15.559 0.1000000015
98197  -36.933  40.173  16.712 0.1000000015
97659  -36.575  38.453  18.346 0.1000000015
97651  -34.605  38.398  19.911 0.1000000015
97640  -32.371  38.272  20.741 0.1000000015
98152  -31.099  39.217  21.874 0.1000000015
98696  -38.441  42.957  14.551 0.1000000015
91557  -38.518  26.529  5.124 0.1000000015
91017  -39.114  26.095  4.709 0.1000000015
91566  -38.472  26.525  4.225 0.1000000015
91031  -39.101  26.014  2.952 0.1000000015
91026  -39.700  25.587  3.465 0.1000000015
91032  -39.363  25.981  2.098 0.1000000015
91585  -39.411  26.106  1.227 0.1000000015
97589  -34.183  39.435  25.880 0.1000000015
116172  -35.658  40.470  26.771 0.1000000015
98113  -36.409  40.646  26.355 0.1000000015
125275  -36.712  41.097  25.251 0.1000000015
98133  -36.161  40.757  23.980 0.1000000015
98631  -37.133  40.844  23.564 0.1000000015
98145  -35.998  40.281  22.623 0.1000000015
98156  -35.467  39.682  21.656 0.1000000015
107920  -34.050  39.443  21.882 0.1000000015
98154  -33.245  39.397  22.020 0.1000000015
127931  -35.250  40.246  23.029 0.1000000015
98144  -34.806  39.766  22.262 0.1000000015
120525  -33.374  39.806  22.685 0.1000000015
98153  -32.179  39.270  21.960 0.1000000015
98151  -30.160  39.255  21.651 0.1000000015
99079  -37.523  43.161  15.107 0.1000000015
98674  -36.484  40.992  16.266 0.1000000015
97664  -35.479  38.547  17.070 0.1000000015
97176  -34.048  37.438  18.649 0.1000000015
97163  -32.450  37.408  19.541 0.1000000015
97155  -31.946  37.670  20.155 0.1000000015
97626  -30.682  38.642  21.246 0.1000000015
98167  -29.502  39.223  20.702 0.1000000015
97174  -32.378  36.953  18.772 0.1000000015
97154  -30.918  37.578  20.067 0.1000000015
97638  -30.353  38.181  20.559 0.1000000015
91556  -37.857  26.967  4.641 0.1000000015
92157  -37.183  27.339  4.211 0.1000000015
91565  -37.802  26.914  3.778 0.1000000015
91574  -38.445  26.490  3.334 0.1000000015
91025  -39.097  26.091  3.823 0.1000000015
91573  -37.844  26.955  2.947 0.1000000015
91579  -38.551  26.536  2.377 0.1000000015
92176  -37.756  27.970  1.992 0.1000000015
91578  -38.019  27.236  2.163 0.1000000015
92177  -38.199  27.588  1.414 0.1000000015
107185  -38.483  26.912  1.541 0.1000000015
111013  -38.917  26.418  1.640 0.1000000015
94441  -44.056  31.661  3.019 0.3000000119
93881  -44.397  30.574  2.184 0.4000000060
121631  -38.434  27.908  0.738 0.1000000015
92184  -38.606  27.248  0.783 0.1000000015
94978  -41.885  32.847  3.142 0.3000000119
94440  -42.907  31.739  2.878 0.3000000119
93880  -42.900  30.738  2.122 0.2000000030
91584  -38.922  26.629  0.932 0.1000000015
94990  -41.646  32.566  2.413 0.3000000119
94450  -41.732  31.759  2.139 0.3000000119
94451  -42.386  31.413  2.425 0.3000000119
93891  -42.381  30.323  1.526 0.3000000119
94999  -41.569  32.256  1.539 0.3000000119
94460  -41.648  31.443  1.533 0.3000000119
93329  -42.002  29.842  0.815 0.3000000119
93890  -41.681  30.759  1.027 0.3000000119
92800  -40.244  28.538  -2.485 0.2000000030
122262  -41.774  30.233  -0.070 0.3000000119
93927  -41.549  29.791  -3.226 0.2000000030
93364  -41.786  29.663  -3.172 0.2000000030
93354  -42.136  30.102  -3.037 0.3000000119
98111  -33.847  40.061  26.541 0.1000000015
98098  -34.572  40.815  27.244 0.1000000015
98100  -35.880  41.032  27.144 0.1000000015
120805  -36.327  41.091  26.175 0.1000000015
98618  -35.792  41.067  24.911 0.1000000015
98617  -34.683  40.849  24.418 0.1000000015
98131  -34.011  40.227  23.271 0.1000000015
98142  -32.619  39.722  22.590 0.1000000015
98141  -30.478  39.779  22.320 0.1000000015
98628  -29.606  40.855  22.232 0.1000000015
98638  -29.462  40.583  21.473 0.1000000015
97200  -34.186  37.545  17.207 0.1000000015
96740  -31.860  36.585  18.027 0.1000000015
97161  -30.569  37.102  19.236 0.1000000015
97649  -29.586  38.111  19.484 0.1000000015
98174  -29.415  38.887  19.850 0.1000000015
99059  -29.702  40.838  19.886 0.1000000015
96800  -39.156  37.062  8.530 0.2000000030
107171  -37.245  38.667  8.234 0.1000000015
92165  -37.281  27.411  3.450 0.1000000015
97768  -40.628  39.536  7.919 0.1000000015
97781  -43.671  39.410  7.181 0.2000000030
97292  -44.178  38.327  6.365 0.2000000030
96815  -45.726  36.907  6.343 0.2000000030
96391  -46.024  35.992  5.712 0.4000000060
107170  -39.361  38.450  6.898 0.1000000015
116228  -41.854  39.296  6.686 0.1000000015
97791  -42.360  38.788  6.228 0.1000000015
96814  -44.588  37.328  5.877 0.2000000030
121350  -41.323  38.343  5.898 0.1000000015
97291  -42.846  38.151  5.862 0.2000000030
96389  -43.530  36.470  5.223 0.3000000119
96397  -44.790  35.381  5.036 0.4000000060
123483  -46.174  33.690  4.567 0.4000000060
95500  -45.350  32.883  3.949 0.4000000060
97290  -41.723  37.884  5.535 0.1000000015
96819  -42.404  36.452  5.044 0.2000000030
96395  -42.679  35.796  4.816 0.3000000119
95962  -43.597  34.700  4.561 0.4000000060
94980  -44.624  32.238  3.461 0.3000000119
94452  -45.097  30.965  2.637 0.4000000060
123399  -38.099  28.264  1.328 0.1000000015
96394  -41.795  35.712  4.520 0.3000000119
95961  -42.394  34.962  4.440 0.3000000119
95485  -43.639  33.870  4.228 0.4000000060
96393  -41.044  35.835  4.213 0.2000000030
95969  -41.880  34.188  3.855 0.3000000119
95498  -42.554  33.421  3.722 0.3000000119
94979  -42.996  32.394  3.328 0.3000000119
96399  -41.301  35.036  3.904 0.3000000119
95497  -41.728  33.598  3.315 0.3000000119
95515  -41.511  33.192  1.851 0.3000000119
93352  -40.917  30.025  -3.015 0.2000000030
123702  -41.681  31.048  0.252 0.3000000119
93928  -42.048  30.336  -3.226 0.2000000030
93907  -42.360  31.001  -2.111 0.3000000119
93906  -41.974  30.283  -1.440 0.3000000119
99056  -30.063  41.731  20.207 0.1000000015
97198  -32.445  37.103  16.508 0.1000000015
96755  -31.023  36.648  16.812 0.1000000015
97658  -29.494  37.813  18.563 0.1000000015
116794  -29.508  39.487  19.175 0.1000000015
98656  -29.659  40.230  19.291 0.1000000015
99060  -30.409  41.613  19.277 0.1000000015
97680  -32.221  38.245  15.277 0.1000000015
97184  -29.697  37.192  17.197 0.1000000015
97662  -29.430  37.789  17.618 0.1000000015
98181  -29.496  39.387  18.256 0.1000000015
98661  -29.699  40.184  18.480 0.1000000015
99065  -30.044  40.905  18.831 0.1000000015
99112  -35.088  42.354  10.852 0.1000000015
98243  -35.227  40.703  10.247 0.1000000015
98244  -36.111  40.464  10.560 0.1000000015
98253  -35.806  40.108  9.907 0.1000000015
97734  -37.378  39.214  10.315 0.1000000015
97260  -38.890  37.775  9.190 0.2000000030
97262  -40.274  38.376  8.851 0.2000000030
125164  -41.726  36.708  7.538 0.3000000119
96378  -43.254  36.314  7.246 0.3000000119
97258  -35.074  37.932  8.003 0.1000000015
126962  -38.539  39.018  8.279 0.1000000015
98277  -41.526  39.800  8.130 0.2000000030
97770  -43.153  39.468  7.878 0.2000000030
97266  -36.007  37.689  7.224 0.1000000015
97765  -37.938  38.474  7.706 0.1000000015
97766  -39.006  38.845  7.799 0.2000000030
98278  -42.261  39.786  7.589 0.1000000015
97771  -44.032  39.107  7.443 0.2000000030
97282  -45.392  38.187  6.991 0.2000000030
97777  -38.435  38.063  6.854 0.1000000015
97790  -40.836  38.657  6.415 0.1000000015
110882  -46.400  34.614  5.119 0.4000000060
94981  -46.210  32.011  3.649 0.4000000060
97280  -38.919  37.793  6.100 0.1000000015
97288  -39.334  37.682  5.325 0.1000000015
97289  -40.322  37.788  5.493 0.1000000015
92767  -38.192  28.905  1.292 0.1000000015
97298  -41.050  37.136  4.989 0.1000000015
96818  -41.401  36.431  4.753 0.2000000030
92773  -38.471  28.618  0.745 0.1000000015
96826  -40.356  36.487  3.184 0.3000000119
95976  -41.405  34.304  3.078 0.3000000119
122429  -39.333  29.165  -0.654 0.1000000015
96408  -40.686  35.902  2.674 0.3000000119
96409  -41.046  35.190  2.849 0.3000000119
95507  -41.543  33.415  2.693 0.3000000119
93347  -39.670  29.766  -1.239 0.2000000030
128925  -41.284  34.729  2.455 0.3000000119
93351  -40.281  29.476  -2.321 0.2000000030
95528  -41.662  33.014  1.090 0.3000000119
93915  -40.289  30.481  -1.994 0.2000000030
120088  -41.966  31.014  -0.832 0.3000000119
110948  -41.593  30.521  -3.238 0.2000000030
94476  -42.553  31.881  -1.543 0.3000000119
99439  -29.801  41.954  21.107 0.1000000015
99432  -29.727  42.169  21.942 0.1000000015
99440  -30.436  42.449  20.537 0.1000000015
99446  -30.792  42.280  19.692 0.1000000015
99452  -30.998  42.282  18.843 0.1000000015
97208  -30.333  37.457  15.588 0.1000000015
115904  -29.333  37.911  16.081 0.1000000015
98186  -29.320  39.289  17.379 0.1000000015
99068  -29.869  40.962  17.763 0.1000000015
99066  -30.464  41.750  18.234 0.1000000015
99458  -30.981  42.531  17.975 0.1000000015
97712  -30.260  38.561  13.650 0.1000000015
97696  -29.284  38.370  14.788 0.1000000015
97670  -28.724  39.041  15.790 0.1000000015
107922  -29.402  40.674  16.915 0.1000000015
99457  -30.044  41.795  17.249 0.1000000015
125615  -30.467  42.313  17.437 0.1000000015
99102  -33.384  41.889  10.973 0.1000000015
98715  -32.554  41.295  11.145 0.1000000015
98724  -33.546  41.400  10.510 0.1000000015
98732  -32.885  40.333  10.046 0.1000000015
98242  -34.045  40.452  10.143 0.1000000015
98251  -33.486  39.464  9.612 0.1000000015
98252  -34.640  39.714  9.747 0.1000000015
114011  -36.695  40.052  9.992 0.1000000015
97744  -38.532  39.176  9.475 0.2000000030
117987  -41.754  37.729  7.969 0.2000000030
97739  -34.041  38.863  9.176 0.1000000015
97741  -36.179  39.644  9.496 0.1000000015
98255  -37.859  39.364  9.701 0.1000000015
97755  -39.817  38.799  9.109 0.2000000030
97756  -40.543  39.129  9.013 0.2000000030
97271  -42.624  38.764  8.179 0.3000000119
97761  -33.013  38.824  8.287 0.1000000015
97750  -33.647  38.568  8.425 0.1000000015
97753  -36.893  39.100  8.731 0.1000000015
115713  -37.482  39.254  8.747 0.1000000015
98270  -40.796  39.582  8.513 0.2000000030
97769  -42.077  39.443  8.393 0.2000000030
97272  -43.860  38.497  7.610 0.3000000119
95477  -47.305  33.751  5.610 0.4000000060
97762  -33.394  38.685  7.801 0.1000000015
97275  -34.712  37.978  7.099 0.1000000015
98268  -33.286  39.183  7.259 0.1000000015
97277  -36.273  37.653  6.598 0.1000000015
98275  -33.846  39.294  6.638 0.1000000015
97276  -35.484  37.784  6.734 0.1000000015
97786  -34.882  38.841  5.817 0.1000000015
109193  -35.893  38.351  5.351 0.1000000015
97286  -37.417  37.747  5.543 0.1000000015
97287  -38.315  37.737  5.221 0.1000000015
97296  -38.830  37.735  4.583 0.1000000015
97788  -36.692  38.270  4.860 0.1000000015
97297  -39.518  37.528  4.532 0.1000000015
97801  -38.061  38.110  4.245 0.1000000015
97802  -38.865  37.932  3.809 0.1000000015
121384  -40.220  37.307  4.575 0.1000000015
97310  -40.033  37.122  3.576 0.2000000030
93328  -38.576  29.494  0.840 0.1000000015
97815  -39.194  38.077  3.138 0.1000000015
97319  -39.672  37.663  2.978 0.1000000015
93889  -38.370  30.314  1.416 0.1000000015
93898  -38.814  30.326  0.678 0.1000000015
97320  -40.127  37.191  2.683 0.3000000119
93905  -39.619  30.603  -0.768 0.1000000015
96837  -40.489  36.584  2.262 0.3000000119
96838  -40.861  35.964  1.899 0.3000000119
128859  -41.440  34.177  2.026 0.3000000119
96418  -41.276  35.201  1.775 0.3000000119
96002  -41.801  33.812  1.070 0.3000000119
94488  -40.613  31.336  -2.326 0.2000000030
95529  -42.125  33.333  0.330 0.3000000119
127271  -40.938  30.738  -2.881 0.1000000015
94497  -42.136  31.114  -3.273 0.2000000030
94489  -42.670  31.588  -2.657 0.3000000119
109391  -42.602  31.817  -3.135 0.1000000015
118040  -42.926  32.242  -2.481 0.3000000119
99441  -31.198  42.869  20.097 0.1000000015
99453  -31.500  42.900  18.475 0.1000000015
99459  -31.378  43.198  17.641 0.1000000015
129976  -32.036  40.275  12.620 0.1000000015
98220  -30.688  38.991  13.005 0.1000000015
98211  -28.278  39.587  14.504 0.1000000015
98679  -28.461  40.373  15.454 0.1000000015
112356  -29.209  41.230  16.317 0.1000000015
99462  -30.064  42.519  16.593 0.1000000015
113409  -32.209  40.870  11.885 0.1000000015
98236  -29.470  39.770  11.630 0.1000000015
98699  -27.935  40.113  13.179 0.1000000015
107921  -30.709  40.368  10.875 0.1000000015
98713  -29.891  40.157  10.968 0.1000000015
98731  -31.904  40.360  9.631 0.1000000015
98722  -31.389  40.582  10.443 0.1000000015
98730  -31.216  40.523  9.079 0.1000000015
98249  -31.859  39.902  8.759 0.1000000015
98735  -30.628  40.956  8.690 0.1000000015
98258  -32.041  39.763  8.090 0.1000000015
98266  -32.286  39.844  7.650 0.1000000015
98746  -33.970  40.284  6.286 0.1000000015
98282  -35.021  39.627  5.484 0.1000000015
98283  -35.553  39.714  4.907 0.1000000015
110172  -37.233  38.407  4.270 0.1000000015
97799  -35.968  38.991  4.698 0.1000000015
97800  -36.663  39.052  4.008 0.1000000015
107088  -38.191  38.425  3.527 0.1000000015
97814  -38.598  38.456  3.097 0.1000000015
97824  -38.880  38.661  2.609 0.2000000030
93899  -39.208  30.788  0.167 0.1000000015
97825  -39.426  38.312  2.476 0.2000000030
98306  -39.138  39.028  2.057 0.2000000030
97826  -39.930  37.885  2.211 0.2000000030
94474  -39.497  31.242  -0.335 0.1000000015
97326  -40.353  37.323  1.808 0.2000000030
96844  -40.749  36.654  1.421 0.3000000119
109217  -41.813  34.672  0.962 0.3000000119
94487  -39.949  31.406  -1.185 0.1000000015
95030  -40.367  32.046  -1.668 0.1000000015
96845  -41.256  36.009  1.156 0.3000000119
94496  -41.421  31.274  -3.082 0.1000000015
96003  -42.474  34.303  0.187 0.3000000119
95039  -41.925  32.086  -3.261 0.1000000015
95555  -43.054  33.001  -1.583 0.3000000119
95032  -43.172  33.115  -2.461 0.3000000119
95556  -43.628  33.787  -1.841 0.3000000119
99447  -31.436  42.796  19.297 0.1000000015
99833  -31.788  43.852  17.312 0.1000000015
98690  -28.118  40.274  14.710 0.1000000015
106970  -28.569  41.728  15.126 0.1000000015
99461  -29.591  41.853  16.467 0.1000000015
99838  -31.140  43.603  16.809 0.1000000015
99094  -27.534  41.413  12.341 0.1000000015
98689  -27.792  40.973  14.102 0.1000000015
122188  -28.123  41.588  14.499 0.1000000015
99464  -29.037  42.521  15.270 0.1000000015
99836  -29.704  42.952  15.777 0.1000000015
100228  -30.936  43.998  16.121 0.1000000015
98721  -30.248  40.517  10.249 0.1000000015
98719  -28.513  40.670  10.652 0.1000000015
98729  -30.559  40.721  9.503 0.1000000015
99118  -29.929  41.220  8.967 0.1000000015
99128  -30.493  41.629  7.614 0.1000000015
99129  -31.259  41.094  7.503 0.1000000015
99500  -30.200  42.359  7.215 0.1000000015
98739  -32.335  40.398  7.240 0.1000000015
99501  -30.957  41.929  6.994 0.1000000015
114514  -32.517  41.721  6.641 0.1000000015
99136  -33.116  41.316  6.547 0.1000000015
99140  -34.350  41.149  6.011 0.1000000015
98752  -35.259  40.457  5.234 0.1000000015
98755  -35.746  40.528  4.652 0.1000000015
98288  -36.079  39.776  4.282 0.1000000015
98289  -36.603  39.978  3.654 0.1000000015
98297  -37.233  39.492  3.270 0.1000000015
98305  -38.431  39.377  2.325 0.1000000015
97834  -39.695  38.611  1.767 0.2000000030
97835  -40.220  38.114  1.376 0.2000000030
97332  -40.663  37.426  0.945 0.2000000030
129346  -40.661  32.566  -1.918 0.1000000015
97333  -41.368  37.545  0.346 0.2000000030
96425  -41.926  35.508  0.647 0.3000000119
95565  -41.276  32.859  -2.482 0.1000000015
95566  -42.012  33.107  -3.045 0.1000000015
96426  -42.848  35.587  -0.014 0.3000000119
120691  -43.125  35.002  -0.214 0.3000000119
95040  -42.495  32.517  -3.155 0.1000000015
95542  -43.381  33.831  -1.195 0.3000000119
99825  -32.476  43.861  18.536 0.1000000015
126541  -32.340  44.008  17.795 0.1000000015
100235  -30.450  44.067  15.523 0.1000000015
100229  -31.554  44.283  16.494 0.1000000015
99477  -27.594  42.078  12.788 0.1000000015
99473  -28.255  42.766  13.971 0.1000000015
99845  -28.785  43.050  14.521 0.1000000015
99101  -27.807  40.997  11.007 0.1000000015
109345  -27.461  42.043  12.015 0.1000000015
98728  -29.656  40.845  9.663 0.1000000015
99109  -28.105  41.280  10.237 0.1000000015
99116  -28.410  41.579  9.531 0.1000000015
99489  -27.782  42.662  9.432 0.1000000015
99492  -28.260  42.605  8.749 0.1000000015
99499  -28.973  42.437  8.103 0.1000000015
117540  -29.090  43.213  7.571 0.1000000015
99506  -31.504  42.365  6.701 0.1000000015
99882  -29.847  43.248  6.998 0.1000000015
123821  -32.993  42.213  6.461 0.1000000015
99509  -33.854  41.921  6.268 0.1000000015
99512  -34.720  41.955  5.859 0.1000000015
99141  -35.007  41.204  5.561 0.1000000015
99143  -35.538  41.255  5.067 0.1000000015
98756  -36.269  40.615  4.127 0.1000000015
98764  -36.683  40.759  3.641 0.1000000015
98775  -37.697  40.666  2.531 0.1000000015
98782  -38.276  40.404  2.044 0.1000000015
128797  -39.348  40.073  1.293 0.2000000030
98315  -40.011  38.931  1.018 0.2000000030
97334  -41.974  36.836  0.239 0.2000000030
96854  -42.491  36.174  0.160 0.2000000030
97342  -42.920  36.882  -0.184 0.2000000030
96016  -43.277  34.368  -0.613 0.3000000119
96017  -43.867  35.007  -0.722 0.3000000119
111816  -43.841  34.449  -1.250 0.3000000119
100214  -33.007  44.320  18.988 0.1000000015
100223  -32.941  44.507  18.037 0.1000000015
100638  -32.748  45.365  16.496 0.1000000015
99846  -29.218  43.783  14.397 0.1000000015
99853  -27.921  42.938  13.150 0.1000000015
99842  -29.391  43.328  15.084 0.1000000015
99850  -28.783  44.245  13.257 0.1000000015
99481  -27.473  42.460  11.261 0.1000000015
99857  -27.626  43.326  11.567 0.1000000015
120882  -28.254  44.629  11.673 0.1000000015
100256  -27.662  44.038  10.480 0.1000000015
100264  -27.861  44.145  9.195 0.1000000015
99498  -28.450  43.232  8.209 0.1000000015
100274  -28.167  44.792  8.748 0.1000000015
129369  -28.529  44.549  8.195 0.1000000015
99887  -31.363  43.786  6.534 0.1000000015
99886  -30.515  43.838  6.704 0.1000000015
99885  -29.915  44.079  6.911 0.1000000015
109360  -32.660  43.007  6.420 0.1000000015
121004  -42.059  39.046  -0.371 0.2000000030
97849  -42.639  38.390  -0.332 0.2000000030
97842  -40.720  38.420  0.503 0.2000000030
97843  -41.641  38.357  -0.098 0.2000000030
117936  -43.299  37.657  -0.330 0.2000000030
116306  -44.093  36.987  -0.449 0.2000000030
96862  -43.428  36.218  -0.296 0.3000000119
96439  -44.338  35.597  -0.758 0.2000000030
96438  -43.682  35.603  -0.452 0.3000000119
96029  -44.393  35.190  -1.221 0.1000000015
100230  -32.360  44.569  17.056 0.1000000015
100239  -29.830  44.005  14.930 0.1000000015
100236  -31.191  44.646  15.576 0.1000000015
129801  -29.127  44.159  13.843 0.1000000015
108063  -29.691  44.415  14.229 0.1000000015
98332  -43.090  39.260  -0.341 0.2000000030
97850  -43.787  38.396  -0.351 0.2000000030
125976  -44.262  37.757  -0.403 0.2000000030
96863  -44.344  36.203  -0.588 0.2000000030
123746  -44.973  36.853  -0.677 0.1000000015
96440  -44.901  36.121  -0.932 0.1000000015
96876  -45.111  36.539  -1.238 0.1000000015
98799  -43.520  40.685  -0.012 0.1000000015
98791  -44.679  40.797  0.396 0.1000000015
98800  -45.171  39.883  0.002 0.1000000015
98333  -45.259  39.044  -0.373 0.1000000015
96864  -45.248  36.854  -0.915 0.1000000015
97344  -45.321  37.455  -0.820 0.1000000015
97853  -45.532  38.017  -0.883 0.1000000015
99171  -44.926  42.133  1.494 0.1000000015
99551  -45.107  42.804  1.792 0.1000000015
98334  -45.569  38.912  -0.708 0.1000000015
97852  -45.295  38.218  -0.616 0.1000000015
81086  -45.987  9.628  29.188 0.1000000015
87775  -38.619  20.559  11.686 0.2000000030
92081  -41.391  27.541  15.203 0.1000000015
117353  -40.297  36.856  7.860 0.3000000119
93232  -43.383  29.516  14.221 0.1000000015
128853  -43.257  20.496  19.478 0.2000000030
96799  -38.263  36.865  8.744 0.2000000030
94376  -45.218  31.894  12.039 0.1000000015
96350  -39.815  34.995  13.847 0.1000000015
97254  -37.898  38.189  9.767 0.2000000030
95906  -44.321  34.937  12.500 0.1000000015
126746  -39.628  35.734  14.286 0.1000000015
96769  -40.029  36.448  14.555 0.1000000015
97229  -38.540  37.080  15.094 0.1000000015
97228  -37.636  37.129  15.032 0.1000000015
97702  -43.473  38.725  14.856 0.1000000015
97233  -44.007  38.190  14.100 0.1000000015
97215  -40.319  38.117  15.224 0.1000000015
98204  -38.408  40.703  14.857 0.1000000015
97683  -37.809  38.672  15.167 0.1000000015
125489  -33.419  42.063  11.426 0.1000000015
98726  -35.453  41.397  10.789 0.1000000015
98207  -42.156  40.363  15.790 0.1000000015
127111  -41.495  40.789  15.838 0.1000000015
98222  -32.294  40.085  13.379 0.1000000015
97199  -33.804  37.853  16.613 0.1000000015
97224  -30.570  37.903  14.775 0.1000000015
98196  -35.608  39.893  16.440 0.1000000015
89703  -39.653  24.212  16.990 0.1000000015
87091  -39.356  20.251  13.645 0.1000000015
87703  -43.361  20.066  19.878 0.2000000030
87068  -32.849  19.471  14.170 0.1000000015
121351  -32.534  19.213  14.802 0.1000000015
87089  -36.983  20.033  13.678 0.1000000015
87086  -33.748  19.661  13.066 0.1000000015
87107  -36.112  19.917  13.240 0.1000000015
87105  -34.357  19.771  12.553 0.1000000015
87014  -38.780  20.119  20.787 0.1000000015
88467  -31.200  22.251  13.860 0.1000000015
88481  -34.067  21.328  11.667 0.1000000015
87803  -36.569  20.440  10.390 0.2000000030
89683  -38.857  23.400  18.257 0.1000000015
118211  -32.304  23.073  13.181 0.2000000030
89739  -31.584  23.445  13.689 0.2000000030
89745  -33.080  23.967  12.712 0.2000000030
89750  -33.498  23.242  12.387 0.2000000030
88483  -35.219  20.952  10.859 0.2000000030
90286  -38.720  24.470  18.669 0.1000000015
90903  -39.497  25.132  16.917 0.1000000015
119402  -37.176  22.609  9.341 0.2000000030
91467  -40.105  26.291  17.664 0.1000000015
91466  -39.663  25.746  18.269 0.1000000015
92071  -40.603  26.938  16.455 0.1000000015
89757  -35.777  23.780  10.661 0.2000000030
89761  -36.345  23.510  10.194 0.2000000030
89762  -36.933  23.558  9.618 0.2000000030
90380  -36.638  24.422  9.948 0.2000000030
89768  -37.519  23.517  9.037 0.2000000030
125015  -38.367  22.844  8.059 0.2000000030
90390  -37.797  24.408  8.691 0.2000000030
90396  -38.824  24.489  7.416 0.2000000030
119650  -38.874  22.614  7.326 0.2000000030
92059  -45.048  27.437  19.211 0.1000000015
92033  -44.538  26.665  20.512 0.1000000015
92644  -45.505  28.005  18.522 0.1000000015
92643  -44.322  27.887  18.190 0.1000000015
92652  -43.822  28.390  17.424 0.1000000015
92065  -43.281  27.855  17.812 0.1000000015
92655  -47.338  28.941  18.095 0.1000000015
93205  -45.924  29.228  17.252 0.1000000015
92645  -46.881  28.247  18.869 0.1000000015
126151  -48.572  29.133  18.657 0.1000000015
93183  -49.039  29.786  18.999 0.1000000015
93733  -48.087  30.115  19.473 0.1000000015
94335  -47.463  32.198  18.143 0.1000000015
93182  -48.647  29.336  19.667 0.1000000015
93759  -45.226  31.679  18.276 0.1000000015
93760  -46.107  32.087  18.469 0.1000000015
93741  -43.740  30.455  18.178 0.1000000015
93758  -44.135  31.288  17.966 0.1000000015
93740  -42.966  30.158  18.122 0.1000000015
94330  -42.590  31.677  17.730 0.1000000015
92063  -41.142  27.223  17.222 0.1000000015
92056  -41.659  27.021  18.115 0.1000000015
92651  -42.930  28.399  17.029 0.1000000015
92661  -43.528  28.835  16.711 0.1000000015
93765  -45.133  29.963  15.906 0.1000000015
93777  -47.296  30.949  15.376 0.1000000015
129875  -48.642  31.419  16.784 0.1000000015
94866  -45.698  32.814  18.190 0.1000000015
94332  -44.612  32.362  18.269 0.1000000015
92073  -42.091  28.274  16.403 0.1000000015
93222  -42.941  29.285  15.365 0.1000000015
90987  -38.673  25.378  7.155 0.1000000015
94344  -48.125  31.770  15.532 0.1000000015
94862  -42.183  33.193  18.520 0.1000000015
93787  -45.932  30.877  14.277 0.1000000015
93788  -47.089  31.264  14.524 0.1000000015
93797  -45.657  31.265  13.217 0.1000000015
95900  -46.196  34.694  12.810 0.1000000015
95419  -45.768  33.966  12.430 0.1000000015
96772  -45.124  37.495  13.746 0.1000000015
97217  -43.979  38.586  15.128 0.1000000015
96762  -44.551  37.718  14.538 0.1000000015
96752  -41.084  36.227  17.555 0.1000000015
114820  -42.603  38.430  16.402 0.1000000015
122299  -40.650  37.480  17.642 0.1000000015
97675  -42.929  40.399  16.638 0.1000000015
97201  -43.516  39.159  15.873 0.1000000015
97667  -41.267  39.771  17.866 0.1000000015
98178  -40.269  40.094  19.624 0.1000000015
97167  -39.911  38.438  20.165 0.1000000015
121081  -40.198  37.574  19.458 0.1000000015
120753  -40.663  37.235  21.794 0.1000000015
110581  -40.427  37.957  22.129 0.1000000015
97655  -39.833  39.358  20.767 0.1000000015
98678  -42.518  40.863  16.684 0.1000000015
98664  -41.102  40.591  18.046 0.1000000015
117734  -36.540  37.429  22.797 0.1000000015
97127  -37.323  38.058  23.719 0.1000000015
98658  -40.068  40.631  19.636 0.1000000015
98642  -39.550  40.865  21.432 0.1000000015
115901  -40.004  40.460  20.366 0.1000000015
98158  -38.115  40.792  21.111 0.1000000015
98657  -39.604  40.862  20.193 0.1000000015
98686  -40.925  41.215  15.908 0.1000000015
98676  -40.620  41.242  16.573 0.1000000015
98667  -39.713  40.395  17.987 0.1000000015
98177  -38.856  40.349  19.535 0.1000000015
98183  -38.781  39.898  18.555 0.1000000015
97654  -37.011  38.798  18.893 0.1000000015
113438  -37.344  39.933  20.492 0.1000000015
97644  -36.256  39.101  20.008 0.1000000015
97684  -38.771  38.728  15.323 0.1000000015
118377  -39.455  39.844  15.356 0.1000000015
99071  -39.161  42.080  15.670 0.1000000015
98198  -37.999  40.197  16.937 0.1000000015
98188  -37.725  39.358  17.598 0.1000000015
97598  -31.496  38.375  24.549 0.1000000015
98632  -38.095  41.011  23.151 0.1000000015
98157  -37.222  40.372  21.437 0.1000000015
97156  -33.032  37.913  20.028 0.1000000015
123583  -38.911  42.434  14.951 0.1000000015
98675  -37.629  41.392  16.350 0.1000000015
128334  -37.306  42.225  15.842 0.1000000015
97665  -36.463  38.671  17.512 0.1000000015
128123  -36.280  40.075  16.583 0.1000000015
97177  -34.860  37.664  18.469 0.1000000015
97164  -33.935  37.872  19.533 0.1000000015
97186  -34.502  37.462  17.907 0.1000000015
107711  -33.635  37.152  17.748 0.1000000015
94991  -42.061  32.055  2.836 0.3000000119
94467  -41.598  31.587  0.854 0.3000000119
94498  -42.413  30.905  -3.040 0.3000000119
98605  -35.436  41.378  25.731 0.1000000015
97185  -32.976  36.943  17.126 0.1000000015
96738  -30.078  36.736  18.074 0.1000000015
97261  -39.583  37.959  9.015 0.2000000030
109370  -44.998  34.453  4.650 0.4000000060
95486  -44.724  33.599  4.221 0.4000000060
95007  -41.780  32.439  0.559 0.3000000119
94475  -41.919  31.761  -0.160 0.3000000119
95008  -42.370  32.665  -0.480 0.3000000119
97197  -31.094  37.060  16.018 0.1000000015
113279  -29.280  38.526  17.100 0.1000000015
97743  -37.957  39.118  9.916 0.1000000015
98256  -39.238  39.184  9.118 0.2000000030
97284  -35.712  37.897  6.044 0.1000000015
95541  -42.766  33.592  -0.557 0.3000000119
97223  -29.898  37.893  14.990 0.1000000015
98673  -29.136  39.917  16.764 0.1000000015
110967  -28.952  39.104  13.389 0.1000000015
97695  -28.614  38.949  15.042 0.1000000015
98723  -32.426  40.922  10.520 0.1000000015
98714  -31.509  40.546  11.253 0.1000000015
98250  -32.537  39.541  9.311 0.1000000015
109819  -38.412  39.336  9.274 0.2000000030
97752  -35.828  38.767  8.807 0.1000000015
97738  -33.125  38.888  8.948 0.1000000015
98745  -33.317  39.916  6.765 0.1000000015
118925  -42.466  35.021  0.329 0.3000000119
120866  -30.946  39.474  12.447 0.1000000015
124503  -29.156  39.299  12.760 0.1000000015
98235  -28.295  40.455  11.436 0.1000000015
98706  -28.211  40.171  12.291 0.1000000015
99089  -27.614  41.310  13.205 0.1000000015
99121  -29.420  41.718  8.505 0.1000000015
98313  -38.891  39.810  1.721 0.1000000015
96853  -41.756  36.221  0.584 0.3000000119
99468  -27.846  41.997  13.782 0.1000000015
98324  -41.194  39.300  -0.088 0.2000000030
99854  -27.904  43.539  12.365 0.1000000015
98789  -40.225  40.729  0.515 0.2000000030
97341  -42.254  37.591  -0.130 0.2000000030
100244  -29.441  44.662  13.536 0.1000000015
100252  -27.910  44.460  11.081 0.1000000015
100697  -29.271  45.547  7.697 0.1000000015
109270  -44.031  39.964  -0.114 0.2000000030
114373  -44.503  39.094  -0.230 0.1000000015
97343  -44.945  37.580  -0.503 0.1000000015
99184  -44.395  41.658  0.932 0.1000000015
83449  -41.741  12.841  16.712 0.1000000015
85773  -42.210  17.265  21.453 0.1000000015
85760  -39.726  17.821  22.128 0.1000000015
85772  -41.284  17.355  21.511 0.1000000015
85774  -43.145  17.217  21.553 0.1000000015
86381  -41.614  18.572  20.651 0.1000000015
87020  -45.164  19.258  20.899 0.1000000015
87715  -43.940  20.467  19.622 0.1000000015
86353  -39.392  18.466  23.015 0.1000000015
86995  -39.247  19.345  23.074 0.1000000015
86380  -40.626  18.657  20.744 0.1000000015
86384  -44.284  19.323  20.675 0.1000000015
87019  -43.306  19.404  20.392 0.1000000015
87018  -42.297  19.239  20.322 0.1000000015
86379  -39.730  18.927  21.008 0.1000000015
86369  -40.015  18.165  21.395 0.1000000015
86371  -41.931  17.925  21.050 0.1000000015
86372  -42.897  17.944  21.172 0.1000000015
86370  -40.931  17.950  21.097 0.1000000015
79642  -45.125  7.920  16.630 0.1000000015
78847  -45.683  7.313  16.114 0.1000000015
78120  -45.056  6.282  15.534 0.1000000015
79643  -46.047  8.031  16.570 0.1000000015
79633  -46.496  8.740  17.076 0.1000000015
78116  -45.485  6.714  15.714 0.1000000015
79644  -47.009  8.129  16.451 0.1000000015
78121  -45.783  6.211  15.276 0.1000000015
78848  -46.598  7.418  15.956 0.1000000015
77410  -44.650  5.700  14.799 0.1000000015
78863  -43.341  7.075  13.197 0.1000000015
78852  -46.194  6.764  15.544 0.1000000015
77404  -45.318  5.829  15.094 0.1000000015
78130  -43.853  6.349  13.824 0.1000000015
77405  -45.997  6.023  14.877 0.1000000015
78131  -44.899  6.222  14.081 0.1000000015
78124  -45.608  5.984  14.551 0.1000000015
78122  -46.531  6.323  14.987 0.1000000015
78864  -44.399  7.010  13.373 0.1000000015
78865  -45.420  6.925  13.521 0.1000000015
78125  -46.522  6.319  14.406 0.1000000015
78123  -47.243  6.675  14.594 0.1000000015
78878  -42.778  7.675  12.521 0.1000000015
78132  -45.991  6.352  13.975 0.1000000015
78126  -47.316  6.659  14.078 0.1000000015
79676  -43.114  8.373  12.067 0.1000000015
78879  -43.894  7.833  12.616 0.1000000015
78855  -47.885  7.057  14.301 0.1000000015
78856  -48.542  7.533  14.579 0.1000000015
78869  -48.485  7.591  14.124 0.1000000015
78870  -49.298  8.048  14.360 0.1000000015
118557  -43.342  8.834  11.572 0.1000000015
79690  -43.854  9.189  11.342 0.1000000015
79691  -44.627  8.986  11.603 0.1000000015
79692  -45.503  8.775  11.856 0.1000000015
80447  -45.276  9.389  11.225 0.1000000015
80449  -47.134  9.275  11.594 0.1000000015
80435  -48.052  9.130  12.045 0.1000000015
80437  -50.124  9.294  12.475 0.1000000015
79683  -51.130  8.960  13.272 0.1000000015
80450  -48.804  9.723  11.455 0.1000000015
78880  -44.999  7.597  12.879 0.1000000015
78133  -46.749  6.548  13.931 0.1000000015
78881  -45.821  7.487  13.117 0.1000000015
78866  -46.347  6.997  13.579 0.1000000015
78867  -47.164  7.056  13.678 0.1000000015
79677  -43.921  8.620  11.936 0.1000000015
78882  -46.650  7.796  13.022 0.1000000015
78868  -47.862  7.180  13.889 0.1000000015
78883  -47.616  7.828  13.357 0.1000000015
79667  -48.404  7.964  13.652 0.1000000015
79694  -47.359  8.496  12.511 0.1000000015
79680  -48.246  8.505  12.865 0.1000000015
79668  -50.444  8.487  13.916 0.1000000015
79693  -46.428  8.602  12.144 0.1000000015
79681  -49.172  8.599  13.094 0.1000000015
111679  -49.270  8.218  13.801 0.1000000015
79678  -44.760  8.355  12.280 0.1000000015
79679  -45.691  8.090  12.537 0.1000000015
80436  -49.013  9.163  12.287 0.1000000015
119920  -47.949  9.681  11.356 0.1000000015
79682  -50.189  8.769  13.237 0.1000000015
80451  -49.980  9.893  11.586 0.1000000015
90960  -37.489  25.096  8.940 0.1000000015
90330  -31.965  24.409  13.382 0.1000000015
90344  -32.607  24.545  12.994 0.1000000015
90345  -33.209  24.782  12.629 0.1000000015
90931  -34.686  25.653  11.471 0.1000000015
90369  -35.611  24.612  10.839 0.1000000015
98783  -38.961  40.598  1.515 0.1000000015
98788  -39.556  40.690  1.017 0.1000000015
98797  -41.831  40.611  -0.268 0.1000000015
117072  -40.627  40.018  0.216 0.1000000015
99170  -39.231  41.381  1.356 0.1000000015
99180  -39.884  41.517  0.827 0.1000000015
99181  -40.656  41.545  0.396 0.1000000015
99183  -42.614  41.780  0.327 0.1000000015
98798  -42.791  40.238  -0.274 0.1000000015
99196  -42.604  41.079  -0.124 0.1000000015
99547  -39.592  42.231  1.301 0.1000000015
99922  -40.027  43.549  1.947 0.1000000015
99563  -40.397  42.378  0.824 0.1000000015
99182  -41.627  41.517  0.093 0.1000000015
99564  -41.901  42.327  0.532 0.1000000015
100321  -40.786  44.125  2.196 0.1000000015
100333  -41.665  43.918  1.900 0.1000000015
100322  -41.749  44.468  2.597 0.1000000015
98790  -40.974  40.764  0.031 0.1000000015
120829  -41.283  40.110  -0.191 0.1000000015
106961  -41.116  42.185  0.459 0.1000000015
114173  -40.803  43.458  1.452 0.1000000015
99957  -41.201  42.887  0.852 0.1000000015
79702  -43.187  9.216  11.054 0.1000000015
80376  -53.695  10.427  19.470 0.5000000000
80420  -53.681  9.919  15.389 0.2000000030
81063  -47.479  11.014  31.194 0.1000000015
81064  -48.359  11.303  30.440 0.1000000015
81845  -48.450  12.117  30.403 0.1000000015
81855  -49.110  11.905  29.700 0.1000000015
81880  -48.985  11.928  26.883 0.2000000030
82605  -47.962  12.499  30.597 0.1000000015
82626  -46.391  12.781  29.273 0.1000000015
83342  -49.259  13.114  28.554 0.2000000030
83369  -44.498  13.412  25.945 0.1000000015
83978  -48.718  14.245  27.007 0.2000000030
84023  -44.549  14.635  23.722 0.1000000015
84024  -45.427  14.658  23.927 0.1000000015
84056  -47.229  14.662  18.843 0.8000000119
84600  -48.783  15.131  19.425 0.8000000119
84609  -45.994  15.130  18.271 0.6999999881
85151  -48.040  16.511  24.144 0.3000000119
85180  -45.058  16.415  22.469 0.2000000030
85753  -48.119  17.561  23.495 0.4000000060
85771  -40.413  17.487  21.763 0.1000000015
86359  -39.073  18.906  22.452 0.2000000030
86382  -42.618  18.616  20.721 0.1000000015
86385  -51.431  18.728  20.148 0.8999999762
86479  -51.320  18.889  9.096 0.8999999762
86485  -51.109  18.784  8.485 0.8999999762
86497  -49.259  18.512  5.960 1.0000000000
86499  -50.614  18.603  6.967 1.0000000000
87008  -49.099  20.033  22.080 0.6999999881
87009  -49.788  20.303  21.916 0.8000000119
87011  -50.869  19.659  21.615 0.8999999762
87016  -40.386  19.378  20.360 0.1000000015
87136  -48.023  19.907  8.123 0.6999999881
87139  -51.332  18.988  8.621 0.8999999762
87154  -49.682  18.936  7.774 0.8999999762
87191  -45.107  19.540  3.816 0.6999999881
87195  -48.751  19.180  4.262 1.0000000000
87204  -45.992  19.558  2.554 0.6999999881
87223  -44.722  19.918  0.818 0.6999999881
87231  -44.124  20.258  0.137 0.6000000238
87232  -44.550  20.163  0.486 0.6999999881
87698  -38.674  20.876  20.189 0.1000000015
87711  -39.512  20.727  19.641 0.1000000015
87712  -40.978  20.468  19.352 0.2000000030
87714  -42.684  20.229  19.642 0.2000000030
87720  -49.770  20.815  19.829 0.8999999762
87771  -34.206  20.004  11.967 0.1000000015
87847  -51.330  19.589  8.810 0.8999999762
87859  -50.880  19.970  7.399 1.0000000000
87864  -39.166  20.723  6.898 0.3000000119
87866  -50.145  20.326  6.008 1.0000000000
87885  -49.311  19.444  4.679 1.0000000000
87893  -43.464  20.178  2.561 0.6000000238
87911  -45.293  20.152  1.159 0.6999999881
87920  -44.842  20.389  0.487 0.6999999881
87928  -43.747  20.614  -0.089 0.6000000238
87929  -44.327  20.962  -0.315 0.5000000000
87930  -44.742  21.158  -0.085 0.6999999881
87934  -43.830  21.163  -0.446 0.5000000000
88419  -48.780  21.064  20.093 0.8000000119
88433  -49.482  21.147  19.251 0.8999999762
88438  -39.397  21.852  18.771 0.1000000015
88443  -44.070  21.309  18.692 0.3000000119
88459  -50.533  22.671  15.761 1.0000000000
88516  -49.753  21.405  6.341 1.0000000000
88543  -47.563  20.514  3.398 0.8000000119
89049  -38.451  23.092  19.018 0.1000000015
89050  -39.060  22.615  18.494 0.2000000030
89052  -40.796  22.010  17.965 0.3000000119
89067  -39.471  23.007  17.819 0.2000000030
89084  -47.158  22.780  16.876 0.6000000238
89085  -50.415  23.163  16.346 1.0000000000
89119  -50.291  22.913  9.600 1.0000000000
89166  -44.846  22.490  3.128 0.6999999881
89168  -46.383  21.601  3.624 0.6999999881
89198  -42.938  22.129  -0.497 0.4000000060
89205  -44.689  22.956  -1.349 0.4000000060
89206  -44.742  22.752  -1.078 0.4000000060
89211  -44.131  22.610  -1.200 0.4000000060
89679  -38.291  23.431  19.742 0.1000000015
89690  -38.777  24.141  18.109 0.1000000015
89691  -39.251  23.774  17.614 0.1000000015
89711  -47.669  23.286  16.302 0.6999999881
89714  -50.392  23.747  16.045 1.0000000000
89722  -47.779  23.618  15.586 0.6999999881
89724  -50.181  24.300  15.488 1.0000000000
89741  -50.454  24.296  13.961 1.0000000000
89753  -50.455  23.973  12.286 1.0000000000
89791  -48.408  23.125  5.976 1.0000000000
89830  -44.340  23.107  1.208 0.6999999881
89842  -45.142  23.371  -1.182 0.6000000238
89846  -43.046  23.386  -1.501 0.3000000119
89847  -43.696  23.042  -1.418 0.4000000060
89848  -44.739  23.411  -1.559 0.4000000060
90301  -40.517  25.002  15.645 0.3000000119
90303  -42.302  24.281  15.087 0.2000000030
90307  -49.467  24.525  15.160 1.0000000000
90308  -49.951  24.668  15.193 1.0000000000
90351  -48.845  24.703  12.208 0.8000000119
90371  -42.087  24.672  10.125 0.4000000060
90375  -50.114  25.185  10.509 1.0000000000
90393  -43.505  24.594  8.888 0.5000000000
90399  -49.102  24.566  7.892 1.0000000000
90429  -44.192  24.112  4.929 0.6999999881
90444  -43.530  24.554  2.771 0.6999999881
90455  -44.882  24.479  0.236 0.6999999881
90456  -45.420  24.990  -0.079 0.6999999881
90469  -45.081  23.742  -1.422 0.4000000060
90475  -44.473  23.902  -1.666 0.4000000060
90476  -44.853  23.611  -1.603 0.4000000060
90891  -39.066  25.118  18.523 0.1000000015
90895  -38.877  24.755  18.108 0.1000000015
90941  -49.842  25.222  11.291 0.8999999762
90942  -50.116  25.155  11.022 1.0000000000
90951  -44.508  24.980  10.904 0.5000000000
90962  -41.519  24.945  9.808 0.4000000060
90967  -48.999  25.775  9.542 0.8999999762
90977  -44.389  24.795  7.851 0.4000000060
91047  -45.789  25.708  -0.058 0.6000000238
91060  -44.229  24.972  -1.627 0.3000000119
91468  -40.857  26.653  18.029 0.1000000015
91475  -39.605  25.803  17.335 0.1000000015
91507  -39.901  26.517  11.284 0.4000000060
91509  -41.913  26.285  11.579 0.4000000060
91534  -42.221  25.848  8.093 0.4000000060
91568  -42.752  25.939  4.600 0.6999999881
91600  -45.720  26.204  -0.301 0.6000000238
91616  -41.562  26.457  -2.860 0.3000000119
92046  -45.355  27.067  20.251 0.1000000015
92057  -42.578  27.326  18.240 0.1000000015
92060  -46.436  27.719  19.499 0.1000000015
92062  -40.491  26.721  17.210 0.1000000015
92080  -40.820  27.099  15.732 0.1000000015
92094  -38.845  27.711  12.184 0.4000000060
92095  -39.913  27.498  12.487 0.3000000119
92120  -40.001  26.922  9.300 0.4000000060
92133  -40.683  27.692  7.637 0.4000000060
92171  -44.049  27.817  2.236 0.6999999881
92172  -45.351  28.056  2.100 0.6999999881
92180  -45.815  27.902  1.307 0.6999999881
92214  -41.143  27.767  -3.066 0.3000000119
92619  -48.162  28.841  20.278 0.1000000015
92646  -48.179  28.601  19.240 0.1000000015
92653  -44.774  28.420  17.720 0.1000000015
92660  -42.818  28.854  16.226 0.1000000015
92662  -44.311  28.849  17.046 0.1000000015
92682  -37.719  28.925  11.984 0.4000000060
92694  -38.251  28.240  11.644 0.4000000060
92701  -38.431  28.207  10.718 0.4000000060
92702  -38.880  27.843  10.155 0.4000000060
92710  -39.185  28.229  9.333 0.4000000060
92738  -41.389  28.629  5.444 0.6999999881
92744  -41.802  28.485  4.525 0.6999999881
92745  -42.374  28.384  3.727 0.6999999881
92752  -42.990  28.326  3.017 0.6999999881
92759  -43.644  28.219  2.610 0.6999999881
92760  -44.742  28.361  2.476 0.6999999881
92762  -46.322  28.750  2.044 0.6999999881
92777  -45.781  28.495  1.105 0.6000000238
92801  -40.821  28.175  -2.958 0.2000000030
93181  -47.806  29.485  20.020 0.1000000015
93192  -44.416  29.927  18.799 0.1000000015
93207  -49.020  30.390  18.221 0.1000000015
93211  -44.855  29.389  16.661 0.1000000015
93224  -44.202  29.680  15.933 0.1000000015
93236  -39.601  29.744  13.331 0.2000000030
93244  -38.119  29.323  12.721 0.3000000119
93261  -37.874  28.837  11.090 0.4000000060
93270  -38.370  29.273  9.606 0.4000000060
93276  -38.639  29.687  8.852 0.4000000060
93292  -40.901  29.110  6.031 0.6000000238
93341  -45.351  29.068  1.158 0.6000000238
93732  -46.837  30.201  19.351 0.1000000015
93734  -48.798  30.048  19.221 0.1000000015
93745  -48.840  30.542  18.603 0.1000000015
93761  -48.353  29.629  17.830 0.1000000015
93762  -48.843  30.446  17.615 0.1000000015
93763  -48.989  30.899  17.607 0.1000000015
93767  -48.508  30.859  16.663 0.1000000015
93768  -48.876  31.075  17.035 0.1000000015
93776  -45.515  30.427  15.176 0.1000000015
93778  -48.053  31.265  15.833 0.1000000015
93792  -39.146  30.589  13.371 0.2000000030
93795  -43.681  30.179  12.181 0.2000000030
93799  -36.739  31.006  11.798 0.3000000119
93800  -37.604  30.615  12.687 0.3000000119
93804  -44.619  31.110  11.956 0.1000000015
93873  -46.868  30.395  3.546 0.6999999881
93882  -45.974  30.254  2.296 0.6999999881
93917  -42.221  30.416  -2.557 0.3000000119
94318  -48.253  31.443  18.375 0.1000000015
94334  -46.400  32.454  18.317 0.1000000015
94336  -48.420  31.766  17.658 0.1000000015
94337  -48.782  31.385  17.170 0.1000000015
94339  -48.425  31.412  16.408 0.1000000015
94340  -48.366  31.723  16.327 0.1000000015
94354  -47.548  31.819  14.235 0.1000000015
94355  -47.912  31.940  14.754 0.1000000015
94361  -38.738  31.389  13.329 0.2000000030
94365  -45.379  31.547  12.403 0.1000000015
94366  -46.289  31.862  13.008 0.1000000015
94367  -47.116  32.101  13.592 0.1000000015
94379  -36.454  31.539  11.208 0.3000000119
94400  -39.403  31.692  7.235 0.5000000000
94407  -40.007  31.768  6.651 0.5000000000
94416  -40.853  31.070  5.813 0.6000000238
94420  -45.997  31.479  5.183 0.6999999881
94422  -47.721  31.894  4.898 0.6999999881
94431  -46.940  30.999  4.754 0.6999999881
94432  -47.497  31.431  4.618 0.6999999881
94433  -47.606  31.763  4.685 0.6999999881
94442  -45.686  31.415  3.133 0.6000000238
94443  -46.965  31.150  3.546 0.6000000238
94461  -41.885  31.008  1.880 0.3000000119
94864  -44.115  33.066  18.631 0.1000000015
94868  -47.770  32.276  17.302 0.1000000015
94876  -48.055  32.190  16.232 0.1000000015
94894  -39.370  33.256  13.399 0.2000000030
94897  -42.009  33.071  13.006 0.2000000030
94898  -46.991  32.710  13.591 0.1000000015
94904  -35.803  32.735  11.922 0.3000000119
94911  -44.877  32.735  12.108 0.2000000030
94913  -46.487  32.965  12.883 0.1000000015
94920  -36.150  32.138  10.703 0.4000000060
94924  -36.764  32.021  9.559 0.4000000060
94927  -37.337  32.135  8.880 0.5000000000
94928  -37.848  32.690  8.235 0.5000000000
94957  -43.592  32.526  5.648 0.5000000000
94960  -47.551  32.621  5.220 0.6999999881
94967  -46.752  32.654  4.255 0.4000000060
94968  -47.553  32.383  4.668 0.5000000000
94982  -47.159  31.978  4.058 0.6000000238
95031  -41.029  32.022  -2.572 0.1000000015
95041  -42.881  32.522  -2.945 0.3000000119
95414  -34.837  33.705  12.102 0.3000000119
95415  -36.078  33.149  12.621 0.3000000119
95428  -35.274  33.242  11.512 0.3000000119
95430  -35.333  33.327  10.563 0.3000000119
95431  -35.859  33.066  9.831 0.4000000060
95436  -35.413  33.818  9.822 0.4000000060
95448  -39.192  33.612  7.281 0.5000000000
95449  -39.994  33.663  6.840 0.4000000060
95450  -40.525  34.501  6.839 0.4000000060
95458  -42.613  33.837  6.413 0.4000000060
95462  -47.186  34.483  6.066 0.4000000060
95474  -44.330  33.245  6.056 0.5000000000
95475  -45.793  33.317  6.070 0.4000000060
95487  -47.550  32.989  5.114 0.6999999881
95499  -43.880  33.057  3.820 0.4000000060
95892  -35.513  34.337  13.244 0.2000000030
95893  -36.380  34.508  13.521 0.3000000119
95915  -34.243  34.421  12.038 0.3000000119
95921  -34.235  34.668  11.371 0.3000000119
95937  -37.290  34.158  8.353 0.3000000119
95943  -37.826  34.752  7.927 0.4000000060
95951  -44.539  34.865  6.725 0.4000000060
95957  -45.910  35.199  5.241 0.4000000060
95959  -47.195  35.067  6.068 0.4000000060
95963  -47.114  34.064  5.370 0.4000000060
96333  -36.154  35.893  14.263 0.2000000030
96335  -38.159  35.635  14.329 0.2000000030
96345  -34.612  35.523  13.493 0.2000000030
96347  -36.678  35.197  13.929 0.3000000119
96349  -38.351  34.914  13.932 0.2000000030
96351  -40.847  35.139  13.691 0.2000000030
96352  -41.719  35.403  13.547 0.2000000030
96353  -43.832  36.408  13.083 0.1000000015
96355  -45.816  36.242  13.034 0.1000000015
96358  -33.831  35.922  12.516 0.2000000030
96359  -34.120  35.110  12.765 0.2000000030
96364  -34.282  35.363  11.026 0.3000000119
96365  -34.811  35.416  10.262 0.3000000119
96371  -37.027  35.831  8.657 0.4000000060
96372  -37.784  35.777  8.205 0.4000000060
96375  -39.372  35.434  7.496 0.4000000060
96376  -40.688  35.274  7.102 0.4000000060
96377  -42.119  36.060  7.208 0.3000000119
96383  -41.473  35.104  6.851 0.4000000060
96386  -45.444  36.019  6.980 0.3000000119
96387  -46.712  35.615  6.143 0.4000000060
96390  -44.795  36.349  5.443 0.4000000060
96396  -43.568  35.580  4.900 0.3000000119
96398  -40.735  35.771  3.579 0.3000000119
96718  -40.151  37.351  22.135 0.1000000015
96733  -31.360  36.732  18.702 0.1000000015
96739  -30.592  36.701  18.417 0.1000000015
96741  -32.723  36.801  17.863 0.1000000015
96747  -29.974  36.793  17.565 0.1000000015
96748  -30.586  36.590  17.617 0.1000000015
96749  -31.341  36.531  17.526 0.1000000015
96750  -32.043  36.653  17.158 0.1000000015
96754  -30.198  36.811  16.944 0.1000000015
96757  -41.872  36.884  16.405 0.1000000015
96764  -34.966  36.926  14.097 0.2000000030
96766  -36.614  36.573  14.609 0.2000000030
96768  -38.956  36.245  14.608 0.1000000015
96776  -34.445  36.357  13.607 0.2000000030
96783  -33.938  36.755  12.251 0.3000000119
96786  -34.222  36.624  11.566 0.3000000119
96790  -36.253  37.013  9.940 0.3000000119
96795  -37.653  37.196  9.324 0.3000000119
96805  -42.736  37.325  7.613 0.3000000119
96806  -43.867  37.301  7.460 0.3000000119
96807  -44.888  37.745  7.295 0.3000000119
96808  -45.562  37.782  7.027 0.3000000119
96812  -42.069  37.209  5.301 0.1000000015
96813  -43.280  37.359  5.524 0.3000000119
96817  -40.561  36.523  4.192 0.2000000030
96852  -41.219  36.745  0.734 0.2000000030
97141  -38.269  37.273  22.328 0.1000000015
97153  -30.068  37.730  19.850 0.1000000015
97160  -29.830  37.447  19.106 0.1000000015
97162  -31.603  37.174  19.464 0.1000000015
97165  -34.789  37.884  19.163 0.1000000015
97166  -35.641  38.029  18.666 0.1000000015
97172  -29.686  37.140  18.048 0.1000000015
97173  -30.001  36.984  18.610 0.1000000015
97175  -33.218  37.117  18.446 0.1000000015
97178  -40.212  39.163  18.877 0.1000000015
97187  -35.270  37.763  17.887 0.1000000015
97188  -42.967  39.679  16.556 0.1000000015
97195  -29.817  37.370  16.339 0.1000000015
97196  -30.459  37.010  16.338 0.1000000015
97207  -29.580  37.857  15.552 0.1000000015
97209  -31.269  37.654  15.287 0.1000000015
97210  -32.712  37.784  15.992 0.1000000015
97211  -33.346  38.064  16.179 0.1000000015
97212  -37.135  37.849  15.023 0.2000000030
97218  -44.327  38.278  14.652 0.1000000015
97225  -34.881  37.807  13.931 0.2000000030
97237  -44.715  37.809  13.762 0.1000000015
97244  -35.295  38.015  11.319 0.2000000030
97248  -35.572  37.331  10.663 0.3000000119
97255  -38.618  38.638  9.543 0.2000000030
97256  -39.241  38.512  9.274 0.2000000030
97259  -38.300  37.709  9.408 0.2000000030
97263  -40.927  38.801  8.867 0.2000000030
97265  -35.435  37.762  7.393 0.1000000015
97267  -36.840  37.933  7.422 0.1000000015
97268  -39.943  37.389  8.389 0.3000000119
97269  -40.843  37.813  8.356 0.2000000030
97270  -41.608  38.791  8.556 0.2000000030
97273  -44.894  38.567  7.148 0.2000000030
97278  -37.366  37.732  6.586 0.1000000015
97279  -38.090  37.706  6.072 0.1000000015
97281  -44.903  38.658  6.970 0.2000000030
97285  -36.515  37.757  5.775 0.1000000015
97293  -45.246  37.941  6.702 0.2000000030
97309  -39.551  37.552  3.743 0.1000000015
97357  -45.427  37.265  -1.052 0.1000000015
97588  -33.145  39.291  25.613 0.1000000015
97602  -36.772  39.519  25.592 0.1000000015
97609  -32.243  38.055  24.201 0.1000000015
97615  -38.215  38.888  24.428 0.1000000015
97617  -39.486  39.574  23.740 0.1000000015
97620  -39.101  38.613  23.745 0.1000000015
97625  -29.897  38.777  21.030 0.1000000015
97627  -31.734  38.677  21.354 0.1000000015
97630  -40.138  38.854  22.540 0.1000000015
97637  -29.730  38.456  20.286 0.1000000015
97639  -31.309  38.113  20.729 0.1000000015
97642  -34.359  38.821  20.720 0.1000000015
97645  -40.089  38.963  21.768 0.1000000015
97650  -33.857  38.325  20.184 0.1000000015
97653  -36.356  38.576  19.187 0.1000000015
97660  -37.271  38.863  18.408 0.1000000015
97663  -34.817  37.829  17.343 0.1000000015
97666  -37.204  38.841  17.862 0.1000000015
97671  -29.091  38.475  16.304 0.1000000015
97672  -33.854  38.721  16.181 0.1000000015
97673  -34.497  38.242  16.756 0.1000000015
97674  -36.301  39.375  16.872 0.1000000015
97676  -43.248  40.023  16.180 0.1000000015
97679  -29.014  38.401  15.597 0.1000000015
97682  -34.121  39.609  15.946 0.2000000030
97685  -39.885  38.939  15.429 0.1000000015
97697  -29.966  38.205  14.351 0.1000000015
97698  -31.431  38.392  14.507 0.1000000015
97710  -28.715  38.951  14.204 0.1000000015
97711  -29.457  38.632  13.880 0.1000000015
97713  -31.103  38.781  13.687 0.1000000015
97721  -34.593  38.666  12.937 0.2000000030
97740  -35.175  39.171  9.301 0.1000000015
97742  -36.888  39.625  9.434 0.1000000015
97745  -39.256  39.032  9.289 0.2000000030
97746  -39.979  39.189  8.968 0.2000000030
97751  -34.589  38.452  8.592 0.1000000015
97754  -38.081  39.262  8.691 0.1000000015
97757  -41.236  39.324  8.774 0.2000000030
97763  -34.143  38.216  7.816 0.1000000015
97764  -36.169  38.117  8.006 0.1000000015
97767  -39.837  39.061  7.624 0.1000000015
97774  -33.928  38.557  7.191 0.1000000015
97775  -34.434  38.652  6.481 0.1000000015
97776  -35.070  38.184  6.296 0.1000000015
97778  -39.866  38.107  6.192 0.1000000015
97779  -41.259  39.468  7.317 0.1000000015
97780  -42.884  39.645  7.003 0.2000000030
97782  -44.305  39.057  7.214 0.2000000030
97787  -35.410  38.979  5.287 0.1000000015
97789  -37.530  38.009  4.807 0.1000000015
97792  -43.447  39.065  6.563 0.2000000030
97793  -44.245  39.082  6.896 0.2000000030
97813  -37.500  38.718  3.640 0.1000000015
97851  -44.831  38.312  -0.345 0.1000000015
98112  -35.118  39.708  26.242 0.1000000015
98122  -37.442  40.315  25.705 0.1000000015
98132  -35.023  40.521  23.690 0.1000000015
98134  -38.980  40.179  24.256 0.1000000015
98140  -29.701  39.976  21.902 0.1000000015
98143  -33.986  39.727  22.480 0.1000000015
98146  -36.374  40.088  21.784 0.1000000015
98148  -39.796  39.747  22.956 0.1000000015
98150  -29.701  39.393  21.315 0.1000000015
98155  -34.566  39.334  21.451 0.1000000015
98170  -38.704  40.775  20.515 0.1000000015
98171  -39.790  40.204  21.148 0.1000000015
98176  -37.793  39.399  18.939 0.1000000015
98179  -40.590  40.479  18.788 0.1000000015
98187  -37.107  39.333  17.215 0.1000000015
98189  -38.526  39.818  17.703 0.1000000015
98190  -41.931  40.704  17.556 0.1000000015
98193  -28.707  39.763  16.001 0.1000000015
98194  -29.015  39.167  16.547 0.1000000015
98195  -34.703  39.193  16.390 0.1000000015
98201  -28.424  39.642  15.255 0.1000000015
98205  -38.463  39.618  15.175 0.1000000015
98210  -27.874  40.180  13.983 0.1000000015
98214  -33.267  39.943  15.015 0.2000000030
98215  -36.426  40.483  14.042 0.2000000030
98218  -28.298  39.557  13.702 0.1000000015
98219  -29.771  38.908  13.006 0.1000000015
98221  -31.510  39.528  13.030 0.1000000015
98227  -28.912  39.623  12.240 0.1000000015
98228  -29.709  39.376  12.269 0.1000000015
98229  -30.354  39.257  12.464 0.1000000015
98230  -31.483  40.058  12.123 0.1000000015
98231  -35.092  39.475  12.558 0.2000000030
98237  -30.537  39.805  11.699 0.1000000015
98245  -36.948  39.787  10.273 0.1000000015
98246  -37.565  39.539  10.025 0.1000000015
98254  -37.362  39.725  9.883 0.1000000015
98259  -32.516  39.273  8.523 0.1000000015
98260  -37.635  39.498  9.305 0.1000000015
98261  -39.082  39.258  8.759 0.1000000015
98262  -40.059  39.305  8.782 0.2000000030
98263  -40.726  39.409  8.763 0.2000000030
98264  -41.460  39.574  8.460 0.2000000030
98267  -32.693  39.235  7.839 0.1000000015
98269  -39.957  39.340  8.382 0.2000000030
98271  -43.066  39.682  7.647 0.1000000015
98272  -43.648  39.340  7.488 0.2000000030
98276  -34.436  39.497  6.053 0.1000000015
98298  -37.950  38.974  2.923 0.1000000015
98304  -37.714  39.863  2.601 0.1000000015
98314  -39.483  39.378  1.445 0.1000000015
98322  -39.908  39.872  0.813 0.1000000015
98323  -40.469  39.320  0.488 0.2000000030
98331  -41.984  39.775  -0.399 0.2000000030
98596  -35.041  41.686  26.535 0.1000000015
98598  -36.069  41.116  26.921 0.1000000015
98606  -37.082  40.811  25.669 0.1000000015
98619  -37.271  41.020  24.794 0.1000000015
98634  -39.422  40.647  22.375 0.1000000015
98639  -37.182  40.634  22.402 0.1000000015
98640  -38.309  40.993  21.951 0.1000000015
98648  -29.433  40.330  20.723 0.1000000015
98649  -38.865  41.129  21.244 0.1000000015
98651  -39.727  40.881  20.593 0.1000000015
98663  -40.499  40.596  18.605 0.1000000015
98666  -29.493  40.083  17.603 0.1000000015
98669  -41.564  41.035  17.324 0.1000000015
98670  -42.292  41.055  17.094 0.1000000015
98672  -28.895  40.514  16.181 0.1000000015
98681  -34.829  41.200  15.471 0.2000000030
98682  -35.552  41.032  15.910 0.2000000030
98683  -36.434  42.128  15.648 0.1000000015
98684  -39.170  41.687  15.054 0.1000000015
98687  -42.707  40.611  16.296 0.1000000015
98691  -33.507  40.789  14.467 0.2000000030
98695  -38.559  42.019  14.624 0.1000000015
98698  -27.717  40.660  13.443 0.1000000015
98701  -33.577  41.470  13.683 0.2000000030
98702  -35.854  41.219  12.899 0.2000000030
98705  -27.692  40.714  12.703 0.1000000015
98707  -32.632  40.947  12.684 0.2000000030
98708  -33.439  41.879  12.746 0.2000000030
98711  -27.736  40.816  11.852 0.1000000015
98712  -29.006  40.177  11.103 0.1000000015
98720  -29.331  40.508  10.390 0.1000000015
98725  -34.650  41.548  10.496 0.1000000015
98736  -31.337  40.470  8.245 0.1000000015
98738  -31.810  40.352  7.670 0.1000000015
98740  -32.753  39.792  7.249 0.1000000015
98744  -32.868  40.507  6.839 0.1000000015
98751  -34.660  40.374  5.738 0.1000000015
98765  -37.156  40.474  3.078 0.1000000015
99049  -29.549  41.400  21.702 0.1000000015
99055  -29.547  41.161  20.856 0.1000000015
99070  -38.314  42.586  15.558 0.1000000015
99072  -39.907  41.730  15.912 0.1000000015
99073  -40.477  41.533  15.949 0.1000000015
99075  -28.700  41.116  15.644 0.1000000015
99076  -29.095  41.810  15.793 0.1000000015
99078  -36.331  42.966  14.889 0.2000000030
99080  -38.296  43.156  14.839 0.1000000015
99083  -28.241  40.996  14.927 0.1000000015
99085  -34.865  42.451  14.042 0.2000000030
99086  -36.603  43.400  14.023 0.2000000030
99087  -37.850  43.127  13.926 0.2000000030
99091  -35.031  43.074  13.004 0.2000000030
99097  -35.208  43.463  12.224 0.2000000030
99098  -36.088  43.004  11.834 0.2000000030
99100  -27.545  41.561  11.510 0.1000000015
99103  -34.087  42.561  11.308 0.1000000015
99104  -34.833  42.965  11.146 0.2000000030
99105  -35.446  42.876  11.300 0.2000000030
99108  -27.613  41.768  10.647 0.1000000015
99110  -28.814  40.940  9.891 0.1000000015
99111  -34.270  42.273  10.844 0.1000000015
99115  -27.788  41.952  9.836 0.1000000015
99117  -29.141  41.353  9.211 0.1000000015
99120  -28.684  41.944  8.855 0.1000000015
99122  -30.142  41.432  8.256 0.1000000015
99123  -30.734  41.054  8.028 0.1000000015
99127  -29.757  41.991  7.809 0.1000000015
99134  -31.819  41.623  6.872 0.1000000015
99135  -32.429  41.075  6.870 0.1000000015
99137  -33.740  41.077  6.342 0.1000000015
99144  -36.042  41.339  4.561 0.1000000015
99465  -37.262  43.481  14.404 0.2000000030
99469  -28.396  42.284  14.544 0.1000000015
99474  -35.717  43.369  12.715 0.2000000030
99475  -36.413  43.118  13.180 0.2000000030
99478  -34.599  43.151  11.687 0.2000000030
99485  -27.551  42.573  10.249 0.1000000015
99490  -28.142  42.138  9.263 0.1000000015
99505  -30.841  42.912  6.717 0.1000000015
99507  -32.210  42.337  6.571 0.1000000015
99548  -40.053  42.978  1.340 0.1000000015
99817  -31.853  43.323  19.722 0.1000000015
99824  -32.002  43.297  18.922 0.1000000015
99837  -30.414  43.379  16.204 0.1000000015
99849  -28.582  43.548  13.753 0.1000000015
99858  -27.915  44.040  11.721 0.1000000015
99862  -27.539  43.279  10.727 0.1000000015
99866  -27.625  43.466  9.801 0.1000000015
99873  -27.905  43.347  8.916 0.1000000015
99874  -28.213  44.002  8.490 0.1000000015
99880  -28.723  43.931  7.855 0.1000000015
99881  -29.365  43.988  7.318 0.1000000015
99937  -41.685  43.385  1.373 0.1000000015
99958  -42.260  42.933  1.101 0.1000000015
100240  -30.484  44.675  14.736 0.1000000015
100245  -30.139  45.009  13.894 0.1000000015
100248  -28.393  44.323  12.436 0.1000000015
100251  -27.680  43.843  11.113 0.1000000015
100265  -27.930  44.918  9.526 0.1000000015
100277  -29.011  44.706  7.705 0.1000000015
100278  -29.720  44.867  7.132 0.1000000015
100280  -30.309  44.513  6.792 0.1000000015
100659  -29.787  45.277  13.171 0.1000000015
107130  -31.910  37.403  15.893 0.1000000015
107598  -46.341  30.321  15.922 0.1000000015
107996  -35.958  38.116  17.871 0.1000000015
108133  -31.793  43.032  6.504 0.1000000015
108158  -36.328  42.503  12.587 0.2000000030
108536  -45.625  37.592  6.904 0.3000000119
108622  -30.733  42.941  17.121 0.1000000015
108824  -42.459  26.508  6.699 0.6000000238
109116  -50.590  23.086  15.152 1.0000000000
109249  -37.767  40.706  25.210 0.1000000015
109284  -33.168  37.453  16.563 0.1000000015
109538  -31.419  40.562  9.874 0.1000000015
109618  -47.384  20.514  20.476 0.6000000238
110303  -47.208  30.774  18.994 0.1000000015
110445  -49.692  25.208  9.095 1.0000000000
110500  -43.564  31.204  2.543 0.3000000119
110505  -36.360  37.335  14.709 0.2000000030
110565  -48.094  24.360  6.772 0.8999999762
110698  -29.399  38.585  17.982 0.1000000015
110737  -52.178  17.714  18.984 0.8999999762
110812  -29.395  37.829  16.764 0.1000000015
110899  -43.216  30.766  12.182 0.2000000030
111294  -49.927  18.190  13.806 0.8000000119
111296  -31.965  43.467  18.108 0.1000000015
111839  -40.281  38.922  7.038 0.1000000015
112094  -37.953  39.917  19.798 0.1000000015
112548  -28.262  43.755  13.017 0.1000000015
112673  -42.336  39.748  8.098 0.2000000030
112978  -31.702  36.888  16.449 0.1000000015
113093  -41.746  37.483  14.560 0.2000000030
113274  -46.310  35.687  6.523 0.3000000119
113427  -28.530  39.625  12.927 0.1000000015
113646  -39.764  26.672  -1.429 0.2000000030
114044  -44.292  22.858  1.985 0.6999999881
114149  -45.858  28.051  0.969 0.6999999881
114303  -34.988  39.431  13.098 0.2000000030
114720  -27.599  42.734  12.195 0.1000000015
114958  -43.174  21.578  -0.199 0.5000000000
114989  -45.952  29.277  3.312 0.6999999881
115068  -44.488  19.543  14.403 0.6000000238
115240  -34.051  35.911  11.426 0.3000000119
115298  -30.657  38.342  14.185 0.1000000015
115544  -38.706  41.576  16.316 0.1000000015
115572  -38.454  38.851  2.705 0.1000000015
115726  -44.212  11.481  20.751 0.1000000015
115791  -33.203  37.408  19.184 0.1000000015
116544  -29.473  39.850  21.178 0.1000000015
116835  -29.413  39.784  20.095 0.1000000015
117105  -43.225  25.697  6.243 0.6999999881
117144  -29.440  38.665  18.924 0.1000000015
117170  -45.938  19.783  20.691 0.2000000030
117513  -31.150  36.521  18.075 0.1000000015
117607  -48.327  25.307  8.235 0.8999999762
117768  -37.523  40.912  14.460 0.2000000030
118011  -35.406  36.262  10.072 0.3000000119
118336  -41.397  30.953  5.320 0.6000000238
118849  -33.401  40.626  6.561 0.1000000015
119196  -43.509  27.352  12.719 0.2000000030
119266  -38.778  42.650  15.065 0.1000000015
119472  -49.736  19.116  5.250 1.0000000000
120162  -41.969  40.878  16.198 0.1000000015
120451  -40.897  37.652  5.295 0.1000000015
120473  -38.541  34.289  13.608 0.2000000030
120482  -42.724  25.402  -2.526 0.3000000119
120657  -37.767  33.283  13.302 0.2000000030
120974  -37.790  34.472  13.669 0.2000000030
121273  -39.853  21.201  19.091 0.2000000030
121303  -38.115  31.948  8.229 0.4000000060
121406  -38.764  31.782  7.704 0.5000000000
121604  -45.414  22.767  16.645 0.5000000000
121627  -42.364  28.777  15.604 0.1000000015
122085  -51.347  17.341  14.059 0.8000000119
122114  -29.653  41.313  16.926 0.1000000015
122241  -40.046  33.686  13.388 0.2000000030
122258  -45.674  24.591  6.667 0.6000000238
122450  -29.533  42.623  7.478 0.1000000015
122746  -45.986  20.533  11.924 0.6000000238
123032  -44.065  20.540  -0.172 0.5000000000
123099  -28.639  45.259  8.248 0.1000000015
123560  -33.597  37.289  17.032 0.1000000015
123888  -35.402  38.327  14.225 0.2000000030
124090  -35.843  32.701  10.388 0.4000000060
124500  -42.695  34.173  4.214 0.3000000119
124508  -46.443  36.136  6.131 0.5000000000
124511  -43.025  25.522  4.875 0.6999999881
124545  -33.504  39.419  15.578 0.2000000030
124712  -34.813  40.226  26.714 0.1000000015
124870  -37.519  30.238  9.996 0.4000000060
124912  -49.601  24.882  8.731 1.0000000000
125059  -43.727  23.473  15.824 0.4000000060
125210  -28.738  39.986  11.724 0.1000000015
125548  -43.479  20.829  0.168 0.5000000000
125628  -31.927  40.903  7.207 0.1000000015
125904  -38.982  32.951  7.416 0.5000000000
126202  -50.305  24.500  11.853 1.0000000000
126246  -38.427  23.622  19.210 0.1000000015
126348  -39.963  40.898  17.122 0.1000000015
126362  -41.859  27.462  17.597 0.1000000015
126486  -34.568  40.043  22.896 0.1000000015
126694  -40.763  27.501  -2.904 0.2000000030
126783  -37.262  36.618  14.744 0.2000000030
126797  -47.766  25.033  10.983 0.6999999881
126871  -39.898  28.794  7.758 0.4000000060
126888  -42.761  19.767  20.023 0.2000000030
126937  -40.206  41.545  15.766 0.1000000015
127018  -48.085  23.733  6.298 0.8999999762
127226  -40.577  42.960  1.077 0.1000000015
127227  -40.723  36.726  17.802 0.1000000015
127606  -29.419  39.786  20.710 0.1000000015
127777  -39.694  25.751  16.758 0.1000000015
128009  -45.139  30.514  14.625 0.1000000015
128130  -29.947  43.548  15.504 0.1000000015
128770  -29.720  37.324  18.592 0.1000000015
129003  -47.207  34.614  5.897 0.4000000060
129124  -43.792  15.465  22.799 0.2000000030
129199  -40.937  35.543  2.278 0.3000000119
129412  -35.365  38.425  5.734 0.1000000015
129494  -53.813  10.652  19.666 0.5000000000
129592  -41.491  23.855  1.775 0.3000000119
129668  -29.506  42.337  15.963 0.1000000015
