#!ascii label  , from subject sub-v1s12x0050113_ses-1 vox2ras=TkReg
5041
71  -12.410  -94.532  -8.784 0.8999999762
77  -12.990  -95.138  -9.749 0.8000000119
73  -13.839  -95.369  -9.188 0.8000000119
84  -14.524  -96.255  -10.310 0.8000000119
76  -12.241  -94.686  -9.666 0.8999999762
82  -12.984  -95.587  -10.415 0.8000000119
124641  -14.221  -95.766  -10.820 0.8000000119
115789  -13.178  -95.046  -11.056 0.8000000119
94  -11.739  -94.739  -11.298 0.8000000119
95  -12.216  -94.899  -11.650 0.8000000119
90  -13.036  -95.421  -10.971 0.8000000119
558  -14.377  -93.379  -1.721 0.6999999881
122553  -12.620  -93.495  -3.975 0.8000000119
303  -12.094  -93.482  -4.587 0.6999999881
146  -12.883  -94.542  -5.786 0.6000000238
372  -14.864  -94.756  -10.745 0.5000000000
184  -13.125  -94.208  -11.698 0.6999999881
655  -13.755  -93.224  -11.849 0.6000000238
105  -13.233  -94.448  -13.807 0.8000000119
104  -12.755  -94.524  -13.624 0.8000000119
194  -13.916  -94.223  -14.266 0.6999999881
193  -13.291  -94.471  -14.251 0.8000000119
557  -14.042  -94.150  -1.973 0.8000000119
294  -13.291  -94.132  -2.742 0.8000000119
109  -13.033  -94.717  0.682 0.8000000119
138  -11.793  -93.868  -4.048 1.0000000000
154  -11.410  -94.572  -6.004 0.8999999762
49  -11.448  -94.860  -6.308 0.8999999762
129779  -10.994  -94.761  -6.716 0.8999999762
59  -11.905  -95.057  -6.430 0.8999999762
166  -11.027  -94.178  -8.034 0.8999999762
126865  -14.754  -95.395  -10.869 0.5000000000
371  -13.990  -93.912  -10.931 0.5000000000
380  -13.386  -93.766  -11.690 0.6999999881
664  -15.133  -93.239  -13.559 0.6000000238
656  -15.210  -92.642  -13.069 0.6000000238
75  -11.604  -94.261  -9.031 0.8999999762
188  -13.987  -93.928  -13.618 0.6999999881
385  -16.059  -93.393  -14.116 0.6999999881
171  -11.205  -94.246  -9.687 0.8999999762
179  -11.170  -94.252  -10.927 0.8999999762
185  -10.960  -93.900  -12.445 1.0000000000
178  -10.812  -94.067  -11.386 0.8999999762
202  -12.792  -94.491  -14.668 0.8000000119
189  -14.856  -93.824  -14.405 0.6999999881
399  -11.666  -94.019  -15.600 1.0000000000
407  -13.052  -93.801  -16.252 0.8000000119
113010  -13.950  -93.917  -15.728 0.8000000119
116542  -13.933  -92.431  5.433 0.6999999881
544  -14.390  -93.481  -0.467 0.6999999881
293  -12.310  -94.172  -3.345 0.8000000119
129827  -12.163  -94.503  -0.149 0.8999999762
159  -10.969  -94.696  -6.489 1.0000000000
165  -10.582  -94.165  -7.886 0.8999999762
118244  -16.869  -93.278  -14.128 0.6000000238
667  -18.217  -93.304  -13.876 0.6000000238
187  -11.812  -94.541  -13.337 0.8000000119
391  -11.283  -94.067  -14.755 1.0000000000
203  -13.862  -94.289  -14.897 0.8000000119
393  -17.024  -93.387  -14.451 0.6000000238
195  -15.578  -93.639  -14.885 0.6999999881
394  -18.159  -93.567  -14.449 0.6000000238
390  -10.920  -93.918  -14.045 1.0000000000
414  -15.126  -93.539  -17.712 0.6999999881
273  -13.862  -94.347  0.723 0.8000000119
287  -14.139  -94.240  -1.072 0.8000000119
1084  -12.160  -91.363  3.523 0.8000000119
594  -13.247  -92.536  -4.987 0.6000000238
285  -12.642  -94.680  -2.177 0.8000000119
133  -11.869  -94.477  -2.934 0.8999999762
118  -12.590  -94.723  -0.706 0.8999999762
129130  -11.233  -93.725  -3.967 1.0000000000
144  -11.629  -94.128  -5.757 0.8999999762
41  -11.904  -95.043  -5.978 0.8000000119
122690  -12.358  -95.173  -6.294 0.8000000119
60  -12.523  -95.283  -6.830 0.8999999762
161  -10.515  -94.274  -7.387 1.0000000000
111553  -10.730  -94.019  -8.887 0.8999999762
175  -10.842  -94.008  -10.389 0.8999999762
122993  -12.248  -94.598  -13.257 0.8000000119
192  -12.437  -94.566  -13.876 0.8000000119
126010  -14.620  -93.644  -16.084 0.8000000119
205  -15.288  -93.669  -15.268 0.6999999881
197  -17.649  -93.575  -14.893 0.6000000238
662  -10.775  -93.756  -13.605 1.0000000000
678  -11.779  -93.283  -16.295 1.0000000000
409  -14.891  -93.453  -16.825 0.6999999881
211  -15.380  -93.517  -16.054 0.8000000119
121594  -16.172  -93.463  -15.600 0.6000000238
2632  -13.083  -88.891  -16.312 0.8000000119
412  -12.534  -93.398  -17.007 1.0000000000
110869  -13.320  -93.458  -17.285 0.8000000119
217  -16.185  -93.471  -16.504 0.6999999881
120610  -17.771  -93.715  -16.242 0.6000000238
670  -11.218  -93.425  -15.028 1.0000000000
233  -16.901  -94.009  -19.832 0.8000000119
431  -14.208  -93.670  -20.169 0.8999999762
232  -15.984  -94.234  -19.845 0.8000000119
986  -15.980  -92.567  -21.614 0.8999999762
434  -16.367  -93.854  -20.436 0.8000000119
812  -13.953  -92.430  1.060 0.6000000238
125  -11.956  -94.728  -2.115 1.0000000000
132  -11.472  -94.395  -2.671 1.0000000000
117956  -12.515  -92.917  4.636 0.8999999762
122432  -11.426  -93.370  2.433 0.8999999762
302  -10.989  -93.811  -2.843 0.8999999762
845  -10.575  -92.378  -3.440 1.0000000000
1165  -10.374  -91.868  -4.242 1.0000000000
136  -11.136  -93.999  -3.239 1.0000000000
123444  -10.976  -93.598  -3.529 1.0000000000
592  -10.330  -92.066  -5.356 1.0000000000
1172  -10.284  -91.678  -5.241 1.0000000000
1606  -10.765  -90.843  -6.266 1.0000000000
278  -11.764  -94.027  0.077 0.8999999762
321  -10.459  -93.325  -5.728 1.0000000000
1597  -11.325  -90.460  -5.765 1.0000000000
271  -11.271  -94.029  0.949 0.8999999762
320  -10.123  -93.392  -6.416 1.0000000000
862  -10.200  -92.138  -6.380 1.0000000000
1181  -10.652  -90.969  -6.952 1.0000000000
1614  -11.298  -90.875  -7.525 1.0000000000
608  -9.977  -93.049  -7.319 1.0000000000
878  -9.925  -92.552  -7.869 1.0000000000
344  -10.192  -93.431  -8.097 1.0000000000
1195  -11.204  -91.275  -8.312 1.0000000000
351  -10.306  -93.531  -9.169 1.0000000000
126711  -10.068  -92.767  -8.931 1.0000000000
360  -10.517  -93.742  -9.805 0.8999999762
123649  -8.039  -91.837  -11.912 0.5000000000
369  -10.468  -93.378  -10.539 1.0000000000
370  -10.827  -93.577  -11.198 1.0000000000
1673  -10.583  -90.436  -12.162 0.6999999881
653  -10.800  -93.541  -12.002 1.0000000000
381  -10.834  -93.702  -12.718 1.0000000000
2133  -11.833  -89.671  -14.269 0.8000000119
675  -11.460  -93.208  -15.880 1.0000000000
411  -12.084  -93.325  -16.690 1.0000000000
206  -17.233  -93.540  -15.534 0.6000000238
114229  -11.708  -89.865  -14.870 0.8000000119
2612  -12.987  -88.847  -15.415 0.8000000119
212  -16.944  -93.542  -16.389 0.6000000238
681  -12.308  -93.072  -17.778 1.0000000000
113755  -17.449  -93.810  -17.837 0.6999999881
2166  -12.446  -89.259  -17.686 0.8000000119
418  -12.942  -93.294  -18.511 1.0000000000
420  -14.508  -93.744  -18.507 0.8000000119
224  -17.790  -93.825  -18.441 0.8000000119
231  -18.885  -93.621  -18.966 0.6999999881
229  -17.372  -93.986  -19.134 0.8000000119
438  -19.429  -93.330  -19.491 0.6999999881
120107  -15.605  -92.964  -21.205 0.8999999762
692  -16.335  -92.691  -21.977 0.8999999762
449  -17.895  -93.013  -21.905 0.8000000119
702  -18.220  -92.325  -23.112 0.8000000119
993  -16.952  -91.712  -24.095 0.8000000119
460  -14.918  -92.445  8.379 0.6000000238
236  -12.291  -93.123  5.326 0.8999999762
126  -13.043  -94.820  -1.135 0.8000000119
122323  -11.126  -93.898  -2.242 0.8999999762
473  -11.273  -92.368  5.585 0.8999999762
108  -12.779  -94.673  1.472 0.8999999762
117  -11.740  -94.253  -0.914 0.8999999762
112109  -10.535  -91.139  -5.002 1.0000000000
243  -11.492  -92.370  3.756 0.8999999762
249  -11.336  -92.192  2.682 0.8999999762
256  -12.079  -93.398  2.232 0.8999999762
255  -11.780  -94.075  2.083 0.8999999762
1607  -11.332  -90.578  -6.702 1.0000000000
511  -11.005  -91.775  2.980 0.8999999762
116558  -10.709  -93.247  1.848 0.8999999762
872  -10.043  -92.187  -7.335 1.0000000000
1187  -10.221  -91.502  -7.221 1.0000000000
888  -10.201  -91.835  -8.356 1.0000000000
1196  -11.867  -90.932  -8.754 1.0000000000
1643  -6.828  -90.565  -10.646 0.5000000000
902  -11.348  -91.823  -10.407 1.0000000000
1210  -7.243  -91.277  -11.032 0.5000000000
901  -10.806  -92.290  -10.380 1.0000000000
1656  -9.292  -91.083  -11.192 0.5000000000
913  -10.692  -92.765  -11.043 1.0000000000
1239  -12.108  -91.645  -12.079 1.0000000000
1236  -7.324  -91.879  -12.456 0.5000000000
644  -10.615  -93.300  -11.218 1.0000000000
925  -11.945  -92.181  -12.953 1.0000000000
1251  -13.106  -91.307  -13.567 1.0000000000
1259  -13.550  -91.278  -14.857 0.8999999762
935  -10.793  -93.421  -13.412 1.0000000000
119769  -11.585  -92.894  -15.309 1.0000000000
1258  -12.867  -91.841  -14.807 1.0000000000
1266  -13.070  -91.740  -15.567 1.0000000000
1701  -14.525  -90.706  -15.772 0.8999999762
959  -12.393  -92.313  -16.401 1.0000000000
1237  -8.810  -91.733  -12.461 0.5000000000
111887  -10.222  -90.920  -12.941 0.6999999881
951  -11.759  -92.772  -16.016 1.0000000000
921  -7.584  -92.003  -13.418 0.5000000000
1693  -11.324  -90.259  -14.432 0.8000000119
958  -11.789  -92.929  -16.764 1.0000000000
419  -13.539  -93.523  -18.407 1.0000000000
934  -8.131  -92.234  -13.819 0.5000000000
109214  -12.424  -89.373  -15.890 0.8000000119
969  -12.433  -92.941  -18.239 1.0000000000
222  -16.201  -93.956  -18.480 0.8000000119
112240  -19.785  -93.871  -17.925 0.6000000238
127333  -9.438  -91.825  -15.272 0.4000000060
1700  -11.310  -90.344  -15.182 0.8000000119
2159  -12.445  -89.356  -16.796 0.8000000119
2641  -13.048  -88.722  -18.060 0.8000000119
974  -12.789  -93.018  -18.768 0.8999999762
230  -18.178  -93.800  -19.068 0.6999999881
978  -13.998  -93.101  -20.081 0.8999999762
689  -14.740  -93.125  -20.663 0.8999999762
433  -15.455  -94.013  -20.365 0.8999999762
435  -18.296  -93.419  -20.530 0.8000000119
693  -16.747  -92.902  -22.436 0.8999999762
116564  -18.258  -93.097  -21.041 0.8000000119
444  -18.762  -92.991  -20.501 0.6999999881
446  -19.413  -92.874  -20.011 0.6000000238
454  -18.399  -92.686  -21.778 0.6999999881
690  -18.800  -92.461  -21.421 0.6000000238
987  -16.364  -92.241  -22.338 0.8999999762
1790  -16.606  -89.833  -24.904 0.8000000119
124947  -17.008  -91.323  -24.499 0.8000000119
1000  -18.240  -91.697  -24.311 0.6999999881
2241  -19.041  -89.032  -24.924 0.5000000000
456  -14.829  -92.258  9.037 0.6000000238
458  -13.695  -92.329  8.188 0.8000000119
465  -13.042  -92.781  7.049 0.8999999762
800  -12.505  -91.933  1.902 0.8000000119
770  -12.960  -92.780  4.614 0.8999999762
277  -11.616  -93.730  -0.720 0.8999999762
555  -11.138  -93.075  -1.884 0.8999999762
1148  -10.739  -91.843  -3.299 1.0000000000
1598  -11.971  -90.059  -6.406 1.0000000000
2044  -13.442  -89.447  -6.548 1.0000000000
124998  -13.278  -89.702  -7.305 1.0000000000
526  -10.784  -93.485  1.159 0.8999999762
1620  -12.353  -90.524  -8.262 1.0000000000
1616  -12.803  -90.059  -7.746 1.0000000000
1194  -10.461  -91.683  -8.032 1.0000000000
1621  -12.965  -90.113  -8.519 1.0000000000
1199  -11.404  -91.430  -9.165 1.0000000000
1631  -12.653  -90.565  -9.729 1.0000000000
1212  -11.986  -91.307  -10.374 1.0000000000
1646  -9.642  -90.587  -10.567 0.5000000000
1647  -13.167  -90.327  -11.007 1.0000000000
915  -11.639  -91.807  -11.255 1.0000000000
1685  -13.683  -90.583  -13.475 0.8999999762
1694  -13.617  -90.997  -14.169 0.8999999762
112075  -6.307  -90.677  -12.266 0.5000000000
1695  -14.171  -90.423  -14.256 0.8999999762
1260  -14.153  -90.784  -15.022 0.8999999762
944  -12.171  -92.428  -14.664 1.0000000000
952  -12.306  -92.346  -15.455 1.0000000000
1716  -15.417  -90.195  -16.654 0.8999999762
1277  -13.330  -91.655  -16.364 0.8999999762
1286  -13.321  -91.955  -18.011 0.8999999762
1723  -15.391  -90.607  -17.295 0.8999999762
2642  -13.627  -88.284  -17.631 0.8000000119
970  -12.830  -92.712  -18.617 0.8999999762
1297  -14.543  -91.957  -19.352 0.8999999762
225  -18.557  -93.716  -18.392 0.6999999881
109630  -13.085  -88.836  -17.200 0.8000000119
114377  -19.739  -93.419  -18.917 0.6000000238
1276  -9.635  -91.440  -16.822 0.4000000060
110559  -11.749  -89.902  -16.395 0.8000000119
1285  -9.529  -91.218  -17.594 0.5000000000
128819  -11.424  -90.208  -16.888 0.5000000000
2172  -12.434  -89.140  -18.561 0.6999999881
113730  -13.942  -88.010  -19.014 0.8999999762
441  -15.879  -93.430  -20.897 0.8999999762
985  -19.253  -91.843  -21.048 0.5000000000
695  -16.698  -92.479  -22.743 0.8000000119
991  -18.604  -91.796  -22.933 0.6999999881
1337  -19.014  -91.295  -22.474 0.5000000000
992  -16.860  -91.062  -24.228 0.8000000119
107035  -18.820  -90.336  -24.130 0.6000000238
2721  -19.547  -88.077  -26.165 0.5000000000
123977  -14.461  -92.536  7.237 0.6999999881
1506  -12.503  -90.772  3.741 0.6000000238
781  -12.224  -91.709  3.675 0.8999999762
821  -11.559  -92.168  -0.831 1.0000000000
1149  -11.310  -91.579  -2.347 1.0000000000
2020  -11.922  -90.062  -3.644 1.0000000000
2037  -12.118  -89.919  -5.528 1.0000000000
501  -11.034  -92.554  3.994 0.8999999762
114181  -11.304  -92.708  0.215 1.0000000000
107768  -13.218  -89.407  -5.776 1.0000000000
1632  -13.142  -90.105  -9.254 1.0000000000
1648  -13.361  -90.015  -10.185 1.0000000000
1675  -13.788  -90.132  -12.683 0.8999999762
1224  -12.311  -91.197  -11.265 1.0000000000
2100  -11.476  -89.196  -10.820 0.8000000119
123060  -12.827  -90.708  -11.341 1.0000000000
1225  -12.733  -91.017  -12.023 1.0000000000
108032  -14.802  -90.065  -15.063 0.8999999762
2576  -12.903  -88.277  -12.878 0.8000000119
2597  -13.366  -88.237  -14.188 0.8000000119
2633  -13.666  -88.340  -16.755 0.8000000119
109422  -14.440  -91.686  -18.395 0.8999999762
976  -14.050  -92.596  -19.849 0.8999999762
979  -14.793  -92.604  -20.564 0.8999999762
2171  -11.826  -89.699  -18.243 0.6999999881
983  -15.435  -92.665  -21.113 0.8999999762
112905  -9.369  -90.902  -18.365 0.5000000000
119924  -11.258  -90.077  -18.717 0.6000000238
109118  -12.052  -89.353  -19.933 0.6999999881
2187  -12.464  -89.125  -20.621 0.6999999881
1328  -16.450  -91.710  -22.267 0.8000000119
125112  -16.960  -92.673  -23.001 0.8000000119
2186  -11.529  -89.795  -20.698 0.6000000238
2196  -12.205  -89.499  -21.424 0.6999999881
107370  -13.008  -88.909  -21.272 0.6999999881
700  -17.393  -92.151  -23.884 0.8000000119
126383  -18.384  -92.169  -23.285 0.6999999881
113023  -9.375  -90.626  -19.065 0.5000000000
111563  -11.389  -89.829  -19.892 0.6000000238
994  -17.943  -92.051  -24.174 0.8000000119
1794  -17.913  -89.950  -25.783 0.6999999881
2235  -19.229  -88.935  -24.828 0.4000000060
2715  -19.965  -87.895  -25.877 0.5000000000
2010  -11.929  -89.994  -2.385 1.0000000000
2038  -13.257  -89.206  -5.107 1.0000000000
2500  -14.270  -88.939  -6.672 1.0000000000
1615  -12.050  -90.404  -7.384 1.0000000000
2045  -13.865  -89.301  -7.368 1.0000000000
2528  -14.503  -88.922  -8.783 1.0000000000
2052  -14.106  -89.170  -8.231 1.0000000000
2078  -14.454  -88.950  -9.553 1.0000000000
2063  -13.575  -89.657  -8.732 1.0000000000
2090  -14.382  -89.067  -10.431 1.0000000000
2089  -13.926  -89.510  -10.603 1.0000000000
2125  -14.824  -89.332  -13.226 0.8999999762
2101  -13.659  -89.836  -11.148 1.0000000000
2135  -14.779  -89.677  -14.074 0.8999999762
2575  -11.696  -89.256  -11.729 0.8000000119
1240  -12.613  -91.464  -12.803 1.0000000000
1702  -15.159  -90.147  -15.990 0.8999999762
119791  -12.296  -88.756  -12.223 0.8000000119
2585  -12.837  -88.571  -13.727 0.8000000119
115784  -13.499  -88.331  -14.971 0.8000000119
2613  -13.633  -88.369  -15.842 0.8000000119
2596  -12.888  -88.731  -14.549 0.8000000119
129518  -15.664  -90.672  -17.836 0.8999999762
1304  -15.423  -91.657  -19.653 0.8999999762
1313  -15.589  -91.852  -20.459 0.8999999762
121262  -16.156  -91.640  -21.018 0.8999999762
722  -13.750  -90.638  9.967 0.8000000119
107923  -14.485  -90.853  10.669 0.6999999881
733  -13.530  -91.564  8.562 0.8000000119
116448  -6.602  -87.274  -0.225 1.0000000000
742  -12.334  -91.748  7.053 0.8999999762
743  -12.878  -92.214  7.397 0.8000000119
2439  -6.767  -88.492  -0.463 1.0000000000
752  -11.268  -91.899  5.940 0.8999999762
464  -12.485  -92.596  6.711 0.8999999762
763  -10.887  -92.095  5.416 0.8999999762
486  -10.280  -91.958  4.095 0.8999999762
487  -10.918  -92.486  4.811 0.8999999762
790  -9.811  -92.153  2.680 1.0000000000
1997  -12.102  -89.171  -1.469 1.0000000000
2012  -12.957  -88.731  -2.640 1.0000000000
2488  -13.847  -88.418  -4.085 1.0000000000
2495  -13.882  -88.699  -4.815 1.0000000000
128282  -10.141  -92.085  3.424 0.8999999762
799  -9.635  -92.505  1.733 0.8999999762
810  -9.418  -91.973  0.667 1.0000000000
1128  -10.634  -91.242  0.119 1.0000000000
109800  -10.908  -90.719  -0.200 1.0000000000
1548  -10.618  -89.877  0.003 1.0000000000
108178  -14.777  -88.593  -6.051 1.0000000000
524  -9.804  -92.499  1.056 1.0000000000
811  -10.373  -92.236  0.660 1.0000000000
2501  -15.046  -88.545  -6.816 1.0000000000
3018  -16.347  -87.547  -7.421 1.0000000000
111958  -14.596  -88.861  -7.473 1.0000000000
2515  -15.300  -88.392  -7.567 1.0000000000
3044  -17.025  -86.894  -9.426 1.0000000000
2526  -10.508  -88.121  -8.058 0.6999999881
3030  -11.192  -87.360  -8.265 0.6999999881
3041  -12.631  -86.884  -8.950 0.8999999762
118846  -16.731  -87.155  -10.092 1.0000000000
2535  -7.134  -88.601  -9.288 0.6999999881
2059  -7.740  -88.867  -8.734 0.6999999881
2538  -15.243  -88.353  -9.747 1.0000000000
3049  -16.453  -87.472  -10.952 1.0000000000
4138  -6.368  -85.354  -11.509 0.4000000060
118118  -6.350  -87.026  -10.989 0.6000000238
109494  -6.276  -87.756  -11.522 0.5000000000
2556  -6.333  -88.661  -11.080 0.6000000238
1618  -7.706  -90.156  -9.229 0.6000000238
2061  -8.960  -89.366  -8.429 0.6999999881
2536  -11.707  -88.277  -9.395 0.8000000119
3047  -12.776  -87.491  -9.955 0.8999999762
3540  -13.891  -86.928  -11.207 0.8999999762
4693  -16.633  -84.794  -12.312 0.8999999762
4714  -17.213  -84.459  -13.252 0.8999999762
2559  -15.396  -88.343  -11.326 0.8999999762
2577  -15.862  -88.397  -12.872 0.8999999762
1628  -7.141  -89.942  -9.655 0.6000000238
2074  -9.526  -89.824  -9.127 0.6000000238
2088  -11.261  -89.044  -9.863 0.6999999881
3048  -13.297  -87.241  -10.643 0.8999999762
2103  -14.862  -88.785  -11.713 0.8999999762
4669  -6.526  -84.655  -11.287 0.6000000238
112563  -8.175  -90.698  -9.774 0.6000000238
3055  -12.756  -87.818  -10.945 0.8000000119
4160  -15.661  -85.707  -12.546 0.8999999762
2117  -14.872  -88.996  -12.471 0.8999999762
2118  -15.374  -88.801  -13.009 0.8999999762
2598  -15.902  -88.691  -14.302 0.8999999762
2087  -10.783  -89.646  -10.383 0.6000000238
3056  -13.337  -87.473  -11.564 0.8000000119
3553  -13.939  -87.098  -12.100 0.8000000119
3074  -14.551  -86.674  -12.569 0.8999999762
3554  -15.207  -86.255  -12.971 0.8999999762
117060  -16.648  -85.192  -13.825 0.8999999762
2143  -15.537  -89.470  -15.566 0.8999999762
2557  -12.171  -88.566  -11.182 0.8000000119
3072  -12.804  -88.084  -11.889 0.8000000119
3085  -14.029  -87.284  -13.035 0.8000000119
124548  -15.419  -86.374  -13.820 0.8999999762
118157  -15.587  -86.429  -14.743 0.8999999762
3591  -16.144  -85.843  -14.292 0.8999999762
2144  -16.262  -88.912  -16.069 0.8999999762
2586  -13.275  -88.117  -13.548 0.8000000119
118350  -14.380  -87.266  -13.775 0.8000000119
3610  -16.495  -85.830  -16.252 0.8999999762
3625  -18.436  -85.492  -16.603 0.8999999762
3134  -18.539  -86.259  -16.752 0.8999999762
1717  -15.916  -89.918  -17.088 0.8999999762
2160  -15.751  -89.626  -16.381 0.8999999762
3099  -14.372  -87.487  -14.474 0.8000000119
126832  -15.744  -86.397  -15.706 0.8999999762
3623  -15.903  -86.371  -16.588 0.8999999762
3635  -17.553  -86.236  -17.887 0.8999999762
124731  -16.028  -90.257  -17.735 0.8999999762
111067  -14.728  -87.418  -15.952 0.8999999762
3132  -15.474  -86.806  -16.887 0.8999999762
3643  -17.092  -86.605  -18.630 0.8999999762
2167  -17.034  -88.815  -17.634 0.8999999762
1724  -16.518  -89.610  -17.611 0.8999999762
2643  -14.318  -87.769  -17.277 0.8999999762
128808  -14.839  -87.352  -17.375 0.8999999762
120253  -15.947  -86.539  -18.028 0.8999999762
2174  -17.226  -88.676  -18.451 0.8999999762
1743  -16.087  -91.057  -19.261 0.8999999762
3148  -15.494  -86.914  -18.430 0.8999999762
3158  -15.751  -86.949  -19.319 0.8999999762
2181  -17.218  -89.238  -19.051 0.8999999762
1305  -16.112  -91.347  -19.944 0.8999999762
3147  -14.772  -87.303  -18.963 0.8999999762
3170  -16.313  -87.640  -20.331 0.8999999762
1744  -16.756  -90.665  -19.888 0.8999999762
1314  -16.443  -91.210  -20.546 0.8000000119
2658  -14.334  -87.619  -19.777 0.8999999762
111937  -15.636  -87.345  -20.229 0.8999999762
2664  -15.859  -87.902  -20.862 0.8000000119
1322  -16.762  -90.902  -21.387 0.8999999762
1741  -9.921  -90.395  -19.604 0.5000000000
2663  -13.985  -87.988  -20.489 0.8000000119
2669  -13.638  -88.339  -21.113 0.8000000119
2197  -13.743  -88.705  -21.856 0.8000000119
2215  -16.061  -89.175  -23.344 0.8000000119
1336  -16.750  -90.963  -22.901 0.8000000119
1729  -8.637  -90.765  -18.772 0.5000000000
1761  -10.500  -90.031  -21.006 0.5000000000
125474  -14.257  -89.151  -23.117 0.6999999881
1786  -16.395  -89.579  -23.681 0.8000000119
2245  -18.507  -88.905  -26.069 0.6999999881
2195  -11.323  -89.906  -21.628 0.5000000000
116560  -12.843  -89.282  -22.046 0.6999999881
2212  -13.419  -89.351  -23.339 0.6999999881
1789  -15.978  -89.101  -24.831 0.8000000119
108205  -16.540  -89.861  -24.512 0.8000000119
118330  -12.688  -89.471  -22.751 0.6999999881
108723  -14.108  -89.011  -24.601 0.8000000119
2238  -16.731  -89.134  -25.668 0.8000000119
3210  -18.800  -87.487  -27.298 0.4000000060
122093  -12.005  -89.607  -22.801 0.6000000238
2224  -11.900  -89.047  -24.051 0.5000000000
2698  -12.669  -88.394  -25.159 0.5000000000
2232  -13.543  -88.584  -25.252 0.6999999881
2236  -14.515  -88.344  -25.923 0.6999999881
2237  -16.020  -88.657  -25.937 0.6000000238
2243  -16.728  -88.484  -26.409 0.6000000238
2723  -17.804  -88.075  -26.965 0.6000000238
118699  -15.707  -87.413  -26.819 0.6000000238
3736  -19.824  -86.522  -26.746 0.4000000060
2706  -12.970  -87.584  -26.032 0.4000000060
117478  -14.384  -86.394  -26.548 0.4000000060
3731  -14.978  -86.622  -26.649 0.4000000060
711  -12.553  -90.642  12.316 0.6000000238
109702  -13.000  -90.555  10.613 0.8000000119
109124  -12.592  -90.561  9.896 0.8000000119
2903  -7.285  -87.093  2.354 1.0000000000
1033  -12.456  -90.737  7.743 0.8999999762
2892  -8.107  -87.658  3.589 1.0000000000
2413  -7.650  -88.236  1.898 1.0000000000
2952  -6.545  -87.147  -1.773 1.0000000000
1452  -11.868  -90.252  7.801 0.8999999762
1935  -9.429  -89.087  3.898 1.0000000000
1944  -8.937  -88.982  3.100 1.0000000000
1960  -7.712  -89.368  1.554 1.0000000000
2451  -6.891  -88.928  -1.351 1.0000000000
1064  -10.831  -91.431  5.584 0.8999999762
1494  -9.632  -90.159  3.827 1.0000000000
1516  -8.987  -90.299  2.516 1.0000000000
1075  -10.092  -91.310  4.354 0.8999999762
118522  -9.239  -90.812  2.745 1.0000000000
1544  -7.526  -90.326  -0.639 1.0000000000
1545  -7.977  -90.590  -0.678 1.0000000000
779  -9.466  -91.389  3.014 0.8999999762
789  -9.221  -91.917  2.033 1.0000000000
1102  -8.367  -91.158  0.871 1.0000000000
1113  -8.355  -91.402  0.127 1.0000000000
114576  -9.167  -90.355  -0.199 1.0000000000
1528  -10.116  -89.552  0.140 1.0000000000
2454  -11.624  -88.793  -0.554 1.0000000000
2471  -12.685  -88.459  -1.686 1.0000000000
2472  -13.319  -88.084  -2.231 1.0000000000
110825  -15.926  -87.734  -5.112 1.0000000000
3019  -16.886  -87.000  -7.130 1.0000000000
797  -8.832  -91.703  0.643 1.0000000000
2496  -14.589  -88.442  -5.235 1.0000000000
2993  -15.903  -87.871  -6.012 1.0000000000
3522  -13.552  -86.274  -9.253 1.0000000000
3032  -15.521  -88.177  -8.313 1.0000000000
113743  -15.961  -87.768  -10.093 1.0000000000
4075  -6.888  -85.422  -6.721 0.8999999762
117218  -6.393  -86.373  -10.429 0.6999999881
3521  -6.524  -86.659  -9.479 0.6999999881
111539  -6.597  -87.172  -10.113 0.6999999881
119205  -6.971  -89.263  -9.671 0.6000000238
127101  -13.228  -86.946  -9.764 0.8999999762
123661  -14.919  -86.058  -11.384 1.0000000000
5201  -18.070  -83.536  -13.086 0.8999999762
3057  -16.739  -87.448  -11.870 0.8999999762
3542  -15.040  -86.125  -12.147 0.8999999762
2578  -16.210  -87.993  -12.439 0.8999999762
2588  -16.371  -88.134  -13.229 0.8999999762
119873  -16.361  -88.299  -13.917 0.8999999762
2589  -17.055  -87.819  -13.850 0.8999999762
4730  -18.934  -84.114  -14.847 0.8999999762
2599  -16.665  -88.272  -14.742 0.8999999762
2614  -16.608  -88.495  -15.536 0.8999999762
3571  -14.735  -86.795  -13.395 0.8000000119
4219  -18.610  -84.965  -16.027 0.8999999762
3590  -14.936  -86.951  -14.221 0.8999999762
4217  -17.242  -85.186  -15.887 0.8999999762
3118  -18.665  -86.766  -16.004 0.8999999762
2615  -17.247  -88.074  -15.597 0.8999999762
2161  -16.407  -89.256  -16.909 0.8999999762
4228  -17.246  -85.520  -16.797 0.8999999762
3133  -18.352  -87.183  -16.707 0.8999999762
3634  -16.672  -86.220  -17.926 0.8999999762
3142  -17.840  -86.979  -18.200 0.8999999762
2173  -16.936  -89.283  -18.194 0.8999999762
3140  -14.817  -87.342  -17.961 0.8999999762
3159  -16.472  -87.196  -19.695 0.8999999762
108430  -16.761  -90.367  -19.034 0.8999999762
2659  -16.957  -88.125  -19.830 0.8999999762
126472  -17.253  -90.004  -20.213 0.8999999762
3157  -15.069  -87.249  -19.808 0.8999999762
2665  -16.606  -88.405  -20.643 0.8999999762
1768  -16.970  -90.046  -22.106 0.8000000119
2670  -14.460  -88.050  -21.211 0.8000000119
2678  -15.528  -88.591  -22.131 0.8000000119
2672  -16.253  -88.569  -21.484 0.8000000119
2207  -16.542  -89.334  -22.581 0.8000000119
1329  -16.772  -90.950  -22.228 0.8000000119
123091  -14.228  -88.889  -22.495 0.8000000119
115427  -14.951  -88.790  -22.706 0.8000000119
1776  -16.803  -89.993  -22.964 0.8000000119
2214  -15.135  -89.047  -23.375 0.8000000119
2228  -15.526  -89.197  -23.985 0.8000000119
2233  -14.388  -88.633  -25.299 0.8000000119
2687  -10.425  -88.357  -23.905 0.4000000060
2697  -11.735  -88.224  -24.900 0.4000000060
2716  -14.496  -87.089  -26.912 0.5000000000
3745  -16.261  -87.036  -27.042 0.5000000000
111922  -17.229  -86.766  -26.723 0.5000000000
114469  -18.489  -86.224  -26.026 0.4000000060
113860  -15.250  -86.618  -25.288 0.4000000060
1027  -11.958  -90.659  10.455 0.8000000119
4031  -7.495  -85.925  -2.216 1.0000000000
124925  -12.025  -90.335  8.430 0.8999999762
2915  -6.672  -86.513  0.705 1.0000000000
4011  -6.935  -85.676  -0.862 1.0000000000
3442  -7.878  -86.221  -3.310 1.0000000000
2891  -7.394  -86.928  3.310 1.0000000000
2963  -6.930  -86.999  -2.875 1.0000000000
3450  -7.932  -86.876  -4.203 1.0000000000
2487  -8.399  -87.521  -4.477 1.0000000000
2990  -9.725  -87.400  -5.467 1.0000000000
1054  -11.398  -90.872  6.337 0.8999999762
2479  -8.998  -88.242  -3.694 1.0000000000
2972  -10.006  -88.076  -3.898 1.0000000000
1484  -10.398  -89.997  5.073 0.8999999762
2973  -11.459  -87.092  -3.167 1.0000000000
3451  -12.262  -86.697  -3.696 1.0000000000
1074  -9.648  -90.968  3.825 1.0000000000
1522  -7.527  -90.170  0.844 1.0000000000
1993  -7.546  -89.393  -1.519 1.0000000000
2009  -8.647  -88.914  -1.933 1.0000000000
2470  -10.115  -87.905  -1.691 1.0000000000
3433  -13.268  -86.482  -1.567 1.0000000000
2955  -13.535  -87.182  -1.837 1.0000000000
1093  -8.451  -90.658  1.725 1.0000000000
1978  -8.759  -89.806  -0.643 1.0000000000
2440  -10.326  -88.517  -0.198 1.0000000000
2442  -11.732  -87.910  -0.546 1.0000000000
2941  -12.182  -87.186  -0.904 1.0000000000
2473  -13.963  -87.688  -2.697 1.0000000000
2975  -15.536  -87.138  -3.378 1.0000000000
2986  -16.642  -87.190  -4.515 1.0000000000
3483  -17.744  -86.581  -5.834 1.0000000000
3033  -16.245  -87.573  -8.333 1.0000000000
3034  -16.967  -86.918  -8.635 1.0000000000
4126  -14.864  -85.314  -9.267 1.0000000000
3043  -16.451  -87.367  -9.279 1.0000000000
3514  -17.524  -86.536  -9.111 1.0000000000
3524  -17.490  -86.608  -10.033 1.0000000000
109861  -6.307  -85.109  -9.932 0.6999999881
129719  -6.987  -87.494  -8.093 0.6999999881
3046  -6.574  -87.853  -10.615 0.6000000238
3529  -13.803  -86.667  -10.246 1.0000000000
4139  -15.127  -85.663  -10.488 1.0000000000
3050  -17.098  -86.958  -10.792 0.8999999762
3058  -17.442  -86.907  -11.545 0.8999999762
4140  -15.575  -85.578  -11.625 0.8999999762
3075  -17.435  -87.130  -12.420 0.8999999762
5181  -6.732  -83.747  -11.041 0.4000000060
4729  -18.288  -84.183  -14.732 0.8999999762
3612  -19.172  -85.410  -15.516 0.8999999762
3100  -17.552  -87.682  -14.871 0.8999999762
3088  -17.936  -87.258  -14.156 0.8999999762
4198  -16.915  -85.177  -14.823 0.8999999762
3593  -18.974  -86.288  -15.360 0.8999999762
3117  -18.043  -87.500  -15.819 0.8999999762
3592  -16.348  -85.812  -15.280 0.8999999762
110292  -16.946  -88.421  -16.092 0.8999999762
3636  -17.926  -85.722  -17.178 0.8999999762
2635  -17.628  -87.956  -16.534 0.8999999762
2634  -16.969  -88.608  -16.753 0.8999999762
117535  -17.957  -87.484  -17.437 0.8999999762
2644  -17.571  -87.940  -18.163 0.8999999762
3149  -17.394  -87.329  -18.802 0.8999999762
2652  -17.323  -88.151  -18.981 0.8999999762
3642  -16.266  -86.627  -18.607 0.8999999762
2198  -16.748  -89.378  -21.795 0.8000000119
2679  -16.212  -88.912  -22.181 0.8000000119
2696  -10.824  -87.615  -24.878 0.4000000060
2712  -14.301  -87.645  -26.525 0.6000000238
125631  -13.557  -86.391  -26.828 0.5000000000
3718  -12.825  -86.196  -26.452 0.4000000060
1021  -11.232  -90.565  11.023 0.8000000119
4024  -9.182  -85.436  -1.511 1.0000000000
3959  -6.839  -85.395  2.730 1.0000000000
3996  -6.891  -85.027  0.861 1.0000000000
119333  -8.622  -85.570  -2.408 1.0000000000
116155  -9.195  -85.448  -4.397 1.0000000000
128476  -10.858  -90.297  9.915 0.8000000119
1025  -10.681  -90.303  10.536 0.8000000119
2890  -6.883  -86.171  2.956 1.0000000000
4061  -9.639  -86.270  -5.659 1.0000000000
1450  -10.099  -89.826  8.747 0.8999999762
4048  -8.463  -86.185  -4.393 1.0000000000
4063  -11.572  -85.854  -6.180 1.0000000000
1913  -10.058  -89.074  6.376 1.0000000000
2389  -8.901  -88.221  4.662 1.0000000000
2402  -8.774  -88.306  3.754 1.0000000000
2992  -11.681  -87.144  -5.491 1.0000000000
2984  -12.459  -86.813  -5.404 1.0000000000
4065  -14.055  -86.050  -5.186 1.0000000000
2390  -9.605  -88.857  4.726 1.0000000000
117143  -10.752  -87.666  -3.877 1.0000000000
127302  -7.098  -89.956  0.306 1.0000000000
124603  -7.416  -88.700  -2.160 1.0000000000
4565  -15.228  -84.934  -3.202 1.0000000000
4560  -16.430  -84.873  -2.790 1.0000000000
2469  -9.210  -88.397  -2.397 1.0000000000
2964  -10.641  -87.488  -2.587 1.0000000000
3443  -12.434  -86.237  -1.775 1.0000000000
127811  -12.994  -85.742  -1.958 1.0000000000
4034  -15.129  -85.499  -2.500 1.0000000000
4035  -16.846  -85.333  -2.776 1.0000000000
3455  -16.945  -86.633  -3.563 1.0000000000
3421  -11.922  -86.801  -1.142 1.0000000000
2994  -16.576  -87.436  -5.595 1.0000000000
3515  -18.010  -86.141  -8.527 1.0000000000
2512  -8.686  -88.081  -7.798 0.6999999881
3512  -12.987  -85.921  -8.779 1.0000000000
4103  -14.865  -84.745  -8.786 1.0000000000
4645  -16.248  -84.203  -8.967 1.0000000000
3029  -10.440  -87.238  -7.990 0.8999999762
4099  -11.713  -85.780  -8.870 1.0000000000
4102  -14.165  -85.130  -8.699 1.0000000000
3525  -18.157  -86.071  -9.525 1.0000000000
3031  -11.830  -86.883  -8.460 1.0000000000
4646  -16.757  -84.020  -9.176 1.0000000000
3532  -18.257  -86.093  -10.498 1.0000000000
4111  -6.158  -85.300  -8.976 0.6999999881
3012  -6.966  -87.162  -7.663 0.6999999881
3013  -7.478  -87.466  -7.783 0.6999999881
2510  -7.730  -88.138  -8.380 0.6999999881
3530  -14.339  -86.033  -9.799 1.0000000000
4128  -16.064  -85.027  -10.779 1.0000000000
4670  -16.734  -84.563  -11.488 1.0000000000
3543  -18.285  -86.280  -11.524 0.8999999762
3555  -17.961  -86.712  -12.160 0.8999999762
4639  -6.250  -84.483  -9.623 0.6999999881
4694  -17.349  -84.073  -12.258 1.0000000000
3531  -17.705  -86.573  -10.864 1.0000000000
3573  -18.071  -86.798  -12.875 0.8999999762
4715  -18.139  -83.886  -13.957 0.8999999762
4717  -19.662  -84.289  -13.983 0.8999999762
3087  -17.589  -87.262  -13.277 0.8999999762
5679  -6.803  -82.980  -10.540 0.4000000060
4739  -18.492  -84.530  -15.392 0.8999999762
3575  -19.310  -85.658  -14.088 0.8999999762
3101  -18.383  -87.071  -15.091 0.8999999762
122947  -9.874  -89.813  11.384 0.6999999881
1399  -10.550  -90.000  13.358 0.6000000238
3944  -7.784  -85.304  3.857 1.0000000000
3978  -7.976  -85.211  1.526 1.0000000000
120769  -8.566  -85.705  0.737 1.0000000000
126952  -9.273  -84.995  -2.703 1.0000000000
3942  -6.934  -85.270  3.253 1.0000000000
3977  -7.062  -84.932  1.743 1.0000000000
4564  -10.185  -84.204  -3.626 1.0000000000
3372  -6.886  -85.665  3.332 1.0000000000
112854  -9.926  -84.776  -4.396 1.0000000000
4589  -11.724  -84.836  -5.903 1.0000000000
1906  -10.604  -89.455  7.077 1.0000000000
2883  -8.272  -87.694  4.295 1.0000000000
4078  -12.300  -85.451  -6.091 1.0000000000
129006  -9.568  -89.162  7.209 1.0000000000
1912  -8.912  -88.809  6.868 1.0000000000
116437  -13.549  -85.950  -5.688 1.0000000000
4591  -14.270  -85.440  -5.462 1.0000000000
122493  -15.037  -85.085  -5.446 1.0000000000
2379  -9.295  -88.540  5.271 1.0000000000
4577  -15.999  -84.574  -4.525 1.0000000000
3456  -17.732  -86.015  -3.515 1.0000000000
3484  -18.238  -86.107  -6.428 1.0000000000
124819  -18.308  -85.605  -3.883 1.0000000000
3475  -18.368  -86.036  -5.318 1.0000000000
4602  -7.360  -84.815  -6.293 1.0000000000
4629  -12.894  -84.833  -8.815 1.0000000000
3496  -8.755  -86.784  -7.821 0.8999999762
3509  -9.985  -86.465  -8.630 0.8999999762
4630  -13.771  -84.581  -8.706 1.0000000000
5151  -15.830  -83.678  -8.770 1.0000000000
5152  -16.512  -83.676  -8.889 1.0000000000
109019  -20.107  -84.505  -8.871 1.0000000000
4081  -18.790  -85.712  -6.969 1.0000000000
5176  -17.930  -83.402  -10.208 1.0000000000
4114  -18.821  -85.642  -9.011 1.0000000000
4129  -18.998  -85.484  -10.025 1.0000000000
4625  -6.239  -85.151  -7.911 0.6999999881
4095  -6.376  -85.826  -8.096 0.6999999881
112245  -7.138  -86.826  -7.285 0.8000000119
3014  -8.017  -87.547  -7.642 0.8000000119
4657  -16.338  -84.519  -9.675 1.0000000000
4671  -17.468  -83.867  -11.135 1.0000000000
5183  -18.747  -82.701  -11.975 1.0000000000
5173  -6.485  -83.748  -10.116 0.6999999881
5194  -19.460  -83.000  -13.050 1.0000000000
129335  -19.330  -83.380  -13.591 0.8999999762
5193  -18.769  -82.891  -12.826 1.0000000000
4180  -19.671  -85.019  -13.630 0.8999999762
4162  -19.187  -85.703  -13.082 0.8999999762
113051  -18.688  -86.348  -13.397 0.8999999762
110896  -6.923  -82.203  -10.164 0.6000000238
3594  -19.250  -85.826  -14.875 0.8999999762
3574  -18.720  -86.527  -14.353 0.8999999762
1397  -9.555  -89.288  12.946 0.6000000238
3945  -8.934  -85.708  3.978 1.0000000000
5081  -9.972  -84.001  -1.488 1.0000000000
1437  -10.165  -90.028  10.048 0.8999999762
118653  -7.534  -85.879  5.104 1.0000000000
1905  -8.587  -89.102  7.677 1.0000000000
1443  -9.598  -89.869  9.481 0.8999999762
2871  -7.544  -87.025  5.921 1.0000000000
3348  -7.589  -86.330  5.509 1.0000000000
5091  -10.766  -83.738  -3.224 1.0000000000
5101  -10.710  -84.101  -4.322 1.0000000000
2378  -8.420  -88.019  5.700 1.0000000000
2872  -7.944  -87.398  5.146 1.0000000000
4594  -16.433  -84.153  -5.081 1.0000000000
4578  -16.718  -84.258  -4.006 1.0000000000
4567  -16.906  -84.534  -3.229 1.0000000000
4569  -18.390  -84.617  -3.801 1.0000000000
4055  -19.170  -84.972  -4.622 1.0000000000
5632  -9.748  -82.282  -7.299 1.0000000000
109514  -18.904  -85.622  -6.016 1.0000000000
118642  -7.983  -84.643  -6.125 1.0000000000
6252  -10.540  -81.923  -9.009 1.0000000000
6253  -11.176  -81.260  -9.298 1.0000000000
4643  -13.077  -84.085  -9.165 1.0000000000
5150  -14.442  -84.075  -8.726 1.0000000000
5657  -16.440  -83.001  -8.868 1.0000000000
5611  -19.213  -83.035  -4.783 1.0000000000
5121  -19.986  -83.698  -5.065 1.0000000000
4068  -19.532  -84.951  -5.579 1.0000000000
4585  -7.095  -84.038  -5.732 1.0000000000
4097  -9.632  -85.618  -9.156 0.8999999762
4642  -12.261  -84.294  -9.391 1.0000000000
5154  -18.873  -82.397  -8.931 1.0000000000
4634  -19.965  -84.653  -8.004 1.0000000000
4105  -19.404  -85.169  -8.504 1.0000000000
4113  -11.067  -85.159  -9.369 0.8999999762
5166  -17.399  -83.450  -9.173 1.0000000000
5167  -18.388  -82.950  -9.457 1.0000000000
5162  -10.419  -84.472  -9.709 1.0000000000
4130  -19.529  -85.018  -10.657 1.0000000000
4617  -6.495  -84.977  -7.040 0.8000000119
3493  -6.962  -86.236  -6.945 0.8000000119
3495  -8.029  -86.892  -7.439 0.8000000119
5684  -19.798  -82.495  -10.878 1.0000000000
4659  -20.173  -84.298  -10.831 1.0000000000
108433  -19.044  -85.504  -11.126 1.0000000000
111793  -6.176  -84.314  -7.745 0.8000000119
4696  -20.134  -83.352  -12.454 1.0000000000
4163  -19.652  -85.035  -12.807 0.8999999762
4142  -19.056  -85.665  -12.139 0.8999999762
5143  -6.211  -83.451  -7.622 0.8000000119
119332  -19.776  -83.647  -13.435 0.8999999762
5665  -6.460  -82.985  -9.548 0.6999999881
5653  -6.371  -82.587  -8.495 0.8000000119
6271  -7.234  -81.453  -10.691 0.5000000000
1849  -9.695  -89.093  13.602 0.5000000000
1858  -9.048  -89.068  12.393 0.6000000238
118209  -9.205  -86.183  6.076 1.0000000000
3979  -9.314  -85.953  1.194 1.0000000000
108783  -10.340  -85.816  1.073 1.0000000000
1883  -8.776  -89.271  10.592 0.8000000119
1424  -9.357  -89.567  11.039 0.6999999881
3920  -7.974  -85.795  5.567 1.0000000000
3930  -8.179  -85.623  4.777 1.0000000000
3962  -9.099  -85.897  2.121 1.0000000000
1894  -8.717  -89.428  9.586 1.0000000000
2864  -7.500  -87.225  6.807 1.0000000000
3338  -7.690  -86.711  6.327 1.0000000000
110820  -8.382  -85.454  3.127 1.0000000000
4014  -9.633  -85.575  -0.360 1.0000000000
4545  -10.362  -84.804  -0.661 1.0000000000
5071  -10.364  -83.875  -1.013 1.0000000000
2350  -7.879  -88.756  8.037 1.0000000000
2367  -7.774  -87.592  6.381 1.0000000000
5086  -10.747  -83.653  -2.253 1.0000000000
2360  -7.981  -88.517  7.381 1.0000000000
5102  -11.420  -83.731  -4.619 1.0000000000
5609  -13.101  -82.684  -4.131 1.0000000000
5117  -12.741  -83.163  -4.915 1.0000000000
5131  -13.832  -83.879  -5.627 1.0000000000
5103  -12.117  -83.238  -4.354 1.0000000000
5634  -13.971  -82.849  -5.663 1.0000000000
4605  -14.473  -84.648  -5.672 1.0000000000
5133  -15.311  -83.289  -5.948 1.0000000000
5619  -13.463  -82.609  -4.802 1.0000000000
5132  -14.618  -83.632  -5.815 1.0000000000
5119  -16.724  -83.319  -5.368 1.0000000000
6229  -10.023  -81.294  -6.924 1.0000000000
6851  -10.773  -80.988  -8.418 1.0000000000
106924  -14.005  -82.117  -6.082 1.0000000000
5120  -17.619  -82.988  -5.007 1.0000000000
5093  -17.482  -84.194  -3.800 1.0000000000
6232  -15.093  -81.507  -7.003 1.0000000000
5636  -15.250  -82.339  -6.301 1.0000000000
5610  -18.466  -82.975  -4.787 1.0000000000
7460  -13.047  -79.876  -9.691 1.0000000000
6843  -15.377  -79.999  -8.214 1.0000000000
116472  -16.279  -80.240  -7.871 1.0000000000
6233  -17.023  -81.045  -6.312 1.0000000000
108677  -18.041  -82.092  -5.214 1.0000000000
4620  -19.926  -84.716  -7.107 1.0000000000
4587  -8.422  -84.060  -5.918 1.0000000000
6264  -12.314  -81.085  -10.242 1.0000000000
5165  -14.237  -83.351  -9.229 1.0000000000
5656  -15.637  -83.109  -9.018 1.0000000000
6844  -18.033  -80.026  -7.730 1.0000000000
124477  -19.036  -81.316  -6.065 1.0000000000
5625  -20.320  -82.622  -5.517 1.0000000000
4595  -20.170  -84.131  -5.715 1.0000000000
6247  -19.886  -81.602  -7.266 1.0000000000
5134  -20.772  -83.677  -7.030 1.0000000000
4635  -20.624  -84.029  -8.372 1.0000000000
5149  -9.915  -83.806  -9.581 1.0000000000
5163  -11.642  -83.603  -9.932 1.0000000000
5164  -12.443  -83.593  -9.708 1.0000000000
5672  -19.982  -82.196  -9.102 1.0000000000
119165  -19.723  -84.827  -10.134 1.0000000000
5128  -6.736  -83.622  -6.126 1.0000000000
4077  -7.902  -85.233  -6.647 0.8999999762
112007  -20.216  -82.454  -10.134 1.0000000000
4647  -20.355  -84.228  -9.817 1.0000000000
4601  -6.824  -84.558  -6.413 0.8000000119
4090  -7.885  -86.001  -7.307 0.8999999762
4096  -8.565  -85.858  -8.220 0.8999999762
5184  -20.514  -82.910  -11.107 1.0000000000
4673  -20.421  -83.495  -11.464 1.0000000000
5646  -6.357  -82.660  -7.375 0.8000000119
118370  -6.709  -82.148  -9.377 0.6000000238
114699  -7.157  -80.748  -9.740 0.5000000000
107079  -6.774  -80.956  -8.279 0.6999999881
2287  -9.634  -87.824  13.958 0.5000000000
129846  -8.923  -88.312  12.941 0.6000000238
1868  -8.876  -89.163  11.494 0.6999999881
3340  -9.027  -86.406  6.821 1.0000000000
118139  -9.693  -86.127  3.047 1.0000000000
3980  -10.847  -85.815  1.686 1.0000000000
108754  -8.515  -88.762  11.135 0.8999999762
3317  -7.695  -87.000  8.102 1.0000000000
4000  -10.715  -85.314  0.503 1.0000000000
1901  -7.832  -88.512  8.669 1.0000000000
2851  -7.493  -87.413  7.642 1.0000000000
117325  -10.991  -84.569  -0.068 1.0000000000
2349  -7.537  -88.130  7.927 1.0000000000
5087  -11.524  -83.377  -2.676 1.0000000000
5060  -11.341  -84.304  -0.468 1.0000000000
5092  -11.442  -83.458  -3.759 1.0000000000
109437  -12.389  -83.162  -2.516 1.0000000000
5620  -13.862  -82.130  -5.234 1.0000000000
5603  -13.256  -82.553  -3.413 1.0000000000
5635  -14.638  -82.674  -6.034 1.0000000000
5622  -17.040  -82.077  -5.631 1.0000000000
6841  -11.065  -80.314  -8.068 1.0000000000
6218  -13.972  -81.419  -5.193 1.0000000000
6231  -14.158  -81.354  -6.709 1.0000000000
6245  -16.116  -80.967  -7.150 1.0000000000
5623  -18.869  -82.262  -5.096 1.0000000000
6228  -9.493  -81.854  -6.273 1.0000000000
125717  -15.380  -79.431  -9.596 1.0000000000
7453  -16.696  -79.454  -9.123 1.0000000000
112783  -20.682  -83.544  -6.298 1.0000000000
5680  -13.472  -82.085  -10.231 1.0000000000
6265  -16.105  -81.441  -10.158 1.0000000000
6266  -17.000  -81.132  -10.090 1.0000000000
6255  -18.261  -81.265  -9.096 1.0000000000
6246  -19.045  -81.322  -7.766 1.0000000000
5650  -21.002  -82.656  -7.577 1.0000000000
5129  -9.066  -83.751  -6.469 1.0000000000
5666  -10.725  -82.690  -9.863 1.0000000000
5175  -12.074  -82.798  -10.167 1.0000000000
5669  -14.884  -82.674  -9.537 1.0000000000
5671  -16.686  -82.078  -9.430 1.0000000000
6254  -17.498  -81.746  -9.340 1.0000000000
5659  -18.580  -82.124  -8.702 1.0000000000
5660  -19.309  -81.909  -8.352 1.0000000000
5155  -20.950  -83.368  -8.822 1.0000000000
4603  -8.551  -84.515  -6.834 1.0000000000
5654  -10.102  -82.913  -9.126 1.0000000000
5673  -20.522  -82.551  -9.555 1.0000000000
109079  -6.819  -82.842  -5.734 1.0000000000
5631  -6.561  -82.664  -6.385 0.8999999762
108334  -6.447  -81.998  -7.063 0.8000000119
119256  -6.497  -81.827  -7.920 0.8000000119
112633  -6.607  -81.206  -7.335 0.8000000119
3246  -8.331  -85.633  15.515 0.5000000000
4398  -7.885  -84.863  15.738 0.5000000000
3844  -7.733  -85.039  15.347 0.5000000000
2286  -9.252  -87.505  13.277 0.6000000238
3330  -10.093  -86.869  7.350 1.0000000000
2303  -8.686  -88.140  12.426 0.6999999881
3329  -9.024  -86.673  7.650 1.0000000000
3361  -10.330  -86.460  4.781 1.0000000000
3362  -11.152  -86.586  4.506 1.0000000000
4528  -11.154  -85.246  1.119 1.0000000000
2312  -8.432  -87.870  11.309 0.8999999762
2823  -8.318  -87.809  9.770 1.0000000000
3349  -9.799  -86.388  5.436 1.0000000000
2336  -8.084  -88.258  9.664 1.0000000000
122239  -10.318  -86.181  2.289 1.0000000000
2836  -7.856  -87.775  8.602 1.0000000000
5581  -11.645  -83.938  -1.099 1.0000000000
5589  -10.860  -83.906  -1.408 1.0000000000
5602  -12.428  -83.039  -3.338 1.0000000000
6840  -10.485  -80.571  -7.477 1.0000000000
6230  -13.930  -81.519  -5.781 1.0000000000
6830  -14.012  -80.821  -6.036 1.0000000000
7450  -13.845  -79.401  -9.205 1.0000000000
6842  -14.584  -79.810  -7.943 1.0000000000
6234  -17.723  -80.686  -6.464 1.0000000000
6860  -12.455  -80.438  -9.867 1.0000000000
6845  -18.511  -80.552  -7.285 1.0000000000
6248  -20.522  -81.900  -6.900 1.0000000000
5115  -8.866  -83.327  -5.691 1.0000000000
6867  -14.822  -80.189  -10.409 1.0000000000
7468  -16.260  -79.676  -10.200 1.0000000000
6268  -18.114  -80.230  -9.125 1.0000000000
6856  -18.374  -80.387  -8.229 1.0000000000
111499  -19.131  -81.138  -6.828 1.0000000000
5648  -10.076  -82.319  -8.278 1.0000000000
5667  -11.450  -82.295  -10.133 1.0000000000
6273  -13.005  -81.389  -10.433 1.0000000000
6275  -14.524  -81.020  -10.557 1.0000000000
5144  -9.323  -83.724  -8.118 1.0000000000
5606  -7.007  -82.268  -5.219 1.0000000000
5616  -6.731  -82.145  -5.650 1.0000000000
6227  -6.569  -81.592  -6.315 1.0000000000
6839  -6.819  -80.306  -7.663 0.6999999881
109583  -7.093  -80.032  -8.647 0.6000000238
107304  -7.314  -80.124  -9.693 0.4000000060
8086  -7.737  -78.743  -8.943 0.5000000000
3260  -8.590  -86.244  12.865 0.6000000238
2302  -8.582  -87.757  12.098 0.8000000119
2797  -8.662  -87.597  12.561 0.6000000238
124940  -11.113  -87.271  6.775 1.0000000000
3351  -11.849  -86.627  5.025 1.0000000000
3922  -12.362  -85.945  4.790 1.0000000000
119767  -12.488  -84.889  4.695 1.0000000000
2335  -8.298  -87.874  10.664 1.0000000000
3342  -11.651  -87.061  5.905 1.0000000000
4518  -12.197  -84.664  2.043 1.0000000000
5049  -11.712  -84.696  1.175 1.0000000000
119135  -11.709  -84.426  0.488 1.0000000000
5590  -11.952  -83.543  -1.494 1.0000000000
6172  -12.379  -83.286  -0.862 1.0000000000
6202  -13.090  -82.710  -2.763 1.0000000000
6203  -13.773  -82.134  -3.174 1.0000000000
6211  -14.099  -81.398  -4.472 1.0000000000
8074  -14.263  -78.545  -7.399 1.0000000000
6818  -14.158  -80.595  -5.245 1.0000000000
6831  -14.269  -80.254  -7.013 1.0000000000
7449  -12.961  -79.383  -8.983 1.0000000000
8079  -14.078  -78.957  -8.250 1.0000000000
5617  -8.653  -82.731  -5.166 1.0000000000
7431  -11.343  -79.141  -6.736 1.0000000000
6852  -11.384  -80.460  -8.807 1.0000000000
6853  -12.206  -79.945  -9.099 1.0000000000
7451  -14.768  -79.339  -8.984 1.0000000000
7452  -15.679  -79.360  -8.984 1.0000000000
5113  -7.575  -83.282  -5.362 1.0000000000
109507  -11.848  -78.417  -6.248 1.0000000000
7461  -14.712  -79.599  -9.871 1.0000000000
6866  -13.829  -80.710  -10.460 1.0000000000
5099  -7.842  -82.087  -5.104 1.0000000000
5607  -8.593  -82.067  -4.699 1.0000000000
5608  -8.945  -82.076  -4.728 1.0000000000
116415  -7.441  -81.321  -4.913 1.0000000000
6215  -6.677  -81.486  -5.509 1.0000000000
116921  -6.627  -80.826  -5.763 0.8999999762
7439  -7.114  -79.623  -7.904 0.8000000119
7428  -6.951  -79.598  -7.022 0.8000000119
4940  -8.277  -83.588  14.892 0.5000000000
4414  -7.447  -84.420  15.016 0.5000000000
3253  -8.118  -85.401  14.503 0.6000000238
4939  -7.414  -83.707  14.620 0.6000000238
4413  -6.963  -83.905  14.150 0.6000000238
108749  -8.113  -86.018  12.504 0.6000000238
3852  -7.974  -85.347  13.397 0.6000000238
2805  -8.536  -87.153  12.314 0.8000000119
2839  -10.072  -87.552  9.026 1.0000000000
2852  -10.734  -87.483  8.111 1.0000000000
2853  -11.634  -87.461  7.450 1.0000000000
2813  -8.438  -87.331  11.385 1.0000000000
126229  -8.774  -87.472  9.548 1.0000000000
4486  -12.533  -85.033  5.323 1.0000000000
2816  -9.900  -87.332  10.356 1.0000000000
2827  -11.410  -87.554  9.921 1.0000000000
2841  -11.913  -87.476  9.011 1.0000000000
3912  -12.732  -86.113  6.586 1.0000000000
4495  -12.614  -84.342  3.917 1.0000000000
5031  -12.750  -83.948  3.698 1.0000000000
3877  -8.116  -85.823  10.921 1.0000000000
3879  -9.454  -86.011  10.739 1.0000000000
3298  -11.327  -86.481  11.020 1.0000000000
3299  -11.969  -86.256  10.703 1.0000000000
3903  -12.774  -85.979  7.485 1.0000000000
5040  -12.428  -84.360  2.001 1.0000000000
112445  -9.879  -85.309  10.805 1.0000000000
4465  -13.035  -85.239  9.178 1.0000000000
5550  -12.612  -84.005  1.904 1.0000000000
6158  -12.257  -83.723  -0.300 1.0000000000
6217  -9.772  -80.946  -6.099 1.0000000000
6183  -12.695  -82.956  -1.294 1.0000000000
6771  -13.040  -82.480  -0.788 1.0000000000
6184  -13.312  -82.379  -1.532 1.0000000000
6805  -14.192  -81.569  -3.043 1.0000000000
8061  -14.006  -77.949  -6.933 1.0000000000
6786  -13.975  -81.647  -1.747 1.0000000000
6806  -14.482  -80.806  -3.422 1.0000000000
6787  -14.425  -80.797  -1.778 1.0000000000
115153  -15.136  -78.380  -5.342 1.0000000000
7401  -14.966  -79.692  -3.875 1.0000000000
7388  -14.725  -80.084  -2.394 1.0000000000
5600  -8.082  -81.364  -4.690 1.0000000000
8059  -12.254  -78.504  -7.025 1.0000000000
8743  -14.266  -77.722  -6.142 1.0000000000
7402  -15.334  -78.712  -3.765 1.0000000000
7376  -14.412  -80.457  -1.141 1.0000000000
6208  -8.762  -81.410  -4.304 1.0000000000
7430  -10.708  -79.453  -6.166 1.0000000000
8050  -12.392  -77.839  -5.872 1.0000000000
8732  -13.774  -77.438  -5.635 1.0000000000
8733  -14.505  -77.576  -5.296 1.0000000000
8042  -15.097  -77.898  -4.965 1.0000000000
7389  -15.198  -79.273  -3.036 1.0000000000
8018  -15.116  -79.065  -2.207 1.0000000000
6209  -9.090  -81.142  -4.463 1.0000000000
6812  -10.017  -79.906  -5.026 1.0000000000
8719  -14.696  -77.399  -4.513 1.0000000000
8031  -15.218  -77.926  -4.142 1.0000000000
6811  -9.405  -80.411  -4.705 1.0000000000
7409  -10.361  -79.053  -4.607 1.0000000000
8049  -11.579  -78.198  -5.395 1.0000000000
8706  -14.957  -77.203  -3.681 1.0000000000
128622  -15.320  -78.612  -2.816 1.0000000000
5599  -7.844  -81.096  -4.695 1.0000000000
6207  -7.111  -80.764  -4.691 1.0000000000
6810  -6.855  -80.291  -4.471 1.0000000000
7440  -7.511  -79.040  -7.655 0.6999999881
7417  -6.997  -79.113  -6.181 0.8999999762
6827  -6.705  -79.932  -6.045 0.8999999762
8767  -7.874  -78.110  -9.049 0.6000000238
8077  -7.976  -78.430  -8.262 0.6000000238
5448  -9.659  -83.005  13.720 0.5000000000
4428  -7.187  -84.576  13.421 0.6000000238
107632  -7.688  -85.948  12.005 0.8000000119
114147  -6.911  -84.586  12.536 0.8000000119
3343  -12.384  -86.925  6.319 1.0000000000
3294  -8.311  -86.711  11.310 1.0000000000
129683  -10.174  -86.025  10.966 1.0000000000
5017  -12.603  -84.118  5.014 1.0000000000
5527  -15.175  -82.668  4.457 1.0000000000
3887  -8.943  -85.146  10.278 1.0000000000
4448  -10.553  -84.607  11.114 1.0000000000
4460  -13.312  -84.647  10.038 1.0000000000
113697  -12.405  -83.293  4.565 1.0000000000
6128  -12.908  -83.552  2.005 1.0000000000
5526  -14.001  -82.882  4.159 1.0000000000
6756  -12.836  -82.920  0.436 1.0000000000
6130  -13.711  -82.641  2.019 1.0000000000
5539  -14.020  -82.767  3.111 1.0000000000
111076  -13.254  -82.283  -0.071 1.0000000000
111808  -13.541  -82.081  0.531 1.0000000000
6772  -13.612  -81.744  -0.575 1.0000000000
121042  -13.816  -81.495  0.047 1.0000000000
116136  -13.557  -81.900  -1.140 1.0000000000
7375  -14.028  -81.278  -1.140 1.0000000000
7360  -14.140  -80.984  -0.513 1.0000000000
8731  -12.994  -77.337  -5.459 1.0000000000
7361  -14.446  -80.175  -0.563 1.0000000000
7399  -9.291  -79.727  -3.341 1.0000000000
6804  -9.716  -79.760  -4.224 1.0000000000
7990  -14.598  -79.374  -0.215 1.0000000000
6200  -8.724  -80.895  -3.769 1.0000000000
8718  -13.748  -77.129  -4.830 1.0000000000
8003  -14.720  -79.313  -1.170 1.0000000000
5594  -8.133  -80.815  -4.151 1.0000000000
6192  -8.102  -79.960  -3.037 1.0000000000
6803  -9.173  -80.416  -3.964 1.0000000000
8041  -11.039  -78.328  -4.652 1.0000000000
8716  -11.665  -77.615  -4.683 1.0000000000
8705  -14.186  -76.917  -4.119 1.0000000000
8004  -15.156  -78.025  -1.784 1.0000000000
124868  -7.637  -79.983  -3.595 1.0000000000
6802  -7.097  -79.992  -4.059 1.0000000000
8760  -8.368  -77.723  -7.737 0.8999999762
8048  -7.318  -78.600  -5.462 0.8999999762
7416  -6.817  -79.401  -5.375 1.0000000000
122819  -8.147  -77.576  -8.508 0.6000000238
5463  -10.250  -82.508  12.975 0.5000000000
5430  -7.649  -82.994  14.274 0.5000000000
5446  -7.251  -82.441  13.621 0.6000000238
5447  -8.179  -82.453  13.791 0.5000000000
4433  -6.745  -83.881  13.236 0.6000000238
127585  -6.622  -83.921  12.437 0.8000000119
6025  -15.564  -81.924  9.549 1.0000000000
6038  -16.428  -81.434  8.230 1.0000000000
3868  -7.404  -85.352  11.295 1.0000000000
3859  -6.803  -84.511  11.618 0.8000000119
4987  -15.391  -82.658  9.364 1.0000000000
5507  -16.377  -82.049  7.742 1.0000000000
4478  -12.962  -84.605  6.331 1.0000000000
5005  -15.297  -83.080  7.966 1.0000000000
5516  -14.692  -82.896  5.326 1.0000000000
5518  -16.389  -82.250  5.695 1.0000000000
4446  -8.245  -85.034  10.314 1.0000000000
4472  -13.054  -85.059  7.992 1.0000000000
5009  -12.935  -84.086  5.882 1.0000000000
4466  -13.629  -84.552  9.097 1.0000000000
5020  -13.982  -83.291  5.821 1.0000000000
5525  -13.071  -83.084  4.288 1.0000000000
10081  -8.626  -75.279  2.116 1.0000000000
112754  -14.797  -82.361  2.724 1.0000000000
9337  -7.964  -76.948  2.639 1.0000000000
6110  -14.248  -82.379  2.156 1.0000000000
6720  -13.775  -82.297  1.420 1.0000000000
6722  -14.814  -81.555  1.383 1.0000000000
6721  -14.344  -81.689  1.156 1.0000000000
6739  -15.021  -80.903  0.893 1.0000000000
6757  -14.124  -81.325  0.537 1.0000000000
127459  -14.441  -81.316  0.786 1.0000000000
7957  -8.263  -78.163  1.547 1.0000000000
7343  -14.371  -80.532  0.098 1.0000000000
7340  -8.041  -78.941  -0.500 1.0000000000
8717  -12.588  -77.068  -4.604 1.0000000000
7344  -14.785  -79.587  0.482 1.0000000000
7400  -9.979  -79.036  -3.683 1.0000000000
124926  -11.159  -77.815  -4.130 1.0000000000
8689  -12.607  -76.636  -3.845 1.0000000000
9440  -13.390  -76.691  -4.053 1.0000000000
9425  -14.135  -76.434  -3.431 1.0000000000
8019  -15.263  -77.787  -2.758 1.0000000000
112891  -7.881  -79.621  -2.415 1.0000000000
7398  -6.896  -79.631  -3.686 1.0000000000
8741  -8.633  -77.195  -6.338 0.8999999762
114927  -6.857  -78.997  -4.086 1.0000000000
8058  -7.915  -78.334  -6.682 0.8999999762
8038  -6.899  -78.980  -4.817 1.0000000000
6617  -11.982  -80.632  11.246 0.5000000000
5998  -10.608  -82.011  12.391 0.5000000000
6625  -8.590  -80.336  10.889 0.6999999881
6615  -9.491  -80.907  11.465 0.6000000238
6013  -9.631  -81.489  12.133 0.6000000238
5981  -7.670  -81.759  13.041 0.6999999881
6612  -6.856  -81.078  11.553 0.8000000119
5996  -6.752  -81.722  12.083 0.8000000119
5460  -6.638  -82.469  12.549 0.8000000119
5445  -6.802  -82.684  13.347 0.8000000119
6050  -12.325  -81.117  7.968 1.0000000000
118253  -14.177  -80.832  8.784 1.0000000000
4970  -6.758  -83.688  9.909 0.8000000119
126001  -6.622  -82.497  11.511 0.8000000119
120686  -11.458  -81.315  7.606 1.0000000000
126980  -13.331  -81.833  9.842 1.0000000000
6036  -14.561  -81.395  9.561 1.0000000000
6051  -16.770  -81.421  7.453 1.0000000000
4445  -7.086  -84.239  9.994 1.0000000000
4434  -6.719  -84.062  10.739 0.8999999762
3320  -12.428  -86.767  8.766 1.0000000000
6081  -16.982  -81.769  6.013 1.0000000000
4456  -7.662  -84.277  9.647 1.0000000000
3888  -12.439  -85.794  10.305 1.0000000000
5473  -13.800  -82.678  10.418 1.0000000000
5474  -14.468  -82.380  10.190 1.0000000000
5528  -16.125  -82.411  4.792 1.0000000000
4457  -8.276  -84.381  9.612 1.0000000000
4447  -9.550  -84.497  10.433 1.0000000000
4437  -12.164  -84.924  11.317 1.0000000000
4996  -15.060  -83.281  8.792 1.0000000000
5541  -15.727  -82.407  3.919 1.0000000000
111691  -17.229  -81.954  4.096 1.0000000000
4458  -8.812  -84.402  9.749 1.0000000000
4995  -14.319  -83.855  8.962 1.0000000000
5511  -14.852  -83.009  6.346 1.0000000000
10082  -9.748  -75.711  1.734 1.0000000000
6112  -16.342  -82.159  3.364 1.0000000000
109065  -15.002  -81.874  1.998 1.0000000000
10058  -10.587  -76.331  2.310 1.0000000000
9359  -12.503  -76.108  2.168 1.0000000000
8607  -8.646  -77.647  2.519 1.0000000000
10057  -9.540  -76.447  2.311 1.0000000000
8609  -10.373  -77.376  2.322 1.0000000000
8610  -11.019  -77.166  2.192 1.0000000000
9358  -11.777  -76.734  2.055 1.0000000000
117115  -13.170  -75.850  1.889 1.0000000000
10086  -13.763  -75.514  1.841 1.0000000000
7937  -7.503  -77.970  1.844 1.0000000000
8627  -11.108  -77.233  1.688 1.0000000000
120751  -11.639  -76.792  0.888 1.0000000000
6738  -14.717  -80.572  0.601 1.0000000000
7325  -15.224  -79.591  1.028 1.0000000000
7958  -8.901  -78.310  1.924 1.0000000000
8657  -10.350  -77.696  0.413 1.0000000000
8646  -10.950  -77.313  0.891 1.0000000000
9374  -13.652  -75.663  0.988 1.0000000000
7373  -9.063  -79.074  -1.330 1.0000000000
7989  -10.012  -78.043  -0.565 1.0000000000
8673  -11.093  -77.036  -0.942 1.0000000000
9382  -11.696  -76.595  -0.346 1.0000000000
7991  -14.967  -78.023  -0.717 1.0000000000
9393  -11.772  -76.421  -1.346 1.0000000000
8674  -15.080  -76.897  -2.283 1.0000000000
6754  -7.835  -79.130  -1.018 1.0000000000
6171  -8.188  -79.736  -1.643 1.0000000000
6770  -8.113  -79.401  -1.242 1.0000000000
8016  -10.066  -78.120  -2.298 1.0000000000
124165  -12.217  -76.469  -3.176 1.0000000000
9411  -14.543  -76.177  -2.610 1.0000000000
7372  -7.246  -79.032  -1.528 1.0000000000
7385  -7.231  -79.299  -2.300 1.0000000000
8027  -6.852  -78.996  -3.334 1.0000000000
8715  -8.294  -77.044  -4.506 0.8999999762
8039  -7.274  -78.404  -4.544 1.0000000000
8740  -8.053  -77.945  -6.020 0.8999999762
113575  -7.900  -75.959  -8.355 0.5000000000
7210  -11.670  -79.754  9.932 0.5000000000
7208  -9.061  -79.968  10.050 0.6999999881
121598  -9.610  -81.933  12.626 0.5000000000
117586  -7.241  -80.799  11.658 0.6000000238
124657  -8.730  -81.144  11.997 0.6000000238
6667  -9.903  -81.002  6.011 1.0000000000
6011  -7.067  -81.327  12.309 0.8000000119
117830  -13.673  -80.324  7.901 1.0000000000
111455  -14.746  -80.239  8.267 1.0000000000
108551  -6.830  -82.252  9.998 0.8999999762
6048  -10.495  -81.524  7.216 1.0000000000
6034  -12.703  -81.340  8.756 1.0000000000
123397  -15.809  -80.530  8.396 1.0000000000
6653  -16.579  -80.805  7.854 1.0000000000
5505  -9.844  -82.018  7.780 1.0000000000
6052  -17.084  -80.936  7.168 1.0000000000
5491  -10.243  -82.343  8.700 1.0000000000
6082  -17.615  -81.315  5.766 1.0000000000
4983  -9.379  -83.780  9.656 1.0000000000
4984  -10.367  -83.289  10.135 1.0000000000
118315  -12.190  -82.737  10.490 1.0000000000
4975  -13.700  -83.311  10.503 1.0000000000
6113  -17.909  -81.621  3.799 1.0000000000
5471  -11.293  -83.026  10.428 1.0000000000
11493  -7.792  -73.855  2.739 1.0000000000
10083  -10.946  -75.666  1.939 1.0000000000
121044  -17.968  -81.646  2.985 1.0000000000
10085  -12.702  -75.225  2.198 1.0000000000
6133  -17.473  -81.706  2.313 1.0000000000
9342  -13.087  -75.503  2.115 1.0000000000
124112  -13.857  -75.215  2.115 1.0000000000
6131  -15.815  -81.553  1.903 1.0000000000
9338  -9.086  -77.035  2.600 1.0000000000
10060  -14.445  -74.970  2.232 1.0000000000
8606  -7.671  -77.644  2.431 1.0000000000
10101  -14.160  -75.517  1.044 1.0000000000
7960  -15.325  -78.571  1.439 1.0000000000
7309  -15.475  -80.242  1.162 1.0000000000
10109  -14.107  -75.607  -0.144 1.0000000000
9376  -15.118  -76.536  0.322 1.0000000000
123135  -14.990  -78.858  0.919 1.0000000000
7955  -7.421  -77.898  1.058 1.0000000000
117645  -10.525  -77.459  -0.526 1.0000000000
9383  -12.474  -76.092  -0.738 1.0000000000
109774  -13.166  -75.915  0.052 1.0000000000
8659  -14.984  -76.544  -0.689 1.0000000000
111335  -15.076  -77.457  0.167 1.0000000000
113683  -14.821  -78.569  0.307 1.0000000000
7342  -8.752  -78.599  0.541 1.0000000000
7978  -9.458  -78.323  0.332 1.0000000000
9384  -13.404  -75.722  -1.050 1.0000000000
109231  -15.088  -77.035  -1.470 1.0000000000
7988  -9.366  -78.543  -0.663 1.0000000000
8672  -10.401  -77.577  -1.439 1.0000000000
107217  -11.153  -76.960  -1.879 1.0000000000
9408  -11.916  -76.374  -2.284 1.0000000000
9395  -13.544  -75.712  -1.956 1.0000000000
9396  -14.758  -76.077  -1.694 1.0000000000
7357  -7.497  -78.738  -0.981 1.0000000000
8670  -7.078  -78.437  -1.627 1.0000000000
129819  -7.114  -78.070  -2.200 1.0000000000
8028  -7.219  -78.242  -3.598 1.0000000000
8714  -7.737  -77.757  -4.264 1.0000000000
8729  -8.440  -77.196  -5.471 0.8999999762
9461  -8.712  -76.527  -6.554 0.8000000119
6665  -8.492  -80.449  6.586 1.0000000000
6668  -11.783  -80.256  6.766 1.0000000000
6624  -7.105  -80.176  10.426 0.6999999881
127959  -6.805  -80.923  10.918 0.8000000119
118563  -7.146  -82.178  9.175 0.8000000119
6047  -9.549  -81.688  7.035 1.0000000000
6652  -15.211  -79.692  7.645 1.0000000000
5489  -7.300  -83.041  8.892 0.8999999762
5504  -9.031  -82.263  7.614 1.0000000000
5481  -12.087  -82.144  9.697 1.0000000000
6672  -17.450  -80.814  6.487 1.0000000000
4990  -7.579  -83.092  8.787 1.0000000000
5000  -7.903  -82.748  8.606 1.0000000000
5490  -9.265  -82.708  8.198 1.0000000000
6686  -17.859  -80.604  5.676 1.0000000000
6096  -17.781  -81.533  4.749 1.0000000000
6687  -18.248  -80.571  4.888 1.0000000000
4982  -7.248  -83.674  9.090 1.0000000000
4463  -7.861  -83.866  8.895 1.0000000000
6095  -17.021  -81.942  5.092 1.0000000000
4464  -8.465  -84.013  8.955 1.0000000000
6114  -18.489  -81.216  3.364 1.0000000000
10791  -8.514  -74.334  1.994 1.0000000000
10793  -10.250  -74.973  1.066 1.0000000000
10794  -11.245  -74.999  1.192 1.0000000000
111423  -7.174  -74.126  2.964 1.0000000000
6134  -18.322  -81.439  2.267 1.0000000000
114298  -14.144  -74.559  2.226 1.0000000000
115593  -17.722  -81.529  1.624 1.0000000000
10772  -7.180  -74.921  2.956 1.0000000000
10797  -14.804  -74.461  2.142 1.0000000000
9336  -7.021  -76.946  2.539 1.0000000000
7327  -16.685  -79.858  1.103 1.0000000000
6740  -16.863  -81.030  0.904 1.0000000000
9340  -11.081  -76.707  2.365 1.0000000000
9343  -15.797  -76.141  1.755 1.0000000000
7941  -16.035  -78.526  2.156 1.0000000000
7961  -16.278  -78.985  1.855 1.0000000000
6723  -15.677  -80.653  1.326 1.0000000000
9335  -6.599  -77.110  2.100 1.0000000000
10103  -15.053  -75.960  0.699 1.0000000000
8647  -15.034  -78.073  0.979 1.0000000000
7326  -15.669  -78.981  1.673 1.0000000000
9357  -6.650  -77.310  1.420 1.0000000000
10102  -14.563  -75.682  0.815 1.0000000000
109950  -9.206  -78.311  1.358 1.0000000000
9375  -14.674  -75.943  -0.045 1.0000000000
109985  -6.906  -77.543  0.713 1.0000000000
7977  -7.493  -78.235  -0.035 1.0000000000
9394  -12.634  -75.972  -1.692 1.0000000000
10117  -14.132  -75.686  -1.375 1.0000000000
107707  -7.192  -78.178  -0.695 1.0000000000
8686  -7.528  -77.672  -2.711 1.0000000000
9423  -8.429  -76.545  -3.627 1.0000000000
10153  -8.584  -75.911  -5.249 0.8000000119
7221  -9.631  -79.467  9.372 0.6000000238
6663  -7.547  -79.546  6.825 0.8999999762
6664  -7.881  -79.816  6.715 1.0000000000
127357  -8.773  -80.246  5.996 1.0000000000
7231  -7.782  -78.818  8.986 0.6000000238
129017  -7.204  -79.758  9.345 0.8000000119
6650  -7.850  -80.293  7.374 0.8999999762
113095  -9.667  -80.381  5.953 1.0000000000
109289  -12.361  -80.242  7.059 1.0000000000
108674  -7.141  -80.969  9.436 0.8000000119
6669  -13.080  -79.994  7.165 1.0000000000
7250  -14.433  -79.139  7.132 1.0000000000
6031  -7.465  -81.339  8.575 0.8999999762
6045  -7.783  -81.263  8.055 1.0000000000
5510  -8.973  -81.718  7.269 1.0000000000
7251  -15.590  -79.195  7.020 1.0000000000
6671  -16.952  -80.396  7.018 1.0000000000
5501  -7.629  -82.346  8.619 1.0000000000
7253  -17.335  -80.004  6.198 1.0000000000
128328  -8.341  -82.360  8.331 1.0000000000
7252  -16.560  -79.540  6.702 1.0000000000
7276  -17.978  -79.948  5.260 1.0000000000
7285  -17.849  -79.162  4.925 1.0000000000
5002  -8.609  -82.891  8.199 1.0000000000
110602  -18.347  -79.003  4.259 1.0000000000
6698  -18.606  -80.547  4.101 1.0000000000
7297  -19.169  -79.656  3.188 1.0000000000
12257  -7.726  -72.467  3.111 1.0000000000
114225  -9.110  -74.030  1.238 1.0000000000
11520  -9.990  -73.469  0.203 1.0000000000
10819  -11.703  -74.391  0.593 1.0000000000
10820  -12.797  -74.293  1.155 1.0000000000
6741  -19.051  -80.996  1.745 1.0000000000
7328  -20.123  -79.425  0.946 1.0000000000
11479  -6.639  -73.117  3.007 1.0000000000
10792  -9.323  -74.765  1.364 1.0000000000
10796  -13.594  -74.390  1.903 1.0000000000
11503  -15.068  -73.882  1.734 1.0000000000
6149  -18.317  -81.356  1.259 1.0000000000
109465  -18.875  -81.051  0.690 1.0000000000
12256  -6.355  -72.626  2.649 1.0000000000
114113  -6.720  -74.326  2.617 1.0000000000
11502  -14.269  -73.995  1.881 1.0000000000
6758  -17.698  -81.010  0.334 1.0000000000
6775  -18.939  -80.485  -0.557 1.0000000000
125789  -20.382  -79.270  0.336 1.0000000000
129188  -17.506  -79.155  0.027 1.0000000000
7345  -17.353  -80.388  0.351 1.0000000000
10771  -6.780  -75.211  2.633 1.0000000000
10056  -8.439  -76.164  2.490 1.0000000000
10775  -15.332  -74.993  2.117 1.0000000000
120655  -18.018  -77.109  -0.091 1.0000000000
9344  -16.242  -76.742  2.043 1.0000000000
115663  -17.253  -79.449  0.577 1.0000000000
8611  -16.223  -77.713  2.209 1.0000000000
9360  -15.422  -76.429  1.169 1.0000000000
8629  -15.815  -77.203  1.761 1.0000000000
7940  -15.733  -78.170  1.957 1.0000000000
120602  -12.294  -76.280  0.210 1.0000000000
122338  -14.510  -75.839  -0.886 1.0000000000
8655  -7.053  -77.555  -0.127 1.0000000000
8671  -7.427  -77.046  -1.088 1.0000000000
9422  -8.096  -76.903  -2.968 1.0000000000
10128  -8.611  -75.761  -3.598 0.8999999762
9439  -8.621  -76.244  -4.413 0.8999999762
10166  -7.992  -75.385  -6.734 0.8000000119
7868  -9.632  -78.301  8.684 0.6000000238
112558  -6.946  -78.992  8.123 0.8000000119
7230  -7.122  -78.870  8.643 0.6999999881
7238  -6.918  -78.842  7.390 0.8999999762
6683  -10.514  -80.363  6.182 1.0000000000
7218  -7.210  -79.577  8.866 0.8000000119
7270  -11.851  -79.660  6.615 1.0000000000
7249  -13.325  -79.365  6.973 1.0000000000
6046  -8.227  -81.101  7.579 1.0000000000
6685  -12.353  -79.749  6.807 1.0000000000
7273  -14.920  -78.712  7.029 1.0000000000
7274  -15.934  -78.805  6.511 1.0000000000
8569  -12.613  -78.713  6.660 1.0000000000
7898  -15.416  -78.369  6.695 1.0000000000
109174  -16.783  -79.081  6.013 1.0000000000
7899  -16.248  -78.357  6.051 1.0000000000
7900  -17.036  -78.484  5.285 1.0000000000
7913  -17.751  -78.294  4.575 1.0000000000
118444  -18.877  -78.819  3.578 1.0000000000
113700  -19.285  -78.971  2.976 1.0000000000
7311  -19.479  -79.548  2.513 1.0000000000
11521  -11.289  -73.756  -0.210 1.0000000000
11522  -12.209  -73.896  0.011 1.0000000000
7964  -20.453  -78.703  0.828 1.0000000000
10827  -17.981  -74.957  -0.945 1.0000000000
6774  -18.372  -80.289  -0.563 1.0000000000
7379  -20.197  -79.348  -1.240 1.0000000000
12271  -6.288  -73.145  1.923 1.0000000000
10798  -15.587  -74.437  2.044 1.0000000000
7993  -18.248  -78.881  -1.307 1.0000000000
7378  -19.415  -79.553  -1.545 1.0000000000
7391  -19.948  -79.142  -2.010 1.0000000000
9341  -12.275  -75.786  2.270 1.0000000000
10776  -15.993  -74.989  2.098 1.0000000000
9377  -17.635  -76.300  0.737 1.0000000000
8660  -17.770  -77.918  -0.070 1.0000000000
6788  -18.872  -79.971  -1.075 1.0000000000
10790  -6.444  -74.990  2.148 1.0000000000
10055  -7.284  -75.939  2.760 1.0000000000
10062  -16.051  -75.680  2.001 1.0000000000
8630  -17.143  -77.785  1.712 1.0000000000
8649  -17.562  -77.368  0.794 1.0000000000
7979  -17.401  -78.441  0.617 1.0000000000
8692  -19.221  -77.846  -3.294 1.0000000000
10054  -6.602  -76.065  2.281 1.0000000000
9361  -16.723  -77.260  2.123 1.0000000000
7962  -16.954  -78.752  1.589 1.0000000000
10099  -6.273  -75.625  1.625 1.0000000000
8612  -16.547  -78.126  2.102 1.0000000000
9381  -6.918  -76.088  0.196 1.0000000000
120667  -6.372  -76.541  1.635 1.0000000000
9380  -6.650  -76.867  0.747 1.0000000000
10115  -7.958  -75.454  -1.300 1.0000000000
10123  -8.504  -75.478  -2.812 1.0000000000
9392  -8.090  -76.209  -1.674 1.0000000000
10139  -8.510  -75.682  -4.446 0.8999999762
10152  -8.033  -75.310  -5.818 0.6999999881
10867  -7.375  -74.753  -6.333 0.6000000238
8534  -9.038  -77.551  8.620 0.6000000238
7867  -8.451  -78.246  8.775 0.6000000238
7875  -6.665  -78.253  7.755 0.8000000119
7866  -7.331  -78.085  8.631 0.6000000238
7268  -10.338  -79.661  6.072 1.0000000000
110488  -10.030  -78.659  6.100 1.0000000000
7266  -8.396  -79.433  5.893 1.0000000000
7896  -11.906  -79.171  6.448 1.0000000000
7895  -11.025  -78.968  6.255 1.0000000000
7881  -11.803  -78.317  6.535 1.0000000000
128438  -13.201  -78.316  6.889 1.0000000000
122403  -13.411  -78.780  6.944 1.0000000000
8570  -13.956  -78.189  6.999 1.0000000000
7897  -14.406  -78.575  7.063 1.0000000000
8573  -16.498  -77.649  5.658 1.0000000000
8574  -17.104  -77.550  4.818 1.0000000000
7914  -18.365  -78.151  3.991 1.0000000000
8558  -14.334  -77.316  7.068 1.0000000000
8559  -15.256  -77.218  6.787 1.0000000000
118260  -18.800  -77.999  3.512 1.0000000000
8631  -19.860  -77.895  2.091 1.0000000000
12235  -6.712  -72.411  3.262 1.0000000000
11500  -8.617  -73.438  1.811 1.0000000000
12282  -9.610  -72.836  0.439 1.0000000000
11539  -11.812  -73.307  -0.708 1.0000000000
11545  -16.968  -74.003  -0.923 1.0000000000
121005  -19.501  -80.193  1.920 1.0000000000
8650  -20.682  -77.987  0.573 1.0000000000
10817  -9.768  -74.159  0.724 1.0000000000
11525  -15.281  -73.591  0.806 1.0000000000
11544  -16.296  -73.637  -0.518 1.0000000000
9397  -18.386  -76.359  -2.075 1.0000000000
7994  -20.842  -78.689  -0.799 1.0000000000
11526  -16.066  -73.794  0.453 1.0000000000
126309  -16.866  -74.795  1.430 1.0000000000
8675  -18.319  -77.316  -1.867 1.0000000000
8020  -18.949  -78.744  -2.353 1.0000000000
11499  -6.296  -74.024  1.889 1.0000000000
10089  -16.648  -75.364  1.883 1.0000000000
108285  -18.656  -75.326  -3.345 1.0000000000
10140  -19.465  -76.357  -4.995 1.0000000000
10815  -6.325  -74.741  1.375 1.0000000000
10129  -19.061  -75.830  -4.204 1.0000000000
10825  -7.309  -74.129  -0.315 1.0000000000
113954  -7.760  -74.640  -0.970 1.0000000000
10116  -8.420  -75.506  -2.114 1.0000000000
10846  -8.243  -74.997  -3.238 1.0000000000
10853  -7.542  -74.547  -4.596 0.8000000119
10859  -7.455  -74.652  -5.454 0.6999999881
124185  -8.027  -77.576  8.664 0.6000000238
120870  -7.280  -77.160  8.476 0.6999999881
8546  -6.441  -77.518  7.413 0.6999999881
8564  -6.785  -77.662  6.022 0.8000000119
7893  -7.884  -78.585  5.798 0.8000000119
7894  -8.903  -78.624  5.851 0.8999999762
119716  -7.022  -77.042  5.836 0.8000000119
7880  -10.850  -78.117  6.422 1.0000000000
123530  -11.331  -77.521  6.625 1.0000000000
8556  -12.012  -77.253  6.764 1.0000000000
125692  -13.443  -77.510  7.027 1.0000000000
9293  -14.746  -76.428  7.098 1.0000000000
9294  -15.513  -76.429  6.907 1.0000000000
9304  -16.846  -76.817  5.445 1.0000000000
9309  -17.500  -76.701  4.741 1.0000000000
113044  -18.695  -76.754  3.524 1.0000000000
9322  -19.173  -76.455  3.018 1.0000000000
119815  -18.257  -75.745  4.191 1.0000000000
8613  -19.467  -77.873  2.669 1.0000000000
9345  -19.538  -77.197  2.523 1.0000000000
13067  -6.360  -71.772  3.074 1.0000000000
128375  -8.417  -71.881  2.533 1.0000000000
12273  -9.108  -72.678  1.154 1.0000000000
11541  -13.692  -73.493  0.055 1.0000000000
120809  -20.004  -77.117  1.837 1.0000000000
11554  -17.870  -74.202  -2.121 1.0000000000
9378  -20.915  -77.312  0.152 1.0000000000
112994  -20.919  -78.126  -0.118 1.0000000000
110769  -6.344  -72.471  1.931 1.0000000000
11543  -15.506  -73.412  -0.219 1.0000000000
122654  -19.146  -77.201  -3.666 1.0000000000
8007  -21.121  -78.251  -2.422 1.0000000000
10124  -18.519  -75.849  -2.647 1.0000000000
8709  -21.054  -77.720  -3.945 1.0000000000
12280  -6.686  -72.695  1.135 1.0000000000
13914  -6.715  -70.185  -1.351 0.6999999881
10090  -17.257  -75.372  1.150 1.0000000000
12281  -7.001  -72.993  0.283 1.0000000000
128373  -7.645  -73.856  -1.014 1.0000000000
10832  -7.876  -74.130  -1.856 1.0000000000
10845  -7.644  -74.435  -3.727 0.8999999762
11573  -6.853  -73.978  -4.239 0.6999999881
119592  -8.302  -76.838  8.567 0.6000000238
9262  -7.454  -76.177  8.228 0.6999999881
9983  -8.033  -75.392  8.095 0.5000000000
9982  -7.398  -75.472  7.801 0.6000000238
9299  -6.699  -76.859  6.256 0.6999999881
8567  -9.397  -77.651  5.991 0.8999999762
8555  -10.681  -77.274  6.508 1.0000000000
9289  -10.387  -76.505  6.296 1.0000000000
9995  -7.126  -75.264  7.237 0.6000000238
9300  -7.135  -76.169  5.816 0.6999999881
9301  -7.948  -76.094  5.276 0.6999999881
9288  -9.582  -76.671  5.941 0.8000000119
9290  -11.303  -76.529  6.614 1.0000000000
120129  -12.771  -75.841  6.933 1.0000000000
10725  -13.519  -75.296  6.909 1.0000000000
10707  -7.586  -74.595  6.815 0.6000000238
10022  -7.536  -75.325  5.447 0.6000000238
10023  -8.306  -75.359  4.952 0.6999999881
10726  -14.846  -74.869  6.733 1.0000000000
10034  -9.595  -74.905  4.431 0.8000000119
10011  -11.807  -75.485  6.529 1.0000000000
120234  -17.332  -76.013  5.411 1.0000000000
10028  -17.556  -75.273  5.146 1.0000000000
122632  -7.570  -70.747  3.754 0.8999999762
13845  -8.376  -70.378  3.101 0.8999999762
9321  -18.653  -76.017  3.651 1.0000000000
13833  -7.104  -70.509  4.108 0.8999999762
10063  -19.469  -75.846  2.684 1.0000000000
10091  -19.847  -75.689  2.157 1.0000000000
13049  -6.761  -71.470  3.597 0.8999999762
13050  -7.136  -71.225  3.834 0.8999999762
123672  -7.825  -71.483  3.344 0.8999999762
13087  -8.736  -71.085  2.367 1.0000000000
12283  -10.185  -72.525  -0.201 1.0000000000
11538  -10.999  -73.022  -0.651 1.0000000000
12296  -11.541  -72.502  -1.178 1.0000000000
129419  -13.368  -73.282  -0.720 1.0000000000
12307  -14.394  -72.758  -1.646 1.0000000000
11551  -15.783  -73.191  -1.130 1.0000000000
118583  -20.460  -76.113  1.061 1.0000000000
116069  -6.119  -71.108  2.878 0.8999999762
129776  -10.610  -73.435  -0.181 1.0000000000
12320  -17.205  -73.333  -2.711 1.0000000000
10111  -21.076  -75.826  -0.027 1.0000000000
107880  -21.636  -73.849  -1.408 1.0000000000
111002  -6.682  -70.114  1.562 0.8999999762
11540  -12.761  -73.425  -0.558 1.0000000000
12299  -13.968  -73.138  -0.919 1.0000000000
10112  -21.468  -75.754  -0.816 1.0000000000
13101  -6.822  -71.895  1.217 1.0000000000
11566  -17.739  -73.424  -3.224 1.0000000000
10120  -22.049  -76.044  -2.450 1.0000000000
10849  -22.263  -74.673  -3.767 1.0000000000
106979  -6.813  -71.038  1.344 0.8999999762
10141  -21.676  -75.907  -5.033 1.0000000000
107435  -22.116  -75.197  -2.855 1.0000000000
116590  -7.174  -71.234  0.194 1.0000000000
13879  -7.042  -70.363  0.431 0.8999999762
11567  -18.124  -73.620  -3.653 1.0000000000
10847  -18.787  -74.734  -4.111 1.0000000000
10848  -19.211  -75.424  -5.036 1.0000000000
126406  -22.310  -74.256  -4.375 1.0000000000
12346  -22.987  -72.984  -4.734 1.0000000000
13160  -23.666  -72.337  -4.427 1.0000000000
12293  -7.140  -71.702  -0.723 1.0000000000
13114  -7.013  -70.942  -0.839 0.8000000119
14745  -6.543  -69.427  -1.516 0.6000000238
10155  -20.553  -75.676  -5.891 1.0000000000
11577  -22.047  -74.151  -5.147 1.0000000000
12360  -22.568  -72.836  -5.676 1.0000000000
13174  -23.859  -71.920  -5.102 1.0000000000
12304  -6.930  -72.158  -1.516 1.0000000000
125092  -6.369  -70.092  -2.098 0.6999999881
108276  -18.619  -73.663  -4.553 1.0000000000
10854  -19.066  -74.528  -5.016 1.0000000000
11576  -19.240  -74.016  -5.634 1.0000000000
10872  -19.847  -74.440  -6.257 1.0000000000
12359  -21.842  -73.063  -6.239 1.0000000000
13189  -22.677  -71.833  -6.240 1.0000000000
11557  -6.785  -72.613  -2.296 1.0000000000
13121  -6.721  -71.084  -1.655 0.6000000238
11589  -19.640  -73.355  -6.286 1.0000000000
110286  -20.390  -73.220  -6.687 1.0000000000
12374  -20.073  -72.325  -6.636 1.0000000000
13994  -21.659  -71.078  -6.808 1.0000000000
107055  -22.507  -71.252  -6.609 1.0000000000
11558  -7.222  -73.477  -2.487 1.0000000000
11565  -6.981  -73.762  -3.384 0.6999999881
111836  -8.918  -76.071  5.313 0.8000000119
9302  -9.901  -75.983  5.693 0.8000000119
10010  -10.778  -75.738  6.166 0.8999999762
10026  -11.109  -75.021  5.718 0.8999999762
10727  -15.789  -74.967  6.476 1.0000000000
10708  -8.327  -73.783  7.086 0.6000000238
10722  -8.113  -74.094  6.232 0.6000000238
10738  -8.706  -74.683  4.628 0.6000000238
10025  -10.210  -75.326  5.289 0.8000000119
10723  -11.948  -74.603  6.020 0.8999999762
10743  -14.320  -74.104  6.276 1.0000000000
10746  -17.182  -74.772  5.395 1.0000000000
10757  -17.645  -74.478  4.805 1.0000000000
10758  -18.181  -74.561  4.277 1.0000000000
10765  -19.070  -74.663  3.238 1.0000000000
10800  -19.947  -74.905  2.023 1.0000000000
117678  -9.510  -72.066  0.569 1.0000000000
12295  -10.809  -72.280  -0.831 1.0000000000
12306  -13.091  -72.316  -1.976 1.0000000000
12317  -14.708  -72.381  -2.321 1.0000000000
10092  -20.228  -75.509  1.488 1.0000000000
11547  -21.341  -73.564  -0.752 1.0000000000
108501  -6.063  -70.386  2.718 0.8999999762
12309  -16.046  -72.975  -1.964 1.0000000000
11562  -22.449  -73.445  -2.772 1.0000000000
14719  -6.922  -69.642  0.489 0.8999999762
12318  -15.536  -72.493  -2.499 1.0000000000
12319  -16.437  -72.715  -2.782 1.0000000000
10130  -22.033  -75.613  -4.047 1.0000000000
13145  -23.270  -72.634  -3.509 1.0000000000
13133  -23.745  -71.402  -2.349 1.0000000000
13143  -16.089  -71.643  -3.823 1.0000000000
12330  -18.009  -72.979  -4.008 1.0000000000
10855  -21.971  -74.963  -4.793 1.0000000000
13961  -24.329  -71.679  -4.171 1.0000000000
11590  -21.709  -73.940  -5.984 1.0000000000
14794  -25.433  -70.620  -4.557 1.0000000000
13158  -17.237  -71.466  -4.660 1.0000000000
12343  -17.637  -72.212  -4.385 1.0000000000
12345  -19.001  -73.150  -5.482 1.0000000000
13982  -24.885  -70.840  -5.312 1.0000000000
14813  -24.739  -70.268  -6.036 1.0000000000
12358  -19.131  -72.382  -5.953 1.0000000000
13995  -23.035  -70.799  -6.529 1.0000000000
14828  -24.027  -69.964  -6.539 1.0000000000
15623  -25.787  -69.272  -6.460 1.0000000000
117108  -6.411  -72.127  -2.876 0.6000000238
13187  -20.225  -71.397  -6.652 1.0000000000
10737  -7.978  -74.648  5.303 0.6000000238
10740  -11.344  -74.439  5.077 0.8000000119
124649  -12.092  -74.126  5.402 0.8999999762
11451  -15.989  -74.030  5.648 1.0000000000
108291  -8.383  -74.028  5.218 0.6000000238
10756  -10.755  -74.281  3.965 0.6999999881
10744  -15.197  -74.285  6.241 1.0000000000
11469  -17.398  -73.679  4.613 1.0000000000
11470  -18.059  -73.904  4.273 1.0000000000
14693  -8.375  -69.395  3.331 0.8999999762
13846  -9.104  -70.290  2.176 1.0000000000
12205  -9.976  -72.455  4.602 0.6999999881
11466  -14.760  -72.987  4.938 0.8999999762
10764  -18.584  -74.239  3.824 1.0000000000
114247  -19.317  -73.290  2.712 1.0000000000
11481  -11.397  -73.139  2.910 0.6999999881
119463  -19.964  -74.231  1.817 1.0000000000
14680  -7.005  -69.692  4.440 0.8999999762
124051  -7.630  -69.989  3.968 0.8999999762
13860  -9.351  -70.737  1.477 1.0000000000
114507  -9.524  -71.262  0.816 1.0000000000
13880  -9.793  -70.399  0.560 1.0000000000
13103  -9.896  -71.395  0.089 1.0000000000
13122  -11.760  -71.688  -1.674 1.0000000000
10801  -20.279  -74.710  1.313 1.0000000000
126554  -21.789  -71.750  -0.138 1.0000000000
14692  -5.968  -69.883  3.270 0.8999999762
10823  -20.591  -74.394  0.583 1.0000000000
15533  -6.251  -68.480  2.336 0.8999999762
13129  -13.289  -71.614  -2.581 1.0000000000
10829  -21.446  -74.536  -0.977 1.0000000000
12311  -22.120  -72.446  -1.058 1.0000000000
13117  -22.531  -71.591  -0.856 1.0000000000
14707  -6.132  -69.494  2.518 0.8999999762
13128  -12.461  -71.701  -2.163 1.0000000000
12312  -22.685  -72.214  -1.751 1.0000000000
108529  -23.172  -71.361  -1.523 1.0000000000
13932  -24.226  -70.773  -2.163 1.0000000000
10836  -21.904  -74.422  -1.945 1.0000000000
13132  -23.214  -72.064  -2.504 1.0000000000
13943  -24.282  -71.285  -3.061 1.0000000000
13962  -24.891  -71.135  -4.421 1.0000000000
14795  -25.962  -70.002  -4.733 1.0000000000
13159  -17.966  -71.608  -5.036 1.0000000000
14814  -25.999  -69.734  -5.718 1.0000000000
15624  -26.754  -69.206  -6.371 1.0000000000
128594  -18.788  -70.971  -5.924 1.0000000000
15638  -23.768  -69.239  -6.971 1.0000000000
13979  -19.156  -70.521  -6.249 1.0000000000
14825  -20.527  -70.018  -6.588 1.0000000000
107351  -22.293  -70.530  -6.779 1.0000000000
14827  -23.119  -70.056  -6.870 1.0000000000
15639  -24.795  -68.880  -6.946 1.0000000000
15640  -26.969  -68.651  -7.058 1.0000000000
117950  -8.779  -74.043  4.519 0.6000000238
10755  -9.876  -74.345  3.993 0.6999999881
112833  -14.162  -73.383  5.517 1.0000000000
11461  -9.326  -73.727  4.153 0.6999999881
12223  -16.207  -72.831  4.331 1.0000000000
12224  -17.050  -73.033  4.212 1.0000000000
11482  -17.843  -73.210  4.043 1.0000000000
12263  -18.902  -72.516  2.878 1.0000000000
14681  -7.626  -69.098  4.239 0.8999999762
14694  -9.035  -69.580  2.437 1.0000000000
14708  -9.493  -69.707  1.420 1.0000000000
13881  -10.265  -70.619  -0.293 1.0000000000
13116  -11.044  -71.662  -1.226 1.0000000000
12274  -19.605  -72.621  2.210 1.0000000000
11505  -19.824  -73.495  1.991 1.0000000000
13104  -21.102  -71.600  0.800 1.0000000000
111322  -6.600  -68.923  4.319 0.8999999762
14734  -10.658  -69.909  -0.716 1.0000000000
13901  -11.347  -70.919  -1.549 1.0000000000
11529  -21.013  -73.119  -0.024 1.0000000000
15520  -5.924  -68.974  3.559 0.8999999762
17277  -5.915  -66.877  3.168 0.8999999762
14721  -10.237  -69.693  -0.011 1.0000000000
122440  -12.598  -71.098  -2.586 1.0000000000
13908  -22.316  -70.785  -0.194 1.0000000000
18234  -6.407  -65.410  1.709 0.8000000119
13915  -11.114  -70.138  -1.335 1.0000000000
13916  -11.525  -70.292  -1.810 1.0000000000
13130  -14.230  -71.774  -2.735 1.0000000000
13123  -23.729  -70.827  -1.640 1.0000000000
13922  -24.639  -69.464  -1.583 1.0000000000
19182  -6.230  -64.501  2.131 0.8000000119
13930  -13.045  -70.807  -3.032 1.0000000000
13131  -15.803  -72.115  -3.191 1.0000000000
115831  -25.252  -69.087  -1.887 1.0000000000
125775  -25.505  -68.228  -2.095 1.0000000000
13941  -14.275  -70.654  -3.677 1.0000000000
14780  -25.161  -70.649  -3.563 1.0000000000
14768  -25.859  -69.232  -2.605 1.0000000000
125710  -26.792  -68.500  -4.124 1.0000000000
113429  -16.276  -70.347  -4.834 1.0000000000
13157  -16.472  -71.205  -4.440 1.0000000000
111976  -26.955  -68.702  -5.596 1.0000000000
108817  -16.900  -70.854  -4.898 1.0000000000
13976  -17.069  -70.258  -5.289 1.0000000000
14810  -17.412  -69.466  -5.714 1.0000000000
13959  -17.551  -70.908  -5.155 1.0000000000
13992  -19.922  -70.668  -6.541 1.0000000000
15641  -27.457  -69.060  -7.065 1.0000000000
16529  -27.371  -67.916  -7.055 1.0000000000
21935  -6.892  -61.956  -1.925 0.4000000060
14811  -18.229  -69.699  -6.013 1.0000000000
14824  -19.555  -69.769  -6.437 1.0000000000
108093  -21.204  -69.413  -6.623 1.0000000000
122966  -22.075  -69.710  -6.756 1.0000000000
107733  -22.654  -69.108  -6.908 1.0000000000
116675  -24.019  -68.488  -7.219 1.0000000000
16528  -26.319  -68.656  -7.970 1.0000000000
17406  -26.868  -67.842  -7.968 1.0000000000
17408  -28.046  -66.816  -6.781 1.0000000000
19309  -24.361  -64.428  -7.453 1.0000000000
129182  -25.132  -64.459  -7.540 1.0000000000
11462  -10.169  -73.584  3.571 0.6999999881
11463  -11.079  -73.704  3.435 0.6999999881
11449  -11.693  -74.003  4.406 0.8000000119
11450  -12.648  -73.585  5.125 0.8000000119
12218  -10.109  -72.649  3.447 0.6999999881
12221  -14.484  -72.384  4.287 0.8999999762
11467  -15.657  -73.218  4.981 1.0000000000
12219  -12.471  -72.826  3.179 0.8000000119
12222  -15.346  -72.555  4.374 1.0000000000
110734  -16.674  -72.498  3.829 1.0000000000
12244  -17.485  -72.517  3.578 1.0000000000
12261  -17.581  -71.922  2.943 1.0000000000
13075  -19.256  -71.820  2.304 1.0000000000
122644  -7.115  -68.818  4.670 0.8999999762
16386  -9.112  -68.103  2.340 1.0000000000
110401  -14.662  -70.747  0.700 0.8999999762
13867  -18.826  -70.564  1.431 1.0000000000
109045  -19.989  -71.915  1.799 1.0000000000
15508  -6.804  -68.100  4.633 0.8999999762
116195  -9.371  -68.856  1.886 1.0000000000
14720  -9.950  -69.462  0.649 1.0000000000
112698  -20.546  -72.016  1.280 1.0000000000
13890  -20.876  -70.010  0.808 1.0000000000
14741  -22.108  -69.973  0.077 1.0000000000
17244  -6.582  -65.982  4.278 0.8999999762
17278  -8.584  -66.761  3.016 0.8999999762
15553  -10.597  -68.987  -0.491 1.0000000000
13869  -20.407  -70.361  1.150 1.0000000000
15568  -23.657  -68.235  -1.316 1.0000000000
20052  -6.921  -63.520  3.697 0.8999999762
18242  -6.534  -65.639  0.640 0.6000000238
16401  -9.455  -67.407  1.544 1.0000000000
15545  -10.254  -68.808  0.246 1.0000000000
13921  -23.401  -70.475  -0.986 1.0000000000
14754  -23.809  -69.022  -0.953 1.0000000000
15569  -24.519  -68.459  -1.554 1.0000000000
16460  -26.075  -67.547  -2.543 0.8999999762
18254  -6.587  -65.238  -1.664 0.6000000238
14762  -12.469  -69.362  -2.962 1.0000000000
13141  -14.592  -71.351  -3.342 1.0000000000
108342  -16.266  -66.937  -1.754 0.8000000119
14764  -17.425  -68.730  -3.056 0.8999999762
15585  -26.351  -68.483  -2.900 1.0000000000
16474  -26.952  -67.226  -3.489 0.8999999762
13942  -15.613  -70.872  -4.230 1.0000000000
125368  -21.985  -71.778  -6.665 1.0000000000
124710  -27.449  -67.197  -4.206 0.8999999762
14779  -14.829  -70.200  -4.238 1.0000000000
125060  -27.043  -67.739  -3.926 1.0000000000
16485  -27.642  -67.533  -5.128 1.0000000000
17358  -27.835  -66.306  -4.116 0.8999999762
14792  -15.149  -69.464  -4.673 1.0000000000
16508  -27.817  -67.306  -5.938 1.0000000000
17388  -28.246  -66.700  -5.756 1.0000000000
110452  -16.573  -69.590  -5.345 1.0000000000
128847  -16.810  -68.956  -5.629 1.0000000000
107732  -21.097  -68.444  -6.657 1.0000000000
18352  -28.510  -65.980  -7.131 1.0000000000
15622  -18.053  -68.928  -6.174 1.0000000000
109553  -20.073  -68.246  -6.581 1.0000000000
108138  -23.116  -68.387  -7.091 1.0000000000
16526  -23.693  -67.709  -7.278 1.0000000000
16527  -24.904  -68.138  -7.371 1.0000000000
16539  -25.563  -67.435  -7.486 1.0000000000
17423  -26.155  -66.742  -7.583 1.0000000000
17407  -27.195  -66.957  -7.469 1.0000000000
119432  -27.354  -63.198  -7.700 1.0000000000
11480  -10.636  -73.040  3.013 0.6999999881
12239  -11.586  -72.654  2.451 0.6999999881
12220  -13.584  -72.434  3.963 0.8000000119
13055  -15.648  -71.657  3.208 1.0000000000
13056  -16.656  -71.952  3.203 1.0000000000
12260  -12.225  -72.428  2.164 0.6999999881
13090  -13.154  -71.609  1.392 0.6999999881
13072  -16.189  -71.371  2.613 1.0000000000
13091  -17.857  -71.257  2.214 1.0000000000
114728  -7.671  -64.948  3.746 0.8999999762
13887  -18.074  -70.303  0.554 1.0000000000
13889  -19.934  -69.828  0.568 1.0000000000
13862  -12.972  -70.993  0.595 0.8000000119
13888  -18.981  -70.113  0.600 1.0000000000
14739  -20.833  -69.202  -0.661 1.0000000000
14727  -21.426  -69.772  0.341 1.0000000000
17261  -7.824  -66.680  3.842 0.8999999762
17298  -9.156  -66.613  1.954 1.0000000000
13883  -13.609  -70.596  0.236 0.8000000119
13918  -16.456  -69.512  -1.983 0.8999999762
14738  -19.041  -70.068  -1.293 1.0000000000
14725  -19.950  -69.619  -0.616 1.0000000000
15557  -22.397  -69.327  -0.364 1.0000000000
17297  -8.800  -65.896  2.468 0.8999999762
120963  -9.908  -67.236  0.735 1.0000000000
15561  -10.819  -68.249  -1.021 1.0000000000
14747  -11.528  -69.038  -1.888 1.0000000000
13929  -12.436  -70.355  -2.739 1.0000000000
15563  -14.708  -68.071  -1.933 0.8999999762
16440  -15.415  -67.432  -2.039 0.8999999762
16445  -23.909  -67.708  -1.671 0.8999999762
123175  -23.118  -66.534  -3.246 0.8000000119
17344  -25.661  -66.593  -2.433 0.8999999762
20984  -7.206  -62.543  3.313 0.8999999762
110083  -6.561  -65.134  -0.070 0.6000000238
18235  -9.303  -65.859  1.548 1.0000000000
109243  -10.297  -67.168  -0.088 1.0000000000
17325  -10.678  -66.504  -0.910 1.0000000000
15562  -11.229  -68.423  -1.569 1.0000000000
16433  -17.004  -66.744  -1.334 0.8000000119
15555  -21.086  -68.913  -1.536 1.0000000000
17345  -26.373  -66.156  -2.715 0.8999999762
21001  -6.850  -62.017  3.067 0.8999999762
20067  -6.163  -63.246  2.926 0.8999999762
127236  -12.563  -67.714  -3.298 1.0000000000
15594  -13.508  -68.509  -3.924 1.0000000000
14791  -14.457  -69.334  -4.392 1.0000000000
16454  -19.387  -67.136  -3.417 0.8000000119
16470  -13.511  -67.030  -4.160 1.0000000000
15607  -15.411  -68.806  -5.087 1.0000000000
16407  -18.387  -67.458  1.109 0.6999999881
18308  -28.409  -66.182  -4.988 0.8999999762
15606  -14.182  -68.449  -4.444 1.0000000000
18330  -29.079  -65.487  -6.418 1.0000000000
16483  -14.874  -67.977  -5.021 1.0000000000
14809  -16.149  -68.884  -5.404 1.0000000000
111930  -17.332  -68.567  -5.947 1.0000000000
16524  -21.550  -67.578  -6.837 1.0000000000
116406  -17.184  -67.718  -6.070 1.0000000000
16523  -19.699  -67.480  -6.608 1.0000000000
107730  -20.607  -67.558  -6.720 1.0000000000
17405  -23.331  -66.672  -7.262 1.0000000000
17421  -24.077  -66.323  -7.390 1.0000000000
18368  -25.852  -65.816  -7.688 1.0000000000
18370  -27.872  -65.258  -7.735 1.0000000000
12238  -10.925  -72.536  2.578 0.6999999881
12240  -13.255  -72.206  2.953 0.6999999881
13051  -10.344  -72.002  3.208 0.6999999881
13052  -10.868  -71.262  3.548 0.6000000238
13053  -13.829  -71.699  2.604 0.8000000119
13054  -14.757  -71.524  3.065 1.0000000000
122558  -15.854  -71.023  1.967 1.0000000000
13073  -17.106  -71.458  2.492 1.0000000000
13866  -17.987  -70.751  1.525 1.0000000000
13885  -15.345  -70.451  0.226 1.0000000000
19169  -8.246  -64.430  3.355 0.8999999762
14748  -14.880  -68.902  -2.037 0.8999999762
13919  -17.424  -69.937  -1.541 0.8999999762
18222  -9.112  -65.135  2.117 0.8999999762
16438  -10.657  -67.290  -0.899 1.0000000000
14724  -13.634  -69.490  -0.753 0.8000000119
14752  -19.310  -69.801  -2.388 0.8999999762
15582  -20.452  -68.130  -3.622 0.8000000119
16456  -21.780  -67.363  -3.557 0.8000000119
16444  -23.133  -67.626  -1.859 0.8000000119
18275  -25.451  -65.599  -2.499 0.8000000119
19183  -9.610  -65.167  1.334 0.8999999762
17318  -10.352  -66.394  -0.341 1.0000000000
116095  -11.450  -67.220  -2.136 1.0000000000
15577  -11.613  -68.102  -2.197 1.0000000000
109571  -14.431  -67.245  -0.521 0.8000000119
109911  -18.512  -66.943  -0.715 0.8000000119
120144  -25.346  -67.258  -2.195 0.8000000119
20088  -6.497  -63.180  0.737 0.6999999881
19184  -10.113  -64.522  1.135 0.8999999762
18255  -10.967  -66.086  -1.211 1.0000000000
17353  -12.767  -66.911  -3.477 1.0000000000
17337  -11.673  -66.549  -2.278 1.0000000000
108776  -15.655  -67.048  0.759 0.6000000238
16422  -16.149  -66.958  0.021 0.6999999881
113552  -16.947  -67.191  0.330 0.6999999881
17301  -20.158  -66.570  1.340 0.6000000238
17328  -20.495  -66.411  -2.631 0.8000000119
18292  -27.560  -65.679  -3.384 0.8999999762
21000  -6.479  -62.454  2.669 0.8000000119
21896  -6.795  -61.258  1.719 0.8000000119
20095  -6.557  -63.126  -0.325 0.6000000238
19260  -28.324  -65.413  -4.094 0.8999999762
128504  -28.947  -64.107  -3.994 0.8000000119
16482  -14.160  -67.510  -4.573 1.0000000000
17404  -22.353  -66.468  -7.155 1.0000000000
19196  -21.730  -64.354  0.775 0.5000000000
19274  -29.381  -64.839  -5.613 0.8999999762
17369  -14.636  -66.095  -4.534 1.0000000000
16504  -15.418  -67.163  -5.388 1.0000000000
17403  -21.073  -66.865  -6.902 1.0000000000
113542  -24.256  -65.756  -7.429 1.0000000000
18369  -26.764  -65.504  -7.743 1.0000000000
19292  -29.346  -64.747  -6.885 0.8999999762
20166  -29.641  -64.027  -6.115 0.8999999762
16505  -16.358  -67.273  -5.741 1.0000000000
15634  -17.956  -68.079  -6.289 1.0000000000
17402  -19.297  -66.684  -6.555 1.0000000000
18367  -24.880  -65.252  -7.539 1.0000000000
109301  -25.835  -64.925  -7.675 1.0000000000
19310  -26.761  -64.636  -7.762 1.0000000000
19291  -28.863  -65.301  -7.395 1.0000000000
20184  -29.262  -63.845  -7.234 1.0000000000
21129  -22.030  -62.378  -7.165 1.0000000000
19308  -23.472  -64.336  -7.448 1.0000000000
111372  -25.843  -63.943  -7.646 1.0000000000
20199  -24.009  -63.650  -7.441 1.0000000000
18221  -8.571  -65.125  3.049 0.8999999762
13864  -15.613  -70.752  1.160 1.0000000000
13882  -12.364  -70.297  0.478 0.8000000119
13903  -15.135  -70.052  -0.634 1.0000000000
110694  -16.004  -70.157  -0.315 1.0000000000
18243  -9.722  -65.819  0.791 1.0000000000
112949  -9.454  -64.250  1.937 0.8999999762
17355  -21.952  -66.340  -3.727 0.8000000119
18290  -23.400  -65.393  -3.526 0.8000000119
16432  -15.720  -66.914  -1.092 0.8000000119
17321  -21.395  -65.892  -1.258 0.8000000119
18272  -22.673  -64.816  -3.289 0.8000000119
19223  -24.662  -64.751  -2.628 0.8000000119
19225  -26.624  -64.625  -2.555 0.8000000119
122985  -7.349  -61.802  3.102 0.8999999762
18268  -12.009  -65.935  -2.310 1.0000000000
17312  -21.577  -65.666  -0.381 0.6999999881
18277  -27.156  -65.147  -2.856 0.8000000119
19241  -27.808  -64.896  -3.286 0.8000000119
21907  -6.820  -61.719  0.143 0.6999999881
19203  -11.554  -64.923  -0.602 1.0000000000
18286  -12.982  -66.016  -3.209 1.0000000000
17354  -13.358  -66.361  -3.724 1.0000000000
16392  -17.946  -67.412  1.958 0.5000000000
21908  -7.161  -61.328  0.054 0.6000000238
111102  -13.528  -65.437  -2.649 1.0000000000
18287  -13.795  -65.681  -3.420 1.0000000000
16521  -17.845  -67.234  -6.282 1.0000000000
20154  -29.485  -64.108  -4.833 0.8999999762
18305  -15.486  -65.525  -4.303 1.0000000000
128171  -17.743  -66.552  -6.165 1.0000000000
18348  -21.259  -65.633  -7.130 1.0000000000
115900  -21.440  -64.970  -7.170 1.0000000000
111247  -29.670  -63.115  -6.568 0.8999999762
126600  -16.351  -65.930  -5.353 1.0000000000
17387  -18.074  -65.938  -6.087 1.0000000000
108446  -19.886  -65.938  -6.696 1.0000000000
19307  -22.576  -64.220  -7.395 1.0000000000
20200  -26.890  -63.820  -7.754 1.0000000000
125228  -27.527  -64.399  -7.772 1.0000000000
20201  -28.276  -63.478  -7.578 1.0000000000
21147  -28.971  -62.906  -7.251 1.0000000000
115077  -25.539  -62.279  -7.438 1.0000000000
21145  -27.116  -62.483  -7.651 1.0000000000
113899  -26.452  -61.991  -7.562 1.0000000000
22018  -24.951  -61.815  -7.323 1.0000000000
22019  -25.616  -61.366  -7.376 1.0000000000
13848  -11.713  -70.368  1.183 0.6999999881
13884  -14.329  -70.232  -0.299 0.8999999762
14735  -13.485  -68.571  -0.830 0.8000000119
129665  -8.995  -63.706  2.696 0.8999999762
18250  -10.641  -65.871  -0.670 1.0000000000
15554  -14.128  -67.928  -1.232 0.8000000119
20985  -8.059  -62.134  3.198 0.8999999762
20068  -8.641  -62.979  3.066 0.8999999762
20077  -9.435  -63.212  2.378 0.8999999762
19209  -11.714  -65.279  -1.244 1.0000000000
113622  -14.763  -66.941  0.413 0.6000000238
19206  -22.385  -64.388  -0.544 0.6999999881
20104  -23.091  -63.220  -1.536 0.6999999881
115226  -25.186  -64.066  -2.317 0.8000000119
110262  -26.923  -63.957  -2.391 0.8000000119
20138  -27.681  -63.818  -2.726 0.8000000119
18257  -12.341  -65.358  -1.752 1.0000000000
19226  -27.374  -64.452  -2.782 0.8000000119
20139  -28.452  -63.714  -3.304 0.8000000119
21878  -8.729  -61.417  2.813 0.8999999762
22771  -7.094  -60.692  1.664 0.8999999762
19195  -11.308  -64.353  0.154 1.0000000000
18258  -13.348  -64.837  -1.190 1.0000000000
18324  -16.144  -65.611  -4.904 1.0000000000
20099  -22.528  -63.513  -0.118 0.6000000238
19242  -28.418  -64.510  -3.677 0.8000000119
22761  -7.532  -60.695  2.400 0.8999999762
19204  -12.984  -64.229  -0.486 1.0000000000
18270  -14.534  -65.270  -2.685 1.0000000000
17384  -15.290  -66.218  -5.039 1.0000000000
116116  -18.468  -64.648  -5.484 1.0000000000
19272  -18.442  -63.688  -5.218 1.0000000000
115894  -29.241  -63.401  -4.016 0.8000000119
21984  -29.999  -62.114  -4.994 0.8999999762
21918  -8.325  -61.488  -0.759 0.5000000000
18325  -16.924  -65.577  -5.267 1.0000000000
18327  -18.436  -65.320  -5.905 1.0000000000
21127  -20.365  -62.287  -6.591 1.0000000000
20182  -22.145  -63.342  -7.218 1.0000000000
21114  -29.909  -62.340  -6.002 0.8999999762
18345  -18.934  -65.777  -6.363 1.0000000000
18347  -20.577  -65.214  -6.888 1.0000000000
125898  -21.501  -62.893  -6.902 1.0000000000
23816  -23.237  -59.936  -7.461 1.0000000000
21146  -27.968  -62.612  -7.526 1.0000000000
21131  -29.491  -62.263  -6.771 0.8999999762
21142  -23.783  -62.724  -7.427 1.0000000000
22918  -28.423  -61.065  -7.338 1.0000000000
122246  -24.744  -61.213  -7.266 1.0000000000
22020  -26.623  -61.154  -7.566 1.0000000000
22021  -27.522  -61.740  -7.540 1.0000000000
22917  -27.753  -60.434  -7.527 1.0000000000
21012  -10.031  -62.533  2.118 0.8999999762
21889  -9.660  -61.582  2.405 0.8999999762
20089  -10.710  -63.914  0.832 0.8999999762
19210  -12.334  -64.844  -0.911 1.0000000000
21040  -23.355  -62.610  -1.406 0.6000000238
119448  -24.063  -63.061  -2.210 0.8000000119
20120  -26.437  -63.387  -1.916 0.8000000119
21059  -26.892  -62.766  -1.653 0.8000000119
20078  -10.120  -63.544  1.595 0.8999999762
107178  -12.136  -64.268  -0.229 1.0000000000
21058  -25.908  -62.659  -1.512 0.6999999881
123631  -28.229  -62.495  -2.533 0.8000000119
111172  -29.067  -61.962  -3.454 0.8000000119
124624  -9.972  -60.712  2.086 0.8999999762
118545  -10.892  -62.795  1.357 0.8999999762
20090  -11.459  -63.446  0.701 0.8999999762
18288  -16.074  -65.227  -3.202 1.0000000000
18306  -17.255  -65.139  -4.364 1.0000000000
17302  -20.822  -65.763  1.385 0.5000000000
21081  -28.737  -62.726  -3.245 0.8000000119
22781  -7.986  -59.674  1.184 0.8999999762
23718  -8.052  -59.788  0.688 0.8000000119
19219  -14.234  -65.049  -1.748 1.0000000000
19238  -16.221  -64.624  -2.490 1.0000000000
20165  -19.337  -63.588  -6.092 1.0000000000
123755  -30.055  -61.424  -5.006 0.8999999762
119230  -8.908  -60.188  2.034 0.8999999762
21910  -8.556  -60.785  -0.372 0.5000000000
19259  -18.113  -64.442  -4.337 1.0000000000
20153  -18.136  -63.586  -4.674 1.0000000000
21128  -21.187  -62.287  -6.848 1.0000000000
21985  -30.052  -61.640  -5.733 0.8999999762
19287  -19.489  -64.305  -6.219 1.0000000000
20180  -20.522  -63.681  -6.577 1.0000000000
22022  -28.709  -61.996  -7.238 1.0000000000
22005  -29.440  -61.393  -6.810 0.8999999762
23817  -23.920  -59.887  -7.375 1.0000000000
22915  -25.187  -60.560  -7.276 1.0000000000
116859  -25.979  -60.612  -7.429 1.0000000000
123371  -29.387  -60.062  -6.940 0.8999999762
22916  -26.827  -60.274  -7.608 1.0000000000
22893  -24.772  -59.834  -7.303 1.0000000000
23847  -25.796  -59.763  -7.394 1.0000000000
21941  -23.989  -61.642  -1.866 0.6999999881
21041  -26.624  -62.065  -1.367 0.6999999881
118223  -10.574  -61.720  1.926 0.8999999762
19211  -14.212  -64.371  -1.162 1.0000000000
21944  -28.038  -61.956  -1.958 0.8000000119
20098  -13.461  -63.396  -0.478 1.0000000000
20136  -16.701  -63.850  -2.514 1.0000000000
125566  -23.097  -62.194  -0.716 0.6000000238
22849  -29.637  -61.511  -4.083 0.8000000119
23719  -8.349  -59.262  0.654 0.8999999762
20114  -15.351  -63.957  -1.728 1.0000000000
19239  -17.125  -64.676  -2.977 1.0000000000
21973  -30.150  -61.022  -5.622 0.8000000119
23714  -8.570  -59.607  1.358 0.8999999762
23728  -8.715  -58.787  0.082 0.8000000119
22793  -8.170  -60.077  0.127 0.6999999881
22805  -8.324  -59.599  -0.609 0.6000000238
21999  -19.904  -61.634  -6.795 1.0000000000
22001  -21.608  -61.649  -7.151 1.0000000000
23818  -29.202  -60.695  -7.041 1.0000000000
123105  -22.401  -61.684  -7.281 1.0000000000
22004  -24.296  -60.621  -7.299 1.0000000000
21025  -12.544  -62.487  0.434 0.8999999762
22810  -24.011  -60.437  -1.586 0.6000000238
22812  -25.965  -60.939  -1.263 0.6000000238
117730  -27.024  -60.245  -0.909 0.6000000238
21013  -11.375  -61.780  1.323 0.8999999762
20097  -12.719  -63.434  0.107 0.8999999762
20102  -14.670  -63.731  -1.353 1.0000000000
21078  -15.935  -63.055  -3.032 1.0000000000
126445  -28.350  -60.631  -1.719 0.6000000238
21890  -10.875  -60.936  1.586 0.8999999762
22783  -12.080  -60.831  0.323 0.8999999762
21031  -13.242  -62.511  -0.140 0.8999999762
20135  -15.715  -63.549  -2.263 1.0000000000
118698  -17.952  -63.087  -5.104 1.0000000000
21110  -17.521  -62.616  -5.450 1.0000000000
21927  -28.004  -61.253  -1.652 0.6000000238
23769  -29.306  -59.536  -2.404 0.6000000238
22836  -29.421  -60.605  -3.674 0.6999999881
23715  -9.578  -59.896  1.574 0.8999999762
22782  -11.371  -60.156  0.528 0.8999999762
21911  -12.796  -61.555  -0.008 0.8999999762
21912  -13.392  -61.832  -0.591 0.8999999762
21095  -17.035  -62.923  -4.085 1.0000000000
22850  -29.905  -60.763  -4.694 0.8000000119
117848  -30.129  -59.461  -5.204 0.8000000119
108630  -9.695  -58.833  0.187 0.8999999762
22795  -12.468  -60.614  -0.434 0.8999999762
21922  -13.594  -61.635  -1.309 0.8999999762
20152  -17.908  -63.499  -3.990 1.0000000000
21125  -18.609  -62.236  -6.307 1.0000000000
21126  -19.482  -62.279  -6.442 1.0000000000
22913  -20.753  -60.330  -7.672 1.0000000000
23843  -21.154  -59.511  -8.103 1.0000000000
126098  -29.737  -60.674  -6.558 0.8999999762
24742  -30.117  -59.467  -5.846 0.8999999762
24681  -8.443  -58.712  -1.298 0.6999999881
23743  -8.274  -59.006  -1.386 0.6000000238
21957  -13.839  -61.220  -3.081 0.8999999762
21109  -16.843  -62.560  -5.152 1.0000000000
21124  -17.773  -62.155  -6.121 1.0000000000
114294  -18.124  -61.616  -6.665 1.0000000000
22911  -18.909  -60.460  -7.545 1.0000000000
22889  -20.319  -61.011  -7.237 1.0000000000
115218  -22.022  -59.443  -7.939 1.0000000000
24754  -29.546  -59.362  -6.809 0.8999999762
23819  -30.012  -60.022  -6.364 0.8999999762
24791  -18.930  -58.570  -8.562 1.0000000000
25662  -20.602  -57.738  -8.897 1.0000000000
24795  -22.282  -58.156  -8.466 1.0000000000
24770  -22.687  -58.881  -7.998 1.0000000000
24772  -24.594  -58.486  -7.517 1.0000000000
108901  -25.150  -59.023  -7.330 1.0000000000
24774  -26.026  -58.790  -7.414 1.0000000000
24776  -28.358  -58.399  -7.568 0.8999999762
23850  -28.613  -59.330  -7.368 0.8999999762
24777  -29.089  -57.933  -7.199 0.8999999762
23849  -27.672  -59.737  -7.589 1.0000000000
25661  -18.986  -57.769  -8.915 1.0000000000
25663  -21.308  -57.342  -9.010 1.0000000000
108397  -24.773  -57.793  -7.683 1.0000000000
24773  -25.425  -58.135  -7.482 1.0000000000
116771  -26.770  -57.237  -7.771 1.0000000000
25650  -27.425  -57.965  -7.747 0.8999999762
26530  -21.975  -56.964  -9.103 1.0000000000
118006  -27.053  -56.472  -7.916 1.0000000000
23750  -24.499  -59.613  -1.867 0.3000000119
23752  -25.837  -59.407  -1.639 0.4000000060
24688  -24.207  -58.775  -1.476 0.3000000119
127285  -28.317  -59.370  -1.235 0.5000000000
21055  -14.787  -63.066  -1.925 1.0000000000
21940  -14.273  -62.081  -2.554 0.8999999762
21094  -16.023  -62.719  -3.974 1.0000000000
24708  -29.670  -58.681  -2.186 0.6000000238
22794  -11.848  -59.993  -0.122 0.8999999762
21108  -16.100  -62.423  -4.905 1.0000000000
21997  -16.278  -61.312  -6.295 1.0000000000
24732  -30.090  -58.934  -4.471 0.6000000238
23721  -10.479  -59.466  0.644 0.8999999762
23729  -10.428  -58.934  -0.307 0.8999999762
21939  -13.698  -61.435  -2.178 0.8999999762
21971  -14.606  -61.619  -4.409 1.0000000000
22909  -17.128  -60.400  -7.284 1.0000000000
107301  -29.983  -58.555  -5.929 0.8999999762
24682  -9.518  -58.593  -1.507 0.8000000119
22823  -12.814  -59.991  -2.078 0.8999999762
21982  -15.643  -61.722  -5.525 1.0000000000
118473  -17.274  -61.522  -6.499 1.0000000000
24755  -29.644  -58.624  -6.624 0.8999999762
120549  -8.165  -58.675  -2.398 0.6999999881
23777  -7.940  -59.027  -3.567 0.6000000238
23811  -8.225  -58.915  -6.147 0.6000000238
24767  -16.554  -58.894  -8.062 1.0000000000
25652  -29.442  -57.087  -7.062 0.8999999762
26542  -19.755  -56.610  -9.323 1.0000000000
120061  -21.935  -57.593  -8.808 1.0000000000
24796  -23.143  -58.090  -8.233 1.0000000000
128016  -25.266  -57.575  -7.614 1.0000000000
26523  -28.615  -56.781  -7.625 0.8999999762
117771  -19.321  -56.018  -9.486 0.8999999762
25665  -24.313  -56.748  -8.226 1.0000000000
26521  -26.299  -56.654  -7.723 1.0000000000
24707  -26.149  -57.775  -2.027 0.3000000119
129122  -27.598  -58.068  -0.864 0.4000000060
22808  -12.661  -60.310  -1.236 0.8999999762
25595  -30.156  -58.340  -3.842 0.5000000000
23730  -11.443  -59.261  -0.703 0.8999999762
23746  -12.159  -59.394  -1.489 0.8999999762
120970  -16.944  -60.963  -6.823 1.0000000000
25625  -30.174  -57.861  -5.368 0.8000000119
23744  -10.443  -58.832  -1.076 0.8999999762
23763  -11.888  -58.717  -1.993 0.8999999762
23765  -13.056  -59.613  -2.975 0.8999999762
116670  -13.317  -59.622  -3.790 0.8999999762
22848  -14.311  -60.792  -4.855 1.0000000000
22867  -15.275  -60.991  -6.013 1.0000000000
22884  -15.692  -60.471  -6.610 1.0000000000
24768  -17.258  -59.291  -8.006 1.0000000000
25638  -29.793  -57.823  -6.460 0.8999999762
25574  -8.881  -58.084  -2.829 0.6999999881
25588  -7.983  -58.051  -3.774 0.6000000238
24766  -15.571  -58.777  -7.773 1.0000000000
25660  -17.350  -57.700  -8.815 1.0000000000
26522  -27.687  -57.051  -7.848 0.8999999762
124920  -29.272  -56.367  -7.259 0.8000000119
25685  -21.356  -56.699  -9.248 1.0000000000
121198  -18.961  -56.847  -9.252 1.0000000000
27466  -20.166  -55.969  -9.469 1.0000000000
25648  -25.034  -57.075  -7.804 1.0000000000
26519  -24.990  -56.231  -8.054 1.0000000000
27455  -25.012  -55.393  -8.155 1.0000000000
27445  -26.349  -55.898  -7.876 0.8999999762
111889  -27.903  -56.216  -7.904 0.8000000119
22866  -14.589  -60.590  -5.645 1.0000000000
26500  -30.288  -56.739  -5.432 0.6999999881
116450  -12.556  -58.890  -3.004 0.8999999762
23790  -13.285  -59.147  -4.421 0.8999999762
22847  -13.751  -60.065  -4.442 0.8999999762
23814  -15.282  -59.807  -6.888 1.0000000000
127995  -16.586  -60.153  -7.262 1.0000000000
125300  -29.877  -56.439  -6.601 0.6999999881
27430  -30.428  -55.777  -6.380 0.6999999881
120197  -30.328  -56.619  -5.835 0.6999999881
25591  -10.589  -57.518  -3.734 0.8000000119
24729  -11.595  -57.751  -4.016 0.8999999762
24752  -13.468  -58.426  -6.658 0.8999999762
113508  -28.940  -55.123  -7.545 0.8000000119
27448  -29.523  -55.737  -7.092 0.6999999881
25606  -8.978  -57.348  -4.363 0.6999999881
24738  -8.086  -57.849  -5.081 0.6000000238
24763  -9.046  -58.906  -7.764 0.6000000238
25677  -10.668  -58.033  -9.399 0.5000000000
25659  -16.437  -57.586  -8.786 1.0000000000
25682  -18.198  -57.354  -9.061 1.0000000000
109738  -19.685  -55.217  -9.565 0.8999999762
117772  -18.505  -56.094  -9.481 0.8999999762
27465  -18.835  -55.319  -9.585 0.8000000119
27467  -20.657  -55.053  -9.567 1.0000000000
27468  -21.644  -55.374  -9.528 1.0000000000
26545  -22.446  -55.678  -9.380 1.0000000000
28331  -19.164  -54.466  -9.556 0.8000000119
23802  -14.223  -59.895  -5.933 1.0000000000
24683  -10.515  -58.579  -1.701 0.8999999762
24716  -10.248  -57.800  -2.868 0.8999999762
23812  -13.878  -59.151  -6.227 1.0000000000
24741  -13.278  -58.610  -5.837 0.8999999762
23813  -14.555  -59.537  -6.595 1.0000000000
23836  -14.964  -59.161  -7.206 1.0000000000
108915  -16.099  -59.357  -7.604 1.0000000000
24790  -17.472  -58.630  -8.393 1.0000000000
25609  -11.710  -57.598  -5.002 0.8000000119
24765  -14.637  -58.450  -7.606 0.8999999762
28313  -28.381  -54.480  -7.932 0.6999999881
109276  -9.313  -57.115  -4.999 0.6000000238
25608  -10.761  -57.253  -4.642 0.8999999762
24788  -15.097  -57.983  -8.240 0.8999999762
24789  -16.000  -58.159  -8.362 1.0000000000
25679  -16.063  -56.896  -9.219 0.8999999762
25681  -17.505  -56.918  -9.244 0.8999999762
26541  -17.691  -56.193  -9.495 0.8999999762
122726  -25.070  -54.521  -8.282 0.8999999762
28311  -26.908  -55.167  -8.165 0.8000000119
126084  -8.728  -57.505  -5.910 0.6000000238
25678  -11.205  -57.361  -9.736 0.6000000238
26529  -15.202  -56.599  -9.057 0.8000000119
117518  -17.167  -55.548  -9.631 0.8000000119
29183  -16.929  -53.342  -9.657 0.8000000119
113854  -18.574  -53.755  -9.527 0.8000000119
116706  -21.529  -54.314  -9.570 1.0000000000
28312  -27.490  -54.506  -8.292 0.6999999881
28318  -12.537  -53.862  -9.010 0.6999999881
27461  -14.347  -54.381  -9.120 0.6999999881
29188  -21.930  -53.400  -9.514 0.8999999762
28310  -25.858  -55.022  -8.024 0.8999999762
24717  -11.384  -57.914  -3.088 0.8999999762
24731  -13.160  -58.662  -5.046 0.8999999762
24740  -12.620  -58.045  -5.395 0.8999999762
26499  -10.161  -56.910  -6.076 0.8000000119
25623  -10.860  -56.994  -5.685 0.8000000119
24751  -12.710  -57.901  -6.321 0.8999999762
25637  -12.963  -57.687  -7.096 0.8999999762
25657  -14.687  -57.152  -8.588 0.8999999762
26539  -15.752  -56.050  -9.413 0.8000000119
29998  -19.295  -52.632  -9.578 0.8000000119
114587  -20.589  -53.945  -9.532 0.8999999762
29186  -20.598  -52.998  -9.483 0.8000000119
116841  -21.442  -52.606  -9.517 0.8999999762
29174  -26.157  -53.680  -8.565 0.8999999762
29175  -27.094  -53.781  -8.616 0.6999999881
26498  -9.805  -57.090  -6.347 0.6000000238
26511  -10.827  -56.599  -6.567 0.8000000119
26516  -11.201  -56.086  -7.275 0.8000000119
27458  -11.499  -55.992  -8.780 0.6999999881
26538  -14.891  -55.621  -9.087 0.8000000119
27463  -16.324  -55.441  -9.542 0.8000000119
119069  -22.337  -52.643  -9.452 0.8999999762
29173  -25.156  -53.626  -8.568 0.8999999762
28317  -11.989  -54.020  -8.765 0.6999999881
29182  -15.962  -53.559  -9.634 0.8000000119
30003  -23.405  -51.842  -9.555 0.8000000119
114034  -25.772  -53.066  -8.939 0.8999999762
25647  -14.210  -57.677  -8.026 0.8999999762
25645  -12.622  -56.916  -7.343 0.8000000119
25646  -13.356  -57.277  -7.678 0.8000000119
119966  -11.619  -55.644  -7.393 0.8000000119
112042  -13.460  -55.365  -8.205 0.8000000119
112780  -14.141  -55.133  -8.670 0.8000000119
29997  -18.535  -52.372  -9.803 0.8000000119
30821  -20.496  -51.762  -9.809 0.8000000119
30002  -22.639  -51.935  -9.548 0.8000000119
116132  -26.703  -53.100  -8.917 0.6999999881
27443  -12.098  -55.137  -7.719 0.8000000119
27453  -13.340  -54.283  -8.693 0.6999999881
30835  -17.247  -51.210  -10.471 0.8000000119
29982  -24.927  -52.840  -9.056 0.8000000119
31652  -21.020  -51.248  -10.064 0.6999999881
31654  -22.268  -50.899  -10.011 0.5000000000
26518  -12.888  -56.051  -7.692 0.8000000119
26528  -14.374  -56.176  -8.708 0.8000000119
30000  -20.778  -52.266  -9.574 0.8000000119
30822  -21.352  -51.710  -9.710 0.6000000238
27452  -11.904  -54.688  -8.404 0.6999999881
30836  -18.091  -51.199  -10.577 0.6999999881
31671  -18.363  -50.492  -10.892 0.6000000238
32438  -19.643  -49.786  -11.282 0.6000000238
31653  -21.638  -51.040  -10.029 0.5000000000
31655  -22.943  -50.859  -10.033 0.6000000238
31673  -21.099  -50.648  -10.481 0.5000000000
32441  -22.612  -49.919  -10.750 0.5000000000
33362  -19.120  -48.172  -11.401 0.5000000000
32440  -22.031  -50.033  -10.665 0.5000000000
120068  -19.483  -47.591  -11.449 0.4000000060
32437  -18.612  -49.708  -11.160 0.6000000238
32455  -21.028  -49.408  -11.274 0.5000000000
126669  -21.063  -48.136  -11.512 0.4000000060
35262  -19.353  -46.239  -11.497 0.3000000119
126987  -12.390  -93.055  -4.864 0.6999999881
124  -11.556  -94.511  -2.005 0.8999999762
111378  -11.156  -90.871  -4.210 1.0000000000
114857  -11.571  -91.494  -9.813 1.0000000000
113143  -19.629  -92.513  -19.772 0.5000000000
1129  -11.363  -91.474  -0.592 1.0000000000
1565  -11.551  -90.579  -1.166 1.0000000000
2499  -13.895  -88.929  -5.759 1.0000000000
2547  -14.841  -88.643  -10.243 1.0000000000
2549  -15.815  -87.934  -10.914 1.0000000000
2136  -15.399  -89.317  -14.664 0.8999999762
984  -15.973  -92.237  -21.694 0.8999999762
717  -13.657  -90.582  11.174 0.6000000238
1732  -15.970  -90.710  -18.399 0.8999999762
1504  -8.789  -89.558  2.621 1.0000000000
3001  -15.737  -87.977  -6.916 1.0000000000
2227  -14.937  -89.005  -24.378 0.8000000119
3441  -7.131  -86.468  -2.633 1.0000000000
1451  -11.223  -90.024  8.546 0.8999999762
3624  -16.581  -85.976  -17.101 0.8999999762
2180  -17.096  -89.158  -20.062 0.8999999762
2189  -16.973  -89.408  -20.906 0.8000000119
3474  -17.831  -86.538  -4.986 1.0000000000
3611  -18.897  -85.850  -16.133 0.8999999762
4023  -8.106  -85.746  -1.556 1.0000000000
123319  -9.536  -89.483  8.044 1.0000000000
4590  -12.567  -84.738  -5.870 1.0000000000
5104  -17.232  -83.774  -4.625 1.0000000000
4627  -9.343  -84.257  -8.952 1.0000000000
5178  -20.681  -82.800  -10.224 1.0000000000
5621  -16.050  -82.803  -5.924 1.0000000000
3946  -11.847  -85.734  3.147 1.0000000000
4519  -12.079  -85.140  2.570 1.0000000000
2814  -8.517  -87.380  10.766 1.0000000000
5569  -11.966  -84.218  0.072 1.0000000000
111467  -12.450  -79.236  -8.353 1.0000000000
7442  -12.799  -78.571  -7.747 1.0000000000
5618  -9.131  -82.479  -5.496 1.0000000000
6828  -10.622  -79.905  -6.750 1.0000000000
129519  -9.311  -80.885  -4.992 1.0000000000
6196  -13.713  -82.123  -2.384 1.0000000000
6829  -11.149  -79.790  -7.476 1.0000000000
8060  -13.148  -78.055  -7.108 1.0000000000
7420  -14.897  -79.427  -5.117 1.0000000000
116434  -7.086  -85.213  11.968 0.8000000119
3878  -8.753  -85.947  10.594 1.0000000000
8040  -10.580  -78.362  -3.963 1.0000000000
4479  -13.291  -84.288  6.748 1.0000000000
5540  -14.822  -82.579  3.544 1.0000000000
6785  -9.188  -79.610  -1.789 1.0000000000
129430  -9.183  -79.532  -2.746 1.0000000000
8029  -10.225  -78.270  -3.200 1.0000000000
8704  -11.728  -77.103  -3.870 1.0000000000
5011  -15.689  -82.680  7.170 1.0000000000
4971  -10.162  -83.927  10.528 1.0000000000
4436  -11.785  -84.288  11.319 1.0000000000
122059  -14.266  -83.483  6.506 1.0000000000
8688  -11.274  -77.065  -2.849 1.0000000000
9409  -12.847  -76.012  -2.570 1.0000000000
8690  -14.930  -76.770  -3.046 1.0000000000
6641  -13.198  -80.964  8.314 1.0000000000
6725  -18.895  -81.010  2.665 1.0000000000
10877  -7.327  -74.836  -7.221 0.6000000238
6709  -18.953  -80.473  3.331 1.0000000000
7942  -19.631  -78.650  2.416 1.0000000000
9391  -7.568  -76.153  -0.718 1.0000000000
7248  -7.212  -79.004  6.342 0.8000000119
7265  -7.570  -79.334  6.022 0.8000000119
8676  -21.303  -78.101  -1.460 1.0000000000
119837  -19.262  -78.404  -2.867 1.0000000000
10105  -20.811  -76.377  0.416 1.0000000000
11501  -9.371  -73.438  0.835 1.0000000000
9387  -21.282  -76.672  -0.413 1.0000000000
9398  -21.844  -76.479  -1.656 1.0000000000
9413  -21.953  -76.904  -2.714 1.0000000000
9428  -21.701  -77.161  -3.718 1.0000000000
123471  -18.407  -74.582  -3.295 1.0000000000
11537  -7.290  -73.405  -0.464 1.0000000000
9277  -6.468  -76.754  7.056 0.6999999881
10027  -17.005  -75.365  5.754 1.0000000000
14733  -6.892  -69.706  -0.544 0.8000000119
125876  -21.667  -72.339  -6.629 1.0000000000
10024  -9.250  -75.441  4.917 0.8000000119
15543  -6.736  -69.011  1.172 0.8999999762
13188  -21.050  -71.787  -6.845 1.0000000000
115557  -13.464  -73.763  5.858 0.8999999762
112822  -15.014  -73.616  5.662 1.0000000000
126400  -13.463  -73.270  5.197 0.8999999762
128835  -21.830  -68.975  -6.682 1.0000000000
13093  -19.548  -71.153  1.817 1.0000000000
115953  -12.853  -68.497  -3.419 1.0000000000
16525  -22.561  -67.425  -7.048 1.0000000000
17422  -24.986  -66.333  -7.574 1.0000000000
128412  -19.624  -69.826  -1.648 1.0000000000
15583  -21.311  -68.058  -3.233 0.8000000119
18210  -8.073  -65.876  3.548 0.8999999762
18366  -23.544  -65.815  -7.341 1.0000000000
117498  -17.226  -70.498  0.912 1.0000000000
17341  -22.622  -66.361  -3.796 0.8000000119
19202  -10.853  -65.193  -0.305 1.0000000000
17401  -18.418  -66.620  -6.355 1.0000000000
110178  -22.135  -64.825  -7.321 1.0000000000
18365  -22.919  -65.124  -7.401 1.0000000000
114653  -14.989  -71.020  1.663 0.8999999762
13863  -13.965  -71.097  1.098 0.8000000119
14736  -14.183  -68.726  -1.412 0.8999999762
16408  -19.359  -67.196  1.089 0.6999999881
18346  -19.655  -65.089  -6.502 1.0000000000
20198  -23.118  -63.487  -7.457 1.0000000000
13089  -11.576  -71.082  1.325 0.6999999881
113242  -26.078  -64.043  -2.278 0.8000000119
16393  -18.817  -67.200  1.943 0.6000000238
20181  -21.290  -63.561  -6.874 1.0000000000
22003  -23.720  -61.176  -7.330 1.0000000000
112664  -30.097  -60.665  -6.137 0.8999999762
22891  -22.698  -60.389  -7.424 1.0000000000
23845  -23.454  -59.263  -7.568 1.0000000000
21943  -25.062  -61.112  -1.792 0.6000000238
21925  -26.480  -61.418  -1.209 0.6000000238
22801  -23.349  -60.393  -0.669 0.4000000060
21926  -27.284  -61.520  -1.362 0.6999999881
21959  -28.940  -61.257  -3.200 0.8000000119
22775  -10.358  -60.307  1.552 0.8999999762
22888  -19.412  -61.046  -7.180 1.0000000000
23868  -21.089  -58.792  -8.435 1.0000000000
22811  -24.687  -60.319  -2.001 0.5000000000
23751  -25.079  -59.492  -2.149 0.5000000000
23780  -29.421  -59.890  -3.269 0.6000000238
21077  -14.998  -62.694  -2.865 1.0000000000
25573  -8.154  -58.230  -3.187 0.6000000238
23841  -19.279  -59.838  -7.974 1.0000000000
23867  -20.428  -59.001  -8.412 1.0000000000
24689  -24.866  -58.956  -2.150 0.3000000119
23840  -18.415  -59.861  -7.837 1.0000000000
25589  -8.557  -57.799  -3.667 0.6000000238
109039  -23.078  -55.869  -9.142 1.0000000000
123747  -23.489  -56.457  -8.704 1.0000000000
26486  -30.711  -56.162  -5.104 0.4000000060
24730  -12.570  -58.318  -4.401 0.8999999762
23801  -13.655  -59.402  -5.311 1.0000000000
109624  -17.459  -54.802  -9.631 0.8000000119
28333  -22.342  -54.836  -9.511 1.0000000000
29995  -16.229  -52.813  -9.888 0.6999999881
28314  -29.789  -54.954  -7.012 0.6000000238
29171  -23.590  -53.679  -9.055 0.8999999762
27459  -11.732  -55.390  -9.144 0.6999999881
113388  -17.678  -52.341  -9.899 0.8000000119
29984  -27.108  -52.422  -9.057 0.6999999881
30803  -24.896  -52.167  -9.432 0.6999999881
29983  -26.290  -52.507  -9.257 0.6999999881
32454  -19.959  -49.101  -11.408 0.6000000238
582  -12.488  -93.416  -5.484 0.6999999881
145  -11.938  -93.704  -5.559 0.8000000119
42  -12.360  -95.053  -5.903 0.8000000119
114030  -13.044  -95.399  -6.057 0.8000000119
64  -11.774  -95.062  -7.009 0.8999999762
65  -13.073  -95.085  -7.604 0.8000000119
66  -13.810  -95.140  -8.116 0.8000000119
8  -14.533  -95.626  -8.633 0.8000000119
81  -12.421  -95.115  -10.408 0.8000000119
476  -13.778  -93.094  6.079 0.8000000119
8755  -8.682  -76.959  -7.251 0.6999999881
11564  -6.604  -72.864  -3.113 0.6000000238
11585  -6.342  -73.181  -5.569 0.6999999881
115844  -6.793  -68.987  -0.086 0.8000000119
109996  -6.529  -68.979  -1.000 0.5000000000
114379  -6.606  -68.022  1.144 0.8000000119
17296  -6.504  -66.228  1.305 0.8000000119
19192  -6.515  -64.800  0.950 0.8000000119
116469  -6.389  -63.878  1.387 0.8000000119
113106  -6.555  -64.123  0.076 0.6999999881
13035  -10.471  -71.770  4.305 0.6999999881
119509  -6.247  -62.947  1.997 0.8000000119
21023  -6.604  -62.417  0.309 0.6000000238
21034  -6.591  -62.814  -1.228 0.6000000238
21049  -6.642  -62.469  -2.019 0.5000000000
14750  -17.140  -69.400  -2.410 0.8999999762
117447  -6.866  -61.768  -0.591 0.6000000238
21917  -7.112  -61.600  -0.878 0.5000000000
12259  -11.268  -72.034  2.039 0.6999999881
16441  -16.896  -66.903  -2.320 0.8000000119
16442  -17.821  -66.930  -2.764 0.8000000119
17311  -20.660  -66.422  0.522 0.6999999881
21909  -7.956  -61.052  0.056 0.5000000000
23727  -8.360  -59.204  -0.131 0.6999999881
23800  -8.386  -59.587  -5.060 0.6000000238
24794  -21.386  -58.132  -8.656 1.0000000000
109511  -18.253  -58.790  -8.415 1.0000000000
25613  -30.305  -57.182  -4.755 0.4000000060
110267  -23.670  -55.501  -8.854 1.0000000000
25633  -8.893  -58.371  -6.954 0.6000000238
27460  -12.008  -54.910  -9.621 0.6000000238
29180  -14.495  -53.388  -10.051 0.6999999881
26509  -9.953  -57.204  -6.855 0.6000000238
26514  -10.027  -57.487  -7.523 0.6000000238
29163  -28.722  -53.710  -7.796 0.6000000238
128524  -29.373  -53.679  -7.341 0.6000000238
26515  -10.754  -56.645  -7.448 0.6999999881
27441  -11.207  -56.231  -8.208 0.6999999881
27451  -11.643  -55.313  -8.445 0.6999999881
30804  -26.644  -51.823  -9.429 0.6000000238
29162  -28.274  -53.011  -8.163 0.6000000238
120752  -11.333  -55.882  -7.931 0.6999999881
31670  -17.417  -50.380  -10.773 0.5000000000
127363  -24.522  -51.224  -10.037 0.6000000238
30004  -25.770  -52.005  -9.570 0.6000000238
123465  -17.841  -49.765  -10.949 0.5000000000
33363  -20.367  -48.440  -11.466 0.4000000060
33346  -22.695  -49.266  -11.194 0.5000000000
34334  -20.417  -47.717  -11.522 0.3000000119
11572  -6.423  -73.001  -4.069 0.6999999881
32435  -16.884  -50.096  -10.969 0.5000000000
70  -11.734  -94.520  -7.913 0.8999999762
78  -13.659  -96.065  -10.014 0.8000000119
18  -14.455  -96.465  -9.638 0.8000000119
83  -13.623  -96.015  -10.453 0.8000000119
25  -15.444  -97.033  -10.040 0.6999999881
85  -15.224  -96.622  -10.776 0.6999999881
117420  -11.935  -94.963  -10.671 0.8000000119
176  -11.316  -94.444  -10.400 0.8999999762
114348  -12.770  -95.341  -10.714 0.8000000119
110730  -12.446  -95.219  -10.712 0.8000000119
101  -12.265  -94.573  -12.682 0.8000000119
102  -12.753  -94.409  -12.983 0.8000000119
98  -12.947  -94.201  -11.898 0.6999999881
108299  -11.320  -94.243  -12.088 0.8999999762
96  -12.223  -94.790  -11.479 0.8000000119
569  -13.983  -93.498  -2.670 0.6999999881
584  -14.016  -92.663  -3.472 0.6000000238
110126  -11.458  -93.523  -4.944 1.0000000000
180  -13.845  -94.625  -10.959 0.6000000238
103  -13.301  -94.242  -13.384 0.6999999881
99  -13.819  -95.088  -10.900 0.6000000238
383  -14.050  -93.467  -12.977 0.6999999881
119903  -14.365  -92.914  -12.579 0.5000000000
109962  -14.694  -93.938  -14.832 0.6999999881
527  -13.368  -93.529  1.704 0.8000000119
112573  -11.301  -93.483  -5.094 1.0000000000
152  -10.581  -93.976  -5.940 1.0000000000
91  -15.251  -95.838  -10.810 0.6000000238
384  -15.024  -93.614  -13.960 0.6999999881
392  -15.866  -93.532  -14.488 0.6999999881
382  -10.869  -93.911  -13.313 1.0000000000
400  -12.414  -94.172  -15.554 0.8999999762
201  -11.924  -94.301  -15.023 0.8999999762
404  -11.465  -93.652  -15.455 1.0000000000
204  -14.645  -93.827  -15.381 0.8000000119
408  -14.035  -93.562  -16.608 0.8000000119
764  -13.522  -92.995  5.079 0.8000000119
754  -14.358  -92.499  6.159 0.6000000238
1497  -13.153  -90.993  4.475 0.6999999881
1077  -13.230  -92.125  4.727 0.8999999762
813  -14.346  -92.985  0.470 0.6999999881
107  -12.103  -94.640  1.540 0.8999999762
157  -10.042  -93.926  -6.655 1.0000000000
164  -10.353  -93.715  -8.381 1.0000000000
666  -17.160  -93.043  -13.798 0.6000000238
386  -17.753  -93.409  -14.145 0.6000000238
191  -11.874  -94.441  -14.276 0.8000000119
190  -11.224  -94.206  -13.825 1.0000000000
196  -16.593  -93.482  -14.922 0.6000000238
207  -18.128  -93.794  -15.509 0.6000000238
413  -14.239  -93.490  -17.548 0.8000000119
129350  -15.850  -93.699  -17.870 0.6999999881
124694  -15.380  -93.882  -18.533 0.8000000119
108090  -11.882  -91.839  2.519 0.8999999762
142  -10.866  -93.457  -5.202 1.0000000000
108159  -13.073  -95.408  -6.361 0.8000000119
663  -10.918  -93.475  -14.155 1.0000000000
680  -11.965  -93.028  -17.070 1.0000000000
122773  -12.842  -93.326  -17.848 0.8999999762
108990  -16.634  -93.682  -17.473 0.6999999881
122491  -17.335  -93.672  -20.540 0.8000000119
223  -16.998  -93.978  -18.435 0.6999999881
686  -13.618  -93.465  -19.538 0.8999999762
425  -13.857  -93.854  -19.642 0.8999999762
440  -14.988  -93.546  -20.644 0.8999999762
427  -15.128  -94.262  -19.851 0.8999999762
442  -16.792  -93.448  -21.155 0.8000000119
112346  -11.472  -91.858  2.967 0.8999999762
490  -13.428  -93.111  5.434 0.8999999762
254  -11.043  -93.789  2.338 0.8999999762
124565  -11.938  -92.411  2.450 0.8999999762
580  -10.492  -92.310  -4.623 1.0000000000
581  -10.591  -92.416  -3.875 1.0000000000
853  -10.159  -92.036  -5.023 1.0000000000
292  -10.949  -93.333  -2.539 1.0000000000
568  -10.818  -92.856  -2.582 1.0000000000
311  -10.470  -92.669  -5.188 1.0000000000
1180  -9.960  -91.847  -6.824 1.0000000000
283  -11.375  -93.485  -1.530 0.8999999762
609  -10.065  -92.847  -6.770 1.0000000000
270  -11.423  -93.379  0.346 0.8999999762
262  -10.978  -93.894  1.633 0.8999999762
886  -10.045  -92.812  -8.319 1.0000000000
621  -9.999  -93.283  -8.770 1.0000000000
1200  -12.018  -91.024  -9.540 1.0000000000
636  -10.104  -92.974  -9.962 1.0000000000
896  -10.929  -91.915  -9.676 1.0000000000
1672  -9.684  -91.145  -12.083 0.6000000238
1211  -7.903  -91.231  -10.540 0.5000000000
126344  -10.352  -90.179  -10.723 0.6999999881
2115  -11.300  -89.792  -12.294 0.6999999881
923  -11.039  -92.930  -12.700 1.0000000000
1684  -11.421  -90.014  -13.695 0.8000000119
2124  -12.292  -89.050  -13.138 0.8000000119
2142  -12.314  -89.362  -14.934 0.8000000119
2141  -11.801  -89.825  -15.521 0.8000000119
3114  -14.214  -87.823  -15.321 0.8999999762
2158  -11.749  -89.873  -17.334 0.6999999881
123494  -18.865  -93.624  -19.967 0.6999999881
430  -19.911  -93.140  -19.108 0.6000000238
445  -18.938  -93.356  -20.372 0.6999999881
453  -18.160  -92.745  -22.060 0.8000000119
696  -17.422  -92.543  -23.273 0.8000000119
110916  -16.624  -91.647  -22.918 0.8000000119
459  -14.298  -92.437  8.377 0.6999999881
235  -13.357  -93.025  6.452 0.8999999762
488  -11.601  -92.833  4.720 0.8999999762
474  -12.270  -92.978  6.046 0.8999999762
257  -12.826  -93.535  2.016 0.8999999762
124760  -11.721  -90.254  -4.835 1.0000000000
510  -10.466  -92.203  2.905 0.8999999762
525  -10.177  -92.980  1.420 0.8999999762
914  -11.062  -92.623  -11.747 1.0000000000
936  -11.258  -92.886  -13.528 1.0000000000
111846  -12.498  -91.845  -13.449 1.0000000000
1241  -13.218  -90.804  -12.740 1.0000000000
1267  -13.846  -91.237  -15.641 0.8999999762
1278  -14.161  -91.208  -16.425 0.8999999762
112241  -13.631  -91.608  -17.061 0.8999999762
118367  -12.145  -92.640  -17.278 1.0000000000
1238  -9.470  -91.485  -12.894 0.6000000238
1683  -10.686  -90.708  -13.842 0.6999999881
1257  -10.208  -91.238  -14.396 0.8000000119
964  -12.073  -92.914  -17.595 1.0000000000
941  -8.336  -92.188  -14.611 0.5000000000
1256  -9.538  -91.705  -14.604 0.5000000000
1265  -9.747  -91.571  -15.942 0.5000000000
1699  -10.670  -90.862  -15.685 0.6000000238
118024  -13.060  -88.530  -18.980 0.8000000119
2650  -13.537  -88.239  -18.360 0.8999999762
971  -13.634  -92.344  -19.001 0.8999999762
1343  -17.108  -90.507  -25.233 0.8000000119
1792  -16.265  -89.112  -25.209 0.8000000119
1340  -17.779  -91.007  -25.230 0.8000000119
1339  -18.583  -90.958  -23.902 0.6999999881
1342  -18.583  -90.750  -24.638 0.6999999881
1341  -18.311  -91.122  -24.910 0.6999999881
1795  -18.438  -89.708  -25.197 0.6000000238
455  -14.025  -91.696  8.959 0.8000000119
115385  -13.688  -92.674  7.422 0.8000000119
543  -11.606  -92.739  -0.813 0.8999999762
556  -11.282  -92.620  -1.708 1.0000000000
1581  -11.258  -90.842  -3.733 1.0000000000
534  -10.587  -92.930  0.844 1.0000000000
129635  -12.294  -90.907  -10.008 1.0000000000
1658  -13.345  -90.360  -11.850 1.0000000000
1287  -14.485  -91.306  -17.355 0.8999999762
124219  -15.251  -91.106  -17.971 0.8999999762
1303  -14.807  -92.150  -20.056 0.8999999762
1721  -10.354  -90.967  -17.107 0.5000000000
126857  -8.702  -91.032  -18.352 0.5000000000
112130  -10.328  -90.717  -17.873 0.5000000000
1731  -11.158  -90.269  -18.043 0.6000000238
126878  -12.419  -89.079  -19.308 0.6999999881
2179  -12.789  -88.787  -19.868 0.6999999881
2657  -13.509  -88.161  -19.786 0.6999999881
123707  -18.917  -90.629  -23.574 0.5000000000
1335  -16.753  -90.999  -23.382 0.8000000119
820  -11.166  -91.976  0.058 1.0000000000
1139  -11.509  -91.220  -1.415 1.0000000000
1572  -11.657  -90.744  -2.147 1.0000000000
2029  -12.553  -89.623  -4.606 1.0000000000
129131  -14.466  -89.245  -12.010 0.8999999762
3130  -14.265  -87.880  -16.312 0.8999999762
1288  -15.312  -91.399  -18.806 0.8999999762
1730  -10.367  -90.478  -18.735 0.5000000000
2188  -13.208  -88.502  -20.540 0.6999999881
1321  -16.281  -91.687  -21.615 0.8999999762
2204  -12.052  -89.734  -22.210 0.6999999881
1751  -9.631  -90.176  -20.372 0.5000000000
2244  -17.388  -88.999  -26.004 0.6999999881
2011  -12.479  -89.357  -2.538 1.0000000000
1996  -11.685  -89.828  -1.132 1.0000000000
2030  -13.272  -88.905  -4.244 1.0000000000
2558  -14.834  -88.691  -10.930 1.0000000000
2102  -14.305  -89.259  -11.259 0.8999999762
2126  -15.362  -89.081  -13.789 0.8999999762
116433  -13.184  -90.988  8.535 0.8000000119
2916  -7.101  -87.422  1.394 1.0000000000
2938  -6.461  -86.704  -0.857 1.0000000000
1043  -12.016  -90.818  7.045 0.8999999762
2466  -7.154  -88.252  -2.613 1.0000000000
2423  -7.200  -88.685  1.082 1.0000000000
798  -9.224  -92.096  1.208 1.0000000000
2490  -15.175  -87.960  -4.757 1.0000000000
1114  -8.905  -91.637  0.227 1.0000000000
1547  -10.045  -90.364  0.120 1.0000000000
3002  -16.450  -87.513  -6.558 1.0000000000
2524  -8.436  -88.788  -8.060 0.6999999881
2062  -10.038  -89.069  -8.472 0.6999999881
3016  -9.521  -86.976  -7.911 0.6999999881
2560  -15.993  -87.914  -11.623 0.8999999762
2075  -10.469  -89.432  -9.435 0.6999999881
4179  -16.346  -85.234  -12.916 0.8999999762
4728  -17.463  -84.540  -14.332 0.8999999762
4656  -6.448  -84.519  -10.472 0.6999999881
3115  -15.017  -87.124  -15.211 0.8999999762
3116  -15.291  -86.923  -16.177 0.8999999762
3633  -15.971  -86.427  -17.371 0.8999999762
3143  -18.218  -86.639  -17.457 0.8999999762
3654  -16.969  -86.966  -19.198 0.8999999762
1733  -16.677  -90.001  -18.262 0.8999999762
3169  -15.201  -87.735  -20.848 0.8000000119
1762  -17.082  -90.019  -21.408 0.8999999762
3168  -14.790  -87.549  -20.442 0.8000000119
2671  -15.321  -88.131  -21.474 0.8000000119
2205  -13.493  -89.176  -22.632 0.6999999881
2677  -14.699  -88.454  -22.023 0.8000000119
1785  -16.400  -89.668  -24.105 0.8000000119
2213  -14.354  -89.197  -23.885 0.8000000119
1784  -15.753  -89.151  -24.488 0.8000000119
2203  -11.163  -89.672  -22.443 0.5000000000
122926  -12.511  -89.390  -23.473 0.6000000238
1788  -15.058  -88.848  -24.811 0.8000000119
108197  -15.299  -88.662  -25.507 0.6999999881
2211  -11.420  -89.253  -23.403 0.5000000000
2225  -12.598  -89.013  -24.336 0.6999999881
126490  -13.287  -88.975  -24.630 0.6999999881
2210  -10.579  -89.251  -23.081 0.5000000000
2707  -13.848  -88.111  -25.988 0.6000000238
2713  -14.889  -88.241  -26.222 0.6000000238
3200  -13.120  -86.685  -26.796 0.5000000000
3732  -16.006  -86.640  -26.531 0.4000000060
124746  -12.107  -90.623  11.706 0.8000000119
1030  -12.180  -90.553  9.681 0.8000000119
2477  -7.329  -87.944  -3.182 1.0000000000
1474  -11.232  -89.945  6.463 0.8999999762
1936  -9.912  -89.618  4.511 1.0000000000
1063  -10.375  -90.963  5.044 0.8999999762
1527  -7.865  -90.897  0.368 1.0000000000
1564  -8.000  -90.158  -1.144 1.0000000000
2456  -12.979  -87.692  -1.544 1.0000000000
2985  -15.768  -87.483  -4.246 1.0000000000
129535  -17.481  -86.558  -8.544 1.0000000000
3003  -17.064  -86.996  -6.205 1.0000000000
3086  -16.876  -87.624  -12.845 0.8999999762
4199  -17.736  -84.645  -15.236 0.8999999762
118691  -19.605  -84.871  -14.305 0.8999999762
5203  -19.245  -83.744  -14.128 0.8999999762
114018  -17.503  -88.196  -17.316 0.8999999762
107705  -11.122  -90.449  12.976 0.6000000238
1026  -11.413  -90.524  10.180 0.8000000119
3997  -7.110  -85.098  0.094 1.0000000000
125668  -6.651  -85.623  0.359 1.0000000000
108918  -7.497  -86.657  5.172 1.0000000000
2982  -10.347  -87.756  -4.789 1.0000000000
3470  -10.050  -86.806  -6.007 1.0000000000
4558  -14.914  -85.242  -2.766 1.0000000000
3453  -13.723  -85.571  -3.506 1.0000000000
1995  -8.937  -89.203  -1.087 1.0000000000
2939  -11.083  -87.826  -0.373 1.0000000000
2967  -15.128  -86.599  -2.681 1.0000000000
4026  -13.709  -85.953  -1.770 1.0000000000
3498  -18.181  -86.068  -7.485 1.0000000000
1016  -10.797  -90.410  11.834 0.6999999881
126788  -9.491  -84.865  -1.948 1.0000000000
4588  -11.008  -85.109  -5.808 1.0000000000
3461  -12.858  -86.653  -4.637 1.0000000000
4052  -14.940  -85.131  -4.096 1.0000000000
4042  -18.119  -85.210  -3.465 1.0000000000
3446  -15.444  -85.974  -2.512 1.0000000000
4104  -18.737  -85.701  -8.121 1.0000000000
115801  -16.761  -84.438  -10.602 1.0000000000
5148  -6.153  -83.584  -8.597 0.6999999881
5116  -11.995  -83.873  -5.309 1.0000000000
4592  -15.222  -84.284  -5.708 1.0000000000
120985  -17.207  -83.027  -8.840 1.0000000000
4648  -20.814  -83.391  -9.676 1.0000000000
5177  -18.879  -82.741  -10.814 1.0000000000
5699  -19.800  -82.809  -12.218 1.0000000000
1848  -9.190  -88.628  13.080 0.6000000238
4640  -9.669  -84.758  -9.399 1.0000000000
4143  -19.639  -84.940  -11.966 1.0000000000
110970  -9.850  -87.247  14.974 0.5000000000
1882  -8.299  -88.780  10.209 1.0000000000
3328  -8.189  -86.665  7.461 1.0000000000
5082  -10.431  -83.771  -1.252 1.0000000000
6210  -13.779  -82.077  -3.865 1.0000000000
123420  -14.611  -81.994  -6.426 1.0000000000
5637  -16.046  -81.780  -6.401 1.0000000000
109130  -13.068  -80.560  -10.285 1.0000000000
7444  -14.970  -79.491  -8.555 1.0000000000
6243  -14.763  -80.637  -7.444 1.0000000000
6854  -17.286  -79.794  -8.332 1.0000000000
6832  -17.302  -80.321  -7.182 1.0000000000
6219  -17.773  -81.243  -5.800 1.0000000000
6855  -17.568  -79.654  -9.236 1.0000000000
6235  -19.828  -81.626  -6.313 1.0000000000
5661  -20.744  -82.263  -8.009 1.0000000000
4618  -8.412  -85.235  -7.675 1.0000000000
2775  -9.615  -86.737  14.230 0.6000000238
2784  -8.803  -87.254  12.749 0.6000000238
3318  -8.438  -86.911  8.247 1.0000000000
114435  -8.387  -88.348  10.933 1.0000000000
2837  -8.331  -87.492  8.964 1.0000000000
6276  -15.466  -80.764  -10.506 1.0000000000
6278  -17.139  -80.354  -10.219 1.0000000000
2785  -9.194  -86.433  13.460 0.6000000238
2838  -9.020  -87.401  8.936 1.0000000000
3284  -8.236  -86.762  11.852 0.8000000119
2824  -8.667  -87.550  10.035 1.0000000000
6819  -14.430  -79.804  -6.223 1.0000000000
7443  -14.389  -79.243  -8.091 1.0000000000
7432  -14.657  -78.920  -7.164 1.0000000000
2865  -11.937  -87.315  6.656 1.0000000000
6195  -12.801  -83.021  -1.955 1.0000000000
6204  -14.180  -81.471  -3.706 1.0000000000
126499  -14.407  -80.592  -4.308 1.0000000000
8073  -13.656  -78.428  -7.624 1.0000000000
7421  -14.955  -78.589  -6.125 1.0000000000
8062  -14.605  -78.164  -6.621 1.0000000000
7441  -11.907  -79.115  -7.619 1.0000000000
7410  -10.959  -78.814  -5.166 1.0000000000
123497  -8.224  -86.568  12.247 0.8000000119
2826  -10.500  -87.674  9.888 1.0000000000
110258  -7.952  -86.147  11.514 1.0000000000
3295  -8.730  -86.807  10.768 1.0000000000
2815  -9.104  -87.303  10.166 1.0000000000
123423  -12.909  -85.169  6.923 1.0000000000
128786  -12.801  -83.851  2.406 1.0000000000
111465  -7.610  -84.858  10.497 1.0000000000
4449  -12.708  -84.885  10.710 1.0000000000
6144  -12.423  -83.767  0.645 1.0000000000
110333  -12.695  -82.902  -0.269 1.0000000000
6817  -10.158  -80.065  -5.949 1.0000000000
6796  -14.399  -81.089  -2.541 1.0000000000
8742  -13.335  -77.658  -6.295 1.0000000000
108403  -14.739  -80.222  -3.043 1.0000000000
5517  -15.689  -82.622  6.117 1.0000000000
4974  -12.532  -84.116  11.067 1.0000000000
5523  -12.970  -83.432  4.382 1.0000000000
5025  -12.574  -83.391  4.634 1.0000000000
6129  -13.288  -82.922  1.703 1.0000000000
6108  -13.384  -83.128  2.489 1.0000000000
5538  -13.277  -83.092  3.666 1.0000000000
5515  -13.462  -83.066  5.024 1.0000000000
108756  -13.868  -81.842  0.960 1.0000000000
6194  -8.740  -80.435  -3.190 1.0000000000
117517  -8.437  -79.992  -2.041 1.0000000000
6182  -8.201  -80.067  -2.268 1.0000000000
127869  -6.960  -79.406  -3.021 1.0000000000
5506  -15.886  -82.460  8.169 1.0000000000
5010  -13.549  -83.767  6.265 1.0000000000
4976  -14.389  -83.005  10.270 1.0000000000
10773  -7.802  -74.646  2.702 1.0000000000
109759  -7.827  -75.371  2.768 1.0000000000
123753  -15.428  -82.342  3.191 1.0000000000
117292  -15.284  -81.241  1.383 1.0000000000
7322  -7.722  -78.258  0.197 1.0000000000
7341  -8.323  -78.913  -0.375 1.0000000000
8030  -10.926  -77.735  -3.468 1.0000000000
6180  -8.062  -79.337  -1.379 1.0000000000
6616  -10.883  -80.898  11.183 0.5000000000
6626  -9.920  -80.431  10.652 0.6000000238
6018  -6.709  -81.700  11.022 0.8000000119
6032  -10.872  -81.862  8.148 1.0000000000
127274  -10.584  -80.769  6.296 1.0000000000
106976  -17.292  -81.884  3.169 1.0000000000
6111  -15.613  -82.081  2.569 1.0000000000
6132  -16.534  -81.860  2.455 1.0000000000
111361  -11.843  -76.256  2.282 1.0000000000
8625  -9.714  -78.023  2.106 1.0000000000
9373  -12.616  -76.164  1.311 1.0000000000
10087  -14.468  -75.356  1.807 1.0000000000
7374  -9.505  -78.761  -2.019 1.0000000000
8002  -9.719  -78.340  -1.405 1.0000000000
8015  -6.996  -78.574  -2.600 1.0000000000
10177  -7.901  -75.511  -7.704 0.6000000238
7219  -7.230  -79.819  9.719 0.6999999881
5492  -11.203  -82.173  9.135 1.0000000000
6097  -18.260  -81.171  4.359 1.0000000000
109412  -7.920  -73.166  2.804 1.0000000000
11492  -7.132  -73.206  3.256 1.0000000000
10084  -11.880  -75.466  2.106 1.0000000000
10795  -12.248  -74.873  1.641 1.0000000000
6147  -16.879  -81.479  1.617 1.0000000000
6146  -16.196  -81.218  1.448 1.0000000000
118210  -14.985  -75.224  1.959 1.0000000000
10088  -15.195  -75.622  1.464 1.0000000000
8648  -15.390  -77.215  0.958 1.0000000000
119327  -7.335  -77.680  -1.805 1.0000000000
9406  -7.872  -76.937  -2.157 1.0000000000
6063  -8.303  -80.494  7.089 1.0000000000
6623  -6.987  -80.565  10.363 0.8000000119
120432  -8.715  -82.318  8.004 1.0000000000
7286  -18.392  -79.838  4.607 1.0000000000
122417  -6.801  -73.660  2.929 1.0000000000
6148  -17.580  -81.289  0.964 1.0000000000
6724  -16.078  -80.165  1.449 1.0000000000
7310  -15.830  -79.398  1.676 1.0000000000
7879  -6.747  -78.355  6.852 0.8000000119
109667  -7.488  -80.461  8.021 0.8999999762
7275  -17.492  -79.435  5.579 1.0000000000
6726  -19.247  -80.358  2.594 1.0000000000
11523  -13.623  -73.830  1.171 1.0000000000
7346  -19.918  -79.908  0.155 1.0000000000
11491  -6.492  -73.465  2.529 1.0000000000
11504  -15.866  -73.968  1.475 1.0000000000
11524  -14.433  -73.608  1.026 1.0000000000
108947  -18.496  -80.872  -0.039 1.0000000000
6773  -17.865  -80.558  -0.141 1.0000000000
7364  -19.549  -79.968  -0.703 1.0000000000
7347  -20.700  -78.764  0.084 1.0000000000
7992  -17.831  -78.847  -0.504 1.0000000000
9385  -18.073  -76.266  -0.380 1.0000000000
120100  -18.131  -76.982  -0.950 1.0000000000
8661  -18.118  -77.937  -0.992 1.0000000000
112695  -16.706  -76.312  2.000 1.0000000000
10127  -8.146  -75.123  -4.082 0.8999999762
8572  -15.783  -77.794  6.365 1.0000000000
8571  -14.905  -78.006  6.843 1.0000000000
10834  -17.607  -74.408  -1.348 1.0000000000
10835  -18.040  -74.705  -1.685 1.0000000000
9386  -18.209  -76.297  -1.302 1.0000000000
10104  -17.669  -75.384  -0.003 1.0000000000
10826  -17.335  -74.583  -0.433 1.0000000000
11518  -6.513  -73.449  1.133 1.0000000000
10799  -16.292  -74.600  1.782 1.0000000000
8005  -18.442  -78.437  -1.903 1.0000000000
7377  -18.755  -79.262  -1.690 1.0000000000
8021  -19.616  -78.837  -2.570 1.0000000000
8022  -20.340  -78.722  -2.621 1.0000000000
9362  -17.239  -76.813  1.663 1.0000000000
8693  -20.692  -78.184  -3.289 1.0000000000
8707  -19.710  -77.619  -4.087 1.0000000000
9427  -19.309  -76.825  -4.309 1.0000000000
122800  -7.205  -74.772  -0.141 1.0000000000
10108  -7.419  -75.392  -0.388 1.0000000000
9303  -16.093  -76.889  6.260 1.0000000000
8583  -18.489  -77.374  3.747 1.0000000000
9292  -13.710  -76.395  7.133 1.0000000000
8595  -19.056  -77.414  3.158 1.0000000000
12297  -12.266  -72.958  -1.157 1.0000000000
12300  -14.919  -73.141  -0.973 1.0000000000
11553  -17.241  -73.815  -1.903 1.0000000000
10822  -17.143  -74.687  0.595 1.0000000000
9412  -18.699  -77.015  -2.844 1.0000000000
8691  -18.732  -78.022  -2.600 1.0000000000
10841  -18.272  -74.828  -2.497 1.0000000000
8734  -20.265  -76.900  -5.104 1.0000000000
9451  -20.411  -76.427  -5.479 1.0000000000
11519  -6.933  -73.738  0.368 1.0000000000
10840  -7.800  -74.262  -2.851 1.0000000000
8553  -6.578  -77.534  6.528 0.6999999881
8566  -8.312  -77.735  5.753 0.8000000119
118847  -16.716  -76.086  6.127 1.0000000000
120412  -17.867  -75.900  4.753 1.0000000000
116157  -19.697  -76.433  2.325 1.0000000000
13844  -6.184  -70.540  3.293 0.8999999762
9364  -20.488  -77.003  1.024 1.0000000000
11560  -18.092  -74.015  -2.955 1.0000000000
8662  -21.221  -77.724  -0.625 1.0000000000
123647  -6.251  -70.923  2.282 1.0000000000
8663  -21.603  -77.202  -1.165 1.0000000000
13102  -7.106  -72.181  0.251 1.0000000000
12294  -7.191  -72.599  -0.606 1.0000000000
11550  -7.314  -73.171  -1.458 1.0000000000
9287  -6.761  -76.027  6.705 0.6999999881
10724  -12.694  -74.906  6.596 1.0000000000
10742  -13.468  -74.446  6.510 1.0000000000
108909  -6.419  -69.886  3.861 0.8999999762
10777  -19.498  -75.130  2.643 1.0000000000
121010  -13.682  -72.688  -1.620 1.0000000000
110681  -20.630  -75.406  0.672 1.0000000000
10828  -21.071  -74.973  -0.091 1.0000000000
11555  -21.782  -73.203  -1.289 1.0000000000
11561  -22.020  -73.653  -2.037 1.0000000000
113753  -21.862  -75.377  -1.731 1.0000000000
12328  -16.464  -72.243  -3.485 1.0000000000
108189  -22.000  -76.261  -3.359 1.0000000000
10842  -22.230  -74.174  -2.825 1.0000000000
10169  -20.978  -75.022  -6.146 1.0000000000
107780  -21.747  -76.524  -4.324 1.0000000000
126175  -21.365  -76.631  -4.988 1.0000000000
10863  -19.484  -74.954  -5.690 1.0000000000
11578  -22.555  -73.672  -4.523 1.0000000000
11591  -22.300  -73.426  -5.416 1.0000000000
11569  -22.814  -73.260  -3.630 1.0000000000
13173  -23.104  -72.276  -5.539 1.0000000000
13146  -23.777  -71.934  -3.319 1.0000000000
12376  -22.324  -72.356  -6.205 1.0000000000
13980  -23.375  -71.472  -5.937 1.0000000000
13981  -24.372  -71.440  -5.223 1.0000000000
11603  -21.064  -73.707  -6.593 1.0000000000
13172  -19.394  -71.406  -6.277 1.0000000000
13993  -20.794  -70.866  -6.695 1.0000000000
12301  -21.511  -72.738  -0.534 1.0000000000
12285  -21.239  -72.364  0.172 1.0000000000
12321  -22.298  -72.968  -1.932 1.0000000000
12322  -22.783  -72.773  -2.660 1.0000000000
13144  -16.835  -71.955  -4.088 1.0000000000
108960  -25.469  -70.341  -5.491 1.0000000000
12344  -18.394  -72.510  -5.008 1.0000000000
13996  -23.954  -70.705  -6.079 1.0000000000
107654  -25.773  -68.731  -7.119 1.0000000000
11448  -8.838  -73.512  5.037 0.6000000238
12204  -9.747  -72.392  5.755 0.6000000238
12246  -18.830  -73.178  3.234 1.0000000000
11506  -20.257  -73.847  1.283 1.0000000000
120348  -20.940  -70.732  1.045 1.0000000000
11546  -20.954  -73.994  -0.140 1.0000000000
126696  -6.397  -66.763  1.987 0.8000000119
126663  -24.630  -70.218  -2.020 1.0000000000
112367  -24.056  -70.086  -1.334 1.0000000000
13933  -24.726  -70.677  -2.801 1.0000000000
14796  -26.519  -69.404  -5.109 1.0000000000
14781  -25.707  -70.032  -3.576 1.0000000000
13978  -18.508  -70.378  -5.929 1.0000000000
108605  -20.314  -69.116  -6.527 1.0000000000
111272  -27.353  -68.883  -7.851 1.0000000000
12245  -18.294  -72.841  3.483 1.0000000000
12262  -18.146  -72.276  3.156 1.0000000000
16385  -8.603  -67.643  3.084 0.8999999762
16372  -8.016  -67.382  3.790 0.8999999762
12275  -20.251  -72.842  1.430 1.0000000000
11528  -20.627  -73.466  0.626 1.0000000000
13094  -20.398  -71.154  1.424 1.0000000000
12284  -20.793  -72.573  0.724 1.0000000000
109204  -5.970  -67.358  3.904 0.8999999762
110487  -5.971  -65.914  3.477 0.8999999762
112354  -6.233  -66.064  2.443 0.8000000119
13891  -21.577  -70.651  0.498 1.0000000000
13909  -22.864  -70.011  -0.386 1.0000000000
18220  -6.003  -65.164  2.886 0.8999999762
13910  -23.466  -69.752  -0.783 1.0000000000
14767  -25.212  -69.949  -2.481 1.0000000000
19149  -6.465  -64.226  3.835 0.8999999762
16459  -24.507  -67.344  -1.959 0.8999999762
14777  -13.290  -69.417  -3.606 1.0000000000
15597  -26.278  -69.331  -3.771 1.0000000000
15586  -26.676  -67.747  -3.234 1.0000000000
16484  -27.300  -68.006  -4.770 1.0000000000
16507  -27.389  -68.076  -5.935 1.0000000000
14823  -18.787  -69.269  -6.319 1.0000000000
18329  -28.674  -66.177  -6.108 1.0000000000
114616  -25.286  -63.094  -7.471 1.0000000000
12241  -14.199  -71.942  3.538 0.8999999762
16371  -7.229  -67.203  4.482 0.8999999762
123432  -9.040  -67.303  2.355 1.0000000000
122105  -6.119  -66.562  4.036 0.8999999762
16417  -9.792  -67.897  1.052 1.0000000000
14726  -20.686  -69.522  0.129 1.0000000000
117456  -21.803  -69.434  -0.037 1.0000000000
14742  -23.086  -69.285  -0.616 1.0000000000
123250  -6.218  -65.786  3.992 0.8999999762
19124  -6.597  -64.838  4.086 0.8999999762
16429  -10.490  -68.067  -0.286 1.0000000000
13868  -19.692  -70.418  1.318 1.0000000000
15567  -22.748  -68.418  -1.030 1.0000000000
15584  -22.207  -67.818  -2.583 1.0000000000
19151  -7.573  -63.988  3.668 0.8999999762
124206  -6.532  -65.834  -0.160 0.6000000238
17309  -10.011  -66.466  0.357 1.0000000000
16461  -26.513  -66.971  -2.890 0.8999999762
19201  -6.604  -64.728  -0.903 0.6000000238
14761  -11.927  -68.939  -2.442 1.0000000000
15564  -16.160  -67.567  -2.529 0.8000000119
108268  -16.651  -66.861  -0.643 0.8000000119
15579  -16.971  -67.618  -3.076 0.8999999762
14751  -18.164  -69.848  -2.263 1.0000000000
15580  -17.889  -67.882  -3.540 0.8000000119
17357  -27.123  -66.498  -3.315 0.8999999762
17370  -27.940  -66.868  -4.989 1.0000000000
18309  -28.890  -65.493  -5.227 0.8999999762
15637  -22.134  -68.305  -6.821 1.0000000000
110099  -19.327  -68.104  -6.510 1.0000000000
16538  -24.383  -67.096  -7.439 1.0000000000
18351  -27.644  -66.186  -7.575 1.0000000000
21144  -26.339  -62.968  -7.631 1.0000000000
13071  -15.312  -71.262  2.508 1.0000000000
123100  -11.334  -71.336  1.722 0.5000000000
13070  -12.910  -72.111  1.972 0.6999999881
13850  -16.560  -71.117  2.089 1.0000000000
13851  -17.200  -70.973  1.802 1.0000000000
118506  -16.918  -70.289  0.029 1.0000000000
14709  -11.925  -69.323  1.030 0.6999999881
13904  -16.694  -70.049  -0.953 1.0000000000
13920  -18.207  -70.134  -1.207 1.0000000000
15556  -21.703  -68.898  -0.640 1.0000000000
14753  -20.249  -69.444  -1.950 1.0000000000
14722  -12.456  -69.310  0.171 0.8000000119
111120  -15.413  -68.246  -2.503 0.8999999762
14749  -16.323  -68.568  -2.865 0.8999999762
16431  -14.831  -67.317  -1.363 0.8000000119
16458  -23.526  -67.069  -2.336 0.8999999762
17343  -24.696  -66.541  -2.306 0.8000000119
16457  -22.621  -67.081  -3.212 0.8000000119
17356  -23.263  -65.986  -3.563 0.8000000119
124159  -24.820  -65.994  -2.447 0.8000000119
20053  -7.717  -63.082  3.481 0.8999999762
16423  -17.720  -67.190  -0.106 0.8000000119
16434  -17.672  -66.727  -1.558 0.8000000119
15566  -21.675  -68.415  -1.936 1.0000000000
15565  -20.787  -68.787  -2.807 1.0000000000
14766  -19.724  -68.915  -3.281 0.8999999762
18276  -26.386  -65.362  -2.649 0.8000000119
21887  -6.781  -61.616  2.462 0.8999999762
17319  -19.836  -66.548  -1.993 0.8000000119
16435  -19.176  -66.736  -1.286 0.8000000119
16455  -20.245  -67.287  -3.496 0.8000000119
113790  -18.367  -66.657  -1.818 0.8000000119
111938  -18.664  -67.361  -3.452 0.8000000119
128725  -18.732  -67.340  0.329 0.6999999881
107731  -20.207  -66.772  -6.748 1.0000000000
20183  -28.478  -64.441  -7.647 1.0000000000
122039  -11.015  -71.049  4.749 0.5000000000
13886  -16.272  -70.478  0.628 1.0000000000
15547  -12.868  -68.336  -0.077 0.6999999881
111998  -18.819  -68.230  -3.715 0.8000000119
15596  -21.050  -67.443  -3.655 0.8000000119
16473  -22.084  -66.797  -3.758 0.8000000119
16421  -15.245  -66.944  -0.342 0.8000000119
16420  -14.064  -67.090  0.114 0.6999999881
16424  -19.400  -67.108  -0.023 0.8000000119
19224  -25.727  -64.765  -2.486 0.8000000119
125243  -6.522  -62.479  1.165 0.8000000119
16391  -17.021  -67.454  1.954 0.6000000238
17288  -20.092  -65.928  2.079 0.5000000000
17310  -19.993  -66.882  0.531 0.6999999881
17320  -20.716  -66.328  -1.440 0.8000000119
17329  -21.096  -66.086  -2.193 0.8000000119
17340  -21.262  -66.264  -3.164 0.8000000119
21897  -7.021  -61.013  0.940 0.8000000119
20111  -6.535  -63.365  -1.913 0.6000000238
19261  -28.937  -64.753  -4.513 0.8999999762
108789  -21.542  -66.267  -7.105 1.0000000000
18349  -22.061  -65.604  -7.250 1.0000000000
19197  -22.170  -64.213  0.229 0.6000000238
20093  -21.973  -63.626  0.629 0.5000000000
18246  -21.919  -65.014  0.148 0.6999999881
19186  -21.189  -64.334  1.348 0.5000000000
21113  -29.805  -63.140  -5.225 0.8999999762
21141  -22.800  -62.660  -7.375 1.0000000000
111095  -22.106  -60.974  -7.293 1.0000000000
115064  -24.518  -63.144  -7.424 1.0000000000
15546  -12.332  -68.610  0.625 0.6000000238
18289  -22.773  -65.585  -3.756 0.8000000119
18271  -22.075  -65.535  -3.352 0.8000000119
18273  -23.981  -65.782  -2.860 0.8000000119
18274  -24.509  -65.444  -2.652 0.8000000119
19240  -23.276  -64.835  -3.528 0.8000000119
16430  -13.667  -67.727  -0.440 0.6999999881
18259  -21.611  -65.551  -2.399 0.8000000119
109485  -21.061  -66.242  -0.363 0.8000000119
19221  -23.101  -64.244  -2.957 0.8000000119
18260  -22.207  -64.877  -2.473 0.8000000119
19222  -23.753  -64.385  -2.981 0.8000000119
20118  -24.284  -63.860  -2.543 0.8000000119
18236  -21.427  -65.075  1.028 0.6000000238
124765  -27.929  -64.257  -3.148 0.8000000119
22792  -7.688  -60.628  0.650 0.5000000000
21097  -29.550  -62.493  -4.064 0.8000000119
19290  -21.748  -64.210  -7.180 1.0000000000
21130  -23.198  -61.890  -7.355 1.0000000000
18252  -22.020  -65.170  -1.149 0.8000000119
19213  -22.480  -64.355  -1.642 0.6999999881
20103  -22.807  -63.742  -1.086 0.6999999881
20116  -22.949  -63.744  -2.153 0.8000000119
115467  -23.570  -63.710  -2.532 0.6999999881
21039  -22.951  -62.989  -0.821 0.6999999881
20117  -23.471  -63.147  -1.977 0.6999999881
127664  -24.810  -63.468  -2.136 0.8000000119
20121  -27.297  -63.320  -2.190 0.8000000119
21060  -27.651  -62.656  -2.092 0.8000000119
19185  -20.433  -64.193  1.833 0.4000000060
119993  -22.308  -62.013  0.411 0.5000000000
21028  -22.163  -62.829  0.511 0.6000000238
18307  -17.624  -65.069  -4.872 1.0000000000
18328  -18.968  -64.864  -6.064 1.0000000000
21111  -18.303  -62.826  -5.673 1.0000000000
21112  -19.067  -62.894  -6.087 1.0000000000
109758  -19.940  -63.054  -6.332 1.0000000000
19289  -20.963  -64.343  -6.872 1.0000000000
22894  -29.959  -61.206  -6.234 0.8999999762
19288  -20.173  -64.407  -6.580 1.0000000000
22914  -21.805  -60.185  -7.591 1.0000000000
22002  -22.929  -61.098  -7.324 1.0000000000
21056  -23.810  -62.394  -1.825 0.6999999881
21057  -24.268  -62.235  -1.913 0.6999999881
115636  -24.948  -62.849  -1.837 0.6999999881
20119  -25.568  -63.429  -1.928 0.8000000119
110761  -25.024  -62.040  -1.703 0.6999999881
21924  -25.819  -61.730  -1.334 0.6999999881
21061  -28.591  -61.945  -2.784 0.8000000119
126204  -22.740  -61.872  -0.139 0.5000000000
20137  -17.433  -63.703  -3.190 1.0000000000
23848  -26.791  -59.338  -7.626 1.0000000000
21923  -23.590  -61.750  -1.351 0.6000000238
22825  -24.302  -61.026  -1.867 0.6000000238
21942  -24.454  -61.583  -1.846 0.6999999881
21945  -28.494  -61.256  -2.314 0.8000000119
21037  -13.805  -62.553  -0.894 0.8999999762
21914  -23.103  -61.292  -0.517 0.4000000060
23791  -29.827  -59.836  -4.335 0.8000000119
24673  -9.215  -58.605  -0.587 0.8999999762
22890  -21.225  -60.961  -7.293 1.0000000000
23738  -23.657  -59.502  -0.954 0.3000000119
111200  -23.633  -61.009  -1.160 0.5000000000
113247  -26.313  -60.205  -1.185 0.6000000238
22813  -26.749  -60.844  -1.047 0.6000000238
109575  -25.454  -60.250  -1.725 0.6000000238
23754  -27.807  -59.944  -1.175 0.6000000238
22814  -27.545  -60.749  -1.241 0.6000000238
23753  -26.836  -59.468  -0.927 0.6000000238
22826  -28.935  -60.440  -2.626 0.6000000238
23768  -28.713  -59.888  -1.709 0.6000000238
21096  -17.549  -62.956  -4.726 1.0000000000
23722  -11.084  -59.433  0.072 0.8999999762
21921  -13.087  -61.102  -0.853 0.8999999762
115829  -30.135  -58.789  -5.320 0.8000000119
22912  -19.813  -60.434  -7.654 1.0000000000
23842  -20.174  -59.760  -8.114 1.0000000000
22824  -13.371  -60.563  -2.594 0.8999999762
22835  -13.556  -60.343  -3.484 1.0000000000
21958  -14.405  -61.856  -3.503 1.0000000000
22887  -18.514  -61.053  -7.120 1.0000000000
22910  -18.025  -60.456  -7.444 1.0000000000
23866  -19.568  -59.139  -8.360 1.0000000000
111724  -18.197  -58.136  -8.697 1.0000000000
25684  -20.566  -56.835  -9.245 1.0000000000
116579  -23.955  -58.721  -7.596 1.0000000000
24771  -23.980  -58.063  -7.834 1.0000000000
25649  -26.351  -57.990  -7.572 1.0000000000
123717  -26.835  -58.594  -7.669 1.0000000000
24775  -27.612  -58.889  -7.673 1.0000000000
25651  -28.339  -57.587  -7.662 0.8999999762
116049  -25.820  -57.286  -7.566 1.0000000000
27446  -27.237  -55.806  -7.996 0.8000000119
24690  -25.521  -58.483  -2.130 0.3000000119
24691  -26.356  -58.625  -1.457 0.3000000119
118582  -27.681  -59.217  -0.949 0.4000000060
24693  -28.238  -58.636  -0.979 0.3000000119
23755  -28.992  -59.081  -1.565 0.4000000060
24694  -29.261  -58.122  -1.365 0.4000000060
21972  -15.318  -62.096  -4.712 1.0000000000
115384  -29.981  -57.961  -1.978 0.5000000000
24720  -29.786  -59.033  -3.336 0.6000000238
25582  -30.132  -58.010  -2.899 0.5000000000
25612  -30.221  -58.142  -4.634 0.6000000238
21981  -14.896  -61.340  -5.263 1.0000000000
23839  -17.586  -59.836  -7.713 1.0000000000
24701  -9.855  -58.290  -2.184 0.8999999762
115989  -30.101  -57.491  -5.825 0.8999999762
23788  -7.950  -59.091  -4.487 0.6000000238
23789  -8.444  -59.540  -4.041 0.6000000238
110571  -16.765  -58.200  -8.486 1.0000000000
26543  -21.036  -56.037  -9.439 1.0000000000
26520  -25.675  -56.478  -7.753 1.0000000000
26532  -24.299  -55.883  -8.406 1.0000000000
115474  -26.832  -57.929  -1.167 0.3000000119
115513  -29.870  -57.236  -1.671 0.3000000119
24703  -12.027  -58.436  -2.616 0.8999999762
24702  -11.132  -58.265  -2.227 0.8999999762
22865  -14.103  -60.149  -5.243 1.0000000000
25590  -9.503  -57.547  -3.604 0.8000000119
25605  -8.302  -57.726  -4.423 0.6000000238
27444  -25.572  -55.791  -7.925 0.8999999762
108784  -25.725  -54.222  -8.270 0.8999999762
112721  -27.961  -55.323  -7.998 0.8000000119
27431  -31.766  -56.946  -6.315 0.5000000000
24718  -12.240  -58.329  -3.431 0.8999999762
25607  -9.852  -57.175  -4.396 0.8000000119
24753  -14.188  -58.856  -6.972 0.8999999762
24764  -13.783  -58.121  -7.379 0.8999999762
126465  -29.190  -54.342  -7.424 0.6000000238
24787  -9.636  -58.787  -8.484 0.6000000238
25656  -10.477  -57.707  -8.735 0.6000000238
27464  -17.999  -55.441  -9.596 0.8000000119
27454  -23.058  -55.155  -9.275 1.0000000000
113853  -19.620  -53.441  -9.470 0.8000000119
28330  -18.291  -54.631  -9.604 0.8000000119
25624  -11.865  -57.372  -5.920 0.8999999762
29161  -27.922  -53.783  -8.286 0.6999999881
26540  -16.750  -56.346  -9.472 0.8000000119
118658  -24.359  -54.061  -8.636 1.0000000000
121265  -9.474  -57.809  -7.045 0.6000000238
27474  -11.862  -55.996  -9.848 0.5000000000
29184  -17.887  -53.039  -9.609 0.8000000119
29185  -18.782  -53.032  -9.496 0.8000000119
113855  -17.667  -53.964  -9.571 0.8000000119
113856  -16.822  -54.197  -9.570 0.8000000119
115586  -22.313  -54.071  -9.500 0.8999999762
28322  -26.535  -54.391  -8.341 0.6999999881
28319  -13.353  -53.857  -9.404 0.6999999881
29179  -13.724  -53.638  -10.004 0.6999999881
28325  -12.193  -54.057  -9.287 0.6999999881
28328  -15.171  -53.995  -9.434 0.8000000119
28327  -14.272  -53.714  -9.714 0.6999999881
29187  -21.209  -53.436  -9.523 0.8999999762
29980  -23.323  -52.693  -9.309 0.8999999762
26510  -10.494  -56.773  -6.724 0.6999999881
25636  -12.061  -57.007  -6.761 0.8000000119
26512  -11.399  -56.162  -6.908 0.8000000119
30001  -21.964  -52.001  -9.559 0.8000000119
29176  -27.500  -53.078  -8.672 0.6999999881
26526  -10.569  -57.122  -8.160 0.6999999881
28329  -16.086  -54.527  -9.497 0.8000000119
29172  -24.267  -53.189  -8.953 0.8999999762
121468  -12.468  -54.429  -8.322 0.8000000119
29981  -24.156  -52.378  -9.304 0.8000000119
30825  -24.146  -51.636  -9.701 0.6999999881
126073  -25.525  -52.536  -9.271 0.6999999881
26517  -12.117  -56.020  -7.158 0.8000000119
30819  -17.870  -51.815  -10.185 0.6999999881
30820  -19.475  -51.915  -9.913 0.6999999881
30837  -19.034  -51.258  -10.623 0.6999999881
30824  -22.769  -51.330  -9.775 0.6000000238
30818  -17.075  -51.877  -10.145 0.6999999881
31674  -21.850  -50.519  -10.341 0.5000000000
30838  -20.176  -51.153  -10.415 0.6999999881
31675  -22.448  -50.443  -10.337 0.5000000000
31672  -19.380  -50.540  -11.026 0.6999999881
113200  -20.271  -50.459  -10.932 0.6000000238
31656  -23.794  -50.931  -10.093 0.6000000238
116692  -21.482  -50.086  -10.846 0.5000000000
32453  -18.830  -48.892  -11.307 0.4000000060
33345  -22.100  -49.515  -11.079 0.5000000000
115136  -19.973  -47.014  -11.523 0.4000000060
33364  -21.478  -48.944  -11.359 0.5000000000
114606  -21.803  -48.190  -11.528 0.4000000060
29994  -15.779  -52.546  -10.235 0.6000000238
30826  -25.081  -51.581  -9.834 0.6000000238
16425  -20.185  -66.692  -0.512 0.8000000119
30828  -27.045  -51.058  -9.495 0.6000000238
129007  -12.100  -91.378  2.384 0.6999999881
1104  -12.532  -91.195  1.869 0.6000000238
110738  -6.573  -67.079  0.966 0.6999999881
16416  -6.545  -67.672  0.110 0.5000000000
29965  -29.104  -52.895  -7.563 0.5000000000
30805  -27.455  -51.659  -9.028 0.5000000000
29985  -27.825  -52.327  -8.603 0.5000000000
31637  -27.874  -50.764  -8.891 0.5000000000
30827  -26.092  -51.264  -9.910 0.5000000000
31659  -27.336  -50.213  -9.496 0.5000000000
31657  -25.232  -50.979  -10.230 0.5000000000
31677  -24.083  -50.306  -10.596 0.5000000000
31679  -25.984  -49.848  -10.568 0.5000000000
31658  -26.003  -50.497  -10.312 0.5000000000
114674  -22.152  -48.872  -11.357 0.4000000060
32442  -23.472  -49.665  -10.976 0.4000000060
802  -13.901  -93.314  1.196 0.6999999881
28303  -30.667  -54.762  -6.653 0.4000000060
31676  -23.180  -50.369  -10.428 0.4000000060
33347  -23.321  -48.905  -11.349 0.4000000060
112858  -29.901  -54.115  -6.941 0.5000000000
124285  -24.531  -50.774  -10.329 0.5000000000
31678  -25.149  -50.252  -10.641 0.5000000000
32443  -24.553  -49.623  -11.020 0.5000000000
148  -15.222  -94.960  -4.866 0.5000000000
44  -15.389  -95.490  -4.891 0.5000000000
110022  -15.684  -95.899  -4.945 0.6000000238
114366  -16.808  -96.146  -6.008 0.5000000000
53  -14.451  -95.956  -5.758 0.6000000238
4  -15.650  -96.408  -6.652 0.6000000238
5  -16.664  -96.200  -6.744 0.5000000000
6  -16.785  -95.987  -7.190 0.5000000000
61  -14.021  -95.748  -6.647 0.6000000238
3  -15.229  -96.078  -7.335 0.6000000238
16  -16.635  -96.192  -8.315 0.5000000000
9  -15.081  -95.833  -8.158 0.6000000238
14  -15.125  -96.366  -8.854 0.6999999881
122607  -15.754  -96.864  -8.956 0.5000000000
12338  -6.101  -71.957  -4.549 0.5000000000
12325  -6.214  -71.915  -3.653 0.5000000000
12315  -6.520  -71.708  -2.323 0.5000000000
23835  -8.877  -59.359  -7.703 0.5000000000
24804  -10.163  -58.780  -9.171 0.5000000000
120050  -15.588  -53.023  -9.955 0.6000000238
126851  -6.055  -71.895  -5.476 0.5000000000
22820  -8.448  -59.582  -1.288 0.5000000000
22806  -9.172  -60.735  -0.927 0.4000000060
110271  -9.009  -60.185  -7.305 0.5000000000
22881  -8.701  -59.995  -6.474 0.5000000000
112839  -6.490  -66.972  -0.043 0.4000000060
21919  -9.298  -61.551  -0.878 0.4000000060
23778  -8.436  -59.523  -2.909 0.5000000000
24762  -8.731  -58.895  -7.168 0.5000000000
24750  -8.457  -58.619  -6.530 0.5000000000
43  -13.672  -95.528  -5.810 0.5000000000
52  -13.809  -95.798  -6.042 0.6999999881
116551  -13.452  -95.477  -7.099 0.6999999881
67  -14.453  -95.573  -7.551 0.6999999881
21  -16.634  -96.957  -9.516 0.5000000000
54  -15.387  -96.128  -5.777 0.6000000238
55  -16.255  -96.069  -5.474 0.6000000238
124708  -16.230  -96.449  -6.902 0.6000000238
127656  -14.630  -95.896  -6.942 0.6000000238
10  -15.994  -96.458  -7.436 0.6000000238
29196  -14.093  -53.784  -10.821 0.5000000000
29191  -14.549  -53.402  -10.389 0.5000000000
109281  -14.844  -53.270  -10.965 0.5000000000
30006  -15.624  -52.528  -10.605 0.5000000000
30010  -15.494  -52.577  -11.106 0.4000000060
31668  -16.257  -51.353  -10.845 0.4000000060
31681  -16.346  -51.082  -11.276 0.4000000060
30817  -16.384  -52.131  -10.189 0.5000000000
30833  -16.052  -51.914  -10.570 0.4000000060
31682  -16.679  -50.257  -11.286 0.4000000060
31669  -16.563  -50.759  -10.908 0.4000000060
32451  -17.047  -49.451  -11.403 0.4000000060
32436  -17.351  -49.546  -11.141 0.4000000060
33361  -18.190  -48.000  -11.367 0.3000000119
32452  -17.456  -48.887  -11.396 0.3000000119
34333  -18.467  -47.356  -11.389 0.3000000119
33360  -17.760  -48.007  -11.561 0.3000000119
28326  -12.846  -53.903  -9.632 0.5000000000
33344  -17.928  -48.971  -11.168 0.3000000119
28337  -12.576  -54.545  -10.154 0.5000000000
29993  -15.180  -53.099  -10.258 0.5000000000
114532  -16.850  -50.707  -10.716 0.4000000060
28338  -13.292  -54.085  -10.364 0.5000000000
129407  -15.168  -53.079  -10.627 0.5000000000
29197  -15.301  -53.140  -11.521 0.5000000000
33359  -17.401  -48.619  -11.665 0.3000000119
22931  -10.301  -59.961  -9.310 0.4000000060
23872  -11.558  -59.423  -10.175 0.4000000060
24805  -10.687  -58.624  -9.850 0.4000000060
23863  -9.765  -59.520  -9.001 0.4000000060
23871  -10.153  -59.196  -9.366 0.4000000060
124509  -11.087  -58.817  -10.285 0.4000000060
24809  -12.494  -57.760  -11.180 0.4000000060
23880  -12.417  -58.536  -10.882 0.4000000060
25694  -11.474  -57.543  -10.300 0.4000000060
26555  -11.999  -56.801  -10.519 0.4000000060
25705  -13.012  -56.978  -11.538 0.3000000119
26571  -13.662  -56.477  -11.737 0.4000000060
27488  -12.782  -55.457  -10.964 0.4000000060
26570  -13.132  -56.078  -11.490 0.4000000060
27489  -13.275  -55.414  -11.439 0.4000000060
26590  -13.842  -55.763  -11.866 0.4000000060
27531  -15.717  -55.031  -12.948 0.3000000119
28347  -13.607  -54.332  -11.124 0.4000000060
28348  -14.215  -54.413  -11.615 0.4000000060
29213  -15.546  -53.408  -12.248 0.4000000060
30035  -16.500  -52.907  -13.156 0.3000000119
30034  -16.031  -52.953  -12.551 0.3000000119
30863  -16.797  -52.197  -13.179 0.3000000119
30848  -15.993  -51.848  -11.545 0.3000000119
30849  -16.261  -52.144  -12.457 0.3000000119
31686  -16.713  -50.597  -12.299 0.3000000119
110310  -16.742  -49.917  -11.790 0.3000000119
31699  -17.189  -50.776  -12.983 0.3000000119
126747  -11.587  -56.868  -10.004 0.4000000060
27475  -12.250  -55.659  -10.406 0.4000000060
28346  -13.153  -54.771  -10.981 0.4000000060
31685  -16.366  -51.229  -12.010 0.3000000119
29212  -14.850  -53.810  -11.714 0.4000000060
30021  -15.720  -52.624  -11.866 0.4000000060
25695  -11.845  -57.604  -10.778 0.4000000060
25704  -12.320  -57.107  -11.081 0.4000000060
120542  -14.603  -55.846  -12.201 0.3000000119
118685  -15.136  -54.939  -12.476 0.4000000060
28365  -15.464  -54.286  -12.631 0.3000000119
28381  -16.219  -54.392  -13.344 0.3000000119
30864  -17.357  -51.723  -13.413 0.3000000119
110091  -16.752  -51.432  -12.773 0.3000000119
0  -16.189  -96.421  -6.243 0.6000000238
11  -16.517  -96.164  -7.535 0.5000000000
12  -16.729  -95.873  -8.046 0.5000000000
15  -15.760  -96.375  -8.262 0.6999999881
19  -15.257  -96.907  -9.539 0.6999999881
20  -16.045  -97.036  -9.550 0.5000000000
23  -14.206  -96.537  -10.037 0.8000000119
24  -14.781  -96.975  -10.088 0.8000000119
50  -11.932  -95.047  -6.168 0.8000000119
51  -12.420  -95.184  -6.099 0.8000000119
58  -11.363  -94.908  -6.606 0.8999999762
62  -14.740  -96.055  -6.399 0.6000000238
72  -13.148  -94.821  -8.544 0.8000000119
80  -11.763  -94.640  -10.085 0.8999999762
87  -11.585  -94.740  -10.957 0.8000000119
88  -12.004  -95.059  -11.016 0.8000000119
89  -12.221  -95.114  -10.974 0.8000000119
97  -12.496  -94.572  -11.739 0.8000000119
100  -11.932  -94.622  -12.592 0.8000000119
106  -12.413  -94.388  1.976 0.8999999762
112  -12.416  -94.754  0.810 0.8999999762
119  -13.144  -94.791  -0.202 0.8000000119
131  -11.217  -94.219  -2.439 0.8999999762
135  -10.958  -93.483  -4.414 1.0000000000
137  -11.379  -93.972  -3.700 0.8999999762
143  -10.868  -93.794  -5.649 1.0000000000
151  -10.265  -93.897  -6.226 1.0000000000
153  -10.913  -94.494  -6.166 0.8999999762
158  -10.462  -94.327  -6.439 1.0000000000
169  -10.299  -93.579  -8.649 1.0000000000
170  -10.318  -93.846  -9.104 0.8999999762
182  -11.412  -94.412  -11.395 0.8000000119
183  -11.706  -94.533  -12.416 0.8999999762
186  -11.243  -94.259  -12.933 0.8999999762
226  -19.182  -93.663  -18.346 0.6000000238
227  -15.670  -94.197  -19.222 0.8000000119
228  -16.519  -94.141  -19.163 0.8000000119
234  -17.901  -93.761  -19.858 0.8000000119
237  -12.838  -93.204  5.841 0.8999999762
238  -12.165  -93.003  4.634 0.8999999762
239  -12.849  -93.206  5.211 0.8999999762
240  -13.281  -93.201  5.761 0.8999999762
244  -11.887  -92.447  3.838 0.8999999762
248  -11.020  -92.830  2.690 0.8999999762
263  -11.538  -94.133  1.550 0.8999999762
264  -12.952  -94.258  1.951 0.8999999762
265  -13.398  -94.450  1.251 0.8000000119
266  -13.758  -94.045  1.292 0.8000000119
272  -11.796  -94.503  0.826 0.8999999762
274  -14.165  -93.856  0.565 0.8000000119
279  -13.662  -94.630  -0.606 0.8000000119
280  -14.082  -94.339  -0.061 0.8000000119
284  -11.409  -94.128  -1.662 0.8999999762
286  -13.546  -94.571  -1.604 0.8999999762
300  -10.620  -92.787  -4.346 1.0000000000
301  -10.834  -93.270  -4.264 1.0000000000
331  -10.062  -93.391  -7.530 1.0000000000
332  -9.960  -93.417  -6.987 1.0000000000
359  -10.328  -93.444  -9.902 1.0000000000
379  -10.942  -93.669  -11.960 1.0000000000
387  -18.619  -93.579  -14.179 0.6000000238
401  -13.246  -94.214  -15.407 0.8000000119
405  -11.813  -93.665  -16.029 1.0000000000
406  -12.137  -93.788  -16.177 1.0000000000
421  -19.535  -93.493  -18.694 0.6000000238
422  -20.149  -93.562  -18.383 0.6000000238
424  -13.453  -93.615  -19.134 0.8999999762
426  -14.820  -94.136  -19.262 0.8999999762
428  -18.616  -93.645  -19.587 0.6999999881
429  -19.174  -93.461  -19.424 0.6999999881
432  -14.386  -94.094  -19.811 0.8999999762
436  -18.543  -93.802  -19.824 0.6999999881
437  -19.074  -93.524  -20.079 0.6999999881
439  -19.610  -92.933  -19.570 0.6000000238
443  -17.682  -93.358  -21.247 0.8000000119
447  -16.353  -93.107  -21.666 0.8999999762
448  -17.136  -93.216  -21.947 0.8999999762
450  -18.381  -92.831  -21.270 0.6999999881
451  -18.713  -92.762  -21.070 0.6999999881
452  -19.033  -92.994  -20.497 0.6999999881
457  -13.311  -92.430  7.622 0.8000000119
466  -14.343  -92.597  7.743 0.6999999881
467  -14.907  -92.430  7.791 0.6999999881
475  -12.778  -93.013  6.438 0.8999999762
477  -14.272  -92.709  6.568 0.6000000238
489  -13.013  -93.050  4.861 0.8999999762
491  -13.948  -92.999  5.732 0.8000000119
500  -10.614  -92.208  3.807 0.8999999762
516  -10.145  -92.824  2.223 0.8999999762
517  -10.751  -92.868  2.526 0.8999999762
518  -12.619  -92.725  2.006 0.8999999762
583  -12.860  -92.833  -4.627 0.6999999881
593  -12.841  -92.840  -5.238 0.6000000238
614  -10.011  -93.189  -8.000 1.0000000000
629  -10.122  -93.108  -9.208 1.0000000000
645  -10.761  -92.967  -12.053 1.0000000000
646  -13.669  -93.562  -11.323 0.5000000000
654  -10.711  -93.537  -12.787 1.0000000000
665  -16.130  -93.105  -13.778 0.6000000238
669  -11.023  -93.779  -14.524 1.0000000000
682  -12.694  -93.074  -18.499 1.0000000000
685  -13.068  -93.265  -18.987 0.8999999762
687  -19.962  -92.168  -19.337 0.5000000000
691  -19.283  -92.422  -20.447 0.6000000238
694  -17.348  -92.948  -22.676 0.8000000119
697  -17.856  -92.697  -22.831 0.8000000119
698  -18.237  -92.524  -22.527 0.8000000119
699  -18.458  -92.357  -22.563 0.6999999881
701  -17.964  -92.403  -23.556 0.8000000119
712  -13.293  -90.676  12.118 0.6000000238
716  -12.742  -90.588  11.386 0.8000000119
720  -12.423  -90.620  10.655 0.8000000119
721  -12.941  -90.569  10.039 0.8000000119
726  -12.837  -90.579  9.203 0.8000000119
727  -13.307  -90.773  9.242 0.8000000119
728  -14.656  -91.341  9.757 0.6000000238
729  -15.574  -92.265  8.974 0.6000000238
731  -12.918  -91.325  7.830 0.8000000119
732  -13.268  -91.881  8.021 0.8000000119
734  -15.487  -92.216  8.389 0.6000000238
753  -11.785  -92.386  6.229 0.8999999762
762  -10.512  -91.784  4.920 0.8999999762
769  -12.298  -92.596  4.092 0.8999999762
780  -9.856  -91.892  3.439 1.0000000000
791  -11.789  -91.222  2.929 0.6999999881
801  -13.292  -92.662  1.567 0.6999999881
819  -9.717  -91.531  0.411 1.0000000000
828  -11.470  -91.950  -1.542 1.0000000000
837  -10.985  -92.312  -2.503 1.0000000000
844  -10.367  -92.257  -4.372 1.0000000000
846  -13.540  -92.521  -4.395 0.6000000238
863  -10.052  -92.011  -5.819 1.0000000000
871  -10.117  -92.357  -7.114 1.0000000000
879  -10.184  -91.912  -7.622 1.0000000000
887  -9.939  -92.529  -8.373 1.0000000000
894  -10.146  -92.728  -9.585 1.0000000000
895  -10.294  -92.352  -9.125 1.0000000000
900  -10.365  -92.705  -10.250 1.0000000000
922  -7.996  -92.143  -12.904 0.5000000000
924  -11.486  -92.280  -12.164 1.0000000000
937  -12.041  -92.414  -13.848 1.0000000000
942  -8.926  -92.164  -14.958 0.4000000060
943  -11.396  -92.951  -14.473 1.0000000000
960  -12.763  -92.037  -17.230 1.0000000000
965  -12.411  -92.603  -17.922 1.0000000000
975  -13.304  -92.910  -19.238 0.8999999762
980  -15.619  -92.181  -21.144 0.8999999762
982  -19.614  -91.773  -20.139 0.5000000000
988  -19.047  -91.755  -21.770 0.5000000000
989  -16.778  -91.505  -23.609 0.8000000119
990  -16.906  -92.208  -23.437 0.8000000119
995  -18.263  -92.105  -23.703 0.6999999881
996  -18.461  -91.748  -23.761 0.6999999881
997  -16.861  -90.653  -24.675 0.8000000119
998  -17.332  -91.205  -24.848 0.8000000119
999  -17.884  -91.576  -24.756 0.8000000119
1017  -11.132  -90.494  12.334 0.6000000238
1020  -10.439  -90.198  11.273 0.8000000119
1022  -11.905  -90.667  11.110 0.8000000119
1029  -11.569  -90.340  9.313 0.8999999762
1055  -11.737  -91.621  6.527 0.8999999762
1065  -13.813  -91.344  5.158 0.6999999881
1066  -14.338  -91.593  5.892 0.6999999881
1076  -12.482  -92.137  4.102 0.8999999762
1083  -9.382  -90.566  3.191 1.0000000000
1094  -9.031  -91.092  2.244 1.0000000000
1095  -12.008  -90.630  3.095 0.6999999881
1103  -8.819  -91.484  1.428 1.0000000000
1105  -13.240  -91.794  1.406 0.6000000238
1112  -7.902  -90.934  -0.286 1.0000000000
1115  -13.995  -91.518  0.832 0.6000000238
1127  -8.578  -91.139  -0.136 1.0000000000
1130  -11.343  -90.863  -0.743 1.0000000000
1171  -10.117  -91.873  -6.651 1.0000000000
1173  -10.761  -90.836  -5.614 1.0000000000
1188  -10.758  -91.259  -7.619 1.0000000000
1198  -10.718  -91.800  -8.830 1.0000000000
1213  -12.632  -90.708  -10.534 1.0000000000
1220  -7.021  -91.562  -11.784 0.5000000000
1221  -7.422  -91.682  -11.669 0.5000000000
1222  -8.429  -91.439  -11.131 0.5000000000
1223  -8.875  -91.499  -11.731 0.5000000000
1235  -6.775  -91.362  -12.352 0.5000000000
1250  -12.682  -91.882  -14.095 1.0000000000
1296  -8.705  -91.315  -17.921 0.5000000000
1338  -16.736  -90.530  -23.966 0.8000000119
1344  -17.703  -90.426  -25.510 0.6999999881
1345  -18.206  -90.498  -25.413 0.6999999881
1346  -18.512  -90.269  -25.008 0.6999999881
1398  -9.988  -89.548  13.333 0.6000000238
1412  -9.627  -89.535  12.378 0.6000000238
1413  -10.607  -90.222  12.548 0.6999999881
1425  -10.091  -89.987  12.007 0.6999999881
1435  -9.363  -89.710  10.237 0.8999999762
1436  -10.003  -89.884  10.752 0.8999999762
1444  -10.549  -90.099  9.367 0.8000000119
1461  -10.787  -89.698  7.946 0.8999999762
1462  -11.514  -89.974  7.192 0.8999999762
1485  -10.848  -90.345  5.756 0.8999999762
1495  -9.999  -90.562  4.410 1.0000000000
1496  -12.677  -91.508  4.128 0.8000000119
1505  -9.282  -89.765  3.153 1.0000000000
1515  -8.311  -89.833  2.102 1.0000000000
1526  -7.414  -90.467  -0.019 1.0000000000
1546  -8.483  -90.567  -0.449 1.0000000000
1549  -11.207  -90.211  -0.508 1.0000000000
1562  -7.217  -89.700  -1.139 1.0000000000
1563  -7.625  -90.061  -1.047 1.0000000000
1571  -11.157  -91.201  -3.124 1.0000000000
1580  -10.746  -91.442  -3.951 1.0000000000
1589  -11.043  -90.800  -4.978 1.0000000000
1619  -11.771  -90.818  -8.078 1.0000000000
1629  -8.510  -90.130  -9.016 0.6000000238
1630  -9.109  -90.486  -9.753 0.6000000238
1644  -7.444  -90.702  -10.086 0.6000000238
1645  -8.757  -91.027  -10.428 0.5000000000
1655  -6.678  -91.057  -11.543 0.5000000000
1657  -10.124  -90.560  -11.346 0.5000000000
1659  -13.973  -89.709  -11.941 0.8999999762
1674  -11.012  -90.271  -12.986 0.6999999881
1676  -14.358  -89.548  -12.625 0.8999999762
1686  -14.252  -89.933  -13.395 0.8999999762
1692  -10.749  -90.800  -14.763 0.8000000119
1713  -10.315  -91.129  -16.432 0.4000000060
1714  -11.016  -90.557  -16.524 0.5000000000
1715  -14.867  -90.701  -16.569 0.8999999762
1722  -11.052  -90.457  -17.296 0.5000000000
1742  -10.940  -90.166  -19.401 0.5000000000
1752  -10.650  -90.118  -20.192 0.5000000000
1753  -16.995  -90.434  -20.707 0.8999999762
1775  -16.702  -90.283  -23.535 0.8000000119
1791  -18.780  -90.034  -24.757 0.6000000238
1793  -16.767  -89.718  -25.256 0.8000000119
1796  -18.764  -89.482  -24.906 0.5000000000
1797  -18.365  -89.185  -25.861 0.6000000238
1798  -18.677  -89.052  -25.049 0.6000000238
1840  -9.583  -88.512  13.786 0.5000000000
1841  -9.922  -88.992  14.376 0.5000000000
1857  -8.861  -88.402  12.710 0.6000000238
1867  -8.709  -88.618  12.010 0.6999999881
1893  -8.104  -88.907  9.315 1.0000000000
1895  -9.151  -89.685  8.887 1.0000000000
1902  -8.414  -89.215  8.582 1.0000000000
1914  -10.769  -89.575  6.282 1.0000000000
1924  -10.030  -89.077  5.347 1.0000000000
1925  -10.553  -89.540  5.735 0.8999999762
1953  -8.279  -88.912  2.432 1.0000000000
1959  -7.191  -89.534  0.832 1.0000000000
1969  -9.979  -89.082  0.110 1.0000000000
1977  -6.912  -89.412  -0.707 1.0000000000
1979  -9.597  -89.649  -0.048 1.0000000000
1980  -10.492  -89.086  0.082 1.0000000000
1981  -11.125  -89.347  -0.162 1.0000000000
1994  -8.163  -89.475  -1.484 1.0000000000
2007  -7.184  -88.930  -1.846 1.0000000000
2008  -7.876  -88.949  -2.207 1.0000000000
2021  -12.767  -89.194  -3.496 1.0000000000
2022  -13.510  -88.462  -3.269 1.0000000000
2043  -12.700  -89.736  -6.095 1.0000000000
2049  -8.008  -88.687  -8.379 0.6999999881
2050  -12.707  -89.890  -6.913 1.0000000000
2051  -13.441  -89.684  -7.995 1.0000000000
2060  -8.025  -89.410  -8.580 0.6999999881
2064  -14.064  -89.248  -8.944 1.0000000000
2072  -7.385  -89.137  -9.149 0.6000000238
2073  -7.548  -89.506  -9.019 0.6000000238
2076  -10.957  -88.719  -8.862 0.8000000119
2077  -13.743  -89.561  -9.428 1.0000000000
2085  -6.582  -89.596  -10.531 0.6000000238
2086  -10.053  -90.117  -9.964 0.6000000238
2099  -10.933  -89.870  -11.358 0.6999999881
2116  -11.864  -89.306  -12.483 0.8000000119
2123  -11.631  -89.639  -13.039 0.8000000119
2134  -12.372  -89.159  -14.038 0.8000000119
2137  -16.003  -88.811  -15.166 0.8999999762
2178  -11.760  -89.603  -19.161 0.6999999881
2206  -15.739  -88.932  -22.770 0.8000000119
2226  -13.384  -89.243  -24.032 0.6999999881
2239  -17.366  -89.797  -25.657 0.8000000119
2240  -19.031  -88.810  -25.258 0.5000000000
2242  -15.877  -88.091  -26.610 0.6000000238
2246  -18.942  -88.828  -25.891 0.5000000000
2247  -19.551  -88.158  -25.500 0.5000000000
2293  -8.787  -88.044  12.847 0.6000000238
2294  -9.140  -88.231  13.200 0.6000000238
2313  -8.558  -88.271  11.668 0.8000000119
2321  -8.286  -88.206  10.527 1.0000000000
2359  -7.537  -87.850  7.151 1.0000000000
2368  -8.231  -88.245  6.589 1.0000000000
2369  -9.227  -88.593  6.020 1.0000000000
2401  -7.958  -87.845  2.747 1.0000000000
2441  -11.067  -88.512  -0.142 1.0000000000
2452  -9.546  -88.446  -1.022 1.0000000000
2453  -10.450  -87.909  -0.741 1.0000000000
2455  -12.456  -87.730  -1.017 1.0000000000
2467  -7.607  -88.391  -2.819 1.0000000000
2468  -8.339  -88.548  -2.863 1.0000000000
2476  -7.028  -87.883  -3.007 1.0000000000
2478  -7.962  -88.060  -3.579 1.0000000000
2480  -9.798  -88.140  -2.906 1.0000000000
2481  -14.243  -87.977  -3.581 1.0000000000
2482  -15.000  -87.720  -3.901 1.0000000000
2489  -14.445  -88.195  -4.414 1.0000000000
2497  -15.281  -88.127  -5.579 1.0000000000
2509  -7.303  -87.681  -8.178 0.6999999881
2511  -7.996  -88.147  -8.001 0.6999999881
2513  -9.619  -87.735  -7.795 0.6999999881
2514  -14.867  -88.702  -8.221 1.0000000000
2523  -7.528  -88.354  -8.754 0.6999999881
2525  -9.398  -88.560  -7.946 0.6999999881
2527  -11.286  -87.997  -8.547 0.6999999881
2529  -15.073  -88.538  -8.950 1.0000000000
2537  -12.267  -87.671  -9.394 0.8999999762
2544  -6.744  -88.678  -10.128 0.6000000238
2545  -11.798  -88.660  -10.317 0.6999999881
2546  -12.277  -88.119  -10.201 0.8999999762
2548  -15.358  -88.290  -10.543 0.8999999762
2587  -15.860  -88.565  -13.511 0.8999999762
2651  -14.180  -87.841  -18.193 0.8999999762
2688  -11.225  -88.589  -24.235 0.5000000000
2711  -13.578  -87.329  -26.618 0.6000000238
2714  -15.410  -88.330  -26.217 0.6000000238
2717  -15.105  -87.663  -26.585 0.6000000238
2718  -17.557  -88.508  -26.527 0.6999999881
2719  -18.262  -88.546  -26.614 0.6999999881
2720  -18.971  -88.525  -26.546 0.6999999881
2722  -17.127  -88.082  -26.879 0.6000000238
2724  -18.570  -88.105  -27.061 0.4000000060
2725  -19.360  -88.031  -27.066 0.5000000000
2726  -19.822  -87.684  -26.828 0.5000000000
2768  -9.065  -86.357  15.576 0.5000000000
2804  -8.496  -87.368  11.839 0.8999999762
2817  -10.821  -87.240  10.687 1.0000000000
2825  -9.506  -87.497  9.683 1.0000000000
2828  -12.134  -86.803  9.831 1.0000000000
2840  -11.107  -87.758  9.088 1.0000000000
2854  -12.214  -87.286  8.084 1.0000000000
2882  -7.518  -86.861  4.328 1.0000000000
2902  -6.775  -86.043  1.899 1.0000000000
2940  -11.601  -87.377  -0.747 1.0000000000
2953  -11.070  -87.301  -1.134 1.0000000000
2954  -12.837  -87.098  -1.281 1.0000000000
2962  -6.838  -87.543  -2.641 1.0000000000
2965  -11.575  -86.703  -1.845 1.0000000000
2966  -14.289  -86.868  -2.336 1.0000000000
2970  -7.139  -87.505  -3.153 1.0000000000
2971  -7.652  -87.462  -3.689 1.0000000000
2974  -14.733  -87.378  -3.026 1.0000000000
2976  -16.237  -87.015  -3.706 1.0000000000
2981  -9.389  -87.909  -4.774 1.0000000000
2983  -11.390  -87.386  -4.571 1.0000000000
2991  -10.713  -87.298  -5.536 1.0000000000
2995  -17.259  -86.954  -5.222 1.0000000000
3015  -8.770  -87.390  -7.721 0.8000000119
3017  -15.836  -87.919  -7.701 1.0000000000
3028  -7.089  -87.800  -8.725 0.6999999881
3039  -6.864  -87.907  -9.699 0.6999999881
3040  -11.831  -87.491  -8.730 0.8999999762
3042  -15.740  -87.940  -9.119 1.0000000000
3054  -6.086  -86.962  -11.729 0.5000000000
3073  -13.399  -87.659  -12.445 0.8000000119
3084  -13.810  -87.724  -13.813 0.8000000119
3131  -14.888  -87.310  -16.779 0.8999999762
3141  -15.363  -86.980  -17.542 0.8999999762
3160  -17.078  -87.516  -19.342 0.8999999762
3201  -13.925  -86.914  -27.032 0.6000000238
3202  -20.242  -87.313  -26.422 0.5000000000
3203  -15.107  -87.177  -26.826 0.6000000238
3204  -16.457  -87.746  -26.905 0.6000000238
3205  -19.484  -87.285  -27.243 0.4000000060
3206  -20.094  -87.133  -27.001 0.4000000060
3207  -15.548  -87.082  -27.040 0.6000000238
3208  -17.205  -87.468  -27.000 0.6000000238
3209  -18.067  -87.534  -27.121 0.6000000238
3254  -8.921  -85.960  14.509 0.6000000238
3261  -8.688  -85.766  13.676 0.6000000238
3273  -8.558  -86.858  12.504 0.6000000238
3285  -11.189  -85.859  11.414 1.0000000000
3296  -9.257  -86.796  10.622 1.0000000000
3297  -10.727  -86.409  11.155 1.0000000000
3310  -11.567  -86.976  10.514 1.0000000000
3319  -9.531  -87.025  8.265 1.0000000000
3327  -7.583  -86.854  7.198 1.0000000000
3331  -12.511  -87.013  7.167 1.0000000000
3339  -8.058  -86.420  6.657 1.0000000000
3341  -10.258  -86.734  6.229 1.0000000000
3350  -10.857  -86.741  5.279 1.0000000000
3359  -7.066  -85.618  3.774 1.0000000000
3360  -7.228  -86.095  4.617 1.0000000000
3363  -11.898  -86.299  4.389 1.0000000000
3373  -6.995  -86.156  3.774 1.0000000000
3374  -10.290  -86.368  3.961 1.0000000000
3375  -11.462  -86.330  3.785 1.0000000000
3387  -10.843  -86.300  3.061 1.0000000000
3398  -6.705  -85.491  1.148 1.0000000000
3399  -10.037  -86.121  1.629 1.0000000000
3420  -6.642  -85.892  -0.456 1.0000000000
3430  -6.657  -86.278  -1.353 1.0000000000
3431  -6.902  -86.033  -1.809 1.0000000000
3432  -12.645  -86.606  -1.346 1.0000000000
3434  -13.844  -86.435  -1.879 1.0000000000
3440  -6.749  -86.683  -2.237 1.0000000000
3444  -12.688  -85.958  -2.573 1.0000000000
3445  -14.545  -86.039  -2.155 1.0000000000
3447  -16.964  -85.964  -2.933 1.0000000000
3449  -7.345  -86.952  -3.362 1.0000000000
3452  -13.089  -86.030  -3.538 1.0000000000
3454  -16.112  -86.427  -2.981 1.0000000000
3459  -8.527  -86.815  -5.045 1.0000000000
3460  -9.216  -86.824  -5.555 1.0000000000
3462  -13.614  -86.184  -4.559 1.0000000000
3463  -17.486  -86.661  -4.307 1.0000000000
3464  -18.113  -86.135  -4.368 1.0000000000
3471  -11.057  -86.766  -6.227 1.0000000000
3472  -11.913  -86.663  -6.005 1.0000000000
3473  -13.230  -86.391  -5.281 1.0000000000
3494  -7.334  -86.512  -7.124 0.8000000119
3497  -17.605  -86.610  -6.837 1.0000000000
3506  -6.647  -86.502  -7.789 0.6999999881
3507  -8.475  -86.358  -7.848 0.8000000119
3508  -8.979  -86.200  -8.610 0.8999999762
3510  -11.221  -86.569  -8.409 0.8999999762
3511  -12.187  -86.219  -8.649 1.0000000000
3513  -13.617  -85.629  -8.792 1.0000000000
3523  -14.119  -85.691  -9.028 1.0000000000
3537  -6.254  -86.174  -11.400 0.6000000238
3541  -14.451  -86.535  -11.726 0.8999999762
3556  -18.543  -86.285  -12.512 0.8999999762
3572  -15.885  -85.780  -13.387 0.8999999762
3653  -16.533  -86.836  -19.103 0.8999999762
3704  -12.244  -85.942  -25.956 0.4000000060
3719  -14.228  -86.428  -25.817 0.4000000060
3720  -15.008  -86.559  -25.932 0.4000000060
3721  -15.797  -86.643  -25.843 0.4000000060
3730  -13.696  -86.213  -26.566 0.5000000000
3733  -16.959  -86.631  -26.544 0.5000000000
3734  -17.969  -86.536  -26.604 0.4000000060
3735  -18.999  -86.380  -26.735 0.4000000060
3738  -14.264  -86.545  -26.786 0.5000000000
3739  -14.967  -86.802  -26.815 0.5000000000
3740  -15.635  -86.804  -26.808 0.4000000060
3741  -16.473  -86.806  -26.787 0.5000000000
3742  -17.822  -86.838  -26.838 0.5000000000
3743  -18.629  -86.701  -26.998 0.4000000060
3744  -19.400  -86.730  -27.117 0.4000000060
3746  -17.696  -87.131  -26.965 0.6000000238
3747  -18.341  -87.066  -27.158 0.4000000060
3748  -18.962  -86.948  -27.319 0.4000000060
3860  -7.463  -85.266  12.594 0.8000000119
3869  -11.750  -85.684  11.232 1.0000000000
3880  -12.242  -85.502  10.927 1.0000000000
3895  -12.610  -85.957  9.401 1.0000000000
3909  -7.768  -86.075  6.018 1.0000000000
3910  -8.407  -85.991  6.141 1.0000000000
3911  -12.432  -86.274  5.654 1.0000000000
3921  -8.775  -85.868  5.520 1.0000000000
3929  -7.378  -85.587  4.292 1.0000000000
3931  -9.381  -85.979  4.779 1.0000000000
3932  -12.284  -85.561  4.002 1.0000000000
3943  -7.145  -85.214  3.500 1.0000000000
3960  -7.015  -84.968  2.714 1.0000000000
3961  -7.597  -85.024  2.438 1.0000000000
3963  -11.342  -85.832  2.373 1.0000000000
3976  -6.846  -85.117  1.875 1.0000000000
3981  -11.625  -85.217  1.790 1.0000000000
3998  -8.489  -85.689  -0.061 1.0000000000
3999  -9.703  -85.778  0.408 1.0000000000
4012  -7.661  -85.622  -0.750 1.0000000000
4013  -8.824  -85.696  -0.872 1.0000000000
4015  -10.353  -85.322  -0.032 1.0000000000
4022  -7.261  -85.797  -1.436 1.0000000000
4025  -13.081  -85.993  -1.595 1.0000000000
4032  -13.440  -85.761  -1.939 1.0000000000
4033  -14.194  -85.596  -2.312 1.0000000000
4038  -8.823  -85.503  -3.443 1.0000000000
4039  -13.473  -85.579  -2.563 1.0000000000
4040  -14.366  -85.217  -3.082 1.0000000000
4041  -17.464  -85.349  -3.031 1.0000000000
4049  -8.976  -86.176  -5.228 1.0000000000
4050  -9.686  -85.509  -5.252 1.0000000000
4051  -14.235  -85.554  -4.285 1.0000000000
4053  -15.379  -85.084  -4.893 1.0000000000
4054  -18.700  -85.059  -3.948 1.0000000000
4062  -10.439  -85.882  -5.949 1.0000000000
4064  -12.643  -86.215  -5.997 1.0000000000
4066  -14.725  -85.471  -5.046 1.0000000000
4067  -18.968  -85.463  -5.167 1.0000000000
4076  -7.277  -85.702  -6.826 0.8999999762
4079  -12.952  -85.525  -5.942 1.0000000000
4080  -13.542  -84.951  -5.756 1.0000000000
4082  -19.413  -85.195  -6.599 1.0000000000
4089  -6.632  -85.888  -7.242 0.6999999881
4091  -19.270  -85.296  -7.575 1.0000000000
4098  -10.625  -85.856  -9.044 0.8999999762
4100  -12.588  -85.510  -8.796 1.0000000000
4101  -13.345  -85.246  -8.685 1.0000000000
4112  -10.211  -85.175  -9.471 1.0000000000
4115  -19.564  -85.005  -9.385 1.0000000000
4125  -6.345  -85.843  -9.739 0.6999999881
4127  -15.639  -85.089  -9.789 1.0000000000
4141  -16.207  -85.073  -11.700 0.8999999762
4161  -16.074  -85.295  -12.222 0.8999999762
4200  -19.463  -85.103  -14.880 0.8999999762
4218  -18.014  -84.780  -15.897 0.8999999762
4229  -17.923  -85.156  -16.479 0.8999999762
4236  -17.231  -85.882  -17.429 0.8999999762
4415  -7.930  -84.220  15.409 0.5000000000
4432  -6.579  -83.413  11.811 0.8000000119
4435  -11.371  -85.027  11.527 1.0000000000
4450  -13.292  -84.009  10.677 1.0000000000
4459  -12.845  -85.315  9.992 1.0000000000
4473  -13.675  -84.325  7.866 1.0000000000
4477  -12.762  -85.120  6.076 1.0000000000
4487  -12.707  -84.365  5.537 1.0000000000
4496  -12.564  -84.278  4.345 1.0000000000
4506  -12.463  -84.586  2.994 1.0000000000
4507  -12.409  -84.871  3.440 1.0000000000
4537  -10.804  -84.144  -0.862 1.0000000000
4553  -9.934  -84.710  -1.244 1.0000000000
4556  -9.798  -84.351  -2.357 1.0000000000
4557  -10.160  -83.965  -2.779 1.0000000000
4559  -15.607  -85.011  -2.811 1.0000000000
4561  -17.103  -84.891  -2.866 1.0000000000
4563  -9.617  -84.736  -3.379 1.0000000000
4566  -16.046  -84.651  -3.357 1.0000000000
4568  -17.699  -84.686  -3.284 1.0000000000
4574  -10.433  -84.899  -5.246 1.0000000000
4575  -11.157  -84.361  -5.251 1.0000000000
4576  -15.519  -84.780  -3.960 1.0000000000
4579  -19.040  -84.402  -4.286 1.0000000000
4580  -19.652  -84.316  -4.886 1.0000000000
4586  -7.731  -84.146  -5.693 1.0000000000
4593  -15.666  -84.586  -5.298 1.0000000000
4604  -9.155  -83.991  -7.278 1.0000000000
4606  -19.931  -84.675  -6.318 1.0000000000
4607  -20.381  -84.179  -6.653 1.0000000000
4619  -8.947  -84.499  -7.996 1.0000000000
4621  -20.507  -84.146  -7.513 1.0000000000
4626  -8.947  -85.258  -8.833 1.0000000000
4628  -12.054  -85.043  -9.067 1.0000000000
4631  -14.491  -84.557  -8.711 1.0000000000
4632  -15.187  -84.208  -8.718 1.0000000000
4633  -15.906  -84.085  -8.786 1.0000000000
4641  -11.343  -84.386  -9.697 1.0000000000
4644  -15.623  -84.625  -8.982 1.0000000000
4658  -17.155  -84.031  -9.893 1.0000000000
4660  -20.627  -83.484  -10.555 1.0000000000
4672  -20.157  -84.197  -11.821 1.0000000000
4695  -20.027  -84.251  -12.695 0.8999999762
4716  -18.777  -83.773  -14.313 0.8999999762
4731  -19.379  -84.385  -14.653 0.8999999762
4740  -19.108  -84.629  -15.345 0.8999999762
4954  -6.936  -83.095  14.049 0.6000000238
4963  -6.583  -83.210  12.917 0.8000000119
4965  -6.647  -83.300  10.854 0.8000000119
4972  -11.052  -83.788  10.952 1.0000000000
4973  -12.026  -83.495  10.976 1.0000000000
4985  -13.977  -83.812  10.006 1.0000000000
4986  -14.767  -83.205  9.657 1.0000000000
4991  -7.818  -83.343  8.698 1.0000000000
4992  -8.213  -83.450  8.580 1.0000000000
4993  -8.805  -83.413  8.618 1.0000000000
4994  -9.757  -82.994  9.167 1.0000000000
4997  -15.554  -82.761  8.659 1.0000000000
5001  -8.260  -82.947  8.463 1.0000000000
5003  -13.999  -83.862  7.092 1.0000000000
5004  -14.552  -83.681  7.959 1.0000000000
5018  -12.598  -83.868  5.072 1.0000000000
5019  -13.089  -83.563  5.453 1.0000000000
5024  -12.710  -83.691  4.701 1.0000000000
5072  -10.768  -83.759  -0.974 1.0000000000
5085  -10.272  -83.788  -1.847 1.0000000000
5090  -8.115  -81.934  -4.756 1.0000000000
5094  -18.080  -84.263  -3.834 1.0000000000
5098  -7.672  -81.739  -5.098 1.0000000000
5100  -8.091  -82.660  -5.022 1.0000000000
5105  -18.016  -83.704  -4.351 1.0000000000
5106  -18.734  -83.830  -4.296 1.0000000000
5107  -19.446  -83.692  -4.653 1.0000000000
5108  -19.895  -83.089  -5.000 1.0000000000
5112  -7.016  -83.171  -5.525 1.0000000000
5114  -8.228  -83.456  -5.410 1.0000000000
5118  -15.934  -83.840  -5.659 1.0000000000
5122  -20.431  -83.311  -5.529 1.0000000000
5130  -12.932  -83.874  -5.611 1.0000000000
5135  -20.992  -83.070  -6.920 1.0000000000
5145  -20.952  -83.395  -7.820 1.0000000000
5153  -18.005  -82.805  -8.847 1.0000000000
5156  -21.014  -82.758  -8.427 1.0000000000
5161  -6.233  -83.832  -9.347 0.6999999881
5168  -20.908  -82.805  -9.305 1.0000000000
5174  -11.265  -82.996  -10.149 1.0000000000
5182  -18.241  -83.148  -11.302 1.0000000000
5192  -18.094  -83.247  -12.163 1.0000000000
5195  -20.273  -82.953  -11.800 1.0000000000
5202  -18.892  -83.305  -13.665 0.8999999762
5431  -8.621  -83.106  14.312 0.5000000000
5461  -6.896  -81.950  12.949 0.8000000119
5462  -8.955  -82.152  13.146 0.5000000000
5470  -6.700  -82.782  10.416 0.8000000119
5472  -12.981  -83.224  10.755 1.0000000000
5479  -6.923  -83.131  9.401 0.8999999762
5480  -10.700  -82.665  9.628 1.0000000000
5482  -13.053  -82.315  10.242 1.0000000000
5483  -15.022  -82.500  9.983 1.0000000000
5493  -15.889  -82.225  8.950 1.0000000000
5494  -16.234  -81.964  8.460 1.0000000000
5502  -8.086  -81.881  8.303 1.0000000000
5503  -8.576  -81.706  7.746 1.0000000000
5524  -12.928  -83.241  4.235 1.0000000000
5535  -12.706  -84.105  2.743 1.0000000000
5536  -12.964  -83.686  3.076 1.0000000000
5537  -13.385  -83.215  3.586 1.0000000000
5560  -12.265  -84.217  1.094 1.0000000000
5580  -11.604  -84.175  -0.689 1.0000000000
5593  -7.992  -80.617  -4.189 1.0000000000
5595  -11.189  -83.619  -1.849 1.0000000000
5596  -11.978  -83.379  -2.041 1.0000000000
5601  -8.582  -81.253  -4.263 1.0000000000
5624  -19.622  -82.450  -5.190 1.0000000000
5633  -13.372  -83.096  -5.310 1.0000000000
5638  -20.878  -82.458  -6.829 1.0000000000
5647  -9.695  -82.980  -8.157 1.0000000000
5649  -20.791  -82.213  -7.387 1.0000000000
5655  -15.070  -83.579  -8.887 1.0000000000
5658  -17.833  -82.396  -8.910 1.0000000000
5668  -13.211  -83.095  -9.710 1.0000000000
5670  -15.827  -82.360  -9.540 1.0000000000
5681  -14.286  -81.909  -10.200 1.0000000000
5682  -15.167  -81.691  -10.197 1.0000000000
5683  -19.408  -82.452  -9.857 1.0000000000
5685  -20.296  -82.668  -10.806 1.0000000000
5691  -19.459  -82.592  -11.706 1.0000000000
5692  -20.073  -82.699  -11.470 1.0000000000
5698  -19.267  -82.693  -12.436 1.0000000000
5997  -8.690  -81.562  12.550 0.5000000000
6012  -7.814  -81.169  12.221 0.6000000238
6014  -10.731  -81.450  11.820 0.5000000000
6015  -11.807  -81.252  11.773 0.5000000000
6019  -14.000  -81.931  10.130 1.0000000000
6022  -6.901  -81.393  10.165 0.8000000119
6023  -12.739  -81.730  9.469 1.0000000000
6024  -14.927  -81.894  10.020 1.0000000000
6033  -11.899  -81.652  8.681 1.0000000000
6035  -13.532  -81.383  9.333 1.0000000000
6037  -16.050  -81.604  8.890 1.0000000000
6049  -11.978  -80.753  7.200 1.0000000000
6064  -8.734  -81.090  6.953 1.0000000000
6065  -9.319  -81.301  6.537 1.0000000000
6066  -10.140  -81.204  6.531 1.0000000000
6067  -11.123  -80.895  6.749 1.0000000000
6068  -16.536  -82.071  6.727 1.0000000000
6069  -17.150  -81.371  6.657 1.0000000000
6083  -18.074  -81.105  5.142 1.0000000000
6109  -13.591  -82.943  2.829 1.0000000000
6127  -12.586  -83.788  1.371 1.0000000000
6145  -12.836  -83.268  1.213 1.0000000000
6159  -18.214  -81.198  0.581 1.0000000000
6170  -7.939  -79.433  -1.318 1.0000000000
6181  -8.049  -79.968  -2.095 1.0000000000
6191  -7.863  -80.003  -3.406 1.0000000000
6193  -8.527  -80.407  -3.314 1.0000000000
6199  -7.702  -80.499  -4.241 1.0000000000
6201  -8.965  -80.992  -3.769 1.0000000000
6216  -9.280  -81.426  -5.356 1.0000000000
6220  -18.542  -81.536  -5.614 1.0000000000
6221  -19.321  -81.805  -5.560 1.0000000000
6236  -20.530  -82.189  -6.168 1.0000000000
6242  -10.214  -81.520  -7.910 1.0000000000
6244  -15.430  -80.707  -7.597 1.0000000000
6251  -6.722  -81.612  -8.850 0.6999999881
6256  -18.689  -81.077  -8.553 1.0000000000
6257  -20.070  -81.951  -8.118 1.0000000000
6258  -20.456  -81.947  -7.558 1.0000000000
6261  -7.005  -81.380  -9.766 0.6000000238
6262  -11.055  -81.923  -9.751 1.0000000000
6263  -11.619  -81.520  -10.015 1.0000000000
6267  -17.698  -80.662  -9.730 1.0000000000
6272  -12.162  -81.872  -10.331 1.0000000000
6274  -13.793  -81.393  -10.450 1.0000000000
6277  -16.408  -80.562  -10.396 1.0000000000
6613  -6.945  -80.539  11.046 0.8000000119
6614  -8.150  -80.722  11.577 0.6000000238
6633  -7.143  -80.080  9.634 0.8000000119
6634  -15.250  -81.498  9.515 1.0000000000
6640  -7.230  -80.328  8.780 0.8000000119
6642  -15.137  -80.882  9.057 1.0000000000
6643  -15.730  -81.259  9.070 1.0000000000
6644  -16.193  -81.076  8.590 1.0000000000
6649  -7.339  -79.561  7.489 0.8999999762
6651  -12.760  -80.602  7.515 1.0000000000
6666  -9.042  -80.971  6.055 1.0000000000
6670  -14.054  -79.696  7.460 1.0000000000
6682  -8.147  -79.933  6.292 1.0000000000
6684  -11.265  -80.231  6.491 1.0000000000
6737  -13.324  -82.548  1.065 1.0000000000
6742  -19.581  -80.352  0.982 1.0000000000
6755  -7.818  -79.172  -0.977 1.0000000000
6759  -19.272  -80.611  -0.019 1.0000000000
6769  -7.632  -79.130  -1.392 1.0000000000
6783  -7.407  -79.152  -1.996 1.0000000000
6784  -8.136  -80.194  -1.931 1.0000000000
6794  -8.434  -80.131  -2.493 1.0000000000
6795  -8.927  -79.920  -2.691 1.0000000000
6815  -6.676  -80.219  -5.177 1.0000000000
6816  -9.603  -80.573  -5.385 1.0000000000
6833  -18.028  -80.355  -6.946 1.0000000000
6850  -6.991  -80.801  -9.172 0.5000000000
6859  -11.795  -80.748  -9.642 1.0000000000
6861  -13.868  -79.986  -10.148 1.0000000000
6862  -16.745  -79.930  -10.299 1.0000000000
6863  -17.478  -79.930  -9.880 1.0000000000
6868  -15.884  -80.042  -10.454 1.0000000000
7207  -7.777  -79.979  10.310 0.6999999881
7209  -10.401  -79.975  9.895 0.5000000000
7220  -8.169  -79.478  9.479 0.6999999881
7232  -8.994  -78.922  8.983 0.6000000238
7239  -16.229  -80.004  7.483 1.0000000000
7247  -7.169  -79.093  6.828 0.8999999762
7267  -9.362  -79.551  5.910 1.0000000000
7269  -11.185  -79.708  6.357 1.0000000000
7271  -12.709  -79.208  6.743 1.0000000000
7272  -13.789  -78.962  7.001 1.0000000000
7296  -18.800  -79.735  3.886 1.0000000000
7323  -8.236  -78.374  0.557 1.0000000000
7324  -8.683  -78.315  1.273 1.0000000000
7339  -7.839  -78.963  -0.618 1.0000000000
7358  -8.460  -79.247  -0.810 1.0000000000
7359  -8.839  -78.981  -0.331 1.0000000000
7362  -17.692  -79.826  -0.294 1.0000000000
7363  -18.316  -79.589  -0.964 1.0000000000
7365  -20.319  -79.385  -0.382 1.0000000000
7386  -9.100  -79.355  -2.227 1.0000000000
7387  -9.635  -78.977  -2.787 1.0000000000
7390  -19.315  -79.162  -2.075 1.0000000000
7408  -6.771  -79.639  -4.579 1.0000000000
7411  -15.255  -78.613  -4.532 1.0000000000
7418  -10.492  -79.330  -5.484 1.0000000000
7419  -11.164  -78.921  -5.850 1.0000000000
7429  -7.479  -78.858  -6.866 0.6999999881
7448  -7.530  -79.215  -8.472 0.8000000119
7459  -7.487  -79.338  -9.265 0.5000000000
7462  -16.094  -79.388  -9.696 1.0000000000
7463  -16.901  -79.556  -9.848 1.0000000000
7467  -15.532  -79.655  -10.174 1.0000000000
7865  -6.688  -77.669  8.206 0.8000000119
7891  -6.812  -78.217  6.213 0.8000000119
7892  -7.099  -78.482  5.948 0.8000000119
7926  -19.195  -78.272  3.070 1.0000000000
7938  -8.344  -78.090  2.143 1.0000000000
7939  -9.079  -78.042  2.287 1.0000000000
7956  -7.801  -78.018  1.120 1.0000000000
7959  -10.015  -78.043  1.411 1.0000000000
7963  -20.083  -78.677  1.573 1.0000000000
7987  -7.218  -78.078  0.124 1.0000000000
8001  -7.254  -78.874  -1.175 1.0000000000
8006  -20.700  -78.827  -1.787 1.0000000000
8014  -6.943  -79.340  -2.773 1.0000000000
8017  -10.601  -77.713  -2.829 1.0000000000
8032  -19.859  -78.364  -3.354 1.0000000000
8051  -14.923  -77.941  -5.803 1.0000000000
8072  -7.986  -78.387  -7.356 0.8999999762
8078  -13.324  -78.919  -8.369 1.0000000000
8547  -6.633  -76.808  7.980 0.6999999881
8554  -10.063  -77.164  6.269 1.0000000000
8557  -12.655  -77.857  6.800 1.0000000000
8565  -7.378  -77.752  5.770 0.8000000119
8568  -10.215  -77.779  6.263 1.0000000000
8582  -17.903  -77.426  4.299 1.0000000000
8605  -6.972  -77.588  2.234 1.0000000000
8608  -9.554  -77.571  2.440 1.0000000000
8624  -6.927  -77.692  1.731 1.0000000000
8626  -10.473  -77.573  1.944 1.0000000000
8628  -15.431  -77.870  1.517 1.0000000000
8632  -20.314  -77.909  1.344 1.0000000000
8644  -7.114  -77.789  0.943 1.0000000000
8645  -10.563  -77.561  1.314 1.0000000000
8656  -7.078  -76.764  -0.162 1.0000000000
8658  -11.069  -77.196  0.052 1.0000000000
8677  -21.706  -77.504  -2.055 1.0000000000
8687  -10.659  -77.459  -2.274 1.0000000000
8694  -21.480  -77.713  -3.063 1.0000000000
8703  -7.917  -77.341  -3.617 1.0000000000
8708  -20.336  -77.937  -3.927 1.0000000000
8720  -19.818  -77.029  -4.829 1.0000000000
8721  -20.443  -77.417  -4.608 1.0000000000
8722  -21.271  -77.176  -4.543 1.0000000000
8728  -7.870  -77.810  -5.046 1.0000000000
8730  -12.214  -77.599  -5.215 1.0000000000
8754  -8.372  -77.792  -6.903 0.8999999762
9278  -6.789  -76.007  7.606 0.6999999881
9291  -12.147  -76.354  6.803 1.0000000000
9295  -16.062  -75.914  6.737 1.0000000000
9310  -18.192  -76.544  4.122 1.0000000000
9339  -10.116  -76.964  2.566 1.0000000000
9363  -20.126  -76.304  1.659 1.0000000000
9372  -6.392  -76.091  1.024 1.0000000000
9407  -8.487  -76.191  -2.687 1.0000000000
9410  -13.756  -75.933  -2.719 1.0000000000
9424  -13.162  -76.236  -3.362 1.0000000000
9426  -18.909  -76.323  -3.488 1.0000000000
9441  -20.846  -76.879  -5.113 1.0000000000
9449  -8.671  -76.548  -5.815 0.8999999762
9450  -19.915  -76.590  -5.284 1.0000000000
9452  -21.094  -76.288  -5.498 1.0000000000
9475  -8.359  -76.336  -7.869 0.6999999881
9476  -8.542  -76.038  -7.086 0.8000000119
9482  -7.961  -76.698  -8.615 0.5000000000
10009  -7.150  -75.278  6.344 0.6000000238
10012  -14.367  -75.563  7.024 1.0000000000
10013  -15.240  -75.680  6.954 1.0000000000
10014  -16.436  -75.416  6.275 1.0000000000
10035  -18.023  -75.175  4.518 1.0000000000
10036  -18.554  -75.125  3.856 1.0000000000
10042  -19.095  -75.535  3.211 1.0000000000
10059  -11.497  -76.028  2.421 1.0000000000
10061  -15.472  -75.445  1.881 1.0000000000
10100  -6.666  -75.298  0.612 1.0000000000
10110  -18.094  -75.626  -0.848 1.0000000000
10118  -14.198  -75.791  -2.095 1.0000000000
10119  -18.232  -75.469  -1.696 1.0000000000
10138  -8.086  -75.214  -4.938 0.6999999881
10154  -19.763  -75.903  -5.646 1.0000000000
10156  -21.295  -75.553  -5.678 1.0000000000
10167  -8.548  -75.922  -6.222 0.8000000119
10168  -19.924  -75.240  -6.060 1.0000000000
10721  -7.567  -74.741  6.037 0.6000000238
10739  -10.474  -74.804  4.596 0.8000000119
10741  -12.716  -74.160  6.030 1.0000000000
10745  -16.589  -74.749  5.860 1.0000000000
10754  -9.223  -74.362  4.255 0.6000000238
10774  -13.557  -74.954  2.288 1.0000000000
10816  -6.798  -74.454  0.512 1.0000000000
10818  -10.652  -74.205  0.352 1.0000000000
10821  -16.556  -74.264  1.023 1.0000000000
10833  -8.282  -74.867  -2.438 1.0000000000
10852  -6.785  -74.084  -5.073 0.6999999881
10858  -6.751  -74.119  -5.952 0.6999999881
10864  -21.575  -74.794  -5.695 1.0000000000
10866  -6.784  -74.199  -6.846 0.6000000238
10873  -20.633  -74.427  -6.398 1.0000000000
10874  -21.224  -74.418  -6.267 1.0000000000
11452  -16.949  -74.151  5.251 1.0000000000
11464  -13.074  -73.036  4.411 0.8999999762
11465  -13.921  -72.842  4.789 0.8999999762
11468  -16.571  -73.468  4.857 1.0000000000
11483  -18.458  -73.504  3.736 1.0000000000
11484  -19.000  -73.829  3.242 1.0000000000
11527  -16.793  -74.085  0.079 1.0000000000
11542  -14.639  -73.354  -0.010 1.0000000000
11552  -16.545  -73.436  -1.408 1.0000000000
11559  -17.670  -73.780  -2.577 1.0000000000
11568  -22.491  -73.899  -3.649 1.0000000000
11602  -20.282  -73.861  -6.560 1.0000000000
12217  -9.331  -73.000  4.778 0.6000000238
12236  -7.134  -72.109  3.595 0.8999999762
12237  -10.454  -72.431  2.866 0.6999999881
12242  -15.068  -71.926  3.805 1.0000000000
12243  -15.926  -72.203  3.807 1.0000000000
12258  -10.647  -71.936  2.628 0.6000000238
12272  -8.506  -72.564  2.160 1.0000000000
12298  -13.054  -72.914  -1.280 1.0000000000
12305  -12.334  -72.372  -1.619 1.0000000000
12308  -15.223  -72.845  -1.781 1.0000000000
12310  -16.725  -73.241  -2.140 1.0000000000
12316  -13.891  -72.277  -2.179 1.0000000000
12329  -17.205  -72.720  -3.547 1.0000000000
12375  -21.032  -72.764  -6.846 1.0000000000
13034  -6.880  -70.878  3.949 0.8999999762
13069  -12.021  -71.789  1.487 0.6999999881
13074  -18.381  -71.765  2.636 1.0000000000
13086  -6.286  -71.733  2.313 1.0000000000
13088  -9.049  -71.745  1.551 1.0000000000
13092  -18.709  -71.160  2.090 1.0000000000
13115  -10.457  -71.557  -0.612 1.0000000000
13118  -22.875  -70.841  -0.745 1.0000000000
13142  -15.336  -71.495  -3.569 1.0000000000
13171  -18.627  -71.630  -5.633 1.0000000000
13819  -6.819  -70.370  4.081 0.8999999762
13832  -6.584  -70.734  3.724 0.8999999762
13849  -14.371  -71.316  2.138 1.0000000000
13861  -12.224  -71.094  0.977 0.6999999881
13865  -16.454  -70.813  1.458 1.0000000000
13899  -7.075  -70.476  -0.460 0.8000000119
13900  -10.749  -70.807  -1.003 1.0000000000
13902  -14.553  -69.532  -1.187 0.8999999762
13905  -17.660  -70.171  -0.467 1.0000000000
13906  -18.489  -70.064  -0.374 1.0000000000
13907  -19.256  -69.864  -0.148 1.0000000000
13917  -11.941  -70.866  -2.176 1.0000000000
13928  -11.840  -69.817  -2.291 1.0000000000
13931  -13.809  -71.125  -3.172 1.0000000000
13940  -13.529  -70.357  -3.480 1.0000000000
13944  -24.710  -71.105  -3.607 1.0000000000
13958  -15.537  -70.090  -4.602 1.0000000000
13960  -18.235  -70.949  -5.514 1.0000000000
13977  -17.835  -70.271  -5.596 1.0000000000
14723  -12.972  -69.165  -0.440 0.8000000119
14737  -15.592  -69.636  -1.418 0.8999999762
14740  -21.274  -69.334  -0.114 1.0000000000
14746  -11.050  -69.211  -1.239 1.0000000000
14763  -12.889  -70.097  -3.255 1.0000000000
14765  -18.545  -69.033  -3.165 0.8999999762
14778  -14.006  -69.880  -3.971 1.0000000000
14793  -15.833  -69.544  -5.020 1.0000000000
14812  -18.830  -69.926  -6.228 1.0000000000
14826  -21.417  -70.268  -6.709 1.0000000000
14829  -24.740  -69.661  -6.620 1.0000000000
15507  -6.210  -68.092  4.090 0.8999999762
15509  -7.588  -68.150  4.337 0.8999999762
15521  -8.403  -68.454  3.433 0.8999999762
15522  -8.943  -68.876  2.681 1.0000000000
15544  -9.821  -68.698  1.029 1.0000000000
15578  -12.221  -68.312  -2.867 1.0000000000
15581  -19.513  -67.818  -3.790 0.8000000119
15595  -13.861  -69.131  -4.117 1.0000000000
15605  -13.682  -67.842  -4.198 1.0000000000
15620  -15.774  -68.073  -5.440 1.0000000000
15621  -16.596  -68.255  -5.718 1.0000000000
15635  -18.704  -68.458  -6.401 1.0000000000
15636  -19.448  -68.824  -6.457 1.0000000000
16355  -6.701  -66.649  4.411 0.8999999762
16370  -6.470  -67.336  4.307 0.8999999762
16384  -5.907  -67.893  3.345 0.8999999762
16400  -6.334  -67.523  2.160 0.8000000119
16406  -17.463  -67.483  1.098 0.5000000000
16418  -10.167  -67.972  0.476 1.0000000000
16439  -11.112  -67.641  -1.579 1.0000000000
16443  -18.930  -66.705  -2.646 0.8000000119
16453  -12.014  -67.277  -2.796 1.0000000000
16469  -13.152  -67.737  -3.739 1.0000000000
16471  -21.101  -66.861  -3.576 0.8000000119
16472  -21.592  -66.946  -3.704 0.8000000119
16503  -14.661  -66.963  -4.982 1.0000000000
16506  -17.148  -66.865  -6.052 1.0000000000
16522  -18.736  -67.526  -6.455 1.0000000000
17260  -7.254  -66.173  4.260 0.8999999762
17307  -6.517  -66.366  0.307 0.6000000238
17308  -9.570  -66.547  1.101 1.0000000000
17326  -11.082  -66.717  -1.581 1.0000000000
17327  -19.838  -66.724  -3.046 0.8000000119
17338  -12.304  -66.389  -2.818 1.0000000000
17339  -20.528  -66.689  -3.291 0.8000000119
17342  -23.789  -66.437  -2.581 0.8000000119
17368  -13.946  -66.156  -4.114 1.0000000000
17385  -15.964  -66.389  -5.440 1.0000000000
17386  -17.345  -66.081  -5.840 1.0000000000
17424  -26.706  -66.226  -7.683 1.0000000000
18194  -6.504  -65.383  4.125 0.8999999762
18208  -6.200  -65.037  3.715 0.8999999762
18209  -6.972  -65.305  4.248 0.8999999762
18244  -10.255  -65.671  0.091 1.0000000000
18245  -21.331  -65.773  0.463 0.6999999881
18249  -6.585  -65.574  -0.862 0.6000000238
18251  -11.165  -65.555  -0.982 1.0000000000
18256  -11.463  -65.868  -1.719 1.0000000000
18269  -12.663  -65.696  -2.535 1.0000000000
18291  -23.866  -65.039  -3.151 0.8000000119
18326  -17.825  -65.325  -5.447 1.0000000000
18350  -22.838  -65.934  -7.272 1.0000000000
19150  -6.940  -64.419  4.079 0.8999999762
19168  -6.050  -64.143  3.188 0.8999999762
19170  -8.836  -64.399  2.731 0.8999999762
19193  -10.044  -65.232  0.737 1.0000000000
19194  -10.532  -64.822  0.411 0.8999999762
19205  -13.678  -64.139  -0.769 1.0000000000
19212  -14.803  -64.388  -1.566 1.0000000000
19220  -15.350  -64.712  -2.018 1.0000000000
19237  -15.509  -65.162  -2.696 1.0000000000
19258  -17.784  -64.450  -3.586 1.0000000000
19271  -18.104  -64.478  -4.953 1.0000000000
19273  -18.941  -64.080  -5.745 1.0000000000
20051  -6.449  -63.630  3.369 0.8999999762
20076  -6.118  -63.664  2.474 0.8000000119
20091  -12.139  -63.150  0.543 0.8999999762
20096  -11.956  -63.745  0.277 0.8999999762
20101  -14.090  -63.546  -0.931 1.0000000000
20115  -15.993  -64.148  -2.074 1.0000000000
20164  -18.816  -63.403  -5.734 1.0000000000
20179  -19.900  -63.800  -6.327 1.0000000000
20983  -6.630  -62.879  3.214 0.8999999762
21002  -9.158  -62.289  2.772 0.8999999762
21011  -6.502  -62.046  1.885 0.8000000119
21024  -11.833  -62.578  0.948 0.8999999762
21030  -6.657  -62.266  -0.564 0.6000000238
21032  -22.671  -62.580  -0.124 0.5000000000
21038  -14.334  -63.002  -1.322 0.8999999762
21054  -14.099  -62.263  -1.685 0.8999999762
21079  -16.748  -63.226  -3.242 1.0000000000
21080  -28.043  -63.141  -2.651 0.8000000119
21093  -15.121  -62.387  -3.814 1.0000000000
21143  -24.705  -62.471  -7.381 1.0000000000
21877  -7.172  -61.311  2.764 0.8999999762
21888  -7.013  -60.869  2.224 0.8999999762
21898  -11.520  -60.951  0.993 0.8999999762
21899  -12.113  -61.695  0.748 0.8999999762
21916  -6.731  -62.050  -1.281 0.6000000238
21970  -14.027  -60.997  -3.990 1.0000000000
21983  -16.970  -62.049  -5.897 1.0000000000
21998  -19.002  -61.650  -6.760 1.0000000000
22000  -20.771  -61.637  -6.956 1.0000000000
22006  -29.820  -61.766  -6.344 0.8999999762
22017  -24.187  -61.775  -7.357 1.0000000000
22762  -8.326  -60.658  2.477 0.8999999762
22772  -7.314  -60.397  1.931 0.8999999762
22773  -7.901  -59.999  1.889 0.8999999762
22774  -9.163  -60.865  2.435 0.8999999762
22776  -10.902  -60.223  1.164 0.8999999762
22780  -7.583  -60.307  1.324 0.8000000119
22809  -13.240  -60.820  -1.705 0.8999999762
22862  -8.354  -59.489  -5.974 0.5000000000
22882  -9.481  -60.620  -6.358 0.5000000000
22883  -14.892  -60.251  -6.322 1.0000000000
22885  -16.445  -60.532  -6.912 1.0000000000
22886  -17.655  -61.014  -7.002 1.0000000000
22892  -23.467  -60.516  -7.372 1.0000000000
22906  -9.150  -59.979  -8.154 0.5000000000
23720  -9.306  -59.241  0.846 0.8999999762
23731  -12.173  -59.884  -0.773 0.8999999762
23745  -11.341  -58.811  -1.512 0.8999999762
23762  -8.238  -59.187  -2.098 0.5000000000
23764  -12.405  -59.183  -2.371 0.8999999762
23779  -12.902  -58.956  -3.645 0.8999999762
23799  -7.980  -59.031  -5.421 0.6000000238
23803  -30.138  -60.209  -5.574 0.8000000119
23815  -16.051  -59.936  -7.195 1.0000000000
23834  -8.552  -59.259  -6.817 0.5000000000
23837  -15.588  -59.422  -7.346 1.0000000000
23838  -16.749  -59.699  -7.589 1.0000000000
23844  -22.657  -59.684  -7.639 1.0000000000
23846  -24.306  -59.197  -7.413 1.0000000000
23862  -9.323  -59.411  -8.456 0.4000000060
23864  -17.948  -59.305  -8.143 1.0000000000
23865  -18.731  -59.266  -8.238 1.0000000000
23870  -9.772  -59.182  -8.903 0.5000000000
23873  -12.469  -59.274  -10.373 0.4000000060
24671  -8.280  -58.941  -0.820 0.6999999881
24672  -8.470  -58.775  -0.581 0.6999999881
24692  -27.220  -58.662  -0.891 0.4000000060
24700  -8.802  -58.517  -2.064 0.8000000119
24715  -7.980  -58.552  -3.285 0.6000000238
24727  -7.935  -58.044  -4.403 0.6000000238
24728  -7.894  -58.458  -4.870 0.6000000238
24739  -8.126  -58.334  -5.755 0.6000000238
24769  -21.771  -58.840  -8.296 1.0000000000
24792  -19.862  -58.289  -8.697 1.0000000000
24793  -20.679  -58.396  -8.619 1.0000000000
24807  -11.051  -58.002  -10.013 0.4000000060
24808  -11.292  -58.188  -10.460 0.4000000060
25620  -8.654  -57.418  -5.226 0.6000000238
25621  -9.308  -57.091  -5.775 0.6000000238
25622  -10.013  -56.987  -5.260 0.8000000119
25634  -9.182  -57.562  -6.438 0.6000000238
25635  -11.276  -56.759  -6.351 0.8000000119
25644  -9.455  -58.280  -7.664 0.6000000238
25655  -10.026  -57.973  -8.245 0.6000000238
25658  -15.570  -57.420  -8.745 0.8999999762
25664  -22.725  -57.309  -8.699 1.0000000000
25676  -10.185  -58.342  -8.838 0.6000000238
25680  -16.825  -57.115  -9.146 0.8999999762
25683  -19.786  -57.360  -9.090 1.0000000000
26473  -30.528  -56.492  -4.185 0.4000000060
26527  -13.833  -56.699  -8.212 0.8000000119
26531  -22.607  -56.442  -9.121 1.0000000000
26537  -11.011  -56.969  -8.931 0.6999999881
26544  -21.856  -56.229  -9.362 1.0000000000
26554  -11.503  -56.420  -9.413 0.5000000000
26569  -12.535  -56.365  -11.064 0.4000000060
27442  -11.670  -55.412  -7.879 0.6999999881
27447  -28.725  -55.913  -7.638 0.8000000119
27462  -15.437  -55.026  -9.326 0.8000000119
27490  -13.698  -54.962  -11.609 0.4000000060
27506  -14.473  -55.151  -12.103 0.4000000060
28316  -11.863  -54.529  -8.926 0.6999999881
28320  -22.970  -54.305  -9.317 0.8999999762
28321  -23.684  -54.612  -8.956 1.0000000000
28332  -19.945  -54.427  -9.538 0.8999999762
28364  -14.821  -54.553  -12.114 0.4000000060
29170  -22.751  -53.439  -9.356 0.8999999762
29181  -15.070  -53.396  -9.847 0.6000000238
29234  -16.045  -53.628  -13.039 0.3000000119
29996  -17.011  -52.565  -9.860 0.8000000119
29999  -20.036  -52.468  -9.545 0.8000000119
30823  -22.088  -51.426  -9.753 0.8000000119
30834  -16.582  -51.390  -10.554 0.4000000060
30841  -15.913  -51.800  -10.957 0.5000000000
32439  -20.696  -49.966  -11.153 0.6000000238
106952  -10.213  -91.303  -6.361 1.0000000000
107028  -6.900  -83.333  -11.721 0.4000000060
107211  -18.733  -91.140  -23.239 0.5000000000
107281  -6.872  -78.971  -2.109 1.0000000000
107397  -6.745  -87.051  -8.457 0.6999999881
107609  -6.612  -87.801  -1.143 1.0000000000
107715  -6.224  -72.726  -4.883 0.5000000000
107972  -14.783  -65.462  -3.652 1.0000000000
108128  -23.670  -57.364  -8.299 1.0000000000
108240  -10.795  -93.150  -3.428 1.0000000000
108258  -14.639  -79.956  -1.741 1.0000000000
108349  -12.549  -83.574  4.641 1.0000000000
108420  -20.600  -82.421  -8.786 1.0000000000
108552  -6.665  -80.572  -6.700 0.8999999762
108634  -13.457  -93.869  -12.672 0.6999999881
108645  -23.392  -51.306  -9.816 0.6000000238
108812  -6.379  -71.132  3.308 0.8999999762
108814  -6.513  -62.886  -2.608 0.5000000000
108870  -9.393  -83.254  -7.265 1.0000000000
109027  -20.741  -66.113  -6.970 1.0000000000
109147  -10.741  -83.599  -9.992 1.0000000000
109172  -6.817  -88.199  -2.015 1.0000000000
109312  -17.418  -86.644  -7.868 1.0000000000
109338  -9.999  -93.800  -7.136 1.0000000000
109367  -15.628  -69.032  -2.391 0.8999999762
109528  -16.640  -66.339  -5.666 1.0000000000
109533  -12.574  -90.566  8.683 0.8000000119
109657  -18.373  -80.882  -6.376 1.0000000000
109682  -9.016  -80.351  -3.333 1.0000000000
109698  -6.378  -85.426  -10.701 0.6000000238
109789  -14.918  -70.936  -3.834 1.0000000000
109858  -23.896  -65.112  -7.414 1.0000000000
109901  -11.625  -79.751  -8.259 1.0000000000
109936  -28.515  -60.208  -7.333 0.8999999762
109944  -10.173  -94.212  -6.967 1.0000000000
110009  -10.779  -94.025  -9.746 0.8999999762
110113  -11.639  -92.809  5.506 0.8999999762
110117  -11.765  -90.588  12.526 0.8000000119
110184  -18.790  -91.857  -22.175 0.6999999881
110223  -7.074  -89.993  -0.398 1.0000000000
110241  -20.814  -82.835  -6.137 1.0000000000
110277  -9.701  -91.474  -13.733 0.5000000000
110384  -10.111  -91.376  -15.101 0.8000000119
110677  -19.998  -87.719  -26.320 0.5000000000
110679  -10.089  -91.660  -6.080 1.0000000000
110742  -11.416  -69.702  -1.701 1.0000000000
110743  -10.254  -92.725  -6.017 1.0000000000
110830  -10.172  -93.847  -7.602 1.0000000000
110904  -19.876  -92.744  -19.352 0.6000000238
110945  -17.420  -91.674  -24.402 0.8000000119
111130  -15.025  -71.972  -2.958 1.0000000000
111157  -17.544  -93.724  -17.072 0.6000000238
111204  -6.910  -85.240  -0.037 1.0000000000
111227  -12.046  -86.423  -2.541 1.0000000000
111264  -8.575  -76.581  -5.087 0.8999999762
111367  -20.819  -62.945  -6.611 1.0000000000
111568  -13.347  -93.177  -3.646 0.6000000238
111747  -24.368  -57.426  -7.994 1.0000000000
111810  -9.452  -89.528  11.791 0.6000000238
111835  -16.103  -85.550  -2.657 1.0000000000
111987  -12.371  -90.123  3.320 0.6000000238
112012  -24.842  -63.781  -7.473 1.0000000000
112084  -10.647  -93.653  -10.424 1.0000000000
112088  -13.004  -74.748  2.005 1.0000000000
112152  -8.768  -91.988  -13.340 0.5000000000
112156  -13.287  -94.063  -12.759 0.6999999881
112215  -7.519  -87.073  -7.403 0.8000000119
112355  -15.338  -78.210  -3.358 1.0000000000
112442  -11.674  -58.718  -10.628 0.4000000060
112521  -8.873  -92.146  -14.185 0.5000000000
112529  -6.398  -86.209  -8.742 0.6999999881
112689  -12.521  -90.593  -9.000 1.0000000000
112700  -15.362  -88.242  -6.274 1.0000000000
112758  -10.751  -92.781  -3.134 1.0000000000
112872  -7.469  -80.348  11.034 0.6999999881
112892  -6.576  -63.785  -1.030 0.6000000238
112913  -18.636  -85.552  -4.492 1.0000000000
113058  -20.657  -83.901  -9.129 1.0000000000
113064  -14.103  -94.009  -19.234 0.8999999762
113070  -15.496  -88.447  -12.211 0.8999999762
113123  -16.319  -62.034  -5.599 1.0000000000
113168  -7.470  -84.708  14.424 0.6000000238
113252  -12.089  -84.473  1.327 1.0000000000
113333  -11.486  -90.560  11.743 0.8000000119
113342  -6.904  -89.234  0.194 1.0000000000
113618  -14.811  -68.807  -4.730 1.0000000000
113652  -6.514  -73.428  -4.763 0.6999999881
113656  -25.332  -69.889  -6.123 1.0000000000
113670  -23.926  -61.177  -1.682 0.6000000238
113769  -11.606  -90.601  -3.042 1.0000000000
113801  -16.522  -82.224  4.260 1.0000000000
113803  -16.454  -96.798  -8.701 0.5000000000
113914  -14.143  -66.777  -4.522 1.0000000000
113947  -6.100  -84.443  -8.709 0.6999999881
114010  -14.001  -82.616  -9.775 1.0000000000
114017  -14.426  -86.341  -10.828 1.0000000000
114088  -12.798  -76.850  6.969 1.0000000000
114267  -8.647  -76.836  5.663 0.8000000119
114292  -7.218  -78.327  -0.608 1.0000000000
114455  -19.525  -74.212  2.527 1.0000000000
114694  -10.481  -92.369  -9.820 1.0000000000
114812  -9.497  -89.024  -0.288 1.0000000000
114831  -10.072  -86.746  10.799 1.0000000000
114909  -19.835  -84.426  -13.345 0.8999999762
114969  -13.880  -90.873  -14.579 0.8999999762
115247  -17.164  -75.992  1.626 1.0000000000
115290  -7.216  -79.762  8.252 0.8999999762
115330  -22.605  -64.291  -2.625 0.6999999881
115403  -6.276  -71.305  -3.059 0.5000000000
115406  -10.384  -92.998  -10.586 1.0000000000
115407  -13.199  -91.465  -14.288 1.0000000000
115543  -14.833  -95.725  -5.390 0.6000000238
115715  -7.527  -82.474  -5.284 1.0000000000
115786  -10.431  -91.999  -4.128 1.0000000000
115934  -12.582  -84.422  2.990 1.0000000000
116203  -12.171  -88.377  -0.924 1.0000000000
116224  -18.814  -46.858  -11.385 0.3000000119
116345  -16.335  -96.326  -8.086 0.6000000238
116385  -9.326  -82.855  -6.371 1.0000000000
116394  -18.870  -93.478  -20.295 0.6999999881
116441  -9.345  -90.993  -0.058 1.0000000000
116587  -6.899  -87.959  0.468 1.0000000000
116778  -6.873  -81.572  -5.128 1.0000000000
116908  -9.608  -83.517  -8.878 1.0000000000
117122  -13.017  -73.780  0.373 1.0000000000
117155  -6.412  -84.129  -6.848 0.8000000119
117466  -10.655  -85.538  11.325 1.0000000000
117556  -10.722  -59.339  -9.876 0.4000000060
117703  -19.285  -93.377  -20.040 0.6999999881
117743  -10.172  -80.526  -6.651 1.0000000000
117832  -18.365  -74.111  -3.689 1.0000000000
117858  -27.413  -60.931  -7.566 1.0000000000
117895  -12.095  -73.440  3.870 0.6999999881
117919  -8.533  -57.997  -6.236 0.5000000000
118099  -10.643  -94.564  -6.812 1.0000000000
118127  -16.634  -92.074  -23.034 0.8000000119
118159  -13.840  -82.070  -4.551 1.0000000000
118307  -7.972  -58.949  -2.852 0.6000000238
118402  -12.006  -94.605  -1.322 0.8999999762
118440  -17.962  -88.886  -26.234 0.6999999881
118541  -14.031  -92.868  6.896 0.8000000119
118635  -10.033  -92.537  -7.676 1.0000000000
118663  -7.680  -76.907  5.602 0.8000000119
118766  -8.464  -77.069  -8.043 0.6000000238
118908  -11.657  -94.547  -11.751 0.8000000119
118977  -14.814  -83.326  7.141 1.0000000000
119261  -7.479  -79.559  -2.874 1.0000000000
119345  -7.377  -85.041  0.813 1.0000000000
119379  -19.473  -88.369  -25.162 0.5000000000
119417  -8.025  -90.585  1.094 1.0000000000
119529  -10.055  -89.776  12.758 0.6000000238
119537  -8.201  -74.890  -1.748 1.0000000000
119548  -16.547  -65.231  -3.903 1.0000000000
119607  -19.811  -79.484  1.746 1.0000000000
119974  -7.766  -91.543  -11.228 0.5000000000
120019  -29.884  -59.305  -6.263 0.8999999762
120140  -8.944  -87.354  -5.251 1.0000000000
120316  -6.682  -61.775  1.005 0.8000000119
120332  -9.655  -85.342  -0.916 1.0000000000
120448  -12.726  -82.211  -10.268 1.0000000000
120601  -7.555  -78.590  -6.243 0.8999999762
120660  -7.381  -85.055  3.179 1.0000000000
120673  -6.770  -80.939  -5.079 1.0000000000
120729  -12.977  -69.990  -0.154 0.8000000119
120784  -11.126  -92.245  -11.055 1.0000000000
120867  -12.750  -85.885  8.428 1.0000000000
121082  -11.477  -82.502  9.926 1.0000000000
121095  -18.036  -79.817  -8.582 1.0000000000
121107  -12.672  -94.739  0.112 0.8999999762
121119  -19.717  -84.812  -11.273 1.0000000000
121171  -11.909  -89.494  -13.634 0.8000000119
121178  -17.037  -86.984  -26.910 0.5000000000
121199  -18.178  -56.686  -9.310 0.8999999762
121294  -13.595  -94.583  0.334 0.8000000119
121420  -12.456  -94.821  -7.735 0.8000000119
122046  -17.881  -89.288  -25.927 0.6999999881
122251  -23.453  -58.613  -7.833 1.0000000000
122277  -13.681  -82.621  -5.169 1.0000000000
122365  -24.357  -54.989  -8.537 1.0000000000
122380  -8.183  -67.899  3.710 0.8999999762
123028  -18.945  -89.594  -24.752 0.5000000000
123113  -10.467  -59.103  0.175 0.8999999762
123556  -7.808  -61.261  2.915 0.8999999762
123618  -10.933  -94.000  -10.970 0.8999999762
123674  -6.441  -74.078  1.075 1.0000000000
123797  -6.479  -86.322  -0.092 1.0000000000
123825  -6.883  -86.566  -7.254 0.8000000119
123858  -12.125  -90.750  2.528 0.6999999881
123937  -12.218  -87.150  -4.843 1.0000000000
124033  -12.588  -86.629  7.961 1.0000000000
124098  -7.452  -77.865  -9.606 0.6000000238
124102  -26.943  -65.794  -2.911 0.8999999762
124138  -6.784  -87.308  -9.298 0.6999999881
124211  -7.910  -58.522  -4.041 0.6000000238
124229  -6.422  -83.375  -6.806 0.8999999762
124499  -12.451  -94.758  -1.509 1.0000000000
124505  -6.769  -83.299  13.602 0.6000000238
124541  -29.928  -57.116  -6.250 0.8999999762
124596  -16.540  -50.564  -11.692 0.3000000119
124602  -21.814  -66.917  -7.005 1.0000000000
124787  -20.925  -64.918  1.581 0.4000000060
124876  -14.100  -74.796  6.790 1.0000000000
125000  -27.676  -63.865  -7.717 1.0000000000
125109  -11.086  -94.713  -7.136 0.8999999762
125173  -17.210  -89.957  -19.628 0.8999999762
125180  -20.371  -74.981  -6.207 1.0000000000
125234  -7.979  -90.107  1.510 1.0000000000
125259  -10.182  -59.770  1.204 0.8999999762
125325  -7.188  -77.866  -1.046 1.0000000000
125367  -8.371  -57.764  -5.686 0.6000000238
125389  -11.600  -87.582  8.344 1.0000000000
125394  -16.281  -79.688  -8.532 1.0000000000
125483  -11.419  -90.647  -4.326 1.0000000000
125510  -9.505  -68.192  1.527 1.0000000000
125580  -17.147  -82.556  -8.954 1.0000000000
126064  -13.466  -87.794  -13.147 0.8000000119
126074  -15.656  -82.618  5.283 1.0000000000
126101  -7.640  -85.961  5.574 1.0000000000
126185  -18.619  -51.748  -10.213 0.6999999881
126231  -18.211  -86.878  -13.589 0.8999999762
126329  -14.547  -92.333  -12.113 0.5000000000
126341  -7.320  -79.423  9.137 0.8000000119
126367  -16.764  -87.113  -7.879 1.0000000000
126402  -29.061  -58.716  -7.154 0.8999999762
126566  -9.654  -73.078  3.929 0.6999999881
126658  -27.326  -62.210  -1.627 0.8000000119
126679  -11.299  -92.238  -11.548 1.0000000000
126784  -18.416  -91.364  -24.383 0.6999999881
126803  -10.483  -66.822  -0.583 1.0000000000
126863  -8.354  -63.738  3.256 0.8999999762
126864  -15.716  -93.485  -17.070 0.6999999881
126900  -8.476  -88.345  3.100 1.0000000000
126906  -13.780  -83.900  -9.008 1.0000000000
126945  -11.814  -79.962  6.686 1.0000000000
127065  -6.803  -78.363  8.316 0.8000000119
127100  -24.238  -61.188  -7.305 1.0000000000
127108  -9.079  -75.908  2.098 1.0000000000
127129  -10.338  -60.496  -8.903 0.4000000060
127298  -14.183  -82.143  1.582 1.0000000000
127361  -13.342  -94.073  1.717 0.8000000119
127445  -17.496  -70.279  0.253 1.0000000000
127446  -21.675  -49.659  -11.076 0.5000000000
127475  -14.362  -92.792  -2.640 0.6999999881
127617  -13.212  -65.276  -1.986 1.0000000000
127732  -9.845  -91.509  3.777 0.8999999762
127750  -12.932  -70.516  0.252 0.8000000119
127784  -17.723  -71.588  2.580 1.0000000000
127790  -16.777  -54.930  -9.609 0.8000000119
127870  -13.862  -87.940  -14.544 0.8000000119
128005  -6.441  -69.754  -1.839 0.6999999881
128127  -22.598  -62.148  -7.315 1.0000000000
128149  -12.717  -55.099  -7.861 0.8000000119
128209  -11.843  -58.128  -10.880 0.4000000060
128408  -17.306  -64.995  -3.603 1.0000000000
128520  -13.156  -84.700  7.142 1.0000000000
128521  -11.606  -93.192  -0.473 0.8999999762
128546  -11.413  -89.924  7.895 0.8999999762
128591  -16.919  -87.189  -11.286 0.8999999762
128630  -18.745  -85.732  -7.557 1.0000000000
128638  -7.059  -84.667  10.771 0.8999999762
128657  -10.650  -93.089  -4.951 1.0000000000
128687  -17.703  -80.016  5.696 1.0000000000
128724  -11.212  -84.391  11.329 1.0000000000
128732  -12.256  -90.635  11.171 0.8000000119
128735  -11.343  -90.302  -15.856 0.8000000119
128758  -21.580  -76.522  -0.991 1.0000000000
128781  -11.432  -92.581  -12.853 1.0000000000
128855  -10.344  -83.252  -9.727 1.0000000000
128898  -13.919  -92.564  8.040 0.6999999881
128978  -10.257  -91.453  -5.634 1.0000000000
129050  -21.655  -75.328  -5.334 1.0000000000
129128  -7.871  -87.494  5.803 1.0000000000
129173  -12.887  -94.573  -14.107 0.8000000119
129195  -13.610  -70.115  -0.267 0.8000000119
129248  -14.628  -92.407  6.779 0.6000000238
129262  -10.626  -83.700  -1.596 1.0000000000
129357  -10.923  -87.384  7.373 1.0000000000
129372  -19.987  -82.069  -5.670 1.0000000000
129440  -14.744  -94.030  -20.240 0.8999999762
129467  -12.577  -78.039  -6.536 1.0000000000
129492  -16.753  -90.515  -24.370 0.8000000119
129614  -9.918  -92.732  -7.953 1.0000000000
129644  -28.856  -57.350  -7.413 0.8999999762
129711  -7.085  -85.314  -0.277 1.0000000000
129748  -11.327  -84.698  0.600 1.0000000000
129750  -13.959  -89.418  -10.013 1.0000000000
129793  -11.106  -91.914  3.101 0.8999999762
129931  -7.468  -65.570  4.007 0.8999999762
129935  -7.703  -82.564  -5.239 1.0000000000
129948  -12.779  -89.612  -5.415 1.0000000000
129987  -11.646  -94.401  -1.517 0.8999999762
