#!ascii label  , from subject sub-v1s12x0050113_ses-1 vox2ras=TkReg
2421
15767  -39.787  -68.818  -17.674 0.1000000015
127149  -39.415  -70.099  -19.173 0.1000000015
13351  -37.511  -71.331  -19.271 0.1000000015
108898  -39.022  -70.439  -19.404 0.1000000015
13364  -38.621  -71.478  -20.271 0.1000000015
13365  -39.897  -71.418  -21.005 0.1000000015
11769  -37.422  -73.313  -21.885 0.1000000015
12600  -39.304  -73.046  -22.441 0.1000000015
12601  -40.203  -72.970  -22.563 0.1000000015
125428  -38.395  -73.659  -22.905 0.1000000015
11796  -39.595  -74.306  -23.413 0.1000000015
11781  -40.904  -73.680  -23.083 0.1000000015
110983  -39.327  -74.952  -23.595 0.1000000015
108975  -38.626  -75.194  -23.646 0.1000000015
11085  -40.177  -75.234  -23.691 0.1000000015
111038  -40.794  -75.389  -25.011 0.1000000015
10358  -39.668  -75.895  -23.894 0.1000000015
10367  -40.073  -76.350  -24.512 0.1000000015
10366  -39.462  -76.541  -24.330 0.1000000015
15770  -42.099  -67.910  -17.854 0.1000000015
111602  -40.023  -69.160  -18.340 0.1000000015
15781  -41.297  -68.334  -17.978 0.1000000015
14174  -39.872  -70.281  -19.683 0.1000000015
129832  -42.085  -68.947  -19.036 0.1000000015
15002  -41.561  -69.432  -19.389 0.1000000015
127176  -40.658  -70.255  -20.070 0.1000000015
14176  -42.186  -69.871  -19.993 0.1000000015
13375  -39.973  -71.972  -21.596 0.1000000015
13377  -41.576  -71.596  -21.480 0.1000000015
12585  -41.290  -72.259  -22.059 0.1000000015
112808  -40.690  -74.587  -23.512 0.1000000015
14238  -43.735  -70.035  -28.118 0.1000000015
13415  -42.597  -71.384  -26.876 0.1000000015
13408  -42.855  -71.675  -25.824 0.1000000015
12631  -41.702  -72.781  -25.458 0.1000000015
11811  -41.588  -73.908  -24.912 0.1000000015
11803  -42.187  -74.549  -24.195 0.1000000015
11087  -41.775  -75.001  -24.009 0.1000000015
10373  -40.611  -75.880  -24.507 0.1000000015
10359  -40.533  -75.840  -24.015 0.1000000015
17540  -42.614  -66.415  -16.036 0.1000000015
129567  -44.050  -67.413  -17.604 0.2000000030
16643  -44.161  -67.063  -17.244 0.2000000030
16642  -42.365  -66.880  -16.700 0.1000000015
16670  -44.697  -67.956  -18.279 0.1000000015
16669  -43.944  -67.785  -18.040 0.1000000015
16654  -43.379  -67.278  -17.387 0.1000000015
15783  -44.296  -68.373  -18.647 0.1000000015
14987  -42.852  -68.785  -18.930 0.1000000015
15816  -43.366  -68.160  -21.822 0.1000000015
15832  -43.969  -68.503  -22.494 0.1000000015
113799  -44.046  -69.398  -19.595 0.1000000015
14186  -42.763  -70.395  -20.391 0.1000000015
14185  -41.938  -70.492  -20.447 0.1000000015
125418  -43.109  -68.721  -23.858 0.1000000015
108475  -44.096  -68.777  -24.202 0.1000000015
108474  -45.312  -68.645  -24.173 0.1000000015
15857  -46.121  -68.509  -25.000 0.1000000015
15858  -46.889  -68.323  -24.943 0.1000000015
15064  -46.550  -68.742  -25.680 0.1000000015
14187  -43.576  -70.252  -20.299 0.1000000015
13379  -43.283  -71.555  -21.304 0.1000000015
12603  -41.927  -72.908  -22.503 0.1000000015
107736  -45.145  -68.639  -25.138 0.1000000015
15867  -45.869  -68.537  -25.853 0.1000000015
15878  -46.077  -68.675  -26.158 0.1000000015
14235  -46.167  -69.503  -26.224 0.1000000015
14223  -45.901  -70.259  -25.911 0.1000000015
13400  -45.393  -71.373  -24.197 0.1000000015
13399  -44.715  -71.724  -24.535 0.1000000015
12587  -43.214  -72.301  -21.934 0.1000000015
11782  -41.802  -73.639  -22.992 0.1000000015
15075  -46.080  -68.682  -27.130 0.1000000015
14233  -44.957  -70.017  -26.977 0.1000000015
14222  -45.134  -70.505  -26.081 0.1000000015
13410  -44.540  -71.304  -25.424 0.1000000015
11800  -43.682  -73.055  -23.672 0.1000000015
109932  -43.221  -73.516  -24.083 0.1000000015
13416  -43.400  -71.098  -26.531 0.1000000015
13409  -43.718  -71.529  -25.634 0.1000000015
12633  -43.339  -72.291  -25.081 0.1000000015
11812  -42.528  -73.629  -24.525 0.1000000015
11804  -42.721  -74.154  -23.958 0.1000000015
11797  -41.687  -74.477  -23.572 0.1000000015
17565  -44.928  -67.008  -17.203 0.1000000015
17542  -45.096  -66.555  -16.627 0.2000000030
18445  -43.733  -65.804  -15.324 0.1000000015
18437  -43.737  -65.454  -14.643 0.2000000030
18432  -43.572  -65.154  -13.752 0.2000000030
16656  -45.521  -67.378  -17.644 0.1000000015
16671  -45.393  -67.839  -18.198 0.1000000015
16690  -42.171  -67.230  -20.763 0.1000000015
16706  -42.754  -67.703  -21.272 0.1000000015
15795  -44.755  -68.967  -19.293 0.1000000015
15005  -44.710  -69.586  -19.797 0.1000000015
15019  -45.069  -70.101  -20.237 0.1000000015
15846  -44.545  -68.702  -23.304 0.1000000015
114766  -45.497  -68.583  -23.410 0.1000000015
15847  -46.457  -68.424  -24.124 0.1000000015
14188  -44.482  -70.762  -20.698 0.1000000015
15835  -47.289  -68.203  -23.568 0.1000000015
15859  -47.398  -68.474  -24.929 0.1000000015
14215  -46.693  -70.352  -24.545 0.1000000015
13394  -46.911  -70.870  -22.656 0.1000000015
13385  -45.692  -71.717  -22.558 0.1000000015
12605  -44.622  -72.386  -22.573 0.1000000015
123017  -44.040  -71.989  -21.615 0.1000000015
11799  -43.098  -73.545  -23.580 0.1000000015
11798  -42.469  -73.952  -23.489 0.1000000015
17518  -48.343  -66.132  -15.853 0.1000000015
18449  -47.620  -65.673  -15.325 0.1000000015
121074  -48.000  -66.480  -16.521 0.1000000015
17517  -47.317  -66.081  -15.871 0.1000000015
18448  -46.619  -65.627  -15.315 0.1000000015
18447  -45.572  -65.613  -15.294 0.2000000030
18438  -45.908  -65.146  -14.690 0.2000000030
17515  -45.293  -66.067  -15.993 0.2000000030
19387  -45.337  -64.588  -13.969 0.2000000030
19377  -44.458  -64.616  -13.518 0.2000000030
16672  -46.232  -67.677  -18.093 0.1000000015
17568  -47.630  -66.885  -17.204 0.1000000015
15785  -47.053  -68.065  -18.537 0.1000000015
15797  -46.996  -68.763  -19.201 0.1000000015
16691  -43.158  -67.222  -20.690 0.1000000015
124528  -44.579  -67.513  -21.181 0.1000000015
114283  -45.126  -67.136  -20.905 0.1000000015
16693  -45.933  -67.287  -21.181 0.1000000015
15784  -46.108  -68.252  -18.677 0.1000000015
15006  -46.514  -69.475  -19.769 0.1000000015
16689  -41.254  -67.095  -20.908 0.1000000015
17606  -42.050  -66.342  -19.710 0.1000000015
15817  -44.536  -68.109  -21.795 0.1000000015
16708  -45.377  -67.662  -21.462 0.1000000015
15819  -46.982  -67.894  -22.692 0.1000000015
16720  -47.743  -67.871  -22.889 0.1000000015
15050  -48.073  -68.835  -23.259 0.1000000015
115876  -48.503  -69.132  -21.636 0.1000000015
14200  -47.408  -70.396  -21.406 0.1000000015
14191  -47.317  -70.261  -20.812 0.1000000015
13371  -45.368  -71.172  -21.143 0.1000000015
15054  -47.834  -69.011  -24.855 0.1000000015
14211  -47.395  -70.051  -23.274 0.1000000015
13386  -46.316  -71.345  -22.263 0.1000000015
13381  -46.345  -71.230  -21.796 0.1000000015
13380  -45.366  -71.699  -21.737 0.1000000015
18537  -40.396  -66.044  -21.025 0.1000000015
117195  -40.308  -65.803  -21.962 0.1000000015
19455  -40.448  -65.003  -21.301 0.1000000015
18461  -50.129  -66.147  -15.998 0.1000000015
17519  -49.296  -66.177  -15.874 0.1000000015
17546  -50.393  -66.338  -16.831 0.1000000015
17570  -50.056  -66.911  -17.298 0.1000000015
18440  -48.621  -65.006  -14.879 0.1000000015
112472  -46.903  -65.185  -14.803 0.1000000015
19388  -46.278  -64.626  -14.241 0.2000000030
17571  -50.517  -66.379  -17.860 0.1000000015
109173  -49.505  -66.938  -17.002 0.1000000015
17569  -48.691  -66.981  -17.110 0.1000000015
110378  -45.842  -64.199  -13.629 0.2000000030
17587  -50.146  -67.001  -18.320 0.1000000015
16659  -49.470  -67.379  -17.774 0.1000000015
18489  -41.988  -65.364  -18.658 0.1000000015
18508  -42.523  -65.875  -19.176 0.1000000015
18509  -43.609  -65.813  -19.188 0.1000000015
17629  -43.458  -66.753  -20.251 0.1000000015
17608  -44.175  -66.384  -19.948 0.1000000015
17609  -45.259  -66.229  -20.003 0.1000000015
17588  -50.446  -66.128  -19.014 0.1000000015
17612  -50.144  -66.798  -19.572 0.1000000015
16674  -49.009  -67.951  -18.413 0.1000000015
15786  -47.781  -68.476  -18.849 0.1000000015
17607  -43.074  -66.361  -19.726 0.1000000015
17632  -47.106  -66.546  -20.809 0.1000000015
16695  -47.937  -66.768  -21.661 0.1000000015
15806  -48.858  -68.767  -20.286 0.1000000015
15799  -48.761  -68.669  -19.553 0.1000000015
18488  -41.221  -65.110  -18.835 0.1000000015
16709  -46.448  -67.628  -21.808 0.1000000015
16710  -47.682  -67.418  -22.245 0.1000000015
16711  -48.627  -67.225  -22.081 0.1000000015
15820  -48.940  -68.030  -21.937 0.1000000015
114281  -48.852  -68.682  -21.087 0.1000000015
15022  -47.789  -69.710  -20.381 0.1000000015
15007  -47.506  -69.413  -19.780 0.1000000015
18507  -41.568  -65.765  -19.263 0.1000000015
120915  -40.664  -65.930  -20.249 0.1000000015
18506  -40.836  -65.428  -19.606 0.1000000015
18524  -40.529  -65.307  -20.403 0.1000000015
19451  -40.630  -64.569  -20.503 0.1000000015
20377  -40.881  -64.067  -21.123 0.1000000015
19456  -40.937  -64.224  -21.984 0.1000000015
18451  -49.579  -65.585  -15.370 0.1000000015
19416  -51.371  -65.219  -17.270 0.1000000015
18452  -50.464  -65.647  -15.651 0.1000000015
117331  -47.884  -64.575  -14.498 0.1000000015
18494  -50.837  -65.466  -18.684 0.1000000015
129106  -51.039  -63.947  -19.096 0.1000000015
18441  -49.410  -64.711  -14.823 0.1000000015
19380  -47.462  -64.000  -13.982 0.1000000015
19444  -50.135  -64.821  -20.065 0.1000000015
125414  -50.500  -65.242  -19.582 0.1000000015
20280  -46.944  -63.474  -13.258 0.2000000030
19425  -42.461  -64.888  -18.181 0.1000000015
18510  -44.665  -65.786  -19.375 0.1000000015
18515  -49.618  -65.402  -20.459 0.1000000015
17635  -49.885  -66.968  -20.394 0.1000000015
20281  -47.858  -63.352  -13.502 0.1000000015
20268  -47.453  -63.000  -12.711 0.2000000030
18490  -42.935  -65.397  -18.679 0.1000000015
17610  -46.317  -66.139  -20.104 0.1000000015
17611  -47.376  -65.965  -20.307 0.1000000015
17633  -48.139  -66.208  -21.088 0.1000000015
18526  -49.045  -65.899  -21.018 0.1000000015
16697  -49.539  -67.481  -20.637 0.1000000015
19440  -40.867  -64.612  -19.166 0.1000000015
118810  -40.663  -64.729  -19.869 0.1000000015
128928  -40.709  -64.314  -20.074 0.1000000015
20367  -41.105  -63.217  -20.062 0.1000000015
20366  -40.860  -63.915  -20.365 0.1000000015
107412  -41.293  -63.317  -20.891 0.1000000015
109971  -41.479  -63.494  -21.731 0.1000000015
19434  -51.371  -63.507  -18.756 0.1000000015
19417  -51.777  -64.365  -17.721 0.1000000015
20345  -50.570  -63.408  -19.228 0.1000000015
112985  -51.259  -64.691  -18.434 0.1000000015
19403  -51.684  -65.015  -16.556 0.1000000015
19395  -50.298  -65.086  -15.202 0.1000000015
19433  -50.654  -64.416  -19.412 0.1000000015
19396  -51.211  -65.134  -15.635 0.1000000015
20294  -49.415  -63.841  -14.347 0.1000000015
18514  -48.777  -65.337  -20.331 0.1000000015
19432  -49.820  -63.948  -19.588 0.1000000015
19390  -50.053  -64.388  -14.799 0.1000000015
19411  -41.997  -64.372  -17.644 0.1000000015
19412  -42.928  -64.406  -17.670 0.1000000015
19413  -43.937  -64.325  -17.741 0.1000000015
18491  -44.178  -65.344  -18.760 0.1000000015
19428  -45.535  -64.571  -18.397 0.1000000015
18512  -46.687  -65.519  -19.557 0.1000000015
19441  -47.226  -65.013  -19.264 0.1000000015
18513  -47.765  -65.453  -19.886 0.1000000015
19443  -49.321  -64.737  -19.986 0.1000000015
20295  -50.278  -63.710  -14.466 0.1000000015
123952  -48.466  -64.088  -14.272 0.1000000015
19410  -41.380  -64.124  -17.839 0.1000000015
18511  -45.655  -65.684  -19.470 0.1000000015
21203  -48.741  -62.540  -12.556 0.1000000015
21293  -40.997  -63.149  -18.152 0.1000000015
20341  -40.949  -63.859  -18.744 0.1000000015
20356  -41.052  -63.073  -19.141 0.1000000015
22172  -41.747  -61.849  -20.017 0.1000000015
21311  -41.629  -62.512  -20.584 0.1000000015
22177  -42.393  -61.464  -20.655 0.1000000015
20333  -51.399  -62.569  -18.569 0.1000000015
20334  -52.009  -63.283  -18.092 0.1000000015
21295  -50.237  -62.751  -18.790 0.1000000015
20316  -52.288  -64.035  -16.951 0.1000000015
118070  -49.866  -63.234  -19.075 0.1000000015
21282  -49.785  -62.284  -18.090 0.1000000015
114320  -52.042  -64.683  -15.960 0.1000000015
19391  -50.857  -64.486  -14.969 0.1000000015
19431  -48.676  -64.174  -19.293 0.1000000015
20344  -49.026  -63.462  -18.896 0.1000000015
19392  -51.787  -64.392  -15.284 0.1000000015
20313  -41.919  -63.339  -16.601 0.1000000015
19427  -44.542  -64.744  -18.313 0.1000000015
19429  -46.555  -64.592  -18.732 0.1000000015
19430  -47.594  -64.369  -18.964 0.1000000015
20343  -47.973  -63.640  -18.642 0.1000000015
20296  -51.228  -63.714  -14.623 0.1000000015
20283  -49.649  -63.068  -13.877 0.1000000015
20326  -41.643  -63.753  -17.241 0.1000000015
20314  -42.861  -63.372  -16.523 0.1000000015
20328  -43.380  -63.882  -17.173 0.1000000015
19414  -44.920  -64.087  -17.782 0.1000000015
18493  -46.012  -65.165  -18.962 0.1000000015
20284  -50.575  -63.052  -13.969 0.1000000015
21256  -41.173  -62.509  -16.759 0.1000000015
22166  -41.015  -62.432  -17.853 0.1000000015
21277  -41.070  -62.797  -17.369 0.1000000015
22162  -41.158  -61.035  -17.548 0.1000000015
126289  -41.107  -62.421  -18.535 0.1000000015
123719  -41.665  -61.311  -19.115 0.1000000015
22173  -42.167  -61.168  -19.937 0.1000000015
21264  -48.043  -61.748  -17.154 0.1000000015
21265  -49.128  -61.681  -17.229 0.1000000015
21266  -50.348  -61.927  -17.635 0.1000000015
21268  -52.415  -62.284  -17.304 0.1000000015
20317  -52.769  -63.179  -16.837 0.1000000015
21278  -45.936  -63.046  -17.205 0.1000000015
110807  -46.461  -63.426  -17.791 0.1000000015
21279  -46.814  -62.753  -17.380 0.1000000015
21281  -48.736  -62.281  -17.804 0.1000000015
120938  -52.636  -63.934  -15.854 0.1000000015
21243  -41.993  -62.347  -15.425 0.1000000015
21258  -42.263  -62.926  -16.000 0.1000000015
20329  -44.231  -63.806  -17.313 0.1000000015
19415  -46.106  -64.026  -18.168 0.1000000015
20297  -52.256  -63.720  -14.847 0.1000000015
21257  -41.561  -62.608  -16.179 0.1000000015
112918  -49.965  -62.539  -13.329 0.1000000015
22148  -41.122  -61.890  -16.319 0.1000000015
23060  -41.008  -61.176  -16.646 0.1000000015
23061  -41.186  -60.359  -17.018 0.1000000015
23988  -41.522  -59.653  -17.246 0.1000000015
122685  -41.478  -60.896  -18.312 0.1000000015
23989  -42.008  -59.235  -17.759 0.1000000015
23069  -42.394  -60.560  -19.551 0.1000000015
127442  -50.992  -61.890  -17.547 0.1000000015
21267  -51.578  -61.898  -17.424 0.1000000015
22154  -52.129  -61.757  -16.784 0.1000000015
129018  -52.655  -61.958  -16.901 0.1000000015
21244  -42.951  -62.544  -15.583 0.1000000015
21260  -44.484  -62.845  -16.371 0.1000000015
21261  -45.431  -62.651  -16.584 0.1000000015
21263  -47.137  -61.992  -17.023 0.1000000015
123738  -41.421  -61.800  -15.577 0.1000000015
22120  -41.808  -61.653  -14.925 0.1000000015
22121  -42.591  -61.951  -14.932 0.1000000015
21259  -43.527  -62.944  -16.158 0.1000000015
118850  -44.936  -63.332  -17.122 0.1000000015
22119  -40.990  -61.024  -15.777 0.1000000015
23969  -40.836  -60.104  -15.747 0.1000000015
116109  -40.928  -59.338  -15.790 0.1000000015
23981  -41.141  -59.650  -16.491 0.1000000015
24895  -41.340  -58.720  -16.233 0.1000000015
25776  -41.585  -57.792  -15.879 0.1000000015
24896  -42.077  -58.063  -16.774 0.1000000015
114075  -42.638  -57.809  -17.407 0.1000000015
22151  -48.228  -61.297  -16.470 0.1000000015
22152  -49.843  -61.593  -16.789 0.1000000015
22153  -50.777  -61.745  -16.858 0.1000000015
129205  -51.452  -61.744  -16.801 0.1000000015
22129  -51.241  -61.562  -16.079 0.1000000015
22150  -47.410  -61.449  -16.509 0.1000000015
21262  -46.309  -62.362  -16.780 0.1000000015
118602  -41.281  -60.505  -14.653 0.1000000015
23011  -41.779  -60.923  -14.405 0.1000000015
23970  -40.827  -59.584  -15.174 0.1000000015
107606  -41.102  -57.775  -14.852 0.1000000015
129082  -42.132  -57.493  -16.424 0.1000000015
25785  -42.603  -57.222  -16.892 0.1000000015
116685  -49.076  -61.214  -16.279 0.1000000015
22128  -50.062  -61.376  -15.899 0.1000000015
119227  -46.927  -61.244  -16.044 0.1000000015
22096  -42.358  -61.402  -14.530 0.1000000015
22097  -43.162  -61.413  -14.508 0.1000000015
21245  -44.042  -62.441  -15.683 0.1000000015
22123  -44.594  -61.825  -15.239 0.1000000015
22125  -46.309  -61.390  -15.810 0.1000000015
113691  -40.970  -59.166  -14.083 0.1000000015
24873  -40.879  -58.520  -14.346 0.1000000015
25765  -41.585  -57.014  -15.306 0.1000000015
25766  -42.160  -56.918  -16.128 0.1000000015
26641  -42.344  -56.047  -16.169 0.1000000015
22127  -48.308  -60.912  -15.703 0.1000000015
22100  -46.010  -61.025  -15.203 0.1000000015
23034  -46.772  -60.959  -15.510 0.1000000015
23035  -47.352  -60.734  -15.106 0.1000000015
22993  -42.079  -60.354  -13.763 0.1000000015
22994  -42.960  -60.383  -13.503 0.1000000015
22098  -44.154  -61.302  -14.623 0.1000000015
22099  -45.145  -61.184  -14.850 0.1000000015
23947  -41.509  -59.599  -13.666 0.1000000015
26630  -41.556  -56.267  -14.878 0.1000000015
27566  -41.878  -55.533  -15.458 0.1000000015
28411  -41.595  -54.715  -14.861 0.1000000015
23015  -45.719  -60.721  -14.461 0.1000000015
23013  -43.600  -60.822  -14.035 0.1000000015
23014  -44.685  -60.661  -14.101 0.1000000015
24850  -41.563  -58.276  -12.589 0.1000000015
25759  -40.961  -57.686  -13.825 0.1000000015
117156  -41.219  -56.976  -14.435 0.1000000015
27555  -41.431  -55.479  -14.426 0.1000000015
29259  -41.319  -53.707  -13.752 0.1000000015
23924  -41.887  -59.064  -12.861 0.1000000015
24863  -41.149  -58.609  -13.457 0.1000000015
25750  -41.119  -57.155  -13.053 0.1000000015
26617  -41.193  -56.318  -13.166 0.1000000015
26624  -41.245  -56.232  -14.015 0.1000000015
117892  -41.279  -54.865  -12.979 0.1000000015
29246  -41.291  -53.256  -13.084 0.1000000015
28375  -41.443  -54.566  -12.202 0.1000000015
25737  -41.432  -57.502  -12.426 0.1000000015
26578  -41.383  -56.597  -12.292 0.1000000015
124406  -41.325  -55.569  -12.502 0.1000000015
14173  -38.444  -70.445  -18.993 0.1000000015
13363  -37.915  -71.659  -20.072 0.1000000015
13353  -39.293  -70.996  -20.165 0.1000000015
12569  -38.457  -72.056  -20.844 0.1000000015
14184  -41.124  -70.582  -20.505 0.1000000015
12582  -38.814  -72.576  -21.689 0.1000000015
11770  -38.363  -73.235  -22.274 0.1000000015
12584  -40.453  -72.347  -22.080 0.1000000015
14986  -42.092  -68.495  -18.505 0.1000000015
109772  -42.721  -68.254  -18.373 0.1000000015
14984  -40.678  -69.286  -18.827 0.1000000015
14177  -42.980  -69.802  -19.934 0.1000000015
13366  -40.852  -71.128  -21.023 0.1000000015
13368  -42.511  -71.062  -20.894 0.1000000015
12586  -42.188  -72.267  -21.994 0.1000000015
14232  -43.987  -70.399  -27.188 0.1000000015
12636  -41.447  -72.442  -26.702 0.1000000015
12632  -42.540  -72.468  -25.203 0.1000000015
11819  -40.988  -73.191  -25.955 0.1000000015
120578  -43.491  -66.620  -16.601 0.1000000015
17514  -44.265  -66.190  -16.082 0.2000000030
15794  -43.773  -68.834  -19.096 0.1000000015
16692  -44.169  -67.032  -20.652 0.1000000015
15833  -45.061  -68.522  -22.628 0.1000000015
15057  -46.745  -69.263  -25.771 0.1000000015
14241  -46.122  -69.143  -27.076 0.1000000015
13412  -46.037  -70.787  -24.811 0.1000000015
14210  -46.779  -70.618  -23.573 0.1000000015
13392  -45.531  -71.654  -23.283 0.1000000015
12625  -43.619  -72.787  -24.350 0.1000000015
12627  -44.839  -72.035  -23.622 0.1000000015
109779  -42.740  -72.880  -22.522 0.1000000015
12617  -44.313  -72.641  -23.203 0.1000000015
11784  -43.043  -73.398  -23.057 0.1000000015
17543  -45.978  -66.484  -16.558 0.1000000015
18446  -44.555  -65.712  -15.304 0.2000000030
17567  -46.598  -66.879  -17.154 0.1000000015
112484  -45.498  -69.526  -19.789 0.1000000015
13370  -44.699  -71.566  -21.378 0.1000000015
15834  -46.207  -68.359  -23.065 0.1000000015
15849  -47.846  -68.482  -24.149 0.1000000015
15049  -47.912  -69.241  -23.913 0.1000000015
14205  -47.541  -70.202  -22.295 0.1000000015
12589  -45.248  -71.996  -22.283 0.1000000015
116315  -44.084  -72.453  -22.250 0.1000000015
16658  -48.354  -67.463  -17.767 0.1000000015
15818  -45.764  -68.118  -22.180 0.1000000015
15021  -47.029  -69.958  -20.284 0.1000000015
17627  -41.658  -66.692  -20.334 0.1000000015
16721  -48.363  -67.760  -22.602 0.1000000015
15837  -48.414  -68.461  -22.554 0.1000000015
15044  -48.098  -69.309  -22.419 0.1000000015
14192  -47.974  -69.901  -21.001 0.1000000015
14198  -45.970  -71.243  -21.526 0.1000000015
17646  -40.406  -66.752  -21.902 0.1000000015
18462  -50.917  -65.724  -16.388 0.1000000015
17545  -49.792  -66.587  -16.515 0.1000000015
16675  -49.713  -67.588  -18.782 0.1000000015
20279  -45.940  -63.674  -12.956 0.2000000030
121112  -50.212  -65.719  -20.034 0.1000000015
15800  -49.267  -68.187  -19.994 0.1000000015
16682  -49.268  -68.188  -19.164 0.1000000015
15798  -48.059  -68.906  -19.332 0.1000000015
18525  -48.246  -65.751  -20.572 0.1000000015
16696  -49.222  -67.292  -21.509 0.1000000015
17634  -49.482  -66.685  -21.073 0.1000000015
21220  -49.092  -62.604  -13.243 0.1000000015
21305  -41.336  -62.550  -19.820 0.1000000015
20378  -41.894  -62.771  -21.438 0.1000000015
129506  -41.964  -61.954  -20.611 0.1000000015
20331  -47.362  -63.171  -18.001 0.1000000015
21280  -47.725  -62.449  -17.605 0.1000000015
23065  -42.029  -60.363  -18.765 0.1000000015
24916  -42.598  -58.790  -18.224 0.1000000015
22124  -45.516  -61.620  -15.507 0.1000000015
20203  -47.941  -63.154  -7.365 0.5000000000
12335  -49.534  -72.753  -3.760 0.5000000000
13152  -49.208  -72.002  -3.446 0.5000000000
22026  -48.081  -61.860  -7.332 0.5000000000
20189  -49.247  -63.900  -7.086 0.5000000000
19296  -48.769  -64.724  -6.796 0.5000000000
13950  -49.691  -71.093  -3.666 0.5000000000
22900  -48.313  -60.659  -6.260 0.5000000000
22010  -47.818  -61.100  -7.061 0.5000000000
20204  -48.869  -63.059  -7.235 0.5000000000
13966  -50.134  -70.117  -4.211 0.5000000000
22011  -48.595  -61.395  -6.725 0.5000000000
21135  -49.564  -62.477  -6.765 0.5000000000
22012  -49.333  -61.732  -6.356 0.4000000060
21136  -50.218  -62.872  -6.425 0.4000000060
13180  -51.841  -70.830  -5.307 0.5000000000
13196  -51.832  -70.731  -5.794 0.5000000000
13181  -52.273  -70.382  -5.774 0.5000000000
14005  -52.782  -69.882  -6.174 0.5000000000
15653  -54.472  -68.076  -6.970 0.5000000000
113802  -54.055  -68.530  -6.460 0.5000000000
128909  -55.624  -67.041  -6.537 0.4000000060
17419  -56.300  -65.852  -6.515 0.4000000060
14784  -45.298  -70.136  -2.941 0.1000000015
13948  -47.715  -71.204  -2.983 0.5000000000
22025  -47.233  -61.686  -7.441 0.5000000000
21150  -47.553  -62.455  -7.441 0.5000000000
20188  -48.339  -63.883  -7.135 0.5000000000
18358  -48.744  -65.593  -6.323 0.4000000060
14787  -49.239  -70.140  -3.828 0.5000000000
23825  -47.354  -59.586  -6.224 0.5000000000
22899  -47.563  -60.347  -6.653 0.5000000000
23806  -47.094  -58.868  -5.764 0.5000000000
25630  -46.677  -57.497  -4.933 0.5000000000
24734  -47.216  -57.998  -4.856 0.5000000000
23807  -47.824  -59.171  -5.391 0.5000000000
25616  -47.348  -57.641  -4.583 0.4000000060
24747  -47.510  -58.504  -5.051 0.3000000119
22872  -48.756  -60.266  -5.391 0.5000000000
22873  -49.373  -60.659  -4.983 0.4000000060
21117  -50.025  -62.112  -5.914 0.4000000060
23808  -48.522  -59.525  -5.048 0.3000000119
20190  -50.887  -64.072  -6.469 0.6999999881
19299  -51.329  -64.769  -6.384 0.5000000000
24735  -47.749  -58.143  -4.544 0.3000000119
23794  -48.252  -58.795  -4.635 0.3000000119
22853  -49.116  -59.885  -4.706 0.3000000119
21990  -49.685  -61.424  -5.379 0.4000000060
20169  -50.869  -63.289  -6.132 0.5000000000
19277  -52.002  -64.518  -5.828 0.6000000238
126709  -51.530  -66.313  -6.045 0.6000000238
16514  -50.718  -67.726  -5.349 0.6000000238
13951  -50.283  -70.898  -4.018 0.5000000000
12354  -51.447  -71.284  -4.893 0.3000000119
23795  -48.836  -59.291  -4.470 0.3000000119
22854  -49.636  -60.276  -4.338 0.3000000119
111580  -50.962  -62.404  -4.903 0.4000000060
19265  -52.271  -64.088  -5.321 0.5000000000
17398  -52.708  -66.404  -5.534 0.6000000238
16516  -52.707  -67.405  -5.439 0.6000000238
115764  -51.956  -69.914  -4.850 0.5000000000
13167  -52.124  -70.384  -5.349 0.5000000000
22855  -50.125  -60.577  -4.035 0.4000000060
21099  -51.029  -61.922  -4.331 0.4000000060
20157  -52.120  -63.363  -4.812 0.5000000000
18317  -53.334  -64.856  -4.591 0.5000000000
16496  -53.603  -67.456  -5.193 0.5000000000
15615  -53.491  -67.975  -5.332 0.5000000000
13971  -53.063  -69.246  -5.686 0.5000000000
22841  -50.479  -60.440  -3.479 0.4000000060
21963  -51.353  -61.588  -3.445 0.4000000060
21085  -52.424  -62.903  -3.266 0.5000000000
19249  -53.440  -64.293  -3.758 0.5000000000
119979  -54.250  -65.575  -4.228 0.4000000060
16497  -54.295  -67.340  -5.023 0.5000000000
15629  -54.074  -68.070  -5.461 0.5000000000
21065  -51.993  -62.078  -3.023 0.4000000060
20143  -53.132  -63.631  -3.095 0.5000000000
19250  -53.876  -65.096  -3.955 0.5000000000
18320  -54.985  -65.770  -4.242 0.4000000060
16518  -55.174  -67.309  -5.241 0.4000000060
15630  -54.723  -67.769  -5.550 0.5000000000
20145  -54.518  -63.790  -2.269 0.5000000000
18301  -55.095  -65.108  -3.773 0.4000000060
120489  -56.117  -66.289  -5.420 0.4000000060
16534  -56.046  -66.623  -6.004 0.4000000060
19234  -55.137  -63.937  -2.393 0.3000000119
118014  -55.801  -64.189  -3.452 0.4000000060
18322  -56.680  -64.979  -4.977 0.3000000119
19279  -57.000  -64.402  -5.551 0.3000000119
111186  -56.790  -64.575  -6.745 0.3000000119
15600  -44.361  -68.768  -2.950 0.1000000015
14799  -44.745  -69.436  -3.447 0.1000000015
15588  -44.655  -68.490  -2.368 0.1000000015
14771  -44.904  -69.335  -2.535 0.1000000015
15590  -45.977  -69.064  -2.244 0.4000000060
14773  -46.114  -69.700  -2.333 0.4000000060
13935  -46.590  -70.461  -2.571 0.4000000060
14785  -47.709  -70.274  -2.941 0.5000000000
126715  -47.267  -69.578  -2.867 0.4000000060
107152  -47.969  -69.245  -3.579 0.5000000000
13949  -48.617  -70.974  -3.341 0.5000000000
21149  -46.643  -62.414  -7.388 0.5000000000
20186  -46.468  -63.450  -6.914 0.5000000000
20187  -47.428  -63.761  -7.094 0.5000000000
18357  -47.991  -65.263  -6.363 0.4000000060
15611  -48.577  -68.506  -4.273 0.5000000000
14801  -48.872  -69.315  -4.005 0.5000000000
23824  -46.591  -59.321  -6.557 0.5000000000
22898  -46.778  -60.051  -6.989 0.5000000000
22922  -46.950  -60.869  -7.304 0.5000000000
24745  -45.936  -57.789  -5.751 0.5000000000
24746  -46.803  -58.188  -5.368 0.5000000000
16493  -49.152  -67.948  -4.805 0.6000000238
128112  -46.420  -56.846  -4.726 0.4000000060
26492  -47.229  -56.906  -4.368 0.2000000030
122216  -47.599  -55.526  -3.636 0.2000000030
25617  -47.884  -57.575  -4.240 0.3000000119
23783  -48.878  -58.827  -4.025 0.3000000119
129758  -49.301  -59.069  -3.790 0.4000000060
26476  -47.805  -56.226  -3.811 0.3000000119
24723  -48.850  -58.227  -3.712 0.3000000119
26477  -48.508  -56.483  -3.484 0.3000000119
25601  -49.307  -57.762  -3.322 0.4000000060
23772  -50.139  -58.849  -2.979 0.4000000060
24711  -50.003  -58.080  -2.898 0.3000000119
23785  -50.434  -59.635  -3.046 0.4000000060
129773  -51.724  -61.592  -2.851 0.4000000060
21951  -52.098  -61.634  -2.316 0.4000000060
22830  -51.619  -60.312  -1.905 0.3000000119
21932  -52.675  -61.675  -1.465 0.3000000119
20127  -53.039  -63.071  -2.555 0.4000000060
21047  -54.162  -62.536  -0.878 0.3000000119
20110  -55.144  -63.114  -0.963 0.3000000119
19253  -55.472  -63.830  -2.828 0.4000000060
19254  -56.492  -63.808  -3.841 0.3000000119
21048  -55.333  -62.013  -0.803 0.2000000030
21069  -56.024  -62.627  -0.951 0.2000000030
21086  -56.460  -62.661  -2.832 0.3000000119
20171  -57.213  -63.641  -5.210 0.3000000119
21964  -55.734  -60.867  -2.035 0.1000000015
21966  -56.116  -61.537  -3.348 0.2000000030
21101  -56.907  -62.516  -4.325 0.4000000060
22875  -53.857  -59.962  -5.832 0.1000000015
16465  -44.788  -67.862  -2.214 0.1000000015
107159  -45.520  -69.081  -2.216 0.1000000015
16466  -45.507  -68.362  -2.334 0.2000000030
15601  -46.354  -68.543  -2.775 0.5000000000
15591  -46.597  -69.344  -2.579 0.4000000060
15602  -47.124  -68.834  -3.291 0.4000000060
21148  -45.922  -62.030  -7.314 0.5000000000
19276  -46.412  -64.789  -5.918 0.4000000060
18316  -47.148  -65.843  -4.970 0.4000000060
16491  -47.557  -67.352  -4.341 0.5000000000
15610  -47.734  -68.251  -4.025 0.5000000000
112495  -45.806  -59.147  -6.870 0.5000000000
22921  -45.986  -60.563  -7.411 0.5000000000
22023  -45.520  -61.393  -7.374 0.4000000060
16492  -48.357  -67.647  -4.590 0.4000000060
26490  -45.839  -56.269  -4.790 0.4000000060
26505  -45.196  -56.553  -5.245 0.4000000060
24758  -45.526  -58.470  -6.514 0.5000000000
27419  -45.601  -55.405  -4.582 0.4000000060
26506  -45.845  -57.033  -5.164 0.5000000000
28273  -45.863  -53.914  -3.905 0.3000000119
28287  -46.194  -54.846  -4.172 0.3000000119
27402  -46.986  -55.184  -3.855 0.3000000119
28274  -46.826  -54.316  -3.574 0.2000000030
27404  -48.324  -55.512  -3.192 0.2000000030
29117  -47.479  -53.820  -2.960 0.1000000015
28276  -48.451  -54.753  -2.724 0.3000000119
28275  -48.245  -54.131  -2.571 0.1000000015
25585  -49.835  -57.242  -2.736 0.3000000119
27390  -48.950  -55.128  -2.577 0.2000000030
26468  -50.369  -56.776  -2.279 0.2000000030
23758  -51.158  -58.868  -1.763 0.2000000030
22817  -52.277  -60.376  -1.042 0.2000000030
25568  -51.001  -57.121  -1.781 0.2000000030
107382  -52.377  -59.045  -0.612 0.2000000030
127685  -51.700  -58.043  -1.054 0.2000000030
23740  -53.179  -59.482  -0.283 0.1000000015
21934  -54.587  -61.452  -0.707 0.2000000030
21952  -55.537  -60.918  -1.281 0.2000000030
24698  -54.111  -58.387  -0.464 0.1000000015
22819  -54.931  -60.094  -0.746 0.1000000015
118075  -55.588  -61.136  -2.755 0.1000000015
23776  -55.148  -59.670  -1.618 0.1000000015
22831  -54.574  -59.995  -2.649 0.1000000015
110426  -55.146  -61.169  -3.541 0.1000000015
22842  -53.962  -60.162  -3.540 0.1000000015
22857  -53.667  -60.189  -4.454 0.1000000015
22874  -53.072  -59.778  -5.668 0.1000000015
23854  -51.797  -59.170  -6.626 0.1000000015
16477  -45.195  -67.348  -2.518 0.3000000119
16478  -46.054  -67.527  -3.203 0.3000000119
19247  -44.462  -64.620  -3.394 0.3000000119
19248  -45.028  -64.994  -3.852 0.3000000119
17363  -46.185  -66.690  -3.839 0.3000000119
16479  -46.900  -67.941  -3.692 0.4000000060
20156  -44.727  -63.732  -4.775 0.3000000119
18314  -45.696  -65.286  -4.319 0.3000000119
17374  -46.648  -66.256  -4.393 0.5000000000
21132  -44.672  -62.373  -6.538 0.4000000060
20185  -45.553  -63.438  -6.408 0.5000000000
19275  -45.838  -64.493  -5.519 0.4000000060
18334  -46.802  -65.317  -5.434 0.4000000060
17375  -47.372  -66.549  -4.653 0.5000000000
27433  -43.862  -55.819  -5.173 0.4000000060
25640  -44.336  -57.984  -6.524 0.4000000060
23852  -45.273  -59.782  -7.352 0.5000000000
22920  -44.997  -60.654  -7.416 0.5000000000
29113  -43.635  -53.524  -4.277 0.4000000060
28285  -44.597  -54.508  -4.513 0.4000000060
26489  -44.867  -55.816  -4.987 0.4000000060
26504  -44.379  -56.484  -5.471 0.5000000000
29133  -44.358  -53.750  -4.310 0.4000000060
29134  -45.064  -54.007  -4.291 0.4000000060
29114  -44.154  -52.880  -3.987 0.4000000060
29928  -44.301  -52.171  -3.472 0.3000000119
29115  -45.055  -53.304  -3.969 0.3000000119
116703  -45.842  -52.914  -3.477 0.3000000119
29929  -45.734  -52.031  -3.001 0.3000000119
29912  -46.580  -52.486  -2.952 0.2000000030
111601  -47.180  -52.141  -2.595 0.1000000015
29913  -47.924  -52.532  -2.517 0.1000000015
29094  -48.909  -53.655  -2.324 0.1000000015
28254  -48.908  -54.413  -2.422 0.1000000015
27391  -49.614  -55.517  -2.458 0.2000000030
124909  -49.402  -54.142  -2.356 0.1000000015
27392  -50.275  -55.967  -2.256 0.2000000030
110354  -50.338  -55.081  -2.267 0.2000000030
27377  -50.939  -55.781  -1.945 0.2000000030
25569  -51.717  -57.398  -1.104 0.1000000015
26453  -52.194  -56.538  -1.060 0.1000000015
123460  -53.189  -58.027  -0.481 0.1000000015
25571  -53.915  -57.572  -0.541 0.1000000015
24699  -54.880  -58.844  -0.691 0.1000000015
23787  -53.636  -59.529  -3.329 0.1000000015
24713  -54.587  -58.653  -2.400 0.1000000015
23775  -54.450  -59.287  -2.477 0.1000000015
124373  -52.111  -58.858  -4.423 0.1000000015
128356  -51.875  -58.323  -4.306 0.1000000015
23809  -51.816  -59.108  -5.079 0.1000000015
24760  -50.403  -58.256  -5.855 0.1000000015
24779  -50.476  -58.359  -6.738 0.1000000015
25654  -50.008  -57.796  -7.362 0.1000000015
129403  -49.067  -56.613  -7.809 0.1000000015
19246  -43.850  -64.183  -3.037 0.3000000119
19233  -43.962  -65.028  -2.682 0.2000000030
115754  -44.134  -63.339  -4.312 0.3000000119
21098  -44.242  -62.945  -5.084 0.4000000060
21115  -43.771  -62.258  -5.362 0.3000000119
26503  -43.476  -56.477  -5.602 0.3000000119
25628  -43.928  -57.121  -6.053 0.3000000119
25639  -43.413  -57.863  -6.459 0.4000000060
22896  -43.595  -60.187  -7.028 0.4000000060
21987  -43.284  -61.511  -5.790 0.3000000119
29131  -42.915  -53.738  -4.284 0.3000000119
27417  -43.266  -55.163  -4.910 0.3000000119
23820  -42.526  -59.362  -6.362 0.4000000060
22870  -43.004  -60.700  -6.346 0.4000000060
22869  -42.320  -60.177  -5.915 0.3000000119
30741  -43.460  -51.028  -2.550 0.3000000119
126269  -43.198  -52.975  -4.031 0.3000000119
29927  -43.532  -52.266  -3.612 0.3000000119
31580  -43.791  -50.309  -2.167 0.3000000119
30757  -43.943  -51.604  -3.076 0.3000000119
30758  -44.850  -51.693  -3.038 0.3000000119
30743  -45.477  -51.141  -2.635 0.3000000119
119043  -46.270  -51.024  -2.667 0.2000000030
31583  -46.979  -51.477  -2.698 0.1000000015
129026  -46.833  -50.909  -2.861 0.1000000015
32370  -46.743  -49.824  -3.964 0.1000000015
30745  -47.696  -51.796  -2.576 0.1000000015
31597  -48.661  -51.070  -3.637 0.1000000015
30746  -48.448  -52.099  -2.547 0.1000000015
30747  -49.088  -52.367  -2.577 0.1000000015
29095  -49.750  -53.624  -2.371 0.1000000015
28255  -50.860  -54.384  -2.242 0.2000000030
28256  -51.554  -54.489  -2.025 0.2000000030
27379  -52.593  -55.669  -1.163 0.1000000015
28242  -51.970  -54.970  -1.579 0.1000000015
26454  -53.539  -56.571  -0.700 0.1000000015
25572  -54.978  -58.013  -0.831 0.1000000015
26455  -55.014  -56.349  -0.689 0.1000000015
108070  -54.760  -57.173  -0.672 0.1000000015
25587  -55.354  -58.183  -1.490 0.1000000015
114819  -55.587  -57.442  -1.077 0.1000000015
128393  -53.838  -58.371  -2.923 0.1000000015
25602  -52.106  -57.793  -4.008 0.1000000015
24749  -51.189  -58.721  -5.514 0.1000000015
25632  -49.800  -57.577  -5.729 0.1000000015
25618  -50.935  -57.204  -4.681 0.1000000015
25643  -49.819  -57.848  -6.470 0.1000000015
26508  -50.054  -56.832  -5.069 0.1000000015
25666  -49.420  -57.059  -7.632 0.1000000015
120178  -48.981  -56.638  -6.245 0.1000000015
26533  -48.712  -56.126  -8.038 0.1000000015
26525  -48.825  -56.570  -7.269 0.1000000015
27456  -48.642  -55.518  -8.669 0.1000000015
20125  -42.551  -63.847  -2.050 0.2000000030
18283  -43.432  -65.523  -2.170 0.2000000030
127105  -42.311  -63.285  -2.218 0.2000000030
21083  -43.150  -62.894  -3.372 0.3000000119
21948  -42.094  -61.985  -2.848 0.2000000030
21962  -42.944  -62.128  -3.927 0.3000000119
116377  -43.067  -57.110  -6.052 0.3000000119
24756  -42.923  -58.600  -6.562 0.3000000119
128624  -42.895  -61.468  -5.193 0.3000000119
28272  -42.108  -54.001  -4.007 0.3000000119
28284  -42.643  -54.543  -4.531 0.3000000119
27416  -42.269  -55.451  -4.771 0.3000000119
126593  -42.401  -57.213  -5.834 0.3000000119
24744  -42.197  -58.573  -6.127 0.3000000119
23805  -41.929  -59.339  -5.755 0.3000000119
30740  -42.465  -51.237  -2.574 0.3000000119
29911  -42.107  -51.932  -3.060 0.3000000119
25615  -41.193  -57.753  -5.217 0.3000000119
24743  -41.546  -58.573  -5.527 0.3000000119
22868  -41.835  -59.902  -5.283 0.2000000030
22852  -42.091  -60.574  -4.985 0.2000000030
32339  -42.127  -49.570  -1.403 0.2000000030
31579  -42.806  -50.546  -2.180 0.2000000030
32340  -42.775  -49.185  -1.823 0.3000000119
32352  -43.453  -49.489  -2.141 0.3000000119
32353  -44.206  -49.716  -2.393 0.3000000119
31581  -44.748  -50.405  -2.471 0.3000000119
32354  -44.917  -49.733  -2.758 0.2000000030
31595  -46.310  -50.325  -3.151 0.1000000015
32369  -45.237  -49.205  -3.533 0.2000000030
32378  -45.609  -48.831  -4.156 0.1000000015
32379  -46.318  -48.950  -4.564 0.1000000015
32387  -47.607  -49.109  -5.374 0.1000000015
34285  -47.161  -47.595  -5.638 0.1000000015
128763  -48.447  -46.145  -5.999 0.1000000015
32381  -47.932  -49.782  -4.859 0.1000000015
32388  -48.304  -49.402  -5.474 0.1000000015
129123  -48.563  -49.014  -5.971 0.1000000015
34290  -49.271  -47.034  -6.756 0.1000000015
36175  -49.864  -45.637  -6.412 0.1000000015
37027  -51.180  -44.879  -6.242 0.1000000015
30771  -49.322  -51.328  -3.720 0.1000000015
111457  -49.211  -50.738  -4.420 0.1000000015
32389  -49.867  -49.636  -5.846 0.1000000015
33309  -49.817  -48.409  -6.707 0.1000000015
34294  -50.645  -47.467  -7.262 0.1000000015
117275  -50.810  -46.580  -7.301 0.1000000015
29930  -49.815  -52.264  -2.802 0.1000000015
30762  -50.386  -51.878  -3.435 0.1000000015
29916  -50.232  -52.998  -2.507 0.1000000015
29097  -51.550  -53.820  -2.318 0.2000000030
120533  -52.291  -54.277  -1.862 0.1000000015
27380  -53.678  -55.523  -0.795 0.1000000015
116102  -54.525  -55.325  -0.705 0.1000000015
26481  -55.620  -57.554  -2.273 0.1000000015
25603  -53.098  -57.964  -3.420 0.1000000015
26478  -52.439  -57.068  -4.029 0.1000000015
123984  -51.673  -57.265  -4.288 0.1000000015
26493  -50.846  -56.274  -4.731 0.1000000015
26507  -49.504  -56.205  -5.435 0.1000000015
125640  -40.206  -59.515  -2.123 0.2000000030
21960  -41.741  -61.366  -3.057 0.2000000030
21975  -43.179  -61.910  -4.851 0.3000000119
23770  -39.799  -58.804  -2.056 0.2000000030
129190  -40.624  -60.012  -2.471 0.2000000030
22838  -41.348  -60.665  -3.145 0.2000000030
21961  -42.327  -61.662  -3.550 0.3000000119
21974  -42.553  -61.376  -4.563 0.3000000119
28271  -41.293  -54.217  -3.690 0.3000000119
27415  -41.316  -55.496  -4.384 0.3000000119
26487  -40.810  -56.183  -4.379 0.3000000119
107329  -40.928  -56.925  -4.833 0.3000000119
29910  -41.351  -52.373  -2.637 0.3000000119
29091  -41.135  -53.160  -2.889 0.3000000119
27414  -40.689  -55.590  -4.021 0.3000000119
26475  -40.284  -56.126  -3.789 0.3000000119
24733  -40.953  -58.599  -4.864 0.3000000119
33237  -41.371  -49.057  -0.028 0.2000000030
31566  -41.454  -50.359  -1.278 0.3000000119
22851  -41.587  -60.001  -4.554 0.2000000030
32329  -41.952  -48.796  -0.766 0.2000000030
122431  -42.413  -48.855  -1.404 0.2000000030
116045  -42.298  -47.928  -0.574 0.2000000030
112244  -43.195  -48.800  -2.190 0.3000000119
34226  -42.682  -47.665  -1.223 0.3000000119
33273  -43.825  -48.781  -2.699 0.3000000119
32368  -44.518  -48.883  -3.255 0.2000000030
34227  -43.139  -47.546  -1.884 0.3000000119
35150  -43.700  -46.866  -2.013 0.2000000030
122799  -44.136  -47.244  -2.983 0.2000000030
34268  -44.848  -47.321  -3.910 0.2000000030
106967  -46.122  -46.213  -4.336 0.1000000015
31607  -50.673  -50.945  -4.822 0.1000000015
32390  -50.734  -49.786  -6.016 0.1000000015
109644  -51.085  -49.162  -6.581 0.1000000015
127707  -51.084  -52.122  -3.543 0.1000000015
30763  -51.663  -51.873  -4.012 0.1000000015
30773  -51.591  -51.205  -4.818 0.1000000015
112219  -52.026  -50.643  -5.585 0.1000000015
29932  -51.766  -52.580  -3.166 0.1000000015
29933  -52.799  -52.639  -3.260 0.1000000015
29944  -53.275  -52.283  -3.982 0.1000000015
122681  -52.889  -51.743  -4.581 0.1000000015
29918  -51.896  -53.195  -2.572 0.1000000015
29098  -52.615  -53.550  -2.225 0.1000000015
29119  -54.219  -53.040  -2.513 0.1000000015
29100  -54.768  -53.537  -1.866 0.1000000015
28257  -53.239  -54.074  -1.573 0.1000000015
28245  -54.888  -54.773  -0.907 0.1000000015
27394  -56.052  -55.300  -1.078 0.1000000015
27381  -55.286  -55.558  -0.782 0.1000000015
26469  -56.227  -57.041  -1.320 0.1000000015
26479  -53.564  -57.329  -3.562 0.1000000015
26494  -51.603  -56.601  -4.445 0.1000000015
109739  -39.029  -58.026  -0.580 0.3000000119
25567  -38.850  -57.366  -1.367 0.3000000119
24709  -39.591  -58.166  -2.424 0.3000000119
24710  -40.179  -58.811  -2.781 0.2000000030
23781  -40.698  -59.257  -3.486 0.2000000030
23782  -41.295  -59.999  -3.709 0.2000000030
110174  -38.996  -56.840  -2.115 0.3000000119
24721  -39.862  -58.042  -3.096 0.3000000119
24722  -40.254  -58.363  -3.646 0.3000000119
22839  -41.827  -60.835  -3.952 0.2000000030
29909  -40.657  -52.869  -2.142 0.3000000119
28253  -40.057  -54.461  -2.454 0.3000000119
27388  -39.693  -55.600  -2.738 0.3000000119
25598  -39.993  -57.509  -3.654 0.3000000119
23793  -41.066  -59.324  -4.327 0.2000000030
32321  -40.896  -49.378  0.591 0.2000000030
30730  -40.429  -51.687  -1.128 0.3000000119
29893  -39.859  -52.217  -0.395 0.3000000119
33224  -41.319  -48.660  0.789 0.2000000030
33225  -41.932  -47.860  1.021 0.2000000030
126061  -42.822  -46.884  0.220 0.2000000030
117465  -43.250  -46.673  -0.423 0.2000000030
108839  -44.077  -46.363  -0.152 0.3000000119
35141  -44.568  -46.199  -0.937 0.2000000030
35172  -44.537  -46.482  -2.392 0.2000000030
29101  -55.899  -53.785  -1.887 0.1000000015
26482  -57.053  -56.274  -2.300 0.1000000015
112522  -56.449  -56.952  -2.589 0.1000000015
26497  -55.381  -57.134  -3.477 0.1000000015
24666  -39.612  -58.096  1.407 0.1000000015
25540  -39.623  -57.360  1.664 0.2000000030
25547  -39.323  -57.400  0.983 0.3000000119
109621  -39.013  -57.461  0.209 0.3000000119
26434  -39.157  -56.548  0.513 0.3000000119
26439  -38.971  -55.972  -0.353 0.3000000119
28241  -39.826  -54.199  -1.807 0.3000000119
124080  -39.489  -54.756  -0.793 0.3000000119
31541  -40.213  -50.716  0.921 0.3000000119
120699  -39.925  -51.615  0.470 0.3000000119
29883  -39.645  -52.913  0.007 0.3000000119
28234  -39.598  -54.020  -0.921 0.3000000119
32316  -40.612  -49.582  2.057 0.2000000030
33213  -42.084  -47.998  2.035 0.2000000030
112789  -43.446  -47.041  2.024 0.1000000015
34205  -43.422  -46.598  0.293 0.2000000030
34175  -44.733  -47.437  3.275 0.1000000015
35123  -44.702  -46.586  1.405 0.2000000030
35130  -44.821  -46.372  0.555 0.2000000030
35124  -45.524  -46.558  1.125 0.2000000030
35131  -45.663  -46.331  0.365 0.3000000119
27355  -39.692  -55.954  1.083 0.3000000119
27364  -39.486  -55.651  0.375 0.3000000119
27365  -39.907  -54.972  0.334 0.3000000119
28227  -39.681  -54.474  -0.198 0.3000000119
113037  -40.379  -50.881  2.785 0.3000000119
29876  -39.866  -52.365  1.212 0.3000000119
29070  -39.909  -53.216  0.713 0.3000000119
31527  -40.642  -50.134  2.785 0.2000000030
32311  -41.864  -49.149  3.343 0.2000000030
33180  -43.747  -49.070  4.440 0.1000000015
34156  -44.228  -47.845  3.598 0.1000000015
124725  -45.447  -47.583  3.586 0.1000000015
34176  -45.607  -47.198  2.833 0.1000000015
124597  -46.192  -47.042  2.213 0.1000000015
27357  -41.036  -54.922  1.456 0.3000000119
28208  -41.516  -54.592  2.117 0.2000000030
28221  -40.553  -54.405  1.168 0.3000000119
28228  -40.114  -54.207  0.542 0.3000000119
115804  -40.380  -53.810  1.147 0.3000000119
31519  -40.812  -50.756  3.472 0.2000000030
30689  -40.525  -51.665  3.150 0.3000000119
29064  -40.264  -53.164  1.627 0.3000000119
32307  -42.913  -49.935  4.503 0.2000000030
31513  -42.552  -50.623  4.626 0.2000000030
31504  -46.299  -50.476  5.518 0.1000000015
32301  -45.026  -50.005  5.328 0.1000000015
31505  -47.147  -50.333  5.646 0.1000000015
32309  -45.124  -49.289  5.130 0.1000000015
33182  -45.406  -48.526  4.699 0.1000000015
34138  -45.815  -47.906  4.156 0.1000000015
128579  -46.836  -48.968  5.474 0.1000000015
33171  -46.790  -48.434  5.023 0.1000000015
33183  -46.819  -47.794  4.261 0.1000000015
34139  -47.814  -47.655  4.362 0.1000000015
28193  -41.708  -54.219  2.960 0.2000000030
29037  -41.163  -53.290  3.326 0.2000000030
29053  -40.669  -53.211  2.463 0.2000000030
30679  -42.621  -51.385  4.882 0.2000000030
29853  -41.012  -52.324  3.752 0.2000000030
30663  -44.538  -51.311  5.425 0.1000000015
30680  -43.251  -51.046  5.097 0.2000000030
30665  -46.007  -51.221  5.488 0.1000000015
32303  -46.570  -49.642  5.540 0.1000000015
32304  -47.484  -49.412  5.755 0.1000000015
33172  -47.501  -48.586  5.405 0.1000000015
33174  -49.166  -48.352  5.741 0.1000000015
33173  -48.270  -48.007  5.169 0.1000000015
31506  -48.555  -50.827  5.872 0.1000000015
31487  -48.740  -49.987  6.198 0.1000000015
32292  -49.489  -49.727  6.348 0.1000000015
33163  -49.674  -48.936  6.272 0.1000000015
30644  -49.974  -51.155  6.113 0.1000000015
119981  -50.717  -50.815  6.384 0.1000000015
31489  -50.086  -50.311  6.391 0.1000000015
18360  -50.614  -65.467  -6.483 0.4000000060
19297  -49.635  -64.495  -6.852 0.5000000000
117352  -49.655  -63.223  -6.978 0.5000000000
18359  -49.637  -65.304  -6.574 0.4000000060
114252  -50.168  -63.792  -6.802 0.5000000000
19298  -50.379  -64.667  -6.687 0.6000000238
17395  -49.492  -66.663  -5.759 0.5000000000
18336  -48.131  -65.822  -5.912 0.4000000060
12336  -50.277  -72.323  -3.927 0.5000000000
17394  -48.642  -66.341  -5.682 0.4000000060
17417  -50.857  -66.243  -6.189 0.5000000000
14802  -49.554  -69.454  -4.227 0.5000000000
17396  -50.335  -66.864  -5.814 0.6000000238
119800  -50.865  -69.501  -4.586 0.5000000000
129900  -50.952  -71.354  -4.415 0.3000000119
115672  -51.380  -71.303  -5.273 0.5000000000
16494  -49.979  -68.250  -4.879 0.5000000000
11571  -49.019  -73.292  -3.903 0.5000000000
110951  -50.123  -69.090  -4.520 0.5000000000
21118  -50.648  -62.554  -5.574 0.4000000060
13166  -51.905  -70.854  -5.048 0.4000000060
14835  -53.727  -68.807  -6.155 0.5000000000
114439  -55.123  -67.555  -6.715 0.4000000060
110145  -54.044  -67.906  -7.790 0.4000000060
16499  -55.688  -66.860  -5.301 0.4000000060
18362  -56.644  -65.215  -6.277 0.3000000119
17399  -56.422  -65.830  -5.833 0.4000000060
14772  -45.493  -69.595  -2.383 0.2000000030
19295  -47.748  -64.530  -6.746 0.5000000000
17415  -49.307  -66.014  -6.189 0.4000000060
21991  -50.385  -61.874  -4.973 0.3000000119
20170  -51.601  -63.806  -5.817 0.4000000060
18361  -51.429  -65.672  -6.257 0.6000000238
24736  -48.348  -58.205  -4.130 0.3000000119
23796  -49.334  -59.503  -4.088 0.4000000060
21976  -50.022  -61.077  -4.562 0.4000000060
21119  -51.357  -62.937  -5.329 0.5000000000
18338  -52.648  -65.620  -5.567 0.6000000238
16515  -51.690  -67.608  -5.492 0.6000000238
17397  -51.199  -66.937  -5.841 0.6000000238
16513  -49.756  -67.431  -5.297 0.6000000238
15627  -51.351  -68.288  -5.155 0.5000000000
13968  -51.571  -70.465  -4.661 0.5000000000
21084  -51.700  -62.391  -3.791 0.4000000060
21100  -51.547  -62.657  -4.535 0.4000000060
19266  -52.813  -64.099  -4.636 0.5000000000
18339  -53.185  -65.914  -5.247 0.5000000000
14804  -52.026  -69.137  -5.037 0.5000000000
15628  -52.045  -68.349  -5.248 0.5000000000
124472  -52.578  -69.108  -5.371 0.5000000000
14803  -51.560  -69.773  -4.702 0.5000000000
114721  -50.606  -61.162  -3.948 0.4000000060
22840  -49.925  -59.954  -3.765 0.4000000060
20142  -52.664  -63.534  -3.911 0.5000000000
18318  -53.738  -65.628  -4.721 0.5000000000
123645  -54.170  -66.866  -4.896 0.4000000060
16517  -53.562  -66.565  -5.126 0.5000000000
14806  -53.277  -68.439  -5.504 0.5000000000
21949  -50.966  -60.923  -3.261 0.4000000060
22829  -51.004  -60.329  -2.745 0.3000000119
112543  -54.040  -64.766  -3.292 0.5000000000
17378  -54.768  -66.595  -4.635 0.4000000060
15617  -54.636  -67.454  -5.130 0.5000000000
20144  -53.878  -64.161  -2.891 0.5000000000
112153  -54.515  -65.149  -3.712 0.4000000060
17379  -55.276  -66.259  -4.574 0.4000000060
17364  -55.460  -65.633  -4.335 0.4000000060
129418  -55.079  -63.585  -1.544 0.4000000060
21068  -54.409  -63.335  -1.482 0.4000000060
19251  -54.502  -64.443  -2.938 0.4000000060
18321  -56.066  -65.413  -4.546 0.4000000060
21133  -45.836  -62.726  -6.977 0.5000000000
18356  -47.164  -65.060  -6.231 0.4000000060
15612  -49.383  -68.733  -4.451 0.5000000000
25641  -45.152  -57.927  -6.299 0.5000000000
16512  -48.926  -67.129  -5.156 0.5000000000
27421  -47.121  -55.979  -4.137 0.3000000119
27403  -47.721  -54.738  -3.203 0.2000000030
25600  -48.570  -57.470  -3.725 0.3000000119
24724  -49.423  -58.605  -3.482 0.4000000060
25584  -49.194  -56.859  -3.180 0.3000000119
26466  -49.035  -55.955  -2.870 0.3000000119
24712  -50.613  -58.418  -2.302 0.3000000119
23774  -51.095  -59.615  -2.175 0.3000000119
21931  -52.122  -61.029  -1.677 0.3000000119
21950  -51.518  -61.073  -2.582 0.3000000119
21067  -53.511  -62.880  -1.775 0.3000000119
23759  -51.789  -59.511  -1.265 0.2000000030
111036  -52.695  -61.059  -0.928 0.3000000119
21933  -53.490  -61.527  -0.741 0.2000000030
21070  -56.402  -62.440  -1.650 0.3000000119
19235  -55.706  -63.501  -2.222 0.4000000060
20146  -56.663  -63.010  -3.558 0.4000000060
21953  -56.405  -61.713  -2.353 0.2000000030
21071  -56.538  -62.323  -2.315 0.3000000119
129970  -56.552  -62.349  -3.471 0.2000000030
22844  -55.953  -61.330  -3.410 0.2000000030
22901  -54.739  -60.153  -5.930 0.1000000015
22856  -52.992  -59.813  -4.875 0.1000000015
119586  -45.201  -62.804  -6.610 0.4000000060
22009  -45.277  -62.148  -7.074 0.4000000060
19293  -45.995  -64.170  -6.249 0.5000000000
18315  -46.417  -65.573  -4.690 0.4000000060
17393  -47.830  -66.169  -5.298 0.5000000000
111848  -44.881  -58.437  -6.734 0.5000000000
124562  -44.928  -55.113  -4.662 0.4000000060
29116  -46.681  -53.386  -3.318 0.2000000030
29093  -48.086  -53.338  -2.529 0.1000000015
29092  -47.349  -52.947  -2.794 0.1000000015
26467  -49.694  -56.369  -2.595 0.2000000030
120115  -49.534  -54.736  -2.400 0.2000000030
25586  -50.518  -57.609  -2.257 0.2000000030
26451  -50.812  -56.420  -1.986 0.2000000030
24697  -51.715  -58.596  -1.090 0.2000000030
24696  -51.174  -58.013  -1.549 0.2000000030
23760  -52.517  -59.789  -0.611 0.2000000030
26452  -51.368  -56.501  -1.541 0.2000000030
22803  -53.261  -60.415  -0.404 0.2000000030
113280  -52.300  -58.165  -0.697 0.1000000015
24679  -53.165  -58.694  -0.364 0.1000000015
24680  -54.044  -59.112  -0.252 0.1000000015
23741  -53.852  -59.762  -0.120 0.2000000030
22818  -54.215  -60.808  -0.377 0.2000000030
23761  -55.087  -59.399  -0.905 0.1000000015
22832  -55.180  -60.311  -1.676 0.1000000015
22843  -54.811  -60.717  -2.813 0.1000000015
124865  -55.860  -61.154  -4.228 0.1000000015
24714  -55.139  -58.901  -1.351 0.1000000015
22858  -54.345  -60.709  -3.935 0.1000000015
22859  -55.085  -60.903  -4.548 0.1000000015
23798  -53.160  -59.707  -4.052 0.1000000015
23797  -52.471  -59.373  -4.577 0.1000000015
23810  -52.337  -59.535  -5.346 0.1000000015
24761  -51.053  -58.823  -6.257 0.1000000015
17350  -44.817  -66.406  -2.592 0.3000000119
17362  -45.561  -66.636  -3.299 0.3000000119
20140  -43.727  -63.438  -3.596 0.3000000119
18298  -44.668  -65.410  -2.997 0.3000000119
20141  -44.326  -63.906  -3.831 0.3000000119
19262  -44.774  -64.353  -4.117 0.3000000119
18299  -45.301  -65.769  -3.499 0.3000000119
18300  -45.953  -66.027  -4.039 0.3000000119
19263  -45.374  -64.515  -4.727 0.3000000119
20168  -45.363  -63.942  -5.591 0.3000000119
20167  -44.788  -63.187  -5.908 0.3000000119
22897  -44.282  -60.671  -7.179 0.4000000060
22007  -43.800  -61.066  -6.671 0.4000000060
21988  -44.044  -61.892  -6.269 0.4000000060
21116  -44.287  -62.551  -5.861 0.4000000060
27418  -44.196  -55.143  -4.778 0.4000000060
24778  -44.408  -58.801  -7.052 0.4000000060
22919  -44.422  -60.019  -7.348 0.4000000060
29132  -43.644  -54.334  -4.546 0.4000000060
109999  -45.004  -52.471  -3.525 0.3000000119
30742  -44.436  -50.999  -2.508 0.3000000119
30744  -46.411  -51.687  -2.709 0.2000000030
30759  -47.463  -51.146  -2.893 0.1000000015
29914  -48.654  -52.846  -2.437 0.1000000015
29915  -49.418  -52.938  -2.390 0.1000000015
116468  -50.066  -54.276  -2.361 0.2000000030
27393  -51.198  -55.059  -1.951 0.1000000015
27378  -51.662  -55.740  -1.510 0.1000000015
25570  -52.725  -57.375  -0.673 0.1000000015
129280  -55.226  -58.492  -1.001 0.1000000015
24726  -53.449  -58.807  -3.167 0.1000000015
23786  -52.782  -59.166  -3.843 0.1000000015
24725  -52.492  -58.484  -3.836 0.1000000015
25619  -51.430  -57.892  -4.490 0.1000000015
24748  -50.873  -58.130  -5.076 0.1000000015
19232  -43.198  -64.593  -2.253 0.2000000030
20126  -43.223  -63.662  -2.751 0.2000000030
20155  -43.603  -62.698  -4.344 0.3000000119
126334  -42.268  -56.196  -5.154 0.3000000119
23821  -43.238  -59.366  -6.840 0.4000000060
29112  -42.395  -53.244  -3.789 0.3000000119
30756  -42.986  -51.679  -3.189 0.3000000119
31582  -45.552  -50.464  -2.725 0.1000000015
31596  -47.893  -50.772  -3.503 0.1000000015
109420  -45.979  -49.505  -3.747 0.1000000015
32380  -47.162  -49.437  -4.729 0.1000000015
31605  -47.516  -50.169  -4.160 0.1000000015
30760  -48.208  -51.404  -2.916 0.1000000015
30761  -49.046  -51.710  -3.004 0.1000000015
31606  -48.315  -50.450  -4.290 0.1000000015
113205  -49.721  -51.679  -3.369 0.1000000015
29096  -50.580  -53.707  -2.428 0.1000000015
28243  -52.893  -54.816  -1.309 0.1000000015
25604  -54.465  -58.032  -2.785 0.1000000015
21063  -42.078  -62.709  -2.402 0.2000000030
21082  -42.581  -62.398  -3.098 0.2000000030
21064  -42.662  -63.132  -2.624 0.3000000119
29925  -41.856  -52.749  -3.292 0.3000000119
28283  -41.739  -54.747  -4.255 0.3000000119
26488  -41.565  -56.194  -4.810 0.3000000119
26501  -41.790  -56.916  -5.385 0.3000000119
30732  -41.905  -50.832  -1.991 0.3000000119
109247  -41.596  -51.580  -2.343 0.3000000119
32328  -41.453  -49.611  -0.695 0.3000000119
31594  -45.620  -49.868  -3.107 0.1000000015
34267  -44.244  -48.064  -3.399 0.2000000030
33288  -44.982  -48.297  -4.013 0.1000000015
33297  -45.711  -48.206  -4.602 0.1000000015
33299  -46.930  -48.671  -5.231 0.1000000015
127998  -46.859  -48.027  -5.481 0.1000000015
33304  -47.490  -48.299  -5.747 0.1000000015
35219  -48.044  -46.671  -6.006 0.1000000015
34288  -47.735  -47.463  -6.013 0.1000000015
109292  -48.781  -46.489  -6.373 0.1000000015
34289  -48.500  -47.270  -6.421 0.1000000015
31613  -48.708  -50.056  -5.025 0.1000000015
111933  -49.031  -49.546  -5.664 0.1000000015
33308  -49.135  -47.925  -6.654 0.1000000015
32393  -49.253  -48.873  -6.302 0.1000000015
34293  -50.024  -46.803  -7.104 0.1000000015
34291  -49.878  -47.678  -7.021 0.1000000015
35223  -50.298  -46.022  -6.994 0.1000000015
36176  -50.669  -45.374  -6.652 0.1000000015
36179  -51.154  -45.756  -7.208 0.1000000015
30772  -50.011  -51.307  -4.143 0.1000000015
31614  -49.514  -50.197  -5.226 0.1000000015
114861  -49.969  -50.691  -4.807 0.1000000015
32394  -50.229  -49.071  -6.434 0.1000000015
31615  -50.336  -50.308  -5.389 0.1000000015
33310  -50.602  -48.374  -6.949 0.1000000015
125514  -51.367  -48.588  -6.996 0.1000000015
111644  -51.908  -45.879  -7.415 0.1000000015
29931  -50.716  -52.540  -3.004 0.1000000015
114443  -50.897  -51.585  -4.154 0.1000000015
29917  -51.112  -53.153  -2.653 0.1000000015
28244  -53.869  -54.675  -1.008 0.1000000015
26480  -54.675  -57.487  -3.237 0.1000000015
23756  -39.698  -59.133  -1.360 0.2000000030
23771  -40.564  -59.522  -2.760 0.2000000030
24695  -39.315  -58.271  -1.555 0.3000000119
22837  -40.946  -60.000  -3.002 0.2000000030
27401  -40.915  -54.930  -3.902 0.3000000119
119064  -40.298  -56.868  -4.175 0.3000000119
29901  -40.857  -52.026  -1.899 0.3000000119
29090  -40.442  -53.746  -2.468 0.3000000119
27400  -40.268  -55.372  -3.394 0.3000000119
28270  -40.529  -54.466  -3.159 0.3000000119
125627  -39.835  -56.715  -3.459 0.3000000119
23792  -40.620  -58.686  -4.203 0.3000000119
31555  -40.903  -50.210  -0.491 0.3000000119
33238  -41.787  -48.253  0.084 0.2000000030
30720  -40.674  -50.894  -0.901 0.3000000119
35140  -43.782  -46.525  -1.085 0.3000000119
122640  -43.718  -47.949  -2.881 0.2000000030
35207  -45.592  -46.950  -4.506 0.1000000015
35188  -45.357  -46.586  -3.972 0.2000000030
34282  -45.941  -47.473  -4.893 0.1000000015
109709  -51.176  -50.485  -5.495 0.1000000015
33311  -51.875  -49.113  -6.825 0.1000000015
30774  -52.426  -52.138  -3.918 0.1000000015
123843  -52.465  -51.224  -5.090 0.1000000015
114858  -52.206  -51.621  -4.482 0.1000000015
109380  -52.455  -52.999  -2.729 0.1000000015
29118  -53.236  -53.049  -2.621 0.1000000015
29099  -53.700  -53.471  -1.958 0.1000000015
28258  -54.274  -54.041  -1.366 0.1000000015
28259  -55.394  -54.246  -1.348 0.1000000015
26470  -56.661  -56.339  -1.551 0.1000000015
113471  -39.394  -58.620  -0.963 0.3000000119
25554  -38.787  -56.957  -0.456 0.3000000119
26450  -38.829  -56.391  -1.264 0.3000000119
26474  -39.476  -56.412  -2.764 0.3000000119
26465  -39.242  -55.929  -2.045 0.3000000119
29900  -40.201  -52.534  -1.324 0.3000000119
27389  -39.984  -54.957  -2.780 0.3000000119
29076  -39.701  -53.097  -0.715 0.3000000119
28252  -39.570  -54.996  -2.078 0.3000000119
31542  -40.611  -50.083  0.324 0.3000000119
32320  -40.515  -49.870  1.215 0.3000000119
33212  -41.427  -48.495  1.660 0.2000000030
30719  -40.232  -51.428  -0.414 0.3000000119
34194  -43.202  -46.804  1.033 0.2000000030
113341  -45.015  -46.168  -0.237 0.2000000030
35142  -45.251  -45.989  -0.871 0.2000000030
36085  -45.922  -45.747  -1.951 0.2000000030
110823  -39.675  -58.909  1.110 0.1000000015
26428  -40.111  -56.195  1.710 0.2000000030
27376  -39.231  -55.391  -1.186 0.3000000119
27370  -39.471  -55.203  -0.300 0.3000000119
114405  -40.220  -50.535  1.978 0.3000000119
30703  -39.952  -51.461  1.559 0.3000000119
33197  -41.662  -48.656  2.552 0.2000000030
34173  -42.852  -47.660  2.478 0.2000000030
35117  -44.512  -46.929  2.340 0.1000000015
34174  -43.767  -47.496  2.985 0.1000000015
35118  -45.468  -46.806  1.934 0.2000000030
27356  -40.382  -55.487  1.262 0.3000000119
114357  -39.991  -55.368  0.793 0.3000000119
29871  -40.172  -52.280  2.261 0.3000000119
31521  -42.179  -49.781  4.089 0.2000000030
32312  -42.918  -49.262  4.174 0.2000000030
33187  -42.547  -48.719  3.494 0.2000000030
34155  -43.687  -48.061  3.558 0.1000000015
33189  -44.059  -48.357  4.053 0.1000000015
33181  -44.552  -48.815  4.624 0.1000000015
32308  -43.453  -49.687  4.621 0.1000000015
34158  -46.931  -47.476  3.478 0.1000000015
28207  -40.806  -54.010  1.790 0.3000000119
29866  -40.650  -52.572  3.028 0.3000000119
30690  -41.124  -51.451  3.990 0.2000000030
31514  -43.411  -50.314  4.876 0.1000000015
31502  -44.733  -50.608  5.369 0.1000000015
107090  -47.978  -50.188  5.915 0.1000000015
33184  -47.436  -48.068  4.855 0.1000000015
29018  -42.314  -53.271  4.833 0.2000000030
29017  -41.590  -52.848  4.255 0.2000000030
30664  -45.249  -51.229  5.472 0.1000000015
125197  -48.908  -49.160  6.207 0.1000000015
31488  -49.332  -50.594  6.177 0.1000000015
13194  -50.149  -71.377  -5.615 0.3000000119
13192  -48.460  -72.287  -6.820 0.3000000119
116942  -48.787  -72.294  -6.079 0.3000000119
11672  -46.754  -73.193  -12.593 0.2000000030
10243  -45.647  -74.953  -14.071 0.2000000030
12393  -48.329  -73.374  -7.623 0.4000000060
13244  -48.371  -72.654  -10.099 0.3000000119
14001  -49.597  -70.759  -6.165 0.4000000060
117381  -48.377  -72.640  -8.490 0.3000000119
12439  -47.972  -73.225  -11.012 0.3000000119
14002  -50.683  -70.575  -6.228 0.4000000060
14017  -48.269  -71.192  -7.281 0.4000000060
12440  -48.256  -72.599  -10.844 0.3000000119
110251  -47.252  -72.788  -12.607 0.2000000030
14833  -49.112  -70.224  -6.568 0.4000000060
14000  -48.771  -71.156  -6.468 0.4000000060
13243  -48.241  -71.855  -10.555 0.4000000060
14003  -51.660  -70.368  -6.390 0.4000000060
14029  -47.825  -70.952  -9.004 0.4000000060
13263  -48.006  -71.761  -11.290 0.3000000119
13280  -47.209  -72.162  -13.059 0.3000000119
14834  -50.047  -69.846  -6.630 0.4000000060
14016  -47.906  -70.205  -7.853 0.4000000060
14041  -47.836  -71.075  -10.062 0.3000000119
14080  -47.555  -71.495  -12.125 0.4000000060
14020  -52.096  -69.831  -6.835 0.4000000060
14898  -47.325  -70.358  -11.170 0.3000000119
110991  -53.309  -69.153  -6.549 0.4000000060
112032  -49.939  -69.189  -7.156 0.4000000060
15650  -48.399  -69.320  -7.451 0.4000000060
14857  -47.509  -69.709  -8.749 0.4000000060
14859  -51.995  -68.770  -7.870 0.4000000060
15662  -47.753  -69.015  -8.066 0.4000000060
14883  -46.941  -69.473  -10.600 0.3000000119
14847  -53.026  -69.046  -7.306 0.4000000060
15652  -50.428  -68.625  -7.716 0.4000000060
15651  -49.300  -68.810  -7.447 0.4000000060
15679  -47.182  -68.658  -8.819 0.4000000060
15664  -51.077  -68.318  -8.225 0.4000000060
120941  -50.584  -68.098  -8.289 0.4000000060
125991  -48.515  -68.385  -7.929 0.4000000060
115072  -47.715  -68.146  -8.372 0.4000000060
125592  -46.858  -68.838  -9.725 0.3000000119
15666  -52.219  -68.217  -8.454 0.4000000060
110106  -49.228  -67.611  -8.384 0.4000000060
15678  -46.713  -68.043  -9.346 0.3000000119
15708  -46.424  -68.944  -11.125 0.2000000030
14861  -53.295  -68.407  -7.895 0.3000000119
16558  -51.189  -67.765  -8.692 0.4000000060
15681  -52.417  -67.668  -8.931 0.4000000060
16571  -51.608  -67.260  -9.190 0.4000000060
16556  -48.691  -66.985  -8.751 0.4000000060
16555  -47.825  -67.469  -8.577 0.4000000060
15696  -46.500  -68.509  -10.267 0.2000000030
16588  -46.267  -67.594  -9.913 0.2000000030
15706  -44.968  -68.104  -11.729 0.3000000119
126160  -54.411  -67.280  -8.072 0.3000000119
15668  -53.450  -67.798  -8.430 0.3000000119
112883  -52.099  -67.333  -9.225 0.3000000119
17433  -47.581  -66.797  -8.919 0.3000000119
16587  -45.671  -67.156  -10.320 0.2000000030
16567  -46.718  -67.151  -9.214 0.2000000030
16599  -45.308  -67.664  -11.028 0.2000000030
15715  -43.662  -68.202  -12.553 0.2000000030
16546  -55.605  -66.254  -7.656 0.3000000119
16573  -53.226  -67.034  -9.230 0.3000000119
16569  -49.918  -66.962  -8.879 0.4000000060
17453  -46.208  -66.643  -9.762 0.1000000015
17435  -55.327  -66.027  -8.291 0.3000000119
17442  -53.166  -66.481  -9.425 0.3000000119
17454  -51.084  -66.064  -9.774 0.2000000030
18378  -48.785  -65.852  -9.478 0.2000000030
16586  -44.931  -66.705  -10.719 0.1000000015
126277  -52.235  -65.807  -9.798 0.2000000030
18396  -51.604  -65.569  -9.929 0.2000000030
18393  -48.535  -65.245  -9.778 0.1000000015
109991  -46.269  -65.745  -9.879 0.1000000015
17467  -44.278  -66.317  -11.261 0.1000000015
16597  -43.808  -66.854  -11.770 0.1000000015
108085  -56.261  -65.162  -7.597 0.2000000030
18380  -54.549  -65.529  -9.098 0.3000000119
111061  -53.162  -65.946  -9.553 0.3000000119
19280  -57.176  -63.655  -5.957 0.2000000030
18375  -56.182  -64.744  -8.041 0.1000000015
17444  -55.229  -65.448  -8.679 0.3000000119
110214  -53.052  -65.071  -9.772 0.2000000030
18394  -49.954  -65.260  -9.976 0.1000000015
106935  -46.593  -64.853  -10.179 0.1000000015
18411  -44.190  -65.367  -11.562 0.1000000015
17466  -43.771  -66.131  -11.759 0.1000000015
19311  -56.786  -64.087  -7.312 0.2000000030
18381  -55.079  -64.862  -8.935 0.2000000030
19340  -54.244  -64.758  -9.442 0.2000000030
19338  -52.297  -65.052  -9.947 0.1000000015
18395  -50.694  -65.249  -10.068 0.1000000015
19335  -48.265  -64.431  -10.191 0.1000000015
19334  -47.363  -64.247  -10.406 0.1000000015
18412  -44.866  -64.772  -11.118 0.1000000015
18410  -43.589  -65.663  -12.186 0.1000000015
17489  -41.805  -66.832  -14.143 0.1000000015
122786  -55.263  -63.935  -9.087 0.1000000015
111198  -52.950  -64.223  -9.922 0.2000000030
112406  -51.935  -63.952  -10.160 0.1000000015
116656  -49.734  -63.974  -10.479 0.1000000015
20249  -47.228  -63.597  -11.047 0.1000000015
19353  -45.191  -64.061  -11.550 0.1000000015
19367  -44.466  -64.366  -12.729 0.1000000015
17490  -42.402  -66.383  -13.509 0.1000000015
16618  -41.217  -67.216  -14.648 0.1000000015
20233  -50.324  -63.319  -10.698 0.1000000015
112767  -47.256  -63.157  -11.838 0.1000000015
20248  -45.797  -63.581  -11.975 0.1000000015
18436  -42.975  -65.763  -14.803 0.1000000015
17512  -42.370  -66.228  -15.263 0.1000000015
19378  -45.129  -64.114  -13.200 0.1000000015
35132  -46.570  -46.370  0.190 0.2000000030
20172  -57.349  -63.043  -5.675 0.2000000030
20191  -57.130  -63.565  -6.619 0.1000000015
19318  -56.029  -64.182  -8.414 0.1000000015
20222  -55.927  -63.717  -8.620 0.1000000015
20236  -53.358  -63.200  -9.972 0.1000000015
20238  -55.187  -63.246  -9.310 0.1000000015
125981  -51.652  -63.065  -10.435 0.1000000015
20251  -49.464  -63.072  -10.982 0.1000000015
18431  -42.797  -65.672  -13.976 0.1000000015
18422  -43.477  -65.295  -12.840 0.1000000015
19368  -45.089  -63.886  -12.392 0.1000000015
21184  -48.095  -62.782  -12.074 0.1000000015
13207  -48.336  -72.210  -7.661 0.3000000119
12452  -47.529  -73.123  -11.758 0.3000000119
13216  -48.315  -71.953  -8.985 0.3000000119
13270  -47.558  -72.335  -12.311 0.3000000119
14842  -48.512  -70.212  -7.037 0.4000000060
14055  -47.798  -71.055  -10.880 0.3000000119
14018  -51.167  -69.911  -6.772 0.4000000060
14872  -47.546  -70.279  -9.576 0.4000000060
14884  -47.442  -70.280  -10.356 0.3000000119
14858  -51.324  -68.768  -7.785 0.4000000060
16557  -50.295  -67.601  -8.563 0.4000000060
15707  -45.748  -68.515  -11.456 0.2000000030
17440  -51.377  -66.685  -9.472 0.3000000119
17437  -48.490  -66.315  -9.134 0.2000000030
16606  -44.102  -67.709  -11.978 0.2000000030
17434  -54.796  -66.149  -8.703 0.3000000119
17441  -52.023  -66.839  -9.484 0.3000000119
18377  -47.819  -65.850  -9.411 0.2000000030
17452  -45.517  -66.152  -10.227 0.1000000015
17439  -50.550  -66.506  -9.418 0.4000000060
17456  -52.551  -66.302  -9.606 0.2000000030
18379  -50.230  -65.851  -9.742 0.2000000030
123567  -47.008  -65.542  -9.700 0.1000000015
16605  -43.299  -67.337  -12.317 0.1000000015
18392  -47.592  -65.017  -9.896 0.1000000015
18390  -44.799  -65.697  -10.781 0.1000000015
18399  -54.144  -65.306  -9.356 0.3000000119
117053  -50.039  -64.725  -10.227 0.1000000015
19333  -45.975  -64.426  -10.644 0.1000000015
18423  -43.973  -64.917  -12.349 0.1000000015
16604  -42.550  -66.987  -12.806 0.1000000015
20211  -56.702  -63.533  -7.743 0.1000000015
111688  -53.916  -64.099  -9.681 0.1000000015
115929  -50.536  -64.280  -10.375 0.1000000015
20231  -47.986  -63.689  -10.716 0.1000000015
19354  -45.864  -63.912  -11.179 0.1000000015
17501  -42.268  -66.206  -14.401 0.1000000015
20250  -48.505  -63.129  -11.178 0.1000000015
16627  -41.136  -67.052  -15.402 0.1000000015
20252  -50.243  -62.743  -11.143 0.1000000015
20237  -54.313  -63.239  -9.672 0.1000000015
13177  -46.760  -72.097  -5.010 0.3000000119
12379  -47.083  -73.513  -6.254 0.2000000030
111212  -46.530  -72.623  -6.764 0.3000000119
11606  -47.594  -74.131  -6.858 0.2000000030
13136  -47.073  -71.194  -2.820 0.4000000060
13164  -47.587  -72.539  -3.776 0.2000000030
13150  -47.766  -72.048  -3.318 0.4000000060
12349  -47.481  -73.023  -4.616 0.3000000119
110999  -46.664  -73.193  -7.974 0.2000000030
12334  -48.662  -72.741  -3.565 0.4000000060
11594  -47.747  -74.298  -6.102 0.2000000030
11618  -47.430  -73.783  -7.860 0.2000000030
12402  -46.868  -73.410  -8.787 0.1000000015
12411  -46.836  -73.363  -9.760 0.1000000015
11595  -48.178  -74.224  -5.516 0.3000000119
12410  -46.144  -72.618  -9.362 0.1000000015
11626  -47.795  -73.770  -8.248 0.2000000030
12423  -46.061  -72.708  -10.224 0.1000000015
12424  -46.809  -73.377  -10.667 0.1000000015
111444  -47.323  -73.479  -10.970 0.1000000015
11668  -44.386  -73.698  -12.826 0.1000000015
12451  -45.873  -73.102  -12.261 0.1000000015
11670  -46.287  -73.265  -12.547 0.1000000015
10946  -44.542  -74.724  -13.180 0.1000000015
11669  -45.413  -73.944  -12.951 0.1000000015
11582  -48.856  -73.540  -4.367 0.3000000119
11619  -47.873  -74.093  -7.337 0.2000000030
111557  -47.908  -73.508  -8.844 0.2000000030
11633  -47.421  -73.556  -9.365 0.2000000030
124837  -47.645  -73.488  -9.732 0.2000000030
10947  -45.254  -74.729  -13.316 0.1000000015
10960  -44.057  -75.541  -13.494 0.1000000015
119917  -49.897  -72.523  -4.550 0.2000000030
12365  -48.681  -73.777  -5.455 0.3000000119
11627  -48.012  -73.826  -7.957 0.2000000030
11644  -47.714  -73.481  -10.406 0.2000000030
10948  -45.661  -74.014  -13.197 0.1000000015
10241  -43.506  -76.061  -13.746 0.1000000015
10961  -44.794  -75.330  -13.538 0.1000000015
12380  -48.547  -73.550  -6.305 0.3000000119
12403  -48.247  -73.352  -8.706 0.3000000119
12352  -50.396  -72.226  -4.162 0.2000000030
113544  -47.566  -73.423  -11.069 0.2000000030
11656  -47.121  -73.325  -11.611 0.1000000015
128678  -44.590  -75.644  -13.795 0.1000000015
10962  -45.351  -74.773  -13.472 0.1000000015
11680  -46.163  -73.803  -13.319 0.1000000015
9541  -43.566  -76.364  -14.453 0.1000000015
12381  -48.991  -72.947  -5.467 0.2000000030
10975  -46.106  -74.560  -14.555 0.1000000015
11681  -46.591  -73.407  -13.679 0.1000000015
9554  -43.892  -75.852  -15.556 0.1000000015
10260  -45.306  -75.295  -14.926 0.1000000015
13179  -50.666  -71.801  -5.145 0.2000000030
12476  -46.835  -73.030  -14.013 0.1000000015
11714  -46.384  -74.107  -14.916 0.1000000015
13292  -46.483  -72.127  -14.243 0.1000000015
9569  -42.490  -76.607  -16.758 0.1000000015
10278  -43.905  -75.606  -15.903 0.1000000015
10993  -45.466  -74.905  -15.418 0.1000000015
12497  -45.715  -73.329  -15.177 0.1000000015
14079  -46.970  -70.753  -12.625 0.3000000119
11712  -44.616  -74.145  -15.746 0.1000000015
11584  -49.761  -72.803  -4.062 0.3000000119
12350  -48.071  -73.362  -4.217 0.3000000119
11581  -48.459  -73.768  -4.703 0.2000000030
10949  -45.707  -74.073  -13.263 0.1000000015
10250  -44.793  -75.629  -14.375 0.1000000015
11635  -47.843  -73.435  -9.657 0.2000000030
11607  -48.001  -74.425  -6.448 0.2000000030
11608  -48.311  -74.170  -5.928 0.3000000119
126822  -46.891  -73.252  -11.710 0.1000000015
9552  -42.907  -76.642  -15.730 0.1000000015
9570  -43.196  -76.144  -16.144 0.1000000015
111827  -45.059  -74.541  -15.699 0.1000000015
8826  -42.332  -77.084  -16.094 0.1000000015
11012  -43.851  -75.391  -16.013 0.1000000015
13279  -46.837  -71.704  -13.608 0.2000000030
13308  -43.775  -71.910  -14.921 0.1000000015
12494  -42.370  -72.606  -15.392 0.1000000015
110509  -41.713  -73.342  -15.546 0.1000000015
14105  -45.333  -71.103  -14.131 0.2000000030
118358  -44.713  -71.711  -14.629 0.2000000030
114573  -42.844  -71.884  -15.111 0.2000000030
14104  -44.438  -70.882  -14.181 0.1000000015
12493  -41.445  -72.363  -15.453 0.1000000015
13289  -43.215  -71.231  -14.700 0.2000000030
14103  -43.619  -70.696  -14.261 0.1000000015
14088  -46.635  -70.963  -13.338 0.2000000030
14086  -44.969  -70.373  -13.738 0.1000000015
107112  -41.882  -71.703  -15.232 0.1000000015
118836  -42.786  -70.510  -14.412 0.1000000015
14078  -46.283  -70.272  -12.978 0.2000000030
14923  -43.228  -70.006  -13.914 0.1000000015
14909  -45.449  -69.930  -13.217 0.1000000015
14908  -44.594  -69.683  -13.362 0.1000000015
14897  -46.801  -69.789  -11.518 0.2000000030
14902  -46.594  -70.037  -12.260 0.2000000030
14896  -46.190  -69.298  -11.866 0.2000000030
14907  -43.695  -69.484  -13.451 0.1000000015
14900  -45.037  -69.253  -12.807 0.1000000015
15723  -44.147  -68.993  -12.940 0.1000000015
14906  -42.789  -69.227  -13.591 0.1000000015
13278  -46.197  -71.345  -13.962 0.1000000015
13149  -47.001  -71.664  -3.246 0.2000000030
13191  -46.574  -72.296  -5.986 0.1000000015
18284  -44.148  -65.883  -2.334 0.2000000030
17334  -43.823  -66.891  -1.895 0.1000000015
23757  -39.977  -59.843  -1.512 0.1000000015
20109  -42.024  -64.116  -1.701 0.1000000015
22828  -41.243  -61.182  -2.626 0.1000000015
23739  -39.635  -59.767  -0.843 0.2000000030
22815  -39.810  -60.432  -1.295 0.1000000015
21045  -40.661  -62.632  -1.739 0.1000000015
113709  -39.516  -58.959  -0.389 0.2000000030
22816  -40.364  -60.395  -1.944 0.1000000015
111232  -40.113  -61.008  -1.613 0.1000000015
21930  -40.912  -62.118  -1.914 0.1000000015
21062  -41.432  -62.737  -1.927 0.1000000015
13947  -46.431  -70.948  -2.817 0.2000000030
124889  -44.577  -67.190  -2.185 0.1000000015
20124  -41.952  -63.397  -1.931 0.1000000015
21947  -41.475  -61.934  -2.363 0.1000000015
22827  -40.883  -60.607  -2.549 0.1000000015
17349  -44.203  -66.706  -2.044 0.1000000015
19216  -41.571  -64.347  -1.784 0.1000000015
20108  -41.284  -63.480  -1.795 0.1000000015
21946  -40.717  -61.312  -2.099 0.1000000015
13965  -46.336  -71.246  -3.409 0.1000000015
28194  -42.353  -54.597  3.413 0.1000000015
27347  -41.745  -55.318  1.901 0.1000000015
26417  -41.758  -56.047  2.184 0.1000000015
26416  -40.638  -56.493  2.306 0.1000000015
24660  -40.392  -58.339  2.726 0.1000000015
27346  -40.971  -55.712  1.744 0.1000000015
27331  -43.002  -55.711  2.338 0.1000000015
26418  -42.881  -56.129  2.291 0.1000000015
26404  -42.317  -56.637  2.792 0.1000000015
24647  -41.589  -58.323  3.751 0.1000000015
129752  -42.865  -55.231  2.880 0.1000000015
111633  -42.393  -55.658  2.160 0.1000000015
25518  -41.177  -56.892  3.003 0.1000000015
24646  -40.974  -57.836  3.304 0.1000000015
23696  -40.753  -59.930  2.849 0.1000000015
24648  -43.017  -57.769  3.640 0.1000000015
27332  -44.171  -56.021  3.045 0.1000000015
26419  -43.678  -56.280  2.408 0.1000000015
26405  -43.508  -56.665  2.506 0.1000000015
25520  -42.710  -57.239  3.237 0.1000000015
120148  -43.479  -55.617  2.918 0.1000000015
25519  -41.739  -57.455  3.438 0.1000000015
23678  -41.683  -59.236  3.967 0.1000000015
109477  -42.440  -54.226  4.431 0.1000000015
28998  -43.119  -53.253  5.312 0.1000000015
26407  -45.019  -57.105  2.764 0.1000000015
128403  -43.970  -56.689  2.317 0.1000000015
116452  -43.571  -57.215  2.847 0.1000000015
27314  -44.465  -55.862  4.367 0.1000000015
27313  -43.757  -55.464  4.099 0.1000000015
28168  -43.336  -54.021  5.272 0.1000000015
29830  -42.866  -52.563  5.211 0.1000000015
109986  -45.819  -46.073  -0.395 0.1000000015
36075  -45.871  -45.838  -1.158 0.1000000015
36087  -47.276  -45.670  -1.924 0.1000000015
28169  -44.067  -54.298  5.365 0.1000000015
29831  -43.716  -52.424  5.397 0.1000000015
30661  -43.088  -51.817  5.190 0.1000000015
35119  -46.222  -46.792  1.539 0.1000000015
35187  -44.915  -46.585  -3.271 0.1000000015
36107  -46.139  -45.707  -2.725 0.1000000015
35133  -47.505  -46.589  0.349 0.1000000015
36110  -48.737  -45.757  -2.378 0.1000000015
36108  -46.945  -45.552  -2.709 0.1000000015
36109  -47.828  -45.602  -2.549 0.1000000015
25522  -44.641  -57.361  2.488 0.1000000015
24649  -44.087  -57.620  2.954 0.1000000015
35189  -46.493  -45.686  -3.527 0.1000000015
25541  -39.909  -57.792  2.168 0.1000000015
24667  -39.935  -58.772  1.962 0.1000000015
25533  -39.915  -56.938  2.109 0.1000000015
29038  -41.804  -53.811  3.976 0.1000000015
108610  -46.571  -45.641  -2.153 0.1000000015
25534  -40.425  -57.351  2.710 0.1000000015
114492  -40.394  -59.256  2.511 0.1000000015
118626  -40.963  -58.990  3.328 0.1000000015
27292  -43.498  -54.777  4.861 0.1000000015
27293  -44.205  -55.142  5.038 0.1000000015
35153  -47.467  -46.043  -1.072 0.1000000015
36125  -47.410  -45.542  -3.422 0.1000000015
21102  -57.248  -62.290  -5.377 0.1000000015
21993  -57.342  -61.724  -6.158 0.1000000015
21978  -56.771  -61.844  -4.783 0.1000000015
111140  -44.818  -69.060  -6.853 0.1000000015
14840  -44.988  -69.681  -7.630 0.1000000015
14841  -45.515  -70.455  -7.279 0.1000000015
120108  -44.385  -68.397  -7.118 0.1000000015
15661  -44.420  -68.852  -7.905 0.1000000015
14856  -44.601  -69.691  -8.470 0.1000000015
13999  -45.700  -70.284  -6.182 0.1000000015
15649  -43.953  -68.019  -7.660 0.1000000015
14831  -44.902  -69.007  -5.789 0.1000000015
129621  -45.230  -69.506  -6.239 0.1000000015
16554  -43.266  -67.629  -8.185 0.1000000015
16544  -43.496  -67.346  -7.306 0.1000000015
16533  -44.089  -67.805  -6.773 0.1000000015
16543  -42.757  -66.953  -7.838 0.1000000015
16532  -43.614  -67.225  -6.336 0.1000000015
12324  -39.974  -73.016  -1.890 0.1000000015
12323  -39.508  -72.400  -2.249 0.1000000015
124780  -40.139  -71.947  -5.656 0.1000000015
13176  -40.182  -71.827  -6.193 0.1000000015
13175  -39.772  -71.348  -5.777 0.1000000015
13997  -39.110  -70.411  -6.482 0.1000000015
13205  -39.414  -71.438  -6.924 0.1000000015
16553  -42.449  -67.392  -8.584 0.1000000015
128558  -41.722  -67.355  -8.831 0.1000000015
13206  -46.309  -72.385  -7.514 0.1000000015
13204  -38.676  -71.347  -7.278 0.1000000015
14027  -38.236  -69.867  -7.891 0.1000000015
15672  -38.887  -68.483  -9.248 0.1000000015
16565  -41.270  -67.670  -9.272 0.1000000015
16552  -41.046  -67.132  -8.774 0.1000000015
17432  -41.775  -66.766  -8.272 0.1000000015
17414  -43.016  -66.601  -6.888 0.1000000015
13203  -37.667  -71.656  -7.693 0.1000000015
14854  -38.364  -69.178  -8.684 0.1000000015
16551  -40.298  -67.121  -8.588 0.1000000015
17431  -40.791  -66.593  -8.210 0.1000000015
12331  -39.430  -72.345  -3.196 0.1000000015
12348  -39.944  -72.824  -3.891 0.1000000015
12361  -39.595  -71.714  -5.048 0.1000000015
14816  -44.829  -69.210  -4.668 0.1000000015
14817  -45.323  -69.685  -5.350 0.1000000015
13984  -45.799  -70.466  -4.923 0.1000000015
13983  -39.464  -70.750  -5.948 0.1000000015
116217  -39.117  -70.874  -5.242 0.1000000015
13190  -46.121  -71.451  -6.769 0.1000000015
14839  -38.497  -69.021  -7.718 0.1000000015
15657  -38.744  -68.418  -8.312 0.1000000015
15658  -39.248  -67.869  -8.739 0.1000000015
17428  -42.243  -66.264  -7.486 0.1000000015
15647  -38.749  -68.364  -7.426 0.1000000015
15648  -39.077  -67.792  -7.901 0.1000000015
16542  -39.985  -66.704  -7.989 0.1000000015
120596  -41.347  -66.117  -7.647 0.1000000015
13125  -39.276  -71.718  -1.695 0.1000000015
13135  -39.066  -71.788  -2.564 0.1000000015
13119  -39.716  -71.662  -0.863 0.1000000015
13913  -39.730  -70.978  -0.250 0.1000000015
13148  -38.979  -71.696  -3.435 0.1000000015
15626  -44.495  -68.467  -5.213 0.1000000015
14800  -45.229  -69.979  -4.141 0.1000000015
13162  -38.982  -71.388  -4.318 0.1000000015
16511  -44.115  -67.785  -5.759 0.1000000015
115931  -38.972  -70.190  -5.848 0.1000000015
14830  -38.731  -69.507  -6.383 0.1000000015
122209  -38.708  -68.986  -7.014 0.1000000015
114920  -38.698  -69.711  -7.058 0.1000000015
15642  -38.616  -68.453  -6.572 0.1000000015
16541  -39.371  -67.124  -7.572 0.1000000015
17426  -40.455  -66.170  -7.530 0.1000000015
16540  -38.868  -67.668  -7.104 0.1000000015
13912  -39.335  -70.228  -0.375 0.1000000015
15609  -44.375  -68.680  -4.034 0.1000000015
13924  -39.125  -70.865  -1.130 0.1000000015
14731  -39.550  -69.599  0.256 0.1000000015
14732  -40.180  -70.072  0.846 0.1000000015
16510  -43.558  -67.166  -5.195 0.1000000015
16489  -44.029  -67.928  -4.624 0.1000000015
116906  -38.312  -70.554  -2.698 0.1000000015
13124  -38.739  -71.130  -2.071 0.1000000015
114279  -43.250  -66.682  -5.993 0.1000000015
13985  -46.239  -71.237  -5.588 0.1000000015
13161  -38.543  -70.612  -4.355 0.1000000015
13147  -38.570  -70.997  -3.533 0.1000000015
18371  -40.963  -65.702  -6.997 0.1000000015
111909  -42.442  -66.003  -6.821 0.1000000015
16531  -39.087  -66.890  -6.830 0.1000000015
128197  -38.620  -69.574  -5.758 0.1000000015
112071  -38.523  -68.988  -5.980 0.1000000015
14744  -39.075  -69.586  -0.418 0.1000000015
13911  -38.756  -69.970  -0.968 0.1000000015
17392  -42.973  -66.445  -5.301 0.1000000015
13946  -45.868  -70.746  -2.948 0.1000000015
17411  -40.129  -65.848  -6.811 0.1000000015
18355  -41.475  -65.569  -6.338 0.1000000015
15625  -38.246  -68.210  -5.726 0.1000000015
116363  -38.122  -69.975  -4.278 0.1000000015
13963  -38.465  -69.986  -5.103 0.1000000015
14815  -38.203  -69.125  -5.392 0.1000000015
17391  -42.425  -65.898  -5.529 0.1000000015
17373  -43.050  -66.802  -4.312 0.1000000015
129385  -41.912  -65.586  -5.754 0.1000000015
13923  -38.447  -70.335  -1.740 0.1000000015
17410  -39.421  -66.177  -6.502 0.1000000015
18354  -40.633  -65.538  -6.232 0.1000000015
122646  -37.894  -69.912  -3.001 0.1000000015
16509  -38.262  -67.188  -5.591 0.1000000015
17409  -38.805  -66.606  -6.084 0.1000000015
13945  -38.163  -70.289  -3.588 0.1000000015
15608  -37.808  -68.473  -4.901 0.1000000015
16487  -37.872  -67.707  -5.094 0.1000000015
14798  -37.922  -69.318  -4.600 0.1000000015
17372  -42.514  -66.140  -4.593 0.1000000015
17360  -42.569  -66.491  -3.388 0.1000000015
18332  -40.399  -65.327  -5.388 0.1000000015
18333  -41.292  -65.412  -5.558 0.1000000015
14756  -38.253  -69.486  -1.519 0.1000000015
17389  -38.537  -66.223  -5.243 0.1000000015
18331  -39.410  -65.502  -5.134 0.1000000015
14783  -37.782  -69.491  -3.679 0.1000000015
18297  -42.032  -65.851  -2.848 0.1000000015
18312  -41.169  -65.282  -4.563 0.1000000015
18311  -40.194  -65.118  -4.545 0.1000000015
14743  -38.633  -69.181  -0.832 0.1000000015
16486  -37.585  -67.735  -4.267 0.1000000015
14769  -37.669  -69.229  -2.839 0.1000000015
14770  -37.969  -69.778  -2.278 0.1000000015
13897  -39.805  -70.372  0.222 0.1000000015
15528  -41.025  -68.953  2.816 0.1000000015
14700  -40.527  -68.898  1.949 0.1000000015
14714  -40.053  -69.233  1.061 0.1000000015
14715  -40.586  -69.781  1.628 0.1000000015
114326  -40.172  -72.487  -4.961 0.1000000015
14013  -39.200  -70.948  -6.883 0.1000000015
14012  -38.694  -70.480  -7.197 0.1000000015
14011  -37.997  -70.759  -7.745 0.1000000015
16564  -40.461  -67.562  -9.165 0.1000000015
15674  -40.711  -68.113  -9.722 0.1000000015
12347  -39.459  -72.124  -4.159 0.1000000015
17427  -41.811  -65.745  -7.005 0.1000000015
16530  -38.612  -67.488  -6.339 0.1000000015
17412  -42.178  -65.739  -6.305 0.1000000015
18313  -41.944  -65.611  -5.004 0.1000000015
18353  -39.808  -65.661  -6.031 0.1000000015
17371  -37.885  -66.944  -4.800 0.1000000015
109131  -41.949  -65.749  -3.971 0.1000000015
14701  -41.025  -69.671  2.386 0.1000000015
6321  -31.377  -81.202  -15.179 0.1000000015
5731  -31.779  -81.950  -15.643 0.1000000015
6360  -28.995  -81.421  -18.984 0.1000000015
124635  -28.703  -81.025  -18.200 0.1000000015
6921  -28.946  -80.322  -17.642 0.1000000015
7521  -28.755  -79.915  -16.644 0.1000000015
6307  -29.291  -81.331  -14.661 0.1000000015
6372  -29.221  -81.785  -19.783 0.1000000015
5795  -29.344  -82.669  -21.969 0.1000000015
5802  -29.845  -83.132  -22.674 0.1000000015
6902  -31.682  -80.425  -15.421 0.1000000015
6913  -32.535  -80.399  -16.128 0.1000000015
6334  -33.714  -81.447  -16.918 0.1000000015
125067  -31.280  -79.869  -15.243 0.1000000015
7506  -28.752  -79.873  -15.738 0.1000000015
6886  -29.063  -80.586  -14.737 0.1000000015
6308  -29.874  -80.656  -14.604 0.1000000015
5741  -32.649  -82.354  -16.392 0.1000000015
6933  -29.355  -80.676  -18.503 0.1000000015
114546  -27.965  -81.344  -15.253 0.1000000015
6898  -27.656  -80.963  -15.722 0.1000000015
6943  -29.745  -81.064  -19.250 0.1000000015
6397  -30.540  -81.893  -21.353 0.1000000015
109252  -30.826  -82.375  -22.079 0.1000000015
6407  -31.440  -82.397  -22.628 0.1000000015
8151  -38.423  -78.820  -17.862 0.1000000015
6937  -38.681  -80.726  -18.758 0.1000000015
7537  -39.027  -79.492  -19.142 0.1000000015
108889  -33.655  -80.037  -17.267 0.1000000015
6923  -34.180  -80.945  -17.412 0.1000000015
6924  -34.989  -80.922  -18.019 0.1000000015
6935  -36.182  -80.697  -18.983 0.1000000015
6373  -37.133  -81.115  -19.189 0.1000000015
6374  -37.975  -81.040  -19.272 0.1000000015
7508  -32.517  -79.407  -16.333 0.1000000015
6349  -35.616  -81.762  -18.088 0.1000000015
7495  -31.746  -79.531  -15.642 0.1000000015
6347  -34.367  -81.947  -17.289 0.1000000015
8130  -29.755  -78.790  -15.678 0.1000000015
7493  -30.103  -79.459  -15.011 0.1000000015
6954  -29.984  -81.526  -20.030 0.1000000015
8152  -39.227  -78.727  -18.640 0.1000000015
7527  -38.715  -80.308  -18.706 0.1000000015
8866  -38.670  -78.126  -17.390 0.1000000015
6934  -35.327  -80.160  -18.529 0.1000000015
117452  -36.051  -79.953  -19.113 0.1000000015
6936  -36.871  -80.257  -19.443 0.1000000015
108273  -34.428  -80.089  -17.866 0.1000000015
7523  -33.891  -79.248  -17.613 0.1000000015
7507  -29.178  -79.262  -16.204 0.1000000015
7522  -29.315  -79.402  -17.269 0.1000000015
7533  -29.717  -79.407  -18.108 0.1000000015
7547  -30.446  -79.599  -19.269 0.1000000015
6944  -30.447  -80.539  -19.686 0.1000000015
8115  -31.222  -78.650  -15.521 0.1000000015
7526  -38.408  -79.539  -18.069 0.1000000015
7538  -38.748  -80.161  -19.335 0.1000000015
8819  -30.862  -78.002  -15.746 0.1000000015
6927  -38.775  -80.910  -18.119 0.1000000015
7509  -33.161  -79.291  -17.001 0.1000000015
8132  -32.643  -78.554  -16.526 0.1000000015
6335  -37.912  -80.523  -17.196 0.1000000015
8841  -32.202  -76.854  -16.333 0.1000000015
9566  -33.742  -76.156  -16.667 0.1000000015
125457  -34.275  -75.390  -16.549 0.1000000015
7549  -38.361  -79.933  -19.773 0.1000000015
7535  -35.586  -79.156  -18.838 0.1000000015
8167  -34.924  -78.572  -18.437 0.1000000015
8863  -33.622  -77.612  -17.207 0.1000000015
8882  -34.906  -77.874  -18.352 0.1000000015
109330  -32.813  -77.672  -16.609 0.1000000015
8843  -33.873  -76.919  -17.126 0.1000000015
111063  -35.444  -78.331  -18.763 0.1000000015
8179  -37.191  -78.989  -19.934 0.1000000015
8168  -36.282  -78.481  -19.368 0.1000000015
9604  -36.034  -76.972  -18.615 0.1000000015
8150  -34.210  -78.339  -17.881 0.1000000015
10268  -33.316  -75.469  -16.543 0.1000000015
8864  -34.360  -77.401  -17.729 0.1000000015
5718  -28.863  -82.016  -14.920 0.1000000015
5770  -38.688  -81.270  -18.214 0.1000000015
5796  -30.134  -82.729  -21.972 0.1000000015
5803  -30.694  -82.948  -22.664 0.1000000015
6306  -28.552  -81.307  -14.898 0.1000000015
6322  -32.226  -81.311  -15.764 0.1000000015
6333  -33.044  -81.417  -16.406 0.1000000015
6348  -34.864  -81.595  -17.677 0.1000000015
6359  -28.192  -81.639  -18.660 0.1000000015
6361  -36.316  -81.469  -18.650 0.1000000015
6362  -37.827  -81.566  -18.882 0.1000000015
6363  -38.457  -81.191  -18.853 0.1000000015
6375  -38.419  -80.602  -19.323 0.1000000015
6387  -30.040  -81.828  -20.750 0.1000000015
6396  -29.676  -82.297  -21.352 0.1000000015
6398  -31.348  -81.677  -21.870 0.1000000015
6899  -28.404  -80.592  -15.271 0.1000000015
6900  -29.045  -79.953  -15.094 0.1000000015
6901  -30.743  -80.230  -14.892 0.1000000015
6912  -28.163  -80.380  -16.110 0.1000000015
6914  -33.355  -80.694  -16.804 0.1000000015
6920  -27.614  -80.850  -16.628 0.1000000015
6922  -29.493  -80.002  -18.071 0.1000000015
6925  -35.659  -81.018  -18.484 0.1000000015
6926  -38.435  -80.348  -17.880 0.1000000015
6945  -37.782  -80.463  -19.542 0.1000000015
6955  -30.579  -81.227  -20.508 0.1000000015
7480  -29.579  -79.993  -14.786 0.1000000015
7492  -29.536  -79.515  -15.174 0.1000000015
7494  -30.920  -79.354  -15.201 0.1000000015
7524  -34.683  -79.256  -18.230 0.1000000015
7534  -30.141  -78.960  -18.632 0.1000000015
7536  -36.561  -79.425  -19.488 0.1000000015
7546  -29.968  -80.067  -18.777 0.1000000015
7548  -37.579  -79.709  -19.840 0.1000000015
7557  -30.877  -79.566  -19.877 0.1000000015
8114  -30.491  -78.692  -15.473 0.1000000015
8116  -31.938  -78.633  -15.911 0.1000000015
8131  -30.342  -78.153  -15.849 0.1000000015
8133  -33.375  -78.464  -17.181 0.1000000015
8148  -29.603  -78.570  -16.667 0.1000000015
8165  -29.745  -78.645  -17.667 0.1000000015
8842  -33.138  -76.857  -16.643 0.1000000015
8865  -35.104  -77.143  -18.177 0.1000000015
8883  -35.675  -77.706  -18.789 0.1000000015
9535  -44.174  -76.037  -14.066 0.1000000015
9542  -44.099  -75.940  -14.808 0.1000000015
9553  -43.508  -76.301  -15.283 0.1000000015
9565  -32.810  -76.134  -16.471 0.1000000015
9567  -34.545  -76.576  -17.335 0.1000000015
9655  -38.759  -76.199  -24.004 0.1000000015
10242  -45.089  -75.346  -13.768 0.1000000015
10251  -45.368  -75.275  -14.366 0.1000000015
10259  -44.640  -75.464  -15.345 0.1000000015
10963  -45.872  -74.454  -13.751 0.2000000030
10991  -44.173  -74.804  -15.945 0.1000000015
10992  -44.596  -75.136  -15.806 0.1000000015
10994  -45.816  -74.999  -14.842 0.1000000015
11084  -38.591  -74.209  -23.328 0.1000000015
11086  -41.356  -75.150  -23.850 0.1000000015
11099  -41.152  -75.473  -24.164 0.1000000015
11106  -41.501  -74.939  -24.499 0.1000000015
11583  -49.236  -73.236  -4.067 0.3000000119
11596  -48.678  -73.873  -5.037 0.3000000119
11597  -49.156  -73.300  -4.433 0.3000000119
11620  -48.107  -74.113  -6.937 0.2000000030
11625  -47.554  -73.634  -8.657 0.2000000030
11634  -47.705  -73.517  -9.064 0.2000000030
11643  -47.432  -73.520  -10.147 0.2000000030
11645  -48.122  -73.221  -10.282 0.3000000119
11655  -46.747  -73.309  -11.579 0.1000000015
11671  -46.327  -73.252  -12.680 0.1000000015
11694  -46.349  -74.044  -14.160 0.1000000015
11713  -45.893  -74.165  -15.364 0.1000000015
11779  -38.991  -73.586  -23.015 0.1000000015
11780  -39.922  -73.616  -23.085 0.1000000015
11783  -42.449  -73.445  -22.899 0.1000000015
12333  -48.144  -72.905  -3.732 0.3000000119
12337  -50.673  -71.709  -4.092 0.5000000000
12351  -48.570  -73.375  -4.049 0.5000000000
12353  -50.799  -71.579  -4.407 0.3000000119
12363  -47.629  -73.821  -5.442 0.2000000030
12364  -47.996  -73.843  -4.832 0.2000000030
12366  -49.148  -73.315  -4.921 0.2000000030
12367  -50.709  -71.887  -4.961 0.3000000119
12392  -46.855  -73.439  -7.207 0.2000000030
12412  -48.184  -73.229  -9.521 0.3000000119
12462  -46.938  -72.836  -13.323 0.2000000030
12474  -46.087  -72.721  -14.708 0.1000000015
12475  -46.602  -72.902  -14.412 0.1000000015
12498  -46.324  -73.496  -14.923 0.1000000015
12570  -39.306  -72.006  -21.298 0.1000000015
12581  -37.948  -72.746  -21.359 0.1000000015
12583  -39.650  -72.440  -21.972 0.1000000015
12588  -44.733  -72.129  -21.953 0.1000000015
12602  -41.085  -72.951  -22.546 0.1000000015
12604  -43.518  -72.833  -22.656 0.1000000015
12616  -43.646  -73.079  -23.159 0.1000000015
12618  -45.046  -72.139  -22.869 0.1000000015
12624  -43.067  -72.952  -24.578 0.1000000015
12626  -44.217  -72.483  -24.008 0.1000000015
12634  -44.060  -72.113  -24.854 0.1000000015
12637  -42.064  -71.955  -26.129 0.1000000015
13134  -38.690  -71.261  -2.829 0.1000000015
13151  -48.348  -71.870  -3.284 0.5000000000
13153  -50.106  -71.947  -3.717 0.5000000000
13163  -46.889  -72.012  -3.970 0.2000000030
13165  -51.459  -71.038  -4.656 0.4000000060
13178  -49.739  -72.369  -5.140 0.2000000030
13193  -49.262  -71.753  -5.746 0.3000000119
13195  -51.190  -71.057  -5.721 0.5000000000
13227  -48.286  -71.908  -9.739 0.4000000060
13228  -48.403  -72.710  -9.326 0.3000000119
13290  -43.935  -71.281  -14.532 0.1000000015
13291  -45.726  -71.879  -14.477 0.1000000015
13293  -46.909  -72.450  -13.838 0.1000000015
13307  -42.347  -71.076  -14.867 0.1000000015
13352  -38.352  -70.999  -19.591 0.1000000015
13367  -41.674  -71.025  -20.897 0.1000000015
13369  -43.432  -70.908  -20.774 0.1000000015
13376  -40.650  -71.738  -21.582 0.1000000015
13378  -42.458  -71.678  -21.465 0.1000000015
13382  -46.891  -70.909  -21.885 0.1000000015
13393  -46.227  -71.290  -22.977 0.1000000015
13401  -46.073  -71.019  -23.869 0.1000000015
13411  -45.395  -70.967  -25.204 0.1000000015
13417  -44.268  -70.817  -26.283 0.1000000015
13952  -51.057  -71.041  -4.399 0.3000000119
13964  -45.744  -70.692  -3.724 0.1000000015
13967  -50.878  -70.335  -4.414 0.5000000000
13969  -52.011  -70.345  -4.938 0.4000000060
13970  -52.425  -69.805  -5.310 0.5000000000
13986  -52.689  -69.997  -5.806 0.5000000000
13987  -53.235  -69.363  -6.000 0.5000000000
14004  -52.280  -70.199  -6.289 0.4000000060
14019  -51.725  -69.887  -6.826 0.4000000060
14021  -52.641  -69.618  -6.742 0.4000000060
14030  -48.127  -71.497  -8.191 0.4000000060
14073  -47.190  -70.555  -11.898 0.2000000030
14074  -47.630  -71.028  -11.512 0.3000000119
14085  -44.094  -70.209  -13.794 0.1000000015
14087  -45.838  -70.636  -13.588 0.2000000030
14089  -47.164  -71.431  -12.925 0.2000000030
14167  -38.937  -69.938  -18.721 0.1000000015
14175  -41.360  -70.024  -20.038 0.1000000015
14178  -44.240  -69.963  -20.094 0.1000000015
14183  -40.273  -70.748  -20.433 0.1000000015
14189  -46.065  -70.787  -20.937 0.1000000015
14190  -46.683  -70.446  -20.715 0.1000000015
14199  -46.683  -70.777  -21.296 0.1000000015
14206  -47.959  -69.865  -21.688 0.1000000015
14216  -47.257  -69.755  -24.192 0.1000000015
14224  -46.495  -70.065  -25.471 0.1000000015
14225  -47.119  -69.489  -25.093 0.1000000015
14234  -45.710  -69.659  -26.707 0.1000000015
14774  -46.899  -70.043  -2.493 0.4000000060
14786  -48.487  -69.983  -3.530 0.5000000000
14805  -52.662  -68.693  -5.352 0.5000000000
14818  -53.586  -68.683  -5.774 0.5000000000
14819  -54.204  -68.368  -5.879 0.5000000000
14832  -45.278  -69.746  -6.866 0.1000000015
14843  -49.140  -69.527  -6.946 0.4000000060
14844  -50.816  -69.305  -7.245 0.4000000060
14845  -51.687  -69.431  -7.283 0.4000000060
14846  -52.356  -69.285  -7.358 0.4000000060
14848  -53.732  -68.574  -7.169 0.5000000000
14860  -52.607  -68.664  -7.925 0.4000000060
14871  -47.205  -69.522  -9.634 0.3000000119
14901  -45.859  -69.613  -12.555 0.2000000030
14922  -42.347  -69.718  -14.072 0.1000000015
14985  -41.381  -68.853  -18.670 0.1000000015
15000  -39.847  -69.713  -18.905 0.1000000015
15001  -40.674  -69.826  -19.497 0.1000000015
15003  -42.499  -69.350  -19.469 0.1000000015
15004  -43.285  -69.315  -19.477 0.1000000015
15008  -48.307  -69.231  -19.920 0.1000000015
15020  -46.066  -70.175  -20.319 0.1000000015
15023  -48.414  -69.312  -20.640 0.1000000015
15043  -47.841  -69.509  -23.037 0.1000000015
15058  -47.284  -68.825  -25.417 0.1000000015
15063  -46.284  -68.937  -26.330 0.1000000015
15074  -45.918  -68.872  -27.893 0.1000000015
15589  -45.028  -68.529  -2.169 0.1000000015
15613  -50.766  -68.638  -4.871 0.6000000238
15614  -51.477  -68.980  -4.889 0.5000000000
15616  -53.984  -67.830  -5.268 0.5000000000
15631  -55.381  -67.388  -5.873 0.4000000060
15643  -44.510  -68.381  -6.272 0.1000000015
15644  -54.718  -68.015  -6.194 0.5000000000
15654  -54.772  -67.458  -7.484 0.4000000060
15663  -49.716  -68.157  -8.022 0.4000000060
15665  -51.643  -68.274  -8.366 0.4000000060
15667  -52.821  -68.093  -8.497 0.4000000060
15669  -53.973  -67.443  -8.391 0.3000000119
15680  -51.875  -67.747  -8.851 0.4000000060
15682  -53.019  -67.534  -8.973 0.3000000119
15683  -53.600  -67.237  -8.862 0.3000000119
15695  -45.995  -68.094  -10.698 0.2000000030
15716  -44.576  -68.532  -12.368 0.3000000119
15771  -43.033  -67.810  -17.964 0.1000000015
15780  -40.582  -68.765  -18.124 0.1000000015
15782  -43.445  -68.310  -18.509 0.1000000015
15787  -48.566  -68.428  -18.921 0.1000000015
15796  -45.842  -68.839  -19.305 0.1000000015
15807  -49.192  -68.078  -20.926 0.1000000015
15815  -42.312  -68.140  -21.898 0.1000000015
15836  -48.044  -68.134  -23.248 0.1000000015
15845  -43.508  -68.687  -23.240 0.1000000015
15848  -47.238  -68.324  -24.448 0.1000000015
15868  -46.395  -68.562  -25.433 0.1000000015
15869  -46.963  -68.459  -25.305 0.1000000015
15877  -45.753  -68.513  -26.826 0.1000000015
16448  -43.707  -67.182  -1.987 0.1000000015
16490  -46.766  -67.052  -4.073 0.5000000000
16495  -52.806  -68.221  -5.333 0.6000000238
16498  -55.216  -66.897  -4.867 0.4000000060
16545  -55.390  -66.972  -7.245 0.4000000060
16550  -39.622  -67.332  -8.303 0.1000000015
16559  -54.980  -66.747  -8.058 0.3000000119
16563  -39.843  -67.524  -8.918 0.1000000015
16568  -47.217  -67.694  -8.788 0.2000000030
16570  -50.886  -67.122  -9.069 0.4000000060
16572  -52.628  -67.054  -9.350 0.3000000119
16574  -53.708  -66.626  -9.167 0.3000000119
16575  -54.268  -66.841  -8.665 0.3000000119
16598  -44.522  -67.233  -11.359 0.1000000015
16653  -42.525  -67.446  -17.416 0.1000000015
16655  -44.674  -67.502  -17.736 0.1000000015
16657  -47.160  -67.414  -17.850 0.1000000015
16673  -48.021  -68.003  -18.367 0.1000000015
16683  -49.683  -67.586  -19.724 0.1000000015
16694  -46.855  -67.105  -21.357 0.1000000015
16707  -43.760  -67.632  -21.217 0.1000000015
17376  -48.140  -66.832  -4.914 0.5000000000
17377  -54.227  -66.196  -4.641 0.4000000060
17380  -55.783  -66.215  -4.851 0.4000000060
17390  -39.148  -65.942  -5.839 0.1000000015
17413  -42.759  -66.180  -6.159 0.1000000015
17416  -50.040  -66.111  -6.259 0.4000000060
17418  -52.101  -66.012  -5.969 0.6000000238
17425  -39.709  -66.439  -7.243 0.1000000015
17429  -56.089  -65.737  -7.290 0.4000000060
17438  -49.486  -66.290  -9.333 0.4000000060
17443  -53.778  -65.917  -9.352 0.3000000119
17455  -51.834  -66.245  -9.708 0.2000000030
17478  -42.769  -66.256  -12.811 0.1000000015
17479  -43.240  -66.448  -12.287 0.1000000015
17500  -41.669  -66.622  -14.894 0.1000000015
17513  -43.222  -66.104  -15.722 0.1000000015
17516  -46.286  -66.037  -15.932 0.1000000015
17541  -44.397  -66.674  -16.770 0.2000000030
17544  -46.957  -66.460  -16.538 0.1000000015
17566  -45.713  -66.925  -17.125 0.1000000015
17605  -41.193  -66.170  -19.891 0.1000000015
17626  -40.868  -66.483  -20.555 0.1000000015
17628  -42.602  -66.771  -20.243 0.1000000015
17630  -44.916  -66.679  -20.440 0.1000000015
17631  -45.917  -66.747  -20.648 0.1000000015
17647  -48.810  -66.615  -21.535 0.1000000015
18302  -55.615  -64.932  -3.915 0.4000000060
18303  -56.302  -64.646  -4.188 0.4000000060
18319  -54.601  -65.826  -4.318 0.4000000060
18335  -47.501  -65.613  -5.729 0.4000000060
18337  -52.052  -65.228  -5.982 0.6000000238
18340  -56.361  -65.685  -5.232 0.4000000060
18341  -56.716  -65.157  -5.663 0.3000000119
18372  -56.476  -65.186  -6.978 0.2000000030
18373  -56.533  -64.651  -7.455 0.1000000015
18391  -45.583  -65.122  -10.458 0.1000000015
18397  -52.810  -65.630  -9.705 0.2000000030
18398  -53.543  -65.368  -9.555 0.2000000030
18400  -54.593  -64.972  -9.214 0.3000000119
18421  -42.921  -65.685  -13.209 0.1000000015
18439  -47.791  -65.164  -14.876 0.1000000015
18450  -48.578  -65.675  -15.352 0.1000000015
18476  -50.938  -65.736  -17.510 0.1000000015
18492  -45.103  -65.255  -18.842 0.1000000015
18527  -49.807  -66.203  -20.536 0.1000000015
19252  -54.918  -64.630  -3.179 0.4000000060
19264  -46.116  -64.971  -5.075 0.3000000119
19267  -56.923  -64.185  -4.692 0.3000000119
19278  -52.657  -64.791  -5.355 0.5000000000
19294  -46.824  -64.355  -6.589 0.4000000060
19300  -56.995  -64.174  -6.306 0.2000000030
19319  -56.444  -64.131  -7.917 0.1000000015
19325  -55.676  -64.794  -8.545 0.2000000030
19332  -45.450  -64.413  -10.943 0.1000000015
19336  -49.265  -64.716  -10.125 0.1000000015
19337  -51.362  -64.666  -10.197 0.1000000015
19339  -53.577  -64.769  -9.679 0.2000000030
19341  -54.929  -64.463  -9.133 0.2000000030
19352  -44.521  -64.431  -11.894 0.1000000015
19355  -46.562  -64.034  -10.756 0.1000000015
19366  -43.927  -64.773  -13.042 0.1000000015
19379  -46.589  -64.073  -13.773 0.2000000030
19389  -47.143  -64.609  -14.386 0.1000000015
19423  -41.126  -64.385  -18.476 0.1000000015
19424  -41.640  -64.734  -18.247 0.1000000015
19426  -43.515  -64.918  -18.299 0.1000000015
19442  -48.241  -64.883  -19.589 0.1000000015
20128  -53.751  -63.484  -2.347 0.4000000060
20129  -55.760  -63.309  -1.475 0.3000000119
20130  -56.074  -63.412  -2.924 0.4000000060
20158  -57.274  -63.001  -4.986 0.2000000030
20202  -47.201  -63.062  -7.351 0.5000000000
20205  -57.019  -63.537  -7.155 0.1000000015
20206  -57.280  -62.993  -6.947 0.1000000015
20210  -56.306  -63.589  -8.289 0.1000000015
20221  -55.666  -63.534  -8.898 0.1000000015
20232  -48.861  -63.806  -10.559 0.1000000015
20234  -51.115  -63.630  -10.463 0.1000000015
20267  -46.626  -63.331  -12.382 0.2000000030
20282  -48.752  -63.207  -13.722 0.1000000015
20312  -41.359  -63.124  -16.903 0.1000000015
20315  -43.919  -63.397  -16.752 0.1000000015
20325  -41.194  -63.482  -17.573 0.1000000015
20327  -42.390  -63.896  -17.104 0.1000000015
20330  -45.651  -63.672  -17.671 0.1000000015
20332  -48.350  -62.946  -18.247 0.1000000015
20335  -52.399  -63.025  -17.568 0.1000000015
20342  -46.970  -63.834  -18.413 0.1000000015
20355  -40.823  -63.983  -19.606 0.1000000015
21046  -53.276  -62.236  -1.319 0.3000000119
21066  -52.685  -62.360  -2.260 0.4000000060
21134  -48.861  -62.131  -7.123 0.5000000000
21151  -48.266  -62.541  -7.354 0.5000000000
21170  -51.053  -62.698  -10.877 0.1000000015
21202  -48.252  -62.704  -13.027 0.1000000015
21246  -45.015  -62.287  -15.875 0.1000000015
21247  -45.893  -62.030  -16.126 0.1000000015
21283  -50.667  -62.314  -18.454 0.1000000015
21284  -51.945  -62.353  -18.029 0.1000000015
21294  -49.364  -62.814  -18.499 0.1000000015
21296  -50.881  -62.762  -18.957 0.1000000015
21954  -56.489  -61.980  -2.977 0.3000000119
21965  -56.079  -61.264  -2.522 0.1000000015
21967  -56.449  -61.912  -3.854 0.2000000030
21986  -42.631  -61.006  -5.518 0.3000000119
21989  -48.994  -61.033  -5.820 0.5000000000
22008  -44.625  -61.476  -7.063 0.4000000060
22024  -46.368  -61.487  -7.417 0.5000000000
22122  -43.591  -61.954  -15.053 0.1000000015
22126  -47.531  -60.994  -15.850 0.1000000015
22149  -46.660  -61.708  -16.397 0.1000000015
22161  -40.979  -61.971  -17.202 0.1000000015
22167  -41.164  -61.716  -18.184 0.1000000015
22804  -54.179  -60.175  -0.172 0.2000000030
22871  -48.068  -59.916  -5.827 0.5000000000
22876  -54.318  -60.392  -5.067 0.1000000015
22895  -42.859  -60.000  -6.592 0.4000000060
22992  -41.526  -60.258  -14.180 0.1000000015
23010  -40.969  -60.377  -15.131 0.1000000015
23012  -42.629  -60.906  -14.076 0.1000000015
23033  -41.284  -61.091  -15.044 0.1000000015
23051  -40.936  -60.491  -16.305 0.1000000015
23742  -54.543  -59.539  -0.394 0.1000000015
23773  -50.668  -59.077  -2.436 0.3000000119
23784  -49.722  -59.280  -3.537 0.4000000060
23804  -41.421  -59.319  -5.092 0.2000000030
23822  -44.605  -59.401  -7.275 0.5000000000
23823  -45.072  -58.977  -7.101 0.5000000000
23826  -51.683  -59.244  -5.819 0.1000000015
23851  -43.964  -59.389  -7.211 0.4000000060
23853  -46.088  -59.756  -7.193 0.5000000000
23948  -42.416  -59.763  -13.180 0.1000000015
23962  -41.069  -59.816  -14.496 0.1000000015
23998  -41.620  -60.128  -17.896 0.1000000015
24737  -51.497  -58.547  -4.820 0.1000000015
24757  -43.702  -58.656  -6.858 0.4000000060
24759  -46.329  -58.582  -6.172 0.5000000000
24881  -40.958  -58.677  -15.293 0.1000000015
24905  -41.739  -58.956  -17.019 0.1000000015
24906  -42.348  -58.480  -17.554 0.1000000015
25521  -44.118  -57.032  2.369 0.1000000015
25583  -39.165  -57.597  -2.086 0.3000000119
25597  -39.498  -57.327  -2.828 0.3000000119
25599  -48.030  -56.931  -3.995 0.3000000119
25614  -40.499  -57.809  -4.456 0.3000000119
25626  -41.901  -57.783  -5.804 0.3000000119
25627  -42.617  -57.828  -6.249 0.3000000119
25629  -44.979  -57.220  -5.790 0.5000000000
25631  -49.446  -56.967  -5.672 0.1000000015
25642  -49.411  -57.324  -6.216 0.1000000015
25653  -49.319  -57.292  -6.881 0.1000000015
26406  -44.311  -56.783  2.524 0.1000000015
26427  -39.570  -56.701  1.408 0.2000000030
26456  -55.906  -56.138  -0.981 0.1000000015
26491  -46.598  -56.359  -4.494 0.4000000060
26502  -42.662  -56.593  -5.575 0.3000000119
26534  -49.506  -56.566  -8.334 0.1000000015
26631  -41.914  -56.354  -15.603 0.1000000015
27420  -46.400  -55.678  -4.378 0.3000000119
27432  -42.969  -55.898  -5.264 0.3000000119
27540  -41.271  -55.508  -13.476 0.1000000015
27580  -42.384  -55.233  -16.304 0.1000000015
28183  -42.955  -54.416  4.804 0.1000000015
28195  -42.991  -54.979  3.961 0.1000000015
28209  -42.325  -55.036  2.392 0.1000000015
28240  -39.532  -54.668  -1.365 0.3000000119
28286  -45.381  -54.632  -4.394 0.4000000060
28390  -41.249  -54.094  -12.997 0.1000000015
28400  -41.306  -54.631  -13.828 0.1000000015
29054  -41.162  -53.872  2.535 0.2000000030
29069  -39.701  -53.646  -0.073 0.3000000119
29083  -40.022  -53.401  -1.566 0.3000000119
29110  -40.949  -53.776  -3.200 0.3000000119
29111  -41.613  -53.517  -3.486 0.3000000119
29854  -42.249  -52.173  4.798 0.2000000030
29884  -39.735  -52.454  0.418 0.3000000119
29926  -42.664  -52.440  -3.563 0.3000000119
30662  -43.830  -51.524  5.344 0.1000000015
30678  -41.914  -51.373  4.502 0.2000000030
30696  -40.161  -51.362  2.373 0.3000000119
30731  -41.110  -51.206  -1.620 0.3000000119
31501  -43.991  -50.755  5.248 0.1000000015
31503  -45.491  -50.570  5.444 0.1000000015
31520  -41.295  -49.919  3.485 0.2000000030
31554  -40.424  -50.812  -0.029 0.3000000119
31567  -42.247  -50.238  -1.745 0.3000000119
31568  -42.911  -49.930  -1.846 0.3000000119
32302  -45.723  -49.804  5.409 0.1000000015
32305  -48.241  -48.778  5.830 0.1000000015
32314  -41.117  -49.348  2.741 0.2000000030
32317  -40.882  -49.097  1.424 0.2000000030
33170  -46.036  -48.944  5.263 0.1000000015
33188  -43.322  -48.567  3.860 0.1000000015
33190  -44.881  -48.007  4.038 0.1000000015
33198  -43.057  -48.084  3.245 0.2000000030
33253  -42.787  -48.357  -1.787 0.3000000119
33272  -43.313  -48.165  -2.378 0.3000000119
33287  -43.565  -47.529  -2.458 0.3000000119
33298  -46.333  -48.126  -5.114 0.1000000015
33305  -48.035  -48.835  -5.811 0.1000000015
33307  -48.331  -48.266  -6.247 0.1000000015
34157  -46.215  -47.535  3.525 0.1000000015
34193  -42.637  -47.372  1.567 0.2000000030
34204  -42.553  -47.236  0.788 0.2000000030
34213  -42.686  -47.183  -0.520 0.2000000030
34214  -43.126  -46.978  -1.224 0.3000000119
34281  -45.374  -47.618  -4.434 0.1000000015
35129  -43.991  -46.495  0.791 0.2000000030
35143  -46.591  -46.037  -0.704 0.1000000015
35151  -44.318  -46.384  -1.622 0.2000000030
35152  -45.103  -46.032  -1.639 0.2000000030
35173  -45.378  -46.070  -2.565 0.1000000015
35218  -47.199  -46.832  -5.511 0.1000000015
35222  -49.529  -46.274  -6.665 0.1000000015
35226  -51.476  -46.414  -7.405 0.1000000015
36086  -46.615  -45.769  -1.481 0.1000000015
36160  -48.673  -45.746  -5.609 0.1000000015
107797  -44.686  -65.124  -14.464 0.2000000030
108264  -53.132  -65.351  -5.119 0.5000000000
108341  -44.177  -75.851  -13.752 0.1000000015
108765  -42.645  -56.488  -16.659 0.1000000015
108888  -54.723  -64.025  -9.381 0.1000000015
109253  -45.868  -71.647  -22.008 0.1000000015
109817  -55.267  -64.430  -3.250 0.3000000119
109982  -52.218  -69.526  -5.096 0.5000000000
110003  -55.880  -66.447  -6.868 0.3000000119
110248  -42.310  -47.496  0.167 0.2000000030
110331  -41.020  -48.955  2.102 0.2000000030
110416  -41.577  -50.625  4.113 0.2000000030
110417  -40.849  -59.162  -14.665 0.1000000015
110795  -45.138  -69.039  -2.195 0.1000000015
111482  -47.122  -50.543  -3.409 0.1000000015
112187  -46.169  -48.306  4.691 0.1000000015
112195  -46.291  -71.279  -4.428 0.1000000015
112248  -46.529  -63.542  -11.511 0.1000000015
112420  -56.981  -63.997  -6.844 0.2000000030
112447  -43.895  -60.357  -13.444 0.1000000015
112552  -47.957  -72.504  -11.592 0.3000000119
112927  -41.121  -56.876  -13.690 0.1000000015
112963  -45.693  -46.072  -3.430 0.2000000030
113049  -48.991  -66.559  -16.462 0.1000000015
113127  -47.800  -63.228  -11.348 0.1000000015
113203  -46.595  -65.094  -19.096 0.1000000015
113503  -41.560  -55.292  -11.792 0.1000000015
113756  -54.222  -66.204  -9.048 0.3000000119
114191  -52.024  -66.773  -5.767 0.6000000238
114502  -57.031  -63.382  -4.414 0.3000000119
114941  -39.104  -71.588  -20.720 0.1000000015
115610  -30.630  -81.150  -14.803 0.1000000015
115938  -29.260  -79.472  -15.550 0.1000000015
116274  -54.970  -60.660  -0.914 0.2000000030
116342  -46.043  -74.567  -15.103 0.1000000015
117019  -46.229  -67.255  -17.569 0.1000000015
117179  -47.168  -70.657  -2.649 0.4000000060
117729  -46.523  -73.515  -14.420 0.1000000015
117943  -47.836  -60.788  -15.365 0.1000000015
118533  -45.423  -70.625  -20.654 0.1000000015
118638  -41.103  -57.849  -13.046 0.1000000015
119557  -55.824  -65.470  -8.070 0.3000000119
120179  -52.971  -62.360  -16.718 0.1000000015
120563  -50.353  -57.641  -5.249 0.1000000015
120887  -51.178  -62.053  -18.055 0.1000000015
121000  -40.394  -54.877  0.894 0.3000000119
121306  -56.244  -63.012  -2.091 0.4000000060
121383  -49.414  -65.556  -9.739 0.2000000030
122649  -43.569  -65.378  -18.718 0.1000000015
123205  -52.103  -62.963  -4.070 0.4000000060
123316  -44.232  -49.805  5.023 0.1000000015
123519  -41.065  -63.815  -18.125 0.1000000015
123939  -41.524  -52.037  4.322 0.2000000030
124205  -43.144  -65.863  -12.609 0.1000000015
124298  -55.521  -64.196  -8.806 0.1000000015
124421  -48.323  -67.709  -8.360 0.4000000060
124666  -42.365  -48.285  2.819 0.2000000030
124698  -47.056  -72.993  -5.448 0.2000000030
124722  -46.902  -66.280  -9.413 0.1000000015
124997  -40.669  -66.779  -21.159 0.1000000015
125096  -50.597  -72.019  -4.041 0.2000000030
125727  -40.889  -75.396  -23.846 0.1000000015
125750  -41.307  -62.171  -19.249 0.1000000015
125784  -33.030  -79.972  -16.739 0.1000000015
125909  -43.943  -46.687  1.539 0.2000000030
126624  -42.866  -62.982  -16.041 0.1000000015
126773  -53.574  -60.028  -5.207 0.1000000015
126842  -56.221  -61.491  -1.585 0.2000000030
126852  -56.874  -64.729  -6.092 0.3000000119
126868  -42.766  -53.865  5.058 0.1000000015
126966  -44.320  -49.306  -2.768 0.3000000119
127030  -46.200  -46.563  0.871 0.3000000119
127058  -45.177  -68.367  -18.730 0.1000000015
127071  -42.419  -48.314  -1.166 0.2000000030
127155  -40.998  -49.649  -0.093 0.3000000119
127567  -45.975  -70.555  -25.370 0.1000000015
127851  -48.262  -49.493  6.048 0.1000000015
127943  -50.498  -61.517  -4.458 0.4000000060
128308  -47.430  -71.807  -12.626 0.4000000060
128311  -41.259  -61.899  -18.776 0.1000000015
128321  -54.803  -67.125  -4.857 0.5000000000
128472  -43.218  -65.477  -14.274 0.1000000015
128693  -42.241  -74.544  -23.923 0.1000000015
128813  -42.091  -48.678  3.059 0.2000000030
128865  -28.492  -80.737  -17.653 0.1000000015
128964  -42.371  -49.211  3.783 0.2000000030
129208  -42.047  -71.322  -21.170 0.1000000015
129316  -44.005  -71.377  -21.137 0.1000000015
129483  -44.092  -72.726  -22.797 0.1000000015
129736  -45.550  -64.096  -18.005 0.1000000015
129816  -30.034  -80.022  -14.681 0.1000000015
129894  -43.611  -69.738  -19.876 0.1000000015
129923  -39.875  -56.040  -3.251 0.3000000119
