#!ascii label  , from subject sub-v1s12x0050113_ses-1 vox2ras=TkReg
4481
4068  -19.532  -84.951  -5.579 0.0000000000
981  -19.635  -91.399  -20.902 0.0000000000
25685  -21.356  -56.699  -9.248 0.0000000000
9322  -19.173  -76.455  3.018 0.0000000000
6144  -12.423  -83.767  0.645 0.0000000000
10795  -12.248  -74.873  1.641 0.0000000000
5617  -8.653  -82.731  -5.166 0.0000000000
1717  -15.916  -89.918  -17.088 0.0000000000
127333  -9.438  -91.825  -15.272 0.0000000000
15596  -21.050  -67.443  -3.655 0.0000000000
9982  -7.398  -75.472  7.801 0.0000000000
1882  -8.299  -88.780  10.209 0.0000000000
125  -11.956  -94.728  -2.115 0.0000000000
108605  -20.314  -69.116  -6.527 0.0000000000
5131  -13.832  -83.879  -5.627 0.0000000000
8743  -14.266  -77.722  -6.142 0.0000000000
6265  -16.105  -81.441  -10.158 0.0000000000
986  -15.980  -92.567  -21.614 0.0000000000
2212  -13.419  -89.351  -23.339 0.0000000000
31677  -24.083  -50.306  -10.596 0.0000000000
29182  -15.962  -53.559  -9.634 0.0000000000
13094  -20.398  -71.154  1.424 0.0000000000
14780  -25.161  -70.649  -3.563 0.0000000000
10141  -21.676  -75.907  -5.033 0.0000000000
12271  -6.288  -73.145  1.923 0.0000000000
123432  -9.040  -67.303  2.355 0.0000000000
25650  -27.425  -57.965  -7.747 0.0000000000
6095  -17.021  -81.942  5.092 0.0000000000
8661  -18.118  -77.937  -0.992 0.0000000000
111335  -15.076  -77.457  0.167 0.0000000000
7988  -9.366  -78.543  -0.663 0.0000000000
9439  -8.621  -76.244  -4.413 0.0000000000
3058  -17.442  -86.907  -11.545 0.0000000000
4179  -16.346  -85.234  -12.916 0.0000000000
3140  -14.817  -87.342  -17.961 0.0000000000
2662  -7.803  -88.662  -20.508 0.0000000000
13090  -13.154  -71.609  1.392 0.0000000000
120129  -12.771  -75.841  6.933 0.0000000000
5492  -11.203  -82.173  9.135 0.0000000000
3349  -9.799  -86.388  5.436 0.0000000000
2466  -7.154  -88.252  -2.613 0.0000000000
487  -10.918  -92.486  4.811 0.0000000000
2020  -11.922  -90.062  -3.644 0.0000000000
114857  -11.571  -91.494  -9.813 0.0000000000
391  -11.283  -94.067  -14.755 0.0000000000
197  -17.649  -93.575  -14.893 0.0000000000
19226  -27.374  -64.452  -2.782 0.0000000000
18370  -27.872  -65.258  -7.735 0.0000000000
21128  -21.187  -62.287  -6.848 0.0000000000
13130  -14.230  -71.774  -2.735 0.0000000000
19219  -14.234  -65.049  -1.748 0.0000000000
23812  -13.878  -59.151  -6.227 0.0000000000
2524  -8.436  -88.788  -8.060 0.0000000000
6865  -7.302  -80.666  -11.181 0.0000000000
5104  -17.232  -83.774  -4.625 0.0000000000
6832  -17.302  -80.321  -7.182 0.0000000000
6247  -19.886  -81.602  -7.266 0.0000000000
453  -18.160  -92.745  -22.060 0.0000000000
1343  -17.108  -90.507  -25.233 0.0000000000
2235  -19.229  -88.935  -24.828 0.0000000000
29174  -26.157  -53.680  -8.565 0.0000000000
29980  -23.323  -52.693  -9.309 0.0000000000
30000  -20.778  -52.266  -9.574 0.0000000000
27465  -18.835  -55.319  -9.585 0.0000000000
119463  -19.964  -74.231  1.817 0.0000000000
107880  -21.636  -73.849  -1.408 0.0000000000
9387  -21.282  -76.672  -0.413 0.0000000000
15543  -6.736  -69.011  1.172 0.0000000000
107301  -29.983  -58.555  -5.929 0.0000000000
5526  -14.001  -82.882  4.159 0.0000000000
117292  -15.284  -81.241  1.383 0.0000000000
6757  -14.124  -81.325  0.537 0.0000000000
6828  -10.622  -79.905  -6.750 0.0000000000
124926  -11.159  -77.815  -4.130 0.0000000000
6194  -8.740  -80.435  -3.190 0.0000000000
8670  -7.078  -78.437  -1.627 0.0000000000
6810  -6.855  -80.291  -4.471 0.0000000000
2599  -16.665  -88.272  -14.742 0.0000000000
3134  -18.539  -86.259  -16.752 0.0000000000
3149  -17.394  -87.329  -18.802 0.0000000000
3716  -11.166  -86.449  -24.767 0.0000000000
2202  -10.066  -89.432  -22.439 0.0000000000
14735  -13.485  -68.571  -0.830 0.0000000000
11462  -10.169  -73.584  3.571 0.0000000000
111836  -8.918  -76.071  5.313 0.0000000000
7270  -11.851  -79.660  6.615 0.0000000000
6664  -7.881  -79.816  6.715 0.0000000000
107632  -7.688  -85.948  12.005 0.0000000000
3878  -8.753  -85.947  10.594 0.0000000000
3317  -7.695  -87.000  8.102 0.0000000000
3996  -6.891  -85.027  0.861 0.0000000000
2883  -8.272  -87.694  4.295 0.0000000000
255  -11.780  -94.075  2.083 0.0000000000
811  -10.373  -92.236  0.660 0.0000000000
568  -10.818  -92.856  -2.582 0.0000000000
1615  -12.050  -90.404  -7.384 0.0000000000
862  -10.200  -92.138  -6.380 0.0000000000
117420  -11.935  -94.963  -10.671 0.0000000000
204  -14.645  -93.827  -15.381 0.0000000000
18252  -22.020  -65.170  -1.149 0.0000000000
18273  -23.981  -65.782  -2.860 0.0000000000
14827  -23.119  -70.056  -6.870 0.0000000000
15641  -27.457  -69.060  -7.065 0.0000000000
16538  -24.383  -67.096  -7.439 0.0000000000
20199  -24.009  -63.650  -7.441 0.0000000000
18348  -21.259  -65.633  -7.130 0.0000000000
10799  -16.292  -74.600  1.782 0.0000000000
10834  -17.607  -74.408  -1.348 0.0000000000
129419  -13.368  -73.282  -0.720 0.0000000000
20068  -8.641  -62.979  3.066 0.0000000000
19202  -10.853  -65.193  -0.305 0.0000000000
21911  -12.796  -61.555  -0.008 0.0000000000
21958  -14.405  -61.856  -3.503 0.0000000000
24703  -12.027  -58.436  -2.616 0.0000000000
25623  -10.860  -56.994  -5.685 0.0000000000
2585  -12.837  -88.571  -13.727 0.0000000000
3048  -13.297  -87.241  -10.643 0.0000000000
1656  -9.292  -91.083  -11.192 0.0000000000
109437  -12.389  -83.162  -2.516 0.0000000000
6796  -14.399  -81.089  -2.541 0.0000000000
6830  -14.012  -80.821  -6.036 0.0000000000
7450  -13.845  -79.401  -9.205 0.0000000000
6252  -10.540  -81.923  -9.009 0.0000000000
1304  -15.423  -91.657  -19.653 0.0000000000
2189  -16.973  -89.408  -20.906 0.0000000000
1786  -16.395  -89.579  -23.681 0.0000000000
2712  -14.301  -87.645  -26.525 0.0000000000
30836  -18.091  -51.199  -10.577 0.0000000000
7230  -7.122  -78.870  8.643 0.0000000000
14739  -20.833  -69.202  -0.661 0.0000000000
15569  -24.519  -68.459  -1.554 0.0000000000
108529  -23.172  -71.361  -1.523 0.0000000000
12346  -22.987  -72.984  -4.734 0.0000000000
12374  -20.073  -72.325  -6.636 0.0000000000
10773  -7.802  -74.646  2.702 0.0000000000
117678  -9.510  -72.066  0.569 0.0000000000
13833  -7.104  -70.509  4.108 0.0000000000
123250  -6.218  -65.786  3.992 0.0000000000
1755  -22.841  -90.700  -19.818 0.0000000000
2219  -22.181  -89.778  -23.719 0.0000000000
28313  -28.381  -54.480  -7.932 0.0000000000
25648  -25.034  -57.075  -7.804 0.0000000000
110602  -18.347  -79.003  4.259 0.0000000000
125789  -20.382  -79.270  0.336 0.0000000000
6149  -18.317  -81.356  1.259 0.0000000000
8612  -16.547  -78.126  2.102 0.0000000000
10088  -15.195  -75.622  1.464 0.0000000000
8019  -15.263  -77.787  -2.758 0.0000000000
9394  -12.634  -75.972  -1.692 0.0000000000
8610  -11.019  -77.166  2.192 0.0000000000
9335  -6.599  -77.110  2.100 0.0000000000
113954  -7.760  -74.640  -0.970 0.0000000000
3515  -18.010  -86.141  -8.527 0.0000000000
5184  -20.514  -82.910  -11.107 0.0000000000
4717  -19.662  -84.289  -13.983 0.0000000000
126832  -15.744  -86.397  -15.706 0.0000000000
2159  -12.445  -89.356  -16.796 0.0000000000
2669  -13.638  -88.339  -21.113 0.0000000000
111563  -11.389  -89.829  -19.892 0.0000000000
1295  -8.254  -91.043  -18.226 0.0000000000
16434  -17.672  -66.727  -1.558 0.0000000000
13919  -17.424  -69.937  -1.541 0.0000000000
13851  -17.200  -70.973  1.802 0.0000000000
12224  -17.050  -73.033  4.212 0.0000000000
13834  -11.451  -70.249  3.531 0.0000000000
126400  -13.463  -73.270  5.197 0.0000000000
118847  -16.716  -76.086  6.127 0.0000000000
7274  -15.934  -78.805  6.511 0.0000000000
6025  -15.564  -81.924  9.549 0.0000000000
4479  -13.291  -84.288  6.748 0.0000000000
5000  -7.903  -82.748  8.606 0.0000000000
3299  -11.969  -86.256  10.703 0.0000000000
4519  -12.079  -85.140  2.570 0.0000000000
126788  -9.491  -84.865  -1.948 0.0000000000
3470  -10.050  -86.806  -6.007 0.0000000000
127811  -12.994  -85.742  -1.958 0.0000000000
1474  -11.232  -89.945  6.463 0.0000000000
1093  -8.451  -90.658  1.725 0.0000000000
2440  -10.326  -88.517  -0.198 0.0000000000
2985  -15.768  -87.483  -4.246 0.0000000000
2515  -15.300  -88.392  -7.567 0.0000000000
2558  -14.834  -88.691  -10.930 0.0000000000
1685  -13.683  -90.583  -13.475 0.0000000000
164  -10.353  -93.715  -8.381 0.0000000000
923  -11.039  -92.930  -12.700 0.0000000000
959  -12.393  -92.313  -16.401 0.0000000000
418  -12.942  -93.294  -18.511 0.0000000000
222  -16.201  -93.956  -18.480 0.0000000000
112240  -19.785  -93.871  -17.925 0.0000000000
671  -19.655  -92.933  -14.416 0.0000000000
961  -22.650  -92.811  -16.388 0.0000000000
111172  -29.067  -61.962  -3.454 0.0000000000
15586  -26.676  -67.747  -3.234 0.0000000000
18309  -28.890  -65.493  -5.227 0.0000000000
21114  -29.909  -62.340  -6.002 0.0000000000
22021  -27.522  -61.740  -7.540 0.0000000000
22004  -24.296  -60.621  -7.299 0.0000000000
23843  -21.154  -59.511  -8.103 0.0000000000
8692  -19.221  -77.846  -3.294 0.0000000000
108276  -18.619  -73.663  -4.553 0.0000000000
13976  -17.069  -70.258  -5.289 0.0000000000
15553  -10.597  -68.987  -0.491 0.0000000000
127236  -12.563  -67.714  -3.298 0.0000000000
16505  -16.358  -67.273  -5.741 0.0000000000
20153  -18.136  -63.586  -4.674 0.0000000000
118473  -17.274  -61.522  -6.499 0.0000000000
24790  -17.472  -58.630  -8.393 0.0000000000
25657  -14.687  -57.152  -8.588 0.0000000000
4646  -16.757  -84.020  -9.176 0.0000000000
4629  -12.894  -84.833  -8.815 0.0000000000
4090  -7.885  -86.001  -7.307 0.0000000000
3068  -6.025  -87.505  -12.384 0.0000000000
109861  -6.307  -85.109  -9.932 0.0000000000
5646  -6.357  -82.660  -7.375 0.0000000000
8077  -7.976  -78.430  -8.262 0.0000000000
4569  -18.390  -84.617  -3.801 0.0000000000
5623  -18.869  -82.262  -5.096 0.0000000000
112783  -20.682  -83.544  -6.298 0.0000000000
690  -18.800  -92.461  -21.421 0.0000000000
1339  -18.583  -90.958  -23.902 0.0000000000
110746  -19.190  -90.662  -23.100 0.0000000000
110267  -23.670  -55.501  -8.854 0.0000000000
29172  -24.267  -53.189  -8.953 0.0000000000
28333  -22.342  -54.836  -9.511 0.0000000000
116706  -21.529  -54.314  -9.570 0.0000000000
27466  -20.166  -55.969  -9.469 0.0000000000
10777  -19.498  -75.130  2.643 0.0000000000
110681  -20.630  -75.406  0.672 0.0000000000
9364  -20.488  -77.003  1.024 0.0000000000
115829  -30.135  -58.789  -5.320 0.0000000000
6108  -13.384  -83.128  2.489 0.0000000000
6720  -13.775  -82.297  1.420 0.0000000000
111808  -13.541  -82.081  0.531 0.0000000000
6228  -9.493  -81.854  -6.273 0.0000000000
6811  -9.405  -80.411  -4.705 0.0000000000
6208  -8.762  -81.410  -4.304 0.0000000000
124868  -7.637  -79.983  -3.595 0.0000000000
116415  -7.441  -81.321  -4.913 0.0000000000
2144  -16.262  -88.912  -16.069 0.0000000000
2635  -17.628  -87.956  -16.534 0.0000000000
2167  -17.034  -88.815  -17.634 0.0000000000
10708  -8.327  -73.783  7.086 0.0000000000
10737  -7.978  -74.648  5.303 0.0000000000
9300  -7.135  -76.169  5.816 0.0000000000
7893  -7.884  -78.585  5.798 0.0000000000
8553  -6.578  -77.534  6.528 0.0000000000
2312  -8.432  -87.870  11.309 0.0000000000
2814  -8.517  -87.380  10.766 0.0000000000
2836  -7.856  -87.775  8.602 0.0000000000
2871  -7.544  -87.025  5.921 0.0000000000
2360  -7.981  -88.517  7.381 0.0000000000
129827  -12.163  -94.503  -0.149 0.0000000000
277  -11.616  -93.730  -0.720 0.0000000000
122323  -11.126  -93.898  -2.242 0.0000000000
853  -10.159  -92.036  -5.023 0.0000000000
123444  -10.976  -93.598  -3.529 0.0000000000
17340  -21.262  -66.264  -3.164 0.0000000000
18272  -22.673  -64.816  -3.289 0.0000000000
17341  -22.622  -66.361  -3.796 0.0000000000
122966  -22.075  -69.710  -6.756 0.0000000000
116675  -24.019  -68.488  -7.219 0.0000000000
15637  -22.134  -68.305  -6.821 0.0000000000
17404  -22.353  -66.468  -7.155 0.0000000000
107730  -20.607  -67.558  -6.720 0.0000000000
11502  -14.269  -73.995  1.881 0.0000000000
11525  -15.281  -73.591  0.806 0.0000000000
11522  -12.209  -73.896  0.011 0.0000000000
118223  -10.574  -61.720  1.926 0.0000000000
22782  -11.371  -60.156  0.528 0.0000000000
22808  -12.661  -60.310  -1.236 0.0000000000
1693  -11.324  -90.259  -14.432 0.0000000000
2115  -11.300  -89.792  -12.294 0.0000000000
1238  -9.470  -91.485  -12.894 0.0000000000
5103  -12.117  -83.238  -4.354 0.0000000000
6210  -13.779  -82.077  -3.865 0.0000000000
106924  -14.005  -82.117  -6.082 0.0000000000
6855  -17.568  -79.654  -9.236 0.0000000000
7452  -15.679  -79.360  -8.984 0.0000000000
6867  -14.822  -80.189  -10.409 0.0000000000
6860  -12.455  -80.438  -9.867 0.0000000000
6273  -13.005  -81.389  -10.433 0.0000000000
979  -14.793  -92.604  -20.564 0.0000000000
1322  -16.762  -90.902  -21.387 0.0000000000
1328  -16.450  -91.710  -22.267 0.0000000000
2723  -17.804  -88.075  -26.965 0.0000000000
2237  -16.020  -88.657  -25.937 0.0000000000
3731  -14.978  -86.622  -26.649 0.0000000000
108257  -13.066  -86.146  -25.903 0.0000000000
31657  -25.232  -50.979  -10.230 0.0000000000
29185  -18.782  -53.032  -9.496 0.0000000000
30820  -19.475  -51.915  -9.913 0.0000000000
113388  -17.678  -52.341  -9.899 0.0000000000
120050  -15.588  -53.023  -9.955 0.0000000000
13890  -20.876  -70.010  0.808 0.0000000000
14741  -22.108  -69.973  0.077 0.0000000000
126554  -21.789  -71.750  -0.138 0.0000000000
10849  -22.263  -74.673  -3.767 0.0000000000
11562  -22.449  -73.445  -2.772 0.0000000000
11577  -22.047  -74.151  -5.147 0.0000000000
12376  -22.324  -72.356  -6.205 0.0000000000
11603  -21.064  -73.707  -6.593 0.0000000000
122417  -6.801  -73.660  2.929 0.0000000000
12257  -7.726  -72.467  3.111 0.0000000000
13067  -6.360  -71.772  3.074 0.0000000000
17277  -5.915  -66.877  3.168 0.0000000000
124920  -29.272  -56.367  -7.259 0.0000000000
111889  -27.903  -56.216  -7.904 0.0000000000
27445  -26.349  -55.898  -7.876 0.0000000000
116049  -25.820  -57.286  -7.566 0.0000000000
6687  -18.248  -80.571  4.888 0.0000000000
6725  -18.895  -81.010  2.665 0.0000000000
121044  -17.968  -81.646  2.985 0.0000000000
7325  -15.224  -79.591  1.028 0.0000000000
7310  -15.830  -79.398  1.676 0.0000000000
7940  -15.733  -78.170  1.957 0.0000000000
9343  -15.797  -76.141  1.755 0.0000000000
9376  -15.118  -76.536  0.322 0.0000000000
7401  -14.966  -79.692  -3.875 0.0000000000
7389  -15.198  -79.273  -3.036 0.0000000000
8719  -14.696  -77.399  -4.513 0.0000000000
8016  -10.066  -78.120  -2.298 0.0000000000
124165  -12.217  -76.469  -3.176 0.0000000000
8673  -11.093  -77.036  -0.942 0.0000000000
120602  -12.294  -76.280  0.210 0.0000000000
8657  -10.350  -77.696  0.413 0.0000000000
8607  -8.646  -77.647  2.519 0.0000000000
7957  -8.263  -78.163  1.547 0.0000000000
8686  -7.528  -77.672  -2.711 0.0000000000
8671  -7.427  -77.046  -1.088 0.0000000000
10123  -8.504  -75.478  -2.812 0.0000000000
10840  -7.800  -74.262  -2.851 0.0000000000
10853  -7.542  -74.547  -4.596 0.0000000000
3532  -18.257  -86.093  -10.498 0.0000000000
108433  -19.044  -85.504  -11.126 0.0000000000
4162  -19.187  -85.703  -13.082 0.0000000000
3634  -16.672  -86.220  -17.926 0.0000000000
4228  -17.246  -85.520  -16.797 0.0000000000
3132  -15.474  -86.806  -16.887 0.0000000000
2613  -13.633  -88.369  -15.842 0.0000000000
2642  -13.627  -88.284  -17.631 0.0000000000
115427  -14.951  -88.790  -22.706 0.0000000000
2671  -15.321  -88.131  -21.474 0.0000000000
2205  -13.493  -89.176  -22.632 0.0000000000
2201  -8.553  -89.043  -22.312 0.0000000000
1761  -10.500  -90.031  -21.006 0.0000000000
1750  -8.783  -90.048  -20.528 0.0000000000
113023  -9.375  -90.626  -19.065 0.0000000000
1738  -7.944  -90.055  -19.387 0.0000000000
2639  -8.129  -89.190  -18.599 0.0000000000
16407  -18.387  -67.458  1.109 0.0000000000
108268  -16.651  -66.861  -0.643 0.0000000000
15579  -16.971  -67.618  -3.076 0.0000000000
16440  -15.415  -67.432  -2.039 0.0000000000
13883  -13.609  -70.596  0.236 0.0000000000
13885  -15.345  -70.451  0.226 0.0000000000
122558  -15.854  -71.023  1.967 0.0000000000
12261  -17.581  -71.922  2.943 0.0000000000
13055  -15.648  -71.657  3.208 0.0000000000
10026  -11.109  -75.021  5.718 0.0000000000
11449  -11.693  -74.003  4.406 0.0000000000
10742  -13.468  -74.446  6.510 0.0000000000
10744  -15.197  -74.285  6.241 0.0000000000
9293  -14.746  -76.428  7.098 0.0000000000
8572  -15.783  -77.794  6.365 0.0000000000
8570  -13.956  -78.189  6.999 0.0000000000
120686  -11.458  -81.315  7.606 0.0000000000
117830  -13.673  -80.324  7.901 0.0000000000
126980  -13.331  -81.833  9.842 0.0000000000
4996  -15.060  -83.281  8.792 0.0000000000
4975  -13.700  -83.311  10.503 0.0000000000
6623  -6.987  -80.565  10.363 0.0000000000
6031  -7.465  -81.339  8.575 0.0000000000
5489  -7.300  -83.041  8.892 0.0000000000
2839  -10.072  -87.552  9.026 0.0000000000
129683  -10.174  -86.025  10.966 0.0000000000
2853  -11.634  -87.461  7.450 0.0000000000
3343  -12.384  -86.925  6.319 0.0000000000
3362  -11.152  -86.586  4.506 0.0000000000
4000  -10.715  -85.314  0.503 0.0000000000
3979  -9.314  -85.953  1.194 0.0000000000
2938  -6.461  -86.704  -0.857 0.0000000000
3442  -7.878  -86.221  -3.310 0.0000000000
2487  -8.399  -87.521  -4.477 0.0000000000
3451  -12.262  -86.697  -3.696 0.0000000000
2972  -10.006  -88.076  -3.898 0.0000000000
1033  -12.456  -90.737  7.743 0.0000000000
1064  -10.831  -91.431  5.584 0.0000000000
1494  -9.632  -90.159  3.827 0.0000000000
779  -9.466  -91.389  3.014 0.0000000000
1565  -11.551  -90.579  -1.166 0.0000000000
1547  -10.045  -90.364  0.120 0.0000000000
1997  -12.102  -89.171  -1.469 0.0000000000
2456  -12.979  -87.692  -1.544 0.0000000000
2488  -13.847  -88.418  -4.085 0.0000000000
2993  -15.903  -87.871  -6.012 0.0000000000
2499  -13.895  -88.929  -5.759 0.0000000000
1196  -11.867  -90.932  -8.754 0.0000000000
2063  -13.575  -89.657  -8.732 0.0000000000
1648  -13.361  -90.015  -10.185 0.0000000000
129131  -14.466  -89.245  -12.010 0.0000000000
123060  -12.827  -90.708  -11.341 0.0000000000
108299  -11.320  -94.243  -12.088 0.0000000000
178  -10.812  -94.067  -11.386 0.0000000000
662  -10.775  -93.756  -13.605 0.0000000000
944  -12.171  -92.428  -14.664 0.0000000000
675  -11.460  -93.208  -15.880 0.0000000000
964  -12.073  -92.914  -17.595 0.0000000000
411  -12.084  -93.325  -16.690 0.0000000000
195  -15.578  -93.639  -14.885 0.0000000000
409  -14.891  -93.453  -16.825 0.0000000000
212  -16.944  -93.542  -16.389 0.0000000000
224  -17.790  -93.825  -18.441 0.0000000000
213  -18.508  -94.006  -16.231 0.0000000000
403  -21.672  -93.607  -15.554 0.0000000000
113242  -26.078  -64.043  -2.278 0.0000000000
20121  -27.297  -63.320  -2.190 0.0000000000
20139  -28.452  -63.714  -3.304 0.0000000000
14767  -25.212  -69.949  -2.481 0.0000000000
125775  -25.505  -68.228  -2.095 0.0000000000
15597  -26.278  -69.331  -3.771 0.0000000000
17407  -27.195  -66.957  -7.469 0.0000000000
16508  -27.817  -67.306  -5.938 0.0000000000
18352  -28.510  -65.980  -7.131 0.0000000000
20166  -29.641  -64.027  -6.115 0.0000000000
20184  -29.262  -63.845  -7.234 0.0000000000
22022  -28.709  -61.996  -7.238 0.0000000000
119432  -27.354  -63.198  -7.700 0.0000000000
20198  -23.118  -63.487  -7.457 0.0000000000
22018  -24.951  -61.815  -7.323 0.0000000000
123105  -22.401  -61.684  -7.281 0.0000000000
23816  -23.237  -59.936  -7.461 0.0000000000
22890  -21.225  -60.961  -7.293 0.0000000000
6788  -18.872  -79.971  -1.075 0.0000000000
7391  -19.948  -79.142  -2.010 0.0000000000
8691  -18.732  -78.022  -2.600 0.0000000000
12309  -16.046  -72.975  -1.964 0.0000000000
11560  -18.092  -74.015  -2.955 0.0000000000
12328  -16.464  -72.243  -3.485 0.0000000000
13158  -17.237  -71.466  -4.660 0.0000000000
13942  -15.613  -70.872  -4.230 0.0000000000
14694  -9.035  -69.580  2.437 0.0000000000
13880  -9.793  -70.399  0.560 0.0000000000
16417  -9.792  -67.897  1.052 0.0000000000
19210  -12.334  -64.844  -0.911 0.0000000000
18255  -10.967  -66.086  -1.211 0.0000000000
18286  -12.982  -66.016  -3.209 0.0000000000
16482  -14.160  -67.510  -4.573 0.0000000000
18305  -15.486  -65.525  -4.303 0.0000000000
18325  -16.924  -65.577  -5.267 0.0000000000
19239  -17.125  -64.676  -2.977 0.0000000000
22848  -14.311  -60.792  -4.855 0.0000000000
21982  -15.643  -61.722  -5.525 0.0000000000
22884  -15.692  -60.471  -6.610 0.0000000000
23839  -17.586  -59.836  -7.713 0.0000000000
23836  -14.964  -59.161  -7.206 0.0000000000
24789  -16.000  -58.159  -8.362 0.0000000000
24764  -13.783  -58.121  -7.379 0.0000000000
119966  -11.619  -55.644  -7.393 0.0000000000
5193  -18.769  -82.891  -12.826 0.0000000000
5177  -18.879  -82.741  -10.814 0.0000000000
4670  -16.734  -84.563  -11.488 0.0000000000
2536  -11.707  -88.277  -9.395 0.0000000000
3522  -13.552  -86.274  -9.253 0.0000000000
3029  -10.440  -87.238  -7.990 0.0000000000
4097  -9.632  -85.618  -9.156 0.0000000000
3014  -8.017  -87.547  -7.642 0.0000000000
4687  -6.480  -84.884  -12.115 0.0000000000
5679  -6.803  -82.980  -10.540 0.0000000000
5148  -6.153  -83.584  -8.597 0.0000000000
118370  -6.709  -82.148  -9.377 0.0000000000
6839  -6.819  -80.306  -7.663 0.0000000000
107304  -7.314  -80.124  -9.693 0.0000000000
4592  -15.222  -84.284  -5.708 0.0000000000
5636  -15.250  -82.339  -6.301 0.0000000000
5622  -17.040  -82.077  -5.631 0.0000000000
6845  -18.511  -80.552  -7.285 0.0000000000
6255  -18.261  -81.265  -9.096 0.0000000000
693  -16.747  -92.902  -22.436 0.0000000000
993  -16.952  -91.712  -24.095 0.0000000000
994  -17.943  -92.051  -24.174 0.0000000000
1795  -18.438  -89.708  -25.197 0.0000000000
3736  -19.824  -86.522  -26.746 0.0000000000
29176  -27.500  -53.078  -8.672 0.0000000000
29983  -26.290  -52.507  -9.257 0.0000000000
30803  -24.896  -52.167  -9.432 0.0000000000
30003  -23.405  -51.842  -9.555 0.0000000000
31654  -22.268  -50.899  -10.011 0.0000000000
116841  -21.442  -52.606  -9.517 0.0000000000
113853  -19.620  -53.441  -9.470 0.0000000000
109624  -17.459  -54.802  -9.631 0.0000000000
12275  -20.251  -72.842  1.430 0.0000000000
12285  -21.239  -72.364  0.172 0.0000000000
11546  -20.954  -73.994  -0.140 0.0000000000
113753  -21.862  -75.377  -1.731 0.0000000000
108189  -22.000  -76.261  -3.359 0.0000000000
13102  -7.106  -72.181  0.251 0.0000000000
123647  -6.251  -70.923  2.282 0.0000000000
13879  -7.042  -70.363  0.431 0.0000000000
120197  -30.328  -56.619  -5.835 0.0000000000
24777  -29.089  -57.933  -7.199 0.0000000000
5528  -16.125  -82.411  4.792 0.0000000000
6112  -16.342  -82.159  3.364 0.0000000000
112754  -14.797  -82.361  2.724 0.0000000000
6739  -15.021  -80.903  0.893 0.0000000000
7344  -14.785  -79.587  0.482 0.0000000000
8059  -12.254  -78.504  -7.025 0.0000000000
8731  -12.994  -77.337  -5.459 0.0000000000
7410  -10.959  -78.814  -5.166 0.0000000000
7400  -9.979  -79.036  -3.683 0.0000000000
6785  -9.188  -79.610  -1.789 0.0000000000
7340  -8.041  -78.941  -0.500 0.0000000000
6180  -8.062  -79.337  -1.379 0.0000000000
8027  -6.852  -78.996  -3.334 0.0000000000
8039  -7.274  -78.404  -4.544 0.0000000000
3086  -16.876  -87.624  -12.845 0.0000000000
3574  -18.720  -86.527  -14.353 0.0000000000
3117  -18.043  -87.500  -15.819 0.0000000000
3143  -18.218  -86.639  -17.457 0.0000000000
3642  -16.266  -86.627  -18.607 0.0000000000
2697  -11.735  -88.224  -24.900 0.0000000000
2211  -11.420  -89.253  -23.403 0.0000000000
2695  -10.084  -87.061  -24.640 0.0000000000
2685  -8.506  -87.786  -23.192 0.0000000000
3665  -7.825  -86.765  -21.952 0.0000000000
109571  -14.431  -67.245  -0.521 0.0000000000
14709  -11.925  -69.323  1.030 0.0000000000
13020  -10.334  -71.753  5.576 0.0000000000
11448  -8.838  -73.512  5.037 0.0000000000
10034  -9.595  -74.905  4.431 0.0000000000
9289  -10.387  -76.505  6.296 0.0000000000
7881  -11.803  -78.317  6.535 0.0000000000
110488  -10.030  -78.659  6.100 0.0000000000
113095  -9.667  -80.381  5.953 0.0000000000
6047  -9.549  -81.688  7.035 0.0000000000
4445  -7.086  -84.239  9.994 0.0000000000
3877  -8.116  -85.823  10.921 0.0000000000
126229  -8.774  -87.472  9.548 0.0000000000
3340  -9.027  -86.406  6.821 0.0000000000
110820  -8.382  -85.454  3.127 0.0000000000
118653  -7.534  -85.879  5.104 0.0000000000
2890  -6.883  -86.171  2.956 0.0000000000
2916  -7.101  -87.422  1.394 0.0000000000
511  -11.005  -91.775  2.980 0.0000000000
799  -9.635  -92.505  1.733 0.0000000000
526  -10.784  -93.485  1.159 0.0000000000
821  -11.559  -92.168  -0.831 0.0000000000
1581  -11.258  -90.842  -3.733 0.0000000000
2037  -12.118  -89.919  -5.528 0.0000000000
112109  -10.535  -91.139  -5.002 0.0000000000
1181  -10.652  -90.969  -6.952 0.0000000000
1194  -10.461  -91.683  -8.032 0.0000000000
114348  -12.770  -95.341  -10.714 0.0000000000
122993  -12.248  -94.598  -13.257 0.0000000000
202  -12.792  -94.491  -14.668 0.0000000000
105  -13.233  -94.448  -13.807 0.0000000000
385  -16.059  -93.393  -14.116 0.0000000000
20116  -22.949  -63.744  -2.153 0.0000000000
19223  -24.662  -64.751  -2.628 0.0000000000
18275  -25.451  -65.599  -2.499 0.0000000000
13982  -24.885  -70.840  -5.312 0.0000000000
14814  -25.999  -69.734  -5.718 0.0000000000
15623  -25.787  -69.272  -6.460 0.0000000000
16528  -26.319  -68.656  -7.970 0.0000000000
18368  -25.852  -65.816  -7.688 0.0000000000
111372  -25.843  -63.943  -7.646 0.0000000000
113542  -24.256  -65.756  -7.429 0.0000000000
110178  -22.135  -64.825  -7.321 0.0000000000
19289  -20.963  -64.343  -6.872 0.0000000000
9377  -17.635  -76.300  0.737 0.0000000000
9386  -18.209  -76.297  -1.302 0.0000000000
10822  -17.143  -74.687  0.595 0.0000000000
12300  -14.919  -73.141  -0.973 0.0000000000
12306  -13.091  -72.316  -1.976 0.0000000000
18221  -8.571  -65.125  3.049 0.0000000000
18235  -9.303  -65.859  1.548 0.0000000000
19184  -10.113  -64.522  1.135 0.0000000000
20090  -11.459  -63.446  0.701 0.0000000000
20098  -13.461  -63.396  -0.478 0.0000000000
20135  -15.715  -63.549  -2.263 0.0000000000
21922  -13.594  -61.635  -1.309 0.0000000000
22824  -13.371  -60.563  -2.594 0.0000000000
23790  -13.285  -59.147  -4.421 0.0000000000
24740  -12.620  -58.045  -5.395 0.0000000000
24729  -11.595  -57.751  -4.016 0.0000000000
25607  -9.852  -57.175  -4.396 0.0000000000
3571  -14.735  -86.795  -13.395 0.0000000000
3542  -15.040  -86.125  -12.147 0.0000000000
3072  -12.804  -88.084  -11.889 0.0000000000
2100  -11.476  -89.196  -10.820 0.0000000000
2074  -9.526  -89.824  -9.127 0.0000000000
6172  -12.379  -83.286  -0.862 0.0000000000
6771  -13.040  -82.480  -0.788 0.0000000000
6196  -13.713  -82.123  -2.384 0.0000000000
126499  -14.407  -80.592  -4.308 0.0000000000
7421  -14.955  -78.589  -6.125 0.0000000000
6232  -15.093  -81.507  -7.003 0.0000000000
6842  -14.584  -79.810  -7.943 0.0000000000
8073  -13.656  -78.428  -7.624 0.0000000000
111467  -12.450  -79.236  -8.353 0.0000000000
6851  -10.773  -80.988  -8.418 0.0000000000
5632  -9.748  -82.282  -7.299 0.0000000000
129518  -15.664  -90.672  -17.836 0.0000000000
1733  -16.677  -90.001  -18.262 0.0000000000
1744  -16.756  -90.665  -19.888 0.0000000000
2207  -16.542  -89.334  -22.581 0.0000000000
2228  -15.526  -89.197  -23.985 0.0000000000
108205  -16.540  -89.861  -24.512 0.0000000000
1788  -15.058  -88.848  -24.811 0.0000000000
2232  -13.543  -88.584  -25.252 0.0000000000
3196  -12.272  -86.521  -26.431 0.0000000000
3687  -11.606  -86.239  -23.567 0.0000000000
31674  -21.850  -50.519  -10.341 0.0000000000
120870  -7.280  -77.160  8.476 0.0000000000
15565  -20.787  -68.787  -2.807 0.0000000000
16444  -23.133  -67.626  -1.859 0.0000000000
15567  -22.748  -68.418  -1.030 0.0000000000
13910  -23.466  -69.752  -0.783 0.0000000000
13932  -24.226  -70.773  -2.163 0.0000000000
12311  -22.120  -72.446  -1.058 0.0000000000
13132  -23.214  -72.064  -2.504 0.0000000000
13961  -24.329  -71.679  -4.171 0.0000000000
13980  -23.375  -71.472  -5.937 0.0000000000
13994  -21.659  -71.078  -6.808 0.0000000000
13992  -19.922  -70.668  -6.541 0.0000000000
10793  -10.250  -74.973  1.066 0.0000000000
11520  -9.990  -73.469  0.203 0.0000000000
11500  -8.617  -73.438  1.811 0.0000000000
13845  -8.376  -70.378  3.101 0.0000000000
14681  -7.626  -69.098  4.239 0.0000000000
14692  -5.968  -69.883  3.270 0.0000000000
15508  -6.804  -68.100  4.633 0.0000000000
17261  -7.824  -66.680  3.842 0.0000000000
19151  -7.573  -63.988  3.668 0.0000000000
1273  -7.988  -91.862  -15.972 0.0000000000
940  -7.888  -92.011  -14.351 0.0000000000
127267  -21.274  -90.589  -20.366 0.0000000000
107249  -20.824  -90.622  -22.218 0.0000000000
28312  -27.490  -54.506  -8.292 0.0000000000
27455  -25.012  -55.393  -8.155 0.0000000000
123747  -23.489  -56.457  -8.704 0.0000000000
118260  -18.800  -77.999  3.512 0.0000000000
8631  -19.860  -77.895  2.091 0.0000000000
7311  -19.479  -79.548  2.513 0.0000000000
109465  -18.875  -81.051  0.690 0.0000000000
6773  -17.865  -80.558  -0.141 0.0000000000
6147  -16.879  -81.479  1.617 0.0000000000
7327  -16.685  -79.858  1.103 0.0000000000
7979  -17.401  -78.441  0.617 0.0000000000
112695  -16.706  -76.312  2.000 0.0000000000
10775  -15.332  -74.993  2.117 0.0000000000
124112  -13.857  -75.215  2.115 0.0000000000
7375  -14.028  -81.278  -1.140 0.0000000000
8003  -14.720  -79.313  -1.170 0.0000000000
7991  -14.967  -78.023  -0.717 0.0000000000
9440  -13.390  -76.691  -4.053 0.0000000000
9411  -14.543  -76.177  -2.610 0.0000000000
8659  -14.984  -76.544  -0.689 0.0000000000
10109  -14.107  -75.607  -0.144 0.0000000000
117115  -13.170  -75.850  1.889 0.0000000000
9341  -12.275  -75.786  2.270 0.0000000000
10057  -9.540  -76.447  2.311 0.0000000000
10055  -7.284  -75.939  2.760 0.0000000000
10790  -6.444  -74.990  2.148 0.0000000000
109985  -6.906  -77.543  0.713 0.0000000000
9381  -6.918  -76.088  0.196 0.0000000000
11519  -6.933  -73.738  0.368 0.0000000000
11550  -7.314  -73.171  -1.458 0.0000000000
4081  -18.790  -85.712  -6.969 0.0000000000
4635  -20.624  -84.029  -8.372 0.0000000000
119165  -19.723  -84.827  -10.134 0.0000000000
4696  -20.134  -83.352  -12.454 0.0000000000
4715  -18.139  -83.886  -13.957 0.0000000000
3612  -19.172  -85.410  -15.516 0.0000000000
4199  -17.736  -84.645  -15.236 0.0000000000
3591  -16.144  -85.843  -14.292 0.0000000000
3099  -14.372  -87.487  -14.474 0.0000000000
2142  -12.314  -89.362  -14.934 0.0000000000
1699  -10.670  -90.862  -15.685 0.0000000000
2659  -16.957  -88.125  -19.830 0.0000000000
111937  -15.636  -87.345  -20.229 0.0000000000
2658  -14.334  -87.619  -19.777 0.0000000000
2204  -12.052  -89.734  -22.210 0.0000000000
2187  -12.464  -89.125  -20.621 0.0000000000
118024  -13.060  -88.530  -18.980 0.0000000000
2171  -11.826  -89.699  -18.243 0.0000000000
112130  -10.328  -90.717  -17.873 0.0000000000
113330  -8.308  -91.819  -16.848 0.0000000000
2217  -20.148  -89.414  -23.482 0.0000000000
17320  -20.716  -66.328  -1.440 0.0000000000
16424  -19.400  -67.108  -0.023 0.0000000000
16454  -19.387  -67.136  -3.417 0.0000000000
111998  -18.819  -68.230  -3.715 0.0000000000
14738  -19.041  -70.068  -1.293 0.0000000000
13888  -18.981  -70.113  0.600 0.0000000000
14748  -14.880  -68.902  -2.037 0.0000000000
118506  -16.918  -70.289  0.029 0.0000000000
13867  -18.826  -70.564  1.431 0.0000000000
12263  -18.902  -72.516  2.878 0.0000000000
12246  -18.830  -73.178  3.234 0.0000000000
10758  -18.181  -74.561  4.277 0.0000000000
14683  -11.846  -69.020  2.911 0.0000000000
13089  -11.576  -71.082  1.325 0.0000000000
13051  -10.344  -72.002  3.208 0.0000000000
12239  -11.586  -72.654  2.451 0.0000000000
12241  -14.199  -71.942  3.538 0.0000000000
11467  -15.657  -73.218  4.981 0.0000000000
10746  -17.182  -74.772  5.395 0.0000000000
120412  -17.867  -75.900  4.753 0.0000000000
8574  -17.104  -77.550  4.818 0.0000000000
7275  -17.492  -79.435  5.579 0.0000000000
6672  -17.450  -80.814  6.487 0.0000000000
7249  -13.325  -79.365  6.973 0.0000000000
6652  -15.211  -79.692  7.645 0.0000000000
6051  -16.770  -81.421  7.453 0.0000000000
5011  -15.689  -82.680  7.170 0.0000000000
5020  -13.982  -83.291  5.821 0.0000000000
113697  -12.405  -83.293  4.565 0.0000000000
7238  -6.918  -78.842  7.390 0.0000000000
6046  -8.227  -81.101  7.579 0.0000000000
5490  -9.265  -82.708  8.198 0.0000000000
4457  -8.276  -84.381  9.612 0.0000000000
4447  -9.550  -84.497  10.433 0.0000000000
4436  -11.785  -84.288  11.319 0.0000000000
4465  -13.035  -85.239  9.178 0.0000000000
4486  -12.533  -85.033  5.323 0.0000000000
5040  -12.428  -84.360  2.001 0.0000000000
5060  -11.341  -84.304  -0.468 0.0000000000
5086  -10.747  -83.653  -2.253 0.0000000000
5101  -10.710  -84.101  -4.322 0.0000000000
4023  -8.106  -85.746  -1.556 0.0000000000
116155  -9.195  -85.448  -4.397 0.0000000000
4078  -12.300  -85.451  -6.091 0.0000000000
4065  -14.055  -86.050  -5.186 0.0000000000
4565  -15.228  -84.934  -3.202 0.0000000000
4035  -16.846  -85.333  -2.776 0.0000000000
123319  -9.536  -89.483  8.044 0.0000000000
2379  -9.295  -88.540  5.271 0.0000000000
1944  -8.937  -88.982  3.100 0.0000000000
127302  -7.098  -89.956  0.306 0.0000000000
797  -8.832  -91.703  0.643 0.0000000000
1545  -7.977  -90.590  -0.678 0.0000000000
2009  -8.647  -88.914  -1.933 0.0000000000
3421  -11.922  -86.801  -1.142 0.0000000000
2967  -15.128  -86.599  -2.681 0.0000000000
3474  -17.831  -86.538  -4.986 0.0000000000
3003  -17.064  -86.996  -6.205 0.0000000000
3034  -16.967  -86.918  -8.635 0.0000000000
118846  -16.731  -87.155  -10.092 0.0000000000
2045  -13.865  -89.301  -7.368 0.0000000000
2538  -15.243  -88.353  -9.747 0.0000000000
2560  -15.993  -87.914  -11.623 0.0000000000
2577  -15.862  -88.397  -12.872 0.0000000000
2126  -15.362  -89.081  -13.789 0.0000000000
108032  -14.802  -90.065  -15.063 0.0000000000
142  -10.866  -93.457  -5.202 0.0000000000
608  -9.977  -93.049  -7.319 0.0000000000
126711  -10.068  -92.767  -8.931 0.0000000000
171  -11.205  -94.246  -9.687 0.0000000000
369  -10.468  -93.378  -10.539 0.0000000000
915  -11.639  -91.807  -11.255 0.0000000000
1240  -12.613  -91.464  -12.803 0.0000000000
1259  -13.550  -91.278  -14.857 0.0000000000
1278  -14.161  -91.208  -16.425 0.0000000000
1286  -13.321  -91.955  -18.011 0.0000000000
971  -13.634  -92.344  -19.001 0.0000000000
431  -14.208  -93.670  -20.169 0.0000000000
110869  -13.320  -93.458  -17.285 0.0000000000
420  -14.508  -93.744  -18.507 0.0000000000
433  -15.455  -94.013  -20.365 0.0000000000
122491  -17.335  -93.672  -20.540 0.0000000000
123494  -18.865  -93.624  -19.967 0.0000000000
430  -19.911  -93.140  -19.108 0.0000000000
666  -17.160  -93.043  -13.798 0.0000000000
395  -18.911  -93.737  -14.528 0.0000000000
210  -20.355  -94.051  -15.870 0.0000000000
416  -20.929  -94.013  -17.413 0.0000000000
972  -20.958  -92.549  -18.450 0.0000000000
1299  -22.231  -91.552  -18.119 0.0000000000
22836  -29.421  -60.605  -3.674 0.0000000000
16459  -24.507  -67.344  -1.959 0.0000000000
17344  -25.661  -66.593  -2.433 0.0000000000
17357  -27.123  -66.498  -3.315 0.0000000000
16484  -27.300  -68.006  -4.770 0.0000000000
17358  -27.835  -66.306  -4.116 0.0000000000
19260  -28.324  -65.413  -4.094 0.0000000000
115894  -29.241  -63.401  -4.016 0.0000000000
21984  -29.999  -62.114  -4.994 0.0000000000
21973  -30.150  -61.022  -5.622 0.0000000000
126098  -29.737  -60.674  -6.558 0.0000000000
123371  -29.387  -60.062  -6.940 0.0000000000
23849  -27.672  -59.737  -7.589 0.0000000000
115077  -25.539  -62.279  -7.438 0.0000000000
116859  -25.979  -60.612  -7.429 0.0000000000
24774  -26.026  -58.790  -7.414 0.0000000000
24772  -24.594  -58.486  -7.517 0.0000000000
24770  -22.687  -58.881  -7.998 0.0000000000
24794  -21.386  -58.132  -8.656 0.0000000000
112994  -20.919  -78.126  -0.118 0.0000000000
8007  -21.121  -78.251  -2.422 0.0000000000
8734  -20.265  -76.900  -5.104 0.0000000000
10124  -18.519  -75.849  -2.647 0.0000000000
10129  -19.061  -75.830  -4.204 0.0000000000
10863  -19.484  -74.954  -5.690 0.0000000000
12345  -19.001  -73.150  -5.482 0.0000000000
128594  -18.788  -70.971  -5.924 0.0000000000
14811  -18.229  -69.699  -6.013 0.0000000000
11538  -10.999  -73.022  -0.651 0.0000000000
13116  -11.044  -71.662  -1.226 0.0000000000
13916  -11.525  -70.292  -1.810 0.0000000000
109243  -10.297  -67.168  -0.088 0.0000000000
15562  -11.229  -68.423  -1.569 0.0000000000
14762  -12.469  -69.362  -2.962 0.0000000000
14791  -14.457  -69.334  -4.392 0.0000000000
14809  -16.149  -68.884  -5.404 0.0000000000
15634  -17.956  -68.079  -6.289 0.0000000000
17401  -18.418  -66.620  -6.355 0.0000000000
18328  -18.968  -64.864  -6.064 0.0000000000
20165  -19.337  -63.588  -6.092 0.0000000000
21095  -17.035  -62.923  -4.085 0.0000000000
21110  -17.521  -62.616  -5.450 0.0000000000
21126  -19.482  -62.279  -6.442 0.0000000000
22911  -18.909  -60.460  -7.545 0.0000000000
23866  -19.568  -59.139  -8.360 0.0000000000
25661  -18.986  -57.769  -8.915 0.0000000000
25682  -18.198  -57.354  -9.061 0.0000000000
26540  -16.750  -56.346  -9.472 0.0000000000
26538  -14.891  -55.621  -9.087 0.0000000000
25645  -12.622  -56.916  -7.343 0.0000000000
112042  -13.460  -55.365  -8.205 0.0000000000
5673  -20.522  -82.551  -9.555 0.0000000000
5154  -18.873  -82.397  -8.931 0.0000000000
5657  -16.440  -83.001  -8.868 0.0000000000
4139  -15.127  -85.663  -10.488 0.0000000000
4103  -14.865  -84.745  -8.786 0.0000000000
5165  -14.237  -83.351  -9.229 0.0000000000
5163  -11.642  -83.603  -9.932 0.0000000000
4627  -9.343  -84.257  -8.952 0.0000000000
118642  -7.983  -84.643  -6.125 0.0000000000
1236  -7.324  -91.879  -12.456 0.0000000000
1643  -6.828  -90.565  -10.646 0.0000000000
119205  -6.971  -89.263  -9.671 0.0000000000
4174  -6.184  -85.320  -13.526 0.0000000000
118118  -6.350  -87.026  -10.989 0.0000000000
129719  -6.987  -87.494  -8.093 0.0000000000
4095  -6.376  -85.826  -8.096 0.0000000000
4601  -6.824  -84.558  -6.413 0.0000000000
109079  -6.819  -82.842  -5.734 0.0000000000
6227  -6.569  -81.592  -6.315 0.0000000000
7417  -6.997  -79.113  -6.181 0.0000000000
8741  -8.633  -77.195  -6.338 0.0000000000
113575  -7.900  -75.959  -8.355 0.0000000000
10166  -7.992  -75.385  -6.734 0.0000000000
4055  -19.170  -84.972  -4.622 0.0000000000
5121  -19.986  -83.698  -5.065 0.0000000000
4595  -20.170  -84.131  -5.715 0.0000000000
985  -19.253  -91.843  -21.048 0.0000000000
1337  -19.014  -91.295  -22.474 0.0000000000
1330  -19.464  -91.232  -21.673 0.0000000000
109039  -23.078  -55.869  -9.142 0.0000000000
27454  -23.058  -55.155  -9.275 0.0000000000
26545  -22.446  -55.678  -9.380 0.0000000000
27468  -21.644  -55.374  -9.528 0.0000000000
26543  -21.036  -56.037  -9.439 0.0000000000
10063  -19.469  -75.846  2.684 0.0000000000
10091  -19.847  -75.689  2.157 0.0000000000
116157  -19.697  -76.433  2.325 0.0000000000
24732  -30.090  -58.934  -4.471 0.0000000000
6128  -12.908  -83.552  2.005 0.0000000000
6129  -13.288  -82.922  1.703 0.0000000000
6756  -12.836  -82.920  0.436 0.0000000000
5618  -9.131  -82.479  -5.496 0.0000000000
5608  -8.945  -82.076  -4.728 0.0000000000
5607  -8.593  -82.067  -4.699 0.0000000000
5600  -8.082  -81.364  -4.690 0.0000000000
5099  -7.842  -82.087  -5.104 0.0000000000
2160  -15.751  -89.626  -16.381 0.0000000000
2161  -16.407  -89.256  -16.909 0.0000000000
9996  -8.132  -74.605  7.591 0.0000000000
9995  -7.126  -75.264  7.237 0.0000000000
10707  -7.586  -74.595  6.815 0.0000000000
9287  -6.761  -76.027  6.705 0.0000000000
9299  -6.699  -76.859  6.256 0.0000000000
9277  -6.468  -76.754  7.056 0.0000000000
114435  -8.387  -88.348  10.933 0.0000000000
2336  -8.084  -88.258  9.664 0.0000000000
1901  -7.832  -88.512  8.669 0.0000000000
2349  -7.537  -88.130  7.927 0.0000000000
2350  -7.879  -88.756  8.037 0.0000000000
118  -12.590  -94.723  -0.706 0.0000000000
117  -11.740  -94.253  -0.914 0.0000000000
124  -11.556  -94.511  -2.005 0.0000000000
302  -10.989  -93.811  -2.843 0.0000000000
132  -11.472  -94.395  -2.671 0.0000000000
17355  -21.952  -66.340  -3.727 0.0000000000
16473  -22.084  -66.797  -3.758 0.0000000000
108093  -21.204  -69.413  -6.623 0.0000000000
128835  -21.830  -68.975  -6.682 0.0000000000
107732  -21.097  -68.444  -6.657 0.0000000000
16524  -21.550  -67.578  -6.837 0.0000000000
109553  -20.073  -68.246  -6.581 0.0000000000
10796  -13.594  -74.390  1.903 0.0000000000
11523  -13.623  -73.830  1.171 0.0000000000
10820  -12.797  -74.293  1.155 0.0000000000
22775  -10.358  -60.307  1.552 0.0000000000
1257  -10.208  -91.238  -14.396 0.0000000000
1683  -10.686  -90.708  -13.842 0.0000000000
1256  -9.538  -91.705  -14.604 0.0000000000
5117  -12.741  -83.163  -4.915 0.0000000000
5619  -13.463  -82.609  -4.802 0.0000000000
5634  -13.971  -82.849  -5.663 0.0000000000
6278  -17.139  -80.354  -10.219 0.0000000000
7468  -16.260  -79.676  -10.200 0.0000000000
6276  -15.466  -80.764  -10.506 0.0000000000
6866  -13.829  -80.710  -10.460 0.0000000000
6275  -14.524  -81.020  -10.557 0.0000000000
983  -15.435  -92.665  -21.113 0.0000000000
984  -15.973  -92.237  -21.694 0.0000000000
987  -16.364  -92.241  -22.338 0.0000000000
111922  -17.229  -86.766  -26.723 0.0000000000
3745  -16.261  -87.036  -27.042 0.0000000000
3732  -16.006  -86.640  -26.531 0.0000000000
113860  -15.250  -86.618  -25.288 0.0000000000
29183  -16.929  -53.342  -9.657 0.0000000000
29184  -17.887  -53.039  -9.609 0.0000000000
29995  -16.229  -52.813  -9.888 0.0000000000
13869  -20.407  -70.361  1.150 0.0000000000
13891  -21.577  -70.651  0.498 0.0000000000
120348  -20.940  -70.732  1.045 0.0000000000
10130  -22.033  -75.613  -4.047 0.0000000000
126406  -22.310  -74.256  -4.375 0.0000000000
10855  -21.971  -74.963  -4.793 0.0000000000
11590  -21.709  -73.940  -5.984 0.0000000000
10169  -20.978  -75.022  -6.146 0.0000000000
11491  -6.492  -73.465  2.529 0.0000000000
11479  -6.639  -73.117  3.007 0.0000000000
12256  -6.355  -72.626  2.649 0.0000000000
26523  -28.615  -56.781  -7.625 0.0000000000
26522  -27.687  -57.051  -7.848 0.0000000000
118006  -27.053  -56.472  -7.916 0.0000000000
116771  -26.770  -57.237  -7.771 0.0000000000
6096  -17.781  -81.533  4.749 0.0000000000
6097  -18.260  -81.171  4.359 0.0000000000
6113  -17.909  -81.621  3.799 0.0000000000
123135  -14.990  -78.858  0.919 0.0000000000
7960  -15.325  -78.571  1.439 0.0000000000
8647  -15.034  -78.073  0.979 0.0000000000
8648  -15.390  -77.215  0.958 0.0000000000
115153  -15.136  -78.380  -5.342 0.0000000000
8042  -15.097  -77.898  -4.965 0.0000000000
8733  -14.505  -77.576  -5.296 0.0000000000
8002  -9.719  -78.340  -1.405 0.0000000000
8672  -10.401  -77.577  -1.439 0.0000000000
7989  -10.012  -78.043  -0.565 0.0000000000
117645  -10.525  -77.459  -0.526 0.0000000000
7978  -9.458  -78.323  0.332 0.0000000000
109950  -9.206  -78.311  1.358 0.0000000000
7342  -8.752  -78.599  0.541 0.0000000000
9423  -8.429  -76.545  -3.627 0.0000000000
9422  -8.096  -76.903  -2.968 0.0000000000
10128  -8.611  -75.761  -3.598 0.0000000000
10127  -8.146  -75.123  -4.082 0.0000000000
10139  -8.510  -75.682  -4.446 0.0000000000
3531  -17.705  -86.573  -10.864 0.0000000000
3543  -18.285  -86.280  -11.524 0.0000000000
3555  -17.961  -86.712  -12.160 0.0000000000
120253  -15.947  -86.539  -18.028 0.0000000000
3633  -15.971  -86.427  -17.371 0.0000000000
128808  -14.839  -87.352  -17.375 0.0000000000
2643  -14.318  -87.769  -17.277 0.0000000000
125474  -14.257  -89.151  -23.117 0.0000000000
123091  -14.228  -88.889  -22.495 0.0000000000
2668  -7.928  -88.387  -21.412 0.0000000000
1759  -8.470  -89.668  -21.090 0.0000000000
2185  -7.918  -89.229  -20.858 0.0000000000
1739  -8.138  -89.848  -20.280 0.0000000000
2177  -7.873  -89.246  -19.917 0.0000000000
2648  -7.943  -88.846  -19.461 0.0000000000
108342  -16.266  -66.937  -1.754 0.0000000000
16432  -15.720  -66.914  -1.092 0.0000000000
13863  -13.965  -71.097  1.098 0.0000000000
110401  -14.662  -70.747  0.700 0.0000000000
114653  -14.989  -71.020  1.663 0.0000000000
13071  -15.312  -71.262  2.508 0.0000000000
13054  -14.757  -71.524  3.065 0.0000000000
10011  -11.807  -75.485  6.529 0.0000000000
10723  -11.948  -74.603  6.020 0.0000000000
10724  -12.694  -74.906  6.596 0.0000000000
10725  -13.519  -75.296  6.909 0.0000000000
9292  -13.710  -76.395  7.133 0.0000000000
8558  -14.334  -77.316  7.068 0.0000000000
125692  -13.443  -77.510  7.027 0.0000000000
6032  -10.872  -81.862  8.148 0.0000000000
6034  -12.703  -81.340  8.756 0.0000000000
5481  -12.087  -82.144  9.697 0.0000000000
5473  -13.800  -82.678  10.418 0.0000000000
118315  -12.190  -82.737  10.490 0.0000000000
127959  -6.805  -80.923  10.918 0.0000000000
118563  -7.146  -82.178  9.175 0.0000000000
108551  -6.830  -82.252  9.998 0.0000000000
3330  -10.093  -86.869  7.350 0.0000000000
2852  -10.734  -87.483  8.111 0.0000000000
124940  -11.113  -87.271  6.775 0.0000000000
3342  -11.651  -87.061  5.905 0.0000000000
3361  -10.330  -86.460  4.781 0.0000000000
122239  -10.318  -86.181  2.289 0.0000000000
118139  -9.693  -86.127  3.047 0.0000000000
2952  -6.545  -87.147  -1.773 0.0000000000
2963  -6.930  -86.999  -2.875 0.0000000000
2477  -7.329  -87.944  -3.182 0.0000000000
2479  -8.998  -88.242  -3.694 0.0000000000
488  -11.601  -92.833  4.720 0.0000000000
473  -11.273  -92.368  5.585 0.0000000000
752  -11.268  -91.899  5.940 0.0000000000
763  -10.887  -92.095  5.416 0.0000000000
1075  -10.092  -91.310  4.354 0.0000000000
486  -10.280  -91.958  4.095 0.0000000000
2010  -11.929  -89.994  -2.385 0.0000000000
1996  -11.685  -89.828  -1.132 0.0000000000
2011  -12.479  -89.357  -2.538 0.0000000000
2012  -12.957  -88.731  -2.640 0.0000000000
2030  -13.272  -88.905  -4.244 0.0000000000
2495  -13.882  -88.699  -4.815 0.0000000000
2038  -13.257  -89.206  -5.107 0.0000000000
1200  -12.018  -91.024  -9.540 0.0000000000
1631  -12.653  -90.565  -9.729 0.0000000000
129635  -12.294  -90.907  -10.008 0.0000000000
1647  -13.167  -90.327  -11.007 0.0000000000
1212  -11.986  -91.307  -10.374 0.0000000000
190  -11.224  -94.206  -13.825 0.0000000000
382  -10.869  -93.911  -13.313 0.0000000000
390  -10.920  -93.918  -14.045 0.0000000000
670  -11.218  -93.425  -15.028 0.0000000000
404  -11.465  -93.652  -15.455 0.0000000000
678  -11.779  -93.283  -16.295 0.0000000000
399  -11.666  -94.019  -15.600 0.0000000000
196  -16.593  -93.482  -14.922 0.0000000000
121594  -16.172  -93.463  -15.600 0.0000000000
206  -17.233  -93.540  -15.534 0.0000000000
120610  -17.771  -93.715  -16.242 0.0000000000
207  -18.128  -93.794  -15.509 0.0000000000
124061  -22.274  -92.113  -14.857 0.0000000000
19225  -26.624  -64.625  -2.555 0.0000000000
20120  -26.437  -63.387  -1.916 0.0000000000
110262  -26.923  -63.957  -2.391 0.0000000000
20138  -27.681  -63.818  -2.726 0.0000000000
124765  -27.929  -64.257  -3.148 0.0000000000
14768  -25.859  -69.232  -2.605 0.0000000000
14781  -25.707  -70.032  -3.576 0.0000000000
18351  -27.644  -66.186  -7.575 0.0000000000
19291  -28.863  -65.301  -7.395 0.0000000000
20183  -28.478  -64.441  -7.647 0.0000000000
20201  -28.276  -63.478  -7.578 0.0000000000
125228  -27.527  -64.399  -7.772 0.0000000000
125898  -21.501  -62.893  -6.902 0.0000000000
21141  -22.800  -62.660  -7.375 0.0000000000
21129  -22.030  -62.378  -7.165 0.0000000000
111095  -22.106  -60.974  -7.293 0.0000000000
22001  -21.608  -61.649  -7.151 0.0000000000
7993  -18.248  -78.881  -1.307 0.0000000000
7377  -18.755  -79.262  -1.690 0.0000000000
8005  -18.442  -78.437  -1.903 0.0000000000
12318  -15.536  -72.493  -2.499 0.0000000000
12319  -16.437  -72.715  -2.782 0.0000000000
13131  -15.803  -72.115  -3.191 0.0000000000
13143  -16.089  -71.643  -3.823 0.0000000000
13141  -14.592  -71.351  -3.342 0.0000000000
16386  -9.112  -68.103  2.340 0.0000000000
116195  -9.371  -68.856  1.886 0.0000000000
16401  -9.455  -67.407  1.544 0.0000000000
18258  -13.348  -64.837  -1.190 0.0000000000
18257  -12.341  -65.358  -1.752 0.0000000000
111102  -13.528  -65.437  -2.649 0.0000000000
18287  -13.795  -65.681  -3.420 0.0000000000
18270  -14.534  -65.270  -2.685 0.0000000000
18288  -16.074  -65.227  -3.202 0.0000000000
19238  -16.221  -64.624  -2.490 0.0000000000
22865  -14.103  -60.149  -5.243 0.0000000000
22866  -14.589  -60.590  -5.645 0.0000000000
23802  -14.223  -59.895  -5.933 0.0000000000
23814  -15.282  -59.807  -6.888 0.0000000000
23813  -14.555  -59.537  -6.595 0.0000000000
24765  -14.637  -58.450  -7.606 0.0000000000
24753  -14.188  -58.856  -6.972 0.0000000000
4714  -17.213  -84.459  -13.252 0.0000000000
4694  -17.349  -84.073  -12.258 0.0000000000
4693  -16.633  -84.794  -12.312 0.0000000000
2062  -10.038  -89.069  -8.472 0.0000000000
3030  -11.192  -87.360  -8.265 0.0000000000
2526  -10.508  -88.121  -8.058 0.0000000000
3016  -9.521  -86.976  -7.911 0.0000000000
2512  -8.686  -88.081  -7.798 0.0000000000
116619  -6.958  -82.957  -11.284 0.0000000000
108694  -7.140  -82.273  -11.051 0.0000000000
110896  -6.923  -82.203  -10.164 0.0000000000
6271  -7.234  -81.453  -10.691 0.0000000000
114699  -7.157  -80.748  -9.740 0.0000000000
114905  -7.278  -80.033  -10.595 0.0000000000
4594  -16.433  -84.153  -5.081 0.0000000000
5119  -16.724  -83.319  -5.368 0.0000000000
5120  -17.619  -82.988  -5.007 0.0000000000
6235  -19.828  -81.626  -6.313 0.0000000000
124477  -19.036  -81.316  -6.065 0.0000000000
111499  -19.131  -81.138  -6.828 0.0000000000
6856  -18.374  -80.387  -8.229 0.0000000000
6246  -19.045  -81.322  -7.766 0.0000000000
449  -17.895  -93.013  -21.905 0.0000000000
696  -17.422  -92.543  -23.273 0.0000000000
702  -18.220  -92.325  -23.112 0.0000000000
107035  -18.820  -90.336  -24.130 0.0000000000
1342  -18.583  -90.750  -24.638 0.0000000000
2241  -19.041  -89.032  -24.924 0.0000000000
2721  -19.547  -88.077  -26.165 0.0000000000
2715  -19.965  -87.895  -25.877 0.0000000000
116132  -26.703  -53.100  -8.917 0.0000000000
29984  -27.108  -52.422  -9.057 0.0000000000
29171  -23.590  -53.679  -9.055 0.0000000000
29982  -24.927  -52.840  -9.056 0.0000000000
29981  -24.156  -52.378  -9.304 0.0000000000
30825  -24.146  -51.636  -9.701 0.0000000000
30002  -22.639  -51.935  -9.548 0.0000000000
119069  -22.337  -52.643  -9.452 0.0000000000
109738  -19.685  -55.217  -9.565 0.0000000000
114587  -20.589  -53.945  -9.532 0.0000000000
28331  -19.164  -54.466  -9.556 0.0000000000
28330  -18.291  -54.631  -9.604 0.0000000000
27464  -17.999  -55.441  -9.596 0.0000000000
11505  -19.824  -73.495  1.991 0.0000000000
11528  -20.627  -73.466  0.626 0.0000000000
11506  -20.257  -73.847  1.283 0.0000000000
10111  -21.076  -75.826  -0.027 0.0000000000
10828  -21.071  -74.973  -0.091 0.0000000000
10112  -21.468  -75.754  -0.816 0.0000000000
10120  -22.049  -76.044  -2.450 0.0000000000
9398  -21.844  -76.479  -1.656 0.0000000000
12293  -7.140  -71.702  -0.723 0.0000000000
116590  -7.174  -71.234  0.194 0.0000000000
25625  -30.174  -57.861  -5.368 0.0000000000
26500  -30.288  -56.739  -5.432 0.0000000000
115989  -30.101  -57.491  -5.825 0.0000000000
25638  -29.793  -57.823  -6.460 0.0000000000
24755  -29.644  -58.624  -6.624 0.0000000000
5527  -15.175  -82.668  4.457 0.0000000000
5540  -14.822  -82.579  3.544 0.0000000000
5539  -14.020  -82.767  3.111 0.0000000000
108756  -13.868  -81.842  0.960 0.0000000000
6721  -14.344  -81.689  1.156 0.0000000000
127459  -14.441  -81.316  0.786 0.0000000000
6738  -14.717  -80.572  0.601 0.0000000000
7343  -14.371  -80.532  0.098 0.0000000000
7431  -11.343  -79.141  -6.736 0.0000000000
109507  -11.848  -78.417  -6.248 0.0000000000
7430  -10.708  -79.453  -6.166 0.0000000000
6803  -9.173  -80.416  -3.964 0.0000000000
6804  -9.716  -79.760  -4.224 0.0000000000
7399  -9.291  -79.727  -3.341 0.0000000000
129430  -9.183  -79.532  -2.746 0.0000000000
117517  -8.437  -79.992  -2.041 0.0000000000
6171  -8.188  -79.736  -1.643 0.0000000000
6182  -8.201  -80.067  -2.268 0.0000000000
6802  -7.097  -79.992  -4.059 0.0000000000
127869  -6.960  -79.406  -3.021 0.0000000000
7398  -6.896  -79.631  -3.686 0.0000000000
114927  -6.857  -78.997  -4.086 0.0000000000
8038  -6.899  -78.980  -4.817 0.0000000000
2589  -17.055  -87.819  -13.850 0.0000000000
3088  -17.936  -87.258  -14.156 0.0000000000
3100  -17.552  -87.682  -14.871 0.0000000000
114018  -17.503  -88.196  -17.316 0.0000000000
117535  -17.957  -87.484  -17.437 0.0000000000
3142  -17.840  -86.979  -18.200 0.0000000000
3643  -17.092  -86.605  -18.630 0.0000000000
3654  -16.969  -86.966  -19.198 0.0000000000
2704  -11.253  -87.162  -25.595 0.0000000000
2696  -10.824  -87.615  -24.878 0.0000000000
125141  -8.661  -86.250  -23.826 0.0000000000
3178  -8.031  -87.333  -22.951 0.0000000000
12203  -9.125  -72.953  5.834 0.0000000000
10023  -8.306  -75.359  4.952 0.0000000000
10738  -8.706  -74.683  4.628 0.0000000000
10024  -9.250  -75.441  4.917 0.0000000000
9302  -9.901  -75.983  5.693 0.0000000000
9288  -9.582  -76.671  5.941 0.0000000000
8555  -10.681  -77.274  6.508 0.0000000000
8567  -9.397  -77.651  5.991 0.0000000000
7265  -7.570  -79.334  6.022 0.0000000000
7266  -8.396  -79.433  5.893 0.0000000000
127357  -8.773  -80.246  5.996 0.0000000000
6667  -9.903  -81.002  6.011 0.0000000000
6665  -8.492  -80.449  6.586 0.0000000000
116434  -7.086  -85.213  11.968 0.0000000000
3868  -7.404  -85.352  11.295 0.0000000000
110258  -7.952  -86.147  11.514 0.0000000000
2823  -8.318  -87.809  9.770 0.0000000000
2824  -8.667  -87.550  10.035 0.0000000000
2837  -8.331  -87.492  8.964 0.0000000000
3318  -8.438  -86.911  8.247 0.0000000000
3328  -8.189  -86.665  7.461 0.0000000000
3920  -7.974  -85.795  5.567 0.0000000000
3338  -7.690  -86.711  6.327 0.0000000000
2872  -7.944  -87.398  5.146 0.0000000000
108918  -7.497  -86.657  5.172 0.0000000000
2891  -7.394  -86.928  3.310 0.0000000000
2903  -7.285  -87.093  2.354 0.0000000000
2892  -8.107  -87.658  3.589 0.0000000000
256  -12.079  -93.398  2.232 0.0000000000
122432  -11.426  -93.370  2.433 0.0000000000
249  -11.336  -92.192  2.682 0.0000000000
254  -11.043  -93.789  2.338 0.0000000000
116558  -10.709  -93.247  1.848 0.0000000000
262  -10.978  -93.894  1.633 0.0000000000
555  -11.138  -93.075  -1.884 0.0000000000
543  -11.606  -92.739  -0.813 0.0000000000
556  -11.282  -92.620  -1.708 0.0000000000
1149  -11.310  -91.579  -2.347 0.0000000000
1148  -10.739  -91.843  -3.299 0.0000000000
111378  -11.156  -90.871  -4.210 0.0000000000
1165  -10.374  -91.868  -4.242 0.0000000000
592  -10.330  -92.066  -5.356 0.0000000000
1172  -10.284  -91.678  -5.241 0.0000000000
1180  -9.960  -91.847  -6.824 0.0000000000
1187  -10.221  -91.502  -7.221 0.0000000000
872  -10.043  -92.187  -7.335 0.0000000000
96  -12.223  -94.790  -11.479 0.0000000000
104  -12.755  -94.524  -13.624 0.0000000000
20103  -22.807  -63.742  -1.086 0.0000000000
19213  -22.480  -64.355  -1.642 0.0000000000
18290  -23.400  -65.393  -3.526 0.0000000000
19240  -23.276  -64.835  -3.528 0.0000000000
18274  -24.509  -65.444  -2.652 0.0000000000
13996  -23.954  -70.705  -6.079 0.0000000000
14813  -24.739  -70.268  -6.036 0.0000000000
14828  -24.027  -69.964  -6.539 0.0000000000
16526  -23.693  -67.709  -7.278 0.0000000000
16527  -24.904  -68.138  -7.371 0.0000000000
16539  -25.563  -67.435  -7.486 0.0000000000
17422  -24.986  -66.333  -7.574 0.0000000000
17421  -24.077  -66.323  -7.390 0.0000000000
108789  -21.542  -66.267  -7.105 0.0000000000
18349  -22.061  -65.604  -7.250 0.0000000000
115900  -21.440  -64.970  -7.170 0.0000000000
19290  -21.748  -64.210  -7.180 0.0000000000
18347  -20.577  -65.214  -6.888 0.0000000000
10090  -17.257  -75.372  1.150 0.0000000000
10104  -17.669  -75.384  -0.003 0.0000000000
126309  -16.866  -74.795  1.430 0.0000000000
11541  -13.692  -73.493  0.055 0.0000000000
11543  -15.506  -73.412  -0.219 0.0000000000
12299  -13.968  -73.138  -0.919 0.0000000000
12307  -14.394  -72.758  -1.646 0.0000000000
121010  -13.682  -72.688  -1.620 0.0000000000
129665  -8.995  -63.706  2.696 0.0000000000
112949  -9.454  -64.250  1.937 0.0000000000
20077  -9.435  -63.212  2.378 0.0000000000
21013  -11.375  -61.780  1.323 0.0000000000
118545  -10.892  -62.795  1.357 0.0000000000
21025  -12.544  -62.487  0.434 0.0000000000
20097  -12.719  -63.434  0.107 0.0000000000
21031  -13.242  -62.511  -0.140 0.0000000000
21037  -13.805  -62.553  -0.894 0.0000000000
21912  -13.392  -61.832  -0.591 0.0000000000
23746  -12.159  -59.394  -1.489 0.0000000000
22823  -12.814  -59.991  -2.078 0.0000000000
23765  -13.056  -59.613  -2.975 0.0000000000
116670  -13.317  -59.622  -3.790 0.0000000000
116450  -12.556  -58.890  -3.004 0.0000000000
24730  -12.570  -58.318  -4.401 0.0000000000
24718  -12.240  -58.329  -3.431 0.0000000000
25591  -10.589  -57.518  -3.734 0.0000000000
2586  -13.275  -88.117  -13.548 0.0000000000
3085  -14.029  -87.284  -13.035 0.0000000000
2576  -12.903  -88.277  -12.878 0.0000000000
1673  -10.583  -90.436  -12.162 0.0000000000
2575  -11.696  -89.256  -11.729 0.0000000000
126344  -10.352  -90.179  -10.723 0.0000000000
2087  -10.783  -89.646  -10.383 0.0000000000
1646  -9.642  -90.587  -10.567 0.0000000000
5590  -11.952  -83.543  -1.494 0.0000000000
6195  -12.801  -83.021  -1.955 0.0000000000
6202  -13.090  -82.710  -2.763 0.0000000000
6218  -13.972  -81.419  -5.193 0.0000000000
6211  -14.099  -81.398  -4.472 0.0000000000
6818  -14.158  -80.595  -5.245 0.0000000000
6819  -14.430  -79.804  -6.223 0.0000000000
5637  -16.046  -81.780  -6.401 0.0000000000
6245  -16.116  -80.967  -7.150 0.0000000000
7451  -14.768  -79.339  -8.984 0.0000000000
7444  -14.970  -79.491  -8.555 0.0000000000
7443  -14.389  -79.243  -8.091 0.0000000000
8079  -14.078  -78.957  -8.250 0.0000000000
7442  -12.799  -78.571  -7.747 0.0000000000
7449  -12.961  -79.383  -8.983 0.0000000000
6253  -11.176  -81.260  -9.298 0.0000000000
6852  -11.384  -80.460  -8.807 0.0000000000
5648  -10.076  -82.319  -8.278 0.0000000000
1288  -15.312  -91.399  -18.806 0.0000000000
1743  -16.087  -91.057  -19.261 0.0000000000
1305  -16.112  -91.347  -19.944 0.0000000000
1329  -16.772  -90.950  -22.228 0.0000000000
1768  -16.970  -90.046  -22.106 0.0000000000
1776  -16.803  -89.993  -22.964 0.0000000000
2215  -16.061  -89.175  -23.344 0.0000000000
124947  -17.008  -91.323  -24.499 0.0000000000
992  -16.860  -91.062  -24.228 0.0000000000
1790  -16.606  -89.833  -24.904 0.0000000000
2713  -14.889  -88.241  -26.222 0.0000000000
108197  -15.299  -88.662  -25.507 0.0000000000
2236  -14.515  -88.344  -25.923 0.0000000000
2233  -14.388  -88.633  -25.299 0.0000000000
2707  -13.848  -88.111  -25.988 0.0000000000
2706  -12.970  -87.584  -26.032 0.0000000000
3200  -13.120  -86.685  -26.796 0.0000000000
3688  -12.478  -86.405  -23.655 0.0000000000
109529  -11.893  -86.293  -24.917 0.0000000000
3673  -11.576  -85.669  -22.848 0.0000000000
30822  -21.352  -51.710  -9.710 0.0000000000
31653  -21.638  -51.040  -10.029 0.0000000000
31652  -21.020  -51.248  -10.064 0.0000000000
30837  -19.034  -51.258  -10.623 0.0000000000
30838  -20.176  -51.153  -10.415 0.0000000000
31672  -19.380  -50.540  -11.026 0.0000000000
15555  -21.086  -68.913  -1.536 0.0000000000
15566  -21.675  -68.415  -1.936 0.0000000000
15556  -21.703  -68.898  -0.640 0.0000000000
13909  -22.864  -70.011  -0.386 0.0000000000
14742  -23.086  -69.285  -0.616 0.0000000000
13921  -23.401  -70.475  -0.986 0.0000000000
112367  -24.056  -70.086  -1.334 0.0000000000
13123  -23.729  -70.827  -1.640 0.0000000000
11547  -21.341  -73.564  -0.752 0.0000000000
12301  -21.511  -72.738  -0.534 0.0000000000
11555  -21.782  -73.203  -1.289 0.0000000000
11569  -22.814  -73.260  -3.630 0.0000000000
12322  -22.783  -72.773  -2.660 0.0000000000
13145  -23.270  -72.634  -3.509 0.0000000000
13146  -23.777  -71.934  -3.319 0.0000000000
13160  -23.666  -72.337  -4.427 0.0000000000
13174  -23.859  -71.920  -5.102 0.0000000000
13173  -23.104  -72.276  -5.539 0.0000000000
125876  -21.667  -72.339  -6.629 0.0000000000
125368  -21.985  -71.778  -6.665 0.0000000000
13188  -21.050  -71.787  -6.845 0.0000000000
13993  -20.794  -70.866  -6.695 0.0000000000
13187  -20.225  -71.397  -6.652 0.0000000000
10792  -9.323  -74.765  1.364 0.0000000000
114225  -9.110  -74.030  1.238 0.0000000000
10791  -8.514  -74.334  1.994 0.0000000000
13050  -7.136  -71.225  3.834 0.0000000000
123672  -7.825  -71.483  3.344 0.0000000000
122632  -7.570  -70.747  3.754 0.0000000000
14693  -8.375  -69.395  3.331 0.0000000000
124051  -7.630  -69.989  3.968 0.0000000000
111002  -6.682  -70.114  1.562 0.0000000000
108501  -6.063  -70.386  2.718 0.0000000000
14707  -6.132  -69.494  2.518 0.0000000000
110487  -5.971  -65.914  3.477 0.0000000000
109204  -5.970  -67.358  3.904 0.0000000000
122105  -6.119  -66.562  4.036 0.0000000000
16371  -7.229  -67.203  4.482 0.0000000000
17244  -6.582  -65.982  4.278 0.0000000000
114728  -7.671  -64.948  3.746 0.0000000000
19124  -6.597  -64.838  4.086 0.0000000000
1754  -22.158  -90.634  -20.275 0.0000000000
1764  -21.663  -90.757  -21.147 0.0000000000
1325  -22.628  -91.021  -21.395 0.0000000000
126465  -29.190  -54.342  -7.424 0.0000000000
29161  -27.922  -53.783  -8.286 0.0000000000
26520  -25.675  -56.478  -7.753 0.0000000000
27444  -25.572  -55.791  -7.925 0.0000000000
26519  -24.990  -56.231  -8.054 0.0000000000
26532  -24.299  -55.883  -8.406 0.0000000000
25665  -24.313  -56.748  -8.226 0.0000000000
118444  -18.877  -78.819  3.578 0.0000000000
113700  -19.285  -78.971  2.976 0.0000000000
7297  -19.169  -79.656  3.188 0.0000000000
6134  -18.322  -81.439  2.267 0.0000000000
6741  -19.051  -80.996  1.745 0.0000000000
108947  -18.496  -80.872  -0.039 0.0000000000
6758  -17.698  -81.010  0.334 0.0000000000
6111  -15.613  -82.081  2.569 0.0000000000
6132  -16.534  -81.860  2.455 0.0000000000
6131  -15.815  -81.553  1.903 0.0000000000
7961  -16.278  -78.985  1.855 0.0000000000
6724  -16.078  -80.165  1.449 0.0000000000
115663  -17.253  -79.449  0.577 0.0000000000
7962  -16.954  -78.752  1.589 0.0000000000
8630  -17.143  -77.785  1.712 0.0000000000
9361  -16.723  -77.260  2.123 0.0000000000
118210  -14.985  -75.224  1.959 0.0000000000
10060  -14.445  -74.970  2.232 0.0000000000
10087  -14.468  -75.356  1.807 0.0000000000
6786  -13.975  -81.647  -1.747 0.0000000000
116136  -13.557  -81.900  -1.140 0.0000000000
6787  -14.425  -80.797  -1.778 0.0000000000
128622  -15.320  -78.612  -2.816 0.0000000000
8018  -15.116  -79.065  -2.207 0.0000000000
8004  -15.156  -78.025  -1.784 0.0000000000
8716  -11.665  -77.615  -4.683 0.0000000000
8717  -12.588  -77.068  -4.604 0.0000000000
8689  -12.607  -76.636  -3.845 0.0000000000
9408  -11.916  -76.374  -2.284 0.0000000000
9409  -12.847  -76.012  -2.570 0.0000000000
9395  -13.544  -75.712  -1.956 0.0000000000
9396  -14.758  -76.077  -1.694 0.0000000000
10117  -14.132  -75.686  -1.375 0.0000000000
122338  -14.510  -75.839  -0.886 0.0000000000
9384  -13.404  -75.722  -1.050 0.0000000000
120751  -11.639  -76.792  0.888 0.0000000000
9373  -12.616  -76.164  1.311 0.0000000000
9358  -11.777  -76.734  2.055 0.0000000000
9359  -12.503  -76.108  2.168 0.0000000000
111361  -11.843  -76.256  2.282 0.0000000000
10058  -10.587  -76.331  2.310 0.0000000000
9340  -11.081  -76.707  2.365 0.0000000000
8606  -7.671  -77.644  2.431 0.0000000000
9337  -7.964  -76.948  2.639 0.0000000000
9336  -7.021  -76.946  2.539 0.0000000000
10771  -6.780  -75.211  2.633 0.0000000000
10054  -6.602  -76.065  2.281 0.0000000000
7357  -7.497  -78.738  -0.981 0.0000000000
7977  -7.493  -78.235  -0.035 0.0000000000
107707  -7.192  -78.178  -0.695 0.0000000000
10115  -7.958  -75.454  -1.300 0.0000000000
9391  -7.568  -76.153  -0.718 0.0000000000
10108  -7.419  -75.392  -0.388 0.0000000000
122800  -7.205  -74.772  -0.141 0.0000000000
10825  -7.309  -74.129  -0.315 0.0000000000
11537  -7.290  -73.405  -0.464 0.0000000000
128373  -7.645  -73.856  -1.014 0.0000000000
11558  -7.222  -73.477  -2.487 0.0000000000
4104  -18.737  -85.701  -8.121 0.0000000000
4105  -19.404  -85.169  -8.504 0.0000000000
4114  -18.821  -85.642  -9.011 0.0000000000
4163  -19.652  -85.035  -12.807 0.0000000000
4143  -19.639  -84.940  -11.966 0.0000000000
119332  -19.776  -83.647  -13.435 0.0000000000
129335  -19.330  -83.380  -13.591 0.0000000000
5203  -19.245  -83.744  -14.128 0.0000000000
3593  -18.974  -86.288  -15.360 0.0000000000
3594  -19.250  -85.826  -14.875 0.0000000000
3611  -18.897  -85.850  -16.133 0.0000000000
3610  -16.495  -85.830  -16.252 0.0000000000
4217  -17.242  -85.186  -15.887 0.0000000000
3592  -16.348  -85.812  -15.280 0.0000000000
4198  -16.915  -85.177  -14.823 0.0000000000
118157  -15.587  -86.429  -14.743 0.0000000000
3590  -14.936  -86.951  -14.221 0.0000000000
3115  -15.017  -87.124  -15.211 0.0000000000
2632  -13.083  -88.891  -16.312 0.0000000000
2612  -12.987  -88.847  -15.415 0.0000000000
109214  -12.424  -89.373  -15.890 0.0000000000
2141  -11.801  -89.825  -15.521 0.0000000000
110559  -11.749  -89.902  -16.395 0.0000000000
2180  -17.096  -89.158  -20.062 0.0000000000
2181  -17.218  -89.238  -19.051 0.0000000000
2665  -16.606  -88.405  -20.643 0.0000000000
2670  -14.460  -88.050  -21.211 0.0000000000
3169  -15.201  -87.735  -20.848 0.0000000000
3168  -14.790  -87.549  -20.442 0.0000000000
3157  -15.069  -87.249  -19.808 0.0000000000
2663  -13.985  -87.988  -20.489 0.0000000000
2210  -10.579  -89.251  -23.081 0.0000000000
122093  -12.005  -89.607  -22.801 0.0000000000
2203  -11.163  -89.672  -22.443 0.0000000000
2186  -11.529  -89.795  -20.698 0.0000000000
109118  -12.052  -89.353  -19.933 0.0000000000
2179  -12.789  -88.787  -19.868 0.0000000000
126878  -12.419  -89.079  -19.308 0.0000000000
2172  -12.434  -89.140  -18.561 0.0000000000
119924  -11.258  -90.077  -18.717 0.0000000000
1729  -8.637  -90.765  -18.772 0.0000000000
112905  -9.369  -90.902  -18.365 0.0000000000
126857  -8.702  -91.032  -18.352 0.0000000000
1285  -9.529  -91.218  -17.594 0.0000000000
1283  -8.170  -91.450  -17.481 0.0000000000
1282  -7.950  -91.213  -17.301 0.0000000000
1720  -7.808  -90.593  -17.775 0.0000000000
128820  -21.072  -90.397  -22.958 0.0000000000
1778  -20.691  -90.091  -23.250 0.0000000000
2218  -21.249  -89.635  -23.400 0.0000000000
109485  -21.061  -66.242  -0.363 0.0000000000
16423  -17.720  -67.190  -0.106 0.0000000000
16435  -19.176  -66.736  -1.286 0.0000000000
113790  -18.367  -66.657  -1.818 0.0000000000
111938  -18.664  -67.361  -3.452 0.0000000000
16442  -17.821  -66.930  -2.764 0.0000000000
14750  -17.140  -69.400  -2.410 0.0000000000
14764  -17.425  -68.730  -3.056 0.0000000000
14751  -18.164  -69.848  -2.263 0.0000000000
13920  -18.207  -70.134  -1.207 0.0000000000
15554  -14.128  -67.928  -1.232 0.0000000000
15563  -14.708  -68.071  -1.933 0.0000000000
14736  -14.183  -68.726  -1.412 0.0000000000
13886  -16.272  -70.478  0.628 0.0000000000
110694  -16.004  -70.157  -0.315 0.0000000000
117498  -17.226  -70.498  0.912 0.0000000000
13887  -18.074  -70.303  0.554 0.0000000000
13866  -17.987  -70.751  1.525 0.0000000000
13075  -19.256  -71.820  2.304 0.0000000000
13091  -17.857  -71.257  2.214 0.0000000000
12244  -17.485  -72.517  3.578 0.0000000000
12245  -18.294  -72.841  3.483 0.0000000000
11482  -17.843  -73.210  4.043 0.0000000000
10764  -18.584  -74.239  3.824 0.0000000000
11470  -18.059  -73.904  4.273 0.0000000000
14682  -11.595  -69.312  3.599 0.0000000000
14695  -11.671  -69.825  2.875 0.0000000000
13847  -11.406  -70.560  1.960 0.0000000000
123100  -11.334  -71.336  1.722 0.0000000000
12205  -9.976  -72.455  4.602 0.0000000000
13035  -10.471  -71.770  4.305 0.0000000000
12218  -10.109  -72.649  3.447 0.0000000000
11450  -12.648  -73.585  5.125 0.0000000000
11481  -11.397  -73.139  2.910 0.0000000000
12219  -12.471  -72.826  3.179 0.0000000000
12240  -13.255  -72.206  2.953 0.0000000000
12220  -13.584  -72.434  3.963 0.0000000000
12221  -14.484  -72.384  4.287 0.0000000000
11466  -14.760  -72.987  4.938 0.0000000000
10727  -15.789  -74.967  6.476 0.0000000000
11451  -15.989  -74.030  5.648 0.0000000000
10027  -17.005  -75.365  5.754 0.0000000000
10028  -17.556  -75.273  5.146 0.0000000000
120234  -17.332  -76.013  5.411 0.0000000000
9309  -17.500  -76.701  4.741 0.0000000000
9304  -16.846  -76.817  5.445 0.0000000000
7898  -15.416  -78.369  6.695 0.0000000000
7899  -16.248  -78.357  6.051 0.0000000000
109174  -16.783  -79.081  6.013 0.0000000000
7253  -17.335  -80.004  6.198 0.0000000000
7252  -16.560  -79.540  6.702 0.0000000000
7896  -11.906  -79.171  6.448 0.0000000000
8569  -12.613  -78.713  6.660 0.0000000000
6685  -12.353  -79.749  6.807 0.0000000000
118253  -14.177  -80.832  8.784 0.0000000000
111455  -14.746  -80.239  8.267 0.0000000000
123397  -15.809  -80.530  8.396 0.0000000000
6653  -16.579  -80.805  7.854 0.0000000000
6038  -16.428  -81.434  8.230 0.0000000000
5507  -16.377  -82.049  7.742 0.0000000000
5506  -15.886  -82.460  8.169 0.0000000000
4995  -14.319  -83.855  8.962 0.0000000000
122059  -14.266  -83.483  6.506 0.0000000000
5010  -13.549  -83.767  6.265 0.0000000000
5025  -12.574  -83.391  4.634 0.0000000000
5009  -12.935  -84.086  5.882 0.0000000000
7866  -7.331  -78.085  8.631 0.0000000000
7875  -6.665  -78.253  7.755 0.0000000000
112558  -6.946  -78.992  8.123 0.0000000000
5501  -7.629  -82.346  8.619 0.0000000000
6045  -7.783  -81.263  8.055 0.0000000000
128328  -8.341  -82.360  8.331 0.0000000000
120432  -8.715  -82.318  8.004 0.0000000000
5002  -8.609  -82.891  8.199 0.0000000000
4446  -8.245  -85.034  10.314 0.0000000000
4456  -7.662  -84.277  9.647 0.0000000000
3887  -8.943  -85.146  10.278 0.0000000000
3298  -11.327  -86.481  11.020 0.0000000000
112445  -9.879  -85.309  10.805 0.0000000000
4448  -10.553  -84.607  11.114 0.0000000000
4971  -10.162  -83.927  10.528 0.0000000000
4437  -12.164  -84.924  11.317 0.0000000000
4449  -12.708  -84.885  10.710 0.0000000000
3888  -12.439  -85.794  10.305 0.0000000000
3922  -12.362  -85.945  4.790 0.0000000000
3912  -12.732  -86.113  6.586 0.0000000000
119767  -12.488  -84.889  4.695 0.0000000000
4495  -12.614  -84.342  3.917 0.0000000000
4518  -12.197  -84.664  2.043 0.0000000000
119135  -11.709  -84.426  0.488 0.0000000000
5049  -11.712  -84.696  1.175 0.0000000000
4545  -10.362  -84.804  -0.661 0.0000000000
5071  -10.364  -83.875  -1.013 0.0000000000
5081  -9.972  -84.001  -1.488 0.0000000000
5091  -10.766  -83.738  -3.224 0.0000000000
4564  -10.185  -84.204  -3.626 0.0000000000
3977  -7.062  -84.932  1.743 0.0000000000
3978  -7.976  -85.211  1.526 0.0000000000
3997  -7.110  -85.098  0.094 0.0000000000
4048  -8.463  -86.185  -4.393 0.0000000000
4061  -9.639  -86.270  -5.659 0.0000000000
4588  -11.008  -85.109  -5.808 0.0000000000
4063  -11.572  -85.854  -6.180 0.0000000000
116437  -13.549  -85.950  -5.688 0.0000000000
2984  -12.459  -86.813  -5.404 0.0000000000
3453  -13.723  -85.571  -3.506 0.0000000000
4558  -14.914  -85.242  -2.766 0.0000000000
4560  -16.430  -84.873  -2.790 0.0000000000
4034  -15.129  -85.499  -2.500 0.0000000000
1452  -11.868  -90.252  7.801 0.0000000000
1451  -11.223  -90.024  8.546 0.0000000000
1450  -10.099  -89.826  8.747 0.0000000000
1906  -10.604  -89.455  7.077 0.0000000000
129006  -9.568  -89.162  7.209 0.0000000000
1913  -10.058  -89.074  6.376 0.0000000000
1516  -8.987  -90.299  2.516 0.0000000000
1935  -9.429  -89.087  3.898 0.0000000000
1504  -8.789  -89.558  2.621 0.0000000000
1960  -7.712  -89.368  1.554 0.0000000000
1522  -7.527  -90.170  0.844 0.0000000000
524  -9.804  -92.499  1.056 0.0000000000
798  -9.224  -92.096  1.208 0.0000000000
810  -9.418  -91.973  0.667 0.0000000000
1528  -10.116  -89.552  0.140 0.0000000000
114576  -9.167  -90.355  -0.199 0.0000000000
1978  -8.759  -89.806  -0.643 0.0000000000
1564  -8.000  -90.158  -1.144 0.0000000000
1995  -8.937  -89.203  -1.087 0.0000000000
2470  -10.115  -87.905  -1.691 0.0000000000
2939  -11.083  -87.826  -0.373 0.0000000000
2473  -13.963  -87.688  -2.697 0.0000000000
2955  -13.535  -87.182  -1.837 0.0000000000
2975  -15.536  -87.138  -3.378 0.0000000000
3455  -16.945  -86.633  -3.563 0.0000000000
2986  -16.642  -87.190  -4.515 0.0000000000
3483  -17.744  -86.581  -5.834 0.0000000000
2994  -16.576  -87.436  -5.595 0.0000000000
3001  -15.737  -87.977  -6.916 0.0000000000
3018  -16.347  -87.547  -7.421 0.0000000000
3033  -16.245  -87.573  -8.333 0.0000000000
3044  -17.025  -86.894  -9.426 0.0000000000
3043  -16.451  -87.367  -9.279 0.0000000000
1598  -11.971  -90.059  -6.406 0.0000000000
2044  -13.442  -89.447  -6.548 0.0000000000
124998  -13.278  -89.702  -7.305 0.0000000000
2090  -14.382  -89.067  -10.431 0.0000000000
2078  -14.454  -88.950  -9.553 0.0000000000
2547  -14.841  -88.643  -10.243 0.0000000000
2549  -15.815  -87.934  -10.914 0.0000000000
2559  -15.396  -88.343  -11.326 0.0000000000
2578  -16.210  -87.993  -12.439 0.0000000000
2103  -14.862  -88.785  -11.713 0.0000000000
1675  -13.788  -90.132  -12.683 0.0000000000
2125  -14.824  -89.332  -13.226 0.0000000000
2135  -14.779  -89.677  -14.074 0.0000000000
1695  -14.171  -90.423  -14.256 0.0000000000
129130  -11.233  -93.725  -3.967 0.0000000000
161  -10.515  -94.274  -7.387 0.0000000000
157  -10.042  -93.926  -6.655 0.0000000000
344  -10.192  -93.431  -8.097 0.0000000000
886  -10.045  -92.812  -8.319 0.0000000000
621  -9.999  -93.283  -8.770 0.0000000000
76  -12.241  -94.686  -9.666 0.0000000000
75  -11.604  -94.261  -9.031 0.0000000000
176  -11.316  -94.444  -10.400 0.0000000000
653  -10.800  -93.541  -12.002 0.0000000000
370  -10.827  -93.577  -11.198 0.0000000000
644  -10.615  -93.300  -11.218 0.0000000000
913  -10.692  -92.765  -11.043 0.0000000000
914  -11.062  -92.623  -11.747 0.0000000000
1239  -12.108  -91.645  -12.079 0.0000000000
925  -11.945  -92.181  -12.953 0.0000000000
952  -12.306  -92.346  -15.455 0.0000000000
1258  -12.867  -91.841  -14.807 0.0000000000
1266  -13.070  -91.740  -15.567 0.0000000000
1267  -13.846  -91.237  -15.641 0.0000000000
1277  -13.330  -91.655  -16.364 0.0000000000
1287  -14.485  -91.306  -17.355 0.0000000000
112241  -13.631  -91.608  -17.061 0.0000000000
969  -12.433  -92.941  -18.239 0.0000000000
970  -12.830  -92.712  -18.617 0.0000000000
974  -12.789  -93.018  -18.768 0.0000000000
978  -13.998  -93.101  -20.081 0.0000000000
686  -13.618  -93.465  -19.538 0.0000000000
203  -13.862  -94.289  -14.897 0.0000000000
407  -13.052  -93.801  -16.252 0.0000000000
113010  -13.950  -93.917  -15.728 0.0000000000
129350  -15.850  -93.699  -17.870 0.0000000000
414  -15.126  -93.539  -17.712 0.0000000000
124694  -15.380  -93.882  -18.533 0.0000000000
427  -15.128  -94.262  -19.851 0.0000000000
232  -15.984  -94.234  -19.845 0.0000000000
434  -16.367  -93.854  -20.436 0.0000000000
233  -16.901  -94.009  -19.832 0.0000000000
225  -18.557  -93.716  -18.392 0.0000000000
230  -18.178  -93.800  -19.068 0.0000000000
231  -18.885  -93.621  -18.966 0.0000000000
438  -19.429  -93.330  -19.491 0.0000000000
114377  -19.739  -93.419  -18.917 0.0000000000
668  -18.950  -93.370  -13.948 0.0000000000
389  -19.520  -93.565  -14.559 0.0000000000
199  -19.219  -94.017  -15.196 0.0000000000
397  -20.060  -93.624  -15.097 0.0000000000
679  -22.253  -93.408  -15.943 0.0000000000
410  -21.608  -93.840  -16.246 0.0000000000
122280  -21.953  -93.455  -16.880 0.0000000000
683  -21.026  -93.301  -18.185 0.0000000000
973  -21.574  -92.514  -18.001 0.0000000000
1298  -21.296  -91.693  -18.514 0.0000000000
966  -22.333  -92.507  -17.325 0.0000000000
1290  -23.942  -91.789  -17.351 0.0000000000
21061  -28.591  -61.945  -2.784 0.0000000000
22849  -29.637  -61.511  -4.083 0.0000000000
16458  -23.526  -67.069  -2.336 0.0000000000
16445  -23.909  -67.708  -1.671 0.0000000000
15585  -26.351  -68.483  -2.900 0.0000000000
16460  -26.075  -67.547  -2.543 0.0000000000
16461  -26.513  -66.971  -2.890 0.0000000000
17345  -26.373  -66.156  -2.715 0.0000000000
16474  -26.952  -67.226  -3.489 0.0000000000
15624  -26.754  -69.206  -6.371 0.0000000000
14796  -26.519  -69.404  -5.109 0.0000000000
111976  -26.955  -68.702  -5.596 0.0000000000
17388  -28.246  -66.700  -5.756 0.0000000000
17370  -27.940  -66.868  -4.989 0.0000000000
18308  -28.409  -66.182  -4.988 0.0000000000
128504  -28.947  -64.107  -3.994 0.0000000000
19261  -28.937  -64.753  -4.513 0.0000000000
111247  -29.670  -63.115  -6.568 0.0000000000
21113  -29.805  -63.140  -5.225 0.0000000000
123755  -30.055  -61.424  -5.006 0.0000000000
21985  -30.052  -61.640  -5.733 0.0000000000
112664  -30.097  -60.665  -6.137 0.0000000000
22894  -29.959  -61.206  -6.234 0.0000000000
22918  -28.423  -61.065  -7.338 0.0000000000
23818  -29.202  -60.695  -7.041 0.0000000000
23850  -28.613  -59.330  -7.368 0.0000000000
22917  -27.753  -60.434  -7.527 0.0000000000
129182  -25.132  -64.459  -7.540 0.0000000000
114616  -25.286  -63.094  -7.471 0.0000000000
122246  -24.744  -61.213  -7.266 0.0000000000
22019  -25.616  -61.366  -7.376 0.0000000000
22915  -25.187  -60.560  -7.276 0.0000000000
23847  -25.796  -59.763  -7.394 0.0000000000
22893  -24.772  -59.834  -7.303 0.0000000000
108901  -25.150  -59.023  -7.330 0.0000000000
22914  -21.805  -60.185  -7.591 0.0000000000
23845  -23.454  -59.263  -7.568 0.0000000000
115218  -22.022  -59.443  -7.939 0.0000000000
24795  -22.282  -58.156  -8.466 0.0000000000
23868  -21.089  -58.792  -8.435 0.0000000000
7964  -20.453  -78.703  0.828 0.0000000000
8650  -20.682  -77.987  0.573 0.0000000000
7347  -20.700  -78.764  0.084 0.0000000000
8021  -19.616  -78.837  -2.570 0.0000000000
8022  -20.340  -78.722  -2.621 0.0000000000
8693  -20.692  -78.184  -3.289 0.0000000000
8709  -21.054  -77.720  -3.945 0.0000000000
8707  -19.710  -77.619  -4.087 0.0000000000
10827  -17.981  -74.957  -0.945 0.0000000000
9397  -18.386  -76.359  -2.075 0.0000000000
10835  -18.040  -74.705  -1.685 0.0000000000
11567  -18.124  -73.620  -3.653 0.0000000000
123471  -18.407  -74.582  -3.295 0.0000000000
10847  -18.787  -74.734  -4.111 0.0000000000
10848  -19.211  -75.424  -5.036 0.0000000000
10854  -19.066  -74.528  -5.016 0.0000000000
11576  -19.240  -74.016  -5.634 0.0000000000
108817  -16.900  -70.854  -4.898 0.0000000000
13159  -17.966  -71.608  -5.036 0.0000000000
13959  -17.551  -70.908  -5.155 0.0000000000
13978  -18.508  -70.378  -5.929 0.0000000000
14810  -17.412  -69.466  -5.714 0.0000000000
12282  -9.610  -72.836  0.439 0.0000000000
129776  -10.610  -73.435  -0.181 0.0000000000
12283  -10.185  -72.525  -0.201 0.0000000000
14721  -10.237  -69.693  -0.011 0.0000000000
13881  -10.265  -70.619  -0.293 0.0000000000
14734  -10.658  -69.909  -0.716 0.0000000000
13901  -11.347  -70.919  -1.549 0.0000000000
13915  -11.114  -70.138  -1.335 0.0000000000
18243  -9.722  -65.819  0.791 0.0000000000
17309  -10.011  -66.466  0.357 0.0000000000
17318  -10.352  -66.394  -0.341 0.0000000000
17337  -11.673  -66.549  -2.278 0.0000000000
116095  -11.450  -67.220  -2.136 0.0000000000
15577  -11.613  -68.102  -2.197 0.0000000000
14761  -11.927  -68.939  -2.442 0.0000000000
115953  -12.853  -68.497  -3.419 0.0000000000
14777  -13.290  -69.417  -3.606 0.0000000000
15594  -13.508  -68.509  -3.924 0.0000000000
16504  -15.418  -67.163  -5.388 0.0000000000
16483  -14.874  -67.977  -5.021 0.0000000000
111930  -17.332  -68.567  -5.947 0.0000000000
116406  -17.184  -67.718  -6.070 0.0000000000
16521  -17.845  -67.234  -6.282 0.0000000000
128171  -17.743  -66.552  -6.165 0.0000000000
18307  -17.624  -65.069  -4.872 0.0000000000
18327  -18.436  -65.320  -5.905 0.0000000000
116116  -18.468  -64.648  -5.484 0.0000000000
19287  -19.489  -64.305  -6.219 0.0000000000
19272  -18.442  -63.688  -5.218 0.0000000000
21077  -14.998  -62.694  -2.865 0.0000000000
21078  -15.935  -63.055  -3.032 0.0000000000
21094  -16.023  -62.719  -3.974 0.0000000000
21997  -16.278  -61.312  -6.295 0.0000000000
21109  -16.843  -62.560  -5.152 0.0000000000
21124  -17.773  -62.155  -6.121 0.0000000000
21125  -18.609  -62.236  -6.307 0.0000000000
114294  -18.124  -61.616  -6.665 0.0000000000
22888  -19.412  -61.046  -7.180 0.0000000000
22887  -18.514  -61.053  -7.120 0.0000000000
24768  -17.258  -59.291  -8.006 0.0000000000
23840  -18.415  -59.861  -7.837 0.0000000000
109511  -18.253  -58.790  -8.415 0.0000000000
24791  -18.930  -58.570  -8.562 0.0000000000
111724  -18.197  -58.136  -8.697 0.0000000000
25660  -17.350  -57.700  -8.815 0.0000000000
25679  -16.063  -56.896  -9.219 0.0000000000
26529  -15.202  -56.599  -9.057 0.0000000000
26539  -15.752  -56.050  -9.413 0.0000000000
26528  -14.374  -56.176  -8.708 0.0000000000
25624  -11.865  -57.372  -5.920 0.0000000000
24751  -12.710  -57.901  -6.321 0.0000000000
25636  -12.061  -57.007  -6.761 0.0000000000
27452  -11.904  -54.688  -8.404 0.0000000000
27443  -12.098  -55.137  -7.719 0.0000000000
4648  -20.814  -83.391  -9.676 0.0000000000
5155  -20.950  -83.368  -8.822 0.0000000000
5178  -20.681  -82.800  -10.224 0.0000000000
5176  -17.930  -83.402  -10.208 0.0000000000
5167  -18.388  -82.950  -9.457 0.0000000000
5166  -17.399  -83.450  -9.173 0.0000000000
120985  -17.207  -83.027  -8.840 0.0000000000
5152  -16.512  -83.676  -8.889 0.0000000000
3540  -13.891  -86.928  -11.207 0.0000000000
123661  -14.919  -86.058  -11.384 0.0000000000
3529  -13.803  -86.667  -10.246 0.0000000000
3512  -12.987  -85.921  -8.779 0.0000000000
4102  -14.165  -85.130  -8.699 0.0000000000
4630  -13.771  -84.581  -8.706 0.0000000000
5150  -14.442  -84.075  -8.726 0.0000000000
4643  -13.077  -84.085  -9.165 0.0000000000
5164  -12.443  -83.593  -9.708 0.0000000000
4642  -12.261  -84.294  -9.391 0.0000000000
4096  -8.565  -85.858  -8.220 0.0000000000
4640  -9.669  -84.758  -9.399 0.0000000000
4618  -8.412  -85.235  -7.675 0.0000000000
4603  -8.551  -84.515  -6.834 0.0000000000
4077  -7.902  -85.233  -6.647 0.0000000000
921  -7.584  -92.003  -13.418 0.0000000000
1671  -6.682  -90.842  -12.946 0.0000000000
2571  -6.056  -88.638  -12.205 0.0000000000
2098  -6.292  -90.263  -11.444 0.0000000000
111416  -6.135  -89.435  -11.513 0.0000000000
1628  -7.141  -89.942  -9.655 0.0000000000
2556  -6.333  -88.661  -11.080 0.0000000000
4669  -6.526  -84.655  -11.287 0.0000000000
4138  -6.368  -85.354  -11.509 0.0000000000
117218  -6.393  -86.373  -10.429 0.0000000000
111539  -6.597  -87.172  -10.113 0.0000000000
3521  -6.524  -86.659  -9.479 0.0000000000
3012  -6.966  -87.162  -7.663 0.0000000000
4111  -6.158  -85.300  -8.976 0.0000000000
5143  -6.211  -83.451  -7.622 0.0000000000
111793  -6.176  -84.314  -7.745 0.0000000000
5128  -6.736  -83.622  -6.126 0.0000000000
5631  -6.561  -82.664  -6.385 0.0000000000
5616  -6.731  -82.145  -5.650 0.0000000000
108334  -6.447  -81.998  -7.063 0.0000000000
7439  -7.114  -79.623  -7.904 0.0000000000
7428  -6.951  -79.598  -7.022 0.0000000000
7440  -7.511  -79.040  -7.655 0.0000000000
8058  -7.915  -78.334  -6.682 0.0000000000
8760  -8.368  -77.723  -7.737 0.0000000000
112377  -6.745  -78.045  -11.088 0.0000000000
10177  -7.901  -75.511  -7.704 0.0000000000
5093  -17.482  -84.194  -3.800 0.0000000000
5610  -18.466  -82.975  -4.787 0.0000000000
5611  -19.213  -83.035  -4.783 0.0000000000
5625  -20.320  -82.622  -5.517 0.0000000000
6248  -20.522  -81.900  -6.900 0.0000000000
454  -18.399  -92.686  -21.778 0.0000000000
126383  -18.384  -92.169  -23.285 0.0000000000
991  -18.604  -91.796  -22.933 0.0000000000
123707  -18.917  -90.629  -23.574 0.0000000000
1787  -19.234  -90.183  -23.695 0.0000000000
122726  -25.070  -54.521  -8.282 0.0000000000
29173  -25.156  -53.626  -8.568 0.0000000000
118658  -24.359  -54.061  -8.636 0.0000000000
115586  -22.313  -54.071  -9.500 0.0000000000
29188  -21.930  -53.400  -9.514 0.0000000000
27467  -20.657  -55.053  -9.567 0.0000000000
117771  -19.321  -56.018  -9.486 0.0000000000
10800  -19.947  -74.905  2.023 0.0000000000
10801  -20.279  -74.710  1.313 0.0000000000
10092  -20.228  -75.509  1.488 0.0000000000
118583  -20.460  -76.113  1.061 0.0000000000
10105  -20.811  -76.377  0.416 0.0000000000
5538  -13.277  -83.092  3.666 0.0000000000
6130  -13.711  -82.641  2.019 0.0000000000
121042  -13.816  -81.495  0.047 0.0000000000
6217  -9.772  -80.946  -6.099 0.0000000000
6817  -10.158  -80.065  -5.949 0.0000000000
129519  -9.311  -80.885  -4.992 0.0000000000
6209  -9.090  -81.142  -4.463 0.0000000000
6200  -8.724  -80.895  -3.769 0.0000000000
6192  -8.102  -79.960  -3.037 0.0000000000
5594  -8.133  -80.815  -4.151 0.0000000000
5599  -7.844  -81.096  -4.695 0.0000000000
6207  -7.111  -80.764  -4.691 0.0000000000
2614  -16.608  -88.495  -15.536 0.0000000000
2615  -17.247  -88.074  -15.597 0.0000000000
110292  -16.946  -88.421  -16.092 0.0000000000
2634  -16.969  -88.608  -16.753 0.0000000000
2644  -17.571  -87.940  -18.163 0.0000000000
3702  -10.559  -86.226  -23.993 0.0000000000
3701  -9.845  -85.895  -23.918 0.0000000000
11433  -8.721  -73.239  6.806 0.0000000000
11447  -8.635  -73.465  5.986 0.0000000000
10722  -8.113  -74.094  6.232 0.0000000000
10022  -7.536  -75.325  5.447 0.0000000000
9301  -7.948  -76.094  5.276 0.0000000000
8566  -8.312  -77.735  5.753 0.0000000000
119716  -7.022  -77.042  5.836 0.0000000000
8564  -6.785  -77.662  6.022 0.0000000000
7248  -7.212  -79.004  6.342 0.0000000000
3284  -8.236  -86.762  11.852 0.0000000000
2813  -8.438  -87.331  11.385 0.0000000000
2335  -8.298  -87.874  10.664 0.0000000000
2851  -7.493  -87.413  7.642 0.0000000000
2864  -7.500  -87.225  6.807 0.0000000000
2367  -7.774  -87.592  6.381 0.0000000000
2378  -8.420  -88.019  5.700 0.0000000000
107  -12.103  -94.640  1.540 0.0000000000
271  -11.271  -94.029  0.949 0.0000000000
278  -11.764  -94.027  0.077 0.0000000000
283  -11.375  -93.485  -1.530 0.0000000000
292  -10.949  -93.333  -2.539 0.0000000000
845  -10.575  -92.378  -3.440 0.0000000000
581  -10.591  -92.416  -3.875 0.0000000000
580  -10.492  -92.310  -4.623 0.0000000000
311  -10.470  -92.669  -5.188 0.0000000000
18259  -21.611  -65.551  -2.399 0.0000000000
18260  -22.207  -64.877  -2.473 0.0000000000
18271  -22.075  -65.535  -3.352 0.0000000000
18289  -22.773  -65.585  -3.756 0.0000000000
17356  -23.263  -65.986  -3.563 0.0000000000
15638  -23.768  -69.239  -6.971 0.0000000000
107733  -22.654  -69.108  -6.908 0.0000000000
108138  -23.116  -68.387  -7.091 0.0000000000
16525  -22.561  -67.425  -7.048 0.0000000000
17405  -23.331  -66.672  -7.262 0.0000000000
17403  -21.073  -66.865  -6.902 0.0000000000
107731  -20.207  -66.772  -6.748 0.0000000000
10798  -15.587  -74.437  2.044 0.0000000000
11504  -15.866  -73.968  1.475 0.0000000000
11503  -15.068  -73.882  1.734 0.0000000000
11524  -14.433  -73.608  1.026 0.0000000000
11540  -12.761  -73.425  -0.558 0.0000000000
21012  -10.031  -62.533  2.118 0.0000000000
21890  -10.875  -60.936  1.586 0.0000000000
22783  -12.080  -60.831  0.323 0.0000000000
22795  -12.468  -60.614  -0.434 0.0000000000
23730  -11.443  -59.261  -0.703 0.0000000000
23763  -11.888  -58.717  -1.993 0.0000000000
24702  -11.132  -58.265  -2.227 0.0000000000
2133  -11.833  -89.671  -14.269 0.0000000000
2124  -12.292  -89.050  -13.138 0.0000000000
1684  -11.421  -90.014  -13.695 0.0000000000
111887  -10.222  -90.920  -12.941 0.0000000000
1672  -9.684  -91.145  -12.083 0.0000000000
5602  -12.428  -83.039  -3.338 0.0000000000
5603  -13.256  -82.553  -3.413 0.0000000000
5609  -13.101  -82.684  -4.131 0.0000000000
5620  -13.862  -82.130  -5.234 0.0000000000
6230  -13.930  -81.519  -5.781 0.0000000000
6854  -17.286  -79.794  -8.332 0.0000000000
116472  -16.279  -80.240  -7.871 0.0000000000
7453  -16.696  -79.454  -9.123 0.0000000000
125717  -15.380  -79.431  -9.596 0.0000000000
7461  -14.712  -79.599  -9.871 0.0000000000
7460  -13.047  -79.876  -9.691 0.0000000000
109130  -13.068  -80.560  -10.285 0.0000000000
6264  -12.314  -81.085  -10.242 0.0000000000
5667  -11.450  -82.295  -10.133 0.0000000000
1303  -14.807  -92.150  -20.056 0.0000000000
1313  -15.589  -91.852  -20.459 0.0000000000
121262  -16.156  -91.640  -21.018 0.0000000000
1321  -16.281  -91.687  -21.615 0.0000000000
1336  -16.750  -90.963  -22.901 0.0000000000
2244  -17.388  -88.999  -26.004 0.0000000000
2238  -16.731  -89.134  -25.668 0.0000000000
2243  -16.728  -88.484  -26.409 0.0000000000
118699  -15.707  -87.413  -26.819 0.0000000000
2716  -14.496  -87.089  -26.912 0.0000000000
125631  -13.557  -86.391  -26.828 0.0000000000
117478  -14.384  -86.394  -26.548 0.0000000000
3705  -13.739  -86.538  -24.729 0.0000000000
29998  -19.295  -52.632  -9.578 0.0000000000
30821  -20.496  -51.762  -9.809 0.0000000000
29997  -18.535  -52.372  -9.803 0.0000000000
30819  -17.870  -51.815  -10.185 0.0000000000
30818  -17.075  -51.877  -10.145 0.0000000000
14726  -20.686  -69.522  0.129 0.0000000000
117456  -21.803  -69.434  -0.037 0.0000000000
14727  -21.426  -69.772  0.341 0.0000000000
13908  -22.316  -70.785  -0.194 0.0000000000
10836  -21.904  -74.422  -1.945 0.0000000000
11561  -22.020  -73.653  -2.037 0.0000000000
10842  -22.230  -74.174  -2.825 0.0000000000
11578  -22.555  -73.672  -4.523 0.0000000000
12360  -22.568  -72.836  -5.676 0.0000000000
11591  -22.300  -73.426  -5.416 0.0000000000
12359  -21.842  -73.063  -6.239 0.0000000000
110286  -20.390  -73.220  -6.687 0.0000000000
111423  -7.174  -74.126  2.964 0.0000000000
11493  -7.792  -73.855  2.739 0.0000000000
11492  -7.132  -73.206  3.256 0.0000000000
12235  -6.712  -72.411  3.262 0.0000000000
13049  -6.761  -71.470  3.597 0.0000000000
114379  -6.606  -68.022  1.144 0.0000000000
15533  -6.251  -68.480  2.336 0.0000000000
126696  -6.397  -66.763  1.987 0.0000000000
112354  -6.233  -66.064  2.443 0.0000000000
18220  -6.003  -65.164  2.886 0.0000000000
19149  -6.465  -64.226  3.835 0.0000000000
19182  -6.230  -64.501  2.131 0.0000000000
27430  -30.428  -55.777  -6.380 0.0000000000
27448  -29.523  -55.737  -7.092 0.0000000000
113508  -28.940  -55.123  -7.545 0.0000000000
112721  -27.961  -55.323  -7.998 0.0000000000
27446  -27.237  -55.806  -7.996 0.0000000000
26521  -26.299  -56.654  -7.723 0.0000000000
128016  -25.266  -57.575  -7.614 0.0000000000
7286  -18.392  -79.838  4.607 0.0000000000
6709  -18.953  -80.473  3.331 0.0000000000
6698  -18.606  -80.547  4.101 0.0000000000
6114  -18.489  -81.216  3.364 0.0000000000
7309  -15.475  -80.242  1.162 0.0000000000
6723  -15.677  -80.653  1.326 0.0000000000
7326  -15.669  -78.981  1.673 0.0000000000
7941  -16.035  -78.526  2.156 0.0000000000
8611  -16.223  -77.713  2.209 0.0000000000
8629  -15.815  -77.203  1.761 0.0000000000
9360  -15.422  -76.429  1.169 0.0000000000
10103  -15.053  -75.960  0.699 0.0000000000
108403  -14.739  -80.222  -3.043 0.0000000000
7402  -15.334  -78.712  -3.765 0.0000000000
8031  -15.218  -77.926  -4.142 0.0000000000
8706  -14.957  -77.203  -3.681 0.0000000000
8030  -10.926  -77.735  -3.468 0.0000000000
8704  -11.728  -77.103  -3.870 0.0000000000
8688  -11.274  -77.065  -2.849 0.0000000000
107217  -11.153  -76.960  -1.879 0.0000000000
9393  -11.772  -76.421  -1.346 0.0000000000
9383  -12.474  -76.092  -0.738 0.0000000000
9382  -11.696  -76.595  -0.346 0.0000000000
8646  -10.950  -77.313  0.891 0.0000000000
8627  -11.108  -77.233  1.688 0.0000000000
8609  -10.373  -77.376  2.322 0.0000000000
8625  -9.714  -78.023  2.106 0.0000000000
7958  -8.901  -78.310  1.924 0.0000000000
7937  -7.503  -77.970  1.844 0.0000000000
129819  -7.114  -78.070  -2.200 0.0000000000
119327  -7.335  -77.680  -1.805 0.0000000000
9406  -7.872  -76.937  -2.157 0.0000000000
9392  -8.090  -76.209  -1.674 0.0000000000
10116  -8.420  -75.506  -2.114 0.0000000000
10832  -7.876  -74.130  -1.856 0.0000000000
10846  -8.243  -74.997  -3.238 0.0000000000
10845  -7.644  -74.435  -3.727 0.0000000000
3525  -18.157  -86.071  -9.525 0.0000000000
4129  -18.998  -85.484  -10.025 0.0000000000
4142  -19.056  -85.665  -12.139 0.0000000000
4180  -19.671  -85.019  -13.630 0.0000000000
3636  -17.926  -85.722  -17.178 0.0000000000
3625  -18.436  -85.492  -16.603 0.0000000000
3624  -16.581  -85.976  -17.101 0.0000000000
3623  -15.903  -86.371  -16.588 0.0000000000
3116  -15.291  -86.923  -16.177 0.0000000000
111067  -14.728  -87.418  -15.952 0.0000000000
3130  -14.265  -87.880  -16.312 0.0000000000
2633  -13.666  -88.340  -16.755 0.0000000000
109630  -13.085  -88.836  -17.200 0.0000000000
2672  -16.253  -88.569  -21.484 0.0000000000
2678  -15.528  -88.591  -22.131 0.0000000000
2677  -14.699  -88.454  -22.023 0.0000000000
2197  -13.743  -88.705  -21.856 0.0000000000
125728  -9.262  -89.140  -22.520 0.0000000000
2194  -10.314  -89.825  -21.746 0.0000000000
2193  -9.136  -89.539  -21.860 0.0000000000
1760  -9.452  -89.947  -21.124 0.0000000000
1751  -9.631  -90.176  -20.372 0.0000000000
1741  -9.921  -90.395  -19.604 0.0000000000
1740  -8.632  -90.375  -19.646 0.0000000000
1728  -8.141  -90.583  -18.751 0.0000000000
1727  -7.887  -90.273  -18.513 0.0000000000
2170  -7.843  -89.559  -18.973 0.0000000000
16433  -17.004  -66.744  -1.334 0.0000000000
16441  -16.896  -66.903  -2.320 0.0000000000
15564  -16.160  -67.567  -2.529 0.0000000000
14749  -16.323  -68.568  -2.865 0.0000000000
14724  -13.634  -69.490  -0.753 0.0000000000
13884  -14.329  -70.232  -0.299 0.0000000000
13864  -15.613  -70.752  1.160 0.0000000000
13850  -16.560  -71.117  2.089 0.0000000000
13073  -17.106  -71.458  2.492 0.0000000000
13072  -16.189  -71.371  2.613 0.0000000000
13056  -16.656  -71.952  3.203 0.0000000000
110734  -16.674  -72.498  3.829 0.0000000000
13821  -11.236  -70.409  4.554 0.0000000000
10756  -10.755  -74.281  3.965 0.0000000000
11463  -11.079  -73.704  3.435 0.0000000000
10740  -11.344  -74.439  5.077 0.0000000000
124649  -12.092  -74.126  5.402 0.0000000000
115557  -13.464  -73.763  5.858 0.0000000000
112833  -14.162  -73.383  5.517 0.0000000000
10743  -14.320  -74.104  6.276 0.0000000000
10726  -14.846  -74.869  6.733 0.0000000000
9294  -15.513  -76.429  6.907 0.0000000000
9303  -16.093  -76.889  6.260 0.0000000000
8559  -15.256  -77.218  6.787 0.0000000000
8571  -14.905  -78.006  6.843 0.0000000000
7897  -14.406  -78.575  7.063 0.0000000000
6668  -11.783  -80.256  6.766 0.0000000000
109289  -12.361  -80.242  7.059 0.0000000000
6050  -12.325  -81.117  7.968 0.0000000000
6641  -13.198  -80.964  8.314 0.0000000000
6036  -14.561  -81.395  9.561 0.0000000000
4987  -15.391  -82.658  9.364 0.0000000000
5474  -14.468  -82.380  10.190 0.0000000000
4976  -14.389  -83.005  10.270 0.0000000000
4466  -13.629  -84.552  9.097 0.0000000000
129017  -7.204  -79.758  9.345 0.0000000000
7218  -7.210  -79.577  8.866 0.0000000000
108674  -7.141  -80.969  9.436 0.0000000000
4990  -7.579  -83.092  8.787 0.0000000000
2816  -9.900  -87.332  10.356 0.0000000000
3879  -9.454  -86.011  10.739 0.0000000000
2826  -10.500  -87.674  9.888 0.0000000000
2827  -11.410  -87.554  9.921 0.0000000000
2841  -11.913  -87.476  9.011 0.0000000000
3320  -12.428  -86.767  8.766 0.0000000000
2865  -11.937  -87.315  6.656 0.0000000000
3351  -11.849  -86.627  5.025 0.0000000000
3946  -11.847  -85.734  3.147 0.0000000000
4528  -11.154  -85.246  1.119 0.0000000000
3980  -10.847  -85.815  1.686 0.0000000000
108783  -10.340  -85.816  1.073 0.0000000000
4014  -9.633  -85.575  -0.360 0.0000000000
125668  -6.651  -85.623  0.359 0.0000000000
4011  -6.935  -85.676  -0.862 0.0000000000
3441  -7.131  -86.468  -2.633 0.0000000000
3450  -7.932  -86.876  -4.203 0.0000000000
2990  -9.725  -87.400  -5.467 0.0000000000
2992  -11.681  -87.144  -5.491 0.0000000000
2982  -10.347  -87.756  -4.789 0.0000000000
117143  -10.752  -87.666  -3.877 0.0000000000
2973  -11.459  -87.092  -3.167 0.0000000000
1043  -12.016  -90.818  7.045 0.0000000000
1054  -11.398  -90.872  6.337 0.0000000000
1484  -10.398  -89.997  5.073 0.0000000000
1063  -10.375  -90.963  5.044 0.0000000000
1074  -9.648  -90.968  3.825 0.0000000000
118522  -9.239  -90.812  2.745 0.0000000000
1129  -11.363  -91.474  -0.592 0.0000000000
1128  -10.634  -91.242  0.119 0.0000000000
109800  -10.908  -90.719  -0.200 0.0000000000
1548  -10.618  -89.877  0.003 0.0000000000
2454  -11.624  -88.793  -0.554 0.0000000000
2442  -11.732  -87.910  -0.546 0.0000000000
2471  -12.685  -88.459  -1.686 0.0000000000
2472  -13.319  -88.084  -2.231 0.0000000000
2490  -15.175  -87.960  -4.757 0.0000000000
110825  -15.926  -87.734  -5.112 0.0000000000
2496  -14.589  -88.442  -5.235 0.0000000000
108178  -14.777  -88.593  -6.051 0.0000000000
2501  -15.046  -88.545  -6.816 0.0000000000
1620  -12.353  -90.524  -8.262 0.0000000000
1616  -12.803  -90.059  -7.746 0.0000000000
1621  -12.965  -90.113  -8.519 0.0000000000
1632  -13.142  -90.105  -9.254 0.0000000000
2089  -13.926  -89.510  -10.603 0.0000000000
2102  -14.305  -89.259  -11.259 0.0000000000
2101  -13.659  -89.836  -11.148 0.0000000000
1658  -13.345  -90.360  -11.850 0.0000000000
1241  -13.218  -90.804  -12.740 0.0000000000
165  -10.582  -94.165  -7.886 0.0000000000
94  -11.739  -94.739  -11.298 0.0000000000
179  -11.170  -94.252  -10.927 0.0000000000
185  -10.960  -93.900  -12.445 0.0000000000
381  -10.834  -93.702  -12.718 0.0000000000
935  -10.793  -93.421  -13.412 0.0000000000
936  -11.258  -92.886  -13.528 0.0000000000
663  -10.918  -93.475  -14.155 0.0000000000
119769  -11.585  -92.894  -15.309 0.0000000000
951  -11.759  -92.772  -16.016 0.0000000000
118367  -12.145  -92.640  -17.278 0.0000000000
958  -11.789  -92.929  -16.764 0.0000000000
680  -11.965  -93.028  -17.070 0.0000000000
681  -12.308  -93.072  -17.778 0.0000000000
205  -15.288  -93.669  -15.268 0.0000000000
126010  -14.620  -93.644  -16.084 0.0000000000
211  -15.380  -93.517  -16.054 0.0000000000
217  -16.185  -93.471  -16.504 0.0000000000
108990  -16.634  -93.682  -17.473 0.0000000000
223  -16.998  -93.978  -18.435 0.0000000000
113755  -17.449  -93.810  -17.837 0.0000000000
218  -18.215  -93.793  -17.636 0.0000000000
118936  -18.816  -93.998  -16.987 0.0000000000
112641  -20.939  -93.237  -15.014 0.0000000000
676  -22.226  -93.099  -15.275 0.0000000000
127664  -24.810  -63.468  -2.136 0.0000000000
123631  -28.229  -62.495  -2.533 0.0000000000
21081  -28.737  -62.726  -3.245 0.0000000000
13922  -24.639  -69.464  -1.583 0.0000000000
115831  -25.252  -69.087  -1.887 0.0000000000
125710  -26.792  -68.500  -4.124 0.0000000000
16529  -27.371  -67.916  -7.055 0.0000000000
17408  -28.046  -66.816  -6.781 0.0000000000
18329  -28.674  -66.177  -6.108 0.0000000000
18330  -29.079  -65.487  -6.418 0.0000000000
19274  -29.381  -64.839  -5.613 0.0000000000
19292  -29.346  -64.747  -6.885 0.0000000000
21131  -29.491  -62.263  -6.771 0.0000000000
21147  -28.971  -62.906  -7.251 0.0000000000
21146  -27.968  -62.612  -7.526 0.0000000000
21145  -27.116  -62.483  -7.651 0.0000000000
115064  -24.518  -63.144  -7.424 0.0000000000
21142  -23.783  -62.724  -7.427 0.0000000000
21130  -23.198  -61.890  -7.355 0.0000000000
22003  -23.720  -61.176  -7.330 0.0000000000
23817  -23.920  -59.887  -7.375 0.0000000000
22002  -22.929  -61.098  -7.324 0.0000000000
22891  -22.698  -60.389  -7.424 0.0000000000
22913  -20.753  -60.330  -7.672 0.0000000000
7364  -19.549  -79.968  -0.703 0.0000000000
7379  -20.197  -79.348  -1.240 0.0000000000
7378  -19.415  -79.553  -1.545 0.0000000000
8020  -18.949  -78.744  -2.353 0.0000000000
119837  -19.262  -78.404  -2.867 0.0000000000
11553  -17.241  -73.815  -1.903 0.0000000000
11554  -17.870  -74.202  -2.121 0.0000000000
12320  -17.205  -73.333  -2.711 0.0000000000
11566  -17.739  -73.424  -3.224 0.0000000000
12330  -18.009  -72.979  -4.008 0.0000000000
12343  -17.637  -72.212  -4.385 0.0000000000
13144  -16.835  -71.955  -4.088 0.0000000000
13157  -16.472  -71.205  -4.440 0.0000000000
113429  -16.276  -70.347  -4.834 0.0000000000
13860  -9.351  -70.737  1.477 0.0000000000
114507  -9.524  -71.262  0.816 0.0000000000
14708  -9.493  -69.707  1.420 0.0000000000
14720  -9.950  -69.462  0.649 0.0000000000
15545  -10.254  -68.808  0.246 0.0000000000
19203  -11.554  -64.923  -0.602 0.0000000000
18250  -10.641  -65.871  -0.670 0.0000000000
19209  -11.714  -65.279  -1.244 0.0000000000
18268  -12.009  -65.935  -2.310 0.0000000000
17353  -12.767  -66.911  -3.477 0.0000000000
16470  -13.511  -67.030  -4.160 0.0000000000
17354  -13.358  -66.361  -3.724 0.0000000000
17369  -14.636  -66.095  -4.534 0.0000000000
17384  -15.290  -66.218  -5.039 0.0000000000
126600  -16.351  -65.930  -5.353 0.0000000000
18324  -16.144  -65.611  -4.904 0.0000000000
18306  -17.255  -65.139  -4.364 0.0000000000
19259  -18.113  -64.442  -4.337 0.0000000000
21971  -14.606  -61.619  -4.409 0.0000000000
21972  -15.318  -62.096  -4.712 0.0000000000
21981  -14.896  -61.340  -5.263 0.0000000000
22867  -15.275  -60.991  -6.013 0.0000000000
120970  -16.944  -60.963  -6.823 0.0000000000
22909  -17.128  -60.400  -7.284 0.0000000000
127995  -16.586  -60.153  -7.262 0.0000000000
108915  -16.099  -59.357  -7.604 0.0000000000
24767  -16.554  -58.894  -8.062 0.0000000000
110571  -16.765  -58.200  -8.486 0.0000000000
24766  -15.571  -58.777  -7.773 0.0000000000
24788  -15.097  -57.983  -8.240 0.0000000000
25647  -14.210  -57.677  -8.026 0.0000000000
5699  -19.800  -82.809  -12.218 0.0000000000
5684  -19.798  -82.495  -10.878 0.0000000000
5183  -18.747  -82.701  -11.975 0.0000000000
4671  -17.468  -83.867  -11.135 0.0000000000
115801  -16.761  -84.438  -10.602 0.0000000000
3047  -12.776  -87.491  -9.955 0.0000000000
127101  -13.228  -86.946  -9.764 0.0000000000
3041  -12.631  -86.884  -8.950 0.0000000000
3031  -11.830  -86.883  -8.460 0.0000000000
4099  -11.713  -85.780  -8.870 0.0000000000
4113  -11.067  -85.159  -9.369 0.0000000000
3509  -9.985  -86.465  -8.630 0.0000000000
3496  -8.755  -86.784  -7.821 0.0000000000
3495  -8.029  -86.892  -7.439 0.0000000000
3081  -5.948  -87.149  -13.229 0.0000000000
125354  -6.880  -83.469  -12.382 0.0000000000
5181  -6.732  -83.747  -11.041 0.0000000000
4656  -6.448  -84.519  -10.472 0.0000000000
4639  -6.250  -84.483  -9.623 0.0000000000
5173  -6.485  -83.748  -10.116 0.0000000000
5665  -6.460  -82.985  -9.548 0.0000000000
5653  -6.371  -82.587  -8.495 0.0000000000
119256  -6.497  -81.827  -7.920 0.0000000000
107079  -6.774  -80.956  -8.279 0.0000000000
109583  -7.093  -80.032  -8.647 0.0000000000
8086  -7.737  -78.743  -8.943 0.0000000000
4605  -14.473  -84.648  -5.672 0.0000000000
5132  -14.618  -83.632  -5.815 0.0000000000
5133  -15.311  -83.289  -5.948 0.0000000000
5621  -16.050  -82.803  -5.924 0.0000000000
6233  -17.023  -81.045  -6.312 0.0000000000
108677  -18.041  -82.092  -5.214 0.0000000000
6219  -17.773  -81.243  -5.800 0.0000000000
6234  -17.723  -80.686  -6.464 0.0000000000
6844  -18.033  -80.026  -7.730 0.0000000000
6268  -18.114  -80.230  -9.125 0.0000000000
6266  -17.000  -81.132  -10.090 0.0000000000
692  -16.335  -92.691  -21.977 0.0000000000
695  -16.698  -92.479  -22.743 0.0000000000
125112  -16.960  -92.673  -23.001 0.0000000000
700  -17.393  -92.151  -23.884 0.0000000000
1340  -17.779  -91.007  -25.230 0.0000000000
1000  -18.240  -91.697  -24.311 0.0000000000
1341  -18.311  -91.122  -24.910 0.0000000000
1794  -17.913  -89.950  -25.783 0.0000000000
2245  -18.507  -88.905  -26.069 0.0000000000
3210  -18.800  -87.487  -27.298 0.0000000000
114469  -18.489  -86.224  -26.026 0.0000000000
30805  -27.455  -51.659  -9.028 0.0000000000
30804  -26.644  -51.823  -9.429 0.0000000000
114034  -25.772  -53.066  -8.939 0.0000000000
126073  -25.525  -52.536  -9.271 0.0000000000
30004  -25.770  -52.005  -9.570 0.0000000000
30826  -25.081  -51.581  -9.834 0.0000000000
127363  -24.522  -51.224  -10.037 0.0000000000
31656  -23.794  -50.931  -10.093 0.0000000000
31655  -22.943  -50.859  -10.033 0.0000000000
30824  -22.769  -51.330  -9.775 0.0000000000
30001  -21.964  -52.001  -9.559 0.0000000000
29187  -21.209  -53.436  -9.523 0.0000000000
29186  -20.598  -52.998  -9.483 0.0000000000
113854  -18.574  -53.755  -9.527 0.0000000000
113855  -17.667  -53.964  -9.571 0.0000000000
113856  -16.822  -54.197  -9.570 0.0000000000
112698  -20.546  -72.016  1.280 0.0000000000
13104  -21.102  -71.600  0.800 0.0000000000
12284  -20.793  -72.573  0.724 0.0000000000
11529  -21.013  -73.119  -0.024 0.0000000000
10823  -20.591  -74.394  0.583 0.0000000000
10829  -21.446  -74.536  -0.977 0.0000000000
107435  -22.116  -75.197  -2.855 0.0000000000
107780  -21.747  -76.524  -4.324 0.0000000000
12280  -6.686  -72.695  1.135 0.0000000000
110769  -6.344  -72.471  1.931 0.0000000000
13101  -6.822  -71.895  1.217 0.0000000000
106979  -6.813  -71.038  1.344 0.0000000000
14719  -6.922  -69.642  0.489 0.0000000000
125300  -29.877  -56.439  -6.601 0.0000000000
25652  -29.442  -57.087  -7.062 0.0000000000
25651  -28.339  -57.587  -7.662 0.0000000000
111691  -17.229  -81.954  4.096 0.0000000000
5541  -15.727  -82.407  3.919 0.0000000000
123753  -15.428  -82.342  3.191 0.0000000000
109065  -15.002  -81.874  1.998 0.0000000000
6110  -14.248  -82.379  2.156 0.0000000000
6722  -14.814  -81.555  1.383 0.0000000000
113683  -14.821  -78.569  0.307 0.0000000000
8742  -13.335  -77.658  -6.295 0.0000000000
8732  -13.774  -77.438  -5.635 0.0000000000
8050  -12.392  -77.839  -5.872 0.0000000000
8049  -11.579  -78.198  -5.395 0.0000000000
8041  -11.039  -78.328  -4.652 0.0000000000
6812  -10.017  -79.906  -5.026 0.0000000000
7409  -10.361  -79.053  -4.607 0.0000000000
8040  -10.580  -78.362  -3.963 0.0000000000
8029  -10.225  -78.270  -3.200 0.0000000000
7374  -9.505  -78.761  -2.019 0.0000000000
7373  -9.063  -79.074  -1.330 0.0000000000
7341  -8.323  -78.913  -0.375 0.0000000000
6770  -8.113  -79.401  -1.242 0.0000000000
6754  -7.835  -79.130  -1.018 0.0000000000
7372  -7.246  -79.032  -1.528 0.0000000000
112891  -7.881  -79.621  -2.415 0.0000000000
7385  -7.231  -79.299  -2.300 0.0000000000
8015  -6.996  -78.574  -2.600 0.0000000000
8028  -7.219  -78.242  -3.598 0.0000000000
8714  -7.737  -77.757  -4.264 0.0000000000
8715  -8.294  -77.044  -4.506 0.0000000000
3075  -17.435  -87.130  -12.420 0.0000000000
3573  -18.071  -86.798  -12.875 0.0000000000
3087  -17.589  -87.262  -13.277 0.0000000000
3101  -18.383  -87.071  -15.091 0.0000000000
3118  -18.665  -86.766  -16.004 0.0000000000
3133  -18.352  -87.183  -16.707 0.0000000000
3635  -17.553  -86.236  -17.887 0.0000000000
3148  -15.494  -86.914  -18.430 0.0000000000
2225  -12.598  -89.013  -24.336 0.0000000000
122926  -12.511  -89.390  -23.473 0.0000000000
2224  -11.900  -89.047  -24.051 0.0000000000
2687  -10.425  -88.357  -23.905 0.0000000000
3189  -9.510  -86.467  -24.333 0.0000000000
2686  -9.327  -87.720  -23.777 0.0000000000
2675  -8.853  -88.512  -22.895 0.0000000000
2674  -8.056  -88.350  -22.419 0.0000000000
3173  -7.822  -87.538  -22.121 0.0000000000
110332  -7.925  -87.524  -21.467 0.0000000000
3167  -8.669  -87.398  -20.792 0.0000000000
14722  -12.456  -69.310  0.171 0.0000000000
13882  -12.364  -70.297  0.478 0.0000000000
13862  -12.972  -70.993  0.595 0.0000000000
12204  -9.747  -72.392  5.755 0.0000000000
11461  -9.326  -73.727  4.153 0.0000000000
108291  -8.383  -74.028  5.218 0.0000000000
117950  -8.779  -74.043  4.519 0.0000000000
10755  -9.876  -74.345  3.993 0.0000000000
10025  -10.210  -75.326  5.289 0.0000000000
10010  -10.778  -75.738  6.166 0.0000000000
9290  -11.303  -76.529  6.614 0.0000000000
8556  -12.012  -77.253  6.764 0.0000000000
123530  -11.331  -77.521  6.625 0.0000000000
7880  -10.850  -78.117  6.422 0.0000000000
7895  -11.025  -78.968  6.255 0.0000000000
7894  -8.903  -78.624  5.851 0.0000000000
7268  -10.338  -79.661  6.072 0.0000000000
6683  -10.514  -80.363  6.182 0.0000000000
127274  -10.584  -80.769  6.296 0.0000000000
6048  -10.495  -81.524  7.216 0.0000000000
5505  -9.844  -82.018  7.780 0.0000000000
126001  -6.622  -82.497  11.511 0.0000000000
4970  -6.758  -83.688  9.909 0.0000000000
4434  -6.719  -84.062  10.739 0.0000000000
111465  -7.610  -84.858  10.497 0.0000000000
3294  -8.311  -86.711  11.310 0.0000000000
3295  -8.730  -86.807  10.768 0.0000000000
2815  -9.104  -87.303  10.166 0.0000000000
2838  -9.020  -87.401  8.936 0.0000000000
3329  -9.024  -86.673  7.650 0.0000000000
118209  -9.205  -86.183  6.076 0.0000000000
3945  -8.934  -85.708  3.978 0.0000000000
3930  -8.179  -85.623  4.777 0.0000000000
3944  -7.784  -85.304  3.857 0.0000000000
3942  -6.934  -85.270  3.253 0.0000000000
3348  -7.589  -86.330  5.509 0.0000000000
3372  -6.886  -85.665  3.332 0.0000000000
3959  -6.839  -85.395  2.730 0.0000000000
2915  -6.672  -86.513  0.705 0.0000000000
116448  -6.602  -87.274  -0.225 0.0000000000
2439  -6.767  -88.492  -0.463 0.0000000000
243  -11.492  -92.370  3.756 0.0000000000
501  -11.034  -92.554  3.994 0.0000000000
128282  -10.141  -92.085  3.424 0.0000000000
510  -10.466  -92.203  2.905 0.0000000000
525  -10.177  -92.980  1.420 0.0000000000
534  -10.587  -92.930  0.844 0.0000000000
270  -11.423  -93.379  0.346 0.0000000000
114181  -11.304  -92.708  0.215 0.0000000000
820  -11.166  -91.976  0.058 0.0000000000
1139  -11.509  -91.220  -1.415 0.0000000000
1572  -11.657  -90.744  -2.147 0.0000000000
2029  -12.553  -89.623  -4.606 0.0000000000
124760  -11.721  -90.254  -4.835 0.0000000000
1597  -11.325  -90.460  -5.765 0.0000000000
1606  -10.765  -90.843  -6.266 0.0000000000
1607  -11.332  -90.578  -6.702 0.0000000000
1614  -11.298  -90.875  -7.525 0.0000000000
1195  -11.204  -91.275  -8.312 0.0000000000
1199  -11.404  -91.430  -9.165 0.0000000000
110730  -12.446  -95.219  -10.712 0.0000000000
95  -12.216  -94.899  -11.650 0.0000000000
187  -11.812  -94.541  -13.337 0.0000000000
191  -11.874  -94.441  -14.276 0.0000000000
201  -11.924  -94.301  -15.023 0.0000000000
192  -12.437  -94.566  -13.876 0.0000000000
193  -13.291  -94.471  -14.251 0.0000000000
103  -13.301  -94.242  -13.384 0.0000000000
194  -13.916  -94.223  -14.266 0.0000000000
109962  -14.694  -93.938  -14.832 0.0000000000
189  -14.856  -93.824  -14.405 0.0000000000
392  -15.866  -93.532  -14.488 0.0000000000
393  -17.024  -93.387  -14.451 0.0000000000
115467  -23.570  -63.710  -2.532 0.0000000000
19221  -23.101  -64.244  -2.957 0.0000000000
19222  -23.753  -64.385  -2.981 0.0000000000
20118  -24.284  -63.860  -2.543 0.0000000000
115226  -25.186  -64.066  -2.317 0.0000000000
19224  -25.727  -64.765  -2.486 0.0000000000
18276  -26.386  -65.362  -2.649 0.0000000000
14794  -25.433  -70.620  -4.557 0.0000000000
14795  -25.962  -70.002  -4.733 0.0000000000
108960  -25.469  -70.341  -5.491 0.0000000000
15640  -26.969  -68.651  -7.058 0.0000000000
15639  -24.795  -68.880  -6.946 0.0000000000
107654  -25.773  -68.731  -7.119 0.0000000000
111272  -27.353  -68.883  -7.851 0.0000000000
17406  -26.868  -67.842  -7.968 0.0000000000
17423  -26.155  -66.742  -7.583 0.0000000000
18369  -26.764  -65.504  -7.743 0.0000000000
19310  -26.761  -64.636  -7.762 0.0000000000
109301  -25.835  -64.925  -7.675 0.0000000000
18367  -24.880  -65.252  -7.539 0.0000000000
19309  -24.361  -64.428  -7.453 0.0000000000
18366  -23.544  -65.815  -7.341 0.0000000000
18365  -22.919  -65.124  -7.401 0.0000000000
19308  -23.472  -64.336  -7.448 0.0000000000
19307  -22.576  -64.220  -7.395 0.0000000000
20182  -22.145  -63.342  -7.218 0.0000000000
20181  -21.290  -63.561  -6.874 0.0000000000
120655  -18.018  -77.109  -0.091 0.0000000000
120100  -18.131  -76.982  -0.950 0.0000000000
9385  -18.073  -76.266  -0.380 0.0000000000
10826  -17.335  -74.583  -0.433 0.0000000000
11526  -16.066  -73.794  0.453 0.0000000000
11544  -16.296  -73.637  -0.518 0.0000000000
11545  -16.968  -74.003  -0.923 0.0000000000
11551  -15.783  -73.191  -1.130 0.0000000000
12317  -14.708  -72.381  -2.321 0.0000000000
13129  -13.289  -71.614  -2.581 0.0000000000
17297  -8.800  -65.896  2.468 0.0000000000
17298  -9.156  -66.613  1.954 0.0000000000
18222  -9.112  -65.135  2.117 0.0000000000
19183  -9.610  -65.167  1.334 0.0000000000
20078  -10.120  -63.544  1.595 0.0000000000
20089  -10.710  -63.914  0.832 0.0000000000
19195  -11.308  -64.353  0.154 0.0000000000
107178  -12.136  -64.268  -0.229 0.0000000000
19204  -12.984  -64.229  -0.486 0.0000000000
19211  -14.212  -64.371  -1.162 0.0000000000
20114  -15.351  -63.957  -1.728 0.0000000000
20102  -14.670  -63.731  -1.353 0.0000000000
21055  -14.787  -63.066  -1.925 0.0000000000
21940  -14.273  -62.081  -2.554 0.0000000000
21921  -13.087  -61.102  -0.853 0.0000000000
21939  -13.698  -61.435  -2.178 0.0000000000
21957  -13.839  -61.220  -3.081 0.0000000000
22835  -13.556  -60.343  -3.484 0.0000000000
22847  -13.751  -60.065  -4.442 0.0000000000
23801  -13.655  -59.402  -5.311 0.0000000000
24741  -13.278  -58.610  -5.837 0.0000000000
24731  -13.160  -58.662  -5.046 0.0000000000
25609  -11.710  -57.598  -5.002 0.0000000000
24717  -11.384  -57.914  -3.088 0.0000000000
25608  -10.761  -57.253  -4.642 0.0000000000
3554  -15.207  -86.255  -12.971 0.0000000000
4160  -15.661  -85.707  -12.546 0.0000000000
3074  -14.551  -86.674  -12.569 0.0000000000
3553  -13.939  -87.098  -12.100 0.0000000000
3056  -13.337  -87.473  -11.564 0.0000000000
119791  -12.296  -88.756  -12.223 0.0000000000
2557  -12.171  -88.566  -11.182 0.0000000000
3055  -12.756  -87.818  -10.945 0.0000000000
2088  -11.261  -89.044  -9.863 0.0000000000
2075  -10.469  -89.432  -9.435 0.0000000000
2061  -8.960  -89.366  -8.429 0.0000000000
6158  -12.257  -83.723  -0.300 0.0000000000
110333  -12.695  -82.902  -0.269 0.0000000000
6183  -12.695  -82.956  -1.294 0.0000000000
6184  -13.312  -82.379  -1.532 0.0000000000
6805  -14.192  -81.569  -3.043 0.0000000000
6203  -13.773  -82.134  -3.174 0.0000000000
6204  -14.180  -81.471  -3.706 0.0000000000
6806  -14.482  -80.806  -3.422 0.0000000000
7420  -14.897  -79.427  -5.117 0.0000000000
8062  -14.605  -78.164  -6.621 0.0000000000
5635  -14.638  -82.674  -6.034 0.0000000000
123420  -14.611  -81.994  -6.426 0.0000000000
6231  -14.158  -81.354  -6.709 0.0000000000
6843  -15.377  -79.999  -8.214 0.0000000000
6243  -14.763  -80.637  -7.444 0.0000000000
6831  -14.269  -80.254  -7.013 0.0000000000
7432  -14.657  -78.920  -7.164 0.0000000000
8074  -14.263  -78.545  -7.399 0.0000000000
8061  -14.006  -77.949  -6.933 0.0000000000
8060  -13.148  -78.055  -7.108 0.0000000000
7441  -11.907  -79.115  -7.619 0.0000000000
6829  -11.149  -79.790  -7.476 0.0000000000
6853  -12.206  -79.945  -9.099 0.0000000000
6841  -11.065  -80.314  -8.068 0.0000000000
6840  -10.485  -80.571  -7.477 0.0000000000
6229  -10.023  -81.294  -6.924 0.0000000000
5115  -8.866  -83.327  -5.691 0.0000000000
124731  -16.028  -90.257  -17.735 0.0000000000
1724  -16.518  -89.610  -17.611 0.0000000000
1732  -15.970  -90.710  -18.399 0.0000000000
108430  -16.761  -90.367  -19.034 0.0000000000
126472  -17.253  -90.004  -20.213 0.0000000000
1314  -16.443  -91.210  -20.546 0.0000000000
1762  -17.082  -90.019  -21.408 0.0000000000
2198  -16.748  -89.378  -21.795 0.0000000000
2679  -16.212  -88.912  -22.181 0.0000000000
2214  -15.135  -89.047  -23.375 0.0000000000
2213  -14.354  -89.197  -23.885 0.0000000000
110916  -16.624  -91.647  -22.918 0.0000000000
1335  -16.753  -90.999  -23.382 0.0000000000
1785  -16.400  -89.668  -24.105 0.0000000000
1792  -16.265  -89.112  -25.209 0.0000000000
1789  -15.978  -89.101  -24.831 0.0000000000
1784  -15.753  -89.151  -24.488 0.0000000000
2227  -14.937  -89.005  -24.378 0.0000000000
108723  -14.108  -89.011  -24.601 0.0000000000
126490  -13.287  -88.975  -24.630 0.0000000000
2698  -12.669  -88.394  -25.159 0.0000000000
2705  -11.942  -87.304  -25.872 0.0000000000
3717  -11.615  -86.227  -25.516 0.0000000000
3718  -12.825  -86.196  -26.452 0.0000000000
123208  -11.767  -86.060  -25.734 0.0000000000
3703  -11.389  -86.390  -24.656 0.0000000000
4290  -10.718  -85.790  -23.346 0.0000000000
31675  -22.448  -50.443  -10.337 0.0000000000
31673  -21.099  -50.648  -10.481 0.0000000000
9262  -7.454  -76.177  8.228 0.0000000000
124185  -8.027  -77.576  8.664 0.0000000000
7867  -8.451  -78.246  8.775 0.0000000000
7231  -7.782  -78.818  8.986 0.0000000000
114147  -6.911  -84.586  12.536 0.0000000000
123497  -8.224  -86.568  12.247 0.0000000000
108754  -8.515  -88.762  11.135 0.0000000000
15583  -21.311  -68.058  -3.233 0.0000000000
16456  -21.780  -67.363  -3.557 0.0000000000
15584  -22.207  -67.818  -2.583 0.0000000000
15568  -23.657  -68.235  -1.316 0.0000000000
15557  -22.397  -69.327  -0.364 0.0000000000
14754  -23.809  -69.022  -0.953 0.0000000000
126663  -24.630  -70.218  -2.020 0.0000000000
13933  -24.726  -70.677  -2.801 0.0000000000
13117  -22.531  -71.591  -0.856 0.0000000000
12321  -22.298  -72.968  -1.932 0.0000000000
12312  -22.685  -72.214  -1.751 0.0000000000
13133  -23.745  -71.402  -2.349 0.0000000000
13943  -24.282  -71.285  -3.061 0.0000000000
13962  -24.891  -71.135  -4.421 0.0000000000
13981  -24.372  -71.440  -5.223 0.0000000000
13995  -23.035  -70.799  -6.529 0.0000000000
13189  -22.677  -71.833  -6.240 0.0000000000
107055  -22.507  -71.252  -6.609 0.0000000000
107351  -22.293  -70.530  -6.779 0.0000000000
14825  -20.527  -70.018  -6.588 0.0000000000
10794  -11.245  -74.999  1.192 0.0000000000
10819  -11.703  -74.391  0.593 0.0000000000
10817  -9.768  -74.159  0.724 0.0000000000
11501  -9.371  -73.438  0.835 0.0000000000
12273  -9.108  -72.678  1.154 0.0000000000
109412  -7.920  -73.166  2.804 0.0000000000
128375  -8.417  -71.881  2.533 0.0000000000
13087  -8.736  -71.085  2.367 0.0000000000
13846  -9.104  -70.290  2.176 0.0000000000
16385  -8.603  -67.643  3.084 0.0000000000
116069  -6.119  -71.108  2.878 0.0000000000
13844  -6.184  -70.540  3.293 0.0000000000
108909  -6.419  -69.886  3.861 0.0000000000
15520  -5.924  -68.974  3.559 0.0000000000
111322  -6.600  -68.923  4.319 0.0000000000
14680  -7.005  -69.692  4.440 0.0000000000
122644  -7.115  -68.818  4.670 0.0000000000
16372  -8.016  -67.382  3.790 0.0000000000
17278  -8.584  -66.761  3.016 0.0000000000
18210  -8.073  -65.876  3.548 0.0000000000
19169  -8.246  -64.430  3.355 0.0000000000
20053  -7.717  -63.082  3.481 0.0000000000
20052  -6.921  -63.520  3.697 0.0000000000
20984  -7.206  -62.543  3.313 0.0000000000
20985  -8.059  -62.134  3.198 0.0000000000
949  -8.456  -92.089  -15.314 0.0000000000
941  -8.336  -92.188  -14.611 0.0000000000
1264  -7.991  -91.915  -15.172 0.0000000000
1315  -20.033  -91.097  -20.445 0.0000000000
1331  -20.029  -90.742  -21.860 0.0000000000
1763  -20.639  -90.709  -21.101 0.0000000000
126913  -21.379  -90.757  -21.831 0.0000000000
29175  -27.094  -53.781  -8.616 0.0000000000
28322  -26.535  -54.391  -8.341 0.0000000000
28311  -26.908  -55.167  -8.165 0.0000000000
28310  -25.858  -55.022  -8.024 0.0000000000
108784  -25.725  -54.222  -8.270 0.0000000000
26530  -21.975  -56.964  -9.103 0.0000000000
8595  -19.056  -77.414  3.158 0.0000000000
9345  -19.538  -77.197  2.523 0.0000000000
8613  -19.467  -77.873  2.669 0.0000000000
7942  -19.631  -78.650  2.416 0.0000000000
7328  -20.123  -79.425  0.946 0.0000000000
6726  -19.247  -80.358  2.594 0.0000000000
121005  -19.501  -80.193  1.920 0.0000000000
7346  -19.918  -79.908  0.155 0.0000000000
6775  -18.939  -80.485  -0.557 0.0000000000
6774  -18.372  -80.289  -0.563 0.0000000000
7992  -17.831  -78.847  -0.504 0.0000000000
106976  -17.292  -81.884  3.169 0.0000000000
6133  -17.473  -81.706  2.313 0.0000000000
115593  -17.722  -81.529  1.624 0.0000000000
6146  -16.196  -81.218  1.448 0.0000000000
6740  -16.863  -81.030  0.904 0.0000000000
6148  -17.580  -81.289  0.964 0.0000000000
7345  -17.353  -80.388  0.351 0.0000000000
129188  -17.506  -79.155  0.027 0.0000000000
8660  -17.770  -77.918  -0.070 0.0000000000
8649  -17.562  -77.368  0.794 0.0000000000
9362  -17.239  -76.813  1.663 0.0000000000
10089  -16.648  -75.364  1.883 0.0000000000
9344  -16.242  -76.742  2.043 0.0000000000
10062  -16.051  -75.680  2.001 0.0000000000
10776  -15.993  -74.989  2.098 0.0000000000
10797  -14.804  -74.461  2.142 0.0000000000
114298  -14.144  -74.559  2.226 0.0000000000
10085  -12.702  -75.225  2.198 0.0000000000
111076  -13.254  -82.283  -0.071 0.0000000000
6772  -13.612  -81.744  -0.575 0.0000000000
7360  -14.140  -80.984  -0.513 0.0000000000
7388  -14.725  -80.084  -2.394 0.0000000000
7376  -14.412  -80.457  -1.141 0.0000000000
7361  -14.446  -80.175  -0.563 0.0000000000
7990  -14.598  -79.374  -0.215 0.0000000000
8718  -13.748  -77.129  -4.830 0.0000000000
8705  -14.186  -76.917  -4.119 0.0000000000
9425  -14.135  -76.434  -3.431 0.0000000000
8690  -14.930  -76.770  -3.046 0.0000000000
8674  -15.080  -76.897  -2.283 0.0000000000
109231  -15.088  -77.035  -1.470 0.0000000000
9375  -14.674  -75.943  -0.045 0.0000000000
10102  -14.563  -75.682  0.815 0.0000000000
109774  -13.166  -75.915  0.052 0.0000000000
9374  -13.652  -75.663  0.988 0.0000000000
10101  -14.160  -75.517  1.044 0.0000000000
10086  -13.763  -75.514  1.841 0.0000000000
9342  -13.087  -75.503  2.115 0.0000000000
10084  -11.880  -75.466  2.106 0.0000000000
10083  -10.946  -75.666  1.939 0.0000000000
10082  -9.748  -75.711  1.734 0.0000000000
10081  -8.626  -75.279  2.116 0.0000000000
9338  -9.086  -77.035  2.600 0.0000000000
10056  -8.439  -76.164  2.490 0.0000000000
109759  -7.827  -75.371  2.768 0.0000000000
10772  -7.180  -74.921  2.956 0.0000000000
114113  -6.720  -74.326  2.617 0.0000000000
11499  -6.296  -74.024  1.889 0.0000000000
7322  -7.722  -78.258  0.197 0.0000000000
7955  -7.421  -77.898  1.058 0.0000000000
9357  -6.650  -77.310  1.420 0.0000000000
8655  -7.053  -77.555  -0.127 0.0000000000
9380  -6.650  -76.867  0.747 0.0000000000
120667  -6.372  -76.541  1.635 0.0000000000
10099  -6.273  -75.625  1.625 0.0000000000
10815  -6.325  -74.741  1.375 0.0000000000
11518  -6.513  -73.449  1.133 0.0000000000
12281  -7.001  -72.993  0.283 0.0000000000
12294  -7.191  -72.599  -0.606 0.0000000000
12304  -6.930  -72.158  -1.516 0.0000000000
11557  -6.785  -72.613  -2.296 0.0000000000
109514  -18.904  -85.622  -6.016 0.0000000000
4620  -19.926  -84.716  -7.107 0.0000000000
4634  -19.965  -84.653  -8.004 0.0000000000
109019  -20.107  -84.505  -8.871 0.0000000000
4647  -20.355  -84.228  -9.817 0.0000000000
4130  -19.529  -85.018  -10.657 0.0000000000
4659  -20.173  -84.298  -10.831 0.0000000000
4673  -20.421  -83.495  -11.464 0.0000000000
5194  -19.460  -83.000  -13.050 0.0000000000
5201  -18.070  -83.536  -13.086 0.0000000000
113051  -18.688  -86.348  -13.397 0.0000000000
3575  -19.310  -85.658  -14.088 0.0000000000
118691  -19.605  -84.871  -14.305 0.0000000000
4219  -18.610  -84.965  -16.027 0.0000000000
4739  -18.492  -84.530  -15.392 0.0000000000
4730  -18.934  -84.114  -14.847 0.0000000000
4729  -18.288  -84.183  -14.732 0.0000000000
4728  -17.463  -84.540  -14.332 0.0000000000
117060  -16.648  -85.192  -13.825 0.0000000000
124548  -15.419  -86.374  -13.820 0.0000000000
118350  -14.380  -87.266  -13.775 0.0000000000
2597  -13.366  -88.237  -14.188 0.0000000000
3114  -14.214  -87.823  -15.321 0.0000000000
115784  -13.499  -88.331  -14.971 0.0000000000
2596  -12.888  -88.731  -14.549 0.0000000000
114229  -11.708  -89.865  -14.870 0.0000000000
1700  -11.310  -90.344  -15.182 0.0000000000
1265  -9.747  -91.571  -15.942 0.0000000000
2173  -16.936  -89.283  -18.194 0.0000000000
2174  -17.226  -88.676  -18.451 0.0000000000
2652  -17.323  -88.151  -18.981 0.0000000000
2664  -15.859  -87.902  -20.862 0.0000000000
3170  -16.313  -87.640  -20.331 0.0000000000
3159  -16.472  -87.196  -19.695 0.0000000000
3158  -15.751  -86.949  -19.319 0.0000000000
3147  -14.772  -87.303  -18.963 0.0000000000
118330  -12.688  -89.471  -22.751 0.0000000000
116560  -12.843  -89.282  -22.046 0.0000000000
107370  -13.008  -88.909  -21.272 0.0000000000
2195  -11.323  -89.906  -21.628 0.0000000000
2196  -12.205  -89.499  -21.424 0.0000000000
2188  -13.208  -88.502  -20.540 0.0000000000
2657  -13.509  -88.161  -19.786 0.0000000000
113730  -13.942  -88.010  -19.014 0.0000000000
2650  -13.537  -88.239  -18.360 0.0000000000
2641  -13.048  -88.722  -18.060 0.0000000000
2166  -12.446  -89.259  -17.686 0.0000000000
2158  -11.749  -89.873  -17.334 0.0000000000
1730  -10.367  -90.478  -18.735 0.0000000000
1731  -11.158  -90.269  -18.043 0.0000000000
128819  -11.424  -90.208  -16.888 0.0000000000
1721  -10.354  -90.967  -17.107 0.0000000000
1276  -9.635  -91.440  -16.822 0.0000000000
1275  -9.041  -91.845  -16.462 0.0000000000
1274  -8.069  -91.727  -16.748 0.0000000000
1712  -7.979  -91.295  -16.401 0.0000000000
122245  -7.819  -89.872  -18.096 0.0000000000
124142  -20.242  -90.439  -22.699 0.0000000000
1777  -19.766  -90.197  -23.258 0.0000000000
2699  -19.575  -88.841  -23.995 0.0000000000
2700  -20.180  -88.064  -24.268 0.0000000000
2708  -19.905  -88.078  -25.063 0.0000000000
3726  -20.376  -86.884  -26.016 0.0000000000
17312  -21.577  -65.666  -0.381 0.0000000000
17321  -21.395  -65.892  -1.258 0.0000000000
17329  -21.096  -66.086  -2.193 0.0000000000
17328  -20.495  -66.411  -2.631 0.0000000000
17319  -19.836  -66.548  -1.993 0.0000000000
16455  -20.245  -67.287  -3.496 0.0000000000
15582  -20.452  -68.130  -3.622 0.0000000000
14766  -19.724  -68.915  -3.281 0.0000000000
14753  -20.249  -69.444  -1.950 0.0000000000
15580  -17.889  -67.882  -3.540 0.0000000000
14752  -19.310  -69.801  -2.388 0.0000000000
128412  -19.624  -69.826  -1.648 0.0000000000
14725  -19.950  -69.619  -0.616 0.0000000000
13889  -19.934  -69.828  0.568 0.0000000000
13868  -19.692  -70.418  1.318 0.0000000000
16431  -14.831  -67.317  -1.363 0.0000000000
111120  -15.413  -68.246  -2.503 0.0000000000
13918  -16.456  -69.512  -1.983 0.0000000000
13903  -15.135  -70.052  -0.634 0.0000000000
13904  -16.694  -70.049  -0.953 0.0000000000
13093  -19.548  -71.153  1.817 0.0000000000
109045  -19.989  -71.915  1.799 0.0000000000
12274  -19.605  -72.621  2.210 0.0000000000
114247  -19.317  -73.290  2.712 0.0000000000
12262  -18.146  -72.276  3.156 0.0000000000
10765  -19.070  -74.663  3.238 0.0000000000
9321  -18.653  -76.017  3.651 0.0000000000
14696  -11.741  -69.605  2.011 0.0000000000
13848  -11.713  -70.368  1.183 0.0000000000
122039  -11.015  -71.049  4.749 0.0000000000
13052  -10.868  -71.262  3.548 0.0000000000
11480  -10.636  -73.040  3.013 0.0000000000
12238  -10.925  -72.536  2.578 0.0000000000
12259  -11.268  -72.034  2.039 0.0000000000
12260  -12.225  -72.428  2.164 0.0000000000
13070  -12.910  -72.111  1.972 0.0000000000
13053  -13.829  -71.699  2.604 0.0000000000
12222  -15.346  -72.555  4.374 0.0000000000
12223  -16.207  -72.831  4.331 0.0000000000
112822  -15.014  -73.616  5.662 0.0000000000
11469  -17.398  -73.679  4.613 0.0000000000
10757  -17.645  -74.478  4.805 0.0000000000
119815  -18.257  -75.745  4.191 0.0000000000
113044  -18.695  -76.754  3.524 0.0000000000
8583  -18.489  -77.374  3.747 0.0000000000
7914  -18.365  -78.151  3.991 0.0000000000
7913  -17.751  -78.294  4.575 0.0000000000
8573  -16.498  -77.649  5.658 0.0000000000
7900  -17.036  -78.484  5.285 0.0000000000
7285  -17.849  -79.162  4.925 0.0000000000
7276  -17.978  -79.948  5.260 0.0000000000
6686  -17.859  -80.604  5.676 0.0000000000
6082  -17.615  -81.315  5.766 0.0000000000
128438  -13.201  -78.316  6.889 0.0000000000
122403  -13.411  -78.780  6.944 0.0000000000
7273  -14.920  -78.712  7.029 0.0000000000
6669  -13.080  -79.994  7.165 0.0000000000
7250  -14.433  -79.139  7.132 0.0000000000
7251  -15.590  -79.195  7.020 0.0000000000
6671  -16.952  -80.396  7.018 0.0000000000
6052  -17.084  -80.936  7.168 0.0000000000
6081  -16.982  -81.769  6.013 0.0000000000
5518  -16.389  -82.250  5.695 0.0000000000
5517  -15.689  -82.622  6.117 0.0000000000
5516  -14.692  -82.896  5.326 0.0000000000
5005  -15.297  -83.080  7.966 0.0000000000
5511  -14.852  -83.009  6.346 0.0000000000
5515  -13.462  -83.066  5.024 0.0000000000
5525  -13.071  -83.084  4.288 0.0000000000
5523  -12.970  -83.432  4.382 0.0000000000
128786  -12.801  -83.851  2.406 0.0000000000
8546  -6.441  -77.518  7.413 0.0000000000
7879  -6.747  -78.355  6.852 0.0000000000
6663  -7.547  -79.546  6.825 0.0000000000
109667  -7.488  -80.461  8.021 0.0000000000
6650  -7.850  -80.293  7.374 0.0000000000
6063  -8.303  -80.494  7.089 0.0000000000
5510  -8.973  -81.718  7.269 0.0000000000
5504  -9.031  -82.263  7.614 0.0000000000
5491  -10.243  -82.343  8.700 0.0000000000
4982  -7.248  -83.674  9.090 0.0000000000
4463  -7.861  -83.866  8.895 0.0000000000
4458  -8.812  -84.402  9.749 0.0000000000
4464  -8.465  -84.013  8.955 0.0000000000
4983  -9.379  -83.780  9.656 0.0000000000
4984  -10.367  -83.289  10.135 0.0000000000
5471  -11.293  -83.026  10.428 0.0000000000
4974  -12.532  -84.116  11.067 0.0000000000
4460  -13.312  -84.647  10.038 0.0000000000
4472  -13.054  -85.059  7.992 0.0000000000
3903  -12.774  -85.979  7.485 0.0000000000
123423  -12.909  -85.169  6.923 0.0000000000
4478  -12.962  -84.605  6.331 0.0000000000
5017  -12.603  -84.118  5.014 0.0000000000
5031  -12.750  -83.948  3.698 0.0000000000
5550  -12.612  -84.005  1.904 0.0000000000
5569  -11.966  -84.218  0.072 0.0000000000
5581  -11.645  -83.938  -1.099 0.0000000000
5589  -10.860  -83.906  -1.408 0.0000000000
117325  -10.991  -84.569  -0.068 0.0000000000
5082  -10.431  -83.771  -1.252 0.0000000000
5087  -11.524  -83.377  -2.676 0.0000000000
5092  -11.442  -83.458  -3.759 0.0000000000
5102  -11.420  -83.731  -4.619 0.0000000000
5116  -11.995  -83.873  -5.309 0.0000000000
3962  -9.099  -85.897  2.121 0.0000000000
120769  -8.566  -85.705  0.737 0.0000000000
4024  -9.182  -85.436  -1.511 0.0000000000
4031  -7.495  -85.925  -2.216 0.0000000000
119333  -8.622  -85.570  -2.408 0.0000000000
126952  -9.273  -84.995  -2.703 0.0000000000
112854  -9.926  -84.776  -4.396 0.0000000000
4589  -11.724  -84.836  -5.903 0.0000000000
4590  -12.567  -84.738  -5.870 0.0000000000
4591  -14.270  -85.440  -5.462 0.0000000000
122493  -15.037  -85.085  -5.446 0.0000000000
4577  -15.999  -84.574  -4.525 0.0000000000
3461  -12.858  -86.653  -4.637 0.0000000000
4052  -14.940  -85.131  -4.096 0.0000000000
4578  -16.718  -84.258  -4.006 0.0000000000
4567  -16.906  -84.534  -3.229 0.0000000000
4042  -18.119  -85.210  -3.465 0.0000000000
124819  -18.308  -85.605  -3.883 0.0000000000
1883  -8.776  -89.271  10.592 0.0000000000
1443  -9.598  -89.869  9.481 0.0000000000
1894  -8.717  -89.428  9.586 0.0000000000
1905  -8.587  -89.102  7.677 0.0000000000
1912  -8.912  -88.809  6.868 0.0000000000
2389  -8.901  -88.221  4.662 0.0000000000
1936  -9.912  -89.618  4.511 0.0000000000
2390  -9.605  -88.857  4.726 0.0000000000
2402  -8.774  -88.306  3.754 0.0000000000
2413  -7.650  -88.236  1.898 0.0000000000
2423  -7.200  -88.685  1.082 0.0000000000
2451  -6.891  -88.928  -1.351 0.0000000000
790  -9.811  -92.153  2.680 0.0000000000
789  -9.221  -91.917  2.033 0.0000000000
1102  -8.367  -91.158  0.871 0.0000000000
1114  -8.905  -91.637  0.227 0.0000000000
1113  -8.355  -91.402  0.127 0.0000000000
1527  -7.865  -90.897  0.368 0.0000000000
1544  -7.526  -90.326  -0.639 0.0000000000
1993  -7.546  -89.393  -1.519 0.0000000000
124603  -7.416  -88.700  -2.160 0.0000000000
2469  -9.210  -88.397  -2.397 0.0000000000
2964  -10.641  -87.488  -2.587 0.0000000000
3443  -12.434  -86.237  -1.775 0.0000000000
2941  -12.182  -87.186  -0.904 0.0000000000
3433  -13.268  -86.482  -1.567 0.0000000000
4026  -13.709  -85.953  -1.770 0.0000000000
3446  -15.444  -85.974  -2.512 0.0000000000
3456  -17.732  -86.015  -3.515 0.0000000000
3475  -18.368  -86.036  -5.318 0.0000000000
3484  -18.238  -86.107  -6.428 0.0000000000
3498  -18.181  -86.068  -7.485 0.0000000000
3002  -16.450  -87.513  -6.558 0.0000000000
3019  -16.886  -87.000  -7.130 0.0000000000
129535  -17.481  -86.558  -8.544 0.0000000000
3514  -17.524  -86.536  -9.111 0.0000000000
3524  -17.490  -86.608  -10.033 0.0000000000
3050  -17.098  -86.958  -10.792 0.0000000000
107768  -13.218  -89.407  -5.776 0.0000000000
2500  -14.270  -88.939  -6.672 0.0000000000
111958  -14.596  -88.861  -7.473 0.0000000000
2052  -14.106  -89.170  -8.231 0.0000000000
2528  -14.503  -88.922  -8.783 0.0000000000
3032  -15.521  -88.177  -8.313 0.0000000000
113743  -15.961  -87.768  -10.093 0.0000000000
3049  -16.453  -87.472  -10.952 0.0000000000
3057  -16.739  -87.448  -11.870 0.0000000000
2588  -16.371  -88.134  -13.229 0.0000000000
119873  -16.361  -88.299  -13.917 0.0000000000
2117  -14.872  -88.996  -12.471 0.0000000000
2118  -15.374  -88.801  -13.009 0.0000000000
2598  -15.902  -88.691  -14.302 0.0000000000
2136  -15.399  -89.317  -14.664 0.0000000000
2143  -15.537  -89.470  -15.566 0.0000000000
1702  -15.159  -90.147  -15.990 0.0000000000
321  -10.459  -93.325  -5.728 0.0000000000
152  -10.581  -93.976  -5.940 0.0000000000
320  -10.123  -93.392  -6.416 0.0000000000
609  -10.065  -92.847  -6.770 0.0000000000
878  -9.925  -92.552  -7.869 0.0000000000
888  -10.201  -91.835  -8.356 0.0000000000
896  -10.929  -91.915  -9.676 0.0000000000
111553  -10.730  -94.019  -8.887 0.0000000000
175  -10.842  -94.008  -10.389 0.0000000000
360  -10.517  -93.742  -9.805 0.0000000000
351  -10.306  -93.531  -9.169 0.0000000000
636  -10.104  -92.974  -9.962 0.0000000000
901  -10.806  -92.290  -10.380 0.0000000000
902  -11.348  -91.823  -10.407 0.0000000000
1224  -12.311  -91.197  -11.265 0.0000000000
1225  -12.733  -91.017  -12.023 0.0000000000
111846  -12.498  -91.845  -13.449 0.0000000000
1251  -13.106  -91.307  -13.567 0.0000000000
1694  -13.617  -90.997  -14.169 0.0000000000
1260  -14.153  -90.784  -15.022 0.0000000000
1701  -14.525  -90.706  -15.772 0.0000000000
1716  -15.417  -90.195  -16.654 0.0000000000
1723  -15.391  -90.607  -17.295 0.0000000000
124219  -15.251  -91.106  -17.971 0.0000000000
109422  -14.440  -91.686  -18.395 0.0000000000
1297  -14.543  -91.957  -19.352 0.0000000000
976  -14.050  -92.596  -19.849 0.0000000000
689  -14.740  -93.125  -20.663 0.0000000000
400  -12.414  -94.172  -15.554 0.0000000000
412  -12.534  -93.398  -17.007 0.0000000000
122773  -12.842  -93.326  -17.848 0.0000000000
408  -14.035  -93.562  -16.608 0.0000000000
413  -14.239  -93.490  -17.548 0.0000000000
419  -13.539  -93.523  -18.407 0.0000000000
425  -13.857  -93.854  -19.642 0.0000000000
440  -14.988  -93.546  -20.644 0.0000000000
120107  -15.605  -92.964  -21.205 0.0000000000
441  -15.879  -93.430  -20.897 0.0000000000
442  -16.792  -93.448  -21.155 0.0000000000
116564  -18.258  -93.097  -21.041 0.0000000000
229  -17.372  -93.986  -19.134 0.0000000000
435  -18.296  -93.419  -20.530 0.0000000000
444  -18.762  -92.991  -20.501 0.0000000000
445  -18.938  -93.356  -20.372 0.0000000000
446  -19.413  -92.874  -20.011 0.0000000000
113143  -19.629  -92.513  -19.772 0.0000000000
118244  -16.869  -93.278  -14.128 0.0000000000
386  -17.753  -93.409  -14.145 0.0000000000
929  -17.802  -92.624  -13.565 0.0000000000
667  -18.217  -93.304  -13.876 0.0000000000
394  -18.159  -93.567  -14.449 0.0000000000
208  -18.878  -94.105  -15.593 0.0000000000
214  -19.227  -94.200  -16.344 0.0000000000
220  -19.546  -94.119  -17.121 0.0000000000
402  -21.049  -93.935  -15.787 0.0000000000
216  -20.873  -94.140  -16.531 0.0000000000
415  -20.426  -93.876  -17.835 0.0000000000
108399  -20.336  -93.447  -18.605 0.0000000000
688  -20.361  -92.851  -18.847 0.0000000000
1306  -20.201  -91.390  -19.568 0.0000000000
1307  -20.884  -91.061  -19.092 0.0000000000
1308  -21.727  -90.931  -18.810 0.0000000000
1734  -22.527  -90.913  -18.694 0.0000000000
967  -23.244  -92.266  -16.853 0.0000000000
124308  -23.312  -91.233  -18.232 0.0000000000
120255  -23.975  -91.157  -18.851 0.0000000000
23780  -29.421  -59.890  -3.269 0.0000000000
23791  -29.827  -59.836  -4.335 0.0000000000
16457  -22.621  -67.081  -3.212 0.0000000000
123175  -23.118  -66.534  -3.246 0.0000000000
17343  -24.696  -66.541  -2.306 0.0000000000
120144  -25.346  -67.258  -2.195 0.0000000000
124159  -24.820  -65.994  -2.447 0.0000000000
18277  -27.156  -65.147  -2.856 0.0000000000
125060  -27.043  -67.739  -3.926 0.0000000000
16507  -27.389  -68.076  -5.935 0.0000000000
16485  -27.642  -67.533  -5.128 0.0000000000
124710  -27.449  -67.197  -4.206 0.0000000000
18292  -27.560  -65.679  -3.384 0.0000000000
19241  -27.808  -64.896  -3.286 0.0000000000
19242  -28.418  -64.510  -3.677 0.0000000000
20154  -29.485  -64.108  -4.833 0.0000000000
21097  -29.550  -62.493  -4.064 0.0000000000
22850  -29.905  -60.763  -4.694 0.0000000000
117848  -30.129  -59.461  -5.204 0.0000000000
24742  -30.117  -59.467  -5.846 0.0000000000
23819  -30.012  -60.022  -6.364 0.0000000000
22005  -29.440  -61.393  -6.810 0.0000000000
24754  -29.546  -59.362  -6.809 0.0000000000
24776  -28.358  -58.399  -7.568 0.0000000000
24775  -27.612  -58.889  -7.673 0.0000000000
20200  -26.890  -63.820  -7.754 0.0000000000
21144  -26.339  -62.968  -7.631 0.0000000000
113899  -26.452  -61.991  -7.562 0.0000000000
22020  -26.623  -61.154  -7.566 0.0000000000
22916  -26.827  -60.274  -7.608 0.0000000000
23848  -26.791  -59.338  -7.626 0.0000000000
123717  -26.835  -58.594  -7.669 0.0000000000
25649  -26.351  -57.990  -7.572 0.0000000000
24773  -25.425  -58.135  -7.482 0.0000000000
108397  -24.773  -57.793  -7.683 0.0000000000
116579  -23.955  -58.721  -7.596 0.0000000000
24771  -23.980  -58.063  -7.834 0.0000000000
24796  -23.143  -58.090  -8.233 0.0000000000
120061  -21.935  -57.593  -8.808 0.0000000000
25663  -21.308  -57.342  -9.010 0.0000000000
120809  -20.004  -77.117  1.837 0.0000000000
9378  -20.915  -77.312  0.152 0.0000000000
8662  -21.221  -77.724  -0.625 0.0000000000
7994  -20.842  -78.689  -0.799 0.0000000000
8676  -21.303  -78.101  -1.460 0.0000000000
8663  -21.603  -77.202  -1.165 0.0000000000
9413  -21.953  -76.904  -2.714 0.0000000000
9428  -21.701  -77.161  -3.718 0.0000000000
126175  -21.365  -76.631  -4.988 0.0000000000
8675  -18.319  -77.316  -1.867 0.0000000000
9412  -18.699  -77.015  -2.844 0.0000000000
122654  -19.146  -77.201  -3.666 0.0000000000
10841  -18.272  -74.828  -2.497 0.0000000000
108285  -18.656  -75.326  -3.345 0.0000000000
9427  -19.309  -76.825  -4.309 0.0000000000
10140  -19.465  -76.357  -4.995 0.0000000000
9451  -20.411  -76.427  -5.479 0.0000000000
10155  -20.553  -75.676  -5.891 0.0000000000
10872  -19.847  -74.440  -6.257 0.0000000000
11589  -19.640  -73.355  -6.286 0.0000000000
12344  -18.394  -72.510  -5.008 0.0000000000
12358  -19.131  -72.382  -5.953 0.0000000000
13172  -19.394  -71.406  -6.277 0.0000000000
13979  -19.156  -70.521  -6.249 0.0000000000
14824  -19.555  -69.769  -6.437 0.0000000000
14823  -18.787  -69.269  -6.319 0.0000000000
11521  -11.289  -73.756  -0.210 0.0000000000
11539  -11.812  -73.307  -0.708 0.0000000000
12297  -12.266  -72.958  -1.157 0.0000000000
13103  -9.896  -71.395  0.089 0.0000000000
12295  -10.809  -72.280  -0.831 0.0000000000
12296  -11.541  -72.502  -1.178 0.0000000000
13122  -11.760  -71.688  -1.674 0.0000000000
13128  -12.461  -71.701  -2.163 0.0000000000
122440  -12.598  -71.098  -2.586 0.0000000000
120963  -9.908  -67.236  0.735 0.0000000000
16429  -10.490  -68.067  -0.286 0.0000000000
17325  -10.678  -66.504  -0.910 0.0000000000
16438  -10.657  -67.290  -0.899 0.0000000000
15561  -10.819  -68.249  -1.021 0.0000000000
14747  -11.528  -69.038  -1.888 0.0000000000
13929  -12.436  -70.355  -2.739 0.0000000000
13930  -13.045  -70.807  -3.032 0.0000000000
13941  -14.275  -70.654  -3.677 0.0000000000
14779  -14.829  -70.200  -4.238 0.0000000000
14792  -15.149  -69.464  -4.673 0.0000000000
15606  -14.182  -68.449  -4.444 0.0000000000
15607  -15.411  -68.806  -5.087 0.0000000000
110452  -16.573  -69.590  -5.345 0.0000000000
128847  -16.810  -68.956  -5.629 0.0000000000
15622  -18.053  -68.928  -6.174 0.0000000000
110099  -19.327  -68.104  -6.510 0.0000000000
16523  -19.699  -67.480  -6.608 0.0000000000
17402  -19.297  -66.684  -6.555 0.0000000000
108446  -19.886  -65.938  -6.696 0.0000000000
17387  -18.074  -65.938  -6.087 0.0000000000
18345  -18.934  -65.777  -6.363 0.0000000000
18346  -19.655  -65.089  -6.502 0.0000000000
19288  -20.173  -64.407  -6.580 0.0000000000
20180  -20.522  -63.681  -6.577 0.0000000000
109758  -19.940  -63.054  -6.332 0.0000000000
20136  -16.701  -63.850  -2.514 0.0000000000
20137  -17.433  -63.703  -3.190 0.0000000000
20152  -17.908  -63.499  -3.990 0.0000000000
21108  -16.100  -62.423  -4.905 0.0000000000
21096  -17.549  -62.956  -4.726 0.0000000000
118698  -17.952  -63.087  -5.104 0.0000000000
21111  -18.303  -62.826  -5.673 0.0000000000
21112  -19.067  -62.894  -6.087 0.0000000000
21127  -20.365  -62.287  -6.591 0.0000000000
21999  -19.904  -61.634  -6.795 0.0000000000
22889  -20.319  -61.011  -7.237 0.0000000000
22912  -19.813  -60.434  -7.654 0.0000000000
22910  -18.025  -60.456  -7.444 0.0000000000
23841  -19.279  -59.838  -7.974 0.0000000000
23842  -20.174  -59.760  -8.114 0.0000000000
23867  -20.428  -59.001  -8.412 0.0000000000
25662  -20.602  -57.738  -8.897 0.0000000000
25684  -20.566  -56.835  -9.245 0.0000000000
26542  -19.755  -56.610  -9.323 0.0000000000
121198  -18.961  -56.847  -9.252 0.0000000000
117772  -18.505  -56.094  -9.481 0.0000000000
25659  -16.437  -57.586  -8.786 0.0000000000
25681  -17.505  -56.918  -9.244 0.0000000000
26541  -17.691  -56.193  -9.495 0.0000000000
117518  -17.167  -55.548  -9.631 0.0000000000
27463  -16.324  -55.441  -9.542 0.0000000000
28329  -16.086  -54.527  -9.497 0.0000000000
24752  -13.468  -58.426  -6.658 0.0000000000
25637  -12.963  -57.687  -7.096 0.0000000000
25646  -13.356  -57.277  -7.678 0.0000000000
26517  -12.117  -56.020  -7.158 0.0000000000
26518  -12.888  -56.051  -7.692 0.0000000000
112780  -14.141  -55.133  -8.670 0.0000000000
27461  -14.347  -54.381  -9.120 0.0000000000
28328  -15.171  -53.995  -9.434 0.0000000000
5134  -20.772  -83.677  -7.030 0.0000000000
5650  -21.002  -82.656  -7.577 0.0000000000
5661  -20.744  -82.263  -8.009 0.0000000000
112007  -20.216  -82.454  -10.134 0.0000000000
5672  -19.982  -82.196  -9.102 0.0000000000
5660  -19.309  -81.909  -8.352 0.0000000000
5659  -18.580  -82.124  -8.702 0.0000000000
6254  -17.498  -81.746  -9.340 0.0000000000
5671  -16.686  -82.078  -9.430 0.0000000000
4140  -15.575  -85.578  -11.625 0.0000000000
4128  -16.064  -85.027  -10.779 0.0000000000
4657  -16.338  -84.519  -9.675 0.0000000000
3530  -14.339  -86.033  -9.799 0.0000000000
4126  -14.864  -85.314  -9.267 0.0000000000
4645  -16.248  -84.203  -8.967 0.0000000000
5151  -15.830  -83.678  -8.770 0.0000000000
5656  -15.637  -83.109  -9.018 0.0000000000
5669  -14.884  -82.674  -9.537 0.0000000000
5680  -13.472  -82.085  -10.231 0.0000000000
5175  -12.074  -82.798  -10.167 0.0000000000
5666  -10.725  -82.690  -9.863 0.0000000000
5162  -10.419  -84.472  -9.709 0.0000000000
5149  -9.915  -83.806  -9.581 0.0000000000
5654  -10.102  -82.913  -9.126 0.0000000000
5144  -9.323  -83.724  -8.118 0.0000000000
5129  -9.066  -83.751  -6.469 0.0000000000
4587  -8.422  -84.060  -5.918 0.0000000000
934  -8.131  -92.234  -13.819 0.0000000000
1237  -8.810  -91.733  -12.461 0.0000000000
123649  -8.039  -91.837  -11.912 0.0000000000
112075  -6.307  -90.677  -12.266 0.0000000000
1210  -7.243  -91.277  -11.032 0.0000000000
1211  -7.903  -91.231  -10.540 0.0000000000
112563  -8.175  -90.698  -9.774 0.0000000000
1618  -7.706  -90.156  -9.229 0.0000000000
2059  -7.740  -88.867  -8.734 0.0000000000
3566  -5.937  -86.866  -14.053 0.0000000000
4707  -6.458  -84.728  -12.943 0.0000000000
3548  -6.066  -86.445  -12.391 0.0000000000
109494  -6.276  -87.756  -11.522 0.0000000000
3046  -6.574  -87.853  -10.615 0.0000000000
2535  -7.134  -88.601  -9.288 0.0000000000
2510  -7.730  -88.138  -8.380 0.0000000000
3013  -7.478  -87.466  -7.783 0.0000000000
112245  -7.138  -86.826  -7.285 0.0000000000
3493  -6.962  -86.236  -6.945 0.0000000000
4625  -6.239  -85.151  -7.911 0.0000000000
4617  -6.495  -84.977  -7.040 0.0000000000
4075  -6.888  -85.422  -6.721 0.0000000000
4602  -7.360  -84.815  -6.293 0.0000000000
4585  -7.095  -84.038  -5.732 0.0000000000
5113  -7.575  -83.282  -5.362 0.0000000000
5606  -7.007  -82.268  -5.219 0.0000000000
6215  -6.677  -81.486  -5.509 0.0000000000
116921  -6.627  -80.826  -5.763 0.0000000000
112633  -6.607  -81.206  -7.335 0.0000000000
6827  -6.705  -79.932  -6.045 0.0000000000
7416  -6.817  -79.401  -5.375 0.0000000000
8048  -7.318  -78.600  -5.462 0.0000000000
8740  -8.053  -77.945  -6.020 0.0000000000
8729  -8.440  -77.196  -5.471 0.0000000000
8088  -6.870  -78.793  -10.928 0.0000000000
8085  -7.490  -78.586  -9.550 0.0000000000
8767  -7.874  -78.110  -9.049 0.0000000000
9493  -7.430  -76.617  -9.296 0.0000000000
122819  -8.147  -77.576  -8.508 0.0000000000
8755  -8.682  -76.959  -7.251 0.0000000000
9461  -8.712  -76.527  -6.554 0.0000000000
10153  -8.584  -75.911  -5.249 0.0000000000
80  -11.763  -94.640  -10.085 0.0000000000
87  -11.585  -94.740  -10.957 0.0000000000
88  -12.004  -95.059  -11.016 0.0000000000
89  -12.221  -95.114  -10.974 0.0000000000
100  -11.932  -94.622  -12.592 0.0000000000
106  -12.413  -94.388  1.976 0.0000000000
112  -12.416  -94.754  0.810 0.0000000000
131  -11.217  -94.219  -2.439 0.0000000000
135  -10.958  -93.483  -4.414 0.0000000000
151  -10.265  -93.897  -6.226 0.0000000000
166  -11.027  -94.178  -8.034 0.0000000000
169  -10.299  -93.579  -8.649 0.0000000000
170  -10.318  -93.846  -9.104 0.0000000000
182  -11.412  -94.412  -11.395 0.0000000000
183  -11.706  -94.533  -12.416 0.0000000000
186  -11.243  -94.259  -12.933 0.0000000000
198  -18.545  -93.806  -14.934 0.0000000000
200  -19.864  -93.828  -15.343 0.0000000000
209  -19.602  -94.106  -15.755 0.0000000000
215  -19.995  -94.195  -16.455 0.0000000000
219  -19.049  -93.842  -17.744 0.0000000000
221  -20.271  -94.108  -17.208 0.0000000000
226  -19.182  -93.663  -18.346 0.0000000000
227  -15.670  -94.197  -19.222 0.0000000000
228  -16.519  -94.141  -19.163 0.0000000000
234  -17.901  -93.761  -19.858 0.0000000000
248  -11.020  -92.830  2.690 0.0000000000
263  -11.538  -94.133  1.550 0.0000000000
272  -11.796  -94.503  0.826 0.0000000000
284  -11.409  -94.128  -1.662 0.0000000000
300  -10.620  -92.787  -4.346 0.0000000000
301  -10.834  -93.270  -4.264 0.0000000000
331  -10.062  -93.391  -7.530 0.0000000000
332  -9.960  -93.417  -6.987 0.0000000000
359  -10.328  -93.444  -9.902 0.0000000000
379  -10.942  -93.669  -11.960 0.0000000000
387  -18.619  -93.579  -14.179 0.0000000000
388  -19.107  -93.648  -14.333 0.0000000000
396  -19.423  -93.685  -14.784 0.0000000000
398  -20.919  -93.595  -15.310 0.0000000000
401  -13.246  -94.214  -15.407 0.0000000000
405  -11.813  -93.665  -16.029 0.0000000000
406  -12.137  -93.788  -16.177 0.0000000000
417  -21.343  -93.660  -17.583 0.0000000000
421  -19.535  -93.493  -18.694 0.0000000000
422  -20.149  -93.562  -18.383 0.0000000000
423  -20.758  -93.627  -18.045 0.0000000000
424  -13.453  -93.615  -19.134 0.0000000000
426  -14.820  -94.136  -19.262 0.0000000000
428  -18.616  -93.645  -19.587 0.0000000000
429  -19.174  -93.461  -19.424 0.0000000000
432  -14.386  -94.094  -19.811 0.0000000000
436  -18.543  -93.802  -19.824 0.0000000000
437  -19.074  -93.524  -20.079 0.0000000000
439  -19.610  -92.933  -19.570 0.0000000000
443  -17.682  -93.358  -21.247 0.0000000000
447  -16.353  -93.107  -21.666 0.0000000000
448  -17.136  -93.216  -21.947 0.0000000000
450  -18.381  -92.831  -21.270 0.0000000000
451  -18.713  -92.762  -21.070 0.0000000000
452  -19.033  -92.994  -20.497 0.0000000000
500  -10.614  -92.208  3.807 0.0000000000
516  -10.145  -92.824  2.223 0.0000000000
517  -10.751  -92.868  2.526 0.0000000000
614  -10.011  -93.189  -8.000 0.0000000000
629  -10.122  -93.108  -9.208 0.0000000000
645  -10.761  -92.967  -12.053 0.0000000000
654  -10.711  -93.537  -12.787 0.0000000000
665  -16.130  -93.105  -13.778 0.0000000000
669  -11.023  -93.779  -14.524 0.0000000000
672  -20.246  -93.367  -14.909 0.0000000000
673  -21.613  -93.305  -15.076 0.0000000000
674  -22.062  -92.751  -14.914 0.0000000000
682  -12.694  -93.074  -18.499 0.0000000000
684  -21.624  -93.192  -17.595 0.0000000000
685  -13.068  -93.265  -18.987 0.0000000000
687  -19.962  -92.168  -19.337 0.0000000000
691  -19.283  -92.422  -20.447 0.0000000000
694  -17.348  -92.948  -22.676 0.0000000000
697  -17.856  -92.697  -22.831 0.0000000000
698  -18.237  -92.524  -22.527 0.0000000000
699  -18.458  -92.357  -22.563 0.0000000000
701  -17.964  -92.403  -23.556 0.0000000000
762  -10.512  -91.784  4.920 0.0000000000
780  -9.856  -91.892  3.439 0.0000000000
819  -9.717  -91.531  0.411 0.0000000000
828  -11.470  -91.950  -1.542 0.0000000000
837  -10.985  -92.312  -2.503 0.0000000000
844  -10.367  -92.257  -4.372 0.0000000000
863  -10.052  -92.011  -5.819 0.0000000000
871  -10.117  -92.357  -7.114 0.0000000000
879  -10.184  -91.912  -7.622 0.0000000000
887  -9.939  -92.529  -8.373 0.0000000000
894  -10.146  -92.728  -9.585 0.0000000000
895  -10.294  -92.352  -9.125 0.0000000000
900  -10.365  -92.705  -10.250 0.0000000000
922  -7.996  -92.143  -12.904 0.0000000000
924  -11.486  -92.280  -12.164 0.0000000000
937  -12.041  -92.414  -13.848 0.0000000000
938  -18.572  -92.892  -13.729 0.0000000000
942  -8.926  -92.164  -14.958 0.0000000000
943  -11.396  -92.951  -14.473 0.0000000000
946  -20.362  -92.681  -14.840 0.0000000000
948  -8.091  -92.056  -15.013 0.0000000000
950  -8.959  -92.104  -15.705 0.0000000000
957  -8.325  -91.987  -16.121 0.0000000000
960  -12.763  -92.037  -17.230 0.0000000000
965  -12.411  -92.603  -17.922 0.0000000000
975  -13.304  -92.910  -19.238 0.0000000000
977  -20.516  -91.919  -18.847 0.0000000000
980  -15.619  -92.181  -21.144 0.0000000000
982  -19.614  -91.773  -20.139 0.0000000000
988  -19.047  -91.755  -21.770 0.0000000000
989  -16.778  -91.505  -23.609 0.0000000000
990  -16.906  -92.208  -23.437 0.0000000000
995  -18.263  -92.105  -23.703 0.0000000000
996  -18.461  -91.748  -23.761 0.0000000000
997  -16.861  -90.653  -24.675 0.0000000000
998  -17.332  -91.205  -24.848 0.0000000000
999  -17.884  -91.576  -24.756 0.0000000000
1055  -11.737  -91.621  6.527 0.0000000000
1083  -9.382  -90.566  3.191 0.0000000000
1094  -9.031  -91.092  2.244 0.0000000000
1103  -8.819  -91.484  1.428 0.0000000000
1112  -7.902  -90.934  -0.286 0.0000000000
1127  -8.578  -91.139  -0.136 0.0000000000
1130  -11.343  -90.863  -0.743 0.0000000000
1171  -10.117  -91.873  -6.651 0.0000000000
1173  -10.761  -90.836  -5.614 0.0000000000
1188  -10.758  -91.259  -7.619 0.0000000000
1198  -10.718  -91.800  -8.830 0.0000000000
1213  -12.632  -90.708  -10.534 0.0000000000
1220  -7.021  -91.562  -11.784 0.0000000000
1221  -7.422  -91.682  -11.669 0.0000000000
1222  -8.429  -91.439  -11.131 0.0000000000
1223  -8.875  -91.499  -11.731 0.0000000000
1235  -6.775  -91.362  -12.352 0.0000000000
1250  -12.682  -91.882  -14.095 0.0000000000
1284  -8.797  -91.606  -17.231 0.0000000000
1289  -22.974  -91.765  -17.510 0.0000000000
1291  -24.643  -92.004  -16.651 0.0000000000
1294  -7.899  -90.971  -18.062 0.0000000000
1296  -8.705  -91.315  -17.921 0.0000000000
1309  -23.204  -90.829  -19.176 0.0000000000
1316  -20.664  -90.728  -19.961 0.0000000000
1317  -23.108  -90.964  -20.562 0.0000000000
1323  -19.907  -90.990  -21.180 0.0000000000
1324  -21.763  -90.662  -22.620 0.0000000000
1338  -16.736  -90.530  -23.966 0.0000000000
1344  -17.703  -90.426  -25.510 0.0000000000
1345  -18.206  -90.498  -25.413 0.0000000000
1346  -18.512  -90.269  -25.008 0.0000000000
1435  -9.363  -89.710  10.237 0.0000000000
1461  -10.787  -89.698  7.946 0.0000000000
1462  -11.514  -89.974  7.192 0.0000000000
1485  -10.848  -90.345  5.756 0.0000000000
1495  -9.999  -90.562  4.410 0.0000000000
1505  -9.282  -89.765  3.153 0.0000000000
1515  -8.311  -89.833  2.102 0.0000000000
1526  -7.414  -90.467  -0.019 0.0000000000
1546  -8.483  -90.567  -0.449 0.0000000000
1549  -11.207  -90.211  -0.508 0.0000000000
1562  -7.217  -89.700  -1.139 0.0000000000
1563  -7.625  -90.061  -1.047 0.0000000000
1571  -11.157  -91.201  -3.124 0.0000000000
1580  -10.746  -91.442  -3.951 0.0000000000
1589  -11.043  -90.800  -4.978 0.0000000000
1619  -11.771  -90.818  -8.078 0.0000000000
1629  -8.510  -90.130  -9.016 0.0000000000
1630  -9.109  -90.486  -9.753 0.0000000000
1644  -7.444  -90.702  -10.086 0.0000000000
1645  -8.757  -91.027  -10.428 0.0000000000
1655  -6.678  -91.057  -11.543 0.0000000000
1657  -10.124  -90.560  -11.346 0.0000000000
1659  -13.973  -89.709  -11.941 0.0000000000
1674  -11.012  -90.271  -12.986 0.0000000000
1676  -14.358  -89.548  -12.625 0.0000000000
1686  -14.252  -89.933  -13.395 0.0000000000
1692  -10.749  -90.800  -14.763 0.0000000000
1697  -7.992  -91.526  -15.459 0.0000000000
1713  -10.315  -91.129  -16.432 0.0000000000
1714  -11.016  -90.557  -16.524 0.0000000000
1715  -14.867  -90.701  -16.569 0.0000000000
1722  -11.052  -90.457  -17.296 0.0000000000
1742  -10.940  -90.166  -19.401 0.0000000000
1745  -21.448  -90.620  -19.567 0.0000000000
1746  -22.294  -90.644  -19.325 0.0000000000
1752  -10.650  -90.118  -20.192 0.0000000000
1753  -16.995  -90.434  -20.707 0.0000000000
1769  -19.582  -90.759  -22.514 0.0000000000
1775  -16.702  -90.283  -23.535 0.0000000000
1791  -18.780  -90.034  -24.757 0.0000000000
1793  -16.767  -89.718  -25.256 0.0000000000
1796  -18.764  -89.482  -24.906 0.0000000000
1797  -18.365  -89.185  -25.861 0.0000000000
1798  -18.677  -89.052  -25.049 0.0000000000
1893  -8.104  -88.907  9.315 0.0000000000
1895  -9.151  -89.685  8.887 0.0000000000
1902  -8.414  -89.215  8.582 0.0000000000
1914  -10.769  -89.575  6.282 0.0000000000
1924  -10.030  -89.077  5.347 0.0000000000
1925  -10.553  -89.540  5.735 0.0000000000
1953  -8.279  -88.912  2.432 0.0000000000
1959  -7.191  -89.534  0.832 0.0000000000
1969  -9.979  -89.082  0.110 0.0000000000
1977  -6.912  -89.412  -0.707 0.0000000000
1979  -9.597  -89.649  -0.048 0.0000000000
1980  -10.492  -89.086  0.082 0.0000000000
1981  -11.125  -89.347  -0.162 0.0000000000
1994  -8.163  -89.475  -1.484 0.0000000000
2007  -7.184  -88.930  -1.846 0.0000000000
2008  -7.876  -88.949  -2.207 0.0000000000
2021  -12.767  -89.194  -3.496 0.0000000000
2022  -13.510  -88.462  -3.269 0.0000000000
2043  -12.700  -89.736  -6.095 0.0000000000
2049  -8.008  -88.687  -8.379 0.0000000000
2050  -12.707  -89.890  -6.913 0.0000000000
2051  -13.441  -89.684  -7.995 0.0000000000
2060  -8.025  -89.410  -8.580 0.0000000000
2064  -14.064  -89.248  -8.944 0.0000000000
2072  -7.385  -89.137  -9.149 0.0000000000
2073  -7.548  -89.506  -9.019 0.0000000000
2076  -10.957  -88.719  -8.862 0.0000000000
2077  -13.743  -89.561  -9.428 0.0000000000
2085  -6.582  -89.596  -10.531 0.0000000000
2086  -10.053  -90.117  -9.964 0.0000000000
2099  -10.933  -89.870  -11.358 0.0000000000
2116  -11.864  -89.306  -12.483 0.0000000000
2123  -11.631  -89.639  -13.039 0.0000000000
2134  -12.372  -89.159  -14.038 0.0000000000
2137  -16.003  -88.811  -15.166 0.0000000000
2178  -11.760  -89.603  -19.161 0.0000000000
2192  -8.144  -89.181  -21.748 0.0000000000
2206  -15.739  -88.932  -22.770 0.0000000000
2216  -19.552  -89.518  -23.770 0.0000000000
2226  -13.384  -89.243  -24.032 0.0000000000
2234  -19.105  -89.651  -24.352 0.0000000000
2239  -17.366  -89.797  -25.657 0.0000000000
2240  -19.031  -88.810  -25.258 0.0000000000
2242  -15.877  -88.091  -26.610 0.0000000000
2246  -18.942  -88.828  -25.891 0.0000000000
2247  -19.551  -88.158  -25.500 0.0000000000
2321  -8.286  -88.206  10.527 0.0000000000
2359  -7.537  -87.850  7.151 0.0000000000
2368  -8.231  -88.245  6.589 0.0000000000
2369  -9.227  -88.593  6.020 0.0000000000
2401  -7.958  -87.845  2.747 0.0000000000
2441  -11.067  -88.512  -0.142 0.0000000000
2452  -9.546  -88.446  -1.022 0.0000000000
2453  -10.450  -87.909  -0.741 0.0000000000
2455  -12.456  -87.730  -1.017 0.0000000000
2467  -7.607  -88.391  -2.819 0.0000000000
2468  -8.339  -88.548  -2.863 0.0000000000
2476  -7.028  -87.883  -3.007 0.0000000000
2478  -7.962  -88.060  -3.579 0.0000000000
2480  -9.798  -88.140  -2.906 0.0000000000
2481  -14.243  -87.977  -3.581 0.0000000000
2482  -15.000  -87.720  -3.901 0.0000000000
2489  -14.445  -88.195  -4.414 0.0000000000
2497  -15.281  -88.127  -5.579 0.0000000000
2509  -7.303  -87.681  -8.178 0.0000000000
2511  -7.996  -88.147  -8.001 0.0000000000
2513  -9.619  -87.735  -7.795 0.0000000000
2514  -14.867  -88.702  -8.221 0.0000000000
2523  -7.528  -88.354  -8.754 0.0000000000
2525  -9.398  -88.560  -7.946 0.0000000000
2527  -11.286  -87.997  -8.547 0.0000000000
2529  -15.073  -88.538  -8.950 0.0000000000
2537  -12.267  -87.671  -9.394 0.0000000000
2544  -6.744  -88.678  -10.128 0.0000000000
2545  -11.798  -88.660  -10.317 0.0000000000
2546  -12.277  -88.119  -10.201 0.0000000000
2548  -15.358  -88.290  -10.543 0.0000000000
2587  -15.860  -88.565  -13.511 0.0000000000
2651  -14.180  -87.841  -18.193 0.0000000000
2676  -9.744  -88.812  -23.131 0.0000000000
2688  -11.225  -88.589  -24.235 0.0000000000
2689  -19.878  -88.845  -23.765 0.0000000000
2711  -13.578  -87.329  -26.618 0.0000000000
2714  -15.410  -88.330  -26.217 0.0000000000
2717  -15.105  -87.663  -26.585 0.0000000000
2718  -17.557  -88.508  -26.527 0.0000000000
2719  -18.262  -88.546  -26.614 0.0000000000
2720  -18.971  -88.525  -26.546 0.0000000000
2722  -17.127  -88.082  -26.879 0.0000000000
2724  -18.570  -88.105  -27.061 0.0000000000
2725  -19.360  -88.031  -27.066 0.0000000000
2726  -19.822  -87.684  -26.828 0.0000000000
2804  -8.496  -87.368  11.839 0.0000000000
2817  -10.821  -87.240  10.687 0.0000000000
2825  -9.506  -87.497  9.683 0.0000000000
2828  -12.134  -86.803  9.831 0.0000000000
2840  -11.107  -87.758  9.088 0.0000000000
2854  -12.214  -87.286  8.084 0.0000000000
2882  -7.518  -86.861  4.328 0.0000000000
2902  -6.775  -86.043  1.899 0.0000000000
2940  -11.601  -87.377  -0.747 0.0000000000
2953  -11.070  -87.301  -1.134 0.0000000000
2954  -12.837  -87.098  -1.281 0.0000000000
2962  -6.838  -87.543  -2.641 0.0000000000
2965  -11.575  -86.703  -1.845 0.0000000000
2966  -14.289  -86.868  -2.336 0.0000000000
2970  -7.139  -87.505  -3.153 0.0000000000
2971  -7.652  -87.462  -3.689 0.0000000000
2974  -14.733  -87.378  -3.026 0.0000000000
2976  -16.237  -87.015  -3.706 0.0000000000
2981  -9.389  -87.909  -4.774 0.0000000000
2983  -11.390  -87.386  -4.571 0.0000000000
2991  -10.713  -87.298  -5.536 0.0000000000
2995  -17.259  -86.954  -5.222 0.0000000000
3015  -8.770  -87.390  -7.721 0.0000000000
3017  -15.836  -87.919  -7.701 0.0000000000
3028  -7.089  -87.800  -8.725 0.0000000000
3039  -6.864  -87.907  -9.699 0.0000000000
3040  -11.831  -87.491  -8.730 0.0000000000
3042  -15.740  -87.940  -9.119 0.0000000000
3054  -6.086  -86.962  -11.729 0.0000000000
3067  -5.942  -88.181  -13.231 0.0000000000
3073  -13.399  -87.659  -12.445 0.0000000000
3084  -13.810  -87.724  -13.813 0.0000000000
3131  -14.888  -87.310  -16.779 0.0000000000
3141  -15.363  -86.980  -17.542 0.0000000000
3160  -17.078  -87.516  -19.342 0.0000000000
3166  -7.925  -88.087  -20.889 0.0000000000
3172  -7.957  -86.675  -22.553 0.0000000000
3184  -8.642  -86.875  -23.812 0.0000000000
3190  -20.338  -87.306  -25.032 0.0000000000
3193  -10.512  -86.396  -24.304 0.0000000000
3194  -10.925  -86.628  -25.258 0.0000000000
3195  -11.590  -86.475  -25.975 0.0000000000
3197  -20.254  -87.438  -25.775 0.0000000000
3201  -13.925  -86.914  -27.032 0.0000000000
3202  -20.242  -87.313  -26.422 0.0000000000
3203  -15.107  -87.177  -26.826 0.0000000000
3204  -16.457  -87.746  -26.905 0.0000000000
3205  -19.484  -87.285  -27.243 0.0000000000
3206  -20.094  -87.133  -27.001 0.0000000000
3207  -15.548  -87.082  -27.040 0.0000000000
3208  -17.205  -87.468  -27.000 0.0000000000
3209  -18.067  -87.534  -27.121 0.0000000000
3285  -11.189  -85.859  11.414 0.0000000000
3296  -9.257  -86.796  10.622 0.0000000000
3297  -10.727  -86.409  11.155 0.0000000000
3310  -11.567  -86.976  10.514 0.0000000000
3319  -9.531  -87.025  8.265 0.0000000000
3327  -7.583  -86.854  7.198 0.0000000000
3331  -12.511  -87.013  7.167 0.0000000000
3339  -8.058  -86.420  6.657 0.0000000000
3341  -10.258  -86.734  6.229 0.0000000000
3350  -10.857  -86.741  5.279 0.0000000000
3359  -7.066  -85.618  3.774 0.0000000000
3360  -7.228  -86.095  4.617 0.0000000000
3363  -11.898  -86.299  4.389 0.0000000000
3373  -6.995  -86.156  3.774 0.0000000000
3374  -10.290  -86.368  3.961 0.0000000000
3375  -11.462  -86.330  3.785 0.0000000000
3387  -10.843  -86.300  3.061 0.0000000000
3398  -6.705  -85.491  1.148 0.0000000000
3399  -10.037  -86.121  1.629 0.0000000000
3420  -6.642  -85.892  -0.456 0.0000000000
3430  -6.657  -86.278  -1.353 0.0000000000
3431  -6.902  -86.033  -1.809 0.0000000000
3432  -12.645  -86.606  -1.346 0.0000000000
3434  -13.844  -86.435  -1.879 0.0000000000
3440  -6.749  -86.683  -2.237 0.0000000000
3444  -12.688  -85.958  -2.573 0.0000000000
3445  -14.545  -86.039  -2.155 0.0000000000
3447  -16.964  -85.964  -2.933 0.0000000000
3449  -7.345  -86.952  -3.362 0.0000000000
3452  -13.089  -86.030  -3.538 0.0000000000
3454  -16.112  -86.427  -2.981 0.0000000000
3459  -8.527  -86.815  -5.045 0.0000000000
3460  -9.216  -86.824  -5.555 0.0000000000
3462  -13.614  -86.184  -4.559 0.0000000000
3463  -17.486  -86.661  -4.307 0.0000000000
3464  -18.113  -86.135  -4.368 0.0000000000
3471  -11.057  -86.766  -6.227 0.0000000000
3472  -11.913  -86.663  -6.005 0.0000000000
3473  -13.230  -86.391  -5.281 0.0000000000
3494  -7.334  -86.512  -7.124 0.0000000000
3497  -17.605  -86.610  -6.837 0.0000000000
3506  -6.647  -86.502  -7.789 0.0000000000
3507  -8.475  -86.358  -7.848 0.0000000000
3508  -8.979  -86.200  -8.610 0.0000000000
3510  -11.221  -86.569  -8.409 0.0000000000
3511  -12.187  -86.219  -8.649 0.0000000000
3513  -13.617  -85.629  -8.792 0.0000000000
3523  -14.119  -85.691  -9.028 0.0000000000
3537  -6.254  -86.174  -11.400 0.0000000000
3541  -14.451  -86.535  -11.726 0.0000000000
3556  -18.543  -86.285  -12.512 0.0000000000
3567  -6.026  -86.197  -13.334 0.0000000000
3572  -15.885  -85.780  -13.387 0.0000000000
3585  -5.989  -85.967  -14.197 0.0000000000
3653  -16.533  -86.836  -19.103 0.0000000000
3685  -8.589  -86.011  -23.594 0.0000000000
3700  -9.084  -85.930  -24.065 0.0000000000
3704  -12.244  -85.942  -25.956 0.0000000000
3719  -14.228  -86.428  -25.817 0.0000000000
3720  -15.008  -86.559  -25.932 0.0000000000
3721  -15.797  -86.643  -25.843 0.0000000000
3725  -20.087  -86.459  -26.070 0.0000000000
3730  -13.696  -86.213  -26.566 0.0000000000
3733  -16.959  -86.631  -26.544 0.0000000000
3734  -17.969  -86.536  -26.604 0.0000000000
3735  -18.999  -86.380  -26.735 0.0000000000
3737  -20.252  -86.819  -26.580 0.0000000000
3738  -14.264  -86.545  -26.786 0.0000000000
3739  -14.967  -86.802  -26.815 0.0000000000
3740  -15.635  -86.804  -26.808 0.0000000000
3741  -16.473  -86.806  -26.787 0.0000000000
3742  -17.822  -86.838  -26.838 0.0000000000
3743  -18.629  -86.701  -26.998 0.0000000000
3744  -19.400  -86.730  -27.117 0.0000000000
3746  -17.696  -87.131  -26.965 0.0000000000
3747  -18.341  -87.066  -27.158 0.0000000000
3748  -18.962  -86.948  -27.319 0.0000000000
3860  -7.463  -85.266  12.594 0.0000000000
3869  -11.750  -85.684  11.232 0.0000000000
3880  -12.242  -85.502  10.927 0.0000000000
3895  -12.610  -85.957  9.401 0.0000000000
3909  -7.768  -86.075  6.018 0.0000000000
3910  -8.407  -85.991  6.141 0.0000000000
3911  -12.432  -86.274  5.654 0.0000000000
3921  -8.775  -85.868  5.520 0.0000000000
3929  -7.378  -85.587  4.292 0.0000000000
3931  -9.381  -85.979  4.779 0.0000000000
3932  -12.284  -85.561  4.002 0.0000000000
3943  -7.145  -85.214  3.500 0.0000000000
3960  -7.015  -84.968  2.714 0.0000000000
3961  -7.597  -85.024  2.438 0.0000000000
3963  -11.342  -85.832  2.373 0.0000000000
3976  -6.846  -85.117  1.875 0.0000000000
3981  -11.625  -85.217  1.790 0.0000000000
3998  -8.489  -85.689  -0.061 0.0000000000
3999  -9.703  -85.778  0.408 0.0000000000
4012  -7.661  -85.622  -0.750 0.0000000000
4013  -8.824  -85.696  -0.872 0.0000000000
4015  -10.353  -85.322  -0.032 0.0000000000
4022  -7.261  -85.797  -1.436 0.0000000000
4025  -13.081  -85.993  -1.595 0.0000000000
4032  -13.440  -85.761  -1.939 0.0000000000
4033  -14.194  -85.596  -2.312 0.0000000000
4038  -8.823  -85.503  -3.443 0.0000000000
4039  -13.473  -85.579  -2.563 0.0000000000
4040  -14.366  -85.217  -3.082 0.0000000000
4041  -17.464  -85.349  -3.031 0.0000000000
4049  -8.976  -86.176  -5.228 0.0000000000
4050  -9.686  -85.509  -5.252 0.0000000000
4051  -14.235  -85.554  -4.285 0.0000000000
4053  -15.379  -85.084  -4.893 0.0000000000
4054  -18.700  -85.059  -3.948 0.0000000000
4062  -10.439  -85.882  -5.949 0.0000000000
4064  -12.643  -86.215  -5.997 0.0000000000
4066  -14.725  -85.471  -5.046 0.0000000000
4067  -18.968  -85.463  -5.167 0.0000000000
4076  -7.277  -85.702  -6.826 0.0000000000
4079  -12.952  -85.525  -5.942 0.0000000000
4080  -13.542  -84.951  -5.756 0.0000000000
4082  -19.413  -85.195  -6.599 0.0000000000
4089  -6.632  -85.888  -7.242 0.0000000000
4091  -19.270  -85.296  -7.575 0.0000000000
4098  -10.625  -85.856  -9.044 0.0000000000
4100  -12.588  -85.510  -8.796 0.0000000000
4101  -13.345  -85.246  -8.685 0.0000000000
4112  -10.211  -85.175  -9.471 0.0000000000
4115  -19.564  -85.005  -9.385 0.0000000000
4125  -6.345  -85.843  -9.739 0.0000000000
4127  -15.639  -85.089  -9.789 0.0000000000
4141  -16.207  -85.073  -11.700 0.0000000000
4154  -6.223  -85.539  -12.715 0.0000000000
4161  -16.074  -85.295  -12.222 0.0000000000
4200  -19.463  -85.103  -14.880 0.0000000000
4218  -18.014  -84.780  -15.897 0.0000000000
4229  -17.923  -85.156  -16.479 0.0000000000
4236  -17.231  -85.882  -17.429 0.0000000000
4277  -10.933  -85.086  -22.742 0.0000000000
4435  -11.371  -85.027  11.527 0.0000000000
4450  -13.292  -84.009  10.677 0.0000000000
4459  -12.845  -85.315  9.992 0.0000000000
4473  -13.675  -84.325  7.866 0.0000000000
4477  -12.762  -85.120  6.076 0.0000000000
4487  -12.707  -84.365  5.537 0.0000000000
4496  -12.564  -84.278  4.345 0.0000000000
4506  -12.463  -84.586  2.994 0.0000000000
4507  -12.409  -84.871  3.440 0.0000000000
4537  -10.804  -84.144  -0.862 0.0000000000
4553  -9.934  -84.710  -1.244 0.0000000000
4556  -9.798  -84.351  -2.357 0.0000000000
4557  -10.160  -83.965  -2.779 0.0000000000
4559  -15.607  -85.011  -2.811 0.0000000000
4561  -17.103  -84.891  -2.866 0.0000000000
4563  -9.617  -84.736  -3.379 0.0000000000
4566  -16.046  -84.651  -3.357 0.0000000000
4568  -17.699  -84.686  -3.284 0.0000000000
4574  -10.433  -84.899  -5.246 0.0000000000
4575  -11.157  -84.361  -5.251 0.0000000000
4576  -15.519  -84.780  -3.960 0.0000000000
4579  -19.040  -84.402  -4.286 0.0000000000
4580  -19.652  -84.316  -4.886 0.0000000000
4586  -7.731  -84.146  -5.693 0.0000000000
4593  -15.666  -84.586  -5.298 0.0000000000
4604  -9.155  -83.991  -7.278 0.0000000000
4606  -19.931  -84.675  -6.318 0.0000000000
4607  -20.381  -84.179  -6.653 0.0000000000
4619  -8.947  -84.499  -7.996 0.0000000000
4621  -20.507  -84.146  -7.513 0.0000000000
4626  -8.947  -85.258  -8.833 0.0000000000
4628  -12.054  -85.043  -9.067 0.0000000000
4631  -14.491  -84.557  -8.711 0.0000000000
4632  -15.187  -84.208  -8.718 0.0000000000
4633  -15.906  -84.085  -8.786 0.0000000000
4641  -11.343  -84.386  -9.697 0.0000000000
4644  -15.623  -84.625  -8.982 0.0000000000
4658  -17.155  -84.031  -9.893 0.0000000000
4660  -20.627  -83.484  -10.555 0.0000000000
4672  -20.157  -84.197  -11.821 0.0000000000
4695  -20.027  -84.251  -12.695 0.0000000000
4716  -18.777  -83.773  -14.313 0.0000000000
4731  -19.379  -84.385  -14.653 0.0000000000
4740  -19.108  -84.629  -15.345 0.0000000000
4965  -6.647  -83.300  10.854 0.0000000000
4972  -11.052  -83.788  10.952 0.0000000000
4973  -12.026  -83.495  10.976 0.0000000000
4985  -13.977  -83.812  10.006 0.0000000000
4986  -14.767  -83.205  9.657 0.0000000000
4991  -7.818  -83.343  8.698 0.0000000000
4992  -8.213  -83.450  8.580 0.0000000000
4993  -8.805  -83.413  8.618 0.0000000000
4994  -9.757  -82.994  9.167 0.0000000000
4997  -15.554  -82.761  8.659 0.0000000000
5001  -8.260  -82.947  8.463 0.0000000000
5003  -13.999  -83.862  7.092 0.0000000000
5004  -14.552  -83.681  7.959 0.0000000000
5018  -12.598  -83.868  5.072 0.0000000000
5019  -13.089  -83.563  5.453 0.0000000000
5024  -12.710  -83.691  4.701 0.0000000000
5072  -10.768  -83.759  -0.974 0.0000000000
5085  -10.272  -83.788  -1.847 0.0000000000
5090  -8.115  -81.934  -4.756 0.0000000000
5094  -18.080  -84.263  -3.834 0.0000000000
5098  -7.672  -81.739  -5.098 0.0000000000
5100  -8.091  -82.660  -5.022 0.0000000000
5105  -18.016  -83.704  -4.351 0.0000000000
5106  -18.734  -83.830  -4.296 0.0000000000
5107  -19.446  -83.692  -4.653 0.0000000000
5108  -19.895  -83.089  -5.000 0.0000000000
5112  -7.016  -83.171  -5.525 0.0000000000
5114  -8.228  -83.456  -5.410 0.0000000000
5118  -15.934  -83.840  -5.659 0.0000000000
5122  -20.431  -83.311  -5.529 0.0000000000
5130  -12.932  -83.874  -5.611 0.0000000000
5135  -20.992  -83.070  -6.920 0.0000000000
5145  -20.952  -83.395  -7.820 0.0000000000
5153  -18.005  -82.805  -8.847 0.0000000000
5156  -21.014  -82.758  -8.427 0.0000000000
5161  -6.233  -83.832  -9.347 0.0000000000
5168  -20.908  -82.805  -9.305 0.0000000000
5174  -11.265  -82.996  -10.149 0.0000000000
5182  -18.241  -83.148  -11.302 0.0000000000
5192  -18.094  -83.247  -12.163 0.0000000000
5195  -20.273  -82.953  -11.800 0.0000000000
5202  -18.892  -83.305  -13.665 0.0000000000
5470  -6.700  -82.782  10.416 0.0000000000
5472  -12.981  -83.224  10.755 0.0000000000
5479  -6.923  -83.131  9.401 0.0000000000
5480  -10.700  -82.665  9.628 0.0000000000
5482  -13.053  -82.315  10.242 0.0000000000
5483  -15.022  -82.500  9.983 0.0000000000
5493  -15.889  -82.225  8.950 0.0000000000
5494  -16.234  -81.964  8.460 0.0000000000
5502  -8.086  -81.881  8.303 0.0000000000
5503  -8.576  -81.706  7.746 0.0000000000
5524  -12.928  -83.241  4.235 0.0000000000
5535  -12.706  -84.105  2.743 0.0000000000
5536  -12.964  -83.686  3.076 0.0000000000
5537  -13.385  -83.215  3.586 0.0000000000
5560  -12.265  -84.217  1.094 0.0000000000
5580  -11.604  -84.175  -0.689 0.0000000000
5593  -7.992  -80.617  -4.189 0.0000000000
5595  -11.189  -83.619  -1.849 0.0000000000
5596  -11.978  -83.379  -2.041 0.0000000000
5601  -8.582  -81.253  -4.263 0.0000000000
5624  -19.622  -82.450  -5.190 0.0000000000
5633  -13.372  -83.096  -5.310 0.0000000000
5638  -20.878  -82.458  -6.829 0.0000000000
5647  -9.695  -82.980  -8.157 0.0000000000
5649  -20.791  -82.213  -7.387 0.0000000000
5655  -15.070  -83.579  -8.887 0.0000000000
5658  -17.833  -82.396  -8.910 0.0000000000
5668  -13.211  -83.095  -9.710 0.0000000000
5670  -15.827  -82.360  -9.540 0.0000000000
5681  -14.286  -81.909  -10.200 0.0000000000
5682  -15.167  -81.691  -10.197 0.0000000000
5683  -19.408  -82.452  -9.857 0.0000000000
5685  -20.296  -82.668  -10.806 0.0000000000
5691  -19.459  -82.592  -11.706 0.0000000000
5692  -20.073  -82.699  -11.470 0.0000000000
5698  -19.267  -82.693  -12.436 0.0000000000
6019  -14.000  -81.931  10.130 0.0000000000
6022  -6.901  -81.393  10.165 0.0000000000
6023  -12.739  -81.730  9.469 0.0000000000
6024  -14.927  -81.894  10.020 0.0000000000
6033  -11.899  -81.652  8.681 0.0000000000
6035  -13.532  -81.383  9.333 0.0000000000
6037  -16.050  -81.604  8.890 0.0000000000
6049  -11.978  -80.753  7.200 0.0000000000
6064  -8.734  -81.090  6.953 0.0000000000
6065  -9.319  -81.301  6.537 0.0000000000
6066  -10.140  -81.204  6.531 0.0000000000
6067  -11.123  -80.895  6.749 0.0000000000
6068  -16.536  -82.071  6.727 0.0000000000
6069  -17.150  -81.371  6.657 0.0000000000
6083  -18.074  -81.105  5.142 0.0000000000
6109  -13.591  -82.943  2.829 0.0000000000
6127  -12.586  -83.788  1.371 0.0000000000
6145  -12.836  -83.268  1.213 0.0000000000
6159  -18.214  -81.198  0.581 0.0000000000
6170  -7.939  -79.433  -1.318 0.0000000000
6181  -8.049  -79.968  -2.095 0.0000000000
6191  -7.863  -80.003  -3.406 0.0000000000
6193  -8.527  -80.407  -3.314 0.0000000000
6199  -7.702  -80.499  -4.241 0.0000000000
6201  -8.965  -80.992  -3.769 0.0000000000
6216  -9.280  -81.426  -5.356 0.0000000000
6220  -18.542  -81.536  -5.614 0.0000000000
6221  -19.321  -81.805  -5.560 0.0000000000
6236  -20.530  -82.189  -6.168 0.0000000000
6242  -10.214  -81.520  -7.910 0.0000000000
6244  -15.430  -80.707  -7.597 0.0000000000
6251  -6.722  -81.612  -8.850 0.0000000000
6256  -18.689  -81.077  -8.553 0.0000000000
6257  -20.070  -81.951  -8.118 0.0000000000
6258  -20.456  -81.947  -7.558 0.0000000000
6261  -7.005  -81.380  -9.766 0.0000000000
6262  -11.055  -81.923  -9.751 0.0000000000
6263  -11.619  -81.520  -10.015 0.0000000000
6267  -17.698  -80.662  -9.730 0.0000000000
6272  -12.162  -81.872  -10.331 0.0000000000
6274  -13.793  -81.393  -10.450 0.0000000000
6277  -16.408  -80.562  -10.396 0.0000000000
6633  -7.143  -80.080  9.634 0.0000000000
6634  -15.250  -81.498  9.515 0.0000000000
6640  -7.230  -80.328  8.780 0.0000000000
6642  -15.137  -80.882  9.057 0.0000000000
6643  -15.730  -81.259  9.070 0.0000000000
6644  -16.193  -81.076  8.590 0.0000000000
6649  -7.339  -79.561  7.489 0.0000000000
6651  -12.760  -80.602  7.515 0.0000000000
6666  -9.042  -80.971  6.055 0.0000000000
6670  -14.054  -79.696  7.460 0.0000000000
6682  -8.147  -79.933  6.292 0.0000000000
6684  -11.265  -80.231  6.491 0.0000000000
6737  -13.324  -82.548  1.065 0.0000000000
6742  -19.581  -80.352  0.982 0.0000000000
6755  -7.818  -79.172  -0.977 0.0000000000
6759  -19.272  -80.611  -0.019 0.0000000000
6769  -7.632  -79.130  -1.392 0.0000000000
6783  -7.407  -79.152  -1.996 0.0000000000
6784  -8.136  -80.194  -1.931 0.0000000000
6794  -8.434  -80.131  -2.493 0.0000000000
6795  -8.927  -79.920  -2.691 0.0000000000
6815  -6.676  -80.219  -5.177 0.0000000000
6816  -9.603  -80.573  -5.385 0.0000000000
6833  -18.028  -80.355  -6.946 0.0000000000
6850  -6.991  -80.801  -9.172 0.0000000000
6858  -7.253  -80.708  -10.313 0.0000000000
6859  -11.795  -80.748  -9.642 0.0000000000
6861  -13.868  -79.986  -10.148 0.0000000000
6862  -16.745  -79.930  -10.299 0.0000000000
6863  -17.478  -79.930  -9.880 0.0000000000
6868  -15.884  -80.042  -10.454 0.0000000000
7239  -16.229  -80.004  7.483 0.0000000000
7247  -7.169  -79.093  6.828 0.0000000000
7267  -9.362  -79.551  5.910 0.0000000000
7269  -11.185  -79.708  6.357 0.0000000000
7271  -12.709  -79.208  6.743 0.0000000000
7272  -13.789  -78.962  7.001 0.0000000000
7296  -18.800  -79.735  3.886 0.0000000000
7323  -8.236  -78.374  0.557 0.0000000000
7324  -8.683  -78.315  1.273 0.0000000000
7339  -7.839  -78.963  -0.618 0.0000000000
7358  -8.460  -79.247  -0.810 0.0000000000
7359  -8.839  -78.981  -0.331 0.0000000000
7362  -17.692  -79.826  -0.294 0.0000000000
7363  -18.316  -79.589  -0.964 0.0000000000
7365  -20.319  -79.385  -0.382 0.0000000000
7386  -9.100  -79.355  -2.227 0.0000000000
7387  -9.635  -78.977  -2.787 0.0000000000
7390  -19.315  -79.162  -2.075 0.0000000000
7408  -6.771  -79.639  -4.579 0.0000000000
7411  -15.255  -78.613  -4.532 0.0000000000
7418  -10.492  -79.330  -5.484 0.0000000000
7419  -11.164  -78.921  -5.850 0.0000000000
7429  -7.479  -78.858  -6.866 0.0000000000
7448  -7.530  -79.215  -8.472 0.0000000000
7458  -7.192  -79.222  -10.142 0.0000000000
7459  -7.487  -79.338  -9.265 0.0000000000
7462  -16.094  -79.388  -9.696 0.0000000000
7463  -16.901  -79.556  -9.848 0.0000000000
7466  -7.049  -79.515  -10.899 0.0000000000
7467  -15.532  -79.655  -10.174 0.0000000000
7865  -6.688  -77.669  8.206 0.0000000000
7891  -6.812  -78.217  6.213 0.0000000000
7892  -7.099  -78.482  5.948 0.0000000000
7926  -19.195  -78.272  3.070 0.0000000000
7938  -8.344  -78.090  2.143 0.0000000000
7939  -9.079  -78.042  2.287 0.0000000000
7956  -7.801  -78.018  1.120 0.0000000000
7959  -10.015  -78.043  1.411 0.0000000000
7963  -20.083  -78.677  1.573 0.0000000000
7987  -7.218  -78.078  0.124 0.0000000000
8001  -7.254  -78.874  -1.175 0.0000000000
8006  -20.700  -78.827  -1.787 0.0000000000
8014  -6.943  -79.340  -2.773 0.0000000000
8017  -10.601  -77.713  -2.829 0.0000000000
8032  -19.859  -78.364  -3.354 0.0000000000
8051  -14.923  -77.941  -5.803 0.0000000000
8072  -7.986  -78.387  -7.356 0.0000000000
8078  -13.324  -78.919  -8.369 0.0000000000
8547  -6.633  -76.808  7.980 0.0000000000
8554  -10.063  -77.164  6.269 0.0000000000
8557  -12.655  -77.857  6.800 0.0000000000
8565  -7.378  -77.752  5.770 0.0000000000
8568  -10.215  -77.779  6.263 0.0000000000
8582  -17.903  -77.426  4.299 0.0000000000
8605  -6.972  -77.588  2.234 0.0000000000
8608  -9.554  -77.571  2.440 0.0000000000
8624  -6.927  -77.692  1.731 0.0000000000
8626  -10.473  -77.573  1.944 0.0000000000
8628  -15.431  -77.870  1.517 0.0000000000
8632  -20.314  -77.909  1.344 0.0000000000
8644  -7.114  -77.789  0.943 0.0000000000
8645  -10.563  -77.561  1.314 0.0000000000
8656  -7.078  -76.764  -0.162 0.0000000000
8658  -11.069  -77.196  0.052 0.0000000000
8677  -21.706  -77.504  -2.055 0.0000000000
8687  -10.659  -77.459  -2.274 0.0000000000
8694  -21.480  -77.713  -3.063 0.0000000000
8703  -7.917  -77.341  -3.617 0.0000000000
8708  -20.336  -77.937  -3.927 0.0000000000
8720  -19.818  -77.029  -4.829 0.0000000000
8721  -20.443  -77.417  -4.608 0.0000000000
8722  -21.271  -77.176  -4.543 0.0000000000
8728  -7.870  -77.810  -5.046 0.0000000000
8730  -12.214  -77.599  -5.215 0.0000000000
8754  -8.372  -77.792  -6.903 0.0000000000
8766  -6.961  -78.140  -10.258 0.0000000000
8770  -6.674  -77.212  -10.912 0.0000000000
9278  -6.789  -76.007  7.606 0.0000000000
9291  -12.147  -76.354  6.803 0.0000000000
9295  -16.062  -75.914  6.737 0.0000000000
9310  -18.192  -76.544  4.122 0.0000000000
9339  -10.116  -76.964  2.566 0.0000000000
9363  -20.126  -76.304  1.659 0.0000000000
9372  -6.392  -76.091  1.024 0.0000000000
9407  -8.487  -76.191  -2.687 0.0000000000
9410  -13.756  -75.933  -2.719 0.0000000000
9424  -13.162  -76.236  -3.362 0.0000000000
9426  -18.909  -76.323  -3.488 0.0000000000
9441  -20.846  -76.879  -5.113 0.0000000000
9449  -8.671  -76.548  -5.815 0.0000000000
9450  -19.915  -76.590  -5.284 0.0000000000
9452  -21.094  -76.288  -5.498 0.0000000000
9475  -8.359  -76.336  -7.869 0.0000000000
9476  -8.542  -76.038  -7.086 0.0000000000
9482  -7.961  -76.698  -8.615 0.0000000000
10009  -7.150  -75.278  6.344 0.0000000000
10012  -14.367  -75.563  7.024 0.0000000000
10013  -15.240  -75.680  6.954 0.0000000000
10014  -16.436  -75.416  6.275 0.0000000000
10035  -18.023  -75.175  4.518 0.0000000000
10036  -18.554  -75.125  3.856 0.0000000000
10042  -19.095  -75.535  3.211 0.0000000000
10059  -11.497  -76.028  2.421 0.0000000000
10061  -15.472  -75.445  1.881 0.0000000000
10100  -6.666  -75.298  0.612 0.0000000000
10110  -18.094  -75.626  -0.848 0.0000000000
10118  -14.198  -75.791  -2.095 0.0000000000
10119  -18.232  -75.469  -1.696 0.0000000000
10154  -19.763  -75.903  -5.646 0.0000000000
10156  -21.295  -75.553  -5.678 0.0000000000
10167  -8.548  -75.922  -6.222 0.0000000000
10168  -19.924  -75.240  -6.060 0.0000000000
10721  -7.567  -74.741  6.037 0.0000000000
10739  -10.474  -74.804  4.596 0.0000000000
10741  -12.716  -74.160  6.030 0.0000000000
10745  -16.589  -74.749  5.860 0.0000000000
10754  -9.223  -74.362  4.255 0.0000000000
10774  -13.557  -74.954  2.288 0.0000000000
10816  -6.798  -74.454  0.512 0.0000000000
10818  -10.652  -74.205  0.352 0.0000000000
10821  -16.556  -74.264  1.023 0.0000000000
10833  -8.282  -74.867  -2.438 0.0000000000
10864  -21.575  -74.794  -5.695 0.0000000000
10873  -20.633  -74.427  -6.398 0.0000000000
10874  -21.224  -74.418  -6.267 0.0000000000
11452  -16.949  -74.151  5.251 0.0000000000
11464  -13.074  -73.036  4.411 0.0000000000
11465  -13.921  -72.842  4.789 0.0000000000
11468  -16.571  -73.468  4.857 0.0000000000
11483  -18.458  -73.504  3.736 0.0000000000
11484  -19.000  -73.829  3.242 0.0000000000
11527  -16.793  -74.085  0.079 0.0000000000
11542  -14.639  -73.354  -0.010 0.0000000000
11552  -16.545  -73.436  -1.408 0.0000000000
11559  -17.670  -73.780  -2.577 0.0000000000
11568  -22.491  -73.899  -3.649 0.0000000000
11602  -20.282  -73.861  -6.560 0.0000000000
12217  -9.331  -73.000  4.778 0.0000000000
12236  -7.134  -72.109  3.595 0.0000000000
12237  -10.454  -72.431  2.866 0.0000000000
12242  -15.068  -71.926  3.805 0.0000000000
12243  -15.926  -72.203  3.807 0.0000000000
12258  -10.647  -71.936  2.628 0.0000000000
12272  -8.506  -72.564  2.160 0.0000000000
12298  -13.054  -72.914  -1.280 0.0000000000
12305  -12.334  -72.372  -1.619 0.0000000000
12308  -15.223  -72.845  -1.781 0.0000000000
12310  -16.725  -73.241  -2.140 0.0000000000
12316  -13.891  -72.277  -2.179 0.0000000000
12329  -17.205  -72.720  -3.547 0.0000000000
12375  -21.032  -72.764  -6.846 0.0000000000
13034  -6.880  -70.878  3.949 0.0000000000
13068  -11.026  -71.125  2.444 0.0000000000
13069  -12.021  -71.789  1.487 0.0000000000
13074  -18.381  -71.765  2.636 0.0000000000
13086  -6.286  -71.733  2.313 0.0000000000
13088  -9.049  -71.745  1.551 0.0000000000
13092  -18.709  -71.160  2.090 0.0000000000
13115  -10.457  -71.557  -0.612 0.0000000000
13118  -22.875  -70.841  -0.745 0.0000000000
13142  -15.336  -71.495  -3.569 0.0000000000
13171  -18.627  -71.630  -5.633 0.0000000000
13819  -6.819  -70.370  4.081 0.0000000000
13832  -6.584  -70.734  3.724 0.0000000000
13849  -14.371  -71.316  2.138 0.0000000000
13861  -12.224  -71.094  0.977 0.0000000000
13865  -16.454  -70.813  1.458 0.0000000000
13900  -10.749  -70.807  -1.003 0.0000000000
13902  -14.553  -69.532  -1.187 0.0000000000
13905  -17.660  -70.171  -0.467 0.0000000000
13906  -18.489  -70.064  -0.374 0.0000000000
13907  -19.256  -69.864  -0.148 0.0000000000
13917  -11.941  -70.866  -2.176 0.0000000000
13928  -11.840  -69.817  -2.291 0.0000000000
13931  -13.809  -71.125  -3.172 0.0000000000
13940  -13.529  -70.357  -3.480 0.0000000000
13944  -24.710  -71.105  -3.607 0.0000000000
13958  -15.537  -70.090  -4.602 0.0000000000
13960  -18.235  -70.949  -5.514 0.0000000000
13977  -17.835  -70.271  -5.596 0.0000000000
14723  -12.972  -69.165  -0.440 0.0000000000
14737  -15.592  -69.636  -1.418 0.0000000000
14740  -21.274  -69.334  -0.114 0.0000000000
14746  -11.050  -69.211  -1.239 0.0000000000
14763  -12.889  -70.097  -3.255 0.0000000000
14765  -18.545  -69.033  -3.165 0.0000000000
14778  -14.006  -69.880  -3.971 0.0000000000
14793  -15.833  -69.544  -5.020 0.0000000000
14812  -18.830  -69.926  -6.228 0.0000000000
14826  -21.417  -70.268  -6.709 0.0000000000
14829  -24.740  -69.661  -6.620 0.0000000000
15507  -6.210  -68.092  4.090 0.0000000000
15509  -7.588  -68.150  4.337 0.0000000000
15521  -8.403  -68.454  3.433 0.0000000000
15522  -8.943  -68.876  2.681 0.0000000000
15544  -9.821  -68.698  1.029 0.0000000000
15578  -12.221  -68.312  -2.867 0.0000000000
15581  -19.513  -67.818  -3.790 0.0000000000
15595  -13.861  -69.131  -4.117 0.0000000000
15605  -13.682  -67.842  -4.198 0.0000000000
15620  -15.774  -68.073  -5.440 0.0000000000
15621  -16.596  -68.255  -5.718 0.0000000000
15635  -18.704  -68.458  -6.401 0.0000000000
15636  -19.448  -68.824  -6.457 0.0000000000
16355  -6.701  -66.649  4.411 0.0000000000
16370  -6.470  -67.336  4.307 0.0000000000
16384  -5.907  -67.893  3.345 0.0000000000
16400  -6.334  -67.523  2.160 0.0000000000
16418  -10.167  -67.972  0.476 0.0000000000
16439  -11.112  -67.641  -1.579 0.0000000000
16443  -18.930  -66.705  -2.646 0.0000000000
16453  -12.014  -67.277  -2.796 0.0000000000
16469  -13.152  -67.737  -3.739 0.0000000000
16471  -21.101  -66.861  -3.576 0.0000000000
16472  -21.592  -66.946  -3.704 0.0000000000
16503  -14.661  -66.963  -4.982 0.0000000000
16506  -17.148  -66.865  -6.052 0.0000000000
16522  -18.736  -67.526  -6.455 0.0000000000
17260  -7.254  -66.173  4.260 0.0000000000
17308  -9.570  -66.547  1.101 0.0000000000
17326  -11.082  -66.717  -1.581 0.0000000000
17327  -19.838  -66.724  -3.046 0.0000000000
17338  -12.304  -66.389  -2.818 0.0000000000
17339  -20.528  -66.689  -3.291 0.0000000000
17342  -23.789  -66.437  -2.581 0.0000000000
17368  -13.946  -66.156  -4.114 0.0000000000
17385  -15.964  -66.389  -5.440 0.0000000000
17386  -17.345  -66.081  -5.840 0.0000000000
17424  -26.706  -66.226  -7.683 0.0000000000
18194  -6.504  -65.383  4.125 0.0000000000
18208  -6.200  -65.037  3.715 0.0000000000
18209  -6.972  -65.305  4.248 0.0000000000
18244  -10.255  -65.671  0.091 0.0000000000
18251  -11.165  -65.555  -0.982 0.0000000000
18256  -11.463  -65.868  -1.719 0.0000000000
18269  -12.663  -65.696  -2.535 0.0000000000
18291  -23.866  -65.039  -3.151 0.0000000000
18326  -17.825  -65.325  -5.447 0.0000000000
18350  -22.838  -65.934  -7.272 0.0000000000
19150  -6.940  -64.419  4.079 0.0000000000
19168  -6.050  -64.143  3.188 0.0000000000
19170  -8.836  -64.399  2.731 0.0000000000
19193  -10.044  -65.232  0.737 0.0000000000
19194  -10.532  -64.822  0.411 0.0000000000
19205  -13.678  -64.139  -0.769 0.0000000000
19212  -14.803  -64.388  -1.566 0.0000000000
19220  -15.350  -64.712  -2.018 0.0000000000
19237  -15.509  -65.162  -2.696 0.0000000000
19258  -17.784  -64.450  -3.586 0.0000000000
19271  -18.104  -64.478  -4.953 0.0000000000
19273  -18.941  -64.080  -5.745 0.0000000000
20051  -6.449  -63.630  3.369 0.0000000000
20076  -6.118  -63.664  2.474 0.0000000000
20091  -12.139  -63.150  0.543 0.0000000000
20096  -11.956  -63.745  0.277 0.0000000000
20101  -14.090  -63.546  -0.931 0.0000000000
20115  -15.993  -64.148  -2.074 0.0000000000
20164  -18.816  -63.403  -5.734 0.0000000000
20179  -19.900  -63.800  -6.327 0.0000000000
21002  -9.158  -62.289  2.772 0.0000000000
21024  -11.833  -62.578  0.948 0.0000000000
21038  -14.334  -63.002  -1.322 0.0000000000
21054  -14.099  -62.263  -1.685 0.0000000000
21079  -16.748  -63.226  -3.242 0.0000000000
21080  -28.043  -63.141  -2.651 0.0000000000
21093  -15.121  -62.387  -3.814 0.0000000000
21143  -24.705  -62.471  -7.381 0.0000000000
21898  -11.520  -60.951  0.993 0.0000000000
21899  -12.113  -61.695  0.748 0.0000000000
21970  -14.027  -60.997  -3.990 0.0000000000
21983  -16.970  -62.049  -5.897 0.0000000000
21998  -19.002  -61.650  -6.760 0.0000000000
22000  -20.771  -61.637  -6.956 0.0000000000
22006  -29.820  -61.766  -6.344 0.0000000000
22017  -24.187  -61.775  -7.357 0.0000000000
22776  -10.902  -60.223  1.164 0.0000000000
22809  -13.240  -60.820  -1.705 0.0000000000
22883  -14.892  -60.251  -6.322 0.0000000000
22885  -16.445  -60.532  -6.912 0.0000000000
22886  -17.655  -61.014  -7.002 0.0000000000
22892  -23.467  -60.516  -7.372 0.0000000000
23731  -12.173  -59.884  -0.773 0.0000000000
23745  -11.341  -58.811  -1.512 0.0000000000
23764  -12.405  -59.183  -2.371 0.0000000000
23779  -12.902  -58.956  -3.645 0.0000000000
23803  -30.138  -60.209  -5.574 0.0000000000
23815  -16.051  -59.936  -7.195 0.0000000000
23837  -15.588  -59.422  -7.346 0.0000000000
23838  -16.749  -59.699  -7.589 0.0000000000
23844  -22.657  -59.684  -7.639 0.0000000000
23846  -24.306  -59.197  -7.413 0.0000000000
23864  -17.948  -59.305  -8.143 0.0000000000
23865  -18.731  -59.266  -8.238 0.0000000000
24769  -21.771  -58.840  -8.296 0.0000000000
24792  -19.862  -58.289  -8.697 0.0000000000
24793  -20.679  -58.396  -8.619 0.0000000000
25622  -10.013  -56.987  -5.260 0.0000000000
25635  -11.276  -56.759  -6.351 0.0000000000
25658  -15.570  -57.420  -8.745 0.0000000000
25664  -22.725  -57.309  -8.699 0.0000000000
25680  -16.825  -57.115  -9.146 0.0000000000
25683  -19.786  -57.360  -9.090 0.0000000000
26527  -13.833  -56.699  -8.212 0.0000000000
26531  -22.607  -56.442  -9.121 0.0000000000
26544  -21.856  -56.229  -9.362 0.0000000000
27447  -28.725  -55.913  -7.638 0.0000000000
27462  -15.437  -55.026  -9.326 0.0000000000
28320  -22.970  -54.305  -9.317 0.0000000000
28321  -23.684  -54.612  -8.956 0.0000000000
28332  -19.945  -54.427  -9.538 0.0000000000
29170  -22.751  -53.439  -9.356 0.0000000000
29181  -15.070  -53.396  -9.847 0.0000000000
29985  -27.825  -52.327  -8.603 0.0000000000
29996  -17.011  -52.565  -9.860 0.0000000000
29999  -20.036  -52.468  -9.545 0.0000000000
30823  -22.088  -51.426  -9.753 0.0000000000
106952  -10.213  -91.303  -6.361 0.0000000000
107028  -6.900  -83.333  -11.721 0.0000000000
107211  -18.733  -91.140  -23.239 0.0000000000
107281  -6.872  -78.971  -2.109 0.0000000000
107397  -6.745  -87.051  -8.457 0.0000000000
107609  -6.612  -87.801  -1.143 0.0000000000
107972  -14.783  -65.462  -3.652 0.0000000000
108128  -23.670  -57.364  -8.299 0.0000000000
108240  -10.795  -93.150  -3.428 0.0000000000
108258  -14.639  -79.956  -1.741 0.0000000000
108349  -12.549  -83.574  4.641 0.0000000000
108420  -20.600  -82.421  -8.786 0.0000000000
108552  -6.665  -80.572  -6.700 0.0000000000
108645  -23.392  -51.306  -9.816 0.0000000000
108812  -6.379  -71.132  3.308 0.0000000000
108870  -9.393  -83.254  -7.265 0.0000000000
109027  -20.741  -66.113  -6.970 0.0000000000
109147  -10.741  -83.599  -9.992 0.0000000000
109157  -12.759  -86.390  -24.867 0.0000000000
109172  -6.817  -88.199  -2.015 0.0000000000
109312  -17.418  -86.644  -7.868 0.0000000000
109338  -9.999  -93.800  -7.136 0.0000000000
109367  -15.628  -69.032  -2.391 0.0000000000
109528  -16.640  -66.339  -5.666 0.0000000000
109657  -18.373  -80.882  -6.376 0.0000000000
109682  -9.016  -80.351  -3.333 0.0000000000
109698  -6.378  -85.426  -10.701 0.0000000000
109789  -14.918  -70.936  -3.834 0.0000000000
109858  -23.896  -65.112  -7.414 0.0000000000
109901  -11.625  -79.751  -8.259 0.0000000000
109936  -28.515  -60.208  -7.333 0.0000000000
109944  -10.173  -94.212  -6.967 0.0000000000
110009  -10.779  -94.025  -9.746 0.0000000000
110113  -11.639  -92.809  5.506 0.0000000000
110184  -18.790  -91.857  -22.175 0.0000000000
110223  -7.074  -89.993  -0.398 0.0000000000
110241  -20.814  -82.835  -6.137 0.0000000000
110277  -9.701  -91.474  -13.733 0.0000000000
110384  -10.111  -91.376  -15.101 0.0000000000
110438  -21.838  -91.386  -15.046 0.0000000000
110677  -19.998  -87.719  -26.320 0.0000000000
110679  -10.089  -91.660  -6.080 0.0000000000
110742  -11.416  -69.702  -1.701 0.0000000000
110743  -10.254  -92.725  -6.017 0.0000000000
110830  -10.172  -93.847  -7.602 0.0000000000
110904  -19.876  -92.744  -19.352 0.0000000000
110928  -11.914  -85.970  -26.122 0.0000000000
110945  -17.420  -91.674  -24.402 0.0000000000
111130  -15.025  -71.972  -2.958 0.0000000000
111157  -17.544  -93.724  -17.072 0.0000000000
111204  -6.910  -85.240  -0.037 0.0000000000
111227  -12.046  -86.423  -2.541 0.0000000000
111264  -8.575  -76.581  -5.087 0.0000000000
111367  -20.819  -62.945  -6.611 0.0000000000
111747  -24.368  -57.426  -7.994 0.0000000000
111835  -16.103  -85.550  -2.657 0.0000000000
112012  -24.842  -63.781  -7.473 0.0000000000
112084  -10.647  -93.653  -10.424 0.0000000000
112088  -13.004  -74.748  2.005 0.0000000000
112152  -8.768  -91.988  -13.340 0.0000000000
112215  -7.519  -87.073  -7.403 0.0000000000
112355  -15.338  -78.210  -3.358 0.0000000000
112521  -8.873  -92.146  -14.185 0.0000000000
112529  -6.398  -86.209  -8.742 0.0000000000
112689  -12.521  -90.593  -9.000 0.0000000000
112700  -15.362  -88.242  -6.274 0.0000000000
112758  -10.751  -92.781  -3.134 0.0000000000
112913  -18.636  -85.552  -4.492 0.0000000000
113058  -20.657  -83.901  -9.129 0.0000000000
113064  -14.103  -94.009  -19.234 0.0000000000
113070  -15.496  -88.447  -12.211 0.0000000000
113123  -16.319  -62.034  -5.599 0.0000000000
113135  -7.106  -82.508  -12.047 0.0000000000
113252  -12.089  -84.473  1.327 0.0000000000
113342  -6.904  -89.234  0.194 0.0000000000
113618  -14.811  -68.807  -4.730 0.0000000000
113656  -25.332  -69.889  -6.123 0.0000000000
113769  -11.606  -90.601  -3.042 0.0000000000
113801  -16.522  -82.224  4.260 0.0000000000
113914  -14.143  -66.777  -4.522 0.0000000000
113947  -6.100  -84.443  -8.709 0.0000000000
114010  -14.001  -82.616  -9.775 0.0000000000
114017  -14.426  -86.341  -10.828 0.0000000000
114088  -12.798  -76.850  6.969 0.0000000000
114267  -8.647  -76.836  5.663 0.0000000000
114292  -7.218  -78.327  -0.608 0.0000000000
114433  -6.263  -85.675  -12.024 0.0000000000
114455  -19.525  -74.212  2.527 0.0000000000
114694  -10.481  -92.369  -9.820 0.0000000000
114812  -9.497  -89.024  -0.288 0.0000000000
114831  -10.072  -86.746  10.799 0.0000000000
114909  -19.835  -84.426  -13.345 0.0000000000
114969  -13.880  -90.873  -14.579 0.0000000000
115018  -6.729  -84.045  -11.839 0.0000000000
115247  -17.164  -75.992  1.626 0.0000000000
115290  -7.216  -79.762  8.252 0.0000000000
115330  -22.605  -64.291  -2.625 0.0000000000
115406  -10.384  -92.998  -10.586 0.0000000000
115407  -13.199  -91.465  -14.288 0.0000000000
115715  -7.527  -82.474  -5.284 0.0000000000
115786  -10.431  -91.999  -4.128 0.0000000000
115934  -12.582  -84.422  2.990 0.0000000000
116203  -12.171  -88.377  -0.924 0.0000000000
116385  -9.326  -82.855  -6.371 0.0000000000
116394  -18.870  -93.478  -20.295 0.0000000000
116441  -9.345  -90.993  -0.058 0.0000000000
116587  -6.899  -87.959  0.468 0.0000000000
116778  -6.873  -81.572  -5.128 0.0000000000
116908  -9.608  -83.517  -8.878 0.0000000000
117122  -13.017  -73.780  0.373 0.0000000000
117147  -7.111  -91.546  -13.094 0.0000000000
117155  -6.412  -84.129  -6.848 0.0000000000
117466  -10.655  -85.538  11.325 0.0000000000
117703  -19.285  -93.377  -20.040 0.0000000000
117743  -10.172  -80.526  -6.651 0.0000000000
117832  -18.365  -74.111  -3.689 0.0000000000
117858  -27.413  -60.931  -7.566 0.0000000000
117895  -12.095  -73.440  3.870 0.0000000000
118127  -16.634  -92.074  -23.034 0.0000000000
118159  -13.840  -82.070  -4.551 0.0000000000
118256  -7.695  -77.332  -9.183 0.0000000000
118402  -12.006  -94.605  -1.322 0.0000000000
118440  -17.962  -88.886  -26.234 0.0000000000
118635  -10.033  -92.537  -7.676 0.0000000000
118663  -7.680  -76.907  5.602 0.0000000000
118766  -8.464  -77.069  -8.043 0.0000000000
118908  -11.657  -94.547  -11.751 0.0000000000
118913  -18.181  -93.848  -16.841 0.0000000000
118977  -14.814  -83.326  7.141 0.0000000000
119261  -7.479  -79.559  -2.874 0.0000000000
119345  -7.377  -85.041  0.813 0.0000000000
119379  -19.473  -88.369  -25.162 0.0000000000
119417  -8.025  -90.585  1.094 0.0000000000
119537  -8.201  -74.890  -1.748 0.0000000000
119548  -16.547  -65.231  -3.903 0.0000000000
119607  -19.811  -79.484  1.746 0.0000000000
119974  -7.766  -91.543  -11.228 0.0000000000
120019  -29.884  -59.305  -6.263 0.0000000000
120140  -8.944  -87.354  -5.251 0.0000000000
120332  -9.655  -85.342  -0.916 0.0000000000
120448  -12.726  -82.211  -10.268 0.0000000000
120601  -7.555  -78.590  -6.243 0.0000000000
120660  -7.381  -85.055  3.179 0.0000000000
120673  -6.770  -80.939  -5.079 0.0000000000
120729  -12.977  -69.990  -0.154 0.0000000000
120784  -11.126  -92.245  -11.055 0.0000000000
120867  -12.750  -85.885  8.428 0.0000000000
121082  -11.477  -82.502  9.926 0.0000000000
121095  -18.036  -79.817  -8.582 0.0000000000
121107  -12.672  -94.739  0.112 0.0000000000
121119  -19.717  -84.812  -11.273 0.0000000000
121171  -11.909  -89.494  -13.634 0.0000000000
121178  -17.037  -86.984  -26.910 0.0000000000
121199  -18.178  -56.686  -9.310 0.0000000000
122046  -17.881  -89.288  -25.927 0.0000000000
122251  -23.453  -58.613  -7.833 0.0000000000
122277  -13.681  -82.621  -5.169 0.0000000000
122365  -24.357  -54.989  -8.537 0.0000000000
122380  -8.183  -67.899  3.710 0.0000000000
123028  -18.945  -89.594  -24.752 0.0000000000
123120  -20.482  -93.796  -15.500 0.0000000000
123618  -10.933  -94.000  -10.970 0.0000000000
123674  -6.441  -74.078  1.075 0.0000000000
123797  -6.479  -86.322  -0.092 0.0000000000
123825  -6.883  -86.566  -7.254 0.0000000000
123937  -12.218  -87.150  -4.843 0.0000000000
124033  -12.588  -86.629  7.961 0.0000000000
124098  -7.452  -77.865  -9.606 0.0000000000
124102  -26.943  -65.794  -2.911 0.0000000000
124138  -6.784  -87.308  -9.298 0.0000000000
124229  -6.422  -83.375  -6.806 0.0000000000
124316  -8.129  -92.020  -15.538 0.0000000000
124499  -12.451  -94.758  -1.509 0.0000000000
124541  -29.928  -57.116  -6.250 0.0000000000
124602  -21.814  -66.917  -7.005 0.0000000000
124876  -14.100  -74.796  6.790 0.0000000000
125000  -27.676  -63.865  -7.717 0.0000000000
125173  -17.210  -89.957  -19.628 0.0000000000
125180  -20.371  -74.981  -6.207 0.0000000000
125234  -7.979  -90.107  1.510 0.0000000000
125325  -7.188  -77.866  -1.046 0.0000000000
125389  -11.600  -87.582  8.344 0.0000000000
125394  -16.281  -79.688  -8.532 0.0000000000
125483  -11.419  -90.647  -4.326 0.0000000000
125510  -9.505  -68.192  1.527 0.0000000000
125580  -17.147  -82.556  -8.954 0.0000000000
126064  -13.466  -87.794  -13.147 0.0000000000
126074  -15.656  -82.618  5.283 0.0000000000
126101  -7.640  -85.961  5.574 0.0000000000
126185  -18.619  -51.748  -10.213 0.0000000000
126231  -18.211  -86.878  -13.589 0.0000000000
126341  -7.320  -79.423  9.137 0.0000000000
126367  -16.764  -87.113  -7.879 0.0000000000
126402  -29.061  -58.716  -7.154 0.0000000000
126566  -9.654  -73.078  3.929 0.0000000000
126679  -11.299  -92.238  -11.548 0.0000000000
126784  -18.416  -91.364  -24.383 0.0000000000
126803  -10.483  -66.822  -0.583 0.0000000000
126863  -8.354  -63.738  3.256 0.0000000000
126864  -15.716  -93.485  -17.070 0.0000000000
126900  -8.476  -88.345  3.100 0.0000000000
126906  -13.780  -83.900  -9.008 0.0000000000
126945  -11.814  -79.962  6.686 0.0000000000
127006  -21.427  -93.931  -16.949 0.0000000000
127065  -6.803  -78.363  8.316 0.0000000000
127100  -24.238  -61.188  -7.305 0.0000000000
127108  -9.079  -75.908  2.098 0.0000000000
127298  -14.183  -82.143  1.582 0.0000000000
127445  -17.496  -70.279  0.253 0.0000000000
127617  -13.212  -65.276  -1.986 0.0000000000
127732  -9.845  -91.509  3.777 0.0000000000
127750  -12.932  -70.516  0.252 0.0000000000
127784  -17.723  -71.588  2.580 0.0000000000
127790  -16.777  -54.930  -9.609 0.0000000000
127870  -13.862  -87.940  -14.544 0.0000000000
128127  -22.598  -62.148  -7.315 0.0000000000
128149  -12.717  -55.099  -7.861 0.0000000000
128408  -17.306  -64.995  -3.603 0.0000000000
128426  -20.440  -86.994  -25.548 0.0000000000
128520  -13.156  -84.700  7.142 0.0000000000
128521  -11.606  -93.192  -0.473 0.0000000000
128546  -11.413  -89.924  7.895 0.0000000000
128591  -16.919  -87.189  -11.286 0.0000000000
128630  -18.745  -85.732  -7.557 0.0000000000
128638  -7.059  -84.667  10.771 0.0000000000
128657  -10.650  -93.089  -4.951 0.0000000000
128687  -17.703  -80.016  5.696 0.0000000000
128724  -11.212  -84.391  11.329 0.0000000000
128735  -11.343  -90.302  -15.856 0.0000000000
128758  -21.580  -76.522  -0.991 0.0000000000
128781  -11.432  -92.581  -12.853 0.0000000000
128855  -10.344  -83.252  -9.727 0.0000000000
128978  -10.257  -91.453  -5.634 0.0000000000
129050  -21.655  -75.328  -5.334 0.0000000000
129128  -7.871  -87.494  5.803 0.0000000000
129173  -12.887  -94.573  -14.107 0.0000000000
129195  -13.610  -70.115  -0.267 0.0000000000
129197  -11.379  -70.420  2.697 0.0000000000
129262  -10.626  -83.700  -1.596 0.0000000000
129357  -10.923  -87.384  7.373 0.0000000000
129372  -19.987  -82.069  -5.670 0.0000000000
129440  -14.744  -94.030  -20.240 0.0000000000
129467  -12.577  -78.039  -6.536 0.0000000000
129492  -16.753  -90.515  -24.370 0.0000000000
129614  -9.918  -92.732  -7.953 0.0000000000
129644  -28.856  -57.350  -7.413 0.0000000000
129711  -7.085  -85.314  -0.277 0.0000000000
129748  -11.327  -84.698  0.600 0.0000000000
129750  -13.959  -89.418  -10.013 0.0000000000
129793  -11.106  -91.914  3.101 0.0000000000
129931  -7.468  -65.570  4.007 0.0000000000
129935  -7.703  -82.564  -5.239 0.0000000000
129948  -12.779  -89.612  -5.415 0.0000000000
129987  -11.646  -94.401  -1.517 0.0000000000
