#!ascii label  , from subject sub-v1s12x0050113_ses-1 vox2ras=TkReg
2385
40280  19.045  -40.983  53.215 0.5555559993
122003  20.499  -42.056  50.080 0.4444440007
39448  20.308  -41.668  52.223 0.4444440007
39463  20.180  -41.758  51.033 0.4444440007
38680  18.785  -42.118  51.593 0.5555559993
38679  19.539  -41.716  51.853 0.4444440007
39440  20.472  -41.400  52.947 0.4444440007
39429  19.900  -41.125  53.157 0.5555559993
39430  19.221  -41.135  53.106 0.5555559993
123923  18.677  -41.232  53.027 0.5555559993
38661  18.881  -41.768  52.386 0.5555559993
38699  18.909  -42.206  50.392 0.4444440007
40291  18.748  -40.592  52.870 0.4444440007
40281  18.367  -41.075  53.038 0.4444440007
40290  19.524  -40.618  53.032 0.4444440007
39431  18.112  -41.561  52.872 0.4444440007
40279  19.754  -40.990  53.258 0.5555559993
38678  20.841  -42.168  51.480 0.4444440007
39442  18.522  -41.605  52.790 0.5555559993
38662  18.311  -42.247  52.444 0.5555559993
37852  18.342  -42.793  49.979 0.4444440007
37837  18.315  -42.859  51.078 0.5555559993
37878  18.071  -42.800  48.122 0.2222220004
37866  17.629  -43.491  48.749 0.1111110002
37879  17.473  -43.476  47.881 0.1111110002
41128  18.432  -40.155  52.311 0.3333329856
40292  17.996  -40.653  52.622 0.3333329856
39443  17.630  -41.417  52.736 0.4444440007
112005  21.507  -42.611  52.257 0.4444440007
38644  21.223  -41.559  52.948 0.4444440007
116349  20.343  -40.744  53.113 0.4444440007
38660  21.051  -41.913  52.596 0.4444440007
37824  18.146  -42.989  52.083 0.5555559993
37838  17.919  -43.594  50.642 0.4444440007
37822  22.431  -43.837  52.038 0.4444440007
38658  22.245  -42.478  52.732 0.4444440007
38643  21.779  -41.760  52.973 0.4444440007
39427  21.879  -41.311  53.054 0.4444440007
41127  19.231  -39.987  52.378 0.3333329856
40303  17.789  -40.143  51.695 0.3333329856
37005  22.148  -44.149  51.381 0.3333329856
37823  21.827  -43.411  51.893 0.4444440007
38659  21.663  -42.222  52.792 0.4444440007
121470  21.380  -41.318  53.045 0.4444440007
41134  20.330  -39.804  51.926 0.4444440007
41135  18.632  -39.777  51.496 0.3333329856
37836  21.624  -43.548  51.034 0.3333329856
38677  21.397  -42.860  51.489 0.3333329856
124426  19.591  -39.656  51.338 0.3333329856
123007  18.145  -39.459  50.038 0.3333329856
37850  21.478  -43.587  50.071 0.2222220004
37851  20.990  -42.760  49.517 0.2222220004
37040  17.175  -44.239  48.498 0.1111110002
37853  17.796  -43.522  49.662 0.2222220004
37811  23.719  -43.348  52.344 0.4444440007
38656  24.016  -42.542  52.236 0.5555559993
39438  23.190  -41.713  52.465 0.4444440007
37003  23.487  -44.598  51.516 0.3333329856
38657  23.061  -42.549  52.525 0.4444440007
38642  22.387  -41.816  52.849 0.4444440007
40287  22.909  -40.951  52.442 0.4444440007
36989  23.003  -44.203  52.086 0.3333329856
119910  22.842  -43.423  52.435 0.4444440007
39439  22.459  -41.298  52.815 0.4444440007
40301  22.503  -40.356  51.949 0.5555559993
37004  22.798  -44.506  51.532 0.3333329856
125463  21.527  -40.536  52.781 0.4444440007
37026  21.721  -44.545  49.652 0.2222220004
41133  21.139  -39.829  51.600 0.3333329856
41145  18.866  -39.427  50.398 0.3333329856
41146  17.564  -39.784  50.112 0.2222220004
37810  24.464  -43.392  52.192 0.4444440007
106598  23.975  -41.817  52.075 0.5555559993
39447  23.610  -41.257  51.996 0.5555559993
36987  24.678  -44.193  51.978 0.3333329856
122719  23.795  -41.020  51.287 0.5555559993
37002  24.157  -44.567  51.529 0.3333329856
40300  23.216  -40.685  51.570 0.5555559993
40314  22.753  -40.221  50.902 0.5555559993
35265  23.684  -45.943  49.821 0.2222220004
35266  23.181  -45.871  49.771 0.2222220004
36107  23.263  -45.006  50.901 0.2222220004
37017  22.551  -44.802  50.803 0.2222220004
41132  21.969  -39.920  51.253 0.5555559993
120810  22.781  -46.094  49.278 0.1111110002
36123  22.272  -45.108  50.021 0.2222220004
35293  22.683  -46.278  48.725 0.1111110002
37809  25.125  -43.569  51.994 0.4444440007
39437  24.600  -42.170  51.825 0.5555559993
39446  24.300  -41.581  51.433 0.5555559993
37001  25.493  -44.796  51.393 0.3333329856
36986  25.251  -44.315  51.732 0.3333329856
40312  24.191  -41.183  50.609 0.5555559993
40313  23.478  -40.665  50.652 0.5555559993
36118  26.451  -45.507  50.622 0.3333329856
36119  25.629  -45.499  50.646 0.3333329856
36104  25.185  -45.100  51.159 0.3333329856
36091  24.822  -44.768  51.437 0.3333329856
40327  23.804  -40.886  49.775 0.4444440007
35275  25.707  -45.930  49.600 0.1111110002
109873  25.296  -45.874  49.796 0.2222220004
35264  24.718  -45.768  50.057 0.2222220004
36120  24.363  -45.419  50.434 0.2222220004
36105  24.572  -45.079  50.944 0.3333329856
40341  23.347  -40.768  49.074 0.3333329856
40328  22.943  -40.361  49.807 0.3333329856
35290  25.245  -46.074  49.026 0.1111110002
35276  24.917  -46.034  49.574 0.1111110002
35277  24.090  -46.142  49.529 0.1111110002
35302  24.668  -46.134  48.493 0.1111110002
35291  23.937  -46.361  48.741 0.1111110002
35292  23.257  -46.369  48.695 0.1111110002
122005  21.973  -46.321  47.232 0.1111110002
35303  24.042  -46.240  47.885 0.1111110002
122567  22.464  -46.324  47.056 0.1111110002
108295  21.038  -46.413  45.884 0.1111110002
35324  20.607  -46.321  45.235 0.1111110002
38655  24.892  -42.822  52.013 0.5555559993
107111  24.988  -42.018  51.353 0.5555559993
118670  25.766  -44.375  51.553 0.4444440007
38654  25.589  -43.090  51.744 0.5555559993
38676  25.320  -42.485  51.556 0.5555559993
39462  24.950  -41.716  50.736 0.6666669846
36102  26.871  -45.191  51.016 0.4444440007
37000  26.250  -44.761  51.355 0.5555559993
37821  26.329  -43.439  51.509 0.4444440007
39480  24.708  -41.525  49.679 0.6666669846
36133  27.619  -45.575  49.978 0.4444440007
108639  26.834  -45.657  50.236 0.4444440007
36101  27.764  -44.900  50.858 0.4444440007
108372  29.021  -45.257  49.232 0.3333329856
36145  28.117  -45.459  49.234 0.3333329856
36147  26.191  -45.779  48.891 0.2222220004
36146  27.586  -45.335  48.342 0.3333329856
113528  26.862  -45.451  48.331 0.3333329856
36161  25.433  -45.822  48.288 0.1111110002
35304  23.181  -46.318  47.560 0.1111110002
35314  21.874  -46.395  46.429 0.1111110002
107175  21.460  -46.452  45.926 0.1111110002
35322  21.775  -46.473  45.744 0.1111110002
35323  21.182  -46.510  45.239 0.1111110002
38674  27.201  -43.212  51.150 0.6666669846
38675  26.130  -42.822  51.291 0.6666669846
39461  25.762  -42.249  50.942 0.6666669846
39479  25.678  -41.985  50.073 0.6666669846
109288  27.942  -44.269  51.042 0.5555559993
125211  27.900  -43.716  51.125 0.5555559993
36115  29.143  -44.757  50.183 0.3333329856
36116  28.245  -45.061  50.367 0.4444440007
118461  28.426  -45.230  48.238 0.3333329856
36132  28.639  -45.228  49.906 0.3333329856
39460  26.751  -42.663  50.826 0.6666669846
111035  26.400  -42.369  50.320 0.6666669846
36998  28.698  -44.419  50.571 0.5555559993
38673  28.260  -43.429  50.902 0.5555559993
39478  26.531  -42.311  49.403 0.7777780294
37016  29.577  -44.284  50.325 0.4444440007
37819  28.597  -43.922  50.891 0.5555559993
38672  29.103  -43.634  50.618 0.5555559993
36157  29.367  -45.192  48.417 0.3333329856
122173  29.397  -45.054  49.880 0.3333329856
37835  29.915  -43.746  50.382 0.6666669846
37048  30.553  -44.854  47.928 0.4444440007
37037  30.087  -45.077  48.465 0.4444440007
36144  29.950  -45.080  49.380 0.4444440007
37025  30.567  -44.534  49.740 0.4444440007
38695  28.755  -43.083  50.503 0.6666669846
39459  28.208  -42.476  50.057 0.7777780294
38694  29.677  -43.135  50.337 0.6666669846
39477  27.462  -42.317  49.367 0.6666669846
37849  31.101  -43.975  49.888 0.4444440007
37015  30.325  -44.167  50.157 0.4444440007
37035  31.306  -44.540  48.452 0.5555559993
37047  31.195  -44.433  47.315 0.5555559993
39476  28.203  -42.051  49.341 0.7777780294
38693  30.517  -43.049  50.151 0.6666669846
39458  29.267  -42.529  50.121 0.6666669846
117716  28.818  -42.043  49.673 0.6666669846
122515  27.824  -42.052  48.597 0.7777780294
37848  31.509  -43.284  49.761 0.5555559993
37024  31.265  -44.316  49.308 0.5555559993
110048  31.828  -43.638  49.402 0.5555559993
37861  32.381  -43.580  48.794 0.5555559993
39474  30.729  -41.766  49.848 0.6666669846
40326  30.331  -41.238  49.261 0.6666669846
39455  31.836  -42.232  49.782 0.6666669846
39456  31.065  -42.353  49.997 0.6666669846
123876  29.608  -41.410  48.884 0.6666669846
38691  31.964  -42.682  49.667 0.5555559993
38692  31.288  -42.859  49.924 0.5555559993
113409  32.073  -43.052  49.534 0.5555559993
125921  32.781  -43.129  48.997 0.5555559993
38735  32.972  -43.064  47.410 0.5555559993
37873  33.042  -43.049  48.461 0.5555559993
38734  33.522  -42.646  47.914 0.5555559993
40324  32.102  -41.063  49.509 0.7777780294
40325  31.222  -41.121  49.527 0.6666669846
40338  30.810  -40.700  48.781 0.6666669846
39454  32.479  -42.130  49.516 0.6666669846
39472  32.402  -41.598  49.573 0.6666669846
40339  29.994  -40.956  48.430 0.6666669846
108406  32.958  -42.153  49.337 0.6666669846
37846  33.043  -42.642  49.107 0.6666669846
38720  33.672  -42.349  48.591 0.6666669846
39500  34.084  -42.016  47.784 0.5555559993
40337  31.650  -40.521  49.082 0.7777780294
41177  31.289  -40.141  48.313 0.6666669846
39471  33.178  -41.525  49.396 0.6666669846
39489  33.610  -41.954  49.129 0.6666669846
40349  35.133  -40.731  47.610 0.6666669846
39499  34.593  -41.312  47.335 0.6666669846
126864  34.558  -41.549  48.080 0.6666669846
41176  32.141  -39.906  48.744 0.6666669846
40323  32.973  -40.811  49.442 0.7777780294
41192  36.026  -39.140  47.577 0.7777780294
40322  34.301  -40.525  49.143 0.7777780294
121291  33.678  -40.865  49.363 0.7777780294
40362  35.506  -40.205  47.233 0.7777780294
40335  35.330  -40.225  48.214 0.6666669846
40336  34.719  -40.838  48.797 0.6666669846
39470  34.057  -41.253  49.204 0.6666669846
119158  34.852  -41.078  48.214 0.6666669846
41194  31.833  -39.524  47.871 0.6666669846
125488  33.513  -38.868  48.411 0.8888890147
125887  32.832  -39.229  48.368 0.8888890147
42024  33.741  -39.381  48.834 0.8888890147
41175  32.978  -39.948  49.132 0.8888890147
42041  36.340  -38.348  47.543 0.7777780294
41174  34.924  -40.062  48.821 0.8888890147
41157  34.416  -39.791  49.023 0.8888890147
41158  33.720  -40.223  49.258 0.7777780294
41208  36.269  -38.834  46.968 0.7777780294
125596  35.734  -39.697  47.644 0.7777780294
41233  36.323  -38.923  45.105 0.6666669846
42906  33.337  -38.358  47.950 0.7777780294
108093  32.346  -38.751  47.380 0.6666669846
42905  34.094  -37.858  48.014 0.8888890147
122170  35.388  -38.067  48.428 0.8888890147
42904  34.794  -37.721  48.329 0.8888890147
42031  34.125  -38.534  48.450 0.8888890147
42924  36.639  -37.730  47.203 0.7777780294
42042  35.912  -38.903  48.093 0.8888890147
41156  34.984  -39.308  48.776 0.8888890147
42030  34.909  -38.559  48.645 0.8888890147
42055  36.560  -38.182  46.617 0.7777780294
41193  35.730  -39.489  48.056 0.7777780294
41173  35.420  -39.469  48.435 0.8888890147
120063  36.774  -37.530  46.672 0.7777780294
42073  36.591  -38.268  45.580 0.6666669846
42089  36.576  -38.321  44.608 0.6666669846
42915  32.896  -37.934  47.174 0.7777780294
42914  33.705  -37.567  47.492 0.7777780294
42913  36.564  -37.529  47.712 0.8888890147
42902  36.294  -37.119  48.090 0.8888890147
42903  35.586  -37.366  48.286 0.8888890147
43855  35.076  -36.818  48.083 0.8888890147
43868  34.020  -36.807  47.179 0.8888890147
42923  36.881  -37.057  47.131 0.8888890147
43867  34.691  -36.355  47.585 0.8888890147
42054  36.788  -37.618  45.954 0.6666669846
42940  37.016  -37.027  46.266 0.7777780294
42072  36.802  -37.689  45.031 0.6666669846
43883  33.617  -36.514  46.339 0.6666669846
43866  37.103  -36.295  47.296 0.8888890147
42912  36.729  -36.773  47.716 0.8888890147
108695  36.400  -36.373  47.942 0.8888890147
43854  35.772  -36.560  48.160 0.8888890147
44831  34.638  -35.280  46.322 0.8888890147
44832  34.271  -35.986  46.849 0.7777780294
44842  33.973  -35.774  45.886 0.6666669846
43882  37.273  -36.402  46.561 0.8888890147
44799  35.946  -35.834  47.926 0.8888890147
44800  35.328  -36.023  47.852 0.8888890147
44814  35.046  -35.475  47.233 0.8888890147
43892  37.389  -36.440  45.761 0.7777780294
44812  37.209  -35.629  47.302 0.8888890147
44798  36.490  -35.698  47.782 0.8888890147
112942  36.113  -35.129  47.724 0.8888890147
44813  35.651  -35.265  47.596 0.8888890147
45621  35.190  -34.796  46.690 0.7777780294
45629  34.955  -34.484  45.856 0.5555559993
44829  37.864  -35.220  46.235 0.8888890147
44830  37.466  -35.741  46.733 0.8888890147
43881  37.669  -35.808  46.031 0.7777780294
43904  37.361  -36.479  44.944 0.7777780294
44797  36.906  -35.508  47.585 0.7777780294
47075  35.307  -32.747  44.756 0.5555559993
46367  35.159  -33.353  44.458 0.4444440007
44811  37.598  -35.091  46.805 0.8888890147
45610  37.202  -34.866  47.309 0.7777780294
45605  35.902  -34.421  47.528 0.8888890147
45612  35.587  -34.643  47.225 0.8888890147
46363  35.364  -33.492  45.428 0.7777780294
45636  34.844  -34.264  44.650 0.5555559993
46371  34.955  -33.570  43.639 0.2222220004
45620  38.012  -34.698  46.399 0.8888890147
44851  37.990  -35.304  44.879 0.6666669846
43903  37.606  -35.873  44.505 0.6666669846
45635  38.279  -34.798  45.202 0.7777780294
45611  36.760  -34.410  47.502 0.8888890147
45603  36.633  -35.040  47.635 0.7777780294
46345  36.075  -34.044  47.603 0.7777780294
47079  35.030  -32.508  43.923 0.3333329856
47080  34.513  -31.890  43.185 0.2222220004
46350  37.218  -33.818  47.229 0.8888890147
46351  36.440  -33.794  47.496 0.7777780294
46352  35.995  -33.584  47.437 0.7777780294
47066  35.874  -32.962  46.245 0.6666669846
47071  35.580  -32.415  45.405 0.7777780294
45609  37.739  -34.331  46.776 0.8888890147
46357  38.305  -34.013  46.231 0.8888890147
113240  38.405  -34.312  44.876 0.7777780294
45657  37.930  -34.609  43.739 0.6666669846
46366  38.521  -33.529  44.944 0.7777780294
122212  37.749  -34.275  43.119 0.6666669846
46376  38.094  -33.683  43.518 0.6666669846
47085  38.038  -32.906  42.933 0.5555559993
47844  34.679  -31.414  43.865 0.2222220004
47057  37.361  -32.695  47.106 0.8888890147
107734  36.270  -33.134  47.352 0.7777780294
47059  36.135  -32.682  47.093 0.7777780294
47828  35.986  -31.918  46.229 0.7777780294
118159  35.071  -31.918  44.662 0.6666669846
108300  34.124  -31.521  42.549 0.1111110002
107660  38.384  -33.069  46.236 0.8888890147
47813  36.914  -31.665  47.045 0.8888890147
115135  36.208  -32.015  46.862 0.7777780294
47074  38.612  -32.491  44.544 0.7777780294
46377  37.687  -33.694  42.697 0.5555559993
45667  37.405  -34.451  42.473 0.4444440007
118830  38.358  -32.037  43.164 0.6666669846
127915  37.238  -32.987  41.524 0.2222220004
46387  36.911  -33.394  41.184 0.2222220004
46388  36.574  -33.477  40.509 0.2222220004
47886  37.431  -31.780  40.113 0.2222220004
47111  36.947  -32.219  39.701 0.2222220004
47117  36.963  -32.097  38.802 0.2222220004
124248  36.755  -32.193  37.029 0.2222220004
47833  34.878  -30.970  44.545 0.3333329856
47834  34.547  -30.563  43.765 0.3333329856
48729  34.114  -30.608  42.389 0.2222220004
48719  34.363  -30.368  43.143 0.2222220004
47829  35.447  -31.424  45.287 0.6666669846
47845  34.146  -30.986  43.061 0.2222220004
119013  38.386  -32.319  46.188 0.8888890147
47064  37.651  -31.932  46.805 0.8888890147
48696  36.367  -30.610  46.311 0.7777780294
113416  35.971  -30.962  45.852 0.7777780294
116204  38.526  -31.739  45.855 0.8888890147
106925  38.793  -31.676  45.140 0.7777780294
122664  38.642  -32.021  43.866 0.7777780294
47856  38.618  -31.317  42.517 0.6666669846
47093  37.961  -32.122  42.363 0.5555559993
47868  38.143  -31.504  41.636 0.3333329856
47885  38.176  -31.277  39.957 0.3333329856
47903  37.578  -31.665  39.329 0.2222220004
47127  37.038  -32.067  37.791 0.2222220004
49619  34.473  -29.895  43.255 0.4444440007
48718  34.592  -30.122  43.728 0.3333329856
48708  34.875  -30.210  44.331 0.4444440007
48702  35.356  -30.518  45.073 0.5555559993
118279  38.177  -30.756  46.294 0.8888890147
48694  37.445  -30.380  46.552 0.7777780294
49574  36.851  -29.566  46.089 0.7777780294
48701  35.986  -30.146  45.557 0.6666669846
49588  38.692  -29.314  45.512 0.8888890147
48693  38.554  -30.171  45.792 0.8888890147
47827  38.682  -30.911  45.625 0.8888890147
48700  39.112  -30.031  45.287 0.8888890147
47826  39.135  -30.768  44.871 0.8888890147
47832  38.903  -31.470  44.339 0.7777780294
48707  39.661  -29.920  44.655 0.8888890147
47843  38.877  -31.364  43.488 0.7777780294
47855  39.289  -30.801  43.032 0.7777780294
47867  38.899  -30.934  41.632 0.4444440007
110598  38.541  -31.133  40.831 0.3333329856
49605  34.945  -29.627  44.124 0.4444440007
117551  38.025  -29.851  46.170 0.7777780294
49573  37.307  -29.640  46.250 0.7777780294
49575  36.475  -29.855  45.945 0.7777780294
49590  36.073  -29.484  45.276 0.6666669846
49591  35.417  -29.789  44.836 0.5555559993
50438  35.288  -29.035  44.213 0.4444440007
50456  34.901  -29.174  43.548 0.5555559993
49572  37.845  -29.060  45.908 0.8888890147
49587  39.602  -29.183  45.027 0.8888890147
47842  39.462  -30.663  43.984 0.8888890147
110132  39.904  -30.400  43.328 0.6666669846
48740  39.766  -30.590  41.718 0.6666669846
48748  40.532  -30.574  41.053 0.5555559993
47882  41.057  -30.826  40.186 0.5555559993
47899  41.441  -30.954  39.398 0.5555559993
110082  39.248  -30.768  42.281 0.6666669846
48749  39.455  -30.793  40.876 0.5555559993
47883  40.027  -30.893  40.135 0.4444440007
50455  35.662  -28.599  43.720 0.6666669846
50422  37.041  -28.682  45.326 0.7777780294
50437  35.905  -28.765  44.567 0.6666669846
50421  37.698  -28.499  45.519 0.8888890147
50423  36.267  -28.972  45.100 0.6666669846
49604  35.597  -29.252  44.695 0.5555559993
114161  39.281  -28.499  45.027 0.8888890147
118204  38.402  -28.498  45.387 0.8888890147
49603  40.177  -29.103  44.408 0.8888890147
49618  40.768  -29.147  43.481 0.7777780294
48726  41.244  -29.743  42.623 0.7777780294
122376  41.555  -30.100  41.830 0.7777780294
48738  41.898  -29.467  42.041 0.7777780294
48717  40.142  -29.882  43.882 0.7777780294
48727  40.536  -30.090  43.060 0.7777780294
48739  40.689  -30.290  42.072 0.6666669846
125470  41.139  -30.353  41.496 0.5555559993
48747  41.634  -30.389  40.959 0.7777780294
47881  42.028  -30.608  40.013 0.6666669846
47898  42.332  -30.902  39.231 0.5555559993
47917  43.349  -31.129  38.202 0.4444440007
50454  36.396  -28.262  44.349 0.5555559993
51204  37.690  -28.039  45.154 0.6666669846
51216  37.098  -28.182  44.810 0.5555559993
51203  38.207  -27.929  45.162 0.8888890147
118275  38.148  -27.616  44.915 0.7777780294
126486  38.857  -27.992  44.974 0.8888890147
50435  39.998  -28.387  44.679 0.8888890147
49602  40.526  -28.312  44.081 0.8888890147
48737  42.266  -29.918  41.380 0.7777780294
48746  42.617  -30.278  40.626 0.7777780294
106615  43.429  -30.135  40.310 0.6666669846
48755  43.689  -30.436  39.537 0.5555559993
48767  43.918  -30.657  38.720 0.6666669846
118500  44.623  -30.171  38.319 0.6666669846
51215  37.742  -27.643  44.699 0.5555559993
51214  38.704  -27.553  44.736 0.8888890147
52072  38.367  -27.270  44.431 0.7777780294
51213  39.615  -27.672  44.564 0.8888890147
52071  39.191  -27.139  44.315 0.8888890147
50434  40.265  -27.809  44.326 0.8888890147
49617  41.144  -28.170  43.423 0.7777780294
49628  41.553  -28.886  42.768 0.7777780294
107463  42.997  -28.880  41.451 0.7777780294
49635  43.082  -29.660  41.049 0.6666669846
49641  43.769  -29.456  40.527 0.6666669846
50506  43.943  -28.739  40.648 0.7777780294
123912  44.153  -29.832  39.874 0.7777780294
110862  44.630  -28.845  39.553 0.7777780294
49661  45.002  -29.348  38.384 0.8888890147
48783  44.929  -30.231  37.424 0.7777780294
52070  39.870  -27.069  44.152 0.8888890147
118080  40.292  -27.318  44.060 0.8888890147
50472  41.795  -27.954  42.773 0.7777780294
51228  41.299  -27.280  43.280 0.8888890147
49627  42.273  -28.630  42.058 0.7777780294
50471  42.373  -27.703  42.271 0.7777780294
50490  43.497  -28.336  41.179 0.8888890147
50491  42.950  -27.974  41.765 0.8888890147
50489  43.904  -27.916  40.708 0.7777780294
52082  40.380  -26.828  43.593 0.8888890147
52081  40.992  -26.809  43.313 0.8888890147
51246  41.992  -27.073  42.642 0.8888890147
51267  42.671  -26.950  41.917 0.7777780294
51266  43.403  -27.326  41.234 0.7777780294
52098  40.016  -26.444  43.099 0.6666669846
52097  40.855  -26.415  42.840 0.7777780294
126710  41.398  -26.308  42.517 0.8888890147
52114  41.189  -26.011  42.030 0.6666669846
52113  41.931  -26.336  42.215 0.8888890147
113709  42.529  -26.192  41.492 0.6666669846
126692  16.994  -41.486  52.368 0.4444440007
38645  18.006  -42.274  52.706 0.4444440007
108098  18.043  -39.700  50.774 0.2222220004
41163  18.530  -39.231  49.483 0.2222220004
37813  17.513  -43.688  52.327 0.5555559993
40304  17.113  -40.552  51.195 0.2222220004
118680  17.899  -42.050  52.825 0.4444440007
39428  20.619  -41.134  53.129 0.5555559993
37865  18.223  -42.765  49.014 0.4444440007
40293  17.324  -40.849  52.130 0.3333329856
41126  20.026  -40.145  52.665 0.4444440007
125717  19.794  -39.839  52.118 0.3333329856
40278  21.278  -40.894  53.151 0.4444440007
40289  20.931  -40.245  52.631 0.4444440007
38697  21.147  -42.712  50.581 0.4444440007
37801  17.744  -42.943  52.550 0.4444440007
37825  17.819  -43.698  51.638 0.5555559993
37812  22.071  -43.055  52.482 0.4444440007
40288  22.082  -40.764  52.808 0.4444440007
37018  21.928  -44.352  50.538 0.2222220004
41144  20.453  -39.634  50.923 0.3333329856
108656  19.826  -39.447  50.253 0.2222220004
37863  21.326  -43.699  49.136 0.2222220004
37864  20.887  -42.966  48.559 0.2222220004
36988  23.597  -44.120  52.177 0.3333329856
123787  24.167  -43.999  52.190 0.3333329856
40302  21.746  -40.163  52.277 0.4444440007
36136  21.921  -45.462  49.225 0.2222220004
41143  21.256  -39.749  50.455 0.4444440007
40316  17.015  -40.284  50.279 0.2222220004
40315  17.491  -40.074  50.810 0.2222220004
36106  23.952  -44.984  50.860 0.2222220004
36121  23.676  -45.497  50.285 0.2222220004
116419  24.116  -45.792  50.057 0.2222220004
36122  22.939  -45.408  50.254 0.2222220004
107649  22.670  -46.407  47.965 0.1111110002
121725  25.714  -43.792  51.713 0.4444440007
36103  26.054  -45.137  51.130 0.3333329856
36117  27.336  -45.366  50.517 0.4444440007
36134  26.617  -45.800  49.737 0.2222220004
35262  25.983  -45.780  50.179 0.3333329856
35263  25.302  -45.651  50.272 0.2222220004
35251  24.962  -45.440  50.564 0.2222220004
120927  24.557  -46.216  49.108 0.1111110002
126940  24.828  -45.886  47.865 0.1111110002
107827  23.393  -46.404  48.195 0.1111110002
35315  21.480  -46.303  46.521 0.1111110002
36999  27.106  -44.586  51.279 0.5555559993
37820  27.163  -43.870  51.361 0.5555559993
119330  27.194  -45.642  49.148 0.3333329856
38696  27.766  -42.869  50.735 0.6666669846
109136  27.193  -42.511  50.136 0.7777780294
36997  29.229  -44.022  50.622 0.5555559993
36131  29.889  -44.687  50.065 0.4444440007
37036  30.696  -44.833  48.955 0.5555559993
37834  30.772  -43.538  50.072 0.6666669846
37862  31.825  -44.133  48.894 0.5555559993
39457  30.211  -42.450  50.123 0.6666669846
39475  29.685  -41.825  49.648 0.6666669846
39473  31.603  -41.705  49.780 0.6666669846
38708  32.471  -42.606  49.396 0.5555559993
41159  32.393  -40.433  49.262 0.7777780294
39488  34.327  -41.619  48.632 0.6666669846
42023  34.469  -39.119  48.788 0.8888890147
42029  36.054  -38.038  48.170 0.8888890147
116828  35.461  -38.733  48.419 0.8888890147
43856  34.429  -37.184  47.802 0.8888890147
117285  37.034  -37.053  45.424 0.6666669846
43853  36.836  -36.085  47.662 0.7777780294
46359  35.561  -33.954  46.585 0.7777780294
44841  38.006  -35.281  45.589 0.8888890147
43891  37.699  -35.836  45.296 0.7777780294
46353  35.803  -33.946  47.252 0.8888890147
47087  34.895  -32.734  43.136 0.2222220004
45628  38.238  -34.732  45.872 0.8888890147
113366  38.438  -34.179  45.477 0.7777780294
45646  38.173  -34.757  44.512 0.7777780294
114324  36.764  -33.175  47.352 0.8888890147
46349  37.930  -33.407  46.767 0.8888890147
46358  35.895  -33.262  46.999 0.7777780294
47065  36.040  -32.527  46.836 0.7777780294
46362  38.487  -33.500  45.694 0.7777780294
46370  38.303  -34.067  44.284 0.7777780294
122424  38.412  -33.322  44.192 0.7777780294
47078  38.396  -32.755  43.696 0.6666669846
47058  36.556  -32.508  47.195 0.8888890147
47063  38.050  -32.508  46.645 0.8888890147
47814  36.264  -31.830  46.966 0.7777780294
47820  36.445  -31.055  46.784 0.7777780294
47821  36.247  -31.345  46.659 0.7777780294
47070  38.559  -32.625  45.529 0.8888890147
46382  37.222  -33.795  41.861 0.3333329856
47086  37.607  -32.971  42.175 0.3333329856
45679  36.697  -34.178  41.137 0.2222220004
47094  37.555  -32.241  41.553 0.3333329856
47102  37.037  -32.519  40.705 0.2222220004
47103  36.572  -32.869  39.975 0.2222220004
47869  37.724  -31.647  40.822 0.2222220004
47923  37.728  -31.689  38.420 0.2222220004
47139  36.136  -32.419  36.748 0.2222220004
47818  38.163  -31.659  46.429 0.8888890147
125243  38.410  -31.251  46.102 0.8888890147
47819  37.575  -31.184  46.719 0.7777780294
48688  36.935  -30.845  46.844 0.7777780294
47884  39.067  -30.970  40.073 0.3333329856
49589  36.674  -29.253  45.648 0.7777780294
50412  37.204  -29.065  45.886 0.7777780294
48728  39.902  -30.483  42.581 0.6666669846
47900  40.562  -31.059  39.448 0.4444440007
47919  41.668  -31.103  38.657 0.4444440007
47901  39.527  -31.120  39.227 0.3333329856
121359  42.495  -29.351  41.561 0.7777780294
48756  42.925  -30.674  39.839 0.6666669846
47897  43.155  -30.992  39.068 0.5555559993
50453  40.705  -27.604  43.836 0.7777780294
107150  44.426  -30.067  39.129 0.7777780294
48766  44.805  -29.682  38.629 0.7777780294
48765  45.076  -29.685  37.988 0.7777780294
49634  43.505  -29.069  41.018 0.6666669846
112778  44.332  -29.148  40.057 0.7777780294
50505  44.392  -28.302  40.117 0.7777780294
49651  44.644  -29.428  39.229 0.7777780294
50515  44.724  -28.307  39.324 0.8888890147
50514  44.918  -28.911  38.868 0.8888890147
51229  40.759  -27.133  43.651 0.8888890147
51287  44.166  -27.565  40.284 0.8888890147
51265  43.822  -27.235  40.627 0.8888890147
39432  17.519  -42.123  52.846 0.4444440007
115792  16.931  -42.043  52.711 0.4444440007
38646  17.429  -42.707  52.787 0.4444440007
117431  17.614  -44.285  51.182 0.4444440007
28261  -0.129  -53.702  52.693 0.1111110002
125347  -0.740  -53.711  52.382 0.1111110002
28259  0.658  -54.086  52.861 0.1111110002
29197  -0.543  -53.209  52.826 0.1111110002
28258  0.939  -54.280  53.106 0.1111110002
28249  0.466  -53.646  53.095 0.1111110002
29199  -1.248  -53.221  52.346 0.1111110002
28277  3.369  -54.141  51.623 0.1111110002
112061  25.570  -41.984  49.056 0.5555559993
28226  4.577  -54.375  56.421 0.1111110002
28257  1.198  -54.397  53.323 0.1111110002
28247  1.035  -53.840  53.731 0.1111110002
28248  0.820  -53.640  53.559 0.1111110002
28266  3.412  -53.971  52.423 0.1111110002
28267  2.464  -54.308  52.283 0.1111110002
29192  0.097  -52.744  53.940 0.1111110002
28268  1.380  -54.654  52.606 0.1111110002
28275  5.949  -54.052  51.313 0.1111110002
28276  4.197  -54.016  51.106 0.1111110002
28279  1.572  -54.802  51.705 0.1111110002
28286  5.823  -53.914  50.349 0.1111110002
28287  5.053  -53.942  50.722 0.1111110002
39493  24.758  -41.782  48.556 0.5555559993
30063  4.463  -52.664  56.795 0.2222220004
29176  4.501  -53.416  56.780 0.1111110002
120085  1.710  -54.110  53.916 0.1111110002
28246  1.247  -53.967  54.039 0.1111110002
28238  0.864  -53.440  54.162 0.1111110002
29191  0.513  -52.872  54.490 0.1111110002
28256  2.022  -54.238  53.259 0.1111110002
29195  0.532  -53.274  53.806 0.1111110002
30062  5.264  -52.319  56.757 0.3333329856
107279  4.258  -53.884  52.133 0.1111110002
107421  3.892  -53.830  53.000 0.1111110002
31859  -0.042  -51.502  53.437 0.1111110002
30083  -0.632  -52.058  53.273 0.1111110002
108052  5.016  -53.970  51.634 0.1111110002
127118  4.941  -53.963  52.249 0.1111110002
28285  6.769  -54.118  50.611 0.1111110002
28274  6.780  -54.291  51.449 0.1111110002
39492  25.413  -42.095  48.222 0.5555559993
39481  24.017  -41.210  48.840 0.3333329856
106667  24.071  -41.605  47.896 0.3333329856
40353  23.244  -41.025  48.168 0.3333329856
127229  22.470  -40.696  48.052 0.2222220004
40355  21.852  -40.597  47.485 0.2222220004
111889  4.030  -51.885  56.712 0.2222220004
28221  4.162  -53.834  56.523 0.1111110002
28233  4.501  -54.574  55.936 0.1111110002
28235  2.397  -53.763  55.348 0.1111110002
28236  1.668  -53.638  54.842 0.1111110002
28245  2.002  -53.864  54.631 0.1111110002
29190  0.958  -53.213  54.740 0.1111110002
30076  0.206  -52.190  54.422 0.1111110002
30946  4.990  -51.308  56.719 0.3333329856
118058  2.997  -53.812  54.902 0.1111110002
117762  2.659  -53.911  54.036 0.1111110002
121368  3.499  -53.875  53.668 0.1111110002
31849  0.297  -51.411  54.038 0.1111110002
30960  0.207  -51.663  54.143 0.1111110002
31834  5.316  -50.584  56.767 0.3333329856
28244  3.615  -53.927  54.438 0.1111110002
110410  4.831  -53.931  52.952 0.1111110002
31826  5.308  -49.758  57.154 0.3333329856
28241  5.652  -54.659  54.072 0.1111110002
28243  4.421  -54.195  54.641 0.1111110002
121156  5.637  -54.278  53.258 0.1111110002
121816  6.767  -54.778  52.749 0.1111110002
108922  6.443  -54.345  52.101 0.1111110002
28264  7.179  -54.665  52.010 0.1111110002
28273  7.394  -54.542  51.199 0.1111110002
27347  8.051  -55.013  50.845 0.1111110002
124752  13.818  -46.110  50.340 0.2222220004
39506  23.404  -41.507  47.195 0.2222220004
40354  22.638  -41.067  47.382 0.2222220004
40368  22.164  -41.014  46.815 0.1111110002
41213  20.904  -40.262  46.691 0.1111110002
29183  2.200  -53.410  56.034 0.1111110002
29184  1.793  -53.266  55.657 0.1111110002
29180  1.588  -52.924  55.931 0.1111110002
120361  0.995  -51.712  55.797 0.1111110002
31827  4.764  -50.407  57.004 0.3333329856
30947  4.344  -51.144  56.805 0.3333329856
28234  3.094  -53.984  55.661 0.1111110002
28229  2.075  -53.533  55.476 0.1111110002
29186  0.741  -52.717  55.011 0.1111110002
30075  0.481  -52.215  54.952 0.1111110002
31842  0.570  -51.356  54.623 0.1111110002
32735  5.374  -49.332  57.207 0.3333329856
118649  6.187  -54.420  52.776 0.1111110002
35255  13.198  -46.931  51.583 0.2222220004
35256  12.270  -47.311  51.518 0.2222220004
112425  27.033  -42.376  48.713 0.6666669846
35269  12.836  -46.978  50.655 0.2222220004
109335  13.526  -46.600  50.847 0.2222220004
36138  14.242  -45.539  50.025 0.2222220004
37029  14.057  -45.479  49.230 0.2222220004
40369  21.476  -40.725  46.563 0.1111110002
37042  14.095  -45.068  48.511 0.1111110002
40370  20.842  -40.450  46.050 0.1111110002
30064  3.756  -52.490  56.669 0.2222220004
116415  2.456  -51.324  56.610 0.2222220004
123346  1.898  -51.314  56.420 0.1111110002
31831  1.414  -51.072  56.037 0.1111110002
31840  1.492  -50.522  55.619 0.1111110002
29178  2.827  -53.267  56.296 0.1111110002
30066  2.447  -52.638  56.452 0.1111110002
30067  1.800  -52.538  56.275 0.1111110002
128470  0.998  -51.287  55.513 0.1111110002
30954  0.711  -51.666  55.257 0.1111110002
30957  0.796  -51.279  55.110 0.1111110002
32736  4.653  -49.770  57.156 0.3333329856
33626  5.854  -48.755  57.165 0.3333329856
33634  5.980  -48.418  56.866 0.3333329856
32773  6.228  -49.703  53.548 0.1111110002
33652  6.490  -49.178  54.359 0.1111110002
117078  6.607  -49.734  52.630 0.1111110002
39504  25.696  -42.184  47.536 0.4444440007
39505  24.254  -41.846  46.980 0.4444440007
33664  7.824  -49.109  51.986 0.1111110002
107826  26.275  -42.268  48.323 0.5555559993
107528  24.864  -41.984  47.670 0.4444440007
33669  8.697  -48.677  51.736 0.1111110002
124096  8.590  -48.808  50.834 0.1111110002
39491  28.471  -41.774  47.981 0.6666669846
35268  13.280  -46.551  50.043 0.2222220004
34495  10.445  -47.834  50.183 0.1111110002
35282  13.078  -46.413  49.234 0.2222220004
36139  13.694  -46.022  49.579 0.2222220004
36153  13.546  -45.843  48.710 0.1111110002
41215  19.609  -39.694  46.202 0.1111110002
42060  18.865  -39.311  45.802 0.1111110002
37041  14.336  -44.454  47.814 0.1111110002
42080  18.124  -39.050  45.260 0.1111110002
37867  14.859  -43.711  48.237 0.1111110002
42081  17.446  -38.898  45.620 0.1111110002
106483  16.859  -38.831  45.230 0.1111110002
108845  17.423  -38.819  44.827 0.1111110002
38739  15.292  -42.428  47.739 0.1111110002
38740  14.895  -43.155  47.556 0.1111110002
32739  2.767  -50.450  56.579 0.2222220004
32747  2.375  -50.191  56.335 0.1111110002
32756  2.042  -50.035  55.942 0.1111110002
128252  3.501  -50.093  56.779 0.2222220004
32754  3.436  -49.682  55.726 0.2222220004
32755  2.664  -49.798  55.903 0.1111110002
33645  3.996  -49.376  56.266 0.1111110002
32775  4.734  -50.152  53.851 0.1111110002
32764  5.275  -49.765  54.475 0.1111110002
32774  5.458  -49.954  53.638 0.1111110002
32782  7.189  -49.538  52.084 0.1111110002
39520  22.762  -41.407  46.559 0.2222220004
40383  22.122  -41.182  46.092 0.1111110002
33670  7.965  -49.071  51.123 0.1111110002
33668  9.284  -48.473  50.929 0.1111110002
41214  20.352  -39.997  46.476 0.1111110002
34483  10.074  -47.961  51.004 0.1111110002
42061  18.268  -39.082  46.265 0.1111110002
34494  11.198  -47.594  50.206 0.1111110002
127949  17.833  -38.983  45.923 0.1111110002
109547  17.436  -38.987  46.541 0.1111110002
42062  16.874  -38.930  45.895 0.1111110002
41229  16.247  -39.235  45.542 0.1111110002
41217  15.949  -39.770  46.165 0.1111110002
35283  12.558  -46.894  49.748 0.1111110002
35284  11.697  -47.266  49.380 0.1111110002
40371  15.770  -40.400  46.583 0.1111110002
107934  12.405  -46.744  48.851 0.1111110002
127180  15.616  -40.332  45.956 0.1111110002
37880  14.592  -43.816  47.473 0.1111110002
41239  15.813  -39.510  44.770 0.1111110002
39522  15.167  -41.676  46.463 0.1111110002
39508  14.907  -42.548  46.838 0.1111110002
32776  4.003  -50.370  54.114 0.1111110002
32766  3.692  -49.971  54.907 0.1111110002
32767  2.780  -49.988  55.163 0.1111110002
32784  4.971  -50.439  53.069 0.1111110002
31847  3.179  -50.473  54.310 0.1111110002
32783  5.706  -50.083  52.830 0.1111110002
32789  7.323  -49.552  51.380 0.1111110002
127006  27.780  -42.010  47.819 0.4444440007
108037  27.132  -42.280  48.015 0.6666669846
39501  28.134  -41.767  47.255 0.4444440007
41228  19.491  -39.743  45.271 0.1111110002
119848  10.766  -47.748  50.782 0.1111110002
39521  15.392  -40.925  46.171 0.1111110002
127555  15.680  -39.945  45.423 0.1111110002
42100  16.390  -38.983  44.726 0.1111110002
40386  15.291  -40.695  45.442 0.1111110002
39507  15.409  -41.794  47.244 0.1111110002
39503  26.554  -42.237  47.413 0.5555559993
34504  10.844  -47.671  49.470 0.1111110002
117857  28.775  -40.958  46.064 0.4444440007
39519  23.579  -41.752  46.163 0.2222220004
39535  22.757  -41.555  45.703 0.2222220004
39517  25.493  -41.945  46.042 0.4444440007
39548  22.667  -41.549  44.782 0.1111110002
35270  11.996  -47.287  50.410 0.1111110002
106878  26.006  -42.134  46.740 0.4444440007
39533  25.008  -41.849  45.304 0.2222220004
110975  24.106  -41.821  45.312 0.2222220004
39534  23.340  -41.709  45.282 0.2222220004
40397  21.809  -41.251  44.751 0.1111110002
120971  12.914  -46.289  48.524 0.1111110002
39547  23.659  -41.658  44.448 0.2222220004
112509  22.186  -41.367  44.125 0.1111110002
39546  24.600  -41.711  44.552 0.2222220004
108326  21.504  -41.075  44.006 0.1111110002
128002  24.336  -41.552  43.890 0.2222220004
39559  22.903  -41.473  43.839 0.1111110002
107890  15.584  -41.103  46.893 0.1111110002
36152  13.633  -45.464  48.055 0.1111110002
39557  25.090  -41.472  43.800 0.1111110002
124683  24.603  -41.265  43.179 0.1111110002
40413  23.103  -41.277  42.956 0.1111110002
40414  22.143  -41.188  43.301 0.1111110002
40415  21.201  -40.852  43.247 0.1111110002
39558  23.767  -41.429  43.474 0.1111110002
40412  23.991  -41.108  42.645 0.1111110002
40431  24.942  -40.879  42.290 0.1111110002
107876  24.176  -40.833  41.937 0.1111110002
40448  24.754  -40.600  41.388 0.1111110002
31864  5.178  -50.617  52.260 0.1111110002
32791  5.923  -50.251  51.965 0.1111110002
34496  9.679  -48.197  50.055 0.1111110002
110890  10.200  -47.895  49.547 0.1111110002
35285  11.055  -47.433  48.678 0.1111110002
39502  27.373  -42.073  47.274 0.5555559993
112209  22.146  -41.345  45.373 0.2222220004
40385  20.727  -40.575  45.340 0.1111110002
35298  11.704  -46.967  48.378 0.1111110002
41212  29.977  -40.218  46.146 0.4444440007
40352  28.899  -41.346  47.347 0.5555559993
116785  27.715  -41.736  46.571 0.4444440007
40384  21.434  -40.950  45.559 0.1111110002
41225  29.801  -40.034  45.338 0.3333329856
108019  26.880  -42.014  46.612 0.3333329856
39516  26.352  -41.886  45.955 0.4444440007
40398  21.057  -40.839  44.712 0.1111110002
39531  26.588  -41.669  45.287 0.4444440007
39544  26.333  -41.515  44.613 0.2222220004
39556  26.032  -41.265  43.738 0.1111110002
40411  25.463  -41.086  43.039 0.1111110002
106353  26.172  -40.913  42.963 0.1111110002
40430  25.905  -40.750  42.310 0.1111110002
107553  25.605  -40.545  41.544 0.1111110002
40463  24.461  -40.286  40.526 0.1111110002
40380  29.303  -40.592  45.735 0.3333329856
40366  28.500  -41.336  46.623 0.4444440007
41227  20.214  -40.107  45.673 0.1111110002
41216  16.546  -39.291  46.413 0.1111110002
40367  28.101  -41.256  45.935 0.3333329856
110087  13.109  -45.900  47.952 0.1111110002
42091  30.732  -38.962  44.606 0.2222220004
42092  30.133  -39.339  44.197 0.1111110002
39515  27.238  -41.637  45.759 0.3333329856
36165  13.383  -45.343  47.373 0.1111110002
42090  31.119  -38.376  44.240 0.2222220004
40399  20.224  -40.294  44.717 0.1111110002
42079  18.775  -39.323  44.882 0.1111110002
37894  14.511  -43.471  46.834 0.1111110002
37881  14.156  -44.192  47.000 0.1111110002
108942  13.865  -45.023  47.786 0.1111110002
41238  19.382  -39.769  44.334 0.1111110002
122527  26.884  -41.086  44.070 0.1111110002
40410  26.778  -40.833  43.279 0.1111110002
124948  25.365  -40.306  40.773 0.1111110002
35297  12.388  -46.464  47.906 0.1111110002
41235  30.329  -39.542  44.939 0.1111110002
112708  13.434  -44.991  46.925 0.1111110002
38751  14.358  -43.055  46.078 0.1111110002
111303  31.572  -37.766  43.816 0.3333329856
40382  27.843  -41.113  45.155 0.3333329856
39530  27.099  -41.361  44.863 0.2222220004
40396  27.653  -40.906  44.340 0.1111110002
40429  26.680  -40.583  42.491 0.1111110002
40409  27.452  -40.395  42.857 0.1111110002
40447  26.487  -40.301  41.614 0.1111110002
43915  31.979  -37.090  43.385 0.3333329856
40381  28.602  -40.844  45.396 0.2222220004
114744  28.413  -40.679  44.617 0.3333329856
112032  27.470  -40.705  43.596 0.1111110002
41226  29.128  -40.382  44.958 0.3333329856
109196  32.614  -36.582  43.665 0.2222220004
40395  28.196  -40.442  43.786 0.1111110002
44862  33.676  -35.298  42.747 0.1111110002
44853  32.964  -35.946  43.090 0.1111110002
115634  30.566  -38.837  43.941 0.1111110002
41236  29.645  -39.865  44.564 0.1111110002
45668  34.010  -34.248  41.615 0.1111110002
44872  33.607  -34.986  41.940 0.1111110002
42973  30.795  -38.313  43.345 0.1111110002
45659  34.188  -34.577  42.415 0.1111110002
44873  33.069  -35.627  42.244 0.1111110002
43914  32.396  -36.573  43.009 0.1111110002
47095  34.143  -32.645  41.534 0.1111110002
46383  34.097  -33.483  41.339 0.1111110002
43926  32.487  -36.230  42.408 0.1111110002
47096  33.389  -31.956  41.210 0.1111110002
44886  33.011  -35.352  41.476 0.1111110002
43942  32.577  -35.881  41.797 0.1111110002
47858  33.452  -31.249  41.420 0.1111110002
47104  33.734  -32.942  40.735 0.1111110002
47870  32.883  -31.390  40.818 0.1111110002
44885  33.511  -34.680  41.168 0.1111110002
48730  33.718  -30.870  41.642 0.1111110002
49631  33.457  -30.692  41.188 0.1111110002
49645  33.061  -30.440  40.795 0.1111110002
49638  33.667  -30.314  41.472 0.1111110002
48741  33.060  -31.018  41.026 0.1111110002
47105  32.977  -32.184  40.514 0.1111110002
49637  34.063  -29.795  41.520 0.2222220004
49636  34.795  -29.450  41.063 0.3333329856
112148  39.651  -26.562  41.617 0.5555559993
51268  38.252  -27.284  41.202 0.5555559993
50492  36.357  -28.412  41.340 0.4444440007
50493  35.484  -28.944  41.354 0.4444440007
52116  38.858  -26.833  41.796 0.5555559993
51269  37.542  -27.599  41.438 0.4444440007
47871  32.444  -31.086  40.372 0.1111110002
47106  32.346  -31.591  40.161 0.1111110002
50508  36.603  -28.433  40.543 0.4444440007
114859  40.452  -26.279  41.400 0.5555559993
52112  43.070  -26.535  41.287 0.7777780294
52133  42.223  -25.977  40.811 0.6666669846
48797  45.418  -29.923  36.864 0.7777780294
48813  45.429  -30.114  36.128 0.6666669846
48830  45.204  -30.258  35.358 0.6666669846
49642  35.358  -29.234  40.598 0.3333329856
48750  32.757  -30.783  40.559 0.1111110002
50509  35.985  -28.821  40.566 0.4444440007
51290  37.697  -27.718  40.647 0.4444440007
51289  38.433  -27.436  40.389 0.5555559993
52135  39.790  -26.754  40.771 0.5555559993
52136  38.987  -26.922  40.941 0.5555559993
113074  41.865  -25.986  41.546 0.6666669846
52131  43.521  -26.621  40.741 0.7777780294
123288  45.356  -29.699  37.426 0.7777780294
53757  46.232  -24.598  34.932 0.6666669846
53756  46.584  -25.179  34.629 0.6666669846
52955  46.729  -25.981  34.788 0.6666669846
52220  46.785  -26.374  34.568 0.6666669846
51408  46.837  -26.906  34.823 0.6666669846
51409  46.542  -27.098  34.165 0.5555559993
53758  45.279  -24.218  35.030 0.5555559993
49717  44.830  -29.414  34.072 0.5555559993
54647  44.366  -23.696  34.616 0.5555559993
49716  45.576  -29.220  34.551 0.5555559993
55563  44.317  -22.767  34.601 0.6666669846
54648  43.689  -23.356  33.775 0.3333329856
58197  45.105  -19.790  33.979 0.4444440007
57327  44.753  -20.519  34.253 0.5555559993
56479  44.137  -21.562  33.827 0.3333329856
55586  43.776  -22.428  33.568 0.6666669846
54663  43.274  -23.077  33.024 0.3333329856
54664  42.697  -23.177  32.427 0.3333329856
56501  43.559  -21.659  32.952 0.5555559993
55587  43.112  -22.433  32.620 0.5555559993
54671  42.193  -23.311  31.799 0.3333329856
49643  34.799  -29.604  40.170 0.1111110002
122683  34.202  -29.737  40.781 0.1111110002
49644  33.458  -29.998  40.931 0.1111110002
124156  40.453  -26.563  40.607 0.5555559993
52132  43.016  -26.011  40.796 0.6666669846
123900  44.019  -26.878  40.059 0.7777780294
108705  45.706  -25.105  35.050 0.6666669846
52956  46.469  -25.616  35.087 0.6666669846
52952  46.693  -26.458  35.139 0.6666669846
52203  46.814  -26.620  35.007 0.6666669846
51393  46.725  -27.584  34.836 0.6666669846
50562  46.833  -28.039  35.461 0.6666669846
50563  46.312  -28.547  34.819 0.5555559993
49683  45.833  -29.485  36.506 0.7777780294
123606  46.752  -28.402  35.983 0.7777780294
50554  46.478  -28.830  35.591 0.6666669846
49707  45.808  -29.420  35.120 0.5555559993
49708  45.067  -29.944  34.696 0.5555559993
53774  43.601  -24.239  33.857 0.3333329856
57342  44.415  -20.001  33.429 0.3333329856
57328  44.048  -20.852  33.382 0.2222220004
125110  42.963  -23.887  32.984 0.3333329856
53786  42.276  -24.620  32.411 0.2222220004
53787  41.638  -24.823  31.733 0.2222220004
59850  46.371  -18.072  32.986 0.3333329856
57364  43.432  -20.242  31.958 0.2222220004
57343  43.825  -20.333  32.738 0.3333329856
54672  41.710  -23.413  31.172 0.1111110002
113363  41.154  -25.005  31.252 0.1111110002
52263  40.261  -26.124  30.710 0.1111110002
54682  41.153  -23.391  30.488 0.1111110002
53812  40.861  -24.060  30.287 0.1111110002
49654  32.464  -30.108  39.544 0.1111110002
52134  41.247  -26.082  40.927 0.5555559993
51311  44.484  -27.598  39.733 0.7777780294
52204  46.147  -26.442  35.421 0.7777780294
52193  46.764  -27.049  35.527 0.7777780294
110378  45.453  -29.299  37.581 0.7777780294
52974  44.649  -25.311  34.601 0.5555559993
52957  45.321  -26.035  35.058 0.5555559993
51377  46.814  -27.733  35.986 0.7777780294
49694  46.396  -28.986  36.241 0.7777780294
115254  43.650  -25.120  33.963 0.3333329856
53773  44.301  -24.511  34.456 0.5555559993
53775  42.920  -24.872  33.238 0.3333329856
52976  42.989  -25.912  33.459 0.3333329856
58213  44.975  -19.201  33.264 0.3333329856
52987  41.830  -25.337  32.218 0.1111110002
52237  41.693  -26.114  32.451 0.1111110002
118704  41.256  -26.920  32.490 0.1111110002
59025  45.358  -18.542  32.581 0.3333329856
58214  44.084  -19.688  32.516 0.2222220004
57365  42.792  -20.880  31.532 0.4444440007
56520  42.408  -21.700  31.381 0.2222220004
55597  42.494  -22.499  31.813 0.2222220004
55606  41.524  -22.547  30.733 0.1111110002
52999  41.298  -25.651  31.713 0.1111110002
52251  40.705  -26.259  31.439 0.1111110002
51443  40.622  -27.019  31.939 0.1111110002
51444  39.991  -27.552  31.669 0.1111110002
58233  43.641  -19.506  31.577 0.4444440007
58234  42.870  -19.989  31.242 0.4444440007
57366  42.125  -21.076  31.045 0.1111110002
56521  41.790  -21.683  30.862 0.1111110002
59023  47.719  -17.911  32.367 0.3333329856
121184  41.289  -20.448  29.851 0.1111110002
56530  41.069  -21.700  30.361 0.1111110002
55615  40.037  -22.528  29.792 0.1111110002
58258  41.678  -19.979  29.405 0.1111110002
51288  39.180  -27.125  40.159 0.5555559993
111069  32.979  -30.133  40.243 0.1111110002
52148  40.788  -26.656  39.998 0.4444440007
52146  42.759  -26.014  39.939 0.6666669846
52195  45.510  -26.908  35.841 0.7777780294
52184  45.902  -27.169  36.559 0.7777780294
113773  45.099  -28.337  38.525 0.7777780294
52205  45.141  -26.591  35.386 0.7777780294
52183  46.426  -27.406  36.186 0.7777780294
50536  45.781  -28.718  37.257 0.7777780294
52206  44.449  -26.833  34.769 0.6666669846
51363  46.268  -27.843  36.667 0.7777780294
50535  46.374  -28.435  36.538 0.7777780294
49673  45.937  -29.058  36.845 0.7777780294
52975  43.815  -25.915  34.056 0.3333329856
51411  43.499  -26.864  34.085 0.3333329856
52222  42.571  -26.835  33.455 0.2222220004
49696  40.094  -28.998  34.854 0.2222220004
52236  42.258  -26.229  33.009 0.2222220004
51413  42.110  -27.566  33.517 0.1111110002
51427  41.447  -27.594  33.024 0.1111110002
122846  40.333  -28.967  33.953 0.2222220004
58232  44.425  -18.996  32.117 0.2222220004
50580  41.044  -28.147  33.012 0.1111110002
125685  46.376  -17.762  32.401 0.3333329856
59044  44.796  -18.363  31.604 0.2222220004
59045  43.956  -18.834  31.149 0.3333329856
57379  41.533  -20.870  30.505 0.1111110002
59849  47.019  -17.667  32.588 0.3333329856
58247  43.142  -19.313  30.691 0.3333329856
58248  42.449  -19.829  30.648 0.2222220004
58249  41.882  -20.121  30.243 0.2222220004
60714  47.433  -17.135  31.909 0.3333329856
58257  42.530  -19.516  29.832 0.2222220004
49652  35.649  -29.217  39.889 0.4444440007
50518  36.519  -28.705  39.738 0.3333329856
52149  39.966  -26.930  40.011 0.5555559993
52147  41.706  -26.297  39.999 0.6666669846
109052  33.880  -29.917  40.174 0.1111110002
117887  44.446  -27.028  39.238 0.7777780294
51364  44.484  -27.155  35.746 0.7777780294
52185  44.875  -26.946  36.713 0.7777780294
123351  45.364  -27.033  37.414 0.7777780294
52173  45.399  -27.329  37.786 0.7777780294
51333  45.286  -27.758  38.161 0.7777780294
51310  44.804  -27.712  38.934 0.7777780294
51378  44.484  -27.102  35.243 0.5555559993
52172  45.853  -27.463  36.992 0.7777780294
51349  45.743  -27.813  37.392 0.7777780294
50523  45.577  -28.299  37.753 0.7777780294
51394  43.768  -27.418  34.721 0.4444440007
124775  45.968  -28.235  37.063 0.7777780294
51412  42.760  -27.452  33.890 0.3333329856
51379  43.780  -27.597  35.263 0.4444440007
50564  43.097  -27.586  34.350 0.4444440007
50565  42.419  -28.041  34.200 0.2222220004
50566  41.679  -28.498  34.384 0.2222220004
112969  40.757  -28.561  33.385 0.2222220004
106330  41.096  -28.679  33.958 0.2222220004
59880  45.227  -17.731  31.236 0.3333329856
59054  44.356  -18.200  30.584 0.3333329856
114902  43.677  -18.767  30.380 0.3333329856
59867  46.283  -17.394  31.826 0.3333329856
58256  43.238  -19.011  29.929 0.2222220004
59866  48.067  -17.259  31.649 0.3333329856
59041  48.626  -17.520  31.112 0.3333329856
59052  48.809  -17.901  30.282 0.3333329856
58267  43.093  -18.987  29.163 0.1111110002
58268  42.313  -19.497  28.687 0.1111110002
60733  49.207  -16.491  29.836 0.3333329856
59877  48.967  -17.004  30.526 0.3333329856
59071  42.953  -18.839  28.286 0.1111110002
52176  43.206  -26.629  38.027 0.7777780294
52159  43.915  -26.485  38.408 0.7777780294
52145  43.911  -26.348  39.337 0.7777780294
107651  43.517  -26.145  40.127 0.7777780294
52174  44.643  -26.722  37.830 0.7777780294
52157  44.903  -27.218  38.483 0.7777780294
51350  43.630  -27.367  36.191 0.7777780294
50557  41.517  -28.550  35.172 0.4444440007
50549  40.360  -28.555  36.336 0.4444440007
50555  43.087  -27.892  34.791 0.4444440007
50556  42.348  -28.292  34.907 0.2222220004
50567  40.922  -28.774  34.600 0.3333329856
59886  44.922  -17.577  30.460 0.3333329856
59878  46.624  -16.839  31.339 0.3333329856
59879  45.678  -17.144  30.868 0.3333329856
59060  44.449  -17.769  29.766 0.1111110002
59061  43.772  -18.457  29.638 0.2222220004
59069  44.035  -17.928  29.094 0.2222220004
59070  43.540  -18.371  28.725 0.2222220004
60724  48.370  -16.631  31.219 0.3333329856
59896  43.903  -17.697  28.423 0.2222220004
50507  37.136  -28.102  40.141 0.4444440007
51334  42.352  -26.864  38.197 0.7777780294
52160  43.120  -26.298  38.965 0.7777780294
126291  43.372  -26.125  39.628 0.6666669846
52175  43.863  -26.782  37.384 0.7777780294
51352  41.679  -27.518  37.525 0.6666669846
50537  41.013  -28.104  36.934 0.5555559993
51353  40.781  -27.755  37.756 0.4444440007
50525  39.945  -27.909  37.959 0.5555559993
51351  42.718  -27.228  37.159 0.6666669846
51365  41.867  -27.839  36.619 0.6666669846
50538  40.144  -28.264  37.190 0.3333329856
123079  42.617  -27.711  36.220 0.6666669846
50547  42.074  -28.142  35.733 0.4444440007
50548  41.255  -28.386  36.065 0.4444440007
51380  42.939  -27.908  35.443 0.5555559993
60726  46.200  -16.496  30.426 0.3333329856
59885  45.159  -17.119  29.952 0.3333329856
59895  44.567  -17.246  29.002 0.3333329856
51316  37.878  -27.832  39.837 0.5555559993
51315  38.658  -27.614  39.613 0.5555559993
51312  41.128  -26.908  39.229 0.5555559993
52161  42.080  -26.547  39.121 0.5555559993
63290  47.046  -13.514  25.838 0.2222220004
51313  40.279  -27.234  39.332 0.4444440007
51314  39.451  -27.427  39.440 0.5555559993
51335  41.421  -27.206  38.409 0.5555559993
51336  40.555  -27.486  38.578 0.4444440007
51337  39.719  -27.672  38.718 0.4444440007
63298  47.288  -13.447  25.249 0.3333329856
29177  3.748  -53.188  56.611 0.1111110002
30948  3.563  -51.123  56.807 0.3333329856
28232  4.712  -54.655  55.418 0.1111110002
33627  4.955  -49.249  57.111 0.3333329856
27323  5.545  -55.394  54.752 0.1111110002
30061  3.374  -51.927  56.662 0.2222220004
33635  5.206  -48.879  56.849 0.3333329856
28228  2.801  -53.771  55.889 0.1111110002
31829  2.930  -50.936  56.751 0.3333329856
111368  3.404  -50.431  56.788 0.3333329856
28252  6.241  -54.740  53.416 0.1111110002
34437  6.482  -48.201  57.170 0.3333329856
32737  3.909  -49.977  57.003 0.2222220004
33654  5.048  -49.476  55.368 0.2222220004
33679  8.080  -49.060  50.208 0.1111110002
61590  48.472  -15.348  30.272 0.3333329856
60723  48.851  -16.090  30.606 0.3333329856
61597  47.917  -14.825  29.618 0.3333329856
60734  48.045  -15.802  30.881 0.3333329856
59902  44.277  -17.055  28.083 0.2222220004
60725  47.491  -16.424  31.291 0.3333329856
60735  47.082  -15.913  30.519 0.3333329856
108161  45.379  -16.525  29.358 0.1111110002
29196  0.024  -53.200  53.286 0.1111110002
30080  -0.345  -52.622  53.346 0.1111110002
28255  2.985  -53.910  53.106 0.1111110002
29175  5.146  -53.239  56.900 0.2222220004
118940  4.640  -51.887  56.728 0.3333329856
28227  3.737  -54.116  56.060 0.1111110002
28237  1.145  -53.604  54.428 0.1111110002
30079  -0.152  -52.136  53.829 0.1111110002
31850  -0.111  -51.700  53.687 0.1111110002
28265  5.586  -54.135  52.313 0.1111110002
28222  3.448  -53.680  56.268 0.1111110002
112787  3.811  -54.159  55.402 0.1111110002
29189  1.478  -53.374  55.042 0.1111110002
30958  0.504  -51.641  54.752 0.1111110002
113532  5.694  -50.840  56.465 0.3333329856
28254  4.242  -53.922  53.768 0.1111110002
28253  5.032  -54.153  53.928 0.1111110002
28242  5.120  -54.617  54.747 0.1111110002
27333  7.378  -55.436  52.618 0.1111110002
29179  2.081  -53.107  56.166 0.1111110002
29185  1.185  -52.919  55.408 0.1111110002
30072  0.784  -52.266  55.452 0.1111110002
30951  1.505  -51.823  56.248 0.1111110002
31828  4.099  -50.396  56.998 0.3333329856
32734  6.124  -49.081  57.322 0.3333329856
30949  2.759  -51.986  56.602 0.1111110002
30065  3.145  -52.625  56.563 0.1111110002
31830  2.167  -50.716  56.441 0.1111110002
30950  2.127  -51.948  56.508 0.1111110002
31835  1.731  -50.462  56.027 0.1111110002
31841  0.891  -50.995  55.146 0.1111110002
33628  4.248  -49.578  56.973 0.3333329856
33643  5.500  -48.886  56.148 0.3333329856
33642  6.283  -48.486  56.040 0.1111110002
33653  5.821  -49.058  55.070 0.3333329856
32763  5.905  -49.637  54.228 0.1111110002
106877  25.135  -42.050  46.849 0.4444440007
32746  2.818  -49.890  56.295 0.1111110002
32745  3.388  -49.647  56.289 0.2222220004
33637  3.941  -49.512  56.628 0.2222220004
32765  4.519  -49.917  54.688 0.1111110002
33644  4.735  -49.204  56.258 0.3333329856
33636  4.506  -49.277  56.765 0.3333329856
39518  24.581  -41.908  46.108 0.3333329856
39532  25.881  -41.789  45.282 0.2222220004
39545  25.480  -41.642  44.540 0.2222220004
119409  20.724  -40.700  43.946 0.1111110002
117223  45.618  -29.483  37.062 0.7777780294
49695  45.915  -29.517  35.823 0.6666669846
112157  46.260  -27.923  34.280 0.5555559993
54631  45.215  -23.067  35.127 0.5555559993
128415  44.403  -21.038  34.086 0.4444440007
114110  42.387  -23.817  32.278 0.3333329856
53797  41.888  -24.039  31.771 0.3333329856
50524  45.334  -28.866  38.075 0.7777780294
51392  46.873  -27.250  35.306 0.7777780294
57344  43.394  -20.939  32.427 0.4444440007
56502  42.933  -21.688  32.107 0.4444440007
59043  45.709  -17.947  32.123 0.3333329856
125087  41.994  -22.807  31.317 0.2222220004
53798  41.367  -24.239  31.015 0.1111110002
53799  40.812  -24.786  30.600 0.1111110002
53000  40.744  -25.530  31.030 0.1111110002
55607  40.720  -22.547  30.211 0.1111110002
52194  46.474  -26.949  35.761 0.7777780294
52958  44.372  -26.284  34.462 0.4444440007
52986  42.318  -25.510  32.769 0.2222220004
52250  41.128  -26.388  31.992 0.1111110002
52223  41.853  -26.859  33.002 0.1111110002
51428  40.850  -27.618  32.552 0.1111110002
55598  42.057  -22.257  31.182 0.1111110002
121009  40.355  -27.692  32.193 0.2222220004
50590  39.957  -28.075  32.127 0.2222220004
57378  42.194  -20.395  30.927 0.2222220004
56531  40.303  -21.737  29.931 0.1111110002
50558  40.654  -28.740  35.455 0.4444440007
50572  41.540  -28.239  33.626 0.1111110002
122986  44.985  -26.952  38.067 0.7777780294
125974  47.944  -16.780  31.636 0.3333329856
59891  48.963  -17.225  29.540 0.2222220004
52158  44.467  -26.740  38.599 0.7777780294
62419  48.844  -14.933  29.709 0.3333329856
61591  47.423  -15.379  30.071 0.3333329856
60741  46.277  -15.824  29.555 0.3333329856
60742  45.491  -16.042  28.793 0.1111110002
111780  25.438  -45.458  47.498 0.1111110002
36159  27.068  -45.097  47.435 0.2222220004
36160  26.206  -45.464  47.910 0.2222220004
36176  25.435  -45.005  46.629 0.1111110002
106422  25.162  -44.680  45.772 0.1111110002
37077  24.334  -44.750  45.465 0.1111110002
121148  28.946  -45.133  47.627 0.2222220004
125894  27.800  -45.141  47.769 0.2222220004
36174  27.366  -44.760  46.420 0.2222220004
37062  26.428  -44.830  46.551 0.2222220004
37076  26.668  -44.575  45.748 0.1111110002
111172  25.903  -44.617  45.987 0.1111110002
107732  25.869  -44.418  45.177 0.1111110002
121324  24.990  -44.488  45.121 0.1111110002
37050  29.118  -45.001  46.825 0.2222220004
36173  28.342  -44.766  46.143 0.1111110002
106684  28.498  -44.558  45.172 0.2222220004
37075  27.592  -44.547  45.496 0.1111110002
37088  26.900  -44.358  44.876 0.1111110002
37061  30.133  -44.741  46.816 0.3333329856
37049  29.703  -45.050  47.644 0.3333329856
37074  29.376  -44.723  45.812 0.2222220004
108039  29.222  -44.392  44.785 0.2222220004
37901  30.753  -44.047  45.704 0.3333329856
37060  30.764  -44.341  46.419 0.3333329856
37912  30.637  -43.643  44.823 0.2222220004
37073  30.002  -44.260  45.230 0.2222220004
107885  30.211  -44.473  45.975 0.3333329856
37913  29.785  -43.967  44.368 0.2222220004
108740  30.247  -43.413  43.923 0.2222220004
37888  31.504  -43.900  46.396 0.3333329856
120345  31.930  -43.989  47.278 0.4444440007
37887  32.310  -43.479  46.855 0.4444440007
37900  31.356  -43.498  45.476 0.3333329856
37874  32.482  -43.614  47.828 0.4444440007
37875  31.930  -44.148  48.126 0.4444440007
37899  32.083  -43.255  45.950 0.3333329856
115473  31.308  -43.181  44.845 0.2222220004
38749  32.781  -42.875  46.437 0.4444440007
38759  32.495  -42.571  45.574 0.4444440007
41222  36.293  -38.894  46.125 0.6666669846
41223  35.921  -39.563  45.618 0.6666669846
38768  32.170  -42.321  44.854 0.3333329856
124714  31.903  -42.177  44.299 0.2222220004
38769  31.612  -42.687  44.552 0.2222220004
40406  35.208  -40.110  44.056 0.4444440007
39514  33.910  -41.806  46.652 0.4444440007
38758  33.232  -42.227  46.025 0.4444440007
39529  32.856  -41.815  45.097 0.4444440007
124397  34.369  -41.199  46.183 0.5555559993
39528  33.653  -41.560  45.662 0.5555559993
40377  35.495  -40.192  46.170 0.6666669846
40378  34.872  -40.684  45.646 0.5555559993
40394  33.817  -40.915  44.366 0.4444440007
40393  34.643  -40.583  44.669 0.4444440007
43869  33.252  -37.210  46.804 0.6666669846
45658  37.593  -34.909  43.023 0.5555559993
109320  33.929  -35.673  45.013 0.5555559993
45630  34.471  -35.143  45.306 0.4444440007
52099  39.190  -26.621  43.195 0.6666669846
51231  37.112  -27.758  44.161 0.4444440007
50474  35.202  -28.817  42.720 0.3333329856
50475  34.616  -29.421  42.856 0.3333329856
50494  34.743  -29.287  42.008 0.2222220004
52084  38.810  -26.882  43.835 0.5555559993
52115  40.316  -26.234  42.316 0.5555559993
51230  37.749  -27.374  44.122 0.5555559993
111166  36.447  -27.987  43.480 0.3333329856
51247  37.395  -27.432  43.239 0.3333329856
51248  36.570  -27.993  42.373 0.3333329856
108353  35.800  -28.549  42.074 0.3333329856
52085  38.108  -27.079  43.792 0.3333329856
113690  37.353  -27.531  42.212 0.3333329856
52100  38.278  -26.917  43.067 0.3333329856
123111  37.754  -27.208  42.642 0.3333329856
47918  42.533  -31.173  38.458 0.4444440007
47916  44.184  -30.805  37.833 0.4444440007
51338  38.909  -27.797  38.856 0.4444440007
50526  39.179  -28.042  38.160 0.4444440007
50539  39.355  -28.347  37.471 0.2222220004
50550  39.389  -28.699  36.620 0.2222220004
48798  44.997  -30.550  36.499 0.6666669846
47953  44.578  -31.159  36.018 0.4444440007
48831  44.584  -30.723  34.754 0.5555559993
47976  44.603  -31.022  35.322 0.4444440007
60749  44.554  -16.345  27.676 0.1111110002
61607  44.844  -15.621  27.345 0.1111110002
61615  45.136  -14.945  26.983 0.1111110002
61606  45.532  -15.202  27.759 0.1111110002
127791  46.394  -14.110  26.965 0.1111110002
62444  45.608  -14.391  26.428 0.1111110002
62443  46.473  -13.826  26.230 0.2222220004
62452  45.783  -14.129  25.693 0.1111110002
68018  49.617  -7.802  13.999 0.1111110002
67205  49.182  -8.644  14.232 0.1111110002
39543  32.342  -41.815  44.446 0.2222220004
40392  35.395  -40.177  45.081 0.5555559993
39555  31.999  -41.686  43.750 0.2222220004
38790  31.235  -42.064  43.167 0.2222220004
40407  34.333  -40.441  43.754 0.3333329856
111088  33.441  -41.295  44.908 0.4444440007
39542  32.867  -41.249  44.229 0.2222220004
39490  28.825  -41.745  48.903 0.5555559993
38748  33.436  -42.454  47.025 0.4444440007
40363  35.012  -40.723  46.698 0.5555559993
41209  35.935  -39.523  46.791 0.6666669846
45647  34.700  -34.120  42.952 0.1111110002
47934  44.417  -30.986  36.894 0.5555559993
113554  39.487  -26.501  42.466 0.4444440007
52117  38.074  -27.095  42.104 0.3333329856
124129  38.777  -26.763  42.532 0.4444440007
48814  45.005  -30.721  35.820 0.4444440007
36175  26.129  -45.152  47.173 0.1111110002
36158  28.140  -44.978  47.191 0.2222220004
37089  25.248  -44.272  44.498 0.1111110002
37087  27.802  -44.339  44.620 0.1111110002
38760  31.843  -42.928  45.195 0.2222220004
40379  34.146  -41.055  45.214 0.5555559993
40408  33.420  -40.735  43.560 0.3333329856
121112  34.670  -34.433  43.723 0.1111110002
32758  12.540  -48.951  55.011 0.2222220004
118097  12.080  -49.249  54.547 0.3333329856
32781  11.775  -49.516  53.507 0.3333329856
32757  13.054  -48.796  54.523 0.2222220004
32771  12.730  -49.189  54.238 0.2222220004
31861  10.977  -49.853  52.611 0.2222220004
31862  10.024  -50.210  52.733 0.2222220004
33646  13.795  -48.228  54.089 0.2222220004
33656  13.693  -48.632  53.975 0.2222220004
123869  14.627  -48.360  53.577 0.2222220004
32769  14.256  -48.953  53.338 0.1111110002
32770  13.461  -49.091  53.762 0.2222220004
32780  12.767  -49.476  52.993 0.1111110002
31860  11.804  -49.702  52.517 0.2222220004
32779  13.799  -49.379  52.808 0.2222220004
32788  13.283  -49.638  52.185 0.1111110002
32778  14.573  -49.232  52.531 0.2222220004
32787  14.039  -49.569  51.784 0.1111110002
32786  14.782  -49.315  51.739 0.1111110002
32759  11.794  -49.064  55.161 0.3333329856
32772  11.252  -49.412  54.295 0.3333329856
33648  12.744  -48.451  54.938 0.3333329856
33647  13.221  -48.447  54.431 0.2222220004
33662  15.054  -48.784  53.017 0.2222220004
33661  15.666  -48.439  52.663 0.2222220004
32777  15.219  -48.954  52.207 0.2222220004
33660  16.160  -48.069  52.304 0.2222220004
32785  15.307  -49.100  51.305 0.2222220004
33639  11.278  -48.236  55.646 0.3333329856
33638  12.055  -48.118  55.267 0.3333329856
33649  12.000  -48.596  55.292 0.3333329856
32760  10.874  -49.218  55.076 0.3333329856
35232  14.114  -47.374  53.564 0.1111110002
34456  14.460  -47.818  53.691 0.2222220004
34446  13.230  -48.143  54.497 0.2222220004
120973  15.666  -46.978  52.998 0.2222220004
33655  15.418  -48.255  53.182 0.2222220004
34454  15.989  -47.218  52.857 0.1111110002
34467  15.936  -47.895  52.934 0.2222220004
35253  16.470  -46.989  52.130 0.2222220004
34466  16.242  -47.452  52.504 0.2222220004
34479  16.670  -46.919  51.414 0.2222220004
34480  16.409  -47.605  51.863 0.2222220004
32748  11.256  -48.699  55.580 0.3333329856
108125  11.993  -47.709  54.787 0.2222220004
34447  12.755  -47.941  54.807 0.3333329856
35222  12.726  -47.641  54.173 0.2222220004
35233  13.297  -47.386  53.465 0.2222220004
35245  12.889  -47.194  52.520 0.2222220004
35231  15.045  -47.157  53.266 0.1111110002
35243  14.694  -46.626  52.898 0.1111110002
35244  13.792  -46.859  52.594 0.2222220004
36085  15.512  -46.314  52.830 0.1111110002
35230  16.096  -46.329  52.694 0.1111110002
35252  16.782  -46.155  52.114 0.2222220004
36108  17.067  -46.024  51.362 0.2222220004
106704  17.112  -45.776  50.548 0.2222220004
39464  20.016  -41.749  50.124 0.3333329856
38723  18.905  -42.175  48.388 0.3333329856
33630  10.732  -47.992  56.035 0.3333329856
33640  10.705  -48.327  56.019 0.3333329856
34448  11.068  -47.655  54.730 0.2222220004
31843  10.135  -49.714  53.931 0.3333329856
36084  15.987  -45.738  52.743 0.1111110002
36094  15.671  -45.423  52.649 0.1111110002
36095  14.992  -45.858  52.480 0.1111110002
36083  16.339  -45.532  52.630 0.1111110002
36992  15.207  -45.133  52.166 0.3333329856
36093  16.535  -45.787  52.480 0.2222220004
36092  16.993  -45.185  52.298 0.2222220004
127644  17.166  -45.451  51.894 0.4444440007
36124  17.328  -45.101  51.078 0.3333329856
38698  19.529  -41.839  50.752 0.3333329856
36137  17.259  -45.115  49.989 0.3333329856
38709  19.492  -41.899  49.787 0.3333329856
116726  18.856  -42.211  49.383 0.3333329856
110512  10.444  -47.749  55.405 0.2222220004
36980  16.238  -45.034  52.692 0.2222220004
37826  15.625  -43.846  51.850 0.3333329856
36978  16.899  -44.062  52.715 0.3333329856
36979  16.666  -44.861  52.586 0.3333329856
39441  19.513  -41.423  52.795 0.4444440007
40342  22.683  -40.522  48.804 0.2222220004
37804  16.547  -44.155  52.720 0.3333329856
126073  16.119  -43.792  52.581 0.3333329856
37814  16.589  -43.358  52.761 0.3333329856
37839  15.474  -43.614  50.748 0.2222220004
36990  17.083  -44.325  52.525 0.4444440007
38700  15.753  -42.827  50.475 0.2222220004
41142  22.134  -39.961  50.217 0.3333329856
40424  33.952  -40.306  42.906 0.2222220004
38664  16.053  -43.196  52.345 0.3333329856
38647  16.998  -42.734  52.933 0.3333329856
124772  15.787  -43.052  51.467 0.3333329856
37802  17.224  -43.535  52.694 0.3333329856
38682  16.075  -42.343  51.203 0.2222220004
123252  21.570  -39.874  49.679 0.2222220004
111495  20.523  -39.576  50.102 0.1111110002
114442  21.389  -39.910  48.930 0.1111110002
110274  20.585  -39.635  48.707 0.1111110002
107746  19.655  -39.281  48.538 0.2222220004
41247  34.913  -39.873  43.029 0.1111110002
41261  35.070  -39.453  42.237 0.1111110002
126882  16.150  -42.639  51.967 0.3333329856
38663  16.561  -42.681  52.537 0.3333329856
38681  16.520  -42.001  51.984 0.3333329856
41234  35.893  -39.485  44.472 0.3333329856
41245  36.149  -39.050  43.767 0.2222220004
41246  35.669  -39.460  43.488 0.2222220004
41260  35.597  -39.240  42.612 0.2222220004
40351  29.708  -40.917  47.545 0.5555559993
40364  30.255  -40.446  46.975 0.5555559993
42057  31.184  -39.260  46.087 0.3333329856
40365  29.354  -40.848  46.618 0.4444440007
42075  30.920  -39.105  45.335 0.3333329856
120351  36.325  -38.858  44.296 0.4444440007
40350  30.520  -40.544  47.873 0.4444440007
41211  30.754  -39.848  46.517 0.5555559993
42926  31.991  -38.147  46.031 0.5555559993
111733  31.533  -38.698  45.685 0.4444440007
128159  32.238  -37.422  44.865 0.3333329856
42957  31.773  -37.857  44.718 0.3333329856
42942  31.767  -38.169  45.370 0.3333329856
111273  32.626  -36.990  45.046 0.3333329856
42956  32.253  -37.188  44.269 0.2222220004
42972  31.372  -37.603  42.958 0.1111110002
42955  36.966  -37.125  44.527 0.6666669846
41210  31.506  -39.364  46.933 0.5555559993
41195  30.979  -39.929  47.423 0.5555559993
121282  32.330  -38.253  46.693 0.5555559993
42056  31.815  -38.754  46.460 0.5555559993
42941  32.286  -37.622  45.463 0.3333329856
43905  32.899  -36.496  44.422 0.3333329856
43893  33.364  -36.347  45.280 0.2222220004
128264  37.644  -35.255  43.495 0.4444440007
45637  34.236  -35.148  44.256 0.2222220004
58276  44.594  -19.855  27.202 0.1111110002
59097  45.201  -18.459  25.496 0.1111110002
54670  45.036  -23.077  31.535 0.2222220004
111707  44.837  -23.962  31.646 0.2222220004
53809  44.230  -24.374  31.100 0.2222220004
127016  44.497  -22.499  30.633 0.2222220004
54680  44.311  -23.505  30.945 0.2222220004
56537  44.597  -21.126  29.402 0.1111110002
55613  44.449  -21.683  29.906 0.2222220004
55605  43.767  -23.195  30.164 0.2222220004
57391  45.022  -20.248  28.671 0.1111110002
59077  45.788  -18.674  27.351 0.1111110002
56544  43.908  -20.997  27.961 0.1111110002
59087  45.431  -18.457  26.385 0.1111110002
58285  45.010  -19.122  26.795 0.1111110002
59912  45.787  -17.796  25.775 0.1111110002
49630  33.960  -30.455  41.940 0.1111110002
52221  46.550  -26.293  33.825 0.4444440007
51424  45.894  -26.973  33.310 0.4444440007
53785  46.055  -24.785  33.089 0.4444440007
52233  45.831  -26.168  33.049 0.4444440007
51410  45.803  -27.800  33.665 0.4444440007
112440  45.972  -24.028  32.786 0.4444440007
52984  45.764  -25.530  32.859 0.4444440007
51425  45.077  -27.652  32.985 0.4444440007
50577  44.244  -28.306  32.888 0.4444440007
54662  46.186  -23.339  32.888 0.4444440007
52985  45.317  -25.173  32.292 0.3333329856
56500  46.233  -21.970  32.470 0.3333329856
55596  45.807  -22.791  32.240 0.3333329856
53795  45.392  -24.402  32.290 0.3333329856
56519  46.225  -21.251  32.011 0.2222220004
55604  45.460  -22.077  31.510 0.2222220004
58246  46.655  -19.976  30.428 0.1111110002
57377  46.119  -20.580  30.720 0.2222220004
56529  45.009  -21.684  30.650 0.2222220004
58255  46.201  -19.772  29.558 0.1111110002
121619  45.748  -20.334  29.892 0.1111110002
59067  47.139  -18.638  28.766 0.1111110002
58264  46.653  -19.225  29.144 0.1111110002
59901  47.258  -17.731  27.715 0.2222220004
59076  46.670  -18.345  27.900 0.1111110002
49620  34.237  -30.256  42.625 0.1111110002
49629  34.102  -29.960  42.351 0.1111110002
52972  46.699  -25.701  34.352 0.4444440007
53772  46.573  -24.870  34.080 0.4444440007
52973  46.399  -25.550  33.575 0.4444440007
50570  45.662  -28.578  34.128 0.4444440007
54661  46.476  -23.000  33.663 0.4444440007
53784  46.392  -23.903  33.650 0.4444440007
50571  44.971  -28.485  33.523 0.4444440007
48847  44.413  -30.378  34.245 0.3333329856
49726  44.171  -29.155  33.399 0.3333329856
49718  44.040  -30.044  33.665 0.3333329856
110119  46.567  -21.813  33.367 0.4444440007
57363  46.933  -20.318  32.461 0.2222220004
56499  46.609  -21.162  32.941 0.2222220004
57376  47.026  -20.119  31.422 0.1111110002
58245  47.597  -19.496  31.050 0.1111110002
59059  47.663  -18.890  29.639 0.2222220004
58254  47.167  -19.429  30.038 0.2222220004
59893  47.516  -18.110  28.418 0.2222220004
47937  41.809  -31.329  37.847 0.3333329856
47954  43.851  -31.428  36.341 0.3333329856
47936  42.704  -31.345  37.590 0.3333329856
54646  46.425  -23.268  34.265 0.4444440007
109427  46.336  -24.065  34.493 0.4444440007
47977  44.013  -31.484  35.509 0.3333329856
55561  46.420  -22.564  34.276 0.4444440007
56477  46.601  -21.158  33.648 0.4444440007
117279  46.448  -21.672  34.171 0.4444440007
57341  46.766  -20.387  33.390 0.3333329856
58210  47.777  -18.537  32.767 0.3333329856
128219  47.279  -19.669  33.008 0.3333329856
122539  47.934  -18.528  32.153 0.2222220004
58244  48.092  -18.794  31.449 0.2222220004
47935  43.585  -31.271  37.259 0.3333329856
117405  45.953  -23.731  34.935 0.4444440007
54630  46.082  -22.996  34.721 0.4444440007
55549  45.575  -22.246  35.045 0.4444440007
106574  46.511  -20.869  33.968 0.4444440007
56467  45.810  -21.587  34.729 0.4444440007
55562  44.809  -22.116  35.044 0.4444440007
57325  46.327  -20.206  33.953 0.4444440007
58231  47.679  -19.302  32.277 0.3333329856
63357  50.917  -13.592  17.876 0.1111110002
63356  51.410  -12.963  17.410 0.1111110002
108036  10.430  -50.241  51.991 0.2222220004
30964  9.078  -50.766  52.392 0.2222220004
107309  9.658  -50.615  51.766 0.2222220004
41162  19.322  -39.224  49.464 0.2222220004
40329  22.131  -40.108  49.303 0.2222220004
40340  29.262  -41.400  48.148 0.5555559993
42925  32.615  -37.697  46.358 0.4444440007
43894  32.898  -37.008  45.918 0.4444440007
47857  33.826  -31.066  42.163 0.1111110002
37019  17.525  -44.321  50.316 0.3333329856
37006  17.390  -44.577  51.985 0.4444440007
41224  30.527  -39.710  45.700 0.2222220004
42074  31.314  -38.537  44.984 0.1111110002
57312  45.269  -20.948  34.763 0.4444440007
56478  44.665  -21.334  34.681 0.3333329856
123561  44.321  -22.029  34.419 0.4444440007
44852  33.538  -35.884  44.396 0.2222220004
31851  10.801  -49.702  53.367 0.3333329856
31871  11.225  -49.995  51.812 0.1111110002
34441  11.174  -47.920  55.544 0.3333329856
122381  13.763  -47.917  54.081 0.2222220004
35221  13.327  -47.790  54.182 0.2222220004
34455  15.392  -47.695  53.301 0.2222220004
35242  16.332  -46.677  52.475 0.2222220004
35234  12.105  -47.464  53.769 0.2222220004
123489  12.642  -47.396  53.343 0.2222220004
36096  14.337  -46.277  52.064 0.1111110002
119136  19.448  -41.936  49.035 0.3333329856
34438  10.274  -47.898  56.114 0.3333329856
36991  15.826  -44.538  52.506 0.3333329856
37007  15.321  -44.546  51.812 0.3333329856
37803  16.967  -43.441  52.866 0.4444440007
41262  34.384  -39.796  42.222 0.1111110002
41160  20.912  -39.695  49.542 0.1111110002
41161  20.144  -39.434  49.427 0.1111110002
42108  36.439  -38.447  43.631 0.4444440007
56552  43.990  -20.552  27.112 0.1111110002
57407  44.078  -20.201  26.368 0.1111110002
59098  44.934  -19.033  24.738 0.1111110002
59088  44.780  -18.979  25.770 0.1111110002
53796  44.777  -24.786  31.696 0.3333329856
57385  45.065  -20.609  29.336 0.1111110002
109121  44.482  -20.811  28.724 0.1111110002
56536  45.193  -21.019  30.136 0.2222220004
55614  43.783  -22.376  29.616 0.2222220004
54706  43.166  -23.182  29.238 0.2222220004
127916  45.529  -20.137  29.206 0.1111110002
56545  43.934  -21.550  28.889 0.1111110002
58275  45.377  -19.373  27.725 0.1111110002
59068  46.196  -18.985  28.255 0.1111110002
58266  45.005  -19.890  28.070 0.1111110002
57392  44.489  -20.387  27.985 0.1111110002
58286  44.398  -19.628  26.107 0.1111110002
52234  45.132  -25.942  32.220 0.4444440007
54669  45.511  -23.611  32.227 0.3333329856
55585  46.413  -22.565  33.025 0.4444440007
116556  45.716  -21.226  31.063 0.2222220004
122437  46.421  -20.704  31.522 0.1111110002
59066  48.196  -18.170  29.323 0.2222220004
58265  45.693  -19.660  28.656 0.1111110002
59086  46.293  -17.892  26.935 0.1111110002
48832  44.083  -30.978  34.311 0.3333329856
48848  43.803  -30.802  33.795 0.3333329856
55584  46.563  -22.324  33.745 0.4444440007
48864  43.367  -30.500  33.159 0.2222220004
58253  48.069  -18.994  30.535 0.2222220004
59892  48.235  -17.447  28.518 0.2222220004
47955  42.909  -31.519  36.600 0.3333329856
55548  46.128  -22.225  34.599 0.4444440007
57311  46.023  -20.904  34.366 0.4444440007
56468  45.156  -21.582  35.050 0.4444440007
42088  36.712  -37.778  44.066 0.4444440007
42971  36.860  -37.236  43.612 0.3333329856
42988  36.708  -37.278  42.716 0.3333329856
109101  37.218  -36.560  44.084 0.3333329856
115305  37.051  -36.721  43.307 0.3333329856
43925  36.971  -36.448  42.672 0.3333329856
48083  48.439  -31.102  27.616 0.1111110002
43913  37.403  -35.960  43.587 0.3333329856
50645  44.285  -28.713  26.917 0.1111110002
49798  43.827  -29.224  26.751 0.1111110002
50646  43.624  -28.427  26.677 0.1111110002
48925  46.754  -29.939  28.104 0.1111110002
48943  45.967  -30.224  27.675 0.1111110002
49787  44.610  -29.384  27.104 0.1111110002
49799  43.017  -28.952  26.528 0.1111110002
113780  42.310  -28.680  26.473 0.1111110002
48942  46.945  -30.468  27.891 0.1111110002
48941  47.985  -30.517  28.082 0.1111110002
48950  43.210  -29.791  26.528 0.1111110002
49800  42.241  -29.427  26.433 0.1111110002
44861  37.826  -35.275  44.132 0.3333329856
44871  37.330  -35.629  42.892 0.3333329856
50647  42.794  -28.202  26.521 0.1111110002
49786  45.420  -29.436  27.492 0.1111110002
50648  41.931  -28.078  26.505 0.1111110002
122982  41.570  -28.775  26.521 0.1111110002
50649  40.798  -28.969  26.716 0.1111110002
116516  37.171  -35.237  42.340 0.3333329856
51505  42.453  -27.464  26.491 0.1111110002
51507  40.981  -27.232  26.736 0.1111110002
52301  40.612  -26.644  27.369 0.1111110002
51504  43.367  -27.643  26.565 0.1111110002
51491  40.560  -27.508  27.088 0.1111110002
49785  46.260  -29.419  27.911 0.1111110002
50633  44.960  -28.680  27.233 0.1111110002
113548  40.279  -28.109  28.579 0.1111110002
50607  40.712  -28.132  29.579 0.1111110002
52314  43.007  -26.794  26.405 0.1111110002
50634  40.412  -28.475  27.019 0.1111110002
50608  40.293  -28.813  29.236 0.1111110002
53063  40.907  -26.158  26.826 0.1111110002
52277  40.711  -26.791  28.382 0.1111110002
52276  41.277  -26.345  28.976 0.1111110002
52249  42.840  -26.900  30.865 0.1111110002
52316  41.293  -26.595  26.615 0.1111110002
51457  42.022  -27.417  30.570 0.1111110002
50588  41.957  -28.290  31.177 0.1111110002
52315  42.039  -26.742  26.443 0.1111110002
51482  40.366  -27.417  27.915 0.1111110002
51471  40.676  -27.459  28.921 0.1111110002
50597  41.323  -28.185  30.433 0.1111110002
128213  41.732  -26.265  26.435 0.1111110002
50589  41.431  -29.056  30.962 0.1111110002
52235  44.147  -26.802  31.762 0.1111110002
51442  43.633  -27.468  31.824 0.1111110002
123844  41.369  -25.685  28.631 0.1111110002
52275  42.095  -25.861  29.600 0.1111110002
52261  42.321  -26.621  30.260 0.1111110002
116511  43.423  -27.082  31.359 0.1111110002
53033  40.780  -25.883  27.264 0.1111110002
50587  42.788  -27.800  31.507 0.1111110002
53017  41.758  -25.013  28.718 0.1111110002
126110  42.376  -28.472  31.628 0.1111110002
50579  42.752  -28.835  32.142 0.2222220004
53062  41.472  -25.746  26.510 0.1111110002
53045  41.003  -25.381  26.838 0.1111110002
116112  42.064  -29.055  31.618 0.1111110002
51426  44.274  -27.520  32.342 0.2222220004
52248  43.602  -26.354  31.047 0.1111110002
53006  43.492  -25.554  30.627 0.1111110002
112419  43.512  -28.974  32.795 0.2222220004
53007  42.863  -25.485  30.092 0.1111110002
53016  42.623  -24.861  29.540 0.1111110002
49728  43.040  -29.770  32.655 0.1111110002
53811  43.212  -25.012  30.166 0.1111110002
53822  43.284  -24.404  29.987 0.1111110002
107626  42.202  -24.238  28.731 0.1111110002
54708  42.043  -23.683  27.962 0.1111110002
54694  42.869  -24.005  29.366 0.1111110002
54707  42.569  -23.616  28.719 0.1111110002
55624  42.584  -23.025  28.218 0.1111110002
109956  45.024  -26.773  32.480 0.3333329856
128255  44.678  -26.385  31.961 0.2222220004
52247  44.368  -26.015  31.523 0.1111110002
52998  44.194  -25.259  31.159 0.1111110002
48029  43.245  -31.234  33.355 0.2222220004
53810  43.705  -24.765  30.575 0.1111110002
54693  43.384  -23.761  29.846 0.1111110002
48001  43.167  -31.917  34.320 0.2222220004
47978  43.328  -31.840  35.105 0.1111110002
48015  43.559  -31.430  33.991 0.2222220004
47148  42.474  -32.078  34.804 0.1111110002
48016  42.840  -31.908  33.500 0.1111110002
47158  41.669  -32.186  34.434 0.1111110002
48003  40.024  -31.693  34.691 0.1111110002
48004  39.180  -31.575  34.591 0.1111110002
47983  37.928  -31.586  35.381 0.1111110002
48017  39.806  -31.718  33.919 0.1111110002
48005  38.199  -31.549  34.507 0.1111110002
47902  38.474  -31.331  39.000 0.2222220004
47922  38.545  -31.496  38.085 0.2222220004
47940  38.765  -31.548  37.295 0.2222220004
48000  43.963  -31.395  34.722 0.2222220004
48002  40.841  -31.971  34.679 0.1111110002
47980  40.402  -31.674  35.379 0.1111110002
126220  39.129  -31.557  35.829 0.1111110002
47979  41.472  -31.849  35.355 0.1111110002
121746  39.537  -31.583  35.310 0.1111110002
47982  38.727  -31.550  35.280 0.1111110002
127480  39.131  -31.287  38.484 0.2222220004
47939  39.306  -31.388  37.795 0.2222220004
47938  41.033  -31.471  37.131 0.1111110002
106874  40.088  -31.316  37.536 0.1111110002
121700  39.466  -31.474  37.171 0.2222220004
106361  42.511  -31.769  35.763 0.2222220004
47956  41.669  -31.594  36.304 0.1111110002
47957  40.741  -31.557  36.163 0.1111110002
47958  39.128  -31.551  36.539 0.1111110002
47981  39.829  -31.529  36.007 0.1111110002
57326  45.570  -20.225  34.350 0.3333329856
124960  46.817  -19.538  33.401 0.3333329856
111143  40.984  -31.168  38.904 0.2222220004
47920  40.840  -31.241  38.169 0.1111110002
58195  46.711  -18.786  33.346 0.2222220004
58211  47.470  -18.980  33.141 0.2222220004
59024  47.294  -18.206  33.053 0.2222220004
62450  50.937  -15.054  25.802 0.2222220004
64118  51.658  -11.724  22.580 0.2222220004
59042  48.159  -18.044  31.608 0.2222220004
63286  50.835  -13.992  26.043 0.2222220004
61623  50.414  -15.187  26.462 0.1111110002
126934  51.699  -12.949  23.660 0.2222220004
64109  51.436  -12.088  23.409 0.2222220004
123655  52.267  -11.441  21.189 0.2222220004
64911  52.454  -11.377  20.426 0.2222220004
64917  52.734  -11.293  19.563 0.1111110002
59053  48.462  -18.308  30.854 0.2222220004
59058  48.388  -18.523  30.141 0.1111110002
59911  47.100  -17.223  26.993 0.1111110002
62441  50.566  -14.700  26.615 0.2222220004
119961  46.527  -17.347  26.277 0.1111110002
62449  51.351  -14.253  25.262 0.2222220004
61613  50.118  -15.312  27.086 0.1111110002
60756  48.277  -16.276  26.657 0.1111110002
60757  47.237  -16.780  26.216 0.1111110002
64081  51.243  -13.160  24.832 0.2222220004
64096  51.278  -12.605  24.160 0.2222220004
64119  50.937  -11.688  22.983 0.2222220004
112578  51.080  -11.508  22.211 0.2222220004
64128  50.727  -11.579  21.436 0.2222220004
64127  51.675  -11.274  21.664 0.2222220004
64919  51.273  -11.355  20.335 0.2222220004
64903  51.179  -11.314  20.940 0.2222220004
64902  51.854  -11.085  20.778 0.2222220004
62507  49.996  -13.813  19.235 0.1111110002
64918  51.964  -11.193  19.838 0.1111110002
59900  47.805  -17.195  27.658 0.1111110002
61604  49.777  -15.596  27.784 0.1111110002
60747  48.549  -16.808  27.998 0.1111110002
61614  49.798  -15.519  27.020 0.1111110002
60755  49.238  -15.920  27.278 0.1111110002
59910  47.893  -16.730  27.159 0.1111110002
64082  50.867  -13.111  25.421 0.2222220004
64097  50.813  -12.398  24.705 0.2222220004
64110  50.831  -11.940  23.871 0.2222220004
64141  49.932  -12.233  21.107 0.1111110002
63332  49.431  -13.112  20.725 0.1111110002
64149  51.023  -11.697  19.687 0.1111110002
64140  50.528  -11.844  20.471 0.1111110002
63331  50.284  -12.644  19.605 0.1111110002
62496  49.666  -13.427  19.989 0.1111110002
60740  49.010  -16.814  28.800 0.1111110002
60739  49.313  -16.470  29.110 0.2222220004
63280  50.393  -13.718  26.715 0.2222220004
61612  50.327  -15.061  27.054 0.2222220004
61602  50.129  -15.081  27.655 0.1111110002
110335  48.689  -16.390  27.484 0.1111110002
118643  50.392  -13.029  26.018 0.2222220004
63287  49.795  -12.888  26.528 0.2222220004
127353  49.729  -12.596  25.750 0.2222220004
64120  50.139  -12.014  23.304 0.2222220004
64111  50.102  -12.206  24.306 0.2222220004
61661  47.609  -14.864  21.707 0.1111110002
63313  49.339  -12.662  22.549 0.1111110002
63324  48.741  -13.433  21.881 0.1111110002
122596  48.473  -13.970  21.512 0.1111110002
63323  49.343  -12.798  21.571 0.1111110002
63333  48.825  -13.736  21.064 0.1111110002
61589  49.132  -15.698  29.914 0.2222220004
62423  49.429  -14.861  28.766 0.2222220004
61588  49.264  -15.321  29.301 0.2222220004
60732  49.439  -16.024  29.264 0.2222220004
62434  49.757  -14.311  28.072 0.2222220004
61603  49.773  -15.268  28.312 0.2222220004
61596  49.508  -15.536  28.842 0.2222220004
110403  49.341  -16.272  28.240 0.1111110002
62433  50.230  -14.414  27.290 0.2222220004
60738  49.532  -15.902  28.594 0.1111110002
63295  49.167  -12.730  23.621 0.2222220004
63296  49.167  -12.651  24.834 0.2222220004
63315  47.226  -14.222  23.037 0.1111110002
63314  48.551  -13.391  22.691 0.1111110002
62478  48.112  -14.060  21.967 0.1111110002
62479  47.552  -14.432  22.321 0.1111110002
62424  49.064  -14.681  29.180 0.2222220004
62425  48.423  -14.452  29.129 0.2222220004
61599  45.903  -15.461  28.588 0.1111110002
62435  48.929  -14.041  28.624 0.2222220004
109545  47.931  -14.085  28.487 0.2222220004
62426  47.378  -14.516  28.761 0.2222220004
63273  49.847  -13.446  27.345 0.2222220004
63275  47.975  -13.679  27.837 0.2222220004
63281  48.952  -12.917  26.847 0.2222220004
63289  47.926  -13.080  26.075 0.2222220004
63288  48.973  -12.746  25.896 0.2222220004
63307  48.643  -13.021  24.071 0.2222220004
114495  48.134  -13.497  23.479 0.1111110002
62459  47.380  -13.746  23.953 0.1111110002
61605  46.374  -14.803  28.240 0.1111110002
62436  46.974  -14.161  27.817 0.2222220004
63282  48.014  -13.253  27.024 0.2222220004
63283  47.300  -13.456  26.427 0.2222220004
109725  48.152  -13.024  25.181 0.2222220004
63308  48.148  -13.225  24.350 0.1111110002
63297  47.531  -13.449  24.642 0.1111110002
62442  47.150  -13.701  27.044 0.2222220004
125638  38.797  -31.144  39.555 0.2222220004
122552  40.369  -31.160  38.814 0.2222220004
58196  45.963  -19.420  33.835 0.2222220004
58212  45.902  -18.749  33.315 0.2222220004
54681  43.775  -24.000  30.441 0.1111110002
49727  43.603  -29.704  33.167 0.2222220004
107110  42.053  -31.475  37.003 0.2222220004
107474  43.355  -31.661  35.838 0.2222220004
127481  42.282  -31.584  36.419 0.2222220004
52997  44.761  -25.454  31.752 0.1111110002
108972  44.379  -27.856  26.831 0.1111110002
51506  41.585  -27.348  26.568 0.1111110002
111313  41.033  -28.029  26.692 0.1111110002
52317  40.821  -26.797  26.879 0.1111110002
114971  40.165  -28.190  27.639 0.1111110002
52290  40.840  -26.061  28.044 0.1111110002
110468  41.088  -26.946  29.217 0.1111110002
52262  41.685  -26.770  29.773 0.1111110002
51470  41.243  -27.464  29.793 0.1111110002
52260  42.867  -26.128  30.433 0.1111110002
50578  43.518  -28.138  32.257 0.2222220004
53032  41.100  -25.252  27.709 0.1111110002
53835  41.564  -24.404  27.835 0.1111110002
49736  42.368  -29.835  32.069 0.1111110002
53856  41.213  -24.586  27.012 0.1111110002
127195  43.927  -25.810  31.049 0.1111110002
55623  43.220  -22.341  28.582 0.1111110002
47157  42.382  -32.214  34.002 0.1111110002
122340  38.459  -31.583  35.981 0.2222220004
106873  40.053  -31.455  36.764 0.1111110002
47921  39.868  -31.219  38.333 0.2222220004
63312  51.998  -12.551  22.955 0.2222220004
64117  52.294  -12.073  21.936 0.2222220004
64129  50.188  -11.903  22.191 0.2222220004
64154  51.630  -11.578  18.987 0.1111110002
111153  49.899  -12.633  20.356 0.1111110002
64083  50.211  -12.433  25.247 0.2222220004
124650  47.892  -13.921  22.688 0.1111110002
61598  46.821  -15.078  29.162 0.2222220004
63274  48.984  -13.436  27.746 0.2222220004
26409  6.888  -56.099  56.219 0.1111110002
27322  9.886  -55.545  54.741 0.2222220004
27318  9.247  -55.030  55.138 0.2222220004
27320  7.844  -55.768  56.064 0.1111110002
27314  7.281  -55.363  56.261 0.1111110002
26410  6.043  -56.166  56.032 0.1111110002
27319  8.623  -55.358  55.623 0.1111110002
25499  6.135  -57.556  55.337 0.1111110002
26421  5.531  -57.079  54.716 0.1111110002
25500  5.610  -57.531  54.966 0.1111110002
27315  6.478  -55.412  56.348 0.1111110002
28231  7.812  -54.159  55.868 0.1111110002
27316  5.662  -55.269  56.130 0.1111110002
26416  5.789  -56.805  55.332 0.1111110002
28240  8.903  -54.311  54.841 0.2222220004
27321  5.260  -55.213  55.674 0.1111110002
29181  7.106  -53.719  56.209 0.1111110002
28224  6.119  -54.646  56.585 0.1111110002
29187  8.235  -53.867  55.277 0.2222220004
28230  8.505  -54.589  55.468 0.1111110002
122075  5.749  -53.017  56.839 0.1111110002
29188  7.521  -53.475  55.603 0.1111110002
110957  6.533  -54.000  56.614 0.1111110002
29194  8.361  -53.486  54.418 0.2222220004
28225  5.306  -54.545  56.603 0.1111110002
28220  4.896  -53.967  56.851 0.1111110002
30074  6.580  -52.266  55.556 0.2222220004
30068  6.885  -52.968  55.936 0.2222220004
29182  6.372  -53.199  56.564 0.2222220004
30078  7.635  -52.695  54.334 0.2222220004
123476  7.762  -53.290  54.952 0.2222220004
30077  8.037  -52.794  53.761 0.2222220004
31837  7.625  -50.122  55.254 0.2222220004
30956  6.255  -51.505  55.693 0.2222220004
30069  6.293  -52.386  56.174 0.2222220004
30959  7.214  -51.806  54.327 0.2222220004
30955  6.667  -51.596  54.987 0.2222220004
31845  8.195  -50.237  54.536 0.2222220004
31846  7.267  -50.829  54.640 0.2222220004
30961  8.082  -51.386  53.186 0.2222220004
31838  6.794  -50.531  55.516 0.2222220004
30952  5.857  -51.590  56.270 0.2222220004
31853  8.424  -50.631  53.591 0.2222220004
31852  9.202  -50.371  53.250 0.2222220004
32744  6.640  -49.262  57.187 0.2222220004
31833  5.980  -49.960  56.698 0.2222220004
31832  6.723  -49.827  56.450 0.2222220004
31844  9.159  -50.046  54.188 0.2222220004
32762  9.037  -49.628  54.992 0.2222220004
33641  7.035  -48.065  55.858 0.2222220004
34436  7.059  -47.955  57.233 0.2222220004
33625  6.673  -48.410  57.324 0.2222220004
34440  8.438  -47.902  56.905 0.2222220004
127110  7.708  -47.963  57.174 0.2222220004
33624  7.352  -48.227  57.309 0.2222220004
32743  7.329  -49.149  57.062 0.2222220004
33632  8.903  -48.253  56.846 0.2222220004
32732  7.626  -48.601  57.255 0.2222220004
32752  7.542  -49.651  56.167 0.2222220004
32740  10.053  -48.520  56.247 0.2222220004
32741  9.243  -48.744  56.471 0.2222220004
32751  8.507  -49.500  55.750 0.2222220004
32749  10.491  -48.924  55.761 0.2222220004
32750  9.608  -49.153  55.815 0.2222220004
36109  14.647  -45.630  51.665 0.2222220004
114909  14.050  -46.043  51.120 0.1111110002
32761  9.880  -49.415  54.954 0.2222220004
127094  14.137  -45.796  50.555 0.1111110002
34444  7.630  -47.859  56.639 0.2222220004
120333  6.609  -48.687  55.194 0.1111110002
34443  8.662  -47.798  56.200 0.2222220004
34451  7.924  -47.926  55.526 0.2222220004
33631  10.221  -48.073  56.369 0.2222220004
34450  8.772  -47.823  55.155 0.2222220004
34442  9.569  -47.754  55.772 0.2222220004
36125  14.461  -45.489  50.820 0.1111110002
35254  13.778  -46.565  51.612 0.1111110002
108535  14.758  -44.904  50.408 0.1111110002
37028  14.577  -44.806  49.408 0.1111110002
33651  7.317  -48.612  54.669 0.1111110002
111687  8.751  -47.985  54.255 0.1111110002
35246  12.123  -47.428  52.673 0.1111110002
34449  9.515  -47.801  54.564 0.2222220004
34457  11.412  -47.590  53.033 0.1111110002
34458  10.663  -47.674  53.490 0.1111110002
34459  9.755  -47.855  53.490 0.1111110002
121509  10.290  -47.704  54.336 0.1111110002
37827  15.182  -44.342  51.005 0.1111110002
37027  17.359  -44.280  49.371 0.2222220004
37854  15.429  -43.413  49.785 0.1111110002
36135  22.561  -45.728  49.566 0.1111110002
35279  22.196  -46.052  48.888 0.1111110002
36148  21.512  -45.774  48.291 0.1111110002
36149  20.980  -45.654  47.365 0.1111110002
38710  15.705  -42.600  49.535 0.1111110002
37038  21.424  -44.773  48.794 0.1111110002
37039  20.996  -44.830  47.975 0.1111110002
128128  17.923  -42.894  47.379 0.1111110002
36164  20.611  -45.475  46.557 0.1111110002
118663  18.304  -42.773  46.678 0.1111110002
36179  20.263  -45.319  45.940 0.1111110002
37892  17.824  -43.098  45.977 0.1111110002
39450  16.402  -41.709  51.102 0.2222220004
38738  18.641  -42.435  47.430 0.1111110002
111487  21.097  -43.930  48.406 0.1111110002
37889  20.282  -43.622  46.856 0.1111110002
37890  19.674  -43.321  46.234 0.1111110002
38750  19.191  -42.609  46.773 0.1111110002
37063  20.270  -44.433  46.349 0.1111110002
37902  19.206  -43.538  45.349 0.1111110002
37891  18.766  -42.985  45.985 0.1111110002
37064  19.862  -44.431  45.615 0.1111110002
39449  16.775  -41.236  51.594 0.2222220004
38721  20.445  -42.222  48.959 0.1111110002
38722  19.838  -42.030  48.517 0.1111110002
38737  19.513  -42.334  47.653 0.1111110002
37876  20.677  -43.498  47.665 0.1111110002
38736  20.287  -42.519  48.028 0.1111110002
37877  19.974  -42.845  47.141 0.1111110002
37079  19.523  -44.581  44.823 0.1111110002
37903  18.297  -43.223  45.069 0.1111110002
37914  18.939  -43.726  44.628 0.1111110002
41259  36.096  -38.884  43.040 0.2222220004
41274  35.965  -38.694  42.229 0.2222220004
42107  36.623  -37.847  43.148 0.3333329856
42120  36.335  -38.325  42.701 0.1111110002
110413  36.157  -38.190  41.974 0.1111110002
42989  36.452  -37.865  42.457 0.1111110002
116223  36.320  -37.563  41.866 0.1111110002
42141  35.851  -38.009  41.262 0.1111110002
43021  35.910  -37.415  41.103 0.1111110002
42157  35.627  -37.846  40.612 0.1111110002
43941  36.319  -36.956  41.545 0.1111110002
43007  36.604  -36.975  42.132 0.1111110002
122047  36.381  -36.411  41.380 0.1111110002
43037  35.597  -37.270  40.286 0.1111110002
43971  35.795  -36.422  40.368 0.1111110002
43038  35.251  -37.557  39.385 0.1111110002
127847  35.254  -36.313  38.993 0.1111110002
43989  35.113  -37.024  38.893 0.1111110002
43940  36.650  -36.438  41.924 0.1111110002
43958  36.247  -36.033  40.918 0.1111110002
43959  36.012  -36.777  40.944 0.1111110002
126626  35.655  -36.089  39.953 0.1111110002
44912  35.517  -35.675  39.388 0.1111110002
43972  35.467  -36.664  39.620 0.1111110002
122899  35.104  -35.703  38.558 0.1111110002
44934  34.992  -36.457  38.477 0.1111110002
44935  34.570  -36.117  37.756 0.1111110002
44884  36.937  -35.906  42.289 0.1111110002
44898  36.670  -35.726  41.648 0.1111110002
44911  35.941  -35.506  40.260 0.1111110002
45695  35.794  -34.660  39.562 0.1111110002
115266  35.338  -34.839  38.770 0.1111110002
45714  34.335  -34.940  37.295 0.1111110002
45722  33.872  -34.759  36.465 0.1111110002
46417  34.402  -33.480  36.202 0.1111110002
47984  37.169  -31.759  35.523 0.1111110002
47150  35.484  -32.410  35.448 0.1111110002
46422  34.190  -33.374  35.474 0.1111110002
45678  36.935  -34.769  41.749 0.1111110002
44899  36.443  -35.128  41.021 0.1111110002
46395  35.624  -33.992  38.874 0.1111110002
113098  35.177  -34.187  38.197 0.1111110002
45713  34.892  -34.994  38.019 0.1111110002
122537  34.757  -34.304  37.600 0.1111110002
46409  35.121  -33.565  37.553 0.1111110002
46410  34.391  -33.978  36.867 0.1111110002
47129  35.558  -32.854  37.165 0.1111110002
106413  38.221  -31.631  36.720 0.1111110002
47960  36.814  -32.023  36.274 0.1111110002
47140  35.453  -32.663  36.359 0.1111110002
46416  34.898  -33.199  36.702 0.1111110002
47959  37.669  -31.702  36.128 0.1111110002
123792  36.041  -32.287  36.086 0.1111110002
45694  36.267  -34.446  40.368 0.1111110002
46394  36.143  -33.602  39.624 0.1111110002
46401  35.937  -33.227  38.728 0.1111110002
46402  35.516  -33.594  38.268 0.1111110002
47118  36.363  -32.577  38.343 0.1111110002
47119  35.756  -33.026  37.952 0.1111110002
47128  36.251  -32.511  37.517 0.1111110002
50527  38.441  -28.222  38.303 0.2222220004
119633  38.747  -28.389  37.731 0.2222220004
50516  38.122  -27.975  39.036 0.2222220004
37008  14.897  -44.991  51.315 0.1111110002
124654  20.050  -41.853  49.351 0.2222220004
47112  36.429  -32.714  39.205 0.1111110002
47138  37.412  -31.867  36.898 0.1111110002
37065  17.379  -43.395  46.918 0.1111110002
47941  37.933  -31.691  37.534 0.1111110002
30953  5.518  -51.531  56.592 0.2222220004
30070  5.890  -52.375  56.610 0.1111110002
28219  5.758  -53.845  56.899 0.1111110002
31839  6.122  -50.636  56.097 0.2222220004
121764  11.474  -47.530  54.032 0.1111110002
27313  7.932  -54.929  55.993 0.1111110002
28223  7.090  -54.589  56.329 0.1111110002
26411  5.630  -55.951  55.638 0.1111110002
27324  5.466  -56.113  55.138 0.1111110002
30073  7.126  -52.637  55.081 0.2222220004
31854  7.676  -51.097  53.875 0.2222220004
33633  8.085  -48.217  57.186 0.2222220004
34439  9.455  -47.905  56.520 0.2222220004
32742  8.259  -48.879  56.849 0.2222220004
36163  21.487  -46.111  47.361 0.1111110002
37051  20.644  -44.595  47.121 0.1111110002
47141  34.783  -32.933  35.898 0.1111110002
40343  21.944  -40.293  48.423 0.1111110002
39466  16.072  -41.936  50.257 0.1111110002
41147  17.025  -39.870  49.356 0.1111110002
41180  18.826  -39.071  48.731 0.1111110002
41164  17.795  -39.446  49.412 0.1111110002
42032  18.921  -39.108  47.876 0.1111110002
107187  18.178  -39.170  48.872 0.1111110002
39465  16.574  -41.061  50.538 0.1111110002
40330  16.593  -40.652  49.615 0.1111110002
39482  16.281  -41.310  49.737 0.1111110002
126996  33.081  -36.041  43.851 0.1111110002
108617  33.672  -35.566  43.588 0.1111110002
49662  36.068  -29.259  38.907 0.1111110002
50517  37.366  -28.309  39.322 0.1111110002
50529  36.884  -28.753  38.721 0.1111110002
114894  36.561  -29.371  37.361 0.1111110002
50542  37.188  -28.879  37.830 0.1111110002
50528  37.672  -28.465  38.468 0.1111110002
50541  38.035  -28.637  37.579 0.1111110002
50551  38.161  -28.870  36.862 0.1111110002
50540  38.711  -28.667  37.132 0.1111110002
121505  38.622  -28.893  36.548 0.1111110002
49697  38.853  -29.037  35.910 0.1111110002
50581  40.407  -28.289  32.664 0.1111110002
49709  39.626  -29.178  34.359 0.1111110002
108794  39.222  -29.162  35.073 0.1111110002
50559  39.751  -28.901  35.715 0.1111110002
111914  36.567  -29.126  38.139 0.1111110002
49663  35.430  -29.673  38.477 0.1111110002
62458  51.410  -15.222  25.020 0.1111110002
61631  51.824  -15.515  24.321 0.1111110002
62471  52.257  -15.104  24.153 0.1111110002
61657  52.985  -16.244  23.282 0.1111110002
60798  53.393  -16.451  22.657 0.1111110002
61681  53.602  -15.887  21.173 0.1111110002
61670  53.842  -16.634  21.989 0.1111110002
63294  51.728  -13.875  24.345 0.1111110002
63306  52.188  -14.012  23.423 0.1111110002
120776  52.645  -14.596  22.881 0.1111110002
62487  53.325  -15.433  21.860 0.1111110002
60875  52.741  -16.553  14.772 0.1111110002
63311  52.430  -13.403  22.457 0.1111110002
63321  53.052  -13.984  21.159 0.1111110002
120815  53.402  -14.280  19.868 0.1111110002
62495  53.266  -14.777  20.698 0.1111110002
62506  53.496  -14.353  19.138 0.1111110002
120734  53.404  -15.234  19.038 0.1111110002
62513  53.568  -14.568  18.271 0.1111110002
108051  53.527  -14.899  17.458 0.1111110002
61720  53.411  -15.219  16.639 0.1111110002
60863  53.025  -16.154  16.653 0.1111110002
106376  53.123  -15.769  14.500 0.1111110002
60874  53.136  -15.653  15.645 0.1111110002
60891  52.922  -16.534  13.737 0.1111110002
63329  53.324  -13.626  20.214 0.1111110002
63342  53.533  -13.477  19.384 0.1111110002
63348  53.633  -13.466  18.418 0.1111110002
62521  53.645  -13.993  17.519 0.1111110002
108394  53.572  -14.661  15.938 0.1111110002
61729  53.528  -14.977  15.032 0.1111110002
107916  53.241  -15.882  13.638 0.1111110002
60901  53.268  -16.402  12.787 0.1111110002
61776  53.621  -15.719  12.158 0.1111110002
60910  53.335  -16.520  11.900 0.1111110002
64126  52.685  -12.013  20.972 0.1111110002
64139  53.021  -11.883  20.103 0.1111110002
63330  53.097  -12.803  20.621 0.1111110002
64148  53.343  -12.699  19.736 0.1111110002
108226  53.513  -12.719  18.996 0.1111110002
63355  53.658  -13.050  17.495 0.1111110002
106782  53.650  -13.611  16.902 0.1111110002
62527  53.600  -14.343  16.744 0.1111110002
106498  53.688  -13.688  16.122 0.1111110002
62534  53.742  -14.169  15.316 0.1111110002
62541  53.764  -14.478  14.494 0.1111110002
61760  53.589  -15.489  13.117 0.1111110002
61785  53.428  -15.673  11.361 0.1111110002
60925  53.090  -15.840  10.986 0.1111110002
61786  52.632  -15.747  10.896 0.1111110002
61787  51.974  -15.794  11.016 0.1111110002
60920  50.694  -16.135  11.793 0.1111110002
64916  53.191  -11.817  19.150 0.1111110002
64153  53.463  -12.248  18.225 0.1111110002
64158  53.456  -12.155  17.252 0.1111110002
63361  53.638  -12.864  16.693 0.1111110002
63368  53.773  -13.351  15.302 0.1111110002
62540  53.997  -13.878  14.022 0.1111110002
63377  53.953  -13.175  14.485 0.1111110002
62556  53.854  -14.672  13.568 0.1111110002
61759  53.931  -14.850  12.549 0.1111110002
61775  53.853  -14.955  11.622 0.1111110002
61795  52.835  -15.215  10.664 0.1111110002
61796  52.268  -15.323  10.726 0.1111110002
60921  49.970  -16.017  12.151 0.1111110002
61777  49.278  -15.650  12.319 0.1111110002
61794  53.318  -15.082  10.769 0.1111110002
62593  50.736  -14.961  11.053 0.1111110002
61789  49.999  -15.283  11.588 0.1111110002
62555  54.171  -13.964  13.039 0.1111110002
113187  54.213  -14.063  11.924 0.1111110002
62592  54.004  -14.353  11.221 0.1111110002
61790  48.951  -14.863  11.894 0.1111110002
61778  48.406  -15.314  12.521 0.1111110002
62578  48.001  -14.409  12.132 0.1111110002
62603  53.879  -13.976  10.834 0.1111110002
62604  53.481  -14.217  10.620 0.1111110002
61797  51.546  -15.121  10.816 0.1111110002
110633  49.420  -14.508  11.384 0.1111110002
62595  48.710  -14.104  11.471 0.1111110002
63429  53.189  -13.597  10.358 0.1111110002
110786  52.189  -14.582  10.495 0.1111110002
62606  51.048  -14.327  10.617 0.1111110002
63430  52.529  -13.726  10.299 0.1111110002
63395  54.279  -13.137  12.571 0.1111110002
63412  54.251  -13.170  11.610 0.1111110002
119236  54.156  -13.794  11.208 0.1111110002
63427  54.076  -13.235  10.895 0.1111110002
62594  50.116  -14.472  11.009 0.1111110002
63413  49.455  -13.841  10.927 0.1111110002
126069  51.734  -13.791  10.341 0.1111110002
63431  50.875  -13.371  10.344 0.1111110002
63428  53.675  -13.278  10.502 0.1111110002
63444  51.890  -12.960  10.131 0.1111110002
64234  53.171  -12.282  9.939 0.1111110002
63443  52.825  -12.955  10.118 0.1111110002
64189  54.102  -12.429  12.169 0.1111110002
64203  54.072  -12.422  11.170 0.1111110002
64949  53.837  -11.908  11.764 0.1111110002
64969  53.610  -11.385  11.280 0.1111110002
117647  53.876  -12.660  10.585 0.1111110002
64222  53.821  -12.012  10.504 0.1111110002
64987  53.732  -11.229  10.402 0.1111110002
62607  50.248  -13.890  10.637 0.1111110002
64223  53.615  -12.323  10.209 0.1111110002
63442  53.350  -12.879  10.244 0.1111110002
64224  51.072  -12.615  10.132 0.1111110002
65723  53.231  -11.144  11.508 0.1111110002
64233  53.661  -11.606  10.048 0.1111110002
64994  53.389  -11.573  9.758 0.1111110002
64236  51.603  -12.144  9.861 0.1111110002
65771  53.014  -10.721  9.166 0.1111110002
64996  52.201  -11.524  9.495 0.1111110002
113829  51.897  -10.715  9.185 0.1111110002
65781  52.646  -9.866  8.562 0.1111110002
115512  53.574  -10.915  9.665 0.1111110002
65780  53.257  -9.609  8.535 0.1111110002
66520  53.500  -9.182  8.704 0.1111110002
62457  51.904  -14.894  24.669 0.1111110002
62470  52.641  -15.378  23.448 0.1111110002
62477  53.056  -15.516  22.818 0.1111110002
62488  52.818  -14.346  22.102 0.1111110002
63322  52.772  -13.012  21.540 0.1111110002
107416  53.380  -15.686  18.361 0.1111110002
61741  53.533  -15.235  14.077 0.1111110002
128166  53.868  -13.811  14.780 0.1111110002
60917  53.150  -16.498  11.479 0.1111110002
60918  52.574  -16.399  11.280 0.1111110002
61788  51.080  -15.611  11.289 0.1111110002
126801  53.096  -11.476  18.485 0.1111110002
63369  53.620  -12.735  15.897 0.1111110002
61784  53.697  -14.762  10.985 0.1111110002
62605  52.993  -14.445  10.462 0.1111110002
62596  48.033  -13.587  11.659 0.1111110002
61779  47.565  -15.074  12.734 0.1111110002
64235  52.463  -12.249  9.830 0.1111110002
64968  53.891  -11.768  11.018 0.1111110002
64995  52.915  -11.674  9.594 0.1111110002
65770  53.509  -10.019  9.145 0.1111110002
26413  8.518  -56.193  55.638 0.1111110002
25497  8.154  -57.047  55.437 0.1111110002
28239  9.582  -54.822  54.451 0.1111110002
29193  9.161  -54.061  54.045 0.1111110002
29198  8.573  -53.283  53.447 0.1111110002
30082  7.628  -52.026  53.633 0.1111110002
30081  8.155  -52.319  52.972 0.1111110002
30088  8.939  -51.898  50.897 0.1111110002
29201  8.684  -52.936  52.426 0.1111110002
30965  8.481  -51.522  52.413 0.1111110002
30089  8.596  -52.092  51.786 0.1111110002
35280  16.869  -46.000  49.679 0.1111110002
31872  10.372  -50.398  51.114 0.1111110002
31873  9.460  -50.997  50.969 0.1111110002
33677  15.763  -48.668  50.905 0.1111110002
30978  9.474  -51.422  50.368 0.1111110002
35267  16.857  -46.530  50.600 0.1111110002
33676  16.056  -48.206  50.555 0.1111110002
34493  16.267  -47.687  50.211 0.1111110002
118869  15.645  -48.663  50.034 0.1111110002
35281  16.564  -47.006  49.895 0.1111110002
34460  8.992  -48.129  53.550 0.1111110002
33667  15.755  -48.584  51.812 0.1111110002
34492  16.591  -47.220  50.624 0.1111110002
33666  16.193  -48.184  51.433 0.1111110002
119579  16.436  -47.702  51.029 0.1111110002
37086  28.522  -44.274  44.327 0.1111110002
37105  29.070  -44.070  43.964 0.1111110002
37926  29.891  -43.217  43.054 0.1111110002
38770  31.029  -43.076  44.231 0.1111110002
38779  30.714  -42.803  43.495 0.1111110002
38778  31.418  -42.424  43.910 0.1111110002
39554  32.581  -41.033  43.304 0.1111110002
39568  31.814  -41.311  42.816 0.1111110002
107983  32.671  -40.488  42.124 0.1111110002
40426  32.414  -40.835  42.651 0.1111110002
40427  31.971  -40.857  42.198 0.1111110002
127585  31.557  -41.221  42.258 0.1111110002
112028  33.080  -40.582  42.786 0.1111110002
37927  29.492  -43.665  43.593 0.1111110002
31863  8.578  -50.881  52.908 0.1111110002
28251  9.805  -54.650  53.658 0.1111110002
110353  9.321  -53.877  53.121 0.1111110002
29207  9.321  -52.927  50.764 0.1111110002
30971  8.968  -51.259  51.664 0.1111110002
114943  9.517  -53.808  52.153 0.1111110002
30085  8.981  -52.890  51.505 0.1111110002
30977  9.974  -50.824  50.294 0.1111110002
30071  1.218  -52.407  55.941 0.1111110002
31825  2.990  -51.412  56.704 0.2222220004
31836  1.199  -50.918  55.569 0.1111110002
32733  6.969  -48.732  57.395 0.2222220004
32738  3.070  -50.125  56.579 0.2222220004
32753  4.253  -49.621  55.553 0.1111110002
33629  3.578  -49.817  56.664 0.2222220004
34445  6.691  -47.975  56.779 0.2222220004
35278  23.324  -46.196  49.314 0.1111110002
36985  26.358  -44.118  51.512 0.4444440007
37054  13.819  -44.783  47.233 0.1111110002
37847  32.452  -43.093  49.261 0.5555559993
45604  36.267  -34.470  47.631 0.7777780294
48695  36.746  -30.268  46.441 0.7777780294
50436  36.521  -28.583  44.862 0.6666669846
50473  35.906  -28.354  42.851 0.3333329856
51270  36.931  -27.878  41.625 0.4444440007
51291  36.999  -27.965  40.922 0.4444440007
52083  39.613  -26.787  43.762 0.6666669846
52096  41.453  -26.647  42.847 0.8888890147
119500  -0.198  -51.842  53.624 0.1111110002
121986  9.636  -48.233  56.544 0.2222220004
126261  35.285  -28.850  42.012 0.4444440007
126597  23.631  -46.311  49.110 0.1111110002
128023  10.699  -47.888  55.895 0.3333329856
