#!ascii label  , from subject sub-v1s12x0050113_ses-1 vox2ras=TkReg
2711
34490  -1.666  -46.782  51.222 0.6250000000
34478  -2.201  -46.571  50.806 0.6250000000
35250  -2.095  -45.859  51.220 0.5000000000
123501  -2.438  -46.148  50.720 0.5000000000
125029  -1.813  -47.243  50.893 0.6250000000
33674  -2.248  -47.293  50.553 0.6250000000
33675  -2.931  -47.260  50.041 0.5000000000
117545  -2.819  -46.461  50.309 0.2500000000
34491  -3.450  -46.879  49.801 0.2500000000
118501  -3.709  -47.666  49.510 0.3750000000
33685  -2.877  -48.067  49.880 0.5000000000
34502  -4.111  -47.258  49.430 0.2500000000
33695  -4.298  -48.116  49.146 0.2500000000
34509  -4.517  -47.514  49.204 0.2500000000
34462  0.771  -46.474  52.953 0.6250000000
34475  0.205  -46.717  52.364 0.6250000000
124998  -0.273  -46.544  52.700 0.6250000000
115660  -0.201  -47.070  51.535 0.6250000000
122315  -0.388  -46.742  52.091 0.6250000000
34476  -0.726  -46.608  52.133 0.6250000000
108975  -0.585  -46.343  52.800 0.6250000000
34477  -1.037  -46.462  51.973 0.6250000000
34465  -1.518  -46.112  51.771 0.6250000000
108840  0.448  -46.954  51.545 0.7500000000
34489  -1.296  -46.945  51.447 0.6250000000
33672  -0.713  -47.540  50.945 0.6250000000
34488  -0.833  -47.065  51.510 0.6250000000
33673  -1.517  -47.505  50.875 0.6250000000
36143  -4.076  -45.588  49.362 0.2500000000
36130  -3.618  -45.858  49.917 0.2500000000
35261  -3.253  -46.183  50.073 0.2500000000
35260  -2.603  -45.790  50.607 0.3750000000
33682  -0.617  -47.932  50.232 0.6250000000
112413  -1.260  -47.969  50.429 0.7500000000
111648  -2.245  -47.775  50.457 0.6250000000
35301  -4.671  -46.512  48.132 0.2500000000
111186  -4.579  -46.315  48.924 0.2500000000
113360  -4.181  -46.307  49.533 0.2500000000
113261  -3.397  -48.037  49.594 0.5000000000
33687  -4.290  -49.068  49.067 0.3750000000
33705  -4.702  -48.060  48.908 0.2500000000
31886  -2.934  -50.517  49.810 0.2500000000
31887  -3.056  -51.203  50.118 0.3750000000
31899  -2.052  -50.567  49.208 0.2500000000
108347  -3.282  -50.305  49.586 0.3750000000
30985  -3.684  -51.708  49.584 0.3750000000
30994  -4.203  -51.716  49.262 0.3750000000
35249  2.493  -46.237  52.567 0.6250000000
34461  1.614  -46.371  52.797 0.6250000000
34473  1.885  -46.552  52.070 0.6250000000
34474  1.019  -46.653  52.256 0.6250000000
34487  1.222  -46.772  51.447 0.7500000000
34501  0.633  -47.170  50.780 0.7500000000
33671  -0.016  -47.458  50.877 0.7500000000
36156  -4.292  -45.613  48.485 0.2500000000
33683  -1.988  -48.226  50.200 0.6250000000
36172  -4.292  -45.824  47.675 0.2500000000
120268  -4.557  -46.044  48.308 0.2500000000
33684  -2.730  -48.530  49.818 0.5000000000
106721  -4.903  -47.924  48.185 0.2500000000
33681  0.153  -47.675  49.950 0.8750000000
33694  -1.410  -48.657  49.661 0.7500000000
114489  -3.446  -48.746  49.345 0.6250000000
32801  -4.177  -49.741  49.207 0.3750000000
34523  -4.744  -47.190  47.779 0.2500000000
115227  -4.813  -47.213  48.771 0.2500000000
32808  -1.049  -49.381  48.861 0.5000000000
32797  -2.368  -49.060  49.634 0.6250000000
32799  -3.303  -49.332  49.401 0.5000000000
32809  -1.891  -49.672  49.121 0.3750000000
31898  -1.290  -50.270  48.691 0.3750000000
32810  -2.594  -49.842  49.401 0.3750000000
106630  3.122  -45.836  52.916 0.6250000000
34486  2.050  -46.611  51.244 0.6250000000
36171  -3.593  -45.411  47.133 0.2500000000
111257  1.410  -46.839  50.677 1.0000000000
34500  0.922  -47.237  50.033 1.0000000000
36198  -3.489  -46.127  46.263 0.2500000000
36187  -3.955  -45.952  46.785 0.2500000000
35320  -4.022  -46.748  46.432 0.2500000000
35311  -4.412  -46.550  47.279 0.2500000000
33702  0.814  -47.992  48.670 0.8750000000
114723  0.184  -48.236  48.951 0.5000000000
33693  -0.534  -48.443  49.327 0.6250000000
34533  -4.249  -47.620  46.484 0.2500000000
115367  -4.672  -47.827  47.265 0.2500000000
109905  0.981  -48.335  47.789 0.3750000000
113311  3.759  -47.668  45.261 0.3750000000
33734  2.797  -48.457  45.661 0.1250000000
33724  1.804  -48.684  46.123 0.3750000000
33713  1.230  -48.756  46.752 0.3750000000
32817  -0.061  -49.638  47.933 0.2500000000
34530  2.716  -47.166  45.953 0.5000000000
34532  1.729  -47.920  46.550 0.3750000000
34539  4.399  -47.193  44.889 0.5000000000
34540  3.043  -47.773  45.506 0.3750000000
36099  4.832  -44.944  52.350 0.5000000000
35257  4.708  -45.322  51.658 0.5000000000
35258  4.087  -45.799  51.821 0.5000000000
108025  3.510  -46.068  51.953 0.6250000000
35259  3.554  -46.178  51.250 0.7500000000
34485  2.794  -46.559  50.897 0.7500000000
108373  4.315  -45.714  51.155 0.7500000000
35272  3.897  -46.014  50.517 0.8750000000
34498  2.583  -46.589  50.029 1.0000000000
34499  1.671  -46.849  49.958 1.0000000000
33680  0.654  -47.658  49.386 1.0000000000
34507  1.904  -46.855  49.200 1.0000000000
34515  2.056  -46.890  48.253 0.7500000000
120084  2.452  -46.601  47.718 0.7500000000
34554  5.007  -46.470  44.700 0.3750000000
34522  1.463  -47.688  47.492 0.5000000000
34520  2.556  -46.755  46.884 0.7500000000
112812  5.623  -46.653  44.306 0.2500000000
35329  4.347  -46.284  45.270 0.5000000000
35318  3.908  -46.027  46.057 0.5000000000
119812  2.209  -47.383  46.439 0.5000000000
35330  3.526  -46.900  45.446 0.3750000000
109305  5.223  -44.812  51.815 0.5000000000
36111  5.813  -44.490  51.551 0.5000000000
110293  4.839  -45.363  51.057 0.7500000000
36112  5.273  -44.997  51.236 0.5000000000
35271  4.615  -45.607  50.507 0.7500000000
35288  3.368  -46.249  49.829 0.8750000000
34506  2.654  -46.405  49.130 1.0000000000
35286  4.616  -45.635  48.845 0.7500000000
114830  3.939  -45.832  48.068 0.8750000000
35310  3.125  -46.180  47.651 0.7500000000
36195  5.114  -45.606  45.281 0.5000000000
35309  3.835  -45.845  47.110 0.8750000000
36196  4.527  -45.647  45.867 0.6250000000
36208  6.189  -45.508  44.082 0.5000000000
36183  5.737  -44.886  45.874 0.6250000000
36185  4.491  -45.494  46.733 0.8750000000
37022  6.514  -44.033  50.176 0.6250000000
36127  5.799  -44.778  50.761 0.6250000000
123398  6.156  -44.501  50.143 0.7500000000
36141  5.651  -44.986  50.018 0.7500000000
37032  6.671  -43.749  49.518 0.6250000000
36140  6.443  -44.211  49.442 0.7500000000
36142  5.008  -45.482  49.837 0.7500000000
112914  5.897  -44.822  48.738 0.8750000000
114179  5.467  -45.184  49.215 0.8750000000
36170  4.563  -45.507  47.751 1.0000000000
37096  6.944  -44.386  43.980 0.3750000000
37097  6.413  -44.757  44.469 0.7500000000
36184  5.139  -45.198  46.326 0.7500000000
37936  8.132  -43.554  42.866 0.1250000000
37920  7.388  -43.597  44.517 0.5000000000
37021  6.798  -43.382  50.075 0.6250000000
37044  6.782  -43.824  48.744 0.7500000000
36154  6.380  -44.383  48.730 0.8750000000
35299  5.331  -45.197  48.314 1.0000000000
110879  7.074  -43.622  47.975 0.8750000000
36155  6.042  -44.688  47.955 0.8750000000
37056  6.935  -43.861  47.211 1.0000000000
36168  5.856  -44.760  46.926 1.0000000000
36169  5.243  -45.129  47.344 0.8750000000
37070  6.912  -43.894  46.092 0.7500000000
37907  7.897  -42.901  45.149 0.7500000000
37908  7.397  -43.402  45.634 0.7500000000
37083  6.308  -44.474  45.439 0.7500000000
37935  8.763  -43.098  42.681 0.2500000000
37919  7.908  -43.114  43.961 0.6250000000
37020  7.413  -42.878  49.774 0.5000000000
37869  8.098  -42.353  48.553 0.8750000000
37030  7.561  -42.763  48.891 0.5000000000
37883  8.137  -42.338  47.842 0.8750000000
113725  7.404  -43.108  47.853 1.0000000000
37055  7.319  -43.314  47.440 1.0000000000
37884  7.800  -42.749  47.247 1.0000000000
37069  7.393  -43.307  46.675 1.0000000000
111903  8.362  -42.474  45.722 0.7500000000
38774  8.909  -42.160  44.135 0.7500000000
37906  8.444  -42.540  44.667 0.7500000000
38727  9.202  -41.761  48.545 0.6250000000
37882  8.560  -42.055  48.234 0.7500000000
37868  8.749  -42.193  48.912 0.7500000000
127155  8.462  -42.087  47.743 0.8750000000
39510  9.357  -41.213  47.424 0.8750000000
38743  8.406  -42.191  47.171 0.8750000000
39524  9.322  -41.144  46.485 0.8750000000
38753  8.588  -42.129  46.255 1.0000000000
38763  8.992  -41.669  45.877 1.0000000000
39551  9.564  -41.034  44.374 0.8750000000
39538  9.388  -41.053  45.467 1.0000000000
38764  8.746  -42.125  45.274 1.0000000000
43032  15.421  -37.432  39.310 0.1250000000
42164  14.940  -37.950  39.399 0.5000000000
43049  13.829  -37.497  39.452 0.7500000000
38741  9.564  -41.253  48.238 0.7500000000
40373  10.147  -39.858  46.599 0.8750000000
39509  9.770  -40.573  47.044 0.8750000000
39523  9.655  -40.443  46.061 0.8750000000
39537  9.670  -40.398  45.026 1.0000000000
117627  9.972  -39.892  44.653 0.8750000000
41256  10.741  -39.350  43.053 0.7500000000
40402  10.315  -39.804  43.781 0.8750000000
43047  16.645  -37.110  39.338 0.2500000000
43031  16.269  -37.559  39.830 0.2500000000
43985  15.491  -36.180  38.821 0.5000000000
43986  14.745  -36.328  39.060 0.6250000000
43966  13.911  -36.549  39.608 0.7500000000
43033  13.275  -37.450  39.935 0.7500000000
40372  10.558  -39.207  47.135 0.8750000000
40359  10.322  -40.026  47.549 0.8750000000
40387  9.997  -39.784  45.570 0.8750000000
41219  10.432  -39.114  46.083 0.8750000000
41240  10.653  -38.358  44.408 0.8750000000
41231  10.317  -39.168  44.868 0.8750000000
41255  10.840  -38.517  43.400 0.7500000000
41241  10.501  -39.013  43.910 0.8750000000
42118  11.445  -38.046  42.903 0.7500000000
42999  12.048  -37.552  42.364 0.7500000000
42127  11.925  -38.459  41.990 0.7500000000
44907  13.584  -35.956  40.620 0.7500000000
43950  13.045  -36.393  41.230 0.7500000000
43951  12.580  -36.972  41.791 0.7500000000
43999  16.050  -35.489  38.660 0.7500000000
44920  15.136  -35.514  39.004 0.8750000000
44905  14.832  -35.061  39.633 0.8750000000
44906  14.237  -35.544  40.107 0.7500000000
43967  13.294  -36.712  40.368 0.7500000000
41230  10.650  -38.328  45.516 0.8750000000
41218  10.765  -38.369  46.643 0.8750000000
42102  11.118  -37.758  43.861 0.7500000000
42979  11.670  -37.216  43.332 0.7500000000
43932  12.790  -36.078  42.211 0.7500000000
43933  12.226  -36.652  42.781 0.7500000000
44891  13.983  -35.147  41.044 0.8750000000
45700  16.482  -34.344  39.425 0.8750000000
45688  15.202  -34.531  40.019 0.8750000000
43860  23.535  -34.492  48.565 0.3750000000
43862  21.824  -33.833  48.274 0.6250000000
44818  20.911  -33.846  48.125 0.6250000000
106275  25.477  -34.345  48.013 0.5000000000
42908  24.759  -34.493  47.347 0.6250000000
43873  23.401  -34.277  47.242 0.6250000000
43875  21.682  -33.634  46.980 0.7500000000
121057  20.747  -33.625  47.307 0.8750000000
44820  19.424  -33.940  47.653 0.7500000000
44822  17.651  -33.721  47.597 0.8750000000
45625  15.829  -33.586  46.868 0.8750000000
45618  14.723  -33.765  47.314 0.8750000000
42918  25.178  -34.655  46.079 0.7500000000
42931  24.435  -34.990  45.313 0.7500000000
42933  23.211  -34.866  45.217 0.6250000000
43887  21.822  -34.036  45.945 1.0000000000
43876  21.010  -33.580  46.338 1.0000000000
44836  19.281  -33.606  46.130 1.0000000000
44837  18.408  -33.614  46.490 0.8750000000
45624  16.774  -33.583  46.455 0.8750000000
111710  13.945  -34.031  46.733 0.8750000000
42063  11.096  -37.553  46.072 0.8750000000
42917  25.707  -34.663  45.992 0.7500000000
42058  24.834  -34.848  44.626 0.8750000000
42947  23.135  -34.899  44.394 0.8750000000
43898  22.088  -34.425  44.486 0.8750000000
44845  20.798  -33.638  45.585 1.0000000000
112225  20.090  -33.516  45.792 1.0000000000
45623  18.573  -33.565  45.614 0.8750000000
45633  16.825  -33.574  45.629 0.8750000000
109688  15.909  -33.587  45.999 0.8750000000
44838  13.936  -33.942  45.835 0.8750000000
43888  12.438  -35.181  45.944 0.8750000000
122755  11.461  -36.715  46.214 0.8750000000
42082  11.007  -37.617  44.919 0.8750000000
42095  24.631  -35.213  43.297 0.8750000000
42978  23.019  -34.871  43.158 0.8750000000
43909  21.366  -34.106  44.171 1.0000000000
44857  19.452  -33.637  44.136 1.0000000000
45641  17.760  -33.560  44.325 1.0000000000
107674  16.059  -33.562  45.277 0.8750000000
45634  15.010  -33.611  45.328 0.8750000000
43900  12.388  -35.347  45.027 0.8750000000
43911  11.856  -36.175  44.683 0.8750000000
42948  11.407  -36.848  45.315 0.8750000000
42997  23.527  -35.706  42.172 1.0000000000
43918  22.161  -34.737  42.911 0.8750000000
43931  21.447  -34.564  42.609 0.8750000000
44865  20.764  -34.203  43.114 1.0000000000
45651  18.618  -33.583  43.812 1.0000000000
109167  17.015  -33.548  43.989 1.0000000000
45654  15.577  -33.685  43.731 0.8750000000
45644  14.759  -33.777  44.290 0.7500000000
44869  13.045  -34.934  43.512 0.7500000000
43910  12.403  -35.522  44.093 0.8750000000
42962  11.472  -36.997  44.316 0.7500000000
126284  23.631  -36.706  41.091 1.0000000000
43014  22.794  -35.454  41.678 1.0000000000
43930  22.152  -34.916  42.086 0.8750000000
44877  20.016  -34.132  42.781 1.0000000000
45660  18.559  -33.656  42.956 1.0000000000
45652  17.656  -33.575  43.410 1.0000000000
107723  16.521  -33.624  43.269 0.8750000000
45655  14.678  -34.078  43.353 0.7500000000
44858  13.847  -34.333  43.894 0.7500000000
43994  24.487  -37.330  38.342 1.0000000000
43043  23.654  -37.340  39.449 1.0000000000
43028  23.172  -36.496  40.583 1.0000000000
43948  22.031  -35.326  41.262 0.8750000000
43949  21.402  -34.798  41.740 1.0000000000
44890  19.907  -34.429  41.067 1.0000000000
106535  18.364  -33.691  42.062 1.0000000000
106785  17.408  -33.627  41.955 0.8750000000
45673  16.385  -33.825  42.142 0.8750000000
45663  15.536  -33.984  42.791 0.7500000000
44868  13.841  -34.595  42.977 0.7500000000
44880  13.219  -35.269  42.608 0.7500000000
43920  12.572  -35.788  43.170 0.7500000000
43995  23.623  -37.213  38.139 1.0000000000
43980  22.620  -36.886  39.191 0.8750000000
43981  21.894  -36.263  39.471 0.8750000000
43965  21.203  -35.131  40.753 0.8750000000
44904  19.879  -34.591  40.250 0.8750000000
45685  18.667  -33.971  40.366 0.8750000000
45672  17.885  -33.776  40.989 0.8750000000
107045  16.754  -33.850  41.116 0.8750000000
45674  15.404  -34.248  41.831 0.8750000000
45675  14.588  -34.594  41.450 0.8750000000
107989  23.076  -36.936  37.476 1.0000000000
43997  21.930  -36.529  38.476 0.8750000000
43982  21.204  -35.629  39.763 0.8750000000
44918  19.643  -34.840  39.231 0.8750000000
45697  19.172  -34.320  39.814 0.8750000000
122097  17.840  -33.995  39.990 0.8750000000
45686  17.031  -33.997  40.117 0.8750000000
120885  15.957  -34.098  41.247 0.8750000000
44919  18.829  -34.580  39.065 0.8750000000
43872  25.989  -34.617  47.051 0.7500000000
42928  26.337  -34.512  45.506 0.7500000000
43871  26.696  -34.348  45.907 0.7500000000
42945  25.874  -34.767  44.460 0.7500000000
42076  25.636  -35.020  43.731 0.8750000000
42111  25.654  -35.818  42.704 1.0000000000
123953  25.145  -36.040  42.641 1.0000000000
42993  25.801  -36.145  42.572 1.0000000000
42976  24.584  -36.124  42.554 1.0000000000
43011  25.128  -37.252  41.496 1.0000000000
110434  24.255  -37.171  41.126 1.0000000000
43041  25.269  -37.530  39.665 1.0000000000
43025  24.889  -37.557  40.556 1.0000000000
43993  26.150  -37.084  38.422 1.0000000000
108928  26.078  -35.019  44.078 0.8750000000
42958  26.687  -35.146  43.640 0.8750000000
42974  26.290  -35.750  42.857 1.0000000000
43946  26.346  -36.693  41.725 1.0000000000
43024  26.256  -37.247  40.019 1.0000000000
43976  26.688  -36.901  39.147 1.0000000000
43992  26.967  -36.478  38.447 1.0000000000
44928  27.209  -36.017  37.865 0.8750000000
44950  27.355  -35.154  36.249 0.8750000000
109874  27.684  -34.400  36.900 0.7500000000
46420  27.655  -33.799  35.701 0.7500000000
43895  27.072  -34.534  44.579 0.8750000000
43896  26.869  -34.508  44.701 0.8750000000
43906  27.121  -34.783  44.170 0.8750000000
43917  26.611  -35.349  43.313 1.0000000000
43916  27.042  -35.175  42.943 1.0000000000
109817  26.980  -35.049  43.814 1.0000000000
111415  26.824  -36.132  41.956 1.0000000000
111854  27.141  -36.043  41.106 1.0000000000
44901  27.250  -34.487  41.096 1.0000000000
44902  27.479  -35.320  40.819 1.0000000000
120009  27.460  -34.652  40.237 1.0000000000
43962  27.135  -36.371  40.085 1.0000000000
44916  27.645  -35.478  39.674 1.0000000000
44915  27.733  -34.695  39.288 1.0000000000
43975  27.312  -36.231  39.153 1.0000000000
44927  27.616  -35.564  38.606 1.0000000000
45707  27.842  -34.590  38.275 1.0000000000
44938  27.540  -35.288  37.535 1.0000000000
47145  27.125  -33.047  35.952 0.6250000000
45732  28.109  -34.036  34.831 0.6250000000
46427  27.837  -33.236  35.036 0.7500000000
45639  27.877  -33.803  44.508 0.6250000000
45650  27.725  -34.019  43.929 0.8750000000
44843  27.785  -33.958  45.016 0.6250000000
44854  27.498  -34.419  43.994 0.7500000000
118297  27.584  -33.874  43.352 1.0000000000
45669  27.445  -33.742  42.684 1.0000000000
44875  27.222  -34.936  43.177 1.0000000000
121098  27.341  -34.459  42.268 1.0000000000
45670  27.263  -34.252  41.810 1.0000000000
110348  27.332  -34.908  42.457 1.0000000000
44888  27.386  -34.765  41.740 1.0000000000
43945  27.306  -35.450  41.805 1.0000000000
118859  27.041  -34.120  40.525 1.0000000000
46398  26.919  -33.760  39.752 1.0000000000
45706  27.556  -34.092  39.008 1.0000000000
46405  27.260  -33.732  38.817 1.0000000000
46406  27.218  -33.466  38.258 1.0000000000
45717  27.735  -33.882  38.121 1.0000000000
46413  27.394  -33.611  37.071 0.8750000000
47133  26.955  -33.097  37.510 0.7500000000
47134  26.354  -32.783  36.865 0.6250000000
47135  25.751  -32.461  36.552 0.6250000000
46380  27.593  -33.103  43.175 0.8750000000
46384  27.338  -33.200  42.315 0.8750000000
45682  27.264  -33.811  42.023 1.0000000000
46390  27.078  -33.537  41.648 0.8750000000
46391  26.778  -33.499  40.889 1.0000000000
47123  26.640  -33.039  38.651 1.0000000000
47124  26.381  -32.807  38.199 0.7500000000
47927  25.786  -32.536  37.795 0.6250000000
47090  27.279  -32.533  42.916 0.8750000000
47097  27.126  -32.645  42.269 0.8750000000
114315  26.419  -32.028  41.745 1.0000000000
47098  26.785  -32.471  41.839 1.0000000000
47108  26.730  -32.859  41.209 1.0000000000
112474  26.163  -32.048  40.912 1.0000000000
47888  26.172  -32.424  40.170 1.0000000000
47122  26.730  -33.342  39.129 1.0000000000
47116  26.354  -32.803  39.571 1.0000000000
107484  25.952  -32.333  39.831 1.0000000000
47906  26.213  -32.644  39.276 1.0000000000
47907  25.950  -32.367  39.526 1.0000000000
117471  26.044  -32.575  38.767 0.8750000000
47945  25.098  -32.251  37.183 0.6250000000
47946  24.307  -31.861  37.722 0.7500000000
47966  24.322  -31.943  36.753 0.6250000000
48806  23.432  -31.345  37.320 0.6250000000
47889  25.811  -31.961  40.335 1.0000000000
106764  25.407  -32.223  38.911 1.0000000000
115874  25.048  -32.210  38.058 0.8750000000
47928  24.425  -31.743  38.671 0.8750000000
48760  24.895  -31.336  40.568 1.0000000000
47908  25.428  -31.914  39.805 1.0000000000
48773  24.610  -31.541  39.614 1.0000000000
48790  23.559  -31.191  38.305 0.8750000000
48752  24.401  -30.470  40.864 1.0000000000
48761  23.982  -30.619  40.185 1.0000000000
48774  23.760  -31.011  39.242 1.0000000000
48791  22.892  -30.412  37.859 1.0000000000
48807  22.750  -30.586  36.867 0.7500000000
49691  22.588  -29.670  36.456 0.8750000000
49714  22.551  -29.245  34.599 0.8750000000
49724  22.627  -29.441  33.699 0.8750000000
49742  24.045  -30.059  30.982 0.6250000000
49639  24.679  -29.759  41.686 0.8750000000
48751  24.787  -30.676  41.334 1.0000000000
49648  24.146  -29.623  40.666 1.0000000000
49657  23.710  -29.444  39.955 1.0000000000
48762  23.522  -30.145  39.496 1.0000000000
49658  23.367  -29.311  39.117 1.0000000000
50532  23.526  -28.489  38.547 1.0000000000
49670  22.968  -29.322  38.260 1.0000000000
49681  22.730  -29.460  37.321 1.0000000000
50552  22.938  -28.648  36.650 1.0000000000
49705  22.610  -29.142  35.618 0.8750000000
50560  23.073  -28.295  34.914 0.8750000000
51421  23.377  -27.873  33.492 1.0000000000
50568  22.878  -28.465  34.045 1.0000000000
50594  23.895  -28.263  30.991 0.7500000000
50595  23.431  -28.830  31.530 0.7500000000
51440  23.313  -28.115  32.743 0.8750000000
50496  24.922  -28.844  41.904 0.7500000000
50510  24.607  -28.952  41.078 0.7500000000
50511  24.241  -28.743  40.260 0.8750000000
50519  24.609  -28.074  39.679 0.8750000000
50520  23.880  -28.593  39.440 0.8750000000
50531  24.292  -27.916  38.802 0.8750000000
50544  23.202  -28.490  37.627 1.0000000000
117187  23.509  -27.918  35.824 1.0000000000
51420  24.210  -27.232  33.745 1.0000000000
51405  23.567  -27.728  34.316 1.0000000000
51455  24.388  -27.476  31.294 0.8750000000
50584  23.685  -27.956  31.951 1.0000000000
51439  23.886  -27.492  32.854 1.0000000000
50495  25.337  -28.043  42.169 0.7500000000
51300  25.065  -28.134  41.330 0.7500000000
111992  24.857  -28.168  40.522 0.8750000000
51325  25.379  -27.500  39.865 0.8750000000
121045  25.162  -27.398  39.003 0.8750000000
50530  24.920  -27.340  38.096 0.8750000000
116567  23.948  -27.809  37.903 1.0000000000
51373  25.452  -26.963  36.569 0.8750000000
51361  24.724  -27.337  37.188 1.0000000000
50543  23.720  -27.864  36.934 1.0000000000
51374  24.551  -27.312  36.287 1.0000000000
51389  24.482  -27.272  35.350 1.0000000000
51390  23.804  -27.679  34.999 1.0000000000
51404  24.346  -27.244  34.557 1.0000000000
51438  25.265  -26.682  32.569 1.0000000000
106583  24.580  -27.024  33.013 1.0000000000
125780  24.773  -27.027  34.165 1.0000000000
51466  25.051  -27.109  30.201 0.8750000000
126025  24.897  -27.079  30.849 0.8750000000
121196  25.768  -27.391  41.454 0.6250000000
118735  25.535  -27.524  40.671 0.8750000000
51324  26.167  -26.962  40.075 0.7500000000
109742  26.933  -26.750  39.496 0.8750000000
51358  27.398  -26.667  38.086 0.8750000000
51345  26.755  -26.738  38.604 0.8750000000
51346  25.993  -26.903  39.234 0.8750000000
51359  26.650  -26.778  37.619 0.8750000000
110443  25.830  -26.927  38.311 0.8750000000
52190  27.785  -26.605  36.450 0.5000000000
52182  27.056  -26.753  36.865 0.7500000000
51360  25.633  -26.957  37.401 0.8750000000
52200  27.586  -26.718  35.621 0.7500000000
52191  26.965  -26.810  36.180 0.7500000000
51372  26.321  -26.835  36.768 0.8750000000
52201  26.806  -26.749  35.429 0.8750000000
51387  26.164  -26.841  35.989 0.8750000000
51388  25.349  -26.961  35.701 1.0000000000
52211  27.461  -26.646  34.884 0.8750000000
52212  26.556  -26.648  34.635 1.0000000000
51402  26.054  -26.789  35.289 1.0000000000
52213  26.030  -26.660  34.007 1.0000000000
51403  25.357  -26.901  34.676 1.0000000000
123216  26.722  -26.490  33.888 1.0000000000
52228  26.268  -26.435  33.126 1.0000000000
51419  25.213  -26.820  33.634 1.0000000000
110704  25.554  -26.584  31.009 1.0000000000
51465  25.823  -26.400  30.542 1.0000000000
51475  25.224  -27.705  29.453 0.7500000000
50612  25.789  -28.112  28.696 0.7500000000
51254  26.479  -27.232  42.829 0.5000000000
108829  26.081  -27.303  42.237 0.6250000000
109179  26.782  -26.808  41.445 0.6250000000
51299  26.235  -26.971  40.799 0.7500000000
107419  27.780  -26.703  38.890 0.7500000000
52189  28.688  -26.421  36.458 0.5000000000
115416  28.248  -26.437  37.081 0.5000000000
52199  28.382  -26.561  35.713 0.5000000000
111748  28.107  -26.639  35.102 0.5000000000
52210  28.320  -26.574  34.332 0.5000000000
52226  28.195  -26.408  33.513 1.0000000000
51437  26.128  -26.330  31.941 1.0000000000
115887  25.380  -26.831  29.867 0.8750000000
50641  29.831  -28.702  27.236 0.1250000000
124809  28.281  -28.277  27.166 0.2500000000
50643  27.464  -28.363  27.494 0.5000000000
118337  26.518  -27.837  27.891 0.5000000000
51485  25.919  -27.122  28.434 0.8750000000
51495  27.859  -27.813  26.999 0.2500000000
51496  27.113  -27.337  27.186 0.5000000000
107570  27.662  -26.557  41.914 0.3750000000
51298  27.870  -26.634  41.060 0.5000000000
51323  27.144  -26.717  40.406 0.6250000000
51322  28.502  -26.902  39.551 0.3750000000
125428  27.737  -26.762  39.733 0.3750000000
52165  29.273  -26.560  37.939 0.2500000000
51344  28.824  -26.758  38.723 0.3750000000
52179  29.667  -26.540  37.302 0.2500000000
52166  28.288  -26.541  37.911 0.3750000000
52188  29.537  -26.476  36.590 0.2500000000
52180  28.945  -26.381  37.215 0.3750000000
51371  30.190  -26.712  35.930 0.3750000000
52198  29.272  -26.465  35.748 0.5000000000
109397  28.878  -26.501  34.977 0.5000000000
107185  28.034  -26.194  32.809 1.0000000000
52257  27.101  -25.987  31.678 1.0000000000
51453  26.314  -26.193  31.216 1.0000000000
51452  26.848  -25.860  30.994 1.0000000000
112177  26.507  -25.900  29.854 0.8750000000
52272  26.052  -26.244  30.055 1.0000000000
51497  26.432  -27.019  27.762 0.7500000000
52284  25.941  -26.362  29.162 0.8750000000
50652  30.343  -28.342  26.950 0.1250000000
50653  29.634  -28.089  26.856 0.1250000000
51514  27.888  -27.187  26.702 0.5000000000
50651  31.175  -28.303  26.931 0.1250000000
51317  33.316  -27.400  39.239 0.2500000000
51318  32.598  -27.562  39.532 0.2500000000
51275  28.624  -26.703  41.545 0.1250000000
51340  32.635  -27.849  38.724 0.2500000000
107276  28.658  -26.888  40.856 0.1250000000
114041  31.915  -27.576  39.094 0.2500000000
106945  31.136  -27.310  39.126 0.2500000000
51320  30.785  -27.241  39.958 0.2500000000
121567  29.891  -27.168  39.879 0.2500000000
51296  29.132  -27.087  40.247 0.2500000000
51297  28.198  -26.824  40.302 0.3750000000
51341  31.552  -27.563  38.374 0.2500000000
112670  30.259  -27.122  39.216 0.2500000000
51321  29.375  -27.034  39.364 0.2500000000
118515  32.269  -28.019  37.934 0.2500000000
51342  30.619  -27.131  38.462 0.2500000000
51343  29.750  -26.859  38.591 0.2500000000
121728  31.564  -27.710  37.639 0.2500000000
52164  30.127  -26.793  37.823 0.2500000000
111987  31.264  -27.534  36.994 0.2500000000
51357  30.897  -27.283  37.701 0.2500000000
52187  30.386  -26.944  36.937 0.2500000000
51386  29.961  -26.555  34.901 0.5000000000
52209  29.355  -26.480  34.125 0.5000000000
52225  28.970  -26.415  33.571 0.7500000000
52241  29.022  -26.229  32.700 1.0000000000
52242  28.249  -25.961  31.953 1.0000000000
52256  28.031  -25.764  31.220 1.0000000000
52295  26.240  -26.341  28.348 0.8750000000
52283  26.538  -25.831  29.202 0.8750000000
52325  27.342  -26.633  26.815 0.5000000000
110859  29.962  -26.981  26.344 0.1250000000
51513  28.677  -26.989  26.473 0.5000000000
127626  29.342  -26.785  26.324 0.1250000000
51319  31.744  -27.408  39.744 0.2500000000
51356  32.028  -28.063  37.191 0.2500000000
51370  31.026  -27.186  36.173 0.2500000000
51385  30.922  -26.907  35.287 0.2500000000
51436  29.434  -26.161  31.867 1.0000000000
52271  27.216  -25.695  30.598 1.0000000000
53024  27.140  -25.421  29.344 1.0000000000
52306  26.739  -26.293  27.417 0.6250000000
52323  28.786  -26.256  26.213 0.3750000000
53072  27.339  -25.859  26.768 0.6250000000
51401  30.218  -26.475  33.945 0.5000000000
51418  29.940  -26.384  33.130 0.7500000000
51435  30.083  -26.391  32.102 1.0000000000
51464  28.665  -25.707  30.921 1.0000000000
52282  27.556  -25.534  30.140 1.0000000000
53038  26.696  -25.511  28.420 1.0000000000
53049  27.002  -25.301  27.470 0.8750000000
53842  27.126  -24.866  28.234 1.0000000000
53878  27.476  -24.933  26.775 0.7500000000
51369  31.851  -27.891  36.307 0.2500000000
123160  31.517  -27.425  35.607 0.2500000000
51400  30.950  -26.674  34.334 0.5000000000
51449  30.774  -26.318  31.548 1.0000000000
51450  30.148  -26.192  31.400 1.0000000000
51463  29.939  -25.973  31.024 1.0000000000
51451  29.217  -25.942  31.369 1.0000000000
52270  29.344  -25.622  30.622 1.0000000000
53023  28.128  -25.244  29.883 1.0000000000
53037  27.444  -25.007  29.022 1.0000000000
53860  27.300  -24.478  27.638 1.0000000000
53841  27.720  -24.271  28.624 1.0000000000
53877  28.217  -24.508  26.165 0.8750000000
54728  27.583  -23.996  26.988 1.0000000000
51384  32.058  -27.909  35.501 0.2500000000
51399  31.758  -27.339  34.777 0.2500000000
51434  30.845  -26.435  32.395 0.5000000000
52281  30.378  -25.697  30.306 1.0000000000
53022  29.302  -25.159  30.118 1.0000000000
53828  28.365  -24.714  29.489 1.0000000000
54727  27.831  -23.217  27.511 1.0000000000
54741  28.077  -23.416  26.555 0.6250000000
54758  28.770  -23.699  25.826 0.3750000000
110113  30.905  -23.066  25.077 0.1250000000
111557  29.983  -23.137  25.302 0.3750000000
51433  31.623  -26.622  32.886 0.5000000000
51461  31.294  -26.153  30.645 1.0000000000
116765  31.143  -26.227  31.040 1.0000000000
53012  32.196  -25.707  30.371 1.0000000000
53013  31.530  -25.930  30.223 1.0000000000
127227  30.982  -26.146  30.653 1.0000000000
51462  30.676  -26.152  30.966 1.0000000000
53824  32.502  -24.249  29.984 1.0000000000
125395  32.152  -24.772  29.795 1.0000000000
53020  31.783  -25.279  29.839 1.0000000000
52268  31.014  -26.063  30.365 1.0000000000
52269  30.560  -26.039  30.673 1.0000000000
52280  31.047  -25.632  29.931 1.0000000000
54698  32.879  -23.445  30.020 1.0000000000
53825  31.706  -24.428  29.565 1.0000000000
128273  31.083  -24.365  29.440 1.0000000000
53826  30.350  -24.232  29.471 1.0000000000
53021  30.273  -25.080  29.867 1.0000000000
54700  31.084  -23.775  29.365 1.0000000000
53827  29.341  -24.486  29.611 1.0000000000
53839  30.141  -23.239  29.149 1.0000000000
53840  29.289  -23.676  29.187 1.0000000000
111722  28.568  -24.072  29.167 1.0000000000
55630  29.147  -22.857  28.683 1.0000000000
54712  28.296  -23.430  28.518 1.0000000000
55638  28.588  -21.961  27.344 0.8750000000
55639  28.099  -22.663  27.085 0.8750000000
56583  29.509  -21.593  25.830 0.3750000000
118799  28.977  -21.781  26.453 0.5000000000
55648  28.608  -22.668  26.281 0.5000000000
55673  31.098  -22.078  24.812 0.1250000000
55663  30.132  -22.283  25.229 0.5000000000
55664  29.343  -22.411  25.703 0.3750000000
51448  31.518  -26.469  31.914 0.8750000000
52267  31.885  -26.064  30.795 1.0000000000
53019  32.470  -25.046  30.167 1.0000000000
55619  32.609  -22.664  29.719 1.0000000000
54699  31.984  -23.418  29.551 1.0000000000
54711  31.018  -22.816  29.158 1.0000000000
55629  29.924  -22.200  28.724 1.0000000000
56550  30.136  -21.221  28.432 1.0000000000
125555  28.976  -22.159  28.234 1.0000000000
56558  29.094  -21.207  27.160 0.8750000000
58297  30.851  -20.172  24.826 0.3750000000
56581  30.801  -21.032  24.812 0.2500000000
56582  30.160  -21.354  25.297 0.6250000000
54683  35.306  -23.434  31.230 0.7500000000
54684  34.548  -23.635  30.875 0.8750000000
117178  34.758  -22.957  30.921 0.8750000000
55609  34.517  -22.283  30.690 0.8750000000
54697  34.112  -22.908  30.546 0.8750000000
56532  34.926  -21.634  30.841 0.8750000000
54685  33.649  -23.671  30.446 1.0000000000
53816  33.231  -24.588  30.469 1.0000000000
51460  31.713  -26.258  31.258 0.8750000000
55617  33.808  -22.146  30.233 0.8750000000
110927  33.363  -22.799  30.130 1.0000000000
55620  31.820  -22.357  29.351 1.0000000000
55628  30.975  -21.824  28.912 1.0000000000
55627  31.841  -21.439  29.105 1.0000000000
56556  30.297  -20.479  28.109 1.0000000000
55637  29.300  -21.513  28.010 1.0000000000
57405  29.465  -20.540  26.884 0.8750000000
58283  30.398  -19.535  26.560 0.7500000000
57412  29.643  -20.783  26.062 0.6250000000
58307  31.423  -19.676  24.397 0.3750000000
58296  31.004  -19.309  25.117 0.3750000000
58291  30.470  -19.714  25.722 0.6250000000
57420  30.249  -20.482  25.505 0.6250000000
58306  31.868  -19.272  24.004 0.1250000000
57436  31.543  -20.478  24.348 0.2500000000
56533  34.239  -21.501  30.354 0.8750000000
56541  33.556  -21.350  29.882 1.0000000000
55618  33.088  -22.011  29.816 1.0000000000
57395  33.711  -19.943  29.324 1.0000000000
56549  32.742  -21.143  29.399 1.0000000000
57396  32.975  -20.200  28.981 1.0000000000
57397  31.989  -20.398  28.667 1.0000000000
57402  31.736  -19.563  28.006 1.0000000000
57403  30.941  -19.975  28.093 1.0000000000
58290  30.840  -19.034  26.083 0.7500000000
58282  31.080  -19.315  27.183 1.0000000000
59095  31.450  -18.681  25.460 0.6250000000
58289  31.653  -18.718  26.465 0.6250000000
60782  34.665  -16.749  23.876 0.8750000000
59935  33.416  -17.712  23.862 0.7500000000
59109  32.707  -17.998  24.398 0.3750000000
59102  32.014  -18.305  24.884 0.6250000000
59103  31.587  -18.939  24.592 0.5000000000
60807  35.470  -16.756  22.139 0.3750000000
60792  34.713  -16.855  23.023 0.7500000000
59944  34.103  -17.321  23.401 0.6250000000
59110  32.201  -18.663  24.106 0.5000000000
59140  35.903  -17.126  21.812 0.2500000000
112907  36.982  -16.461  21.518 0.2500000000
127581  37.265  -15.996  21.415 0.2500000000
57382  34.638  -20.932  30.508 0.8750000000
57387  34.798  -20.182  30.347 0.7500000000
57388  34.103  -20.609  29.938 0.8750000000
58273  32.580  -19.537  28.322 1.0000000000
58272  33.394  -19.432  28.657 1.0000000000
58280  33.184  -18.917  27.916 1.0000000000
58281  32.236  -18.950  27.414 0.8750000000
59918  33.483  -17.588  25.814 0.8750000000
59101  32.683  -17.839  25.336 0.6250000000
59093  32.876  -18.007  26.280 0.7500000000
60780  36.077  -16.132  24.812 1.0000000000
59934  34.036  -17.193  24.343 0.8750000000
59927  34.142  -17.241  25.323 0.8750000000
60791  35.345  -16.289  23.378 0.8750000000
61667  36.314  -15.769  22.368 0.6250000000
61666  36.887  -15.309  22.588 0.8750000000
61675  37.603  -15.549  21.376 0.3750000000
62483  37.525  -15.045  21.944 0.8750000000
62490  38.297  -14.854  21.291 0.5000000000
61674  38.252  -15.681  20.970 0.3750000000
58251  35.456  -19.859  30.711 0.7500000000
58260  35.129  -19.354  30.045 0.8750000000
58261  34.428  -19.683  29.676 0.8750000000
58270  34.823  -18.878  29.317 1.0000000000
58271  34.124  -19.206  28.961 1.0000000000
59074  34.555  -18.439  28.455 1.0000000000
59907  34.456  -17.654  27.122 1.0000000000
59082  33.916  -18.276  27.653 1.0000000000
60751  37.879  -16.356  27.818 1.0000000000
60761  37.310  -16.390  27.059 1.0000000000
60762  36.507  -16.585  26.598 1.0000000000
59915  35.903  -17.083  27.149 1.0000000000
59917  34.298  -17.407  26.258 1.0000000000
59092  33.668  -17.841  26.745 1.0000000000
61609  38.478  -15.719  27.790 1.0000000000
60760  37.937  -15.918  27.202 1.0000000000
60770  37.027  -16.080  26.102 1.0000000000
60771  36.281  -16.308  25.721 1.0000000000
60763  35.698  -16.750  26.226 1.0000000000
61620  37.680  -15.705  26.475 1.0000000000
61628  36.769  -15.799  25.202 1.0000000000
60772  35.514  -16.539  25.306 1.0000000000
60773  34.742  -16.795  24.843 1.0000000000
61627  37.452  -15.455  25.582 0.8750000000
61638  37.273  -15.280  24.607 0.8750000000
61650  37.036  -15.192  23.570 0.8750000000
62476  37.600  -14.777  22.866 0.8750000000
62482  38.221  -14.471  22.208 0.8750000000
58259  35.801  -19.018  30.449 0.6250000000
59055  36.711  -17.654  30.532 0.6250000000
59064  35.522  -18.550  29.706 0.6250000000
59072  36.016  -17.847  29.294 0.8750000000
59073  35.357  -18.213  28.889 1.0000000000
108697  38.455  -16.489  29.009 0.5000000000
59080  35.884  -17.606  28.494 1.0000000000
59081  35.217  -17.828  28.162 1.0000000000
60743  38.809  -15.912  28.636 0.6250000000
60744  38.322  -16.282  28.353 1.0000000000
60745  37.903  -16.733  28.544 1.0000000000
59904  37.206  -16.875  28.031 1.0000000000
59905  36.364  -17.206  27.933 1.0000000000
59906  35.178  -17.516  27.457 1.0000000000
60752  36.669  -16.824  27.353 1.0000000000
59916  35.091  -17.238  26.670 1.0000000000
61608  39.158  -15.266  28.234 0.7500000000
61619  38.295  -15.298  26.903 0.8750000000
62446  38.747  -14.546  26.493 0.7500000000
61637  37.924  -14.845  25.028 0.7500000000
62464  37.872  -14.737  23.984 0.7500000000
63325  39.518  -13.833  21.253 0.6250000000
62489  38.909  -14.130  21.681 0.8750000000
61585  39.560  -15.578  30.754 0.5000000000
59062  36.639  -17.500  29.684 0.8750000000
59881  37.915  -16.758  30.357 0.5000000000
59888  37.198  -17.062  30.037 0.5000000000
61593  39.469  -15.543  29.903 0.5000000000
60727  39.035  -16.008  30.316 0.5000000000
60737  38.459  -16.416  29.861 0.5000000000
59887  37.856  -16.889  29.371 0.6250000000
59898  36.715  -17.365  28.773 0.8750000000
61600  39.390  -15.493  29.034 0.6250000000
59897  37.436  -17.080  28.784 0.8750000000
62429  39.715  -14.841  28.651 0.3750000000
62439  39.531  -14.601  27.913 0.5000000000
61618  38.926  -14.907  27.414 0.6250000000
62455  38.639  -14.328  25.396 0.7500000000
62462  38.838  -14.016  24.464 0.7500000000
62463  38.366  -14.447  24.572 0.7500000000
63299  39.806  -13.009  24.702 0.8750000000
63300  39.348  -13.502  24.143 0.8750000000
119550  38.486  -14.297  23.987 0.7500000000
62475  38.347  -14.344  23.228 1.0000000000
63310  39.416  -13.428  23.227 0.8750000000
64123  40.686  -12.473  22.622 0.8750000000
63316  39.996  -12.865  22.897 1.0000000000
62481  38.921  -13.962  22.692 0.8750000000
64122  41.386  -12.192  22.299 1.0000000000
124507  40.243  -12.916  22.113 1.0000000000
63317  39.591  -13.467  22.153 0.8750000000
123297  40.238  -13.337  21.205 0.3750000000
61584  40.002  -15.075  30.355 0.3750000000
115987  40.591  -14.616  30.777 0.3750000000
62421  40.496  -14.551  29.882 0.3750000000
62428  40.391  -14.377  28.927 0.3750000000
112581  39.979  -14.356  28.297 0.5000000000
62438  39.909  -14.105  27.789 0.5000000000
121828  39.498  -14.132  27.093 0.6250000000
63277  40.193  -13.605  27.429 0.6250000000
62454  39.267  -13.817  26.053 0.6250000000
63284  39.938  -13.377  26.547 0.6250000000
63291  39.795  -13.154  25.625 0.6250000000
63292  39.292  -13.658  25.052 0.7500000000
64099  40.460  -12.538  24.372 0.7500000000
64881  41.809  -11.838  23.778 0.8750000000
64113  40.554  -12.469  23.504 0.8750000000
64112  41.232  -12.099  23.202 0.8750000000
64121  42.075  -11.987  21.989 0.8750000000
111380  41.021  -14.214  30.266 0.3750000000
63267  41.564  -13.761  30.106 0.3750000000
62420  41.020  -14.007  29.493 0.3750000000
62427  40.901  -13.672  28.710 0.3750000000
63276  40.840  -13.196  27.958 0.5000000000
64074  40.596  -12.949  26.978 0.6250000000
117019  40.416  -12.758  26.073 0.6250000000
122275  40.916  -12.399  25.652 0.6250000000
64085  40.386  -12.639  25.226 0.6250000000
64084  41.046  -12.249  24.938 0.7500000000
64858  41.588  -11.978  25.675 0.6250000000
64870  41.730  -11.890  24.667 0.7500000000
64880  42.387  -11.469  23.420 0.8750000000
64893  42.506  -11.568  22.529 0.8750000000
63272  41.516  -13.329  29.157 0.3750000000
125904  41.204  -13.230  28.545 0.3750000000
64064  41.223  -12.492  27.376 0.6250000000
64850  41.664  -11.895  26.752 0.3750000000
64073  41.056  -12.383  26.406 0.6250000000
64849  42.270  -11.466  26.200 0.3750000000
64848  42.866  -10.984  25.768 0.3750000000
64857  42.279  -11.478  25.230 0.6250000000
65647  43.552  -10.469  24.460 0.3750000000
64869  42.329  -11.469  24.316 0.7500000000
64879  42.982  -11.087  23.036 0.7500000000
65668  43.617  -10.729  22.636 0.6250000000
64892  43.096  -11.274  22.171 0.8750000000
65634  44.042  -9.891  25.985 0.1250000000
65629  43.444  -10.463  26.331 0.1250000000
65646  44.145  -9.930  25.035 0.2500000000
65655  44.282  -9.969  24.034 0.5000000000
64839  42.332  -11.472  27.188 0.2500000000
122609  42.996  -11.106  27.638 0.1250000000
65621  43.459  -10.533  27.237 0.1250000000
119872  42.886  -10.986  26.724 0.2500000000
65628  44.009  -10.010  26.901 0.1250000000
66369  44.679  -9.470  26.633 0.1250000000
66368  45.454  -9.004  26.379 0.1250000000
66376  44.799  -9.405  25.631 0.1250000000
65656  43.590  -10.562  23.530 0.6250000000
66387  44.798  -9.510  24.752 0.2500000000
35274  -3.869  -46.574  49.695 0.2500000000
35289  -4.437  -46.922  49.360 0.2500000000
33686  -3.883  -48.714  49.227 0.3750000000
33696  -4.584  -48.888  48.955 0.3750000000
33706  -4.920  -48.723  48.479 0.2500000000
30993  -2.287  -51.103  49.787 0.2500000000
30983  -2.593  -51.318  50.508 0.2500000000
31888  -3.506  -50.579  49.502 0.3750000000
30984  -3.289  -51.433  49.871 0.3750000000
30986  -4.147  -51.135  49.358 0.3750000000
35248  3.153  -46.072  52.365 0.6250000000
33715  -4.834  -48.570  47.617 0.2500000000
32800  -3.769  -49.663  49.262 0.3750000000
32798  -3.043  -49.514  49.584 0.6250000000
34472  2.805  -46.358  51.780 0.6250000000
120133  2.116  -46.666  50.554 1.0000000000
34542  -3.748  -47.353  46.000 0.2500000000
36197  -2.900  -45.910  45.938 0.2500000000
36186  -3.220  -45.648  46.509 0.2500000000
34516  1.359  -47.456  48.468 0.8750000000
34508  1.198  -47.310  49.297 1.0000000000
33703  0.382  -48.890  48.046 0.3750000000
33704  -0.298  -49.086  48.520 0.3750000000
33725  -4.363  -48.526  46.694 0.2500000000
33714  0.742  -49.139  47.285 0.3750000000
33722  3.610  -48.530  45.514 0.1250000000
32845  2.909  -49.001  45.752 0.1250000000
33723  2.323  -48.905  45.884 0.1250000000
34531  2.272  -48.027  45.856 0.3750000000
32834  1.800  -49.509  46.369 0.2500000000
32825  0.388  -49.758  47.416 0.3750000000
34521  2.043  -47.181  47.228 0.6250000000
35273  3.261  -46.385  50.521 0.8750000000
34514  2.704  -46.342  48.362 0.7500000000
36194  5.837  -45.164  44.879 0.5000000000
36209  5.595  -45.936  44.451 0.3750000000
35319  3.187  -46.396  46.422 0.7500000000
36128  5.217  -45.217  50.603 0.7500000000
35287  4.194  -45.839  49.748 0.7500000000
35300  3.493  -45.994  48.839 0.7500000000
36126  6.268  -44.321  50.865 0.5000000000
125191  6.058  -44.654  49.404 0.8750000000
37082  6.849  -44.049  44.991 0.7500000000
37937  7.466  -43.948  43.425 0.3750000000
37119  7.253  -44.928  43.166 0.3750000000
37120  6.696  -45.093  43.779 0.3750000000
38775  8.518  -42.752  43.484 0.3750000000
37031  7.011  -43.264  49.215 0.6250000000
37043  7.233  -43.211  48.448 0.6250000000
37057  6.674  -44.153  48.049 0.8750000000
119739  6.407  -44.359  47.376 1.0000000000
37071  6.358  -44.349  46.488 1.0000000000
38783  9.137  -42.455  42.845 0.5000000000
37858  8.099  -42.469  49.348 0.5000000000
37870  7.688  -42.715  48.135 0.8750000000
120108  7.871  -42.832  46.194 0.8750000000
37896  8.239  -42.453  46.538 1.0000000000
38773  9.164  -41.637  44.816 0.8750000000
38742  8.877  -41.755  47.761 0.7500000000
38752  8.883  -41.713  46.851 0.8750000000
39550  9.917  -40.427  44.001 0.8750000000
113587  15.904  -36.899  39.135 0.3750000000
42150  14.795  -38.658  39.789 0.5000000000
117766  14.228  -38.104  39.370 0.5000000000
109330  15.144  -36.796  38.938 0.3750000000
43048  14.525  -37.240  39.139 0.7500000000
111065  9.971  -40.722  47.913 0.7500000000
120134  10.277  -40.448  43.190 0.7500000000
43984  16.248  -36.373  38.735 0.3750000000
44921  14.539  -35.780  39.405 0.7500000000
44892  13.375  -35.571  41.633 0.8750000000
45710  16.558  -34.790  38.759 0.7500000000
45701  15.668  -34.728  39.257 0.8750000000
45689  14.642  -34.818  40.485 0.8750000000
43921  11.955  -36.361  43.727 0.7500000000
44879  13.864  -34.836  42.018 0.7500000000
45687  16.008  -34.179  40.253 0.8750000000
113280  15.272  -34.381  40.867 0.8750000000
43874  22.643  -33.944  47.121 0.5000000000
43861  22.684  -34.211  48.409 0.3750000000
44819  20.161  -33.983  47.937 0.7500000000
42919  24.546  -34.740  46.190 0.7500000000
42921  23.296  -34.682  46.135 0.6250000000
42909  24.066  -34.461  47.271 0.6250000000
42920  23.953  -34.877  46.186 0.7500000000
43886  22.505  -34.372  46.058 0.7500000000
44835  19.751  -33.662  46.672 0.8750000000
127252  20.351  -33.540  46.304 1.0000000000
108148  18.968  -33.745  46.992 0.8750000000
44821  18.487  -33.883  47.727 0.8750000000
123464  18.236  -33.706  47.167 0.8750000000
45616  16.777  -33.618  47.276 0.8750000000
44823  16.868  -33.668  48.093 0.7500000000
45617  15.846  -33.611  47.743 0.7500000000
42059  24.392  -35.083  44.715 0.7500000000
122414  23.714  -35.162  44.598 0.8750000000
42932  23.917  -35.149  45.192 0.7500000000
43897  22.390  -34.481  45.205 0.7500000000
43899  21.258  -33.935  44.877 1.0000000000
45632  17.656  -33.550  46.050 0.8750000000
45626  14.875  -33.640  46.364 0.8750000000
42929  25.802  -34.608  45.252 0.7500000000
42946  24.100  -35.274  44.382 0.7500000000
42096  24.199  -35.289  43.700 1.0000000000
42077  25.005  -34.887  43.835 0.8750000000
42960  23.496  -35.094  43.643 0.8750000000
42961  22.803  -34.781  43.851 0.8750000000
44846  20.573  -33.701  44.822 1.0000000000
44847  19.585  -33.561  45.091 1.0000000000
45640  18.648  -33.565  44.700 1.0000000000
120239  17.718  -33.560  45.186 0.8750000000
44849  13.095  -34.599  45.395 0.8750000000
43901  11.831  -36.005  45.641 0.8750000000
42977  24.177  -35.629  42.828 1.0000000000
116669  23.762  -35.290  43.088 1.0000000000
42112  24.630  -35.673  42.791 1.0000000000
120887  23.486  -35.267  42.696 0.8750000000
43908  22.125  -34.576  43.665 0.8750000000
44856  20.124  -33.705  44.322 1.0000000000
44855  20.749  -33.925  43.902 1.0000000000
45643  15.744  -33.569  44.590 0.8750000000
45642  16.784  -33.570  44.749 0.8750000000
44848  13.909  -34.101  44.852 0.8750000000
44859  13.014  -34.704  44.449 0.8750000000
42996  24.100  -36.075  42.437 1.0000000000
43013  23.324  -36.073  41.355 1.0000000000
43012  23.867  -36.457  41.799 1.0000000000
42998  22.891  -35.076  42.418 0.8750000000
43919  21.434  -34.355  43.407 1.0000000000
44866  20.090  -33.896  43.593 1.0000000000
44867  19.375  -33.764  43.278 1.0000000000
45661  17.845  -33.617  42.640 1.0000000000
45653  16.322  -33.545  44.078 0.8750000000
43027  23.635  -37.104  40.360 1.0000000000
43044  23.094  -36.953  39.811 1.0000000000
43964  21.937  -35.767  40.371 1.0000000000
43947  22.671  -35.855  40.880 1.0000000000
44876  20.690  -34.436  42.279 1.0000000000
120253  20.618  -34.625  41.422 1.0000000000
44878  19.269  -33.901  42.405 1.0000000000
45662  17.165  -33.583  42.704 1.0000000000
45664  14.627  -34.375  42.419 0.7500000000
43042  24.484  -37.476  39.123 1.0000000000
43978  25.294  -37.372  38.709 1.0000000000
43979  23.246  -37.254  38.851 1.0000000000
43026  24.340  -37.471  40.028 1.0000000000
43963  22.585  -36.334  40.053 1.0000000000
44889  20.455  -34.745  40.706 0.8750000000
45671  19.114  -33.962  41.354 0.8750000000
117725  19.926  -34.312  41.914 1.0000000000
127503  23.676  -37.050  37.535 1.0000000000
43058  23.889  -37.391  38.765 1.0000000000
43996  22.744  -36.970  38.277 0.8750000000
44903  20.510  -35.033  39.972 0.8750000000
45684  19.394  -34.231  40.591 0.8750000000
43998  20.447  -35.746  37.978 0.8750000000
109318  21.181  -35.960  38.732 0.8750000000
45698  18.319  -34.255  39.459 0.8750000000
45699  17.315  -34.346  39.141 0.7500000000
43885  26.857  -34.331  45.131 0.8750000000
42944  26.359  -34.854  44.218 0.7500000000
42093  25.783  -35.445  43.121 0.8750000000
42994  25.129  -36.550  42.346 1.0000000000
42975  26.059  -35.725  42.856 0.8750000000
107431  25.792  -36.752  42.029 1.0000000000
43010  25.994  -37.163  41.147 1.0000000000
107126  25.306  -37.061  37.776 1.0000000000
43977  25.970  -37.340  39.127 1.0000000000
43929  26.597  -35.752  42.618 1.0000000000
44008  26.378  -36.473  37.625 0.8750000000
44951  26.827  -35.552  35.772 0.8750000000
44939  27.003  -35.821  37.003 1.0000000000
45726  27.680  -34.522  35.315 0.7500000000
44863  27.449  -34.499  43.603 0.8750000000
43928  27.047  -35.432  42.603 1.0000000000
127438  27.301  -34.241  39.790 1.0000000000
47115  26.560  -33.090  40.131 1.0000000000
47107  27.013  -33.016  41.658 1.0000000000
47872  26.899  -32.254  42.659 0.8750000000
47887  26.388  -32.298  41.170 1.0000000000
47109  26.301  -32.566  40.347 1.0000000000
48775  23.218  -30.251  38.761 1.0000000000
49647  24.428  -29.853  41.195 0.8750000000
51467  24.524  -27.786  30.518 0.7500000000
50585  23.100  -28.742  32.351 0.7500000000
107084  24.440  -27.161  32.184 1.0000000000
51454  25.070  -26.791  31.582 1.0000000000
50603  24.813  -28.200  29.831 0.7500000000
52181  27.562  -26.604  37.338 0.5000000000
112253  27.427  -26.527  34.130 0.8750000000
52227  27.325  -26.365  33.360 1.0000000000
51474  25.440  -27.012  29.195 0.8750000000
120997  26.869  -26.862  42.256 0.3750000000
52243  27.213  -26.174  32.482 1.0000000000
50642  29.016  -28.491  27.170 0.2500000000
122042  27.607  -25.835  31.458 1.0000000000
51511  30.407  -27.651  26.594 0.1250000000
50654  28.685  -27.772  26.810 0.3750000000
51512  29.462  -27.399  26.556 0.1250000000
52324  27.966  -26.421  26.482 0.5000000000
53071  28.073  -25.565  26.327 0.5000000000
51417  30.924  -26.484  33.358 0.5000000000
53859  27.596  -23.792  27.883 1.0000000000
54757  29.226  -23.159  25.613 0.5000000000
126098  33.068  -23.996  30.242 1.0000000000
106265  31.075  -24.890  29.594 1.0000000000
54726  28.384  -22.632  27.964 1.0000000000
56566  29.266  -21.145  26.489 0.6250000000
56557  29.649  -20.755  27.693 1.0000000000
54674  35.944  -23.125  31.595 0.6250000000
56542  32.420  -21.927  29.515 1.0000000000
57398  31.024  -20.877  28.600 1.0000000000
57404  30.102  -19.951  27.346 1.0000000000
57411  29.934  -20.064  26.371 0.7500000000
57450  32.564  -19.305  23.610 0.1250000000
57389  33.408  -20.651  29.517 0.8750000000
59094  32.112  -18.241  25.846 0.6250000000
59945  33.687  -17.988  23.038 0.3750000000
59119  33.000  -18.458  23.513 0.3750000000
59928  33.356  -17.520  24.833 0.6250000000
118825  35.202  -16.570  22.694 0.5000000000
61652  35.707  -16.146  22.569 0.6250000000
60823  36.188  -16.392  21.837 0.6250000000
59958  35.317  -17.586  22.075 0.3750000000
59959  34.458  -17.617  22.595 0.6250000000
60808  34.970  -17.030  22.451 0.3750000000
59970  36.559  -17.127  21.645 0.2500000000
61676  36.900  -15.712  21.796 0.7500000000
58279  33.821  -18.827  28.353 1.0000000000
59083  33.050  -18.393  27.129 1.0000000000
59084  32.381  -18.437  26.650 0.7500000000
60781  35.363  -16.394  24.371 1.0000000000
60790  35.894  -16.013  24.002 0.8750000000
61639  36.525  -15.645  24.239 0.8750000000
61651  36.192  -15.688  23.226 0.7500000000
109698  34.659  -17.919  27.782 1.0000000000
59926  34.911  -16.972  25.786 1.0000000000
61626  38.097  -15.011  25.994 0.7500000000
59056  36.449  -18.619  30.987 0.5000000000
59063  36.145  -18.143  30.128 0.7500000000
60736  38.964  -16.028  29.444 0.5000000000
109494  35.709  -17.431  27.840 1.0000000000
115368  37.212  -17.200  29.294 0.8750000000
61592  39.895  -14.976  29.471 0.3750000000
63309  39.871  -12.902  23.801 0.8750000000
62474  38.905  -13.922  23.637 0.8750000000
64133  40.875  -12.679  21.731 1.0000000000
109032  40.366  -13.876  28.189 0.5000000000
64098  41.155  -12.173  24.082 0.7500000000
64894  41.872  -11.800  22.866 0.8750000000
64906  42.727  -11.807  21.699 0.8750000000
64856  42.873  -10.963  24.842 0.3750000000
65635  43.486  -10.445  25.397 0.2500000000
64868  42.907  -10.982  23.933 0.6250000000
39562  10.429  -40.832  42.293 0.6250000000
40436  14.896  -40.348  41.925 0.1250000000
41285  15.070  -39.721  41.221 0.1250000000
40451  14.469  -40.543  40.944 0.1250000000
39593  12.152  -41.421  40.685 0.1250000000
39563  9.887  -41.099  43.106 0.6250000000
40467  14.471  -39.662  40.213 0.2500000000
40468  13.742  -40.527  40.292 0.2500000000
40437  10.959  -40.491  41.679 0.6250000000
41324  13.932  -38.914  39.591 0.2500000000
44942  18.849  -35.817  37.638 0.7500000000
44930  18.860  -35.104  38.415 0.7500000000
126616  18.252  -35.467  38.089 0.7500000000
39561  13.883  -42.402  42.931 0.1250000000
39580  14.348  -41.300  41.784 0.1250000000
39570  13.830  -42.155  42.126 0.1250000000
38805  13.069  -42.501  41.566 0.1250000000
39581  13.519  -41.815  41.194 0.1250000000
39582  12.567  -41.994  40.880 0.1250000000
40452  13.882  -41.165  40.829 0.1250000000
40469  12.265  -40.895  40.530 0.2500000000
41303  13.436  -39.638  39.932 0.2500000000
40453  11.982  -40.412  40.645 0.2500000000
41287  11.516  -40.095  41.224 0.6250000000
41271  11.164  -39.730  42.140 0.6250000000
40419  10.677  -40.141  42.714 0.6250000000
42151  13.152  -38.784  39.842 0.3750000000
115224  12.635  -39.308  40.235 0.2500000000
42138  12.176  -38.862  40.973 0.5000000000
41270  11.292  -38.900  42.519 0.6250000000
43034  12.839  -37.854  40.398 0.6250000000
42152  12.681  -38.482  40.362 0.6250000000
43101  19.784  -37.161  36.607 0.6250000000
44941  19.824  -36.098  37.338 0.6250000000
43849  21.841  -34.238  49.371 0.5000000000
43017  12.888  -37.215  40.786 0.6250000000
43018  12.435  -37.914  41.217 0.6250000000
44929  19.655  -35.400  38.183 0.7500000000
127000  20.470  -36.107  37.398 0.7500000000
44031  20.415  -36.962  36.095 0.6250000000
107961  20.559  -36.436  36.773 0.7500000000
43119  21.220  -37.435  35.269 0.5000000000
44044  20.924  -37.032  35.535 0.3750000000
44030  21.126  -36.634  35.913 0.7500000000
112348  21.149  -36.161  37.599 0.7500000000
44940  26.250  -36.057  36.499 0.7500000000
44039  25.457  -36.110  34.560 0.6250000000
127378  24.739  -36.269  34.933 0.6250000000
44013  21.338  -36.366  36.733 0.7500000000
44961  26.220  -35.970  34.129 0.7500000000
112154  24.840  -36.675  34.283 0.6250000000
44061  24.150  -36.876  34.258 0.5000000000
43140  22.815  -36.999  34.548 0.5000000000
44042  22.249  -36.788  35.038 0.6250000000
44040  23.963  -36.516  34.785 0.6250000000
44041  23.037  -36.573  34.888 0.6250000000
44027  25.303  -36.158  35.860 0.7500000000
106315  21.808  -36.641  35.565 0.7500000000
44028  24.298  -36.414  35.804 0.6250000000
39496  10.183  -40.818  48.620 0.6250000000
38726  9.942  -41.287  48.957 0.6250000000
40347  10.498  -40.210  48.413 0.6250000000
44824  14.850  -33.800  48.243 0.6250000000
44009  25.597  -36.485  36.994 0.7500000000
117232  24.747  -36.668  36.848 0.6250000000
107209  21.898  -36.478  36.256 0.6250000000
126475  23.089  -36.524  36.190 0.6250000000
44029  22.557  -36.532  35.667 0.6250000000
109368  23.420  -36.473  35.647 0.6250000000
44809  13.757  -34.284  48.810 0.5000000000
43864  11.873  -36.406  48.313 0.5000000000
41202  10.961  -38.534  47.714 0.7500000000
40358  10.743  -39.396  48.118 0.7500000000
120175  15.956  -33.659  48.606 0.6250000000
44826  12.903  -34.684  48.113 0.5000000000
43863  12.226  -35.609  48.262 0.6250000000
114759  11.607  -37.007  47.887 0.6250000000
44825  13.857  -34.134  47.829 0.6250000000
43877  12.329  -35.208  47.429 0.6250000000
43878  11.828  -36.128  47.599 0.6250000000
127875  11.338  -37.229  46.628 0.6250000000
42045  11.246  -37.651  47.199 0.7500000000
125506  13.918  -34.089  47.279 0.7500000000
124773  12.522  -34.969  46.697 0.7500000000
43889  11.866  -35.816  46.649 0.7500000000
44839  13.166  -34.513  46.302 0.7500000000
44010  24.269  -37.090  37.591 0.8750000000
44011  23.668  -36.746  36.752 0.6250000000
106875  22.724  -36.617  36.633 0.6250000000
42034  11.455  -37.863  48.422 0.6250000000
44012  22.128  -36.531  37.372 0.7500000000
46372  27.976  -33.014  44.079 0.7500000000
47076  27.910  -32.255  44.776 0.6250000000
47846  27.627  -32.042  44.451 0.6250000000
122006  27.447  -32.348  43.715 0.6250000000
47847  27.280  -31.825  44.120 0.6250000000
47859  27.040  -32.068  43.443 0.6250000000
47873  26.732  -32.205  42.195 0.8750000000
47835  27.801  -31.784  45.115 0.6250000000
47836  27.527  -31.623  44.784 0.6250000000
48720  27.336  -31.521  44.465 0.7500000000
47848  27.050  -31.741  43.817 0.7500000000
47860  26.738  -31.983  43.097 0.7500000000
47861  26.525  -31.911  42.581 0.7500000000
47874  26.166  -31.745  41.939 0.6250000000
48742  25.586  -31.155  42.205 0.7500000000
47875  25.544  -31.439  41.344 0.8750000000
48709  27.611  -31.295  45.229 0.5000000000
48721  27.103  -31.388  44.127 0.6250000000
48722  26.684  -31.137  43.812 0.6250000000
48731  26.795  -31.685  43.424 0.7500000000
48732  26.161  -31.462  42.962 0.6250000000
48743  25.142  -30.637  41.987 0.7500000000
49743  23.231  -29.585  32.030 0.6250000000
128075  23.598  -29.594  31.406 0.6250000000
50604  24.292  -28.672  30.314 0.6250000000
48705  27.656  -30.754  45.746 0.3750000000
49606  27.112  -30.417  45.383 0.3750000000
48710  27.359  -31.097  44.929 0.6250000000
48712  26.352  -30.479  44.276 0.6250000000
48711  26.913  -30.797  44.584 0.6250000000
49608  25.846  -29.772  44.210 0.5000000000
48723  25.893  -30.610  43.649 0.6250000000
48733  25.423  -30.646  42.818 0.7500000000
49593  27.439  -29.867  46.175 0.2500000000
49594  26.874  -29.509  45.651 0.1250000000
49607  26.418  -29.869  44.950 0.5000000000
49621  25.302  -29.596  43.393 0.5000000000
49632  24.923  -29.716  42.462 0.7500000000
57381  35.293  -20.796  30.932 0.7500000000
50425  27.278  -28.626  46.095 0.1250000000
50439  26.538  -28.668  45.179 0.1250000000
50440  26.019  -29.079  44.604 0.5000000000
50458  25.642  -28.793  43.904 0.5000000000
50477  25.099  -28.778  42.786 0.6250000000
59828  38.848  -17.267  34.484 0.2500000000
59008  38.138  -18.078  34.309 0.2500000000
58199  37.647  -19.132  33.321 0.2500000000
58215  37.439  -19.519  32.946 0.3750000000
57346  37.373  -20.380  32.846 0.3750000000
59837  38.825  -16.714  33.574 0.2500000000
59838  38.202  -17.380  33.645 0.2500000000
59009  37.699  -18.226  33.538 0.2500000000
59026  37.338  -18.520  32.691 0.3750000000
57367  36.764  -20.307  32.260 0.3750000000
57369  35.927  -20.998  31.532 0.6250000000
59852  37.758  -17.491  32.844 0.2500000000
58236  36.544  -19.457  31.746 0.3750000000
57380  35.760  -20.285  31.240 0.6250000000
59869  37.444  -17.587  31.868 0.2500000000
110985  36.880  -17.854  31.268 0.2500000000
51207  27.122  -27.787  45.321 0.1250000000
51218  26.818  -27.651  44.507 0.2500000000
50457  26.161  -28.294  44.333 0.2500000000
51235  26.480  -27.529  43.632 0.3750000000
126695  25.943  -28.126  43.790 0.3750000000
50476  25.708  -28.042  43.130 0.5000000000
114119  39.086  -19.158  35.313 0.2500000000
58998  38.955  -18.098  35.262 0.2500000000
58999  38.535  -18.713  34.762 0.2500000000
58198  38.050  -19.242  34.071 0.2500000000
118351  37.096  -21.197  32.534 0.3750000000
127475  38.516  -18.006  34.777 0.2500000000
57329  37.851  -20.099  33.444 0.2500000000
111810  36.509  -21.110  32.039 0.3750000000
56524  35.629  -21.721  31.326 0.6250000000
60678  39.779  -16.614  34.797 0.2500000000
60687  39.495  -16.331  33.885 0.2500000000
60703  38.455  -16.746  32.890 0.2500000000
59868  38.070  -16.844  31.256 0.3750000000
59882  37.348  -17.247  30.907 0.2500000000
111371  27.280  -26.978  43.790 0.2500000000
110913  39.427  -17.326  35.229 0.2500000000
127258  36.303  -22.925  31.833 0.5000000000
56523  36.265  -21.846  31.785 0.3750000000
55608  35.318  -22.526  31.187 0.6250000000
60686  39.955  -15.613  33.339 0.2500000000
60702  39.181  -16.057  32.967 0.2500000000
60701  39.714  -15.565  32.527 0.3750000000
121387  39.295  -15.883  32.359 0.3750000000
60715  39.359  -15.811  31.900 0.3750000000
60716  38.734  -16.344  31.561 0.3750000000
60728  38.576  -16.391  30.751 0.3750000000
61578  40.123  -15.235  32.022 0.3750000000
115024  39.139  -15.952  31.149 0.3750000000
61569  40.454  -15.134  32.825 0.3750000000
122494  39.640  -15.561  31.448 0.3750000000
44917  20.459  -35.343  38.977 0.7500000000
45638  28.008  -33.784  44.861 0.6250000000
118012  27.772  -33.431  43.739 0.7500000000
46373  27.734  -32.830  43.751 0.6250000000
50574  22.858  -28.652  33.171 0.7500000000
49754  23.810  -29.126  30.838 0.6250000000
50459  25.345  -28.780  43.356 0.5000000000
50613  25.308  -28.717  29.279 0.6250000000
126192  31.180  -20.753  24.554 0.1250000000
58250  36.046  -19.582  31.141 0.6250000000
111578  40.101  -15.157  31.212 0.3750000000
119762  11.694  -39.310  41.628 0.6250000000
44952  26.119  -35.783  35.201 0.7500000000
40454  11.518  -40.954  40.830 0.5000000000
42165  13.530  -38.163  39.625 0.5000000000
44014  19.184  -36.642  37.121 0.6250000000
44015  18.593  -36.391  37.559 0.6250000000
39592  12.980  -41.250  40.470 0.1250000000
41304  12.706  -40.296  40.283 0.1250000000
41286  12.063  -39.725  40.753 0.5000000000
119430  19.929  -36.677  36.741 0.6250000000
44043  21.492  -36.934  35.283 0.6250000000
44062  23.525  -36.868  34.427 0.6250000000
43138  23.970  -37.242  34.153 0.3750000000
43139  23.391  -37.315  34.321 0.5000000000
42934  11.538  -36.789  47.022 0.6250000000
119005  13.201  -34.474  47.201 0.7500000000
58235  37.029  -19.445  32.409 0.3750000000
57368  36.243  -20.285  31.691 0.6250000000
59046  36.887  -18.552  31.847 0.3750000000
59851  38.243  -16.885  32.091 0.2500000000
56522  36.830  -21.968  32.250 0.3750000000
55601  36.031  -22.475  31.628 0.6250000000
120180  38.879  -16.251  32.257 0.2500000000
28349  -0.932  -53.649  46.100 0.1250000000
116968  -0.830  -53.244  45.370 0.1250000000
28363  -0.480  -53.452  45.338 0.1250000000
29262  -0.992  -52.944  45.026 0.1250000000
28373  -0.171  -53.037  44.117 0.1250000000
29261  -0.567  -53.029  44.619 0.1250000000
29273  -0.307  -52.620  43.774 0.1250000000
28340  -1.297  -54.012  46.989 0.1250000000
29248  -1.232  -53.192  45.915 0.1250000000
29263  -1.346  -52.845  45.644 0.1250000000
30128  -1.044  -52.478  44.908 0.1250000000
29274  -0.666  -52.657  44.287 0.1250000000
29285  -0.396  -52.383  43.664 0.1250000000
107751  -2.023  -54.773  49.140 0.1250000000
28314  -3.130  -53.907  48.714 0.1250000000
29223  -3.441  -53.434  48.324 0.1250000000
123590  -2.496  -53.659  47.706 0.1250000000
29236  -3.033  -53.299  47.712 0.1250000000
29235  -2.297  -53.326  47.278 0.1250000000
29250  -2.778  -52.836  47.175 0.1250000000
29249  -1.887  -52.860  46.554 0.1250000000
31008  -3.289  -51.631  46.662 0.1250000000
30118  -1.750  -52.195  45.947 0.1250000000
31952  -0.990  -50.998  45.037 0.1250000000
31026  -1.367  -51.645  45.335 0.1250000000
31951  -0.604  -50.336  44.642 0.1250000000
31025  -0.900  -51.827  44.550 0.1250000000
127317  -0.655  -51.859  43.999 0.1250000000
30137  -0.672  -52.240  44.050 0.1250000000
30148  -0.275  -52.072  43.186 0.1250000000
28302  -2.848  -54.070  49.671 0.1250000000
27360  -2.757  -54.290  49.176 0.1250000000
115758  -3.221  -53.882  49.190 0.1250000000
31911  -4.879  -50.987  48.389 0.1250000000
30995  -4.607  -51.245  49.006 0.1250000000
29224  -3.768  -52.952  47.929 0.1250000000
31912  -4.851  -50.355  48.909 0.1250000000
31009  -3.961  -51.728  47.061 0.1250000000
31016  -2.579  -51.517  46.296 0.1250000000
31940  -3.216  -50.853  46.369 0.1250000000
32861  -1.690  -48.911  45.469 0.1250000000
31953  -1.656  -50.735  45.687 0.1250000000
113461  -1.303  -49.990  45.363 0.1250000000
32860  -0.847  -49.273  45.030 0.1250000000
31964  -0.573  -51.287  44.229 0.1250000000
32859  -0.194  -49.651  44.290 0.1250000000
31047  -0.357  -51.685  43.388 0.1250000000
31963  -0.102  -50.665  43.646 0.1250000000
31976  0.088  -50.969  42.874 0.1250000000
30090  -2.926  -52.347  50.609 0.2500000000
28291  -2.534  -53.990  50.256 0.1250000000
30094  -3.155  -52.833  50.071 0.1250000000
29213  -3.793  -52.875  49.123 0.2500000000
30098  -3.878  -52.265  49.381 0.2500000000
31900  -4.457  -50.465  49.211 0.2500000000
29217  -3.936  -52.917  48.600 0.2500000000
30104  -4.297  -52.334  48.250 0.2500000000
31004  -4.487  -51.609  47.782 0.1250000000
31922  -5.013  -50.143  48.177 0.1250000000
32819  -4.900  -49.540  48.708 0.1250000000
31929  -4.256  -50.405  46.978 0.1250000000
32827  -5.004  -49.340  47.934 0.1250000000
31939  -2.468  -50.691  46.124 0.1250000000
114208  -3.082  -50.022  46.230 0.1250000000
125203  -3.558  -49.543  46.319 0.1250000000
32862  -2.468  -48.594  45.702 0.1250000000
32847  -3.051  -49.132  46.128 0.1250000000
33761  -0.717  -47.724  44.705 0.1250000000
33746  -0.451  -48.659  44.585 0.1250000000
116805  0.251  -49.050  43.934 0.1250000000
33760  0.007  -48.143  44.134 0.1250000000
121689  0.217  -49.851  43.533 0.1250000000
108401  0.353  -50.294  42.710 0.1250000000
30091  -3.238  -51.888  50.121 0.2500000000
117805  -3.716  -51.108  49.496 0.2500000000
31889  -3.996  -50.479  49.380 0.2500000000
32811  -4.596  -49.713  49.104 0.1250000000
34541  -3.192  -47.539  45.713 0.1250000000
33735  -3.156  -48.311  45.873 0.1250000000
33748  -1.954  -47.984  45.308 0.1250000000
34567  -0.852  -46.969  44.677 0.1250000000
34555  -1.415  -47.419  45.117 0.1250000000
35363  -0.191  -46.596  44.095 0.1250000000
34566  -0.169  -47.323  44.156 0.1250000000
34565  0.404  -47.772  43.672 0.1250000000
33759  0.598  -48.501  43.409 0.1250000000
32871  0.611  -49.402  43.010 0.1250000000
33772  0.945  -48.752  42.474 0.1250000000
32884  0.610  -50.525  41.847 0.1250000000
33784  0.904  -48.792  41.437 0.1250000000
32883  0.725  -49.692  41.820 0.1250000000
32899  0.592  -50.018  40.927 0.1250000000
34556  -2.001  -47.222  45.252 0.1250000000
34557  -2.574  -47.001  45.420 0.1250000000
34568  -1.482  -46.776  45.053 0.1250000000
35346  -2.001  -46.602  45.233 0.1250000000
36223  -0.192  -46.139  44.069 0.1250000000
35362  0.489  -47.124  43.523 0.1250000000
119418  1.343  -46.729  42.324 0.1250000000
34585  1.242  -48.026  42.081 0.1250000000
34577  0.962  -47.878  43.057 0.1250000000
107344  1.075  -48.108  41.015 0.1250000000
33797  0.616  -48.659  40.589 0.1250000000
31996  0.620  -50.091  40.532 0.1250000000
33798  0.230  -48.767  39.854 0.1250000000
32898  0.505  -49.316  40.711 0.1250000000
110523  -0.506  -48.153  38.363 0.1250000000
37046  -3.870  -44.999  48.746 0.1250000000
37085  -2.310  -45.697  45.705 0.1250000000
35347  -2.502  -46.283  45.486 0.1250000000
37072  -2.805  -45.307  46.830 0.1250000000
36225  -1.243  -45.872  44.893 0.1250000000
36210  -1.926  -46.039  45.258 0.1250000000
37910  -1.699  -44.838  46.381 0.1250000000
37897  -1.839  -44.717  46.864 0.1250000000
37098  -1.656  -45.491  45.457 0.1250000000
37922  -1.464  -44.932  45.835 0.1250000000
36224  -0.515  -45.837  44.372 0.1250000000
128258  0.693  -44.502  43.593 0.1250000000
35377  0.671  -46.347  43.308 0.1250000000
36240  1.442  -46.163  42.444 0.1250000000
35376  1.116  -47.191  42.704 0.1250000000
113260  1.367  -47.371  41.650 0.1250000000
35390  1.668  -46.831  41.252 0.1250000000
35402  1.272  -47.061  39.786 0.1250000000
34593  1.182  -47.540  40.461 0.1250000000
35389  1.910  -46.469  40.366 0.1250000000
34594  0.566  -48.117  39.996 0.1250000000
34603  0.522  -47.490  39.300 0.1250000000
35414  0.327  -46.779  38.687 0.1250000000
35415  -0.333  -47.185  38.458 0.1250000000
36280  0.627  -46.115  38.564 0.1250000000
37886  -2.562  -44.510  47.889 0.1250000000
37033  -3.187  -44.588  49.095 0.1250000000
116554  -1.978  -44.468  47.407 0.1250000000
37121  -0.638  -45.393  44.597 0.1250000000
37921  -0.851  -44.541  45.493 0.1250000000
37909  -1.106  -44.437  46.106 0.1250000000
38786  -0.340  -44.003  44.859 0.1250000000
37142  0.340  -44.979  43.688 0.1250000000
36241  0.128  -45.697  43.798 0.1250000000
110470  0.889  -45.548  43.183 0.1250000000
36239  1.639  -45.555  42.449 0.1250000000
122439  1.850  -46.162  41.632 0.1250000000
37140  2.023  -44.958  42.309 0.1250000000
36250  2.121  -45.745  41.458 0.1250000000
37162  2.471  -45.095  41.112 0.1250000000
121564  2.262  -45.869  40.399 0.1250000000
35413  1.250  -46.582  39.234 0.1250000000
36265  1.727  -45.996  39.259 0.1250000000
37186  2.023  -45.180  38.870 0.1250000000
36294  1.035  -45.413  38.405 0.1250000000
122592  -0.661  -46.548  38.136 0.1250000000
36129  -3.037  -45.311  50.251 0.3750000000
113895  -2.622  -44.178  49.144 0.1250000000
37845  -2.700  -44.303  50.304 0.2500000000
38746  -1.071  -43.596  47.392 0.1250000000
38733  -1.862  -43.802  48.429 0.1250000000
38765  -0.397  -43.375  46.095 0.1250000000
128121  -1.420  -43.575  48.004 0.1250000000
123077  0.238  -43.837  44.396 0.1250000000
124566  -0.175  -43.571  45.125 0.1250000000
38756  -0.680  -43.500  46.701 0.1250000000
37961  0.369  -44.390  43.919 0.1250000000
37938  -0.024  -44.273  44.370 0.1250000000
37141  1.176  -44.776  43.142 0.1250000000
37959  1.736  -44.107  42.846 0.1250000000
37979  2.465  -44.327  42.044 0.1250000000
119659  9.659  -41.910  42.583 0.3750000000
37175  2.442  -45.399  39.842 0.1250000000
37185  2.679  -44.721  39.387 0.1250000000
34464  -1.002  -46.137  52.520 0.5000000000
35240  -1.166  -45.671  52.571 0.3750000000
36100  -2.080  -45.279  51.333 0.3750000000
36996  -2.072  -44.774  51.419 0.3750000000
37833  -2.291  -44.196  50.985 0.2500000000
38707  -1.895  -43.329  50.254 0.1250000000
37844  -2.237  -43.781  50.710 0.1250000000
38718  -1.156  -42.996  49.623 0.1250000000
38732  -0.931  -43.193  48.084 0.1250000000
38717  -0.084  -42.709  49.362 0.1250000000
38785  0.267  -43.503  44.643 0.1250000000
38755  -0.113  -42.908  46.458 0.1250000000
125132  0.322  -42.588  47.908 0.1250000000
42026  11.627  -38.272  49.371 0.5000000000
41183  11.230  -38.775  48.703 0.5000000000
39541  0.074  -42.915  45.740 0.1250000000
38754  0.544  -42.406  47.128 0.1250000000
38744  1.091  -42.306  48.058 0.1250000000
108735  0.750  -43.480  44.124 0.1250000000
38776  0.334  -42.990  45.171 0.1250000000
39540  0.694  -42.352  45.394 0.1250000000
39512  1.452  -41.853  47.388 0.1250000000
37960  1.033  -44.049  43.541 0.1250000000
38784  0.881  -42.998  44.344 0.1250000000
112979  1.090  -43.544  43.733 0.1250000000
38811  2.342  -43.536  42.536 0.1250000000
37978  2.920  -44.327  41.040 0.1250000000
34463  0.207  -46.491  53.016 0.5000000000
34453  -0.066  -46.346  53.275 0.5000000000
35227  -0.351  -46.096  53.489 0.5000000000
35239  -0.815  -45.968  53.110 0.5000000000
36089  -1.242  -45.066  52.652 0.3750000000
36984  -1.182  -44.439  52.812 0.3750000000
37818  -1.685  -44.010  52.209 0.3750000000
38690  -1.847  -43.298  51.174 0.1250000000
37831  -1.550  -43.351  52.050 0.1250000000
41148  11.954  -38.815  50.804 0.2500000000
40317  11.732  -39.397  50.976 0.2500000000
110118  11.392  -39.873  50.408 0.3750000000
116244  -1.384  -42.947  51.477 0.1250000000
40332  11.531  -39.314  50.082 0.3750000000
107587  -0.584  -42.751  51.210 0.1250000000
38689  -0.829  -42.834  52.053 0.1250000000
120818  11.822  -38.556  50.106 0.5000000000
41165  11.479  -38.904  49.478 0.3750000000
40346  11.062  -39.626  49.076 0.3750000000
39484  11.096  -40.146  49.697 0.3750000000
38716  0.930  -42.485  49.613 0.1250000000
38705  0.356  -42.640  50.952 0.1250000000
38715  1.810  -42.304  49.893 0.1250000000
109660  1.180  -41.826  45.935 0.1250000000
39566  1.443  -42.370  43.985 0.1250000000
38796  2.319  -42.744  42.903 0.1250000000
38797  1.420  -42.972  43.649 0.1250000000
41341  20.960  -39.256  38.848 0.1250000000
34452  0.487  -46.244  53.457 0.5000000000
35226  0.211  -46.003  53.991 0.5000000000
122110  -0.210  -45.835  54.034 0.5000000000
35238  1.269  -45.989  53.465 0.5000000000
36081  -0.773  -45.124  53.776 0.3750000000
36082  -0.985  -44.818  53.248 0.3750000000
36977  -0.923  -44.338  53.353 0.3750000000
37807  -0.819  -43.636  53.429 0.2500000000
41136  12.233  -38.609  51.270 0.2500000000
38688  0.176  -42.635  51.860 0.1250000000
120835  12.145  -38.260  50.693 0.2500000000
39485  10.561  -40.848  49.503 0.5000000000
128180  10.352  -40.855  49.026 0.5000000000
126813  12.210  -37.382  50.190 0.3750000000
42910  11.759  -37.027  48.783 0.5000000000
43046  17.355  -37.365  39.243 0.1250000000
43045  18.098  -37.681  38.755 0.1250000000
119397  17.557  -36.959  38.536 0.1250000000
42182  19.572  -38.536  38.341 0.1250000000
113843  19.349  -38.678  39.024 0.1250000000
42183  18.899  -38.194  38.534 0.1250000000
42180  21.045  -38.962  37.902 0.1250000000
42181  20.272  -38.797  38.142 0.1250000000
41361  23.151  -39.476  37.866 0.2500000000
41377  22.954  -39.189  36.811 0.2500000000
41363  21.795  -39.145  37.686 0.1250000000
117347  24.757  -39.352  37.219 0.1250000000
41360  23.961  -39.408  37.338 0.2500000000
42220  25.595  -38.665  36.000 0.1250000000
41376  24.406  -39.159  36.545 0.2500000000
42236  26.004  -38.207  35.061 0.1250000000
119105  25.215  -38.439  35.212 0.1250000000
35236  3.213  -45.410  53.577 0.5000000000
109796  1.643  -45.502  54.232 0.3750000000
35225  0.875  -45.759  54.101 0.3750000000
107151  3.744  -45.704  52.489 0.5000000000
35237  2.317  -45.874  53.297 0.5000000000
41129  12.567  -38.763  52.859 0.2500000000
40305  12.125  -39.399  52.340 0.2500000000
39451  11.471  -40.394  51.929 0.2500000000
38683  10.860  -40.949  51.036 0.5000000000
42018  12.806  -38.066  52.283 0.2500000000
41137  12.113  -39.075  51.550 0.2500000000
40306  11.833  -39.639  51.793 0.2500000000
38701  10.273  -41.715  50.440 0.5000000000
42893  13.088  -37.273  51.811 0.3750000000
42020  12.536  -37.998  51.356 0.2500000000
39467  11.035  -40.522  50.259 0.5000000000
39468  10.588  -41.104  50.133 0.5000000000
38713  9.426  -41.911  49.244 0.5000000000
42897  12.840  -37.099  51.015 0.3750000000
38712  10.094  -41.515  49.661 0.5000000000
42899  12.506  -36.903  50.344 0.3750000000
42900  12.070  -37.005  49.695 0.3750000000
119479  16.666  -35.966  38.407 0.2500000000
43061  18.048  -36.964  38.003 0.1250000000
43060  18.629  -37.555  37.876 0.1250000000
42202  21.208  -38.692  37.005 0.1250000000
42203  20.417  -38.474  37.234 0.1250000000
42223  22.252  -38.674  35.939 0.2500000000
41362  22.020  -38.932  36.852 0.1250000000
42222  23.983  -38.819  35.716 0.2500000000
42221  24.804  -38.794  35.838 0.2500000000
43116  26.584  -37.569  34.485 0.2500000000
44057  28.479  -36.313  34.553 0.2500000000
43134  27.761  -36.731  34.329 0.2500000000
43135  27.020  -36.981  34.047 0.2500000000
44965  28.579  -35.024  34.427 0.2500000000
44966  28.066  -35.715  34.241 0.2500000000
126912  3.627  -45.395  53.139 0.5000000000
111102  13.639  -37.418  55.598 0.2500000000
42867  13.163  -37.859  55.067 0.2500000000
120144  12.597  -38.465  55.187 0.2500000000
41106  12.261  -39.126  54.993 0.2500000000
42873  14.070  -37.170  54.949 0.2500000000
41999  12.741  -38.452  54.516 0.2500000000
40270  11.866  -39.878  53.838 0.2500000000
40282  11.541  -40.252  54.076 0.2500000000
123068  13.376  -37.692  54.523 0.2500000000
41121  12.267  -39.373  53.411 0.2500000000
39444  11.482  -40.650  52.846 0.2500000000
38665  11.060  -41.300  52.103 0.2500000000
42882  13.920  -37.189  54.161 0.2500000000
42883  13.631  -37.292  53.396 0.2500000000
42013  12.990  -38.006  53.128 0.2500000000
127535  12.279  -39.288  52.730 0.2500000000
38684  10.501  -41.965  51.343 0.5000000000
43805  14.336  -36.411  53.581 0.2500000000
42888  13.347  -37.350  52.625 0.2500000000
37857  8.826  -42.391  49.684 0.5000000000
43822  13.641  -36.617  52.231 0.3750000000
37856  9.549  -42.142  49.991 0.5000000000
43830  13.365  -36.439  51.448 0.3750000000
43850  12.711  -35.948  49.824 0.3750000000
44794  13.306  -34.947  49.543 0.3750000000
43851  12.135  -36.184  49.017 0.3750000000
43079  18.200  -36.501  37.816 0.3750000000
121788  17.478  -36.204  38.171 0.2500000000
43077  19.216  -37.470  37.203 0.2500000000
42204  19.694  -38.248  37.520 0.1250000000
43059  19.154  -38.045  37.834 0.1250000000
42225  20.582  -38.113  36.229 0.1250000000
42224  21.399  -38.460  36.080 0.2500000000
42239  23.437  -38.343  34.966 0.2500000000
107212  23.135  -38.784  35.798 0.2500000000
42237  25.221  -37.962  34.467 0.1250000000
42238  24.416  -38.318  34.876 0.2500000000
44059  26.587  -36.491  33.923 0.3750000000
43117  25.862  -37.624  34.299 0.2500000000
44058  27.376  -36.276  34.083 0.2500000000
45737  28.535  -34.368  34.603 0.5000000000
46426  28.501  -33.594  34.798 0.3750000000
42856  12.433  -37.629  56.342 0.2500000000
41989  11.921  -38.273  56.055 0.2500000000
41107  11.811  -39.469  55.248 0.2500000000
42848  13.112  -37.087  56.683 0.2500000000
41995  12.126  -38.774  55.541 0.2500000000
39418  11.484  -40.257  54.523 0.2500000000
121144  11.231  -40.526  54.452 0.2500000000
41116  11.983  -39.727  54.853 0.2500000000
39433  11.254  -40.560  54.107 0.2500000000
118886  11.337  -40.685  53.610 0.2500000000
38648  11.099  -41.475  53.052 0.2500000000
37828  9.960  -42.826  51.646 0.5000000000
37829  9.035  -42.919  51.213 0.5000000000
43841  13.659  -35.562  51.108 0.3750000000
44779  13.547  -35.121  50.291 0.3750000000
122890  12.731  -35.208  48.987 0.3750000000
116538  25.773  -33.750  48.947 0.3750000000
43858  25.080  -34.424  48.027 0.3750000000
108571  25.887  -34.153  48.055 0.3750000000
42907  25.443  -34.549  47.063 0.6250000000
113883  17.609  -35.505  38.204 0.3750000000
45709  17.221  -34.929  38.508 0.5000000000
42242  20.676  -37.467  35.703 0.2500000000
43100  20.259  -37.478  36.207 0.1250000000
43118  22.037  -37.400  34.848 0.2500000000
42241  20.989  -37.975  35.555 0.2500000000
43137  25.274  -37.208  34.041 0.3750000000
42250  24.523  -37.592  34.231 0.3750000000
44959  27.316  -35.169  34.927 0.7500000000
44960  26.788  -35.611  34.564 0.5000000000
44060  25.755  -36.556  33.915 0.2500000000
43136  26.205  -37.086  33.967 0.2500000000
45738  28.008  -34.938  34.524 0.5000000000
47153  28.102  -32.714  34.999 0.2500000000
41103  11.536  -38.933  55.638 0.2500000000
41108  11.294  -39.713  55.305 0.2500000000
40262  11.294  -40.288  54.875 0.2500000000
44778  14.531  -34.306  50.336 0.3750000000
109931  24.229  -34.523  48.258 0.3750000000
44769  26.293  -32.970  49.861 0.3750000000
45587  27.542  -32.468  49.810 0.3750000000
43844  26.406  -33.771  47.984 0.3750000000
125475  26.250  -34.364  47.473 0.6250000000
44785  26.850  -32.869  48.596 0.3750000000
44784  27.499  -32.907  48.343 0.3750000000
42916  26.412  -34.475  46.699 0.6250000000
121440  25.972  -34.671  45.995 0.6250000000
43857  26.947  -33.483  47.738 0.3750000000
110067  26.784  -34.148  47.081 0.6250000000
44816  27.388  -33.870  46.700 0.3750000000
44815  27.777  -33.750  46.636 0.5000000000
44833  27.809  -33.921  45.845 0.5000000000
44844  27.323  -34.174  45.099 0.5000000000
44792  15.243  -33.935  49.874 0.3750000000
44793  14.142  -34.239  49.695 0.3750000000
44808  14.982  -33.781  49.131 0.3750000000
46328  28.675  -32.345  49.959 0.3750000000
45599  27.577  -32.588  49.177 0.3750000000
47046  29.805  -32.127  49.836 0.2500000000
46337  29.030  -32.581  49.471 0.2500000000
47055  30.072  -32.172  49.174 0.2500000000
45606  28.244  -33.063  48.170 0.2500000000
45607  27.947  -33.004  48.258 0.2500000000
46354  29.380  -32.675  48.707 0.2500000000
45614  27.782  -33.433  47.439 0.2500000000
45613  28.061  -33.460  47.358 0.3750000000
46368  28.187  -33.211  44.575 0.6250000000
47146  26.427  -32.491  35.680 0.5000000000
44807  16.099  -33.805  49.430 0.3750000000
46327  29.132  -32.272  50.007 0.2500000000
46338  28.622  -32.552  49.547 0.2500000000
47072  28.299  -31.953  45.571 0.3750000000
123088  19.725  -34.425  49.366 0.3750000000
44805  18.758  -34.148  48.508 0.3750000000
112541  17.838  -33.882  48.367 0.5000000000
44803  20.248  -34.253  48.852 0.3750000000
44804  19.562  -34.258  48.625 0.3750000000
44806  17.026  -33.723  48.960 0.5000000000
48704  28.063  -30.915  46.063 0.2500000000
47830  27.845  -31.376  45.532 0.2500000000
112011  23.475  -31.474  36.268 0.5000000000
48826  22.676  -30.633  35.746 0.5000000000
128393  22.507  -30.107  35.008 0.6250000000
51253  27.341  -26.787  42.875 0.2500000000
53011  32.936  -25.423  30.721 0.7500000000
60821  40.016  -16.554  20.937 0.1250000000
59967  39.180  -16.761  21.278 0.1250000000
60834  40.419  -16.045  20.417 0.1250000000
60835  39.534  -16.075  20.658 0.1250000000
60836  38.842  -16.046  20.792 0.2500000000
61685  41.144  -15.517  19.896 0.1250000000
60847  42.710  -15.967  19.775 0.1250000000
61684  41.923  -15.988  20.082 0.1250000000
111927  39.658  -14.755  20.359 0.2500000000
61687  39.012  -15.288  20.639 0.2500000000
61686  40.276  -15.205  20.008 0.2500000000
60846  43.705  -16.275  19.611 0.1250000000
61699  41.895  -15.387  19.626 0.1250000000
61698  43.237  -15.403  19.088 0.1250000000
62511  42.381  -14.928  19.271 0.1250000000
62500  39.162  -14.423  20.911 0.6250000000
61700  40.723  -14.698  19.837 0.1250000000
63346  41.481  -14.538  19.608 0.1250000000
62510  43.039  -14.292  18.969 0.1250000000
62517  44.233  -14.416  18.392 0.1250000000
63336  41.144  -13.064  20.801 0.2500000000
62499  40.205  -14.463  20.135 0.2500000000
62498  40.692  -13.872  20.200 0.2500000000
63345  42.258  -13.958  19.426 0.1250000000
108548  41.578  -13.490  19.933 0.2500000000
109489  44.608  -14.060  18.054 0.1250000000
64132  41.656  -12.482  21.439 0.5000000000
64145  41.944  -12.782  20.567 0.3750000000
63335  42.334  -13.120  19.776 0.3750000000
111562  42.810  -13.492  19.328 0.3750000000
63351  44.796  -13.350  17.881 0.1250000000
62518  43.678  -14.060  18.651 0.2500000000
62526  45.311  -14.206  17.708 0.1250000000
64905  43.318  -11.520  21.370 0.7500000000
64131  42.358  -12.289  21.188 0.5000000000
64914  43.596  -11.727  20.577 0.6250000000
64130  42.992  -12.035  20.886 0.5000000000
63343  43.637  -12.644  19.313 0.1250000000
63334  43.015  -12.860  19.614 0.3750000000
110601  44.170  -12.330  19.003 0.1250000000
63344  43.374  -13.398  19.026 0.3750000000
63352  44.099  -13.353  18.552 0.1250000000
35428  -0.447  -46.058  38.105 0.1250000000
35241  -1.598  -45.411  51.951 0.3750000000
36114  -3.018  -45.668  50.266 0.1250000000
30095  -3.393  -52.273  49.892 0.2500000000
37045  -3.245  -44.723  48.259 0.1250000000
37058  -3.066  -45.000  47.493 0.1250000000
33736  -3.813  -48.057  46.038 0.1250000000
38782  9.402  -41.691  43.656 0.5000000000
43983  16.980  -36.615  38.730 0.2500000000
44931  16.895  -35.443  38.412 0.3750000000
43845  25.332  -34.148  48.915 0.3750000000
45708  18.033  -34.853  38.633 0.6250000000
43870  27.070  -34.078  46.063 0.5000000000
44834  27.340  -34.045  45.842 0.6250000000
51252  28.447  -26.441  42.351 0.1250000000
63337  39.869  -14.045  20.611 0.3750000000
30976  -2.971  -51.742  50.527 0.2500000000
107844  -4.646  -49.174  47.223 0.1250000000
123221  -2.595  -45.459  46.220 0.1250000000
32835  -4.156  -49.525  46.683 0.1250000000
44943  18.128  -35.992  37.842 0.3750000000
109302  21.630  -38.099  35.296 0.2500000000
120091  24.516  -37.091  34.028 0.2500000000
42252  22.949  -37.695  34.550 0.2500000000
44967  26.875  -35.969  33.980 0.3750000000
39495  10.641  -40.446  49.057 0.5000000000
43078  18.602  -36.921  37.485 0.3750000000
42251  23.769  -37.795  34.405 0.2500000000
28362  -0.085  -53.337  44.721 0.1250000000
28350  -1.593  -53.469  46.751 0.1250000000
28341  -1.945  -53.787  47.426 0.1250000000
28329  -2.843  -53.810  48.120 0.1250000000
28328  -2.255  -54.080  47.953 0.1250000000
30107  -3.385  -52.325  47.062 0.1250000000
112029  -3.414  -52.805  47.496 0.1250000000
30119  -2.648  -52.258  46.608 0.1250000000
31928  -3.803  -51.005  46.723 0.1250000000
31015  -1.906  -51.367  45.954 0.1250000000
29212  -3.375  -53.485  49.366 0.2500000000
109515  -4.638  -51.708  48.549 0.1250000000
30108  -3.967  -52.375  47.545 0.1250000000
117357  -4.284  -51.099  47.193 0.1250000000
31941  -3.686  -50.235  46.490 0.1250000000
32846  -2.233  -49.670  45.960 0.1250000000
29208  -3.065  -53.463  49.879 0.2500000000
29205  -2.760  -53.263  50.442 0.1250000000
28280  -1.894  -54.444  50.594 0.1250000000
29209  -3.482  -52.876  49.598 0.2500000000
30101  -4.309  -52.153  48.931 0.2500000000
31921  -4.690  -50.692  47.622 0.1250000000
33747  -1.195  -48.236  45.163 0.1250000000
33749  -2.570  -47.758  45.486 0.1250000000
35365  -1.551  -46.335  45.035 0.1250000000
33815  -0.022  -48.771  39.065 0.1250000000
32919  0.133  -49.377  39.162 0.1250000000
34604  -0.036  -48.009  38.944 0.1250000000
37084  -2.060  -45.263  46.034 0.1250000000
37911  -2.221  -45.142  46.571 0.1250000000
37898  -2.365  -44.910  47.170 0.1250000000
38767  -1.358  -44.378  46.628 0.1250000000
121404  -1.579  -44.323  47.046 0.1250000000
37940  -1.139  -45.065  45.377 0.1250000000
125120  -0.200  -45.374  44.131 0.1250000000
108985  -3.182  -44.715  49.800 0.2500000000
37034  -3.473  -45.256  49.862 0.1250000000
37871  -2.371  -44.157  48.498 0.1250000000
37885  -2.093  -44.195  47.936 0.1250000000
37872  -2.773  -44.380  48.558 0.1250000000
37860  -2.868  -44.259  49.662 0.1250000000
38757  -1.196  -43.995  46.899 0.1250000000
38747  -1.623  -43.988  47.538 0.1250000000
37939  -0.633  -44.786  44.843 0.1250000000
38777  -0.588  -43.985  45.603 0.1250000000
36113  -2.520  -45.255  50.718 0.3750000000
37014  -2.487  -44.720  50.752 0.2500000000
37023  -3.014  -44.885  50.205 0.2500000000
109582  -2.235  -43.911  49.069 0.1250000000
37859  -2.405  -43.842  49.814 0.1250000000
38719  -1.858  -43.510  49.334 0.1250000000
106518  -0.288  -43.471  45.636 0.1250000000
38745  -0.362  -42.984  47.388 0.1250000000
119844  -1.369  -43.327  48.700 0.1250000000
109316  -0.804  -42.944  48.798 0.1250000000
36090  -1.621  -44.781  52.082 0.3750000000
36995  -1.779  -44.421  51.935 0.3750000000
37013  -2.046  -44.324  51.505 0.3750000000
37832  -2.008  -43.818  51.487 0.1250000000
38706  -1.285  -42.930  50.680 0.1250000000
110409  -0.387  -42.735  50.317 0.1250000000
38731  -0.247  -42.799  48.345 0.1250000000
106929  0.427  -42.599  50.162 0.1250000000
39527  0.531  -42.372  46.157 0.1250000000
38729  1.475  -42.261  48.991 0.1250000000
38730  0.595  -42.524  48.708 0.1250000000
116103  11.759  -37.630  49.295 0.5000000000
39513  1.084  -41.952  46.649 0.1250000000
39553  1.031  -42.359  44.686 0.1250000000
106700  1.637  -43.427  43.242 0.1250000000
113202  2.882  -43.760  41.759 0.1250000000
35229  -0.948  -45.392  53.176 0.5000000000
35228  -0.599  -45.682  53.641 0.5000000000
112456  -1.477  -44.304  52.374 0.3750000000
37817  -1.178  -43.632  52.881 0.2500000000
37808  -1.261  -44.025  52.865 0.3750000000
121485  11.985  -37.849  50.028 0.3750000000
38687  1.194  -42.559  51.669 0.1250000000
35218  0.730  -45.510  54.750 0.3750000000
35220  -0.358  -45.394  54.267 0.5000000000
121136  1.906  -45.649  53.769 0.5000000000
36077  -0.749  -44.563  53.830 0.3750000000
37800  -0.960  -43.988  53.322 0.2500000000
116265  12.414  -38.803  52.028 0.2500000000
109927  11.443  -40.112  51.058 0.2500000000
112890  0.575  -42.612  53.201 0.1250000000
38669  1.088  -42.549  52.710 0.1250000000
42025  12.350  -37.611  50.596 0.2500000000
124111  22.473  -39.276  37.529 0.2500000000
41375  25.165  -39.083  36.684 0.1250000000
125147  23.695  -39.136  36.441 0.2500000000
35224  2.548  -45.332  54.136 0.5000000000
35217  1.398  -45.318  54.847 0.3750000000
42005  12.642  -38.683  53.684 0.2500000000
40295  11.820  -39.932  52.650 0.2500000000
127139  27.935  -36.261  34.200 0.2500000000
125112  13.246  -37.478  56.142 0.2500000000
41988  12.740  -38.023  55.740 0.2500000000
41115  12.215  -39.399  54.275 0.2500000000
40271  11.759  -39.986  54.471 0.2500000000
119758  11.689  -40.168  53.439 0.2500000000
42874  13.180  -37.877  53.907 0.2500000000
40294  12.032  -39.711  53.098 0.2500000000
38666  10.599  -42.229  52.337 0.3750000000
37841  9.735  -42.467  50.765 0.5000000000
43806  13.878  -36.773  52.900 0.2500000000
43842  13.075  -36.206  50.671 0.3750000000
43076  19.910  -37.825  36.729 0.1250000000
42240  22.509  -38.249  35.080 0.2500000000
111145  27.412  -35.640  34.241 0.5000000000
43752  12.725  -36.382  56.952 0.2500000000
40261  11.666  -40.005  54.935 0.2500000000
39424  10.923  -40.970  53.891 0.2500000000
39434  10.949  -41.168  53.665 0.2500000000
44768  26.852  -32.587  49.482 0.3750000000
43835  25.775  -33.467  49.782 0.3750000000
45598  28.117  -32.733  49.037 0.2500000000
44801  27.433  -33.462  47.558 0.3750000000
46346  28.818  -32.800  48.845 0.2500000000
45597  28.460  -32.780  48.936 0.2500000000
126292  28.306  -33.230  47.856 0.2500000000
46355  28.553  -33.333  47.365 0.2500000000
115144  39.767  -15.512  20.337 0.1250000000
61712  43.751  -14.896  18.665 0.1250000000
64144  42.648  -12.524  20.342 0.3750000000
64143  43.294  -12.263  20.074 0.5000000000
36069  0.281  -44.564  55.513 0.2500000000
36070  -0.120  -44.559  55.025 0.2500000000
35219  0.155  -45.539  54.598 0.2500000000
36076  -0.466  -44.834  54.431 0.2500000000
36062  1.188  -44.399  56.115 0.2500000000
36966  0.459  -44.043  55.944 0.2500000000
36976  -0.701  -44.050  53.823 0.2500000000
36074  2.889  -44.616  55.441 0.2500000000
35213  1.903  -44.813  55.466 0.2500000000
36068  0.608  -45.043  55.362 0.2500000000
35223  3.475  -44.997  54.311 0.2500000000
42000  10.436  -38.126  55.145 0.1250000000
41117  9.409  -39.763  54.445 0.1250000000
40266  7.529  -40.720  54.809 0.1250000000
40258  7.134  -41.223  55.535 0.1250000000
113022  6.513  -42.034  56.278 0.1250000000
43753  11.787  -36.323  56.676 0.1250000000
43759  11.329  -36.992  56.501 0.1250000000
43760  10.927  -36.885  56.328 0.1250000000
126128  10.715  -38.240  55.746 0.1250000000
41996  10.619  -38.922  55.372 0.1250000000
40272  9.735  -40.158  54.699 0.1250000000
39421  8.314  -41.174  54.178 0.1250000000
38632  7.192  -42.553  55.235 0.1250000000
37790  5.924  -43.240  56.062 0.1250000000
37786  5.039  -43.346  56.436 0.1250000000
36957  4.298  -43.590  56.457 0.2500000000
36958  3.394  -43.691  56.737 0.2500000000
36960  1.908  -44.018  56.528 0.2500000000
37789  1.334  -43.471  56.460 0.2500000000
44690  12.326  -35.648  56.937 0.1250000000
42857  11.593  -37.660  56.371 0.1250000000
42858  11.083  -37.644  56.315 0.1250000000
41991  10.923  -38.298  55.984 0.1250000000
41109  10.780  -39.676  55.318 0.1250000000
106753  10.271  -39.989  54.970 0.1250000000
40264  9.464  -40.503  54.364 0.1250000000
115857  7.828  -41.717  54.328 0.1250000000
38631  7.491  -42.360  54.655 0.1250000000
108174  7.114  -42.910  55.015 0.1250000000
36969  5.442  -43.706  55.192 0.1250000000
36970  4.740  -43.885  55.561 0.2500000000
36064  3.673  -44.271  55.732 0.2500000000
36066  2.465  -44.480  55.984 0.2500000000
41104  11.076  -38.987  55.658 0.1250000000
40263  10.828  -40.211  55.087 0.1250000000
113813  10.274  -40.361  54.646 0.1250000000
39420  9.545  -40.669  54.156 0.1250000000
36968  7.175  -42.954  54.497 0.2500000000
127351  6.734  -43.230  54.422 0.2500000000
106293  6.772  -43.168  54.894 0.1250000000
36080  4.211  -44.648  54.491 0.3750000000
39419  10.587  -40.619  54.426 0.1250000000
36088  4.201  -45.048  52.970 0.3750000000
106959  4.423  -44.770  53.763 0.3750000000
45588  26.755  -32.707  50.125 0.2500000000
44753  26.060  -33.314  50.330 0.2500000000
42849  12.100  -37.032  56.646 0.1250000000
38630  8.626  -41.312  53.946 0.1250000000
36975  5.466  -43.961  54.435 0.3750000000
44689  13.474  -35.639  57.242 0.1250000000
126404  9.581  -41.057  53.950 0.1250000000
38637  9.009  -41.849  53.769 0.1250000000
37798  7.896  -42.443  53.885 0.2500000000
36973  7.037  -43.115  53.886 0.2500000000
36974  6.260  -43.676  53.804 0.2500000000
36078  5.488  -44.220  53.730 0.3750000000
38629  10.064  -41.262  53.879 0.1250000000
38636  9.648  -42.037  53.691 0.1250000000
37797  8.665  -42.508  53.634 0.2500000000
108146  7.800  -43.106  52.909 0.3750000000
36983  6.848  -43.342  53.162 0.3750000000
36087  5.030  -44.582  53.215 0.3750000000
44688  14.656  -35.293  57.167 0.1250000000
106579  14.573  -35.889  57.025 0.1250000000
43751  13.875  -36.462  56.952 0.1250000000
38635  10.443  -41.490  53.718 0.1250000000
37805  9.345  -42.770  53.306 0.3750000000
37806  8.480  -43.055  53.172 0.3750000000
36993  8.091  -43.192  52.418 0.3750000000
36098  6.694  -43.545  52.446 0.3750000000
108246  5.478  -44.493  52.374 0.3750000000
49519  29.987  -29.932  51.763 0.1250000000
48632  29.314  -30.400  51.580 0.1250000000
124144  14.126  -36.926  56.194 0.1250000000
37816  8.907  -43.203  52.616 0.3750000000
36110  6.522  -43.832  51.644 0.3750000000
49518  30.473  -29.228  51.903 0.1250000000
48648  29.873  -30.463  51.430 0.1250000000
47778  28.635  -30.887  51.269 0.1250000000
43750  15.411  -35.511  56.429 0.1250000000
42866  14.395  -36.835  55.526 0.1250000000
49517  31.103  -29.152  51.643 0.1250000000
126731  30.281  -30.207  51.590 0.1250000000
47030  29.674  -30.958  50.877 0.1250000000
47787  29.228  -30.792  51.079 0.1250000000
47023  28.086  -31.602  50.952 0.1250000000
46309  27.553  -32.265  50.753 0.1250000000
106697  15.043  -36.190  55.694 0.1250000000
127159  29.324  -31.418  50.537 0.1250000000
47031  29.012  -31.413  50.589 0.1250000000
47032  28.337  -31.820  50.543 0.2500000000
43771  14.957  -36.283  55.099 0.1250000000
117253  29.079  -31.908  50.325 0.1250000000
46318  28.587  -32.086  50.236 0.2500000000
46320  27.027  -32.735  50.677 0.2500000000
45562  26.287  -33.399  51.084 0.1250000000
44754  25.813  -33.736  50.829 0.1250000000
43786  14.674  -36.398  54.456 0.1250000000
45573  28.120  -32.412  49.995 0.2500000000
122894  24.495  -34.517  51.432 0.1250000000
44756  24.132  -34.550  51.223 0.1250000000
43821  14.224  -36.037  52.702 0.1250000000
44770  25.351  -33.887  50.426 0.2500000000
43826  24.433  -34.398  50.398 0.2500000000
43846  24.947  -34.366  48.882 0.2500000000
106920  24.402  -34.463  49.638 0.2500000000
128385  24.159  -34.517  50.256 0.2500000000
43859  24.593  -34.483  48.631 0.2500000000
110055  24.049  -34.600  49.219 0.2500000000
36994  7.241  -43.187  52.759 0.3750000000
45530  15.445  -34.442  56.827 0.1250000000
36097  7.254  -43.203  52.166 0.3750000000
44687  15.555  -35.026  56.597 0.1250000000
125442  9.223  -43.164  51.960 0.3750000000
106301  7.651  -43.133  51.677 0.3750000000
117954  7.017  -43.361  51.452 0.3750000000
49530  31.449  -29.292  50.792 0.1250000000
48633  28.645  -30.498  51.701 0.1250000000
44696  15.900  -35.021  55.817 0.1250000000
37830  8.434  -42.874  50.995 0.3750000000
37011  7.315  -43.146  50.795 0.3750000000
37012  6.693  -43.719  50.848 0.3750000000
108967  31.266  -30.136  50.319 0.1250000000
48663  30.939  -30.651  50.922 0.1250000000
48647  30.451  -30.503  51.297 0.1250000000
48634  27.742  -30.844  51.854 0.1250000000
47779  27.883  -31.362  51.402 0.1250000000
43757  15.657  -35.474  55.746 0.1250000000
43770  15.746  -35.369  55.109 0.1250000000
37842  8.908  -42.627  50.470 0.3750000000
48675  30.826  -30.556  49.507 0.1250000000
47794  30.286  -31.027  50.767 0.1250000000
47040  29.597  -31.564  50.418 0.1250000000
47017  25.902  -32.545  52.598 0.1250000000
47025  26.518  -32.913  51.897 0.1250000000
46310  26.792  -32.924  51.223 0.1250000000
43785  15.471  -35.582  54.562 0.1250000000
37843  8.109  -42.730  50.328 0.3750000000
47811  30.355  -31.288  48.946 0.1250000000
47803  30.394  -31.420  49.696 0.1250000000
47039  30.199  -31.437  50.271 0.1250000000
45563  25.518  -33.998  51.468 0.1250000000
45564  24.675  -34.480  51.946 0.1250000000
43804  15.203  -35.625  53.967 0.1250000000
46302  25.569  -33.369  52.417 0.1250000000
45552  24.408  -34.374  52.756 0.1250000000
106876  23.189  -34.641  51.057 0.2500000000
43820  14.908  -35.438  53.203 0.2500000000
47060  29.948  -32.115  48.421 0.1250000000
44718  23.391  -34.734  52.741 0.2500000000
107265  22.611  -34.649  51.746 0.2500000000
43838  23.014  -34.619  50.429 0.2500000000
43829  13.948  -35.808  51.892 0.2500000000
46360  29.257  -32.748  47.927 0.1250000000
43815  22.485  -34.679  52.271 0.2500000000
107007  22.320  -34.598  51.309 0.2500000000
43848  22.702  -34.444  49.661 0.2500000000
45622  28.079  -33.739  46.511 0.3750000000
106521  21.691  -34.558  51.194 0.2500000000
45631  28.057  -33.829  45.623 0.3750000000
43840  21.774  -34.408  50.341 0.2500000000
44802  20.992  -34.162  49.133 0.2500000000
122034  15.900  -34.309  56.379 0.1250000000
44686  15.962  -34.695  56.060 0.1250000000
116380  31.113  -29.749  49.445 0.1250000000
106895  15.914  -34.937  55.205 0.1250000000
127490  30.753  -29.995  49.166 0.1250000000
47815  30.052  -31.144  48.081 0.1250000000
121735  16.222  -34.937  54.522 0.1250000000
47770  25.139  -32.087  53.257 0.1250000000
46294  24.239  -33.301  53.668 0.1250000000
47067  29.497  -31.935  47.525 0.1250000000
47068  28.936  -31.874  46.547 0.1250000000
46295  23.689  -33.510  54.063 0.1250000000
44744  14.612  -35.135  52.352 0.2500000000
113881  29.054  -32.745  46.888 0.1250000000
111582  28.646  -32.684  45.869 0.2500000000
45548  22.962  -34.427  53.851 0.1250000000
111583  28.318  -32.676  45.003 0.5000000000
121586  21.365  -34.755  52.477 0.1250000000
44772  20.993  -34.515  50.967 0.1250000000
44788  20.242  -34.435  49.723 0.2500000000
44695  16.194  -34.497  55.461 0.1250000000
126120  30.160  -29.801  48.525 0.1250000000
45528  16.954  -33.927  55.828 0.1250000000
43756  16.632  -34.424  55.080 0.1250000000
114412  30.371  -30.299  48.741 0.1250000000
48689  29.751  -30.184  48.012 0.1250000000
125926  17.308  -34.326  55.428 0.1250000000
43769  16.497  -34.676  54.784 0.1250000000
43803  16.210  -35.118  54.050 0.1250000000
44694  17.465  -34.630  55.102 0.1250000000
43784  16.842  -34.937  54.313 0.1250000000
44723  15.862  -35.098  53.477 0.1250000000
47822  29.447  -31.045  47.192 0.1250000000
47001  23.149  -32.363  55.064 0.1250000000
121283  17.717  -35.195  54.015 0.1250000000
44742  16.618  -34.775  52.948 0.1250000000
46290  22.639  -33.636  55.023 0.1250000000
44741  17.516  -34.574  52.423 0.2500000000
44760  16.568  -34.451  51.935 0.2500000000
44761  15.323  -34.557  51.743 0.2500000000
44762  14.315  -34.912  51.512 0.2500000000
110376  21.837  -34.698  53.327 0.1250000000
107046  17.141  -34.186  51.144 0.2500000000
44776  16.117  -34.266  50.941 0.2500000000
43816  21.112  -34.779  52.172 0.1250000000
44773  20.161  -34.482  50.647 0.1250000000
121929  17.867  -34.121  50.106 0.2500000000
114880  17.090  -33.934  49.775 0.2500000000
44791  16.205  -34.043  50.144 0.2500000000
44789  19.079  -34.381  49.365 0.1250000000
48690  29.432  -29.691  47.916 0.1250000000
116459  30.018  -29.442  48.376 0.1250000000
48697  29.033  -30.417  47.183 0.1250000000
48698  28.613  -30.377  46.875 0.1250000000
48703  28.392  -30.952  46.285 0.1250000000
47823  28.690  -31.200  46.374 0.1250000000
44701  19.048  -35.278  54.717 0.1250000000
127383  28.122  -31.454  45.755 0.1250000000
109524  21.102  -35.050  54.398 0.1250000000
43766  19.697  -35.457  54.183 0.1250000000
43802  18.673  -35.315  53.539 0.1250000000
44709  20.655  -35.296  53.982 0.1250000000
107089  19.864  -34.905  52.556 0.1250000000
122400  18.889  -34.667  52.308 0.1250000000
44759  17.732  -34.321  51.610 0.2500000000
112290  20.046  -34.668  52.012 0.1250000000
44757  19.726  -34.505  51.366 0.1250000000
107823  18.073  -34.228  50.791 0.2500000000
107824  18.673  -34.366  50.092 0.1250000000
48052  26.327  -31.552  31.320 0.1250000000
48053  25.646  -31.255  30.568 0.1250000000
48844  22.738  -30.313  34.253 0.5000000000
48889  25.672  -31.385  31.467 0.1250000000
48877  24.157  -31.111  32.302 0.2500000000
48878  23.380  -30.464  32.550 0.3750000000
48890  25.083  -31.193  31.170 0.1250000000
48892  23.736  -30.355  31.753 0.2500000000
49752  24.920  -29.960  29.879 0.2500000000
49753  24.384  -29.607  30.323 0.3750000000
50627  26.633  -28.857  28.187 0.2500000000
49780  25.938  -29.268  28.837 0.2500000000
49761  25.382  -29.647  29.397 0.2500000000
49734  22.833  -29.561  32.822 0.5000000000
49762  24.806  -29.150  29.778 0.5000000000
53891  30.313  -24.667  25.471 0.2500000000
53892  29.288  -24.613  25.659 0.3750000000
54756  30.655  -23.895  25.295 0.2500000000
106479  29.691  -23.876  25.462 0.2500000000
55600  36.518  -22.617  32.015 0.3750000000
53815  34.169  -24.433  30.888 0.6250000000
60677  40.299  -15.813  34.271 0.1250000000
58991  39.482  -18.643  35.745 0.1250000000
59820  40.082  -16.961  35.635 0.1250000000
117237  38.505  -20.403  34.094 0.1250000000
56503  38.060  -22.108  33.270 0.1250000000
57345  38.206  -21.191  33.604 0.1250000000
56504  37.465  -22.055  32.678 0.2500000000
55599  37.135  -22.874  32.382 0.2500000000
118117  37.639  -21.295  33.042 0.1250000000
125804  37.751  -20.748  33.241 0.1250000000
54673  36.586  -23.449  32.010 0.3750000000
61554  40.773  -15.156  33.729 0.1250000000
115099  35.940  -23.932  31.594 0.5000000000
53814  35.160  -24.401  31.265 0.5000000000
61553  41.302  -14.741  33.257 0.2500000000
62408  41.589  -14.408  32.089 0.2500000000
61568  41.045  -14.857  32.436 0.2500000000
112773  33.704  -25.091  31.017 0.6250000000
61577  40.791  -14.760  31.639 0.2500000000
58169  39.797  -19.591  35.950 0.1250000000
57313  39.075  -20.689  34.728 0.1250000000
56481  38.731  -22.242  33.924 0.1250000000
58186  39.351  -20.122  35.262 0.1250000000
55589  37.829  -22.894  32.940 0.1250000000
127636  37.136  -23.514  32.291 0.3750000000
53010  34.513  -25.191  31.312 0.5000000000
52255  32.419  -26.272  31.506 0.6250000000
52265  33.697  -25.772  31.393 0.6250000000
52266  32.650  -25.913  31.115 0.6250000000
62416  41.379  -14.161  31.078 0.2500000000
53800  36.550  -24.491  31.973 0.1250000000
52253  34.728  -25.915  31.736 0.3750000000
52254  34.059  -26.238  31.874 0.5000000000
54666  37.626  -23.645  32.587 0.1250000000
53801  35.914  -24.725  31.658 0.5000000000
112437  33.272  -26.269  31.731 0.6250000000
51447  32.282  -26.554  32.062 0.6250000000
53002  35.438  -25.348  31.617 0.5000000000
63266  42.152  -13.165  29.920 0.2500000000
57298  39.984  -21.565  35.668 0.1250000000
51446  33.019  -26.581  32.182 0.5000000000
51432  32.230  -26.750  32.787 0.3750000000
64053  41.531  -12.712  28.342 0.2500000000
64063  41.823  -11.986  27.727 0.2500000000
107415  32.214  -26.955  33.462 0.2500000000
125761  33.407  -26.808  32.580 0.3750000000
64891  43.678  -10.913  21.807 0.6250000000
128334  44.180  -10.605  21.494 0.5000000000
65681  44.443  -10.586  20.819 0.5000000000
64904  43.859  -11.123  21.035 0.5000000000
45529  16.267  -34.324  55.783 0.1250000000
46276  16.222  -33.844  56.329 0.1250000000
35247  4.344  -45.432  52.235 0.3750000000
48902  24.796  -30.570  30.504 0.2500000000
53070  28.972  -25.460  25.893 0.2500000000
58187  38.774  -19.744  34.663 0.1250000000
121230  39.678  -17.830  35.795 0.1250000000
46364  28.374  -33.313  45.311 0.5000000000
36075  -0.046  -45.050  54.977 0.2500000000
35216  2.203  -45.049  54.856 0.2500000000
35235  3.878  -45.059  53.740 0.3750000000
37815  10.400  -42.179  53.300 0.1250000000
119981  9.844  -42.921  52.597 0.3750000000
123621  14.092  -34.765  50.841 0.2500000000
41990  11.282  -38.305  56.071 0.1250000000
118709  14.954  -34.389  50.956 0.2500000000
44777  15.441  -34.143  50.424 0.2500000000
46319  27.850  -32.294  50.312 0.2500000000
46361  28.493  -33.380  46.242 0.3750000000
44790  18.087  -34.098  49.322 0.2500000000
43836  25.250  -33.897  49.689 0.2500000000
36063  0.790  -44.499  55.900 0.2500000000
36962  1.000  -44.045  56.324 0.2500000000
36067  1.188  -44.761  55.698 0.2500000000
36065  3.179  -44.304  56.055 0.2500000000
35215  2.980  -44.889  54.781 0.2500000000
35214  1.218  -45.047  55.365 0.2500000000
121399  1.828  -44.623  55.830 0.2500000000
36073  3.620  -44.598  55.043 0.2500000000
125364  10.245  -38.712  54.839 0.1250000000
40273  8.913  -40.275  54.363 0.1250000000
110701  7.679  -41.489  54.786 0.1250000000
111087  6.696  -41.492  56.095 0.1250000000
39415  7.166  -42.010  55.538 0.1250000000
38624  6.836  -42.529  55.789 0.1250000000
38625  6.249  -42.654  56.235 0.1250000000
43754  11.139  -36.265  56.488 0.1250000000
42868  10.750  -37.598  55.955 0.1250000000
41110  10.206  -39.725  54.964 0.1250000000
39422  7.526  -41.868  54.829 0.1250000000
37795  6.690  -42.980  55.626 0.1250000000
122607  6.270  -43.300  55.403 0.1250000000
36963  5.384  -43.562  55.834 0.1250000000
127052  4.705  -43.676  56.060 0.2500000000
36965  3.674  -43.909  56.359 0.2500000000
36964  4.176  -43.923  55.921 0.2500000000
36954  2.979  -43.655  56.809 0.2500000000
36059  2.939  -44.073  56.491 0.2500000000
36060  2.183  -44.279  56.296 0.2500000000
36956  1.883  -43.549  56.612 0.2500000000
37794  7.471  -42.574  54.379 0.1250000000
107658  6.173  -43.480  54.740 0.2500000000
36072  4.195  -44.274  55.306 0.2500000000
36071  4.775  -44.194  54.882 0.3750000000
36972  7.474  -42.872  53.845 0.2500000000
36079  4.877  -44.435  54.125 0.3750000000
45575  26.519  -33.059  50.575 0.2500000000
37793  7.986  -42.016  54.080 0.1250000000
125617  8.318  -42.172  53.866 0.1250000000
36982  7.450  -43.051  53.367 0.3750000000
36981  7.978  -42.828  53.523 0.3750000000
127020  6.351  -43.817  52.933 0.3750000000
36086  5.820  -44.235  53.060 0.3750000000
43758  14.941  -36.137  56.372 0.1250000000
121267  6.092  -44.119  52.321 0.3750000000
37009  8.431  -43.141  51.730 0.3750000000
47788  28.683  -31.228  50.836 0.1250000000
48646  31.114  -30.038  51.253 0.1250000000
46311  26.018  -33.531  51.721 0.1250000000
44755  24.738  -34.334  50.829 0.2500000000
43827  23.875  -34.549  50.827 0.2500000000
44737  23.854  -34.715  52.013 0.2500000000
44771  24.878  -34.121  50.219 0.2500000000
43837  23.776  -34.600  50.162 0.2500000000
106269  24.834  -34.219  49.659 0.2500000000
43847  23.466  -34.594  49.647 0.2500000000
37010  7.970  -42.996  51.147 0.3750000000
48662  30.784  -30.955  50.314 0.1250000000
47780  26.889  -31.791  51.961 0.1250000000
47024  27.291  -32.174  51.291 0.1250000000
47018  24.994  -33.025  53.153 0.1250000000
46312  25.153  -33.982  52.206 0.1250000000
46303  24.768  -33.776  53.007 0.1250000000
45565  23.985  -34.676  52.526 0.1250000000
45553  23.726  -34.585  53.146 0.1250000000
46304  24.059  -34.049  53.494 0.1250000000
44719  22.858  -34.699  52.903 0.1250000000
44738  23.041  -34.726  52.453 0.2500000000
43839  22.339  -34.501  50.629 0.2500000000
121846  21.872  -34.695  52.089 0.1250000000
119420  21.578  -34.662  51.775 0.2500000000
44787  20.968  -34.393  50.045 0.2500000000
126086  16.631  -34.748  54.511 0.1250000000
47009  24.397  -32.467  53.783 0.1250000000
47010  23.807  -32.676  54.262 0.1250000000
47011  23.385  -32.918  54.564 0.1250000000
45547  23.490  -34.235  53.772 0.1250000000
46296  23.285  -33.781  54.314 0.1250000000
44707  22.494  -34.621  53.232 0.1250000000
44708  22.332  -34.562  53.861 0.1250000000
43798  22.432  -34.651  52.747 0.1250000000
106359  21.050  -34.684  51.743 0.1250000000
44720  22.045  -34.627  52.939 0.1250000000
106686  20.833  -34.939  52.753 0.1250000000
44774  19.511  -34.489  50.116 0.1250000000
45539  16.729  -34.300  55.361 0.1250000000
46275  16.966  -33.463  56.262 0.1250000000
46286  17.553  -33.991  55.834 0.1250000000
45538  18.198  -34.519  55.501 0.1250000000
43768  17.235  -34.727  54.769 0.1250000000
118677  17.088  -34.861  54.491 0.1250000000
44722  16.672  -34.973  53.560 0.1250000000
44693  18.462  -35.014  55.034 0.1250000000
123406  17.169  -35.043  53.767 0.1250000000
115447  23.107  -30.980  55.032 0.1250000000
46289  23.049  -33.261  54.780 0.1250000000
44721  17.403  -34.874  53.171 0.2500000000
112291  17.937  -35.041  53.232 0.2500000000
43783  18.403  -35.398  53.973 0.1250000000
106612  17.813  -35.158  54.469 0.1250000000
44743  15.610  -34.834  52.669 0.2500000000
45542  22.851  -34.098  54.467 0.1250000000
124784  21.828  -34.723  54.128 0.1250000000
47002  22.802  -32.718  55.249 0.1250000000
44740  18.368  -34.492  52.024 0.2500000000
43819  18.245  -34.792  52.705 0.2500000000
44699  21.464  -34.897  53.783 0.1250000000
43780  21.103  -35.020  53.331 0.1250000000
43800  21.468  -34.758  52.852 0.1250000000
44758  18.513  -34.353  51.365 0.2500000000
107822  17.101  -34.077  50.492 0.2500000000
43828  20.403  -34.596  51.563 0.1250000000
43817  20.511  -34.807  52.261 0.1250000000
127323  19.621  -34.458  50.728 0.1250000000
44692  19.510  -35.101  55.019 0.1250000000
43767  18.790  -35.407  54.282 0.1250000000
44702  18.049  -35.073  54.763 0.1250000000
45537  19.116  -34.684  55.459 0.1250000000
45544  21.535  -34.666  54.789 0.1250000000
45545  20.577  -34.949  54.961 0.1250000000
44700  20.086  -35.277  54.585 0.1250000000
43782  19.251  -35.454  53.748 0.1250000000
43801  19.574  -35.244  53.161 0.1250000000
43781  20.210  -35.283  53.439 0.1250000000
121847  20.218  -35.038  52.818 0.1250000000
44739  19.500  -34.672  52.152 0.1250000000
112289  19.054  -34.472  51.662 0.1250000000
44775  19.074  -34.424  50.838 0.2500000000
48917  25.533  -30.579  29.729 0.1250000000
48891  24.407  -30.899  31.407 0.1250000000
48876  25.163  -31.295  32.084 0.1250000000
56469  38.904  -21.442  34.311 0.1250000000
127043  16.446  -33.299  56.492 0.1250000000
46431  28.930  -34.106  34.610 0.3750000000
111899  44.186  -10.185  23.074 0.5000000000
65667  44.214  -10.392  22.220 0.5000000000
64913  44.171  -11.299  20.265 0.2500000000
65691  45.077  -9.974  20.712 0.3750000000
65680  44.797  -10.030  21.642 0.3750000000
36967  0.074  -44.079  55.377 0.1250000000
37792  0.015  -43.587  55.044 0.1250000000
36961  1.489  -43.763  56.509 0.1250000000
36955  2.468  -43.596  56.725 0.1250000000
37791  0.354  -43.509  55.677 0.1250000000
117558  0.330  -43.159  55.429 0.1250000000
38628  -0.035  -43.214  54.709 0.1250000000
37784  1.756  -42.880  56.643 0.1250000000
38634  0.066  -42.964  55.041 0.1250000000
37799  -0.526  -43.615  53.879 0.1250000000
38653  -0.701  -43.277  53.685 0.1250000000
127468  0.909  -42.706  56.122 0.1250000000
126030  0.621  -42.805  55.661 0.1250000000
37788  3.865  -43.446  56.862 0.1250000000
39572  10.164  -41.767  41.870 0.1250000000
127220  10.332  -42.449  41.568 0.2500000000
43114  28.217  -37.128  35.034 0.1250000000
43075  27.915  -37.856  36.652 0.1250000000
42235  26.916  -37.957  35.422 0.1250000000
44964  29.192  -35.098  34.597 0.1250000000
44958  29.779  -35.112  35.177 0.1250000000
47965  25.156  -32.191  36.209 0.3750000000
47989  24.551  -31.915  35.728 0.3750000000
48824  25.300  -31.628  34.787 0.1250000000
48825  23.809  -31.529  35.082 0.3750000000
107944  26.354  -31.195  34.542 0.1250000000
48842  24.801  -31.424  34.275 0.3750000000
48841  25.939  -31.067  34.279 0.1250000000
109128  22.952  -30.885  34.822 0.3750000000
108255  25.447  -31.139  33.736 0.1250000000
48843  23.606  -31.159  34.095 0.3750000000
48860  23.856  -31.160  33.170 0.3750000000
48861  23.019  -30.492  33.400 0.3750000000
122702  25.968  -30.091  29.148 0.1250000000
48935  26.793  -29.968  28.694 0.1250000000
116776  30.845  -27.295  40.753 0.1250000000
51295  30.036  -27.231  40.588 0.1250000000
51293  32.477  -27.412  40.297 0.1250000000
51292  33.172  -27.305  40.029 0.1250000000
51339  33.697  -27.518  38.497 0.1250000000
119911  33.088  -28.095  38.119 0.1250000000
51368  32.658  -28.239  36.736 0.1250000000
51416  31.731  -26.875  33.803 0.2500000000
121125  32.381  -27.515  34.119 0.1250000000
51445  33.827  -26.658  32.303 0.2500000000
108981  34.899  -18.391  22.300 0.1250000000
64933  47.187  -11.701  15.861 0.1250000000
65705  46.939  -10.835  16.015 0.1250000000
65710  47.444  -10.906  15.513 0.1250000000
65709  47.989  -10.904  14.952 0.1250000000
64920  44.895  -11.027  18.962 0.1250000000
64912  44.817  -10.639  19.910 0.1250000000
65702  45.656  -10.721  17.855 0.1250000000
64150  44.404  -11.537  19.430 0.1250000000
65700  46.594  -10.190  16.617 0.1250000000
66456  47.110  -9.417  16.449 0.1250000000
66459  47.204  -10.096  15.914 0.1250000000
118283  47.752  -10.112  15.293 0.1250000000
128081  48.219  -10.206  14.772 0.1250000000
66462  48.247  -9.480  15.055 0.1250000000
125205  45.644  -9.486  20.650 0.2500000000
66449  46.955  -8.604  18.898 0.1250000000
65693  45.945  -9.575  19.418 0.1250000000
115491  47.065  -8.667  18.092 0.1250000000
66450  46.508  -9.252  18.223 0.1250000000
65697  45.387  -10.667  18.559 0.1250000000
66452  46.816  -9.129  17.291 0.1250000000
65712  48.756  -9.832  14.231 0.1250000000
66416  45.523  -9.462  21.365 0.1250000000
66405  45.435  -9.406  22.272 0.1250000000
67173  47.715  -7.972  19.228 0.1250000000
66442  46.553  -8.934  19.624 0.1250000000
67200  47.530  -8.638  16.744 0.1250000000
67199  48.211  -8.203  16.288 0.1250000000
66455  47.709  -9.186  15.830 0.1250000000
67203  48.416  -8.619  15.461 0.1250000000
67206  48.681  -8.944  14.789 0.1250000000
66404  46.114  -8.927  21.915 0.1250000000
65654  44.713  -9.731  23.398 0.3750000000
66430  46.831  -8.603  20.531 0.1250000000
65666  44.775  -9.827  22.641 0.2500000000
67174  47.243  -8.356  19.768 0.1250000000
66415  46.140  -8.999  21.021 0.1250000000
66431  46.096  -9.240  20.199 0.1250000000
111607  49.518  -6.739  17.193 0.1250000000
67185  48.314  -7.647  18.033 0.1250000000
67195  48.212  -7.873  17.174 0.1250000000
67196  47.577  -8.334  17.626 0.1250000000
68000  49.848  -6.497  15.863 0.1250000000
68001  49.341  -7.306  15.458 0.1250000000
67991  48.850  -7.420  16.758 0.1250000000
68010  49.722  -6.881  14.807 0.1250000000
67198  48.826  -7.734  15.887 0.1250000000
108696  47.812  -7.857  19.865 0.1250000000
119871  48.374  -7.516  18.824 0.1250000000
67971  50.004  -6.194  17.453 0.1250000000
67957  49.038  -6.999  18.448 0.1250000000
67989  49.972  -6.309  16.761 0.1250000000
67990  49.406  -6.975  16.337 0.1250000000
68763  50.431  -5.860  16.347 0.1250000000
67972  49.699  -6.463  18.034 0.1250000000
67973  48.962  -7.158  17.631 0.1250000000
68745  50.435  -5.791  17.203 0.1250000000
68775  50.266  -5.999  15.382 0.1250000000
51294  31.602  -27.342  40.507 0.1250000000
39571  10.793  -41.339  41.328 0.2500000000
38641  -0.367  -43.267  54.175 0.1250000000
43115  27.409  -37.384  34.728 0.1250000000
44056  28.758  -35.596  34.460 0.1250000000
36971  -0.347  -44.194  54.548 0.1250000000
37796  -0.299  -43.703  54.342 0.1250000000
123290  0.756  -43.374  56.145 0.1250000000
38623  0.610  -43.163  56.114 0.1250000000
43098  28.448  -37.384  36.134 0.1250000000
43099  27.709  -37.667  35.725 0.1250000000
42218  27.252  -38.198  36.476 0.1250000000
44026  28.928  -36.720  35.523 0.1250000000
44038  29.354  -35.877  35.040 0.1250000000
47988  25.374  -31.987  35.369 0.2500000000
109140  24.501  -31.312  33.691 0.3750000000
51273  30.364  -27.220  41.493 0.1250000000
65694  45.411  -10.293  19.240 0.1250000000
65696  45.872  -9.942  18.537 0.1250000000
66453  46.175  -9.983  17.575 0.1250000000
110231  45.474  -9.840  20.004 0.1250000000
110116  46.361  -9.264  18.946 0.1250000000
67186  47.658  -8.114  18.451 0.1250000000
67149  46.835  -8.482  21.542 0.1250000000
68784  50.127  -6.215  14.386 0.1250000000
31919  0.717  -50.415  47.432 0.2500000000
32824  1.026  -49.738  46.911 0.2500000000
35361  6.837  -45.751  43.580 0.1250000000
47964  25.864  -32.214  35.537 0.2500000000
47152  28.901  -32.933  35.100 0.1250000000
51431  32.993  -26.919  32.846 0.1250000000
53069  29.766  -26.251  26.044 0.1250000000
121669  30.546  -25.992  25.875 0.1250000000
53086  29.966  -25.419  25.695 0.1250000000
62394  41.814  -14.408  32.931 0.1250000000
108510  42.132  -13.602  30.806 0.1250000000
64044  42.668  -12.500  29.759 0.1250000000
64052  42.090  -12.632  29.099 0.1250000000
35345  6.165  -46.296  43.988 0.1250000000
45736  28.930  -34.575  34.501 0.1250000000
46425  29.273  -33.691  34.956 0.1250000000
47154  27.374  -32.428  35.246 0.2500000000
38794  9.803  -42.679  41.869 0.1250000000
123897  -1.380  -51.762  52.111 0.1250000000
30969  -1.986  -51.948  51.795 0.1250000000
30970  -2.600  -51.948  51.115 0.1250000000
106909  -1.842  -51.602  51.236 0.1250000000
109885  -1.774  -51.494  50.208 0.1250000000
125061  -0.318  -51.606  49.274 0.1250000000
30992  -1.561  -51.244  49.387 0.1250000000
30990  0.363  -51.681  49.216 0.1250000000
31001  -0.832  -51.334  48.959 0.1250000000
31000  -0.114  -51.413  48.583 0.1250000000
31909  0.225  -51.033  47.889 0.1250000000
31920  -0.027  -50.356  47.768 0.1250000000
32818  -0.635  -49.940  48.225 0.1250000000
31908  1.105  -50.976  47.758 0.1250000000
31918  1.583  -50.369  47.016 0.1250000000
41337  23.929  -39.644  38.466 0.1250000000
108982  24.760  -39.545  37.982 0.1250000000
57435  33.820  -20.805  24.035 0.1250000000
57449  33.154  -20.136  23.635 0.1250000000
57448  34.120  -20.214  23.445 0.1250000000
58318  34.390  -19.614  22.926 0.1250000000
58328  33.594  -18.658  22.911 0.1250000000
107483  37.711  -16.309  21.283 0.1250000000
64142  43.876  -11.947  19.771 0.1250000000
127769  -1.313  -50.950  48.819 0.1250000000
32833  2.607  -49.531  46.141 0.1250000000
30087  -2.298  -52.407  51.405 0.1250000000
30975  -2.409  -51.706  51.071 0.1250000000
30991  -0.947  -51.604  49.713 0.1250000000
30999  0.698  -51.431  48.429 0.1250000000
31910  -0.643  -50.864  48.271 0.1250000000
47986  26.877  -31.751  35.052 0.1250000000
57434  34.757  -20.815  23.975 0.1250000000
58319  33.475  -19.411  23.110 0.1250000000
58327  34.006  -19.071  22.729 0.1250000000
29216  -3.561  -53.471  48.928 0.1250000000
29284  -0.122  -52.256  43.156 0.1250000000
32826  -4.722  -49.888  47.387 0.1250000000
32848  -3.730  -48.847  46.202 0.1250000000
35331  -3.228  -46.679  45.797 0.2500000000
35364  -0.892  -46.351  44.641 0.1250000000
36061  1.593  -44.390  56.149 0.2500000000
36959  2.509  -43.933  56.612 0.1250000000
37059  -3.878  -45.136  47.892 0.2500000000
37122  -1.063  -45.387  45.060 0.1250000000
37143  -0.183  -44.848  44.238 0.1250000000
37174  2.751  -44.783  40.277 0.1250000000
38766  -0.775  -43.916  46.270 0.1250000000
38798  0.593  -43.982  43.928 0.1250000000
42078  24.499  -35.085  44.073 1.0000000000
42094  25.127  -35.620  42.787 0.8750000000
42927  26.615  -34.511  44.830 0.8750000000
42930  25.447  -34.645  45.067 0.7500000000
42943  26.711  -34.833  44.206 0.8750000000
42959  23.977  -35.369  43.405 1.0000000000
42992  26.283  -36.245  42.375 1.0000000000
42995  24.482  -36.676  42.082 1.0000000000
43799  21.880  -34.668  52.549 0.1250000000
43814  23.341  -34.676  51.714 0.2500000000
43818  19.015  -35.009  52.831 0.1250000000
43884  27.055  -34.249  45.141 0.6250000000
43907  26.897  -35.016  43.915 0.8750000000
44736  25.112  -34.249  51.150 0.2500000000
44786  26.267  -33.129  49.124 0.3750000000
44817  27.069  -34.010  46.852 0.5000000000
44864  27.178  -34.905  43.772 0.7500000000
44874  27.381  -34.374  42.888 1.0000000000
45543  22.287  -34.393  54.616 0.1250000000
45554  23.120  -34.629  53.281 0.1250000000
45574  27.319  -32.533  50.245 0.2500000000
45586  28.191  -32.521  49.619 0.3750000000
45615  17.592  -33.622  46.859 0.8750000000
45649  27.910  -33.644  44.253 0.8750000000
45683  27.058  -33.975  41.342 1.0000000000
47047  29.429  -32.567  49.262 0.2500000000
47081  27.768  -32.480  44.182 0.6250000000
106515  20.213  -33.683  47.044 0.8750000000
107206  23.874  -35.616  42.679 1.0000000000
107434  26.681  -36.718  40.984 1.0000000000
107656  26.296  -35.382  43.312 0.8750000000
109429  24.896  -34.773  45.350 0.7500000000
109798  23.820  -35.303  44.013 0.7500000000
110064  30.629  -29.895  51.662 0.1250000000
110347  27.383  -34.303  44.590 0.8750000000
111288  21.552  -33.998  45.376 1.0000000000
112574  26.123  -34.569  44.943 0.7500000000
113521  1.415  -44.176  56.340 0.2500000000
115809  28.689  -33.014  48.230 0.2500000000
116480  25.944  -35.198  43.579 0.8750000000
116671  28.057  -32.698  44.448 0.7500000000
119914  13.037  -38.152  39.940 0.5000000000
120805  25.513  -37.481  40.537 1.0000000000
121778  24.258  -35.382  43.122 0.8750000000
122794  25.442  -34.730  44.383 0.8750000000
123974  -3.639  -45.006  49.412 0.1250000000
126455  21.889  -34.665  53.712 0.1250000000
126495  23.118  -37.187  39.305 1.0000000000
126500  1.501  -44.728  55.740 0.2500000000
126723  28.319  -30.876  51.525 0.1250000000
127747  27.350  -34.112  42.342 1.0000000000
128097  25.241  -35.173  43.280 0.8750000000
128221  -4.475  -47.179  47.020 0.2500000000
