#!ascii label  , from subject sub-v1s12x0050113_ses-1 vox2ras=TkReg
4667
127982  16.475  -29.757  51.921 0.0000000000
66121  4.836  -9.340  53.630 0.0000000000
59649  3.639  -17.713  51.583 0.0000000000
48631  -1.582  -30.803  53.292 0.0000000000
55393  30.773  -21.833  46.896 0.0000000000
59778  0.598  -17.908  41.359 0.0000000000
64005  41.344  -12.273  34.028 0.0000000000
69524  50.724  -5.145  19.207 0.0000000000
121674  9.290  -25.497  51.435 0.0000000000
51307  13.804  -27.109  40.718 0.0000000000
47743  12.329  -31.349  56.682 0.0000000000
51120  7.244  -27.582  56.389 0.0000000000
51178  23.984  -27.459  48.716 0.0000000000
56444  20.587  -21.735  36.125 0.0000000000
71695  1.130  -2.617  53.003 0.0000000000
114546  7.255  0.931  54.221 0.0000000000
109398  -0.669  -18.198  56.156 0.0000000000
53661  2.596  -24.326  47.796 0.0000000000
63053  3.522  -13.429  49.898 0.0000000000
68519  0.792  -6.215  42.551 0.0000000000
56471  36.442  -22.169  34.517 0.0000000000
59757  37.295  -17.247  42.587 0.0000000000
58998  38.955  -18.098  35.262 0.0000000000
44751  0.502  -34.560  52.461 0.0000000000
53594  0.784  -24.695  58.087 0.0000000000
51294  31.602  -27.342  40.507 0.0000000000
55557  28.820  -22.606  34.355 0.0000000000
68636  46.969  -5.682  29.108 0.0000000000
51162  12.365  -27.756  51.574 0.0000000000
52060  10.749  -27.042  45.964 0.0000000000
49600  14.893  -29.340  45.488 0.0000000000
51114  15.868  -27.723  56.367 0.0000000000
53588  12.908  -24.918  57.127 0.0000000000
49462  20.111  -29.540  55.583 0.0000000000
117508  15.902  -32.985  56.671 0.0000000000
48676  20.474  -30.250  49.423 0.0000000000
108346  22.709  -29.676  54.543 0.0000000000
50461  19.347  -28.919  43.424 0.0000000000
69255  1.033  -5.894  53.589 0.0000000000
72443  3.450  -0.676  58.226 0.0000000000
70848  6.083  -4.183  54.463 0.0000000000
63803  1.477  -12.776  57.181 0.0000000000
62197  0.038  -15.298  53.060 0.0000000000
65366  3.180  -10.650  53.357 0.0000000000
67669  2.201  -7.775  50.721 0.0000000000
52224  35.625  -26.952  33.439 0.0000000000
55535  40.173  -22.461  36.396 0.0000000000
44728  4.453  -35.731  53.634 0.0000000000
54456  5.978  -23.141  54.406 0.0000000000
51100  4.857  -27.555  58.211 0.0000000000
56248  2.045  -21.753  54.340 0.0000000000
59610  1.687  -18.091  56.743 0.0000000000
52885  32.927  -24.845  43.800 0.0000000000
56368  24.928  -21.746  42.366 0.0000000000
56458  24.173  -21.551  35.337 0.0000000000
55455  29.339  -22.136  41.523 0.0000000000
54582  32.505  -23.826  39.255 0.0000000000
56362  2.430  -21.472  43.084 0.0000000000
51244  0.159  -27.389  43.974 0.0000000000
52924  2.255  -24.965  40.848 0.0000000000
60621  4.570  -16.855  40.705 0.0000000000
72014  51.223  -2.426  15.421 0.0000000000
119651  6.432  -21.843  51.049 0.0000000000
59680  7.247  -17.305  48.024 0.0000000000
55403  7.974  -22.419  46.023 0.0000000000
54558  10.977  -23.372  42.179 0.0000000000
56416  14.422  -21.372  38.821 0.0000000000
44724  10.302  -35.368  53.710 0.0000000000
47049  8.313  -32.665  49.272 0.0000000000
50325  11.227  -28.041  55.466 0.0000000000
54438  9.297  -23.412  57.091 0.0000000000
42849  12.100  -37.032  56.646 0.0000000000
53657  26.689  -24.002  47.776 0.0000000000
111385  31.145  -27.085  51.897 0.0000000000
50361  26.758  -28.439  52.170 0.0000000000
59825  16.485  -17.865  35.622 0.0000000000
52945  17.363  -25.404  37.431 0.0000000000
52901  22.096  -25.897  42.223 0.0000000000
74541  4.633  1.514  53.444 0.0000000000
53620  -0.223  -24.862  55.021 0.0000000000
52032  0.156  -27.103  50.489 0.0000000000
56266  0.299  -21.084  51.954 0.0000000000
58868  0.917  -18.066  48.992 0.0000000000
62247  0.203  -14.061  45.255 0.0000000000
63948  0.428  -11.779  42.044 0.0000000000
65432  4.424  -10.251  45.438 0.0000000000
70083  2.574  -4.244  47.331 0.0000000000
58975  33.907  -17.960  37.627 0.0000000000
59722  34.684  -18.112  45.943 0.0000000000
58135  37.953  -19.530  40.843 0.0000000000
59780  41.602  -17.615  39.982 0.0000000000
64004  44.821  -12.333  34.067 0.0000000000
61569  40.454  -15.134  32.825 0.0000000000
46293  -1.549  -32.924  55.164 0.0000000000
48643  4.355  -30.142  52.528 0.0000000000
48605  2.160  -30.947  56.854 0.0000000000
117003  -0.256  -28.043  56.816 0.0000000000
56239  -0.467  -21.556  58.213 0.0000000000
61316  1.830  -15.533  59.102 0.0000000000
61559  20.921  -15.562  33.401 0.0000000000
60681  25.638  -16.022  33.802 0.0000000000
106664  30.002  -17.428  34.541 0.0000000000
55553  32.369  -22.895  33.727 0.0000000000
111110  35.025  -26.197  37.196 0.0000000000
49586  -2.330  -29.921  46.236 0.0000000000
65498  4.619  -10.330  41.560 0.0000000000
69484  49.347  -5.514  24.831 0.0000000000
65599  45.864  -10.174  30.100 0.0000000000
50377  14.510  -28.867  51.518 0.0000000000
49555  13.955  -29.269  48.569 0.0000000000
49541  16.081  -30.207  49.132 0.0000000000
50335  16.052  -28.225  54.393 0.0000000000
51140  14.569  -27.632  53.753 0.0000000000
49475  18.450  -29.208  54.555 0.0000000000
49454  17.729  -29.088  56.404 0.0000000000
110974  18.245  -30.475  50.571 0.0000000000
49504  20.553  -29.705  53.378 0.0000000000
49564  17.863  -30.183  47.360 0.0000000000
67648  2.850  -7.631  53.333 0.0000000000
107263  3.804  -4.361  53.149 0.0000000000
116878  5.070  -6.016  51.454 0.0000000000
65349  3.718  -10.235  55.730 0.0000000000
63823  2.731  -12.469  55.216 0.0000000000
66115  2.674  -9.640  54.716 0.0000000000
66866  1.197  -8.301  53.262 0.0000000000
60484  3.952  -16.811  52.971 0.0000000000
43811  5.610  -36.544  53.582 0.0000000000
56256  4.271  -21.689  52.022 0.0000000000
54466  4.010  -23.127  53.272 0.0000000000
58023  2.443  -19.753  52.738 0.0000000000
58812  1.987  -18.289  53.949 0.0000000000
117306  32.361  -23.224  45.816 0.0000000000
52867  31.115  -25.146  46.738 0.0000000000
119422  32.131  -25.124  48.222 0.0000000000
56322  27.610  -21.532  45.474 0.0000000000
56381  26.697  -21.182  41.742 0.0000000000
56346  29.891  -21.644  44.283 0.0000000000
55427  32.114  -22.566  43.135 0.0000000000
122023  -1.901  -32.907  52.074 0.0000000000
47044  -1.239  -32.387  50.555 0.0000000000
58120  0.482  -19.138  41.959 0.0000000000
54571  -0.231  -23.222  41.693 0.0000000000
56408  0.071  -21.652  39.720 0.0000000000
54588  3.181  -23.230  39.772 0.0000000000
57276  1.746  -20.016  39.081 0.0000000000
60623  2.647  -16.997  41.298 0.0000000000
114562  51.422  -3.969  17.807 0.0000000000
112569  7.738  -23.499  51.155 0.0000000000
56292  6.832  -21.814  48.756 0.0000000000
54502  8.134  -24.164  48.679 0.0000000000
51239  12.550  -27.488  43.445 0.0000000000
52896  10.451  -25.018  43.724 0.0000000000
125754  12.334  -25.293  41.072 0.0000000000
55473  13.444  -23.025  40.238 0.0000000000
54585  14.067  -23.737  38.713 0.0000000000
46292  10.883  -33.724  55.273 0.0000000000
47019  10.752  -32.144  53.385 0.0000000000
48602  11.982  -30.440  55.834 0.0000000000
52821  11.098  -25.590  54.212 0.0000000000
53597  11.382  -24.120  56.763 0.0000000000
112060  9.103  -24.448  53.894 0.0000000000
54463  7.408  -23.025  53.420 0.0000000000
47741  13.875  -31.839  57.228 0.0000000000
45532  13.768  -34.656  57.396 0.0000000000
45534  11.925  -34.278  56.564 0.0000000000
118986  10.602  -35.791  55.707 0.0000000000
52854  25.210  -26.123  48.120 0.0000000000
52831  27.629  -25.805  51.451 0.0000000000
52016  25.318  -27.079  51.373 0.0000000000
46993  22.504  -31.998  55.660 0.0000000000
44699  21.464  -34.897  53.783 0.0000000000
54607  15.280  -23.493  37.087 0.0000000000
123117  15.608  -26.807  38.901 0.0000000000
50426  21.419  -28.646  45.772 0.0000000000
51256  20.528  -27.737  42.507 0.0000000000
52058  23.504  -26.681  45.625 0.0000000000
53674  24.268  -25.132  44.911 0.0000000000
71702  3.442  -2.442  51.740 0.0000000000
73214  5.663  -0.293  52.099 0.0000000000
72462  4.173  -1.355  54.439 0.0000000000
73865  6.276  0.761  57.213 0.0000000000
75202  5.010  3.094  57.044 0.0000000000
56247  -1.189  -21.761  55.100 0.0000000000
55340  0.017  -22.969  53.398 0.0000000000
57157  -0.740  -20.275  53.583 0.0000000000
63037  1.644  -14.264  51.120 0.0000000000
60501  -0.369  -16.175  50.949 0.0000000000
62215  0.674  -14.720  49.524 0.0000000000
60547  1.763  -16.628  46.779 0.0000000000
63073  1.440  -13.661  47.483 0.0000000000
64641  1.724  -12.134  45.559 0.0000000000
64627  4.957  -11.714  47.932 0.0000000000
69268  0.333  -5.424  50.831 0.0000000000
68478  2.757  -6.039  49.041 0.0000000000
120005  1.166  -3.524  50.428 0.0000000000
71729  2.454  -2.703  48.606 0.0000000000
57300  35.777  -19.966  35.294 0.0000000000
58154  35.871  -18.687  38.718 0.0000000000
58161  37.219  -19.873  37.159 0.0000000000
115802  39.913  -20.681  35.825 0.0000000000
57266  41.062  -21.151  38.688 0.0000000000
59801  41.542  -18.489  37.587 0.0000000000
60659  41.816  -16.169  36.614 0.0000000000
61541  42.153  -14.603  34.605 0.0000000000
60687  39.495  -16.331  33.885 0.0000000000
43794  0.106  -36.856  53.527 0.0000000000
112685  -1.995  -35.183  53.768 0.0000000000
46307  -0.768  -34.149  53.759 0.0000000000
49512  8.190  -28.787  52.619 0.0000000000
48672  5.689  -30.571  50.517 0.0000000000
49494  6.288  -29.034  54.181 0.0000000000
51985  2.587  -26.210  57.163 0.0000000000
49437  4.019  -29.697  57.993 0.0000000000
51103  1.782  -27.755  58.847 0.0000000000
49451  0.683  -30.078  57.656 0.0000000000
51964  0.319  -26.569  58.723 0.0000000000
52800  -0.861  -25.336  57.735 0.0000000000
54435  0.160  -23.531  58.573 0.0000000000
60443  1.755  -16.734  58.618 0.0000000000
121947  3.803  -12.756  58.973 0.0000000000
57305  18.042  -20.613  34.997 0.0000000000
60683  18.273  -16.503  34.286 0.0000000000
58205  20.187  -19.219  33.319 0.0000000000
56441  26.235  -22.351  35.484 0.0000000000
128232  24.651  -19.457  32.415 0.0000000000
107722  26.872  -19.667  32.317 0.0000000000
59831  28.052  -16.868  34.447 0.0000000000
58218  29.659  -19.770  32.454 0.0000000000
58216  31.920  -19.394  32.912 0.0000000000
55555  30.605  -22.832  34.341 0.0000000000
52917  33.507  -25.862  40.073 0.0000000000
53729  33.724  -25.326  37.907 0.0000000000
51339  33.697  -27.518  38.497 0.0000000000
52850  0.699  -25.981  49.107 0.0000000000
50402  -0.167  -28.422  48.597 0.0000000000
52054  -0.518  -26.628  46.966 0.0000000000
49625  3.542  -29.812  43.882 0.0000000000
66961  0.238  -8.269  42.022 0.0000000000
109443  2.597  -11.677  41.680 0.0000000000
66976  2.378  -8.059  41.526 0.0000000000
59720  37.274  -18.309  45.826 0.0000000000
61424  35.315  -15.371  45.185 0.0000000000
60585  34.955  -16.145  42.533 0.0000000000
68639  43.909  -6.257  28.272 0.0000000000
69466  45.895  -5.620  26.619 0.0000000000
70289  47.517  -4.960  25.251 0.0000000000
69464  48.477  -5.675  26.766 0.0000000000
63248  43.210  -13.102  31.736 0.0000000000
64802  46.221  -11.080  32.561 0.0000000000
52017  10.898  -26.935  51.394 0.0000000000
52045  9.586  -26.177  48.912 0.0000000000
51182  11.247  -27.726  48.364 0.0000000000
50431  12.611  -28.349  45.775 0.0000000000
50466  14.529  -28.647  43.500 0.0000000000
116140  14.242  -29.234  57.578 0.0000000000
111945  13.002  -27.761  57.842 0.0000000000
52792  14.314  -26.399  56.483 0.0000000000
114668  12.693  -26.316  54.313 0.0000000000
46996  19.708  -32.193  56.214 0.0000000000
46286  17.553  -33.991  55.834 0.0000000000
47737  17.427  -31.482  56.580 0.0000000000
48583  15.789  -29.821  57.219 0.0000000000
50392  22.426  -29.067  49.121 0.0000000000
50374  23.477  -28.530  51.937 0.0000000000
123338  21.763  -29.550  52.605 0.0000000000
49460  21.740  -29.718  55.152 0.0000000000
50500  16.593  -28.501  41.733 0.0000000000
49623  17.253  -29.427  44.266 0.0000000000
108846  19.523  -29.690  46.757 0.0000000000
70040  -0.261  -4.488  54.031 0.0000000000
72456  2.008  -1.873  56.059 0.0000000000
70841  1.658  -3.672  55.984 0.0000000000
70819  4.326  -2.783  57.002 0.0000000000
71664  6.901  -2.721  56.836 0.0000000000
61342  -0.250  -15.346  56.732 0.0000000000
60478  -0.526  -16.322  54.737 0.0000000000
63021  0.847  -14.145  55.442 0.0000000000
63029  2.606  -13.554  53.731 0.0000000000
63835  4.242  -11.969  52.224 0.0000000000
65393  4.630  -10.688  50.592 0.0000000000
66144  2.898  -9.664  52.091 0.0000000000
67651  0.156  -7.139  52.520 0.0000000000
53762  37.149  -25.533  34.521 0.0000000000
55537  38.359  -23.332  35.890 0.0000000000
53760  38.786  -24.988  34.818 0.0000000000
55565  39.162  -23.171  34.218 0.0000000000
45557  2.693  -35.252  52.812 0.0000000000
52795  6.687  -25.144  57.909 0.0000000000
51099  6.107  -27.221  58.048 0.0000000000
53601  5.244  -24.956  56.038 0.0000000000
53618  3.045  -24.614  54.727 0.0000000000
54451  1.484  -23.471  55.997 0.0000000000
113833  0.877  -21.138  56.968 0.0000000000
58009  1.370  -19.877  55.599 0.0000000000
52102  32.354  -26.500  42.194 0.0000000000
51250  30.363  -27.037  42.303 0.0000000000
52074  30.982  -25.962  43.995 0.0000000000
56404  22.234  -22.030  38.946 0.0000000000
125091  22.137  -21.121  35.564 0.0000000000
57270  24.266  -20.999  38.855 0.0000000000
55495  26.423  -22.153  38.135 0.0000000000
55493  29.138  -22.638  38.449 0.0000000000
55507  30.912  -23.246  37.630 0.0000000000
55465  31.663  -23.335  40.578 0.0000000000
119496  32.970  -24.131  41.609 0.0000000000
55415  3.337  -22.453  45.459 0.0000000000
52884  -0.445  -25.929  45.447 0.0000000000
53692  -0.078  -24.510  43.272 0.0000000000
52110  1.540  -26.603  42.647 0.0000000000
51260  4.457  -27.813  42.609 0.0000000000
60636  6.476  -16.299  39.346 0.0000000000
70943  1.132  -4.012  43.689 0.0000000000
119855  2.105  -5.482  42.444 0.0000000000
70927  3.527  -2.871  44.475 0.0000000000
125835  44.993  -7.194  30.227 0.0000000000
57176  4.698  -20.344  50.568 0.0000000000
59657  5.040  -17.167  50.124 0.0000000000
58046  5.796  -19.942  49.018 0.0000000000
58070  6.979  -19.654  46.995 0.0000000000
57222  8.810  -20.762  44.922 0.0000000000
53666  8.981  -24.685  46.094 0.0000000000
54542  9.471  -23.375  44.264 0.0000000000
110608  11.102  -21.264  42.940 0.0000000000
55447  13.454  -21.973  41.595 0.0000000000
56396  14.853  -21.197  40.911 0.0000000000
58958  15.464  -18.757  39.745 0.0000000000
43833  7.329  -36.613  51.349 0.0000000000
45576  9.705  -34.342  51.188 0.0000000000
48640  10.190  -30.135  52.022 0.0000000000
51128  9.286  -27.322  55.293 0.0000000000
51968  11.601  -26.584  57.660 0.0000000000
123680  10.192  -25.680  58.053 0.0000000000
52787  8.262  -25.226  58.584 0.0000000000
115937  7.601  -23.393  55.916 0.0000000000
106918  6.142  -22.492  52.798 0.0000000000
44696  15.900  -35.021  55.817 0.0000000000
55366  28.520  -22.506  48.114 0.0000000000
53641  31.096  -24.013  50.396 0.0000000000
53627  29.278  -24.857  51.398 0.0000000000
50359  28.646  -28.216  51.696 0.0000000000
113955  24.793  -29.371  53.551 0.0000000000
60648  16.737  -16.807  38.764 0.0000000000
58164  14.937  -19.572  37.420 0.0000000000
55531  16.765  -22.484  36.135 0.0000000000
54615  18.947  -23.248  36.517 0.0000000000
51302  18.557  -27.645  40.266 0.0000000000
52928  19.796  -25.927  39.187 0.0000000000
54584  20.751  -23.948  38.906 0.0000000000
54557  23.132  -24.065  42.091 0.0000000000
55408  26.082  -22.519  45.078 0.0000000000
73187  4.527  0.435  55.702 0.0000000000
50355  -0.706  -28.119  54.058 0.0000000000
50381  -0.865  -29.118  51.803 0.0000000000
52826  0.881  -26.162  53.098 0.0000000000
53629  1.757  -24.607  51.674 0.0000000000
55355  2.386  -22.363  50.124 0.0000000000
110230  -0.534  -18.550  52.065 0.0000000000
57189  0.989  -19.987  50.166 0.0000000000
56294  3.256  -21.342  48.194 0.0000000000
58085  3.358  -19.578  46.450 0.0000000000
59728  2.363  -17.340  44.535 0.0000000000
60582  0.310  -16.166  42.974 0.0000000000
61457  0.697  -15.638  42.571 0.0000000000
63108  -0.441  -13.115  43.942 0.0000000000
65451  0.880  -10.370  43.541 0.0000000000
66943  2.830  -8.067  43.643 0.0000000000
66903  5.167  -8.826  48.255 0.0000000000
67698  4.415  -7.339  46.502 0.0000000000
69308  1.868  -4.827  45.010 0.0000000000
71754  1.291  -1.935  46.553 0.0000000000
118426  31.601  -17.137  39.304 0.0000000000
60577  32.121  -16.377  43.799 0.0000000000
58946  33.742  -17.766  41.012 0.0000000000
58926  36.339  -19.511  43.428 0.0000000000
58105  38.656  -20.025  44.104 0.0000000000
57268  39.465  -20.832  38.952 0.0000000000
58133  40.015  -20.219  41.190 0.0000000000
59754  40.065  -17.915  42.319 0.0000000000
114307  40.637  -15.815  39.610 0.0000000000
64765  44.268  -11.556  35.282 0.0000000000
63195  43.840  -13.262  35.729 0.0000000000
113506  42.468  -14.070  33.342 0.0000000000
115987  40.591  -14.616  30.777 0.0000000000
71153  50.583  -3.876  20.134 0.0000000000
64563  5.477  -11.176  55.066 0.0000000000
66128  6.282  -9.523  51.909 0.0000000000
46308  -2.536  -34.174  53.672 0.0000000000
120765  -1.948  -31.996  54.328 0.0000000000
45578  5.896  -35.164  51.085 0.0000000000
107615  3.668  -32.897  49.981 0.0000000000
47784  1.740  -31.964  51.661 0.0000000000
106451  4.898  -29.592  56.130 0.0000000000
124710  3.340  -30.627  55.312 0.0000000000
47013  0.775  -32.290  54.295 0.0000000000
47759  0.373  -32.108  56.093 0.0000000000
48606  -1.262  -30.906  56.071 0.0000000000
50332  -1.198  -29.366  55.027 0.0000000000
51131  -0.261  -26.735  55.839 0.0000000000
53612  -1.216  -24.041  56.445 0.0000000000
58006  -0.859  -19.972  57.018 0.0000000000
57147  0.437  -20.351  57.981 0.0000000000
58000  0.322  -18.673  58.502 0.0000000000
60451  -0.370  -16.572  57.798 0.0000000000
62995  1.131  -13.725  58.708 0.0000000000
64545  3.899  -11.274  57.583 0.0000000000
51171  31.915  -27.633  49.898 0.0000000000
61512  18.292  -15.369  37.464 0.0000000000
63979  22.386  -12.249  36.196 0.0000000000
107267  22.637  -19.287  32.561 0.0000000000
60690  23.546  -16.109  32.973 0.0000000000
63189  24.734  -13.083  35.777 0.0000000000
62325  26.856  -14.089  36.916 0.0000000000
108791  28.331  -15.465  37.808 0.0000000000
108679  30.063  -16.397  38.953 0.0000000000
59812  32.230  -17.612  36.090 0.0000000000
58200  33.809  -19.445  33.876 0.0000000000
119327  34.520  -22.357  33.432 0.0000000000
54613  32.380  -23.919  36.462 0.0000000000
53755  34.044  -24.615  35.636 0.0000000000
53779  35.421  -24.760  34.363 0.0000000000
52197  35.379  -27.193  35.709 0.0000000000
107031  33.092  -27.954  34.149 0.0000000000
69257  7.753  -5.817  51.856 0.0000000000
69239  8.069  -5.441  56.082 0.0000000000
48681  0.203  -30.470  49.323 0.0000000000
50451  -0.773  -28.370  45.408 0.0000000000
62277  3.351  -14.719  42.622 0.0000000000
63142  5.227  -13.508  41.511 0.0000000000
63162  6.783  -13.089  39.717 0.0000000000
67761  4.849  -7.271  41.941 0.0000000000
66264  6.675  -9.630  40.495 0.0000000000
63076  34.764  -14.057  47.178 0.0000000000
71129  49.107  -4.167  23.147 0.0000000000
69509  50.195  -5.303  21.699 0.0000000000
65562  45.228  -10.490  34.452 0.0000000000
67042  47.059  -9.005  32.574 0.0000000000
67065  47.916  -8.126  29.942 0.0000000000
123789  46.318  -8.848  28.151 0.0000000000
67862  48.386  -7.215  27.801 0.0000000000
67884  49.053  -6.972  25.502 0.0000000000
67915  48.743  -7.188  22.817 0.0000000000
49523  15.375  -29.466  51.269 0.0000000000
127460  15.246  -29.687  50.480 0.0000000000
115870  16.174  -30.249  50.004 0.0000000000
50366  16.220  -29.096  52.987 0.0000000000
50367  15.491  -28.788  52.696 0.0000000000
49507  17.513  -29.858  52.732 0.0000000000
50333  17.373  -29.013  54.334 0.0000000000
48666  17.465  -30.409  50.884 0.0000000000
49506  18.480  -29.972  53.064 0.0000000000
48680  16.803  -30.377  49.693 0.0000000000
66873  3.465  -8.146  53.408 0.0000000000
68447  3.965  -6.844  52.138 0.0000000000
66883  4.945  -8.074  51.917 0.0000000000
66113  4.380  -9.655  54.617 0.0000000000
66107  3.042  -9.845  55.315 0.0000000000
66856  3.758  -9.091  54.274 0.0000000000
66864  3.084  -8.629  54.049 0.0000000000
59640  4.089  -16.996  52.031 0.0000000000
107556  4.725  -16.419  52.131 0.0000000000
60500  4.582  -16.750  51.525 0.0000000000
108261  3.405  -19.292  51.447 0.0000000000
57160  2.997  -20.368  52.247 0.0000000000
58825  3.080  -18.417  51.979 0.0000000000
59642  2.840  -18.023  52.845 0.0000000000
55392  31.571  -22.213  46.655 0.0000000000
54517  32.134  -23.468  46.568 0.0000000000
54506  31.749  -23.107  47.965 0.0000000000
56308  28.872  -21.577  46.493 0.0000000000
114032  28.763  -21.355  45.216 0.0000000000
56319  30.360  -21.623  46.005 0.0000000000
121479  31.780  -22.026  45.357 0.0000000000
47785  -1.710  -31.585  52.990 0.0000000000
47045  -1.651  -32.838  51.198 0.0000000000
47793  -1.562  -31.725  52.107 0.0000000000
58939  0.274  -18.817  41.508 0.0000000000
58130  -0.337  -20.078  41.072 0.0000000000
58139  0.095  -19.429  40.639 0.0000000000
57263  0.852  -20.339  39.400 0.0000000000
58950  0.918  -18.407  40.623 0.0000000000
58949  1.883  -18.285  40.389 0.0000000000
59777  1.302  -17.785  40.994 0.0000000000
63994  39.980  -12.808  33.439 0.0000000000
64018  40.307  -12.328  32.831 0.0000000000
64779  41.832  -11.650  33.651 0.0000000000
69523  51.036  -4.736  18.696 0.0000000000
110600  8.196  -24.229  51.284 0.0000000000
54489  7.813  -23.693  49.551 0.0000000000
52848  8.804  -25.232  49.742 0.0000000000
52107  12.754  -27.018  42.162 0.0000000000
52125  12.285  -26.310  41.927 0.0000000000
125003  13.036  -25.922  40.564 0.0000000000
53710  13.185  -24.666  39.935 0.0000000000
52154  13.921  -26.097  39.540 0.0000000000
47003  11.583  -32.257  56.039 0.0000000000
47756  11.685  -31.405  55.741 0.0000000000
126205  11.973  -31.097  56.140 0.0000000000
52824  9.707  -25.432  52.808 0.0000000000
52818  9.692  -25.015  53.738 0.0000000000
53628  9.095  -25.181  52.171 0.0000000000
123441  8.451  -24.374  52.335 0.0000000000
47742  12.798  -31.220  57.034 0.0000000000
46991  12.884  -32.738  57.164 0.0000000000
122293  11.813  -32.690  56.438 0.0000000000
46287  11.489  -33.204  56.050 0.0000000000
52043  24.704  -26.842  48.634 0.0000000000
52036  25.011  -26.825  49.638 0.0000000000
51172  24.478  -27.377  50.057 0.0000000000
45535  21.007  -34.379  55.352 0.0000000000
46290  22.639  -33.636  55.023 0.0000000000
52930  14.402  -25.687  38.870 0.0000000000
109223  14.747  -26.633  39.182 0.0000000000
51190  22.950  -28.078  46.996 0.0000000000
51208  22.456  -27.705  45.607 0.0000000000
52051  23.675  -27.065  46.422 0.0000000000
52871  24.226  -26.216  46.215 0.0000000000
71694  2.298  -2.498  52.563 0.0000000000
122158  3.855  -2.086  53.166 0.0000000000
71683  2.762  -2.222  53.500 0.0000000000
73874  6.789  1.140  55.484 0.0000000000
74529  6.490  1.997  56.458 0.0000000000
75209  6.813  2.732  54.556 0.0000000000
58010  -1.065  -19.981  55.592 0.0000000000
113866  -1.098  -21.097  54.651 0.0000000000
58012  -0.870  -19.525  54.810 0.0000000000
63047  2.952  -13.734  50.573 0.0000000000
62207  1.175  -14.351  50.546 0.0000000000
63055  1.559  -13.913  49.236 0.0000000000
63065  1.088  -14.225  48.055 0.0000000000
63063  2.226  -13.516  48.728 0.0000000000
122508  3.397  -12.636  47.776 0.0000000000
63864  4.526  -12.398  48.640 0.0000000000
116857  0.063  -3.589  52.333 0.0000000000
70060  0.633  -4.620  50.425 0.0000000000
70864  0.944  -3.358  51.109 0.0000000000
71710  2.228  -2.680  50.690 0.0000000000
57314  36.224  -20.806  35.021 0.0000000000
58170  36.516  -19.767  36.425 0.0000000000
116513  36.795  -20.972  35.640 0.0000000000
58169  39.797  -19.591  35.950 0.0000000000
58982  40.472  -19.478  36.715 0.0000000000
58983  40.042  -18.582  36.296 0.0000000000
59810  41.378  -17.330  37.027 0.0000000000
59820  40.082  -16.961  35.635 0.0000000000
60670  40.630  -16.148  35.221 0.0000000000
110913  39.427  -17.326  35.229 0.0000000000
44715  0.658  -36.176  53.406 0.0000000000
43793  0.579  -36.914  53.865 0.0000000000
43812  -0.290  -35.954  53.076 0.0000000000
45559  -0.692  -34.887  53.357 0.0000000000
46306  0.011  -33.712  53.253 0.0000000000
51137  7.458  -28.188  54.650 0.0000000000
50353  6.744  -28.906  53.426 0.0000000000
50328  7.000  -28.533  55.031 0.0000000000
52798  1.731  -25.849  57.595 0.0000000000
51962  2.336  -27.315  58.540 0.0000000000
125645  1.245  -26.115  58.386 0.0000000000
119710  0.402  -27.218  58.824 0.0000000000
110947  0.493  -25.843  58.578 0.0000000000
53584  -0.032  -25.037  58.678 0.0000000000
54434  0.610  -23.898  57.977 0.0000000000
106945  31.136  -27.310  39.126 0.0000000000
121567  29.891  -27.168  39.879 0.0000000000
56462  18.995  -21.668  35.509 0.0000000000
57320  19.281  -20.141  34.370 0.0000000000
57303  20.635  -20.784  34.885 0.0000000000
55558  27.867  -22.520  34.362 0.0000000000
56491  26.402  -21.695  32.913 0.0000000000
56489  28.126  -21.764  32.894 0.0000000000
108028  28.071  -19.838  32.333 0.0000000000
56488  29.007  -21.838  32.943 0.0000000000
56506  30.402  -21.342  32.615 0.0000000000
55556  29.735  -22.718  34.375 0.0000000000
52138  33.020  -27.175  40.758 0.0000000000
52150  33.601  -26.730  39.652 0.0000000000
51318  32.598  -27.562  39.532 0.0000000000
51341  31.552  -27.563  38.374 0.0000000000
53655  2.104  -24.932  48.247 0.0000000000
52858  -0.004  -25.958  48.328 0.0000000000
52864  0.413  -25.531  47.614 0.0000000000
66960  0.390  -7.574  42.055 0.0000000000
66978  0.558  -8.267  41.661 0.0000000000
68557  0.761  -6.986  41.796 0.0000000000
59745  37.533  -17.477  43.783 0.0000000000
60574  36.701  -17.240  44.034 0.0000000000
60583  36.536  -17.118  42.856 0.0000000000
68637  45.852  -5.704  28.925 0.0000000000
69445  46.517  -5.499  28.338 0.0000000000
110794  47.836  -5.395  27.007 0.0000000000
69454  47.954  -5.458  27.712 0.0000000000
108510  42.132  -13.602  30.806 0.0000000000
64033  43.580  -12.512  31.198 0.0000000000
51163  11.641  -27.427  51.430 0.0000000000
51169  10.911  -27.326  50.060 0.0000000000
51174  11.929  -28.106  49.729 0.0000000000
49568  14.095  -29.243  47.186 0.0000000000
50409  12.799  -28.682  47.231 0.0000000000
50417  13.850  -29.009  46.407 0.0000000000
50446  13.666  -28.575  44.632 0.0000000000
49613  14.932  -29.228  44.652 0.0000000000
50298  14.697  -28.545  57.378 0.0000000000
51095  14.201  -27.721  57.339 0.0000000000
51978  15.257  -27.150  56.368 0.0000000000
51153  13.459  -27.753  52.640 0.0000000000
51992  13.553  -26.666  54.340 0.0000000000
51154  12.649  -27.476  52.398 0.0000000000
112758  11.431  -26.584  52.808 0.0000000000
113590  20.581  -30.536  56.127 0.0000000000
108034  18.941  -31.730  56.306 0.0000000000
125528  19.224  -30.370  56.542 0.0000000000
50316  16.677  -28.237  56.312 0.0000000000
113711  17.025  -29.167  56.826 0.0000000000
49432  16.146  -29.098  57.172 0.0000000000
49433  15.172  -29.297  57.429 0.0000000000
124612  21.144  -29.917  49.226 0.0000000000
49520  22.288  -29.281  51.114 0.0000000000
49533  21.017  -30.063  51.072 0.0000000000
49473  20.320  -29.468  54.732 0.0000000000
49485  20.937  -29.501  54.241 0.0000000000
49461  20.827  -29.622  55.289 0.0000000000
48598  21.380  -30.352  55.777 0.0000000000
50444  15.663  -29.239  44.107 0.0000000000
122217  15.666  -29.408  45.046 0.0000000000
49550  19.257  -30.250  48.012 0.0000000000
49563  18.789  -30.048  47.229 0.0000000000
49549  20.129  -29.988  47.902 0.0000000000
49548  21.062  -29.619  47.739 0.0000000000
70039  -0.040  -5.292  53.857 0.0000000000
70028  0.467  -3.882  55.270 0.0000000000
70038  1.544  -4.593  54.130 0.0000000000
70036  4.664  -4.145  53.282 0.0000000000
70839  4.267  -3.533  55.411 0.0000000000
113611  5.197  -3.591  55.571 0.0000000000
71655  6.225  -3.068  57.226 0.0000000000
70817  6.491  -3.818  56.838 0.0000000000
63002  0.814  -13.427  57.207 0.0000000000
125927  0.156  -14.592  55.674 0.0000000000
63011  1.128  -13.418  56.475 0.0000000000
63822  3.009  -11.534  54.847 0.0000000000
63832  3.104  -12.694  54.328 0.0000000000
63831  3.497  -12.064  53.784 0.0000000000
63028  3.838  -12.467  52.827 0.0000000000
64579  3.691  -11.548  53.092 0.0000000000
64586  3.812  -10.965  52.317 0.0000000000
65375  3.041  -10.156  52.687 0.0000000000
67642  0.881  -7.433  53.332 0.0000000000
67650  0.644  -7.700  52.854 0.0000000000
68442  0.377  -6.670  53.299 0.0000000000
68451  -0.470  -6.061  52.928 0.0000000000
52960  36.814  -26.050  34.134 0.0000000000
53761  38.027  -25.301  34.776 0.0000000000
124482  3.949  -36.851  55.224 0.0000000000
44712  3.357  -36.041  54.441 0.0000000000
45556  3.790  -35.288  53.148 0.0000000000
53599  6.611  -23.918  55.882 0.0000000000
53600  6.057  -24.564  56.370 0.0000000000
53608  5.628  -24.332  55.341 0.0000000000
55339  2.719  -22.202  53.650 0.0000000000
54459  3.145  -24.039  54.222 0.0000000000
55325  2.512  -23.354  54.466 0.0000000000
54450  2.324  -24.004  55.093 0.0000000000
55331  1.759  -22.215  54.914 0.0000000000
56246  1.465  -21.375  55.249 0.0000000000
106578  1.484  -20.351  54.895 0.0000000000
52893  32.575  -25.395  43.300 0.0000000000
52087  31.277  -26.288  43.248 0.0000000000
52073  31.660  -25.616  43.765 0.0000000000
52055  31.039  -25.801  47.179 0.0000000000
114453  30.202  -25.750  46.052 0.0000000000
55470  23.431  -22.100  40.733 0.0000000000
56414  23.110  -21.095  38.667 0.0000000000
57251  24.454  -21.121  40.349 0.0000000000
56379  28.490  -21.688  41.843 0.0000000000
56399  26.933  -21.804  40.084 0.0000000000
121377  28.272  -22.298  39.829 0.0000000000
55494  27.605  -22.373  38.747 0.0000000000
55479  28.935  -22.479  39.786 0.0000000000
55477  30.756  -23.157  39.398 0.0000000000
113104  30.358  -22.837  40.347 0.0000000000
111459  33.131  -23.312  43.655 0.0000000000
54555  32.720  -23.152  42.578 0.0000000000
53694  33.187  -24.256  42.563 0.0000000000
52898  33.096  -25.307  42.459 0.0000000000
55424  3.150  -22.253  44.709 0.0000000000
54544  1.391  -23.856  44.058 0.0000000000
55439  1.429  -22.885  42.885 0.0000000000
53716  -0.137  -24.240  40.666 0.0000000000
52916  -0.278  -24.952  41.703 0.0000000000
52914  1.224  -25.606  41.479 0.0000000000
52109  2.649  -26.665  42.421 0.0000000000
52128  2.885  -26.243  41.733 0.0000000000
51285  4.855  -27.474  41.990 0.0000000000
118484  2.893  -25.294  41.010 0.0000000000
55501  3.551  -22.115  39.014 0.0000000000
54587  4.021  -23.509  39.650 0.0000000000
60637  5.723  -16.683  39.748 0.0000000000
71780  1.069  -1.619  44.969 0.0000000000
70928  1.992  -2.900  44.375 0.0000000000
67053  44.373  -8.203  30.934 0.0000000000
57175  5.333  -20.683  50.402 0.0000000000
58036  4.960  -19.957  50.021 0.0000000000
57174  5.974  -20.976  50.132 0.0000000000
55389  7.488  -22.288  47.378 0.0000000000
56304  7.087  -21.662  47.774 0.0000000000
115644  7.473  -20.943  46.544 0.0000000000
57215  7.907  -20.686  45.869 0.0000000000
56330  8.239  -21.486  45.472 0.0000000000
52052  10.068  -26.549  47.382 0.0000000000
52862  9.433  -25.848  47.390 0.0000000000
52881  9.817  -25.833  45.842 0.0000000000
53698  10.582  -23.923  42.787 0.0000000000
54541  9.883  -23.917  43.867 0.0000000000
54559  10.442  -22.981  42.822 0.0000000000
55437  10.053  -22.281  43.298 0.0000000000
56374  10.718  -21.993  42.788 0.0000000000
56372  12.333  -21.395  42.408 0.0000000000
55448  11.892  -22.077  41.878 0.0000000000
55483  14.128  -22.471  39.765 0.0000000000
55472  14.022  -22.359  40.470 0.0000000000
57254  14.680  -20.923  40.100 0.0000000000
57261  14.875  -20.053  39.810 0.0000000000
43823  9.768  -36.745  52.269 0.0000000000
126471  9.619  -36.089  51.723 0.0000000000
44745  10.079  -35.548  52.511 0.0000000000
49490  11.431  -29.917  54.108 0.0000000000
47781  10.852  -31.427  52.762 0.0000000000
50337  10.470  -28.809  53.702 0.0000000000
126683  9.678  -28.588  53.451 0.0000000000
50326  10.288  -27.884  54.854 0.0000000000
51951  13.410  -26.304  57.661 0.0000000000
51097  12.391  -27.098  57.760 0.0000000000
53576  12.635  -24.920  57.579 0.0000000000
54437  10.139  -23.541  57.235 0.0000000000
54422  10.870  -23.682  58.443 0.0000000000
54423  10.111  -23.645  58.487 0.0000000000
110495  8.956  -25.049  58.783 0.0000000000
54431  8.931  -23.484  57.688 0.0000000000
54432  8.250  -23.553  57.409 0.0000000000
54439  8.567  -23.414  56.850 0.0000000000
55348  7.047  -22.532  51.924 0.0000000000
55334  6.837  -22.650  52.889 0.0000000000
56262  6.084  -21.970  51.609 0.0000000000
56263  5.425  -21.745  51.568 0.0000000000
46275  16.966  -33.463  56.262 0.0000000000
45539  16.729  -34.300  55.361 0.0000000000
122034  15.900  -34.309  56.379 0.0000000000
44689  13.474  -35.639  57.242 0.0000000000
106579  14.573  -35.889  57.025 0.0000000000
42848  13.112  -37.087  56.683 0.0000000000
42867  13.163  -37.859  55.067 0.0000000000
42856  12.433  -37.629  56.342 0.0000000000
42857  11.593  -37.660  56.371 0.0000000000
44710  10.428  -35.334  54.874 0.0000000000
42875  10.485  -37.183  55.183 0.0000000000
43788  10.365  -36.860  54.420 0.0000000000
42884  9.634  -38.059  53.405 0.0000000000
54497  28.197  -23.188  48.673 0.0000000000
54485  29.227  -23.501  49.804 0.0000000000
53643  28.172  -24.214  50.083 0.0000000000
52003  26.870  -26.902  51.823 0.0000000000
52001  28.426  -26.663  51.723 0.0000000000
50360  27.762  -28.284  51.799 0.0000000000
50347  22.852  -29.165  53.497 0.0000000000
50363  24.388  -28.437  52.886 0.0000000000
49482  23.326  -29.402  54.133 0.0000000000
58155  14.851  -19.281  38.370 0.0000000000
57273  14.545  -20.611  38.419 0.0000000000
53743  16.131  -24.415  37.091 0.0000000000
55532  15.897  -22.408  36.440 0.0000000000
54617  17.233  -23.241  36.353 0.0000000000
55530  17.705  -22.565  35.976 0.0000000000
53741  18.153  -24.813  37.144 0.0000000000
120284  17.414  -28.558  41.747 0.0000000000
51279  17.172  -28.227  41.002 0.0000000000
50498  18.921  -28.361  41.754 0.0000000000
52105  21.774  -26.691  42.700 0.0000000000
52139  20.507  -26.430  40.656 0.0000000000
52918  20.934  -25.604  40.429 0.0000000000
52927  20.458  -25.362  39.589 0.0000000000
53708  21.561  -24.844  40.580 0.0000000000
54567  22.051  -24.107  40.602 0.0000000000
53702  22.613  -24.667  41.855 0.0000000000
121577  25.514  -24.432  46.443 0.0000000000
54530  25.216  -23.879  45.067 0.0000000000
54518  26.748  -22.991  46.600 0.0000000000
55381  27.370  -22.569  46.951 0.0000000000
74546  5.102  1.314  52.642 0.0000000000
72447  2.586  -1.288  57.546 0.0000000000
72454  3.189  -0.714  57.045 0.0000000000
73188  3.848  0.174  57.305 0.0000000000
52820  -0.020  -25.754  55.133 0.0000000000
51143  -0.218  -27.553  53.505 0.0000000000
52819  0.258  -25.540  54.448 0.0000000000
55346  -0.102  -22.177  53.024 0.0000000000
54471  0.739  -23.634  52.896 0.0000000000
54475  1.152  -22.988  52.087 0.0000000000
54480  2.216  -23.617  50.815 0.0000000000
55356  1.684  -22.044  50.867 0.0000000000
115177  -0.239  -15.644  53.467 0.0000000000
59635  -0.558  -17.142  53.613 0.0000000000
60492  -0.431  -16.423  52.495 0.0000000000
125650  0.022  -17.241  49.811 0.0000000000
58843  0.194  -18.600  50.212 0.0000000000
58855  1.123  -18.931  49.272 0.0000000000
57188  1.544  -20.268  49.687 0.0000000000
58060  2.237  -19.695  48.332 0.0000000000
58072  3.246  -19.952  47.134 0.0000000000
58880  2.487  -18.723  47.408 0.0000000000
61410  1.089  -15.120  46.016 0.0000000000
59718  1.831  -16.446  45.609 0.0000000000
60572  1.201  -16.181  44.403 0.0000000000
60581  0.662  -16.485  43.354 0.0000000000
61436  -0.052  -15.196  44.012 0.0000000000
61437  -0.212  -14.660  43.599 0.0000000000
63096  -0.254  -13.625  44.574 0.0000000000
64655  3.699  -11.400  45.677 0.0000000000
117877  2.009  -11.541  44.928 0.0000000000
65450  2.881  -10.413  44.303 0.0000000000
65471  2.137  -9.633  43.640 0.0000000000
66193  4.034  -9.035  44.342 0.0000000000
66151  3.818  -9.204  50.390 0.0000000000
66157  4.730  -9.605  49.698 0.0000000000
66896  4.323  -8.759  49.560 0.0000000000
69282  2.616  -5.324  48.634 0.0000000000
67691  3.937  -6.898  48.095 0.0000000000
69290  3.387  -5.507  47.085 0.0000000000
68496  3.318  -6.254  45.335 0.0000000000
69300  2.786  -4.803  46.709 0.0000000000
70094  1.447  -3.543  45.721 0.0000000000
70898  1.883  -3.478  46.863 0.0000000000
71716  4.201  -2.532  49.422 0.0000000000
71727  4.314  -2.356  48.262 0.0000000000
59792  32.536  -17.556  38.359 0.0000000000
59769  33.071  -17.591  40.066 0.0000000000
58956  33.898  -17.814  39.464 0.0000000000
58953  36.374  -18.869  39.433 0.0000000000
58944  35.602  -18.662  41.134 0.0000000000
58935  36.642  -19.213  41.663 0.0000000000
58116  37.310  -20.088  43.902 0.0000000000
58124  38.539  -20.193  42.842 0.0000000000
55520  39.389  -22.872  36.573 0.0000000000
56439  39.034  -22.310  37.097 0.0000000000
55504  39.692  -22.362  37.042 0.0000000000
58141  41.773  -19.693  39.559 0.0000000000
57257  40.850  -20.985  39.594 0.0000000000
58132  40.862  -19.566  40.861 0.0000000000
58934  40.122  -19.412  42.353 0.0000000000
58933  40.927  -18.110  41.588 0.0000000000
60610  40.620  -16.702  40.486 0.0000000000
60609  41.224  -16.806  40.282 0.0000000000
115433  41.518  -14.717  34.032 0.0000000000
62377  42.189  -14.327  33.804 0.0000000000
62394  41.814  -14.408  32.931 0.0000000000
62408  41.589  -14.408  32.089 0.0000000000
61568  41.045  -14.857  32.436 0.0000000000
60736  38.964  -16.028  29.444 0.0000000000
59668  6.028  -17.224  48.952 0.0000000000
110812  -1.952  -34.013  54.168 0.0000000000
45560  -2.424  -35.048  53.691 0.0000000000
46301  -2.205  -33.826  54.105 0.0000000000
47022  -2.269  -33.216  53.887 0.0000000000
47016  -1.908  -32.504  54.824 0.0000000000
45590  8.489  -34.789  50.121 0.0000000000
45577  6.794  -35.390  50.581 0.0000000000
46331  7.165  -33.875  49.522 0.0000000000
48659  5.310  -30.198  51.357 0.0000000000
47053  4.681  -32.037  49.471 0.0000000000
47801  3.359  -31.688  50.536 0.0000000000
46335  2.803  -32.119  50.516 0.0000000000
47782  3.146  -30.914  52.089 0.0000000000
119133  5.500  -27.703  58.099 0.0000000000
50320  5.524  -29.107  56.343 0.0000000000
50302  5.295  -28.399  58.077 0.0000000000
48594  2.863  -30.542  57.117 0.0000000000
48603  3.904  -30.338  56.280 0.0000000000
48612  2.873  -30.951  55.744 0.0000000000
47774  2.179  -31.341  54.366 0.0000000000
117850  1.455  -31.612  55.635 0.0000000000
47005  0.688  -32.112  55.420 0.0000000000
47744  1.282  -31.397  56.710 0.0000000000
114651  -0.373  -28.854  56.877 0.0000000000
124745  -0.484  -30.256  56.978 0.0000000000
49458  -0.536  -29.373  56.461 0.0000000000
49469  -1.254  -30.124  55.492 0.0000000000
50321  -0.335  -28.417  55.972 0.0000000000
113630  -0.338  -27.707  55.481 0.0000000000
51122  -0.274  -27.385  56.264 0.0000000000
125477  -0.646  -22.983  58.542 0.0000000000
53596  -1.184  -24.535  57.306 0.0000000000
117379  -1.347  -22.971  57.549 0.0000000000
56243  -1.245  -21.707  57.032 0.0000000000
57146  -0.563  -20.802  57.866 0.0000000000
58007  1.145  -19.606  57.097 0.0000000000
57149  0.797  -20.396  57.447 0.0000000000
58005  0.855  -19.606  57.860 0.0000000000
60438  1.509  -16.350  58.846 0.0000000000
109749  0.900  -17.846  58.818 0.0000000000
60439  0.881  -16.692  59.023 0.0000000000
59601  0.084  -17.433  58.731 0.0000000000
61318  0.550  -16.141  58.625 0.0000000000
61328  0.458  -15.248  58.281 0.0000000000
62168  1.585  -14.488  59.115 0.0000000000
63791  3.570  -12.178  58.646 0.0000000000
64544  4.651  -11.677  57.357 0.0000000000
64548  4.696  -11.354  56.682 0.0000000000
110190  31.086  -25.398  51.468 0.0000000000
52835  31.933  -25.685  50.731 0.0000000000
51156  31.647  -27.585  50.970 0.0000000000
59806  16.206  -17.420  37.453 0.0000000000
60647  17.211  -16.283  38.219 0.0000000000
60665  17.177  -16.389  36.451 0.0000000000
61560  19.968  -15.799  33.589 0.0000000000
61536  19.022  -14.908  35.144 0.0000000000
62370  20.492  -14.342  34.632 0.0000000000
63191  21.044  -13.056  36.120 0.0000000000
62369  21.817  -14.257  34.208 0.0000000000
56459  23.405  -21.340  35.452 0.0000000000
57337  21.627  -20.336  33.672 0.0000000000
57335  23.216  -20.965  33.398 0.0000000000
107610  24.978  -17.842  32.585 0.0000000000
59855  24.311  -17.262  32.611 0.0000000000
61555  24.920  -15.815  33.631 0.0000000000
62368  23.940  -14.293  34.383 0.0000000000
62353  25.430  -14.441  35.141 0.0000000000
63187  26.235  -13.711  36.438 0.0000000000
61534  26.545  -15.402  35.169 0.0000000000
59830  29.198  -17.280  34.472 0.0000000000
60671  28.165  -16.213  35.750 0.0000000000
60661  29.056  -16.513  36.023 0.0000000000
60653  28.928  -15.952  37.777 0.0000000000
59814  30.379  -16.912  36.737 0.0000000000
59804  30.766  -17.013  37.375 0.0000000000
108698  30.786  -17.232  36.108 0.0000000000
119308  32.346  -21.163  32.671 0.0000000000
58201  32.662  -19.433  33.234 0.0000000000
57332  33.354  -20.693  32.997 0.0000000000
57331  34.215  -20.737  33.394 0.0000000000
115093  33.834  -22.037  33.164 0.0000000000
55505  32.168  -23.667  38.279 0.0000000000
55506  31.656  -23.567  37.427 0.0000000000
116254  32.408  -23.883  37.845 0.0000000000
52943  34.350  -25.743  37.580 0.0000000000
53748  33.529  -24.589  36.635 0.0000000000
53747  34.439  -25.127  36.427 0.0000000000
53764  34.543  -24.600  34.633 0.0000000000
53754  35.000  -25.297  35.535 0.0000000000
52953  35.555  -26.306  35.457 0.0000000000
52186  35.298  -26.829  36.544 0.0000000000
116794  7.286  -8.508  51.043 0.0000000000
117240  -0.486  -28.333  51.291 0.0000000000
49537  -0.391  -29.827  50.568 0.0000000000
49536  -0.113  -28.971  50.111 0.0000000000
49570  -1.658  -29.689  46.804 0.0000000000
48691  -0.570  -30.101  47.343 0.0000000000
52080  -0.477  -26.562  44.214 0.0000000000
52069  -0.579  -26.662  45.104 0.0000000000
51226  -0.203  -28.030  44.679 0.0000000000
63132  1.075  -13.575  42.589 0.0000000000
61455  2.477  -15.228  42.538 0.0000000000
63932  1.700  -12.932  42.253 0.0000000000
64709  4.003  -11.102  41.563 0.0000000000
115451  4.102  -12.792  41.701 0.0000000000
63943  5.194  -12.047  41.191 0.0000000000
116486  5.864  -13.595  40.970 0.0000000000
64724  5.673  -11.362  40.935 0.0000000000
68538  3.177  -6.119  42.296 0.0000000000
66993  6.569  -8.362  41.052 0.0000000000
60576  32.909  -16.797  44.548 0.0000000000
61402  33.260  -15.277  46.494 0.0000000000
60539  34.438  -16.308  47.025 0.0000000000
70297  48.856  -4.774  24.929 0.0000000000
70304  49.287  -4.661  23.888 0.0000000000
114655  49.932  -4.901  22.394 0.0000000000
69499  49.720  -5.333  23.231 0.0000000000
63990  44.957  -12.035  34.854 0.0000000000
65549  44.799  -10.946  34.978 0.0000000000
64763  45.383  -11.394  34.710 0.0000000000
65582  46.540  -10.641  31.851 0.0000000000
65581  46.958  -10.324  32.498 0.0000000000
118003  47.216  -9.743  31.950 0.0000000000
67049  47.509  -8.312  31.385 0.0000000000
115952  47.294  -9.215  30.260 0.0000000000
66359  46.274  -8.696  27.058 0.0000000000
67087  47.122  -8.278  27.683 0.0000000000
67096  47.068  -8.226  26.705 0.0000000000
67874  48.508  -7.200  26.826 0.0000000000
67115  47.727  -7.801  25.321 0.0000000000
67924  49.421  -6.705  21.470 0.0000000000
50378  13.634  -28.522  51.310 0.0000000000
50387  12.642  -28.408  50.145 0.0000000000
49535  14.030  -29.157  50.005 0.0000000000
49554  14.709  -29.602  48.443 0.0000000000
49566  15.835  -29.872  47.582 0.0000000000
51123  16.247  -27.750  56.024 0.0000000000
51124  15.782  -27.346  55.743 0.0000000000
51139  15.315  -27.918  54.079 0.0000000000
51152  14.230  -27.986  52.936 0.0000000000
49474  19.383  -29.241  54.942 0.0000000000
106569  19.197  -29.456  56.065 0.0000000000
50322  18.610  -29.015  55.365 0.0000000000
108568  17.223  -28.575  55.203 0.0000000000
48665  19.321  -30.441  50.714 0.0000000000
48649  20.196  -30.270  51.446 0.0000000000
48650  19.469  -30.347  51.697 0.0000000000
109673  19.594  -29.493  54.296 0.0000000000
49565  16.489  -29.958  47.156 0.0000000000
121959  16.492  -30.160  48.074 0.0000000000
48685  17.859  -30.417  48.817 0.0000000000
68449  2.287  -6.370  52.918 0.0000000000
108420  2.218  -4.954  53.164 0.0000000000
69253  2.783  -5.453  52.585 0.0000000000
70055  4.228  -4.968  52.051 0.0000000000
70046  5.261  -4.440  52.479 0.0000000000
64551  2.861  -11.125  57.050 0.0000000000
63812  2.302  -12.396  56.049 0.0000000000
65346  2.838  -10.828  56.260 0.0000000000
66108  2.655  -10.016  55.214 0.0000000000
65358  2.529  -9.808  54.539 0.0000000000
66131  1.896  -9.223  53.387 0.0000000000
66122  2.177  -9.293  54.148 0.0000000000
67641  1.732  -7.866  53.544 0.0000000000
51429  35.076  -27.193  33.154 0.0000000000
52238  36.156  -26.608  33.024 0.0000000000
43774  4.555  -37.194  54.883 0.0000000000
44711  4.990  -36.149  53.879 0.0000000000
114834  5.180  -22.728  53.039 0.0000000000
54465  4.786  -23.128  53.380 0.0000000000
55345  3.870  -22.117  52.585 0.0000000000
56251  3.061  -21.744  53.007 0.0000000000
115050  2.071  -20.034  53.297 0.0000000000
57155  1.685  -19.932  54.003 0.0000000000
124950  2.389  -18.416  53.267 0.0000000000
109247  3.222  -17.335  53.261 0.0000000000
53671  32.725  -24.077  45.100 0.0000000000
109773  31.477  -24.874  44.867 0.0000000000
108546  32.151  -24.063  45.819 0.0000000000
52866  31.596  -24.865  47.194 0.0000000000
52041  31.935  -25.724  48.254 0.0000000000
56351  25.931  -21.381  43.225 0.0000000000
56382  25.448  -21.134  41.685 0.0000000000
56350  27.070  -21.118  43.555 0.0000000000
56364  28.374  -21.438  42.791 0.0000000000
55429  29.812  -21.889  42.932 0.0000000000
55454  30.892  -22.562  41.882 0.0000000000
55428  31.409  -22.217  43.486 0.0000000000
54537  32.822  -22.879  44.149 0.0000000000
57243  1.630  -20.131  42.472 0.0000000000
55450  0.923  -22.476  42.280 0.0000000000
57249  0.285  -21.052  41.581 0.0000000000
56398  -0.481  -21.869  40.843 0.0000000000
54591  0.337  -23.026  40.088 0.0000000000
53714  2.638  -24.348  40.465 0.0000000000
55486  1.698  -22.409  39.567 0.0000000000
56406  2.138  -21.706  39.208 0.0000000000
58970  2.868  -19.087  38.989 0.0000000000
58959  3.256  -18.471  39.406 0.0000000000
60622  3.793  -16.955  41.026 0.0000000000
66321  43.235  -9.906  32.269 0.0000000000
71999  51.304  -3.162  16.953 0.0000000000
55354  6.909  -22.270  51.104 0.0000000000
124656  6.487  -21.459  49.687 0.0000000000
125139  7.442  -22.888  49.598 0.0000000000
54503  7.642  -23.212  48.689 0.0000000000
54513  8.172  -23.663  47.238 0.0000000000
51224  11.618  -27.199  44.677 0.0000000000
122589  10.688  -26.072  44.454 0.0000000000
116067  11.452  -26.292  43.275 0.0000000000
52911  11.317  -25.113  42.245 0.0000000000
53705  11.589  -24.487  41.592 0.0000000000
54569  11.987  -23.667  41.056 0.0000000000
53711  12.620  -24.194  40.473 0.0000000000
54576  13.730  -23.204  39.578 0.0000000000
114841  14.104  -22.798  38.961 0.0000000000
45549  10.382  -34.489  54.239 0.0000000000
46305  10.357  -33.688  53.661 0.0000000000
108638  10.587  -32.897  54.025 0.0000000000
48617  11.507  -30.552  54.501 0.0000000000
49464  11.993  -29.065  55.627 0.0000000000
107284  12.087  -25.306  55.400 0.0000000000
110565  12.187  -24.523  56.877 0.0000000000
52810  11.445  -24.901  55.502 0.0000000000
127336  9.906  -24.237  55.345 0.0000000000
128044  9.079  -23.915  55.059 0.0000000000
54452  8.666  -23.624  55.412 0.0000000000
53622  8.512  -24.106  53.455 0.0000000000
54473  7.505  -23.058  51.755 0.0000000000
46989  14.466  -32.591  57.173 0.0000000000
46277  15.272  -33.535  56.954 0.0000000000
46279  13.482  -33.616  57.330 0.0000000000
114357  12.950  -34.257  57.247 0.0000000000
109502  12.022  -34.985  56.769 0.0000000000
43754  11.139  -36.265  56.488 0.0000000000
109709  10.944  -34.958  56.075 0.0000000000
44703  10.663  -35.046  55.651 0.0000000000
53651  26.271  -24.804  48.131 0.0000000000
109458  27.241  -25.184  50.307 0.0000000000
52846  26.246  -25.717  49.486 0.0000000000
123460  25.830  -26.557  51.073 0.0000000000
51149  26.164  -27.311  52.123 0.0000000000
48607  22.667  -30.565  55.204 0.0000000000
115447  23.107  -30.980  55.032 0.0000000000
47001  23.149  -32.363  55.064 0.0000000000
45542  22.851  -34.098  54.467 0.0000000000
114195  14.651  -22.308  37.536 0.0000000000
53734  14.680  -24.220  37.924 0.0000000000
52947  15.479  -24.827  37.576 0.0000000000
52938  16.726  -25.927  37.820 0.0000000000
50428  20.304  -28.910  44.821 0.0000000000
50478  19.991  -28.368  42.951 0.0000000000
110907  21.381  -27.765  43.958 0.0000000000
52078  21.925  -27.336  44.154 0.0000000000
52890  22.859  -26.120  44.013 0.0000000000
52894  23.208  -25.398  43.662 0.0000000000
52880  23.874  -25.895  45.272 0.0000000000
52870  24.726  -25.472  46.415 0.0000000000
71707  5.093  -2.207  50.639 0.0000000000
73213  5.955  -0.528  51.170 0.0000000000
71691  5.144  -1.815  52.064 0.0000000000
73207  5.431  -0.467  53.073 0.0000000000
73880  5.339  0.164  53.513 0.0000000000
73179  4.711  -0.407  58.287 0.0000000000
73864  4.558  1.366  58.193 0.0000000000
75198  5.658  2.277  57.648 0.0000000000
54461  -0.893  -23.021  55.266 0.0000000000
53624  -0.294  -24.018  54.594 0.0000000000
55332  -0.690  -22.665  54.520 0.0000000000
56253  -0.629  -21.349  53.560 0.0000000000
57162  -0.315  -20.645  52.673 0.0000000000
62195  0.897  -14.641  52.170 0.0000000000
106554  -0.308  -16.004  51.933 0.0000000000
125426  0.133  -15.199  50.790 0.0000000000
61386  0.204  -15.733  49.735 0.0000000000
60531  0.624  -16.489  48.757 0.0000000000
59695  1.485  -16.933  47.742 0.0000000000
107622  0.791  -15.288  48.211 0.0000000000
62227  0.943  -14.730  47.717 0.0000000000
127403  0.869  -14.196  46.498 0.0000000000
63885  0.785  -13.076  45.686 0.0000000000
63883  2.209  -12.465  46.379 0.0000000000
64639  3.647  -11.867  46.423 0.0000000000
64638  4.404  -11.363  46.282 0.0000000000
68463  0.911  -6.459  50.698 0.0000000000
67677  2.339  -7.156  50.085 0.0000000000
68471  1.392  -6.089  50.137 0.0000000000
70064  1.397  -4.269  49.623 0.0000000000
126770  2.022  -4.110  48.822 0.0000000000
111362  2.049  -2.895  48.173 0.0000000000
71718  2.190  -2.777  49.742 0.0000000000
71709  3.100  -2.622  50.211 0.0000000000
58984  34.463  -18.348  36.604 0.0000000000
58965  34.616  -18.191  38.234 0.0000000000
58973  35.330  -18.686  36.952 0.0000000000
115116  36.220  -18.956  38.106 0.0000000000
113273  37.535  -19.578  38.720 0.0000000000
56452  40.309  -22.211  36.074 0.0000000000
56422  40.474  -21.655  37.300 0.0000000000
58168  40.915  -20.366  37.199 0.0000000000
58159  41.685  -19.330  37.997 0.0000000000
58963  42.239  -18.882  39.017 0.0000000000
59779  42.252  -17.017  39.121 0.0000000000
59789  42.443  -16.878  38.179 0.0000000000
59799  42.231  -16.574  37.439 0.0000000000
121499  42.883  -15.072  36.626 0.0000000000
111926  42.827  -14.792  35.958 0.0000000000
61530  42.171  -15.027  35.395 0.0000000000
61542  41.309  -15.315  34.696 0.0000000000
60686  39.955  -15.613  33.339 0.0000000000
59692  7.621  -17.859  47.328 0.0000000000
59690  9.262  -17.256  47.413 0.0000000000
44716  -1.306  -35.473  53.303 0.0000000000
45550  -1.462  -34.437  53.964 0.0000000000
46299  -1.430  -33.583  54.466 0.0000000000
48669  8.526  -30.525  50.375 0.0000000000
47798  7.022  -31.033  49.660 0.0000000000
48657  6.947  -29.762  50.981 0.0000000000
48641  5.794  -29.644  52.017 0.0000000000
49495  5.375  -29.491  53.781 0.0000000000
51984  3.452  -26.382  57.030 0.0000000000
51101  4.254  -28.021  58.415 0.0000000000
51961  3.343  -27.652  58.454 0.0000000000
120220  2.605  -29.014  58.667 0.0000000000
49439  1.937  -29.629  58.318 0.0000000000
48596  1.297  -30.847  57.305 0.0000000000
50306  0.914  -29.107  58.401 0.0000000000
118203  0.047  -28.558  58.292 0.0000000000
51113  -0.386  -27.938  57.899 0.0000000000
51977  -0.643  -26.210  57.916 0.0000000000
52791  -0.437  -25.433  58.361 0.0000000000
53585  -0.129  -24.088  58.736 0.0000000000
55320  -0.244  -22.329  58.538 0.0000000000
59606  1.583  -17.868  57.782 0.0000000000
60442  2.470  -16.391  58.395 0.0000000000
62167  2.469  -14.924  59.156 0.0000000000
62164  2.464  -14.144  59.065 0.0000000000
62979  4.019  -13.989  59.119 0.0000000000
49517  31.103  -29.152  51.643 0.0000000000
113376  17.213  -18.954  34.756 0.0000000000
59834  17.393  -17.595  34.647 0.0000000000
126297  18.070  -19.158  34.320 0.0000000000
59018  18.691  -17.996  33.577 0.0000000000
59843  20.199  -17.306  32.717 0.0000000000
56457  24.998  -21.971  35.123 0.0000000000
57334  23.986  -21.161  33.077 0.0000000000
56492  25.541  -21.702  33.209 0.0000000000
58221  26.142  -19.480  32.347 0.0000000000
117994  26.436  -17.963  32.652 0.0000000000
59832  27.321  -16.784  34.066 0.0000000000
59029  27.566  -18.636  32.592 0.0000000000
111638  28.957  -18.443  32.897 0.0000000000
59013  29.648  -18.104  33.296 0.0000000000
106356  31.077  -18.121  33.587 0.0000000000
124988  30.399  -20.022  32.466 0.0000000000
56505  31.311  -21.257  32.605 0.0000000000
55569  31.615  -22.357  33.351 0.0000000000
53707  33.193  -24.760  40.060 0.0000000000
127177  33.036  -24.647  38.575 0.0000000000
107525  33.407  -25.090  39.340 0.0000000000
52162  33.976  -25.885  38.228 0.0000000000
52178  34.306  -27.154  37.973 0.0000000000
51366  34.740  -27.292  37.286 0.0000000000
119911  33.088  -28.095  38.119 0.0000000000
52031  0.336  -26.555  49.754 0.0000000000
112033  -0.392  -27.871  49.079 0.0000000000
52046  -0.271  -26.602  48.689 0.0000000000
123587  -0.672  -27.410  47.512 0.0000000000
50420  -1.401  -28.996  46.421 0.0000000000
50470  1.631  -28.291  44.436 0.0000000000
49614  2.122  -30.181  44.643 0.0000000000
65503  -0.014  -9.978  41.897 0.0000000000
64712  0.888  -11.295  41.719 0.0000000000
66251  0.425  -9.204  41.678 0.0000000000
66249  2.562  -9.517  41.532 0.0000000000
66248  3.885  -9.599  41.636 0.0000000000
59708  35.969  -18.333  46.767 0.0000000000
59696  35.375  -17.310  46.875 0.0000000000
60561  36.176  -16.809  45.713 0.0000000000
114408  35.134  -16.106  43.670 0.0000000000
61447  33.866  -15.015  42.018 0.0000000000
109875  46.537  -5.409  26.233 0.0000000000
115042  48.188  -5.197  26.224 0.0000000000
69474  48.835  -5.526  26.028 0.0000000000
63234  44.116  -12.898  33.017 0.0000000000
64016  45.158  -11.934  33.512 0.0000000000
64024  44.385  -12.137  31.621 0.0000000000
64812  44.902  -11.567  31.003 0.0000000000
65591  45.368  -10.902  30.502 0.0000000000
125680  46.598  -8.393  24.100 0.0000000000
52019  9.739  -25.995  51.137 0.0000000000
52847  9.376  -25.838  49.721 0.0000000000
52029  10.326  -26.770  50.032 0.0000000000
51183  10.652  -27.254  48.770 0.0000000000
51192  11.342  -27.773  47.381 0.0000000000
50401  12.510  -28.573  48.179 0.0000000000
51191  12.053  -28.336  47.356 0.0000000000
108441  11.884  -28.002  46.031 0.0000000000
51223  12.350  -27.651  44.328 0.0000000000
51238  13.171  -27.832  43.083 0.0000000000
51257  13.911  -27.877  42.097 0.0000000000
48587  13.021  -30.469  57.169 0.0000000000
49444  12.854  -29.324  57.329 0.0000000000
50300  13.260  -28.578  57.652 0.0000000000
51950  14.046  -26.753  57.133 0.0000000000
52801  13.654  -25.550  56.691 0.0000000000
51988  14.736  -26.533  55.971 0.0000000000
52808  14.058  -25.972  56.031 0.0000000000
52809  12.725  -25.455  55.726 0.0000000000
51993  11.884  -25.958  54.208 0.0000000000
126381  10.849  -26.208  52.930 0.0000000000
46283  20.431  -34.086  55.709 0.0000000000
45538  18.198  -34.519  55.501 0.0000000000
46285  18.478  -33.704  56.037 0.0000000000
46998  17.839  -33.150  56.211 0.0000000000
46988  16.619  -32.515  56.515 0.0000000000
49441  17.843  -29.638  56.631 0.0000000000
48589  17.047  -30.688  56.757 0.0000000000
117532  15.729  -31.984  56.466 0.0000000000
47733  14.908  -31.118  57.081 0.0000000000
48585  13.974  -30.408  57.392 0.0000000000
50398  22.946  -28.444  48.373 0.0000000000
51173  23.791  -27.811  49.527 0.0000000000
121789  22.806  -28.792  49.833 0.0000000000
50365  22.880  -28.988  52.592 0.0000000000
49483  22.192  -29.424  53.978 0.0000000000
49522  20.974  -29.851  52.323 0.0000000000
49484  21.618  -29.506  54.391 0.0000000000
48616  22.287  -29.832  55.002 0.0000000000
47755  22.066  -30.218  55.482 0.0000000000
46994  21.803  -32.182  56.059 0.0000000000
51281  15.113  -27.987  41.152 0.0000000000
50483  15.214  -28.631  42.729 0.0000000000
111126  16.755  -29.154  43.021 0.0000000000
49622  17.867  -29.314  43.693 0.0000000000
107214  17.222  -29.681  45.831 0.0000000000
106872  18.730  -29.569  45.628 0.0000000000
49596  19.478  -29.356  45.174 0.0000000000
50416  21.047  -29.099  46.178 0.0000000000
50407  21.823  -29.100  47.326 0.0000000000
70856  -0.202  -3.553  53.205 0.0000000000
112844  1.315  -2.517  54.621 0.0000000000
71667  0.497  -3.066  55.771 0.0000000000
70821  1.252  -2.685  56.837 0.0000000000
71658  2.523  -1.997  57.769 0.0000000000
124693  2.262  -4.053  54.775 0.0000000000
70820  2.935  -2.683  57.324 0.0000000000
71657  3.684  -2.126  57.618 0.0000000000
72441  5.102  -1.197  57.878 0.0000000000
73186  6.709  -0.730  56.330 0.0000000000
73185  7.094  -0.927  55.437 0.0000000000
60461  -0.411  -16.252  56.378 0.0000000000
59619  -0.546  -17.169  55.124 0.0000000000
61349  -0.330  -15.589  55.873 0.0000000000
62187  -0.195  -15.291  54.633 0.0000000000
62186  0.567  -14.710  54.305 0.0000000000
63019  2.297  -13.088  55.407 0.0000000000
127241  2.023  -13.839  54.304 0.0000000000
62190  1.044  -14.612  53.561 0.0000000000
112224  2.221  -14.048  52.855 0.0000000000
63035  3.436  -13.467  51.460 0.0000000000
111310  4.129  -13.019  51.132 0.0000000000
63850  4.779  -12.124  50.412 0.0000000000
64594  4.688  -11.508  50.881 0.0000000000
65394  3.865  -9.981  51.049 0.0000000000
66145  2.281  -8.653  51.573 0.0000000000
66132  1.343  -8.755  53.040 0.0000000000
66884  1.450  -8.366  52.141 0.0000000000
67660  1.433  -7.761  51.376 0.0000000000
67662  0.161  -7.020  51.884 0.0000000000
70050  -0.562  -4.943  52.885 0.0000000000
126104  36.351  -23.897  34.398 0.0000000000
55538  37.368  -22.539  35.345 0.0000000000
54624  38.254  -24.098  35.431 0.0000000000
54623  39.002  -24.029  35.722 0.0000000000
54622  39.422  -23.927  35.392 0.0000000000
54649  39.421  -23.913  34.547 0.0000000000
55550  39.800  -23.150  35.257 0.0000000000
117092  39.482  -21.590  35.006 0.0000000000
57313  39.075  -20.689  34.728 0.0000000000
58187  38.774  -19.744  34.663 0.0000000000
59008  38.138  -18.078  34.309 0.0000000000
44714  1.630  -36.131  53.772 0.0000000000
44750  1.011  -35.019  52.333 0.0000000000
51098  6.915  -26.951  57.892 0.0000000000
51121  6.671  -28.040  56.613 0.0000000000
51959  6.056  -26.396  58.159 0.0000000000
51973  5.477  -26.352  57.916 0.0000000000
52804  4.551  -25.560  56.390 0.0000000000
53616  4.848  -24.266  54.467 0.0000000000
52812  4.446  -24.932  55.337 0.0000000000
122558  3.797  -25.930  56.486 0.0000000000
52814  2.795  -25.294  55.834 0.0000000000
53602  1.900  -24.574  56.192 0.0000000000
125354  1.384  -23.975  56.570 0.0000000000
54442  1.035  -23.542  57.045 0.0000000000
56244  1.093  -21.773  56.349 0.0000000000
124483  1.161  -21.040  56.118 0.0000000000
126546  1.544  -18.480  56.133 0.0000000000
58813  1.603  -18.568  54.762 0.0000000000
59618  1.699  -18.018  55.585 0.0000000000
51271  32.293  -27.252  41.051 0.0000000000
116776  30.845  -27.295  40.753 0.0000000000
51249  31.110  -27.153  42.126 0.0000000000
52088  30.185  -26.301  43.370 0.0000000000
52878  30.487  -25.393  45.435 0.0000000000
52063  29.923  -25.800  45.268 0.0000000000
55512  21.412  -22.049  37.671 0.0000000000
56443  21.388  -21.471  36.405 0.0000000000
56430  22.094  -21.437  37.504 0.0000000000
107903  23.129  -21.022  36.965 0.0000000000
124987  23.994  -21.198  37.321 0.0000000000
56392  25.619  -21.163  40.799 0.0000000000
56412  25.687  -21.739  38.735 0.0000000000
116396  25.067  -21.752  36.704 0.0000000000
55511  26.624  -22.275  37.236 0.0000000000
55510  27.571  -22.474  36.984 0.0000000000
55525  28.834  -22.647  36.045 0.0000000000
106871  29.606  -22.758  35.984 0.0000000000
55508  29.956  -22.863  37.904 0.0000000000
55490  31.612  -23.434  38.760 0.0000000000
55475  32.139  -23.562  39.916 0.0000000000
55453  31.768  -23.008  41.652 0.0000000000
55464  32.168  -23.482  40.958 0.0000000000
54563  32.867  -24.134  40.627 0.0000000000
53701  33.153  -24.738  41.081 0.0000000000
52118  33.255  -26.433  41.039 0.0000000000
54526  2.862  -23.746  46.597 0.0000000000
53670  0.749  -25.032  46.082 0.0000000000
53676  1.278  -24.533  45.482 0.0000000000
53685  0.128  -24.704  44.167 0.0000000000
115641  -0.457  -25.872  43.594 0.0000000000
54561  -0.001  -23.636  42.238 0.0000000000
52904  -0.345  -25.184  42.451 0.0000000000
51264  0.604  -26.979  43.399 0.0000000000
51241  3.060  -27.921  43.675 0.0000000000
50468  4.147  -29.248  43.466 0.0000000000
62304  7.232  -15.055  39.125 0.0000000000
69335  0.972  -4.752  43.294 0.0000000000
69354  1.101  -5.346  42.637 0.0000000000
70132  1.172  -4.450  43.308 0.0000000000
59768  38.168  -17.039  41.332 0.0000000000
114198  36.122  -16.671  41.148 0.0000000000
110129  44.699  -6.921  29.726 0.0000000000
68625  46.211  -6.100  29.641 0.0000000000
58038  3.859  -19.226  50.866 0.0000000000
59658  4.427  -17.586  50.565 0.0000000000
58048  4.765  -19.022  49.895 0.0000000000
58853  5.256  -18.523  49.356 0.0000000000
58865  6.192  -18.587  48.218 0.0000000000
56293  6.423  -21.101  48.920 0.0000000000
57208  6.573  -20.063  47.776 0.0000000000
58878  7.171  -18.692  47.021 0.0000000000
58084  7.651  -19.209  46.462 0.0000000000
58093  8.800  -19.356  45.511 0.0000000000
58102  10.348  -19.808  44.463 0.0000000000
53652  9.118  -25.544  48.267 0.0000000000
53660  8.522  -24.480  47.314 0.0000000000
53667  8.575  -24.165  46.565 0.0000000000
53675  9.813  -25.108  45.017 0.0000000000
54531  9.068  -23.683  45.001 0.0000000000
115191  8.623  -23.173  45.452 0.0000000000
107978  9.257  -21.961  44.272 0.0000000000
56342  10.210  -20.621  43.893 0.0000000000
127408  11.463  -20.150  43.807 0.0000000000
55446  14.363  -21.644  42.253 0.0000000000
55459  13.451  -22.515  40.867 0.0000000000
55445  14.722  -21.627  41.907 0.0000000000
56371  15.317  -21.511  42.478 0.0000000000
57247  15.918  -20.319  41.795 0.0000000000
58947  16.631  -17.975  40.786 0.0000000000
42885  7.076  -37.934  52.782 0.0000000000
42895  7.994  -37.427  51.641 0.0000000000
44780  9.218  -35.064  50.718 0.0000000000
46329  9.280  -33.299  49.972 0.0000000000
46313  10.185  -32.919  52.238 0.0000000000
47034  9.912  -32.379  51.034 0.0000000000
47795  9.628  -31.637  50.542 0.0000000000
119555  8.975  -29.162  52.328 0.0000000000
50338  8.725  -27.811  54.228 0.0000000000
51129  8.231  -27.386  55.239 0.0000000000
49445  12.544  -29.147  56.912 0.0000000000
50311  12.244  -28.290  56.794 0.0000000000
51109  11.308  -26.953  57.090 0.0000000000
53577  11.864  -24.314  58.093 0.0000000000
51954  11.038  -25.803  58.136 0.0000000000
51117  10.612  -27.009  56.512 0.0000000000
51981  9.788  -26.508  56.845 0.0000000000
51982  8.869  -26.523  56.764 0.0000000000
51957  7.666  -26.163  58.342 0.0000000000
53582  7.909  -24.579  58.364 0.0000000000
54441  7.334  -23.580  56.319 0.0000000000
54448  7.036  -23.358  55.548 0.0000000000
54454  7.376  -23.112  54.307 0.0000000000
125129  6.891  -22.972  54.456 0.0000000000
55336  5.870  -22.658  53.295 0.0000000000
56255  5.079  -22.095  52.042 0.0000000000
119663  4.352  -21.105  51.498 0.0000000000
44694  17.465  -34.630  55.102 0.0000000000
44687  15.555  -35.026  56.597 0.0000000000
43760  10.927  -36.885  56.328 0.0000000000
55378  29.772  -22.194  47.889 0.0000000000
54494  30.867  -23.145  49.122 0.0000000000
55357  30.098  -23.059  49.279 0.0000000000
53631  30.573  -24.563  51.058 0.0000000000
119634  30.331  -25.700  51.828 0.0000000000
52837  28.128  -25.164  51.264 0.0000000000
52000  29.266  -26.622  51.883 0.0000000000
51145  29.771  -27.477  52.039 0.0000000000
51160  24.063  -28.061  51.372 0.0000000000
125282  24.807  -27.858  52.314 0.0000000000
49501  25.788  -28.687  52.629 0.0000000000
48622  26.006  -30.406  52.734 0.0000000000
59772  17.018  -17.285  40.414 0.0000000000
58957  15.852  -17.919  39.388 0.0000000000
58978  15.244  -18.688  37.762 0.0000000000
58173  15.805  -19.478  36.172 0.0000000000
125037  14.877  -21.771  37.108 0.0000000000
56448  15.626  -20.977  36.440 0.0000000000
57307  16.408  -20.138  35.725 0.0000000000
56463  17.629  -21.165  35.406 0.0000000000
55544  18.755  -22.534  36.026 0.0000000000
55529  19.566  -22.807  36.532 0.0000000000
51329  15.904  -27.326  39.547 0.0000000000
51328  16.982  -27.408  39.554 0.0000000000
52168  18.017  -26.607  38.420 0.0000000000
51277  19.510  -27.809  41.364 0.0000000000
51326  18.813  -27.142  39.527 0.0000000000
52936  18.527  -25.998  38.065 0.0000000000
53732  19.589  -24.824  38.117 0.0000000000
54595  19.896  -24.021  37.839 0.0000000000
55513  20.666  -22.571  37.308 0.0000000000
55482  21.831  -22.786  39.371 0.0000000000
124694  22.792  -22.518  40.325 0.0000000000
55444  23.970  -22.714  42.226 0.0000000000
53688  23.683  -24.641  43.514 0.0000000000
122865  24.481  -23.221  43.479 0.0000000000
55430  25.369  -22.241  43.764 0.0000000000
55407  26.443  -21.911  44.681 0.0000000000
55394  28.053  -21.932  46.740 0.0000000000
72463  3.045  -1.584  55.227 0.0000000000
73193  4.735  -0.308  54.782 0.0000000000
124047  4.637  1.311  54.254 0.0000000000
74528  4.493  1.990  57.451 0.0000000000
75211  3.992  2.564  55.516 0.0000000000
120206  -0.987  -28.700  53.675 0.0000000000
49516  -1.300  -30.149  52.380 0.0000000000
50370  -0.606  -28.292  53.105 0.0000000000
51164  -0.360  -27.784  52.366 0.0000000000
52022  0.056  -27.404  51.643 0.0000000000
120189  0.755  -24.581  53.373 0.0000000000
52825  1.186  -25.397  52.856 0.0000000000
52020  1.299  -26.186  51.034 0.0000000000
52842  1.759  -25.591  50.521 0.0000000000
53646  2.667  -24.384  49.548 0.0000000000
54504  3.030  -23.653  49.044 0.0000000000
59636  -0.586  -17.914  53.950 0.0000000000
58025  -0.635  -19.441  53.183 0.0000000000
106211  -0.229  -19.949  52.184 0.0000000000
59650  -0.562  -16.896  51.716 0.0000000000
58031  -0.277  -19.061  51.568 0.0000000000
57169  0.421  -20.426  51.384 0.0000000000
56285  1.795  -20.904  49.962 0.0000000000
56284  2.520  -21.619  49.535 0.0000000000
54515  3.331  -23.102  47.647 0.0000000000
56305  3.540  -21.516  47.188 0.0000000000
57224  3.681  -20.792  45.665 0.0000000000
58104  3.568  -19.704  44.602 0.0000000000
59705  2.483  -17.684  46.504 0.0000000000
58904  3.390  -18.672  45.027 0.0000000000
58919  3.161  -18.861  43.926 0.0000000000
58112  1.708  -18.748  42.853 0.0000000000
59751  0.470  -17.570  42.364 0.0000000000
59752  0.391  -17.055  42.147 0.0000000000
60608  0.491  -16.789  41.983 0.0000000000
60593  0.486  -16.252  42.594 0.0000000000
62279  0.311  -14.160  42.854 0.0000000000
63935  -0.342  -11.981  42.711 0.0000000000
64658  0.403  -12.027  44.641 0.0000000000
64673  -0.116  -11.726  44.069 0.0000000000
65488  -0.238  -10.751  42.804 0.0000000000
66210  0.585  -9.119  42.771 0.0000000000
66944  1.476  -7.909  43.088 0.0000000000
67728  2.117  -7.383  43.465 0.0000000000
64615  5.113  -11.699  48.995 0.0000000000
65406  5.548  -10.386  48.200 0.0000000000
66170  5.565  -9.526  47.275 0.0000000000
67684  3.636  -7.068  48.978 0.0000000000
67690  4.415  -7.503  47.522 0.0000000000
113479  4.823  -8.195  46.251 0.0000000000
67706  3.817  -7.018  44.875 0.0000000000
68503  2.726  -6.467  44.379 0.0000000000
68505  1.119  -5.281  43.467 0.0000000000
69318  1.211  -4.667  44.086 0.0000000000
109541  1.086  -2.597  44.860 0.0000000000
72524  1.159  -1.058  45.944 0.0000000000
71743  2.026  -2.514  47.619 0.0000000000
72511  2.554  -1.437  46.897 0.0000000000
72522  2.790  -0.616  46.364 0.0000000000
113739  30.822  -16.453  40.326 0.0000000000
61448  31.045  -15.781  42.983 0.0000000000
59759  31.934  -16.882  41.336 0.0000000000
59747  32.913  -17.267  42.797 0.0000000000
59746  33.609  -17.754  43.411 0.0000000000
58955  34.635  -18.129  39.888 0.0000000000
58927  34.884  -18.623  42.684 0.0000000000
58914  35.716  -19.391  44.789 0.0000000000
58108  36.606  -19.998  45.419 0.0000000000
58913  38.210  -19.607  44.824 0.0000000000
59730  39.011  -18.984  44.245 0.0000000000
56440  38.148  -21.769  36.726 0.0000000000
57279  37.971  -20.866  37.360 0.0000000000
58152  38.507  -20.141  38.839 0.0000000000
57267  40.355  -21.261  38.948 0.0000000000
57258  40.021  -20.777  39.707 0.0000000000
108095  38.890  -19.969  40.712 0.0000000000
58113  39.499  -19.876  42.932 0.0000000000
59742  39.805  -18.601  43.037 0.0000000000
124309  38.739  -17.439  42.509 0.0000000000
119788  38.991  -16.930  40.999 0.0000000000
61476  41.963  -15.278  39.224 0.0000000000
119760  44.088  -12.624  35.706 0.0000000000
63205  44.406  -12.848  34.463 0.0000000000
126997  43.180  -14.189  34.991 0.0000000000
62360  43.450  -13.958  34.432 0.0000000000
112293  43.723  -13.373  33.440 0.0000000000
63249  42.769  -13.541  32.279 0.0000000000
62415  42.117  -13.871  31.735 0.0000000000
111380  41.021  -14.214  30.266 0.0000000000
59838  38.202  -17.380  33.645 0.0000000000
60703  38.455  -16.746  32.890 0.0000000000
121387  39.295  -15.883  32.359 0.0000000000
60716  38.734  -16.344  31.561 0.0000000000
60715  39.359  -15.811  31.900 0.0000000000
61585  39.560  -15.578  30.754 0.0000000000
61584  40.002  -15.075  30.355 0.0000000000
71995  50.889  -3.387  18.049 0.0000000000
71161  50.848  -3.776  19.244 0.0000000000
70334  50.798  -4.429  19.531 0.0000000000
66112  5.353  -10.083  53.972 0.0000000000
66129  5.563  -9.336  52.579 0.0000000000
60511  5.465  -16.409  50.519 0.0000000000
46316  -2.307  -33.197  52.974 0.0000000000
120942  -2.094  -32.506  53.345 0.0000000000
47776  -1.778  -31.487  53.800 0.0000000000
43824  6.422  -36.392  52.072 0.0000000000
44746  5.804  -35.945  52.431 0.0000000000
45567  4.957  -35.198  52.223 0.0000000000
47051  5.992  -32.420  49.110 0.0000000000
108234  5.010  -33.757  50.198 0.0000000000
45580  4.542  -34.759  51.516 0.0000000000
45581  3.517  -34.487  51.275 0.0000000000
45583  1.726  -33.850  51.435 0.0000000000
46314  1.000  -33.415  51.960 0.0000000000
50319  6.272  -28.692  56.118 0.0000000000
49479  5.399  -29.453  54.968 0.0000000000
49480  4.648  -29.839  54.892 0.0000000000
49447  4.559  -29.508  57.318 0.0000000000
48610  4.229  -30.128  55.652 0.0000000000
48629  3.540  -30.438  53.695 0.0000000000
108927  2.204  -31.300  53.335 0.0000000000
119012  1.557  -31.811  52.667 0.0000000000
47028  0.642  -33.162  52.735 0.0000000000
47021  0.307  -33.038  53.727 0.0000000000
47014  0.058  -32.888  54.888 0.0000000000
47007  -1.010  -32.489  55.827 0.0000000000
48597  0.487  -31.304  57.081 0.0000000000
47751  -0.322  -31.607  56.767 0.0000000000
47760  -1.393  -31.766  55.842 0.0000000000
48613  -1.584  -31.028  55.154 0.0000000000
120151  -1.464  -30.164  54.742 0.0000000000
49497  -1.520  -30.094  53.970 0.0000000000
50343  -1.097  -28.756  54.468 0.0000000000
51138  -0.262  -27.333  55.180 0.0000000000
128077  -0.351  -25.267  55.581 0.0000000000
110675  -0.813  -25.847  57.151 0.0000000000
53604  -0.934  -24.622  56.309 0.0000000000
53611  -0.904  -23.916  55.688 0.0000000000
55327  -1.185  -22.506  55.600 0.0000000000
112402  -1.232  -21.165  56.372 0.0000000000
58008  -0.928  -19.569  56.373 0.0000000000
55323  0.365  -22.160  58.107 0.0000000000
56238  0.106  -21.868  58.332 0.0000000000
115602  0.115  -21.041  58.193 0.0000000000
110283  0.978  -18.977  58.275 0.0000000000
58001  0.656  -18.865  58.421 0.0000000000
110250  -0.018  -19.928  58.259 0.0000000000
58803  -0.430  -18.974  58.013 0.0000000000
59608  -0.534  -18.132  57.896 0.0000000000
59612  -0.617  -17.929  56.986 0.0000000000
61336  -0.197  -15.625  57.497 0.0000000000
107096  0.631  -13.894  58.133 0.0000000000
63798  1.289  -12.966  57.906 0.0000000000
63787  3.070  -12.664  58.877 0.0000000000
109624  2.836  -12.228  58.600 0.0000000000
64547  2.629  -11.738  57.704 0.0000000000
64550  3.478  -10.966  57.201 0.0000000000
65348  4.676  -10.620  55.543 0.0000000000
51274  29.370  -27.087  41.150 0.0000000000
54482  32.089  -24.010  49.187 0.0000000000
52033  32.194  -26.071  48.964 0.0000000000
122368  17.787  -16.282  39.694 0.0000000000
108590  18.924  -15.330  38.871 0.0000000000
62314  19.658  -14.804  38.626 0.0000000000
61537  18.376  -15.418  35.573 0.0000000000
62340  19.481  -14.381  36.664 0.0000000000
57318  21.155  -20.526  34.332 0.0000000000
58204  21.167  -19.222  32.990 0.0000000000
59858  21.666  -17.720  32.412 0.0000000000
58224  23.440  -19.704  32.504 0.0000000000
59857  22.550  -17.597  32.408 0.0000000000
60691  22.554  -15.907  32.915 0.0000000000
63210  23.256  -13.931  34.491 0.0000000000
63987  23.834  -12.956  35.512 0.0000000000
60672  27.361  -15.746  35.594 0.0000000000
59794  31.002  -16.912  38.739 0.0000000000
109484  31.984  -17.447  37.769 0.0000000000
58986  32.745  -17.706  36.656 0.0000000000
59001  31.890  -17.930  34.200 0.0000000000
58993  33.348  -18.138  35.084 0.0000000000
58992  33.859  -18.204  35.803 0.0000000000
58188  35.057  -19.544  34.919 0.0000000000
57330  35.009  -20.919  33.751 0.0000000000
125858  35.747  -22.203  33.938 0.0000000000
55539  31.044  -23.281  36.090 0.0000000000
54627  31.822  -23.588  35.779 0.0000000000
54638  32.011  -23.380  34.724 0.0000000000
53739  33.102  -24.557  37.384 0.0000000000
54612  33.120  -24.169  36.023 0.0000000000
54637  32.885  -23.539  34.381 0.0000000000
54636  33.775  -23.815  34.126 0.0000000000
54635  34.582  -23.961  33.924 0.0000000000
54634  35.456  -23.760  33.988 0.0000000000
54633  36.314  -24.791  34.470 0.0000000000
52961  35.787  -26.328  34.496 0.0000000000
52208  35.559  -26.948  34.185 0.0000000000
51397  34.118  -28.037  34.265 0.0000000000
66882  5.644  -8.193  51.552 0.0000000000
68455  6.579  -6.424  51.280 0.0000000000
70044  6.849  -4.726  52.718 0.0000000000
69246  7.686  -5.376  53.865 0.0000000000
70026  6.867  -4.663  54.749 0.0000000000
49529  -0.867  -30.005  51.404 0.0000000000
110179  -0.862  -31.686  50.491 0.0000000000
117947  0.324  -29.773  48.887 0.0000000000
52875  -0.264  -25.975  46.409 0.0000000000
50432  -0.994  -28.254  46.156 0.0000000000
49601  -1.797  -29.749  45.827 0.0000000000
61468  1.911  -15.980  42.200 0.0000000000
61467  3.054  -15.829  42.218 0.0000000000
61466  4.186  -15.687  42.106 0.0000000000
63145  2.677  -13.124  42.147 0.0000000000
63129  3.960  -14.131  42.232 0.0000000000
61465  5.151  -15.720  41.582 0.0000000000
62295  6.101  -14.481  40.850 0.0000000000
123499  6.542  -14.422  40.189 0.0000000000
68556  1.565  -6.626  41.811 0.0000000000
113958  3.550  -8.116  41.706 0.0000000000
66247  4.764  -9.563  41.607 0.0000000000
66974  5.819  -8.365  41.475 0.0000000000
65512  5.508  -10.558  41.211 0.0000000000
114045  35.264  -15.247  46.966 0.0000000000
116118  35.420  -16.380  41.097 0.0000000000
70323  50.234  -4.654  21.384 0.0000000000
123896  50.327  -5.490  20.368 0.0000000000
64778  42.727  -11.294  34.170 0.0000000000
65575  43.853  -10.088  33.256 0.0000000000
66320  44.805  -9.565  33.263 0.0000000000
65574  46.381  -10.590  33.852 0.0000000000
65560  46.331  -9.878  33.758 0.0000000000
67044  45.760  -8.589  32.411 0.0000000000
67051  46.222  -8.017  31.751 0.0000000000
67834  46.395  -7.180  30.881 0.0000000000
68623  47.836  -6.689  29.812 0.0000000000
65600  44.934  -10.589  29.555 0.0000000000
66345  46.073  -9.288  28.889 0.0000000000
66343  47.537  -8.620  29.664 0.0000000000
67075  47.967  -7.925  29.110 0.0000000000
119532  48.239  -6.426  28.846 0.0000000000
67861  48.643  -6.638  27.455 0.0000000000
67872  49.061  -6.488  25.999 0.0000000000
67883  49.276  -6.454  25.235 0.0000000000
67905  48.860  -7.147  23.873 0.0000000000
120373  49.569  -6.303  23.824 0.0000000000
126342  49.776  -6.336  21.977 0.0000000000
68703  49.927  -6.206  21.221 0.0000000000
68721  50.059  -6.019  19.297 0.0000000000
49509  15.941  -29.398  52.112 0.0000000000
48653  16.225  -29.861  51.394 0.0000000000
49508  16.686  -29.623  52.467 0.0000000000
49489  16.995  -29.384  53.346 0.0000000000
48652  17.105  -30.126  51.710 0.0000000000
48667  16.703  -30.273  50.646 0.0000000000
66863  4.099  -8.664  53.568 0.0000000000
66872  4.408  -8.217  52.702 0.0000000000
66130  4.822  -8.861  52.954 0.0000000000
59648  4.226  -17.295  51.249 0.0000000000
58833  3.611  -18.439  51.188 0.0000000000
59641  3.408  -17.509  52.416 0.0000000000
55375  31.929  -22.832  47.118 0.0000000000
55376  31.330  -22.398  47.488 0.0000000000
56307  29.781  -21.669  46.647 0.0000000000
56306  31.271  -21.839  46.044 0.0000000000
48645  -1.528  -31.124  52.500 0.0000000000
106239  0.384  -18.060  41.696 0.0000000000
58940  -0.093  -19.384  41.049 0.0000000000
58951  0.309  -18.709  41.045 0.0000000000
58962  0.611  -19.132  40.281 0.0000000000
59763  0.838  -17.282  41.537 0.0000000000
63993  40.600  -12.835  34.357 0.0000000000
64006  40.657  -12.467  33.561 0.0000000000
64780  41.064  -12.008  33.184 0.0000000000
69530  50.842  -5.271  18.456 0.0000000000
69536  51.220  -4.905  17.983 0.0000000000
68720  50.456  -5.619  18.888 0.0000000000
52833  8.713  -24.982  51.401 0.0000000000
53636  8.502  -24.771  50.501 0.0000000000
52840  9.170  -25.505  50.600 0.0000000000
51283  13.398  -27.242  41.585 0.0000000000
52124  12.814  -26.626  41.542 0.0000000000
112123  13.177  -26.547  40.957 0.0000000000
52920  13.337  -25.563  40.024 0.0000000000
52141  13.547  -26.378  40.263 0.0000000000
47748  11.935  -31.479  56.308 0.0000000000
48593  12.277  -30.749  56.469 0.0000000000
116961  12.517  -31.973  56.925 0.0000000000
117811  11.994  -32.042  56.587 0.0000000000
51188  24.147  -27.211  47.903 0.0000000000
120225  24.393  -27.275  49.307 0.0000000000
45545  20.577  -34.949  54.961 0.0000000000
51306  14.205  -26.904  39.929 0.0000000000
51180  23.146  -28.113  47.642 0.0000000000
51197  23.206  -27.607  46.569 0.0000000000
51189  23.569  -27.536  47.241 0.0000000000
52050  24.225  -26.812  47.087 0.0000000000
71684  1.728  -2.462  53.563 0.0000000000
128290  7.038  1.056  54.686 0.0000000000
74534  6.660  2.333  55.498 0.0000000000
74533  7.039  1.661  54.521 0.0000000000
107940  -0.802  -18.963  55.701 0.0000000000
107765  -1.077  -20.415  54.937 0.0000000000
122393  1.578  -14.056  49.938 0.0000000000
63054  2.412  -13.763  49.684 0.0000000000
63062  3.201  -13.354  48.998 0.0000000000
63865  3.748  -12.850  48.423 0.0000000000
63858  4.106  -12.980  49.280 0.0000000000
128345  0.231  -3.183  52.713 0.0000000000
70861  0.446  -3.646  51.629 0.0000000000
70860  0.686  -3.122  51.947 0.0000000000
109822  1.399  -2.747  52.135 0.0000000000
126077  36.327  -21.429  34.710 0.0000000000
56470  36.770  -21.548  35.161 0.0000000000
58991  39.482  -18.643  35.745 0.0000000000
115853  40.423  -17.583  36.350 0.0000000000
121230  39.678  -17.830  35.795 0.0000000000
44732  0.215  -35.258  52.790 0.0000000000
45558  -0.059  -34.390  52.956 0.0000000000
51130  7.518  -27.913  55.196 0.0000000000
50318  6.992  -28.241  55.813 0.0000000000
121292  1.488  -25.060  57.326 0.0000000000
52799  1.005  -25.422  58.250 0.0000000000
125500  0.417  -25.062  58.539 0.0000000000
51319  31.744  -27.408  39.744 0.0000000000
51320  30.785  -27.241  39.958 0.0000000000
56461  19.990  -21.320  35.351 0.0000000000
55542  28.328  -22.620  35.236 0.0000000000
55573  27.547  -22.209  33.507 0.0000000000
55572  28.454  -22.277  33.537 0.0000000000
56508  28.656  -21.245  32.554 0.0000000000
55571  29.354  -22.345  33.559 0.0000000000
55541  29.249  -22.735  35.226 0.0000000000
51293  32.477  -27.412  40.297 0.0000000000
51292  33.172  -27.305  40.029 0.0000000000
114041  31.915  -27.576  39.094 0.0000000000
52863  1.226  -25.242  47.874 0.0000000000
53662  1.792  -24.733  47.383 0.0000000000
67730  0.633  -6.918  42.186 0.0000000000
67745  0.457  -7.188  42.026 0.0000000000
115147  0.769  -6.546  42.257 0.0000000000
69446  45.531  -5.600  28.246 0.0000000000
69444  47.489  -5.494  28.353 0.0000000000
51167  11.984  -27.924  50.696 0.0000000000
49584  14.752  -29.405  46.458 0.0000000000
50429  14.234  -29.117  45.804 0.0000000000
106514  14.240  -29.024  45.071 0.0000000000
51093  15.643  -27.959  56.743 0.0000000000
51106  15.193  -27.433  56.603 0.0000000000
51161  13.121  -28.043  51.856 0.0000000000
51142  13.069  -27.321  53.041 0.0000000000
51155  12.012  -27.355  52.032 0.0000000000
48600  19.811  -29.953  56.266 0.0000000000
47747  19.646  -30.919  56.437 0.0000000000
50309  16.355  -28.429  56.761 0.0000000000
50297  15.557  -28.507  57.129 0.0000000000
107176  21.091  -30.053  50.036 0.0000000000
112140  19.994  -29.423  55.207 0.0000000000
108421  20.640  -29.516  55.111 0.0000000000
48599  20.695  -29.890  55.669 0.0000000000
49599  15.662  -29.518  45.950 0.0000000000
49540  19.853  -30.311  48.737 0.0000000000
107555  20.727  -29.990  48.577 0.0000000000
69247  0.477  -5.963  53.570 0.0000000000
120781  0.327  -4.519  54.544 0.0000000000
70049  0.971  -5.310  53.839 0.0000000000
70849  5.073  -3.775  54.452 0.0000000000
70838  5.869  -4.005  55.458 0.0000000000
70827  5.847  -3.764  56.410 0.0000000000
63813  1.745  -12.747  56.519 0.0000000000
64564  3.192  -11.080  54.061 0.0000000000
68441  1.153  -6.509  53.437 0.0000000000
110361  4.110  -36.240  54.398 0.0000000000
107286  3.844  -35.753  53.888 0.0000000000
54449  6.323  -23.533  55.089 0.0000000000
53615  5.644  -23.760  54.603 0.0000000000
56252  2.359  -21.315  53.639 0.0000000000
55330  2.313  -22.588  54.360 0.0000000000
57153  1.816  -20.883  54.275 0.0000000000
52886  32.217  -25.063  44.227 0.0000000000
52049  30.789  -26.440  47.487 0.0000000000
56384  24.076  -21.717  41.205 0.0000000000
56394  23.802  -21.361  40.376 0.0000000000
56393  24.393  -21.327  40.940 0.0000000000
55456  28.774  -22.044  41.078 0.0000000000
56389  28.091  -21.764  41.070 0.0000000000
55468  28.545  -22.182  40.433 0.0000000000
55467  29.406  -22.434  40.576 0.0000000000
107529  30.169  -22.525  41.232 0.0000000000
53687  33.307  -24.109  43.590 0.0000000000
116299  33.147  -24.805  43.184 0.0000000000
56345  2.858  -21.933  43.866 0.0000000000
55438  2.149  -22.400  43.335 0.0000000000
53715  0.811  -24.412  40.578 0.0000000000
52926  0.213  -24.830  40.859 0.0000000000
52925  1.168  -25.065  40.979 0.0000000000
52913  2.207  -25.599  41.307 0.0000000000
52912  3.295  -25.783  41.277 0.0000000000
59774  4.152  -17.350  40.315 0.0000000000
60604  5.342  -16.361  40.693 0.0000000000
72544  1.329  -0.677  44.900 0.0000000000
66337  43.569  -8.695  31.016 0.0000000000
66329  44.265  -8.687  31.546 0.0000000000
56273  5.802  -21.400  50.904 0.0000000000
56272  6.316  -21.502  50.457 0.0000000000
55388  7.833  -22.841  46.868 0.0000000000
56317  7.397  -21.558  46.974 0.0000000000
122617  7.643  -22.147  46.684 0.0000000000
56316  7.702  -21.558  46.229 0.0000000000
51202  10.677  -27.175  46.891 0.0000000000
52061  10.229  -26.527  46.402 0.0000000000
124167  10.382  -26.423  45.657 0.0000000000
55449  11.147  -22.494  42.270 0.0000000000
55461  11.581  -22.940  41.635 0.0000000000
56405  14.303  -22.031  39.335 0.0000000000
56397  14.433  -21.763  40.254 0.0000000000
127707  14.478  -21.369  39.590 0.0000000000
57262  14.568  -20.691  39.289 0.0000000000
44725  10.185  -36.186  53.201 0.0000000000
49477  11.193  -29.203  54.164 0.0000000000
49491  11.013  -29.687  53.428 0.0000000000
122938  10.621  -28.504  54.307 0.0000000000
52794  13.400  -25.444  57.178 0.0000000000
52782  13.126  -25.571  57.652 0.0000000000
54444  9.736  -23.644  56.432 0.0000000000
54430  9.704  -23.481  57.888 0.0000000000
54424  9.325  -23.723  58.415 0.0000000000
55349  6.579  -22.194  51.592 0.0000000000
55342  6.416  -22.359  52.184 0.0000000000
127043  16.446  -33.299  56.492 0.0000000000
46276  16.222  -33.844  56.329 0.0000000000
43752  12.725  -36.382  56.952 0.0000000000
41989  11.921  -38.273  56.055 0.0000000000
43807  10.329  -36.164  54.135 0.0000000000
43808  10.098  -37.099  53.411 0.0000000000
54498  27.419  -23.541  48.259 0.0000000000
54486  28.566  -23.602  49.550 0.0000000000
53649  27.810  -23.897  49.179 0.0000000000
51148  27.047  -27.491  51.957 0.0000000000
49499  27.451  -29.240  51.954 0.0000000000
120930  22.728  -29.402  54.119 0.0000000000
50346  23.476  -29.050  53.583 0.0000000000
58156  14.676  -19.944  38.888 0.0000000000
53742  17.070  -24.669  36.988 0.0000000000
54605  16.712  -23.896  36.669 0.0000000000
53749  17.674  -24.017  36.634 0.0000000000
50462  18.474  -29.092  43.103 0.0000000000
50480  18.113  -28.756  42.250 0.0000000000
50479  19.131  -28.662  42.568 0.0000000000
52121  21.490  -26.310  41.758 0.0000000000
52908  21.086  -26.154  41.067 0.0000000000
52907  21.600  -25.540  41.229 0.0000000000
53703  22.117  -24.735  41.222 0.0000000000
52900  22.587  -25.258  42.374 0.0000000000
54519  26.042  -23.679  46.321 0.0000000000
54509  26.488  -23.661  47.055 0.0000000000
54508  27.071  -23.228  47.411 0.0000000000
72444  2.839  -1.284  57.893 0.0000000000
72446  3.161  -0.620  57.917 0.0000000000
73182  3.719  0.052  58.161 0.0000000000
51994  0.232  -26.340  54.432 0.0000000000
55351  0.487  -21.992  52.220 0.0000000000
55350  1.210  -22.257  51.588 0.0000000000
56265  0.927  -21.491  51.456 0.0000000000
109448  -0.443  -16.331  53.335 0.0000000000
61368  -0.258  -15.804  52.758 0.0000000000
58857  0.306  -17.932  49.703 0.0000000000
58061  1.661  -19.314  48.790 0.0000000000
58867  1.523  -18.591  48.513 0.0000000000
58074  2.025  -19.029  48.074 0.0000000000
58881  1.964  -18.320  47.769 0.0000000000
62238  0.770  -14.420  45.956 0.0000000000
61421  1.221  -15.639  45.293 0.0000000000
61422  0.491  -14.926  45.069 0.0000000000
61435  0.567  -15.564  44.457 0.0000000000
62260  -0.201  -14.441  44.394 0.0000000000
128076  4.303  -10.957  45.675 0.0000000000
64656  2.938  -11.252  44.964 0.0000000000
65449  3.885  -9.926  44.689 0.0000000000
66182  4.550  -9.358  45.122 0.0000000000
66152  2.815  -8.474  50.759 0.0000000000
66897  3.554  -8.417  50.040 0.0000000000
67668  2.989  -7.810  50.111 0.0000000000
70073  2.524  -4.503  48.257 0.0000000000
69291  2.977  -5.013  47.689 0.0000000000
70093  2.185  -4.164  46.520 0.0000000000
72489  5.604  -2.011  49.838 0.0000000000
71715  4.919  -2.372  49.067 0.0000000000
59791  33.251  -17.730  38.225 0.0000000000
59781  33.085  -17.640  39.029 0.0000000000
58966  33.896  -17.867  38.600 0.0000000000
58146  37.081  -19.203  40.083 0.0000000000
119767  37.089  -19.226  40.938 0.0000000000
58136  37.795  -19.601  41.838 0.0000000000
55519  39.886  -22.748  36.464 0.0000000000
58952  41.770  -18.746  39.803 0.0000000000
58131  41.399  -19.437  40.270 0.0000000000
58941  41.205  -18.536  40.765 0.0000000000
59765  41.161  -17.625  40.878 0.0000000000
61553  41.302  -14.741  33.257 0.0000000000
61578  40.123  -15.235  32.022 0.0000000000
59681  6.384  -17.720  48.320 0.0000000000
60530  6.701  -17.022  48.602 0.0000000000
46300  -2.021  -33.238  54.519 0.0000000000
46339  8.800  -33.195  49.508 0.0000000000
45600  8.002  -34.199  49.702 0.0000000000
46340  8.102  -33.486  49.401 0.0000000000
48660  4.464  -30.579  51.535 0.0000000000
123671  3.861  -30.630  52.047 0.0000000000
47792  3.611  -31.126  51.334 0.0000000000
127957  4.818  -28.265  58.289 0.0000000000
48604  3.041  -30.725  56.435 0.0000000000
47749  2.015  -31.256  56.176 0.0000000000
47758  1.054  -31.745  56.167 0.0000000000
54427  -1.171  -23.277  58.081 0.0000000000
55321  -1.112  -22.338  58.002 0.0000000000
56240  -0.938  -21.452  57.756 0.0000000000
58804  1.290  -18.787  57.602 0.0000000000
119194  1.193  -16.024  58.902 0.0000000000
60440  0.335  -16.900  58.880 0.0000000000
61317  1.075  -15.307  58.828 0.0000000000
52011  30.940  -26.192  51.909 0.0000000000
52010  31.525  -26.419  51.310 0.0000000000
59817  16.247  -17.639  36.511 0.0000000000
60666  16.651  -16.903  36.917 0.0000000000
59816  16.729  -17.066  36.004 0.0000000000
61548  20.384  -14.877  34.019 0.0000000000
113444  20.995  -14.394  34.247 0.0000000000
61547  21.337  -14.838  33.762 0.0000000000
113167  22.974  -21.229  34.466 0.0000000000
56475  23.744  -21.441  34.731 0.0000000000
60688  25.803  -16.698  33.271 0.0000000000
59842  25.093  -16.965  32.849 0.0000000000
124342  25.175  -16.377  33.322 0.0000000000
61544  25.339  -15.422  34.194 0.0000000000
61535  25.776  -15.059  34.802 0.0000000000
61543  26.110  -15.699  34.441 0.0000000000
59823  29.563  -17.001  35.229 0.0000000000
59815  29.654  -16.576  36.750 0.0000000000
106766  29.985  -16.901  36.020 0.0000000000
59822  30.449  -17.293  35.291 0.0000000000
56485  32.395  -22.098  33.022 0.0000000000
56484  33.169  -21.619  32.950 0.0000000000
106956  33.824  -21.307  33.106 0.0000000000
106626  33.148  -22.474  33.256 0.0000000000
54593  32.461  -23.861  38.455 0.0000000000
109693  34.611  -25.605  37.007 0.0000000000
52949  35.205  -25.917  36.386 0.0000000000
51170  -0.159  -27.745  50.881 0.0000000000
50388  -0.214  -28.269  50.459 0.0000000000
49571  -2.159  -29.817  46.230 0.0000000000
51245  -0.311  -27.086  44.054 0.0000000000
63933  0.797  -12.638  42.320 0.0000000000
63944  4.262  -12.001  41.491 0.0000000000
64708  4.909  -11.233  41.377 0.0000000000
59723  33.725  -17.342  45.424 0.0000000000
60551  33.831  -16.680  46.353 0.0000000000
59710  34.453  -17.458  46.347 0.0000000000
70296  49.267  -5.012  24.698 0.0000000000
70303  49.531  -5.143  24.043 0.0000000000
69491  49.613  -5.716  23.988 0.0000000000
64003  45.384  -11.578  34.298 0.0000000000
65590  46.249  -10.487  31.011 0.0000000000
65589  46.964  -10.106  31.544 0.0000000000
65598  46.783  -9.836  30.641 0.0000000000
66336  47.413  -9.417  31.146 0.0000000000
66368  45.454  -9.004  26.379 0.0000000000
66367  46.236  -8.614  26.104 0.0000000000
67105  47.011  -8.245  25.758 0.0000000000
67104  47.842  -7.790  26.312 0.0000000000
50385  14.042  -28.916  50.799 0.0000000000
49542  15.530  -29.996  49.886 0.0000000000
109076  14.818  -29.622  49.904 0.0000000000
108766  15.156  -29.860  49.143 0.0000000000
49553  15.536  -29.900  48.315 0.0000000000
50334  16.409  -28.009  55.333 0.0000000000
51132  15.654  -27.555  54.951 0.0000000000
50376  15.203  -29.015  52.004 0.0000000000
50350  15.002  -28.248  53.229 0.0000000000
50368  14.721  -28.545  52.417 0.0000000000
50369  13.917  -28.327  52.130 0.0000000000
128350  19.075  -29.353  54.456 0.0000000000
116144  16.704  -28.532  54.622 0.0000000000
50324  16.975  -28.302  55.883 0.0000000000
114444  18.810  -30.473  49.892 0.0000000000
48651  18.683  -30.420  51.466 0.0000000000
49487  18.832  -29.582  53.920 0.0000000000
113727  17.459  -30.441  50.129 0.0000000000
48679  17.451  -30.435  49.410 0.0000000000
48678  18.104  -30.462  49.614 0.0000000000
67649  2.340  -7.163  53.248 0.0000000000
114676  3.112  -6.948  52.746 0.0000000000
119084  4.785  -6.749  51.613 0.0000000000
68457  4.259  -6.069  51.758 0.0000000000
69261  4.614  -5.406  51.726 0.0000000000
70054  4.933  -4.842  51.892 0.0000000000
122450  5.421  -5.371  51.595 0.0000000000
65345  3.412  -10.683  56.499 0.0000000000
65350  3.055  -10.371  55.720 0.0000000000
66865  2.164  -8.829  54.078 0.0000000000
67640  2.451  -8.281  53.772 0.0000000000
122150  33.793  -27.126  32.895 0.0000000000
61367  5.426  -15.853  52.343 0.0000000000
42869  4.775  -37.799  55.294 0.0000000000
43790  5.142  -36.802  54.223 0.0000000000
55344  4.719  -22.370  52.484 0.0000000000
55337  4.358  -22.702  52.908 0.0000000000
57161  2.571  -20.737  52.962 0.0000000000
58016  2.000  -19.170  53.374 0.0000000000
58826  2.561  -18.851  52.692 0.0000000000
123572  32.515  -23.655  45.476 0.0000000000
53656  32.089  -24.583  47.781 0.0000000000
53664  31.919  -24.281  46.788 0.0000000000
52859  31.924  -25.173  47.853 0.0000000000
56336  26.990  -21.525  44.782 0.0000000000
127291  26.454  -21.177  43.224 0.0000000000
109055  27.070  -21.257  44.292 0.0000000000
56333  29.078  -21.403  44.478 0.0000000000
56348  28.489  -21.335  43.767 0.0000000000
56347  29.458  -21.596  43.698 0.0000000000
56363  29.067  -21.589  43.092 0.0000000000
107526  30.433  -21.885  43.654 0.0000000000
127312  31.042  -21.921  44.002 0.0000000000
55405  32.228  -22.524  45.553 0.0000000000
120341  32.338  -22.386  44.750 0.0000000000
54528  32.758  -23.125  45.077 0.0000000000
54536  33.192  -23.655  44.394 0.0000000000
46326  -2.660  -34.156  51.787 0.0000000000
46325  -2.110  -33.464  51.445 0.0000000000
47037  -1.466  -32.176  51.443 0.0000000000
108619  0.890  -19.832  42.171 0.0000000000
57244  1.046  -20.694  42.135 0.0000000000
57245  0.443  -20.060  41.711 0.0000000000
57255  -0.439  -20.482  40.675 0.0000000000
118691  -0.443  -20.919  41.077 0.0000000000
111119  -0.347  -22.000  40.316 0.0000000000
54580  -0.146  -23.365  40.403 0.0000000000
55488  -0.085  -22.547  40.104 0.0000000000
54590  1.202  -23.080  39.977 0.0000000000
56421  1.638  -20.874  39.106 0.0000000000
56420  2.625  -21.103  38.876 0.0000000000
57275  2.457  -20.371  38.694 0.0000000000
58158  2.581  -19.725  38.728 0.0000000000
58148  2.035  -19.350  39.341 0.0000000000
59776  2.285  -17.672  40.808 0.0000000000
59788  2.823  -18.110  40.158 0.0000000000
59775  3.253  -17.506  40.603 0.0000000000
71175  51.481  -3.818  17.186 0.0000000000
71183  51.458  -3.520  16.399 0.0000000000
70356  51.461  -4.335  16.651 0.0000000000
54479  7.360  -22.819  51.126 0.0000000000
55353  7.209  -22.537  50.372 0.0000000000
54490  7.592  -23.245  50.358 0.0000000000
53645  8.309  -24.487  49.626 0.0000000000
117684  7.927  -23.676  48.036 0.0000000000
115221  8.248  -24.164  47.871 0.0000000000
51240  11.850  -27.020  43.765 0.0000000000
52079  11.221  -26.493  44.161 0.0000000000
52910  11.953  -25.408  41.603 0.0000000000
52902  11.666  -25.954  42.425 0.0000000000
53704  12.152  -24.701  41.016 0.0000000000
53723  13.638  -24.225  39.333 0.0000000000
46297  10.578  -33.692  54.580 0.0000000000
47012  10.950  -32.946  54.852 0.0000000000
47763  11.420  -31.381  54.922 0.0000000000
48609  11.694  -30.755  55.212 0.0000000000
49476  11.680  -29.775  54.862 0.0000000000
52816  11.666  -25.438  54.835 0.0000000000
110680  11.007  -25.126  54.821 0.0000000000
52811  10.490  -24.594  55.221 0.0000000000
53613  9.585  -24.392  54.719 0.0000000000
53614  8.680  -23.890  54.500 0.0000000000
54472  7.871  -23.618  51.999 0.0000000000
46278  14.284  -33.308  57.306 0.0000000000
46990  13.668  -32.661  57.294 0.0000000000
46280  12.518  -33.639  56.941 0.0000000000
121667  12.431  -34.425  56.912 0.0000000000
44697  11.392  -34.960  56.406 0.0000000000
46288  11.150  -33.728  55.708 0.0000000000
45541  10.868  -34.354  55.685 0.0000000000
45546  10.589  -34.428  55.117 0.0000000000
52853  25.895  -25.569  48.567 0.0000000000
52852  26.615  -25.104  49.020 0.0000000000
52027  25.182  -26.913  50.565 0.0000000000
52004  26.227  -26.748  51.682 0.0000000000
51158  25.430  -27.366  52.011 0.0000000000
47754  22.573  -31.142  55.484 0.0000000000
47753  22.997  -31.449  55.211 0.0000000000
47002  22.802  -32.718  55.249 0.0000000000
124784  21.828  -34.723  54.128 0.0000000000
44708  22.332  -34.562  53.861 0.0000000000
54596  14.435  -23.129  37.996 0.0000000000
53722  14.191  -24.729  38.695 0.0000000000
52929  15.218  -26.097  38.520 0.0000000000
52940  14.876  -25.247  38.167 0.0000000000
52939  15.773  -25.636  37.938 0.0000000000
52170  16.134  -26.364  38.359 0.0000000000
50441  21.144  -28.481  45.058 0.0000000000
51221  20.930  -28.300  44.259 0.0000000000
52067  22.834  -27.074  45.208 0.0000000000
51219  22.197  -27.484  44.885 0.0000000000
52077  22.539  -26.845  44.446 0.0000000000
52092  22.231  -26.721  43.622 0.0000000000
52066  23.197  -26.370  44.816 0.0000000000
52861  24.819  -25.954  47.148 0.0000000000
52860  25.572  -25.341  47.642 0.0000000000
71701  4.639  -2.236  51.462 0.0000000000
71700  5.472  -1.803  51.252 0.0000000000
121938  4.287  -1.695  53.590 0.0000000000
72478  4.724  -1.786  52.892 0.0000000000
72470  4.996  -1.215  53.559 0.0000000000
73201  5.177  -0.420  53.919 0.0000000000
117897  5.832  0.340  57.757 0.0000000000
73862  5.744  1.012  57.860 0.0000000000
74527  6.157  1.668  57.410 0.0000000000
75204  6.222  2.951  56.444 0.0000000000
55333  -0.964  -22.249  54.799 0.0000000000
57154  -0.939  -20.361  54.283 0.0000000000
56250  -0.874  -21.104  53.954 0.0000000000
56259  -0.407  -21.188  53.034 0.0000000000
57156  -0.587  -20.832  53.297 0.0000000000
62199  1.026  -14.520  51.370 0.0000000000
61373  0.339  -14.918  51.620 0.0000000000
123723  0.351  -15.200  50.017 0.0000000000
106394  0.476  -15.239  49.392 0.0000000000
61392  0.491  -15.699  48.932 0.0000000000
62222  0.739  -14.855  48.689 0.0000000000
63064  1.523  -13.797  48.397 0.0000000000
63074  1.001  -14.079  47.046 0.0000000000
63083  1.222  -13.461  46.528 0.0000000000
63875  1.832  -13.074  46.925 0.0000000000
63872  4.163  -12.388  47.786 0.0000000000
63873  3.540  -12.282  47.162 0.0000000000
64628  4.374  -11.861  47.052 0.0000000000
69267  0.732  -5.932  50.537 0.0000000000
70869  0.976  -3.994  50.232 0.0000000000
109786  1.512  -3.545  49.776 0.0000000000
125668  1.622  -3.124  49.927 0.0000000000
109518  3.024  -2.579  50.972 0.0000000000
71708  4.035  -2.506  50.700 0.0000000000
58179  35.426  -19.287  35.686 0.0000000000
58171  35.795  -19.195  36.376 0.0000000000
58162  36.230  -19.163  37.245 0.0000000000
108160  36.963  -19.408  37.950 0.0000000000
121253  37.912  -20.011  37.958 0.0000000000
57298  39.984  -21.565  35.668 0.0000000000
57297  40.406  -21.406  36.270 0.0000000000
58177  40.402  -20.470  36.467 0.0000000000
58972  41.152  -19.417  37.387 0.0000000000
58971  42.076  -18.700  38.288 0.0000000000
59790  42.283  -17.917  38.597 0.0000000000
59800  42.102  -17.686  37.837 0.0000000000
60658  42.533  -15.641  37.009 0.0000000000
61515  42.331  -15.388  36.224 0.0000000000
60669  41.513  -15.739  35.731 0.0000000000
60678  39.779  -16.614  34.797 0.0000000000
60677  40.299  -15.813  34.271 0.0000000000
59704  8.954  -18.020  46.378 0.0000000000
59691  8.554  -17.587  47.100 0.0000000000
127711  9.132  -17.590  46.859 0.0000000000
58876  10.597  -17.906  46.859 0.0000000000
126038  -0.669  -35.982  53.031 0.0000000000
49526  8.334  -29.299  51.867 0.0000000000
48656  7.955  -29.777  50.999 0.0000000000
49527  7.238  -29.351  51.799 0.0000000000
49514  6.437  -29.257  52.621 0.0000000000
114227  6.011  -29.211  53.583 0.0000000000
49515  5.585  -29.480  52.935 0.0000000000
106634  5.723  -29.303  54.314 0.0000000000
51975  2.969  -26.858  57.827 0.0000000000
51102  2.617  -28.163  58.855 0.0000000000
50305  1.808  -28.619  58.834 0.0000000000
51105  0.058  -27.756  58.569 0.0000000000
51965  -0.232  -27.001  58.439 0.0000000000
52790  -0.134  -25.999  58.636 0.0000000000
54425  -0.121  -23.234  58.733 0.0000000000
62163  3.048  -14.582  58.933 0.0000000000
62162  3.725  -14.563  58.901 0.0000000000
57322  17.637  -19.813  34.826 0.0000000000
57321  18.453  -20.054  34.553 0.0000000000
58192  19.407  -19.466  33.809 0.0000000000
59003  18.731  -18.877  33.833 0.0000000000
59017  19.378  -18.586  33.353 0.0000000000
59844  19.397  -17.634  33.110 0.0000000000
59016  20.056  -18.254  32.831 0.0000000000
56456  25.796  -22.238  34.691 0.0000000000
56473  25.220  -21.945  34.118 0.0000000000
56472  26.067  -22.123  33.754 0.0000000000
56510  26.872  -21.088  32.435 0.0000000000
57352  26.473  -20.323  32.311 0.0000000000
59030  26.782  -18.798  32.469 0.0000000000
59853  27.160  -17.982  32.816 0.0000000000
58219  28.773  -19.836  32.413 0.0000000000
107535  28.301  -19.029  32.514 0.0000000000
59028  29.090  -19.175  32.559 0.0000000000
59027  29.709  -18.837  32.734 0.0000000000
58217  30.406  -19.278  32.648 0.0000000000
55570  30.227  -22.431  33.576 0.0000000000
56486  30.869  -21.983  32.998 0.0000000000
121562  31.711  -21.794  32.853 0.0000000000
55554  31.432  -22.913  34.123 0.0000000000
51317  33.316  -27.400  39.239 0.0000000000
114436  33.854  -26.646  38.867 0.0000000000
52163  34.199  -26.680  38.333 0.0000000000
118515  32.269  -28.019  37.934 0.0000000000
52040  -0.121  -26.874  49.492 0.0000000000
52039  0.063  -26.367  49.065 0.0000000000
113671  -0.389  -26.516  47.867 0.0000000000
50419  -0.962  -28.235  46.842 0.0000000000
49626  2.813  -29.474  44.407 0.0000000000
50448  1.971  -29.150  44.772 0.0000000000
48725  2.884  -30.433  44.158 0.0000000000
66230  0.069  -9.049  41.971 0.0000000000
65502  0.572  -10.338  41.615 0.0000000000
66977  1.303  -8.096  41.464 0.0000000000
66250  1.294  -8.913  41.476 0.0000000000
127181  2.141  -8.678  41.481 0.0000000000
116317  3.180  -8.823  41.607 0.0000000000
59707  36.767  -18.819  46.346 0.0000000000
60548  36.511  -17.796  46.445 0.0000000000
59721  36.789  -17.492  45.295 0.0000000000
60584  35.791  -16.756  43.167 0.0000000000
61446  34.424  -15.243  43.001 0.0000000000
121997  34.345  -15.643  42.037 0.0000000000
68648  43.615  -6.185  27.615 0.0000000000
121300  48.202  -5.551  27.167 0.0000000000
122941  48.279  -5.470  26.725 0.0000000000
69475  48.488  -5.445  26.316 0.0000000000
64025  43.935  -12.742  32.160 0.0000000000
64043  43.271  -12.242  30.293 0.0000000000
64032  44.004  -11.884  30.670 0.0000000000
64820  44.451  -11.281  30.088 0.0000000000
111968  10.283  -26.541  50.865 0.0000000000
52030  9.762  -26.191  50.331 0.0000000000
51175  11.247  -27.642  49.333 0.0000000000
51176  10.637  -27.189  49.483 0.0000000000
51193  10.664  -27.230  47.859 0.0000000000
50393  13.269  -28.784  49.656 0.0000000000
50394  12.556  -28.511  49.222 0.0000000000
50400  13.230  -28.905  48.790 0.0000000000
50418  13.103  -28.661  46.431 0.0000000000
51200  12.344  -28.391  46.590 0.0000000000
123913  11.753  -28.081  46.750 0.0000000000
51210  12.111  -27.821  45.203 0.0000000000
107770  13.886  -28.501  43.947 0.0000000000
51222  13.145  -28.129  43.941 0.0000000000
50467  13.759  -28.270  43.299 0.0000000000
50485  13.661  -28.005  42.702 0.0000000000
50484  14.284  -28.305  42.699 0.0000000000
49436  13.185  -29.727  57.351 0.0000000000
117624  13.509  -29.189  57.554 0.0000000000
51966  14.613  -26.848  56.573 0.0000000000
51967  14.090  -26.348  56.798 0.0000000000
52793  13.953  -25.955  56.792 0.0000000000
51133  14.890  -27.268  54.620 0.0000000000
51125  15.172  -26.969  55.467 0.0000000000
51996  12.951  -26.861  53.606 0.0000000000
51989  13.313  -26.043  55.256 0.0000000000
51990  12.401  -25.744  54.943 0.0000000000
115597  12.120  -26.547  53.442 0.0000000000
52006  11.460  -27.003  52.096 0.0000000000
52007  10.846  -26.556  52.247 0.0000000000
52018  10.281  -26.329  51.683 0.0000000000
112693  20.193  -33.277  56.065 0.0000000000
46284  19.402  -34.167  55.825 0.0000000000
121483  19.312  -33.239  56.121 0.0000000000
46986  18.128  -32.079  56.337 0.0000000000
46987  17.371  -32.589  56.430 0.0000000000
50314  18.437  -29.026  55.994 0.0000000000
49453  18.418  -29.416  56.306 0.0000000000
49443  16.513  -29.660  57.049 0.0000000000
49442  17.132  -29.955  56.891 0.0000000000
48590  16.282  -30.415  56.908 0.0000000000
47738  16.416  -31.350  56.541 0.0000000000
47739  15.613  -31.154  56.706 0.0000000000
120214  15.171  -31.683  56.734 0.0000000000
48591  15.398  -30.496  57.166 0.0000000000
49434  14.476  -29.880  57.527 0.0000000000
49435  13.773  -29.788  57.492 0.0000000000
48586  13.453  -30.250  57.290 0.0000000000
50397  23.142  -28.434  49.283 0.0000000000
49521  21.678  -29.625  51.643 0.0000000000
111196  22.297  -29.281  52.146 0.0000000000
49502  22.288  -29.381  53.155 0.0000000000
48636  19.993  -30.128  52.468 0.0000000000
49472  21.109  -29.507  54.781 0.0000000000
49471  21.695  -29.572  54.844 0.0000000000
111969  20.428  -31.394  56.268 0.0000000000
47746  21.241  -31.244  56.130 0.0000000000
46995  20.816  -32.286  56.229 0.0000000000
50502  14.714  -28.198  41.953 0.0000000000
50464  16.540  -29.303  43.784 0.0000000000
115798  15.929  -29.062  43.244 0.0000000000
123784  17.199  -29.308  43.527 0.0000000000
117861  17.119  -30.156  47.462 0.0000000000
49582  16.480  -29.725  46.333 0.0000000000
49581  17.335  -29.946  46.706 0.0000000000
49580  18.782  -29.755  46.417 0.0000000000
49609  18.719  -29.431  44.781 0.0000000000
117085  19.478  -29.505  45.989 0.0000000000
49595  20.072  -29.272  45.575 0.0000000000
49579  20.307  -29.378  46.301 0.0000000000
127314  21.695  -29.371  47.939 0.0000000000
50399  22.226  -29.088  48.129 0.0000000000
50406  22.572  -28.556  47.539 0.0000000000
70852  -0.417  -4.089  53.580 0.0000000000
71686  0.485  -3.080  54.741 0.0000000000
70843  0.366  -3.478  55.044 0.0000000000
70842  0.807  -3.540  55.948 0.0000000000
70831  0.692  -3.068  56.327 0.0000000000
70830  1.303  -3.161  56.679 0.0000000000
71659  1.796  -2.222  57.327 0.0000000000
115873  1.910  -2.654  57.258 0.0000000000
70037  2.823  -4.420  53.552 0.0000000000
112152  3.602  -3.248  56.545 0.0000000000
71651  4.493  -1.676  57.756 0.0000000000
71656  5.073  -2.496  57.264 0.0000000000
117561  6.272  -2.347  57.324 0.0000000000
72453  6.523  -1.737  56.961 0.0000000000
72452  7.027  -1.696  56.061 0.0000000000
60471  -0.471  -16.379  55.548 0.0000000000
62183  -0.202  -15.169  55.313 0.0000000000
121909  0.132  -14.832  54.914 0.0000000000
62192  -0.020  -15.178  53.989 0.0000000000
64558  2.689  -11.519  55.783 0.0000000000
63024  2.502  -13.280  54.703 0.0000000000
63030  1.790  -14.196  53.609 0.0000000000
115187  1.411  -14.468  52.823 0.0000000000
63032  3.512  -13.236  52.456 0.0000000000
63842  4.103  -12.800  51.942 0.0000000000
63841  4.514  -12.303  51.240 0.0000000000
121251  4.385  -11.527  51.624 0.0000000000
65387  3.534  -10.214  51.828 0.0000000000
128300  3.330  -9.762  51.557 0.0000000000
108183  2.990  -9.262  51.358 0.0000000000
66885  0.935  -8.216  52.769 0.0000000000
67661  0.658  -7.687  52.155 0.0000000000
122628  -0.437  -5.315  53.342 0.0000000000
69264  -0.521  -5.587  52.580 0.0000000000
70041  -0.485  -4.621  53.377 0.0000000000
70857  -0.416  -4.216  52.775 0.0000000000
117926  37.436  -24.524  34.891 0.0000000000
52959  38.197  -25.461  34.369 0.0000000000
53753  38.525  -24.687  35.207 0.0000000000
53752  39.084  -24.466  35.235 0.0000000000
53759  39.359  -24.373  34.949 0.0000000000
56480  39.453  -22.522  34.674 0.0000000000
57345  38.206  -21.191  33.604 0.0000000000
56469  38.904  -21.442  34.311 0.0000000000
117237  38.505  -20.403  34.094 0.0000000000
44730  2.158  -35.679  53.299 0.0000000000
44749  1.737  -35.291  52.585 0.0000000000
45570  1.910  -34.793  51.950 0.0000000000
53583  7.164  -25.056  58.240 0.0000000000
51958  6.793  -26.342  58.249 0.0000000000
52789  6.659  -25.704  58.243 0.0000000000
52803  5.567  -25.312  56.846 0.0000000000
52796  5.964  -25.674  57.775 0.0000000000
52797  5.074  -25.972  57.373 0.0000000000
54458  4.168  -23.830  53.737 0.0000000000
53617  3.842  -24.536  54.518 0.0000000000
53609  3.396  -25.035  55.170 0.0000000000
52813  3.676  -25.497  55.860 0.0000000000
52805  3.088  -25.848  56.415 0.0000000000
119234  1.910  -22.997  55.068 0.0000000000
55324  1.028  -22.686  56.718 0.0000000000
55326  1.408  -22.414  55.685 0.0000000000
57151  1.325  -20.595  55.646 0.0000000000
108434  1.325  -19.538  56.279 0.0000000000
58808  1.437  -18.960  55.658 0.0000000000
58017  1.623  -19.065  54.118 0.0000000000
52120  31.995  -27.064  41.823 0.0000000000
52103  31.588  -26.714  42.539 0.0000000000
119776  30.729  -26.261  43.471 0.0000000000
52104  30.793  -26.785  42.881 0.0000000000
52075  30.220  -25.928  44.170 0.0000000000
52877  30.893  -24.978  45.641 0.0000000000
56415  22.066  -21.719  38.239 0.0000000000
57260  23.682  -20.947  39.011 0.0000000000
57272  23.136  -20.966  37.859 0.0000000000
57280  23.511  -21.041  37.533 0.0000000000
57289  23.623  -21.175  36.858 0.0000000000
56428  24.118  -21.118  37.955 0.0000000000
125168  26.030  -21.091  41.537 0.0000000000
56391  26.447  -21.341  40.893 0.0000000000
124660  26.439  -22.084  38.822 0.0000000000
56400  26.254  -21.816  39.477 0.0000000000
56426  25.584  -21.860  37.579 0.0000000000
111667  25.947  -22.167  36.535 0.0000000000
109852  28.282  -22.492  38.203 0.0000000000
121061  28.138  -22.521  37.501 0.0000000000
107718  28.477  -22.613  36.842 0.0000000000
55509  29.006  -22.651  37.574 0.0000000000
125483  29.644  -22.796  37.354 0.0000000000
115474  31.077  -23.226  40.208 0.0000000000
55476  31.632  -23.408  39.630 0.0000000000
55441  31.568  -22.570  42.575 0.0000000000
55440  32.299  -22.876  42.525 0.0000000000
54554  32.814  -23.585  42.192 0.0000000000
55452  32.413  -23.287  41.919 0.0000000000
54564  32.580  -23.716  41.292 0.0000000000
54573  32.512  -23.795  40.240 0.0000000000
52101  32.924  -26.180  41.885 0.0000000000
52119  32.738  -26.873  41.480 0.0000000000
54533  3.179  -23.207  45.989 0.0000000000
54527  2.232  -24.054  45.908 0.0000000000
125758  2.459  -23.560  45.251 0.0000000000
54545  0.571  -24.197  43.669 0.0000000000
53684  0.947  -24.417  44.532 0.0000000000
53686  -0.362  -25.164  43.706 0.0000000000
52897  -0.423  -25.384  43.054 0.0000000000
55451  0.270  -22.909  41.993 0.0000000000
54560  0.679  -23.298  42.549 0.0000000000
52130  0.836  -25.933  42.010 0.0000000000
53700  -0.365  -24.592  42.080 0.0000000000
52903  -0.031  -25.592  42.173 0.0000000000
52111  0.412  -26.355  42.759 0.0000000000
128127  0.999  -26.763  43.035 0.0000000000
51263  1.462  -27.137  43.357 0.0000000000
51261  3.510  -27.326  42.847 0.0000000000
50488  3.977  -28.263  43.342 0.0000000000
50487  4.730  -28.801  42.806 0.0000000000
50486  5.302  -28.955  42.211 0.0000000000
53728  2.671  -23.674  40.116 0.0000000000
53713  3.574  -24.614  40.424 0.0000000000
53727  3.441  -23.912  40.132 0.0000000000
61501  7.107  -15.864  38.874 0.0000000000
70133  1.103  -4.512  43.362 0.0000000000
69355  0.873  -4.963  42.971 0.0000000000
70941  2.754  -3.684  44.017 0.0000000000
60613  37.393  -16.803  40.323 0.0000000000
67836  44.327  -7.657  30.169 0.0000000000
68626  45.195  -6.194  29.375 0.0000000000
67842  45.635  -6.772  30.136 0.0000000000
58037  4.388  -19.575  50.447 0.0000000000
58842  4.196  -18.514  50.499 0.0000000000
58047  5.325  -19.485  49.459 0.0000000000
58059  5.716  -19.014  48.835 0.0000000000
56283  6.999  -22.199  49.635 0.0000000000
57207  7.050  -20.731  47.214 0.0000000000
58071  6.559  -19.100  47.590 0.0000000000
57223  8.499  -20.172  45.399 0.0000000000
115773  9.140  -19.871  45.020 0.0000000000
58103  9.798  -19.652  44.867 0.0000000000
57231  9.599  -20.289  44.542 0.0000000000
52855  9.101  -25.564  49.112 0.0000000000
52873  9.287  -25.382  46.555 0.0000000000
53659  8.885  -25.194  47.376 0.0000000000
126256  8.790  -24.827  46.757 0.0000000000
112186  10.291  -25.945  45.047 0.0000000000
52891  10.358  -25.422  44.354 0.0000000000
53683  9.586  -24.220  44.610 0.0000000000
55414  8.995  -22.711  44.696 0.0000000000
56360  10.459  -21.379  43.307 0.0000000000
56361  9.750  -21.637  43.773 0.0000000000
57237  11.155  -20.590  43.442 0.0000000000
56359  11.820  -20.909  42.953 0.0000000000
123875  12.697  -21.839  41.843 0.0000000000
55436  13.435  -21.453  42.503 0.0000000000
54568  12.811  -23.278  40.561 0.0000000000
55460  12.508  -22.561  41.236 0.0000000000
56386  14.548  -21.712  41.147 0.0000000000
56385  15.108  -21.371  41.670 0.0000000000
57242  15.670  -21.051  42.117 0.0000000000
58137  15.690  -19.198  40.595 0.0000000000
58128  15.550  -19.999  41.063 0.0000000000
58948  16.009  -18.340  40.314 0.0000000000
115651  9.691  -35.283  51.518 0.0000000000
44763  9.065  -36.009  51.038 0.0000000000
45589  9.268  -34.142  50.378 0.0000000000
108382  9.686  -33.323  50.863 0.0000000000
110397  10.363  -32.914  53.105 0.0000000000
119964  10.211  -33.694  52.681 0.0000000000
47026  10.550  -32.190  52.505 0.0000000000
48639  10.667  -30.743  52.302 0.0000000000
47789  10.553  -31.502  51.992 0.0000000000
48654  10.323  -30.848  51.630 0.0000000000
47790  10.157  -31.587  51.298 0.0000000000
114010  9.849  -30.858  51.014 0.0000000000
48655  9.095  -30.102  51.103 0.0000000000
49511  9.785  -29.446  52.442 0.0000000000
50327  9.347  -27.679  54.626 0.0000000000
50351  8.850  -28.225  53.592 0.0000000000
51135  8.703  -27.516  54.777 0.0000000000
51136  8.024  -27.744  54.643 0.0000000000
50301  12.896  -28.584  57.576 0.0000000000
50310  12.612  -28.494  57.300 0.0000000000
51108  12.121  -27.514  57.256 0.0000000000
51116  11.591  -27.545  56.622 0.0000000000
53590  11.699  -23.991  57.458 0.0000000000
53589  12.198  -24.380  57.545 0.0000000000
128427  11.772  -23.941  57.916 0.0000000000
53575  10.408  -24.303  58.854 0.0000000000
52780  10.927  -24.580  58.578 0.0000000000
52785  10.428  -25.044  58.551 0.0000000000
51969  10.561  -26.347  57.420 0.0000000000
51956  8.639  -25.644  58.344 0.0000000000
51971  8.281  -26.315  57.669 0.0000000000
54440  7.940  -23.416  56.597 0.0000000000
54433  7.601  -23.738  57.142 0.0000000000
54462  7.973  -23.453  53.945 0.0000000000
54453  7.990  -23.386  54.914 0.0000000000
55328  6.861  -22.815  53.781 0.0000000000
55335  6.395  -22.657  53.392 0.0000000000
55329  6.317  -22.827  54.016 0.0000000000
55343  5.491  -22.467  52.642 0.0000000000
57167  4.919  -21.051  51.064 0.0000000000
56264  4.812  -21.575  51.628 0.0000000000
58029  4.052  -20.234  51.118 0.0000000000
125926  17.308  -34.326  55.428 0.0000000000
44695  16.194  -34.497  55.461 0.0000000000
106895  15.914  -34.937  55.205 0.0000000000
45531  14.822  -34.709  57.179 0.0000000000
45530  15.445  -34.442  56.827 0.0000000000
44688  14.656  -35.293  57.167 0.0000000000
120144  12.597  -38.465  55.187 0.0000000000
44698  10.814  -36.098  56.218 0.0000000000
43772  10.654  -36.634  55.859 0.0000000000
42000  10.436  -38.126  55.145 0.0000000000
106754  28.974  -22.051  47.767 0.0000000000
55364  30.323  -22.617  48.546 0.0000000000
55365  29.436  -22.614  48.614 0.0000000000
53633  29.104  -24.369  50.915 0.0000000000
54477  29.513  -23.910  50.438 0.0000000000
53632  29.766  -24.376  50.974 0.0000000000
52827  30.315  -25.087  51.541 0.0000000000
52828  29.735  -25.253  51.648 0.0000000000
52838  27.384  -25.429  50.957 0.0000000000
53635  27.804  -24.833  50.596 0.0000000000
51146  28.941  -27.398  51.743 0.0000000000
50358  29.412  -28.259  51.841 0.0000000000
49498  29.750  -29.146  51.857 0.0000000000
110497  29.105  -28.945  51.783 0.0000000000
50383  23.425  -28.442  50.971 0.0000000000
51166  23.933  -27.924  50.474 0.0000000000
50345  24.273  -28.964  53.577 0.0000000000
50362  25.110  -28.364  52.932 0.0000000000
50344  25.090  -28.871  53.228 0.0000000000
59773  16.369  -17.724  40.111 0.0000000000
58988  15.418  -18.981  36.832 0.0000000000
58174  15.382  -19.705  36.689 0.0000000000
55515  14.885  -23.014  37.193 0.0000000000
123538  15.135  -22.383  36.858 0.0000000000
56447  16.273  -21.624  36.105 0.0000000000
113290  16.185  -20.823  36.017 0.0000000000
56464  16.816  -21.017  35.665 0.0000000000
56446  17.201  -21.812  35.750 0.0000000000
54616  18.171  -23.277  36.349 0.0000000000
55545  18.105  -21.853  35.611 0.0000000000
54603  19.538  -23.565  37.053 0.0000000000
51305  15.532  -27.654  40.387 0.0000000000
51280  16.082  -28.129  41.048 0.0000000000
51303  17.546  -27.779  40.227 0.0000000000
51327  17.957  -27.418  39.534 0.0000000000
120067  17.470  -27.041  38.919 0.0000000000
50497  19.755  -28.105  42.121 0.0000000000
51276  20.288  -27.472  41.713 0.0000000000
52919  20.234  -26.134  39.946 0.0000000000
52140  19.947  -26.715  40.268 0.0000000000
52151  19.554  -26.632  39.640 0.0000000000
52167  18.957  -26.506  38.819 0.0000000000
52935  19.327  -25.649  38.413 0.0000000000
53720  20.619  -24.582  39.223 0.0000000000
53731  20.241  -24.357  38.545 0.0000000000
54594  20.548  -23.621  38.317 0.0000000000
54602  20.291  -23.283  37.587 0.0000000000
55497  20.938  -22.863  38.069 0.0000000000
54583  21.199  -23.283  38.881 0.0000000000
54566  22.671  -23.867  41.311 0.0000000000
54574  22.447  -23.307  40.530 0.0000000000
55457  23.059  -22.910  41.034 0.0000000000
54565  23.354  -23.244  41.781 0.0000000000
127296  23.609  -25.119  43.943 0.0000000000
53681  24.051  -24.821  44.198 0.0000000000
54538  25.458  -23.082  44.754 0.0000000000
54539  24.941  -23.630  44.486 0.0000000000
54548  24.964  -22.927  44.062 0.0000000000
55431  24.800  -22.546  43.352 0.0000000000
55419  25.704  -22.325  44.390 0.0000000000
110640  26.642  -22.188  45.374 0.0000000000
55380  27.963  -22.285  47.265 0.0000000000
124943  27.607  -22.134  46.592 0.0000000000
112559  28.431  -22.087  47.369 0.0000000000
55379  28.600  -21.804  46.989 0.0000000000
71674  1.461  -2.307  55.604 0.0000000000
71673  2.316  -2.087  54.707 0.0000000000
73194  4.123  -0.403  55.895 0.0000000000
73875  4.972  0.469  54.371 0.0000000000
73876  4.569  1.266  55.330 0.0000000000
74526  4.854  2.127  57.946 0.0000000000
75203  4.504  2.821  56.935 0.0000000000
116699  3.484  2.919  54.920 0.0000000000
118692  0.359  -26.793  53.485 0.0000000000
52009  0.086  -27.319  52.663 0.0000000000
119314  0.614  -26.790  52.415 0.0000000000
54468  -0.379  -23.197  54.183 0.0000000000
53623  0.160  -23.826  53.798 0.0000000000
54474  1.422  -23.888  52.198 0.0000000000
53625  1.309  -24.574  52.560 0.0000000000
127950  1.529  -25.281  52.139 0.0000000000
52008  1.305  -26.101  52.102 0.0000000000
52834  1.654  -25.476  51.406 0.0000000000
53638  2.090  -24.919  50.867 0.0000000000
110215  2.184  -22.865  50.628 0.0000000000
53637  2.400  -24.321  50.385 0.0000000000
54491  2.620  -23.453  49.988 0.0000000000
59628  -0.566  -17.932  54.688 0.0000000000
59627  -0.562  -17.155  54.359 0.0000000000
58819  -0.609  -17.880  53.153 0.0000000000
58827  -0.596  -18.615  52.769 0.0000000000
58024  -0.469  -19.293  52.435 0.0000000000
59659  -0.547  -17.030  50.939 0.0000000000
58040  -0.201  -18.534  50.833 0.0000000000
58039  0.174  -19.234  50.793 0.0000000000
58030  0.134  -19.858  51.459 0.0000000000
112594  0.534  -19.877  50.762 0.0000000000
57177  0.839  -20.418  50.764 0.0000000000
121500  1.276  -20.479  50.281 0.0000000000
57197  2.650  -20.479  48.499 0.0000000000
57187  2.205  -20.707  49.284 0.0000000000
114571  2.810  -21.220  48.880 0.0000000000
56295  3.155  -22.017  48.752 0.0000000000
55373  3.416  -22.254  47.899 0.0000000000
55390  3.487  -22.584  46.979 0.0000000000
119549  3.520  -20.694  46.923 0.0000000000
57217  3.575  -20.274  46.257 0.0000000000
116395  3.664  -20.216  45.431 0.0000000000
58094  3.532  -19.562  45.676 0.0000000000
59694  2.017  -17.505  47.255 0.0000000000
59717  2.434  -17.248  45.543 0.0000000000
58912  2.797  -18.060  44.267 0.0000000000
116139  2.558  -19.038  43.276 0.0000000000
59739  1.902  -17.569  43.661 0.0000000000
59740  0.899  -17.203  43.084 0.0000000000
59741  0.468  -16.780  42.613 0.0000000000
120150  -0.440  -13.937  43.845 0.0000000000
62270  -0.199  -14.097  43.247 0.0000000000
63119  -0.391  -13.373  43.318 0.0000000000
62280  -0.108  -13.558  42.929 0.0000000000
63922  -0.420  -12.537  43.322 0.0000000000
63896  0.957  -12.429  45.277 0.0000000000
63897  0.316  -12.646  45.000 0.0000000000
64671  1.251  -11.080  44.124 0.0000000000
64672  0.428  -11.399  44.121 0.0000000000
65452  0.363  -10.690  43.551 0.0000000000
64684  -0.096  -11.036  43.539 0.0000000000
113373  0.264  -9.847  43.013 0.0000000000
65472  1.089  -9.710  43.315 0.0000000000
66208  2.445  -8.766  43.547 0.0000000000
66209  1.303  -8.874  43.156 0.0000000000
64604  5.042  -11.418  49.976 0.0000000000
63857  4.742  -12.311  49.597 0.0000000000
66164  5.118  -9.161  48.959 0.0000000000
65400  5.370  -10.141  48.996 0.0000000000
66163  5.578  -9.562  48.116 0.0000000000
65413  5.600  -10.276  47.488 0.0000000000
66908  5.299  -8.882  47.516 0.0000000000
68469  2.926  -6.702  49.373 0.0000000000
67676  3.146  -7.305  49.598 0.0000000000
68484  4.111  -6.800  47.243 0.0000000000
66916  4.873  -8.195  47.025 0.0000000000
67705  4.522  -7.702  45.445 0.0000000000
67699  4.089  -6.870  45.707 0.0000000000
69299  2.840  -5.384  45.859 0.0000000000
68497  2.114  -5.531  44.564 0.0000000000
68504  1.654  -5.934  43.780 0.0000000000
70899  1.189  -2.621  46.213 0.0000000000
109837  0.996  -2.715  45.333 0.0000000000
71763  0.937  -1.790  45.536 0.0000000000
71740  4.489  -1.919  47.581 0.0000000000
71741  3.462  -2.048  47.619 0.0000000000
72510  3.663  -1.416  46.961 0.0000000000
72521  3.967  -0.742  46.432 0.0000000000
59783  31.517  -16.923  40.155 0.0000000000
59771  31.229  -16.512  40.961 0.0000000000
125920  31.723  -16.892  40.741 0.0000000000
109236  32.802  -17.405  41.169 0.0000000000
121096  33.437  -17.647  42.109 0.0000000000
58928  34.142  -18.182  42.728 0.0000000000
58964  35.172  -18.397  38.682 0.0000000000
117065  34.593  -18.131  39.053 0.0000000000
58954  35.421  -18.472  39.489 0.0000000000
123962  35.879  -18.998  41.945 0.0000000000
58936  35.138  -18.595  41.802 0.0000000000
118400  35.688  -19.057  42.641 0.0000000000
107780  35.599  -19.161  43.587 0.0000000000
58117  36.490  -19.811  44.381 0.0000000000
58115  38.276  -20.347  43.739 0.0000000000
58106  37.928  -20.334  44.518 0.0000000000
56454  37.968  -22.434  36.142 0.0000000000
56424  39.366  -21.826  37.618 0.0000000000
56425  38.667  -21.624  37.447 0.0000000000
57278  38.801  -21.012  38.123 0.0000000000
57277  40.908  -21.080  37.750 0.0000000000
56410  40.511  -21.484  38.121 0.0000000000
58143  40.379  -20.454  40.309 0.0000000000
106447  39.704  -20.340  40.545 0.0000000000
58134  39.446  -20.222  41.573 0.0000000000
58122  39.786  -20.096  42.137 0.0000000000
58922  40.180  -18.638  42.562 0.0000000000
58923  39.797  -19.283  42.986 0.0000000000
59755  39.475  -17.754  42.537 0.0000000000
127100  38.980  -17.242  41.824 0.0000000000
59767  39.618  -17.316  41.699 0.0000000000
60627  40.015  -16.344  40.133 0.0000000000
61490  40.166  -15.381  38.803 0.0000000000
60624  42.143  -15.956  39.288 0.0000000000
63194  44.332  -12.680  35.205 0.0000000000
63206  43.984  -13.423  34.858 0.0000000000
61529  42.757  -14.499  35.174 0.0000000000
62344  43.273  -14.318  35.724 0.0000000000
62376  42.990  -14.088  33.853 0.0000000000
62375  43.447  -13.769  33.812 0.0000000000
63236  43.020  -13.690  33.231 0.0000000000
62416  41.379  -14.161  31.078 0.0000000000
59009  37.699  -18.226  33.538 0.0000000000
60702  39.181  -16.057  32.967 0.0000000000
120180  38.879  -16.251  32.257 0.0000000000
115024  39.139  -15.952  31.149 0.0000000000
122494  39.640  -15.561  31.448 0.0000000000
60727  39.035  -16.008  30.316 0.0000000000
61593  39.469  -15.543  29.903 0.0000000000
72000  50.883  -3.043  17.453 0.0000000000
65356  5.022  -10.370  54.783 0.0000000000
65355  5.793  -10.921  54.181 0.0000000000
60512  4.761  -16.850  50.865 0.0000000000
44717  -1.166  -35.818  53.061 0.0000000000
44735  -2.264  -35.649  53.291 0.0000000000
45561  -2.715  -35.031  53.115 0.0000000000
123591  -2.207  -35.695  53.027 0.0000000000
44752  -2.662  -35.878  52.544 0.0000000000
46317  -2.645  -34.169  52.723 0.0000000000
47768  -2.105  -32.559  54.132 0.0000000000
47777  -1.935  -32.022  53.547 0.0000000000
43809  6.909  -37.132  52.242 0.0000000000
44765  6.372  -35.866  51.474 0.0000000000
44766  5.564  -35.453  51.964 0.0000000000
45579  5.245  -34.942  51.446 0.0000000000
47799  6.059  -31.055  49.783 0.0000000000
47807  6.444  -31.707  49.285 0.0000000000
47808  5.448  -31.722  49.438 0.0000000000
47042  3.946  -31.987  49.850 0.0000000000
46342  4.509  -32.863  49.700 0.0000000000
46333  4.277  -33.679  50.279 0.0000000000
45594  4.829  -34.361  50.825 0.0000000000
124806  4.151  -34.269  50.831 0.0000000000
46323  3.489  -33.734  50.472 0.0000000000
47035  2.208  -32.593  50.874 0.0000000000
125818  1.982  -33.286  51.086 0.0000000000
47036  1.548  -32.904  51.451 0.0000000000
51110  6.430  -27.721  57.385 0.0000000000
50312  6.005  -28.488  56.912 0.0000000000
49466  5.402  -29.359  55.617 0.0000000000
49467  4.825  -29.728  55.532 0.0000000000
50303  4.686  -28.966  58.178 0.0000000000
125306  4.048  -29.985  57.293 0.0000000000
48611  3.596  -30.554  55.834 0.0000000000
123885  3.896  -30.239  55.151 0.0000000000
48619  3.432  -30.497  54.606 0.0000000000
47783  2.920  -30.803  53.013 0.0000000000
48630  2.845  -30.862  53.995 0.0000000000
47766  1.425  -31.698  54.806 0.0000000000
47775  1.490  -31.781  53.761 0.0000000000
47020  0.960  -32.416  53.193 0.0000000000
47006  -0.161  -32.512  55.680 0.0000000000
47015  -0.810  -33.084  55.203 0.0000000000
46999  -0.261  -32.145  56.293 0.0000000000
117825  0.224  -30.574  57.451 0.0000000000
124320  -0.776  -30.922  56.720 0.0000000000
127623  -0.224  -30.996  57.145 0.0000000000
47752  -0.992  -31.489  56.460 0.0000000000
47000  -0.855  -31.983  56.361 0.0000000000
126576  -1.359  -29.524  54.428 0.0000000000
114754  -0.245  -25.901  55.741 0.0000000000
54443  -1.368  -23.579  57.180 0.0000000000
108171  -1.224  -23.329  56.081 0.0000000000
57148  -0.986  -20.813  57.173 0.0000000000
57150  -1.122  -20.409  56.331 0.0000000000
56241  0.708  -21.995  57.399 0.0000000000
55322  0.589  -22.918  57.887 0.0000000000
56242  0.445  -21.295  57.862 0.0000000000
59602  1.999  -17.087  58.081 0.0000000000
113886  1.210  -18.359  58.287 0.0000000000
59603  1.331  -17.647  58.552 0.0000000000
57999  0.691  -18.337  58.607 0.0000000000
58002  0.260  -19.398  58.316 0.0000000000
58003  -0.063  -19.209  58.343 0.0000000000
58004  -0.334  -19.926  58.011 0.0000000000
59604  -0.327  -17.427  58.250 0.0000000000
124672  -0.527  -17.393  57.625 0.0000000000
59607  -0.492  -16.915  57.009 0.0000000000
62172  0.803  -14.502  58.574 0.0000000000
120093  0.293  -14.568  57.930 0.0000000000
63003  0.776  -13.512  57.771 0.0000000000
62994  1.489  -13.073  58.532 0.0000000000
62985  3.514  -13.331  59.050 0.0000000000
62986  2.676  -13.361  58.968 0.0000000000
64542  3.714  -11.656  58.120 0.0000000000
64543  3.045  -11.780  58.249 0.0000000000
63792  2.414  -12.184  58.265 0.0000000000
64546  3.254  -11.329  57.676 0.0000000000
64549  4.049  -10.963  57.009 0.0000000000
51273  30.364  -27.220  41.493 0.0000000000
108396  31.416  -23.678  49.628 0.0000000000
54493  31.608  -23.396  48.802 0.0000000000
53640  31.845  -24.286  49.981 0.0000000000
52024  32.073  -26.727  50.372 0.0000000000
52023  32.300  -26.007  49.832 0.0000000000
52034  32.086  -26.835  49.413 0.0000000000
52042  31.716  -26.685  48.577 0.0000000000
51177  31.639  -27.575  49.075 0.0000000000
49530  31.449  -29.292  50.792 0.0000000000
59784  16.537  -17.290  39.532 0.0000000000
61513  17.682  -15.797  37.811 0.0000000000
60646  17.727  -15.885  38.522 0.0000000000
61499  18.277  -15.505  38.322 0.0000000000
61498  18.926  -15.033  38.016 0.0000000000
60684  17.577  -16.874  34.752 0.0000000000
60674  17.901  -16.086  35.077 0.0000000000
62358  19.549  -14.385  35.704 0.0000000000
61524  18.888  -14.826  36.123 0.0000000000
63190  21.855  -12.811  35.718 0.0000000000
64747  22.899  -11.684  36.774 0.0000000000
57291  21.840  -21.192  35.982 0.0000000000
57302  21.489  -20.974  35.173 0.0000000000
58203  22.058  -20.014  32.986 0.0000000000
127633  21.494  -19.719  33.171 0.0000000000
58225  21.795  -19.223  32.736 0.0000000000
59035  21.380  -18.550  32.619 0.0000000000
59034  22.153  -18.459  32.482 0.0000000000
57354  24.365  -20.646  32.614 0.0000000000
57355  23.624  -20.524  32.732 0.0000000000
124313  24.102  -19.140  32.419 0.0000000000
60704  23.759  -16.793  32.663 0.0000000000
59856  23.458  -17.569  32.476 0.0000000000
60705  22.997  -16.764  32.565 0.0000000000
61557  22.567  -15.190  33.453 0.0000000000
112110  23.317  -15.357  33.431 0.0000000000
127670  24.429  -13.514  35.296 0.0000000000
62355  23.796  -13.605  34.900 0.0000000000
60673  26.905  -16.060  34.712 0.0000000000
60679  27.730  -16.404  34.953 0.0000000000
61509  28.289  -15.691  37.083 0.0000000000
60663  27.897  -15.725  36.323 0.0000000000
61510  27.759  -15.087  37.481 0.0000000000
109589  29.695  -16.355  38.053 0.0000000000
126016  29.024  -15.560  38.905 0.0000000000
61482  29.353  -15.700  39.416 0.0000000000
60633  30.057  -16.152  40.070 0.0000000000
60644  30.465  -16.757  38.092 0.0000000000
59813  31.498  -17.403  36.435 0.0000000000
59803  31.429  -17.308  37.227 0.0000000000
59802  32.110  -17.548  36.966 0.0000000000
59011  31.702  -18.563  33.409 0.0000000000
108503  33.256  -19.807  33.292 0.0000000000
58190  33.125  -19.039  33.735 0.0000000000
58189  33.590  -18.727  34.425 0.0000000000
58181  33.983  -18.537  35.063 0.0000000000
110309  34.301  -19.135  34.603 0.0000000000
56483  34.449  -21.516  33.357 0.0000000000
56482  35.169  -21.820  33.624 0.0000000000
55566  35.234  -22.712  33.703 0.0000000000
109162  30.207  -22.959  37.166 0.0000000000
55523  30.260  -22.952  36.406 0.0000000000
55522  30.985  -23.294  36.928 0.0000000000
54601  32.215  -23.854  37.313 0.0000000000
54614  31.713  -23.643  36.724 0.0000000000
53730  33.105  -24.773  38.017 0.0000000000
54592  32.701  -24.185  37.926 0.0000000000
54625  33.451  -24.113  34.916 0.0000000000
52196  35.512  -27.019  34.953 0.0000000000
51367  33.776  -28.259  36.799 0.0000000000
51381  34.789  -27.763  36.277 0.0000000000
106784  33.577  -28.212  35.047 0.0000000000
51414  34.494  -27.516  33.473 0.0000000000
66143  5.944  -8.923  51.732 0.0000000000
68454  7.657  -6.565  51.369 0.0000000000
67656  7.057  -7.185  51.092 0.0000000000
117183  7.170  -5.827  51.541 0.0000000000
69259  6.380  -5.430  51.598 0.0000000000
69258  7.229  -5.213  52.093 0.0000000000
69242  8.488  -5.870  55.605 0.0000000000
69245  8.369  -5.899  54.214 0.0000000000
69243  7.895  -5.522  55.080 0.0000000000
116113  7.405  -5.111  54.608 0.0000000000
70025  7.471  -5.121  55.642 0.0000000000
48661  -1.268  -30.966  51.753 0.0000000000
48682  -0.240  -30.416  50.089 0.0000000000
48674  -0.725  -30.880  50.851 0.0000000000
47810  -0.320  -31.158  49.897 0.0000000000
119582  -0.481  -32.083  49.523 0.0000000000
47809  0.195  -31.277  48.857 0.0000000000
49545  0.080  -29.028  49.143 0.0000000000
49556  0.147  -29.291  48.067 0.0000000000
116523  -1.001  -30.890  47.115 0.0000000000
52883  0.063  -25.425  45.765 0.0000000000
52874  0.277  -25.516  46.712 0.0000000000
51212  -0.727  -27.488  45.690 0.0000000000
50433  -1.332  -28.958  45.891 0.0000000000
50452  -1.124  -29.232  45.535 0.0000000000
49615  1.103  -29.790  44.848 0.0000000000
48714  0.512  -30.720  44.631 0.0000000000
60592  0.866  -16.182  42.222 0.0000000000
60607  1.431  -16.667  41.719 0.0000000000
61456  1.349  -15.551  42.440 0.0000000000
62278  2.491  -14.504  42.638 0.0000000000
61454  3.534  -15.272  42.504 0.0000000000
62276  4.245  -14.935  42.514 0.0000000000
64711  1.746  -11.677  41.738 0.0000000000
63946  2.224  -12.333  41.892 0.0000000000
63143  4.468  -13.463  41.837 0.0000000000
62288  4.919  -14.328  42.010 0.0000000000
113718  4.908  -15.159  42.138 0.0000000000
62287  5.519  -14.904  41.588 0.0000000000
61475  5.872  -15.448  40.901 0.0000000000
126501  5.561  -14.150  41.414 0.0000000000
63153  6.195  -12.936  40.484 0.0000000000
63152  6.402  -13.740  40.324 0.0000000000
119967  6.816  -13.989  39.725 0.0000000000
68539  1.221  -5.920  42.292 0.0000000000
127872  2.116  -6.135  42.111 0.0000000000
68554  4.029  -6.732  42.198 0.0000000000
67762  3.803  -7.386  41.928 0.0000000000
117046  4.314  -8.905  41.675 0.0000000000
66975  4.796  -8.138  41.751 0.0000000000
116135  6.728  -8.999  40.648 0.0000000000
66245  6.143  -9.086  41.155 0.0000000000
125028  5.768  -9.466  41.287 0.0000000000
66265  6.093  -9.861  40.976 0.0000000000
115033  31.450  -15.945  43.538 0.0000000000
61439  31.311  -15.336  43.572 0.0000000000
61426  31.782  -15.754  44.172 0.0000000000
62230  33.738  -15.029  47.216 0.0000000000
62240  33.343  -14.578  46.493 0.0000000000
63087  34.499  -13.516  46.706 0.0000000000
61423  35.623  -16.004  45.920 0.0000000000
61411  35.422  -15.915  46.620 0.0000000000
61412  35.418  -15.038  46.062 0.0000000000
60615  35.548  -16.337  40.277 0.0000000000
70299  47.294  -4.728  24.240 0.0000000000
125932  48.602  -4.114  23.208 0.0000000000
70306  47.947  -4.189  23.148 0.0000000000
71137  49.421  -3.993  22.288 0.0000000000
69516  50.389  -5.103  20.856 0.0000000000
64766  43.190  -11.568  35.113 0.0000000000
64777  43.773  -11.034  34.702 0.0000000000
65563  44.297  -10.519  34.244 0.0000000000
66309  44.784  -10.090  33.885 0.0000000000
64792  45.466  -11.648  32.896 0.0000000000
64791  45.985  -11.224  33.614 0.0000000000
66317  47.104  -9.626  32.608 0.0000000000
65573  46.871  -10.119  33.272 0.0000000000
66318  46.727  -9.409  33.115 0.0000000000
66319  45.864  -9.176  33.223 0.0000000000
67043  46.500  -8.741  32.596 0.0000000000
67050  47.011  -8.393  32.029 0.0000000000
67058  47.798  -8.283  30.679 0.0000000000
67828  47.033  -7.661  31.352 0.0000000000
67827  47.574  -7.685  30.941 0.0000000000
67833  47.273  -6.969  30.582 0.0000000000
67832  47.854  -7.507  30.276 0.0000000000
65611  44.537  -10.187  28.500 0.0000000000
66360  45.429  -9.166  27.341 0.0000000000
66352  45.396  -9.498  28.260 0.0000000000
109967  46.817  -8.924  29.142 0.0000000000
67086  47.846  -7.768  28.210 0.0000000000
67850  48.311  -7.230  28.630 0.0000000000
67849  48.510  -6.727  28.156 0.0000000000
68646  48.526  -6.161  27.926 0.0000000000
67885  48.524  -7.361  25.858 0.0000000000
122650  48.878  -6.935  26.193 0.0000000000
67124  47.405  -7.898  24.229 0.0000000000
67916  48.208  -7.503  23.198 0.0000000000
120362  49.324  -6.732  24.110 0.0000000000
67904  49.318  -6.717  23.344 0.0000000000
68691  49.720  -6.238  22.768 0.0000000000
67914  49.340  -6.719  22.382 0.0000000000
67935  49.535  -6.595  20.578 0.0000000000
68711  50.034  -6.010  20.253 0.0000000000
49524  14.654  -29.320  50.678 0.0000000000
49534  15.856  -29.971  50.629 0.0000000000
50348  16.509  -28.793  53.844 0.0000000000
50349  15.766  -28.507  53.520 0.0000000000
49488  17.908  -29.535  53.659 0.0000000000
111346  17.909  -30.423  51.375 0.0000000000
48638  18.109  -30.286  52.142 0.0000000000
67647  3.744  -7.567  52.736 0.0000000000
67659  4.497  -7.521  52.053 0.0000000000
66106  3.710  -9.790  55.194 0.0000000000
66114  3.327  -9.469  54.827 0.0000000000
66857  2.734  -9.150  54.455 0.0000000000
60491  4.790  -16.194  52.978 0.0000000000
127256  4.384  -16.614  52.527 0.0000000000
60499  5.232  -16.193  51.436 0.0000000000
57168  3.730  -20.833  51.794 0.0000000000
112424  3.381  -20.069  51.697 0.0000000000
58022  2.907  -19.444  52.100 0.0000000000
55391  32.085  -22.653  46.311 0.0000000000
54505  32.032  -23.699  47.443 0.0000000000
54492  32.083  -23.891  48.321 0.0000000000
56321  28.402  -21.443  45.777 0.0000000000
111665  28.034  -21.324  45.202 0.0000000000
56332  29.850  -21.573  45.107 0.0000000000
55417  30.646  -21.771  44.467 0.0000000000
55406  30.956  -21.764  45.268 0.0000000000
128432  31.827  -22.190  45.989 0.0000000000
47038  -1.679  -32.307  52.043 0.0000000000
47802  -1.233  -31.682  51.233 0.0000000000
58129  0.117  -19.596  41.377 0.0000000000
58140  -0.242  -19.936  40.620 0.0000000000
57265  -0.279  -20.429  40.226 0.0000000000
57264  0.042  -20.735  39.708 0.0000000000
58150  0.189  -19.898  39.982 0.0000000000
58149  1.100  -19.573  39.600 0.0000000000
58961  1.449  -18.870  39.931 0.0000000000
106212  39.618  -13.321  34.058 0.0000000000
64794  41.514  -11.448  32.760 0.0000000000
64793  42.349  -11.112  33.197 0.0000000000
70341  51.289  -4.337  18.203 0.0000000000
70348  51.425  -4.406  17.521 0.0000000000
54478  7.992  -24.013  50.401 0.0000000000
51259  12.757  -27.369  42.772 0.0000000000
52093  12.160  -26.804  42.814 0.0000000000
52909  12.572  -25.911  41.141 0.0000000000
52921  12.703  -25.174  40.563 0.0000000000
52931  13.742  -25.165  39.373 0.0000000000
47004  11.269  -33.022  55.520 0.0000000000
47757  11.283  -32.174  55.280 0.0000000000
128178  10.470  -25.650  53.451 0.0000000000
52817  10.368  -25.103  54.374 0.0000000000
53621  9.086  -24.761  53.060 0.0000000000
109806  13.161  -31.901  57.184 0.0000000000
46992  12.237  -32.720  56.792 0.0000000000
46281  11.867  -33.436  56.489 0.0000000000
45540  11.332  -34.149  56.116 0.0000000000
52035  25.519  -26.265  49.087 0.0000000000
46282  22.298  -33.067  55.612 0.0000000000
46291  21.968  -34.078  55.324 0.0000000000
45544  21.535  -34.666  54.789 0.0000000000
109524  21.102  -35.050  54.398 0.0000000000
125636  15.287  -27.076  39.293 0.0000000000
51199  22.082  -28.316  46.025 0.0000000000
51209  21.829  -28.098  45.316 0.0000000000
51198  22.682  -27.922  46.314 0.0000000000
52059  23.071  -27.348  45.944 0.0000000000
110981  24.626  -26.609  47.766 0.0000000000
71692  4.243  -2.188  52.336 0.0000000000
71693  3.359  -2.313  52.651 0.0000000000
72471  3.440  -1.822  54.045 0.0000000000
73868  6.628  0.377  56.322 0.0000000000
57152  -1.221  -20.983  55.515 0.0000000000
58018  -0.762  -19.525  53.943 0.0000000000
63048  1.999  -14.053  50.514 0.0000000000
62214  1.046  -14.284  49.745 0.0000000000
63056  0.989  -14.216  48.949 0.0000000000
63072  2.051  -13.242  47.864 0.0000000000
63866  2.856  -13.018  48.188 0.0000000000
70056  0.081  -4.782  51.282 0.0000000000
70865  0.536  -4.004  50.945 0.0000000000
71719  1.536  -2.985  50.513 0.0000000000
71711  1.490  -2.875  51.301 0.0000000000
71703  2.298  -2.626  51.554 0.0000000000
58178  36.021  -19.650  35.875 0.0000000000
57299  36.429  -20.288  35.763 0.0000000000
57288  37.218  -20.706  36.394 0.0000000000
59811  40.770  -18.459  36.942 0.0000000000
60660  40.908  -16.580  36.145 0.0000000000
58889  9.618  -18.209  46.111 0.0000000000
118051  7.258  -28.583  53.696 0.0000000000
121531  7.470  -28.686  53.087 0.0000000000
50340  7.084  -28.554  54.366 0.0000000000
50354  6.733  -28.800  54.090 0.0000000000
50341  6.573  -28.867  54.662 0.0000000000
51976  2.003  -26.570  58.045 0.0000000000
51104  0.857  -27.996  58.896 0.0000000000
51963  1.179  -26.897  58.759 0.0000000000
53595  0.224  -24.393  58.577 0.0000000000
51342  30.619  -27.131  38.462 0.0000000000
112670  30.259  -27.122  39.216 0.0000000000
57304  18.997  -20.828  34.957 0.0000000000
109217  19.839  -20.657  34.724 0.0000000000
57319  20.213  -20.136  34.100 0.0000000000
55559  26.784  -22.406  34.349 0.0000000000
55574  26.805  -22.093  33.432 0.0000000000
56490  27.264  -21.684  32.854 0.0000000000
57351  27.419  -20.317  32.301 0.0000000000
57350  28.316  -20.531  32.369 0.0000000000
57349  29.160  -20.595  32.424 0.0000000000
57348  29.998  -20.646  32.442 0.0000000000
56507  29.522  -21.319  32.596 0.0000000000
56487  29.898  -21.915  32.966 0.0000000000
52137  33.402  -26.863  40.369 0.0000000000
51340  32.635  -27.849  38.724 0.0000000000
52857  1.474  -25.434  48.714 0.0000000000
124606  0.674  -25.601  48.329 0.0000000000
52865  -0.140  -25.947  47.345 0.0000000000
66979  0.250  -8.439  41.899 0.0000000000
67746  0.327  -7.814  41.942 0.0000000000
67765  0.644  -7.559  41.706 0.0000000000
67764  1.453  -7.388  41.548 0.0000000000
59732  37.553  -17.886  44.912 0.0000000000
60597  35.728  -16.633  41.993 0.0000000000
68638  44.845  -5.888  28.594 0.0000000000
68647  44.435  -5.889  27.972 0.0000000000
127483  44.953  -5.689  28.169 0.0000000000
69456  46.023  -5.555  27.541 0.0000000000
69465  46.867  -5.462  26.923 0.0000000000
69455  47.184  -5.441  27.691 0.0000000000
69453  48.336  -5.732  27.509 0.0000000000
63258  42.610  -13.447  31.442 0.0000000000
108196  42.815  -12.977  30.709 0.0000000000
52028  10.706  -27.029  50.626 0.0000000000
51168  11.253  -27.411  50.728 0.0000000000
111917  11.470  -27.682  50.112 0.0000000000
116772  14.223  -29.380  47.909 0.0000000000
50408  13.431  -29.057  47.834 0.0000000000
108495  13.447  -28.935  47.010 0.0000000000
50430  13.522  -28.685  45.583 0.0000000000
50445  14.360  -28.837  44.307 0.0000000000
50299  13.908  -28.543  57.645 0.0000000000
51094  14.954  -27.967  57.104 0.0000000000
51949  14.609  -27.295  56.870 0.0000000000
51979  14.889  -26.731  56.307 0.0000000000
51141  13.724  -27.341  53.507 0.0000000000
51134  14.231  -27.059  54.260 0.0000000000
51997  12.554  -27.043  53.023 0.0000000000
52005  12.034  -27.001  52.629 0.0000000000
47736  18.592  -30.933  56.625 0.0000000000
50308  17.063  -28.711  56.515 0.0000000000
119286  15.112  -30.009  57.458 0.0000000000
112316  21.593  -29.550  48.602 0.0000000000
49531  22.301  -29.230  50.141 0.0000000000
49539  21.721  -29.592  49.600 0.0000000000
49532  21.691  -29.664  50.594 0.0000000000
49486  20.222  -29.567  54.064 0.0000000000
106652  21.245  -29.575  55.065 0.0000000000
48608  21.351  -29.807  55.366 0.0000000000
50465  15.251  -28.945  43.501 0.0000000000
106503  14.931  -29.035  43.998 0.0000000000
49612  16.451  -29.430  44.620 0.0000000000
49551  18.335  -30.325  48.057 0.0000000000
108017  18.159  -29.968  46.749 0.0000000000
49562  19.586  -29.921  47.393 0.0000000000
49561  20.260  -29.635  47.156 0.0000000000
70029  0.128  -3.927  54.840 0.0000000000
70027  1.013  -4.136  55.241 0.0000000000
70850  3.719  -3.892  54.232 0.0000000000
70828  4.861  -3.284  56.325 0.0000000000
70818  5.585  -3.296  56.981 0.0000000000
71654  6.975  -3.712  56.856 0.0000000000
62181  -0.027  -14.550  56.801 0.0000000000
114183  -0.098  -14.820  56.133 0.0000000000
62180  0.348  -14.093  56.453 0.0000000000
125116  3.391  -12.981  53.377 0.0000000000
67643  0.334  -7.164  52.972 0.0000000000
68450  -0.136  -6.644  52.910 0.0000000000
69248  -0.133  -6.001  53.306 0.0000000000
106643  37.593  -25.629  34.346 0.0000000000
44729  3.140  -35.612  53.685 0.0000000000
108524  6.875  -24.089  56.819 0.0000000000
53593  6.400  -24.853  57.274 0.0000000000
54467  3.170  -23.143  53.721 0.0000000000
53610  2.661  -24.787  55.315 0.0000000000
59633  3.011  -17.246  53.934 0.0000000000
59625  2.499  -17.539  54.317 0.0000000000
52899  32.621  -25.909  42.537 0.0000000000
52086  31.989  -26.055  42.895 0.0000000000
52868  30.626  -25.448  46.366 0.0000000000
52056  30.425  -26.073  46.730 0.0000000000
56403  22.797  -21.575  39.252 0.0000000000
126282  22.572  -21.489  38.628 0.0000000000
56402  23.405  -21.207  39.510 0.0000000000
57252  24.023  -20.948  39.662 0.0000000000
56380  27.581  -21.374  41.901 0.0000000000
56390  27.260  -21.570  40.992 0.0000000000
55469  27.796  -21.985  40.316 0.0000000000
55481  26.959  -22.166  39.208 0.0000000000
126159  26.945  -22.295  38.561 0.0000000000
122359  28.441  -22.469  39.094 0.0000000000
124339  29.233  -22.639  39.155 0.0000000000
55492  29.942  -22.870  38.821 0.0000000000
55478  29.763  -22.732  39.674 0.0000000000
55466  30.970  -23.032  41.022 0.0000000000
54547  32.717  -22.872  43.251 0.0000000000
54546  33.078  -23.432  42.957 0.0000000000
110121  33.178  -24.782  41.872 0.0000000000
54543  2.145  -23.432  44.480 0.0000000000
55425  2.507  -22.737  44.151 0.0000000000
55426  1.811  -23.214  43.652 0.0000000000
54552  1.049  -23.622  43.238 0.0000000000
110831  -0.461  -23.454  41.276 0.0000000000
118240  -0.413  -24.272  41.320 0.0000000000
53706  -0.202  -24.768  41.096 0.0000000000
52915  0.269  -25.275  41.394 0.0000000000
52129  1.870  -26.170  41.843 0.0000000000
52108  3.453  -26.698  42.174 0.0000000000
51286  4.202  -27.039  42.152 0.0000000000
52127  3.845  -26.389  41.645 0.0000000000
52144  4.227  -25.946  41.099 0.0000000000
55485  2.809  -22.430  39.442 0.0000000000
55484  3.715  -22.809  39.330 0.0000000000
61486  6.193  -15.954  40.154 0.0000000000
111284  1.319  -2.717  44.629 0.0000000000
123618  1.308  -3.477  44.130 0.0000000000
67059  43.673  -8.239  30.429 0.0000000000
67835  45.313  -7.594  30.842 0.0000000000
57186  5.547  -20.331  49.709 0.0000000000
57185  6.062  -20.718  49.358 0.0000000000
55372  7.328  -22.434  48.224 0.0000000000
57216  7.497  -20.157  46.479 0.0000000000
127243  8.357  -20.769  45.394 0.0000000000
52044  10.157  -26.679  48.369 0.0000000000
52053  9.633  -26.203  48.066 0.0000000000
52872  9.703  -26.084  46.693 0.0000000000
52882  9.430  -25.104  45.761 0.0000000000
53690  10.778  -24.867  42.974 0.0000000000
53691  10.321  -24.353  43.466 0.0000000000
126685  10.207  -23.664  43.283 0.0000000000
54550  9.872  -23.136  43.539 0.0000000000
54551  9.529  -22.527  43.945 0.0000000000
56373  11.479  -21.651  42.492 0.0000000000
57253  15.077  -20.464  40.625 0.0000000000
114910  15.241  -19.409  39.977 0.0000000000
42889  9.405  -37.712  52.526 0.0000000000
42894  9.018  -37.371  51.696 0.0000000000
45566  10.052  -34.510  52.120 0.0000000000
48625  11.331  -30.523  53.774 0.0000000000
48626  11.034  -30.589  53.029 0.0000000000
49510  10.576  -29.923  52.653 0.0000000000
49492  10.170  -29.166  53.046 0.0000000000
113924  9.721  -28.165  54.089 0.0000000000
51107  12.632  -27.911  57.484 0.0000000000
51952  12.896  -26.743  57.971 0.0000000000
115363  12.791  -25.950  57.989 0.0000000000
51953  12.038  -26.066  58.113 0.0000000000
53598  10.582  -23.848  56.594 0.0000000000
54428  11.298  -23.686  57.958 0.0000000000
54429  10.550  -23.513  57.953 0.0000000000
53579  10.464  -23.870  58.755 0.0000000000
51955  9.526  -25.340  58.450 0.0000000000
53580  9.797  -23.985  58.839 0.0000000000
108015  8.930  -24.384  58.667 0.0000000000
53581  8.529  -23.835  58.182 0.0000000000
54470  7.449  -23.006  52.511 0.0000000000
56254  5.788  -22.225  52.158 0.0000000000
45528  16.954  -33.927  55.828 0.0000000000
45529  16.267  -34.324  55.783 0.0000000000
44686  15.962  -34.695  56.060 0.0000000000
43751  13.875  -36.462  56.952 0.0000000000
111102  13.639  -37.418  55.598 0.0000000000
125112  13.246  -37.478  56.142 0.0000000000
41988  12.740  -38.023  55.740 0.0000000000
41995  12.126  -38.774  55.541 0.0000000000
43787  10.448  -36.302  55.074 0.0000000000
42876  10.202  -37.652  54.287 0.0000000000
54496  28.928  -23.047  49.050 0.0000000000
53642  28.855  -23.953  50.338 0.0000000000
53634  28.483  -24.532  50.800 0.0000000000
52015  27.195  -26.393  51.616 0.0000000000
52014  27.972  -26.170  51.670 0.0000000000
52002  27.610  -26.780  51.706 0.0000000000
51147  28.083  -27.413  51.694 0.0000000000
109629  28.423  -29.106  51.791 0.0000000000
111085  28.145  -30.010  51.943 0.0000000000
50364  23.538  -28.701  52.857 0.0000000000
58147  15.015  -19.308  39.276 0.0000000000
58165  14.636  -19.932  38.125 0.0000000000
57283  14.713  -20.457  37.580 0.0000000000
54606  15.865  -23.702  36.837 0.0000000000
54619  15.515  -23.045  36.739 0.0000000000
54618  16.323  -23.144  36.483 0.0000000000
54604  18.632  -23.949  36.770 0.0000000000
50499  18.075  -28.354  41.416 0.0000000000
51278  18.751  -28.025  41.026 0.0000000000
52106  21.068  -27.129  42.098 0.0000000000
52122  20.754  -26.787  41.358 0.0000000000
53709  21.078  -24.781  39.890 0.0000000000
123547  21.550  -24.249  40.100 0.0000000000
53665  24.999  -24.834  46.111 0.0000000000
53680  24.648  -24.360  44.639 0.0000000000
53672  25.379  -24.121  45.813 0.0000000000
54529  25.766  -23.322  45.473 0.0000000000
55396  26.405  -22.770  45.809 0.0000000000
54507  27.746  -22.825  47.797 0.0000000000
108172  5.505  0.743  52.034 0.0000000000
72448  1.957  -1.799  57.147 0.0000000000
72455  2.619  -1.368  56.584 0.0000000000
114431  -0.304  -27.490  54.534 0.0000000000
51999  0.006  -27.006  54.234 0.0000000000
111662  0.539  -26.095  53.865 0.0000000000
114517  0.407  -22.728  52.726 0.0000000000
112107  1.788  -23.726  51.512 0.0000000000
125324  2.135  -24.269  51.059 0.0000000000
54481  1.735  -22.898  51.259 0.0000000000
60485  -0.531  -16.529  54.045 0.0000000000
59643  -0.551  -17.088  52.766 0.0000000000
106545  -0.620  -17.831  52.290 0.0000000000
59671  -0.279  -16.796  50.270 0.0000000000
58844  -0.248  -17.734  50.406 0.0000000000
58856  0.629  -18.605  49.641 0.0000000000
58050  0.670  -19.301  50.032 0.0000000000
58049  1.305  -19.623  49.514 0.0000000000
57198  1.904  -19.993  49.023 0.0000000000
57209  3.267  -20.637  47.659 0.0000000000
57210  2.820  -20.024  47.856 0.0000000000
58073  2.646  -19.415  47.658 0.0000000000
58086  3.048  -19.139  46.950 0.0000000000
61409  1.448  -15.859  46.280 0.0000000000
60560  1.990  -16.752  44.774 0.0000000000
59729  1.535  -16.877  43.942 0.0000000000
60573  0.339  -15.817  43.637 0.0000000000
61445  0.155  -15.428  43.208 0.0000000000
64640  2.732  -11.821  45.827 0.0000000000
121062  2.195  -10.987  44.410 0.0000000000
116253  1.748  -10.411  43.841 0.0000000000
66194  3.214  -9.453  43.973 0.0000000000
66928  3.792  -8.224  44.160 0.0000000000
66150  4.461  -9.970  50.331 0.0000000000
65401  4.975  -10.464  49.827 0.0000000000
66904  4.622  -8.387  48.773 0.0000000000
68477  3.398  -6.414  48.583 0.0000000000
69281  3.239  -5.726  48.148 0.0000000000
68485  3.703  -6.231  47.626 0.0000000000
68491  3.801  -6.280  46.470 0.0000000000
70105  2.046  -4.506  45.791 0.0000000000
71717  3.292  -2.625  49.307 0.0000000000
71728  3.317  -2.512  48.380 0.0000000000
111347  4.051  -2.559  48.881 0.0000000000
127787  5.163  -1.749  47.559 0.0000000000
112449  32.299  -17.446  39.074 0.0000000000
59782  32.207  -17.355  39.757 0.0000000000
127898  32.658  -17.511  39.469 0.0000000000
119959  34.025  -17.840  40.234 0.0000000000
58943  36.191  -18.800  40.410 0.0000000000
58925  36.576  -19.442  42.724 0.0000000000
58125  37.596  -19.845  42.853 0.0000000000
54611  39.092  -23.400  36.248 0.0000000000
55521  38.719  -22.759  36.520 0.0000000000
56411  39.792  -21.445  38.278 0.0000000000
57256  41.453  -20.503  39.206 0.0000000000
58142  41.153  -20.324  40.179 0.0000000000
116680  40.529  -20.145  40.815 0.0000000000
58121  40.342  -19.858  41.546 0.0000000000
58942  40.659  -18.996  41.593 0.0000000000
121985  40.486  -18.583  42.098 0.0000000000
59753  40.592  -17.947  42.023 0.0000000000
60594  40.306  -17.406  41.465 0.0000000000
59766  40.831  -17.431  41.186 0.0000000000
60626  41.162  -16.118  39.897 0.0000000000
62393  42.282  -13.994  32.641 0.0000000000
61577  40.791  -14.760  31.639 0.0000000000
59669  5.370  -17.592  49.417 0.0000000000
60520  5.733  -16.731  49.680 0.0000000000
45551  -2.236  -34.508  54.014 0.0000000000
44782  7.800  -35.509  50.389 0.0000000000
44764  7.261  -35.991  50.814 0.0000000000
45591  7.435  -34.816  49.944 0.0000000000
45592  6.339  -34.584  50.110 0.0000000000
123960  5.355  -31.140  50.014 0.0000000000
48673  4.948  -30.907  50.668 0.0000000000
47791  4.148  -31.287  50.589 0.0000000000
47043  3.273  -32.265  50.127 0.0000000000
46334  2.936  -32.903  50.342 0.0000000000
122709  2.667  -31.587  51.257 0.0000000000
123641  2.306  -31.317  52.281 0.0000000000
51111  5.829  -28.184  57.680 0.0000000000
50313  5.308  -28.980  57.323 0.0000000000
49446  4.905  -29.412  56.748 0.0000000000
49448  3.399  -30.173  57.568 0.0000000000
49457  3.622  -30.328  56.906 0.0000000000
48620  2.821  -30.948  54.926 0.0000000000
47765  2.155  -31.325  55.322 0.0000000000
47750  0.461  -31.778  56.559 0.0000000000
50307  0.016  -29.357  57.826 0.0000000000
49452  -0.251  -29.695  57.324 0.0000000000
49459  -0.883  -30.112  56.238 0.0000000000
49468  -0.799  -29.289  55.670 0.0000000000
50331  -0.775  -28.545  55.212 0.0000000000
53587  -1.188  -23.980  58.023 0.0000000000
111540  -1.373  -22.626  56.753 0.0000000000
127663  -0.683  -20.196  57.572 0.0000000000
59599  1.174  -17.155  58.917 0.0000000000
59600  0.609  -17.358  58.944 0.0000000000
58800  0.416  -17.956  58.709 0.0000000000
58801  -0.125  -18.258  58.448 0.0000000000
60444  -0.065  -16.741  58.510 0.0000000000
61329  -0.017  -15.902  58.108 0.0000000000
63786  4.418  -12.668  58.860 0.0000000000
63790  4.294  -12.156  58.402 0.0000000000
116366  4.275  -11.738  57.916 0.0000000000
64556  5.207  -11.404  55.998 0.0000000000
53630  31.501  -24.755  50.703 0.0000000000
60655  16.664  -16.788  37.819 0.0000000000
60654  17.147  -16.292  37.357 0.0000000000
61526  17.687  -15.796  36.939 0.0000000000
60682  19.059  -16.121  33.861 0.0000000000
61550  18.619  -15.662  34.658 0.0000000000
61549  19.428  -15.265  34.290 0.0000000000
62371  19.820  -14.572  34.811 0.0000000000
62357  20.248  -14.087  35.314 0.0000000000
62356  21.019  -13.883  34.827 0.0000000000
63203  21.402  -13.366  35.344 0.0000000000
63202  22.231  -13.318  35.092 0.0000000000
57301  22.685  -21.189  35.516 0.0000000000
57317  22.032  -20.912  34.649 0.0000000000
57336  22.395  -20.688  33.632 0.0000000000
57356  22.831  -20.289  32.837 0.0000000000
107006  24.821  -18.747  32.463 0.0000000000
59032  24.093  -18.199  32.455 0.0000000000
60689  24.431  -16.403  33.046 0.0000000000
61556  24.164  -15.622  33.480 0.0000000000
61546  24.018  -14.928  33.876 0.0000000000
61545  24.675  -15.285  33.929 0.0000000000
62367  24.847  -14.785  34.462 0.0000000000
63200  25.118  -13.777  35.475 0.0000000000
63188  25.512  -13.358  36.086 0.0000000000
62338  25.889  -14.087  35.761 0.0000000000
106635  26.218  -14.749  35.469 0.0000000000
62337  26.568  -14.455  36.187 0.0000000000
119130  28.549  -17.183  34.307 0.0000000000
125052  28.620  -16.756  35.034 0.0000000000
60662  28.457  -16.074  36.434 0.0000000000
107425  28.965  -16.193  36.917 0.0000000000
60652  29.455  -16.349  37.392 0.0000000000
59805  30.073  -16.651  37.406 0.0000000000
121940  30.975  -17.188  36.781 0.0000000000
59821  31.469  -17.520  35.381 0.0000000000
57347  31.692  -20.401  32.586 0.0000000000
57333  32.573  -20.147  32.825 0.0000000000
127762  33.858  -20.128  33.473 0.0000000000
55568  33.879  -22.827  33.395 0.0000000000
112676  31.645  -23.467  38.027 0.0000000000
124874  32.114  -23.709  37.801 0.0000000000
53738  33.834  -25.088  37.279 0.0000000000
52962  35.513  -25.572  34.820 0.0000000000
127467  35.474  -26.558  36.070 0.0000000000
65385  7.034  -9.975  51.679 0.0000000000
66142  6.744  -9.150  51.369 0.0000000000
66141  7.624  -9.286  51.217 0.0000000000
67655  7.787  -7.673  51.098 0.0000000000
50389  -0.526  -29.029  50.948 0.0000000000
49546  0.053  -29.736  49.708 0.0000000000
49569  -0.721  -29.236  47.283 0.0000000000
52892  -0.489  -25.882  44.448 0.0000000000
51227  -0.534  -27.408  44.819 0.0000000000
112635  -0.499  -29.087  45.188 0.0000000000
113535  1.280  -14.703  42.654 0.0000000000
63131  2.084  -13.802  42.561 0.0000000000
63130  3.054  -13.950  42.441 0.0000000000
64710  3.004  -11.013  41.580 0.0000000000
113338  3.464  -11.648  41.605 0.0000000000
108896  4.834  -12.758  41.515 0.0000000000
115016  5.546  -12.827  41.080 0.0000000000
63954  5.906  -12.150  40.671 0.0000000000
69353  3.626  -5.538  42.722 0.0000000000
118738  4.971  -6.654  42.177 0.0000000000
60564  32.424  -16.143  44.821 0.0000000000
60563  33.102  -16.577  45.433 0.0000000000
61401  33.744  -15.798  46.812 0.0000000000
62229  34.400  -14.820  47.430 0.0000000000
62261  34.729  -14.356  43.708 0.0000000000
62249  35.248  -14.648  44.915 0.0000000000
70288  48.329  -4.927  25.525 0.0000000000
70312  49.607  -4.459  22.811 0.0000000000
119903  49.639  -4.892  23.291 0.0000000000
120375  49.939  -5.543  22.489 0.0000000000
64764  45.030  -11.514  35.087 0.0000000000
65548  45.432  -10.993  34.723 0.0000000000
65561  45.832  -10.485  34.227 0.0000000000
64811  45.748  -11.062  31.486 0.0000000000
66327  47.360  -9.072  31.859 0.0000000000
66326  47.685  -8.857  31.104 0.0000000000
66335  47.721  -8.814  30.484 0.0000000000
67095  47.831  -7.728  27.276 0.0000000000
67148  48.731  -7.222  21.812 0.0000000000
50379  12.832  -28.276  51.029 0.0000000000
50386  13.410  -28.666  50.495 0.0000000000
49544  13.757  -29.127  49.255 0.0000000000
49543  14.402  -29.446  49.212 0.0000000000
49567  14.961  -29.620  47.529 0.0000000000
49583  15.698  -29.700  46.835 0.0000000000
51115  15.583  -27.229  56.041 0.0000000000
49463  19.330  -29.282  55.557 0.0000000000
50323  17.798  -28.767  55.689 0.0000000000
119952  17.924  -28.866  55.056 0.0000000000
50315  17.456  -28.687  56.175 0.0000000000
48677  19.610  -30.426  49.665 0.0000000000
48664  20.301  -30.328  50.384 0.0000000000
48637  19.059  -30.251  52.390 0.0000000000
49505  19.541  -29.850  53.400 0.0000000000
49552  17.444  -30.307  48.093 0.0000000000
48686  17.017  -30.372  48.858 0.0000000000
48684  18.825  -30.429  48.952 0.0000000000
69254  1.753  -5.663  53.219 0.0000000000
70048  3.392  -4.839  52.566 0.0000000000
68448  3.343  -6.141  52.266 0.0000000000
69262  3.764  -5.427  52.092 0.0000000000
70047  4.387  -4.582  52.475 0.0000000000
70035  5.630  -4.145  53.375 0.0000000000
63802  2.258  -12.078  56.995 0.0000000000
108116  2.593  -11.520  56.485 0.0000000000
65351  2.784  -10.670  55.521 0.0000000000
123487  2.706  -10.470  54.829 0.0000000000
121168  2.706  -10.333  54.180 0.0000000000
65367  2.456  -9.812  53.692 0.0000000000
66123  1.697  -8.850  53.637 0.0000000000
124223  1.775  -8.532  53.672 0.0000000000
68440  1.636  -7.094  53.386 0.0000000000
52239  35.351  -26.817  32.709 0.0000000000
126868  4.460  -38.039  55.834 0.0000000000
43791  4.532  -36.631  54.504 0.0000000000
106975  5.004  -35.742  53.340 0.0000000000
54464  5.604  -22.931  53.685 0.0000000000
54457  5.221  -23.522  53.967 0.0000000000
55338  3.532  -22.523  53.147 0.0000000000
56257  3.398  -21.299  52.388 0.0000000000
119913  2.084  -20.578  53.635 0.0000000000
59634  2.650  -17.789  53.582 0.0000000000
53679  32.898  -24.544  44.436 0.0000000000
110365  32.102  -24.601  45.028 0.0000000000
52876  31.422  -24.602  45.986 0.0000000000
52047  31.540  -25.472  47.586 0.0000000000
52048  31.453  -26.155  47.863 0.0000000000
108935  31.197  -26.822  48.050 0.0000000000
56367  25.421  -21.397  42.437 0.0000000000
56366  26.875  -21.116  42.640 0.0000000000
56349  27.625  -21.181  44.120 0.0000000000
110998  27.795  -21.186  43.433 0.0000000000
56365  27.596  -21.216  42.789 0.0000000000
126244  28.014  -21.399  42.318 0.0000000000
56378  29.190  -21.807  42.359 0.0000000000
106296  30.020  -22.199  42.103 0.0000000000
55442  30.697  -22.230  42.763 0.0000000000
119421  31.537  -22.013  44.454 0.0000000000
55416  32.218  -22.440  43.858 0.0000000000
57239  2.493  -20.487  42.904 0.0000000000
56376  1.633  -21.896  42.601 0.0000000000
126713  1.384  -21.288  42.323 0.0000000000
56377  0.963  -21.583  42.087 0.0000000000
56387  0.376  -22.076  41.750 0.0000000000
120957  -0.086  -20.299  41.331 0.0000000000
56388  -0.226  -21.831  41.317 0.0000000000
55463  -0.395  -22.627  41.234 0.0000000000
55474  -0.477  -22.803  40.699 0.0000000000
111337  1.700  -24.548  40.618 0.0000000000
54578  1.694  -23.858  40.246 0.0000000000
54589  2.230  -23.125  39.823 0.0000000000
56407  1.121  -21.672  39.413 0.0000000000
55502  2.932  -21.731  39.103 0.0000000000
58960  2.390  -18.691  39.685 0.0000000000
59787  3.675  -17.857  39.844 0.0000000000
72007  51.247  -2.787  16.160 0.0000000000
71191  51.433  -3.078  15.580 0.0000000000
70366  51.466  -3.884  15.750 0.0000000000
56271  6.742  -21.950  50.400 0.0000000000
55361  7.249  -22.517  48.984 0.0000000000
54514  7.704  -23.036  47.735 0.0000000000
51211  11.408  -27.413  45.550 0.0000000000
52068  10.878  -26.690  45.063 0.0000000000
52895  10.834  -25.706  43.676 0.0000000000
125748  11.170  -25.605  42.895 0.0000000000
53697  11.050  -24.254  42.200 0.0000000000
54570  11.410  -23.721  41.700 0.0000000000
54577  13.200  -23.774  39.975 0.0000000000
45555  10.287  -34.546  53.153 0.0000000000
47764  10.973  -32.016  54.371 0.0000000000
47772  11.311  -31.196  54.238 0.0000000000
50336  11.299  -28.674  54.807 0.0000000000
52802  12.899  -25.134  56.512 0.0000000000
108016  12.188  -24.958  56.050 0.0000000000
53605  11.654  -24.552  56.238 0.0000000000
107582  10.958  -24.360  56.029 0.0000000000
53606  10.180  -24.055  55.846 0.0000000000
54445  8.934  -23.491  56.256 0.0000000000
54469  7.955  -23.545  52.951 0.0000000000
120139  15.171  -32.391  56.791 0.0000000000
113146  14.510  -34.043  57.243 0.0000000000
45533  12.778  -34.944  57.169 0.0000000000
44690  12.326  -35.648  56.937 0.0000000000
43753  11.787  -36.323  56.676 0.0000000000
44691  11.535  -35.631  56.593 0.0000000000
123458  11.012  -35.583  56.357 0.0000000000
127276  10.781  -35.494  56.058 0.0000000000
53650  27.023  -24.346  48.665 0.0000000000
52845  26.831  -25.286  49.757 0.0000000000
52839  26.710  -25.652  50.365 0.0000000000
52026  25.884  -26.281  50.222 0.0000000000
52025  26.687  -26.058  51.171 0.0000000000
112076  25.995  -27.912  52.414 0.0000000000
48615  22.966  -30.222  54.846 0.0000000000
46289  23.049  -33.261  54.780 0.0000000000
108483  14.357  -22.173  38.406 0.0000000000
53745  14.895  -23.590  37.485 0.0000000000
53744  15.368  -24.052  37.317 0.0000000000
52946  16.410  -25.176  37.439 0.0000000000
50460  20.174  -28.633  43.836 0.0000000000
51237  20.841  -27.945  43.378 0.0000000000
51220  21.574  -27.901  44.604 0.0000000000
51236  21.575  -27.320  43.426 0.0000000000
52091  22.548  -25.880  43.082 0.0000000000
52889  23.557  -25.551  44.405 0.0000000000
52879  24.482  -25.366  45.713 0.0000000000
52869  25.278  -25.096  46.809 0.0000000000
53658  25.967  -24.437  47.163 0.0000000000
108939  5.702  -1.183  51.709 0.0000000000
72477  5.396  -1.193  52.586 0.0000000000
73886  5.439  0.396  52.795 0.0000000000
74540  5.105  0.873  53.475 0.0000000000
73180  4.092  -0.117  58.415 0.0000000000
118932  4.227  0.555  58.296 0.0000000000
73863  4.993  0.517  58.330 0.0000000000
74525  5.316  1.644  58.068 0.0000000000
75199  5.173  2.560  57.598 0.0000000000
118140  6.127  2.414  57.097 0.0000000000
75201  5.642  2.817  57.134 0.0000000000
117867  -0.575  -24.174  55.218 0.0000000000
54460  -0.644  -23.472  54.944 0.0000000000
55341  -0.456  -22.399  53.759 0.0000000000
122707  -0.977  -21.641  54.472 0.0000000000
56249  -0.769  -21.866  54.051 0.0000000000
55347  -0.454  -21.712  53.374 0.0000000000
56258  -0.103  -21.496  52.706 0.0000000000
56267  -0.120  -20.996  52.501 0.0000000000
62196  0.359  -14.970  52.525 0.0000000000
62200  -0.022  -15.346  52.226 0.0000000000
61374  -0.109  -15.469  51.489 0.0000000000
109022  0.613  -14.696  50.913 0.0000000000
60522  -0.102  -16.157  50.161 0.0000000000
60521  0.178  -16.472  49.562 0.0000000000
59670  0.498  -17.238  49.225 0.0000000000
59683  1.010  -17.179  48.510 0.0000000000
59682  1.513  -17.775  48.160 0.0000000000
126994  1.067  -16.494  48.141 0.0000000000
61397  1.246  -16.060  47.344 0.0000000000
61398  0.986  -15.323  47.500 0.0000000000
118554  1.168  -15.394  46.781 0.0000000000
106695  0.974  -14.713  46.789 0.0000000000
63084  0.756  -13.779  46.035 0.0000000000
63884  1.448  -12.809  46.046 0.0000000000
63874  2.654  -12.644  47.311 0.0000000000
65422  4.809  -10.595  46.150 0.0000000000
125344  1.630  -7.312  50.743 0.0000000000
68462  1.528  -6.758  50.433 0.0000000000
68470  2.152  -6.414  49.761 0.0000000000
69275  1.087  -5.288  49.939 0.0000000000
69274  2.021  -5.680  49.467 0.0000000000
69283  1.932  -4.879  49.119 0.0000000000
70887  2.233  -3.551  47.948 0.0000000000
115095  1.922  -3.484  48.963 0.0000000000
71730  1.989  -2.959  49.012 0.0000000000
124734  3.896  -2.573  49.918 0.0000000000
111706  4.670  -2.406  49.933 0.0000000000
58974  34.748  -18.330  37.478 0.0000000000
58163  35.444  -18.604  37.923 0.0000000000
58153  36.654  -19.105  38.697 0.0000000000
107662  37.113  -19.284  39.307 0.0000000000
58145  38.043  -19.634  39.716 0.0000000000
56438  40.429  -21.942  36.656 0.0000000000
57287  40.705  -21.235  36.934 0.0000000000
58160  41.390  -20.274  38.126 0.0000000000
58151  41.835  -19.608  38.707 0.0000000000
123215  42.157  -18.091  39.274 0.0000000000
61502  42.978  -15.041  37.304 0.0000000000
62330  43.243  -14.467  36.641 0.0000000000
61554  40.773  -15.156  33.729 0.0000000000
59679  8.139  -17.190  47.684 0.0000000000
59703  9.725  -17.683  46.682 0.0000000000
59689  10.151  -17.361  47.505 0.0000000000
43796  -0.626  -36.781  53.005 0.0000000000
44733  -0.877  -35.013  53.509 0.0000000000
44734  -1.829  -34.778  53.970 0.0000000000
47796  9.006  -31.286  49.972 0.0000000000
47806  7.543  -31.911  49.222 0.0000000000
47797  8.088  -31.122  49.722 0.0000000000
48670  7.513  -30.380  50.298 0.0000000000
48671  6.532  -30.400  50.351 0.0000000000
49528  6.485  -29.551  51.731 0.0000000000
48658  6.092  -29.953  51.144 0.0000000000
48642  5.026  -29.839  52.241 0.0000000000
48627  4.889  -29.719  53.170 0.0000000000
51112  3.996  -27.036  57.825 0.0000000000
50304  3.573  -28.772  58.605 0.0000000000
49438  3.024  -29.698  58.254 0.0000000000
49449  2.536  -30.258  57.730 0.0000000000
48595  2.155  -30.617  57.307 0.0000000000
49450  1.634  -30.259  57.710 0.0000000000
49440  1.042  -29.738  57.950 0.0000000000
121765  -0.341  -28.611  57.436 0.0000000000
115519  -0.461  -27.199  57.362 0.0000000000
53586  -0.659  -24.606  58.366 0.0000000000
54426  -0.617  -23.713  58.536 0.0000000000
59605  2.185  -17.298  57.201 0.0000000000
60437  2.219  -16.053  58.871 0.0000000000
62980  3.213  -14.042  58.989 0.0000000000
62978  4.790  -13.966  59.249 0.0000000000
50373  30.793  -28.545  52.018 0.0000000000
50372  31.179  -28.127  51.739 0.0000000000
58996  16.537  -18.710  35.318 0.0000000000
58995  16.916  -18.099  34.880 0.0000000000
59005  17.614  -18.287  34.421 0.0000000000
59833  18.026  -17.503  34.121 0.0000000000
128000  18.791  -19.550  34.178 0.0000000000
60695  18.770  -17.042  33.582 0.0000000000
60694  19.610  -16.691  33.221 0.0000000000
60693  20.520  -16.391  32.966 0.0000000000
56474  24.422  -21.658  34.455 0.0000000000
56512  24.659  -21.518  33.474 0.0000000000
125571  24.618  -21.153  32.837 0.0000000000
113569  25.079  -20.757  32.545 0.0000000000
57353  25.624  -20.195  32.347 0.0000000000
58222  25.312  -19.403  32.395 0.0000000000
59031  25.756  -18.519  32.497 0.0000000000
59854  25.793  -17.481  32.751 0.0000000000
60680  26.412  -16.386  33.914 0.0000000000
59841  26.632  -17.212  33.232 0.0000000000
59840  27.438  -17.452  33.394 0.0000000000
106462  28.043  -17.321  33.825 0.0000000000
59014  28.062  -18.025  33.023 0.0000000000
59839  28.870  -17.686  33.654 0.0000000000
127145  29.607  -17.633  33.951 0.0000000000
59829  30.880  -17.621  34.445 0.0000000000
59012  30.394  -18.461  33.090 0.0000000000
58202  31.122  -18.885  32.946 0.0000000000
108952  31.073  -19.764  32.607 0.0000000000
113677  30.818  -20.598  32.494 0.0000000000
54572  32.829  -24.158  39.622 0.0000000000
54581  32.785  -24.233  38.681 0.0000000000
118535  33.089  -24.590  39.099 0.0000000000
53718  33.419  -25.089  38.576 0.0000000000
119600  33.659  -25.791  39.098 0.0000000000
52177  34.605  -26.399  37.813 0.0000000000
51354  33.821  -27.913  37.739 0.0000000000
51355  32.927  -28.224  37.443 0.0000000000
112771  -0.211  -27.587  49.869 0.0000000000
114452  -0.410  -27.258  48.982 0.0000000000
51184  -0.483  -27.753  48.343 0.0000000000
110746  -0.491  -27.076  48.283 0.0000000000
118015  -0.559  -28.440  47.656 0.0000000000
50410  -1.253  -29.038  46.819 0.0000000000
50411  -1.901  -29.607  46.431 0.0000000000
51225  0.661  -28.157  44.478 0.0000000000
64713  0.017  -10.907  41.870 0.0000000000
65501  1.779  -10.893  41.581 0.0000000000
116319  1.416  -9.869  41.467 0.0000000000
65500  2.457  -10.334  41.536 0.0000000000
65499  3.475  -10.330  41.599 0.0000000000
58894  35.591  -18.782  46.388 0.0000000000
59709  35.173  -17.928  46.725 0.0000000000
124599  35.922  -17.674  46.803 0.0000000000
60549  35.779  -16.883  46.633 0.0000000000
60575  35.994  -16.801  44.411 0.0000000000
60562  35.472  -16.065  44.854 0.0000000000
61438  34.893  -15.282  44.229 0.0000000000
62271  34.162  -14.230  42.630 0.0000000000
119125  44.267  -5.945  27.302 0.0000000000
69477  46.620  -5.287  25.490 0.0000000000
69476  47.421  -5.202  26.193 0.0000000000
125502  47.970  -4.988  25.868 0.0000000000
70287  48.661  -5.183  25.771 0.0000000000
70286  49.038  -5.209  25.356 0.0000000000
120882  49.137  -5.601  25.504 0.0000000000
115968  44.606  -12.547  33.373 0.0000000000
64017  44.702  -12.282  32.659 0.0000000000
64803  45.229  -11.643  32.030 0.0000000000
67116  46.839  -8.272  24.842 0.0000000000
52038  9.827  -26.361  49.639 0.0000000000
52037  10.198  -26.739  49.204 0.0000000000
113591  11.846  -28.174  48.809 0.0000000000
51181  11.760  -28.187  48.017 0.0000000000
51201  11.307  -27.585  46.424 0.0000000000
50447  12.867  -28.254  44.893 0.0000000000
51258  13.276  -27.561  42.404 0.0000000000
48592  12.647  -30.645  56.881 0.0000000000
119726  12.876  -30.043  57.129 0.0000000000
119742  13.080  -29.106  57.531 0.0000000000
113093  13.568  -27.946  57.685 0.0000000000
51096  13.518  -27.178  57.631 0.0000000000
51987  15.321  -26.892  56.017 0.0000000000
51991  14.315  -26.597  55.158 0.0000000000
107136  13.399  -25.572  56.113 0.0000000000
51998  11.290  -26.110  53.524 0.0000000000
52823  10.304  -26.008  52.522 0.0000000000
52832  9.714  -25.778  51.951 0.0000000000
45536  20.023  -34.685  55.371 0.0000000000
45537  19.116  -34.684  55.459 0.0000000000
46997  18.718  -32.674  56.209 0.0000000000
48601  18.754  -29.945  56.562 0.0000000000
48588  17.821  -30.394  56.731 0.0000000000
47740  14.584  -31.777  57.011 0.0000000000
47734  14.178  -31.094  57.229 0.0000000000
48584  14.651  -30.487  57.364 0.0000000000
47735  13.448  -31.013  57.204 0.0000000000
127942  23.474  -27.974  48.802 0.0000000000
50391  23.356  -28.417  50.088 0.0000000000
50375  22.842  -28.863  51.566 0.0000000000
49503  21.507  -29.534  53.526 0.0000000000
116460  22.170  -29.586  54.523 0.0000000000
47745  22.041  -31.090  55.881 0.0000000000
118927  21.280  -33.413  55.855 0.0000000000
118404  14.618  -27.476  40.520 0.0000000000
51282  14.243  -27.680  41.327 0.0000000000
50501  15.639  -28.390  41.837 0.0000000000
50482  16.200  -28.773  42.469 0.0000000000
50481  17.109  -28.870  42.338 0.0000000000
50463  17.589  -29.135  42.963 0.0000000000
49598  16.442  -29.552  45.482 0.0000000000
49611  17.142  -29.546  45.044 0.0000000000
49597  18.021  -29.747  46.105 0.0000000000
125182  17.576  -29.491  44.763 0.0000000000
49610  17.999  -29.428  44.448 0.0000000000
50443  18.665  -29.285  43.936 0.0000000000
50442  19.478  -29.157  44.303 0.0000000000
50427  20.731  -28.997  45.607 0.0000000000
49560  21.045  -29.348  46.837 0.0000000000
50415  21.621  -28.837  46.482 0.0000000000
50414  22.293  -28.471  46.778 0.0000000000
71696  0.309  -3.047  53.486 0.0000000000
71685  0.904  -2.712  53.874 0.0000000000
71675  0.794  -2.690  55.754 0.0000000000
70019  0.526  -3.455  55.560 0.0000000000
71666  0.825  -2.779  56.350 0.0000000000
71665  1.368  -2.389  56.566 0.0000000000
71653  2.316  -1.785  57.555 0.0000000000
70840  2.962  -3.659  55.642 0.0000000000
70829  2.283  -3.273  56.805 0.0000000000
71652  3.352  -1.381  58.123 0.0000000000
72442  4.086  -0.868  58.362 0.0000000000
73178  5.641  -0.499  57.835 0.0000000000
71650  5.657  -2.105  57.524 0.0000000000
72445  5.985  -1.562  57.585 0.0000000000
73181  6.325  -0.120  57.125 0.0000000000
73867  6.971  -0.036  55.422 0.0000000000
73873  7.151  0.459  54.643 0.0000000000
59611  -0.531  -17.266  56.079 0.0000000000
59620  -0.608  -18.028  55.444 0.0000000000
61356  -0.373  -15.636  54.799 0.0000000000
61361  -0.397  -15.800  54.144 0.0000000000
62191  0.407  -14.937  53.373 0.0000000000
63020  1.719  -13.282  55.858 0.0000000000
63025  1.798  -13.680  55.042 0.0000000000
62185  1.352  -14.265  54.395 0.0000000000
127253  0.788  -14.752  52.865 0.0000000000
111048  1.763  -14.306  51.954 0.0000000000
121273  2.924  -13.539  52.900 0.0000000000
63033  2.738  -13.802  52.144 0.0000000000
63036  2.409  -13.983  51.284 0.0000000000
63046  3.728  -13.338  50.667 0.0000000000
63851  4.330  -12.860  50.315 0.0000000000
65386  4.228  -10.810  51.392 0.0000000000
65376  2.430  -9.582  52.872 0.0000000000
110676  2.162  -9.053  52.376 0.0000000000
66890  2.025  -8.194  51.309 0.0000000000
67670  0.865  -7.077  51.227 0.0000000000
68464  0.244  -6.315  51.296 0.0000000000
69263  -0.253  -5.604  51.696 0.0000000000
68458  -0.312  -6.428  52.261 0.0000000000
70057  -0.375  -4.884  52.164 0.0000000000
115840  36.869  -23.292  34.713 0.0000000000
55551  37.667  -23.588  35.291 0.0000000000
54610  39.572  -23.389  35.994 0.0000000000
127931  39.702  -23.448  35.523 0.0000000000
52977  37.605  -25.900  33.831 0.0000000000
119535  38.704  -25.167  34.214 0.0000000000
53776  39.093  -24.595  34.358 0.0000000000
54632  39.639  -23.759  35.091 0.0000000000
55536  40.051  -22.952  35.924 0.0000000000
56453  39.922  -22.406  35.456 0.0000000000
56481  38.731  -22.242  33.924 0.0000000000
127008  39.522  -20.921  35.297 0.0000000000
58186  39.351  -20.122  35.262 0.0000000000
114119  39.086  -19.158  35.313 0.0000000000
58999  38.535  -18.713  34.762 0.0000000000
44706  2.161  -36.392  54.574 0.0000000000
44731  1.143  -35.660  52.896 0.0000000000
45571  0.991  -34.284  51.974 0.0000000000
106903  7.083  -27.302  57.090 0.0000000000
51960  5.441  -26.985  58.132 0.0000000000
51974  4.803  -26.684  57.844 0.0000000000
51983  4.230  -26.270  57.081 0.0000000000
52806  2.237  -25.500  56.681 0.0000000000
53603  1.194  -24.297  57.190 0.0000000000
109888  1.173  -20.322  56.462 0.0000000000
58806  1.389  -18.906  56.600 0.0000000000
58011  1.478  -19.453  54.805 0.0000000000
59626  1.911  -17.872  54.718 0.0000000000
51272  31.397  -27.272  41.296 0.0000000000
51232  29.962  -26.624  42.735 0.0000000000
126570  31.616  -25.197  44.309 0.0000000000
52887  31.051  -25.298  44.570 0.0000000000
52888  30.522  -25.593  44.628 0.0000000000
52076  29.344  -26.049  44.727 0.0000000000
56431  20.980  -21.923  36.884 0.0000000000
124925  21.604  -21.598  37.049 0.0000000000
57282  22.086  -21.266  36.756 0.0000000000
56429  22.628  -21.228  38.026 0.0000000000
57281  22.721  -21.069  37.260 0.0000000000
57290  22.569  -21.126  36.354 0.0000000000
106399  23.187  -21.167  36.264 0.0000000000
56442  23.859  -21.363  36.142 0.0000000000
57246  24.927  -21.164  40.994 0.0000000000
57250  25.013  -21.107  40.339 0.0000000000
57259  24.672  -21.076  39.687 0.0000000000
111133  26.139  -21.487  40.207 0.0000000000
56401  25.462  -21.354  39.771 0.0000000000
56413  24.855  -21.395  38.271 0.0000000000
56427  24.629  -21.444  37.436 0.0000000000
111165  24.284  -21.414  36.757 0.0000000000
111671  24.622  -21.668  36.005 0.0000000000
122884  25.392  -22.049  35.873 0.0000000000
125495  25.591  -22.193  35.303 0.0000000000
112833  27.362  -22.405  37.905 0.0000000000
55527  26.928  -22.413  36.283 0.0000000000
55526  27.909  -22.553  36.120 0.0000000000
55524  29.432  -22.759  36.778 0.0000000000
55491  30.835  -23.206  38.406 0.0000000000
55489  32.167  -23.620  39.001 0.0000000000
111642  33.328  -25.448  40.779 0.0000000000
52905  33.214  -25.550  41.557 0.0000000000
53668  2.353  -24.208  46.920 0.0000000000
53669  1.537  -24.607  46.467 0.0000000000
53677  0.439  -24.885  45.124 0.0000000000
54535  1.748  -24.020  44.924 0.0000000000
53678  -0.205  -25.273  44.773 0.0000000000
121492  -0.338  -26.410  43.597 0.0000000000
54553  0.271  -23.949  42.896 0.0000000000
53699  -0.238  -24.266  42.509 0.0000000000
53693  -0.383  -24.847  42.814 0.0000000000
52094  -0.073  -26.674  43.417 0.0000000000
51243  1.106  -27.569  43.972 0.0000000000
51242  2.088  -27.721  43.896 0.0000000000
113464  3.416  -28.833  43.942 0.0000000000
51262  2.420  -27.210  43.169 0.0000000000
49624  4.142  -30.168  43.309 0.0000000000
115220  3.016  -24.902  40.717 0.0000000000
52923  3.675  -25.306  40.756 0.0000000000
53726  4.345  -24.300  40.027 0.0000000000
117389  0.807  -5.460  42.922 0.0000000000
115865  0.842  -5.757  42.685 0.0000000000
70146  1.435  -4.836  42.854 0.0000000000
70942  1.481  -3.805  43.724 0.0000000000
70131  2.151  -4.341  43.335 0.0000000000
59756  37.912  -17.250  42.249 0.0000000000
60595  37.089  -17.001  41.389 0.0000000000
60614  36.473  -16.633  40.346 0.0000000000
58832  3.927  -17.852  50.966 0.0000000000
58854  4.740  -18.040  49.886 0.0000000000
58866  5.729  -18.081  48.768 0.0000000000
57196  6.257  -20.395  48.597 0.0000000000
57195  6.674  -20.985  48.161 0.0000000000
58058  6.159  -19.511  48.314 0.0000000000
58879  6.780  -18.193  47.679 0.0000000000
58877  8.059  -18.338  46.695 0.0000000000
58083  8.107  -19.710  45.919 0.0000000000
58890  8.451  -18.829  46.071 0.0000000000
52856  8.641  -24.989  48.916 0.0000000000
53653  8.564  -24.778  48.072 0.0000000000
54524  8.311  -23.311  46.234 0.0000000000
53682  10.055  -24.684  44.173 0.0000000000
119108  9.273  -24.473  45.369 0.0000000000
54523  8.758  -23.947  45.765 0.0000000000
128151  8.328  -22.848  45.755 0.0000000000
54532  8.469  -22.413  45.346 0.0000000000
56329  8.802  -21.743  44.784 0.0000000000
56343  9.384  -21.152  44.328 0.0000000000
55458  14.144  -21.990  41.378 0.0000000000
127795  14.902  -21.624  42.433 0.0000000000
43832  8.486  -36.770  51.227 0.0000000000
43831  9.243  -36.671  51.506 0.0000000000
119131  8.102  -36.149  50.790 0.0000000000
44781  8.566  -35.527  50.576 0.0000000000
46330  8.707  -33.875  49.788 0.0000000000
47048  9.084  -32.596  49.626 0.0000000000
46322  9.983  -33.616  51.769 0.0000000000
47033  10.286  -32.243  51.738 0.0000000000
46321  9.984  -32.891  51.537 0.0000000000
47041  9.519  -32.537  50.299 0.0000000000
47804  9.256  -31.971  49.907 0.0000000000
48668  9.304  -30.842  50.517 0.0000000000
49493  9.110  -28.765  52.910 0.0000000000
50352  8.080  -28.450  53.265 0.0000000000
50339  7.855  -28.139  54.009 0.0000000000
107362  7.694  -27.458  55.844 0.0000000000
119323  12.617  -29.997  56.904 0.0000000000
118993  12.323  -29.777  56.412 0.0000000000
49455  12.241  -28.883  56.383 0.0000000000
50317  11.809  -28.213  56.142 0.0000000000
51126  11.161  -27.584  56.038 0.0000000000
52783  12.197  -25.190  58.068 0.0000000000
52784  11.304  -25.173  58.323 0.0000000000
54421  11.426  -23.870  58.267 0.0000000000
51127  10.355  -27.417  55.689 0.0000000000
51118  9.559  -26.924  56.138 0.0000000000
51970  9.401  -26.043  57.697 0.0000000000
51119  8.540  -27.008  55.947 0.0000000000
51972  7.847  -26.892  56.694 0.0000000000
121602  7.522  -26.712  57.598 0.0000000000
52788  7.423  -25.534  58.407 0.0000000000
53591  7.884  -23.914  57.853 0.0000000000
53592  7.210  -24.417  57.728 0.0000000000
54446  8.133  -23.393  55.910 0.0000000000
54447  7.369  -23.262  55.147 0.0000000000
54455  6.677  -23.120  54.796 0.0000000000
43750  15.411  -35.511  56.429 0.0000000000
43757  15.657  -35.474  55.746 0.0000000000
43759  11.329  -36.992  56.501 0.0000000000
42868  10.750  -37.598  55.955 0.0000000000
55377  30.601  -22.213  47.778 0.0000000000
55363  31.128  -22.732  48.343 0.0000000000
54483  30.604  -23.529  49.848 0.0000000000
54484  29.869  -23.511  49.889 0.0000000000
54476  30.246  -23.945  50.481 0.0000000000
51157  30.268  -26.618  52.088 0.0000000000
53644  27.370  -24.700  49.667 0.0000000000
52836  28.728  -24.814  51.243 0.0000000000
52830  28.231  -25.673  51.575 0.0000000000
52013  28.734  -25.939  51.737 0.0000000000
111113  29.166  -25.434  51.654 0.0000000000
52012  29.557  -25.887  51.856 0.0000000000
51144  30.613  -27.703  52.107 0.0000000000
50357  30.179  -28.402  52.013 0.0000000000
51165  24.595  -27.483  50.923 0.0000000000
51151  24.180  -28.221  52.203 0.0000000000
51150  25.312  -27.818  52.486 0.0000000000
49481  25.542  -29.447  53.016 0.0000000000
49500  26.412  -29.404  52.293 0.0000000000
48635  27.121  -30.177  52.182 0.0000000000
112468  26.789  -30.977  52.317 0.0000000000
113935  16.213  -17.403  38.826 0.0000000000
113658  15.301  -18.591  38.796 0.0000000000
58967  15.737  -17.850  38.209 0.0000000000
58977  15.714  -18.144  37.108 0.0000000000
58987  15.954  -18.547  36.113 0.0000000000
56433  14.571  -21.383  37.815 0.0000000000
110588  14.966  -21.088  36.995 0.0000000000
56432  15.449  -21.710  36.612 0.0000000000
57293  15.156  -20.322  36.852 0.0000000000
57292  15.764  -20.250  36.297 0.0000000000
58183  16.250  -19.288  35.658 0.0000000000
58182  16.871  -19.566  35.242 0.0000000000
57306  17.243  -20.396  35.300 0.0000000000
123717  18.361  -21.230  35.290 0.0000000000
56445  19.726  -22.118  35.967 0.0000000000
55528  20.287  -22.375  36.613 0.0000000000
51330  15.002  -27.270  39.749 0.0000000000
51304  16.532  -27.749  40.298 0.0000000000
52153  16.520  -26.960  38.897 0.0000000000
52169  17.079  -26.523  38.352 0.0000000000
52937  17.656  -26.076  37.858 0.0000000000
108853  19.263  -27.605  40.733 0.0000000000
52123  19.975  -27.164  40.890 0.0000000000
51301  19.386  -27.195  40.196 0.0000000000
52152  18.268  -27.021  38.983 0.0000000000
52944  18.135  -25.552  37.594 0.0000000000
53733  18.847  -25.266  37.724 0.0000000000
53740  19.141  -24.447  37.396 0.0000000000
53721  20.025  -25.133  38.837 0.0000000000
55514  20.100  -22.956  36.986 0.0000000000
55496  21.587  -22.431  38.553 0.0000000000
54575  21.832  -23.520  39.932 0.0000000000
55471  22.276  -22.872  39.964 0.0000000000
123926  22.499  -22.244  39.650 0.0000000000
113551  23.706  -22.425  41.492 0.0000000000
56369  24.380  -22.027  41.924 0.0000000000
53689  23.098  -25.053  42.954 0.0000000000
53695  23.442  -24.304  42.760 0.0000000000
54540  24.412  -23.923  43.919 0.0000000000
54549  24.021  -23.787  43.156 0.0000000000
54556  23.682  -23.516  42.488 0.0000000000
55432  24.253  -22.996  42.897 0.0000000000
55443  24.620  -22.296  42.647 0.0000000000
56352  25.338  -21.899  43.090 0.0000000000
112709  25.895  -21.778  43.892 0.0000000000
55395  27.023  -22.218  46.110 0.0000000000
56310  27.547  -21.817  46.088 0.0000000000
56297  29.308  -21.799  47.225 0.0000000000
128324  2.036  -2.316  54.054 0.0000000000
107428  3.651  -1.068  55.679 0.0000000000
122547  4.375  -0.844  54.948 0.0000000000
72461  4.777  -0.873  54.283 0.0000000000
73866  4.131  0.939  57.855 0.0000000000
73869  4.387  1.261  56.704 0.0000000000
75205  4.086  3.062  56.253 0.0000000000
74530  4.350  2.184  56.249 0.0000000000
74535  4.363  1.854  55.121 0.0000000000
75218  4.085  2.096  54.300 0.0000000000
121552  -1.387  -29.891  53.253 0.0000000000
50371  -1.041  -29.106  52.860 0.0000000000
50380  -0.689  -28.347  52.104 0.0000000000
124647  -0.397  -27.886  51.604 0.0000000000
52021  0.713  -26.744  51.386 0.0000000000
53619  0.223  -24.697  54.203 0.0000000000
52822  0.688  -25.427  53.673 0.0000000000
122975  0.684  -26.598  50.542 0.0000000000
52843  1.111  -26.178  50.075 0.0000000000
52849  1.677  -25.594  49.602 0.0000000000
52841  2.292  -25.035  50.035 0.0000000000
53647  2.318  -25.072  49.139 0.0000000000
53654  2.759  -24.415  48.666 0.0000000000
115556  3.116  -23.726  48.181 0.0000000000
58814  -0.684  -18.634  54.984 0.0000000000
107359  -0.666  -18.708  54.317 0.0000000000
58820  -0.634  -18.690  53.552 0.0000000000
57163  -0.528  -20.125  52.888 0.0000000000
57170  0.035  -20.515  52.038 0.0000000000
58834  -0.538  -17.953  51.362 0.0000000000
56276  0.718  -20.852  51.265 0.0000000000
56275  1.301  -21.049  50.718 0.0000000000
56274  1.940  -21.577  50.236 0.0000000000
55362  2.905  -22.699  49.322 0.0000000000
55374  3.232  -22.930  48.476 0.0000000000
54516  3.024  -23.771  47.347 0.0000000000
54525  3.260  -23.309  46.914 0.0000000000
55404  3.583  -22.121  46.198 0.0000000000
56318  3.653  -21.155  46.294 0.0000000000
56331  3.559  -21.597  45.376 0.0000000000
56344  3.358  -21.516  44.494 0.0000000000
57238  3.184  -20.933  43.719 0.0000000000
59693  2.390  -18.115  47.155 0.0000000000
58892  2.831  -18.390  46.591 0.0000000000
59706  2.159  -17.087  46.350 0.0000000000
126653  2.821  -17.846  45.929 0.0000000000
58891  3.249  -18.940  46.113 0.0000000000
58110  3.124  -19.803  43.512 0.0000000000
58111  2.192  -19.553  42.821 0.0000000000
58119  1.219  -19.289  42.459 0.0000000000
58921  1.238  -17.961  42.937 0.0000000000
58931  0.750  -18.450  42.416 0.0000000000
58932  0.308  -18.218  41.992 0.0000000000
127702  0.300  -17.599  41.994 0.0000000000
59764  0.402  -17.407  41.850 0.0000000000
62269  -0.016  -14.725  43.122 0.0000000000
61458  0.325  -15.183  42.850 0.0000000000
63133  0.281  -13.191  42.646 0.0000000000
63934  0.087  -12.311  42.430 0.0000000000
63095  0.219  -13.319  45.212 0.0000000000
63107  -0.194  -12.863  44.577 0.0000000000
63908  -0.052  -12.282  44.493 0.0000000000
64657  1.120  -11.791  44.771 0.0000000000
63909  -0.330  -12.335  43.964 0.0000000000
64685  -0.316  -11.614  43.280 0.0000000000
64699  -0.281  -11.195  42.503 0.0000000000
126721  -0.243  -11.011  42.111 0.0000000000
64714  -0.248  -10.607  42.183 0.0000000000
65487  -0.051  -9.946  42.370 0.0000000000
66211  0.250  -9.017  42.293 0.0000000000
66945  0.561  -8.244  42.424 0.0000000000
114298  0.647  -7.412  42.366 0.0000000000
67729  1.045  -6.832  42.755 0.0000000000
64603  5.229  -10.947  49.282 0.0000000000
64614  5.350  -10.997  48.545 0.0000000000
65414  5.138  -11.065  46.987 0.0000000000
65421  5.378  -10.040  46.688 0.0000000000
66177  4.933  -9.670  45.947 0.0000000000
66905  3.792  -7.892  49.367 0.0000000000
67683  4.220  -7.624  48.463 0.0000000000
66909  4.783  -8.231  47.905 0.0000000000
66176  5.225  -9.006  46.619 0.0000000000
66927  4.494  -8.442  44.806 0.0000000000
67712  4.109  -7.729  44.612 0.0000000000
67713  3.193  -7.358  44.013 0.0000000000
67714  1.934  -6.670  43.575 0.0000000000
68518  0.891  -5.992  43.121 0.0000000000
70119  0.986  -4.056  43.866 0.0000000000
70106  1.286  -4.097  44.780 0.0000000000
70913  1.115  -3.335  44.674 0.0000000000
70929  1.245  -3.438  44.264 0.0000000000
72532  1.040  -0.811  45.213 0.0000000000
73258  1.416  -0.332  45.451 0.0000000000
70888  1.696  -2.728  47.267 0.0000000000
71742  2.494  -2.234  47.621 0.0000000000
72512  1.743  -1.610  46.746 0.0000000000
72523  1.789  -0.695  46.205 0.0000000000
73257  2.120  0.016  45.674 0.0000000000
60601  30.758  -16.078  41.637 0.0000000000
60588  31.116  -16.134  42.333 0.0000000000
60599  31.774  -16.585  42.223 0.0000000000
59770  32.195  -17.229  40.524 0.0000000000
59758  32.488  -17.140  42.082 0.0000000000
60586  32.257  -16.768  42.912 0.0000000000
59735  32.840  -17.046  43.607 0.0000000000
59734  33.393  -17.417  44.321 0.0000000000
59733  34.135  -18.039  44.717 0.0000000000
114983  35.267  -18.452  40.331 0.0000000000
58945  34.649  -18.233  40.858 0.0000000000
58937  34.314  -18.170  41.825 0.0000000000
58915  34.695  -18.571  43.852 0.0000000000
58908  35.100  -18.795  45.332 0.0000000000
58907  36.022  -19.492  45.879 0.0000000000
58097  36.675  -19.806  45.958 0.0000000000
121792  37.010  -19.637  46.099 0.0000000000
58107  37.254  -20.330  44.958 0.0000000000
58095  37.607  -20.168  45.103 0.0000000000
59719  37.859  -18.820  45.350 0.0000000000
59731  38.325  -18.323  44.620 0.0000000000
59744  38.451  -17.667  43.465 0.0000000000
56455  37.382  -21.624  35.881 0.0000000000
55503  40.165  -22.238  36.907 0.0000000000
56423  40.046  -21.871  37.554 0.0000000000
58144  39.129  -20.205  39.715 0.0000000000
114020  38.738  -20.017  41.818 0.0000000000
58123  39.189  -20.182  42.586 0.0000000000
58114  38.973  -20.239  43.421 0.0000000000
58924  39.368  -19.498  43.565 0.0000000000
59743  39.307  -18.308  43.371 0.0000000000
60612  38.310  -16.751  40.221 0.0000000000
60611  39.816  -16.831  40.877 0.0000000000
113545  39.202  -16.565  40.133 0.0000000000
114605  41.772  -16.577  39.756 0.0000000000
60625  41.633  -15.967  39.690 0.0000000000
61477  41.402  -15.470  39.396 0.0000000000
61489  41.008  -15.039  38.982 0.0000000000
64755  44.524  -12.106  35.406 0.0000000000
62343  43.598  -13.889  35.318 0.0000000000
61540  42.853  -14.297  34.438 0.0000000000
63220  43.909  -13.477  34.074 0.0000000000
63219  44.258  -12.967  33.706 0.0000000000
63235  43.475  -13.233  32.680 0.0000000000
63267  41.564  -13.761  30.106 0.0000000000
127475  38.516  -18.006  34.777 0.0000000000
59828  38.848  -17.267  34.484 0.0000000000
59837  38.825  -16.714  33.574 0.0000000000
60701  39.714  -15.565  32.527 0.0000000000
111578  40.101  -15.157  31.212 0.0000000000
62421  40.496  -14.551  29.882 0.0000000000
72015  50.850  -2.166  15.760 0.0000000000
72008  50.846  -2.643  16.676 0.0000000000
71994  51.258  -3.505  17.657 0.0000000000
71169  50.611  -3.432  18.689 0.0000000000
71168  51.138  -3.763  18.382 0.0000000000
71160  51.067  -4.195  18.822 0.0000000000
65365  5.624  -9.900  53.176 0.0000000000
113717  -2.289  -33.495  52.195 0.0000000000
47029  -1.931  -32.493  52.641 0.0000000000
47786  -1.806  -32.070  52.777 0.0000000000
43810  6.270  -37.148  53.187 0.0000000000
44726  6.019  -36.479  52.838 0.0000000000
44727  5.459  -36.043  53.200 0.0000000000
44747  5.246  -35.627  52.736 0.0000000000
44748  4.650  -35.404  52.962 0.0000000000
47050  7.413  -32.924  49.149 0.0000000000
107772  6.552  -33.122  49.208 0.0000000000
46332  5.662  -33.889  49.912 0.0000000000
47052  5.222  -32.549  49.345 0.0000000000
120984  5.211  -33.272  49.680 0.0000000000
45593  5.486  -34.501  50.651 0.0000000000
45568  4.164  -35.029  52.261 0.0000000000
45569  3.109  -34.949  52.080 0.0000000000
45582  2.540  -34.399  51.430 0.0000000000
46324  2.570  -33.678  50.853 0.0000000000
46315  0.474  -33.888  52.484 0.0000000000
50329  6.395  -28.871  55.346 0.0000000000
50330  5.905  -29.056  55.701 0.0000000000
49478  6.055  -29.152  54.799 0.0000000000
122388  5.201  -29.568  54.425 0.0000000000
49496  4.783  -29.791  54.041 0.0000000000
48628  4.233  -30.042  53.433 0.0000000000
49456  4.332  -29.883  56.670 0.0000000000
114793  4.447  -29.995  56.047 0.0000000000
48618  4.109  -30.105  54.331 0.0000000000
48644  3.667  -30.445  52.786 0.0000000000
47027  1.189  -32.558  52.225 0.0000000000
46298  -0.526  -33.490  54.271 0.0000000000
47008  -1.596  -32.339  55.383 0.0000000000
47767  -1.798  -31.874  55.044 0.0000000000
116572  -1.757  -31.479  54.506 0.0000000000
48621  -1.636  -30.869  54.237 0.0000000000
50356  -1.293  -29.319  53.792 0.0000000000
50342  -0.661  -27.981  54.853 0.0000000000
51995  -0.044  -26.670  55.073 0.0000000000
51986  -0.550  -26.518  56.800 0.0000000000
108370  -0.535  -25.885  56.411 0.0000000000
52807  -0.895  -25.256  56.823 0.0000000000
52815  -0.588  -25.245  56.105 0.0000000000
115995  -0.615  -24.667  55.682 0.0000000000
56245  -1.324  -21.829  55.993 0.0000000000
58807  -0.735  -18.799  56.602 0.0000000000
55319  0.143  -22.681  58.503 0.0000000000
122198  -0.089  -21.543  58.373 0.0000000000
58802  0.969  -18.374  58.577 0.0000000000
57143  0.547  -19.529  58.178 0.0000000000
57144  0.165  -20.183  58.188 0.0000000000
57145  -0.145  -20.753  58.202 0.0000000000
117475  -0.635  -19.535  57.556 0.0000000000
58805  -0.642  -18.792  57.390 0.0000000000
127929  -0.374  -16.118  57.102 0.0000000000
62173  0.049  -15.190  57.825 0.0000000000
62177  -0.034  -14.825  57.349 0.0000000000
62176  0.272  -14.032  57.369 0.0000000000
63797  1.984  -12.361  57.760 0.0000000000
62987  1.831  -13.497  58.970 0.0000000000
63788  2.236  -12.706  58.714 0.0000000000
108544  1.846  -12.613  58.286 0.0000000000
64557  4.269  -10.758  56.288 0.0000000000
65357  4.309  -10.076  55.218 0.0000000000
53648  32.231  -24.637  48.588 0.0000000000
52844  32.181  -25.089  50.088 0.0000000000
53639  32.250  -24.769  49.348 0.0000000000
52851  32.244  -25.339  48.738 0.0000000000
50382  31.466  -28.541  51.146 0.0000000000
50390  31.668  -28.461  50.319 0.0000000000
50396  31.541  -28.370  49.481 0.0000000000
49538  31.457  -29.191  49.874 0.0000000000
50403  31.211  -28.308  48.757 0.0000000000
110651  17.441  -16.268  39.017 0.0000000000
59824  17.010  -17.316  35.203 0.0000000000
60664  17.751  -15.892  36.005 0.0000000000
61525  18.303  -15.342  36.540 0.0000000000
61511  18.876  -14.834  37.090 0.0000000000
62327  19.540  -14.521  37.627 0.0000000000
62313  20.179  -14.220  38.093 0.0000000000
56460  21.028  -21.232  35.631 0.0000000000
58191  20.935  -19.783  33.531 0.0000000000
126079  20.753  -19.255  33.174 0.0000000000
59015  20.715  -18.742  32.866 0.0000000000
59036  20.818  -17.928  32.529 0.0000000000
60707  21.092  -17.016  32.496 0.0000000000
121917  22.951  -18.315  32.422 0.0000000000
60706  22.052  -16.818  32.468 0.0000000000
61558  21.840  -15.386  33.329 0.0000000000
62385  22.112  -14.814  33.692 0.0000000000
63211  22.514  -13.841  34.528 0.0000000000
63201  23.014  -13.427  34.889 0.0000000000
125999  23.375  -13.216  35.183 0.0000000000
63978  23.335  -12.186  36.057 0.0000000000
61523  26.905  -15.089  35.893 0.0000000000
61522  27.421  -15.353  36.264 0.0000000000
107430  31.229  -17.162  37.966 0.0000000000
59793  31.772  -17.305  38.538 0.0000000000
58976  32.854  -17.692  37.491 0.0000000000
58985  33.490  -17.915  36.696 0.0000000000
58994  32.510  -17.772  35.135 0.0000000000
59010  32.382  -18.729  33.597 0.0000000000
59000  32.843  -18.309  34.329 0.0000000000
107193  33.051  -17.830  35.910 0.0000000000
58180  34.641  -18.776  35.531 0.0000000000
57316  34.557  -20.007  34.025 0.0000000000
57315  35.423  -20.402  34.532 0.0000000000
110591  35.787  -21.361  34.260 0.0000000000
55540  30.233  -22.942  35.375 0.0000000000
106510  31.173  -23.217  35.078 0.0000000000
54600  32.727  -24.182  37.122 0.0000000000
54626  32.587  -23.802  35.378 0.0000000000
54651  33.315  -23.206  33.692 0.0000000000
121569  33.990  -23.446  33.674 0.0000000000
55567  34.573  -23.194  33.642 0.0000000000
55552  36.013  -23.019  34.067 0.0000000000
53763  36.204  -25.722  34.519 0.0000000000
51396  35.062  -27.592  34.433 0.0000000000
51395  35.214  -27.317  33.720 0.0000000000
51415  33.527  -27.556  33.512 0.0000000000
66871  5.211  -8.630  52.232 0.0000000000
67658  5.279  -7.455  51.540 0.0000000000
66881  6.469  -8.363  51.239 0.0000000000
67657  6.235  -7.443  51.182 0.0000000000
69260  5.814  -5.973  51.410 0.0000000000
70045  6.112  -4.463  52.565 0.0000000000
70034  6.467  -4.450  53.524 0.0000000000
68446  8.689  -6.203  53.151 0.0000000000
69251  7.982  -5.634  52.799 0.0000000000
69252  7.417  -5.089  52.954 0.0000000000
70033  7.130  -4.858  53.680 0.0000000000
70837  6.465  -4.392  55.414 0.0000000000
70826  6.524  -4.256  56.267 0.0000000000
72460  7.401  -1.568  55.052 0.0000000000
73192  7.362  -0.605  54.513 0.0000000000
50395  -0.176  -28.312  49.548 0.0000000000
48687  0.327  -30.360  48.329 0.0000000000
53663  0.957  -25.102  47.022 0.0000000000
52062  -0.586  -26.673  46.053 0.0000000000
119607  -0.775  -27.438  46.550 0.0000000000
49585  -1.851  -29.553  46.249 0.0000000000
50450  0.330  -28.950  44.867 0.0000000000
59762  1.680  -17.288  41.284 0.0000000000
109706  2.505  -16.365  41.819 0.0000000000
60606  3.472  -16.390  41.667 0.0000000000
60605  4.475  -16.384  41.359 0.0000000000
63947  1.280  -12.116  41.968 0.0000000000
63945  3.289  -12.417  41.767 0.0000000000
63144  3.600  -13.312  41.996 0.0000000000
62294  6.467  -15.122  40.290 0.0000000000
61485  6.779  -15.538  39.626 0.0000000000
117463  6.864  -14.757  39.734 0.0000000000
68555  2.877  -6.682  41.944 0.0000000000
67763  2.613  -7.340  41.668 0.0000000000
127465  5.535  -7.703  41.668 0.0000000000
114189  5.335  -9.067  41.526 0.0000000000
66246  5.387  -9.817  41.405 0.0000000000
63161  7.195  -13.655  39.134 0.0000000000
62241  32.697  -15.006  45.759 0.0000000000
60538  34.897  -16.642  47.131 0.0000000000
111882  34.825  -15.450  47.350 0.0000000000
62228  35.039  -14.617  47.204 0.0000000000
62239  35.427  -14.336  46.635 0.0000000000
60596  36.532  -16.961  41.956 0.0000000000
60598  34.829  -16.111  41.545 0.0000000000
60616  34.774  -16.079  40.652 0.0000000000
71136  49.938  -4.305  21.870 0.0000000000
71147  50.275  -4.074  21.004 0.0000000000
70330  50.495  -4.478  20.502 0.0000000000
111462  50.550  -5.041  20.024 0.0000000000
68710  50.358  -5.569  19.653 0.0000000000
65564  43.255  -10.711  33.741 0.0000000000
65576  42.831  -10.513  32.747 0.0000000000
124839  44.010  -9.535  32.572 0.0000000000
64776  45.825  -11.020  34.359 0.0000000000
64790  46.611  -10.682  33.219 0.0000000000
66308  45.571  -9.906  33.929 0.0000000000
66328  44.785  -9.001  32.365 0.0000000000
67052  45.139  -8.352  31.645 0.0000000000
68618  46.563  -6.566  30.268 0.0000000000
68624  47.146  -6.223  29.880 0.0000000000
119606  47.688  -6.045  29.377 0.0000000000
64831  43.912  -11.012  29.120 0.0000000000
65610  45.513  -9.847  29.171 0.0000000000
66344  46.491  -9.469  29.708 0.0000000000
127712  47.104  -9.060  29.718 0.0000000000
67076  47.310  -8.387  28.666 0.0000000000
67841  48.121  -7.328  29.452 0.0000000000
68635  47.811  -5.734  28.864 0.0000000000
68634  48.171  -5.729  28.252 0.0000000000
68655  48.646  -6.053  27.159 0.0000000000
67873  48.784  -6.533  26.689 0.0000000000
68654  48.876  -6.036  26.436 0.0000000000
68665  49.169  -5.983  25.797 0.0000000000
127153  49.314  -5.948  25.249 0.0000000000
68675  49.451  -6.111  24.648 0.0000000000
67897  48.494  -7.374  24.796 0.0000000000
67906  48.095  -7.530  23.874 0.0000000000
67896  49.192  -6.905  24.712 0.0000000000
67895  49.375  -6.542  24.533 0.0000000000
68682  49.752  -5.845  23.149 0.0000000000
124910  49.901  -5.891  22.586 0.0000000000
68690  50.068  -5.912  21.982 0.0000000000
68702  50.222  -5.685  21.068 0.0000000000
45543  22.287  -34.393  54.616 0.0000000000
46341  5.782  -33.213  49.370 0.0000000000
47773  11.106  -31.349  53.588 0.0000000000
47800  4.719  -31.517  49.915 0.0000000000
47805  8.633  -31.896  49.503 0.0000000000
49465  5.850  -29.187  55.264 0.0000000000
49513  7.356  -28.960  52.569 0.0000000000
49525  9.427  -29.698  51.852 0.0000000000
50384  22.825  -28.812  50.599 0.0000000000
50469  2.556  -28.513  44.296 0.0000000000
51159  24.718  -27.638  51.738 0.0000000000
51179  23.541  -27.781  48.116 0.0000000000
51255  21.177  -27.380  42.809 0.0000000000
51980  14.292  -26.174  56.451 0.0000000000
52095  -0.304  -25.920  42.950 0.0000000000
52781  13.737  -25.991  57.217 0.0000000000
52786  9.646  -24.633  58.846 0.0000000000
52829  28.693  -25.303  51.525 0.0000000000
52906  22.162  -25.324  41.764 0.0000000000
53578  11.118  -24.084  58.631 0.0000000000
53607  9.427  -23.861  55.584 0.0000000000
53626  29.914  -24.778  51.379 0.0000000000
53673  24.833  -24.623  45.377 0.0000000000
53696  22.974  -24.678  42.408 0.0000000000
53717  -0.475  -23.666  40.819 0.0000000000
53719  21.217  -23.961  39.485 0.0000000000
53778  38.263  -25.423  33.702 0.0000000000
54436  10.992  -23.695  57.343 0.0000000000
54495  29.518  -23.147  49.346 0.0000000000
54534  2.842  -22.969  45.002 0.0000000000
54562  -0.363  -23.954  41.838 0.0000000000
54579  0.565  -23.687  40.301 0.0000000000
55418  26.507  -21.384  44.000 0.0000000000
55462  -0.099  -22.544  41.591 0.0000000000
55480  27.664  -22.222  39.544 0.0000000000
55487  0.666  -22.398  39.767 0.0000000000
55543  27.328  -22.528  35.308 0.0000000000
55564  39.587  -23.357  34.764 0.0000000000
56296  30.056  -21.910  47.312 0.0000000000
56309  28.138  -21.637  46.267 0.0000000000
56320  29.311  -21.468  45.900 0.0000000000
56323  27.041  -21.826  45.393 0.0000000000
56334  28.198  -21.260  44.628 0.0000000000
56335  27.523  -21.320  44.773 0.0000000000
56375  1.838  -21.001  42.507 0.0000000000
56383  24.775  -21.411  41.686 0.0000000000
56395  23.094  -21.768  39.998 0.0000000000
56409  -0.447  -21.138  40.321 0.0000000000
56493  23.805  -21.375  33.902 0.0000000000
56509  27.780  -21.152  32.469 0.0000000000
56511  25.876  -21.055  32.536 0.0000000000
57232  3.605  -20.737  44.766 0.0000000000
57269  24.963  -21.273  39.070 0.0000000000
57271  23.633  -20.984  38.310 0.0000000000
58096  37.143  -20.152  45.641 0.0000000000
58172  35.156  -18.809  36.208 0.0000000000
58220  27.506  -19.390  32.386 0.0000000000
58223  24.156  -19.950  32.438 0.0000000000
58893  36.350  -19.302  46.413 0.0000000000
58905  3.116  -18.289  45.770 0.0000000000
58906  37.564  -19.674  45.521 0.0000000000
58920  2.288  -18.337  43.475 0.0000000000
59002  30.286  -17.828  33.791 0.0000000000
59004  18.214  -18.378  34.029 0.0000000000
59033  23.446  -18.801  32.423 0.0000000000
60550  34.738  -17.093  46.869 0.0000000000
60587  31.549  -16.277  42.994 0.0000000000
60600  31.358  -16.421  41.701 0.0000000000
60632  30.852  -16.647  39.583 0.0000000000
60645  29.280  -15.919  38.602 0.0000000000
60675  17.317  -16.575  35.555 0.0000000000
60692  21.490  -16.135  32.850 0.0000000000
61399  35.191  -16.254  47.110 0.0000000000
61400  34.293  -15.578  47.312 0.0000000000
61413  32.912  -15.879  45.893 0.0000000000
61425  32.206  -15.449  44.965 0.0000000000
62208  0.632  -14.704  50.263 0.0000000000
62251  31.732  -15.180  44.280 0.0000000000
62354  24.617  -14.073  34.909 0.0000000000
63077  33.994  -14.241  47.143 0.0000000000
63134  -0.224  -12.832  42.849 0.0000000000
63212  21.784  -13.689  34.752 0.0000000000
63882  2.927  -12.184  46.648 0.0000000000
63988  22.848  -12.835  35.460 0.0000000000
64698  -0.092  -11.477  42.243 0.0000000000
65433  3.754  -10.766  45.088 0.0000000000
65473  -0.076  -10.395  43.094 0.0000000000
66880  8.152  -8.571  51.121 0.0000000000
66921  4.848  -8.717  45.690 0.0000000000
68456  5.633  -6.667  51.353 0.0000000000
70052  6.507  -4.817  52.059 0.0000000000
70053  5.779  -4.779  51.893 0.0000000000
70851  -0.100  -3.658  54.202 0.0000000000
71704  0.663  -2.876  52.629 0.0000000000
72484  5.961  -1.246  50.927 0.0000000000
75200  4.807  2.555  57.439 0.0000000000
75969  5.579  3.308  56.679 0.0000000000
106564  0.837  -15.877  48.160 0.0000000000
107721  24.857  -20.078  32.394 0.0000000000
109153  27.703  -15.355  36.789 0.0000000000
109329  17.913  -29.551  45.244 0.0000000000
109380  26.086  -21.116  42.405 0.0000000000
110590  -0.759  -19.333  57.000 0.0000000000
112690  30.943  -22.511  33.636 0.0000000000
114325  6.777  -32.396  49.106 0.0000000000
114578  2.957  -17.833  45.162 0.0000000000
114949  11.443  -24.591  58.340 0.0000000000
116268  0.008  -4.165  51.831 0.0000000000
116577  0.677  -21.045  39.399 0.0000000000
118367  6.511  1.205  56.577 0.0000000000
118978  22.878  -31.921  55.386 0.0000000000
119212  10.982  -19.961  43.971 0.0000000000
119388  6.309  -0.960  57.234 0.0000000000
119407  16.305  -17.248  38.214 0.0000000000
121087  1.029  -13.386  58.244 0.0000000000
121990  25.146  -21.294  32.842 0.0000000000
122037  6.289  -33.773  49.586 0.0000000000
123231  18.029  -28.038  40.775 0.0000000000
123272  22.960  -14.531  33.932 0.0000000000
123796  32.314  -25.475  49.372 0.0000000000
123892  7.143  -14.345  39.278 0.0000000000
124475  9.850  -30.296  51.491 0.0000000000
124819  -0.421  -15.780  55.232 0.0000000000
125009  34.721  -16.070  47.251 0.0000000000
126037  3.470  -20.294  44.134 0.0000000000
126150  21.514  -23.379  39.424 0.0000000000
126360  23.492  -18.201  32.436 0.0000000000
126368  -0.520  -16.701  51.179 0.0000000000
126448  5.366  -10.925  47.810 0.0000000000
126455  21.889  -34.665  53.712 0.0000000000
126629  5.240  2.194  57.924 0.0000000000
126886  23.139  -20.968  37.402 0.0000000000
126987  6.972  -7.835  50.989 0.0000000000
127083  0.011  -15.672  50.331 0.0000000000
127261  21.842  -25.776  41.745 0.0000000000
127960  37.360  -19.077  45.875 0.0000000000
128058  6.413  -9.392  40.824 0.0000000000
128150  3.369  -8.714  43.862 0.0000000000
