#!ascii label  , from subject sub-v1s12x0050113_ses-1 vox2ras=TkReg
6652
13  8.063  -96.122  1.301 0.8000000119
29  6.812  -96.420  -1.193 0.8999999762
291  7.071  -95.874  6.208 0.6000000238
128  7.759  -96.102  6.036 0.5000000000
124413  7.143  -96.303  5.284 0.8000000119
164  6.838  -96.478  2.735 0.8999999762
163  7.570  -96.934  2.702 0.8000000119
12  8.530  -96.320  1.391 0.8000000119
113354  8.209  -96.178  0.355 0.8999999762
21  7.963  -96.159  -0.154 0.8999999762
302  5.058  -95.195  5.066 0.8000000119
292  5.381  -95.163  5.891 0.6999999881
137  6.458  -96.153  4.825 0.8999999762
146  6.828  -96.214  4.218 0.8999999762
107548  7.303  -96.273  3.611 0.8999999762
156  6.439  -96.204  3.558 0.8999999762
114073  6.993  -95.983  2.116 0.8999999762
118832  7.928  -95.778  1.257 0.8000000119
11  9.235  -96.346  1.531 0.8000000119
127453  8.814  -97.057  -1.822 0.6999999881
40  7.397  -97.067  -2.369 0.8000000119
52  6.111  -96.600  -4.102 0.6999999881
41  6.563  -97.004  -2.473 0.8000000119
54  4.918  -96.207  -4.484 0.8000000119
308  4.880  -95.150  4.122 0.8000000119
111757  4.120  -91.481  5.138 0.8000000119
307  5.519  -95.465  4.270 0.8999999762
502  4.784  -94.030  1.846 0.8999999762
147  5.982  -96.250  4.261 0.8999999762
169  7.528  -95.599  1.586 0.8999999762
170  6.606  -95.477  2.197 0.8999999762
340  7.368  -96.001  -0.659 0.8999999762
175  8.156  -95.643  0.503 0.8999999762
767  6.037  -93.993  -4.152 0.8999999762
127799  5.209  -94.740  -4.095 0.8999999762
360  5.584  -95.649  -2.644 0.8999999762
35  6.518  -96.765  -1.505 0.8999999762
22  7.227  -96.581  -0.970 0.8999999762
42  5.997  -96.672  -2.615 0.8999999762
34  6.876  -97.064  -1.860 0.8999999762
561  4.383  -94.796  -4.907 0.8999999762
190  4.975  -95.996  -3.595 0.8999999762
48  5.699  -96.506  -3.446 0.8999999762
565  3.930  -94.769  -5.613 0.8999999762
569  4.048  -94.149  -6.174 0.8999999762
113218  4.454  -96.018  -5.389 0.8999999762
407  4.856  -94.764  -9.198 0.8999999762
88  6.161  -95.596  -9.715 0.8999999762
244  5.755  -95.487  -9.653 0.8999999762
110385  5.095  -94.970  -9.793 1.0000000000
96  6.338  -95.660  -10.493 1.0000000000
490  3.823  -94.224  3.350 0.8000000119
316  4.205  -94.731  2.815 0.8999999762
323  4.941  -95.087  2.933 0.8999999762
332  5.794  -95.111  2.545 0.8999999762
718  5.233  -93.773  1.343 0.8999999762
106495  5.112  -94.500  2.430 0.8999999762
716  6.593  -93.961  1.141 0.8999999762
717  6.097  -94.046  1.383 0.8999999762
165  6.133  -96.071  2.812 0.8999999762
500  6.858  -94.476  1.467 0.8999999762
501  5.999  -94.513  1.955 0.8999999762
2317  1.182  -89.194  -2.118 0.8999999762
331  7.199  -95.099  1.719 0.8999999762
113017  -0.286  -90.102  -1.447 0.8999999762
525  8.879  -94.179  -0.486 1.0000000000
511  8.209  -94.445  0.673 0.8999999762
538  7.307  -95.003  -1.579 0.8999999762
352  8.147  -94.852  -0.905 0.8999999762
339  8.062  -95.545  0.651 0.8999999762
545  6.737  -94.705  -2.480 0.8999999762
359  6.297  -95.485  -1.965 0.8999999762
126230  6.393  -95.876  -1.522 0.8999999762
546  5.953  -94.992  -2.933 0.8999999762
782  5.496  -93.183  -5.789 0.8999999762
559  5.455  -94.314  -4.324 0.8999999762
789  5.029  -93.252  -6.344 0.8999999762
1085  5.742  -92.871  -7.304 0.8999999762
794  5.009  -93.180  -6.994 0.8999999762
1090  5.961  -92.950  -8.245 0.8999999762
124580  4.629  -93.764  -8.054 0.8999999762
123225  4.757  -93.922  -9.124 0.8999999762
87  6.677  -95.608  -9.381 0.8999999762
584  4.874  -94.372  -9.897 1.0000000000
94  7.416  -95.636  -10.505 0.8999999762
95  6.734  -95.649  -10.186 1.0000000000
254  5.506  -95.386  -10.716 1.0000000000
411  5.131  -94.871  -10.550 1.0000000000
109537  7.566  -95.626  -11.006 1.0000000000
103  6.247  -95.750  -11.086 1.0000000000
415  5.493  -95.332  -11.887 1.0000000000
115747  4.861  -94.507  -11.939 1.0000000000
256  6.614  -95.626  -12.329 1.0000000000
257  6.062  -95.616  -11.935 1.0000000000
260  6.925  -95.466  -13.011 1.0000000000
115796  3.163  -94.143  3.183 0.8000000119
1775  3.835  -89.974  3.393 0.8000000119
496  2.884  -93.840  2.392 0.8000000119
108603  3.327  -93.886  1.195 0.8999999762
1791  2.696  -91.088  2.685 0.8000000119
503  3.434  -94.037  1.967 0.8999999762
726  3.758  -93.719  0.199 1.0000000000
513  4.100  -93.749  1.070 0.8999999762
725  4.667  -93.498  0.583 0.8999999762
1870  1.811  -90.148  -3.013 0.8000000119
724  5.787  -93.528  0.824 1.0000000000
2818  1.926  -88.862  -2.382 0.8000000119
1036  -0.052  -91.629  -3.709 0.8999999762
1871  1.006  -90.538  -3.188 0.8999999762
512  7.391  -94.160  1.031 1.0000000000
1872  -0.150  -90.469  -2.555 0.8999999762
1395  -0.776  -90.636  -2.611 1.0000000000
537  8.326  -94.574  -1.085 1.0000000000
765  7.595  -93.334  -3.380 1.0000000000
757  7.186  -93.980  -2.968 1.0000000000
766  6.787  -93.641  -3.807 0.8999999762
1058  6.654  -92.718  -5.035 0.8999999762
106316  7.155  -92.928  -4.228 0.8999999762
781  6.050  -93.141  -5.266 0.8999999762
1473  6.890  -92.012  -7.039 0.8999999762
1070  6.248  -92.602  -5.900 0.8999999762
121421  7.084  -92.151  -7.722 0.8999999762
1084  6.475  -92.508  -7.555 0.8999999762
111782  7.282  -92.569  -8.983 1.0000000000
116877  6.596  -92.861  -8.840 0.8999999762
110181  5.141  -93.605  -8.653 0.8999999762
1099  7.641  -92.652  -9.745 1.0000000000
1100  6.796  -92.982  -9.541 1.0000000000
802  5.219  -93.766  -9.630 0.8999999762
84  9.060  -95.796  -10.495 1.0000000000
85  8.143  -95.647  -10.190 1.0000000000
809  6.258  -93.561  -10.719 1.0000000000
810  5.481  -93.797  -10.528 1.0000000000
100  9.135  -95.971  -11.532 1.0000000000
119495  8.192  -95.659  -10.770 1.0000000000
822  5.048  -93.975  -11.225 1.0000000000
108  8.777  -95.543  -12.055 0.8999999762
101  8.260  -95.600  -11.401 1.0000000000
109  7.939  -95.407  -12.069 1.0000000000
427  4.905  -94.691  -12.902 1.0000000000
830  4.986  -93.854  -12.819 1.0000000000
120  8.052  -94.981  -13.221 1.0000000000
115  7.666  -95.292  -12.742 1.0000000000
426  5.399  -94.872  -13.452 1.0000000000
259  7.477  -95.186  -13.340 0.8999999762
266  7.009  -95.211  -13.799 0.8999999762
111179  5.792  -94.791  -14.142 0.8999999762
1362  1.978  -91.904  1.657 0.8000000119
514  2.711  -93.789  0.507 0.8999999762
123687  1.736  -92.159  0.963 0.8999999762
736  4.526  -93.191  -0.740 1.0000000000
111429  4.290  -93.463  -0.125 1.0000000000
108757  1.585  -92.056  0.113 0.8999999762
1366  1.929  -91.374  -0.293 0.8000000119
1011  1.444  -92.792  -0.510 0.8000000119
1827  3.291  -89.979  -0.771 0.6999999881
1374  2.279  -90.957  -1.234 0.8000000119
1848  3.157  -89.857  -1.781 0.6999999881
3316  2.645  -87.570  -0.714 0.6000000238
1394  2.053  -91.220  -2.424 0.6999999881
1869  2.678  -89.872  -2.463 0.8000000119
3302  2.091  -87.918  -0.099 0.6999999881
1003  6.091  -92.958  0.198 1.0000000000
2800  0.961  -88.914  -0.996 0.8000000119
2792  1.131  -88.916  0.461 0.6999999881
1063  0.112  -91.789  -4.344 1.0000000000
1035  1.154  -92.104  -3.811 0.8999999762
1409  0.991  -91.433  -3.569 0.8999999762
1829  -0.108  -90.095  -0.353 0.8000000119
1008  7.796  -92.684  -0.018 1.0000000000
722  7.887  -93.629  0.559 1.0000000000
115834  -0.645  -90.315  -0.572 0.8999999762
733  9.114  -93.584  -0.284 1.0000000000
1429  -0.979  -91.171  -3.441 1.0000000000
755  9.257  -92.725  -2.281 1.0000000000
747  9.229  -93.732  -1.054 1.0000000000
1900  -1.472  -90.929  -4.035 1.0000000000
756  8.071  -93.684  -2.515 1.0000000000
1057  7.653  -92.415  -4.323 1.0000000000
1472  7.508  -91.619  -6.460 1.0000000000
1069  7.073  -92.022  -5.548 0.8999999762
1481  7.660  -91.794  -7.477 1.0000000000
1088  7.645  -92.086  -8.355 1.0000000000
1503  7.959  -92.164  -9.128 1.0000000000
107689  11.017  -96.748  -10.105 0.6999999881
1098  8.404  -92.189  -9.827 1.0000000000
124620  8.336  -92.610  -11.216 1.0000000000
1115  7.084  -93.130  -10.454 1.0000000000
110682  8.089  -92.758  -11.945 1.0000000000
820  6.709  -93.447  -11.359 1.0000000000
821  5.708  -93.741  -11.341 1.0000000000
99  9.666  -96.790  -11.561 0.6999999881
1140  7.716  -92.907  -12.831 1.0000000000
1150  7.101  -92.968  -13.717 1.0000000000
829  5.979  -93.613  -12.281 1.0000000000
104  12.039  -97.108  -12.394 0.6000000238
109394  9.700  -95.902  -12.709 0.8000000119
1158  6.192  -92.995  -14.486 0.8999999762
114932  5.685  -93.576  -13.353 1.0000000000
839  5.133  -93.839  -13.840 0.8999999762
113  9.505  -95.120  -12.791 0.8999999762
108570  9.184  -95.367  -12.540 0.8999999762
838  5.621  -93.473  -14.245 0.8999999762
604  4.935  -94.139  -13.328 1.0000000000
116  10.295  -95.760  -13.021 0.8999999762
128102  8.942  -94.823  -13.360 0.8999999762
127055  8.081  -94.724  -14.321 0.8999999762
128039  5.313  -94.207  -14.261 0.8999999762
431  10.146  -94.566  -14.302 0.6999999881
111074  10.134  -94.317  -14.725 0.8000000119
272  7.668  -94.709  -14.787 0.8999999762
434  6.662  -94.709  -15.072 0.8999999762
112034  2.282  -93.581  0.865 0.8999999762
737  3.545  -93.718  -0.703 1.0000000000
527  2.974  -93.919  -0.143 0.8999999762
727  1.891  -93.233  0.303 1.0000000000
539  2.665  -94.016  -1.032 1.0000000000
529  1.939  -93.496  -0.537 1.0000000000
1024  4.863  -92.757  -1.531 1.0000000000
111230  3.725  -89.539  -1.290 0.6999999881
2798  4.546  -88.206  -1.453 0.5000000000
1023  5.723  -92.205  -1.132 1.0000000000
752  1.796  -93.227  -1.532 1.0000000000
2316  3.637  -89.237  -1.898 0.6999999881
3339  3.760  -87.904  -1.810 0.6000000238
3300  3.431  -86.765  0.374 0.4000000060
1010  5.434  -92.688  -0.574 1.0000000000
118936  1.504  -92.920  -2.439 0.8999999762
2330  2.535  -89.268  -2.533 0.6999999881
3327  2.341  -87.992  -1.379 0.6000000238
1060  2.235  -92.768  -4.428 0.8999999762
779  1.592  -92.652  -4.070 0.8999999762
1034  1.543  -91.980  -3.136 0.8999999762
2806  1.701  -88.455  -1.533 0.6999999881
1009  6.469  -92.360  -0.327 1.0000000000
1408  1.661  -90.904  -3.131 0.8000000119
1821  0.074  -90.080  0.437 0.8000000119
1906  0.803  -91.450  -5.056 1.0000000000
1851  -0.783  -90.345  -1.613 0.8999999762
734  8.598  -93.387  0.094 1.0000000000
1448  -0.262  -91.471  -4.538 1.0000000000
120090  -2.187  -89.229  -1.316 1.0000000000
106231  -1.444  -89.875  -0.287 1.0000000000
1020  9.790  -92.397  -0.962 1.0000000000
1899  -0.848  -90.973  -4.458 1.0000000000
1412  -1.515  -90.144  -2.522 1.0000000000
118636  -3.166  -89.450  0.326 1.0000000000
1021  9.579  -93.025  -1.370 1.0000000000
1042  7.967  -92.720  -3.705 1.0000000000
2356  -1.884  -90.122  -3.597 1.0000000000
2333  -2.248  -89.551  -2.767 1.0000000000
1056  8.243  -92.093  -4.062 1.0000000000
1443  7.740  -91.931  -4.815 1.0000000000
111983  7.906  -91.426  -5.541 1.0000000000
1480  8.203  -91.239  -7.132 1.0000000000
1471  8.220  -90.985  -6.304 1.0000000000
4578  -3.121  -85.222  -13.748 0.8999999762
4593  -2.912  -85.417  -14.957 0.8999999762
5627  -3.303  -84.137  -15.825 0.8000000119
109235  -3.184  -84.030  -15.079 0.8999999762
5655  -3.323  -83.545  -17.461 0.8999999762
110163  -3.288  -85.739  -13.015 0.8999999762
6183  -3.293  -82.599  -18.669 0.8000000119
108058  -3.453  -82.763  -16.472 0.8999999762
1940  9.142  -90.920  -8.316 1.0000000000
1489  8.415  -91.498  -8.156 1.0000000000
107534  -3.075  -86.143  -13.908 0.8999999762
4617  -2.610  -85.461  -16.416 0.6999999881
6194  -2.813  -82.655  -19.779 0.6999999881
1502  9.041  -91.587  -9.829 1.0000000000
4603  -2.644  -85.865  -15.631 0.8999999762
5139  -2.486  -85.172  -17.247 0.6000000238
1517  8.814  -92.066  -10.701 1.0000000000
112511  -2.421  -87.034  -15.745 0.6000000238
4080  -2.345  -86.468  -16.496 0.5000000000
1530  8.805  -92.234  -11.693 1.0000000000
1550  9.105  -91.864  -13.234 1.0000000000
1157  7.237  -92.727  -14.582 0.8999999762
1169  6.144  -92.856  -15.427 0.8999999762
856  5.777  -93.474  -15.598 0.8999999762
269  9.775  -94.388  -15.079 0.8000000119
122  8.854  -94.721  -14.107 0.8999999762
271  8.472  -94.654  -14.807 0.8999999762
439  6.524  -94.263  -15.858 0.8999999762
120135  5.912  -94.338  -15.487 0.8999999762
124907  10.156  -94.349  -15.515 0.8000000119
268  10.142  -94.341  -15.767 0.8000000119
277  8.864  -94.620  -15.827 0.8999999762
1031  5.401  -92.183  -1.908 1.0000000000
758  4.169  -93.158  -2.188 1.0000000000
751  2.476  -94.093  -1.820 1.0000000000
1032  4.708  -92.504  -2.607 1.0000000000
1406  5.594  -91.718  -2.638 1.0000000000
1033  3.779  -93.197  -2.909 1.0000000000
1426  5.518  -91.340  -3.541 1.0000000000
1427  4.792  -91.908  -3.637 1.0000000000
119693  3.369  -93.064  -3.688 1.0000000000
768  2.743  -93.781  -3.088 1.0000000000
770  1.850  -93.386  -3.522 0.8999999762
1022  6.371  -91.851  -0.931 1.0000000000
1904  2.367  -90.970  -5.243 1.0000000000
1071  2.113  -92.264  -4.844 1.0000000000
1371  8.909  -91.795  -0.687 1.0000000000
1896  1.843  -90.544  -5.211 1.0000000000
1072  1.313  -91.953  -4.916 1.0000000000
2820  -3.088  -87.874  -1.670 1.0000000000
1372  8.126  -92.048  -0.431 1.0000000000
1898  0.078  -90.997  -4.913 1.0000000000
2819  -2.596  -88.311  -2.201 1.0000000000
2334  -2.335  -88.905  -2.276 1.0000000000
122566  -3.614  -88.720  -0.734 1.0000000000
119487  0.539  -90.045  -4.793 1.0000000000
2354  -0.983  -90.011  -4.419 1.0000000000
108296  -2.219  -89.025  -3.243 1.0000000000
1041  8.704  -92.373  -3.193 1.0000000000
1442  8.488  -91.367  -4.609 1.0000000000
1456  8.600  -90.834  -5.514 1.0000000000
112141  -3.433  -85.884  -12.080 0.8999999762
5107  -3.008  -84.433  -13.641 0.8999999762
5119  -3.066  -84.741  -14.497 0.8999999762
111161  8.685  -90.823  -6.846 1.0000000000
1928  9.248  -90.470  -6.999 1.0000000000
125916  -3.365  -87.284  -12.313 0.8999999762
6752  -3.597  -81.975  -17.939 0.8999999762
123867  -3.486  -81.093  -19.599 0.8999999762
111893  -3.607  -80.311  -19.635 0.8000000119
1488  9.254  -91.037  -9.132 1.0000000000
6788  -2.931  -81.838  -20.149 0.8000000119
122851  8.590  -91.663  -9.075 1.0000000000
3457  -3.441  -87.692  -11.612 0.8999999762
3482  -3.084  -87.094  -13.810 0.8999999762
6805  -2.477  -81.732  -20.972 0.6000000238
7441  -3.165  -80.984  -20.380 0.8000000119
3467  -3.194  -87.443  -13.069 0.8999999762
4069  -2.911  -86.871  -14.386 0.8000000119
1529  9.424  -91.576  -11.382 1.0000000000
117656  -2.999  -87.947  -13.759 0.8000000119
4095  -2.138  -86.924  -17.161 0.4000000060
3510  -2.421  -88.171  -15.525 0.6999999881
4111  -1.982  -86.708  -17.508 0.4000000060
108979  8.951  -91.811  -14.141 1.0000000000
126764  -2.303  -87.860  -16.148 0.5000000000
1168  7.290  -92.477  -15.364 1.0000000000
109000  6.712  -92.487  -16.302 1.0000000000
864  6.194  -93.280  -16.417 0.8999999762
1175  6.852  -92.646  -17.616 1.0000000000
437  8.425  -94.406  -16.397 0.8999999762
442  7.794  -93.923  -16.862 0.8999999762
624  6.761  -93.681  -16.575 0.8999999762
1138  11.779  -92.635  -13.089 0.6000000238
611  10.583  -93.828  -14.399 0.6999999881
855  10.618  -93.681  -15.946 0.6999999881
118429  9.647  -94.331  -16.568 0.8000000119
281  9.199  -94.444  -16.667 0.8999999762
628  7.229  -93.328  -17.338 0.8999999762
114803  7.127  -92.687  -18.094 1.0000000000
113242  10.248  -94.073  -15.957 0.6999999881
626  10.182  -94.125  -16.997 0.6999999881
443  10.022  -94.289  -17.397 0.8999999762
444  9.697  -94.290  -17.564 0.8999999762
627  8.161  -93.678  -17.424 0.8999999762
882  7.585  -92.989  -18.059 0.8999999762
1888  5.779  -90.736  -3.933 1.0000000000
2341  5.941  -89.935  -4.268 1.0000000000
1444  5.072  -91.137  -4.292 1.0000000000
2285  0.343  -89.764  1.727 0.8000000119
1894  4.419  -90.692  -4.851 1.0000000000
1446  3.429  -91.897  -4.741 1.0000000000
108458  2.656  -90.050  -5.164 1.0000000000
1895  3.077  -90.753  -5.192 1.0000000000
3902  -2.600  -86.863  -2.064 1.0000000000
3892  -3.217  -86.636  -0.980 1.0000000000
3318  -3.704  -87.008  -1.076 1.0000000000
1391  7.671  -91.278  -0.940 1.0000000000
2352  2.481  -89.036  -4.906 1.0000000000
2353  1.600  -89.720  -4.947 1.0000000000
3911  -2.482  -87.102  -2.271 1.0000000000
3349  -2.064  -86.552  -3.200 1.0000000000
3351  -2.374  -87.466  -2.571 1.0000000000
123566  -1.795  -87.159  -3.513 1.0000000000
2828  -2.286  -88.043  -3.106 1.0000000000
113641  -0.850  -89.128  -4.228 1.0000000000
1425  8.940  -91.691  -3.618 1.0000000000
1892  9.113  -90.699  -4.730 1.0000000000
4033  -3.572  -86.168  -11.218 0.8999999762
4552  -3.300  -85.149  -11.374 0.8999999762
118380  -2.909  -83.883  -14.256 0.8999999762
4022  -3.846  -86.903  -9.301 0.8999999762
5615  -2.957  -83.203  -14.816 0.8999999762
6734  -3.476  -81.860  -17.002 0.8999999762
3436  -3.531  -87.810  -9.064 1.0000000000
107545  -3.650  -86.954  -11.159 0.8999999762
7417  -3.502  -81.069  -17.632 0.8999999762
111512  9.562  -90.495  -7.747 1.0000000000
117810  -3.613  -87.599  -9.941 0.8999999762
1954  9.863  -90.538  -9.468 1.0000000000
2910  -3.462  -88.522  -9.752 0.8999999762
7450  -1.841  -80.632  -21.377 0.5000000000
8129  -2.468  -79.861  -21.164 0.8000000119
1516  9.471  -91.343  -10.486 1.0000000000
106616  -3.462  -88.501  -11.036 0.8999999762
1985  9.961  -90.915  -12.066 1.0000000000
2420  -3.359  -89.585  -9.758 0.8999999762
2933  -3.376  -88.856  -11.807 0.8999999762
1538  9.795  -91.227  -12.593 1.0000000000
2959  -3.068  -88.760  -13.339 0.6999999881
2969  -2.449  -89.194  -14.943 0.6999999881
1549  9.705  -91.167  -13.730 1.0000000000
2988  -2.198  -89.016  -15.699 0.5000000000
1558  8.813  -91.682  -14.936 1.0000000000
1167  8.047  -91.854  -15.733 1.0000000000
3020  -1.893  -88.113  -16.730 0.4000000060
114177  12.624  -92.211  -13.276 0.5000000000
1155  11.229  -93.264  -14.362 0.6999999881
1580  8.503  -91.635  -19.271 1.0000000000
1576  7.260  -91.964  -18.274 1.0000000000
1147  12.305  -92.548  -13.861 0.5000000000
1148  11.687  -92.858  -13.861 0.6000000238
1166  11.574  -93.013  -15.255 0.6999999881
854  11.233  -93.232  -16.075 0.6999999881
871  10.550  -93.844  -17.442 0.6999999881
879  10.376  -94.013  -17.925 0.8000000119
880  9.460  -93.657  -18.547 0.8999999762
881  8.560  -93.051  -18.527 0.8999999762
1186  8.910  -92.519  -19.046 0.8999999762
2827  6.896  -88.935  -4.095 1.0000000000
108490  -0.907  -86.603  0.276 1.0000000000
1866  6.884  -90.572  -2.445 1.0000000000
1405  6.409  -91.249  -2.084 1.0000000000
2837  4.774  -88.515  -4.646 1.0000000000
2349  5.172  -89.279  -4.633 1.0000000000
3890  -1.373  -86.324  -0.734 1.0000000000
3876  -2.698  -86.342  -0.546 1.0000000000
1392  6.714  -91.408  -1.216 1.0000000000
125787  3.724  -88.655  -4.781 1.0000000000
2350  4.387  -89.773  -4.931 1.0000000000
126417  -2.004  -84.427  -2.365 1.0000000000
4447  -2.289  -85.224  -1.698 1.0000000000
3900  -2.023  -86.208  -1.516 1.0000000000
3877  -3.484  -86.137  -0.014 1.0000000000
4461  -1.952  -84.901  -2.834 1.0000000000
4476  -2.212  -86.224  -2.837 1.0000000000
4474  -1.188  -85.564  -3.297 1.0000000000
2843  -1.240  -88.352  -4.048 1.0000000000
1040  9.487  -91.988  -2.690 1.0000000000
2374  9.663  -89.996  -6.389 1.0000000000
1903  9.267  -90.299  -5.534 1.0000000000
3395  -2.719  -87.516  -6.939 1.0000000000
3972  -2.879  -86.796  -7.184 1.0000000000
4005  -3.623  -87.078  -8.361 1.0000000000
4536  -3.757  -85.996  -9.565 0.8999999762
4545  -3.552  -85.620  -10.450 0.8999999762
4561  -3.230  -85.026  -12.370 0.8999999762
5096  -2.835  -84.242  -12.765 0.8999999762
5614  -2.485  -83.102  -14.021 0.8999999762
3396  -2.932  -87.604  -7.156 1.0000000000
113885  9.796  -90.100  -7.217 1.0000000000
2871  -1.153  -88.449  -6.588 1.0000000000
2873  -2.796  -88.293  -7.031 1.0000000000
6142  -3.067  -82.503  -15.385 0.8999999762
7431  -3.643  -80.648  -18.680 0.8999999762
1939  9.858  -90.385  -8.615 1.0000000000
2887  -3.233  -88.890  -7.908 1.0000000000
8116  -3.745  -79.391  -19.815 1.0000000000
1971  9.930  -90.664  -10.207 1.0000000000
2379  -1.672  -89.304  -6.675 1.0000000000
2397  -2.609  -89.818  -7.301 1.0000000000
110402  -1.470  -78.892  -21.091 0.6999999881
118108  -3.255  -79.032  -20.829 0.8000000119
1935  -2.666  -90.302  -8.092 0.8999999762
2406  -3.207  -89.625  -8.449 0.8999999762
1963  -3.062  -90.453  -9.681 0.8999999762
1995  10.564  -90.031  -12.516 1.0000000000
2433  -3.227  -90.152  -10.577 0.8999999762
116742  -3.349  -89.589  -11.238 0.8999999762
122925  -2.151  -90.241  -13.294 0.6000000238
2958  -2.637  -89.538  -14.027 0.6000000238
2499  -2.018  -89.572  -15.370 0.6000000238
3535  -1.914  -87.431  -17.172 0.5000000000
1557  9.455  -91.171  -14.645 1.0000000000
2035  8.855  -90.241  -16.749 1.0000000000
2043  8.328  -90.074  -17.696 1.0000000000
2498  -1.587  -89.494  -15.512 0.6000000238
1172  7.390  -91.739  -16.850 1.0000000000
2049  7.741  -91.122  -18.667 1.0000000000
116146  7.916  -90.443  -18.443 1.0000000000
108744  10.808  -93.756  -18.735 0.8999999762
886  10.150  -93.594  -19.142 0.8999999762
887  9.783  -93.009  -19.536 0.8999999762
109577  9.461  -92.137  -19.717 0.8999999762
1579  9.347  -91.151  -19.970 0.8999999762
2054  8.067  -91.076  -19.112 1.0000000000
2048  7.952  -90.231  -19.042 1.0000000000
1165  12.255  -92.782  -15.290 0.6999999881
862  11.869  -92.786  -16.063 0.6999999881
863  11.033  -93.375  -16.995 0.6999999881
2340  6.670  -89.667  -3.896 1.0000000000
2329  7.053  -90.050  -3.200 1.0000000000
2835  6.298  -88.352  -4.251 1.0000000000
4973  -1.360  -85.355  -0.584 1.0000000000
1865  7.616  -89.880  -2.396 1.0000000000
2839  3.124  -88.338  -4.718 1.0000000000
118968  -2.271  -84.331  -1.340 1.0000000000
1846  7.590  -90.556  -1.609 1.0000000000
3360  2.492  -87.625  -4.479 1.0000000000
2840  1.678  -88.680  -4.662 1.0000000000
116903  2.305  -88.298  -4.639 1.0000000000
5471  -1.365  -83.553  -1.623 1.0000000000
116902  1.004  -88.198  -4.443 1.0000000000
4999  -1.388  -84.275  -2.361 1.0000000000
1389  10.117  -91.642  -1.541 1.0000000000
1390  9.566  -91.369  -1.135 1.0000000000
3362  0.229  -87.761  -4.257 1.0000000000
124597  0.378  -88.544  -4.405 1.0000000000
4460  -0.777  -84.878  -2.993 1.0000000000
1886  9.843  -90.619  -3.948 1.0000000000
1404  10.259  -91.476  -2.276 1.0000000000
1891  10.291  -90.022  -4.425 1.0000000000
1441  9.152  -91.077  -3.995 1.0000000000
3937  -0.495  -87.145  -4.075 1.0000000000
3926  -0.533  -86.297  -3.793 1.0000000000
112951  -2.572  -86.730  -6.931 1.0000000000
3971  -2.537  -85.896  -7.088 1.0000000000
123994  -3.662  -85.509  -8.965 1.0000000000
107510  -3.504  -85.039  -9.626 1.0000000000
5567  -2.713  -83.765  -10.361 1.0000000000
127742  9.642  -90.243  -4.804 1.0000000000
3393  -1.497  -87.560  -6.642 1.0000000000
111944  -3.213  -86.297  -7.795 1.0000000000
5081  -3.207  -84.695  -10.478 0.8999999762
108810  -2.915  -84.347  -11.834 0.8999999762
120104  -2.327  -83.511  -12.793 0.8999999762
5596  -2.183  -82.964  -13.205 0.8999999762
108862  10.364  -89.650  -7.034 1.0000000000
114718  -2.745  -81.770  -15.082 1.0000000000
108929  -3.083  -81.649  -15.945 1.0000000000
111111  -3.387  -80.088  -17.718 1.0000000000
116559  0.223  -87.830  -6.646 1.0000000000
2403  10.611  -89.677  -8.625 1.0000000000
2390  10.198  -89.918  -7.849 1.0000000000
2870  -0.202  -88.483  -6.595 1.0000000000
2869  0.732  -88.413  -6.690 1.0000000000
8803  -3.958  -78.455  -20.098 1.0000000000
2413  10.817  -89.457  -9.439 1.0000000000
1953  10.366  -90.040  -9.860 1.0000000000
2376  0.973  -89.335  -6.783 1.0000000000
127456  -0.341  -89.976  -6.643 1.0000000000
115094  -2.719  -78.197  -21.142 0.8000000119
1970  10.461  -90.086  -10.679 1.0000000000
1918  -0.314  -90.682  -6.840 1.0000000000
1485  -1.443  -90.881  -7.580 0.8999999762
1945  -2.558  -90.541  -8.935 0.8999999762
2004  10.192  -90.428  -13.735 1.0000000000
1977  -2.821  -90.515  -10.619 0.8999999762
1991  -2.595  -90.477  -11.194 0.6999999881
2012  9.958  -90.502  -14.373 1.0000000000
2471  -1.809  -90.195  -14.043 0.6000000238
124979  9.456  -89.520  -15.621 1.0000000000
2506  9.282  -89.761  -16.151 1.0000000000
2521  8.286  -89.224  -17.782 1.0000000000
2481  -1.071  -89.654  -15.396 0.5000000000
2532  7.945  -89.158  -18.722 1.0000000000
3027  7.520  -88.772  -18.585 1.0000000000
2052  9.330  -90.210  -20.374 0.8999999762
112041  8.097  -89.749  -18.380 1.0000000000
885  10.816  -93.666  -19.290 0.8999999762
1184  10.617  -93.375  -19.829 0.8999999762
1585  10.074  -91.764  -20.343 0.8999999762
2053  8.636  -90.434  -19.618 1.0000000000
2539  8.139  -89.475  -19.657 1.0000000000
106713  11.563  -92.929  -16.857 0.6999999881
870  11.268  -93.244  -17.744 0.6999999881
878  11.253  -93.458  -18.740 0.8000000119
2826  7.458  -88.595  -3.568 1.0000000000
3357  5.697  -87.692  -4.351 1.0000000000
5972  -2.524  -82.355  1.035 1.0000000000
5456  -2.141  -83.765  0.297 1.0000000000
124265  -0.127  -85.665  0.807 1.0000000000
3862  -1.750  -86.378  0.793 1.0000000000
2815  8.011  -89.092  -2.887 1.0000000000
3358  4.893  -87.821  -4.540 1.0000000000
4974  -2.216  -84.286  -0.379 1.0000000000
4433  -0.852  -86.120  -0.472 1.0000000000
3863  -3.021  -85.531  1.079 1.0000000000
3934  2.642  -86.838  -4.220 1.0000000000
3359  3.337  -87.439  -4.473 1.0000000000
5992  -1.818  -82.826  -1.007 1.0000000000
5993  -2.264  -83.108  -0.687 1.0000000000
2313  9.368  -89.421  -1.759 1.0000000000
112671  1.046  -87.380  -4.273 1.0000000000
108719  10.158  -90.020  -1.545 1.0000000000
2314  9.219  -90.293  -1.376 1.0000000000
4988  -0.579  -83.882  -2.025 1.0000000000
1864  11.189  -90.282  -2.343 1.0000000000
1844  10.181  -90.867  -1.484 1.0000000000
3925  0.387  -86.207  -3.860 1.0000000000
4998  -0.136  -84.405  -2.456 1.0000000000
4986  1.391  -83.913  -1.446 1.0000000000
122574  10.725  -90.258  -3.565 1.0000000000
1403  10.806  -90.803  -2.308 1.0000000000
4473  -0.082  -85.613  -3.431 1.0000000000
4459  0.432  -84.984  -3.037 1.0000000000
115349  1.838  -84.489  -1.904 1.0000000000
126497  10.974  -89.771  -4.029 1.0000000000
110894  -0.838  -86.906  -6.635 1.0000000000
4518  -3.129  -85.268  -7.413 1.0000000000
110165  -3.512  -84.841  -8.724 1.0000000000
117514  -3.322  -83.989  -8.537 1.0000000000
2346  10.721  -89.466  -4.807 1.0000000000
3391  0.936  -87.498  -6.694 1.0000000000
5575  -2.438  -83.653  -11.237 1.0000000000
2373  10.951  -88.993  -6.801 1.0000000000
125948  10.593  -89.270  -5.552 1.0000000000
5584  -2.111  -82.922  -12.379 1.0000000000
112490  -2.915  -80.618  -15.961 1.0000000000
2389  11.001  -89.169  -7.831 1.0000000000
6720  -2.675  -81.351  -14.328 1.0000000000
115084  -3.100  -80.302  -16.810 1.0000000000
109945  11.252  -88.858  -8.867 1.0000000000
2868  1.615  -88.560  -6.858 1.0000000000
8784  -3.883  -78.693  -18.995 1.0000000000
2375  1.730  -89.472  -7.088 1.0000000000
9564  -1.087  -77.810  -19.822 0.4000000060
8820  -1.520  -78.054  -20.785 0.6000000238
9578  -3.211  -77.451  -20.907 0.8999999762
110276  3.070  -90.509  -7.784 1.0000000000
1932  1.313  -90.901  -7.331 1.0000000000
2454  10.733  -89.068  -12.800 1.0000000000
110757  0.690  -91.372  -7.648 1.0000000000
1484  -0.705  -91.138  -7.743 0.8999999762
111828  10.483  -89.845  -13.368 1.0000000000
2963  9.836  -89.038  -14.566 1.0000000000
118860  -1.781  -90.561  -9.233 0.8999999762
2446  -1.750  -90.055  -11.303 0.6999999881
2460  -1.507  -89.928  -12.478 0.5000000000
2023  10.029  -89.940  -14.790 1.0000000000
2981  9.313  -89.143  -15.297 1.0000000000
109833  8.108  -88.895  -16.619 1.0000000000
2459  -1.254  -90.029  -13.563 0.5000000000
2957  -0.675  -89.516  -13.956 0.6000000238
2997  9.030  -89.231  -16.175 1.0000000000
2999  7.627  -88.812  -17.305 1.0000000000
2998  8.322  -88.948  -17.094 1.0000000000
3013  8.004  -88.813  -17.992 1.0000000000
884  11.232  -93.528  -19.444 0.8000000119
1193  11.014  -93.104  -20.584 0.8000000119
109919  10.728  -92.323  -20.823 0.8000000119
113495  10.013  -90.836  -20.646 0.6999999881
2543  8.746  -89.580  -20.240 1.0000000000
107329  8.222  -88.866  -20.331 1.0000000000
3036  7.536  -88.787  -19.661 1.0000000000
869  11.943  -92.643  -17.448 0.6999999881
112117  12.040  -92.631  -18.304 0.6999999881
126461  9.236  -89.464  -20.767 1.0000000000
3044  8.448  -88.184  -21.020 0.8999999762
3045  7.633  -88.101  -20.581 1.0000000000
3561  6.753  -87.552  -20.965 1.0000000000
2834  7.326  -87.807  -3.587 1.0000000000
5449  -1.846  -83.211  1.140 1.0000000000
3861  -0.568  -86.383  1.121 1.0000000000
4961  -0.158  -84.881  0.989 1.0000000000
3338  9.180  -88.109  -2.641 1.0000000000
112672  4.229  -87.194  -4.441 1.0000000000
6556  -2.681  -81.539  0.734 1.0000000000
6564  -0.821  -81.343  -0.426 1.0000000000
7210  -2.715  -80.991  -0.113 1.0000000000
2814  8.789  -88.823  -2.387 1.0000000000
3923  2.795  -86.134  -3.786 1.0000000000
5983  -1.289  -82.068  -0.576 1.0000000000
110782  8.460  -89.528  -1.958 1.0000000000
3924  1.923  -86.298  -3.941 1.0000000000
3935  1.823  -87.062  -4.291 1.0000000000
6563  0.440  -81.375  -0.303 1.0000000000
115985  -0.046  -82.047  -0.392 1.0000000000
7206  0.996  -80.808  -0.541 1.0000000000
1842  11.385  -89.833  -2.100 1.0000000000
122569  10.120  -89.325  -1.724 1.0000000000
4472  1.047  -85.799  -3.482 1.0000000000
4458  1.940  -84.910  -2.558 1.0000000000
5470  0.564  -83.317  -1.171 1.0000000000
2337  12.188  -89.169  -3.112 1.0000000000
5981  1.612  -82.479  -0.295 1.0000000000
2831  12.484  -88.538  -3.808 1.0000000000
2345  11.639  -89.223  -4.118 1.0000000000
2338  11.457  -89.817  -3.337 1.0000000000
4985  2.289  -84.104  -1.393 1.0000000000
5462  1.463  -83.169  -0.780 1.0000000000
2832  11.910  -88.460  -4.774 1.0000000000
4506  0.301  -85.650  -6.672 1.0000000000
4507  -0.661  -85.360  -6.539 1.0000000000
111973  -2.439  -84.821  -6.267 1.0000000000
4509  -2.535  -85.182  -6.673 1.0000000000
3373  12.152  -87.862  -5.341 1.0000000000
2833  11.115  -88.847  -5.172 1.0000000000
122252  3.073  -87.519  -6.940 1.0000000000
3389  2.362  -87.143  -6.791 1.0000000000
108422  1.595  -86.950  -6.714 1.0000000000
109147  -0.208  -86.270  -6.674 1.0000000000
110074  -2.404  -85.983  -6.903 1.0000000000
5052  -3.114  -84.489  -7.015 1.0000000000
115014  -3.329  -83.014  -8.443 1.0000000000
6067  -3.139  -82.583  -9.264 1.0000000000
6662  -3.382  -81.486  -10.268 1.0000000000
2853  11.590  -88.345  -5.688 1.0000000000
3390  1.724  -87.722  -6.755 1.0000000000
3968  0.084  -87.108  -6.656 1.0000000000
5559  -2.552  -83.035  -9.904 1.0000000000
5566  -2.249  -82.970  -10.630 1.0000000000
6083  -2.404  -82.382  -11.929 1.0000000000
6711  -2.740  -81.549  -13.506 1.0000000000
6697  -3.428  -81.020  -12.635 1.0000000000
3385  12.002  -87.729  -6.231 1.0000000000
2862  11.588  -88.399  -6.558 1.0000000000
2866  3.452  -88.166  -7.104 1.0000000000
2867  2.510  -88.128  -6.956 1.0000000000
127642  -2.444  -81.856  -14.008 1.0000000000
106477  -2.985  -80.396  -14.394 1.0000000000
7386  -2.890  -80.085  -15.200 1.0000000000
3405  11.953  -87.599  -7.371 1.0000000000
2881  11.546  -88.525  -7.376 1.0000000000
125627  -3.153  -79.121  -16.383 1.0000000000
110552  11.635  -88.264  -8.199 1.0000000000
2885  4.507  -89.108  -7.518 1.0000000000
121534  3.802  -88.818  -7.353 1.0000000000
2886  3.038  -88.894  -7.279 1.0000000000
10261  -1.511  -76.018  -18.861 0.4000000060
9524  -3.891  -77.947  -18.207 1.0000000000
9545  -4.194  -77.772  -19.396 1.0000000000
110431  11.649  -87.907  -9.145 1.0000000000
2412  11.372  -88.631  -9.850 1.0000000000
114615  5.312  -89.218  -7.772 1.0000000000
2393  3.658  -89.655  -7.589 1.0000000000
10281  -2.501  -76.686  -20.544 0.8000000119
10282  -3.274  -75.994  -20.477 0.8999999762
10273  -4.292  -76.604  -20.288 1.0000000000
2915  11.476  -88.164  -10.535 1.0000000000
2427  11.292  -88.793  -10.639 1.0000000000
2404  6.130  -89.179  -8.778 1.0000000000
1941  4.903  -90.156  -8.825 1.0000000000
1930  3.825  -90.379  -7.991 1.0000000000
2441  11.040  -89.301  -11.227 1.0000000000
110459  10.311  -88.661  -13.305 1.0000000000
1942  4.145  -90.552  -8.558 1.0000000000
1944  2.555  -91.263  -8.131 1.0000000000
1482  1.579  -91.529  -7.963 1.0000000000
3463  10.420  -87.752  -12.147 1.0000000000
2942  10.219  -88.077  -12.711 1.0000000000
2954  9.247  -88.603  -13.954 1.0000000000
2964  9.388  -88.854  -14.640 1.0000000000
1491  2.000  -91.805  -8.572 1.0000000000
115909  0.511  -91.544  -8.866 1.0000000000
2419  -1.570  -90.315  -9.857 0.8000000119
2932  -1.282  -88.844  -11.635 0.6999999881
119386  9.463  -88.121  -12.675 1.0000000000
110562  8.382  -89.010  -15.336 1.0000000000
1959  -0.111  -90.694  -9.657 0.8000000119
117763  -1.010  -87.860  -9.569 0.6999999881
3466  -0.713  -88.199  -12.415 0.4000000060
2943  8.944  -88.454  -13.157 1.0000000000
2965  8.506  -88.919  -14.562 1.0000000000
2494  6.773  -89.588  -15.747 1.0000000000
2508  6.227  -89.567  -16.827 1.0000000000
3000  6.806  -89.061  -17.311 1.0000000000
2522  5.768  -89.470  -17.859 1.0000000000
3015  6.730  -88.819  -18.149 1.0000000000
3029  4.247  -89.023  -19.662 1.0000000000
3016  5.096  -89.361  -19.002 1.0000000000
125161  7.105  -88.655  -18.562 1.0000000000
876  12.903  -92.400  -18.994 0.6000000238
1183  12.496  -92.657  -19.976 0.6000000238
1191  12.234  -92.939  -20.773 0.6999999881
122557  10.527  -91.498  -20.944 0.8000000119
3039  4.671  -88.443  -20.224 1.0000000000
3037  6.835  -88.168  -20.255 1.0000000000
127858  12.881  -92.462  -18.238 0.6999999881
2548  10.134  -88.969  -22.193 0.6999999881
3043  9.303  -88.692  -21.476 0.8999999762
3560  7.648  -87.419  -21.397 1.0000000000
3562  5.696  -87.274  -21.168 1.0000000000
3551  6.012  -87.807  -20.727 1.0000000000
3348  7.049  -86.940  -3.557 1.0000000000
119116  0.214  -85.391  1.451 1.0000000000
3918  7.588  -86.341  -3.179 1.0000000000
7199  -2.085  -80.954  1.112 1.0000000000
5970  -1.060  -82.883  1.892 1.0000000000
4960  0.231  -84.506  1.771 1.0000000000
3860  0.001  -86.133  1.680 1.0000000000
3931  5.843  -86.999  -4.236 1.0000000000
7878  -0.984  -79.849  0.972 1.0000000000
6555  -2.004  -81.748  1.577 1.0000000000
3346  8.775  -87.377  -2.896 1.0000000000
3917  8.455  -86.567  -2.910 1.0000000000
3921  4.507  -86.301  -4.054 1.0000000000
3920  5.514  -86.305  -4.037 1.0000000000
123806  -2.112  -79.725  -0.236 1.0000000000
7202  -2.031  -80.171  0.487 1.0000000000
3922  3.648  -85.885  -3.628 1.0000000000
7209  -2.196  -80.659  -0.344 1.0000000000
3336  10.758  -87.675  -2.415 1.0000000000
7218  -2.035  -80.087  -1.034 1.0000000000
3335  11.828  -87.622  -2.388 1.0000000000
127130  10.698  -88.309  -2.184 1.0000000000
4471  2.111  -85.575  -3.249 1.0000000000
4457  2.768  -85.044  -2.798 1.0000000000
4996  2.555  -84.630  -2.026 1.0000000000
124886  0.551  -80.416  -0.967 1.0000000000
7908  -0.178  -79.747  -2.360 1.0000000000
117200  1.435  -80.414  -1.058 1.0000000000
2812  11.418  -88.494  -2.191 1.0000000000
7918  -0.154  -79.370  -3.196 1.0000000000
7226  1.797  -80.066  -1.934 1.0000000000
7916  2.192  -79.625  -2.883 1.0000000000
3344  13.104  -87.234  -3.074 1.0000000000
2811  12.216  -88.345  -2.522 1.0000000000
5468  2.767  -83.631  -0.797 1.0000000000
6561  2.530  -81.291  -0.436 1.0000000000
5979  3.495  -82.390  -0.276 1.0000000000
5980  2.587  -82.253  -0.204 1.0000000000
3355  12.563  -88.021  -4.541 1.0000000000
121878  1.665  -86.173  -6.723 1.0000000000
5045  -2.745  -84.430  -6.235 1.0000000000
5046  -3.051  -83.863  -6.404 1.0000000000
3966  2.455  -86.200  -6.749 1.0000000000
108936  -3.710  -81.903  -8.483 1.0000000000
6648  -3.526  -81.646  -9.405 1.0000000000
3372  12.694  -87.360  -4.976 1.0000000000
6675  -3.482  -81.163  -11.095 1.0000000000
3388  4.744  -86.821  -6.677 1.0000000000
125474  -3.066  -79.509  -15.191 1.0000000000
3404  12.316  -86.731  -7.301 1.0000000000
2884  5.196  -88.593  -7.289 1.0000000000
111644  -3.320  -78.736  -15.912 1.0000000000
3419  11.963  -86.816  -7.965 1.0000000000
2391  5.991  -89.053  -7.987 1.0000000000
10982  -1.356  -75.283  -18.104 0.3000000119
113081  -3.687  -78.026  -17.145 1.0000000000
110711  -4.274  -77.016  -18.584 1.0000000000
122587  11.766  -87.506  -8.337 1.0000000000
10262  -4.559  -76.332  -19.278 1.0000000000
3439  11.367  -87.515  -10.352 1.0000000000
3449  11.284  -87.787  -11.055 1.0000000000
2415  6.398  -89.418  -9.726 1.0000000000
2416  5.618  -89.758  -9.189 1.0000000000
1957  4.364  -90.807  -9.460 1.0000000000
1505  2.769  -92.067  -9.790 1.0000000000
3451  9.961  -87.482  -11.600 1.0000000000
1117  2.176  -92.243  -10.046 1.0000000000
1533  1.409  -91.300  -10.898 1.0000000000
2944  8.069  -88.873  -12.650 1.0000000000
2920  0.462  -88.824  -9.883 0.6999999881
2907  -0.057  -88.346  -9.462 0.6000000238
2955  8.235  -88.899  -13.570 1.0000000000
2479  6.687  -89.883  -14.622 1.0000000000
2495  5.508  -90.314  -16.280 1.0000000000
2045  4.130  -90.390  -17.753 1.0000000000
123704  3.422  -88.718  -17.810 1.0000000000
2533  3.955  -89.502  -18.924 1.0000000000
1192  11.751  -93.026  -21.004 0.6999999881
1197  11.765  -92.360  -21.735 0.8000000119
1584  10.605  -90.773  -21.506 0.6999999881
2062  10.751  -89.795  -22.208 0.8000000119
3531  3.643  -88.083  -18.393 1.0000000000
3540  4.246  -87.043  -19.759 1.0000000000
3553  4.081  -87.582  -20.105 1.0000000000
1196  12.636  -92.596  -21.414 0.6999999881
124722  12.283  -92.464  -21.764 0.6999999881
2061  11.469  -90.726  -22.529 0.6999999881
127721  10.311  -88.491  -22.932 0.6999999881
121167  6.662  -86.785  -21.486 0.8999999762
4135  4.439  -87.069  -20.598 0.8999999762
3563  4.863  -87.170  -21.081 0.8999999762
1190  13.262  -92.498  -20.735 0.6000000238
3047  9.737  -88.045  -22.718 0.6999999881
3570  7.747  -86.641  -22.094 0.8000000119
4677  6.414  -85.856  -21.290 0.6999999881
1589  13.041  -92.185  -22.250 0.6000000238
108361  -0.437  -80.508  1.701 1.0000000000
124555  -0.502  -81.849  2.256 1.0000000000
3916  9.083  -85.926  -2.845 1.0000000000
108881  8.199  -85.749  -2.900 1.0000000000
106523  6.810  -86.131  -3.534 1.0000000000
4468  6.476  -85.558  -3.290 1.0000000000
8596  -1.303  -78.536  -1.085 1.0000000000
3909  10.263  -86.859  -2.860 1.0000000000
4470  4.561  -85.499  -3.321 1.0000000000
125450  5.031  -85.901  -3.766 1.0000000000
8597  -1.632  -78.939  -1.429 1.0000000000
4456  3.611  -85.173  -3.033 1.0000000000
7920  -1.236  -79.053  -2.313 1.0000000000
3908  11.200  -86.880  -2.640 1.0000000000
4983  4.224  -84.194  -1.454 1.0000000000
4984  3.153  -84.192  -1.404 1.0000000000
7926  1.252  -79.313  -3.657 1.0000000000
5466  4.541  -83.424  -0.807 1.0000000000
3914  13.236  -86.412  -3.149 1.0000000000
3334  12.564  -87.496  -2.684 1.0000000000
3930  13.132  -86.699  -4.606 1.0000000000
118155  3.350  -81.704  -0.375 1.0000000000
117518  2.774  -85.311  -6.876 1.0000000000
5042  0.364  -84.767  -6.482 1.0000000000
5044  -1.592  -84.687  -6.171 1.0000000000
5029  -2.791  -83.332  -5.792 1.0000000000
3948  13.311  -85.911  -5.126 1.0000000000
121680  3.151  -86.777  -6.815 1.0000000000
5028  -1.368  -83.791  -5.545 1.0000000000
125438  -3.080  -83.147  -6.093 1.0000000000
6633  -3.773  -81.381  -7.691 1.0000000000
6649  -3.502  -81.145  -9.711 1.0000000000
4489  12.998  -85.819  -5.887 1.0000000000
3949  12.831  -86.605  -5.686 1.0000000000
3387  5.685  -87.182  -6.704 1.0000000000
6637  -3.684  -81.138  -8.823 1.0000000000
6676  -3.540  -80.561  -11.148 1.0000000000
3960  12.677  -86.177  -6.706 1.0000000000
7376  -3.333  -79.910  -13.673 1.0000000000
121236  6.421  -87.474  -6.961 1.0000000000
8055  -3.241  -79.475  -14.527 1.0000000000
9506  -3.773  -78.014  -16.128 1.0000000000
2863  6.708  -87.844  -7.375 1.0000000000
9525  -4.090  -77.330  -17.474 1.0000000000
2894  6.581  -88.678  -8.331 1.0000000000
3420  11.577  -87.155  -8.770 1.0000000000
11014  -4.206  -75.323  -20.189 1.0000000000
4014  10.976  -86.785  -9.710 1.0000000000
3441  10.485  -87.207  -10.920 1.0000000000
1972  6.296  -89.804  -10.641 1.0000000000
1974  4.986  -90.731  -10.395 1.0000000000
106291  3.825  -91.749  -12.126 1.0000000000
1116  2.892  -92.319  -11.057 1.0000000000
2928  9.030  -88.067  -11.851 1.0000000000
2929  8.137  -88.760  -11.817 1.0000000000
2466  7.252  -89.425  -12.999 1.0000000000
1543  2.560  -91.760  -12.546 1.0000000000
1988  1.573  -91.090  -11.682 1.0000000000
124927  1.010  -89.888  -11.152 0.8000000119
2005  5.995  -90.421  -13.916 1.0000000000
2458  1.691  -89.817  -12.384 0.8999999762
2430  0.976  -89.121  -10.818 0.6999999881
2906  0.619  -87.986  -9.716 0.6000000238
112917  6.768  -89.829  -13.707 1.0000000000
2026  5.294  -90.716  -15.402 1.0000000000
2919  1.303  -88.216  -10.402 0.6000000238
3434  -0.544  -87.097  -9.446 0.4000000060
2027  3.561  -91.131  -16.152 1.0000000000
3433  0.197  -87.370  -9.360 0.5000000000
4544  -0.465  -85.745  -9.869 0.3000000119
3520  3.787  -88.014  -17.246 1.0000000000
2984  3.186  -88.642  -16.093 1.0000000000
2985  2.663  -89.339  -15.790 1.0000000000
4031  -0.089  -85.803  -11.475 0.2000000030
3519  4.708  -87.244  -17.350 1.0000000000
3508  3.877  -88.073  -16.303 0.8999999762
3492  3.900  -87.937  -15.337 0.8000000119
109031  0.509  -86.988  -14.119 0.3000000119
1592  13.289  -91.331  -23.091 0.6000000238
2066  11.581  -89.562  -23.149 0.6999999881
4659  6.442  -85.691  -20.504 0.6000000238
4143  5.568  -86.063  -20.985 0.8999999762
3530  4.376  -87.194  -18.680 0.8000000119
113675  5.409  -87.207  -16.149 0.6999999881
4079  0.955  -86.877  -15.524 0.3000000119
2547  10.821  -88.913  -23.050 0.6999999881
3576  9.673  -86.709  -23.477 0.6000000238
4150  7.979  -85.995  -22.330 0.6999999881
1588  13.957  -91.765  -22.462 0.6000000238
7187  0.659  -80.588  2.038 1.0000000000
7188  -0.037  -81.272  2.231 1.0000000000
5439  0.965  -83.903  3.409 1.0000000000
4937  0.829  -84.869  3.013 1.0000000000
8583  0.280  -78.728  -0.010 1.0000000000
108912  -0.377  -79.240  0.497 1.0000000000
5964  -0.346  -82.527  2.306 1.0000000000
5443  0.576  -84.159  2.612 1.0000000000
113092  10.991  -83.634  -3.187 1.0000000000
5010  9.357  -84.369  -2.900 1.0000000000
107784  9.734  -85.226  -2.908 1.0000000000
107357  8.039  -85.075  -2.840 1.0000000000
4991  7.579  -84.680  -2.651 1.0000000000
8594  1.004  -78.339  -0.532 1.0000000000
8595  -0.249  -78.328  -0.748 1.0000000000
126779  11.210  -84.406  -3.139 1.0000000000
4466  11.930  -84.795  -3.054 1.0000000000
4993  6.063  -84.500  -2.044 1.0000000000
8607  0.536  -77.916  -1.248 1.0000000000
8608  -0.627  -78.018  -1.523 1.0000000000
4455  10.891  -85.401  -3.046 1.0000000000
119224  11.383  -86.192  -2.832 1.0000000000
3915  10.000  -86.109  -2.982 1.0000000000
4994  5.161  -84.376  -1.850 1.0000000000
5481  5.080  -83.791  -1.200 1.0000000000
9301  -1.154  -78.334  -2.296 1.0000000000
5490  13.401  -83.982  -3.755 1.0000000000
4465  12.721  -85.257  -2.941 1.0000000000
5978  4.248  -82.062  -0.479 1.0000000000
8624  -0.727  -78.511  -3.693 1.0000000000
7935  0.028  -79.027  -5.100 1.0000000000
3905  13.129  -85.822  -2.983 1.0000000000
4453  12.638  -86.056  -2.793 1.0000000000
9328  -0.948  -78.342  -3.092 1.0000000000
112505  -0.204  -78.724  -5.629 1.0000000000
128021  13.720  -84.727  -3.906 1.0000000000
119385  13.467  -86.006  -4.343 1.0000000000
7213  3.401  -80.608  -1.474 1.0000000000
7934  1.514  -79.208  -4.693 1.0000000000
4488  13.418  -85.158  -5.556 1.0000000000
4503  4.556  -85.413  -6.677 1.0000000000
4504  3.701  -85.477  -6.771 1.0000000000
5039  3.111  -84.492  -6.999 1.0000000000
5040  2.174  -84.330  -6.896 1.0000000000
5043  -0.574  -84.401  -6.045 1.0000000000
4494  13.210  -84.413  -5.823 1.0000000000
5516  -2.112  -83.035  -5.005 1.0000000000
6035  -3.033  -81.844  -5.500 1.0000000000
126243  -3.611  -81.010  -6.967 1.0000000000
3963  6.487  -86.779  -6.685 1.0000000000
120753  4.379  -86.054  -6.661 1.0000000000
107478  -3.404  -80.819  -7.953 1.0000000000
7980  -3.109  -80.673  -9.867 1.0000000000
7328  -3.208  -80.267  -10.795 1.0000000000
4513  12.471  -85.673  -7.056 1.0000000000
7364  -3.607  -80.390  -12.054 1.0000000000
111028  -3.347  -79.635  -13.206 1.0000000000
9488  -3.835  -78.290  -15.258 1.0000000000
10240  -4.293  -76.730  -16.731 1.0000000000
125254  -4.445  -75.848  -16.414 1.0000000000
3983  11.916  -86.246  -7.901 1.0000000000
4004  9.045  -87.044  -8.066 1.0000000000
3406  8.131  -87.257  -7.743 1.0000000000
119091  -4.429  -75.966  -17.377 1.0000000000
12537  -4.422  -73.180  -19.169 0.8999999762
108310  -4.618  -74.823  -19.378 0.8000000119
115907  -4.458  -75.168  -17.044 1.0000000000
4002  11.555  -86.601  -8.338 1.0000000000
114531  10.804  -86.653  -9.056 1.0000000000
3422  9.229  -87.364  -9.170 1.0000000000
2903  8.565  -88.068  -9.541 1.0000000000
110239  -3.808  -72.362  -20.276 0.6999999881
11754  -3.954  -73.862  -19.987 0.8000000119
118050  10.024  -87.165  -10.186 1.0000000000
3430  9.212  -87.723  -10.133 1.0000000000
2443  7.522  -89.086  -11.120 1.0000000000
1987  5.250  -90.776  -11.355 1.0000000000
1531  4.704  -91.258  -12.073 1.0000000000
13374  -3.119  -71.748  -19.598 0.5000000000
120051  9.750  -87.390  -10.803 1.0000000000
2456  6.654  -89.789  -12.175 1.0000000000
107690  5.429  -90.729  -12.215 1.0000000000
1998  1.748  -90.797  -12.449 1.0000000000
2457  2.107  -89.356  -12.945 0.8999999762
2467  6.405  -90.058  -13.017 1.0000000000
2014  5.240  -90.943  -14.598 1.0000000000
1553  2.609  -91.302  -14.126 1.0000000000
2445  1.430  -89.406  -11.611 0.8000000119
1560  2.833  -91.251  -15.028 1.0000000000
2016  2.391  -90.989  -14.756 1.0000000000
2967  2.501  -89.232  -14.640 1.0000000000
112826  2.567  -88.881  -13.460 0.8999999762
2956  3.361  -88.283  -13.832 0.8000000119
2946  2.567  -88.723  -12.584 0.8000000119
3445  2.171  -87.593  -10.164 0.6000000238
3432  1.195  -87.470  -9.639 0.5000000000
123034  0.563  -85.954  -9.274 0.3000000119
4032  -0.700  -86.422  -10.843 0.2000000030
114441  4.701  -87.551  -15.634 0.6000000238
3479  4.398  -87.713  -13.646 0.6000000238
5072  0.581  -84.880  -9.744 0.2000000030
1593  12.352  -91.076  -23.065 0.5000000000
4132  6.561  -85.946  -19.298 0.8000000119
4117  6.888  -86.118  -18.333 0.6000000238
4092  6.172  -86.748  -16.815 0.6000000238
4077  5.635  -87.210  -15.110 0.5000000000
4550  0.172  -85.210  -10.827 0.2000000030
2064  13.017  -90.445  -23.817 0.6000000238
2551  12.431  -89.217  -23.536 0.5000000000
3049  11.410  -87.563  -23.773 0.5000000000
4159  9.437  -86.071  -23.481 0.4000000060
4149  8.808  -85.730  -22.919 0.6000000238
4674  9.227  -85.439  -22.357 0.4000000060
4669  7.470  -85.461  -21.003 0.6000000238
6550  0.961  -81.357  2.524 1.0000000000
7893  0.870  -79.214  0.631 1.0000000000
7892  1.901  -79.239  0.673 1.0000000000
4388  0.737  -85.402  3.522 1.0000000000
8582  1.470  -78.759  0.118 1.0000000000
113091  9.961  -83.467  -3.054 1.0000000000
5494  8.914  -83.646  -2.804 1.0000000000
119625  1.281  -77.617  -1.814 1.0000000000
9298  1.986  -77.278  -2.341 1.0000000000
5476  9.281  -82.723  -2.953 1.0000000000
5477  8.406  -83.044  -2.525 1.0000000000
5478  7.636  -83.300  -2.123 1.0000000000
127705  7.449  -84.045  -2.191 1.0000000000
5008  11.940  -83.857  -3.215 1.0000000000
5493  10.767  -82.919  -3.191 1.0000000000
5999  7.834  -82.497  -2.385 1.0000000000
5479  6.814  -83.720  -1.754 1.0000000000
9299  0.091  -77.622  -2.092 1.0000000000
9325  0.598  -77.146  -3.500 1.0000000000
5988  6.309  -82.908  -1.318 1.0000000000
5465  5.379  -83.058  -0.972 1.0000000000
9340  0.457  -77.084  -4.442 1.0000000000
9349  0.487  -77.208  -5.992 1.0000000000
5491  12.653  -83.429  -3.546 1.0000000000
6008  12.391  -82.607  -3.859 1.0000000000
6570  4.720  -81.457  -1.192 1.0000000000
9350  -0.344  -77.750  -5.729 1.0000000000
9361  -0.147  -77.929  -6.616 1.0000000000
9375  0.251  -78.161  -7.391 1.0000000000
5498  13.471  -83.604  -4.346 1.0000000000
122338  12.948  -82.789  -4.798 1.0000000000
7925  2.519  -79.489  -3.764 1.0000000000
8638  -0.261  -78.428  -6.128 1.0000000000
8644  -0.101  -78.679  -7.010 1.0000000000
6032  3.605  -82.622  -6.683 1.0000000000
120256  -0.218  -83.006  -4.207 1.0000000000
6020  -1.102  -81.954  -3.774 1.0000000000
7942  0.253  -79.161  -6.554 1.0000000000
124109  13.676  -84.473  -5.246 1.0000000000
120945  7.223  -83.610  -6.500 1.0000000000
113151  5.273  -84.386  -6.753 1.0000000000
5038  4.415  -83.975  -7.020 1.0000000000
107625  3.455  -83.591  -7.067 1.0000000000
5533  2.129  -83.364  -6.285 1.0000000000
5513  1.162  -83.266  -5.117 1.0000000000
5515  -1.138  -83.045  -4.588 1.0000000000
115139  -1.271  -81.688  -4.357 1.0000000000
5024  12.802  -83.642  -5.793 1.0000000000
5036  7.558  -84.322  -6.354 1.0000000000
122213  4.001  -84.626  -6.903 1.0000000000
5025  0.822  -83.921  -5.986 1.0000000000
6034  -2.499  -81.940  -4.935 1.0000000000
6610  -2.751  -81.450  -5.385 1.0000000000
5528  8.735  -83.702  -6.331 1.0000000000
107437  8.060  -84.940  -6.452 1.0000000000
4502  5.423  -85.398  -6.547 1.0000000000
7290  -3.194  -80.729  -6.863 1.0000000000
4496  11.578  -84.774  -6.789 1.0000000000
5526  11.702  -83.742  -6.000 1.0000000000
5034  9.793  -84.529  -6.568 1.0000000000
3962  7.322  -86.292  -6.742 1.0000000000
113579  6.401  -85.834  -6.467 1.0000000000
7296  -2.975  -80.527  -8.789 1.0000000000
7996  -2.833  -80.034  -10.147 1.0000000000
116508  -3.095  -79.595  -12.012 1.0000000000
5033  10.639  -84.188  -6.360 1.0000000000
4498  9.442  -85.172  -6.871 1.0000000000
8043  -3.237  -79.029  -13.275 1.0000000000
8739  -3.657  -78.517  -14.547 1.0000000000
9478  -4.156  -77.760  -14.715 1.0000000000
4514  12.015  -85.585  -7.517 1.0000000000
4516  10.035  -85.614  -7.332 1.0000000000
3961  8.211  -86.164  -7.033 1.0000000000
3386  7.070  -87.201  -7.056 1.0000000000
124780  -4.136  -77.717  -15.403 1.0000000000
10228  -4.402  -76.460  -15.746 1.0000000000
3984  10.673  -85.988  -7.939 1.0000000000
3985  9.680  -86.323  -7.811 1.0000000000
3987  7.803  -86.897  -7.239 1.0000000000
126606  -4.461  -75.131  -16.214 1.0000000000
4523  11.464  -86.052  -7.974 1.0000000000
3421  9.994  -86.765  -8.675 1.0000000000
13356  -4.068  -71.269  -19.715 0.5000000000
2008  2.089  -90.834  -14.075 1.0000000000
2469  1.922  -90.402  -13.185 0.8999999762
14132  -2.881  -71.050  -19.074 0.4000000060
2918  2.096  -88.198  -11.154 0.6999999881
116274  4.777  -87.126  -10.846 0.3000000119
3452  4.281  -87.615  -11.309 0.3000000119
3478  5.148  -87.320  -13.629 0.3000000119
112444  4.426  -87.667  -12.071 0.4000000060
3574  11.330  -86.993  -23.628 0.4000000060
4076  6.411  -86.842  -15.660 0.3000000119
4064  6.474  -86.753  -14.635 0.2000000030
122455  8.039  -85.400  -18.178 0.3000000119
4108  7.489  -85.941  -17.675 0.4000000060
3568  12.054  -87.688  -23.092 0.4000000060
4658  7.420  -85.532  -19.737 0.6000000238
7196  1.479  -80.115  1.678 1.0000000000
6541  1.320  -82.054  3.072 1.0000000000
5959  1.106  -82.954  3.426 1.0000000000
4377  1.046  -85.507  4.388 1.0000000000
8581  2.478  -78.782  0.185 1.0000000000
7877  2.210  -79.694  1.279 1.0000000000
4365  -0.801  -85.501  5.094 1.0000000000
114366  1.676  -77.935  -1.028 1.0000000000
115025  2.340  -77.684  -1.581 1.0000000000
118210  10.894  -82.136  -3.414 1.0000000000
5998  8.534  -82.382  -2.772 1.0000000000
9347  2.829  -76.754  -5.210 1.0000000000
9324  2.337  -76.827  -3.658 1.0000000000
6010  9.938  -82.065  -3.255 1.0000000000
6011  9.072  -81.895  -3.125 1.0000000000
6000  7.101  -82.681  -1.836 1.0000000000
9358  3.284  -76.978  -7.013 1.0000000000
107739  2.518  -76.839  -6.178 1.0000000000
6009  11.756  -82.192  -3.710 1.0000000000
6588  7.230  -81.254  -3.002 1.0000000000
126405  6.696  -81.427  -2.464 1.0000000000
6569  6.463  -81.934  -1.723 1.0000000000
107862  5.558  -81.644  -1.510 1.0000000000
9359  1.925  -77.107  -7.023 1.0000000000
9360  0.713  -77.420  -6.918 1.0000000000
6604  12.194  -81.889  -4.746 1.0000000000
6578  5.971  -81.162  -2.346 1.0000000000
6579  5.124  -80.980  -2.051 1.0000000000
7224  3.737  -80.226  -2.388 1.0000000000
8652  1.957  -78.101  -8.390 1.0000000000
8653  0.822  -78.408  -8.103 1.0000000000
8663  1.503  -78.797  -8.804 1.0000000000
8664  0.893  -79.085  -8.437 1.0000000000
126258  3.954  -79.980  -3.162 1.0000000000
7978  2.272  -79.754  -10.381 1.0000000000
7979  1.504  -80.010  -9.673 1.0000000000
7362  0.556  -80.044  -12.291 1.0000000000
8712  -0.265  -78.353  -12.937 1.0000000000
5509  12.875  -82.948  -5.233 1.0000000000
7960  1.086  -79.653  -8.192 1.0000000000
8724  -1.667  -77.797  -13.418 1.0000000000
112111  9.236  -82.968  -6.307 1.0000000000
110765  8.401  -82.783  -6.472 1.0000000000
108424  7.402  -82.637  -6.796 1.0000000000
124186  5.547  -82.881  -7.167 1.0000000000
5512  2.270  -82.808  -5.305 1.0000000000
5499  1.724  -82.826  -4.220 1.0000000000
6019  -0.051  -82.245  -3.659 1.0000000000
7287  1.283  -80.113  -7.442 1.0000000000
109376  7.914  -83.592  -6.384 1.0000000000
6600  -0.418  -81.805  -3.827 1.0000000000
112105  10.741  -83.386  -6.070 1.0000000000
6626  -1.776  -81.166  -6.189 1.0000000000
7289  -2.922  -80.505  -7.772 1.0000000000
7295  -2.441  -80.540  -8.696 1.0000000000
7995  -2.494  -79.760  -10.848 1.0000000000
8013  -2.090  -79.408  -12.019 1.0000000000
8725  -3.524  -78.351  -13.806 1.0000000000
9479  -4.362  -77.049  -14.473 1.0000000000
111658  -4.673  -73.794  -17.143 0.8999999762
10965  -4.477  -75.575  -15.566 1.0000000000
106363  -4.649  -73.481  -18.081 0.8999999762
12522  -4.536  -72.429  -18.444 0.8999999762
14959  -4.076  -69.938  -18.605 0.6000000238
115880  2.415  -80.859  2.560 1.0000000000
6540  2.125  -81.824  3.347 1.0000000000
7186  1.633  -80.716  2.315 1.0000000000
119845  1.759  -83.239  4.040 1.0000000000
5438  1.522  -83.891  4.076 1.0000000000
8592  3.130  -78.391  -0.460 1.0000000000
7891  2.799  -79.243  0.782 1.0000000000
9309  3.601  -77.225  -2.730 1.0000000000
9297  3.000  -77.402  -2.126 1.0000000000
10100  3.886  -76.675  -4.858 1.0000000000
10116  3.774  -76.765  -5.962 1.0000000000
7231  10.304  -80.760  -4.293 1.0000000000
115382  8.072  -81.779  -2.970 1.0000000000
9384  4.178  -77.720  -8.592 1.0000000000
9372  3.758  -77.468  -7.875 1.0000000000
121241  10.682  -81.360  -3.785 1.0000000000
6589  6.430  -80.844  -3.128 1.0000000000
126531  5.936  -80.776  -2.944 1.0000000000
9385  3.228  -77.927  -8.516 1.0000000000
8671  2.942  -79.098  -10.080 1.0000000000
8697  2.283  -79.105  -11.617 1.0000000000
6592  11.711  -81.424  -4.633 1.0000000000
114964  4.653  -80.361  -2.831 1.0000000000
8672  2.070  -79.314  -9.537 1.0000000000
7323  2.168  -79.950  -11.153 1.0000000000
8710  1.533  -78.844  -12.184 1.0000000000
9448  0.367  -77.928  -12.448 1.0000000000
7941  1.717  -79.814  -6.062 1.0000000000
8011  1.683  -79.722  -11.853 1.0000000000
8711  0.717  -78.642  -12.529 1.0000000000
6030  12.134  -82.235  -5.471 1.0000000000
113089  0.814  -81.045  -10.303 1.0000000000
6674  0.242  -81.127  -11.129 1.0000000000
7363  -0.095  -79.716  -12.518 1.0000000000
6618  10.876  -81.744  -6.146 1.0000000000
6619  10.125  -81.428  -6.302 1.0000000000
109836  8.602  -81.014  -6.845 1.0000000000
6620  7.771  -80.756  -7.050 1.0000000000
6047  5.530  -82.018  -7.271 1.0000000000
120773  3.619  -82.237  -5.647 1.0000000000
6017  2.491  -82.422  -4.447 1.0000000000
110855  2.106  -82.207  -3.866 1.0000000000
7294  0.905  -80.711  -8.706 1.0000000000
5510  12.267  -82.974  -5.639 1.0000000000
6042  11.398  -82.540  -5.904 1.0000000000
106490  -0.866  -81.309  -5.398 1.0000000000
5527  9.744  -83.748  -6.291 1.0000000000
6625  -0.513  -81.289  -6.708 1.0000000000
6632  -1.396  -81.283  -7.331 1.0000000000
127473  -1.772  -80.961  -8.497 1.0000000000
7326  -1.723  -80.230  -10.437 1.0000000000
8714  -2.260  -78.351  -13.523 1.0000000000
9465  -3.695  -77.677  -13.792 1.0000000000
10216  -4.466  -76.239  -14.767 1.0000000000
12495  -4.634  -73.636  -15.200 1.0000000000
122246  -4.553  -74.370  -14.765 1.0000000000
106572  -4.802  -72.160  -17.505 1.0000000000
14117  -4.817  -69.952  -18.043 0.6999999881
123134  -3.288  -69.173  -16.999 0.5000000000
6548  3.073  -81.090  2.760 1.0000000000
123155  2.490  -81.338  2.966 1.0000000000
5952  2.278  -83.043  4.298 1.0000000000
8591  4.035  -78.621  -0.221 1.0000000000
7876  3.098  -79.750  1.374 1.0000000000
5432  2.070  -83.885  4.768 1.0000000000
8606  3.337  -77.862  -1.338 1.0000000000
8580  3.377  -78.850  0.268 1.0000000000
4921  1.615  -84.871  4.678 1.0000000000
116085  4.089  -77.074  -3.270 1.0000000000
9296  3.903  -77.569  -2.075 1.0000000000
4907  -1.341  -84.747  5.809 0.8999999762
9338  4.813  -76.699  -4.539 1.0000000000
10115  4.878  -76.769  -6.404 1.0000000000
7232  9.378  -80.646  -4.275 1.0000000000
7247  7.741  -80.417  -4.541 1.0000000000
10130  4.925  -76.948  -7.258 1.0000000000
9396  4.130  -77.938  -9.645 1.0000000000
113927  7.043  -80.681  -3.824 1.0000000000
10183  3.410  -77.152  -10.517 1.0000000000
9428  1.956  -78.005  -11.820 1.0000000000
7924  3.492  -79.879  -3.742 1.0000000000
9410  0.595  -77.107  -11.133 1.0000000000
9429  1.013  -77.559  -11.890 1.0000000000
9430  0.108  -77.369  -11.996 1.0000000000
9449  -0.544  -77.604  -12.763 1.0000000000
7271  10.817  -81.115  -6.089 1.0000000000
7244  10.706  -80.577  -4.914 1.0000000000
119989  -1.215  -77.247  -12.507 1.0000000000
9433  -2.971  -77.127  -12.534 1.0000000000
110286  -3.571  -76.856  -11.350 1.0000000000
6617  11.440  -81.610  -5.806 1.0000000000
122331  7.928  -80.245  -6.583 1.0000000000
7259  6.474  -80.145  -5.923 1.0000000000
7260  5.600  -80.588  -5.960 1.0000000000
9451  -2.204  -77.402  -13.250 1.0000000000
7276  5.470  -80.985  -6.728 1.0000000000
6606  4.988  -81.192  -6.079 1.0000000000
6015  3.976  -81.821  -5.232 1.0000000000
7288  0.948  -80.648  -7.881 1.0000000000
6645  0.210  -81.329  -9.697 1.0000000000
6599  0.653  -81.711  -3.840 1.0000000000
6609  0.045  -81.392  -4.529 1.0000000000
7343  -0.153  -80.458  -11.874 1.0000000000
6631  -0.372  -81.450  -7.848 1.0000000000
9464  -2.704  -77.820  -13.451 1.0000000000
9452  -3.305  -77.343  -13.275 1.0000000000
9466  -4.181  -77.401  -14.074 1.0000000000
10209  -4.389  -76.590  -13.840 1.0000000000
111682  -4.711  -72.808  -14.789 1.0000000000
12473  -4.557  -73.701  -14.232 1.0000000000
10938  -4.521  -75.642  -14.013 1.0000000000
14075  -4.998  -71.390  -14.449 0.8999999762
14940  -4.596  -69.886  -15.509 0.8999999762
14950  -4.098  -69.760  -16.929 0.6999999881
7900  4.950  -78.933  0.038 1.0000000000
7875  4.010  -79.837  1.405 1.0000000000
5951  3.089  -82.869  4.523 1.0000000000
112412  6.322  -78.549  -1.481 1.0000000000
7899  6.099  -79.201  -0.031 1.0000000000
7194  3.426  -80.271  1.920 1.0000000000
4905  2.601  -84.376  6.394 1.0000000000
8590  5.674  -78.741  -0.753 1.0000000000
8605  4.409  -78.017  -1.552 1.0000000000
5420  2.015  -84.823  5.698 1.0000000000
119839  6.923  -78.320  -2.248 1.0000000000
121079  5.407  -77.463  -3.027 1.0000000000
123337  4.516  -77.411  -2.713 1.0000000000
118293  1.510  -85.559  6.460 1.0000000000
4876  -0.887  -84.401  7.181 1.0000000000
10098  5.506  -76.692  -5.140 1.0000000000
9322  4.962  -77.000  -3.629 1.0000000000
4892  -1.658  -84.413  6.650 0.8999999762
5410  -1.969  -84.818  6.869 0.8999999762
10144  5.569  -76.787  -7.831 1.0000000000
5397  -2.216  -84.926  7.661 0.6999999881
7235  6.265  -80.368  -4.048 1.0000000000
10155  4.938  -76.164  -9.238 1.0000000000
10184  2.479  -76.767  -10.557 1.0000000000
7237  5.148  -80.290  -3.802 1.0000000000
7238  4.357  -80.135  -3.756 1.0000000000
124994  1.699  -76.570  -10.285 1.0000000000
10186  0.021  -76.897  -10.219 1.0000000000
7245  9.913  -80.354  -5.071 1.0000000000
7246  8.745  -80.246  -5.193 1.0000000000
9412  -1.391  -77.165  -10.705 1.0000000000
9411  -0.397  -77.150  -10.961 1.0000000000
7258  7.597  -80.044  -5.789 1.0000000000
7248  6.801  -80.233  -4.807 1.0000000000
106538  5.908  -80.313  -4.975 1.0000000000
119402  -1.728  -77.147  -11.613 1.0000000000
121249  10.092  -80.822  -6.159 1.0000000000
7273  8.572  -80.551  -6.568 1.0000000000
6594  5.170  -80.643  -5.161 1.0000000000
6596  3.995  -81.317  -4.744 1.0000000000
6597  3.326  -81.375  -4.504 1.0000000000
7252  2.950  -80.644  -4.417 1.0000000000
9415  -3.804  -76.762  -10.545 1.0000000000
6016  3.336  -82.050  -4.786 1.0000000000
120951  2.625  -81.554  -4.246 1.0000000000
7262  1.995  -80.365  -5.622 1.0000000000
7278  1.116  -80.557  -6.944 1.0000000000
6608  0.582  -81.021  -6.053 1.0000000000
6624  0.436  -81.086  -7.343 1.0000000000
6660  -0.211  -81.288  -10.297 1.0000000000
8713  -1.129  -78.313  -13.348 1.0000000000
6646  -0.622  -81.430  -9.373 1.0000000000
7325  -0.660  -80.815  -10.912 1.0000000000
8012  -0.889  -79.588  -12.406 1.0000000000
6661  -1.093  -80.988  -9.951 1.0000000000
7344  -1.362  -80.002  -11.452 1.0000000000
10933  -4.545  -75.743  -12.724 1.0000000000
13291  -4.682  -72.587  -13.953 1.0000000000
11684  -4.512  -74.710  -14.103 1.0000000000
125665  -4.867  -72.196  -14.579 1.0000000000
120839  -4.983  -69.591  -13.855 0.8999999762
16598  -3.851  -68.703  -14.542 0.6000000238
7874  5.082  -79.989  1.489 1.0000000000
7183  4.474  -81.092  2.523 1.0000000000
6539  3.065  -81.673  3.347 1.0000000000
5431  2.795  -83.513  5.035 1.0000000000
107325  4.021  -81.833  3.481 1.0000000000
9307  7.585  -78.062  -3.040 1.0000000000
112829  7.395  -78.786  -1.611 1.0000000000
4891  1.757  -85.280  7.241 1.0000000000
4317  0.845  -85.362  7.901 0.8999999762
9320  7.294  -77.582  -3.794 1.0000000000
9308  6.343  -77.815  -2.880 1.0000000000
4875  -0.353  -84.200  7.903 1.0000000000
10127  7.301  -75.727  -6.295 1.0000000000
9336  7.045  -77.064  -4.686 1.0000000000
5395  -1.188  -83.841  7.689 1.0000000000
5931  -1.819  -84.351  7.768 1.0000000000
10881  6.514  -75.388  -7.302 1.0000000000
10128  6.828  -75.872  -6.915 1.0000000000
5917  -2.055  -83.905  8.246 0.8000000119
5901  -2.293  -83.120  8.774 0.6000000238
10894  4.369  -75.635  -8.935 1.0000000000
10908  2.790  -75.948  -9.251 1.0000000000
115345  0.393  -76.542  -9.616 1.0000000000
10172  -0.431  -76.665  -9.392 1.0000000000
10173  -1.444  -76.929  -9.139 1.0000000000
9398  -1.963  -77.186  -9.722 1.0000000000
9399  -2.791  -77.080  -9.462 1.0000000000
122674  5.022  -80.514  -4.635 1.0000000000
7277  1.505  -80.154  -6.518 1.0000000000
9413  -2.392  -77.215  -10.448 1.0000000000
7250  4.544  -80.592  -4.452 1.0000000000
7251  3.738  -80.503  -4.250 1.0000000000
117820  2.076  -79.628  -5.295 1.0000000000
10174  -3.870  -76.242  -9.482 1.0000000000
10928  -4.456  -75.808  -11.258 1.0000000000
107200  -4.366  -76.193  -12.100 1.0000000000
9434  -3.910  -76.801  -12.412 1.0000000000
6630  0.394  -81.236  -8.284 1.0000000000
12434  -4.458  -73.455  -12.514 1.0000000000
11671  -4.473  -74.260  -12.904 1.0000000000
111609  -4.496  -74.956  -12.621 1.0000000000
13269  -4.543  -72.655  -12.992 1.0000000000
14060  -4.821  -71.747  -13.408 0.8999999762
7192  5.219  -80.738  2.167 1.0000000000
6538  4.920  -81.941  3.529 1.0000000000
5950  3.964  -82.734  4.705 1.0000000000
5943  3.552  -83.199  5.294 1.0000000000
5408  2.999  -83.924  7.105 1.0000000000
7888  5.546  -79.533  0.701 1.0000000000
5955  4.430  -82.270  4.153 1.0000000000
5393  2.525  -83.977  7.975 1.0000000000
7905  9.519  -79.192  -0.623 1.0000000000
8613  9.524  -78.184  -2.401 1.0000000000
8615  8.006  -78.537  -2.443 1.0000000000
7898  7.166  -79.521  -0.113 1.0000000000
7887  6.589  -79.779  0.580 1.0000000000
4859  1.717  -84.201  8.380 1.0000000000
5380  0.417  -83.818  8.336 1.0000000000
10070  9.650  -76.963  -1.136 1.0000000000
9304  9.676  -77.442  -2.690 1.0000000000
9305  9.096  -77.792  -3.196 1.0000000000
9318  8.789  -77.206  -4.024 1.0000000000
9335  8.119  -77.261  -4.462 1.0000000000
5394  -0.402  -83.191  8.104 1.0000000000
10799  8.534  -75.831  -2.126 1.0000000000
10083  9.441  -76.587  -2.532 1.0000000000
112916  8.900  -76.576  -4.226 1.0000000000
10111  8.179  -76.164  -5.255 1.0000000000
10096  7.922  -76.723  -5.133 1.0000000000
10809  8.351  -75.416  -3.046 1.0000000000
10828  8.035  -75.013  -3.800 1.0000000000
11593  7.531  -74.840  -5.534 1.0000000000
11610  6.609  -74.762  -6.759 1.0000000000
6509  -1.798  -82.750  8.473 0.8999999762
6492  -2.147  -81.961  8.676 0.8000000119
122253  7.609  -75.383  -2.349 1.0000000000
11558  6.986  -74.640  -3.775 1.0000000000
111348  6.566  -74.399  -4.533 1.0000000000
11612  4.779  -74.406  -6.776 1.0000000000
11623  5.392  -75.029  -7.943 1.0000000000
10896  2.560  -75.661  -8.583 1.0000000000
11625  2.768  -75.028  -6.915 1.0000000000
123490  3.579  -74.993  -7.468 1.0000000000
10897  1.159  -75.994  -8.437 1.0000000000
10158  -1.868  -76.688  -8.293 1.0000000000
9376  -2.716  -76.546  -7.995 1.0000000000
9389  -3.266  -76.333  -9.112 1.0000000000
121892  -4.197  -74.636  -9.345 1.0000000000
11653  -4.441  -74.583  -10.692 1.0000000000
120816  -4.472  -74.122  -11.305 1.0000000000
120004  -4.502  -74.344  -12.070 1.0000000000
14888  -5.067  -70.569  -11.886 0.8999999762
15736  -4.867  -68.784  -13.357 0.8000000119
6536  6.270  -81.311  3.269 1.0000000000
127109  5.850  -81.835  4.369 1.0000000000
6533  5.332  -82.165  4.393 1.0000000000
5941  5.016  -82.469  5.794 1.0000000000
5407  3.686  -83.336  7.002 1.0000000000
7885  8.386  -79.759  0.393 1.0000000000
7190  7.406  -80.416  1.804 1.0000000000
6545  5.356  -81.460  2.856 1.0000000000
5377  2.714  -83.175  8.223 1.0000000000
5378  2.107  -83.392  8.449 1.0000000000
7869  9.289  -79.180  1.068 1.0000000000
7906  8.993  -79.270  -1.211 1.0000000000
7886  7.561  -79.921  0.510 1.0000000000
7191  6.616  -80.501  1.771 1.0000000000
9292  9.475  -77.238  -0.162 1.0000000000
111569  10.077  -78.062  -0.386 1.0000000000
5900  0.601  -82.722  8.216 1.0000000000
9282  8.387  -76.740  0.766 1.0000000000
10071  8.966  -76.626  -0.813 1.0000000000
127349  -1.142  -81.429  7.749 0.8999999762
6508  -1.273  -82.456  8.164 0.8999999762
7119  -2.550  -80.884  8.736 0.8000000119
10800  7.162  -75.790  -1.493 1.0000000000
11559  5.940  -74.524  -3.786 1.0000000000
11578  5.043  -74.339  -4.833 1.0000000000
113978  4.071  -74.442  -6.003 1.0000000000
11626  1.887  -75.168  -6.710 1.0000000000
110638  6.622  -75.299  -2.262 1.0000000000
11542  6.276  -74.876  -3.027 1.0000000000
11543  5.264  -74.879  -3.104 1.0000000000
10884  1.961  -75.330  -7.374 1.0000000000
10885  0.433  -75.549  -7.165 1.0000000000
10873  -0.338  -75.585  -6.575 1.0000000000
108404  -2.204  -76.484  -7.333 1.0000000000
10132  -2.116  -76.245  -6.378 1.0000000000
10146  -2.608  -76.501  -7.227 1.0000000000
123234  -3.032  -76.115  -8.378 1.0000000000
10910  -4.046  -75.504  -9.116 1.0000000000
10899  -3.646  -75.471  -8.162 1.0000000000
13255  -4.493  -72.602  -12.153 1.0000000000
5940  5.526  -81.945  6.002 1.0000000000
5930  4.330  -82.720  6.957 1.0000000000
5897  3.185  -82.600  8.196 1.0000000000
7871  7.994  -80.074  1.171 1.0000000000
7182  6.892  -80.792  2.915 1.0000000000
6531  6.372  -81.399  4.353 1.0000000000
6528  5.873  -81.234  6.153 1.0000000000
6501  4.954  -81.413  7.260 1.0000000000
5896  3.770  -81.997  8.134 1.0000000000
6489  2.113  -82.036  8.318 1.0000000000
7870  8.892  -79.280  1.796 1.0000000000
122310  8.452  -79.750  1.502 1.0000000000
117340  8.036  -79.764  3.067 1.0000000000
6504  2.534  -81.406  8.020 1.0000000000
116131  9.333  -77.642  1.901 1.0000000000
8568  9.360  -78.568  1.521 1.0000000000
6490  1.288  -82.117  8.130 1.0000000000
7134  0.097  -80.958  7.204 1.0000000000
5915  -0.221  -82.356  7.896 1.0000000000
7137  -2.292  -80.503  7.980 0.8000000119
9283  7.398  -76.596  0.810 1.0000000000
10080  7.150  -76.245  -0.506 1.0000000000
10792  6.268  -76.121  -0.813 1.0000000000
11579  4.196  -74.547  -4.358 1.0000000000
108699  3.394  -74.642  -5.304 1.0000000000
11613  3.114  -74.734  -6.082 1.0000000000
11598  1.582  -75.063  -5.447 1.0000000000
10872  0.564  -75.326  -6.422 1.0000000000
10073  6.182  -76.251  0.010 1.0000000000
10811  5.541  -75.295  -2.310 1.0000000000
11580  2.858  -74.878  -4.603 1.0000000000
11597  2.496  -74.881  -5.346 1.0000000000
10801  5.888  -75.725  -1.464 1.0000000000
123380  4.705  -75.521  -1.413 1.0000000000
11544  4.330  -74.993  -3.099 1.0000000000
10860  -0.020  -75.362  -5.076 1.0000000000
10861  -0.643  -75.544  -5.743 1.0000000000
108091  -3.744  -74.716  -7.781 1.0000000000
10135  -2.897  -75.674  -6.966 1.0000000000
13227  -4.299  -72.507  -9.375 1.0000000000
7815  6.567  -80.076  5.784 1.0000000000
115726  5.557  -79.986  6.673 1.0000000000
8537  8.939  -78.415  3.576 1.0000000000
8538  8.377  -78.853  4.272 1.0000000000
7833  7.710  -79.263  4.796 1.0000000000
7172  7.302  -80.015  4.322 1.0000000000
6527  6.361  -80.937  5.481 1.0000000000
7148  5.414  -80.720  6.882 1.0000000000
6502  4.235  -81.395  7.697 1.0000000000
7132  2.974  -80.780  7.556 1.0000000000
9236  9.020  -77.449  4.078 1.0000000000
7849  8.476  -79.190  3.545 1.0000000000
6505  1.558  -81.501  7.829 1.0000000000
9237  9.071  -77.082  3.463 1.0000000000
8552  9.206  -78.319  2.522 1.0000000000
10012  8.455  -76.629  2.752 1.0000000000
10011  9.032  -76.723  3.918 1.0000000000
114923  9.097  -76.933  2.485 1.0000000000
7152  0.536  -80.471  6.738 1.0000000000
9250  7.876  -76.398  2.017 1.0000000000
9267  8.661  -76.757  1.635 1.0000000000
7153  -0.262  -80.323  6.654 0.8999999762
7135  -0.712  -80.839  7.338 0.8999999762
7136  -1.462  -80.720  7.615 0.8999999762
127203  6.917  -75.850  1.895 1.0000000000
7155  -2.050  -80.119  7.216 0.8999999762
9268  7.070  -76.117  1.453 1.0000000000
112834  4.052  -74.750  -3.694 1.0000000000
11581  1.868  -75.061  -4.499 1.0000000000
11582  0.914  -75.188  -4.768 1.0000000000
110426  6.352  -76.175  0.919 1.0000000000
10793  5.412  -76.004  -0.589 1.0000000000
10813  3.705  -75.244  -2.112 1.0000000000
11545  3.466  -75.101  -3.084 1.0000000000
11562  2.398  -75.081  -3.827 1.0000000000
10074  5.421  -76.002  0.329 1.0000000000
10802  3.672  -75.232  -1.061 1.0000000000
116537  2.873  -75.243  -2.408 1.0000000000
11546  2.655  -75.203  -3.114 1.0000000000
11563  1.710  -75.185  -3.623 1.0000000000
10848  -0.663  -75.451  -4.219 1.0000000000
112839  -0.864  -75.583  -5.013 1.0000000000
10814  2.134  -75.201  -2.219 1.0000000000
11564  1.078  -75.239  -3.779 1.0000000000
10118  -2.080  -76.027  -5.699 1.0000000000
10134  -2.420  -76.018  -6.694 1.0000000000
8510  5.970  -78.836  6.316 1.0000000000
7801  4.461  -79.602  6.577 1.0000000000
7814  7.306  -78.874  5.602 1.0000000000
7817  4.519  -78.848  5.930 1.0000000000
120928  3.747  -79.846  6.576 1.0000000000
114223  3.397  -80.292  6.950 1.0000000000
121533  8.750  -78.112  4.437 1.0000000000
9211  7.801  -77.449  5.765 1.0000000000
111447  5.736  -78.042  6.217 1.0000000000
117511  4.932  -78.026  5.662 1.0000000000
8519  3.611  -78.902  5.112 1.0000000000
7802  2.998  -79.817  6.236 1.0000000000
7151  2.455  -80.287  6.737 1.0000000000
115777  1.969  -80.845  7.318 1.0000000000
10704  8.532  -75.918  5.022 1.0000000000
9226  8.656  -77.473  4.980 1.0000000000
9979  6.468  -76.300  6.081 1.0000000000
9213  6.268  -77.537  6.227 1.0000000000
7835  1.874  -79.597  4.764 1.0000000000
7820  1.151  -79.952  5.467 1.0000000000
7164  0.473  -80.103  6.101 1.0000000000
10737  8.933  -76.234  3.571 1.0000000000
7821  0.224  -80.011  5.120 1.0000000000
7165  -0.218  -80.035  5.871 1.0000000000
10751  8.557  -76.017  2.848 1.0000000000
7804  -1.825  -79.867  6.315 0.8999999762
11486  7.824  -75.634  1.951 1.0000000000
10768  6.805  -75.676  1.466 1.0000000000
112699  7.082  -74.920  1.506 1.0000000000
7805  -2.797  -79.600  6.613 0.8999999762
10046  6.632  -75.865  1.294 1.0000000000
11487  6.036  -74.889  1.049 1.0000000000
11508  5.199  -74.507  0.535 1.0000000000
11509  4.534  -74.419  0.052 1.0000000000
10778  4.693  -74.908  0.171 1.0000000000
7806  -3.733  -79.248  6.776 0.8999999762
10057  5.743  -75.722  0.861 1.0000000000
10058  5.093  -75.509  0.474 1.0000000000
10779  4.116  -74.582  -0.243 1.0000000000
10796  2.961  -75.021  -0.999 1.0000000000
10794  4.600  -75.511  -0.297 1.0000000000
10795  3.898  -74.954  -0.528 1.0000000000
10803  2.313  -74.849  -1.562 1.0000000000
12364  -3.666  -73.726  -6.692 1.0000000000
10104  -2.641  -75.155  -5.364 1.0000000000
10102  -2.155  -75.471  -4.852 1.0000000000
117960  -4.510  -71.176  -9.764 0.8999999762
106725  -3.954  -72.923  -7.204 1.0000000000
11600  -3.302  -74.751  -5.719 1.0000000000
14010  -4.267  -71.593  -8.371 1.0000000000
9214  5.303  -77.217  5.729 1.0000000000
8528  4.181  -78.217  5.024 1.0000000000
8529  3.521  -78.353  4.327 1.0000000000
7819  2.788  -79.405  5.282 1.0000000000
8531  2.268  -79.175  4.009 1.0000000000
11440  7.393  -74.616  5.166 1.0000000000
10706  7.024  -75.700  5.879 1.0000000000
9980  5.566  -76.329  5.712 1.0000000000
9227  4.513  -77.463  4.913 1.0000000000
9228  3.981  -77.780  4.371 1.0000000000
8539  2.818  -78.413  3.595 1.0000000000
11439  8.198  -74.445  4.609 1.0000000000
10722  8.076  -75.185  5.123 1.0000000000
7850  1.422  -79.364  3.860 1.0000000000
120359  0.186  -79.796  4.327 1.0000000000
11468  9.558  -74.677  2.642 1.0000000000
10735  9.131  -75.311  3.139 1.0000000000
7853  -1.483  -79.509  3.689 1.0000000000
7838  -1.046  -79.753  4.455 1.0000000000
7823  -1.629  -79.757  5.242 0.8999999762
11467  10.216  -74.228  2.232 1.0000000000
11485  8.912  -74.717  1.885 1.0000000000
114050  8.009  -74.935  1.883 1.0000000000
7839  -2.599  -79.518  4.671 0.8999999762
7824  -2.631  -79.542  5.628 0.8999999762
11505  9.101  -74.232  1.110 1.0000000000
11506  7.847  -74.314  1.233 1.0000000000
109989  5.843  -74.185  0.751 1.0000000000
7840  -3.526  -79.252  4.125 0.8999999762
7825  -3.643  -79.231  5.873 0.8999999762
11504  10.119  -74.202  0.895 1.0000000000
11507  6.645  -74.177  1.044 1.0000000000
12278  5.490  -73.678  0.332 1.0000000000
11529  4.082  -74.085  -0.246 1.0000000000
121285  -4.218  -78.305  5.050 0.8999999762
12304  2.913  -73.953  -0.819 1.0000000000
11531  2.611  -74.493  -1.124 1.0000000000
10830  1.229  -75.240  -2.947 1.0000000000
10831  0.392  -75.267  -2.933 1.0000000000
10850  -1.975  -75.350  -4.017 1.0000000000
10835  -2.390  -74.680  -3.435 1.0000000000
13186  -4.120  -72.071  -6.953 1.0000000000
111746  -3.649  -73.889  -5.846 1.0000000000
10851  -2.872  -74.742  -4.607 1.0000000000
13992  -4.253  -71.422  -7.570 1.0000000000
115793  -4.050  -72.257  -5.525 1.0000000000
11565  -3.080  -74.147  -3.578 1.0000000000
107372  -4.349  -69.957  -8.032 0.8999999762
16506  -4.346  -68.201  -7.541 0.8000000119
11423  6.718  -75.005  5.519 1.0000000000
10707  6.098  -75.587  5.728 1.0000000000
9981  4.708  -76.545  4.842 1.0000000000
10014  3.636  -76.845  3.425 1.0000000000
9239  3.075  -77.535  3.066 1.0000000000
8540  1.874  -78.767  3.254 1.0000000000
12242  8.054  -73.590  4.210 1.0000000000
12232  7.273  -73.859  4.718 1.0000000000
113359  5.089  -74.919  4.771 1.0000000000
10724  4.480  -75.553  4.326 1.0000000000
109617  3.834  -75.925  3.587 1.0000000000
9251  2.566  -77.190  2.545 1.0000000000
9240  2.288  -77.987  2.787 1.0000000000
8554  0.559  -78.638  2.614 1.0000000000
8541  0.090  -79.052  3.117 1.0000000000
7852  -0.418  -79.567  3.803 1.0000000000
12255  9.945  -73.970  3.011 1.0000000000
11453  9.307  -74.759  3.390 1.0000000000
10047  1.616  -76.757  1.673 1.0000000000
8553  1.339  -78.276  2.467 1.0000000000
11503  10.909  -74.154  0.635 1.0000000000
11483  10.668  -74.152  1.494 1.0000000000
8555  -0.178  -78.595  2.426 1.0000000000
8542  -0.977  -79.041  2.935 1.0000000000
8557  -2.845  -78.828  2.270 1.0000000000
8544  -3.188  -79.151  3.170 0.8999999762
8545  -3.993  -78.956  3.373 0.8999999762
121289  11.102  -74.147  -0.080 1.0000000000
11528  10.413  -73.955  0.052 1.0000000000
12297  9.430  -73.821  0.274 1.0000000000
12275  8.343  -73.677  0.478 1.0000000000
12277  6.322  -73.528  0.480 1.0000000000
12300  5.906  -72.867  0.125 1.0000000000
12301  5.050  -73.010  0.051 1.0000000000
106501  9.815  -73.527  -0.516 1.0000000000
13098  7.769  -72.562  -0.595 1.0000000000
12299  6.898  -72.783  0.019 1.0000000000
128007  6.305  -72.373  -0.365 1.0000000000
13100  5.550  -72.385  -0.437 1.0000000000
12302  4.333  -73.333  -0.314 1.0000000000
12315  3.015  -73.228  -0.855 1.0000000000
13114  8.619  -72.409  -1.265 1.0000000000
13099  6.961  -72.105  -0.711 1.0000000000
12316  2.365  -73.687  -1.190 1.0000000000
10804  1.621  -74.839  -1.826 1.0000000000
10805  1.098  -74.775  -1.962 1.0000000000
113643  0.229  -74.949  -2.382 1.0000000000
10817  -0.554  -75.125  -2.682 1.0000000000
10818  -1.647  -75.182  -2.936 1.0000000000
10820  -2.625  -74.332  -3.166 1.0000000000
15653  -4.319  -69.446  -6.339 1.0000000000
15669  -4.328  -69.773  -7.205 1.0000000000
125462  -4.133  -71.563  -5.524 1.0000000000
12346  -3.885  -73.164  -4.440 1.0000000000
118111  -4.335  -69.039  -7.118 0.8999999762
13056  7.821  -72.800  3.812 1.0000000000
12243  6.349  -72.894  3.949 1.0000000000
12244  5.599  -72.987  3.856 1.0000000000
12233  5.179  -73.630  4.100 1.0000000000
10738  3.933  -75.053  3.630 1.0000000000
13859  10.392  -72.223  2.575 1.0000000000
13860  9.528  -71.833  2.803 1.0000000000
13055  8.931  -73.293  3.618 1.0000000000
13050  7.113  -73.141  4.194 1.0000000000
108092  6.207  -73.525  4.428 1.0000000000
11443  4.622  -74.452  4.097 1.0000000000
108774  2.957  -75.497  2.537 1.0000000000
10033  2.231  -75.951  1.884 1.0000000000
12266  11.685  -73.575  1.400 1.0000000000
112561  10.602  -73.152  2.569 1.0000000000
13065  9.813  -72.831  3.067 1.0000000000
10048  0.709  -76.718  1.154 1.0000000000
9270  0.252  -77.555  1.450 1.0000000000
11502  11.565  -74.084  0.405 1.0000000000
12267  11.158  -73.805  1.634 1.0000000000
9271  -0.547  -77.571  1.256 1.0000000000
8569  -1.926  -78.343  1.672 1.0000000000
115296  -3.650  -78.738  2.726 0.8999999762
9241  -4.141  -77.672  3.755 0.8999999762
12296  10.842  -73.854  -0.944 1.0000000000
12298  8.736  -73.108  -0.347 1.0000000000
13101  4.684  -72.547  -0.565 1.0000000000
13119  3.310  -72.280  -1.202 1.0000000000
113272  10.019  -73.213  -1.157 1.0000000000
12314  9.361  -72.947  -0.961 1.0000000000
13115  7.668  -71.913  -1.265 1.0000000000
13116  6.164  -71.839  -0.907 1.0000000000
13910  3.850  -71.627  -1.516 1.0000000000
13907  6.862  -71.585  -1.416 1.0000000000
13117  5.215  -71.760  -1.121 1.0000000000
114899  2.546  -72.136  -1.707 1.0000000000
13120  2.617  -72.846  -1.265 1.0000000000
12317  1.797  -73.731  -1.567 1.0000000000
12326  2.066  -73.027  -1.586 1.0000000000
11539  1.287  -74.167  -1.805 1.0000000000
11547  0.551  -74.458  -2.066 1.0000000000
109455  -1.982  -74.042  -2.507 1.0000000000
11540  -2.817  -73.712  -2.447 1.0000000000
13948  -3.648  -71.376  -3.119 1.0000000000
13122  -3.080  -72.699  -2.499 1.0000000000
14813  -4.244  -70.251  -5.695 1.0000000000
13970  -4.116  -70.933  -5.022 1.0000000000
13960  -3.977  -71.365  -3.910 1.0000000000
13156  -3.729  -72.117  -3.351 1.0000000000
16494  -4.354  -68.606  -6.695 0.8999999762
16478  -4.364  -68.487  -5.811 0.8999999762
15621  -4.199  -69.623  -4.409 1.0000000000
17374  -4.408  -67.759  -6.726 0.8000000119
17361  -4.467  -67.422  -5.839 0.8000000119
18278  -4.492  -66.459  -5.690 0.6999999881
13861  8.119  -71.763  3.049 1.0000000000
13862  7.253  -71.460  2.765 1.0000000000
13057  6.869  -72.510  3.663 1.0000000000
13060  4.344  -72.923  3.186 1.0000000000
12245  4.442  -73.629  3.592 1.0000000000
122892  8.735  -71.539  2.799 1.0000000000
13068  3.601  -72.651  2.631 1.0000000000
11470  3.277  -74.000  2.856 1.0000000000
116566  3.431  -74.785  2.985 1.0000000000
10753  2.466  -75.068  2.025 1.0000000000
10770  1.895  -75.108  1.542 1.0000000000
13075  11.821  -72.830  1.665 1.0000000000
13064  11.183  -72.526  2.162 1.0000000000
10754  1.412  -75.890  1.313 1.0000000000
119085  -0.072  -77.095  0.939 1.0000000000
116670  11.904  -73.873  0.874 1.0000000000
9272  -1.435  -77.610  1.126 1.0000000000
8570  -2.939  -78.237  1.622 1.0000000000
9274  -4.023  -77.360  1.674 1.0000000000
113608  12.472  -73.812  -0.594 1.0000000000
115105  -4.155  -77.882  3.120 0.8999999762
10002  -4.081  -77.032  3.931 0.8000000119
12313  11.908  -73.926  -1.280 1.0000000000
12325  11.366  -73.520  -1.913 1.0000000000
13113  9.569  -72.668  -1.603 1.0000000000
13135  8.206  -71.684  -1.897 1.0000000000
13922  6.807  -71.077  -2.182 1.0000000000
120371  5.328  -71.270  -1.873 1.0000000000
13909  4.579  -71.420  -1.695 1.0000000000
109610  2.945  -71.374  -2.230 1.0000000000
14749  2.510  -71.051  -2.856 1.0000000000
13926  2.118  -71.696  -2.388 1.0000000000
13946  1.698  -71.261  -3.007 1.0000000000
14775  0.271  -71.217  -3.260 1.0000000000
14776  -0.382  -70.623  -3.199 1.0000000000
14777  -1.315  -70.792  -2.943 1.0000000000
15584  -2.440  -69.743  -1.607 1.0000000000
14737  -3.128  -70.030  -1.596 1.0000000000
13137  1.711  -72.458  -2.004 1.0000000000
112580  0.973  -72.776  -2.306 1.0000000000
13138  0.197  -73.036  -2.552 1.0000000000
13947  -0.711  -71.527  -3.249 1.0000000000
13928  -1.776  -71.579  -2.690 1.0000000000
14752  -2.608  -70.508  -1.882 1.0000000000
12328  0.702  -73.615  -2.034 1.0000000000
12329  -0.049  -73.878  -2.293 1.0000000000
12330  -0.932  -74.056  -2.483 1.0000000000
13929  -2.644  -71.469  -2.121 1.0000000000
14753  -3.076  -70.764  -1.996 1.0000000000
15574  -3.777  -69.541  -1.639 1.0000000000
14778  -3.858  -70.648  -3.210 1.0000000000
15586  -4.002  -69.992  -2.437 0.8999999762
17336  -4.394  -67.845  -4.305 0.8000000119
109897  -4.416  -67.179  -4.909 0.6999999881
109485  -4.367  -66.182  -3.929 0.6999999881
119980  -4.354  -64.810  -4.083 0.6999999881
14689  8.011  -71.010  2.410 1.0000000000
13863  6.425  -71.254  2.427 1.0000000000
13058  5.996  -72.444  3.489 1.0000000000
13856  4.990  -71.842  2.708 1.0000000000
14711  10.775  -70.441  0.835 1.0000000000
14697  10.392  -70.919  1.582 1.0000000000
14698  9.653  -70.750  1.732 1.0000000000
14690  7.061  -70.848  2.206 1.0000000000
13067  4.339  -72.230  2.779 1.0000000000
125782  2.801  -73.832  2.361 1.0000000000
14709  12.440  -71.142  0.460 1.0000000000
13880  12.090  -71.515  1.154 1.0000000000
13869  11.732  -71.974  1.775 1.0000000000
13069  2.983  -72.754  2.221 1.0000000000
11488  2.281  -74.218  1.858 1.0000000000
11490  0.957  -74.648  0.730 1.0000000000
114304  0.600  -75.568  0.774 1.0000000000
13082  12.811  -72.462  0.561 1.0000000000
13074  12.343  -72.287  1.262 1.0000000000
10050  -0.845  -76.985  0.756 1.0000000000
9284  -3.112  -77.081  0.814 1.0000000000
13894  13.064  -71.679  0.085 1.0000000000
123654  12.796  -73.268  0.080 1.0000000000
10036  -4.174  -76.903  2.034 0.8000000119
10034  -3.584  -75.907  2.820 0.8000000119
12295  13.088  -73.269  -0.755 1.0000000000
12311  13.273  -73.226  -1.427 1.0000000000
12324  12.289  -73.596  -2.074 1.0000000000
13130  12.665  -73.148  -2.811 1.0000000000
13131  11.755  -73.148  -2.735 1.0000000000
13924  4.936  -70.991  -2.466 1.0000000000
14747  4.241  -70.733  -2.939 1.0000000000
13133  9.959  -72.346  -2.280 1.0000000000
13920  8.592  -71.400  -2.601 1.0000000000
13921  7.743  -71.176  -2.421 1.0000000000
13923  5.851  -71.008  -2.349 1.0000000000
124882  4.954  -70.634  -3.091 1.0000000000
14748  3.363  -70.857  -2.814 1.0000000000
116501  2.821  -70.385  -3.205 1.0000000000
14745  6.396  -70.707  -2.876 1.0000000000
119806  1.550  -69.997  -3.303 1.0000000000
15602  0.852  -69.870  -3.271 1.0000000000
15603  -0.049  -69.762  -3.096 1.0000000000
14750  -0.884  -70.115  -2.879 1.0000000000
15583  -1.686  -69.398  -1.881 1.0000000000
15573  -3.085  -69.373  -1.166 1.0000000000
16411  -2.942  -68.684  -0.754 1.0000000000
16412  -3.687  -68.817  -1.202 1.0000000000
17294  -4.277  -68.222  -1.441 1.0000000000
16413  -4.147  -68.886  -1.678 1.0000000000
106732  -4.421  -68.431  -3.811 0.8000000119
107569  -4.571  -67.179  -2.767 0.6999999881
17305  -4.677  -68.004  -2.332 1.0000000000
18230  -4.446  -66.366  -3.144 0.8000000119
124023  -4.316  -64.009  -3.625 0.6999999881
20031  -4.346  -64.901  -3.048 0.8000000119
125022  5.209  -70.810  1.517 1.0000000000
109689  4.884  -71.275  2.036 1.0000000000
15539  10.257  -69.748  0.102 1.0000000000
14712  9.767  -70.179  1.007 1.0000000000
122484  7.946  -69.813  0.739 1.0000000000
14691  6.371  -70.789  1.958 1.0000000000
13864  5.689  -71.549  2.544 1.0000000000
127999  3.422  -71.684  1.963 1.0000000000
12257  2.521  -73.232  1.978 1.0000000000
15554  12.312  -69.865  -0.853 1.0000000000
122280  11.955  -70.354  -0.133 1.0000000000
14710  11.647  -70.764  0.666 1.0000000000
11489  1.593  -74.399  1.212 1.0000000000
14727  12.741  -70.761  -0.309 1.0000000000
10780  -0.412  -75.417  0.365 1.0000000000
10781  -1.439  -75.272  0.002 0.8999999762
110384  -2.150  -75.908  0.144 0.8999999762
111656  -3.572  -75.863  0.630 0.8999999762
10756  -3.933  -75.586  1.941 0.8000000119
115766  -3.393  -74.968  2.391 0.6999999881
13893  13.581  -71.906  -0.688 1.0000000000
10051  -4.113  -76.550  1.318 0.8999999762
13096  13.514  -72.688  -1.047 1.0000000000
13111  13.654  -72.874  -1.859 1.0000000000
13918  10.352  -72.000  -2.973 1.0000000000
13152  11.224  -72.422  -3.262 1.0000000000
13943  9.856  -71.326  -3.416 1.0000000000
13944  8.987  -71.057  -3.255 1.0000000000
14744  7.250  -70.742  -2.921 1.0000000000
123492  3.078  -69.745  -3.394 1.0000000000
14768  7.624  -70.358  -3.541 1.0000000000
14769  6.816  -70.326  -3.433 1.0000000000
120201  5.368  -70.236  -3.405 1.0000000000
14771  4.524  -70.050  -3.425 1.0000000000
112507  2.973  -68.956  -3.478 1.0000000000
15600  2.282  -69.660  -3.355 1.0000000000
16437  1.301  -68.486  -3.134 1.0000000000
17319  1.159  -67.744  -2.968 1.0000000000
17303  -0.279  -67.754  -2.217 1.0000000000
17304  -0.990  -67.569  -1.800 1.0000000000
17291  -1.777  -67.622  -1.259 1.0000000000
17292  -2.692  -67.903  -0.605 1.0000000000
15601  1.464  -69.301  -3.285 1.0000000000
16420  0.398  -68.239  -2.715 1.0000000000
119175  -0.460  -68.542  -2.320 1.0000000000
15582  -0.873  -69.371  -2.468 1.0000000000
16422  -1.521  -68.195  -1.592 1.0000000000
16410  -2.209  -68.263  -1.103 1.0000000000
122172  -4.308  -66.737  -1.213 1.0000000000
18220  -4.492  -66.544  -2.152 0.8999999762
19148  -4.381  -65.608  -3.532 0.8000000119
109277  -4.272  -65.023  -1.990 0.8000000119
20902  -4.213  -63.110  -3.091 0.6999999881
108915  9.925  -69.283  -0.586 1.0000000000
15557  9.333  -69.063  -0.823 1.0000000000
113384  9.403  -69.549  0.055 1.0000000000
15541  7.467  -69.494  -0.078 1.0000000000
109622  7.068  -69.872  0.752 1.0000000000
14702  5.887  -70.582  1.441 1.0000000000
14703  4.457  -70.766  1.313 1.0000000000
14704  3.222  -71.026  1.303 0.8999999762
117650  2.487  -71.908  1.449 1.0000000000
15555  11.525  -69.523  -0.687 1.0000000000
14728  11.141  -69.987  0.013 1.0000000000
127204  2.210  -71.568  0.965 0.8999999762
12269  0.502  -73.500  0.482 0.8999999762
11510  0.209  -74.720  0.411 0.8999999762
14736  13.111  -70.368  -1.048 1.0000000000
14726  13.354  -71.204  -0.590 1.0000000000
13078  1.224  -72.899  0.798 0.8999999762
11511  -0.745  -74.421  0.069 0.8999999762
110535  -2.391  -75.152  -0.095 0.8999999762
10771  -4.118  -75.411  1.258 0.8000000119
11491  -3.943  -74.697  1.543 0.6000000238
11473  -2.763  -73.995  2.754 0.5000000000
14735  13.860  -71.120  -1.249 1.0000000000
11472  -1.528  -74.007  3.074 0.4000000060
12248  -0.751  -73.184  3.347 0.3000000119
13904  14.219  -71.546  -2.037 1.0000000000
13129  13.515  -72.846  -2.796 1.0000000000
13128  14.113  -72.373  -3.084 1.0000000000
13150  13.014  -72.696  -3.590 1.0000000000
13151  12.139  -72.748  -3.508 1.0000000000
13940  12.507  -72.187  -4.195 1.0000000000
13941  11.596  -71.980  -3.967 1.0000000000
13942  10.717  -71.642  -3.666 1.0000000000
14766  9.442  -70.706  -3.836 1.0000000000
14767  8.526  -70.403  -3.796 1.0000000000
14765  10.249  -70.934  -4.002 1.0000000000
14794  9.248  -70.083  -4.301 1.0000000000
15594  7.879  -69.916  -4.032 1.0000000000
15620  6.684  -69.220  -4.238 1.0000000000
16433  5.125  -68.596  -4.152 1.0000000000
15597  5.194  -69.547  -3.760 1.0000000000
15599  3.724  -69.484  -3.523 1.0000000000
121662  2.631  -68.245  -3.488 1.0000000000
106913  1.986  -67.816  -3.300 1.0000000000
17318  1.501  -67.009  -3.093 1.0000000000
17302  0.534  -67.159  -2.565 1.0000000000
18218  0.279  -66.253  -2.194 1.0000000000
124827  -0.374  -66.951  -2.047 1.0000000000
18208  -1.202  -66.894  -1.552 1.0000000000
18209  -2.166  -67.002  -0.701 1.0000000000
127593  -2.820  -66.615  -0.183 1.0000000000
16453  6.083  -68.404  -4.347 1.0000000000
16434  4.168  -68.121  -4.017 1.0000000000
114077  3.711  -68.750  -3.680 1.0000000000
17316  3.544  -67.379  -3.906 1.0000000000
17317  2.807  -67.564  -3.604 1.0000000000
18229  1.951  -66.171  -3.173 1.0000000000
18217  1.106  -66.252  -2.678 1.0000000000
19129  0.822  -65.513  -2.296 1.0000000000
16454  5.430  -67.884  -4.353 1.0000000000
17315  4.373  -67.069  -4.215 1.0000000000
125616  3.027  -66.874  -3.758 1.0000000000
20850  -2.861  -63.488  0.595 0.8000000119
19999  -3.595  -64.858  0.099 0.8000000119
117047  -3.433  -65.583  0.008 1.0000000000
18210  -3.411  -67.259  -0.351 1.0000000000
21713  -3.558  -62.641  0.005 0.6999999881
118114  -4.102  -64.259  -0.536 0.8000000119
127414  -4.041  -66.815  -0.604 1.0000000000
20852  -4.000  -63.461  -0.144 0.8000000119
19118  -4.324  -65.903  -1.546 0.8999999762
113672  -4.187  -65.149  -0.880 0.8000000119
20887  -4.185  -63.374  -1.938 0.6999999881
21760  -4.001  -62.277  -3.926 0.5000000000
16405  10.203  -67.637  -1.517 1.0000000000
16390  9.502  -68.299  -1.576 1.0000000000
117177  7.850  -68.007  -1.882 1.0000000000
16392  6.940  -68.563  -1.455 1.0000000000
15559  6.949  -69.198  -0.734 1.0000000000
15543  5.545  -69.637  0.033 1.0000000000
14716  5.124  -70.278  0.820 1.0000000000
13872  3.831  -71.294  1.770 1.0000000000
13845  -4.112  -70.846  5.671 0.1000000015
13844  -2.749  -71.749  4.883 0.1000000015
17284  11.360  -68.271  -0.798 1.0000000000
16404  10.984  -68.599  -0.983 1.0000000000
16389  10.183  -68.605  -1.146 1.0000000000
119604  3.728  -69.607  -0.071 0.8999999762
119836  3.648  -70.660  1.077 0.8999999762
14705  2.615  -71.178  1.037 0.8999999762
13850  -3.158  -70.983  4.745 0.2000000030
13849  -2.143  -71.198  4.218 0.2000000030
16402  13.145  -68.738  -1.769 1.0000000000
15571  12.775  -69.350  -1.492 1.0000000000
13083  0.284  -72.671  0.358 0.8999999762
12281  -0.429  -73.370  0.177 0.8999999762
11512  -1.992  -74.437  -0.132 0.8999999762
12283  -2.675  -73.619  0.018 0.8000000119
110967  -4.016  -73.809  1.269 0.6999999881
12260  -3.649  -73.115  1.587 0.4000000060
12259  -2.895  -73.077  2.312 0.4000000060
113327  -1.077  -72.505  3.293 0.3000000119
13051  -0.819  -72.293  4.096 0.3000000119
15580  14.003  -69.704  -2.119 1.0000000000
15570  13.556  -70.032  -1.686 1.0000000000
11514  -3.958  -74.270  0.688 0.8999999762
14741  15.212  -70.380  -2.786 1.0000000000
14742  14.654  -71.003  -2.495 1.0000000000
14763  15.529  -70.879  -3.630 1.0000000000
127741  13.893  -71.936  -4.291 1.0000000000
13956  13.704  -71.620  -4.927 1.0000000000
13958  11.981  -71.434  -4.621 1.0000000000
13959  11.072  -71.186  -4.311 1.0000000000
14792  10.552  -70.405  -4.598 1.0000000000
15615  10.979  -69.821  -5.136 1.0000000000
14793  9.941  -69.896  -4.607 1.0000000000
15618  8.496  -69.621  -4.331 1.0000000000
15619  7.619  -69.213  -4.359 1.0000000000
18219  -0.531  -66.201  -1.740 1.0000000000
19116  -1.335  -65.633  -0.929 1.0000000000
19099  -2.797  -65.938  -0.024 1.0000000000
15617  9.341  -69.206  -4.695 1.0000000000
121462  7.732  -68.405  -4.519 1.0000000000
16452  7.003  -68.487  -4.458 1.0000000000
19128  1.579  -65.465  -2.735 1.0000000000
20012  1.342  -64.164  -1.589 1.0000000000
20886  0.120  -64.070  -0.949 1.0000000000
19130  0.057  -65.490  -1.853 1.0000000000
20015  -0.980  -65.005  -0.923 0.8999999762
19098  -1.889  -65.337  -0.303 0.8999999762
17332  7.320  -67.724  -4.522 1.0000000000
17333  5.950  -67.466  -4.416 1.0000000000
18227  3.622  -66.481  -4.010 1.0000000000
19146  3.013  -65.113  -3.478 1.0000000000
18228  2.838  -66.030  -3.652 1.0000000000
119384  1.716  -64.357  -2.128 1.0000000000
20901  2.176  -63.856  -1.521 1.0000000000
20849  -1.910  -63.426  0.676 0.8999999762
19983  -3.416  -64.106  0.222 0.8000000119
18246  5.016  -66.373  -4.269 1.0000000000
18226  4.317  -66.135  -4.150 1.0000000000
17248  10.041  -67.240  0.106 1.0000000000
18164  9.642  -66.632  -0.623 1.0000000000
17270  9.391  -66.408  -1.531 1.0000000000
18190  8.311  -65.953  -1.643 1.0000000000
17287  7.746  -66.921  -2.427 1.0000000000
16408  6.053  -67.828  -1.834 1.0000000000
15560  5.991  -68.960  -0.870 1.0000000000
15562  4.095  -68.813  -0.813 1.0000000000
14679  -4.296  -69.887  5.911 0.1000000015
17267  11.829  -68.130  -0.134 1.0000000000
109266  10.704  -67.109  -0.703 1.0000000000
113056  10.861  -67.195  -1.330 1.0000000000
126672  3.088  -69.622  -0.131 0.8999999762
15546  2.720  -70.059  0.029 0.8999999762
14706  1.876  -71.186  0.532 0.8999999762
13874  1.698  -71.957  0.832 0.8999999762
13857  -2.123  -70.899  3.763 0.2000000030
13848  -1.511  -71.581  3.884 0.3000000119
16401  13.822  -68.363  -1.833 1.0000000000
17283  12.190  -68.389  -0.917 1.0000000000
115743  -1.193  -72.893  0.100 0.8999999762
111723  -2.122  -72.844  0.121 0.6999999881
13087  -3.905  -72.822  0.889 0.6000000238
124016  -3.826  -72.472  1.362 0.5000000000
116231  -3.302  -72.287  2.011 0.3000000119
13063  -1.918  -71.341  3.357 0.3000000119
15579  14.628  -69.476  -2.286 1.0000000000
13086  -3.188  -72.766  0.404 0.6999999881
14789  15.083  -71.155  -5.236 1.0000000000
14790  14.240  -71.385  -5.655 1.0000000000
13965  13.416  -71.153  -5.541 1.0000000000
13957  12.906  -71.615  -4.868 1.0000000000
14805  12.412  -70.785  -5.275 1.0000000000
15616  10.251  -69.347  -4.944 1.0000000000
111233  2.189  -63.629  -0.469 0.8999999762
20865  1.382  -63.655  -0.366 0.8000000119
20866  0.554  -63.665  -0.279 0.8999999762
124686  -0.670  -64.315  -0.704 0.8999999762
19997  -1.361  -64.617  -0.406 0.8999999762
108408  -2.829  -65.207  0.255 0.8999999762
113297  3.767  -65.389  -3.883 1.0000000000
20051  3.546  -64.478  -3.311 1.0000000000
20917  3.334  -64.015  -2.586 1.0000000000
22540  0.345  -61.021  2.393 0.6000000238
20848  -0.643  -63.227  0.955 0.6999999881
21710  -1.511  -62.984  1.195 0.6999999881
111700  -2.122  -64.628  0.185 0.8000000119
18244  6.669  -66.941  -4.464 1.0000000000
128101  4.892  -65.344  -4.010 1.0000000000
17228  9.583  -67.874  1.453 0.8999999762
17249  9.220  -67.105  0.490 0.8999999762
18165  8.871  -66.344  -0.478 1.0000000000
18166  7.861  -65.974  -0.226 1.0000000000
18207  6.422  -66.037  -1.764 1.0000000000
17289  5.875  -66.718  -2.025 1.0000000000
16393  5.140  -68.233  -1.347 1.0000000000
14687  -2.766  -70.221  3.502 0.2000000030
17266  12.799  -68.136  -0.278 1.0000000000
114980  11.086  -67.913  1.166 0.8999999762
18191  7.169  -65.723  -1.076 1.0000000000
16394  4.342  -67.813  -1.476 0.8999999762
15564  2.366  -69.138  -0.518 0.8999999762
15547  1.897  -69.816  -0.263 0.8999999762
13881  1.010  -71.366  0.264 0.8999999762
13867  -2.652  -70.691  3.031 0.2000000030
17281  14.618  -68.020  -1.776 0.8999999762
17265  13.705  -67.944  -0.388 0.8999999762
17282  13.089  -68.275  -1.267 1.0000000000
115848  -3.508  -70.749  1.822 0.4000000060
16418  14.677  -68.650  -2.152 0.8999999762
13876  -3.685  -71.274  1.144 0.5000000000
15593  16.093  -70.268  -3.512 0.8999999762
14788  15.846  -70.746  -4.569 1.0000000000
14804  13.925  -70.574  -5.981 1.0000000000
106739  13.036  -70.307  -5.791 1.0000000000
15633  11.799  -69.319  -5.496 1.0000000000
15634  10.871  -68.859  -5.316 1.0000000000
123237  9.971  -68.443  -5.128 1.0000000000
113831  9.098  -68.223  -4.878 1.0000000000
17331  8.264  -67.740  -4.627 1.0000000000
116281  6.402  -65.843  -4.280 1.0000000000
106586  7.282  -65.316  -4.244 1.0000000000
19145  5.857  -64.989  -4.039 1.0000000000
20050  4.440  -64.427  -3.534 1.0000000000
20915  5.060  -63.841  -2.951 1.0000000000
20899  4.094  -63.672  -1.785 1.0000000000
20884  3.070  -63.569  -0.581 1.0000000000
21689  1.638  -62.512  1.966 0.6999999881
17208  10.023  -67.999  2.221 0.8999999762
17229  8.661  -67.721  1.618 0.8999999762
17250  8.288  -66.828  0.690 1.0000000000
17225  12.295  -67.378  1.427 0.8999999762
17226  11.553  -67.469  1.671 0.8999999762
17207  10.820  -67.670  1.970 0.8000000119
17230  7.689  -67.417  1.673 0.8999999762
18167  6.793  -65.656  -0.006 1.0000000000
18192  6.104  -65.548  -0.846 1.0000000000
17290  5.446  -66.066  -1.492 1.0000000000
16409  4.980  -66.982  -1.918 1.0000000000
17273  3.362  -67.631  -1.460 0.8999999762
16395  2.442  -68.034  -1.096 0.8999999762
15548  1.054  -69.474  -0.332 0.8999999762
14720  1.247  -70.472  -0.084 0.8999999762
17244  13.447  -67.698  0.549 0.8999999762
17264  14.932  -67.797  -1.000 0.8999999762
16417  15.742  -68.753  -2.323 0.8999999762
128204  16.398  -70.357  -4.351 0.8999999762
15614  16.382  -70.197  -5.088 0.8999999762
14802  15.669  -70.472  -5.615 0.8999999762
15629  15.992  -69.642  -5.866 0.8999999762
15630  14.466  -69.786  -6.195 1.0000000000
15631  13.516  -69.639  -6.079 1.0000000000
108368  14.003  -68.867  -6.236 1.0000000000
111016  13.072  -68.799  -5.985 1.0000000000
16471  11.628  -68.236  -5.578 1.0000000000
16470  12.545  -68.078  -5.804 1.0000000000
16472  10.686  -67.963  -5.392 1.0000000000
127586  10.077  -67.704  -5.269 1.0000000000
17355  10.464  -67.194  -5.300 1.0000000000
18241  9.307  -66.474  -4.833 1.0000000000
18242  8.492  -66.732  -4.637 1.0000000000
123782  7.152  -66.223  -4.406 1.0000000000
20049  5.388  -64.343  -3.558 1.0000000000
120200  5.799  -63.844  -3.042 1.0000000000
20898  5.017  -63.638  -1.909 1.0000000000
20883  4.032  -63.563  -0.597 1.0000000000
20844  3.836  -63.275  1.194 0.8000000119
23429  1.803  -59.702  1.928 0.6000000238
19167  8.708  -65.823  -4.611 1.0000000000
19168  8.145  -65.172  -4.420 1.0000000000
19169  6.602  -64.905  -4.048 1.0000000000
20048  6.459  -64.132  -3.499 1.0000000000
20914  6.515  -63.733  -2.454 1.0000000000
20897  5.819  -63.712  -2.134 1.0000000000
20881  6.094  -63.784  -0.568 1.0000000000
24334  1.099  -58.721  1.164 0.6000000238
122405  8.820  -65.023  -4.574 1.0000000000
20073  7.760  -64.417  -4.095 1.0000000000
20047  7.487  -63.938  -3.512 1.0000000000
20896  7.388  -63.893  -1.262 1.0000000000
18120  9.652  -67.521  2.972 0.8000000119
17192  8.915  -67.701  3.079 0.6999999881
18140  12.007  -66.754  1.833 0.8000000119
122132  8.195  -67.811  2.608 0.6000000238
17210  7.156  -67.581  2.497 0.6000000238
17231  6.727  -67.084  1.652 0.6999999881
18142  6.312  -66.116  0.888 0.8000000119
126687  14.439  -67.724  -0.461 0.8999999762
17224  13.129  -67.230  1.253 0.8000000119
17233  5.158  -66.738  1.729 0.6999999881
17263  15.843  -67.398  -0.798 0.8999999762
113505  16.183  -67.755  -1.536 0.8999999762
17280  15.412  -67.864  -1.615 0.8999999762
119623  16.877  -67.961  -1.968 0.8999999762
117110  16.673  -68.770  -2.594 0.8999999762
16431  17.174  -69.124  -3.485 0.8999999762
15613  16.801  -69.419  -5.351 0.8999999762
16468  16.273  -68.707  -5.961 0.8999999762
122754  15.173  -68.967  -6.229 0.8999999762
16469  13.416  -68.037  -5.985 0.8999999762
17352  14.424  -67.986  -6.119 0.8999999762
115477  12.007  -67.357  -5.609 1.0000000000
18273  10.886  -66.696  -5.326 1.0000000000
19165  10.211  -66.320  -5.121 1.0000000000
20861  5.741  -63.466  0.440 1.0000000000
20843  4.532  -63.324  1.062 0.8999999762
21706  4.434  -62.864  1.301 0.8999999762
22537  3.057  -61.879  1.933 0.6999999881
19166  9.554  -65.408  -4.810 1.0000000000
20860  6.618  -63.356  0.251 1.0000000000
21725  5.178  -63.182  0.960 0.8999999762
20071  9.331  -64.340  -4.479 1.0000000000
20072  8.541  -64.322  -4.284 1.0000000000
20912  8.284  -63.661  -2.750 1.0000000000
20880  7.148  -63.749  -0.335 1.0000000000
20932  8.352  -63.826  -3.645 1.0000000000
20911  9.297  -63.550  -2.794 1.0000000000
19042  9.986  -66.347  3.341 0.6000000238
18102  9.157  -66.935  3.531 0.6999999881
19083  14.225  -66.196  1.017 0.8999999762
18139  12.685  -66.461  1.614 0.8000000119
18118  11.354  -66.645  2.287 0.8000000119
18119  10.473  -67.145  2.691 0.6999999881
17193  8.391  -67.330  3.528 0.6000000238
17194  6.680  -67.527  3.288 0.6000000238
17211  6.255  -67.391  2.437 0.6000000238
18188  15.813  -66.820  -0.068 0.8999999762
18162  14.699  -66.723  0.643 0.8999999762
18138  13.516  -66.265  1.332 0.8999999762
17279  16.964  -67.410  -1.090 0.8999999762
17299  18.245  -67.695  -2.795 0.8999999762
16430  17.755  -68.697  -3.891 0.8999999762
16449  17.344  -69.040  -4.595 0.8999999762
16448  17.832  -68.251  -4.758 0.8999999762
17350  16.651  -67.759  -5.866 0.8999999762
17351  15.584  -67.799  -6.094 0.8999999762
18269  14.695  -67.032  -5.976 0.8999999762
17353  13.726  -67.190  -5.956 0.8999999762
113134  12.845  -67.287  -5.785 1.0000000000
18270  13.133  -66.467  -5.737 1.0000000000
18271  12.310  -66.565  -5.584 1.0000000000
19199  11.030  -65.999  -5.299 1.0000000000
22567  5.187  -62.589  1.016 0.8999999762
109115  4.573  -61.709  0.786 0.8000000119
23427  3.034  -59.802  1.091 0.6000000238
19198  11.793  -65.865  -5.441 1.0000000000
119917  10.503  -65.314  -5.077 1.0000000000
20859  7.538  -63.209  -0.016 1.0000000000
22566  5.960  -62.452  0.472 0.8999999762
117866  10.137  -64.439  -4.723 1.0000000000
20931  9.224  -63.710  -3.807 1.0000000000
20895  8.339  -63.807  -1.345 1.0000000000
20879  8.090  -63.627  -0.416 1.0000000000
114977  7.722  -62.525  -0.156 1.0000000000
123014  6.597  -62.114  -0.197 1.0000000000
20894  9.350  -63.617  -1.472 1.0000000000
21736  9.394  -62.723  -0.330 1.0000000000
125123  9.299  -66.028  3.765 0.5000000000
19082  14.851  -65.637  0.674 0.8000000119
19966  12.445  -64.786  1.779 0.6000000238
110665  11.911  -64.982  2.179 0.6000000238
116721  11.000  -65.115  2.778 0.6999999881
19031  9.006  -65.297  4.049 0.4000000060
18103  7.131  -67.116  4.025 0.6000000238
18160  16.174  -66.236  0.266 0.8999999762
18161  15.415  -66.408  0.385 0.8999999762
18104  6.256  -67.225  4.003 0.6000000238
18187  16.531  -66.812  -0.258 0.8999999762
18095  5.842  -66.583  4.581 0.4000000060
18186  17.375  -66.620  -0.478 0.8999999762
18216  18.260  -67.219  -2.121 0.8999999762
17312  18.601  -67.326  -3.577 0.8999999762
17349  17.385  -67.879  -5.490 0.8999999762
111120  17.210  -67.302  -5.602 0.8999999762
126963  16.106  -67.280  -5.908 0.8999999762
24356  3.604  -58.595  -0.394 0.6000000238
19193  17.054  -65.770  -5.604 0.8999999762
122488  14.919  -66.081  -5.888 1.0000000000
111224  14.012  -66.309  -5.894 1.0000000000
19197  12.586  -65.767  -5.541 1.0000000000
23456  4.797  -60.572  -0.738 0.8999999762
24346  3.522  -59.416  0.255 0.6000000238
25263  2.813  -57.990  0.073 0.5000000000
19196  13.419  -65.641  -5.645 1.0000000000
20090  12.077  -65.080  -5.360 1.0000000000
22593  6.956  -61.664  -1.347 1.0000000000
20068  12.418  -64.329  -5.081 1.0000000000
20070  10.915  -64.466  -4.960 1.0000000000
122895  11.381  -63.917  -4.568 1.0000000000
20930  10.063  -63.648  -3.999 1.0000000000
21737  8.550  -63.070  -0.025 1.0000000000
20910  10.291  -63.416  -2.787 1.0000000000
20893  10.254  -63.355  -1.685 1.0000000000
20877  9.860  -63.076  -0.889 1.0000000000
21735  10.058  -62.296  -0.815 1.0000000000
22577  9.249  -61.955  -0.847 1.0000000000
19982  13.928  -64.250  0.861 0.8000000119
19965  13.187  -64.386  1.304 0.5000000000
19967  12.018  -64.320  2.129 0.5000000000
19957  10.893  -64.330  3.059 0.5000000000
19943  10.050  -64.427  3.523 0.3000000119
19080  16.552  -65.519  0.501 0.8999999762
115522  14.621  -64.573  0.602 0.6999999881
18185  17.997  -66.272  -0.755 0.8999999762
18159  17.024  -66.183  0.230 0.8999999762
19096  18.586  -65.711  -0.612 0.8000000119
18204  18.405  -66.293  -1.240 0.8999999762
18215  18.580  -66.637  -1.901 0.8999999762
19127  19.051  -66.256  -2.522 0.8999999762
17298  18.703  -67.022  -2.699 0.8999999762
17328  18.304  -67.482  -4.450 0.8999999762
18240  18.249  -66.745  -5.006 0.8999999762
25276  4.122  -58.499  -1.046 0.6000000238
19194  15.923  -65.683  -5.715 1.0000000000
19195  14.296  -65.461  -5.713 1.0000000000
23466  6.297  -60.682  -2.589 1.0000000000
23467  5.628  -60.370  -2.262 1.0000000000
24364  4.659  -59.542  -1.455 0.8999999762
24345  4.189  -59.528  -0.588 0.6000000238
26188  2.709  -56.985  -1.078 0.6000000238
20086  15.522  -64.630  -5.594 1.0000000000
20088  13.762  -64.819  -5.437 1.0000000000
20089  12.890  -64.968  -5.407 1.0000000000
21756  11.655  -62.611  -2.570 1.0000000000
22605  11.582  -61.756  -2.473 1.0000000000
22591  8.663  -61.475  -2.387 1.0000000000
22608  7.310  -61.275  -2.541 1.0000000000
111541  5.997  -61.181  -1.496 1.0000000000
20067  13.267  -64.198  -5.078 1.0000000000
20928  12.032  -63.774  -4.532 1.0000000000
20908  11.696  -63.319  -3.669 1.0000000000
20909  10.991  -63.272  -3.132 1.0000000000
20892  10.997  -63.042  -2.022 1.0000000000
21745  11.155  -62.240  -1.852 1.0000000000
22590  10.563  -61.918  -1.449 1.0000000000
109509  9.928  -61.473  -2.312 1.0000000000
123697  9.830  -61.777  -1.397 1.0000000000
22592  8.138  -61.828  -1.113 1.0000000000
20840  15.372  -63.977  0.270 0.5000000000
20828  12.994  -63.560  1.368 0.4000000060
21681  11.552  -62.323  2.694 0.2000000030
21674  10.219  -62.898  3.505 0.3000000119
19980  16.035  -64.757  0.413 0.6999999881
19981  15.308  -64.883  0.464 0.6999999881
22531  10.428  -61.463  3.230 0.1000000015
19079  17.460  -65.416  0.466 0.8000000119
19114  18.938  -65.950  -1.590 0.8000000119
19113  19.485  -65.388  -2.282 0.8999999762
19144  19.365  -65.786  -3.283 0.8999999762
19164  18.771  -66.074  -4.937 0.8999999762
19191  18.544  -65.345  -5.421 0.8999999762
20085  16.579  -64.788  -5.696 0.8999999762
24363  5.140  -59.583  -2.275 0.8999999762
20087  14.655  -64.639  -5.460 1.0000000000
20066  14.135  -64.040  -5.082 1.0000000000
111962  7.650  -60.896  -3.557 1.0000000000
23477  6.742  -60.445  -3.534 1.0000000000
109882  5.608  -59.793  -2.947 1.0000000000
107477  5.079  -58.930  -2.974 0.8999999762
25291  5.125  -58.473  -3.567 0.8000000119
20926  13.680  -63.557  -4.550 1.0000000000
20927  12.839  -63.691  -4.535 1.0000000000
20907  12.501  -63.216  -3.844 1.0000000000
21755  12.329  -62.609  -3.068 1.0000000000
116519  12.148  -61.947  -2.645 1.0000000000
22628  11.049  -61.156  -3.233 1.0000000000
22606  10.845  -61.577  -2.311 1.0000000000
23476  8.401  -61.015  -3.673 1.0000000000
23493  7.156  -60.162  -4.341 1.0000000000
24372  6.284  -59.531  -4.235 1.0000000000
21754  12.912  -62.505  -3.465 1.0000000000
22604  12.547  -61.769  -3.132 1.0000000000
20841  14.389  -63.541  0.533 0.4000000060
20842  13.582  -63.571  0.987 0.4000000060
21680  12.163  -62.431  2.147 0.3000000119
20839  16.461  -63.847  0.318 0.5000000000
23405  10.292  -60.687  2.948 0.1000000015
19979  16.968  -64.748  0.653 0.5000000000
19978  17.868  -64.659  0.596 0.5000000000
19095  19.255  -65.209  -1.124 0.8000000119
20011  19.736  -64.571  -1.652 0.6999999881
19162  19.529  -65.256  -4.014 0.8000000119
19163  19.201  -65.373  -4.819 0.8999999762
19192  17.616  -65.162  -5.634 0.8999999762
20064  19.051  -64.707  -5.395 0.8999999762
20084  17.348  -64.529  -5.786 0.8999999762
25285  4.571  -58.453  -2.079 0.8000000119
26193  4.105  -57.306  -2.286 0.6000000238
26194  3.082  -56.738  -1.788 0.5000000000
20946  16.765  -64.034  -5.859 0.8999999762
20947  15.715  -63.903  -5.582 1.0000000000
20924  14.919  -63.278  -5.159 1.0000000000
20925  14.391  -63.382  -4.748 1.0000000000
24387  5.522  -58.491  -4.326 1.0000000000
24373  5.589  -59.210  -3.635 1.0000000000
26197  4.853  -57.735  -3.780 0.8000000119
25292  4.665  -58.006  -2.999 0.6999999881
26199  3.517  -56.622  -2.639 0.4000000060
26195  1.692  -56.965  -1.762 0.4000000060
21766  15.053  -62.639  -5.175 1.0000000000
21768  14.017  -62.977  -4.161 1.0000000000
23491  10.452  -60.764  -4.352 1.0000000000
22629  9.966  -61.081  -3.541 1.0000000000
22630  8.888  -60.735  -4.329 1.0000000000
23492  7.992  -60.532  -4.341 1.0000000000
21753  13.577  -62.401  -3.776 1.0000000000
22603  13.128  -61.644  -3.583 1.0000000000
22627  11.901  -61.215  -3.170 1.0000000000
23490  11.299  -60.795  -4.086 1.0000000000
108055  15.807  -63.096  0.151 0.3000000119
21705  13.829  -62.871  0.789 0.3000000119
22554  13.637  -61.981  1.028 0.3000000119
22536  12.631  -61.057  1.933 0.1000000015
23403  11.856  -60.713  2.305 0.1000000015
23410  13.109  -60.559  1.482 0.1000000015
23411  12.391  -60.244  1.842 0.1000000015
24311  10.755  -59.653  2.059 0.1000000015
119016  17.361  -64.111  0.594 0.5000000000
107786  12.049  -59.602  1.586 0.1000000015
126780  10.160  -58.819  1.030 0.1000000015
25261  7.619  -58.074  -0.332 0.1000000015
19995  19.318  -64.034  -0.031 0.5000000000
25259  9.587  -58.117  -0.464 0.1000000015
26187  8.232  -57.125  -1.545 0.1000000015
116060  19.438  -64.495  -0.741 0.5000000000
26171  9.862  -57.708  -1.184 0.1000000015
26186  9.128  -57.281  -1.825 0.1000000015
107498  19.866  -63.718  -0.987 0.6000000238
20027  19.961  -64.608  -2.698 0.8000000119
20063  19.557  -64.642  -4.636 0.8000000119
20923  19.427  -64.089  -5.195 0.8000000119
20944  18.738  -63.844  -5.839 0.8000000119
20945  17.677  -63.966  -5.989 0.8999999762
20959  17.057  -63.340  -6.310 0.8999999762
21784  16.156  -63.396  -5.985 1.0000000000
21785  15.623  -62.723  -5.870 1.0000000000
26204  5.101  -57.474  -4.589 0.8000000119
26205  4.525  -56.829  -3.948 0.6999999881
27073  4.091  -55.977  -4.160 0.5000000000
27061  1.756  -56.185  -3.356 0.4000000060
27049  2.164  -56.572  -2.545 0.2000000030
22623  15.283  -61.857  -5.572 1.0000000000
22624  14.691  -61.890  -4.528 1.0000000000
110073  9.643  -60.642  -4.627 1.0000000000
24384  8.353  -60.170  -4.937 1.0000000000
24386  6.936  -59.440  -4.935 1.0000000000
25300  5.776  -58.020  -5.187 0.8999999762
26200  0.505  -56.886  -3.359 0.1000000015
22625  13.954  -61.609  -3.833 1.0000000000
23488  13.344  -60.689  -3.926 1.0000000000
22626  12.547  -60.988  -3.578 1.0000000000
23510  10.907  -60.396  -4.993 1.0000000000
23512  9.079  -60.061  -5.287 1.0000000000
23509  11.691  -60.362  -4.648 1.0000000000
21703  15.364  -62.403  0.183 0.3000000119
22552  15.002  -61.760  0.303 0.2000000030
23426  13.768  -60.984  1.142 0.1000000015
21702  16.555  -62.833  0.171 0.5000000000
21722  16.003  -62.384  -0.038 0.3000000119
24316  12.786  -59.754  1.313 0.1000000015
24331  13.096  -59.199  0.681 0.1000000015
115566  18.105  -63.026  0.602 0.4000000060
24332  12.074  -58.958  0.986 0.1000000015
26170  10.992  -57.621  -1.046 0.1000000015
20858  19.640  -63.120  -0.055 0.4000000060
20891  20.182  -63.901  -2.169 0.6999999881
111668  20.262  -63.969  -3.186 0.6999999881
128460  20.203  -63.951  -3.821 0.8000000119
20905  20.371  -63.412  -3.796 0.6999999881
20922  19.959  -63.818  -4.478 0.8000000119
20943  19.552  -63.298  -5.327 0.8000000119
21782  18.806  -62.841  -5.947 0.8000000119
21783  17.960  -63.156  -6.291 0.8000000119
21800  17.227  -62.503  -6.501 0.8000000119
27092  4.225  -55.806  -5.038 0.6999999881
27074  2.861  -55.742  -3.868 0.3000000119
27075  1.322  -55.599  -4.191 0.3000000119
27062  0.652  -56.357  -3.782 0.1000000015
22654  16.450  -61.784  -6.640 0.8000000119
21802  15.835  -62.146  -6.328 1.0000000000
25310  8.035  -58.846  -5.893 1.0000000000
26213  6.962  -57.967  -6.239 0.8999999762
26214  6.145  -57.634  -5.903 0.8999999762
27072  4.752  -56.547  -4.770 0.8000000119
26206  0.333  -56.745  -4.273 0.1000000015
23487  14.336  -60.890  -4.249 1.0000000000
23507  13.962  -59.995  -4.335 1.0000000000
23508  13.049  -59.912  -4.522 1.0000000000
23511  10.043  -60.282  -5.234 1.0000000000
25309  8.880  -59.168  -6.011 1.0000000000
25328  7.794  -58.222  -6.360 1.0000000000
25314  0.613  -57.233  -4.740 0.1000000015
24397  13.597  -59.457  -4.946 1.0000000000
124089  12.247  -59.893  -4.974 1.0000000000
24399  11.461  -59.883  -5.393 1.0000000000
24415  11.204  -59.297  -6.075 1.0000000000
24401  9.742  -59.557  -5.805 1.0000000000
24417  9.607  -58.947  -6.257 1.0000000000
23444  14.998  -60.887  0.238 0.2000000030
123069  14.276  -60.667  0.709 0.1000000015
114570  13.694  -60.045  0.947 0.1000000015
21701  17.376  -62.448  0.306 0.3000000119
22551  16.566  -61.917  -0.130 0.3000000119
22565  15.701  -61.630  -0.139 0.3000000119
25239  12.580  -58.578  0.414 0.1000000015
127541  18.025  -62.475  0.506 0.3000000119
125122  17.269  -61.716  0.031 0.3000000119
26169  12.005  -57.537  -0.812 0.1000000015
26184  11.352  -57.242  -1.605 0.1000000015
21700  18.591  -62.539  0.530 0.4000000060
21699  19.319  -62.530  0.313 0.4000000060
21734  20.239  -62.741  -0.740 0.5000000000
20876  20.407  -63.102  -1.762 0.6000000238
21744  20.574  -62.527  -2.534 0.6000000238
21751  20.464  -62.667  -3.527 0.5000000000
21752  20.170  -62.787  -4.491 0.8000000119
21765  19.372  -62.398  -5.149 0.8000000119
21799  18.051  -62.270  -6.292 0.8000000119
27983  3.403  -55.595  -4.644 0.5000000000
28948  2.376  -54.753  -6.165 0.1000000015
27112  1.230  -56.294  -6.560 0.1000000015
22653  17.384  -61.613  -6.545 0.8000000119
22655  15.693  -61.402  -6.366 0.8000000119
27090  5.788  -56.885  -6.194 0.8999999762
22643  14.928  -61.141  -4.850 1.0000000000
23506  14.716  -60.349  -4.814 1.0000000000
24396  14.437  -59.563  -4.950 0.8999999762
25327  8.469  -58.499  -6.340 1.0000000000
26230  7.568  -57.496  -6.762 1.0000000000
27998  4.307  -55.515  -5.772 0.6999999881
25308  13.112  -59.027  -5.588 1.0000000000
24414  12.157  -59.336  -5.732 1.0000000000
24416  10.342  -59.099  -6.210 1.0000000000
26227  10.411  -57.795  -6.991 1.0000000000
22564  16.932  -61.185  -0.298 0.2000000030
24343  15.967  -59.886  -0.601 0.1000000015
24344  14.737  -59.351  -0.111 0.1000000015
24330  13.978  -59.265  0.335 0.1000000015
22550  18.017  -61.901  0.381 0.3000000119
23441  17.398  -60.433  -0.238 0.2000000030
25255  14.312  -58.649  -0.292 0.1000000015
25256  13.369  -58.448  0.024 0.1000000015
26168  12.997  -57.666  -0.628 0.1000000015
117423  18.916  -61.882  0.396 0.3000000119
22548  19.313  -61.153  0.191 0.3000000119
23423  18.453  -60.517  0.087 0.3000000119
127926  14.979  -58.807  -0.525 0.1000000015
25275  14.865  -58.126  -0.929 0.1000000015
26182  13.453  -57.238  -1.205 0.1000000015
117093  19.578  -61.871  0.213 0.3000000119
22563  20.089  -61.486  -0.027 0.3000000119
22576  20.762  -61.401  -1.395 0.3000000119
22589  20.674  -61.755  -2.363 0.5000000000
22602  20.289  -62.022  -3.845 0.8000000119
22622  19.093  -61.667  -4.902 0.8000000119
22642  18.648  -61.949  -5.604 0.8000000119
23517  17.639  -60.729  -6.515 0.8000000119
23518  16.761  -60.907  -6.788 0.8000000119
123984  16.059  -60.993  -6.792 0.8000000119
23519  15.596  -60.522  -6.389 0.8000000119
27108  8.270  -56.870  -7.366 0.8999999762
27109  7.153  -56.784  -7.151 0.8999999762
26231  6.643  -57.236  -6.528 0.8999999762
27111  5.491  -56.224  -6.539 0.8000000119
117634  16.132  -60.155  -7.000 0.8000000119
24395  15.079  -59.964  -5.518 1.0000000000
128475  14.881  -59.234  -5.472 0.8000000119
25307  14.162  -58.855  -5.444 0.8999999762
26229  8.542  -57.817  -6.809 1.0000000000
28015  4.852  -55.415  -6.509 0.8000000119
25322  13.521  -58.323  -6.035 0.8999999762
25323  12.550  -58.611  -6.207 1.0000000000
112821  11.736  -58.792  -6.324 1.0000000000
26226  11.296  -57.672  -7.030 1.0000000000
26228  9.505  -57.837  -6.920 1.0000000000
25252  17.719  -58.769  -0.480 0.1000000015
23439  20.054  -60.701  -0.085 0.3000000119
25251  18.688  -58.856  -0.187 0.1000000015
26181  14.403  -57.379  -1.264 0.1000000015
22562  20.581  -61.043  -0.533 0.3000000119
24340  20.468  -59.453  -0.427 0.3000000119
23454  20.912  -60.563  -1.252 0.3000000119
21733  20.593  -62.245  -1.525 0.4000000060
125097  21.081  -60.155  -1.930 0.2000000030
23465  20.789  -60.866  -2.335 0.4000000060
23475  20.484  -60.596  -3.260 0.4000000060
113061  20.464  -61.415  -3.202 0.4000000060
105407  19.746  -60.462  -4.024 0.5000000000
106197  19.397  -60.045  -4.521 0.6000000238
23516  18.336  -60.497  -5.920 0.6999999881
24409  17.937  -59.906  -6.489 0.6999999881
24410  17.098  -60.098  -6.925 0.6999999881
122311  16.627  -59.525  -7.212 0.8000000119
24411  16.003  -59.199  -7.093 0.8000000119
25320  15.248  -58.054  -6.389 0.8000000119
25321  14.489  -58.107  -6.039 0.8000000119
27129  7.576  -56.217  -7.621 0.8000000119
27130  6.643  -56.053  -7.471 0.8000000119
26225  12.852  -57.682  -6.638 0.8999999762
111852  11.896  -58.141  -6.704 1.0000000000
121576  12.043  -57.472  -6.982 0.8999999762
26241  10.791  -57.099  -7.348 0.8999999762
26242  9.897  -57.215  -7.308 1.0000000000
26243  9.098  -57.315  -7.251 0.8999999762
28966  2.570  -54.792  -6.785 0.1000000015
25250  20.715  -58.680  -0.648 0.2000000030
111354  21.292  -58.826  -1.536 0.2000000030
126363  21.042  -59.671  -2.928 0.3000000119
105410  19.990  -59.607  -3.946 0.4000000060
24393  19.067  -59.631  -5.084 0.6000000238
24394  18.609  -59.598  -5.773 0.6000000238
117075  18.217  -59.224  -6.493 0.6000000238
125389  8.178  -56.254  -7.697 0.8999999762
28036  6.134  -55.151  -7.702 0.8000000119
28037  5.210  -54.763  -7.245 0.6000000238
24422  16.653  -58.795  -7.408 0.6999999881
124637  15.971  -58.261  -7.116 0.6999999881
26222  15.571  -57.381  -6.804 0.8000000119
27126  11.205  -56.339  -7.630 0.8999999762
27127  10.237  -56.495  -7.660 0.8999999762
27128  9.303  -56.674  -7.584 0.8999999762
28035  7.074  -55.494  -7.988 0.8000000119
28983  6.562  -54.557  -8.213 0.6999999881
28984  5.547  -54.013  -7.847 0.4000000060
127970  4.123  -53.952  -7.091 0.4000000060
26223  14.870  -57.372  -6.421 0.8000000119
27106  14.460  -56.742  -6.716 0.8000000119
27107  13.514  -56.841  -6.888 0.8000000119
27125  12.171  -56.216  -7.496 0.8999999762
121042  8.077  -55.700  -8.026 0.8000000119
29002  8.067  -54.313  -8.763 0.6999999881
29003  7.017  -53.839  -8.613 0.6000000238
29888  4.835  -53.257  -8.010 0.3000000119
124729  7.757  -53.610  -8.996 0.5000000000
105822  21.899  -58.123  -2.840 0.1000000015
105818  22.684  -58.286  -3.875 0.1000000015
120629  22.161  -58.278  -4.004 0.2000000030
105807  22.782  -58.067  -4.744 0.2000000030
126491  20.224  -57.246  -5.035 0.2000000030
25298  20.096  -58.513  -4.311 0.2000000030
25305  19.477  -58.329  -5.255 0.3000000119
26220  19.359  -57.229  -6.150 0.4000000060
105409  19.487  -59.190  -4.728 0.6000000238
25306  18.767  -58.670  -6.079 0.4000000060
115225  18.629  -58.061  -6.629 0.4000000060
25318  18.153  -58.599  -6.891 0.4000000060
25332  18.196  -57.857  -7.261 0.4000000060
26238  16.732  -57.976  -7.572 0.6000000238
113819  16.721  -57.196  -7.764 0.6000000238
27121  15.947  -56.709  -7.220 0.6999999881
28032  11.715  -55.477  -7.961 0.8999999762
28033  10.643  -55.737  -8.022 0.8999999762
27105  15.213  -56.692  -6.787 0.8000000119
27123  14.073  -56.108  -7.072 0.8000000119
27124  13.147  -56.169  -7.323 0.8000000119
28031  12.778  -55.477  -7.710 0.8000000119
28034  9.600  -55.896  -8.055 0.8999999762
28049  9.306  -55.149  -8.399 0.6999999881
28050  8.487  -55.045  -8.424 0.6999999881
29004  6.118  -53.634  -8.242 0.5000000000
29887  5.522  -53.134  -8.150 0.3000000119
29899  9.664  -53.919  -9.025 0.5000000000
118396  8.598  -53.791  -9.110 0.5000000000
29902  6.113  -52.752  -8.469 0.4000000060
29903  4.744  -52.913  -8.610 0.2000000030
29900  8.051  -53.026  -9.254 0.3000000119
30764  7.432  -52.152  -9.026 0.4000000060
120422  23.538  -57.426  -4.493 0.2000000030
27982  21.777  -57.875  -4.397 0.2000000030
28013  19.614  -55.804  -6.792 0.2000000030
27103  19.932  -56.308  -5.938 0.2000000030
125741  18.896  -56.830  -7.123 0.3000000119
26236  18.347  -57.029  -7.619 0.4000000060
28025  19.337  -55.458  -7.494 0.2000000030
27117  18.954  -56.247  -7.424 0.3000000119
28026  18.655  -55.528  -8.144 0.3000000119
27119  17.399  -56.684  -8.141 0.5000000000
27120  16.547  -56.509  -7.883 0.6000000238
27136  16.804  -55.950  -8.283 0.5000000000
28028  15.220  -55.601  -7.308 0.6000000238
28029  14.539  -55.476  -7.312 0.6999999881
109731  13.360  -54.823  -7.860 0.8000000119
28981  12.482  -54.824  -8.119 0.6999999881
28047  10.987  -54.977  -8.356 0.8000000119
29000  10.418  -54.426  -8.645 0.6999999881
28997  13.028  -54.215  -8.231 0.8000000119
28998  12.170  -54.160  -8.445 0.6000000238
28999  11.291  -54.222  -8.576 0.6999999881
29907  10.059  -53.088  -9.368 0.4000000060
29908  9.041  -53.143  -9.440 0.3000000119
30747  5.326  -52.623  -8.478 0.2000000030
31656  8.815  -51.607  -9.617 0.3000000119
31641  7.811  -51.450  -9.187 0.3000000119
30765  6.465  -51.968  -8.733 0.3000000119
31642  6.798  -51.290  -8.808 0.3000000119
28012  20.091  -55.370  -6.126 0.2000000030
28044  17.044  -55.214  -8.558 0.3000000119
28994  16.240  -54.578  -8.376 0.5000000000
28979  14.932  -54.948  -7.548 0.5000000000
29885  14.264  -53.973  -8.137 0.5000000000
115241  11.750  -53.427  -8.842 0.5000000000
29898  10.709  -53.663  -8.934 0.4000000060
30773  9.429  -52.393  -9.641 0.3000000119
32573  9.210  -51.031  -9.777 0.3000000119
115757  7.519  -49.923  -8.947 0.3000000119
32561  6.334  -50.588  -8.958 0.2000000030
32559  8.306  -50.676  -9.293 0.3000000119
28947  20.168  -54.438  -6.172 0.2000000030
28962  19.873  -54.859  -7.058 0.2000000030
28977  19.320  -54.826  -7.882 0.2000000030
28978  18.723  -54.766  -8.353 0.2000000030
28992  18.338  -54.240  -8.563 0.3000000119
32558  9.232  -50.199  -9.618 0.3000000119
33443  8.789  -49.314  -9.222 0.3000000119
125634  -2.265  -89.357  -0.413 1.0000000000
3303  -4.260  -86.920  0.782 1.0000000000
2793  -3.823  -88.742  0.839 1.0000000000
1812  -1.960  -89.363  1.231 1.0000000000
3319  -4.138  -87.263  -0.503 1.0000000000
1822  -0.508  -90.320  0.435 0.8999999762
3893  -3.932  -86.598  -0.353 1.0000000000
2286  -3.023  -89.490  1.361 1.0000000000
3846  -1.468  -86.067  1.779 1.0000000000
3844  0.122  -85.949  2.363 1.0000000000
4390  -2.097  -84.894  3.292 1.0000000000
4922  -2.487  -84.285  4.800 0.8999999762
3821  -4.108  -85.593  3.275 0.8999999762
4366  -1.757  -84.550  5.098 0.8999999762
106902  0.837  -85.935  6.302 1.0000000000
111067  -0.468  -85.575  5.969 1.0000000000
17429  -4.242  -67.748  -12.416 0.6000000238
13234  -4.413  -72.545  -10.189 1.0000000000
14048  -4.691  -71.695  -11.971 1.0000000000
111034  -5.038  -69.296  -12.302 0.8999999762
111683  -4.017  -73.042  -8.056 1.0000000000
107850  -4.719  -68.277  -12.492 0.8000000119
107270  -4.534  -70.038  -9.637 0.8999999762
28038  2.163  -55.401  -7.036 0.1000000015
26233  0.814  -56.777  -6.102 0.1000000015
28017  3.049  -54.747  -6.190 0.3000000119
27131  1.938  -56.194  -7.150 0.1000000015
28987  2.855  -55.142  -7.531 0.1000000015
28001  1.644  -54.841  -5.838 0.1000000015
28964  3.714  -54.388  -6.718 0.3000000119
28965  3.122  -54.538  -6.670 0.3000000119
126548  1.872  -56.812  -7.139 0.1000000015
29905  3.747  -53.906  -7.815 0.1000000015
182  6.271  -96.366  -1.714 0.8999999762
114205  8.191  -96.865  -0.055 0.8999999762
28  7.226  -96.914  -1.103 0.8999999762
479  4.395  -94.241  4.113 0.8000000119
46  7.139  -96.849  -3.077 0.6999999881
379  4.193  -95.461  -4.961 0.8999999762
314  5.305  -95.232  3.575 0.8999999762
1761  3.557  -90.630  4.450 0.8000000119
118989  8.186  -95.174  0.434 0.8999999762
348  8.014  -95.324  -0.258 0.8999999762
776  6.361  -93.371  -4.588 0.8999999762
369  4.797  -95.513  -3.933 0.8999999762
183  5.752  -96.117  -2.394 0.8999999762
564  4.495  -94.267  -5.346 0.8999999762
395  3.887  -95.310  -6.648 0.8999999762
795  4.514  -93.694  -7.399 0.8999999762
578  4.369  -94.439  -8.150 0.8999999762
102  6.851  -95.682  -10.915 1.0000000000
1081  5.624  -92.911  -6.500 0.8999999762
108228  7.385  -95.588  -11.513 1.0000000000
111716  5.099  -93.838  -11.972 1.0000000000
1329  2.233  -92.103  3.004 0.8000000119
801  6.167  -93.483  -9.991 1.0000000000
1114  8.047  -92.667  -10.529 1.0000000000
83  10.051  -96.296  -10.262 0.8999999762
1367  2.120  -91.427  0.715 0.8000000119
1828  2.608  -90.650  -0.198 0.6999999881
123991  2.822  -90.669  0.826 0.8000000119
1025  1.625  -92.389  -1.934 0.8999999762
3315  3.468  -87.211  -0.927 0.6000000238
1376  -1.586  -89.669  -1.291 1.0000000000
1128  7.629  -93.001  -11.266 1.0000000000
819  7.213  -93.256  -12.107 1.0000000000
1139  8.604  -92.397  -12.615 1.0000000000
837  6.737  -93.355  -12.997 1.0000000000
106  10.110  -97.016  -13.130 0.6999999881
1149  8.216  -92.516  -13.693 1.0000000000
119254  9.977  -96.139  -13.053 0.8000000119
121  9.272  -94.621  -14.249 0.8999999762
121560  10.302  -94.366  -14.220 0.6999999881
278  8.088  -94.544  -15.587 0.8999999762
111063  1.871  -93.544  -2.463 1.0000000000
1044  2.490  -93.341  -3.868 1.0000000000
1428  3.898  -92.340  -4.153 1.0000000000
1831  -2.706  -89.202  -1.026 1.0000000000
1823  -1.103  -90.119  0.681 1.0000000000
1030  9.812  -92.239  -1.761 1.0000000000
5156  -2.974  -84.378  -17.371 0.6999999881
125864  6.754  -92.393  -17.138 1.0000000000
873  6.692  -93.113  -17.165 1.0000000000
445  9.069  -94.142  -17.568 0.8999999762
633  10.287  -93.924  -18.514 0.8999999762
122945  -2.180  -86.036  -2.287 1.0000000000
121613  10.508  -90.124  -11.602 1.0000000000
2473  -2.908  -89.772  -13.186 0.6999999881
1565  9.138  -91.169  -15.503 1.0000000000
1573  8.069  -90.978  -17.367 1.0000000000
3865  -4.215  -86.111  1.374 1.0000000000
8104  -3.666  -79.637  -18.606 1.0000000000
1920  -2.022  -90.052  -6.857 1.0000000000
2000  -2.678  -90.248  -12.263 0.6999999881
107182  -1.980  -90.314  -12.108 0.6000000238
2034  9.327  -90.426  -15.926 1.0000000000
877  11.811  -92.968  -19.338 0.6999999881
1185  10.287  -92.688  -20.162 0.8999999762
128336  -1.519  -84.619  -0.032 1.0000000000
2377  0.356  -90.115  -6.727 1.0000000000
1494  -1.307  -90.996  -8.276 0.8999999762
1976  -2.426  -90.504  -10.647 0.6999999881
2058  9.894  -89.836  -21.259 0.8000000119
109635  -3.012  -81.951  -0.112 1.0000000000
5985  -2.667  -82.707  -0.135 1.0000000000
4407  -2.444  -84.998  2.447 1.0000000000
4421  -3.516  -85.141  1.740 1.0000000000
5991  -0.519  -82.793  -0.975 1.0000000000
121490  -3.458  -83.554  -7.795 1.0000000000
8771  -3.528  -78.839  -17.760 1.0000000000
10271  -1.983  -76.418  -19.816 0.5000000000
2941  10.744  -88.249  -12.276 1.0000000000
1483  0.142  -91.411  -8.078 1.0000000000
1493  -0.435  -91.167  -8.467 0.8999999762
1508  -1.147  -90.905  -8.857 0.8000000119
117051  -1.614  -89.994  -10.347 0.6999999881
2983  7.302  -89.102  -16.585 1.0000000000
1590  11.155  -91.798  -21.609 0.8000000119
125222  0.891  -82.054  -0.237 1.0000000000
5982  0.707  -82.615  -0.566 1.0000000000
121235  1.928  -85.336  -6.827 1.0000000000
6057  -3.653  -82.508  -7.454 1.0000000000
122712  5.802  -88.747  -7.522 1.0000000000
2392  4.607  -89.912  -7.996 1.0000000000
2925  11.297  -88.447  -11.204 1.0000000000
1958  3.699  -91.106  -8.932 1.0000000000
1504  3.493  -91.447  -9.655 1.0000000000
1091  1.466  -92.017  -8.884 1.0000000000
2478  7.622  -89.277  -15.013 1.0000000000
1975  0.712  -91.026  -10.306 0.8999999762
1104  1.108  -91.828  -9.590 1.0000000000
1507  -0.261  -91.103  -9.107 0.8000000119
2418  -0.962  -89.954  -9.520 0.8000000119
2909  -1.267  -89.073  -9.776 0.6999999881
2921  -1.452  -88.980  -10.473 0.6999999881
2431  0.486  -90.008  -10.275 0.8000000119
2908  -0.754  -88.720  -9.473 0.6999999881
110306  7.488  -89.340  -14.063 1.0000000000
2509  5.059  -90.169  -17.412 1.0000000000
2523  4.478  -89.954  -18.301 1.0000000000
3028  6.238  -88.730  -19.175 1.0000000000
3030  3.758  -88.752  -19.257 1.0000000000
123218  8.668  -87.483  -22.146 0.8999999762
3571  5.602  -86.590  -21.381 0.8999999762
4952  0.548  -85.091  2.178 1.0000000000
3819  -0.327  -85.933  2.946 1.0000000000
8584  -1.002  -78.818  -0.298 1.0000000000
7902  -2.062  -79.761  -0.808 1.0000000000
7910  -1.561  -79.410  -1.513 1.0000000000
5014  4.368  -84.808  -2.456 1.0000000000
7917  0.928  -79.795  -2.709 1.0000000000
7927  -0.230  -79.002  -4.157 1.0000000000
6054  -3.639  -81.677  -6.702 1.0000000000
3964  5.738  -86.358  -6.542 1.0000000000
2882  6.984  -88.100  -7.945 1.0000000000
10983  -4.578  -75.176  -18.259 1.0000000000
2904  7.758  -88.560  -9.482 1.0000000000
2429  6.971  -89.299  -10.486 1.0000000000
1518  4.002  -91.312  -10.413 1.0000000000
106973  3.537  -91.837  -11.212 1.0000000000
1131  2.053  -92.066  -11.165 1.0000000000
114891  4.452  -90.897  -16.198 1.0000000000
2510  3.116  -90.128  -17.224 1.0000000000
113543  3.757  -90.852  -16.757 1.0000000000
3002  2.834  -89.543  -16.835 1.0000000000
118365  11.783  -91.664  -22.322 0.6999999881
4119  5.049  -86.615  -19.109 0.8999999762
3046  10.653  -87.879  -23.603 0.6999999881
3577  8.738  -86.403  -22.971 0.6999999881
5012  6.167  -84.992  -2.884 1.0000000000
5027  -0.440  -83.624  -5.261 1.0000000000
2893  7.326  -88.344  -8.643 1.0000000000
2444  6.803  -89.578  -11.303 1.0000000000
125051  4.310  -91.547  -12.556 1.0000000000
1129  3.044  -92.231  -11.825 1.0000000000
1542  3.107  -92.042  -12.702 1.0000000000
1142  2.315  -91.962  -11.862 1.0000000000
109208  8.285  -88.558  -11.014 1.0000000000
107881  5.636  -90.623  -13.039 1.0000000000
2015  4.266  -91.251  -15.316 1.0000000000
2496  2.739  -90.336  -16.294 1.0000000000
2029  2.570  -90.750  -15.415 1.0000000000
2007  4.505  -91.406  -14.454 1.0000000000
112347  1.777  -86.846  -9.407 0.2000000030
2966  3.175  -88.457  -15.035 1.0000000000
2497  2.400  -90.055  -15.467 1.0000000000
4110  5.477  -86.669  -17.978 0.6000000238
4118  6.088  -86.350  -18.589 0.6000000238
3579  10.731  -86.943  -24.005 0.4000000060
118829  0.401  -82.166  2.599 1.0000000000
120039  0.837  -77.293  -2.680 1.0000000000
9327  -0.779  -78.208  -3.469 1.0000000000
8639  -0.562  -78.201  -5.276 1.0000000000
9326  0.188  -78.268  -3.959 1.0000000000
5037  6.744  -84.165  -6.437 1.0000000000
4517  9.075  -85.925  -7.168 1.0000000000
11736  -4.625  -74.132  -18.871 0.8999999762
2917  7.699  -88.876  -10.322 1.0000000000
1997  6.030  -90.235  -12.386 1.0000000000
2006  5.128  -91.144  -13.796 1.0000000000
1551  4.203  -91.650  -13.807 1.0000000000
2468  2.152  -89.867  -13.882 1.0000000000
2945  3.219  -88.357  -12.733 0.8000000119
3465  4.049  -87.883  -12.809 0.6999999881
2930  2.889  -88.302  -11.761 0.6999999881
111378  3.774  -87.977  -11.947 0.6999999881
3444  3.198  -87.461  -10.209 0.5000000000
4534  0.860  -85.347  -9.375 0.2000000030
4109  6.587  -86.398  -17.684 0.6000000238
118984  0.593  -85.925  4.848 1.0000000000
118143  -0.168  -85.988  3.823 1.0000000000
122517  1.334  -76.922  -3.846 1.0000000000
9310  2.673  -77.040  -2.875 1.0000000000
6577  7.251  -81.907  -2.335 1.0000000000
9339  1.825  -76.820  -4.582 1.0000000000
113586  1.446  -76.983  -6.358 1.0000000000
6623  5.041  -81.543  -7.014 1.0000000000
5531  4.131  -83.104  -7.195 1.0000000000
5529  6.465  -83.112  -6.886 1.0000000000
117862  8.927  -84.575  -6.507 1.0000000000
3443  4.074  -87.394  -10.384 0.3000000119
125286  2.544  -78.001  -0.918 1.0000000000
127498  -0.659  -85.755  4.269 1.0000000000
108750  3.067  -76.737  -4.255 1.0000000000
123098  4.220  -77.126  -7.397 1.0000000000
9373  2.557  -77.491  -7.767 1.0000000000
7341  1.484  -80.479  -11.429 1.0000000000
6046  6.435  -81.944  -7.263 1.0000000000
107381  -4.957  -72.426  -16.658 1.0000000000
9383  4.829  -77.424  -8.839 1.0000000000
8661  3.792  -78.126  -9.164 1.0000000000
112933  3.302  -77.899  -10.865 1.0000000000
6621  6.757  -80.958  -7.236 1.0000000000
14101  -4.648  -70.686  -16.609 0.8999999762
106619  -4.977  -71.659  -16.124 1.0000000000
15778  -3.708  -69.539  -15.983 0.6000000238
7184  3.676  -80.795  2.415 1.0000000000
8579  4.112  -78.975  0.364 1.0000000000
108947  4.706  -78.500  -0.808 1.0000000000
5421  -2.005  -84.560  6.414 0.8999999762
10129  5.687  -76.665  -7.006 1.0000000000
10168  3.900  -76.554  -9.953 1.0000000000
9409  1.654  -77.076  -11.131 1.0000000000
6607  1.450  -81.030  -4.888 1.0000000000
7263  1.461  -80.567  -6.073 1.0000000000
14913  -5.043  -70.608  -13.719 0.8999999762
8616  6.002  -78.163  -2.049 1.0000000000
8617  5.202  -77.836  -2.236 1.0000000000
9337  5.791  -76.882  -4.493 1.0000000000
4334  0.073  -85.199  7.460 0.8999999762
10097  6.407  -76.690  -5.331 1.0000000000
5396  -1.357  -83.712  8.076 1.0000000000
4908  -2.243  -84.395  5.707 0.8999999762
5411  -2.412  -85.093  6.646 0.8999999762
124629  6.374  -76.357  -6.786 1.0000000000
10143  5.704  -76.202  -8.285 1.0000000000
10907  3.639  -75.983  -9.448 1.0000000000
10170  2.196  -76.291  -9.765 1.0000000000
14899  -5.039  -69.986  -12.992 0.8999999762
9306  8.476  -78.173  -3.034 1.0000000000
116944  7.250  -76.617  -5.438 1.0000000000
10859  7.766  -75.592  -5.771 1.0000000000
10113  6.896  -76.295  -6.133 1.0000000000
10882  5.943  -75.491  -7.922 1.0000000000
11634  4.749  -75.211  -8.290 1.0000000000
10909  1.957  -75.988  -8.914 1.0000000000
10156  0.243  -76.292  -8.767 1.0000000000
9386  -2.380  -76.977  -8.851 1.0000000000
116036  -4.960  -71.118  -12.764 0.8999999762
123183  5.841  -80.438  1.819 1.0000000000
5942  4.328  -82.860  5.499 1.0000000000
9295  9.992  -77.821  -2.069 1.0000000000
8614  8.921  -78.474  -2.538 1.0000000000
7907  7.942  -79.358  -0.894 1.0000000000
10827  8.820  -75.858  -3.884 1.0000000000
118123  8.316  -75.349  -4.443 1.0000000000
11576  6.989  -74.411  -5.204 1.0000000000
11595  6.132  -74.316  -6.168 1.0000000000
118772  5.330  -74.598  -7.367 1.0000000000
6491  -1.804  -81.500  8.163 0.8000000119
119947  5.153  -74.271  -5.869 1.0000000000
11635  3.921  -75.198  -8.183 1.0000000000
10883  2.852  -75.300  -7.919 1.0000000000
119866  1.181  -75.608  -7.647 1.0000000000
10145  -0.346  -75.905  -7.418 1.0000000000
12394  -4.297  -73.273  -9.691 1.0000000000
106932  -4.141  -73.935  -9.138 1.0000000000
14040  -4.705  -71.407  -11.232 0.8999999762
15710  -4.834  -69.314  -10.676 0.8999999762
5929  4.996  -82.153  6.717 1.0000000000
7181  7.487  -80.350  2.589 1.0000000000
7173  6.822  -80.510  4.846 1.0000000000
7130  4.664  -80.753  7.289 1.0000000000
7784  -3.095  -79.731  7.605 0.8999999762
10875  -3.047  -75.211  -6.334 1.0000000000
13217  -4.198  -72.380  -8.600 1.0000000000
14032  -4.413  -71.944  -9.779 0.8999999762
108360  6.639  -79.232  5.992 1.0000000000
9249  8.377  -76.691  2.744 1.0000000000
10721  8.633  -75.293  4.537 1.0000000000
10832  -0.506  -75.373  -3.249 1.0000000000
9978  7.444  -76.479  5.938 1.0000000000
10705  7.913  -75.808  5.590 1.0000000000
11454  8.894  -74.726  4.050 1.0000000000
11469  8.766  -75.311  2.492 1.0000000000
113803  -3.602  -74.148  -4.840 1.0000000000
14853  -4.316  -70.795  -8.174 0.8999999762
10723  5.247  -75.612  5.178 1.0000000000
9995  4.052  -77.119  4.197 1.0000000000
12240  9.228  -74.199  3.643 1.0000000000
12254  10.658  -73.775  2.164 1.0000000000
13981  -4.247  -71.237  -6.753 1.0000000000
107158  -4.083  -71.799  -4.845 1.0000000000
12338  -3.301  -73.651  -3.261 1.0000000000
15686  -4.303  -69.188  -8.877 0.8000000119
11549  -1.197  -74.729  -2.545 1.0000000000
107288  -2.020  -74.655  -2.655 1.0000000000
15641  -4.277  -69.449  -5.323 1.0000000000
109861  9.058  -70.966  2.221 1.0000000000
13870  10.919  -71.682  2.047 1.0000000000
12274  12.222  -73.870  0.263 1.0000000000
124412  -2.229  -72.363  -2.367 1.0000000000
13121  -2.842  -72.417  -2.125 1.0000000000
13930  -3.011  -71.696  -2.349 1.0000000000
14754  -3.430  -70.894  -2.543 1.0000000000
16455  -4.337  -68.702  -4.661 0.8999999762
16439  -4.318  -69.120  -3.710 0.8999999762
19174  -4.402  -65.570  -4.439 0.6999999881
12312  12.725  -73.633  -1.395 1.0000000000
13134  9.073  -71.996  -2.069 1.0000000000
13927  1.345  -71.985  -2.691 1.0000000000
126257  -0.057  -71.793  -3.264 1.0000000000
13139  -0.684  -73.176  -2.768 1.0000000000
109256  -4.563  -68.675  -2.897 0.8000000119
107223  -4.364  -66.992  -3.874 0.6999999881
14700  7.552  -70.502  1.837 1.0000000000
107585  9.114  -70.402  1.509 1.0000000000
14701  6.794  -70.378  1.505 1.0000000000
13077  2.085  -72.659  1.406 0.8999999762
13919  9.463  -71.671  -2.771 1.0000000000
16438  -0.063  -68.989  -2.735 1.0000000000
19131  -4.387  -65.728  -2.567 0.8999999762
14713  8.827  -69.896  0.828 1.0000000000
15572  11.313  -69.007  -0.959 1.0000000000
13905  13.912  -72.125  -1.474 1.0000000000
15595  7.165  -69.852  -3.955 1.0000000000
118796  5.787  -69.877  -3.711 1.0000000000
20016  -4.206  -64.251  -1.432 0.8000000119
15558  8.761  -68.866  -1.146 1.0000000000
15540  8.491  -69.392  -0.212 1.0000000000
15542  6.510  -69.592  -0.010 1.0000000000
16403  11.709  -68.693  -0.985 1.0000000000
14743  14.184  -70.627  -1.983 1.0000000000
13939  14.405  -71.884  -3.763 1.0000000000
20029  1.300  -64.883  -2.318 1.0000000000
20030  0.621  -64.886  -1.932 1.0000000000
20851  -3.511  -63.377  0.138 0.8000000119
21711  -2.386  -62.716  1.162 0.6999999881
107300  -3.074  -62.477  0.699 0.6000000238
19100  -3.951  -65.496  -0.257 0.8000000119
17271  8.742  -67.051  -2.305 1.0000000000
128235  11.266  -67.976  0.310 1.0000000000
14684  -2.695  -70.500  4.125 0.2000000030
110884  14.572  -70.220  -2.330 1.0000000000
16419  13.822  -68.897  -2.150 1.0000000000
125103  14.381  -71.601  -4.742 1.0000000000
14791  11.451  -70.625  -4.886 1.0000000000
14806  11.780  -70.114  -5.302 1.0000000000
19147  2.343  -65.327  -3.150 1.0000000000
124199  1.558  -63.837  -1.089 1.0000000000
20014  -0.153  -64.750  -1.422 0.8999999762
20052  2.761  -64.590  -2.986 1.0000000000
20900  3.155  -63.739  -1.684 1.0000000000
20868  -1.351  -63.987  0.052 0.8999999762
17247  10.733  -67.735  0.208 0.8999999762
15578  15.486  -69.517  -2.561 0.8999999762
111954  2.098  -63.496  0.536 0.8999999762
20846  1.193  -63.452  0.585 0.8000000119
20847  0.277  -63.376  0.713 0.8000000119
20867  -0.407  -63.683  -0.075 0.8000000119
115540  -0.307  -61.819  2.266 0.6000000238
21690  0.681  -62.233  2.179 0.6000000238
22541  -1.279  -61.432  2.145 0.5000000000
21708  0.967  -63.149  1.519 0.6999999881
21691  -0.981  -62.517  1.855 0.6999999881
17209  9.153  -68.000  2.368 0.6999999881
18141  7.282  -66.437  0.792 0.8999999762
17246  11.765  -67.931  0.961 0.8999999762
17301  15.218  -68.177  -2.052 0.8999999762
16432  16.433  -69.480  -3.003 0.8999999762
18243  7.893  -66.037  -4.491 1.0000000000
20863  3.971  -63.536  0.538 1.0000000000
20845  2.885  -63.254  1.287 0.8000000119
21688  2.585  -62.651  1.765 0.8000000119
116998  7.558  -67.518  3.358 0.6000000238
17243  14.267  -67.456  0.316 0.8999999762
18189  15.114  -67.280  -0.045 0.8999999762
17300  16.071  -68.179  -2.085 0.8999999762
15592  16.804  -69.815  -4.218 0.8999999762
20882  5.036  -63.630  -0.525 1.0000000000
22556  3.824  -62.048  1.600 0.8000000119
108646  3.215  -60.954  1.656 0.6000000238
19058  12.125  -65.764  1.983 0.6999999881
17212  5.433  -67.257  2.401 0.6000000238
18163  13.956  -67.032  1.005 0.8999999762
17278  17.646  -67.612  -2.008 0.8999999762
16416  17.528  -68.386  -2.820 0.8999999762
16467  17.121  -68.541  -5.461 0.8999999762
22555  4.415  -62.192  1.226 0.8000000119
110513  3.849  -60.993  0.956 0.8000000119
21723  6.834  -62.882  0.411 1.0000000000
19030  9.689  -65.259  3.647 0.5000000000
19029  10.421  -65.230  3.211 0.6999999881
19056  13.922  -65.234  1.085 0.6000000238
19057  12.971  -65.449  1.512 0.8000000119
19041  10.804  -65.988  2.827 0.6999999881
19040  11.441  -65.487  2.437 0.6999999881
119376  7.878  -66.993  3.991 0.6000000238
18092  8.558  -66.345  4.058 0.5000000000
18205  17.886  -66.879  -1.354 0.8999999762
18268  15.619  -66.771  -5.879 0.8999999762
22580  5.074  -61.639  0.245 0.8000000119
23445  4.280  -60.670  0.068 0.6999999881
22579  5.583  -61.453  -0.562 1.0000000000
119431  12.509  -63.958  1.666 0.5000000000
20822  11.584  -63.889  2.548 0.5000000000
19944  9.359  -64.475  3.920 0.3000000119
114417  9.039  -63.879  4.183 0.1000000015
18093  7.657  -66.282  4.506 0.4000000060
19081  15.709  -65.571  0.465 0.6999999881
18225  18.998  -66.562  -3.434 0.8999999762
18267  16.595  -66.717  -5.741 0.8999999762
110189  18.038  -65.965  -5.447 0.8999999762
23455  5.262  -60.474  -1.564 1.0000000000
127319  12.109  -63.667  2.092 0.4000000060
20823  11.088  -63.215  3.072 0.2000000030
20812  10.372  -63.701  3.408 0.2000000030
19996  19.029  -64.901  -0.162 0.6999999881
18239  18.718  -66.723  -4.281 0.8999999762
112368  15.079  -63.096  0.279 0.3000000119
21686  13.212  -62.845  1.245 0.3000000119
20830  11.851  -63.102  2.394 0.3000000119
21682  10.787  -62.209  3.225 0.2000000030
22530  11.192  -61.314  2.841 0.2000000030
22521  9.976  -61.990  3.519 0.2000000030
23406  9.455  -60.401  3.009 0.1000000015
19143  19.691  -65.122  -3.211 0.8999999762
109430  19.179  -66.001  -4.181 0.8999999762
20065  14.912  -63.903  -5.231 1.0000000000
24385  7.679  -59.864  -4.945 1.0000000000
22529  12.057  -61.636  2.284 0.2000000030
111109  12.751  -62.039  1.649 0.3000000119
23404  10.944  -60.301  2.480 0.1000000015
19977  18.657  -64.379  0.396 0.4000000060
20083  18.168  -64.611  -5.741 0.8999999762
108449  14.218  -62.346  -4.087 1.0000000000
25299  6.278  -58.818  -5.000 1.0000000000
26198  4.329  -57.089  -3.139 0.6999999881
27059  3.776  -56.304  -3.398 0.4000000060
21704  14.507  -62.442  0.508 0.3000000119
22535  13.193  -61.306  1.466 0.3000000119
23412  11.587  -59.900  2.050 0.1000000015
24317  11.126  -59.209  1.472 0.1000000015
25241  10.723  -58.497  0.521 0.1000000015
111539  9.383  -58.500  0.282 0.1000000015
20836  18.914  -63.390  0.517 0.4000000060
26172  8.688  -57.715  -1.219 0.1000000015
25258  10.761  -57.963  -0.356 0.1000000015
21801  16.404  -62.685  -6.395 0.8999999762
26215  5.401  -57.148  -5.405 0.8000000119
24404  6.881  -58.901  -5.402 1.0000000000
25240  11.741  -58.271  0.255 0.1000000015
111460  11.624  -57.843  -0.368 0.1000000015
21721  19.955  -62.266  -0.044 0.5000000000
27984  2.329  -55.220  -4.788 0.2000000030
27076  0.299  -55.971  -4.684 0.1000000015
27091  4.944  -56.270  -5.760 0.8000000119
23425  14.509  -60.028  0.386 0.1000000015
23443  15.762  -60.717  -0.355 0.2000000030
111702  15.235  -60.029  -0.157 0.1000000015
25257  12.438  -58.025  -0.110 0.1000000015
23424  17.714  -61.159  0.077 0.3000000119
22621  19.737  -61.883  -4.407 0.6999999881
22652  18.158  -61.372  -6.128 0.8000000119
27110  6.246  -56.528  -6.857 0.8000000119
23442  16.520  -60.517  -0.470 0.2000000030
124453  15.423  -59.288  -0.515 0.1000000015
22549  18.462  -61.299  0.277 0.3000000119
24342  16.929  -59.562  -0.553 0.1000000015
23440  18.025  -59.632  -0.192 0.1000000015
111712  16.145  -59.030  -0.791 0.1000000015
26167  13.931  -57.914  -0.690 0.1000000015
24329  19.029  -59.696  -0.028 0.3000000119
106068  19.992  -61.132  -3.821 0.6000000238
112897  18.697  -61.115  -5.314 0.6999999881
24412  15.449  -59.508  -6.330 0.8000000119
26224  13.965  -57.492  -6.412 0.8000000119
25253  16.852  -58.583  -0.836 0.1000000015
24341  19.908  -59.896  -0.133 0.2000000030
26180  15.263  -57.410  -1.410 0.1000000015
24355  21.003  -59.620  -1.135 0.2000000030
122024  20.923  -60.114  -2.748 0.4000000060
105408  20.126  -60.357  -3.629 0.4000000060
25333  17.459  -58.372  -7.432 0.6999999881
26239  12.560  -56.893  -7.125 0.8999999762
24362  21.240  -59.512  -2.253 0.2000000030
111235  21.153  -59.168  -3.039 0.2000000030
24371  20.628  -59.761  -3.336 0.3000000119
105987  20.800  -58.648  -3.517 0.3000000119
116004  19.081  -59.070  -5.374 0.5000000000
124963  8.849  -55.634  -8.187 0.8999999762
28963  4.414  -54.463  -6.836 0.5000000000
29904  4.220  -53.389  -8.216 0.2000000030
27122  14.872  -56.111  -6.997 0.8000000119
120731  23.388  -56.894  -2.969 0.1000000015
105411  20.939  -57.869  -3.970 0.2000000030
120630  23.296  -57.454  -4.920 0.1000000015
26211  21.614  -57.715  -5.403 0.2000000030
26212  19.688  -57.494  -5.507 0.3000000119
27089  19.775  -56.947  -5.709 0.3000000119
27088  20.333  -56.990  -5.000 0.2000000030
27104  19.356  -56.649  -6.564 0.2000000030
26237  17.470  -57.555  -7.746 0.5000000000
118112  15.419  -56.173  -7.113 0.6999999881
28048  10.118  -55.154  -8.381 0.8000000119
28030  13.712  -55.431  -7.456 0.8000000119
27997  20.451  -56.355  -5.087 0.2000000030
27118  18.243  -56.305  -8.076 0.3000000119
27135  17.681  -55.817  -8.425 0.4000000060
28043  17.984  -55.028  -8.621 0.3000000119
28045  16.295  -55.343  -8.163 0.5000000000
28046  15.589  -55.130  -7.755 0.5000000000
28980  14.219  -54.754  -7.690 0.6999999881
31643  6.120  -51.300  -8.834 0.3000000119
28946  20.344  -55.022  -5.365 0.2000000030
29895  15.741  -53.771  -8.395 0.5000000000
29896  14.932  -53.826  -8.177 0.5000000000
116195  8.343  -49.860  -9.172 0.2000000030
34266  9.176  -48.596  -9.252 0.2000000030
2777  -3.623  -88.408  1.606 1.0000000000
3273  -4.191  -86.528  2.152 1.0000000000
4938  -2.681  -84.373  3.965 0.8999999762
4909  -2.905  -84.287  5.394 0.8999999762
31  10.089  -96.658  -1.488 0.5000000000
32  9.309  -97.025  -1.188 0.6000000238
122727  8.637  -97.065  -0.648 0.6000000238
44  8.648  -96.508  -3.182 0.6000000238
198  8.808  -95.783  -4.480 0.5000000000
189  9.191  -95.923  -3.687 0.6000000238
120777  8.317  -96.276  -3.939 0.6000000238
106482  7.688  -96.613  -3.610 0.6000000238
206  8.663  -95.544  -5.267 0.6999999881
199  8.117  -96.021  -4.833 0.6000000238
51  7.539  -96.385  -4.418 0.6000000238
207  7.436  -96.143  -5.271 0.6999999881
57  6.158  -96.267  -5.676 0.6999999881
56  6.695  -96.385  -4.880 0.6999999881
109758  5.852  -96.350  -4.902 0.6999999881
228  7.261  -95.616  -7.689 0.8000000119
219  7.122  -95.888  -6.718 0.8000000119
62  6.359  -96.102  -6.525 0.8000000119
63  5.630  -96.139  -6.323 0.8000000119
58  5.078  -96.197  -5.758 0.8000000119
64  4.958  -95.939  -6.514 0.8000000119
80  5.645  -95.601  -7.884 0.8000000119
89  5.728  -95.487  -8.901 0.8000000119
245  5.390  -95.298  -9.121 0.8000000119
23  11.100  -96.491  -0.301 0.4000000060
17  10.552  -96.611  0.189 0.5000000000
27  8.232  -97.071  -0.847 0.6000000238
375  11.525  -94.093  -5.017 0.5000000000
107897  11.229  -93.898  -4.121 0.5000000000
376  10.627  -94.244  -4.494 0.5000000000
367  10.581  -94.653  -3.462 0.5000000000
377  9.865  -94.759  -4.933 0.6000000238
205  9.212  -95.333  -4.916 0.6000000238
392  10.493  -94.682  -6.777 0.6000000238
385  10.244  -94.433  -5.933 0.6000000238
114762  8.364  -95.279  -7.025 0.6999999881
113891  8.012  -95.802  -5.664 0.6999999881
237  7.612  -95.515  -8.572 0.8000000119
227  8.159  -95.361  -7.883 0.8000000119
243  8.076  -95.563  -9.399 0.8000000119
79  6.758  -95.643  -8.409 0.8000000119
112337  6.164  -95.599  -8.708 0.8000000119
154  8.841  -96.229  3.531 0.5000000000
155  8.001  -96.446  3.247 0.6999999881
126798  10.297  -96.197  3.013 0.2000000030
1  9.703  -96.231  3.122 0.4000000060
15  12.135  -96.438  0.805 0.4000000060
16  11.372  -96.514  0.461 0.4000000060
4  10.831  -96.276  1.954 0.2000000030
5  9.474  -96.300  2.313 0.4000000060
6  8.738  -96.406  2.129 0.5000000000
7  8.035  -96.530  2.009 0.6999999881
111419  9.791  -96.426  0.809 0.5000000000
374  12.401  -94.839  -4.872 0.5000000000
119355  12.868  -94.879  -4.260 0.5000000000
384  11.280  -94.557  -6.121 0.5000000000
383  12.012  -94.789  -5.574 0.5000000000
217  11.195  -95.018  -6.993 0.6000000238
397  9.770  -94.941  -7.248 0.8000000119
225  9.804  -95.311  -7.989 0.8000000119
112261  9.027  -95.321  -8.378 0.8999999762
226  9.007  -95.185  -7.579 0.8000000119
235  9.860  -95.559  -8.745 0.8999999762
236  9.028  -95.502  -9.155 0.8999999762
77  8.951  -95.663  -9.862 0.8999999762
145  7.538  -96.239  4.440 0.8000000119
144  8.473  -96.243  4.447 0.4000000060
141  10.874  -96.043  4.398 0.2000000030
142  10.115  -96.101  4.420 0.3000000119
0  10.940  -96.196  2.874 0.2000000030
8  12.188  -96.371  1.578 0.3000000119
204  12.095  -95.202  -6.263 0.5000000000
234  10.518  -95.611  -8.309 0.6999999881
127992  11.554  -95.949  -8.722 0.6000000238
75  10.832  -95.933  -8.915 0.8000000119
76  9.900  -95.826  -9.562 0.8000000119
74  11.574  -96.167  -9.215 0.6000000238
93  9.505  -96.369  -10.964 0.6000000238
127715  10.531  -97.081  -11.711 0.6000000238
135  9.020  -96.225  5.134 0.4000000060
134  9.838  -96.125  5.232 0.4000000060
143  9.314  -96.185  4.442 0.4000000060
215  12.564  -95.455  -6.388 0.5000000000
216  11.726  -95.195  -6.805 0.5000000000
214  12.463  -95.506  -7.242 0.5000000000
116072  13.631  -95.529  -7.062 0.4000000060
391  15.622  -95.079  -6.215 0.3000000119
60  12.915  -95.548  -7.543 0.5000000000
221  14.208  -95.354  -7.089 0.4000000060
396  14.895  -94.950  -7.033 0.3000000119
72  12.328  -95.835  -8.947 0.5000000000
232  13.433  -95.162  -8.329 0.5000000000
401  14.444  -94.712  -7.736 0.5000000000
73  12.000  -95.979  -8.871 0.5000000000
240  13.221  -95.192  -8.913 0.5000000000
1097  13.516  -92.318  -9.160 0.5000000000
108900  11.528  -96.437  -9.666 0.5000000000
81  12.285  -95.869  -9.316 0.5000000000
1514  13.225  -91.489  -10.288 0.5000000000
115808  12.761  -92.883  -10.357 0.5000000000
92  10.518  -97.060  -10.914 0.5000000000
242  12.296  -95.979  -9.709 0.5000000000
1113  12.645  -92.153  -10.700 0.5000000000
113941  12.339  -92.881  -10.802 0.5000000000
97  12.031  -96.985  -11.442 0.5000000000
1126  12.173  -92.493  -11.390 0.5000000000
258  11.734  -96.699  -13.112 0.6000000238
1137  12.398  -92.045  -12.405 0.5000000000
1127  11.636  -92.871  -12.015 0.5000000000
417  12.129  -96.261  -12.227 0.5000000000
602  10.729  -93.874  -12.947 0.6000000238
603  10.636  -93.827  -13.622 0.6000000238
1153  12.827  -92.863  -14.544 0.5000000000
853  12.724  -92.928  -16.006 0.6000000238
852  13.630  -93.460  -15.797 0.4000000060
860  13.351  -93.080  -16.612 0.6000000238
868  12.908  -92.608  -17.519 0.6000000238
859  14.106  -93.287  -17.165 0.6000000238
136  8.065  -96.246  5.126 0.4000000060
788  17.262  -93.393  -6.703 0.2000000030
115260  18.062  -93.531  -6.372 0.2000000030
1477  16.244  -91.642  -6.942 0.2000000030
1082  15.804  -92.490  -7.266 0.2000000030
793  15.690  -93.398  -7.450 0.3000000119
123201  16.110  -93.841  -7.174 0.2000000030
390  15.792  -94.646  -6.707 0.2000000030
400  15.251  -94.488  -7.313 0.3000000119
402  13.741  -94.883  -8.312 0.5000000000
91  11.613  -97.067  -10.768 0.5000000000
251  12.112  -96.236  -10.953 0.5000000000
250  12.369  -95.773  -10.494 0.5000000000
818  11.387  -93.754  -11.788 0.5000000000
118792  12.128  -96.742  -11.884 0.5000000000
817  11.928  -93.485  -11.192 0.5000000000
413  12.286  -95.950  -11.294 0.5000000000
596  11.092  -94.458  -12.012 0.5000000000
419  10.715  -94.539  -12.657 0.6000000238
424  10.982  -95.365  -12.478 0.5000000000
1478  15.428  -91.499  -7.352 0.2000000030
1086  15.182  -92.867  -7.674 0.2000000030
576  14.774  -94.309  -7.863 0.4000000060
796  14.909  -93.601  -7.917 0.4000000060
577  14.301  -94.155  -8.384 0.5000000000
405  13.507  -94.918  -8.895 0.5000000000
800  13.577  -93.201  -9.164 0.5000000000
580  13.536  -94.175  -9.427 0.5000000000
406  13.053  -95.232  -9.448 0.5000000000
807  13.182  -93.500  -9.949 0.5000000000
582  13.052  -94.554  -10.075 0.5000000000
410  13.022  -94.952  -9.889 0.5000000000
808  12.612  -93.621  -10.531 0.5000000000
412  12.581  -95.355  -10.399 0.5000000000
589  11.673  -94.483  -11.407 0.5000000000
583  12.319  -94.484  -10.754 0.5000000000
414  11.726  -95.437  -11.717 0.5000000000
418  11.400  -95.557  -12.356 0.5000000000
464  6.542  -94.776  6.384 0.6000000238
1760  4.278  -90.853  4.986 0.4000000060
2253  4.717  -89.730  3.657 0.5000000000
2270  3.915  -89.773  2.162 0.6999999881
2269  4.748  -89.360  2.730 0.5000000000
2284  4.071  -89.658  1.157 0.6000000238
2283  4.607  -89.299  1.702 0.6000000238
1820  3.509  -90.005  0.330 0.6000000238
124924  4.677  -89.191  0.965 0.6000000238
2300  4.418  -89.332  0.293 0.5000000000
2789  5.618  -87.992  -0.391 0.4000000060
799  14.146  -93.382  -8.455 0.4000000060
477  5.980  -94.485  5.352 0.6000000238
489  6.417  -94.141  3.927 0.3000000119
465  5.330  -94.613  6.374 0.6000000238
682  4.968  -93.704  4.675 0.6000000238
703  5.098  -93.218  3.710 0.5000000000
952  5.025  -91.960  4.293 0.6000000238
684  3.634  -93.396  4.570 0.6999999881
667  4.429  -93.640  5.295 0.6000000238
1314  4.388  -92.013  4.945 0.6000000238
106450  4.912  -91.189  4.930 0.4000000060
115395  3.015  -93.088  4.590 0.6999999881
943  3.704  -92.818  5.183 0.6999999881
972  2.421  -92.119  3.841 0.6999999881
1302  2.958  -91.987  5.038 0.6999999881
114748  1.949  -93.123  1.858 0.6999999881
1361  2.620  -91.080  1.747 0.6999999881
123473  5.698  -88.919  2.608 0.3000000119
2759  5.340  -88.845  1.921 0.2000000030
124628  5.982  -87.853  0.242 0.2000000030
2307  4.058  -89.485  -0.558 0.6000000238
702  5.817  -93.206  3.115 0.4000000060
491  2.860  -93.520  3.345 0.6999999881
1759  5.854  -90.797  4.630 0.3000000119
497  2.256  -93.565  1.697 0.6999999881
2236  5.158  -89.987  4.158 0.3000000119
712  2.447  -93.147  2.558 0.6999999881
2251  7.062  -89.354  3.553 0.2000000030
2252  5.687  -89.407  3.461 0.3000000119
2736  7.999  -88.276  3.092 0.2000000030
2758  6.296  -88.290  2.033 0.2000000030
2772  6.847  -87.442  1.415 0.1000000015
2790  4.846  -88.773  -0.547 0.5000000000
3843  3.659  -86.397  2.193 0.2000000030
3271  2.599  -87.351  2.593 0.2000000030
3288  2.198  -87.846  0.777 0.5000000000
3272  2.250  -87.762  1.820 0.3000000119
2775  1.637  -88.422  1.193 0.5000000000
3801  4.326  -86.526  3.901 0.1000000015
2760  1.981  -87.938  2.893 0.3000000119
2776  0.985  -89.076  1.490 0.6000000238
3251  2.663  -87.321  3.376 0.3000000119
127281  1.357  -88.583  2.894 0.3000000119
2761  1.491  -88.496  2.136 0.3000000119
2271  0.763  -89.221  2.489 0.4000000060
2723  1.445  -88.559  4.315 0.3000000119
2738  2.091  -87.850  3.877 0.3000000119
2254  0.955  -88.964  3.450 0.3000000119
121810  0.100  -90.099  3.789 0.3000000119
1792  0.139  -90.010  2.465 0.5000000000
1795  -1.534  -89.726  1.951 0.6999999881
1810  -0.703  -90.318  1.475 0.6999999881
116970  0.566  -89.551  4.229 0.3000000119
1779  -0.983  -90.020  3.714 0.3000000119
112512  -1.252  -89.968  2.842 0.4000000060
2740  -2.166  -88.742  3.724 0.6000000238
2272  -2.247  -89.228  2.108 0.6999999881
2257  -2.903  -89.030  2.671 0.8000000119
1741  0.763  -89.847  6.082 0.2000000030
1743  -0.089  -90.008  5.193 0.2000000030
1764  -1.069  -89.500  4.502 0.3000000119
1742  0.184  -90.041  5.907 0.3000000119
2219  -1.034  -89.440  5.302 0.3000000119
2205  -1.659  -88.601  5.891 0.3000000119
4422  -4.007  -85.404  1.741 0.8999999762
111453  -2.157  -88.508  4.555 0.4000000060
115354  -3.239  -87.862  3.302 0.8000000119
2188  -0.872  -88.604  7.273 0.3000000119
3228  -2.355  -87.743  5.613 0.6000000238
2724  -2.771  -88.142  3.993 0.5000000000
3848  -4.204  -85.791  2.548 0.8999999762
2689  -1.354  -87.876  7.300 0.5000000000
2698  -1.945  -87.976  6.292 0.4000000060
110925  -2.090  -87.239  6.954 0.6000000238
3822  -4.033  -85.000  2.544 0.8000000119
116232  -3.828  -86.813  3.062 0.6999999881
3241  -3.077  -87.393  4.473 0.6000000238
3229  -2.849  -87.266  5.318 0.6000000238
115204  -3.365  -86.401  4.859 0.6000000238
4940  -3.493  -84.541  3.313 0.8000000119
110759  -1.753  -87.042  7.778 0.5000000000
3204  -3.033  -86.273  6.612 0.6000000238
4378  -3.690  -84.802  4.560 0.8000000119
122281  -3.492  -85.801  5.427 0.6999999881
3203  -2.455  -86.411  7.311 0.6000000238
4367  -3.461  -85.006  5.403 0.6999999881
109199  -3.334  -84.461  4.967 0.8000000119
4318  -2.855  -85.106  7.997 0.6000000238
4351  -3.128  -85.514  6.639 0.6000000238
5423  -2.754  -84.822  5.968 0.8000000119
4335  -2.795  -85.363  7.106 0.6999999881
4845  -2.963  -84.831  8.840 0.6000000238
5398  -2.609  -84.905  7.805 0.6000000238
7785  -3.907  -79.416  8.446 0.6999999881
110066  -4.027  -79.209  7.487 0.6999999881
7109  -3.494  -79.953  9.855 0.6000000238
7120  -3.420  -80.030  9.106 0.6000000238
8453  -3.806  -78.580  10.057 0.5000000000
7786  -4.371  -78.654  7.903 0.6000000238
9156  -3.766  -77.745  8.863 0.5000000000
8511  -4.384  -78.189  7.155 0.8000000119
9181  -3.807  -77.494  7.891 0.6000000238
8452  -2.955  -78.150  9.980 0.5000000000
7826  -4.220  -78.888  5.891 0.8000000119
16570  -4.314  -67.942  -13.189 0.6000000238
9202  -4.289  -77.676  6.528 0.8000000119
9180  -2.989  -77.019  7.530 0.6000000238
15699  -4.506  -68.715  -9.959 0.6999999881
9220  -4.109  -77.257  5.636 0.8000000119
9201  -3.670  -77.048  6.648 0.6000000238
16516  -4.286  -68.202  -8.512 0.8000000119
17400  -4.143  -67.116  -9.917 0.4000000060
9969  -3.609  -76.882  5.505 0.6999999881
17382  -4.397  -67.106  -7.699 0.6000000238
10001  -3.595  -76.713  4.034 0.6999999881
9986  -3.897  -76.938  4.778 0.6999999881
9219  -2.788  -76.716  5.120 0.6000000238
13084  -0.564  -72.435  0.237 0.6999999881
13884  -1.856  -71.435  0.532 0.6000000238
16396  1.672  -68.268  -0.754 0.8000000119
111216  0.232  -69.915  -0.077 0.8000000119
13883  -0.257  -71.174  0.384 0.6999999881
17275  1.792  -67.163  -0.904 0.8000000119
119801  0.395  -69.040  -0.139 0.8000000119
111809  -4.398  -64.736  -5.147 0.5000000000
15549  -0.304  -69.081  0.281 0.6999999881
15550  -0.691  -69.771  0.532 0.6999999881
111724  -1.049  -70.977  0.594 0.6999999881
109820  5.034  -65.447  -0.663 0.8000000119
18193  4.421  -66.036  -1.312 0.8000000119
19084  2.870  -65.544  -0.443 0.6000000238
17274  2.570  -66.909  -1.327 0.8000000119
125481  1.279  -66.949  -0.614 0.8000000119
15566  0.902  -68.471  -0.426 0.8000000119
18169  3.846  -65.391  -0.279 0.6999999881
18170  1.655  -65.737  -0.258 0.6999999881
18171  1.001  -65.853  -0.066 0.6000000238
17276  0.794  -66.725  -0.310 0.6000000238
18168  5.758  -65.410  0.158 0.8000000119
18144  3.551  -65.919  1.128 0.5000000000
19059  2.830  -65.528  0.373 0.6000000238
18145  2.583  -66.081  1.514 0.6000000238
19086  1.475  -65.615  0.356 0.6000000238
17213  4.642  -67.087  2.323 0.4000000060
18122  3.281  -67.045  2.836 0.4000000060
17196  4.941  -67.442  3.115 0.4000000060
17197  4.092  -67.322  2.968 0.4000000060
18097  4.055  -66.264  4.296 0.2000000030
19032  3.198  -65.978  4.086 0.2000000030
120053  1.286  -65.564  1.106 0.5000000000
19087  0.664  -65.682  0.780 0.5000000000
18108  2.785  -66.525  3.370 0.4000000060
18124  1.641  -66.013  2.063 0.4000000060
18105  5.360  -67.201  3.907 0.3000000119
19043  1.188  -65.553  2.707 0.4000000060
17195  5.807  -67.499  3.223 0.5000000000
18106  4.482  -67.064  3.734 0.2000000030
19033  2.394  -65.529  3.788 0.3000000119
18109  1.890  -66.186  3.129 0.4000000060
22539  1.310  -61.404  2.319 0.5000000000
124552  -0.045  -60.031  2.138 0.5000000000
22538  2.212  -61.681  2.139 0.6000000238
23414  0.898  -60.115  2.214 0.5000000000
19017  8.281  -65.397  4.495 0.2000000030
24336  -0.489  -59.143  1.079 0.3000000119
24322  0.028  -59.346  1.594 0.3000000119
23413  1.825  -60.714  2.261 0.5000000000
24335  0.083  -58.743  0.911 0.3000000119
25246  0.380  -58.271  0.321 0.4000000060
25264  1.785  -57.829  0.150 0.4000000060
24333  2.201  -59.014  1.348 0.5000000000
24347  2.539  -58.603  0.654 0.5000000000
116328  16.227  -52.970  -8.582 0.4000000060
29886  13.733  -54.300  -8.057 0.6000000238
30759  14.500  -53.162  -8.395 0.4000000060
127502  14.049  -53.428  -8.337 0.4000000060
29897  12.716  -53.546  -8.554 0.5000000000
30756  16.768  -52.184  -8.693 0.4000000060
30758  14.937  -52.419  -8.615 0.3000000119
30760  13.804  -52.907  -8.552 0.3000000119
122832  13.255  -52.575  -8.849 0.4000000060
30762  11.743  -52.697  -9.200 0.3000000119
30772  10.384  -52.334  -9.610 0.3000000119
69  6.554  -95.833  -7.384 0.8000000119
70  5.956  -95.927  -7.162 0.8000000119
393  9.602  -94.842  -6.461 0.6999999881
230  4.179  -95.273  -7.294 0.8000000119
575  3.975  -94.593  -7.460 0.8000000119
223  11.581  -95.495  -7.541 0.6000000238
455  4.548  -94.223  5.164 0.6999999881
18  9.299  -96.708  0.287 0.6999999881
38  9.432  -96.808  -2.000 0.6000000238
45  7.994  -96.869  -2.876 0.6000000238
110080  4.234  -94.925  -7.862 0.8000000119
480  3.563  -94.031  4.262 0.6999999881
1328  2.520  -91.532  3.323 0.6999999881
262  10.880  -96.100  -13.430 0.6000000238
425  10.307  -94.712  -13.367 0.6000000238
861  12.330  -92.704  -16.765 0.6000000238
114724  4.498  -66.247  1.324 0.6000000238
120129  13.191  -53.091  -8.634 0.4000000060
30761  12.545  -52.790  -8.967 0.3000000119
16557  -4.508  -67.907  -11.759 0.5000000000
117359  15.310  -53.070  -8.446 0.3000000119
121308  9.840  -96.722  0.054 0.5000000000
197  9.913  -95.189  -4.013 0.5000000000
394  8.675  -95.295  -6.196 0.6000000238
112560  7.446  -95.973  -5.990 0.8000000119
118487  7.707  -95.497  -7.147 0.8000000119
71  5.415  -95.830  -7.032 0.8000000119
238  5.153  -95.340  -8.282 0.8000000119
10  10.695  -96.417  1.066 0.4000000060
111846  10.737  -94.139  -5.357 0.6000000238
66  12.278  -95.671  -8.179 0.5000000000
212  14.829  -95.288  -6.487 0.4000000060
571  16.734  -94.023  -6.739 0.2000000030
1087  14.536  -92.731  -8.047 0.5000000000
2737  6.736  -88.641  2.806 0.2000000030
107366  -0.720  -90.068  2.975 0.4000000060
1729  -0.503  -89.714  6.314 0.3000000119
7770  -4.052  -79.295  9.444 0.6000000238
19085  2.172  -65.506  -0.041 0.6000000238
127136  3.130  -66.634  2.126 0.4000000060
18123  2.497  -66.610  2.632 0.4000000060
18107  3.640  -66.822  3.560 0.4000000060
30757  15.758  -52.312  -8.655 0.3000000119
118475  14.298  -52.474  -8.649 0.3000000119
31636  16.206  -51.576  -8.859 0.2000000030
351  11.899  -94.303  -1.520 0.3000000119
184  10.939  -95.093  -2.003 0.4000000060
181  10.527  -95.932  -1.730 0.5000000000
357  11.485  -94.219  -2.379 0.4000000060
185  10.390  -95.482  -2.553 0.4000000060
122015  9.910  -95.692  -3.198 0.4000000060
542  12.804  -93.610  -1.618 0.3000000119
356  12.100  -93.709  -2.472 0.4000000060
543  12.035  -93.683  -3.298 0.4000000060
366  11.369  -93.989  -3.342 0.4000000060
535  13.508  -93.347  -1.285 0.3000000119
118476  12.576  -93.522  -2.578 0.3000000119
541  13.025  -93.250  -2.560 0.3000000119
550  12.594  -93.747  -3.360 0.4000000060
746  13.728  -92.882  -1.880 0.3000000119
110232  12.968  -93.881  -3.502 0.4000000060
549  13.428  -93.847  -3.760 0.4000000060
364  13.045  -94.517  -3.887 0.4000000060
373  13.492  -95.114  -4.398 0.4000000060
121635  12.625  -94.168  -3.799 0.4000000060
195  13.166  -95.458  -4.966 0.4000000060
763  14.443  -92.557  -4.054 0.4000000060
122692  13.638  -92.928  -3.378 0.4000000060
1039  15.262  -91.790  -3.932 0.2000000030
1055  15.322  -92.545  -4.556 0.3000000119
557  15.165  -94.368  -4.626 0.3000000119
558  14.162  -93.528  -4.219 0.4000000060
362  14.229  -94.552  -4.358 0.4000000060
372  14.215  -95.079  -4.535 0.4000000060
202  13.711  -95.581  -5.653 0.4000000060
203  13.046  -95.554  -5.778 0.4000000060
109716  16.481  -93.035  -4.616 0.2000000030
194  14.028  -95.417  -4.969 0.4000000060
3464  4.983  -87.302  -12.632 0.1000000015
4052  5.734  -86.883  -13.209 0.1000000015
112706  7.163  -86.223  -14.165 0.1000000015
4051  6.373  -86.287  -12.750 0.1000000015
4063  7.314  -86.297  -15.154 0.1000000015
4600  7.864  -85.883  -15.871 0.3000000119
4668  8.512  -85.234  -21.001 0.4000000060
4037  6.080  -86.257  -11.858 0.1000000015
122234  5.392  -86.797  -11.543 0.1000000015
4573  7.557  -85.544  -13.089 0.1000000015
124441  7.986  -85.715  -15.186 0.2000000030
4631  8.325  -85.259  -17.396 0.2000000030
4612  8.312  -85.311  -16.440 0.2000000030
4656  9.181  -85.286  -20.214 0.4000000060
4645  8.198  -85.272  -18.998 0.3000000119
4557  6.638  -85.918  -12.073 0.1000000015
4548  6.542  -85.780  -11.328 0.1000000015
4026  5.302  -86.558  -10.380 0.2000000030
4542  5.790  -85.960  -9.866 0.1000000015
3431  2.697  -86.900  -9.554 0.3000000119
3446  -1.140  -87.094  -10.248 0.4000000060
2948  -0.893  -89.301  -12.922 0.4000000060
5654  -2.689  -84.172  -18.368 0.6000000238
5667  -3.077  -83.382  -18.481 0.6000000238
3748  -2.095  -86.199  8.168 0.5000000000
3736  -2.712  -85.512  9.671 0.4000000060
115536  -3.333  -84.658  9.475 0.5000000000
5359  -3.453  -83.786  10.431 0.5000000000
109453  -3.123  -82.164  10.112 0.4000000060
5367  -3.208  -84.346  9.438 0.5000000000
111268  -2.859  -83.873  9.170 0.5000000000
5902  -2.616  -83.863  8.888 0.5000000000
127674  -2.937  -81.933  9.526 0.5000000000
6469  -2.747  -81.467  11.432 0.4000000060
116386  -3.255  -80.127  10.514 0.5000000000
6481  -2.656  -81.745  9.149 0.5000000000
7708  -2.436  -80.003  11.354 0.3000000119
7734  -2.888  -79.380  11.071 0.4000000060
8451  -1.556  -78.255  9.710 0.4000000060
7099  -2.961  -80.448  11.092 0.4000000060
8432  -3.432  -79.137  10.535 0.4000000060
8481  -2.271  -77.727  9.087 0.3000000119
128248  -3.206  -77.701  9.254 0.4000000060
16582  -2.935  -67.945  -13.332 0.3000000119
16555  -3.013  -67.643  -11.720 0.3000000119
10000  -2.567  -76.554  4.179 0.6000000238
9999  -1.328  -76.556  4.078 0.4000000060
17428  -3.685  -67.332  -11.472 0.4000000060
10740  -0.365  -75.336  3.458 0.3000000119
10742  -2.756  -75.823  3.255 0.6000000238
18302  -4.306  -66.169  -7.994 0.4000000060
123647  -4.463  -66.565  -6.888 0.5000000000
19214  -4.401  -65.498  -6.597 0.4000000060
20077  -4.183  -63.849  -5.944 0.4000000060
13885  -2.968  -71.081  0.638 0.5000000000
14723  -3.454  -70.778  0.925 0.4000000060
14707  -3.528  -70.421  1.219 0.3000000119
14722  -2.136  -70.506  0.715 0.5000000000
20918  -4.189  -63.105  -4.250 0.3000000119
21775  -4.042  -62.311  -4.783 0.3000000119
14693  -3.144  -70.134  2.614 0.3000000119
15551  -2.835  -69.745  0.828 0.4000000060
16385  -2.351  -68.895  1.018 0.3000000119
21747  -4.115  -62.508  -2.322 0.4000000060
127299  -3.962  -61.930  -1.835 0.6000000238
16377  -3.266  -68.437  1.888 0.3000000119
15537  -3.183  -69.249  1.235 0.3000000119
16376  -2.879  -68.479  1.391 0.4000000060
112138  -1.170  -69.010  0.769 0.3000000119
16383  -0.699  -68.422  0.581 0.4000000060
16384  -1.499  -68.139  0.932 0.3000000119
17252  -0.694  -67.565  0.639 0.5000000000
18146  -0.207  -65.788  0.947 0.4000000060
18149  -2.716  -66.745  1.714 0.3000000119
18174  -1.213  -66.914  0.978 0.4000000060
18147  -1.000  -66.071  1.180 0.4000000060
19064  -1.584  -65.584  1.663 0.5000000000
18148  -1.821  -66.435  1.429 0.4000000060
19044  0.356  -65.065  2.350 0.4000000060
19045  -0.465  -64.889  2.190 0.4000000060
4075  7.170  -86.443  -16.189 0.3000000119
10755  -2.498  -74.981  3.067 0.5000000000
21727  -3.940  -62.668  -0.537 0.6000000238
21738  -4.072  -62.655  -1.408 0.6000000238
30  10.795  -96.375  -1.023 0.5000000000
186  9.413  -96.334  -2.764 0.4000000060
358  10.929  -94.603  -2.709 0.4000000060
3749  -2.563  -85.588  8.777 0.4000000060
5381  -2.780  -84.695  8.726 0.5000000000
17385  -3.790  -66.545  -9.565 0.4000000060
17251  0.089  -67.128  0.149 0.6000000238
127432  11.421  -94.851  -1.616 0.4000000060
126459  13.467  -92.895  -2.581 0.3000000119
124829  14.888  -94.973  -4.662 0.2000000030
119830  7.692  -85.661  -13.737 0.1000000015
118052  -1.188  -75.842  3.346 0.5000000000
476  6.989  -94.642  5.217 0.4000000060
485  10.249  -94.348  3.976 0.2000000030
462  8.495  -94.822  5.829 0.3000000119
473  10.444  -94.570  5.049 0.2000000030
452  9.043  -94.982  6.362 0.3000000119
127  8.610  -96.143  5.885 0.3000000119
126  9.467  -96.054  5.939 0.3000000119
4652  -1.834  -85.462  -18.212 0.3000000119
6181  -1.665  -83.855  -19.582 0.2000000030
5138  -1.199  -84.744  -17.076 0.2000000030
5170  -2.110  -85.145  -18.982 0.2000000030
126543  -1.162  -82.134  -20.569 0.3000000119
111123  -1.495  -81.391  -21.355 0.4000000060
7416  -0.436  -80.702  -17.602 0.2000000030
7430  -0.683  -80.980  -19.104 0.2000000030
8103  -0.444  -79.917  -18.888 0.3000000119
7440  -0.671  -80.460  -19.874 0.3000000119
8127  -1.031  -79.685  -20.924 0.4000000060
9543  -0.728  -77.548  -18.590 0.3000000119
8802  -0.889  -78.784  -20.318 0.4000000060
118983  -0.510  -79.147  -19.408 0.3000000119
11718  -1.105  -74.578  -17.557 0.2000000030
12536  -2.609  -73.318  -19.399 0.3000000119
12573  -3.435  -73.913  -19.981 0.3000000119
122421  -2.441  -74.847  -19.660 0.3000000119
11773  -3.363  -74.670  -20.120 0.6000000238
10250  -1.060  -76.122  -17.831 0.2000000030
11001  -2.214  -75.595  -19.615 0.2000000030
10272  -2.625  -76.002  -20.116 0.4000000060
12521  -1.641  -73.056  -17.940 0.2000000030
11707  -0.794  -73.843  -17.115 0.2000000030
13354  -2.068  -72.644  -18.395 0.2000000030
14115  -2.312  -71.510  -17.763 0.2000000030
18307  -3.429  -65.826  -9.299 0.3000000119
18291  -4.203  -65.406  -7.761 0.3000000119
19204  -4.284  -64.616  -6.276 0.3000000119
20116  -3.142  -64.131  -8.068 0.3000000119
22598  -3.389  -60.827  -3.212 0.3000000119
22570  -3.389  -61.025  -0.779 0.3000000119
22585  -3.643  -61.040  -1.833 0.3000000119
21712  -3.116  -61.831  0.284 0.5000000000
23462  -3.179  -60.291  -1.243 0.3000000119
22544  -2.836  -61.059  0.556 0.5000000000
23449  -3.080  -60.274  -0.329 0.4000000060
24325  -2.289  -59.990  0.682 0.4000000060
23415  -0.613  -60.648  2.214 0.4000000060
25265  0.718  -57.844  -0.203 0.3000000119
25278  1.647  -57.445  -0.735 0.3000000119
1313  5.716  -91.298  4.622 0.3000000119
970  5.855  -92.214  2.698 0.3000000119
17399  -3.638  -66.819  -10.201 0.3000000119
463  7.614  -94.832  6.120 0.4000000060
6204  -1.914  -83.073  -21.140 0.4000000060
6182  -2.333  -83.604  -20.437 0.5000000000
5171  -2.184  -84.886  -19.216 0.3000000119
4634  -2.132  -85.866  -17.810 0.3000000119
110396  -0.614  -78.422  -19.154 0.3000000119
118784  -1.613  -74.364  -18.391 0.2000000030
22599  -3.853  -61.682  -2.639 0.3000000119
21693  -2.563  -61.849  1.303 0.5000000000
23417  -2.141  -60.429  1.175 0.4000000060
24348  -0.074  -58.693  0.325 0.3000000119
5179  -2.231  -84.430  -19.709 0.4000000060
19235  -3.008  -65.081  -9.062 0.3000000119
475  7.986  -94.682  4.971 0.3000000119
120059  9.201  -94.800  5.714 0.2000000030
6192  -2.068  -83.807  -20.665 0.2000000030
109911  -1.670  -84.519  -18.377 0.2000000030
6770  -1.292  -82.784  -18.704 0.2000000030
6168  -1.418  -83.537  -17.658 0.2000000030
6152  -1.018  -83.246  -16.418 0.2000000030
9505  -0.259  -77.019  -16.780 0.2000000030
284  13.901  -94.640  6.271 0.1000000015
130  12.962  -95.494  5.804 0.1000000015
123  12.322  -95.091  6.207 0.1000000015
124  11.595  -95.335  6.020 0.1000000015
133  10.529  -96.087  5.159 0.2000000030
140  11.735  -95.954  4.565 0.1000000015
151  11.306  -96.053  3.768 0.1000000015
111131  12.244  -96.024  3.934 0.1000000015
298  15.234  -95.186  5.113 0.1000000015
653  14.991  -93.956  5.747 0.1000000015
283  14.822  -94.983  6.029 0.1000000015
664  14.081  -93.838  5.420 0.1000000015
110060  11.697  -94.873  6.323 0.1000000015
459  11.472  -94.616  5.929 0.1000000015
125  10.356  -95.904  6.009 0.2000000030
336  15.199  -94.620  0.731 0.1000000015
168  12.903  -96.291  1.300 0.1000000015
162  11.922  -96.148  3.055 0.1000000015
343  15.722  -94.438  0.165 0.1000000015
116503  16.415  -94.621  0.321 0.1000000015
520  17.440  -94.412  -0.567 0.1000000015
521  16.449  -94.365  -0.421 0.1000000015
531  17.802  -94.050  -1.177 0.1000000015
742  18.092  -93.410  -1.453 0.1000000015
652  15.590  -93.994  5.449 0.1000000015
677  15.306  -93.564  4.563 0.1000000015
115836  13.119  -94.933  6.361 0.1000000015
460  10.559  -94.745  5.931 0.2000000030
122221  13.052  -93.982  5.390 0.1000000015
337  14.382  -94.839  0.541 0.1000000015
171  13.972  -95.511  0.937 0.2000000030
344  14.800  -94.257  0.104 0.1000000015
345  13.853  -94.424  -0.087 0.2000000030
338  13.647  -95.212  0.299 0.3000000119
172  13.093  -95.673  0.243 0.3000000119
522  15.350  -94.000  -0.475 0.1000000015
532  16.904  -94.009  -1.125 0.1000000015
117096  16.271  -93.330  -1.454 0.1000000015
533  15.926  -93.798  -1.024 0.1000000015
743  17.191  -93.417  -1.450 0.1000000015
121827  17.452  -92.592  -1.607 0.1000000015
472  11.163  -94.493  5.301 0.1000000015
119277  12.827  -93.725  4.469 0.1000000015
449  12.506  -94.525  6.128 0.1000000015
950  14.924  -93.274  3.969 0.1000000015
678  14.502  -93.542  4.620 0.1000000015
346  12.994  -94.880  -0.363 0.3000000119
523  14.220  -93.774  -0.515 0.2000000030
177  12.317  -95.733  -0.273 0.3000000119
174  11.898  -96.360  0.055 0.3000000119
128332  15.393  -93.187  -1.375 0.2000000030
1387  17.299  -91.371  -2.077 0.1000000015
1019  16.491  -92.227  -1.786 0.1000000015
120126  18.217  -91.315  -1.784 0.1000000015
680  11.239  -94.214  4.246 0.1000000015
968  12.905  -93.010  3.217 0.1000000015
951  14.165  -93.142  3.749 0.1000000015
114026  13.684  -93.587  4.618 0.1000000015
347  12.242  -94.846  -0.799 0.2000000030
534  14.662  -93.291  -1.067 0.2000000030
179  11.715  -95.260  -0.971 0.3000000119
744  15.531  -92.556  -1.812 0.1000000015
178  11.504  -96.084  -0.601 0.3000000119
1385  19.688  -91.083  -1.625 0.1000000015
486  9.364  -94.408  3.850 0.2000000030
706  11.212  -93.354  2.567 0.1000000015
695  13.305  -93.286  3.788 0.1000000015
969  12.159  -93.057  2.808 0.1000000015
524  13.265  -93.957  -0.745 0.2000000030
1861  19.895  -89.738  -2.435 0.1000000015
1862  19.078  -89.793  -2.630 0.1000000015
1400  17.951  -90.440  -2.487 0.1000000015
1840  19.363  -90.199  -2.028 0.1000000015
1401  17.023  -90.566  -2.907 0.1000000015
698  10.803  -93.970  3.191 0.1000000015
1863  18.414  -89.893  -2.858 0.1000000015
1026  16.381  -91.232  -2.603 0.1000000015
1027  15.659  -91.771  -2.426 0.1000000015
753  14.919  -92.227  -2.474 0.2000000030
201  15.018  -95.412  -5.817 0.3000000119
699  9.877  -94.074  3.080 0.1000000015
487  8.459  -94.417  3.836 0.2000000030
488  7.465  -94.350  3.871 0.2000000030
114137  19.093  -89.839  -3.484 0.1000000015
1422  17.984  -90.454  -3.758 0.1000000015
1417  23.362  -90.503  -4.220 0.1000000015
1881  20.938  -89.763  -3.728 0.1000000015
1884  17.750  -90.198  -3.116 0.1000000015
116853  16.446  -90.925  -3.247 0.1000000015
1029  14.633  -92.201  -3.331 0.2000000030
1402  15.799  -91.356  -3.255 0.1000000015
700  8.943  -94.068  3.033 0.1000000015
1882  19.968  -89.849  -3.680 0.1000000015
108090  23.766  -91.286  -4.619 0.1000000015
1418  22.512  -90.717  -4.253 0.1000000015
1037  19.965  -91.765  -4.373 0.1000000015
1423  17.019  -90.713  -3.588 0.1000000015
1038  16.163  -91.267  -3.819 0.1000000015
701  7.962  -93.897  3.034 0.1000000015
1435  22.947  -91.656  -4.610 0.1000000015
1419  21.623  -90.870  -4.265 0.1000000015
1421  19.498  -90.555  -4.169 0.1000000015
1436  22.176  -92.020  -4.513 0.1000000015
1439  17.629  -91.236  -4.284 0.1000000015
120078  17.417  -92.121  -4.476 0.1000000015
1487  14.243  -91.057  -8.393 0.3000000119
1096  13.892  -92.515  -8.571 0.4000000060
1438  18.889  -91.482  -4.374 0.1000000015
1052  18.316  -92.665  -4.465 0.1000000015
1054  15.995  -91.877  -4.407 0.1000000015
3455  -0.839  -87.436  -11.425 0.2000000030
116215  15.119  -88.795  -9.326 0.2000000030
1951  14.134  -90.235  -9.827 0.2000000030
1528  12.676  -91.737  -11.544 0.4000000060
2901  15.723  -88.323  -9.735 0.2000000030
711  6.456  -92.709  2.443 0.1000000015
3004  -0.715  -88.545  -16.681 0.3000000119
2968  -0.376  -89.140  -15.318 0.3000000119
3494  -0.208  -88.611  -14.413 0.2000000030
4053  1.043  -86.288  -14.037 0.2000000030
121711  -0.370  -86.571  -11.820 0.2000000030
2402  14.681  -89.478  -9.591 0.2000000030
119207  13.383  -91.031  -10.949 0.3000000119
1527  13.384  -91.152  -11.651 0.4000000060
2426  14.835  -89.612  -10.486 0.3000000119
1968  14.369  -90.201  -10.868 0.3000000119
1537  13.114  -91.509  -12.261 0.4000000060
1136  13.438  -91.912  -12.929 0.4000000060
127250  -1.069  -87.691  -17.443 0.2000000030
3523  -0.163  -88.036  -17.310 0.1000000015
2986  0.141  -88.483  -15.709 0.2000000030
4094  0.843  -87.342  -16.292 0.1000000015
3493  0.262  -87.730  -14.748 0.2000000030
4078  1.369  -86.547  -16.075 0.1000000015
4632  2.129  -85.713  -17.508 0.1000000015
4549  0.973  -84.952  -11.475 0.1000000015
1994  14.097  -90.844  -11.931 0.3000000119
1526  14.678  -91.123  -12.139 0.3000000119
115449  14.246  -91.674  -12.537 0.3000000119
1146  13.087  -92.522  -13.679 0.4000000060
3544  -1.537  -87.232  -17.416 0.2000000030
4651  -1.579  -86.103  -17.709 0.1000000015
3543  -0.714  -87.345  -17.592 0.2000000030
4649  0.453  -86.657  -18.344 0.2000000030
4648  1.346  -86.389  -19.150 0.1000000015
107338  2.005  -85.980  -18.789 0.1000000015
1525  15.457  -91.490  -11.813 0.2000000030
117091  14.986  -92.768  -12.381 0.2000000030
834  13.659  -93.281  -14.015 0.3000000119
844  13.785  -93.625  -14.938 0.5000000000
4650  -0.579  -86.529  -17.800 0.1000000015
5169  -0.027  -85.877  -18.052 0.1000000015
6180  0.765  -83.367  -18.072 0.1000000015
5673  0.920  -84.805  -19.665 0.1000000015
6190  1.008  -82.882  -20.035 0.1000000015
6801  1.400  -82.062  -20.504 0.1000000015
108069  13.929  -92.818  -18.169 0.4000000060
5636  -0.073  -83.546  -16.256 0.1000000015
866  15.625  -93.356  -17.992 0.3000000119
121647  14.952  -93.141  -18.444 0.3000000119
108309  14.325  -92.420  -20.351 0.4000000060
1194  14.411  -91.970  -21.865 0.5000000000
874  16.125  -92.992  -18.590 0.3000000119
875  15.576  -92.891  -19.080 0.3000000119
7400  -0.150  -81.294  -16.280 0.1000000015
6769  -0.888  -81.720  -18.125 0.1000000015
6728  0.325  -81.774  -15.737 0.1000000015
6733  -0.438  -82.368  -16.113 0.1000000015
2068  12.927  -89.780  -23.986 0.4000000060
8757  0.307  -78.458  -16.695 0.2000000030
8093  -0.068  -79.602  -17.715 0.1000000015
8084  0.143  -80.163  -16.551 0.1000000015
117971  -0.252  -79.005  -18.523 0.2000000030
9523  -0.196  -77.793  -17.470 0.2000000030
3313  5.533  -87.230  -0.741 0.3000000119
3899  4.250  -87.066  -1.125 0.2000000030
14958  -2.891  -69.998  -18.112 0.2000000030
2722  2.270  -87.914  4.792 0.1000000015
14949  -2.769  -69.578  -16.693 0.2000000030
14938  -1.984  -70.542  -15.154 0.1000000015
14928  -2.286  -69.561  -14.844 0.1000000015
15764  -3.390  -68.937  -15.330 0.3000000119
15747  -2.569  -68.779  -13.577 0.1000000015
121794  -3.158  -68.545  -14.647 0.2000000030
2187  -0.257  -89.147  7.683 0.2000000030
2682  -1.135  -87.552  8.321 0.3000000119
3735  -1.953  -86.071  9.166 0.3000000119
3721  -2.152  -86.307  10.283 0.3000000119
17411  -3.030  -67.314  -11.057 0.2000000030
18321  -2.556  -66.347  -9.725 0.2000000030
19234  -2.147  -65.215  -8.862 0.2000000030
18306  -2.698  -65.731  -9.383 0.2000000030
20115  -2.495  -64.048  -7.715 0.2000000030
19203  -3.872  -63.760  -6.847 0.2000000030
119938  -3.940  -60.611  -4.078 0.2000000030
23500  -3.667  -60.216  -3.771 0.2000000030
21773  -1.097  -62.217  -4.711 0.1000000015
23499  -2.923  -60.724  -3.721 0.2000000030
20934  -1.346  -63.382  -4.427 0.2000000030
21790  -0.325  -61.370  -5.448 0.1000000015
24389  -2.490  -60.397  -3.682 0.2000000030
23461  -2.788  -59.945  -1.800 0.2000000030
24324  -1.713  -59.836  1.052 0.3000000119
23497  -0.960  -60.363  -4.586 0.1000000015
24366  -2.303  -59.844  -1.937 0.2000000030
24337  -2.100  -59.803  0.384 0.2000000030
23460  -1.839  -59.911  -1.021 0.1000000015
24358  -2.454  -59.717  -0.888 0.2000000030
117908  -0.756  -60.264  -3.156 0.1000000015
23431  -1.238  -59.620  0.743 0.2000000030
24349  -2.000  -59.678  -0.077 0.2000000030
24323  -0.802  -59.703  1.515 0.2000000030
117304  -1.060  -59.970  -0.124 0.2000000030
19046  -1.267  -64.887  2.091 0.3000000119
25266  0.184  -58.189  -0.185 0.1000000015
25279  0.545  -57.831  -0.984 0.1000000015
24365  0.925  -58.739  -1.576 0.1000000015
25287  0.748  -57.639  -1.982 0.1000000015
26189  0.865  -57.365  -1.597 0.1000000015
18094  6.746  -66.545  4.595 0.2000000030
774  17.624  -93.348  -4.523 0.1000000015
4292  -3.425  -85.075  10.056 0.3000000119
2987  -0.543  -89.083  -16.056 0.4000000060
4039  -0.233  -87.246  -12.675 0.2000000030
1182  13.409  -92.411  -19.838 0.5000000000
1181  14.335  -92.609  -19.294 0.3000000119
4577  0.927  -85.960  -13.000 0.1000000015
109250  0.209  -86.281  -12.440 0.1000000015
21759  -3.944  -61.375  -4.389 0.2000000030
29911  3.897  -53.896  -8.433 0.1000000015
173  12.651  -96.174  0.472 0.3000000119
161  12.625  -96.231  2.289 0.1000000015
1952  13.624  -91.083  -9.629 0.2000000030
867  14.888  -93.424  -17.604 0.3000000119
2710  1.776  -88.544  5.303 0.2000000030
193  14.914  -95.305  -5.028 0.3000000119
21794  -3.836  -62.651  -5.565 0.2000000030
4633  -1.026  -85.731  -17.457 0.1000000015
5653  0.020  -84.312  -16.992 0.1000000015
23472  -3.113  -60.336  -2.443 0.2000000030
23448  -2.822  -59.833  -0.649 0.2000000030
114610  12.663  -95.937  4.848 0.1000000015
665  12.082  -94.194  5.130 0.1000000015
113494  13.333  -95.972  0.811 0.1000000015
679  12.100  -93.897  4.116 0.1000000015
2324  19.497  -89.561  -3.005 0.1000000015
1880  21.888  -89.712  -3.688 0.1000000015
3003  -0.036  -88.468  -16.592 0.2000000030
1536  13.843  -91.283  -12.341 0.3000000119
115722  0.393  -87.558  -17.563 0.2000000030
4121  0.680  -86.916  -18.301 0.1000000015
108843  1.408  -86.685  -18.290 0.1000000015
5167  2.433  -85.157  -19.146 0.1000000015
1134  14.913  -91.937  -12.318 0.3000000119
1145  13.849  -92.916  -13.229 0.3000000119
4136  1.109  -86.557  -18.909 0.1000000015
5168  0.644  -85.463  -18.719 0.1000000015
4120  1.038  -86.794  -18.714 0.1000000015
5178  1.223  -85.470  -19.751 0.1000000015
5664  0.507  -84.397  -18.140 0.1000000015
6191  0.832  -83.731  -19.266 0.1000000015
24367  -2.669  -60.017  -2.620 0.2000000030
22647  -1.053  -61.158  -4.995 0.2000000030
23480  -1.520  -60.000  -3.390 0.1000000015
4529  6.179  -85.245  -9.200 0.1000000015
113837  5.318  -84.859  -8.849 0.1000000015
119728  5.490  -85.617  -9.186 0.1000000015
4530  4.780  -85.463  -8.955 0.1000000015
4019  2.210  -86.141  -9.164 0.2000000030
4018  3.675  -86.799  -9.516 0.2000000030
1587  14.753  -91.395  -22.235 0.3000000119
123750  10.861  -86.394  -23.222 0.3000000119
2060  14.314  -90.246  -22.912 0.3000000119
2549  13.726  -89.857  -23.586 0.3000000119
6063  7.579  -82.622  -8.837 0.1000000015
5554  6.619  -83.585  -8.748 0.1000000015
5552  8.929  -83.205  -9.460 0.1000000015
5065  7.401  -84.206  -8.950 0.1000000015
5066  6.610  -84.453  -8.888 0.1000000015
5057  6.203  -83.948  -8.738 0.1000000015
5070  2.097  -84.560  -9.358 0.1000000015
2056  15.056  -90.452  -21.989 0.1000000015
3048  12.552  -88.796  -23.257 0.3000000119
2546  12.603  -88.582  -22.509 0.3000000119
6642  8.690  -81.788  -9.075 0.1000000015
125198  9.750  -80.989  -9.260 0.1000000015
6644  7.023  -82.015  -9.328 0.1000000015
117712  6.110  -82.854  -9.012 0.1000000015
109061  5.046  -83.889  -9.071 0.1000000015
127301  11.237  -87.129  -19.928 0.1000000015
4142  10.298  -85.954  -20.998 0.1000000015
2057  14.065  -89.770  -21.782 0.1000000015
2537  12.814  -89.430  -20.792 0.1000000015
107886  12.108  -88.012  -21.686 0.2000000030
111732  11.702  -87.268  -21.991 0.2000000030
4141  11.085  -86.537  -21.635 0.1000000015
2545  13.106  -89.084  -23.011 0.3000000119
7321  8.624  -80.491  -9.932 0.1000000015
6643  7.860  -81.885  -9.100 0.1000000015
5873  -3.033  -82.567  11.664 0.3000000119
5881  -3.275  -82.873  10.737 0.3000000119
8497  1.878  -78.188  7.868 0.1000000015
9176  1.630  -77.749  6.963 0.1000000015
9197  1.022  -77.453  6.211 0.1000000015
8450  -0.167  -78.467  9.310 0.1000000015
8480  -1.046  -77.958  8.615 0.1000000015
9198  -0.134  -77.407  6.103 0.2000000030
9178  -0.760  -77.583  7.069 0.2000000030
9154  -1.934  -77.486  8.223 0.2000000030
9217  -0.129  -76.987  5.171 0.3000000119
9199  -1.381  -77.194  6.425 0.3000000119
9200  -3.016  -76.790  5.944 0.4000000060
29894  16.751  -53.686  -8.608 0.2000000030
4655  9.742  -85.468  -20.502 0.2000000030
4666  9.713  -85.459  -21.553 0.3000000119
4673  10.242  -85.835  -22.440 0.3000000119
4148  11.426  -86.818  -22.754 0.3000000119
4017  4.303  -86.154  -9.127 0.2000000030
9179  -1.883  -77.263  7.383 0.3000000119
9985  -1.924  -76.678  4.751 0.4000000060
109922  17.323  -52.878  -8.663 0.2000000030
114262  3.550  -86.005  -9.055 0.1000000015
2541  13.097  -89.213  -22.075 0.1000000015
111329  10.939  -86.587  -20.332 0.1000000015
4131  10.420  -85.882  -19.627 0.1000000015
110880  0.003  -78.189  8.394 0.1000000015
9177  0.354  -77.737  6.966 0.1000000015
10726  0.822  -75.089  4.137 0.2000000030
12226  0.396  -73.858  4.721 0.1000000015
118340  -1.282  -75.030  3.226 0.1000000015
12227  -0.220  -73.482  4.949 0.1000000015
12235  -0.147  -73.160  4.248 0.2000000030
12236  -0.621  -72.909  4.607 0.1000000015
111930  -4.135  -69.328  5.460 0.1000000015
16354  -3.827  -68.402  4.441 0.1000000015
16359  -3.657  -68.271  3.436 0.1000000015
117316  -3.424  -69.244  1.824 0.2000000030
19034  1.567  -65.038  3.426 0.1000000015
19035  0.753  -64.478  3.032 0.1000000015
18083  -3.613  -66.240  5.026 0.1000000015
19939  1.366  -63.356  4.447 0.1000000015
19948  0.299  -63.460  3.406 0.1000000015
125062  -1.740  -64.371  2.539 0.1000000015
19940  -2.410  -64.220  4.338 0.1000000015
18126  -3.611  -66.875  2.791 0.1000000015
119619  -2.123  -64.967  2.159 0.1000000015
18125  -3.314  -66.108  2.350 0.2000000030
18150  -3.284  -67.001  2.070 0.1000000015
19947  1.136  -63.709  3.681 0.1000000015
20816  -0.115  -63.122  3.807 0.1000000015
30771  11.253  -52.195  -9.494 0.2000000030
31650  14.131  -51.231  -9.245 0.2000000030
31651  13.286  -51.266  -9.388 0.2000000030
31653  11.538  -51.474  -9.710 0.2000000030
31655  9.754  -51.681  -9.858 0.2000000030
112802  15.667  -51.036  -9.130 0.1000000015
32556  15.219  -50.602  -9.312 0.1000000015
33451  13.378  -49.708  -9.976 0.1000000015
32569  12.734  -50.438  -9.827 0.2000000030
32571  10.913  -50.864  -10.099 0.2000000030
33452  12.532  -49.556  -10.187 0.1000000015
33453  11.270  -49.235  -10.247 0.1000000015
19952  -3.089  -64.696  4.088 0.1000000015
20806  -1.669  -63.782  4.241 0.1000000015
20817  -1.062  -63.475  3.782 0.1000000015
121299  1.689  -63.253  6.222 0.1000000015
19946  1.929  -64.347  4.150 0.1000000015
11456  0.366  -74.431  3.832 0.1000000015
13052  -1.721  -71.923  4.438 0.1000000015
15528  -3.471  -68.962  3.677 0.2000000030
15524  -3.724  -69.155  4.666 0.1000000015
28993  17.361  -54.391  -8.654 0.2000000030
112881  10.234  -50.165  -10.038 0.2000000030
33445  6.931  -49.365  -8.986 0.1000000015
117437  18.342  -52.838  -8.577 0.2000000030
124750  10.504  -49.506  -10.040 0.1000000015
33455  9.708  -49.408  -9.662 0.1000000015
622  14.327  -93.688  -16.301 0.3000000119
31635  17.274  -51.397  -8.806 0.1000000015
31637  15.311  -51.712  -8.855 0.2000000030
31638  14.541  -51.831  -8.884 0.2000000030
31652  12.396  -51.332  -9.543 0.2000000030
31654  10.662  -51.610  -9.862 0.2000000030
32555  16.602  -50.801  -9.091 0.1000000015
19959  -1.013  -64.158  2.626 0.1000000015
17183  -3.870  -67.647  4.188 0.1000000015
19010  -3.185  -65.684  5.052 0.1000000015
18098  -3.758  -66.094  4.402 0.1000000015
20815  0.690  -62.999  3.987 0.1000000015
19951  -2.582  -64.072  3.545 0.1000000015
19961  -3.134  -64.680  3.256 0.1000000015
19931  -2.307  -64.741  5.024 0.1000000015
18110  -3.702  -66.084  3.378 0.1000000015
32568  13.741  -50.479  -9.583 0.1000000015
32567  14.575  -50.526  -9.419 0.1000000015
32570  11.792  -50.705  -9.945 0.2000000030
119135  14.348  -49.694  -9.760 0.1000000015
126781  11.958  -49.387  -10.292 0.1000000015
33461  12.081  -48.783  -10.359 0.1000000015
843  14.371  -93.973  -14.294 0.3000000119
609  15.036  -94.500  -14.551 0.1000000015
595  14.991  -94.157  -13.670 0.3000000119
607  16.345  -94.141  -14.582 0.1000000015
608  15.380  -94.530  -14.937 0.1000000015
610  14.553  -94.232  -14.961 0.2000000030
122761  16.531  -93.899  -14.901 0.1000000015
1161  18.942  -92.085  -14.496 0.1000000015
1163  17.296  -92.510  -15.137 0.1000000015
849  17.493  -92.940  -14.667 0.1000000015
1563  19.112  -91.696  -14.791 0.1000000015
612  16.094  -94.150  -15.223 0.1000000015
1562  19.911  -91.537  -15.383 0.1000000015
1160  19.718  -91.790  -14.940 0.1000000015
1568  20.408  -91.222  -15.880 0.1000000015
1567  20.973  -91.245  -16.104 0.1000000015
1187  16.052  -92.011  -20.313 0.2000000030
1577  16.319  -91.687  -19.907 0.2000000030
128317  16.370  -92.850  -18.350 0.1000000015
614  14.954  -94.037  -15.889 0.2000000030
842  17.307  -93.389  -14.408 0.1000000015
1159  20.437  -91.462  -15.386 0.1000000015
1151  20.241  -91.785  -14.627 0.1000000015
124262  18.275  -92.540  -14.366 0.1000000015
1177  16.110  -92.690  -19.226 0.2000000030
1586  15.302  -91.134  -21.807 0.2000000030
850  16.882  -93.509  -14.843 0.1000000015
111222  15.243  -92.593  -20.063 0.2000000030
1583  15.122  -91.861  -21.425 0.2000000030
865  16.220  -93.164  -17.764 0.1000000015
118056  16.239  -93.354  -16.734 0.1000000015
1174  16.592  -92.462  -17.908 0.1000000015
857  16.805  -93.158  -15.331 0.1000000015
621  14.885  -93.719  -16.725 0.2000000030
620  15.358  -93.814  -16.356 0.2000000030
619  15.934  -93.813  -16.046 0.1000000015
127212  -1.243  -87.320  10.040 0.2000000030
3722  -2.943  -85.800  11.020 0.2000000030
107351  -3.523  -85.134  11.092 0.2000000030
4271  -3.024  -85.465  13.055 0.2000000030
4281  -3.290  -85.474  12.252 0.2000000030
4809  -3.025  -84.162  12.734 0.2000000030
125124  -3.590  -84.124  11.223 0.2000000030
5861  -2.397  -82.730  12.193 0.2000000030
7733  -1.938  -79.563  11.262 0.2000000030
5862  -2.815  -82.829  12.123 0.2000000030
9998  -0.204  -76.504  4.254 0.1000000015
10981  -0.869  -75.422  -17.294 0.1000000015
13342  -1.855  -72.358  -17.655 0.1000000015
14086  -2.249  -70.589  -16.095 0.1000000015
111595  19.760  -58.970  -0.198 0.1000000015
116836  20.073  -58.203  -0.346 0.1000000015
26163  20.617  -57.763  -0.614 0.1000000015
125755  18.685  -52.366  -8.532 0.1000000015
30755  17.993  -52.108  -8.660 0.1000000015
4644  9.067  -85.028  -19.179 0.2000000030
858  15.790  -93.542  -17.055 0.1000000015
3708  -2.911  -86.218  12.214 0.2000000030
31634  18.388  -51.266  -8.638 0.1000000015
381  16.275  -94.846  -5.725 0.2000000030
1479  14.750  -91.294  -7.824 0.2000000030
833  14.301  -93.578  -13.580 0.2000000030
5116  8.698  -84.414  -14.426 0.1000000015
5623  8.961  -83.882  -15.133 0.1000000015
5135  8.719  -84.589  -16.193 0.1000000015
5134  9.303  -84.035  -16.833 0.1000000015
4592  1.709  -85.709  -14.512 0.1000000015
5581  9.524  -83.281  -12.244 0.1000000015
122962  9.402  -83.223  -14.024 0.1000000015
126929  9.146  -83.623  -12.795 0.1000000015
5622  9.549  -83.327  -15.331 0.1000000015
5633  9.766  -83.503  -16.255 0.1000000015
114021  8.730  -84.705  -16.912 0.1000000015
5150  9.779  -84.197  -17.617 0.1000000015
5164  9.522  -84.648  -18.358 0.1000000015
5165  8.740  -84.932  -18.305 0.1000000015
4601  2.753  -84.703  -15.629 0.1000000015
4575  2.320  -85.197  -14.031 0.1000000015
16477  -1.074  -68.953  -5.863 0.1000000015
121563  -1.415  -67.388  -5.914 0.1000000015
17373  -1.448  -66.864  -7.031 0.1000000015
17381  -1.451  -66.754  -8.215 0.1000000015
17360  -1.101  -68.016  -5.619 0.1000000015
19212  -2.005  -64.217  -6.760 0.1000000015
18290  -1.423  -65.746  -7.116 0.1000000015
19225  -1.831  -64.864  -7.784 0.1000000015
19202  -1.702  -64.644  -5.296 0.1000000015
20093  -2.174  -63.577  -5.764 0.1000000015
108861  -1.488  -66.445  -5.776 0.1000000015
19173  -1.359  -65.146  -4.534 0.1000000015
20075  -1.139  -64.541  -4.227 0.1000000015
20951  -2.988  -62.346  -5.172 0.1000000015
118354  -3.697  -62.478  -5.257 0.1000000015
21774  -2.665  -61.742  -4.269 0.1000000015
21792  -3.656  -62.036  -4.548 0.1000000015
30767  5.342  -52.422  -8.939 0.1000000015
123959  6.897  -49.980  -8.908 0.1000000015
32579  6.188  -50.520  -9.521 0.1000000015
31665  5.964  -51.130  -9.638 0.1000000015
33456  6.712  -48.881  -9.423 0.1000000015
31657  5.971  -51.163  -9.133 0.1000000015
5126  8.681  -84.532  -15.357 0.1000000015
1982  15.341  -90.691  -11.621 0.2000000030
17397  -2.049  -67.044  -9.744 0.1000000015
20964  -3.274  -63.295  -6.697 0.1000000015
21791  -1.387  -61.377  -4.724 0.1000000015
20935  -2.019  -62.342  -4.411 0.1000000015
5133  10.057  -83.769  -16.977 0.1000000015
20076  -1.579  -64.071  -4.667 0.1000000015
2425  15.580  -89.367  -10.713 0.1000000015
2424  16.030  -89.591  -10.941 0.1000000015
2440  15.269  -89.989  -11.173 0.1000000015
2914  16.103  -88.753  -10.417 0.1000000015
1326  6.176  -91.592  3.112 0.1000000015
1758  6.465  -91.208  4.585 0.1000000015
2234  7.115  -90.348  4.201 0.1000000015
2757  7.474  -87.623  2.338 0.1000000015
3285  6.473  -87.240  0.603 0.1000000015
3873  4.204  -86.220  0.390 0.1000000015
127469  14.787  -89.408  -8.810 0.1000000015
2891  15.503  -88.140  -8.923 0.1000000015
108566  6.915  -93.612  3.026 0.1000000015
114638  7.366  -91.062  4.568 0.1000000015
2233  8.557  -90.042  4.330 0.1000000015
2249  9.109  -88.704  4.260 0.1000000015
2735  8.659  -87.959  3.599 0.1000000015
3872  5.126  -86.060  -0.004 0.1000000015
3286  3.698  -86.367  1.256 0.1000000015
3270  2.992  -86.942  1.978 0.1000000015
1936  14.957  -89.811  -8.032 0.1000000015
1927  14.665  -90.593  -8.080 0.1000000015
1937  14.396  -90.172  -8.776 0.1000000015
2880  15.579  -88.240  -7.994 0.1000000015
3403  16.073  -87.760  -7.572 0.1000000015
3841  6.468  -85.718  2.597 0.1000000015
3858  6.259  -85.845  0.904 0.1000000015
3842  5.427  -85.724  2.467 0.1000000015
3859  4.749  -85.835  0.876 0.1000000015
112298  4.167  -86.235  2.934 0.1000000015
1926  15.172  -90.649  -7.591 0.1000000015
792  16.437  -93.325  -7.067 0.1000000015
114239  15.582  -89.972  -7.345 0.1000000015
2879  16.011  -88.456  -7.235 0.1000000015
3227  3.145  -87.551  5.138 0.1000000015
117785  0.446  -89.864  8.028 0.1000000015
119259  -0.280  -88.987  8.842 0.1000000015
123846  -0.007  -89.876  7.693 0.1000000015
113084  -0.890  -87.816  9.883 0.1000000015
2178  -0.768  -88.357  8.066 0.1000000015
2662  -1.242  -87.626  10.701 0.1000000015
2641  -1.333  -87.258  12.106 0.1000000015
3140  -2.061  -86.768  12.195 0.1000000015
3686  -1.701  -86.554  12.479 0.1000000015
3695  -2.374  -86.377  12.501 0.1000000015
3687  -2.605  -86.004  12.719 0.1000000015
119842  -2.963  -84.854  13.046 0.1000000015
4264  -1.588  -86.195  12.541 0.1000000015
4808  -2.432  -84.470  12.708 0.1000000015
4269  -1.305  -85.491  12.398 0.1000000015
5339  -1.968  -83.522  12.373 0.1000000015
6468  -2.416  -81.301  11.803 0.1000000015
4821  -0.111  -84.426  11.209 0.1000000015
5351  -1.036  -83.652  11.554 0.1000000015
113818  -0.781  -82.880  11.119 0.1000000015
5872  -1.371  -81.981  11.615 0.1000000015
7079  -1.807  -80.320  11.570 0.1000000015
7078  -1.169  -80.746  11.496 0.1000000015
7097  -0.205  -81.140  11.010 0.1000000015
7098  -0.851  -80.011  11.266 0.1000000015
110594  0.368  -80.294  10.805 0.1000000015
8429  -0.811  -78.782  10.308 0.1000000015
7754  0.316  -78.989  10.058 0.1000000015
19945  8.679  -64.517  4.336 0.1000000015
117665  7.145  -65.895  5.009 0.1000000015
21675  9.443  -62.595  3.841 0.1000000015
1925  15.828  -90.773  -7.097 0.1000000015
1916  16.590  -90.804  -6.738 0.1000000015
1077  18.624  -93.010  -6.441 0.1000000015
380  17.078  -94.578  -5.588 0.1000000015
20813  9.619  -63.601  3.795 0.1000000015
389  16.427  -94.707  -6.176 0.1000000015
1078  17.742  -92.680  -6.646 0.1000000015
125303  17.797  -94.309  -5.814 0.1000000015
1079  16.795  -92.559  -6.883 0.1000000015
3312  5.751  -86.513  -0.193 0.1000000015
556  16.294  -94.481  -4.859 0.1000000015
370  16.380  -94.694  -5.228 0.1000000015
3147  -2.344  -86.612  11.587 0.1000000015
6452  -2.138  -81.911  12.106 0.1000000015
22522  9.165  -61.623  3.750 0.1000000015
2  8.349  -96.637  2.714 0.6999999881
3  11.657  -96.270  2.198 0.1000000015
9  11.506  -96.422  1.313 0.3000000119
14  7.433  -96.331  1.990 0.8000000119
19  8.962  -96.500  0.785 0.8000000119
20  8.416  -96.389  0.613 0.8000000119
24  10.188  -96.733  -0.641 0.5000000000
25  9.342  -96.993  -0.332 0.5000000000
26  8.679  -96.926  0.086 0.6999999881
33  7.652  -97.094  -1.469 0.8000000119
36  6.037  -96.522  -2.138 0.8999999762
37  9.980  -96.298  -2.209 0.6000000238
39  8.150  -97.185  -2.044 0.6999999881
43  5.485  -96.256  -2.929 0.8999999762
47  6.361  -96.734  -3.250 0.6999999881
49  5.138  -96.250  -3.769 0.8999999762
50  4.771  -96.054  -4.116 0.8999999762
53  5.433  -96.408  -4.263 0.8000000119
55  4.561  -96.023  -4.682 0.8000000119
59  4.743  -96.148  -5.194 0.8999999762
61  12.078  -95.420  -7.003 0.5000000000
65  12.699  -95.575  -8.291 0.5000000000
67  11.788  -95.775  -8.241 0.5000000000
68  11.219  -95.743  -8.242 0.6000000238
78  7.252  -95.587  -9.163 0.8000000119
82  12.060  -96.149  -9.545 0.5000000000
86  7.332  -95.646  -9.854 0.8999999762
90  12.055  -96.542  -10.297 0.5000000000
98  11.292  -97.057  -11.736 0.6000000238
105  11.016  -97.141  -12.643 0.6999999881
107  9.433  -96.320  -12.166 0.6999999881
110  7.204  -95.549  -12.210 1.0000000000
111  11.832  -97.064  -12.989 0.6000000238
112  10.958  -96.621  -12.929 0.6000000238
114  8.403  -95.166  -12.592 1.0000000000
117  9.765  -94.622  -13.737 0.8999999762
118  9.300  -94.788  -13.402 0.8999999762
119  8.764  -94.944  -13.011 0.8999999762
131  12.109  -95.712  5.531 0.1000000015
132  11.299  -95.974  5.265 0.1000000015
152  10.401  -96.054  3.644 0.3000000119
153  9.642  -96.105  3.772 0.4000000060
157  5.784  -95.905  3.606 0.8999999762
176  7.460  -96.205  -0.541 0.8999999762
180  11.149  -95.648  -1.306 0.3000000119
187  5.230  -95.973  -3.034 0.8999999762
188  4.860  -95.847  -3.703 0.8999999762
191  4.635  -95.930  -4.216 0.8999999762
192  4.511  -95.695  -4.374 0.8999999762
196  12.574  -95.327  -5.611 0.5000000000
200  4.313  -95.870  -4.861 0.8999999762
208  6.866  -96.183  -5.851 0.8000000119
209  4.576  -95.986  -5.923 0.8999999762
210  4.115  -95.672  -6.025 0.8999999762
211  4.060  -95.622  -5.424 0.8999999762
213  14.217  -95.566  -6.313 0.4000000060
218  7.859  -95.616  -6.454 0.8000000119
220  4.373  -95.614  -6.634 0.8000000119
222  13.374  -95.383  -7.840 0.4000000060
224  10.686  -95.250  -7.607 0.6999999881
229  4.841  -95.541  -7.362 0.8000000119
231  14.022  -95.065  -7.727 0.5000000000
233  12.837  -95.549  -8.746 0.5000000000
239  4.567  -95.202  -7.875 0.8000000119
241  12.684  -95.562  -9.384 0.5000000000
246  12.653  -95.628  -9.908 0.5000000000
247  12.317  -96.064  -10.209 0.5000000000
248  5.897  -95.622  -10.420 1.0000000000
249  5.445  -95.330  -9.954 1.0000000000
252  6.712  -95.675  -11.640 1.0000000000
253  5.738  -95.574  -11.229 1.0000000000
255  12.081  -96.836  -12.717 0.5000000000
261  6.072  -95.502  -12.873 1.0000000000
263  10.084  -94.804  -13.416 0.6999999881
264  8.406  -94.780  -13.815 0.8999999762
265  7.691  -94.917  -13.932 0.8999999762
267  6.253  -95.264  -13.654 1.0000000000
270  8.909  -94.674  -14.916 0.8999999762
273  7.107  -94.940  -14.382 0.8999999762
274  10.072  -94.135  -16.150 0.8000000119
275  9.829  -94.326  -16.068 0.8000000119
276  9.427  -94.472  -15.981 0.8999999762
279  9.973  -94.283  -16.719 0.8000000119
280  9.697  -94.310  -17.049 0.8999999762
282  16.048  -94.338  5.413 0.1000000015
285  12.423  -94.809  6.332 0.1000000015
286  11.030  -95.090  6.202 0.2000000030
287  10.109  -95.307  6.189 0.3000000119
288  9.191  -95.515  6.176 0.3000000119
289  8.318  -95.621  6.185 0.5000000000
290  7.387  -95.434  6.250 0.4000000060
293  4.828  -94.823  5.751 0.8000000119
301  5.671  -95.782  5.052 0.8999999762
315  4.608  -94.688  3.431 0.8000000119
322  5.684  -95.358  3.153 0.8999999762
324  4.280  -94.251  2.321 0.8999999762
330  7.798  -94.826  1.188 0.8999999762
349  7.589  -95.802  -0.289 0.8999999762
350  12.518  -94.149  -1.068 0.2000000030
353  7.150  -95.628  -1.074 0.8999999762
354  6.036  -95.966  -2.019 0.8999999762
355  5.471  -95.942  -2.614 0.8999999762
361  5.139  -95.776  -3.195 0.8999999762
363  13.530  -94.586  -4.090 0.4000000060
365  12.057  -93.975  -4.154 0.4000000060
368  5.271  -95.226  -3.527 0.8999999762
371  15.588  -94.888  -4.951 0.2000000030
378  4.442  -95.242  -4.586 0.8999999762
382  15.660  -95.062  -5.459 0.2000000030
386  9.377  -95.035  -5.608 0.6000000238
387  3.788  -95.250  -5.939 0.8999999762
388  3.945  -95.218  -5.388 0.8999999762
398  9.056  -95.073  -6.911 0.6999999881
399  3.863  -95.023  -7.219 0.8000000119
403  4.857  -95.036  -8.584 0.8000000119
404  14.073  -94.628  -8.313 0.5000000000
408  4.613  -94.680  -8.512 0.8999999762
409  13.349  -94.883  -9.428 0.5000000000
416  5.207  -95.060  -11.420 1.0000000000
420  5.432  -95.229  -12.581 1.0000000000
421  4.967  -94.899  -12.243 1.0000000000
422  16.125  -94.376  -14.206 0.1000000015
423  12.000  -96.061  -12.801 0.5000000000
428  15.817  -94.439  -14.817 0.1000000015
429  11.284  -95.879  -13.009 0.6000000238
430  10.210  -94.998  -13.024 0.6000000238
432  6.434  -94.983  -14.348 0.8999999762
433  7.297  -94.540  -15.507 0.8999999762
435  5.809  -94.558  -14.829 0.8999999762
436  10.165  -94.020  -16.192 0.8000000119
438  7.477  -94.295  -16.179 0.8999999762
440  9.364  -94.315  -17.203 0.8999999762
441  8.726  -94.245  -17.072 0.8999999762
446  15.294  -94.335  5.841 0.1000000015
447  14.424  -94.314  6.050 0.1000000015
448  13.254  -94.550  6.184 0.1000000015
450  10.766  -94.898  6.180 0.1000000015
451  9.889  -94.934  6.277 0.2000000030
453  8.184  -95.088  6.343 0.3000000119
454  6.306  -95.106  6.439 0.6000000238
461  9.807  -94.784  5.922 0.3000000119
466  4.636  -94.430  4.811 0.8000000119
467  3.911  -93.997  5.145 0.8000000119
474  8.880  -94.679  4.784 0.2000000030
478  5.279  -94.178  5.493 0.6000000238
481  3.052  -93.677  4.151 0.6999999881
495  3.642  -94.178  2.669 0.8000000119
504  2.767  -93.832  1.409 0.8999999762
510  8.736  -94.035  0.247 1.0000000000
515  2.191  -93.668  0.164 1.0000000000
526  8.514  -94.744  -0.076 0.8999999762
528  2.360  -93.849  -0.398 0.8999999762
536  12.327  -93.773  -1.811 0.3000000119
540  2.064  -93.990  -1.436 1.0000000000
544  7.678  -94.348  -2.079 1.0000000000
547  2.173  -94.085  -2.400 1.0000000000
548  1.844  -93.970  -3.005 1.0000000000
551  6.406  -94.316  -3.384 0.8999999762
552  5.693  -94.604  -3.731 0.8999999762
560  4.925  -94.485  -4.644 0.8999999762
562  4.222  -94.935  -5.098 0.8999999762
567  17.057  -94.424  -6.202 0.1000000015
568  16.423  -94.412  -6.550 0.1000000015
570  3.746  -94.743  -6.607 0.8999999762
572  15.996  -94.244  -7.001 0.2000000030
573  15.520  -94.035  -7.513 0.3000000119
574  4.192  -94.113  -7.797 0.8999999762
579  13.765  -94.542  -8.857 0.5000000000
581  4.690  -94.264  -9.000 0.8999999762
590  4.933  -94.382  -11.325 1.0000000000
597  4.810  -94.261  -12.577 1.0000000000
605  17.421  -93.594  -13.993 0.1000000015
606  16.855  -93.776  -14.433 0.1000000015
613  15.438  -94.206  -15.450 0.1000000015
615  14.469  -94.010  -15.555 0.2000000030
616  10.340  -94.035  -15.064 0.6999999881
617  5.911  -93.893  -15.968 0.8999999762
618  5.544  -94.046  -15.234 0.8999999762
623  10.343  -93.946  -16.598 0.6999999881
625  15.339  -93.607  -17.146 0.3000000119
629  10.035  -94.271  -18.010 0.8999999762
630  9.601  -94.130  -18.057 0.8999999762
631  8.544  -93.568  -17.969 0.8999999762
632  7.555  -93.222  -17.709 0.8999999762
654  13.793  -94.191  6.047 0.1000000015
655  13.193  -94.328  6.048 0.1000000015
656  4.189  -93.835  5.492 0.6999999881
662  15.585  -93.839  5.149 0.1000000015
663  14.845  -93.799  5.312 0.1000000015
666  4.797  -94.265  5.659 0.6999999881
668  3.965  -93.434  5.209 0.6999999881
669  3.520  -93.046  4.958 0.6999999881
681  5.537  -93.865  4.173 0.3000000119
683  4.671  -93.174  4.192 0.6000000238
685  2.666  -93.086  4.063 0.6999999881
686  2.393  -92.662  3.804 0.6999999881
696  12.524  -93.469  3.593 0.1000000015
697  11.703  -93.719  3.355 0.1000000015
704  2.343  -93.021  3.401 0.6999999881
707  10.317  -93.511  2.496 0.1000000015
719  1.926  -93.159  1.157 0.8999999762
723  6.806  -93.547  0.730 0.8999999762
732  9.513  -93.168  -0.739 1.0000000000
735  5.101  -93.146  0.045 1.0000000000
745  14.622  -92.722  -1.790 0.2000000030
748  8.567  -94.001  -1.651 1.0000000000
749  3.906  -93.443  -1.509 1.0000000000
750  3.016  -94.057  -1.629 1.0000000000
754  14.085  -92.603  -2.647 0.3000000119
759  3.329  -93.710  -2.291 1.0000000000
760  2.557  -94.116  -2.369 1.0000000000
761  1.537  -92.842  -3.170 0.8999999762
762  1.539  -92.599  -3.724 0.8999999762
764  8.435  -93.050  -2.856 1.0000000000
769  2.091  -93.809  -3.398 1.0000000000
775  14.850  -93.231  -4.592 0.3000000119
777  5.431  -93.784  -4.984 0.8999999762
778  1.936  -93.211  -3.988 0.8999999762
780  0.888  -92.008  -4.012 0.8999999762
783  4.767  -93.671  -5.856 0.8999999762
787  17.565  -94.047  -6.299 0.2000000030
790  4.508  -93.663  -6.625 0.8999999762
791  3.925  -94.098  -7.040 0.8999999762
797  5.156  -93.342  -7.782 0.8999999762
798  4.487  -94.015  -8.507 0.8999999762
803  4.777  -94.000  -9.619 1.0000000000
811  4.948  -93.979  -10.289 1.0000000000
827  14.728  -93.395  -12.892 0.2000000030
828  11.175  -93.449  -12.545 0.5000000000
831  4.835  -94.006  -12.022 1.0000000000
835  11.197  -93.291  -13.445 0.6999999881
836  10.774  -93.679  -13.758 0.6000000238
845  10.890  -93.507  -15.205 0.6999999881
846  5.657  -93.293  -14.962 0.8999999762
847  5.424  -93.784  -14.754 0.8999999762
848  18.778  -92.496  -14.177 0.1000000015
851  16.430  -93.714  -15.387 0.1000000015
872  7.033  -93.031  -17.757 1.0000000000
883  11.699  -93.218  -20.187 0.6999999881
888  11.228  -93.402  -20.058 0.8000000119
942  4.156  -92.873  4.860 0.6000000238
944  3.142  -92.637  5.180 0.6999999881
953  4.729  -92.769  4.065 0.5000000000
954  2.661  -92.519  4.545 0.6999999881
965  14.948  -92.898  3.286 0.1000000015
967  13.556  -92.719  3.128 0.1000000015
971  5.339  -92.611  3.465 0.6000000238
973  2.183  -92.583  3.042 0.6999999881
989  1.967  -92.770  2.275 0.6999999881
998  1.813  -92.620  1.569 0.6999999881
1002  7.030  -92.959  0.309 1.0000000000
1004  1.594  -92.691  0.635 0.8999999762
1007  8.983  -92.755  -0.333 1.0000000000
1028  15.182  -91.744  -3.135 0.1000000015
1043  4.152  -92.624  -3.432 1.0000000000
1045  0.635  -91.925  -3.999 1.0000000000
1046  -0.531  -91.676  -3.966 0.8999999762
1053  16.830  -92.295  -4.514 0.1000000015
1059  3.013  -92.677  -4.370 0.8999999762
1061  1.705  -92.483  -4.458 0.8999999762
1062  1.064  -91.997  -4.442 1.0000000000
1080  6.260  -92.462  -6.763 0.8999999762
1083  14.948  -92.130  -7.657 0.2000000030
1089  6.855  -92.526  -8.285 1.0000000000
1092  1.083  -91.940  -9.063 1.0000000000
1101  5.973  -93.274  -9.155 0.8999999762
1102  2.124  -92.076  -9.284 1.0000000000
1103  1.564  -92.080  -9.548 1.0000000000
1112  13.149  -92.460  -9.870 0.5000000000
1118  1.702  -92.045  -10.338 1.0000000000
1130  2.547  -92.229  -11.500 1.0000000000
1135  14.323  -92.421  -12.727 0.3000000119
1141  2.700  -92.127  -12.108 1.0000000000
1154  11.921  -92.718  -14.542 0.6000000238
1156  8.179  -92.261  -14.736 1.0000000000
1162  18.139  -92.263  -14.601 0.1000000015
1164  13.026  -93.096  -15.319 0.6000000238
1171  16.501  -92.839  -17.110 0.1000000015
1173  6.440  -92.878  -16.857 0.8999999762
1176  16.459  -92.482  -18.828 0.1000000015
1178  7.815  -92.370  -18.558 1.0000000000
1179  16.266  -92.262  -19.609 0.2000000030
1180  15.887  -92.509  -19.852 0.2000000030
1188  15.596  -92.203  -20.620 0.2000000030
1189  14.324  -92.293  -21.187 0.4000000060
1195  13.621  -92.324  -21.734 0.6000000238
1198  11.309  -92.655  -21.185 0.8000000119
1301  3.660  -92.157  5.231 0.6999999881
1312  6.377  -91.371  4.409 0.1000000015
1315  3.498  -91.365  5.112 0.8000000119
1316  2.805  -91.419  4.391 0.6999999881
1327  5.640  -91.870  3.726 0.3000000119
1345  2.278  -91.714  2.460 0.8000000119
1346  2.000  -92.327  2.338 0.8000000119
1373  7.143  -91.867  -0.580 1.0000000000
1375  1.729  -91.800  -1.069 0.8000000119
1386  18.793  -90.787  -1.852 0.1000000015
1388  10.587  -91.143  -1.837 1.0000000000
1393  6.040  -91.763  -1.639 1.0000000000
1396  -1.151  -90.186  -1.967 1.0000000000
1407  2.208  -90.348  -2.773 0.8000000119
1410  -0.696  -91.033  -3.242 1.0000000000
1411  -1.193  -90.665  -2.822 1.0000000000
1420  20.600  -91.015  -4.311 0.1000000015
1424  10.486  -90.842  -2.988 1.0000000000
1430  -1.585  -90.588  -3.177 1.0000000000
1440  16.743  -91.399  -4.268 0.1000000015
1445  4.267  -91.534  -4.534 1.0000000000
1447  2.602  -92.194  -4.845 1.0000000000
1449  -0.796  -91.429  -4.223 1.0000000000
1450  -1.264  -91.103  -3.771 1.0000000000
1451  -1.716  -90.662  -3.561 1.0000000000
1457  2.899  -91.449  -5.093 1.0000000000
1458  2.096  -91.756  -5.111 1.0000000000
1459  0.460  -91.654  -4.708 1.0000000000
1470  17.190  -91.720  -6.666 0.1000000015
1486  -2.082  -90.470  -7.458 0.8999999762
1490  2.889  -91.589  -8.914 1.0000000000
1492  0.951  -91.794  -8.432 1.0000000000
1495  -2.036  -90.752  -8.209 0.8999999762
1499  13.751  -91.625  -8.845 0.3000000119
1500  13.401  -91.784  -9.520 0.5000000000
1501  9.511  -91.042  -9.820 1.0000000000
1506  0.568  -91.339  -9.596 0.8999999762
1509  -1.910  -90.684  -8.859 0.8999999762
1515  12.965  -91.467  -10.981 0.5000000000
1519  3.235  -91.991  -10.431 1.0000000000
1520  1.230  -91.585  -10.225 1.0000000000
1532  4.401  -91.279  -11.266 1.0000000000
1539  9.364  -91.712  -12.352 1.0000000000
1540  4.799  -91.306  -12.938 1.0000000000
1541  3.896  -91.821  -13.032 1.0000000000
1544  2.062  -91.496  -12.224 1.0000000000
1552  3.234  -91.719  -13.758 1.0000000000
1554  2.216  -91.243  -13.157 1.0000000000
1559  3.534  -91.543  -14.662 1.0000000000
1566  3.316  -91.323  -15.485 1.0000000000
1571  8.642  -91.087  -16.424 1.0000000000
1574  7.128  -91.824  -17.650 1.0000000000
1581  7.787  -91.677  -18.813 1.0000000000
1582  15.676  -91.562  -20.997 0.2000000030
1591  14.268  -91.018  -22.963 0.3000000119
1695  0.025  -89.783  8.389 0.1000000015
1712  -0.232  -89.825  7.035 0.1000000015
1728  -0.043  -90.025  6.504 0.3000000119
1744  -0.594  -89.828  5.174 0.3000000119
1762  0.079  -90.103  4.577 0.2000000030
1763  -0.486  -89.991  4.488 0.3000000119
1774  4.413  -90.199  4.349 0.5000000000
1776  2.992  -90.734  3.500 0.6999999881
1777  0.329  -89.805  3.254 0.3000000119
1778  -0.348  -90.053  3.778 0.3000000119
1780  -1.724  -89.409  2.647 0.6999999881
1790  3.203  -90.434  2.482 0.6999999881
1793  -0.447  -90.146  2.341 0.4000000060
1794  -1.015  -90.128  2.196 0.6999999881
1808  3.355  -90.263  1.449 0.6000000238
1809  -0.086  -90.191  1.151 0.8999999762
1811  -1.125  -90.090  1.523 0.6999999881
1824  -1.747  -89.588  0.471 1.0000000000
1830  -1.095  -90.209  -0.922 1.0000000000
1841  18.695  -90.150  -2.379 0.1000000015
1843  10.882  -90.461  -1.822 1.0000000000
1845  8.519  -90.876  -1.145 1.0000000000
1847  7.007  -90.955  -1.592 1.0000000000
1849  2.589  -90.415  -2.134 0.6999999881
1850  0.538  -89.875  -2.407 0.8999999762
1852  -1.819  -89.472  -2.067 1.0000000000
1853  -2.453  -89.031  -1.697 1.0000000000
1867  6.162  -91.058  -3.055 1.0000000000
1868  3.095  -89.453  -2.284 0.6999999881
1873  -1.958  -89.930  -2.742 1.0000000000
1874  -2.124  -89.342  -2.399 1.0000000000
1883  18.419  -89.931  -3.251 0.1000000015
1885  11.567  -89.790  -2.680 1.0000000000
1887  6.452  -90.378  -3.495 1.0000000000
1889  -2.037  -90.169  -3.159 1.0000000000
1893  5.169  -90.268  -4.580 1.0000000000
1897  1.029  -90.725  -5.130 1.0000000000
1905  1.544  -91.288  -5.198 1.0000000000
1917  8.923  -90.548  -6.273 1.0000000000
1919  -1.127  -90.248  -6.759 1.0000000000
1929  8.874  -90.906  -7.530 1.0000000000
1931  2.180  -90.753  -7.585 1.0000000000
1933  -0.938  -90.989  -7.043 1.0000000000
1934  -1.538  -90.604  -7.065 1.0000000000
1938  10.301  -90.032  -9.195 1.0000000000
1943  3.415  -90.969  -8.316 1.0000000000
1946  -3.041  -90.282  -8.772 0.8999999762
1955  5.692  -90.031  -10.045 1.0000000000
1956  5.108  -90.243  -9.590 1.0000000000
1960  -1.158  -90.550  -9.239 0.8000000119
1961  -1.990  -90.410  -9.902 0.8000000119
1962  -2.472  -90.542  -9.728 0.8999999762
1969  13.706  -90.706  -10.491 0.3000000119
1973  5.638  -90.244  -10.791 1.0000000000
1983  14.631  -90.516  -11.598 0.3000000119
1984  13.889  -90.647  -11.314 0.3000000119
1986  6.015  -90.133  -11.542 1.0000000000
1989  1.010  -90.645  -11.069 0.8000000119
1990  -2.259  -90.431  -11.289 0.6999999881
1996  10.136  -90.752  -13.009 1.0000000000
1999  -2.242  -90.286  -12.584 0.6000000238
2003  10.289  -89.854  -14.107 1.0000000000
2013  5.890  -90.424  -14.747 1.0000000000
2024  9.667  -90.505  -15.132 1.0000000000
2025  6.075  -90.205  -15.333 1.0000000000
2028  2.930  -91.014  -15.942 1.0000000000
2036  4.393  -90.643  -17.036 1.0000000000
2037  3.598  -90.499  -17.325 1.0000000000
2038  3.186  -90.702  -16.687 1.0000000000
2044  7.678  -91.084  -18.119 1.0000000000
2059  14.818  -90.847  -22.462 0.3000000119
2063  13.691  -90.458  -23.517 0.6000000238
2065  12.340  -90.115  -23.504 0.5000000000
2067  13.374  -89.931  -23.978 0.3000000119
2189  -1.282  -88.553  6.594 0.3000000119
2204  -1.084  -89.123  5.982 0.3000000119
2218  1.313  -89.257  5.736 0.2000000030
2220  -1.655  -88.997  5.154 0.3000000119
2235  5.969  -90.144  4.200 0.3000000119
2237  1.116  -89.137  4.960 0.3000000119
2238  0.594  -89.752  5.181 0.2000000030
2250  8.405  -89.057  3.730 0.2000000030
2255  -1.421  -89.204  3.482 0.4000000060
2256  -2.176  -89.032  2.971 0.6000000238
2273  -3.131  -89.057  2.127 1.0000000000
2301  0.517  -89.458  -0.142 0.8000000119
2302  -2.283  -89.437  0.581 1.0000000000
2303  -3.836  -88.803  -0.040 1.0000000000
2306  4.297  -88.979  -1.313 0.6999999881
2308  0.366  -89.542  -1.282 0.8999999762
2309  -3.191  -89.260  -0.504 1.0000000000
2312  10.791  -89.646  -1.781 1.0000000000
2315  8.219  -90.169  -1.617 1.0000000000
2318  -2.875  -88.524  -1.710 1.0000000000
2323  20.391  -89.408  -2.994 0.1000000015
2325  18.831  -89.685  -3.018 0.1000000015
2326  12.341  -88.772  -2.725 1.0000000000
2327  11.891  -89.157  -2.415 1.0000000000
2328  11.272  -89.227  -2.012 1.0000000000
2331  1.874  -89.504  -2.748 0.8000000119
2332  1.339  -89.843  -2.798 0.8999999762
2339  7.314  -89.385  -3.402 1.0000000000
2342  -2.258  -89.647  -3.080 1.0000000000
2343  -2.386  -88.975  -2.716 1.0000000000
2347  10.005  -89.764  -5.413 1.0000000000
2348  6.123  -89.121  -4.371 1.0000000000
2351  3.475  -89.269  -4.970 1.0000000000
2355  -1.649  -89.398  -4.021 1.0000000000
2363  10.392  -89.414  -6.182 1.0000000000
2378  -0.734  -89.310  -6.571 1.0000000000
2380  -2.461  -89.166  -6.920 1.0000000000
2381  -2.931  -89.030  -7.283 1.0000000000
2387  16.071  -89.369  -7.006 0.1000000015
2388  15.499  -89.111  -7.627 0.1000000015
2394  2.549  -89.769  -7.387 1.0000000000
2395  1.130  -90.195  -6.959 1.0000000000
2396  0.497  -90.849  -7.010 1.0000000000
2401  15.160  -88.885  -8.426 0.2000000030
2405  5.443  -89.549  -8.392 1.0000000000
2411  15.320  -88.959  -10.173 0.1000000015
2414  7.154  -89.020  -9.821 1.0000000000
2417  -0.218  -89.458  -9.596 0.6999999881
2428  10.919  -89.402  -10.273 1.0000000000
2432  -1.987  -90.454  -10.606 0.6999999881
2442  10.831  -89.412  -12.041 1.0000000000
2447  -3.246  -89.754  -11.941 0.8999999762
2453  11.050  -88.689  -11.916 1.0000000000
2455  7.357  -89.247  -11.980 1.0000000000
2461  -3.034  -90.043  -12.422 0.6999999881
2465  10.382  -89.231  -13.721 1.0000000000
2470  -1.164  -90.032  -14.541 0.6000000238
2472  -2.595  -90.151  -12.913 0.6000000238
2476  10.125  -89.383  -14.388 1.0000000000
2477  9.773  -89.502  -15.016 1.0000000000
2480  2.251  -90.363  -14.765 1.0000000000
2482  -1.681  -89.981  -15.027 0.6000000238
2483  -2.224  -89.949  -14.631 0.6000000238
2492  9.678  -89.932  -15.466 1.0000000000
2493  7.880  -89.087  -15.876 1.0000000000
2507  8.730  -89.494  -16.901 1.0000000000
2511  -1.196  -89.131  -16.064 0.6000000238
2524  3.268  -89.450  -17.639 1.0000000000
2544  13.661  -89.531  -22.945 0.3000000119
2550  13.167  -89.468  -23.618 0.3000000119
2552  11.590  -88.493  -23.551 0.6999999881
2632  -0.816  -87.309  12.378 0.1000000015
2652  -1.648  -87.225  11.520 0.1000000015
2672  -0.697  -88.034  9.000 0.1000000015
2673  -1.080  -87.350  9.253 0.2000000030
2711  -2.093  -88.341  5.412 0.4000000060
2739  1.566  -88.356  3.492 0.3000000119
2741  -2.882  -88.638  3.242 0.8000000119
2773  5.939  -88.214  1.103 0.2000000030
2774  5.126  -88.871  1.237 0.6000000238
2791  1.696  -88.310  0.391 0.5000000000
2794  -4.197  -87.751  0.243 1.0000000000
2797  5.163  -88.071  -1.016 0.5000000000
2799  1.478  -88.463  -0.418 0.6999999881
2803  10.593  -88.847  -1.945 1.0000000000
2804  4.875  -87.430  -1.225 0.2000000030
2805  2.566  -88.404  -2.117 0.6999999881
2807  -3.494  -88.260  -1.222 1.0000000000
2813  9.655  -88.751  -2.073 1.0000000000
2816  4.166  -88.073  -1.751 0.6000000238
2817  3.911  -88.532  -1.884 0.6999999881
2824  12.768  -88.277  -2.981 1.0000000000
2825  8.192  -88.119  -3.048 1.0000000000
2829  -2.458  -88.229  -2.646 1.0000000000
2836  5.500  -88.468  -4.489 1.0000000000
2838  4.046  -88.109  -4.679 1.0000000000
2841  0.882  -89.072  -4.590 1.0000000000
2842  -0.307  -88.468  -4.269 1.0000000000
2844  -1.925  -88.514  -3.615 1.0000000000
2854  10.921  -88.801  -5.972 1.0000000000
2864  5.932  -88.091  -7.138 1.0000000000
2865  4.992  -87.785  -6.877 1.0000000000
2872  -2.165  -88.254  -6.758 1.0000000000
2883  6.329  -88.448  -7.697 1.0000000000
2892  8.171  -88.029  -8.833 1.0000000000
2895  -3.376  -88.895  -8.882 0.8999999762
2902  11.586  -87.878  -9.940 1.0000000000
2905  6.901  -88.880  -9.117 1.0000000000
2916  8.423  -88.335  -10.209 1.0000000000
2922  -3.449  -89.136  -10.460 0.8999999762
2926  11.140  -88.095  -11.658 1.0000000000
2927  9.849  -87.771  -12.264 1.0000000000
2931  1.580  -88.708  -11.245 0.6000000238
2947  2.012  -88.818  -12.029 0.8999999762
2949  -3.213  -89.298  -12.551 0.6999999881
2952  10.178  -88.941  -14.062 1.0000000000
2953  9.930  -88.699  -14.050 1.0000000000
2970  -2.815  -88.741  -14.138 0.6999999881
2982  8.680  -89.023  -15.975 1.0000000000
3001  3.200  -88.748  -17.078 1.0000000000
3005  -1.817  -88.917  -15.998 0.4000000060
3006  -2.146  -88.357  -16.220 0.5000000000
3014  7.648  -88.706  -17.927 1.0000000000
3017  3.575  -89.166  -18.434 1.0000000000
3018  -0.920  -88.107  -17.286 0.2000000030
3019  -1.388  -88.428  -16.688 0.4000000060
3038  5.899  -88.345  -20.117 1.0000000000
3040  4.444  -87.739  -20.520 1.0000000000
3050  9.943  -87.366  -23.403 0.6000000238
3051  10.901  -87.241  -24.047 0.4000000060
3134  -1.610  -86.827  12.371 0.1000000015
3141  -2.578  -86.391  12.392 0.1000000015
3160  -1.712  -87.051  10.666 0.2000000030
3176  -1.531  -86.798  9.681 0.3000000119
3189  -1.489  -86.800  8.694 0.3000000119
3215  -2.552  -87.150  6.206 0.6000000238
3239  2.842  -87.353  4.268 0.3000000119
3240  -2.503  -87.907  4.876 0.6000000238
3250  3.192  -86.783  2.822 0.2000000030
3252  -3.282  -87.435  3.755 0.6000000238
3287  2.859  -87.184  1.083 0.1000000015
3289  -4.152  -87.256  1.578 1.0000000000
3298  6.373  -86.444  0.541 0.1000000015
3299  6.093  -87.131  -0.118 0.4000000060
3301  2.717  -87.390  0.198 0.5000000000
3314  5.017  -86.640  -0.767 0.2000000030
3317  2.011  -88.052  -0.835 0.6999999881
3324  4.257  -87.652  -1.540 0.6000000238
3325  3.732  -87.464  -1.421 0.6000000238
3326  3.061  -87.729  -1.570 0.6000000238
3328  -3.112  -87.285  -1.691 1.0000000000
3329  -3.703  -87.576  -1.158 1.0000000000
3337  9.722  -87.482  -2.700 1.0000000000
3340  -2.635  -87.649  -2.118 1.0000000000
3343  13.313  -86.635  -3.735 1.0000000000
3345  9.365  -86.735  -2.879 1.0000000000
3347  7.862  -87.198  -3.167 1.0000000000
3350  -2.215  -87.278  -3.075 1.0000000000
3354  12.995  -87.610  -3.887 1.0000000000
3356  6.493  -87.533  -3.990 1.0000000000
3361  1.727  -87.859  -4.473 1.0000000000
3363  -0.572  -87.828  -4.147 1.0000000000
3364  -1.860  -87.794  -3.555 1.0000000000
3384  12.404  -86.999  -6.574 1.0000000000
3392  -0.546  -87.716  -6.612 1.0000000000
3394  -2.246  -87.353  -6.766 1.0000000000
3407  7.399  -87.549  -7.557 1.0000000000
3408  -3.184  -87.302  -7.585 1.0000000000
3423  7.740  -87.839  -8.098 1.0000000000
3424  -3.322  -87.989  -8.150 1.0000000000
3429  11.454  -87.359  -9.628 1.0000000000
3435  -1.002  -87.040  -9.747 0.4000000060
3440  11.069  -87.284  -10.744 1.0000000000
3442  9.090  -87.891  -10.944 1.0000000000
3447  -3.481  -88.233  -10.383 0.8999999762
3450  10.876  -87.611  -11.565 1.0000000000
3453  3.541  -87.846  -11.047 0.3000000119
3454  2.779  -87.921  -10.869 0.6000000238
3456  -1.271  -87.986  -10.616 0.2000000030
3480  0.075  -87.550  -13.759 0.3000000119
3481  -0.392  -88.372  -13.353 0.2000000030
3491  4.793  -87.529  -14.550 0.6000000238
3495  -2.753  -87.876  -14.494 0.8000000119
3509  0.579  -87.517  -15.538 0.2000000030
3521  0.649  -87.131  -18.096 0.1000000015
3522  0.449  -87.861  -16.975 0.2000000030
3524  -2.198  -87.564  -16.667 0.5000000000
3532  0.090  -87.482  -17.705 0.1000000015
3533  -0.457  -87.656  -17.533 0.1000000015
3534  -1.523  -87.855  -17.191 0.2000000030
3541  3.844  -87.831  -19.433 1.0000000000
3542  0.064  -87.257  -17.851 0.1000000015
3552  5.126  -87.835  -20.810 0.8999999762
3559  11.527  -87.402  -20.722 0.1000000015
3569  9.335  -87.159  -22.991 0.6000000238
3575  10.387  -87.096  -23.825 0.4000000060
3578  11.089  -87.040  -24.068 0.4000000060
3580  10.214  -86.612  -23.679 0.4000000060
3696  -2.884  -86.063  12.736 0.2000000030
3761  -2.946  -85.622  7.221 0.6000000238
3785  -0.040  -86.077  4.649 1.0000000000
3786  -3.177  -86.490  5.782 0.6000000238
3802  0.438  -85.867  4.084 1.0000000000
3803  -3.844  -85.516  4.190 0.8999999762
3818  0.259  -85.804  3.230 1.0000000000
3820  -1.270  -85.759  2.682 1.0000000000
3845  -0.461  -86.180  2.073 1.0000000000
3847  -2.716  -85.286  1.662 1.0000000000
3864  -3.612  -85.710  1.016 0.8999999762
3871  5.919  -86.006  0.287 0.1000000015
3874  -0.892  -86.514  -0.223 1.0000000000
3875  -1.580  -86.591  -0.278 1.0000000000
3878  -4.075  -86.258  0.468 1.0000000000
3889  4.101  -86.596  -0.402 0.1000000015
3891  -2.142  -86.476  -1.099 1.0000000000
3901  -2.673  -86.625  -1.747 1.0000000000
3906  12.869  -86.640  -2.826 1.0000000000
3907  12.168  -86.688  -2.595 1.0000000000
3910  -2.237  -86.495  -2.612 1.0000000000
3919  6.312  -86.626  -3.907 1.0000000000
3927  -2.272  -86.805  -2.703 1.0000000000
3932  5.119  -87.016  -4.377 1.0000000000
3933  3.517  -86.613  -4.146 1.0000000000
3936  0.313  -86.871  -4.105 1.0000000000
3938  -1.297  -86.772  -3.732 1.0000000000
3965  5.030  -86.125  -6.620 1.0000000000
3967  0.800  -86.451  -6.698 1.0000000000
3969  -1.087  -86.151  -6.647 1.0000000000
3970  -1.870  -86.627  -6.705 1.0000000000
3982  12.287  -86.201  -7.493 1.0000000000
3986  8.646  -86.650  -7.437 1.0000000000
4003  11.109  -86.385  -8.511 1.0000000000
4013  11.169  -87.045  -10.034 1.0000000000
4015  10.409  -86.904  -9.552 1.0000000000
4016  5.102  -86.183  -9.447 0.1000000015
4020  0.028  -86.444  -9.325 0.3000000119
4021  -0.547  -86.315  -9.646 0.3000000119
4025  10.802  -86.955  -10.251 1.0000000000
4027  4.594  -86.801  -9.862 0.3000000119
4028  -0.876  -86.295  -9.996 0.3000000119
4029  -3.749  -86.684  -10.348 0.8999999762
4038  5.714  -86.705  -12.412 0.1000000015
4054  0.435  -86.693  -13.338 0.3000000119
4055  -3.215  -86.562  -13.273 0.8999999762
4065  5.741  -87.106  -14.125 0.4000000060
4067  0.728  -86.885  -14.817 0.3000000119
4068  -2.625  -87.209  -14.976 0.8000000119
4081  -2.777  -86.247  -14.825 0.8999999762
4091  7.108  -86.391  -16.992 0.4000000060
4093  1.020  -87.164  -17.279 0.1000000015
4122  -0.138  -87.022  -17.899 0.2000000030
4123  -1.128  -86.880  -17.571 0.2000000030
4124  -1.906  -86.399  -17.600 0.4000000060
4133  5.744  -85.962  -20.161 0.8999999762
4134  4.956  -86.447  -20.240 0.8999999762
4144  4.906  -86.619  -21.037 0.8999999762
4151  6.410  -86.217  -21.623 0.6999999881
4157  10.760  -86.677  -23.806 0.4000000060
4158  10.149  -86.097  -23.493 0.3000000119
4270  -2.588  -85.408  12.876 0.1000000015
4304  -3.063  -84.805  9.052 0.4000000060
4348  0.960  -85.770  7.231 0.8999999762
4349  0.195  -85.718  6.566 0.8999999762
4350  -0.710  -85.088  6.615 1.0000000000
4363  1.213  -85.710  5.415 1.0000000000
4364  0.225  -85.974  5.585 1.0000000000
4389  -0.995  -85.664  3.545 1.0000000000
4391  -2.948  -84.446  3.182 0.8999999762
4392  -3.909  -84.842  3.662 0.8000000119
4404  6.428  -85.694  1.777 0.1000000015
4405  5.521  -85.659  1.375 0.1000000015
4406  0.458  -85.480  2.649 1.0000000000
4408  -3.252  -84.728  2.451 1.0000000000
4409  -4.199  -85.653  2.036 0.8999999762
4419  0.002  -85.999  1.166 1.0000000000
4420  -0.492  -86.192  0.349 1.0000000000
4432  5.581  -85.798  0.621 0.1000000015
4446  -1.528  -85.898  -1.108 1.0000000000
4454  11.962  -85.721  -2.851 1.0000000000
4462  -2.130  -85.675  -2.708 1.0000000000
4467  7.332  -85.493  -3.075 1.0000000000
4469  5.588  -85.603  -3.421 1.0000000000
4475  -2.063  -85.757  -3.102 1.0000000000
4483  13.750  -85.144  -4.650 1.0000000000
4495  12.837  -85.246  -6.368 1.0000000000
4497  10.414  -84.912  -6.902 1.0000000000
4499  8.588  -85.437  -6.785 1.0000000000
4500  7.167  -85.172  -6.407 1.0000000000
4501  6.153  -84.812  -6.458 1.0000000000
4505  1.083  -85.486  -6.718 1.0000000000
4508  -1.921  -85.548  -6.604 1.0000000000
4515  11.118  -85.413  -7.518 1.0000000000
4524  -3.483  -85.464  -8.201 1.0000000000
4531  3.808  -85.170  -8.992 0.1000000015
4532  2.763  -85.399  -9.091 0.1000000015
4533  1.722  -85.314  -9.202 0.2000000030
4535  0.048  -85.607  -9.576 0.3000000119
4541  7.093  -84.951  -9.694 0.1000000015
4543  -0.035  -85.169  -10.041 0.2000000030
4551  -0.443  -85.677  -10.419 0.3000000119
4560  0.654  -85.601  -12.101 0.1000000015
4574  7.102  -85.755  -12.584 0.1000000015
4588  8.336  -85.169  -14.849 0.2000000030
4589  7.833  -85.738  -14.511 0.1000000015
4590  7.068  -86.036  -13.335 0.1000000015
4599  8.341  -85.236  -15.635 0.2000000030
4613  7.742  -85.929  -16.734 0.3000000119
4615  1.656  -86.265  -16.919 0.1000000015
4616  -2.252  -86.099  -17.203 0.3000000119
4646  7.450  -85.710  -18.656 0.3000000119
4657  8.365  -85.326  -20.022 0.3000000119
4661  1.385  -85.817  -19.605 0.1000000015
4662  0.883  -86.168  -19.036 0.1000000015
4667  9.141  -85.217  -21.338 0.3000000119
4675  8.294  -85.437  -21.960 0.4000000060
4676  7.228  -85.854  -21.730 0.6999999881
4683  9.489  -85.702  -23.135 0.4000000060
4807  -1.251  -84.475  12.077 0.1000000015
4822  -3.371  -84.084  12.125 0.2000000030
4833  -3.605  -84.551  10.408 0.3000000119
4860  1.243  -84.900  8.246 0.8999999762
4861  0.542  -84.747  8.181 0.8999999762
4862  -2.768  -85.210  8.040 0.5000000000
4873  1.906  -84.806  7.899 1.0000000000
4874  1.349  -85.313  7.766 0.8999999762
4877  -2.574  -84.985  7.074 0.6000000238
4890  2.416  -84.640  7.242 1.0000000000
4906  2.121  -85.006  6.620 1.0000000000
4910  -3.084  -84.663  5.558 0.8000000119
4923  -3.122  -84.151  4.533 0.8000000119
4924  -3.477  -84.486  4.178 0.8000000119
4936  1.205  -84.814  3.833 1.0000000000
4939  -3.207  -84.280  3.843 0.8999999762
4972  -0.590  -85.419  0.142 1.0000000000
4980  -2.142  -84.853  -0.917 1.0000000000
4987  0.371  -83.922  -1.836 1.0000000000
4992  6.852  -84.592  -2.350 1.0000000000
4995  3.436  -84.716  -2.195 1.0000000000
4997  1.041  -84.582  -2.287 1.0000000000
5000  -2.206  -84.045  -1.557 1.0000000000
5006  13.311  -84.929  -3.317 1.0000000000
5007  12.799  -84.320  -3.193 1.0000000000
5009  10.340  -84.410  -3.061 1.0000000000
5011  8.447  -84.438  -2.743 1.0000000000
5013  5.300  -84.924  -2.736 1.0000000000
5021  13.757  -84.093  -4.598 1.0000000000
5023  13.439  -83.746  -5.325 1.0000000000
5026  0.138  -84.021  -5.851 1.0000000000
5032  12.452  -84.462  -6.308 1.0000000000
5035  8.229  -84.263  -6.351 1.0000000000
5041  1.321  -84.579  -6.652 1.0000000000
5058  -3.381  -84.513  -7.756 1.0000000000
5064  8.182  -83.640  -9.017 0.1000000015
5067  5.848  -84.312  -8.791 0.1000000015
5073  -3.286  -84.354  -9.228 1.0000000000
5087  -2.938  -84.331  -11.073 0.8999999762
5125  9.138  -83.889  -15.891 0.1000000015
5128  -3.029  -84.877  -15.529 0.8999999762
5140  -3.055  -84.621  -16.467 0.6999999881
5151  9.078  -84.513  -17.613 0.1000000015
5153  0.138  -85.026  -17.711 0.1000000015
5154  -0.453  -84.905  -17.245 0.1000000015
5155  -2.341  -84.937  -18.090 0.3000000119
5177  1.506  -85.237  -20.201 0.1000000015
5340  -2.678  -83.503  12.417 0.2000000030
5341  -3.089  -83.394  12.207 0.2000000030
5350  -0.261  -83.606  10.884 0.1000000015
5352  -3.354  -83.462  11.437 0.3000000119
5358  0.457  -83.734  10.812 0.1000000015
5379  1.276  -83.544  8.512 1.0000000000
5392  3.215  -83.313  7.752 1.0000000000
5409  -1.569  -84.472  7.222 1.0000000000
5418  3.965  -83.132  6.191 1.0000000000
5419  3.188  -83.672  6.074 1.0000000000
5422  -2.421  -84.658  6.063 0.8999999762
5444  -0.104  -83.432  2.195 1.0000000000
5448  -0.577  -83.831  1.418 1.0000000000
5450  -2.614  -82.905  0.402 1.0000000000
5455  -1.051  -84.251  0.612 1.0000000000
5457  -2.497  -83.480  -0.160 1.0000000000
5459  4.005  -82.900  -0.383 1.0000000000
5460  3.149  -83.006  -0.349 1.0000000000
5461  2.287  -83.051  -0.450 1.0000000000
5463  -2.414  -83.983  -0.699 1.0000000000
5467  3.669  -83.618  -0.742 1.0000000000
5469  2.049  -83.592  -0.937 1.0000000000
5472  -2.066  -83.590  -1.310 1.0000000000
5473  -2.309  -83.744  -1.023 1.0000000000
5480  5.857  -83.763  -1.395 1.0000000000
5482  -1.897  -84.045  -2.029 1.0000000000
5492  11.692  -82.904  -3.397 1.0000000000
5495  8.090  -83.869  -2.493 1.0000000000
5500  0.734  -82.966  -4.019 1.0000000000
5501  -0.863  -82.450  -3.901 1.0000000000
5502  -1.615  -82.344  -4.156 1.0000000000
5503  -2.177  -82.268  -4.671 1.0000000000
5508  13.368  -83.330  -4.802 1.0000000000
5511  2.796  -83.079  -6.382 1.0000000000
5514  0.381  -83.440  -5.077 1.0000000000
5517  -2.674  -82.445  -5.217 1.0000000000
5518  -3.093  -82.561  -5.807 1.0000000000
5530  4.949  -83.423  -7.137 1.0000000000
5532  2.669  -83.708  -6.921 1.0000000000
5534  1.522  -83.689  -6.172 1.0000000000
5535  -3.351  -82.745  -6.447 1.0000000000
5543  -3.343  -83.640  -7.083 1.0000000000
5548  7.927  -83.070  -8.760 0.1000000015
5553  7.456  -83.358  -8.738 0.1000000015
5555  5.723  -83.418  -8.969 0.1000000015
5560  -2.998  -83.553  -9.379 1.0000000000
5574  -2.102  -82.943  -11.522 1.0000000000
5585  -2.361  -83.612  -12.089 0.8999999762
5593  9.000  -83.807  -13.613 0.1000000015
5597  -2.563  -83.745  -13.477 0.8999999762
5610  9.602  -83.078  -14.606 0.1000000015
5611  9.152  -83.587  -14.533 0.1000000015
5637  -0.753  -83.794  -16.407 0.2000000030
5638  -1.295  -84.017  -16.909 0.2000000030
5639  -3.390  -83.819  -16.526 0.8999999762
5665  -2.209  -84.371  -19.897 0.4000000060
5666  -2.420  -84.033  -19.531 0.6000000238
5674  -2.147  -84.083  -20.390 0.4000000060
5685  -2.111  -83.626  -20.837 0.5000000000
5860  -1.692  -82.729  11.943 0.1000000015
5889  -3.131  -83.334  9.768 0.5000000000
5898  2.470  -82.620  8.384 1.0000000000
5899  1.667  -82.722  8.432 1.0000000000
5913  4.452  -82.076  7.536 1.0000000000
5914  3.825  -82.691  7.654 1.0000000000
5916  -0.880  -82.819  8.099 1.0000000000
5918  -2.398  -84.393  8.440 0.6999999881
5928  5.424  -81.498  6.667 1.0000000000
5948  5.384  -82.249  5.246 1.0000000000
5949  4.796  -82.551  4.924 1.0000000000
5956  3.491  -82.223  4.039 1.0000000000
5957  2.579  -82.291  3.919 1.0000000000
5958  1.797  -82.557  3.707 1.0000000000
5963  0.404  -83.086  2.845 1.0000000000
5965  -1.229  -82.088  2.076 1.0000000000
5971  -1.777  -82.426  1.597 1.0000000000
5975  -3.048  -82.144  0.198 1.0000000000
5984  -2.380  -82.220  -0.362 1.0000000000
5989  5.782  -82.350  -1.202 1.0000000000
5990  5.077  -82.232  -0.933 1.0000000000
6007  13.074  -83.104  -4.201 1.0000000000
6014  12.566  -82.424  -4.496 1.0000000000
6018  1.147  -82.284  -3.708 1.0000000000
6021  -1.899  -81.923  -4.240 1.0000000000
6029  12.494  -82.265  -5.017 1.0000000000
6031  4.290  -81.886  -6.245 1.0000000000
6033  2.993  -82.548  -5.478 1.0000000000
6043  10.221  -82.511  -6.231 1.0000000000
6044  9.157  -81.870  -6.521 1.0000000000
6045  8.096  -81.715  -6.847 1.0000000000
6048  4.642  -82.428  -7.185 1.0000000000
6049  -3.359  -81.928  -6.044 1.0000000000
6062  8.339  -82.649  -8.920 0.1000000015
6065  5.638  -82.746  -9.452 0.1000000015
6066  4.983  -83.062  -9.661 0.1000000015
6074  -2.892  -82.392  -10.077 1.0000000000
6084  -2.799  -82.139  -11.053 1.0000000000
6098  -2.503  -82.078  -12.752 1.0000000000
6117  -2.342  -82.294  -13.672 1.0000000000
6133  -2.585  -82.303  -14.494 0.8999999762
6140  0.427  -82.204  -15.762 0.1000000015
6167  0.413  -83.539  -17.066 0.1000000015
6169  -3.500  -82.681  -17.633 0.8999999762
6193  -2.278  -82.862  -20.972 0.4000000060
6453  -2.662  -82.099  11.951 0.1000000015
6466  -1.012  -81.383  11.455 0.1000000015
6467  -1.810  -81.098  11.922 0.1000000015
6476  -3.046  -81.182  10.774 0.4000000060
6482  -3.090  -81.084  9.914 0.5000000000
6488  2.970  -81.981  8.360 1.0000000000
6503  3.448  -81.388  7.983 1.0000000000
6506  0.508  -81.732  7.690 1.0000000000
6507  -0.540  -81.759  7.663 1.0000000000
6532  5.899  -81.755  5.155 1.0000000000
6537  5.713  -81.795  3.717 1.0000000000
6544  6.171  -80.891  2.408 1.0000000000
6546  4.514  -81.592  3.005 1.0000000000
6547  3.795  -81.350  2.904 1.0000000000
6549  1.812  -81.344  2.810 1.0000000000
6551  -1.178  -81.251  1.929 1.0000000000
6558  -3.058  -81.472  -0.021 1.0000000000
6562  1.598  -81.564  -0.231 1.0000000000
6565  -1.998  -81.381  -0.437 1.0000000000
6566  -2.762  -81.426  -0.154 1.0000000000
6571  3.880  -81.241  -0.928 1.0000000000
6584  12.072  -81.972  -4.211 1.0000000000
6585  11.446  -81.587  -3.940 1.0000000000
6586  9.805  -81.328  -3.619 1.0000000000
6587  8.806  -81.181  -3.556 1.0000000000
6593  11.093  -80.975  -4.413 1.0000000000
6595  4.548  -81.186  -5.188 1.0000000000
6598  1.769  -81.677  -3.942 1.0000000000
6605  11.814  -81.578  -5.239 1.0000000000
6622  5.859  -81.279  -7.216 1.0000000000
6627  -2.737  -80.954  -6.026 1.0000000000
6635  -0.188  -81.494  -8.781 1.0000000000
6636  -1.129  -81.495  -8.424 1.0000000000
6638  -3.379  -80.946  -9.507 1.0000000000
6641  9.497  -81.619  -9.211 0.1000000015
6647  -1.486  -81.144  -9.076 1.0000000000
6656  8.208  -81.161  -9.530 0.1000000015
6659  0.399  -81.216  -10.540 1.0000000000
6663  -3.478  -80.925  -10.436 1.0000000000
6712  -3.170  -80.701  -13.552 1.0000000000
6750  -0.643  -81.701  -16.913 0.1000000015
6751  -1.069  -82.544  -17.127 0.2000000030
6771  -3.479  -81.701  -18.940 0.8999999762
6786  -0.872  -81.346  -20.449 0.3000000119
6787  -1.489  -82.939  -20.487 0.2000000030
6800  2.095  -81.348  -20.752 0.1000000015
6802  -1.053  -81.210  -21.151 0.4000000060
6803  -1.393  -82.093  -21.081 0.3000000119
6804  -1.888  -82.183  -21.277 0.4000000060
7080  -2.344  -80.615  11.548 0.3000000119
7081  -2.587  -80.759  11.374 0.3000000119
7108  -3.076  -80.724  9.364 0.6000000238
7131  3.892  -80.782  7.547 1.0000000000
7133  0.996  -80.959  7.173 1.0000000000
7138  -3.056  -80.122  8.385 0.8000000119
7149  4.987  -80.053  6.932 1.0000000000
7150  4.246  -80.240  7.015 1.0000000000
7154  -1.171  -80.290  6.900 0.8999999762
7163  6.007  -80.410  6.282 1.0000000000
7166  -0.934  -79.988  6.076 0.8999999762
7176  7.411  -80.230  3.417 1.0000000000
7177  6.904  -80.795  3.819 1.0000000000
7185  3.013  -80.638  2.336 1.0000000000
7193  4.308  -80.420  2.003 1.0000000000
7195  2.474  -80.272  1.945 1.0000000000
7197  0.388  -79.843  1.268 1.0000000000
7198  -1.391  -80.498  1.297 1.0000000000
7203  -2.635  -80.880  0.268 1.0000000000
7205  1.839  -80.853  -0.558 1.0000000000
7207  -0.276  -80.622  -0.716 1.0000000000
7208  -1.633  -80.658  -0.706 1.0000000000
7212  4.270  -80.767  -1.769 1.0000000000
7214  2.462  -80.546  -1.115 1.0000000000
7215  0.719  -80.103  -1.749 1.0000000000
7216  -0.317  -80.082  -1.527 1.0000000000
7217  -1.390  -80.040  -1.315 1.0000000000
7223  5.481  -80.630  -2.878 1.0000000000
7225  2.824  -80.097  -2.127 1.0000000000
7233  8.522  -80.642  -4.190 1.0000000000
7234  7.877  -80.988  -3.627 1.0000000000
7236  5.827  -80.490  -3.509 1.0000000000
7243  11.281  -80.924  -5.148 1.0000000000
7249  5.586  -80.309  -4.350 1.0000000000
7253  2.420  -80.892  -4.639 1.0000000000
7255  10.577  -80.627  -5.659 1.0000000000
7256  9.435  -80.374  -6.005 1.0000000000
7257  8.475  -80.172  -6.131 1.0000000000
7261  2.416  -80.121  -5.144 1.0000000000
7272  9.347  -80.898  -6.481 1.0000000000
7274  7.103  -80.261  -6.748 1.0000000000
7275  6.166  -80.578  -6.784 1.0000000000
7279  -2.522  -80.813  -6.924 1.0000000000
7297  -3.263  -80.766  -9.139 1.0000000000
7306  9.023  -81.034  -9.338 0.1000000015
7307  0.904  -80.778  -9.564 1.0000000000
7308  -2.064  -80.341  -9.570 1.0000000000
7309  -2.730  -80.239  -9.511 1.0000000000
7310  -3.276  -80.932  -10.007 1.0000000000
7324  1.006  -81.093  -11.001 1.0000000000
7327  -2.490  -79.944  -10.033 1.0000000000
7329  -3.204  -80.636  -10.452 1.0000000000
7342  0.763  -80.721  -11.694 1.0000000000
7361  1.181  -80.184  -12.035 1.0000000000
7370  -3.506  -80.218  -12.912 1.0000000000
7448  -0.846  -80.495  -20.747 0.3000000119
7449  -1.215  -80.557  -21.242 0.4000000060
7451  -2.583  -80.786  -21.033 0.5000000000
7709  -2.782  -80.105  11.209 0.3000000119
7732  -0.226  -79.458  10.654 0.1000000015
7735  -3.219  -79.665  10.806 0.4000000060
7755  -3.749  -79.265  10.178 0.6000000238
7756  -4.198  -78.784  9.643 0.6000000238
7771  -4.343  -78.737  8.923 0.6000000238
7800  5.300  -79.328  6.552 1.0000000000
7803  2.090  -79.873  5.829 1.0000000000
7807  -4.276  -78.886  6.819 0.8000000119
7816  6.038  -79.621  6.364 1.0000000000
7818  3.665  -79.370  5.992 1.0000000000
7822  -0.643  -79.934  5.217 1.0000000000
7834  7.089  -79.671  5.263 1.0000000000
7836  0.897  -79.745  4.530 1.0000000000
7837  -0.325  -79.864  4.556 1.0000000000
7841  -3.987  -79.099  4.973 0.8999999762
7848  8.721  -79.213  2.797 1.0000000000
7851  0.535  -79.473  3.765 1.0000000000
7854  -2.501  -79.467  3.793 0.8999999762
7861  8.194  -79.924  2.100 1.0000000000
7872  7.086  -80.275  1.142 1.0000000000
7873  6.117  -80.070  1.268 1.0000000000
7884  9.306  -79.387  0.301 1.0000000000
7889  4.551  -79.383  0.823 1.0000000000
7890  3.655  -79.304  0.841 1.0000000000
7894  -1.580  -79.401  0.133 1.0000000000
7895  -2.317  -80.398  -0.144 1.0000000000
7896  8.722  -79.556  -0.385 1.0000000000
7897  7.976  -79.761  -0.118 1.0000000000
7901  -1.857  -79.118  -0.646 1.0000000000
7909  -1.033  -79.552  -1.969 1.0000000000
7915  3.191  -79.746  -3.013 1.0000000000
7919  -0.859  -79.320  -2.670 1.0000000000
7928  -0.973  -79.030  -3.232 1.0000000000
7933  2.778  -79.846  -4.499 1.0000000000
7947  1.305  -79.808  -6.967 1.0000000000
7948  0.546  -79.215  -7.416 1.0000000000
7969  1.096  -79.861  -8.922 1.0000000000
7970  -2.867  -80.373  -9.666 1.0000000000
7997  -3.004  -80.278  -10.283 1.0000000000
8014  -2.867  -79.613  -11.573 1.0000000000
8015  -3.314  -79.957  -11.497 1.0000000000
8029  1.057  -79.470  -12.374 1.0000000000
8030  0.292  -79.207  -12.694 1.0000000000
8031  -0.527  -79.028  -12.992 1.0000000000
8032  -1.519  -78.913  -13.036 1.0000000000
8033  -2.716  -79.181  -12.601 1.0000000000
8034  -3.345  -79.684  -12.488 1.0000000000
8044  -3.366  -79.148  -13.851 1.0000000000
8070  -2.942  -79.571  -15.956 1.0000000000
8092  0.245  -79.250  -16.974 0.1000000015
8094  -3.176  -79.439  -17.006 1.0000000000
8115  -0.687  -79.716  -20.087 0.3000000119
8128  -1.621  -79.749  -21.308 0.5000000000
8130  -3.222  -80.059  -20.506 0.8000000119
8430  -2.141  -78.783  10.701 0.4000000060
8431  -3.168  -78.783  10.555 0.5000000000
8454  -4.175  -78.253  9.218 0.5000000000
8479  0.919  -78.404  8.572 0.1000000015
8482  -4.391  -78.259  8.519 0.6000000238
8498  0.732  -78.087  7.723 0.1000000015
8499  -0.322  -77.886  7.767 0.1000000015
8517  7.415  -78.174  5.802 1.0000000000
8518  6.659  -78.357  6.128 1.0000000000
8520  -4.336  -78.110  5.914 0.8000000119
8527  8.097  -78.354  5.171 1.0000000000
8530  2.937  -79.006  4.419 1.0000000000
8532  -4.113  -78.854  4.178 0.8999999762
8543  -2.144  -79.227  2.986 1.0000000000
8546  -4.134  -78.363  3.573 0.8999999762
8556  -1.014  -78.526  2.111 1.0000000000
8558  -3.741  -78.207  2.071 0.8999999762
8559  -4.044  -78.362  2.859 0.8999999762
8578  9.899  -78.737  -0.091 1.0000000000
8589  9.977  -78.566  -0.898 1.0000000000
8593  2.085  -78.385  -0.424 1.0000000000
8600  9.842  -78.398  -1.693 1.0000000000
8601  9.290  -78.781  -1.886 1.0000000000
8602  8.475  -78.955  -1.814 1.0000000000
8603  6.753  -79.003  -0.801 1.0000000000
8604  5.355  -78.322  -1.480 1.0000000000
8609  -1.260  -78.389  -1.796 1.0000000000
8618  -1.232  -78.661  -2.300 1.0000000000
8623  -0.537  -78.540  -4.783 1.0000000000
8625  -1.039  -78.660  -2.854 1.0000000000
8631  -0.621  -78.292  -4.456 1.0000000000
8654  0.363  -78.824  -7.762 1.0000000000
8662  2.793  -78.596  -9.216 1.0000000000
8670  3.549  -78.466  -9.828 1.0000000000
8683  3.288  -78.561  -10.555 1.0000000000
8684  2.784  -79.253  -10.889 1.0000000000
8696  2.835  -78.399  -11.250 1.0000000000
8723  -0.967  -77.865  -13.256 1.0000000000
8750  -3.402  -78.975  -15.168 1.0000000000
8758  -3.356  -78.678  -16.714 1.0000000000
8770  0.036  -78.726  -17.644 0.2000000030
8783  -0.337  -78.296  -18.270 0.2000000030
8821  -2.196  -78.973  -21.268 0.6999999881
9134  -3.721  -77.985  9.582 0.5000000000
9153  -1.175  -77.666  7.809 0.1000000015
9155  -2.980  -77.315  8.446 0.6000000238
9157  -4.215  -77.902  8.507 0.5000000000
9182  -4.401  -77.929  7.907 0.6000000238
9210  8.352  -76.636  5.428 1.0000000000
9212  7.031  -77.732  6.035 1.0000000000
9218  -1.971  -76.816  5.669 0.4000000060
9229  -4.131  -77.467  4.593 0.8999999762
9238  3.564  -77.690  3.753 1.0000000000
9248  9.160  -77.567  3.232 1.0000000000
9252  1.889  -77.463  2.153 1.0000000000
9253  0.489  -78.163  2.027 1.0000000000
9254  -0.310  -78.108  1.778 1.0000000000
9255  -1.024  -78.043  1.586 1.0000000000
9256  -4.134  -77.686  2.428 0.8999999762
9266  9.726  -78.693  0.739 1.0000000000
9269  1.088  -77.542  1.742 1.0000000000
9273  -3.394  -77.635  1.374 1.0000000000
9280  9.926  -78.084  0.279 1.0000000000
9281  9.439  -77.637  1.047 1.0000000000
9285  -3.805  -77.084  1.109 0.8999999762
9291  10.062  -77.702  -1.194 1.0000000000
9300  -0.853  -77.885  -2.292 1.0000000000
9311  1.606  -76.962  -3.137 1.0000000000
9312  -0.302  -77.617  -2.999 1.0000000000
9313  -0.889  -78.065  -2.831 1.0000000000
9314  -1.082  -78.390  -2.660 1.0000000000
9319  8.334  -77.729  -3.664 1.0000000000
9321  6.125  -77.302  -3.751 1.0000000000
9323  3.324  -76.908  -3.425 1.0000000000
9341  -0.413  -77.707  -4.909 1.0000000000
9348  1.690  -76.852  -5.578 1.0000000000
9370  5.361  -76.866  -8.589 1.0000000000
9371  4.766  -77.282  -8.051 1.0000000000
9374  1.225  -77.667  -7.683 1.0000000000
9382  5.092  -76.820  -9.212 1.0000000000
9387  -2.712  -76.649  -8.736 1.0000000000
9388  -2.769  -76.410  -8.576 1.0000000000
9395  4.621  -77.398  -9.458 1.0000000000
9397  -0.959  -77.070  -10.003 1.0000000000
9400  -3.101  -76.734  -9.322 1.0000000000
9401  -3.645  -76.694  -9.820 1.0000000000
9406  4.187  -77.310  -10.034 1.0000000000
9407  3.797  -77.967  -10.324 1.0000000000
9408  2.655  -77.488  -11.121 1.0000000000
9414  -3.294  -77.035  -10.249 1.0000000000
9431  -0.807  -77.205  -11.806 1.0000000000
9432  -1.944  -77.166  -12.613 1.0000000000
9447  1.137  -78.155  -12.217 1.0000000000
9450  -1.358  -77.476  -13.129 1.0000000000
9453  -4.038  -77.080  -13.422 1.0000000000
9489  -4.361  -77.106  -15.145 1.0000000000
9507  -4.195  -77.264  -15.954 1.0000000000
9544  -1.306  -76.941  -19.344 0.4000000060
9546  -4.471  -76.875  -19.768 1.0000000000
9565  -1.731  -77.208  -20.368 0.6000000238
9566  -4.069  -77.458  -20.350 1.0000000000
9577  -2.299  -77.470  -21.053 0.8000000119
9984  -1.062  -76.793  4.913 0.4000000060
9994  8.843  -76.718  4.656 1.0000000000
9997  0.753  -75.943  4.168 0.1000000015
10013  4.084  -76.402  4.082 1.0000000000
10015  3.117  -76.861  2.845 1.0000000000
10016  0.025  -76.011  3.700 0.3000000119
10017  -0.777  -76.201  3.629 0.4000000060
10018  -1.875  -76.205  3.577 0.5000000000
10019  -3.129  -76.270  3.551 0.6999999881
10020  -3.883  -76.619  3.275 0.8000000119
10021  -4.105  -77.192  2.995 0.8000000119
10030  7.602  -76.118  1.823 1.0000000000
10031  3.322  -76.184  2.981 1.0000000000
10032  2.748  -76.421  2.458 1.0000000000
10035  -4.017  -76.411  2.421 0.8000000119
10049  -0.164  -76.341  0.700 1.0000000000
10056  7.165  -76.406  0.455 1.0000000000
10059  -1.146  -76.131  0.440 1.0000000000
10060  -1.989  -76.860  0.623 0.8999999762
10061  -2.918  -76.301  0.492 0.8999999762
10062  -3.680  -76.492  0.851 0.8999999762
10072  8.216  -76.532  -0.182 1.0000000000
10077  9.848  -77.115  -1.897 1.0000000000
10078  9.202  -76.458  -1.591 1.0000000000
10079  8.239  -76.121  -1.071 1.0000000000
10088  -2.217  -75.033  -4.013 1.0000000000
10089  -2.512  -74.730  -4.045 1.0000000000
10095  8.453  -76.694  -4.650 1.0000000000
10099  4.776  -76.684  -5.448 1.0000000000
10101  -2.050  -75.702  -4.871 1.0000000000
10103  -2.402  -75.114  -4.755 1.0000000000
10112  7.672  -76.206  -5.737 1.0000000000
10114  5.822  -76.598  -6.043 1.0000000000
10117  -1.589  -75.851  -5.460 1.0000000000
10119  -2.218  -75.639  -5.726 1.0000000000
10120  -2.667  -75.411  -6.121 1.0000000000
10131  4.216  -76.882  -6.797 1.0000000000
10133  -2.472  -76.283  -6.413 1.0000000000
10142  6.258  -76.145  -7.562 1.0000000000
10147  -2.622  -76.147  -7.688 1.0000000000
10148  -3.153  -75.798  -7.826 1.0000000000
10154  5.333  -76.344  -8.838 1.0000000000
10157  -0.821  -76.484  -8.585 1.0000000000
10159  -2.578  -76.591  -8.057 1.0000000000
10160  -3.469  -75.956  -8.676 1.0000000000
10167  4.577  -76.706  -9.663 1.0000000000
10169  3.089  -76.375  -10.004 1.0000000000
10171  1.215  -76.317  -9.435 1.0000000000
10185  0.927  -76.694  -10.321 1.0000000000
10187  -4.160  -76.326  -10.379 1.0000000000
10198  -4.083  -76.530  -11.296 1.0000000000
10249  -0.680  -76.915  -17.650 0.2000000030
10251  -4.475  -76.136  -18.386 1.0000000000
10260  -1.026  -76.705  -18.441 0.3000000119
10274  -4.552  -75.999  -20.004 1.0000000000
10283  -4.095  -75.991  -20.457 1.0000000000
10736  8.960  -75.542  3.787 1.0000000000
10739  0.372  -75.387  3.805 0.2000000030
10741  -1.891  -75.684  3.279 0.5000000000
10752  7.799  -76.098  2.117 1.0000000000
10757  -4.107  -76.126  1.594 0.8000000119
10769  6.024  -75.529  1.109 1.0000000000
10777  5.371  -75.207  0.791 1.0000000000
10782  -3.090  -75.501  0.180 0.8999999762
10783  -3.892  -75.125  0.701 0.8000000119
10808  9.076  -76.048  -3.072 1.0000000000
10810  7.340  -75.006  -3.012 1.0000000000
10812  4.667  -75.250  -2.426 1.0000000000
10815  1.425  -75.138  -2.322 1.0000000000
10816  0.833  -75.057  -2.332 1.0000000000
10819  -2.367  -74.660  -2.935 1.0000000000
10829  1.895  -75.227  -2.995 1.0000000000
10833  -1.366  -75.438  -3.508 1.0000000000
10834  -2.107  -75.080  -3.382 1.0000000000
10836  -2.825  -74.378  -3.713 1.0000000000
10845  8.622  -76.006  -4.679 1.0000000000
10846  8.128  -75.394  -5.119 1.0000000000
10847  0.207  -75.276  -4.004 1.0000000000
10849  -1.470  -75.602  -4.504 1.0000000000
10862  -3.115  -74.792  -5.464 1.0000000000
10870  6.974  -75.375  -6.755 1.0000000000
10871  1.210  -75.314  -6.935 1.0000000000
10874  -1.182  -75.853  -6.241 1.0000000000
10886  -1.225  -76.074  -6.960 1.0000000000
10887  -3.338  -75.320  -7.203 1.0000000000
10893  5.287  -75.697  -8.563 1.0000000000
10895  3.352  -75.560  -8.747 1.0000000000
10898  0.413  -75.939  -7.900 1.0000000000
10906  4.307  -76.144  -9.515 1.0000000000
10919  -4.414  -75.472  -10.528 1.0000000000
10950  -4.520  -75.192  -14.780 1.0000000000
10991  -1.841  -75.028  -19.021 0.2000000030
10992  -4.644  -75.614  -19.290 1.0000000000
11002  -2.929  -75.191  -20.139 0.4000000060
11003  -4.502  -75.265  -19.846 0.8000000119
11012  -3.481  -75.178  -20.273 0.6000000238
11013  -3.817  -75.415  -20.364 1.0000000000
11422  7.454  -75.231  5.502 1.0000000000
11424  5.830  -74.899  5.233 1.0000000000
11441  6.485  -74.297  5.048 1.0000000000
11442  5.532  -74.248  4.670 1.0000000000
11444  0.817  -74.479  4.580 0.1000000015
11455  3.914  -74.223  3.372 1.0000000000
11457  -0.456  -74.151  3.383 0.1000000015
11471  2.868  -74.549  2.444 1.0000000000
11474  -3.509  -73.966  1.945 0.4000000060
11482  11.361  -74.028  1.094 1.0000000000
11484  9.870  -74.448  1.748 1.0000000000
11492  -4.223  -74.474  1.042 0.6999999881
11513  -3.210  -74.535  0.095 0.8999999762
11527  11.709  -74.102  -0.398 1.0000000000
11530  3.470  -74.431  -0.737 1.0000000000
11538  1.991  -74.349  -1.537 1.0000000000
11548  -0.261  -74.608  -2.358 1.0000000000
11550  -2.550  -74.210  -2.515 1.0000000000
11551  -2.685  -74.109  -2.759 1.0000000000
11552  -2.924  -74.064  -3.127 1.0000000000
11557  7.592  -74.724  -4.641 1.0000000000
11560  4.919  -74.545  -3.898 1.0000000000
11561  3.329  -74.867  -3.928 1.0000000000
11577  6.090  -74.272  -5.295 1.0000000000
11583  -3.219  -74.382  -4.199 1.0000000000
11594  6.848  -74.510  -5.906 1.0000000000
11596  4.236  -74.428  -5.160 1.0000000000
11599  0.733  -75.217  -5.661 1.0000000000
11609  7.288  -75.090  -6.257 1.0000000000
11611  5.717  -74.397  -6.800 1.0000000000
11614  2.185  -74.971  -6.124 1.0000000000
11615  1.346  -75.161  -6.222 1.0000000000
11616  -3.324  -75.005  -6.494 1.0000000000
11622  6.034  -74.838  -7.473 1.0000000000
11624  4.528  -74.789  -7.580 1.0000000000
11627  -3.542  -74.597  -6.988 1.0000000000
11636  -4.021  -74.735  -8.615 1.0000000000
11643  -4.308  -74.120  -9.914 1.0000000000
11658  -4.502  -74.893  -11.411 1.0000000000
11696  -4.527  -74.569  -15.603 1.0000000000
11708  -4.538  -74.450  -16.613 1.0000000000
11719  -1.373  -73.742  -17.792 0.2000000030
11720  -4.584  -74.375  -17.630 0.8999999762
11735  -2.912  -73.689  -19.791 0.3000000119
11752  -2.321  -74.135  -19.286 0.3000000119
11753  -2.932  -74.384  -19.911 0.3000000119
11755  -4.257  -74.578  -19.885 0.8000000119
11774  -3.800  -74.710  -20.141 0.6000000238
12234  0.330  -73.798  4.246 0.1000000015
12241  8.710  -74.052  4.064 1.0000000000
12246  3.776  -73.456  3.039 1.0000000000
12247  -0.072  -73.451  3.803 0.2000000030
12253  11.223  -73.325  1.949 1.0000000000
12256  3.132  -73.304  2.545 1.0000000000
12258  -1.745  -73.043  2.923 0.4000000060
12265  12.321  -73.221  0.959 1.0000000000
12268  1.831  -73.515  1.350 1.0000000000
12270  -3.998  -73.006  1.104 0.5000000000
12271  -4.138  -73.650  0.944 0.6999999881
12276  7.284  -73.553  0.572 1.0000000000
12279  4.752  -73.855  0.069 1.0000000000
12280  0.051  -74.034  0.310 0.8999999762
12282  -1.505  -73.599  -0.016 0.8999999762
12284  -3.642  -73.603  0.496 0.6000000238
12303  3.611  -73.653  -0.638 1.0000000000
12318  -2.847  -73.123  -2.270 1.0000000000
12319  -2.962  -73.351  -2.498 1.0000000000
12320  -3.163  -73.299  -2.787 1.0000000000
12323  13.088  -73.361  -2.088 1.0000000000
12327  1.403  -73.308  -1.824 1.0000000000
12331  -2.468  -73.136  -2.286 1.0000000000
12332  -2.982  -73.736  -2.761 1.0000000000
12355  -3.925  -73.139  -5.310 1.0000000000
12370  -3.748  -73.793  -7.519 1.0000000000
12381  -4.142  -73.152  -8.870 1.0000000000
12407  -4.404  -73.475  -10.663 1.0000000000
12417  -4.446  -73.389  -11.649 1.0000000000
12451  -4.494  -73.488  -13.351 1.0000000000
12509  -1.235  -73.111  -17.290 0.2000000030
12510  -4.728  -73.543  -16.281 1.0000000000
12535  -1.990  -73.402  -18.623 0.2000000030
12554  -3.154  -72.943  -19.844 0.5000000000
12555  -3.701  -73.226  -19.980 0.6999999881
12556  -4.095  -73.107  -19.863 0.6999999881
13044  -1.407  -72.649  4.803 0.1000000015
13059  5.101  -72.487  3.278 1.0000000000
13061  -0.596  -72.685  3.783 0.3000000119
13062  -1.170  -72.009  3.618 0.3000000119
13066  8.942  -72.260  3.228 1.0000000000
13070  -2.043  -72.121  2.874 0.3000000119
13071  -2.970  -71.409  2.508 0.2000000030
13072  -3.680  -71.718  1.516 0.4000000060
13076  2.624  -72.518  1.855 1.0000000000
13079  -3.931  -72.185  1.065 0.5000000000
13085  -1.504  -72.229  0.278 0.6000000238
13097  13.205  -72.562  -0.258 1.0000000000
13102  3.842  -72.816  -0.729 1.0000000000
13112  10.431  -73.098  -1.759 1.0000000000
13118  4.211  -71.955  -1.032 1.0000000000
13132  10.844  -72.778  -2.507 1.0000000000
13136  3.294  -71.654  -1.720 1.0000000000
13140  -1.612  -73.216  -2.650 1.0000000000
13141  -3.447  -72.813  -3.002 1.0000000000
13149  13.736  -72.398  -3.664 1.0000000000
13153  0.512  -72.139  -3.036 1.0000000000
13154  -0.338  -72.373  -3.116 1.0000000000
13155  -1.252  -72.384  -3.010 1.0000000000
13163  13.318  -72.136  -4.290 1.0000000000
13164  -3.996  -72.298  -4.133 1.0000000000
13203  -4.146  -72.234  -7.787 1.0000000000
13327  -4.753  -71.406  -17.141 1.0000000000
13343  -2.502  -71.809  -18.607 0.2000000030
13344  -4.555  -71.391  -18.185 0.6999999881
13355  -2.563  -72.603  -19.150 0.2000000030
13357  -4.636  -71.437  -19.337 0.8999999762
13375  -4.587  -72.251  -19.837 0.6999999881
13852  8.282  -72.420  3.459 1.0000000000
13853  7.468  -72.115  3.317 1.0000000000
13854  6.472  -71.894  3.040 1.0000000000
13855  5.641  -72.019  3.037 1.0000000000
13865  3.756  -71.930  2.273 1.0000000000
13866  3.117  -72.120  2.027 1.0000000000
13871  10.005  -71.366  2.224 1.0000000000
13873  3.086  -71.495  1.652 0.8999999762
13875  0.861  -72.114  0.448 0.8999999762
13879  12.641  -71.798  0.799 1.0000000000
13882  0.129  -71.740  0.273 0.6999999881
13886  -3.551  -71.801  0.813 0.6999999881
13906  7.467  -71.447  -1.828 1.0000000000
13908  6.041  -71.390  -1.656 1.0000000000
13916  14.454  -71.792  -2.814 1.0000000000
13917  14.031  -72.345  -2.337 1.0000000000
13925  3.894  -71.165  -2.161 1.0000000000
13931  -3.372  -71.934  -2.810 1.0000000000
13938  15.085  -71.355  -4.238 1.0000000000
13945  8.118  -70.850  -3.087 1.0000000000
14025  -4.316  -71.763  -9.139 0.8999999762
14087  -4.973  -70.778  -15.546 0.8999999762
14099  -2.002  -71.750  -17.098 0.2000000030
14100  -2.510  -70.657  -17.234 0.2000000030
14116  -2.702  -70.870  -18.290 0.4000000060
14133  -3.952  -70.544  -19.141 0.5000000000
14134  -4.476  -70.535  -19.091 0.5000000000
14147  -3.381  -70.944  -19.313 0.4000000060
14671  -4.227  -69.687  6.567 0.1000000015
14685  -3.654  -70.050  4.919 0.1000000015
14692  5.737  -71.019  2.015 1.0000000000
14694  -3.462  -69.940  1.768 0.3000000119
14696  11.316  -71.197  1.423 1.0000000000
14699  8.297  -70.356  1.584 1.0000000000
14714  7.539  -70.143  1.315 1.0000000000
14715  6.143  -70.091  0.764 1.0000000000
14717  4.135  -70.198  0.627 1.0000000000
14718  2.971  -70.579  0.778 0.8999999762
14719  2.267  -70.565  0.311 0.8999999762
14721  -1.142  -70.313  0.691 0.6999999881
14746  5.601  -70.708  -2.958 1.0000000000
14751  -1.733  -70.127  -2.213 1.0000000000
14764  14.965  -71.247  -3.265 1.0000000000
14770  6.070  -70.322  -3.382 1.0000000000
14772  3.636  -70.245  -3.248 1.0000000000
14773  1.998  -70.515  -3.193 1.0000000000
14774  1.107  -70.669  -3.236 1.0000000000
14795  -4.064  -70.426  -4.167 1.0000000000
14803  14.799  -70.599  -5.915 0.8999999762
14837  -4.315  -70.609  -7.376 1.0000000000
14865  -4.350  -70.940  -8.962 1.0000000000
14929  -5.043  -69.975  -14.715 0.8999999762
14939  -2.545  -69.576  -15.762 0.2000000030
14974  -3.275  -70.386  -18.727 0.4000000060
15523  -3.098  -69.697  3.967 0.1000000015
15532  -3.221  -69.483  2.830 0.2000000030
15533  -3.476  -68.730  2.657 0.2000000030
15544  4.588  -69.635  0.015 1.0000000000
15545  3.383  -70.148  0.421 0.8999999762
15552  -3.339  -70.063  1.000 0.4000000060
15556  10.715  -69.244  -0.716 1.0000000000
15561  4.992  -68.989  -0.625 1.0000000000
15563  3.156  -68.890  -0.710 0.8999999762
15565  1.581  -69.037  -0.499 0.8000000119
15581  13.395  -69.263  -1.934 1.0000000000
15585  -3.510  -70.219  -1.958 1.0000000000
15596  5.874  -69.289  -4.075 1.0000000000
15598  4.408  -69.099  -3.771 1.0000000000
15604  -4.118  -69.869  -3.476 1.0000000000
15632  12.676  -69.464  -5.810 1.0000000000
15725  -4.862  -68.724  -11.610 0.8000000119
15748  -4.639  -69.056  -14.263 0.8999999762
15763  -2.833  -68.927  -15.299 0.1000000015
15765  -4.282  -69.267  -15.092 0.6000000238
15777  -3.024  -69.116  -16.236 0.3000000119
15790  -3.084  -69.497  -17.543 0.2000000030
15791  -3.851  -69.172  -17.986 0.6000000238
15796  -3.419  -69.711  -18.238 0.6000000238
16368  -3.513  -68.128  2.627 0.1000000015
16375  -2.355  -68.139  1.277 0.3000000119
16382  0.003  -68.194  0.016 0.6000000238
16391  7.876  -68.968  -1.144 1.0000000000
16397  0.566  -67.622  -0.283 0.8000000119
16406  8.734  -68.151  -1.783 1.0000000000
16407  7.053  -67.734  -2.039 1.0000000000
16421  -0.854  -68.157  -1.938 1.0000000000
16423  -2.163  -68.925  -1.385 1.0000000000
16424  -4.280  -69.198  -2.219 0.8999999762
16435  3.305  -68.162  -3.682 1.0000000000
16436  2.101  -68.738  -3.371 1.0000000000
16450  9.584  -67.775  -5.103 1.0000000000
16451  8.418  -68.758  -4.608 1.0000000000
16532  -4.305  -67.985  -9.454 0.8000000119
16541  -4.358  -67.663  -10.357 0.4000000060
16556  -3.655  -67.574  -12.149 0.6000000238
16568  -2.940  -67.858  -12.477 0.3000000119
16569  -3.612  -67.690  -12.919 0.6000000238
16583  -3.539  -67.931  -13.641 0.6000000238
16584  -4.155  -68.365  -13.879 0.6000000238
17198  -3.709  -67.588  3.159 0.1000000015
17214  -3.389  -67.608  2.307 0.3000000119
17227  10.387  -67.939  1.275 0.8999999762
17232  5.859  -66.835  1.665 0.6000000238
17234  -2.894  -67.682  1.686 0.4000000060
17245  12.564  -67.889  0.722 1.0000000000
17253  -1.962  -67.394  1.278 0.3000000119
17268  10.979  -67.729  -0.669 1.0000000000
17269  10.267  -66.730  -1.289 1.0000000000
17272  4.045  -66.817  -1.661 0.8999999762
17285  10.842  -68.045  -1.226 1.0000000000
17286  9.594  -67.312  -1.943 1.0000000000
17288  6.696  -66.847  -2.462 1.0000000000
17293  -3.625  -68.132  -0.715 1.0000000000
17313  18.207  -68.107  -3.714 0.8999999762
17314  4.847  -67.772  -4.281 1.0000000000
17320  -4.555  -67.845  -3.350 0.8000000119
17329  9.777  -67.139  -5.112 1.0000000000
17330  9.085  -67.354  -4.864 1.0000000000
17334  5.221  -67.196  -4.366 1.0000000000
17354  11.200  -67.345  -5.438 1.0000000000
17386  -4.189  -67.231  -9.104 0.8000000119
17398  -2.927  -66.808  -10.365 0.2000000030
17412  -3.674  -66.992  -10.858 0.4000000060
17413  -4.238  -67.439  -11.125 0.4000000060
18121  3.839  -66.856  2.159 0.4000000060
18143  5.397  -66.016  1.016 0.6999999881
18172  0.341  -66.206  0.342 0.6000000238
18173  -0.433  -66.551  0.676 0.5000000000
18194  3.304  -66.145  -1.216 0.6000000238
18195  2.231  -66.011  -0.791 0.8000000119
18196  1.436  -66.319  -0.538 0.6999999881
18197  -3.617  -66.292  -0.266 1.0000000000
18206  7.322  -66.006  -2.144 1.0000000000
18211  -4.152  -67.481  -0.869 1.0000000000
18245  5.791  -66.615  -4.371 1.0000000000
18249  -1.244  -66.003  -4.578 0.1000000015
18250  -4.409  -66.340  -4.687 0.6999999881
18266  17.533  -66.635  -5.490 0.8999999762
18272  11.536  -66.635  -5.442 1.0000000000
18277  -1.616  -65.765  -4.984 0.1000000015
18300  -1.554  -65.837  -8.161 0.1000000015
18301  -3.806  -65.527  -8.643 0.4000000060
18308  -4.156  -66.446  -8.750 0.4000000060
18320  -1.893  -66.240  -9.091 0.2000000030
18322  -3.177  -66.247  -9.828 0.3000000119
19018  7.643  -65.426  4.880 0.1000000015
19024  -2.913  -64.991  4.763 0.1000000015
19025  -3.387  -65.489  4.594 0.1000000015
19036  -3.505  -65.348  3.838 0.1000000015
19047  -2.974  -65.098  2.460 0.1000000015
19048  -3.392  -65.419  3.032 0.1000000015
19060  1.976  -65.642  0.821 0.6000000238
19061  0.799  -65.534  1.769 0.5000000000
19062  0.003  -65.470  1.599 0.4000000060
19063  -0.756  -65.451  1.610 0.3000000119
19065  -2.507  -65.788  1.843 0.4000000060
19078  18.312  -65.206  0.217 0.5000000000
19097  17.819  -65.936  -0.067 0.8000000119
19101  -4.156  -66.100  -0.724 1.0000000000
19115  -0.695  -65.521  -1.401 1.0000000000
19117  -2.037  -66.154  -0.517 1.0000000000
19170  5.578  -65.834  -4.227 1.0000000000
19213  -3.914  -64.400  -7.501 0.3000000119
19226  -2.609  -64.587  -8.442 0.2000000030
19227  -3.465  -64.748  -8.388 0.3000000119
19949  -0.632  -63.551  3.256 0.1000000015
19950  -1.712  -63.785  3.133 0.1000000015
19956  11.475  -64.677  2.519 0.6000000238
19958  -0.114  -64.180  2.780 0.4000000060
19960  -2.486  -64.338  2.797 0.1000000015
19984  -3.900  -64.196  0.018 0.8000000119
19998  -2.917  -64.428  0.424 0.8000000119
20000  -4.033  -64.828  -0.218 0.8000000119
20013  0.648  -64.383  -1.525 1.0000000000
20028  2.493  -64.165  -2.348 1.0000000000
20046  19.906  -64.494  -3.730 0.8000000119
20053  2.004  -64.753  -2.676 1.0000000000
20054  -4.275  -63.835  -4.844 0.4000000060
20069  11.647  -64.432  -5.053 1.0000000000
20091  11.303  -65.187  -5.258 1.0000000000
20094  -3.744  -63.229  -6.351 0.2000000030
20103  -2.682  -63.540  -6.890 0.1000000015
20104  -3.279  -63.721  -7.349 0.2000000030
20795  -1.023  -63.595  4.500 0.1000000015
20802  1.532  -63.276  5.383 0.1000000015
20818  -1.939  -63.793  3.770 0.1000000015
20829  12.508  -63.080  1.764 0.4000000060
20837  18.119  -63.860  0.663 0.4000000060
20838  17.319  -63.355  0.478 0.5000000000
20862  4.849  -63.505  0.549 0.8999999762
20864  3.037  -63.514  0.522 1.0000000000
20869  -2.249  -63.994  0.464 0.8000000119
20870  -4.116  -63.469  -0.940 0.8000000119
20878  9.029  -63.421  -0.573 1.0000000000
20885  0.902  -63.946  -1.051 1.0000000000
20890  20.444  -63.277  -2.838 0.6999999881
20906  13.244  -63.109  -4.021 1.0000000000
20913  7.336  -63.704  -2.661 1.0000000000
20916  4.198  -63.875  -2.802 1.0000000000
20929  10.817  -63.753  -4.280 1.0000000000
20936  -4.102  -62.997  -5.112 0.3000000119
20950  -2.130  -63.019  -4.820 0.1000000015
20952  -3.467  -62.792  -5.998 0.1000000015
20953  -4.093  -63.207  -5.713 0.2000000030
20963  -2.835  -62.909  -6.140 0.1000000015
21687  3.517  -62.739  1.560 0.8000000119
21692  -1.870  -62.124  1.725 0.6999999881
21694  -2.887  -61.656  0.882 0.6000000238
21707  1.914  -63.242  1.377 0.6999999881
21709  -0.002  -62.910  1.732 0.6999999881
21720  20.439  -61.863  -0.613 0.3000000119
21724  5.991  -63.068  0.675 1.0000000000
21726  -3.503  -61.895  -0.320 0.5000000000
21746  10.477  -62.659  -1.375 1.0000000000
21767  14.560  -62.761  -4.588 1.0000000000
21793  -3.861  -62.125  -4.710 0.1000000015
22532  9.724  -61.131  3.342 0.1000000015
22542  -2.063  -61.187  1.665 0.4000000060
22543  -2.552  -61.079  1.081 0.5000000000
22553  14.370  -61.447  0.671 0.2000000030
22557  -3.113  -61.064  -0.053 0.4000000060
22578  8.707  -62.441  -0.361 1.0000000000
22586  -3.809  -61.856  -1.065 0.6000000238
22607  9.099  -61.188  -3.348 1.0000000000
22613  -3.990  -60.366  -4.210 0.3000000119
22614  -3.879  -61.570  -3.498 0.2000000030
22635  -2.034  -61.131  -4.098 0.2000000030
22636  -3.340  -61.269  -4.137 0.1000000015
22646  -0.541  -61.075  -5.230 0.1000000015
22648  -3.928  -61.436  -4.346 0.1000000015
23416  -1.469  -60.433  1.734 0.4000000060
23418  -2.565  -60.425  0.646 0.4000000060
23422  19.362  -60.384  0.030 0.3000000119
23428  2.539  -60.817  2.095 0.5000000000
23430  -0.521  -59.128  0.658 0.3000000119
23432  -2.640  -59.955  0.148 0.4000000060
23433  -2.856  -60.458  0.232 0.4000000060
23438  20.584  -60.212  -0.504 0.3000000119
23470  -1.445  -60.086  -2.243 0.1000000015
23471  -2.955  -60.145  -2.854 0.2000000030
23481  -3.532  -60.094  -3.600 0.2000000030
23486  19.326  -60.947  -4.516 0.8000000119
23489  11.956  -60.752  -3.950 1.0000000000
23498  -1.509  -60.634  -4.269 0.2000000030
23504  18.855  -60.293  -5.127 0.6000000238
23505  15.228  -60.880  -5.613 0.8000000119
23514  -0.704  -60.869  -5.010 0.1000000015
24321  0.772  -59.186  1.633 0.6000000238
24350  -2.451  -59.732  -0.176 0.2000000030
24377  -1.563  -60.272  -3.979 0.1000000015
24378  -2.162  -60.147  -3.521 0.2000000030
24379  -2.919  -60.162  -3.353 0.2000000030
24398  12.806  -59.508  -5.156 1.0000000000
24400  10.602  -59.797  -5.679 1.0000000000
24402  8.256  -59.529  -5.418 1.0000000000
24403  7.506  -59.203  -5.419 1.0000000000
24413  14.995  -58.682  -5.898 0.8000000119
25245  1.439  -58.234  0.617 0.4000000060
25254  15.551  -58.574  -0.878 0.1000000015
25271  21.550  -58.271  -1.988 0.1000000015
25272  21.222  -58.044  -1.243 0.2000000030
25277  3.195  -57.670  -0.628 0.6000000238
25284  21.387  -58.744  -2.494 0.2000000030
25286  3.715  -57.546  -1.450 0.5000000000
25311  7.273  -58.597  -5.853 1.0000000000
25312  6.528  -58.344  -5.630 1.0000000000
25317  19.139  -57.846  -6.084 0.4000000060
25319  17.475  -59.251  -7.083 0.8000000119
25324  10.975  -58.475  -6.610 1.0000000000
25325  9.994  -58.414  -6.573 1.0000000000
25326  9.148  -58.446  -6.508 1.0000000000
26203  20.249  -57.612  -4.700 0.2000000030
26217  0.442  -56.849  -5.327 0.1000000015
26221  18.856  -57.356  -6.794 0.3000000119
26240  11.673  -56.958  -7.287 0.8999999762
27043  22.776  -57.901  -2.964 0.1000000015
27050  0.961  -56.668  -2.939 0.1000000015
27060  2.941  -56.039  -2.988 0.4000000060
27071  21.368  -57.756  -4.931 0.2000000030
27093  0.561  -55.998  -5.700 0.1000000015
27981  22.846  -57.459  -4.353 0.1000000015
27985  1.110  -55.073  -5.205 0.1000000015
27999  3.343  -55.217  -5.468 0.5000000000
28000  2.221  -54.876  -5.612 0.2000000030
28002  1.136  -55.313  -6.084 0.1000000015
28014  5.746  -55.751  -7.126 0.8000000119
28016  3.939  -54.954  -6.269 0.3000000119
28018  1.842  -54.990  -6.377 0.1000000015
28019  1.575  -55.592  -6.648 0.1000000015
28027  15.963  -55.874  -7.567 0.5000000000
28051  7.540  -54.873  -8.403 0.6999999881
28052  3.268  -55.650  -8.223 0.1000000015
28053  2.636  -55.986  -7.647 0.1000000015
28982  11.730  -54.737  -8.313 0.8000000119
28985  4.675  -53.916  -7.402 0.5000000000
28986  3.238  -54.463  -7.317 0.1000000015
28995  15.286  -54.473  -7.998 0.5000000000
28996  14.719  -54.427  -7.869 0.5000000000
29001  8.991  -54.486  -8.721 0.6999999881
29874  3.704  -54.046  -7.157 0.4000000060
29889  4.234  -53.698  -7.601 0.3000000119
29893  17.841  -53.583  -8.665 0.2000000030
29901  7.114  -52.859  -8.785 0.5000000000
29910  4.278  -53.529  -8.965 0.1000000015
30763  11.000  -52.906  -9.237 0.2000000030
30766  5.759  -51.903  -8.807 0.3000000119
30770  12.076  -52.089  -9.347 0.3000000119
30774  8.425  -52.326  -9.450 0.3000000119
31639  13.749  -52.045  -8.944 0.2000000030
31640  12.900  -52.027  -9.187 0.2000000030
32557  14.893  -51.163  -9.148 0.1000000015
32560  7.188  -50.620  -8.901 0.3000000119
32572  9.992  -50.946  -10.055 0.3000000119
33444  7.760  -49.133  -8.937 0.1000000015
33454  11.115  -50.091  -10.228 0.2000000030
105930  22.763  -57.569  -5.154 0.1000000015
106313  -5.082  -69.700  -11.413 0.8999999762
106340  -4.445  -65.565  -5.430 0.4000000060
106448  6.855  -85.040  -2.928 1.0000000000
106496  -3.905  -66.983  4.963 0.1000000015
106516  -3.961  -72.823  -6.250 1.0000000000
106524  -4.100  -71.827  -6.166 1.0000000000
106533  8.752  -96.846  -2.450 0.6000000238
106555  -3.557  -86.557  3.935 0.6999999881
106573  8.851  -76.074  4.310 1.0000000000
106711  -3.233  -84.772  12.698 0.2000000030
106983  -4.876  -72.693  -15.682 1.0000000000
107027  1.788  -90.205  -7.286 1.0000000000
107133  -3.003  -85.161  6.148 0.6999999881
107192  -4.517  -75.376  -12.038 1.0000000000
107198  8.130  -97.018  -0.460 0.8999999762
107402  -4.783  -73.000  -17.313 0.8999999762
107453  8.805  -85.122  -2.811 1.0000000000
107475  -2.610  -72.008  0.418 0.6999999881
107491  -4.554  -75.964  -13.348 1.0000000000
107501  -4.275  -64.129  -2.515 0.6999999881
107655  -2.686  -68.812  -14.457 0.1000000015
107804  -4.345  -70.202  -8.729 0.8999999762
107859  -2.114  -70.902  -2.262 1.0000000000
107930  -4.660  -68.178  -10.940 0.5000000000
107974  6.784  -82.713  -8.891 0.1000000015
107994  3.265  -88.879  -2.306 0.6999999881
108054  1.079  -79.198  -5.690 1.0000000000
108101  -2.343  -83.418  -0.483 1.0000000000
108136  -3.390  -76.763  4.712 0.6000000238
108151  0.993  -71.454  -3.106 1.0000000000
108167  2.975  -85.593  -3.279 1.0000000000
108329  7.631  -66.904  -4.517 1.0000000000
108339  -4.346  -75.012  -9.911 1.0000000000
108572  5.870  -83.827  -6.776 1.0000000000
108593  -0.140  -91.155  -7.335 1.0000000000
108664  0.434  -87.986  -16.259 0.2000000030
108703  -2.146  -80.844  -7.890 1.0000000000
108772  13.923  -90.797  -9.034 0.2000000030
108797  5.249  -88.659  0.411 0.5000000000
108877  0.860  -76.963  -5.170 1.0000000000
108911  -0.285  -83.487  -1.528 1.0000000000
108931  -0.501  -84.232  -16.637 0.2000000030
108946  -3.292  -81.227  -6.123 1.0000000000
108958  10.198  -96.226  2.475 0.2000000030
109036  15.244  -69.916  -6.085 1.0000000000
109126  -1.305  -87.899  -9.911 0.6999999881
109202  15.928  -93.817  -4.649 0.2000000030
109384  -3.512  -78.129  -20.731 0.8999999762
109465  6.192  -96.999  -2.069 0.8999999762
109500  0.275  -90.026  5.375 0.3000000119
109558  0.042  -77.278  -5.232 1.0000000000
109572  12.124  -88.278  -23.670 0.4000000060
109656  -0.158  -90.195  1.838 0.6999999881
109811  5.094  -90.554  4.648 0.4000000060
109859  9.963  -90.827  -11.057 1.0000000000
109865  0.487  -89.612  0.874 0.8000000119
110006  6.915  -88.602  -19.364 1.0000000000
110110  -3.391  -85.657  6.060 0.6000000238
110223  13.652  -95.949  1.470 0.1000000015
110261  -2.708  -80.972  -15.174 1.0000000000
110301  -3.471  -74.503  -6.337 1.0000000000
110318  0.047  -75.330  -5.921 1.0000000000
110516  1.324  -75.135  1.057 1.0000000000
110559  6.051  -92.962  -16.183 0.8999999762
110606  -2.845  -85.911  0.243 1.0000000000
110625  9.832  -88.358  -13.378 1.0000000000
110634  4.487  -85.889  1.860 0.1000000015
110678  8.798  -88.981  -20.741 1.0000000000
110739  4.497  -87.589  -16.507 0.8999999762
110877  4.961  -94.197  -10.680 1.0000000000
110916  10.021  -96.275  1.693 0.4000000060
110924  -2.776  -84.968  -6.802 1.0000000000
110954  6.050  -59.974  -3.475 1.0000000000
111092  0.153  -89.269  -6.620 1.0000000000
111105  3.250  -87.097  -0.287 0.6000000238
111154  -2.391  -90.038  -13.715 0.6000000238
111262  -3.666  -80.878  -11.774 1.0000000000
111263  5.684  -86.245  -19.441 0.8999999762
111280  16.285  -61.217  -0.379 0.3000000119
111386  -3.163  -86.947  -1.526 1.0000000000
111411  -3.093  -81.566  -11.879 1.0000000000
111464  6.431  -86.571  -13.697 0.1000000015
111466  0.988  -79.000  3.128 1.0000000000
111476  -4.036  -77.492  -16.666 1.0000000000
111516  3.644  -90.258  -5.112 1.0000000000
111526  -1.480  -90.417  -4.155 1.0000000000
111538  -4.320  -76.418  -12.957 1.0000000000
111564  -1.256  -87.490  -3.915 1.0000000000
111566  -3.347  -79.326  5.025 0.8999999762
111584  3.679  -91.108  -5.032 1.0000000000
111684  10.844  -96.267  -9.612 0.6999999881
111695  -4.226  -86.868  0.121 1.0000000000
111760  -2.957  -76.842  -20.852 0.8000000119
111844  8.097  -96.230  3.904 0.8000000119
111923  -4.499  -75.076  -13.326 1.0000000000
111939  -1.233  -68.764  -1.910 1.0000000000
112101  12.431  -87.321  -5.786 1.0000000000
112178  11.226  -86.862  -9.181 1.0000000000
112199  -2.558  -76.892  6.638 0.4000000060
112206  12.323  -85.125  -6.872 1.0000000000
112207  -3.685  -76.724  -20.620 0.8999999762
112302  -0.709  -89.247  6.796 0.3000000119
112303  1.892  -91.655  -11.458 1.0000000000
112343  -4.181  -77.597  7.257 0.6000000238
112433  13.878  -93.954  -8.861 0.5000000000
112566  15.422  -63.223  -5.520 1.0000000000
112572  -3.430  -69.804  1.313 0.3000000119
112573  2.351  -66.914  -3.460 1.0000000000
112591  6.587  -67.797  -4.471 1.0000000000
112637  -4.216  -71.042  -5.956 1.0000000000
112668  4.030  -76.769  -3.954 1.0000000000
112733  -2.539  -65.505  5.220 0.1000000015
112750  -1.218  -67.168  -5.218 0.1000000015
112757  8.364  -95.451  -8.706 0.8999999762
112854  -2.457  -90.359  -11.824 0.6999999881
112858  -3.672  -86.217  -8.672 0.8999999762
113070  10.076  -88.183  -2.309 1.0000000000
113235  -4.670  -71.981  -12.645 1.0000000000
113268  -0.332  -70.524  0.375 0.6999999881
113315  -4.300  -73.832  -19.648 0.8999999762
113325  -1.811  -90.207  -13.059 0.5000000000
113422  14.280  -91.895  -8.135 0.2000000030
113431  2.175  -94.084  -2.872 1.0000000000
113433  -3.115  -84.287  -9.837 1.0000000000
113440  15.544  -58.737  -6.564 0.6999999881
113451  3.305  -88.237  -2.046 0.6000000238
113496  -1.729  -69.687  0.801 0.5000000000
113529  14.071  -67.996  -1.239 0.8999999762
113578  -3.352  -86.577  -12.600 0.8999999762
113601  15.002  -94.422  -15.265 0.2000000030
113687  3.944  -87.405  -6.877 1.0000000000
113812  5.106  -88.914  -19.753 1.0000000000
113821  -4.171  -78.163  4.226 0.8999999762
113951  -4.116  -75.921  0.967 0.8999999762
113973  6.918  -96.640  -3.904 0.6999999881
114002  0.844  -86.655  -9.299 0.2000000030
114067  -4.321  -69.080  -7.868 0.8999999762
114093  -0.807  -71.698  0.392 0.6999999881
114102  -0.691  -89.576  -14.790 0.6000000238
114236  -4.376  -67.935  -5.107 0.8000000119
114258  7.797  -73.070  0.065 1.0000000000
114263  -3.030  -79.927  -10.771 1.0000000000
114319  -2.702  -77.089  -11.491 1.0000000000
114393  13.564  -53.638  -8.345 0.6000000238
114426  10.167  -82.654  -3.169 1.0000000000
114512  -3.742  -72.987  -3.598 1.0000000000
114581  -2.015  -81.478  -5.352 1.0000000000
114621  -4.293  -70.412  -6.543 1.0000000000
114684  8.948  -93.403  -1.957 1.0000000000
114771  -0.995  -81.994  -19.644 0.2000000030
114997  0.592  -74.147  0.537 0.8999999762
115049  -4.169  -70.139  -4.943 1.0000000000
115115  -2.215  -59.918  -2.912 0.2000000030
115168  -2.792  -85.836  -7.290 1.0000000000
115202  -3.829  -66.854  3.859 0.1000000015
115300  0.666  -69.102  -3.061 1.0000000000
115309  -4.438  -70.123  -16.121 0.6999999881
115342  2.339  -92.257  -10.789 1.0000000000
115384  6.023  -76.864  6.136 1.0000000000
115435  1.741  -83.127  -5.387 1.0000000000
115506  3.961  -93.945  1.693 0.8999999762
115568  -1.187  -79.213  10.966 0.2000000030
115584  1.101  -86.581  -4.048 1.0000000000
115618  -2.301  -84.022  -5.841 1.0000000000
115630  6.191  -95.701  -7.889 0.8000000119
115653  7.145  -86.278  -21.863 0.6999999881
115676  15.003  -92.361  -20.782 0.4000000060
115677  2.994  -86.282  -9.188 0.2000000030
115900  1.157  -73.850  0.805 1.0000000000
116014  9.036  -96.408  2.765 0.5000000000
116048  8.945  -88.907  -15.209 1.0000000000
116070  0.995  -81.569  -15.545 0.1000000015
116106  3.927  -78.260  -0.857 1.0000000000
116111  -3.093  -82.024  11.042 0.4000000060
116171  4.818  -94.971  -4.274 0.8999999762
116260  13.529  -85.665  -3.645 1.0000000000
116474  -0.452  -82.126  10.967 0.1000000015
116525  3.945  -88.313  -20.015 1.0000000000
116551  8.856  -95.835  -11.031 1.0000000000
116608  -4.473  -72.399  -11.187 1.0000000000
116625  8.732  -79.607  1.020 1.0000000000
116716  12.323  -70.008  -5.588 1.0000000000
116748  -3.076  -88.169  -7.409 1.0000000000
116788  -4.078  -67.127  -10.533 0.4000000060
116808  4.906  -73.115  3.642 1.0000000000
116814  10.416  -97.107  -12.199 0.6000000238
116837  -4.470  -68.612  -2.070 1.0000000000
116852  1.929  -75.619  -8.137 1.0000000000
116892  -0.065  -89.358  -4.468 1.0000000000
116901  -4.254  -75.785  -9.871 1.0000000000
116940  2.740  -91.624  -13.270 1.0000000000
117033  7.876  -85.631  -6.687 1.0000000000
117067  3.644  -89.939  -18.036 1.0000000000
117104  11.922  -49.931  -10.199 0.1000000015
117129  9.669  -94.637  4.855 0.2000000030
117242  -0.960  -90.319  -0.104 1.0000000000
117294  -1.486  -65.156  -6.348 0.1000000015
117356  6.378  -95.526  5.606 0.6999999881
117388  -3.569  -87.579  -10.745 0.8999999762
117507  -3.953  -77.969  -14.227 1.0000000000
117568  3.811  -74.684  -6.804 1.0000000000
117577  -3.120  -88.892  -1.167 1.0000000000
117599  -2.767  -82.875  9.280 0.5000000000
117610  -3.639  -85.431  4.900 0.6999999881
117668  -3.596  -71.555  5.394 0.1000000015
117731  5.176  -95.111  -9.328 0.8000000119
117772  7.272  -81.519  -7.160 1.0000000000
117790  -1.310  -66.212  -1.215 1.0000000000
117884  15.088  -65.269  -5.707 1.0000000000
117909  3.855  -86.427  -6.724 1.0000000000
117938  -4.507  -67.379  -1.738 1.0000000000
117944  10.965  -95.702  5.841 0.2000000030
117985  2.827  -75.149  -1.649 1.0000000000
118128  12.439  -68.712  -1.329 1.0000000000
118178  -3.254  -89.854  -9.120 0.8999999762
118239  -3.294  -83.406  -15.669 0.8999999762
118251  6.791  -95.975  -1.238 0.8999999762
118291  5.226  -96.279  -5.012 0.8000000119
118298  1.394  -90.292  -11.766 0.8000000119
118459  -3.500  -73.852  -3.944 1.0000000000
118462  -1.499  -86.153  -3.458 1.0000000000
118473  6.848  -77.064  6.120 1.0000000000
118591  -2.685  -73.673  -2.285 1.0000000000
118599  1.315  -86.017  -9.187 0.2000000030
118633  6.403  -69.850  -3.831 1.0000000000
118660  4.262  -88.924  -4.786 1.0000000000
118798  13.230  -95.577  -6.549 0.4000000060
118928  12.349  -68.766  -5.734 1.0000000000
118951  6.744  -92.068  -6.344 0.8999999762
118959  -0.007  -91.113  -3.242 0.8999999762
118969  -3.581  -84.679  11.701 0.2000000030
119088  6.156  -86.001  -3.760 1.0000000000
119161  4.778  -65.445  0.341 0.6000000238
119208  -4.087  -62.224  -3.113 0.5000000000
119241  7.224  -92.382  -4.778 1.0000000000
119283  12.106  -95.212  -11.062 0.5000000000
119287  -2.467  -77.691  1.123 1.0000000000
119368  4.586  -82.716  6.261 1.0000000000
119601  1.041  -84.314  8.484 1.0000000000
119727  4.327  -88.317  -7.158 1.0000000000
119756  0.352  -70.856  0.119 0.8000000119
119877  12.402  -91.930  -22.417 0.6999999881
119895  1.331  -85.110  -2.989 1.0000000000
119940  -0.093  -90.129  3.097 0.3000000119
120046  -4.493  -74.238  -13.576 1.0000000000
120062  -1.783  -78.871  2.347 1.0000000000
120083  0.258  -85.733  1.878 1.0000000000
120105  -4.345  -78.405  6.453 0.8000000119
120121  8.426  -87.527  -8.321 1.0000000000
120181  9.719  -91.305  -3.237 1.0000000000
120191  14.455  -93.980  5.888 0.1000000015
120194  11.130  -90.350  -2.829 1.0000000000
120356  -1.858  -79.666  4.342 0.8999999762
120424  21.529  -58.411  -3.355 0.2000000030
120444  23.325  -57.699  -3.833 0.1000000015
120726  23.429  -57.352  -4.028 0.2000000030
120732  23.485  -57.129  -3.780 0.2000000030
120924  -1.130  -76.305  -7.781 1.0000000000
120937  2.666  -92.262  -10.445 1.0000000000
120954  2.557  -84.063  5.573 1.0000000000
120970  0.409  -85.360  -11.507 0.1000000015
121137  5.305  -86.643  -6.607 1.0000000000
121237  -3.956  -73.879  -8.330 1.0000000000
121310  4.746  -84.771  -6.730 1.0000000000
121325  -2.141  -81.797  -4.849 1.0000000000
121366  10.791  -93.757  -18.218 0.8000000119
121373  -4.984  -71.911  -15.196 1.0000000000
121395  9.781  -95.107  -12.978 0.8999999762
121420  7.875  -79.560  3.903 1.0000000000
121433  5.704  -74.368  -4.469 1.0000000000
121447  -1.665  -84.947  4.266 1.0000000000
121480  -4.133  -67.567  -11.785 0.6000000238
121582  -3.204  -81.090  -16.647 1.0000000000
121599  2.770  -90.362  -1.223 0.6999999881
121709  -0.930  -77.033  5.671 0.3000000119
121915  9.388  -95.443  -4.380 0.5000000000
121945  7.092  -64.475  -3.905 1.0000000000
121966  -2.040  -81.385  -21.344 0.6000000238
122153  9.321  -76.869  -3.522 1.0000000000
122216  -1.650  -83.504  8.251 1.0000000000
122272  5.574  -96.267  -5.533 0.8000000119
122288  8.720  -56.195  -7.831 0.8999999762
122341  1.398  -79.615  1.112 1.0000000000
122351  -3.199  -74.670  -4.902 1.0000000000
122392  -3.498  -86.736  -11.837 0.8999999762
122416  0.421  -81.237  -9.001 1.0000000000
122423  11.821  -94.844  6.234 0.1000000015
122444  -0.482  -87.835  -9.432 0.6000000238
122461  10.493  -86.410  -8.402 1.0000000000
122492  3.312  -93.828  0.555 1.0000000000
122500  -3.103  -70.367  0.767 0.4000000060
122532  12.006  -95.589  -7.674 0.5000000000
122612  5.920  -86.148  -10.911 0.1000000015
122670  -3.281  -88.189  -12.446 0.8999999762
122697  14.429  -95.507  -5.532 0.4000000060
122717  2.241  -89.843  -2.793 0.8000000119
122732  3.892  -87.910  -14.470 0.6000000238
122742  2.243  -76.784  2.083 1.0000000000
122748  4.798  -87.321  -11.683 0.3000000119
122777  -2.439  -77.244  7.899 0.2000000030
122795  -3.052  -89.670  -7.796 0.8999999762
123012  16.217  -57.514  -7.328 0.6999999881
123038  -4.302  -76.649  -17.673 1.0000000000
123052  -0.274  -89.911  5.795 0.3000000119
123116  -4.539  -71.686  -10.470 0.8999999762
123250  1.373  -80.274  6.504 1.0000000000
123257  17.792  -67.418  -5.191 0.8999999762
123273  -2.966  -68.143  -14.075 0.2000000030
123301  -4.322  -69.384  -2.913 0.8999999762
123319  8.689  -88.419  -12.441 1.0000000000
123399  3.605  -74.641  -4.664 1.0000000000
123527  0.370  -70.414  -3.268 1.0000000000
123659  2.288  -88.940  -7.131 1.0000000000
123712  -1.480  -89.790  1.159 1.0000000000
123738  -3.485  -87.961  2.475 0.8000000119
123763  -2.781  -86.036  8.030 0.6000000238
123942  -4.055  -88.074  -0.604 1.0000000000
123965  9.580  -78.928  -1.301 1.0000000000
124027  -1.149  -63.448  0.477 0.6999999881
124103  1.533  -80.534  -10.620 1.0000000000
124106  1.716  -93.424  -3.175 0.8999999762
124141  -1.963  -78.274  -21.241 0.6999999881
124143  1.235  -79.367  -9.030 1.0000000000
124160  -0.303  -90.352  -4.640 1.0000000000
124166  11.948  -69.110  -1.155 1.0000000000
124278  -4.308  -67.438  -8.316 0.6000000238
124419  15.360  -94.502  -14.089 0.1000000015
124519  20.520  -62.072  -3.161 0.5000000000
124522  10.725  -86.278  -2.913 1.0000000000
124547  1.151  -67.554  -0.587 0.8000000119
124559  16.001  -87.784  -9.280 0.1000000015
124626  16.397  -93.422  -15.937 0.1000000015
124632  8.173  -96.586  -3.406 0.6000000238
124699  -2.973  -90.284  -11.523 0.6999999881
124721  -4.843  -70.577  -10.701 0.8999999762
124751  1.130  -64.540  -1.918 1.0000000000
124787  1.710  -91.738  -10.807 1.0000000000
124795  4.362  -77.787  -9.123 1.0000000000
124818  15.690  -94.962  5.653 0.1000000015
124838  6.922  -80.672  2.257 1.0000000000
124852  -4.138  -87.797  1.034 1.0000000000
124855  -1.419  -78.906  -1.914 1.0000000000
124911  -3.022  -85.522  -14.381 0.8999999762
124958  8.427  -97.085  -1.285 0.6000000238
125048  -3.189  -75.410  2.968 0.6999999881
125136  12.439  -60.398  -4.269 1.0000000000
125172  3.516  -75.489  3.128 1.0000000000
125300  3.132  -94.102  3.706 0.6999999881
125318  2.622  -60.021  1.675 0.6000000238
125365  -4.476  -75.180  -10.993 1.0000000000
125423  -1.322  -67.521  0.949 0.4000000060
125467  10.944  -86.356  -22.510 0.3000000119
125541  13.855  -94.403  6.153 0.1000000015
125600  -1.426  -89.815  -1.999 1.0000000000
125809  4.503  -77.707  -2.123 1.0000000000
125844  2.684  -92.008  4.501 0.6999999881
125884  1.025  -88.953  -0.270 0.6999999881
125906  3.195  -86.031  -6.738 1.0000000000
125934  3.140  -81.060  -0.811 1.0000000000
125935  -4.484  -74.317  -19.529 0.8000000119
125962  -3.798  -60.186  -4.102 0.2000000030
126012  11.756  -96.681  -10.003 0.5000000000
126028  -2.531  -86.811  6.783 0.6000000238
126063  2.025  -86.640  -6.723 1.0000000000
126074  -3.528  -63.497  -6.863 0.2000000030
126113  8.858  -91.265  -8.680 1.0000000000
126266  8.158  -91.856  -8.691 1.0000000000
126357  16.816  -68.371  -2.298 0.8999999762
126383  -3.155  -84.919  -13.112 0.8999999762
126434  4.634  -68.497  -1.058 1.0000000000
126522  5.936  -86.144  -21.384 0.8999999762
126537  5.313  -78.588  6.202 1.0000000000
126563  2.984  -91.497  -14.449 1.0000000000
126608  13.517  -95.649  0.574 0.3000000119
126618  9.663  -91.388  -12.973 1.0000000000
126691  1.458  -91.878  -8.450 1.0000000000
126726  -4.151  -75.990  1.245 0.8999999762
126734  10.419  -69.875  -4.834 1.0000000000
126742  2.795  -82.038  -4.220 1.0000000000
126774  -1.735  -89.006  4.284 0.3000000119
126795  -1.341  -78.648  -1.953 1.0000000000
126870  14.151  -92.587  -3.392 0.4000000060
126871  -4.082  -79.092  6.304 0.8999999762
126872  9.876  -70.415  -4.271 1.0000000000
127053  -3.014  -69.307  -16.903 0.5000000000
127076  9.924  -96.024  -2.683 0.4000000060
127089  9.713  -54.625  -8.624 0.6999999881
127178  -3.426  -79.497  -17.742 1.0000000000
127226  4.751  -88.527  -1.101 0.5000000000
127230  0.000  -88.494  -15.033 0.3000000119
127248  -3.054  -90.044  -8.268 0.8999999762
127325  4.162  -65.600  0.568 0.6000000238
127372  9.509  -95.881  -10.098 0.8999999762
127410  1.750  -85.998  -16.122 0.1000000015
127491  7.035  -96.290  4.635 0.8000000119
127497  5.976  -82.480  -7.219 1.0000000000
127559  10.341  -81.725  -3.494 1.0000000000
127612  1.267  -88.038  -6.730 1.0000000000
127620  -2.200  -84.733  -2.145 1.0000000000
127643  -2.624  -76.422  -6.816 1.0000000000
127661  -4.035  -72.508  -4.879 1.0000000000
127777  -2.757  -83.266  -19.396 0.6000000238
127816  -0.298  -76.194  -8.079 1.0000000000
127852  4.653  -82.750  -0.678 1.0000000000
127902  4.602  -94.644  2.650 0.8999999762
127907  -2.822  -74.178  -3.377 1.0000000000
127932  -3.461  -68.278  -14.147 0.2000000030
127966  6.635  -63.846  -1.245 1.0000000000
128015  -0.680  -89.651  5.718 0.3000000119
128046  8.847  -94.168  -1.043 1.0000000000
128064  4.351  -71.701  2.321 1.0000000000
128080  6.944  -88.275  -3.990 1.0000000000
128124  18.711  -90.280  -3.878 0.1000000015
128143  9.395  -93.172  -18.941 0.8999999762
128161  -1.879  -75.298  -3.396 1.0000000000
128190  2.462  -79.317  4.590 1.0000000000
128205  -1.390  -66.490  -4.915 0.1000000015
128220  6.263  -93.257  -13.763 1.0000000000
128274  8.388  -97.012  -0.391 0.6000000238
128302  11.235  -81.089  -5.667 1.0000000000
128359  -1.022  -75.383  -2.983 1.0000000000
128431  -2.727  -85.230  6.575 0.8000000119
